馬名,日付,場,R,4角,頭数,相対,着順,脚質
アイアムイブシギン,2026-03-10,大井,1,6,14,0.3846,13,先行
アイアムイブシギン,2026-03-24,大井,1,5,13,0.3333,5,先行
アイアムイブシギン,2026-04-15,大井,1,2,14,0.0769,2,差し
アイアムイブシギン,2026-04-30,大井,1,1,14,0.0,4,差し
アイアムイブシギン,2026-05-20,大井,2,3,11,0.2,3,差し
アイアムイブシギン,2026-06-11,大井,1,3,14,0.1538,6,差し
アイアムイブシギン,2026-07-22,大井,1,5,14,0.3077,4,差し
アイアムイブシギン,2026-08-16,大井,1,1,14,0.0,2,差し
アイアンサイズ,2026-02-18,大井,12,6,13,0.4167,13,差し
アイアンサイズ,2026-03-09,大井,8,4,7,0.5,7,差し
アイアンサイズ,2026-03-25,大井,7,4,8,0.4286,7,差し
アイアンサイズ,2026-04-29,大井,7,5,8,0.5714,8,差し
アイアンサイズ,2026-05-21,大井,11,6,13,0.4167,12,差し
アイアンバイブル,2026-01-16,大井,2,10,16,0.6,8,先行
アイアンバイブル,2026-04-16,大井,1,1,14,0.0,1,先行
アイアンバイブル,2026-04-27,大井,7,2,11,0.1,6,先行
アイアンバイブル,2026-05-18,大井,5,1,12,0.0,2,先行
アイサイト,2026-01-16,大井,3,4,11,0.3,5,先行
アイサイト,2026-03-27,大井,3,7,12,0.5455,12,先行
アイサイト,2026-09-02,大井,5,5,12,0.3636,12,差し
アイスリーディング,2026-01-12,大井,10,6,11,0.5,1,差し
アイスリーディング,2026-02-17,大井,12,7,16,0.4,5,差し
アイスリーディング,2026-03-27,大井,12,7,15,0.4286,6,差し
アイスリーディング,2026-04-15,大井,9,3,7,0.3333,2,差し
アイスリーディング,2026-05-22,大井,7,4,9,0.375,4,差し
アイスリーディング,2026-08-12,大井,10,8,14,0.5385,6,差し
アイズ,2026-05-20,大井,12,7,14,0.4615,3,差し
アイズ,2026-06-08,大井,11,8,16,0.4667,12,差し
アイズ,2026-06-29,大井,12,6,13,0.4167,7,差し
アイズ,2026-07-22,大井,9,5,7,0.6667,6,差し
アイズアフロディテ,2026-04-17,大井,1,8,13,0.5833,13,差し
アイズアフロディテ,2026-04-30,大井,1,7,14,0.4615,14,差し
アイズアフロディテ,2026-05-20,大井,1,6,13,0.4167,11,追込
アイズアフロディテ,2026-06-11,大井,2,10,13,0.75,12,追込
アイズアフロディテ,2026-07-03,大井,1,5,11,0.4,11,追込
アイズアフロディテ,2026-07-20,大井,2,11,15,0.7143,11,追込
アイズアフロディテ,2026-08-13,大井,1,8,12,0.6364,10,差し
アイズアフロディテ,2026-08-31,大井,1,7,13,0.5,11,差し
アイソタイプ,2026-01-15,大井,4,2,14,0.0769,5,先行
アイソタイプ,2026-02-19,大井,8,4,13,0.25,4,先行
アイソタイプ,2026-03-12,大井,7,3,11,0.2,2,差し
アイソタイプ,2026-04-17,大井,7,5,10,0.4444,4,差し
アイソタイプ,2026-05-01,大井,6,2,12,0.0909,5,差し
アイソタイプ,2026-05-22,大井,5,3,10,0.2222,8,差し
アイソタイプ,2026-06-12,大井,4,3,9,0.25,2,差し
アイトカコイトカ,2026-01-13,大井,1,11,13,0.8333,8,差し
アイトカコイトカ,2026-01-27,大井,2,8,14,0.5385,2,追込
アイトカコイトカ,2026-02-18,大井,2,8,13,0.5833,10,追込
アイトカコイトカ,2026-03-11,大井,1,12,14,0.8462,6,追込
アイトカコイトカ,2026-03-24,大井,1,11,13,0.8333,6,追込
アイトカコイトカ,2026-07-02,大井,1,5,14,0.3077,7,追込
アイトカコイトカ,2026-07-20,大井,1,5,14,0.3077,5,追込
アイトカコイトカ,2026-08-15,大井,1,1,12,0.0,5,追込
アイトカコイトカ,2026-08-31,大井,1,4,13,0.25,8,差し
アイドルショー,2026-01-13,大井,6,9,13,0.6667,9,先行
アイドルショー,2026-01-27,大井,6,4,11,0.3,6,先行
アイドルショー,2026-02-19,大井,6,5,14,0.3077,5,差し
アイビーサムライオ,2026-02-16,大井,8,3,13,0.1667,4,先行
アイビーサムライオ,2026-08-12,大井,10,1,14,0.0,2,先行
アイビーサムライオ,2026-09-03,大井,10,1,11,0.0,1,先行
アイビーブリザード,2026-01-12,大井,1,1,13,0.0,1,先行
アイビーブリザード,2026-04-15,大井,2,1,13,0.0,1,先行
アイビーブリザード,2026-04-27,大井,9,1,13,0.0,1,逃げ
アイビーブリザード,2026-05-19,大井,5,1,14,0.0,1,逃げ
アイビーマレンゴ,2026-01-12,大井,4,2,6,0.2,5,
アイビーマレンゴ,2026-01-26,大井,5,3,13,0.1667,2,差し
アイビーマレンゴ,2026-04-28,大井,5,8,14,0.5385,13,差し
アイリーズ,2026-03-25,大井,11,1,7,0.0,7,先行
アイリーズ,2026-04-13,大井,7,2,11,0.1,9,先行
アイリーズ,2026-04-29,大井,11,5,13,0.3333,12,逃げ
アイリーズ,2026-06-12,大井,10,4,14,0.2308,7,逃げ
アイルグラシュー,2026-05-18,大井,3,1,7,0.0,4,
アイルビリーヴ,2026-01-15,大井,10,5,12,0.3636,10,逃げ
アイルビリーヴ,2026-01-28,大井,9,4,9,0.375,7,先行
アイルビリーヴ,2026-02-16,大井,10,3,14,0.1538,12,差し
アイルビリーヴ,2026-03-25,大井,10,1,10,0.0,9,差し
アイルマジック,2026-01-28,大井,4,5,11,0.4,3,差し
アイルマジック,2026-02-20,大井,1,11,14,0.7692,5,差し
アイルマジック,2026-03-11,大井,4,8,14,0.5385,4,差し
アイルマジック,2026-03-26,大井,6,8,13,0.5833,4,差し
アイルマジック,2026-04-17,大井,3,6,14,0.3846,7,差し
アイルマジック,2026-04-30,大井,4,5,11,0.4,6,差し
アイルルイーズ,2026-04-28,大井,2,1,13,0.0,1,逃げ
アイルルイーズ,2026-05-18,大井,7,2,13,0.0833,2,逃げ
アイヲコメテ,2026-01-29,大井,6,1,9,0.0,5,先行
アイヲコメテ,2026-05-20,大井,8,1,11,0.0,2,先行
アイヲコメテ,2026-06-12,大井,5,4,14,0.2308,1,先行
アウスラフラッグ,2026-01-14,大井,2,4,15,0.2143,3,差し
アウスラフラッグ,2026-01-29,大井,1,1,12,0.0,8,差し
アウスラフラッグ,2026-02-19,大井,1,4,16,0.2,2,差し
アウスラフラッグ,2026-03-09,大井,12,3,14,0.1538,7,先行
アウスラフラッグ,2026-03-23,大井,9,8,13,0.5833,4,先行
アウスラフラッグ,2026-04-13,大井,12,6,14,0.3846,6,先行
アウスラフラッグ,2026-04-27,大井,9,3,13,0.1667,3,先行
アウトビアンキ,2026-01-16,大井,8,4,12,0.2727,6,差し
アウトビアンキ,2026-01-29,大井,12,7,14,0.4615,1,差し
アウトビアンキ,2026-02-19,大井,12,6,13,0.4167,6,差し
アウトビアンキ,2026-05-21,大井,12,6,14,0.3846,8,差し
アウトビアンキ,2026-06-10,大井,12,6,13,0.4167,10,差し
アウトビアンキ,2026-07-02,大井,10,1,12,0.0,1,差し
アウトビアンキ,2026-07-23,大井,12,4,12,0.2727,7,差し
アウトビアンキ,2026-08-12,大井,10,6,14,0.3846,7,差し
アウトレンジ,2026-07-01,大井,11,3,13,0.1667,2,先行
アウフヴィント,2026-04-17,大井,8,9,14,0.6154,13,逃げ
アウフヴィント,2026-05-01,大井,7,4,7,0.5,7,逃げ
アウフヴィント,2026-05-22,大井,5,7,10,0.6667,10,逃げ
アウフヴィント,2026-06-12,大井,4,5,9,0.5,7,差し
アウフヴィント,2026-07-03,大井,6,3,9,0.25,7,差し
アウフヴィント,2026-07-21,大井,6,1,13,0.0,5,差し
アウフヴィント,2026-08-14,大井,4,6,12,0.4545,11,差し
アウフヴィント,2026-09-02,大井,6,1,14,0.0,5,差し
アウン,2026-05-01,大井,5,4,5,0.75,5,
アウン,2026-06-09,大井,3,3,10,0.2222,6,差し
アウン,2026-06-30,大井,1,4,11,0.3,7,差し
アウン,2026-07-24,大井,2,3,5,0.5,2,差し
アウン,2026-08-17,大井,4,2,8,0.1429,6,差し
アエノジャッジ,2026-01-12,大井,8,6,13,0.4167,12,差し
アエノジャッジ,2026-01-26,大井,7,6,14,0.3846,6,差し
アエノジャッジ,2026-06-08,大井,8,2,12,0.0909,2,差し
アエノジャッジ,2026-06-30,大井,5,1,11,0.0,4,差し
アエノジャッジ,2026-07-23,大井,1,2,13,0.0833,2,先行
アエノジャッジ,2026-08-13,大井,6,2,12,0.0909,6,先行
アエノジャッジ,2026-08-31,大井,8,2,14,0.0769,3,先行
アエノデラクルーズ,2026-02-16,大井,5,3,13,0.1667,5,追込
アエノデラクルーズ,2026-03-09,大井,7,6,10,0.5556,9,差し
アエノホープ,2026-01-12,大井,7,5,13,0.3333,12,差し
アエノホープ,2026-01-26,大井,5,8,13,0.5833,10,差し
アエノホープ,2026-02-16,大井,3,4,11,0.3,6,差し
アエノホープ,2026-06-29,大井,2,4,14,0.2308,11,差し
アエノホープ,2026-07-20,大井,6,2,13,0.0833,9,差し
アオイコウキ,2026-01-14,大井,8,13,13,1.0,10,差し
アオイコウキ,2026-01-28,大井,9,7,9,0.75,4,追込
アオイコウキ,2026-02-16,大井,10,10,14,0.6923,8,追込
アオイコウキ,2026-03-11,大井,10,7,13,0.5,6,差し
アオイコウキ,2026-03-25,大井,10,8,10,0.7778,6,差し
アオイコウキ,2026-04-14,大井,12,2,14,0.0769,6,差し
アオイコウキ,2026-04-28,大井,12,7,13,0.5,10,差し
アオイコウキ,2026-05-18,大井,10,5,9,0.5,1,差し
アオイコウキ,2026-07-24,大井,8,6,12,0.4545,11,差し
アオイコウキ,2026-08-14,大井,8,9,16,0.5333,13,差し
アオイハナミチ,2026-01-27,大井,10,8,15,0.5,5,差し
アオイハナミチ,2026-02-20,大井,9,2,15,0.0714,4,差し
アオイフォトグラフ,2026-01-12,大井,10,8,11,0.7,6,差し
アオイフォトグラフ,2026-01-27,大井,10,9,15,0.5714,3,差し
アオイフォトグラフ,2026-02-18,大井,6,9,16,0.5333,11,差し
アオイフォトグラフ,2026-03-11,大井,6,6,12,0.4545,6,差し
アオイフォトグラフ,2026-03-25,大井,6,7,14,0.4615,13,差し
アオイフォトグラフ,2026-04-16,大井,5,8,14,0.5385,5,差し
アオイフォトグラフ,2026-04-29,大井,4,3,12,0.1818,2,差し
アオイフォトグラフ,2026-05-22,大井,6,4,12,0.2727,2,差し
アオイフォトグラフ,2026-06-12,大井,5,2,14,0.0769,10,差し
アオイフォトグラフ,2026-06-29,大井,7,5,11,0.4,6,差し
アオイフォトグラフ,2026-07-22,大井,6,3,14,0.1538,3,差し
アオイフォトグラフ,2026-08-12,大井,7,3,11,0.2,4,差し
アオゾラプール,2026-05-20,大井,4,2,14,0.0769,2,逃げ
アカノヘヤ,2026-08-13,大井,2,1,9,0.0,7,
アカノヘヤ,2026-09-02,大井,4,1,11,0.0,2,逃げ
アクアジェット,2026-01-29,大井,9,4,8,0.4286,4,差し
アクアジェット,2026-02-17,大井,8,6,10,0.5556,3,差し
アクアジェット,2026-03-12,大井,12,4,14,0.2308,4,差し
アクアジェット,2026-08-12,大井,6,4,12,0.2727,10,差し
アクロスフランケル,2026-04-13,大井,5,7,12,0.5455,9,追込
アクロスフランケル,2026-04-27,大井,4,9,11,0.8,9,追込
アクロスフランケル,2026-05-18,大井,1,6,12,0.4545,10,追込
アクロスフランケル,2026-06-08,大井,4,6,10,0.5556,9,追込
アサクサベリンダ,2026-06-29,大井,4,4,9,0.375,5,
アサクサベリンダ,2026-08-16,大井,3,2,10,0.1111,5,差し
アサネガミ,2026-03-27,大井,5,3,14,0.1538,13,差し
アサネガミ,2026-04-17,大井,7,5,10,0.4444,9,差し
アサネガミ,2026-05-22,大井,6,7,12,0.5455,11,差し
アサネガミ,2026-06-12,大井,6,8,12,0.6364,11,追込
アサネガミ,2026-07-03,大井,8,6,13,0.4167,9,差し
アサネガミ,2026-07-22,大井,6,8,14,0.5385,14,差し
アシセバイラ,2026-02-19,大井,10,11,14,0.7692,5,差し
アシセバイラ,2026-03-13,大井,3,9,12,0.7273,2,差し
アシセバイラ,2026-03-27,大井,5,7,14,0.4615,3,差し
アシセバイラ,2026-04-17,大井,8,3,14,0.1538,7,差し
アシセバイラ,2026-04-28,大井,9,3,10,0.2222,2,差し
アシセバイラ,2026-06-09,大井,8,5,11,0.4,2,差し
アシセバイラ,2026-06-30,大井,8,7,16,0.4,3,差し
アシセバイラ,2026-07-21,大井,9,6,12,0.4545,9,差し
アシャニンカ,2026-04-29,大井,9,5,14,0.3077,9,差し
アシャニンカ,2026-05-19,大井,8,2,9,0.125,3,差し
アシャニンカ,2026-06-10,大井,9,3,14,0.1538,2,差し
アシャニンカ,2026-07-01,大井,12,3,15,0.1429,6,差し
アシャニンカ,2026-07-23,大井,9,5,9,0.5,4,差し
アシャニンカ,2026-08-14,大井,8,5,16,0.2667,4,差し
アジアジェニファー,2026-04-15,大井,12,6,16,0.3333,13,差し
アジアジェニファー,2026-05-22,大井,7,7,9,0.75,9,差し
アジアジェニファー,2026-06-12,大井,7,6,11,0.5,10,差し
アジアジェニファー,2026-06-29,大井,12,2,13,0.0833,5,差し
アジアジェニファー,2026-07-22,大井,9,3,7,0.3333,7,差し
アジアジェニファー,2026-08-14,大井,10,2,9,0.125,6,差し
アジアジェニファー,2026-09-02,大井,12,4,12,0.2727,5,差し
アジアパテック,2026-03-13,大井,4,7,12,0.5455,9,差し
アジアパテック,2026-03-27,大井,5,2,14,0.0769,8,差し
アジアパテック,2026-04-17,大井,8,5,14,0.3077,10,差し
アジアパテック,2026-05-01,大井,7,4,7,0.5,3,差し
アジアパテック,2026-05-22,大井,6,6,12,0.4545,4,差し
アジアパテック,2026-06-09,大井,8,5,11,0.4,10,差し
アジアパテック,2026-06-29,大井,8,4,14,0.2308,14,差し
アジアパテック,2026-07-22,大井,6,5,14,0.3077,12,差し
アジアンゴールド,2026-02-18,大井,5,12,12,1.0,12,追込
アジアンゴールド,2026-03-11,大井,5,5,13,0.3333,12,追込
アジアンゴールド,2026-03-24,大井,8,8,12,0.6364,6,追込
アジアンゴールド,2026-04-14,大井,5,9,14,0.6154,13,追込
アジアンゴールド,2026-04-29,大井,5,6,11,0.5,8,追込
アジアンゴールド,2026-05-19,大井,5,7,14,0.4615,5,差し
アジアンゴールド,2026-06-09,大井,6,6,12,0.4545,3,差し
アジアンゴールド,2026-07-02,大井,8,6,13,0.4167,10,差し
アジアンゴールド,2026-07-20,大井,8,4,13,0.25,7,差し
アジアンゴールド,2026-08-13,大井,8,6,10,0.5556,6,差し
アジアンゴールド,2026-08-31,大井,8,5,14,0.3077,8,差し
アジアンビジョン,2026-04-30,大井,11,8,11,0.7,11,先行
アスコットミヤギ,2026-02-19,大井,4,3,11,0.2,1,差し
アスコットミヤギ,2026-03-13,大井,1,1,6,0.0,1,差し
アスコットミヤギ,2026-04-13,大井,7,2,11,0.1,3,先行
アスコットミヤギ,2026-07-20,大井,9,1,8,0.0,1,先行
アスコットミヤギ,2026-08-13,大井,9,2,15,0.0714,10,先行
アスコットミヤギ,2026-08-31,大井,12,2,15,0.0714,3,先行
アスタールテニウム,2026-04-16,大井,10,7,14,0.4615,5,先行
アストラルゲート,2026-01-29,大井,4,2,12,0.0909,1,差し
アストラルゲート,2026-05-01,大井,3,2,9,0.125,2,先行
アストラルゲート,2026-06-12,大井,10,5,14,0.3077,11,先行
アストラルゲート,2026-07-21,大井,8,2,11,0.1,5,先行
アストラン,2026-01-13,大井,1,9,13,0.6667,13,差し
アストラン,2026-01-27,大井,1,9,14,0.6154,7,差し
アストラン,2026-02-17,大井,1,11,15,0.7143,11,差し
アストラン,2026-03-23,大井,2,2,14,0.0769,3,差し
アストラン,2026-04-15,大井,1,8,14,0.5385,9,差し
アストラン,2026-04-28,大井,1,4,11,0.3,9,差し
アストラン,2026-05-19,大井,1,3,13,0.1667,5,差し
アストラン,2026-06-10,大井,1,7,14,0.4615,10,差し
アストラン,2026-07-02,大井,1,7,14,0.4615,10,差し
アストラン,2026-07-20,大井,1,6,14,0.3846,10,差し
アスフォデロース,2026-03-23,大井,12,3,13,0.1667,4,先行
アスフォデロース,2026-04-14,大井,5,3,14,0.1538,10,差し
アスフォデロース,2026-04-28,大井,7,2,14,0.0769,6,差し
アスフォデロース,2026-06-09,大井,6,1,12,0.0,1,差し
アスフォデロース,2026-07-21,大井,7,2,13,0.0833,4,差し
アスフォデロース,2026-08-14,大井,5,5,14,0.3077,14,先行
アスフォデロース,2026-08-31,大井,10,5,15,0.2857,14,先行
アズキング,2026-01-13,大井,5,8,14,0.5385,14,差し
アズキング,2026-04-28,大井,4,7,12,0.5455,4,差し
アズキング,2026-05-21,大井,2,6,14,0.3846,4,差し
アズキング,2026-06-10,大井,3,4,11,0.3,9,差し
アズキング,2026-07-01,大井,2,6,13,0.4167,7,差し
アズキング,2026-07-22,大井,3,6,14,0.3846,13,差し
アズキング,2026-08-13,大井,4,9,14,0.6154,9,差し
アソス,2026-01-16,大井,2,12,16,0.7333,13,差し
アソス,2026-01-29,大井,3,9,13,0.6667,8,差し
アソス,2026-02-19,大井,1,10,16,0.6,14,差し
アソス,2026-03-11,大井,2,6,12,0.4545,2,差し
アソス,2026-03-26,大井,2,10,13,0.75,7,差し
アソス,2026-04-16,大井,3,6,11,0.5,2,差し
アソス,2026-04-27,大井,8,7,14,0.4615,3,差し
アソス,2026-05-18,大井,7,7,13,0.5,4,差し
アソス,2026-06-08,大井,8,5,12,0.3636,10,差し
アソス,2026-06-30,大井,6,8,14,0.5385,4,差し
アソス,2026-07-23,大井,2,10,16,0.6,10,差し
アソス,2026-08-17,大井,2,6,14,0.3846,11,差し
アタックオフェール,2026-04-13,大井,5,1,12,0.0,1,差し
アタックオフェール,2026-04-30,大井,3,4,10,0.3333,5,先行
アタックオフェール,2026-05-22,大井,1,3,13,0.1667,3,先行
アダマスネロ,2026-01-15,大井,7,10,10,1.0,8,追込
アダマスネロ,2026-01-30,大井,7,10,10,1.0,9,追込
アダラズプレイヤー,2026-03-26,大井,10,4,14,0.2308,8,差し
アッティラ,2026-05-20,大井,12,8,14,0.5385,4,追込
アッティラ,2026-06-12,大井,7,6,11,0.5,8,追込
アッティラ,2026-06-29,大井,12,7,13,0.5,6,差し
アデニウム,2026-01-12,大井,2,10,13,0.75,10,差し
アデニウム,2026-01-27,大井,1,11,14,0.7692,12,差し
アトラスライズ,2026-01-14,大井,9,3,10,0.2222,1,差し
アトラスライズ,2026-01-30,大井,12,7,13,0.5,8,差し
アトラスライズ,2026-02-18,大井,8,8,14,0.5385,10,差し
アトラスライズ,2026-03-13,大井,10,12,13,0.9167,12,差し
アトラスライズ,2026-03-27,大井,9,10,10,1.0,7,差し
アトランティス,2026-05-20,大井,7,3,9,0.25,8,逃げ
アトランティス,2026-07-23,大井,12,5,12,0.3636,8,差し
アトランティス,2026-08-15,大井,5,4,5,0.75,5,差し
アトレーヴフェイス,2026-06-30,大井,11,8,16,0.4667,11,先行
アドバンスミヤギ,2026-06-29,大井,3,3,8,0.2857,1,
アドマイヤエイジア,2026-04-13,大井,9,2,12,0.0909,1,差し
アドマイヤエイジア,2026-04-30,大井,10,3,15,0.1429,2,差し
アドマイヤエイジア,2026-05-22,大井,11,3,12,0.1818,3,差し
アドリビタム,2026-01-13,大井,12,1,16,0.0,9,先行
アドリビタム,2026-01-26,大井,9,2,11,0.1,3,先行
アドリビタム,2026-04-14,大井,5,1,14,0.0,2,先行
アドリビタム,2026-04-28,大井,7,2,14,0.0769,3,逃げ
アドリビタム,2026-05-20,大井,10,1,12,0.0,4,先行
アドリビタム,2026-06-11,大井,8,1,13,0.0,9,先行
アドレニコル,2026-01-14,大井,4,8,13,0.5833,9,差し
アネラカイカマヒネ,2026-05-19,大井,3,1,12,0.0,3,逃げ
アネラカイカマヒネ,2026-06-10,大井,2,1,14,0.0,6,逃げ
アネラカイカマヒネ,2026-07-02,大井,2,1,11,0.0,5,逃げ
アネラカイカマヒネ,2026-07-20,大井,2,1,15,0.0,4,逃げ
アネラカイカマヒネ,2026-08-15,大井,2,1,14,0.0,2,逃げ
アネラリノ,2026-01-13,大井,6,12,13,0.9167,7,差し
アネラリノ,2026-01-27,大井,6,9,11,0.8,4,差し
アネラリノ,2026-03-11,大井,4,13,14,0.9231,11,差し
アネラリノ,2026-03-24,大井,5,2,9,0.125,4,差し
アネラリノ,2026-04-15,大井,4,6,10,0.5556,9,差し
アネラリノ,2026-04-28,大井,4,8,12,0.6364,7,差し
アバンギャルド,2026-04-28,大井,7,7,14,0.4615,4,追込
アバンギャルド,2026-05-19,大井,5,3,14,0.1538,2,差し
アバンギャルド,2026-06-11,大井,9,5,14,0.3077,4,差し
アバンギャルド,2026-07-02,大井,8,5,13,0.3333,12,差し
アヒレウス,2026-01-13,大井,4,11,16,0.6667,4,差し
アヒレウス,2026-01-28,大井,4,7,11,0.6,10,差し
アヒレウス,2026-02-19,大井,6,10,14,0.6923,9,差し
アヒレウス,2026-03-10,大井,3,3,9,0.25,6,差し
アヒレウス,2026-03-24,大井,5,1,9,0.0,2,差し
アヒレウス,2026-04-15,大井,3,4,10,0.3333,9,差し
アヒレウス,2026-04-30,大井,3,7,10,0.6667,8,差し
アフターレヴュー,2026-01-16,大井,9,7,12,0.5455,3,先行
アフターレヴュー,2026-04-16,大井,9,4,16,0.2,8,差し
アフターレヴュー,2026-04-30,大井,8,5,10,0.4444,5,差し
アフターレヴュー,2026-05-21,大井,7,4,11,0.3,4,差し
アフターレヴュー,2026-06-12,大井,12,2,13,0.0833,3,差し
アフターレヴュー,2026-07-01,大井,8,3,14,0.1538,5,差し
アフターレヴュー,2026-07-24,大井,12,5,9,0.5,3,差し
アフターレヴュー,2026-08-16,大井,7,2,11,0.1,10,差し
アフリカンビート,2026-01-13,大井,2,7,15,0.4286,4,差し
アフリカンビート,2026-01-28,大井,1,5,12,0.3636,2,差し
アフリカンビート,2026-02-18,大井,1,5,12,0.3636,4,差し
アフリカンビート,2026-03-12,大井,2,7,13,0.5,8,差し
アフリカンビート,2026-03-26,大井,2,10,13,0.75,4,差し
アフリカンビート,2026-04-16,大井,2,5,11,0.4,7,差し
アフリカンビート,2026-04-29,大井,2,8,13,0.5833,6,差し
アフリカンビート,2026-05-20,大井,2,4,11,0.3,2,差し
アフリカンビート,2026-06-08,大井,8,4,12,0.2727,7,差し
アフリカンビート,2026-06-30,大井,5,4,11,0.3,3,差し
アフリカンビート,2026-07-23,大井,2,6,16,0.3333,5,差し
アフリカンビート,2026-08-17,大井,2,5,14,0.3077,5,差し
アフロアリソン,2026-01-13,大井,5,2,14,0.0769,3,差し
アフロステラ,2026-01-26,大井,5,1,13,0.0,1,差し
アフロステラ,2026-04-15,大井,5,1,14,0.0,1,差し
アフロステラ,2026-07-03,大井,5,1,11,0.0,8,先行
アフロッチ,2026-06-08,大井,2,1,10,0.0,1,
アフロッチ,2026-07-22,大井,3,3,14,0.1538,14,逃げ
アフロッチ,2026-08-13,大井,5,5,14,0.3077,1,先行
アフロライデル,2026-03-13,大井,9,8,14,0.5385,7,差し
アフロライデル,2026-03-27,大井,8,1,11,0.0,5,差し
アフロライデル,2026-04-16,大井,8,1,12,0.0,6,先行
アフロライデル,2026-04-29,大井,8,3,14,0.1538,2,先行
アフロライデル,2026-05-21,大井,6,3,12,0.1818,5,先行
アフロライデル,2026-06-12,大井,12,2,13,0.0833,7,差し
アフロライデル,2026-07-01,大井,12,3,15,0.1429,7,差し
アフロライデル,2026-07-22,大井,12,7,11,0.6,7,差し
アベニンスマイル,2026-01-12,大井,11,1,9,0.0,5,逃げ
アベニンスマイル,2026-02-19,大井,12,1,13,0.0,3,逃げ
アベニンスマイル,2026-03-10,大井,6,2,6,0.2,1,逃げ
アベニンスマイル,2026-03-24,大井,11,2,16,0.0667,11,逃げ
アベニンスマイル,2026-05-20,大井,12,2,14,0.0769,1,先行
アボーイ,2026-08-31,大井,4,3,6,0.4,3,
アポロリヤム,2026-01-16,大井,11,5,11,0.4,5,差し
アポロリヤム,2026-01-27,大井,11,9,13,0.6667,8,差し
アポロリヤム,2026-02-20,大井,11,8,15,0.5,7,差し
アポロリヤム,2026-03-11,大井,11,10,12,0.8182,9,差し
アポロリヤム,2026-03-24,大井,11,14,16,0.8667,6,差し
アポロリヤム,2026-04-15,大井,12,10,16,0.6,7,差し
アポロリヤム,2026-05-01,大井,12,10,16,0.6,9,差し
アポロリヤム,2026-05-21,大井,8,6,10,0.5556,9,差し
アポロリヤム,2026-06-11,大井,7,8,11,0.7,10,差し
アポロリヤム,2026-06-29,大井,10,6,11,0.5,8,追込
アポロリヤム,2026-07-21,大井,11,4,13,0.25,3,差し
アポロリヤム,2026-08-13,大井,10,5,14,0.3077,10,差し
アポロリヤム,2026-09-02,大井,12,4,12,0.2727,1,差し
アミフジモアナ,2026-03-25,大井,10,1,10,0.0,10,先行
アミフジモアナ,2026-04-28,大井,12,2,13,0.0833,1,先行
アミフジモアナ,2026-05-18,大井,12,9,14,0.6154,12,先行
アミフジモアナ,2026-06-12,大井,9,2,14,0.0769,9,先行
アミフジモアナ,2026-07-01,大井,12,3,15,0.1429,11,先行
アミフジモアナ,2026-07-22,大井,12,8,11,0.7,9,先行
アミフジモアナ,2026-08-14,大井,8,1,16,0.0,14,差し
アメアガリ,2026-01-12,大井,3,13,15,0.8571,13,差し
アメアガリ,2026-01-26,大井,2,12,13,0.9167,12,差し
アメアガリ,2026-02-16,大井,2,4,12,0.2727,9,差し
アメアガリ,2026-03-09,大井,2,9,12,0.7273,11,差し
アメアガリ,2026-03-23,大井,2,11,14,0.7692,14,差し
アメシスト,2026-01-27,大井,8,10,14,0.6923,14,差し
アメシスト,2026-02-18,大井,3,3,14,0.1538,14,差し
アメシスト,2026-06-09,大井,5,2,11,0.1,9,差し
アメシスト,2026-07-01,大井,4,6,14,0.3846,4,差し
アメシスト,2026-07-20,大井,7,3,10,0.2222,6,差し
アメシスト,2026-08-13,大井,6,5,12,0.3636,5,差し
アメジストハート,2026-01-29,大井,11,6,11,0.5,11,逃げ
アメジストハート,2026-02-20,大井,5,4,13,0.25,4,先行
アメジストハート,2026-03-13,大井,7,8,10,0.7778,10,先行
アメジストハート,2026-04-17,大井,3,8,14,0.5385,13,差し
アメジストハート,2026-05-01,大井,2,6,13,0.4167,12,差し
アメジストハート,2026-05-22,大井,4,2,16,0.0667,15,差し
アメジストハート,2026-06-11,大井,3,7,9,0.75,9,差し
アメジストハート,2026-07-02,大井,5,8,16,0.4667,15,差し
アメジストハート,2026-07-23,大井,5,2,16,0.0667,14,差し
アメジストハート,2026-08-14,大井,2,6,16,0.3333,13,先行
アメージングビュー,2026-01-13,大井,8,4,12,0.2727,2,差し
アメージングビュー,2026-01-27,大井,8,9,14,0.6154,4,差し
アメージングビュー,2026-02-18,大井,3,6,14,0.3846,7,差し
アメージングビュー,2026-03-10,大井,7,2,12,0.0909,1,差し
アメージングビュー,2026-03-23,大井,10,5,9,0.5,4,差し
アメージングビュー,2026-06-12,大井,4,5,9,0.5,6,差し
アメージングヨシノ,2026-06-29,大井,2,2,14,0.0769,3,差し
アメージングヨシノ,2026-07-21,大井,3,3,14,0.1538,2,差し
アメージングヨシノ,2026-08-13,大井,5,8,14,0.5385,8,差し
アヤサンジョウタロ,2026-02-18,大井,11,3,16,0.1333,6,差し
アヤサンジョウタロ,2026-04-29,大井,11,3,13,0.1667,9,差し
アヤサンジョウタロ,2026-06-12,大井,10,8,14,0.5385,3,差し
アヤサンドリーム,2026-01-16,大井,6,2,13,0.0833,12,差し
アヤサンドリーム,2026-01-30,大井,7,3,10,0.2222,4,差し
アヤサンドリーム,2026-02-20,大井,9,8,15,0.5,6,先行
アヤサンドリーム,2026-03-13,大井,6,8,14,0.5385,6,先行
アヤサンドリーム,2026-03-27,大井,6,13,14,0.9231,11,差し
アヤサンミニサンタ,2026-06-29,大井,3,2,8,0.1429,7,
アユツリー,2026-01-15,大井,10,10,12,0.8182,12,差し
アユツリー,2026-01-28,大井,9,5,9,0.5,9,差し
アラジニース,2026-01-14,大井,1,7,13,0.5,12,差し
アラジニース,2026-01-28,大井,1,11,12,0.9091,11,差し
アリアケグレイト,2026-04-30,大井,3,8,10,0.7778,10,差し
アリアケグレイト,2026-05-22,大井,1,8,13,0.5833,10,追込
アリアケグレイト,2026-06-11,大井,4,8,14,0.5385,10,追込
アリアケグレイト,2026-07-02,大井,4,7,13,0.5,8,追込
アリアケグレイト,2026-07-22,大井,3,5,14,0.3077,4,追込
アリアケグレイト,2026-08-17,大井,7,5,12,0.3636,11,追込
アリステア,2026-04-30,大井,12,4,14,0.2308,13,先行
アリステア,2026-07-23,大井,7,5,12,0.3636,4,先行
アリステア,2026-08-16,大井,10,1,13,0.0,2,先行
アリダンジェロ,2026-01-12,大井,8,8,13,0.5833,6,差し
アリダンジェロ,2026-01-26,大井,6,11,12,0.9091,12,差し
アリダンジェロ,2026-02-16,大井,6,4,13,0.25,10,差し
アリダンジェロ,2026-03-09,大井,9,2,14,0.0769,6,差し
アリダンジェロ,2026-03-23,大井,6,9,12,0.7273,8,差し
アリダンジェロ,2026-04-13,大井,8,6,12,0.4545,11,差し
アリダンジェロ,2026-04-27,大井,9,7,13,0.5,7,差し
アリダンジェロ,2026-05-18,大井,7,8,13,0.5833,9,差し
アリダンジェロ,2026-06-08,大井,7,7,12,0.5455,11,差し
アリダンジェロ,2026-06-30,大井,4,7,10,0.6667,9,差し
アリーバ,2026-03-13,大井,3,10,12,0.8182,12,追込
アリーバ,2026-03-27,大井,5,11,14,0.7692,11,追込
アリーバ,2026-04-17,大井,8,10,14,0.6923,12,追込
アリーバ,2026-04-28,大井,9,2,10,0.1111,5,追込
アリーバ,2026-06-11,大井,12,4,11,0.3,5,追込
アリーバ,2026-06-29,大井,8,9,14,0.6154,11,追込
アリーバ,2026-07-22,大井,6,5,14,0.3077,5,追込
アルティメットサガ,2026-08-15,大井,9,6,14,0.3846,11,差し
アルティメットサガ,2026-09-04,大井,11,5,13,0.3333,9,差し
アルデショワ,2026-02-20,大井,11,1,15,0.0,15,先行
アルデフォックス,2026-01-16,大井,6,10,13,0.75,8,逃げ
アルデフォックス,2026-01-30,大井,7,6,10,0.5556,8,逃げ
アルデフォックス,2026-05-01,大井,6,5,12,0.3636,10,逃げ
アルデフォックス,2026-05-22,大井,5,2,10,0.1111,9,先行
アルデフォックス,2026-06-12,大井,5,2,14,0.0769,6,先行
アルデフォックス,2026-07-03,大井,8,3,13,0.1667,12,差し
アルデフォックス,2026-07-22,大井,7,6,13,0.4167,5,先行
アルデフォックス,2026-08-17,大井,10,6,12,0.4545,5,先行
アルピニスト,2026-06-10,大井,9,5,14,0.3077,7,追込
アルピニスト,2026-06-30,大井,8,9,16,0.5333,7,追込
アルピニスト,2026-07-21,大井,9,6,12,0.4545,6,追込
アルピニスト,2026-08-12,大井,8,6,13,0.4167,8,差し
アルマヴィーナス,2026-01-14,大井,7,2,12,0.0909,1,差し
アルマヴィーナス,2026-01-29,大井,7,7,14,0.4615,2,差し
アルマヴィーナス,2026-02-20,大井,8,1,13,0.0,3,差し
アルマヴィーナス,2026-04-17,大井,9,1,14,0.0,1,差し
アルマヴィーナス,2026-04-29,大井,9,4,14,0.2308,7,先行
アルマヴィーナス,2026-05-18,大井,12,3,14,0.1538,3,先行
アルマヴィーナス,2026-06-10,大井,9,2,14,0.0769,4,先行
アルマヴィーナス,2026-06-30,大井,8,4,16,0.2,13,先行
アルミンテソーロ,2026-01-16,大井,8,1,12,0.0,3,差し
アルミンテソーロ,2026-01-30,大井,8,1,13,0.0,1,差し
アルミンテソーロ,2026-02-17,大井,12,4,16,0.2,12,先行
アルミンテソーロ,2026-07-24,大井,11,3,16,0.1333,16,先行
アルミンテソーロ,2026-08-12,大井,10,4,14,0.2308,11,先行
アルムラトゥール,2026-07-20,大井,11,1,7,0.0,2,差し
アルムラトゥール,2026-08-16,大井,9,1,9,0.0,1,先行
アレアラミア,2026-05-01,大井,10,4,10,0.3333,7,差し
アレアラミア,2026-05-18,大井,11,3,11,0.2,4,差し
アレアラミア,2026-06-11,大井,10,4,14,0.2308,6,差し
アレアラミア,2026-06-30,大井,10,6,12,0.4545,10,差し
アレグランサ,2026-01-28,大井,8,2,14,0.0769,3,先行
アレグランサ,2026-02-17,大井,8,7,10,0.6667,9,先行
アレグランサ,2026-03-10,大井,10,4,10,0.3333,8,先行
アレグランサ,2026-03-24,大井,12,1,13,0.0,3,先行
アレグランサ,2026-04-14,大井,7,1,10,0.0,1,先行
アレグランサ,2026-04-29,大井,10,2,15,0.0714,3,先行
アレグランサ,2026-05-18,大井,11,1,11,0.0,5,先行
アレグランサ,2026-06-11,大井,10,3,14,0.1538,11,先行
アレグランサ,2026-08-13,大井,7,1,8,0.0,2,先行
アレグランサ,2026-08-31,大井,12,1,15,0.0,2,逃げ
アレグリーニ,2026-01-14,大井,7,10,12,0.8182,7,差し
アレグリーニ,2026-01-28,大井,6,10,12,0.8182,9,差し
アレグリーニ,2026-02-18,大井,4,13,14,0.9231,13,差し
アレゴウドウレモン,2026-02-17,大井,10,10,13,0.75,13,追込
アレゴウドウレモン,2026-04-14,大井,9,9,10,0.8889,10,追込
アレスエルピーダ,2026-04-27,大井,12,2,12,0.0909,2,差し
アレスエルピーダ,2026-06-12,大井,7,3,11,0.2,4,差し
アレスグート,2026-01-14,大井,12,2,14,0.0769,1,先行
アレスグート,2026-02-16,大井,11,15,16,0.9333,13,先行
アレスグート,2026-03-09,大井,8,3,7,0.3333,2,先行
アレスグート,2026-04-14,大井,11,2,11,0.1,2,先行
アレスグート,2026-05-01,大井,11,3,10,0.2222,2,先行
アレスグート,2026-05-19,大井,11,5,10,0.4444,3,差し
アレスグート,2026-08-16,大井,9,1,9,0.0,2,差し
アレンパ,2026-01-26,大井,12,9,15,0.5714,3,差し
アレンパ,2026-02-19,大井,7,6,9,0.625,3,差し
アレンパ,2026-03-26,大井,12,9,13,0.6667,11,差し
アレンパ,2026-04-16,大井,10,6,14,0.3846,11,差し
アロハフリューゲル,2026-01-28,大井,4,3,11,0.2,2,差し
アロハフリューゲル,2026-03-26,大井,6,5,13,0.3333,3,差し
アンジュパラディ,2026-01-14,大井,10,9,15,0.5714,5,差し
アンジュパラディ,2026-03-24,大井,10,8,14,0.5385,11,差し
アンジュルナ,2026-04-30,大井,11,1,11,0.0,2,先行
アンタンシオン,2026-05-22,大井,9,1,10,0.0,5,差し
アンナネーヴェ,2026-01-15,大井,1,8,12,0.6364,12,差し
アンナネーヴェ,2026-01-28,大井,2,5,14,0.3077,9,追込
アンニンドウフ,2026-01-16,大井,10,10,11,0.9,7,追込
アンニンドウフ,2026-01-29,大井,12,11,14,0.7692,10,追込
アンニンドウフ,2026-02-18,大井,8,12,14,0.8462,12,追込
アンニンドウフ,2026-03-12,大井,12,6,14,0.3846,13,追込
アンニンドウフ,2026-03-27,大井,8,8,11,0.7,8,追込
アンニンドウフ,2026-04-16,大井,7,7,11,0.6,5,追込
アンニンドウフ,2026-04-30,大井,12,5,14,0.3077,11,追込
アンニンドウフ,2026-05-21,大井,5,4,14,0.2308,13,追込
アンニンドウフ,2026-06-12,大井,9,7,14,0.4615,13,差し
アンニンドウフ,2026-07-01,大井,8,7,14,0.4615,11,差し
アンニンドウフ,2026-07-22,大井,12,9,11,0.8,11,差し
アンパオ,2026-01-13,大井,2,12,15,0.7857,9,差し
アンパオ,2026-01-27,大井,1,6,14,0.3846,6,差し
アンパオ,2026-02-17,大井,1,8,15,0.5,10,差し
アンパオ,2026-03-10,大井,2,6,13,0.4167,7,差し
アンパオ,2026-03-23,大井,3,7,13,0.5,8,差し
アンパオ,2026-04-15,大井,2,4,13,0.25,9,差し
アンパオ,2026-04-27,大井,1,7,14,0.4615,13,差し
アンパオ,2026-05-19,大井,2,7,12,0.5455,9,差し
アンパオ,2026-06-10,大井,2,7,14,0.4615,11,差し
アンパンタイム,2026-01-12,大井,4,4,6,0.6,4,
アンパンタイム,2026-01-27,大井,3,3,11,0.2,3,差し
アンパンタイム,2026-02-17,大井,3,1,13,0.0,4,差し
アンパンタイム,2026-03-10,大井,5,2,14,0.0769,1,先行
アンパンタイム,2026-07-03,大井,5,3,11,0.2,11,先行
アンパンタイム,2026-08-15,大井,7,8,16,0.4667,15,先行
アンフォラ,2026-03-23,大井,11,4,13,0.25,9,先行
アンフォラ,2026-04-29,大井,12,5,16,0.2667,14,先行
アンフォラ,2026-05-19,大井,12,3,16,0.1333,13,差し
アンフォラ,2026-06-10,大井,10,8,14,0.5385,12,差し
アンフォラ,2026-06-30,大井,9,2,9,0.125,8,差し
アンブロジアーナ,2026-01-13,大井,10,11,13,0.8333,9,追込
アンモニャイト,2026-01-12,大井,10,7,11,0.6,9,差し
アンモニャイト,2026-01-29,大井,9,6,8,0.7143,8,差し
アンモニャイト,2026-02-17,大井,9,6,12,0.4545,8,差し
アンモニャイト,2026-03-11,大井,10,6,13,0.4167,11,差し
アンモニャイト,2026-03-27,大井,3,6,12,0.4545,4,差し
アンモニャイト,2026-04-15,大井,10,8,14,0.5385,12,差し
アンモニャイト,2026-04-29,大井,6,4,13,0.25,8,差し
アンモニャイト,2026-05-19,大井,6,4,14,0.2308,8,差し
アンモニャイト,2026-06-10,大井,8,2,12,0.0909,6,差し
アンモニャイト,2026-06-30,大井,7,7,11,0.6,8,差し
アンモニャイト,2026-07-24,大井,8,7,12,0.5455,5,差し
アンモニャイト,2026-08-12,大井,8,3,13,0.1667,5,差し
アークルージエ,2026-03-10,大井,5,4,14,0.2308,3,差し
アークルージエ,2026-03-25,大井,3,6,14,0.3846,5,差し
アークルージエ,2026-04-15,大井,5,3,14,0.1538,3,差し
アークルージエ,2026-04-30,大井,4,4,11,0.3,5,差し
アークルージエ,2026-05-22,大井,2,3,15,0.1429,4,差し
アークルージエ,2026-06-11,大井,5,2,14,0.0769,11,差し
アークルージエ,2026-07-02,大井,5,6,16,0.3333,9,差し
アークルージエ,2026-07-23,大井,5,6,16,0.3333,9,差し
アークルージエ,2026-08-14,大井,2,10,16,0.6,15,差し
アースグラビティ,2026-03-26,大井,3,8,14,0.5385,11,先行
アースグラビティ,2026-04-16,大井,3,3,11,0.2,8,先行
アーススピリット,2026-01-12,大井,12,14,16,0.8667,9,差し
アーススピリット,2026-01-26,大井,10,2,13,0.0833,4,差し
アーススピリット,2026-02-17,大井,12,5,16,0.2667,6,差し
アーススピリット,2026-03-13,大井,12,3,9,0.25,3,差し
アーススピリット,2026-03-27,大井,12,4,15,0.2143,3,差し
アーススピリット,2026-04-27,大井,12,6,12,0.4545,6,差し
アーススピリット,2026-05-18,大井,11,5,11,0.4,7,差し
アーススピリット,2026-06-11,大井,10,5,14,0.3077,10,差し
アーススピリット,2026-07-21,大井,12,7,16,0.4,7,差し
アーススピリット,2026-08-16,大井,5,5,9,0.5,5,差し
アーススピリット,2026-08-31,大井,12,3,15,0.1429,8,差し
アースフレンドリー,2026-01-12,大井,6,12,14,0.8462,14,追込
アースフレンドリー,2026-01-26,大井,5,10,13,0.75,12,追込
アースフレンドリー,2026-02-16,大井,3,9,11,0.8,4,追込
アースフレンドリー,2026-03-09,大井,6,14,14,1.0,14,差し
アースフレンドリー,2026-03-24,大井,4,11,11,1.0,5,追込
アースフレンドリー,2026-04-13,大井,6,8,10,0.7778,5,差し
アースフレンドリー,2026-04-27,大井,6,6,14,0.3846,2,差し
アースフレンドリー,2026-05-21,大井,3,11,16,0.6667,9,差し
アースフレンドリー,2026-06-10,大井,4,9,14,0.6154,9,差し
アースフレンドリー,2026-07-01,大井,3,7,11,0.6,7,差し
アースフレンドリー,2026-07-21,大井,3,8,14,0.5385,6,差し
アースフレンドリー,2026-08-13,大井,5,9,14,0.6154,7,差し
アーチフライト,2026-01-12,大井,2,2,13,0.0833,4,差し
アーチフライト,2026-01-26,大井,1,3,11,0.2,8,差し
アーチフライト,2026-02-16,大井,1,12,16,0.7333,7,差し
アートコレクション,2026-01-29,大井,10,11,15,0.7143,10,差し
アートコレクション,2026-02-17,大井,8,2,10,0.1111,7,差し
アートコレクション,2026-03-13,大井,9,9,14,0.6154,12,差し
アーメダバード,2026-01-12,大井,5,6,7,0.8333,6,
アーメダバード,2026-02-16,大井,5,10,13,0.75,6,差し
アーメダバード,2026-03-23,大井,5,1,14,0.0,1,差し
アーメダバード,2026-04-15,大井,5,2,14,0.0769,4,先行
アーメダバード,2026-08-13,大井,4,11,14,0.7692,14,先行
アーメダバード,2026-09-02,大井,2,11,16,0.6667,16,差し
イイデテッシン,2026-02-16,大井,2,1,12,0.0,1,先行
イイデテッシン,2026-03-26,大井,1,3,13,0.1667,1,逃げ
イイデテッシン,2026-05-22,大井,9,1,10,0.0,1,先行
イエスウィズキャン,2026-01-15,大井,9,8,12,0.6364,3,追込
イエスウィズキャン,2026-01-29,大井,9,2,8,0.1429,1,追込
イエスウィズキャン,2026-02-16,大井,12,1,13,0.0,1,差し
イエスウィズキャン,2026-03-27,大井,12,2,15,0.0714,1,差し
イエスウィズキャン,2026-04-15,大井,9,2,7,0.1667,3,差し
イエスウィズキャン,2026-05-22,大井,11,2,12,0.0909,2,差し
イエスウィズキャン,2026-06-11,大井,7,4,11,0.3,6,差し
イエスウィズキャン,2026-06-30,大井,12,5,12,0.3636,7,差し
イエローブリック,2026-04-16,大井,10,3,14,0.1538,8,差し
イオリ,2026-07-01,大井,5,7,14,0.4615,5,差し
イオリ,2026-07-20,大井,10,4,14,0.2308,8,差し
イオリ,2026-08-13,大井,8,5,10,0.4444,9,差し
イオリ,2026-08-31,大井,10,7,15,0.4286,4,差し
イクノエイトナイン,2026-04-13,大井,10,3,13,0.1667,13,差し
イクノエイトナイン,2026-04-27,大井,7,6,11,0.5,11,差し
イクノエイトナイン,2026-05-18,大井,6,11,14,0.7692,10,差し
イクノエイトナイン,2026-06-08,大井,8,2,12,0.0909,11,差し
イクノエイトナイン,2026-06-30,大井,6,5,14,0.3077,11,先行
イクノエイトナイン,2026-07-23,大井,2,9,16,0.5333,13,差し
イグザルト,2026-03-10,大井,11,10,16,0.6,6,差し
イグザルト,2026-04-15,大井,11,9,14,0.6154,8,差し
イケノギャルチャン,2026-01-13,大井,1,5,13,0.3333,3,差し
イケノギャルチャン,2026-01-28,大井,2,7,14,0.4615,4,差し
イケノギャルチャン,2026-02-18,大井,2,6,13,0.4167,5,差し
イケノギャルチャン,2026-03-10,大井,1,3,14,0.1538,3,差し
イケノギャルチャン,2026-03-24,大井,1,12,13,0.9167,4,差し
イケノギャルチャン,2026-04-16,大井,1,5,14,0.3077,6,差し
イケノギャルチャン,2026-04-28,大井,1,4,11,0.3,7,差し
イケノギャルチャン,2026-05-20,大井,1,4,13,0.25,4,差し
イケノギャルチャン,2026-06-11,大井,1,5,14,0.3077,1,差し
イケノギャルチャン,2026-07-03,大井,1,4,11,0.3,4,差し
イケノギャルチャン,2026-08-17,大井,1,5,11,0.4,3,差し
イサゴールド,2026-01-13,大井,1,10,13,0.75,9,追込
イサゴールド,2026-01-27,大井,2,9,14,0.6154,10,追込
イサゴールド,2026-02-17,大井,2,5,13,0.3333,3,追込
イサゴールド,2026-03-11,大井,2,2,12,0.0909,12,追込
イサゴールド,2026-03-24,大井,2,11,14,0.7692,7,追込
イサゴールド,2026-04-17,大井,1,4,13,0.25,5,差し
イサゴールド,2026-04-29,大井,2,7,13,0.5,10,差し
イサゴールド,2026-05-20,大井,2,5,11,0.4,10,差し
イサゴールド,2026-06-11,大井,1,5,14,0.3077,13,差し
イサナ,2026-04-28,大井,10,4,9,0.375,5,差し
イタロ,2026-01-16,大井,7,5,9,0.5,6,先行
イタロ,2026-01-28,大井,10,8,13,0.5833,12,先行
イタロ,2026-02-20,大井,10,5,13,0.3333,5,差し
イタロ,2026-03-11,大井,12,2,11,0.1,2,差し
イタロ,2026-03-25,大井,12,4,13,0.25,6,差し
イタロ,2026-07-03,大井,12,1,13,0.0,7,差し
イタロ,2026-07-24,大井,11,2,16,0.0667,15,先行
イチニチショチョウ,2026-01-12,大井,12,12,16,0.7333,15,先行
イチニチショチョウ,2026-01-30,大井,11,6,12,0.4545,11,差し
イチニチショチョウ,2026-02-19,大井,11,14,15,0.9286,12,差し
イチニチショチョウ,2026-03-11,大井,12,4,11,0.3,8,差し
イチニチショチョウ,2026-03-25,大井,12,9,13,0.6667,12,差し
イチニチショチョウ,2026-04-13,大井,11,4,10,0.3333,9,差し
イチニチショチョウ,2026-04-27,大井,12,8,12,0.6364,10,差し
イチニチショチョウ,2026-05-21,大井,12,8,14,0.5385,13,差し
イチニチショチョウ,2026-06-10,大井,12,4,13,0.25,8,差し
イチニチショチョウ,2026-07-03,大井,12,2,13,0.0833,9,差し
イチニチショチョウ,2026-07-23,大井,11,7,10,0.6667,9,差し
イチニチショチョウ,2026-08-15,大井,9,5,14,0.3077,6,差し
イチニチショチョウ,2026-09-04,大井,11,2,13,0.0833,1,差し
イッツバッド,2026-01-15,大井,1,9,12,0.7273,7,差し
イッツバッド,2026-01-28,大井,2,11,14,0.7692,7,差し
イッツバッド,2026-02-19,大井,3,12,14,0.8462,13,差し
イッツバッド,2026-03-10,大井,2,9,13,0.6667,2,追込
イッツバッド,2026-03-24,大井,2,10,14,0.6923,3,追込
イッツバッド,2026-04-17,大井,1,7,13,0.5,9,追込
イッツバッド,2026-04-28,大井,2,7,13,0.5,4,追込
イッツバッド,2026-05-19,大井,3,6,12,0.4545,2,差し
イッツバッド,2026-06-10,大井,2,8,14,0.5385,3,差し
イッツバッド,2026-07-02,大井,2,8,11,0.7,2,差し
イッツバッド,2026-07-23,大井,2,11,16,0.6667,9,差し
イッツバッド,2026-08-13,大井,1,7,12,0.5455,5,差し
イデアイゴッソウ,2026-03-27,大井,11,2,12,0.0909,1,追込
イデアイゴッソウ,2026-04-30,大井,10,3,15,0.1429,1,追込
イデアイゴッソウ,2026-06-09,大井,11,3,14,0.1538,3,差し
イデアイゴッソウ,2026-06-29,大井,11,2,14,0.0769,1,差し
イトウ,2026-01-14,大井,8,12,13,0.9167,8,差し
イトウ,2026-01-28,大井,8,12,14,0.8462,14,差し
イトウ,2026-07-23,大井,6,7,14,0.4615,14,追込
イトウ,2026-09-04,大井,10,2,14,0.0769,12,追込
イノデジュエル,2026-07-20,大井,4,1,10,0.0,3,
イノデジュエル,2026-08-17,大井,3,3,7,0.3333,6,逃げ
イフウドウドウ,2026-03-11,大井,9,7,11,0.6,6,差し
イフウドウドウ,2026-03-26,大井,10,5,14,0.3077,5,差し
イフウドウドウ,2026-04-15,大井,7,3,12,0.1818,4,差し
イフウドウドウ,2026-04-29,大井,8,5,14,0.3077,4,差し
イフウドウドウ,2026-07-21,大井,8,3,11,0.2,2,差し
イフウドウドウ,2026-08-14,大井,6,2,11,0.1,3,差し
イマーシブ,2026-01-15,大井,5,3,15,0.1429,1,先行
イマーシブ,2026-02-20,大井,9,6,15,0.3571,2,先行
イモノソーダワリデ,2026-05-22,大井,12,5,15,0.2857,11,追込
イモノソーダワリデ,2026-06-11,大井,10,1,14,0.0,2,追込
イモノソーダワリデ,2026-06-30,大井,10,3,12,0.1818,3,差し
イモノソーダワリデ,2026-07-21,大井,12,4,16,0.2,3,差し
イルヴェント,2026-01-26,大井,11,6,9,0.625,8,差し
イルヴェント,2026-02-19,大井,7,2,9,0.125,2,差し
イルヴェント,2026-03-12,大井,6,4,9,0.375,5,差し
イルヴェント,2026-04-13,大井,9,4,12,0.2727,4,差し
イルヴェント,2026-04-30,大井,10,6,15,0.3571,9,差し
イルヴェント,2026-05-22,大井,11,4,12,0.2727,10,差し
イルヴェント,2026-06-08,大井,10,5,9,0.5,5,差し
イルヴェント,2026-07-01,大井,10,6,13,0.4167,2,差し
イロンデル,2026-03-09,大井,12,6,14,0.3846,1,差し
イロンデル,2026-04-16,大井,6,7,14,0.4615,2,差し
イロンデル,2026-04-30,大井,6,4,14,0.2308,1,差し
イロンデル,2026-05-22,大井,8,6,13,0.4167,4,差し
イロンデル,2026-06-12,大井,6,5,12,0.3636,1,差し
イロンデル,2026-07-23,大井,8,4,9,0.375,4,差し
イロンデル,2026-08-12,大井,8,5,13,0.3333,4,差し
インカント,2026-01-28,大井,3,6,14,0.3846,8,差し
インサイダー,2026-01-13,大井,10,8,13,0.5833,13,差し
インサイダー,2026-01-29,大井,10,3,15,0.1429,8,差し
インサイダー,2026-02-17,大井,9,10,12,0.8182,12,差し
インサイダー,2026-04-15,大井,7,7,12,0.5455,11,差し
インサイダー,2026-04-29,大井,9,5,14,0.3077,8,差し
インサイダー,2026-05-19,大井,8,5,9,0.5,7,差し
インティコン,2026-02-20,大井,7,9,12,0.7273,8,差し
インティコン,2026-03-24,大井,12,4,13,0.25,4,差し
インティコン,2026-04-14,大井,7,3,10,0.2222,2,差し
インティコン,2026-05-20,大井,9,3,15,0.1429,10,差し
イントゥザライト,2026-06-30,大井,2,1,5,0.0,2,
イントゥザライト,2026-07-24,大井,3,2,5,0.25,3,逃げ
イントゥザライト,2026-08-17,大井,4,2,8,0.1429,4,先行
イントゥユー,2026-04-27,大井,2,3,14,0.1538,1,先行
イントゥユー,2026-05-20,大井,3,3,14,0.1538,1,差し
イントゥユー,2026-06-08,大井,9,3,12,0.1818,6,差し
インプライドオッズ,2026-05-21,大井,3,2,16,0.0667,3,追込
インプライドオッズ,2026-06-10,大井,5,2,13,0.0833,2,差し
インヘリタンスエス,2026-01-16,大井,2,6,16,0.3333,14,差し
インヘリタンスエス,2026-02-19,大井,1,2,16,0.0667,5,差し
インヘリタンスエス,2026-03-26,大井,3,3,14,0.1538,5,差し
インヘリタンスエス,2026-04-29,大井,2,3,13,0.1667,5,差し
インヘリタンスエス,2026-05-20,大井,3,2,14,0.0769,5,差し
インヘリタンスエス,2026-07-03,大井,2,2,14,0.0769,4,先行
インヘリタンスエス,2026-07-22,大井,2,4,16,0.2,14,先行
インペリオ,2026-01-15,大井,5,10,15,0.6429,8,差し
インペリオ,2026-01-28,大井,6,6,12,0.4545,6,差し
インペリオ,2026-02-18,大井,5,5,12,0.3636,8,差し
インペリオ,2026-03-11,大井,6,11,12,0.9091,10,差し
インペリオ,2026-03-25,大井,5,8,11,0.7,7,差し
インペリオ,2026-04-16,大井,6,5,14,0.3077,4,差し
インペリオ,2026-04-29,大井,5,5,11,0.4,3,差し
インペリオ,2026-05-20,大井,10,5,12,0.3636,6,差し
インペリオ,2026-06-11,大井,9,5,14,0.3077,1,差し
インペリオ,2026-07-03,大井,10,4,14,0.2308,1,差し
インペリオ,2026-07-23,大井,8,3,9,0.25,5,差し
インペリオ,2026-08-12,大井,8,4,13,0.25,6,差し
イーグルノワール,2026-07-22,大井,11,5,15,0.2857,5,差し
ウィルイルミ,2026-04-13,大井,4,2,10,0.1111,4,
ウィルイルミ,2026-05-18,大井,2,1,14,0.0,1,先行
ウィルイルミ,2026-07-02,大井,4,2,13,0.0833,6,先行
ウィルイルミ,2026-07-23,大井,5,2,16,0.0667,8,先行
ウィルイルミ,2026-08-13,大井,5,4,14,0.2308,2,先行
ウィルオンザムーヴ,2026-05-18,大井,4,4,7,0.5,5,
ウィルオンザムーヴ,2026-08-16,大井,3,5,10,0.4444,7,差し
ウィルオンザムーヴ,2026-09-02,大井,3,1,7,0.0,1,追込
ウィルデッドリフト,2026-01-15,大井,8,7,7,1.0,5,差し
ウィルデッドリフト,2026-08-13,大井,7,1,8,0.0,8,差し
ウィルフィオーナ,2026-02-16,大井,2,12,12,1.0,12,差し
ウィルフィオーナ,2026-03-09,大井,3,13,15,0.8571,14,追込
ウィルフィオーナ,2026-04-13,大井,2,9,13,0.6667,8,追込
ウィルフィオーナ,2026-04-27,大井,2,8,14,0.5385,8,追込
ウィルフィオーナ,2026-05-19,大井,2,5,12,0.3636,5,差し
ウィルフィオーナ,2026-06-08,大井,1,6,11,0.5,6,差し
ウィルフィオーナ,2026-07-01,大井,1,3,12,0.1818,6,差し
ウィルプレイス,2026-01-13,大井,4,5,16,0.2667,5,差し
ウィルプレイス,2026-01-27,大井,4,4,13,0.25,8,差し
ウィルプレイス,2026-02-17,大井,4,6,12,0.4545,8,差し
ウィルプレイス,2026-03-09,大井,7,2,10,0.1111,1,差し
ウィルプレイス,2026-03-26,大井,6,9,13,0.6667,8,差し
ウィルプレイス,2026-04-17,大井,3,4,14,0.2308,14,差し
ウィルプレイス,2026-05-01,大井,2,4,13,0.25,9,差し
ウィルプレイス,2026-05-22,大井,4,5,16,0.2667,14,差し
ウィルプレイス,2026-06-11,大井,3,4,9,0.375,8,差し
ウィルプレイス,2026-07-02,大井,5,3,16,0.1333,11,差し
ウィルプレイス,2026-07-23,大井,5,3,16,0.1333,12,差し
ウィルプレイス,2026-08-14,大井,2,5,16,0.2667,12,差し
ウィルミスチヴァス,2026-03-10,大井,3,1,9,0.0,1,差し
ウィンターサン,2026-08-31,大井,12,3,15,0.1429,10,先行
ウィンドチェイサー,2026-01-13,大井,8,10,12,0.8182,9,差し
ウイニングショット,2026-01-14,大井,7,4,12,0.2727,6,差し
ウイニングショット,2026-01-27,大井,9,7,14,0.4615,12,差し
ウイニングショット,2026-02-18,大井,4,7,14,0.4615,12,差し
ウイニングショット,2026-03-10,大井,9,14,14,1.0,6,差し
ウイニングショット,2026-03-24,大井,9,11,12,0.9091,11,差し
ウイニングショット,2026-04-14,大井,5,8,14,0.5385,14,差し
ウイニングショット,2026-04-28,大井,7,7,14,0.4615,12,差し
ウイニングショット,2026-05-19,大井,4,7,9,0.75,9,差し
ウイニングショット,2026-06-09,大井,5,6,11,0.5,8,差し
ウイニングショット,2026-07-01,大井,4,9,14,0.6154,12,差し
ウイニングショット,2026-07-23,大井,1,9,13,0.6667,10,追込
ウイニングショット,2026-08-17,大井,2,9,14,0.6154,7,追込
ウインアイリーン,2026-01-16,大井,12,5,14,0.3077,7,差し
ウインアイリーン,2026-03-25,大井,12,13,13,1.0,7,差し
ウインアイリーン,2026-04-14,大井,10,2,9,0.125,2,差し
ウインアイリーン,2026-05-22,大井,12,6,15,0.3571,4,差し
ウインアイリーン,2026-07-03,大井,12,5,13,0.3333,8,差し
ウインアイリーン,2026-07-24,大井,11,7,16,0.4,9,差し
ウインアイリーン,2026-08-15,大井,8,3,11,0.2,3,差し
ウイングウインド,2026-01-27,大井,8,2,14,0.0769,3,差し
ウイングウインド,2026-03-10,大井,8,4,10,0.3333,5,差し
ウイングウインド,2026-03-24,大井,8,2,12,0.0909,2,差し
ウイングウインド,2026-04-16,大井,5,2,14,0.0769,2,先行
ウイングウインド,2026-04-30,大井,6,3,14,0.1538,4,先行
ウイングウインド,2026-05-20,大井,8,2,11,0.1,5,先行
ウイングウインド,2026-06-11,大井,8,2,13,0.0833,10,先行
ウイングウインド,2026-08-17,大井,8,2,13,0.0833,5,先行
ウインデイブレイク,2026-07-21,大井,1,1,11,0.0,4,差し
ウインデイブレイク,2026-08-13,大井,3,6,13,0.4167,12,先行
ウイントルヴェール,2026-01-14,大井,2,9,15,0.5714,10,差し
ウイントルヴェール,2026-01-28,大井,1,4,12,0.2727,4,差し
ウイントルヴェール,2026-02-18,大井,1,1,12,0.0,2,差し
ウイントルヴェール,2026-03-11,大井,2,1,12,0.0,1,差し
ウイントルヴェール,2026-03-23,大井,9,7,13,0.5,8,先行
ウイントルヴェール,2026-04-13,大井,12,6,14,0.3846,10,差し
ウイントルヴェール,2026-04-27,大井,7,4,11,0.3,10,差し
ウイントルヴェール,2026-05-18,大井,7,6,13,0.4167,7,差し
ウイントルヴェール,2026-06-08,大井,9,6,12,0.4545,9,差し
ウイントルヴェール,2026-06-30,大井,6,7,14,0.4615,14,差し
ウイントルヴェール,2026-07-23,大井,2,8,16,0.4667,15,差し
ウイントルヴェール,2026-08-17,大井,2,10,14,0.6923,13,差し
ウインドフレイバー,2026-08-31,大井,11,6,14,0.3846,7,差し
ウインリブルマン,2026-01-13,大井,11,9,10,0.8889,10,追込
ウインリブルマン,2026-01-29,大井,8,8,8,1.0,8,追込
ウインリブルマン,2026-02-17,大井,11,13,15,0.8571,15,追込
ウェイトノーモア,2026-01-14,大井,6,3,14,0.1538,10,差し
ウェイトノーモア,2026-01-27,大井,8,6,14,0.3846,9,差し
ウェイトノーモア,2026-02-18,大井,3,7,14,0.4615,4,差し
ウェイトノーモア,2026-03-24,大井,8,4,12,0.2727,11,差し
ウェイトノーモア,2026-04-14,大井,5,7,14,0.4615,11,差し
ウェイトノーモア,2026-04-28,大井,6,1,10,0.0,4,差し
ウエストリーダー,2026-01-30,大井,5,2,13,0.0833,12,先行
ウエストリーダー,2026-07-22,大井,6,1,14,0.0,1,逃げ
ウエストリーダー,2026-08-17,大井,8,3,13,0.1667,1,逃げ
ウエノマルサンダー,2026-01-15,大井,6,12,14,0.8462,12,追込
ウエノマルサンダー,2026-01-29,大井,6,8,9,0.875,7,追込
ウエノマルサンダー,2026-02-19,大井,8,11,13,0.8333,11,追込
ウエノマルサンダー,2026-03-12,大井,7,11,11,1.0,10,追込
ウエノマルサンダー,2026-03-25,大井,4,10,12,0.8182,11,追込
ウエノマルサンダー,2026-04-16,大井,4,8,11,0.7,8,追込
ウエノマルサンダー,2026-04-30,大井,5,6,10,0.5556,8,追込
ウエノマルサンダー,2026-05-20,大井,6,5,12,0.3636,10,追込
ウエノマルサンダー,2026-06-11,大井,6,4,9,0.375,8,追込
ウエノマルサンダー,2026-07-02,大井,8,7,13,0.5,13,追込
ウエノマルサンダー,2026-07-21,大井,6,9,13,0.6667,11,差し
ウエノマルサンダー,2026-08-14,大井,3,8,13,0.5833,13,差し
ウエノマルサンダー,2026-08-31,大井,7,6,13,0.4167,12,差し
ウォーバックス,2026-01-12,大井,3,12,15,0.7857,15,差し
ウォーバックス,2026-01-27,大井,2,7,14,0.4615,12,差し
ウォーバックス,2026-02-17,大井,2,13,13,1.0,11,差し
ウォーバックス,2026-03-09,大井,2,5,12,0.3636,3,差し
ウォーバックス,2026-03-23,大井,2,6,14,0.3846,8,差し
ウォーバックス,2026-04-13,大井,1,4,13,0.25,2,差し
ウォーバックス,2026-04-27,大井,1,5,14,0.3077,6,差し
ウォーバックス,2026-05-19,大井,1,7,13,0.5,10,差し
ウォーバックス,2026-06-10,大井,1,4,14,0.2308,8,差し
ウォーバックス,2026-07-02,大井,1,8,14,0.5385,9,差し
ウォーバックス,2026-07-24,大井,1,7,15,0.4286,10,差し
ウォーバックス,2026-08-16,大井,2,9,13,0.6667,10,差し
ウチュウノキボウ,2026-01-14,大井,7,7,12,0.5455,9,差し
ウチュウノキボウ,2026-01-28,大井,7,8,13,0.5833,6,差し
ウチュウノキボウ,2026-07-01,大井,5,5,14,0.3077,13,差し
ウチュウノキボウ,2026-07-20,大井,8,4,13,0.25,10,差し
ウチュウノキボウ,2026-08-13,大井,8,3,10,0.2222,10,差し
ウチュウノキボウ,2026-09-02,大井,5,6,12,0.4545,9,差し
ウナモンタナアルタ,2026-01-15,大井,11,1,11,0.0,2,先行
ウナモンタナアルタ,2026-02-16,大井,11,1,16,0.0,1,逃げ
ウナモンタナアルタ,2026-03-11,大井,7,1,7,0.0,2,逃げ
ウメミライ,2026-03-23,大井,1,9,11,0.8,6,追込
ウルフスタンド,2026-01-13,大井,2,5,15,0.2857,12,差し
ウルフスタンド,2026-01-27,大井,1,7,14,0.4615,3,差し
ウルフスタンド,2026-02-17,大井,1,6,15,0.3571,6,差し
ウルフスタンド,2026-03-10,大井,2,7,13,0.5,8,差し
ウルフスタンド,2026-03-24,大井,2,7,14,0.4615,4,差し
ウルフスタンド,2026-04-15,大井,2,7,13,0.5,11,差し
ウルフスタンド,2026-04-28,大井,2,6,13,0.4167,10,差し
ウルフスタンド,2026-07-20,大井,2,6,15,0.3571,2,差し
ウルフスタンド,2026-08-15,大井,2,4,14,0.2308,8,差し
ウンカイ,2026-02-16,大井,5,4,13,0.25,13,
ウンカイ,2026-04-27,大井,6,4,14,0.2308,5,先行
ウンカイ,2026-05-18,大井,2,2,14,0.0769,14,差し
ウータンビート,2026-01-16,大井,8,2,12,0.0909,2,先行
ウータンビート,2026-02-16,大井,12,3,13,0.1667,12,先行
ウータンビート,2026-03-27,大井,8,2,11,0.1,2,先行
ウータンビート,2026-04-27,大井,12,4,12,0.2727,12,先行
エイコーカイザー,2026-01-12,大井,9,6,15,0.3571,4,差し
エイコーカイザー,2026-01-26,大井,9,6,11,0.5,5,差し
エイコーカイザー,2026-02-17,大井,7,13,14,0.9231,5,差し
エイコーカイザー,2026-03-10,大井,7,12,12,1.0,12,差し
エイコーカイザー,2026-03-23,大井,12,8,13,0.5833,10,差し
エイシンシームレス,2026-01-13,大井,6,8,13,0.5833,10,差し
エイシンシームレス,2026-01-28,大井,3,4,14,0.2308,11,差し
エイシンシームレス,2026-02-19,大井,5,4,14,0.2308,14,差し
エイシンシームレス,2026-03-10,大井,5,3,14,0.1538,7,差し
エイシンシームレス,2026-03-24,大井,6,2,14,0.0769,4,差し
エイシンシームレス,2026-04-15,大井,5,4,14,0.2308,13,先行
エイシンシームレス,2026-04-28,大井,5,3,14,0.1538,14,先行
エイシンシームレス,2026-05-21,大井,3,9,16,0.5333,11,先行
エイシンシームレス,2026-06-10,大井,5,10,13,0.75,13,先行
エイシンシームレス,2026-07-21,大井,1,9,11,0.8,9,差し
エイシンネクタル,2026-02-20,大井,10,3,13,0.1667,13,差し
エイシンネクタル,2026-03-11,大井,12,7,11,0.6,11,差し
エイシンネクタル,2026-03-23,大井,11,8,13,0.5833,8,差し
エイシンネクタル,2026-04-17,大井,12,6,14,0.3846,11,差し
エイシンネクタル,2026-04-29,大井,12,6,16,0.3333,13,差し
エイシンネクタル,2026-05-21,大井,12,7,14,0.4615,10,差し
エイシンネクタル,2026-07-01,大井,7,4,12,0.2727,8,差し
エイシンネクタル,2026-07-24,大井,12,6,9,0.625,5,差し
エイシンネクタル,2026-08-16,大井,8,6,13,0.4167,10,差し
エイシンネクタル,2026-09-04,大井,12,9,15,0.5714,14,差し
エイシンピサロ,2026-01-27,大井,5,2,12,0.0909,2,差し
エイシンピサロ,2026-02-20,大井,1,9,14,0.6154,8,差し
エイシンピサロ,2026-03-12,大井,4,7,9,0.75,9,差し
エイシンピストン,2026-01-26,大井,11,5,9,0.5,3,差し
エイシンピストン,2026-02-16,大井,11,12,16,0.7333,8,追込
エイシンピストン,2026-03-27,大井,11,5,12,0.3636,4,追込
エイシンピストン,2026-04-30,大井,10,4,15,0.2143,4,追込
エイシンピストン,2026-05-19,大井,11,6,10,0.5556,2,追込
エイシンピストン,2026-06-09,大井,11,6,14,0.3846,5,追込
エイシンマジョリカ,2026-01-27,大井,11,12,13,0.9167,10,差し
エイシンマジョリカ,2026-02-20,大井,11,11,15,0.7143,12,差し
エイシンミラーミ,2026-03-12,大井,5,1,12,0.0,1,先行
エイシンミラーミ,2026-04-17,大井,6,1,13,0.0,1,先行
エイシンミラーミ,2026-05-19,大井,10,3,13,0.1667,3,先行
エイシンラセーヌ,2026-01-30,大井,9,8,11,0.7,6,差し
エイシンラセーヌ,2026-02-18,大井,10,4,11,0.3,2,差し
エイシンラセーヌ,2026-03-13,大井,10,4,13,0.25,1,差し
エイシンラセーヌ,2026-04-17,大井,12,9,14,0.6154,13,差し
エイシンラセーヌ,2026-08-13,大井,10,4,14,0.2308,6,差し
エイトザット,2026-04-28,大井,4,1,12,0.0,1,差し
エイトザット,2026-05-22,大井,3,6,12,0.4545,5,先行
エイトザット,2026-06-12,大井,2,3,11,0.2,3,差し
エイトザット,2026-07-03,大井,3,5,12,0.3636,8,差し
エイユークック,2026-04-13,大井,4,4,10,0.3333,3,差し
エイユークック,2026-04-27,大井,5,1,10,0.0,4,差し
エキゾチックガール,2026-01-14,大井,10,3,15,0.1429,14,差し
エキゾチックガール,2026-04-30,大井,5,1,10,0.0,4,先行
エキゾチックガール,2026-05-20,大井,6,3,12,0.1818,12,先行
エキゾチックガール,2026-06-11,大井,8,5,13,0.3333,3,先行
エキゾチックガール,2026-06-29,大井,7,6,11,0.5,5,先行
エキゾチックガール,2026-07-22,大井,6,6,14,0.3846,6,先行
エキゾチックガール,2026-08-12,大井,7,4,11,0.3,5,差し
エキゾチックガール,2026-09-02,大井,6,5,14,0.3077,4,差し
エクスプローラー,2026-04-13,大井,1,2,13,0.0833,10,差し
エクスプローラー,2026-04-27,大井,1,6,14,0.3846,9,差し
エクスプローラー,2026-05-19,大井,1,5,13,0.3333,12,差し
エクスプローラー,2026-06-08,大井,1,7,11,0.6,4,差し
エクスプローラー,2026-08-15,大井,2,10,14,0.6923,14,差し
エクスプローラー,2026-08-31,大井,2,6,14,0.3846,12,差し
エクセスリターン,2026-05-20,大井,11,9,16,0.5333,12,差し
エクセレンティ,2026-01-15,大井,2,1,6,0.0,1,差し
エクセレンティ,2026-01-30,大井,2,1,9,0.0,1,差し
エクラシェール,2026-01-14,大井,8,9,13,0.6667,13,差し
エクラシェール,2026-06-29,大井,9,4,9,0.375,8,差し
エクラシェール,2026-07-23,大井,7,6,12,0.4545,9,差し
エクラシェール,2026-08-17,大井,8,9,13,0.6667,4,差し
エクラシェール,2026-09-04,大井,10,1,14,0.0,7,差し
エコロタイタン,2026-01-13,大井,10,7,13,0.5,10,追込
エコロタイタン,2026-01-30,大井,8,9,13,0.6667,6,追込
エコロタイタン,2026-02-18,大井,7,9,14,0.6154,7,追込
エコロタイタン,2026-03-10,大井,10,3,10,0.2222,3,差し
エコロタイタン,2026-08-16,大井,6,7,13,0.5,11,差し
エコロタイタン,2026-08-31,大井,9,5,11,0.4,6,差し
エコロマーズ,2026-04-17,大井,11,2,12,0.0909,12,先行
エコロマーズ,2026-04-30,大井,10,5,15,0.2857,12,先行
エコロマーズ,2026-05-19,大井,11,3,10,0.2222,7,先行
エコロルキナ,2026-03-09,大井,9,12,14,0.8462,11,差し
エコロルキナ,2026-03-23,大井,6,1,12,0.0,7,追込
エコロルキナ,2026-04-27,大井,10,6,15,0.3571,11,差し
エゴンウレア,2026-05-19,大井,10,3,13,0.1667,10,差し
エスカラムサ,2026-01-14,大井,10,5,15,0.2857,15,先行
エスカラムサ,2026-01-30,大井,10,10,16,0.6,16,先行
エスカラムサ,2026-02-19,大井,8,8,13,0.5833,8,先行
エスカラムサ,2026-03-12,大井,7,8,11,0.7,7,差し
エスカラムサ,2026-03-23,大井,10,7,9,0.75,8,差し
エスクラス,2026-06-29,大井,6,1,14,0.0,1,差し
エスクラス,2026-07-24,大井,4,4,11,0.3,10,差し
エスクラス,2026-08-17,大井,7,3,12,0.1818,7,差し
エスケイイーグル,2026-01-13,大井,2,11,15,0.7143,8,差し
エスケイイーグル,2026-01-27,大井,1,3,14,0.1538,1,差し
エスケイイーグル,2026-02-19,大井,1,5,16,0.2667,7,差し
エスケイイーグル,2026-03-12,大井,2,5,13,0.3333,3,差し
エスケイイーグル,2026-03-26,大井,3,9,14,0.6154,4,差し
エスケイイーグル,2026-04-16,大井,3,4,11,0.3,1,差し
エスケイイーグル,2026-04-28,大井,7,5,14,0.3077,2,差し
エスケイイーグル,2026-05-19,大井,5,5,14,0.3077,4,差し
エスケイイーグル,2026-06-11,大井,9,7,14,0.4615,5,差し
エスケイイーグル,2026-07-02,大井,8,6,13,0.4167,5,差し
エスケイイーグル,2026-07-20,大井,10,6,14,0.3846,5,差し
エスケイイーグル,2026-08-14,大井,5,5,14,0.3077,1,差し
エスケイイーグル,2026-09-02,大井,7,3,15,0.1429,3,差し
エスケンドリーム,2026-02-16,大井,11,7,16,0.4,7,差し
エスピエグル,2026-01-26,大井,3,2,9,0.125,1,
エスピエグル,2026-02-20,大井,2,1,12,0.0,4,先行
エスピエグル,2026-03-26,大井,4,2,9,0.125,1,先行
エスピエグル,2026-04-13,大井,7,6,11,0.5,8,先行
エスピエグル,2026-05-01,大井,3,4,9,0.375,1,差し
エスピエグル,2026-07-20,大井,9,5,8,0.5714,7,差し
エスピエグル,2026-08-16,大井,6,3,13,0.1667,12,差し
エスプリアキラサン,2026-05-18,大井,9,4,7,0.5,4,差し
エスプリギャノン,2026-01-12,大井,7,6,13,0.4167,11,差し
エスプリギャノン,2026-01-26,大井,5,8,13,0.5833,11,差し
エスプリギャノン,2026-02-16,大井,3,5,11,0.4,8,差し
エスプリギャノン,2026-03-09,大井,5,6,11,0.5,9,差し
エスプリギャノン,2026-03-23,大井,4,3,7,0.3333,5,差し
エスプリギャノン,2026-04-13,大井,5,5,12,0.3636,11,差し
エスプリギャノン,2026-04-27,大井,3,5,11,0.4,11,差し
エスプリギャノン,2026-05-18,大井,2,3,14,0.1538,8,差し
エスプリギャノン,2026-06-08,大井,4,5,10,0.4444,10,差し
エスプリギャノン,2026-06-29,大井,2,8,14,0.5385,13,差し
エスプリギャノン,2026-07-20,大井,6,4,13,0.25,7,差し
エスプリチャンポン,2026-08-13,大井,2,2,9,0.125,8,
エスプリブルズアイ,2026-03-12,大井,11,10,12,0.8182,10,先行
エスプリブルズアイ,2026-03-26,大井,7,1,9,0.0,3,先行
エスプリブルズアイ,2026-04-15,大井,9,1,7,0.0,4,先行
エスプリブルズアイ,2026-05-18,大井,11,5,11,0.4,10,先行
エスプリブルズアイ,2026-06-11,大井,10,1,14,0.0,3,差し
エスプリブルズアイ,2026-07-02,大井,10,4,12,0.2727,7,先行
エスプリブルズアイ,2026-07-21,大井,12,1,16,0.0,13,逃げ
エスプリボクチャン,2026-04-27,大井,11,1,16,0.0,2,差し
エスプリボクチャン,2026-05-22,大井,12,3,15,0.1429,5,差し
エスプリボクチャン,2026-06-09,大井,10,3,13,0.1667,12,差し
エスプリボクチャン,2026-09-04,大井,11,1,13,0.0,7,差し
エスプリリチャード,2026-03-26,大井,8,2,7,0.1667,1,先行
エスプリリチャード,2026-04-30,大井,7,1,13,0.0,10,先行
エスプリリチャード,2026-05-21,大井,6,1,12,0.0,4,先行
エスプリリチャード,2026-06-12,大井,12,3,13,0.1667,10,先行
エスプリリチャード,2026-07-24,大井,9,3,12,0.1818,8,先行
エスプリワールド,2026-01-15,大井,10,4,12,0.2727,5,差し
エスプリワールド,2026-02-17,大井,9,3,12,0.1818,2,差し
エスプリワールド,2026-03-13,大井,9,3,14,0.1538,8,差し
エスプリワールド,2026-04-16,大井,8,6,12,0.4545,10,差し
エターナルヴァウ,2026-02-18,大井,10,9,11,0.8,4,差し
エターナルヴァウ,2026-03-10,大井,12,11,16,0.6667,11,差し
エターナルヴァウ,2026-03-25,大井,12,12,13,0.9167,5,差し
エッジ,2026-02-16,大井,5,2,13,0.0833,2,
エッジ,2026-05-20,大井,5,3,11,0.2,2,先行
エドノスターウッド,2026-03-09,大井,4,1,8,0.0,1,
エドノスターウッド,2026-04-15,大井,4,1,10,0.0,1,逃げ
エドノスターウッド,2026-05-22,大井,3,1,12,0.0,6,先行
エドノスターウッド,2026-08-15,大井,6,3,13,0.1667,9,差し
エドノビートイン,2026-02-20,大井,9,14,15,0.9286,11,差し
エドノビートイン,2026-03-13,大井,5,12,14,0.8462,8,差し
エドノビートイン,2026-03-27,大井,5,10,14,0.6923,9,差し
エドノマテンロウ,2026-08-14,大井,1,5,10,0.4444,10,逃げ
エヌケイサイボウ,2026-01-14,大井,4,13,13,1.0,11,差し
エヌケイサイボウ,2026-01-28,大井,3,5,14,0.3077,13,差し
エヌケイサイボウ,2026-02-19,大井,4,2,11,0.1,2,差し
エヌケイサイボウ,2026-03-12,大井,3,2,9,0.125,2,差し
エヌケイサイボウ,2026-03-26,大井,4,1,9,0.0,6,差し
エヌケイサイボウ,2026-04-17,大井,2,1,11,0.0,5,先行
エヌケイサイボウ,2026-05-01,大井,1,1,10,0.0,1,先行
エヌケイサイボウ,2026-05-18,大井,9,1,7,0.0,7,先行
エヌケイサイボウ,2026-06-12,大井,1,3,9,0.25,7,先行
エピルシェール,2026-01-27,大井,7,10,12,0.8182,5,差し
エピルシェール,2026-02-18,大井,3,11,14,0.7692,2,差し
エピルシェール,2026-03-11,大井,5,9,13,0.6667,4,追込
エピルシェール,2026-03-25,大井,4,9,12,0.7273,5,追込
エピルシェール,2026-04-16,大井,4,7,11,0.6,4,追込
エピルシェール,2026-04-30,大井,5,5,10,0.4444,3,追込
エマーユ,2026-04-27,大井,3,2,11,0.1,2,
エマーユ,2026-05-20,大井,4,1,14,0.0,1,先行
エマーユ,2026-07-23,大井,5,5,16,0.2667,15,先行
エマーユ,2026-08-14,大井,2,4,16,0.2,14,先行
エムオーナイナー,2026-01-16,大井,2,5,16,0.2667,11,差し
エムオーナイナー,2026-01-29,大井,3,6,13,0.4167,11,差し
エムオーナイナー,2026-02-19,大井,1,9,16,0.5333,9,差し
エムオーナイナー,2026-03-12,大井,2,9,13,0.6667,11,差し
エムオーナイナー,2026-03-26,大井,3,6,14,0.3846,3,差し
エムオーナイナー,2026-04-16,大井,3,5,11,0.4,5,差し
エムオーナイナー,2026-04-29,大井,2,4,13,0.25,2,差し
エムオーナイナー,2026-06-11,大井,2,2,13,0.0833,1,差し
エムオーナイナー,2026-07-01,大井,5,8,14,0.5385,8,差し
エムオーナイナー,2026-07-20,大井,10,5,14,0.3077,14,差し
エムオーナイナー,2026-08-14,大井,5,6,14,0.3846,12,差し
エムオーナイナー,2026-08-31,大井,10,6,15,0.3571,6,差し
エムジェイベリー,2026-03-09,大井,4,4,8,0.4286,2,
エムジェイベリー,2026-03-24,大井,3,1,14,0.0,4,差し
エムジェイベリー,2026-04-14,大井,2,1,12,0.0,1,先行
エムティキング,2026-03-23,大井,9,2,13,0.0833,3,差し
エムティキング,2026-04-13,大井,12,6,14,0.3846,5,差し
エムティキング,2026-04-27,大井,8,2,14,0.0769,4,差し
エムティキング,2026-05-18,大井,5,3,12,0.1818,1,差し
エムティキング,2026-06-11,大井,6,2,9,0.125,6,差し
エムティキング,2026-07-02,大井,6,5,12,0.3636,6,差し
エムティキング,2026-07-20,大井,7,4,10,0.3333,2,差し
エムティキング,2026-08-14,大井,3,5,13,0.3333,2,差し
エムティキング,2026-09-02,大井,6,2,14,0.0769,1,差し
エリザベートバディ,2026-01-14,大井,3,5,11,0.4,6,逃げ
エリザベートバディ,2026-02-18,大井,9,5,11,0.4,5,先行
エリザベートバディ,2026-03-12,大井,4,2,9,0.125,1,差し
エリザベートバディ,2026-04-17,大井,5,2,9,0.125,2,差し
エリザベートバディ,2026-05-01,大井,9,2,7,0.1667,4,差し
エリザベートバディ,2026-05-21,大井,4,2,13,0.0833,5,差し
エリザベートバディ,2026-07-03,大井,7,3,9,0.25,8,差し
エルゲルージ,2026-02-16,大井,11,4,16,0.2,6,差し
エルゲルージ,2026-08-16,大井,9,5,9,0.5,9,差し
エルツ,2026-01-12,大井,11,3,9,0.25,6,先行
エルツ,2026-06-12,大井,7,2,11,0.1,11,先行
エルツ,2026-07-03,大井,11,4,10,0.3333,8,先行
エルツ,2026-07-24,大井,11,3,16,0.1333,3,先行
エルツ,2026-08-14,大井,10,1,9,0.0,5,差し
エルツ,2026-09-03,大井,10,1,11,0.0,6,差し
エルフィダンス,2026-06-12,大井,3,3,12,0.1818,11,差し
エルモッソペンドロ,2026-04-27,大井,8,11,14,0.7692,13,差し
エルモッソペンドロ,2026-05-18,大井,6,5,14,0.3077,9,差し
エルモッソペンドロ,2026-06-08,大井,8,3,12,0.1818,9,差し
エルモッソペンドロ,2026-06-30,大井,4,4,10,0.3333,6,差し
エルモッソペンドロ,2026-07-22,大井,1,6,14,0.3846,5,差し
エルモッソペンドロ,2026-08-16,大井,1,9,14,0.6154,14,差し
エレノアクイーン,2026-03-09,大井,5,11,11,1.0,5,
エレノアクイーン,2026-06-29,大井,2,1,14,0.0,1,差し
エレノアクイーン,2026-07-22,大井,4,2,14,0.0769,1,先行
エレパイオ,2026-01-16,大井,2,3,16,0.1333,2,差し
エレパイオ,2026-01-26,大井,7,3,14,0.1538,2,差し
エレパイオ,2026-02-17,大井,7,2,14,0.0769,2,先行
エレパイオ,2026-03-11,大井,6,5,12,0.3636,4,先行
エレパイオ,2026-04-14,大井,6,1,10,0.0,1,先行
エレパイオ,2026-05-21,大井,9,1,13,0.0,9,先行
エレパイオ,2026-06-12,大井,6,1,12,0.0,12,先行
エレパイオ,2026-07-03,大井,10,1,14,0.0,8,逃げ
エロース,2026-07-02,大井,6,1,12,0.0,1,差し
エロース,2026-08-17,大井,6,1,12,0.0,1,差し
エンテレケイア,2026-04-15,大井,11,5,14,0.3077,13,逃げ
エンドレスソロウ,2026-02-18,大井,11,11,16,0.6667,7,先行
エンドレスソロウ,2026-04-29,大井,11,3,13,0.1667,6,先行
エンドレスソロウ,2026-06-10,大井,11,9,16,0.5333,7,差し
エンドレスバンカー,2026-02-17,大井,7,9,14,0.6154,4,差し
エンドレスバンカー,2026-03-10,大井,9,8,14,0.5385,3,差し
エンドレスバンカー,2026-03-24,大井,9,6,12,0.4545,7,差し
エンドレスバンカー,2026-04-14,大井,5,4,14,0.2308,5,差し
エンドレスバンカー,2026-08-31,大井,8,7,14,0.4615,9,差し
エンリッチザハート,2026-01-27,大井,6,6,11,0.5,1,差し
エンリッチザハート,2026-03-13,大井,2,4,9,0.375,8,差し
エンリッチザハート,2026-03-26,大井,4,3,9,0.25,2,差し
エンリッチザハート,2026-08-15,大井,4,1,8,0.0,2,差し
エヴリドリーム,2026-04-13,大井,4,6,10,0.5556,8,
エヴリドリーム,2026-04-27,大井,3,5,11,0.4,10,差し
エースアビリティ,2026-01-26,大井,10,5,13,0.3333,6,追込
エースアビリティ,2026-02-19,大井,12,2,13,0.0833,1,差し
エースアビリティ,2026-03-26,大井,12,6,13,0.4167,8,差し
エースアビリティ,2026-04-16,大井,10,8,14,0.5385,14,差し
エースアビリティ,2026-04-28,大井,10,4,9,0.375,7,差し
エースアビリティ,2026-07-21,大井,12,9,16,0.5333,15,差し
エースアビリティ,2026-08-12,大井,10,9,14,0.6154,9,差し
エースアビリティ,2026-08-31,大井,12,6,15,0.3571,7,追込
エースインフェルノ,2026-01-12,大井,7,7,13,0.5,6,先行
エースインフェルノ,2026-01-26,大井,5,2,13,0.0833,3,差し
エースインフェルノ,2026-02-16,大井,5,6,13,0.4167,7,先行
エースインフェルノ,2026-03-09,大井,7,4,10,0.3333,3,差し
エースインフェルノ,2026-03-24,大井,6,3,14,0.1538,10,先行
エースインフェルノ,2026-04-14,大井,3,5,11,0.4,8,先行
エースインフェルノ,2026-04-28,大井,5,4,14,0.2308,9,先行
エースインフェルノ,2026-05-21,大井,1,1,11,0.0,6,差し
エースインフェルノ,2026-06-09,大井,1,1,9,0.0,3,先行
エースインフェルノ,2026-07-01,大井,2,1,13,0.0,12,先行
エースインフェルノ,2026-07-21,大井,3,1,14,0.0,3,逃げ
エースインフェルノ,2026-08-13,大井,5,2,14,0.0769,10,逃げ
エーデルワイス,2026-01-14,大井,10,4,15,0.2143,2,差し
エーデルワイス,2026-07-01,大井,9,3,14,0.1538,10,差し
エーデルワイス,2026-07-21,大井,10,7,14,0.4615,6,差し
オイチノカタ,2026-01-15,大井,4,11,14,0.7692,14,差し
オイチノカタ,2026-01-28,大井,6,8,12,0.6364,11,差し
オイチノカタ,2026-02-18,大井,5,10,12,0.8182,11,追込
オオサキサンダー,2026-01-16,大井,6,8,13,0.5833,5,差し
オオサキサンダー,2026-01-30,大井,6,10,14,0.6923,12,差し
オオサキサンダー,2026-02-20,大井,9,13,15,0.8571,8,差し
オオサキサンダー,2026-05-22,大井,8,8,13,0.5833,12,差し
オオサキサンダー,2026-06-12,大井,6,5,12,0.3636,7,差し
オオサキサンダー,2026-07-03,大井,10,9,14,0.6154,12,差し
オオサキサンダー,2026-07-22,大井,7,3,13,0.1667,9,差し
オオサキサンダー,2026-08-17,大井,10,9,12,0.7273,9,差し
オオサキサンダー,2026-09-02,大井,7,6,15,0.3571,9,差し
オオマサ,2026-01-16,大井,5,1,12,0.0,1,先行
オオマサ,2026-02-18,大井,8,3,14,0.1538,1,先行
オオマサ,2026-04-30,大井,8,2,10,0.1111,1,先行
オオマサ,2026-05-21,大井,10,1,16,0.0,1,先行
オオマサ,2026-06-09,大井,10,2,13,0.0833,1,先行
オオマサ,2026-06-29,大井,10,2,11,0.1,1,先行
オオマサ,2026-08-14,大井,10,1,9,0.0,1,先行
オキアガリコボシ,2026-01-12,大井,1,8,13,0.5833,10,差し
オキアガリコボシ,2026-01-26,大井,2,9,13,0.6667,10,差し
オキアガリコボシ,2026-02-16,大井,2,11,12,0.9091,10,差し
オソルノ,2026-06-11,大井,10,7,14,0.4615,7,差し
オソルノ,2026-06-30,大井,10,2,12,0.0909,6,差し
オソルノ,2026-07-24,大井,11,6,16,0.3333,8,差し
オソルノ,2026-08-15,大井,8,2,11,0.1,4,差し
オテモヤン,2026-06-09,大井,2,2,13,0.0833,1,先行
オテモヤン,2026-07-03,大井,5,1,11,0.0,4,先行
オトメナシャチョウ,2026-05-21,大井,11,1,13,0.0,2,先行
オペラアリア,2026-04-27,大井,11,3,16,0.1333,16,先行
オメガオリーブ,2026-01-12,大井,10,10,11,0.9,10,差し
オメガオリーブ,2026-01-28,大井,9,7,9,0.75,8,差し
オメガオリーブ,2026-02-16,大井,10,8,14,0.5385,10,差し
オメガオリーブ,2026-03-12,大井,12,11,14,0.7692,14,差し
オメガオリーブ,2026-03-25,大井,8,9,13,0.6667,11,差し
オメガオリーブ,2026-04-14,大井,12,4,14,0.2308,10,差し
オメガオリーブ,2026-04-30,大井,12,7,14,0.4615,12,差し
オメガオリーブ,2026-05-18,大井,12,9,14,0.6154,14,差し
オメガオリーブ,2026-07-02,大井,12,5,14,0.3077,13,差し
オメガオリーブ,2026-07-22,大井,7,8,13,0.5833,11,差し
オメガオリーブ,2026-08-16,大井,10,4,13,0.25,12,差し
オメガシンフォニー,2026-02-20,大井,6,3,8,0.2857,3,差し
オメガドライヴ,2026-05-19,大井,6,8,14,0.5385,12,追込
オメガドライヴ,2026-07-02,大井,12,6,14,0.3846,6,追込
オメガドライヴ,2026-07-23,大井,7,7,12,0.5455,7,追込
オメガドライヴ,2026-08-16,大井,10,2,13,0.0833,1,追込
オモイデノアトサキ,2026-05-21,大井,1,3,11,0.2,1,追込
オモイデノアトサキ,2026-07-03,大井,3,3,12,0.1818,3,差し
オモイデノアトサキ,2026-07-24,大井,4,2,11,0.1,3,差し
オリエンタルスカイ,2026-06-30,大井,3,4,8,0.4286,5,
オリエンタルスカイ,2026-08-16,大井,3,4,10,0.3333,4,差し
オリジナルパターン,2026-03-09,大井,11,3,10,0.2222,10,逃げ
オリジナルパターン,2026-06-12,大井,10,1,14,0.0,13,逃げ
オリリオ,2026-01-13,大井,1,8,13,0.5833,6,追込
オリリオ,2026-01-28,大井,2,12,14,0.8462,12,追込
オリリオ,2026-02-17,大井,2,11,13,0.8333,12,追込
オリリオ,2026-03-10,大井,1,9,14,0.6154,14,追込
オリリオ,2026-03-24,大井,1,9,13,0.6667,13,追込
オリリオ,2026-08-15,大井,1,5,12,0.3636,6,差し
オリリオ,2026-08-31,大井,1,4,13,0.25,5,差し
オリージネアリア,2026-03-25,大井,12,7,13,0.5,2,追込
オリージネアリア,2026-04-14,大井,10,1,9,0.0,1,追込
オリージネアリア,2026-05-22,大井,12,2,15,0.0714,1,差し
オリージネアリア,2026-06-29,大井,10,5,11,0.4,4,差し
オリージネアリア,2026-08-31,大井,11,2,14,0.0769,10,差し
オルチャタ,2026-01-12,大井,9,8,15,0.5,7,差し
オルチャタ,2026-01-26,大井,7,10,14,0.6923,7,差し
オルチャタ,2026-02-16,大井,7,7,14,0.4615,7,差し
オルチャタ,2026-03-09,大井,12,4,14,0.2308,8,差し
オルチャタ,2026-03-23,大井,9,10,13,0.75,9,差し
オルチャタ,2026-04-13,大井,12,8,14,0.5385,12,差し
オルチャタ,2026-04-27,大井,9,8,13,0.5833,10,差し
オルチャタ,2026-05-18,大井,7,8,13,0.5833,12,差し
オルチャタ,2026-06-08,大井,9,8,12,0.6364,12,差し
オルチャタ,2026-06-30,大井,5,8,11,0.7,11,差し
オルチャタ,2026-07-22,大井,1,8,14,0.5385,13,差し
オルチャタ,2026-08-13,大井,1,5,12,0.3636,7,差し
オルトスラッガー,2026-01-28,大井,12,9,12,0.7273,7,追込
オルトスラッガー,2026-03-12,大井,6,9,9,1.0,7,追込
オルトスラッガー,2026-04-14,大井,11,6,11,0.5,7,追込
オルトスラッガー,2026-05-20,大井,7,4,9,0.375,5,追込
オレユウタヤン,2026-02-20,大井,1,3,14,0.1538,1,差し
オレユウタヤン,2026-03-13,大井,2,1,9,0.0,2,差し
オレユウタヤン,2026-05-19,大井,10,4,13,0.25,5,先行
オレユウタヤン,2026-07-03,大井,5,1,11,0.0,1,差し
オレンジマン,2026-03-13,大井,2,2,9,0.125,5,差し
オレンジマン,2026-03-27,大井,7,3,8,0.2857,8,差し
オレンジマン,2026-04-17,大井,6,4,13,0.25,3,差し
オレンジマン,2026-05-01,大井,4,5,8,0.5714,5,差し
オレンジマン,2026-05-22,大井,4,8,16,0.4667,6,差し
オレンジマン,2026-06-12,大井,3,7,12,0.5455,6,差し
オレンジマン,2026-07-03,大井,5,4,11,0.3,5,差し
オレンジマン,2026-08-15,大井,7,9,16,0.5333,4,差し
オレンジルシファー,2026-05-18,大井,3,2,7,0.1667,2,
オレンジルシファー,2026-06-30,大井,1,2,11,0.1,2,差し
オレンジルシファー,2026-07-24,大井,2,2,5,0.25,3,差し
オロブランコ,2026-01-16,大井,6,12,13,0.9167,11,追込
オロブランコ,2026-01-30,大井,5,10,13,0.75,11,追込
オロールシェール,2026-01-13,大井,5,1,14,0.0,2,差し
オロールシェール,2026-01-29,大井,4,9,12,0.7273,12,先行
オロールシェール,2026-02-20,大井,2,3,12,0.1818,9,差し
オロールシェール,2026-03-11,大井,4,2,14,0.0769,1,先行
オロールシェール,2026-03-27,大井,2,2,12,0.0909,5,先行
オロールシェール,2026-04-17,大井,5,2,9,0.125,4,先行
オロールシェール,2026-07-22,大井,10,4,9,0.375,7,先行
オロールシェール,2026-08-15,大井,7,10,16,0.6,16,先行
オンマガトオル,2026-01-16,大井,7,4,9,0.375,3,差し
オンマガトオル,2026-02-19,大井,11,6,15,0.3571,7,差し
オンリーユーズド,2026-01-16,大井,4,9,14,0.6154,7,差し
オンリーユーズド,2026-01-30,大井,5,4,13,0.25,10,差し
オンリーユーズド,2026-02-20,大井,8,4,13,0.25,5,差し
オンリーユーズド,2026-03-13,大井,5,10,14,0.6923,9,差し
オンリーユーズド,2026-03-24,大井,10,1,14,0.0,1,差し
オンリーユーズド,2026-04-17,大井,10,1,13,0.0,6,先行
オンリーユーズド,2026-04-29,大井,10,1,15,0.0,4,逃げ
オンリーユーズド,2026-05-20,大井,9,1,15,0.0,7,逃げ
オンリーユーズド,2026-07-01,大井,9,1,14,0.0,12,逃げ
オンリーユーズド,2026-08-14,大井,8,6,16,0.3333,8,逃げ
オーギュスタン,2026-06-30,大井,2,4,5,0.75,4,
オーサムデアラー,2026-08-15,大井,9,7,14,0.4615,13,追込
オーシャンクロノス,2026-03-10,大井,3,4,9,0.375,8,差し
オーシャンクロノス,2026-03-24,大井,5,5,9,0.5,8,差し
オーシャンクロノス,2026-04-14,大井,1,2,11,0.1,5,差し
オーシャンクロノス,2026-04-28,大井,3,6,14,0.3846,10,差し
オーシャンクロノス,2026-05-21,大井,1,4,11,0.3,7,差し
オーシャンクロノス,2026-06-10,大井,3,5,11,0.4,8,差し
オーシャンクロノス,2026-07-01,大井,2,7,13,0.5,10,差し
オーシャンクロノス,2026-07-21,大井,2,6,14,0.3846,6,差し
オーシャンクロノス,2026-08-12,大井,4,4,14,0.2308,9,差し
オーシンソラ,2026-08-31,大井,4,1,6,0.0,1,
オーシンハーフ,2026-08-31,大井,11,5,14,0.3077,2,追込
オーシンレーベン,2026-06-30,大井,7,6,11,0.5,7,差し
オーシンレーベン,2026-07-21,大井,9,6,12,0.4545,10,差し
オーシンロクゼロ,2026-01-15,大井,11,10,11,0.9,4,追込
オーシンロクゼロ,2026-02-17,大井,11,11,15,0.7143,6,追込
オーシンロクゼロ,2026-04-17,大井,11,7,12,0.5455,5,追込
オーシンロクゼロ,2026-04-30,大井,10,7,15,0.4286,7,追込
オーシンロクゼロ,2026-06-29,大井,11,6,14,0.3846,8,追込
オースミメッシーナ,2026-01-16,大井,9,3,12,0.1818,10,追込
オースミメッシーナ,2026-02-18,大井,10,1,11,0.0,6,追込
オースミメッシーナ,2026-03-13,大井,10,7,13,0.5,2,差し
オースミメッシーナ,2026-03-23,大井,11,2,13,0.0833,4,差し
オースミメッシーナ,2026-04-17,大井,12,5,14,0.3077,7,差し
オースミメッシーナ,2026-04-29,大井,12,4,16,0.2,4,差し
オースミメッシーナ,2026-05-19,大井,12,5,16,0.2667,7,差し
オースミメッシーナ,2026-06-09,大井,9,5,14,0.3077,11,差し
オースミメッシーナ,2026-07-01,大井,7,4,12,0.2727,5,差し
オーデンミカ,2026-03-13,大井,3,11,12,0.9091,9,追込
オーデンミカ,2026-03-27,大井,5,13,14,0.9231,12,追込
オーバーテムズ,2026-04-13,大井,3,6,10,0.5556,10,差し
オールアイズオン,2026-05-19,大井,6,6,14,0.3846,7,追込
オールアイズオン,2026-06-08,大井,6,4,9,0.375,4,追込
オールインアリス,2026-01-29,大井,11,11,11,1.0,9,追込
オールインアリス,2026-05-19,大井,10,8,13,0.5833,13,追込
オールエクシード,2026-01-12,大井,3,4,15,0.2143,11,差し
オールエクシード,2026-01-27,大井,2,4,14,0.2308,9,先行
オールエクシード,2026-02-17,大井,1,12,15,0.7857,15,先行
オールエクシード,2026-03-09,大井,3,12,15,0.7857,13,差し
オールエクシード,2026-03-23,大井,3,12,13,0.9167,12,差し
オールケアドリーム,2026-02-18,大井,7,14,14,1.0,13,先行
オールケアドリーム,2026-03-13,大井,8,4,10,0.3333,10,先行
オールケアドリーム,2026-03-27,大井,10,2,10,0.1111,5,先行
オールケアドリーム,2026-04-16,大井,7,4,11,0.3,4,先行
オールケアドリーム,2026-04-30,大井,7,1,13,0.0,9,先行
オールケアドリーム,2026-05-20,大井,9,2,15,0.0714,13,先行
オールスターズ,2026-07-03,大井,1,1,11,0.0,1,差し
オールスターズ,2026-07-20,大井,7,2,10,0.1111,7,先行
オールスターズ,2026-08-31,大井,7,2,13,0.0833,7,先行
オールスパイス,2026-01-13,大井,12,5,16,0.2667,10,差し
オールスパイス,2026-02-16,大井,7,5,14,0.3077,14,先行
オールズフェア,2026-03-13,大井,5,1,14,0.0,12,先行
オールズフェア,2026-03-24,大井,8,1,12,0.0,8,先行
オーヴァザトラブル,2026-01-14,大井,4,3,13,0.1667,1,差し
オーヴァザトラブル,2026-01-30,大井,2,3,9,0.25,2,差し
オーヴァザトラブル,2026-02-20,大井,3,7,14,0.4615,7,差し
オーヴァザトラブル,2026-03-09,大井,11,7,10,0.6667,4,差し
オーヴァザトラブル,2026-03-27,大井,1,4,9,0.375,4,差し
オーヴァーザトップ,2026-01-15,大井,7,6,10,0.5556,5,差し
オーヴァーザトップ,2026-01-30,大井,6,4,14,0.2308,8,差し
オーヴァーザトップ,2026-02-19,大井,10,7,14,0.4615,7,差し
オーヴァーザトップ,2026-03-13,大井,6,9,14,0.6154,4,差し
オーヴァーザトップ,2026-03-27,大井,6,12,14,0.8462,10,差し
オーヴァーザトップ,2026-05-01,大井,8,3,10,0.2222,8,差し
オーヴァーザトップ,2026-05-22,大井,8,6,13,0.4167,10,差し
オーヴァーザトップ,2026-06-12,大井,6,4,12,0.2727,10,差し
オーヴァーザトップ,2026-07-03,大井,6,3,9,0.25,6,差し
オーヴァーザトップ,2026-07-21,大井,6,3,13,0.1667,13,差し
カイタロー,2026-01-16,大井,7,5,9,0.5,9,差し
カイタロー,2026-01-28,大井,10,7,13,0.5,10,差し
カイトルスト,2026-01-26,大井,3,9,9,1.0,8,
カイトルスト,2026-02-16,大井,3,10,11,0.9,11,差し
カイトルスト,2026-05-18,大井,2,9,14,0.6154,13,差し
カガヤキスバル,2026-01-14,大井,7,8,12,0.6364,8,差し
カガヤキスバル,2026-01-27,大井,9,13,14,0.9231,10,差し
カガヤキスバル,2026-02-18,大井,4,8,14,0.5385,7,差し
カガヤキスバル,2026-03-10,大井,9,2,14,0.0769,1,差し
カガヤキスバル,2026-03-25,大井,6,10,14,0.6923,9,差し
カガヤキスバル,2026-04-16,大井,6,7,14,0.4615,7,差し
カガヤキスバル,2026-04-30,大井,6,7,14,0.4615,8,差し
カガヤキスバル,2026-05-20,大井,10,3,12,0.1818,7,差し
カガヤキスバル,2026-06-11,大井,9,8,14,0.5385,14,差し
カガヤキテンマ,2026-01-15,大井,12,1,8,0.0,4,逃げ
カガヤキテンマ,2026-02-18,大井,12,1,13,0.0,4,逃げ
カガヤキテンマ,2026-03-09,大井,8,2,7,0.1667,1,逃げ
カガヤキトップ,2026-03-10,大井,12,1,16,0.0,7,先行
カガヤキトップ,2026-03-23,大井,11,1,13,0.0,3,逃げ
カガヤキトップ,2026-04-17,大井,12,2,14,0.0769,4,逃げ
カガヤキトップ,2026-04-29,大井,12,3,16,0.1333,3,逃げ
カガヤキトップ,2026-05-19,大井,12,5,16,0.2667,9,逃げ
カガヤキトップ,2026-06-10,大井,10,1,14,0.0,2,先行
カガヤキトップ,2026-06-30,大井,9,3,9,0.25,2,先行
カガヤキトップ,2026-07-20,大井,12,3,14,0.1538,3,先行
カキクエバ,2026-06-30,大井,3,5,8,0.5714,8,
カキクエバ,2026-07-23,大井,3,7,11,0.6,7,差し
カクヒメ,2026-01-14,大井,5,5,11,0.4,3,差し
カクヒメ,2026-02-20,大井,1,4,14,0.2308,3,差し
カクヒメ,2026-07-23,大井,5,4,16,0.2,4,差し
カクヒメ,2026-08-14,大井,2,3,16,0.1333,6,差し
カシマショウリュウ,2026-01-12,大井,5,3,7,0.3333,2,
カシマショウリュウ,2026-08-31,大井,6,1,14,0.0,1,差し
カシマブライトン,2026-04-29,大井,4,7,12,0.5455,11,追込
カスミヅキ,2026-01-29,大井,2,5,14,0.3077,12,差し
カスミヅキ,2026-02-19,大井,2,13,13,1.0,13,差し
カズタンジャー,2026-07-01,大井,11,5,13,0.3333,7,差し
カズノトレジャー,2026-01-15,大井,9,6,12,0.4545,8,差し
カズノトレジャー,2026-02-17,大井,8,7,10,0.6667,2,差し
カズノトレジャー,2026-03-13,大井,8,9,10,0.8889,5,追込
カズノトレジャー,2026-04-16,大井,7,4,11,0.3,3,追込
カズノトレジャー,2026-04-30,大井,7,7,13,0.5,11,差し
カズノトレジャー,2026-05-21,大井,5,7,14,0.4615,4,追込
カズノトレジャー,2026-06-12,大井,8,8,13,0.5833,5,追込
カズノトレジャー,2026-07-01,大井,6,6,10,0.5556,6,追込
カズノトレジャー,2026-07-24,大井,9,4,12,0.2727,6,追込
カズノトレジャー,2026-08-16,大井,6,7,13,0.5,9,追込
カズノマリア,2026-01-27,大井,2,7,14,0.4615,7,差し
カズノマリア,2026-02-17,大井,2,7,13,0.5,10,差し
カズノマリア,2026-08-15,大井,2,3,14,0.1538,1,差し
カズピレウス,2026-01-16,大井,4,2,14,0.0769,6,先行
カズピレウス,2026-01-30,大井,10,5,16,0.2667,8,先行
カズピレウス,2026-02-20,大井,12,8,16,0.4667,16,先行
カズピレウス,2026-03-13,大井,4,9,12,0.7273,12,先行
カズピレウス,2026-07-22,大井,5,4,11,0.3,11,差し
カズピレウス,2026-08-16,大井,10,3,13,0.1667,10,差し
カズピレウス,2026-09-04,大井,10,4,14,0.2308,13,差し
カズプレスト,2026-03-13,大井,11,1,10,0.0,1,追込
カズプレスト,2026-04-16,大井,11,2,16,0.0667,5,追込
カズプレスト,2026-06-29,大井,11,1,14,0.0,2,追込
カズプレスト,2026-08-16,大井,9,2,9,0.125,4,先行
カセノタイガー,2026-04-27,大井,11,7,16,0.4,11,差し
カセノタイガー,2026-05-22,大井,12,9,15,0.5714,10,追込
カセノタイガー,2026-06-09,大井,10,6,13,0.4167,10,追込
カセノタイガー,2026-07-03,大井,12,1,13,0.0,2,追込
カセノタイガー,2026-07-24,大井,11,4,16,0.2,4,追込
カセノタイガー,2026-08-15,大井,9,6,14,0.3846,3,追込
カセノマウンティン,2026-01-15,大井,9,7,12,0.5455,5,追込
カセノマウンティン,2026-01-29,大井,9,5,8,0.5714,6,追込
カセノマウンティン,2026-02-17,大井,8,9,10,0.8889,10,追込
カゼノハガクレ,2026-01-14,大井,9,7,10,0.6667,5,逃げ
カゼノハガクレ,2026-01-28,大井,9,3,9,0.25,3,差し
カゼノハガクレ,2026-03-11,大井,9,3,11,0.2,3,差し
カゼノランナー,2026-07-01,大井,11,1,13,0.0,9,先行
カタリテ,2026-03-25,大井,11,3,7,0.3333,3,先行
カチャ,2026-07-20,大井,4,6,10,0.5556,6,
カチャ,2026-08-15,大井,3,3,9,0.25,3,差し
カチョカヴァロ,2026-01-13,大井,6,6,13,0.4167,8,差し
カチョカヴァロ,2026-01-27,大井,6,8,11,0.7,9,差し
カチョカヴァロ,2026-03-24,大井,6,9,14,0.6154,9,差し
カチョカヴァロ,2026-04-14,大井,2,2,12,0.0909,3,差し
カチョカヴァロ,2026-04-28,大井,4,5,12,0.3636,10,差し
カチョカヴァロ,2026-05-21,大井,2,2,14,0.0769,6,差し
カチョカヴァロ,2026-06-10,大井,3,4,11,0.3,5,差し
カッタラキマセン,2026-04-16,大井,6,8,14,0.5385,9,先行
カッタラキマセン,2026-04-30,大井,6,3,14,0.1538,3,差し
カッタラキマセン,2026-05-21,大井,9,2,13,0.0833,4,差し
カッタラキマセン,2026-06-12,大井,6,1,12,0.0,9,差し
カッタラキマセン,2026-07-03,大井,10,2,14,0.0769,2,先行
カツノベラミ,2026-01-12,大井,6,10,14,0.6923,9,追込
カツノベラミ,2026-01-26,大井,4,4,13,0.25,3,追込
カツノベラミ,2026-02-16,大井,4,4,12,0.2727,5,追込
カツノベラミ,2026-03-09,大井,6,9,14,0.6154,11,追込
カツノベラミ,2026-03-24,大井,3,9,14,0.6154,9,差し
カナウ,2026-07-01,大井,10,3,13,0.1667,7,追込
カナホゲラ,2026-06-12,大井,3,2,12,0.0909,2,差し
カナホゲラ,2026-07-03,大井,7,1,9,0.0,1,差し
カナホゲラ,2026-08-16,大井,7,1,11,0.0,7,先行
カヌレフレイバー,2026-05-01,大井,11,2,10,0.1111,1,先行
カヌレフレイバー,2026-06-08,大井,10,1,9,0.0,1,先行
カヌレフレイバー,2026-07-02,大井,11,1,10,0.0,4,逃げ
カノアレディー,2026-01-14,大井,2,2,15,0.0714,2,差し
カノアレディー,2026-01-29,大井,3,8,13,0.5833,12,先行
カノアレディー,2026-02-19,大井,1,1,16,0.0,1,先行
カノアレディー,2026-03-09,大井,12,2,14,0.0769,5,先行
カノアレディー,2026-03-23,大井,9,1,13,0.0,1,先行
カノアレディー,2026-04-14,大井,6,5,10,0.4444,8,先行
カノアレディー,2026-04-29,大井,4,2,12,0.0909,10,先行
カノアレディー,2026-05-21,大井,9,7,13,0.5,12,逃げ
カノアレディー,2026-06-09,大井,5,7,11,0.6,11,先行
カフジダージリン,2026-02-16,大井,1,7,16,0.4,13,
カフジテルビウム,2026-02-19,大井,12,7,13,0.5,10,先行
カフジフェイジョア,2026-06-29,大井,3,4,8,0.4286,5,
カフジペンタゴン,2026-01-15,大井,9,11,12,0.9091,10,差し
カフジライオル,2026-08-31,大井,5,9,12,0.7273,7,
カプチーノ,2026-01-12,大井,9,7,15,0.4286,5,差し
カプチーノ,2026-01-26,大井,9,8,11,0.7,6,差し
カプチーノ,2026-02-17,大井,7,10,14,0.6923,12,差し
カプチーノ,2026-03-09,大井,12,12,14,0.8462,6,差し
カプチーノ,2026-03-23,大井,9,9,13,0.6667,2,差し
カプチーノ,2026-04-14,大井,6,3,10,0.2222,7,差し
カプチーノ,2026-04-28,大井,7,6,14,0.3846,5,差し
カプチーノ,2026-05-19,大井,5,6,14,0.3846,7,差し
カプチーノ,2026-06-09,大井,5,7,11,0.6,5,差し
カプチーノ,2026-07-01,大井,4,2,14,0.0769,6,差し
カプチーノ,2026-07-20,大井,8,5,13,0.3333,4,差し
カプチーノ,2026-08-13,大井,6,4,12,0.2727,10,差し
カプチーノ,2026-08-31,大井,8,7,14,0.4615,4,差し
カミコ,2026-05-18,大井,3,3,7,0.3333,5,
カミコ,2026-06-09,大井,3,4,10,0.3333,7,差し
カミコ,2026-06-30,大井,1,3,11,0.2,11,差し
カミコ,2026-07-24,大井,2,4,5,0.75,4,差し
カミコ,2026-08-16,大井,3,4,10,0.3333,9,差し
カミノブレス,2026-06-29,大井,2,7,14,0.4615,8,
カミノブレス,2026-07-20,大井,6,4,13,0.25,2,差し
カミュ,2026-02-17,大井,6,7,12,0.5455,9,追込
カミュ,2026-06-09,大井,6,7,12,0.5455,11,追込
カミュ,2026-07-01,大井,4,7,14,0.4615,8,差し
カミュ,2026-07-23,大井,1,5,13,0.3333,9,追込
カラーオブジアース,2026-03-10,大井,10,2,10,0.1111,6,差し
カラーオブジアース,2026-03-24,大井,12,7,13,0.5,7,差し
カラーオブジアース,2026-04-17,大井,10,3,13,0.1667,8,差し
カラーオブジアース,2026-05-21,大井,5,3,14,0.1538,9,差し
カラーオブジアース,2026-06-12,大井,8,6,13,0.4167,10,差し
カラーオブジアース,2026-07-01,大井,9,7,14,0.4615,11,差し
カラーオブジアース,2026-08-14,大井,6,7,11,0.6,4,差し
カラーカウア,2026-07-21,大井,4,2,8,0.1429,4,
カリスマエートス,2026-01-13,大井,12,7,16,0.4,6,差し
カリスマエートス,2026-01-26,大井,9,4,11,0.3,10,差し
カリスマエートス,2026-02-17,大井,6,4,12,0.2727,10,差し
カリスマエートス,2026-04-13,大井,12,4,14,0.2308,8,差し
カリスマエートス,2026-04-27,大井,9,2,13,0.0833,2,差し
カリナ,2026-01-15,大井,5,7,15,0.4286,11,差し
カリナ,2026-01-29,大井,12,4,14,0.2308,12,差し
カリナ,2026-02-19,大井,8,10,13,0.75,10,差し
カリナ,2026-03-12,大井,7,9,11,0.8,9,差し
カリナ,2026-03-25,大井,4,6,12,0.4545,12,差し
カリナ,2026-04-16,大井,12,6,10,0.5556,9,差し
カリナ,2026-04-29,大井,3,7,13,0.5,13,差し
カルサパラストリス,2026-01-14,大井,1,6,13,0.4167,9,差し
カルサパラストリス,2026-01-29,大井,2,10,14,0.6923,11,差し
カルサパラストリス,2026-02-18,大井,2,7,13,0.5,12,差し
カルサパラストリス,2026-03-11,大井,2,10,12,0.8182,11,差し
カルサパラストリス,2026-03-26,大井,1,7,13,0.5,4,差し
カルサパラストリス,2026-04-16,大井,1,5,14,0.3077,4,差し
カルサパラストリス,2026-04-29,大井,1,3,8,0.2857,1,差し
カルサパラストリス,2026-05-18,大井,5,5,12,0.3636,7,差し
カルサパラストリス,2026-06-09,大井,4,5,10,0.4444,5,差し
カルサパラストリス,2026-07-01,大井,4,6,14,0.3846,5,差し
カルサパラストリス,2026-07-24,大井,1,3,15,0.1429,2,差し
カルサパラストリス,2026-08-13,大井,6,4,12,0.2727,2,差し
カルサパラストリス,2026-09-04,大井,10,2,14,0.0769,2,差し
カルデア,2026-03-12,大井,7,5,11,0.4,5,先行
カルデア,2026-03-25,大井,5,6,11,0.5,8,先行
カルデア,2026-04-17,大井,7,4,10,0.3333,8,先行
カルデア,2026-05-01,大井,7,5,7,0.6667,5,差し
カルデア,2026-06-12,大井,5,7,14,0.4615,12,差し
カルデア,2026-07-03,大井,9,6,12,0.4545,11,差し
カルデア,2026-07-22,大井,6,7,14,0.4615,11,差し
カレックス,2026-02-17,大井,3,6,13,0.4167,6,追込
カレックス,2026-04-27,大井,4,4,11,0.3,7,追込
カレックス,2026-06-08,大井,4,1,10,0.0,4,追込
カレックス,2026-06-29,大井,5,3,12,0.1818,4,差し
カレックス,2026-07-21,大井,2,3,14,0.1538,4,差し
カレックス,2026-08-13,大井,4,6,14,0.3846,11,差し
カレラルーチェ,2026-08-12,大井,2,1,5,0.0,1,
カレンマウラー,2026-01-15,大井,9,4,12,0.2727,4,追込
カレンマウラー,2026-01-30,大井,8,11,13,0.8333,11,追込
カレンマウラー,2026-02-18,大井,7,8,14,0.5385,10,追込
カレンマウラー,2026-03-12,大井,12,1,14,0.0,9,追込
カレンマウラー,2026-03-27,大井,10,7,10,0.6667,6,差し
カレンマウラー,2026-04-16,大井,7,7,11,0.6,9,差し
カレンマウラー,2026-04-30,大井,12,6,14,0.3846,10,差し
カレンマウラー,2026-05-21,大井,7,5,11,0.4,10,差し
カレンマウラー,2026-06-10,大井,8,6,12,0.4545,10,差し
カレンマウラー,2026-06-30,大井,7,9,11,0.8,11,追込
カレンマウラー,2026-07-21,大井,8,4,11,0.3,10,追込
カレンマウラー,2026-08-12,大井,6,7,12,0.5455,9,追込
カレーウドン,2026-05-22,大井,5,4,10,0.3333,4,差し
カレーウドン,2026-06-09,大井,7,7,14,0.4615,6,差し
カレーウドン,2026-06-29,大井,8,9,14,0.6154,7,追込
カレーウドン,2026-07-22,大井,5,4,11,0.3,6,追込
カワノナガレボシ,2026-01-13,大井,7,5,13,0.3333,9,差し
カワノナガレボシ,2026-01-26,大井,8,9,13,0.6667,9,差し
カワノナガレボシ,2026-03-09,大井,9,8,14,0.5385,13,差し
カワノナガレボシ,2026-03-23,大井,8,11,12,0.9091,11,差し
カンタベリータイム,2026-01-15,大井,2,5,6,0.8,6,差し
カンタベリータイム,2026-01-29,大井,5,5,7,0.6667,4,差し
カンタベリータイム,2026-06-11,大井,4,3,14,0.1538,7,差し
カンタベリータイム,2026-07-02,大井,4,3,13,0.1667,2,差し
カンタベリータイム,2026-08-15,大井,6,2,13,0.0833,5,差し
カンタベリーバイク,2026-02-17,大井,2,9,13,0.6667,9,差し
カンタベリーバイク,2026-03-10,大井,1,10,14,0.6923,9,差し
カンタベリーバイク,2026-03-25,大井,1,5,10,0.4444,7,差し
カンタベリーバイク,2026-04-15,大井,2,6,13,0.4167,6,差し
カンタベリーバイク,2026-04-28,大井,2,5,13,0.3333,6,差し
カンタベリーバイク,2026-05-19,大井,3,4,12,0.2727,4,差し
カンタベリーバイク,2026-06-10,大井,2,6,14,0.3846,10,差し
カンノンハヤテ,2026-02-20,大井,3,11,14,0.7692,12,差し
カンノンハヤテ,2026-03-13,大井,1,3,6,0.4,5,差し
カンノンハヤテ,2026-03-27,大井,1,3,9,0.25,8,差し
カンノンハヤテ,2026-04-17,大井,4,2,7,0.1667,3,差し
カンノンハヤテ,2026-05-01,大井,3,3,9,0.25,4,差し
カンノンピョンタ,2026-01-13,大井,5,11,14,0.7692,8,差し
カンノンピョンタ,2026-01-28,大井,3,13,14,0.9231,14,差し
カンノンピョンタ,2026-02-19,大井,5,9,14,0.6154,6,差し
カンノンピョンタ,2026-03-11,大井,3,10,12,0.8182,10,追込
カンノンピョンタ,2026-03-24,大井,6,8,14,0.5385,5,追込
カンノンピョンタ,2026-04-14,大井,2,4,12,0.2727,2,追込
カンノンピョンタ,2026-06-10,大井,4,4,14,0.2308,4,追込
カンノンピョンタ,2026-07-02,大井,4,4,13,0.25,5,差し
カンノンピョンタ,2026-07-23,大井,5,8,16,0.4667,11,差し
カンノンピョンタ,2026-08-14,大井,1,3,10,0.2222,5,差し
カンノンミカヅキ,2026-02-18,大井,12,9,13,0.6667,12,差し
カンノンミカヅキ,2026-03-11,大井,11,11,12,0.9091,11,差し
カンノンミカヅキ,2026-04-15,大井,12,6,16,0.3333,12,差し
カヴァス,2026-01-15,大井,10,4,12,0.2727,4,差し
カヴァス,2026-01-29,大井,10,7,15,0.4286,4,差し
カヴァス,2026-02-17,大井,8,4,10,0.3333,8,差し
カヴァス,2026-03-11,大井,10,7,13,0.5,8,差し
カヴァス,2026-03-26,大井,10,7,14,0.4615,13,差し
カヴァス,2026-04-15,大井,7,7,12,0.5455,9,差し
カヴァス,2026-04-29,大井,8,7,14,0.4615,12,差し
カヴァス,2026-05-19,大井,7,2,10,0.1111,3,差し
カヴァス,2026-06-10,大井,9,7,14,0.4615,14,差し
カヴァス,2026-06-30,大井,7,8,11,0.7,10,差し
カヴァス,2026-07-24,大井,10,8,14,0.5385,13,差し
カヴァス,2026-08-14,大井,8,10,16,0.6,16,差し
カーラエスメラルダ,2026-01-28,大井,1,1,12,0.0,1,差し
カーラエスメラルダ,2026-02-19,大井,2,2,13,0.0833,2,差し
カーラエスメラルダ,2026-03-09,大井,10,2,13,0.0833,2,差し
カーラエスメラルダ,2026-03-23,大井,8,1,12,0.0,1,先行
カーラエスメラルダ,2026-08-14,大井,3,5,13,0.3333,12,先行
カーラエスメラルダ,2026-08-31,大井,7,1,13,0.0,3,先行
カーラミーア,2026-03-12,大井,2,1,13,0.0,10,先行
カーラミーア,2026-03-26,大井,3,1,14,0.0,7,先行
カーラミーア,2026-04-16,大井,3,1,11,0.0,4,先行
カーラミーア,2026-04-29,大井,2,1,13,0.0,1,先行
カーラミーア,2026-05-18,大井,7,1,13,0.0,1,先行
カーラミーア,2026-06-11,大井,9,3,14,0.1538,2,逃げ
カーラミーア,2026-07-02,大井,8,2,13,0.0833,3,先行
カールスバート,2026-01-14,大井,11,6,11,0.5,5,差し
カールスバート,2026-04-28,大井,11,8,16,0.4667,15,差し
カールスバート,2026-06-11,大井,11,8,12,0.6364,9,追込
ガストフロント,2026-03-11,大井,10,10,13,0.75,9,差し
ガストフロント,2026-03-25,大井,10,7,10,0.6667,2,差し
ガストフロント,2026-04-15,大井,10,9,14,0.6154,14,差し
ガストフロント,2026-04-29,大井,8,9,14,0.6154,11,差し
ガストフロント,2026-05-19,大井,6,7,14,0.4615,11,差し
ガストフロント,2026-06-10,大井,9,5,14,0.3077,12,差し
ガットショット,2026-01-26,大井,3,3,9,0.25,3,
ガットショット,2026-04-27,大井,5,3,10,0.2222,9,差し
ガットショット,2026-05-20,大井,5,3,11,0.2,7,差し
ガットショット,2026-06-08,大井,5,2,12,0.0909,3,差し
ガットショット,2026-06-29,大井,6,6,14,0.3846,8,差し
ガニュメデスレイ,2026-01-29,大井,1,10,12,0.8182,9,追込
ガニュメデスレイ,2026-02-18,大井,1,8,12,0.6364,7,追込
ガニュメデスレイ,2026-03-11,大井,1,13,14,0.9231,7,追込
ガニュメデスレイ,2026-03-25,大井,1,8,10,0.7778,4,追込
ガニュメデスレイ,2026-04-16,大井,2,7,11,0.6,6,追込
ガニュメデスレイ,2026-04-30,大井,1,5,14,0.3077,6,追込
ガニュメデスレイ,2026-05-20,大井,2,7,11,0.6,9,追込
ガニュメデスレイ,2026-06-11,大井,1,5,14,0.3077,8,追込
ガニュメデスレイ,2026-07-03,大井,1,5,11,0.4,6,追込
ガニュメデスレイ,2026-07-24,大井,1,5,15,0.2857,6,差し
ガニュメデスレイ,2026-08-17,大井,1,6,11,0.5,8,差し
ガビーズファミリー,2026-03-24,大井,8,6,12,0.4545,7,差し
ガブリン,2026-07-21,大井,5,3,9,0.25,2,
ガブリン,2026-08-17,大井,3,4,7,0.5,4,差し
ガリマド,2026-01-13,大井,4,8,16,0.4667,7,差し
ガリマド,2026-01-27,大井,4,8,13,0.5833,3,差し
ガリマド,2026-02-19,大井,6,12,14,0.8462,11,差し
ガリマド,2026-03-10,大井,5,10,14,0.6923,10,差し
ガリマド,2026-03-24,大井,6,10,14,0.6923,11,差し
ガリマド,2026-04-14,大井,2,4,12,0.2727,8,差し
ガリマド,2026-04-28,大井,5,8,14,0.5385,6,差し
ガリマド,2026-05-21,大井,1,6,11,0.5,11,差し
ガリマド,2026-06-09,大井,2,6,13,0.4167,10,差し
ガリマド,2026-06-29,大井,6,5,14,0.3077,10,差し
ガリマド,2026-07-21,大井,3,5,14,0.3077,4,差し
ガリマド,2026-08-13,大井,5,7,14,0.4615,13,差し
ガンダーラ,2026-01-14,大井,5,6,11,0.5,8,差し
ガンダーラ,2026-01-28,大井,3,8,14,0.5385,5,差し
ガンダーラ,2026-02-19,大井,4,1,11,0.0,4,差し
ガンナール,2026-01-15,大井,1,5,12,0.3636,10,追込
ガンバリーリエ,2026-01-12,大井,7,3,13,0.1667,10,差し
ガンバリーリエ,2026-01-26,大井,5,1,13,0.0,8,差し
ガンバリーリエ,2026-02-16,大井,3,1,11,0.0,2,先行
ガンバリーリエ,2026-06-09,大井,2,2,13,0.0833,6,先行
ガンバリーリエ,2026-06-29,大井,6,1,14,0.0,3,先行
ガンバリーリエ,2026-07-21,大井,3,2,14,0.0769,5,逃げ
ガンモレジェンド,2026-01-12,大井,11,4,9,0.375,3,追込
ガンモレジェンド,2026-01-26,大井,12,7,15,0.4286,10,追込
ガンモレジェンド,2026-02-16,大井,8,11,13,0.8333,9,追込
ガンモレジェンド,2026-03-12,大井,9,6,7,0.8333,6,追込
ガンモレジェンド,2026-03-24,大井,11,15,16,0.9333,10,追込
ガンモレジェンド,2026-04-13,大井,9,6,12,0.4545,11,追込
ガンモレジェンド,2026-04-28,大井,10,6,9,0.625,8,追込
ガンモレジェンド,2026-05-20,大井,12,11,14,0.7692,11,追込
ガンモレジェンド,2026-06-12,大井,7,8,11,0.7,6,追込
ガンモレジェンド,2026-06-30,大井,12,9,12,0.7273,9,追込
ガンモレジェンド,2026-07-23,大井,12,7,12,0.5455,6,追込
ガーベラフレイバー,2026-02-18,大井,9,1,11,0.0,2,先行
ガーベラフレイバー,2026-08-15,大井,6,1,13,0.0,1,逃げ
ガーリッシュ,2026-07-22,大井,4,8,14,0.5385,2,差し
ガーリッシュ,2026-08-14,大井,2,2,16,0.0667,1,差し
キエティスム,2026-01-14,大井,12,7,14,0.4615,13,差し
キエティスム,2026-01-27,大井,11,3,13,0.1667,4,差し
キエティスム,2026-05-20,大井,12,3,14,0.1538,10,先行
キエティスム,2026-06-08,大井,11,4,16,0.2,13,先行
キエティスム,2026-06-29,大井,12,1,13,0.0,1,先行
キエティスム,2026-07-22,大井,11,7,15,0.4286,15,先行
キエティスム,2026-08-14,大井,7,4,8,0.4286,8,先行
キタサンユニゾン,2026-01-16,大井,10,5,11,0.4,4,差し
キタサンユニゾン,2026-01-30,大井,8,8,13,0.5833,9,差し
キタサンユニゾン,2026-02-18,大井,8,7,14,0.4615,7,差し
キタサンユニゾン,2026-03-24,大井,12,3,13,0.1667,9,差し
キタサンユニゾン,2026-04-16,大井,8,5,12,0.3636,1,差し
キタサンユージャ,2026-04-16,大井,9,1,16,0.0,6,差し
キタサンユージャ,2026-04-30,大井,8,3,10,0.2222,3,先行
キタサンユージャ,2026-05-21,大井,10,1,16,0.0,6,先行
キタサンユージャ,2026-06-09,大井,9,4,14,0.2308,10,先行
キタサンユージャ,2026-07-02,大井,7,1,11,0.0,2,先行
キタサンユージャ,2026-07-24,大井,10,1,14,0.0,8,先行
キタサンユージャ,2026-08-16,大井,7,1,11,0.0,11,先行
キタノハヤブサ,2026-01-15,大井,6,7,14,0.4615,14,差し
キタノファルコン,2026-07-22,大井,2,3,16,0.1333,10,差し
キタノファルコン,2026-08-16,大井,2,5,13,0.3333,7,差し
キタノブライド,2026-02-20,大井,11,12,15,0.7857,10,追込
キタノブレイド,2026-01-16,大井,11,8,11,0.7,7,追込
キタノブレイド,2026-01-29,大井,8,4,8,0.4286,6,追込
キタノブレイド,2026-04-29,大井,7,5,8,0.5714,6,追込
キタノブレイド,2026-05-20,大井,7,4,9,0.375,9,追込
キタノブレイド,2026-06-12,大井,11,7,11,0.6,11,追込
キタノブレイド,2026-07-01,大井,10,5,13,0.3333,12,追込
キタノホウセキ,2026-02-20,大井,8,1,13,0.0,2,先行
キタノホウセキ,2026-03-11,大井,9,1,11,0.0,2,先行
キタノホウセキ,2026-03-26,大井,10,1,14,0.0,12,先行
キタノホウセキ,2026-08-12,大井,7,1,11,0.0,3,先行
キタノマティーニ,2026-01-13,大井,12,2,16,0.0667,1,先行
キタノマティーニ,2026-01-28,大井,7,3,13,0.1667,9,先行
キタノマティーニ,2026-02-18,大井,6,3,16,0.1333,2,先行
キタノマティーニ,2026-03-12,大井,8,1,11,0.0,1,先行
キタノマティーニ,2026-03-27,大井,6,1,14,0.0,2,先行
キタノマティーニ,2026-04-14,大井,12,1,14,0.0,3,先行
キタノマティーニ,2026-04-29,大井,8,1,14,0.0,6,逃げ
キタノマティーニ,2026-07-23,大井,8,1,9,0.0,6,逃げ
キタノマティーニ,2026-08-17,大井,10,4,12,0.2727,8,逃げ
キタノマティーニ,2026-09-02,大井,5,4,12,0.2727,8,逃げ
キタノライジン,2026-01-16,大井,10,5,11,0.4,2,差し
キタノライジン,2026-01-30,大井,9,4,11,0.3,5,差し
キタノライジン,2026-05-21,大井,6,1,12,0.0,2,差し
キタノライジン,2026-06-10,大井,7,1,11,0.0,1,差し
キタノライジン,2026-07-03,大井,12,2,13,0.0833,3,差し
キタノリューオー,2026-02-17,大井,11,10,15,0.6429,10,差し
キテツ,2026-02-18,大井,4,9,14,0.6154,1,先行
キテツ,2026-03-12,大井,8,7,11,0.6,4,差し
キテツ,2026-04-17,大井,8,6,14,0.3846,3,差し
キテツ,2026-05-22,大井,6,4,12,0.2727,3,差し
キテツ,2026-06-12,大井,5,5,14,0.3077,8,差し
キテツ,2026-07-22,大井,6,6,14,0.3846,9,差し
キテツ,2026-08-17,大井,8,5,13,0.3333,2,差し
キバルスター,2026-01-29,大井,2,2,14,0.0769,10,逃げ
キバルスター,2026-02-19,大井,2,5,13,0.3333,9,先行
キバルスター,2026-03-12,大井,1,2,12,0.0909,9,先行
キバルスター,2026-03-26,大井,1,2,13,0.0833,3,先行
キバルスター,2026-04-16,大井,1,3,14,0.1538,12,先行
キバルスター,2026-04-29,大井,1,2,8,0.1429,4,先行
キバルスター,2026-05-20,大井,1,1,13,0.0,5,先行
キバルスター,2026-06-11,大井,1,1,14,0.0,7,先行
キバルスター,2026-07-03,大井,1,3,11,0.2,2,先行
キバルスター,2026-07-23,大井,1,4,13,0.25,6,先行
キミオウ,2026-01-26,大井,3,6,9,0.625,7,
キミオウ,2026-02-16,大井,5,12,13,0.9167,8,差し
キミオウ,2026-03-09,大井,5,10,11,0.9,1,差し
キミオウ,2026-03-26,大井,6,12,13,0.9167,6,差し
キミオウ,2026-09-02,大井,2,12,16,0.7333,10,差し
キミヲコイシタウ,2026-01-12,大井,6,8,14,0.5385,10,差し
キミヲコイシタウ,2026-01-26,大井,4,3,13,0.1667,12,差し
キミヲコイシタウ,2026-02-16,大井,3,4,11,0.3,7,差し
キミヲコイシタウ,2026-03-09,大井,4,3,8,0.2857,8,先行
キミヲコイシタウ,2026-03-23,大井,4,1,7,0.0,7,先行
キミヲコイシタウ,2026-04-13,大井,3,6,10,0.5556,7,先行
キミヲコイシタウ,2026-04-27,大井,3,7,11,0.6,9,先行
キミヲコイシタウ,2026-05-18,大井,1,3,12,0.1818,9,差し
キミヲコイシタウ,2026-06-08,大井,2,1,10,0.0,4,差し
キミヲコイシタウ,2026-06-29,大井,2,2,14,0.0769,4,先行
キミヲコイシタウ,2026-07-20,大井,5,4,10,0.3333,10,差し
キミヲコイシタウ,2026-08-12,大井,5,2,16,0.0667,7,差し
キミヲコイシタウ,2026-08-31,大井,6,4,14,0.2308,14,先行
キャッスルブレイヴ,2026-03-13,大井,11,9,10,0.8889,7,追込
キャップ,2026-05-22,大井,12,11,15,0.7143,15,追込
キャップ,2026-06-09,大井,10,4,13,0.25,4,追込
キャップ,2026-07-03,大井,12,6,13,0.4167,12,追込
キャップ,2026-07-21,大井,12,3,16,0.1333,12,追込
キャップ,2026-08-15,大井,8,6,11,0.5,10,追込
キャップ,2026-09-02,大井,8,7,12,0.5455,11,追込
キャプテンブルー,2026-04-14,大井,11,2,11,0.1,3,先行
キャリアラダー,2026-01-13,大井,6,4,13,0.25,4,差し
キャリアラダー,2026-01-28,大井,3,3,14,0.1538,3,差し
キャリアラダー,2026-02-20,大井,2,7,12,0.5455,3,差し
キャリアラダー,2026-03-12,大井,4,5,9,0.5,7,差し
キャリアラダー,2026-04-17,大井,2,5,11,0.4,4,差し
キャリアラダー,2026-05-01,大井,1,4,10,0.3333,5,差し
キャリアラダー,2026-05-22,大井,10,3,8,0.2857,3,差し
キャリアラダー,2026-06-12,大井,1,4,9,0.375,4,差し
キャリアラダー,2026-07-03,大井,3,7,12,0.5455,4,差し
キャリアラダー,2026-07-24,大井,4,3,11,0.2,5,差し
キャロルビアンカ,2026-01-14,大井,10,10,15,0.6429,12,追込
キャロルビアンカ,2026-01-30,大井,10,13,16,0.8,2,追込
キャロルビアンカ,2026-02-20,大井,12,5,16,0.2667,2,追込
キャロルビアンカ,2026-03-10,大井,10,7,10,0.6667,4,差し
キャロルビアンカ,2026-03-24,大井,12,9,13,0.6667,11,差し
キャロルビアンカ,2026-04-14,大井,7,5,10,0.4444,6,差し
キャロルビアンカ,2026-04-29,大井,10,8,15,0.5,8,差し
キャロルビアンカ,2026-05-20,大井,9,8,15,0.5,9,差し
キャロルビアンカ,2026-07-01,大井,9,7,14,0.4615,4,追込
キュアフローラ,2026-04-30,大井,5,2,10,0.1111,2,差し
キュアフローラ,2026-05-22,大井,5,2,10,0.1111,1,差し
キュアフローラ,2026-06-09,大井,7,6,14,0.3846,11,差し
キュアフローラ,2026-06-29,大井,8,4,14,0.2308,2,差し
キュアフローラ,2026-08-16,大井,10,2,13,0.0833,3,差し
キュキュキュート,2026-07-21,大井,5,6,9,0.625,8,
キュキュキュート,2026-08-15,大井,3,6,9,0.625,4,差し
キュベベペッパー,2026-02-18,大井,1,2,12,0.0909,5,先行
キュベベペッパー,2026-03-11,大井,1,6,14,0.3846,14,先行
キュベベペッパー,2026-07-20,大井,2,4,15,0.2143,10,先行
キューティーハード,2026-03-23,大井,4,1,7,0.0,1,
キューティーハード,2026-04-15,大井,4,3,10,0.2222,5,先行
キューティーハード,2026-04-30,大井,3,3,10,0.2222,4,差し
キューティーハード,2026-05-22,大井,2,5,15,0.2857,3,差し
キューティーハード,2026-06-11,大井,4,7,14,0.4615,5,差し
キューティーハード,2026-07-03,大井,7,6,9,0.625,6,差し
キョウエイアカギ,2026-05-01,大井,5,2,5,0.25,1,
キョウエイアカギ,2026-06-09,大井,3,2,10,0.1111,2,差し
キョウエイアカギ,2026-06-30,大井,1,1,11,0.0,4,差し
キョウエイアカギ,2026-08-17,大井,3,1,7,0.0,1,先行
キラン,2026-01-16,大井,1,10,14,0.6923,12,追込
キラン,2026-01-29,大井,1,8,12,0.6364,7,追込
キラン,2026-02-19,大井,2,11,13,0.8333,12,追込
キラン,2026-03-12,大井,2,8,13,0.5833,12,追込
キラン,2026-03-26,大井,2,8,13,0.5833,13,追込
キラン,2026-04-16,大井,2,4,11,0.3,11,追込
キルコネクション,2026-03-10,大井,9,1,14,0.0,9,先行
キルコネクション,2026-03-23,大井,12,2,13,0.0833,13,先行
キルコネクション,2026-04-13,大井,12,1,14,0.0,2,先行
キルコネクション,2026-04-28,大井,7,2,14,0.0769,13,先行
キルコネクション,2026-05-19,大井,5,2,14,0.0769,14,先行
キルコネクション,2026-06-09,大井,6,1,12,0.0,4,先行
キルコネクション,2026-07-01,大井,5,1,14,0.0,11,先行
キルコネクション,2026-07-20,大井,10,1,14,0.0,6,先行
キルコネクション,2026-08-13,大井,8,2,10,0.1111,8,先行
キルコネクション,2026-08-31,大井,10,3,15,0.1429,13,先行
キワミイモン,2026-01-12,大井,9,14,15,0.9286,12,差し
キワミイモン,2026-01-26,大井,7,8,14,0.5385,8,差し
キワミイモン,2026-02-16,大井,7,7,14,0.4615,12,差し
キングオブワールド,2026-01-14,大井,8,5,13,0.3333,11,追込
キングオブワールド,2026-01-28,大井,8,11,14,0.7692,9,追込
キングオブワールド,2026-02-16,大井,9,7,10,0.6667,6,追込
キングスアイ,2026-02-16,大井,4,2,12,0.0909,1,
キングスアイ,2026-03-12,大井,4,5,9,0.5,3,先行
キングスアイ,2026-08-14,大井,1,5,10,0.4444,8,差し
キングスアイ,2026-09-02,大井,1,2,12,0.0909,1,差し
キングビー,2026-06-08,大井,3,1,5,0.0,2,
ギカモンスター,2026-05-18,大井,4,2,7,0.1667,4,
ギガース,2026-03-26,大井,11,10,13,0.75,1,差し
ギガース,2026-04-15,大井,11,8,14,0.5385,12,差し
ギガース,2026-06-11,大井,11,7,12,0.5455,5,差し
ギャルダル,2026-03-10,大井,11,8,16,0.4667,5,差し
ギャンブルランブル,2026-01-12,大井,5,1,7,0.0,4,
ギンノダンガン,2026-01-16,大井,8,10,12,0.8182,12,差し
ギンノダンガン,2026-01-30,大井,8,4,13,0.25,12,差し
ギンノダンガン,2026-05-21,大井,5,8,14,0.5385,14,差し
ギンノダンガン,2026-06-08,大井,6,1,9,0.0,9,差し
ギンノダンガン,2026-07-01,大井,8,5,14,0.3077,12,差し
クアッズ,2026-04-17,大井,8,1,14,0.0,6,差し
クアッズ,2026-05-01,大井,6,1,12,0.0,1,差し
クアッズ,2026-05-18,大井,8,1,13,0.0,1,差し
クアッズ,2026-06-12,大井,8,1,13,0.0,3,逃げ
クアッズ,2026-07-01,大井,6,1,10,0.0,2,逃げ
クアッズ,2026-07-24,大井,10,3,14,0.1538,10,逃げ
クアッズ,2026-08-16,大井,6,1,13,0.0,7,逃げ
クインズアトリア,2026-01-12,大井,10,4,11,0.3,2,差し
クインズアトリア,2026-01-30,大井,9,9,11,0.8,7,差し
クインズアトリア,2026-02-17,大井,10,5,13,0.3333,8,差し
クインズアトリア,2026-03-13,大井,8,8,10,0.7778,8,差し
クインズアトリア,2026-08-14,大井,8,7,16,0.4,12,差し
クインズアトリア,2026-09-02,大井,10,2,13,0.0833,2,差し
クインズマカロン,2026-01-14,大井,8,2,13,0.0833,5,差し
クインズマカロン,2026-01-28,大井,8,8,14,0.5385,6,差し
クインズマカロン,2026-02-17,大井,10,9,13,0.6667,4,差し
クインズマカロン,2026-03-11,大井,8,9,10,0.8889,4,差し
クインズマカロン,2026-03-26,大井,8,4,7,0.5,2,差し
クインズマカロン,2026-04-14,大井,9,3,10,0.2222,1,差し
クインズマカロン,2026-04-27,大井,11,6,16,0.3333,5,差し
クインズマカロン,2026-05-22,大井,7,3,9,0.25,1,差し
クイーンオブソウル,2026-02-17,大井,10,11,13,0.8333,12,追込
クイーンオブソウル,2026-03-13,大井,10,13,13,1.0,13,追込
クイーンオブソウル,2026-03-27,大井,3,11,12,0.9091,11,追込
クォンタムビット,2026-08-12,大井,4,2,14,0.0769,2,追込
クシコス,2026-08-12,大井,3,5,7,0.6667,7,
クシコス,2026-09-02,大井,4,5,11,0.4,11,先行
クチャモザクワジャ,2026-03-12,大井,8,4,11,0.3,2,差し
クチャモザクワジャ,2026-03-27,大井,6,3,14,0.1538,4,差し
クチャモザクワジャ,2026-04-17,大井,9,1,14,0.0,3,差し
クチャモザクワジャ,2026-05-22,大井,8,4,13,0.25,3,差し
クチャモザクワジャ,2026-06-12,大井,6,3,12,0.1818,2,差し
クチャモザクワジャ,2026-06-29,大井,9,3,9,0.25,4,差し
クチャモザクワジャ,2026-07-23,大井,8,1,9,0.0,1,差し
クチャモザクワジャ,2026-08-12,大井,8,2,13,0.0833,7,差し
クミンフレイバー,2026-07-03,大井,10,5,14,0.3077,3,差し
クミンフレイバー,2026-07-21,大井,7,1,13,0.0,1,差し
クミンフレイバー,2026-08-12,大井,7,1,11,0.0,6,差し
クライスラー,2026-08-31,大井,10,3,15,0.1429,11,差し
クライトゥナイト,2026-01-27,大井,9,1,14,0.0,4,逃げ
クライトゥナイト,2026-02-18,大井,4,1,14,0.0,5,逃げ
クライトゥナイト,2026-03-24,大井,9,4,12,0.2727,10,逃げ
クライトゥナイト,2026-04-14,大井,6,2,10,0.1111,5,逃げ
クライトゥナイト,2026-04-28,大井,7,3,14,0.1538,14,逃げ
クライトゥナイト,2026-05-19,大井,5,3,14,0.1538,6,先行
クライトゥナイト,2026-06-09,大井,6,2,12,0.0909,8,先行
クライトゥナイト,2026-07-01,大井,5,2,14,0.0769,2,先行
クライトゥナイト,2026-07-20,大井,10,1,14,0.0,4,先行
クライトゥナイト,2026-08-14,大井,5,1,14,0.0,6,先行
クライトゥナイト,2026-09-02,大井,5,3,12,0.1818,6,先行
クラウディルックス,2026-01-14,大井,7,1,12,0.0,12,逃げ
クラウディルックス,2026-01-28,大井,7,10,13,0.75,13,逃げ
クラウディルックス,2026-02-18,大井,6,2,16,0.0667,16,逃げ
クラウニングカップ,2026-04-13,大井,7,8,11,0.7,10,差し
クラウンシューター,2026-01-13,大井,11,1,10,0.0,6,差し
クラウンシューター,2026-01-28,大井,12,6,12,0.4545,6,逃げ
クラウンシューター,2026-02-19,大井,7,5,9,0.5,7,差し
クラウンシューター,2026-03-12,大井,6,8,9,0.875,2,差し
クラウンシューター,2026-03-23,大井,7,4,6,0.6,3,差し
クラウンシューター,2026-04-14,大井,11,3,11,0.2,4,差し
クラウンシューター,2026-05-01,大井,11,7,10,0.6667,9,差し
クラウンシューター,2026-05-20,大井,7,2,9,0.125,1,差し
クラウンシューター,2026-06-09,大井,11,6,14,0.3846,12,差し
クラウンシューター,2026-07-03,大井,11,5,10,0.4444,9,差し
クリスバローズ,2026-03-23,大井,5,9,14,0.6154,5,
クリスバローズ,2026-04-13,大井,6,4,10,0.3333,3,差し
クリスバローズ,2026-06-09,大井,2,5,13,0.3333,9,差し
クリスバローズ,2026-06-29,大井,5,8,12,0.6364,8,差し
クリスバローズ,2026-07-21,大井,2,9,14,0.6154,13,差し
クリティカルヒット,2026-01-14,大井,9,8,10,0.7778,3,差し
クリティカルヒット,2026-01-29,大井,10,9,15,0.5714,1,差し
クリティカルヒット,2026-04-16,大井,9,4,16,0.2,2,差し
クリティカルヒット,2026-04-30,大井,9,6,14,0.3846,5,差し
クリティカルヒット,2026-05-19,大井,12,7,16,0.4,8,差し
クリティカルヒット,2026-06-09,大井,9,6,14,0.3846,4,差し
クリティカルヒット,2026-07-01,大井,7,7,12,0.5455,4,差し
クリノエーデル,2026-01-13,大井,6,7,13,0.5,5,先行
クリノエーデル,2026-01-28,大井,4,6,11,0.5,6,差し
クリノエーデル,2026-02-19,大井,6,8,14,0.5385,7,差し
クリノエーデル,2026-03-11,大井,4,7,14,0.4615,3,差し
クリノエーデル,2026-03-25,大井,2,4,10,0.3333,2,差し
クリノエーデル,2026-04-17,大井,2,4,11,0.3,9,差し
クリノエーデル,2026-04-30,大井,2,4,12,0.2727,12,差し
クリノエーデル,2026-05-22,大井,2,7,15,0.4286,12,差し
クリノエーデル,2026-07-02,大井,3,5,8,0.5714,5,差し
クリノエーデル,2026-07-23,大井,4,2,9,0.125,2,差し
クリノエーデル,2026-08-15,大井,6,6,13,0.4167,7,差し
クリプトス,2026-01-15,大井,4,7,14,0.4615,9,差し
クルジェムゲーム,2026-07-20,大井,4,5,10,0.4444,5,
クルジェムゲーム,2026-08-16,大井,4,3,7,0.3333,7,差し
クルジェムゲーム,2026-09-02,大井,4,2,11,0.1,5,差し
クルーミーズクライ,2026-07-22,大井,5,5,11,0.4,10,差し
クルーミーズクライ,2026-08-17,大井,6,8,12,0.6364,9,追込
クルーミーズクライ,2026-09-04,大井,10,6,14,0.3846,8,追込
クレイジーフルーツ,2026-01-14,大井,9,9,10,0.8889,8,差し
クレイジーフルーツ,2026-01-28,大井,9,6,9,0.625,6,差し
クレイジーフルーツ,2026-02-16,大井,10,12,14,0.8462,11,差し
クレイジーフルーツ,2026-03-11,大井,10,9,13,0.6667,10,差し
クレイジーフルーツ,2026-03-25,大井,10,5,10,0.4444,4,差し
クレイジーフルーツ,2026-04-14,大井,12,6,14,0.3846,5,差し
クレイジーフルーツ,2026-04-28,大井,12,6,13,0.4167,8,差し
クレイジーフルーツ,2026-07-23,大井,8,5,9,0.5,8,差し
クレイジーフルーツ,2026-08-17,大井,8,10,13,0.75,6,差し
クレストライン,2026-01-14,大井,1,12,13,0.9167,13,追込
クレストライン,2026-01-29,大井,1,11,12,0.9091,12,追込
クレド,2026-01-27,大井,11,3,13,0.1667,3,差し
クレド,2026-02-18,大井,12,7,13,0.5,2,先行
クレド,2026-03-11,大井,11,6,12,0.4545,3,先行
クレド,2026-05-01,大井,12,5,16,0.2667,3,先行
クレド,2026-05-20,大井,12,4,14,0.2308,2,差し
クレド,2026-06-08,大井,11,4,16,0.2,11,差し
クレマチスノーブル,2026-03-24,大井,6,4,14,0.2308,3,差し
クレマチスノーブル,2026-04-28,大井,5,2,14,0.0769,5,差し
クレマチスノーブル,2026-05-21,大井,2,4,14,0.2308,9,差し
クレマチスノーブル,2026-06-10,大井,4,3,14,0.1538,3,差し
クレマチスノーブル,2026-07-02,大井,4,5,13,0.3333,11,差し
クレマチスノーブル,2026-07-22,大井,3,5,14,0.3077,5,差し
クレマチスノーブル,2026-08-13,大井,3,2,13,0.0833,5,差し
クレマチスノーブル,2026-09-02,大井,1,3,12,0.1818,3,差し
クレームドール,2026-06-12,大井,10,9,14,0.6154,2,差し
クレームドール,2026-08-13,大井,9,8,15,0.5,7,差し
クレールジャック,2026-08-13,大井,10,1,14,0.0,1,差し
クレールジャック,2026-08-31,大井,11,6,14,0.3846,13,差し
クレーンロケット,2026-01-14,大井,6,13,14,0.9231,13,差し
クレーンロケット,2026-01-27,大井,7,9,12,0.7273,9,差し
クレーンロケット,2026-02-18,大井,3,12,14,0.8462,9,追込
クレーンロケット,2026-03-11,大井,5,12,13,0.9167,11,追込
クロチャダル,2026-01-14,大井,5,4,11,0.3,4,逃げ
クロチャダル,2026-01-29,大井,5,3,7,0.3333,3,逃げ
クロチャダル,2026-02-20,大井,5,8,13,0.5833,9,先行
クロチャダル,2026-03-12,大井,3,7,9,0.75,9,差し
クロチャダル,2026-03-26,大井,4,4,9,0.375,9,差し
クロチャダル,2026-04-17,大井,2,6,11,0.5,10,差し
クロチャダル,2026-04-30,大井,4,4,11,0.3,10,差し
クロチャダル,2026-05-22,大井,2,6,15,0.3571,15,差し
クロビーンズ,2026-03-13,大井,6,10,14,0.6923,14,差し
クロビーンズ,2026-03-27,大井,6,14,14,1.0,14,差し
クールブリーズ,2026-04-14,大井,8,4,10,0.3333,8,差し
クールブリーズ,2026-04-28,大井,8,1,8,0.0,3,差し
クールブリーズ,2026-05-19,大井,6,3,14,0.1538,2,差し
クールブリーズ,2026-06-10,大井,8,5,12,0.3636,7,差し
クールブリーズ,2026-06-30,大井,7,7,11,0.6,4,差し
クールブリーズ,2026-07-21,大井,8,2,11,0.1,1,差し
クールブリーズ,2026-08-13,大井,7,6,8,0.7143,3,差し
クールブリーズ,2026-08-31,大井,9,3,11,0.2,2,差し
グァンダオ,2026-01-14,大井,1,4,13,0.25,6,差し
グァンダオ,2026-01-28,大井,2,8,14,0.5385,5,差し
グァンダオ,2026-02-18,大井,2,7,13,0.5,7,差し
グットディール,2026-01-15,大井,11,4,11,0.3,10,差し
グットディール,2026-02-16,大井,11,13,16,0.8,15,差し
グッドディーズ,2026-04-30,大井,11,3,11,0.2,6,差し
グッドホース,2026-01-14,大井,4,10,13,0.75,7,差し
グッドホース,2026-01-29,大井,4,4,12,0.2727,5,差し
グッドボーイ,2026-01-12,大井,12,13,16,0.8,7,先行
グッドボーイ,2026-01-26,大井,10,8,13,0.5833,10,先行
グッドボーイ,2026-02-19,大井,12,13,13,1.0,12,差し
グッドボーイ,2026-03-12,大井,11,9,12,0.7273,7,追込
グッドボーイ,2026-03-27,大井,12,12,15,0.7857,10,追込
グッドルックス,2026-01-15,大井,6,4,14,0.2308,10,追込
グッドルックス,2026-01-29,大井,6,5,9,0.5,8,差し
グッドルックス,2026-02-19,大井,8,9,13,0.6667,12,差し
グッドルックス,2026-03-12,大井,10,7,16,0.4,14,差し
グッドルックス,2026-03-25,大井,5,5,11,0.4,5,差し
グッドルックス,2026-04-16,大井,5,5,14,0.3077,6,差し
グッドルックス,2026-04-30,大井,6,5,14,0.3077,11,差し
グッドルックス,2026-05-20,大井,8,6,11,0.5,11,差し
グラシアレス,2026-02-20,大井,4,4,10,0.3333,4,差し
グラシアレス,2026-05-19,大井,10,5,13,0.3333,7,差し
グラシアレス,2026-06-10,大井,10,7,14,0.4615,8,差し
グラシアレス,2026-07-20,大井,12,4,14,0.2308,6,差し
グラシアレス,2026-08-13,大井,10,4,14,0.2308,5,差し
グラシアレス,2026-09-04,大井,11,3,13,0.1667,4,差し
グラスグリード,2026-01-15,大井,6,8,14,0.5385,4,差し
グラスグリード,2026-01-29,大井,6,7,9,0.75,6,差し
グラスグリード,2026-02-19,大井,8,2,13,0.0833,1,差し
グラスグリード,2026-03-13,大井,4,5,12,0.3636,3,差し
グラスグリード,2026-03-25,大井,8,5,13,0.3333,2,差し
グラスグリード,2026-04-15,大井,7,2,12,0.0909,2,差し
グラスグリード,2026-04-29,大井,8,3,14,0.1538,1,差し
グラスグリード,2026-05-21,大井,6,2,12,0.0909,1,差し
グラスグリード,2026-07-03,大井,12,3,13,0.1667,4,差し
グラスグリード,2026-07-24,大井,11,5,16,0.2667,2,差し
グラスグリード,2026-08-15,大井,9,3,14,0.1538,1,差し
グラスコメット,2026-04-16,大井,9,2,16,0.0667,16,先行
グラスコメット,2026-04-30,大井,9,3,14,0.1538,13,先行
グラスコメット,2026-05-21,大井,7,5,11,0.4,9,先行
グラスコメット,2026-06-12,大井,9,6,14,0.3846,10,先行
グラスコメット,2026-07-01,大井,12,8,15,0.5,12,先行
グラスコメット,2026-07-22,大井,12,5,11,0.4,6,差し
グラスコメット,2026-08-14,大井,8,5,16,0.2667,10,差し
グラスリッキー,2026-07-21,大井,2,2,14,0.0769,2,先行
グラスリッキー,2026-08-13,大井,4,1,14,0.0,1,先行
グラッドキングダム,2026-02-16,大井,4,10,12,0.8182,11,追込
グラッドキングダム,2026-03-09,大井,6,10,14,0.6923,8,追込
グラッドキングダム,2026-03-24,大井,3,12,14,0.8462,13,追込
グラッドキングダム,2026-04-13,大井,5,6,12,0.4545,6,追込
グラッドキングダム,2026-04-27,大井,4,1,11,0.0,2,追込
グラッブザトップ,2026-01-12,大井,12,6,16,0.3333,12,逃げ
グラッブザトップ,2026-01-26,大井,10,3,13,0.1667,5,逃げ
グラッブザトップ,2026-02-17,大井,12,3,16,0.1333,11,先行
グラッブザトップ,2026-03-13,大井,12,4,9,0.375,8,先行
グラッブザトップ,2026-03-27,大井,12,9,15,0.5714,12,先行
グラッブザトップ,2026-04-13,大井,11,4,10,0.3333,6,先行
グラッブザトップ,2026-05-01,大井,10,1,10,0.0,4,先行
グランジュール,2026-01-13,大井,9,3,8,0.2857,3,差し
グランジュール,2026-01-28,大井,10,11,13,0.8333,5,差し
グランダイト,2026-02-18,大井,2,7,13,0.5,1,差し
グランダイト,2026-03-09,大井,10,1,13,0.0,1,差し
グランダイト,2026-03-24,大井,8,3,12,0.1818,1,差し
グランダイト,2026-04-17,大井,7,1,10,0.0,1,差し
グランダイト,2026-05-18,大井,8,3,13,0.1667,4,差し
グランダイト,2026-06-09,大井,7,2,14,0.0769,2,先行
グランダイト,2026-07-23,大井,6,1,14,0.0,1,先行
グランダイト,2026-08-14,大井,6,1,11,0.0,2,先行
グランデマーレ,2026-01-14,大井,11,10,11,0.9,9,追込
グランデマーレ,2026-02-17,大井,11,8,15,0.5,12,追込
グランドターギー,2026-01-14,大井,6,4,14,0.2308,5,差し
グランドターギー,2026-01-27,大井,7,3,12,0.1818,7,差し
グランドターギー,2026-02-18,大井,3,5,14,0.3077,6,差し
グランドターギー,2026-07-01,大井,4,5,14,0.3077,7,差し
グランドターギー,2026-07-20,大井,8,6,13,0.4167,6,差し
グランドターギー,2026-08-13,大井,6,6,12,0.4545,7,差し
グランドターギー,2026-08-31,大井,8,5,14,0.3077,6,差し
グランマローネ,2026-04-30,大井,3,2,10,0.1111,1,差し
グランマローネ,2026-06-12,大井,2,1,11,0.0,2,差し
グランマローネ,2026-07-22,大井,8,4,11,0.3,3,差し
グラヴィス,2026-03-13,大井,11,4,10,0.3333,2,差し
グラヴィス,2026-06-29,大井,11,1,14,0.0,13,差し
グラヴィス,2026-07-20,大井,11,4,7,0.5,7,差し
グリスタン,2026-01-14,大井,10,2,15,0.0714,3,差し
グリスタン,2026-01-30,大井,10,4,16,0.2,10,先行
グリスタン,2026-02-20,大井,12,4,16,0.2,8,先行
グリスタン,2026-03-12,大井,10,10,16,0.6,8,先行
グリスタン,2026-03-24,大井,10,7,14,0.4615,12,先行
グリスタン,2026-04-15,大井,6,6,10,0.5556,7,差し
グリスタン,2026-04-30,大井,5,4,10,0.3333,6,差し
グリスタン,2026-06-10,大井,6,3,10,0.2222,3,差し
グリスタン,2026-07-21,大井,10,2,14,0.0769,9,差し
グリューネベルグ,2026-08-17,大井,6,4,12,0.2727,7,差し
グリンバーム,2026-01-13,大井,6,1,13,0.0,2,差し
グリンバーム,2026-02-20,大井,1,6,14,0.3846,13,先行
グリンバーム,2026-03-12,大井,5,5,12,0.3636,12,先行
グリンバーム,2026-03-26,大井,6,1,13,0.0,12,差し
グリンバーム,2026-04-15,大井,4,2,10,0.1111,10,先行
グリンバーム,2026-04-30,大井,4,1,11,0.0,11,先行
グリンバーム,2026-09-02,大井,2,1,16,0.0,13,先行
グリークトレジャー,2026-01-13,大井,10,1,13,0.0,6,先行
グリークトレジャー,2026-01-27,大井,12,1,13,0.0,8,先行
グリークトレジャー,2026-02-18,大井,7,4,14,0.2308,8,先行
グリークトレジャー,2026-03-12,大井,12,8,14,0.5385,11,先行
グリークトレジャー,2026-03-27,大井,10,9,10,0.8889,9,先行
グリークトレジャー,2026-07-01,大井,9,5,14,0.3077,9,先行
グリークトレジャー,2026-07-21,大井,8,5,11,0.4,6,差し
グリークトレジャー,2026-08-12,大井,6,2,12,0.0909,2,差し
グルナルーフス,2026-01-14,大井,7,5,12,0.3636,2,差し
グルナルーフス,2026-01-28,大井,7,1,13,0.0,1,差し
グルナルーフス,2026-02-20,大井,9,1,15,0.0,1,差し
グルナルーフス,2026-06-09,大井,8,1,11,0.0,1,先行
グルナルーフス,2026-07-01,大井,12,2,15,0.0714,2,逃げ
グルナルーフス,2026-08-16,大井,8,5,13,0.3333,3,先行
グルナルーフス,2026-09-04,大井,12,1,15,0.0,1,先行
グレアネオンライト,2026-05-22,大井,7,2,9,0.125,3,追込
グレアネオンライト,2026-06-11,大井,7,9,11,0.8,9,追込
グレアネオンライト,2026-07-24,大井,7,5,9,0.5,3,追込
グレアネオンライト,2026-08-15,大井,5,2,5,0.25,2,追込
グレイテストワーク,2026-07-01,大井,8,1,14,0.0,6,差し
グレイテストワーク,2026-07-22,大井,8,1,11,0.0,7,先行
グレック,2026-07-24,大井,9,3,12,0.1818,12,差し
グレック,2026-08-16,大井,6,5,13,0.3333,13,差し
グレッチャー,2026-04-30,大井,8,5,10,0.4444,2,差し
グレッチャー,2026-05-21,大井,10,6,16,0.3333,4,差し
グレッチャー,2026-06-10,大井,7,2,11,0.1,3,差し
グレン,2026-07-01,大井,6,1,10,0.0,1,差し
グレン,2026-07-24,大井,9,1,12,0.0,4,差し
グレーターホープ,2026-03-09,大井,2,3,12,0.1818,2,差し
グレーターホープ,2026-03-23,大井,2,2,14,0.0769,1,差し
グレーターホープ,2026-04-16,大井,1,2,14,0.0769,3,差し
グレーターホープ,2026-04-30,大井,1,1,14,0.0,1,差し
グレーターホープ,2026-06-10,大井,6,1,10,0.0,1,差し
グレーターホープ,2026-07-03,大井,9,1,12,0.0,1,先行
グレートジャーニー,2026-06-08,大井,10,6,9,0.625,8,追込
グレートロッタリー,2026-01-28,大井,3,12,14,0.8462,10,追込
グレートロッタリー,2026-02-19,大井,5,11,14,0.7692,10,追込
グレートロッタリー,2026-07-01,大井,2,9,13,0.6667,8,追込
グレートロッタリー,2026-07-21,大井,1,8,11,0.7,5,追込
グレーヌドスタール,2026-05-18,大井,4,1,7,0.0,1,
グレーヌドスタール,2026-06-09,大井,3,1,10,0.0,3,逃げ
グレーヌドスタール,2026-06-30,大井,1,1,11,0.0,3,逃げ
グロリアスワールド,2026-03-09,大井,5,2,11,0.1,3,
グロリアスワールド,2026-04-27,大井,5,5,10,0.4444,5,追込
グロリアスワールド,2026-08-31,大井,6,3,14,0.1538,7,追込
グロリオサ,2026-01-12,大井,12,8,16,0.4667,1,差し
グロリオサ,2026-01-26,大井,12,9,15,0.5714,8,差し
グロリオサ,2026-02-16,大井,8,10,13,0.75,8,差し
グロリオサ,2026-03-26,大井,12,7,13,0.5,3,追込
グロワールスカイ,2026-01-29,大井,9,3,8,0.2857,3,差し
グロワールスカイ,2026-02-18,大井,7,7,14,0.4615,5,差し
グロワールスカイ,2026-06-12,大井,8,4,13,0.25,1,差し
グロワールスカイ,2026-07-02,大井,10,3,12,0.1818,5,差し
グロワールスカイ,2026-07-24,大井,9,1,12,0.0,3,差し
グロワールスカイ,2026-08-16,大井,6,2,13,0.0833,10,差し
グロードリーム,2026-01-27,大井,3,6,11,0.5,4,差し
グロードリーム,2026-02-19,大井,5,3,14,0.1538,13,差し
グロードリーム,2026-03-24,大井,5,6,9,0.625,3,差し
グロードリーム,2026-04-28,大井,4,2,12,0.0909,3,差し
グロードリーム,2026-05-21,大井,2,3,14,0.1538,3,差し
グロードリーム,2026-06-11,大井,5,3,14,0.1538,5,差し
グングン,2026-06-29,大井,3,2,8,0.1429,3,追込
グンジン,2026-01-15,大井,9,1,12,0.0,2,差し
グンジン,2026-01-30,大井,8,3,13,0.1667,4,差し
グーデンドラーク,2026-05-19,大井,11,1,10,0.0,1,差し
グーヴェルナイユ,2026-06-29,大井,11,4,14,0.2308,9,差し
ケイアイエルナト,2026-01-12,大井,12,3,16,0.1333,4,先行
ケイアイエルナト,2026-01-26,大井,10,6,13,0.4167,9,先行
ケイアイエルナト,2026-07-24,大井,9,1,12,0.0,1,先行
ケイアイエルナト,2026-08-12,大井,10,2,14,0.0769,10,先行
ケイアイエルナト,2026-08-31,大井,12,8,15,0.5,13,逃げ
ケイアイカペラ,2026-06-29,大井,12,5,13,0.3333,13,先行
ケイアイカペラ,2026-07-21,大井,11,6,13,0.4167,9,先行
ケイアイカペラ,2026-08-13,大井,10,6,14,0.3846,9,差し
ケイアイカペラ,2026-09-02,大井,12,1,12,0.0,3,差し
ケイコウギュウゴ,2026-01-28,大井,8,6,14,0.3846,13,差し
ケイコウギュウゴ,2026-02-16,大井,10,11,14,0.7692,13,差し
ケイコウギュウゴ,2026-03-11,大井,10,8,13,0.5833,13,差し
ケイコウギュウゴ,2026-03-25,大井,10,6,10,0.5556,7,差し
ケイコウギュウゴ,2026-04-15,大井,10,9,14,0.6154,13,差し
ケイコウギュウゴ,2026-04-29,大井,6,5,13,0.3333,6,差し
ケイコウギュウゴ,2026-05-19,大井,6,7,14,0.4615,14,差し
ケイコウギュウゴ,2026-06-09,大井,7,4,14,0.2308,14,差し
ケイコウギュウゴ,2026-07-01,大井,9,9,14,0.6154,14,差し
ケイコウギュウゴ,2026-07-23,大井,8,4,9,0.375,9,差し
ケイコウギュウゴ,2026-08-17,大井,10,5,12,0.3636,12,差し
ケイツーリーブル,2026-02-18,大井,11,5,16,0.2667,4,差し
ケイリュウオー,2026-07-24,大井,1,3,15,0.1429,9,差し
ケイリュウオー,2026-08-17,大井,1,3,11,0.2,10,差し
ケツァールアズール,2026-06-30,大井,11,10,16,0.6,8,先行
ケテンドリーム,2026-05-19,大井,11,4,10,0.3333,5,差し
ケテンドリーム,2026-06-08,大井,10,4,9,0.375,2,差し
ケテンパッション,2026-07-21,大井,4,1,8,0.0,1,
ケテンパッション,2026-08-17,大井,3,1,7,0.0,2,先行
ケテンビート,2026-02-17,大井,3,4,13,0.25,13,差し
ケテンビート,2026-03-09,大井,7,1,10,0.0,2,差し
ケテンビート,2026-03-25,大井,3,6,14,0.3846,12,差し
ケテンビート,2026-04-15,大井,5,5,14,0.3077,12,差し
ケテンビート,2026-04-28,大井,5,2,14,0.0769,3,差し
ケテンビート,2026-05-21,大井,3,4,16,0.2,13,差し
ケテンビート,2026-06-10,大井,5,3,13,0.1667,3,差し
ケテンビート,2026-07-02,大井,5,4,16,0.2,7,差し
ケテンビート,2026-07-23,大井,5,9,16,0.5333,16,差し
ケテンビート,2026-08-14,大井,2,3,16,0.1333,8,差し
ケテンビート,2026-09-02,大井,1,1,12,0.0,11,先行
ケルティックハーツ,2026-03-09,大井,3,5,15,0.2857,2,差し
ケルティックハーツ,2026-03-24,大井,2,9,14,0.6154,5,差し
ケルティックハーツ,2026-04-15,大井,1,3,14,0.1538,10,差し
ケルティックハーツ,2026-04-30,大井,1,2,14,0.0769,8,差し
ケルティックハーツ,2026-05-19,大井,1,2,13,0.0833,6,差し
ケルティックハーツ,2026-06-10,大井,2,4,14,0.2308,12,差し
ケンアトラス,2026-01-26,大井,11,1,9,0.0,2,差し
ケンアトラス,2026-03-27,大井,11,8,12,0.6364,6,差し
ケンオーシャン,2026-01-16,大井,5,10,12,0.8182,5,追込
ケンオーシャン,2026-01-30,大井,6,13,14,0.9231,6,追込
ケンオーシャン,2026-02-20,大井,8,9,13,0.6667,10,追込
ケンオーシャン,2026-03-24,大井,10,3,14,0.1538,2,追込
ケンオーシャン,2026-04-14,大井,7,3,10,0.2222,7,追込
ケンオーシャン,2026-04-29,大井,10,8,15,0.5,11,追込
ケンオーシャン,2026-07-21,大井,10,4,14,0.2308,8,追込
ケングロリア,2026-01-16,大井,4,10,14,0.6923,11,追込
ケングロリア,2026-01-30,大井,7,9,10,0.8889,10,追込
ケンブラック,2026-05-01,大井,5,3,5,0.5,2,
ケンブラック,2026-06-09,大井,3,1,10,0.0,1,差し
ケンブラック,2026-06-30,大井,1,1,11,0.0,1,先行
ケンヴァルト,2026-04-13,大井,4,7,10,0.6667,9,
ケンヴァルト,2026-05-18,大井,2,5,14,0.3077,9,差し
ケンヴァルト,2026-06-08,大井,2,4,10,0.3333,7,差し
ケンヴィヴァルディ,2026-01-16,大井,9,5,12,0.3636,2,差し
ケンヴィヴァルディ,2026-01-30,大井,12,5,13,0.3333,2,差し
ケンヴィヴァルディ,2026-02-20,大井,10,4,13,0.25,2,差し
ケンヴィヴァルディ,2026-03-11,大井,12,6,11,0.5,4,差し
ケンヴィヴァルディ,2026-04-14,大井,10,1,9,0.0,3,差し
ケンヴィヴァルディ,2026-04-27,大井,11,4,16,0.2,10,差し
ケンヴィヴァルディ,2026-05-22,大井,12,2,15,0.0714,2,差し
ケンヴィヴァルディ,2026-06-09,大井,10,3,13,0.1667,3,差し
ケンヴィヴァルディ,2026-07-02,大井,10,4,12,0.2727,9,差し
ゲイシール,2026-01-14,大井,6,14,14,1.0,12,追込
ゲイシール,2026-01-28,大井,6,11,12,0.9091,10,追込
ゲイシール,2026-02-18,大井,5,11,12,0.9091,9,追込
ゲイシール,2026-03-11,大井,5,11,13,0.8333,10,追込
ゲイシール,2026-03-24,大井,8,10,12,0.8182,9,追込
ゲイシール,2026-04-14,大井,5,9,14,0.6154,12,追込
ゲイシール,2026-04-29,大井,4,5,12,0.3636,12,追込
ゲイシール,2026-05-19,大井,5,9,14,0.6154,13,追込
ゲイシール,2026-06-09,大井,5,8,11,0.7,10,追込
ゲイシール,2026-07-02,大井,8,7,13,0.5,9,追込
ゲイシール,2026-07-20,大井,8,5,13,0.3333,13,差し
ゲルタ,2026-01-14,大井,9,2,10,0.1111,10,先行
ゲルタ,2026-01-29,大井,12,8,14,0.5385,14,先行
ゲルタ,2026-02-16,大井,10,13,14,0.9231,14,差し
ゲルタ,2026-03-12,大井,12,9,14,0.6154,12,差し
ゲルタ,2026-03-25,大井,8,12,13,0.9167,13,差し
ゲルタ,2026-04-14,大井,12,8,14,0.5385,13,差し
ゲルタ,2026-04-28,大井,12,8,13,0.5833,11,差し
ゲールタクト,2026-01-13,大井,10,2,13,0.0833,4,差し
ゲールタクト,2026-01-27,大井,12,6,13,0.4167,5,差し
ゲールタクト,2026-02-17,大井,12,12,16,0.7333,8,差し
ゲールタクト,2026-03-12,大井,11,4,12,0.2727,4,差し
ゲールタクト,2026-03-26,大井,7,6,9,0.625,7,差し
コアリオ,2026-01-28,大井,12,7,12,0.5455,2,追込
コアリオ,2026-02-20,大井,6,6,8,0.7143,7,追込
コイゴロモ,2026-01-15,大井,4,4,14,0.2308,11,先行
コイゴロモ,2026-08-13,大井,8,1,10,0.0,2,先行
コイゴロモ,2026-08-31,大井,10,2,15,0.0714,3,逃げ
コウフウセイゲツ,2026-02-20,大井,12,9,16,0.5333,11,差し
コウフウセイゲツ,2026-03-24,大井,10,3,14,0.1538,9,差し
コウフウセイゲツ,2026-04-27,大井,10,2,15,0.0714,15,差し
コウフウセイゲツ,2026-09-04,大井,10,2,14,0.0769,14,先行
ココインシデンス,2026-01-26,大井,2,7,13,0.5,11,差し
ココインシデンス,2026-02-16,大井,2,10,12,0.8182,11,差し
ココインシデンス,2026-03-09,大井,1,12,14,0.8462,11,差し
ココインシデンス,2026-03-23,大井,1,11,11,1.0,11,差し
ココクイック,2026-03-09,大井,5,7,11,0.6,6,差し
ココクイック,2026-03-23,大井,5,5,14,0.3077,3,差し
ココクイック,2026-04-13,大井,5,1,12,0.0,3,差し
ココクイック,2026-04-28,大井,3,6,14,0.3846,11,差し
ココクイック,2026-05-21,大井,2,4,14,0.2308,5,差し
ココナッツガーデン,2026-01-12,大井,12,4,16,0.2,14,先行
ココナッツガーデン,2026-02-17,大井,12,1,16,0.0,1,先行
ココナッツガーデン,2026-03-27,大井,12,1,15,0.0,11,先行
ココナッツガーデン,2026-04-13,大井,11,2,10,0.1111,1,逃げ
ココナッツガーデン,2026-08-14,大井,10,3,9,0.25,3,先行
ココナッツガーデン,2026-09-03,大井,10,3,11,0.2,4,先行
ココミサイル,2026-04-13,大井,3,2,10,0.1111,8,
ココミサイル,2026-04-27,大井,4,6,11,0.5,6,差し
ココミサイル,2026-05-18,大井,1,4,12,0.2727,5,差し
ココミサイル,2026-06-08,大井,4,6,10,0.5556,6,差し
ココミサイル,2026-08-31,大井,5,6,12,0.4545,3,追込
コスケンコルヴァ,2026-08-31,大井,6,5,14,0.3077,6,
コスモギガンティア,2026-06-12,大井,10,8,14,0.5385,1,追込
コスモギンガ,2026-01-16,大井,4,12,14,0.8462,10,追込
コスモギンガ,2026-01-29,大井,12,12,14,0.8462,6,追込
コスモギンガ,2026-02-20,大井,12,12,16,0.7333,9,追込
コスモギンガ,2026-03-12,大井,10,13,16,0.8,13,追込
コスモギンガ,2026-03-24,大井,10,13,14,0.9231,8,追込
コスモギンガ,2026-04-16,大井,12,6,10,0.5556,5,追込
コスモギンガ,2026-04-27,大井,10,7,15,0.4286,9,追込
コスモギンガ,2026-05-22,大井,9,5,10,0.4444,6,追込
コスモギンガ,2026-06-11,大井,12,6,11,0.5,6,追込
コスモギンガ,2026-07-03,大井,9,8,12,0.6364,9,追込
コスモギンガ,2026-07-21,大井,10,8,14,0.5385,12,追込
コスモギンガ,2026-08-16,大井,10,4,13,0.25,7,追込
コスモギンガ,2026-09-04,大井,10,5,14,0.3077,10,追込
コスモコンクエスト,2026-02-18,大井,8,7,14,0.4615,8,差し
コスモサイテス,2026-03-10,大井,5,7,14,0.4615,8,差し
コスモサイテス,2026-03-24,大井,5,7,9,0.75,1,差し
コスモサイテス,2026-04-17,大井,4,5,7,0.6667,7,差し
コスモサイテス,2026-05-01,大井,1,5,10,0.4444,9,差し
コスモサイテス,2026-05-22,大井,3,6,12,0.4545,8,追込
コスモジンバック,2026-06-29,大井,11,4,14,0.2308,5,差し
コスモスフレイバー,2026-07-23,大井,4,1,9,0.0,1,追込
コスモソンジュ,2026-01-14,大井,12,4,14,0.2308,8,差し
コスモソンジュ,2026-01-27,大井,11,5,13,0.3333,6,差し
コスモソンジュ,2026-02-20,大井,11,9,15,0.5714,13,差し
コスモソンジュ,2026-03-11,大井,11,5,12,0.3636,8,差し
コスモソンジュ,2026-03-24,大井,11,6,16,0.3333,8,差し
コスモソンジュ,2026-04-15,大井,12,4,16,0.2,6,差し
コスモソンジュ,2026-05-01,大井,12,4,16,0.2,5,差し
コスモソンジュ,2026-05-20,大井,12,3,14,0.1538,7,差し
コスモソンジュ,2026-06-08,大井,11,5,16,0.2667,6,先行
コスモソンジュ,2026-06-29,大井,12,5,13,0.3333,4,先行
コスモソンジュ,2026-07-21,大井,11,6,13,0.4167,4,先行
コスモソンジュ,2026-08-13,大井,10,2,14,0.0769,2,差し
コスモソンジュ,2026-08-31,大井,11,4,14,0.2308,4,差し
コスモトロイメル,2026-01-16,大井,5,5,12,0.3636,6,差し
コスモトロイメル,2026-01-30,大井,6,5,14,0.3077,1,差し
コスモトロイメル,2026-02-16,大井,10,6,14,0.3846,3,差し
コスモトロイメル,2026-03-11,大井,9,5,11,0.4,7,差し
コスモトロイメル,2026-03-26,大井,10,4,14,0.2308,11,差し
コスモトロイメル,2026-04-15,大井,10,4,14,0.2308,3,差し
コスモトロイメル,2026-04-29,大井,9,4,14,0.2308,1,差し
コスモトロイメル,2026-05-18,大井,12,7,14,0.4615,9,差し
コスモトロイメル,2026-06-12,大井,9,3,14,0.1538,5,差し
コスモトロイメル,2026-07-01,大井,12,5,15,0.2857,5,差し
コスモトロイメル,2026-07-23,大井,9,4,9,0.375,7,差し
コスモトロイメル,2026-08-16,大井,7,3,11,0.2,1,差し
コスモトロイメル,2026-09-02,大井,8,3,12,0.1818,2,差し
コスモバシレウス,2026-01-16,大井,8,1,12,0.0,7,先行
コスモバシレウス,2026-01-29,大井,12,2,14,0.0769,11,先行
コスモバシレウス,2026-02-18,大井,7,10,14,0.6923,11,先行
コスモフレディ,2026-04-16,大井,10,2,14,0.0769,4,差し
コスモブライヤー,2026-01-16,大井,12,7,14,0.4615,8,差し
コスモブライヤー,2026-01-30,大井,11,10,12,0.8182,4,差し
コスモブライヤー,2026-02-19,大井,11,7,15,0.4286,9,差し
コスモブライヤー,2026-03-10,大井,12,8,16,0.4667,2,差し
コスモブライヤー,2026-03-23,大井,11,8,13,0.5833,6,差し
コスモブライヤー,2026-04-17,大井,12,9,14,0.6154,9,差し
コスモブライヤー,2026-04-29,大井,12,8,16,0.4667,9,差し
コスモブライヤー,2026-05-22,大井,12,7,15,0.4286,9,差し
コスモブライヤー,2026-06-09,大井,10,6,13,0.4167,11,差し
コスモブライヤー,2026-09-02,大井,8,4,12,0.2727,6,差し
コスモマガラニカ,2026-03-11,大井,8,6,10,0.5556,1,差し
コスモマガラニカ,2026-03-27,大井,10,4,10,0.3333,2,差し
コスモマガラニカ,2026-04-16,大井,7,1,11,0.0,1,差し
コスモマガラニカ,2026-04-27,大井,12,1,12,0.0,1,差し
コスモマガラニカ,2026-06-10,大井,12,1,13,0.0,1,差し
コスモマガラニカ,2026-06-30,大井,12,1,12,0.0,1,逃げ
コトブキエース,2026-04-15,大井,2,4,13,0.25,8,差し
コトブキエース,2026-04-27,大井,2,5,14,0.3077,5,差し
コトブキエース,2026-05-19,大井,3,3,12,0.1818,1,差し
コトブキエース,2026-06-11,大井,2,3,13,0.1667,2,差し
コトブキエース,2026-07-03,大井,2,5,14,0.3077,5,差し
コトブキエース,2026-07-22,大井,2,4,16,0.2,5,差し
コトブキエース,2026-08-16,大井,2,4,13,0.25,2,差し
コトリノサエズリ,2026-01-14,大井,2,1,15,0.0,1,先行
コトリノサエズリ,2026-01-26,大井,9,1,11,0.0,1,先行
コトリノサエズリ,2026-02-18,大井,5,1,12,0.0,3,逃げ
コトリノサエズリ,2026-03-12,大井,8,2,11,0.1,3,逃げ
コトリノサエズリ,2026-03-25,大井,5,2,11,0.1,4,逃げ
コトリノサエズリ,2026-04-16,大井,5,1,14,0.0,3,逃げ
コトリノサエズリ,2026-05-22,大井,8,2,13,0.0833,5,逃げ
コノヨルヲトメテヨ,2026-01-16,大井,3,8,11,0.7,3,差し
コノヨルヲトメテヨ,2026-01-27,大井,10,12,15,0.7857,7,差し
コノヨルヲトメテヨ,2026-02-20,大井,9,9,15,0.5714,15,差し
コノヨルヲトメテヨ,2026-03-13,大井,6,11,14,0.7692,10,差し
コノヨルヲトメテヨ,2026-03-27,大井,3,10,12,0.8182,8,差し
コパカバーナ,2026-01-14,大井,6,5,14,0.3077,9,先行
コパカバーナ,2026-02-20,大井,12,4,16,0.2,15,先行
コパカバーナ,2026-03-12,大井,10,6,16,0.3333,9,先行
コパカバーナ,2026-03-23,大井,10,2,9,0.125,7,先行
コパカバーナ,2026-04-15,大井,6,3,10,0.2222,10,先行
コパカバーナ,2026-04-28,大井,9,4,10,0.3333,7,先行
コパノパサディナ,2026-03-10,大井,11,4,16,0.2,12,差し
コパノマデリン,2026-03-26,大井,12,10,13,0.75,13,差し
コパノマデリン,2026-04-13,大井,11,3,10,0.2222,7,差し
コパノマデリン,2026-04-27,大井,12,8,12,0.6364,7,差し
コパノマデリン,2026-05-22,大井,7,6,9,0.625,7,差し
コブラツイスト,2026-06-09,大井,2,3,13,0.1667,2,追込
コブラツイスト,2026-07-01,大井,3,4,11,0.3,2,差し
コブラツイスト,2026-07-23,大井,5,3,16,0.1333,1,差し
コブラツイスト,2026-08-15,大井,7,7,16,0.4,8,差し
コマアールエクス,2026-01-14,大井,3,9,11,0.8,8,追込
コリエドール,2026-01-16,大井,7,6,9,0.625,4,先行
コリエドール,2026-01-30,大井,11,2,12,0.0909,10,差し
コリエドール,2026-02-20,大井,10,2,13,0.0833,10,差し
コロニス,2026-01-14,大井,10,7,15,0.4286,13,差し
コロニス,2026-01-30,大井,10,8,16,0.4667,11,差し
コロニス,2026-02-19,大井,9,5,11,0.4,7,差し
コロニス,2026-03-12,大井,10,4,16,0.2,11,差し
コロニス,2026-03-24,大井,10,4,14,0.2308,14,差し
コロラドフォンテン,2026-04-14,大井,4,8,12,0.6364,5,差し
コロラドフォンテン,2026-04-29,大井,3,6,13,0.4167,8,差し
コロラドフォンテン,2026-05-20,大井,6,5,12,0.3636,4,差し
コロラドフォンテン,2026-06-11,大井,6,4,9,0.375,4,差し
コロラドフォンテン,2026-07-02,大井,6,6,12,0.4545,4,差し
コロラドフォンテン,2026-07-21,大井,6,6,13,0.4167,2,差し
コロラドフォンテン,2026-08-14,大井,3,6,13,0.4167,6,差し
コロラドフォンテン,2026-09-02,大井,6,8,14,0.5385,7,差し
コンゴウ,2026-07-20,大井,10,4,14,0.2308,12,差し
コンゴウ,2026-08-14,大井,5,7,14,0.4615,10,差し
コンゴウ,2026-08-31,大井,7,2,13,0.0833,11,差し
コンシール,2026-01-15,大井,2,3,6,0.4,5,差し
コンシール,2026-01-30,大井,4,7,9,0.75,4,差し
コンシール,2026-02-20,大井,4,8,10,0.7778,6,差し
コンシール,2026-03-13,大井,2,7,9,0.75,6,差し
コンシール,2026-03-27,大井,7,6,8,0.7143,7,差し
コンシール,2026-04-17,大井,6,9,13,0.6667,11,追込
コンティノアール,2026-03-10,大井,11,14,16,0.8667,8,差し
コンヨバンコク,2026-06-10,大井,11,11,16,0.6667,13,先行
コンヨバンコク,2026-06-30,大井,11,9,16,0.5333,10,差し
コーゲンカイショウ,2026-02-18,大井,3,4,14,0.2308,8,差し
コーゲンカイショウ,2026-03-11,大井,5,4,13,0.25,5,差し
コーゲンカイショウ,2026-03-24,大井,7,5,11,0.4,9,差し
コーゲンカイショウ,2026-04-14,大井,5,4,14,0.2308,8,差し
コーゲンカイショウ,2026-04-29,大井,4,4,12,0.2727,8,差し
コーゲンシルバー,2026-01-15,大井,10,7,12,0.5455,7,差し
コーゲンシルバー,2026-01-29,大井,10,8,15,0.5,7,差し
コーゲンシルバー,2026-02-17,大井,9,7,12,0.5455,10,差し
コーゲンシルバー,2026-03-13,大井,10,8,13,0.5833,8,差し
コーゲンシルバー,2026-03-27,大井,9,5,10,0.4444,9,差し
コーゲンシルバー,2026-04-16,大井,9,6,16,0.3333,9,差し
コーゲンシルバー,2026-04-29,大井,6,4,13,0.25,5,差し
コーゲンシルバー,2026-05-21,大井,5,4,14,0.2308,5,差し
コーゲンシルバー,2026-06-12,大井,8,4,13,0.25,2,差し
コーゲンシルバー,2026-07-01,大井,6,5,10,0.4444,3,差し
コーゲンシルバー,2026-07-24,大井,9,2,12,0.0909,2,差し
コーゲンシルバー,2026-08-16,大井,6,3,13,0.1667,4,差し
コーゲンマース,2026-01-16,大井,5,9,12,0.7273,9,追込
コーゲンマース,2026-01-30,大井,5,5,13,0.3333,9,追込
コーゲンマース,2026-02-20,大井,7,5,12,0.3636,10,差し
コーゲンマース,2026-03-13,大井,4,11,12,0.9091,11,差し
コーゲンマース,2026-03-27,大井,4,4,6,0.6,6,追込
コーゲンマース,2026-04-17,大井,7,5,10,0.4444,7,差し
コーゲンマース,2026-05-01,大井,6,4,12,0.2727,5,差し
コーゲンマース,2026-05-22,大井,5,8,10,0.7778,6,差し
コーゲンマース,2026-06-12,大井,4,4,9,0.375,5,差し
コーゲンマース,2026-07-03,大井,6,4,9,0.375,5,差し
コーゲンマース,2026-07-22,大井,5,5,11,0.4,9,差し
コーゲンマース,2026-08-17,大井,6,7,12,0.5455,10,差し
コーゲンマース,2026-09-02,大井,6,9,14,0.6154,13,追込
コードイレヴン,2026-08-31,大井,4,2,6,0.2,2,
コーミズアムール,2026-04-14,大井,9,5,10,0.4444,7,差し
コーミズアムール,2026-04-30,大井,9,7,14,0.4615,8,差し
コーミズアムール,2026-05-18,大井,12,12,14,0.8462,13,差し
コーミズアムール,2026-06-12,大井,9,6,14,0.3846,6,差し
コーミズアムール,2026-07-01,大井,12,7,15,0.4286,9,差し
コーミズアムール,2026-07-24,大井,12,7,9,0.75,4,差し
コーミズピエール,2026-06-30,大井,3,3,8,0.2857,1,
コーミズピエール,2026-07-24,大井,2,1,5,0.0,1,差し
コーラルキング,2026-01-14,大井,12,8,14,0.5385,2,先行
コーラルキング,2026-02-20,大井,11,6,15,0.3571,4,先行
コーラルキング,2026-03-10,大井,6,1,6,0.0,3,先行
コーラルキング,2026-03-24,大井,11,3,16,0.1333,9,先行
コーラルキング,2026-07-21,大井,11,2,13,0.0833,5,先行
コーラルキング,2026-08-14,大井,10,1,9,0.0,2,先行
コーリングヘニー,2026-04-13,大井,2,3,13,0.1667,3,先行
コーリングヘニー,2026-04-27,大井,2,1,14,0.0,2,先行
コーリングヘニー,2026-05-19,大井,3,3,12,0.1818,7,先行
コールアップ,2026-05-18,大井,4,6,7,0.8333,7,
コールアップ,2026-06-09,大井,3,7,10,0.6667,10,差し
コールアップ,2026-06-30,大井,1,7,11,0.6,9,差し
コールアップ,2026-07-23,大井,3,8,11,0.7,11,差し
コールアップ,2026-08-16,大井,3,6,10,0.5556,8,差し
コーントップス,2026-01-14,大井,1,8,13,0.5833,8,差し
コーントップス,2026-01-28,大井,2,10,14,0.6923,11,追込
コーントップス,2026-02-18,大井,1,9,12,0.7273,9,差し
コーントップス,2026-03-11,大井,2,9,12,0.7273,7,差し
コーントップス,2026-03-24,大井,2,12,14,0.8462,9,差し
コーントップス,2026-04-15,大井,1,6,14,0.3846,8,差し
コーントップス,2026-04-28,大井,1,5,11,0.4,11,差し
コーントップス,2026-05-20,大井,2,8,11,0.7,11,差し
コーントップス,2026-06-10,大井,2,5,14,0.3077,5,差し
コーントップス,2026-07-03,大井,2,7,14,0.4615,8,差し
コーントップス,2026-07-22,大井,2,10,16,0.6,7,差し
コーントップス,2026-08-15,大井,2,7,14,0.4615,5,差し
ゴッドセンド,2026-07-01,大井,10,1,13,0.0,9,先行
ゴッドセンド,2026-07-23,大井,11,2,10,0.1111,8,先行
ゴッドセンド,2026-08-14,大井,7,1,8,0.0,6,先行
ゴッドバーグ,2026-04-29,大井,9,3,14,0.1538,3,差し
ゴッドバーグ,2026-05-21,大井,6,2,12,0.0909,7,差し
ゴッドバーグ,2026-07-01,大井,12,2,15,0.0714,3,追込
ゴッドバーグ,2026-08-14,大井,8,3,16,0.1333,1,追込
ゴッドフェンサー,2026-06-10,大井,11,5,16,0.2667,5,差し
ゴッドモード,2026-01-13,大井,2,14,15,0.9286,10,差し
ゴッドモード,2026-01-27,大井,2,8,14,0.5385,11,差し
ゴッドモード,2026-02-17,大井,2,10,13,0.75,1,差し
ゴッドモード,2026-03-10,大井,1,12,14,0.8462,11,差し
ゴッドモード,2026-03-24,大井,1,10,13,0.75,11,差し
ゴッドモード,2026-04-15,大井,1,7,14,0.4615,11,差し
ゴッドモード,2026-04-28,大井,1,6,11,0.5,5,追込
ゴッドモード,2026-07-22,大井,1,2,14,0.0769,7,追込
ゴッドモード,2026-08-16,大井,1,5,14,0.3077,5,追込
ゴルティス,2026-01-13,大井,2,9,15,0.5714,5,差し
ゴルティス,2026-01-28,大井,1,8,12,0.6364,3,差し
ゴルティス,2026-02-19,大井,1,9,16,0.5333,10,差し
ゴルデューク,2026-01-14,大井,1,9,13,0.6667,10,追込
ゴルデューク,2026-01-28,大井,1,9,12,0.7273,7,追込
ゴルデューク,2026-02-18,大井,1,6,12,0.4545,10,追込
ゴルデューク,2026-03-10,大井,2,10,13,0.75,9,差し
ゴルデューク,2026-03-25,大井,1,6,10,0.5556,5,差し
ゴルデューク,2026-04-15,大井,1,7,14,0.4615,12,差し
ゴルデューク,2026-04-30,大井,1,4,14,0.2308,9,差し
ゴルデューク,2026-05-20,大井,1,7,13,0.5,7,差し
ゴルデューク,2026-06-10,大井,1,5,14,0.3077,9,追込
ゴルデューク,2026-07-02,大井,1,7,14,0.4615,8,追込
ゴルデューク,2026-07-24,大井,1,9,15,0.5714,7,差し
ゴルデューク,2026-08-15,大井,1,5,12,0.3636,8,差し
ゴルデューク,2026-08-31,大井,1,7,13,0.5,9,追込
ゴルトフェニックス,2026-01-30,大井,3,1,8,0.0,6,逃げ
ゴルトフェニックス,2026-02-20,大井,5,9,13,0.6667,7,先行
ゴルトフェニックス,2026-06-11,大井,5,3,14,0.1538,9,先行
ゴルトフェニックス,2026-07-02,大井,4,1,13,0.0,1,先行
ゴルトフェニックス,2026-07-21,大井,9,1,12,0.0,1,先行
ゴルトフラッシュ,2026-01-15,大井,8,6,7,0.8333,7,差し
ゴルトフラッシュ,2026-05-22,大井,2,8,15,0.5,6,差し
ゴルトフラッシュ,2026-06-11,大井,5,6,14,0.3846,2,差し
ゴルトリッチ,2026-08-13,大井,10,7,14,0.4615,13,追込
ゴンザーゴ,2026-03-24,大井,12,6,13,0.4167,5,差し
ゴンザーゴ,2026-04-17,大井,10,5,13,0.3333,7,差し
ゴンザーゴ,2026-04-30,大井,7,2,13,0.0833,3,差し
ゴンザーゴ,2026-05-21,大井,5,2,14,0.0769,2,差し
ゴンザーゴ,2026-06-08,大井,6,1,9,0.0,3,差し
ゴンザーゴ,2026-07-02,大井,10,6,12,0.4545,8,差し
ゴンザーゴ,2026-07-24,大井,10,6,14,0.3846,5,差し
ゴンザーゴ,2026-08-16,大井,7,7,11,0.6,5,差し
ゴーゴーイーグルス,2026-03-27,大井,10,5,10,0.4444,7,差し
ゴーゴーイーグルス,2026-04-30,大井,7,5,13,0.3333,5,差し
ゴーゴーイーグルス,2026-05-21,大井,6,4,12,0.2727,3,差し
ゴーゴーイーグルス,2026-06-10,大井,7,3,11,0.2,2,差し
ゴーゴーメロディ,2026-02-20,大井,2,2,12,0.0909,11,逃げ
ゴーゴーメロディ,2026-03-11,大井,4,1,14,0.0,9,逃げ
ゴーゴーメロディ,2026-03-25,大井,3,3,14,0.1538,6,逃げ
ゴーゴーメロディ,2026-04-15,大井,5,2,14,0.0769,2,逃げ
ゴーゴーメロディ,2026-04-30,大井,4,2,11,0.1,7,逃げ
ゴーゴーメロディ,2026-05-22,大井,2,3,15,0.1429,13,先行
ゴージャスドラゴン,2026-05-18,大井,6,2,14,0.0769,5,差し
ゴージャスレディ,2026-01-29,大井,7,2,14,0.0769,13,逃げ
ゴージャスレディ,2026-02-19,大井,10,2,14,0.0769,9,逃げ
ゴーディアンノット,2026-01-16,大井,1,11,14,0.7692,4,追込
ゴーディアンノット,2026-01-29,大井,2,12,14,0.8462,6,追込
ゴーディアンノット,2026-02-19,大井,3,7,14,0.4615,5,追込
ゴーディアンノット,2026-03-09,大井,12,11,14,0.7692,2,追込
ゴーディアンノット,2026-03-23,大井,12,10,13,0.75,5,差し
ゴーディアンノット,2026-04-13,大井,12,7,14,0.4615,7,差し
ゴーディアンノット,2026-04-27,大井,8,8,14,0.5385,7,差し
ゴーディアンノット,2026-05-18,大井,6,8,14,0.5385,4,差し
ゴーディアンノット,2026-06-09,大井,5,5,11,0.4,2,差し
ゴーディアンノット,2026-07-01,大井,4,4,14,0.2308,2,差し
ゴーディアンノット,2026-07-20,大井,10,7,14,0.4615,2,差し
ゴーディアンノット,2026-08-14,大井,4,5,12,0.3636,4,差し
ゴーディアンノット,2026-09-02,大井,6,6,14,0.3846,3,差し
ゴーパル,2026-07-21,大井,4,3,8,0.2857,5,
ゴーパル,2026-08-16,大井,3,1,10,0.0,1,差し
ゴールデンオージャ,2026-01-16,大井,1,5,14,0.3077,3,差し
ゴールデンオージャ,2026-01-29,大井,2,5,14,0.3077,2,差し
ゴールデンオージャ,2026-02-19,大井,2,3,13,0.1667,1,差し
ゴールデンオージャ,2026-03-10,大井,7,8,12,0.6364,9,先行
ゴールデンオージャ,2026-03-23,大井,8,6,12,0.4545,8,差し
ゴールデンオージャ,2026-04-14,大井,4,10,12,0.8182,12,差し
ゴールデンオージャ,2026-04-28,大井,6,4,10,0.3333,9,差し
ゴールデンオージャ,2026-05-18,大井,6,3,14,0.1538,7,差し
ゴールデンオージャ,2026-06-09,大井,4,4,10,0.3333,9,差し
ゴールデンオージャ,2026-07-01,大井,5,8,14,0.5385,12,差し
ゴールデンオージャ,2026-07-20,大井,7,5,10,0.4444,10,差し
ゴールデンオージャ,2026-08-14,大井,4,4,12,0.2727,8,差し
ゴールデンクィーン,2026-01-12,大井,6,7,14,0.4615,8,追込
ゴールデンクィーン,2026-01-26,大井,4,11,13,0.8333,7,差し
ゴールデンクィーン,2026-02-16,大井,4,6,12,0.4545,12,差し
ゴールデンバンブー,2026-05-01,大井,2,3,13,0.1667,2,差し
ゴールデンバンブー,2026-05-22,大井,4,4,16,0.2,5,差し
ゴールデンブザー,2026-01-15,大井,12,2,8,0.1429,6,差し
ゴールデンブザー,2026-05-21,大井,11,7,13,0.5,5,先行
ゴールデンブザー,2026-06-12,大井,11,6,11,0.5,6,差し
ゴールデンブザー,2026-08-14,大井,7,3,8,0.2857,4,差し
ゴールデンラック,2026-01-29,大井,7,1,14,0.0,7,先行
ゴールデンラック,2026-02-19,大井,10,4,14,0.2308,2,先行
ゴールデンラック,2026-05-21,大井,9,3,13,0.1667,2,先行
ゴールデンルチル,2026-03-24,大井,6,3,14,0.1538,12,差し
ゴールデンルチル,2026-04-14,大井,3,4,11,0.3,2,差し
ゴールデンルチル,2026-05-22,大井,2,7,15,0.4286,14,差し
ゴールデンルチル,2026-06-10,大井,5,5,13,0.3333,10,差し
ゴールデンルチル,2026-07-02,大井,5,7,16,0.4,14,差し
ゴールデンルチル,2026-07-22,大井,4,9,14,0.6154,13,差し
ゴールドカグヤヒメ,2026-01-14,大井,3,3,11,0.2,3,差し
ゴールドカグヤヒメ,2026-05-21,大井,4,2,13,0.0833,12,差し
ゴールドカグヤヒメ,2026-06-10,大井,10,4,14,0.2308,14,差し
ゴールドカグヤヒメ,2026-06-30,大井,11,8,16,0.4667,13,差し
ゴールドカグヤヒメ,2026-07-20,大井,12,6,14,0.3846,8,差し
ゴールドカグヤヒメ,2026-08-15,大井,8,4,11,0.3,8,差し
ゴールドグラント,2026-01-28,大井,9,4,9,0.375,5,差し
ゴールドグラント,2026-02-16,大井,10,8,14,0.5385,7,差し
ゴールドグラント,2026-03-11,大井,10,4,13,0.25,7,差し
ゴールドグラント,2026-03-25,大井,10,4,10,0.3333,1,差し
ゴールドグラント,2026-04-16,大井,9,5,16,0.2667,11,差し
ゴールドグラント,2026-04-30,大井,9,8,14,0.5385,12,差し
ゴールドグラント,2026-08-14,大井,8,8,16,0.4667,11,差し
ゴールドシュミット,2026-06-29,大井,4,2,9,0.125,3,
ゴールドシュミット,2026-07-24,大井,3,3,5,0.5,2,差し
ゴールドシュミット,2026-08-17,大井,4,6,8,0.7143,5,差し
ゴールドジャッジ,2026-01-16,大井,11,3,11,0.2,2,差し
ゴールドジャッジ,2026-01-28,大井,12,4,12,0.2727,4,差し
ゴールドジャッジ,2026-06-12,大井,11,5,11,0.4,3,差し
ゴールドジャッジ,2026-07-01,大井,10,3,13,0.1667,10,差し
ゴールドジャッジ,2026-07-20,大井,11,2,7,0.1667,6,差し
ゴールドジャッジ,2026-08-14,大井,7,2,8,0.1429,5,差し
ゴールドジャッジ,2026-08-31,大井,11,3,14,0.1538,6,差し
ゴールドタリスマン,2026-01-16,大井,1,2,14,0.0769,9,逃げ
ゴールドタリスマン,2026-01-29,大井,2,1,14,0.0,9,逃げ
ゴールドタリスマン,2026-02-19,大井,2,1,13,0.0,4,逃げ
ゴールドタリスマン,2026-03-12,大井,1,1,12,0.0,7,逃げ
ゴールドタリスマン,2026-03-26,大井,2,1,13,0.0,3,逃げ
ゴールドタリスマン,2026-04-17,大井,1,1,13,0.0,6,逃げ
ゴールドタリスマン,2026-05-20,大井,2,1,11,0.0,8,逃げ
ゴールドタリスマン,2026-06-11,大井,1,1,14,0.0,5,逃げ
ゴールドタリスマン,2026-06-30,大井,4,2,10,0.1111,7,逃げ
ゴールドタリスマン,2026-07-22,大井,2,1,16,0.0,3,逃げ
ゴールドタリスマン,2026-08-16,大井,2,1,13,0.0,1,逃げ
ゴールドタリスマン,2026-08-31,大井,10,1,15,0.0,1,逃げ
ゴールドバランサー,2026-04-30,大井,10,2,15,0.0714,10,差し
ゴールドフリーザ,2026-01-13,大井,3,5,10,0.4444,6,追込
ゴールドフリーザ,2026-04-13,大井,5,4,12,0.2727,4,追込
ゴールドフリーザ,2026-04-27,大井,5,6,10,0.5556,6,差し
ゴールドフリーザ,2026-05-20,大井,4,7,14,0.4615,4,追込
ゴールドフリーザ,2026-06-09,大井,1,6,9,0.625,5,追込
ゴールドフリーザ,2026-07-01,大井,2,4,13,0.25,3,追込
ゴールドフリーザ,2026-07-22,大井,3,6,14,0.3846,6,追込
ゴールドフリーザ,2026-08-13,大井,3,3,13,0.1667,7,追込
ゴールドブレイン,2026-01-16,大井,2,13,16,0.8,7,差し
ゴールドモア,2026-02-19,大井,5,7,14,0.4615,8,差し
ゴールドモア,2026-03-10,大井,5,8,14,0.5385,5,差し
ゴールドモア,2026-03-25,大井,3,4,14,0.2308,3,差し
ゴールドモア,2026-04-15,大井,5,3,14,0.1538,7,差し
ゴールドモア,2026-05-21,大井,2,1,14,0.0,2,差し
ゴールドモア,2026-06-11,大井,4,5,14,0.3077,14,差し
ゴールドモア,2026-08-14,大井,2,10,16,0.6,10,差し
ゴールドレガシー,2026-04-16,大井,11,5,16,0.2667,10,差し
ゴールドレガシー,2026-07-22,大井,11,9,15,0.5714,9,差し
ゴールドレジーナ,2026-06-08,大井,2,1,10,0.0,3,
サイアンドコー,2026-08-14,大井,10,4,9,0.375,8,先行
サイカンサンユウ,2026-01-13,大井,5,3,14,0.1538,1,先行
サイカンサンユウ,2026-02-20,大井,3,6,14,0.3846,4,差し
サイカンサンユウ,2026-03-09,大井,11,9,10,0.8889,7,差し
サイカンサンユウ,2026-03-25,大井,11,5,7,0.6667,5,差し
サイカンサンユウ,2026-04-29,大井,11,7,13,0.5,10,差し
サイゴニアイハカツ,2026-05-22,大井,2,1,15,0.0,2,先行
サイゴニアイハカツ,2026-06-12,大井,3,6,12,0.4545,12,逃げ
サイレントギフト,2026-01-16,大井,11,6,11,0.5,10,差し
サイレントブラック,2026-02-17,大井,9,11,12,0.9091,3,差し
サイレントブラック,2026-05-21,大井,6,6,12,0.4545,12,差し
サイレントブラック,2026-06-12,大井,9,8,14,0.5385,12,差し
サイレントブラック,2026-07-01,大井,12,9,15,0.5714,15,差し
サイレントブラック,2026-07-22,大井,8,7,11,0.6,11,差し
サイレントブラック,2026-08-14,大井,6,8,11,0.7,10,差し
サインドピース,2026-01-12,大井,6,3,14,0.1538,5,追込
サインドピース,2026-01-26,大井,4,1,13,0.0,11,差し
サインドピース,2026-02-16,大井,5,7,13,0.5,9,先行
サウスヴィルステラ,2026-01-12,大井,10,11,11,1.0,5,差し
サウスヴィルステラ,2026-01-29,大井,12,10,14,0.6923,4,差し
サウスヴィルステラ,2026-02-17,大井,10,8,13,0.5833,7,差し
サウスヴィルステラ,2026-03-12,大井,12,3,14,0.1538,6,追込
サウスヴィルステラ,2026-04-14,大井,9,6,10,0.5556,5,追込
サウンドキングダム,2026-01-30,大井,7,1,10,0.0,2,先行
サウンドキングダム,2026-02-20,大井,9,7,15,0.4286,7,先行
サウンドキングダム,2026-03-13,大井,6,2,14,0.0769,7,先行
サウンドキングダム,2026-03-27,大井,6,8,14,0.5385,3,先行
サウンドキングダム,2026-04-14,大井,12,4,14,0.2308,8,先行
サウンドキングダム,2026-04-28,大井,12,3,13,0.1667,9,差し
サウンドキングダム,2026-05-18,大井,10,3,9,0.25,2,差し
サウンドキングダム,2026-06-10,大井,9,3,14,0.1538,11,差し
サウンドクラージュ,2026-06-12,大井,9,3,14,0.1538,3,差し
サウンドクラージュ,2026-07-01,大井,8,1,14,0.0,2,差し
サウンドクラージュ,2026-07-24,大井,8,6,12,0.4545,8,先行
サウンドバッハ,2026-05-01,大井,12,6,16,0.3333,13,差し
サウンドバッハ,2026-05-20,大井,12,7,14,0.4615,6,差し
サウンドバッハ,2026-06-11,大井,7,6,11,0.5,11,差し
サウンドバッハ,2026-06-29,大井,12,7,13,0.5,11,差し
サウンドルークス,2026-01-12,大井,9,1,15,0.0,3,差し
サウンドルークス,2026-01-26,大井,8,1,13,0.0,1,先行
サウンドルークス,2026-02-18,大井,5,2,12,0.0909,2,先行
サウンドルークス,2026-03-12,大井,7,7,11,0.6,6,先行
サウンドルークス,2026-03-25,大井,4,8,12,0.6364,10,先行
サウンドルークス,2026-04-16,大井,4,2,11,0.1,3,先行
サウンドルークス,2026-04-30,大井,5,2,10,0.1111,7,先行
サウンドロックス,2026-03-10,大井,10,5,10,0.4444,10,差し
サウンドロックス,2026-03-27,大井,3,9,12,0.7273,9,差し
サウンドロックス,2026-04-15,大井,7,3,12,0.1818,6,差し
サウンドロックス,2026-04-30,大井,12,3,14,0.1538,7,差し
サウンドロックス,2026-05-19,大井,6,4,14,0.2308,5,差し
サウンドロックス,2026-06-10,大井,8,2,12,0.0909,2,差し
サウンドロックス,2026-07-02,大井,12,2,14,0.0769,5,差し
サカイワンパクオー,2026-04-27,大井,4,1,11,0.0,1,
サカイワンパクオー,2026-05-22,大井,1,2,13,0.0833,8,逃げ
サカイワンパクオー,2026-06-10,大井,3,1,11,0.0,2,先行
サカベンクイーン,2026-01-16,大井,3,2,11,0.1,2,先行
サカベンクイーン,2026-01-27,大井,10,7,15,0.4286,15,先行
サカベンクイーン,2026-02-18,大井,4,2,14,0.0769,6,先行
サカベンクイーン,2026-03-11,大井,6,4,12,0.2727,12,先行
サカベンクイーン,2026-03-27,大井,3,2,12,0.0909,2,先行
サカベンクイーン,2026-04-16,大井,6,5,14,0.3077,14,先行
サカベンクイーン,2026-04-30,大井,6,2,14,0.0769,5,差し
サカベンクイーン,2026-05-21,大井,9,3,13,0.1667,11,先行
サカベンクイーン,2026-06-11,大井,9,2,14,0.0769,6,先行
サカベンクイーン,2026-07-03,大井,10,2,14,0.0769,7,先行
サカベンクイーン,2026-07-24,大井,8,5,12,0.3636,12,先行
サカベンクイーン,2026-08-14,大井,5,2,14,0.0769,9,先行
サカベンクイーン,2026-09-02,大井,5,1,12,0.0,3,先行
サガノオウマサン,2026-01-13,大井,10,12,13,0.9167,5,追込
サガノオウマサン,2026-01-27,大井,12,13,13,1.0,11,追込
サガノオウマサン,2026-02-16,大井,12,10,13,0.75,8,追込
サガノオウマサン,2026-03-10,大井,10,10,10,1.0,5,追込
サガノオウマサン,2026-03-24,大井,12,8,13,0.5833,10,追込
サガノオウマサン,2026-04-17,大井,10,7,13,0.5,5,追込
サガノオウマサン,2026-04-29,大井,10,4,15,0.2143,2,追込
サガノオウマサン,2026-05-20,大井,9,4,15,0.2143,2,追込
サガノオウマサン,2026-06-11,大井,10,6,14,0.3846,8,追込
サガノオウマサン,2026-06-30,大井,10,7,12,0.5455,7,追込
サガノオウマサン,2026-08-13,大井,7,4,8,0.4286,4,差し
サガノオウマサン,2026-08-31,大井,9,4,11,0.3,5,差し
サクセスゴールド,2026-09-02,大井,9,1,13,0.0,1,差し
サクハル,2026-01-16,大井,12,1,14,0.0,4,先行
サクハル,2026-01-28,大井,10,2,13,0.0833,2,先行
サクハル,2026-05-19,大井,12,1,16,0.0,1,先行
サクハル,2026-06-08,大井,11,2,16,0.0667,10,先行
サクハル,2026-06-29,大井,10,3,11,0.2,5,先行
サクラエナジー,2026-07-20,大井,6,8,13,0.5833,12,差し
サクラエナジー,2026-08-12,大井,5,7,16,0.4,15,差し
サクラエナジー,2026-08-31,大井,6,7,14,0.4615,13,差し
サクラジェンヌ,2026-01-30,大井,9,1,11,0.0,3,逃げ
サクラジェンヌ,2026-02-17,大井,10,3,13,0.1667,2,逃げ
サクラジェンヌ,2026-06-12,大井,12,2,13,0.0833,12,逃げ
サクラジェンヌ,2026-07-01,大井,6,4,10,0.3333,7,逃げ
サクラフレイバー,2026-03-11,大井,9,2,11,0.1,4,先行
サクラフレイバー,2026-03-26,大井,10,1,14,0.0,6,先行
サコクノクインビー,2026-03-24,大井,4,8,11,0.7,7,差し
サコクノクインビー,2026-04-13,大井,6,5,10,0.4444,4,差し
サコクノクインビー,2026-04-27,大井,5,4,10,0.3333,7,差し
サコクノクインビー,2026-05-20,大井,5,3,11,0.2,5,差し
サコクノクインビー,2026-06-09,大井,2,3,13,0.1667,4,差し
サコクノクインビー,2026-07-01,大井,3,2,11,0.1,4,差し
サコクノクインビー,2026-07-21,大井,3,7,14,0.4615,13,差し
ササキントモジロウ,2026-01-13,大井,12,11,16,0.6667,12,差し
ササキントモジロウ,2026-01-26,大井,9,5,11,0.4,9,差し
ササキントモジロウ,2026-02-17,大井,7,12,14,0.8462,9,差し
ササキントモジロウ,2026-03-09,大井,10,2,13,0.0833,9,差し
ササキントモジロウ,2026-03-23,大井,8,12,12,1.0,10,差し
ササキントモジロウ,2026-04-13,大井,10,5,13,0.3333,7,差し
ササキントモジロウ,2026-04-27,大井,9,8,13,0.5833,6,差し
ササキントモジロウ,2026-05-18,大井,6,9,14,0.6154,14,差し
サスケリアン,2026-04-28,大井,3,4,14,0.2308,8,差し
サスケリアン,2026-05-20,大井,5,2,11,0.1,4,差し
サスケリアン,2026-06-10,大井,5,6,13,0.4167,11,差し
サスケリアン,2026-07-01,大井,3,3,11,0.2,10,差し
サッキーミツグ,2026-01-14,大井,12,1,14,0.0,5,先行
サッキーミツグ,2026-01-27,大井,11,1,13,0.0,1,逃げ
サッキーミツグ,2026-02-18,大井,12,2,13,0.0833,8,逃げ
サッキーミツグ,2026-03-12,大井,6,1,9,0.0,9,逃げ
サッキーミツグ,2026-03-25,大井,7,2,8,0.1429,6,逃げ
サッキーミツグ,2026-04-14,大井,11,7,11,0.6,10,逃げ
サッキーミツグ,2026-07-01,大井,10,1,13,0.0,8,差し
サッキーミツグ,2026-07-20,大井,11,1,7,0.0,4,差し
サッキーミツグ,2026-08-14,大井,7,1,8,0.0,1,差し
サッキーミツグ,2026-08-31,大井,11,1,14,0.0,8,先行
サトノエンパイア,2026-01-29,大井,12,8,14,0.5385,2,差し
サトノエンパイア,2026-02-18,大井,7,3,14,0.1538,6,差し
サトノエンパイア,2026-03-12,大井,12,2,14,0.0769,2,差し
サトノエンパイア,2026-03-26,大井,7,4,9,0.375,4,差し
サトノエンパイア,2026-04-14,大井,10,4,9,0.375,4,差し
サトノエンパイア,2026-04-27,大井,12,6,12,0.4545,4,差し
サトノエンパイア,2026-05-21,大井,12,5,14,0.3077,5,差し
サトノエンパイア,2026-06-10,大井,12,7,13,0.5,5,差し
サトノエンパイア,2026-07-03,大井,12,5,13,0.3333,6,差し
サトノエンパイア,2026-07-21,大井,12,6,16,0.3333,5,差し
サトノエンパイア,2026-08-12,大井,10,7,14,0.4615,3,差し
サトノエンパイア,2026-09-04,大井,11,5,13,0.3333,5,差し
サトノテンペスト,2026-03-10,大井,11,12,16,0.7333,9,差し
サトノテンペスト,2026-06-11,大井,11,3,12,0.1818,2,差し
サトノテンペスト,2026-07-02,大井,11,5,10,0.4444,5,先行
サトノテンペスト,2026-07-22,大井,11,9,15,0.5714,11,差し
サトノビーツ,2026-04-13,大井,8,2,12,0.0909,1,先行
サトノビーツ,2026-04-29,大井,3,1,13,0.0,1,先行
サトノムスタング,2026-02-16,大井,11,10,16,0.6,11,追込
サトノリリウム,2026-01-13,大井,9,1,8,0.0,2,逃げ
サトノリリウム,2026-01-27,大井,11,2,13,0.0833,2,逃げ
サトノリリウム,2026-04-15,大井,12,1,16,0.0,1,逃げ
サトノリリウム,2026-06-12,大井,11,1,11,0.0,1,逃げ
サフィールシェール,2026-04-30,大井,9,2,14,0.0769,14,逃げ
サフィールシェール,2026-05-21,大井,7,6,11,0.5,11,先行
サフィールシェール,2026-06-12,大井,9,2,14,0.0769,14,先行
サフィールシェール,2026-06-30,大井,8,3,16,0.1333,8,先行
サフィールシェール,2026-07-21,大井,9,1,12,0.0,8,先行
サフィールシェール,2026-08-12,大井,8,1,13,0.0,2,先行
サブノグランソン,2026-08-31,大井,3,5,6,0.8,6,
サブノコイゴコロ,2026-01-13,大井,9,5,8,0.5714,4,差し
サブノコイゴコロ,2026-01-28,大井,10,9,13,0.6667,13,差し
サブノコイゴコロ,2026-03-10,大井,12,4,16,0.2,3,差し
サブノコイゴコロ,2026-04-17,大井,12,3,14,0.1538,10,差し
サブノコイゴコロ,2026-04-29,大井,12,4,16,0.2,7,差し
サブノコイゴコロ,2026-05-19,大井,12,6,16,0.3333,11,差し
サブノコイゴコロ,2026-06-10,大井,10,5,14,0.3077,5,差し
サブノハクタカ,2026-01-15,大井,12,6,8,0.7143,7,差し
サブノハクタカ,2026-01-28,大井,12,10,12,0.8182,10,差し
サブノハクタカ,2026-02-18,大井,12,12,13,0.9167,10,差し
サブノハクタカ,2026-03-09,大井,8,6,7,0.8333,6,差し
サブノハクタカ,2026-03-23,大井,7,5,6,0.8,4,差し
サブノハクタカ,2026-04-14,大井,11,5,11,0.4,6,追込
サブノハクタカ,2026-05-01,大井,11,6,10,0.5556,10,追込
サブノハクタカ,2026-05-22,大井,11,6,12,0.4545,9,追込
サブノハクタカ,2026-06-12,大井,11,7,11,0.6,7,追込
サブノハクタカ,2026-07-03,大井,11,8,10,0.7778,10,追込
サブノハクタカ,2026-07-24,大井,7,7,9,0.75,7,追込
サブノハクタカ,2026-08-14,大井,7,4,8,0.4286,7,追込
サブノハクタカ,2026-08-31,大井,11,7,14,0.4615,12,追込
サブノマカナ,2026-01-12,大井,9,5,15,0.2857,8,差し
サブノマカナ,2026-01-26,大井,8,7,13,0.5,7,差し
サブノマカナ,2026-06-08,大井,9,2,12,0.0909,1,差し
サブノマカナ,2026-07-02,大井,8,1,13,0.0,1,差し
サブノマカナ,2026-07-22,大井,7,2,13,0.0833,4,差し
サブノモアナ,2026-04-14,大井,6,4,10,0.3333,2,差し
サブノモアナ,2026-05-21,大井,9,4,13,0.25,5,差し
サブノモアナ,2026-06-11,大井,8,2,13,0.0833,5,差し
サブノモアナ,2026-07-03,大井,10,6,14,0.3846,6,差し
サブノリョウマ,2026-04-17,大井,12,10,14,0.6923,12,差し
サブノリョウマ,2026-04-29,大井,12,5,16,0.2667,8,差し
サブノリョウマ,2026-05-19,大井,12,9,16,0.5333,16,差し
サブノリョウマ,2026-06-09,大井,9,4,14,0.2308,13,差し
サブノリョウマ,2026-07-01,大井,7,5,12,0.3636,10,差し
サブノリョウマ,2026-07-24,大井,12,4,9,0.375,9,差し
サブノリョウマ,2026-08-16,大井,8,2,13,0.0833,9,差し
サブノリョウマ,2026-09-04,大井,12,8,15,0.5,13,差し
サブノルアナ,2026-01-12,大井,2,10,13,0.75,9,差し
サブノルアナ,2026-01-27,大井,2,11,14,0.7692,13,差し
サブノルアナ,2026-02-16,大井,2,9,12,0.7273,6,追込
サブノルアナ,2026-03-09,大井,2,8,12,0.6364,6,追込
サブノルアナ,2026-03-23,大井,2,7,14,0.4615,6,追込
サブノルアナ,2026-04-13,大井,1,4,13,0.25,3,追込
サブノルアナ,2026-04-27,大井,1,6,14,0.3846,8,差し
サブノルアナ,2026-05-19,大井,1,5,13,0.3333,3,差し
サブノルアナ,2026-06-10,大井,1,2,14,0.0769,1,差し
サブノルアナ,2026-06-30,大井,4,6,10,0.5556,4,差し
サブノルアナ,2026-07-23,大井,1,1,13,0.0,1,差し
サブノルアナ,2026-08-13,大井,6,3,12,0.1818,11,差し
サブノルアナ,2026-08-31,大井,7,3,13,0.1667,9,先行
サマニデンカ,2026-02-17,大井,4,2,12,0.0909,1,先行
サマニデンカ,2026-03-26,大井,6,4,13,0.25,11,先行
サマニデンカ,2026-06-11,大井,5,1,14,0.0,14,先行
サマニデンカ,2026-07-02,大井,5,1,16,0.0,4,先行
サマニデンカ,2026-08-15,大井,7,2,16,0.0667,14,先行
サマーツアー,2026-01-30,大井,6,1,14,0.0,9,逃げ
サマーツアー,2026-02-19,大井,10,5,14,0.3077,13,逃げ
サマーツアー,2026-03-12,大井,8,9,11,0.8,11,差し
サマーツアー,2026-03-25,大井,6,7,14,0.4615,10,差し
サムデイ,2026-02-19,大井,11,11,15,0.7143,15,差し
サムデイ,2026-03-10,大井,12,9,16,0.5333,12,差し
サムライタイム,2026-01-12,大井,6,9,14,0.6154,13,追込
サムライタイム,2026-01-26,大井,4,12,13,0.9167,9,追込
サムライタイム,2026-02-16,大井,4,9,12,0.7273,9,追込
サムライタイム,2026-03-09,大井,6,13,14,0.9231,12,追込
サムライタイム,2026-03-24,大井,4,9,11,0.8,9,追込
サヨナキドリ,2026-01-30,大井,4,2,9,0.125,1,先行
サヨナキドリ,2026-02-20,大井,5,3,13,0.1667,2,先行
サヨナキドリ,2026-03-13,大井,7,3,10,0.2222,2,先行
サヨノグッドデイ,2026-05-18,大井,1,2,12,0.0909,1,
サヨノグッドデイ,2026-07-22,大井,3,1,14,0.0,1,差し
サヨノサイレンス,2026-03-23,大井,4,5,7,0.6667,3,
サヨノサイレンス,2026-04-13,大井,5,6,12,0.4545,7,追込
サヨノトレイダー,2026-01-14,大井,12,9,14,0.6154,3,差し
サヨノトレイダー,2026-01-26,大井,12,9,15,0.5714,9,差し
サヨノトレイダー,2026-02-20,大井,11,10,15,0.6429,3,差し
サヨノトレイダー,2026-03-24,大井,11,13,16,0.8,5,差し
サヨノネイチヤ,2026-04-16,大井,11,2,16,0.0667,12,差し
サヨノネイチヤ,2026-05-20,大井,11,4,16,0.2,2,差し
サヨノネイチヤ,2026-07-22,大井,11,6,15,0.3571,4,差し
サヨノホーチュラス,2026-03-26,大井,6,3,13,0.1667,1,逃げ
サヨノホーチュラス,2026-04-17,大井,6,3,13,0.1667,2,先行
サヨノホーチュラス,2026-05-01,大井,4,2,8,0.1429,1,先行
サヨノホーチュラス,2026-06-10,大井,10,3,14,0.1538,3,先行
サヨノホーチュラス,2026-06-30,大井,11,5,16,0.2667,7,先行
サラカノ,2026-08-16,大井,4,4,7,0.5,3,差し
サラニキケン,2026-06-10,大井,8,5,12,0.3636,8,追込
サラニキケン,2026-07-23,大井,7,8,12,0.6364,8,追込
サラニキケン,2026-09-04,大井,10,5,14,0.3077,11,追込
サリー,2026-08-12,大井,4,1,14,0.0,5,差し
サルタトリウム,2026-04-27,大井,3,4,11,0.3,6,追込
サルーキ,2026-02-19,大井,6,2,14,0.0769,6,逃げ
サルーキ,2026-03-11,大井,4,5,14,0.3077,5,逃げ
サルーキ,2026-03-25,大井,3,2,14,0.0769,2,先行
サルーキ,2026-04-17,大井,3,3,14,0.1538,5,先行
サルーキ,2026-04-30,大井,4,2,11,0.1,3,先行
サンクスグランパ,2026-01-13,大井,8,6,12,0.4545,8,差し
サンクスグランパ,2026-01-27,大井,9,3,14,0.1538,8,差し
サンクスグランパ,2026-02-17,大井,6,8,12,0.6364,6,差し
サンサンラルーナ,2026-01-15,大井,9,2,12,0.0909,9,差し
サンサンラルーナ,2026-02-16,大井,9,6,10,0.5556,5,差し
サンサンラルーナ,2026-03-11,大井,9,4,11,0.3,9,差し
サンサンラルーナ,2026-04-15,大井,10,6,14,0.3846,6,差し
サンサンラルーナ,2026-04-29,大井,8,4,14,0.2308,7,差し
サンサンラルーナ,2026-05-19,大井,7,3,10,0.2222,5,差し
サンサンラルーナ,2026-06-10,大井,9,3,14,0.1538,6,差し
サンサンラルーナ,2026-06-30,大井,8,8,16,0.4667,15,差し
サンシップ,2026-04-15,大井,1,2,14,0.0769,1,差し
サンシップ,2026-04-30,大井,1,2,14,0.0769,2,差し
サンシップ,2026-05-20,大井,1,2,13,0.0833,1,差し
サンタモニカビーチ,2026-01-13,大井,7,2,13,0.0833,7,差し
サンタモニカビーチ,2026-01-30,大井,10,11,16,0.6667,14,差し
サンテックス,2026-05-20,大井,11,3,16,0.1333,16,逃げ
サンテンジン,2026-08-12,大井,5,3,16,0.1333,2,
サンディエゴ,2026-07-24,大井,9,5,12,0.3636,9,先行
サンディエゴ,2026-08-16,大井,6,4,13,0.25,3,差し
サンディエゴ,2026-08-31,大井,9,3,11,0.2,1,差し
サントグラール,2026-01-14,大井,7,9,12,0.7273,5,追込
サントグラール,2026-01-28,大井,6,9,12,0.7273,3,差し
サントグラール,2026-02-18,大井,6,12,16,0.7333,6,追込
サントグラール,2026-03-13,大井,3,8,12,0.6364,7,差し
サントグラール,2026-03-24,大井,8,11,12,0.9091,3,追込
サントグラール,2026-04-16,大井,5,7,14,0.4615,8,追込
サントグラール,2026-08-14,大井,4,8,12,0.6364,9,追込
サントグラール,2026-09-02,大井,10,7,13,0.5,11,追込
サントノーレ,2026-04-16,大井,11,1,16,0.0,2,逃げ
サントノーレ,2026-05-20,大井,11,1,16,0.0,1,逃げ
サントノーレ,2026-07-01,大井,11,1,13,0.0,13,逃げ
サントレッダー,2026-05-18,大井,10,4,9,0.375,8,差し
サントレッダー,2026-06-09,大井,8,7,11,0.6,9,差し
サントレッダー,2026-06-29,大井,9,5,9,0.5,9,差し
サントレッダー,2026-07-23,大井,6,5,14,0.3077,13,差し
サントレッダー,2026-08-16,大井,10,3,13,0.1667,11,差し
サンバフレイバー,2026-01-16,大井,1,4,14,0.2308,10,差し
サンバフレイバー,2026-01-30,大井,1,7,12,0.5455,4,差し
サンバフレイバー,2026-06-08,大井,7,3,12,0.1818,1,差し
サンバフレイバー,2026-06-29,大井,7,4,11,0.3,4,差し
サンバフレイバー,2026-08-13,大井,6,3,12,0.1818,4,差し
サンピアノソナタ,2026-07-01,大井,8,3,14,0.1538,4,追込
サンピアノソナタ,2026-07-23,大井,9,2,9,0.125,5,差し
サンピアノソナタ,2026-08-16,大井,7,4,11,0.3,9,差し
サンピアノソナタ,2026-09-02,大井,10,3,13,0.1667,10,差し
サンピノン,2026-02-17,大井,1,3,15,0.1429,1,差し
サンピノン,2026-03-09,大井,10,8,13,0.5833,10,差し
サンピノン,2026-03-23,大井,6,3,12,0.1818,4,差し
サンピノン,2026-04-13,大井,10,4,13,0.25,4,差し
サンピノン,2026-04-27,大井,8,4,14,0.2308,9,差し
サンヨウスフィーダ,2026-05-20,大井,7,3,9,0.25,7,差し
サンライズジェイド,2026-01-26,大井,1,1,11,0.0,3,逃げ
サンライズホーク,2026-09-02,大井,11,9,16,0.5333,14,追込
サンラザール,2026-03-09,大井,11,1,10,0.0,1,先行
サンラザール,2026-04-29,大井,11,2,13,0.0833,5,先行
サンラザール,2026-06-10,大井,11,4,16,0.2,6,先行
サンラザール,2026-08-13,大井,9,2,15,0.0714,2,先行
サヴォア,2026-03-27,大井,2,9,12,0.7273,10,差し
サヴォア,2026-04-17,大井,6,8,13,0.5833,8,差し
サヴォア,2026-05-22,大井,4,3,16,0.1333,7,差し
サヴォア,2026-06-12,大井,3,6,12,0.4545,8,差し
サヴォア,2026-07-03,大井,5,2,11,0.1,9,差し
サヴォア,2026-08-15,大井,6,7,13,0.5,11,差し
サヴォイア,2026-05-18,大井,7,5,13,0.3333,6,先行
サヴォイア,2026-06-08,大井,9,1,12,0.0,2,先行
サヴォイア,2026-06-30,大井,6,2,14,0.0769,2,先行
サヴォイア,2026-07-20,大井,10,2,14,0.0769,1,先行
サーカスサーカス,2026-06-09,大井,1,2,9,0.125,6,追込
サーカスサーカス,2026-06-29,大井,6,3,14,0.1538,4,差し
サーカスサーカス,2026-08-13,大井,4,11,14,0.7692,13,先行
サーブルエース,2026-07-21,大井,5,3,9,0.25,4,
サーブルエース,2026-08-16,大井,4,2,7,0.1667,2,差し
ザイデルバスト,2026-03-26,大井,11,9,13,0.6667,3,差し
ザイデルバスト,2026-04-15,大井,11,7,14,0.4615,10,差し
ザイデルバスト,2026-09-02,大井,11,10,16,0.6,7,差し
ザクラウン,2026-01-12,大井,9,2,15,0.0714,9,先行
ザゴート,2026-02-16,大井,1,1,16,0.0,2,差し
ザゴート,2026-03-09,大井,3,5,15,0.2857,6,差し
ザゴート,2026-03-23,大井,3,1,13,0.0,1,差し
ザゴート,2026-04-17,大井,1,2,13,0.0833,8,差し
ザゴート,2026-04-28,大井,2,2,13,0.0833,3,先行
ザゴート,2026-05-20,大井,3,3,14,0.1538,12,先行
ザゴート,2026-06-10,大井,2,1,14,0.0,2,先行
ザゴート,2026-07-03,大井,2,2,14,0.0769,1,先行
ザゴート,2026-07-23,大井,2,1,16,0.0,1,先行
ザゴート,2026-08-17,大井,2,1,14,0.0,4,先行
ザレインソング,2026-02-20,大井,5,6,13,0.4167,12,先行
ザレインソング,2026-03-26,大井,6,2,13,0.0833,10,先行
ザレインソング,2026-04-17,大井,2,6,11,0.5,11,先行
ザレインソング,2026-05-22,大井,2,4,15,0.2143,10,先行
ザレインソング,2026-06-11,大井,5,5,14,0.3077,8,先行
ザレインソング,2026-07-02,大井,5,6,16,0.3333,8,先行
ザレインソング,2026-07-23,大井,5,3,16,0.1333,2,差し
ザンエイ,2026-01-30,大井,3,4,8,0.4286,2,先行
ザンエイ,2026-02-20,大井,3,4,14,0.2308,6,差し
シアージスト,2026-03-26,大井,11,2,13,0.0833,6,先行
シアージスト,2026-04-15,大井,11,6,14,0.3846,14,先行
シェーンプリマー,2026-04-15,大井,10,5,14,0.3077,8,差し
シェーンプリマー,2026-04-29,大井,9,6,14,0.3846,11,差し
シカレ,2026-01-13,大井,8,8,12,0.6364,12,差し
シカレ,2026-01-27,大井,7,5,12,0.3636,8,差し
シカレ,2026-02-17,大井,5,2,14,0.0769,4,差し
シカレ,2026-03-10,大井,9,12,14,0.8462,4,差し
シカレ,2026-03-24,大井,9,3,12,0.1818,4,差し
シカレ,2026-04-14,大井,6,2,10,0.1111,3,差し
シカレ,2026-04-29,大井,5,1,11,0.0,1,差し
シカレ,2026-05-22,大井,8,3,13,0.1667,2,差し
シカレ,2026-06-12,大井,6,2,12,0.0909,6,差し
シカレ,2026-07-03,大井,8,3,13,0.1667,2,先行
シゲルマッハ,2026-05-01,大井,11,1,10,0.0,8,差し
シザーハンズ,2026-04-15,大井,12,9,16,0.5333,11,差し
シザーハンズ,2026-05-01,大井,12,11,16,0.6667,14,差し
シザーハンズ,2026-06-08,大井,11,8,16,0.4667,16,差し
シジミノヒナコ,2026-01-12,大井,7,6,13,0.4167,8,差し
シジミノヒナコ,2026-01-26,大井,5,6,13,0.4167,4,差し
シジミノヒナコ,2026-04-13,大井,6,2,10,0.1111,2,差し
シジミノヒナコ,2026-04-28,大井,3,6,14,0.3846,13,差し
シジミノヒナコ,2026-05-21,大井,3,7,16,0.4,15,差し
シジミノヒナコ,2026-06-10,大井,5,7,13,0.5,12,差し
シストロン,2026-03-27,大井,5,12,14,0.8462,14,差し
シストロン,2026-04-17,大井,7,6,10,0.5556,10,追込
シストロン,2026-05-01,大井,8,4,10,0.3333,9,追込
シストロン,2026-05-22,大井,6,6,12,0.4545,12,追込
シストロン,2026-06-12,大井,6,6,12,0.4545,8,追込
シストロン,2026-07-03,大井,10,7,14,0.4615,14,差し
シストロン,2026-07-22,大井,7,7,13,0.5,10,差し
シストロン,2026-08-17,大井,8,9,13,0.6667,11,差し
シストロン,2026-09-02,大井,7,7,15,0.4286,14,差し
シタパンツ,2026-01-16,大井,5,3,12,0.1818,12,先行
シタパンツ,2026-01-30,大井,6,3,14,0.1538,7,先行
シタパンツ,2026-02-20,大井,8,3,13,0.1667,11,先行
シタパンツ,2026-03-13,大井,5,3,14,0.1538,10,先行
シタパンツ,2026-03-27,大井,6,7,14,0.4615,12,差し
シタパンツ,2026-04-17,大井,9,4,14,0.2308,11,差し
シタパンツ,2026-05-01,大井,8,3,10,0.2222,5,差し
シタパンツ,2026-05-22,大井,8,3,13,0.1667,8,差し
シタパンツ,2026-06-12,大井,5,3,14,0.1538,14,差し
シタパンツ,2026-07-03,大井,10,8,14,0.5385,13,差し
シタベッド,2026-03-11,大井,5,1,13,0.0,1,先行
シタベッド,2026-03-25,大井,4,2,12,0.0909,8,差し
シタベッド,2026-04-17,大井,7,4,10,0.3333,5,差し
シタベッド,2026-05-01,大井,6,1,12,0.0,2,差し
シタベッド,2026-06-12,大井,4,2,9,0.125,8,差し
シタベッド,2026-07-03,大井,6,1,9,0.0,3,差し
シタベッド,2026-07-23,大井,6,1,14,0.0,9,差し
シタベッド,2026-08-17,大井,6,4,12,0.2727,12,逃げ
シノノメ,2026-01-15,大井,7,3,10,0.2222,10,逃げ
シノノメ,2026-01-29,大井,7,10,14,0.6923,11,逃げ
シビックドリーム,2026-01-14,大井,12,3,14,0.1538,4,先行
シビックドリーム,2026-01-28,大井,12,2,12,0.0909,1,先行
シビックドリーム,2026-02-16,大井,8,8,13,0.5833,10,先行
シビックドリーム,2026-03-24,大井,11,3,16,0.1333,1,先行
シビックドリーム,2026-07-23,大井,11,3,10,0.2222,5,先行
シビックドリーム,2026-08-14,大井,7,1,8,0.0,2,先行
シビックフォイル,2026-01-28,大井,4,1,11,0.0,1,先行
シビックフォイル,2026-02-18,大井,9,2,11,0.1,1,先行
シビックフォイル,2026-03-27,大井,7,2,8,0.1429,2,先行
シビックフォイル,2026-04-30,大井,11,4,11,0.3,9,差し
シビックフォイル,2026-05-21,大井,4,2,13,0.0833,1,差し
シビックフォイル,2026-08-15,大井,9,4,14,0.2308,7,先行
シビックフォイル,2026-09-04,大井,11,4,13,0.25,10,先行
シモグリ,2026-01-13,大井,12,10,16,0.6,3,差し
シモグリ,2026-01-27,大井,8,7,14,0.4615,1,差し
シャインフォール,2026-01-27,大井,11,4,13,0.25,5,差し
シャインフォール,2026-02-18,大井,12,8,13,0.5833,3,差し
シャインフォール,2026-03-11,大井,11,4,12,0.2727,6,差し
シャインフォール,2026-04-15,大井,12,8,16,0.4667,4,差し
シャインフォール,2026-05-01,大井,12,10,16,0.6,8,差し
シャインフォール,2026-06-08,大井,11,7,16,0.4,5,差し
シャインフォール,2026-07-21,大井,11,5,13,0.3333,7,差し
シャインフォール,2026-08-13,大井,10,5,14,0.3077,8,差し
シャドウキャッスル,2026-02-20,大井,10,1,13,0.0,3,先行
シャドウキャッスル,2026-03-11,大井,12,1,11,0.0,3,先行
シャドウキャッスル,2026-03-25,大井,12,1,13,0.0,1,先行
シャドウキャッスル,2026-06-12,大井,7,1,11,0.0,5,逃げ
シャドウキャッスル,2026-06-29,大井,10,1,11,0.0,3,逃げ
シャドウキャッスル,2026-07-23,大井,12,1,12,0.0,4,逃げ
シャドウルパン,2026-01-12,大井,12,1,16,0.0,3,先行
シャドウルパン,2026-01-26,大井,12,1,15,0.0,4,先行
シャドウルパン,2026-02-19,大井,12,4,13,0.25,5,先行
シャドウルパン,2026-06-11,大井,7,1,11,0.0,1,先行
シャドウルパン,2026-06-29,大井,12,4,13,0.25,9,逃げ
シャドウルパン,2026-07-24,大井,7,1,9,0.0,1,逃げ
シャドウルパン,2026-08-17,大井,9,2,9,0.125,4,先行
シャムトラダイコウ,2026-01-12,大井,3,6,15,0.3571,4,差し
シャムトラダイコウ,2026-01-27,大井,1,8,14,0.5385,8,差し
シャムトラダイコウ,2026-02-16,大井,2,2,12,0.0909,3,差し
シャムトラダイコウ,2026-03-09,大井,2,6,12,0.4545,7,差し
シャムトラダイコウ,2026-03-23,大井,3,9,13,0.6667,3,差し
シャムトラダイコウ,2026-04-13,大井,2,7,13,0.5,11,差し
シャムトラダイコウ,2026-04-27,大井,2,7,14,0.4615,4,差し
シャムトラダイコウ,2026-08-31,大井,1,4,13,0.25,10,差し
シャルシェ,2026-08-12,大井,5,6,16,0.3333,4,
シャルシェ,2026-08-31,大井,6,2,14,0.0769,3,差し
シャルマンジャン,2026-01-16,大井,12,6,14,0.3846,12,差し
シャンクドール,2026-01-13,大井,2,3,15,0.1429,3,先行
シャンクドール,2026-03-11,大井,1,2,14,0.0769,5,先行
シャンクドール,2026-03-26,大井,1,1,13,0.0,2,先行
シャンクドール,2026-04-13,大井,8,5,12,0.3636,7,先行
シャンクドール,2026-04-27,大井,7,1,11,0.0,2,先行
シャンクドール,2026-06-08,大井,7,2,12,0.0909,4,先行
シャンクドール,2026-06-30,大井,4,3,10,0.2222,8,先行
シャンクドール,2026-08-13,大井,1,1,12,0.0,2,逃げ
シャンスラード,2026-06-12,大井,2,1,11,0.0,5,先行
シャンスラード,2026-07-03,大井,4,1,8,0.0,1,先行
シャンスラード,2026-07-24,大井,10,1,14,0.0,2,逃げ
シャンデリアソング,2026-01-27,大井,10,5,15,0.2857,1,差し
シャンデリアソング,2026-03-11,大井,9,8,11,0.7,5,差し
シャンデリアソング,2026-03-26,大井,10,5,14,0.3077,2,差し
シャンデリアソング,2026-04-14,大井,9,4,10,0.3333,3,差し
シャンデリアソング,2026-05-18,大井,12,4,14,0.2308,2,差し
シャンデリアソング,2026-08-16,大井,8,7,13,0.5,2,差し
シャンデリアソング,2026-09-04,大井,12,5,15,0.2857,6,差し
シャンハイヨシノ,2026-06-29,大井,4,1,9,0.0,6,
シャンハイヨシノ,2026-07-23,大井,3,1,11,0.0,1,逃げ
シャンハイヨシノ,2026-08-17,大井,3,2,7,0.1667,3,逃げ
シャンペートル,2026-01-14,大井,2,11,15,0.7143,6,先行
シャンペートル,2026-01-29,大井,3,7,13,0.5,3,先行
シャンペートル,2026-02-19,大井,1,8,16,0.4667,4,差し
シャンペートル,2026-03-12,大井,2,3,13,0.1667,1,差し
シャンペートル,2026-03-23,大井,12,4,13,0.25,1,差し
シャンペートル,2026-04-16,大井,6,2,14,0.0769,5,差し
シャンペートル,2026-04-30,大井,6,5,14,0.3077,7,差し
シャンペートル,2026-05-20,大井,10,6,12,0.4545,11,差し
シャークウォーニン,2026-01-15,大井,1,5,12,0.3636,3,差し
シャークウォーニン,2026-02-16,大井,6,9,13,0.6667,1,差し
シャークウォーニン,2026-03-11,大井,5,10,13,0.75,7,差し
シャークウォーニン,2026-03-25,大井,9,8,11,0.7,7,追込
シャークウォーニン,2026-04-29,大井,3,8,13,0.5833,7,差し
シャークウォーニン,2026-05-22,大井,9,2,10,0.1111,3,追込
シャークウォーニン,2026-06-11,大井,12,4,11,0.3,2,追込
シャークウォーニン,2026-07-03,大井,9,5,12,0.3636,5,差し
シャークウォーニン,2026-07-23,大井,6,4,14,0.2308,8,差し
シャークウォーニン,2026-08-16,大井,10,1,13,0.0,5,差し
シャークコパ,2026-02-17,大井,6,10,12,0.8182,12,追込
シャークコパ,2026-03-10,大井,8,7,10,0.6667,9,追込
シャークコパ,2026-03-23,大井,8,9,12,0.7273,9,追込
シャークコパ,2026-04-13,大井,10,7,13,0.5,9,追込
シャークコパ,2026-04-27,大井,8,6,14,0.3846,11,追込
シャークコパ,2026-05-18,大井,6,10,14,0.6923,13,追込
シャークコパ,2026-06-08,大井,7,6,12,0.4545,5,追込
シャークコパ,2026-07-01,大井,4,8,14,0.5385,11,差し
シャークコパ,2026-07-23,大井,1,7,13,0.5,7,差し
シャークシャイニー,2026-02-19,大井,11,9,15,0.5714,10,追込
シャークシャイニー,2026-03-10,大井,12,12,16,0.7333,15,追込
シャークシャイニー,2026-03-23,大井,11,11,13,0.8333,12,追込
シャークシャイニー,2026-04-14,大井,10,6,9,0.625,8,差し
シャークシャイニー,2026-05-21,大井,10,7,16,0.4,14,差し
シャークシャイニー,2026-06-09,大井,9,8,14,0.5385,12,差し
シャークシャイニー,2026-07-01,大井,7,6,12,0.4545,9,差し
シャークシャイニー,2026-07-20,大井,12,10,14,0.6923,10,差し
シャークシャイニー,2026-08-15,大井,8,7,11,0.6,9,差し
シャークリング,2026-06-29,大井,4,1,9,0.0,1,
シャークリング,2026-07-24,大井,3,1,5,0.0,1,逃げ
シャークル,2026-01-14,大井,1,2,13,0.0833,1,差し
シャークル,2026-04-13,大井,10,3,13,0.1667,2,差し
シャークル,2026-06-09,大井,5,3,11,0.2,3,差し
シャークル,2026-07-20,大井,8,2,13,0.0833,5,差し
シャープムスタング,2026-03-12,大井,6,5,9,0.5,3,先行
シャープムスタング,2026-05-01,大井,11,4,10,0.3333,4,差し
シャープムスタング,2026-06-12,大井,7,1,11,0.0,2,差し
シャープムスタング,2026-07-22,大井,9,1,7,0.0,3,差し
シュガーバイン,2026-01-30,大井,2,4,9,0.375,6,先行
シュガーバイン,2026-02-18,大井,9,7,11,0.6,8,先行
シュガーバイン,2026-06-11,大井,4,4,14,0.2308,1,差し
シュテルン,2026-07-21,大井,9,5,12,0.3636,12,追込
シュテルン,2026-08-12,大井,8,7,13,0.5,13,差し
シュネープリンセス,2026-07-21,大井,2,2,14,0.0769,1,追込
シュパネントダイヤ,2026-01-16,大井,4,8,14,0.5385,13,差し
シュパネントパール,2026-01-26,大井,7,4,14,0.2308,14,差し
シュパネントパール,2026-02-16,大井,7,3,14,0.1538,10,差し
シュパネントパール,2026-03-09,大井,12,5,14,0.3077,12,差し
シュパネントパール,2026-03-23,大井,9,6,13,0.4167,12,差し
シュパネントパール,2026-04-13,大井,12,5,14,0.3077,13,差し
シュパネントパール,2026-04-27,大井,9,6,13,0.4167,13,差し
シュパネントパール,2026-05-18,大井,7,2,13,0.0833,11,差し
シュパネントパール,2026-06-08,大井,9,1,12,0.0,5,差し
シュパネントパール,2026-06-30,大井,6,1,14,0.0,13,差し
シュパネントパール,2026-07-22,大井,2,7,16,0.4,15,先行
シュルーズベリー,2026-03-11,大井,10,2,13,0.0833,3,先行
シュルーズベリー,2026-03-27,大井,9,2,10,0.1111,4,先行
シュルーズベリー,2026-04-14,大井,9,3,10,0.2222,4,先行
シュルーズベリー,2026-04-30,大井,8,4,10,0.3333,7,先行
シュルーズベリー,2026-05-18,大井,12,6,14,0.3846,11,先行
シュヴァルツボーイ,2026-01-12,大井,1,3,13,0.1667,5,差し
シュヴァルニブロン,2026-03-13,大井,7,4,10,0.3333,7,差し
シュヴァルニブロン,2026-03-27,大井,2,8,12,0.6364,8,差し
シュヴァルニブロン,2026-04-17,大井,6,6,13,0.4167,7,差し
シュヴァルニブロン,2026-05-01,大井,9,3,7,0.3333,6,差し
シュヴァルニブロン,2026-05-22,大井,4,9,16,0.5333,11,差し
シュヴァルニブロン,2026-06-12,大井,3,7,12,0.5455,10,差し
シュヴァルニブロン,2026-08-15,大井,7,6,16,0.3333,9,差し
シューキング,2026-07-01,大井,1,2,12,0.0909,1,差し
シューキング,2026-07-20,大井,2,3,15,0.1429,12,差し
シューゼウス,2026-01-12,大井,4,1,6,0.0,2,
シューゼウス,2026-01-27,大井,5,3,12,0.1818,1,逃げ
シューゼウス,2026-02-20,大井,3,1,14,0.0,2,先行
シューボーイ,2026-02-19,大井,11,12,15,0.7857,14,差し
シューボーイ,2026-03-10,大井,12,14,16,0.8667,14,差し
シューボーイ,2026-03-23,大井,11,11,13,0.8333,11,差し
シューボーイ,2026-04-17,大井,12,11,14,0.7692,8,差し
シューボーイ,2026-04-29,大井,12,9,16,0.5333,12,差し
シューボーイ,2026-05-21,大井,10,10,16,0.6,16,差し
シューボーイ,2026-06-10,大井,7,6,11,0.5,11,差し
ショウサンレックス,2026-01-16,大井,2,4,16,0.2,9,差し
ショウサンレックス,2026-01-29,大井,3,6,13,0.4167,4,差し
ショウサンレックス,2026-02-19,大井,1,7,16,0.4,6,差し
ショウサンレックス,2026-07-03,大井,2,3,14,0.1538,2,差し
ショウサンレックス,2026-07-23,大井,2,7,16,0.4,6,差し
ショウサンレックス,2026-08-17,大井,2,8,14,0.5385,8,差し
ショウナンカチドキ,2026-01-15,大井,10,6,12,0.4545,9,先行
ショウナンカチドキ,2026-01-29,大井,10,4,15,0.2143,11,先行
ショウナンカチドキ,2026-04-15,大井,10,1,14,0.0,1,先行
ショウナンカチドキ,2026-07-01,大井,12,1,15,0.0,1,先行
ショウナンカブト,2026-03-12,大井,6,7,9,0.75,4,差し
ショウナンカブト,2026-03-23,大井,7,2,6,0.2,1,追込
ショウナンカブト,2026-05-19,大井,11,2,10,0.1111,8,追込
ショウナンカブト,2026-08-16,大井,9,6,9,0.625,8,差し
ショウナンマナ,2026-01-13,大井,12,13,16,0.8,13,差し
ショウナンマナ,2026-01-26,大井,9,7,11,0.6,11,差し
ショウナンマナ,2026-02-16,大井,6,12,13,0.9167,12,差し
ショウナンマナ,2026-03-09,大井,12,13,14,0.9231,11,差し
ショウナンマナ,2026-03-23,大井,9,11,13,0.8333,13,差し
ショウナンマナ,2026-04-13,大井,12,8,14,0.5385,14,差し
ショウナンマナ,2026-04-27,大井,9,7,13,0.5,9,差し
ショウナンマナ,2026-05-18,大井,7,9,13,0.6667,13,差し
ショウナンマナ,2026-06-11,大井,12,8,11,0.7,10,差し
ショウナンマナ,2026-06-30,大井,5,6,11,0.5,10,差し
ショウナンマナ,2026-07-23,大井,2,12,16,0.7333,16,差し
ショウナンマナ,2026-08-17,大井,2,6,14,0.3846,14,差し
ショットオブザデイ,2026-01-13,大井,10,9,13,0.6667,3,追込
ショットオブザデイ,2026-01-27,大井,12,12,13,0.9167,12,追込
ショットオブザデイ,2026-02-16,大井,12,12,13,0.9167,5,追込
ショットオブザデイ,2026-03-10,大井,10,8,10,0.7778,2,追込
ショットオブザデイ,2026-03-24,大井,12,10,13,0.75,8,追込
ショットオブザデイ,2026-04-17,大井,10,6,13,0.4167,3,追込
ショットオブザデイ,2026-04-30,大井,7,4,13,0.25,7,追込
ショーシャンク,2026-01-13,大井,7,6,13,0.4167,3,差し
ショーシャンク,2026-01-27,大井,7,4,12,0.2727,3,差し
ショーシャンク,2026-02-18,大井,3,8,14,0.5385,10,差し
ショーシャンク,2026-03-12,大井,10,5,16,0.2667,3,差し
ショーシャンク,2026-03-25,大井,9,3,11,0.2,1,差し
ショーシャンク,2026-04-15,大井,6,1,10,0.0,4,差し
ショーシャンク,2026-07-03,大井,9,4,12,0.2727,8,差し
ショーシャンク,2026-07-21,大井,10,4,14,0.2308,3,差し
ショーシャンク,2026-09-04,大井,10,4,14,0.2308,3,差し
ショーンバローズ,2026-07-02,大井,3,6,8,0.7143,8,差し
ショーンバローズ,2026-07-22,大井,4,7,14,0.4615,12,差し
ショーンバローズ,2026-08-13,大井,3,3,13,0.1667,8,差し
ショーンバローズ,2026-09-02,大井,1,5,12,0.3636,9,差し
シルエットライド,2026-01-15,大井,5,11,15,0.7143,5,差し
シルエットライド,2026-01-28,大井,7,9,13,0.6667,5,差し
シルエットライド,2026-02-19,大井,9,7,11,0.6,4,差し
シルエットライド,2026-03-12,大井,8,7,11,0.6,5,差し
シルエットライド,2026-03-25,大井,6,8,14,0.5385,4,差し
シルエットライド,2026-04-17,大井,8,7,14,0.4615,9,差し
シルエットライド,2026-05-01,大井,6,3,12,0.1818,9,差し
シルエットライド,2026-09-02,大井,6,5,14,0.3077,14,差し
シルバーマック,2026-04-27,大井,2,4,14,0.2308,3,差し
シルバーマック,2026-05-19,大井,3,4,12,0.2727,6,差し
シルバーマック,2026-06-10,大井,2,1,14,0.0,1,差し
シルバーマック,2026-06-30,大井,6,3,14,0.1538,7,差し
シルバーマック,2026-07-22,大井,2,2,16,0.0667,1,差し
シルバーマック,2026-08-13,大井,8,2,10,0.1111,1,差し
シルバーマック,2026-09-02,大井,5,2,12,0.0909,7,先行
シルバーレシオ,2026-06-10,大井,11,6,16,0.3333,2,差し
シルフラ,2026-01-13,大井,1,1,13,0.0,2,差し
シルフラ,2026-01-29,大井,2,3,14,0.1538,7,先行
シルフラ,2026-02-19,大井,2,10,13,0.75,7,先行
シルフラ,2026-03-12,大井,1,3,12,0.1818,10,差し
シルフラ,2026-03-26,大井,2,3,13,0.1667,2,差し
シルフラ,2026-04-13,大井,10,1,13,0.0,3,先行
シルフラ,2026-04-28,大井,9,1,10,0.0,3,先行
シルフラ,2026-05-21,大井,9,5,13,0.3333,10,先行
シルフラ,2026-06-09,大井,5,1,11,0.0,4,先行
シルフラ,2026-07-01,大井,4,1,14,0.0,3,先行
シルフラ,2026-07-20,大井,8,4,13,0.25,9,逃げ
シルフラ,2026-08-13,大井,6,1,12,0.0,3,先行
シルフラ,2026-08-31,大井,8,1,14,0.0,2,逃げ
シルマ,2026-06-08,大井,2,2,10,0.1111,6,
シンアルマトゥラ,2026-01-15,大井,6,2,14,0.0769,5,差し
シンアルマトゥラ,2026-01-30,大井,6,8,14,0.5385,11,差し
シンアルマトゥラ,2026-02-19,大井,8,5,13,0.3333,7,差し
シンアルマトゥラ,2026-03-13,大井,4,3,12,0.1818,7,差し
シンアルマトゥラ,2026-03-27,大井,4,3,6,0.4,5,先行
シンアルマトゥラ,2026-04-17,大井,7,3,10,0.2222,6,先行
シンアルマトゥラ,2026-05-01,大井,6,1,12,0.0,4,先行
シンアルマトゥラ,2026-05-22,大井,5,1,10,0.0,7,先行
シンアルマトゥラ,2026-06-12,大井,4,2,9,0.125,3,先行
シンアルマトゥラ,2026-07-03,大井,6,2,9,0.125,2,逃げ
シンアルマトゥラ,2026-07-22,大井,5,1,11,0.0,3,逃げ
シンアルマトゥラ,2026-08-17,大井,6,1,12,0.0,5,逃げ
シンガタマコト,2026-08-31,大井,4,5,6,0.8,6,
シンギングブルース,2026-01-15,大井,7,1,10,0.0,1,先行
シンギングブルース,2026-05-01,大井,8,2,10,0.1111,1,先行
シンギングブルース,2026-05-19,大井,8,2,9,0.125,2,先行
シンギングブルース,2026-06-30,大井,8,2,16,0.0667,1,差し
シンギングブルース,2026-07-24,大井,12,1,9,0.0,1,差し
シンギングブルース,2026-08-15,大井,8,1,11,0.0,1,先行
シンギングブルース,2026-09-04,大井,11,4,13,0.25,3,先行
シンクグッド,2026-03-26,大井,7,8,9,0.875,9,差し
シンクグッド,2026-08-31,大井,9,5,11,0.4,9,差し
シンシア,2026-03-10,大井,3,1,9,0.0,4,先行
シンシア,2026-03-25,大井,2,7,10,0.6667,10,逃げ
シンシア,2026-04-14,大井,1,1,11,0.0,2,先行
シンシア,2026-04-30,大井,2,5,12,0.3636,6,先行
シンシア,2026-05-22,大井,1,7,13,0.5,11,先行
シンゼンアカギ,2026-06-30,大井,3,1,8,0.0,2,
シンゼンアカギ,2026-07-24,大井,3,1,5,0.0,4,逃げ
シンゼンアカギ,2026-08-17,大井,3,1,7,0.0,5,逃げ
シンティリオ,2026-01-12,大井,8,1,13,0.0,2,差し
シンティリオ,2026-01-26,大井,8,4,13,0.25,3,先行
シンティリオ,2026-02-17,大井,5,1,14,0.0,1,先行
シンティリオ,2026-03-12,大井,7,2,11,0.1,3,先行
シンティリオ,2026-03-25,大井,4,1,12,0.0,3,先行
シンティリオ,2026-04-17,大井,7,1,10,0.0,2,先行
シンプウエース,2026-02-20,大井,5,13,13,1.0,11,差し
シンプウエース,2026-03-13,大井,7,6,10,0.5556,5,差し
シンプウエース,2026-03-27,大井,2,11,12,0.9091,11,差し
シンプウエース,2026-04-17,大井,6,7,13,0.5,10,差し
シンプウエース,2026-05-01,大井,2,7,13,0.5,6,差し
シンプウエース,2026-05-22,大井,4,7,16,0.4,4,差し
シンプウエース,2026-06-12,大井,3,5,12,0.3636,7,差し
シンプウエース,2026-07-03,大井,5,3,11,0.2,6,差し
シンプウエース,2026-08-15,大井,7,6,16,0.3333,7,差し
シンプウキセキ,2026-07-20,大井,4,4,10,0.3333,2,
シンプウミホノ,2026-01-13,大井,4,9,16,0.5333,13,差し
シンプウミホノ,2026-01-27,大井,3,4,11,0.3,10,差し
シンプウミホノ,2026-06-08,大井,5,5,12,0.3636,12,差し
シンプウミホノ,2026-06-29,大井,1,5,12,0.3636,11,差し
シンプウミホノ,2026-07-20,大井,6,7,13,0.5,11,差し
シンプルスマイル,2026-01-13,大井,2,15,15,1.0,14,差し
シンプルスマイル,2026-01-28,大井,1,12,12,1.0,10,差し
シーキングザバース,2026-04-17,大井,5,3,9,0.25,9,先行
シーキングザバース,2026-05-01,大井,2,1,13,0.0,11,差し
シーキングザバース,2026-05-22,大井,4,9,16,0.5333,12,先行
シーキングザバース,2026-06-11,大井,4,6,14,0.3846,13,差し
シーキングザバース,2026-07-03,大井,5,5,11,0.4,10,差し
シーキングザバース,2026-07-23,大井,4,3,9,0.25,8,差し
シーサーペント,2026-06-11,大井,11,3,12,0.1818,10,差し
シーサーペント,2026-09-02,大井,11,11,16,0.6667,11,先行
シーテープ,2026-01-30,大井,3,3,8,0.2857,1,差し
シーテープ,2026-02-20,大井,4,3,10,0.2222,1,差し
シーテープ,2026-06-10,大井,11,9,16,0.5333,14,差し
シーフレッシュ,2026-03-23,大井,5,1,14,0.0,4,
シーフレッシュ,2026-04-13,大井,6,1,10,0.0,1,逃げ
シーフレッシュ,2026-04-30,大井,3,2,10,0.1111,9,逃げ
シーフレッシュ,2026-05-22,大井,2,1,15,0.0,11,逃げ
シーフレッシュ,2026-06-11,大井,5,2,14,0.0769,13,逃げ
シーフレッシュ,2026-07-02,大井,5,1,16,0.0,16,逃げ
シーフレッシュ,2026-07-23,大井,4,1,9,0.0,7,逃げ
シーフレッシュ,2026-08-13,大井,5,1,14,0.0,6,逃げ
シーフレッシュ,2026-09-02,大井,2,2,16,0.0667,14,逃げ
シームルグ,2026-04-16,大井,2,1,11,0.0,2,先行
ジェイケイティアラ,2026-01-12,大井,6,5,14,0.3077,2,追込
ジェイケイティアラ,2026-01-27,大井,5,7,12,0.5455,5,追込
ジェイケイティアラ,2026-02-19,大井,4,8,11,0.7,6,差し
ジェイケイティアラ,2026-03-10,大井,3,2,9,0.125,2,追込
ジェイケイティアラ,2026-03-26,大井,4,6,9,0.625,8,差し
ジェイケイティアラ,2026-06-10,大井,3,2,11,0.1,4,差し
ジェイケイティアラ,2026-07-02,大井,3,4,8,0.4286,6,差し
ジェイケイティアラ,2026-07-22,大井,3,2,14,0.0769,9,差し
ジェイケイティアラ,2026-08-13,大井,4,5,14,0.3077,6,差し
ジェイケイティアラ,2026-09-02,大井,1,6,12,0.4545,2,差し
ジェイケイファイン,2026-08-16,大井,5,7,9,0.75,8,追込
ジェイケイファイン,2026-08-31,大井,12,5,15,0.2857,11,追込
ジェットスピード,2026-01-14,大井,12,5,14,0.3077,7,差し
ジェノベーゼ,2026-01-15,大井,6,9,14,0.6154,13,差し
ジェノベーゼ,2026-01-30,大井,6,11,14,0.7692,13,差し
ジェノベーゼ,2026-02-19,大井,9,9,11,0.8,10,差し
ジェノベーゼ,2026-03-12,大井,7,10,11,0.9,11,差し
ジェノベーゼ,2026-03-25,大井,5,8,11,0.7,10,差し
ジェノベーゼ,2026-04-17,大井,9,4,14,0.2308,14,追込
ジェムストンパワー,2026-02-16,大井,1,3,16,0.1333,5,差し
ジェムストンパワー,2026-03-09,大井,3,10,15,0.6429,12,差し
ジェムストンパワー,2026-03-23,大井,3,6,13,0.4167,9,差し
ジェムストンパワー,2026-04-13,大井,1,7,13,0.5,13,差し
ジェムストンパワー,2026-04-27,大井,1,3,14,0.1538,10,差し
ジェムストンパワー,2026-05-19,大井,2,3,12,0.1818,10,差し
ジェムストンパワー,2026-06-08,大井,1,4,11,0.3,7,差し
ジェムストンパワー,2026-07-01,大井,1,3,12,0.1818,12,差し
ジェーケーボンバー,2026-06-30,大井,12,6,12,0.4545,6,追込
ジェーボンド,2026-01-12,大井,9,9,15,0.5714,13,差し
ジェーボンド,2026-01-26,大井,7,12,14,0.8462,11,差し
ジェーボンド,2026-02-16,大井,6,11,13,0.8333,8,差し
ジェーボンド,2026-03-09,大井,10,4,13,0.25,7,差し
ジェーボンド,2026-03-23,大井,6,10,12,0.8182,12,差し
ジェーボンド,2026-04-13,大井,10,3,13,0.1667,8,差し
ジコン,2026-07-20,大井,1,7,14,0.4615,4,差し
ジコン,2026-08-15,大井,1,2,12,0.0909,1,差し
ジャイヴトーク,2026-02-17,大井,9,2,12,0.0909,1,先行
ジャイヴトーク,2026-03-13,大井,10,2,13,0.0833,5,先行
ジャガーバローズ,2026-01-16,大井,10,4,11,0.3,1,差し
ジャガーバローズ,2026-04-27,大井,11,5,16,0.2667,12,差し
ジャガーバローズ,2026-05-22,大井,12,8,15,0.5,13,差し
ジャスティス,2026-01-15,大井,8,1,7,0.0,3,差し
ジャスティス,2026-02-18,大井,11,13,16,0.8,16,差し
ジャスティス,2026-03-09,大井,11,4,10,0.3333,6,差し
ジャスティス,2026-07-20,大井,9,3,8,0.2857,4,差し
ジャスティス,2026-08-13,大井,7,3,8,0.2857,5,差し
ジャスティンアロー,2026-01-30,大井,5,1,13,0.0,1,差し
ジャスティンダイヤ,2026-03-12,大井,1,2,12,0.0909,2,差し
ジャスティンパワー,2026-01-14,大井,8,4,13,0.25,12,差し
ジャスティンパワー,2026-01-28,大井,8,5,14,0.3077,4,差し
ジャスティンパワー,2026-02-16,大井,9,2,10,0.1111,1,差し
ジャスティンパワー,2026-03-12,大井,12,1,14,0.0,3,差し
ジャスティンロング,2026-07-24,大井,1,4,15,0.2143,3,差し
ジャスティンロング,2026-08-17,大井,1,2,11,0.1,1,差し
ジャスティンロング,2026-08-31,大井,7,4,13,0.25,4,差し
ジャストハンマー,2026-01-15,大井,5,13,15,0.8571,15,差し
ジャストハンマー,2026-01-28,大井,7,11,13,0.8333,10,差し
ジャストリアン,2026-03-27,大井,8,3,11,0.2,10,先行
ジャストリアン,2026-04-16,大井,8,2,12,0.0909,3,先行
ジャストリアン,2026-04-27,大井,11,2,16,0.0667,13,先行
ジャスミン,2026-04-29,大井,5,3,11,0.2,11,先行
ジャスミン,2026-05-20,大井,10,2,12,0.0909,2,先行
ジャスミン,2026-06-11,大井,9,2,14,0.0769,8,先行
ジャスミン,2026-07-02,大井,8,4,13,0.25,6,先行
ジャスミン,2026-07-20,大井,10,3,14,0.1538,3,先行
ジャスミン,2026-08-14,大井,5,5,14,0.3077,3,先行
ジャスミン,2026-09-02,大井,7,4,15,0.2143,7,先行
ジャスミンカーラ,2026-06-10,大井,1,5,14,0.3077,6,差し
ジャスミンカーラ,2026-07-02,大井,1,2,14,0.0769,3,差し
ジャスミンカーラ,2026-07-22,大井,1,4,14,0.2308,6,差し
ジャスミンカーラ,2026-08-16,大井,1,4,14,0.2308,10,差し
ジャスミンダイヤ,2026-02-16,大井,3,2,11,0.1,3,
ジャスミンツー,2026-03-26,大井,10,2,14,0.0769,4,先行
ジャスミンツー,2026-04-15,大井,10,10,14,0.6923,4,差し
ジャスミンツー,2026-04-29,大井,9,3,14,0.1538,4,差し
ジャスミンツー,2026-05-18,大井,12,1,14,0.0,1,差し
ジャスミンツー,2026-06-10,大井,10,6,14,0.3846,4,差し
ジャスミンツー,2026-07-01,大井,7,1,12,0.0,2,差し
ジャスミンツー,2026-07-20,大井,12,2,14,0.0769,2,先行
ジャスミンツー,2026-08-13,大井,10,2,14,0.0769,11,先行
ジャズスマイル,2026-03-26,大井,10,3,14,0.1538,10,差し
ジャックオダモ,2026-07-20,大井,1,2,14,0.0769,14,追込
ジャティルウィ,2026-03-27,大井,3,4,12,0.2727,6,差し
ジャティルウィ,2026-04-15,大井,10,11,14,0.7692,11,先行
ジャティルウィ,2026-04-29,大井,9,2,14,0.0769,2,差し
ジュアルエリモ,2026-01-29,大井,4,10,12,0.8182,11,差し
ジュアルエリモ,2026-03-26,大井,4,8,9,0.875,4,追込
ジュアルエリモ,2026-04-15,大井,3,4,10,0.3333,5,追込
ジュアルエリモ,2026-05-22,大井,1,4,13,0.25,4,追込
ジュアルエリモ,2026-06-11,大井,3,4,9,0.375,5,追込
ジュアルエリモ,2026-07-20,大井,9,4,8,0.4286,6,追込
ジュアルエリモ,2026-08-14,大井,1,5,10,0.4444,7,追込
ジュネスヒマリ,2026-01-16,大井,6,1,13,0.0,1,逃げ
ジュネスヒマリ,2026-02-16,大井,10,1,14,0.0,1,逃げ
ジュネスヒマリ,2026-03-27,大井,9,1,10,0.0,1,逃げ
ジュネスヒマリ,2026-04-29,大井,12,2,16,0.0667,5,逃げ
ジュネスヒマリ,2026-06-09,大井,9,1,14,0.0,9,逃げ
ジュンフォルト,2026-06-08,大井,4,4,10,0.3333,3,先行
ジュンフォルト,2026-06-29,大井,5,1,12,0.0,2,差し
ジューンアカデミー,2026-02-20,大井,5,10,13,0.75,8,逃げ
ジューンアカデミー,2026-03-12,大井,5,4,12,0.2727,6,先行
ジューンアカデミー,2026-03-26,大井,6,6,13,0.4167,5,先行
ジューンアカデミー,2026-05-01,大井,2,2,13,0.0833,1,差し
ジューンアカデミー,2026-05-22,大井,4,4,16,0.2,9,差し
ジューンアカデミー,2026-07-03,大井,5,2,11,0.1,3,差し
ジューンアカデミー,2026-07-22,大井,10,7,9,0.75,5,差し
ジューンアカデミー,2026-08-14,大井,8,5,16,0.2667,2,差し
ジューンアカデミー,2026-09-04,大井,12,11,15,0.7143,11,差し
ジューンドラゴン,2026-01-28,大井,10,3,13,0.1667,3,先行
ジューンドラゴン,2026-02-20,大井,11,2,15,0.0714,8,先行
ジューンドラゴン,2026-03-11,大井,11,1,12,0.0,2,先行
ジューンドラゴン,2026-04-15,大井,12,2,16,0.0667,3,先行
ジューンドラゴン,2026-05-01,大井,12,3,16,0.1333,2,先行
ジューンドラゴン,2026-06-08,大井,11,2,16,0.0667,4,先行
ジューンドラゴン,2026-06-29,大井,12,5,13,0.3333,12,先行
ジューンドラゴン,2026-07-21,大井,11,1,13,0.0,2,先行
ジューンドラゴン,2026-09-02,大井,12,2,12,0.0909,2,先行
ジューンノールック,2026-01-13,大井,8,3,12,0.1818,4,差し
ジューンノールック,2026-01-27,大井,8,3,14,0.1538,8,差し
ジューンノールック,2026-02-17,大井,5,7,14,0.4615,7,差し
ジューンノールック,2026-03-10,大井,8,3,10,0.2222,4,差し
ジューンバタフライ,2026-02-19,大井,9,3,11,0.2,2,差し
ジューンバタフライ,2026-03-13,大井,5,8,14,0.5385,13,先行
ジューンバタフライ,2026-03-23,大井,10,3,9,0.25,5,差し
ジューンバタフライ,2026-04-16,大井,12,1,10,0.0,1,差し
ジューンバタフライ,2026-04-30,大井,12,5,14,0.3077,9,先行
ジューンバタフライ,2026-05-19,大井,7,4,10,0.3333,7,差し
ジューンバタフライ,2026-06-10,大井,8,4,12,0.2727,4,差し
ジューンバタフライ,2026-07-01,大井,9,2,14,0.0769,6,差し
ジョイセブン,2026-04-13,大井,7,6,11,0.5,5,追込
ジョテイ,2026-05-20,大井,4,8,14,0.5385,9,差し
ジョテイ,2026-06-09,大井,1,5,9,0.5,4,追込
ジョテイ,2026-07-21,大井,1,7,11,0.6,6,差し
ジョテイ,2026-08-13,大井,4,10,14,0.6923,5,差し
ジョリーハーモニー,2026-02-18,大井,2,3,13,0.1667,4,差し
ジョリーハーモニー,2026-03-11,大井,1,7,14,0.4615,9,差し
ジョリーハーモニー,2026-03-26,大井,3,2,14,0.0769,2,差し
ジョリーハーモニー,2026-04-16,大井,3,3,11,0.2,6,差し
ジョリーハーモニー,2026-04-29,大井,1,2,8,0.1429,8,差し
ジョリーハーモニー,2026-05-20,大井,2,2,11,0.1,4,先行
ジョリーハーモニー,2026-06-11,大井,2,8,13,0.5833,10,先行
ジョリーハーモニー,2026-07-03,大井,2,8,14,0.5385,14,先行
ジョンノコトバ,2026-01-16,大井,2,11,16,0.6667,15,差し
ジョンノコトバ,2026-01-29,大井,3,4,13,0.25,9,差し
ジョンノコトバ,2026-02-19,大井,1,8,16,0.4667,13,差し
ジョーアラモード,2026-01-13,大井,8,1,12,0.0,1,差し
ジョーアラモード,2026-02-18,大井,6,10,16,0.6,3,差し
ジョーアラモード,2026-03-25,大井,5,7,11,0.6,3,差し
ジョーアラモード,2026-06-11,大井,8,7,13,0.5,4,差し
ジョーアラモード,2026-07-03,大井,8,7,13,0.5,10,差し
ジョーアラモード,2026-07-21,大井,7,11,13,0.8333,11,差し
ジョーアラモード,2026-08-14,大井,4,8,12,0.6364,12,差し
ジョージテソーロ,2026-03-10,大井,11,2,16,0.0667,2,差し
ジョーソーレ,2026-01-27,大井,10,13,15,0.8571,13,差し
ジョーソーレ,2026-02-18,大井,4,12,14,0.8462,11,差し
ジョーソーレ,2026-03-10,大井,7,10,12,0.8182,10,差し
ジョーソーレ,2026-03-24,大井,7,10,11,0.9,10,差し
ジョーソーレ,2026-04-16,大井,12,5,10,0.4444,7,差し
ジョーソーレ,2026-04-28,大井,9,3,10,0.2222,8,差し
ジョーソーレ,2026-05-19,大井,5,9,14,0.6154,12,差し
ジョーソーレ,2026-06-09,大井,4,7,10,0.6667,10,差し
ジョーソーレ,2026-07-01,大井,4,3,14,0.1538,13,差し
ジョーソーレ,2026-07-23,大井,2,12,16,0.7333,14,差し
ジョーソーレ,2026-08-17,大井,1,7,11,0.6,11,差し
ジョートビー,2026-03-09,大井,8,1,7,0.0,5,差し
ジルクン,2026-04-13,大井,8,3,12,0.1818,2,差し
ジルクン,2026-04-28,大井,6,1,10,0.0,2,差し
ジルクン,2026-05-19,大井,4,3,9,0.25,7,差し
ジルクン,2026-06-09,大井,4,4,10,0.3333,6,差し
ジルクン,2026-07-01,大井,5,6,14,0.3846,4,差し
ジルクン,2026-07-20,大井,10,3,14,0.1538,13,差し
ジルクン,2026-08-13,大井,8,3,10,0.2222,3,差し
ジルクン,2026-08-31,大井,8,2,14,0.0769,10,差し
ジーガーオーシャン,2026-01-15,大井,1,10,12,0.8182,9,差し
ジーガーオーシャン,2026-01-29,大井,3,10,13,0.75,7,差し
ジーガーオーシャン,2026-02-19,大井,1,14,16,0.8667,16,差し
ジーゲル,2026-01-16,大井,12,10,14,0.6923,14,追込
ジーゲル,2026-01-26,大井,10,10,13,0.75,11,追込
ジーゲル,2026-02-19,大井,12,11,13,0.8333,11,追込
ジーゲル,2026-03-12,大井,11,6,12,0.4545,8,追込
ジーゲル,2026-03-27,大井,12,14,15,0.9286,14,追込
ジーゲル,2026-04-15,大井,9,6,7,0.8333,7,追込
ジーゲル,2026-05-01,大井,10,7,10,0.6667,9,追込
ジーゲル,2026-05-21,大井,12,9,14,0.6154,14,追込
ジーゲル,2026-06-11,大井,10,8,14,0.5385,13,追込
ジーゲル,2026-06-30,大井,10,7,12,0.5455,12,追込
ジーゲル,2026-07-23,大井,12,10,12,0.8182,11,追込
ジーゲル,2026-08-16,大井,5,8,9,0.875,7,追込
ジーゲル,2026-09-04,大井,11,7,13,0.5,11,追込
ジーティーウララ,2026-01-12,大井,8,4,13,0.25,11,差し
ジーティーウララ,2026-01-26,大井,7,11,14,0.7692,4,差し
ジーティーウララ,2026-02-16,大井,7,2,14,0.0769,6,差し
ジーティーウララ,2026-03-09,大井,10,7,13,0.5,5,差し
ジーティーウララ,2026-03-23,大井,9,8,13,0.5833,5,差し
ジーティーウララ,2026-06-30,大井,6,4,14,0.2308,5,差し
ジーティーウララ,2026-07-23,大井,2,5,16,0.2667,7,差し
ジーティーウララ,2026-08-17,大井,2,4,14,0.2308,3,差し
ジーティークィーン,2026-01-12,大井,7,1,13,0.0,2,差し
ジーティークィーン,2026-01-27,大井,6,1,11,0.0,8,先行
ジーティークィーン,2026-02-17,大井,4,1,12,0.0,2,先行
ジーティークィーン,2026-05-21,大井,3,4,16,0.2,10,逃げ
ジーティークィーン,2026-06-10,大井,5,5,13,0.3333,7,逃げ
ジーティークィーン,2026-07-01,大井,2,9,13,0.6667,13,逃げ
ジーティークィーン,2026-07-22,大井,4,1,14,0.0,10,差し
ジーティークィーン,2026-08-13,大井,5,3,14,0.1538,14,差し
ジーティーグラン,2026-01-27,大井,4,3,13,0.1667,1,差し
ジーティーグラン,2026-03-26,大井,5,8,12,0.6364,2,差し
ジーティーグラン,2026-05-01,大井,9,3,7,0.3333,5,差し
ジーティーグラン,2026-05-22,大井,3,3,12,0.1818,2,差し
ジーティーグラン,2026-07-03,大井,5,3,11,0.2,2,差し
ジーティーゴッド,2026-01-29,大井,10,10,15,0.6429,15,先行
ジーティーゴッド,2026-06-30,大井,8,5,16,0.2667,4,先行
ジーティーゴッド,2026-07-21,大井,9,2,12,0.0909,2,先行
ジーティーゴッド,2026-08-14,大井,8,4,16,0.2,15,先行
ジーティートレイン,2026-02-18,大井,11,5,16,0.2667,10,差し
ジーティートレイン,2026-08-13,大井,9,8,15,0.5,12,差し
ジーティービバ,2026-01-27,大井,3,1,11,0.0,8,差し
ジーティーマジカル,2026-02-20,大井,9,3,15,0.1429,3,差し
ジーティーマジカル,2026-03-11,大井,10,4,13,0.25,4,差し
ジーティーマジカル,2026-03-25,大井,10,3,10,0.2222,3,先行
ジーティーマジカル,2026-04-15,大井,10,3,14,0.1538,10,先行
ジーティーマジカル,2026-07-23,大井,8,2,9,0.125,3,先行
ジーティーユウビ,2026-03-09,大井,1,3,14,0.1538,3,差し
ジーティーユウビ,2026-04-13,大井,2,5,13,0.3333,7,先行
ジーティーユウビ,2026-04-27,大井,2,2,14,0.0769,6,差し
ジーニーキック,2026-01-15,大井,6,3,14,0.1538,7,逃げ
ジーニーキック,2026-01-29,大井,6,4,9,0.375,4,先行
ジーニーキック,2026-02-19,大井,8,7,13,0.5,6,先行
ジーニーキック,2026-03-12,大井,7,6,11,0.5,8,差し
ジーニーキック,2026-03-25,大井,4,8,12,0.6364,9,差し
ジーニーキック,2026-04-16,大井,12,3,10,0.2222,4,差し
ジーニーキック,2026-07-21,大井,6,1,13,0.0,4,差し
ジーニーキック,2026-08-14,大井,3,1,13,0.0,4,差し
ジーニーキック,2026-09-02,大井,6,3,14,0.1538,10,差し
ジーベンファルベン,2026-02-18,大井,7,6,14,0.3846,3,先行
ジーベンファルベン,2026-03-13,大井,12,5,9,0.5,5,差し
ジーベンファルベン,2026-03-25,大井,12,3,13,0.1667,4,差し
ジーベンファルベン,2026-04-14,大井,10,2,9,0.125,5,差し
ジーベンファルベン,2026-08-15,大井,8,1,11,0.0,2,差し
ジーベンファルベン,2026-09-02,大井,8,1,12,0.0,7,差し
スイヘイセン,2026-01-12,大井,2,5,13,0.3333,8,差し
スイヘイセン,2026-01-26,大井,1,7,11,0.6,9,差し
スイヘイセン,2026-03-09,大井,3,3,15,0.1429,4,差し
スイヘイセン,2026-03-23,大井,3,8,13,0.5833,10,差し
スイヘイセン,2026-04-27,大井,2,9,14,0.6154,13,差し
スイヘイセン,2026-05-19,大井,3,5,12,0.3636,11,差し
スイヘイセン,2026-06-08,大井,1,4,11,0.3,8,差し
スイヘイセン,2026-07-01,大井,1,7,12,0.5455,7,差し
スイヘイセン,2026-07-20,大井,2,10,15,0.6429,13,差し
スイヘイセン,2026-08-15,大井,2,11,14,0.7692,12,差し
スイヘイセン,2026-08-31,大井,1,7,13,0.5,12,差し
スイートグルーヴ,2026-01-13,大井,7,11,13,0.8333,10,差し
スイートグルーヴ,2026-01-26,大井,8,12,13,0.9167,11,差し
スイートグルーヴ,2026-02-17,大井,5,13,14,0.9231,13,追込
スイートグルーヴ,2026-03-09,大井,9,13,14,0.9231,14,追込
スイートグルーヴ,2026-04-13,大井,8,10,12,0.8182,12,追込
スイートグルーヴ,2026-04-27,大井,8,12,14,0.8462,14,追込
スイートロータス,2026-01-16,大井,4,5,14,0.3077,1,差し
スイートロータス,2026-04-14,大井,8,2,10,0.1111,5,差し
スイートロータス,2026-04-28,大井,12,5,13,0.3333,5,差し
スイートロータス,2026-05-18,大井,12,11,14,0.7692,10,差し
スウィートボム,2026-04-27,大井,6,1,14,0.0,1,逃げ
スウィートボム,2026-05-22,大井,2,2,15,0.0714,5,逃げ
スウィートボム,2026-06-11,大井,5,1,14,0.0,6,逃げ
スウィートボム,2026-07-02,大井,5,4,16,0.2,10,逃げ
スカイイズユアーズ,2026-01-15,大井,4,1,14,0.0,2,逃げ
スカイイズユアーズ,2026-02-19,大井,8,1,13,0.0,2,逃げ
スカイイズユアーズ,2026-03-13,大井,4,2,12,0.0909,2,逃げ
スカイイズユアーズ,2026-03-27,大井,4,1,6,0.0,1,先行
スカイイズユアーズ,2026-04-29,大井,6,1,13,0.0,1,逃げ
スカイイズユアーズ,2026-06-12,大井,8,5,13,0.3333,13,逃げ
スカイハピネス,2026-04-27,大井,6,1,14,0.0,9,差し
スカイハピネス,2026-05-20,大井,5,1,11,0.0,9,先行
スカイハピネス,2026-06-08,大井,5,1,12,0.0,11,逃げ
スカイハピネス,2026-06-29,大井,2,3,14,0.1538,10,逃げ
スカイハピネス,2026-07-20,大井,6,1,13,0.0,10,逃げ
スカイハピネス,2026-08-12,大井,5,6,16,0.3333,11,逃げ
スカイハピネス,2026-08-31,大井,6,1,14,0.0,8,逃げ
スカイビーンズ,2026-06-30,大井,2,2,5,0.25,3,
スカイレディ,2026-03-11,大井,1,4,14,0.2308,8,差し
スカイレディ,2026-03-26,大井,1,11,13,0.8333,12,差し
スカイレディ,2026-04-16,大井,1,6,14,0.3846,8,差し
スキャロップ,2026-01-30,大井,12,11,13,0.8333,3,差し
スキャロップ,2026-02-18,大井,10,11,11,1.0,8,差し
スキャロップ,2026-03-13,大井,10,10,13,0.75,10,差し
スキャロップ,2026-03-27,大井,9,8,10,0.7778,8,差し
スキャロップ,2026-04-16,大井,9,2,16,0.0667,5,差し
スキャロップ,2026-04-30,大井,9,5,14,0.3077,9,差し
スキャロップ,2026-05-21,大井,7,6,11,0.5,8,差し
スキャロップ,2026-06-12,大井,12,4,13,0.25,13,差し
スキャロップ,2026-07-01,大井,12,10,15,0.6429,13,差し
スキャロップ,2026-07-22,大井,12,9,11,0.8,10,差し
スクラッチクラッチ,2026-01-14,大井,3,10,11,0.9,11,差し
スクラッチクラッチ,2026-02-19,大井,5,8,14,0.5385,11,差し
スクラッチクラッチ,2026-03-11,大井,3,9,12,0.7273,8,差し
スクラッチクラッチ,2026-03-25,大井,2,7,10,0.6667,1,差し
スクラッチクラッチ,2026-04-17,大井,4,4,7,0.5,6,差し
スクラッチクラッチ,2026-05-21,大井,4,8,13,0.5833,10,差し
スクラッチクラッチ,2026-06-12,大井,1,5,9,0.5,8,追込
スクラッチクラッチ,2026-07-03,大井,3,8,12,0.6364,12,追込
スクラッチクラッチ,2026-08-17,大井,7,6,12,0.4545,6,追込
スコッチキルト,2026-03-10,大井,1,11,14,0.7692,10,差し
スコッチキルト,2026-03-23,大井,2,3,14,0.1538,4,差し
スコッチキルト,2026-04-13,大井,1,3,13,0.1667,1,差し
スコッチキルト,2026-04-28,大井,1,2,11,0.1,6,差し
スコッチキルト,2026-05-19,大井,1,2,13,0.0833,1,差し
スズノアリマール,2026-01-12,大井,5,4,7,0.5,3,
スズノアリマール,2026-04-27,大井,5,1,10,0.0,1,差し
スズノアリマール,2026-07-02,大井,3,1,8,0.0,1,先行
スズノハマヤ,2026-03-26,大井,8,3,7,0.3333,5,差し
スズノハマヤ,2026-04-16,大井,8,8,12,0.6364,7,差し
スズノハマヤ,2026-07-23,大井,6,6,14,0.3846,5,差し
スズノハマヤ,2026-08-12,大井,6,6,12,0.4545,11,差し
スターオブウーノ,2026-01-14,大井,1,11,13,0.8333,11,差し
スターオブウーノ,2026-01-28,大井,1,10,12,0.8182,12,差し
スターオブウーノ,2026-02-18,大井,1,10,12,0.8182,12,差し
スターオブウーノ,2026-03-10,大井,2,11,13,0.8333,12,差し
スターオブウーノ,2026-03-24,大井,2,14,14,1.0,14,差し
スターオブウーノ,2026-04-15,大井,2,9,13,0.6667,13,差し
スターオブウーノ,2026-04-28,大井,2,10,13,0.75,13,差し
スターオブウーノ,2026-05-19,大井,3,8,12,0.6364,9,差し
スターオブウーノ,2026-06-10,大井,2,9,14,0.6154,13,差し
スターオブウーノ,2026-07-02,大井,2,9,11,0.8,10,差し
スターオブウーノ,2026-07-20,大井,1,9,14,0.6154,13,差し
スターオブウーノ,2026-08-15,大井,2,12,14,0.8462,10,差し
スターオブウーノ,2026-08-31,大井,2,8,14,0.5385,14,差し
スターオブブライト,2026-01-14,大井,4,6,13,0.4167,4,差し
スターオブブライト,2026-02-20,大井,2,9,12,0.7273,5,差し
スターオブブライト,2026-03-12,大井,3,9,9,1.0,8,差し
スターグリップ,2026-04-17,大井,11,5,12,0.3636,4,逃げ
スタードラマー,2026-03-25,大井,7,5,8,0.5714,8,差し
スタードラマー,2026-05-01,大井,12,7,16,0.4,12,差し
スタードラマー,2026-05-20,大井,12,9,14,0.6154,12,差し
スタードラマー,2026-06-12,大井,11,8,11,0.7,9,差し
スタードラマー,2026-06-29,大井,12,8,13,0.5833,8,差し
スタードラマー,2026-07-21,大井,11,9,13,0.6667,12,差し
スタードラマー,2026-08-13,大井,10,6,14,0.3846,12,差し
スタードラマー,2026-09-03,大井,10,5,11,0.4,11,差し
スターメイデン,2026-09-02,大井,7,1,15,0.0,1,差し
スタールビーピアス,2026-01-28,大井,3,8,14,0.5385,4,差し
スタールビーピアス,2026-02-20,大井,1,10,14,0.6923,4,差し
スタールビーピアス,2026-03-12,大井,5,9,12,0.7273,2,差し
スタールビーピアス,2026-06-11,大井,5,1,14,0.0,1,差し
スタールビーピアス,2026-07-03,大井,7,3,9,0.25,2,差し
スタールビーピアス,2026-07-22,大井,10,4,9,0.375,4,差し
スタールビーピアス,2026-09-02,大井,10,5,13,0.3333,13,差し
ステイフリー,2026-01-27,大井,5,1,12,0.0,3,差し
ステイフリー,2026-02-19,大井,5,1,14,0.0,2,差し
ステイフリー,2026-03-12,大井,4,1,9,0.0,2,先行
ステイフリー,2026-03-27,大井,7,2,8,0.1429,3,逃げ
ステイフリー,2026-08-15,大井,6,3,13,0.1667,13,逃げ
ステイメン,2026-01-13,大井,6,2,13,0.0833,3,逃げ
ステイメン,2026-02-20,大井,1,2,14,0.0769,9,先行
ステイメン,2026-05-21,大井,3,1,16,0.0,1,先行
ステラニーナ,2026-02-16,大井,2,8,12,0.6364,8,
ステラニーナ,2026-03-09,大井,1,13,14,0.9231,5,差し
ステラニーナ,2026-03-23,大井,1,3,11,0.2,5,差し
ステーション,2026-03-24,大井,2,2,14,0.0769,2,逃げ
ステーション,2026-04-17,大井,1,3,13,0.1667,1,先行
ステーション,2026-04-28,大井,9,1,10,0.0,4,先行
ステートオブロック,2026-01-26,大井,2,1,13,0.0,1,先行
ステートオブロック,2026-03-09,大井,3,4,15,0.2143,1,先行
ステートオブロック,2026-04-13,大井,12,3,14,0.1538,1,先行
ステーレンナフト,2026-02-18,大井,7,2,14,0.0769,4,先行
ストライクオン,2026-08-12,大井,9,4,11,0.3,5,差し
ストライクノワール,2026-03-24,大井,10,5,14,0.3077,4,差し
ストライクノワール,2026-04-14,大井,7,1,10,0.0,5,差し
ストライクノワール,2026-04-29,大井,10,7,15,0.4286,13,差し
ストライクノワール,2026-05-20,大井,9,5,15,0.2857,11,差し
ストライクルックス,2026-01-15,大井,7,4,10,0.3333,3,差し
ストライクルックス,2026-01-27,大井,10,9,15,0.5714,10,差し
ストライクルックス,2026-02-20,大井,9,12,15,0.7857,10,差し
ストライクルックス,2026-03-13,大井,6,4,14,0.2308,13,差し
ストライクルックス,2026-08-14,大井,4,4,12,0.2727,3,差し
ストライクルックス,2026-09-02,大井,7,2,15,0.0714,2,差し
ストライドスター,2026-01-14,大井,6,8,14,0.5385,3,差し
ストライドスター,2026-05-20,大井,6,4,12,0.2727,2,差し
ストライドスター,2026-06-11,大井,6,2,9,0.125,1,差し
ストラディウス,2026-04-17,大井,4,1,7,0.0,1,差し
ストラディウス,2026-07-20,大井,9,2,8,0.1429,2,先行
ストラディウス,2026-08-13,大井,9,3,15,0.1429,3,差し
ストラニエーロ,2026-04-16,大井,10,1,14,0.0,2,差し
ストラーダレアーレ,2026-05-22,大井,6,8,12,0.6364,10,差し
ストラーダレアーレ,2026-06-12,大井,5,6,14,0.3846,9,差し
ストレートビーム,2026-01-13,大井,6,3,13,0.1667,1,差し
ストレートビーム,2026-02-20,大井,4,5,10,0.4444,8,先行
ストレートビーム,2026-03-13,大井,7,10,10,1.0,9,差し
ストレートビーム,2026-06-11,大井,5,6,14,0.3846,12,差し
ストレートビーム,2026-07-02,大井,5,5,16,0.2667,5,差し
ストロガノフ,2026-02-18,大井,4,6,14,0.3846,10,差し
ストロガノフ,2026-03-10,大井,8,8,10,0.7778,8,差し
ストロガノフ,2026-03-24,大井,7,11,11,1.0,11,差し
ストロガノフ,2026-04-15,大井,6,2,10,0.1111,6,差し
ストロガノフ,2026-04-27,大井,10,1,15,0.0,1,差し
ストロガノフ,2026-06-10,大井,6,2,10,0.1111,5,差し
ストロングフレイヤ,2026-01-26,大井,2,4,13,0.25,3,先行
ストロングフレイヤ,2026-02-16,大井,1,4,16,0.2,3,先行
ストロングフレイヤ,2026-03-09,大井,1,5,14,0.3077,1,先行
ストロングフレイヤ,2026-03-23,大井,3,3,13,0.1667,7,差し
ストロングフレイヤ,2026-04-13,大井,2,3,13,0.1667,2,先行
ストロングフレイヤ,2026-07-02,大井,2,4,11,0.3,4,先行
ストロングフレイヤ,2026-07-20,大井,2,5,15,0.2857,14,先行
ストロングフレイヤ,2026-08-15,大井,2,3,14,0.1538,6,差し
ストロングフレイヤ,2026-08-31,大井,2,2,14,0.0769,2,先行
スナイプフレイバー,2026-04-17,大井,12,1,14,0.0,3,差し
スノーキャンドル,2026-03-10,大井,12,3,16,0.1333,1,逃げ
スノーキャンドル,2026-05-19,大井,12,1,16,0.0,2,逃げ
スノーキャンドル,2026-07-20,大井,12,1,14,0.0,7,逃げ
スパイオンハート,2026-05-20,大井,12,5,14,0.3077,9,差し
スパルタレオニダス,2026-06-29,大井,11,2,14,0.0769,6,差し
スパルタレオニダス,2026-07-24,大井,7,2,9,0.125,2,差し
スピリチュアル,2026-01-15,大井,9,5,12,0.3636,7,差し
スピリチュアル,2026-01-29,大井,9,7,8,0.8571,7,差し
スピリチュアル,2026-02-17,大井,10,4,13,0.25,5,差し
スピリチュアル,2026-04-15,大井,7,2,12,0.0909,8,差し
スピリチュアル,2026-04-29,大井,6,8,13,0.5833,11,差し
スピリチュアル,2026-05-19,大井,6,5,14,0.3077,10,追込
スピリチュアル,2026-06-10,大井,8,1,12,0.0,9,差し
スピリットガイド,2026-02-20,大井,11,8,15,0.5,9,追込
スピリットガイド,2026-03-11,大井,11,7,12,0.5455,5,追込
スピリットガイド,2026-03-25,大井,7,3,8,0.2857,1,追込
スピリットガイド,2026-04-29,大井,7,4,8,0.4286,5,差し
スピリットガイド,2026-07-23,大井,11,6,10,0.5556,7,差し
スピーディワンダー,2026-06-29,大井,1,6,12,0.4545,7,
スピーディワンダー,2026-07-20,大井,5,3,10,0.2222,7,差し
スプレンデンテ,2026-04-16,大井,9,5,16,0.2667,7,差し
スプレンデンテ,2026-04-30,大井,9,7,14,0.4615,7,差し
スプレンデンテ,2026-05-18,大井,12,10,14,0.6923,6,差し
スプレンデンテ,2026-06-12,大井,12,5,13,0.3333,5,差し
スペイスフォース,2026-01-15,大井,6,6,14,0.3846,3,差し
スペイスフォース,2026-01-30,大井,6,7,14,0.4615,2,差し
スペイスフォース,2026-02-20,大井,7,7,12,0.5455,5,差し
スペイスフォース,2026-03-27,大井,4,3,6,0.4,4,差し
スペイスフォース,2026-04-15,大井,6,2,10,0.1111,2,差し
スペイスフォース,2026-04-28,大井,8,4,8,0.4286,2,差し
スペイスフォース,2026-05-19,大井,6,5,14,0.3077,9,差し
スペイスフォース,2026-06-30,大井,7,5,11,0.4,5,差し
スペイスフォース,2026-07-21,大井,8,6,11,0.5,9,差し
スペイスフォース,2026-08-12,大井,6,5,12,0.3636,4,差し
スマイルケイ,2026-01-16,大井,6,4,13,0.25,4,先行
スマイルケイ,2026-01-27,大井,10,4,15,0.2143,6,先行
スマイルケイ,2026-02-20,大井,9,4,15,0.2143,5,先行
スマイルケイ,2026-03-13,大井,5,2,14,0.0769,4,先行
スマイルケイ,2026-03-27,大井,5,1,14,0.0,2,先行
スマイルケイ,2026-04-14,大井,12,2,14,0.0769,2,先行
スマイルケイ,2026-04-29,大井,8,4,14,0.2308,10,先行
スマイルケイ,2026-05-18,大井,12,5,14,0.3077,5,先行
スマイルケイ,2026-06-10,大井,8,3,12,0.1818,11,先行
スマイルケイ,2026-06-30,大井,8,6,16,0.3333,11,先行
スマイルケイ,2026-07-21,大井,9,3,12,0.1818,7,差し
スマイルケイ,2026-08-12,大井,8,3,13,0.1667,3,差し
スマイルヒーロー,2026-07-20,大井,3,7,7,1.0,7,
スマイルロコ,2026-03-09,大井,5,3,11,0.2,8,
スマイルロコ,2026-06-29,大井,2,2,14,0.0769,2,差し
スマイルロコ,2026-07-21,大井,3,2,14,0.0769,1,差し
スマートサニー,2026-08-16,大井,9,5,9,0.5,3,差し
スマートシエラ,2026-01-12,大井,8,2,13,0.0833,5,差し
スマートシエラ,2026-02-17,大井,5,11,14,0.7692,8,先行
スマートシエラ,2026-03-09,大井,10,9,13,0.6667,11,先行
スマートシエラ,2026-07-22,大井,1,1,14,0.0,1,差し
スマートシエラ,2026-08-13,大井,6,4,12,0.2727,8,先行
スマートシエラ,2026-08-31,大井,7,6,13,0.4167,6,差し
スマートビアンカ,2026-02-17,大井,5,12,14,0.8462,11,差し
スマートビアンカ,2026-03-10,大井,7,9,12,0.7273,11,追込
スマートビアンカ,2026-03-23,大井,8,4,12,0.2727,5,追込
スマートビアンカ,2026-04-14,大井,5,8,14,0.5385,9,追込
スマートビアンカ,2026-04-28,大井,6,4,10,0.3333,7,追込
スマートビアンカ,2026-05-19,大井,4,5,9,0.5,8,追込
スマートビアンカ,2026-06-09,大井,4,6,10,0.5556,8,追込
スマートビアンカ,2026-06-29,大井,7,7,11,0.6,8,追込
スマートビアンカ,2026-07-23,大井,1,3,13,0.1667,3,追込
スマートビアンカ,2026-08-17,大井,1,4,11,0.3,7,追込
スミソニアン,2026-01-15,大井,12,8,8,1.0,5,追込
スミソニアン,2026-01-26,大井,12,11,15,0.7143,13,追込
スミソニアン,2026-02-19,大井,7,9,9,1.0,8,追込
スミソニアン,2026-03-12,大井,9,7,7,1.0,7,追込
スミソニアン,2026-03-26,大井,12,13,13,1.0,10,追込
スミソニアン,2026-04-13,大井,9,9,12,0.7273,12,追込
スミソニアン,2026-05-01,大井,12,12,16,0.7333,11,追込
スミソニアン,2026-05-20,大井,12,10,14,0.6923,14,追込
スミソニアン,2026-06-12,大井,7,7,11,0.6,7,追込
スミソニアン,2026-06-29,大井,10,8,11,0.7,11,追込
スミソニアン,2026-07-23,大井,12,10,12,0.8182,9,追込
スミソニアン,2026-08-14,大井,10,5,9,0.5,7,追込
スミソニアン,2026-09-02,大井,12,6,12,0.4545,8,追込
スモモモモモモモモ,2026-07-02,大井,2,6,11,0.5,7,差し
スモモモモモモモモ,2026-07-22,大井,1,4,14,0.2308,11,差し
スモモモモモモモモ,2026-08-16,大井,1,3,14,0.1538,11,差し
スリーキングス,2026-01-26,大井,12,5,15,0.2857,6,差し
スリーキングス,2026-02-19,大井,7,3,9,0.25,6,差し
スリーキングス,2026-03-12,大井,6,3,9,0.25,8,差し
スリーキングス,2026-03-24,大井,11,11,16,0.6667,4,差し
スリーバンカーズ,2026-01-15,大井,3,4,8,0.4286,4,差し
スリーバンカーズ,2026-01-30,大井,4,5,9,0.5,5,差し
スリーバンカーズ,2026-06-11,大井,4,2,14,0.0769,2,差し
スリーバンカーズ,2026-08-15,大井,6,4,13,0.25,12,追込
スリーボビー,2026-06-11,大井,8,5,13,0.3333,1,差し
スリーボビー,2026-07-03,大井,8,4,13,0.25,1,差し
スリーボビー,2026-07-23,大井,7,9,12,0.7273,11,差し
スリーレジェンド,2026-01-14,大井,8,3,13,0.1667,1,差し
スリーレジェンド,2026-01-30,大井,8,6,13,0.4167,2,差し
スリーレジェンド,2026-02-16,大井,12,3,13,0.1667,2,差し
スリーレジェンド,2026-03-10,大井,10,1,10,0.0,1,差し
スリーレジェンド,2026-03-27,大井,12,5,15,0.2857,5,先行
スリーレジェンド,2026-05-01,大井,10,2,10,0.1111,1,差し
スリーレジェンド,2026-06-11,大井,7,5,11,0.4,4,差し
スリーレジェンド,2026-06-30,大井,12,3,12,0.1818,2,差し
スリーレジェンド,2026-07-23,大井,12,3,12,0.1818,1,差し
スルガダイナゴン,2026-01-12,大井,12,7,16,0.4,8,差し
スルガダイナゴン,2026-02-17,大井,12,6,16,0.3333,2,差し
スルガダイナゴン,2026-03-27,大井,12,6,15,0.3571,4,差し
スルガダイナゴン,2026-05-01,大井,10,1,10,0.0,2,差し
スルガダイナゴン,2026-06-11,大井,7,4,11,0.3,3,差し
スルガダイナゴン,2026-06-30,大井,12,4,12,0.2727,3,差し
スルガビジン,2026-06-08,大井,4,1,10,0.0,2,逃げ
スルガビジン,2026-07-01,大井,2,2,13,0.0833,4,逃げ
スルガビジン,2026-07-22,大井,3,1,14,0.0,2,逃げ
スルガビジン,2026-08-14,大井,1,1,10,0.0,4,逃げ
スレイマン,2026-05-20,大井,11,6,16,0.3333,4,差し
セイエイ,2026-01-26,大井,12,4,15,0.2143,2,先行
セイエイ,2026-03-12,大井,9,3,7,0.3333,1,先行
セイエイ,2026-04-16,大井,10,2,14,0.0769,9,先行
セイカメテオポリス,2026-02-17,大井,11,5,15,0.2857,5,差し
セイバー,2026-03-11,大井,5,8,13,0.5833,9,追込
セイバー,2026-03-25,大井,5,9,11,0.8,6,差し
セイバー,2026-04-16,大井,5,7,14,0.4615,4,追込
セイバー,2026-04-29,大井,4,6,12,0.4545,7,追込
セキトバシューズ,2026-03-13,大井,8,10,10,1.0,1,差し
セキトバシューズ,2026-04-17,大井,10,4,13,0.25,1,差し
セキトバシューズ,2026-05-18,大井,11,4,11,0.3,2,差し
セキトバシューズ,2026-06-10,大井,12,3,13,0.1667,2,差し
セグレタリオレディ,2026-04-13,大井,2,8,13,0.5833,13,差し
セグレタリオレディ,2026-04-27,大井,2,6,14,0.3846,14,差し
セグレタリオレディ,2026-05-19,大井,2,9,12,0.7273,11,差し
セグレタリオレディ,2026-06-08,大井,1,8,11,0.7,10,差し
セグレタリオレディ,2026-07-01,大井,1,6,12,0.4545,9,差し
セブンゴー,2026-01-16,大井,1,9,14,0.6154,8,差し
セブンゴー,2026-01-29,大井,1,7,12,0.5455,4,差し
セブンゴー,2026-02-19,大井,2,8,13,0.5833,6,差し
セブンゴー,2026-04-16,大井,2,6,11,0.5,8,差し
セブンゴー,2026-04-29,大井,1,4,8,0.4286,5,差し
セブンゴー,2026-05-20,大井,1,3,13,0.1667,3,差し
セブンゴー,2026-06-10,大井,6,4,10,0.3333,7,差し
セラフィックコール,2026-07-01,大井,11,4,13,0.25,4,差し
セルディヴィジョン,2026-02-16,大井,1,9,16,0.5333,11,
セルディヴィジョン,2026-03-09,大井,1,11,14,0.7692,13,差し
セルディヴィジョン,2026-03-23,大井,2,6,14,0.3846,12,差し
セルフエース,2026-04-13,大井,3,2,10,0.1111,2,追込
セルフエース,2026-04-28,大井,3,2,14,0.0769,2,差し
セルフエース,2026-05-21,大井,1,2,11,0.1,2,先行
セルフエース,2026-06-11,大井,3,3,9,0.25,3,先行
セルフエース,2026-07-02,大井,3,2,8,0.1429,2,先行
セルフエース,2026-07-24,大井,4,1,11,0.0,1,先行
セレスチャルホープ,2026-01-12,大井,8,5,13,0.3333,7,追込
セレスチャルホープ,2026-01-26,大井,6,6,12,0.4545,8,差し
センジュ,2026-02-20,大井,12,3,16,0.1333,1,先行
センジュ,2026-03-10,大井,10,6,10,0.5556,7,先行
センジュ,2026-03-24,大井,12,11,13,0.8333,12,先行
センジュ,2026-04-14,大井,7,4,10,0.3333,9,差し
センジュ,2026-04-29,大井,6,9,13,0.6667,10,差し
センジュ,2026-05-18,大井,8,7,13,0.5,10,差し
センジュ,2026-06-08,大井,6,6,9,0.625,7,差し
センジュ,2026-07-01,大井,9,4,14,0.2308,7,追込
センジュコスモス,2026-01-16,大井,8,9,12,0.7273,11,差し
センジュコスモス,2026-01-30,大井,9,9,11,0.8,11,差し
セントラルガバナー,2026-03-11,大井,11,3,12,0.1818,7,先行
セントラルガバナー,2026-05-01,大井,12,4,16,0.2,4,差し
セントラルガバナー,2026-06-29,大井,12,7,13,0.5,10,差し
ゼイトク,2026-01-14,大井,9,5,10,0.4444,4,差し
ゼイトク,2026-01-29,大井,10,5,15,0.2857,3,差し
ゼイトク,2026-02-17,大井,9,5,12,0.3636,4,差し
ゼイトク,2026-03-13,大井,9,7,14,0.4615,3,差し
ゼイトク,2026-03-27,大井,9,6,10,0.5556,1,差し
ゼイトク,2026-04-16,大井,8,2,12,0.0909,2,差し
ゼイトク,2026-04-27,大井,11,6,16,0.3333,9,差し
ゼイトク,2026-05-21,大井,10,3,16,0.1333,3,差し
ゼイトク,2026-06-09,大井,10,4,13,0.25,7,差し
ゼイトク,2026-07-02,大井,7,4,11,0.3,6,差し
ゼイトク,2026-07-24,大井,10,4,14,0.2308,4,差し
ゼイトク,2026-08-15,大井,8,3,11,0.2,6,差し
ゼイトク,2026-09-02,大井,8,5,12,0.3636,9,差し
ゼネラルチーター,2026-01-12,大井,3,5,15,0.2857,5,差し
ゼネラルチーター,2026-01-26,大井,2,3,13,0.1667,4,差し
ゼネラルチーター,2026-02-16,大井,1,11,16,0.6667,9,差し
ゼネラルチーター,2026-03-09,大井,3,6,15,0.3571,9,差し
ゼルトザーム,2026-03-26,大井,11,6,13,0.4167,4,差し
ゼルトザーム,2026-04-17,大井,11,3,12,0.1818,9,差し
ゼルトザーム,2026-04-29,大井,7,3,8,0.2857,2,差し
ゼルトザーム,2026-05-21,大井,11,10,13,0.75,10,差し
ゼルトザーム,2026-07-23,大井,11,4,10,0.3333,6,差し
ゼルトザーム,2026-08-12,大井,9,6,11,0.5,11,差し
ゼンダンクラージュ,2026-03-11,大井,1,11,14,0.7692,13,追込
ゼンダンクラージュ,2026-03-26,大井,1,12,13,0.9167,11,追込
ゼンダンクラージュ,2026-04-16,大井,1,6,14,0.3846,9,追込
ゼーブルージュ,2026-01-15,大井,7,8,10,0.7778,6,差し
ゼーブルージュ,2026-01-29,大井,7,11,14,0.7692,5,差し
ゼーブルージュ,2026-02-19,大井,10,9,14,0.6154,10,差し
ゼーブルージュ,2026-03-12,大井,8,9,11,0.8,8,差し
ゼーブルージュ,2026-03-25,大井,6,11,14,0.7692,8,差し
ゼーブルージュ,2026-04-17,大井,9,4,14,0.2308,12,差し
ゼーブルージュ,2026-04-30,大井,5,2,10,0.1111,9,差し
ゼーロス,2026-02-18,大井,11,1,16,0.0,5,先行
ゼーロス,2026-03-25,大井,11,4,7,0.5,4,逃げ
ゼーロス,2026-06-30,大井,11,2,16,0.0667,1,差し
ソニックサンライズ,2026-03-11,大井,2,5,12,0.3636,3,差し
ソニックサンライズ,2026-03-26,大井,3,9,14,0.6154,6,差し
ソニックサンライズ,2026-04-16,大井,2,4,11,0.3,10,差し
ソニックサンライズ,2026-04-29,大井,2,6,13,0.4167,7,差し
ソニックサンライズ,2026-05-20,大井,3,9,14,0.6154,9,差し
ソニックサンライズ,2026-06-11,大井,2,6,13,0.4167,7,差し
ソニックサンライズ,2026-07-03,大井,2,5,14,0.3077,9,差し
ソニックサンライズ,2026-07-20,大井,1,2,14,0.0769,1,差し
ソニックサンライズ,2026-08-17,大井,1,3,11,0.2,6,差し
ソニックスター,2026-03-27,大井,11,1,12,0.0,2,先行
ソニックスター,2026-04-28,大井,11,2,16,0.0667,1,先行
ソニックスター,2026-06-09,大井,11,2,14,0.0769,1,先行
ソニックスター,2026-07-22,大井,11,2,15,0.0714,2,先行
ソニックフォーカス,2026-04-16,大井,5,3,14,0.1538,9,先行
ソニックフォーカス,2026-04-29,大井,5,2,11,0.1,2,差し
ソフィアトート,2026-03-23,大井,3,10,13,0.75,13,差し
ソフィアトート,2026-04-13,大井,2,9,13,0.6667,12,差し
ソフィアトート,2026-04-27,大井,2,8,14,0.5385,12,差し
ソフィアトート,2026-05-19,大井,3,7,12,0.5455,12,差し
ソフィアトート,2026-06-08,大井,1,7,11,0.6,11,差し
ソフィアトート,2026-07-01,大井,1,3,12,0.1818,11,差し
ソフィアトート,2026-07-20,大井,1,7,14,0.4615,11,差し
ソプラノタッチ,2026-01-12,大井,3,3,15,0.1429,6,先行
ソプラノタッチ,2026-01-26,大井,2,5,13,0.3333,7,先行
ソプラノタッチ,2026-02-16,大井,1,8,16,0.4667,6,先行
ソリタリオカズ,2026-01-12,大井,1,10,13,0.75,9,追込
ソリタリオカズ,2026-01-26,大井,2,8,13,0.5833,5,追込
ソリタリオカズ,2026-02-16,大井,1,13,16,0.8,15,差し
ソリタリオカズ,2026-03-09,大井,1,6,14,0.3846,10,差し
ソリタリオカズ,2026-03-23,大井,1,10,11,0.9,10,差し
ソリタリオカズ,2026-07-01,大井,1,4,12,0.2727,5,差し
ソリタリオカズ,2026-07-20,大井,2,7,15,0.4286,3,差し
ソリタリオカズ,2026-08-15,大井,2,8,14,0.5385,7,差し
ソリタリオカズ,2026-08-31,大井,2,3,14,0.1538,5,差し
ソルベット,2026-03-13,大井,12,1,9,0.0,2,差し
ソルベット,2026-03-26,大井,12,3,13,0.1667,2,差し
ソルベット,2026-04-28,大井,10,1,9,0.0,3,先行
ソルベット,2026-05-22,大井,7,1,9,0.0,5,先行
ソルベット,2026-09-03,大井,10,4,11,0.3,5,先行
ソレイユダーム,2026-07-21,大井,5,5,9,0.5,7,
ソレイユダーム,2026-08-15,大井,3,4,9,0.375,6,差し
ソレイユダーム,2026-09-02,大井,4,4,11,0.3,7,差し
ソレエスピアージャ,2026-03-23,大井,10,1,9,0.0,2,先行
ソレエスピアージャ,2026-04-14,大井,9,1,10,0.0,2,逃げ
ソーラウィンド,2026-06-08,大井,3,3,5,0.5,3,
タイカン,2026-01-13,大井,4,7,16,0.4,9,先行
タイカン,2026-01-27,大井,4,2,13,0.0833,5,先行
タイカン,2026-02-17,大井,4,5,12,0.3636,7,先行
タイガーシャーク,2026-08-17,大井,2,1,14,0.0,1,差し
タイガーシャーク,2026-08-31,大井,8,2,14,0.0769,1,差し
タイガーチャージ,2026-01-13,大井,11,8,10,0.7778,5,差し
タイガーチャージ,2026-04-30,大井,10,4,15,0.2143,3,差し
タイガーチャージ,2026-06-29,大井,11,5,14,0.3077,7,差し
タイガードラゴン,2026-06-12,大井,8,8,13,0.5833,12,追込
タイガードラゴン,2026-07-01,大井,8,6,14,0.3846,13,追込
タイセイウォリアー,2026-02-19,大井,7,8,9,0.875,9,追込
タイセイガスト,2026-02-19,大井,11,10,15,0.6429,4,差し
タイセイガスト,2026-03-25,大井,12,2,13,0.0833,9,差し
タイセイガスト,2026-04-17,大井,12,6,14,0.3846,2,差し
タイセイガスト,2026-05-21,大井,8,4,10,0.3333,6,差し
タイセイスパート,2026-07-22,大井,2,9,16,0.5333,8,差し
タイセイスパート,2026-08-16,大井,2,2,13,0.0833,5,差し
タイセイディエティ,2026-01-13,大井,6,10,13,0.75,11,差し
タイセイディエティ,2026-01-27,大井,6,3,11,0.2,11,差し
タイセイディエティ,2026-02-19,大井,5,5,14,0.3077,7,差し
タイセイディエティ,2026-03-10,大井,5,6,14,0.3846,4,差し
タイセイディエティ,2026-03-25,大井,3,7,14,0.4615,4,差し
タイセイディエティ,2026-04-15,大井,5,5,14,0.3077,8,差し
タイセイディエティ,2026-05-21,大井,3,4,16,0.2,2,差し
タイセイディエティ,2026-06-11,大井,5,5,14,0.3077,7,差し
タイセイディエティ,2026-07-02,大井,5,3,16,0.1333,2,差し
タイセイディエティ,2026-08-15,大井,7,4,16,0.2,13,差し
タイセイフェスタ,2026-01-16,大井,11,7,11,0.6,11,差し
タイセイルーマー,2026-01-13,大井,12,4,16,0.2,5,差し
タイセイルーマー,2026-02-17,大井,7,8,14,0.5385,6,先行
タイセイルーマー,2026-03-09,大井,12,10,14,0.6923,4,先行
タイセイルーマー,2026-03-23,大井,12,6,13,0.4167,7,先行
タイセツレーヴ,2026-02-17,大井,3,3,13,0.1667,1,差し
タイセツレーヴ,2026-03-12,大井,3,1,9,0.0,1,差し
タイセツレーヴ,2026-07-03,大井,3,3,12,0.1818,2,先行
タイセツレーヴ,2026-07-22,大井,8,3,11,0.2,1,差し
タイセツレーヴ,2026-08-13,大井,9,6,15,0.3571,8,差し
タイヘイノヨ,2026-03-25,大井,10,2,10,0.1111,5,差し
タイヘイノヨ,2026-04-15,大井,10,3,14,0.1538,9,差し
タイヘイノヨ,2026-04-29,大井,8,6,14,0.3846,13,差し
タイヘイノヨ,2026-05-19,大井,8,2,9,0.125,5,差し
タイムモーメント,2026-01-15,大井,11,5,11,0.4,5,差し
タイムモーメント,2026-04-17,大井,11,6,12,0.4545,7,追込
タカノドリーム,2026-01-16,大井,2,9,16,0.5333,6,先行
タカノドリーム,2026-01-29,大井,3,5,13,0.3333,2,先行
タカノドリーム,2026-02-16,大井,7,2,14,0.0769,2,先行
タカノドリーム,2026-03-10,大井,9,4,14,0.2308,2,先行
タカノドリーム,2026-03-24,大井,9,5,12,0.3636,2,先行
タカノドリーム,2026-04-16,大井,6,4,14,0.2308,8,差し
タカノドリーム,2026-04-29,大井,5,5,11,0.4,6,差し
タカノドリーム,2026-05-20,大井,10,3,12,0.1818,5,差し
タカノドリーム,2026-06-11,大井,9,4,14,0.2308,11,差し
タカノドリーム,2026-07-02,大井,8,1,13,0.0,4,差し
タカノドリーム,2026-07-20,大井,10,3,14,0.1538,7,差し
タカラブネ,2026-07-21,大井,5,1,9,0.0,1,
タガノサダフ,2026-01-16,大井,3,5,11,0.4,7,先行
タガノサダフ,2026-01-29,大井,7,3,14,0.1538,9,先行
タガノサダフ,2026-02-19,大井,10,5,14,0.3077,6,先行
タガノサダフ,2026-03-12,大井,8,3,11,0.2,7,先行
タガノサダフ,2026-03-27,大井,3,5,12,0.3636,3,先行
タガノサダフ,2026-04-17,大井,9,3,14,0.1538,9,差し
タガノサダフ,2026-05-01,大井,8,1,10,0.0,3,差し
タガノサダフ,2026-05-22,大井,8,4,13,0.25,6,差し
タガノサダフ,2026-06-12,大井,6,2,12,0.0909,4,差し
タガノサダフ,2026-07-03,大井,10,3,14,0.1538,4,差し
タガノサダフ,2026-07-24,大井,8,3,12,0.1818,10,差し
タケシ,2026-03-25,大井,7,3,8,0.2857,3,差し
タケシ,2026-05-01,大井,11,2,10,0.1111,5,差し
タケシ,2026-08-31,大井,11,3,14,0.1538,5,差し
タケゾウ,2026-03-25,大井,3,11,14,0.7692,8,差し
タケゾウ,2026-04-15,大井,4,2,10,0.1111,2,差し
タケゾウ,2026-04-30,大井,3,5,10,0.4444,3,差し
タケゾウ,2026-05-22,大井,3,7,12,0.5455,11,差し
タケゾウ,2026-06-11,大井,4,9,14,0.6154,12,差し
タケゾウ,2026-07-02,大井,5,9,16,0.5333,3,差し
タケゾウ,2026-08-15,大井,7,11,16,0.6667,10,追込
タケノオーカン,2026-01-12,大井,9,10,15,0.6429,14,差し
タケノオーカン,2026-01-26,大井,7,1,14,0.0,10,差し
タケノリッチ,2026-01-16,大井,3,7,11,0.6,9,差し
タケノリッチ,2026-01-27,大井,10,11,15,0.7143,12,差し
タケノリッチ,2026-02-16,大井,7,1,14,0.0,3,差し
タッチャブル,2026-08-14,大井,10,5,9,0.5,9,追込
タッチャブル,2026-09-03,大井,10,7,11,0.6,10,追込
タツノウォリアー,2026-05-22,大井,3,1,12,0.0,4,差し
タツノロマンス,2026-07-21,大井,1,2,11,0.1,1,差し
タツノロマンス,2026-08-13,大井,3,1,13,0.0,1,差し
タブロー,2026-01-16,大井,9,1,12,0.0,6,先行
タブロー,2026-01-30,大井,12,4,13,0.25,13,先行
タブロー,2026-02-16,大井,10,9,14,0.6154,9,先行
タマモダイジョッキ,2026-04-28,大井,11,6,16,0.3333,14,追込
タマモフリージア,2026-03-25,大井,11,3,7,0.3333,6,差し
タリスマンチャント,2026-01-14,大井,5,3,11,0.2,7,差し
タリスマンチャント,2026-01-29,大井,4,1,12,0.0,3,差し
タリスマンチャント,2026-02-20,大井,3,9,14,0.6154,11,差し
タリスマンチャント,2026-03-12,大井,3,3,9,0.25,3,差し
タリスマンチャント,2026-05-22,大井,3,2,12,0.0909,10,差し
タリスマンチャント,2026-08-14,大井,1,2,10,0.1111,2,差し
タリタ,2026-08-12,大井,3,1,7,0.0,2,
タリース,2026-07-20,大井,4,3,10,0.2222,4,
タルガフローリオ,2026-07-20,大井,3,2,7,0.1667,2,
タワーコンサート,2026-07-20,大井,4,2,10,0.1111,7,
タワーコンサート,2026-09-02,大井,4,1,11,0.0,3,差し
タンゴノアール,2026-03-13,大井,11,3,10,0.2222,10,先行
タンゴノアール,2026-03-27,大井,11,11,12,0.9091,12,先行
タンゴノアール,2026-04-30,大井,10,2,15,0.0714,14,先行
タンゴノアール,2026-06-09,大井,11,1,14,0.0,2,先行
タンゴノアール,2026-06-29,大井,11,1,14,0.0,4,先行
タンボラーダ,2026-07-21,大井,4,4,8,0.4286,2,
ターボエス,2026-01-13,大井,7,4,13,0.25,13,差し
ターボエス,2026-01-27,大井,9,9,14,0.6154,14,先行
ターボエス,2026-02-17,大井,7,4,14,0.2308,10,差し
ターボエス,2026-04-27,大井,9,4,13,0.25,5,先行
ターボエス,2026-05-18,大井,5,5,12,0.3636,12,先行
ターボエス,2026-06-09,大井,6,2,12,0.0909,7,先行
ターボエス,2026-07-01,大井,5,5,14,0.3077,10,差し
タールベルク,2026-01-15,大井,6,12,14,0.8462,8,逃げ
タールベルク,2026-01-29,大井,6,3,9,0.25,3,逃げ
タールベルク,2026-02-20,大井,7,2,12,0.0909,1,逃げ
タールベルク,2026-03-11,大井,8,5,10,0.4444,9,逃げ
タールベルク,2026-03-25,大井,8,3,13,0.1667,5,先行
タールベルク,2026-04-14,大井,8,1,10,0.0,2,先行
タールベルク,2026-04-29,大井,6,2,13,0.0833,2,先行
ターンドルレーヴ,2026-01-26,大井,7,13,14,0.9231,13,差し
ターンドルレーヴ,2026-02-16,大井,7,10,14,0.6923,13,差し
ターンドルレーヴ,2026-03-09,大井,12,14,14,1.0,14,差し
ダイナマイトガンモ,2026-03-10,大井,3,4,9,0.375,3,先行
ダイナマイトガンモ,2026-04-15,大井,3,3,10,0.2222,7,差し
ダイナマイトガンモ,2026-04-28,大井,3,2,14,0.0769,6,差し
ダイナマイトガンモ,2026-08-13,大井,4,2,14,0.0769,2,差し
ダイナマイトガンモ,2026-09-02,大井,2,6,16,0.3333,9,差し
ダイバリオン,2026-01-13,大井,11,8,10,0.7778,8,追込
ダイバリオン,2026-01-28,大井,12,10,12,0.8182,8,追込
ダイバリオン,2026-02-18,大井,12,13,13,1.0,7,追込
ダイバリオン,2026-03-09,大井,8,7,7,1.0,4,追込
ダイバリオン,2026-03-23,大井,7,6,6,1.0,5,追込
ダイバリオン,2026-04-13,大井,9,8,12,0.6364,8,追込
ダイバリオン,2026-07-01,大井,10,7,13,0.5,11,追込
ダイバリオン,2026-07-24,大井,7,6,9,0.625,8,追込
ダイメイタマナ,2026-06-12,大井,11,5,11,0.4,4,差し
ダイヤノエース,2026-01-15,大井,4,3,14,0.1538,1,差し
ダイヤノエース,2026-06-11,大井,12,1,11,0.0,1,差し
ダイヤノエース,2026-07-02,大井,12,1,14,0.0,8,差し
ダイヤノエース,2026-07-21,大井,8,5,11,0.4,7,先行
ダイヤノエース,2026-08-12,大井,6,4,12,0.2727,7,先行
ダイヤメ,2026-01-15,大井,7,7,10,0.6667,2,差し
ダイヤメ,2026-01-30,大井,7,5,10,0.4444,3,差し
ダイヤメ,2026-03-13,大井,5,7,14,0.4615,3,差し
ダイヤメ,2026-03-27,大井,5,9,14,0.6154,5,差し
ダイヤメ,2026-07-22,大井,7,4,13,0.25,2,差し
ダイヤメ,2026-08-17,大井,10,3,12,0.1818,3,差し
ダイユウルージュ,2026-01-12,大井,3,9,15,0.5714,12,差し
ダイワカレンシチー,2026-08-12,大井,3,1,7,0.0,1,
ダスマパーティ,2026-07-20,大井,4,3,10,0.2222,9,
ダスマパーティ,2026-08-15,大井,3,3,9,0.25,7,先行
ダスマパーティ,2026-09-02,大井,4,3,11,0.2,8,差し
ダテノショウグン,2026-04-16,大井,11,7,16,0.4,7,差し
ダテノショウグン,2026-05-20,大井,11,7,16,0.4,9,差し
ダノンアルプス,2026-03-09,大井,9,1,14,0.0,1,逃げ
ダノンアルプス,2026-03-24,大井,7,1,11,0.0,1,逃げ
ダノンアルプス,2026-04-16,大井,4,1,11,0.0,1,逃げ
ダノンクルーザー,2026-01-12,大井,2,1,13,0.0,1,先行
ダノンクルーザー,2026-06-30,大井,5,1,11,0.0,1,先行
ダノンクルーザー,2026-07-20,大井,8,1,13,0.0,3,先行
ダルトン,2026-01-12,大井,7,4,13,0.25,3,差し
ダルトン,2026-01-27,大井,4,12,13,0.9167,7,差し
ダルトン,2026-02-17,大井,4,5,12,0.3636,6,差し
ダルトン,2026-06-09,大井,2,4,13,0.25,12,差し
ダルトン,2026-06-29,大井,6,3,14,0.1538,9,差し
ダルトン,2026-07-21,大井,3,5,14,0.3077,8,差し
ダルトン,2026-08-12,大井,5,7,16,0.4,5,差し
ダンサーズウニ,2026-07-21,大井,5,5,9,0.5,5,
ダンサーズウニ,2026-08-16,大井,4,4,7,0.5,4,差し
ダンタリオン,2026-03-13,大井,9,11,14,0.7692,6,差し
ダンタリオン,2026-03-27,大井,8,5,11,0.4,6,差し
ダンタリオン,2026-04-16,大井,7,4,11,0.3,7,差し
ダンタリオン,2026-04-30,大井,7,3,13,0.1667,6,差し
ダンノウラ,2026-06-29,大井,4,6,9,0.625,8,
ダンノウラ,2026-07-23,大井,3,6,11,0.5,6,差し
ダンノウラ,2026-08-16,大井,3,3,10,0.2222,6,差し
ダンノウラ,2026-09-02,大井,3,4,7,0.5,6,差し
ダヴァンティ,2026-08-31,大井,11,1,14,0.0,3,逃げ
ダーカザンブラック,2026-03-09,大井,3,7,15,0.4286,7,差し
ダーカザンブラック,2026-03-23,大井,3,5,13,0.3333,2,差し
ダーカザンブラック,2026-04-15,大井,2,3,13,0.1667,3,差し
ダーカザンブラック,2026-04-29,大井,2,2,13,0.0833,8,差し
ダーカザンブラック,2026-05-20,大井,2,2,11,0.1,7,差し
ダークフェニックス,2026-03-09,大井,1,1,14,0.0,4,
チェイスザファイア,2026-01-15,大井,5,8,15,0.5,14,差し
チェイスザファイア,2026-01-28,大井,7,7,13,0.5,11,差し
チェイスザファイア,2026-02-18,大井,6,4,16,0.2,12,差し
チェイスザファイア,2026-03-11,大井,6,2,12,0.0909,8,差し
チェイスザファイア,2026-03-24,大井,9,1,12,0.0,3,先行
チェイスザファイア,2026-04-16,大井,6,4,14,0.2308,11,先行
チェイスザファイア,2026-04-29,大井,5,5,11,0.4,10,先行
チェイスザファイア,2026-05-20,大井,10,2,12,0.0909,3,先行
チェイスザファイア,2026-06-11,大井,9,4,14,0.2308,7,先行
チェイスザファイア,2026-07-02,大井,8,3,13,0.1667,7,差し
チェイスザファイア,2026-07-21,大井,7,5,13,0.3333,10,差し
チェイスザファイア,2026-08-14,大井,5,3,14,0.1538,2,差し
チェイスザファイア,2026-09-02,大井,7,1,15,0.0,6,先行
チカッパ,2026-03-10,大井,11,3,16,0.1333,7,追込
チカッパ,2026-04-15,大井,11,5,14,0.3077,6,追込
チマル,2026-06-08,大井,8,3,12,0.1818,1,差し
チマル,2026-07-03,大井,9,3,12,0.1818,6,差し
チマル,2026-07-20,大井,8,1,13,0.0,1,差し
チミモウリョウ,2026-06-29,大井,4,3,9,0.25,2,
チャオグラッド,2026-05-18,大井,2,6,14,0.3846,10,
チャオグラッド,2026-06-08,大井,5,3,12,0.1818,8,差し
チャオグラッド,2026-06-29,大井,2,9,14,0.6154,9,差し
チャオグラッド,2026-07-20,大井,5,2,10,0.1111,8,差し
チャオグラッド,2026-08-12,大井,4,5,14,0.3077,10,差し
チャオグラッド,2026-08-31,大井,5,4,12,0.2727,4,差し
チャダルクン,2026-01-16,大井,12,9,14,0.6154,5,差し
チャダルクン,2026-01-30,大井,11,8,12,0.6364,2,差し
チャダルクン,2026-02-20,大井,11,14,15,0.9286,6,差し
チャダルクン,2026-06-29,大井,10,6,11,0.5,9,差し
チャダルクン,2026-07-24,大井,11,8,16,0.4667,12,差し
チャダルクン,2026-08-15,大井,9,7,14,0.4615,5,追込
チャダルクン,2026-08-31,大井,12,4,15,0.2143,4,追込
チャトラン,2026-07-21,大井,5,2,9,0.125,3,
チャトラン,2026-08-17,大井,3,5,7,0.6667,7,先行
チャンチャン,2026-01-16,大井,10,8,11,0.7,9,追込
チャンチャン,2026-01-30,大井,8,13,13,1.0,13,追込
チャンチャン,2026-02-18,大井,8,13,14,0.9231,14,追込
チャンチャン,2026-03-13,大井,9,14,14,1.0,9,追込
チュイション,2026-01-14,大井,10,11,15,0.7143,11,追込
チュイション,2026-01-30,大井,10,14,16,0.8667,12,追込
チュイション,2026-02-17,大井,6,9,12,0.7273,7,追込
チュイション,2026-03-12,大井,10,7,16,0.4,12,追込
チュイション,2026-03-25,大井,9,9,11,0.8,8,追込
チュイション,2026-04-27,大井,10,6,15,0.3571,8,追込
チュウオーサラ,2026-08-31,大井,2,3,14,0.1538,6,先行
チュウオースカイ,2026-01-12,大井,6,6,14,0.3846,6,追込
チュウオースカイ,2026-01-26,大井,4,8,13,0.5833,8,差し
チュウオースカイ,2026-05-18,大井,1,5,12,0.3636,8,差し
チュウオースカイ,2026-06-08,大井,4,6,10,0.5556,8,差し
チュウオースカイ,2026-06-29,大井,1,8,12,0.6364,10,差し
チュウオースカイ,2026-07-20,大井,5,8,10,0.7778,9,追込
チュウオースカイ,2026-08-12,大井,1,6,10,0.5556,9,追込
チュウオースカイ,2026-08-31,大井,6,6,14,0.3846,11,追込
チュウオーハグラー,2026-03-12,大井,8,8,11,0.7,10,差し
チュウオーハグラー,2026-03-25,大井,5,6,11,0.5,9,差し
チュウオーハグラー,2026-04-16,大井,6,5,14,0.3077,10,差し
チュウオーハグラー,2026-04-30,大井,6,6,14,0.3846,14,差し
チューウィー,2026-02-19,大井,12,8,13,0.5833,7,差し
チューウィー,2026-03-11,大井,12,10,11,0.9,9,差し
チューウィー,2026-03-25,大井,12,10,13,0.75,11,差し
チューウィー,2026-04-13,大井,11,5,10,0.4444,10,差し
チューウィー,2026-04-27,大井,12,7,12,0.5455,8,追込
チューウィー,2026-05-21,大井,12,5,14,0.3077,12,追込
チューウィー,2026-06-11,大井,10,9,14,0.6154,14,追込
チョコレイトビスコ,2026-01-29,大井,7,11,14,0.7692,12,差し
チョメチョメ,2026-06-09,大井,11,5,14,0.3077,7,差し
チリンドリベント,2026-02-20,大井,5,2,13,0.0833,13,先行
ツァガーンサル,2026-01-27,大井,9,5,14,0.3077,1,先行
ツァガーンサル,2026-03-25,大井,5,3,11,0.2,1,差し
ツカイノトリ,2026-01-12,大井,7,9,13,0.6667,1,差し
ツカイノトリ,2026-01-29,大井,4,8,12,0.6364,4,差し
ツカイノトリ,2026-02-18,大井,9,10,11,0.9,9,差し
ツカイノトリ,2026-03-12,大井,3,8,9,0.875,6,追込
ツカイノトリ,2026-03-26,大井,4,7,9,0.75,3,追込
ツカイノトリ,2026-04-17,大井,2,7,11,0.6,7,追込
ツカイノトリ,2026-05-01,大井,1,4,10,0.3333,7,追込
ツカイノトリ,2026-05-22,大井,3,4,12,0.2727,3,追込
ツカイノトリ,2026-06-12,大井,2,8,11,0.7,10,追込
ツカイノトリ,2026-07-03,大井,4,3,8,0.2857,8,追込
ツクシ,2026-04-13,大井,2,4,13,0.25,10,差し
ツクシ,2026-04-27,大井,2,6,14,0.3846,9,差し
ツクシ,2026-05-19,大井,3,3,12,0.1818,5,差し
ツクシ,2026-06-08,大井,1,4,11,0.3,2,差し
ツクシ,2026-07-01,大井,1,3,12,0.1818,2,差し
ツクシ,2026-07-20,大井,2,9,15,0.5714,6,差し
ツクシ,2026-08-15,大井,2,6,14,0.3846,3,差し
ツクシ,2026-08-31,大井,2,9,14,0.6154,11,差し
ツルマルヴィオレ,2026-04-30,大井,8,4,10,0.3333,8,先行
ツルマルヴィオレ,2026-05-21,大井,5,2,14,0.0769,8,先行
ツルマルヴィオレ,2026-06-12,大井,8,3,13,0.1667,4,先行
ツルマルヴィオレ,2026-07-01,大井,6,3,10,0.2222,9,先行
ツートンショコラ,2026-01-30,大井,5,9,13,0.6667,5,差し
ツートンショコラ,2026-02-17,大井,10,12,13,0.9167,11,追込
ツートンショコラ,2026-03-24,大井,10,6,14,0.3846,3,差し
ツートンショコラ,2026-04-14,大井,7,2,10,0.1111,4,差し
ツートンショコラ,2026-04-30,大井,12,1,14,0.0,3,差し
ツートンショコラ,2026-05-20,大井,9,2,15,0.0714,1,差し
ツートンショコラ,2026-08-31,大井,9,1,11,0.0,4,先行
ティアラフォーカス,2026-01-14,大井,11,1,11,0.0,4,先行
ティアラフォーカス,2026-03-10,大井,11,1,16,0.0,14,先行
ティアラフォーカス,2026-09-02,大井,11,1,16,0.0,12,先行
ティアード,2026-07-23,大井,9,3,9,0.25,6,差し
ティエルナトート,2026-01-28,大井,6,2,12,0.0909,12,差し
ティエルナトート,2026-02-18,大井,6,7,16,0.4,13,差し
ティエルナトート,2026-03-11,大井,6,8,12,0.6364,9,差し
ティエルナトート,2026-03-25,大井,6,4,14,0.2308,12,差し
ティエルナトート,2026-04-16,大井,5,4,14,0.2308,13,差し
ティエルナトート,2026-04-28,大井,9,5,10,0.4444,10,差し
ティブロンアスール,2026-06-29,大井,2,5,14,0.3077,7,
ティブロンアスール,2026-07-20,大井,6,3,13,0.1667,4,差し
ティブロンアスール,2026-08-12,大井,4,4,14,0.2308,3,差し
ティントレット,2026-01-14,大井,11,2,11,0.1,1,先行
ティントレット,2026-04-15,大井,11,2,14,0.0769,2,先行
ティントレット,2026-09-02,大井,11,4,16,0.2,1,先行
ティーエンティー,2026-06-10,大井,4,2,14,0.0769,1,差し
ティーエンティー,2026-07-03,大井,4,2,8,0.1429,7,先行
ティーエンティー,2026-07-24,大井,4,5,11,0.4,11,差し
ティーズアイランド,2026-01-15,大井,5,4,15,0.2143,4,逃げ
ティーズアイランド,2026-01-27,大井,10,2,15,0.0714,8,逃げ
ティーズアイランド,2026-02-19,大井,9,1,11,0.0,5,先行
ティーズアペックス,2026-03-13,大井,9,2,14,0.0769,10,差し
ティーズアペックス,2026-03-27,大井,8,3,11,0.2,4,差し
ティーズアペックス,2026-04-14,大井,9,2,10,0.1111,6,差し
ティーズアペックス,2026-05-18,大井,12,2,14,0.0769,4,差し
ティーズアペックス,2026-07-01,大井,8,6,14,0.3846,10,先行
ティーズアペックス,2026-07-24,大井,8,4,12,0.2727,4,先行
ティーズアペックス,2026-08-16,大井,8,2,13,0.0833,5,差し
ティーズアペックス,2026-09-04,大井,12,3,15,0.1429,10,先行
ティーズアライト,2026-01-30,大井,2,2,9,0.125,4,先行
ティーズアライト,2026-02-20,大井,4,2,10,0.1111,5,逃げ
ティーズアラモード,2026-06-29,大井,1,7,12,0.5455,4,
ティーズアラモード,2026-07-20,大井,5,4,10,0.3333,3,差し
ティーズエナジー,2026-04-29,大井,12,1,16,0.0,15,先行
ティーズエナジー,2026-05-19,大井,12,1,16,0.0,3,逃げ
ティーズエナジー,2026-06-10,大井,10,2,14,0.0769,10,逃げ
ティーズリンク,2026-01-16,大井,5,4,12,0.2727,3,差し
ティーズリンク,2026-02-20,大井,8,6,13,0.4167,12,差し
ティーズリンク,2026-03-13,大井,3,7,12,0.5455,6,差し
ティーズリンク,2026-03-27,大井,5,4,14,0.2308,4,差し
ティーズリンク,2026-04-17,大井,8,4,14,0.2308,5,差し
ティーズリンク,2026-04-28,大井,9,2,10,0.1111,1,差し
ティーズリンク,2026-05-19,大井,7,5,10,0.4444,1,差し
ティーズリンク,2026-06-12,大井,12,3,13,0.1667,11,差し
ティーズリンク,2026-07-01,大井,8,3,14,0.1538,8,差し
ティーズリンク,2026-07-24,大井,10,5,14,0.3077,11,差し
テイオームサシ,2026-01-29,大井,10,6,15,0.3571,12,差し
テイオームサシ,2026-02-17,大井,9,12,12,1.0,7,差し
テイオームサシ,2026-03-26,大井,10,4,14,0.2308,7,差し
テイオームサシ,2026-04-15,大井,10,7,14,0.4615,5,差し
テイオームサシ,2026-04-29,大井,8,2,14,0.0769,9,差し
テイオームサシ,2026-05-19,大井,6,2,14,0.0769,6,差し
テイオームサシ,2026-06-10,大井,8,4,12,0.2727,12,差し
テイオームサシ,2026-06-30,大井,8,10,16,0.6,12,差し
テイオームサシ,2026-07-21,大井,9,6,12,0.4545,5,差し
テクノデザイン,2026-04-29,大井,9,9,14,0.6154,13,追込
テクノデザイン,2026-05-20,大井,9,6,15,0.3571,14,追込
テクノデザイン,2026-07-02,大井,12,7,14,0.4615,10,追込
テクノデザイン,2026-07-21,大井,8,8,11,0.7,8,追込
テスカトリポカ,2026-01-12,大井,4,5,6,0.8,3,
テスカトリポカ,2026-01-27,大井,3,5,11,0.4,2,追込
テスカトリポカ,2026-03-11,大井,3,1,12,0.0,2,追込
テスカトリポカ,2026-04-15,大井,3,2,10,0.1111,2,差し
テルケンユミカブト,2026-01-15,大井,1,11,12,0.9091,11,差し
テルケンユミカブト,2026-01-26,大井,1,9,11,0.8,5,差し
テルケンユミカブト,2026-02-19,大井,3,13,14,0.9231,14,追込
テルケンユミカブト,2026-03-09,大井,2,12,12,1.0,12,追込
テルケンユミカブト,2026-04-17,大井,1,9,13,0.6667,12,追込
テルケンユミカブト,2026-04-27,大井,1,1,14,0.0,4,追込
テルケンユミカブト,2026-07-01,大井,1,5,12,0.3636,8,追込
テルケンユミカブト,2026-07-24,大井,1,10,15,0.6429,14,追込
テルケンユミカブト,2026-08-13,大井,1,8,12,0.6364,9,追込
テルケンユミカブト,2026-08-31,大井,1,6,13,0.4167,6,追込
テルケンレンスター,2026-02-19,大井,8,6,13,0.4167,5,差し
テルケンレンスター,2026-03-12,大井,7,4,11,0.3,4,差し
テルケンレンスター,2026-03-25,大井,4,4,12,0.2727,2,差し
テルケンレンスター,2026-04-17,大井,7,2,10,0.1111,3,差し
テルケンレンスター,2026-05-01,大井,6,4,12,0.2727,3,差し
テルケンレントラー,2026-01-16,大井,4,11,14,0.7692,8,差し
テルケンレントラー,2026-01-30,大井,6,12,14,0.8462,10,差し
テルケンレントラー,2026-02-20,大井,8,8,13,0.5833,6,差し
テルケンレントラー,2026-03-13,大井,5,11,14,0.7692,7,追込
テルケンレントラー,2026-07-03,大井,6,4,9,0.375,4,追込
テルケンレントラー,2026-07-22,大井,5,2,11,0.1,4,追込
テンシノトリブン,2026-01-27,大井,7,1,12,0.0,1,差し
テンシノトリブン,2026-03-12,大井,7,1,11,0.0,1,差し
テンドウ,2026-06-08,大井,11,6,16,0.3333,9,先行
テンドウ,2026-06-29,大井,10,3,11,0.2,6,先行
テンドウ,2026-07-22,大井,9,2,7,0.1667,4,先行
テンドウ,2026-09-03,大井,10,2,11,0.1,7,先行
テンポルバート,2026-03-10,大井,2,8,13,0.5833,4,追込
テンポルバート,2026-03-25,大井,1,3,10,0.2222,3,追込
テンポルバート,2026-04-15,大井,1,4,14,0.2308,4,追込
テンポルバート,2026-04-30,大井,1,4,14,0.2308,10,差し
テンポルバート,2026-05-19,大井,1,4,13,0.25,8,差し
テンポルバート,2026-06-10,大井,1,4,14,0.2308,7,差し
テンポルバート,2026-07-02,大井,1,4,14,0.2308,2,差し
テンポルバート,2026-07-22,大井,1,3,14,0.1538,3,差し
テンポルバート,2026-08-13,大井,1,7,12,0.5455,8,差し
テーオードリアン,2026-01-29,大井,2,4,14,0.2308,3,先行
テーオードリアン,2026-02-19,大井,3,1,14,0.0,1,差し
テールヴェール,2026-01-26,大井,5,4,13,0.25,5,差し
テールヴェール,2026-02-16,大井,5,5,13,0.3333,4,差し
テールヴェール,2026-06-29,大井,1,4,12,0.2727,1,差し
テールヴェール,2026-07-23,大井,4,4,9,0.375,6,差し
テールヴェール,2026-08-14,大井,1,6,10,0.5556,9,差し
ディアウェンディ,2026-06-30,大井,3,2,8,0.1429,7,
ディアウェンディ,2026-07-23,大井,3,1,11,0.0,2,差し
ディアシンバ,2026-01-30,大井,2,7,9,0.75,5,差し
ディアシンバ,2026-02-20,大井,3,10,14,0.6923,3,差し
ディアシンバ,2026-03-13,大井,2,6,9,0.625,1,差し
ディアシンバ,2026-04-13,大井,7,7,11,0.6,7,差し
ディアシンバ,2026-04-29,大井,11,6,13,0.4167,8,差し
ディアシンバ,2026-06-12,大井,10,9,14,0.6154,5,追込
ディアモアー,2026-01-14,大井,4,5,13,0.3333,5,差し
ディアモアー,2026-01-29,大井,4,4,12,0.2727,7,差し
ディアモアー,2026-02-20,大井,3,12,14,0.8462,10,差し
ディアモアー,2026-03-12,大井,3,5,9,0.5,5,差し
ディアモアー,2026-03-26,大井,9,8,8,1.0,6,差し
ディアモアー,2026-04-17,大井,2,4,11,0.3,8,差し
ディアモアー,2026-05-01,大井,1,6,10,0.5556,8,差し
ディアモアー,2026-05-22,大井,1,3,13,0.1667,2,追込
ディアモアー,2026-06-12,大井,2,5,11,0.4,6,差し
ディアモアー,2026-07-03,大井,7,4,9,0.375,5,差し
ディアモアー,2026-07-24,大井,4,4,11,0.3,4,差し
ディアモアー,2026-08-17,大井,7,4,12,0.2727,2,差し
ディアワン,2026-08-31,大井,6,1,14,0.0,2,先行
ディオスデルマール,2026-08-13,大井,5,6,14,0.3846,4,差し
ディオスデルマール,2026-09-02,大井,2,9,16,0.5333,11,差し
ディオライズ,2026-06-29,大井,3,4,8,0.4286,4,
ディキシーガンナー,2026-07-02,大井,11,1,10,0.0,3,差し
ディキシーガンナー,2026-07-23,大井,11,1,10,0.0,4,先行
ディキシーガンナー,2026-08-12,大井,9,5,11,0.4,3,先行
ディクテオン,2026-07-01,大井,11,5,13,0.3333,3,差し
ディサイデッド,2026-01-13,大井,7,12,13,0.9167,11,追込
ディサイデッド,2026-01-26,大井,8,11,13,0.8333,6,追込
ディサイデッド,2026-02-20,大井,12,6,16,0.3333,10,追込
ディサイデッド,2026-03-09,大井,9,4,14,0.2308,2,追込
ディサイデッド,2026-03-24,大井,7,7,11,0.6,7,追込
ディサイデッド,2026-04-14,大井,4,6,12,0.4545,4,差し
ディサイデッド,2026-04-27,大井,10,4,15,0.2143,4,差し
ディサイデッド,2026-06-10,大井,6,5,10,0.4444,6,差し
ディサイデッド,2026-07-02,大井,6,4,12,0.2727,5,差し
ディサイデッド,2026-07-20,大井,7,3,10,0.2222,8,差し
ディサイデッド,2026-09-04,大井,10,3,14,0.1538,9,差し
ディセントラリーフ,2026-08-12,大井,2,2,5,0.25,4,
ディフィラリー,2026-01-13,大井,12,14,16,0.8667,15,差し
ディフィラリー,2026-01-27,大井,9,2,14,0.0769,11,差し
ディフィラリー,2026-02-17,大井,7,5,14,0.3077,10,差し
ディフィラリー,2026-03-10,大井,9,3,14,0.1538,13,差し
ディフィラリー,2026-03-24,大井,9,7,12,0.5455,9,差し
ディフィラリー,2026-04-14,大井,6,3,10,0.2222,10,差し
ディフィラリー,2026-04-28,大井,6,5,10,0.4444,10,差し
ディフィラリー,2026-05-18,大井,7,3,13,0.1667,5,差し
ディフィラリー,2026-06-09,大井,6,3,12,0.1818,12,先行
ディフィラリー,2026-07-01,大井,4,4,14,0.2308,14,差し
ディフィラリー,2026-07-23,大井,2,3,16,0.1333,11,先行
ディフィラリー,2026-08-17,大井,2,3,14,0.1538,10,先行
ディルムッド,2026-01-13,大井,10,4,13,0.25,2,差し
ディルムッド,2026-02-16,大井,12,6,13,0.4167,4,差し
ディルムッド,2026-04-17,大井,10,2,13,0.0833,2,差し
ディルムッド,2026-04-29,大井,10,2,15,0.0714,1,先行
ディルムッド,2026-05-21,大井,12,4,14,0.2308,6,先行
ディルムッド,2026-06-11,大井,10,2,14,0.0769,9,差し
ディルムッド,2026-08-12,大井,10,8,14,0.5385,14,先行
ディージェーサン,2026-03-24,大井,11,5,16,0.2667,15,追込
ディージェーサン,2026-04-14,大井,11,6,11,0.5,9,差し
ディージェーサン,2026-05-20,大井,12,6,14,0.3846,13,差し
ディージェーサン,2026-06-08,大井,11,9,16,0.5333,15,差し
ディーノエナジー,2026-01-12,大井,3,11,15,0.7143,8,差し
ディーノエナジー,2026-01-27,大井,1,11,14,0.7692,9,差し
ディーノエナジー,2026-02-17,大井,1,10,15,0.6429,7,差し
ディーノエナジー,2026-03-09,大井,3,9,15,0.5714,8,差し
ディーノエナジー,2026-03-23,大井,2,10,14,0.6923,13,差し
ディーノエナジー,2026-04-27,大井,1,8,14,0.5385,14,差し
ディーノエナジー,2026-08-31,大井,1,1,13,0.0,3,差し
ディープオーシャン,2026-08-31,大井,8,3,14,0.1538,7,差し
ディープコンパクト,2026-02-16,大井,4,8,12,0.6364,10,差し
ディープリボーン,2026-04-16,大井,11,4,16,0.2,9,差し
ディープリボーン,2026-05-20,大井,11,5,16,0.2667,3,差し
デスタン,2026-01-14,大井,10,13,15,0.8571,8,差し
デスタン,2026-01-30,大井,10,15,16,0.9333,7,差し
デスタン,2026-07-21,大井,10,6,14,0.3846,7,差し
デスタン,2026-09-04,大井,10,5,14,0.3077,5,差し
デスティニーホープ,2026-01-28,大井,8,1,14,0.0,10,差し
デスティニーホープ,2026-02-16,大井,9,1,10,0.0,10,先行
デスティニーホープ,2026-03-11,大井,9,9,11,0.8,11,先行
デストロイヤー,2026-05-18,大井,4,5,7,0.6667,6,
デストロイヤー,2026-06-09,大井,3,8,10,0.7778,8,差し
デストロイヤー,2026-06-30,大井,1,6,11,0.5,10,差し
デストロイヤー,2026-07-23,大井,3,3,11,0.2,4,差し
デストロイヤー,2026-08-16,大井,3,2,10,0.1111,3,差し
デスピナ,2026-02-16,大井,3,6,11,0.5,5,
デスピナ,2026-03-09,大井,4,5,8,0.5714,6,差し
デスピナ,2026-03-23,大井,4,4,7,0.5,4,追込
デスピナ,2026-04-13,大井,5,1,12,0.0,5,差し
デスピナ,2026-04-27,大井,4,3,11,0.2,8,差し
デスピナ,2026-05-20,大井,4,5,14,0.3077,10,差し
デスピナ,2026-06-09,大井,1,5,9,0.5,8,差し
デスピナ,2026-06-29,大井,5,5,12,0.3636,6,差し
デスピナ,2026-07-21,大井,1,6,11,0.5,8,差し
デスピナ,2026-08-12,大井,1,4,10,0.3333,5,差し
デュアリスト,2026-03-26,大井,11,3,13,0.1667,12,先行
デュアルロンド,2026-01-13,大井,9,4,8,0.4286,8,差し
デュピュイドローム,2026-01-13,大井,2,1,15,0.0,1,先行
デュピュイドローム,2026-01-26,大井,7,2,14,0.0769,1,先行
デュピュイドローム,2026-02-18,大井,6,1,16,0.0,1,先行
デュピュイドローム,2026-03-13,大井,6,2,14,0.0769,2,先行
デュピュイドローム,2026-03-27,大井,6,2,14,0.0769,1,先行
デュピュイドローム,2026-05-19,大井,8,1,9,0.0,1,先行
デュピュイドローム,2026-06-12,大井,9,2,14,0.0769,1,先行
デュピュイドローム,2026-07-01,大井,7,1,12,0.0,1,先行
デュピュイドローム,2026-07-20,大井,12,1,14,0.0,1,先行
デューアップ,2026-06-30,大井,2,4,5,0.75,5,
デューアップ,2026-07-24,大井,2,5,5,1.0,5,追込
デュードサンライズ,2026-04-14,大井,7,2,10,0.1111,3,差し
デリヴァランス,2026-03-25,大井,2,1,10,0.0,3,差し
デリヴァランス,2026-04-15,大井,3,2,10,0.1111,4,差し
デリヴァランス,2026-04-30,大井,2,4,12,0.2727,11,差し
デリヴァランス,2026-09-02,大井,1,3,12,0.1818,10,差し
デルタウェーブ,2026-03-25,大井,6,8,14,0.5385,6,先行
デルタウェーブ,2026-04-16,大井,5,2,14,0.0769,12,先行
デルタウェーブ,2026-04-28,大井,9,4,10,0.3333,9,先行
デルタウェーブ,2026-05-21,大井,9,6,13,0.4167,8,先行
デルタウェーブ,2026-07-03,大井,10,4,14,0.2308,10,差し
デルタウェーブ,2026-07-21,大井,7,9,13,0.6667,7,差し
デルタウェーブ,2026-08-14,大井,5,6,14,0.3846,8,差し
デルタウェーブ,2026-08-31,大井,10,3,15,0.1429,15,差し
デルバイス,2026-01-14,大井,9,10,10,1.0,9,追込
デルバイス,2026-01-29,大井,12,11,14,0.7692,7,追込
デルバイス,2026-02-16,大井,12,7,13,0.5,13,追込
デルバイス,2026-03-10,大井,10,9,10,0.8889,9,追込
デルバイス,2026-03-25,大井,8,11,13,0.8333,12,追込
デルバイス,2026-04-14,大井,7,6,10,0.5556,10,追込
デルバイス,2026-04-29,大井,6,11,13,0.8333,13,追込
デルバイス,2026-05-18,大井,8,8,13,0.5833,12,追込
デルバイス,2026-07-01,大井,9,10,14,0.6923,13,追込
デルバイス,2026-07-23,大井,7,10,12,0.8182,12,追込
デルバイス,2026-08-17,大井,8,11,13,0.8333,12,追込
デルマアリエル,2026-02-18,大井,3,9,14,0.6154,12,差し
デルマアリエル,2026-03-10,大井,7,5,12,0.3636,4,差し
デルマアリエル,2026-03-24,大井,7,4,11,0.3,5,差し
デルマアリエル,2026-07-21,大井,10,1,14,0.0,4,差し
デルマアリエル,2026-09-04,大井,10,1,14,0.0,4,先行
デルマウチガケ,2026-02-20,大井,8,5,13,0.3333,8,差し
デルマウチガケ,2026-03-13,大井,3,2,12,0.0909,8,差し
デルマウチガケ,2026-03-23,大井,10,8,9,0.875,9,差し
デルマウチガケ,2026-06-29,大井,7,2,11,0.1,3,差し
デルマウチガケ,2026-07-22,大井,6,2,14,0.0769,4,差し
デルマウチガケ,2026-08-12,大井,7,4,11,0.3,2,先行
デルマオンタケ,2026-08-31,大井,5,5,12,0.3636,8,追込
デンティンブリッジ,2026-08-13,大井,2,1,9,0.0,3,
デンテブリランテ,2026-02-18,大井,11,8,16,0.4667,9,差し
デンテブリランテ,2026-04-29,大井,11,3,13,0.1667,7,差し
デンテブリランテ,2026-06-10,大井,11,7,16,0.4,9,差し
デンテブリランテ,2026-06-30,大井,11,8,16,0.4667,3,差し
デンテブリランテ,2026-08-13,大井,9,3,15,0.1429,6,差し
デーレーシトロン,2026-04-29,大井,11,8,13,0.5833,13,差し
トイロ,2026-01-12,大井,5,2,7,0.1667,1,
トイロ,2026-01-29,大井,4,3,12,0.1818,2,先行
トイロ,2026-02-20,大井,3,3,14,0.1538,1,差し
トイロ,2026-03-13,大井,1,5,6,0.8,2,差し
トイロ,2026-03-27,大井,1,2,9,0.125,2,差し
トイロ,2026-04-17,大井,4,2,7,0.1667,2,差し
トイロ,2026-05-22,大井,10,2,8,0.1429,1,差し
トゥザノースエンド,2026-05-18,大井,1,2,12,0.0909,12,
トゥザノースエンド,2026-06-08,大井,2,3,10,0.2222,2,先行
トゥザノースエンド,2026-06-29,大井,6,4,14,0.2308,5,差し
トゥザノースエンド,2026-07-21,大井,2,9,14,0.6154,7,差し
トゥザノースエンド,2026-08-12,大井,1,3,10,0.2222,10,差し
トゥピ,2026-05-18,大井,11,1,11,0.0,1,追込
トゥピ,2026-08-15,大井,5,3,5,0.5,3,追込
トゥモローズウェイ,2026-07-22,大井,10,5,9,0.5,9,差し
トゥースパークル,2026-01-28,大井,12,3,12,0.1818,5,差し
トゥースパークル,2026-05-20,大井,7,1,9,0.0,3,差し
トゥースパークル,2026-07-01,大井,10,4,13,0.25,3,差し
トゥースパークル,2026-08-31,大井,11,6,14,0.3846,11,差し
トゥーナウィッシュ,2026-01-15,大井,2,4,6,0.6,4,差し
トゥーナウィッシュ,2026-01-30,大井,2,6,9,0.625,8,差し
トゥーナウィッシュ,2026-02-20,大井,3,13,14,0.9231,9,差し
トゥーナルビーズ,2026-06-29,大井,2,7,14,0.4615,14,
トゥーナルビーズ,2026-07-20,大井,6,5,13,0.3333,6,差し
トゥーナルビーズ,2026-08-12,大井,1,3,10,0.2222,4,差し
トゥーナルビーズ,2026-08-31,大井,5,3,12,0.1818,2,先行
トウキョーアンナ,2026-01-29,大井,11,2,11,0.1,2,差し
トウキョーバサラ,2026-01-12,大井,2,8,13,0.5833,11,差し
トウキョーバサラ,2026-01-26,大井,1,6,11,0.5,10,差し
トウキョーバサラ,2026-02-16,大井,2,5,12,0.3636,5,差し
トウキョーバサラ,2026-03-09,大井,2,7,12,0.5455,8,差し
トウキョーバサラ,2026-03-23,大井,2,8,14,0.5385,11,差し
トウキョーバサラ,2026-04-13,大井,1,5,13,0.3333,6,差し
トウキョーバサラ,2026-04-27,大井,1,4,14,0.2308,3,差し
トウキョーバサラ,2026-05-19,大井,1,3,13,0.1667,4,差し
トウキョーバサラ,2026-06-10,大井,1,6,14,0.3846,11,差し
トウキョーバサラ,2026-07-02,大井,1,4,14,0.2308,5,差し
トウキョーバサラ,2026-07-20,大井,1,7,14,0.4615,8,差し
トウキョーバサラ,2026-08-15,大井,1,6,12,0.4545,10,差し
トウキョーバサラ,2026-08-31,大井,1,3,13,0.1667,2,差し
トウテイラン,2026-01-13,大井,7,7,13,0.5,2,差し
トウテイラン,2026-01-28,大井,5,5,8,0.5714,5,差し
トウテイラン,2026-02-18,大井,5,4,12,0.2727,1,差し
トウテイラン,2026-03-12,大井,10,11,16,0.6667,6,差し
トウテイラン,2026-03-24,大井,10,10,14,0.6923,6,追込
トウテイラン,2026-04-15,大井,6,4,10,0.3333,8,追込
トウテイラン,2026-05-01,大井,6,6,12,0.4545,8,差し
トウテイラン,2026-05-22,大井,9,4,10,0.3333,8,追込
トウテイラン,2026-06-10,大井,6,1,10,0.0,2,追込
トウテイラン,2026-07-02,大井,12,4,14,0.2308,9,差し
トウヨウノマジョ,2026-01-16,大井,6,7,13,0.5,9,差し
トウヨウノマジョ,2026-01-27,大井,10,6,15,0.3571,9,差し
トウヨウノマジョ,2026-02-19,大井,10,6,14,0.3846,12,差し
トキオゴリン,2026-01-13,大井,6,10,13,0.75,12,差し
トキオゴリン,2026-01-27,大井,6,4,11,0.3,5,差し
トキオゴリン,2026-02-19,大井,6,8,14,0.5385,11,差し
トキオゴリン,2026-03-11,大井,4,12,14,0.8462,13,差し
トキオゴリン,2026-04-14,大井,3,5,11,0.4,4,差し
トキオゴリン,2026-04-28,大井,5,5,14,0.3077,11,差し
トキオゴリン,2026-05-21,大井,3,8,16,0.4667,8,差し
トキオゴリン,2026-06-10,大井,5,6,13,0.4167,6,差し
トキオゴリン,2026-07-01,大井,3,1,11,0.0,3,差し
トキオゴリン,2026-07-22,大井,4,5,14,0.3077,3,差し
トキオゴリン,2026-08-13,大井,5,8,14,0.5385,3,差し
トキノカンピオーネ,2026-01-15,大井,4,6,14,0.3846,8,差し
トキノカンピオーネ,2026-01-28,大井,6,7,12,0.5455,2,差し
トキノカンピオーネ,2026-02-19,大井,9,8,11,0.7,1,差し
トキノカンピオーネ,2026-03-13,大井,5,9,14,0.6154,2,差し
トキノカンピオーネ,2026-04-14,大井,12,7,14,0.4615,7,差し
トキノカンピオーネ,2026-04-28,大井,8,5,8,0.5714,7,差し
トキノカンピオーネ,2026-05-18,大井,10,7,9,0.75,4,差し
トクシーティグレ,2026-01-14,大井,10,11,15,0.7143,7,差し
トクシーティグレ,2026-01-30,大井,10,7,16,0.4,1,差し
トクシーティグレ,2026-04-28,大井,8,1,8,0.0,1,差し
トクシーティグレ,2026-05-20,大井,9,3,15,0.1429,4,差し
トクシーティグレ,2026-06-08,大井,6,2,9,0.125,2,差し
トクシーティグレ,2026-07-02,大井,12,1,14,0.0,1,差し
トクシーティグレ,2026-07-21,大井,12,5,16,0.2667,6,先行
トコシエノヒトミ,2026-07-22,大井,10,5,9,0.5,6,差し
トサノオウマサン,2026-04-16,大井,4,7,11,0.6,11,追込
トサノオウマサン,2026-04-29,大井,5,9,11,0.8,9,差し
トサノオウマサン,2026-05-20,大井,8,5,11,0.4,10,差し
トサノオウマサン,2026-06-11,大井,8,6,13,0.4167,7,差し
トサノオウマサン,2026-07-02,大井,8,4,13,0.25,2,追込
トサノオウマサン,2026-07-21,大井,7,8,13,0.5833,6,差し
トサノオウマサン,2026-08-14,大井,5,8,14,0.5385,7,差し
トサノオウマサン,2026-09-02,大井,7,6,15,0.3571,4,差し
トチノヒーロー,2026-01-16,大井,12,6,14,0.3846,10,差し
トチノヒーロー,2026-01-30,大井,11,11,12,0.9091,9,差し
トチノヒーロー,2026-02-20,大井,10,8,13,0.5833,11,追込
トップアメリカン,2026-01-16,大井,11,5,11,0.4,9,差し
トップアメリカン,2026-01-28,大井,12,8,12,0.6364,11,差し
トップエアデール,2026-01-29,大井,11,7,11,0.6,5,差し
トップエアデール,2026-02-18,大井,9,9,11,0.8,6,差し
トップエアデール,2026-03-26,大井,9,4,8,0.4286,5,差し
トップエアデール,2026-04-30,大井,11,7,11,0.6,10,差し
トップダイヤ,2026-01-15,大井,1,3,12,0.1818,1,先行
トップダイヤ,2026-02-19,大井,3,6,14,0.3846,3,先行
トップダイヤ,2026-03-25,大井,1,1,10,0.0,1,先行
トップダイヤ,2026-04-13,大井,8,4,12,0.2727,4,先行
トップダイヤ,2026-06-08,大井,7,4,12,0.2727,7,先行
トップダイヤ,2026-06-30,大井,4,5,10,0.4444,2,先行
トップダイヤ,2026-07-24,大井,1,1,15,0.0,4,差し
トップレジェンド,2026-07-22,大井,7,1,13,0.0,1,差し
トップレジェンド,2026-08-17,大井,10,2,12,0.0909,1,差し
トップレジェンド,2026-09-04,大井,12,2,15,0.0714,3,先行
トニーオーシャンズ,2026-01-15,大井,3,3,8,0.2857,3,差し
トニーオーシャンズ,2026-01-30,大井,4,5,9,0.5,7,差し
トニーオーシャンズ,2026-02-20,大井,5,12,13,0.9167,6,差し
トネタロウ,2026-01-27,大井,3,7,11,0.6,5,差し
トネタロウ,2026-02-17,大井,3,8,13,0.5833,9,差し
トネタロウ,2026-03-10,大井,5,9,14,0.6154,11,差し
トネタロウ,2026-03-24,大井,3,5,14,0.3077,3,差し
トネタロウ,2026-05-21,大井,1,6,11,0.5,8,差し
トネタロウ,2026-06-10,大井,4,6,14,0.3846,8,差し
トネタロウ,2026-07-01,大井,2,3,13,0.1667,5,差し
トネタロウ,2026-07-22,大井,3,4,14,0.2308,10,差し
トビーンズ,2026-04-14,大井,2,5,12,0.3636,7,差し
トビーンズ,2026-04-28,大井,3,4,14,0.2308,5,差し
トビーンズ,2026-05-21,大井,1,5,11,0.4,4,差し
トビーンズ,2026-06-10,大井,3,6,11,0.5,3,差し
トビーンズ,2026-07-02,大井,3,5,8,0.5714,3,追込
トビーンズ,2026-07-20,大井,9,6,8,0.7143,8,追込
トビーンズ,2026-08-17,大井,7,6,12,0.4545,10,追込
トビーンズ,2026-09-02,大井,9,6,13,0.4167,12,追込
トマチョップアクア,2026-01-12,大井,1,11,13,0.8333,12,差し
トマチョップアクア,2026-01-26,大井,2,13,13,1.0,13,差し
トモノホマレ,2026-01-13,大井,4,12,16,0.7333,2,差し
トモノホマレ,2026-02-19,大井,6,3,14,0.1538,1,差し
トモノホマレ,2026-03-27,大井,2,10,12,0.8182,6,差し
トモノホマレ,2026-05-01,大井,2,5,13,0.3333,4,差し
トモノホマレ,2026-05-22,大井,4,3,16,0.1333,2,差し
トモノホマレ,2026-06-12,大井,3,7,12,0.5455,9,差し
トライオン,2026-06-30,大井,3,4,8,0.4286,6,
トライオン,2026-07-23,大井,3,5,11,0.4,5,差し
トライオン,2026-08-16,大井,3,5,10,0.4444,10,差し
トライオン,2026-09-02,大井,3,2,7,0.1667,3,差し
トライコーン,2026-01-13,大井,8,2,12,0.0909,6,差し
トライコーン,2026-01-27,大井,7,4,12,0.2727,4,差し
トランジェント,2026-01-12,大井,12,2,16,0.0667,2,先行
トランジェント,2026-01-26,大井,12,2,15,0.0714,5,先行
トランジェント,2026-02-17,大井,12,2,16,0.0667,4,先行
トランジェント,2026-04-27,大井,12,3,12,0.1818,3,先行
トランジェント,2026-05-22,大井,7,1,9,0.0,6,先行
トランジェント,2026-06-10,大井,12,2,13,0.0833,7,先行
トランジェント,2026-06-30,大井,10,3,12,0.1818,8,先行
トランジェント,2026-07-21,大井,12,1,16,0.0,9,先行
トランジェント,2026-08-16,大井,5,3,9,0.25,1,逃げ
トリオンファン,2026-05-01,大井,5,1,5,0.0,3,
トリオンファン,2026-06-09,大井,3,5,10,0.4444,5,逃げ
トリグラフ,2026-01-26,大井,12,10,15,0.6429,7,追込
トリグラフ,2026-04-16,大井,10,7,14,0.4615,12,差し
トリグラフヒル,2026-02-18,大井,11,2,16,0.0667,2,先行
トリフォーリオ,2026-01-13,大井,12,8,16,0.4667,14,差し
トリフォーリオ,2026-01-27,大井,9,10,14,0.6923,13,差し
トリフォーリオ,2026-02-17,大井,7,6,14,0.3846,14,差し
トリフォーリオ,2026-03-10,大井,9,11,14,0.7692,14,差し
トリフォーリオ,2026-03-24,大井,9,12,12,1.0,12,差し
トレインザマインド,2026-04-16,大井,10,2,14,0.0769,1,差し
トレガットストーン,2026-03-26,大井,5,5,12,0.3636,3,差し
トレガットストーン,2026-06-11,大井,5,2,14,0.0769,4,差し
トレガットストーン,2026-07-03,大井,4,2,8,0.1429,4,差し
トロイメライ,2026-01-16,大井,3,3,11,0.2,1,差し
トロイメライ,2026-01-29,大井,10,10,15,0.6429,13,差し
トロイメライ,2026-06-30,大井,8,6,16,0.3333,14,差し
トワイライト,2026-03-25,大井,5,1,11,0.0,2,差し
トワイライト,2026-04-17,大井,8,3,14,0.1538,1,差し
トワイライト,2026-04-29,大井,8,3,14,0.1538,5,差し
トワイライト,2026-05-18,大井,8,2,13,0.0833,2,先行
トワイライト,2026-06-10,大井,8,1,12,0.0,1,先行
トワイライト,2026-07-01,大井,9,1,14,0.0,2,先行
トンスケ,2026-08-12,大井,2,3,5,0.5,5,
トンスケ,2026-09-02,大井,3,1,7,0.0,4,追込
トーアナカヨシ,2026-01-27,大井,12,10,13,0.75,10,差し
トーアナカヨシ,2026-04-29,大井,10,4,15,0.2143,12,差し
トーアナカヨシ,2026-05-18,大井,8,6,13,0.4167,6,差し
トーアナカヨシ,2026-06-09,大井,7,6,14,0.3846,13,差し
トーアナカヨシ,2026-06-29,大井,9,4,9,0.375,5,差し
トーアナカヨシ,2026-07-23,大井,6,2,14,0.0769,4,差し
トーアナカヨシ,2026-08-17,大井,6,2,12,0.0909,2,差し
トーキングザゴッド,2026-06-08,大井,5,2,12,0.0909,1,
トーキングザゴッド,2026-07-02,大井,5,2,16,0.0667,1,差し
トーキングザゴッド,2026-07-22,大井,10,3,9,0.25,1,差し
トーキングザゴッド,2026-09-04,大井,12,4,15,0.2143,4,差し
トーケンゴット,2026-08-12,大井,3,3,7,0.3333,4,
トーケンサワー,2026-01-12,大井,10,3,11,0.2,3,差し
トーケンサワー,2026-02-18,大井,8,6,14,0.3846,4,差し
トーケンサワー,2026-03-13,大井,9,6,14,0.3846,4,差し
トーケンレナン,2026-05-21,大井,10,4,16,0.2,7,逃げ
トーケンレナン,2026-06-10,大井,7,1,11,0.0,7,逃げ
トーケンレナン,2026-07-02,大井,7,1,11,0.0,10,逃げ
トーケンレナン,2026-07-24,大井,12,2,9,0.125,6,逃げ
トーケンレナン,2026-08-16,大井,8,4,13,0.25,12,逃げ
トーセンアマンダ,2026-01-13,大井,12,12,16,0.7333,7,差し
トーセンアマンダ,2026-01-26,大井,9,8,11,0.7,2,差し
トーセンアマンダ,2026-02-18,大井,4,10,14,0.6923,9,差し
トーセンアマンダ,2026-03-10,大井,9,10,14,0.6923,10,差し
トーセンアマンダ,2026-03-24,大井,9,10,12,0.8182,6,差し
トーセンアマンダ,2026-06-09,大井,6,4,12,0.2727,10,差し
トーセンアマンダ,2026-07-01,大井,5,9,14,0.6154,9,差し
トーセンアマンダ,2026-07-21,大井,7,8,13,0.5833,12,差し
トーセンアマンダ,2026-08-14,大井,5,8,14,0.5385,13,差し
トーセンアマンダ,2026-08-31,大井,10,9,15,0.5714,8,差し
トーセンサウダージ,2026-05-19,大井,11,7,10,0.6667,10,追込
トーセンサウダージ,2026-07-20,大井,11,3,7,0.3333,5,追込
トーセンサンダー,2026-02-16,大井,11,8,16,0.4667,5,差し
トーセンサンダー,2026-03-11,大井,7,7,7,1.0,4,差し
トーセンサンダー,2026-03-26,大井,11,8,13,0.5833,5,差し
トーセンディーン,2026-01-27,大井,7,6,12,0.4545,2,先行
トーセンディーン,2026-02-18,大井,3,10,14,0.6923,11,差し
トーセンディーン,2026-03-11,大井,5,3,13,0.1667,3,差し
トーセンディーン,2026-04-14,大井,4,2,12,0.0909,11,差し
トーセンディーン,2026-08-13,大井,6,6,12,0.4545,9,差し
トーセンディーン,2026-08-31,大井,7,4,13,0.25,8,差し
トーセンヴィオラ,2026-03-25,大井,7,1,8,0.0,5,先行
トーセンヴィオラ,2026-05-20,大井,12,1,14,0.0,5,逃げ
トーセンヴィオラ,2026-07-03,大井,11,3,10,0.2222,6,逃げ
トーランテソーロ,2026-04-14,大井,12,1,14,0.0,1,先行
トーランテソーロ,2026-04-30,大井,12,2,14,0.0769,1,先行
トーランテソーロ,2026-05-21,大井,12,2,14,0.0769,3,先行
ドゥラエレーデ,2026-05-20,大井,11,2,16,0.0667,13,先行
ドゥーロアバンティ,2026-05-22,大井,12,3,15,0.1429,3,差し
ドゥーロアバンティ,2026-06-09,大井,10,5,13,0.3333,8,差し
ドゥーロアバンティ,2026-07-03,大井,12,4,13,0.25,5,差し
ドゥーロアバンティ,2026-07-24,大井,11,5,16,0.2667,7,差し
ドウジギリ,2026-01-16,大井,8,5,12,0.3636,5,先行
ドウジギリ,2026-02-17,大井,12,9,16,0.5333,9,差し
ドウジギリ,2026-03-12,大井,11,1,12,0.0,1,差し
ドウジギリ,2026-03-27,大井,12,3,15,0.1429,2,差し
ドウジギリ,2026-05-01,大井,10,3,10,0.2222,6,差し
ドウジギリ,2026-05-18,大井,11,7,11,0.6,8,差し
ドウジギリ,2026-06-11,大井,10,1,14,0.0,1,差し
ドウジギリ,2026-06-30,大井,12,2,12,0.0909,4,差し
ドウジギリ,2026-08-15,大井,5,1,5,0.0,4,差し
ドキドキ,2026-03-13,大井,7,1,10,0.0,1,逃げ
ドキドキ,2026-05-19,大井,10,1,13,0.0,1,逃げ
ドキドキ,2026-06-30,大井,11,3,16,0.1333,9,逃げ
ドッチナンダイ,2026-01-12,大井,1,4,13,0.25,3,差し
ドッチナンダイ,2026-01-26,大井,1,8,11,0.7,7,差し
ドッチナンダイ,2026-02-16,大井,2,6,12,0.4545,7,差し
ドッチナンダイ,2026-03-09,大井,1,8,14,0.5385,7,差し
ドッチナンダイ,2026-03-25,大井,1,1,10,0.0,2,差し
ドッチナンダイ,2026-04-13,大井,1,4,13,0.25,5,差し
ドッチナンダイ,2026-04-30,大井,1,5,14,0.3077,13,差し
ドナアフロディテ,2026-01-12,大井,10,9,11,0.8,11,先行
ドナアフロディテ,2026-01-29,大井,12,1,14,0.0,9,先行
ドナアフロディテ,2026-02-17,大井,10,1,13,0.0,6,先行
ドナアフロディテ,2026-03-11,大井,9,10,11,0.9,10,先行
ドナアフロディテ,2026-03-25,大井,8,2,13,0.0833,7,先行
ドナギニー,2026-04-16,大井,11,8,16,0.4667,14,差し
ドナシェーン,2026-03-27,大井,2,6,12,0.4545,3,差し
ドナシェーン,2026-06-30,大井,11,10,16,0.6,12,差し
ドナシェーン,2026-07-24,大井,11,6,16,0.3333,5,差し
ドナシェーン,2026-08-13,大井,10,5,14,0.3077,14,差し
ドナソレイ,2026-09-04,大井,12,10,15,0.6429,15,差し
ドバイミッション,2026-01-27,大井,12,3,13,0.1667,6,差し
ドバイミッション,2026-06-09,大井,7,1,14,0.0,1,差し
ドバイミッション,2026-07-01,大井,6,2,10,0.1111,4,先行
ドバイミッション,2026-07-24,大井,10,6,14,0.3846,6,先行
ドピエッタ,2026-04-29,大井,9,8,14,0.5385,12,差し
ドピエッタ,2026-05-19,大井,8,3,9,0.25,8,差し
ドピエッタ,2026-06-10,大井,9,4,14,0.2308,9,差し
ドピエッタ,2026-06-30,大井,8,7,16,0.4,16,差し
ドピエッタ,2026-07-21,大井,9,5,12,0.3636,11,差し
ドピエッタ,2026-08-12,大井,8,5,13,0.3333,1,差し
ドピエッタ,2026-09-04,大井,12,9,15,0.5714,9,差し
ドライブミーホーム,2026-01-15,大井,3,2,8,0.1429,1,差し
ドライブミーホーム,2026-02-20,大井,5,11,13,0.8333,3,差し
ドライブミーホーム,2026-03-13,大井,7,5,10,0.4444,4,差し
ドライブミーホーム,2026-05-01,大井,4,6,8,0.7143,4,差し
ドライブミーホーム,2026-05-19,大井,10,7,13,0.5,8,差し
ドライブミーホーム,2026-06-09,大井,9,9,14,0.6154,7,差し
ドライブミーホーム,2026-07-02,大井,7,5,11,0.4,3,差し
ドライブミーホーム,2026-07-24,大井,10,7,14,0.4615,9,差し
ドライブミーホーム,2026-08-16,大井,6,6,13,0.4167,8,差し
ドラゴンウィッシュ,2026-01-16,大井,3,10,11,0.9,8,差し
ドラゴンウィッシュ,2026-01-27,大井,9,14,14,1.0,7,差し
ドラゴンウィッシュ,2026-03-10,大井,9,9,14,0.6154,11,差し
ドラゴンウィッシュ,2026-03-23,大井,12,11,13,0.8333,12,差し
ドラゴンウェルズ,2026-04-15,大井,11,1,14,0.0,1,先行
ドラゴンバスター,2026-01-14,大井,8,7,13,0.5,4,差し
ドラゴンバスター,2026-02-16,大井,9,3,10,0.2222,2,差し
ドラゴンバスター,2026-04-29,大井,6,6,13,0.4167,4,差し
ドリームパンサー,2026-01-27,大井,4,13,13,1.0,6,差し
ドリームパンサー,2026-02-17,大井,3,4,13,0.25,3,差し
ドリームパンサー,2026-03-11,大井,4,11,14,0.7692,7,差し
ドリームパンサー,2026-03-24,大井,6,6,14,0.3846,2,差し
ドリームパンサー,2026-04-15,大井,5,6,14,0.3846,9,差し
ドリームパンサー,2026-04-30,大井,2,2,12,0.0909,1,差し
ドリームパンサー,2026-08-15,大井,7,10,16,0.6,11,差し
ドリームビリーバー,2026-01-14,大井,11,8,11,0.7,6,差し
ドリームビリーバー,2026-03-10,大井,11,11,16,0.6667,3,差し
ドリームビリーバー,2026-03-26,大井,11,7,13,0.5,8,差し
ドリームビリーバー,2026-04-15,大井,11,6,14,0.3846,11,差し
ドリームビリーバー,2026-04-28,大井,11,4,16,0.2,4,差し
ドリームビリーバー,2026-06-11,大井,11,8,12,0.6364,8,差し
ドリームビリーバー,2026-07-02,大井,11,3,10,0.2222,8,差し
ドリームビリーバー,2026-08-12,大井,9,3,11,0.2,4,差し
ドリームビリーバー,2026-09-02,大井,11,12,16,0.7333,6,差し
ドリームミヤギ,2026-01-13,大井,4,4,16,0.2,10,差し
ドリームミヤギ,2026-01-27,大井,4,6,13,0.4167,4,差し
ドリームミヤギ,2026-02-17,大井,3,7,13,0.5,5,差し
ドリームミヤギ,2026-03-24,大井,3,2,14,0.0769,1,差し
ドリームミヤギ,2026-04-17,大井,2,2,11,0.1,2,差し
ドリームミヤギ,2026-05-22,大井,10,1,8,0.0,2,先行
ドリームミヤギ,2026-06-12,大井,10,6,14,0.3846,10,先行
ドリームミヤギ,2026-07-20,大井,9,2,8,0.1429,3,先行
ドリームミヤギ,2026-09-02,大井,9,4,13,0.25,10,先行
ドレインザスワンプ,2026-01-29,大井,11,4,11,0.3,8,差し
ドレインザスワンプ,2026-05-01,大井,4,5,8,0.5714,6,差し
ドレインザスワンプ,2026-05-21,大井,4,4,13,0.25,4,差し
ドレインザスワンプ,2026-06-12,大井,2,2,11,0.1,4,差し
ドレインザスワンプ,2026-07-03,大井,7,1,9,0.0,3,差し
ドレインザスワンプ,2026-08-14,大井,8,1,16,0.0,6,差し
ドレインザスワンプ,2026-09-02,大井,10,1,13,0.0,1,差し
ドレッドノート,2026-07-22,大井,6,3,14,0.1538,7,先行
ドレッドノート,2026-08-17,大井,8,8,13,0.5833,9,先行
ドレヴィーナス,2026-05-20,大井,5,1,11,0.0,1,差し
ドレヴィーナス,2026-06-11,大井,5,4,14,0.2308,10,先行
ドレヴィーナス,2026-07-02,大井,5,2,16,0.0667,13,差し
ドレヴィーナス,2026-07-23,大井,5,6,16,0.3333,6,先行
ドレヴィーナス,2026-08-14,大井,2,7,16,0.4,4,先行
ドンナドンナ,2026-03-09,大井,3,2,15,0.0714,10,逃げ
ドンナドンナ,2026-03-23,大井,1,2,11,0.1,4,逃げ
ドンナドンナ,2026-04-13,大井,2,2,13,0.0833,9,逃げ
ドンナドンナ,2026-04-27,大井,2,2,14,0.0769,7,先行
ドンナドンナ,2026-05-19,大井,3,5,12,0.3636,10,先行
ドンナドンナ,2026-06-08,大井,1,1,11,0.0,3,先行
ドンナドンナ,2026-07-01,大井,1,1,12,0.0,4,先行
ドンナドンナ,2026-07-20,大井,2,3,15,0.1429,9,先行
ドンナドンナ,2026-08-15,大井,2,7,14,0.4615,11,先行
ドンナドンナ,2026-08-31,大井,2,1,14,0.0,3,先行
ドーンルーチェ,2026-05-18,大井,9,1,7,0.0,3,逃げ
ドーンルーチェ,2026-06-12,大井,10,3,14,0.1538,6,逃げ
ナイスデスネ,2026-01-14,大井,12,10,14,0.6923,12,差し
ナイトウォーリア,2026-01-14,大井,8,6,13,0.4167,9,差し
ナイトウォーリア,2026-01-28,大井,8,4,14,0.2308,2,差し
ナイトウォーリア,2026-07-21,大井,9,4,12,0.2727,4,差し
ナイトウォーリア,2026-08-12,大井,6,1,12,0.0,3,差し
ナイトオブファイア,2026-05-20,大井,11,8,16,0.4667,7,差し
ナイトオブファイア,2026-07-01,大井,11,7,13,0.5,10,差し
ナインエスクァイア,2026-04-17,大井,12,3,14,0.1538,1,先行
ナインエスクァイア,2026-05-21,大井,8,1,10,0.0,1,先行
ナインエスクァイア,2026-06-08,大井,11,3,16,0.1333,3,先行
ナインフォルド,2026-01-15,大井,8,2,7,0.1667,1,差し
ナインフォルド,2026-02-18,大井,11,6,16,0.3333,11,先行
ナインフォルド,2026-06-12,大井,10,4,14,0.2308,14,先行
ナインフォルド,2026-08-16,大井,6,2,13,0.0833,2,先行
ナギサノルナ,2026-05-21,大井,4,1,13,0.0,3,逃げ
ナギサノルナ,2026-06-30,大井,11,6,16,0.3333,14,逃げ
ナギサノルナ,2026-07-24,大井,11,1,16,0.0,6,逃げ
ナギサノルナ,2026-08-15,大井,9,2,14,0.0769,4,逃げ
ナスティウェザー,2026-02-17,大井,11,2,15,0.0714,7,差し
ナスティウェザー,2026-03-10,大井,11,5,16,0.2667,16,先行
ナスティウェザー,2026-04-28,大井,11,3,16,0.1333,3,先行
ナスティウェザー,2026-06-11,大井,11,5,12,0.3636,4,先行
ナスティウェザー,2026-08-12,大井,9,4,11,0.3,6,先行
ナスティウェザー,2026-09-02,大井,11,8,16,0.4667,2,先行
ナチュラルライズ,2026-07-01,大井,11,4,13,0.25,8,先行
ナックアテナ,2026-04-14,大井,12,9,14,0.6154,14,差し
ナックアラジン,2026-04-13,大井,6,9,10,0.8889,10,差し
ナックアラジン,2026-04-27,大井,6,8,14,0.5385,12,差し
ナックアラジン,2026-05-18,大井,2,7,14,0.4615,5,差し
ナックアラジン,2026-06-08,大井,5,6,12,0.4545,4,差し
ナックアラジン,2026-06-29,大井,6,8,14,0.5385,14,差し
ナックアラジン,2026-07-21,大井,3,9,14,0.6154,14,差し
ナックアラジン,2026-08-12,大井,5,10,16,0.6,14,差し
ナックオリオン,2026-04-14,大井,12,1,14,0.0,12,差し
ナックオリオン,2026-04-28,大井,12,1,13,0.0,12,差し
ナックグローリー,2026-06-10,大井,2,5,14,0.3077,14,差し
ナックシリウス,2026-01-12,大井,10,1,11,0.0,7,差し
ナックシリウス,2026-01-30,大井,9,2,11,0.1,8,差し
ナックシリウス,2026-02-18,大井,10,5,11,0.4,3,先行
ナックシリウス,2026-03-10,大井,12,6,16,0.3333,9,先行
ナックシリウス,2026-03-23,大井,11,7,13,0.5,7,差し
ナックジャスパー,2026-01-15,大井,4,5,14,0.3077,4,先行
ナックジャスパー,2026-01-29,大井,6,2,9,0.125,2,差し
ナックジャスパー,2026-07-21,大井,7,2,13,0.0833,5,差し
ナックジャスパー,2026-08-14,大井,3,4,13,0.25,8,差し
ナックジャスパー,2026-09-02,大井,10,6,13,0.4167,5,差し
ナックブレット,2026-04-16,大井,9,8,16,0.4667,13,差し
ナックポピー,2026-04-13,大井,4,3,10,0.2222,2,
ナックポピー,2026-08-31,大井,6,4,14,0.2308,4,差し
ナックリーガル,2026-01-13,大井,12,6,16,0.3333,2,差し
ナックリーガル,2026-01-27,大井,9,6,14,0.3846,5,差し
ナックリーガル,2026-02-17,大井,7,7,14,0.4615,7,差し
ナックリーガル,2026-03-10,大井,7,7,12,0.5455,7,差し
ナックレガーロ,2026-09-02,大井,5,1,12,0.0,2,先行
ナツリュウオー,2026-01-12,大井,9,3,15,0.1429,2,差し
ナツリュウオー,2026-01-27,大井,8,5,14,0.3077,12,先行
ナツリュウオー,2026-03-10,大井,9,6,14,0.3846,8,差し
ナツリュウオー,2026-03-23,大井,12,3,13,0.1667,8,差し
ナツリュウオー,2026-04-13,大井,12,4,14,0.2308,4,差し
ナツリュウオー,2026-04-28,大井,7,8,14,0.5385,10,差し
ナツリュウオー,2026-05-19,大井,5,8,14,0.5385,10,差し
ナナセショー,2026-01-12,大井,6,4,14,0.2308,12,差し
ナナセショー,2026-01-26,大井,4,10,13,0.75,10,差し
ナナセショー,2026-04-13,大井,6,6,10,0.5556,8,差し
ナナセショー,2026-04-27,大井,6,4,14,0.2308,10,差し
ナナセショー,2026-05-18,大井,2,2,14,0.0769,2,差し
ナナセショー,2026-06-09,大井,2,1,13,0.0,13,差し
ナナセショー,2026-06-29,大井,6,4,14,0.2308,11,差し
ナナセショー,2026-07-21,大井,3,3,14,0.1538,11,差し
ナナセショー,2026-08-12,大井,4,1,14,0.0,11,先行
ナポレオンバディ,2026-05-19,大井,10,6,13,0.4167,11,差し
ナポレオンバディ,2026-06-12,大井,2,2,11,0.1,11,差し
ナポレオンバディ,2026-07-03,大井,5,4,11,0.3,7,差し
ナポレオンバディ,2026-07-22,大井,10,6,9,0.625,8,差し
ナポレオンバディ,2026-08-15,大井,4,2,8,0.1429,6,差し
ナムラソラン,2026-07-22,大井,4,6,14,0.3846,4,差し
ナムラソラン,2026-08-14,大井,2,9,16,0.5333,5,差し
ナムラソラン,2026-09-02,大井,2,4,16,0.2,2,差し
ナムラミック,2026-01-13,大井,12,3,16,0.1333,4,差し
ナムラミック,2026-01-27,大井,9,11,14,0.7692,6,差し
ナムラミック,2026-02-18,大井,4,5,14,0.3077,4,差し
ナムラミック,2026-03-11,大井,6,7,12,0.5455,7,差し
ナムラミック,2026-03-24,大井,9,2,12,0.0909,5,差し
ナリノイングリッド,2026-01-13,大井,1,6,13,0.4167,11,差し
ナリノイングリッド,2026-01-28,大井,2,9,14,0.6154,10,差し
ナンセイコウタロー,2026-01-15,大井,9,9,12,0.7273,12,差し
ナンセイコウタロー,2026-01-29,大井,9,8,8,1.0,5,差し
ナンセイコウタロー,2026-03-27,大井,8,6,11,0.5,7,追込
ナンセイコウタロー,2026-04-17,大井,10,4,13,0.25,11,追込
ナンセイコウタロー,2026-04-29,大井,10,6,15,0.3571,9,追込
ナンセイコウタロー,2026-05-21,大井,7,4,11,0.3,5,差し
ナンセイコウタロー,2026-06-12,大井,12,2,13,0.0833,4,差し
ナンセイスコピオン,2026-01-16,大井,1,3,14,0.1538,2,差し
ナンセイスコピオン,2026-01-29,大井,2,6,14,0.3846,1,差し
ナンセイスコピオン,2026-02-17,大井,5,5,14,0.3077,9,差し
ナンセイスコピオン,2026-03-10,大井,7,1,12,0.0,3,差し
ナンセイスコピオン,2026-04-14,大井,4,5,12,0.3636,1,差し
ナンセイスコピオン,2026-05-20,大井,6,1,12,0.0,3,差し
ナンセイスコピオン,2026-06-29,大井,7,3,11,0.2,2,差し
ナンセイスコピオン,2026-07-22,大井,5,1,11,0.0,1,差し
ナンセイスコピオン,2026-08-12,大井,7,2,11,0.1,1,先行
ナンセイスコピオン,2026-09-02,大井,10,4,13,0.25,3,先行
ナンセイタイム,2026-03-11,大井,10,3,13,0.1667,12,先行
ナンセイタイム,2026-03-25,大井,10,1,10,0.0,8,先行
ナンセイタイム,2026-04-28,大井,12,3,13,0.1667,13,先行
ナンセイホワイト,2026-03-10,大井,11,7,16,0.4,1,差し
ナンセイホワイト,2026-04-16,大井,11,2,16,0.0667,3,差し
ナンセイホワイト,2026-05-20,大井,11,2,16,0.0667,6,差し
ナンセイホワイト,2026-07-01,大井,11,6,13,0.4167,11,差し
ナンパセン,2026-04-27,大井,11,4,16,0.2,4,追込
ナンパセン,2026-05-22,大井,12,4,15,0.2143,7,差し
ナンパセン,2026-06-09,大井,10,4,13,0.25,9,差し
ナンパセン,2026-07-21,大井,12,2,16,0.0667,1,差し
ナンパセン,2026-08-16,大井,5,1,9,0.0,2,差し
ナーサリーテイル,2026-04-30,大井,11,4,11,0.3,4,差し
ニコラウス,2026-01-14,大井,12,10,14,0.6923,10,差し
ニシケンサク,2026-01-26,大井,10,1,13,0.0,1,先行
ニシケンサク,2026-02-16,大井,8,1,13,0.0,2,逃げ
ニシノコヌカアメ,2026-01-16,大井,1,7,14,0.4615,11,差し
ニシノコヌカアメ,2026-01-29,大井,2,13,14,0.9231,14,差し
ニシノコヌカアメ,2026-02-19,大井,2,4,13,0.25,5,差し
ニシノコヌカアメ,2026-03-09,大井,9,5,14,0.3077,7,差し
ニシノコヌカアメ,2026-03-23,大井,6,2,12,0.0909,5,差し
ニシノコヌカアメ,2026-04-13,大井,8,9,12,0.7273,10,差し
ニシノコヌカアメ,2026-04-27,大井,7,3,11,0.2,4,差し
ニシノコヌカアメ,2026-05-18,大井,5,1,12,0.0,3,差し
ニシノコヌカアメ,2026-06-08,大井,7,5,12,0.3636,9,差し
ニシノコヌカアメ,2026-06-29,大井,7,10,11,0.9,9,差し
ニシノコヌカアメ,2026-07-24,大井,1,1,15,0.0,1,差し
ニシノコヌカアメ,2026-08-13,大井,6,1,12,0.0,1,先行
ニシノコヌカアメ,2026-09-02,大井,6,7,14,0.4615,12,逃げ
ニシノシークレット,2026-01-16,大井,9,2,12,0.0909,1,先行
ニシノシークレット,2026-01-30,大井,11,7,12,0.5455,6,先行
ニシノシークレット,2026-02-19,大井,11,3,15,0.1429,8,先行
ニシノシークレット,2026-03-13,大井,12,2,9,0.125,4,先行
ニシノシークレット,2026-04-13,大井,11,3,10,0.2222,3,差し
ニシノシークレット,2026-04-27,大井,12,6,12,0.4545,11,差し
ニシノシークレット,2026-05-21,大井,12,3,14,0.1538,4,差し
ニシノシークレット,2026-08-15,大井,8,5,11,0.4,7,差し
ニシノシークレット,2026-08-31,大井,12,4,15,0.2143,15,差し
ニシノデフィレ,2026-01-16,大井,11,7,11,0.6,6,差し
ニシノデフィレ,2026-01-27,大井,11,10,13,0.75,7,差し
ニシノデフィレ,2026-02-18,大井,12,10,13,0.75,6,差し
ニシノデフィレ,2026-03-11,大井,11,9,12,0.7273,10,差し
ニシノデフィレ,2026-03-25,大井,7,6,8,0.7143,4,差し
ニシノデフィレ,2026-04-15,大井,12,11,16,0.6667,9,差し
ニシノデフィレ,2026-05-01,大井,12,9,16,0.5333,10,差し
ニシノデフィレ,2026-05-21,大井,8,3,10,0.2222,10,差し
ニシノデフィレ,2026-06-12,大井,11,8,11,0.7,8,差し
ニシノデフィレ,2026-06-29,大井,10,7,11,0.6,10,差し
ニシノデフィレ,2026-07-21,大井,11,8,13,0.5833,11,差し
ニシノデフィレ,2026-08-17,大井,5,4,8,0.4286,3,差し
ニシノデフィレ,2026-09-02,大井,12,3,12,0.1818,6,差し
ニシノミチアキ,2026-08-31,大井,9,3,11,0.2,11,差し
ニジイロピカール,2026-01-29,大井,5,1,7,0.0,1,差し
ニジイロピカール,2026-02-18,大井,9,4,11,0.3,7,差し
ニジイロピカール,2026-08-15,大井,6,1,13,0.0,10,差し
ニジノカナタニ,2026-01-15,大井,5,4,15,0.2143,3,差し
ニジノカナタニ,2026-01-29,大井,7,6,14,0.3846,1,先行
ニジノカナタニ,2026-02-20,大井,9,10,15,0.6429,9,先行
ニジノカナタニ,2026-03-13,大井,6,6,14,0.3846,5,先行
ニジノカナタニ,2026-03-27,大井,6,5,14,0.3077,5,差し
ニジノカナタニ,2026-04-14,大井,12,5,14,0.3077,4,差し
ニジノカナタニ,2026-04-28,大井,12,4,13,0.25,7,差し
ニジノカナタニ,2026-05-18,大井,8,5,13,0.3333,11,差し
ニジノカナタニ,2026-06-09,大井,7,1,14,0.0,3,差し
ニジノカナタニ,2026-06-29,大井,8,1,14,0.0,4,差し
ニジノカナタニ,2026-07-23,大井,7,1,12,0.0,1,先行
ニジノカナタニ,2026-08-14,大井,6,5,11,0.4,6,先行
ニジノカナタニ,2026-09-02,大井,10,3,13,0.1667,12,先行
ニチリン,2026-07-03,大井,2,3,14,0.1538,3,先行
ニチリン,2026-07-22,大井,2,5,16,0.2667,2,先行
ニチリン,2026-08-17,大井,2,2,14,0.0769,2,差し
ニフェーデービル,2026-07-02,大井,10,1,12,0.0,10,差し
ニフェーデービル,2026-07-20,大井,12,7,14,0.4615,12,逃げ
ニャンボルギーニ,2026-04-13,大井,3,5,10,0.4444,9,
ニャンボルギーニ,2026-04-27,大井,6,5,14,0.3077,13,差し
ニャンボルギーニ,2026-05-18,大井,2,1,14,0.0,7,差し
ニャンボルギーニ,2026-06-08,大井,5,4,12,0.2727,9,先行
ニャンモロー,2026-01-14,大井,3,4,11,0.3,5,先行
ニャンモロー,2026-03-25,大井,3,1,14,0.0,1,先行
ニャンモロー,2026-04-17,大井,5,1,9,0.0,5,逃げ
ニャンモロー,2026-05-01,大井,4,1,8,0.0,8,逃げ
ニュアンスカラー,2026-04-27,大井,5,5,10,0.4444,2,
ニュアンスカラー,2026-05-20,大井,4,6,14,0.3846,12,差し
ニュークチュール,2026-03-09,大井,7,10,10,1.0,7,差し
ニュークチュール,2026-03-24,大井,3,8,14,0.5385,10,差し
ニュークチュール,2026-04-14,大井,1,1,11,0.0,1,差し
ニューブリッジ,2026-01-15,大井,5,2,15,0.0714,2,先行
ニューブリッジ,2026-01-27,大井,10,3,15,0.1429,11,先行
ニューブリッジ,2026-05-20,大井,8,1,11,0.0,8,先行
ニューブリッジ,2026-06-11,大井,8,7,13,0.5,6,先行
ニンリル,2026-01-16,大井,9,3,12,0.1818,5,差し
ニンリル,2026-01-30,大井,12,3,13,0.1667,5,差し
ニンリル,2026-02-18,大井,10,8,11,0.7,9,差し
ニンリル,2026-03-13,大井,10,5,13,0.3333,6,差し
ニンリル,2026-03-27,大井,3,3,12,0.1818,5,差し
ニンリル,2026-04-16,大井,9,3,16,0.1333,10,差し
ニンリル,2026-04-30,大井,9,5,14,0.3077,10,差し
ニンリル,2026-05-18,大井,12,8,14,0.5385,7,差し
ニンリル,2026-06-12,大井,9,5,14,0.3077,7,差し
ニンリル,2026-07-01,大井,8,4,14,0.2308,7,差し
ニンリル,2026-07-24,大井,8,8,12,0.6364,9,差し
ニンリル,2026-08-14,大井,8,6,16,0.3333,7,差し
ニンリル,2026-09-02,大井,10,7,13,0.5,9,差し
ネイビーシンデレラ,2026-05-19,大井,10,4,13,0.25,12,差し
ネオアオトビ,2026-08-12,大井,4,6,14,0.3846,6,
ネオアオトビ,2026-08-31,大井,5,3,12,0.1818,6,追込
ネオトキオ,2026-02-16,大井,11,2,16,0.0667,2,先行
ネオトキオ,2026-04-29,大井,7,2,8,0.1429,1,先行
ネオトキオ,2026-05-21,大井,11,11,13,0.8333,7,先行
ネオトキオ,2026-07-02,大井,11,6,10,0.5556,1,差し
ネオトキオ,2026-07-20,大井,11,1,7,0.0,1,差し
ネコネコロガール,2026-06-30,大井,3,1,8,0.0,3,
ネダンツキマス,2026-06-29,大井,4,5,9,0.5,7,
ネフェルトゥム,2026-01-30,大井,8,7,13,0.5,10,逃げ
ネフェルトゥム,2026-03-13,大井,9,5,14,0.3077,14,逃げ
ネフェルトゥム,2026-04-16,大井,8,7,12,0.5455,11,先行
ネポティズムベビー,2026-01-27,大井,12,2,13,0.0833,1,差し
ネポティズムベビー,2026-03-26,大井,7,2,9,0.125,5,先行
ネポティズムベビー,2026-06-10,大井,12,2,13,0.0833,4,先行
ネポティズムベビー,2026-08-31,大井,9,3,11,0.2,7,先行
ネーヴェミラコロサ,2026-08-13,大井,2,4,9,0.375,4,
ノアサンサン,2026-03-12,大井,1,10,12,0.8182,5,先行
ノアサンサン,2026-03-26,大井,1,8,13,0.5833,9,先行
ノアサンサン,2026-04-17,大井,1,4,13,0.25,2,差し
ノアサンサン,2026-04-27,大井,7,2,11,0.1,3,差し
ノアサンサン,2026-05-18,大井,5,4,12,0.2727,6,差し
ノアサンサン,2026-06-08,大井,7,4,12,0.2727,3,差し
ノアサンサン,2026-06-30,大井,5,3,11,0.2,2,差し
ノイエスジール,2026-04-13,大井,3,2,10,0.1111,5,
ノイエスジール,2026-04-27,大井,5,2,10,0.1111,3,差し
ノイエスジール,2026-05-20,大井,4,8,14,0.5385,13,差し
ノイエスジール,2026-06-09,大井,1,8,9,0.875,9,差し
ノッテドコード,2026-05-01,大井,7,1,7,0.0,4,差し
ノッテドコード,2026-05-18,大井,10,1,9,0.0,7,差し
ノッテドコード,2026-06-09,大井,8,2,11,0.1,11,差し
ノットボーダー,2026-02-20,大井,1,2,14,0.0769,11,差し
ノットボーダー,2026-03-11,大井,3,3,12,0.1818,3,差し
ノットボーダー,2026-05-22,大井,1,1,13,0.0,1,差し
ノットボーダー,2026-06-12,大井,1,2,9,0.125,1,差し
ノットボーダー,2026-07-03,大井,3,2,12,0.0909,1,差し
ノットボーダー,2026-08-13,大井,9,5,15,0.2857,11,先行
ノビシロ,2026-01-16,大井,1,8,14,0.5385,14,先行
ノビシロ,2026-01-29,大井,3,1,13,0.0,1,先行
ノビシロ,2026-02-16,大井,7,4,14,0.2308,5,先行
ノビシロ,2026-03-09,大井,12,7,14,0.4615,9,差し
ノビシロ,2026-03-23,大井,12,3,13,0.1667,2,差し
ノビシロ,2026-04-14,大井,6,4,10,0.3333,6,差し
ノビシロ,2026-04-28,大井,7,4,14,0.2308,9,差し
ノビシロ,2026-05-19,大井,4,4,9,0.375,3,差し
ノビシロ,2026-06-09,大井,4,3,10,0.2222,3,差し
ノビシロ,2026-07-02,大井,6,1,12,0.0,3,差し
ノブレスジャン,2026-03-23,大井,8,5,12,0.3636,4,差し
ノブレスジャン,2026-04-14,大井,5,2,14,0.0769,1,差し
ノブレスジャン,2026-05-01,大井,7,1,7,0.0,2,差し
ノベンバーステップ,2026-04-29,大井,8,5,14,0.3077,3,追込
ノベンバーステップ,2026-05-19,大井,7,3,10,0.2222,4,差し
ノベンバーステップ,2026-06-12,大井,12,4,13,0.25,8,差し
ノベンバーステップ,2026-06-30,大井,7,8,11,0.7,6,差し
ノベンバーステップ,2026-07-22,大井,8,4,11,0.3,4,差し
ノリサムソン,2026-01-14,大井,2,8,15,0.5,15,差し
ノリサムソン,2026-01-29,大井,3,2,13,0.0833,5,差し
ノリサムソン,2026-02-19,大井,1,11,16,0.6667,15,差し
ノリサムソン,2026-03-12,大井,1,8,12,0.6364,8,差し
ノリサムソン,2026-03-26,大井,1,13,13,1.0,13,差し
ノリサムソン,2026-04-16,大井,1,4,14,0.2308,13,差し
ノンストップガール,2026-01-12,大井,2,3,13,0.1667,7,差し
ノンストップガール,2026-01-26,大井,1,5,11,0.4,4,差し
ノンストップガール,2026-02-16,大井,2,3,12,0.1818,2,差し
ノンストップガール,2026-03-10,大井,1,2,14,0.0769,4,差し
ノンストップガール,2026-03-23,大井,2,5,14,0.3077,2,差し
ノンストップガール,2026-04-15,大井,1,3,14,0.1538,3,差し
ノンストップガール,2026-04-28,大井,1,2,11,0.1,1,差し
ノンストップガール,2026-05-20,大井,1,4,13,0.25,8,差し
ノンストップガール,2026-06-11,大井,1,6,14,0.3846,12,差し
ノンストップガール,2026-07-03,大井,1,7,11,0.6,7,差し
ノンフィクション,2026-01-14,大井,4,4,13,0.25,3,追込
ノンフィクション,2026-01-29,大井,4,6,12,0.4545,6,差し
ノンフィクション,2026-02-20,大井,2,11,12,0.9091,1,差し
ノンフィクション,2026-03-09,大井,11,10,10,1.0,5,差し
ノンフィクション,2026-08-15,大井,4,3,8,0.2857,5,差し
ノンフィクション,2026-09-02,大井,9,7,13,0.5,8,差し
ノーブルオーディン,2026-01-15,大井,3,1,8,0.0,2,差し
ノーブルオーディン,2026-02-20,大井,5,7,13,0.5,5,先行
ノーブルゲイル,2026-02-16,大井,11,5,16,0.2667,9,先行
ノーブルゲイル,2026-03-11,大井,7,6,7,0.8333,3,先行
ノーブルゲイル,2026-03-27,大井,11,7,12,0.5455,7,差し
ノーブルゲイル,2026-04-17,大井,11,4,12,0.2727,2,差し
ノーブルゲイル,2026-04-30,大井,10,3,15,0.1429,5,差し
ノーブルゲイル,2026-06-09,大井,11,5,14,0.3077,6,差し
ノーブルジーク,2026-01-13,大井,9,6,8,0.7143,6,差し
ノーブルジーク,2026-06-10,大井,10,11,14,0.7692,13,差し
ノーブルジーク,2026-06-30,大井,9,6,9,0.625,9,差し
ノーブルジーク,2026-08-17,大井,5,6,8,0.7143,7,差し
ノーブルジーク,2026-09-04,大井,11,1,13,0.0,12,差し
ノーブルゼファー,2026-04-16,大井,6,2,14,0.0769,13,差し
ノーブルゼファー,2026-04-30,大井,6,5,14,0.3077,13,差し
ノーブルゼファー,2026-05-20,大井,10,6,12,0.4545,8,差し
ノーブルゼファー,2026-06-11,大井,9,3,14,0.1538,10,差し
ノーブルゼファー,2026-07-02,大井,8,4,13,0.25,11,差し
ノーブルフォルテ,2026-08-12,大井,1,2,10,0.1111,3,
ノーブルプライム,2026-01-12,大井,8,10,13,0.75,8,差し
ノーブルプライム,2026-01-26,大井,6,9,12,0.7273,6,差し
ノーブルプライム,2026-02-16,大井,6,8,13,0.5833,2,追込
ノーブルプライム,2026-03-10,大井,7,6,12,0.4545,2,追込
ノーブルプライム,2026-03-24,大井,7,3,11,0.2,3,差し
ノーブルプライム,2026-04-14,大井,4,4,12,0.2727,9,差し
ノーブルプライム,2026-04-29,大井,3,9,13,0.6667,9,差し
ノーブルミューズ,2026-08-31,大井,4,4,6,0.6,4,
ハイアップグレード,2026-04-17,大井,10,2,13,0.0833,12,差し
ハイアップグレード,2026-04-29,大井,10,6,15,0.3571,14,差し
ハイアップグレード,2026-05-21,大井,6,5,12,0.3636,10,差し
ハイアップグレード,2026-06-12,大井,8,8,13,0.5833,11,差し
ハイアップグレード,2026-07-01,大井,6,4,10,0.3333,10,差し
ハイアップグレード,2026-07-22,大井,8,5,11,0.4,8,差し
ハイアップグレード,2026-08-14,大井,6,3,11,0.2,7,差し
ハイエストエンド,2026-02-17,大井,11,8,15,0.5,11,差し
ハイエストポイント,2026-01-15,大井,11,8,11,0.7,11,追込
ハイエストポイント,2026-01-26,大井,11,7,9,0.75,6,追込
ハイエストポイント,2026-02-17,大井,11,6,15,0.3571,13,追込
ハイエストポイント,2026-03-13,大井,11,8,10,0.7778,9,追込
ハイグリット,2026-06-29,大井,3,5,8,0.5714,6,
ハイグリット,2026-07-23,大井,3,2,11,0.1,3,追込
ハイケンス,2026-06-30,大井,7,3,11,0.2,2,差し
ハイケンス,2026-07-22,大井,8,2,11,0.1,2,差し
ハイケンス,2026-08-16,大井,6,1,13,0.0,1,先行
ハオカノア,2026-09-02,大井,9,3,13,0.1667,4,差し
ハカイシン,2026-01-14,大井,1,3,13,0.1667,3,差し
ハカイシン,2026-01-29,大井,2,11,14,0.7692,8,差し
ハカイシン,2026-02-19,大井,3,5,14,0.3077,2,差し
ハカイシン,2026-03-12,大井,1,1,12,0.0,1,差し
ハカイシン,2026-03-23,大井,8,3,12,0.1818,2,差し
ハカイシン,2026-04-14,大井,4,1,12,0.0,3,差し
ハカイシン,2026-04-28,大井,6,2,10,0.1111,6,差し
ハカイシン,2026-05-19,大井,4,3,9,0.25,5,差し
ハカイシン,2026-06-09,大井,4,1,10,0.0,2,差し
ハカイシン,2026-07-02,大井,6,3,12,0.1818,10,差し
ハカイシン,2026-07-20,大井,7,1,10,0.0,3,差し
ハカイシン,2026-08-14,大井,3,3,13,0.1667,9,差し
ハカイシン,2026-08-31,大井,7,2,13,0.0833,10,先行
ハクアイストーリー,2026-04-17,大井,3,8,14,0.5385,11,差し
ハクアイストーリー,2026-04-30,大井,4,3,11,0.2,9,差し
ハクアイソレイユ,2026-01-15,大井,6,8,14,0.5385,2,差し
ハクアイソレイユ,2026-01-30,大井,5,7,13,0.5,2,差し
ハクアイソレイユ,2026-02-20,大井,7,7,12,0.5455,6,差し
ハクアイソレイユ,2026-03-13,大井,4,8,12,0.6364,5,差し
ハクアイソレイユ,2026-03-27,大井,4,2,6,0.2,2,追込
ハクアイソレイユ,2026-04-14,大井,8,4,10,0.3333,4,差し
ハクアイソレイユ,2026-04-29,大井,6,5,13,0.3333,3,追込
ハクアイソレイユ,2026-05-19,大井,6,6,14,0.3846,1,追込
ハクアイソレイユ,2026-06-12,大井,8,6,13,0.4167,6,差し
ハクアイソレイユ,2026-07-01,大井,6,7,10,0.6667,5,差し
ハクアイソレイユ,2026-07-24,大井,9,5,12,0.3636,5,差し
ハクアイソレイユ,2026-08-16,大井,6,7,13,0.5,6,差し
ハクアイソレイユ,2026-08-31,大井,9,2,11,0.1,3,追込
ハコブネハルカゼ,2026-08-12,大井,3,4,7,0.5,6,
ハチメンロッピ,2026-07-23,大井,11,2,10,0.1111,3,差し
ハチメンロッピ,2026-08-12,大井,9,3,11,0.2,8,差し
ハックルベリー,2026-01-13,大井,7,9,13,0.6667,6,差し
ハックルベリー,2026-01-26,大井,8,6,13,0.4167,4,差し
ハックルベリー,2026-02-17,大井,5,8,14,0.5385,3,差し
ハックルベリー,2026-03-25,大井,9,4,11,0.3,2,差し
ハックルベリー,2026-04-27,大井,10,3,15,0.1429,14,差し
ハックルベリー,2026-05-22,大井,9,3,10,0.2222,7,差し
ハッチトポッチ,2026-01-12,大井,6,9,14,0.6154,11,差し
ハッチトポッチ,2026-01-26,大井,4,6,13,0.4167,13,差し
ハッチトポッチ,2026-02-16,大井,3,8,11,0.7,10,差し
ハッチトポッチ,2026-03-09,大井,4,7,8,0.8571,7,差し
ハッチトポッチ,2026-03-23,大井,4,6,7,0.8333,6,差し
ハッチトポッチ,2026-04-13,大井,3,4,10,0.3333,4,差し
ハッチトポッチ,2026-04-27,大井,5,6,10,0.5556,10,差し
ハッチトポッチ,2026-05-18,大井,1,3,12,0.1818,4,追込
ハッチトポッチ,2026-06-08,大井,4,5,10,0.4444,7,追込
ハッチトポッチ,2026-06-29,大井,1,6,12,0.4545,6,差し
ハッチトポッチ,2026-07-20,大井,5,1,10,0.0,1,差し
ハッチトポッチ,2026-08-13,大井,4,6,14,0.3846,10,差し
ハッチトポッチ,2026-09-02,大井,1,5,12,0.3636,7,差し
ハッチン,2026-03-12,大井,5,2,12,0.0909,3,差し
ハッチン,2026-04-17,大井,6,5,13,0.3333,4,差し
ハッチン,2026-05-01,大井,2,3,13,0.1667,3,差し
ハッチン,2026-05-21,大井,4,5,13,0.3333,6,差し
ハッチン,2026-08-17,大井,7,6,12,0.4545,5,差し
ハッピーゲート,2026-04-27,大井,11,2,16,0.0667,8,先行
ハッピーゲート,2026-05-22,大井,12,1,15,0.0,6,先行
ハッピーゲート,2026-06-10,大井,10,4,14,0.2308,6,先行
ハッピーマン,2026-04-15,大井,11,5,14,0.3077,9,差し
ハッピーメモリー,2026-01-14,大井,3,6,11,0.5,7,差し
ハッピーメモリー,2026-01-30,大井,4,8,9,0.875,9,差し
ハッピーメモリー,2026-02-20,大井,4,9,10,0.8889,10,差し
ハッピーメモリー,2026-03-12,大井,5,11,12,0.9091,11,差し
ハッピーメモリー,2026-03-26,大井,5,12,12,1.0,12,差し
ハッピーワイド,2026-01-13,大井,5,13,14,0.9231,11,差し
ハッピーワイド,2026-01-27,大井,6,7,11,0.6,7,差し
ハッピーワイド,2026-02-19,大井,4,6,11,0.5,9,差し
ハッピーワイド,2026-03-10,大井,5,11,14,0.7692,14,差し
ハッピーワイド,2026-03-24,大井,6,7,14,0.4615,6,差し
ハッピーワイド,2026-04-14,大井,2,2,12,0.0909,10,差し
ハデスキーパー,2026-02-17,大井,11,7,15,0.4286,9,差し
ハデスキーパー,2026-04-16,大井,11,6,16,0.3333,11,差し
ハデスキーパー,2026-04-28,大井,11,6,16,0.3333,6,差し
ハデスキーパー,2026-05-20,大井,11,9,16,0.5333,8,差し
ハデスキーパー,2026-07-22,大井,11,6,15,0.3571,3,差し
ハナヒラク,2026-03-24,大井,2,5,14,0.3077,11,逃げ
ハナヒラク,2026-04-13,大井,2,2,13,0.0833,5,逃げ
ハナヒラク,2026-04-28,大井,2,3,13,0.1667,12,逃げ
ハナヒラク,2026-05-19,大井,3,2,12,0.0909,8,先行
ハナヒラク,2026-06-10,大井,2,2,14,0.0769,7,先行
ハナヒラク,2026-07-02,大井,2,5,11,0.4,3,先行
ハナヒラク,2026-07-20,大井,2,4,15,0.2143,1,先行
ハナヒラク,2026-08-16,大井,2,2,13,0.0833,12,先行
ハニートースト,2026-03-12,大井,9,5,7,0.6667,5,追込
ハニートースト,2026-04-16,大井,10,5,14,0.3077,7,差し
ハニートースト,2026-05-21,大井,8,6,10,0.5556,7,差し
ハニートースト,2026-06-11,大井,7,3,11,0.2,5,差し
ハニートースト,2026-06-30,大井,12,7,12,0.5455,8,差し
ハネガハエテマス,2026-04-30,大井,6,4,14,0.2308,10,差し
ハネガハエテマス,2026-05-20,大井,10,7,12,0.5455,12,先行
ハネガハエテマス,2026-06-11,大井,8,3,13,0.1667,12,先行
ハボタン,2026-01-14,大井,3,8,11,0.7,4,差し
ハボタン,2026-02-18,大井,9,11,11,1.0,4,差し
ハボタン,2026-03-13,大井,7,9,10,0.8889,6,差し
ハボタン,2026-03-26,大井,9,6,8,0.7143,3,差し
ハボタン,2026-04-17,大井,4,4,7,0.5,5,差し
ハボタン,2026-05-01,大井,3,6,9,0.625,5,追込
ハボタン,2026-09-02,大井,10,8,13,0.5833,7,追込
ハヤテノシンノスケ,2026-01-13,大井,5,10,14,0.6923,6,差し
ハヤテノシンノスケ,2026-01-27,大井,6,5,11,0.4,3,差し
ハヤテノシンノスケ,2026-02-19,大井,4,10,11,0.9,7,差し
ハヤテノシンノスケ,2026-05-21,大井,3,9,16,0.5333,4,差し
ハヤテノシンノスケ,2026-06-10,大井,5,7,13,0.5,5,差し
ハヤテノシンノスケ,2026-07-02,大井,4,6,13,0.4167,7,差し
ハヤテノシンノスケ,2026-07-22,大井,4,7,14,0.4615,9,差し
ハヤブサジャック,2026-08-13,大井,2,5,9,0.5,9,
ハヤマデイズ,2026-05-01,大井,3,7,9,0.75,8,先行
ハヤマデイズ,2026-05-21,大井,4,8,13,0.5833,9,差し
ハヤマデイズ,2026-06-12,大井,2,6,11,0.5,9,差し
ハヤマデイズ,2026-07-03,大井,7,6,9,0.625,7,追込
ハヤマデイズ,2026-07-24,大井,4,5,11,0.4,7,追込
ハヤマデイズ,2026-08-17,大井,7,5,12,0.3636,8,追込
ハルイチバン,2026-06-29,大井,5,1,12,0.0,1,差し
ハルイチバン,2026-08-14,大井,1,1,10,0.0,1,差し
ハルウララカ,2026-01-12,大井,1,3,13,0.1667,4,差し
ハルウララカ,2026-01-26,大井,1,8,11,0.7,11,差し
ハルウララカ,2026-02-16,大井,1,5,16,0.2667,10,差し
ハンターウルフ,2026-01-12,大井,9,12,15,0.7857,15,差し
ハンターウルフ,2026-01-26,大井,9,9,11,0.8,7,差し
ハンターウルフ,2026-02-16,大井,7,1,14,0.0,4,差し
ハンターウルフ,2026-03-09,大井,12,1,14,0.0,3,差し
ハンターウルフ,2026-03-23,大井,12,1,13,0.0,6,先行
ハンターウルフ,2026-04-14,大井,6,4,10,0.3333,4,逃げ
ハンターウルフ,2026-04-28,大井,7,5,14,0.3077,8,逃げ
ハンターウルフ,2026-05-19,大井,5,6,14,0.3846,9,逃げ
ハンターウルフ,2026-06-09,大井,6,5,12,0.3636,5,差し
ハンターウルフ,2026-07-01,大井,5,6,14,0.3846,7,差し
ハンデンドレイク,2026-03-27,大井,2,5,12,0.3636,1,差し
ハンデンドレイク,2026-08-13,大井,10,1,14,0.0,3,差し
ハヴィティペイ,2026-01-14,大井,7,10,12,0.8182,10,差し
ハヴィティペイ,2026-01-28,大井,5,4,8,0.4286,6,差し
ハヴィティペイ,2026-02-18,大井,5,7,12,0.5455,10,差し
ハヴィティペイ,2026-03-24,大井,7,8,11,0.7,8,差し
ハヴィティペイ,2026-04-14,大井,4,7,12,0.5455,10,差し
ハヴィティペイ,2026-04-29,大井,3,5,13,0.3333,12,差し
ハヴィティペイ,2026-05-20,大井,6,7,12,0.5455,8,差し
ハヴィティペイ,2026-06-11,大井,12,5,11,0.4,7,差し
ハヴィティペイ,2026-07-21,大井,10,5,14,0.3077,14,差し
ハヴィティペイ,2026-08-16,大井,10,5,13,0.3333,13,差し
ハヴィティペイ,2026-09-02,大井,7,6,15,0.3571,10,差し
ハーレムシャフル,2026-01-16,大井,6,5,13,0.3333,3,差し
ハーレムシャフル,2026-01-30,大井,6,6,14,0.3846,4,差し
ハーレムシャフル,2026-02-20,大井,8,2,13,0.0833,1,差し
ハーレムシャフル,2026-03-11,大井,9,6,11,0.5,1,差し
ハーレムシャフル,2026-03-27,大井,8,4,11,0.3,1,差し
ハーレムシャフル,2026-04-27,大井,11,3,16,0.1333,15,差し
ハーレムシャフル,2026-05-21,大井,10,5,16,0.2667,13,差し
ハーレムシャフル,2026-06-10,大井,12,6,13,0.4167,9,差し
バイアホーン,2026-06-30,大井,7,4,11,0.3,9,差し
バイアホーン,2026-07-23,大井,7,2,12,0.0909,2,差し
バイアホーン,2026-08-12,大井,8,2,13,0.0833,10,差し
バイアホーン,2026-09-02,大井,10,5,13,0.3333,6,先行
バイソンバローズ,2026-08-12,大井,4,2,14,0.0769,4,差し
バイナリーパルサー,2026-07-20,大井,3,3,7,0.3333,3,
バイバイファイト,2026-03-23,大井,5,6,14,0.3846,6,先行
バイバイファイト,2026-04-13,大井,4,2,10,0.1111,6,先行
バイバイファイト,2026-04-27,大井,4,8,11,0.7,11,先行
バイバイファイト,2026-05-18,大井,2,4,14,0.2308,4,差し
バイバイファイト,2026-06-08,大井,5,2,12,0.0909,10,差し
バイバイファイト,2026-06-29,大井,1,3,12,0.1818,3,差し
バイバイファイト,2026-07-21,大井,2,2,14,0.0769,10,先行
バイバイファイト,2026-08-12,大井,5,1,16,0.0,8,先行
バイバイファイト,2026-08-31,大井,5,2,12,0.0909,5,先行
バクシーシ,2026-03-26,大井,3,5,14,0.3077,14,逃げ
バクシーシ,2026-04-16,大井,3,1,11,0.0,11,逃げ
バクシーシ,2026-04-29,大井,2,1,13,0.0,13,逃げ
バゴリオ,2026-01-12,大井,5,5,7,0.6667,5,
バゴリオ,2026-01-26,大井,5,5,13,0.3333,9,差し
バゴリオ,2026-06-29,大井,2,6,14,0.3846,5,差し
バゴリオ,2026-07-20,大井,6,1,13,0.0,1,差し
バゴリオ,2026-08-13,大井,4,3,14,0.1538,4,差し
バジルフレイバー,2026-01-16,大井,5,6,12,0.4545,4,追込
バジルフレイバー,2026-01-28,大井,8,10,14,0.6923,11,差し
バジルフレイバー,2026-02-16,大井,9,9,10,0.8889,9,差し
バジルフレイバー,2026-03-11,大井,9,11,11,1.0,8,追込
バジルフレイバー,2026-03-25,大井,8,13,13,1.0,8,追込
バジルフレイバー,2026-04-14,大井,8,4,10,0.3333,7,追込
バジルフレイバー,2026-04-28,大井,8,7,8,0.8571,6,追込
バジルフレイバー,2026-05-18,大井,8,7,13,0.5,7,追込
バジルフレイバー,2026-06-09,大井,7,6,14,0.3846,9,追込
バジルフレイバー,2026-06-29,大井,8,8,14,0.5385,10,差し
バジルフレイバー,2026-07-21,大井,8,6,11,0.5,4,差し
バズッチ,2026-01-16,大井,10,3,11,0.2,6,差し
バズッチ,2026-07-01,大井,8,5,14,0.3077,14,差し
バズッチ,2026-07-22,大井,8,5,11,0.4,10,差し
バズッチ,2026-08-14,大井,6,2,11,0.1,8,差し
バズマーチ,2026-01-15,大井,6,11,14,0.7692,9,追込
バティストゥータ,2026-01-13,大井,1,3,13,0.1667,1,差し
バティストゥータ,2026-01-26,大井,6,3,12,0.1818,2,差し
バハルダール,2026-04-28,大井,11,7,16,0.4,9,追込
バハルダール,2026-05-20,大井,11,9,16,0.5333,14,追込
バハルダール,2026-07-02,大井,11,4,10,0.3333,2,追込
バハルダール,2026-07-22,大井,11,8,15,0.5,8,追込
バブリングストーン,2026-01-15,大井,4,8,14,0.5385,12,追込
バブリングストーン,2026-01-28,大井,6,4,12,0.2727,7,差し
バブリングストーン,2026-02-18,大井,6,13,16,0.8,15,差し
バブリングストーン,2026-04-29,大井,4,4,12,0.2727,9,差し
バブリーショーコー,2026-01-14,大井,4,7,13,0.5,10,差し
バブリーショーコー,2026-01-29,大井,4,3,12,0.1818,9,差し
バブリーショーコー,2026-04-15,大井,4,3,10,0.2222,3,差し
バブリーショーコー,2026-05-01,大井,1,5,10,0.4444,10,差し
バブリーショーコー,2026-05-21,大井,4,6,13,0.4167,8,差し
バブリーショーコー,2026-06-11,大井,4,7,14,0.4615,8,差し
バブリーショーコー,2026-07-02,大井,4,6,13,0.4167,4,差し
バブリーショーコー,2026-07-23,大井,4,5,9,0.5,4,追込
バラミブンダ,2026-01-13,大井,5,5,14,0.3077,13,先行
バラミブンダ,2026-01-27,大井,6,3,11,0.2,10,差し
バラミブンダ,2026-02-19,大井,6,4,14,0.2308,13,差し
バラミブンダ,2026-03-10,大井,3,5,9,0.5,5,先行
バラミブンダ,2026-03-24,大井,5,3,9,0.25,6,差し
バリアシオン,2026-01-13,大井,2,10,15,0.6429,11,差し
バリアシオン,2026-01-27,大井,1,1,14,0.0,4,差し
バリアシオン,2026-03-10,大井,2,4,13,0.25,10,差し
バリアシオン,2026-03-24,大井,2,6,14,0.3846,13,差し
バリアシオン,2026-04-15,大井,2,5,13,0.3333,12,差し
バリアシオン,2026-04-28,大井,2,5,13,0.3333,11,先行
バリアシオン,2026-05-19,大井,2,6,12,0.4545,6,先行
バリアシオン,2026-06-10,大井,2,6,14,0.3846,9,先行
バルトロ,2026-02-19,大井,5,2,14,0.0769,1,差し
バルトロ,2026-05-22,大井,4,3,16,0.1333,13,差し
バルトロ,2026-06-11,大井,4,3,14,0.1538,9,先行
バルトロ,2026-07-03,大井,4,1,8,0.0,3,先行
バレアレス,2026-01-14,大井,6,1,14,0.0,1,先行
バレアレス,2026-01-29,大井,6,1,9,0.0,1,逃げ
バレアレス,2026-03-13,大井,4,1,12,0.0,1,先行
バレアレス,2026-04-15,大井,7,2,12,0.0909,5,先行
バレル,2026-01-15,大井,10,7,12,0.5455,1,差し
バレル,2026-01-30,大井,9,6,11,0.5,4,差し
バレル,2026-02-18,大井,8,2,14,0.0769,2,差し
バレル,2026-03-25,大井,12,8,13,0.5833,8,差し
バレル,2026-04-13,大井,11,3,10,0.2222,5,差し
バレル,2026-05-01,大井,10,6,10,0.5556,10,差し
バレル,2026-05-21,大井,10,4,16,0.2,5,差し
バレル,2026-06-10,大井,7,2,11,0.1,8,差し
バレル,2026-07-02,大井,7,3,11,0.2,8,差し
バレル,2026-07-24,大井,12,3,9,0.25,7,差し
バンドールロゼ,2026-01-16,大井,9,6,12,0.4545,11,差し
バンドールロゼ,2026-01-30,大井,12,10,13,0.75,12,差し
バンドールロゼ,2026-02-18,大井,10,10,11,0.9,11,差し
バンドールロゼ,2026-03-13,大井,9,12,14,0.8462,13,差し
バンドールロゼ,2026-03-27,大井,8,7,11,0.6,11,差し
バンドールロゼ,2026-04-16,大井,8,8,12,0.6364,12,差し
バンドールロゼ,2026-04-30,大井,8,6,10,0.5556,9,追込
バンドールロゼ,2026-05-21,大井,6,7,12,0.5455,11,追込
バンビチャン,2026-01-26,大井,2,10,13,0.75,9,差し
バンビチャン,2026-02-16,大井,1,15,16,0.9333,12,差し
バンビチャン,2026-03-09,大井,1,9,14,0.6154,12,差し
バンビチャン,2026-03-23,大井,1,5,11,0.4,7,差し
バンボリーナ,2026-08-15,大井,9,8,14,0.5385,9,追込
バーストオブカラー,2026-01-16,大井,4,4,14,0.2308,9,先行
バーストオブカラー,2026-01-30,大井,5,6,13,0.4167,7,先行
バーストオブカラー,2026-02-20,大井,7,3,12,0.1818,11,差し
バースフラワー,2026-01-15,大井,10,9,12,0.7273,11,差し
バーナードハンサム,2026-04-17,大井,2,3,11,0.2,3,先行
バーナードハンサム,2026-08-15,大井,4,1,8,0.0,1,差し
バーバリオン,2026-02-20,大井,5,1,13,0.0,1,先行
バーバリオン,2026-05-19,大井,10,3,13,0.1667,9,先行
バーバリオン,2026-06-12,大井,3,1,12,0.0,1,先行
バーバリオン,2026-06-30,大井,11,3,16,0.1333,6,先行
バーミーズルビー,2026-01-15,大井,5,9,15,0.5714,10,差し
バーミーズルビー,2026-01-29,大井,7,8,14,0.5385,10,差し
バーミーズルビー,2026-02-19,大井,9,6,11,0.5,9,差し
バーミーズルビー,2026-03-13,大井,3,1,12,0.0,10,差し
バーミーズルビー,2026-03-25,大井,5,4,11,0.3,11,差し
バーミーズルビー,2026-04-16,大井,5,3,14,0.1538,7,差し
バーミーズルビー,2026-04-29,大井,5,4,11,0.3,7,差し
バーミーズルビー,2026-05-20,大井,10,4,12,0.2727,10,差し
バーミーズルビー,2026-06-11,大井,9,6,14,0.3846,9,差し
バーミーズルビー,2026-07-02,大井,8,5,13,0.3333,8,差し
バーミーズルビー,2026-07-20,大井,8,7,13,0.5,12,差し
パイナップルケーキ,2026-06-29,大井,6,5,14,0.3077,6,差し
パイナップルケーキ,2026-07-21,大井,1,5,11,0.4,10,差し
パイナップルケーキ,2026-08-12,大井,5,1,16,0.0,10,差し
パイナップルケーキ,2026-08-31,大井,6,5,14,0.3077,10,先行
パッションクライ,2026-02-17,大井,11,1,15,0.0,4,差し
パド,2026-03-24,大井,5,8,9,0.875,9,追込
パド,2026-04-14,大井,1,5,11,0.4,10,追込
パド,2026-04-28,大井,4,7,12,0.5455,11,追込
パノプリア,2026-01-14,大井,4,11,13,0.8333,12,差し
パノプリア,2026-01-29,大井,4,7,12,0.5455,8,差し
パノプリア,2026-02-20,大井,2,5,12,0.3636,8,追込
パノプリア,2026-03-11,大井,3,7,12,0.5455,4,差し
パノプリア,2026-03-26,大井,4,5,9,0.5,5,差し
パルマシェール,2026-02-16,大井,4,4,12,0.2727,3,
パルマシェール,2026-03-09,大井,6,2,14,0.0769,1,差し
パルマシェール,2026-03-26,大井,5,7,12,0.5455,8,差し
パルマシェール,2026-04-17,大井,2,1,11,0.0,1,差し
パルマシェール,2026-05-18,大井,9,3,7,0.3333,6,差し
パルマシェール,2026-06-12,大井,1,2,9,0.125,3,差し
パルミジャニーノ,2026-03-26,大井,7,7,9,0.75,2,差し
パルミジャニーノ,2026-04-15,大井,9,1,7,0.0,1,差し
パルミジャニーノ,2026-05-18,大井,11,6,11,0.5,9,差し
パルミジャニーノ,2026-06-30,大井,10,1,12,0.0,1,追込
パルミジャニーノ,2026-08-15,大井,5,1,5,0.0,1,差し
パレスゴールド,2026-01-16,大井,7,6,9,0.625,7,差し
パレスゴールド,2026-01-28,大井,10,5,13,0.3333,4,差し
パレスゴールド,2026-02-19,大井,11,5,15,0.2857,5,差し
パレスゴールド,2026-03-10,大井,12,5,16,0.2667,6,差し
パレスゴールド,2026-06-30,大井,9,6,9,0.625,5,差し
パレスゴールド,2026-07-20,大井,12,5,14,0.3077,11,差し
パレスゴールド,2026-08-15,大井,9,5,14,0.3077,10,差し
パレスゴールド,2026-09-02,大井,8,2,12,0.0909,5,差し
パレルモ,2026-01-15,大井,12,4,8,0.4286,1,差し
パレルモ,2026-05-20,大井,7,4,9,0.375,6,追込
パレルモ,2026-09-03,大井,10,7,11,0.6,8,追込
パレルモフレイバー,2026-08-31,大井,10,9,15,0.5714,10,差し
パロットフィッシュ,2026-05-18,大井,1,3,12,0.1818,6,
パロットフィッシュ,2026-06-08,大井,2,6,10,0.5556,5,差し
パロットフィッシュ,2026-06-29,大井,1,7,12,0.5455,8,差し
パロットフィッシュ,2026-07-20,大井,5,5,10,0.4444,4,差し
パロットフィッシュ,2026-08-12,大井,1,5,10,0.4444,7,差し
パロットフィッシュ,2026-08-31,大井,6,9,14,0.6154,9,差し
パワーキングダム,2026-01-14,大井,9,4,10,0.3333,7,差し
パワーキングダム,2026-04-28,大井,12,5,13,0.3333,3,差し
パワーキングダム,2026-05-19,大井,7,2,10,0.1111,8,差し
パワーキングダム,2026-06-10,大井,9,2,14,0.0769,10,差し
パワーキングダム,2026-06-30,大井,8,7,16,0.4,6,差し
パワーキングダム,2026-07-23,大井,7,3,12,0.1818,6,差し
パワーキングダム,2026-08-17,大井,8,4,13,0.25,7,差し
パワーディライト,2026-01-12,大井,1,11,13,0.8333,8,差し
パワーディライト,2026-01-26,大井,2,11,13,0.8333,8,差し
パンオショコラ,2026-01-28,大井,1,3,12,0.1818,9,差し
パンオショコラ,2026-02-17,大井,1,9,15,0.5714,5,差し
パンオショコラ,2026-03-10,大井,2,5,13,0.3333,6,差し
パンオショコラ,2026-03-24,大井,2,13,14,0.9231,10,差し
パンオショコラ,2026-04-15,大井,2,4,13,0.25,10,差し
パンオショコラ,2026-04-28,大井,1,4,11,0.3,8,差し
パンオショコラ,2026-05-19,大井,2,8,12,0.6364,8,差し
パンオショコラ,2026-06-10,大井,2,3,14,0.1538,4,差し
パンオショコラ,2026-07-02,大井,1,1,14,0.0,1,差し
パンオショコラ,2026-07-22,大井,1,2,14,0.0769,8,差し
パンオショコラ,2026-08-16,大井,1,3,14,0.1538,6,差し
パーティーベル,2026-04-29,大井,7,6,8,0.7143,7,差し
パーティーベル,2026-05-19,大井,11,8,10,0.7778,9,差し
パーティーベル,2026-06-09,大井,11,9,14,0.6154,14,差し
パープルフォッグ,2026-07-20,大井,4,1,10,0.0,1,
パープルフォッグ,2026-08-17,大井,4,1,8,0.0,1,逃げ
パープルライダー,2026-01-14,大井,2,10,15,0.6429,13,差し
パープルライダー,2026-01-29,大井,3,7,13,0.5,10,差し
パープルライダー,2026-02-18,大井,1,3,12,0.1818,3,差し
パープルライダー,2026-03-12,大井,2,3,13,0.1667,9,差し
パープルライダー,2026-03-26,大井,3,7,14,0.4615,9,差し
パープルライダー,2026-04-16,大井,3,5,11,0.4,10,差し
パールペンダント,2026-03-25,大井,8,8,13,0.5833,10,先行
パールペンダント,2026-04-14,大井,9,7,10,0.6667,8,先行
パールペンダント,2026-07-02,大井,12,7,14,0.4615,11,先行
パールペンダント,2026-07-23,大井,8,4,9,0.375,7,差し
パールペンダント,2026-08-17,大井,10,8,12,0.6364,10,差し
ヒガシナデシコ,2026-02-20,大井,5,5,13,0.3333,10,先行
ヒガシナデシコ,2026-03-12,大井,4,3,9,0.25,6,差し
ヒガシナデシコ,2026-08-14,大井,2,1,16,0.0,16,差し
ヒシタイカン,2026-01-13,大井,10,5,13,0.3333,11,先行
ヒシタイカン,2026-01-27,大井,12,5,13,0.3333,13,先行
ヒシタイカン,2026-02-18,大井,7,13,14,0.9231,12,差し
ヒシタイカン,2026-03-13,大井,8,1,10,0.0,9,差し
ヒシタイカン,2026-03-24,大井,12,2,13,0.0833,13,差し
ヒシタイカン,2026-04-17,大井,10,3,13,0.1667,13,先行
ヒシタイカン,2026-04-30,大井,12,8,14,0.5385,14,先行
ヒタムキ,2026-05-18,大井,7,6,13,0.4167,10,追込
ヒタムキ,2026-06-08,大井,9,5,12,0.3636,11,追込
ヒタムキ,2026-06-30,大井,5,2,11,0.1,7,追込
ヒタムキ,2026-07-23,大井,1,9,13,0.6667,13,差し
ヒタムキ,2026-08-13,大井,1,6,12,0.4545,11,差し
ヒビキ,2026-01-14,大井,11,9,11,0.8,10,差し
ヒミノフラッシュ,2026-04-13,大井,9,7,12,0.5455,9,追込
ヒミノフラッシュ,2026-04-30,大井,10,3,15,0.1429,11,追込
ヒミノフラッシュ,2026-05-22,大井,11,5,12,0.3636,8,追込
ヒミノフラッシュ,2026-06-09,大井,11,8,14,0.5385,13,追込
ヒミノフラッシュ,2026-06-29,大井,11,6,14,0.3846,10,追込
ヒャクメガショック,2026-01-14,大井,6,6,14,0.3846,11,差し
ヒャクメガショック,2026-01-27,大井,8,11,14,0.7692,11,差し
ヒャクメガショック,2026-02-18,大井,3,13,14,0.9231,13,差し
ヒュプシュ,2026-01-30,大井,2,2,9,0.125,3,先行
ヒュプシュ,2026-03-27,大井,1,5,9,0.5,6,差し
ヒュプシュ,2026-08-15,大井,6,2,13,0.0833,2,差し
ヒョンニム,2026-01-16,大井,9,8,12,0.6364,7,差し
ヒョンニム,2026-01-30,大井,9,7,11,0.6,9,差し
ヒョンニム,2026-02-18,大井,8,11,14,0.7692,11,差し
ヒョンニム,2026-03-13,大井,9,10,14,0.6923,11,差し
ヒョンニム,2026-03-27,大井,9,9,10,0.8889,10,差し
ヒョンニム,2026-04-16,大井,9,9,16,0.5333,14,差し
ヒョンニム,2026-04-30,大井,8,7,10,0.6667,10,差し
ヒルノデプラーツ,2026-01-12,大井,12,5,16,0.2667,5,差し
ヒルノデプラーツ,2026-02-17,大井,12,12,16,0.7333,16,差し
ヒルノデプラーツ,2026-08-31,大井,12,4,15,0.2143,5,差し
ヒロノキラメキ,2026-01-12,大井,8,7,13,0.5,13,差し
ヒロノキラメキ,2026-01-26,大井,6,8,12,0.6364,9,差し
ヒロノキラメキ,2026-02-16,大井,6,2,13,0.0833,11,差し
ヒロノキラメキ,2026-03-09,大井,10,10,13,0.75,8,差し
ヒロノキラメキ,2026-03-23,大井,6,8,12,0.6364,9,差し
ヒロノキラメキ,2026-04-13,大井,8,9,12,0.7273,9,差し
ヒロノキラメキ,2026-04-27,大井,8,5,14,0.3077,5,差し
ヒロノキラメキ,2026-05-18,大井,6,8,14,0.5385,8,差し
ヒロノキラメキ,2026-06-08,大井,8,5,12,0.3636,5,差し
ヒロノキラメキ,2026-06-30,大井,6,6,14,0.3846,8,差し
ヒロノキラメキ,2026-07-22,大井,2,11,16,0.6667,16,差し
ヒロノキラメキ,2026-08-16,大井,1,8,14,0.5385,13,差し
ヒンナ,2026-01-16,大井,5,1,12,0.0,8,逃げ
ヒンナ,2026-02-20,大井,7,1,12,0.0,4,逃げ
ヒンナ,2026-03-11,大井,8,1,10,0.0,8,逃げ
ヒンナ,2026-03-25,大井,8,1,13,0.0,4,逃げ
ヒンナ,2026-04-14,大井,8,1,10,0.0,3,逃げ
ヒンナ,2026-04-29,大井,6,3,13,0.1667,9,逃げ
ヒンナ,2026-05-19,大井,6,1,14,0.0,4,逃げ
ヒーローコール,2026-02-17,大井,11,3,15,0.1429,2,差し
ヒーローコール,2026-04-16,大井,11,3,16,0.1333,4,差し
ヒーローコール,2026-07-22,大井,11,8,15,0.5,13,先行
ビクトリアリリー,2026-01-29,大井,11,9,11,0.8,10,差し
ビシャモンテン,2026-01-15,大井,12,3,8,0.2857,3,差し
ビシャモンテン,2026-01-26,大井,11,8,9,0.875,7,差し
ビシャモンテン,2026-02-19,大井,7,7,9,0.75,5,差し
ビシャモンテン,2026-03-27,大井,11,9,12,0.7273,8,追込
ビシャモンテン,2026-04-13,大井,9,5,12,0.3636,6,追込
ビシャモンテン,2026-05-22,大井,11,3,12,0.1818,4,追込
ビシャモンテン,2026-07-03,大井,11,7,10,0.6667,5,追込
ビシャモンテン,2026-07-24,大井,7,2,9,0.125,4,追込
ビシャモンテン,2026-08-17,大井,9,4,9,0.375,6,差し
ビックバンブー,2026-01-12,大井,9,4,15,0.2143,1,差し
ビックバンブー,2026-01-28,大井,7,5,13,0.3333,2,差し
ビックバンブー,2026-02-19,大井,10,8,14,0.5385,1,差し
ビックバンブー,2026-03-13,大井,6,5,14,0.3077,3,差し
ビックバンブー,2026-03-27,大井,5,5,14,0.3077,1,差し
ビッグショット,2026-01-16,大井,8,6,12,0.4545,8,差し
ビッグショット,2026-01-30,大井,8,12,13,0.9167,8,差し
ビッグショット,2026-02-16,大井,12,4,13,0.25,9,差し
ビッグショット,2026-03-13,大井,8,7,10,0.6667,7,差し
ビッグショット,2026-03-27,大井,10,3,10,0.2222,8,差し
ビッグロイヤル,2026-01-28,大井,9,2,9,0.125,1,差し
ビッグロイヤル,2026-02-18,大井,10,2,11,0.1,1,差し
ビッグロイヤル,2026-03-23,大井,11,3,13,0.1667,1,差し
ビッティンキバラ,2026-01-16,大井,9,4,12,0.2727,4,差し
ビッティンキバラ,2026-01-30,大井,12,8,13,0.5833,4,差し
ビッティンキバラ,2026-04-27,大井,11,7,16,0.4,14,差し
ビッティンキバラ,2026-05-21,大井,10,9,16,0.5333,12,追込
ビッティンキバラ,2026-06-10,大井,7,4,11,0.3,10,追込
ビッティンキバラ,2026-07-02,大井,7,2,11,0.1,7,追込
ビッティンキバラ,2026-07-24,大井,12,6,9,0.625,8,追込
ビッティンキバラ,2026-08-16,大井,7,6,11,0.5,8,追込
ビップクララ,2026-01-27,大井,10,10,15,0.6429,4,差し
ビップクララ,2026-02-18,大井,6,13,16,0.8,10,差し
ビップクララ,2026-03-13,大井,3,3,12,0.1818,1,差し
ビップクララ,2026-04-17,大井,8,2,14,0.0769,4,差し
ビップクララ,2026-04-28,大井,9,2,10,0.1111,6,差し
ビップクララ,2026-09-02,大井,10,9,13,0.6667,4,差し
ビップライアン,2026-01-14,大井,7,3,12,0.1818,3,差し
ビップライアン,2026-01-28,大井,7,4,13,0.25,3,差し
ビップライアン,2026-02-18,大井,6,10,16,0.6,4,差し
ビップライアン,2026-04-29,大井,5,8,11,0.7,4,差し
ビップレーヌ,2026-02-19,大井,12,5,13,0.3333,4,先行
ビップレーヌ,2026-03-13,大井,12,7,9,0.75,7,差し
ビップレーヌ,2026-03-27,大井,12,8,15,0.5,9,差し
ビハインドヘッド,2026-04-14,大井,1,7,11,0.6,9,追込
ビハインドヘッド,2026-04-27,大井,4,5,11,0.4,4,追込
ビハインドヘッド,2026-05-20,大井,4,6,14,0.3846,3,追込
ビハインドヘッド,2026-06-10,大井,3,6,11,0.5,6,差し
ビハインドヘッド,2026-07-01,大井,2,7,13,0.5,9,追込
ビハインドヘッド,2026-07-21,大井,1,4,11,0.3,3,差し
ビハインドヘッド,2026-08-13,大井,3,4,13,0.25,6,差し
ビューティフルベル,2026-01-14,大井,1,10,13,0.75,7,追込
ビューティフルベル,2026-01-30,大井,1,6,12,0.4545,2,追込
ビューティフルベル,2026-02-18,大井,1,6,12,0.4545,1,追込
ビューティフルベル,2026-03-12,大井,2,11,13,0.8333,2,差し
ビューティフルベル,2026-04-13,大井,10,6,13,0.4167,1,差し
ビヨンド,2026-08-12,大井,3,1,7,0.0,5,
ビヨンドザファザー,2026-02-17,大井,11,9,15,0.5714,8,追込
ビリーヴアンドラン,2026-01-30,大井,5,3,13,0.1667,4,差し
ビリーヴアンドラン,2026-02-20,大井,7,4,12,0.2727,3,差し
ビリーヴアンドラン,2026-05-01,大井,6,2,12,0.0909,7,先行
ビリーヴアンドラン,2026-05-22,大井,6,2,12,0.0909,1,差し
ビリーヴアンドラン,2026-07-02,大井,12,2,14,0.0769,12,差し
ビリーヴアンドラン,2026-07-23,大井,7,3,12,0.1818,3,差し
ビリーヴアンドラン,2026-08-12,大井,6,3,12,0.1818,6,差し
ビーチユーミング,2026-01-14,大井,6,11,14,0.7692,4,差し
ビーチユーミング,2026-01-30,大井,10,12,16,0.7333,9,追込
ビーチユーミング,2026-02-18,大井,5,6,12,0.4545,4,追込
ビーチユーミング,2026-03-24,大井,7,6,11,0.5,6,追込
ビーチユーミング,2026-04-14,大井,4,8,12,0.6364,8,追込
ビーチユーミング,2026-04-29,大井,3,7,13,0.5,4,追込
ビーチユーミング,2026-05-20,大井,6,8,12,0.6364,7,追込
ビーチユーミング,2026-07-02,大井,6,7,12,0.5455,9,追込
ビーチユーミング,2026-07-20,大井,7,4,10,0.3333,5,追込
ビーチユーミング,2026-08-14,大井,3,5,13,0.3333,5,追込
ビーチユーミング,2026-08-31,大井,7,5,13,0.3333,1,追込
ビートエモーション,2026-04-14,大井,11,4,11,0.3,11,差し
ビートリニティ,2026-03-23,大井,6,6,12,0.4545,3,差し
ビートリニティ,2026-04-13,大井,8,8,12,0.6364,8,差し
ビートリニティ,2026-04-27,大井,8,3,14,0.1538,2,差し
ビートリニティ,2026-07-01,大井,4,1,14,0.0,1,差し
ビートリニティ,2026-07-20,大井,7,3,10,0.2222,9,先行
ビートリニティ,2026-08-14,大井,3,3,13,0.1667,1,差し
ビーンスモークモカ,2026-06-12,大井,6,7,12,0.5455,3,差し
ビーンスモークモカ,2026-07-03,大井,9,5,12,0.3636,7,差し
ビーンスモークモカ,2026-07-21,大井,10,1,14,0.0,5,差し
ビーンスモークモカ,2026-08-31,大井,9,1,11,0.0,8,差し
ピエナイオス,2026-01-12,大井,3,3,15,0.1429,3,差し
ピエナイオス,2026-01-27,大井,1,5,14,0.3077,2,差し
ピエナイオス,2026-03-11,大井,2,4,12,0.2727,6,差し
ピエナイオス,2026-03-24,大井,2,3,14,0.1538,6,差し
ピエールエンジェル,2026-03-23,大井,5,8,14,0.5385,9,
ピエールオレゴン,2026-04-28,大井,12,1,13,0.0,2,逃げ
ピエールオレゴン,2026-06-10,大井,9,1,14,0.0,1,逃げ
ピエールオレゴン,2026-07-22,大井,12,2,11,0.1,2,逃げ
ピオニー,2026-04-14,大井,3,1,11,0.0,1,差し
ピオニー,2026-04-30,大井,4,3,11,0.2,1,差し
ピカピカピロコ,2026-02-20,大井,2,8,12,0.6364,6,差し
ピコピンク,2026-01-13,大井,8,9,12,0.7273,7,先行
ピコピンク,2026-04-28,大井,7,1,14,0.0,1,先行
ピコピンク,2026-05-21,大井,9,1,13,0.0,1,先行
ピジョンフェリス,2026-01-12,大井,7,10,13,0.75,7,差し
ピジョンフェリス,2026-01-26,大井,5,9,13,0.6667,7,差し
ピジョンフェリス,2026-02-16,大井,3,7,11,0.6,9,差し
ピックアンドロール,2026-01-16,大井,2,15,16,0.9333,12,差し
ピックアンドロール,2026-01-29,大井,1,6,12,0.4545,3,差し
ピックアンドロール,2026-02-16,大井,7,9,14,0.6154,8,差し
ピックアンドロール,2026-03-09,大井,10,6,13,0.4167,6,差し
ピックアンドロール,2026-03-23,大井,9,12,13,0.9167,7,差し
ピックアンドロール,2026-04-13,大井,10,7,13,0.5,5,差し
ピックアンドロール,2026-04-27,大井,8,9,14,0.6154,8,差し
ピノマハナ,2026-05-22,大井,11,8,12,0.6364,11,差し
ピュアリヤン,2026-03-09,大井,1,4,14,0.2308,8,先行
ピュアリヤン,2026-03-23,大井,1,4,11,0.3,3,先行
ピュアリヤン,2026-07-01,大井,1,2,12,0.0909,10,先行
ピュアリヤン,2026-07-20,大井,2,6,15,0.3571,15,先行
ピューナー,2026-03-26,大井,5,4,12,0.2727,10,先行
ピューナー,2026-04-17,大井,3,2,14,0.0769,10,先行
ピューナー,2026-05-22,大井,2,5,15,0.2857,8,先行
ピューナー,2026-06-11,大井,4,1,14,0.0,3,先行
ピューナー,2026-07-02,大井,4,2,13,0.0833,9,先行
ピューナー,2026-07-23,大井,4,6,9,0.625,9,先行
ピルゴスアイトス,2026-01-30,大井,4,4,9,0.375,6,差し
ピルゴスアイトス,2026-02-20,大井,4,7,10,0.6667,7,差し
ピルゴスアイトス,2026-03-27,大井,7,7,8,0.8571,6,差し
ピルゴスアイトス,2026-04-17,大井,5,6,9,0.625,3,差し
ピルゴスアイトス,2026-05-01,大井,9,4,7,0.5,7,追込
ピルゴスアイトス,2026-05-22,大井,10,6,8,0.7143,6,追込
ピルゴスアイトス,2026-06-12,大井,2,7,11,0.6,7,追込
ピルゴスアイトス,2026-07-03,大井,4,4,8,0.4286,5,追込
ピルゴスアイトス,2026-08-15,大井,6,5,13,0.3333,3,追込
ピンクドラゴン,2026-01-13,大井,4,1,16,0.0,8,先行
ピンクドラゴン,2026-01-27,大井,4,10,13,0.75,11,先行
ピンナダ,2026-01-13,大井,10,10,13,0.75,8,差し
ピンナダ,2026-01-27,大井,12,8,13,0.5833,4,追込
ピンナダ,2026-02-16,大井,12,9,13,0.6667,6,差し
ピンナダ,2026-07-23,大井,6,6,14,0.3846,7,差し
ピンネシリ,2026-01-28,大井,8,8,14,0.5385,12,差し
ピンネシリ,2026-02-16,大井,9,5,10,0.4444,7,差し
ピンネシリ,2026-05-18,大井,8,7,13,0.5,9,差し
ピンネシリ,2026-06-09,大井,7,3,14,0.1538,5,差し
ピンネシリ,2026-06-29,大井,8,5,14,0.3077,5,差し
ピンネシリ,2026-07-21,大井,10,3,14,0.1538,10,差し
ピーエムドレミ,2026-01-14,大井,2,13,15,0.8571,4,先行
ピーエムドレミ,2026-01-29,大井,1,4,12,0.2727,2,差し
ピーエムドレミ,2026-02-19,大井,1,6,16,0.3333,3,差し
ピーエムドレミ,2026-03-09,大井,10,2,13,0.0833,3,差し
ピーエムドレミ,2026-03-23,大井,6,5,12,0.3636,6,差し
ピーエムドレミ,2026-05-18,大井,6,1,14,0.0,2,差し
ピーエムドレミ,2026-06-09,大井,6,1,12,0.0,2,差し
ピーエムドレミ,2026-07-01,大井,5,4,14,0.2308,6,先行
ピーキーグレイス,2026-02-16,大井,3,3,11,0.2,1,
ピーキーグレイス,2026-03-26,大井,5,1,12,0.0,4,差し
ピーキーグレイス,2026-07-23,大井,5,5,16,0.2667,13,先行
ピーキーグレイス,2026-08-13,大井,3,2,13,0.0833,13,先行
ピーキーグレイス,2026-09-02,大井,2,3,16,0.1333,15,先行
ピースフィールド,2026-01-14,大井,6,10,14,0.6923,8,追込
ピースフィールド,2026-01-27,大井,8,12,14,0.8462,5,追込
ピースフィールド,2026-02-18,大井,4,11,14,0.7692,8,追込
ピースフィールド,2026-03-11,大井,5,6,13,0.4167,6,差し
ピースフィールド,2026-03-24,大井,8,9,12,0.7273,5,差し
ピースフィールド,2026-04-14,大井,5,5,14,0.3077,6,差し
ピースフィールド,2026-04-28,大井,6,1,10,0.0,1,差し
ピーターセン,2026-04-28,大井,3,1,14,0.0,1,追込
ピーターセン,2026-05-18,大井,9,4,7,0.5,2,差し
ピーターセン,2026-06-12,大井,10,9,14,0.6154,9,差し
ピーターセン,2026-07-20,大井,9,3,8,0.2857,5,追込
ピーターセン,2026-08-31,大井,9,4,11,0.3,10,追込
ピーチサワー,2026-01-27,大井,5,10,12,0.8182,12,差し
ピーチサワー,2026-02-19,大井,6,11,14,0.7692,14,差し
ピーチサワー,2026-03-10,大井,5,5,14,0.3077,12,差し
ピーチサワー,2026-03-24,大井,5,4,9,0.375,5,差し
ファイストス,2026-04-13,大井,1,2,13,0.0833,7,先行
ファイストス,2026-04-27,大井,1,5,14,0.3077,11,先行
ファイストス,2026-05-19,大井,1,1,13,0.0,2,先行
ファイストス,2026-06-08,大井,1,3,11,0.2,1,先行
ファインスカート,2026-01-14,大井,2,7,15,0.4286,9,差し
ファインスカート,2026-01-28,大井,1,6,12,0.4545,5,差し
ファインスカート,2026-02-18,大井,1,4,12,0.2727,6,差し
ファインスカート,2026-04-16,大井,3,4,11,0.3,7,差し
ファインスカート,2026-04-28,大井,2,4,13,0.25,5,差し
ファインスカート,2026-05-20,大井,3,4,14,0.2308,7,差し
ファインスカート,2026-06-11,大井,2,4,13,0.25,9,差し
ファインスカート,2026-07-03,大井,2,6,14,0.3846,13,差し
ファインスカート,2026-07-22,大井,2,5,16,0.2667,6,差し
ファインスカート,2026-08-16,大井,2,5,13,0.3333,9,差し
ファインデイ,2026-02-19,大井,3,10,14,0.6923,7,差し
ファインデイ,2026-03-12,大井,1,6,12,0.4545,6,差し
ファインデイ,2026-03-25,大井,1,2,10,0.1111,6,差し
ファインデイ,2026-04-17,大井,1,6,13,0.4167,3,差し
ファインデイ,2026-04-27,大井,7,5,11,0.4,5,差し
ファインデイ,2026-06-08,大井,8,4,12,0.2727,4,追込
ファインデイ,2026-06-30,大井,5,5,11,0.4,6,追込
ファインデイ,2026-07-23,大井,1,8,13,0.5833,11,差し
ファインデイ,2026-08-17,大井,1,3,11,0.2,4,追込
ファインブレード,2026-01-14,大井,4,2,13,0.0833,13,差し
ファインブレード,2026-01-28,大井,3,2,14,0.0769,2,先行
ファインブレード,2026-02-20,大井,1,1,14,0.0,14,先行
ファインブレード,2026-03-12,大井,4,4,9,0.375,4,先行
ファインブレード,2026-03-26,大井,5,2,12,0.0909,6,先行
ファインブレード,2026-04-17,大井,3,9,14,0.6154,1,先行
ファインブレード,2026-05-01,大井,9,5,7,0.6667,3,先行
ファインブレード,2026-05-19,大井,10,5,13,0.3333,6,差し
ファインブレード,2026-06-12,大井,3,5,12,0.3636,4,差し
ファサード,2026-01-15,大井,5,5,15,0.2857,6,差し
ファサード,2026-01-29,大井,7,4,14,0.2308,3,差し
ファサード,2026-02-19,大井,10,3,14,0.1538,4,差し
ファサード,2026-03-13,大井,6,7,14,0.4615,9,差し
ファサード,2026-03-25,大井,6,6,14,0.3846,2,差し
ファサード,2026-04-17,大井,9,2,14,0.0769,13,差し
ファジーエンジェル,2026-01-12,大井,7,8,13,0.5833,5,差し
ファジーエンジェル,2026-01-26,大井,5,7,13,0.5,6,差し
ファジーエンジェル,2026-02-16,大井,5,7,13,0.5,3,差し
ファジーエンジェル,2026-03-09,大井,7,9,10,0.8889,5,差し
ファジーエンジェル,2026-03-24,大井,6,8,14,0.5385,8,差し
ファジーエンジェル,2026-04-14,大井,3,6,11,0.5,7,差し
ファジーエンジェル,2026-04-28,大井,5,9,14,0.6154,8,差し
ファジーエンジェル,2026-05-20,大井,5,4,11,0.3,3,差し
ファジーエンジェル,2026-06-10,大井,5,9,13,0.6667,9,差し
ファジーエンジェル,2026-07-01,大井,3,7,11,0.6,5,差し
ファジーエンジェル,2026-07-22,大井,4,8,14,0.5385,7,差し
ファジーエンジェル,2026-08-13,大井,4,12,14,0.8462,8,差し
ファビエンヌ,2026-01-15,大井,5,1,15,0.0,7,先行
ファビエンヌ,2026-01-28,大井,7,1,13,0.0,12,先行
ファビエンヌ,2026-02-18,大井,6,6,16,0.3333,14,逃げ
ファビエンヌ,2026-03-11,大井,6,3,12,0.1818,11,逃げ
ファビエンヌ,2026-08-31,大井,10,1,15,0.0,7,逃げ
ファルコンブラック,2026-01-13,大井,1,12,13,0.9167,12,差し
ファルコンブラック,2026-01-28,大井,2,13,14,0.9231,14,差し
ファルコンブラック,2026-02-17,大井,1,6,15,0.3571,14,追込
ファルコンブラック,2026-03-10,大井,2,7,13,0.5,11,追込
ファルコンブラック,2026-05-19,大井,2,4,12,0.2727,12,追込
ファルコンブラック,2026-06-10,大井,1,9,14,0.6154,14,差し
ファルコンブラック,2026-07-02,大井,1,9,14,0.6154,13,差し
ファルコンブラック,2026-07-24,大井,1,8,15,0.5,13,差し
ファルコンブラック,2026-08-15,大井,1,3,12,0.1818,9,差し
ファルコンブラック,2026-08-31,大井,1,3,13,0.1667,7,差し
ファンキーヤンキー,2026-01-12,大井,6,4,14,0.2308,3,差し
ファンキーヤンキー,2026-01-27,大井,3,9,11,0.8,6,差し
ファンキーヤンキー,2026-02-17,大井,3,6,13,0.4167,7,差し
ファンキーヤンキー,2026-03-09,大井,6,4,14,0.2308,4,差し
ファンキーヤンキー,2026-03-24,大井,5,7,9,0.75,7,差し
ファンキーヤンキー,2026-04-14,大井,2,2,12,0.0909,4,差し
ファンキーヤンキー,2026-04-28,大井,4,6,12,0.4545,5,差し
ファンキーヤンキー,2026-05-21,大井,2,6,14,0.3846,11,差し
ファンキーヤンキー,2026-06-10,大井,4,7,14,0.4615,6,差し
ファンキーヤンキー,2026-07-01,大井,2,8,13,0.5833,11,追込
ファンキーヤンキー,2026-07-22,大井,3,5,14,0.3077,12,追込
ファンキーヤンキー,2026-08-13,大井,4,8,14,0.5385,12,追込
ファーガス,2026-01-26,大井,12,8,15,0.5,14,差し
ファーガス,2026-02-19,大井,7,1,9,0.0,4,差し
ファーガス,2026-03-12,大井,9,2,7,0.1667,2,差し
ファーガス,2026-04-13,大井,9,6,12,0.4545,7,先行
ファーガス,2026-04-30,大井,10,5,15,0.2857,6,先行
ファーガス,2026-05-22,大井,11,5,12,0.3636,6,差し
ファーガス,2026-06-29,大井,11,3,14,0.1538,11,差し
ファーガス,2026-07-24,大井,7,1,9,0.0,5,差し
ファーストフォルテ,2026-01-14,大井,8,11,13,0.8333,3,差し
ファーストフォルテ,2026-01-27,大井,12,11,13,0.8333,7,追込
ファーストフォルテ,2026-06-29,大井,8,10,14,0.6923,12,追込
ファーストフォルテ,2026-07-23,大井,6,7,14,0.4615,11,追込
ファーストフォルテ,2026-08-17,大井,6,5,12,0.3636,6,追込
ファーストフラワー,2026-01-14,大井,6,12,14,0.8462,6,追込
ファーストフラワー,2026-01-28,大井,5,6,8,0.7143,4,追込
ファーストフラワー,2026-02-18,大井,5,9,12,0.7273,6,追込
ファーストフラワー,2026-03-12,大井,10,9,16,0.5333,7,追込
ファーストフラワー,2026-04-16,大井,4,6,11,0.5,10,追込
ファーストフラワー,2026-04-29,大井,3,5,13,0.3333,11,差し
ファーストメイト,2026-01-14,大井,8,10,13,0.75,7,差し
ファーストメイト,2026-01-28,大井,8,9,14,0.6154,5,追込
ファーストメイト,2026-02-17,大井,8,8,10,0.7778,4,追込
ファーストメイト,2026-03-11,大井,8,10,10,1.0,5,追込
ファーストメイト,2026-03-24,大井,12,5,13,0.3333,2,追込
ファーストメイト,2026-04-17,大井,10,7,13,0.5,4,追込
ファーストメイト,2026-04-29,大井,10,7,15,0.4286,6,追込
ファーストメイト,2026-05-20,大井,9,5,15,0.2857,3,追込
ファーストメイト,2026-06-08,大井,6,5,9,0.5,6,追込
ファーストメイト,2026-07-01,大井,9,2,14,0.0769,1,追込
ファーストメイト,2026-07-21,大井,12,5,16,0.2667,11,追込
ファーストメイト,2026-08-16,大井,5,6,9,0.625,3,差し
ファーストメイト,2026-08-31,大井,12,4,15,0.2143,1,差し
ファーマアップ,2026-03-09,大井,4,6,8,0.7143,5,
ファーマアップ,2026-03-23,大井,5,12,14,0.8462,11,追込
ファーマアップ,2026-04-13,大井,6,7,10,0.6667,6,追込
ファーマアップ,2026-04-27,大井,3,6,11,0.5,3,差し
ファーマアップ,2026-05-21,大井,4,9,13,0.6667,13,差し
ファーマアップ,2026-06-09,大井,2,6,13,0.4167,7,差し
ファーマアップ,2026-06-29,大井,6,6,14,0.3846,13,差し
ファーマアップ,2026-07-21,大井,2,8,14,0.5385,12,差し
ファーマドール,2026-01-29,大井,11,1,11,0.0,6,逃げ
ファーンヒル,2026-04-15,大井,11,2,14,0.0769,7,先行
ファーンヒル,2026-09-02,大井,11,2,16,0.0667,4,先行
フィライングレース,2026-01-12,大井,9,5,15,0.2857,6,先行
フィライングレース,2026-01-26,大井,9,2,11,0.1,8,差し
フィライングレース,2026-04-13,大井,12,2,14,0.0769,9,先行
フィライングレース,2026-04-27,大井,9,2,13,0.0833,4,先行
フィライングレース,2026-05-18,大井,7,4,13,0.25,3,先行
フィライングレース,2026-06-08,大井,9,1,12,0.0,10,先行
フィリピーヌ,2026-01-13,大井,1,1,13,0.0,5,差し
フィリピーヌ,2026-01-28,大井,2,1,14,0.0,3,差し
フィリピーヌ,2026-02-18,大井,2,1,13,0.0,2,差し
フィリピーヌ,2026-03-11,大井,1,3,14,0.1538,2,先行
フィリピーヌ,2026-03-26,大井,2,4,13,0.25,9,先行
フィリピーヌ,2026-07-22,大井,1,1,14,0.0,2,先行
フィリピーヌ,2026-08-16,大井,1,1,14,0.0,1,先行
フィンガー,2026-03-25,大井,11,2,7,0.1667,2,先行
フィンガー,2026-04-29,大井,11,1,13,0.0,1,先行
フィンガー,2026-06-10,大井,11,1,16,0.0,1,先行
フィールドアピール,2026-01-14,大井,5,2,11,0.1,2,先行
フィールドアピール,2026-01-30,大井,3,1,8,0.0,4,先行
フィールドアピール,2026-08-14,大井,2,1,16,0.0,2,先行
フェアクラウド,2026-01-13,大井,7,3,13,0.1667,1,差し
フェアクラウド,2026-06-11,大井,6,3,9,0.25,5,差し
フェアクラウド,2026-07-03,大井,9,5,12,0.3636,4,差し
フェアクラウド,2026-07-21,大井,6,5,13,0.3333,3,差し
フェアクラウド,2026-09-02,大井,6,4,14,0.2308,6,差し
フェアゴー,2026-01-15,大井,9,3,12,0.1818,1,差し
フェアゴー,2026-03-24,大井,12,2,13,0.0833,1,差し
フェアゴー,2026-05-21,大井,12,1,14,0.0,1,差し
フェアゴー,2026-07-02,大井,10,2,12,0.0909,2,差し
フェアリーマイア,2026-01-12,大井,3,7,15,0.4286,2,追込
フェアリーマイア,2026-01-26,大井,1,4,11,0.3,2,差し
フェアリーマイア,2026-02-16,大井,1,6,16,0.3333,4,差し
フェアリーマイア,2026-03-09,大井,3,11,15,0.7143,3,差し
フェアリーマイア,2026-03-23,大井,3,11,13,0.8333,5,差し
フェアリーマイア,2026-04-17,大井,1,5,13,0.3333,4,差し
フェアリーマイア,2026-04-28,大井,2,9,13,0.6667,7,差し
フェアリーマイア,2026-05-19,大井,2,7,12,0.5455,3,差し
フェアリーマイア,2026-06-10,大井,2,6,14,0.3846,8,差し
フェアリーマイア,2026-07-02,大井,2,7,11,0.6,1,差し
フェアリーマイア,2026-07-22,大井,2,10,16,0.6,9,差し
フェアリーマイア,2026-08-16,大井,2,8,13,0.5833,3,差し
フェスティヴ,2026-08-31,大井,4,6,6,1.0,5,
フェスティヴバディ,2026-07-21,大井,4,4,8,0.4286,8,
フェスティヴバディ,2026-08-16,大井,4,5,7,0.6667,5,差し
フェスティヴバディ,2026-09-02,大井,4,6,11,0.5,6,差し
フェスティヴルディ,2026-01-30,大井,11,4,12,0.2727,7,差し
フェスティヴルディ,2026-02-19,大井,11,4,15,0.2143,6,差し
フェスティヴルディ,2026-03-10,大井,12,5,16,0.2667,8,差し
フェスティヴルディ,2026-05-19,大井,12,4,16,0.2,12,差し
フェスティヴルディ,2026-06-10,大井,10,10,14,0.6923,9,差し
フェスティヴルディ,2026-06-30,大井,9,4,9,0.375,3,差し
フェスティヴルディ,2026-07-20,大井,12,7,14,0.4615,9,差し
フェルディナンド,2026-01-28,大井,12,7,12,0.5455,3,追込
フェルディナンド,2026-03-09,大井,8,5,7,0.6667,3,差し
フェルディナンド,2026-06-08,大井,10,5,9,0.5,7,差し
フェルディナンド,2026-07-01,大井,10,5,13,0.3333,6,差し
フェルメール,2026-02-17,大井,8,5,10,0.4444,5,差し
フェルメール,2026-03-26,大井,8,5,7,0.6667,7,差し
フェルメール,2026-07-01,大井,9,2,14,0.0769,8,差し
フェルメール,2026-07-23,大井,6,1,14,0.0,2,差し
フェルメール,2026-08-12,大井,6,1,12,0.0,1,差し
フェレザ,2026-06-09,大井,9,7,14,0.4615,6,逃げ
フェレザ,2026-07-01,大井,7,8,12,0.6364,12,逃げ
フェレザ,2026-07-23,大井,9,2,9,0.125,2,先行
フェレザ,2026-08-15,大井,8,1,11,0.0,5,先行
フェレザ,2026-09-02,大井,8,4,12,0.2727,10,逃げ
フォルセ,2026-01-13,大井,3,9,10,0.8889,10,追込
フォーカス,2026-01-12,大井,4,6,6,1.0,6,
フォーカス,2026-01-26,大井,4,9,13,0.6667,5,追込
フォーカス,2026-02-16,大井,4,5,12,0.3636,6,追込
フォーカス,2026-03-09,大井,4,2,8,0.1429,3,追込
フォーカス,2026-03-24,大井,3,11,14,0.7692,8,追込
フォーカス,2026-04-14,大井,1,2,11,0.1,4,追込
フォーカス,2026-04-28,大井,3,8,14,0.5385,14,差し
フォーカス,2026-05-21,大井,2,9,14,0.6154,13,差し
フォーカス,2026-06-29,大井,5,6,12,0.4545,7,追込
フォーカス,2026-07-21,大井,2,10,14,0.6923,8,追込
フォーカス,2026-08-12,大井,4,7,14,0.4615,8,追込
フォースチルドレン,2026-01-16,大井,10,2,11,0.1,11,差し
フォースチルドレン,2026-01-30,大井,12,9,13,0.6667,6,差し
フォースマジュール,2026-05-18,大井,3,2,7,0.1667,1,
フォースマジュール,2026-08-17,大井,4,4,8,0.4286,3,差し
フォースメン,2026-06-10,大井,11,8,16,0.4667,10,差し
フォーチュネイト,2026-01-13,大井,10,2,13,0.0833,7,先行
フォーティースター,2026-06-29,大井,9,2,9,0.125,3,差し
フォーティースター,2026-07-23,大井,8,2,9,0.125,2,差し
フォーティースター,2026-08-17,大井,10,3,12,0.1818,4,差し
フオメンタ,2026-03-10,大井,9,7,14,0.4615,7,差し
フオメンタ,2026-03-24,大井,9,9,12,0.7273,8,差し
フオメンタ,2026-04-14,大井,6,1,10,0.0,9,差し
フカガワブギョー,2026-08-14,大井,1,2,10,0.1111,3,差し
フジパールマン,2026-04-14,大井,2,6,12,0.4545,9,差し
フジパールマン,2026-04-28,大井,3,5,14,0.3077,4,差し
フジパールマン,2026-05-21,大井,3,8,16,0.4667,6,差し
フジパールマン,2026-06-09,大井,1,4,9,0.375,1,差し
フジパールマン,2026-07-03,大井,3,9,12,0.7273,5,差し
フジパールマン,2026-07-24,大井,4,6,11,0.5,6,差し
フジパールマン,2026-08-15,大井,4,4,8,0.4286,4,差し
フジパールマン,2026-09-02,大井,9,5,13,0.3333,7,追込
フジマサテイオー,2026-04-13,大井,9,3,12,0.1818,10,先行
フジマサテイオー,2026-05-22,大井,11,1,12,0.0,1,先行
フジマサテイオー,2026-06-29,大井,11,2,14,0.0769,12,先行
フジマサテイオー,2026-08-16,大井,9,4,9,0.375,6,先行
フジユージーン,2026-03-10,大井,11,9,16,0.5333,11,差し
フジユージーン,2026-04-28,大井,11,5,16,0.2667,5,差し
フジユージーン,2026-07-02,大井,11,4,10,0.3333,6,差し
フジユージーン,2026-07-22,大井,11,5,15,0.2857,6,差し
フタバサクセス,2026-01-14,大井,10,6,15,0.3571,4,差し
フタバサクセス,2026-01-30,大井,10,3,16,0.1333,3,差し
フタバサクセス,2026-03-24,大井,10,12,14,0.8462,7,差し
フタバサクセス,2026-04-15,大井,6,4,10,0.3333,5,差し
フタバサクセス,2026-04-27,大井,10,3,15,0.1429,5,差し
フタバサクセス,2026-05-22,大井,9,1,10,0.0,2,差し
フタバサクセス,2026-06-09,大井,7,7,14,0.4615,10,差し
フタバサクセス,2026-06-29,大井,8,7,14,0.4615,6,差し
フタバサクセス,2026-07-21,大井,10,5,14,0.3077,2,差し
フライトナース,2026-01-15,大井,3,6,8,0.7143,8,追込
フライトナース,2026-01-29,大井,5,7,7,1.0,7,追込
フライトナース,2026-02-20,大井,2,12,12,1.0,12,差し
フライトナース,2026-07-22,大井,4,10,14,0.6923,14,追込
フライトナース,2026-08-13,大井,5,10,14,0.6923,12,差し
フライトナース,2026-09-02,大井,2,10,16,0.6,7,差し
フラグランツァ,2026-04-16,大井,4,4,11,0.3,2,差し
フラグランツァ,2026-04-30,大井,5,3,10,0.2222,1,差し
フラグランツァ,2026-05-22,大井,5,6,10,0.5556,2,差し
フラグランツァ,2026-06-09,大井,7,5,14,0.3077,4,差し
フラグランツァ,2026-07-23,大井,6,2,14,0.0769,10,差し
フラメンタ,2026-01-16,大井,3,6,11,0.5,10,先行
フラメンタ,2026-01-27,大井,7,8,12,0.6364,11,先行
フラワーガールエス,2026-01-14,大井,3,2,11,0.1,9,先行
フラワーガールエス,2026-01-30,大井,3,5,8,0.5714,8,先行
フラワーキングエス,2026-02-20,大井,3,12,14,0.8462,13,差し
フラワーキングエス,2026-03-13,大井,2,8,9,0.875,9,差し
フラワーキングエス,2026-04-17,大井,3,9,14,0.6154,12,追込
フラワーキングエス,2026-05-01,大井,2,8,13,0.5833,13,差し
フラワーキングエス,2026-05-22,大井,3,5,12,0.3636,12,差し
フラワーキングエス,2026-06-11,大井,4,6,14,0.3846,11,追込
フラワーキングエス,2026-07-02,大井,5,8,16,0.4667,12,差し
フラワーキングエス,2026-07-23,大井,4,2,9,0.125,3,差し
フラワーキングエス,2026-08-15,大井,4,4,8,0.4286,8,差し
フランキングライン,2026-05-19,大井,10,1,13,0.0,4,先行
フランコルシャン,2026-01-28,大井,8,9,14,0.6154,8,差し
フランコルシャン,2026-02-16,大井,9,8,10,0.7778,8,差し
フリホコマンドール,2026-01-26,大井,3,8,9,0.875,9,
フリホコマンドール,2026-02-16,大井,5,9,13,0.6667,11,差し
フリホコマンドール,2026-03-09,大井,5,4,11,0.3,4,差し
フリホコマンドール,2026-03-24,大井,4,6,11,0.5,8,差し
フリホコマンドール,2026-04-13,大井,6,4,10,0.3333,7,差し
フリホコマンドール,2026-04-27,大井,6,2,14,0.0769,6,差し
フリホコマンドール,2026-05-18,大井,1,1,12,0.0,2,差し
フリホコマンドール,2026-06-10,大井,4,1,14,0.0,14,差し
フリホコマンドール,2026-06-29,大井,6,3,14,0.1538,7,先行
フリホコマンドール,2026-07-21,大井,2,7,14,0.4615,14,先行
フリホコマンドール,2026-08-12,大井,5,8,16,0.4667,16,先行
フリーダム,2026-09-02,大井,11,3,16,0.1333,10,差し
フルグライト,2026-08-12,大井,8,2,13,0.0833,12,差し
フルム,2026-03-26,大井,11,5,13,0.3333,2,差し
フルム,2026-04-28,大井,11,1,16,0.0,2,差し
フルム,2026-06-11,大井,11,4,12,0.2727,1,差し
フルム,2026-08-12,大井,9,2,11,0.1,2,差し
フルム,2026-09-02,大井,11,6,16,0.3333,5,先行
フレアリングバロン,2026-01-14,大井,5,9,11,0.8,5,差し
フレアリングバロン,2026-01-29,大井,4,5,12,0.3636,10,差し
フレアリングバロン,2026-02-20,大井,1,12,14,0.8462,6,差し
フレアリングバロン,2026-03-11,大井,4,10,14,0.6923,10,差し
フレアリングバロン,2026-03-25,大井,3,9,14,0.6154,7,差し
フレンドトネール,2026-06-08,大井,3,2,5,0.25,4,
フレンドトネール,2026-06-30,大井,1,3,11,0.2,6,差し
フレンドトネール,2026-07-24,大井,3,1,5,0.0,5,差し
フレンドトネール,2026-08-17,大井,4,3,8,0.2857,8,差し
フレンドリーシップ,2026-04-29,大井,9,1,14,0.0,10,追込
フレンドリーシップ,2026-05-19,大井,7,5,10,0.4444,10,追込
フレンドリーシップ,2026-06-10,大井,9,4,14,0.2308,3,差し
フレンドリーシップ,2026-07-01,大井,12,6,15,0.3571,8,差し
フレンドリーシップ,2026-07-24,大井,8,5,12,0.3636,1,差し
フレンドリーシップ,2026-08-16,大井,8,7,13,0.5,8,差し
フレンドリーシップ,2026-09-04,大井,12,7,15,0.4286,8,差し
フレンドローマ,2026-02-20,大井,11,7,15,0.4286,14,差し
フレンドローマ,2026-03-10,大井,6,5,6,0.8,5,差し
フレンドローマ,2026-03-24,大井,11,10,16,0.6,13,差し
フレンドローマ,2026-04-15,大井,12,7,16,0.4,8,差し
フレンドローマ,2026-05-01,大井,12,9,16,0.5333,16,差し
フレンドローマ,2026-05-20,大井,12,8,14,0.5385,8,差し
フレンドローマ,2026-06-08,大井,11,7,16,0.4,8,差し
フレンドローマ,2026-06-29,大井,10,4,11,0.3,7,差し
フレンドローマ,2026-07-21,大井,11,7,13,0.5,13,差し
フレンドローマ,2026-08-13,大井,10,2,14,0.0769,7,差し
フレンドローマ,2026-09-02,大井,12,5,12,0.3636,9,差し
フレーズボンボン,2026-01-16,大井,6,10,13,0.75,6,差し
フレーズボンボン,2026-01-30,大井,7,8,10,0.7778,7,差し
フレーズボンボン,2026-02-19,大井,10,10,14,0.6923,8,差し
フレーズボンボン,2026-03-13,大井,6,13,14,0.9231,8,差し
フレーズボンボン,2026-03-27,大井,6,11,14,0.7692,8,差し
フレーズボンボン,2026-04-17,大井,9,5,14,0.3077,8,差し
フレーズボンボン,2026-05-01,大井,8,5,10,0.4444,2,差し
フレーズボンボン,2026-05-21,大井,9,7,13,0.5,3,差し
フレーズボンボン,2026-06-09,大井,8,8,11,0.7,5,差し
フレーズボンボン,2026-06-29,大井,9,5,9,0.5,6,差し
フレーズボンボン,2026-08-17,大井,10,9,12,0.7273,6,差し
フロインフォッサル,2026-01-13,大井,11,6,10,0.5556,4,追込
フロウオブタイム,2026-04-16,大井,5,8,14,0.5385,10,差し
フロウオブタイム,2026-04-30,大井,5,7,10,0.6667,10,差し
フロウオブタイム,2026-05-20,大井,8,7,11,0.6,9,追込
フロウオブタイム,2026-06-11,大井,8,6,13,0.4167,13,追込
フロウオブタイム,2026-07-03,大井,9,7,12,0.5455,10,追込
フロウオブタイム,2026-07-21,大井,6,8,13,0.5833,10,追込
フロウオブタイム,2026-08-16,大井,10,7,13,0.5,8,追込
フロウオブタイム,2026-08-31,大井,8,9,14,0.6154,12,追込
フロリダフォンテン,2026-07-02,大井,2,3,11,0.2,9,逃げ
フロントドア,2026-06-12,大井,4,6,9,0.625,4,差し
フロントドア,2026-06-29,大井,8,3,14,0.1538,8,差し
フロントドア,2026-07-22,大井,5,4,11,0.3,8,差し
フロントドア,2026-08-17,大井,6,7,12,0.5455,8,差し
フローズンキス,2026-01-27,大井,10,14,15,0.9286,14,追込
フローズンキス,2026-02-20,大井,12,11,16,0.6667,7,追込
フローティンローズ,2026-01-16,大井,4,7,14,0.4615,12,差し
フローティンローズ,2026-01-30,大井,5,11,13,0.8333,13,差し
フローティンローズ,2026-02-19,大井,8,13,13,1.0,13,差し
フローラルデザイン,2026-01-16,大井,5,8,12,0.6364,10,差し
フローラルロマンス,2026-01-28,大井,2,4,14,0.2308,8,差し
フローラルロマンス,2026-02-18,大井,2,2,13,0.0833,13,先行
フローラルロマンス,2026-03-11,大井,1,8,14,0.5385,12,先行
フローラルロマンス,2026-03-24,大井,1,3,13,0.1667,9,先行
フローラルロマンス,2026-04-16,大井,1,5,14,0.3077,11,先行
フローラルロマンス,2026-04-29,大井,2,2,13,0.0833,4,先行
フローラルロマンス,2026-05-20,大井,3,5,14,0.3077,6,先行
フローラルロマンス,2026-06-11,大井,1,3,14,0.1538,9,差し
フローラルロマンス,2026-07-03,大井,1,4,11,0.3,8,先行
フローラルロマンス,2026-07-22,大井,2,6,16,0.3333,4,差し
フローラルロマンス,2026-08-16,大井,2,7,13,0.5,11,差し
ブイスリー,2026-01-15,大井,3,5,8,0.5714,6,先行
ブイスリー,2026-01-29,大井,5,6,7,0.8333,6,差し
ブイスリー,2026-02-20,大井,1,13,14,0.9231,12,差し
ブイスリー,2026-03-12,大井,5,3,12,0.1818,7,差し
ブイスリー,2026-03-26,大井,6,11,13,0.8333,9,差し
ブイスリー,2026-04-17,大井,3,4,14,0.2308,3,差し
ブイスリー,2026-05-22,大井,4,3,16,0.1333,8,差し
ブイスリー,2026-06-11,大井,5,1,14,0.0,3,先行
ブイスリー,2026-08-15,大井,7,5,16,0.2667,12,差し
ブッコワース,2026-03-10,大井,1,4,14,0.2308,12,差し
ブッコワース,2026-03-24,大井,1,8,13,0.5833,7,差し
ブッコワース,2026-04-15,大井,1,5,14,0.3077,13,差し
ブッコワース,2026-04-28,大井,1,1,11,0.0,3,差し
ブッコワース,2026-05-20,大井,1,2,13,0.0833,6,差し
ブッコワース,2026-06-11,大井,1,4,14,0.2308,11,差し
ブッコワース,2026-07-02,大井,1,6,14,0.3846,6,差し
ブッコワース,2026-07-20,大井,1,5,14,0.3077,2,差し
ブッコワース,2026-08-16,大井,1,6,14,0.3846,7,差し
ブッシュテソーロ,2026-05-19,大井,6,2,14,0.0769,3,差し
ブッシュテソーロ,2026-06-30,大井,7,2,11,0.1,1,差し
ブライトゲイザー,2026-01-15,大井,1,7,12,0.5455,5,差し
ブライトゲイザー,2026-01-28,大井,2,6,14,0.3846,6,差し
ブライトゲイザー,2026-02-19,大井,3,2,14,0.0769,8,差し
ブライトゲイザー,2026-03-11,大井,2,7,12,0.5455,10,差し
ブライトゲイザー,2026-03-25,大井,1,4,10,0.3333,9,差し
ブライトゲイザー,2026-04-15,大井,1,6,14,0.3846,14,差し
ブライトゲイザー,2026-04-30,大井,1,3,14,0.1538,5,差し
ブライトゲイザー,2026-05-20,大井,1,4,13,0.25,13,差し
ブライトゲイザー,2026-06-11,大井,1,2,14,0.0769,14,差し
ブライトゲイザー,2026-07-02,大井,2,2,11,0.1,8,差し
ブライトゲイザー,2026-07-20,大井,1,3,14,0.1538,6,差し
ブライトゲイザー,2026-08-15,大井,1,1,12,0.0,4,差し
ブライトゲイザー,2026-08-31,大井,2,4,14,0.2308,10,差し
ブライトテラ,2026-02-20,大井,1,5,14,0.3077,2,先行
ブライトテラ,2026-03-12,大井,5,6,12,0.4545,4,差し
ブライトテラ,2026-03-27,大井,7,4,8,0.4286,4,差し
ブライトドリーム,2026-01-15,大井,2,2,6,0.2,2,差し
ブライトドリーム,2026-04-13,大井,7,4,11,0.3,11,差し
ブライトドリーム,2026-05-01,大井,1,1,10,0.0,4,差し
ブライトフォース,2026-01-12,大井,9,11,15,0.7143,10,差し
ブライトフォース,2026-01-26,大井,6,5,12,0.3636,7,差し
ブライトフォース,2026-02-16,大井,6,3,13,0.1667,7,差し
ブライトフォース,2026-03-09,大井,9,3,14,0.1538,8,差し
ブライトフォース,2026-03-23,大井,9,4,13,0.25,6,差し
ブライトフォース,2026-04-13,大井,10,2,13,0.0833,6,差し
ブライトフォース,2026-06-30,大井,6,7,14,0.4615,10,差し
ブライトフォース,2026-07-22,大井,2,9,16,0.5333,11,差し
ブライトフォース,2026-08-16,大井,2,7,13,0.5,8,差し
ブラッククラウズ,2026-09-02,大井,9,7,13,0.5,13,追込
ブラックゴエ,2026-01-12,大井,3,14,15,0.9286,14,差し
ブラックゴエ,2026-01-26,大井,1,7,11,0.6,6,差し
ブラックゴエ,2026-02-16,大井,2,7,12,0.5455,4,差し
ブラックゴエ,2026-03-09,大井,2,11,12,0.9091,10,差し
ブラックゴエ,2026-03-23,大井,2,8,14,0.5385,7,差し
ブラックゴエ,2026-04-13,大井,1,6,13,0.4167,12,差し
ブラックゴエ,2026-04-27,大井,1,4,14,0.2308,1,追込
ブラックゴエ,2026-05-18,大井,5,6,12,0.4545,10,追込
ブラックゴエ,2026-06-08,大井,7,9,12,0.7273,12,追込
ブラックゴエ,2026-06-30,大井,4,8,10,0.7778,10,追込
ブラックモノリス,2026-06-29,大井,7,1,11,0.0,1,先行
ブラックモノリス,2026-07-22,大井,5,1,11,0.0,2,逃げ
ブラックレッド,2026-01-12,大井,2,9,13,0.6667,6,先行
ブラックレッド,2026-01-27,大井,1,10,14,0.6923,10,先行
ブラックレッド,2026-02-17,大井,2,8,13,0.5833,7,差し
ブラックレッド,2026-03-09,大井,2,4,12,0.2727,5,差し
ブラックレッド,2026-03-23,大井,2,4,14,0.2308,5,差し
ブラックレッド,2026-04-15,大井,2,5,13,0.3333,4,差し
ブラックレッド,2026-04-28,大井,2,6,13,0.4167,8,差し
ブラックレッド,2026-05-19,大井,2,3,12,0.1818,4,差し
ブラックレッド,2026-06-10,大井,1,3,14,0.1538,4,差し
ブラックレッド,2026-08-31,大井,2,4,14,0.2308,9,差し
ブラボーキングダム,2026-07-01,大井,5,10,14,0.6923,1,差し
ブラボーキングダム,2026-07-21,大井,7,6,13,0.4167,3,差し
ブラボーキングダム,2026-08-14,大井,5,7,14,0.4615,4,差し
ブラボーキングダム,2026-09-02,大井,7,5,15,0.2857,5,差し
ブラントンアロー,2026-02-17,大井,1,11,15,0.7143,12,先行
ブラントンアロー,2026-03-10,大井,1,2,14,0.0769,8,差し
ブラントンアロー,2026-03-24,大井,1,6,13,0.4167,10,差し
ブラントンアロー,2026-04-15,大井,2,6,13,0.4167,7,差し
ブラントンアロー,2026-04-28,大井,1,3,11,0.2,10,差し
ブラントンアロー,2026-05-19,大井,1,5,13,0.3333,7,差し
ブラントンアロー,2026-06-10,大井,1,4,14,0.2308,5,差し
ブラントンアロー,2026-07-02,大井,1,8,14,0.5385,4,差し
ブラントンアロー,2026-07-20,大井,1,8,14,0.5385,9,差し
ブラントンアロー,2026-08-15,大井,1,3,12,0.1818,2,追込
ブラヴォケラトプス,2026-01-15,大井,6,5,14,0.3077,1,差し
ブラヴォケラトプス,2026-02-20,大井,7,6,12,0.4545,2,差し
ブラヴォケラトプス,2026-03-11,大井,8,4,10,0.3333,6,差し
ブラヴォケラトプス,2026-05-18,大井,8,3,13,0.1667,3,差し
ブラヴォケラトプス,2026-06-09,大井,7,3,14,0.1538,7,差し
ブラヴォケラトプス,2026-06-29,大井,8,5,14,0.3077,13,差し
ブルマリンシェール,2026-01-26,大井,12,7,15,0.4286,1,差し
ブルマリンシェール,2026-02-19,大井,7,4,9,0.375,1,差し
ブルマリンシェール,2026-08-17,大井,9,3,9,0.25,2,差し
ブルーキャット,2026-01-16,大井,1,12,14,0.8462,7,差し
ブルーキャット,2026-01-30,大井,1,3,12,0.1818,1,差し
ブルーキャット,2026-02-17,大井,6,2,12,0.0909,2,差し
ブルーキャット,2026-03-24,大井,7,2,11,0.1,2,差し
ブルーキャット,2026-04-16,大井,5,1,14,0.0,1,差し
ブルーキャット,2026-05-22,大井,5,1,10,0.0,3,先行
ブルーノート,2026-05-21,大井,11,5,13,0.3333,4,差し
ブルーヒサシン,2026-01-16,大井,11,4,11,0.3,1,先行
ブルーヒサシン,2026-02-18,大井,12,5,13,0.3333,1,先行
ブルーヒサシン,2026-03-11,大井,7,3,7,0.3333,1,先行
ブルーヒサシン,2026-07-23,大井,11,1,10,0.0,2,差し
ブルーヒサシン,2026-08-12,大井,9,1,11,0.0,1,差し
ブルームノーズ,2026-01-26,大井,6,4,12,0.2727,3,差し
ブルームノーズ,2026-02-17,大井,6,7,12,0.5455,4,差し
ブルームノーズ,2026-03-10,大井,8,1,10,0.0,1,差し
ブルームノーズ,2026-04-16,大井,5,8,14,0.5385,14,差し
ブルームノーズ,2026-04-29,大井,4,2,12,0.0909,3,差し
ブルームノーズ,2026-05-20,大井,8,3,11,0.2,7,差し
ブルームノーズ,2026-06-11,大井,8,3,13,0.1667,11,差し
ブルーメンガルテン,2026-06-30,大井,11,4,16,0.2,16,差し
ブルーメンガルテン,2026-09-02,大井,11,11,16,0.6667,9,差し
ブルーリベリュール,2026-01-13,大井,12,9,16,0.5333,8,先行
ブルーリベリュール,2026-01-27,大井,8,1,14,0.0,7,差し
ブルーリベリュール,2026-02-17,大井,7,1,14,0.0,1,差し
ブルーリベリュール,2026-04-30,大井,6,1,14,0.0,2,差し
ブルーリベリュール,2026-05-22,大井,8,1,13,0.0,1,逃げ
ブルーリベリュール,2026-06-09,大井,8,1,11,0.0,6,逃げ
ブルーリベリュール,2026-06-29,大井,9,1,9,0.0,2,逃げ
ブレイクルージュ,2026-01-13,大井,2,6,15,0.3571,13,差し
ブレイクルージュ,2026-01-30,大井,1,4,12,0.2727,12,差し
ブレイクルージュ,2026-02-17,大井,1,7,15,0.4286,13,差し
ブレイクルージュ,2026-03-10,大井,2,4,13,0.25,13,差し
ブレイクルージュ,2026-07-02,大井,2,6,11,0.5,11,差し
ブレイクルージュ,2026-07-20,大井,1,1,14,0.0,12,差し
ブレイクルージュ,2026-08-13,大井,1,4,12,0.2727,12,差し
ブレイズエッジ,2026-04-30,大井,11,3,11,0.2,3,差し
ブレイブゼウス,2026-01-16,大井,3,9,11,0.8,4,差し
ブレイブゼウス,2026-01-27,大井,9,12,14,0.8462,9,差し
ブレイブゼウス,2026-02-17,大井,7,14,14,1.0,8,差し
ブレイブゼウス,2026-03-10,大井,9,13,14,0.9231,12,差し
ブレイブゼウス,2026-03-27,大井,3,12,12,1.0,10,差し
ブレスト,2026-01-16,大井,5,10,12,0.8182,11,差し
ブレスト,2026-01-30,大井,5,8,13,0.5833,8,追込
ブレスト,2026-02-19,大井,9,8,11,0.7,11,追込
ブレスト,2026-03-13,大井,4,10,12,0.8182,8,追込
ブレスト,2026-03-24,大井,10,11,14,0.7692,13,追込
ブレスト,2026-05-01,大井,6,7,12,0.5455,11,追込
ブレスト,2026-06-10,大井,6,6,10,0.5556,9,追込
ブレスト,2026-07-21,大井,10,9,14,0.6154,11,追込
ブレスト,2026-09-02,大井,7,7,15,0.4286,13,追込
ブレスワード,2026-01-26,大井,11,3,9,0.25,5,先行
ブレスワード,2026-03-13,大井,11,2,10,0.1111,3,先行
ブレスワード,2026-06-08,大井,10,3,9,0.25,6,先行
ブレスワード,2026-08-17,大井,9,1,9,0.0,1,先行
ブーヤカ,2026-01-14,大井,12,6,14,0.3846,6,差し
ブーヤカ,2026-02-20,大井,11,5,15,0.2857,11,差し
ブーヤカ,2026-03-24,大井,11,7,16,0.4,7,差し
プライルード,2026-09-02,大井,11,10,16,0.6,8,差し
プラウドメアリー,2026-01-16,大井,2,14,16,0.8667,3,差し
プラウドメアリー,2026-01-26,大井,7,7,14,0.4615,3,差し
プラウドメアリー,2026-02-16,大井,7,6,14,0.3846,1,差し
プラチナムロッド,2026-04-14,大井,10,5,9,0.5,9,差し
プラチナムロッド,2026-04-29,大井,12,10,16,0.6,16,差し
プラヤデルカルメン,2026-07-21,大井,3,7,14,0.4615,7,先行
プラヤデルカルメン,2026-08-12,大井,5,4,16,0.2,9,差し
プリズムフィーユ,2026-01-26,大井,4,1,13,0.0,2,差し
プリズムフィーユ,2026-04-14,大井,2,3,12,0.1818,11,差し
プリメイラ,2026-09-03,大井,10,6,11,0.5,9,追込
プリモスフィーダ,2026-01-13,大井,5,6,14,0.3846,5,差し
プリモスフィーダ,2026-02-19,大井,6,2,14,0.0769,2,差し
プリモスフィーダ,2026-03-26,大井,6,7,13,0.5,13,差し
プリンセスアリー,2026-02-20,大井,6,5,8,0.5714,8,差し
プリンセスデイジー,2026-01-29,大井,11,3,11,0.2,1,先行
プリンセスデイジー,2026-03-26,大井,9,1,8,0.0,2,差し
プリンセスデイジー,2026-04-30,大井,11,2,11,0.1,8,先行
プルミエパルファム,2026-01-13,大井,7,10,13,0.75,12,差し
プルミエパルファム,2026-01-26,大井,8,2,13,0.0833,8,差し
プルミエパルファム,2026-02-17,大井,6,6,12,0.4545,11,差し
プルミエパルファム,2026-03-09,大井,9,7,14,0.4615,10,差し
プルミエパルファム,2026-03-23,大井,8,10,12,0.8182,12,差し
プルミエパルファム,2026-04-13,大井,12,5,14,0.3077,11,差し
プルミエミッキー,2026-04-27,大井,3,1,11,0.0,1,
プルミエミッキー,2026-05-22,大井,2,6,15,0.3571,9,先行
プルミエミッキー,2026-06-10,大井,5,4,13,0.25,4,差し
プルミエミッキー,2026-07-23,大井,5,1,16,0.0,5,先行
プルミエミッキー,2026-09-02,大井,2,2,16,0.0667,8,先行
プレイバック,2026-03-25,大井,2,6,10,0.5556,4,追込
プレイバック,2026-04-15,大井,3,5,10,0.4444,8,追込
プレイバック,2026-04-30,大井,2,6,12,0.4545,9,追込
プレイバック,2026-05-21,大井,1,2,11,0.1,3,追込
プレイバック,2026-06-10,大井,4,2,14,0.0769,2,追込
プレイバック,2026-07-02,大井,4,4,13,0.25,3,追込
プレインコート,2026-01-27,大井,8,13,14,0.9231,13,差し
プレインコート,2026-02-18,大井,4,3,14,0.1538,14,追込
プレインコート,2026-03-10,大井,9,5,14,0.3077,5,差し
プレインコート,2026-03-24,大井,8,5,12,0.3636,10,差し
プレインコート,2026-04-28,大井,7,5,14,0.3077,11,差し
プレインコート,2026-05-19,大井,5,4,14,0.2308,8,差し
プレインコート,2026-06-09,大井,6,4,12,0.2727,9,差し
プレインコート,2026-07-01,大井,4,7,14,0.4615,10,差し
プレインコート,2026-07-20,大井,10,5,14,0.3077,10,差し
プレインコート,2026-08-13,大井,8,4,10,0.3333,5,差し
プレインコート,2026-08-31,大井,10,6,15,0.3571,5,差し
プレシャストップ,2026-01-28,大井,2,2,14,0.0769,2,先行
プレシャストップ,2026-02-19,大井,3,4,14,0.2308,6,先行
プレシャストップ,2026-03-12,大井,2,2,13,0.0833,7,先行
プレシャストップ,2026-03-26,大井,3,10,14,0.6923,1,先行
プレストアーサー,2026-01-12,大井,11,2,9,0.125,1,逃げ
プレストアーサー,2026-02-16,大井,8,2,13,0.0833,3,先行
プレストアーサー,2026-03-12,大井,6,2,9,0.125,1,先行
プレストアーサー,2026-04-14,大井,11,1,11,0.0,1,先行
プレストアーサー,2026-05-20,大井,7,1,9,0.0,2,先行
プレストステラ,2026-01-16,大井,12,9,14,0.6154,9,差し
プレストステラ,2026-01-30,大井,11,3,12,0.1818,3,差し
プレストステラ,2026-02-20,大井,10,2,13,0.0833,1,差し
プレストステラ,2026-03-10,大井,6,3,6,0.4,2,先行
プレストステラ,2026-03-24,大井,11,1,16,0.0,3,差し
プレストステラ,2026-05-01,大井,12,2,16,0.0667,1,先行
プレストステラ,2026-06-12,大井,11,2,11,0.1,2,先行
プレストステラ,2026-07-01,大井,10,2,13,0.0833,1,先行
プレストステラ,2026-08-14,大井,7,2,8,0.1429,3,先行
プレストステラ,2026-08-31,大井,11,4,14,0.2308,9,先行
プレストセプター,2026-01-13,大井,3,8,10,0.7778,9,差し
プレストセプター,2026-01-27,大井,4,9,13,0.6667,10,追込
プレストセプター,2026-03-09,大井,7,7,10,0.6667,4,追込
プレストセプター,2026-03-24,大井,4,5,11,0.4,3,差し
プレストセプター,2026-04-14,大井,3,7,11,0.6,3,差し
プレストセプター,2026-04-30,大井,4,5,11,0.4,2,差し
プレストライズ,2026-05-21,大井,6,1,12,0.0,9,差し
プレストライズ,2026-07-01,大井,12,4,15,0.2143,14,差し
プレミアムハンド,2026-06-09,大井,11,7,14,0.4615,10,差し
プレミアリッチ,2026-01-13,大井,8,7,12,0.5455,11,差し
プレミアリッチ,2026-01-26,大井,8,5,13,0.3333,13,差し
プレミアリッチ,2026-02-17,大井,5,14,14,1.0,14,差し
プレミアリッチ,2026-03-09,大井,10,5,13,0.3333,13,差し
プレミアリッチ,2026-03-23,大井,9,5,13,0.3333,11,差し
プレミアリッチ,2026-04-16,大井,12,8,10,0.7778,10,差し
プレミアリッチ,2026-04-27,大井,9,4,13,0.25,11,差し
プレミアリッチ,2026-05-21,大井,9,5,13,0.3333,13,先行
プレミアリッチ,2026-06-08,大井,9,4,12,0.2727,8,差し
プレミアリッチ,2026-06-30,大井,6,4,14,0.2308,12,差し
プレミアリッチ,2026-07-22,大井,1,7,14,0.4615,14,差し
プレミアリッチ,2026-08-16,大井,2,6,13,0.4167,13,差し
プロシュ,2026-01-13,大井,12,11,16,0.6667,11,差し
プロシュ,2026-01-26,大井,9,3,11,0.2,4,差し
プロシュ,2026-02-17,大井,7,11,14,0.7692,13,差し
プロシュ,2026-03-09,大井,12,8,14,0.5385,10,差し
プロシュ,2026-03-23,大井,12,7,13,0.5,11,差し
プロシュ,2026-04-13,大井,10,8,13,0.5833,11,差し
プロシュ,2026-04-27,大井,9,6,13,0.4167,8,差し
プロシュ,2026-05-18,大井,7,7,13,0.5,8,差し
プロシュ,2026-06-08,大井,9,7,12,0.5455,7,差し
プロシュ,2026-06-30,大井,6,7,14,0.4615,6,差し
プロシュ,2026-07-23,大井,2,7,16,0.4,12,差し
プロシュ,2026-08-17,大井,2,7,14,0.4615,12,差し
プロピュライア,2026-06-08,大井,2,5,10,0.4444,10,追込
プロピュライア,2026-06-29,大井,1,9,12,0.7273,12,追込
プロピュライア,2026-07-20,大井,5,7,10,0.6667,6,追込
プロローク,2026-02-18,大井,11,12,16,0.7333,15,先行
プロローク,2026-03-09,大井,11,5,10,0.4444,8,差し
プロローク,2026-08-13,大井,9,1,15,0.0,9,差し
プロローク,2026-09-02,大井,8,5,12,0.3636,8,差し
プンタカナ,2026-06-11,大井,7,5,11,0.4,8,先行
プンタカナ,2026-06-30,大井,12,5,12,0.3636,10,先行
ヘイアンティアー,2026-04-17,大井,3,7,14,0.4615,6,差し
ヘイアンティアー,2026-05-01,大井,2,8,13,0.5833,7,差し
ヘイアンティアー,2026-05-22,大井,1,6,13,0.4167,9,差し
ヘイアンティアー,2026-06-11,大井,4,6,14,0.3846,4,差し
ヘイアンティアー,2026-07-03,大井,4,2,8,0.1429,2,差し
ヘイアンティアー,2026-08-15,大井,6,4,13,0.25,8,差し
ヘイシリン,2026-01-15,大井,10,1,12,0.0,3,先行
ヘイシリン,2026-01-29,大井,10,7,15,0.4286,2,先行
ヘイシリン,2026-04-30,大井,9,4,14,0.2308,2,先行
ヘイシリン,2026-05-21,大井,7,3,11,0.2,2,先行
ヘイシリン,2026-06-12,大井,9,3,14,0.1538,2,差し
ヘイシリン,2026-07-01,大井,7,3,12,0.1818,3,差し
ヘキクウ,2026-01-14,大井,12,11,14,0.7692,11,先行
ヘキクウ,2026-01-27,大井,11,6,13,0.4167,11,差し
ヘキクウ,2026-02-16,大井,8,12,13,0.9167,13,差し
ヘキクウ,2026-03-10,大井,6,5,6,0.8,6,差し
ヘキルリ,2026-01-15,大井,5,12,15,0.7857,12,差し
ヘクトプリンセス,2026-01-16,大井,7,7,9,0.75,8,差し
ヘクトプリンセス,2026-01-28,大井,10,12,13,0.9167,8,差し
ヘクトプリンセス,2026-02-20,大井,10,9,13,0.6667,8,差し
ヘクトプリンセス,2026-03-10,大井,12,8,16,0.4667,10,差し
ヘクトプリンセス,2026-03-23,大井,11,9,13,0.6667,10,差し
ヘクトプリンセス,2026-04-17,大井,12,7,14,0.4615,5,差し
ヘクトプリンセス,2026-04-29,大井,12,9,16,0.5333,10,差し
ヘクトプリンセス,2026-05-21,大井,10,8,16,0.4667,8,差し
ヘクトプリンセス,2026-06-10,大井,7,5,11,0.4,6,差し
ヘクトプリンセス,2026-07-02,大井,7,6,11,0.5,9,差し
ヘクトプリンセス,2026-07-23,大井,9,6,9,0.625,8,追込
ヘスペリス,2026-03-26,大井,9,2,8,0.1429,1,差し
ヘスペリス,2026-04-30,大井,11,1,11,0.0,1,差し
ヘデンバージャイト,2026-01-12,大井,2,1,13,0.0,5,逃げ
ヘデンバージャイト,2026-01-27,大井,2,1,14,0.0,8,逃げ
ヘデンバージャイト,2026-02-17,大井,2,1,13,0.0,4,逃げ
ヘデンバージャイト,2026-03-09,大井,2,2,12,0.0909,4,逃げ
ヘデンバージャイト,2026-03-23,大井,2,1,14,0.0,10,逃げ
ヘデンバージャイト,2026-04-13,大井,1,2,13,0.0833,8,逃げ
ヘデンバージャイト,2026-04-27,大井,1,2,14,0.0769,7,逃げ
ヘデンバージャイト,2026-05-19,大井,1,4,13,0.25,13,逃げ
ヘデンバージャイト,2026-06-10,大井,1,2,14,0.0769,13,先行
ヘデンバージャイト,2026-07-02,大井,1,3,14,0.1538,14,先行
ヘニングセン,2026-01-29,大井,10,2,15,0.0714,5,差し
ヘニングセン,2026-02-17,大井,8,1,10,0.0,1,差し
ヘニングセン,2026-03-13,大井,8,2,10,0.1111,2,先行
ヘニングセン,2026-04-13,大井,11,1,10,0.0,2,先行
ヘニングセン,2026-04-27,大井,12,5,12,0.3636,9,先行
ヘニーアイリス,2026-08-15,大井,2,5,14,0.3077,4,先行
ヘニーアイリス,2026-08-31,大井,2,5,14,0.3077,4,差し
ヘビーキュー,2026-05-22,大井,6,3,12,0.1818,6,先行
ヘビーキュー,2026-06-12,大井,5,6,14,0.3846,13,先行
ヘビーキュー,2026-07-03,大井,8,2,13,0.0833,3,差し
ヘビーキュー,2026-07-22,大井,6,2,14,0.0769,13,先行
ヘビーキュー,2026-08-17,大井,8,7,13,0.5,13,先行
ヘルメース,2026-05-21,大井,11,4,13,0.25,8,差し
ヘルメース,2026-06-30,大井,9,1,9,0.0,6,差し
ヘルメース,2026-07-20,大井,12,1,14,0.0,4,差し
ヘルメース,2026-08-15,大井,9,1,14,0.0,2,先行
ヘルメース,2026-09-02,大井,12,1,12,0.0,7,逃げ
ベアウェイトゥゴー,2026-01-12,大井,8,11,13,0.8333,10,追込
ベアウェイトゥゴー,2026-01-26,大井,6,10,12,0.8182,10,追込
ベアウェイトゥゴー,2026-02-16,大井,6,6,13,0.4167,9,追込
ベアウェイトゥゴー,2026-03-09,大井,9,10,14,0.6923,9,追込
ベアウェイトゥゴー,2026-03-25,大井,9,11,11,1.0,11,追込
ベアウェイトゥゴー,2026-04-16,大井,12,7,10,0.6667,8,追込
ベアウェイトゥゴー,2026-04-27,大井,7,7,11,0.6,9,追込
ベアウェイトゥゴー,2026-05-22,大井,9,7,10,0.6667,10,追込
ベアウェイトゥゴー,2026-06-10,大井,6,8,10,0.7778,10,追込
ベアウェイトゥゴー,2026-07-03,大井,9,9,12,0.7273,12,追込
ベアウェイトゥゴー,2026-07-24,大井,1,6,15,0.3571,11,追込
ベアウェイトゥゴー,2026-08-16,大井,2,9,13,0.6667,6,追込
ベイステート,2026-01-16,大井,4,7,14,0.4615,5,差し
ベイステート,2026-01-30,大井,5,4,13,0.25,6,差し
ベイステート,2026-02-20,大井,7,8,12,0.6364,7,差し
ベイステート,2026-03-13,大井,5,10,14,0.6923,5,差し
ベイステート,2026-03-27,大井,5,10,14,0.6923,6,差し
ベイステート,2026-04-17,大井,8,8,14,0.5385,2,差し
ベイステート,2026-04-28,大井,12,4,13,0.25,4,差し
ベイステート,2026-05-18,大井,10,6,9,0.625,6,差し
ベイステート,2026-06-09,大井,8,6,11,0.5,7,差し
ベイステート,2026-06-29,大井,9,3,9,0.25,7,差し
ベイステート,2026-07-23,大井,7,6,12,0.4545,10,差し
ベイステート,2026-08-17,大井,8,6,13,0.4167,10,差し
ベイデンフラッシュ,2026-03-09,大井,2,1,12,0.0,1,追込
ベイデンフラッシュ,2026-03-26,大井,2,3,13,0.1667,1,差し
ベイデンフラッシュ,2026-08-16,大井,1,2,14,0.0769,3,差し
ベイデンマリーナ,2026-01-12,大井,12,5,16,0.2667,16,差し
ベイビークエスト,2026-06-08,大井,11,1,16,0.0,14,逃げ
ベイビークエスト,2026-06-30,大井,11,1,16,0.0,15,逃げ
ベイビークエスト,2026-08-17,大井,5,3,8,0.2857,1,逃げ
ベイビーゲート,2026-01-28,大井,10,6,13,0.4167,9,先行
ベイビーゲート,2026-02-19,大井,11,2,15,0.0714,3,先行
ベイビーゲート,2026-06-10,大井,10,3,14,0.1538,7,先行
ベイビーゲート,2026-06-30,大井,9,1,9,0.0,4,先行
ベイビーゲート,2026-07-24,大井,11,2,16,0.0667,13,先行
ベイビーゲート,2026-08-12,大井,10,2,14,0.0769,5,先行
ベイビーゲート,2026-08-31,大井,12,7,15,0.4286,14,先行
ベイビーザロック,2026-03-13,大井,1,2,6,0.2,4,差し
ベイビーザロック,2026-03-27,大井,1,1,9,0.0,1,差し
ベイビーザロック,2026-04-13,大井,7,1,11,0.0,1,差し
ベイビーザロック,2026-06-12,大井,10,2,14,0.0769,8,逃げ
ベイビーザロック,2026-08-13,大井,9,6,15,0.3571,15,逃げ
ベイビーパーティー,2026-08-31,大井,3,3,6,0.4,4,
ベイビーモンストル,2026-01-30,大井,3,6,8,0.7143,5,追込
ベイビーモンストル,2026-05-01,大井,3,2,9,0.125,3,追込
ベイビーモンストル,2026-06-09,大井,10,2,13,0.0833,2,差し
ベガエメラルド,2026-01-13,大井,5,7,14,0.4615,4,差し
ベガエメラルド,2026-01-28,大井,3,7,14,0.4615,9,差し
ベガエメラルド,2026-03-11,大井,3,6,12,0.4545,5,差し
ベガエメラルド,2026-03-25,大井,2,3,10,0.2222,6,差し
ベガエメラルド,2026-04-14,大井,1,3,11,0.2,6,差し
ベガエメラルド,2026-04-28,大井,3,2,14,0.0769,3,差し
ベガエメラルド,2026-05-21,大井,1,3,11,0.2,5,差し
ベガエメラルド,2026-06-10,大井,3,3,11,0.2,7,差し
ベクトルマッハ,2026-01-15,大井,4,10,14,0.6923,10,差し
ベクトルマッハ,2026-01-28,大井,6,4,12,0.2727,5,差し
ベクトルマッハ,2026-02-20,大井,12,2,16,0.0667,6,差し
ベクトルマッハ,2026-03-25,大井,9,2,11,0.1,4,差し
ベクトルマッハ,2026-04-27,大井,10,11,15,0.7143,10,先行
ベクトルマッハ,2026-08-31,大井,8,10,14,0.6923,14,先行
ベジャール,2026-01-15,大井,11,7,11,0.6,7,差し
ベジャール,2026-01-29,大井,8,5,8,0.5714,4,差し
ベジャール,2026-02-16,大井,11,9,16,0.5333,12,差し
ベストサイレンス,2026-01-15,大井,3,3,8,0.2857,7,先行
ベストサイレンス,2026-01-30,大井,4,3,9,0.25,8,先行
ベストサイレンス,2026-02-20,大井,3,2,14,0.0769,14,先行
ベストサイレンス,2026-03-12,大井,4,4,9,0.375,8,先行
ベストサイレンス,2026-03-26,大井,5,6,12,0.4545,5,差し
ベストサイレンス,2026-04-17,大井,3,1,14,0.0,2,差し
ベストサイレンス,2026-05-01,大井,4,4,8,0.4286,7,差し
ベストサイレンス,2026-05-22,大井,4,5,16,0.2667,10,差し
ベストチング,2026-01-13,大井,5,9,14,0.6154,9,差し
ベストチング,2026-02-19,大井,4,9,11,0.8,8,差し
ベストラブティアラ,2026-08-12,大井,2,1,5,0.0,2,
ベストリオン,2026-01-29,大井,12,5,14,0.3077,5,差し
ベストリオン,2026-02-18,大井,8,9,14,0.6154,13,差し
ベストリオン,2026-03-12,大井,12,5,14,0.3077,5,差し
ベストリオン,2026-04-16,大井,7,5,11,0.4,10,差し
ベストリオン,2026-04-30,大井,12,4,14,0.2308,8,差し
ベストリオン,2026-05-21,大井,5,4,14,0.2308,10,差し
ベストリオン,2026-06-12,大井,8,5,13,0.3333,8,差し
ベストリオン,2026-07-02,大井,12,3,14,0.1538,4,差し
ベッティーナ,2026-01-12,大井,2,6,13,0.4167,3,差し
ベッティーナ,2026-01-27,大井,2,7,14,0.4615,5,差し
ベッティーナ,2026-02-17,大井,2,6,13,0.4167,8,差し
ベッティーナ,2026-03-10,大井,1,8,14,0.5385,7,差し
ベッティーナ,2026-03-25,大井,1,6,10,0.5556,10,差し
ベッティーナ,2026-04-13,大井,1,7,13,0.5,9,差し
ベッティーナ,2026-04-27,大井,1,4,14,0.2308,2,差し
ベッティーナ,2026-05-19,大井,1,6,13,0.4167,11,差し
ベッティーナ,2026-06-10,大井,1,8,14,0.5385,12,追込
ベッティーナ,2026-07-02,大井,1,10,14,0.6923,11,追込
ベッティーナ,2026-07-24,大井,1,9,15,0.5714,15,追込
ベッティーナ,2026-08-15,大井,1,2,12,0.0909,7,追込
ベッティーナ,2026-08-31,大井,1,2,13,0.0833,1,追込
ベニシア,2026-05-21,大井,11,8,13,0.5833,11,差し
ベニッシモ,2026-01-15,大井,11,6,11,0.5,6,差し
ベニッシモ,2026-01-29,大井,8,3,8,0.2857,2,差し
ベニッシモ,2026-03-11,大井,7,5,7,0.6667,6,差し
ベニッシモ,2026-03-27,大井,11,6,12,0.4545,11,差し
ベニッシモ,2026-04-17,大井,11,4,12,0.2727,11,差し
ベニッシモ,2026-05-19,大井,11,3,10,0.2222,6,差し
ベニッシモ,2026-06-09,大井,11,4,14,0.2308,11,差し
ベニッシモ,2026-07-20,大井,11,2,7,0.1667,3,差し
ベネチアフレイバー,2026-01-30,大井,12,1,13,0.0,9,差し
ベネチアフレイバー,2026-02-18,大井,10,3,11,0.2,10,差し
ベネチアフレイバー,2026-07-22,大井,12,4,11,0.3,5,先行
ベネチアフレイバー,2026-08-14,大井,8,2,16,0.0667,9,先行
ベラジオスピード,2026-03-09,大井,5,8,11,0.7,2,
ベラジオスピード,2026-03-24,大井,4,3,11,0.2,1,差し
ベラジオスピード,2026-04-17,大井,3,5,14,0.3077,4,差し
ベラジオルークン,2026-09-02,大井,6,2,14,0.0769,11,差し
ベルウッドウズメ,2026-01-12,大井,11,7,9,0.75,8,追込
ベルウッドスバル,2026-08-12,大井,3,2,7,0.1667,3,
ベルウッドブラボー,2026-01-29,大井,8,6,8,0.7143,7,追込
ベルウッドモア,2026-01-13,大井,4,2,16,0.0667,3,先行
ベルウッドワン,2026-06-08,大井,10,3,9,0.25,4,追込
ベルグラシアス,2026-02-20,大井,6,4,8,0.4286,4,追込
ベルグラシアス,2026-03-13,大井,11,7,10,0.6667,5,追込
ベルグラシアス,2026-04-16,大井,11,8,16,0.4667,13,追込
ベルジャッド,2026-01-13,大井,8,1,12,0.0,3,差し
ベルジャッド,2026-01-27,大井,9,8,14,0.5385,3,差し
ベルジャッド,2026-02-17,大井,6,5,12,0.3636,5,差し
ベルジャッド,2026-03-10,大井,8,3,10,0.2222,6,差し
ベルジャッド,2026-04-14,大井,5,6,14,0.3846,3,先行
ベルジャッド,2026-04-29,大井,4,5,12,0.3636,4,差し
ベルジャッド,2026-05-20,大井,8,1,11,0.0,1,差し
ベルジャッド,2026-06-12,大井,5,3,14,0.1538,3,差し
ベルジャッド,2026-06-29,大井,7,8,11,0.7,10,先行
ベルダーイメル,2026-01-14,大井,11,4,11,0.3,2,先行
ベルダーイメル,2026-03-10,大井,11,15,16,0.9333,15,差し
ベルダーイメル,2026-07-22,大井,11,10,15,0.6429,14,差し
ベルベットオニキス,2026-01-26,大井,3,7,9,0.75,6,
ベルベットオニキス,2026-07-20,大井,6,5,13,0.3333,3,差し
ベルベットオニキス,2026-08-12,大井,5,5,16,0.2667,3,差し
ベルベットオニキス,2026-08-31,大井,5,7,12,0.5455,11,差し
ベルベットハンマー,2026-01-13,大井,7,3,13,0.1667,5,差し
ベルベットハンマー,2026-01-27,大井,7,7,12,0.5455,10,差し
ベルベットハンマー,2026-02-17,大井,5,6,14,0.3846,10,差し
ベルベットハンマー,2026-03-10,大井,8,6,10,0.5556,7,差し
ベルベットハンマー,2026-03-23,大井,8,7,12,0.5455,6,差し
ベルベットハンマー,2026-04-13,大井,8,7,12,0.5455,3,差し
ベルベットハンマー,2026-04-28,大井,6,3,10,0.2222,3,差し
ベルベットハンマー,2026-08-31,大井,7,3,13,0.1667,2,差し
ベルボールドナイン,2026-01-16,大井,6,11,13,0.8333,7,差し
ベルボールドナイン,2026-02-20,大井,8,6,13,0.4167,4,差し
ベルボールドナイン,2026-03-13,大井,4,6,12,0.4545,6,差し
ベルボールドナイン,2026-03-27,大井,5,6,14,0.3846,10,差し
ベルボールドナイン,2026-07-22,大井,7,7,13,0.5,6,差し
ベレニーチェ,2026-01-14,大井,12,12,14,0.8462,9,差し
ベレニーチェ,2026-02-16,大井,8,9,13,0.6667,11,追込
ベンテイガ,2026-01-16,大井,12,12,14,0.8462,3,追込
ベンテイガ,2026-02-20,大井,11,13,15,0.8571,1,追込
ベンテイガ,2026-03-24,大井,11,4,16,0.2,12,追込
ベンテイガ,2026-04-16,大井,10,1,14,0.0,3,追込
ベンテイガ,2026-07-24,大井,7,4,9,0.375,9,追込
ベンテイガ,2026-08-14,大井,10,2,9,0.125,4,差し
ベンハー,2026-01-16,大井,1,1,14,0.0,6,差し
ベンハー,2026-01-29,大井,1,1,12,0.0,1,差し
ベンハー,2026-02-17,大井,6,3,12,0.1818,1,差し
ベンハー,2026-07-21,大井,7,4,13,0.25,8,差し
ペイシャカレン,2026-04-15,大井,12,10,16,0.6,16,先行
ペイシャキセキ,2026-07-21,大井,6,7,13,0.5,7,差し
ペイシャキセキ,2026-08-14,大井,3,1,13,0.0,3,差し
ペイシャキセキ,2026-09-02,大井,6,1,14,0.0,2,差し
ペイシャケリー,2026-03-11,大井,6,1,12,0.0,2,差し
ペイシャケリー,2026-03-25,大井,6,1,14,0.0,1,差し
ペイシャケリー,2026-04-17,大井,9,1,14,0.0,2,差し
ペイシャケリー,2026-05-18,大井,12,3,14,0.1538,8,先行
ペイシャケリー,2026-09-02,大井,5,1,12,0.0,1,先行
ペイシャコパ,2026-01-26,大井,10,3,13,0.1667,8,差し
ペイシャコパ,2026-02-17,大井,12,11,16,0.6667,13,先行
ペイシャコパ,2026-03-12,大井,11,3,12,0.1818,9,先行
ペイシャコパ,2026-03-26,大井,7,1,9,0.0,8,先行
ペイルムーン,2026-03-12,大井,2,4,13,0.25,6,差し
ペイルムーン,2026-05-20,大井,3,6,14,0.3846,3,差し
ペイルムーン,2026-06-08,大井,9,4,12,0.2727,3,差し
ペイルムーン,2026-06-30,大井,6,5,14,0.3077,3,差し
ペイルムーン,2026-07-23,大井,2,2,16,0.0667,2,差し
ペイルムーン,2026-08-13,大井,1,1,12,0.0,1,差し
ペイルムーン,2026-09-02,大井,5,3,12,0.1818,5,差し
ペニーファウンテン,2026-01-13,大井,3,1,10,0.0,1,差し
ペニーファウンテン,2026-01-29,大井,11,8,11,0.7,7,差し
ペニーファウンテン,2026-04-17,大井,2,3,11,0.2,6,差し
ペニーファウンテン,2026-06-11,大井,3,3,9,0.25,1,差し
ペニーファウンテン,2026-08-17,大井,7,2,12,0.0909,3,差し
ペピタドーロ,2026-01-16,大井,12,2,14,0.0769,1,差し
ペプトンオー,2026-08-13,大井,2,1,9,0.0,1,
ペルセイズ,2026-05-21,大井,5,1,14,0.0,6,差し
ペルセイズ,2026-06-12,大井,8,2,13,0.0833,7,差し
ペルセイズ,2026-07-01,大井,8,1,14,0.0,1,差し
ペルセイズ,2026-07-24,大井,10,2,14,0.0769,3,先行
ペルセイズ,2026-08-16,大井,7,1,11,0.0,2,先行
ペルセイズ,2026-09-02,大井,8,1,12,0.0,1,先行
ペルセヴェランテ,2026-07-03,大井,11,2,10,0.1111,1,先行
ペルセヴェランテ,2026-08-16,大井,9,2,9,0.125,7,先行
ペレグリン,2026-05-21,大井,11,2,13,0.0833,1,差し
ページェント,2026-04-17,大井,11,6,12,0.4545,6,差し
ホウオウチェスター,2026-04-29,大井,4,6,12,0.4545,5,差し
ホウオウチェスター,2026-05-20,大井,8,2,11,0.1,3,差し
ホウオウチェスター,2026-06-11,大井,8,4,13,0.25,8,差し
ホウライショウ,2026-03-09,大井,2,10,12,0.8182,9,追込
ホウライショウ,2026-03-23,大井,2,9,14,0.6154,9,追込
ホウライショウ,2026-04-13,大井,1,8,13,0.5833,4,追込
ホウライショウ,2026-04-27,大井,1,7,14,0.4615,12,追込
ホクトヴェルテクス,2026-02-17,大井,3,2,13,0.0833,2,差し
ホクトヴェルテクス,2026-03-11,大井,3,8,12,0.6364,9,差し
ホクトヴェルテクス,2026-03-25,大井,3,12,14,0.8462,11,差し
ホクトヴェルテクス,2026-04-15,大井,4,4,10,0.3333,8,差し
ホクトヴェルテクス,2026-04-28,大井,4,3,12,0.1818,6,差し
ホクトヴェルテクス,2026-05-21,大井,2,5,14,0.3077,8,差し
ホップステップ,2026-04-13,大井,3,3,10,0.2222,3,
ホップステップ,2026-04-27,大井,4,2,11,0.1,3,差し
ホップステップ,2026-05-21,大井,1,5,11,0.4,9,差し
ホップステップ,2026-06-09,大井,1,3,9,0.25,2,差し
ホップステップ,2026-07-01,大井,2,3,13,0.1667,1,差し
ホロムア,2026-04-15,大井,3,1,10,0.0,1,逃げ
ホロムア,2026-05-01,大井,3,5,9,0.5,9,逃げ
ホワイトマジック,2026-01-30,大井,7,2,10,0.1111,1,差し
ホワイトマジック,2026-02-16,大井,10,5,14,0.3077,4,差し
ホワイトマジック,2026-03-11,大井,10,4,13,0.25,1,差し
ホワイトマジック,2026-04-16,大井,9,3,16,0.1333,1,差し
ホワイトマジック,2026-05-19,大井,12,2,16,0.0667,5,差し
ホワイトマジック,2026-06-09,大井,9,3,14,0.1538,3,先行
ホワイトマジック,2026-06-30,大井,9,5,9,0.5,1,差し
ホワイトマジック,2026-07-24,大井,11,4,16,0.2,1,差し
ホーリーモミジ,2026-01-26,大井,3,1,9,0.0,2,
ホーリーモミジ,2026-02-17,大井,4,7,12,0.5455,3,逃げ
ホーリーモミジ,2026-03-11,大井,3,2,12,0.0909,7,先行
ホーリーモミジ,2026-04-14,大井,2,1,12,0.0,6,先行
ホーリーモミジ,2026-04-28,大井,5,2,14,0.0769,7,逃げ
ボナンザ,2026-07-02,大井,11,2,10,0.1111,7,差し
ボニーマジェスティ,2026-01-26,大井,12,3,15,0.1429,12,差し
ボニーマジェスティ,2026-02-16,大井,8,5,13,0.3333,6,差し
ボニーマジェスティ,2026-03-10,大井,6,4,6,0.6,4,差し
ボビー,2026-05-01,大井,2,6,13,0.4167,8,差し
ボビー,2026-05-22,大井,3,4,12,0.2727,7,差し
ボビー,2026-06-12,大井,1,6,9,0.625,5,差し
ボビー,2026-07-03,大井,3,6,12,0.4545,9,差し
ボビー,2026-08-15,大井,6,4,13,0.25,6,差し
ボラボラフレイバー,2026-01-14,大井,10,12,15,0.7857,6,追込
ボラボラフレイバー,2026-01-30,大井,10,6,16,0.3333,6,追込
ボラボラフレイバー,2026-02-20,大井,12,10,16,0.6,3,追込
ボラボラフレイバー,2026-03-12,大井,10,8,16,0.4667,2,差し
ボラボラフレイバー,2026-03-24,大井,12,5,13,0.3333,6,差し
ボラボラフレイバー,2026-04-14,大井,7,4,10,0.3333,8,差し
ボラボラフレイバー,2026-04-29,大井,10,3,15,0.1429,7,差し
ボラボラフレイバー,2026-05-18,大井,8,4,13,0.25,5,差し
ボラボラフレイバー,2026-06-09,大井,7,4,14,0.2308,8,差し
ボラボラフレイバー,2026-06-29,大井,8,6,14,0.3846,3,差し
ボラボラフレイバー,2026-07-23,大井,6,7,14,0.4615,3,差し
ボラボラフレイバー,2026-08-12,大井,6,5,12,0.3636,5,差し
ボワヴェール,2026-04-30,大井,2,2,12,0.0909,3,差し
ボワヴェール,2026-05-22,大井,10,4,8,0.4286,4,差し
ボワヴェール,2026-06-12,大井,2,4,11,0.3,8,差し
ボワヴェール,2026-07-24,大井,4,7,11,0.6,8,差し
ボワヴェール,2026-08-17,大井,7,2,12,0.0909,9,差し
ボンマティ,2026-01-16,大井,2,16,16,1.0,16,差し
ボンマティ,2026-01-30,大井,1,9,12,0.7273,8,差し
ボンマティ,2026-02-19,大井,1,12,16,0.7333,11,差し
ボンマティ,2026-03-12,大井,2,10,13,0.75,13,差し
ボンマティ,2026-03-26,大井,2,7,13,0.5,6,差し
ボンマティ,2026-08-15,大井,2,9,14,0.6154,13,差し
ボンマティ,2026-08-31,大井,1,8,13,0.5833,13,差し
ボンヴィアッジョ,2026-06-10,大井,3,1,11,0.0,1,先行
ボンヴィアッジョ,2026-07-03,大井,3,4,12,0.2727,11,先行
ボンヴィアッジョ,2026-07-24,大井,4,3,11,0.2,9,先行
ボンヴィアッジョ,2026-08-17,大井,7,1,12,0.0,4,先行
ボートレーサー,2026-01-29,大井,11,5,11,0.4,4,先行
ポアゾンノアール,2026-01-27,大井,10,1,15,0.0,2,逃げ
ポアゾンノアール,2026-02-17,大井,10,2,13,0.0833,1,逃げ
ポアゾンノアール,2026-03-13,大井,8,3,10,0.2222,6,逃げ
ポアゾンノアール,2026-05-21,大井,5,1,14,0.0,3,先行
ポアゾンノアール,2026-06-12,大井,12,1,13,0.0,2,先行
ポアゾンノアール,2026-07-23,大井,9,1,9,0.0,3,先行
ポアゾンノアール,2026-08-16,大井,7,3,11,0.2,3,先行
ポアゾンボス,2026-07-21,大井,11,1,13,0.0,10,差し
ポアゾンボス,2026-08-17,大井,5,3,8,0.2857,5,差し
ポケットブルー,2026-08-12,大井,2,2,5,0.25,3,
ポジターノ,2026-01-15,大井,1,6,12,0.4545,4,追込
ポジターノ,2026-01-26,大井,6,12,12,1.0,11,差し
ポジターノ,2026-02-20,大井,12,10,16,0.6,14,追込
ポジターノ,2026-03-12,大井,10,12,16,0.7333,16,追込
ポジターノ,2026-03-25,大井,9,1,11,0.0,6,追込
ポジターノ,2026-04-27,大井,8,8,14,0.5385,10,追込
ポジターノ,2026-05-18,大井,5,6,12,0.4545,11,追込
ポジターノ,2026-06-08,大井,7,8,12,0.6364,10,追込
ポジターノ,2026-07-24,大井,1,6,15,0.3571,8,追込
ポジターノ,2026-08-13,大井,1,7,12,0.5455,6,追込
ポチョラーダ,2026-01-12,大井,10,5,11,0.4,8,差し
ポチョラーダ,2026-02-16,大井,12,5,13,0.3333,11,差し
ポッドジャスパー,2026-01-16,大井,10,7,11,0.6,10,逃げ
ポッドソル,2026-01-13,大井,9,2,8,0.1429,1,逃げ
ポッドフェスタ,2026-02-18,大井,11,7,16,0.4,12,先行
ポッドマデラ,2026-07-21,大井,4,1,8,0.0,3,
ポッドマデラ,2026-08-17,大井,4,3,8,0.2857,7,逃げ
ポッドレオ,2026-04-15,大井,12,5,16,0.2667,14,差し
ポリアンセモス,2026-01-14,大井,6,2,14,0.0769,2,差し
ポリゴンウェイヴ,2026-06-11,大井,11,1,12,0.0,6,先行
ポリトナリティー,2026-07-21,大井,12,9,16,0.5333,16,追込
ポリトナリティー,2026-08-16,大井,5,9,9,1.0,9,追込
ポリトナリティー,2026-09-04,大井,11,8,13,0.5833,13,追込
ポリループ,2026-08-12,大井,4,5,14,0.3077,1,
ポルタロマーナ,2026-04-15,大井,5,5,14,0.3077,14,先行
ポルタロマーナ,2026-04-30,大井,3,1,10,0.0,6,先行
ポルタロマーナ,2026-05-21,大井,1,2,11,0.1,10,先行
ポルタロマーナ,2026-06-10,大井,5,1,13,0.0,1,先行
ポルトディタリー,2026-02-18,大井,2,6,13,0.4167,8,差し
ポルトディタリー,2026-03-11,大井,1,5,14,0.3077,4,差し
ポルトディタリー,2026-03-26,大井,2,2,13,0.0833,5,差し
ポルトディタリー,2026-04-16,大井,2,2,11,0.1,1,差し
ポルトディタリー,2026-04-27,大井,8,2,14,0.0769,6,差し
ポルトディタリー,2026-05-18,大井,6,4,14,0.2308,1,先行
ポルトディタリー,2026-06-09,大井,5,4,11,0.3,7,先行
ポルトディタリー,2026-07-02,大井,6,2,12,0.0909,7,先行
ポルトディタリー,2026-07-20,大井,8,3,13,0.1667,2,先行
ポルトディタリー,2026-08-14,大井,4,3,12,0.1818,7,先行
ポルトディタリー,2026-08-31,大井,8,4,14,0.2308,11,先行
ポロリス,2026-01-13,大井,3,6,10,0.5556,7,差し
ポロリス,2026-01-27,大井,3,11,11,1.0,9,差し
ポロリス,2026-02-17,大井,3,5,13,0.3333,10,差し
ポロリス,2026-03-09,大井,6,8,14,0.5385,5,差し
ポロリス,2026-03-24,大井,3,7,14,0.4615,7,差し
ポロリス,2026-04-14,大井,2,5,12,0.3636,12,差し
ポロリス,2026-04-28,大井,4,4,12,0.2727,9,差し
ポロリス,2026-05-20,大井,5,3,11,0.2,8,差し
ポロリス,2026-06-09,大井,1,7,9,0.75,7,差し
ポロリス,2026-06-29,大井,5,7,12,0.5455,10,差し
ポロリス,2026-07-21,大井,2,8,14,0.5385,9,追込
ポロリス,2026-08-12,大井,4,5,14,0.3077,7,差し
ポンドスプリング,2026-01-13,大井,2,4,15,0.2143,6,先行
ポンドスプリング,2026-01-27,大井,1,3,14,0.1538,5,先行
ポンドスプリング,2026-02-17,大井,1,5,15,0.2857,4,先行
ポンドスプリング,2026-03-10,大井,2,2,13,0.0833,1,先行
ポンドスプリング,2026-03-26,大井,3,8,14,0.5385,13,先行
ポンペルモ,2026-01-14,大井,2,6,15,0.3571,14,逃げ
ポンペルモ,2026-01-29,大井,1,5,12,0.3636,6,先行
ポンペルモ,2026-02-18,大井,2,4,13,0.25,11,差し
ポンペルモ,2026-03-11,大井,1,9,14,0.6154,11,差し
ポンペルモ,2026-03-26,大井,2,5,13,0.3333,10,差し
ポンペルモ,2026-04-16,大井,2,1,11,0.0,3,差し
ポンペルモ,2026-04-29,大井,1,1,8,0.0,3,差し
ポンペルモ,2026-05-18,大井,5,2,12,0.0909,8,先行
ポンペルモ,2026-06-08,大井,7,1,12,0.0,2,先行
ポンペルモ,2026-06-30,大井,4,1,10,0.0,1,逃げ
ポンペルモ,2026-07-20,大井,7,1,10,0.0,4,逃げ
ポンペルモ,2026-08-14,大井,3,2,13,0.0833,10,逃げ
ポンペルモ,2026-08-31,大井,10,8,15,0.5,9,逃げ
マイティストライク,2026-06-29,大井,1,1,12,0.0,5,差し
マイトリックスター,2026-09-02,大井,9,7,13,0.5,9,追込
マイネルイージス,2026-01-15,大井,9,10,12,0.8182,6,追込
マイネルイージス,2026-01-29,大井,12,9,14,0.6154,3,追込
マイネルイージス,2026-02-16,大井,12,11,13,0.8333,7,追込
マイネルイージス,2026-03-12,大井,12,10,14,0.6923,7,追込
マイネルイージス,2026-03-26,大井,8,7,7,1.0,3,追込
マイネルイージス,2026-04-17,大井,10,5,13,0.3333,9,追込
マイネルイージス,2026-04-30,大井,12,4,14,0.2308,6,追込
マイネルイージス,2026-05-20,大井,9,6,15,0.3571,8,追込
マイネルイージス,2026-06-10,大井,8,4,12,0.2727,3,追込
マイネルイージス,2026-07-02,大井,12,4,14,0.2308,2,差し
マイネルイージス,2026-07-24,大井,9,6,12,0.4545,10,差し
マイネルイージス,2026-08-13,大井,7,5,8,0.5714,6,追込
マイネルオデーサ,2026-01-12,大井,12,11,16,0.6667,10,差し
マイネルオデーサ,2026-01-26,大井,10,7,13,0.5,7,差し
マイネルオデーサ,2026-02-19,大井,12,3,13,0.1667,2,差し
マイネルオデーサ,2026-03-12,大井,11,5,12,0.3636,5,差し
マイネルオデーサ,2026-03-26,大井,12,11,13,0.8333,7,差し
マイネルオデーサ,2026-04-15,大井,9,5,7,0.6667,6,追込
マイネルオデーサ,2026-05-01,大井,10,5,10,0.4444,8,追込
マイネルオデーサ,2026-05-21,大井,12,4,14,0.2308,7,差し
マイネルオデーサ,2026-06-11,大井,10,5,14,0.3077,5,差し
マイネルオデーサ,2026-06-30,大井,10,5,12,0.3636,4,差し
マイネルオデーサ,2026-07-21,大井,12,8,16,0.4667,4,差し
マイネルオデーサ,2026-08-16,大井,5,4,9,0.375,6,差し
マイネルオデーサ,2026-08-31,大井,12,5,15,0.2857,6,差し
マイネルサブマリン,2026-03-13,大井,11,6,10,0.5556,6,差し
マイネルサブマリン,2026-04-13,大井,9,5,12,0.3636,3,差し
マイネルサブマリン,2026-05-01,大井,11,4,10,0.3333,3,差し
マイネルサンテ,2026-01-15,大井,6,1,14,0.0,11,差し
マイネルサンテ,2026-01-29,大井,7,9,14,0.6154,8,差し
マイネルサンテ,2026-02-19,大井,10,8,14,0.5385,11,差し
マイネルサンテ,2026-03-12,大井,8,5,11,0.4,6,差し
マイネルサンテ,2026-03-25,大井,6,5,14,0.3077,3,差し
マイネルサンテ,2026-04-16,大井,6,3,14,0.1538,12,差し
マイネルサンテ,2026-04-30,大井,6,8,14,0.5385,9,差し
マイネルサンテ,2026-05-20,大井,10,5,12,0.3636,9,差し
マイネルサンテ,2026-06-11,大井,9,9,14,0.6154,13,差し
マイネルディレクト,2026-01-16,大井,11,4,11,0.3,8,差し
マイネルディレクト,2026-01-27,大井,11,8,13,0.5833,9,差し
マイネルディレクト,2026-02-18,大井,12,11,13,0.8333,9,差し
マイネルディレクト,2026-05-01,大井,12,9,16,0.5333,15,差し
マイネルボンバー,2026-01-12,大井,11,8,9,0.875,7,先行
マイネルボンバー,2026-01-26,大井,12,6,15,0.3571,15,先行
マイネルボンバー,2026-02-16,大井,8,7,13,0.5,5,先行
マイネルボンバー,2026-03-12,大井,9,1,7,0.0,3,先行
マイネルボンバー,2026-03-26,大井,12,1,13,0.0,1,先行
マイネルボンバー,2026-04-13,大井,9,1,12,0.0,2,先行
マイネルボンバー,2026-04-30,大井,10,1,15,0.0,13,逃げ
マイネルボンバー,2026-05-22,大井,11,7,12,0.5455,12,逃げ
マイネルボンバー,2026-06-09,大井,11,4,14,0.2308,8,逃げ
マイネルボンバー,2026-07-03,大井,11,1,10,0.0,3,逃げ
マイネルボンバー,2026-07-23,大井,12,2,12,0.0909,3,逃げ
マイネルボンバー,2026-08-17,大井,9,2,9,0.125,8,先行
マイネルボンバー,2026-08-31,大井,11,4,14,0.2308,14,逃げ
マイフェアレディ,2026-05-19,大井,5,7,14,0.4615,11,追込
マイフェアレディ,2026-06-09,大井,5,2,11,0.1,1,追込
マイフェアレディ,2026-07-03,大井,8,6,13,0.4167,13,差し
マイフェアレディ,2026-07-21,大井,7,7,13,0.5,9,差し
マイフェアレディ,2026-08-14,大井,4,4,12,0.2727,6,差し
マイフェアレディ,2026-09-02,大井,7,1,15,0.0,8,差し
マイペース,2026-05-22,大井,1,9,13,0.6667,12,追込
マインゴールド,2026-01-13,大井,5,12,14,0.8462,12,差し
マインゴールド,2026-01-28,大井,4,10,11,0.9,7,差し
マインゴールド,2026-05-21,大井,3,10,16,0.6,7,差し
マインゴールド,2026-06-09,大井,2,4,13,0.25,3,差し
マインゴールド,2026-07-01,大井,3,5,11,0.4,1,差し
マインゴールド,2026-08-15,大井,7,8,16,0.4667,3,差し
マウリノ,2026-01-14,大井,10,1,15,0.0,9,先行
マウリノ,2026-01-30,大井,10,1,16,0.0,4,先行
マウリノ,2026-02-20,大井,12,1,16,0.0,4,逃げ
マウリノ,2026-03-12,大井,10,2,16,0.0667,5,逃げ
マウリノ,2026-03-24,大井,10,2,14,0.0769,5,逃げ
マウリノ,2026-04-15,大井,6,4,10,0.3333,9,逃げ
マウリノ,2026-04-27,大井,10,1,15,0.0,2,先行
マウンテンローレル,2026-02-17,大井,11,4,15,0.2143,3,差し
マウンテンローレル,2026-04-16,大井,11,5,16,0.2667,16,差し
マエストーソギャル,2026-04-13,大井,3,1,10,0.0,1,
マエストーソギャル,2026-04-30,大井,2,1,12,0.0,7,逃げ
マエストーソギャル,2026-05-22,大井,1,6,13,0.4167,13,逃げ
マオノアデル,2026-03-12,大井,5,10,12,0.8182,10,差し
マオノアデル,2026-03-25,大井,2,2,10,0.1111,8,差し
マオノジーニー,2026-05-20,大井,9,3,15,0.1429,6,追込
マオノジーニー,2026-06-08,大井,6,4,9,0.375,5,追込
マオノジーニー,2026-09-02,大井,10,10,13,0.75,8,追込
マキズシトイナ,2026-01-14,大井,1,1,13,0.0,5,差し
マキズシトイナ,2026-01-29,大井,2,8,14,0.5385,13,差し
マキズシトイナ,2026-02-19,大井,2,9,13,0.6667,8,差し
マキズシトイナ,2026-03-12,大井,1,5,12,0.3636,4,差し
マキズシトイナ,2026-03-26,大井,1,5,13,0.3333,5,差し
マキズシトイナ,2026-04-16,大井,1,7,14,0.4615,7,差し
マキズシトイナ,2026-04-29,大井,1,2,8,0.1429,6,差し
マキズシトイナ,2026-07-22,大井,1,5,14,0.3077,9,差し
マキズシトイナ,2026-08-16,大井,1,5,14,0.3077,8,差し
マクリール,2026-02-18,大井,11,4,16,0.2,3,先行
マサノエターナル,2026-01-12,大井,6,2,14,0.0769,1,追込
マサノエターナル,2026-02-20,大井,2,4,12,0.2727,7,差し
マサノエターナル,2026-03-26,大井,5,9,12,0.7273,9,差し
マサノエターナル,2026-04-15,大井,3,2,10,0.1111,6,差し
マサノエターナル,2026-04-30,大井,2,1,12,0.0,2,差し
マサノエターナル,2026-05-22,大井,10,3,8,0.2857,8,先行
マザオ,2026-01-15,大井,11,4,11,0.3,3,差し
マザオ,2026-02-16,大井,11,3,16,0.1333,3,差し
マザオ,2026-03-11,大井,7,4,7,0.5,5,先行
マザオ,2026-04-17,大井,11,2,12,0.0909,3,先行
マザオ,2026-06-08,大井,10,2,9,0.125,3,先行
マジェスティルール,2026-01-12,大井,8,9,13,0.6667,3,差し
マジェスティルール,2026-01-26,大井,8,8,13,0.5833,5,追込
マジェスティルール,2026-02-17,大井,5,3,14,0.1538,6,差し
マジェスティルール,2026-03-09,大井,9,11,14,0.7692,5,差し
マジェスティルール,2026-03-23,大井,8,8,12,0.6364,7,差し
マジェスティルール,2026-04-13,大井,8,8,12,0.6364,5,追込
マジェスティルール,2026-04-28,大井,6,6,10,0.5556,8,追込
マジェスティルール,2026-05-22,大井,9,6,10,0.5556,9,追込
マジェスティルール,2026-06-08,大井,7,9,12,0.7273,8,追込
マジェスティルール,2026-06-30,大井,4,7,10,0.6667,3,追込
マジェスティルール,2026-07-23,大井,1,5,13,0.3333,5,追込
マジェスティルール,2026-08-17,大井,1,5,11,0.4,5,追込
マジェスティルール,2026-08-31,大井,7,5,13,0.3333,5,追込
マジシャンガール,2026-02-16,大井,10,2,14,0.0769,2,先行
マジシャンガール,2026-03-11,大井,10,1,13,0.0,2,先行
マジシャンガール,2026-04-15,大井,10,2,14,0.0769,2,先行
マジシャンガール,2026-05-21,大井,7,2,11,0.1,3,先行
マジシャンガール,2026-07-01,大井,12,1,15,0.0,4,先行
マジシャンガール,2026-07-24,大井,8,3,12,0.1818,7,先行
マジシャンガール,2026-08-14,大井,8,4,16,0.2,3,先行
マジシャンガール,2026-09-04,大井,12,5,15,0.2857,2,先行
マジックエレガンス,2026-04-13,大井,4,1,10,0.0,1,
マジックエレガンス,2026-04-30,大井,3,2,10,0.1111,2,逃げ
マジックエレガンス,2026-07-03,大井,7,2,9,0.125,4,先行
マジックエレガンス,2026-08-15,大井,7,1,16,0.0,1,差し
マジックオブラブ,2026-05-21,大井,7,1,11,0.0,1,先行
マジックオブラブ,2026-06-09,大井,9,1,14,0.0,1,逃げ
マジックタイプ,2026-01-15,大井,7,9,10,0.8889,7,差し
マジックタイプ,2026-01-29,大井,7,13,14,0.9231,6,差し
マジックタイプ,2026-07-03,大井,8,5,13,0.3333,5,差し
マジックタイプ,2026-07-21,大井,7,10,13,0.75,13,差し
マジックタイプ,2026-08-14,大井,4,7,12,0.5455,5,差し
マジックタイプ,2026-09-02,大井,6,4,14,0.2308,8,差し
マスターオブライフ,2026-04-29,大井,12,1,16,0.0,1,先行
マスターオブライフ,2026-06-08,大井,11,1,16,0.0,1,先行
マスターオブライフ,2026-07-23,大井,11,2,10,0.1111,1,先行
マスターオブライフ,2026-09-02,大井,11,6,16,0.3333,3,先行
マスターキー,2026-05-22,大井,8,1,13,0.0,13,先行
マスターキー,2026-06-12,大井,6,2,12,0.0909,5,逃げ
マスターキー,2026-07-03,大井,10,2,14,0.0769,9,逃げ
マックス,2026-03-26,大井,11,4,13,0.25,10,先行
マックス,2026-08-12,大井,9,3,11,0.2,10,先行
マックス,2026-09-02,大井,11,5,16,0.2667,16,差し
マッシブショット,2026-07-22,大井,10,2,9,0.125,3,差し
マッスル,2026-03-09,大井,11,6,10,0.5556,9,差し
マッスルチャミー,2026-01-14,大井,5,7,11,0.6,6,差し
マッスルチャミー,2026-01-28,大井,3,1,14,0.0,1,差し
マッスルチャミー,2026-02-18,大井,9,6,11,0.5,10,差し
マッチャンサンバ,2026-05-18,大井,10,7,9,0.75,9,差し
マツリ,2026-07-20,大井,5,6,10,0.5556,2,
マツリ,2026-08-12,大井,1,2,10,0.1111,2,差し
マドモアゼルレンヌ,2026-01-15,大井,10,2,12,0.0909,6,逃げ
マドモアゼルレンヌ,2026-01-29,大井,10,1,15,0.0,14,逃げ
マドモアゼルレンヌ,2026-02-17,大井,9,4,12,0.2727,9,逃げ
マドモアゼルレンヌ,2026-03-26,大井,10,2,14,0.0769,14,逃げ
マドモアゼルレンヌ,2026-04-15,大井,7,6,12,0.4545,12,先行
マドモアゼルレンヌ,2026-04-29,大井,9,1,14,0.0,5,先行
マドモアゼルレンヌ,2026-05-19,大井,8,1,9,0.0,6,先行
マドモアゼルレンヌ,2026-06-10,大井,9,1,14,0.0,13,先行
マドモアゼルレンヌ,2026-06-30,大井,8,2,16,0.0667,9,逃げ
マドモアゼルレンヌ,2026-07-24,大井,8,2,12,0.0909,6,逃げ
マドモアゼルレンヌ,2026-08-12,大井,8,6,13,0.4167,9,逃げ
マドモアゼルロゼ,2026-04-15,大井,3,4,10,0.3333,10,追込
マドモアゼルロゼ,2026-04-30,大井,2,3,12,0.1818,10,差し
マドモアゼルロゼ,2026-05-21,大井,2,7,14,0.4615,7,差し
マドモアゼルロゼ,2026-06-10,大井,4,5,14,0.3077,10,追込
マドモアゼルロゼ,2026-07-02,大井,4,5,13,0.3333,13,差し
マドモアゼルロゼ,2026-07-22,大井,3,7,14,0.4615,11,差し
マドモアゼルロゼ,2026-08-13,大井,3,3,13,0.1667,9,差し
マドモアゼルロゼ,2026-09-02,大井,1,8,12,0.6364,5,差し
マニス,2026-08-12,大井,6,5,12,0.3636,8,追込
マニーヒーロー,2026-01-16,大井,4,1,14,0.0,14,逃げ
マニーヒーロー,2026-01-30,大井,6,2,14,0.0769,14,逃げ
マニーヒーロー,2026-02-20,大井,8,11,13,0.8333,13,逃げ
マハーギータ,2026-01-29,大井,3,3,13,0.1667,13,差し
マハーギータ,2026-02-19,大井,3,11,14,0.7692,12,差し
マハーギータ,2026-03-12,大井,1,7,12,0.5455,11,差し
マハーギータ,2026-03-25,大井,1,7,10,0.6667,8,差し
マハーギータ,2026-04-17,大井,1,3,13,0.1667,11,差し
マハーギータ,2026-04-29,大井,2,3,13,0.1667,11,差し
マハーギータ,2026-05-20,大井,3,9,14,0.6154,10,差し
マハーギータ,2026-06-11,大井,2,7,13,0.5,8,差し
マハーギータ,2026-07-03,大井,2,5,14,0.3077,11,差し
マハーギータ,2026-07-20,大井,1,4,14,0.2308,7,差し
マハーギータ,2026-08-15,大井,1,4,12,0.2727,11,差し
マハーギータ,2026-08-31,大井,1,5,13,0.3333,4,差し
マヒナブラヴォー,2026-02-19,大井,9,10,11,0.9,8,追込
マヒロ,2026-02-20,大井,9,11,15,0.7143,13,差し
マヒロ,2026-03-13,大井,4,12,12,1.0,10,差し
マヒロ,2026-03-27,大井,6,6,14,0.3846,7,差し
マヒロ,2026-04-17,大井,9,2,14,0.0769,5,差し
マヒロ,2026-05-01,大井,8,1,10,0.0,4,差し
マヒロ,2026-05-21,大井,9,4,13,0.25,6,差し
マヒロ,2026-07-03,大井,10,7,14,0.4615,11,差し
マヒロ,2026-07-22,大井,7,3,13,0.1667,7,差し
マヒロ,2026-08-12,大井,7,7,11,0.6,11,差し
ママアリガトー,2026-08-14,大井,5,4,14,0.2308,5,差し
ママアリガトー,2026-09-02,大井,5,6,12,0.4545,10,差し
ママコチャ,2026-04-15,大井,11,4,14,0.2308,5,差し
マムティプリンス,2026-01-29,大井,12,3,14,0.1538,8,差し
マムティプリンス,2026-03-12,大井,12,1,14,0.0,1,差し
マムティプリンス,2026-04-16,大井,7,3,11,0.2,8,先行
マムティプリンス,2026-04-30,大井,12,2,14,0.0769,2,先行
マムティプリンス,2026-05-21,大井,12,3,14,0.1538,11,先行
マムティプリンス,2026-06-10,大井,12,5,13,0.3333,6,先行
マリーラークスパー,2026-01-12,大井,1,6,13,0.4167,6,追込
マリーラークスパー,2026-02-16,大井,1,10,16,0.6,8,追込
マリーラークスパー,2026-03-09,大井,1,7,14,0.4615,6,差し
マリーラークスパー,2026-03-23,大井,1,8,11,0.7,9,差し
マルカンストーミー,2026-04-27,大井,3,1,11,0.0,7,
マルカンブロンド,2026-01-15,大井,12,5,8,0.5714,2,差し
マルカンブロンド,2026-01-26,大井,12,7,15,0.4286,11,差し
マルカンブロンド,2026-03-12,大井,9,4,7,0.5,4,差し
マルカンプレスト,2026-01-12,大井,2,7,13,0.5,13,差し
マルカンプレスト,2026-01-26,大井,2,2,13,0.0833,2,差し
マルカンプレスト,2026-02-17,大井,1,2,15,0.0714,2,差し
マルカンプレスト,2026-03-11,大井,2,3,12,0.1818,5,差し
マルカンプレスト,2026-03-26,大井,3,4,14,0.2308,10,先行
マルカンプレスト,2026-04-29,大井,2,8,13,0.5833,12,先行
マルカンプレスト,2026-07-20,大井,2,7,15,0.4286,8,先行
マルカンプレスト,2026-08-15,大井,1,6,12,0.4545,12,先行
マルカンプレスト,2026-08-31,大井,2,7,14,0.4615,7,差し
マルカンラニ,2026-05-20,大井,11,8,16,0.4667,10,差し
マルカンラニ,2026-07-01,大井,11,7,13,0.5,12,差し
マルチキータ,2026-01-28,大井,5,1,8,0.0,3,差し
マルチキータ,2026-02-19,大井,8,12,13,0.9167,9,逃げ
マルチキータ,2026-03-23,大井,10,9,9,1.0,6,逃げ
マルチキータ,2026-04-16,大井,4,2,11,0.1,7,差し
マルチキータ,2026-05-20,大井,6,1,12,0.0,6,差し
マルチライセンス,2026-01-15,大井,9,12,12,1.0,11,追込
マルチライセンス,2026-01-27,大井,12,9,13,0.6667,9,追込
マルチライセンス,2026-04-29,大井,10,7,15,0.4286,10,追込
マルチライセンス,2026-05-19,大井,6,8,14,0.5385,13,追込
マルチライセンス,2026-07-01,大井,9,8,14,0.5385,5,追込
マルヨジョーダン,2026-01-16,大井,6,9,13,0.6667,13,差し
マルヨジョーダン,2026-01-30,大井,7,4,10,0.3333,5,差し
マルヨジョーダン,2026-02-20,大井,9,15,15,1.0,14,差し
マルヨジョーダン,2026-03-13,大井,6,1,14,0.0,1,差し
マルヨジョーダン,2026-03-26,大井,10,1,14,0.0,1,差し
マルヨジョーダン,2026-04-16,大井,9,3,16,0.1333,15,差し
マルヨジョーダン,2026-04-30,大井,9,1,14,0.0,1,差し
マルヨジョーダン,2026-05-19,大井,12,8,16,0.4667,15,先行
マルヨジョーダン,2026-06-09,大井,9,10,14,0.6923,14,先行
マルヨジョーダン,2026-07-01,大井,7,2,12,0.0909,11,差し
マルヨリヴィエラ,2026-01-12,大井,3,8,15,0.5,7,差し
マルヨリヴィエラ,2026-01-30,大井,1,12,12,1.0,11,差し
マルヨリヴィエラ,2026-02-19,大井,3,13,14,0.9231,11,差し
マルヨリヴィエラ,2026-03-09,大井,1,13,14,0.9231,9,追込
マルヨリヴィエラ,2026-03-23,大井,1,7,11,0.6,2,追込
マロンシャンテリー,2026-07-24,大井,7,3,9,0.25,6,差し
マロンシャンテリー,2026-08-17,大井,9,4,9,0.375,7,差し
マンゴーパフェ,2026-03-23,大井,5,10,14,0.6923,8,
マンゴーパフェ,2026-04-13,大井,3,6,10,0.5556,6,差し
マンゴーパフェ,2026-04-27,大井,3,8,11,0.7,8,追込
マンゴーパフェ,2026-05-18,大井,1,7,12,0.5455,11,差し
マンゴーパフェ,2026-06-08,大井,2,7,10,0.6667,9,追込
マンゴーパフェ,2026-06-29,大井,1,9,12,0.7273,9,差し
マンゴーパフェ,2026-07-20,大井,5,7,10,0.6667,5,追込
マンゴーパフェ,2026-08-12,大井,1,5,10,0.4444,6,追込
マンゴーパフェ,2026-08-31,大井,5,10,12,0.8182,12,追込
マンダリンヒーロー,2026-04-28,大井,11,8,16,0.4667,13,追込
マンダリンヒーロー,2026-06-11,大井,11,7,12,0.5455,7,追込
マーカンエミーオ,2026-03-09,大井,1,2,14,0.0769,2,先行
マーカンエミーオ,2026-03-23,大井,1,1,11,0.0,1,先行
マーカンエミーオ,2026-04-27,大井,2,4,14,0.2308,11,先行
マーカンエミーオ,2026-05-19,大井,2,2,12,0.0909,2,先行
マースインディ,2026-01-14,大井,11,11,11,1.0,8,差し
マースインディ,2026-02-17,大井,11,12,15,0.7857,14,差し
マースインディ,2026-03-10,大井,11,16,16,1.0,13,差し
マースインディ,2026-03-26,大井,11,11,13,0.8333,7,追込
マースインディ,2026-04-16,大井,11,9,16,0.5333,15,差し
マースインディ,2026-04-28,大井,11,8,16,0.4667,16,差し
マーナーパス,2026-04-13,大井,2,1,13,0.0,4,逃げ
マーナーパス,2026-04-27,大井,2,2,14,0.0769,10,逃げ
マーナーパス,2026-05-19,大井,2,1,12,0.0,7,逃げ
マーナーパス,2026-06-08,大井,1,2,11,0.1,5,逃げ
マーナーパス,2026-07-01,大井,1,1,12,0.0,3,逃げ
マーナーパス,2026-07-20,大井,2,2,15,0.0714,7,逃げ
マーナーパス,2026-08-15,大井,2,2,14,0.0769,9,先行
マーナーパス,2026-08-31,大井,2,1,14,0.0,13,先行
マーブルマカロン,2026-02-20,大井,6,5,8,0.5714,1,差し
マーベラスパワー,2026-01-14,大井,5,6,11,0.5,9,先行
マーベラスパワー,2026-01-28,大井,4,2,11,0.1,5,先行
マーベラスパワー,2026-02-19,大井,6,6,14,0.3846,10,先行
マーロウ,2026-08-13,大井,5,6,14,0.3846,9,逃げ
ミエノサンダー,2026-03-26,大井,12,2,13,0.0833,9,逃げ
ミエノサンダー,2026-04-16,大井,10,1,14,0.0,6,先行
ミエノサンダー,2026-04-28,大井,10,2,9,0.125,4,逃げ
ミエノワイルド,2026-01-27,大井,3,2,11,0.1,1,差し
ミエノワイルド,2026-02-20,大井,2,6,12,0.4545,2,差し
ミエノワイルド,2026-03-13,大井,2,3,9,0.25,3,差し
ミエノワイルド,2026-03-27,大井,1,7,9,0.75,5,差し
ミエノワイルド,2026-08-15,大井,4,1,8,0.0,3,差し
ミキノカラクリバコ,2026-01-16,大井,2,7,16,0.4,4,差し
ミキノカラクリバコ,2026-01-29,大井,3,7,13,0.5,6,差し
ミキノカラクリバコ,2026-02-19,大井,1,3,16,0.1333,8,差し
ミキノカラクリバコ,2026-03-12,大井,2,6,13,0.4167,5,差し
ミキノカラクリバコ,2026-03-26,大井,2,11,13,0.8333,8,差し
ミキノカラクリバコ,2026-04-16,大井,2,6,11,0.5,5,差し
ミキノカラクリバコ,2026-04-29,大井,2,7,13,0.5,3,差し
ミキノカラクリバコ,2026-05-18,大井,6,6,14,0.3846,6,差し
ミキノカラクリバコ,2026-06-08,大井,8,6,12,0.4545,6,差し
ミキノカラクリバコ,2026-06-30,大井,5,5,11,0.4,5,追込
ミキノカラクリバコ,2026-07-20,大井,10,6,14,0.3846,11,差し
ミクニサンシャイン,2026-01-15,大井,4,3,14,0.1538,3,先行
ミクニサンシャイン,2026-03-12,大井,10,1,16,0.0,1,先行
ミクニサンシャイン,2026-04-15,大井,6,1,10,0.0,1,先行
ミクニサンシャイン,2026-06-08,大井,6,3,9,0.25,1,先行
ミクニサンシャイン,2026-07-24,大井,10,3,14,0.1538,1,先行
ミクニサンビーム,2026-01-12,大井,11,6,9,0.625,2,先行
ミクニサンビーム,2026-02-16,大井,8,4,13,0.25,1,差し
ミクニサンビーム,2026-03-26,大井,12,5,13,0.3333,6,差し
ミクニサンビーム,2026-04-28,大井,10,2,9,0.125,2,差し
ミクニサンビーム,2026-07-03,大井,11,3,10,0.2222,2,差し
ミクニサンビーム,2026-08-17,大井,9,2,9,0.125,3,差し
ミスタージョン,2026-04-16,大井,8,1,12,0.0,4,差し
ミスタージョン,2026-04-30,大井,7,1,13,0.0,4,差し
ミスタージョン,2026-05-21,大井,5,1,14,0.0,1,差し
ミチノシチリア,2026-01-14,大井,1,5,13,0.3333,4,差し
ミチノシチリア,2026-01-29,大井,2,7,14,0.4615,4,差し
ミチノシチリア,2026-02-19,大井,2,6,13,0.4167,3,差し
ミチノシチリア,2026-03-12,大井,1,4,12,0.2727,3,差し
ミチノシチリア,2026-03-26,大井,1,9,13,0.6667,7,差し
ミチノシチリア,2026-04-16,大井,1,6,14,0.3846,5,差し
ミチノシチリア,2026-04-30,大井,1,4,14,0.2308,3,差し
ミチノシチリア,2026-05-20,大井,1,5,13,0.3333,9,差し
ミチノシチリア,2026-06-11,大井,1,3,14,0.1538,4,差し
ミチノシチリア,2026-07-03,大井,1,6,11,0.5,10,差し
ミチノシチリア,2026-07-24,大井,1,2,15,0.0714,5,差し
ミチノシチリア,2026-08-17,大井,1,1,11,0.0,2,差し
ミチノシチリア,2026-08-31,大井,7,7,13,0.5,13,差し
ミチノディディ,2026-01-16,大井,4,6,14,0.3846,4,追込
ミチノディディ,2026-01-30,大井,10,2,16,0.0667,13,追込
ミチノディディ,2026-02-20,大井,7,10,12,0.8182,9,追込
ミチノディディ,2026-03-13,大井,3,5,12,0.3636,3,追込
ミチノディディ,2026-03-23,大井,10,6,9,0.625,3,差し
ミチノディディ,2026-04-14,大井,8,3,10,0.2222,9,差し
ミチノディディ,2026-04-28,大井,8,6,8,0.7143,8,差し
ミチノディディ,2026-05-18,大井,8,6,13,0.4167,13,差し
ミチノディディ,2026-06-09,大井,8,9,11,0.8,8,差し
ミチノディディ,2026-08-12,大井,7,5,11,0.4,8,差し
ミチノバレリーナ,2026-01-14,大井,5,1,11,0.0,1,先行
ミチノバレリーナ,2026-01-30,大井,4,1,9,0.0,2,先行
ミッキースバル,2026-04-29,大井,4,1,12,0.0,1,逃げ
ミッキースバル,2026-05-22,大井,6,1,12,0.0,8,逃げ
ミッキーチャレンジ,2026-01-13,大井,9,8,8,1.0,7,差し
ミッキーチャレンジ,2026-01-26,大井,10,11,13,0.8333,12,差し
ミッキーチャレンジ,2026-02-19,大井,12,12,13,0.9167,13,差し
ミッキーチャレンジ,2026-03-10,大井,12,10,16,0.6,16,追込
ミッキーチャレンジ,2026-03-23,大井,11,10,13,0.75,13,差し
ミッキーファイト,2026-07-01,大井,11,2,13,0.0833,1,先行
ミックファイア,2026-04-16,大井,11,3,16,0.1333,6,差し
ミックファイア,2026-05-20,大井,11,6,16,0.3333,11,差し
ミックファイア,2026-07-22,大井,11,4,15,0.2143,12,差し
ミツカネマーズ,2026-02-20,大井,12,13,16,0.8,12,追込
ミツカネマーズ,2026-03-25,大井,9,10,11,0.9,10,追込
ミツカネマーズ,2026-04-27,大井,10,10,15,0.6429,12,追込
ミツカネマーズ,2026-06-10,大井,6,7,10,0.6667,8,追込
ミドルマン,2026-02-16,大井,4,1,12,0.0,2,先行
ミドルマン,2026-03-09,大井,6,1,14,0.0,3,先行
ミドルマン,2026-03-25,大井,3,5,14,0.3077,9,先行
ミドルマン,2026-04-14,大井,1,4,11,0.3,3,先行
ミドルマン,2026-04-30,大井,2,3,12,0.1818,5,先行
ミドルマン,2026-05-22,大井,1,2,13,0.0833,7,差し
ミドルマン,2026-06-10,大井,3,6,11,0.5,10,差し
ミネソタ,2026-01-15,大井,7,5,10,0.4444,4,差し
ミネソタ,2026-01-29,大井,7,12,14,0.8462,4,差し
ミネソタ,2026-02-19,大井,10,9,14,0.6154,3,差し
ミネソタ,2026-03-13,大井,6,12,14,0.8462,11,差し
ミネソタ,2026-03-27,大井,6,9,14,0.6154,9,差し
ミネソタ,2026-04-17,大井,9,5,14,0.3077,7,差し
ミネソタ,2026-05-22,大井,8,7,13,0.5,9,差し
ミネノブルー,2026-01-30,大井,6,9,14,0.6154,5,差し
ミネノブルー,2026-02-20,大井,8,7,13,0.5,7,差し
ミネノブルー,2026-03-13,大井,5,6,14,0.3846,6,差し
ミネノブルー,2026-03-27,大井,4,3,6,0.4,3,差し
ミネノブルー,2026-04-17,大井,8,5,14,0.3077,8,差し
ミハタタテナシ,2026-02-17,大井,1,9,15,0.5714,8,先行
ミハタタテナシ,2026-03-10,大井,2,3,13,0.1667,3,先行
ミハタタテナシ,2026-03-24,大井,2,1,14,0.0,1,先行
ミハタタテナシ,2026-04-16,大井,3,2,11,0.1,3,先行
ミヤコノセイホク,2026-08-13,大井,2,3,9,0.25,6,
ミュウチャン,2026-01-26,大井,4,2,13,0.0833,1,差し
ミュウチャン,2026-02-18,大井,9,3,11,0.2,3,差し
ミュウチャン,2026-03-26,大井,9,5,8,0.5714,7,差し
ミュウチャン,2026-05-22,大井,1,4,13,0.25,5,差し
ミュウチャン,2026-06-11,大井,3,2,9,0.125,4,差し
ミュウチャン,2026-08-15,大井,6,1,13,0.0,4,差し
ミュークエンペラー,2026-01-15,大井,5,13,15,0.8571,13,追込
ミュークエンペラー,2026-01-28,大井,5,7,8,0.8571,8,追込
ミュークエンペラー,2026-02-18,大井,5,8,12,0.6364,5,追込
ミュークエンペラー,2026-03-25,大井,4,9,12,0.7273,7,追込
ミュークエンペラー,2026-04-16,大井,4,8,11,0.7,9,追込
ミュークエンペラー,2026-04-29,大井,3,6,13,0.4167,10,追込
ミュークエンペラー,2026-05-20,大井,6,7,12,0.5455,11,追込
ミュークエンペラー,2026-06-11,大井,12,5,11,0.4,9,追込
ミュークエンペラー,2026-07-20,大井,8,9,13,0.6667,11,追込
ミュークエンペラー,2026-08-14,大井,5,8,14,0.5385,11,追込
ミュークエンペラー,2026-08-31,大井,10,10,15,0.6429,12,追込
ミユキコクシムソウ,2026-01-16,大井,8,8,12,0.6364,9,差し
ミユキコクシムソウ,2026-02-18,大井,7,11,14,0.7692,9,差し
ミユキコクシムソウ,2026-03-27,大井,10,10,10,1.0,10,追込
ミユンガー,2026-01-13,大井,1,4,13,0.25,7,差し
ミユンガー,2026-01-27,大井,1,7,14,0.4615,11,先行
ミユンガー,2026-02-17,大井,1,1,15,0.0,3,差し
ミユンガー,2026-03-10,大井,2,1,13,0.0,5,先行
ミユンガー,2026-03-24,大井,2,4,14,0.2308,8,先行
ミユンガー,2026-04-15,大井,2,2,13,0.0833,2,先行
ミユンガー,2026-04-29,大井,2,5,13,0.3333,9,先行
ミユンガー,2026-06-11,大井,2,2,13,0.0833,4,先行
ミユンガー,2026-06-30,大井,6,2,14,0.0769,9,先行
ミユンガー,2026-07-22,大井,2,8,16,0.4667,12,先行
ミユンガー,2026-08-16,大井,2,3,13,0.1667,4,先行
ミラキュラスシティ,2026-01-12,大井,8,8,13,0.5833,9,差し
ミラクルメイキング,2026-01-28,大井,10,4,13,0.25,1,先行
ミラクルメイキング,2026-03-25,大井,7,4,8,0.4286,2,差し
ミラクルロマンス,2026-01-13,大井,3,2,10,0.1111,5,差し
ミラクルロマンス,2026-01-27,大井,5,5,12,0.3636,10,差し
ミラクルロマンス,2026-02-17,大井,3,6,13,0.4167,8,差し
ミラクルロマンス,2026-03-10,大井,5,9,14,0.6154,9,差し
ミラクルロマンス,2026-03-24,大井,3,4,14,0.2308,2,差し
ミラクルロマンス,2026-04-15,大井,4,4,10,0.3333,7,差し
ミラクルロマンス,2026-04-30,大井,3,6,10,0.5556,7,差し
ミラクルロマンス,2026-05-21,大井,2,5,14,0.3077,12,差し
ミラクルロマンス,2026-06-10,大井,4,1,14,0.0,7,差し
ミラクルロマンス,2026-07-01,大井,2,4,13,0.25,6,差し
ミラクルロマンス,2026-07-22,大井,3,3,14,0.1538,3,差し
ミラクルロマンス,2026-08-13,大井,3,4,13,0.25,4,差し
ミラクルロマンス,2026-09-02,大井,1,5,12,0.3636,6,差し
ミラクルヴォイス,2026-01-14,大井,11,7,11,0.6,11,差し
ミラクルヴォイス,2026-01-29,大井,8,7,8,0.8571,5,差し
ミラコレジェンヌ,2026-04-17,大井,1,3,13,0.1667,10,先行
ミラコレジェンヌ,2026-04-30,大井,1,3,14,0.1538,7,先行
ミラコレジェンヌ,2026-05-20,大井,3,4,14,0.2308,4,先行
ミルトイブニング,2026-06-10,大井,11,5,16,0.2667,12,差し
ミルトイブニング,2026-08-13,大井,9,1,15,0.0,1,差し
ミルトクレイモー,2026-03-10,大井,11,13,16,0.8,10,追込
ミルトクレイモー,2026-06-11,大井,11,2,12,0.0909,12,追込
ミルトクレイモー,2026-08-12,大井,9,5,11,0.4,7,追込
ミルトクレイモー,2026-09-02,大井,11,11,16,0.6667,13,差し
ミルトマジック,2026-06-30,大井,6,1,14,0.0,1,先行
ミルトマジック,2026-07-21,大井,7,3,13,0.1667,2,先行
ミルニュイ,2026-01-26,大井,11,2,9,0.125,4,追込
ミルニュイ,2026-02-20,大井,6,1,8,0.0,2,追込
ミルニュイ,2026-03-27,大井,11,3,12,0.1818,10,差し
ミルニュイ,2026-04-30,大井,10,6,15,0.3571,15,先行
ミンナノブンモ,2026-01-15,大井,1,2,12,0.0909,8,先行
ミンナノブンモ,2026-01-28,大井,2,7,14,0.4615,13,先行
ミンナノブンモ,2026-02-17,大井,2,3,13,0.1667,6,先行
ミンナノブンモ,2026-03-10,大井,1,5,14,0.3077,6,先行
ミンナノブンモ,2026-03-24,大井,1,7,13,0.5,8,先行
ミンナノブンモ,2026-04-15,大井,2,8,13,0.5833,5,差し
ミンナノブンモ,2026-04-28,大井,2,8,13,0.5833,9,差し
ミンナノブンモ,2026-05-19,大井,2,4,12,0.2727,1,差し
ミンナノブンモ,2026-06-11,大井,1,6,14,0.3846,10,差し
ミンナノブンモ,2026-07-03,大井,2,4,14,0.2308,10,差し
ミンナノブンモ,2026-07-22,大井,1,7,14,0.4615,10,差し
ミンナノブンモ,2026-08-16,大井,1,3,14,0.1538,4,差し
ムサシアイドル,2026-01-13,大井,4,6,16,0.3333,6,差し
ムサシアイドル,2026-01-27,大井,4,1,13,0.0,2,差し
ムサシアイドル,2026-02-19,大井,6,1,14,0.0,8,逃げ
ムサシアイドル,2026-03-11,大井,4,4,14,0.2308,14,逃げ
ムサシアイドル,2026-03-25,大井,3,6,14,0.3846,14,先行
ムサシウォリアー,2026-07-20,大井,3,5,7,0.6667,4,
ムサシエクスプレス,2026-01-16,大井,7,1,9,0.0,5,差し
ムサシエクスプレス,2026-01-28,大井,10,12,13,0.9167,11,差し
ムサシエクスプレス,2026-02-19,大井,11,8,15,0.5,11,差し
ムサシエクスプレス,2026-03-13,大井,12,8,9,0.875,9,差し
ムサシタルマエ,2026-01-14,大井,4,12,13,0.9167,6,差し
ムサシタルマエ,2026-01-28,大井,3,11,14,0.7692,7,差し
ムサシタルマエ,2026-02-19,大井,5,3,14,0.1538,4,追込
ムサシタルマエ,2026-03-11,大井,3,4,12,0.2727,1,追込
ムサシタルマエ,2026-03-27,大井,1,9,9,1.0,7,追込
ムサシタルマエ,2026-04-17,大井,6,9,13,0.6667,8,追込
ムサシタルマエ,2026-06-12,大井,2,1,11,0.0,1,差し
ムサシタルマエ,2026-07-03,大井,4,3,8,0.2857,6,差し
ムサシタルマエ,2026-07-22,大井,8,6,11,0.5,6,追込
ムサシタルマエ,2026-08-14,大井,6,1,11,0.0,1,追込
ムサシタルマエ,2026-09-02,大井,9,2,13,0.0833,2,差し
ムソルグスキー,2026-06-08,大井,3,1,5,0.0,1,
ムットクルフェ,2026-01-13,大井,11,4,10,0.3333,2,先行
ムットクルフェ,2026-01-26,大井,11,3,9,0.25,1,差し
ムットクルフェ,2026-03-13,大井,11,5,10,0.4444,4,差し
ムットクルフェ,2026-03-27,大井,11,4,12,0.2727,3,差し
ムットクルフェ,2026-06-29,大井,11,3,14,0.1538,3,差し
ムットクルフェ,2026-08-16,大井,9,3,9,0.25,5,差し
ムービングアップ,2026-07-01,大井,3,2,11,0.1,8,差し
ムービングアップ,2026-07-21,大井,1,3,11,0.2,2,先行
ムービングアップ,2026-08-13,大井,3,5,13,0.3333,2,差し
ムーム,2026-03-26,大井,11,1,13,0.0,9,先行
ムーム,2026-04-29,大井,7,3,8,0.2857,3,先行
ムーム,2026-05-21,大井,11,1,13,0.0,9,先行
ムーンショア,2026-08-13,大井,2,4,9,0.375,5,
ムーンショア,2026-09-02,大井,3,3,7,0.3333,5,追込
メイクイット,2026-06-29,大井,6,2,14,0.0769,2,差し
メイクイット,2026-07-22,大井,4,5,14,0.3077,8,先行
メイクセンス,2026-06-30,大井,11,7,16,0.4,4,差し
メイショウアキカゼ,2026-01-14,大井,9,6,10,0.5556,6,先行
メイショウアキカゼ,2026-04-14,大井,12,6,14,0.3846,9,先行
メイショウアキカゼ,2026-04-28,大井,12,4,13,0.25,6,差し
メイショウアキカゼ,2026-05-18,大井,10,4,9,0.375,3,差し
メイショウアキカゼ,2026-06-09,大井,8,3,11,0.2,4,差し
メイショウアキカゼ,2026-06-29,大井,9,1,9,0.0,1,差し
メイショウアキカゼ,2026-07-22,大井,12,3,11,0.2,4,差し
メイショウカジボウ,2026-01-14,大井,10,12,15,0.7857,10,差し
メイショウカジボウ,2026-01-30,大井,10,3,16,0.1333,5,差し
メイショウカジボウ,2026-02-20,大井,12,7,16,0.4,5,差し
メイショウカジボウ,2026-03-12,大井,10,8,16,0.4667,4,差し
メイショウカジボウ,2026-03-24,大井,10,9,14,0.6154,10,差し
メイショウカジボウ,2026-04-16,大井,12,4,10,0.3333,6,差し
メイショウカジボウ,2026-05-01,大井,6,4,12,0.2727,12,差し
メイショウスエヒロ,2026-01-14,大井,1,3,13,0.1667,2,差し
メイショウスエヒロ,2026-01-26,大井,6,7,12,0.5455,5,先行
メイショウタビズキ,2026-01-12,大井,8,2,13,0.0833,1,先行
メイショウタビズキ,2026-01-28,大井,5,3,8,0.2857,1,先行
メイショウタビズキ,2026-02-19,大井,8,3,13,0.1667,3,先行
メイショウタビズキ,2026-03-13,大井,5,4,14,0.2308,1,先行
メイショウタビズキ,2026-03-25,大井,8,4,13,0.25,1,先行
メイショウタビズキ,2026-04-16,大井,7,2,11,0.1,2,先行
メイショウタビズキ,2026-04-30,大井,7,2,13,0.0833,1,先行
メイショウタビズキ,2026-05-21,大井,10,5,16,0.2667,10,先行
メイショウタビズキ,2026-06-10,大井,12,3,13,0.1667,3,先行
メイショウタビズキ,2026-07-02,大井,10,2,12,0.0909,3,先行
メイショウタビズキ,2026-07-21,大井,12,6,16,0.3333,2,差し
メイショウタビズキ,2026-08-12,大井,10,4,14,0.2308,1,差し
メイショウタビズキ,2026-09-03,大井,10,4,11,0.3,2,差し
メイショウトキイロ,2026-01-13,大井,2,8,15,0.5,2,差し
メイショウトキイロ,2026-01-30,大井,1,2,12,0.0909,5,差し
メイショウトキイロ,2026-02-18,大井,2,3,13,0.1667,3,差し
メイショウトキイロ,2026-03-26,大井,1,6,13,0.4167,6,差し
メイショウトキイロ,2026-04-16,大井,2,3,11,0.2,4,差し
メイショウトキイロ,2026-04-27,大井,7,3,11,0.2,8,差し
メイショウトキイロ,2026-05-18,大井,6,7,14,0.4615,3,差し
メイショウトキイロ,2026-06-11,大井,12,3,11,0.2,8,差し
メイショウトワニ,2026-01-15,大井,1,1,12,0.0,2,差し
メイショウトワニ,2026-01-30,大井,1,10,12,0.8182,10,差し
メイショウトワニ,2026-02-19,大井,3,9,14,0.6154,9,差し
メイショウユウモウ,2026-01-13,大井,12,2,16,0.0667,16,先行
メガコウチャハイ,2026-03-11,大井,4,12,14,0.8462,6,差し
メガコウチャハイ,2026-03-25,大井,2,7,10,0.6667,5,差し
メガコウチャハイ,2026-04-15,大井,4,5,10,0.4444,6,差し
メガコウチャハイ,2026-04-28,大井,3,3,14,0.1538,9,追込
メガコウチャハイ,2026-05-21,大井,3,6,16,0.3333,14,追込
メガコウチャハイ,2026-06-10,大井,4,5,14,0.3077,11,差し
メガコウチャハイ,2026-07-03,大井,7,5,9,0.5,9,差し
メガコウチャハイ,2026-07-21,大井,2,5,14,0.3077,5,差し
メガコウチャハイ,2026-08-13,大井,4,4,14,0.2308,7,差し
メジャーデビュー,2026-01-15,大井,12,7,8,0.8571,8,差し
メジャーデビュー,2026-01-28,大井,12,1,12,0.0,9,差し
メルダー,2026-06-29,大井,3,1,8,0.0,2,
メロパール,2026-01-14,大井,2,12,15,0.7857,7,差し
メロパール,2026-01-30,大井,1,5,12,0.3636,3,差し
メロパール,2026-02-18,大井,2,5,13,0.3333,6,差し
メロパール,2026-03-11,大井,1,1,14,0.0,3,差し
メロパール,2026-03-26,大井,1,4,13,0.25,8,差し
メロパール,2026-04-29,大井,1,2,8,0.1429,2,差し
メロパール,2026-05-20,大井,2,6,11,0.5,6,差し
メロパール,2026-06-11,大井,1,4,14,0.2308,2,差し
メロパール,2026-07-23,大井,1,6,13,0.4167,8,差し
メロパール,2026-08-13,大井,1,2,12,0.0909,3,差し
メンコイボクチャン,2026-03-26,大井,11,4,13,0.25,13,差し
メンタイマヨ,2026-07-01,大井,10,3,13,0.1667,5,差し
メーサンデュラント,2026-03-12,大井,6,6,9,0.625,6,差し
メーサンデュラント,2026-04-14,大井,11,5,11,0.4,8,差し
メーサンデュラント,2026-05-01,大井,11,4,10,0.3333,6,差し
メーサンデュラント,2026-05-20,大井,7,2,9,0.125,4,差し
メーサンデュラント,2026-06-09,大井,11,3,14,0.1538,9,差し
メーサンデュラント,2026-07-03,大井,11,6,10,0.5556,7,差し
メープルピア,2026-02-17,大井,7,3,14,0.1538,3,差し
メープルピア,2026-03-10,大井,8,2,10,0.1111,2,差し
メープルピア,2026-04-14,大井,5,1,14,0.0,4,差し
メープルピア,2026-05-20,大井,8,3,11,0.2,4,先行
メープルピア,2026-06-11,大井,8,3,13,0.1667,2,先行
メープルピア,2026-07-03,大井,8,4,13,0.25,6,先行
メープルピア,2026-07-21,大井,6,6,13,0.4167,9,先行
メープルピア,2026-08-14,大井,4,1,12,0.0,1,差し
モエレサワンミヤギ,2026-06-10,大井,11,8,16,0.4667,16,差し
モエレサワンミヤギ,2026-08-13,大井,9,4,15,0.2143,4,差し
モカットモネ,2026-02-20,大井,2,10,12,0.8182,10,差し
モカットモネ,2026-03-12,大井,3,6,9,0.625,7,差し
モカットモネ,2026-07-23,大井,5,6,16,0.3333,10,追込
モカットモネ,2026-08-14,大井,2,10,16,0.6,9,追込
モカットモネ,2026-09-02,大井,1,7,12,0.5455,8,追込
モコパンチ,2026-02-18,大井,11,9,16,0.5333,14,差し
モコパンチ,2026-04-29,大井,11,8,13,0.5833,11,差し
モコパンチ,2026-06-10,大井,11,11,16,0.6667,11,追込
モズユウガ,2026-01-12,大井,12,9,16,0.5333,6,差し
モズユウガ,2026-01-26,大井,10,4,13,0.25,2,差し
モズユウガ,2026-02-16,大井,8,6,13,0.4167,7,差し
モズユウガ,2026-03-26,大井,12,8,13,0.5833,5,差し
モズユウガ,2026-04-16,大井,10,4,14,0.2308,10,差し
モズユウガ,2026-06-12,大井,7,4,11,0.3,3,差し
モズユウガ,2026-07-03,大井,11,5,10,0.4444,4,差し
モズユウガ,2026-07-22,大井,9,4,7,0.5,5,差し
モズリッキー,2026-04-28,大井,11,5,16,0.2667,10,差し
モナミ,2026-01-15,大井,4,4,14,0.2308,6,先行
モナミ,2026-01-28,大井,5,2,8,0.1429,2,差し
モナミ,2026-02-19,大井,9,4,11,0.3,3,先行
モノセロス,2026-04-27,大井,6,3,14,0.1538,3,追込
モノセロス,2026-05-20,大井,4,4,14,0.2308,11,追込
モノセロス,2026-06-08,大井,5,5,12,0.3636,5,差し
モノセロス,2026-06-29,大井,5,6,12,0.4545,8,差し
モノセロス,2026-07-21,大井,3,6,14,0.3846,9,差し
モノセロス,2026-08-12,大井,1,4,10,0.3333,8,差し
モリデンステルス,2026-01-30,大井,11,5,12,0.3636,1,差し
モリデンステルス,2026-03-11,大井,12,3,11,0.2,1,差し
モリデンステルス,2026-04-28,大井,10,1,9,0.0,1,差し
モリデンステルス,2026-07-23,大井,12,3,12,0.1818,5,差し
モルゲンゾンネ,2026-01-15,大井,1,4,12,0.2727,6,差し
モンゲーキララ,2026-01-12,大井,11,9,9,1.0,9,差し
モンゲーキララ,2026-01-27,大井,11,7,13,0.5,12,追込
モンゲーキララ,2026-02-16,大井,8,13,13,1.0,12,差し
モンゲーキララ,2026-03-11,大井,11,12,12,1.0,12,差し
モンゲーキララ,2026-03-24,大井,11,8,16,0.4667,14,差し
モンゲーキララ,2026-04-15,大井,12,12,16,0.7333,15,差し
モンゲーキララ,2026-08-15,大井,9,8,14,0.5385,12,差し
モンゲーヴィーナス,2026-01-12,大井,9,13,15,0.8571,11,差し
モンゲーヴィーナス,2026-01-26,大井,7,14,14,1.0,12,差し
モンゲーヴィーナス,2026-02-16,大井,6,7,13,0.5,4,差し
モンゲーヴィーナス,2026-03-09,大井,9,8,14,0.5385,3,差し
モンゲーヴィーナス,2026-03-23,大井,6,7,12,0.5455,1,差し
モンゲーヴィーナス,2026-04-16,大井,4,3,11,0.2,5,差し
モンゲーヴィーナス,2026-04-29,大井,3,2,13,0.0833,5,差し
モンゲーヴィーナス,2026-05-20,大井,6,6,12,0.4545,5,差し
モンゲーヴィーナス,2026-06-11,大井,6,5,9,0.5,9,差し
モンゲーヴィーナス,2026-07-02,大井,6,6,12,0.4545,12,差し
モンサンマナオラナ,2026-07-21,大井,4,5,8,0.5714,6,
モンサンマナオラナ,2026-08-15,大井,3,2,9,0.125,1,追込
モンサンヴデット,2026-04-14,大井,12,3,14,0.1538,11,先行
モンサンヴデット,2026-05-18,大井,10,2,9,0.125,5,先行
モンサンヴデット,2026-06-09,大井,8,4,11,0.3,3,先行
モンサンヴデット,2026-07-23,大井,7,4,12,0.2727,5,差し
モンサンヴデット,2026-08-12,大井,7,6,11,0.5,9,差し
モンデュー,2026-08-12,大井,1,1,10,0.0,1,
モントーク,2026-01-28,大井,10,10,13,0.75,7,差し
モントーク,2026-02-19,大井,11,13,15,0.8571,13,差し
モントーク,2026-03-23,大井,11,5,13,0.3333,2,差し
モントーク,2026-04-29,大井,12,5,16,0.2667,2,差し
モントーク,2026-05-19,大井,12,7,16,0.4,10,差し
モントーク,2026-07-03,大井,12,7,13,0.5,11,差し
モントーク,2026-07-20,大井,12,8,14,0.5385,5,差し
モントーク,2026-08-13,大井,10,3,14,0.1538,4,差し
モンロワ,2026-05-18,大井,3,1,7,0.0,3,
モーニングダリア,2026-09-02,大井,9,4,13,0.25,6,差し
モーモースパルタ,2026-05-18,大井,3,4,7,0.5,7,
モーモールーツ,2026-07-21,大井,5,7,9,0.75,9,
モーモールーツ,2026-08-15,大井,3,5,9,0.5,5,差し
モーモールーツ,2026-09-02,大井,4,4,11,0.3,4,差し
ヤサカスター,2026-05-19,大井,4,2,9,0.125,1,先行
ヤサカスター,2026-06-12,大井,4,1,9,0.0,1,先行
ヤサカスター,2026-06-29,大井,8,2,14,0.0769,1,逃げ
ヤッティライネン,2026-01-13,大井,6,5,13,0.3333,6,差し
ヤッティライネン,2026-01-28,大井,4,4,11,0.3,4,差し
ヤッティライネン,2026-02-19,大井,6,9,14,0.6154,3,差し
ヤッティライネン,2026-03-12,大井,5,8,12,0.6364,5,差し
ヤッティライネン,2026-03-26,大井,6,6,13,0.4167,2,差し
ヤッティライネン,2026-04-17,大井,3,7,14,0.4615,8,差し
ヤッティライネン,2026-08-14,大井,2,5,16,0.2667,7,差し
ヤマショウプリンス,2026-07-20,大井,4,5,10,0.4444,10,
ヤマジュンハッピ,2026-01-13,大井,5,14,14,1.0,10,追込
ヤマジュンハッピ,2026-01-27,大井,5,11,12,0.9091,7,追込
ヤマジュンハッピ,2026-02-17,大井,3,9,13,0.6667,11,追込
ヤマジュンハッピ,2026-03-10,大井,3,6,9,0.625,7,追込
ヤマジュンハッピ,2026-03-24,大井,3,6,14,0.3846,5,追込
ヤマジュンハッピ,2026-04-14,大井,2,5,12,0.3636,5,追込
ヤマジュンハッピ,2026-04-28,大井,4,5,12,0.3636,8,追込
ヤマジュンハッピ,2026-05-21,大井,2,8,14,0.5385,14,追込
ヤマジュンハッピ,2026-06-10,大井,4,8,14,0.5385,13,追込
ヤマジュンハッピ,2026-07-01,大井,3,8,11,0.7,8,追込
ヤマジュンハッピ,2026-07-21,大井,1,6,11,0.5,7,追込
ヤマジュンハッピ,2026-08-13,大井,3,8,13,0.5833,11,差し
ヤマト,2026-01-13,大井,8,11,12,0.9091,10,差し
ヤマト,2026-01-26,大井,8,10,13,0.75,10,差し
ヤマト,2026-02-16,大井,6,10,13,0.75,6,差し
ヤマト,2026-03-09,大井,9,9,14,0.6154,12,追込
ヤマト,2026-03-23,大井,6,10,12,0.8182,10,追込
ヤマトシーダー,2026-03-09,大井,7,8,10,0.7778,8,差し
ヤマトシーダー,2026-03-23,大井,5,11,14,0.7692,13,差し
ヤマトシーダー,2026-04-13,大井,5,3,12,0.1818,12,差し
ヤマトシーダー,2026-04-27,大井,6,3,14,0.1538,11,差し
ヤマトシーダー,2026-05-18,大井,2,8,14,0.5385,6,差し
ヤマトシーダー,2026-06-08,大井,5,8,12,0.6364,7,差し
ヤマトシーダー,2026-06-29,大井,2,8,14,0.5385,12,差し
ヤマトシーダー,2026-07-20,大井,6,7,13,0.5,8,差し
ヤマトシーダー,2026-08-12,大井,4,9,14,0.6154,14,差し
ヤマトシーダー,2026-08-31,大井,6,8,14,0.5385,12,差し
ヤマニンアルリフラ,2026-04-15,大井,11,4,14,0.2308,3,差し
ヤマニンエイドロン,2026-01-16,大井,10,6,11,0.5,5,差し
ヤマニンエボルブ,2026-03-25,大井,4,5,12,0.3636,6,差し
ヤマニンエボルブ,2026-04-16,大井,12,2,10,0.1111,2,差し
ヤマニンエボルブ,2026-04-27,大井,10,2,15,0.0714,6,差し
ヤマニンエボルブ,2026-07-03,大井,9,1,12,0.0,2,差し
ヤマニンエボルブ,2026-07-22,大井,5,3,11,0.2,5,差し
ヤマニンチェルキ,2026-04-15,大井,11,3,14,0.1538,4,差し
ヤマノウォーリア,2026-01-16,大井,9,4,12,0.2727,9,差し
ヤマノウォーリア,2026-01-30,大井,12,7,13,0.5,10,差し
ヤマノウォーリア,2026-02-18,大井,10,7,11,0.6,7,差し
ヤマノウォーリア,2026-03-13,大井,10,9,13,0.6667,4,差し
ヤマノウォーリア,2026-03-27,大井,9,3,10,0.2222,5,差し
ヤマノウォーリア,2026-04-16,大井,9,5,16,0.2667,4,差し
ヤマノウォーリア,2026-04-30,大井,9,2,14,0.0769,4,差し
ヤマノウォーリア,2026-05-19,大井,12,5,16,0.2667,14,差し
ヤマノウォーリア,2026-06-09,大井,9,2,14,0.0769,8,差し
ヤマノウォーリア,2026-07-01,大井,7,2,12,0.0909,6,先行
ヤマノウォーリア,2026-07-24,大井,12,1,9,0.0,2,差し
ヤマノウォーリア,2026-08-16,大井,8,5,13,0.3333,6,先行
ヤマノウォーリア,2026-09-04,大井,12,4,15,0.2143,12,差し
ヤマノリッチ,2026-03-13,大井,3,2,12,0.0909,11,差し
ヤマノリッチ,2026-03-27,大井,6,10,14,0.6923,13,差し
ヤマノリッチ,2026-04-17,大井,9,2,14,0.0769,10,差し
ヤマノリッチ,2026-05-01,大井,8,5,10,0.4444,10,差し
ヤマノリッチ,2026-05-21,大井,9,8,13,0.5833,7,差し
ヤマノリッチ,2026-06-12,大井,5,5,14,0.3077,2,差し
ヤマノリッチ,2026-07-03,大井,8,6,13,0.4167,7,差し
ヤマノリッチ,2026-07-22,大井,6,6,14,0.3846,10,差し
ヤマノリッチ,2026-08-12,大井,7,5,11,0.4,10,差し
ヤマノリッチ,2026-09-02,大井,7,3,15,0.1429,11,差し
ヤルヤン,2026-01-27,大井,2,5,14,0.3077,2,差し
ヤルヤン,2026-02-17,大井,2,4,13,0.25,5,差し
ヤルヤン,2026-03-10,大井,1,7,14,0.4615,5,差し
ヤルヤン,2026-04-15,大井,1,5,14,0.3077,5,差し
ヤルヤン,2026-05-20,大井,2,6,11,0.5,5,差し
ヤングオーオー,2026-01-13,大井,4,3,16,0.1333,16,差し
ヤングオーオー,2026-01-27,大井,4,7,13,0.5,13,先行
ヤングオーオー,2026-02-16,大井,5,8,13,0.5833,12,先行
ヤングオーオー,2026-03-09,大井,7,3,10,0.2222,10,先行
ヤングオーオー,2026-03-24,大井,4,1,11,0.0,6,先行
ヤングオーオー,2026-04-13,大井,6,3,10,0.2222,9,先行
ヤングオーオー,2026-04-27,大井,6,2,14,0.0769,8,先行
ヤングオーオー,2026-05-20,大井,5,2,11,0.1,11,先行
ヤンノカステップ,2026-01-15,大井,10,8,12,0.6364,8,差し
ヤンノカステップ,2026-01-29,大井,10,12,15,0.7857,6,差し
ヤンノカステップ,2026-02-17,大井,9,9,12,0.7273,6,差し
ヤンノカステップ,2026-03-11,大井,10,5,13,0.3333,5,差し
ヤンノカステップ,2026-03-26,大井,10,8,14,0.5385,9,差し
ヤンノカステップ,2026-04-15,大井,10,11,14,0.7692,7,差し
ヤンノカステップ,2026-04-29,大井,9,7,14,0.4615,6,差し
ヤンノカステップ,2026-05-19,大井,8,4,9,0.375,4,差し
ヤンノカステップ,2026-06-10,大井,9,6,14,0.3846,5,差し
ヤンノカステップ,2026-06-30,大井,8,9,16,0.5333,5,差し
ヤンノカステップ,2026-07-22,大井,12,6,11,0.5,3,差し
ヤンノカステップ,2026-08-14,大井,8,7,16,0.4,5,差し
ヤンノカステップ,2026-09-04,大井,12,7,15,0.4286,7,差し
ユイノガリクソン,2026-01-16,大井,1,8,14,0.5385,5,差し
ユイノガリクソン,2026-01-29,大井,2,9,14,0.6154,5,差し
ユイノガリクソン,2026-02-19,大井,3,8,14,0.5385,4,差し
ユイノガリクソン,2026-03-25,大井,9,7,11,0.6,9,差し
ユイノガリクソン,2026-04-27,大井,10,8,15,0.5,13,差し
ユイノガリクソン,2026-05-18,大井,5,7,12,0.5455,9,差し
ユイノガリクソン,2026-06-08,大井,8,6,12,0.4545,8,差し
ユイノガリクソン,2026-06-30,大井,5,7,11,0.6,8,追込
ユイノコミチ,2026-07-03,大井,12,4,13,0.25,13,差し
ユイノコミチ,2026-07-23,大井,12,9,12,0.7273,10,差し
ユイノコミチ,2026-08-12,大井,10,11,14,0.7692,13,差し
ユイノサンバンカン,2026-01-14,大井,6,9,14,0.6154,7,差し
ユイノサンバンカン,2026-01-27,大井,8,4,14,0.2308,2,差し
ユイノサンバンカン,2026-02-18,大井,6,8,16,0.4667,9,差し
ユイノサンバンカン,2026-03-11,大井,5,7,13,0.5,2,差し
ユイノサンバンカン,2026-03-25,大井,4,7,12,0.5455,4,差し
ユイノサンバンカン,2026-04-16,大井,4,5,11,0.4,6,差し
ユイノサンバンカン,2026-04-30,大井,5,5,10,0.4444,5,差し
ユイノサンバンカン,2026-05-22,大井,5,5,10,0.4444,5,差し
ユイノサンバンカン,2026-06-11,大井,12,4,11,0.3,4,差し
ユイノサンバンカン,2026-07-03,大井,6,5,9,0.5,8,差し
ユイノサンバンカン,2026-07-22,大井,6,4,14,0.2308,8,差し
ユイノサンバンカン,2026-08-16,大井,10,2,13,0.0833,6,差し
ユイノサンバンカン,2026-09-02,大井,6,7,14,0.4615,9,差し
ユウシンイモン,2026-02-19,大井,12,9,13,0.6667,9,差し
ユウシンイモン,2026-03-13,大井,12,6,9,0.625,6,差し
ユウシンイモン,2026-03-25,大井,12,5,13,0.3333,3,差し
ユウトザケンケン,2026-07-01,大井,2,5,13,0.3333,2,差し
ユウトザケンケン,2026-08-14,大井,1,4,10,0.3333,6,差し
ユウユウザローズ,2026-05-18,大井,3,3,7,0.3333,6,
ユウユウザローズ,2026-06-09,大井,3,6,10,0.5556,9,差し
ユウユウザローズ,2026-06-30,大井,1,5,11,0.4,8,差し
ユウユウザローズ,2026-07-23,大井,3,5,11,0.4,8,差し
ユウユウザローズ,2026-08-15,大井,3,4,9,0.375,9,差し
ユウユウザローズ,2026-09-02,大井,4,7,11,0.6,9,差し
ユウユウスターリー,2026-01-14,大井,7,7,12,0.5455,4,先行
ユウユウスターリー,2026-01-28,大井,7,6,13,0.4167,4,差し
ユウユウスターリー,2026-02-18,大井,5,3,12,0.1818,7,差し
ユウユウスターリー,2026-03-12,大井,8,6,11,0.5,9,差し
ユウユウスターリー,2026-03-25,大井,6,7,14,0.4615,14,差し
ユウユウスターリー,2026-04-16,大井,5,6,14,0.3846,11,差し
ユウユウスターリー,2026-04-29,大井,3,1,13,0.0,2,差し
ユウユウスターリー,2026-05-20,大井,6,2,12,0.0909,9,差し
ユウユウスターリー,2026-06-11,大井,6,1,9,0.0,3,差し
ユウユウスターリー,2026-07-03,大井,6,2,9,0.125,1,先行
ユウユウスターリー,2026-07-21,大井,8,1,11,0.0,3,先行
ユウユウスターリー,2026-08-12,大井,6,4,12,0.2727,12,先行
ユウユウチャパティ,2026-01-13,大井,4,14,16,0.8667,14,差し
ユウユウチャパティ,2026-01-27,大井,5,12,12,1.0,11,差し
ユウユウチャパティ,2026-02-17,大井,4,10,12,0.8182,12,差し
ユウユウチャパティ,2026-03-09,大井,6,6,14,0.3846,7,差し
ユウユウチャパティ,2026-03-24,大井,3,10,14,0.6923,12,差し
ユウユウチャパティ,2026-04-14,大井,1,6,11,0.5,8,差し
ユウユウチャパティ,2026-04-28,大井,3,7,14,0.4615,12,差し
ユウユウチャパティ,2026-05-20,大井,5,5,11,0.4,6,差し
ユウユウチャパティ,2026-06-09,大井,2,7,13,0.5,11,差し
ユウユウチャパティ,2026-06-29,大井,6,7,14,0.4615,12,差し
ユウユウチャパティ,2026-07-21,大井,2,1,14,0.0,11,差し
ユウユウチャパティ,2026-08-12,大井,4,8,14,0.5385,13,差し
ユウユウチャパティ,2026-08-31,大井,5,8,12,0.6364,10,差し
ユウユウプロースト,2026-06-29,大井,4,6,9,0.625,9,
ユウユウプロースト,2026-07-23,大井,3,4,11,0.3,10,差し
ユウユウプロースト,2026-08-15,大井,3,6,9,0.625,8,差し
ユウユウプロースト,2026-09-02,大井,4,6,11,0.5,10,差し
ユウユウベンチャー,2026-08-31,大井,3,4,6,0.6,5,
ユウユウメルツェン,2026-05-18,大井,4,3,7,0.3333,3,
ユウユウメルツェン,2026-06-09,大井,3,3,10,0.2222,4,差し
ユウユウメルツェン,2026-06-30,大井,1,2,11,0.1,5,差し
ユウユウヴィオラ,2026-06-30,大井,2,3,5,0.5,1,
ユウユウヴィオラ,2026-08-17,大井,4,5,8,0.5714,2,差し
ユスティニアン,2026-01-15,大井,11,9,11,0.8,9,追込
ユスティニアン,2026-01-29,大井,8,2,8,0.1429,1,追込
ユスティニアン,2026-02-16,大井,11,6,16,0.3333,14,追込
ユスティニアン,2026-03-11,大井,7,2,7,0.1667,7,差し
ユスティニアン,2026-04-29,大井,7,1,8,0.0,4,差し
ユスティニアン,2026-07-02,大井,11,3,10,0.2222,9,先行
ユスティニアン,2026-08-12,大井,9,1,11,0.0,9,先行
ユスティニアン,2026-09-02,大井,11,7,16,0.4,15,先行
ユニゾン,2026-06-12,大井,10,7,14,0.4615,4,差し
ユニゾン,2026-08-13,大井,9,9,15,0.5714,14,差し
ユニヴェール,2026-02-16,大井,10,4,14,0.2308,6,差し
ユニヴェール,2026-03-11,大井,8,2,10,0.1111,2,差し
ユニヴェール,2026-03-26,大井,8,1,7,0.0,4,差し
ユニヴェール,2026-04-15,大井,7,1,12,0.0,1,先行
ユニヴェール,2026-04-30,大井,7,1,13,0.0,2,先行
ユニヴェール,2026-05-21,大井,10,2,16,0.0667,2,先行
ユニヴェール,2026-06-09,大井,10,2,13,0.0833,13,先行
ユニヴェール,2026-07-24,大井,11,4,16,0.2,14,先行
ユニヴェール,2026-08-12,大井,10,10,14,0.6923,12,先行
ユニヴェールアン,2026-01-15,大井,7,2,10,0.1111,9,先行
ユニヴェールアン,2026-01-29,大井,6,6,9,0.625,9,先行
ユメゴテン,2026-06-30,大井,8,1,16,0.0,2,先行
ユメゴテン,2026-07-22,大井,12,1,11,0.0,1,先行
ユメゴテン,2026-08-16,大井,8,1,13,0.0,1,先行
ユリシスバタフライ,2026-07-01,大井,3,6,11,0.5,11,差し
ユリシスバタフライ,2026-07-21,大井,1,9,11,0.8,11,差し
ユーヒナタ,2026-01-30,大井,8,2,13,0.0833,3,差し
ユーヒナタ,2026-02-17,大井,10,5,13,0.3333,3,差し
ユーヒナタ,2026-03-11,大井,12,5,11,0.4,7,差し
ユーヒナタ,2026-03-26,大井,7,3,9,0.25,6,差し
ユーヒナタ,2026-04-13,大井,11,5,10,0.4444,8,差し
ユーヒナタ,2026-06-10,大井,12,5,13,0.3333,12,差し
ユーヒナタ,2026-07-02,大井,10,5,12,0.3636,6,差し
ユーヒナタ,2026-07-24,大井,9,4,12,0.2727,7,差し
ユーヒナタ,2026-08-16,大井,6,4,13,0.25,5,差し
ユーロハートビート,2026-01-15,大井,8,5,7,0.6667,4,差し
ユーロハートビート,2026-02-20,大井,3,8,14,0.5385,8,差し
ユーロハートビート,2026-03-13,大井,1,6,6,1.0,6,差し
ヨアケ,2026-04-14,大井,3,2,11,0.1,5,差し
ヨアケ,2026-04-28,大井,5,1,14,0.0,1,差し
ヨアケ,2026-05-22,大井,4,6,16,0.3333,16,先行
ヨシイチ,2026-01-13,大井,10,3,13,0.1667,1,差し
ヨシイチ,2026-02-17,大井,12,13,16,0.8,14,差し
ヨシイチ,2026-03-12,大井,11,7,12,0.5455,11,差し
ヨシノカムイ,2026-01-16,大井,6,3,13,0.1667,10,差し
ヨシノカムイ,2026-01-30,大井,7,7,10,0.6667,6,差し
ヨシノカムイ,2026-02-20,大井,9,5,15,0.2857,12,差し
ヨシノカムイ,2026-03-13,大井,5,5,14,0.3077,14,差し
ヨシノカムイ,2026-03-27,大井,3,8,12,0.6364,7,差し
ヨシノダイセン,2026-04-27,大井,11,5,16,0.2667,1,差し
ヨシノダイセン,2026-05-21,大井,8,3,10,0.2222,3,差し
ヨシノダイセン,2026-06-12,大井,7,5,11,0.4,1,差し
ヨシノダイセン,2026-07-22,大井,11,3,15,0.1429,10,差し
ヨシノリラ,2026-01-15,大井,5,6,15,0.3571,9,先行
ヨシノリラ,2026-01-28,大井,7,5,13,0.3333,8,差し
ヨシノリラ,2026-02-18,大井,6,5,16,0.2667,7,差し
ヨシノリラ,2026-03-25,大井,6,3,14,0.1538,5,差し
ヨシノリラ,2026-04-16,大井,6,1,14,0.0,3,差し
ヨシノリラ,2026-04-30,大井,6,1,14,0.0,6,差し
ヨシノルビー,2026-01-28,大井,1,2,12,0.0909,6,差し
ヨシノルビー,2026-02-18,大井,1,7,12,0.5455,8,差し
ヨシノルビー,2026-03-11,大井,2,11,12,0.9091,8,差し
ヨシノルビー,2026-03-24,大井,2,8,14,0.5385,12,差し
ヨシノルビー,2026-04-17,大井,1,5,13,0.3333,7,差し
ヨシノルビー,2026-04-28,大井,2,5,13,0.3333,2,差し
ヨシノルビー,2026-05-20,大井,3,7,14,0.4615,8,差し
ヨシノルビー,2026-06-11,大井,2,5,13,0.3333,6,差し
ヨシノルビー,2026-07-03,大井,2,7,14,0.4615,7,差し
ヨシノルビー,2026-07-20,大井,2,8,15,0.5,5,差し
ヨシノルビー,2026-08-13,大井,1,3,12,0.1818,4,差し
ヨシノローズ,2026-01-27,大井,8,8,14,0.5385,10,差し
ヨシノローズ,2026-02-18,大井,3,2,14,0.0769,3,差し
ヨシノローズ,2026-03-13,大井,3,4,12,0.2727,4,先行
ヨシノローズ,2026-03-23,大井,10,4,9,0.375,1,差し
ヨシノローズ,2026-04-14,大井,8,3,10,0.2222,6,差し
ヨシノローズ,2026-04-28,大井,8,3,8,0.2857,4,差し
ヨシノローズ,2026-05-18,大井,8,4,13,0.25,8,差し
ヨシノローズ,2026-06-09,大井,7,4,14,0.2308,12,差し
ヨシノローズ,2026-06-29,大井,8,5,14,0.3077,9,差し
ヨシノローズ,2026-07-23,大井,6,4,14,0.2308,12,差し
ヨシノローズ,2026-08-12,大井,7,5,11,0.4,7,差し
ヨゾラノムコウニ,2026-01-16,大井,12,8,14,0.5385,6,追込
ヨゾラノムコウニ,2026-01-30,大井,11,7,12,0.5455,5,差し
ヨゾラノムコウニ,2026-02-17,大井,12,8,16,0.4667,10,差し
ヨゾラノムコウニ,2026-03-11,大井,12,4,11,0.3,6,差し
ヨゾラノムコウニ,2026-03-25,大井,12,6,13,0.4167,13,差し
ヨゾラノムコウニ,2026-04-14,大井,10,3,9,0.25,7,差し
ヨゾラノムコウニ,2026-04-29,大井,12,7,16,0.4,11,差し
ヨゾラノムコウニ,2026-05-21,大井,12,2,14,0.0769,9,差し
ヨゾラノムコウニ,2026-06-09,大井,10,1,13,0.0,5,差し
ヨドギミ,2026-01-16,大井,4,3,14,0.1538,3,差し
ヨドギミ,2026-02-20,大井,7,7,12,0.5455,12,差し
ヨドギミ,2026-03-13,大井,4,4,12,0.2727,4,差し
ヨドギミ,2026-07-22,大井,5,2,11,0.1,7,差し
ヨドギミ,2026-08-16,大井,10,1,13,0.0,4,差し
ヨバフウチ,2026-01-14,大井,5,10,11,0.9,10,差し
ヨバフウチ,2026-01-28,大井,4,3,11,0.2,8,差し
ヨバフウチ,2026-02-19,大井,5,12,14,0.8462,12,差し
ヨバフウチ,2026-03-11,大井,3,12,12,1.0,12,差し
ヨバフウチ,2026-03-24,大井,6,11,14,0.7692,13,差し
ヨバフウチ,2026-08-13,大井,5,11,14,0.7692,11,差し
ヨリナスウィート,2026-04-13,大井,8,1,12,0.0,6,先行
ヨリナスウィート,2026-04-27,大井,8,1,14,0.0,1,先行
ヨリナスウィート,2026-05-19,大井,4,1,9,0.0,2,先行
ヨロシクユウキ,2026-05-18,大井,1,1,12,0.0,3,
ヨロシクユウキ,2026-06-29,大井,1,2,12,0.0909,2,逃げ
ライウ,2026-01-12,大井,3,10,15,0.6429,10,差し
ライクアウィンド,2026-08-12,大井,5,1,16,0.0,1,差し
ライクアウィンド,2026-09-02,大井,2,3,16,0.1333,3,差し
ライシアム,2026-03-11,大井,1,10,14,0.6923,1,差し
ライシアム,2026-03-25,大井,9,6,11,0.5,3,差し
ライシアム,2026-04-15,大井,6,5,10,0.4444,3,差し
ライシアム,2026-04-27,大井,10,5,15,0.2857,3,差し
ライシアム,2026-05-22,大井,9,2,10,0.1111,4,差し
ライシアム,2026-06-11,大井,6,2,9,0.125,2,差し
ライジングステップ,2026-01-12,大井,4,3,6,0.4,1,
ライジングステップ,2026-04-13,大井,7,7,11,0.6,6,差し
ライジングステップ,2026-05-18,大井,9,3,7,0.3333,5,追込
ライスプディング,2026-01-13,大井,4,13,16,0.8,15,差し
ライスプディング,2026-01-27,大井,3,10,11,0.9,11,差し
ライスプディング,2026-02-17,大井,4,11,12,0.9091,10,差し
ライスプディング,2026-03-09,大井,6,5,14,0.3077,13,差し
ライスプディング,2026-03-24,大井,3,12,14,0.8462,14,差し
ライスプディング,2026-04-14,大井,1,8,11,0.7,11,差し
ライスプディング,2026-04-27,大井,4,10,11,0.9,10,追込
ライスプディング,2026-05-20,大井,4,9,14,0.6154,14,追込
ライドハイ,2026-01-14,大井,3,7,11,0.6,2,先行
ライドハイ,2026-01-30,大井,3,2,8,0.1429,7,差し
ライドハイ,2026-06-12,大井,3,4,12,0.2727,5,差し
ライドハイ,2026-07-01,大井,7,1,12,0.0,7,差し
ライドハイ,2026-07-22,大井,10,1,9,0.0,2,差し
ライブリームーラン,2026-06-30,大井,9,7,9,0.75,7,追込
ライブリームーラン,2026-07-20,大井,12,9,14,0.6154,13,追込
ライブリームーラン,2026-08-15,大井,8,3,11,0.2,11,差し
ライブリームーラン,2026-09-02,大井,8,6,12,0.4545,12,差し
ライプニッツ,2026-08-31,大井,3,1,6,0.0,3,
ライペニング,2026-01-16,大井,5,2,12,0.0909,2,差し
ライペニング,2026-02-16,大井,9,4,10,0.3333,3,先行
ライペニング,2026-03-11,大井,8,3,10,0.2222,3,先行
ライムフレイバー,2026-02-20,大井,11,4,15,0.2143,5,差し
ライムフレイバー,2026-03-11,大井,11,8,12,0.6364,1,差し
ライムフレイバー,2026-04-15,大井,12,3,16,0.1333,2,差し
ライムフレイバー,2026-06-08,大井,11,4,16,0.2,7,差し
ライライラクラク,2026-01-26,大井,3,4,9,0.375,4,
ライライラクラク,2026-02-16,大井,4,6,12,0.4545,4,差し
ライライラクラク,2026-03-09,大井,6,7,14,0.4615,9,差し
ライラックダンサー,2026-01-13,大井,2,13,15,0.8571,15,先行
ライラックダンサー,2026-01-27,大井,1,4,14,0.2308,14,先行
ライラボンド,2026-03-10,大井,11,6,16,0.3333,4,差し
ライラボンド,2026-04-28,大井,11,5,16,0.2667,8,差し
ラインエンジェル,2026-01-16,大井,12,4,14,0.2308,11,差し
ラインガーラ,2026-01-14,大井,9,1,10,0.0,2,差し
ラインガーラ,2026-02-17,大井,8,3,10,0.2222,6,差し
ラインガーラ,2026-07-21,大井,9,2,12,0.0909,3,差し
ラインシルバー,2026-01-27,大井,5,9,12,0.7273,4,差し
ラインシルバー,2026-02-19,大井,5,6,14,0.3846,3,追込
ラインシルバー,2026-03-12,大井,4,6,9,0.625,5,差し
ラインシルバー,2026-03-26,大井,4,7,9,0.75,7,差し
ラインシルバー,2026-04-15,大井,3,5,10,0.4444,3,追込
ラインシルバー,2026-04-30,大井,2,6,12,0.4545,4,追込
ラインシルバー,2026-05-22,大井,10,7,8,0.8571,7,追込
ラインシルバー,2026-06-12,大井,10,10,14,0.6923,12,追込
ラインストライカー,2026-01-14,大井,2,14,15,0.9286,12,追込
ラインストライカー,2026-01-28,大井,1,7,12,0.5455,8,追込
ラインストライカー,2026-02-19,大井,3,3,14,0.1538,10,差し
ラインストライカー,2026-03-11,大井,2,8,12,0.6364,9,差し
ラインストライカー,2026-03-24,大井,1,13,13,1.0,12,差し
ラインストライカー,2026-04-16,大井,1,8,14,0.5385,14,差し
ラインストライカー,2026-04-30,大井,1,5,14,0.3077,12,差し
ラインストライカー,2026-05-20,大井,3,10,14,0.6923,14,差し
ラインストライカー,2026-06-11,大井,2,9,13,0.6667,13,差し
ラインストライカー,2026-07-02,大井,1,9,14,0.6154,12,差し
ラインストライカー,2026-07-24,大井,1,10,15,0.6429,12,差し
ラインストライカー,2026-08-16,大井,1,6,14,0.3846,12,差し
ラインバルトホルン,2026-02-17,大井,5,10,14,0.6923,12,差し
ラインメテオラ,2026-09-02,大井,2,6,16,0.3333,4,先行
ラウターユーベル,2026-09-02,大井,9,4,13,0.25,5,追込
ラグーンドリーム,2026-07-20,大井,3,4,7,0.5,5,
ラグーンドリーム,2026-08-16,大井,3,1,10,0.0,2,差し
ラシッド,2026-01-13,大井,3,1,10,0.0,4,差し
ラシッド,2026-01-27,大井,5,8,12,0.6364,8,先行
ラシャスバラード,2026-01-14,大井,2,15,15,1.0,5,差し
ラシャスバラード,2026-01-29,大井,1,2,12,0.0909,11,差し
ラシャスバラード,2026-02-18,大井,2,9,13,0.6667,9,差し
ラシャスバラード,2026-03-11,大井,2,12,12,1.0,4,差し
ラシャスバラード,2026-03-26,大井,3,11,14,0.7692,12,差し
ラシャスバラード,2026-04-16,大井,3,7,11,0.6,9,差し
ラスカルアポロ,2026-02-16,大井,5,1,13,0.0,1,
ラスカルアポロ,2026-03-12,大井,5,1,12,0.0,8,逃げ
ラストエイトクラブ,2026-08-14,大井,4,1,12,0.0,2,差し
ラストフロンティア,2026-01-13,大井,8,5,12,0.3636,5,差し
ラストフロンティア,2026-01-27,大井,8,9,14,0.6154,6,差し
ラストフロンティア,2026-02-17,大井,5,9,14,0.6154,5,差し
ラストフロンティア,2026-03-10,大井,8,5,10,0.4444,3,差し
ラストフロンティア,2026-03-24,大井,8,11,12,0.9091,4,差し
ラストフロンティア,2026-04-14,大井,5,4,14,0.2308,7,差し
ラストフロンティア,2026-04-29,大井,4,5,12,0.3636,6,差し
ラストフロンティア,2026-05-20,大井,8,4,11,0.3,6,差し
ラストフロンティア,2026-06-09,大井,5,4,11,0.3,6,差し
ラストフロンティア,2026-07-02,大井,6,6,12,0.4545,11,差し
ラストフロンティア,2026-07-20,大井,8,8,13,0.5833,8,差し
ラストフロンティア,2026-08-13,大井,8,6,10,0.5556,7,差し
ラストフロンティア,2026-08-31,大井,8,8,14,0.5385,5,差し
ラストラブラブ,2026-05-21,大井,4,7,13,0.5,7,差し
ラストラブラブ,2026-06-11,大井,3,1,9,0.0,2,差し
ラストラブラブ,2026-07-03,大井,3,1,12,0.0,7,差し
ラストラブラブ,2026-07-24,大井,4,1,11,0.0,2,先行
ラストラブラブ,2026-08-17,大井,7,1,12,0.0,1,逃げ
ラソンリーサ,2026-05-01,大井,5,1,5,0.0,4,
ラッキー,2026-01-14,大井,2,3,15,0.1429,8,差し
ラッキー,2026-01-30,大井,1,11,12,0.9091,7,差し
ラッキー,2026-03-26,大井,2,9,13,0.6667,12,差し
ラッキー,2026-05-20,大井,3,8,14,0.5385,11,差し
ラッキー,2026-06-11,大井,2,3,13,0.1667,11,差し
ラッキー,2026-07-02,大井,2,7,11,0.6,6,差し
ラッキーカムカム,2026-01-16,大井,3,1,11,0.0,6,差し
ラッキーカムカム,2026-01-29,大井,7,5,14,0.3077,14,差し
ラッキーカムカム,2026-02-19,大井,10,1,14,0.0,14,先行
ラッキーカムカム,2026-06-11,大井,9,1,14,0.0,12,逃げ
ラッキーカムカム,2026-07-03,大井,8,1,13,0.0,8,逃げ
ラッキーカムカム,2026-07-24,大井,8,1,12,0.0,3,逃げ
ラッキーカラー,2026-06-29,大井,4,2,9,0.125,4,
ラッキーカラー,2026-08-16,大井,4,1,7,0.0,1,差し
ラッキークラウン,2026-01-13,大井,2,2,15,0.0714,7,先行
ラッキーロジータ,2026-01-30,大井,10,9,16,0.5333,15,差し
ラッキーロジータ,2026-03-11,大井,5,7,13,0.5,13,差し
ラッキーロジータ,2026-08-13,大井,6,7,12,0.5455,12,差し
ラッキーロジータ,2026-08-31,大井,8,6,14,0.3846,13,差し
ラッケンブース,2026-03-13,大井,6,3,14,0.1538,12,差し
ラッケンブース,2026-03-27,大井,6,4,14,0.2308,6,差し
ラッケンブース,2026-05-22,大井,8,4,13,0.25,11,差し
ラッケンブース,2026-06-12,大井,5,1,14,0.0,11,差し
ラッケンブース,2026-06-29,大井,7,7,11,0.6,11,先行
ラッケンブース,2026-07-22,大井,7,2,13,0.0833,13,先行
ラッケンブース,2026-08-17,大井,10,8,12,0.6364,11,先行
ラッケンブース,2026-09-02,大井,5,3,12,0.1818,11,先行
ラナカイドウ,2026-01-12,大井,6,1,14,0.0,4,追込
ラナカイドウ,2026-02-16,大井,4,3,12,0.1818,8,差し
ラナカイドウ,2026-03-24,大井,4,4,11,0.3,11,先行
ラバテラジェーン,2026-03-09,大井,10,11,13,0.8333,12,差し
ラバテラジェーン,2026-03-23,大井,6,9,12,0.7273,11,差し
ラバテラジェーン,2026-04-13,大井,10,9,13,0.6667,12,追込
ラバテラジェーン,2026-04-27,大井,8,10,14,0.6923,12,追込
ラバテラジェーン,2026-05-18,大井,6,9,14,0.6154,11,追込
ラバテラジェーン,2026-06-08,大井,7,6,12,0.4545,6,追込
ラバテラジェーン,2026-06-30,大井,4,6,10,0.5556,5,追込
ラバテラジェーン,2026-07-22,大井,1,7,14,0.4615,12,追込
ラバテラジェーン,2026-08-16,大井,1,7,14,0.4615,9,追込
ラバテラダンサー,2026-01-13,大井,4,10,16,0.6,12,差し
ラバテラダンサー,2026-01-27,大井,4,11,13,0.8333,12,差し
ラバテラダンサー,2026-02-17,大井,4,8,12,0.6364,9,差し
ラバテラダンサー,2026-03-24,大井,4,10,11,0.9,10,差し
ラバテラダンサー,2026-04-14,大井,3,9,11,0.8,11,差し
ラバテラダンサー,2026-08-12,大井,5,5,16,0.2667,13,差し
ラバテラダンサー,2026-08-31,大井,5,7,12,0.5455,9,差し
ラバテラリュージュ,2026-01-13,大井,10,6,13,0.4167,12,追込
ラバテラリュージュ,2026-01-29,大井,12,6,14,0.3846,13,追込
ラバテラリュージュ,2026-02-16,大井,12,8,13,0.5833,10,差し
ラバテラリュージュ,2026-03-12,大井,12,7,14,0.4615,10,差し
ラバテラリュージュ,2026-04-15,大井,7,5,12,0.3636,7,差し
ラバテラリュージュ,2026-04-29,大井,8,8,14,0.5385,8,差し
ラバテラリュージュ,2026-05-19,大井,7,6,10,0.5556,2,差し
ラバテラリュージュ,2026-06-12,大井,12,5,13,0.3333,9,差し
ラバテラリュージュ,2026-07-02,大井,12,3,14,0.1538,7,追込
ラバテラリュージュ,2026-07-22,大井,8,7,11,0.6,9,追込
ラピダニーニャ,2026-01-15,大井,6,10,14,0.6923,6,先行
ラピダニーニャ,2026-02-19,大井,9,2,11,0.1,6,差し
ラピダニーニャ,2026-03-13,大井,3,6,12,0.4545,5,先行
ラピダニーニャ,2026-04-17,大井,8,6,14,0.3846,11,先行
ラピダニーニャ,2026-05-01,大井,7,3,7,0.3333,6,差し
ラピード,2026-07-02,大井,6,5,12,0.3636,8,追込
ラピード,2026-07-21,大井,6,7,13,0.5,8,追込
ラピード,2026-08-14,大井,3,7,13,0.5,11,追込
ラピード,2026-09-04,大井,10,3,14,0.1538,1,追込
ラブミーカンヌ,2026-01-14,大井,4,1,13,0.0,2,先行
ラブミーカンヌ,2026-01-30,大井,2,5,9,0.5,9,先行
ラブミーカンヌ,2026-03-12,大井,3,4,9,0.375,4,先行
ラブミーカンヌ,2026-03-27,大井,1,8,9,0.875,9,差し
ラブミーカンヌ,2026-04-17,大井,6,7,13,0.5,12,差し
ラブミーカンヌ,2026-05-01,大井,2,8,13,0.5833,10,差し
ラブミーソフィア,2026-05-18,大井,4,1,7,0.0,2,
ラブミーモンロー,2026-02-20,大井,4,1,10,0.0,3,差し
ラブミーモンロー,2026-03-13,大井,7,2,10,0.1111,3,先行
ラブミーモンロー,2026-03-27,大井,2,3,12,0.1818,2,先行
ラブミーモンロー,2026-05-01,大井,4,1,8,0.0,2,先行
ラブミーモンロー,2026-05-22,大井,4,1,16,0.0,1,先行
ラブミーモンロー,2026-06-10,大井,10,1,14,0.0,1,先行
ラブミーモンロー,2026-06-30,大井,11,1,16,0.0,5,逃げ
ラブミーモンロー,2026-07-21,大井,11,1,13,0.0,1,逃げ
ラブメイメイ,2026-01-13,大井,4,15,16,0.9333,11,差し
ラブラブパイロ,2026-04-30,大井,10,6,15,0.3571,8,差し
ラブラブフォー,2026-01-28,大井,9,1,9,0.0,2,先行
ラブラブフォー,2026-02-17,大井,9,1,12,0.0,5,先行
ラブラブフォー,2026-03-13,大井,10,1,13,0.0,7,逃げ
ラブラブフォー,2026-03-27,大井,3,1,12,0.0,1,逃げ
ラブリーネイティブ,2026-01-13,大井,3,3,10,0.2222,3,差し
ラブリーネイティブ,2026-01-27,大井,5,6,12,0.4545,6,差し
ラブリーネイティブ,2026-02-19,大井,4,5,11,0.4,5,差し
ラブリーネイティブ,2026-03-10,大井,3,7,9,0.75,9,差し
ラブリーネイティブ,2026-06-29,大井,5,2,12,0.0909,3,差し
ラブリーネイティブ,2026-07-22,大井,3,4,14,0.2308,8,差し
ラブリーネイティブ,2026-08-13,大井,4,7,14,0.4615,3,差し
ラブリーネイティブ,2026-09-02,大井,2,8,16,0.4667,12,差し
ラブリーファンク,2026-01-14,大井,3,8,11,0.7,10,差し
ラブリーファンク,2026-01-29,大井,5,2,7,0.1667,5,差し
ラブリーファンク,2026-02-20,大井,1,8,14,0.5385,10,差し
ラブリーファンク,2026-03-12,大井,5,7,12,0.5455,9,差し
ラブリーファンク,2026-03-26,大井,5,11,12,0.9091,11,差し
ラブリーファンク,2026-04-15,大井,5,7,14,0.4615,11,差し
ラブリーファンク,2026-04-30,大井,4,4,11,0.3,4,差し
ラブリーファンク,2026-05-22,大井,2,5,15,0.2857,7,差し
ラブリーファンク,2026-06-11,大井,4,1,14,0.0,6,差し
ラブリーファンク,2026-07-02,大井,4,1,13,0.0,12,差し
ラブリーファンク,2026-07-23,大井,5,7,16,0.4,7,差し
ラブリーファンク,2026-08-14,大井,2,8,16,0.4667,11,差し
ラブリーファンク,2026-09-02,大井,1,4,12,0.2727,4,差し
ラブリーヨシノ,2026-01-13,大井,1,2,13,0.0833,10,差し
ラブリーヨシノ,2026-01-27,大井,2,6,14,0.3846,6,差し
ラブリーヨシノ,2026-02-17,大井,2,12,13,0.9167,13,差し
ラブリーヨシノ,2026-03-10,大井,1,1,14,0.0,2,差し
ラブリーヨシノ,2026-03-24,大井,1,2,13,0.0833,2,先行
ラブリーヨシノ,2026-04-15,大井,1,3,14,0.1538,6,先行
ラブリーヨシノ,2026-04-28,大井,1,1,11,0.0,2,先行
ラブリーヨシノ,2026-05-20,大井,1,1,13,0.0,2,先行
ラブリーヨシノ,2026-06-11,大井,1,1,14,0.0,3,逃げ
ラブリーヨシノ,2026-07-03,大井,1,2,11,0.1,3,先行
ラブリーヨシノ,2026-07-23,大井,1,2,13,0.0833,4,逃げ
ラブリールチア,2026-01-14,大井,8,1,13,0.0,2,差し
ラブリールチア,2026-01-29,大井,9,1,8,0.0,2,差し
ラブリールチア,2026-02-18,大井,7,5,14,0.3077,2,先行
ラブリールチア,2026-03-13,大井,9,4,14,0.2308,1,差し
ラブリールチア,2026-04-13,大井,11,2,10,0.1111,4,先行
ラブリールチア,2026-04-27,大井,11,2,16,0.0667,6,先行
ラブリールチア,2026-07-23,大井,9,4,9,0.375,1,先行
ラブリールチア,2026-08-12,大井,10,5,14,0.3077,8,先行
ラブリールチア,2026-09-04,大井,11,4,13,0.25,8,先行
ラペルシェール,2026-02-20,大井,10,5,13,0.3333,9,追込
ラペルシェール,2026-03-10,大井,12,7,16,0.4,5,追込
ラペルシェール,2026-03-25,大井,12,11,13,0.8333,10,差し
ラペルシェール,2026-04-14,大井,10,5,9,0.5,6,差し
ラペルシェール,2026-04-27,大井,11,8,16,0.4667,7,追込
ラペルシェール,2026-05-22,大井,12,11,15,0.7143,12,追込
ラペルシェール,2026-06-09,大井,10,5,13,0.3333,6,追込
ラペルシェール,2026-07-03,大井,12,5,13,0.3333,10,追込
ラペルシェール,2026-07-24,大井,11,9,16,0.5333,10,追込
ラペルシェール,2026-08-15,大井,9,9,14,0.6154,8,追込
ラペルシェール,2026-09-04,大井,11,6,13,0.4167,6,追込
ラミアメロディア,2026-01-29,大井,11,10,11,0.9,3,差し
ラムジェット,2026-07-01,大井,11,5,13,0.3333,5,追込
ラモラック,2026-01-27,大井,12,4,13,0.25,3,先行
ラモラック,2026-02-16,大井,12,2,13,0.0833,3,先行
ラモラック,2026-03-27,大井,10,1,10,0.0,1,先行
ラモラック,2026-04-27,大井,12,5,12,0.3636,5,先行
ラモラック,2026-05-21,大井,12,3,14,0.1538,2,先行
ラモラック,2026-07-02,大井,10,3,12,0.1818,4,差し
ラモラック,2026-07-23,大井,12,6,12,0.4545,2,差し
ララメテオ,2026-08-13,大井,9,4,15,0.2143,5,差し
ラリタス,2026-01-16,大井,10,1,11,0.0,8,先行
ラリタス,2026-01-30,大井,12,6,13,0.4167,11,先行
ラングドシャ,2026-06-12,大井,1,5,9,0.5,9,先行
ランサスゴールド,2026-07-21,大井,5,4,9,0.375,6,
ランサスゴールド,2026-08-16,大井,4,4,7,0.5,6,差し
ランサスゴールド,2026-09-02,大井,3,5,7,0.6667,7,差し
ランニングビーチ,2026-09-02,大井,8,1,12,0.0,3,追込
ランプロン,2026-01-16,大井,11,2,11,0.1,4,逃げ
ランプロン,2026-01-29,大井,8,1,8,0.0,3,先行
ランプロン,2026-02-18,大井,12,3,13,0.1667,11,先行
ランベリー,2026-01-16,大井,11,1,11,0.0,3,差し
ランベリー,2026-02-18,大井,12,4,13,0.25,5,先行
ランベリー,2026-03-23,大井,7,1,6,0.0,2,先行
ランベリー,2026-05-01,大井,11,5,10,0.4444,7,先行
ランベリー,2026-06-12,大井,11,3,11,0.2,5,先行
ランベリー,2026-07-01,大井,10,2,13,0.0833,4,先行
ランリョウオー,2026-07-22,大井,11,8,15,0.5,7,差し
ラヴァーグ,2026-08-31,大井,3,1,6,0.0,1,
ラヴクラウド,2026-01-26,大井,1,2,11,0.1,1,差し
ラヴクラウド,2026-02-19,大井,2,7,13,0.5,11,差し
ラヴレボーテ,2026-01-30,大井,1,8,12,0.6364,6,追込
ラヴレボーテ,2026-02-18,大井,1,11,12,0.9091,11,追込
ラヴレボーテ,2026-03-11,大井,1,14,14,1.0,10,追込
ラヴレボーテ,2026-03-26,大井,1,10,13,0.75,10,追込
ラヴレボーテ,2026-04-16,大井,1,8,14,0.5385,10,追込
ラヴレボーテ,2026-04-30,大井,1,6,14,0.3846,11,追込
ラヴレボーテ,2026-05-20,大井,1,8,13,0.5833,12,追込
ラーナローザ,2026-05-21,大井,11,3,13,0.1667,3,差し
リアライズオリオン,2026-07-20,大井,3,1,7,0.0,1,
リアライズグリント,2026-02-18,大井,11,1,16,0.0,1,先行
リアライズグリント,2026-04-29,大井,11,1,13,0.0,4,先行
リアライズグリント,2026-06-10,大井,11,3,16,0.1333,3,先行
リアルクィーン,2026-05-22,大井,7,5,9,0.5,8,差し
リアルクィーン,2026-06-11,大井,7,7,11,0.6,7,差し
リアルクィーン,2026-06-30,大井,12,8,12,0.6364,12,差し
リアルサファリ,2026-01-16,大井,8,7,12,0.5455,10,差し
リアルサファリ,2026-01-30,大井,8,5,13,0.3333,7,差し
リアルサファリ,2026-02-17,大井,10,7,13,0.5,10,差し
リアルサファリ,2026-03-13,大井,8,6,10,0.5556,3,差し
リアルサファリ,2026-03-27,大井,10,8,10,0.7778,3,追込
リアルサファリ,2026-04-16,大井,7,6,11,0.5,6,追込
リアルサファリ,2026-04-30,大井,7,6,13,0.4167,8,差し
リアルサファリ,2026-05-21,大井,5,5,14,0.3077,7,追込
リアルサファリ,2026-06-12,大井,8,7,13,0.5,9,追込
リアルサファリ,2026-07-01,大井,6,8,10,0.7778,8,追込
リアルモハメド,2026-04-17,大井,10,4,13,0.25,10,差し
リアルモハメド,2026-04-29,大井,10,3,15,0.1429,5,差し
リアルモハメド,2026-05-18,大井,11,8,11,0.7,11,差し
リアルモハメド,2026-06-10,大井,12,8,13,0.5833,11,差し
リアルモハメド,2026-06-30,大井,10,5,12,0.3636,9,差し
リアンフォール,2026-01-30,大井,5,5,13,0.3333,3,差し
リアンフォール,2026-02-16,大井,9,5,10,0.4444,4,差し
リアンフォール,2026-03-11,大井,8,7,10,0.6667,7,差し
リアンフォール,2026-03-25,大井,8,6,13,0.4167,3,差し
リアンフォール,2026-04-15,大井,7,4,12,0.2727,3,差し
リアンフォール,2026-04-29,大井,6,7,13,0.5,7,差し
リアンフォール,2026-05-20,大井,9,4,15,0.2143,5,差し
リアンフォール,2026-07-01,大井,9,6,14,0.3846,3,差し
リアンリーヴァ,2026-01-30,大井,3,7,8,0.8571,3,差し
リアンリーヴァ,2026-02-20,大井,3,5,14,0.3077,5,追込
リアンリーヴァ,2026-03-13,大井,2,6,9,0.625,7,差し
リアンリーヴァ,2026-04-17,大井,4,3,7,0.3333,4,差し
リアンリーヴァ,2026-05-01,大井,3,6,9,0.625,7,差し
リアンリーヴァ,2026-08-15,大井,7,3,16,0.1333,5,差し
リオマダムレッド,2026-07-22,大井,4,4,14,0.2308,6,差し
リオマダムレッド,2026-08-13,大井,5,4,14,0.2308,5,差し
リオマダムレッド,2026-09-02,大井,2,5,16,0.2667,6,差し
リクコウ,2026-01-14,大井,3,1,11,0.0,1,逃げ
リクコウ,2026-03-27,大井,2,1,12,0.0,4,逃げ
リクコウ,2026-04-17,大井,6,1,13,0.0,5,逃げ
リケアドアーズ,2026-01-12,大井,1,7,13,0.5,11,差し
リケアミネオラ,2026-03-12,大井,12,3,14,0.1538,8,差し
リケアミネオラ,2026-03-26,大井,8,6,7,0.8333,6,差し
リケアミネオラ,2026-04-15,大井,7,6,12,0.4545,10,差し
リケアミネオラ,2026-04-30,大井,12,4,14,0.2308,5,差し
リケアミネオラ,2026-05-21,大井,5,5,14,0.3077,11,差し
リケアミネオラ,2026-06-08,大井,6,3,9,0.25,8,差し
リケアミネオラ,2026-07-02,大井,12,2,14,0.0769,3,差し
リケアミネオラ,2026-07-22,大井,8,5,11,0.4,5,差し
リケアミネオラ,2026-08-14,大井,6,4,11,0.3,5,差し
リケアリングイネ,2026-02-17,大井,4,3,12,0.1818,11,追込
リコーグロック,2026-07-22,大井,7,1,13,0.0,12,先行
リコーグロック,2026-08-14,大井,4,2,12,0.0909,10,逃げ
リコーグロック,2026-09-02,大井,7,6,15,0.3571,15,先行
リコーステアー,2026-01-28,大井,7,2,13,0.0833,7,差し
リコーステアー,2026-02-18,大井,6,11,16,0.6667,5,先行
リコーステアー,2026-03-11,大井,6,10,12,0.8182,5,先行
リコーステアー,2026-03-25,大井,6,9,14,0.6154,7,差し
リコーステアー,2026-04-16,大井,6,6,14,0.3846,6,差し
リコーステアー,2026-04-29,大井,5,7,11,0.6,5,差し
リコーステアー,2026-05-20,大井,10,7,12,0.5455,1,差し
リコースパロー,2026-01-15,大井,11,2,11,0.1,1,先行
リコースパロー,2026-07-22,大井,11,1,15,0.0,1,先行
リコータロス,2026-05-22,大井,2,2,15,0.0714,1,先行
リコータロス,2026-06-12,大井,3,2,12,0.0909,3,先行
リコーテリア,2026-01-30,大井,9,4,11,0.3,1,差し
リコーテリア,2026-02-20,大井,10,4,13,0.25,4,差し
リコーテリア,2026-03-11,大井,12,8,11,0.7,5,差し
リコーヒューズ,2026-03-13,大井,1,4,6,0.6,3,差し
リコーヒューズ,2026-03-27,大井,1,6,9,0.625,3,差し
リコーヒューズ,2026-04-13,大井,7,3,11,0.2,4,差し
リコーファルコン,2026-05-22,大井,6,5,12,0.3636,7,先行
リコーファルコン,2026-06-12,大井,5,4,14,0.2308,4,差し
リコーファルコン,2026-07-03,大井,8,3,13,0.1667,4,差し
リコーファルコン,2026-07-22,大井,6,1,14,0.0,2,差し
リコーファルコン,2026-08-17,大井,8,4,13,0.25,2,差し
リコーブルーアイ,2026-02-19,大井,5,3,14,0.1538,5,差し
リコーブルーアイ,2026-03-11,大井,4,6,14,0.3846,2,差し
リコーブルーアイ,2026-03-26,大井,5,10,12,0.8182,7,差し
リコーブルーアイ,2026-07-23,大井,5,5,16,0.2667,3,差し
リコーブルーアイ,2026-08-14,大井,2,10,16,0.6,3,差し
リコーヘンメリー,2026-03-24,大井,9,8,12,0.6364,1,差し
リコーヘンメリー,2026-04-17,大井,9,4,14,0.2308,6,差し
リコーヘンメリー,2026-05-22,大井,8,5,13,0.3333,7,差し
リコーヘンメリー,2026-06-11,大井,9,6,14,0.3846,3,差し
リコーヘンメリー,2026-07-03,大井,10,6,14,0.3846,5,差し
リコーモーラー,2026-06-12,大井,5,3,14,0.1538,7,逃げ
リコーモーラー,2026-07-03,大井,8,2,13,0.0833,11,逃げ
リコーモーラー,2026-07-22,大井,7,1,13,0.0,3,逃げ
リコーモーラー,2026-08-17,大井,10,1,12,0.0,2,逃げ
リコーモーラー,2026-09-02,大井,5,2,12,0.0909,4,逃げ
リコールガー,2026-03-27,大井,11,1,12,0.0,5,逃げ
リコールガー,2026-04-17,大井,11,1,12,0.0,8,逃げ
リコールガー,2026-04-28,大井,11,2,16,0.0667,7,逃げ
リコールガー,2026-05-19,大井,11,1,10,0.0,4,逃げ
リコールガー,2026-06-09,大井,11,1,14,0.0,4,逃げ
リシャールケリー,2026-03-24,大井,11,12,16,0.7333,16,先行
リジン,2026-08-17,大井,9,4,9,0.375,5,差し
リスティアワン,2026-03-24,大井,6,1,14,0.0,1,差し
リスティアワン,2026-04-17,大井,5,3,9,0.25,1,先行
リスティアワン,2026-05-01,大井,4,3,8,0.2857,3,差し
リスティアワン,2026-05-19,大井,10,2,13,0.0833,2,差し
リスティアワン,2026-06-30,大井,11,5,16,0.2667,2,差し
リチャ,2026-01-13,大井,11,7,10,0.6667,7,差し
リチャ,2026-02-16,大井,11,14,16,0.8667,10,差し
リチャ,2026-03-27,大井,11,10,12,0.8182,9,差し
リッキーフェイス,2026-01-15,大井,10,3,12,0.1818,2,差し
リッキーフェイス,2026-01-30,大井,12,2,13,0.0833,1,差し
リッキーフェイス,2026-03-10,大井,12,13,16,0.8,13,先行
リッキーフェイス,2026-04-17,大井,12,4,14,0.2308,6,差し
リッキーフェイス,2026-04-29,大井,12,3,16,0.1333,6,先行
リッキーフェイス,2026-05-19,大井,12,2,16,0.0667,4,先行
リッキーフェイス,2026-06-09,大井,9,2,14,0.0769,2,先行
リック,2026-03-27,大井,2,4,12,0.2727,9,先行
リック,2026-08-17,大井,5,1,8,0.0,4,先行
リックシーリン,2026-01-14,大井,5,8,11,0.7,11,差し
リックシーリン,2026-01-28,大井,4,9,11,0.8,11,差し
リックシーリン,2026-02-19,大井,6,7,14,0.4615,4,差し
リックシーリン,2026-03-11,大井,4,3,14,0.1538,12,差し
リックシーリン,2026-03-25,大井,3,8,14,0.5385,13,差し
リックシーリン,2026-04-15,大井,5,3,14,0.1538,6,差し
リックシーリン,2026-04-28,大井,5,1,14,0.0,2,差し
リックシーリン,2026-09-02,大井,2,7,16,0.4,5,差し
リックマーベル,2026-01-12,大井,12,10,16,0.6,11,差し
リックマーベル,2026-02-17,大井,12,14,16,0.8667,7,追込
リックマーベル,2026-03-12,大井,11,11,12,0.9091,3,追込
リックマーベル,2026-03-27,大井,12,13,15,0.8571,7,追込
リックマーベル,2026-06-11,大井,10,5,14,0.3077,12,追込
リックマーベル,2026-06-30,大井,10,5,12,0.3636,5,追込
リックマーベル,2026-07-21,大井,12,8,16,0.4667,8,追込
リッチバンケット,2026-01-16,大井,3,4,11,0.3,11,先行
リッチバンケット,2026-01-27,大井,7,2,12,0.0909,6,先行
リッチバンケット,2026-02-18,大井,4,3,14,0.1538,3,先行
リッチバンケット,2026-03-11,大井,6,3,12,0.1818,3,先行
リッチバンケット,2026-03-25,大井,6,2,14,0.0769,11,先行
リッチバンケット,2026-04-16,大井,6,1,14,0.0,1,先行
リッチバンケット,2026-05-01,大井,8,1,10,0.0,7,先行
リップスキップ,2026-01-12,大井,7,2,13,0.0833,4,差し
リップスキップ,2026-02-17,大井,4,4,12,0.2727,5,差し
リップスキップ,2026-03-09,大井,7,5,10,0.4444,6,差し
リップスキップ,2026-03-24,大井,4,2,11,0.1,2,差し
リップスキップ,2026-04-28,大井,5,10,14,0.6923,12,差し
リップスキップ,2026-05-21,大井,3,3,16,0.1333,16,差し
リップスキップ,2026-06-10,大井,3,2,11,0.1,11,差し
リップスキップ,2026-07-01,大井,3,3,11,0.2,6,先行
リップスキップ,2026-07-22,大井,4,3,14,0.1538,5,先行
リトルエース,2026-01-27,大井,5,4,12,0.2727,9,追込
リトルエース,2026-02-19,大井,4,7,11,0.6,10,差し
リトルエース,2026-03-10,大井,5,7,14,0.4615,13,差し
リトルエース,2026-03-24,大井,6,7,14,0.4615,14,差し
リトルデビル,2026-01-15,大井,8,4,7,0.5,6,先行
リトルデビル,2026-01-30,大井,4,6,9,0.625,3,先行
リトルビッグホーン,2026-01-28,大井,12,5,12,0.3636,12,先行
リトルビッグホーン,2026-02-20,大井,11,3,15,0.1429,2,先行
リトルビッグホーン,2026-04-14,大井,11,4,11,0.3,5,先行
リトルビッグホーン,2026-05-21,大井,8,2,10,0.1111,2,差し
リトルビッグホーン,2026-06-29,大井,12,3,13,0.1667,3,差し
リトルビッグホーン,2026-08-31,大井,11,2,14,0.0769,1,差し
リノカ,2026-03-26,大井,9,7,8,0.8571,4,差し
リノカ,2026-04-30,大井,11,6,11,0.5,5,差し
リノカ,2026-05-21,大井,4,3,13,0.1667,2,差し
リバイブメイラード,2026-01-12,大井,2,4,13,0.25,2,差し
リバイブメイラード,2026-01-27,大井,2,2,14,0.0769,1,差し
リバイブメイラード,2026-02-16,大井,6,2,13,0.0833,5,差し
リバイブメイラード,2026-03-09,大井,9,6,14,0.3846,4,先行
リバイブメイラード,2026-03-23,大井,6,4,12,0.2727,2,差し
リバイブメイラード,2026-05-18,大井,5,3,12,0.1818,4,差し
リバイブメイラード,2026-06-09,大井,4,2,10,0.1111,1,差し
リバイブメイラード,2026-07-03,大井,9,2,12,0.0909,3,差し
リバイブメイラード,2026-07-21,大井,6,2,13,0.0833,1,差し
リバイブメイラード,2026-08-17,大井,6,3,12,0.1818,3,先行
リバイブメイラード,2026-09-04,大井,10,3,14,0.1538,6,先行
リバテイー,2026-03-26,大井,6,10,13,0.75,7,差し
リバテイー,2026-04-17,大井,3,3,14,0.1538,9,差し
リバテイー,2026-06-11,大井,3,5,9,0.5,6,差し
リバテイー,2026-07-02,大井,3,4,8,0.4286,7,差し
リフレクトザムーン,2026-01-13,大井,11,5,10,0.4444,9,追込
リフレクトザムーン,2026-02-20,大井,6,7,8,0.8571,5,追込
リフレクトザムーン,2026-04-13,大井,9,6,12,0.4545,5,追込
リフレクトザムーン,2026-05-22,大井,11,4,12,0.2727,7,追込
リベイクフルシティ,2026-01-13,大井,11,3,10,0.2222,1,先行
リベイクフルシティ,2026-04-16,大井,11,3,16,0.1333,1,先行
リベイクフルシティ,2026-05-20,大井,11,6,16,0.3333,5,先行
リュウグウノユメ,2026-01-12,大井,3,1,15,0.0,9,先行
リュウグウノユメ,2026-01-27,大井,1,2,14,0.0769,13,先行
リュウグウノユメ,2026-02-17,大井,1,4,15,0.2143,9,先行
リュウグウノユメ,2026-03-09,大井,3,1,15,0.0,5,先行
リュウグウノユメ,2026-03-23,大井,3,2,13,0.0833,11,先行
リュウグウノユメ,2026-04-13,大井,1,1,13,0.0,11,先行
リュウグウノユメ,2026-04-27,大井,1,3,14,0.1538,5,先行
リュウグウノユメ,2026-05-19,大井,1,1,13,0.0,9,逃げ
リュウグウノユメ,2026-06-10,大井,1,1,14,0.0,2,逃げ
リュウグウノユメ,2026-07-03,大井,1,1,11,0.0,5,逃げ
リュウグウノユメ,2026-07-20,大井,1,1,14,0.0,3,逃げ
リュウグウノユメ,2026-08-15,大井,1,1,12,0.0,3,逃げ
リュウジンオー,2026-05-19,大井,7,1,10,0.0,6,先行
リュウジンオー,2026-06-10,大井,9,1,14,0.0,8,差し
リュウジンオー,2026-06-30,大井,8,4,16,0.2,10,差し
リュウジンオー,2026-07-21,大井,10,2,14,0.0769,13,先行
リュウジンオー,2026-08-17,大井,8,1,13,0.0,8,先行
リュウノウィザード,2026-01-14,大井,8,8,13,0.5833,6,追込
リュウノウィザード,2026-01-28,大井,8,7,14,0.4615,7,追込
リュウノウィザード,2026-02-17,大井,10,6,13,0.4167,9,追込
リュウノウィザード,2026-07-23,大井,6,3,14,0.1538,6,差し
リュウノギフト,2026-01-14,大井,4,9,13,0.6667,8,差し
リュウノギフト,2026-01-28,大井,3,9,14,0.6154,6,差し
リュウノギフト,2026-02-19,大井,4,4,11,0.3,3,差し
リュウノギフト,2026-03-11,大井,3,5,12,0.3636,6,差し
リュウノギフト,2026-03-25,大井,3,10,14,0.6923,10,差し
リュウノギフト,2026-04-15,大井,4,4,10,0.3333,4,差し
リュウノギフト,2026-04-30,大井,2,6,12,0.4545,8,差し
リュウノギフト,2026-05-22,大井,1,5,13,0.3333,6,差し
リュウノギフト,2026-06-10,大井,4,7,14,0.4615,5,差し
リュウノギフト,2026-07-02,大井,4,6,13,0.4167,10,差し
リュウノギフト,2026-07-22,大井,3,7,14,0.4615,7,追込
リュウノギフト,2026-08-13,大井,3,5,13,0.3333,3,追込
リュウノナナホシ,2026-01-13,大井,3,7,10,0.6667,8,差し
リュウノナナホシ,2026-01-27,大井,4,5,13,0.3333,9,差し
リュウノナナホシ,2026-02-17,大井,4,9,12,0.7273,4,差し
リュウノナナホシ,2026-03-10,大井,5,7,14,0.4615,6,差し
リュウノナナホシ,2026-03-24,大井,6,5,14,0.3077,7,差し
リュウノナナホシ,2026-04-14,大井,3,8,11,0.7,6,差し
リュウノナナホシ,2026-04-28,大井,5,6,14,0.3846,10,差し
リュウノナナホシ,2026-05-21,大井,2,5,14,0.3077,10,差し
リュウノナナホシ,2026-06-09,大井,2,4,13,0.25,8,差し
リュウノナナホシ,2026-06-29,大井,5,4,12,0.2727,11,差し
リュウノナナホシ,2026-07-21,大井,3,7,14,0.4615,12,差し
リュウノナナホシ,2026-08-12,大井,4,3,14,0.1538,12,差し
リュウノファウラー,2026-03-11,大井,11,2,12,0.0909,4,先行
リュウノファウラー,2026-04-15,大井,12,2,16,0.0667,10,先行
リュウノファウラー,2026-05-01,大井,12,1,16,0.0,7,先行
リュウノファウラー,2026-07-21,大井,11,4,13,0.25,8,先行
リュウノファウラー,2026-08-17,大井,5,2,8,0.1429,2,先行
リュウノワールド,2026-01-26,大井,7,9,14,0.6154,9,差し
リュウノワールド,2026-02-16,大井,7,8,14,0.5385,9,差し
リュウノワールド,2026-03-09,大井,10,3,13,0.1667,4,差し
リュウノワールド,2026-03-23,大井,12,5,13,0.3333,3,差し
リュウノワールド,2026-04-13,大井,12,5,14,0.3077,3,差し
リュウノワールド,2026-04-28,大井,7,4,14,0.2308,7,差し
リュウノワールド,2026-05-19,大井,5,6,14,0.3846,3,差し
リュウノワールド,2026-06-09,大井,6,5,12,0.3636,6,差し
リュウノワールド,2026-07-01,大井,5,8,14,0.5385,3,差し
リュウノワールド,2026-07-20,大井,10,5,14,0.3077,9,差し
リュウノワールド,2026-08-13,大井,8,3,10,0.2222,4,差し
リュウノワールド,2026-08-31,大井,10,4,15,0.2143,2,差し
リュウワンカノア,2026-01-16,大井,7,2,9,0.125,1,差し
リュキア,2026-07-24,大井,10,7,14,0.4615,14,追込
リュキア,2026-08-16,大井,8,8,13,0.5833,11,追込
リュクススティール,2026-04-16,大井,7,6,11,0.5,11,追込
リュクススティール,2026-04-30,大井,7,4,13,0.25,12,追込
リュクススティール,2026-05-21,大井,5,6,14,0.3846,12,差し
リュミエール,2026-02-17,大井,12,3,16,0.1333,15,逃げ
リュミエール,2026-03-12,大井,11,12,12,1.0,12,逃げ
リュミエール,2026-03-27,大井,12,11,15,0.7143,13,逃げ
リュミエール,2026-07-23,大井,12,8,12,0.6364,12,先行
リュミエール,2026-08-16,大井,5,2,9,0.125,4,差し
リュミエール,2026-08-31,大井,12,2,15,0.0714,12,差し
リョウタスペシャル,2026-05-22,大井,11,4,12,0.2727,5,差し
リヨンド,2026-03-27,大井,2,12,12,1.0,12,逃げ
リヨンド,2026-04-17,大井,5,4,9,0.375,7,逃げ
リヨンド,2026-05-01,大井,3,1,9,0.0,6,逃げ
リヨンド,2026-05-21,大井,4,5,13,0.3333,11,逃げ
リヨンド,2026-06-12,大井,1,1,9,0.0,2,差し
リリーサンダー,2026-09-02,大井,9,1,13,0.0,3,先行
リリーバローズ,2026-04-30,大井,7,7,13,0.5,13,差し
リリーバローズ,2026-05-20,大井,9,7,15,0.4286,12,差し
リンダポッケ,2026-01-26,大井,7,5,14,0.3077,5,先行
リヴェルベロ,2026-02-20,大井,6,2,8,0.1429,6,逃げ
リヴェルベロ,2026-03-23,大井,7,3,6,0.4,6,逃げ
ルイス,2026-01-14,大井,11,5,11,0.4,3,差し
ルイス,2026-06-11,大井,11,6,12,0.4545,11,差し
ルイス,2026-07-23,大井,11,5,10,0.4444,10,差し
ルイーサ,2026-01-16,大井,2,8,16,0.4667,5,差し
ルイーサ,2026-01-29,大井,1,3,12,0.1818,5,差し
ルイーサ,2026-02-19,大井,1,13,16,0.8,12,差し
ルイーサ,2026-03-12,大井,2,2,13,0.0833,4,差し
ルイーサ,2026-03-26,大井,3,9,14,0.6154,8,差し
ルイーダ,2026-01-26,大井,3,5,9,0.5,5,
ルイーダ,2026-02-16,大井,5,11,13,0.8333,10,差し
ルイーダ,2026-03-09,大井,5,5,11,0.4,7,差し
ルイーダ,2026-03-23,大井,5,13,14,0.9231,7,差し
ルイーダ,2026-04-13,大井,5,4,12,0.2727,10,差し
ルイーダ,2026-04-27,大井,3,3,11,0.2,4,差し
ルイーダ,2026-05-20,大井,5,4,11,0.3,10,差し
ルイーダ,2026-06-08,大井,5,7,12,0.5455,6,差し
ルイーダ,2026-06-29,大井,2,6,14,0.3846,6,差し
ルイーダ,2026-07-20,大井,6,6,13,0.4167,5,差し
ルイーダ,2026-08-12,大井,5,9,16,0.5333,12,差し
ルイーダ,2026-08-31,大井,6,4,14,0.2308,5,差し
ルカドリーマー,2026-04-28,大井,3,3,14,0.1538,7,差し
ルカドリーマー,2026-05-20,大井,4,3,14,0.1538,5,差し
ルカドリーマー,2026-06-10,大井,4,6,14,0.3846,12,差し
ルカリリ,2026-03-09,大井,3,8,15,0.5,11,先行
ルカリリ,2026-03-23,大井,3,4,13,0.25,6,先行
ルカリリ,2026-04-13,大井,2,4,13,0.25,1,先行
ルカリリ,2026-05-20,大井,2,3,11,0.2,1,先行
ルカリリ,2026-06-08,大井,8,1,12,0.0,3,差し
ルカリリ,2026-07-23,大井,2,4,16,0.2,4,差し
ルガルバンダ,2026-03-26,大井,5,3,12,0.1818,1,差し
ルガルバンダ,2026-05-01,大井,9,1,7,0.0,2,差し
ルクラ,2026-03-09,大井,6,3,14,0.1538,2,差し
ルクラ,2026-03-25,大井,2,5,10,0.4444,7,差し
ルソレイユ,2026-08-17,大井,5,7,8,0.8571,6,先行
ルソレイユ,2026-09-02,大井,12,1,12,0.0,11,先行
ルックハーティアズ,2026-03-23,大井,5,2,14,0.0769,12,
ルックハーティアズ,2026-04-13,大井,4,7,10,0.6667,7,先行
ルックハーティアズ,2026-04-27,大井,6,2,14,0.0769,7,差し
ルックハーティアズ,2026-05-18,大井,2,3,14,0.1538,3,先行
ルックハーティアズ,2026-06-08,大井,5,2,12,0.0909,2,先行
ルックライクレイン,2026-07-20,大井,4,3,10,0.2222,8,
ルックライクレイン,2026-08-15,大井,3,1,9,0.0,2,差し
ルトラセ,2026-01-15,大井,4,9,14,0.6154,13,追込
ルトラセ,2026-01-28,大井,5,7,8,0.8571,7,追込
ルトラセ,2026-02-20,大井,12,13,16,0.8,13,追込
ルトラセ,2026-03-12,大井,10,11,16,0.6667,10,追込
ルトラセ,2026-03-25,大井,9,5,11,0.4,5,追込
ルトラセ,2026-06-10,大井,6,4,10,0.3333,4,差し
ルネサンスクラブ,2026-06-08,大井,9,2,12,0.0909,4,先行
ルネサンスクラブ,2026-07-23,大井,2,2,16,0.0667,3,先行
ルネサンスクラブ,2026-08-17,大井,2,2,14,0.0769,6,先行
ルビーオーシャン,2026-06-08,大井,3,4,5,0.75,5,
ルビーシールズ,2026-01-15,大井,8,3,7,0.3333,2,先行
ルビースターク,2026-03-09,大井,5,9,11,0.8,10,
ルビースターク,2026-03-23,大井,5,7,14,0.4615,10,差し
ルビースターク,2026-04-13,大井,4,5,10,0.4444,5,差し
ルビースターク,2026-04-27,大井,6,5,14,0.3077,4,差し
ルビースターク,2026-05-20,大井,4,4,14,0.2308,7,差し
ルビースターク,2026-06-08,大井,4,2,10,0.1111,5,差し
ルビースターク,2026-06-29,大井,5,5,12,0.3636,12,差し
ルビースターク,2026-07-21,大井,3,4,14,0.2308,10,差し
ルビーディーゼル,2026-04-17,大井,5,5,9,0.5,6,差し
ルビーディーゼル,2026-05-01,大井,1,3,10,0.2222,2,差し
ルビーディーゼル,2026-05-22,大井,10,5,8,0.5714,5,差し
ルビーディーゼル,2026-06-12,大井,1,7,9,0.75,6,差し
ルビーディーゼル,2026-07-03,大井,3,10,12,0.8182,10,追込
ルビーマーベル,2026-01-13,大井,5,4,14,0.2308,7,差し
ルビーマーベル,2026-01-27,大井,6,2,11,0.1,2,差し
ルビーマーベル,2026-02-20,大井,1,7,14,0.4615,7,先行
ルビーマーベル,2026-03-11,大井,4,9,14,0.6154,8,先行
ルマタンエレガン,2026-01-12,大井,6,11,14,0.7692,7,差し
ルマタンエレガン,2026-01-26,大井,4,7,13,0.5,4,差し
ルマタンエレガン,2026-02-16,大井,4,7,12,0.5455,7,差し
ルマタンエレガン,2026-03-09,大井,6,12,14,0.8462,10,差し
ルミナスアーク,2026-07-20,大井,3,6,7,0.8333,6,
ルリモンハナバチ,2026-01-13,大井,7,1,13,0.0,4,先行
ルリモンハナバチ,2026-01-26,大井,8,3,13,0.1667,12,先行
ルリモンハナバチ,2026-02-17,大井,6,1,12,0.0,3,先行
ルリモンハナバチ,2026-03-12,大井,10,3,16,0.1333,15,逃げ
ルリモンハナバチ,2026-03-23,大井,12,9,13,0.6667,9,逃げ
ルリモンハナバチ,2026-04-16,大井,12,1,10,0.0,3,逃げ
ルリモンハナバチ,2026-04-29,大井,3,4,13,0.25,6,逃げ
ルリモンハナバチ,2026-05-19,大井,4,6,9,0.625,4,逃げ
ルリモンハナバチ,2026-06-11,大井,12,2,11,0.1,3,先行
ルリモンハナバチ,2026-06-29,大井,7,9,11,0.8,7,先行
ルリモンハナバチ,2026-07-21,大井,6,9,13,0.6667,12,差し
ルリモンハナバチ,2026-08-16,大井,10,6,13,0.4167,9,追込
ルヴレアール,2026-08-12,大井,5,2,16,0.0667,6,追込
ルーシーノワール,2026-01-12,大井,10,2,11,0.1,4,差し
ルーシーノワール,2026-02-18,大井,8,4,14,0.2308,5,差し
ルーシーノワール,2026-05-21,大井,6,2,12,0.0909,6,先行
ルーシーノワール,2026-06-12,大井,12,4,13,0.25,6,先行
ルーシーノワール,2026-07-01,大井,8,2,14,0.0769,3,先行
ルーシーノワール,2026-08-16,大井,7,4,11,0.3,4,先行
ルールオーヴァー,2026-09-02,大井,9,4,13,0.25,11,追込
ルールメイプル,2026-09-02,大井,12,3,12,0.1818,10,差し
レイニングキャット,2026-01-30,大井,11,1,12,0.0,12,先行
レイリ,2026-03-26,大井,12,12,13,0.9167,12,差し
レイリ,2026-04-16,大井,10,7,14,0.4615,13,差し
レイリ,2026-04-28,大井,10,5,9,0.5,6,追込
レイリ,2026-05-21,大井,8,5,10,0.4444,8,追込
レイリ,2026-06-12,大井,7,7,11,0.6,9,追込
レイリ,2026-06-30,大井,12,8,12,0.6364,11,追込
レイヴンマスター,2026-04-28,大井,1,3,11,0.2,4,差し
レイヴンマスター,2026-05-20,大井,1,3,13,0.1667,10,差し
レイヴンマスター,2026-06-10,大井,1,3,14,0.1538,3,差し
レイヴンマスター,2026-07-03,大井,1,4,11,0.3,9,差し
レオンバローズ,2026-01-14,大井,12,13,14,0.9231,14,追込
レオンバローズ,2026-01-27,大井,11,11,13,0.8333,13,追込
レジェンドウェイ,2026-01-30,大井,9,3,11,0.2,2,差し
レジェンドウェイ,2026-02-20,大井,10,3,13,0.1667,7,差し
レジェンドウェイ,2026-03-10,大井,12,2,16,0.0667,4,先行
レジェンドウェイ,2026-03-23,大井,11,6,13,0.4167,5,先行
レジェンドウェイ,2026-05-21,大井,10,5,16,0.2667,11,先行
レジェンドウェイ,2026-06-10,大井,7,1,11,0.0,4,先行
レジェンドウェイ,2026-07-02,大井,7,1,11,0.0,1,先行
レジェンドウェイ,2026-07-24,大井,11,6,16,0.3333,11,先行
レジスタ,2026-01-12,大井,1,2,13,0.0833,2,差し
レジーナチェリ,2026-03-25,大井,8,7,13,0.5,9,差し
レジーナチェリ,2026-04-14,大井,8,5,10,0.4444,10,差し
レジーナチェリ,2026-04-28,大井,8,2,8,0.1429,5,差し
レジーナチェリ,2026-05-19,大井,7,5,10,0.4444,9,差し
レジーナチェリ,2026-06-10,大井,8,3,12,0.1818,5,差し
レジーナチェリ,2026-06-30,大井,7,1,11,0.0,3,差し
レジーナティアラ,2026-02-18,大井,4,4,14,0.2308,2,差し
レジーナティアラ,2026-03-11,大井,6,9,12,0.7273,1,差し
レジーナティアラ,2026-03-27,大井,5,8,14,0.5385,7,差し
レジーナティアラ,2026-04-17,大井,9,3,14,0.1538,4,差し
レジーナティアラ,2026-05-01,大井,8,4,10,0.3333,6,差し
レジーナティアラ,2026-05-22,大井,6,5,12,0.3636,5,差し
レジーナティアラ,2026-06-12,大井,5,5,14,0.3077,5,差し
レッツゴージミー,2026-06-08,大井,1,5,11,0.4,9,差し
レッドスカイ,2026-01-13,大井,6,11,13,0.8333,13,差し
レッドスカイ,2026-01-28,大井,4,8,11,0.7,9,差し
レッドスカイ,2026-02-19,大井,4,11,11,1.0,11,差し
レッドフローガ,2026-03-23,大井,3,5,13,0.3333,4,差し
レッドフローガ,2026-04-13,大井,2,6,13,0.4167,6,差し
レッドフローガ,2026-08-31,大井,2,5,14,0.3077,1,差し
レディメローラ,2026-04-17,大井,12,8,14,0.5385,14,差し
レディメローラ,2026-05-22,大井,12,10,15,0.6429,14,差し
レディメローラ,2026-06-10,大井,10,9,14,0.6154,11,差し
レディメローラ,2026-07-02,大井,10,8,12,0.6364,12,差し
レディメローラ,2026-08-15,大井,9,6,14,0.3846,14,差し
レディヴィクトリア,2026-01-12,大井,8,3,13,0.1667,4,差し
レディヴィクトリア,2026-01-26,大井,6,2,12,0.0909,4,差し
レディヴィクトリア,2026-02-17,大井,5,4,14,0.2308,2,差し
レディヴィクトリア,2026-03-10,大井,7,3,12,0.1818,6,差し
レディヴィクトリア,2026-03-23,大井,8,2,12,0.0909,3,差し
レディヴィクトリア,2026-04-14,大井,4,3,12,0.1818,7,差し
レディヴィクトリア,2026-04-28,大井,6,2,10,0.1111,5,差し
レディヴィクトリア,2026-06-09,大井,4,1,10,0.0,7,差し
レディヴィクトリア,2026-07-01,大井,4,5,14,0.3077,9,差し
レディヴィクトリア,2026-07-21,大井,6,4,13,0.25,6,差し
レディヴィクトリア,2026-08-14,大井,3,4,13,0.25,7,差し
レディヴィクトリア,2026-09-02,大井,7,1,15,0.0,12,差し
レディーキラー,2026-04-17,大井,8,11,14,0.7692,14,追込
レディーキラー,2026-04-30,大井,6,9,14,0.6154,12,追込
レディーキラー,2026-05-22,大井,6,8,12,0.6364,9,追込
レディーキラー,2026-06-11,大井,6,6,9,0.625,7,追込
レディーキラー,2026-07-21,大井,10,5,14,0.3077,1,追込
レディーキラー,2026-08-13,大井,7,5,8,0.5714,7,差し
レディーティアラ,2026-01-16,大井,7,3,9,0.25,2,逃げ
レディーティアラ,2026-01-28,大井,10,1,13,0.0,6,先行
レディーティアラ,2026-02-19,大井,11,1,15,0.0,2,逃げ
レナ,2026-01-12,大井,2,11,13,0.8333,12,追込
レナ,2026-01-27,大井,2,10,14,0.6923,14,追込
レナ,2026-03-09,大井,3,13,15,0.8571,15,追込
レベリオス,2026-01-12,大井,11,5,9,0.5,4,先行
レベリオス,2026-03-26,大井,12,4,13,0.25,4,差し
レベリオス,2026-04-15,大井,12,9,16,0.5333,5,差し
レベリオス,2026-05-01,大井,12,8,16,0.4667,6,差し
レベリオス,2026-05-21,大井,8,4,10,0.3333,5,差し
レベリオス,2026-06-11,大井,7,2,11,0.1,2,差し
レベリオス,2026-06-30,大井,12,3,12,0.1818,5,差し
レベリオス,2026-07-22,大井,9,1,7,0.0,1,差し
レベリオス,2026-09-03,大井,10,1,11,0.0,3,差し
レベルフォー,2026-01-14,大井,11,3,11,0.2,7,差し
レペンテ,2026-01-12,大井,12,15,16,0.9333,13,追込
レペンテ,2026-02-19,大井,12,10,13,0.75,8,追込
レペンテ,2026-03-12,大井,11,8,12,0.6364,6,追込
レペンテ,2026-03-26,大井,7,5,9,0.5,1,追込
レペンテ,2026-04-15,大井,9,4,7,0.5,5,追込
レペンテ,2026-05-01,大井,10,3,10,0.2222,5,追込
レペンテ,2026-05-18,大井,11,2,11,0.1,6,差し
レペンテ,2026-06-10,大井,12,9,13,0.6667,13,差し
レペンテ,2026-06-30,大井,10,8,12,0.6364,11,差し
レペンテ,2026-07-21,大井,12,10,16,0.6,14,差し
レモンアイカー,2026-01-16,大井,2,2,16,0.0667,1,差し
レモンアイカー,2026-01-27,大井,9,4,14,0.2308,2,先行
レモンクォーツ,2026-03-24,大井,4,7,11,0.6,4,差し
レンソイス,2026-03-23,大井,4,2,7,0.1667,2,
レンソイス,2026-04-28,大井,4,1,12,0.0,2,差し
レンソイス,2026-05-21,大井,2,1,14,0.0,1,先行
レヴェルトディオ,2026-08-15,大井,7,1,16,0.0,2,差し
レーベンヘルツ,2026-01-16,大井,9,4,12,0.2727,8,差し
レーベンヘルツ,2026-01-30,大井,12,5,13,0.3333,7,差し
レーベンヘルツ,2026-02-18,大井,10,6,11,0.5,5,差し
レーベンヘルツ,2026-03-13,大井,10,6,13,0.4167,11,差し
レーベンヘルツ,2026-03-27,大井,9,7,10,0.6667,6,差し
レーベンヘルツ,2026-04-16,大井,8,7,12,0.5455,9,差し
レーベンヘルツ,2026-04-30,大井,9,4,14,0.2308,6,差し
レーベンヘルツ,2026-05-21,大井,7,3,11,0.2,7,差し
レーベンヘルツ,2026-06-12,大井,9,4,14,0.2308,8,差し
レーヴダリア,2026-08-31,大井,3,2,6,0.2,2,
レーヴレジェンド,2026-04-16,大井,9,1,16,0.0,12,先行
レーヴレジェンド,2026-04-30,大井,9,1,14,0.0,11,差し
レーヴレジェンド,2026-05-21,大井,7,1,11,0.0,6,先行
レーヴレジェンド,2026-06-12,大井,9,1,14,0.0,4,逃げ
レーヴレジェンド,2026-07-01,大井,12,1,15,0.0,10,逃げ
レーヴレジェンド,2026-07-24,大井,8,1,12,0.0,2,逃げ
レーヴレジェンド,2026-08-16,大井,8,3,13,0.1667,4,逃げ
ロアリングルックス,2026-05-21,大井,11,9,13,0.6667,13,先行
ロアリングルックス,2026-06-12,大井,11,4,11,0.3,10,先行
ロアリングルックス,2026-07-01,大井,10,2,13,0.0833,13,先行
ロアリングルックス,2026-08-17,大井,5,5,8,0.5714,8,先行
ロイヤルエピック,2026-01-14,大井,7,6,12,0.4545,11,先行
ロイヤルエピック,2026-01-28,大井,6,1,12,0.0,4,先行
ロイヤルエピック,2026-02-18,大井,6,5,16,0.2667,8,先行
ロイヤルカラット,2026-01-16,大井,5,7,12,0.5455,7,差し
ロイヤルカラット,2026-01-30,大井,6,13,14,0.9231,3,差し
ロイヤルカラット,2026-02-20,大井,8,10,13,0.75,9,差し
ロイヤルカラット,2026-03-13,大井,5,13,14,0.9231,11,差し
ロイヤルカラット,2026-06-12,大井,4,7,9,0.75,9,追込
ロイヤルカラット,2026-07-03,大井,6,5,9,0.5,9,追込
ロイヤルカラット,2026-07-22,大井,7,5,13,0.3333,8,追込
ロイヤルカラット,2026-08-17,大井,10,7,12,0.5455,7,追込
ロイヤルサウンダ,2026-01-12,大井,7,11,13,0.8333,13,差し
ロイヤルサウンダ,2026-01-26,大井,5,11,13,0.8333,13,差し
ロイヤルサウンダ,2026-04-13,大井,5,8,12,0.6364,8,差し
ロイヤルサウンダ,2026-04-27,大井,5,7,10,0.6667,8,差し
ロイヤルテール,2026-01-15,大井,4,4,14,0.2308,7,差し
ロイヤルテール,2026-01-28,大井,6,3,12,0.1818,1,差し
ロイヤルテール,2026-05-01,大井,7,2,7,0.1667,1,差し
ロイヤルペガサス,2026-01-13,大井,11,2,10,0.1111,3,先行
ロイヤルペガサス,2026-01-26,大井,11,4,9,0.375,9,先行
ロイヤルペガサス,2026-03-13,大井,11,6,10,0.5556,8,差し
ロイヤルペガサス,2026-03-26,大井,11,8,13,0.5833,11,差し
ロイヤルペガサス,2026-04-17,大井,11,1,12,0.0,1,差し
ロイヤルペガサス,2026-04-28,大井,11,3,16,0.1333,11,差し
ロイヤルペガサス,2026-05-20,大井,11,8,16,0.4667,15,差し
ロイヤルペガサス,2026-07-02,大井,11,4,10,0.3333,10,差し
ロウリュ,2026-02-18,大井,11,10,16,0.6,8,差し
ロウリュ,2026-03-09,大井,11,2,10,0.1111,2,差し
ロウリュ,2026-04-29,大井,11,4,13,0.25,3,差し
ロウリュ,2026-06-10,大井,11,7,16,0.4,15,差し
ロクスマリアンヌ,2026-01-16,大井,2,1,16,0.0,10,逃げ
ロクスマリアンヌ,2026-05-20,大井,3,1,14,0.0,13,逃げ
ロクスマリアンヌ,2026-06-11,大井,2,1,13,0.0,3,逃げ
ロクスマリアンヌ,2026-07-03,大井,2,1,14,0.0,6,逃げ
ロクスマリアンヌ,2026-07-23,大井,2,1,16,0.0,8,逃げ
ロクスマリアンヌ,2026-08-17,大井,2,1,14,0.0,9,逃げ
ロジャーバロン,2026-01-27,大井,3,8,11,0.7,7,追込
ロジャーバロン,2026-02-17,大井,3,7,13,0.5,12,差し
ロジャーバロン,2026-03-09,大井,6,11,14,0.7692,6,差し
ロジャーバロン,2026-03-24,大井,3,12,14,0.8462,11,追込
ロジャーバロン,2026-04-14,大井,1,2,11,0.1,7,追込
ロセウス,2026-01-16,大井,6,6,13,0.4167,2,先行
ロセウス,2026-02-16,大井,10,7,14,0.4615,5,先行
ロッキンミー,2026-02-17,大井,9,8,12,0.6364,11,差し
ロッキンミー,2026-03-13,大井,10,11,13,0.8333,9,差し
ロッキンミー,2026-03-27,大井,8,9,11,0.8,9,差し
ロッキンミー,2026-04-14,大井,9,8,10,0.7778,9,差し
ロッキンミー,2026-04-29,大井,6,10,13,0.75,12,差し
ロッキンミー,2026-05-19,大井,8,3,9,0.25,9,追込
ロックイットダウン,2026-03-09,大井,4,3,8,0.2857,4,
ロックイットダウン,2026-03-24,大井,3,3,14,0.1538,6,差し
ロックイットダウン,2026-04-13,大井,5,2,12,0.0909,2,差し
ロックシュガー,2026-04-30,大井,11,5,11,0.4,7,差し
ロックターミガン,2026-03-25,大井,11,1,7,0.0,1,先行
ロックターミガン,2026-04-29,大井,11,1,13,0.0,2,先行
ロックターミガン,2026-06-10,大井,11,2,16,0.0667,4,先行
ロッソナブア,2026-03-13,大井,9,1,14,0.0,2,先行
ロッソナブア,2026-04-30,大井,12,3,14,0.1538,4,先行
ロッソナブア,2026-06-12,大井,12,1,13,0.0,1,先行
ロッソナブア,2026-07-03,大井,12,1,13,0.0,1,先行
ロミオボス,2026-04-27,大井,11,8,16,0.4667,3,追込
ロミオボス,2026-05-22,大井,12,7,15,0.4286,8,追込
ロワゾドゥフ,2026-08-13,大井,2,2,9,0.125,2,
ロワンディシー,2026-06-08,大井,10,5,9,0.5,9,差し
ロワンディシー,2026-06-29,大井,11,6,14,0.3846,14,差し
ロンギングスター,2026-04-17,大井,5,4,9,0.375,8,差し
ロンギングスター,2026-05-01,大井,1,2,10,0.1111,3,差し
ロンギングスター,2026-07-03,大井,3,1,12,0.0,6,差し
ロンギングタイム,2026-01-16,大井,8,3,12,0.1818,1,差し
ロンギングタイム,2026-01-26,大井,10,6,13,0.4167,3,差し
ロンギングタイム,2026-02-17,大井,12,10,16,0.6,3,差し
ロンギングタイム,2026-03-13,大井,12,1,9,0.0,1,差し
ロンギングタイム,2026-07-21,大井,12,3,16,0.1333,10,差し
ロンギングタイム,2026-08-31,大井,12,3,15,0.1429,9,差し
ロンギングトップ,2026-01-12,大井,7,9,13,0.6667,9,差し
ロンギングトップ,2026-01-26,大井,4,5,13,0.3333,6,差し
ロンギングナイス,2026-04-28,大井,10,3,9,0.25,9,先行
ロンギングナイス,2026-05-21,大井,8,2,10,0.1111,4,先行
ロンギングナイス,2026-06-08,大井,11,2,16,0.0667,2,先行
ロンギングナイス,2026-06-29,大井,12,1,13,0.0,2,先行
ロンギングナイス,2026-09-02,大井,12,3,12,0.1818,4,先行
ロヴァニエミ,2026-06-29,大井,3,2,8,0.1429,8,
ロヴァニエミ,2026-07-23,大井,3,8,11,0.7,9,先行
ロヴァニエミ,2026-09-02,大井,4,2,11,0.1,1,差し
ローザネーラ,2026-03-09,大井,5,1,11,0.0,11,差し
ローザネーラ,2026-03-23,大井,5,4,14,0.2308,14,先行
ローズピリオド,2026-02-16,大井,11,11,16,0.6667,16,差し
ローズプリンセス,2026-08-17,大井,7,5,12,0.3636,12,差し
ローズルーチェ,2026-03-23,大井,5,3,14,0.1538,2,
ローズルーチェ,2026-04-14,大井,3,3,11,0.2,9,差し
ローゼンナイツ,2026-02-16,大井,1,2,16,0.0667,1,差し
ローゼンナイツ,2026-03-24,大井,1,4,13,0.25,3,差し
ローゼンナイツ,2026-04-15,大井,1,1,14,0.0,7,差し
ローゼンブルーム,2026-01-13,大井,3,4,10,0.3333,2,追込
ローゼンブルーム,2026-01-28,大井,3,10,14,0.6923,11,差し
ローゼンブルーム,2026-02-19,大井,5,10,14,0.6923,9,追込
ローゼンブルーム,2026-03-11,大井,3,11,12,0.9091,11,追込
ローゼンブルーム,2026-03-25,大井,2,7,10,0.6667,9,追込
ローゼンブルーム,2026-04-15,大井,5,6,14,0.3846,5,追込
ローゼンブルーム,2026-04-28,大井,5,7,14,0.4615,4,追込
ローゼンブルーム,2026-05-21,大井,3,5,16,0.2667,5,差し
ローゼンブルーム,2026-06-10,大井,5,8,13,0.5833,8,差し
ローゼンブルーム,2026-07-02,大井,5,5,16,0.2667,6,差し
ローゼンブルーム,2026-07-22,大井,4,3,14,0.1538,11,差し
ローゼンヴォルフ,2026-01-16,大井,4,1,14,0.0,2,差し
ローゼンヴォルフ,2026-03-11,大井,8,8,10,0.7778,10,先行
ローゼンヴォルフ,2026-03-25,大井,8,10,13,0.75,6,先行
ロードアラビアン,2026-01-15,大井,11,3,11,0.2,8,差し
ロードアラビアン,2026-02-16,大井,11,7,16,0.4,4,差し
ロードアラビアン,2026-04-17,大井,11,3,12,0.1818,10,差し
ロードオブキング,2026-01-13,大井,1,7,13,0.5,4,追込
ロードオブキング,2026-01-28,大井,2,3,14,0.1538,1,追込
ロードオブキング,2026-02-16,大井,6,5,13,0.3333,3,差し
ロードオブキング,2026-03-10,大井,7,4,12,0.2727,8,差し
ロードオブキング,2026-04-27,大井,7,4,11,0.3,7,差し
ロードオブキング,2026-05-18,大井,5,2,12,0.0909,5,差し
ロードオブキング,2026-07-23,大井,1,7,13,0.5,12,差し
ロードオブキング,2026-08-17,大井,1,4,11,0.3,9,差し
ロードオブファイア,2026-08-31,大井,5,1,12,0.0,1,追込
ロードクロンヌ,2026-07-01,大井,11,3,13,0.1667,6,先行
ロードルーチェ,2026-02-20,大井,4,6,10,0.5556,2,追込
ロードルーチェ,2026-03-09,大井,11,8,10,0.7778,3,追込
ロードルーチェ,2026-04-13,大井,7,5,11,0.4,2,差し
ロードルーチェ,2026-05-18,大井,9,2,7,0.1667,1,差し
ロードルーチェ,2026-06-10,大井,11,10,16,0.6,8,差し
ロードレイジング,2026-02-18,大井,11,14,16,0.8667,13,追込
ロールモデル,2026-04-13,大井,4,8,10,0.7778,10,
ロールモデル,2026-04-27,大井,6,7,14,0.4615,14,差し
ロールモデル,2026-05-18,大井,2,4,14,0.2308,12,差し
ローレンモンブラン,2026-04-27,大井,4,7,11,0.6,5,追込
ローレンモンブラン,2026-05-20,大井,4,4,14,0.2308,8,追込
ローレンモンブラン,2026-06-08,大井,4,3,10,0.2222,1,追込
ローレンモンブラン,2026-07-02,大井,3,3,8,0.2857,4,差し
ローレンモンブラン,2026-07-23,大井,4,5,9,0.5,5,差し
ローレンモンブラン,2026-08-15,大井,4,5,8,0.5714,7,差し
ワイズゴーゴー,2026-08-31,大井,2,1,14,0.0,8,差し
ワイドポティロン,2026-09-02,大井,2,6,16,0.3333,1,追込
ワイドリューレント,2026-07-21,大井,8,7,11,0.6,11,差し
ワイドリューレント,2026-08-12,大井,8,5,13,0.3333,11,差し
ワイルドウィーゼル,2026-07-21,大井,4,5,8,0.5714,7,
ワイルドウィーゼル,2026-09-02,大井,3,1,7,0.0,2,追込
ワイルドノブクン,2026-01-15,大井,3,4,8,0.4286,5,差し
ワイルドノブクン,2026-01-29,大井,5,4,7,0.5,2,差し
ワイルドノブクン,2026-02-20,大井,4,1,10,0.0,9,差し
ワイルドノブクン,2026-03-13,大井,7,7,10,0.6667,8,差し
ワイルドノブクン,2026-03-27,大井,2,7,12,0.5455,7,差し
ワイルドノブクン,2026-04-17,大井,6,2,13,0.0833,6,差し
ワイルドノブクン,2026-05-01,大井,2,1,13,0.0,5,差し
ワイルドノブクン,2026-05-22,大井,4,1,16,0.0,3,先行
ワカチーコ,2026-01-15,大井,2,6,6,1.0,3,差し
ワカチーコ,2026-01-30,大井,2,6,9,0.625,7,差し
ワカチーコ,2026-05-01,大井,1,3,10,0.2222,6,追込
ワカチーコ,2026-05-22,大井,3,2,12,0.0909,9,追込
ワカチーコ,2026-06-11,大井,3,6,9,0.625,7,差し
ワクシングムーン,2026-01-14,大井,10,8,15,0.5,1,追込
ワクシングムーン,2026-01-27,大井,12,7,13,0.5,2,差し
ワクシングムーン,2026-08-13,大井,7,2,8,0.1429,1,差し
ワクシングムーン,2026-09-02,大井,8,4,12,0.2727,4,差し
ワナハヴファン,2026-03-27,大井,7,1,8,0.0,1,先行
ワナハヴファン,2026-05-01,大井,9,1,7,0.0,1,逃げ
ワンウェイ,2026-03-13,大井,10,3,13,0.1667,3,差し
ワンウェイ,2026-03-27,大井,9,4,10,0.3333,3,差し
ワンウェイ,2026-04-16,大井,9,7,16,0.4,3,差し
ワンウェイ,2026-04-30,大井,9,3,14,0.1538,3,差し
ワンウェイ,2026-05-19,大井,12,8,16,0.4667,6,差し
ワンウェイ,2026-06-09,大井,9,7,14,0.4615,5,差し
ワンウェイ,2026-07-02,大井,7,6,11,0.5,5,差し
ワンウェイ,2026-07-24,大井,10,5,14,0.3077,7,差し
ワンウェイ,2026-08-16,大井,8,6,13,0.4167,7,差し
ワンウェイ,2026-09-04,大井,12,6,15,0.3571,5,差し
ワンダーランド,2026-04-28,大井,11,7,16,0.4,12,差し
ワンダーランド,2026-06-11,大井,11,3,12,0.1818,3,差し
ワールドエイム,2026-01-16,大井,12,3,14,0.1538,2,差し
ワールドエイム,2026-02-19,大井,11,4,15,0.2143,1,差し
ワールドエイム,2026-03-24,大井,11,9,16,0.5333,2,差し
ワールドエイム,2026-05-22,大井,7,3,9,0.25,1,差し
ワールドエイム,2026-07-22,大井,9,2,7,0.1667,2,差し
ワールドエンパイア,2026-01-13,大井,9,7,8,0.8571,5,差し
ワールドエンパイア,2026-01-30,大井,11,9,12,0.7273,8,差し
ワールドエンパイア,2026-02-20,大井,10,6,13,0.4167,6,差し
ワールドエンパイア,2026-03-11,大井,12,9,11,0.8,10,差し
ワールドエンパイア,2026-03-27,大井,12,12,15,0.7857,15,追込
ワールドコネクター,2026-06-29,大井,10,5,11,0.4,2,先行
ワールドコネクター,2026-07-21,大井,11,3,13,0.1667,6,差し
ワールドフォンテン,2026-01-27,大井,2,3,14,0.1538,4,先行
ワールドフォンテン,2026-02-17,大井,2,2,13,0.0833,2,先行
ワールドフォンテン,2026-03-10,大井,1,1,14,0.0,1,先行
ワールドフォンテン,2026-03-24,大井,1,1,13,0.0,1,先行
ワールドフォンテン,2026-04-16,大井,1,2,14,0.0769,2,先行
ワールドフォンテン,2026-04-27,大井,7,2,11,0.1,1,先行
ワールドフォンテン,2026-05-19,大井,4,3,9,0.25,6,先行
ワールドフォンテン,2026-06-09,大井,4,3,10,0.2222,4,先行
ワールドフォンテン,2026-07-02,大井,6,2,12,0.0909,2,先行
ワールドフォンテン,2026-07-20,大井,7,2,10,0.1111,1,差し
ワールドフォンテン,2026-08-17,大井,6,3,12,0.1818,4,差し
ヴァイスウィッチ,2026-01-14,大井,6,7,14,0.4615,14,先行
ヴァイスウィッチ,2026-01-28,大井,6,5,12,0.3636,8,先行
ヴァイスウィッチ,2026-02-18,大井,3,1,14,0.0,5,差し
ヴァイスウィッチ,2026-03-11,大井,5,2,13,0.0833,8,差し
ヴァイスウィッチ,2026-03-24,大井,8,7,12,0.5455,12,先行
ヴァルタリ,2026-01-16,大井,12,11,14,0.7692,13,追込
ヴァルタリ,2026-01-26,大井,10,9,13,0.6667,13,追込
ヴァルタリ,2026-02-20,大井,10,7,13,0.5,12,追込
ヴァルタリ,2026-05-21,大井,10,7,16,0.4,9,追込
ヴァルタリ,2026-06-10,大井,7,3,11,0.2,5,追込
ヴァルタリ,2026-07-02,大井,10,7,12,0.5455,11,追込
ヴァルタリ,2026-07-24,大井,9,5,12,0.3636,11,追込
ヴァルチャースター,2026-01-12,大井,3,2,15,0.0714,1,差し
ヴァルチャースター,2026-01-26,大井,6,1,12,0.0,1,差し
ヴァルチャースター,2026-02-18,大井,3,2,14,0.0769,1,差し
ヴァルチャースター,2026-03-25,大井,4,3,12,0.1818,1,先行
ヴァルチャースター,2026-04-14,大井,8,2,10,0.1111,1,先行
ヴァルディ,2026-01-13,大井,4,4,16,0.2,1,差し
ヴァルディ,2026-02-18,大井,9,8,11,0.7,11,先行
ヴァルディ,2026-03-13,大井,2,5,9,0.5,4,差し
ヴァルディ,2026-03-27,大井,7,5,8,0.5714,5,差し
ヴァルディ,2026-08-15,大井,7,7,16,0.4,6,差し
ヴァレンシアスノー,2026-01-14,大井,2,5,15,0.2857,11,先行
ヴァレンシアスノー,2026-01-30,大井,1,1,12,0.0,9,先行
ヴァレンシアスノー,2026-05-20,大井,3,1,14,0.0,2,先行
ヴァレンシアスノー,2026-06-11,大井,2,1,13,0.0,5,先行
ヴァレンシアスノー,2026-07-03,大井,2,2,14,0.0769,12,逃げ
ヴァレンシアスノー,2026-07-22,大井,2,3,16,0.1333,13,逃げ
ヴァンクルジャン,2026-07-01,大井,5,3,14,0.1538,14,先行
ヴァンビー,2026-01-16,大井,10,9,11,0.8,3,差し
ヴァンビー,2026-01-30,大井,9,5,11,0.4,10,差し
ヴァンビー,2026-02-18,大井,8,1,14,0.0,6,差し
ヴァンビー,2026-03-13,大井,9,13,14,0.9231,5,差し
ヴァンビー,2026-03-27,大井,8,3,11,0.2,3,追込
ヴァンビー,2026-04-16,大井,8,3,12,0.1818,8,差し
ヴァンビー,2026-04-30,大井,8,1,10,0.0,4,差し
ヴァンビー,2026-05-21,大井,10,6,16,0.3333,15,差し
ヴァンビー,2026-06-10,大井,7,2,11,0.1,9,差し
ヴァンビー,2026-07-02,大井,7,4,11,0.3,4,差し
ヴァンビー,2026-07-24,大井,10,4,14,0.2308,12,差し
ヴァンビー,2026-08-16,大井,7,5,11,0.4,6,差し
ヴィクストリア,2026-01-12,大井,1,5,13,0.3333,7,追込
ヴィクストリア,2026-01-26,大井,2,6,13,0.4167,6,追込
ヴィクストリア,2026-02-16,大井,1,14,16,0.8667,14,差し
ヴィクストリア,2026-03-09,大井,1,10,14,0.6923,14,差し
ヴィクストリア,2026-03-23,大井,1,6,11,0.5,8,差し
ヴィクティファルス,2026-02-17,大井,11,4,15,0.2143,1,差し
ヴィクティファルス,2026-04-16,大井,11,6,16,0.3333,8,差し
ヴィクトリアパス,2026-06-30,大井,3,3,8,0.2857,4,
ヴィクトリス,2026-04-27,大井,3,7,11,0.6,5,
ヴィクトリス,2026-05-18,大井,1,2,12,0.0909,7,差し
ヴィクトリーロード,2026-05-21,大井,11,7,13,0.5,6,差し
ヴィクトーリオ,2026-03-10,大井,5,1,14,0.0,2,先行
ヴィクトーリオ,2026-04-15,大井,5,1,14,0.0,10,逃げ
ヴィクトーリオ,2026-04-30,大井,4,1,11,0.0,8,逃げ
ヴィクトーリオ,2026-05-21,大井,3,3,16,0.1333,12,逃げ
ヴィジブルライト,2026-01-29,大井,10,13,15,0.8571,9,差し
ヴィジブルライト,2026-03-26,大井,10,6,14,0.3846,3,差し
ヴィジブルライト,2026-04-16,大井,8,4,12,0.2727,5,差し
ヴィジブルライト,2026-04-30,大井,8,3,10,0.2222,6,差し
ヴィジブルライト,2026-05-21,大井,6,4,12,0.2727,8,差し
ヴィジブルライト,2026-06-12,大井,9,6,14,0.3846,11,差し
ヴィジブルライト,2026-07-01,大井,8,5,14,0.3077,9,差し
ヴィジブルライト,2026-07-22,大井,12,7,11,0.6,8,差し
ヴィフアクター,2026-01-13,大井,7,8,13,0.5833,8,差し
ヴィフアクター,2026-01-27,大井,7,11,12,0.9091,12,差し
ヴィフアクター,2026-02-17,大井,6,11,12,0.9091,8,差し
ヴィフアクター,2026-03-10,大井,7,11,12,0.9091,5,追込
ヴィフアクター,2026-03-24,大井,7,9,11,0.8,4,追込
ヴィフアクター,2026-04-14,大井,4,9,12,0.7273,6,追込
ヴィフアクター,2026-04-27,大井,10,9,15,0.5714,7,追込
ヴィラスターリ,2026-01-28,大井,8,3,14,0.1538,1,先行
ヴィラスターリ,2026-02-18,大井,7,1,14,0.0,1,先行
ヴィルミーキスミー,2026-08-12,大井,10,3,14,0.1538,4,差し
ヴィルミーキスミー,2026-09-04,大井,11,3,13,0.1667,2,差し
ヴェスタリス,2026-05-22,大井,3,1,12,0.0,1,差し
ヴェスタリス,2026-07-02,大井,7,2,11,0.1,11,差し
ヴェスタリス,2026-07-23,大井,9,2,9,0.125,9,差し
ヴェスタリス,2026-08-16,大井,8,7,13,0.5,13,差し
ヴェラージュコマチ,2026-05-18,大井,2,3,14,0.1538,11,先行
ヴェラージュコマチ,2026-06-08,大井,2,3,10,0.2222,8,先行
ヴェルヴェーナ,2026-01-16,大井,1,13,14,0.9231,13,差し
ヴェルヴェーナ,2026-01-29,大井,1,9,12,0.7273,10,差し
ヴェルヴェーナ,2026-02-19,大井,2,12,13,0.9167,10,差し
ヴェルヴェーナ,2026-03-12,大井,1,9,12,0.7273,12,追込
ヴェルヴェーナ,2026-03-26,大井,2,6,13,0.4167,11,追込
ヴェルヴェーナ,2026-04-16,大井,2,5,11,0.4,9,追込
ヴェルヴェーナ,2026-04-29,大井,1,5,8,0.5714,7,追込
ヴェントフォルテ,2026-02-16,大井,7,7,14,0.4615,11,先行
ヴェントフォルテ,2026-03-09,大井,12,9,14,0.6154,13,差し
ヴェントフォルテ,2026-03-23,大井,9,3,13,0.1667,10,差し
ヴェントフォルテ,2026-04-13,大井,10,9,13,0.6667,10,差し
ヴェントフォルテ,2026-04-27,大井,9,5,13,0.3333,12,差し
ヴェントフォルテ,2026-05-18,大井,6,6,14,0.3846,12,差し
ヴェントフォルテ,2026-06-08,大井,8,7,12,0.5455,12,差し
ヴェントフォルテ,2026-06-30,大井,5,4,11,0.3,9,差し
ヴェールジャルダン,2026-04-14,大井,3,4,11,0.3,10,差し
ヴェールジャルダン,2026-04-28,大井,4,5,12,0.3636,12,差し
ヴェールジャルダン,2026-05-20,大井,4,3,14,0.1538,6,差し
ヴェールジャルダン,2026-06-09,大井,2,3,13,0.1667,5,差し
ヴェールジャルダン,2026-06-29,大井,5,3,12,0.1818,5,差し
ヴェールジャルダン,2026-07-21,大井,2,4,14,0.2308,3,差し
ヴェールジャルダン,2026-08-13,大井,3,7,13,0.5,10,差し
ヴォイスオブゼウス,2026-01-16,大井,8,6,12,0.4545,4,差し
ヴォイスオブゼウス,2026-02-18,大井,8,10,14,0.6923,9,差し
ヴォイスオブゼウス,2026-03-13,大井,8,5,10,0.4444,4,差し
ヴォイスオブゼウス,2026-03-27,大井,10,6,10,0.5556,4,差し
ヴォイスオブゼウス,2026-08-14,大井,6,3,11,0.2,9,差し
ヴォルクメア,2026-07-02,大井,12,5,14,0.3077,14,追込
ヴォルクメア,2026-08-14,大井,6,6,11,0.5,11,差し
ヴォーグアルタイル,2026-01-16,大井,1,6,14,0.3846,1,差し
ヴォーグアルタイル,2026-01-26,大井,8,3,13,0.1667,2,差し
ヴォーグアルタイル,2026-04-14,大井,4,3,12,0.1818,2,差し
ヴォーグアルタイル,2026-04-29,大井,3,3,13,0.1667,3,差し
ヴォーグアルタイル,2026-05-20,大井,6,5,12,0.3636,1,差し
ヴォーグアルタイル,2026-08-17,大井,6,6,12,0.4545,11,差し
ヴュルディヒ,2026-01-30,大井,8,10,13,0.75,5,差し
ヴュルディヒ,2026-02-18,大井,8,5,14,0.3077,3,差し
ヴュルディヒ,2026-03-12,大井,11,2,12,0.0909,2,差し
ヴュルディヒ,2026-03-27,大井,12,10,15,0.6429,8,差し
ヴュルディヒ,2026-05-01,大井,10,4,10,0.3333,3,差し
ヴュルディヒ,2026-05-18,大井,11,4,11,0.3,3,追込
ヴュルディヒ,2026-06-11,大井,10,6,14,0.3846,4,差し
ヴュルディヒ,2026-06-30,大井,10,4,12,0.2727,2,追込
ヴルールドロワ,2026-08-13,大井,9,7,15,0.4286,13,差し
