馬ID,馬名,日付,場,R,レース名,頭数,枠番,馬番,オッズ,人気,着順,騎手,斤量,馬場種別,距離,馬場
2017100627,コスモギンガ,2026-08-16,大井,10,ミッドサマー特別競走(C2),13,6,8,122.2,11,7,田中洸多,54,ダ,1650,重
2017100627,コスモギンガ,2026-07-21,大井,10,わし座特別競走(C2),14,6,9,224.1,12,12,田中洸多,54,ダ,2000,良
2017100627,コスモギンガ,2026-07-03,大井,9,ヘラクレス座特別競走(C2),12,6,8,159.2,9,9,田中洸多,54,ダ,1800,不
2017100627,コスモギンガ,2026-06-11,大井,12,こと座特別競走(C2),11,7,9,107.8,9,6,田中洸多,54,ダ,1650,稍
2017100627,コスモギンガ,2026-05-22,大井,9,うしかい座特別競走(C2),10,5,5,167.1,8,6,田中洸多,54,ダ,1800,不
2017100627,コスモギンガ,2026-04-27,大井,10,こじし座特別競走(C2),15,1,1,94.8,12,9,田中洸多,54,ダ,2000,不
2017100627,コスモギンガ,2026-04-16,大井,12,かに座特別競走(C2),10,4,4,18.7,6,5,山林堂信,54,ダ,1650,不
2017100627,コスモギンガ,2026-03-24,大井,10,おおぐま座特別競走(C2),14,8,13,84.6,13,8,杉山海波,51,ダ,2000,良
2017100627,コスモギンガ,2026-03-12,大井,10,四谷見附特別競走(C2),16,2,3,213.2,12,13,山林堂信,54,ダ,1800,良
2017100627,コスモギンガ,2026-02-20,大井,12,梅見月特別競走(C2),16,4,7,176.9,13,9,山林堂信,54,ダ,2000,良
2017100627,コスモギンガ,2026-01-29,大井,12,風花特別競走(C1C2),14,6,10,247.0,12,6,山林堂信,53,ダ,1650,良
2017100627,コスモギンガ,2026-01-16,大井,4,呑川賞(C2四),14,6,9,233.4,13,10,山林堂信,54,ダ,1600,良
2017100627,コスモギンガ,2025-12-30,大井,12,師走特別競走(C2),13,7,11,85.4,9,7,山林堂信,54,ダ,2000,稍
2017100627,コスモギンガ,2025-12-19,川崎,12,47thホワイトクリ(C1C2),12,4,4,47.8,9,6,山林堂信,53,ダ,1600,稍
2017100627,コスモギンガ,2025-12-01,大井,12,オリオン座特別競走(C2),16,2,3,162.6,10,10,山林堂信,54,ダ,1800,良
2017100627,コスモギンガ,2025-11-13,大井,12,ぎょしゃ座特別競走(C1C2),12,3,3,85.6,8,9,山林堂信,53,ダ,1650,稍
2017100627,コスモギンガ,2025-10-23,大井,10,YJSトライアルラウ(C2),14,5,7,29.3,11,5,石田拓郎,54,ダ,1800,重
2017100627,コスモギンガ,2025-10-05,大井,8,オフト南相馬賞競走(C2),14,5,8,45.5,9,7,山林堂信,54,ダ,1800,良
2017100627,コスモギンガ,2025-09-16,大井,12,くじら座特別競走(C2),14,6,10,34.0,9,5,山林堂信,54,ダ,2000,稍
2017100627,コスモギンガ,2025-09-01,大井,10,こうま座特別競走(C2),11,5,5,76.0,8,3,山林堂信,54,ダ,1800,良
2017100627,コスモギンガ,2025-08-14,大井,12,ミッドサマー特別競走(C2),12,2,2,148.5,9,5,山林堂信,54,ダ,1650,良
2017100627,コスモギンガ,2025-07-17,大井,4,C2二 三四(C2三),11,1,1,119.4,10,8,山林堂信,54,ダ,1600,重
2017100627,コスモギンガ,2025-07-03,大井,12,海王星特別競走(C1C2),13,1,1,125.2,10,9,山林堂信,53,ダ,1650,良
2017100627,コスモギンガ,2025-06-11,大井,4,C2七 八九(C2八),14,5,8,108.1,13,8,山林堂信,54,ダ,1600,不
2017100627,コスモギンガ,2025-05-22,大井,12,しし座特別競走(C1C2),14,7,12,364.8,13,8,山林堂信,53,ダ,1650,良
2017100627,コスモギンガ,2025-05-01,大井,8,ジン・バック賞(C2),14,6,10,233.9,12,9,山林堂信,54,ダ,1600,稍
2017100627,コスモギンガ,2025-04-17,大井,4,C2六 七八(C2七),9,4,4,126.9,8,8,山林堂信,54,ダ,1600,良
2017100627,コスモギンガ,2025-03-24,大井,12,ナイキジャガー賞競走(C1C2),10,6,6,93.0,7,7,山林堂信,53,ダ,1650,良
2017100627,コスモギンガ,2025-03-12,大井,6,C2六 七,13,1,1,181.4,11,12,石川駿介,54,ダ,1200,重
2017100627,コスモギンガ,2025-02-17,大井,12,オフト新潟賞競走(C1C2),12,4,4,110.8,10,8,石川駿介,53,ダ,1650,良
2017100627,コスモギンガ,2025-01-30,大井,7,C2五 六七(C2六),11,7,10,182.5,8,8,田中洸多,51,ダ,1400,良
2017100627,コスモギンガ,2025-01-13,大井,12,おおいぬ座特別競走(C1C2),11,6,7,85.7,7,6,山林堂信,53,ダ,1650,稍
2017100627,コスモギンガ,2024-12-31,大井,4,C2三 四五(C2四),13,3,3,124.7,12,11,山林堂信,54,ダ,1600,良
2017100627,コスモギンガ,2024-12-13,川崎,12,46thホワイトクリ(C1C2),14,3,3,44.9,9,5,山林堂信,53,ダ,1600,良
2017100627,コスモギンガ,2024-12-01,大井,10,シトリン特別競走(C1C2),12,1,1,126.8,10,5,山林堂信,53,ダ,1650,良
2017100627,コスモギンガ,2024-11-08,大井,8,ギムレット賞(C2三),14,6,9,398.8,13,8,大木天翔,54,ダ,1600,良
2017100627,コスモギンガ,2024-10-14,大井,12,錦秋特別競走(C1C2),11,8,10,80.1,10,7,田中洸多,50,ダ,1650,良
2017100627,コスモギンガ,2024-10-03,大井,7,C2二 三四(C2三),12,2,2,138.7,11,8,田中洸多,51,ダ,1600,良
2017100627,コスモギンガ,2024-09-08,大井,8,白露特別競走(C1C2),11,7,9,107.9,9,7,田中洸多,50,ダ,1650,良
2017100627,コスモギンガ,2024-08-17,大井,8,ミント・フラッペ賞(C2三),11,6,7,54.0,9,6,田中洸多,51,ダ,1600,重
2017100627,コスモギンガ,2024-08-16,大井,8,ミント・フラッペ賞(C2三),,6,7,,,,田中洸多,51,ダ,1600,
2017100627,コスモギンガ,2024-07-29,大井,12,へびつかい座特別競走(C1C2),10,4,4,32.9,6,4,田中洸多,50,ダ,1650,良
2017100627,コスモギンガ,2024-07-11,大井,8,カカオ・フィズ賞(C2三),14,4,6,193.9,14,8,大木天翔,54,ダ,1600,良
2017100627,コスモギンガ,2024-06-24,大井,12,オフト後楽園賞競走(C1),9,2,2,122.2,9,7,山林堂信,54,ダ,1650,重
2017100627,コスモギンガ,2024-06-05,大井,7,C1五 六七(C1六),11,6,7,214.7,11,10,山林堂信,54,ダ,1400,稍
2017100627,コスモギンガ,2024-05-15,大井,6,C1五 六七(C1六),13,5,7,183.0,13,13,大木天翔,54,ダ,1600,重
2017100627,コスモギンガ,2024-04-25,大井,6,C1五 六七(C1六),13,5,6,273.7,13,10,大木天翔,54,ダ,1600,重
2017100627,コスモギンガ,2024-04-08,大井,12,かに座特別競走(C1),11,7,8,126.1,10,9,大木天翔,54,ダ,1650,重
2017100627,コスモギンガ,2024-03-21,大井,12,うみへび座特別競走(C1C2),15,8,15,189.5,14,13,大木天翔,52,ダ,1400,良
2017100627,コスモギンガ,2024-02-26,大井,8,C1五 六七(C1六),11,5,5,355.1,11,7,大木天翔,51,ダ,1600,重
2017100627,コスモギンガ,2024-02-16,大井,11,エリダヌス座特別競走(C1),11,7,8,109.5,10,10,大木天翔,51,ダ,1650,良
2017100627,コスモギンガ,2024-01-22,大井,7,C1五 六,14,3,3,323.2,14,7,大木天翔,51,ダ,1600,不
2017100627,コスモギンガ,2023-12-29,大井,10,BSフジ賞競走(C1C2),15,8,14,242.7,10,14,大木天翔,52,ダ,1400,良
2017100627,コスモギンガ,2023-12-15,川崎,12,45thホワイトクリ(C1C2),14,8,14,136.5,11,3,大木天翔,52,ダ,1600,稍
2017100627,コスモギンガ,2023-12-07,大井,7,C1 C2 選抜牝馬(C1C2),13,7,10,62.3,10,6,大木天翔,52,ダ,1600,良
2017100627,コスモギンガ,2023-11-17,大井,12,ひいらぎ特別競走(C1),12,8,12,93.9,9,9,大木天翔,51,ダ,1650,不
2017100627,コスモギンガ,2023-11-03,大井,8,ほうおう座特別競走(C1),16,4,7,170.9,14,9,大木天翔,51,ダ,2000,良
2017100627,コスモギンガ,2023-10-06,大井,12,錦秋特別競走(C1),12,6,8,123.1,10,8,大木天翔,51,ダ,1650,重
2017100627,コスモギンガ,2023-05-22,大井,9,JAいちかわ賞競走(C1),9,6,6,108.7,8,7,大木天翔,51,ダ,2000,稍
2017100627,コスモギンガ,2023-05-11,大井,10,おとめ座特別競走(C1),,1,1,,,,大木天翔,51,ダ,2000,良
2017100627,コスモギンガ,2023-04-21,大井,12,かに座特別競走(C1),12,6,7,119.4,10,6,大木天翔,51,ダ,1650,良
2017100627,コスモギンガ,2023-03-31,大井,6,C1二 三四(C1三),14,1,1,101.3,12,13,大木天翔,51,ダ,1600,重
2017100627,コスモギンガ,2023-03-10,大井,12,ふたご座特別競走(C1),11,1,1,83.4,10,9,山林堂信,54,ダ,1650,良
2017100627,コスモギンガ,2023-02-21,大井,10,はと座特別競走(C1),15,8,15,194.5,14,12,山林堂信,54,ダ,1700,良
2017100627,コスモギンガ,2023-01-27,大井,7,C1二 三四(C1三),14,6,9,103.8,11,6,山林堂信,54,ダ,1600,良
2017100627,コスモギンガ,2022-12-28,大井,12,ラストトゥインクル賞(B3),11,4,4,73.8,9,5,山林堂信,54,ダ,1650,稍
2017100627,コスモギンガ,2022-12-08,大井,9,B3五,13,5,7,248.6,11,11,大木天翔,51,ダ,1600,不
2017100627,コスモギンガ,2022-11-14,大井,12,シリウス賞競走(B3),14,6,9,258.1,14,8,大木天翔,51,ダ,1600,良
2017100627,コスモギンガ,2022-11-04,大井,12,ポルックス賞競走(B3),12,7,10,172.9,10,10,大木天翔,51,ダ,1650,良
2017100627,コスモギンガ,2022-10-07,大井,10,イヴニングスター賞競(B2B3),13,7,11,208.0,13,12,大木天翔,50,ダ,1600,不
2017100627,コスモギンガ,2022-09-22,大井,12,ミザール賞競走(B3),12,7,9,118.4,11,7,大木天翔,51,ダ,1600,重
2017100627,コスモギンガ,2022-09-05,大井,12,ロマンティックナイト(B3),12,7,9,222.6,11,5,菅原涼太,52,ダ,1600,良
2017100627,コスモギンガ,2022-08-14,大井,10,鐙坂賞競走(B3),11,2,2,71.0,8,8,菅原涼太,52,ダ,1650,重
2017100627,コスモギンガ,2022-07-26,大井,10,トゥインクルサマー賞(B3),9,5,5,38.7,7,8,菅原涼太,52,ダ,1800,不
2017100627,コスモギンガ,2022-07-14,大井,12,アルタイル賞競走(B3),9,5,5,54.9,8,4,菅原涼太,52,ダ,1800,不
2017100627,コスモギンガ,2022-06-28,大井,9,ニュートラック福島賞(B3),14,4,5,228.5,14,9,菅原涼太,51,ダ,1800,良
2017100627,コスモギンガ,2022-06-08,大井,8,グラスホッパー賞(B3),12,6,7,55.1,8,11,菅原涼太,51,ダ,1400,重
2017100627,コスモギンガ,2022-05-23,大井,10,東郷坂賞競走(B3),12,5,5,95.7,11,9,岡村健司,54,ダ,1400,稍
2017100627,コスモギンガ,2022-05-11,大井,10,行人坂賞競走(B3),9,7,7,152.7,8,8,岡村健司,54,ダ,1400,良
2017100627,コスモギンガ,2022-04-22,大井,9,B3四,14,7,11,77.8,12,11,西啓太,54,ダ,1400,重
2017100627,コスモギンガ,2022-03-29,大井,10,十貫坂賞競走(B3),13,3,3,248.3,13,10,西啓太,54,ダ,1400,重
2017100627,コスモギンガ,2022-03-11,大井,9,B3四,16,7,14,496.1,15,14,西啓太,54,ダ,1400,良
2017100627,コスモギンガ,2022-02-07,大井,10,狸穴坂賞競走(B3),15,5,9,104.8,12,10,西啓太,54,ダ,1200,良
2017100627,コスモギンガ,2022-01-25,大井,10,芋洗坂賞競走(B3),15,8,14,310.6,14,12,保園翔也,54,ダ,1400,良
2017100627,コスモギンガ,2021-12-28,大井,10,カプリコーン賞競走(B2),12,6,8,175.6,10,6,保園翔也,54,ダ,1650,稍
2017100627,コスモギンガ,2021-12-10,大井,11,スポーツニッポン賞競(B1B2),16,8,15,384.5,15,11,保園翔也,53,ダ,2000,重
2017100627,コスモギンガ,2021-11-16,大井,10,霜月賞競走(B2B3),16,3,6,184.3,15,10,町田直希,55,ダ,1800,良
2017100627,コスモギンガ,2021-10-31,大井,10,サンタアニタウィーク(B2),14,7,11,330.8,14,9,町田直希,54,ダ,1600,重
2017100627,コスモギンガ,2021-10-08,大井,12,今年の冬もメガイルミ(B2),16,3,6,183.5,15,13,山崎良,54,ダ,1600,良
2017100627,コスモギンガ,2021-09-20,大井,9,トキメク、ミナトク。(B2),12,3,3,304.6,12,8,山崎良,54,ダ,1600,稍
2017100627,コスモギンガ,2021-09-08,大井,10,2009お客様感謝デ(B2),14,7,12,287.8,14,12,山崎良,54,ダ,1400,重
2017100627,コスモギンガ,2021-08-17,大井,12,ペリドット賞競走(B2),14,8,13,173.0,14,11,山崎良,54,ダ,1800,不
2017100627,コスモギンガ,2021-08-05,大井,12,トゥインクルっていい(B2),13,6,8,146.2,13,9,山崎良,54,ダ,1400,良
2017100627,コスモギンガ,2021-07-15,大井,12,カーネリアン賞競走(B1B2),11,5,5,59.9,10,9,菅原涼太,50,ダ,1600,稍
2017100627,コスモギンガ,2021-06-29,大井,12,風待月賞競走(B1B2),14,8,14,90.6,13,13,大木天翔,50,ダ,1600,不
2017100627,コスモギンガ,2021-06-08,大井,12,ムーンストーン賞競走(B2),14,5,7,233.2,13,10,江里口裕,54,ダ,1600,稍
2017100627,コスモギンガ,2021-05-17,大井,11,さつき賞競走(B2),13,8,12,141.5,13,11,江里口裕,54,ダ,1800,良
2017100627,コスモギンガ,2021-04-28,大井,6,デネボラ賞(B1B2),8,4,4,19.9,6,7,本田正重,53,ダ,1800,良
2017100627,コスモギンガ,2021-02-27,小倉,10,日田特別(1勝クラス),13,5,7,117.2,13,11,原田和真,54,芝,2000,稍
2017100627,コスモギンガ,2021-02-21,小倉,7,4歳以上1勝クラス,15,1,1,40.5,10,10,黛弘人,54,芝,1800,良
2017100627,コスモギンガ,2020-12-06,中京,7,3歳以上1勝クラス,18,5,10,206.4,16,17,柴田未崎,53,芝,2200,良
2017100627,コスモギンガ,2020-11-14,福島,10,三春駒特別(1勝クラス),16,5,10,33.9,9,9,丹内祐次,53,芝,1800,良
2017100627,コスモギンガ,2020-11-01,福島,9,3歳以上1勝クラス,16,8,15,16.8,8,11,丹内祐次,53,芝,2000,良
2017100627,コスモギンガ,2020-07-19,函館,8,3歳以上1勝クラス,12,5,5,4.5,2,7,丹内祐次,52,芝,1800,良
2017100627,コスモギンガ,2020-07-12,函館,9,3歳以上1勝クラス,8,3,3,3.9,3,3,丹内祐次,52,芝,2000,良
2017100627,コスモギンガ,2020-06-20,東京,7,3歳以上1勝クラス,11,8,10,6.8,4,4,野中悠太,52,芝,2000,稍
2017100627,コスモギンガ,2020-05-17,東京,5,3歳1勝クラス,7,5,5,33.3,7,3,野中悠太,54,芝,2000,良
2017100627,コスモギンガ,2020-04-18,中山,9,山藤賞(1勝クラス),8,5,5,57.1,8,2,野中悠太,54,芝,2000,不
2017100627,コスモギンガ,2020-03-31,中山,9,ミモザ賞(1勝クラス),11,2,2,77.0,11,10,丹内祐次,54,芝,2000,稍
2017100627,コスモギンガ,2019-11-30,中山,9,葉牡丹賞(1勝クラス),12,6,7,95.8,11,10,柴田大知,54,芝,2000,良
2017100627,コスモギンガ,2019-11-03,福島,9,きんもくせい特別(1勝クラス),7,7,7,13.4,5,3,横山武史,54,芝,1800,良
2017100627,コスモギンガ,2019-10-20,東京,2,2歳未勝利,10,3,3,22.2,6,1,丹内祐次,54,芝,2000,良
2017100627,コスモギンガ,2019-09-28,中山,2,2歳未勝利,15,4,7,220.5,12,9,柴田大知,54,芝,2000,良
2017100627,コスモギンガ,2019-09-14,中山,5,2歳新馬,11,7,9,67.1,6,8,柴田大知,54,芝,1800,良
2017101047,カガヤキスバル,2026-06-11,大井,9,C2六 七八(C2七),14,3,4,91.6,9,14,高橋昭平,56,ダ,1200,稍
2017101047,カガヤキスバル,2026-05-20,大井,10,ポートサイド賞(C2七),12,6,8,46.9,9,7,高橋昭平,56,ダ,1200,良
2017101047,カガヤキスバル,2026-04-30,大井,6,C2五 六,14,6,10,50.0,10,8,高橋昭平,56,ダ,1200,稍
2017101047,カガヤキスバル,2026-04-16,大井,6,C2七 八九(C2八),14,2,2,53.4,11,7,高橋昭平,56,ダ,1200,不
2017101047,カガヤキスバル,2026-03-25,大井,6,C2七 八九(C2八),14,5,8,47.8,9,9,高橋昭平,56,ダ,1200,良
2017101047,カガヤキスバル,2026-03-10,大井,9,C2十 1112(C211),14,7,12,73.1,10,1,高橋昭平,56,ダ,1200,稍
2017101047,カガヤキスバル,2026-02-18,大井,4,渋谷川賞(C2),14,8,13,39.9,10,7,高橋昭平,56,ダ,1200,稍
2017101047,カガヤキスバル,2026-01-27,大井,9,C211 1213(C212),14,1,1,143.2,9,10,張田昂,56,ダ,1200,良
2017101047,カガヤキスバル,2026-01-14,大井,7,C2十 11,12,6,7,50.9,7,8,高橋昭平,56,ダ,1200,良
2017101047,カガヤキスバル,2025-12-26,大井,5,C212 1314(C213),14,3,4,40.8,10,6,高橋昭平,56,ダ,1200,重
2017101047,カガヤキスバル,2025-12-03,大井,8,モンタナ賞(C2十),15,7,13,14.5,3,14,高橋昭平,56,ダ,1200,良
2017101047,カガヤキスバル,2025-11-10,大井,7,C215 1617(C216),12,8,11,29.9,6,2,高橋昭平,56,ダ,1200,稍
2017101047,カガヤキスバル,2025-10-22,大井,2,C3一 二,12,8,13,40.6,9,1,高橋昭平,56,ダ,1200,稍
2017101047,カガヤキスバル,2025-10-07,大井,2,C3一 二,13,7,10,35.1,9,5,高橋昭平,56,ダ,1200,良
2017101047,カガヤキスバル,2025-09-17,大井,2,C3一 二,9,6,6,18.4,6,8,高橋昭平,56,ダ,1200,良
2017101047,カガヤキスバル,2025-09-05,大井,2,C3一 二,13,4,6,60.8,10,5,高橋昭平,56,ダ,1200,不
2017101047,カガヤキスバル,2025-03-13,大井,3,C3一 二三(C3二),16,7,13,84.1,9,5,吉井章,56,ダ,1200,不
2017101047,カガヤキスバル,2025-02-21,大井,1,C3一 二,14,7,12,18.6,7,8,張田昂,56,ダ,1200,良
2017101047,カガヤキスバル,2025-01-30,大井,2,C3一 二,12,8,11,58.5,9,2,吉井章,56,ダ,1600,良
2017101047,カガヤキスバル,2024-09-09,大井,6,ソノラ賞(C2),16,7,13,32.4,10,12,張田昂,56,ダ,1200,良
2017101047,カガヤキスバル,2024-08-12,大井,10,C2十 1112(C211),14,6,9,47.2,11,14,福原杏,56,ダ,1200,良
2017101047,カガヤキスバル,2024-07-29,大井,9,C2十 11,15,2,3,11.9,6,7,福原杏,56,ダ,1200,良
2017101047,カガヤキスバル,2024-07-08,大井,7,C2十 11,15,3,5,12.6,6,4,福原杏,56,ダ,1200,稍
2017101047,カガヤキスバル,2024-06-25,大井,9,C2九 十,13,5,6,6.7,4,5,福原杏,56,ダ,1200,重
2017101047,カガヤキスバル,2024-06-05,大井,5,C2十 11,13,8,13,19.7,5,4,本橋孝太,56,ダ,1200,稍
2017101047,カガヤキスバル,2024-05-14,大井,12,C212 13,14,5,7,15.9,6,10,本橋孝太,56,ダ,1200,重
2017101047,カガヤキスバル,2023-12-31,大井,6,C2二 三四(C2三),15,8,15,9.8,5,3,張田昂,56,ダ,1200,良
2017101047,カガヤキスバル,2023-12-07,大井,6,C2六 七,15,5,8,18.5,6,2,張田昂,56,ダ,1200,良
2017101047,カガヤキスバル,2023-11-15,大井,7,C2五 六,16,4,7,29.9,6,6,張田昂,56,ダ,1200,良
2017101047,カガヤキスバル,2023-11-01,大井,7,C2七 八九(C2八),14,5,7,8.5,4,2,張田昂,56,ダ,1200,良
2017101047,カガヤキスバル,2023-10-04,大井,6,C2七 八,14,2,3,6.5,3,3,張田昂,56,ダ,1200,不
2017101047,カガヤキスバル,2023-09-18,大井,9,C2七 八,10,3,3,12.4,4,6,張田昂,56,ダ,1200,重
2017101047,カガヤキスバル,2023-08-16,大井,6,C2六 七八(C2七),11,3,3,17.2,6,6,張田昂,56,ダ,1200,不
2017101047,カガヤキスバル,2023-08-02,大井,7,ビリーズカフェ&amp;ダイ(C2七),14,2,2,25.5,7,4,張田昂,56,ダ,1200,重
2017101047,カガヤキスバル,2023-07-12,大井,6,C2六 七,13,7,10,10.7,4,6,張田昂,56,ダ,1200,良
2017101047,カガヤキスバル,2023-06-07,大井,7,C2七 八,12,8,12,3.2,1,1,張田昂,56,ダ,1200,重
2017101047,カガヤキスバル,2023-05-23,大井,5,C2九 十,14,6,9,10.7,6,3,張田昂,56,ダ,1200,不
2017101047,カガヤキスバル,2023-05-10,大井,6,C2七 八,16,7,13,9.9,6,5,張田昂,56,ダ,1200,稍
2017101047,カガヤキスバル,2023-04-18,大井,6,C2十 11,16,6,11,46.8,12,2,張田昂,56,ダ,1200,重
2017101047,カガヤキスバル,2023-03-28,大井,6,C2九 十11(C2十),16,1,1,66.1,10,12,的場文男,56,ダ,1200,不
2017101047,カガヤキスバル,2023-03-07,大井,7,C211 1213(C212),16,5,9,54.0,10,13,的場文男,56,ダ,1200,良
2017101047,カガヤキスバル,2023-02-21,大井,7,C2十 11,16,1,2,22.4,7,13,新原周馬,55,ダ,1200,良
2017101047,カガヤキスバル,2023-01-24,大井,4,蛇崩川賞(C2),14,7,12,26.6,6,8,新原周馬,55,ダ,1600,良
2017101047,カガヤキスバル,2022-12-30,大井,7,C2三 四,16,8,16,51.8,8,6,的場文男,56,ダ,1200,良
2017101047,カガヤキスバル,2022-12-09,大井,6,C2一 二三(C2二),16,4,7,15.6,5,6,的場文男,56,ダ,1200,重
2017101047,カガヤキスバル,2022-11-18,大井,8,プレリュード・フィズ(C2),16,8,15,49.1,8,6,的場文男,56,ダ,1200,良
2017101047,カガヤキスバル,2022-11-03,大井,4,C2四 五,15,6,10,21.9,7,3,的場文男,56,ダ,1200,良
2017101047,カガヤキスバル,2022-10-07,大井,7,鉄道発祥地港区賞(C2),15,3,4,11.1,3,9,的場文男,56,ダ,1200,不
2017101047,カガヤキスバル,2022-09-22,大井,9,C2三 四,14,7,11,13.7,6,6,張田昂,56,ダ,1200,重
2017101047,カガヤキスバル,2022-09-07,大井,6,C2五 六,14,8,13,24.3,8,2,張田昂,56,ダ,1200,良
2017101047,カガヤキスバル,2022-08-17,大井,7,C2五 六,14,1,1,19.2,7,8,張田昂,56,ダ,1200,重
2017101047,カガヤキスバル,2022-07-27,大井,12,C2五 六七(C2六),14,5,7,14.0,6,7,張田昂,56,ダ,1200,重
2017101047,カガヤキスバル,2022-07-13,大井,6,C2六 七,14,7,12,33.5,9,5,張田昂,56,ダ,1200,不
2017101047,カガヤキスバル,2022-07-01,大井,7,C2二 三,14,2,2,19.1,7,5,張田昂,56,ダ,1200,良
2017101047,カガヤキスバル,2022-06-09,大井,9,C2一 二三(C2二),15,3,5,18.9,5,9,張田昂,56,ダ,1200,重
2017101047,カガヤキスバル,2022-05-27,大井,9,C2三 四五(C2四),16,6,11,16.6,7,6,張田昂,56,ダ,1200,不
2017101047,カガヤキスバル,2022-05-13,大井,9,C2一 二三(C2二),14,5,8,79.8,10,4,張田昂,56,ダ,1200,不
2017101047,カガヤキスバル,2022-04-22,大井,6,C2四 五,16,7,14,99.5,11,8,張田昂,56,ダ,1200,不
2017101047,カガヤキスバル,2022-04-01,大井,6,C2一 二三(C2二),,6,11,,,,張田昂,56,ダ,1200,不
2017101047,カガヤキスバル,2022-03-11,大井,6,C2二 三,16,3,5,154.1,14,15,張田昂,56,ダ,1200,良
2017101047,カガヤキスバル,2022-02-11,大井,8,C2一 二三(C2二),16,5,10,97.7,11,7,張田昂,56,ダ,1200,不
2017101047,カガヤキスバル,2022-01-28,大井,9,C2一 二三(C2二),16,2,4,81.8,11,16,張田昂,56,ダ,1200,良
2017101047,カガヤキスバル,2021-12-30,大井,12,C1四 五,12,4,5,59.1,9,12,石川駿介,56,ダ,1200,良
2017101047,カガヤキスバル,2021-09-09,大井,9,2017ララベルJB(C1),13,6,9,22.3,12,5,張田昂,56,ダ,1200,不
2017101047,カガヤキスバル,2021-08-18,大井,8,ちばりよー沖縄!わし(C1五),14,3,3,110.0,13,3,張田昂,56,ダ,1400,不
2017101047,カガヤキスバル,2021-08-05,大井,8,C1五 六,14,7,12,134.2,14,13,張田昂,56,ダ,1600,良
2017101047,カガヤキスバル,2021-07-14,大井,7,C1五 六七(C1六),14,4,5,59.9,12,11,張田昂,56,ダ,1600,稍
2017101047,カガヤキスバル,2021-07-02,大井,8,C1二 三,12,6,8,62.0,8,5,張田昂,56,ダ,1600,不
2017101047,カガヤキスバル,2021-06-11,大井,7,C1一 二三(C1二),14,4,5,87.8,12,13,張田昂,56,ダ,1400,良
2017101047,カガヤキスバル,2021-05-20,大井,9,C1四 五,13,5,7,76.0,9,11,張田昂,56,ダ,1200,重
2017101047,カガヤキスバル,2021-04-29,大井,9,C1四 五,13,6,8,74.1,8,9,張田昂,56,ダ,1200,重
2017101047,カガヤキスバル,2021-04-16,大井,9,C1三 四五(C1四),15,7,13,110.3,15,11,張田昂,56,ダ,1200,稍
2017101047,カガヤキスバル,2021-03-26,大井,8,C1一 二三(C1二),13,8,12,83.1,10,9,張田昂,56,ダ,1200,良
2017101047,カガヤキスバル,2021-03-12,大井,7,C1一 二三(C1二),16,6,11,77.6,11,10,張田昂,56,ダ,1200,良
2017101047,カガヤキスバル,2021-02-16,大井,10,C1六 七,16,6,12,235.6,14,1,張田昂,56,ダ,1200,重
2017101047,カガヤキスバル,2021-01-19,大井,10,C1六 七,16,2,4,121.3,15,12,張田昂,56,ダ,1200,良
2017101047,カガヤキスバル,2020-12-29,大井,11,BSフジ賞(C1),16,8,16,52.3,10,15,矢野貴之,56,ダ,1200,良
2017101047,カガヤキスバル,2020-12-08,大井,10,C1七 八,15,2,3,73.7,10,7,張田昂,56,ダ,1200,良
2017101047,カガヤキスバル,2020-11-17,大井,8,ホスピタリティ賞(C1七),13,7,11,48.9,9,12,張田昂,56,ダ,1200,良
2017101047,カガヤキスバル,2020-11-02,大井,9,C1九 十,14,8,13,5.1,3,13,矢野貴之,56,ダ,1200,良
2017101047,カガヤキスバル,2020-10-19,浦和,10,鉄道のまち大宮賞(C1),12,5,5,18.2,5,9,笹川翼,56,ダ,1500,重
2017101047,カガヤキスバル,2020-10-06,大井,8,農のあるまちねりま賞(C1),12,4,4,10.0,5,中,矢野貴之,56,ダ,1200,良
2017101047,カガヤキスバル,2020-06-05,大井,2,3歳 500万,9,1,1,1.9,1,4,矢野貴之,56,ダ,1200,良
2017101047,カガヤキスバル,2020-05-22,大井,2,3歳 800万,12,6,8,16.5,5,4,矢野貴之,56,ダ,1200,不
2017101047,カガヤキスバル,2020-04-30,大井,2,3歳 210万,14,5,8,10.6,5,1,矢野貴之,56,ダ,1200,稍
2017101047,カガヤキスバル,2020-04-09,大井,2,3歳 280万,16,3,5,34.9,5,11,本橋孝太,56,ダ,1200,良
2017101047,カガヤキスバル,2020-03-17,大井,1,3歳 285万,12,1,1,21.9,6,4,的場文男,56,ダ,1200,重
2017101047,カガヤキスバル,2020-02-25,大井,3,3歳 200万,14,8,14,30.7,11,14,的場文男,56,ダ,1600,良
2017101047,カガヤキスバル,2020-02-04,大井,1,3歳 130万,14,8,14,66.7,10,2,的場文男,56,ダ,1200,良
2017101047,カガヤキスバル,2020-01-22,大井,2,3歳 120万,13,5,7,51.6,8,6,的場文男,56,ダ,1600,重
2017101047,カガヤキスバル,2019-12-30,大井,2,2歳 116万,14,3,3,50.9,11,13,的場文男,55,ダ,1400,稍
2017101047,カガヤキスバル,2019-12-04,大井,2,2歳 250万,14,8,13,55.8,9,11,的場文男,55,ダ,1200,重
2017101047,カガヤキスバル,2019-11-14,大井,2,2歳 215万,15,2,3,17.0,6,11,的場文男,55,ダ,1200,良
2017101047,カガヤキスバル,2019-07-12,大井,4,2歳 新馬,8,2,2,5.0,2,2,的場文男,54,ダ,1200,重
2017101529,ミラキュラスシティ,2026-01-12,大井,8,C215 16,13,6,9,177.5,9,9,千田洋,54,ダ,1600,良
2017101529,ミラキュラスシティ,2025-12-24,大井,6,リトル・プリンセス賞(C2),12,8,11,25.8,7,9,千田洋,54,ダ,1600,重
2017101529,ミラキュラスシティ,2025-12-01,大井,6,C215 16,14,8,13,30.8,7,9,千田洋,54,ダ,1600,良
2017101529,ミラキュラスシティ,2025-11-10,大井,2,C218 19,13,3,3,56.8,6,6,千田洋,54,ダ,1600,稍
2017101529,ミラキュラスシティ,2025-06-13,大井,1,C3一 二,12,7,9,3.5,2,3,野畑凌,54,ダ,1600,重
2017101529,ミラキュラスシティ,2025-05-22,大井,1,C3一 二,13,2,2,4.6,2,5,野畑凌,54,ダ,1600,良
2017101529,ミラキュラスシティ,2025-05-01,大井,1,C3二 三,10,1,1,2.9,1,1,野畑凌,54,ダ,1600,稍
2017101529,ミラキュラスシティ,2025-04-16,大井,1,C3二 三,12,8,11,16.2,3,8,野畑凌,54,ダ,1600,稍
2017101529,ミラキュラスシティ,2025-03-26,大井,1,C3二 三,10,5,5,5.0,3,4,和田譲治,54,ダ,1600,良
2017101529,ミラキュラスシティ,2025-03-13,大井,1,C3一 二三(C3二),13,7,11,10.3,3,4,和田譲治,54,ダ,1600,不
2017101529,ミラキュラスシティ,2025-02-20,大井,2,C3三 四,14,3,3,9.0,3,6,矢野貴之,54,ダ,1600,良
2017101529,ミラキュラスシティ,2025-01-14,大井,3,C3四 五,9,5,5,1.9,1,4,阿部龍,54,ダ,1600,稍
2017101529,ミラキュラスシティ,2024-12-31,大井,1,C3一 二,13,5,7,3.6,2,1,阿部龍,54,ダ,1600,良
2017101529,ミラキュラスシティ,2024-07-10,大井,1,C3二 三,11,7,8,1.4,1,4,矢野貴之,54,ダ,1600,良
2017101529,ミラキュラスシティ,2024-06-06,大井,1,C3二 三四(C3三),11,8,11,1.1,1,2,矢野貴之,54,ダ,1600,稍
2017101529,ミラキュラスシティ,2024-05-14,大井,1,C3四 五,12,2,2,1.3,1,1,矢野貴之,54,ダ,1600,重
2017101529,ミラキュラスシティ,2024-04-23,大井,1,C3四 五,14,4,6,1.6,1,1,矢野貴之,54,ダ,1600,稍
2017101529,ミラキュラスシティ,2024-04-10,大井,1,C3六 七,12,5,5,1.9,1,1,矢野貴之,54,ダ,1600,重
2017101529,ミラキュラスシティ,2024-03-20,大井,1,C3六 七八(C3七),13,4,6,3.1,1,5,千田洋,54,ダ,1600,良
2017101529,ミラキュラスシティ,2024-02-28,大井,1,C3七 八,14,6,9,9.6,4,2,千田洋,54,ダ,1600,稍
2017101529,ミラキュラスシティ,2024-02-13,大井,1,C3八 九,13,7,10,2.7,2,6,千田洋,54,ダ,1600,良
2017101529,ミラキュラスシティ,2023-09-07,大井,1,C3三 四,11,7,9,5.3,3,6,千田洋,54,ダ,1600,重
2017101529,ミラキュラスシティ,2023-08-14,大井,1,C3四 五,13,6,8,2.9,1,4,千田洋,54,ダ,1600,不
2017101529,ミラキュラスシティ,2023-08-01,大井,1,C3五 六,12,8,13,6.5,3,3,千田洋,54,ダ,1600,不
2017101529,ミラキュラスシティ,2022-10-31,大井,7,C211 1213(C212),11,6,8,2.7,2,3,千田洋,54,ダ,1600,良
2017101529,ミラキュラスシティ,2022-10-03,大井,5,あだワンCMグランプ(C2),13,2,2,2.8,1,2,千田洋,54,ダ,1600,良
2017101529,ミラキュラスシティ,2022-09-09,大井,1,C3一 二,11,6,7,1.9,1,1,千田洋,54,ダ,1600,良
2017101529,ミラキュラスシティ,2022-07-28,大井,1,C3一 二,12,5,5,2.5,1,2,千田洋,54,ダ,1600,稍
2017101529,ミラキュラスシティ,2022-06-27,大井,6,C2十 11,14,1,1,4.6,2,3,千田洋,54,ダ,1600,良
2017101529,ミラキュラスシティ,2022-06-06,大井,6,C2十 1112(C211),14,2,2,9.5,6,3,千田洋,54,ダ,1600,不
2017101529,ミラキュラスシティ,2022-01-24,大井,5,北沢川賞(C215),13,5,8,,,除,千田洋,54,ダ,1600,良
2017101529,ミラキュラスシティ,2021-12-30,大井,5,C2五 六七(C2六),14,3,3,40.4,7,8,千田洋,54,ダ,1600,良
2017101529,ミラキュラスシティ,2021-12-08,大井,6,C2七 八,14,7,12,12.3,4,4,千田洋,54,ダ,1600,不
2017101529,ミラキュラスシティ,2021-11-16,大井,6,C211 12,14,2,2,7.9,4,2,千田洋,54,ダ,1600,良
2017101529,ミラキュラスシティ,2021-11-05,大井,1,C3一 二,14,4,5,4.5,2,1,千田洋,54,ダ,1600,良
2017101529,ミラキュラスシティ,2021-10-05,大井,1,C3三 四五(C3四),11,6,7,5.3,4,4,千田洋,54,ダ,1600,重
2017101529,ミラキュラスシティ,2021-09-22,大井,6,品川かえで賞(C3),14,5,9,15.4,10,7,千田洋,54,ダ,1200,良
2017101529,ミラキュラスシティ,2021-09-10,大井,5,2020世界がいつか(C3二),16,6,11,20.4,7,6,吉井章,54,ダ,1200,重
2017101529,ミラキュラスシティ,2021-08-18,大井,2,C3三 四,16,1,1,33.4,9,12,吉井章,54,ダ,1200,不
2017101529,ミラキュラスシティ,2021-08-05,大井,7,C3三 四,15,8,15,14.3,7,12,吉井章,54,ダ,1200,良
2017101529,ミラキュラスシティ,2021-04-13,大井,6,C2十 11,16,2,4,8.4,4,6,吉井章,54,ダ,1200,良
2017101529,ミラキュラスシティ,2021-03-22,大井,7,C211 1213(C212),16,6,11,26.9,7,2,吉井章,54,ダ,1200,重
2017101529,ミラキュラスシティ,2021-03-08,大井,5,C212 13,14,7,12,83.4,8,6,吉井章,54,ダ,1200,稍
2017101529,ミラキュラスシティ,2021-02-15,大井,4,C213 14,14,8,13,32.9,6,10,吉井章,54,ダ,1600,不
2017101529,ミラキュラスシティ,2021-01-18,大井,8,C212 1314(C213),14,6,10,25.9,6,5,吉井章,54,ダ,1400,良
2017101529,ミラキュラスシティ,2020-12-31,大井,4,3歳 200万,14,7,11,33.5,5,5,吉井章,53,ダ,1200,良
2017101529,ミラキュラスシティ,2020-12-09,大井,2,3歳 160万,13,6,8,8.2,3,3,吉井章,53,ダ,1200,良
2017101529,ミラキュラスシティ,2020-11-20,大井,2,3歳 200万,16,1,2,29.3,5,6,吉井章,53,ダ,1200,良
2017101529,ミラキュラスシティ,2020-11-06,大井,2,3歳 200万,14,6,9,50.6,8,6,吉井章,53,ダ,1200,良
2017101529,ミラキュラスシティ,2020-10-05,大井,1,東京メトロポリタンウ(3歳),13,2,3,7.8,4,1,吉井章,53,ダ,1200,良
2017101529,ミラキュラスシティ,2020-02-03,大井,1,3歳 30万円,14,8,13,51.0,8,5,楢崎功祐,54,ダ,1200,稍
2017101529,ミラキュラスシティ,2020-01-20,大井,2,3歳 30万円,16,6,11,9.6,2,8,吉原寛人,54,ダ,1600,重
2017101529,ミラキュラスシティ,2019-12-26,大井,5,2歳 新馬,9,8,9,14.9,7,6,千田洋,54,ダ,1400,重
2017101531,フォーチュネイト,2026-01-13,大井,10,おうし座特別競走(C1),13,6,8,16.0,6,7,杉山海波,53,ダ,1800,良
2017101531,フォーチュネイト,2025-12-03,大井,12,やまねこ座特別競走(C1),16,3,6,14.9,6,2,杉山海波,53,ダ,1800,良
2017101531,フォーチュネイト,2025-11-10,大井,10,うさぎ座特別競走(C2),14,2,2,39.3,9,1,杉山海波,53,ダ,2000,稍
2017101531,フォーチュネイト,2025-07-17,大井,4,C2二 三四(C2三),11,7,9,26.1,7,3,杉山海波,53,ダ,1600,重
2017101531,フォーチュネイト,2025-07-03,大井,4,C2三 四五(C2四),11,6,6,18.1,8,11,杉山海波,53,ダ,1600,良
2017101531,フォーチュネイト,2025-06-13,大井,5,C2二 三四(C2三),13,5,7,54.8,7,11,吉井章,56,ダ,1600,稍
2017101531,フォーチュネイト,2025-05-20,大井,10,うしかい座特別競走(C2),12,2,2,8.6,3,5,吉井章,56,ダ,1800,稍
2017101531,フォーチュネイト,2025-04-29,大井,10,オートネ賞競走(C2),14,5,7,4.4,1,3,吉井章,56,ダ,2000,重
2017101531,フォーチュネイト,2025-04-17,大井,4,C2六 七八(C2七),9,3,3,4.4,3,5,吉井章,56,ダ,1600,良
2017101531,フォーチュネイト,2025-03-28,大井,12,ボンネビルレコード賞(C2),13,4,4,6.8,3,9,吉井章,56,ダ,2000,稍
2017101531,フォーチュネイト,2024-08-01,大井,5,C2五 六七(C2六),14,2,2,5.1,3,1,吉井章,56,ダ,1600,良
2017101531,フォーチュネイト,2024-07-09,大井,7,C2五 六七(C2六),12,7,10,41.6,8,2,西啓太,56,ダ,1600,稍
2017101531,フォーチュネイト,2024-06-26,大井,7,ヘラクレス座特別競走(C2),14,4,6,56.4,10,3,達城龍次,56,ダ,2000,稍
2017101531,フォーチュネイト,2024-06-04,大井,10,てんびん座特別競走(C2),12,8,12,167.6,11,11,鷹見陸,54,ダ,1000,不
2017101531,フォーチュネイト,2024-05-16,大井,9,C2六 七八(C2七),13,3,3,46.4,8,11,鷹見陸,53,ダ,1200,不
2017101531,フォーチュネイト,2024-04-25,大井,5,C2五 六,15,8,14,34.7,9,7,鷹見陸,53,ダ,1200,重
2017101531,フォーチュネイト,2024-04-11,大井,6,C2六 七八(C2七),13,6,8,20.8,7,11,鷹見陸,53,ダ,1600,稍
2017101531,フォーチュネイト,2024-03-21,大井,9,C2六 七八(C2七),11,8,11,17.8,6,7,本田正重,56,ダ,1400,良
2017101531,フォーチュネイト,2024-02-29,大井,9,C2六 七,14,1,1,15.9,7,13,野畑凌,56,ダ,1600,稍
2017101531,フォーチュネイト,2024-02-11,大井,8,オフト新潟賞競走(C2),15,6,12,7.5,4,13,野畑凌,56,ダ,1700,稍
2017101531,フォーチュネイト,2024-01-25,大井,5,C2五 六七(C2六),14,4,6,5.8,3,6,中村尚平,56,ダ,1400,稍
2017101531,フォーチュネイト,2023-11-19,東京,6,3歳以上1勝クラス,16,1,2,128.4,10,6,武士沢友,58,ダ,1600,稍
2017101531,フォーチュネイト,2023-10-29,東京,7,3歳以上1勝クラス,11,4,4,102.5,9,4,武士沢友,58,ダ,1600,良
2017101531,フォーチュネイト,2023-10-08,東京,8,3歳以上1勝クラス,16,5,10,329.2,14,8,武士沢友,58,芝,1600,良
2017101531,フォーチュネイト,2023-09-24,中山,7,3歳以上1勝クラス,16,7,13,387.0,16,10,武士沢友,58,芝,1600,良
2017101531,フォーチュネイト,2023-07-08,福島,8,3歳以上1勝クラス,15,8,14,95.1,10,12,武士沢友,58,ダ,1700,良
2017101531,フォーチュネイト,2023-05-27,東京,8,4歳以上1勝クラス,16,7,13,63.9,12,9,山田敬士,58,ダ,1600,良
2017101531,フォーチュネイト,2023-05-21,東京,7,4歳以上1勝クラス,16,4,8,33.6,8,9,山田敬士,58,ダ,1600,稍
2017101531,フォーチュネイト,2023-05-07,東京,6,4歳以上1勝クラス,10,8,10,162.5,9,2,山田敬士,58,ダ,1600,良
2017101531,フォーチュネイト,2023-04-29,東京,8,4歳以上1勝クラス,11,5,5,208.9,11,10,山田敬士,58,ダ,1600,良
2017101531,フォーチュネイト,2023-02-25,中山,8,4歳以上1勝クラス,16,4,7,73.4,11,13,柴田大知,58,ダ,1800,良
2017101531,フォーチュネイト,2023-01-28,東京,7,4歳以上1勝クラス,16,7,14,105.7,12,11,山田敬士,56,ダ,1400,良
2017101531,フォーチュネイト,2022-05-28,東京,8,4歳以上1勝クラス,12,8,12,,,取,柴田大知,57,ダ,1600,稍
2017101531,フォーチュネイト,2021-11-28,東京,5,3歳以上1勝クラス,16,5,10,44.0,9,5,柴田大知,57,ダ,1600,良
2017101531,フォーチュネイト,2021-11-14,東京,4,3歳以上1勝クラス,14,8,14,4.2,2,5,柴田大知,57,ダ,1600,良
2017101531,フォーチュネイト,2021-10-23,東京,6,3歳以上1勝クラス,15,7,13,11.1,5,2,柴田大知,57,ダ,1600,稍
2017101531,フォーチュネイト,2021-10-09,東京,8,3歳以上1勝クラス,16,1,2,223.8,15,5,柴田大知,57,ダ,1600,良
2017101531,フォーチュネイト,2021-07-04,福島,12,3歳以上1勝クラス,15,2,2,50.8,12,12,武士沢友,57,ダ,1700,稍
2017101531,フォーチュネイト,2021-05-29,東京,8,4歳以上1勝クラス,14,3,4,16.2,6,11,武士沢友,57,ダ,1600,稍
2017101531,フォーチュネイト,2021-01-11,中山,7,4歳以上1勝クラス,16,7,13,34.3,9,5,武士沢友,56,ダ,1800,良
2017101531,フォーチュネイト,2020-12-12,中山,7,3歳以上1勝クラス,16,4,8,25.6,8,11,武士沢友,56,ダ,1800,良
2017101531,フォーチュネイト,2020-11-21,東京,7,3歳以上1勝クラス,16,4,7,112.9,12,4,武士沢友,56,ダ,1600,良
2017101531,フォーチュネイト,2020-11-01,東京,6,3歳以上1勝クラス,15,6,10,62.4,13,10,武士沢友,55,ダ,1600,良
2017101531,フォーチュネイト,2020-04-19,中山,6,3歳1勝クラス,11,1,1,60.2,9,10,武士沢友,56,ダ,1800,重
2017101531,フォーチュネイト,2020-03-31,中山,3,3歳未勝利,15,2,2,39.4,8,1,武士沢友,56,ダ,1800,稍
2017101531,フォーチュネイト,2020-02-23,東京,4,3歳未勝利,16,7,14,252.3,15,16,田中勝春,56,芝,2400,良
2017101531,フォーチュネイト,2020-01-19,中山,6,3歳新馬,16,6,12,98.6,12,13,田中勝春,56,芝,1600,稍
2017105608,カヴァス,2026-09-03,大井,12,うお座特別競走(C1),10,3,3,234.6,10,8,横川怜央,56,ダ,1650,良
2017105608,カヴァス,2026-08-14,大井,8,C1五 六,16,6,11,319.2,16,16,横川怜央,56,ダ,1200,不
2017105608,カヴァス,2026-07-24,大井,10,C1二 三四(C1三),14,5,8,286.7,14,13,西優哉,53,ダ,1400,良
2017105608,カヴァス,2026-06-30,大井,7,C1六 七,11,8,11,159.5,10,10,西優哉,53,ダ,1600,重
2017105608,カヴァス,2026-06-10,大井,9,C1六 七,14,2,2,127.5,10,14,西優哉,53,ダ,1200,重
2017105608,カヴァス,2026-05-19,大井,7,C1五 六七(C1六),10,8,10,171.4,10,3,横川怜央,56,ダ,1400,良
2017105608,カヴァス,2026-04-29,大井,8,シャムロック賞(C1七),14,7,12,350.8,14,12,西優哉,53,ダ,1400,稍
2017105608,カヴァス,2026-04-15,大井,7,C1六 七,12,2,2,383.4,12,9,西優哉,53,ダ,1600,良
2017105608,カヴァス,2026-03-26,大井,10,C1六 七,14,5,7,231.7,14,13,東原悠善,56,ダ,1200,不
2017105608,カヴァス,2026-03-11,大井,10,C1六 七八(C1七),14,4,6,35.6,7,8,中山遥人,55,ダ,1200,良
2017105608,カヴァス,2026-02-17,大井,8,C1五 六,10,8,9,44.8,8,8,中山遥人,54,ダ,1600,稍
2017105608,カヴァス,2026-01-29,大井,10,C1六 七,15,7,13,132.3,14,4,中山遥人,54,ダ,1200,良
2017105608,カヴァス,2026-01-15,大井,10,C1五 六,12,8,12,197.6,12,4,中山遥人,54,ダ,1200,良
2017105608,カヴァス,2025-12-29,大井,12,黎明賞(C1),11,4,4,57.0,9,8,杉山海波,53,ダ,1200,重
2017105608,カヴァス,2025-12-02,大井,7,C1五 六,12,4,4,284.4,12,6,木澤奨,53,ダ,1200,良
2017105608,カヴァス,2025-11-11,大井,9,がんばれ!馬産地日高(C1),13,5,6,314.9,13,9,小野俊斗,53,ダ,1200,稍
2017105608,カヴァス,2025-10-23,大井,9,散歩が楽しいまち江戸(C1),14,7,11,206.8,14,14,杉山海波,53,ダ,1200,重
2017105608,カヴァス,2025-10-09,大井,9,C1六 七,14,7,11,342.4,14,10,中山遥人,53,ダ,1200,良
2017105608,カヴァス,2025-09-17,大井,12,月白賞(C1六),13,2,2,65.6,11,12,中山遥人,53,ダ,1200,良
2017105608,カヴァス,2025-09-03,大井,9,C1七 八,11,7,9,226.3,10,5,中山遥人,53,ダ,1200,良
2017105608,カヴァス,2025-08-12,大井,7,C1七 八,14,5,7,108.5,12,11,中山遥人,53,ダ,1200,重
2017105608,カヴァス,2025-07-15,大井,9,C1六 七八(C1七),7,1,1,48.2,7,6,菅原涼太,56,ダ,1200,不
2017105608,カヴァス,2025-07-02,大井,10,ローズジャック賞(C1),11,8,11,27.5,9,10,菅原涼太,56,ダ,1200,良
2017105608,カヴァス,2025-06-11,大井,10,ローヤルレザー賞(C1八),12,4,4,30.1,5,8,野畑凌,56,ダ,1200,不
2017105608,カヴァス,2025-05-21,大井,12,C1八 九,16,8,15,21.8,8,6,菅原涼太,53,ダ,1200,稍
2017105608,カヴァス,2025-04-29,大井,9,C1七 八九(C1八),13,3,4,10.2,4,11,野畑凌,56,ダ,1200,重
2017105608,カヴァス,2025-04-16,大井,10,ダイコウガルダン賞(C1八),12,1,1,7.4,4,7,仲原大生,56,ダ,1200,稍
2017105608,カヴァス,2025-03-26,大井,9,八丈島フリージア賞(C1),14,5,7,10.6,6,5,仲原大生,56,ダ,1200,良
2017105608,カヴァス,2025-03-12,大井,9,C1八 九,13,2,2,4.2,2,5,仲原大生,56,ダ,1200,重
2017105608,カヴァス,2025-02-21,大井,8,C2五 六,13,5,7,27.3,4,1,藤本現暉,56,ダ,1200,良
2017105608,カヴァス,2025-01-30,大井,8,C2五 六七(C2六),14,7,11,15.9,4,3,藤本現暉,56,ダ,1200,良
2017105608,カヴァス,2025-01-16,大井,6,C2五 六七(C2六),12,2,2,28.2,6,5,藤本現暉,56,ダ,1200,良
2017105608,カヴァス,2024-12-31,大井,6,C2三 四五(C2四),15,5,9,179.7,9,6,藤本現暉,56,ダ,1200,良
2017105608,カヴァス,2024-12-06,大井,10,しながわウェルビーイ(C2四),16,8,16,201.4,15,9,藤本現暉,56,ダ,1400,良
2017105608,カヴァス,2024-11-08,大井,9,C2二 三四(C2三),14,7,12,336.3,14,8,横川怜央,56,ダ,1400,良
2017105608,カヴァス,2024-10-18,大井,9,小松菜発祥の地えどが(C2四),12,1,1,226.0,11,6,藤本現暉,56,ダ,1400,良
2017105608,カヴァス,2024-10-03,大井,10,みずがめ座特別競走(C2三),11,7,9,184.4,11,11,木澤奨,53,ダ,1400,良
2017105608,カヴァス,2024-09-13,大井,9,うお座特別競走(C2四),12,1,1,81.0,10,9,藤本現暉,56,ダ,1600,良
2017105608,カヴァス,2024-08-17,大井,12,C2二 三四(C2三),14,1,1,230.8,14,9,横川怜央,56,ダ,1200,重
2017105608,カヴァス,2024-08-16,大井,12,C2二 三四(C2三),,1,1,,,,横川怜央,56,ダ,1200,
2017105608,カヴァス,2024-08-02,大井,10,C2二 三四(C2三),16,5,9,221.9,14,12,木澤奨,53,ダ,1200,良
2017105608,カヴァス,2024-07-11,大井,12,C2二 三四(C2三),16,7,13,186.6,16,10,横川怜央,56,ダ,1200,良
2017105608,カヴァス,2024-06-26,大井,10,露払賞(C1六),12,5,6,92.4,11,10,横川怜央,56,ダ,1200,稍
2017105608,カヴァス,2024-06-07,大井,9,C1二 三四(C1三),15,8,16,140.7,12,12,菅原涼太,55,ダ,1200,良
2017105608,カヴァス,2024-05-17,大井,9,C1二 三四(C1三),10,8,10,22.3,6,9,菅原涼太,55,ダ,1200,稍
2017105608,カヴァス,2024-04-25,大井,8,ツアリーヌ賞(C1六),12,8,11,46.8,7,5,菅原涼太,55,ダ,1200,重
2017105608,カヴァス,2024-02-11,大井,6,C1五 六七(C1六),13,5,7,31.5,9,8,岡村健司,56,ダ,1200,稍
2017105608,カヴァス,2024-01-22,大井,8,C1五 六,15,4,6,80.1,13,13,仲原大生,56,ダ,1200,不
2017105608,カヴァス,2023-12-31,大井,9,C1二 三四(C1三),14,3,4,32.4,8,10,仲原大生,56,ダ,1200,良
2017105608,カヴァス,2023-12-08,大井,9,子どもの食支援賞(C1四),15,2,4,11.7,4,12,菅原涼太,55,ダ,1200,良
2017105608,カヴァス,2023-11-15,大井,9,BOKUJOB賞(C1),11,6,7,7.4,4,1,菅原涼太,55,ダ,1200,良
2017105608,カヴァス,2023-11-01,大井,9,C1六 七,13,1,1,10.5,5,9,菅原涼太,55,ダ,1200,良
2017105608,カヴァス,2023-10-04,大井,8,ゴッドファーザー賞(C1六),12,4,4,6.5,4,8,岡村健司,56,ダ,1400,不
2017105608,カヴァス,2023-09-17,大井,10,C1九 十,9,6,6,3.7,2,1,岡村健司,56,ダ,1200,重
2017105608,カヴァス,2023-09-05,大井,9,印西市コスモス賞(C1九),10,3,3,7.6,3,10,岡村健司,56,ダ,1200,重
2017105608,カヴァス,2023-08-18,大井,7,C2三 四五(C2四),9,1,1,1.9,1,2,岡村健司,56,ダ,1200,稍
2017105608,カヴァス,2023-08-04,大井,9,湘南BBQ賞(C2),12,7,10,10.4,4,5,仲原大生,55,ダ,1200,稍
2017105608,カヴァス,2023-07-14,大井,6,C2二 三,15,6,10,10.5,4,3,仲原大生,55,ダ,1200,良
2017105608,カヴァス,2023-06-26,大井,8,シルビア賞(C1),12,8,12,2.7,1,2,仲原大生,55,ダ,1200,良
2017105608,カヴァス,2023-06-05,大井,6,C1八 九十(C1九),13,6,9,2.9,2,7,仲原大生,55,ダ,1600,重
2017105608,カヴァス,2023-05-23,大井,9,うしかい座特別競走(C2),10,2,2,2.7,1,4,仲原大生,55,ダ,1700,不
2017105608,カヴァス,2023-05-12,大井,9,C2一 二三(C2二),16,5,10,21.5,7,4,仲原大生,55,ダ,1200,良
2017105608,カヴァス,2023-01-26,大井,9,C2二 三四(C2三),16,4,8,10.7,4,5,仲原大生,55,ダ,1200,良
2017105608,カヴァス,2022-12-28,大井,9,C1十 1112(C111),15,2,4,13.9,5,1,仲原大生,55,ダ,1200,稍
2017105608,カヴァス,2022-06-29,大井,12,ボンネビルレコード賞(C1),13,5,7,6.4,5,9,的場文男,56,ダ,1200,良
2017105608,カヴァス,2022-06-08,大井,12,C1五 六七(C1六),12,8,12,12.6,5,5,後藤蒼二,53,ダ,1200,重
2017105608,カヴァス,2022-05-25,大井,9,C1五 六,14,5,7,50.2,10,3,後藤蒼二,53,ダ,1200,良
2017105608,カヴァス,2022-05-11,大井,9,JAいちかわ賞(C1),15,7,12,14.2,5,8,東原悠善,56,ダ,1200,良
2017105608,カヴァス,2022-04-19,大井,9,C1五 六,16,5,9,7.2,5,13,的場文男,56,ダ,1200,重
2017105608,カヴァス,2022-03-30,大井,9,C1四 五六(C1五),15,2,3,5.1,2,6,東原悠善,56,ダ,1200,稍
2017105608,カヴァス,2022-03-08,大井,9,C1八 九,16,7,14,5.1,3,2,的場文男,56,ダ,1200,良
2017105608,カヴァス,2022-02-07,大井,9,C1七 八,11,2,2,3.6,2,4,東原悠善,56,ダ,1200,良
2017105608,カヴァス,2022-01-24,大井,9,C1六 七,15,4,6,33.4,10,4,東原悠善,56,ダ,1200,良
2017105608,カヴァス,2021-04-24,阪神,8,4歳以上1勝クラス,14,6,9,132.2,13,9,藤懸貴志,57,ダ,1400,良
2017105608,カヴァス,2021-03-06,阪神,7,4歳以上1勝クラス,15,2,3,205.6,13,9,藤懸貴志,57,ダ,1400,稍
2017105608,カヴァス,2021-01-24,小倉,8,4歳以上1勝クラス,15,2,3,11.1,4,15,藤懸貴志,56,ダ,1700,不
2017105608,カヴァス,2020-10-31,福島,3,3歳以上1勝クラス,15,4,7,33.1,10,10,富田暁,54,ダ,1700,良
2017105608,カヴァス,2020-09-12,中京,6,3歳以上1勝クラス,15,3,5,21.2,6,13,秋山真一,55,ダ,1400,稍
2017105608,カヴァス,2020-07-18,阪神,12,3歳以上1勝クラス,18,8,17,186.0,15,18,松若風馬,54,芝,1600,良
2017105608,カヴァス,2020-05-10,京都,6,3歳1勝クラス,16,7,14,11.0,5,10,西村淳也,55,ダ,1400,良
2017105608,カヴァス,2020-03-15,阪神,6,3歳1勝クラス,16,6,11,77.1,13,4,西村淳也,55,ダ,1400,重
2017105608,カヴァス,2020-02-15,京都,7,3歳1勝クラス,16,8,16,63.5,12,15,和田竜二,56,ダ,1800,稍
2017105608,カヴァス,2020-01-18,小倉,2,3歳未勝利,15,5,8,5.8,3,1,吉田隼人,56,ダ,1700,稍
2017105608,カヴァス,2019-11-10,福島,3,2歳未勝利,15,1,1,11.1,6,3,吉田隼人,55,ダ,1700,良
2017105608,カヴァス,2019-10-14,京都,1,2歳未勝利,10,2,2,6.6,3,5,松若風馬,55,ダ,1800,稍
2017105608,カヴァス,2019-09-21,阪神,2,2歳未勝利,14,3,4,17.0,6,5,松若風馬,54,芝,1600,良
2017105608,カヴァス,2019-06-16,阪神,5,2歳新馬,11,8,10,4.9,3,10,和田竜二,54,芝,1600,稍
2018100349,シャークウォーニン,2026-09-03,大井,7,C2三 四五(C2四),12,2,2,21.0,7,6,中山遥人,55,ダ,1600,良
2018100349,シャークウォーニン,2026-08-16,大井,10,ミッドサマー特別競走(C2),13,7,10,8.1,4,5,和田譲治,56,ダ,1650,重
2018100349,シャークウォーニン,2026-07-23,大井,6,C2三 四五(C2四),14,1,1,52.4,10,8,和田譲治,56,ダ,1600,良
2018100349,シャークウォーニン,2026-07-03,大井,9,ヘラクレス座特別競走(C2),12,7,9,18.1,6,5,和田譲治,56,ダ,1800,不
2018100349,シャークウォーニン,2026-06-11,大井,12,こと座特別競走(C2),11,6,7,11.1,4,2,中山遥人,55,ダ,1650,稍
2018100349,シャークウォーニン,2026-05-22,大井,9,うしかい座特別競走(C2),10,8,9,31.3,6,3,中山遥人,55,ダ,1800,不
2018100349,シャークウォーニン,2026-04-29,大井,3,C2七 八九(C2八),13,1,1,59.4,8,7,西優哉,53,ダ,1600,稍
2018100349,シャークウォーニン,2026-03-25,大井,9,C2三,11,8,11,7.6,5,7,中山遥人,55,ダ,2000,稍
2018100349,シャークウォーニン,2026-03-11,大井,5,C2八 九,13,3,4,7.1,4,7,中山遥人,55,ダ,1600,良
2018100349,シャークウォーニン,2026-02-16,大井,6,C215 16,13,8,13,4.9,3,1,中山遥人,54,ダ,1600,良
2018100349,シャークウォーニン,2026-01-15,大井,1,C3一,12,8,11,8.0,3,3,中山遥人,54,ダ,2000,良
2018100349,シャークウォーニン,2025-12-26,大井,3,C212 1314(C213),14,2,2,62.9,8,5,中山遥人,54,ダ,1600,重
2018100349,シャークウォーニン,2025-12-02,大井,1,C212 1314(C213),12,5,6,8.2,5,5,中山遥人,54,ダ,1600,良
2018100349,シャークウォーニン,2025-11-10,大井,5,C215 1617(C216),14,5,8,7.6,5,2,和田譲治,53,ダ,1600,稍
2018100349,シャークウォーニン,2025-10-22,大井,1,C3一 二,14,3,3,3.4,3,1,中山遥人,53,ダ,1600,稍
2018100349,シャークウォーニン,2025-10-07,大井,1,C3一 二,11,6,7,5.2,2,3,中山遥人,53,ダ,1600,良
2018100349,シャークウォーニン,2025-09-17,大井,1,C3一 二,14,4,5,2.6,1,3,中山遥人,53,ダ,1600,良
2018100349,シャークウォーニン,2025-09-04,大井,1,C3三 四,12,7,10,2.5,1,1,中山遥人,53,ダ,1600,良
2018100349,シャークウォーニン,2025-08-14,大井,1,C3三 四,13,4,4,2.6,2,1,中山遥人,53,ダ,1600,稍
2018100349,シャークウォーニン,2025-07-16,大井,1,C3四 五,11,6,8,4.9,3,7,中山遥人,53,ダ,1600,不
2018100349,シャークウォーニン,2025-06-12,大井,1,C3三 四,11,5,6,3.9,3,2,中山遥人,53,ダ,1600,重
2018100349,シャークウォーニン,2024-12-25,大井,7,C215 1617(C216),12,7,11,2.6,1,8,大木天翔,56,ダ,1600,良
2018100349,シャークウォーニン,2024-11-04,大井,5,C215 1617(C216),10,8,9,4.7,3,3,大木天翔,56,ダ,1600,稍
2018100349,シャークウォーニン,2024-10-16,大井,1,C3一 二,10,8,10,2.6,1,2,大木天翔,56,ダ,1600,良
2018100349,シャークウォーニン,2024-10-01,大井,2,C3一 二,14,6,10,15.1,8,4,大木天翔,56,ダ,1200,良
2018100349,シャークウォーニン,2024-09-12,大井,1,C3一 二三(C3二),14,4,5,3.1,1,6,鷹見陸,54,ダ,1600,良
2018100349,シャークウォーニン,2024-08-02,大井,2,C3二 三,14,3,4,4.0,2,6,田中洸多,53,ダ,1600,良
2018100349,シャークウォーニン,2024-06-27,大井,1,C3二 三四(C3三),10,1,1,2.9,2,1,田中洸多,53,ダ,1600,良
2018100349,シャークウォーニン,2023-12-07,大井,5,C2六 七,13,5,8,,,除,町田直希,56,ダ,1600,良
2018100349,シャークウォーニン,2023-11-01,大井,5,C2七 八九(C2八),11,8,10,47.1,10,7,町田直希,56,ダ,1600,良
2018100349,シャークウォーニン,2023-10-04,大井,5,C2七 八,14,8,13,6.7,3,11,町田直希,56,ダ,1600,不
2018100349,シャークウォーニン,2023-09-06,大井,5,C2五 六,12,1,1,5.0,2,6,町田直希,56,ダ,1600,重
2018100349,シャークウォーニン,2023-08-16,大井,4,C2六 七八(C2七),12,1,1,4.4,1,5,町田直希,56,ダ,1600,不
2018100349,シャークウォーニン,2023-08-02,大井,5,C2六 七八(C2七),12,6,8,49.4,11,2,町田直希,56,ダ,1600,重
2018100349,シャークウォーニン,2022-11-16,大井,8,スレッジ・ハンマー賞(C1),14,7,11,87.4,11,14,町田直希,56,ダ,1600,良
2018100349,シャークウォーニン,2022-10-05,大井,10,C1五 六,10,8,10,46.5,9,10,町田直希,56,ダ,1600,稍
2018100349,シャークウォーニン,2022-09-07,大井,7,C1五 六,9,2,2,7.0,4,7,町田直希,56,ダ,1600,良
2018100349,シャークウォーニン,2022-08-17,大井,8,マンハッタン賞(C1),14,3,4,10.8,4,7,町田直希,56,ダ,1600,重
2018100349,シャークウォーニン,2022-07-27,大井,8,ホノルル賞(C1),14,3,4,4.4,3,5,町田直希,56,ダ,1600,重
2018100349,シャークウォーニン,2022-06-29,大井,10,ウマきゅん賞(C1),12,2,2,5.7,3,2,町田直希,56,ダ,1600,良
2018100349,シャークウォーニン,2022-06-08,大井,4,C1五 六七(C1六),14,6,9,8.7,5,6,町田直希,56,ダ,1600,不
2018100349,シャークウォーニン,2022-01-27,大井,7,C1一 二三(C1二),14,8,14,4.9,2,8,町田直希,56,ダ,1600,良
2018100349,シャークウォーニン,2021-12-08,大井,8,アクダクト賞(C1),14,5,7,2.5,1,1,町田直希,56,ダ,1600,不
2018100349,シャークウォーニン,2021-11-19,大井,1,スマイルシティ・しな(C2),13,5,6,1.4,1,1,町田直希,56,ダ,1600,良
2018100349,シャークウォーニン,2021-11-04,大井,6,C2六 七,14,6,10,3.7,1,2,町田直希,56,ダ,1600,稍
2018100349,シャークウォーニン,2021-08-22,札幌,3,3歳未勝利,14,3,3,33.1,10,6,原田和真,56,ダ,1700,良
2018100349,シャークウォーニン,2021-07-24,函館,3,3歳未勝利,14,4,6,44.3,11,4,原田和真,56,ダ,1700,良
2018100349,シャークウォーニン,2021-06-27,東京,1,3歳未勝利,15,1,1,81.0,9,7,藤田菜七,54,ダ,1600,良
2018100349,シャークウォーニン,2021-06-19,東京,4,3歳未勝利,14,6,10,25.6,9,7,原優介,53,ダ,1600,重
2018100349,シャークウォーニン,2021-06-06,東京,2,3歳未勝利,16,4,8,38.4,7,5,原優介,53,ダ,1600,重
2018100349,シャークウォーニン,2021-05-23,東京,2,3歳未勝利,16,5,9,25.5,8,5,原優介,53,ダ,1600,稍
2018100349,シャークウォーニン,2021-05-09,東京,2,3歳未勝利,16,2,3,291.3,13,5,原優介,53,ダ,1600,良
2018100349,シャークウォーニン,2021-04-10,中山,2,3歳未勝利,13,6,9,338.4,12,10,原田和真,56,ダ,1800,良
2018100349,シャークウォーニン,2021-03-27,中山,3,3歳未勝利,16,7,13,160.4,13,11,原田和真,56,ダ,1800,良
2018100349,シャークウォーニン,2020-11-28,東京,1,2歳未勝利,16,7,14,214.6,14,6,原田和真,55,ダ,1600,良
2018100349,シャークウォーニン,2020-11-15,東京,1,2歳未勝利,13,1,1,121.3,10,4,原田和真,55,ダ,1600,良
2018100349,シャークウォーニン,2020-10-31,東京,5,2歳新馬,16,6,11,235.0,16,15,原優介,52,芝,1400,良
2018100699,オールスターズ,2026-08-31,大井,7,C2八 九十(C2九),13,8,13,5.0,4,7,Ｆ．ゴン,56,ダ,1600,良
2018100699,オールスターズ,2026-08-13,大井,6,エバ・グリーン賞(C2),12,3,3,,,取,安藤洋一,56,ダ,1600,不
2018100699,オールスターズ,2026-07-20,大井,7,C211 1213(C212),10,4,4,2.9,1,7,安藤洋一,56,ダ,1600,良
2018100699,オールスターズ,2026-07-03,大井,1,C3一 二,11,6,8,1.9,1,1,安藤洋一,56,ダ,1600,不
2018100699,オールスターズ,2025-11-10,大井,2,C218 19,13,5,7,6.2,4,5,安藤洋一,56,ダ,1600,稍
2018100699,オールスターズ,2025-10-07,大井,1,C3一 二,11,7,8,1.2,1,1,安藤洋一,56,ダ,1600,良
2018100699,オールスターズ,2025-09-17,大井,1,C3一 二,14,7,11,3.0,2,1,安藤洋一,56,ダ,1600,良
2018100699,オールスターズ,2024-12-31,大井,5,C2三 四五(C2四),14,3,4,12.6,3,7,安藤洋一,56,ダ,1400,良
2018100699,オールスターズ,2024-05-17,大井,5,C2三 四五(C2四),10,5,5,1.7,1,3,安藤洋一,56,ダ,1600,稍
2018100699,オールスターズ,2024-04-10,大井,5,C2九 十,14,8,13,2.2,1,1,安藤洋一,56,ダ,1600,重
2018100699,オールスターズ,2024-03-18,大井,12,ニュートラックかみの(C2),16,1,2,3.5,2,3,安藤洋一,56,ダ,1700,良
2018100699,オールスターズ,2024-02-27,大井,4,築地川賞(C2),13,7,10,1.3,1,2,安藤洋一,56,ダ,1600,重
2018100699,オールスターズ,2023-08-02,大井,5,C2六 七八(C2七),12,8,12,1.2,1,1,安藤洋一,56,ダ,1600,重
2018100699,オールスターズ,2023-06-29,大井,5,C2五 六,11,1,1,2.0,1,1,安藤洋一,56,ダ,1600,良
2018100699,オールスターズ,2023-06-06,大井,5,C2九 十,12,7,10,2.4,2,1,安藤洋一,56,ダ,1600,重
2018100699,オールスターズ,2023-05-12,大井,1,C3一 二,11,8,11,1.8,1,1,安藤洋一,56,ダ,1600,良
2018100699,オールスターズ,2022-10-04,大井,5,牧野富太郎生誕160(C2),12,2,2,4.8,3,2,安藤洋一,56,ダ,1600,良
2018100699,オールスターズ,2022-09-08,大井,1,C3三 四,14,5,8,1.8,1,1,安藤洋一,56,ダ,1600,良
2018100699,オールスターズ,2022-08-16,大井,1,C3五 六,13,5,6,4.0,2,1,安藤洋一,56,ダ,1600,稍
2018100699,オールスターズ,2022-07-25,大井,1,C3七 八,14,3,4,4.0,3,5,安藤洋一,56,ダ,1400,良
2018100699,オールスターズ,2022-07-01,大井,1,C3一 二,14,7,11,13.0,5,5,安藤洋一,56,ダ,1600,良
2018100699,オールスターズ,2022-06-07,大井,6,C3三 四,16,5,10,6.3,5,7,安藤洋一,56,ダ,1200,不
2018100699,オールスターズ,2022-05-23,大井,4,C3五 六,11,8,10,3.7,2,2,安藤洋一,56,ダ,1400,稍
2018100699,オールスターズ,2021-12-30,大井,1,3歳 117.,12,7,9,4.6,2,5,安藤洋一,56,ダ,1400,良
2018100699,オールスターズ,2021-12-07,大井,6,3歳 84万円,13,6,9,4.0,2,3,安藤洋一,56,ダ,1200,稍
2018100699,オールスターズ,2021-11-16,大井,1,3歳 120万,12,7,10,2.5,2,4,安藤洋一,56,ダ,1400,良
2018100699,オールスターズ,2021-11-01,大井,2,3歳 115.,14,2,2,11.6,3,2,安藤洋一,56,ダ,1400,重
2018101312,ゴールドブレイン,2026-01-16,大井,2,C3二 三,16,1,2,4.9,3,7,石川倭,56,ダ,1200,良
2018101312,ゴールドブレイン,2025-12-25,大井,2,C3一 二,9,5,5,1.3,1,1,藤田凌,56,ダ,1200,重
2018101312,ゴールドブレイン,2025-12-03,大井,2,C3一 二,13,5,7,1.8,1,2,藤田凌,56,ダ,1200,良
2018101312,ゴールドブレイン,2025-11-14,大井,2,C3一 二,12,1,1,5.0,2,6,瀬川将輝,56,ダ,1200,稍
2018101312,ゴールドブレイン,2025-07-18,大井,2,C3二 三,14,2,2,16.0,6,4,新原周馬,56,ダ,1200,重
2018101312,ゴールドブレイン,2025-06-30,大井,9,C212 13,13,7,11,4.1,2,6,藤田凌,56,ダ,1200,良
2018101312,ゴールドブレイン,2025-06-09,大井,8,パナシェ賞(C213),13,3,3,4.9,4,3,藤田凌,56,ダ,1400,良
2018101312,ゴールドブレイン,2025-05-22,大井,2,C3一 二,12,6,8,3.3,2,2,藤本現暉,56,ダ,1200,良
2018101312,ゴールドブレイン,2025-05-01,大井,2,C3二 三,14,2,2,4.1,2,6,新原周馬,56,ダ,1200,稍
2018101312,ゴールドブレイン,2025-04-16,大井,2,C3二 三,14,6,10,22.6,6,2,新原周馬,56,ダ,1200,稍
2018101312,ゴールドブレイン,2025-01-15,大井,2,C3二 三,16,3,6,6.0,3,9,本橋孝太,56,ダ,1200,良
2018101312,ゴールドブレイン,2024-12-29,大井,6,C2十 1112(C211),14,3,4,3.7,2,3,本橋孝太,56,ダ,1400,良
2018101312,ゴールドブレイン,2024-12-03,大井,4,C211 1213(C212),14,5,8,13.1,5,2,藤田凌,56,ダ,1400,良
2018101312,ゴールドブレイン,2024-11-05,大井,8,ムーランルージュ賞(C213),14,5,8,9.4,4,3,藤田凌,56,ダ,1200,稍
2018101312,ゴールドブレイン,2024-10-14,大井,5,一緒に未来を描けるま(C2),13,4,5,3.3,1,2,新原周馬,56,ダ,1200,良
2018101312,ゴールドブレイン,2024-10-01,大井,2,C3一 二,14,5,8,9.8,5,2,新原周馬,56,ダ,1200,良
2018101312,ゴールドブレイン,2024-06-03,大井,9,JAいちかわ賞(C2),14,3,4,22.3,4,4,藤本現暉,56,ダ,1200,不
2018101312,ゴールドブレイン,2024-05-13,大井,8,ネバダ賞(C215),12,7,9,14.5,7,6,藤本現暉,56,ダ,1400,不
2018101312,ゴールドブレイン,2024-04-22,大井,8,アティ賞(C214),14,4,6,11.8,5,7,町田直希,56,ダ,1400,稍
2018101312,ゴールドブレイン,2024-04-08,大井,8,カンパリ・オレンジ賞(C2),12,8,12,11.9,4,3,町田直希,56,ダ,1600,重
2018101312,ゴールドブレイン,2024-03-19,大井,4,C215 16,14,7,12,8.1,3,5,町田直希,56,ダ,1600,良
2018101312,ゴールドブレイン,2024-02-27,大井,3,C214 15,15,2,3,5.5,3,4,服部茂史,56,ダ,1200,重
2018101312,ゴールドブレイン,2024-02-13,大井,6,C215 16,14,4,6,2.7,1,10,新原周馬,56,ダ,1200,良
2018101312,ゴールドブレイン,2024-01-25,大井,3,C3二 三四(C3三),16,5,9,2.0,1,2,新原周馬,56,ダ,1200,重
2018101312,ゴールドブレイン,2023-12-27,大井,8,コスモポリタン賞(C2十),14,8,13,20.3,6,1,新原周馬,56,ダ,1200,良
2018101312,ゴールドブレイン,2023-08-14,大井,6,チチ賞(C2),11,6,6,18.4,7,10,新原周馬,55,ダ,1200,不
2018101312,ゴールドブレイン,2023-08-04,大井,2,C3一 二,10,6,6,4.9,3,1,西啓太,56,ダ,1200,稍
2018101312,ゴールドブレイン,2023-07-13,大井,6,C3一 二,11,7,8,6.0,4,3,新原周馬,55,ダ,1200,良
2018101312,ゴールドブレイン,2023-06-28,大井,4,C2七 八九(C2八),13,2,2,24.1,8,5,町田直希,56,ダ,1400,良
2018101312,ゴールドブレイン,2023-06-06,大井,6,C2九 十,11,1,1,18.6,6,6,町田直希,56,ダ,1200,重
2018101312,ゴールドブレイン,2023-05-23,大井,5,C2九 十,14,1,1,28.5,9,10,町田直希,56,ダ,1200,不
2018101312,ゴールドブレイン,2023-05-08,大井,5,C211 12,9,6,7,16.1,4,3,町田直希,56,ダ,1200,不
2018101312,ゴールドブレイン,2023-04-17,大井,7,C212 13,15,4,7,12.3,5,7,町田直希,56,ダ,1200,重
2018101312,ゴールドブレイン,2022-12-30,大井,7,C2三 四,16,7,13,122.8,12,8,藤本現暉,56,ダ,1200,良
2018101312,ゴールドブレイン,2022-12-09,大井,6,C2一 二三(C2二),16,4,8,36.0,8,9,吉井章,56,ダ,1200,重
2018101312,ゴールドブレイン,2022-11-17,大井,6,C2三 四,15,8,15,13.3,6,6,吉井章,56,ダ,1200,良
2018101312,ゴールドブレイン,2022-11-02,大井,6,C2六 七,14,1,1,28.2,7,2,藤本現暉,56,ダ,1200,良
2018101312,ゴールドブレイン,2022-10-06,大井,2,新宿区賞(C2七),14,2,2,25.4,6,5,真島大輔,56,ダ,1400,稍
2018101312,ゴールドブレイン,2022-09-20,大井,6,C2五 六七(C2六),7,3,3,4.4,2,3,真島大輔,56,ダ,1400,不
2018101312,ゴールドブレイン,2022-08-16,大井,5,C2七 八九(C2八),11,7,8,19.5,8,6,真島大輔,56,ダ,1400,稍
2018101312,ゴールドブレイン,2022-07-26,大井,6,C2八 九,11,8,10,9.9,5,9,新原周馬,53,ダ,1600,不
2018101312,ゴールドブレイン,2022-07-13,大井,5,C2六 七,9,3,3,10.9,6,6,本田正重,56,ダ,1600,不
2018101312,ゴールドブレイン,2022-07-01,大井,6,C2二 三,14,5,8,14.5,8,6,真島大輔,56,ダ,1600,良
2018101312,ゴールドブレイン,2022-06-09,大井,8,パナシェ賞(C2二),14,3,3,5.1,2,11,真島大輔,56,ダ,1400,重
2018101312,ゴールドブレイン,2022-05-12,大井,3,C2四 五六(C2五),14,3,3,25.6,8,5,真島大輔,56,ダ,1600,良
2018101312,ゴールドブレイン,2021-11-19,大井,1,スマイルシティ・しな(C2),13,7,10,9.8,3,10,真島大輔,56,ダ,1600,良
2018101312,ゴールドブレイン,2021-11-05,大井,3,C2四 五,14,6,10,11.1,6,6,真島大輔,56,ダ,1600,良
2018101312,ゴールドブレイン,2021-10-07,大井,3,C2四 五,12,6,8,11.5,5,5,真島大輔,56,ダ,1600,良
2018101312,ゴールドブレイン,2021-09-19,大井,2,3歳 220万,14,1,1,14.8,7,1,真島大輔,56,ダ,1400,重
2018101312,ゴールドブレイン,2021-09-07,大井,3,1995サンタアニタ(3歳),16,2,4,3.0,1,7,藤本現暉,56,ダ,1200,重
2018101312,ゴールドブレイン,2021-08-18,大井,6,3歳 220万,14,8,14,36.3,6,5,藤本現暉,56,ダ,1200,不
2018101312,ゴールドブレイン,2021-08-04,大井,2,3歳 190.,13,5,7,17.2,5,9,藤本現暉,56,ダ,1200,良
2018101312,ゴールドブレイン,2021-02-17,大井,3,3歳 250万,14,4,6,16.2,5,6,藤本現暉,56,ダ,1600,重
2018101312,ゴールドブレイン,2021-01-20,大井,2,3歳 155万,14,6,9,16.3,5,3,藤本現暉,56,ダ,1600,良
2018101312,ゴールドブレイン,2020-12-07,大井,2,2歳 新馬,6,1,1,3.7,2,2,藤本現暉,55,ダ,1400,良
2018101485,ゴールデンオージャ,2026-08-14,大井,4,C2六 七八(C2七),12,1,1,191.3,12,8,木澤奨,53,ダ,1400,不
2018101485,ゴールデンオージャ,2026-07-20,大井,7,C211 1213(C212),10,6,6,132.3,10,10,木澤奨,53,ダ,1600,良
2018101485,ゴールデンオージャ,2026-07-01,大井,5,C2八 九,14,5,8,70.5,12,12,木澤奨,53,ダ,1200,稍
2018101485,ゴールデンオージャ,2026-06-09,大井,4,C2九 十11(C2十),10,8,9,53.0,9,9,木澤奨,53,ダ,1600,不
2018101485,ゴールデンオージャ,2026-05-18,大井,6,C211 1213(C212),14,8,14,50.7,7,7,木澤奨,53,ダ,1400,良
2018101485,ゴールデンオージャ,2026-04-28,大井,6,C2十 11,10,8,10,34.4,8,9,西優哉,53,ダ,1600,不
2018101485,ゴールデンオージャ,2026-04-14,大井,4,C2十 1112(C211),12,3,3,67.8,10,12,横川怜央,56,ダ,1600,良
2018101485,ゴールデンオージャ,2026-03-23,大井,8,バラライカ賞(C2),12,8,11,9.1,4,8,横川怜央,56,ダ,1600,良
2018101485,ゴールデンオージャ,2026-03-10,大井,7,C2十 1112(C211),12,5,6,4.5,2,9,横川怜央,56,ダ,1600,稍
2018101485,ゴールデンオージャ,2026-02-19,大井,2,C3二 三,13,7,12,5.2,2,1,横川怜央,56,ダ,1600,良
2018101485,ゴールデンオージャ,2026-01-29,大井,2,C3一 二三(C3二),14,1,1,4.2,3,2,横川怜央,53,ダ,1600,良
2018101485,ゴールデンオージャ,2026-01-16,大井,1,C3二 三,14,7,12,8.2,3,3,横川怜央,56,ダ,1600,良
2018101485,ゴールデンオージャ,2025-12-25,大井,1,C3一 二,14,5,7,2.8,1,1,横川怜央,56,ダ,1600,重
2018101485,ゴールデンオージャ,2025-12-03,大井,1,C3一 二,14,7,12,12.8,6,1,木澤奨,53,ダ,1600,良
2018101485,ゴールデンオージャ,2025-11-14,大井,2,C3一 二,12,5,5,91.9,10,8,Ｍ．ミシ,54,ダ,1200,稍
2018101485,ゴールデンオージャ,2025-10-22,大井,2,C3一 二,12,5,7,33.1,7,10,Ｍ．ミシ,54,ダ,1200,稍
2018101485,ゴールデンオージャ,2025-10-06,大井,5,C3三 四五(C3四),11,5,5,8.8,6,4,Ｍ．ミシ,54,ダ,1200,良
2018101485,ゴールデンオージャ,2025-09-16,大井,2,C3三 四五(C3四),8,5,5,6.0,3,3,Ｍ．ミシ,53,ダ,1400,稍
2018101485,ゴールデンオージャ,2025-09-04,大井,2,C3三 四,12,5,6,12.8,5,7,谷内貫太,55,ダ,1200,良
2018101485,ゴールデンオージャ,2025-07-18,大井,2,C3二 三,14,5,7,43.4,9,7,木澤奨,53,ダ,1200,重
2018101485,ゴールデンオージャ,2025-07-04,大井,2,C3一 二,10,7,7,4.5,3,10,木澤奨,53,ダ,1200,良
2018101485,ゴールデンオージャ,2025-06-13,大井,2,C3一 二,13,8,12,3.1,2,6,谷内貫太,55,ダ,1200,重
2018101485,ゴールデンオージャ,2025-05-22,大井,2,C3一 二,12,8,12,2.6,1,1,谷内貫太,53,ダ,1200,良
2018101485,ゴールデンオージャ,2025-04-29,大井,2,C3四 五,14,6,9,4.1,3,2,木澤奨,53,ダ,1200,不
2018101485,ゴールデンオージャ,2025-04-15,大井,2,C3四 五,14,7,12,2.8,2,4,谷内貫太,54,ダ,1200,重
2018101485,ゴールデンオージャ,2025-03-11,大井,2,C3四 五,14,7,11,15.8,4,2,谷内貫太,54,ダ,1200,重
2018101485,ゴールデンオージャ,2025-02-19,大井,1,C3五 六,16,4,8,11.0,6,3,谷内貫太,54,ダ,1200,良
2018101485,ゴールデンオージャ,2025-01-28,大井,1,C3六 七,12,5,6,18.5,5,8,谷内貫太,54,ダ,1200,良
2018101485,ゴールデンオージャ,2024-11-08,大井,2,C3一 二,14,6,9,16.2,4,3,野畑凌,56,ダ,1200,良
2018101485,ゴールデンオージャ,2024-10-16,大井,2,C3一 二,14,6,10,11.1,5,4,谷内貫太,54,ダ,1200,良
2018101485,ゴールデンオージャ,2024-10-01,大井,2,C3一 二,14,7,11,5.0,3,6,谷内貫太,54,ダ,1200,良
2018101485,ゴールデンオージャ,2024-09-12,大井,3,C3一 二三(C3二),15,8,15,9.7,4,3,谷内貫太,54,ダ,1200,良
2018101485,ゴールデンオージャ,2024-08-01,大井,2,C3四 五,14,7,11,3.8,1,2,谷内貫太,54,ダ,1200,良
2018101485,ゴールデンオージャ,2024-07-09,大井,3,C3四 五六(C3五),14,2,2,5.2,3,4,谷内貫太,54,ダ,1200,稍
2018101485,ゴールデンオージャ,2024-06-27,大井,3,C3二 三四(C3三),14,4,6,3.0,1,5,谷内貫太,54,ダ,1200,良
2018101485,ゴールデンオージャ,2024-05-14,大井,2,C3四 五,14,1,1,8.7,4,1,谷内貫太,54,ダ,1200,重
2018101485,ゴールデンオージャ,2024-04-23,大井,2,C3四 五,16,5,9,3.3,2,4,谷内貫太,54,ダ,1200,稍
2018101485,ゴールデンオージャ,2024-03-20,大井,3,C3六 七八(C3七),16,4,8,4.8,2,4,谷内貫太,53,ダ,1200,良
2018101485,ゴールデンオージャ,2024-02-28,大井,2,C3七 八,14,4,5,1.8,1,1,谷内貫太,53,ダ,1200,稍
2018101485,ゴールデンオージャ,2024-02-13,大井,2,古川賞(C3),14,8,13,5.4,3,2,谷内貫太,53,ダ,1200,良
2018101485,ゴールデンオージャ,2024-01-22,大井,2,北沢川賞(C3),16,5,10,8.9,5,4,谷内貫太,53,ダ,1200,不
2018101485,ゴールデンオージャ,2023-12-27,大井,1,C3三,15,8,14,16.0,6,1,谷内貫太,53,ダ,1200,良
2018101485,ゴールデンオージャ,2023-12-06,大井,1,C3三,13,5,7,36.3,7,4,谷内貫太,53,ダ,1200,良
2018101485,ゴールデンオージャ,2023-11-15,大井,2,C3三 四,14,4,6,14.1,6,5,谷内貫太,53,ダ,1200,良
2018101485,ゴールデンオージャ,2023-10-31,大井,1,C3三 四,12,3,3,9.3,3,8,谷内貫太,53,ダ,1600,良
2018101485,ゴールデンオージャ,2023-10-03,大井,1,C3三 四,14,4,6,4.1,3,9,谷内貫太,53,ダ,1600,良
2018101485,ゴールデンオージャ,2023-09-17,大井,1,野馬追賞(C3),12,4,4,3.8,1,2,後藤蒼二,53,ダ,1600,重
2018101485,ゴールデンオージャ,2023-09-05,大井,1,C3五 六,12,1,1,26.6,8,3,後藤蒼二,53,ダ,1600,不
2018101485,ゴールデンオージャ,2023-08-13,大井,1,C3八,10,2,2,32.3,7,1,谷内貫太,53,ダ,1200,稍
2018101485,ゴールデンオージャ,2022-09-08,大井,1,C3三 四,14,6,10,39.1,11,14,後藤蒼二,53,ダ,1600,良
2018101485,ゴールデンオージャ,2022-08-17,大井,1,C3三 四,13,2,2,12.2,7,12,新原周馬,53,ダ,1600,良
2018101485,ゴールデンオージャ,2022-07-26,大井,1,C3五 六,11,3,3,13.7,6,5,後藤蒼二,53,ダ,1600,不
2018101485,ゴールデンオージャ,2022-07-12,大井,1,C3五 六,12,6,8,4.7,3,5,鷹見陸,53,ダ,1600,良
2018101485,ゴールデンオージャ,2022-07-01,大井,1,C3一 二,14,6,10,135.7,14,3,後藤蒼二,53,ダ,1600,良
2018101485,ゴールデンオージャ,2022-06-09,大井,6,C3一 二,13,5,6,139.3,13,9,谷内貫太,53,ダ,1200,重
2018101485,ゴールデンオージャ,2022-05-27,大井,6,C3一 二,16,3,5,142.1,15,7,石川駿介,56,ダ,1200,不
2018101485,ゴールデンオージャ,2022-05-13,大井,4,C3一 二三(C3二),12,3,3,159.0,12,9,石川駿介,56,ダ,1600,不
2018101485,ゴールデンオージャ,2022-03-30,大井,2,C3三 四,16,2,3,59.5,12,12,石川駿介,56,ダ,1200,重
2018101485,ゴールデンオージャ,2022-03-10,大井,2,C3一 二三(C3二),14,8,13,41.5,11,10,石川駿介,56,ダ,1400,良
2018101485,ゴールデンオージャ,2022-02-11,大井,1,C3一 二,15,5,8,230.3,11,10,石川駿介,56,ダ,1200,不
2018101485,ゴールデンオージャ,2022-01-26,大井,2,C3三 四五(C3四),14,5,8,310.5,14,5,石川駿介,56,ダ,1400,良
2018101485,ゴールデンオージャ,2021-12-31,大井,2,3歳 119.,14,8,14,101.3,9,13,石川駿介,56,ダ,1400,良
2018101485,ゴールデンオージャ,2021-10-06,大井,2,3歳 130.,13,8,13,68.7,7,6,早田功駿,56,ダ,1200,稍
2018101485,ゴールデンオージャ,2021-09-19,大井,3,3歳 220万,14,3,3,40.5,10,5,早田功駿,56,ダ,1200,重
2018101485,ゴールデンオージャ,2021-09-07,大井,2,1995地方初「馬複(3歳),14,6,10,164.9,11,8,早田功駿,56,ダ,1400,重
2018101485,ゴールデンオージャ,2021-08-18,大井,4,3歳 151.,16,8,16,24.1,7,9,中島良美,52,ダ,1200,不
2018101485,ゴールデンオージャ,2021-07-14,大井,2,3歳 209万,13,4,5,43.1,9,11,池谷匠翔,54,ダ,1200,重
2018101485,ゴールデンオージャ,2021-06-30,大井,2,3歳 188万,16,3,6,112.0,13,5,池谷匠翔,54,ダ,1200,重
2018101485,ゴールデンオージャ,2021-06-08,大井,1,3歳 175万,12,7,10,48.3,9,12,菅原涼太,53,ダ,1600,重
2018101485,ゴールデンオージャ,2021-05-19,大井,1,3歳 171万,13,8,13,52.8,10,9,酒井忍,56,ダ,1600,重
2018101485,ゴールデンオージャ,2021-04-27,大井,4,3歳 180万,14,6,10,31.0,12,11,千田洋,56,ダ,1200,良
2018101485,ゴールデンオージャ,2021-04-14,大井,2,3歳 144万,16,1,2,15.2,6,5,千田洋,56,ダ,1200,重
2018101485,ゴールデンオージャ,2021-03-23,大井,4,3歳 130万,14,8,13,26.5,8,7,千田洋,56,ダ,1200,重
2018101485,ゴールデンオージャ,2021-03-09,大井,4,3歳 95万円,14,4,6,36.8,7,5,吉井章,56,ダ,1200,重
2018101485,ゴールデンオージャ,2020-11-18,大井,2,2歳 155万,11,6,7,71.0,11,10,吉井章,54,ダ,1600,良
2018101485,ゴールデンオージャ,2020-11-03,大井,1,JBCデーin大井ス(2歳),9,7,7,22.8,6,5,和田譲治,55,ダ,1400,稍
2018101485,ゴールデンオージャ,2020-10-06,大井,9,JBC2歳優駿チャレ,7,6,6,141.9,7,7,吉井章,54,ダ,1800,良
2018101485,ゴールデンオージャ,2020-09-19,大井,4,2歳 65万円,8,4,4,11.7,4,3,吉井章,53,ダ,1400,良
2018101485,ゴールデンオージャ,2020-08-21,大井,3,2歳 新馬,9,6,6,55.1,9,6,篠谷葵,51,ダ,1400,良
2018101874,ラペルシェール,2026-08-15,大井,9,サマーバケーション賞(B3),14,8,14,111.8,12,8,谷内貫太,55,ダ,1400,稍
2018101874,ラペルシェール,2026-07-24,大井,11,東京スポーツ賞競走(B3),16,7,13,323.5,16,10,谷内貫太,55,ダ,1400,良
2018101874,ラペルシェール,2026-07-03,大井,12,潮見坂賞競走(B3),13,7,11,202.4,13,10,谷内貫太,55,ダ,1400,不
2018101874,ラペルシェール,2026-06-09,大井,10,鼠坂賞競走(B3),13,8,12,306.5,12,6,谷内貫太,55,ダ,1400,不
2018101874,ラペルシェール,2026-05-22,大井,12,錦華坂賞競走(B3),15,4,7,154.0,13,12,谷内貫太,55,ダ,1400,不
2018101874,ラペルシェール,2026-04-27,大井,11,神楽坂賞競走(B3),16,8,16,135.3,16,7,谷内貫太,55,ダ,1400,不
2018101874,ラペルシェール,2026-04-14,大井,10,山王坂賞競走(B3),9,3,3,120.8,8,6,谷内貫太,55,ダ,1400,良
2018101874,ラペルシェール,2026-03-25,大井,12,播磨坂賞競走(B3),13,7,10,53.0,10,10,谷内貫太,55,ダ,1400,稍
2018101874,ラペルシェール,2026-03-10,大井,12,江戸見坂賞競走(B3),16,4,7,232.4,15,5,谷内貫太,55,ダ,1200,稍
2018101874,ラペルシェール,2026-02-20,大井,10,めぐみ坂賞競走(B3),13,8,12,188.4,10,9,本田正重,56,ダ,1400,良
2018101874,ラペルシェール,2025-09-19,大井,9,大黒坂賞競走(B3),8,2,2,16.3,4,6,和田譲治,56,ダ,1400,不
2018101874,ラペルシェール,2025-09-02,大井,11,貴船坂賞競走(B3),12,2,2,35.4,7,6,和田譲治,56,ダ,1400,良
2018101874,ラペルシェール,2025-08-10,大井,8,相生坂賞競走(B3),12,3,3,42.7,7,7,篠谷葵,56,ダ,1400,不
2018101874,ラペルシェール,2025-07-16,大井,12,ベガ賞競走(B2B3),12,8,11,112.2,11,8,篠谷葵,55,ダ,1400,不
2018101874,ラペルシェール,2025-07-04,大井,11,梨木坂賞競走(B3),14,8,14,74.4,9,6,藤田凌,56,ダ,1400,良
2018101874,ラペルシェール,2025-06-09,大井,12,団子坂賞競走(B3),16,1,2,265.1,15,7,篠谷葵,56,ダ,1200,良
2018101874,ラペルシェール,2025-05-19,大井,11,十貫坂賞競走(B3),16,4,7,97.9,12,12,篠谷葵,56,ダ,1200,重
2018101874,ラペルシェール,2025-04-29,大井,12,神楽坂賞競走(B3),15,4,7,73.0,11,11,篠谷葵,56,ダ,1200,重
2018101874,ラペルシェール,2025-04-15,大井,12,山王坂賞競走(B3),13,4,6,82.7,11,8,篠谷葵,56,ダ,1400,重
2018101874,ラペルシェール,2025-03-25,大井,11,けやき坂賞競走(B3),11,6,8,29.7,8,4,篠谷葵,56,ダ,1200,良
2018101874,ラペルシェール,2025-03-11,大井,10,江戸見坂賞競走(B3),12,7,9,11.7,5,7,町田直希,56,ダ,1200,重
2018101874,ラペルシェール,2025-02-18,大井,12,狸穴坂賞競走(B3),16,6,11,72.0,11,6,篠谷葵,56,ダ,1200,良
2018101874,ラペルシェール,2025-01-30,大井,12,狸坂賞競走(B3),11,1,1,32.6,8,7,篠谷葵,56,ダ,1400,良
2018101874,ラペルシェール,2025-01-14,大井,12,道玄坂賞競走(B3),12,5,6,66.4,8,7,篠谷葵,56,ダ,1400,稍
2018101874,ラペルシェール,2024-12-30,大井,11,カプリコーン賞競走(B2),16,5,10,315.6,15,5,篠谷葵,56,ダ,1200,良
2018101874,ラペルシェール,2024-12-05,大井,7,B2五,11,5,5,143.1,10,7,篠谷葵,56,ダ,1400,良
2018101874,ラペルシェール,2024-11-07,大井,12,神楽月賞競走(B2),16,8,15,294.7,16,10,篠谷葵,56,ダ,1200,稍
2018101874,ラペルシェール,2024-10-14,大井,11,トルマリン賞競走(B2),16,4,8,139.4,12,8,野畑凌,56,ダ,1400,良
2018101874,ラペルシェール,2024-09-30,大井,8,ヴァーゴ賞競走(B2),14,5,8,38.0,11,12,野畑凌,56,ダ,1200,良
2018101874,ラペルシェール,2024-06-26,大井,12,BSイレブン賞競走(B1B2),13,8,13,92.4,11,10,達城龍次,55,ダ,1400,稍
2018101874,ラペルシェール,2024-06-05,大井,10,夏木立賞競走(B2),16,2,4,49.0,9,13,谷内貫太,54,ダ,1400,稍
2018101874,ラペルシェール,2024-05-15,大井,12,新緑賞競走(B2),16,3,5,129.1,12,6,谷内貫太,54,ダ,1200,重
2018101874,ラペルシェール,2024-04-24,大井,8,カフェ・ド・パリ賞(B2),11,6,7,23.9,6,4,谷内貫太,54,ダ,1400,重
2018101874,ラペルシェール,2024-04-12,大井,12,オメガ賞競走(B2),11,7,9,115.8,11,4,谷内貫太,54,ダ,1400,重
2018101874,ラペルシェール,2024-02-28,大井,12,朧月賞競走(B1B2),16,7,13,386.9,15,12,谷内貫太,52,ダ,1200,稍
2018101874,ラペルシェール,2024-02-15,大井,11,梅見月賞競走(B2),16,3,5,185.2,11,10,谷内貫太,53,ダ,1200,良
2018101874,ラペルシェール,2024-01-22,大井,9,ガーネット賞競走(B2),16,6,11,39.3,9,13,谷内貫太,53,ダ,1400,不
2018101874,ラペルシェール,2023-12-27,大井,9,B2四,13,2,2,15.5,6,7,谷内貫太,53,ダ,1400,良
2018101874,ラペルシェール,2023-12-07,大井,12,九段坂賞競走(B2B3),16,3,6,6.2,4,4,谷内貫太,54,ダ,1400,良
2018101874,ラペルシェール,2023-11-17,大井,10,シトリン賞競走(B2),13,2,2,3.7,2,6,谷内貫太,53,ダ,1400,不
2018101874,ラペルシェール,2023-11-03,大井,12,SPAT4賞競走(B2),13,8,13,12.7,4,3,谷内貫太,53,ダ,1400,良
2018101874,ラペルシェール,2023-06-30,大井,10,ポートサイド賞競走(B2),9,8,9,2.6,2,4,谷内貫太,53,ダ,1400,良
2018101874,ラペルシェール,2023-05-08,大井,12,オフト伊勢崎賞競走(B2B3),14,6,9,9.0,5,1,谷内貫太,54,ダ,1400,不
2018101874,ラペルシェール,2023-04-19,大井,12,ニュートラック福島賞(B2),12,4,4,36.3,11,6,谷内貫太,53,ダ,1400,稍
2018101874,ラペルシェール,2023-03-29,大井,10,十貫坂賞競走(B3),16,3,5,5.8,3,2,谷内貫太,53,ダ,1400,重
2018101874,ラペルシェール,2023-03-06,大井,12,オフト汐留賞競走(B3),14,7,11,5.1,2,4,谷内貫太,53,ダ,1400,良
2018101874,ラペルシェール,2023-02-20,大井,10,狸穴坂賞競走(B3),16,3,5,12.4,6,2,谷内貫太,53,ダ,1400,良
2018101874,ラペルシェール,2023-01-26,大井,10,芋洗坂賞競走(B3),15,5,9,76.3,12,3,谷内貫太,53,ダ,1400,良
2018101874,ラペルシェール,2022-12-26,大井,8,ウインターテール賞競(B3),12,5,5,44.4,9,7,藤本現暉,53,ダ,1400,稍
2018101874,ラペルシェール,2022-12-09,大井,12,カノープス賞競走(B3),16,4,7,28.1,8,3,谷内貫太,53,ダ,1400,重
2018101874,ラペルシェール,2022-11-16,大井,10,神楽月賞競走(B3),14,8,14,123.2,11,5,西啓太,56,ダ,1400,良
2018101874,ラペルシェール,2022-11-02,大井,10,日米フレンドシップ賞(B3),11,5,5,,,取,西啓太,56,ダ,1200,良
2018101874,ラペルシェール,2022-07-26,大井,12,ムーンビーチ賞競走(B3),13,5,6,98.0,9,8,西啓太,56,ダ,1600,不
2018101874,ラペルシェール,2022-06-27,大井,12,小石川賞競走(B3),13,5,7,154.3,11,9,篠谷葵,56,ダ,1600,良
2018101874,ラペルシェール,2022-06-08,大井,10,キャンサー賞競走(B3),9,3,3,46.8,8,8,篠谷葵,56,ダ,1600,重
2018101874,ラペルシェール,2022-05-23,大井,10,東郷坂賞競走(B3),12,6,8,30.7,9,7,篠谷葵,56,ダ,1400,稍
2018101874,ラペルシェール,2022-05-11,大井,10,行人坂賞競走(B3),9,1,1,4.6,3,6,矢野貴之,56,ダ,1400,良
2018101874,ラペルシェール,2022-04-19,大井,12,春雷賞競走(B3),16,2,4,13.3,6,9,町田直希,56,ダ,1600,重
2018101874,ラペルシェール,2022-03-30,大井,10,桜坂賞競走(B3),13,7,10,15.6,7,6,町田直希,56,ダ,1600,稍
2018101874,ラペルシェール,2022-03-09,大井,12,円通寺坂賞競走(B3),15,4,7,14.2,7,4,町田直希,56,ダ,1600,良
2018101874,ラペルシェール,2022-02-08,大井,12,ダイヤモンドダスト賞(B3),10,8,10,25.4,6,4,町田直希,56,ダ,1600,良
2018101874,ラペルシェール,2022-01-28,大井,12,新助坂賞競走(B3),12,8,11,8.2,6,10,矢野貴之,56,ダ,1650,良
2018101874,ラペルシェール,2021-12-27,大井,8,ギブソン賞(B3),8,3,3,3.4,1,4,矢野貴之,56,ダ,1200,稍
2018101874,ラペルシェール,2021-12-06,大井,10,ゼームス坂賞競走(B3),16,7,14,55.5,11,6,福原杏,56,ダ,1400,稍
2018101874,ラペルシェール,2021-11-18,大井,12,神楽月賞競走(B3),16,4,8,6.9,4,5,矢野貴之,56,ダ,1400,良
2018101874,ラペルシェール,2021-07-25,盛岡,10,ハヤテスプリント(重賞),14,5,8,9.4,4,7,高橋悠里,56,ダ,1200,良
2018101874,ラペルシェール,2021-06-29,大井,10,PLAYTCKROO(B3),16,2,3,8.2,4,1,町田直希,54,ダ,1400,重
2018101874,ラペルシェール,2021-05-21,大井,2,3歳 347万,12,6,8,4.9,3,7,町田直希,57,ダ,1400,重
2018101874,ラペルシェール,2021-05-01,大井,3,3歳 500万,11,6,7,8.2,4,5,町田直希,57,ダ,1200,重
2018101874,ラペルシェール,2021-04-16,大井,4,3歳 1045,8,2,2,3.1,2,1,矢野貴之,56,ダ,1200,稍
2018101874,ラペルシェール,2021-03-26,大井,9,3歳 335万,13,7,11,14.7,6,2,矢野貴之,56,ダ,1400,良
2018101874,ラペルシェール,2021-03-12,大井,10,八丈島フリージア賞競(3歳),14,4,6,5.7,3,6,矢野貴之,56,ダ,1400,良
2018101874,ラペルシェール,2020-09-11,大井,4,2歳 190万,10,7,7,1.4,1,1,矢野貴之,54,ダ,1200,稍
2018101874,ラペルシェール,2020-08-21,大井,5,2歳 新馬,10,7,8,3.5,2,2,矢野貴之,54,ダ,1200,良
2018103005,テイエムマジック,2026-02-14,小倉,8,小倉ジャンプS(JGIII),13,3,3,6.3,2,10,難波剛健,60,障,3390,良
2018103005,テイエムマジック,2026-01-24,小倉,4,障害4歳以上OP,12,5,5,3.2,1,1,難波剛健,61,障,3390,良
2018103005,テイエムマジック,2025-12-20,阪神,4,障害3歳以上OP,14,4,5,5.6,3,1,難波剛健,60,障,3110,良
2018103005,テイエムマジック,2025-10-11,京都,4,障害3歳以上OP,10,6,6,5.7,3,6,難波剛健,60,障,3170,良
2018103005,テイエムマジック,2025-09-20,阪神,4,阪神ジャンプS(JGIII),9,7,7,53.1,6,4,難波剛健,60,障,3140,良
2018103005,テイエムマジック,2025-04-20,阪神,4,障害4歳以上未勝利,14,1,1,3.8,1,1,難波剛健,60,障,2970,良
2018103005,テイエムマジック,2025-03-30,阪神,4,障害4歳以上未勝利,14,4,6,4.4,2,2,難波剛健,60,障,2970,良
2018103005,テイエムマジック,2025-03-01,小倉,4,障害4歳以上未勝利,12,7,9,10.9,4,2,難波剛健,60,障,2860,良
2018103005,テイエムマジック,2025-02-09,小倉,4,障害4歳以上未勝利,12,5,5,23.3,7,3,難波剛健,60,障,2860,稍
2018103005,テイエムマジック,2025-01-13,中山,4,障害4歳以上未勝利,9,1,1,12.7,6,7,難波剛健,60,障,2880,良
2018103005,テイエムマジック,2024-08-18,中京,1,障害3歳以上未勝利,12,6,8,5.3,2,8,難波剛健,60,障,3000,良
2018103005,テイエムマジック,2024-06-08,東京,1,障害3歳以上未勝利,11,4,4,5.6,3,4,坂口智康,57,障,3000,良
2018103005,テイエムマジック,2024-05-19,新潟,4,障害4歳以上未勝利,14,3,4,2.0,1,4,石神深一,60,障,2890,良
2018103005,テイエムマジック,2024-04-28,新潟,4,障害4歳以上未勝利,10,5,5,5.4,3,2,石神深一,60,障,2890,良
2018103005,テイエムマジック,2024-04-07,福島,4,障害4歳以上未勝利,14,4,6,12.3,4,6,難波剛健,60,障,2750,良
2018103005,テイエムマジック,2023-12-28,阪神,9,春待月賞(2勝クラス),16,2,3,37.2,10,13,城戸義政,58,ダ,1800,良
2018103005,テイエムマジック,2023-12-02,中京,9,犬山特別(2勝クラス),16,3,5,9.1,5,4,藤懸貴志,58,ダ,1900,良
2018103005,テイエムマジック,2023-06-24,東京,10,日野特別(2勝クラス),16,1,2,22.9,7,9,藤懸貴志,58,ダ,1600,良
2018103005,テイエムマジック,2023-06-04,阪神,9,加古川特別(2勝クラス),13,3,3,15.5,4,4,藤懸貴志,58,ダ,1800,良
2018103005,テイエムマジック,2023-05-21,京都,12,4歳以上2勝クラス,11,8,10,22.2,9,5,藤懸貴志,58,ダ,1800,良
2018103005,テイエムマジック,2022-10-08,阪神,12,3歳以上2勝クラス,13,2,2,39.1,6,8,和田竜二,57,ダ,1800,稍
2018103005,テイエムマジック,2022-09-17,中京,10,大府特別(2勝クラス),15,8,14,46.2,9,12,藤懸貴志,57,ダ,1800,良
2018103005,テイエムマジック,2022-02-06,中京,8,4歳以上2勝クラス,11,7,9,19.0,5,9,永島まな,52,ダ,1800,稍
2018103005,テイエムマジック,2022-01-15,中京,8,4歳以上2勝クラス,12,5,6,18.5,5,6,和田竜二,56,ダ,1800,良
2018103005,テイエムマジック,2021-12-26,阪神,9,鳥取特別(2勝クラス),13,1,1,26.8,6,10,藤懸貴志,56,ダ,1800,良
2018103005,テイエムマジック,2021-09-04,小倉,10,天草特別(2勝クラス),16,3,5,8.0,5,12,藤懸貴志,54,ダ,1700,重
2018103005,テイエムマジック,2021-08-08,新潟,11,レパードS(GIII),15,5,8,35.3,9,14,藤懸貴志,56,ダ,1800,良
2018103005,テイエムマジック,2021-05-15,新潟,10,わらび賞(1勝クラス),15,4,6,3.5,1,1,藤懸貴志,56,ダ,1800,良
2018103005,テイエムマジック,2021-04-24,阪神,6,3歳1勝クラス,14,1,1,13.0,6,2,藤懸貴志,56,ダ,1800,良
2018103005,テイエムマジック,2021-04-03,阪神,5,3歳1勝クラス,16,2,3,6.9,4,6,和田竜二,56,ダ,1800,良
2018103005,テイエムマジック,2021-03-14,中京,6,3歳1勝クラス,11,3,3,19.7,9,3,角田大和,53,ダ,1800,不
2018103005,テイエムマジック,2020-10-25,京都,8,なでしこ賞(1勝クラス),10,2,2,15.7,7,4,和田竜二,55,ダ,1400,稍
2018103005,テイエムマジック,2020-09-26,中京,9,ヤマボウシ賞(1勝クラス),9,7,7,3.4,2,7,松山弘平,54,ダ,1400,稍
2018103005,テイエムマジック,2020-07-12,阪神,6,2歳新馬,13,7,10,4.0,2,1,松山弘平,54,ダ,1400,稍
2018103788,ウォーバックス,2026-09-01,大井,2,C3三 四,14,6,10,304.3,13,10,江里口裕,56,ダ,1200,良
2018103788,ウォーバックス,2026-08-16,大井,2,C3三 四,13,5,7,127.4,11,10,江里口裕,56,ダ,1200,重
2018103788,ウォーバックス,2026-07-24,大井,1,C3一,15,2,3,123.3,8,10,岡村健司,56,ダ,1800,良
2018103788,ウォーバックス,2026-07-02,大井,1,C3三 四,14,6,9,61.8,10,9,木澤奨,53,ダ,1600,不
2018103788,ウォーバックス,2026-06-10,大井,1,C3三 四,14,1,1,41.2,12,8,岡村健司,56,ダ,1600,重
2018103788,ウォーバックス,2026-05-19,大井,1,C3四 五六(C3五),13,5,8,8.3,4,10,岡村健司,56,ダ,1600,良
2018103788,ウォーバックス,2026-04-27,大井,1,C3六 七,14,2,2,4.1,1,6,岡村健司,56,ダ,1600,不
2018103788,ウォーバックス,2026-04-13,大井,1,C3六 七,13,3,3,19.7,9,2,岡村健司,56,ダ,1600,良
2018103788,ウォーバックス,2026-03-23,大井,2,C3七 八,14,3,4,82.6,9,8,岡村健司,56,ダ,1600,良
2018103788,ウォーバックス,2026-03-09,大井,2,C3七 八,12,4,4,465.7,11,3,江里口裕,56,ダ,1600,稍
2018103788,ウォーバックス,2026-02-17,大井,2,C3六 七,13,6,9,231.7,12,11,岡村健司,56,ダ,1600,稍
2018103788,ウォーバックス,2026-01-27,大井,2,C3六 七,14,4,6,259.9,12,12,岡村健司,56,ダ,1600,良
2018103788,ウォーバックス,2026-01-12,大井,3,C3八 九,15,8,15,103.5,11,15,遠藤健太,56,ダ,1200,良
2018103788,ウォーバックス,2025-10-20,大井,1,東京メトロポリタンウ(C3),14,6,10,28.6,9,14,岡村健司,56,ダ,1600,稍
2018103788,ウォーバックス,2025-10-06,大井,1,C3三 四五(C3四),12,3,3,55.3,10,12,岡村健司,56,ダ,1600,良
2018103788,ウォーバックス,2025-09-16,大井,1,C3三 四五(C3四),14,6,9,23.4,9,7,岡村健司,56,ダ,1600,稍
2018103788,ウォーバックス,2025-09-01,大井,1,C3五 六,12,7,10,16.1,3,7,岡村健司,56,ダ,1600,良
2018103788,ウォーバックス,2025-08-12,大井,1,C3五 六,11,3,3,12.0,2,4,岡村健司,56,ダ,1600,重
2018103788,ウォーバックス,2025-07-15,大井,1,C3六 七,13,4,5,16.9,7,2,岡村健司,56,ダ,1600,稍
2018103788,ウォーバックス,2025-07-02,大井,1,C3三 四,10,2,2,15.8,4,7,岡村健司,56,ダ,1600,良
2018103788,ウォーバックス,2025-04-29,大井,1,C3四 五,8,8,8,81.9,7,6,木澤奨,53,ダ,1600,不
2018103788,ウォーバックス,2025-04-15,大井,1,C3四 五,10,1,1,60.4,8,10,池谷匠翔,56,ダ,1600,重
2018103788,ウォーバックス,2025-03-27,大井,1,C3一,11,3,3,46.8,8,11,高野誠毅,56,ダ,1800,良
2018103788,ウォーバックス,2025-03-11,大井,1,C3四 五,14,3,3,23.6,7,11,中村尚平,56,ダ,1600,重
2018103788,ウォーバックス,2025-02-19,大井,2,C3五 六,13,8,13,6.8,5,5,山本聡哉,56,ダ,1600,良
2018103788,ウォーバックス,2025-01-28,大井,2,C3六 七,14,3,3,19.5,6,5,山本聡哉,56,ダ,1600,良
2018103788,ウォーバックス,2025-01-16,大井,3,C3一,11,7,8,30.0,7,4,岡村健司,56,ダ,1800,良
2018103788,ウォーバックス,2024-12-31,大井,1,C3一 二,13,8,12,72.9,10,12,遠藤健太,56,ダ,1600,良
2018103788,ウォーバックス,2024-12-06,大井,1,しながわデー開催賞(C3),14,5,8,14.6,8,9,岡村健司,56,ダ,1600,良
2018103788,ウォーバックス,2024-11-07,大井,1,C3三 四,11,8,11,33.1,8,3,岡村健司,56,ダ,1600,稍
2018103788,ウォーバックス,2024-07-10,大井,3,C3一,12,5,5,30.9,8,12,遠藤健太,56,ダ,2000,良
2018103788,ウォーバックス,2024-06-24,大井,8,シルビア賞(C2),12,8,11,33.3,8,7,達城龍次,56,ダ,1600,重
2018103788,ウォーバックス,2024-06-03,大井,8,アプリコット・サワー(C2),13,8,13,10.4,4,7,達城龍次,56,ダ,1600,不
2018103788,ウォーバックス,2024-05-17,大井,1,C3一,12,6,8,6.1,3,3,岡村健司,56,ダ,1800,重
2018103788,ウォーバックス,2024-04-25,大井,1,C3一,14,8,14,5.9,3,5,岡村健司,56,ダ,1700,重
2018103788,ウォーバックス,2024-04-12,大井,1,C3一 二三(C3二),13,7,11,13.4,7,13,藤本現暉,56,ダ,1600,重
2018103788,ウォーバックス,2024-03-22,大井,3,C3一,12,6,7,69.0,7,2,岡村健司,56,ダ,1800,良
2018103788,ウォーバックス,2024-03-01,大井,1,C3一 二,13,5,6,56.7,9,12,藤本現暉,56,ダ,1600,不
2018103788,ウォーバックス,2024-02-15,大井,1,C3二 三四(C3三),12,7,10,18.1,5,12,服部茂史,56,ダ,1600,良
2018103788,ウォーバックス,2024-01-24,大井,1,C3五 六,14,6,10,2.0,1,1,藤本現暉,56,ダ,1600,重
2018103788,ウォーバックス,2023-12-26,大井,5,C212 13,14,7,11,7.6,4,3,藤本現暉,56,ダ,1600,良
2018103788,ウォーバックス,2023-10-02,大井,5,C212 13,13,2,2,10.7,5,5,岡村健司,56,ダ,1600,良
2018103788,ウォーバックス,2023-09-18,大井,1,C3三 四,13,5,6,9.6,4,1,岡村健司,56,ダ,1600,重
2018103788,ウォーバックス,2023-09-08,大井,1,C3一 二,,4,5,,,,岡村健司,56,ダ,1600,不
2018103788,ウォーバックス,2023-08-14,大井,1,C3四 五,13,7,11,21.4,7,3,岡村健司,56,ダ,1600,不
2018103788,ウォーバックス,2023-08-03,大井,1,C3三 四,12,7,9,49.0,11,9,遠藤健太,56,ダ,1600,稍
2018103788,ウォーバックス,2023-07-12,大井,3,C3三 四,12,6,7,81.4,11,5,岡村健司,56,ダ,1600,良
2018103788,ウォーバックス,2023-06-27,大井,7,C2十 11,14,4,5,262.9,14,13,遠藤健太,56,ダ,1600,良
2018103788,ウォーバックス,2023-06-06,大井,4,C211 12,14,8,13,298.3,13,13,遠藤健太,56,ダ,1200,重
2018103788,ウォーバックス,2023-05-22,大井,6,C211 1213(C212),13,1,1,208.5,12,12,遠藤健太,56,ダ,1400,稍
2018103788,ウォーバックス,2023-05-08,大井,4,C211 12,14,3,4,274.5,13,7,遠藤健太,56,ダ,1600,不
2018103788,ウォーバックス,2023-04-17,大井,6,C212 13,14,3,4,126.7,12,9,遠藤健太,56,ダ,1600,重
2018103788,ウォーバックス,2023-03-27,大井,8,エル・ディアブロ賞(C2),14,8,14,97.7,12,7,遠藤健太,56,ダ,1600,重
2018103788,ウォーバックス,2023-03-06,大井,10,りゅうこつ座特別競走(C2),16,2,3,628.9,16,10,遠藤健太,56,ダ,1800,良
2018103788,ウォーバックス,2023-02-20,大井,7,C212 13,14,5,8,393.5,14,13,遠藤健太,56,ダ,1600,良
2018103788,ウォーバックス,2023-01-23,大井,8,C213 1415(C214),16,5,9,482.6,16,16,遠藤健太,56,ダ,1200,良
2018103788,ウォーバックス,2022-09-06,大井,10,ヤングジョッキーズT(C2),14,5,8,70.8,11,9,若杉朝飛,56,ダ,1800,良
2018103788,ウォーバックス,2022-08-17,大井,6,C2五 六,11,8,11,178.9,11,10,遠藤健太,56,ダ,1600,重
2018103788,ウォーバックス,2022-07-27,大井,5,C2五 六七(C2六),12,4,4,218.6,12,8,遠藤健太,56,ダ,1600,重
2018103788,ウォーバックス,2022-07-13,大井,12,BSイレブン賞(C2),14,3,3,128.4,14,8,鷹見陸,53,ダ,1600,不
2018103788,ウォーバックス,2022-07-01,大井,12,海王星特別競走(C1),12,8,11,166.7,12,10,遠藤健太,56,ダ,1650,良
2018103788,ウォーバックス,2022-06-07,大井,10,へび座特別競走(C1C2),16,5,9,168.7,16,10,古岡勇樹,56,ダ,2000,不
2018103788,ウォーバックス,2022-05-24,大井,6,C1七 八九(C1八),14,5,7,265.8,13,10,遠藤健太,56,ダ,1600,稍
2018103788,ウォーバックス,2022-05-09,大井,9,C1七 八,15,4,6,307.4,15,11,遠藤健太,56,ダ,1200,良
2018103788,ウォーバックス,2022-04-18,大井,7,C1七 八九(C1八),14,2,2,291.6,14,10,遠藤健太,56,ダ,1600,重
2018103788,ウォーバックス,2022-03-28,大井,8,グラッド・アイ賞(C1),14,3,3,237.4,13,9,江里口裕,56,ダ,1600,重
2018103788,ウォーバックス,2022-03-08,大井,8,C1八 九,14,6,9,297.3,13,14,江里口裕,56,ダ,1600,良
2018103788,ウォーバックス,2022-02-07,大井,9,C1七 八,11,4,4,411.7,10,9,江里口裕,56,ダ,1200,良
2018103788,ウォーバックス,2022-01-24,大井,9,C1六 七,15,5,8,447.7,14,15,石川駿介,56,ダ,1200,良
2018103788,ウォーバックス,2021-12-24,大井,6,キャロル賞(C111),14,4,5,344.6,14,14,石川駿介,56,ダ,1400,稍
2018103788,ウォーバックス,2021-12-06,大井,8,シェリー・フリップ賞(C1),13,2,2,83.6,13,13,石川駿介,56,ダ,1600,稍
2018103788,ウォーバックス,2021-06-11,大井,1,3歳 307万,12,3,3,32.7,7,10,菅原涼太,53,ダ,1600,良
2018103788,ウォーバックス,2021-05-21,大井,1,3歳 347万,13,3,3,55.5,9,11,菅原涼太,53,ダ,1600,重
2018103788,ウォーバックス,2021-04-30,大井,1,3歳 475万,11,2,2,129.5,11,3,菅原涼太,53,ダ,1600,重
2018103788,ウォーバックス,2021-04-16,大井,1,3歳 391万,11,2,2,48.1,8,8,江里口裕,56,ダ,1600,稍
2018103788,ウォーバックス,2021-03-25,大井,3,3歳 335万,12,6,7,132.6,11,4,江里口裕,56,ダ,1600,稍
2018103788,ウォーバックス,2021-03-12,大井,8,ムスカリ特別競走(3歳),9,8,8,106.8,9,9,江里口裕,56,ダ,1600,良
2018103788,ウォーバックス,2021-02-18,大井,1,3歳 340万,14,3,4,143.1,12,13,江里口裕,56,ダ,1200,稍
2018103788,ウォーバックス,2020-11-19,大井,7,2歳 特選,10,7,8,158.5,10,9,江里口裕,55,ダ,1200,良
2018103788,ウォーバックス,2020-11-05,大井,5,はくたか特別競走(2歳),7,1,1,67.6,7,7,櫻井光輔,55,ダ,1400,良
2018103788,ウォーバックス,2020-10-08,大井,4,とき特別競走(2歳),9,8,8,37.6,7,5,櫻井光輔,54,ダ,1200,不
2018103788,ウォーバックス,2020-09-09,大井,4,2歳 70万円,11,2,2,5.1,3,1,矢野貴之,54,ダ,1200,稍
2018103788,ウォーバックス,2020-08-17,大井,4,2歳 未受賞,8,1,1,3.9,3,4,矢野貴之,54,ダ,1200,良
2018103788,ウォーバックス,2020-07-28,大井,3,2歳 未受賞,13,4,5,3.9,1,8,矢野貴之,54,ダ,1200,稍
2018103788,ウォーバックス,2020-07-09,大井,4,2歳 新馬,7,5,5,2.6,2,6,矢野貴之,54,ダ,1200,重
2018104382,マッドルーレット,2026-07-28,名古屋,11,名港盃(重賞),12,3,3,5.0,3,6,加藤聡一,57,ダ,1700,不
2018104382,マッドルーレット,2026-06-18,名古屋,11,トリトン争覇(重賞),12,2,2,2.4,2,5,加藤聡一,57,ダ,1500,良
2018104382,マッドルーレット,2026-06-03,名古屋,11,ウラヌス特別(A),10,8,10,1.9,2,1,加藤聡一,58,ダ,1400,重
2018104382,マッドルーレット,2025-11-13,名古屋,11,東海菊花賞(重賞),11,6,6,15.9,3,1,加藤聡一,57,ダ,2000,稍
2018104382,マッドルーレット,2025-10-16,名古屋,11,ゴールド争覇(重賞),12,1,1,4.4,2,2,加藤聡一,57,ダ,1500,不
2018104382,マッドルーレット,2025-07-21,名古屋,7,名港盃(重賞),12,6,7,1.8,1,5,加藤聡一,57,ダ,1700,良
2018104382,マッドルーレット,2025-06-26,名古屋,11,トリトン争覇(重賞),12,8,12,3.7,3,1,加藤聡一,57,ダ,1500,不
2018104382,マッドルーレット,2025-04-08,名古屋,11,東海桜花賞(重賞),12,7,10,13.0,5,2,塚本征吾,57,ダ,2100,良
2018104382,マッドルーレット,2025-03-20,笠松,12,マーチC(重賞),10,6,6,9.1,3,1,今井貴大,57,ダ,1600,良
2018104382,マッドルーレット,2024-11-21,名古屋,11,東海菊花賞(重賞),12,1,1,9.5,5,4,加藤聡一,57,ダ,2000,良
2018104382,マッドルーレット,2024-11-01,名古屋,11,シトリンOP(A),12,7,10,1.5,1,1,加藤聡一,56,ダ,1700,稍
2018104382,マッドルーレット,2024-09-26,園田,11,姫山菊花賞(重賞),10,5,5,15.9,6,8,加藤聡一,56,ダ,1700,良
2018104382,マッドルーレット,2024-09-06,名古屋,11,アイオライトOP(A),10,8,9,1.9,1,1,加藤聡一,56,ダ,1500,良
2018104382,マッドルーレット,2024-07-22,船橋,11,ひまわり賞(OP)(3上),8,7,7,23.0,6,4,笠野雄大,54,ダ,1800,良
2018104382,マッドルーレット,2024-07-04,川崎,11,スパーキングサマーチ(OP)(3上),14,6,10,90.9,12,6,笠野雄大,55,ダ,1600,稍
2018104382,マッドルーレット,2024-03-08,船橋,11,カモミールマイル(A2B1),11,5,5,6.6,4,8,笠野雄大,57,ダ,1600,不
2018104382,マッドルーレット,2024-02-08,船橋,10,ハートビートレイン(A2B1),13,6,8,4.6,3,4,本橋孝太,57,ダ,1600,重
2018104382,マッドルーレット,2024-01-18,船橋,11,報知グランプリC(重賞),9,6,6,47.4,6,6,本橋孝太,54,ダ,1800,良
2018104382,マッドルーレット,2023-12-14,川崎,11,神奈川記念【JRA・(重賞),11,8,10,69.7,8,8,森泰斗,57,ダ,1600,稍
2018104382,マッドルーレット,2023-11-17,大井,11,スポーツニッポン賞競(A2),15,7,12,4.7,3,2,森泰斗,57,ダ,2000,不
2018104382,マッドルーレット,2023-10-27,船橋,11,菊花特別(A2B1),12,4,4,5.4,3,3,笠野雄大,57,ダ,1700,良
2018104382,マッドルーレット,2023-09-11,川崎,10,多摩OP(OP)(3上),6,4,4,28.2,4,3,笠野雄大,55,ダ,1500,良
2018104382,マッドルーレット,2023-08-09,船橋,10,バルーン特別(A2B1),6,5,5,7.1,4,4,笠野雄大,57,ダ,1600,良
2018104382,マッドルーレット,2023-07-06,川崎,11,スパーキングサマーチ(OP)(3上),13,1,1,,,除,和田譲治,55,ダ,1600,稍
2018104382,マッドルーレット,2023-01-17,船橋,11,チバテレ盃(OP)(4上),10,6,6,5.8,3,3,本橋孝太,55,ダ,1800,良
2018104382,マッドルーレット,2022-12-21,船橋,11,カサブランカ特別(A2B1),12,7,10,2.9,1,1,和田譲治,57,ダ,1700,良
2018104382,マッドルーレット,2022-12-02,船橋,10,ラピスラズリ賞(A2B1),9,8,8,1.7,1,2,森泰斗,57,ダ,1600,良
2018104382,マッドルーレット,2022-11-02,大井,11,サンタアニタトロフィ(重賞),16,4,8,6.5,4,7,森泰斗,55,ダ,1600,良
2018104382,マッドルーレット,2022-10-04,大井,11,サンタアニタトロフィ(A2),7,4,4,2.4,1,1,森泰斗,57,ダ,1600,良
2018104382,マッドルーレット,2022-06-23,船橋,11,桑島孝春記念(A2B1),10,5,5,3.6,3,1,森泰斗,55,ダ,1600,稍
2018104382,マッドルーレット,2022-05-31,浦和,12,五月特別(A2),12,3,3,6.0,4,4,和田譲治,55,ダ,1500,稍
2018104382,マッドルーレット,2022-05-05,船橋,9,端午特別(A2B1),10,1,1,1.7,1,2,森泰斗,55,ダ,1600,稍
2018104382,マッドルーレット,2022-03-23,船橋,10,フレンドリービット特(B2B3),13,5,7,2.1,1,1,森泰斗,57,ダ,1800,不
2018104382,マッドルーレット,2022-02-16,船橋,10,野島崎特別(B2B3),10,8,9,1.4,1,1,森泰斗,55.5,ダ,1600,重
2018104382,マッドルーレット,2022-01-14,船橋,12,シンビジウム特別(B3),13,2,2,1.3,1,1,森泰斗,56.5,ダ,1600,稍
2018104382,マッドルーレット,2021-12-03,船橋,9,クォーツ賞(C1),13,4,5,1.2,1,1,森泰斗,56,ダ,1600,重
2018104382,マッドルーレット,2021-10-29,船橋,10,楓賞(C1),13,6,9,1.7,1,2,森泰斗,56,ダ,1600,稍
2018104382,マッドルーレット,2021-09-29,船橋,10,C1二 三,11,6,6,1.7,1,1,森泰斗,55,ダ,1600,良
2018104382,マッドルーレット,2021-09-03,船橋,7,薄特別(3歳),12,4,4,5.2,2,1,森泰斗,56,ダ,1500,不
2018104382,マッドルーレット,2021-03-15,船橋,3,3歳二,12,6,8,5.5,2,4,本田正重,56,ダ,1500,稍
2018104382,マッドルーレット,2020-05-25,浦和,1,2歳一,11,4,4,4.9,2,1,笠野雄大,54,ダ,1300,良
2018104382,マッドルーレット,2020-05-08,船橋,6,スズランデビュー(2歳),6,6,6,6.9,3,2,笠野雄大,54,ダ,1000,稍
2018105694,フィールドクラウン,2026-03-09,船橋,3,C3六,10,7,7,1.1,1,1,木間塚龍,56,ダ,1200,良
2018105694,フィールドクラウン,2026-02-09,船橋,1,C3六,12,5,5,1.7,1,1,藤田凌,56,ダ,1200,良
2018105694,フィールドクラウン,2026-01-20,船橋,4,C3六,12,8,11,1.4,1,2,藤田凌,56,ダ,1200,良
2018105694,フィールドクラウン,2025-12-01,大井,1,C3三,13,7,10,1.3,1,1,藤田凌,56,ダ,1200,良
2018105694,フィールドクラウン,2025-11-13,大井,2,C3三 四,14,2,2,1.1,1,5,藤田凌,56,ダ,1200,稍
2018105694,フィールドクラウン,2024-08-12,大井,2,C3六 七,16,8,16,1.0,1,1,矢野貴之,56,ダ,1200,良
2018105694,フィールドクラウン,2024-07-30,大井,1,C3八,15,5,8,1.3,1,1,矢野貴之,56,ダ,1200,良
2018105694,フィールドクラウン,2021-09-28,船橋,2,3歳 八組下,11,6,7,1.4,1,1,張田昂,56,ダ,1500,良
2018105694,フィールドクラウン,2021-04-20,金沢,9,能登禄剛崎賞(3歳),11,8,10,6.5,2,1,青柳正義,56,ダ,1500,良
2018105694,フィールドクラウン,2021-03-13,阪神,4,3歳未勝利,16,8,15,8.2,3,13,秋山真一,56,ダ,1400,不
2018105694,フィールドクラウン,2020-11-22,阪神,4,2歳未勝利,13,4,5,64.6,8,11,国分優作,55,芝,1800,良
2018105694,フィールドクラウン,2020-10-31,京都,5,2歳新馬,17,2,4,319.8,16,7,国分優作,55,芝,2000,良
2018106478,レディヴィクトリア,2026-09-02,大井,7,笠間モンブラン賞(C2),15,7,13,44.1,8,12,杉山海波,51,ダ,1200,良
2018106478,レディヴィクトリア,2026-08-14,大井,3,C2六 七八(C2七),13,8,13,62.6,12,7,達城龍次,54,ダ,1600,不
2018106478,レディヴィクトリア,2026-07-21,大井,6,C2九 十,13,7,10,51.9,9,6,佐野遥久,54,ダ,1600,良
2018106478,レディヴィクトリア,2026-07-01,大井,4,C2八 九,14,6,10,9.1,5,9,達城龍次,54,ダ,1600,稍
2018106478,レディヴィクトリア,2026-06-09,大井,4,C2九 十11(C2十),10,7,8,17.2,6,7,達城龍次,54,ダ,1600,不
2018106478,レディヴィクトリア,2026-05-19,大井,9,JAいちかわ賞(C2),11,2,2,25.0,7,9,杉山海波,51,ダ,2400,良
2018106478,レディヴィクトリア,2026-04-28,大井,6,C2十 11,10,4,4,11.3,5,5,佐野遥久,54,ダ,1600,不
2018106478,レディヴィクトリア,2026-04-14,大井,4,C2十 1112(C211),12,5,5,10.9,5,7,達城龍次,54,ダ,1600,良
2018106478,レディヴィクトリア,2026-03-23,大井,8,バラライカ賞(C2),12,6,8,18.7,5,3,達城龍次,54,ダ,1600,良
2018106478,レディヴィクトリア,2026-03-10,大井,7,C2十 1112(C211),12,6,8,5.3,3,6,中山遥人,53,ダ,1600,稍
2018106478,レディヴィクトリア,2026-02-17,大井,5,C212 1314(C213),14,8,14,20.9,8,2,中山遥人,52,ダ,1600,稍
2018106478,レディヴィクトリア,2026-01-26,大井,6,C216 17,12,6,8,33.0,6,4,達城龍次,53,ダ,1600,良
2018106478,レディヴィクトリア,2026-01-12,大井,8,C215 16,13,4,5,22.3,6,4,佐野遥久,53,ダ,1600,良
2018106478,レディヴィクトリア,2025-12-26,大井,3,C212 1314(C213),14,1,1,47.3,6,4,佐野遥久,53,ダ,1600,重
2018106478,レディヴィクトリア,2025-12-02,大井,1,C212 1314(C213),12,2,2,38.0,7,2,佐野遥久,53,ダ,1600,良
2018106478,レディヴィクトリア,2025-11-10,大井,5,C215 1617(C216),14,2,2,24.4,7,4,佐野遥久,53,ダ,1600,稍
2018106478,レディヴィクトリア,2025-10-20,大井,8,バーボネラ賞(C2),12,3,3,23.7,6,6,杉山海波,51,ダ,1600,稍
2018106478,レディヴィクトリア,2025-10-05,大井,4,ゴッドファーザー賞(C2),8,3,3,20.6,5,4,杉山海波,51,ダ,1600,良
2018106478,レディヴィクトリア,2025-09-17,大井,1,C3一 二,14,2,2,17.0,4,2,杉山海波,51,ダ,1600,良
2018106478,レディヴィクトリア,2025-09-05,大井,1,C3一 二,14,4,6,13.5,6,8,藤本現暉,54,ダ,1600,不
2018106478,レディヴィクトリア,2025-08-10,大井,1,C3 選抜牝馬,11,7,9,13.3,7,6,藤本現暉,54,ダ,1400,不
2018106478,レディヴィクトリア,2025-07-18,大井,1,C3二 三,12,2,2,10.8,3,9,藤本現暉,54,ダ,1600,重
2018106478,レディヴィクトリア,2025-07-01,大井,6,C2九 十11(C2十),14,3,4,,,,藤本現暉,54,ダ,1600,良
2018106478,レディヴィクトリア,2025-06-10,大井,8,グラスホッパー賞(C2),11,8,13,,,取,達城龍次,54,ダ,1600,稍
2018106478,レディヴィクトリア,2025-05-20,大井,8,モヒート賞(C2),12,7,9,11.2,3,6,達城龍次,54,ダ,1600,稍
2018106478,レディヴィクトリア,2025-04-28,大井,10,C212 1314(C213),11,3,3,6.3,3,2,達城龍次,54,ダ,1400,稍
2018106478,レディヴィクトリア,2025-04-14,大井,9,C214 1516(C215),14,5,8,97.2,9,5,達城龍次,54,ダ,1400,不
2018106478,レディヴィクトリア,2025-03-25,大井,7,C213 14,12,5,5,23.1,5,8,佐野遥久,53,ダ,1600,良
2018106478,レディヴィクトリア,2025-03-10,大井,8,C214 1516(C215),13,6,8,4.5,3,12,矢野貴之,54,ダ,1400,重
2018106478,レディヴィクトリア,2024-11-08,大井,8,ギムレット賞(C2三),14,3,3,34.6,6,7,藤本現暉,54,ダ,1600,良
2018106478,レディヴィクトリア,2024-10-15,大井,12,つる座特別競走(C2),13,7,10,14.4,6,3,藤本現暉,54,ダ,1400,良
2018106478,レディヴィクトリア,2024-10-03,大井,10,みずがめ座特別競走(C2三),11,5,5,5.6,3,8,藤本現暉,54,ダ,1400,良
2018106478,レディヴィクトリア,2024-09-13,大井,5,C2三 四五(C2四),14,8,14,12.2,6,4,西啓太,54,ダ,1400,良
2018106478,レディヴィクトリア,2024-08-15,大井,7,C2五 六七(C2六),10,6,6,6.8,3,4,藤本現暉,54,ダ,1400,良
2018106478,レディヴィクトリア,2024-08-01,大井,5,C2五 六七(C2六),14,7,12,4.2,2,13,藤本現暉,54,ダ,1600,良
2018106478,レディヴィクトリア,2024-07-08,大井,8,ナップ・フラッペ賞(C2),10,6,6,5.0,3,1,藤本現暉,54,ダ,1600,稍
2018106478,レディヴィクトリア,2024-06-27,大井,8,プランターズ・パンチ(C2),12,3,3,6.1,2,7,藤本現暉,54,ダ,1600,良
2018106478,レディヴィクトリア,2024-06-06,大井,5,C2八 九,12,8,11,5.6,2,2,藤本現暉,54,ダ,1600,稍
2018106478,レディヴィクトリア,2024-05-14,大井,8,アビー賞(C2),13,5,7,8.7,4,3,藤本現暉,54,ダ,1600,重
2018106478,レディヴィクトリア,2023-12-19,水沢,9,C1一組,12,1,1,10.2,3,2,大坪慎,54,ダ,1600,不
2018106478,レディヴィクトリア,2023-12-04,水沢,10,コランダム賞(C1),12,3,3,7.7,4,4,大坪慎,54,ダ,1600,重
2018106478,レディヴィクトリア,2023-11-02,門別,12,北海道厩務員会特別(B3),12,7,10,32.4,6,11,落合玄太,54,ダ,1800,重
2018106478,レディヴィクトリア,2023-10-19,門別,12,静内産米「万馬券」特(B3),12,4,4,32.9,7,9,落合玄太,54,ダ,1700,稍
2018106478,レディヴィクトリア,2023-09-21,門別,12,エスケンデレヤ賞(B3),12,5,5,69.9,9,4,小野楓馬,54,ダ,1600,稍
2018106478,レディヴィクトリア,2023-09-07,門別,11,別海町産業祭特別(B3),7,6,6,31.5,6,3,小野楓馬,54,ダ,1700,稍
2018106478,レディヴィクトリア,2023-08-08,門別,10,新冠・新ひだか2デイ(B4),8,6,6,5.3,3,4,多田羅誠,54,ダ,1700,重
2018106478,レディヴィクトリア,2023-07-26,門別,12,新冠町ふるさと納税特(B3),12,3,3,29.6,6,7,小野楓馬,54,ダ,1200,良
2018106478,レディヴィクトリア,2023-05-25,大井,12,こぎつね座特別競走(C1C2),13,8,13,43.0,8,8,藤本現暉,55,ダ,1600,稍
2018106478,レディヴィクトリア,2023-05-08,大井,6,C1八 九十(C1九),14,4,5,33.6,11,8,藤本現暉,54,ダ,1600,不
2018106478,レディヴィクトリア,2023-04-18,大井,7,C1七 八,14,1,1,52.9,11,11,藤本現暉,54,ダ,1600,重
2018106478,レディヴィクトリア,2023-03-28,大井,7,C1七 八九(C1八),14,6,9,8.8,5,6,森泰斗,54,ダ,1600,不
2018106478,レディヴィクトリア,2023-03-06,大井,8,C1六 七八(C1七),12,8,11,26.6,5,3,藤本現暉,54,ダ,1400,良
2018106478,レディヴィクトリア,2023-02-21,大井,8,茨ちち賞(C1),14,8,14,9.6,5,9,藤本現暉,54,ダ,1600,良
2018106478,レディヴィクトリア,2022-12-31,大井,6,C1二 三四(C1三),14,5,7,44.1,11,7,藤本現暉,54,ダ,1400,良
2018106478,レディヴィクトリア,2022-12-09,大井,8,ブル・ショット賞(C1二),14,3,3,122.0,11,4,藤本現暉,54,ダ,1400,重
2018106478,レディヴィクトリア,2022-11-17,大井,8,ミカド賞(C1三),12,8,12,47.8,7,6,藤本現暉,54,ダ,1400,良
2018106478,レディヴィクトリア,2022-11-03,大井,8,C1一 二三(C1二),14,3,3,25.1,6,5,藤本現暉,54,ダ,1400,良
2018106478,レディヴィクトリア,2022-08-19,大井,5,C1二 三,11,3,3,19.7,7,7,藤本現暉,54,ダ,1600,重
2018106478,レディヴィクトリア,2022-07-28,大井,10,C1二 三四(C1三),11,8,11,5.7,3,6,藤本現暉,54,ダ,1600,稍
2018106478,レディヴィクトリア,2022-07-01,大井,12,海王星特別競走(C1),12,8,12,2.7,1,4,藤本現暉,54,ダ,1650,良
2018106478,レディヴィクトリア,2022-05-25,大井,8,バレンシア賞(C1),14,6,10,18.2,9,1,藤本現暉,54,ダ,1600,良
2018106478,レディヴィクトリア,2022-05-11,大井,8,ネバダ賞(C1),14,5,7,112.8,13,4,藤本現暉,54,ダ,1600,良
2018106478,レディヴィクトリア,2022-04-19,大井,8,ミモザ賞(C1),14,8,13,25.1,8,10,藤本現暉,54,ダ,1600,重
2018106478,レディヴィクトリア,2022-03-30,大井,8,コモドール賞(C1五),13,6,9,9.3,4,3,藤本現暉,54,ダ,1400,稍
2018106478,レディヴィクトリア,2022-03-09,大井,8,C1六 七,16,6,12,7.9,3,8,藤本現暉,54,ダ,1200,良
2018106478,レディヴィクトリア,2022-02-11,大井,7,C2一 二三(C2二),14,6,10,5.3,4,1,森泰斗,54,ダ,1400,不
2018106478,レディヴィクトリア,2022-01-28,大井,9,C2一 二三(C2二),16,8,15,12.9,5,4,藤本現暉,54,ダ,1200,良
2018106478,レディヴィクトリア,2021-12-29,大井,7,ナナヨンキャンペーン(C2九),15,8,15,6.6,4,1,和田譲治,54,ダ,1200,良
2018106478,レディヴィクトリア,2021-12-07,大井,9,C2九 十11(C2十),14,2,2,71.1,8,2,藤本現暉,54,ダ,1200,稍
2018106478,レディヴィクトリア,2021-11-16,大井,6,C211 12,14,8,14,20.6,8,13,藤本現暉,54,ダ,1600,良
2018106478,レディヴィクトリア,2021-08-29,札幌,6,3歳未勝利,14,6,10,78.8,11,8,勝浦正樹,54,ダ,1700,良
2018106478,レディヴィクトリア,2021-07-31,函館,2,3歳未勝利,13,8,13,9.8,5,12,横山和生,54,ダ,1700,良
2018106478,レディヴィクトリア,2021-01-10,中山,2,3歳未勝利,16,7,14,2.5,1,4,北村宏司,54,ダ,1800,良
2018106478,レディヴィクトリア,2020-12-19,中山,4,2歳未勝利,16,3,5,65.1,8,2,北村宏司,54,ダ,1800,良
2018106478,レディヴィクトリア,2020-10-10,東京,4,2歳新馬,16,3,5,155.9,15,9,北村宏司,54,ダ,1600,不
2018106570,スペシャルサンデー,2026-08-24,金沢,5,スマホで投票!楽天競(C2),7,1,1,12.4,3,6,青柳正義,57,ダ,1500,良
2018106570,スペシャルサンデー,2026-08-11,金沢,1,C16,10,8,9,43.9,5,7,浅野登生,54,ダ,1500,稍
2018106570,スペシャルサンデー,2026-07-28,金沢,3,C15,8,1,1,3.3,2,8,青柳正義,57,ダ,1400,不
2018106570,スペシャルサンデー,2026-07-05,金沢,1,C16,10,3,3,5.6,2,10,青柳正義,57,ダ,1500,良
2018106570,スペシャルサンデー,2026-06-22,金沢,9,C13,8,3,3,2.1,1,6,栗原大河,57,ダ,1400,不
2018106570,スペシャルサンデー,2025-07-02,大井,5,C2六 七八(C2七),12,1,1,1.7,1,3,菅原涼太,56,ダ,1600,良
2018106570,スペシャルサンデー,2025-06-10,大井,8,グラスホッパー賞(C2),11,7,10,1.8,1,2,菅原涼太,56,ダ,1600,稍
2018106570,スペシャルサンデー,2025-04-30,大井,4,C2九 十11(C2十),13,6,9,2.7,1,1,菅原涼太,56,ダ,1600,稍
2018106570,スペシャルサンデー,2025-04-16,大井,1,C3二 三,12,8,12,6.3,2,1,菅原涼太,56,ダ,1600,稍
2018106570,スペシャルサンデー,2025-03-25,大井,1,C3四 五,14,6,9,2.4,1,1,大木天翔,56,ダ,1600,稍
2018106570,スペシャルサンデー,2025-01-29,大井,2,C3三 四五(C3四),14,8,13,19.4,5,2,菅原涼太,56,ダ,1600,良
2018106570,スペシャルサンデー,2024-12-31,大井,1,C3一 二,13,7,10,2.8,1,2,菅原涼太,56,ダ,1600,良
2018106570,スペシャルサンデー,2024-12-06,大井,1,しながわデー開催賞(C3),14,5,7,4.4,2,4,菅原涼太,56,ダ,1600,良
2018106570,スペシャルサンデー,2024-10-01,大井,1,C3一 二,12,3,4,4.4,3,3,大木天翔,56,ダ,1600,良
2018106570,スペシャルサンデー,2024-09-12,大井,1,C3一 二三(C3二),14,7,12,18.6,8,3,大木天翔,56,ダ,1600,良
2018106570,スペシャルサンデー,2024-08-02,大井,2,C3二 三,14,7,11,18.5,6,5,大木天翔,56,ダ,1600,良
2018106570,スペシャルサンデー,2024-07-10,大井,3,C3一,12,6,7,8.1,4,11,大木天翔,56,ダ,2000,良
2018106570,スペシャルサンデー,2024-06-26,大井,6,C2七 八,14,7,12,23.9,5,9,江里口裕,56,ダ,1200,稍
2018106570,スペシャルサンデー,2024-04-22,大井,7,C213 1415(C214),13,6,10,3.9,2,11,大木天翔,56,ダ,1600,稍
2018106570,スペシャルサンデー,2024-04-12,大井,1,C3一 二三(C3二),13,2,2,5.6,3,1,大木天翔,56,ダ,1600,重
2018106570,スペシャルサンデー,2024-03-20,大井,1,C3六 七八(C3七),13,4,5,4.1,3,1,大木天翔,53,ダ,1600,良
2018106570,スペシャルサンデー,2024-02-29,大井,1,C3五 六,14,1,1,26.6,9,3,大木天翔,53,ダ,1600,稍
2018106570,スペシャルサンデー,2024-02-14,大井,1,C3五 六七(C3六),12,5,6,10.4,6,12,青柳正義,56,ダ,1600,良
2018106570,スペシャルサンデー,2023-12-27,大井,6,C2九 十11(C2十),14,3,3,16.8,3,12,大木天翔,53,ダ,1600,良
2018106570,スペシャルサンデー,2023-09-17,大井,7,もっとよくなる江東区(C2),11,7,8,6.3,3,5,大木天翔,53,ダ,1600,重
2018106570,スペシャルサンデー,2023-08-13,大井,7,C211 12,9,8,8,5.2,3,6,大木天翔,53,ダ,1600,稍
2018106570,スペシャルサンデー,2023-07-31,大井,6,ブルータープ賞(C2),13,6,8,6.8,2,12,大木天翔,53,ダ,1600,良
2018106570,スペシャルサンデー,2023-07-10,大井,5,C2十 11,12,7,9,6.0,3,3,大木天翔,53,ダ,1600,良
2018106570,スペシャルサンデー,2023-06-28,大井,4,C2七 八九(C2八),13,8,13,8.6,4,7,大木天翔,53,ダ,1400,良
2018106570,スペシャルサンデー,2023-06-06,大井,5,C2九 十,12,7,9,76.8,10,4,大木天翔,53,ダ,1600,重
2018106570,スペシャルサンデー,2023-05-23,大井,4,C2九 十,11,5,5,25.6,6,8,大木天翔,53,ダ,1600,不
2018106570,スペシャルサンデー,2023-05-10,大井,5,C2七 八,12,6,7,31.9,8,10,大木天翔,53,ダ,1600,稍
2018106570,スペシャルサンデー,2023-04-18,大井,5,C2十 11,14,6,10,24.5,9,14,大木天翔,53,ダ,1600,重
2018106570,スペシャルサンデー,2023-03-28,大井,4,C2九 十11(C2十),13,7,11,33.6,10,13,大木天翔,53,ダ,1600,不
2018106570,スペシャルサンデー,2022-12-06,金沢,10,香林坊ツリー・ファン(B1),8,2,2,6.6,3,7,青柳正義,56,ダ,1400,不
2018106570,スペシャルサンデー,2022-11-22,金沢,8,上村、岡になるってよ(B1),8,7,7,12.4,4,2,兼子千央,55,ダ,1500,重
2018106570,スペシャルサンデー,2022-10-25,金沢,10,刀羅ナツコ&amp;鹿島沙希(B1),9,2,2,9.0,4,8,青柳正義,56,ダ,1400,稍
2018106570,スペシャルサンデー,2022-10-11,金沢,6,B12,10,8,11,3.1,1,10,青柳正義,56,ダ,1500,重
2018106570,スペシャルサンデー,2022-09-27,金沢,10,B12,10,5,5,6.0,2,1,兼子千央,55,ダ,1500,稍
2018106570,スペシャルサンデー,2022-08-28,金沢,9,B14 特別編成(B1特別),7,5,5,1.3,1,5,青柳正義,56,ダ,1400,稍
2018106570,スペシャルサンデー,2022-07-03,福島,12,3歳以上1勝クラス,15,1,2,171.0,14,14,水沼元輝,54,ダ,1150,良
2018106570,スペシャルサンデー,2022-04-17,福島,8,4歳以上1勝クラス,15,1,1,67.2,11,13,水沼元輝,54,ダ,1700,稍
2018106570,スペシャルサンデー,2022-02-20,東京,6,4歳以上1勝クラス,16,7,13,49.1,10,16,北村宏司,57,ダ,1400,重
2018106570,スペシャルサンデー,2021-12-22,金沢,8,紗弓ちゃん聡希くんと(B1),10,4,4,3.0,2,1,青柳正義,55,ダ,1500,重
2018106570,スペシャルサンデー,2021-11-28,金沢,7,ネットで楽天競馬を楽(B2),6,6,6,1.3,1,1,青柳正義,56,ダ,1400,重
2018106570,スペシャルサンデー,2021-11-15,金沢,7,ルクリア特別(C1),10,4,4,1.2,1,1,青柳正義,56,ダ,1500,重
2018106570,スペシャルサンデー,2021-10-31,金沢,6,朝ノ瑠璃アニメ初メイ(C1),10,2,2,1.5,1,1,青柳正義,56,ダ,1400,良
2018106570,スペシャルサンデー,2021-10-12,金沢,5,C24,8,6,6,1.9,1,1,青柳正義,56,ダ,1500,重
2018106570,スペシャルサンデー,2021-09-29,金沢,3,C25,10,2,2,2.9,2,2,青柳正義,56,ダ,1400,良
2018106570,スペシャルサンデー,2021-08-31,金沢,7,ホトトギス賞(3歳),10,1,1,3.5,3,3,池田敦,56,ダ,1500,良
2018106570,スペシャルサンデー,2021-07-18,小倉,4,3歳未勝利,15,4,7,14.7,5,14,藤懸貴志,56,ダ,1700,良
2018106570,スペシャルサンデー,2021-07-11,小倉,3,3歳未勝利,16,7,14,20.6,5,5,和田竜二,56,ダ,1700,稍
2018106570,スペシャルサンデー,2021-04-11,新潟,5,3歳未勝利,15,2,3,4.0,2,12,西村淳也,56,ダ,1200,良
2018106570,スペシャルサンデー,2021-03-21,中京,4,3歳未勝利,15,8,15,27.4,8,3,西村淳也,56,ダ,1400,不
2018106570,スペシャルサンデー,2021-03-07,阪神,3,3歳未勝利,16,1,2,97.7,10,10,和田竜二,56,ダ,1400,稍
2018106570,スペシャルサンデー,2020-12-06,中京,1,2歳未勝利,13,8,12,43.7,7,9,和田竜二,55,ダ,1800,良
2018106570,スペシャルサンデー,2020-10-03,中京,4,2歳新馬,16,7,14,18.5,6,8,和田竜二,55,ダ,1800,良
2018106610,ビヨンドザシーン,2026-09-02,園田,10,A2B1,8,7,7,198.7,8,8,渡瀬和幸,58,ダ,1230,良
2018106610,ビヨンドザシーン,2026-08-19,園田,8,A2,7,1,1,133.2,7,7,高畑皓一,57,ダ,1400,良
2018106610,ビヨンドザシーン,2026-08-07,園田,11,立秋特別A2B1,9,4,4,166.8,9,9,大山真吾,58,ダ,1230,良
2018106610,ビヨンドザシーン,2026-07-14,金沢,3,☆ひなの&amp;はるかお誕(C2特別),10,3,3,2.9,2,1,中島龍也,57,ダ,1400,良
2018106610,ビヨンドザシーン,2026-06-30,金沢,8,★Royz公大生誕記(C2),8,1,1,8.0,4,8,中島龍也,57,ダ,1500,稍
2018106610,ビヨンドザシーン,2026-06-14,金沢,8,幻のいちじく黒蜜姫杯(C2),10,3,3,4.0,2,6,中島龍也,57,ダ,1400,良
2018106610,ビヨンドザシーン,2026-05-31,金沢,2,C23,8,1,1,4.3,2,7,田知弘久,57,ダ,1500,良
2018106610,ビヨンドザシーン,2026-05-03,金沢,5,第5回祭りなら!俺の(C2),8,1,1,4.2,2,3,中島龍也,57,ダ,1400,稍
2018106610,ビヨンドザシーン,2026-04-21,金沢,4,C24,9,5,5,2.7,2,3,望月洵輝,57,ダ,1500,重
2018106610,ビヨンドザシーン,2026-04-12,金沢,5,ウマ娘トラベルポップ(C2),9,7,7,1.2,1,1,中島龍也,57,ダ,1400,重
2018106610,ビヨンドザシーン,2026-03-29,金沢,4,C29,9,1,1,3.1,2,3,青柳正義,57,ダ,1500,良
2018106610,ビヨンドザシーン,2026-03-15,金沢,6,福井の酪農応援賞(C2),7,2,2,3.0,2,6,田知弘久,57,ダ,1500,稍
2018106610,ビヨンドザシーン,2025-12-27,金沢,6,C18,12,5,5,2.7,2,4,田知弘久,57,ダ,1500,不
2018106610,ビヨンドザシーン,2025-12-15,金沢,7,Day1誕生日記念(C2),9,5,5,2.3,2,1,田知弘久,57,ダ,1500,不
2018106610,ビヨンドザシーン,2025-12-08,金沢,7,C12 特別編成(C1特別),8,4,4,3.7,3,3,田知弘久,57,ダ,1400,重
2018106610,ビヨンドザシーン,2025-11-23,金沢,4,C115,8,2,2,1.9,2,2,田知弘久,57,ダ,1400,稍
2018106610,ビヨンドザシーン,2025-11-05,金沢,6,全日本松井家柳井家ウ(C2特別),8,4,4,1.3,1,1,田知弘久,57,ダ,1400,稍
2018106610,ビヨンドザシーン,2025-09-28,阪神,12,3歳以上2勝クラス,14,4,6,258.3,14,14,杉原誠人,58,ダ,2000,良
2018106610,ビヨンドザシーン,2025-09-20,中山,12,3歳以上2勝クラス,16,1,1,431.1,16,15,黛弘人,58,ダ,1200,重
2018106610,ビヨンドザシーン,2025-05-18,東京,10,青梅特別(2勝クラス),16,5,10,84.3,15,16,黛弘人,52,ダ,1600,重
2018106610,ビヨンドザシーン,2025-04-26,東京,12,4歳以上2勝クラス,16,5,9,485.0,15,9,丸田恭介,58,ダ,1600,稍
2018106610,ビヨンドザシーン,2025-04-06,中山,12,4歳以上2勝クラス,15,7,12,279.1,15,15,黛弘人,58,ダ,1200,稍
2018106610,ビヨンドザシーン,2024-06-30,福島,10,いわき特別(2勝クラス),13,8,13,374.7,13,12,嶋田純次,58,ダ,1700,良
2018106610,ビヨンドザシーン,2023-12-16,中山,9,ヤングJSFR中山2(2勝クラス),16,2,3,113.0,14,15,野畑凌,58,ダ,1800,稍
2018106610,ビヨンドザシーン,2023-12-02,中山,10,鹿島特別(2勝クラス),16,7,14,609.4,16,14,黛弘人,58,ダ,1800,良
2018106610,ビヨンドザシーン,2023-09-16,中山,9,松戸特別(2勝クラス),16,2,3,226.5,16,15,黛弘人,58,ダ,2400,良
2018106610,ビヨンドザシーン,2023-08-27,札幌,10,オールスターJ第3戦(2勝クラス),14,4,6,51.5,12,14,バデル,58,ダ,1700,重
2018106610,ビヨンドザシーン,2023-08-20,札幌,9,大通公園特別(2勝クラス),14,4,5,127.6,12,14,黛弘人,58,ダ,1700,稍
2018106610,ビヨンドザシーン,2023-07-16,函館,10,駒場特別(2勝クラス),14,7,12,48.6,11,12,黛弘人,58,ダ,1700,重
2018106610,ビヨンドザシーン,2023-06-24,函館,10,竜飛崎特別(2勝クラス),13,6,9,196.8,13,3,黛弘人,58,ダ,1700,重
2018106610,ビヨンドザシーン,2023-06-18,函館,10,檜山特別(2勝クラス),13,2,2,79.7,12,9,黛弘人,58,ダ,1700,良
2018106610,ビヨンドザシーン,2023-04-23,東京,12,4歳以上2勝クラス,16,2,4,58.7,13,16,和田竜二,58,ダ,1600,良
2018106610,ビヨンドザシーン,2023-01-08,中京,9,濃尾特別(2勝クラス),16,6,12,18.8,7,13,斎藤新,58,ダ,1800,良
2018106610,ビヨンドザシーン,2022-12-28,中山,9,立志賞(2勝クラス),16,3,5,34.6,10,4,戸崎圭太,57,ダ,1800,良
2018106610,ビヨンドザシーン,2022-06-11,東京,9,青梅特別(2勝クラス),16,6,11,11.4,5,6,戸崎圭太,57,ダ,1600,良
2018106610,ビヨンドザシーン,2022-05-28,東京,8,4歳以上1勝クラス,12,1,1,3.5,2,1,戸崎圭太,57,ダ,1600,稍
2018106610,ビヨンドザシーン,2022-05-15,東京,6,4歳以上1勝クラス,11,1,1,10.3,4,2,Ｍ．デム,57,ダ,2100,重
2018106610,ビヨンドザシーン,2022-04-10,中山,7,4歳以上1勝クラス,13,8,12,5.0,2,4,斎藤新,57,ダ,1800,良
2018106610,ビヨンドザシーン,2022-03-26,中京,7,4歳以上1勝クラス,13,1,1,5.3,3,2,斎藤新,57,ダ,1800,重
2018106610,ビヨンドザシーン,2022-03-06,中山,7,4歳以上1勝クラス,16,8,16,15.4,6,4,杉原誠人,57,ダ,1800,良
2018106610,ビヨンドザシーン,2022-02-19,東京,7,4歳以上1勝クラス,15,4,6,112.4,12,3,杉原誠人,57,ダ,1600,稍
2018106610,ビヨンドザシーン,2021-12-05,金沢,7,祝!也寸志さん誕生日(B1),10,7,7,1.6,1,1,田知弘久,55,ダ,1500,重
2018106610,ビヨンドザシーン,2021-11-23,金沢,7,クラブ荻窪杯愛情ノー(B1),9,1,1,4.6,2,2,田知弘久,55,ダ,1400,不
2018106610,ビヨンドザシーン,2021-11-08,金沢,7,双子!!莉帆誕生日記(B1),7,5,5,2.7,2,2,田知弘久,55,ダ,1500,良
2018106610,ビヨンドザシーン,2021-10-17,金沢,11,楽天競馬でおウチ投票(B2),9,6,6,1.1,1,1,田知弘久,56,ダ,1500,不
2018106610,ビヨンドザシーン,2021-10-04,金沢,1,珠洲馬頭観音馬の角伝(C1),8,8,8,2.7,2,1,田知弘久,56,ダ,1400,良
2018106610,ビヨンドザシーン,2021-09-21,金沢,5,レイテン准教授お誕生(C1),8,3,3,1.3,1,1,田知弘久,56,ダ,1500,良
2018106610,ビヨンドザシーン,2021-08-22,新潟,7,3歳未勝利,15,4,6,44.3,11,6,杉原誠人,56,ダ,1800,稍
2018106610,ビヨンドザシーン,2021-06-12,東京,3,3歳未勝利,16,6,12,23.3,7,7,杉原誠人,56,ダ,1600,良
2018106610,ビヨンドザシーン,2021-05-15,東京,2,3歳未勝利,15,3,5,32.4,7,5,杉原誠人,56,ダ,1600,良
2018106610,ビヨンドザシーン,2021-04-24,新潟,2,3歳未勝利,14,8,13,45.5,7,4,杉原誠人,56,ダ,1800,良
2018106610,ビヨンドザシーン,2021-04-10,中山,3,3歳未勝利,15,3,5,17.4,6,7,内田博幸,56,ダ,1200,良
2018106610,ビヨンドザシーン,2021-03-21,阪神,2,3歳未勝利,16,4,7,28.6,9,3,内田博幸,56,ダ,1200,不
2018106610,ビヨンドザシーン,2021-03-06,中山,2,3歳未勝利,16,7,14,27.2,8,8,杉原誠人,56,ダ,1200,稍
2018106610,ビヨンドザシーン,2020-12-20,中京,1,2歳未勝利,16,7,14,70.1,9,10,城戸義政,55,ダ,1400,良
2018106610,ビヨンドザシーン,2020-11-28,阪神,3,2歳未勝利,11,7,8,89.5,8,5,城戸義政,55,ダ,1200,良
2018106610,ビヨンドザシーン,2020-11-22,阪神,1,2歳未勝利,15,4,6,264.1,15,9,荻野琢真,55,ダ,1200,良
2018106610,ビヨンドザシーン,2020-11-15,東京,1,2歳未勝利,13,8,13,28.0,6,6,的場勇人,55,ダ,1600,良
2018106610,ビヨンドザシーン,2020-11-01,京都,1,2歳未勝利,10,6,6,179.9,9,6,城戸義政,55,ダ,1200,良
2018106610,ビヨンドザシーン,2020-08-23,新潟,2,2歳未勝利,18,2,3,410.0,18,14,岩部純二,54,芝,1400,良
2018106610,ビヨンドザシーン,2020-07-25,新潟,1,2歳未勝利,16,6,12,109.4,15,11,城戸義政,54,芝,1000,稍
2018106610,ビヨンドザシーン,2020-07-05,福島,6,2歳新馬,12,1,1,63.9,11,10,嘉藤貴行,54,芝,1200,重
2019100130,クチャモザクワジャ,2026-09-01,大井,12,秋麗賞(C1七),12,8,12,5.3,2,3,笹川翼,56,ダ,1200,良
2019100130,クチャモザクワジャ,2026-08-12,大井,8,C1七 八,13,4,5,2.7,2,7,笹川翼,56,ダ,1200,不
2019100130,クチャモザクワジャ,2026-07-23,大井,8,ジン・フィズ賞(C2四),9,6,6,4.3,2,1,笹川翼,56,ダ,1200,良
2019100130,クチャモザクワジャ,2026-06-29,大井,9,C1八 九,9,1,1,4.2,3,4,小野俊斗,53,ダ,1200,不
2019100130,クチャモザクワジャ,2026-06-12,大井,6,C2三 四五(C2四),12,6,7,5.1,3,2,小野俊斗,53,ダ,1200,稍
2019100130,クチャモザクワジャ,2026-05-22,大井,8,ヘルメス賞(C2四),13,5,7,5.4,3,3,小野俊斗,53,ダ,1200,不
2019100130,クチャモザクワジャ,2026-04-17,大井,9,C2四 五六(C2五),14,3,4,4.2,2,3,和田譲治,56,ダ,1200,重
2019100130,クチャモザクワジャ,2026-03-27,大井,6,C2四 五六(C2五),14,3,3,4.1,2,4,和田譲治,56,ダ,1200,重
2019100130,クチャモザクワジャ,2026-03-12,大井,8,C2六 七,11,5,5,2.6,1,2,和田譲治,56,ダ,1200,良
2019100130,クチャモザクワジャ,2025-10-09,大井,9,C1六 七,14,3,4,16.4,4,5,小野俊斗,53,ダ,1200,良
2019100130,クチャモザクワジャ,2025-09-05,大井,7,C2二 三四(C2三),11,7,9,2.6,1,1,小野俊斗,53,ダ,1200,不
2019100130,クチャモザクワジャ,2025-08-15,大井,8,C2三 四五(C2四),14,4,5,3.5,2,4,小野俊斗,53,ダ,1200,良
2019100130,クチャモザクワジャ,2025-07-17,大井,6,C2二 三四(C2三),10,7,7,2.9,2,6,小野俊斗,53,ダ,1200,重
2019100130,クチャモザクワジャ,2025-06-13,大井,7,C2二 三四(C2三),14,8,13,2.8,2,1,小野俊斗,53,ダ,1200,稍
2019100130,クチャモザクワジャ,2025-05-22,大井,7,C2六 七,12,3,3,1.6,1,1,小野俊斗,53,ダ,1200,良
2019100130,クチャモザクワジャ,2025-04-28,大井,12,C212 1314(C213),11,5,5,3.4,2,1,小野俊斗,53,ダ,1200,重
2019100130,クチャモザクワジャ,2025-04-14,大井,10,C214 1516(C215),12,7,10,19.9,4,3,小野俊斗,53,ダ,1200,不
2019100130,クチャモザクワジャ,2024-06-07,大井,6,C2三 四五(C2四),15,6,12,3.8,2,1,和田譲治,56,ダ,1200,良
2019100130,クチャモザクワジャ,2024-05-16,大井,9,C2六 七八(C2七),13,6,9,1.7,1,4,和田譲治,56,ダ,1200,不
2019100130,クチャモザクワジャ,2024-04-25,大井,3,C2七 八,15,6,11,2.8,2,2,和田譲治,56,ダ,1200,重
2019100130,クチャモザクワジャ,2024-03-21,大井,9,C2六 七八(C2七),11,8,10,1.7,1,6,和田譲治,56,ダ,1400,良
2019100130,クチャモザクワジャ,2023-12-26,大井,10,C1十 11,14,5,7,1.8,1,2,和田譲治,56,ダ,1200,良
2019100130,クチャモザクワジャ,2023-11-15,大井,7,C2五 六,16,3,6,1.4,1,1,和田譲治,56,ダ,1200,良
2019100130,クチャモザクワジャ,2023-10-29,大井,6,ザザ賞(C2),14,4,5,1.7,1,1,和田譲治,56,ダ,1200,稍
2019100130,クチャモザクワジャ,2023-05-25,大井,9,C2五 六,10,1,1,,,取,和田譲治,56,ダ,1200,稍
2019100130,クチャモザクワジャ,2023-05-08,大井,5,C211 12,9,7,9,1.4,1,1,和田譲治,56,ダ,1200,不
2019100130,クチャモザクワジャ,2023-04-20,大井,2,C3四 五,14,7,12,3.3,2,1,和田譲治,56,ダ,1200,良
2019100130,クチャモザクワジャ,2022-08-07,札幌,4,3歳未勝利,14,6,10,11.4,6,6,鷲頭虎太,53,ダ,1700,良
2019100130,クチャモザクワジャ,2022-07-24,小倉,6,3歳未勝利,16,1,1,58.1,10,10,団野大成,56,ダ,1700,良
2019100130,クチャモザクワジャ,2021-10-23,阪神,1,2歳未勝利,14,6,9,24.7,7,4,岩田望来,55,ダ,1400,良
2019100130,クチャモザクワジャ,2021-10-09,阪神,4,2歳新馬,10,6,6,3.8,1,5,岩田望来,55,ダ,1400,良
2019100587,サカベンクイーン,2026-09-02,大井,5,C2二,12,6,8,52.3,9,3,新原周馬,54,ダ,1000,良
2019100587,サカベンクイーン,2026-08-14,大井,5,C2六 七八(C2七),14,2,2,37.9,10,9,中山遥人,53,ダ,1200,不
2019100587,サカベンクイーン,2026-07-24,大井,8,テネシー・クーラー賞(C1C2),12,1,1,33.6,7,12,藤本現暉,53,ダ,1000,良
2019100587,サカベンクイーン,2026-07-03,大井,10,C2三 四五(C2四),14,4,6,41.4,10,7,中山遥人,53,ダ,1200,不
2019100587,サカベンクイーン,2026-06-11,大井,9,C2六 七八(C2七),14,6,10,111.6,10,6,中山遥人,53,ダ,1200,稍
2019100587,サカベンクイーン,2026-05-21,大井,9,白百合特別競走(C2),13,1,1,77.7,10,11,中山遥人,53,ダ,1200,稍
2019100587,サカベンクイーン,2026-04-30,大井,6,C2五 六,14,5,8,44.1,9,5,中山遥人,53,ダ,1200,稍
2019100587,サカベンクイーン,2026-04-16,大井,6,C2七 八九(C2八),14,6,10,36.2,9,14,藤本現暉,54,ダ,1200,不
2019100587,サカベンクイーン,2026-03-27,大井,3,C1二 C2二(C1C2),12,8,12,28.4,8,2,藤本現暉,53,ダ,1000,不
2019100587,サカベンクイーン,2026-03-11,大井,6,C2八 九,12,5,6,44.3,7,12,加藤雄真,51,ダ,1200,良
2019100587,サカベンクイーン,2026-02-18,大井,4,渋谷川賞(C2),14,8,14,11.3,4,6,野畑凌,54,ダ,1200,稍
2019100587,サカベンクイーン,2026-01-27,大井,10,冬牡丹特別競走(C2),15,7,14,58.6,9,15,野畑凌,54,ダ,1200,良
2019100587,サカベンクイーン,2026-01-16,大井,3,C2二,11,3,3,3.8,2,2,野畑凌,54,ダ,1000,良
2019100587,サカベンクイーン,2025-12-31,大井,6,C2四 五六(C2五),14,6,9,26.0,5,11,野畑凌,54,ダ,1200,稍
2019100587,サカベンクイーン,2025-11-14,大井,9,ガーネットスター特別(C2),12,7,9,9.2,3,2,野畑凌,54,ダ,1000,稍
2019100587,サカベンクイーン,2025-10-23,大井,6,おおた池月・磨墨賞(C2),12,6,8,8.5,5,4,野畑凌,54,ダ,1200,重
2019100587,サカベンクイーン,2025-10-09,大井,7,C2六 七,14,2,2,8.7,4,5,野畑凌,54,ダ,1200,良
2019100587,サカベンクイーン,2025-09-18,大井,7,C2五 六,14,1,1,15.0,8,8,中山遥人,51,ダ,1200,良
2019100587,サカベンクイーン,2025-09-02,大井,12,C2八 九,12,7,10,7.1,4,1,中山遥人,51,ダ,1200,良
2019100587,サカベンクイーン,2025-08-11,大井,11,C2九 十11(C2十),13,5,7,20.0,7,3,中山遥人,51,ダ,1200,不
2019100587,サカベンクイーン,2025-04-16,大井,6,C2九 十,12,8,12,19.5,6,8,野畑凌,54,ダ,1200,稍
2019100587,サカベンクイーン,2025-03-26,大井,7,C2八 九十(C2九),13,3,3,33.2,7,4,野畑凌,54,ダ,1200,良
2019100587,サカベンクイーン,2025-03-11,大井,9,C2十 11,12,6,8,4.5,2,3,野畑凌,54,ダ,1200,重
2019100587,サカベンクイーン,2025-02-19,大井,6,C211 12,15,4,8,113.7,10,4,野畑凌,54,ダ,1200,良
2019100587,サカベンクイーン,2025-01-29,大井,7,C2十 11,14,5,7,24.3,7,11,本田正重,54,ダ,1200,良
2019100587,サカベンクイーン,2025-01-14,大井,9,C211 1213(C212),15,3,5,17.6,4,3,本田正重,54,ダ,1200,稍
2019100587,サカベンクイーン,2024-12-27,大井,8,C2 選抜牝馬,13,1,1,10.2,3,6,加藤雄真,51,ダ,1200,良
2019100587,サカベンクイーン,2024-12-06,大井,8,「平和の誓い」賞(C2四),14,3,4,23.7,5,9,本田正重,54,ダ,1200,良
2019100587,サカベンクイーン,2024-11-08,大井,12,浅草見附特別競走(C2三),15,6,11,9.4,5,11,本田正重,54,ダ,1200,良
2019100587,サカベンクイーン,2024-10-18,大井,10,C2三 四五(C2四),12,5,6,25.6,8,4,本田正重,54,ダ,1200,良
2019100587,サカベンクイーン,2024-10-03,大井,8,シャンハイ賞(C2三),13,8,13,25.2,10,3,本田正重,54,ダ,1200,良
2019100587,サカベンクイーン,2024-09-13,大井,6,C2三 四五(C2四),14,5,8,14.4,8,11,本田正重,54,ダ,1200,良
2019100587,サカベンクイーン,2024-08-17,大井,12,C2二 三四(C2三),14,3,3,5.4,3,7,本田正重,54,ダ,1200,重
2019100587,サカベンクイーン,2024-08-16,大井,12,C2二 三四(C2三),,3,3,,,,本田正重,54,ダ,1200,
2019100587,サカベンクイーン,2024-07-09,大井,10,C2五 六七(C2六),16,7,14,5.0,2,2,本田正重,54,ダ,1200,稍
2019100587,サカベンクイーン,2024-06-28,大井,5,C2二 三四(C2三),14,3,4,3.3,2,11,鷹見陸,52,ダ,1200,不
2019100587,サカベンクイーン,2024-06-06,大井,8,ハネムーン賞(C2),15,6,12,3.8,2,1,本田正重,54,ダ,1200,稍
2019100587,サカベンクイーン,2024-05-14,大井,12,C212 13,14,6,10,19.5,7,1,野畑凌,54,ダ,1200,重
2019100587,サカベンクイーン,2024-04-22,大井,9,C213 1415(C214),15,7,13,36.6,9,2,高橋優,51,ダ,1200,稍
2019100587,サカベンクイーン,2024-02-27,大井,3,C214 15,15,7,14,31.7,9,5,野畑凌,54,ダ,1200,重
2019100587,サカベンクイーン,2024-02-13,大井,6,C215 16,14,7,11,36.0,8,3,野畑凌,54,ダ,1200,良
2019100587,サカベンクイーン,2024-01-23,大井,6,C213 14,16,3,5,43.8,9,14,野畑凌,54,ダ,1200,不
2019100587,サカベンクイーン,2023-12-29,大井,12,C2七 八,13,4,5,16.1,4,3,野畑凌,54,ダ,1200,良
2019100587,サカベンクイーン,2023-12-06,大井,8,シェリー・フリップ賞(C2九),16,7,13,13.7,5,6,野畑凌,54,ダ,1200,良
2019100587,サカベンクイーン,2023-11-14,大井,4,C2九 十,15,4,7,4.6,2,3,菅原涼太,53,ダ,1200,良
2019100587,サカベンクイーン,2023-10-29,大井,6,ザザ賞(C2),14,2,2,20.7,7,2,菅原涼太,53,ダ,1200,稍
2019100587,サカベンクイーン,2023-10-02,大井,6,C212 13,16,5,10,70.7,14,3,菅原涼太,53,ダ,1200,良
2019100587,サカベンクイーン,2023-09-19,大井,2,C3一 二,12,3,3,82.3,9,3,仲原大生,53,ダ,1200,稍
2019100587,サカベンクイーン,2023-09-08,大井,2,C3一 二,,1,1,,,,仲原大生,53,ダ,1200,不
2019100587,サカベンクイーン,2023-08-14,大井,2,C3四 五,10,7,7,98.0,8,2,仲原大生,53,ダ,1200,不
2019100587,サカベンクイーン,2023-08-03,大井,2,C3三 四,13,1,1,340.5,12,9,横川怜央,54,ダ,1200,稍
2019100587,サカベンクイーン,2023-07-12,大井,4,C3三 四,12,5,6,133.0,11,11,木澤奨,51,ダ,1200,良
2019100587,サカベンクイーン,2023-06-26,大井,10,ヘラクレス座特別競走(C2),13,5,7,233.6,13,12,木澤奨,51,ダ,2000,良
2019100587,サカベンクイーン,2023-06-06,大井,6,C2九 十,11,7,9,409.8,11,8,木澤奨,51,ダ,1200,重
2019100587,サカベンクイーン,2023-05-23,大井,4,C2九 十,11,1,1,308.2,10,9,木澤奨,51,ダ,1600,不
2019100587,サカベンクイーン,2023-05-09,大井,6,C2九 十,14,5,7,475.9,14,14,木澤奨,51,ダ,1200,重
2019100587,サカベンクイーン,2023-04-18,大井,6,C2十 11,16,3,6,165.1,15,16,木澤奨,51,ダ,1200,重
2019100587,サカベンクイーン,2023-03-27,大井,10,うお座特別競走(C2),11,4,4,194.0,11,10,谷内貫太,51,ダ,1600,重
2019100587,サカベンクイーン,2023-03-07,大井,5,C211 1213(C212),11,6,7,148.6,7,10,谷内貫太,51,ダ,1600,良
2019100587,サカベンクイーン,2022-11-15,大井,7,C2七 八九(C2八),14,7,11,461.6,14,13,谷内貫太,51,ダ,1400,良
2019100587,サカベンクイーン,2022-11-01,大井,6,C2八 九十(C2九),14,4,5,311.6,14,14,後藤蒼二,51,ダ,1400,良
2019100587,サカベンクイーン,2022-10-04,大井,5,牧野富太郎生誕160(C2),12,1,1,120.7,12,10,後藤蒼二,51,ダ,1600,良
2019100587,サカベンクイーン,2022-09-22,大井,6,3歳 281.,13,4,6,54.5,13,9,谷内貫太,51,ダ,1400,重
2019100587,サカベンクイーン,2022-09-06,大井,8,ヤングジョッキーズT(3歳),14,5,7,30.4,9,9,七夕裕次,54,ダ,1200,良
2019100587,サカベンクイーン,2022-08-17,大井,3,3歳 239万,11,4,4,67.4,9,5,谷内貫太,51,ダ,1600,良
2019100587,サカベンクイーン,2022-07-29,大井,2,3歳 306万,13,6,9,158.4,13,12,谷内貫太,51,ダ,1200,稍
2019100587,サカベンクイーン,2022-07-13,大井,2,3歳 288.,10,7,7,179.3,9,5,後藤蒼二,51,ダ,1200,不
2019100587,サカベンクイーン,2022-06-30,大井,2,3歳 254万,14,1,1,268.0,14,6,後藤蒼二,51,ダ,1200,良
2019100587,サカベンクイーン,2022-06-09,大井,2,3歳 281.,16,1,1,291.6,16,15,谷内貫太,51,ダ,1200,重
2019100587,サカベンクイーン,2022-05-26,大井,3,3歳 333万,8,1,1,112.1,7,7,菅原涼太,51,ダ,1200,良
2019100587,サカベンクイーン,2022-05-10,大井,10,フォーチュネイト菖蒲(3歳),13,7,11,283.9,13,12,菅原涼太,51,ダ,1200,稍
2019100587,サカベンクイーン,2022-04-20,大井,6,3歳 246.,14,7,12,110.5,13,14,菅原涼太,51,ダ,1200,不
2019100587,サカベンクイーン,2022-03-31,大井,4,3歳 289万,14,7,12,95.6,13,13,菅原涼太,51,ダ,1200,稍
2019100587,サカベンクイーン,2022-03-09,大井,4,3歳 264.,14,5,7,297.7,14,14,菅原涼太,51,ダ,1200,良
2019100587,サカベンクイーン,2022-02-11,大井,5,内川賞(3歳),14,1,1,116.9,12,14,菅原涼太,51,ダ,1200,不
2019100587,サカベンクイーン,2022-01-26,大井,5,目黒川賞(3歳),14,5,8,10.3,5,1,菅原涼太,51,ダ,1200,良
2019100587,サカベンクイーン,2021-12-24,大井,1,クライマックスリレー(2歳),13,6,9,56.5,10,9,菅原涼太,51,ダ,1400,稍
2019100587,サカベンクイーン,2021-12-07,大井,4,2歳 39万円,14,3,3,88.5,10,9,千田洋,54,ダ,1400,稍
2019100587,サカベンクイーン,2021-11-01,大井,4,2歳 52.5,8,7,7,107.5,7,6,吉井章,54,ダ,1600,重
2019100587,サカベンクイーン,2021-08-03,大井,4,2歳 68万円,13,8,14,132.7,10,13,吉井章,54,ダ,1200,稍
2019100587,サカベンクイーン,2021-07-12,大井,3,2歳 選抜牝馬,8,8,8,66.1,7,7,吉井章,54,ダ,1200,重
2019100587,サカベンクイーン,2021-06-28,大井,4,2歳 新馬,12,5,5,58.5,11,10,吉井章,54,ダ,1200,良
2019100781,フルーツパフェ,2026-08-28,船橋,6,馬い!淡路洲本農園玉(C3),12,2,2,5.5,2,11,野畑凌,54,ダ,1500,良
2019100781,フルーツパフェ,2026-08-04,船橋,3,C3一,8,4,4,3.4,1,1,野畑凌,54,ダ,1500,良
2019100781,フルーツパフェ,2026-07-15,浦和,3,浦和競馬ショートドラ(C3),12,1,1,2.9,2,5,岡村健司,54,ダ,1500,良
2019100781,フルーツパフェ,2026-07-03,船橋,6,C3 選抜馬,11,2,2,5.4,3,2,岡村健司,54,ダ,1200,重
2019100781,フルーツパフェ,2026-06-25,浦和,1,特選(C3),9,8,8,3.9,3,3,岡村健司,54,ダ,1500,重
2019100781,フルーツパフェ,2026-06-04,船橋,4,C3二,11,3,3,45.3,6,3,岡村健司,54,ダ,1200,重
2019100781,フルーツパフェ,2026-05-27,浦和,2,ランチタイム(C3),12,5,6,3.8,2,3,岡村健司,54,ダ,1400,良
2019100781,フルーツパフェ,2026-05-06,船橋,1,C3二,10,1,1,28.6,5,7,木間塚龍,54,ダ,1200,良
2019100781,フルーツパフェ,2026-04-01,船橋,6,選抜馬(C3),13,6,9,38.2,8,3,岡村健司,54,ダ,1500,重
2019100781,フルーツパフェ,2026-03-18,浦和,4,C3三 四,10,2,2,3.9,2,4,岡村健司,54,ダ,1500,良
2019100781,フルーツパフェ,2026-03-04,川崎,1,C3三,12,7,9,8.1,3,5,岡村健司,54,ダ,1400,不
2019100781,フルーツパフェ,2026-01-22,船橋,8,馬い!菊池水田生ごぼ(C3),13,5,7,23.8,8,9,野畑凌,54,ダ,1500,良
2019100781,フルーツパフェ,2026-01-07,浦和,3,C3四 五,12,8,11,7.2,4,3,野畑凌,54,ダ,1500,稍
2019100781,フルーツパフェ,2025-12-25,浦和,4,特選(C3),10,2,2,2.3,1,1,野畑凌,54,ダ,1500,重
2019100781,フルーツパフェ,2025-12-10,船橋,3,駿足スプリント(C3),12,5,6,3.4,2,5,岡村健司,54,ダ,1200,良
2019100781,フルーツパフェ,2025-11-28,浦和,3,特選(C3),11,8,11,3.0,1,1,岡村健司,54,ダ,1400,良
2019100781,フルーツパフェ,2025-11-06,船橋,1,C3二,12,8,11,11.0,2,2,岡村健司,54,ダ,1200,稍
2019100781,フルーツパフェ,2025-10-28,浦和,1,C3四,11,2,2,3.2,3,6,木間塚龍,54,ダ,1500,重
2019100781,フルーツパフェ,2025-10-14,川崎,1,C3四,12,7,9,2.7,2,1,岡村健司,54,ダ,1400,良
2019100781,フルーツパフェ,2025-09-29,船橋,4,大晦日は芝山仁王尊で(C3),11,7,9,9.9,2,6,岡村健司,54,ダ,1200,良
2019100781,フルーツパフェ,2025-05-06,船橋,1,芝生でゴロゴロしなが(C3),12,5,6,10.7,5,3,岡村健司,54,ダ,1200,重
2019100781,フルーツパフェ,2025-04-23,浦和,2,ランチタイムチャレン(C3),11,5,5,33.7,8,2,岡村健司,54,ダ,1400,良
2019100781,フルーツパフェ,2025-03-31,船橋,2,新入場門からも入って(C3),12,3,3,50.7,6,6,岡村健司,54,ダ,1200,良
2019100781,フルーツパフェ,2024-12-19,船橋,1,C3二,9,2,2,60.1,6,4,落合玄太,54,ダ,1200,良
2019100781,フルーツパフェ,2024-11-26,船橋,1,C3二,12,7,9,47.2,7,7,木間塚龍,53,ダ,1200,良
2019100781,フルーツパフェ,2024-11-19,浦和,2,ランチタイムチャレン(C3),12,7,10,5.0,4,11,木間塚龍,53,ダ,1400,良
2019100781,フルーツパフェ,2024-10-30,船橋,1,C3二,12,8,12,16.4,4,5,木間塚龍,53,ダ,1200,不
2019100781,フルーツパフェ,2024-10-11,川崎,6,山椒賞(C3),12,7,9,26.8,5,4,木間塚龍,53,ダ,1500,重
2019100781,フルーツパフェ,2024-09-24,船橋,1,C3二,10,1,1,14.5,3,5,木間塚龍,53,ダ,1200,良
2019100781,フルーツパフェ,2024-08-26,船橋,2,C3三,9,4,4,6.9,2,3,木間塚龍,53,ダ,1200,良
2019100781,フルーツパフェ,2024-08-01,大井,1,C3四 五,13,7,11,52.0,9,12,藤田凌,54,ダ,1600,良
2019100781,フルーツパフェ,2024-07-09,大井,3,C3四 五六(C3五),14,4,6,60.5,9,10,高橋優,51,ダ,1200,稍
2019100781,フルーツパフェ,2024-06-27,大井,3,C3二 三四(C3三),14,8,13,58.2,10,10,横川怜央,54,ダ,1200,良
2019100781,フルーツパフェ,2024-06-06,大井,3,C3二 三四(C3三),14,8,14,31.1,10,8,横川怜央,54,ダ,1200,稍
2019100781,フルーツパフェ,2024-05-16,大井,1,C3二 三,12,6,7,22.2,9,9,横川怜央,54,ダ,1600,不
2019100781,フルーツパフェ,2024-04-24,大井,2,C3二 三,16,1,1,26.3,5,12,野畑凌,54,ダ,1200,重
2019100781,フルーツパフェ,2024-04-12,大井,3,C3一 二三(C3二),14,5,7,30.1,6,10,野畑凌,54,ダ,1200,重
2019100781,フルーツパフェ,2024-03-22,大井,2,C3二 三,14,3,4,8.9,3,10,野畑凌,54,ダ,1200,良
2019100781,フルーツパフェ,2024-02-29,大井,2,C3五 六,16,8,15,15.5,5,1,野畑凌,54,ダ,1200,稍
2019100781,フルーツパフェ,2024-02-13,大井,2,古川賞(C3),14,2,2,12.2,5,5,野畑凌,54,ダ,1200,良
2019100781,フルーツパフェ,2024-01-23,大井,1,C3七 八,12,6,8,14.7,5,6,岡村健司,54,ダ,1600,不
2019100781,フルーツパフェ,2023-12-30,大井,2,C3一 二,15,3,4,13.8,5,8,野畑凌,54,ダ,1200,良
2019100781,フルーツパフェ,2023-12-07,大井,2,C3一 二,14,5,8,60.6,12,8,木澤奨,51,ダ,1200,良
2019100781,フルーツパフェ,2023-06-28,大井,5,C2七 八九(C2八),16,3,6,35.5,7,16,西啓太,54,ダ,1200,良
2019100781,フルーツパフェ,2023-06-06,大井,6,C2九 十,11,8,11,6.5,3,2,野畑凌,53,ダ,1200,重
2019100781,フルーツパフェ,2023-05-22,大井,7,C211 1213(C212),10,8,10,16.6,4,4,野畑凌,53,ダ,1200,稍
2019100781,フルーツパフェ,2023-05-11,大井,2,C3三 四,13,5,8,65.2,10,1,野畑凌,53,ダ,1200,良
2019100781,フルーツパフェ,2023-04-19,大井,2,C3六 七,14,5,7,41.9,8,3,後藤蒼二,51,ダ,1200,稍
2019100781,フルーツパフェ,2023-03-27,大井,3,C3七 八,15,4,7,48.7,10,4,後藤蒼二,51,ダ,1200,不
2019100781,フルーツパフェ,2023-03-08,大井,1,C3六 七,16,7,14,154.7,11,7,後藤蒼二,51,ダ,1200,良
2019100781,フルーツパフェ,2023-02-22,大井,2,C3六 七八(C3七),14,8,14,94.2,9,11,菅原涼太,53,ダ,1400,良
2019100781,フルーツパフェ,2023-01-24,大井,1,C3七 八,16,3,6,151.9,15,12,菅原涼太,53,ダ,1200,良
2019100781,フルーツパフェ,2022-12-30,大井,3,3歳 152,16,2,3,91.4,6,6,菅原涼太,52,ダ,1200,良
2019100781,フルーツパフェ,2022-12-06,大井,2,3歳 151万,16,5,9,128.0,12,7,菅原涼太,52,ダ,1200,不
2019100781,フルーツパフェ,2022-11-16,大井,2,3歳 143万,11,5,6,18.6,4,8,後藤蒼二,51,ダ,1600,良
2019100781,フルーツパフェ,2022-11-02,大井,2,3歳 137.,15,8,16,43.0,9,9,谷内貫太,51,ダ,1200,良
2019100781,フルーツパフェ,2022-10-11,門別,8,新冠で新規就農の夢叶(C3),11,7,9,57.7,8,11,山本咲希,54,ダ,1000,不
2019100781,フルーツパフェ,2022-09-08,門別,8,ベロニカ特別(C2),12,1,1,137.0,10,10,山本咲希,54,ダ,1200,良
2019100781,フルーツパフェ,2022-08-24,門別,8,SORACHI198(C2),9,3,3,4.6,4,6,山本咲希,54,ダ,1200,良
2019100781,フルーツパフェ,2022-08-04,門別,7,ムクゲ特別(C4),8,3,3,2.3,2,1,山本咲希,54,ダ,1000,重
2019100781,フルーツパフェ,2022-07-07,門別,9,がんばれ!Aiba浦(C4),12,2,2,11.5,4,2,石川倭,54,ダ,1000,良
2019100781,フルーツパフェ,2022-06-22,門別,6,3歳以上C4ー3,7,8,8,1.5,1,1,石川倭,54,ダ,1000,良
2019100781,フルーツパフェ,2022-06-01,門別,10,3歳条件4ー2,9,8,8,2.0,1,3,石川倭,54,ダ,1000,不
2019100781,フルーツパフェ,2022-05-12,門別,2,3歳条件4組40万円,8,5,5,3.6,2,3,石川倭,54,ダ,1000,良
2019100781,フルーツパフェ,2022-04-20,門別,6,3歳条件4ー2,11,3,3,19.1,6,5,石川倭,54,ダ,1000,良
2019100781,フルーツパフェ,2021-09-26,中山,5,2歳新馬,16,8,15,89.2,13,16,柴田大知,54,芝,2000,良
2019100784,マイネルイージス,2026-09-03,大井,12,うお座特別競走(C1),10,8,9,8.2,5,4,田中洸多,56,ダ,1650,良
2019100784,マイネルイージス,2026-08-13,大井,7,ペルセウス座特別競走(C1),8,5,5,31.3,7,6,田中洸多,56,ダ,1800,不
2019100784,マイネルイージス,2026-07-24,大井,9,C1二 三四(C1三),12,5,6,58.1,9,10,菅原涼太,56,ダ,1600,良
2019100784,マイネルイージス,2026-07-02,大井,12,海王星特別競走(C1),14,2,2,26.6,6,2,菅原涼太,56,ダ,1650,不
2019100784,マイネルイージス,2026-06-10,大井,8,クォーター・デック賞(C1),12,5,5,57.9,10,3,菅原涼太,56,ダ,1600,重
2019100784,マイネルイージス,2026-05-20,大井,9,りょうけん座特別競走(C1),15,3,5,104.5,11,8,菅原涼太,56,ダ,2000,良
2019100784,マイネルイージス,2026-04-30,大井,12,トーラス特別競走(C1),14,5,7,34.5,8,6,菅原涼太,56,ダ,1650,稍
2019100784,マイネルイージス,2026-04-17,大井,10,北極星特別競走(C1),13,4,4,97.0,10,9,菅原涼太,56,ダ,2000,重
2019100784,マイネルイージス,2026-03-26,大井,8,アフィニティ賞(C1),7,1,1,56.2,7,3,菅原涼太,56,ダ,1600,不
2019100784,マイネルイージス,2026-03-12,大井,12,花月特別競走(C1),14,7,12,19.9,6,7,菅原涼太,56,ダ,1650,良
2019100784,マイネルイージス,2026-02-16,大井,12,赤坂見附特別競走(C1),13,8,13,149.1,11,7,菅原涼太,56,ダ,1800,良
2019100784,マイネルイージス,2026-01-29,大井,12,風花特別競走(C1C2),14,2,2,56.5,8,3,菅原涼太,57,ダ,1650,良
2019100784,マイネルイージス,2026-01-15,大井,9,C1五 六,12,3,3,114.3,10,6,菅原涼太,56,ダ,1600,良
2019100784,マイネルイージス,2025-12-31,大井,11,カウントダウン202(C1五),13,5,7,244.0,13,10,山林堂信,56,ダ,1400,稍
2019100784,マイネルイージス,2025-12-19,川崎,12,47thホワイトクリ(C1C2),12,5,6,9.0,3,4,達城龍次,57,ダ,1600,稍
2019100784,マイネルイージス,2025-12-03,大井,12,やまねこ座特別競走(C1),16,6,11,141.8,15,8,菅原涼太,56,ダ,1800,良
2019100784,マイネルイージス,2025-11-13,大井,12,ぎょしゃ座特別競走(C1C2),12,7,10,18.4,6,6,達城龍次,57,ダ,1650,稍
2019100784,マイネルイージス,2025-10-20,大井,12,つる座特別競走(C1),13,4,4,159.8,11,7,山林堂信,56,ダ,1800,稍
2019100784,マイネルイージス,2025-10-06,大井,10,おひつじ座特別競走(C1),14,3,3,83.5,12,7,田中洸多,56,ダ,2000,良
2019100784,マイネルイージス,2025-09-15,大井,12,カシオペア座特別競走(C1),13,8,12,119.9,13,6,山林堂信,56,ダ,1800,稍
2019100784,マイネルイージス,2025-09-04,大井,12,オフトひたちなか賞競(C1),12,7,9,118.7,12,3,菅原涼太,56,ダ,1650,良
2019100784,マイネルイージス,2025-08-13,大井,10,ヒカルタカイ賞競走(C1),15,3,5,337.6,15,12,菅原涼太,56,ダ,1800,稍
2019100784,マイネルイージス,2025-07-17,大井,7,C1一 二三(C1二),14,7,11,133.7,13,12,菅原涼太,56,ダ,1600,重
2019100784,マイネルイージス,2025-07-03,大井,12,海王星特別競走(C1C2),13,5,6,14.2,5,7,菅原涼太,57,ダ,1650,良
2019100784,マイネルイージス,2025-06-12,大井,9,へび座特別競走(C1),11,7,9,26.6,7,6,菅原涼太,56,ダ,1800,重
2019100784,マイネルイージス,2025-05-19,大井,12,りょうけん座特別競走(C1),12,6,8,46.5,8,4,菅原涼太,56,ダ,2000,重
2019100784,マイネルイージス,2025-04-28,大井,9,かんむり座特別競走(C1),11,6,7,23.8,7,9,田中洸多,56,ダ,1800,稍
2019100784,マイネルイージス,2025-04-18,大井,9,C1二 三四(C1三),13,5,7,50.8,11,6,田中洸多,56,ダ,1600,良
2019100784,マイネルイージス,2025-03-01,小倉,9,脊振山特別(1勝クラス),16,7,13,16.1,6,10,丹内祐次,58,芝,2600,良
2019100784,マイネルイージス,2025-02-16,小倉,7,4歳以上1勝クラス,16,7,13,33.2,9,8,丸山元気,58,芝,2600,良
2019100784,マイネルイージス,2024-11-09,福島,9,二本松特別(1勝クラス),13,7,11,85.9,10,9,丸山元気,58,芝,2000,良
2019100784,マイネルイージス,2024-10-19,新潟,9,岩船特別(1勝クラス),10,2,2,20.5,9,6,丸山元気,58,芝,2200,稍
2019100784,マイネルイージス,2024-09-29,中山,7,3歳以上1勝クラス,17,3,6,65.5,11,12,丹内祐次,58,芝,2200,良
2019100784,マイネルイージス,2024-08-31,新潟,9,瓢湖特別(1勝クラス),14,1,1,98.2,10,4,石川裕紀,58,芝,2200,稍
2019100784,マイネルイージス,2024-07-12,園田,12,C1,12,8,12,36.4,8,1,廣瀬航,56,ダ,1700,不
2019100784,マイネルイージス,2024-06-27,園田,10,そのたん☆ひめたん×(C1),9,8,8,15.5,4,5,下原理,56,ダ,1870,良
2019100784,マイネルイージス,2024-01-24,姫路,9,B2,7,6,6,6.8,4,4,鴨宮祥行,56,ダ,1800,良
2019100784,マイネルイージス,2024-01-02,園田,10,B2,11,4,4,25.9,3,6,鴨宮祥行,56,ダ,1870,良
2019100784,マイネルイージス,2023-12-13,園田,9,B2一,10,3,3,19.1,5,5,鴨宮祥行,56,ダ,1700,稍
2019100784,マイネルイージス,2023-11-28,園田,11,朝来市岩津ねぎ特別B(B2),11,2,2,59.9,9,4,鴨宮祥行,56,ダ,1870,良
2019100784,マイネルイージス,2023-11-09,園田,10,香美町松葉ガニ特別B(B2),8,7,7,29.9,6,5,下原理,56,ダ,1700,稍
2019100784,マイネルイージス,2023-10-20,園田,10,オッズパーク杯B2,11,4,4,39.2,7,4,田野豊三,56,ダ,1870,稍
2019100784,マイネルイージス,2023-09-28,園田,9,B2,8,3,3,20.1,7,4,山本屋太,53,ダ,1700,良
2019100784,マイネルイージス,2023-09-14,園田,11,チャンピオンジョッキ(B1B2),11,6,8,21.9,8,7,岡部誠,56,ダ,1700,良
2019100784,マイネルイージス,2023-08-16,園田,8,B2,7,1,1,10.9,5,2,杉浦健太,56,ダ,1700,重
2019100784,マイネルイージス,2023-08-04,園田,10,サルビア賞B2一,9,6,6,96.5,9,5,杉浦健太,56,ダ,1400,良
2019100784,マイネルイージス,2023-07-12,園田,10,B2,11,8,10,100.0,10,5,杉浦健太,56,ダ,1400,良
2019100784,マイネルイージス,2023-06-23,園田,5,B2,7,5,5,20.9,4,6,田中学,56,ダ,1700,重
2019100784,マイネルイージス,2023-06-09,園田,10,ハマナス賞B2,12,8,11,72.7,10,7,鴨宮祥行,56,ダ,1870,重
2019100784,マイネルイージス,2023-06-02,園田,11,B2,,3,3,,,,大柿一真,56,ダ,1870,不
2019100784,マイネルイージス,2023-05-10,園田,12,B2,12,6,8,43.3,8,6,杉浦健太,56,ダ,1700,稍
2019100784,マイネルイージス,2023-04-28,園田,10,B2,7,1,1,7.9,4,6,鴨宮祥行,56,ダ,1700,稍
2019100784,マイネルイージス,2023-03-30,園田,12,C1,10,6,6,4.7,3,1,鴨宮祥行,56,ダ,1700,良
2019100784,マイネルイージス,2023-03-15,姫路,8,C1,12,6,7,11.2,3,4,下原理,56,ダ,1500,良
2019100784,マイネルイージス,2023-02-21,姫路,8,C1,8,1,1,2.4,1,6,田中学,56,ダ,1800,稍
2019100784,マイネルイージス,2023-02-07,姫路,10,C1,8,8,8,2.3,1,2,田中学,56,ダ,2000,稍
2019100784,マイネルイージス,2023-01-27,姫路,12,C1,12,6,7,5.4,2,2,田野豊三,56,ダ,1800,稍
2019100784,マイネルイージス,2023-01-25,姫路,12,C1,,6,7,,,,田野豊三,56,ダ,1800,
2019100784,マイネルイージス,2023-01-10,園田,10,C2,12,8,11,3.7,2,1,田野豊三,56,ダ,1700,良
2019100784,マイネルイージス,2022-08-20,札幌,7,3歳未勝利,16,6,11,10.1,5,15,丹内祐次,56,芝,2000,稍
2019100784,マイネルイージス,2022-08-06,札幌,6,3歳未勝利,16,3,5,6.3,4,5,丹内祐次,56,芝,2000,良
2019100784,マイネルイージス,2022-07-24,札幌,6,3歳未勝利,15,6,10,2.1,1,3,丹内祐次,56,芝,2000,良
2019100784,マイネルイージス,2022-07-09,函館,6,3歳未勝利,14,8,14,5.5,3,2,丹内祐次,56,芝,2000,良
2019100784,マイネルイージス,2022-06-19,函館,6,3歳未勝利,11,7,9,19.0,6,2,丹内祐次,56,芝,2000,良
2019100784,マイネルイージス,2022-05-29,新潟,6,3歳未勝利,12,8,12,16.6,6,6,津村明秀,56,芝,2200,良
2019100784,マイネルイージス,2022-05-08,新潟,5,3歳未勝利,15,6,11,20.8,6,6,丹内祐次,56,芝,2000,良
2019100784,マイネルイージス,2022-04-03,阪神,4,3歳未勝利,18,1,2,19.5,4,11,和田竜二,56,芝,2400,良
2019100784,マイネルイージス,2021-11-06,阪神,4,2歳未勝利,11,1,1,,,取,幸英明,55,芝,2000,良
2019100784,マイネルイージス,2021-10-24,阪神,5,2歳新馬,10,4,4,31.7,6,6,横山武史,55,芝,1800,良
2019101507,ディナースタ,2026-04-18,中山,11,中山グランドジャンプ(JGI),10,8,10,6.6,3,2,高田潤,63,障,4260,良
2019101507,ディナースタ,2026-03-14,阪神,8,阪神スプリングJ(JGII),10,8,9,5.6,3,1,高田潤,60,障,3900,良
2019101507,ディナースタ,2026-01-05,中山,8,中山新春ジャンプS(OP),9,7,7,1.5,1,2,高田潤,60,障,3200,良
2019101507,ディナースタ,2025-11-08,京都,8,京都ジャンプS(JGIII),10,8,9,1.7,1,2,高田潤,60,障,3170,良
2019101507,ディナースタ,2025-10-11,京都,4,障害3歳以上OP,10,5,5,2.1,1,1,高田潤,61,障,3170,良
2019101507,ディナースタ,2025-09-07,札幌,11,丹頂S(OP),12,6,8,36.0,11,11,舟山瑠泉,56,芝,2600,稍
2019101507,ディナースタ,2025-06-01,京都,4,障害4歳以上OP,12,7,9,1.7,1,1,高田潤,60,障,3170,良
2019101507,ディナースタ,2025-03-29,阪神,8,三木ホースランドJS(OP),10,3,3,2.5,1,2,高田潤,60,障,3140,良
2019101507,ディナースタ,2025-03-01,小倉,5,障害4歳以上OP,12,7,9,1.6,1,2,高田潤,60,障,2860,良
2019101507,ディナースタ,2025-01-19,中山,4,障害4歳以上未勝利,11,8,10,4.8,3,1,高田潤,60,障,2880,良
2019101507,ディナースタ,2024-09-01,札幌,11,タイランドC(OP),14,2,2,13.1,7,8,横山和生,56,芝,2600,稍
2019101507,ディナースタ,2024-08-03,札幌,11,札幌日経OP(L),12,8,11,3.9,1,10,藤岡佑介,57,芝,2600,良
2019101507,ディナースタ,2024-05-04,東京,10,メトロポリタンS(L),8,1,1,28.9,7,5,三浦皇成,57,芝,2400,良
2019101507,ディナースタ,2024-04-06,阪神,10,大阪ーハンブルクC(OP),14,7,11,18.3,7,6,藤岡佑介,56,芝,2600,良
2019101507,ディナースタ,2024-01-06,京都,10,万葉S(OP),13,7,10,4.8,2,8,藤岡佑介,56,芝,3000,良
2019101507,ディナースタ,2023-11-18,京都,10,比叡S(3勝クラス),14,7,12,12.6,5,1,藤岡佑介,58,芝,2400,稍
2019101507,ディナースタ,2023-09-09,阪神,10,ムーンライトH(3勝クラス),13,6,8,8.6,3,8,酒井学,57,芝,2200,良
2019101507,ディナースタ,2023-07-29,札幌,11,STV賞(3勝クラス),16,1,2,8.2,5,14,横山和生,57,芝,2000,良
2019101507,ディナースタ,2023-06-04,阪神,10,岸和田S(3勝クラス),11,1,1,6.6,3,6,酒井学,58,芝,2000,良
2019101507,ディナースタ,2023-03-26,阪神,10,御堂筋S(3勝クラス),18,8,17,18.8,7,2,酒井学,57,芝,2400,重
2019101507,ディナースタ,2023-01-09,中山,10,迎春S(3勝クラス),12,7,9,7.8,3,10,横山和生,57,芝,2200,良
2019101507,ディナースタ,2022-12-24,中山,11,グレイトフルS(3勝クラス),16,2,4,4.3,3,9,横山武史,54,芝,2500,良
2019101507,ディナースタ,2022-10-23,阪神,11,菊花賞(GI),18,7,13,18.8,8,14,横山和生,57,芝,3000,良
2019101507,ディナースタ,2022-08-20,札幌,11,札幌日刊スポーツ杯(2勝クラス),14,8,13,2.5,1,1,横山和生,53,芝,2600,稍
2019101507,ディナースタ,2022-07-31,札幌,9,積丹特別(1勝クラス),10,8,10,3.9,1,1,横山和生,54,芝,2600,良
2019101507,ディナースタ,2022-05-07,東京,11,プリンシパルS(L),15,8,16,36.3,11,12,横山和生,56,芝,2000,良
2019101507,ディナースタ,2022-04-17,阪神,4,3歳未勝利,18,7,15,5.3,3,1,横山和生,56,芝,2200,良
2019101507,ディナースタ,2022-02-13,阪神,6,3歳未勝利,10,7,8,8.1,4,4,岩田望来,56,芝,2000,良
2019101507,ディナースタ,2022-01-23,中京,5,3歳未勝利,9,6,6,4.0,3,4,岩田望来,56,芝,2200,良
2019101507,ディナースタ,2021-12-28,阪神,6,2歳未勝利,16,8,15,6.9,3,8,藤岡康太,55,芝,1800,良
2019101507,ディナースタ,2021-10-23,東京,5,2歳新馬,16,3,5,27.9,7,5,池添謙一,55,芝,2000,良
2019101614,エコロデュエル,2026-04-18,中山,11,中山グランドジャンプ(JGI),10,6,6,1.5,1,1,草野太郎,63,障,4260,良
2019101614,エコロデュエル,2026-03-14,阪神,8,阪神スプリングJ(JGII),10,2,2,1.5,1,2,草野太郎,62,障,3900,良
2019101614,エコロデュエル,2025-12-27,中山,10,中山大障害(JGI),10,4,4,1.5,1,1,草野太郎,63,障,4100,良
2019101614,エコロデュエル,2025-10-19,東京,9,東京ハイジャンプ(JGII),10,7,7,3.1,2,2,草野太郎,62,障,3110,良
2019101614,エコロデュエル,2025-04-19,中山,11,中山グランドジャンプ(JGI),12,6,7,6.2,5,1,草野太郎,63,障,4260,良
2019101614,エコロデュエル,2025-03-15,阪神,8,阪神スプリングJ(JGII),8,6,6,2.3,2,4,草野太郎,60,障,3900,良
2019101614,エコロデュエル,2024-12-21,中山,10,中山大障害(JGI),9,2,2,5.9,3,2,草野太郎,63,障,4100,良
2019101614,エコロデュエル,2024-10-13,東京,9,東京ハイジャンプ(JGII),9,1,1,6.9,3,2,草野太郎,60,障,3110,良
2019101614,エコロデュエル,2024-04-13,中山,11,中山グランドジャンプ(JGI),12,2,2,14.7,4,4,小野寺祐,63,障,4250,良
2019101614,エコロデュエル,2024-03-09,阪神,8,阪神スプリングJ(JGII),10,8,10,16.7,5,2,草野太郎,60,障,3900,良
2019101614,エコロデュエル,2023-12-23,中山,10,中山大障害(JGI),12,1,1,9.6,4,3,草野太郎,63,障,4100,良
2019101614,エコロデュエル,2023-11-11,京都,8,京都ジャンプS(JGIII),12,8,11,6.5,4,1,草野太郎,60,障,3170,稍
2019101614,エコロデュエル,2023-09-16,阪神,8,阪神ジャンプS(JGIII),14,5,8,6.2,2,10,草野太郎,60,障,3140,良
2019101614,エコロデュエル,2023-07-22,中京,4,障害3歳以上OP,9,2,2,2.9,1,1,草野太郎,60,障,3330,良
2019101614,エコロデュエル,2023-05-28,京都,4,障害4歳以上未勝利,9,7,7,10.1,4,1,草野太郎,59,障,2910,良
2019101614,エコロデュエル,2023-05-07,新潟,4,障害4歳以上未勝利,8,4,4,13.3,7,7,草野太郎,59,障,2890,不
2019101614,エコロデュエル,2022-11-26,東京,7,3歳以上1勝クラス,7,2,2,35.7,6,3,横山琉人,53,芝,2400,良
2019101614,エコロデュエル,2022-11-12,東京,6,3歳以上1勝クラス,15,6,11,117.1,14,14,石川裕紀,55,芝,1800,良
2019101614,エコロデュエル,2022-09-17,中山,12,3歳以上1勝クラス,12,5,6,19.9,8,11,斎藤新,54,芝,2000,良
2019101614,エコロデュエル,2022-09-03,新潟,9,瓢湖特別(1勝クラス),12,6,7,17.1,5,5,石川裕紀,54,芝,2200,良
2019101614,エコロデュエル,2022-06-19,東京,8,3歳以上1勝クラス,9,7,7,28.1,5,5,石川裕紀,54,芝,2000,良
2019101614,エコロデュエル,2022-06-05,東京,4,3歳未勝利,10,8,9,3.7,2,1,石川裕紀,56,芝,2000,良
2019101614,エコロデュエル,2022-05-15,東京,3,3歳未勝利,11,6,7,117.7,9,2,石川裕紀,56,芝,2000,良
2019101614,エコロデュエル,2022-04-24,東京,4,3歳未勝利,17,4,7,42.8,7,7,石川裕紀,56,芝,1800,良
2019101614,エコロデュエル,2022-02-05,小倉,6,3歳未勝利,14,8,13,80.7,11,11,富田暁,56,芝,2000,良
2019101614,エコロデュエル,2022-01-23,小倉,5,3歳新馬,16,3,6,42.9,11,7,富田暁,56,芝,1800,重
2019102109,ラピード,2026-08-14,大井,3,C2六 七八(C2七),13,1,1,51.7,11,11,野畑凌,56,ダ,1600,不
2019102109,ラピード,2026-07-21,大井,6,C2九 十,13,4,4,16.3,6,8,和田譲治,56,ダ,1600,良
2019102109,ラピード,2026-07-02,大井,6,C2六 七,12,5,7,11.8,7,8,和田譲治,56,ダ,1600,不
2019102109,ラピード,2025-10-09,大井,8,サンチャゴ賞(C1),11,7,8,30.8,8,11,和田譲治,56,ダ,1600,良
2019102109,ラピード,2025-09-16,大井,8,ピンポン賞(C1),12,2,2,10.0,4,3,和田譲治,56,ダ,1600,稍
2019102109,ラピード,2025-09-03,大井,8,ネグローニ賞(C1),12,4,5,8.2,3,10,和田譲治,56,ダ,1600,良
2019102109,ラピード,2025-08-12,大井,6,ブラック・ベルベット(C1),13,1,1,10.1,4,7,和田譲治,56,ダ,1600,重
2019102109,ラピード,2025-03-27,大井,7,C1六 七八(C1七),9,7,7,5.1,3,3,和田譲治,56,ダ,1600,良
2019102109,ラピード,2025-03-13,大井,9,C1六 七,14,8,13,2.5,1,3,和田譲治,56,ダ,1600,重
2019102109,ラピード,2025-02-17,大井,8,C1八 九,11,8,10,2.8,2,2,吉原寛人,56,ダ,1600,良
2019102109,ラピード,2025-01-30,大井,6,C2五 六七(C2六),14,4,6,2.7,2,1,和田譲治,56,ダ,1600,良
2019102109,ラピード,2025-01-14,大井,7,C211 1213(C212),12,3,3,3.6,1,1,和田譲治,56,ダ,1600,稍
2019102109,ラピード,2024-12-26,大井,10,冬野特別競走(C2),15,1,1,108.8,11,3,藤本現暉,56,ダ,1800,良
2019102109,ラピード,2024-12-06,大井,6,子どもの食支援賞(C2四),14,1,1,31.4,7,8,Ｒ．クア,56,ダ,1600,良
2019102109,ラピード,2024-08-02,大井,9,C2二 三四(C2三),11,2,2,25.3,7,8,本橋孝太,56,ダ,1400,良
2019102109,ラピード,2024-07-12,大井,10,わし座特別競走(C2),13,7,10,11.9,7,9,藤本現暉,56,ダ,1700,重
2019102109,ラピード,2024-06-04,大井,12,へび座特別競走(C1),15,8,14,53.6,11,11,和田譲治,56,ダ,1800,不
2019102109,ラピード,2024-05-15,大井,6,C1五 六七(C1六),13,4,4,9.2,5,10,和田譲治,56,ダ,1600,重
2019102109,ラピード,2024-01-23,大井,10,おうし座特別競走(C1),14,8,13,42.2,9,3,和田譲治,56,ダ,1800,不
2019102109,ラピード,2023-12-31,大井,7,C1二 三四(C1三),14,7,11,9.9,3,6,和田譲治,56,ダ,1600,良
2019102109,ラピード,2023-12-08,大井,7,ハタチの龍馬賞(C1四),14,5,7,25.6,7,5,和田譲治,56,ダ,1600,良
2019102109,ラピード,2023-11-16,大井,7,C1二 三四(C1三),12,5,6,10.8,5,7,和田譲治,56,ダ,1600,良
2019102109,ラピード,2023-11-01,大井,8,ウィスキー・マック賞(C1),11,5,5,5.5,2,2,和田譲治,56,ダ,1600,良
2019102109,ラピード,2023-10-04,大井,7,C1五 六七(C1六),8,4,4,5.8,4,4,和田譲治,56,ダ,1600,不
2019102109,ラピード,2023-08-02,大井,8,I.W.ハーパー賞(C1),12,5,5,17.6,7,3,西啓太,56,ダ,1600,重
2019102109,ラピード,2023-06-29,大井,9,C1三 四五(C1四),13,7,11,5.8,3,6,和田譲治,56,ダ,1400,良
2019102109,ラピード,2023-06-09,大井,7,C1二 三四(C1三),10,3,3,6.9,3,4,和田譲治,56,ダ,1600,不
2019102109,ラピード,2023-05-10,大井,7,C1二 三四(C1三),10,5,5,2.5,2,3,和田譲治,56,ダ,1600,稍
2019102109,ラピード,2023-04-19,大井,8,カフェ・ド・パリ賞(C1),14,2,2,26.2,8,2,和田譲治,56,ダ,1600,稍
2019102109,ラピード,2022-07-27,大井,8,ホノルル賞(C1),14,6,10,26.5,10,13,藤本現暉,55,ダ,1600,重
2019102109,ラピード,2022-07-01,大井,3,3歳 348.,14,8,14,7.7,4,13,藤本現暉,56,ダ,1600,良
2019102109,ラピード,2022-01-28,大井,5,呑川賞(3歳),12,6,7,1.8,1,1,藤本現暉,56,ダ,1600,良
2019102109,ラピード,2021-12-06,大井,3,2歳 新馬,5,3,3,2.0,1,1,藤本現暉,55,ダ,1400,稍
2019102317,シンギングブルース,2026-08-15,大井,8,サンパラソル賞(B3),11,8,10,1.2,1,1,和田譲治,56,ダ,1400,稍
2019102317,シンギングブルース,2026-07-24,大井,12,いて座特別競走(C1三),9,6,6,1.0,1,1,和田譲治,56,ダ,1200,良
2019102317,シンギングブルース,2026-06-30,大井,8,プランターズ・パンチ(C1),16,4,7,1.3,1,1,和田譲治,56,ダ,1200,重
2019102317,シンギングブルース,2026-05-19,大井,8,ポート・フリップ賞(C1六),9,3,3,1.9,2,2,和田譲治,56,ダ,1200,良
2019102317,シンギングブルース,2026-05-01,大井,8,ジン・バック賞(C2三),10,7,7,1.1,1,1,和田譲治,56,ダ,1200,不
2019102317,シンギングブルース,2026-01-15,大井,7,C2六 七,10,2,2,1.0,1,1,和田譲治,56,ダ,1200,良
2019102317,シンギングブルース,2025-12-31,大井,6,C2四 五六(C2五),14,5,7,1.1,1,1,和田譲治,56,ダ,1200,稍
2019102317,シンギングブルース,2025-12-04,大井,4,C2七 八,14,5,7,1.2,1,1,和田譲治,56,ダ,1200,良
2019102317,シンギングブルース,2025-05-23,大井,4,C2三 四五(C2四),11,5,5,1.1,1,2,和田譲治,56,ダ,1200,良
2019102317,シンギングブルース,2025-05-01,大井,7,C2七 八,13,4,4,1.0,1,1,和田譲治,56,ダ,1200,稍
2019102317,シンギングブルース,2025-04-14,大井,10,C214 1516(C215),12,8,13,1.7,1,1,Ｒ．クア,56,ダ,1200,不
2019102317,シンギングブルース,2024-12-29,大井,12,C2八 九,14,7,12,1.3,1,1,和田譲治,56,ダ,1200,良
2019102317,シンギングブルース,2024-12-02,大井,6,エンジェル・フェイス(C2),13,7,11,1.2,1,1,和田譲治,56,ダ,1200,良
2019102317,シンギングブルース,2024-11-08,大井,2,C3一 二,14,2,2,1.2,1,1,和田譲治,56,ダ,1200,良
2019102317,シンギングブルース,2023-09-17,大井,8,ピンポン賞(C2),10,2,2,1.1,1,1,笹川翼,56,ダ,1200,重
2019102317,シンギングブルース,2023-08-13,大井,8,C211 12,11,7,8,2.4,2,3,笹川翼,56,ダ,1200,稍
2019102317,シンギングブルース,2022-12-28,大井,2,C2七 八,16,5,9,2.0,2,3,真島大輔,56,ダ,1200,稍
2019102317,シンギングブルース,2022-12-07,大井,2,3歳 152万,16,1,2,1.6,1,1,真島大輔,56,ダ,1200,不
2019102317,シンギングブルース,2022-05-23,大井,2,3歳 65万円,13,3,3,7.0,2,1,真島大輔,56,ダ,1400,稍
2019102707,プレストヴィーナス,2026-08-18,川崎,10,紅蓮賞(C1),12,4,4,19.0,6,4,張田昂,54,ダ,900,稍
2019102707,プレストヴィーナス,2026-07-31,川崎,10,迅速賞(C1),12,7,10,16.9,5,3,張田昂,54,ダ,900,良
2019102707,プレストヴィーナス,2026-07-06,川崎,12,閃光賞(C1),9,8,10,3.8,3,4,張田昂,54,ダ,900,重
2019102707,プレストヴィーナス,2026-06-15,川崎,9,駿逸賞(C1),12,7,9,2.3,1,2,本田正重,54,ダ,900,重
2019102707,プレストヴィーナス,2026-05-14,川崎,7,紅玉賞(C1),11,5,6,3.9,2,5,本橋孝太,54,ダ,900,良
2019102707,プレストヴィーナス,2026-04-07,川崎,3,初雷賞(C2),12,1,1,1.8,1,1,張田昂,54,ダ,900,重
2019102707,プレストヴィーナス,2026-01-02,川崎,4,凧揚げ賞(C2),12,2,2,1.9,1,1,張田昂,54,ダ,900,稍
2019102707,プレストヴィーナス,2025-12-16,川崎,6,雷火賞(C2),12,8,12,1.9,1,1,張田昂,54,ダ,900,重
2019102707,プレストヴィーナス,2025-11-17,川崎,7,雷鼓賞(C2),12,8,11,7.3,4,2,張田昂,54,ダ,900,良
2019102707,プレストヴィーナス,2025-10-13,川崎,6,巨福呂坂賞(C2),12,4,4,3.6,1,1,張田昂,54,ダ,900,良
2019102707,プレストヴィーナス,2025-06-17,川崎,6,水神賞(C2),12,4,4,2.1,1,9,山本大翔,51,ダ,900,良
2019102707,プレストヴィーナス,2025-05-15,川崎,4,雷動賞(C2),12,6,7,2.4,1,2,山本大翔,51,ダ,900,稍
2019102707,プレストヴィーナス,2025-04-10,川崎,5,春雷賞(C2),12,2,2,2.3,1,5,櫻井光輔,54,ダ,900,稍
2019102707,プレストヴィーナス,2025-03-07,川崎,6,雷鶏賞(C2),11,6,6,2.9,1,2,張田昂,54,ダ,900,重
2019102707,プレストヴィーナス,2024-12-10,川崎,8,奔雷賞(C2),12,5,5,8.9,2,4,張田昂,54,ダ,900,良
2019102707,プレストヴィーナス,2024-11-11,川崎,7,雷鼓賞(C2),12,6,7,3.2,1,2,Ｍ．ミシ,52,ダ,900,稍
2019102707,プレストヴィーナス,2024-10-11,川崎,8,迅雷賞(C2),11,4,4,6.8,3,1,張田昂,52,ダ,900,重
2019102707,プレストヴィーナス,2024-09-04,川崎,5,C2三 四五(C2四),12,2,2,26.7,7,10,中越琉世,54,ダ,1400,重
2019102707,プレストヴィーナス,2024-08-06,川崎,6,チョコバナナ賞(C2),10,3,3,41.8,9,10,中越琉世,54,ダ,1400,良
2019102707,プレストヴィーナス,2024-07-25,川崎,5,C2三 四五(C2四),10,6,7,13.2,6,5,中越琉世,54,ダ,1400,良
2019102707,プレストヴィーナス,2024-07-05,川崎,9,ターメリック賞(C3),12,7,9,11.1,6,1,中越琉世,54,ダ,1400,良
2019102707,プレストヴィーナス,2024-01-31,川崎,9,ワッフル賞(C2),11,6,7,102.1,9,9,中越琉世,54,ダ,1400,良
2019102707,プレストヴィーナス,2024-01-04,川崎,6,門松賞(C2),10,7,8,30.8,5,5,中越琉世,54,ダ,1400,良
2019102707,プレストヴィーナス,2023-12-15,川崎,8,ビュッシュドノエル賞(C2),11,5,6,26.5,7,7,中越琉世,54,ダ,1400,稍
2019102707,プレストヴィーナス,2023-11-09,川崎,3,フルーツタルト賞(C2),10,8,10,8.4,5,2,中越琉世,54,ダ,1400,良
2019102707,プレストヴィーナス,2023-10-11,川崎,12,2023川崎ジョッキ(C2),12,6,7,13.9,5,2,中越琉世,54,ダ,1400,稍
2019102707,プレストヴィーナス,2023-09-14,川崎,4,チョコミント賞(C2),10,5,5,61.0,8,10,張田昂,54,ダ,1400,良
2019102707,プレストヴィーナス,2023-08-22,川崎,5,チョコバナナ賞(C2),8,1,1,8.2,3,6,張田昂,54,ダ,1400,稍
2019102707,プレストヴィーナス,2023-07-28,川崎,7,バジル賞(C3),12,7,10,8.6,5,1,張田昂,54,ダ,1400,良
2019102707,プレストヴィーナス,2023-02-01,川崎,6,C2四 五六(C2五),12,5,6,14.9,5,4,張田昂,54,ダ,1400,良
2019102707,プレストヴィーナス,2023-01-03,川崎,7,大黒天賞(C2五),12,8,12,76.4,10,5,張田昂,54,ダ,1400,良
2019102707,プレストヴィーナス,2022-12-15,川崎,7,大迫力の噴水ショー!(C2五),12,8,11,16.0,6,7,山崎誠士,54,ダ,1400,稍
2019102707,プレストヴィーナス,2022-11-10,川崎,5,C2七 八九(C2八),12,7,10,9.4,4,3,山崎誠士,54,ダ,1400,良
2019102707,プレストヴィーナス,2022-10-14,川崎,12,下野賞(C2八),12,8,11,14.4,6,7,山崎誠士,54,ダ,1400,重
2019102707,プレストヴィーナス,2022-05-18,川崎,1,桜梅桃李賞(3歳),11,8,11,4.9,3,3,山崎誠士,54,ダ,1400,重
2019102707,プレストヴィーナス,2022-04-08,川崎,1,3歳7,12,5,6,6.1,4,1,山崎誠士,54,ダ,1400,稍
2019102707,プレストヴィーナス,2022-03-02,川崎,1,3歳8,12,7,9,24.1,7,7,張田昂,54,ダ,1400,良
2019102707,プレストヴィーナス,2022-02-03,川崎,2,シュトゥルム特別(3歳),12,5,6,41.4,9,12,張田昂,54,ダ,1400,良
2019102707,プレストヴィーナス,2022-01-07,川崎,3,3歳10,11,1,1,62.4,9,5,神尾香澄,50,ダ,1400,稍
2019102707,プレストヴィーナス,2021-07-28,川崎,7,オニヤンマ特別(2歳),11,5,5,76.5,9,8,古岡勇樹,52,ダ,1400,重
2019102707,プレストヴィーナス,2021-07-09,川崎,5,スパーキングデビュー(2歳),6,5,5,14.7,5,4,古岡勇樹,51,ダ,1400,不
2019102810,ディーノエナジー,2026-08-31,大井,1,C3五 六,13,3,3,81.2,11,3,田中洸多,56,ダ,1600,良
2019102810,ディーノエナジー,2026-04-27,大井,1,C3六 七,14,4,6,35.0,11,14,谷内貫太,55,ダ,1600,不
2019102810,ディーノエナジー,2026-03-23,大井,2,C3七 八,14,5,8,54.7,7,13,菅原涼太,56,ダ,1600,良
2019102810,ディーノエナジー,2026-03-09,大井,3,C3七 八,15,3,5,416.6,12,8,石川駿介,56,ダ,1200,稍
2019102810,ディーノエナジー,2026-02-17,大井,1,C3六 七,15,4,7,105.4,10,7,石川倭,56,ダ,1200,稍
2019102810,ディーノエナジー,2026-01-27,大井,1,C3六 七,14,4,6,61.6,10,9,石川倭,56,ダ,1200,良
2019102810,ディーノエナジー,2026-01-12,大井,3,C3八 九,15,2,3,24.2,6,8,石川倭,56,ダ,1200,良
2019102810,ディーノエナジー,2025-12-25,大井,2,C3一 二,9,3,3,54.6,7,7,菅原涼太,56,ダ,1200,重
2019102810,ディーノエナジー,2025-12-03,大井,1,C3一 二,14,6,10,95.0,13,14,小野楓馬,56,ダ,1600,良
2019102810,ディーノエナジー,2025-11-14,大井,1,C3一 二,13,1,1,67.1,11,13,藤田凌,56,ダ,1600,稍
2019102810,ディーノエナジー,2025-10-22,大井,1,C3一 二,14,7,11,35.0,6,13,藤田凌,56,ダ,1600,稍
2019102810,ディーノエナジー,2025-10-06,大井,1,C3三 四五(C3四),12,5,5,5.4,3,5,藤田凌,56,ダ,1600,良
2019102810,ディーノエナジー,2025-09-04,大井,1,C3三 四,12,6,8,3.4,2,10,菅原涼太,56,ダ,1600,良
2019102810,ディーノエナジー,2025-08-15,大井,1,C3一 二,14,5,8,8.6,4,12,藤田凌,56,ダ,1600,良
2019102810,ディーノエナジー,2025-07-04,大井,1,C3一 二,11,7,9,2.0,1,3,藤田凌,56,ダ,1600,良
2019102810,ディーノエナジー,2025-06-12,大井,1,C3三 四,11,4,4,5.7,4,1,藤田凌,56,ダ,1600,重
2019102810,ディーノエナジー,2025-05-21,大井,2,C3三 四,14,8,13,71.4,11,8,達城龍次,56,ダ,1200,稍
2019102810,ディーノエナジー,2025-04-29,大井,2,C3四 五,14,7,11,15.8,7,12,達城龍次,56,ダ,1200,不
2019102810,ディーノエナジー,2024-12-03,大井,4,C211 1213(C212),14,4,5,25.3,8,8,達城龍次,56,ダ,1400,良
2019102810,ディーノエナジー,2024-11-05,大井,7,C212 1314(C213),13,8,12,14.8,7,2,達城龍次,56,ダ,1400,稍
2019102810,ディーノエナジー,2024-10-14,大井,5,一緒に未来を描けるま(C2),13,6,10,10.7,5,4,達城龍次,56,ダ,1200,良
2019102810,ディーノエナジー,2024-09-29,大井,5,C2九 十,14,3,4,19.1,8,7,達城龍次,56,ダ,1200,稍
2019102810,ディーノエナジー,2024-09-09,大井,6,ソノラ賞(C2),16,2,4,10.4,8,7,高橋優,53,ダ,1200,良
2019102810,ディーノエナジー,2024-08-12,大井,9,C2十 1112(C211),12,6,7,9.9,4,6,高橋優,53,ダ,1400,良
2019102810,ディーノエナジー,2024-07-29,大井,9,C2十 11,15,5,8,61.1,10,4,高橋優,53,ダ,1200,良
2019102810,ディーノエナジー,2024-07-08,大井,6,C2十 11,14,4,6,153.6,11,12,篠谷葵,56,ダ,1600,稍
2019102810,ディーノエナジー,2024-06-26,大井,5,C2七 八,13,8,12,23.3,6,7,篠谷葵,56,ダ,1600,稍
2019102810,ディーノエナジー,2024-06-06,大井,6,C2八 九,14,2,2,117.4,10,7,篠谷葵,56,ダ,1200,稍
2019102810,ディーノエナジー,2024-05-15,大井,4,C2九 十11(C2十),14,3,4,138.3,13,6,篠谷葵,56,ダ,1400,重
2019102810,ディーノエナジー,2024-04-24,大井,6,C2九 十,14,2,2,65.0,11,10,篠谷葵,56,ダ,1600,重
2019102810,ディーノエナジー,2024-04-10,大井,10,こぐま座特別競走(C2),15,1,1,105.5,11,15,篠谷葵,56,ダ,1800,重
2019102810,ディーノエナジー,2024-03-20,大井,7,C211 12,13,5,7,100.5,8,8,保園翔也,56,ダ,1600,良
2019102810,ディーノエナジー,2023-12-09,大井,8,プース・カフェ賞(C1九),13,3,3,335.9,11,9,保園翔也,56,ダ,1400,良
2019102810,ディーノエナジー,2023-12-05,大井,8,プース・カフェ賞(C1九),,3,3,,,,保園翔也,56,ダ,1400,良
2019102810,ディーノエナジー,2023-11-13,大井,8,イエロー・パロット賞(C1),12,8,12,120.9,11,12,菅原涼太,55,ダ,1600,良
2019102810,ディーノエナジー,2023-10-29,大井,8,C111 12,13,4,5,172.4,11,7,藤田凌,56,ダ,1200,稍
2019102810,ディーノエナジー,2023-09-17,大井,9,C1九 十,10,3,3,78.5,9,8,西啓太,56,ダ,1600,重
2019102810,ディーノエナジー,2023-09-05,大井,7,C1八 九十(C1九),13,3,4,85.1,10,10,保園翔也,56,ダ,1400,重
2019102810,ディーノエナジー,2023-08-14,大井,8,C1十 11,12,3,3,76.6,8,8,菅原涼太,55,ダ,1200,不
2019102810,ディーノエナジー,2023-08-01,大井,8,バックス・フィズ賞(C1八),12,1,1,108.7,10,6,保園翔也,56,ダ,1400,不
2019102810,ディーノエナジー,2023-07-10,大井,8,ブラッドハウンド賞(C1),12,6,8,35.5,9,8,保園翔也,56,ダ,1600,良
2019102810,ディーノエナジー,2023-06-28,大井,7,C1六 七,11,8,10,75.0,10,8,菅原涼太,55,ダ,1600,良
2019102810,ディーノエナジー,2023-06-06,大井,8,ハネムーン賞(C1六),10,6,7,83.0,9,5,菅原涼太,55,ダ,1400,重
2019102810,ディーノエナジー,2023-05-23,大井,7,C1五 六七(C1六),14,4,6,88.8,13,9,秋山稔樹,55,ダ,1400,不
2019102810,ディーノエナジー,2023-05-09,大井,8,インペリアル・フィズ(C1六),11,7,9,136.7,10,10,菅原涼太,55,ダ,1400,重
2019102810,ディーノエナジー,2023-04-19,大井,8,カフェ・ド・パリ賞(C1),14,3,4,61.3,11,11,菅原涼太,55,ダ,1600,稍
2019102810,ディーノエナジー,2023-03-29,大井,8,コモドール賞(C1),14,5,7,265.9,13,9,菅原涼太,55,ダ,1600,重
2019102810,ディーノエナジー,2023-03-07,大井,8,C1四 五,,3,3,,,,菅原涼太,55,ダ,1600,良
2019102810,ディーノエナジー,2023-02-24,大井,8,C1三 四,14,5,7,95.8,12,9,菅原涼太,55,ダ,1600,良
2019102810,ディーノエナジー,2023-01-27,大井,8,C1二 三四(C1三),14,8,13,31.9,7,12,森泰斗,56,ダ,1400,良
2019102810,ディーノエナジー,2022-12-06,大井,8,シェリー・フリップ賞(C1七),14,8,14,37.4,11,5,菅原涼太,54,ダ,1400,不
2019102810,ディーノエナジー,2022-11-16,大井,7,C1七 八,14,7,11,37.9,11,6,西啓太,56,ダ,1200,良
2019102810,ディーノエナジー,2022-11-03,大井,6,C1六 七,15,5,8,57.3,8,7,岡村健司,56,ダ,1200,良
2019102810,ディーノエナジー,2022-10-07,大井,9,C2二 三,11,7,9,8.5,4,1,森泰斗,56,ダ,1200,不
2019102810,ディーノエナジー,2022-09-23,大井,2,3歳 283.,12,2,2,10.4,5,8,菅原涼太,54,ダ,1400,重
2019102810,ディーノエナジー,2022-09-09,大井,5,3歳 283.,14,4,6,6.3,2,6,森泰斗,56,ダ,1600,良
2019102810,ディーノエナジー,2022-08-19,大井,1,3歳 318.,12,8,12,2.7,1,8,矢野貴之,56,ダ,1600,重
2019102810,ディーノエナジー,2022-06-25,阪神,3,3歳未勝利,16,2,4,42.0,6,9,藤田菜七,54,ダ,1800,良
2019102810,ディーノエナジー,2022-06-11,中京,1,3歳未勝利,14,8,13,23.1,7,4,藤田菜七,54,ダ,1800,良
2019102810,ディーノエナジー,2022-05-31,高知,4,桂浜盃(3歳),11,5,5,4.4,3,3,上田将司,56,ダ,1400,不
2019102810,ディーノエナジー,2022-04-24,福島,3,3歳未勝利,15,1,1,16.7,6,7,大久保友,53,ダ,1700,良
2019102810,ディーノエナジー,2022-03-26,阪神,2,3歳未勝利,13,5,6,42.7,8,5,大久保友,53,ダ,1800,良
2019102810,ディーノエナジー,2022-01-29,中京,3,3歳未勝利,11,7,9,12.7,5,10,団野大成,56,ダ,1900,良
2019102810,ディーノエナジー,2022-01-15,小倉,1,3歳未勝利,9,8,8,4.8,3,8,横山和生,56,ダ,1700,良
2019102810,ディーノエナジー,2022-01-05,中山,4,3歳新馬,11,6,6,1.7,1,2,横山武史,56,ダ,1800,良
2019103556,サクハル,2026-06-29,大井,10,B2四,11,3,3,49.3,6,5,西啓太,56,ダ,1400,不
2019103556,サクハル,2026-06-08,大井,11,ゲンマ賞競走(B2),16,5,9,38.9,8,10,西啓太,56,ダ,1200,不
2019103556,サクハル,2026-05-19,大井,12,紀伊国坂賞競走(B3),16,8,15,12.6,5,1,野畑凌,56,ダ,1200,良
2019103556,サクハル,2026-01-28,大井,10,別所坂賞競走(B3),13,5,7,32.3,5,2,野畑凌,56,ダ,1200,良
2019103556,サクハル,2026-01-16,大井,12,道玄坂賞競走(B3),14,7,11,14.9,5,4,野畑凌,56,ダ,1400,良
2019103556,サクハル,2025-12-31,大井,12,おおとり賞競走(B2),16,6,12,95.8,14,10,野畑凌,56,ダ,1200,稍
2019103556,サクハル,2025-12-05,大井,11,スマイルシティ・品川(B2),14,4,5,21.7,6,11,西啓太,56,ダ,1200,良
2019103556,サクハル,2025-10-07,大井,10,プルザトリガー賞競走(B3),11,6,7,4.3,2,2,西啓太,56,ダ,1200,良
2019103556,サクハル,2025-09-19,大井,12,伊皿子坂賞競走(B3),16,7,13,6.6,3,14,西啓太,56,ダ,1200,不
2019103556,サクハル,2025-09-02,大井,11,貴船坂賞競走(B3),12,1,1,2.6,1,4,西啓太,56,ダ,1400,良
2019103556,サクハル,2025-07-19,小倉,10,熊本城特別(2勝クラス),16,7,14,132.2,15,15,長岡禎仁,58,ダ,1700,重
2019103556,サクハル,2025-06-01,京都,8,4歳以上2勝クラス,16,3,6,163.3,16,12,長岡禎仁,58,ダ,1200,良
2019103556,サクハル,2025-05-22,大井,11,’25メトロポリタン(A2B1),15,2,2,37.4,7,2,長岡禎仁,57,ダ,1200,良
2019103556,サクハル,2025-03-02,阪神,12,4歳以上2勝クラス,16,8,15,173.2,15,13,和田竜二,58,ダ,1200,良
2019103556,サクハル,2025-01-19,中京,10,豊川特別(2勝クラス),16,7,13,262.8,16,15,長岡禎仁,58,ダ,1200,良
2019103556,サクハル,2024-12-22,京都,8,3歳以上2勝クラス,16,1,1,127.6,14,14,長岡禎仁,58,ダ,1400,良
2019103556,サクハル,2024-09-07,中京,12,3歳以上2勝クラス,11,1,1,51.7,9,10,長岡禎仁,58,ダ,1200,良
2019103556,サクハル,2024-06-23,京都,12,リボン賞(2勝クラス),16,1,2,92.5,12,8,長岡禎仁,58,ダ,1200,不
2019103556,サクハル,2024-04-06,阪神,12,4歳以上2勝クラス,13,7,10,23.2,8,12,長岡禎仁,58,ダ,1200,稍
2019103556,サクハル,2024-03-09,中京,9,伊良湖特別(2勝クラス),16,4,8,16.4,8,8,長岡禎仁,58,ダ,1200,良
2019103556,サクハル,2024-02-25,阪神,12,4歳以上1勝クラス,15,4,6,31.3,8,1,長岡禎仁,58,ダ,1200,不
2019103556,サクハル,2023-10-21,京都,6,3歳以上1勝クラス,14,5,7,54.8,12,11,和田竜二,58,ダ,1200,良
2019103556,サクハル,2023-10-09,京都,8,3歳以上1勝クラス,16,6,11,31.9,11,9,長岡禎仁,58,ダ,1200,重
2019103556,サクハル,2023-09-23,阪神,9,3歳以上1勝クラス,15,6,11,69.0,12,10,長岡禎仁,58,ダ,1200,稍
2019103556,サクハル,2023-06-17,阪神,12,3歳以上1勝クラス,16,2,3,41.9,9,14,長岡禎仁,58,ダ,1200,良
2019103556,サクハル,2023-04-09,阪神,6,4歳以上1勝クラス,13,1,1,4.8,3,10,松若風馬,58,ダ,1200,稍
2019103556,サクハル,2023-03-25,阪神,12,4歳以上1勝クラス,14,6,10,6.3,4,2,和田竜二,58,ダ,1200,稍
2019103556,サクハル,2023-02-04,中京,6,4歳以上1勝クラス,16,1,1,7.7,4,9,角田大河,56,ダ,1200,良
2019103556,サクハル,2023-01-14,中京,8,4歳以上1勝クラス,14,8,14,11.7,4,3,角田大河,56,ダ,1200,重
2019103556,サクハル,2022-12-25,阪神,8,3歳以上1勝クラス,15,2,2,15.7,5,6,松若風馬,56,ダ,1200,良
2019103556,サクハル,2022-10-10,阪神,7,3歳以上1勝クラス,14,8,14,10.1,5,6,松若風馬,55,ダ,1200,不
2019103556,サクハル,2022-09-18,中京,8,3歳以上1勝クラス,15,4,7,8.4,4,8,松若風馬,55,ダ,1200,良
2019103556,サクハル,2022-03-27,阪神,2,3歳未勝利,16,2,3,48.9,8,1,松若風馬,56,ダ,1200,重
2019103556,サクハル,2022-03-13,阪神,2,3歳未勝利,11,8,11,12.0,6,9,和田竜二,56,ダ,1800,良
2019103556,サクハル,2022-02-19,阪神,4,3歳未勝利,13,1,1,11.7,4,6,和田竜二,56,ダ,1400,良
2019103556,サクハル,2022-01-29,中京,4,3歳新馬,14,4,6,18.5,8,3,和田竜二,56,ダ,1400,良
2019104255,アンジェラカフェ,2026-08-20,川崎,1,C3四,12,8,12,47.6,9,5,藤江渉,54,ダ,1400,良
2019104255,アンジェラカフェ,2026-07-28,川崎,3,ペパーミント賞(C3),9,8,9,205.6,9,7,神尾香澄,52,ダ,1500,良
2019104255,アンジェラカフェ,2026-07-07,川崎,6,コリアンダー賞(C3),11,1,1,71.6,7,8,神尾香澄,52,ダ,1500,重
2019104255,アンジェラカフェ,2026-06-19,川崎,5,ヴェルザンディ賞(C2C3),10,5,5,112.5,10,8,岡村裕基,53,ダ,2000,重
2019104255,アンジェラカフェ,2026-05-26,浦和,7,桶川べに花まつり賞(C3),11,8,11,195.8,11,9,岡村裕基,54,ダ,2000,稍
2019104255,アンジェラカフェ,2026-05-11,川崎,6,スペアミント賞(C3),9,6,6,215.3,9,9,藤江渉,54,ダ,1500,良
2019104255,アンジェラカフェ,2026-04-23,浦和,2,ランチタイム(C3),12,5,5,73.1,10,12,岡村裕基,54,ダ,1400,良
2019104255,アンジェラカフェ,2026-01-01,川崎,4,五煙草賞(C3),14,8,14,139.8,13,13,伊藤裕人,54,ダ,1500,稍
2019104255,アンジェラカフェ,2025-12-16,川崎,7,アストレア賞(C2),14,5,8,150.5,13,13,加藤雄真,51,ダ,2000,重
2019104255,アンジェラカフェ,2025-11-20,川崎,8,C2六 七八(C2七),12,7,9,241.6,12,9,岡村裕基,54,ダ,1400,良
2019104255,アンジェラカフェ,2025-10-31,浦和,3,C2十 11,10,1,1,86.7,9,7,岡村裕基,54,ダ,1400,稍
2019104255,アンジェラカフェ,2025-10-16,川崎,6,YJSトライアルラウ(C3),14,7,12,35.8,8,1,長浜鴻緒,54,ダ,1500,重
2019104255,アンジェラカフェ,2025-09-26,浦和,4,特選(C3),12,3,3,124.3,12,9,藤江渉,54,ダ,1500,良
2019104255,アンジェラカフェ,2025-09-10,川崎,5,サフラン賞(C3),12,5,6,177.9,12,11,藤江渉,54,ダ,1500,稍
2019104255,アンジェラカフェ,2025-08-21,川崎,7,C3三 四,11,8,10,114.3,10,8,藤江渉,54,ダ,1400,良
2019104255,アンジェラカフェ,2025-08-04,川崎,6,C3三 四五(C3四),11,6,6,97.1,10,9,増田充宏,54,ダ,1400,良
2019104255,アンジェラカフェ,2025-07-11,川崎,12,ファイナルアンサー賞(C3),12,6,7,27.7,8,12,本田紀忠,54,ダ,1400,重
2019104255,アンジェラカフェ,2025-06-18,川崎,3,レモングラス賞(C3),12,5,5,49.1,10,11,藤江渉,54,ダ,1500,良
2019104255,アンジェラカフェ,2025-05-26,浦和,9,サツキツツジ特別(C3),12,8,11,30.7,9,11,今野忠成,54,ダ,1500,稍
2019104255,アンジェラカフェ,2025-05-16,川崎,6,スペアミント賞(C3),12,7,10,23.8,7,6,今野忠成,54,ダ,1500,稍
2019104255,アンジェラカフェ,2025-04-25,浦和,2,特選(C3三),9,5,5,,,取,今野忠成,54,ダ,1400,良
2019104255,アンジェラカフェ,2025-04-10,川崎,3,C3三 四五(C3四),12,2,2,11.9,8,1,今野忠成,54,ダ,1400,稍
2019104255,アンジェラカフェ,2025-03-19,浦和,2,ランチタイムチャレン(C3),,6,7,,,,藤江渉,54,ダ,1400,不
2019104255,アンジェラカフェ,2025-03-05,川崎,4,C3三 四五(C3四),9,8,9,17.9,5,3,藤江渉,54,ダ,1400,不
2019104255,アンジェラカフェ,2025-02-08,川崎,6,アリアンロッド賞(C3),11,1,1,28.8,6,7,藤江渉,54,ダ,2000,良
2019104255,アンジェラカフェ,2025-01-02,川崎,3,いろはかるた賞(C3),14,1,1,12.9,5,10,藤江渉,54,ダ,1400,良
2019104255,アンジェラカフェ,2024-12-12,川崎,7,春紫苑賞(C2七),13,5,8,64.5,12,4,藤江渉,54,ダ,1500,良
2019104255,アンジェラカフェ,2024-11-28,船橋,3,C2六 七,12,1,1,39.5,7,9,藤江渉,54,ダ,1500,稍
2019104255,アンジェラカフェ,2024-11-14,川崎,7,C2六 七八(C2七),14,3,4,28.8,7,5,藤江渉,54,ダ,1500,良
2019104255,アンジェラカフェ,2024-10-24,浦和,3,C2九,11,8,11,26.6,7,5,藤江渉,54,ダ,1500,良
2019104255,アンジェラカフェ,2024-10-08,川崎,6,YJSトライアルラウ(C2),14,5,7,13.5,5,8,佐野遥久,54,ダ,1600,重
2019104255,アンジェラカフェ,2024-09-05,川崎,6,サフラン賞(C3),12,6,7,5.8,3,2,藤江渉,54,ダ,1500,稍
2019104255,アンジェラカフェ,2024-08-09,川崎,7,オレガノ賞(C3),12,5,6,10.8,5,3,西啓太,54,ダ,1500,良
2019104255,アンジェラカフェ,2024-07-25,川崎,3,ペパーミント賞(C3),12,8,11,15.6,8,9,山林堂信,54,ダ,1500,良
2019104255,アンジェラカフェ,2024-07-01,川崎,5,コンコルディア賞(C3),8,3,3,10.0,5,1,藤江渉,54,ダ,2000,重
2019104255,アンジェラカフェ,2024-06-12,川崎,12,2024川崎ジョッキ(C3),14,3,4,6.3,3,9,田中涼,54,ダ,1500,良
2019104255,アンジェラカフェ,2024-05-10,川崎,12,ファイナルアンサー賞(C3),9,4,4,2.7,1,3,伊藤裕人,54,ダ,1500,良
2019104255,アンジェラカフェ,2024-04-01,川崎,6,アスターテ賞(C3),10,7,7,10.6,6,6,伊藤裕人,54,ダ,2000,重
2019104255,アンジェラカフェ,2024-03-15,川崎,7,スターアニス賞(C3),12,8,11,10.1,4,7,伊藤裕人,54,ダ,1500,稍
2019104255,アンジェラカフェ,2024-02-02,川崎,6,リコリス賞(C3),12,4,4,41.9,7,6,伊藤裕人,54,ダ,1500,良
2019104255,アンジェラカフェ,2024-01-05,川崎,5,ルッコラ賞(C3),10,8,11,11.2,6,5,伊藤裕人,54,ダ,1400,良
2019104255,アンジェラカフェ,2023-12-13,川崎,8,沈丁花賞(C2四),14,4,6,78.7,11,4,伊藤裕人,54,ダ,1500,稍
2019104255,アンジェラカフェ,2023-11-07,川崎,5,エウプロシュネー賞(C2),14,1,1,63.6,12,9,伊藤裕人,54,ダ,2000,良
2019104255,アンジェラカフェ,2023-10-12,川崎,2,アグライアー賞(C3),8,7,7,8.4,5,2,伊藤裕人,54,ダ,2000,稍
2019104255,アンジェラカフェ,2023-09-11,川崎,6,ユウェンタース賞(C3),12,2,2,7.5,3,5,伊藤裕人,54,ダ,2000,良
2019104255,アンジェラカフェ,2023-08-25,川崎,7,クミン賞(C3),9,7,8,12.9,5,4,伊藤裕人,54,ダ,1400,良
2019104255,アンジェラカフェ,2023-07-28,川崎,7,バジル賞(C3),12,8,12,7.0,4,5,伊藤裕人,54,ダ,1400,良
2019104255,アンジェラカフェ,2023-07-06,川崎,5,C3三 四,12,2,2,18.8,5,3,伊藤裕人,54,ダ,1500,稍
2019104255,アンジェラカフェ,2023-04-07,川崎,2,C2七 八九(C2八),11,7,9,57.3,8,4,伊藤裕人,54,ダ,1400,稍
2019104255,アンジェラカフェ,2023-03-14,船橋,12,ホワイトデー特別(C2),14,4,5,151.7,13,8,伊藤裕人,54,ダ,1800,良
2019104255,アンジェラカフェ,2023-03-03,川崎,7,アトロポス賞(C2),14,4,5,23.1,6,9,和田譲治,54,ダ,2000,良
2019104255,アンジェラカフェ,2023-01-31,川崎,9,マイスターチャレンジ(C2),14,6,10,17.9,7,9,吉原寛人,54,ダ,1500,良
2019104255,アンジェラカフェ,2023-01-01,川崎,4,六座頭賞(C2),11,7,9,23.3,7,5,伊藤裕人,54,ダ,2000,良
2019104255,アンジェラカフェ,2022-12-13,川崎,6,雉鳩特別(3歳),12,1,1,4.1,2,4,御神本訓,54,ダ,1500,重
2019104255,アンジェラカフェ,2022-12-01,船橋,4,バラ賞(3歳),12,3,3,2.9,1,4,御神本訓,54,ダ,1500,良
2019104255,アンジェラカフェ,2022-11-08,川崎,2,四十雀特別(3歳),13,5,7,7.7,4,4,御神本訓,54,ダ,1500,良
2019104255,アンジェラカフェ,2022-09-03,新潟,7,3歳未勝利,18,3,5,7.7,6,8,武士沢友,54,芝,1800,良
2019104255,アンジェラカフェ,2022-08-14,新潟,6,3歳未勝利,18,8,16,22.4,6,3,武士沢友,54,芝,2000,稍
2019104255,アンジェラカフェ,2022-07-09,福島,7,3歳未勝利,16,6,12,333.9,16,7,武士沢友,54,芝,1800,良
2019104848,スコッチキルト,2026-05-19,大井,1,C3四 五六(C3五),13,4,5,4.4,2,1,藤本現暉,56,ダ,1600,良
2019104848,スコッチキルト,2026-04-28,大井,1,C3四 五,11,7,9,5.1,3,6,藤本現暉,56,ダ,1600,不
2019104848,スコッチキルト,2026-04-13,大井,1,C3六 七,13,5,7,3.1,2,1,藤本現暉,56,ダ,1600,良
2019104848,スコッチキルト,2026-03-23,大井,2,C3七 八,14,7,12,26.3,4,4,藤本現暉,56,ダ,1600,良
2019104848,スコッチキルト,2026-03-10,大井,1,C3五 六,14,2,2,12.9,7,10,藤本現暉,56,ダ,1600,稍
2019104848,スコッチキルト,2025-12-03,大井,1,C3一 二,14,2,2,4.5,3,9,町田直希,56,ダ,1600,良
2019104848,スコッチキルト,2025-11-14,大井,1,C3一 二,13,8,12,3.4,2,8,町田直希,56,ダ,1600,稍
2019104848,スコッチキルト,2025-10-20,大井,1,東京メトロポリタンウ(C3),14,8,14,2.3,1,1,町田直希,56,ダ,1600,稍
2019104848,スコッチキルト,2025-07-04,大井,1,C3一 二,11,8,10,6.8,3,7,吉井章,56,ダ,1600,良
2019104848,スコッチキルト,2025-05-22,大井,1,C3一 二,13,5,7,3.3,1,6,町田直希,56,ダ,1600,良
2019104848,スコッチキルト,2025-04-29,大井,1,C3四 五,8,1,1,3.1,2,1,町田直希,56,ダ,1600,不
2019104848,スコッチキルト,2025-04-17,大井,3,C3一,12,6,8,5.9,4,4,町田直希,56,ダ,1800,良
2019104848,スコッチキルト,2025-03-27,大井,1,C3一,11,5,5,4.7,3,6,町田直希,56,ダ,1800,良
2019104848,スコッチキルト,2025-03-11,大井,1,C3四 五,14,8,13,14.3,4,7,町田直希,56,ダ,1600,重
2019104848,スコッチキルト,2024-12-26,大井,10,冬野特別競走(C2),15,2,2,179.6,13,10,千田洋,56,ダ,1800,良
2019104848,スコッチキルト,2024-12-03,大井,10,オリオン座特別競走(C2),15,2,3,63.2,9,11,町田直希,56,ダ,1700,良
2019104848,スコッチキルト,2024-11-07,大井,10,山茶花特別競走(C2),16,4,8,260.5,16,4,町田直希,56,ダ,2000,稍
2019104848,スコッチキルト,2024-10-14,大井,4,ひと、つながる。墨田(C2),12,6,8,13.5,6,5,町田直希,56,ダ,1600,良
2019104848,スコッチキルト,2024-09-30,大井,10,とかげ座特別競走(C2),10,5,5,59.7,8,5,野畑凌,56,ダ,1800,良
2019104848,スコッチキルト,2024-09-10,大井,10,こうま座特別競走(C2),11,3,3,71.5,10,9,達城龍次,56,ダ,1700,良
2019104848,スコッチキルト,2024-08-12,大井,8,ブラック・ベルベット(C211),13,6,9,31.4,8,10,達城龍次,56,ダ,1600,良
2019104848,スコッチキルト,2024-07-29,大井,8,マイアミ賞(C2),14,6,9,10.0,6,11,安藤洋一,56,ダ,1600,良
2019104848,スコッチキルト,2024-07-10,大井,1,C3二 三,11,1,1,58.6,8,2,安藤洋一,56,ダ,1600,良
2019104848,スコッチキルト,2024-03-18,大井,12,ニュートラックかみの(C2),16,5,9,189.7,13,13,西啓太,56,ダ,1700,良
2019104848,スコッチキルト,2024-02-26,大井,12,梅花特別競走(C2),15,6,11,97.5,10,11,野畑凌,56,ダ,2000,重
2019104848,スコッチキルト,2024-02-14,大井,4,渋谷川賞(C211),13,8,12,26.6,8,10,本田正重,56,ダ,1600,良
2019104848,スコッチキルト,2024-01-26,大井,5,C3一,12,8,12,9.7,2,1,本田正重,56,ダ,1800,稍
2019104848,スコッチキルト,2023-12-29,大井,11,C2七 八,14,5,8,35.1,8,6,本田正重,56,ダ,1600,良
2019104848,スコッチキルト,2023-12-06,大井,6,C2八 九十(C2九),12,5,5,15.6,4,9,本田正重,56,ダ,1600,良
2019104848,スコッチキルト,2023-11-14,大井,5,C2七 八,14,4,5,14.6,5,8,本田正重,56,ダ,1600,良
2019104848,スコッチキルト,2023-10-30,大井,7,C212 13,13,5,6,15.1,7,2,本田正重,56,ダ,1600,良
2019104848,スコッチキルト,2023-10-03,大井,7,C2九 十11(C2十),9,2,2,8.2,5,6,本田正重,56,ダ,1600,良
2019104848,スコッチキルト,2023-09-17,大井,7,もっとよくなる江東区(C2),11,6,6,17.5,7,2,本田正重,56,ダ,1600,重
2019104848,スコッチキルト,2023-05-11,大井,6,C2四 五六(C2五),14,3,3,71.7,12,9,藤本現暉,56,ダ,1600,良
2019104848,スコッチキルト,2023-04-20,大井,5,C2五 六,12,6,7,17.4,6,7,本田正重,56,ダ,1600,良
2019104848,スコッチキルト,2023-03-28,大井,4,C2九 十11(C2十),13,8,12,29.4,9,2,本田正重,56,ダ,1600,不
2019104848,スコッチキルト,2023-03-06,大井,10,りゅうこつ座特別競走(C2),16,4,7,81.3,8,8,本田正重,56,ダ,1800,良
2019104848,スコッチキルト,2023-02-22,大井,7,C2八 九,15,4,8,84.3,11,11,新原周馬,55,ダ,1200,良
2019104848,スコッチキルト,2023-01-24,大井,7,C2九 十,16,2,4,43.8,9,6,本田正重,56,ダ,1200,良
2019104848,スコッチキルト,2022-12-27,大井,7,C2九 十11(C2十),14,6,9,26.3,8,7,本田正重,56,ダ,1400,稍
2019104848,スコッチキルト,2022-12-07,大井,6,C2七 八九(C2八),14,8,14,17.6,5,6,本田正重,56,ダ,1400,不
2019104848,スコッチキルト,2022-11-15,大井,6,C2七 八九(C2八),13,7,11,17.7,4,5,本田正重,56,ダ,1600,良
2019104848,スコッチキルト,2022-11-01,大井,5,C2八 九十(C2九),14,5,8,31.0,8,7,本田正重,56,ダ,1600,良
2019104848,スコッチキルト,2022-06-09,大井,1,3歳 281.,10,6,6,,,除,本田正重,56,ダ,1600,重
2019104848,スコッチキルト,2022-05-11,大井,1,3歳 276万,12,5,6,35.2,6,2,本田正重,56,ダ,1600,良
2019104848,スコッチキルト,2022-04-20,大井,3,3歳 146万,11,8,10,4.7,3,2,本田正重,56,ダ,1600,不
2019104848,スコッチキルト,2022-03-29,大井,5,3歳 173.,13,5,7,3.9,1,11,本田正重,56,ダ,1600,重
2019104848,スコッチキルト,2022-03-08,大井,3,3歳 160万,13,1,1,5.5,2,6,本田正重,56,ダ,1600,良
2019104848,スコッチキルト,2021-11-15,大井,3,2歳 80万円,12,5,5,4.1,3,3,本田正重,55,ダ,1600,良
2019104848,スコッチキルト,2021-10-31,大井,3,2歳 新馬,8,4,4,8.0,4,3,本田正重,55,ダ,1600,重
2019105481,リンダポッケ,2026-01-26,大井,7,C216 17,14,6,10,7.5,3,5,矢野貴之,54,ダ,1200,良
2019105481,リンダポッケ,2025-12-30,大井,6,C2七 八,14,7,11,6.0,2,11,矢野貴之,54,ダ,1200,稍
2019105481,リンダポッケ,2025-12-04,大井,4,C2七 八,14,8,14,4.9,2,2,矢野貴之,54,ダ,1200,良
2019105481,リンダポッケ,2025-11-12,大井,5,C2九 十11(C2十),14,6,10,3.0,2,5,矢野貴之,54,ダ,1400,稍
2019105481,リンダポッケ,2025-04-17,大井,6,C2六 七八(C2七),14,7,12,1.4,1,1,矢野貴之,54,ダ,1200,良
2019105481,リンダポッケ,2025-03-25,大井,8,ゴールデン・ドリーム(C2),13,4,5,1.5,1,1,矢野貴之,54,ダ,1200,良
2019105481,リンダポッケ,2025-03-13,大井,3,C3一 二三(C3二),16,5,10,1.5,1,1,矢野貴之,54,ダ,1200,不
2019105481,リンダポッケ,2025-02-20,大井,1,C3三 四,13,6,9,1.3,1,1,矢野貴之,54,ダ,1200,良
2019105481,リンダポッケ,2025-01-28,大井,1,C3六 七,12,8,12,1.1,1,1,矢野貴之,54,ダ,1200,良
2019105481,リンダポッケ,2025-01-14,大井,2,C3六 七,16,2,3,1.5,1,2,矢野貴之,54,ダ,1200,稍
2019105481,リンダポッケ,2024-12-30,大井,1,C3三,13,7,12,3.5,2,1,矢野貴之,54,ダ,1200,良
2019105481,リンダポッケ,2024-03-22,大井,2,C3二 三,14,6,9,31.1,7,2,本田正重,54,ダ,1200,良
2019105481,リンダポッケ,2024-02-29,大井,4,汐留川賞(C3),16,1,2,15.9,6,2,野畑凌,54,ダ,1200,稍
2019105481,リンダポッケ,2024-02-14,大井,2,C3五 六七(C3六),12,2,2,2.9,2,3,矢野貴之,54,ダ,1400,良
2019105481,リンダポッケ,2024-01-25,大井,1,C3二 三四(C3三),13,6,8,4.5,2,12,矢野貴之,54,ダ,1600,重
2019105481,リンダポッケ,2023-12-26,大井,6,ナイト・バロン賞(C2),14,1,1,6.8,2,5,矢野貴之,54,ダ,1200,良
2019105481,リンダポッケ,2022-11-04,大井,1,3歳 138万,14,7,12,3.2,1,1,矢野貴之,54,ダ,1600,良
2019105481,リンダポッケ,2022-10-07,大井,1,3歳 126万,14,8,14,5.6,3,4,矢野貴之,54,ダ,1600,不
2019105481,リンダポッケ,2022-09-06,大井,4,3歳 29万円,10,7,8,1.4,1,1,矢野貴之,54,ダ,1200,良
2019106559,サブノリョウマ,2026-08-16,大井,8,へびつかい座特別競走(C1三),13,6,8,164.4,12,9,石川駿介,56,ダ,1200,重
2019106559,サブノリョウマ,2026-07-24,大井,12,いて座特別競走(C1三),9,3,3,59.1,8,9,石川駿介,56,ダ,1200,良
2019106559,サブノリョウマ,2026-07-01,大井,7,B3六,12,3,3,254.1,11,10,石川駿介,56,ダ,1200,稍
2019106559,サブノリョウマ,2026-06-09,大井,9,団子坂賞競走(B3),14,8,14,131.1,12,13,福原杏,56,ダ,1200,不
2019106559,サブノリョウマ,2026-05-19,大井,12,紀伊国坂賞競走(B3),16,1,1,81.3,10,16,鷹見陸,56,ダ,1200,良
2019106559,サブノリョウマ,2026-04-29,大井,12,伝兵衛坂賞競走(B3),16,8,15,30.9,6,8,鷹見陸,57,ダ,1200,稍
2019106559,サブノリョウマ,2026-04-17,大井,12,臼田坂賞競走(B3),14,7,11,23.8,6,12,鷹見陸,56,ダ,1200,重
2019106559,サブノリョウマ,2025-12-03,大井,10,セレン賞競走(B3),14,3,4,12.8,5,3,鷹見陸,55,ダ,1200,良
2019106559,サブノリョウマ,2025-11-11,大井,12,志村坂賞競走(B3),16,8,16,41.2,8,5,鷹見陸,55,ダ,1200,稍
2019106559,サブノリョウマ,2025-10-21,大井,12,稲荷坂賞競走(B3),15,6,11,15.8,7,5,鷹見陸,55,ダ,1200,稍
2019106559,サブノリョウマ,2025-10-07,大井,10,プルザトリガー賞競走(B3),11,8,11,3.1,1,6,鷹見陸,55,ダ,1200,良
2019106559,サブノリョウマ,2025-09-18,大井,9,りゅう座特別競走(C1三),7,8,8,6.3,4,1,鷹見陸,55,ダ,1200,良
2019106559,サブノリョウマ,2025-09-04,大井,9,C1五 六,12,5,5,29.4,9,1,鷹見陸,55,ダ,1200,良
2019106559,サブノリョウマ,2025-08-13,大井,9,C1五 六,14,2,2,112.8,10,7,鷹見陸,55,ダ,1200,稍
2019106559,サブノリョウマ,2025-07-16,大井,10,トウケイホープ賞(C1),10,2,2,142.5,10,6,石川駿介,56,ダ,1200,不
2019106559,サブノリョウマ,2025-07-04,大井,12,さそり座特別競走(C1四),11,8,10,31.6,8,7,石川駿介,56,ダ,1200,良
2019106559,サブノリョウマ,2025-06-12,大井,8,クォーター・デック賞(C1),14,4,5,28.0,6,4,石川駿介,56,ダ,1200,重
2019106559,サブノリョウマ,2025-05-22,大井,9,C1六 七,16,1,2,187.8,14,4,石川駿介,56,ダ,1200,良
2019106559,サブノリョウマ,2025-04-17,大井,9,C1五 六,14,7,11,59.2,10,10,福原杏,56,ダ,1200,良
2019106559,サブノリョウマ,2025-03-27,大井,12,コンサートボーイ賞(C1七),16,1,2,38.2,8,14,江里口裕,56,ダ,1200,良
2019106559,サブノリョウマ,2025-03-13,大井,12,C1六 七,13,4,5,82.5,11,2,江里口裕,56,ダ,1200,重
2019106559,サブノリョウマ,2025-01-30,大井,10,C1五 六,14,3,4,25.4,6,7,藤本現暉,56,ダ,1200,良
2019106559,サブノリョウマ,2025-01-16,大井,9,C1六 七八(C1七),13,7,10,19.4,3,4,藤本現暉,56,ダ,1200,良
2019106559,サブノリョウマ,2024-12-31,大井,9,ウマきゅん賞(C1三),14,1,1,18.7,7,6,藤本現暉,56,ダ,1200,良
2019106559,サブノリョウマ,2024-12-05,大井,9,C1三 四五(C1四),14,4,5,44.9,9,9,藤本現暉,56,ダ,1200,良
2019106559,サブノリョウマ,2024-10-17,大井,12,野菊特別競走(C1四),11,5,5,43.9,9,2,福原杏,56,ダ,1200,良
2019106559,サブノリョウマ,2024-10-04,大井,7,C1二 三四(C1三),14,2,2,47.2,9,8,福原杏,56,ダ,1200,稍
2019106559,サブノリョウマ,2024-09-13,大井,8,C1三 四五(C1四),14,7,11,29.2,9,6,福原杏,56,ダ,1200,良
2019106559,サブノリョウマ,2024-08-15,大井,10,C1二 三四(C1三),14,6,10,28.4,8,7,福原杏,56,ダ,1200,良
2019106559,サブノリョウマ,2024-08-01,大井,10,C1二 三四(C1三),14,1,1,24.6,4,6,福原杏,56,ダ,1200,良
2019106559,サブノリョウマ,2024-07-12,大井,12,C1二 三四(C1三),16,8,16,11.1,5,3,西啓太,56,ダ,1200,重
2019106559,サブノリョウマ,2024-06-28,大井,7,C1二 三四(C1三),8,2,2,33.8,6,3,福原杏,56,ダ,1200,不
2019106559,サブノリョウマ,2024-06-07,大井,9,C1二 三四(C1三),15,3,6,88.5,11,2,福原杏,56,ダ,1200,良
2019106559,サブノリョウマ,2024-04-26,大井,7,C1二 三四(C1三),13,6,9,127.8,13,10,新原周馬,56,ダ,1600,重
2019106559,サブノリョウマ,2024-04-10,大井,7,C1三 四五(C1四),14,5,8,63.4,9,7,新原周馬,56,ダ,1600,重
2019106559,サブノリョウマ,2024-03-19,大井,8,レッド・アイ賞(C1),14,4,6,281.8,13,7,新原周馬,56,ダ,1600,良
2019106559,サブノリョウマ,2024-02-27,大井,7,C1二 三四(C1三),13,7,12,52.2,8,10,野畑凌,56,ダ,1600,重
2019106559,サブノリョウマ,2024-02-14,大井,8,C1二 三四(C1三),14,8,14,104.0,11,8,新原周馬,56,ダ,1400,良
2019106559,サブノリョウマ,2024-01-25,大井,9,C1二 三四(C1三),14,8,13,264.0,12,5,新原周馬,56,ダ,1400,稍
2019106559,サブノリョウマ,2023-08-13,大井,10,柿の木坂賞競走(B3),15,7,12,136.6,14,13,新原周馬,55,ダ,1200,稍
2019106559,サブノリョウマ,2023-08-03,大井,12,清水坂賞競走(B3),9,4,4,64.3,7,9,新原周馬,55,ダ,1600,稍
2019106559,サブノリョウマ,2023-07-10,大井,7,B3六,9,2,2,103.2,9,9,新原周馬,55,ダ,1200,良
2019106559,サブノリョウマ,2023-06-26,大井,12,オフト後楽園賞競走(B3),14,8,14,215.5,13,14,新原周馬,55,ダ,1600,良
2019106559,サブノリョウマ,2023-06-08,大井,6,B3四,9,4,4,249.4,9,8,藤本現暉,56,ダ,1400,稍
2019106559,サブノリョウマ,2023-05-26,大井,9,B3六,8,3,3,36.9,8,8,西啓太,56,ダ,1400,稍
2019106559,サブノリョウマ,2023-05-08,大井,10,行人坂賞競走(B3),11,6,8,263.6,10,6,藤本現暉,56,ダ,1600,不
2019106559,サブノリョウマ,2023-04-18,大井,9,B3五,12,4,4,167.2,12,7,西啓太,56,ダ,1400,重
2019106559,サブノリョウマ,2023-03-28,大井,10,桜坂賞競走(B3),15,4,7,133.5,14,12,西啓太,56,ダ,1600,不
2019106559,サブノリョウマ,2023-03-06,大井,12,オフト汐留賞競走(B3),14,6,9,277.3,14,13,西啓太,56,ダ,1400,良
2019106559,サブノリョウマ,2023-02-20,大井,10,狸穴坂賞競走(B3),16,7,13,278.2,16,13,張田昂,56,ダ,1400,良
2019106559,サブノリョウマ,2023-01-26,大井,10,芋洗坂賞競走(B3),15,2,3,206.6,15,11,張田昂,56,ダ,1400,良
2019106559,サブノリョウマ,2022-12-31,大井,8,B3七,10,6,6,53.1,9,3,張田昂,56,ダ,1400,良
2019106559,サブノリョウマ,2022-12-08,大井,9,B3五,13,2,2,135.3,9,9,張田昂,56,ダ,1600,不
2019106559,サブノリョウマ,2022-11-14,大井,12,シリウス賞競走(B3),14,3,3,151.0,12,11,藤田凌,56,ダ,1600,良
2019106559,サブノリョウマ,2022-11-01,大井,12,アルデバラン賞競走(B3),13,5,6,187.9,12,10,藤江渉,56,ダ,1600,良
2019106559,サブノリョウマ,2022-10-06,大井,9,B3五,12,2,2,106.6,9,9,西啓太,56,ダ,1400,重
2019106559,サブノリョウマ,2022-09-23,大井,11,日吉坂賞競走(B3),13,6,9,85.7,11,8,西啓太,55,ダ,1400,重
2019106559,サブノリョウマ,2022-03-11,大井,10,ムスカリ特別競走(3歳),12,3,3,148.2,12,11,張田昂,57,ダ,1400,良
2019106559,サブノリョウマ,2022-02-11,大井,10,若獅子特別競走(3歳),9,4,4,41.7,6,7,藤本現暉,57,ダ,1600,不
2019106559,サブノリョウマ,2022-01-24,大井,10,寒椿特別競走(3歳),11,5,5,23.0,6,9,張田昂,57,ダ,1200,良
2019106559,サブノリョウマ,2021-12-28,大井,9,’21ジェムストーン(OP)(2歳),7,2,2,33.8,5,5,張田昂,56,ダ,1200,稍
2019106559,サブノリョウマ,2021-12-09,大井,10,ひばり特別競走(2歳),13,5,7,8.0,3,4,張田昂,56,ダ,1200,不
2019106559,サブノリョウマ,2021-11-17,大井,11,ハイセイコー記念競走(重賞),14,8,14,16.1,5,7,張田昂,55,ダ,1600,良
2019106559,サブノリョウマ,2021-10-07,大井,6,2歳 169万,14,4,6,8.4,3,2,張田昂,56,ダ,1600,良
2019106559,サブノリョウマ,2021-09-09,大井,10,つばめ特別競走(2歳),11,1,1,8.3,6,1,張田昂,54,ダ,1600,不
2019106559,サブノリョウマ,2021-08-19,大井,9,はやぶさ特別競走(2歳),12,4,4,12.0,5,4,矢野貴之,54,ダ,1400,重
2019106559,サブノリョウマ,2021-08-05,大井,4,2歳 特選,9,2,2,5.4,4,4,矢野貴之,54,ダ,1600,良
2019106559,サブノリョウマ,2021-07-13,大井,3,2歳 43.5,9,6,6,45.6,8,4,矢野貴之,54,ダ,1600,重
2019106559,サブノリョウマ,2021-07-01,大井,4,2歳 72.5,9,8,8,20.2,6,7,和田譲治,54,ダ,1400,不
2019106559,サブノリョウマ,2021-06-10,大井,3,2歳 新馬,7,1,1,2.0,1,3,矢野貴之,54,ダ,1600,良
2019106663,シャムトラダイコウ,2026-08-31,大井,1,C3五 六,13,5,7,8.3,3,10,達城龍次,54,ダ,1600,良
2019106663,シャムトラダイコウ,2026-04-27,大井,2,C3六 七,14,2,2,41.3,8,4,達城龍次,54,ダ,1200,不
2019106663,シャムトラダイコウ,2026-04-13,大井,2,C3六 七,13,7,11,11.3,6,11,達城龍次,54,ダ,1200,良
2019106663,シャムトラダイコウ,2026-03-23,大井,3,C3七 八,13,4,5,46.3,9,3,達城龍次,54,ダ,1200,良
2019106663,シャムトラダイコウ,2026-03-09,大井,2,C3七 八,12,8,13,23.6,5,7,達城龍次,54,ダ,1600,稍
2019106663,シャムトラダイコウ,2026-02-16,大井,2,C3八 九,12,8,12,11.6,4,3,達城龍次,54,ダ,1600,良
2019106663,シャムトラダイコウ,2026-01-27,大井,1,C3六 七,14,7,11,6.6,5,8,達城龍次,54,ダ,1200,良
2019106663,シャムトラダイコウ,2026-01-12,大井,3,C3八 九,15,2,2,7.3,2,4,達城龍次,54,ダ,1200,良
2019106663,シャムトラダイコウ,2025-12-24,大井,1,C3三,10,2,2,6.7,2,2,達城龍次,54,ダ,1400,重
2019106663,シャムトラダイコウ,2025-12-01,大井,1,C3三,13,5,6,44.2,7,3,達城龍次,54,ダ,1200,良
2019106663,シャムトラダイコウ,2025-11-13,大井,1,C3三 四,12,4,4,13.9,5,7,達城龍次,54,ダ,1600,稍
2019106663,シャムトラダイコウ,2025-10-20,大井,1,東京メトロポリタンウ(C3),14,7,12,6.3,3,7,達城龍次,54,ダ,1600,稍
2019106663,シャムトラダイコウ,2025-10-06,大井,4,C3三 四五(C3四),10,8,9,43.7,6,2,達城龍次,54,ダ,1400,良
2019106663,シャムトラダイコウ,2025-09-16,大井,2,C3三 四五(C3四),8,3,3,12.2,4,8,達城龍次,54,ダ,1400,稍
2019106663,シャムトラダイコウ,2025-09-04,大井,1,C3三 四,12,5,5,11.6,5,11,達城龍次,54,ダ,1600,良
2019106663,シャムトラダイコウ,2025-08-12,大井,1,C3五 六,11,1,1,18.1,4,3,谷内貫太,53,ダ,1600,重
2019106663,シャムトラダイコウ,2025-07-14,大井,6,C3一,13,7,11,15.5,7,12,達城龍次,54,ダ,2000,稍
2019106663,シャムトラダイコウ,2025-07-02,大井,1,C3三 四,10,6,6,15.9,5,2,達城龍次,54,ダ,1600,良
2019106663,シャムトラダイコウ,2025-06-12,大井,1,C3三 四,11,5,5,7.7,5,8,達城龍次,54,ダ,1600,重
2019106663,シャムトラダイコウ,2025-05-21,大井,1,C3三 四,13,2,2,33.3,6,4,谷内貫太,53,ダ,1600,稍
2019106663,シャムトラダイコウ,2025-01-28,大井,2,C3六 七,14,4,5,268.7,12,12,達城龍次,54,ダ,1600,良
2019106663,シャムトラダイコウ,2025-01-14,大井,1,C3六 七,13,1,1,314.5,12,13,岩橋勇二,54,ダ,1600,稍
2019106663,シャムトラダイコウ,2024-12-25,大井,7,C215 1617(C216),12,8,12,144.9,10,10,岩橋勇二,54,ダ,1600,良
2019106663,シャムトラダイコウ,2024-12-01,大井,6,アクダクト賞(C2),12,7,10,147.5,10,10,阿部龍,54,ダ,1600,良
2019106663,シャムトラダイコウ,2024-11-04,大井,5,C215 1617(C216),10,7,8,94.7,8,10,達城龍次,54,ダ,1600,稍
2019106663,シャムトラダイコウ,2024-10-14,大井,4,ひと、つながる。墨田(C2),12,8,11,149.0,12,9,谷内貫太,52,ダ,1600,良
2019106663,シャムトラダイコウ,2024-09-29,大井,4,ベルベット・ハンマー(C2),11,2,2,124.2,9,8,千田洋,54,ダ,1600,稍
2019106663,シャムトラダイコウ,2024-09-09,大井,5,C2十 11,14,1,1,73.0,11,11,達城龍次,54,ダ,1600,良
2019106663,シャムトラダイコウ,2024-06-03,大井,10,万緑特別競走(C2),12,1,1,244.5,11,11,古岡勇樹,54,ダ,1800,不
2019106663,シャムトラダイコウ,2024-05-15,大井,3,C2九 十11(C2十),11,7,9,76.7,8,中,岡村健司,54,ダ,1600,重
2019106663,シャムトラダイコウ,2024-04-24,大井,6,C2九 十,14,4,5,59.6,9,13,達城龍次,54,ダ,1600,重
2019106663,シャムトラダイコウ,2024-04-10,大井,5,C2九 十,14,6,9,42.9,7,6,達城龍次,54,ダ,1600,重
2019106663,シャムトラダイコウ,2024-03-20,大井,9,八丈島フリージア賞(C2),14,6,10,187.7,11,9,遠藤健太,54,ダ,1600,良
2019106663,シャムトラダイコウ,2023-12-09,大井,7,C1八 九十(C1九),13,7,12,,,取,岡村健司,54,ダ,1600,良
2019106663,シャムトラダイコウ,2023-12-05,大井,7,C1八 九十(C1九),,7,12,,,,岡村健司,54,ダ,1600,良
2019106663,シャムトラダイコウ,2023-11-13,大井,8,イエロー・パロット賞(C1),12,7,9,19.8,8,7,桑村真明,54,ダ,1600,良
2019106663,シャムトラダイコウ,2023-11-02,大井,3,C2二,14,2,2,9.5,4,3,達城龍次,54,ダ,1700,良
2019106663,シャムトラダイコウ,2023-10-04,大井,10,とかげ座特別競走(C2),16,6,12,13.0,5,4,達城龍次,54,ダ,1700,不
2019106663,シャムトラダイコウ,2023-09-19,大井,5,しぶやダイバーシティ(C2),9,3,3,9.3,4,2,達城龍次,54,ダ,1600,稍
2019106663,シャムトラダイコウ,2023-09-05,大井,10,YJSトライアルラウ(C2),14,5,7,3.9,2,9,水沼元輝,54,ダ,1800,重
2019106663,シャムトラダイコウ,2023-08-17,大井,11,ペルセウス座特別競走(C2),10,8,10,4.8,2,3,達城龍次,54,ダ,1700,重
2019106663,シャムトラダイコウ,2023-08-04,大井,10,いるか座特別競走(C2),12,2,2,6.3,4,3,達城龍次,54,ダ,1800,稍
2019106663,シャムトラダイコウ,2023-07-10,大井,5,C2十 11,12,3,3,22.4,7,2,達城龍次,54,ダ,1600,良
2019106663,シャムトラダイコウ,2023-06-26,大井,10,ヘラクレス座特別競走(C2),13,5,6,56.7,10,7,達城龍次,54,ダ,2000,良
2019106663,シャムトラダイコウ,2023-06-07,大井,6,C2七 八,14,5,7,41.7,9,8,古岡勇樹,53,ダ,1600,重
2019106663,シャムトラダイコウ,2023-05-24,大井,5,C2七 八,11,5,5,114.4,10,6,古岡勇樹,53,ダ,1600,重
2019106663,シャムトラダイコウ,2023-05-11,大井,6,C2四 五六(C2五),14,4,5,98.6,13,13,古岡勇樹,53,ダ,1600,良
2019106663,シャムトラダイコウ,2023-04-19,大井,5,C2七 八九(C2八),13,4,4,56.3,8,7,古岡勇樹,53,ダ,1600,稍
2019106663,シャムトラダイコウ,2023-03-29,大井,6,C2七 八,14,5,8,306.2,14,5,古岡勇樹,53,ダ,1600,重
2019106663,シャムトラダイコウ,2023-03-08,大井,7,C2七 八,14,7,12,201.1,12,14,遠藤健太,54,ダ,1600,良
2019106663,シャムトラダイコウ,2023-02-22,大井,9,C2六 七,16,2,3,93.8,11,10,遠藤健太,54,ダ,1200,良
2019106663,シャムトラダイコウ,2023-01-25,大井,5,C2七 八,14,3,4,90.5,9,14,遠藤健太,54,ダ,1600,良
2019106663,シャムトラダイコウ,2022-11-20,福島,4,障害3歳以上未勝利,12,3,3,165.2,11,中,上野翔,56,障,2770,良
2019106663,シャムトラダイコウ,2022-10-10,東京,4,障害3歳以上未勝利,9,6,6,128.5,9,7,大江原圭,56,障,3000,稍
2019106663,シャムトラダイコウ,2022-09-04,札幌,5,3歳未勝利,14,7,11,206.7,13,8,小林凌大,52,ダ,1700,良
2019106663,シャムトラダイコウ,2022-08-14,札幌,3,3歳未勝利,14,4,5,164.9,14,10,小林凌大,52,ダ,1700,稍
2019106663,シャムトラダイコウ,2022-07-24,札幌,2,3歳未勝利,14,5,7,33.9,9,7,小林凌大,51,ダ,1700,良
2019106663,シャムトラダイコウ,2022-06-05,東京,1,3歳未勝利,11,6,6,23.1,5,7,永野猛蔵,52,ダ,1600,良
2019106663,シャムトラダイコウ,2022-05-22,東京,1,3歳未勝利,16,4,7,18.0,4,6,江田照男,54,ダ,1400,稍
2019106663,シャムトラダイコウ,2022-05-07,東京,1,3歳未勝利,16,4,8,41.9,9,3,江田照男,54,ダ,1600,良
2019106663,シャムトラダイコウ,2022-03-27,中山,3,3歳未勝利,16,4,7,85.0,11,7,丸山元気,54,ダ,1800,重
2019106663,シャムトラダイコウ,2022-03-12,中山,1,3歳未勝利,16,6,12,124.0,10,7,江田照男,54,ダ,1800,良
2019106663,シャムトラダイコウ,2022-02-13,東京,3,3歳未勝利,15,4,7,231.2,14,7,江田照男,54,ダ,1600,重
2019106663,シャムトラダイコウ,2022-01-23,中山,2,3歳未勝利,13,5,7,271.0,9,5,江田照男,54,ダ,1800,良
2019106663,シャムトラダイコウ,2022-01-16,中山,2,3歳未勝利,15,3,4,302.1,14,10,小林脩斗,51,ダ,1800,良
2019106663,シャムトラダイコウ,2021-12-11,中山,2,2歳未勝利,14,2,2,270.4,10,9,武藤雅,54,ダ,1800,稍
2019106663,シャムトラダイコウ,2021-12-04,中山,2,2歳未勝利,16,8,16,251.6,15,12,黛弘人,54,ダ,1800,稍
2019106663,シャムトラダイコウ,2021-10-10,新潟,3,2歳未勝利,15,1,1,19.9,9,7,黛弘人,54,ダ,1800,良
2019106663,シャムトラダイコウ,2021-09-26,中山,1,2歳未勝利,12,7,9,31.2,6,7,黛弘人,54,ダ,1800,良
2019106663,シャムトラダイコウ,2021-08-28,札幌,5,2歳新馬,9,1,1,45.7,8,4,黛弘人,54,ダ,1700,良
2019109031,フローラルロマンス,2026-09-01,大井,2,C3三 四,14,4,6,49.2,9,5,西啓太,54,ダ,1200,良
2019109031,フローラルロマンス,2026-08-16,大井,2,C3三 四,13,6,9,12.8,6,11,佐野遥久,54,ダ,1200,重
2019109031,フローラルロマンス,2026-07-22,大井,2,C3四 五,16,5,9,20.0,8,4,渡辺竜也,54,ダ,1200,良
2019109031,フローラルロマンス,2026-07-03,大井,1,C3一 二,11,8,12,18.1,6,8,中山遥人,53,ダ,1600,不
2019109031,フローラルロマンス,2026-06-11,大井,1,C3一 二,14,1,1,13.6,7,9,中山遥人,53,ダ,1600,稍
2019109031,フローラルロマンス,2026-05-20,大井,3,C3一 二三(C3二),14,3,4,30.0,7,6,中山遥人,53,ダ,1200,良
2019109031,フローラルロマンス,2026-04-29,大井,2,C3二 三,13,8,12,46.8,10,4,中山遥人,53,ダ,1200,稍
2019109031,フローラルロマンス,2026-04-16,大井,1,C3一 二三(C3二),14,1,1,21.5,5,11,澤田龍哉,54,ダ,1600,不
2019109031,フローラルロマンス,2026-03-24,大井,1,C3五 六,13,8,13,41.0,8,9,澤田龍哉,54,ダ,1600,良
2019109031,フローラルロマンス,2026-03-11,大井,1,C3三 四,14,5,7,73.0,10,12,菅原涼太,54,ダ,1600,良
2019109031,フローラルロマンス,2026-02-18,大井,2,C3四 五,13,8,13,6.3,4,13,笹川翼,54,ダ,1600,稍
2019109031,フローラルロマンス,2026-01-28,大井,2,C3四 五,14,3,4,6.2,2,8,矢野貴之,54,ダ,1600,良
2019109031,フローラルロマンス,2025-10-06,大井,6,バーバラ賞(C215),8,2,2,4.8,2,3,笹川翼,54,ダ,1600,良
2019109031,フローラルロマンス,2025-09-15,大井,8,スティンガー賞(C2),9,3,3,2.3,1,3,笹川翼,54,ダ,1600,稍
2019109031,フローラルロマンス,2025-09-05,大井,1,C3一 二,14,5,8,4.2,2,1,笹川翼,54,ダ,1600,不
2019109031,フローラルロマンス,2025-08-15,大井,1,C3一 二,14,8,13,2.0,1,5,笹川翼,54,ダ,1600,良
2019109031,フローラルロマンス,2025-07-18,大井,1,C3二 三,12,8,12,1.5,1,3,笹川翼,54,ダ,1600,重
2019109031,フローラルロマンス,2025-07-04,大井,1,C3一 二,11,6,7,5.3,2,1,笹川翼,54,ダ,1600,良
2019109031,フローラルロマンス,2025-03-25,大井,2,C3四 五,13,7,10,90.3,10,4,西啓太,54,ダ,1200,稍
2019109031,フローラルロマンス,2025-03-11,大井,2,C3四 五,14,6,10,30.3,6,9,野畑凌,54,ダ,1200,重
2019109031,フローラルロマンス,2025-02-20,大井,2,C3三 四,14,1,1,106.1,10,12,和田譲治,54,ダ,1600,良
2019109031,フローラルロマンス,2025-01-29,大井,2,C3三 四五(C3四),14,6,10,62.9,7,10,野畑凌,54,ダ,1600,良
2019109031,フローラルロマンス,2024-11-06,大井,6,C2八 九,16,7,13,46.9,9,9,野畑凌,54,ダ,1200,稍
2019109031,フローラルロマンス,2024-10-15,大井,5,渋沢栄一が愛したまち(C2),13,1,1,9.7,5,4,笹川翼,54,ダ,1600,良
2019109031,フローラルロマンス,2024-10-01,大井,8,バーバラ賞(C2),10,8,10,4.5,3,3,笹川翼,54,ダ,1600,良
2019109031,フローラルロマンス,2024-09-12,大井,1,C3一 二三(C3二),14,8,14,8.1,5,1,笹川翼,54,ダ,1600,良
2019109031,フローラルロマンス,2024-06-25,大井,8,スプモーニ賞(C2),14,8,13,8.0,3,4,笹川翼,54,ダ,1600,重
2019109031,フローラルロマンス,2024-06-05,大井,4,C2十 11,13,1,1,5.1,3,4,野畑凌,54,ダ,1600,稍
2019109031,フローラルロマンス,2024-05-13,大井,7,C214 1516(C215),13,1,1,8.7,3,3,野畑凌,54,ダ,1600,不
2019109031,フローラルロマンス,2024-04-22,大井,8,アティ賞(C214),14,3,4,10.9,4,4,野畑凌,54,ダ,1400,稍
2019109031,フローラルロマンス,2024-04-08,大井,7,C216 17,14,8,13,26.9,7,5,菅原涼太,53,ダ,1200,重
2019109031,フローラルロマンス,2024-03-19,大井,5,C215 16,15,4,6,130.7,10,8,菅原涼太,53,ダ,1200,良
2019109031,フローラルロマンス,2023-12-07,大井,6,C2六 七,15,8,14,139.6,13,11,菅原涼太,53,ダ,1200,良
2019109031,フローラルロマンス,2023-11-15,大井,7,C2五 六,16,2,4,76.0,12,13,菅原涼太,53,ダ,1200,良
2019109031,フローラルロマンス,2023-11-01,大井,6,C2七 八九(C2八),10,5,5,18.5,6,6,谷内貫太,51,ダ,1400,良
2019109031,フローラルロマンス,2023-10-04,大井,5,C2七 八,14,7,11,7.4,4,9,菅原涼太,53,ダ,1600,不
2019109031,フローラルロマンス,2023-09-06,大井,6,C2五 六,10,8,9,25.6,4,4,菅原涼太,53,ダ,1200,重
2019109031,フローラルロマンス,2023-08-14,大井,6,チチ賞(C2),11,3,3,16.8,6,4,菅原涼太,53,ダ,1200,不
2019109031,フローラルロマンス,2023-02-24,大井,5,C2一 二三(C2二),14,8,14,36.5,9,10,岡村健司,54,ダ,1600,良
2019109031,フローラルロマンス,2023-01-27,大井,10,おおいぬ座特別競走(C2),16,8,16,94.7,9,14,岡村健司,54,ダ,2000,良
2019109031,フローラルロマンス,2022-12-30,大井,6,C2三 四,12,5,6,29.6,8,8,新原周馬,53,ダ,1600,良
2019109031,フローラルロマンス,2022-10-07,大井,8,モヒート賞(C2),13,1,1,14.3,6,5,笹川翼,54,ダ,1600,不
2019109031,フローラルロマンス,2022-09-23,大井,1,3歳 283.,10,1,1,21.4,4,6,張田昂,54,ダ,1600,重
2019109031,フローラルロマンス,2022-09-09,大井,5,3歳 283.,14,4,5,7.4,4,10,西啓太,54,ダ,1600,良
2019109031,フローラルロマンス,2022-08-17,大井,3,3歳 239万,11,7,8,4.6,2,1,矢野貴之,54,ダ,1600,良
2019109031,フローラルロマンス,2022-05-11,大井,1,3歳 276万,12,7,10,43.1,7,3,笹川翼,54,ダ,1600,良
2019109031,フローラルロマンス,2022-04-20,大井,5,3歳 246.,11,7,10,8.0,3,5,笹川翼,54,ダ,1600,不
2019109031,フローラルロマンス,2022-03-29,大井,5,3歳 173.,13,8,13,12.1,6,3,森泰斗,54,ダ,1600,重
2019109031,フローラルロマンス,2022-03-08,大井,3,3歳 160万,13,3,3,5.9,3,10,森泰斗,54,ダ,1600,良
2019109031,フローラルロマンス,2021-09-06,大井,3,2歳 新馬,7,6,6,8.3,5,2,菅原涼太,51,ダ,1600,重
2019109068,センジュ,2026-07-01,大井,9,さそり座特別競走(C1),14,1,1,192.8,10,7,谷内貫太,55,ダ,2000,稍
2019109068,センジュ,2026-06-08,大井,6,へび座特別競走(C1),9,5,5,118.9,7,7,江里口裕,56,ダ,1800,不
2019109068,センジュ,2026-05-18,大井,8,アフター・ディナー賞(C1),13,7,10,103.3,11,10,江里口裕,56,ダ,1600,良
2019109068,センジュ,2026-04-29,大井,6,C1六 七八(C1七),13,7,11,58.5,8,10,西啓太,56,ダ,1600,稍
2019109068,センジュ,2026-04-14,大井,7,C1二,10,5,5,45.2,8,9,西啓太,56,ダ,2000,良
2019109068,センジュ,2026-03-24,大井,12,うみへび座特別競走(C1),13,6,8,35.0,9,12,藤本現暉,56,ダ,1800,良
2019109068,センジュ,2026-03-10,大井,10,虎ノ門特別競走(C1),10,8,9,6.8,2,7,藤本現暉,56,ダ,2000,稍
2019109068,センジュ,2026-02-20,大井,12,梅見月特別競走(C2),16,4,8,4.0,1,1,藤本現暉,56,ダ,2000,良
2019109068,センジュ,2025-11-11,大井,10,ほうおう座特別競走(C1),14,1,1,8.4,3,4,西啓太,56,ダ,2000,稍
2019109068,センジュ,2025-10-20,大井,12,つる座特別競走(C1),13,2,2,66.5,8,8,江里口裕,56,ダ,1800,稍
2019109068,センジュ,2025-10-06,大井,10,おひつじ座特別競走(C1),14,4,6,13.9,5,9,江里口裕,56,ダ,2000,良
2019109068,センジュ,2025-09-16,大井,12,くじら座特別競走(C2),14,7,12,4.3,2,2,江里口裕,56,ダ,2000,稍
2019109068,センジュ,2025-09-01,大井,10,こうま座特別競走(C2),11,7,8,8.0,3,2,江里口裕,56,ダ,1800,良
2019109068,センジュ,2025-08-10,大井,6,いるか座特別競走(C2),11,5,6,19.7,6,6,江里口裕,56,ダ,1800,不
2019109068,センジュ,2025-07-14,大井,10,わし座特別競走(C2),15,8,14,18.6,6,8,江里口裕,56,ダ,2000,稍
2019109068,センジュ,2025-07-03,大井,4,C2三 四五(C2四),11,8,10,2.3,1,5,Ｒ．クア,56,ダ,1600,良
2019109068,センジュ,2025-06-10,大井,10,万緑特別競走(C2),14,7,11,4.7,3,4,Ｒ．クア,56,ダ,2000,稍
2019109068,センジュ,2025-05-23,大井,2,C2三 四五(C2四),14,4,5,27.3,7,2,Ｒ．クア,56,ダ,1600,良
2019109068,センジュ,2025-05-02,大井,6,C2二 三四(C2三),14,4,6,46.5,11,6,Ｒ．クア,56,ダ,1600,不
2019109068,センジュ,2025-04-18,大井,6,C2三 四五(C2四),13,6,8,78.0,10,11,川島正太,56,ダ,1600,良
2019109068,センジュ,2025-03-28,大井,1,レジェンドジョッキー(C2四),14,7,12,51.8,11,11,高野誠毅,56,ダ,1600,稍
2019109068,センジュ,2025-03-10,大井,10,りゅうこつ座特別競走(C2),10,4,4,28.2,8,6,高野誠毅,56,ダ,1800,重
2019109068,センジュ,2025-02-21,大井,7,C2五 六,14,8,13,16.2,5,3,高野誠毅,56,ダ,1600,良
2019109068,センジュ,2024-10-15,大井,7,せたがや新議場開場記(C1),12,5,5,31.8,8,4,吉井章,56,ダ,1600,良
2019109068,センジュ,2024-10-03,大井,9,C1五 六,14,6,10,8.9,6,6,笹川翼,56,ダ,1600,良
2019109068,センジュ,2024-09-12,大井,9,C1六 七,13,3,4,9.7,5,7,江里口裕,56,ダ,1600,良
2019109068,センジュ,2024-08-14,大井,8,チチ賞(C1),14,2,2,38.3,8,5,江里口裕,56,ダ,1600,良
2019109068,センジュ,2024-07-31,大井,6,ヨシダソース賞(C1六),11,3,3,9.4,5,7,江里口裕,56,ダ,1600,良
2019109068,センジュ,2024-07-10,大井,8,タワリッシ賞(C1),11,6,6,28.3,6,2,江里口裕,56,ダ,1600,良
2019109068,センジュ,2024-06-26,大井,8,ジン・ライム賞(C1六),9,8,8,14.8,6,6,遠藤健太,56,ダ,1600,稍
2019109068,センジュ,2024-06-07,大井,8,パナシェ賞(C1三),13,2,2,14.2,7,6,遠藤健太,56,ダ,1600,良
2019109068,センジュ,2024-05-17,大井,8,モヒート賞(C1三),14,8,14,40.0,10,12,遠藤健太,56,ダ,1600,稍
2019109068,センジュ,2024-04-25,大井,6,C1五 六七(C1六),13,2,2,24.8,8,2,遠藤健太,56,ダ,1600,重
2019109068,センジュ,2024-04-09,大井,6,C1六 七八(C1七),11,8,11,87.1,10,3,遠藤健太,56,ダ,1600,不
2019109068,センジュ,2024-03-18,大井,9,C1五 六七(C1六),14,5,8,219.0,14,10,仲原大生,56,ダ,1400,良
2019109068,センジュ,2023-11-16,大井,7,C1二 三四(C1三),12,5,5,47.3,10,11,的場文男,56,ダ,1600,良
2019109068,センジュ,2023-11-02,大井,5,C1三 四五(C1四),14,8,13,16.7,6,11,的場文男,56,ダ,1600,良
2019109068,センジュ,2023-10-05,大井,7,C1二 三四(C1三),12,7,10,12.5,5,6,的場文男,56,ダ,1600,不
2019109068,センジュ,2023-09-07,大井,8,ソノラ賞(C1三),11,8,11,10.7,5,7,的場文男,56,ダ,1600,重
2019109068,センジュ,2023-08-17,大井,7,ピニャ・コラーダ賞(C1四),9,4,4,11.3,6,3,的場文男,56,ダ,1600,重
2019109068,センジュ,2023-08-04,大井,10,いるか座特別競走(C2),12,5,6,3.5,1,1,的場文男,56,ダ,1800,稍
2019109068,センジュ,2023-07-14,大井,5,C2二 三,10,5,5,4.0,2,6,的場文男,56,ダ,1600,良
2019109068,センジュ,2023-06-28,大井,7,C1六 七,11,1,1,8.0,4,5,的場文男,56,ダ,1600,良
2019109068,センジュ,2022-12-06,大井,10,シトリン特別競走(C1C2),16,6,12,7.9,6,4,的場文男,57,ダ,2000,不
2019109068,センジュ,2022-11-14,大井,8,ギムレット賞(C1),14,6,10,2.5,1,6,的場文男,56,ダ,1600,良
2019109068,センジュ,2022-11-03,大井,3,C2四 五,14,8,13,7.3,3,1,的場文男,56,ダ,1600,良
2019109068,センジュ,2022-10-06,大井,1,C2六 七八(C2七),14,6,10,3.7,2,2,的場文男,56,ダ,1600,稍
2019109068,センジュ,2022-08-27,新潟,4,3歳未勝利,14,5,7,8.8,4,6,原優介,53,ダ,1800,稍
2019109068,センジュ,2022-08-14,新潟,2,3歳未勝利,15,6,10,15.6,7,5,原優介,53,ダ,1800,不
2019109068,センジュ,2022-07-16,福島,3,3歳未勝利,15,5,8,22.0,8,6,永野猛蔵,54,ダ,1700,不
2019109068,センジュ,2022-02-06,東京,2,3歳未勝利,14,7,11,3.6,2,5,武士沢友,56,ダ,2100,良
2019109068,センジュ,2022-01-10,中山,3,3歳未勝利,15,3,5,21.4,6,4,武士沢友,56,ダ,1800,良
2019109068,センジュ,2021-12-18,中山,2,2歳未勝利,16,7,13,23.6,7,3,武士沢友,55,ダ,1800,重
2019109068,センジュ,2021-11-06,東京,3,2歳未勝利,13,5,7,20.2,6,6,武士沢友,55,ダ,1400,良
2019109068,センジュ,2021-10-24,東京,4,2歳新馬,16,1,1,64.8,10,8,武士沢友,55,ダ,1600,良
2019109083,ミンナノブンモ,2026-09-01,大井,1,C3三 四,10,1,1,6.8,3,2,達城龍次,56,ダ,1600,良
2019109083,ミンナノブンモ,2026-08-16,大井,1,C3三 四,14,4,5,51.3,6,4,達城龍次,56,ダ,1600,重
2019109083,ミンナノブンモ,2026-07-22,大井,1,C3四 五,14,3,3,21.7,7,10,達城龍次,56,ダ,1600,良
2019109083,ミンナノブンモ,2026-07-03,大井,2,C3一 二,14,1,1,60.3,10,10,達城龍次,56,ダ,1200,不
2019109083,ミンナノブンモ,2026-06-11,大井,1,C3一 二,14,5,8,33.8,11,10,岡村健司,56,ダ,1600,稍
2019109083,ミンナノブンモ,2026-05-19,大井,2,C3四 五六(C3五),12,1,1,6.7,4,1,Ｅ．シャ,56,ダ,1400,良
2019109083,ミンナノブンモ,2026-04-28,大井,2,C3四 五,13,7,11,112.0,10,9,谷内貫太,55,ダ,1200,不
2019109083,ミンナノブンモ,2026-04-15,大井,2,C3四 五,13,6,8,118.2,8,5,谷内貫太,55,ダ,1200,良
2019109083,ミンナノブンモ,2026-03-24,大井,1,C3五 六,13,4,5,123.6,12,8,谷内貫太,55,ダ,1600,良
2019109083,ミンナノブンモ,2026-03-10,大井,1,C3五 六,14,4,5,10.8,6,6,谷内貫太,55,ダ,1600,稍
2019109083,ミンナノブンモ,2026-02-17,大井,2,C3六 七,13,7,11,17.5,7,6,谷内貫太,55,ダ,1600,稍
2019109083,ミンナノブンモ,2026-01-28,大井,2,C3四 五,14,8,14,20.5,7,13,谷内貫太,55,ダ,1600,良
2019109083,ミンナノブンモ,2026-01-15,大井,1,C3一,12,7,10,12.5,4,8,谷内貫太,55,ダ,2000,良
2019109083,ミンナノブンモ,2025-12-25,大井,1,C3一 二,14,3,4,3.8,3,2,谷内貫太,55,ダ,1600,重
2019109083,ミンナノブンモ,2025-12-03,大井,1,C3一 二,14,8,14,4.7,4,2,谷内貫太,55,ダ,1600,良
2019109083,ミンナノブンモ,2025-11-13,大井,1,C3三 四,12,5,5,4.1,3,1,谷内貫太,55,ダ,1600,稍
2019109083,ミンナノブンモ,2025-10-20,大井,1,東京メトロポリタンウ(C3),14,4,5,10.8,4,2,谷内貫太,55,ダ,1600,稍
2019109083,ミンナノブンモ,2025-10-06,大井,1,C3三 四五(C3四),12,7,10,24.5,7,6,谷内貫太,55,ダ,1600,良
2019109083,ミンナノブンモ,2025-09-16,大井,1,C3三 四五(C3四),14,4,5,138.2,14,5,横川怜央,56,ダ,1600,稍
2019109083,ミンナノブンモ,2025-09-04,大井,1,C3三 四,12,7,9,88.8,11,12,横川怜央,56,ダ,1600,良
2019109083,ミンナノブンモ,2025-08-14,大井,1,C3三 四,13,6,9,43.3,9,13,横川怜央,56,ダ,1600,稍
2019109083,ミンナノブンモ,2025-07-15,大井,2,C3六 七,14,2,2,267.0,13,10,横川怜央,56,ダ,1200,重
2019109083,ミンナノブンモ,2024-09-08,大井,8,白露特別競走(C1C2),11,5,5,173.1,10,11,瀬川将輝,55,ダ,1650,良
2019109083,ミンナノブンモ,2024-08-13,大井,8,ジャマイカ・ジョー賞(C2),14,8,14,70.3,10,12,瀬川将輝,56,ダ,1600,良
2019109083,ミンナノブンモ,2024-08-01,大井,5,C2五 六七(C2六),14,4,5,130.6,14,8,瀬川将輝,56,ダ,1600,良
2019109083,ミンナノブンモ,2024-07-08,大井,8,ナップ・フラッペ賞(C2),10,5,5,118.0,9,3,瀬川将輝,56,ダ,1600,稍
2019109083,ミンナノブンモ,2024-06-27,大井,9,C2五 六,14,7,11,150.1,13,10,瀬川将輝,56,ダ,1200,良
2019109083,ミンナノブンモ,2024-06-06,大井,8,ハネムーン賞(C2),15,4,8,73.4,10,12,瀬川将輝,56,ダ,1200,稍
2019109083,ミンナノブンモ,2024-05-16,大井,9,C2六 七八(C2七),13,7,11,300.3,13,6,瀬川将輝,56,ダ,1200,不
2019109083,ミンナノブンモ,2024-04-25,大井,3,C2七 八,15,3,5,264.8,15,14,瀬川将輝,56,ダ,1200,重
2019109083,ミンナノブンモ,2024-04-11,大井,7,C2六 七八(C2七),12,6,7,176.9,12,11,瀬川将輝,56,ダ,1400,稍
2019109083,ミンナノブンモ,2024-03-21,大井,8,バラライカ賞(C2七),14,2,2,126.9,11,13,藤田凌,56,ダ,1600,良
2019109083,ミンナノブンモ,2024-02-29,大井,9,C2六 七,14,3,4,211.0,12,14,瀬川将輝,56,ダ,1600,稍
2019109083,ミンナノブンモ,2024-02-15,大井,8,C2六 七,13,7,10,70.8,9,8,青柳正義,56,ダ,1600,良
2019109083,ミンナノブンモ,2024-01-25,大井,4,烏山川賞(C2六),13,6,10,123.1,10,9,木澤奨,53,ダ,1600,稍
2019109083,ミンナノブンモ,2023-12-28,大井,5,C1七 八九(C1八),13,5,8,58.8,11,13,木澤奨,53,ダ,1600,良
2019109083,ミンナノブンモ,2023-09-06,大井,7,C1五 六七(C1六),10,1,1,25.8,9,7,藤田凌,56,ダ,1600,重
2019109083,ミンナノブンモ,2023-08-16,大井,7,ミント・フラッペ賞(C1),8,8,8,15.9,5,6,藤田凌,56,ダ,1600,不
2019109083,ミンナノブンモ,2023-08-04,大井,12,へびつかい座特別競走(C1),12,7,9,10.4,6,5,Ｒ．クア,56,ダ,1650,稍
2019109083,ミンナノブンモ,2023-07-12,大井,7,C1五 六七(C1六),13,7,10,32.9,8,8,瀬川将輝,56,ダ,1600,良
2019109083,ミンナノブンモ,2023-06-29,大井,8,プランターズ・パンチ(C1四),11,4,4,25.4,6,6,瀬川将輝,56,ダ,1600,良
2019109083,ミンナノブンモ,2023-06-06,大井,7,C1五 六七(C1六),12,8,11,8.3,4,4,瀬川将輝,56,ダ,1600,重
2019109083,ミンナノブンモ,2023-05-23,大井,6,C1五 六七(C1六),11,1,1,8.6,4,2,瀬川将輝,56,ダ,1600,不
2019109083,ミンナノブンモ,2023-05-09,大井,7,C1五 六七(C1六),13,5,6,33.0,9,8,瀬川将輝,56,ダ,1600,重
2019109083,ミンナノブンモ,2023-04-18,大井,7,C1七 八,14,3,3,52.5,10,7,瀬川将輝,56,ダ,1600,重
2019109083,ミンナノブンモ,2023-03-29,大井,9,C1五 六,15,8,14,127.2,12,11,藤田凌,56,ダ,1200,重
2019109083,ミンナノブンモ,2023-03-07,大井,8,C1四 五,,8,14,,,,瀬川将輝,56,ダ,1600,良
2019109083,ミンナノブンモ,2022-12-06,大井,7,C1六 七八(C1七),14,5,8,37.7,12,14,瀬川将輝,56,ダ,1600,不
2019109083,ミンナノブンモ,2022-11-15,大井,10,山茶花特別競走(C1),15,8,15,113.9,15,5,瀬川将輝,56,ダ,1800,良
2019109083,ミンナノブンモ,2022-11-02,大井,7,C1八 九,14,3,4,238.2,14,12,瀬川将輝,56,ダ,1600,良
2019109083,ミンナノブンモ,2022-10-04,大井,7,池月・磨墨賞(C1),14,8,14,46.6,12,13,瀬川将輝,56,ダ,1600,良
2019109083,ミンナノブンモ,2022-09-22,大井,10,おひつじ座特別競走(C1),12,2,2,35.5,9,9,瀬川将輝,55,ダ,2000,重
2019109083,ミンナノブンモ,2022-09-05,大井,6,C1九 十,14,7,11,37.6,13,2,瀬川将輝,55,ダ,1600,良
2019109083,ミンナノブンモ,2022-08-15,大井,6,テキーラ・サンセット(C1),13,1,1,48.5,11,8,瀬川将輝,55,ダ,1600,重
2019109083,ミンナノブンモ,2022-07-25,大井,8,グリーン・アイズ賞(C1),10,2,2,26.0,8,8,瀬川将輝,55,ダ,1600,良
2019109083,ミンナノブンモ,2022-07-11,大井,8,ディキ・ディキ賞(C1),9,5,5,21.3,7,8,瀬川将輝,55,ダ,1600,良
2019109083,ミンナノブンモ,2022-07-01,大井,3,3歳 348.,14,7,11,147.4,12,7,瀬川将輝,56,ダ,1600,良
2019109083,ミンナノブンモ,2022-03-09,大井,10,クラシックトライアル(3歳),16,6,12,253.1,15,16,瀬川将輝,55,ダ,1800,良
2019109083,ミンナノブンモ,2022-02-11,大井,10,若獅子特別競走(3歳),9,8,9,55.8,8,8,瀬川将輝,56,ダ,1600,不
2019109083,ミンナノブンモ,2022-01-28,大井,3,3歳 233万,14,7,11,27.9,8,1,瀬川将輝,56,ダ,1600,良
2019109083,ミンナノブンモ,2021-12-29,大井,3,TCK×天才バカボン(2歳),13,1,1,11.3,5,4,瀬川将輝,55,ダ,1600,良
2019109083,ミンナノブンモ,2021-12-10,大井,1,2歳 289万,11,8,11,192.4,9,4,瀬川将輝,55,ダ,1600,不
2019109083,ミンナノブンモ,2021-11-16,大井,3,2歳 290万,13,1,1,142.6,13,7,瀬川将輝,55,ダ,1600,良
2019109083,ミンナノブンモ,2021-11-03,大井,3,JBC2021金沢・(2歳),11,8,11,49.8,9,7,瀬川将輝,55,ダ,1600,重
2019109083,ミンナノブンモ,2021-09-19,大井,4,人つながる墨田区賞(2歳),10,7,8,24.7,6,3,瀬川将輝,54,ダ,1600,重
2019109083,ミンナノブンモ,2021-09-07,大井,5,1995MXテレビレ(2歳),9,2,2,10.5,6,3,瀬川将輝,54,ダ,1400,重
2019109083,ミンナノブンモ,2021-08-17,大井,4,2歳 91万円,12,7,10,31.9,7,7,瀬川将輝,54,ダ,1400,重
2019109083,ミンナノブンモ,2021-07-12,大井,4,2歳 29万円,9,2,2,50.7,7,6,瀬川将輝,54,ダ,1400,重
2019109083,ミンナノブンモ,2021-06-29,大井,4,2歳 新馬,10,6,6,102.6,9,7,瀬川将輝,54,ダ,1400,重
2020100103,エイシンネクタル,2026-08-16,大井,8,へびつかい座特別競走(C1三),13,6,9,212.6,13,10,遠藤健太,56,ダ,1200,重
2020100103,エイシンネクタル,2026-07-24,大井,12,いて座特別競走(C1三),9,5,5,90.3,9,5,遠藤健太,56,ダ,1200,良
2020100103,エイシンネクタル,2026-07-01,大井,7,B3六,12,7,10,279.2,12,8,遠藤健太,56,ダ,1200,稍
2020100103,エイシンネクタル,2026-05-21,大井,12,桂坂賞競走(B3),14,5,7,570.4,14,10,遠藤健太,56,ダ,1650,稍
2020100103,エイシンネクタル,2026-04-29,大井,12,伝兵衛坂賞競走(B3),16,6,12,429.9,16,13,古岡勇樹,57,ダ,1200,稍
2020100103,エイシンネクタル,2026-04-17,大井,12,臼田坂賞競走(B3),14,8,13,152.3,14,11,古岡勇樹,56,ダ,1200,重
2020100103,エイシンネクタル,2026-03-23,大井,11,けやき坂賞競走(B3),13,3,3,276.5,11,8,古岡勇樹,56,ダ,1200,良
2020100103,エイシンネクタル,2026-03-11,大井,12,御組坂賞競走(B3),11,8,10,242.3,11,11,遠藤健太,56,ダ,1400,良
2020100103,エイシンネクタル,2026-02-20,大井,10,めぐみ坂賞競走(B3),13,2,2,160.6,9,13,古岡勇樹,56,ダ,1400,良
2020100103,エイシンネクタル,2025-10-21,大井,10,権之助坂賞競走(B3),16,2,4,339.5,16,15,遠藤健太,56,ダ,1400,稍
2020100103,エイシンネクタル,2025-10-07,大井,10,プルザトリガー賞競走(B3),11,5,5,155.5,11,10,遠藤健太,56,ダ,1200,良
2020100103,エイシンネクタル,2025-09-19,大井,12,伊皿子坂賞競走(B3),16,7,14,431.4,16,12,遠藤健太,56,ダ,1200,不
2020100103,エイシンネクタル,2025-09-01,大井,12,宮益坂賞競走(B3),10,8,9,154.9,10,10,岡村健司,56,ダ,1600,良
2020100103,エイシンネクタル,2025-08-11,大井,8,鐙坂賞競走(B3),8,7,7,108.5,7,7,遠藤健太,56,ダ,1600,不
2020100103,エイシンネクタル,2025-07-17,大井,12,南部坂賞競走(B3),9,4,4,116.5,9,6,遠藤健太,56,ダ,1650,重
2020100103,エイシンネクタル,2025-07-04,大井,11,梨木坂賞競走(B3),14,4,6,120.7,12,12,遠藤健太,56,ダ,1400,良
2020100103,エイシンネクタル,2025-05-14,笠松,7,楽市楽座特別(AB),8,1,1,5.1,3,8,塚本征吾,58,ダ,1400,良
2020100103,エイシンネクタル,2025-04-30,笠松,10,春満月特別(B),9,5,5,4.5,2,3,渡辺竜也,57,ダ,1400,良
2020100103,エイシンネクタル,2025-04-02,笠松,9,苗代桜特別(B),8,4,4,3.1,2,4,渡辺竜也,57,ダ,1600,良
2020100103,エイシンネクタル,2025-03-21,笠松,11,春疾風特別(A),10,8,9,3.4,2,6,丸野勝虎,56,ダ,1400,良
2020100103,エイシンネクタル,2025-02-21,笠松,12,冬のダイヤモンド特別(A),9,1,1,1.8,1,8,渡辺竜也,56,ダ,1400,良
2020100103,エイシンネクタル,2025-02-05,笠松,8,如月特別(B),7,4,4,2.9,2,1,渡辺竜也,56,ダ,1600,稍
2020100103,エイシンネクタル,2025-01-07,浦和,11,初見月特別(B3),12,1,1,15.3,6,9,矢野貴之,56,ダ,1500,重
2020100103,エイシンネクタル,2024-12-23,浦和,11,暮来月特別(B3),12,7,9,6.5,3,3,笹川翼,56,ダ,1400,良
2020100103,エイシンネクタル,2024-11-21,浦和,10,埼玉県養豚協会長賞特(B3),12,3,3,3.0,2,6,御神本訓,56,ダ,1400,稍
2020100103,エイシンネクタル,2024-10-24,浦和,10,マルチフェア特別(B2B3),12,8,11,6.4,3,2,笹川翼,55,ダ,1400,良
2020100103,エイシンネクタル,2024-09-17,浦和,11,夜長月特別(B3C1),12,5,5,10.1,3,4,笹川翼,57,ダ,1400,良
2020100103,エイシンネクタル,2024-08-22,浦和,10,マルチヒーロー特別(B2B3),11,5,5,20.5,6,5,笹川翼,55,ダ,1400,良
2020100103,エイシンネクタル,2024-08-05,川崎,11,凌霄花特別(B3),14,6,9,4.3,2,10,御神本訓,56,ダ,1600,良
2020100103,エイシンネクタル,2024-04-28,新潟,12,4歳以上1勝クラス,10,7,8,7.0,3,9,小崎綾也,58,ダ,1200,良
2020100103,エイシンネクタル,2024-03-10,阪神,8,4歳以上1勝クラス,16,4,8,15.1,5,12,西村淳也,58,ダ,1200,良
2020100103,エイシンネクタル,2024-02-10,京都,8,4歳以上1勝クラス,16,5,9,22.4,10,4,西村淳也,58,ダ,1200,良
2020100103,エイシンネクタル,2024-01-28,京都,8,4歳以上1勝クラス,16,6,12,47.2,9,6,西村淳也,58,ダ,1200,良
2020100103,エイシンネクタル,2023-12-09,中京,2,3歳以上1勝クラス,16,2,4,24.2,5,11,三浦皇成,57,ダ,1400,良
2020100103,エイシンネクタル,2023-11-21,浦和,10,マルチフェイス特別(B2B3),12,4,4,3.7,2,3,森泰斗,57,ダ,1400,良
2020100103,エイシンネクタル,2023-07-30,新潟,7,3歳未勝利,15,6,11,20.9,8,1,戸崎圭太,56,ダ,1200,良
2020100103,エイシンネクタル,2023-07-15,中京,3,3歳未勝利,16,3,6,59.4,10,5,小崎綾也,56,ダ,1400,稍
2020100103,エイシンネクタル,2023-05-28,京都,3,3歳未勝利,18,5,10,45.2,10,10,菱田裕二,56,芝,1600,良
2020100103,エイシンネクタル,2022-12-25,阪神,3,2歳未勝利,15,4,6,23.7,8,7,角田大河,53,芝,1600,良
2020100103,エイシンネクタル,2022-11-27,阪神,3,2歳未勝利,12,7,10,14.8,6,9,西村淳也,55,芝,1800,良
2020100103,エイシンネクタル,2022-10-16,阪神,3,2歳未勝利,8,1,1,14.4,5,2,ルメール,55,芝,1600,良
2020100103,エイシンネクタル,2022-09-25,中京,3,2歳未勝利,15,6,10,11.4,5,9,ルメール,54,芝,1400,良
2020100103,エイシンネクタル,2022-08-07,新潟,5,2歳新馬,16,2,4,12.1,5,5,西村淳也,54,芝,1600,良
2020100549,リケアミネオラ,2026-09-03,大井,12,うお座特別競走(C1),10,6,6,13.2,6,3,千田洋,56,ダ,1650,良
2020100549,リケアミネオラ,2026-08-14,大井,6,チチ賞(C1),11,1,1,45.8,8,5,千田洋,56,ダ,1600,不
2020100549,リケアミネオラ,2026-07-22,大井,8,ミントジュレップ賞(C1),11,4,4,92.3,8,5,千田洋,56,ダ,1600,良
2020100549,リケアミネオラ,2026-07-02,大井,12,海王星特別競走(C1),14,5,8,61.4,8,3,千田洋,56,ダ,1650,不
2020100549,リケアミネオラ,2026-06-08,大井,6,へび座特別競走(C1),9,3,3,173.6,8,8,千田洋,56,ダ,1800,不
2020100549,リケアミネオラ,2026-05-21,大井,5,C1二 三四(C1三),14,6,9,33.1,8,11,千田洋,56,ダ,1600,稍
2020100549,リケアミネオラ,2026-04-30,大井,12,トーラス特別競走(C1),14,4,6,193.7,11,5,谷内貫太,55,ダ,1650,稍
2020100549,リケアミネオラ,2026-04-15,大井,7,C1六 七,12,6,7,152.1,7,10,千田洋,56,ダ,1600,良
2020100549,リケアミネオラ,2026-03-26,大井,8,アフィニティ賞(C1),7,2,2,19.5,6,6,千田洋,56,ダ,1600,不
2020100549,リケアミネオラ,2026-03-12,大井,12,花月特別競走(C1),14,6,10,20.1,7,8,千田洋,56,ダ,1650,良
2020100549,リケアミネオラ,2025-11-10,大井,12,神明坂賞競走(B3),13,2,2,186.1,12,5,千田洋,56,ダ,1600,稍
2020100549,リケアミネオラ,2025-10-23,大井,12,アンドロメダ賞競走(B2B3),13,6,8,113.2,11,10,千田洋,55,ダ,1650,重
2020100549,リケアミネオラ,2025-10-07,大井,9,B3三,9,4,4,80.3,7,6,吉井章,56,ダ,1400,良
2020100549,リケアミネオラ,2025-09-18,大井,12,ペルセウス賞競走(B2B3),8,1,1,21.6,7,6,千田洋,55,ダ,1650,良
2020100549,リケアミネオラ,2025-09-04,大井,12,オフトひたちなか賞競(C1),12,7,10,16.9,4,4,千田洋,56,ダ,1650,良
2020100549,リケアミネオラ,2025-08-14,大井,9,C1二 三四(C1三),11,2,2,94.2,7,4,千田洋,56,ダ,1400,良
2020100549,リケアミネオラ,2025-07-17,大井,10,ミヤサンキューティ賞(C1二),13,7,11,42.2,10,8,千田洋,56,ダ,1400,重
2020100549,リケアミネオラ,2025-06-30,大井,10,淡路坂賞競走(B3),11,1,1,84.4,10,11,千田洋,56,ダ,1600,良
2020100549,リケアミネオラ,2025-06-12,大井,12,キャンサー賞競走(B2B3),13,4,5,91.2,12,4,千田洋,55,ダ,1650,重
2020100549,リケアミネオラ,2025-05-21,大井,10,ブゼントシユキ賞競走(B3),14,4,5,143.6,11,7,高野誠毅,53,ダ,1600,稍
2020100549,リケアミネオラ,2025-04-30,大井,10,ダイタクジーニアス賞(B3),13,7,12,225.5,12,7,木澤奨,53,ダ,1400,稍
2020100549,リケアミネオラ,2025-04-14,大井,12,木の芽坂賞競走(B3),13,5,6,56.8,11,9,木澤奨,53,ダ,1600,不
2020100549,リケアミネオラ,2025-03-26,大井,12,ハシルショウグン賞競(B3),16,6,11,169.2,15,10,千田洋,56,ダ,1400,良
2020100549,リケアミネオラ,2025-03-10,大井,12,円通寺坂賞競走(B3),13,5,6,27.7,9,10,千田洋,56,ダ,1650,重
2020100549,リケアミネオラ,2025-02-17,大井,12,オフト新潟賞競走(C1C2),12,7,11,3.8,1,5,千田洋,57,ダ,1650,良
2020100549,リケアミネオラ,2025-01-31,大井,9,C1二 三四(C1三),12,5,5,25.5,8,3,達城龍次,56,ダ,1600,良
2020100549,リケアミネオラ,2025-01-13,大井,12,おおいぬ座特別競走(C1C2),11,5,5,3.2,2,3,千田洋,57,ダ,1650,稍
2020100549,リケアミネオラ,2024-12-25,大井,12,イベルノ賞競走(B2B3),12,6,8,8.0,4,6,千田洋,55,ダ,1650,良
2020100549,リケアミネオラ,2024-12-01,大井,10,シトリン特別競走(C1C2),12,5,5,12.7,5,1,千田洋,57,ダ,1650,良
2020100549,リケアミネオラ,2024-11-04,大井,10,ほうおう座特別競走(C1),16,6,11,122.6,14,12,千田洋,56,ダ,1700,稍
2020100549,リケアミネオラ,2024-10-14,大井,12,錦秋特別競走(C1C2),11,6,6,63.1,9,3,千田洋,57,ダ,1650,良
2020100549,リケアミネオラ,2024-10-02,大井,8,アレキサンダー賞(C1),13,8,12,19.3,6,11,千田洋,56,ダ,1600,良
2020100549,リケアミネオラ,2024-09-10,大井,7,C1八 九,14,4,5,54.7,10,7,千田洋,56,ダ,1600,良
2020100549,リケアミネオラ,2024-08-14,大井,8,チチ賞(C1),14,8,13,101.1,13,8,千田洋,56,ダ,1600,良
2020100549,リケアミネオラ,2024-07-31,大井,7,クレイジーソルト賞(C1六),10,7,7,75.0,8,5,千田洋,56,ダ,1400,良
2020100549,リケアミネオラ,2024-07-10,大井,8,タワリッシ賞(C1),11,2,2,83.2,10,4,千田洋,56,ダ,1600,良
2020100549,リケアミネオラ,2024-06-26,大井,9,SPAT4プレミアム(C1六),12,8,11,61.6,7,4,千田洋,56,ダ,1400,稍
2020100549,リケアミネオラ,2024-06-07,大井,8,パナシェ賞(C1三),13,6,8,75.9,13,11,横川怜央,56,ダ,1600,良
2020100549,リケアミネオラ,2024-05-17,大井,8,モヒート賞(C1三),14,6,9,75.1,12,9,安藤洋一,56,ダ,1600,稍
2020100549,リケアミネオラ,2024-01-25,大井,8,C1二 三四(C1三),14,3,3,65.9,11,6,安藤洋一,56,ダ,1600,稍
2020100549,リケアミネオラ,2023-12-31,大井,7,C1二 三四(C1三),14,4,6,26.0,10,5,藤田凌,56,ダ,1600,良
2020100549,リケアミネオラ,2023-12-08,大井,8,ブル・ショット賞(C1四),13,6,10,7.7,4,6,安藤洋一,56,ダ,1400,良
2020100549,リケアミネオラ,2023-11-01,大井,8,ウィスキー・マック賞(C1),11,7,9,29.5,8,3,安藤洋一,56,ダ,1600,良
2020100549,リケアミネオラ,2023-10-04,大井,8,ゴッドファーザー賞(C1六),12,2,2,9.0,6,4,森泰斗,56,ダ,1400,不
2020100549,リケアミネオラ,2023-09-06,大井,8,レッド・ライオン賞(C1六),13,6,8,14.8,4,8,森泰斗,55,ダ,1400,重
2020100549,リケアミネオラ,2023-08-14,大井,7,C1十 11,10,4,4,6.1,3,1,御神本訓,55,ダ,1600,不
2020100549,リケアミネオラ,2023-08-04,大井,5,3歳 256万,12,6,7,10.0,6,4,笹川翼,56,ダ,1600,稍
2020100549,リケアミネオラ,2023-07-14,大井,1,3歳 315.,14,3,3,20.6,5,8,笹川翼,56,ダ,1600,良
2020100549,リケアミネオラ,2023-06-30,大井,3,3歳 388万,11,1,1,4.1,3,4,御神本訓,56,ダ,1600,良
2020100549,リケアミネオラ,2023-06-07,大井,3,3歳 257万,10,4,4,9.7,5,1,御神本訓,56,ダ,1600,重
2020100549,リケアミネオラ,2023-03-29,大井,4,3歳 234万,9,8,10,12.3,4,2,後藤蒼二,53,ダ,1600,重
2020100549,リケアミネオラ,2023-03-09,大井,4,汐留川賞(3歳),14,1,1,122.3,12,4,後藤蒼二,53,ダ,1400,良
2020100549,リケアミネオラ,2023-02-21,大井,4,古川賞(3歳),16,7,14,19.7,6,8,野畑凌,55,ダ,1200,良
2020100549,リケアミネオラ,2023-01-26,大井,4,烏山川賞(3歳),16,2,3,155.9,11,5,野畑凌,55,ダ,1200,良
2020100549,リケアミネオラ,2023-01-03,水沢,2,3歳B1,10,4,4,90.6,10,6,大坪慎,55,ダ,1400,不
2020100549,リケアミネオラ,2022-12-18,水沢,4,2歳B2,,2,2,,,,高松亮,55,ダ,1400,
2020100549,リケアミネオラ,2022-11-13,盛岡,4,2歳B2,12,5,5,10.3,4,7,高松亮,55,ダ,1400,良
2020100549,リケアミネオラ,2022-10-17,盛岡,6,カリフォルニアポピー(2歳B2),8,1,1,4.2,2,3,高松亮,55,ダ,1400,良
2020100549,リケアミネオラ,2022-10-03,盛岡,6,2歳,8,4,4,17.8,5,2,高松亮,55,ダ,1400,良
2020100549,リケアミネオラ,2022-09-19,盛岡,4,フューチャーステップ(2歳),9,4,4,19.1,5,5,高松亮,55,ダ,1400,良
2020100549,リケアミネオラ,2022-08-28,盛岡,3,ファーストステップ2(2歳),7,3,3,5.3,3,2,高松亮,55,ダ,1000,不
2020101138,グレーターホープ,2026-07-23,大井,10,大暑特別競走(C1),14,3,3,5.0,3,2,吉井章,56,ダ,2400,良
2020101138,グレーターホープ,2026-07-03,大井,9,ヘラクレス座特別競走(C2),12,8,11,1.7,1,1,吉井章,56,ダ,1800,不
2020101138,グレーターホープ,2026-06-10,大井,6,万緑特別競走(C2),10,8,9,1.3,1,1,本田正重,56,ダ,2000,重
2020101138,グレーターホープ,2026-05-19,大井,9,JAいちかわ賞(C2),11,3,3,2.8,1,2,本田正重,56,ダ,2400,良
2020101138,グレーターホープ,2026-04-30,大井,1,C3一,14,7,11,2.4,1,1,本田正重,56,ダ,1800,稍
2020101138,グレーターホープ,2026-04-16,大井,1,C3一 二三(C3二),14,4,6,2.0,1,3,吉井章,56,ダ,1600,不
2020101138,グレーターホープ,2026-03-23,大井,2,C3七 八,14,3,3,1.0,1,1,吉井章,56,ダ,1600,良
2020101138,グレーターホープ,2026-03-09,大井,2,C3七 八,12,4,5,3.0,2,2,吉井章,56,ダ,1600,稍
2020101138,グレーターホープ,2025-04-15,大井,6,C211 1213(C212),9,1,1,8.7,2,2,吉井章,56,ダ,1600,重
2020101138,グレーターホープ,2025-03-24,大井,8,エル・ディアブロ賞(C2),12,7,10,4.2,2,3,吉井章,56,ダ,1600,良
2020101138,グレーターホープ,2025-03-10,大井,7,C214 1516(C215),14,6,9,12.9,3,3,吉井章,56,ダ,1600,重
2020101138,グレーターホープ,2025-02-21,大井,2,C3一 二,14,7,11,17.0,6,2,吉井章,56,ダ,1600,良
2020101138,グレーターホープ,2024-05-15,大井,4,C2九 十11(C2十),14,4,5,25.9,7,5,吉原寛人,56,ダ,1400,重
2020101138,グレーターホープ,2024-03-20,大井,9,八丈島フリージア賞(C2),14,7,11,8.0,4,14,瀬川将輝,56,ダ,1600,良
2020101138,グレーターホープ,2023-09-22,大井,1,3歳 280.,14,5,7,46.2,10,2,野畑凌,56,ダ,1600,稍
2020101138,グレーターホープ,2023-09-08,大井,3,3歳 290万,,7,10,,,,野畑凌,56,ダ,1600,不
2020101138,グレーターホープ,2023-08-16,大井,2,3歳 320万,13,4,5,3.1,2,6,吉原寛人,56,ダ,1400,不
2020101138,グレーターホープ,2023-08-04,大井,6,3歳 256万,13,6,9,7.2,3,4,矢野貴之,56,ダ,1400,稍
2020101138,グレーターホープ,2023-07-13,大井,2,3歳 310万,12,4,5,3.3,1,3,瀬川将輝,56,ダ,1200,良
2020101138,グレーターホープ,2023-05-20,京都,4,3歳未勝利,18,5,9,43.9,11,13,幸英明,56,芝,1200,稍
2020101138,グレーターホープ,2023-04-16,阪神,2,3歳未勝利,16,6,12,8.6,4,8,幸英明,56,ダ,1400,不
2020101138,グレーターホープ,2023-03-26,阪神,4,3歳未勝利,16,4,8,5.2,4,4,藤岡佑介,56,ダ,1400,不
2020101138,グレーターホープ,2023-01-14,中京,4,3歳新馬,16,4,7,7.9,5,3,松山弘平,56,ダ,1400,重
2020101190,ヤマノウォーリア,2026-08-16,大井,8,へびつかい座特別競走(C1三),13,7,10,50.2,8,6,藤本現暉,56,ダ,1200,重
2020101190,ヤマノウォーリア,2026-07-24,大井,12,いて座特別競走(C1三),9,8,9,18.4,4,2,藤本現暉,56,ダ,1200,良
2020101190,ヤマノウォーリア,2026-07-01,大井,7,B3六,12,4,4,127.7,8,6,藤本現暉,56,ダ,1200,稍
2020101190,ヤマノウォーリア,2026-06-09,大井,9,団子坂賞競走(B3),14,4,5,159.7,13,8,藤本現暉,56,ダ,1200,不
2020101190,ヤマノウォーリア,2026-05-19,大井,12,紀伊国坂賞競走(B3),16,5,9,140.4,14,14,藤本現暉,56,ダ,1200,良
2020101190,ヤマノウォーリア,2026-04-30,大井,9,C1三 四五(C1四),14,4,6,45.9,8,4,藤本現暉,56,ダ,1200,稍
2020101190,ヤマノウォーリア,2026-04-16,大井,9,C1三 四五(C1四),16,5,10,58.3,9,4,藤本現暉,56,ダ,1200,不
2020101190,ヤマノウォーリア,2026-03-27,大井,9,八丈島フリージア賞(C1四),10,3,3,33.7,7,5,仲原大生,56,ダ,1200,重
2020101190,ヤマノウォーリア,2026-03-13,大井,10,陽春特別競走(C1四),13,2,2,65.3,8,4,藤本現暉,56,ダ,1200,良
2020101190,ヤマノウォーリア,2026-02-18,大井,10,大手門特別競走(C1三),11,6,6,139.6,9,7,藤本現暉,56,ダ,1200,稍
2020101190,ヤマノウォーリア,2026-01-30,大井,12,筋違見附特別競走(C1四),13,8,14,134.8,11,10,藤本現暉,56,ダ,1200,良
2020101190,ヤマノウォーリア,2026-01-16,大井,9,C1二 三四(C1三),12,7,10,168.7,10,9,藤本現暉,56,ダ,1200,良
2020101190,ヤマノウォーリア,2025-12-29,大井,8,ミスアサヒロ賞競走(B3),13,5,6,151.9,10,10,桑村真明,56,ダ,1200,重
2020101190,ヤマノウォーリア,2025-09-05,大井,11,デイリースポーツ賞競(B3),12,3,3,61.3,10,10,江里口裕,56,ダ,1200,不
2020101190,ヤマノウォーリア,2025-08-13,大井,12,柿の木坂賞競走(B3),13,6,9,90.4,11,10,江里口裕,56,ダ,1200,稍
2020101190,ヤマノウォーリア,2025-07-15,大井,12,六角坂賞競走(B3),15,2,3,130.0,13,8,江里口裕,56,ダ,1200,不
2020101190,ヤマノウォーリア,2025-07-03,大井,9,赤坂賞競走(B3),12,5,5,228.5,11,9,鷹見陸,55,ダ,1200,良
2020101190,ヤマノウォーリア,2025-06-09,大井,12,団子坂賞競走(B3),16,1,1,37.1,7,10,鷹見陸,55,ダ,1200,良
2020101190,ヤマノウォーリア,2025-05-19,大井,11,十貫坂賞競走(B3),16,5,9,19.5,6,11,江里口裕,56,ダ,1200,重
2020101190,ヤマノウォーリア,2025-04-29,大井,12,神楽坂賞競走(B3),15,8,15,42.5,10,3,江里口裕,56,ダ,1200,重
2020101190,ヤマノウォーリア,2025-04-16,大井,12,臼田坂賞競走(B3),15,4,7,128.5,13,7,江里口裕,56,ダ,1200,稍
2020101190,ヤマノウォーリア,2025-03-25,大井,11,けやき坂賞競走(B3),11,5,6,16.2,3,10,江里口裕,56,ダ,1200,良
2020101190,ヤマノウォーリア,2025-03-11,大井,10,江戸見坂賞競走(B3),12,2,2,24.1,7,3,江里口裕,56,ダ,1200,重
2020101190,ヤマノウォーリア,2025-02-18,大井,12,狸穴坂賞競走(B3),16,5,10,45.4,9,10,今野忠成,56,ダ,1200,良
2020101190,ヤマノウォーリア,2025-01-28,大井,12,別所坂賞競走(B3),13,4,4,35.6,9,7,山本聡哉,56,ダ,1200,良
2020101190,ヤマノウォーリア,2025-01-13,大井,10,新助坂賞競走(B3),13,1,1,34.4,8,3,阿部龍,56,ダ,1200,稍
2020101190,ヤマノウォーリア,2024-12-25,大井,10,KRAトロフィー競走(B3),14,6,9,114.8,10,9,阿部龍,56,ダ,1200,良
2020101190,ヤマノウォーリア,2024-12-03,大井,7,B3五,10,7,7,11.2,5,6,和田譲治,56,ダ,1200,良
2020101190,ヤマノウォーリア,2024-11-05,大井,5,志村坂賞競走(B3),11,7,8,9.1,3,5,和田譲治,56,ダ,1000,稍
2020101190,ヤマノウォーリア,2024-10-16,大井,12,稲荷坂賞競走(B3),15,2,3,16.9,8,6,和田譲治,56,ダ,1200,良
2020101190,ヤマノウォーリア,2024-10-04,大井,10,御殿坂賞競走(B3),12,8,11,13.8,6,6,今野忠成,56,ダ,1200,稍
2020101190,ヤマノウォーリア,2024-09-10,大井,6,B3五,10,7,7,12.0,3,4,吉井章,56,ダ,1200,良
2020101190,ヤマノウォーリア,2024-08-12,大井,11,柿の木坂賞競走(B3),16,4,7,80.7,11,5,今野忠成,56,ダ,1200,良
2020101190,ヤマノウォーリア,2024-07-30,大井,9,B3五,8,4,4,3.9,2,7,笹川翼,56,ダ,1200,良
2020101190,ヤマノウォーリア,2024-07-09,大井,12,六角坂賞競走(B3),13,6,8,12.8,6,7,今野忠成,56,ダ,1200,稍
2020101190,ヤマノウォーリア,2024-06-28,大井,6,B3六,9,3,3,15.3,4,4,町田直希,56,ダ,1200,不
2020101190,ヤマノウォーリア,2024-06-04,大井,9,B3五,12,7,9,11.2,5,8,今野忠成,56,ダ,1200,不
2020101190,ヤマノウォーリア,2024-05-16,大井,6,B3五,10,5,5,2.4,1,4,今野忠成,56,ダ,1200,不
2020101190,ヤマノウォーリア,2024-04-23,大井,8,ホワイト・ローズ賞(B3),10,1,1,4.6,4,4,今野忠成,56,ダ,1200,稍
2020101190,ヤマノウォーリア,2024-04-10,大井,8,ピンク・レディ賞(C1四),9,6,6,4.9,3,1,今野忠成,56,ダ,1200,重
2020101190,ヤマノウォーリア,2024-03-19,大井,9,C1三 四,16,1,2,2.8,1,6,笹川翼,56,ダ,1200,良
2020101190,ヤマノウォーリア,2024-02-27,大井,10,C1二 三四(C1三),16,3,5,4.9,3,6,藤本現暉,56,ダ,1200,重
2020101190,ヤマノウォーリア,2024-02-14,大井,9,C1二 三四(C1三),9,3,3,2.0,1,2,藤本現暉,56,ダ,1200,良
2020101190,ヤマノウォーリア,2024-01-25,大井,8,C1二 三四(C1三),14,6,9,5.7,3,5,藤本現暉,56,ダ,1600,稍
2020101190,ヤマノウォーリア,2023-12-30,大井,9,C1五 六,14,4,6,1.3,1,1,桑村真明,56,ダ,1200,良
2020101190,ヤマノウォーリア,2023-12-09,大井,9,C1八 九十(C1九),15,5,9,4.1,2,1,桑村真明,56,ダ,1200,良
2020101190,ヤマノウォーリア,2023-12-05,大井,9,C1八 九十(C1九),,5,9,,,,桑村真明,56,ダ,1200,良
2020101190,ヤマノウォーリア,2023-11-08,門別,7,ユーチャリス特別(B1),12,5,6,1.8,1,4,石川倭,56,ダ,1200,重
2020101190,ヤマノウォーリア,2023-10-17,門別,12,うまカルフェスin新(B3),12,5,5,1.4,1,3,石川倭,57,ダ,1200,稍
2020101190,ヤマノウォーリア,2023-10-03,門別,12,とままえ産ななつぼし(B3),12,5,5,1.2,1,1,石川倭,56,ダ,1200,良
2020101190,ヤマノウォーリア,2023-09-20,門別,11,北海道えぞまつ特別1(B3),12,5,6,1.6,1,2,石川倭,56,ダ,1200,良
2020101190,ヤマノウォーリア,2023-08-23,門別,12,鬼のイチオシ登別ブラ(B3),10,8,9,1.1,1,1,石川倭,55,ダ,1200,稍
2020101190,ヤマノウォーリア,2023-08-09,門別,10,静内ライオンズクラブ(C1),11,7,10,1.8,1,1,石川倭,56,ダ,1200,稍
2020101190,ヤマノウォーリア,2023-07-18,門別,10,3歳以上C3ー2,9,5,5,2.3,2,1,石川倭,56,ダ,1200,稍
2020101190,ヤマノウォーリア,2023-07-06,門別,7,3歳以上C3ー4C4,8,7,7,2.2,1,1,石川倭,56,ダ,1000,稍
2020101190,ヤマノウォーリア,2023-06-22,門別,7,日高町商工会賞(C4),12,6,7,5.0,3,2,宮崎光行,56,ダ,1000,良
2020101190,ヤマノウォーリア,2023-05-03,門別,8,稲苗月特別(3歳),9,5,5,18.2,5,6,服部茂史,54,ダ,1200,良
2020101190,ヤマノウォーリア,2023-04-20,門別,7,鳥待月特別(3歳),10,2,2,9.9,3,9,服部茂史,54,ダ,1200,稍
2020101190,ヤマノウォーリア,2022-10-27,門別,6,2歳3組,11,7,10,5.3,3,1,石川倭,55,ダ,1000,良
2020101190,ヤマノウォーリア,2022-10-13,門別,6,2歳3組,12,5,5,9.2,5,12,山本咲希,55,ダ,1000,稍
2020101190,ヤマノウォーリア,2022-09-28,門別,5,2歳3組,12,5,6,3.5,2,10,山本咲希,55,ダ,1000,稍
2020101190,ヤマノウォーリア,2022-09-15,門別,4,ホクレン「くるるの杜(2歳),6,4,4,1.8,1,1,山本咲希,54,ダ,1000,良
2020101190,ヤマノウォーリア,2022-07-21,門別,3,JRA認定フレッシュ(2歳),6,1,1,,,取,山本咲希,54,ダ,1100,重
2020101538,ノビシロ,2026-07-02,大井,6,C2六 七,12,5,8,8.2,6,3,東原悠善,56,ダ,1600,不
2020101538,ノビシロ,2026-06-09,大井,4,C2九 十11(C2十),10,2,2,4.9,3,3,東原悠善,56,ダ,1600,不
2020101538,ノビシロ,2026-05-19,大井,4,C2九 十,9,6,6,51.4,7,3,東原悠善,56,ダ,1600,良
2020101538,ノビシロ,2026-04-28,大井,7,C2十 11,14,3,3,25.8,6,9,東原悠善,56,ダ,1200,不
2020101538,ノビシロ,2026-04-14,大井,6,C2十 1112(C211),10,8,9,7.5,3,6,中山遥人,55,ダ,1200,良
2020101538,ノビシロ,2026-03-23,大井,12,C213 14,13,8,12,10.1,6,2,中山遥人,55,ダ,1200,良
2020101538,ノビシロ,2026-03-09,大井,12,C213 1415(C214),14,3,3,3.3,1,9,中山遥人,55,ダ,1200,稍
2020101538,ノビシロ,2026-02-16,大井,7,C215 16,14,3,4,2.0,1,5,中山遥人,54,ダ,1200,良
2020101538,ノビシロ,2026-01-29,大井,3,C3一 二三(C3二),13,5,6,3.7,2,1,中山遥人,54,ダ,1200,良
2020101538,ノビシロ,2026-01-16,大井,1,C3二 三,14,6,9,3.7,2,14,藤田凌,56,ダ,1600,良
2020101538,ノビシロ,2025-12-26,大井,5,C212 1314(C213),14,4,5,1.8,1,2,中山遥人,54,ダ,1200,重
2020101538,ノビシロ,2025-12-02,大井,3,C212 1314(C213),16,1,1,3.0,2,2,中山遥人,54,ダ,1200,良
2020101538,ノビシロ,2025-11-14,大井,2,C3一 二,12,7,10,7.2,3,1,中山遥人,53,ダ,1200,稍
2020101538,ノビシロ,2025-10-22,大井,2,C3一 二,12,7,11,5.5,3,4,中山遥人,53,ダ,1200,稍
2020101538,ノビシロ,2025-10-07,大井,2,C3一 二,13,8,13,5.1,3,2,中山遥人,53,ダ,1200,良
2020101538,ノビシロ,2025-07-01,大井,6,C2九 十11(C2十),14,4,6,,,,東原悠善,56,ダ,1600,良
2020101538,ノビシロ,2025-06-09,大井,7,C212 1314(C213),13,6,9,4.5,2,4,東原悠善,56,ダ,1600,良
2020101538,ノビシロ,2025-05-22,大井,1,C3一 二,13,1,1,6.2,4,1,東原悠善,56,ダ,1600,良
2020101538,ノビシロ,2025-05-01,大井,1,C3二 三,10,7,7,11.3,6,6,東原悠善,56,ダ,1600,稍
2020101538,ノビシロ,2025-04-16,大井,2,C3二 三,14,3,4,101.6,10,8,東原悠善,56,ダ,1200,稍
2020101538,ノビシロ,2025-03-25,大井,2,C3四 五,13,5,7,8.0,4,8,野畑凌,56,ダ,1200,稍
2020101538,ノビシロ,2025-03-13,大井,3,C3一 二三(C3二),16,3,6,48.0,7,11,東原悠善,56,ダ,1200,不
2020101538,ノビシロ,2025-02-20,大井,1,C3三 四,13,4,4,21.4,4,6,東原悠善,56,ダ,1200,良
2020101538,ノビシロ,2025-01-29,大井,3,C3三 四五(C3四),14,3,3,16.7,6,6,東原悠善,56,ダ,1200,良
2020101538,ノビシロ,2025-01-14,大井,4,仙川賞(C3),16,4,8,46.1,8,7,東原悠善,56,ダ,1200,稍
2020101538,ノビシロ,2024-12-02,大井,6,エンジェル・フェイス(C2),13,4,5,17.6,3,13,東原悠善,56,ダ,1200,良
2020101538,ノビシロ,2024-11-04,大井,6,C215 1617(C216),14,7,12,11.0,5,4,東原悠善,56,ダ,1400,稍
2020101538,ノビシロ,2024-10-14,大井,7,品川かえで賞(C2),14,4,6,8.5,2,11,東原悠善,56,ダ,1200,良
2020101538,ノビシロ,2024-10-01,大井,2,C3一 二,14,3,3,4.8,2,1,東原悠善,56,ダ,1200,良
2020101538,ノビシロ,2024-09-12,大井,3,C3一 二三(C3二),15,7,12,6.5,3,7,東原悠善,56,ダ,1200,良
2020101538,ノビシロ,2024-08-13,大井,2,C3四 五,15,2,2,19.3,7,2,東原悠善,56,ダ,1200,良
2020101538,ノビシロ,2024-08-01,大井,1,C3四 五,13,5,7,26.5,8,6,東原悠善,56,ダ,1600,良
2020101538,ノビシロ,2024-07-09,大井,2,C3四 五六(C3五),14,4,6,67.2,9,11,東原悠善,56,ダ,1400,稍
2020101538,ノビシロ,2024-06-24,大井,8,シルビア賞(C2),12,8,12,27.3,7,6,東原悠善,56,ダ,1600,重
2020101538,ノビシロ,2024-06-03,大井,8,アプリコット・サワー(C2),13,6,9,25.4,6,11,東原悠善,56,ダ,1600,不
2020101538,ノビシロ,2024-05-13,大井,9,C214 1516(C215),14,5,7,10.1,5,11,東原悠善,56,ダ,1200,不
2020101538,ノビシロ,2024-04-23,大井,2,C3四 五,16,1,1,43.5,10,1,東原悠善,56,ダ,1200,稍
2020101538,ノビシロ,2024-04-11,大井,2,C3四 五,11,6,7,32.2,9,6,東原悠善,56,ダ,1200,稍
2020101538,ノビシロ,2024-03-20,大井,3,C3六 七八(C3七),16,2,3,110.0,12,13,東原悠善,56,ダ,1200,良
2020101538,ノビシロ,2023-10-03,大井,5,3歳 160万,8,8,9,17.8,4,7,安藤洋一,56,ダ,1600,良
2020101538,ノビシロ,2023-09-18,大井,6,新宿つつじ賞(3歳),10,4,4,4.9,3,10,安藤洋一,56,ダ,1600,重
2020101538,ノビシロ,2023-09-04,大井,2,3歳 67万円,13,8,12,5.0,3,1,安藤洋一,56,ダ,1200,不
2020101538,ノビシロ,2023-08-13,大井,4,3歳 42万円,12,5,5,7.4,4,7,安藤洋一,56,ダ,1200,稍
2020101630,トノパー,2026-09-03,大井,11,セプテンバー賞競走(A2B1),9,4,4,46.4,8,9,野畑凌,57,ダ,1800,良
2020101630,トノパー,2026-05-14,川崎,11,神奈川・横浜DC記念(A2B1),9,6,6,8.1,3,3,笹川翼,57,ダ,1500,良
2020101630,トノパー,2026-04-24,浦和,11,青葉特別(A2),11,6,7,4.3,3,8,笹川翼,57,ダ,1400,重
2020101630,トノパー,2026-03-20,浦和,11,弥生特別(A2),12,5,5,5.0,3,4,笹川翼,57,ダ,1500,稍
2020101630,トノパー,2026-01-08,浦和,10,新春賞(A2),8,8,8,3.5,2,1,笹川翼,55,ダ,1400,良
2020101630,トノパー,2025-12-24,浦和,11,クリスマスイヴ特別(A2),12,7,9,7.4,3,11,本田正重,57,ダ,1500,重
2020101630,トノパー,2025-10-30,浦和,11,神無月特別(A2),12,1,1,2.0,1,2,笹川翼,57,ダ,1500,稍
2020101630,トノパー,2025-10-14,川崎,11,柿生スプリント(OP)(3歳),11,2,2,15.4,5,6,新原周馬,55,ダ,900,良
2020101630,トノパー,2025-09-09,川崎,11,スパーキングナイトチ(A2B1),14,5,8,54.1,9,7,櫻井光輔,57,ダ,1600,稍
2020101630,トノパー,2025-06-26,浦和,11,甲武信ヶ岳特別(A2),8,4,4,5.2,3,2,笹川翼,57,ダ,1500,重
2020101630,トノパー,2025-05-27,浦和,11,早苗月特別(B1B2),11,7,9,6.5,4,1,笹川翼,57,ダ,1400,良
2020101630,トノパー,2025-04-07,川崎,10,桜吹雪特別(B1B2),12,7,9,25.7,5,7,山中悠希,57,ダ,1500,稍
2020101630,トノパー,2025-04-02,船橋,11,こぼれ桜特別(A2B1),13,4,5,24.7,6,11,張田昂,55,ダ,1800,不
2020101630,トノパー,2024-10-04,大井,9,日刊スポーツ賞競走(B1),9,4,4,3.7,3,7,矢野貴之,56,ダ,1400,稍
2020101630,トノパー,2024-09-19,浦和,12,祝月特別(A2),10,5,5,3.9,2,9,矢野貴之,55,ダ,1500,良
2020101630,トノパー,2024-05-09,川崎,11,青葉空特別(A2B1),12,8,11,2.5,1,3,笹川翼,57,ダ,1500,稍
2020101630,トノパー,2024-04-02,川崎,10,桜吹雪特別(B1B2),12,1,1,2.3,2,1,笹川翼,57,ダ,1500,稍
2020101630,トノパー,2024-03-26,浦和,11,弥生特別(A2),10,8,11,9.1,5,2,西啓太,55,ダ,1500,不
2020101630,トノパー,2024-01-23,大井,12,睦月賞競走(B1),11,3,3,6.0,4,8,笹川翼,56,ダ,1200,不
2020101630,トノパー,2024-01-09,浦和,11,初見月特別(B2B3),9,7,7,1.4,1,1,笹川翼,57,ダ,1500,良
2020101630,トノパー,2023-12-25,浦和,11,クリスマス賞(B2),10,6,6,2.8,2,2,笹川翼,56,ダ,1500,良
2020101630,トノパー,2023-05-31,浦和,8,ポピー特別(3歳),12,8,11,1.1,1,1,本田正重,57,ダ,1400,不
2020101630,トノパー,2023-05-10,大井,11,羽田盃競走(重賞),16,3,5,9.3,3,9,本田正重,56,ダ,1800,稍
2020101630,トノパー,2023-03-29,大井,11,京浜盃競走(重賞),14,3,3,4.9,2,2,本田正重,56,ダ,1700,重
2020101630,トノパー,2023-03-23,浦和,7,ツインサドル特別(3歳),12,5,5,1.7,1,1,笹川翼,56,ダ,1400,重
2020101630,トノパー,2023-02-12,小倉,5,3歳未勝利,13,7,11,4.1,2,5,藤岡佑介,56,芝,2000,稍
2020101630,トノパー,2022-11-19,阪神,4,2歳未勝利,13,4,5,45.4,8,3,藤岡佑介,55,芝,2000,良
2020101630,トノパー,2022-11-06,阪神,5,2歳新馬,13,6,8,12.1,5,4,藤岡佑介,55,芝,2000,良
2020101894,カズピレウス,2026-08-16,大井,10,ミッドサマー特別競走(C2),13,6,9,86.1,9,10,石川駿介,56,ダ,1650,重
2020101894,カズピレウス,2026-07-22,大井,5,アメリカンピーナッツ(C2七),11,7,8,143.7,10,11,石川駿介,56,ダ,1600,良
2020101894,カズピレウス,2026-03-13,大井,4,八ツ瀬川賞(C2四),12,7,10,100.8,7,12,高橋優,53,ダ,1600,良
2020101894,カズピレウス,2026-02-20,大井,12,梅見月特別競走(C2),16,3,5,17.1,8,16,和田譲治,56,ダ,2000,良
2020101894,カズピレウス,2026-01-30,大井,10,初凪特別競走(C2),16,4,8,7.1,4,8,和田譲治,56,ダ,1800,良
2020101894,カズピレウス,2026-01-16,大井,4,呑川賞(C2四),14,4,6,16.8,6,6,和田譲治,56,ダ,1600,良
2020101894,カズピレウス,2025-12-24,大井,10,ノエル特別競走(C1C2),10,4,4,5.2,3,5,和田譲治,57,ダ,1650,重
2020101894,カズピレウス,2025-12-03,大井,12,やまねこ座特別競走(C1),16,7,13,119.9,14,9,石川駿介,56,ダ,1800,良
2020101894,カズピレウス,2025-11-12,大井,7,C1三 四五(C1四),12,2,2,111.4,10,12,和田譲治,56,ダ,1600,稍
2020101894,カズピレウス,2025-10-20,大井,12,つる座特別競走(C1),13,1,1,23.5,4,10,和田譲治,56,ダ,1800,稍
2020101894,カズピレウス,2025-10-06,大井,10,おひつじ座特別競走(C1),14,5,8,15.2,6,12,和田譲治,56,ダ,2000,良
2020101894,カズピレウス,2025-08-29,笠松,11,夏の余韻特別(A),7,3,3,9.0,4,5,高木健,56,ダ,1400,良
2020101894,カズピレウス,2025-08-14,笠松,9,岐阜美少女図鑑しろゆ(A),9,6,6,1.5,1,6,渡辺竜也,57,ダ,1400,良
2020101894,カズピレウス,2025-06-12,大井,9,へび座特別競走(C1),11,7,8,8.4,6,1,和田譲治,56,ダ,1800,重
2020101894,カズピレウス,2025-05-20,大井,10,うしかい座特別競走(C2),12,8,11,6.6,2,1,和田譲治,56,ダ,1800,稍
2020101894,カズピレウス,2025-05-02,大井,7,ゴーゴーTCKチャン(C2三),14,5,7,4.2,1,6,和田譲治,56,ダ,1400,不
2020101894,カズピレウス,2025-04-18,大井,6,C2三 四五(C2四),13,6,9,15.1,4,4,野畑凌,56,ダ,1600,良
2020101894,カズピレウス,2025-03-28,大井,1,レジェンドジョッキー(C2四),14,6,10,4.6,2,6,本田正重,56,ダ,1600,稍
2020101894,カズピレウス,2025-03-14,大井,5,C2三 四五(C2四),10,7,8,,,取,和田譲治,56,ダ,1600,稍
2020101894,カズピレウス,2025-02-21,大井,10,はと座特別競走(C2三),14,6,10,6.6,4,4,藤本現暉,56,ダ,1600,良
2020101894,カズピレウス,2025-01-31,大井,6,C2二 三四(C2三),10,6,6,5.3,3,4,藤本現暉,56,ダ,1600,良
2020101894,カズピレウス,2025-01-16,大井,4,鯉川賞(C2六),10,1,1,7.6,4,2,藤本現暉,56,ダ,1600,良
2020101894,カズピレウス,2024-11-28,笠松,12,恵那峡温泉特別(A),10,8,10,2.9,2,2,渡辺竜也,56,ダ,1400,稍
2020101894,カズピレウス,2024-11-18,笠松,10,イロハモミジ特別(A),6,6,6,,,取,渡辺竜也,56,ダ,1600,良
2020101894,カズピレウス,2024-10-11,笠松,10,ハツシモ特別(A),10,8,10,2.7,2,4,渡辺竜也,56,ダ,1400,良
2020101894,カズピレウス,2024-09-25,笠松,9,オータムアタック(OP)(BC),8,8,8,1.5,1,1,渡辺竜也,57,ダ,1600,良
2020101894,カズピレウス,2024-07-17,笠松,11,マリーゴールド特別(B),9,7,7,1.7,1,2,渡辺竜也,56,ダ,1400,重
2020101894,カズピレウス,2024-07-02,笠松,8,星合特別(B),9,8,8,1.2,1,1,渡辺竜也,56,ダ,1400,重
2020101894,カズピレウス,2024-06-05,笠松,11,花梨特別(C),10,6,6,1.2,1,1,渡辺竜也,56,ダ,1600,良
2020101894,カズピレウス,2024-05-24,笠松,1,C7組,8,5,5,1.2,1,1,渡辺竜也,56,ダ,1400,良
2020101894,カズピレウス,2024-03-03,小倉,4,障害4歳以上未勝利,12,6,8,138.3,11,11,中村将之,59,障,2860,稍
2020101894,カズピレウス,2023-12-02,中京,3,3歳以上1勝クラス,16,3,5,278.8,16,14,小林勝太,54,ダ,1400,良
2020101894,カズピレウス,2023-10-29,京都,7,3歳以上1勝クラス,11,1,1,52.3,7,8,鮫島克駿,56,ダ,1800,良
2020101894,カズピレウス,2023-08-30,笠松,3,3歳4組,7,8,8,1.7,1,1,渡辺竜也,56,ダ,1400,良
2020101894,カズピレウス,2023-08-16,笠松,5,delaライブショー(3歳),8,5,5,5.1,3,1,今井貴大,56,ダ,1400,重
2020101894,カズピレウス,2023-07-26,園田,8,C2二,10,5,5,31.0,5,5,下原理,55,ダ,1400,良
2020101894,カズピレウス,2023-07-07,園田,8,3歳C1二,11,4,4,10.3,4,3,杉浦健太,55,ダ,1230,良
2020101894,カズピレウス,2023-06-23,園田,8,3歳C1,10,1,1,10.6,5,5,杉浦健太,55,ダ,1400,重
2020101894,カズピレウス,2023-06-08,園田,6,3歳C1C2,9,8,8,3.8,2,6,廣瀬航,56,ダ,820,良
2020101894,カズピレウス,2023-04-22,京都,4,3歳未勝利,13,2,2,70.0,9,11,角田大河,55,芝,2400,良
2020101894,カズピレウス,2023-04-08,福島,7,3歳未勝利,16,8,16,37.9,9,13,亀田温心,56,芝,2600,良
2020101894,カズピレウス,2023-02-19,阪神,5,3歳未勝利,17,6,12,58.2,10,11,岩田康誠,56,芝,1800,稍
2020101894,カズピレウス,2023-01-08,中京,5,3歳未勝利,18,7,14,196.2,15,7,角田大河,54,芝,2200,良
2020101894,カズピレウス,2022-12-24,阪神,5,2歳新馬,18,3,5,34.0,9,10,角田大河,53,芝,1800,良
2020102009,ピエールオレゴン,2026-07-22,大井,12,ハーレーダビッドソン(C1),11,6,6,3.7,2,2,藤田凌,56,ダ,1200,良
2020102009,ピエールオレゴン,2026-06-10,大井,9,C1六 七,14,3,4,1.7,1,1,藤田凌,56,ダ,1200,重
2020102009,ピエールオレゴン,2026-04-28,大井,12,C1九 十,13,6,9,1.6,1,2,藤田凌,56,ダ,1200,不
2020102009,ピエールオレゴン,2025-10-23,大井,9,散歩が楽しいまち江戸(C1),14,5,7,2.0,1,1,藤田凌,56,ダ,1200,重
2020102009,ピエールオレゴン,2025-10-08,大井,12,白鳥賞(C1),16,3,5,1.9,1,2,吉原寛人,56,ダ,1200,良
2020102009,ピエールオレゴン,2025-06-26,門別,11,JA門別馬舞米特別(B3),10,8,9,1.6,1,1,宮内勇樹,58,ダ,1200,稍
2020102009,ピエールオレゴン,2025-06-04,門別,8,ユスラウメ特別(A4),8,3,3,1.2,1,2,宮内勇樹,56,ダ,1200,重
2020102009,ピエールオレゴン,2025-05-15,門別,9,キタコブシ特別(B3),14,1,1,1.3,1,1,宮内勇樹,57,ダ,1200,良
2020102009,ピエールオレゴン,2025-05-01,門別,11,これが、北海道のビー(B3),12,5,5,1.4,1,1,宮内勇樹,56,ダ,1200,稍
2020102009,ピエールオレゴン,2025-04-17,門別,7,ナデシコ特別(C1),12,8,11,2.3,1,1,亀井洋司,57,ダ,1200,重
2020102009,ピエールオレゴン,2024-09-19,門別,10,バーベナ特別(C1),9,2,2,1.9,1,1,亀井洋司,57,ダ,1200,良
2020102009,ピエールオレゴン,2024-08-21,門別,10,アグリアクション!J(C1),12,2,2,2.1,2,5,桑村真明,57,ダ,1200,稍
2020102009,ピエールオレゴン,2024-08-07,門別,9,YJSトライアルラウ(C1),12,6,7,2.1,1,1,長浜鴻緒,57,ダ,1200,稍
2020102009,ピエールオレゴン,2024-07-24,門別,11,旭川夏まつり特別(C1),9,4,4,1.7,1,3,亀井洋司,57,ダ,1200,良
2020102009,ピエールオレゴン,2024-07-03,門別,11,江差かもめ島まつり賞(C3),10,4,4,1.3,1,1,亀井洋司,57,ダ,1200,稍
2020102009,ピエールオレゴン,2024-06-18,門別,10,秋の味覚本ししゃも特(C4),9,1,1,1.5,1,1,亀井洋司,57,ダ,1000,良
2020102009,ピエールオレゴン,2022-06-30,門別,6,JRA認定フレッシュ(2歳),8,8,8,3.6,2,1,亀井洋司,54,ダ,1100,不
2020102030,ショウサンレックス,2026-09-03,大井,2,C3一 二,16,5,9,22.4,6,5,鷹見陸,56,ダ,1200,良
2020102030,ショウサンレックス,2026-08-17,大井,2,C3一 二,14,3,4,10.1,5,8,藤田凌,56,ダ,1200,重
2020102030,ショウサンレックス,2026-07-23,大井,2,C3二 三,16,7,13,5.6,2,6,藤田凌,56,ダ,1200,良
2020102030,ショウサンレックス,2026-07-03,大井,2,C3一 二,14,7,11,8.1,4,2,藤田凌,56,ダ,1200,不
2020102030,ショウサンレックス,2026-02-19,大井,1,C3二 三,16,5,9,3.8,1,6,矢野貴之,56,ダ,1200,良
2020102030,ショウサンレックス,2026-01-29,大井,3,C3一 二三(C3二),13,2,2,5.3,3,4,藤田凌,56,ダ,1200,良
2020102030,ショウサンレックス,2026-01-16,大井,2,C3二 三,16,1,1,8.8,4,9,藤田凌,56,ダ,1200,良
2020102030,ショウサンレックス,2025-07-15,大井,6,C2七 八,14,8,14,7.1,5,4,矢野貴之,56,ダ,1200,重
2020102030,ショウサンレックス,2025-07-03,大井,6,C2三 四五(C2四),10,5,5,16.8,5,4,矢野貴之,56,ダ,1200,良
2020102030,ショウサンレックス,2025-06-12,大井,6,C2五 六,14,8,14,3.7,1,5,和田譲治,56,ダ,1200,重
2020102030,ショウサンレックス,2025-05-22,大井,7,C2六 七,12,1,1,4.9,3,5,Ｒ．クア,56,ダ,1200,良
2020102030,ショウサンレックス,2025-04-30,大井,6,C2九 十11(C2十),14,8,14,9.5,5,1,Ｒ．クア,56,ダ,1200,稍
2020102030,ショウサンレックス,2025-04-15,大井,8,オレンジ・ブロッサム(C212),13,5,7,5.2,2,8,Ｒ．クア,56,ダ,1200,重
2020102030,ショウサンレックス,2024-12-05,大井,6,C2六 七八(C2七),14,6,10,8.8,3,4,達城龍次,56,ダ,1200,良
2020102030,ショウサンレックス,2024-11-07,大井,9,C2五 六七(C2六),16,1,2,36.6,6,4,達城龍次,56,ダ,1200,稍
2020102030,ショウサンレックス,2024-10-16,大井,9,C2八 九十(C2九),13,4,5,27.0,6,6,達城龍次,56,ダ,1200,良
2020102030,ショウサンレックス,2024-10-02,大井,7,C2五 六,14,5,7,9.4,5,6,達城龍次,56,ダ,1200,良
2020102030,ショウサンレックス,2024-09-11,大井,9,C2六 七,15,5,9,13.7,5,5,達城龍次,56,ダ,1200,良
2020102030,ショウサンレックス,2024-08-15,大井,8,テキーラ・サンセット(C2六),14,5,8,6.1,3,10,達城龍次,56,ダ,1200,良
2020102030,ショウサンレックス,2024-01-26,大井,8,C2二 三四(C2三),16,3,5,4.4,3,4,藤田凌,56,ダ,1200,稍
2020102030,ショウサンレックス,2023-12-30,大井,7,C2五 六,16,4,8,8.2,4,1,矢野貴之,56,ダ,1200,良
2020102030,ショウサンレックス,2023-12-09,大井,5,C211 12,15,7,14,4.7,2,1,藤田凌,56,ダ,1200,良
2020102030,ショウサンレックス,2023-12-05,大井,5,C211 12,,7,14,,,,藤田凌,56,ダ,1200,良
2020102030,ショウサンレックス,2023-11-03,大井,4,3歳 158.,16,3,6,14.4,7,2,藤田凌,56,ダ,1200,良
2020102030,ショウサンレックス,2023-10-03,大井,6,3歳 160万,13,7,11,15.7,5,3,達城龍次,56,ダ,1200,良
2020102030,ショウサンレックス,2023-09-18,大井,7,花と緑のえどがわ賞(3歳),15,5,8,37.5,6,4,達城龍次,56,ダ,1200,重
2020102030,ショウサンレックス,2023-09-04,大井,6,3歳 146万,13,5,6,31.0,7,7,本橋孝太,56,ダ,1200,不
2020102030,ショウサンレックス,2023-08-14,大井,4,3歳 164万,12,3,3,23.3,10,5,達城龍次,56,ダ,1200,不
2020102030,ショウサンレックス,2023-08-01,大井,6,BBQファクトリー賞(3歳),13,8,13,6.2,2,7,達城龍次,56,ダ,1200,不
2020102030,ショウサンレックス,2023-07-11,大井,3,3歳 178万,11,4,4,16.8,8,7,達城龍次,56,ダ,1200,良
2020102030,ショウサンレックス,2023-01-26,大井,4,烏山川賞(3歳),16,8,16,12.6,3,8,達城龍次,56,ダ,1200,良
2020102030,ショウサンレックス,2022-12-28,大井,4,2歳 87.8,13,5,8,12.1,5,3,達城龍次,55,ダ,1200,稍
2020102030,ショウサンレックス,2022-12-07,大井,4,2歳 132.,11,1,1,29.8,4,6,達城龍次,55,ダ,1200,不
2020102030,ショウサンレックス,2022-11-18,大井,4,2歳 新馬,6,3,3,2.9,1,3,達城龍次,55,ダ,1400,良
2020102238,スタードラマー,2026-09-03,大井,10,オフトひたちなか賞競(B2),11,4,4,376.2,11,11,西優哉,53,ダ,1600,良
2020102238,スタードラマー,2026-08-13,大井,10,サマートゥインクル賞(B2B3),14,4,6,185.5,14,12,鷹見陸,57,ダ,1200,不
2020102238,スタードラマー,2026-07-21,大井,11,デネブ賞競走(B2),14,3,4,235.9,13,12,本橋孝太,56,ダ,1200,良
2020102238,スタードラマー,2026-06-29,大井,12,オフト後楽園賞競走(B2),13,7,10,218.6,13,8,西優哉,53,ダ,1400,不
2020102238,スタードラマー,2026-06-12,大井,11,スポーツ報知賞競走(B1),11,3,3,160.9,8,9,西優哉,52,ダ,1200,稍
2020102238,スタードラマー,2026-05-20,大井,12,レグルス賞競走(B2),14,7,11,132.4,12,12,西優哉,56,ダ,1400,良
2020102238,スタードラマー,2026-05-01,大井,12,スピカ賞競走(B2),16,6,11,163.3,15,12,Ｅ．シャ,56,ダ,1200,不
2020102238,スタードラマー,2026-03-25,大井,7,花嵐賞競走(B1),8,2,2,89.6,6,8,和田譲治,55,ダ,1200,良
2020102238,スタードラマー,2025-12-09,水沢,10,おトクにPLAYオッ(B2),12,6,8,8.9,3,5,高松亮,56,ダ,1400,不
2020102238,スタードラマー,2025-11-25,水沢,11,ブリーダーズスタリオ(B2),12,4,4,22.8,4,5,高松亮,56,ダ,1400,稍
2020102238,スタードラマー,2025-11-10,盛岡,7,B2,8,7,7,1.1,1,5,高松亮,56,ダ,1200,稍
2020102238,スタードラマー,2025-10-21,盛岡,9,YJSトライアルラウ(C1),12,4,4,1.3,1,2,石神深道,56,ダ,1200,稍
2020102238,スタードラマー,2025-10-06,水沢,7,C1,12,7,9,1.0,1,1,高松亮,56,ダ,1400,稍
2020102238,スタードラマー,2025-09-16,水沢,3,C2一組,11,7,8,2.2,1,2,高松亮,56,ダ,1400,稍
2020102238,スタードラマー,2025-09-01,盛岡,5,C2四組,10,1,1,1.0,1,1,高松亮,56,ダ,1200,良
2020102238,スタードラマー,2025-08-25,盛岡,11,スプリント特別(OP),12,8,11,17.4,3,7,佐々木志,56,ダ,1000,良
2020102238,スタードラマー,2025-07-16,大井,12,ベガ賞競走(B2B3),12,3,3,29.6,7,10,和田譲治,57,ダ,1400,不
2020102238,スタードラマー,2025-06-12,大井,10,ストロベリームーン賞(B1),10,1,1,32.4,7,9,和田譲治,56,ダ,1200,重
2020102238,スタードラマー,2025-05-23,大井,11,サンケイスポーツ賞競(B1B2),15,2,2,262.0,14,5,張田昂,57,ダ,1400,良
2020102238,スタードラマー,2025-04-14,大井,11,プリマヴェーラ賞競走(B1B2),11,6,6,207.5,11,8,本橋孝太,57,ダ,1200,不
2020102238,スタードラマー,2025-03-24,大井,11,スノードロップ賞競走(B1B2),12,5,6,22.0,6,9,吉原寛人,57,ダ,1200,良
2020102238,スタードラマー,2025-02-17,大井,10,フェブラリー賞競走(B1B2),13,4,4,120.7,10,10,和田譲治,57,ダ,1200,良
2020102238,スタードラマー,2024-12-22,中山,12,フェアウェルS(3勝クラス),16,5,9,226.7,16,16,藤懸貴志,58,ダ,1200,良
2020102238,スタードラマー,2024-11-17,京都,10,グランアレグリアC(3勝クラス),15,8,15,489.4,15,14,北村友一,58,ダ,1400,良
2020102238,スタードラマー,2024-11-02,福島,11,フルーツラインC(3勝クラス),16,2,3,192.6,16,11,高杉吏麒,58,ダ,1150,不
2020102238,スタードラマー,2024-07-14,小倉,11,佐世保S(3勝クラス),18,6,11,152.1,18,18,小牧太,58,芝,1200,不
2020102238,スタードラマー,2024-06-29,福島,11,バーデンバーデンC(3勝クラス),14,4,5,150.2,14,13,小牧太,58,芝,1200,良
2020102238,スタードラマー,2024-04-08,大井,11,プリマヴェーラ賞競走(B1B2),14,6,10,42.3,7,3,本橋孝太,57,ダ,1200,重
2020102238,スタードラマー,2024-03-19,大井,12,スノードロップ賞競走(B1B2),16,4,8,36.2,7,15,和田譲治,57,ダ,1400,良
2020102238,スタードラマー,2024-02-14,大井,12,ビタースイート賞競走(B1B2),16,5,10,24.5,5,7,和田譲治,57,ダ,1400,良
2020102238,スタードラマー,2024-01-08,佐賀,7,ゴールドスプリント(重賞),12,8,11,8.4,4,8,飛田愛斗,56,ダ,1300,稍
2020102238,スタードラマー,2023-12-04,大井,11,ノースウインド賞競走(B1B2),14,3,3,41.2,7,4,桑村真明,57,ダ,1200,良
2020102238,スタードラマー,2023-11-03,大井,10,JBCスプリント競走(JpnI),15,7,13,498.4,12,12,和田譲治,56,ダ,1200,良
2020102238,スタードラマー,2023-07-23,盛岡,11,ハヤテスプリント(重賞),13,5,7,2.1,1,1,吉原寛人,56,ダ,1200,良
2020102238,スタードラマー,2023-06-27,大井,11,優駿スプリント競走(重賞),16,5,9,9.6,4,7,和田譲治,57,ダ,1200,良
2020102238,スタードラマー,2023-05-25,大井,11,優駿スプリントトライ(OP)(3歳),15,3,6,5.2,4,2,和田譲治,57,ダ,1200,稍
2020102238,スタードラマー,2023-05-02,船橋,11,若潮スプリント(重賞),12,5,6,2.5,1,5,和田譲治,56,ダ,1200,良
2020102238,スタードラマー,2023-04-10,船橋,11,クロッカススプリント(3歳未格),12,8,12,4.0,2,1,和田譲治,57,ダ,1200,良
2020102238,スタードラマー,2023-01-27,大井,6,3歳 306万,16,8,16,4.5,2,1,和田譲治,57,ダ,1200,良
2020102238,スタードラマー,2022-12-30,大井,5,2歳 255.,14,3,4,9.8,3,1,和田譲治,56,ダ,1200,良
2020102238,スタードラマー,2022-11-02,門別,8,JRA認定ウィナーズ(OP)(2歳),11,8,11,8.1,4,4,井上俊彦,56,ダ,1200,稍
2020102238,スタードラマー,2022-10-12,門別,8,JRA認定ウィナーズ(2歳),10,5,5,16.5,6,1,井上俊彦,55,ダ,1200,重
2020102238,スタードラマー,2022-09-28,門別,7,サファイア特別(OP)(2歳),12,3,3,27.1,8,6,井上俊彦,55,ダ,1200,稍
2020102238,スタードラマー,2022-09-15,門別,6,ホクレン「大収穫祭」(2歳),10,6,6,29.0,8,1,井上俊彦,54,ダ,1000,良
2020102238,スタードラマー,2022-08-30,門別,7,JRA認定アタックチ(2歳),12,8,11,31.3,11,8,井上俊彦,54,ダ,1200,稍
2020102238,スタードラマー,2022-08-11,門別,3,2歳未勝利,10,2,2,1.6,1,1,井上俊彦,54,ダ,1000,重
2020102238,スタードラマー,2022-06-22,門別,3,JRA認定アタックチ(2歳),11,6,7,6.4,4,3,服部茂史,54,ダ,1000,良
2020102238,スタードラマー,2022-05-31,門別,8,JRA認定アタックチ(2歳),12,8,12,5.4,3,3,井上俊彦,54,ダ,1000,重
2020102238,スタードラマー,2022-05-18,門別,5,JRA認定フレッシュ(2歳),10,1,1,12.0,4,6,黒澤愛斗,54,ダ,1200,良
2020102638,シンティリオ,2026-04-17,大井,7,C2四 五六(C2五),10,2,2,7.8,2,2,達城龍次,56,ダ,1600,重
2020102638,シンティリオ,2026-03-25,大井,4,C2七 八九(C2八),12,3,3,5.3,2,3,達城龍次,56,ダ,1600,良
2020102638,シンティリオ,2026-03-12,大井,7,C2六 七,11,7,8,6.6,3,3,達城龍次,56,ダ,1600,良
2020102638,シンティリオ,2026-02-17,大井,5,C212 1314(C213),14,6,10,3.4,2,1,達城龍次,56,ダ,1600,稍
2020102638,シンティリオ,2026-01-26,大井,8,C214 15,13,4,5,3.7,2,3,達城龍次,56,ダ,1600,良
2020102638,シンティリオ,2026-01-12,大井,8,C215 16,13,1,1,11.1,4,2,達城龍次,56,ダ,1600,良
2020102638,シンティリオ,2025-12-31,大井,4,C2四 五六(C2五),11,8,11,55.7,7,9,達城龍次,56,ダ,1600,稍
2020102638,シンティリオ,2025-12-04,大井,5,C2五 六,13,4,5,14.4,5,4,達城龍次,56,ダ,1600,良
2020102638,シンティリオ,2025-11-13,大井,8,イエロー・パロット賞(C2),14,3,4,34.0,9,9,達城龍次,56,ダ,1600,稍
2020102638,シンティリオ,2025-05-23,大井,3,C2三 四五(C2四),11,8,10,26.5,4,2,達城龍次,56,ダ,1400,良
2020102638,シンティリオ,2025-05-02,大井,6,C2二 三四(C2三),14,2,2,10.5,4,13,達城龍次,56,ダ,1600,不
2020102638,シンティリオ,2025-04-18,大井,6,C2三 四五(C2四),13,5,6,14.9,3,8,達城龍次,56,ダ,1600,良
2020102638,シンティリオ,2025-03-27,大井,5,C2六 七,13,6,8,4.5,3,2,達城龍次,56,ダ,1600,良
2020102638,シンティリオ,2025-03-11,大井,8,C2十 11,14,6,9,19.2,7,1,達城龍次,56,ダ,1600,重
2020102638,シンティリオ,2025-02-20,大井,7,C2九 十,11,4,4,15.2,4,6,安藤洋一,56,ダ,1200,良
2020102638,シンティリオ,2025-01-29,大井,8,C2八 九,14,7,11,42.0,8,9,藤田凌,56,ダ,1600,良
2020102638,シンティリオ,2025-01-15,大井,7,C2八 九十(C2九),14,8,14,57.8,8,6,藤田凌,56,ダ,1600,良
2020102638,シンティリオ,2024-12-31,大井,4,C2三 四五(C2四),13,5,8,13.3,5,10,達城龍次,56,ダ,1600,良
2020102638,シンティリオ,2024-12-06,大井,6,子どもの食支援賞(C2四),14,6,10,29.9,6,9,達城龍次,56,ダ,1600,良
2020102638,シンティリオ,2024-06-05,大井,6,C1五 六七(C1六),13,8,14,16.7,8,6,達城龍次,56,ダ,1600,稍
2020102638,シンティリオ,2024-05-17,大井,5,C2三 四五(C2四),10,6,6,4.7,3,2,達城龍次,56,ダ,1600,稍
2020102638,シンティリオ,2024-04-25,大井,2,C2七 八,14,5,7,26.7,8,1,達城龍次,56,ダ,1600,重
2020102638,シンティリオ,2024-04-11,大井,6,C2六 七八(C2七),13,8,12,28.1,8,10,達城龍次,56,ダ,1600,稍
2020102638,シンティリオ,2024-03-20,大井,9,八丈島フリージア賞(C2),14,4,5,6.7,3,6,達城龍次,56,ダ,1600,良
2020102638,シンティリオ,2024-01-22,大井,5,C215 16,12,7,9,16.3,5,1,達城龍次,56,ダ,1600,不
2020102638,シンティリオ,2023-12-27,大井,6,C2九 十11(C2十),14,5,8,4.7,2,5,達城龍次,56,ダ,1600,良
2020102638,シンティリオ,2023-12-09,大井,4,C211 12,14,7,12,9.7,5,3,達城龍次,56,ダ,1600,良
2020102638,シンティリオ,2023-12-05,大井,4,C211 12,,7,12,,,,達城龍次,56,ダ,1600,良
2020102638,シンティリオ,2023-11-16,大井,1,3歳 144.,9,7,7,16.2,5,2,達城龍次,56,ダ,1600,良
2020102638,シンティリオ,2023-11-03,大井,3,3歳 158.,12,2,2,15.4,8,4,達城龍次,56,ダ,1600,良
2020102638,シンティリオ,2023-08-14,大井,3,3歳 164万,13,8,14,7.7,5,4,藤本現暉,56,ダ,1400,不
2020102638,シンティリオ,2023-08-02,大井,1,日米フレンドシップ賞(3歳),14,4,6,17.0,6,6,藤本現暉,56,ダ,1600,重
2020102638,シンティリオ,2023-07-11,大井,2,3歳 178万,13,4,6,3.2,2,10,達城龍次,56,ダ,1400,良
2020102638,シンティリオ,2023-06-26,大井,5,3歳 91万円,12,7,10,11.3,2,2,達城龍次,56,ダ,1400,良
2020102638,シンティリオ,2023-03-07,大井,3,3歳 68万円,12,6,8,5.5,2,3,達城龍次,56,ダ,1400,良
2020102638,シンティリオ,2023-02-20,大井,3,3歳 24万円,14,3,4,3.6,2,3,達城龍次,56,ダ,1400,稍
2020102638,シンティリオ,2023-01-23,大井,4,北沢川賞(3歳),13,8,12,65.1,6,6,達城龍次,56,ダ,1400,良
2020102638,シンティリオ,2022-12-26,大井,2,2歳 新馬,7,6,6,62.8,7,6,吉井章,55,ダ,1600,稍
2020102768,アリダンジェロ,2026-08-25,盛岡,3,C2一組,10,5,5,6.6,3,10,菅原辰徳,54,ダ,1400,良
2020102768,アリダンジェロ,2026-08-11,盛岡,1,C2三組,8,6,6,1.2,1,1,菅原辰徳,54,ダ,1400,良
2020102768,アリダンジェロ,2026-08-02,盛岡,3,C2七組,10,2,2,5.9,2,1,菅原辰徳,54,ダ,1200,不
2020102768,アリダンジェロ,2026-06-30,大井,4,C2十 1112(C211),10,8,10,214.0,10,9,石川駿介,54,ダ,1600,重
2020102768,アリダンジェロ,2026-06-08,大井,7,グラスホッパー賞(C213),12,2,2,136.8,9,11,石川駿介,54,ダ,1600,不
2020102768,アリダンジェロ,2026-05-18,大井,7,C211 1213(C212),13,4,5,94.0,6,9,石川駿介,54,ダ,1200,良
2020102768,アリダンジェロ,2026-04-27,大井,9,C212 1314(C213),13,3,3,106.0,8,7,石川駿介,54,ダ,1200,不
2020102768,アリダンジェロ,2026-04-13,大井,8,ビアーグルト賞(C214),12,7,10,45.0,8,11,和田譲治,54,ダ,1600,良
2020102768,アリダンジェロ,2026-03-23,大井,6,C215 16,12,3,3,9.2,6,8,石川駿介,54,ダ,1600,良
2020102768,アリダンジェロ,2026-03-09,大井,9,C213 1415(C214),14,5,8,77.9,8,6,石川駿介,54,ダ,1600,稍
2020102768,アリダンジェロ,2026-02-16,大井,6,C215 16,13,1,1,25.7,6,10,石川駿介,54,ダ,1600,良
2020102768,アリダンジェロ,2026-01-26,大井,6,C216 17,12,5,6,79.9,7,12,石川駿介,54,ダ,1600,良
2020102768,アリダンジェロ,2026-01-12,大井,8,C215 16,13,8,12,155.1,8,6,石川駿介,54,ダ,1600,良
2020102768,アリダンジェロ,2025-10-13,川崎,6,巨福呂坂賞(C2),12,5,5,23.0,8,7,神尾香澄,51,ダ,900,良
2020102768,アリダンジェロ,2025-09-29,船橋,12,オリオンビール×ハー(C2),14,8,13,21.0,8,13,Ｍ．ミシ,52,ダ,1600,良
2020102768,アリダンジェロ,2025-09-08,川崎,6,チョコミント賞(C2),12,7,10,34.6,8,2,Ｍ．ミシ,52,ダ,1400,稍
2020102768,アリダンジェロ,2025-08-21,川崎,12,ナイル賞(C2),10,3,3,106.2,10,8,藤江渉,54,ダ,1500,良
2020102768,アリダンジェロ,2025-08-07,川崎,3,満漢全席賞(C2二),11,8,10,23.5,7,8,佐野遥久,53,ダ,1400,良
2020102768,アリダンジェロ,2025-07-07,川崎,8,ガトーショコラ賞(C2),12,4,4,53.4,6,7,神尾香澄,51,ダ,1400,良
2020102768,アリダンジェロ,2025-06-16,川崎,7,ミルフィーユ賞(C2),12,4,4,24.1,6,4,佐野遥久,53,ダ,1400,重
2020102768,アリダンジェロ,2025-02-07,川崎,6,ワッフル賞(C2),12,3,3,2.1,1,8,町田直希,54,ダ,1400,良
2020102768,アリダンジェロ,2025-01-01,川崎,7,三茄子賞(C2),14,1,1,19.5,6,6,御神本訓,54,ダ,1500,良
2020102768,アリダンジェロ,2024-12-09,川崎,12,猩々木賞(C1),13,5,6,8.6,4,4,町田直希,54,ダ,1500,良
2020102768,アリダンジェロ,2024-11-15,川崎,12,ファイナルアンサー賞(C2),9,2,2,2.7,2,1,町田直希,54,ダ,1400,稍
2020102768,アリダンジェロ,2024-06-10,川崎,9,紫陽花賞(C1),12,8,11,8.1,4,11,森泰斗,54,ダ,1400,重
2020102768,アリダンジェロ,2024-05-21,浦和,6,C1四,12,4,4,39.4,7,8,古岡勇樹,54,ダ,1400,重
2020102768,アリダンジェロ,2024-04-03,川崎,8,アフロディーテ賞(C1),14,2,2,17.3,7,7,森泰斗,54,ダ,2000,重
2020102768,アリダンジェロ,2024-03-12,川崎,12,胡蝶蘭賞(C1),12,5,6,6.7,4,8,森泰斗,54,ダ,1500,不
2020102768,アリダンジェロ,2024-01-30,川崎,9,マイスターチャレンジ(C2),14,5,7,3.4,2,2,松山弘平,54,ダ,1500,良
2020102768,アリダンジェロ,2024-01-01,川崎,8,三茄子賞(C2二),11,3,3,9.9,4,3,森泰斗,54,ダ,1400,良
2020102768,アリダンジェロ,2023-12-15,川崎,8,ビュッシュドノエル賞(C2),11,6,7,5.6,2,2,森泰斗,54,ダ,1400,稍
2020102768,アリダンジェロ,2023-08-12,札幌,6,3歳未勝利,16,7,14,51.1,13,12,松本大輝,53,芝,2000,良
2020102768,アリダンジェロ,2023-07-16,福島,7,3歳未勝利,16,7,14,5.1,1,16,内田博幸,54,芝,1800,良
2020102768,アリダンジェロ,2023-05-28,東京,4,3歳未勝利,18,2,3,7.9,4,6,松山弘平,54,芝,1600,良
2020102768,アリダンジェロ,2023-05-06,東京,4,3歳未勝利,18,6,12,5.1,2,2,戸崎圭太,54,芝,1600,良
2020102768,アリダンジェロ,2023-03-25,中山,4,3歳未勝利,16,3,6,15.2,6,8,森泰斗,54,芝,1600,不
2020102768,アリダンジェロ,2023-03-04,中山,5,3歳未勝利,16,7,14,20.8,7,5,吉田隼人,54,芝,1600,良
2020102768,アリダンジェロ,2022-08-21,新潟,5,2歳新馬,13,4,5,10.4,4,4,松本大輝,52,芝,1800,稍
2020102866,フクチャンキング,2026-08-11,浦和,9,納涼特別(B2B3),9,6,6,7.2,5,3,室陽一朗,57,ダ,1500,良
2020102866,フクチャンキング,2026-07-13,浦和,11,相月特別(B2B3),10,7,7,3.0,2,6,室陽一朗,57,ダ,1500,稍
2020102866,フクチャンキング,2026-06-25,浦和,11,狭山湖特別(B1B2),10,8,9,49.6,8,4,室陽一朗,55,ダ,1400,不
2020102866,フクチャンキング,2026-05-29,浦和,11,橘月特別(B2B3),10,4,4,2.6,2,2,室陽一朗,57,ダ,1500,良
2020102866,フクチャンキング,2026-04-22,浦和,10,馬トク報知杯特別(B2B3),12,4,4,8.2,4,1,室陽一朗,57,ダ,1500,良
2020102866,フクチャンキング,2026-04-09,川崎,12,若草特別(B3三),12,7,10,11.6,4,3,室陽一朗,56,ダ,1400,稍
2020102866,フクチャンキング,2026-03-17,浦和,10,桜草特別(B3),12,7,10,58.1,9,1,室陽一朗,56,ダ,1500,良
2020102866,フクチャンキング,2026-02-23,浦和,10,可能性は無限大マイル(B3),12,2,2,72.3,10,5,室陽一朗,56,ダ,1500,良
2020102866,フクチャンキング,2026-02-09,船橋,11,アメジスト特別(B3),14,8,14,29.6,8,3,澤田龍哉,56,ダ,1600,良
2020102866,フクチャンキング,2026-01-09,浦和,10,七福神特別(B3C1),13,5,6,76.8,8,8,室陽一朗,57,ダ,1400,良
2020102866,フクチャンキング,2025-12-22,浦和,10,冬至特別(B3),11,5,5,77.8,9,8,室陽一朗,56,ダ,1500,良
2020102866,フクチャンキング,2025-09-26,浦和,11,紅葉月特別(B2B3),11,2,2,79.0,9,5,及川烈,54,ダ,1500,良
2020102866,フクチャンキング,2025-09-09,川崎,10,令和7年国勢調査実施(B2B3),12,8,13,135.5,11,11,岡村裕基,55,ダ,2000,稍
2020102866,フクチャンキング,2025-08-02,高知,9,物部川特別,12,5,6,94.1,9,11,阿部基嗣,55,ダ,1300,良
2020102866,フクチャンキング,2025-07-19,高知,8,Bー3,9,5,5,7.9,4,7,妹尾浩一,57,ダ,1400,不
2020102866,フクチャンキング,2025-07-05,高知,7,Bー4,8,4,4,17.3,7,3,妹尾浩一,57,ダ,1300,良
2020102866,フクチャンキング,2025-06-21,高知,4,Bー4,11,6,7,69.5,9,5,妹尾浩一,57,ダ,1400,稍
2020102866,フクチャンキング,2025-06-07,高知,2,アユ特別(B),10,3,3,41.7,8,8,妹尾浩一,57,ダ,1400,稍
2020102866,フクチャンキング,2025-05-24,高知,4,Bー3,12,5,6,234.9,11,6,妹尾浩一,57,ダ,1400,不
2020102866,フクチャンキング,2025-05-10,高知,4,Bー3,12,4,4,75.1,9,11,妹尾浩一,57,ダ,1300,不
2020102866,フクチャンキング,2025-04-26,高知,3,四万十川特別,12,4,4,87.3,9,9,妹尾浩一,57,ダ,1800,重
2020102866,フクチャンキング,2025-04-12,高知,8,Bー3,11,8,11,16.2,5,8,岡村卓弥,57,ダ,1400,稍
2020102866,フクチャンキング,2025-03-16,高知,3,八畳岩特別,10,8,10,10.1,3,1,妹尾浩一,56,ダ,1600,不
2020102866,フクチャンキング,2025-03-05,高知,8,内原野公園特別(C1),10,6,6,10.0,5,4,妹尾浩一,56,ダ,1400,不
2020102866,フクチャンキング,2025-02-19,高知,6,宮尾熙一特別(C1),8,6,6,9.6,4,1,井上瑛太,56,ダ,1600,稍
2020102866,フクチャンキング,2025-02-12,高知,4,C1ー6,10,4,4,15.1,5,9,濱尚美,54,ダ,1400,重
2020102866,フクチャンキング,2025-01-29,高知,5,竹内夫婦結婚記念特別(C1),11,3,3,12.3,3,7,宮川実,56,ダ,1400,稍
2020102866,フクチャンキング,2025-01-15,高知,5,C1ー5,10,7,7,13.1,4,3,井上瑛太,56,ダ,1400,良
2020102866,フクチャンキング,2024-12-28,高知,11,ファイナルレース(C2),11,1,1,5.5,2,1,井上瑛太,56,ダ,1600,良
2020102866,フクチャンキング,2024-12-14,高知,9,C2ー3,12,6,8,7.8,2,4,井上瑛太,56,ダ,1400,良
2020102866,フクチャンキング,2024-11-30,高知,11,冬支度特別(C2),12,6,7,18.7,7,7,永森大智,56,ダ,1400,稍
2020102866,フクチャンキング,2024-11-16,高知,9,C2ー3,11,4,4,15.7,5,3,井上瑛太,56,ダ,1600,重
2020102866,フクチャンキング,2024-11-02,高知,11,芸術の秋特別(C2),12,1,1,179.5,12,9,井上瑛太,56,ダ,1300,不
2020102866,フクチャンキング,2024-10-19,高知,8,命名渡辺聖菜特別(C2),11,2,2,53.8,7,2,井上瑛太,56,ダ,1400,重
2020102866,フクチャンキング,2024-10-05,高知,12,ファイナルレース(C2),12,8,12,9.5,5,6,濱尚美,54,ダ,1400,不
2020102866,フクチャンキング,2024-09-22,高知,7,C2ー5,10,3,3,8.7,5,10,井上瑛太,56,ダ,1300,不
2020102866,フクチャンキング,2024-09-07,高知,8,有光社長ご就任特別(C2),11,5,5,103.2,10,11,岡遼太郎,56,ダ,1300,良
2020102866,フクチャンキング,2024-07-14,高知,6,C2ー5,10,6,6,,,除,井上瑛太,56,ダ,1300,不
2020102866,フクチャンキング,2024-06-29,高知,7,C2ー4,12,4,4,7.4,3,6,井上瑛太,56,ダ,1400,不
2020102866,フクチャンキング,2024-06-15,高知,11,梅雨特別(C2),10,1,1,16.3,6,8,郷間勇太,56,ダ,1600,良
2020102866,フクチャンキング,2024-06-01,高知,6,C2ー5,9,8,9,5.5,4,2,佐原秀泰,56,ダ,1300,重
2020102866,フクチャンキング,2024-05-18,高知,11,小満特別(C2),12,4,4,69.5,8,11,多田羅誠,56,ダ,1400,稍
2020102866,フクチャンキング,2024-05-05,高知,5,C2ー6,12,2,2,17.3,4,2,井上瑛太,56,ダ,1400,稍
2020102866,フクチャンキング,2024-04-20,高知,2,R5中川祝卒業者特別(C2C3),9,6,6,16.0,4,3,永森大智,55,ダ,1300,良
2020102866,フクチャンキング,2024-04-07,高知,10,ハナモモ特別(C3),10,8,9,4.0,2,6,永森大智,56,ダ,1400,重
2020102866,フクチャンキング,2024-03-24,高知,6,第1回土佐暁記念特別(C3),9,6,6,3.0,2,4,妹尾浩一,56,ダ,1400,不
2020102866,フクチャンキング,2024-03-11,高知,7,ナノハナ特別(C3),10,1,1,55.9,6,5,岡村卓弥,56,ダ,1400,稍
2020102866,フクチャンキング,2024-02-27,高知,5,C3ー3,9,8,9,11.4,4,2,井上瑛太,56,ダ,1400,不
2020102866,フクチャンキング,2024-02-12,高知,6,C3ー3,9,7,7,7.8,5,4,岡村卓弥,56,ダ,1400,重
2020102866,フクチャンキング,2024-01-30,高知,9,ユキワリイチゲ特別(C3),10,8,9,50.9,6,10,塚本雄大,56,ダ,1400,良
2020102866,フクチャンキング,2024-01-16,高知,8,フクジュソウ特別(C3),8,8,8,13.7,4,3,井上瑛太,56,ダ,1400,良
2020102866,フクチャンキング,2023-12-31,高知,3,C3ー9,10,6,6,8.5,5,1,井上瑛太,56,ダ,1400,重
2020102866,フクチャンキング,2023-12-16,高知,4,C3ー9,9,5,5,54.5,7,6,塚本雄大,56,ダ,1300,不
2020102866,フクチャンキング,2023-12-02,高知,7,ガクシ活躍祈念杯特別(C3),11,7,8,5.7,2,10,永森大智,56,ダ,1400,稍
2020102866,フクチャンキング,2023-10-18,名古屋,10,名古屋CCマース賞(A),10,6,6,19.6,7,8,今井貴大,55,ダ,2100,良
2020102866,フクチャンキング,2023-07-01,福島,9,開成山特別(1勝クラス),10,7,7,133.6,9,10,西村太一,55,芝,2600,稍
2020102866,フクチャンキング,2023-03-12,中山,6,3歳1勝クラス,16,2,4,77.2,15,16,田中勝春,56,ダ,1800,良
2020102866,フクチャンキング,2023-01-07,中山,9,黒竹賞(1勝クラス),16,1,1,35.0,11,15,田中勝春,56,ダ,1800,良
2020102866,フクチャンキング,2022-12-03,中山,4,2歳未勝利,16,6,11,46.9,10,1,岩田望来,55,ダ,1800,稍
2020102866,フクチャンキング,2022-11-13,東京,4,2歳未勝利,15,4,7,17.0,7,10,岩田望来,55,ダ,1600,良
2020102866,フクチャンキング,2022-08-27,札幌,5,2歳新馬,7,2,2,5.9,3,7,横山武史,54,ダ,1700,良
2020102933,デルマウチガケ,2026-09-01,大井,10,宵風賞(C1七),11,6,7,33.9,6,10,安藤洋一,54,ダ,1400,良
2020102933,デルマウチガケ,2026-08-12,大井,7,はくちょう座特別競走(C2),11,7,8,5.2,3,2,矢野貴之,54,ダ,1400,不
2020102933,デルマウチガケ,2026-07-22,大井,6,U.S.ターキー賞(C2七),14,8,13,6.2,3,4,高橋優,51,ダ,1400,良
2020102933,デルマウチガケ,2026-06-29,大井,7,プルメリア特別競走(C2),11,6,7,12.5,4,3,高橋優,51,ダ,1600,不
2020102933,デルマウチガケ,2026-03-23,大井,10,萌黄特別競走(C2),9,8,8,7.6,3,9,吉井章,54,ダ,1600,良
2020102933,デルマウチガケ,2026-03-13,大井,3,C2 選抜牝馬,12,8,12,2.8,1,8,吉井章,54,ダ,1400,良
2020102933,デルマウチガケ,2026-02-20,大井,8,C2二 三四(C2三),13,8,12,3.8,2,8,吉井章,54,ダ,1400,良
2020102933,デルマウチガケ,2025-10-22,大井,9,白秋特別競走(C1),9,2,2,1.7,1,3,達城龍次,54,ダ,1600,重
2020102933,デルマウチガケ,2025-10-09,大井,8,サンチャゴ賞(C1),11,6,6,3.8,2,2,達城龍次,54,ダ,1600,良
2020102933,デルマウチガケ,2025-09-16,大井,8,ピンポン賞(C1),12,8,11,2.0,1,2,達城龍次,54,ダ,1600,稍
2020102933,デルマウチガケ,2025-09-05,大井,5,C2二 三四(C2三),12,7,10,7.4,4,1,達城龍次,54,ダ,1600,不
2020102933,デルマウチガケ,2025-05-21,大井,8,ジン・トニック賞(C1),11,6,7,4.7,3,9,吉井章,54,ダ,1600,稍
2020102933,デルマウチガケ,2025-05-01,大井,8,ジン・バック賞(C2),14,7,11,5.1,3,1,矢野貴之,54,ダ,1600,稍
2020102933,デルマウチガケ,2025-04-15,大井,7,C211 1213(C212),14,2,2,4.4,2,1,吉井章,54,ダ,1400,重
2020102933,デルマウチガケ,2024-11-07,大井,8,ボビーバーンズ賞(C2六),12,1,1,4.7,2,2,藤田凌,54,ダ,1400,稍
2020102933,デルマウチガケ,2024-10-15,大井,12,つる座特別競走(C2),13,8,12,9.6,5,4,藤田凌,54,ダ,1400,良
2020102933,デルマウチガケ,2024-10-01,大井,8,バーバラ賞(C2),10,2,2,3.9,2,4,藤田凌,54,ダ,1600,良
2020102933,デルマウチガケ,2024-09-11,大井,8,アディントン賞(C2),14,3,4,9.2,5,7,藤田凌,54,ダ,1600,良
2020102933,デルマウチガケ,2024-08-12,大井,9,C2十 1112(C211),12,8,12,5.2,2,1,藤田凌,54,ダ,1400,良
2020102933,デルマウチガケ,2024-03-19,大井,6,C213 14,14,3,4,7.4,3,4,達城龍次,54,ダ,1600,良
2020102933,デルマウチガケ,2024-02-27,大井,2,C214 15,14,3,4,9.4,4,3,達城龍次,54,ダ,1600,重
2020102933,デルマウチガケ,2024-02-12,大井,9,C217 1819(C218),12,1,1,8.8,5,3,達城龍次,54,ダ,1400,稍
2020102933,デルマウチガケ,2024-01-22,大井,6,C215 16,15,7,13,9.4,4,7,笹川翼,54,ダ,1200,不
2020102933,デルマウチガケ,2023-10-30,大井,8,C212 13,14,7,12,25.2,9,6,横川怜央,54,ダ,1200,良
2020102933,デルマウチガケ,2023-09-18,高知,4,3歳ー1,10,7,8,34.0,6,6,永森大智,54,ダ,1400,重
2020102933,デルマウチガケ,2023-09-03,高知,4,3歳ー2,10,6,6,18.3,7,4,永森大智,54,ダ,1300,不
2020102933,デルマウチガケ,2023-08-20,高知,5,トウテイラン特別(3歳),12,2,2,1.7,1,2,吉原寛人,54,ダ,1400,重
2020102933,デルマウチガケ,2023-07-02,高知,8,3歳ー1,8,6,6,4.2,2,3,宮川実,54,ダ,1600,不
2020102933,デルマウチガケ,2023-06-18,高知,8,3歳ー2,9,7,7,1.9,1,3,宮川実,54,ダ,1400,重
2020102933,デルマウチガケ,2023-05-13,高知,2,3歳ー2,10,4,4,1.4,1,2,宮川実,54,ダ,1600,重
2020102933,デルマウチガケ,2023-04-29,高知,2,3歳ー3,9,8,9,1.1,1,1,宮川実,54,ダ,1400,不
2020102933,デルマウチガケ,2023-04-15,高知,2,3歳ー5,8,1,1,1.3,1,1,宮川実,54,ダ,1300,不
2020102933,デルマウチガケ,2023-03-28,高知,1,3歳ー4,10,7,8,6.9,2,1,妹尾浩一,54,ダ,1300,不
2020103088,ピックアップライン,2026-09-03,大井,11,セプテンバー賞競走(A2B1),9,8,9,20.9,5,4,Ｆ．ゴン,57,ダ,1800,良
2020103088,ピックアップライン,2026-07-04,福島,11,TUF杯(3勝クラス),10,5,5,45.5,9,10,木幡巧也,58,ダ,1150,稍
2020103088,ピックアップライン,2026-04-25,東京,10,鎌倉S(3勝クラス),15,1,1,64.7,11,14,木幡巧也,58,ダ,1400,稍
2020103088,ピックアップライン,2026-02-28,中山,10,春風S(3勝クラス),16,6,12,41.8,12,5,木幡巧也,55,ダ,1200,稍
2020103088,ピックアップライン,2025-12-21,阪神,9,御影S(3勝クラス),16,8,16,36.9,8,10,吉村誠之,58,ダ,1400,重
2020103088,ピックアップライン,2025-10-04,東京,12,3歳以上2勝クラス,16,1,2,11.3,7,1,吉村誠之,57,ダ,1400,良
2020103088,ピックアップライン,2025-09-07,阪神,12,3歳以上2勝クラス,12,6,8,11.2,5,3,吉村誠之,57,ダ,1400,良
2020103088,ピックアップライン,2025-07-06,福島,9,さくらんぼ特別(2勝クラス),16,4,8,6.3,4,5,木幡巧也,58,ダ,1150,良
2020103088,ピックアップライン,2025-05-04,東京,12,4歳以上2勝クラス,16,7,14,12.1,6,2,木幡巧也,58,ダ,1300,稍
2020103088,ピックアップライン,2025-02-23,東京,12,大島特別(2勝クラス),14,7,12,36.3,7,2,原優介,58,ダ,1400,良
2020103088,ピックアップライン,2025-01-06,中山,9,初茜賞(2勝クラス),16,3,5,56.7,10,9,丹内祐次,58,ダ,1800,良
2020103088,ピックアップライン,2024-11-09,東京,8,3歳以上2勝クラス,13,7,10,36.3,7,11,原優介,57,ダ,1600,良
2020103088,ピックアップライン,2024-10-20,東京,12,3歳以上2勝クラス,14,6,9,5.9,4,11,原優介,57,ダ,1600,良
2020103088,ピックアップライン,2024-07-14,福島,9,横手特別(2勝クラス),12,5,6,3.9,2,2,原優介,58,ダ,1700,稍
2020103088,ピックアップライン,2024-05-12,東京,10,ウオッカC(2勝クラス),12,2,2,3.9,1,10,松岡正海,56,ダ,1600,良
2020103088,ピックアップライン,2024-04-21,東京,12,4歳以上2勝クラス,13,6,8,10.6,4,3,原優介,57,ダ,1600,良
2020103088,ピックアップライン,2024-02-17,東京,12,4歳以上1勝クラス,16,1,1,8.8,5,1,武士沢友,58,ダ,1600,良
2020103088,ピックアップライン,2024-02-03,東京,8,4歳以上1勝クラス,16,2,4,14.5,6,2,武士沢友,58,ダ,1600,良
2020103088,ピックアップライン,2024-01-13,中山,7,4歳以上1勝クラス,16,2,4,5.0,2,8,武士沢友,57,ダ,1800,良
2020103088,ピックアップライン,2023-11-12,東京,6,3歳以上1勝クラス,11,4,4,8.0,3,4,武士沢友,57,ダ,1600,良
2020103088,ピックアップライン,2023-10-22,東京,7,3歳以上1勝クラス,14,6,10,7.0,3,3,武士沢友,56,ダ,1600,良
2020103088,ピックアップライン,2023-07-09,福島,7,3歳未勝利,15,6,10,2.2,1,1,武士沢友,56,ダ,1700,良
2020103088,ピックアップライン,2023-06-10,東京,6,3歳未勝利,16,5,10,4.3,2,2,武士沢友,56,ダ,1600,稍
2020103088,ピックアップライン,2023-05-21,東京,2,3歳未勝利,16,8,15,5.0,2,4,武士沢友,56,ダ,1600,稍
2020103088,ピックアップライン,2023-03-19,中山,3,3歳未勝利,16,4,8,5.2,3,3,武士沢友,56,ダ,1800,不
2020103088,ピックアップライン,2023-01-21,中山,3,3歳未勝利,16,6,12,7.6,5,2,武士沢友,56,ダ,1800,稍
2020103088,ピックアップライン,2023-01-05,中山,2,3歳未勝利,16,1,2,58.8,11,4,武士沢友,56,ダ,1800,良
2020103088,ピックアップライン,2022-12-10,中山,2,2歳未勝利,15,5,8,120.1,13,4,武士沢友,55,ダ,1800,稍
2020103088,ピックアップライン,2022-10-23,新潟,5,2歳新馬,15,7,13,84.5,13,15,横山琉人,53,ダ,1800,稍
2020104180,ナックジャスパー,2026-09-02,大井,10,花野特別競走(C1C2),13,4,5,62.6,9,5,高橋昭平,53,ダ,1400,良
2020104180,ナックジャスパー,2026-08-14,大井,3,C2六 七八(C2七),13,3,3,9.7,6,8,高橋昭平,54,ダ,1600,不
2020104180,ナックジャスパー,2026-07-21,大井,7,C2九 十,13,7,10,24.9,5,5,高橋昭平,54,ダ,1200,良
2020104180,ナックジャスパー,2026-01-29,大井,6,C2六 七,9,1,1,9.8,3,2,高橋昭平,54,ダ,1600,良
2020104180,ナックジャスパー,2026-01-15,大井,4,烏山川賞(C2),14,1,1,9.0,4,4,高橋昭平,54,ダ,1600,良
2020104180,ナックジャスパー,2025-12-29,大井,11,センリョウ賞(C1),13,5,7,6.4,2,4,高橋昭平,54,ダ,1600,重
2020104180,ナックジャスパー,2025-12-05,大井,8,子どもの未来応援賞(C2三),13,5,7,5.9,2,2,高橋昭平,54,ダ,1600,良
2020104180,ナックジャスパー,2025-11-13,大井,8,イエロー・パロット賞(C2),14,1,1,22.5,7,1,高橋昭平,54,ダ,1600,稍
2020104180,ナックジャスパー,2025-10-23,大井,5,夢と誇りあるふるさと(C2),10,7,8,45.0,7,3,高橋昭平,54,ダ,1600,重
2020104180,ナックジャスパー,2025-10-07,大井,5,C211 1213(C212),13,8,12,11.0,3,2,高橋昭平,54,ダ,1600,良
2020104180,ナックジャスパー,2025-09-17,大井,5,C2七 八,14,1,1,9.4,3,3,高橋昭平,54,ダ,1600,良
2020104180,ナックジャスパー,2025-09-01,大井,10,こうま座特別競走(C2),11,8,11,18.8,5,10,高橋昭平,54,ダ,1800,良
2020104180,ナックジャスパー,2025-03-26,大井,5,C2八 九十(C2九),14,3,4,35.4,8,4,高橋昭平,54,ダ,1600,良
2020104180,ナックジャスパー,2025-03-12,大井,3,C2八 九,14,6,9,9.2,4,4,高橋昭平,54,ダ,1600,重
2020104180,ナックジャスパー,2025-02-20,大井,6,C2九 十,14,3,4,166.3,13,3,高橋昭平,54,ダ,1600,良
2020104180,ナックジャスパー,2025-01-29,大井,8,C2八 九,14,4,5,91.8,11,10,高橋昭平,54,ダ,1600,良
2020104180,ナックジャスパー,2025-01-15,大井,7,C2八 九十(C2九),14,7,11,28.8,6,10,吉井章,54,ダ,1600,良
2020104180,ナックジャスパー,2024-12-30,大井,5,C2六 七,14,8,14,36.2,8,2,高橋昭平,54,ダ,1600,良
2020104180,ナックジャスパー,2024-12-05,大井,4,C2六 七八(C2七),12,1,1,265.9,9,2,高橋昭平,54,ダ,1600,良
2020104180,ナックジャスパー,2024-11-07,大井,8,ボビーバーンズ賞(C2六),12,4,5,105.7,10,9,高橋昭平,54,ダ,1400,稍
2020104180,ナックジャスパー,2024-10-16,大井,8,ノックアウト賞(C2九),14,8,14,195.6,13,7,高橋昭平,54,ダ,1400,良
2020104180,ナックジャスパー,2024-10-02,大井,6,C2五 六,12,3,3,186.0,11,7,高橋昭平,54,ダ,1600,良
2020104180,ナックジャスパー,2024-09-11,大井,9,C2六 七,15,7,13,315.6,15,12,高橋昭平,54,ダ,1200,良
2020104180,ナックジャスパー,2024-08-15,大井,8,テキーラ・サンセット(C2六),14,8,13,99.6,10,13,高橋昭平,54,ダ,1200,良
2020104180,ナックジャスパー,2024-08-01,大井,7,C2五 六七(C2六),14,8,15,,,取,安藤洋一,54,ダ,1200,良
2020104180,ナックジャスパー,2024-07-09,大井,10,C2五 六七(C2六),16,2,4,64.3,11,13,藤田凌,54,ダ,1200,稍
2020104180,ナックジャスパー,2024-06-28,大井,5,C2二 三四(C2三),14,6,9,17.3,6,9,藤田凌,54,ダ,1200,不
2020104180,ナックジャスパー,2024-06-07,大井,5,C2三 四五(C2四),14,4,5,27.5,5,8,藤田凌,54,ダ,1400,良
2020104180,ナックジャスパー,2024-05-17,大井,7,C2三 四五(C2四),14,7,12,102.7,13,5,藤田凌,54,ダ,1200,稍
2020104180,ナックジャスパー,2023-10-02,大井,12,つる座特別競走(C1C2),11,4,5,,,取,藤田凌,55,ダ,1400,良
2020104180,ナックジャスパー,2023-09-19,大井,10,C1六 七八(C1七),10,8,9,99.1,8,8,藤田凌,53,ダ,1200,稍
2020104180,ナックジャスパー,2023-09-06,大井,9,C1五 六七(C1六),14,4,6,62.5,10,8,藤田凌,53,ダ,1200,重
2020104180,ナックジャスパー,2023-08-16,大井,3,3歳 320万,10,5,5,2.2,1,1,藤田凌,54,ダ,1200,不
2020104180,ナックジャスパー,2023-08-04,大井,7,エイトワンカフェ賞(3歳),14,4,5,15.9,9,4,藤田凌,54,ダ,1200,稍
2020104180,ナックジャスパー,2023-07-12,大井,2,3歳 240万,11,8,10,46.2,7,2,瀬川将輝,54,ダ,1200,良
2020104180,ナックジャスパー,2023-06-28,大井,2,3歳 164万,14,6,10,12.3,5,2,瀬川将輝,54,ダ,1200,良
2020104180,ナックジャスパー,2023-06-06,大井,2,3歳 164万,12,3,3,28.5,9,4,瀬川将輝,54,ダ,1200,重
2020104180,ナックジャスパー,2023-05-24,大井,4,3歳 187万,12,3,3,70.0,9,7,瀬川将輝,54,ダ,1200,重
2020104180,ナックジャスパー,2022-12-08,大井,5,選抜牝馬(2歳),14,5,7,26.1,8,4,谷内貫太,51,ダ,1200,不
2020104180,ナックジャスパー,2022-11-15,大井,4,2歳 111.,9,8,9,94.2,6,4,谷内貫太,51,ダ,1200,良
2020104180,ナックジャスパー,2022-10-31,大井,3,2歳 選抜牝馬,12,8,11,122.3,12,3,高橋昭平,54,ダ,1200,良
2020104180,ナックジャスパー,2022-10-03,大井,4,目黒区賞(2歳),11,5,5,149.0,8,8,谷内貫太,51,ダ,1200,良
2020104180,ナックジャスパー,2022-09-19,大井,5,2歳 55.5,9,4,4,70.4,8,5,谷内貫太,54,ダ,1200,不
2020104180,ナックジャスパー,2022-09-05,大井,2,2歳 新馬,6,5,5,41.0,6,6,高橋昭平,54,ダ,1400,良
2020104248,ロッソナブア,2026-07-03,大井,12,潮見坂賞競走(B3),13,3,3,2.4,1,1,鷹見陸,56,ダ,1400,不
2020104248,ロッソナブア,2026-06-12,大井,12,てんびん座特別競走(C1四),14,1,1,4.2,1,1,鷹見陸,56,ダ,1400,稍
2020104248,ロッソナブア,2026-04-30,大井,12,トーラス特別競走(C1),14,5,8,3.6,2,4,吉原寛人,56,ダ,1650,稍
2020104248,ロッソナブア,2026-03-13,大井,9,がんばれ!関東の酪農(C1四),14,3,3,6.5,3,2,鷹見陸,56,ダ,1400,良
2020104248,ロッソナブア,2023-06-11,水沢,11,東北優駿(重賞),8,3,3,1.2,1,3,御神本訓,56,ダ,2000,稍
2020104248,ロッソナブア,2023-04-10,船橋,5,チューリップ特別(3歳),12,1,1,3.2,2,2,御神本訓,57,ダ,1500,良
2020104248,ロッソナブア,2023-03-15,船橋,9,花見月特別(3歳),9,4,4,2.6,2,2,御神本訓,57,ダ,1700,良
2020104248,ロッソナブア,2023-02-06,船橋,7,フリオーソ・メモリア(3歳),7,3,3,1.7,1,1,御神本訓,56,ダ,1500,良
2020104248,ロッソナブア,2023-01-16,船橋,2,シャスターデイジー賞(3歳),7,3,3,2.0,2,1,御神本訓,56,ダ,1200,良
2020104248,ロッソナブア,2022-10-05,門別,9,JRA認定ウィナーズ(OP)(2歳),8,1,1,3.7,2,3,桑村真明,55,ダ,1200,重
2020104248,ロッソナブア,2022-08-18,門別,4,JRA認定フレッシュ(2歳),11,7,9,3.1,1,1,桑村真明,54,ダ,1100,重
2020104304,スマートサニー,2026-09-03,大井,11,セプテンバー賞競走(A2B1),9,5,5,1.5,1,1,本田正重,57,ダ,1800,良
2020104304,スマートサニー,2026-08-16,大井,9,オーガスト賞競走(A2B1),9,1,1,4.2,3,3,本田正重,57,ダ,1600,重
2020104304,スマートサニー,2026-05-23,東京,11,欅S(OP),16,8,15,13.0,5,14,国分優作,57,ダ,1400,稍
2020104304,スマートサニー,2026-04-04,阪神,10,ポラリスS(OP),16,2,3,19.3,6,5,高杉吏麒,55,ダ,1400,稍
2020104304,スマートサニー,2026-01-10,京都,11,すばるS(L),16,6,11,31.1,8,8,和田竜二,57,ダ,1400,良
2020104304,スマートサニー,2025-12-28,阪神,11,ギャラクシーS(OP),16,4,8,26.2,9,6,小沢大仁,57,ダ,1400,良
2020104304,スマートサニー,2025-10-05,京都,10,藤森S(OP),16,8,16,11.9,5,11,浜中俊,57,ダ,1200,重
2020104304,スマートサニー,2025-06-21,阪神,11,天保山S(OP),16,1,2,17.6,8,11,和田竜二,57,ダ,1400,良
2020104304,スマートサニー,2025-05-18,京都,11,栗東S(L),16,1,1,11.5,6,2,浜中俊,55,ダ,1400,稍
2020104304,スマートサニー,2025-03-22,阪神,10,レグルスS(OP),14,8,14,29.9,8,5,和田竜二,58,ダ,1800,良
2020104304,スマートサニー,2025-02-02,小倉,11,門司S(OP),16,5,9,13.6,5,4,小沢大仁,58,ダ,1700,重
2020104304,スマートサニー,2024-11-17,福島,11,福島民友C(L),15,2,3,43.2,12,5,泉谷楓真,57,ダ,1700,良
2020104304,スマートサニー,2024-02-03,京都,11,アルデバランS(OP),12,6,8,38.1,7,11,団野大成,56,ダ,1900,良
2020104304,スマートサニー,2024-01-14,小倉,11,門司S(OP),16,2,3,9.2,5,8,小沢大仁,57,ダ,1700,良
2020104304,スマートサニー,2023-12-16,中京,11,尾頭橋S(3勝クラス),14,8,13,1.9,1,1,藤岡康太,57,ダ,1800,重
2020104304,スマートサニー,2023-11-11,福島,11,奥羽S(3勝クラス),15,2,3,8.7,3,2,小沢大仁,56,ダ,1700,良
2020104304,スマートサニー,2023-09-16,阪神,10,鳥取特別(2勝クラス),16,7,13,3.9,1,1,小沢大仁,55,ダ,1800,良
2020104304,スマートサニー,2023-07-16,函館,10,駒場特別(2勝クラス),14,8,14,2.7,1,7,小沢大仁,55,ダ,1700,重
2020104304,スマートサニー,2023-06-17,函館,12,3歳以上1勝クラス,14,3,4,2.0,1,1,小沢大仁,54,ダ,1700,良
2020104304,スマートサニー,2023-05-06,新潟,9,わらび賞(1勝クラス),15,4,7,10.5,4,3,今村聖奈,56,ダ,1800,稍
2020104304,スマートサニー,2023-02-26,小倉,8,3歳1勝クラス,16,1,1,3.5,2,6,小沢大仁,55,ダ,1700,稍
2020104304,スマートサニー,2023-02-04,中京,4,3歳新馬,9,8,8,18.3,6,1,小沢大仁,55,ダ,1800,良
2020104407,エスプリボクチャン,2026-06-09,大井,10,鼠坂賞競走(B3),13,5,7,9.9,3,12,西優哉,53,ダ,1400,不
2020104407,エスプリボクチャン,2026-05-22,大井,12,錦華坂賞競走(B3),15,5,8,6.3,2,5,西優哉,53,ダ,1400,不
2020104407,エスプリボクチャン,2026-04-27,大井,11,神楽坂賞競走(B3),16,1,1,24.3,11,2,西優哉,53,ダ,1400,不
2020104407,エスプリボクチャン,2024-12-04,大井,12,カノープス賞競走(B2),15,4,6,14.6,6,2,山崎誠士,56,ダ,1400,良
2020104407,エスプリボクチャン,2024-11-07,大井,12,神楽月賞競走(B2),16,7,13,18.4,10,4,山崎誠士,56,ダ,1200,稍
2020104407,エスプリボクチャン,2024-09-30,大井,8,ヴァーゴ賞競走(B2),14,8,14,5.0,1,9,矢野貴之,56,ダ,1200,良
2020104407,エスプリボクチャン,2024-09-09,大井,9,サファイア賞競走(B1B2),14,4,6,17.2,6,7,矢野貴之,55,ダ,1200,良
2020104407,エスプリボクチャン,2024-07-31,大井,9,アメリカンアンバサダ(B2),10,7,7,2.5,1,8,矢野貴之,56,ダ,1600,良
2020104407,エスプリボクチャン,2024-07-10,大井,7,デネブ賞競走(B2),8,2,2,1.9,1,3,矢野貴之,56,ダ,1400,良
2020104407,エスプリボクチャン,2024-06-28,大井,11,秋葉原賞競走(B2),12,6,8,3.3,1,2,矢野貴之,56,ダ,1600,不
2020104407,エスプリボクチャン,2024-02-15,大井,11,梅見月賞競走(B2),16,5,10,2.4,2,11,矢野貴之,56,ダ,1200,良
2020104407,エスプリボクチャン,2024-01-26,大井,9,道玄坂賞競走(B3),14,3,4,1.7,1,1,矢野貴之,56,ダ,1400,稍
2020104407,エスプリボクチャン,2023-12-28,大井,8,B3五,11,3,3,2.0,1,1,矢野貴之,56,ダ,1400,良
2020104407,エスプリボクチャン,2023-12-04,大井,12,鳥居坂賞競走(B3),13,4,5,4.8,2,4,矢野貴之,56,ダ,1800,良
2020104407,エスプリボクチャン,2023-11-16,大井,8,スレッジ・ハンマー賞(C1三),12,8,12,4.2,2,1,矢野貴之,56,ダ,1400,良
2020104407,エスプリボクチャン,2023-05-12,大井,4,3歳 325万,9,6,6,,,除,藤田凌,57,ダ,1600,良
2020104407,エスプリボクチャン,2023-02-23,大井,11,雲取賞競走(重賞),10,8,10,40.6,6,10,藤田凌,55,ダ,1800,良
2020104407,エスプリボクチャン,2023-01-27,大井,5,3歳 306万,14,3,4,7.3,4,2,藤田凌,56,ダ,1600,良
2020104407,エスプリボクチャン,2022-12-30,大井,4,2歳 255.,8,4,4,6.0,3,1,藤田凌,55,ダ,1600,良
2020104407,エスプリボクチャン,2022-10-06,大井,4,2歳 155.,10,7,7,7.6,3,3,藤田凌,55,ダ,1600,重
2020104407,エスプリボクチャン,2022-09-09,大井,3,2歳 192万,10,1,1,3.2,2,1,藤田凌,54,ダ,1600,良
2020104407,エスプリボクチャン,2022-08-15,大井,3,2歳 新馬,6,2,2,5.8,3,2,藤田凌,54,ダ,1600,重
2020104988,ナミエヒーロー,2026-06-15,川崎,5,C3三,12,7,10,14.5,6,4,岡村裕基,56,ダ,1400,重
2020104988,ナミエヒーロー,2026-05-27,浦和,2,ランチタイム(C3),12,6,7,2.7,1,7,岡村裕基,56,ダ,1400,良
2020104988,ナミエヒーロー,2026-05-11,川崎,4,C3五,12,5,6,2.4,2,4,岡村裕基,56,ダ,1400,良
2020104988,ナミエヒーロー,2026-04-07,川崎,2,C3五 六,12,2,2,9.2,4,2,岡村裕基,56,ダ,1400,重
2020104988,ナミエヒーロー,2026-03-03,川崎,1,C3四,10,7,7,2.6,1,5,岡村裕基,56,ダ,1400,重
2020104988,ナミエヒーロー,2025-09-09,川崎,6,C3三 四,12,3,3,2.8,1,1,本田紀忠,56,ダ,1400,稍
2020104988,ナミエヒーロー,2025-08-21,川崎,4,C3三 四,10,7,7,1.5,1,2,張田昂,56,ダ,1400,良
2020104988,ナミエヒーロー,2025-08-08,川崎,8,C3六,12,6,8,1.3,1,1,張田昂,56,ダ,1400,良
2020104988,ナミエヒーロー,2025-07-07,川崎,5,C3三 四五(C3四),12,2,2,23.2,5,4,本田紀忠,56,ダ,1400,良
2020104988,ナミエヒーロー,2025-06-18,川崎,2,ローズマリー賞(C3),12,5,6,46.9,8,5,本田紀忠,56,ダ,1400,良
2020104988,ナミエヒーロー,2024-01-05,川崎,5,ルッコラ賞(C3),10,5,5,22.9,7,7,山林堂信,56,ダ,1400,良
2020104988,ナミエヒーロー,2023-12-13,川崎,12,クロシェット特別(3歳),10,2,2,7.5,4,5,山林堂信,56,ダ,1400,稍
2020104988,ナミエヒーロー,2023-11-07,川崎,1,ヴェロス特別(3歳),8,3,3,24.9,6,2,山林堂信,56,ダ,1400,良
2020104988,ナミエヒーロー,2023-10-09,川崎,11,御成特別(3歳),11,8,10,6.6,3,9,中越琉世,56,ダ,1400,不
2020104988,ナミエヒーロー,2023-08-24,川崎,4,3歳6,9,1,1,5.0,3,3,中越琉世,56,ダ,1400,良
2020104988,ナミエヒーロー,2023-07-26,川崎,1,3歳6,9,2,2,,,取,中越琉世,56,ダ,1400,良
2020104988,ナミエヒーロー,2023-07-07,川崎,2,3歳6,10,7,9,22.1,5,2,中越琉世,56,ダ,1400,良
2020104988,ナミエヒーロー,2023-06-16,川崎,2,3歳7,10,1,1,17.3,4,6,中越琉世,56,ダ,1400,重
2020104988,ナミエヒーロー,2023-05-19,川崎,1,未受賞未出走(3歳),6,5,5,11.1,4,3,中越琉世,56,ダ,1400,良
2020105058,ナンセイスコピオン,2026-09-02,大井,10,花野特別競走(C1C2),13,1,1,1.2,1,3,笹川翼,55,ダ,1400,良
2020105058,ナンセイスコピオン,2026-08-12,大井,7,はくちょう座特別競走(C2),11,7,9,2.4,1,1,笹川翼,54,ダ,1400,不
2020105058,ナンセイスコピオン,2026-07-22,大井,5,アメリカンピーナッツ(C2七),11,3,3,5.9,2,1,笹川翼,54,ダ,1600,良
2020105058,ナンセイスコピオン,2026-06-29,大井,7,プルメリア特別競走(C2),11,1,1,3.9,2,2,笹川翼,54,ダ,1600,不
2020105058,ナンセイスコピオン,2026-05-20,大井,6,C2六 七八(C2七),12,1,1,3.0,1,3,笹川翼,54,ダ,1600,良
2020105058,ナンセイスコピオン,2026-04-14,大井,4,C2十 1112(C211),12,6,7,8.4,4,1,笹川翼,54,ダ,1600,良
2020105058,ナンセイスコピオン,2026-03-10,大井,7,C2十 1112(C211),12,5,5,8.4,6,3,鷹見陸,54,ダ,1600,稍
2020105058,ナンセイスコピオン,2026-02-17,大井,5,C212 1314(C213),14,6,9,2.6,1,9,笹川翼,54,ダ,1600,稍
2020105058,ナンセイスコピオン,2026-01-29,大井,2,C3一 二三(C3二),14,3,4,2.8,1,1,笹川翼,54,ダ,1600,良
2020105058,ナンセイスコピオン,2026-01-16,大井,1,C3二 三,14,1,1,12.1,5,2,笹川翼,54,ダ,1600,良
2020105058,ナンセイスコピオン,2025-06-13,大井,5,C2二 三四(C2三),13,8,13,21.7,4,10,谷内貫太,53,ダ,1600,稍
2020105058,ナンセイスコピオン,2025-05-23,大井,2,C2三 四五(C2四),14,3,4,52.2,10,11,谷内貫太,53,ダ,1600,良
2020105058,ナンセイスコピオン,2025-05-02,大井,6,C2二 三四(C2三),14,6,9,23.6,6,4,谷内貫太,53,ダ,1600,不
2020105058,ナンセイスコピオン,2025-04-18,大井,6,C2三 四五(C2四),13,4,4,55.9,7,6,谷内貫太,54,ダ,1600,良
2020105058,ナンセイスコピオン,2025-03-28,大井,1,レジェンドジョッキー(C2四),14,5,7,18.6,5,9,山崎誠士,54,ダ,1600,稍
2020105058,ナンセイスコピオン,2025-02-21,大井,10,はと座特別競走(C2三),14,8,14,8.1,5,11,山本聡哉,54,ダ,1600,良
2020105058,ナンセイスコピオン,2025-01-31,大井,6,C2二 三四(C2三),10,7,7,10.5,5,3,吉井章,54,ダ,1600,良
2020105058,ナンセイスコピオン,2024-12-30,大井,8,C1五 六七(C1六),14,2,2,13.3,4,14,本田正重,54,ダ,1600,良
2020105058,ナンセイスコピオン,2024-12-03,大井,8,モンタナ賞(C1),14,3,4,7.8,3,9,本田正重,54,ダ,1600,良
2020105058,ナンセイスコピオン,2024-11-08,大井,8,ギムレット賞(C2三),14,7,12,3.5,3,2,本田正重,54,ダ,1600,良
2020105058,ナンセイスコピオン,2024-10-18,大井,6,C2六 七,11,8,10,9.5,5,1,本田正重,54,ダ,1600,良
2020105058,ナンセイスコピオン,2024-10-02,大井,6,C2五 六,12,5,7,16.4,5,10,吉井章,54,ダ,1600,良
2020105058,ナンセイスコピオン,2024-07-09,大井,7,C2五 六七(C2六),12,4,4,6.8,3,12,吉井章,54,ダ,1600,稍
2020105058,ナンセイスコピオン,2024-06-28,大井,4,C2二 三四(C2三),10,6,6,3.7,2,3,吉井章,54,ダ,1600,不
2020105058,ナンセイスコピオン,2024-06-07,大井,4,C2三 四五(C2四),13,3,4,11.9,6,3,吉井章,54,ダ,1600,良
2020105058,ナンセイスコピオン,2024-05-17,大井,5,C2三 四五(C2四),10,7,7,3.0,2,6,吉井章,54,ダ,1600,稍
2020105058,ナンセイスコピオン,2024-04-24,大井,6,C2九 十,14,5,7,131.8,12,1,吉井章,54,ダ,1600,重
2020105058,ナンセイスコピオン,2024-04-09,大井,5,C211 1213(C212),14,1,1,112.7,12,9,吉井章,54,ダ,1200,不
2020105058,ナンセイスコピオン,2024-03-20,大井,8,ハイ・ハット賞(C2),11,5,6,7.7,6,11,今野忠成,54,ダ,1200,良
2020105058,ナンセイスコピオン,2023-11-15,大井,7,C2五 六,16,7,13,51.4,9,8,笹川翼,54,ダ,1200,良
2020105058,ナンセイスコピオン,2023-04-21,大井,10,マーガレット特別競走(3歳),12,1,1,,,取,笹川翼,54,ダ,1200,良
2020105058,ナンセイスコピオン,2023-03-30,大井,6,3歳 316.,13,6,9,11.4,4,4,笹川翼,54,ダ,1200,不
2020105058,ナンセイスコピオン,2023-03-08,大井,10,ムスカリ特別競走(3歳),14,5,8,28.9,10,10,笹川翼,54,ダ,1400,良
2020105058,ナンセイスコピオン,2023-02-22,大井,5,3歳 240万,15,3,5,11.4,4,2,笹川翼,54,ダ,1200,良
2020105058,ナンセイスコピオン,2022-12-08,大井,2,2歳 246万,12,6,7,31.9,6,11,笹川翼,54,ダ,1600,不
2020105058,ナンセイスコピオン,2022-11-17,大井,10,はくたか特別競走(2歳),9,3,3,5.2,3,8,笹川翼,54,ダ,1200,良
2020105058,ナンセイスコピオン,2022-09-23,大井,5,2歳 新馬,6,7,7,1.4,1,1,笹川翼,54,ダ,1200,重
2020105199,ウイントルヴェール,2026-08-17,大井,2,C3一 二,14,5,7,236.6,12,13,東原悠善,56,ダ,1200,重
2020105199,ウイントルヴェール,2026-07-23,大井,2,C3二 三,16,7,14,431.9,13,15,東原悠善,56,ダ,1200,良
2020105199,ウイントルヴェール,2026-06-30,大井,6,C2十 1112(C211),14,2,2,305.2,11,14,東原悠善,56,ダ,1200,重
2020105199,ウイントルヴェール,2026-06-08,大井,9,C212 1314(C213),12,5,6,61.8,7,9,東原悠善,56,ダ,1200,不
2020105199,ウイントルヴェール,2026-05-18,大井,7,C211 1213(C212),13,2,2,109.0,7,7,東原悠善,56,ダ,1200,良
2020105199,ウイントルヴェール,2026-04-27,大井,7,C212 1314(C213),11,7,9,116.1,9,10,東原悠善,56,ダ,1600,不
2020105199,ウイントルヴェール,2026-04-13,大井,12,C213 1415(C214),14,5,7,43.2,8,10,東原悠善,56,ダ,1200,良
2020105199,ウイントルヴェール,2026-03-23,大井,9,C215 16,13,8,12,10.2,4,8,東原悠善,56,ダ,1200,良
2020105199,ウイントルヴェール,2026-03-11,大井,2,C3三 四,12,8,11,3.9,2,1,東原悠善,56,ダ,1200,良
2020105199,ウイントルヴェール,2026-02-18,大井,1,C3四 五,12,3,3,51.0,8,2,東原悠善,56,ダ,1200,稍
2020105199,ウイントルヴェール,2026-01-28,大井,1,C3四 五,12,3,3,45.5,8,4,東原悠善,56,ダ,1200,良
2020105199,ウイントルヴェール,2026-01-14,大井,2,C3四 五,15,2,4,80.0,13,10,東原悠善,56,ダ,1200,良
2020105199,ウイントルヴェール,2025-12-26,大井,4,C212 1314(C213),14,5,8,179.5,11,13,東原悠善,56,ダ,1400,重
2020105199,ウイントルヴェール,2025-12-02,大井,3,C212 1314(C213),16,7,13,191.5,13,5,東原悠善,56,ダ,1200,良
2020105199,ウイントルヴェール,2025-11-11,大井,7,C212 1314(C213),14,1,1,34.3,9,7,東原悠善,56,ダ,1200,稍
2020105199,ウイントルヴェール,2025-10-21,大井,7,せたがやふるさと区民(C212),11,6,6,15.6,6,7,東原悠善,56,ダ,1200,稍
2020105199,ウイントルヴェール,2025-10-07,大井,2,C3一 二,13,5,6,44.0,10,1,東原悠善,56,ダ,1200,良
2020105199,ウイントルヴェール,2025-09-17,大井,2,C3一 二,9,3,3,298.1,9,5,東原悠善,56,ダ,1200,良
2020105199,ウイントルヴェール,2025-09-05,大井,2,C3一 二,13,5,8,313.8,13,11,東原悠善,56,ダ,1200,不
2020105199,ウイントルヴェール,2025-08-15,大井,1,C3一 二,14,1,1,144.5,13,14,東原悠善,56,ダ,1600,良
2020105199,ウイントルヴェール,2025-07-18,大井,2,C3二 三,14,6,10,282.7,14,10,東原悠善,56,ダ,1200,重
2020105199,ウイントルヴェール,2025-07-01,大井,12,C2九 十11(C2十),9,7,7,76.1,8,9,東原悠善,56,ダ,1200,良
2020105199,ウイントルヴェール,2025-06-10,大井,9,C2十 11,14,2,2,79.6,9,6,東原悠善,56,ダ,1200,稍
2020105199,ウイントルヴェール,2025-05-20,大井,9,C2十 11,13,7,10,187.3,12,4,東原悠善,56,ダ,1200,稍
2020105199,ウイントルヴェール,2025-04-30,大井,5,C2九 十11(C2十),11,4,4,164.4,11,6,谷内貫太,55,ダ,1400,稍
2020105199,ウイントルヴェール,2025-04-15,大井,6,C211 1213(C212),9,6,6,232.3,9,9,東原悠善,56,ダ,1600,重
2020105199,ウイントルヴェール,2025-03-28,大井,12,ボンネビルレコード賞(C2),13,8,12,195.3,12,13,高野誠毅,56,ダ,2000,稍
2020105199,ウイントルヴェール,2025-03-11,大井,6,C212 13,12,8,11,48.9,11,9,東原悠善,56,ダ,1600,重
2020105199,ウイントルヴェール,2025-02-19,大井,3,C213 14,13,4,4,92.9,9,8,東原悠善,56,ダ,1600,良
2020105199,ウイントルヴェール,2025-01-28,大井,6,C212 13,16,5,9,66.2,10,11,東原悠善,56,ダ,1200,良
2020105199,ウイントルヴェール,2025-01-14,大井,9,C211 1213(C212),15,4,6,38.1,6,6,東原悠善,56,ダ,1200,稍
2020105199,ウイントルヴェール,2024-12-30,大井,6,C2六 七,14,5,7,96.2,9,7,東原悠善,56,ダ,1200,良
2020105199,ウイントルヴェール,2024-12-05,大井,6,C2六 七八(C2七),14,5,8,290.0,13,7,東原悠善,56,ダ,1200,良
2020105199,ウイントルヴェール,2024-11-07,大井,9,C2五 六七(C2六),16,5,9,326.2,15,6,東原悠善,56,ダ,1200,稍
2020105199,ウイントルヴェール,2024-10-17,大井,8,YJSトライアルラウ(C2),13,1,1,70.0,12,4,石田拓郎,56,ダ,1200,良
2020105199,ウイントルヴェール,2024-10-02,大井,6,C2五 六,12,7,10,133.1,10,9,東原悠善,56,ダ,1600,良
2020105199,ウイントルヴェール,2024-09-11,大井,8,アディントン賞(C2),14,3,3,215.3,13,6,東原悠善,56,ダ,1600,良
2020105199,ウイントルヴェール,2024-08-15,大井,6,C2五 六七(C2六),11,2,2,179.8,11,8,東原悠善,56,ダ,1600,良
2020105199,ウイントルヴェール,2024-07-29,大井,12,へびつかい座特別競走(C1C2),10,3,3,54.6,7,7,高橋優,52,ダ,1650,良
2020105199,ウイントルヴェール,2024-07-09,大井,8,マティーニ賞(C2六),12,5,5,61.8,8,11,東原悠善,56,ダ,1400,稍
2020105199,ウイントルヴェール,2024-06-26,大井,7,ヘラクレス座特別競走(C2),14,5,8,103.1,12,12,吉井章,56,ダ,2000,稍
2020105199,ウイントルヴェール,2024-06-03,大井,10,万緑特別競走(C2),12,7,10,166.5,10,10,中村尚平,56,ダ,1800,不
2020105199,ウイントルヴェール,2024-05-16,大井,10,うしかい座特別競走(C2),14,6,9,113.8,11,9,中村尚平,56,ダ,1700,不
2020105199,ウイントルヴェール,2024-04-25,大井,4,C2五 六,11,1,1,58.5,10,10,中村尚平,56,ダ,1600,重
2020105199,ウイントルヴェール,2024-04-12,大井,8,ソルティー・ドッグ賞(C2四),11,1,1,71.4,10,4,中村尚平,56,ダ,1400,重
2020105199,ウイントルヴェール,2024-03-21,大井,8,バラライカ賞(C2七),14,1,1,318.4,14,10,中村尚平,56,ダ,1600,良
2020105199,ウイントルヴェール,2024-03-01,大井,6,C2四 五,13,8,13,165.9,11,11,中村尚平,56,ダ,1600,不
2020105199,ウイントルヴェール,2024-02-16,大井,6,C2四 五,13,7,11,222.5,10,10,中村尚平,56,ダ,1600,良
2020105199,ウイントルヴェール,2024-01-25,大井,4,烏山川賞(C2六),13,4,6,86.3,9,12,中村尚平,56,ダ,1600,稍
2020105199,ウイントルヴェール,2023-12-28,大井,5,C1七 八九(C1八),13,7,12,91.2,13,8,藤田凌,56,ダ,1600,良
2020105199,ウイントルヴェール,2023-12-09,大井,7,C1八 九十(C1九),13,7,11,28.5,8,11,藤田凌,56,ダ,1600,良
2020105199,ウイントルヴェール,2023-12-05,大井,7,C1八 九十(C1九),,7,11,,,,藤田凌,56,ダ,1600,良
2020105199,ウイントルヴェール,2023-11-13,大井,8,イエロー・パロット賞(C1),12,7,10,7.8,3,9,藤田凌,56,ダ,1600,良
2020105199,ウイントルヴェール,2023-11-03,大井,5,C2三 四,13,8,13,2.5,1,2,藤田凌,56,ダ,1600,良
2020105199,ウイントルヴェール,2023-10-04,大井,5,C2七 八,14,3,4,3.5,1,1,藤田凌,56,ダ,1600,不
2020105199,ウイントルヴェール,2023-09-07,大井,4,3歳 285万,13,5,6,4.1,2,2,藤田凌,56,ダ,1600,重
2020105199,ウイントルヴェール,2023-08-15,大井,1,3歳 210万,10,2,2,5.5,3,2,藤田凌,56,ダ,1600,不
2020105199,ウイントルヴェール,2023-07-20,笠松,8,ナスタチウム賞(3歳),8,5,5,2.1,1,2,藤原幹生,56,ダ,1400,良
2020105199,ウイントルヴェール,2023-07-05,笠松,5,3歳3組,8,4,4,1.8,1,1,藤原幹生,56,ダ,1400,良
2020105199,ウイントルヴェール,2023-06-21,笠松,3,3歳4組,8,8,8,2.0,1,1,藤原幹生,56,ダ,1400,良
2020105199,ウイントルヴェール,2023-06-09,笠松,4,ちえりちゃん誕生日記(3歳),8,3,3,3.0,2,3,長江慶悟,54,ダ,1400,重
2020105199,ウイントルヴェール,2023-05-07,東京,2,3歳未勝利,16,5,10,42.3,10,14,団野大成,56,ダ,1600,良
2020105199,ウイントルヴェール,2023-04-22,福島,7,3歳未勝利,16,1,1,74.6,13,10,藤田菜七,54,芝,2000,良
2020105199,ウイントルヴェール,2023-02-18,小倉,2,3歳未勝利,17,3,6,82.8,12,10,藤田菜七,54,芝,2000,稍
2020105199,ウイントルヴェール,2023-02-05,小倉,7,3歳未勝利,9,3,3,87.7,7,5,藤田菜七,54,芝,2000,良
2020105199,ウイントルヴェール,2023-01-21,小倉,2,3歳未勝利,13,7,10,121.9,11,9,藤田菜七,54,芝,1800,稍
2020105199,ウイントルヴェール,2022-11-06,福島,6,2歳未勝利,16,1,1,119.6,12,12,原優介,53,芝,1800,良
2020105199,ウイントルヴェール,2022-10-09,東京,2,2歳未勝利,12,6,7,128.3,8,11,丹内祐次,55,芝,1600,良
2020105199,ウイントルヴェール,2022-09-24,中山,5,2歳新馬,16,6,11,36.2,8,14,原優介,51,芝,1600,不
2020105263,フェアリーマイア,2026-09-01,大井,2,C3三 四,14,1,1,12.7,3,4,高橋優,51,ダ,1200,良
2020105263,フェアリーマイア,2026-08-16,大井,2,C3三 四,13,2,2,18.6,8,3,高橋優,51,ダ,1200,重
2020105263,フェアリーマイア,2026-07-22,大井,2,C3四 五,16,3,5,29.3,9,9,高橋優,51,ダ,1200,良
2020105263,フェアリーマイア,2026-07-02,大井,2,C3三 四,11,6,7,17.6,6,1,高橋優,51,ダ,1200,不
2020105263,フェアリーマイア,2026-06-10,大井,2,C3三 四,14,4,6,27.5,7,8,高橋優,51,ダ,1200,重
2020105263,フェアリーマイア,2026-05-19,大井,2,C3四 五六(C3五),12,5,6,3.5,2,3,高橋優,51,ダ,1400,良
2020105263,フェアリーマイア,2026-04-28,大井,2,C3四 五,13,6,10,22.2,4,7,中山遥人,51,ダ,1200,不
2020105263,フェアリーマイア,2026-04-17,大井,1,C3 選抜牝馬,13,4,5,37.3,7,4,高橋優,51,ダ,1400,重
2020105263,フェアリーマイア,2026-03-23,大井,3,C3七 八,13,6,9,13.8,7,5,高橋優,51,ダ,1200,良
2020105263,フェアリーマイア,2026-03-09,大井,3,C3七 八,15,5,8,47.4,7,3,高橋優,51,ダ,1200,稍
2020105263,フェアリーマイア,2026-02-16,大井,1,C3八 九,16,4,8,10.5,3,4,高橋優,51,ダ,1200,良
2020105263,フェアリーマイア,2026-01-26,大井,1,C3八 九,11,1,1,7.8,3,2,高橋優,51,ダ,1400,良
2020105263,フェアリーマイア,2026-01-12,大井,3,C3八 九,15,5,8,9.8,3,2,高橋優,51,ダ,1200,良
2020105263,フェアリーマイア,2025-12-25,大井,2,C3一 二,9,1,1,33.4,6,4,高橋優,51,ダ,1200,重
2020105263,フェアリーマイア,2025-12-01,大井,1,C3三,13,1,1,73.6,8,4,高橋優,51,ダ,1200,良
2020105263,フェアリーマイア,2025-11-13,大井,1,C3三 四,12,2,2,13.0,4,8,高橋優,51,ダ,1600,稍
2020105263,フェアリーマイア,2025-10-20,大井,1,東京メトロポリタンウ(C3),14,4,6,20.6,7,4,高橋優,51,ダ,1600,稍
2020105263,フェアリーマイア,2025-10-06,大井,1,C3三 四五(C3四),12,1,1,20.1,6,8,高橋優,51,ダ,1600,良
2020105263,フェアリーマイア,2025-09-16,大井,1,C3三 四五(C3四),14,7,12,19.3,8,6,高橋優,51,ダ,1600,稍
2020105263,フェアリーマイア,2025-09-04,大井,1,C3三 四,12,6,7,64.9,10,5,高橋優,51,ダ,1600,良
2020105263,フェアリーマイア,2025-08-14,大井,1,C3三 四,13,5,6,80.6,10,6,高橋優,51,ダ,1600,稍
2020105263,フェアリーマイア,2025-07-15,大井,1,C3六 七,13,6,8,37.1,10,5,高橋優,51,ダ,1600,稍
2020105263,フェアリーマイア,2025-07-02,大井,1,C3三 四,10,8,9,46.5,7,4,高橋優,51,ダ,1600,良
2020105263,フェアリーマイア,2025-06-13,大井,1,C3一 二,12,7,10,352.2,12,11,杉山海波,51,ダ,1600,重
2020105263,フェアリーマイア,2025-05-22,大井,1,C3一 二,13,4,5,359.4,13,13,杉山海波,51,ダ,1600,良
2020105263,フェアリーマイア,2025-05-01,大井,1,C3二 三,10,3,3,132.8,10,7,杉山海波,51,ダ,1600,稍
2020105263,フェアリーマイア,2025-04-16,大井,1,C3二 三,12,6,7,197.5,11,11,杉山海波,51,ダ,1600,稍
2020105263,フェアリーマイア,2025-03-25,大井,1,C3四 五,14,3,4,286.3,14,11,田中洸多,51,ダ,1600,稍
2020105263,フェアリーマイア,2025-03-13,大井,1,C3一 二三(C3二),13,6,8,485.8,13,12,田中洸多,51,ダ,1600,不
2020105263,フェアリーマイア,2025-02-20,大井,1,C3三 四,13,7,11,500.9,11,11,田中洸多,51,ダ,1200,良
2020105263,フェアリーマイア,2025-01-29,大井,2,C3三 四五(C3四),14,3,3,559.5,14,13,田中洸多,51,ダ,1600,良
2020105263,フェアリーマイア,2025-01-16,大井,3,C3一,11,2,2,66.7,8,8,谷内貫太,52,ダ,1800,良
2020105263,フェアリーマイア,2024-12-27,大井,6,ヘミングウェイ賞(C2),12,3,3,215.1,12,7,千野稜真,51,ダ,1600,良
2020105263,フェアリーマイア,2024-12-02,大井,5,C214 15,13,6,8,61.5,9,12,千野稜真,51,ダ,1600,良
2020105263,フェアリーマイア,2024-11-04,大井,5,C215 1617(C216),10,3,3,110.7,9,5,田中洸多,51,ダ,1600,稍
2020105263,フェアリーマイア,2024-10-14,大井,4,ひと、つながる。墨田(C2),12,5,5,56.4,10,6,田中洸多,51,ダ,1600,良
2020105263,フェアリーマイア,2024-09-29,大井,4,ベルベット・ハンマー(C2),11,4,4,17.8,6,5,田中洸多,51,ダ,1600,稍
2020105263,フェアリーマイア,2024-09-09,大井,5,C2十 11,14,5,7,26.1,8,6,田中洸多,51,ダ,1600,良
2020105263,フェアリーマイア,2024-08-12,大井,8,ブラック・ベルベット(C211),13,3,3,65.3,11,3,木澤奨,51,ダ,1600,良
2020105263,フェアリーマイア,2024-08-02,大井,2,C3二 三,14,5,8,160.8,12,2,木澤奨,51,ダ,1600,良
2020105263,フェアリーマイア,2024-07-10,大井,1,C3二 三,11,2,2,266.7,10,7,田中洸多,51,ダ,1600,良
2020105263,フェアリーマイア,2024-06-25,大井,8,スプモーニ賞(C2),14,5,7,318.6,14,14,田中洸多,51,ダ,1600,重
2020105263,フェアリーマイア,2024-06-05,大井,4,C2十 11,13,2,2,254.0,13,11,田中洸多,51,ダ,1600,稍
2020105263,フェアリーマイア,2024-05-13,大井,7,C214 1516(C215),13,2,2,239.0,13,5,田中洸多,51,ダ,1600,不
2020105263,フェアリーマイア,2024-04-26,大井,10,こじし座特別競走(C2),16,1,2,376.2,16,13,田中洸多,51,ダ,2000,重
2020105263,フェアリーマイア,2024-04-08,大井,8,カンパリ・オレンジ賞(C2),12,4,4,140.9,11,8,谷内貫太,52,ダ,1600,重
2020105263,フェアリーマイア,2024-03-19,大井,4,C215 16,14,3,4,283.9,14,12,中島良美,50,ダ,1600,良
2020105263,フェアリーマイア,2024-02-27,大井,2,C214 15,14,8,13,216.6,12,9,木澤奨,51,ダ,1600,重
2020105263,フェアリーマイア,2024-02-12,大井,8,C217 1819(C218),11,7,10,33.2,8,5,木澤奨,51,ダ,1600,稍
2020105263,フェアリーマイア,2024-01-21,大井,5,C217 18,14,7,12,78.2,11,5,木澤奨,51,ダ,1600,不
2020105263,フェアリーマイア,2023-12-26,大井,5,C212 13,14,4,5,157.7,12,4,木澤奨,51,ダ,1600,良
2020105263,フェアリーマイア,2023-12-04,大井,8,モンタナ賞(C2),14,4,5,48.3,11,8,木澤奨,51,ダ,1600,良
2020105263,フェアリーマイア,2023-11-13,大井,5,C211 1213(C212),12,1,1,53.3,8,4,谷内貫太,51,ダ,1600,良
2020105263,フェアリーマイア,2023-11-03,大井,3,3歳 158.,12,1,1,70.1,10,3,谷内貫太,51,ダ,1600,良
2020105263,フェアリーマイア,2023-10-04,大井,1,3歳 161.,13,3,3,136.7,11,8,仲原大生,53,ダ,1600,不
2020105263,フェアリーマイア,2023-09-18,大井,6,新宿つつじ賞(3歳),10,8,10,107.2,10,5,仲原大生,53,ダ,1600,重
2020105263,フェアリーマイア,2023-09-06,大井,1,3歳 220万,13,7,11,130.9,12,7,仲原大生,53,ダ,1600,重
2020105263,フェアリーマイア,2023-08-14,大井,3,3歳 164万,13,6,9,37.2,9,7,谷内貫太,51,ダ,1400,不
2020105263,フェアリーマイア,2023-08-02,大井,1,日米フレンドシップ賞(3歳),14,6,10,26.8,8,11,谷内貫太,51,ダ,1600,重
2020105263,フェアリーマイア,2023-07-11,大井,2,3歳 178万,13,5,7,35.5,7,4,谷内貫太,51,ダ,1400,良
2020105263,フェアリーマイア,2023-06-28,大井,1,3歳 164万,12,4,4,109.2,11,5,谷内貫太,51,ダ,1400,良
2020105263,フェアリーマイア,2023-06-06,大井,2,3歳 164万,12,2,2,228.5,12,8,中島良美,50,ダ,1200,重
2020105263,フェアリーマイア,2023-05-23,大井,3,3歳 130万,13,7,10,75.5,10,7,中島良美,50,ダ,1200,重
2020105263,フェアリーマイア,2023-05-09,大井,4,3歳 152.,11,8,11,135.2,11,中,木澤奨,51,ダ,1200,重
2020105263,フェアリーマイア,2023-04-18,大井,4,3歳 164万,14,6,10,99.7,13,11,木澤奨,51,ダ,1200,重
2020105263,フェアリーマイア,2023-03-28,大井,3,3歳 138.,14,1,1,29.0,6,14,後藤蒼二,51,ダ,1200,不
2020105263,フェアリーマイア,2022-11-18,大井,6,アイルしながわ賞(2歳),14,5,7,36.6,9,7,和田譲治,54,ダ,1200,良
2020105263,フェアリーマイア,2022-11-02,大井,4,2歳 139.,8,4,4,30.6,7,4,和田譲治,54,ダ,1200,良
2020105263,フェアリーマイア,2022-10-03,大井,4,目黒区賞(2歳),11,7,9,78.3,7,4,和田譲治,54,ダ,1200,良
2020105263,フェアリーマイア,2022-09-06,大井,3,2歳 選抜牝馬,9,6,6,23.5,4,5,和田譲治,54,ダ,1200,良
2020105263,フェアリーマイア,2022-08-18,大井,4,2歳 36万円,10,1,1,29.7,7,5,和田譲治,54,ダ,1200,不
2020105263,フェアリーマイア,2022-07-29,大井,4,2歳 新馬,6,2,2,27.0,4,5,和田譲治,54,ダ,1400,稍
2020105482,ノンストップガール,2026-08-21,川崎,5,C3一 二三(C3二),12,6,7,36.3,5,11,藤江渉,54,ダ,1400,良
2020105482,ノンストップガール,2026-07-28,川崎,2,C3三 四,9,4,4,2.5,1,7,佐野遥久,54,ダ,1400,良
2020105482,ノンストップガール,2026-07-03,大井,1,C3一 二,11,1,1,21.5,7,7,和田譲治,54,ダ,1600,不
2020105482,ノンストップガール,2026-06-11,大井,1,C3一 二,14,6,9,6.5,3,12,和田譲治,54,ダ,1600,稍
2020105482,ノンストップガール,2026-05-20,大井,1,C3一 二三(C3二),13,8,12,6.8,2,8,和田譲治,54,ダ,1600,良
2020105482,ノンストップガール,2026-04-28,大井,1,C3四 五,11,8,10,2.9,1,1,和田譲治,54,ダ,1600,不
2020105482,ノンストップガール,2026-04-15,大井,1,C3四 五,14,6,10,20.6,6,3,和田譲治,54,ダ,1600,良
2020105482,ノンストップガール,2026-03-23,大井,2,C3七 八,14,4,6,11.2,2,2,和田譲治,54,ダ,1600,良
2020105482,ノンストップガール,2026-03-10,大井,1,C3五 六,14,1,1,7.1,4,4,和田譲治,54,ダ,1600,稍
2020105482,ノンストップガール,2026-02-16,大井,2,C3八 九,12,4,4,9.2,2,2,和田譲治,54,ダ,1600,良
2020105482,ノンストップガール,2026-01-26,大井,1,C3八 九,11,8,11,20.5,5,4,和田譲治,54,ダ,1400,良
2020105482,ノンストップガール,2026-01-12,大井,2,C3八 九,13,8,13,19.9,4,7,和田譲治,54,ダ,1600,良
2020105482,ノンストップガール,2025-12-25,大井,1,C3一 二,14,6,10,13.2,4,7,和田譲治,54,ダ,1600,重
2020105482,ノンストップガール,2025-12-03,大井,1,C3一 二,14,1,1,4.3,2,5,和田譲治,54,ダ,1600,良
2020105482,ノンストップガール,2025-11-14,大井,1,C3一 二,13,6,9,19.0,5,5,和田譲治,54,ダ,1600,稍
2020105482,ノンストップガール,2025-10-22,大井,1,C3一 二,14,2,2,37.6,8,5,和田譲治,54,ダ,1600,稍
2020105482,ノンストップガール,2025-10-07,大井,1,C3一 二,11,8,11,30.5,6,9,和田譲治,54,ダ,1600,良
2020105482,ノンストップガール,2025-09-17,大井,1,C3一 二,14,8,14,29.9,6,11,和田譲治,54,ダ,1600,良
2020105482,ノンストップガール,2025-09-05,大井,1,C3一 二,14,2,2,18.5,8,5,和田譲治,54,ダ,1600,不
2020105482,ノンストップガール,2025-08-15,大井,1,C3一 二,14,4,5,15.0,5,8,和田譲治,54,ダ,1600,良
2020105482,ノンストップガール,2025-07-16,大井,1,C3四 五,11,7,9,4.0,2,4,和田譲治,54,ダ,1600,不
2020105482,ノンストップガール,2025-07-04,大井,1,C3一 二,11,1,1,7.8,4,2,和田譲治,54,ダ,1600,良
2020105482,ノンストップガール,2025-02-19,大井,2,C3五 六,13,5,6,3.5,2,1,野畑凌,54,ダ,1600,良
2020105482,ノンストップガール,2025-01-29,大井,1,C3三 四五(C3四),13,6,9,34.0,9,6,野畑凌,54,ダ,1400,良
2020105482,ノンストップガール,2025-01-14,大井,1,C3六 七,13,8,13,15.8,4,6,野畑凌,54,ダ,1600,稍
2020105482,ノンストップガール,2024-12-31,大井,1,C3一 二,13,7,11,28.7,8,3,本田正重,54,ダ,1600,良
2020105482,ノンストップガール,2024-12-06,大井,1,しながわデー開催賞(C3),14,3,4,8.0,4,10,Ｍ．ミシ,52,ダ,1600,良
2020105482,ノンストップガール,2024-11-07,大井,1,C3三 四,11,5,5,6.3,2,2,Ｍ．ミシ,52,ダ,1600,稍
2020105482,ノンストップガール,2024-10-15,大井,1,C3三 四,14,6,10,8.8,3,8,笹川翼,54,ダ,1400,良
2020105482,ノンストップガール,2024-09-30,大井,2,C3三 四五(C3四),12,3,3,5.0,3,3,笹川翼,54,ダ,1400,良
2020105482,ノンストップガール,2024-09-12,大井,2,C3一 二三(C3二),12,5,6,2.8,1,6,吉原寛人,54,ダ,1400,良
2020105482,ノンストップガール,2024-08-13,大井,1,C3四 五,12,8,11,8.1,3,5,古岡勇樹,54,ダ,1600,良
2020105482,ノンストップガール,2024-07-08,大井,2,C3七 八九(C3八),14,5,7,3.1,2,2,笹川翼,54,ダ,1400,稍
2020105482,ノンストップガール,2024-06-27,大井,2,C3二 三四(C3三),13,5,6,6.7,4,3,古岡勇樹,54,ダ,1400,良
2020105482,ノンストップガール,2024-06-06,大井,2,C3二 三四(C3三),13,3,3,69.8,10,3,中村尚平,54,ダ,1400,稍
2020105482,ノンストップガール,2024-05-14,大井,2,C3四 五,14,8,14,26.4,6,8,中村尚平,54,ダ,1200,重
2020105482,ノンストップガール,2024-04-23,大井,2,C3四 五,16,7,14,9.0,4,14,中村尚平,54,ダ,1200,稍
2020105482,ノンストップガール,2024-04-11,大井,2,C3四 五,11,5,6,20.5,7,3,中村尚平,54,ダ,1200,稍
2020105482,ノンストップガール,2023-07-11,大井,2,3歳 178万,13,8,14,,,除,町田直希,54,ダ,1400,良
2020105482,ノンストップガール,2023-06-28,大井,1,3歳 164万,12,5,6,19.0,4,11,町田直希,54,ダ,1400,良
2020105482,ノンストップガール,2022-12-28,大井,3,2歳 87.8,12,8,12,15.1,5,2,町田直希,54,ダ,1400,稍
2020105482,ノンストップガール,2022-12-06,大井,3,選抜牝馬(2歳),11,1,1,4.1,2,4,町田直希,54,ダ,1200,不
2020105482,ノンストップガール,2022-11-15,大井,5,未受賞(2歳),9,6,6,4.2,2,5,町田直希,54,ダ,1200,良
2020105482,ノンストップガール,2022-08-15,大井,4,2歳 新馬,8,5,5,16.4,4,7,町田直希,54,ダ,1400,重
2020105499,ヤンノカステップ,2026-08-14,大井,8,C1五 六,16,6,12,22.4,7,5,達城龍次,54,ダ,1200,不
2020105499,ヤンノカステップ,2026-07-22,大井,12,ハーレーダビッドソン(C1),11,5,5,20.2,5,3,達城龍次,54,ダ,1200,良
2020105499,ヤンノカステップ,2026-06-30,大井,8,プランターズ・パンチ(C1),16,6,12,53.2,7,5,岡村健司,54,ダ,1200,重
2020105499,ヤンノカステップ,2026-06-10,大井,9,C1六 七,14,1,1,34.2,8,5,岡村健司,54,ダ,1200,重
2020105499,ヤンノカステップ,2026-05-19,大井,8,ポート・フリップ賞(C1六),9,4,4,24.4,4,4,野畑凌,54,ダ,1200,良
2020105499,ヤンノカステップ,2026-04-29,大井,9,C1六 七八(C1七),14,3,4,64.3,11,6,達城龍次,54,ダ,1200,稍
2020105499,ヤンノカステップ,2026-04-15,大井,10,C1六 七,14,4,6,78.9,11,7,達城龍次,54,ダ,1200,良
2020105499,ヤンノカステップ,2026-03-26,大井,10,C1六 七,14,3,3,43.7,10,9,安藤洋一,54,ダ,1200,不
2020105499,ヤンノカステップ,2026-03-11,大井,10,C1六 七八(C1七),14,5,8,11.9,5,5,達城龍次,54,ダ,1200,良
2020105499,ヤンノカステップ,2026-02-17,大井,9,C1五 六,12,7,9,39.5,7,6,達城龍次,54,ダ,1200,稍
2020105499,ヤンノカステップ,2026-01-29,大井,10,C1六 七,15,7,12,44.4,12,6,達城龍次,54,ダ,1200,良
2020105499,ヤンノカステップ,2026-01-15,大井,10,C1五 六,12,5,5,15.0,7,8,達城龍次,54,ダ,1200,良
2020105499,ヤンノカステップ,2025-12-02,大井,9,シトリン特別競走(C1C2),14,6,10,40.6,8,4,野畑凌,55,ダ,1400,良
2020105499,ヤンノカステップ,2025-11-12,大井,9,ひいらぎ特別競走(C1),11,5,5,29.3,7,7,野畑凌,54,ダ,1400,稍
2020105499,ヤンノカステップ,2025-10-24,大井,10,野菊特別競走(C1三),10,5,5,28.5,8,7,野畑凌,54,ダ,1400,重
2020105499,ヤンノカステップ,2025-10-10,大井,10,みなみのうお座特別競(C1四),10,3,3,32.4,8,3,野畑凌,54,ダ,1200,良
2020105499,ヤンノカステップ,2025-09-18,大井,9,りゅう座特別競走(C1三),7,2,2,19.9,6,3,達城龍次,54,ダ,1200,良
2020105499,ヤンノカステップ,2025-09-02,大井,10,花野特別競走(C1),13,2,2,43.0,8,4,達城龍次,54,ダ,1200,良
2020105499,ヤンノカステップ,2025-08-14,大井,10,へびつかい座特別競走(C1三),16,2,4,32.0,9,13,所蛍,52,ダ,1200,良
2020105499,ヤンノカステップ,2025-07-15,大井,10,マーメイド特別競走(C1C2),16,5,9,48.3,10,3,達城龍次,55,ダ,1200,不
2020105499,ヤンノカステップ,2025-07-04,大井,12,さそり座特別競走(C1四),11,7,9,21.7,7,5,安藤洋一,54,ダ,1200,良
2020105499,ヤンノカステップ,2025-06-13,大井,9,印西市コスモス賞(C1三),11,8,11,71.7,9,9,和田譲治,54,ダ,1200,稍
2020105499,ヤンノカステップ,2025-05-23,大井,8,キングストン賞(C1四),14,8,14,110.2,13,9,本田正重,54,ダ,1200,良
2020105499,ヤンノカステップ,2025-05-02,大井,12,C1二 三四(C1三),13,8,12,44.2,9,7,達城龍次,54,ダ,1400,不
2020105499,ヤンノカステップ,2025-04-18,大井,12,北極星特別競走(C1三),15,3,5,88.9,13,9,杉山海波,51,ダ,1200,良
2020105499,ヤンノカステップ,2025-03-28,大井,9,アンタッチャブルレコ(C1四),13,8,12,135.4,11,7,本橋孝太,54,ダ,1200,稍
2020105499,ヤンノカステップ,2025-03-14,大井,9,がんばれ!関東の酪農(C1四),13,7,12,76.8,11,9,達城龍次,54,ダ,1200,稍
2020105499,ヤンノカステップ,2025-02-19,大井,8,C1三 四五(C1四),12,6,7,68.2,8,11,落合玄太,54,ダ,1200,良
2020105499,ヤンノカステップ,2025-01-31,大井,10,C1二 三四(C1三),13,1,1,23.9,7,11,谷内貫太,52,ダ,1200,良
2020105499,ヤンノカステップ,2024-10-17,大井,12,野菊特別競走(C1四),11,6,6,4.2,3,4,達城龍次,54,ダ,1200,良
2020105499,ヤンノカステップ,2024-10-04,大井,7,C1二 三四(C1三),14,8,13,5.2,3,3,達城龍次,54,ダ,1200,稍
2020105499,ヤンノカステップ,2024-09-13,大井,8,C1三 四五(C1四),14,3,3,3.8,1,4,達城龍次,54,ダ,1200,良
2020105499,ヤンノカステップ,2024-08-14,大井,7,C1七 八,11,2,2,3.5,1,1,達城龍次,54,ダ,1200,良
2020105499,ヤンノカステップ,2024-07-11,大井,12,C2二 三四(C2三),16,1,2,6.5,3,1,達城龍次,54,ダ,1200,良
2020105499,ヤンノカステップ,2024-06-25,大井,10,さそり座特別競走(C1),15,7,13,25.6,9,5,町田直希,54,ダ,1200,重
2020105499,ヤンノカステップ,2024-06-04,大井,10,てんびん座特別競走(C2),12,7,9,4.7,2,3,達城龍次,54,ダ,1000,不
2020105499,ヤンノカステップ,2024-05-15,大井,5,C2九 十11(C2十),14,2,2,9.5,4,1,達城龍次,54,ダ,1200,重
2020105499,ヤンノカステップ,2024-04-24,大井,7,C2九 十,13,3,3,13.0,5,3,達城龍次,54,ダ,1200,重
2020105499,ヤンノカステップ,2024-04-10,大井,6,C2九 十,16,5,10,25.5,6,8,達城龍次,54,ダ,1200,重
2020105499,ヤンノカステップ,2024-03-19,大井,7,C213 14,15,5,9,13.0,5,2,達城龍次,54,ダ,1200,良
2020105499,ヤンノカステップ,2024-02-27,大井,5,C212 13,16,4,8,9.3,6,8,達城龍次,54,ダ,1200,重
2020105499,ヤンノカステップ,2024-02-13,大井,6,C215 16,14,3,4,17.9,5,4,達城龍次,54,ダ,1200,良
2020105499,ヤンノカステップ,2024-01-22,大井,6,C215 16,15,3,4,27.4,8,5,藤田凌,54,ダ,1200,不
2020105499,ヤンノカステップ,2023-12-27,大井,8,コスモポリタン賞(C2十),14,5,8,13.6,2,3,菅原涼太,53,ダ,1200,良
2020105499,ヤンノカステップ,2023-12-09,大井,5,C211 12,15,6,11,16.8,8,5,横川怜央,54,ダ,1200,良
2020105499,ヤンノカステップ,2023-12-05,大井,5,C211 12,,6,11,,,,横川怜央,54,ダ,1200,良
2020105499,ヤンノカステップ,2023-11-13,大井,7,C211 1213(C212),14,4,5,24.1,7,2,横川怜央,54,ダ,1200,良
2020105499,ヤンノカステップ,2023-10-29,大井,6,ザザ賞(C2),14,7,11,127.1,13,6,横川怜央,54,ダ,1200,稍
2020105499,ヤンノカステップ,2023-05-10,大井,4,3歳 213万,14,2,2,226.3,14,7,横川怜央,54,ダ,1200,稍
2020105499,ヤンノカステップ,2023-04-19,大井,3,3歳 240万,9,3,3,143.0,9,7,横川怜央,54,ダ,1600,稍
2020105499,ヤンノカステップ,2023-03-29,大井,5,3歳 234万,16,2,3,110.0,16,13,横川怜央,54,ダ,1200,重
2020105499,ヤンノカステップ,2023-03-09,大井,5,3歳 215.,16,5,10,163.6,13,11,横川怜央,54,ダ,1200,良
2020105499,ヤンノカステップ,2023-02-22,大井,5,3歳 240万,15,4,6,40.3,12,8,達城龍次,54,ダ,1200,良
2020105499,ヤンノカステップ,2023-01-26,大井,6,3歳 234万,16,5,10,18.9,9,12,古岡勇樹,53,ダ,1200,良
2020105499,ヤンノカステップ,2022-12-28,大井,6,2歳 120万,8,4,4,9.6,4,2,鷹見陸,51,ダ,1200,稍
2020105499,ヤンノカステップ,2022-12-06,大井,5,2歳 57万円,8,5,5,3.5,2,2,鷹見陸,51,ダ,1200,不
2020105499,ヤンノカステップ,2022-11-17,大井,4,2歳 新馬,7,2,2,46.2,7,4,鷹見陸,51,ダ,1200,良
2020105670,タッチャブル,2026-09-03,大井,10,オフトひたちなか賞競(B2),11,8,11,205.3,10,10,東原悠善,56,ダ,1600,良
2020105670,タッチャブル,2026-08-14,大井,10,サマーナイト賞競走(B2),9,2,2,64.1,8,9,東原悠善,56,ダ,1400,不
2020105670,タッチャブル,2026-06-13,東京,9,日野特別(2勝クラス),14,3,3,300.1,12,7,亀田温心,58,ダ,2100,稍
2020105670,タッチャブル,2026-05-10,東京,9,日吉特別(2勝クラス),9,6,6,47.9,8,8,松若風馬,58,ダ,2100,良
2020105670,タッチャブル,2026-03-14,中京,11,中京スポーツ杯(2勝クラス),14,3,3,28.6,9,8,松若風馬,54,ダ,1800,良
2020105670,タッチャブル,2026-02-01,東京,8,4歳以上2勝クラス,11,7,9,53.3,8,9,菅原明良,58,ダ,2100,良
2020105670,タッチャブル,2025-12-13,中京,10,鳴海特別(2勝クラス),16,2,3,106.1,12,13,鮫島克駿,58,ダ,1800,良
2020105670,タッチャブル,2025-11-29,東京,8,3歳以上2勝クラス,16,7,13,219.9,16,5,菅原明良,58,ダ,2100,良
2020105670,タッチャブル,2025-10-13,京都,9,蹴上特別(2勝クラス),12,6,7,108.1,10,9,吉村誠之,58,ダ,1800,良
2020105670,タッチャブル,2025-09-06,阪神,9,出石特別(2勝クラス),9,6,6,110.5,9,6,吉村誠之,58,ダ,1800,稍
2020105670,タッチャブル,2025-08-24,中京,10,大府特別(2勝クラス),16,1,2,44.9,11,8,菱田裕二,58,ダ,1800,良
2020105670,タッチャブル,2025-08-02,中京,6,日進特別(2勝クラス),12,5,5,42.3,9,4,団野大成,58,ダ,1800,良
2020105670,タッチャブル,2025-06-14,東京,9,日野特別(2勝クラス),16,3,6,125.5,13,10,長岡禎仁,58,ダ,2100,良
2020105670,タッチャブル,2025-05-25,京都,12,4歳以上2勝クラス,9,8,9,44.3,8,7,藤懸貴志,58,ダ,1900,重
2020105670,タッチャブル,2025-05-10,京都,12,4歳以上2勝クラス,10,7,7,66.4,8,6,松若風馬,58,ダ,1800,重
2020105670,タッチャブル,2025-03-23,中京,10,弥富特別(2勝クラス),16,4,8,156.0,15,4,藤懸貴志,54,ダ,1900,良
2020105670,タッチャブル,2025-02-15,京都,12,4歳以上2勝クラス,13,7,11,79.6,11,11,ルメート,58,ダ,1900,良
2020105670,タッチャブル,2024-12-07,京都,10,花見小路特別(2勝クラス),14,3,4,59.8,9,9,三浦皇成,54,ダ,1900,良
2020105670,タッチャブル,2024-11-16,京都,10,近江特別(2勝クラス),16,3,5,150.9,13,9,鮫島克駿,58,ダ,1900,良
2020105670,タッチャブル,2024-08-25,中京,9,大府特別(2勝クラス),16,4,8,36.1,7,9,団野大成,58,ダ,1800,良
2020105670,タッチャブル,2024-06-22,京都,9,京極特別(2勝クラス),12,1,1,20.5,7,4,団野大成,58,ダ,1900,稍
2020105670,タッチャブル,2024-05-18,京都,8,4歳以上1勝クラス,10,3,3,2.1,1,1,団野大成,58,ダ,1900,良
2020105670,タッチャブル,2024-04-28,京都,7,4歳以上1勝クラス,10,1,1,11.6,4,2,団野大成,58,ダ,1900,良
2020105670,タッチャブル,2024-03-17,中京,6,4歳以上1勝クラス,11,7,8,37.7,8,3,団野大成,58,ダ,1900,良
2020105670,タッチャブル,2024-02-18,小倉,6,4歳以上1勝クラス,13,1,1,30.9,7,9,鮫島克駿,57,ダ,2400,良
2020105670,タッチャブル,2024-01-07,京都,7,4歳以上1勝クラス,13,2,2,17.0,4,12,松山弘平,57,ダ,1900,良
2020105670,タッチャブル,2023-12-10,中山,8,3歳以上1勝クラス,11,5,5,14.8,7,4,丹内祐次,56,ダ,2500,良
2020105670,タッチャブル,2023-10-22,金沢,5,立ち位置ゼロ番!順位(C1),9,7,7,1.1,1,1,吉原寛人,56,ダ,1500,重
2020105670,タッチャブル,2023-10-08,金沢,1,無料ネット新聞うまか(C1),10,3,3,1.7,1,1,吉原寛人,56,ダ,1400,良
2020105670,タッチャブル,2023-08-06,札幌,6,3歳未勝利,13,4,6,9.2,5,7,丹内祐次,56,芝,2600,重
2020105670,タッチャブル,2023-07-08,福島,4,3歳未勝利,15,6,11,23.6,7,10,杉原誠人,56,ダ,1700,良
2020105670,タッチャブル,2023-06-18,東京,3,3歳未勝利,11,1,1,16.0,6,5,杉原誠人,56,ダ,2100,良
2020105670,タッチャブル,2023-05-28,東京,3,3歳未勝利,16,4,8,14.6,5,4,杉原誠人,56,ダ,2100,良
2020105670,タッチャブル,2023-03-12,中山,3,3歳未勝利,16,1,1,14.0,6,9,杉原誠人,56,ダ,1800,良
2020105670,タッチャブル,2023-01-21,中山,3,3歳未勝利,16,4,7,6.9,4,6,杉原誠人,56,ダ,1800,稍
2020105670,タッチャブル,2023-01-09,中山,3,3歳未勝利,16,2,3,28.5,10,2,杉原誠人,56,ダ,1800,良
2020105670,タッチャブル,2022-12-03,中山,4,2歳未勝利,16,7,14,14.8,5,7,マーカン,55,ダ,1800,稍
2020105670,タッチャブル,2022-09-17,中山,2,2歳未勝利,11,7,8,18.3,6,4,杉原誠人,54,ダ,1800,良
2020105670,タッチャブル,2022-08-27,新潟,5,2歳新馬,13,1,1,43.2,8,7,杉原誠人,54,芝,1800,良
2020105727,クライトゥナイト,2026-09-02,大井,5,C2二,12,4,4,32.5,7,6,中村尚平,54,ダ,1000,良
2020105727,クライトゥナイト,2026-08-14,大井,5,C2六 七八(C2七),14,8,14,8.7,4,6,中村尚平,54,ダ,1200,不
2020105727,クライトゥナイト,2026-07-20,大井,10,C211 1213(C212),14,2,2,5.3,2,4,中村尚平,54,ダ,1200,良
2020105727,クライトゥナイト,2026-07-01,大井,5,C2八 九,14,7,11,12.6,7,2,中村尚平,54,ダ,1200,稍
2020105727,クライトゥナイト,2026-06-09,大井,6,C2九 十11(C2十),13,5,7,10.9,5,8,中村尚平,54,ダ,1200,不
2020105727,クライトゥナイト,2026-05-19,大井,5,C2九 十,14,5,8,102.9,9,6,中村尚平,54,ダ,1200,良
2020105727,クライトゥナイト,2026-04-28,大井,7,C2十 11,14,6,9,43.2,9,14,中村尚平,54,ダ,1200,不
2020105727,クライトゥナイト,2026-04-14,大井,6,C2十 1112(C211),10,3,3,15.2,6,5,高橋優,51,ダ,1200,良
2020105727,クライトゥナイト,2026-03-24,大井,9,C2十 1112(C211),12,8,11,5.6,3,10,石川駿介,54,ダ,1200,良
2020105727,クライトゥナイト,2026-02-18,大井,4,渋谷川賞(C2),14,4,6,2.5,1,5,石川駿介,54,ダ,1200,稍
2020105727,クライトゥナイト,2026-01-27,大井,9,C211 1213(C212),14,3,4,29.2,5,4,石川駿介,54,ダ,1200,良
2020105727,クライトゥナイト,2025-10-10,大井,6,アレキサンダー賞(C2四),11,2,2,8.2,4,4,中村尚平,54,ダ,1200,良
2020105727,クライトゥナイト,2025-09-05,大井,7,C2二 三四(C2三),11,8,10,4.8,2,5,中村尚平,54,ダ,1200,不
2020105727,クライトゥナイト,2025-08-13,大井,7,C2六 七八(C2七),14,5,7,2.9,2,1,中村尚平,54,ダ,1200,稍
2020105727,クライトゥナイト,2025-07-02,大井,7,C2六 七八(C2七),14,3,3,4.1,2,1,中村尚平,54,ダ,1200,良
2020105727,クライトゥナイト,2025-06-09,大井,9,JAいちかわ賞(C213),14,1,1,18.7,8,1,中村尚平,54,ダ,1200,良
2020105727,クライトゥナイト,2025-05-19,大井,8,ポート・フリップ賞(C213),11,5,5,6.0,4,2,中村尚平,54,ダ,1200,重
2020105727,クライトゥナイト,2025-04-28,大井,12,C212 1314(C213),11,1,1,19.5,5,8,中村尚平,54,ダ,1200,重
2020105727,クライトゥナイト,2025-04-16,大井,2,C3二 三,14,8,13,264.1,13,4,中村尚平,54,ダ,1200,稍
2020105727,クライトゥナイト,2025-03-26,大井,2,C3二 三,16,8,16,190.1,12,9,中村尚平,54,ダ,1200,良
2020105727,クライトゥナイト,2025-03-13,大井,3,C3一 二三(C3二),16,1,1,147.8,11,14,山本聡哉,54,ダ,1200,不
2020105727,クライトゥナイト,2025-02-21,大井,1,C3一 二,14,5,8,160.1,13,11,中村尚平,54,ダ,1200,良
2020105727,クライトゥナイト,2025-01-30,大井,2,C3一 二,12,8,12,34.8,6,12,千田洋,54,ダ,1600,良
2020105727,クライトゥナイト,2025-01-15,大井,2,C3二 三,16,8,15,183.4,14,12,野畑凌,54,ダ,1200,良
2020105727,クライトゥナイト,2024-06-04,大井,10,てんびん座特別競走(C2),12,3,3,40.3,8,10,菅原涼太,53,ダ,1000,不
2020105727,クライトゥナイト,2024-05-16,大井,9,C2六 七八(C2七),13,1,1,66.8,10,10,高橋優,51,ダ,1200,不
2020105727,クライトゥナイト,2024-04-25,大井,5,C2五 六,15,4,7,78.8,11,6,高橋優,51,ダ,1200,重
2020105727,クライトゥナイト,2024-04-11,大井,8,ホール・イン・ワン賞(C2七),10,6,6,77.8,10,8,高橋優,51,ダ,1200,稍
2020105727,クライトゥナイト,2024-03-21,大井,10,C2六 七八(C2七),14,8,13,61.3,10,11,野畑凌,54,ダ,1200,良
2020105727,クライトゥナイト,2024-02-29,大井,10,C2六 七,14,6,9,106.7,11,7,千田洋,54,ダ,1200,稍
2020105727,クライトゥナイト,2024-02-15,大井,9,C2六 七,13,3,3,482.9,13,7,千田洋,54,ダ,1200,良
2020105727,クライトゥナイト,2024-01-25,大井,6,C2五 六七(C2六),11,6,9,117.5,8,7,木間塚龍,53,ダ,1200,稍
2020105727,クライトゥナイト,2023-12-31,大井,6,C2二 三四(C2三),15,4,6,273.4,15,10,木間塚龍,52,ダ,1200,良
2020105727,クライトゥナイト,2023-12-08,大井,5,国際都市しながわ賞(C2四),14,6,11,,,取,木間塚龍,52,ダ,1200,良
2020105727,クライトゥナイト,2023-11-17,大井,8,プレリュード・フィズ(C2三),15,8,14,52.0,10,7,木間塚龍,52,ダ,1200,不
2020105727,クライトゥナイト,2023-11-03,大井,6,C2三 四,12,8,11,45.3,7,9,木間塚龍,52,ダ,1200,良
2020105727,クライトゥナイト,2023-08-04,大井,7,エイトワンカフェ賞(3歳),14,1,1,9.5,4,10,千田洋,54,ダ,1200,稍
2020105727,クライトゥナイト,2023-06-30,大井,4,3歳 388万,14,5,7,25.9,7,4,千田洋,54,ダ,1200,良
2020105727,クライトゥナイト,2023-06-09,大井,3,3歳 340.,7,7,7,4.0,3,6,千田洋,54,ダ,1200,不
2020105727,クライトゥナイト,2023-05-10,大井,4,3歳 213万,14,5,8,4.3,3,1,吉原寛人,54,ダ,1200,稍
2020105727,クライトゥナイト,2023-04-18,大井,4,3歳 164万,14,6,9,25.0,9,2,千田洋,54,ダ,1200,重
2020105727,クライトゥナイト,2023-03-27,大井,7,3歳 91.5,14,3,3,22.1,7,2,千田洋,54,ダ,1200,重
2020105727,クライトゥナイト,2023-03-07,大井,4,築地川賞(3歳),13,8,13,14.6,4,9,千田洋,54,ダ,1200,良
2020105727,クライトゥナイト,2023-02-20,大井,6,3歳 61.5,13,1,1,4.4,3,4,千田洋,54,ダ,1200,良
2020105727,クライトゥナイト,2023-01-23,大井,3,3歳 選抜牝馬,12,1,1,6.1,3,3,千田洋,54,ダ,1200,良
2020105919,エルツ,2026-09-03,大井,10,オフトひたちなか賞競(B2),11,7,9,36.7,6,6,和田譲治,56,ダ,1600,良
2020105919,エルツ,2026-08-14,大井,10,サマーナイト賞競走(B2),9,1,1,37.5,6,5,和田譲治,56,ダ,1400,不
2020105919,エルツ,2026-07-24,大井,11,東京スポーツ賞競走(B3),16,6,12,33.9,12,3,和田譲治,56,ダ,1400,良
2020105919,エルツ,2026-07-03,大井,11,小石川賞競走(B1B2),10,4,4,32.0,6,8,和田譲治,55,ダ,1600,不
2020105919,エルツ,2026-06-12,大井,7,キャンサー賞競走(B2),11,2,2,17.6,6,11,谷内貫太,55,ダ,1600,稍
2020105919,エルツ,2026-01-12,大井,11,ウェルカム2026賞(B2B3),9,8,8,14.3,3,6,谷内貫太,56,ダ,1600,良
2020105919,エルツ,2025-12-03,大井,9,B2五,12,6,8,3.7,1,10,谷内貫太,55,ダ,1600,良
2020105919,エルツ,2025-10-24,大井,11,山茶花賞競走(B2),10,4,4,5.2,2,1,谷内貫太,55,ダ,1600,重
2020105919,エルツ,2025-09-16,大井,10,八景坂賞競走(B3),7,7,7,1.5,1,1,谷内貫太,55,ダ,1600,稍
2020105919,エルツ,2025-09-01,大井,12,宮益坂賞競走(B3),10,3,3,3.9,2,2,谷内貫太,55,ダ,1600,良
2020105919,エルツ,2025-08-14,大井,8,チチ賞(C1三),10,8,10,2.0,1,1,谷内貫太,55,ダ,1600,良
2020105919,エルツ,2025-07-17,大井,7,C1一 二三(C1二),14,4,6,12.5,5,2,谷内貫太,55,ダ,1600,重
2020105919,エルツ,2025-07-04,大井,8,ミント・ジュレップ賞(C1四),12,4,4,3.5,2,3,谷内貫太,55,ダ,1600,良
2020105919,エルツ,2025-06-13,大井,8,ストーン・フェンス賞(C1三),14,3,3,25.9,9,3,谷内貫太,55,ダ,1600,稍
2020105919,エルツ,2025-05-23,大井,5,C1三 四五(C1四),12,2,2,32.4,7,5,安藤洋一,56,ダ,1600,良
2020105919,エルツ,2025-04-30,大井,7,C1五 六,11,6,7,14.6,5,5,安藤洋一,56,ダ,1600,稍
2020105919,エルツ,2025-04-17,大井,8,ビアーグルト賞(C1),12,5,5,14.2,5,10,谷内貫太,54,ダ,1600,良
2020105919,エルツ,2024-12-05,大井,10,さんかく座特別競走(C1四),12,5,6,13.7,6,3,藤田凌,56,ダ,1600,良
2020105919,エルツ,2024-11-06,大井,8,アメリカーノ賞(C1三),12,6,7,13.3,5,9,安藤洋一,56,ダ,1600,稍
2020105919,エルツ,2024-10-04,大井,8,みなみのうお座特別競(C1三),11,5,5,3.0,2,6,安藤洋一,56,ダ,1600,稍
2020105919,エルツ,2024-09-10,大井,7,C1八 九,14,7,11,2.3,1,1,安藤洋一,56,ダ,1600,良
2020105919,エルツ,2024-08-17,大井,8,ミント・フラッペ賞(C2三),11,7,9,7.1,4,1,安藤洋一,56,ダ,1600,重
2020105919,エルツ,2024-08-16,大井,8,ミント・フラッペ賞(C2三),,7,9,,,,安藤洋一,56,ダ,1600,
2020105919,エルツ,2024-08-02,大井,9,C2二 三四(C2三),11,1,1,8.2,4,3,安藤洋一,56,ダ,1400,良
2020105919,エルツ,2024-07-11,大井,10,C2二 三四(C2三),9,7,8,22.2,6,3,安藤洋一,56,ダ,1400,良
2020105919,エルツ,2024-06-28,大井,4,C2二 三四(C2三),10,3,3,13.8,7,9,佐野遥久,53,ダ,1600,不
2020105919,エルツ,2024-06-07,大井,5,C2三 四五(C2四),14,8,13,46.6,9,12,和田譲治,56,ダ,1400,良
2020105919,エルツ,2024-05-17,大井,7,C2三 四五(C2四),14,2,2,16.2,5,13,和田譲治,56,ダ,1200,稍
2020105919,エルツ,2023-09-21,大井,10,みなみのうお座特別競(C1),13,6,8,13.2,8,6,和田譲治,55,ダ,2000,良
2020105919,エルツ,2023-09-06,大井,7,C1五 六七(C1六),10,8,9,7.3,4,4,和田譲治,55,ダ,1600,重
2020105919,エルツ,2023-08-04,大井,5,3歳 256万,12,2,2,21.7,8,1,和田譲治,56,ダ,1600,稍
2020105919,エルツ,2023-06-29,大井,1,3歳 240万,11,6,6,8.7,4,1,和田譲治,56,ダ,1600,良
2020105919,エルツ,2023-05-24,大井,3,3歳 187万,10,3,3,14.1,5,10,谷内貫太,53,ダ,1400,重
2020105919,エルツ,2023-05-10,大井,3,3歳 213万,11,3,3,38.4,6,10,谷内貫太,53,ダ,1400,重
2020105919,エルツ,2022-12-08,大井,2,2歳 246万,12,5,6,22.9,5,8,和田譲治,55,ダ,1600,不
2020105919,エルツ,2022-11-15,大井,3,2歳 111.,10,8,10,7.1,2,2,矢野貴之,55,ダ,1400,良
2020105919,エルツ,2022-11-04,大井,3,2歳 新馬,7,5,5,5.3,3,2,矢野貴之,55,ダ,1600,良
2020106087,ビックバンブー,2026-03-27,大井,5,C2四 五六(C2五),14,5,8,2.3,1,1,矢野貴之,56,ダ,1400,重
2020106087,ビックバンブー,2026-03-13,大井,6,C2三 四五(C2四),14,6,10,8.6,2,3,鷹見陸,56,ダ,1200,良
2020106087,ビックバンブー,2026-02-19,大井,10,C2五 六七(C2六),14,2,3,1.8,1,1,鷹見陸,56,ダ,1200,良
2020106087,ビックバンブー,2026-01-28,大井,7,C2八 九十(C2九),13,5,6,1.8,1,2,鷹見陸,56,ダ,1200,良
2020106087,ビックバンブー,2026-01-12,大井,9,C215 16,15,7,12,1.3,1,1,鷹見陸,56,ダ,1200,良
2020106087,ビックバンブー,2025-12-30,大井,6,C2七 八,14,3,4,6.8,3,3,鷹見陸,55,ダ,1200,稍
2020106087,ビックバンブー,2025-07-17,大井,6,C2二 三四(C2三),10,8,9,8.0,3,5,矢野貴之,56,ダ,1200,重
2020106087,ビックバンブー,2025-07-03,大井,6,C2三 四五(C2四),10,3,3,7.9,3,3,Ｒ．クア,56,ダ,1200,良
2020106087,ビックバンブー,2025-06-11,大井,6,C2七 八九(C2八),12,7,10,3.3,1,1,Ｒ．クア,56,ダ,1200,不
2020106087,ビックバンブー,2025-05-19,大井,8,ポート・フリップ賞(C213),11,7,9,4.5,2,1,Ｒ．クア,56,ダ,1200,重
2020106087,ビックバンブー,2024-12-29,大井,12,C2八 九,14,5,8,32.1,6,5,安藤洋一,56,ダ,1200,良
2020106087,ビックバンブー,2024-12-04,大井,7,C2九 十,13,3,4,9.2,3,4,鷹見陸,55,ダ,1200,良
2020106087,ビックバンブー,2024-11-06,大井,4,C2十 11,12,7,9,6.2,4,2,鷹見陸,55,ダ,1200,稍
2020106087,ビックバンブー,2024-10-15,大井,6,目黒区賞(C2),14,3,3,5.7,4,3,鷹見陸,55,ダ,1200,良
2020106087,ビックバンブー,2024-09-29,大井,5,C2九 十,14,2,2,9.5,4,2,鷹見陸,54,ダ,1200,稍
2020106087,ビックバンブー,2024-09-09,大井,5,C2十 11,14,3,4,3.1,1,13,鷹見陸,54,ダ,1600,良
2020106087,ビックバンブー,2024-08-12,大井,9,C2十 1112(C211),12,3,3,12.6,5,4,鷹見陸,54,ダ,1400,良
2020106087,ビックバンブー,2023-11-19,金沢,6,輪島かにまつり特別(C1),9,6,6,3.0,2,2,中島龍也,56,ダ,1500,不
2020106087,ビックバンブー,2023-11-05,金沢,5,加嶋隆・真智子協賛パ(C1),10,7,8,3.2,2,5,田知弘久,56,ダ,1500,良
2020106087,ビックバンブー,2023-10-22,金沢,9,ゴルシファル子シチー(C1以下),9,1,1,2.1,1,2,田知弘久,56,ダ,1400,重
2020106087,ビックバンブー,2023-08-06,金沢,12,石川門カップ【サラブ(3歳),7,6,6,10.1,3,5,田知弘久,56,ダ,1700,良
2020106087,ビックバンブー,2023-07-25,金沢,10,ラピスラズリ特別(3歳),11,2,2,16.9,3,4,栗原大河,56,ダ,1500,良
2020106087,ビックバンブー,2023-07-09,金沢,8,山口順平大学八年生進(3歳),8,5,5,3.6,2,4,藤田弘治,56,ダ,1400,不
2020106087,ビックバンブー,2023-06-27,金沢,12,石川ダービー(重賞),12,7,10,150.5,10,6,藤田弘治,57,ダ,2000,稍
2020106087,ビックバンブー,2023-05-30,金沢,11,アベンチュリン特別(3歳),10,8,10,3.1,2,2,藤田弘治,56,ダ,1900,重
2020106087,ビックバンブー,2023-05-14,金沢,11,北日本新聞杯【石川ダ(重賞),12,6,7,98.4,9,5,藤田弘治,56,ダ,1700,良
2020106087,ビックバンブー,2023-04-18,金沢,1,3歳A 3,8,3,3,9.4,2,1,藤田弘治,56,ダ,1400,重
2020106087,ビックバンブー,2023-04-04,金沢,1,3歳A 3,10,7,7,7.5,3,4,藤田弘治,56,ダ,1400,良
2020106087,ビックバンブー,2022-12-25,金沢,9,あての木賞(2歳),,8,10,,,,藤田弘治,55,ダ,1500,
2020106087,ビックバンブー,2022-12-24,金沢,9,あての木賞(2歳),,8,10,,,,藤田弘治,55,ダ,1500,
2020106087,ビックバンブー,2022-11-27,金沢,10,金沢ヤングチャンピオ(重賞),11,5,5,81.6,6,3,藤田弘治,55,ダ,1700,良
2020106087,ビックバンブー,2022-11-15,金沢,6,七五三特別(2歳),8,8,8,31.1,6,2,青柳正義,55,ダ,1500,稍
2020106087,ビックバンブー,2022-11-01,金沢,6,若松特別(2歳),10,8,10,16.5,6,2,栗原大河,55,ダ,1500,稍
2020106087,ビックバンブー,2022-10-18,金沢,4,2歳3,8,3,3,14.9,5,1,栗原大河,55,ダ,1400,稍
2020106087,ビックバンブー,2022-10-04,金沢,4,楽天競馬で能登牛ハン(2歳),7,3,3,13.7,6,5,柴田勇真,55,ダ,1400,良
2020106087,ビックバンブー,2022-09-20,金沢,4,2歳2,7,2,2,4.6,3,3,柴田勇真,55,ダ,1400,不
2020106087,ビックバンブー,2022-09-06,金沢,5,2歳2,6,3,3,12.7,3,4,田知弘久,55,ダ,1500,良
2020106087,ビックバンブー,2022-08-23,金沢,1,2歳3,7,2,2,12.1,4,3,田知弘久,55,ダ,1400,良
2020106087,ビックバンブー,2022-06-26,金沢,4,ドリーム2歳新馬,7,1,1,49.6,7,5,柴田勇真,55,ダ,900,稍
2020106112,ワールドフォンテン,2026-09-03,大井,7,C2三 四五(C2四),12,5,6,2.8,1,1,杉山海波,53,ダ,1600,良
2020106112,ワールドフォンテン,2026-08-17,大井,6,ミント・フラッペ賞(C2四),12,2,2,12.5,6,4,杉山海波,53,ダ,1600,稍
2020106112,ワールドフォンテン,2026-07-20,大井,7,C211 1213(C212),10,1,1,6.3,3,1,杉山海波,53,ダ,1600,良
2020106112,ワールドフォンテン,2026-07-02,大井,6,C2六 七,12,8,13,7.8,5,2,中村尚平,56,ダ,1600,不
2020106112,ワールドフォンテン,2026-06-09,大井,4,C2九 十11(C2十),10,5,5,2.7,1,4,杉山海波,53,ダ,1600,不
2020106112,ワールドフォンテン,2026-05-19,大井,4,C2九 十,9,8,9,8.4,4,6,杉山海波,53,ダ,1600,良
2020106112,ワールドフォンテン,2026-04-27,大井,7,C212 1314(C213),11,3,3,6.0,4,1,杉山海波,53,ダ,1600,不
2020106112,ワールドフォンテン,2026-04-16,大井,1,C3一 二三(C3二),14,6,9,4.4,3,2,杉山海波,53,ダ,1600,不
2020106112,ワールドフォンテン,2026-03-24,大井,1,C3五 六,13,7,10,7.4,2,1,杉山海波,53,ダ,1600,良
2020106112,ワールドフォンテン,2026-03-10,大井,1,C3五 六,14,5,7,3.8,1,1,杉山海波,53,ダ,1600,稍
2020106112,ワールドフォンテン,2026-02-17,大井,2,C3六 七,13,7,10,4.7,2,2,杉山海波,53,ダ,1600,稍
2020106112,ワールドフォンテン,2026-01-27,大井,2,C3六 七,14,3,4,4.2,3,4,杉山海波,53,ダ,1600,良
2020106112,ワールドフォンテン,2025-07-18,大井,1,C3二 三,12,5,7,11.2,4,11,達城龍次,56,ダ,1600,重
2020106112,ワールドフォンテン,2024-11-06,大井,5,C2八 九,14,4,6,12.7,5,5,達城龍次,56,ダ,1600,稍
2020106112,ワールドフォンテン,2024-09-29,大井,4,ベルベット・ハンマー(C2),11,5,5,1.9,1,1,達城龍次,56,ダ,1600,稍
2020106112,ワールドフォンテン,2024-09-12,大井,2,C3一 二三(C3二),12,2,2,2.8,2,1,達城龍次,56,ダ,1400,良
2020106112,ワールドフォンテン,2024-08-01,大井,1,C3四 五,13,1,1,2.5,1,2,達城龍次,56,ダ,1600,良
2020106112,ワールドフォンテン,2024-07-08,大井,2,C3七 八九(C3八),14,3,4,2.1,1,1,達城龍次,56,ダ,1400,稍
2020106112,ワールドフォンテン,2024-06-27,大井,2,C3二 三四(C3三),13,2,2,4.0,2,5,達城龍次,56,ダ,1400,良
2020106112,ワールドフォンテン,2024-06-04,大井,2,C3五 六,14,3,4,10.8,4,2,達城龍次,56,ダ,1200,不
2020106112,ワールドフォンテン,2023-08-01,大井,5,3歳 119万,14,7,12,6.5,4,3,江里口裕,56,ダ,1400,不
2020106112,ワールドフォンテン,2023-07-10,大井,1,3歳 111万,13,7,10,7.8,3,5,江里口裕,56,ダ,1400,良
2020106112,ワールドフォンテン,2023-06-26,大井,5,3歳 91万円,12,1,1,14.2,4,5,江里口裕,56,ダ,1400,良
2020106112,ワールドフォンテン,2022-11-04,大井,4,2歳 新馬,6,2,2,44.0,6,3,瀬川将輝,55,ダ,1400,良
2020106115,マルヨジョーダン,2026-07-01,大井,7,B3六,12,7,9,30.6,6,11,杉山海波,53,ダ,1200,稍
2020106115,マルヨジョーダン,2026-06-09,大井,9,団子坂賞競走(B3),14,2,2,31.4,10,14,杉山海波,53,ダ,1200,不
2020106115,マルヨジョーダン,2026-05-19,大井,12,紀伊国坂賞競走(B3),16,2,4,12.9,7,15,杉山海波,53,ダ,1200,良
2020106115,マルヨジョーダン,2026-04-30,大井,9,C1三 四五(C1四),14,8,14,6.2,3,1,杉山海波,53,ダ,1200,稍
2020106115,マルヨジョーダン,2026-04-16,大井,9,C1三 四五(C1四),16,7,14,3.5,1,15,中山遥人,55,ダ,1200,不
2020106115,マルヨジョーダン,2026-03-26,大井,10,C1六 七,14,7,11,5.9,2,1,中山遥人,55,ダ,1200,不
2020106115,マルヨジョーダン,2026-03-13,大井,6,C2三 四五(C2四),14,2,2,122.3,8,1,中山遥人,55,ダ,1200,良
2020106115,マルヨジョーダン,2026-02-20,大井,9,C2二 三四(C2三),15,5,9,159.6,10,14,石川倭,56,ダ,1200,良
2020106115,マルヨジョーダン,2026-01-30,大井,7,C2三 四五(C2四),10,6,6,43.7,6,5,石川倭,56,ダ,1200,良
2020106115,マルヨジョーダン,2026-01-16,大井,6,C2三 四五(C2四),13,4,4,25.9,6,13,高橋優,53,ダ,1200,良
2020106115,マルヨジョーダン,2025-12-30,大井,9,ベルモントノーヴァ賞(C1八),12,8,12,13.4,4,5,野畑凌,56,ダ,1200,稍
2020106115,マルヨジョーダン,2025-12-04,大井,10,ムツヒカリ賞(C1三),11,5,5,108.2,9,11,野畑凌,56,ダ,1200,良
2020106115,マルヨジョーダン,2025-11-12,大井,10,カミヤス賞(C1四),8,8,8,26.7,6,7,野畑凌,56,ダ,1200,稍
2020106115,マルヨジョーダン,2025-10-24,大井,12,錦秋特別競走(C1三),14,6,10,151.2,14,14,菅原涼太,56,ダ,1200,重
2020106115,マルヨジョーダン,2025-10-10,大井,10,みなみのうお座特別競(C1四),10,7,8,124.0,10,8,菅原涼太,56,ダ,1200,良
2020106115,マルヨジョーダン,2025-09-17,大井,12,月白賞(C1六),13,5,7,15.8,5,13,菅原涼太,56,ダ,1200,良
2020106115,マルヨジョーダン,2025-09-05,大井,12,C1二 三四(C1三),10,6,6,14.4,4,10,中山遥人,53,ダ,1200,不
2020106115,マルヨジョーダン,2025-08-13,大井,9,C1五 六,14,8,14,50.0,8,2,中山遥人,53,ダ,1200,稍
2020106115,マルヨジョーダン,2025-07-16,大井,10,トウケイホープ賞(C1),10,8,10,19.9,5,8,藤本現暉,56,ダ,1200,不
2020106115,マルヨジョーダン,2025-07-04,大井,12,さそり座特別競走(C1四),11,5,5,5.9,3,11,藤本現暉,56,ダ,1200,良
2020106115,マルヨジョーダン,2025-06-13,大井,9,印西市コスモス賞(C1三),11,4,4,81.0,10,5,藤本現暉,56,ダ,1200,稍
2020106115,マルヨジョーダン,2025-05-23,大井,8,キングストン賞(C1四),14,4,6,25.5,8,13,藤本現暉,56,ダ,1200,良
2020106115,マルヨジョーダン,2025-04-29,大井,9,C1七 八九(C1八),13,5,7,20.8,5,1,木澤奨,53,ダ,1200,重
2020106115,マルヨジョーダン,2025-04-16,大井,10,ダイコウガルダン賞(C1八),12,6,7,14.2,6,5,野畑凌,56,ダ,1200,稍
2020106115,マルヨジョーダン,2025-03-26,大井,9,八丈島フリージア賞(C1),14,3,4,102.9,8,14,高野誠毅,56,ダ,1200,良
2020106115,マルヨジョーダン,2025-03-12,大井,9,C1八 九,13,5,7,16.1,7,9,高野誠毅,56,ダ,1200,重
2020106115,マルヨジョーダン,2025-02-17,大井,9,C1八 九,13,3,3,4.5,2,12,高野誠毅,56,ダ,1200,良
2020106115,マルヨジョーダン,2025-01-31,大井,12,筋違見附特別競走(C2三),16,8,16,182.6,12,5,高野誠毅,56,ダ,1200,良
2020106115,マルヨジョーダン,2024-09-12,大井,9,C1六 七,13,4,5,48.9,11,13,高橋優,53,ダ,1600,良
2020106115,マルヨジョーダン,2024-08-14,大井,9,C1五 六,11,6,6,13.4,3,10,木澤奨,53,ダ,1200,良
2020106115,マルヨジョーダン,2024-07-31,大井,8,I.W.ハーパー賞(C1六),14,4,6,27.6,8,14,佐野遥久,53,ダ,1200,良
2020106115,マルヨジョーダン,2024-02-27,大井,10,C1二 三四(C1三),16,6,12,6.7,4,15,野畑凌,56,ダ,1200,重
2020106115,マルヨジョーダン,2024-02-11,大井,6,C1五 六七(C1六),13,8,13,5.5,3,1,野畑凌,56,ダ,1200,稍
2020106115,マルヨジョーダン,2024-01-26,大井,8,C2二 三四(C2三),16,1,1,101.5,11,1,野畑凌,56,ダ,1200,稍
2020106115,マルヨジョーダン,2023-12-28,大井,7,C1七 八九(C1八),12,5,5,30.6,6,12,菅原涼太,55,ダ,1200,良
2020106115,マルヨジョーダン,2023-12-09,大井,8,プース・カフェ賞(C1九),13,7,11,7.5,4,11,菅原涼太,55,ダ,1400,良
2020106115,マルヨジョーダン,2023-12-05,大井,8,プース・カフェ賞(C1九),,7,11,,,,菅原涼太,55,ダ,1400,良
2020106115,マルヨジョーダン,2023-11-14,大井,12,C1七 八,15,5,8,2.8,1,5,菅原涼太,55,ダ,1200,良
2020106115,マルヨジョーダン,2023-11-02,大井,2,C2五 六,13,5,7,4.9,3,1,菅原涼太,55,ダ,1200,良
2020106115,マルヨジョーダン,2023-10-05,大井,2,C2五 六,15,3,4,41.4,13,6,菅原涼太,55,ダ,1200,不
2020106115,マルヨジョーダン,2023-09-22,大井,2,品川かえで賞(3歳),11,1,1,10.0,5,11,吉井章,56,ダ,1400,稍
2020106115,マルヨジョーダン,2023-09-05,大井,8,YJSトライアルラウ(3歳),14,8,14,12.4,5,2,菅原涼太,56,ダ,1200,重
2020106115,マルヨジョーダン,2023-08-16,大井,2,3歳 320万,13,1,1,26.6,7,3,吉井章,56,ダ,1400,不
2020106115,マルヨジョーダン,2023-07-12,大井,1,3歳 240万,8,7,8,38.0,7,8,谷内貫太,53,ダ,1600,良
2020106115,マルヨジョーダン,2023-06-29,大井,2,3歳 240万,11,1,1,22.0,7,11,千田洋,56,ダ,1200,良
2020106115,マルヨジョーダン,2023-06-07,大井,4,3歳 257万,9,6,6,14.9,3,5,千田洋,56,ダ,1400,重
2020106115,マルヨジョーダン,2023-05-24,大井,3,3歳 187万,10,8,9,4.6,2,2,千田洋,56,ダ,1400,重
2020106115,マルヨジョーダン,2023-05-09,大井,1,3歳 94.6,12,5,5,261.6,11,3,千田洋,56,ダ,1400,重
2020106115,マルヨジョーダン,2023-04-17,大井,5,3歳 91.5,12,6,7,179.5,12,12,横川怜央,56,ダ,1200,重
2020106115,マルヨジョーダン,2023-03-27,大井,7,3歳 91.5,14,6,10,148.0,12,14,横川怜央,56,ダ,1200,重
2020106115,マルヨジョーダン,2023-03-08,大井,4,立会川賞(3歳),16,1,2,8.3,4,15,菅原涼太,55,ダ,1200,良
2020106115,マルヨジョーダン,2023-02-21,大井,2,3歳 96万円,14,1,1,33.8,6,14,横川怜央,56,ダ,1200,良
2020106115,マルヨジョーダン,2022-11-14,大井,4,2歳 60万円,7,5,5,3.9,3,4,横川怜央,55,ダ,1200,良
2020106115,マルヨジョーダン,2022-11-04,大井,5,2歳 新馬,7,3,3,73.6,7,3,千田洋,55,ダ,1200,良
2020106556,ティーズアペックス,2026-08-16,大井,8,へびつかい座特別競走(C1三),13,8,12,124.3,11,5,谷内貫太,53,ダ,1200,重
2020106556,ティーズアペックス,2026-07-24,大井,8,テネシー・クーラー賞(C1C2),12,6,8,54.1,9,4,谷内貫太,54,ダ,1000,良
2020106556,ティーズアペックス,2026-07-01,大井,8,カイピリーニャ賞(C1四),14,5,8,28.2,7,10,谷内貫太,53,ダ,1400,稍
2020106556,ティーズアペックス,2026-05-18,大井,12,クレマチス特別競走(C1),14,5,8,39.9,12,4,谷内貫太,53,ダ,1200,良
2020106556,ティーズアペックス,2026-04-14,大井,9,デネボラ特別競走(C1),10,4,4,14.9,6,6,谷内貫太,53,ダ,1400,良
2020106556,ティーズアペックス,2026-03-27,大井,8,パリジャン賞(C1四),11,8,10,33.7,7,4,谷内貫太,53,ダ,1400,重
2020106556,ティーズアペックス,2026-03-13,大井,9,がんばれ!関東の酪農(C1四),14,5,8,33.4,9,10,谷内貫太,53,ダ,1400,良
2020106556,ティーズアペックス,2025-11-14,大井,10,忍坂賞競走(B3),14,2,2,132.0,10,9,谷内貫太,53,ダ,1400,稍
2020106556,ティーズアペックス,2025-10-21,大井,10,権之助坂賞競走(B3),16,8,15,183.2,13,14,谷内貫太,53,ダ,1400,稍
2020106556,ティーズアペックス,2025-10-07,大井,9,B3三,9,3,3,17.0,5,9,谷内貫太,53,ダ,1400,良
2020106556,ティーズアペックス,2025-09-02,大井,11,貴船坂賞競走(B3),12,3,3,11.8,5,5,谷内貫太,53,ダ,1400,良
2020106556,ティーズアペックス,2025-08-10,大井,8,相生坂賞競走(B3),12,1,1,10.8,4,3,谷内貫太,53,ダ,1400,不
2020106556,ティーズアペックス,2025-07-04,大井,11,梨木坂賞競走(B3),14,3,4,10.4,3,3,谷内貫太,53,ダ,1400,良
2020106556,ティーズアペックス,2025-06-09,大井,10,鼠坂賞競走(B3),12,7,10,13.7,6,8,谷内貫太,53,ダ,1400,良
2020106556,ティーズアペックス,2025-05-22,大井,10,紀伊国坂賞競走(B3),15,4,7,15.7,8,5,谷内貫太,53,ダ,1400,良
2020106556,ティーズアペックス,2025-04-15,大井,12,山王坂賞競走(B3),13,8,13,40.6,9,4,谷内貫太,52,ダ,1400,重
2020106556,ティーズアペックス,2025-03-28,大井,8,"通算勝鞍7,424賞(C1四)",10,7,7,43.4,6,2,谷内貫太,52,ダ,1400,稍
2020106556,ティーズアペックス,2025-03-13,大井,7,花月特別競走(C1C2),11,1,1,,,取,菅原涼太,55,ダ,1000,重
2020106556,ティーズアペックス,2025-02-19,大井,12,エリダヌス座特別競走(C1四),15,6,11,230.7,13,9,谷内貫太,52,ダ,1400,良
2020106556,ティーズアペックス,2025-01-31,大井,11,風花特別競走(C1三),13,6,8,32.2,9,9,谷内貫太,52,ダ,1400,良
2020106556,ティーズアペックス,2025-01-17,大井,10,C1三 四五(C1四),10,4,4,5.3,3,6,谷内貫太,52,ダ,1400,良
2020106556,ティーズアペックス,2024-12-27,大井,9,桧坂賞競走(B3),13,6,8,42.0,7,9,谷内貫太,52,ダ,1400,良
2020106556,ティーズアペックス,2024-12-01,大井,5,C1 選抜牝馬,12,7,10,16.5,8,2,谷内貫太,52,ダ,1400,良
2020106556,ティーズアペックス,2024-11-08,大井,7,C1 C2 選抜牝馬(C1C2),11,7,9,14.3,7,4,谷内貫太,53,ダ,1400,良
2020106556,ティーズアペックス,2024-10-16,大井,6,都電とバラの街あらか(C1C2),11,7,9,8.2,5,4,谷内貫太,53,ダ,1000,良
2020106556,ティーズアペックス,2024-10-01,大井,12,かぐや姫特別競走(C1),13,4,4,44.3,10,4,谷内貫太,52,ダ,1400,良
2020106556,ティーズアペックス,2024-09-13,大井,11,月見特別競走(C1四),16,4,8,37.5,7,10,谷内貫太,52,ダ,1400,良
2020106556,ティーズアペックス,2024-08-15,大井,9,C1二 三四(C1三),11,3,3,18.3,6,6,谷内貫太,52,ダ,1400,良
2020106556,ティーズアペックス,2024-08-01,大井,9,はくちょう座特別競走(C1三),7,2,2,12.3,3,4,谷内貫太,52,ダ,1400,良
2020106556,ティーズアペックス,2024-07-12,大井,9,C1二 三四(C1三),11,7,8,21.3,9,4,谷内貫太,52,ダ,1400,重
2020106556,ティーズアペックス,2024-06-28,大井,7,C1二 三四(C1三),8,5,5,29.9,5,4,谷内貫太,52,ダ,1200,不
2020106556,ティーズアペックス,2024-06-07,大井,9,C1二 三四(C1三),15,3,5,,,取,谷内貫太,52,ダ,1200,良
2020106556,ティーズアペックス,2024-05-17,大井,9,C1二 三四(C1三),10,5,5,14.8,4,4,谷内貫太,52,ダ,1200,稍
2020106556,ティーズアペックス,2024-04-25,大井,8,ツアリーヌ賞(C1六),12,2,2,143.7,12,1,谷内貫太,52,ダ,1200,重
2020106556,ティーズアペックス,2023-12-31,大井,9,C1二 三四(C1三),14,5,7,227.4,13,11,谷内貫太,51,ダ,1200,良
2020106556,ティーズアペックス,2023-12-08,大井,9,子どもの食支援賞(C1四),15,8,16,100.5,14,13,谷内貫太,51,ダ,1200,良
2020106556,ティーズアペックス,2023-11-13,大井,12,ガーネットスター特別(C1C2),13,2,2,78.9,11,10,菅原涼太,54,ダ,1200,良
2020106556,ティーズアペックス,2023-10-31,大井,9,C1八 九十(C1九),13,8,13,22.6,8,2,谷内貫太,51,ダ,1200,良
2020106556,ティーズアペックス,2023-10-04,大井,9,ニュートラック松山賞(C1六),14,5,8,46.1,9,5,谷内貫太,51,ダ,1200,不
2020106556,ティーズアペックス,2023-09-19,大井,10,C1六 七八(C1七),10,1,1,107.6,9,10,吉井章,53,ダ,1200,稍
2020106556,ティーズアペックス,2023-09-06,大井,9,C1五 六七(C1六),14,3,4,39.1,8,10,吉井章,53,ダ,1200,重
2020106556,ティーズアペックス,2023-08-15,大井,7,テキーラ・サンセット(C1),7,6,6,5.5,3,3,吉井章,53,ダ,1200,不
2020106556,ティーズアペックス,2023-07-31,大井,9,ステラBBQ賞(C1),8,6,6,6.5,2,2,吉井章,53,ダ,1200,良
2020106556,ティーズアペックス,2023-07-10,大井,9,C1十 11,10,6,6,57.5,7,4,吉井章,53,ダ,1200,良
2020106556,ティーズアペックス,2023-06-30,大井,6,3歳 389.,13,4,5,97.6,12,11,吉井章,54,ダ,1200,良
2020106556,ティーズアペックス,2023-06-09,大井,3,3歳 340.,7,5,5,48.3,6,2,吉井章,54,ダ,1200,不
2020106556,ティーズアペックス,2023-05-26,大井,3,3歳 335万,10,8,9,125.1,9,7,吉井章,54,ダ,1200,稍
2020106556,ティーズアペックス,2023-05-12,大井,6,3歳 325万,9,7,7,84.9,8,7,吉井章,54,ダ,1200,良
2020106556,ティーズアペックス,2023-04-21,大井,10,マーガレット特別競走(3歳),12,3,3,183.4,12,9,吉井章,54,ダ,1200,良
2020106556,ティーズアペックス,2023-03-31,大井,2,3歳 319.,13,4,4,217.2,13,11,吉井章,54,ダ,1200,重
2020106556,ティーズアペックス,2023-03-08,大井,10,ムスカリ特別競走(3歳),14,7,12,91.0,13,12,和田譲治,54,ダ,1400,良
2020106556,ティーズアペックス,2023-02-24,大井,4,内川賞(3歳),12,6,8,147.5,12,7,新原周馬,53,ダ,1200,良
2020106556,ティーズアペックス,2023-01-27,大井,6,3歳 306万,16,5,9,77.4,14,16,新原周馬,53,ダ,1200,良
2020106556,ティーズアペックス,2022-12-31,大井,3,2歳 選抜牝馬,11,5,5,5.2,2,6,和田譲治,54,ダ,1400,良
2020106556,ティーズアペックス,2022-12-08,大井,5,選抜牝馬(2歳),14,5,8,3.4,1,1,和田譲治,54,ダ,1200,不
2020106556,ティーズアペックス,2022-11-01,門別,5,2歳牝馬未勝利,9,1,1,2.4,1,2,井上俊彦,54,ダ,1000,良
2020106556,ティーズアペックス,2022-10-19,門別,4,2歳未勝利,11,6,6,2.8,1,2,井上俊彦,54,ダ,1200,良
2020106556,ティーズアペックス,2022-09-27,門別,1,2歳牝馬未勝利,10,4,4,1.8,1,3,阿部龍,54,ダ,1100,稍
2020106556,ティーズアペックス,2022-09-07,門別,2,2歳未勝利,10,4,4,1.5,1,2,阿部龍,54,ダ,1100,良
2020106556,ティーズアペックス,2022-08-16,門別,1,2歳牝馬未勝利,8,2,2,1.9,1,2,石川倭,54,ダ,1100,不
2020106556,ティーズアペックス,2022-07-26,門別,4,旧日高門別駅OP(2歳),9,3,3,3.4,3,2,阿部龍,54,ダ,1100,良
2020106556,ティーズアペックス,2022-07-06,門別,4,2歳未勝利,12,8,11,14.7,4,4,阿部龍,54,ダ,1100,稍
2020106556,ティーズアペックス,2022-06-15,門別,5,JRA認定アタックチ(2歳),11,8,11,5.2,4,5,小野楓馬,54,ダ,1000,良
2020106556,ティーズアペックス,2022-05-17,門別,4,JRA認定フレッシュ(2歳),10,6,6,40.6,7,4,小野楓馬,54,ダ,1000,良
2020106572,パレルモ,2026-09-03,大井,10,オフトひたちなか賞競(B2),11,6,7,46.3,8,8,野畑凌,56,ダ,1600,良
2020106572,パレルモ,2026-05-20,大井,7,B1二,9,2,2,15.5,4,6,野畑凌,56,ダ,1600,良
2020106572,パレルモ,2026-01-15,大井,12,銀嶺賞競走(B1B2),8,1,1,12.9,5,1,野畑凌,55,ダ,1650,良
2020106572,パレルモ,2025-12-24,大井,9,KRAトロフィー競走(B1B2),12,6,7,9.1,4,6,笹川翼,57,ダ,1650,重
2020106572,パレルモ,2025-11-28,浦和,11,安全・あんしん信州プ(B1B2),12,4,4,14.3,6,3,藤本現暉,57,ダ,1500,良
2020106572,パレルモ,2025-11-12,大井,12,ノベンバー賞競走(A2B1),12,8,11,54.6,9,8,野畑凌,55,ダ,1600,稍
2020106572,パレルモ,2025-10-22,大井,12,グリーンチャンネル開(B1B2),13,8,12,22.6,6,7,笹川翼,57,ダ,1400,重
2020106572,パレルモ,2025-10-02,船橋,10,お月見特別(B1B2),11,1,1,16.0,5,6,野畑凌,57,ダ,1600,稍
2020106572,パレルモ,2025-09-18,大井,11,マイルグランプリトラ(A2),9,6,6,26.9,6,5,野畑凌,55,ダ,1600,良
2020106572,パレルモ,2025-06-12,大井,12,キャンサー賞競走(B2B3),13,5,6,4.3,2,1,野畑凌,57,ダ,1650,重
2020106572,パレルモ,2025-05-19,大井,10,レグルス賞競走(B2),11,7,8,7.9,5,5,野畑凌,56,ダ,1800,重
2020106572,パレルモ,2025-05-01,大井,12,スピカ賞競走(B2B3),13,8,12,6.8,4,1,野畑凌,57,ダ,1650,稍
2020106572,パレルモ,2025-04-14,大井,12,木の芽坂賞競走(B3),13,8,12,14.7,6,2,野畑凌,56,ダ,1600,不
2020106572,パレルモ,2025-03-26,大井,12,ハシルショウグン賞競(B3),16,7,14,22.4,8,9,和田譲治,56,ダ,1400,良
2020106572,パレルモ,2025-03-10,大井,12,円通寺坂賞競走(B3),13,7,10,14.4,4,4,和田譲治,56,ダ,1650,重
2020106572,パレルモ,2025-02-19,大井,10,日向坂賞競走(B3),14,5,8,36.2,10,2,藤本現暉,56,ダ,1600,良
2020106572,パレルモ,2025-01-27,大井,12,白富士賞競走(B2B3),13,5,7,38.1,6,10,和田譲治,55,ダ,1650,良
2020106572,パレルモ,2024-12-26,大井,8,八幡坂賞競走(B3),13,4,5,12.7,5,8,山崎誠士,56,ダ,1600,良
2020106572,パレルモ,2024-12-04,大井,10,鳥居坂賞競走(B3),14,4,6,40.8,8,5,落合玄太,56,ダ,1600,良
2020106572,パレルモ,2024-09-11,大井,12,宮益坂賞競走(B3),13,3,3,,,除,仲原大生,56,ダ,1600,良
2020106572,パレルモ,2024-08-14,大井,10,鐙坂賞競走(B3),11,8,11,40.5,8,2,笹川翼,56,ダ,1600,良
2020106572,パレルモ,2024-08-01,大井,12,清水坂賞競走(B3),12,7,10,108.1,11,12,今野忠成,56,ダ,1800,良
2020106572,パレルモ,2024-04-11,大井,10,アーバンステージさつ(B2B3),11,1,1,87.0,9,11,今野忠成,55,ダ,2000,稍
2020106572,パレルモ,2024-03-20,大井,6,桜坂賞競走(B3),9,3,3,15.2,4,5,笹川翼,56,ダ,1600,良
2020106572,パレルモ,2024-02-29,大井,11,ゴールデンステッキ賞(B3),11,7,8,9.0,4,3,笹川翼,56,ダ,1600,稍
2020106572,パレルモ,2024-02-12,大井,11,オープス中郷賞競走(B3),14,2,2,27.6,10,9,仲原大生,56,ダ,1400,稍
2020106572,パレルモ,2024-01-26,大井,11,新助坂賞競走(B3),8,2,2,5.7,3,4,今野忠成,56,ダ,1650,稍
2020106572,パレルモ,2023-10-29,大井,10,ポルックス賞競走(B3),9,8,8,8.4,4,1,笹川翼,56,ダ,1650,稍
2020106572,パレルモ,2023-10-06,大井,12,錦秋特別競走(C1),12,8,11,3.9,2,2,笹川翼,56,ダ,1650,重
2020106572,パレルモ,2023-09-07,大井,8,ソノラ賞(C1三),11,7,8,10.9,6,5,今野忠成,55,ダ,1600,重
2020106572,パレルモ,2023-08-17,大井,7,ピニャ・コラーダ賞(C1四),9,7,7,7.2,5,4,今野忠成,55,ダ,1600,重
2020106572,パレルモ,2023-08-03,大井,7,牛タンバーガー賞(C1三),10,4,4,21.1,7,4,今野忠成,55,ダ,1600,稍
2020106572,パレルモ,2023-07-14,大井,8,アカプルコ賞(C1三),11,5,5,21.2,9,3,今野忠成,55,ダ,1600,良
2020106572,パレルモ,2023-03-31,大井,10,アザレア特別競走(3歳),14,8,14,13.1,6,2,笹川翼,56,ダ,1400,重
2020106572,パレルモ,2023-03-07,大井,11,クラシックトライアル(3歳),15,8,14,69.8,11,12,今野忠成,55,ダ,1800,良
2020106572,パレルモ,2023-01-27,大井,3,3歳 301.,13,7,11,4.5,2,1,笹川翼,56,ダ,1600,良
2020106572,パレルモ,2022-12-30,大井,9,白鳥特別競走(2歳),9,6,6,35.8,8,5,笹川翼,55,ダ,1800,良
2020106572,パレルモ,2022-12-07,大井,10,ひばり特別競走(2歳),10,8,9,52.2,6,5,笹川翼,55,ダ,1800,不
2020106572,パレルモ,2022-09-22,門別,12,サンライズカップ〔H(重賞),7,4,4,174.9,7,7,小野楓馬,55,ダ,1800,稍
2020106572,パレルモ,2022-08-24,門別,11,サッポロクラシックカ(重賞),7,7,7,37.5,5,5,落合玄太,54,ダ,1700,良
2020106572,パレルモ,2022-07-28,門別,12,ブリーダーズゴールド(重賞),10,6,7,45.0,9,6,松井伸也,54,ダ,1700,良
2020106572,パレルモ,2022-07-13,門別,9,JRA認定ターフチャ(OP)(2歳),8,5,5,6.7,3,4,石川倭,54,ダ,1800,良
2020106572,パレルモ,2022-06-23,門別,3,JRA認定アタックチ(2歳),11,6,7,3.1,2,1,石川倭,54,ダ,1200,稍
2020106572,パレルモ,2022-05-26,門別,4,JRA認定フレッシュ(2歳),9,3,3,2.7,2,3,石川倭,54,ダ,1100,良
2020106596,アルティメットサガ,2026-08-15,大井,9,サマーバケーション賞(B3),14,6,9,27.1,6,11,藤本現暉,56,ダ,1400,稍
2020106596,アルティメットサガ,2026-06-18,名古屋,10,湾岸渚特別(A),8,1,1,6.5,3,1,木之前葵,55,ダ,1500,良
2020106596,アルティメットサガ,2026-06-03,名古屋,11,ウラヌス特別(A),10,5,5,42.6,5,4,望月洵輝,56,ダ,1400,重
2020106596,アルティメットサガ,2026-05-08,名古屋,11,翡翠特別(A),10,6,7,38.3,7,5,木之前葵,55,ダ,1500,良
2020106596,アルティメットサガ,2026-04-23,名古屋,9,ポートメテオ特別(A),10,2,2,44.0,6,6,木之前葵,55,ダ,1400,不
2020106596,アルティメットサガ,2026-03-20,笠松,10,OKB大垣共立銀行創(A),7,3,3,5.6,4,1,木之前葵,55,ダ,1400,稍
2020106596,アルティメットサガ,2026-01-19,名古屋,10,丹頂特別(A),8,6,6,14.9,4,6,木之前葵,54,ダ,1400,良
2020106596,アルティメットサガ,2026-01-05,名古屋,7,名古屋記念(重賞),12,3,3,71.9,9,7,木之前葵,57,ダ,1700,良
2020106596,アルティメットサガ,2025-12-23,名古屋,11,冬至梅特別(A),12,8,11,3.1,1,2,木之前葵,55,ダ,1500,稍
2020106596,アルティメットサガ,2025-12-05,名古屋,10,冬薔薇特別(A),9,7,7,10.1,4,3,木之前葵,55,ダ,1500,良
2020106596,アルティメットサガ,2025-11-12,名古屋,11,ダイヤモンドリリー特(A),9,4,4,8.1,4,3,木之前葵,55,ダ,1400,稍
2020106596,アルティメットサガ,2025-10-24,笠松,11,東海クラウン(重賞),9,7,9,63.6,8,3,木之前葵,57,ダ,1400,良
2020106596,アルティメットサガ,2025-10-02,名古屋,11,朱文金特別(A),12,5,6,40.7,7,4,木之前葵,53,ダ,1500,良
2020106596,アルティメットサガ,2025-09-04,名古屋,9,コスモス特別(A),8,8,8,28.3,7,5,木之前葵,55,ダ,920,良
2020106596,アルティメットサガ,2025-08-21,名古屋,10,葉月昇竜戦(A),10,5,5,54.4,7,4,木之前葵,55,ダ,1400,良
2020106596,アルティメットサガ,2025-07-10,名古屋,11,琉金特別(A),12,7,9,48.7,8,8,木之前葵,53,ダ,920,良
2020106596,アルティメットサガ,2025-06-06,名古屋,10,アヤメ特別(A),12,7,10,44.3,7,9,木之前葵,54,ダ,1400,良
2020106596,アルティメットサガ,2025-05-15,笠松,10,小栗孝一M(A),8,8,8,4.1,3,4,木之前葵,55,ダ,1400,良
2020106596,アルティメットサガ,2025-04-17,笠松,11,飛山濃水杯(重賞),11,3,3,118.6,11,11,木之前葵,57,ダ,1400,良
2020106596,アルティメットサガ,2025-03-31,名古屋,10,水泡眼特別(A),12,5,5,35.0,5,7,木之前葵,53,ダ,920,稍
2020106596,アルティメットサガ,2025-03-20,笠松,11,岐阜・三重・愛知の酪(A),8,2,2,19.4,5,4,木之前葵,55,ダ,1400,良
2020106596,アルティメットサガ,2025-02-24,名古屋,6,如月昇竜戦(A),7,7,7,3.6,2,3,木之前葵,54,ダ,1400,良
2020106596,アルティメットサガ,2025-01-17,名古屋,12,東錦特別(A),10,6,6,3.6,2,3,木之前葵,53,ダ,1400,良
2020106596,アルティメットサガ,2025-01-06,名古屋,11,門松特別(A),9,8,9,2.2,1,1,木之前葵,54,ダ,1400,重
2020106596,アルティメットサガ,2024-12-23,名古屋,12,扶桑特別(A),11,2,2,2.9,1,1,木之前葵,54,ダ,1400,良
2020106596,アルティメットサガ,2024-12-05,名古屋,11,愛西特別(A),11,5,6,3.8,2,2,木之前葵,54,ダ,1500,良
2020106596,アルティメットサガ,2024-11-12,名古屋,11,紅葉特別(A),12,4,4,3.9,2,1,木之前葵,54,ダ,1500,良
2020106596,アルティメットサガ,2024-10-31,名古屋,11,月影特別(A),12,6,8,7.5,4,2,木之前葵,54,ダ,1500,稍
2020106596,アルティメットサガ,2024-10-01,名古屋,11,秋風特別(AB),12,6,7,19.6,7,3,木之前葵,54,ダ,1500,稍
2020106596,アルティメットサガ,2024-07-24,名古屋,11,鰻特別(A),12,5,5,21.3,7,6,木之前葵,54,ダ,1500,良
2020106596,アルティメットサガ,2024-07-12,名古屋,11,穴子特別(A),12,6,7,12.9,8,7,木之前葵,54,ダ,1700,不
2020106596,アルティメットサガ,2024-06-17,名古屋,10,みよし特別(A),11,6,6,3.5,2,3,木之前葵,54,ダ,1500,良
2020106596,アルティメットサガ,2024-05-15,名古屋,11,薄暑特別(A),9,6,6,2.9,1,1,木之前葵,54,ダ,1500,稍
2020106596,アルティメットサガ,2024-05-01,名古屋,11,薫風特別(A),9,6,6,3.0,1,5,木之前葵,54,ダ,1700,重
2020106596,アルティメットサガ,2024-04-22,名古屋,10,プレアデス特別(B),12,2,2,2.8,2,1,木之前葵,54,ダ,1500,重
2020106596,アルティメットサガ,2024-04-09,名古屋,12,おひつじ座特別(B),11,7,10,5.4,3,4,木之前葵,54,ダ,1500,不
2020106596,アルティメットサガ,2024-02-15,名古屋,9,B7組,10,7,8,1.7,1,1,木之前葵,54,ダ,1500,良
2020106596,アルティメットサガ,2024-02-01,名古屋,11,梅見月杯(重賞),12,6,8,115.4,10,9,木之前葵,57,ダ,1500,稍
2020106596,アルティメットサガ,2024-01-19,名古屋,12,七里の渡し特別(C),9,2,2,3.9,2,1,木之前葵,54,ダ,2000,良
2020106596,アルティメットサガ,2023-12-22,名古屋,7,オッズパーク杯(C),9,8,10,1.2,1,1,木之前葵,54,ダ,1500,良
2020106596,アルティメットサガ,2023-12-15,名古屋,3,C8組,12,2,2,2.3,1,4,木之前葵,54,ダ,1500,不
2020106596,アルティメットサガ,2023-11-17,名古屋,10,香嵐渓特別(C),12,8,11,33.3,8,4,木之前葵,54,ダ,1500,不
2020106596,アルティメットサガ,2023-11-01,名古屋,6,レース場へ行きましょ(C),12,5,5,12.3,5,1,木之前葵,54,ダ,1500,良
2020106596,アルティメットサガ,2023-10-18,名古屋,12,玉野川特別(C),11,6,8,22.8,5,4,木之前葵,54,ダ,1700,良
2020106596,アルティメットサガ,2023-10-03,名古屋,7,鯨飲馬食お嬢様部創部(C),12,5,5,5.3,3,1,木之前葵,54,ダ,1500,良
2020106596,アルティメットサガ,2023-09-25,名古屋,4,櫂糸くん一歳の誕生日(3歳),12,7,10,3.4,2,3,木之前葵,54,ダ,1500,良
2020106596,アルティメットサガ,2023-08-19,小倉,2,3歳未勝利,16,8,16,149.6,15,11,川須栄彦,56,ダ,1700,良
2020106838,オグメンタ,2025-10-24,大井,12,錦秋特別競走(C1三),14,8,14,2.4,2,1,鷹見陸,55,ダ,1200,重
2020106838,オグメンタ,2025-10-09,大井,9,C1六 七,14,6,9,4.5,3,1,鷹見陸,55,ダ,1200,良
2020106838,オグメンタ,2025-09-16,大井,9,C1八 九,7,2,2,2.0,2,2,鷹見陸,55,ダ,1200,稍
2020106838,オグメンタ,2025-08-15,大井,6,テキーラ・サンセット(C2四),14,4,6,2.2,1,1,鷹見陸,55,ダ,1400,良
2020106838,オグメンタ,2025-07-15,大井,6,C2七 八,14,4,6,6.2,4,1,鷹見陸,55,ダ,1200,重
2020106838,オグメンタ,2025-06-13,大井,6,C2二 三四(C2三),12,5,5,24.0,7,5,鷹見陸,55,ダ,1400,稍
2020106838,オグメンタ,2024-10-14,大井,8,ヨコハマ賞(C1),14,2,2,13.0,4,10,仲原大生,56,ダ,1600,良
2020106838,オグメンタ,2024-06-07,大井,8,パナシェ賞(C1三),13,7,11,8.8,6,4,仲原大生,56,ダ,1600,良
2020106838,オグメンタ,2024-05-17,大井,5,C2三 四五(C2四),10,1,1,34.8,5,1,仲原大生,56,ダ,1600,稍
2020106838,オグメンタ,2024-04-24,大井,12,たて座特別競走(C2),15,6,11,46.5,9,7,町田直希,56,ダ,1400,不
2020106838,オグメンタ,2024-04-12,大井,8,ソルティー・ドッグ賞(C2四),11,7,8,27.6,8,9,町田直希,56,ダ,1400,重
2020106838,オグメンタ,2024-03-22,大井,9,C2三 四五(C2四),15,5,8,41.8,7,12,町田直希,56,ダ,1200,良
2020106838,オグメンタ,2024-03-01,大井,9,C2二 三,14,3,4,47.9,6,9,町田直希,56,ダ,1200,不
2020106838,オグメンタ,2024-02-16,大井,9,C2二 三,12,8,12,8.3,3,4,町田直希,56,ダ,1200,良
2020106838,オグメンタ,2024-01-26,大井,8,C2二 三四(C2三),16,2,4,16.7,4,12,町田直希,56,ダ,1200,稍
2020106838,オグメンタ,2023-10-04,大井,9,ニュートラック松山賞(C1六),14,6,10,18.3,4,10,町田直希,56,ダ,1200,不
2020106838,オグメンタ,2023-09-06,大井,9,C1五 六七(C1六),14,6,10,32.2,6,4,町田直希,55,ダ,1200,重
2020106838,オグメンタ,2023-08-04,大井,7,エイトワンカフェ賞(3歳),14,5,8,5.7,3,1,町田直希,56,ダ,1200,稍
2020106838,オグメンタ,2023-06-28,大井,2,3歳 164万,14,8,13,10.8,3,1,町田直希,56,ダ,1200,良
2020106838,オグメンタ,2023-06-06,大井,2,3歳 164万,12,1,1,6.7,5,11,町田直希,56,ダ,1200,重
2020106838,オグメンタ,2023-03-09,大井,4,汐留川賞(3歳),14,4,6,11.4,4,7,岡村健司,56,ダ,1400,良
2020106838,オグメンタ,2023-02-22,大井,4,渋谷川賞(3歳),11,8,11,18.1,6,6,岡村健司,56,ダ,1600,良
2020106838,オグメンタ,2023-01-26,大井,3,3歳 134.,13,5,7,7.6,4,3,岡村健司,56,ダ,1600,良
2020106838,オグメンタ,2022-12-28,大井,5,2歳 120万,13,8,13,29.9,7,5,岡村健司,55,ダ,1400,稍
2020106838,オグメンタ,2022-09-09,大井,4,2歳 192万,11,4,4,26.7,6,10,岡村健司,54,ダ,1200,良
2020106838,オグメンタ,2022-08-19,大井,3,2歳 96万円,12,8,12,4.1,2,9,藤本現暉,54,ダ,1400,重
2020106838,オグメンタ,2022-07-15,大井,4,2歳 新馬,6,4,4,4.6,2,2,岡村健司,54,ダ,1400,不
2020106948,トップダイヤ,2026-07-24,大井,1,C3一,15,3,4,3.4,2,4,西啓太,56,ダ,1800,良
2020106948,トップダイヤ,2026-06-30,大井,4,C2十 1112(C211),10,8,9,3.3,1,2,西啓太,56,ダ,1600,重
2020106948,トップダイヤ,2026-06-08,大井,7,グラスホッパー賞(C213),12,7,9,3.7,2,7,西啓太,56,ダ,1600,不
2020106948,トップダイヤ,2026-04-13,大井,8,ビアーグルト賞(C214),12,6,7,4.9,3,4,中山遥人,55,ダ,1600,良
2020106948,トップダイヤ,2026-03-25,大井,1,C3一,10,1,1,1.0,1,1,西啓太,56,ダ,1800,良
2020106948,トップダイヤ,2026-02-19,大井,3,C3一,14,5,8,3.8,2,3,田中洸多,56,ダ,1800,良
2020106948,トップダイヤ,2026-01-15,大井,1,C3一,12,8,12,6.9,2,1,田中洸多,56,ダ,2000,良
2020106948,トップダイヤ,2025-12-01,大井,12,オリオン座特別競走(C2),16,7,14,21.3,5,8,西啓太,56,ダ,1800,良
2020106948,トップダイヤ,2025-11-14,大井,1,C3一 二,13,4,4,1.9,1,1,西啓太,56,ダ,1600,稍
2020106948,トップダイヤ,2025-06-30,大井,12,ヘラクレス座特別競走(C2),14,7,12,3.6,2,12,藤田凌,56,ダ,1800,良
2020106948,トップダイヤ,2025-06-10,大井,10,万緑特別競走(C2),14,6,9,13.8,6,3,藤田凌,56,ダ,2000,稍
2020106948,トップダイヤ,2025-05-20,大井,10,うしかい座特別競走(C2),12,5,5,11.5,4,4,藤田凌,56,ダ,1800,稍
2020106948,トップダイヤ,2025-04-28,大井,8,コープス・リバイバー(C213),14,5,8,12.2,4,7,藤田凌,56,ダ,1600,稍
2020106948,トップダイヤ,2025-04-17,大井,3,C3一,12,3,3,4.3,2,3,藤田凌,56,ダ,1800,良
2020106948,トップダイヤ,2024-10-15,大井,5,渋沢栄一が愛したまち(C2),13,3,3,5.7,3,12,大木天翔,56,ダ,1600,良
2020106948,トップダイヤ,2024-09-11,大井,6,C2八 九,11,5,5,11.3,5,2,大木天翔,56,ダ,1600,良
2020106948,トップダイヤ,2024-08-12,大井,8,ブラック・ベルベット(C211),13,6,10,3.6,1,4,大木天翔,56,ダ,1600,良
2020106948,トップダイヤ,2024-07-29,大井,8,マイアミ賞(C2),14,3,4,3.1,1,4,大木天翔,56,ダ,1600,良
2020106948,トップダイヤ,2024-06-24,大井,8,シルビア賞(C2),12,7,10,1.7,1,1,大木天翔,56,ダ,1600,重
2020106948,トップダイヤ,2024-06-04,大井,1,C3五 六,11,7,9,3.1,1,1,大木天翔,56,ダ,1600,不
2020106948,トップダイヤ,2024-04-23,大井,2,C3四 五,16,4,8,2.9,1,15,大木天翔,56,ダ,1200,稍
2020106948,トップダイヤ,2024-04-08,大井,1,C3八,12,5,6,1.4,1,1,大木天翔,56,ダ,1200,重
2020106948,トップダイヤ,2024-03-19,大井,1,C3九,13,8,12,1.9,1,2,大木天翔,53,ダ,1200,良
2020106948,トップダイヤ,2023-08-13,大井,4,3歳 42万円,12,6,8,4.9,2,4,大木天翔,53,ダ,1200,稍
2020107000,クレールジャック,2026-08-31,大井,11,サファイア賞競走(B1B2),14,3,3,4.9,3,13,吉井章,57,ダ,1400,良
2020107000,クレールジャック,2026-08-13,大井,10,サマートゥインクル賞(B2B3),14,7,12,4.5,2,1,吉井章,57,ダ,1200,不
2020107000,クレールジャック,2025-11-10,大井,11,オフト大郷賞競走(B1B2),12,8,12,6.9,4,3,吉井章,57,ダ,1200,稍
2020107000,クレールジャック,2025-10-07,大井,12,ハンターズムーン賞競(B1B2),10,2,2,4.3,2,1,吉井章,57,ダ,1200,良
2020107000,クレールジャック,2025-09-01,大井,11,サファイア賞競走(B1),13,8,13,10.8,4,4,吉井章,56,ダ,1400,良
2020107000,クレールジャック,2025-03-12,大井,12,プリムラ賞競走(B2),15,2,3,1.9,1,1,吉井章,56,ダ,1200,重
2020107000,クレールジャック,2025-02-20,大井,12,ダイヤモンドダスト賞(B2B3),16,3,6,4.5,3,6,吉井章,57,ダ,1400,良
2020107000,クレールジャック,2025-01-30,大井,11,フロストフラワー賞競(B2),13,8,12,2.8,2,1,吉井章,56,ダ,1200,良
2020107000,クレールジャック,2025-01-14,大井,12,道玄坂賞競走(B3),12,5,5,2.4,2,1,吉井章,56,ダ,1400,稍
2020107000,クレールジャック,2024-12-27,大井,9,桧坂賞競走(B3),13,5,7,5.1,2,2,吉井章,56,ダ,1400,良
2020107000,クレールジャック,2024-12-03,大井,12,九段坂賞競走(B3),16,7,13,7.9,3,2,吉井章,56,ダ,1400,良
2020107000,クレールジャック,2024-11-05,大井,11,神明坂賞競走(B3),15,5,10,22.9,8,5,吉井章,56,ダ,1400,稍
2020107000,クレールジャック,2024-06-04,大井,9,B3五,12,8,11,4.6,2,2,吉井章,56,ダ,1200,不
2020107000,クレールジャック,2024-05-17,大井,9,C1二 三四(C1三),10,2,2,1.2,1,1,吉井章,56,ダ,1200,稍
2020107000,クレールジャック,2024-04-26,大井,9,C1二 三四(C1三),16,8,16,7.1,3,1,吉井章,56,ダ,1200,重
2020107000,クレールジャック,2024-04-10,大井,8,ピンク・レディ賞(C1四),9,1,1,3.3,2,5,吉井章,56,ダ,1200,重
2020107000,クレールジャック,2024-03-18,大井,9,C1五 六七(C1六),14,6,10,7.4,4,3,吉井章,56,ダ,1400,良
2020107000,クレールジャック,2024-02-26,大井,10,C1五 六七(C1六),16,5,9,11.9,6,2,吉井章,56,ダ,1200,重
2020107000,クレールジャック,2023-10-04,大井,9,ニュートラック松山賞(C1六),14,8,13,4.0,2,9,吉井章,56,ダ,1200,不
2020107000,クレールジャック,2023-09-05,大井,9,印西市コスモス賞(C1九),10,4,4,3.9,2,1,吉井章,55,ダ,1200,重
2020107000,クレールジャック,2023-08-18,大井,2,3歳 325万,11,8,11,9.5,4,3,吉井章,56,ダ,1200,稍
2020107000,クレールジャック,2023-03-29,大井,5,3歳 234万,16,6,12,6.9,3,1,吉井章,56,ダ,1200,重
2020107000,クレールジャック,2023-03-06,大井,2,3歳 31.5,14,6,9,3.9,2,1,吉井章,56,ダ,1200,良
2020107000,クレールジャック,2022-11-04,大井,5,2歳 新馬,7,1,1,4.7,3,5,和田譲治,55,ダ,1200,良
2020107002,バクシーシ,2026-04-29,大井,2,C3二 三,13,4,4,13.4,6,13,田中洸多,56,ダ,1200,稍
2020107002,バクシーシ,2026-04-16,大井,3,C3一 二三(C3二),11,6,6,6.8,3,11,田中洸多,56,ダ,1200,不
2020107002,バクシーシ,2026-03-26,大井,3,C3二 三四(C3三),14,2,2,1.5,1,14,西啓太,56,ダ,1200,不
2020107002,バクシーシ,2025-12-01,大井,7,C215 16,15,8,15,3.4,3,1,西啓太,56,ダ,1200,良
2020107002,バクシーシ,2025-11-14,大井,2,C3一 二,12,7,9,2.1,1,3,西啓太,56,ダ,1200,稍
2020107002,バクシーシ,2025-10-22,大井,2,C3一 二,12,6,9,2.1,1,5,西啓太,56,ダ,1200,稍
2020107002,バクシーシ,2025-10-06,大井,5,C3三 四五(C3四),11,7,8,2.9,1,1,西啓太,56,ダ,1200,良
2020107002,バクシーシ,2025-06-09,大井,9,JAいちかわ賞(C213),14,8,14,4.0,2,13,菅原涼太,56,ダ,1200,良
2020107002,バクシーシ,2025-05-22,大井,2,C3一 二,12,7,11,4.0,3,3,菅原涼太,56,ダ,1200,良
2020107002,バクシーシ,2025-05-01,大井,2,C3二 三,14,8,13,10.5,4,5,菅原涼太,56,ダ,1200,稍
2020107002,バクシーシ,2025-04-16,大井,2,C3二 三,14,5,7,5.4,2,9,菅原涼太,56,ダ,1200,稍
2020107002,バクシーシ,2025-03-25,大井,2,C3四 五,13,3,3,3.1,2,2,菅原涼太,56,ダ,1200,稍
2020107002,バクシーシ,2025-03-11,大井,2,C3四 五,14,5,7,6.9,3,3,菅原涼太,56,ダ,1200,重
2020107002,バクシーシ,2024-04-24,大井,7,C2九 十,13,7,12,3.3,2,8,鷹見陸,53,ダ,1200,重
2020107002,バクシーシ,2024-04-09,大井,4,C211 1213(C212),12,7,9,3.1,2,9,矢野貴之,56,ダ,1400,不
2020107002,バクシーシ,2024-03-20,大井,8,ハイ・ハット賞(C2),11,1,1,,,取,大木天翔,53,ダ,1200,良
2020107002,バクシーシ,2024-02-12,大井,10,C217 1819(C218),13,6,9,2.0,1,1,大木天翔,53,ダ,1200,稍
2020107002,バクシーシ,2024-01-24,大井,2,C3五 六,15,4,6,2.0,1,1,大木天翔,53,ダ,1200,重
2020107002,バクシーシ,2023-12-29,大井,4,3歳 160万,13,8,12,5.4,3,3,大木天翔,53,ダ,1200,良
2020107002,バクシーシ,2023-07-10,大井,2,3歳 111万,11,5,6,,,取,大木天翔,53,ダ,1200,良
2020107002,バクシーシ,2023-06-15,門別,3,3歳以上C4ー3,12,4,4,3.3,2,1,石川倭,56,ダ,1000,稍
2020107002,バクシーシ,2023-05-30,門別,2,3歳条件未勝利,8,1,1,1.8,1,6,服部茂史,56,ダ,1000,良
2020107002,バクシーシ,2023-05-11,門別,1,3歳条件未勝利,12,8,12,1.8,1,2,服部茂史,56,ダ,1000,良
2020107002,バクシーシ,2023-04-26,門別,2,3歳条件未勝利,9,6,6,3.9,3,3,服部茂史,56,ダ,1000,不
2020107002,バクシーシ,2022-09-14,門別,3,2歳未勝利,12,5,6,2.2,1,12,阪野学,54,ダ,1000,良
2020107002,バクシーシ,2022-08-25,門別,4,JRA認定フレッシュ(2歳),10,8,9,2.5,2,3,桑村真明,54,ダ,1000,良
2020107094,ルイス,2026-07-23,大井,11,アフター5スター賞ト(A2),10,4,4,55.5,7,10,本田正重,57,ダ,1200,良
2020107094,ルイス,2026-06-11,大井,11,ゆりかもめオープン競(OP)(4上),12,2,2,18.1,7,11,矢野貴之,54,ダ,1200,稍
2020107094,ルイス,2026-01-14,大井,11,’26ウインタースプ(OP)(4上),11,6,7,8.8,5,3,矢野貴之,55,ダ,1200,良
2020107094,ルイス,2025-12-26,大井,10,ラストトゥインクル2(A2B1),12,5,5,5.1,3,3,矢野貴之,57,ダ,1200,重
2020107094,ルイス,2025-12-02,大井,11,ビオラ賞競走(OP)(3上),10,4,4,21.4,8,3,矢野貴之,54,ダ,1200,良
2020107094,ルイス,2025-10-23,大井,11,オパール賞競走(A2),7,4,4,2.3,1,3,矢野貴之,57,ダ,1200,重
2020107094,ルイス,2025-05-22,大井,11,’25メトロポリタン(A2B1),15,5,9,3.9,2,7,矢野貴之,57,ダ,1200,良
2020107094,ルイス,2025-03-27,大井,11,隅田川オープン競走(OP)(4上),9,5,5,2.6,2,4,矢野貴之,54,ダ,1200,良
2020107094,ルイス,2025-03-12,大井,11,オフト汐留賞競走(A2B1),9,8,8,3.1,2,2,矢野貴之,57,ダ,1200,重
2020107094,ルイス,2025-01-28,大井,11,ガーネット賞競走(A2),8,7,7,1.9,2,1,矢野貴之,57,ダ,1200,良
2020107094,ルイス,2024-12-31,大井,12,おおとり賞競走(A2),14,8,13,2.7,1,2,矢野貴之,57,ダ,1200,良
2020107094,ルイス,2024-12-06,大井,9,スマイルシティ・品川(B1B2),16,3,6,4.5,2,1,矢野貴之,57,ダ,1200,良
2020107094,ルイス,2024-11-07,大井,12,神楽月賞競走(B2),16,6,12,3.0,1,1,矢野貴之,56,ダ,1200,稍
2020107094,ルイス,2024-06-05,大井,12,ゲンマ賞競走(B1B2),13,4,5,6.1,3,4,和田譲治,57,ダ,1200,稍
2020107094,ルイス,2024-04-08,大井,11,プリマヴェーラ賞競走(B1B2),14,1,1,3.3,2,5,和田譲治,57,ダ,1200,重
2020107094,ルイス,2024-03-20,大井,12,わかば賞競走(B2),14,6,10,7.7,3,1,和田譲治,56,ダ,1200,良
2020107094,ルイス,2024-02-15,大井,11,梅見月賞競走(B2),16,4,7,6.2,3,3,和田譲治,56,ダ,1200,良
2020107094,ルイス,2024-01-24,大井,10,初夢賞競走(B2B3),15,1,1,1.9,1,15,和田譲治,57,ダ,1200,重
2020107094,ルイス,2023-12-31,大井,11,カウントダウン202(B2),14,3,3,3.8,2,2,和田譲治,56,ダ,1200,良
2020107094,ルイス,2023-11-15,大井,12,夏目坂賞競走(B3),15,4,7,2.6,1,1,和田譲治,56,ダ,1200,良
2020107094,ルイス,2023-11-01,大井,12,志村坂賞競走(B3),16,1,2,15.4,6,1,和田譲治,56,ダ,1200,良
2020107094,ルイス,2023-10-05,大井,9,馬産地日高賞(C1三),14,8,13,11.8,6,3,和田譲治,56,ダ,1200,不
2020107094,ルイス,2023-08-19,札幌,12,3歳以上1勝クラス,11,6,8,150.6,10,9,小林勝太,53,ダ,1000,良
2020107094,ルイス,2023-07-02,函館,12,3歳以上1勝クラス,11,8,11,7.5,4,10,小林勝太,52,ダ,1000,稍
2020107094,ルイス,2023-06-17,函館,8,3歳以上1勝クラス,12,5,6,14.9,6,8,小林勝太,52,ダ,1000,良
2020107094,ルイス,2023-04-15,阪神,6,3歳1勝クラス,16,3,6,256.5,14,4,田口貫太,53,ダ,1200,不
2020107094,ルイス,2023-02-25,小倉,9,あざみ賞(1勝クラス),15,5,9,213.8,13,13,角田大和,56,芝,1200,稍
2020107094,ルイス,2023-02-04,小倉,9,かささぎ賞(1勝クラス),13,5,7,194.3,13,12,角田大和,56,芝,1200,良
2020107094,ルイス,2022-12-11,阪神,6,2歳1勝クラス,8,8,8,17.3,6,8,坂井瑠星,55,ダ,1200,良
2020107094,ルイス,2022-11-06,阪神,4,2歳新馬,11,8,12,2.6,2,1,角田大河,53,ダ,1200,良
2020110074,ハカイシン,2026-08-31,大井,7,C2八 九十(C2九),13,5,6,11.7,5,10,和田譲治,56,ダ,1600,良
2020110074,ハカイシン,2026-08-14,大井,3,C2六 七八(C2七),13,8,12,17.0,9,9,和田譲治,56,ダ,1600,不
2020110074,ハカイシン,2026-07-20,大井,7,C211 1213(C212),10,7,8,7.8,4,3,和田譲治,56,ダ,1600,良
2020110074,ハカイシン,2026-07-02,大井,6,C2六 七,12,4,5,4.2,2,10,安藤洋一,56,ダ,1600,不
2020110074,ハカイシン,2026-06-09,大井,4,C2九 十11(C2十),10,6,6,6.8,4,2,安藤洋一,56,ダ,1600,不
2020110074,ハカイシン,2026-05-19,大井,4,C2九 十,9,2,2,8.6,5,5,鷹見陸,56,ダ,1600,良
2020110074,ハカイシン,2026-04-28,大井,6,C2十 11,10,1,1,1.8,1,6,鷹見陸,56,ダ,1600,不
2020110074,ハカイシン,2026-04-14,大井,4,C2十 1112(C211),12,2,2,2.0,1,3,鷹見陸,56,ダ,1600,良
2020110074,ハカイシン,2026-03-23,大井,8,バラライカ賞(C2),12,3,3,3.6,2,2,鷹見陸,56,ダ,1600,良
2020110074,ハカイシン,2026-03-12,大井,1,C3一 二,12,6,8,3.8,2,1,鷹見陸,56,ダ,1600,良
2020110074,ハカイシン,2026-02-19,大井,3,C3一,14,8,13,5.0,4,2,石川倭,56,ダ,1800,良
2020110074,ハカイシン,2026-01-29,大井,2,C3一 二三(C3二),14,8,14,3.6,2,8,石川倭,56,ダ,1600,良
2020110074,ハカイシン,2026-01-14,大井,1,C3四 五,13,6,8,7.4,3,3,石川倭,56,ダ,1600,良
2020110074,ハカイシン,2025-12-26,大井,4,C212 1314(C213),14,7,12,9.3,3,6,中村尚平,56,ダ,1400,重
2020110074,ハカイシン,2025-12-02,大井,2,C212 1314(C213),13,5,7,13.6,4,2,中村尚平,56,ダ,1400,良
2020110074,ハカイシン,2025-11-10,大井,6,C215 1617(C216),14,8,14,104.5,9,4,中村尚平,56,ダ,1400,稍
2020110074,ハカイシン,2025-08-11,大井,5,C2九 十11(C2十),14,5,7,55.3,10,10,中村尚平,56,ダ,1600,不
2020110074,ハカイシン,2025-07-14,大井,7,C2九 十11(C2十),12,5,5,13.5,6,7,安藤洋一,56,ダ,1600,稍
2020110074,ハカイシン,2025-07-02,大井,5,C2六 七八(C2七),12,7,10,8.5,3,10,安藤洋一,56,ダ,1600,良
2020110074,ハカイシン,2025-06-11,大井,4,C2七 八九(C2八),14,1,1,5.7,4,4,安藤洋一,56,ダ,1600,不
2020110074,ハカイシン,2025-05-20,大井,8,モヒート賞(C2),12,2,2,14.4,5,3,安藤洋一,56,ダ,1600,稍
2020110074,ハカイシン,2025-04-30,大井,4,C2九 十11(C2十),13,5,7,11.5,6,6,岡村健司,56,ダ,1600,稍
2020110074,ハカイシン,2025-04-15,大井,6,C211 1213(C212),9,8,8,53.3,6,3,岡村健司,56,ダ,1600,重
2020110074,ハカイシン,2025-03-25,大井,10,C211 12,10,8,9,8.1,4,7,安藤洋一,56,ダ,1600,良
2020110074,ハカイシン,2025-03-11,大井,8,C2十 11,14,4,5,18.0,6,11,西啓太,56,ダ,1600,重
2020110074,ハカイシン,2025-02-17,大井,5,C215 1617(C216),12,8,11,16.5,6,2,山本聡哉,56,ダ,1600,良
2020110074,ハカイシン,2025-01-27,大井,9,C214 15,14,6,9,9.0,6,12,山本聡哉,56,ダ,1600,良
2020110074,ハカイシン,2025-01-13,大井,6,C216 17,11,2,2,6.8,4,2,岡村健司,56,ダ,1600,稍
2020110074,ハカイシン,2024-12-29,大井,5,C2十 1112(C211),12,4,4,11.2,6,7,谷内貫太,54,ダ,1600,良
2020110074,ハカイシン,2024-12-03,大井,10,オリオン座特別競走(C2),15,6,11,44.3,8,6,谷内貫太,54,ダ,1700,良
2020110074,ハカイシン,2024-11-07,大井,10,山茶花特別競走(C2),16,2,3,54.9,8,7,岡村健司,56,ダ,2000,稍
2020110074,ハカイシン,2024-10-17,大井,10,YJSトライアルラウ(C2),14,5,7,18.8,5,12,千野稜真,56,ダ,1800,良
2020110074,ハカイシン,2024-09-30,大井,10,とかげ座特別競走(C2),10,2,2,4.7,3,7,森泰斗,56,ダ,1800,良
2020110074,ハカイシン,2024-09-10,大井,10,こうま座特別競走(C2),11,8,10,2.4,1,7,森泰斗,56,ダ,1700,良
2020110074,ハカイシン,2024-08-12,大井,8,ブラック・ベルベット(C211),13,5,7,4.8,3,1,森泰斗,56,ダ,1600,良
2020110074,ハカイシン,2024-08-02,大井,2,C3二 三,14,5,7,4.0,3,4,森泰斗,56,ダ,1600,良
2020110074,ハカイシン,2024-07-10,大井,3,C3一,12,8,12,3.7,2,1,森泰斗,56,ダ,2000,良
2020110074,ハカイシン,2024-06-27,大井,2,C3二 三四(C3三),13,8,12,5.4,3,2,西啓太,56,ダ,1400,良
2020110074,ハカイシン,2024-02-15,大井,2,C3二 三四(C3三),14,8,14,16.3,5,9,青柳正義,56,ダ,1400,良
2020110074,ハカイシン,2024-01-25,大井,2,C3二 三四(C3三),14,6,10,11.5,3,9,青柳正義,56,ダ,1400,重
2020110074,ハカイシン,2023-11-20,金沢,1,無料ネット新聞うまか(C1),10,7,7,3.1,2,1,青柳正義,56,ダ,1400,不
2020110074,ハカイシン,2023-10-15,金沢,5,昭和村の星!諸田、結(C2),11,7,9,8.1,5,2,青柳正義,56,ダ,1500,重
2020110074,ハカイシン,2023-10-02,金沢,4,C210,9,5,5,3.4,2,1,青柳正義,56,ダ,1500,重
2020110074,ハカイシン,2023-09-16,金沢,1,無料ネット新聞うまか(C2),9,6,6,4.2,3,3,青柳正義,56,ダ,1400,良
2020110074,ハカイシン,2023-08-12,小倉,7,3歳未勝利,16,3,5,31.4,6,11,Ｍ．デム,56,ダ,1700,良
2020110074,ハカイシン,2023-04-15,阪神,2,3歳未勝利,16,6,11,53.1,8,11,北村友一,56,ダ,1800,不
2020110074,ハカイシン,2023-04-01,阪神,2,3歳未勝利,16,5,10,30.1,7,4,北村友一,56,ダ,1800,良
2020110074,ハカイシン,2023-01-07,中京,4,3歳新馬,11,1,1,7.8,3,8,岩田望来,56,ダ,1800,良
2020110101,ゴールデンマイク,2026-07-08,川崎,9,要潤さん来場記念(B3二),10,2,2,1.3,1,5,和田譲治,56,ダ,1500,稍
2020110101,ゴールデンマイク,2026-05-13,川崎,10,新緑特別(B3二),13,5,7,2.1,1,1,和田譲治,56,ダ,1500,良
2020110101,ゴールデンマイク,2025-11-17,川崎,9,七竈賞(B3),14,8,14,2.8,1,1,山崎誠士,56,ダ,1500,良
2020110101,ゴールデンマイク,2025-10-15,川崎,8,坂ノ下賞(C1),12,1,1,2.9,1,1,山崎誠士,56,ダ,1400,重
2020110101,ゴールデンマイク,2025-09-24,浦和,8,浦和エイトチャレンジ(C1),12,6,8,1.8,1,3,野畑凌,56,ダ,1500,良
2020110101,ゴールデンマイク,2025-08-28,船橋,7,馬い!イザナミ淡路の(C1),12,5,5,4.5,3,5,野畑凌,56,ダ,1600,良
2020110101,ゴールデンマイク,2025-06-06,船橋,10,水無月特別(C1),11,4,4,3.9,2,5,山崎誠士,56,ダ,1600,良
2020110101,ゴールデンマイク,2024-11-19,浦和,10,群馬県畜産協会長賞特(C1),10,8,12,1.2,1,2,森泰斗,56,ダ,1400,良
2020110101,ゴールデンマイク,2024-10-23,浦和,8,城下町岩槻鷹狩り行列(C1),11,8,12,1.6,1,1,森泰斗,56,ダ,1400,良
2020110101,ゴールデンマイク,2024-09-24,船橋,9,飛行機見ながら露天風(C1),12,3,3,3.1,2,3,森泰斗,56,ダ,1500,良
2020110101,ゴールデンマイク,2024-07-21,札幌,10,大倉山特別(2勝クラス),8,2,2,41.0,6,8,古川吉洋,58,ダ,1700,良
2020110101,ゴールデンマイク,2024-04-11,大井,10,アーバンステージさつ(B2B3),11,3,3,2.6,1,3,菅原明良,57,ダ,2000,稍
2020110101,ゴールデンマイク,2024-03-31,阪神,6,4歳以上1勝クラス,11,7,9,9.4,4,4,菅原明良,58,ダ,1800,良
2020110101,ゴールデンマイク,2024-03-10,中山,8,4歳以上1勝クラス,15,7,13,10.7,6,11,横山和生,57,ダ,2400,稍
2020110101,ゴールデンマイク,2024-02-25,阪神,6,4歳以上1勝クラス,10,8,10,8.9,3,4,岩田康誠,57,ダ,1800,不
2020110101,ゴールデンマイク,2023-07-15,函館,6,3歳未勝利,11,5,5,14.3,4,5,岩田康誠,56,ダ,1700,不
2020110101,ゴールデンマイク,2023-06-24,阪神,4,3歳未勝利,16,1,1,18.6,7,3,松若風馬,56,ダ,1800,稍
2020110101,ゴールデンマイク,2023-06-11,阪神,4,3歳未勝利,16,2,3,23.2,7,9,秋山真一,56,ダ,1800,重
2020110101,ゴールデンマイク,2022-11-06,阪神,2,2歳未勝利,12,7,10,10.2,4,5,岩田康誠,55,ダ,1400,良
2020110101,ゴールデンマイク,2022-10-01,中京,3,2歳新馬,12,8,12,5.8,3,10,岩田康誠,55,ダ,1800,良
2020110132,ティルドーン,2026-09-03,大井,11,セプテンバー賞競走(A2B1),9,3,3,40.8,7,8,西啓太,55,ダ,1800,良
2020110132,ティルドーン,2026-05-08,船橋,12,20時50分にビッグ(B1),13,4,5,15.3,5,4,笹川翼,56,ダ,1700,良
2020110132,ティルドーン,2026-04-10,川崎,11,桜吹雪特別(B1B2),10,8,10,7.9,4,2,野畑凌,57,ダ,1600,不
2020110132,ティルドーン,2025-12-09,船橋,8,好機到来特別(A2B1),14,4,6,15.1,6,13,桑村真明,55,ダ,1700,良
2020110132,ティルドーン,2025-07-12,福島,8,3歳以上2勝クラス,15,2,2,14.8,6,15,菅原明良,58,ダ,1700,良
2020110132,ティルドーン,2025-03-15,中山,9,阿見特別(2勝クラス),14,3,3,52.6,10,11,松岡正海,57,ダ,2400,稍
2020110132,ティルドーン,2025-02-23,東京,7,4歳以上2勝クラス,14,6,9,15.8,6,7,横山和生,58,ダ,2100,良
2020110132,ティルドーン,2025-02-01,東京,8,4歳以上2勝クラス,11,8,10,6.9,3,2,団野大成,58,ダ,2100,良
2020110132,ティルドーン,2025-01-06,中山,9,初茜賞(2勝クラス),16,2,4,7.2,2,8,戸崎圭太,58,ダ,1800,良
2020110132,ティルドーン,2024-11-23,京都,9,栂尾特別(2勝クラス),13,5,7,21.8,6,9,武豊,58,ダ,1800,良
2020110132,ティルドーン,2024-06-01,京都,10,若狭湾特別(2勝クラス),10,8,10,2.6,1,3,川田将雅,58,ダ,1800,稍
2020110132,ティルドーン,2024-05-19,京都,9,愛宕特別(2勝クラス),16,2,4,7.6,5,5,団野大成,58,ダ,1800,良
2020110132,ティルドーン,2024-04-28,京都,9,六波羅特別(2勝クラス),11,8,10,2.8,1,7,武豊,57,ダ,1800,良
2020110132,ティルドーン,2023-10-21,京都,9,北國新聞杯(2勝クラス),16,3,6,8.2,4,4,西村淳也,56,ダ,1900,良
2020110132,ティルドーン,2023-10-01,中山,9,3歳以上2勝クラス,16,1,1,3.8,2,2,川田将雅,55,ダ,1800,良
2020110132,ティルドーン,2023-09-03,新潟,10,両津湾特別(2勝クラス),15,8,14,4.5,3,4,川田将雅,55,ダ,1800,良
2020110132,ティルドーン,2023-08-05,新潟,8,3歳以上1勝クラス,15,1,1,3.5,2,1,川田将雅,55,ダ,1800,良
2020110132,ティルドーン,2023-07-22,中京,12,3歳以上1勝クラス,16,2,4,15.4,6,2,幸英明,55,ダ,1800,良
2020110132,ティルドーン,2023-06-21,船橋,10,ファンシーサドル特別(B2B3),10,1,1,3.9,2,3,笹川翼,55,ダ,1800,良
2020110132,ティルドーン,2023-04-09,中山,6,3歳1勝クラス,9,6,6,9.1,5,6,松岡正海,56,ダ,1800,稍
2020110132,ティルドーン,2023-03-25,中山,10,伏竜S(OP),14,4,5,113.1,13,10,松岡正海,56,ダ,1800,不
2020110132,ティルドーン,2023-02-18,阪神,8,3歳1勝クラス,16,6,11,127.8,16,3,武豊,56,ダ,1800,良
2020110132,ティルドーン,2023-02-02,川崎,7,ガーネットフラワー賞(3歳),13,5,7,4.1,2,1,笹川翼,56,ダ,1500,良
2020110132,ティルドーン,2022-12-10,阪神,3,2歳未勝利,11,3,3,10.3,5,10,松若風馬,55,ダ,1800,良
2020110132,ティルドーン,2022-11-26,阪神,4,2歳新馬,16,4,8,11.4,5,7,福永祐一,55,ダ,1800,稍
2021100016,ポリトナリティー,2026-08-16,大井,5,清水坂賞競走(B3),9,8,8,140.1,8,9,東原悠善,54,ダ,2000,重
2021100016,ポリトナリティー,2026-07-21,大井,12,三宅坂賞競走(B3),16,3,5,105.8,14,16,東原悠善,54,ダ,1800,良
2021100016,ポリトナリティー,2026-04-18,中山,11,中山グランドジャンプ(JGI),10,1,1,185.2,9,10,水沼元輝,61,障,4260,良
2021100016,ポリトナリティー,2026-03-14,阪神,8,阪神スプリングJ(JGII),10,5,5,232.3,10,10,五十嵐雄,58,障,3900,良
2021100016,ポリトナリティー,2026-01-24,小倉,4,障害4歳以上OP,12,1,1,206.6,12,11,江田勇亮,58,障,3390,良
2021100016,ポリトナリティー,2025-12-20,阪神,4,障害3歳以上OP,14,6,10,214.4,14,13,江田勇亮,58,障,3110,良
2021100016,ポリトナリティー,2025-10-11,京都,4,障害3歳以上OP,10,3,3,,,除,草野太郎,58,障,3170,良
2021100016,ポリトナリティー,2025-09-20,阪神,4,阪神ジャンプS(JGIII),9,1,1,131.6,9,9,上野翔,58,障,3140,良
2021100016,ポリトナリティー,2025-07-13,小倉,1,障害3歳以上未勝利,12,1,1,17.0,5,1,難波剛健,58,障,2860,良
2021100016,ポリトナリティー,2025-06-28,小倉,1,障害3歳以上未勝利,12,6,8,70.4,11,2,草野太郎,58,障,2860,良
2021100016,ポリトナリティー,2025-03-23,中山,4,障害4歳以上未勝利,14,2,2,28.9,8,9,難波剛健,57,障,2880,良
2021100016,ポリトナリティー,2025-02-23,小倉,4,障害4歳以上未勝利,12,3,3,46.4,8,5,難波剛健,57,障,2860,良
2021100016,ポリトナリティー,2025-01-26,小倉,4,障害4歳以上未勝利,12,8,11,53.7,9,6,難波剛健,57,障,2860,良
2021100016,ポリトナリティー,2024-12-08,中山,4,障害3歳以上未勝利,11,7,9,28.5,9,10,森一馬,56,障,2880,良
2021100016,ポリトナリティー,2024-11-10,福島,4,障害3歳以上未勝利,9,8,9,61.4,9,3,土田真翔,56,障,2750,良
2021100016,ポリトナリティー,2024-09-08,中京,1,障害3歳以上未勝利,9,4,4,29.2,5,8,石神深一,56,障,3000,良
2021100016,ポリトナリティー,2024-07-28,札幌,8,3歳以上1勝クラス,14,7,11,162.6,14,11,古川奈穂,50,芝,1200,稍
2021100016,ポリトナリティー,2024-07-21,札幌,3,3歳未勝利,16,5,9,95.1,15,14,小林勝太,52,芝,1200,良
2021100016,ポリトナリティー,2024-06-22,函館,3,3歳未勝利,16,5,9,102.5,13,6,丸山元気,55,芝,1200,良
2021100016,ポリトナリティー,2024-06-15,函館,1,3歳未勝利,16,6,11,80.4,13,10,土田真翔,52,芝,1200,良
2021100016,ポリトナリティー,2024-04-28,新潟,2,3歳未勝利,16,4,8,47.9,9,10,松本大輝,54,芝,1400,良
2021100016,ポリトナリティー,2024-04-13,福島,2,3歳未勝利,16,1,1,17.5,5,4,松本大輝,54,芝,1200,良
2021100016,ポリトナリティー,2024-01-27,小倉,6,3歳未勝利,14,5,7,14.4,7,7,小林凌大,53,芝,1200,良
2021100016,ポリトナリティー,2024-01-14,小倉,2,3歳未勝利,18,4,8,34.7,9,6,小林凌大,53,芝,1200,良
2021100016,ポリトナリティー,2023-12-24,中山,3,2歳未勝利,16,1,2,118.4,11,5,柴田大知,55,芝,1200,良
2021100016,ポリトナリティー,2023-10-01,中山,2,2歳未勝利,13,5,6,48.5,8,11,木幡巧也,55,芝,1600,良
2021100016,ポリトナリティー,2023-09-03,新潟,1,2歳未勝利,15,8,14,370.0,14,2,木幡巧也,55,芝,1400,良
2021100016,ポリトナリティー,2023-07-22,福島,6,2歳新馬,11,8,12,56.5,8,9,木幡巧也,55,芝,1200,良
2021100126,ムットクルフェ,2026-09-03,大井,11,セプテンバー賞競走(A2B1),9,6,6,5.9,3,6,吉井章,57,ダ,1800,良
2021100126,ムットクルフェ,2026-08-16,大井,9,オーガスト賞競走(A2B1),9,5,5,3.5,1,5,矢野貴之,57,ダ,1600,重
2021100126,ムットクルフェ,2026-06-29,大井,11,ムーンストーン賞競走(A2),14,7,12,10.8,4,3,矢野貴之,57,ダ,1800,不
2021100126,ムットクルフェ,2026-03-27,大井,11,ブラッドストーン賞競(A2B1),12,5,5,5.6,3,3,矢野貴之,57,ダ,1600,重
2021100126,ムットクルフェ,2026-03-13,大井,11,ブリリアントカップト(A2),10,4,4,2.1,1,4,矢野貴之,57,ダ,1800,良
2021100126,ムットクルフェ,2026-01-26,大井,11,ジュエリーアイス賞競(A2B1),9,2,2,2.4,2,1,矢野貴之,57,ダ,1600,良
2021100126,ムットクルフェ,2026-01-13,大井,11,ジャニュアリー賞競走(A2B1),10,4,4,2.6,2,2,矢野貴之,57,ダ,1800,良
2021100126,ムットクルフェ,2025-12-03,大井,11,勝島王冠競走(重賞),12,6,8,77.0,9,6,本田正重,55,ダ,1800,良
2021100126,ムットクルフェ,2025-11-12,大井,12,ノベンバー賞競走(A2B1),12,2,2,3.7,3,2,矢野貴之,57,ダ,1600,稍
2021100126,ムットクルフェ,2025-10-05,大井,7,相馬野馬追賞競走(A2B1),8,7,7,3.3,2,1,矢野貴之,55,ダ,1800,良
2021100126,ムットクルフェ,2025-09-19,大井,11,日刊スポーツ賞競走(B1B2),14,2,2,5.6,3,9,矢野貴之,57,ダ,1800,不
2021100126,ムットクルフェ,2025-08-12,大井,10,サマーナイト賞競走(B2),14,5,7,2.8,1,1,矢野貴之,56,ダ,1600,重
2021100126,ムットクルフェ,2025-07-18,大井,11,東京スポーツ賞競走(B2),8,4,4,2.7,1,2,矢野貴之,56,ダ,1800,稍
2021100126,ムットクルフェ,2025-07-01,大井,7,B2三,11,4,4,7.3,4,4,矢野貴之,56,ダ,1400,良
2021100126,ムットクルフェ,2025-02-18,大井,7,オープス中郷賞競走(B2),4,1,1,,,取,矢野貴之,56,ダ,1600,良
2021100126,ムットクルフェ,2025-01-16,大井,10,初夢賞競走(B2B3),15,3,4,6.0,3,8,矢野貴之,57,ダ,2000,良
2021100126,ムットクルフェ,2024-09-04,川崎,11,戸塚記念(重賞),13,5,8,63.4,9,7,達城龍次,56,ダ,2100,重
2021100126,ムットクルフェ,2024-08-14,大井,11,黒潮盃競走(重賞),12,4,4,25.7,5,3,矢野貴之,56,ダ,1800,良
2021100126,ムットクルフェ,2024-06-05,大井,11,東京ダービー競走(JpnI),16,8,15,308.8,12,10,山崎誠士,57,ダ,2000,稍
2021100126,ムットクルフェ,2024-04-24,大井,11,羽田盃競走(JpnI),8,2,2,83.1,7,5,山崎誠士,57,ダ,1800,不
2021100126,ムットクルフェ,2024-04-08,大井,9,クラシックチャレンジ(OP)(3歳),8,7,7,13.3,6,1,矢野貴之,56,ダ,1800,重
2021100126,ムットクルフェ,2024-03-22,大井,4,3歳一 二三(3歳二),8,6,6,11.2,5,2,本田正重,57,ダ,1600,良
2021100126,ムットクルフェ,2024-03-01,大井,3,3歳一 二三(3歳二),9,2,2,3.0,2,1,矢野貴之,57,ダ,1600,不
2021100126,ムットクルフェ,2024-02-16,大井,3,内川賞(3歳),5,1,1,14.0,4,3,本田正重,57,ダ,1600,良
2021100126,ムットクルフェ,2024-01-26,大井,3,呑川賞(3歳),6,1,1,1.8,1,2,矢野貴之,56,ダ,1600,稍
2021100126,ムットクルフェ,2023-12-30,大井,3,2歳一 二三(2歳二),11,6,7,2.3,1,2,矢野貴之,56,ダ,1600,良
2021100126,ムットクルフェ,2023-12-07,大井,3,2歳四 五,13,2,2,2.8,2,1,矢野貴之,55,ダ,1400,良
2021100126,ムットクルフェ,2023-10-25,門別,7,JRA認定ウィナーズ(2歳),10,4,4,5.7,3,4,服部茂史,55,ダ,1700,稍
2021100126,ムットクルフェ,2023-10-11,門別,5,2歳3組,10,2,2,3.1,1,2,岩橋勇二,55,ダ,1700,稍
2021100126,ムットクルフェ,2023-09-27,門別,9,JRA認定ウィナーズ(2歳),10,2,2,11.3,6,3,服部茂史,55,ダ,1700,良
2021100126,ムットクルフェ,2023-08-31,門別,8,JRA認定アタックチ(2歳),9,3,3,32.7,7,2,服部茂史,54,ダ,1700,稍
2021100126,ムットクルフェ,2023-08-10,門別,2,2歳未勝利,9,6,6,2.8,1,1,服部茂史,54,ダ,1600,稍
2021100126,ムットクルフェ,2023-07-26,門別,3,2歳未勝利,11,7,9,31.8,8,4,落合玄太,54,ダ,1200,良
2021100126,ムットクルフェ,2023-07-13,門別,1,2歳未勝利,11,4,4,11.4,5,8,落合玄太,54,ダ,1200,稍
2021100126,ムットクルフェ,2023-06-21,門別,5,JRA認定フレッシュ(2歳),11,5,5,7.2,3,6,服部茂史,54,ダ,1200,良
2021100231,レジェンドウェイ,2026-07-24,大井,11,東京スポーツ賞競走(B3),16,1,1,6.4,3,11,吉井章,56,ダ,1400,良
2021100231,レジェンドウェイ,2026-07-02,大井,7,B3五,11,6,7,7.4,3,1,吉井章,56,ダ,1400,不
2021100231,レジェンドウェイ,2026-06-10,大井,7,B3六,11,5,5,14.9,5,4,吉井章,56,ダ,1400,重
2021100231,レジェンドウェイ,2026-05-21,大井,10,丸の内坂賞競走(B3),16,2,3,56.6,8,11,中村尚平,56,ダ,1400,稍
2021100231,レジェンドウェイ,2026-03-23,大井,11,けやき坂賞競走(B3),13,2,2,6.8,2,5,笹川翼,56,ダ,1200,良
2021100231,レジェンドウェイ,2026-03-10,大井,12,江戸見坂賞競走(B3),16,4,8,7.6,4,4,笹川翼,56,ダ,1200,稍
2021100231,レジェンドウェイ,2026-02-20,大井,10,めぐみ坂賞競走(B3),13,8,13,4.8,3,7,笹川翼,56,ダ,1400,良
2021100231,レジェンドウェイ,2026-01-30,大井,9,C1三 四五(C1四),11,7,10,2.6,1,2,笹川翼,56,ダ,1400,良
2021100231,レジェンドウェイ,2025-12-31,大井,11,カウントダウン202(C1五),13,5,6,41.3,8,1,吉井章,56,ダ,1400,稍
2021100231,レジェンドウェイ,2025-09-17,大井,10,ロイヤルナイト賞(C1六),12,5,6,3.3,2,3,吉井章,56,ダ,1400,良
2021100231,レジェンドウェイ,2025-09-04,大井,9,C1五 六,12,1,1,3.4,2,2,吉井章,56,ダ,1200,良
2021100231,レジェンドウェイ,2025-08-12,大井,7,C1七 八,14,4,6,3.5,2,2,笹川翼,56,ダ,1200,重
2021100231,レジェンドウェイ,2025-07-17,大井,5,C2二 三四(C2三),14,7,12,13.6,5,5,吉井章,56,ダ,1400,重
2021100231,レジェンドウェイ,2025-07-03,大井,5,C2三 四五(C2四),14,3,3,4.0,2,1,吉井章,56,ダ,1400,良
2021100231,レジェンドウェイ,2025-03-27,大井,6,C2六 七,14,8,13,2.3,1,1,矢野貴之,56,ダ,1200,良
2021100231,レジェンドウェイ,2025-03-12,大井,4,立会川賞(C2),13,6,9,2.7,2,2,鷹見陸,55,ダ,1200,重
2021100231,レジェンドウェイ,2025-02-19,大井,6,C211 12,15,1,2,11.2,3,2,藤本現暉,56,ダ,1200,良
2021100231,レジェンドウェイ,2025-01-29,大井,7,C2十 11,14,5,8,21.0,6,7,横川怜央,56,ダ,1200,良
2021100231,レジェンドウェイ,2025-01-14,大井,8,C211 1213(C212),14,5,7,73.5,9,4,横川怜央,56,ダ,1400,稍
2021100231,レジェンドウェイ,2024-12-29,大井,8,フジテレビ賞(C211),14,6,9,42.5,8,6,江里口裕,56,ダ,1200,良
2021100231,レジェンドウェイ,2024-12-03,大井,3,C211 1213(C212),13,5,6,41.6,6,9,江里口裕,56,ダ,1600,良
2021100231,レジェンドウェイ,2024-08-14,大井,2,3歳四 五,16,7,13,43.7,7,16,吉井章,56,ダ,1200,良
2021100231,レジェンドウェイ,2024-07-31,大井,2,3歳四 五,12,4,4,10.9,4,6,藤田凌,56,ダ,1200,良
2021100231,レジェンドウェイ,2024-07-11,大井,2,3歳四 五六(3歳五),14,1,1,4.3,2,14,吉井章,56,ダ,1400,良
2021100231,レジェンドウェイ,2024-01-23,大井,4,蛇崩川賞(3歳),12,6,8,3.0,2,1,吉井章,56,ダ,1200,不
2021100231,レジェンドウェイ,2023-12-26,大井,2,2歳十 11,14,1,1,2.2,1,4,矢野貴之,55,ダ,1200,良
2021100231,レジェンドウェイ,2023-10-31,大井,4,2歳七 八,10,2,2,,,除,藤田凌,55,ダ,1200,良
2021100231,レジェンドウェイ,2023-10-05,大井,4,2歳 新馬,5,5,5,9.3,4,4,藤田凌,55,ダ,1200,不
2021100354,ダスティー,2026-03-28,金沢,3,C24,10,4,4,48.6,6,9,鈴木太一,57,ダ,1500,良
2021100354,ダスティー,2026-03-16,金沢,5,高松正人卒業おめでと(C2),9,2,2,54.7,5,6,鈴木太一,57,ダ,1400,稍
2021100354,ダスティー,2025-12-26,金沢,5,C24,,6,7,,,,服部大地,57,ダ,1500,不
2021100354,ダスティー,2025-12-15,金沢,4,C26,7,2,2,22.1,4,2,鈴木太一,57,ダ,1500,不
2021100354,ダスティー,2025-12-02,金沢,7,C23,5,1,1,8.9,2,3,中島龍也,57,ダ,1400,良
2021100354,ダスティー,2025-11-23,金沢,2,C117,8,4,4,12.6,4,4,鈴木太一,57,ダ,1500,重
2021100354,ダスティー,2025-11-09,金沢,2,C118,7,2,2,183.8,6,5,田知弘久,57,ダ,1400,稍
2021100354,ダスティー,2025-10-25,金沢,1,楽天競馬ならポイント(C2),10,8,9,18.6,3,7,加藤翔馬,57,ダ,900,良
2021100354,ダスティー,2025-10-06,金沢,8,C22,8,2,2,78.2,6,5,加藤翔馬,57,ダ,1400,良
2021100354,ダスティー,2025-09-23,金沢,5,C25,10,8,9,72.0,7,6,加藤翔馬,57,ダ,1500,良
2021100354,ダスティー,2025-09-13,金沢,5,拓海&amp;涼風ハッピーウ(C2),11,5,5,26.0,7,4,加藤翔馬,57,ダ,1400,重
2021100354,ダスティー,2025-06-24,金沢,7,「神回」琵琶ちゃぷな(C2),9,1,1,16.3,7,8,鈴木太一,57,ダ,1400,稍
2021100354,ダスティー,2025-06-10,金沢,7,保田隼くんお誕生日記(C2),9,3,3,12.2,4,3,鈴木太一,57,ダ,1400,良
2021100354,ダスティー,2025-05-26,金沢,2,尻山でんぶ生誕40周(C2),11,2,2,85.1,8,7,平瀬城久,57,ダ,1400,重
2021100354,ダスティー,2025-05-13,金沢,7,C22 特別編成(C2特別),11,4,4,21.0,8,8,吉原寛人,57,ダ,1500,良
2021100354,ダスティー,2025-04-27,金沢,2,ハイボール怪獣ぎっち(C2),10,8,9,6.3,3,8,平瀬城久,57,ダ,1500,良
2021100354,ダスティー,2025-04-15,金沢,3,C213,10,3,3,8.5,3,1,平瀬城久,57,ダ,1400,不
2021100354,ダスティー,2025-03-30,金沢,3,石井陽菜生誕記念(C2),8,5,5,37.9,6,3,平瀬城久,56,ダ,1500,不
2021100354,ダスティー,2025-03-18,金沢,2,C213,12,5,6,121.0,12,4,平瀬城久,56,ダ,1500,重
2021100354,ダスティー,2024-12-23,金沢,2,C217,6,4,4,134.6,6,5,平瀬城久,56,ダ,1400,不
2021100354,ダスティー,2024-12-08,金沢,1,能登半島地震復興応援(C2特別),10,1,1,21.9,6,4,鈴木太一,56,ダ,1500,不
2021100354,ダスティー,2024-11-10,金沢,3,由珠ちゃん爆誕おめで(C2),9,1,1,113.7,9,6,鈴木太一,56,ダ,1400,良
2021100354,ダスティー,2024-10-29,金沢,3,C213,10,1,1,142.9,9,10,平瀬城久,56,ダ,1400,重
2021100354,ダスティー,2024-10-13,金沢,4,今日もウララかケセラ(C2),10,1,1,43.6,7,10,平瀬城久,56,ダ,1400,良
2021100354,ダスティー,2024-09-30,金沢,4,第66回村井俊一生誕(C2),9,8,8,35.6,6,6,鈴木太一,56,ダ,1400,良
2021100354,ダスティー,2024-09-17,金沢,3,C215,11,7,9,30.6,5,3,鈴木太一,56,ダ,1400,良
2021100354,ダスティー,2024-08-30,船橋,1,3歳七,11,6,8,95.3,9,6,木間塚龍,55,ダ,1200,不
2021100354,ダスティー,2024-07-22,船橋,1,3歳七,9,8,9,14.0,4,7,木間塚龍,55,ダ,1200,良
2021100354,ダスティー,2024-06-30,船橋,1,3歳十,10,3,3,38.4,7,7,庄司大輔,56,ダ,1200,稍
2021100354,ダスティー,2024-03-08,船橋,1,3歳十,10,7,8,31.9,8,5,服部茂史,56,ダ,1200,不
2021100354,ダスティー,2024-02-08,船橋,1,3歳十,9,6,6,39.6,8,6,山中悠希,56,ダ,1200,重
2021100354,ダスティー,2024-01-19,船橋,1,3歳 未出走(未出走),9,5,5,44.2,8,7,木間塚龍,55,ダ,1200,良
2021100354,ダスティー,2023-12-19,船橋,2,ポインセチアデビュー(2歳),7,2,2,17.9,7,7,澤田龍哉,55,ダ,1000,良
2021100552,ココナッツガーデン,2026-09-03,大井,10,オフトひたちなか賞競(B2),11,2,2,6.6,3,4,藤本現暉,56,ダ,1600,良
2021100552,ココナッツガーデン,2026-08-14,大井,10,サマーナイト賞競走(B2),9,8,10,10.6,3,3,藤本現暉,56,ダ,1400,不
2021100552,ココナッツガーデン,2026-04-13,大井,11,木の芽坂賞競走(B3),10,2,2,2.6,1,1,藤本現暉,56,ダ,1600,良
2021100552,ココナッツガーデン,2026-03-27,大井,12,桜坂賞競走(B3),15,5,9,7.1,6,11,藤本現暉,56,ダ,2000,重
2021100552,ココナッツガーデン,2026-02-17,大井,12,狸穴坂賞競走(B3),16,1,2,13.5,6,1,藤本現暉,56,ダ,1800,稍
2021100552,ココナッツガーデン,2026-01-12,大井,12,芋洗坂賞競走(B3),16,2,4,3.3,1,14,藤本現暉,56,ダ,1800,良
2021100552,ココナッツガーデン,2025-12-29,大井,10,乃木坂賞競走(B3),13,4,4,3.3,2,3,藤本現暉,56,ダ,1600,重
2021100552,ココナッツガーデン,2025-08-13,大井,10,ヒカルタカイ賞競走(C1),15,5,9,2.3,1,1,藤本現暉,56,ダ,1800,稍
2021100552,ココナッツガーデン,2025-07-15,大井,7,C1六 七八(C1七),14,1,1,2.1,1,1,藤本現暉,56,ダ,1600,重
2021100552,ココナッツガーデン,2025-07-02,大井,8,ディキ・ディキ賞(C1),8,8,8,2.4,1,2,藤本現暉,56,ダ,1600,良
2021100552,ココナッツガーデン,2025-05-23,大井,2,C2三 四五(C2四),14,6,10,5.7,3,1,藤本現暉,56,ダ,1600,良
2021100552,ココナッツガーデン,2025-01-31,大井,6,C2二 三四(C2三),10,1,1,3.3,2,5,山本聡哉,56,ダ,1600,良
2021100552,ココナッツガーデン,2025-01-17,大井,6,C2二 三四(C2三),12,4,4,2.6,2,2,藤本現暉,56,ダ,1600,良
2021100552,ココナッツガーデン,2024-12-29,大井,11,C2八 九,14,6,9,3.6,2,1,藤本現暉,56,ダ,1600,良
2021100552,ココナッツガーデン,2024-12-02,大井,5,C214 15,13,4,4,2.0,1,1,藤本現暉,56,ダ,1600,良
2021100552,ココナッツガーデン,2024-11-04,大井,5,C215 1617(C216),10,4,4,10.0,4,2,藤本現暉,56,ダ,1600,稍
2021100552,ココナッツガーデン,2024-10-18,大井,1,3歳一 二,11,3,3,27.3,7,4,藤本現暉,56,ダ,1600,良
2021100552,ココナッツガーデン,2024-06-25,大井,6,3歳11 12,13,6,9,6.9,4,2,藤本現暉,56,ダ,1600,重
2021100552,ココナッツガーデン,2024-06-03,大井,2,3歳13 14,13,4,4,44.3,8,2,藤本現暉,56,ダ,1400,重
2021100552,ココナッツガーデン,2024-05-13,大井,4,3歳13 14,14,6,9,4.3,2,12,矢野貴之,56,ダ,1200,不
2021100552,ココナッツガーデン,2023-12-04,大井,3,2歳 新馬,7,6,6,6.2,4,7,森泰斗,55,ダ,1200,良
2021100554,レベリオス,2026-09-03,大井,10,オフトひたちなか賞競(B2),11,8,10,2.9,2,3,安藤洋一,56,ダ,1600,良
2021100554,レベリオス,2026-07-22,大井,9,アメリカンアンバサダ(B2),7,5,5,4.3,3,1,笹川翼,56,ダ,1600,良
2021100554,レベリオス,2026-06-30,大井,12,風待月賞競走(B2),12,2,2,23.3,8,5,安藤洋一,56,ダ,2000,重
2021100554,レベリオス,2026-06-11,大井,7,夏木立賞競走(B2),11,6,7,18.0,6,2,安藤洋一,56,ダ,1800,稍
2021100554,レベリオス,2026-05-21,大井,8,ジン・トニック賞(B2),10,5,5,20.7,5,5,安藤洋一,56,ダ,1400,稍
2021100554,レベリオス,2026-05-01,大井,12,スピカ賞競走(B2),16,3,6,17.9,7,6,安藤洋一,56,ダ,1200,不
2021100554,レベリオス,2026-04-15,大井,12,東風賞競走(B2),16,1,1,20.7,6,5,安藤洋一,56,ダ,1200,良
2021100554,レベリオス,2026-03-26,大井,12,スノードロップ賞競走(B2),13,8,12,34.3,7,4,安藤洋一,57,ダ,1650,不
2021100554,レベリオス,2026-01-12,大井,11,ウェルカム2026賞(B2B3),9,5,5,22.4,5,4,笹川翼,57,ダ,1600,良
2021100554,レベリオス,2025-12-29,大井,7,カプリコーン賞競走(B2),16,6,12,26.4,8,6,吉井章,56,ダ,2000,重
2021100554,レベリオス,2025-12-02,大井,10,パイライト賞競走(B2B3),16,8,15,8.6,4,9,吉井章,57,ダ,1800,良
2021100554,レベリオス,2025-11-13,大井,7,B2 以下,11,5,5,4.9,3,3,笹川翼,57,ダ,1800,稍
2021100554,レベリオス,2025-10-23,大井,12,アンドロメダ賞競走(B2B3),13,4,4,8.5,5,4,吉井章,57,ダ,1650,重
2021100554,レベリオス,2025-06-11,大井,9,夏木立賞競走(B2B3),14,7,12,9.9,6,3,吉井章,57,ダ,2000,不
2021100554,レベリオス,2025-05-21,大井,10,ブゼントシユキ賞競走(B3),14,8,14,6.0,4,1,吉井章,56,ダ,1600,稍
2021100554,レベリオス,2025-05-01,大井,10,行人坂賞競走(B3),13,1,1,8.7,4,5,吉井章,56,ダ,1800,稍
2021100554,レベリオス,2025-03-27,大井,10,桜坂賞競走(B3),16,7,13,18.3,5,4,吉井章,56,ダ,1800,良
2021100554,レベリオス,2025-03-12,大井,7,B3四,11,7,8,4.5,3,8,吉井章,56,ダ,1800,重
2021100554,レベリオス,2025-02-20,大井,10,ゴールデンステッキ賞(B3),15,6,12,15.5,5,4,吉井章,56,ダ,1800,良
2021100554,レベリオス,2025-01-29,大井,12,百反坂賞競走(B3),12,7,10,42.6,7,8,吉井章,56,ダ,1800,良
2021100554,レベリオス,2025-01-14,大井,10,おうし座特別競走(C1),9,8,8,5.1,2,1,吉井章,56,ダ,1800,稍
2021100554,レベリオス,2024-12-27,大井,10,2024ラストトゥイ(C1),16,7,13,13.7,5,9,吉井章,56,ダ,2000,良
2021100554,レベリオス,2024-12-03,大井,8,モンタナ賞(C1),14,6,9,23.0,6,1,吉井章,56,ダ,1600,良
2021100554,レベリオス,2024-11-04,大井,7,C1七 八,14,8,14,12.5,5,13,吉井章,56,ダ,1600,稍
2021100554,レベリオス,2024-07-12,大井,1,3歳一 二三(3歳二),9,5,5,3.7,1,1,吉井章,56,ダ,1600,稍
2021100554,レベリオス,2024-06-28,大井,1,3歳一 二三(3歳二),14,3,3,13.3,7,12,吉井章,56,ダ,1600,不
2021100554,レベリオス,2024-06-05,大井,1,3歳四 五六(3歳五),13,1,1,6.7,2,2,吉井章,56,ダ,1600,稍
2021100554,レベリオス,2024-05-16,大井,3,3歳四 五六(3歳五),12,5,7,2.4,1,9,吉井章,56,ダ,1600,不
2021100554,レベリオス,2024-04-22,大井,5,3歳12 13,14,8,14,3.2,2,1,吉井章,56,ダ,1400,稍
2021100554,レベリオス,2024-04-08,大井,5,3歳11 12,15,4,6,11.9,4,2,吉井章,56,ダ,1200,重
2021100740,アイビーサムライオ,2026-09-03,大井,10,オフトひたちなか賞競(B2),11,7,8,1.9,1,1,笹川翼,56,ダ,1600,良
2021100740,アイビーサムライオ,2026-08-12,大井,10,トゥインクルバースデ(B3),14,6,10,2.3,1,2,笹川翼,56,ダ,1600,不
2021100740,アイビーサムライオ,2026-02-16,大井,8,ダイヤモンドダスト賞(B2),13,6,8,7.1,4,4,石川倭,56,ダ,1600,良
2021100740,アイビーサムライオ,2025-11-10,大井,12,神明坂賞競走(B3),13,4,5,1.2,1,1,笹川翼,56,ダ,1600,稍
2021100740,アイビーサムライオ,2025-10-20,大井,11,土器坂賞競走(B3),16,5,10,1.2,1,1,笹川翼,56,ダ,1600,稍
2021100740,アイビーサムライオ,2025-09-18,大井,8,ブルー・ムーン賞(C1三),10,8,10,1.1,1,1,笹川翼,56,ダ,1600,良
2021100740,アイビーサムライオ,2025-05-22,大井,12,しし座特別競走(C1C2),14,5,7,1.2,1,1,笹川翼,57,ダ,1650,良
2021100740,アイビーサムライオ,2025-04-18,大井,6,C2三 四五(C2四),13,8,13,1.0,1,1,笹川翼,56,ダ,1600,良
2021100740,アイビーサムライオ,2025-03-26,大井,5,C2八 九十(C2九),14,1,1,1.9,1,1,小野楓馬,56,ダ,1600,良
2021100740,アイビーサムライオ,2024-12-26,大井,10,冬野特別競走(C2),15,4,7,1.5,1,2,笹川翼,56,ダ,1800,良
2021100740,アイビーサムライオ,2024-12-06,大井,3,しながわ水族館賞(3歳二),10,5,5,1.1,1,1,笹川翼,56,ダ,1600,良
2021100740,アイビーサムライオ,2024-10-23,門別,5,3歳以上C3ー2C4,10,6,6,1.2,1,1,石川倭,57,ダ,1800,不
2021100740,アイビーサムライオ,2024-10-08,門別,4,3歳以上C4ー3,12,6,8,1.7,1,1,石川倭,57,ダ,1700,稍
2021100740,アイビーサムライオ,2024-09-03,川崎,8,セプテンバーフラワー(3歳C1),7,2,2,4.5,3,3,木幡巧也,56,ダ,1600,重
2021100740,アイビーサムライオ,2024-07-13,福島,3,3歳未勝利,15,3,5,18.0,6,7,木幡巧也,57,ダ,1700,重
2021100740,アイビーサムライオ,2024-04-13,中山,2,3歳未勝利,12,7,10,14.7,5,11,木幡巧也,57,ダ,1800,良
2021100740,アイビーサムライオ,2024-03-30,中山,3,3歳未勝利,14,6,10,4.2,3,8,木幡巧也,57,ダ,1800,重
2021100740,アイビーサムライオ,2024-01-13,中山,4,3歳新馬,15,3,6,3.2,2,中,木幡巧也,57,ダ,1800,良
2021100808,マルヨリヴィエラ,2026-03-23,大井,1,C3九,11,2,2,65.7,7,2,菅原涼太,54,ダ,1200,良
2021100808,マルヨリヴィエラ,2026-03-09,大井,1,C3九,14,6,9,37.3,6,9,中山遥人,53,ダ,1200,稍
2021100808,マルヨリヴィエラ,2026-02-19,大井,3,C3一,14,4,6,241.4,10,11,中山遥人,52,ダ,1800,良
2021100808,マルヨリヴィエラ,2026-01-30,大井,1,C3 選抜牝馬,12,8,12,206.4,11,11,菅原涼太,54,ダ,1400,良
2021100808,マルヨリヴィエラ,2026-01-12,大井,3,C3八 九,15,6,11,31.0,7,7,中山遥人,52,ダ,1200,良
2021100808,マルヨリヴィエラ,2025-12-24,大井,1,C3三,10,4,4,124.3,9,5,小野俊斗,51,ダ,1400,重
2021100808,マルヨリヴィエラ,2025-12-01,大井,1,C3三,13,2,2,201.2,12,10,小野俊斗,51,ダ,1200,良
2021100808,マルヨリヴィエラ,2025-11-13,大井,2,C3三 四,14,4,5,97.6,10,8,中山遥人,51,ダ,1200,稍
2021100808,マルヨリヴィエラ,2025-10-20,大井,2,C3三 四,12,6,8,44.9,9,7,岡村健司,54,ダ,1200,稍
2021100808,マルヨリヴィエラ,2025-10-06,大井,4,C3三 四五(C3四),10,4,4,65.1,8,10,小野俊斗,51,ダ,1400,良
2021100808,マルヨリヴィエラ,2025-09-16,大井,2,C3三 四五(C3四),8,2,2,143.8,8,4,小野俊斗,51,ダ,1400,稍
2021100808,マルヨリヴィエラ,2025-09-01,大井,1,C3五 六,12,2,2,43.5,6,6,中山遥人,51,ダ,1600,良
2021100808,マルヨリヴィエラ,2025-08-10,大井,1,C3 選抜牝馬,11,4,4,95.5,10,11,千田洋,54,ダ,1400,不
2021100808,マルヨリヴィエラ,2025-07-15,大井,1,C3六 七,13,4,4,35.1,9,8,千田洋,54,ダ,1600,稍
2021100808,マルヨリヴィエラ,2025-07-04,大井,1,C3一 二,11,7,8,105.8,10,10,高橋優,51,ダ,1600,良
2021100808,マルヨリヴィエラ,2025-06-12,大井,1,C3三 四,11,6,7,29.8,7,5,岡村健司,54,ダ,1600,重
2021100808,マルヨリヴィエラ,2025-05-22,大井,2,C3一 二,12,2,2,32.3,7,12,千田洋,54,ダ,1200,良
2021100808,マルヨリヴィエラ,2025-04-29,大井,2,C3四 五,14,2,2,21.7,9,6,菅原涼太,54,ダ,1200,不
2021100808,マルヨリヴィエラ,2025-04-15,大井,1,C3四 五,10,8,11,10.0,3,8,菅原涼太,54,ダ,1600,重
2021100808,マルヨリヴィエラ,2025-03-24,大井,1,C3八,12,8,12,4.2,3,1,野畑凌,54,ダ,1200,良
2021100808,マルヨリヴィエラ,2025-03-10,大井,1,C3八,16,5,10,57.1,8,5,野畑凌,54,ダ,1200,重
2021100808,マルヨリヴィエラ,2025-02-18,大井,1,C3七 八,16,3,6,162.2,13,13,東原悠善,54,ダ,1200,良
2021100808,マルヨリヴィエラ,2025-01-27,大井,1,C3十,12,3,3,43.3,5,2,東原悠善,54,ダ,1200,良
2021100808,マルヨリヴィエラ,2025-01-13,大井,2,C3十 11,12,2,2,155.0,10,6,東原悠善,54,ダ,1200,稍
2021100808,マルヨリヴィエラ,2024-12-26,大井,1,3歳五 六,10,7,7,107.5,7,8,東原悠善,54,ダ,1400,良
2021100808,マルヨリヴィエラ,2024-12-04,大井,1,3歳六,12,5,5,58.3,10,5,東原悠善,54,ダ,1200,良
2021100808,マルヨリヴィエラ,2024-11-04,大井,1,3歳五 六,11,3,3,245.6,11,6,東原悠善,54,ダ,1400,稍
2021100808,マルヨリヴィエラ,2024-10-16,大井,3,あだワンCMグランプ(3歳),11,7,8,143.7,11,9,東原悠善,54,ダ,1200,良
2021100808,マルヨリヴィエラ,2024-07-08,大井,4,3歳11 12,10,7,8,95.4,9,8,田中洸多,51,ダ,1400,稍
2021100808,マルヨリヴィエラ,2024-06-03,大井,3,3歳13 14,13,8,12,276.5,13,11,高橋優,51,ダ,1200,重
2021100808,マルヨリヴィエラ,2024-05-13,大井,4,3歳13 14,14,4,6,112.0,13,14,高橋優,51,ダ,1200,不
2021100808,マルヨリヴィエラ,2024-04-22,大井,3,3歳14 15,10,4,4,147.2,9,9,高橋優,51,ダ,1400,稍
2021100808,マルヨリヴィエラ,2024-04-08,大井,2,3歳 選抜牝馬,10,6,6,237.0,9,9,高橋優,51,ダ,1400,重
2021100808,マルヨリヴィエラ,2024-03-18,大井,3,3歳12 13,14,3,4,443.5,13,10,高野誠毅,54,ダ,1400,良
2021100808,マルヨリヴィエラ,2024-02-26,大井,1,3歳11 12,10,6,7,35.8,6,7,菅原涼太,53,ダ,1400,重
2021100808,マルヨリヴィエラ,2024-02-12,大井,4,九品仏川賞(3歳),13,8,13,257.4,13,9,千田洋,54,ダ,1200,稍
2021100808,マルヨリヴィエラ,2024-01-22,大井,4,3歳12 13,13,6,8,500.5,13,11,田中洸多,51,ダ,1200,不
2021100808,マルヨリヴィエラ,2023-12-27,大井,3,2歳 選抜牝馬,13,2,2,169.3,13,12,田中洸多,51,ダ,1200,良
2021100808,マルヨリヴィエラ,2023-12-04,大井,6,2歳 選抜牝馬,12,3,3,236.9,11,11,田中洸多,51,ダ,1400,良
2021100808,マルヨリヴィエラ,2023-11-13,大井,2,2歳九 十,14,6,9,189.8,11,12,田中洸多,51,ダ,1200,良
2021100808,マルヨリヴィエラ,2023-10-30,大井,2,2歳 選抜牝馬,10,3,3,128.4,8,9,田中洸多,51,ダ,1200,良
2021100808,マルヨリヴィエラ,2023-06-09,大井,6,2歳 新馬,5,2,2,66.7,5,5,木澤奨,51,ダ,1200,不
2021100898,テンドウ,2026-09-03,大井,10,オフトひたちなか賞競(B2),11,5,5,39.1,7,7,Ｆ．ゴン,56,ダ,1600,良
2021100898,テンドウ,2026-07-22,大井,9,アメリカンアンバサダ(B2),7,1,1,18.0,5,4,吉原寛人,56,ダ,1600,良
2021100898,テンドウ,2026-06-29,大井,10,B2四,11,8,11,33.3,5,6,御神本訓,56,ダ,1400,不
2021100898,テンドウ,2026-06-08,大井,11,ゲンマ賞競走(B2),16,4,8,61.3,10,9,笹川翼,56,ダ,1200,不
2021100898,テンドウ,2025-12-31,大井,12,おおとり賞競走(B2),16,8,15,13.8,7,15,笹川翼,56,ダ,1200,稍
2021100898,テンドウ,2025-10-06,大井,9,ミザール賞競走(B2),12,6,7,3.1,1,3,笹川翼,56,ダ,1400,良
2021100898,テンドウ,2025-09-16,大井,11,長月賞競走(B2),11,6,7,4.7,3,2,笹川翼,56,ダ,1400,稍
2021100898,テンドウ,2025-08-11,大井,7,エバ・グリーン賞(B2),11,8,11,14.4,4,3,御神本訓,56,ダ,1200,不
2021100898,テンドウ,2025-07-14,大井,11,デネブ賞競走(B2),13,4,5,4.7,2,13,西啓太,56,ダ,1200,稍
2021100898,テンドウ,2025-07-03,大井,10,小石川賞競走(B2),10,8,10,5.7,3,2,笹川翼,56,ダ,1200,良
2021100898,テンドウ,2025-06-13,大井,11,スポーツ報知賞競走(B2),14,6,10,6.5,3,10,笹川翼,56,ダ,1200,稍
2021100898,テンドウ,2024-12-03,大井,12,九段坂賞競走(B3),16,5,9,1.4,1,1,笹川翼,56,ダ,1400,良
2021100898,テンドウ,2024-11-05,大井,11,神明坂賞競走(B3),15,6,11,3.8,2,2,笹川翼,56,ダ,1400,稍
2021100898,テンドウ,2024-10-04,大井,7,C1二 三四(C1三),14,4,5,3.4,2,1,笹川翼,55,ダ,1200,稍
2021100898,テンドウ,2024-08-03,新潟,8,3歳以上1勝クラス,15,6,11,6.6,3,8,和田竜二,56,ダ,1200,良
2021100898,テンドウ,2024-04-28,京都,5,3歳1勝クラス,12,5,5,13.8,5,7,Ｍ．デム,57,ダ,1400,良
2021100898,テンドウ,2024-04-13,阪神,6,3歳1勝クラス,15,4,6,15.5,6,10,松山弘平,57,ダ,1200,良
2021100898,テンドウ,2024-02-04,京都,2,3歳未勝利,11,8,10,3.8,2,1,松山弘平,57,ダ,1200,良
2021100898,テンドウ,2024-01-13,京都,1,3歳未勝利,16,2,4,3.4,2,3,松山弘平,57,ダ,1200,良
2021100898,テンドウ,2023-12-28,阪神,2,2歳未勝利,14,7,12,21.1,7,4,幸英明,56,芝,1200,良
2021100898,テンドウ,2023-12-10,阪神,3,2歳未勝利,13,7,12,19.1,7,6,Ｍ．デム,56,芝,1200,良
2021100898,テンドウ,2023-10-08,京都,1,2歳未勝利,12,3,3,18.5,8,6,幸英明,56,芝,1200,良
2021100898,テンドウ,2023-09-18,阪神,5,2歳新馬,9,7,7,2.7,1,4,藤岡康太,55,芝,1200,良
2021100938,ビップライアン,2026-08-24,船橋,10,サルビア賞(C2),14,3,3,9.2,5,3,秋元耕成,56,ダ,1600,良
2021100938,ビップライアン,2026-08-04,船橋,12,七福神特別(C2),14,6,10,16.2,3,3,秋元耕成,56,ダ,1600,良
2021100938,ビップライアン,2026-07-13,浦和,8,小川町観光協会賞(C2),12,6,8,3.3,1,4,笹川翼,56,ダ,1400,良
2021100938,ビップライアン,2026-07-02,船橋,5,アヤメスプリント(C2),11,6,7,4.5,2,3,秋元耕成,56,ダ,1200,不
2021100938,ビップライアン,2026-04-29,大井,5,C2七 八九(C2八),11,6,7,5.3,3,4,秋元耕成,56,ダ,1200,稍
2021100938,ビップライアン,2026-02-18,大井,6,C2八 九,16,3,6,11.3,3,4,秋元耕成,56,ダ,1200,稍
2021100938,ビップライアン,2026-01-28,大井,7,C2八 九十(C2九),13,8,12,11.5,4,3,秋元耕成,56,ダ,1200,良
2021100938,ビップライアン,2026-01-14,大井,7,C2十 11,12,8,11,9.2,3,3,秋元耕成,56,ダ,1200,良
2021100938,ビップライアン,2025-12-29,大井,6,C2九 十11(C2十),14,2,2,9.6,5,2,秋元耕成,56,ダ,1200,重
2021100938,ビップライアン,2025-12-03,大井,8,モンタナ賞(C2十),15,6,10,77.5,9,2,秋元耕成,56,ダ,1200,良
2021100938,ビップライアン,2025-11-12,大井,4,C2九 十11(C2十),13,8,12,208.0,12,8,秋元耕成,56,ダ,1600,稍
2021100938,ビップライアン,2025-10-22,大井,8,ホーセズ・ネック賞(C2九),14,6,9,353.4,13,12,秋元耕成,56,ダ,1400,重
2021100938,ビップライアン,2025-10-07,大井,5,C211 1213(C212),13,8,13,175.0,11,10,秋元耕成,56,ダ,1600,良
2021100938,ビップライアン,2025-09-16,大井,12,くじら座特別競走(C2),14,5,8,175.8,11,13,秋元耕成,56,ダ,2000,稍
2021100938,ビップライアン,2025-05-28,浦和,12,カーネーション特別(C2),12,6,7,52.4,9,11,秋元耕成,56,ダ,2000,良
2021100938,ビップライアン,2025-05-05,船橋,8,こどもの日特別(C2),14,4,5,157.6,9,9,秋元耕成,56,ダ,1600,良
2021100938,ビップライアン,2025-04-23,浦和,12,芝桜特別(C2),12,8,12,10.4,6,11,秋元耕成,56,ダ,2000,稍
2021100938,ビップライアン,2025-03-17,浦和,7,C2三 四,12,7,9,19.2,5,8,秋元耕成,56,ダ,1500,不
2021100938,ビップライアン,2025-02-24,浦和,4,ウマ娘アクリルキーホ(C2),11,4,4,22.9,4,5,秋元耕成,56,ダ,1500,良
2021100938,ビップライアン,2025-02-11,船橋,6,馬い!八丈島レモンを(C2),12,2,2,58.3,11,4,秋元耕成,56,ダ,1500,良
2021100938,ビップライアン,2025-01-07,浦和,12,初夢特別(C2),12,7,9,5.0,2,12,秋元耕成,56,ダ,2000,重
2021100938,ビップライアン,2024-12-25,浦和,8,ディセンバー特別(C2),10,7,8,2.4,1,2,秋元耕成,56,ダ,2000,良
2021100938,ビップライアン,2024-11-20,浦和,6,C2七 八九(C2八),9,6,6,2.7,1,3,秋元耕成,56,ダ,1500,良
2021100938,ビップライアン,2024-10-24,浦和,1,3歳三 選抜馬ア,9,4,4,2.5,1,1,秋元耕成,56,ダ,1400,良
2021100938,ビップライアン,2024-08-24,中京,6,3歳未勝利,16,1,2,35.8,8,11,川須栄彦,57,ダ,1800,良
2021100938,ビップライアン,2024-08-10,中京,6,3歳未勝利,16,4,8,192.5,14,4,川須栄彦,57,ダ,1800,良
2021100938,ビップライアン,2024-06-20,園田,8,JRA交流笠形山特別,9,5,5,9.3,4,5,下原理,56,ダ,1400,稍
2021100938,ビップライアン,2024-05-19,京都,1,3歳未勝利,14,1,1,38.1,8,7,西塚洸二,55,ダ,1400,良
2021100938,ビップライアン,2024-04-21,福島,1,3歳未勝利,16,4,7,85.6,10,6,西塚洸二,55,ダ,1150,良
2021100938,ビップライアン,2024-03-30,阪神,1,3歳未勝利,13,2,2,57.7,7,10,松本大輝,56,ダ,1800,稍
2021100938,ビップライアン,2024-03-16,阪神,2,3歳未勝利,14,3,4,127.4,12,10,和田竜二,57,ダ,1800,良
2021100938,ビップライアン,2024-02-14,姫路,10,JRA交流鉢伏山特別,7,5,5,41.7,6,3,下原理,55,ダ,1500,良
2021100938,ビップライアン,2023-10-15,京都,1,2歳未勝利,9,2,2,124.2,8,9,河原田菜,52,ダ,1400,重
2021100938,ビップライアン,2023-10-07,京都,6,2歳新馬,16,2,3,15.0,5,10,古川吉洋,56,ダ,1800,良
2021100989,ケンアトラス,2026-09-03,大井,11,セプテンバー賞競走(A2B1),9,8,8,9.0,4,2,藤本現暉,57,ダ,1800,良
2021100989,ケンアトラス,2026-08-11,浦和,10,山の日特別(A2B1),8,3,3,3.1,2,2,藤本現暉,57,ダ,1500,良
2021100989,ケンアトラス,2026-07-14,浦和,11,文月特別(A2B1),9,8,8,6.4,3,2,藤本現暉,57,ダ,1500,良
2021100989,ケンアトラス,2026-03-27,大井,11,ブラッドストーン賞競(A2B1),12,8,11,15.6,6,6,藤本現暉,57,ダ,1600,重
2021100989,ケンアトラス,2026-02-26,浦和,11,梅花賞(OP)(4上),13,7,10,11.1,5,3,藤本現暉,54,ダ,1400,不
2021100989,ケンアトラス,2026-01-26,大井,11,ジュエリーアイス賞競(A2B1),9,5,5,13.6,4,2,藤本現暉,57,ダ,1600,良
2021100989,ケンアトラス,2026-01-08,浦和,10,新春賞(A2),8,2,2,2.3,1,2,藤本現暉,55,ダ,1400,良
2021100989,ケンアトラス,2025-12-24,浦和,11,クリスマスイヴ特別(A2),12,6,8,42.4,9,2,小野楓馬,55,ダ,1500,重
2021100989,ケンアトラス,2025-08-19,浦和,11,浦和スプリントオープ(OP)(3上),7,6,6,4.9,3,4,藤本現暉,53,ダ,1400,稍
2021100989,ケンアトラス,2025-07-21,浦和,10,海の日特別(B1B2),7,5,5,2.7,2,1,藤本現暉,55,ダ,1400,良
2021100989,ケンアトラス,2025-06-24,浦和,11,狭山湖特別(B1B2),9,8,9,2.6,1,3,藤本現暉,55,ダ,1400,良
2021100989,ケンアトラス,2025-05-27,浦和,11,早苗月特別(B1B2),11,8,11,13.8,6,2,藤本現暉,55,ダ,1400,良
2021100989,ケンアトラス,2025-04-22,浦和,10,夏初月特別(B1B2),12,4,4,6.0,3,4,野畑凌,55,ダ,1500,良
2021100989,ケンアトラス,2025-02-07,川崎,10,猛虎特別(B2),13,8,14,4.8,2,3,藤本現暉,56,ダ,1600,良
2021100989,ケンアトラス,2025-01-08,浦和,10,初富士特別(B2B3),11,1,1,8.0,5,2,藤本現暉,57,ダ,1400,重
2021100989,ケンアトラス,2024-12-23,浦和,11,暮来月特別(B3),12,5,6,10.5,4,1,藤本現暉,56,ダ,1400,良
2021100989,ケンアトラス,2024-08-20,浦和,12,鳳仙花特別(B2B3),8,7,7,9.1,5,6,藤本現暉,54,ダ,2000,重
2021100989,ケンアトラス,2024-07-16,浦和,11,七夕月特別(B2B3),11,6,6,5.5,3,4,藤本現暉,54,ダ,1500,重
2021100989,ケンアトラス,2024-06-17,浦和,11,円良田湖特別(B2B3),9,2,2,2.1,1,4,藤本現暉,53,ダ,1400,良
2021100989,ケンアトラス,2024-05-22,浦和,8,ポピー特別(3歳),12,6,7,9.0,5,1,藤本現暉,57,ダ,1400,重
2021100989,ケンアトラス,2024-05-06,川崎,6,不如帰特別(3歳),12,8,11,47.2,8,3,藤本現暉,56,ダ,1600,良
2021100989,ケンアトラス,2024-04-17,浦和,11,’24アヴニール賞(OP)(3歳),10,4,4,39.2,7,8,藤本現暉,54,ダ,1400,良
2021100989,ケンアトラス,2024-03-27,浦和,5,幸手権現堂桜堤賞(3歳),10,6,6,3.6,1,1,藤本現暉,56,ダ,1500,重
2021100989,ケンアトラス,2023-12-21,浦和,6,若潮特別(2歳),10,5,5,66.3,10,7,町田直希,55,ダ,1500,良
2021100989,ケンアトラス,2023-11-21,浦和,4,2歳二,11,8,10,7.7,5,6,福原杏,55,ダ,1400,良
2021100989,ケンアトラス,2023-08-10,浦和,4,2歳二,8,7,7,3.5,2,1,笹川翼,54,ダ,1400,重
2021100989,ケンアトラス,2023-07-18,浦和,4,ドリームチャレンジ(2歳),6,6,6,4.1,3,2,笹川翼,54,ダ,800,良
2021101029,ジャズスマイル,2026-03-26,大井,10,C1六 七,14,8,13,8.2,5,10,鷹見陸,56,ダ,1200,不
2021101029,ジャズスマイル,2025-12-31,大井,9,リマンドタイコウ賞(C1五),12,2,2,5.0,2,4,笹川翼,56,ダ,1200,稍
2021101029,ジャズスマイル,2025-12-04,大井,8,プース・カフェ賞(C1三),13,2,2,3.8,2,11,笹川翼,56,ダ,1400,良
2021101029,ジャズスマイル,2025-11-12,大井,8,フィフス・アベニュー(C1四),14,6,9,3.6,3,6,笹川翼,56,ダ,1400,稍
2021101029,ジャズスマイル,2025-10-24,大井,12,錦秋特別競走(C1三),14,5,7,2.1,1,2,笹川翼,56,ダ,1200,重
2021101029,ジャズスマイル,2025-10-09,大井,9,C1六 七,14,4,6,1.6,1,3,笹川翼,56,ダ,1200,良
2021101029,ジャズスマイル,2025-07-17,大井,6,C2二 三四(C2三),10,3,3,1.5,1,1,笹川翼,56,ダ,1200,重
2021101029,ジャズスマイル,2025-07-03,大井,6,C2三 四五(C2四),10,7,9,1.8,1,1,笹川翼,56,ダ,1200,良
2021101029,ジャズスマイル,2025-06-13,大井,7,C2二 三四(C2三),14,6,9,2.2,1,3,野畑凌,56,ダ,1200,稍
2021101029,ジャズスマイル,2025-05-23,大井,4,C2三 四五(C2四),11,1,1,28.2,6,1,野畑凌,56,ダ,1200,良
2021101029,ジャズスマイル,2025-02-20,大井,7,C2九 十,11,3,3,6.0,2,2,野畑凌,56,ダ,1200,良
2021101029,ジャズスマイル,2025-01-29,大井,7,C2十 11,14,8,13,29.9,8,4,野畑凌,56,ダ,1200,良
2021101029,ジャズスマイル,2025-01-14,大井,8,C211 1213(C212),14,4,5,7.3,3,13,野畑凌,56,ダ,1400,稍
2021101029,ジャズスマイル,2024-12-29,大井,2,3歳三 四,14,7,11,3.3,2,1,野畑凌,56,ダ,1200,良
2021101029,ジャズスマイル,2024-12-05,大井,3,3歳四 五,14,4,5,7.6,4,3,野畑凌,56,ダ,1200,良
2021101029,ジャズスマイル,2024-11-04,大井,1,3歳五 六,11,4,4,14.2,4,2,野畑凌,56,ダ,1400,稍
2021101029,ジャズスマイル,2024-06-24,大井,2,3歳13 14,12,7,10,5.3,3,8,笹川翼,56,ダ,1400,重
2021101029,ジャズスマイル,2024-06-03,大井,2,3歳13 14,13,8,12,4.2,3,6,野畑凌,56,ダ,1400,重
2021101029,ジャズスマイル,2024-05-13,大井,4,3歳13 14,14,5,8,6.9,5,4,藤田凌,56,ダ,1200,不
2021101029,ジャズスマイル,2024-04-22,大井,4,3歳14 15,15,5,9,8.9,4,6,藤田凌,56,ダ,1200,稍
2021101061,インヘリタンスエス,2026-07-22,大井,2,C3四 五,16,3,6,9.8,3,14,菅原涼太,56,ダ,1200,良
2021101061,インヘリタンスエス,2026-07-03,大井,2,C3一 二,14,3,4,20.4,8,4,菅原涼太,56,ダ,1200,不
2021101061,インヘリタンスエス,2026-05-20,大井,3,C3一 二三(C3二),14,4,6,16.2,5,5,菅原涼太,56,ダ,1200,良
2021101061,インヘリタンスエス,2026-04-29,大井,2,C3二 三,13,6,9,7.1,4,5,菅原涼太,56,ダ,1200,稍
2021101061,インヘリタンスエス,2026-03-26,大井,3,C3二 三四(C3三),14,5,7,24.9,6,5,菅原涼太,56,ダ,1200,不
2021101061,インヘリタンスエス,2026-02-19,大井,1,C3二 三,16,7,14,42.8,12,5,菅原涼太,56,ダ,1200,良
2021101061,インヘリタンスエス,2026-01-16,大井,2,C3二 三,16,2,4,34.7,11,14,菅原涼太,56,ダ,1200,良
2021101061,インヘリタンスエス,2025-12-25,大井,9,C215 1617(C216),14,5,7,11.4,7,4,菅原涼太,56,ダ,1200,重
2021101061,インヘリタンスエス,2025-12-03,大井,2,C3一 二,13,4,5,8.6,5,1,菅原涼太,56,ダ,1200,良
2021101061,インヘリタンスエス,2025-11-14,大井,2,C3一 二,12,3,3,12.1,6,9,張田昂,56,ダ,1200,稍
2021101061,インヘリタンスエス,2025-07-01,大井,8,カイピリーニャ賞(C2十),14,5,8,33.5,7,6,藤田凌,56,ダ,1400,良
2021101061,インヘリタンスエス,2025-05-19,大井,7,C212 1314(C213),13,3,3,8.0,4,9,藤田凌,56,ダ,1400,重
2021101061,インヘリタンスエス,2025-04-28,大井,10,C212 1314(C213),11,2,2,6.3,2,3,藤田凌,56,ダ,1400,稍
2021101061,インヘリタンスエス,2025-04-14,大井,9,C214 1516(C215),14,7,12,22.6,5,7,藤田凌,56,ダ,1400,不
2021101061,インヘリタンスエス,2025-03-10,大井,8,C214 1516(C215),13,7,10,4.2,2,4,藤田凌,56,ダ,1400,重
2021101061,インヘリタンスエス,2025-02-17,大井,6,C215 1617(C216),14,4,5,4.8,3,3,藤田凌,56,ダ,1400,良
2021101061,インヘリタンスエス,2025-01-30,大井,1,C3一 二,14,7,12,64.3,9,5,阿部龍,56,ダ,1200,良
2021101061,インヘリタンスエス,2025-01-15,大井,2,C3二 三,16,3,5,96.4,10,6,阿部龍,56,ダ,1200,良
2021101061,インヘリタンスエス,2024-12-30,大井,3,3歳一 二,14,3,4,29.6,6,6,阿部龍,56,ダ,1200,良
2021101061,インヘリタンスエス,2024-12-06,大井,4,国際都市しながわ賞(3歳二),14,6,10,25.8,8,5,藤田凌,56,ダ,1400,良
2021101061,インヘリタンスエス,2024-11-06,大井,2,3歳一 二,14,2,2,39.0,7,8,菅原涼太,56,ダ,1200,稍
2021101061,インヘリタンスエス,2024-10-18,大井,2,夢と誇りあるふるさと(3歳),14,2,2,23.8,6,10,菅原涼太,56,ダ,1200,良
2021101061,インヘリタンスエス,2024-10-01,大井,7,3歳11 12,14,6,10,7.6,4,4,菅原涼太,56,ダ,1200,良
2021101061,インヘリタンスエス,2024-04-20,東京,2,3歳未勝利,16,8,15,35.4,9,11,長浜鴻緒,54,ダ,1300,良
2021101061,インヘリタンスエス,2024-03-10,中山,2,3歳未勝利,16,2,3,5.2,3,9,武士沢友,57,ダ,1200,稍
2021101061,インヘリタンスエス,2024-02-24,中山,3,3歳未勝利,16,4,8,42.7,10,4,武士沢友,57,ダ,1200,稍
2021101061,インヘリタンスエス,2023-12-17,中山,3,2歳未勝利,16,8,15,54.1,7,6,武士沢友,56,ダ,1200,良
2021101061,インヘリタンスエス,2023-11-25,東京,2,2歳未勝利,18,2,3,65.7,10,16,武士沢友,56,芝,1400,良
2021101061,インヘリタンスエス,2023-11-05,東京,6,2歳新馬,18,6,12,109.3,14,5,武士沢友,56,芝,1400,良
2021101069,マジックオブラブ,2026-06-09,大井,9,団子坂賞競走(B3),14,5,7,7.2,4,1,本田正重,56,ダ,1200,不
2021101069,マジックオブラブ,2026-05-21,大井,7,C1二 三四(C1三),11,7,9,5.2,3,1,本田正重,56,ダ,1200,稍
2021101069,マジックオブラブ,2025-08-14,大井,10,へびつかい座特別競走(C1三),16,7,13,10.9,4,2,本田正重,56,ダ,1200,良
2021101069,マジックオブラブ,2025-07-17,大井,8,スローテキーラ賞(C1二),8,4,4,17.9,6,2,本田正重,56,ダ,1200,重
2021101069,マジックオブラブ,2025-03-14,大井,9,がんばれ!関東の酪農(C1四),13,5,7,12.3,5,8,鷹見陸,55,ダ,1200,稍
2021101069,マジックオブラブ,2025-02-19,大井,8,C1三 四五(C1四),12,1,1,12.6,3,6,笹川翼,56,ダ,1200,良
2021101069,マジックオブラブ,2025-01-31,大井,10,C1二 三四(C1三),13,5,7,8.3,5,3,鷹見陸,56,ダ,1200,良
2021101069,マジックオブラブ,2024-10-17,大井,12,野菊特別競走(C1四),11,1,1,18.9,6,9,本田正重,56,ダ,1200,良
2021101069,マジックオブラブ,2024-10-04,大井,7,C1二 三四(C1三),14,3,4,14.7,6,6,本田正重,55,ダ,1200,稍
2021101069,マジックオブラブ,2024-09-13,大井,8,C1三 四五(C1四),14,6,10,12.3,6,5,本田正重,55,ダ,1200,良
2021101069,マジックオブラブ,2024-08-15,大井,10,C1二 三四(C1三),14,2,2,8.1,3,6,本田正重,55,ダ,1200,良
2021101069,マジックオブラブ,2024-07-10,大井,9,フォーチュネイトあさ(C13歳),11,3,3,7.5,4,2,本田正重,57,ダ,1200,良
2021101069,マジックオブラブ,2024-06-28,大井,3,3歳一 二三(3歳二),9,8,9,3.7,2,6,西啓太,56,ダ,1200,不
2021101069,マジックオブラブ,2024-06-07,大井,3,3歳一 二三(3歳二),13,8,13,5.6,2,3,西啓太,56,ダ,1200,良
2021101069,マジックオブラブ,2024-05-17,大井,4,3歳一 二三(3歳二),16,6,11,14.3,6,6,西啓太,56,ダ,1200,稍
2021101069,マジックオブラブ,2024-04-26,大井,3,3歳一 二三(3歳二),11,8,10,5.3,3,4,西啓太,56,ダ,1200,重
2021101069,マジックオブラブ,2024-04-12,大井,6,3歳一 二三(3歳二),12,7,9,5.8,3,3,西啓太,56,ダ,1200,重
2021101069,マジックオブラブ,2024-03-22,大井,10,アザレア特別競走(3歳二),16,5,9,18.1,4,5,石崎駿,56,ダ,1200,良
2021101069,マジックオブラブ,2024-01-26,大井,4,3歳二 三,14,1,1,13.4,3,6,笹川翼,56,ダ,1200,稍
2021101069,マジックオブラブ,2023-12-30,大井,5,2歳一 二三(2歳二),15,5,8,11.6,4,4,桑村真明,55,ダ,1200,良
2021101069,マジックオブラブ,2023-12-08,大井,1,しながわデー開催賞(2歳),12,4,4,12.2,4,6,桑村真明,55,ダ,1400,良
2021101069,マジックオブラブ,2023-08-06,新潟,8,ダリア賞(OP),8,3,3,84.5,7,8,笹川翼,55,芝,1400,良
2021101069,マジックオブラブ,2023-06-08,大井,3,2歳一,7,6,6,1.7,1,2,御神本訓,54,ダ,1200,稍
2021101069,マジックオブラブ,2023-05-12,大井,3,2歳 新馬,6,1,1,2.8,2,1,御神本訓,54,ダ,1000,良
2021101073,クロームウルフ,2026-04-10,川崎,12,ファイナルアンサー賞(B3),11,8,10,11.6,5,2,山林堂信,56,ダ,1500,不
2021101073,クロームウルフ,2026-03-06,川崎,9,3月22日は「ばんえ(B3),11,8,10,28.1,7,9,山林堂信,56,ダ,1400,稍
2021101073,クロームウルフ,2026-02-04,川崎,9,雪化粧特別(B3),14,5,8,80.8,11,10,山林堂信,56,ダ,1500,良
2021101073,クロームウルフ,2026-01-01,川崎,8,一富士賞(B3),14,4,5,7.5,3,9,山林堂信,56,ダ,1500,稍
2021101073,クロームウルフ,2025-12-19,川崎,11,今野忠成・山崎誠士引(B3),12,1,1,8.1,4,3,山林堂信,56,ダ,1500,稍
2021101073,クロームウルフ,2025-11-17,川崎,9,七竈賞(B3),14,4,5,16.7,5,8,山林堂信,56,ダ,1500,良
2021101073,クロームウルフ,2025-10-16,川崎,5,大太刀賞(C1二),13,6,9,3.7,2,2,山林堂信,56,ダ,1600,重
2021101073,クロームウルフ,2025-10-02,船橋,12,グリーンチャンネル開(C1),13,7,11,11.4,7,7,山林堂信,56,ダ,1800,稍
2021101073,クロームウルフ,2025-09-12,川崎,9,軍配賞(C1二),13,2,2,4.4,2,4,山林堂信,56,ダ,1500,重
2021101073,クロームウルフ,2025-08-25,川崎,7,C1三 四五(C1四),11,5,5,5.6,3,1,山林堂信,56,ダ,1500,良
2021101073,クロームウルフ,2025-03-06,川崎,7,メッシーナ賞(C1二),12,4,4,26.5,6,10,山林堂信,56,ダ,1500,不
2021101073,クロームウルフ,2025-02-07,川崎,9,立山賞(C1二),14,2,2,68.1,10,4,町田直希,56,ダ,1500,良
2021101073,クロームウルフ,2025-01-04,川崎,12,かずのこ賞(C1二),11,8,10,61.8,9,7,町田直希,56,ダ,1500,良
2021101073,クロームウルフ,2024-12-10,川崎,12,蝦蛄葉仙人掌賞(C1),11,4,4,14.1,3,4,町田直希,56,ダ,1500,良
2021101073,クロームウルフ,2024-11-15,川崎,9,タレイア賞(C1),13,6,9,12.4,5,10,野畑凌,56,ダ,2000,稍
2021101073,クロームウルフ,2024-10-24,浦和,8,HBA日高軽種馬農業(C1),12,7,10,9.1,4,3,野畑凌,56,ダ,1500,良
2021101073,クロームウルフ,2024-10-09,川崎,7,雪ノ下賞(C1),13,5,6,8.6,4,10,新原周馬,56,ダ,1500,不
2021101073,クロームウルフ,2024-09-04,川崎,9,葡萄賞(C1五),14,3,4,15.9,8,3,新原周馬,55,ダ,1500,重
2021101073,クロームウルフ,2024-04-04,川崎,12,頬白特別(3歳),11,2,2,3.7,2,2,町田直希,56,ダ,1500,重
2021101073,クロームウルフ,2024-03-11,川崎,6,連翹賞(3歳),10,7,7,30.6,5,4,櫻井光輔,56,ダ,1500,良
2021101073,クロームウルフ,2024-02-01,川崎,7,フェブラリーフラワー(3歳),12,3,3,46.0,8,7,野畑凌,56,ダ,1500,良
2021101073,クロームウルフ,2024-01-01,川崎,11,初夢賞(3歳),9,4,4,97.1,9,4,町田直希,56,ダ,1600,良
2021101073,クロームウルフ,2023-12-12,川崎,10,川崎ジュニアOP(OP)(2歳),11,4,4,56.4,10,7,町田直希,55,ダ,1600,稍
2021101073,クロームウルフ,2023-11-06,川崎,4,ショウリョウバッタ賞(2歳),8,1,1,7.0,3,1,町田直希,55,ダ,1400,良
2021101073,クロームウルフ,2023-10-09,川崎,1,2歳6,10,7,7,8.6,5,2,櫻井光輔,55,ダ,1400,不
2021101073,クロームウルフ,2023-09-12,川崎,1,2歳6,5,2,2,,,取,櫻井光輔,54,ダ,1400,良
2021101073,クロームウルフ,2023-08-25,川崎,6,スパーキングデビュー(2歳),6,4,4,13.9,4,4,櫻井光輔,54,ダ,1400,良
2021101080,コロラドフォンテン,2026-09-02,大井,6,C2六 七,14,3,3,16.2,7,7,杉山海波,53,ダ,1600,良
2021101080,コロラドフォンテン,2026-08-14,大井,3,C2六 七八(C2七),13,6,8,8.3,5,6,杉山海波,53,ダ,1600,不
2021101080,コロラドフォンテン,2026-07-21,大井,6,C2九 十,13,5,7,6.6,4,2,杉山海波,53,ダ,1600,良
2021101080,コロラドフォンテン,2026-07-02,大井,6,C2六 七,12,3,4,6.3,4,4,杉山海波,53,ダ,1600,不
2021101080,コロラドフォンテン,2026-06-11,大井,6,C2六 七八(C2七),9,2,2,17.1,5,4,杉山海波,53,ダ,1600,稍
2021101080,コロラドフォンテン,2026-05-20,大井,6,C2六 七八(C2七),12,7,10,16.6,5,4,杉山海波,53,ダ,1600,良
2021101080,コロラドフォンテン,2026-04-29,大井,3,C2七 八九(C2八),13,8,13,15.0,4,8,杉山海波,53,ダ,1600,稍
2021101080,コロラドフォンテン,2026-04-14,大井,4,C2十 1112(C211),12,7,10,13.8,7,5,杉山海波,53,ダ,1600,良
2021101080,コロラドフォンテン,2025-12-05,大井,8,子どもの未来応援賞(C2三),13,3,3,16.8,4,5,中村尚平,56,ダ,1600,良
2021101080,コロラドフォンテン,2025-11-13,大井,8,イエロー・パロット賞(C2),14,6,10,73.5,10,4,中村尚平,56,ダ,1600,稍
2021101080,コロラドフォンテン,2025-06-13,大井,5,C2二 三四(C2三),13,7,11,23.4,5,4,達城龍次,56,ダ,1600,稍
2021101080,コロラドフォンテン,2025-05-23,大井,2,C2三 四五(C2四),14,1,1,17.0,5,5,江里口裕,56,ダ,1600,良
2021101080,コロラドフォンテン,2025-05-02,大井,6,C2二 三四(C2三),14,5,7,27.5,9,3,江里口裕,56,ダ,1600,不
2021101080,コロラドフォンテン,2025-03-14,大井,5,C2三 四五(C2四),10,3,3,13.9,3,3,江里口裕,56,ダ,1600,稍
2021101080,コロラドフォンテン,2025-02-20,大井,8,C2七 八,13,5,8,13.8,5,2,江里口裕,56,ダ,1600,良
2021101080,コロラドフォンテン,2025-01-30,大井,6,C2五 六七(C2六),14,6,10,217.3,12,7,江里口裕,56,ダ,1600,良
2021101080,コロラドフォンテン,2024-12-30,大井,5,C2六 七,14,3,3,43.9,9,10,江里口裕,56,ダ,1600,良
2021101080,コロラドフォンテン,2024-08-17,大井,5,3歳一 二三(3歳二),10,7,7,4.1,2,6,江里口裕,56,ダ,1600,重
2021101080,コロラドフォンテン,2024-08-16,大井,5,3歳一 二三(3歳二),,7,7,,,,江里口裕,56,ダ,1600,
2021101080,コロラドフォンテン,2024-07-11,大井,1,3歳四 五六(3歳五),14,6,9,10.8,4,2,江里口裕,56,ダ,1600,良
2021101080,コロラドフォンテン,2024-06-05,大井,1,3歳四 五六(3歳五),13,7,10,22.6,5,10,江里口裕,56,ダ,1600,稍
2021101080,コロラドフォンテン,2024-05-16,大井,3,3歳四 五六(3歳五),12,6,9,37.2,8,4,石川駿介,56,ダ,1600,不
2021101080,コロラドフォンテン,2024-04-23,大井,5,3歳七 八九(3歳八),10,8,9,6.6,4,2,江里口裕,56,ダ,1600,稍
2021101080,コロラドフォンテン,2024-03-21,大井,3,3歳六 七,14,4,6,46.2,9,6,江里口裕,56,ダ,1600,良
2021101080,コロラドフォンテン,2024-02-12,大井,5,3歳九 十,13,5,7,9.1,6,2,江里口裕,56,ダ,1400,稍
2021101080,コロラドフォンテン,2023-12-28,大井,3,2歳六 七,10,1,1,47.6,6,6,江里口裕,55,ダ,1400,良
2021101080,コロラドフォンテン,2023-12-09,大井,3,2歳 新馬,9,6,6,28.9,6,2,江里口裕,55,ダ,1400,良
2021101080,コロラドフォンテン,2023-12-05,大井,3,2歳 新馬,,6,6,,,,江里口裕,55,ダ,1400,良
2021101217,ファインスカート,2026-09-01,大井,2,C3三 四,14,3,3,79.6,10,7,小野俊斗,51,ダ,1200,良
2021101217,ファインスカート,2026-08-16,大井,2,C3三 四,13,7,10,48.7,9,9,岡村健司,54,ダ,1200,重
2021101217,ファインスカート,2026-07-22,大井,2,C3四 五,16,1,1,127.0,14,6,岡村健司,54,ダ,1200,良
2021101217,ファインスカート,2026-07-03,大井,2,C3一 二,14,6,10,137.4,11,13,藤本現暉,54,ダ,1200,不
2021101217,ファインスカート,2026-06-11,大井,2,C3一 二,13,3,3,47.2,8,9,藤本現暉,54,ダ,1200,稍
2021101217,ファインスカート,2026-05-20,大井,3,C3一 二三(C3二),14,1,1,81.7,11,7,藤本現暉,54,ダ,1200,良
2021101217,ファインスカート,2026-04-28,大井,2,C3四 五,13,5,7,64.5,6,5,Ｅ．シャ,54,ダ,1200,不
2021101217,ファインスカート,2026-04-16,大井,3,C3一 二三(C3二),11,8,10,94.6,9,7,西優哉,51,ダ,1200,不
2021101217,ファインスカート,2026-02-18,大井,1,C3四 五,12,4,5,29.3,5,6,本村直樹,54,ダ,1200,稍
2021101217,ファインスカート,2026-01-28,大井,1,C3四 五,12,7,10,25.9,6,5,本村直樹,54,ダ,1200,良
2021101217,ファインスカート,2026-01-14,大井,2,C3四 五,15,4,7,24.7,8,9,本村直樹,54,ダ,1200,良
2021101217,ファインスカート,2025-12-25,大井,9,C215 1617(C216),14,5,8,8.1,5,12,本村直樹,54,ダ,1200,重
2021101217,ファインスカート,2025-11-13,大井,2,C3三 四,14,3,4,14.8,3,1,本村直樹,54,ダ,1200,稍
2021101217,ファインスカート,2025-10-20,大井,2,C3三 四,12,5,5,30.9,8,1,本村直樹,54,ダ,1200,稍
2021101217,ファインスカート,2025-09-16,大井,3,C3三 四五(C3四),14,6,9,45.1,9,6,和田譲治,54,ダ,1200,稍
2021101217,ファインスカート,2025-09-01,大井,2,C3五 六,14,5,8,35.6,8,5,和田譲治,54,ダ,1200,良
2021101217,ファインスカート,2025-08-12,大井,2,C3五 六,14,7,12,117.9,7,9,杉山海波,51,ダ,1200,重
2021101217,ファインスカート,2025-07-14,大井,1,C3八,13,7,10,8.3,3,2,杉山海波,51,ダ,1200,稍
2021101217,ファインスカート,2025-07-02,大井,2,C3三 四,14,7,12,46.0,7,14,野畑凌,54,ダ,1200,良
2021101217,ファインスカート,2025-06-12,大井,2,C3三 四,14,7,11,51.2,8,9,杉山海波,51,ダ,1200,重
2021101217,ファインスカート,2025-05-21,大井,2,C3三 四,14,7,11,49.6,9,10,杉山海波,51,ダ,1200,稍
2021101217,ファインスカート,2025-04-28,大井,2,C3六 七,14,4,5,124.8,11,4,杉山海波,51,ダ,1200,稍
2021101217,ファインスカート,2025-04-14,大井,2,C3六 七,14,5,7,123.1,10,8,杉山海波,51,ダ,1200,不
2021101217,ファインスカート,2025-03-24,大井,2,C3六 七,12,8,12,20.0,5,12,野畑凌,54,ダ,1600,良
2021101217,ファインスカート,2025-03-10,大井,2,C3六 七,12,6,8,12.4,3,10,吉井章,54,ダ,1600,重
2021101217,ファインスカート,2025-02-18,大井,1,C3七 八,16,7,14,87.5,11,14,野畑凌,54,ダ,1200,良
2021101217,ファインスカート,2025-01-28,大井,1,C3六 七,12,5,5,38.7,8,12,和田譲治,54,ダ,1200,良
2021101217,ファインスカート,2025-01-13,大井,5,C3八 九,13,3,3,9.8,3,8,和田譲治,54,ダ,1200,稍
2021101217,ファインスカート,2024-11-27,笠松,9,飛騨高山温泉特別(C),10,2,2,7.8,3,4,塚本征吾,54,ダ,1600,重
2021101217,ファインスカート,2024-11-15,笠松,5,好きです笠松競馬(C),9,4,4,1.2,1,1,渡辺竜也,54,ダ,1400,良
2021101217,ファインスカート,2024-09-12,笠松,5,笠松けいば秋まつりま(3歳),9,8,8,1.4,1,4,渡辺竜也,54,ダ,1400,良
2021101217,ファインスカート,2024-08-28,笠松,5,ハヤテありがとう幸希(3歳),9,6,6,1.2,1,2,渡辺竜也,54,ダ,1400,良
2021101217,ファインスカート,2024-07-07,小倉,4,3歳未勝利,16,6,11,52.6,8,中,藤懸貴志,55,ダ,1700,良
2021101217,ファインスカート,2024-06-23,京都,3,3歳未勝利,15,7,13,124.0,15,5,藤懸貴志,55,ダ,1200,不
2021101217,ファインスカート,2024-05-19,新潟,1,3歳未勝利,15,3,5,23.7,9,9,小沢大仁,54,ダ,1200,良
2021101217,ファインスカート,2024-03-23,中京,3,3歳未勝利,16,2,3,247.4,11,6,秋山稔樹,54,ダ,1400,重
2021101217,ファインスカート,2023-12-23,阪神,6,2歳新馬,17,3,5,194.2,15,14,藤懸貴志,55,芝,1400,良
2021101248,プロンプトノア,2026-06-17,川崎,1,C3一 二,12,6,7,94.7,10,7,加藤雄真,52,ダ,1400,稍
2021101248,プロンプトノア,2026-06-01,船橋,3,C3 二組下,11,7,8,59.1,9,7,加藤雄真,51,ダ,1500,良
2021101248,プロンプトノア,2026-05-13,川崎,1,C3三 四,12,7,10,77.2,7,9,田中涼,54,ダ,1400,良
2021101248,プロンプトノア,2026-04-07,川崎,2,C3五 六,12,7,10,49.3,7,5,田中涼,54,ダ,1400,重
2021101248,プロンプトノア,2026-03-12,船橋,3,C3 四組下,7,1,1,12.1,3,5,田中涼,54,ダ,1500,良
2021101248,プロンプトノア,2026-03-04,川崎,1,C3三,12,3,3,121.4,10,6,田中涼,54,ダ,1400,不
2021101248,プロンプトノア,2026-02-04,川崎,2,C3五 六,9,3,3,30.1,7,7,田中涼,54,ダ,1400,良
2021101248,プロンプトノア,2025-09-09,川崎,6,C3三 四,12,7,9,8.5,5,9,田中涼,54,ダ,1400,稍
2021101248,プロンプトノア,2025-08-26,川崎,6,C3五,12,8,11,10.1,5,2,田中涼,54,ダ,1400,良
2021101248,プロンプトノア,2024-12-10,川崎,5,雉鳩特別(3歳),12,7,9,350.8,11,11,丹内祐次,54,ダ,1500,良
2021101248,プロンプトノア,2024-11-20,浦和,1,3歳二,12,7,10,346.7,12,8,木間塚龍,53,ダ,1400,良
2021101248,プロンプトノア,2024-11-12,川崎,12,四十雀賞(3歳),10,8,9,244.8,10,10,田中涼,54,ダ,1500,稍
2021101248,プロンプトノア,2024-10-23,浦和,1,3歳二,10,6,6,51.0,8,7,田中涼,54,ダ,1400,良
2021101248,プロンプトノア,2024-10-10,川崎,2,木菟特別(3歳),11,2,2,364.6,11,9,田中涼,54,ダ,1500,重
2021101248,プロンプトノア,2024-09-03,川崎,1,3歳7,10,5,5,71.9,10,7,田中涼,54,ダ,1400,重
2021101248,プロンプトノア,2024-08-08,川崎,1,コスモス賞(3歳),12,5,5,154.6,9,9,田中涼,53,ダ,900,良
2021101248,プロンプトノア,2024-07-26,川崎,1,アーベントロート賞(3歳),10,6,7,73.1,7,中,田中涼,54,ダ,900,良
2021101248,プロンプトノア,2024-07-03,川崎,1,サンダーボルト賞(3歳),11,2,2,18.5,5,9,佐野遥久,51,ダ,900,重
2021101248,プロンプトノア,2024-04-15,浦和,2,ランチタイムチャレン(3歳),12,3,3,25.5,5,12,山崎誠士,54,ダ,1400,良
2021101248,プロンプトノア,2024-04-04,川崎,1,アルコバレーノ賞(3歳),10,7,8,8.4,4,5,山崎誠士,53,ダ,900,重
2021101248,プロンプトノア,2024-03-15,川崎,2,シュトゥルムヴィント(3歳),11,8,11,32.4,7,4,山崎誠士,53,ダ,900,稍
2021101248,プロンプトノア,2024-02-01,川崎,1,ストーム賞(3歳),12,6,7,13.7,5,11,山崎誠士,53,ダ,900,良
2021101248,プロンプトノア,2024-01-02,川崎,1,二人羽織賞(3歳),8,7,7,10.0,4,8,山崎誠士,54,ダ,1400,良
2021101248,プロンプトノア,2023-09-14,川崎,1,2歳4,7,1,1,18.9,5,7,山崎誠士,54,ダ,1400,良
2021101248,プロンプトノア,2023-08-25,川崎,6,スパーキングデビュー(2歳),6,2,2,8.8,3,2,山崎誠士,54,ダ,1400,良
2021101390,ダノンアルプス,2026-04-16,大井,4,C2七 八九(C2八),11,3,3,1.1,1,1,安藤洋一,56,ダ,1600,不
2021101390,ダノンアルプス,2026-03-24,大井,7,C2十 1112(C211),11,7,8,1.0,1,1,安藤洋一,56,ダ,1600,良
2021101390,ダノンアルプス,2026-03-09,大井,9,C213 1415(C214),14,5,7,1.0,1,1,安藤洋一,56,ダ,1600,稍
2021101390,ダノンアルプス,2025-04-15,大井,6,C211 1213(C212),9,3,3,1.1,1,1,安藤洋一,56,ダ,1600,重
2021101390,ダノンアルプス,2025-01-13,大井,6,C216 17,11,1,1,1.7,1,1,安藤洋一,56,ダ,1600,稍
2021101390,ダノンアルプス,2024-12-26,大井,1,3歳五 六,10,5,5,1.7,1,1,安藤洋一,56,ダ,1400,良
2021101390,ダノンアルプス,2024-09-29,大井,2,3歳15,10,5,5,1.6,1,3,森泰斗,56,ダ,1200,稍
2021101577,カレンマウラー,2026-09-01,大井,9,C1六 七八(C1七),14,1,1,431.4,14,14,新原周馬,56,ダ,1600,良
2021101577,カレンマウラー,2026-08-12,大井,6,ブラック・ベルベット(C1),12,7,9,208.6,12,9,新原周馬,56,ダ,1600,不
2021101577,カレンマウラー,2026-07-21,大井,8,ブランデー・フィック(C1),11,5,5,383.8,11,10,櫻井光輔,56,ダ,1600,良
2021101577,カレンマウラー,2026-06-30,大井,7,C1六 七,11,4,4,445.4,11,11,櫻井光輔,56,ダ,1600,重
2021101577,カレンマウラー,2026-06-10,大井,8,クォーター・デック賞(C1),12,7,10,200.0,12,10,櫻井光輔,56,ダ,1600,重
2021101577,カレンマウラー,2026-05-21,大井,7,C1二 三四(C1三),11,2,2,106.3,9,10,中山遥人,55,ダ,1200,稍
2021101577,カレンマウラー,2026-04-30,大井,12,トーラス特別競走(C1),14,3,3,389.5,13,10,櫻井光輔,56,ダ,1650,稍
2021101577,カレンマウラー,2026-04-16,大井,7,C1三 四五(C1四),11,6,7,200.4,11,9,櫻井光輔,56,ダ,1600,不
2021101577,カレンマウラー,2026-03-27,大井,10,春灯特別競走(C1四),11,2,2,169.9,11,6,櫻井光輔,56,ダ,1600,重
2021101577,カレンマウラー,2026-03-12,大井,12,花月特別競走(C1),14,4,5,131.2,12,9,櫻井光輔,56,ダ,1650,良
2021101577,カレンマウラー,2026-02-18,大井,7,C1二 三四(C1三),14,5,7,278.7,14,10,櫻井光輔,56,ダ,1600,稍
2021101577,カレンマウラー,2026-01-30,大井,8,C1三 四五(C1四),13,5,6,361.1,13,11,櫻井光輔,56,ダ,1600,良
2021101577,カレンマウラー,2026-01-15,大井,9,C1五 六,12,6,7,103.4,9,4,櫻井光輔,56,ダ,1600,良
2021101577,カレンマウラー,2025-12-31,大井,8,C1四 五六(C1五),14,4,6,190.7,14,13,西啓太,56,ダ,1600,稍
2021101577,カレンマウラー,2025-12-04,大井,8,プース・カフェ賞(C1三),13,3,4,154.2,12,10,西啓太,56,ダ,1400,良
2021101577,カレンマウラー,2025-11-12,大井,7,C1三 四五(C1四),12,1,1,60.4,7,11,西啓太,56,ダ,1600,稍
2021101577,カレンマウラー,2025-10-23,大井,7,文の京賞(C1),9,8,9,36.8,9,1,西啓太,56,ダ,1600,重
2021101577,カレンマウラー,2025-10-09,大井,9,C1六 七,14,5,8,79.2,8,13,西啓太,56,ダ,1200,良
2021101577,カレンマウラー,2025-09-17,大井,10,ロイヤルナイト賞(C1六),12,3,3,59.5,10,5,西啓太,56,ダ,1400,良
2021101577,カレンマウラー,2025-08-12,大井,7,C1七 八,14,7,11,55.9,9,8,西啓太,56,ダ,1200,重
2021101577,カレンマウラー,2025-07-09,園田,11,京都畜産特別B1,10,8,9,43.8,7,8,下原理,57,ダ,1230,良
2021101577,カレンマウラー,2025-07-03,園田,10,B1B2,12,5,6,37.2,9,8,米玉利燕,55,ダ,820,良
2021101577,カレンマウラー,2025-06-11,園田,11,JA全農ラドファ杯B(B1B2),12,3,3,68.4,10,4,米玉利燕,55,ダ,820,不
2021101577,カレンマウラー,2025-05-22,園田,10,B1,12,4,4,19.2,5,12,下原理,57,ダ,1400,稍
2021101577,カレンマウラー,2025-04-13,阪神,6,4歳以上1勝クラス,10,7,7,241.0,10,9,岡田祥嗣,58,ダ,1800,稍
2021101577,カレンマウラー,2025-03-30,阪神,8,4歳以上1勝クラス,9,3,3,221.1,8,9,岡田祥嗣,58,ダ,1800,良
2021101577,カレンマウラー,2025-03-01,阪神,6,4歳以上1勝クラス,16,3,6,346.5,15,13,岡田祥嗣,58,ダ,1800,良
2021101577,カレンマウラー,2025-02-23,小倉,8,4歳以上1勝クラス,14,7,11,150.9,14,12,松本大輝,56,ダ,2400,良
2021101577,カレンマウラー,2025-02-01,小倉,3,4歳以上1勝クラス,16,8,16,35.9,9,16,斎藤新,57,ダ,1700,良
2021101577,カレンマウラー,2024-11-10,福島,3,3歳以上1勝クラス,15,4,6,77.1,11,8,斎藤新,56,ダ,1700,良
2021101577,カレンマウラー,2024-10-05,新潟,7,3歳以上1勝クラス,12,7,10,19.9,9,6,斎藤新,56,ダ,1800,重
2021101577,カレンマウラー,2024-08-10,中京,12,3歳以上1勝クラス,16,1,2,40.2,11,13,岡田祥嗣,55,ダ,1400,良
2021101577,カレンマウラー,2024-04-13,阪神,6,3歳1勝クラス,15,5,9,160.4,14,7,北村宏司,57,ダ,1200,良
2021101577,カレンマウラー,2024-03-30,阪神,2,3歳未勝利,16,5,10,5.3,4,1,藤岡康太,57,ダ,1200,稍
2021101577,カレンマウラー,2024-02-18,京都,2,3歳未勝利,15,4,7,28.1,5,6,藤岡康太,57,ダ,1200,稍
2021101577,カレンマウラー,2023-12-17,阪神,4,2歳新馬,12,5,6,35.2,8,3,津村明秀,56,ダ,1200,稍
2021101615,ダブルレイズカード,2026-04-24,浦和,5,毎月19日は地産地消(C3),9,8,8,1.3,1,2,笹川翼,56,ダ,1500,重
2021101615,ダブルレイズカード,2026-02-27,浦和,2,特選(C3),12,5,5,1.2,1,2,笹川翼,56,ダ,1500,重
2021101615,ダブルレイズカード,2025-11-28,浦和,4,特選(C3),10,4,4,1.5,1,1,笹川翼,56,ダ,1500,良
2021101615,ダブルレイズカード,2025-09-23,浦和,1,ランチタイムチャレン(C3),10,7,7,1.7,1,1,笹川翼,56,ダ,1500,良
2021101615,ダブルレイズカード,2025-08-15,浦和,1,サマードリームリレー(C3),11,3,3,1.6,1,1,野畑凌,56,ダ,1300,良
2021101615,ダブルレイズカード,2025-07-21,浦和,5,第77回小川町七夕ま(C3),10,8,9,4.4,2,3,笹川翼,56,ダ,1400,良
2021101615,ダブルレイズカード,2024-12-26,浦和,4,3歳三,9,1,1,2.6,1,3,澤田龍哉,56,ダ,1400,良
2021101615,ダブルレイズカード,2024-11-22,浦和,6,3歳三 選抜馬イ,9,8,9,2.6,1,5,笹川翼,56,ダ,1400,稍
2021101615,ダブルレイズカード,2024-05-24,浦和,1,3歳八,12,5,5,1.8,1,6,笹川翼,56,ダ,1400,稍
2021101625,ワンウェイ,2026-08-16,大井,8,へびつかい座特別競走(C1三),13,5,6,21.5,4,7,野畑凌,56,ダ,1200,重
2021101625,ワンウェイ,2026-07-24,大井,10,C1二 三四(C1三),14,4,6,33.3,8,7,野畑凌,56,ダ,1400,良
2021101625,ワンウェイ,2026-07-02,大井,7,B3五,11,7,8,7.6,4,5,藤田凌,56,ダ,1400,不
2021101625,ワンウェイ,2026-06-09,大井,9,団子坂賞競走(B3),14,3,3,16.2,9,5,藤田凌,56,ダ,1200,不
2021101625,ワンウェイ,2026-05-19,大井,12,紀伊国坂賞競走(B3),16,1,2,12.8,6,6,和田譲治,56,ダ,1200,良
2021101625,ワンウェイ,2026-04-30,大井,9,C1三 四五(C1四),14,5,8,4.2,2,3,野畑凌,56,ダ,1200,稍
2021101625,ワンウェイ,2026-04-16,大井,9,C1三 四五(C1四),16,7,13,5.4,4,3,野畑凌,56,ダ,1200,不
2021101625,ワンウェイ,2026-03-27,大井,9,八丈島フリージア賞(C1四),10,7,8,2.0,1,3,野畑凌,56,ダ,1200,重
2021101625,ワンウェイ,2026-03-13,大井,10,陽春特別競走(C1四),13,6,9,3.1,2,3,野畑凌,56,ダ,1200,良
2021101625,ワンウェイ,2025-12-02,大井,7,C1五 六,12,5,6,1.5,1,1,野畑凌,56,ダ,1200,良
2021101625,ワンウェイ,2025-11-11,大井,9,がんばれ!馬産地日高(C1),13,6,8,4.3,2,2,野畑凌,56,ダ,1200,稍
2021101625,ワンウェイ,2025-10-24,大井,8,ブルドッグ賞(C2二),12,5,5,2.1,1,1,野畑凌,56,ダ,1200,重
2021101625,ワンウェイ,2025-10-08,大井,9,C2八 九十(C2九),13,4,4,1.8,1,1,野畑凌,56,ダ,1200,良
2021101625,ワンウェイ,2025-07-14,大井,12,C2九 十11(C2十),11,1,1,2.4,1,1,野畑凌,56,ダ,1200,稍
2021101625,ワンウェイ,2025-07-02,大井,6,C2六 七八(C2七),14,4,5,2.0,1,3,笹川翼,56,ダ,1400,良
2021101625,ワンウェイ,2025-06-09,大井,8,パナシェ賞(C213),13,8,12,2.6,1,1,笹川翼,56,ダ,1400,良
2021101625,ワンウェイ,2025-05-19,大井,6,C212 1314(C213),14,3,4,1.9,1,4,笹川翼,56,ダ,1600,重
2021101625,ワンウェイ,2025-04-28,大井,8,コープス・リバイバー(C213),14,7,12,1.3,1,6,笹川翼,56,ダ,1600,稍
2021101625,ワンウェイ,2025-04-16,大井,1,C3二 三,12,5,6,1.1,1,2,笹川翼,56,ダ,1600,稍
2021101625,ワンウェイ,2025-03-24,大井,2,C3六 七,12,7,9,1.8,1,1,笹川翼,56,ダ,1600,良
2021101625,ワンウェイ,2024-11-13,名古屋,2,C14組,12,1,1,5.6,3,2,岡部誠,56,ダ,1500,良
2021101625,ワンウェイ,2024-10-30,名古屋,6,C17組,12,8,12,4.0,2,3,加藤聡一,56,ダ,1500,重
2021101625,ワンウェイ,2024-10-17,名古屋,3,C18組,11,5,6,3.8,2,2,岡部誠,56,ダ,1500,良
2021101625,ワンウェイ,2024-09-20,名古屋,5,3歳15組,12,2,2,4.3,2,1,岡部誠,56,ダ,1500,良
2021101625,ワンウェイ,2024-09-06,名古屋,3,3歳16組,12,5,6,26.7,7,5,丸野勝虎,56,ダ,1500,良
2021101625,ワンウェイ,2023-12-17,中京,1,2歳未勝利,16,7,13,403.4,14,10,小林勝太,53,ダ,1800,稍
2021101625,ワンウェイ,2023-12-02,中山,6,2歳新馬,16,1,1,9.0,5,13,ビュイッ,56,ダ,1800,良
2021101712,テンシノトリブン,2026-03-12,大井,7,C2六 七,11,2,2,1.5,1,1,矢野貴之,56,ダ,1600,良
2021101712,テンシノトリブン,2026-01-27,大井,7,C211 1213(C212),12,5,6,1.0,1,1,矢野貴之,56,ダ,1600,良
2021101712,テンシノトリブン,2025-12-26,大井,3,C212 1314(C213),14,4,6,1.3,1,2,矢野貴之,56,ダ,1600,重
2021101712,テンシノトリブン,2025-11-10,大井,2,C218 19,13,2,2,1.6,1,1,矢野貴之,56,ダ,1600,稍
2021101712,テンシノトリブン,2025-10-06,大井,4,C3三 四五(C3四),10,5,5,1.0,1,1,矢野貴之,56,ダ,1400,良
2021101712,テンシノトリブン,2025-09-01,大井,1,C3五 六,12,6,8,1.0,1,1,矢野貴之,56,ダ,1600,良
2021101712,テンシノトリブン,2024-11-04,大井,1,3歳五 六,11,7,9,1.9,1,1,矢野貴之,56,ダ,1400,稍
2021101744,フェレザ,2026-09-02,大井,8,ハンター賞(B3),12,2,2,20.3,7,10,吉井章,54,ダ,1400,良
2021101744,フェレザ,2026-08-15,大井,8,サンパラソル賞(B3),11,5,5,17.7,4,5,吉井章,54,ダ,1400,稍
2021101744,フェレザ,2026-07-23,大井,9,マーメイド特別競走(C1),9,5,5,31.3,8,2,吉井章,54,ダ,1400,良
2021101744,フェレザ,2026-07-01,大井,7,B3六,12,8,12,19.3,3,12,吉井章,54,ダ,1200,稍
2021101744,フェレザ,2026-06-09,大井,9,団子坂賞競走(B3),14,3,4,12.6,5,6,吉井章,54,ダ,1200,不
2021101744,フェレザ,2025-12-02,園田,8,C1一,8,2,2,2.4,2,2,鴨宮祥行,56,ダ,1230,良
2021101744,フェレザ,2025-07-23,園田,11,西脇市日本のへそ特別(B2),12,6,8,1.7,1,1,鴨宮祥行,55,ダ,820,良
2021101744,フェレザ,2025-06-18,園田,12,B2,12,8,12,2.0,1,2,鴨宮祥行,55,ダ,1230,良
2021101744,フェレザ,2025-05-11,京都,8,4歳以上1勝クラス,14,6,10,81.3,12,12,吉村智洋,56,ダ,1400,稍
2021101744,フェレザ,2025-04-26,福島,8,4歳以上1勝クラス,16,3,6,11.5,3,12,小林美駒,52,ダ,1150,良
2021101744,フェレザ,2025-02-08,小倉,3,4歳以上1勝クラス,14,7,12,14.3,5,10,斎藤新,56,ダ,1000,稍
2021101744,フェレザ,2024-10-29,門別,10,ヒイラギ特別(B4),11,8,11,1.2,1,1,岩橋勇二,56,ダ,1200,良
2021101744,フェレザ,2024-10-15,門別,8,映画「北の流氷」製作(B4),7,6,6,1.5,1,1,岩橋勇二,55,ダ,1200,良
2021101744,フェレザ,2024-10-02,門別,8,日高町建設協会特別2(C2),12,8,11,2.4,1,1,岩橋勇二,55,ダ,1200,良
2021101744,フェレザ,2024-08-07,川崎,7,ペリドットフラワー賞(3歳C1),11,6,6,4.0,3,2,矢野貴之,54,ダ,1400,良
2021101744,フェレザ,2024-06-15,東京,7,3歳未勝利,16,3,6,4.6,2,12,北村宏司,55,ダ,1300,良
2021101744,フェレザ,2024-06-01,東京,2,3歳未勝利,16,1,2,6.2,4,3,北村宏司,55,ダ,1400,重
2021101744,フェレザ,2024-05-04,東京,3,3歳未勝利,16,5,10,8.0,3,5,北村宏司,55,ダ,1300,稍
2021101744,フェレザ,2024-04-20,東京,2,3歳未勝利,16,2,3,19.4,6,3,北村宏司,55,ダ,1300,良
2021101744,フェレザ,2024-03-16,中山,1,3歳未勝利,16,2,4,19.9,5,6,丹内祐次,55,ダ,1200,稍
2021101744,フェレザ,2023-12-09,中山,1,2歳未勝利,16,4,8,5.4,4,3,北村宏司,55,ダ,1200,良
2021101744,フェレザ,2023-11-11,東京,1,2歳未勝利,15,7,12,7.1,3,4,北村宏司,55,ダ,1600,良
2021101744,フェレザ,2023-10-15,東京,4,2歳新馬,16,6,12,46.7,10,6,丸田恭介,55,ダ,1600,不
2021102123,ボガトイーリ,2026-07-20,金沢,6,B14,8,3,3,1.9,1,8,松戸政也,57,ダ,1500,良
2021102123,ボガトイーリ,2026-06-16,金沢,11,あづ聖誕つにてんてん(B2),11,5,5,15.0,4,1,松戸政也,57,ダ,1400,良
2021102123,ボガトイーリ,2026-05-25,金沢,3,カポ峯生誕記念(C1),7,6,6,2.0,2,1,栗原大河,57,ダ,1400,良
2021102123,ボガトイーリ,2026-05-10,金沢,6,母の日特別(C1),8,3,3,23.3,5,6,田知弘久,57,ダ,900,良
2021102123,ボガトイーリ,2026-04-21,金沢,5,第5回SANさんご生(C2),9,8,8,5.0,3,1,田知弘久,57,ダ,1500,重
2021102123,ボガトイーリ,2026-03-27,金沢,7,C15,8,5,5,3.8,2,6,栗原大河,57,ダ,1500,稍
2021102123,ボガトイーリ,2026-03-16,金沢,4,C23,8,4,4,1.8,1,1,栗原大河,57,ダ,1500,稍
2021102123,ボガトイーリ,2025-12-26,金沢,5,C24,,3,3,,,,松木大地,57,ダ,1500,不
2021102123,ボガトイーリ,2025-11-23,金沢,3,95旅行in金沢とう(C1),6,2,2,4.4,2,2,栗原大河,57,ダ,1400,重
2021102123,ボガトイーリ,2025-11-09,金沢,1,C119,8,5,5,3.6,3,2,栗原大河,57,ダ,1400,稍
2021102123,ボガトイーリ,2025-10-21,金沢,9,秋のドーナツは最高記(C2),8,3,3,2.5,2,2,栗原大河,57,ダ,1400,良
2021102123,ボガトイーリ,2025-10-06,金沢,5,C25,5,1,1,7.6,3,3,栗原大河,57,ダ,1500,稍
2021102123,ボガトイーリ,2025-06-10,金沢,5,ひろ&amp;あみWeddi(C2),9,3,3,4.0,2,3,栗原大河,57,ダ,1500,良
2021102123,ボガトイーリ,2025-05-27,金沢,1,C215,9,3,3,10.4,4,1,栗原大河,57,ダ,1500,良
2021102123,ボガトイーリ,2024-12-23,金沢,3,C216,9,8,8,4.5,3,8,栗原大河,56,ダ,1400,不
2021102123,ボガトイーリ,2024-12-08,金沢,7,山本嘉之喜寿記念(C2特別),11,7,9,,,取,加藤翔馬,56,ダ,1500,不
2021102123,ボガトイーリ,2024-10-29,金沢,6,YJSトライアルラウ(C2),12,6,7,14.3,6,4,角田大和,56,ダ,1400,重
2021102123,ボガトイーリ,2024-10-13,金沢,4,今日もウララかケセラ(C2),10,2,2,68.0,8,4,葛山晃平,56,ダ,1400,良
2021102123,ボガトイーリ,2024-09-30,金沢,5,謙虚なmasa生誕!(C2),10,7,8,74.6,8,10,兼子千央,56,ダ,1500,良
2021102123,ボガトイーリ,2024-09-17,金沢,5,坂野さん長い間お疲れ(C2),11,5,5,19.1,5,6,加藤翔馬,56,ダ,900,良
2021102123,ボガトイーリ,2024-09-03,金沢,4,☆篤くん歩ちゃん結婚(3歳7),10,2,2,6.8,3,3,葛山晃平,56,ダ,900,重
2021102123,ボガトイーリ,2024-08-20,金沢,1,3歳B 7,6,2,2,7.2,4,3,葛山晃平,56,ダ,1500,良
2021102123,ボガトイーリ,2024-07-25,門別,10,北竜ひまわりまつり特(C4),11,3,3,34.2,8,11,小野楓馬,57,ダ,1200,良
2021102123,ボガトイーリ,2024-06-30,小倉,2,3歳未勝利,18,1,1,219.8,15,10,田中健,57,芝,1200,稍
2021102123,ボガトイーリ,2024-04-13,阪神,2,3歳未勝利,16,8,15,334.1,16,16,田中健,57,ダ,1200,良
2021102144,ゼネラルチーター,2026-03-09,大井,3,C3七 八,15,1,1,139.5,8,9,達城龍次,56,ダ,1200,稍
2021102144,ゼネラルチーター,2026-02-16,大井,1,C3八 九,16,4,7,167.2,9,9,町田直希,56,ダ,1200,良
2021102144,ゼネラルチーター,2026-01-26,大井,2,C3八 九,13,6,10,21.2,3,4,町田直希,56,ダ,1200,良
2021102144,ゼネラルチーター,2026-01-12,大井,3,C3八 九,15,7,13,142.4,14,5,町田直希,56,ダ,1200,良
2021102144,ゼネラルチーター,2025-12-25,大井,1,C3一 二,14,4,5,361.4,14,13,中村尚平,56,ダ,1600,重
2021102144,ゼネラルチーター,2025-12-03,大井,2,C3一 二,13,6,9,394.4,13,13,桑村真明,56,ダ,1200,良
2021102144,ゼネラルチーター,2025-11-13,大井,2,C3三 四,14,5,7,191.1,12,11,今野忠成,56,ダ,1200,稍
2021102144,ゼネラルチーター,2025-10-20,大井,2,C3三 四,12,1,1,68.7,10,9,小野俊斗,53,ダ,1200,稍
2021102144,ゼネラルチーター,2025-10-06,大井,5,C3三 四五(C3四),11,2,2,205.1,10,8,小野俊斗,53,ダ,1200,良
2021102144,ゼネラルチーター,2025-09-16,大井,3,C3三 四五(C3四),14,8,14,308.5,14,11,小野俊斗,53,ダ,1200,稍
2021102144,ゼネラルチーター,2025-09-04,大井,2,C3三 四,12,3,3,432.5,12,9,小野俊斗,53,ダ,1200,良
2021102144,ゼネラルチーター,2025-08-14,大井,2,C3三 四,13,8,13,326.3,13,11,小野俊斗,53,ダ,1200,稍
2021102144,ゼネラルチーター,2025-07-16,大井,2,C3四 五,14,2,2,220.1,12,13,佐野遥久,56,ダ,1200,不
2021102144,ゼネラルチーター,2025-06-30,大井,9,C212 13,13,5,6,206.1,11,11,松崎正泰,56,ダ,1200,良
2021102144,ゼネラルチーター,2025-05-19,大井,8,ポート・フリップ賞(C213),11,2,2,153.0,9,7,松崎正泰,56,ダ,1200,重
2021102144,ゼネラルチーター,2025-04-28,大井,12,C212 1314(C213),11,3,3,286.2,11,7,松崎正泰,56,ダ,1200,重
2021102144,ゼネラルチーター,2025-04-14,大井,10,C214 1516(C215),12,1,1,519.1,11,11,松崎正泰,56,ダ,1200,不
2021102144,ゼネラルチーター,2025-03-25,大井,8,ゴールデン・ドリーム(C2),13,1,1,398.4,12,12,松崎正泰,56,ダ,1200,良
2021102144,ゼネラルチーター,2025-03-10,大井,9,C214 1516(C215),13,5,7,362.6,12,10,松崎正泰,56,ダ,1200,重
2021102144,ゼネラルチーター,2025-02-17,大井,6,C215 1617(C216),14,8,13,401.6,14,11,松崎正泰,56,ダ,1400,良
2021102144,ゼネラルチーター,2025-01-27,大井,9,C214 15,14,5,7,458.5,14,10,松崎正泰,56,ダ,1600,良
2021102144,ゼネラルチーター,2025-01-13,大井,9,C214 15,15,3,6,386.3,15,14,松崎正泰,56,ダ,1200,稍
2021102144,ゼネラルチーター,2024-12-25,大井,9,C215 1617(C216),14,6,10,196.9,10,13,松崎正泰,56,ダ,1200,良
2021102144,ゼネラルチーター,2024-12-02,大井,6,エンジェル・フェイス(C2),13,7,10,558.9,13,6,松崎正泰,56,ダ,1200,良
2021102144,ゼネラルチーター,2024-11-04,大井,8,野馬追賞(C216),16,8,16,160.8,13,13,西啓太,56,ダ,1200,稍
2021102144,ゼネラルチーター,2024-10-14,大井,7,品川かえで賞(C2),14,7,12,269.0,13,12,鷹見陸,55,ダ,1200,良
2021102144,ゼネラルチーター,2024-10-02,大井,3,3歳八 九十(3歳九),13,1,1,121.7,10,12,鷹見陸,54,ダ,1200,良
2021102144,ゼネラルチーター,2024-09-10,大井,1,3歳八 九十(3歳九),10,4,4,291.0,9,6,鷹見陸,54,ダ,1600,良
2021102144,ゼネラルチーター,2024-08-13,大井,7,3歳六 七八(3歳七),14,8,13,166.9,13,11,佐野遥久,53,ダ,1200,良
2021102144,ゼネラルチーター,2024-07-30,大井,6,3歳六 七八(3歳七),10,8,9,50.2,10,6,佐野遥久,53,ダ,1600,良
2021102144,ゼネラルチーター,2024-07-11,大井,1,3歳四 五六(3歳五),14,4,5,274.1,14,9,佐野遥久,53,ダ,1600,良
2021102144,ゼネラルチーター,2024-06-26,大井,4,3歳七 八,14,2,2,337.9,13,10,安藤洋一,56,ダ,1200,稍
2021102144,ゼネラルチーター,2024-06-04,大井,8,スクリュー・ドライバ(3歳),16,4,8,291.4,15,13,石川駿介,56,ダ,1200,不
2021102144,ゼネラルチーター,2024-05-15,大井,2,3歳七 八,13,7,12,151.6,12,12,安藤洋一,56,ダ,1200,重
2021102144,ゼネラルチーター,2024-04-23,大井,5,3歳七 八九(3歳八),10,6,6,122.0,9,8,高橋優,53,ダ,1600,稍
2021102144,ゼネラルチーター,2024-04-11,大井,4,3歳四 五六(3歳五),13,6,8,343.3,13,11,佐野遥久,53,ダ,1400,稍
2021102144,ゼネラルチーター,2024-03-21,大井,4,3歳六 七,15,4,6,297.7,13,12,鷹見陸,53,ダ,1200,良
2021102144,ゼネラルチーター,2024-02-29,大井,6,3歳四 五六(3歳五),12,6,8,94.4,10,11,安藤洋一,56,ダ,1400,稍
2021102144,ゼネラルチーター,2024-02-11,大井,2,3歳13 14,6,4,4,4.0,2,1,安藤洋一,56,ダ,1400,稍
2021102144,ゼネラルチーター,2024-01-21,大井,3,3歳14 15,8,1,1,54.1,7,5,安藤洋一,56,ダ,1400,不
2021102144,ゼネラルチーター,2023-10-06,大井,3,2歳 新馬,7,6,6,13.0,5,7,安藤洋一,55,ダ,1600,重
2021102211,ポンドスプリング,2026-03-26,大井,3,C3二 三四(C3三),14,6,10,42.2,8,13,石川駿介,56,ダ,1200,不
2021102211,ポンドスプリング,2026-03-10,大井,2,C3五 六,13,8,13,8.4,3,1,石川駿介,56,ダ,1200,稍
2021102211,ポンドスプリング,2026-02-17,大井,1,C3六 七,15,5,8,15.0,3,4,石川駿介,56,ダ,1200,稍
2021102211,ポンドスプリング,2026-01-27,大井,1,C3六 七,14,2,2,5.0,3,5,石川駿介,56,ダ,1200,良
2021102211,ポンドスプリング,2026-01-13,大井,2,C3六 七,15,3,4,25.6,6,6,瀬川将輝,56,ダ,1200,良
2021102211,ポンドスプリング,2025-12-24,大井,1,C3三,10,7,8,1.4,1,1,石川駿介,56,ダ,1400,重
2021102211,ポンドスプリング,2025-12-01,大井,1,C3三,13,3,3,11.0,3,2,石川駿介,56,ダ,1200,良
2021102211,ポンドスプリング,2025-11-13,大井,2,C3三 四,14,3,3,28.4,5,4,石川駿介,56,ダ,1200,稍
2021102211,ポンドスプリング,2025-10-20,大井,2,C3三 四,12,6,7,16.1,7,4,石川駿介,56,ダ,1200,稍
2021102211,ポンドスプリング,2025-10-05,大井,1,C3六,10,8,10,15.7,6,4,石川駿介,56,ダ,1200,良
2021102211,ポンドスプリング,2025-09-15,大井,1,C3六,12,2,2,4.2,3,3,石川駿介,56,ダ,1200,稍
2021102211,ポンドスプリング,2025-07-02,大井,2,C3三 四,14,2,2,15.9,5,8,石川駿介,56,ダ,1200,良
2021102211,ポンドスプリング,2025-06-10,大井,1,C3五,13,1,1,4.2,2,1,石川駿介,56,ダ,1200,稍
2021102211,ポンドスプリング,2025-05-20,大井,1,C3五,12,1,1,211.3,10,3,石川駿介,56,ダ,1200,重
2021102211,ポンドスプリング,2025-04-28,大井,2,C3六 七,14,6,10,202.6,13,9,石川駿介,56,ダ,1200,稍
2021102211,ポンドスプリング,2025-04-14,大井,2,C3六 七,14,7,12,292.7,13,13,石川駿介,56,ダ,1200,不
2021102211,ポンドスプリング,2024-12-26,大井,2,3歳五 六,12,7,10,23.3,6,4,石川駿介,56,ダ,1200,良
2021102211,ポンドスプリング,2024-12-04,大井,1,3歳六,12,3,3,7.7,4,6,石川駿介,56,ダ,1200,良
2021102400,プリメイラ,2026-09-03,大井,10,オフトひたちなか賞競(B2),11,1,1,72.2,9,9,岡村健司,54,ダ,1600,良
2021102400,プリメイラ,2026-08-14,大井,10,サマーナイト賞競走(B2),9,4,4,,,取,岡村健司,54,ダ,1400,不
2021102400,プリメイラ,2026-05-04,名古屋,8,グランプリ・プレリュ(A),9,8,8,34.5,5,6,望月洵輝,55,ダ,1700,不
2021102400,プリメイラ,2026-04-23,名古屋,9,ポートメテオ特別(A),10,3,3,18.4,5,9,望月洵輝,55,ダ,1400,不
2021102400,プリメイラ,2026-03-12,名古屋,11,若草賞土古記念(重賞),12,1,1,53.8,8,11,望月洵輝,55,ダ,1500,良
2021102400,プリメイラ,2026-01-05,名古屋,7,名古屋記念(重賞),12,6,8,55.8,8,8,大畑慧悟,55,ダ,1700,良
2021102400,プリメイラ,2025-12-05,名古屋,11,弥富記念(OP),12,4,4,49.9,8,7,大畑慧悟,55,ダ,1400,良
2021102400,プリメイラ,2025-11-13,名古屋,11,東海菊花賞(重賞),11,3,3,43.9,6,7,望月洵輝,55,ダ,2000,稍
2021102400,プリメイラ,2025-10-16,名古屋,11,ゴールド争覇(重賞),12,8,11,8.8,3,5,望月洵輝,55,ダ,1500,不
2021102400,プリメイラ,2025-09-04,名古屋,11,秋桜(重賞),11,3,3,3.0,2,1,望月洵輝,56,ダ,1700,良
2021102400,プリメイラ,2025-07-21,名古屋,11,ひまわり特別(A),10,1,1,3.8,2,1,望月洵輝,55,ダ,1500,良
2021102400,プリメイラ,2025-06-26,名古屋,11,トリトン争覇(重賞),12,8,11,11.6,4,11,望月洵輝,55,ダ,1500,不
2021102400,プリメイラ,2025-06-06,名古屋,10,アヤメ特別(A),12,2,2,4.5,2,3,望月洵輝,54,ダ,1400,良
2021102400,プリメイラ,2025-05-08,名古屋,11,尾張旭特別(A),11,1,1,1.3,1,1,望月洵輝,55,ダ,1700,重
2021102400,プリメイラ,2025-04-10,名古屋,10,浅蜊特別(A),12,8,12,2.7,1,1,望月洵輝,55,ダ,1700,良
2021102400,プリメイラ,2025-03-12,名古屋,11,芳春特別(A),12,5,5,1.6,1,1,望月洵輝,54,ダ,1500,重
2021102400,プリメイラ,2025-02-25,名古屋,11,B3組,10,8,10,1.5,1,1,望月洵輝,54,ダ,1500,良
2021102400,プリメイラ,2025-01-28,名古屋,9,B3組,11,4,4,1.2,1,3,望月洵輝,54,ダ,1500,良
2021102400,プリメイラ,2025-01-04,名古屋,11,名古屋記念(重賞),12,1,1,6.1,4,9,望月洵輝,55,ダ,1500,良
2021102400,プリメイラ,2024-12-05,名古屋,9,B5組,11,6,7,1.2,1,1,望月洵輝,53,ダ,1500,良
2021102400,プリメイラ,2024-11-14,名古屋,11,佐久島特別(C),11,8,11,1.3,1,1,望月洵輝,53,ダ,2000,良
2021102400,プリメイラ,2024-10-21,名古屋,2,C7組,12,4,4,1.3,1,1,望月洵輝,53,ダ,1500,良
2021102400,プリメイラ,2024-09-17,名古屋,5,3歳5組,12,4,4,1.5,1,1,望月洵輝,52,ダ,1500,良
2021102400,プリメイラ,2024-08-21,名古屋,5,3歳8組,12,5,5,1.8,1,1,望月洵輝,52,ダ,1400,稍
2021102400,プリメイラ,2024-08-09,名古屋,2,名古屋モーニングフィ(3歳),12,1,1,2.1,1,1,望月洵輝,51,ダ,1500,良
2021102400,プリメイラ,2024-06-16,京都,4,3歳未勝利,16,7,13,13.4,5,10,横山典弘,55,芝,2000,稍
2021102400,プリメイラ,2024-05-11,京都,4,3歳未勝利,18,2,3,23.3,7,12,横山典弘,55,芝,1600,良
2021102487,スイヘイセン,2026-08-31,大井,1,C3五 六,13,4,4,53.0,8,12,佐野遥久,56,ダ,1600,良
2021102487,スイヘイセン,2026-08-15,大井,2,C3五 六,14,7,11,108.7,12,12,高橋優,53,ダ,1200,重
2021102487,スイヘイセン,2026-07-20,大井,2,C3六 七,15,1,2,146.6,13,13,佐野遥久,56,ダ,1200,稍
2021102487,スイヘイセン,2026-07-01,大井,1,C3五,12,6,7,81.6,8,7,佐野遥久,56,ダ,1200,稍
2021102487,スイヘイセン,2026-06-08,大井,1,C3五,11,4,4,68.5,7,8,佐野遥久,56,ダ,1200,不
2021102487,スイヘイセン,2026-05-19,大井,3,C3四 五六(C3五),12,8,11,69.5,10,11,佐野遥久,56,ダ,1200,良
2021102487,スイヘイセン,2026-04-27,大井,2,C3六 七,14,6,10,33.4,7,13,藤田凌,56,ダ,1200,不
2021102487,スイヘイセン,2026-03-23,大井,3,C3七 八,13,1,1,13.2,6,10,佐野遥久,55,ダ,1200,良
2021102487,スイヘイセン,2026-03-09,大井,3,C3七 八,15,8,15,205.2,10,4,佐野遥久,55,ダ,1200,稍
2021102487,スイヘイセン,2026-01-26,大井,1,C3八 九,11,3,3,25.7,6,9,安藤洋一,55,ダ,1400,良
2021102487,スイヘイセン,2026-01-12,大井,2,C3八 九,13,6,9,33.4,5,8,佐野遥久,55,ダ,1600,良
2021102487,スイヘイセン,2025-12-24,大井,1,C3三,10,5,5,7.5,3,3,佐野遥久,55,ダ,1400,重
2021102487,スイヘイセン,2025-12-01,大井,1,C3三,13,7,11,142.6,10,6,福原杏,56,ダ,1200,良
2021102487,スイヘイセン,2025-11-13,大井,2,C3三 四,14,6,9,109.5,11,12,野畑凌,56,ダ,1200,稍
2021102487,スイヘイセン,2025-10-20,大井,2,C3三 四,12,8,12,14.1,6,12,鷹見陸,55,ダ,1200,稍
2021102487,スイヘイセン,2025-10-06,大井,5,C3三 四五(C3四),11,7,9,56.9,8,6,鷹見陸,55,ダ,1200,良
2021102487,スイヘイセン,2025-09-16,大井,3,C3三 四五(C3四),14,7,12,33.4,8,10,鷹見陸,55,ダ,1200,稍
2021102487,スイヘイセン,2025-08-14,大井,2,C3三 四,13,6,8,98.4,11,8,鷹見陸,55,ダ,1200,稍
2021102487,スイヘイセン,2025-07-15,大井,2,C3六 七,14,3,4,68.6,8,13,鷹見陸,55,ダ,1200,重
2021102487,スイヘイセン,2024-07-10,大井,6,3歳七 八,16,6,11,42.3,9,15,藤田凌,56,ダ,1200,良
2021102487,スイヘイセン,2024-06-26,大井,4,3歳七 八,14,8,14,2.9,2,13,藤田凌,56,ダ,1200,稍
2021102487,スイヘイセン,2024-06-03,大井,3,3歳13 14,13,6,8,5.9,2,1,藤田凌,56,ダ,1200,重
2021102594,アーチフライト,2026-05-11,盛岡,1,C2,10,6,6,18.7,8,8,阿部英俊,54,ダ,1000,良
2021102594,アーチフライト,2026-04-28,水沢,4,C2六組,10,6,6,17.3,5,6,阿部英俊,54,ダ,1400,良
2021102594,アーチフライト,2026-04-20,水沢,5,C2五組,11,1,1,15.3,4,9,阿部英俊,54,ダ,1300,良
2021102594,アーチフライト,2026-04-06,水沢,5,C2五組,11,7,9,28.7,5,4,阿部英俊,54,ダ,1300,稍
2021102594,アーチフライト,2026-02-16,大井,1,C3八 九,16,8,16,148.0,8,7,安藤洋一,54,ダ,1200,良
2021102594,アーチフライト,2026-01-26,大井,1,C3八 九,11,7,9,15.8,4,8,藤本現暉,54,ダ,1400,良
2021102594,アーチフライト,2026-01-12,大井,2,C3八 九,13,5,8,50.4,7,4,藤本現暉,54,ダ,1600,良
2021102594,アーチフライト,2025-10-14,川崎,1,C3四,12,2,2,9.2,4,4,伊藤裕人,54,ダ,1400,良
2021102594,アーチフライト,2025-09-23,浦和,1,ランチタイムチャレン(C3),10,8,10,22.2,6,9,伊藤裕人,54,ダ,1500,良
2021102594,アーチフライト,2025-09-09,川崎,6,C3三 四,12,7,10,4.7,3,6,伊藤裕人,54,ダ,1400,稍
2021102594,アーチフライト,2025-08-26,川崎,6,C3五,12,5,6,6.9,2,1,伊藤裕人,54,ダ,1400,良
2021102594,アーチフライト,2025-04-10,川崎,3,C3三 四五(C3四),12,6,8,6.5,3,6,町田直希,54,ダ,1400,稍
2021102594,アーチフライト,2025-03-04,川崎,2,C3六 七八(C3七),8,2,2,4.6,2,3,伊藤裕人,54,ダ,1400,不
2021102594,アーチフライト,2025-02-05,川崎,3,C3五 六,12,1,1,248.4,11,2,伊藤裕人,54,ダ,1400,稍
2021102594,アーチフライト,2024-11-11,川崎,4,3歳4,10,7,8,25.8,8,9,伊藤裕人,54,ダ,1400,稍
2021102594,アーチフライト,2024-10-07,川崎,2,3歳4,7,2,2,5.4,3,3,伊藤裕人,54,ダ,1400,重
2021102594,アーチフライト,2024-09-02,川崎,4,3歳9,8,5,5,17.7,7,5,加藤雄真,51,ダ,1400,重
2021102630,ナムラミック,2026-08-25,船橋,6,C2二 三四 ウ(C2三),12,3,3,165.0,10,6,見越彬央,56,ダ,1200,良
2021102630,ナムラミック,2026-08-07,浦和,5,C2三 四,8,2,2,20.8,5,8,野畑凌,56,ダ,1400,良
2021102630,ナムラミック,2026-07-14,浦和,5,C2五,11,7,8,15.4,6,10,半澤慶実,56,ダ,1400,良
2021102630,ナムラミック,2026-06-23,浦和,6,C2五 六,9,8,8,54.1,7,2,福原杏,56,ダ,1400,重
2021102630,ナムラミック,2026-06-02,船橋,3,C2二 三,12,8,11,40.8,7,10,福原杏,56,ダ,1200,良
2021102630,ナムラミック,2026-05-26,浦和,5,C2五 六,12,7,10,16.6,4,11,福原杏,56,ダ,1400,稍
2021102630,ナムラミック,2026-04-20,浦和,6,5月1日ヌゥハッピー(C2),11,1,1,25.8,5,8,福原杏,56,ダ,1400,良
2021102630,ナムラミック,2026-03-24,大井,9,C2十 1112(C211),12,6,8,8.6,4,5,笹川翼,56,ダ,1200,良
2021102630,ナムラミック,2026-03-11,大井,6,C2八 九,12,1,1,29.7,6,7,福原杏,56,ダ,1200,良
2021102630,ナムラミック,2026-02-18,大井,4,渋谷川賞(C2),14,2,2,4.2,3,4,和田譲治,56,ダ,1200,稍
2021102630,ナムラミック,2026-01-27,大井,9,C211 1213(C212),14,3,3,51.9,6,6,和田譲治,56,ダ,1200,良
2021102630,ナムラミック,2026-01-13,大井,12,C212 1314(C213),16,8,15,29.1,8,4,和田譲治,56,ダ,1200,良
2021102630,ナムラミック,2025-12-30,大井,6,C2七 八,14,5,7,88.8,11,10,和田譲治,56,ダ,1200,稍
2021102630,ナムラミック,2025-12-04,大井,6,C2五 六,16,2,3,27.0,7,12,和田譲治,56,ダ,1200,良
2021102630,ナムラミック,2025-11-11,大井,7,C212 1314(C213),14,2,2,4.4,3,1,和田譲治,56,ダ,1200,稍
2021102630,ナムラミック,2025-10-23,大井,8,YJSトライアルラウ(C2),14,8,14,6.2,4,8,石田拓郎,56,ダ,1200,重
2021102630,ナムラミック,2025-10-06,大井,8,C214 1516(C215),13,5,7,6.7,2,5,和田譲治,56,ダ,1200,良
2021102630,ナムラミック,2025-09-15,大井,10,C2九 十,11,1,1,6.6,2,2,和田譲治,56,ダ,1200,稍
2021102630,ナムラミック,2025-09-01,大井,9,C2十 11,13,4,5,5.1,3,5,和田譲治,56,ダ,1200,良
2021102630,ナムラミック,2025-08-14,大井,2,C3三 四,13,8,12,5.8,4,1,和田譲治,56,ダ,1200,稍
2021102630,ナムラミック,2025-07-16,大井,2,C3四 五,14,3,3,11.0,3,12,和田譲治,56,ダ,1200,不
2021102630,ナムラミック,2025-06-30,大井,9,C212 13,13,8,12,16.1,6,4,和田譲治,56,ダ,1200,良
2021102630,ナムラミック,2025-06-09,大井,9,JAいちかわ賞(C213),14,4,5,45.9,12,5,和田譲治,56,ダ,1200,良
2021102630,ナムラミック,2025-05-19,大井,6,C212 1314(C213),14,2,2,9.1,3,11,和田譲治,56,ダ,1600,重
2021102630,ナムラミック,2025-04-28,大井,8,コープス・リバイバー(C213),14,8,13,70.9,7,4,和田譲治,56,ダ,1600,稍
2021102630,ナムラミック,2025-04-14,大井,9,C214 1516(C215),14,2,2,21.3,4,9,本田正重,56,ダ,1400,不
2021102630,ナムラミック,2025-03-27,大井,1,C3一,11,4,4,3.0,1,4,和田譲治,56,ダ,1800,良
2021102630,ナムラミック,2025-03-13,大井,2,C3一 二三(C3二),13,8,13,8.7,4,6,和田譲治,56,ダ,1400,不
2021102630,ナムラミック,2025-02-21,大井,2,C3一 二,14,4,6,4.1,3,4,和田譲治,56,ダ,1600,良
2021102630,ナムラミック,2025-01-29,大井,1,C3三 四五(C3四),13,8,12,9.9,5,3,和田譲治,56,ダ,1400,良
2021102630,ナムラミック,2025-01-14,大井,2,C3六 七,16,5,10,24.2,6,5,和田譲治,56,ダ,1200,稍
2021102630,ナムラミック,2024-12-24,金沢,6,改めて!柳瀬さん勤続(C2),9,8,9,1.3,1,1,中島龍也,56,ダ,1400,不
2021102630,ナムラミック,2024-12-10,金沢,8,淳之介・舞結婚式記念(C2特別),10,2,2,20.5,9,4,鈴木太一,56,ダ,1400,重
2021102630,ナムラミック,2024-11-18,金沢,11,金沢競馬C1プレミア,9,8,9,26.3,5,8,中島龍也,56,ダ,1500,不
2021102630,ナムラミック,2024-10-27,金沢,3,あゆみ・とうや結婚記(C2),6,2,2,1.3,1,1,中島龍也,56,ダ,1500,良
2021102630,ナムラミック,2024-10-13,金沢,6,Exerciseth(C2),11,5,5,4.9,2,1,中島龍也,56,ダ,900,良
2021102630,ナムラミック,2024-09-30,金沢,6,祝!結婚浩太・菜摘フ(C2),11,1,1,1.4,1,3,中島龍也,56,ダ,1400,良
2021102630,ナムラミック,2024-08-18,札幌,3,3歳未勝利,14,4,6,81.1,9,10,岩橋勇二,57,ダ,1700,良
2021102630,ナムラミック,2024-07-20,札幌,3,3歳未勝利,14,8,14,106.0,10,7,鮫島克駿,57,ダ,1700,良
2021102630,ナムラミック,2024-07-03,門別,7,フェルカド特別(C1),9,7,7,12.2,6,3,服部茂史,57,ダ,1700,稍
2021102630,ナムラミック,2024-06-09,京都,3,3歳未勝利,16,5,10,204.0,11,7,秋山稔樹,56,ダ,1800,稍
2021102630,ナムラミック,2024-05-04,京都,2,3歳未勝利,10,4,4,270.8,10,7,柴田裕一,54,ダ,1900,良
2021102630,ナムラミック,2024-04-27,京都,1,3歳未勝利,15,5,8,25.0,6,8,泉谷楓真,56,ダ,1800,良
2021102630,ナムラミック,2024-03-17,中京,5,3歳未勝利,16,6,12,372.8,15,15,秋山稔樹,56,芝,2000,良
2021102630,ナムラミック,2024-01-08,京都,5,3歳新馬,18,8,18,322.2,18,18,松若風馬,57,芝,1800,良
2021102716,ジーティーゴッド,2026-08-14,大井,8,C1五 六,16,1,2,3.6,2,15,笹川翼,56,ダ,1200,不
2021102716,ジーティーゴッド,2026-07-21,大井,9,C1七 八,12,5,6,2.9,1,2,笹川翼,56,ダ,1200,良
2021102716,ジーティーゴッド,2026-06-30,大井,8,プランターズ・パンチ(C1),16,5,10,17.7,3,4,笹川翼,56,ダ,1200,重
2021102716,ジーティーゴッド,2026-01-29,大井,10,C1六 七,15,8,15,2.2,1,15,笹川翼,56,ダ,1200,良
2021102716,ジーティーゴッド,2025-12-30,大井,9,ベルモントノーヴァ賞(C1八),12,7,10,2.2,1,1,笹川翼,56,ダ,1200,稍
2021102716,ジーティーゴッド,2025-11-14,大井,9,ガーネットスター特別(C2),12,8,12,2.4,2,1,笹川翼,56,ダ,1000,稍
2021102716,ジーティーゴッド,2025-09-17,大井,6,C2七 八,10,7,7,1.4,1,1,笹川翼,56,ダ,1200,良
2021102716,ジーティーゴッド,2025-06-11,大井,6,C2七 八九(C2八),12,8,12,3.5,2,2,笹川翼,56,ダ,1200,不
2021102716,ジーティーゴッド,2025-05-01,大井,7,C2七 八,13,5,6,23.4,4,2,笹川翼,56,ダ,1200,稍
2021102716,ジーティーゴッド,2025-01-15,大井,8,C2八 九十(C2九),12,3,3,,,取,和田譲治,56,ダ,1400,良
2021102716,ジーティーゴッド,2024-11-06,大井,6,C2八 九,16,8,15,39.6,8,6,西啓太,56,ダ,1200,稍
2021102716,ジーティーゴッド,2024-10-17,大井,3,クリーンににぎわうま(3歳四),15,5,8,9.7,3,1,西啓太,56,ダ,1200,良
2021102716,ジーティーゴッド,2024-10-01,大井,7,3歳11 12,14,8,14,5.5,3,11,西啓太,56,ダ,1200,良
2021102716,ジーティーゴッド,2024-07-29,大井,5,3歳13,13,5,6,12.9,5,1,西啓太,56,ダ,1200,良
2021102716,ジーティーゴッド,2024-07-08,大井,5,3歳11 12,13,6,10,4.8,2,13,西啓太,56,ダ,1200,稍
2021102716,ジーティーゴッド,2023-08-01,大井,3,2歳 新馬,7,1,1,2.3,1,6,御神本訓,54,ダ,1200,不
2021102843,ノアサンサン,2026-06-30,大井,5,C2十 1112(C211),11,5,5,4.9,3,2,達城龍次,54,ダ,1400,重
2021102843,ノアサンサン,2026-06-08,大井,7,グラスホッパー賞(C213),12,6,7,3.8,3,3,達城龍次,54,ダ,1600,不
2021102843,ノアサンサン,2026-05-18,大井,5,C211 1213(C212),12,3,3,2.5,1,6,達城龍次,54,ダ,1600,良
2021102843,ノアサンサン,2026-04-27,大井,7,C212 1314(C213),11,8,10,4.7,2,3,達城龍次,54,ダ,1600,不
2021102843,ノアサンサン,2026-04-17,大井,1,C3 選抜牝馬,13,5,7,16.4,4,2,達城龍次,54,ダ,1400,重
2021102843,ノアサンサン,2026-03-26,大井,1,C3二 三四(C3三),13,2,2,6.6,2,9,達城龍次,54,ダ,1600,不
2021102843,ノアサンサン,2026-03-12,大井,1,C3一 二,12,7,11,14.1,5,5,横川怜央,54,ダ,1600,良
2021102843,ノアサンサン,2025-12-02,大井,1,C212 1314(C213),12,6,8,3.8,3,7,達城龍次,54,ダ,1600,良
2021102843,ノアサンサン,2025-11-10,大井,2,C218 19,13,1,1,31.1,5,2,達城龍次,54,ダ,1600,稍
2021102843,ノアサンサン,2025-10-22,大井,1,C3一 二,14,7,12,2.8,1,2,達城龍次,54,ダ,1600,稍
2021102843,ノアサンサン,2025-10-06,大井,1,C3三 四五(C3四),12,6,8,2.8,1,1,達城龍次,54,ダ,1600,良
2021102843,ノアサンサン,2025-06-09,大井,7,C212 1314(C213),13,5,6,2.0,1,8,達城龍次,54,ダ,1600,良
2021102843,ノアサンサン,2025-05-21,大井,1,C3三 四,13,4,4,8.5,4,1,達城龍次,54,ダ,1600,稍
2021102843,ノアサンサン,2025-04-28,大井,1,C3六 七,9,6,6,16.8,6,1,達城龍次,54,ダ,1600,稍
2021102843,ノアサンサン,2025-04-14,大井,1,C3六 七,10,2,2,,,除,達城龍次,54,ダ,1600,不
2021102843,ノアサンサン,2025-02-17,大井,1,C3九,15,8,14,27.5,6,6,藤本現暉,54,ダ,1200,良
2021102843,ノアサンサン,2025-01-27,大井,1,C3十,12,5,5,17.1,4,4,藤本現暉,54,ダ,1200,良
2021102843,ノアサンサン,2024-10-16,大井,3,あだワンCMグランプ(3歳),11,6,6,10.1,5,3,藤本現暉,54,ダ,1200,良
2021102843,ノアサンサン,2024-09-29,大井,2,3歳15,10,7,8,20.6,4,7,藤本現暉,54,ダ,1200,稍
2021102843,ノアサンサン,2024-09-08,大井,3,3歳15,12,8,11,21.3,7,8,藤本現暉,54,ダ,1200,良
2021102882,カヌレフレイバー,2026-07-02,大井,11,ジュライ賞競走(OP)(3上),10,7,7,1.6,1,4,和田譲治,54,ダ,1400,不
2021102882,カヌレフレイバー,2026-06-08,大井,10,ウイングシート賞競走(A2B1),9,2,2,1.3,1,1,和田譲治,57,ダ,1400,不
2021102882,カヌレフレイバー,2026-05-01,大井,11,春風賞競走(B1B2),11,7,8,1.3,1,1,和田譲治,57,ダ,1400,不
2021102882,カヌレフレイバー,2025-10-22,大井,12,グリーンチャンネル開(B1B2),13,1,1,1.9,1,1,和田譲治,57,ダ,1400,重
2021102882,カヌレフレイバー,2025-10-06,大井,9,ミザール賞競走(B2),12,1,1,4.3,3,1,和田譲治,56,ダ,1400,良
2021102882,カヌレフレイバー,2024-12-31,大井,7,B2四,8,5,5,2.0,1,4,和田譲治,56,ダ,1800,良
2021102882,カヌレフレイバー,2024-12-04,大井,12,カノープス賞競走(B2),15,4,7,2.0,1,1,和田譲治,56,ダ,1400,良
2021102882,カヌレフレイバー,2024-11-06,大井,7,B2五 B3五(B2B3),9,8,9,1.5,1,3,和田譲治,57,ダ,1200,稍
2021102882,カヌレフレイバー,2024-07-10,大井,11,優駿スプリント競走(重賞),16,6,12,2.2,1,3,西啓太,56,ダ,1200,良
2021102882,カヌレフレイバー,2024-06-06,大井,11,優駿スプリントトライ(OP)(3歳),14,8,13,1.4,1,1,和田譲治,56,ダ,1200,稍
2021102882,カヌレフレイバー,2024-05-17,大井,4,3歳一 二三(3歳二),16,5,10,1.8,1,1,和田譲治,56,ダ,1200,稍
2021102882,カヌレフレイバー,2024-02-29,大井,7,3歳四 五六(3歳五),16,4,8,1.1,1,1,和田譲治,56,ダ,1200,稍
2021102882,カヌレフレイバー,2024-02-11,大井,1,3歳 新馬,6,4,4,2.4,1,1,和田譲治,56,ダ,1200,稍
2021102883,クルーミーズクライ,2026-08-17,大井,6,ミント・フラッペ賞(C2四),12,8,11,93.4,11,9,和田譲治,56,ダ,1600,稍
2021102883,クルーミーズクライ,2026-07-22,大井,5,アメリカンピーナッツ(C2七),11,4,4,40.5,6,10,和田譲治,56,ダ,1600,良
2021102883,クルーミーズクライ,2025-10-23,大井,7,文の京賞(C1),9,7,7,31.9,8,4,和田譲治,56,ダ,1600,重
2021102883,クルーミーズクライ,2025-10-09,大井,9,C1六 七,14,7,12,210.8,11,8,和田譲治,56,ダ,1200,良
2021102883,クルーミーズクライ,2025-09-17,大井,10,ロイヤルナイト賞(C1六),12,8,12,24.6,7,12,和田譲治,56,ダ,1400,良
2021102883,クルーミーズクライ,2025-09-04,大井,12,オフトひたちなか賞競(C1),12,8,12,15.0,3,8,和田譲治,56,ダ,1650,良
2021102883,クルーミーズクライ,2025-08-13,大井,8,フローズン・ダイキリ(C1),13,4,5,13.8,4,6,和田譲治,56,ダ,1600,稍
2021102883,クルーミーズクライ,2025-07-15,大井,8,スノーボール賞(C1七),12,6,7,8.4,6,4,和田譲治,56,ダ,1400,不
2021102883,クルーミーズクライ,2025-07-03,大井,7,C1六 七,13,7,11,6.4,2,3,和田譲治,56,ダ,1600,良
2021102883,クルーミーズクライ,2025-06-11,大井,7,C1七 八九(C1八),11,6,6,12.9,6,4,安藤洋一,56,ダ,1600,不
2021102883,クルーミーズクライ,2025-05-21,大井,8,ジン・トニック賞(C1),11,6,8,107.3,9,5,安藤洋一,56,ダ,1600,稍
2021102883,クルーミーズクライ,2025-01-30,大井,9,C1五 六,13,5,6,279.2,12,8,谷内貫太,54,ダ,1600,良
2021102883,クルーミーズクライ,2025-01-16,大井,7,C1六 七八(C1七),11,5,5,66.6,9,10,安藤洋一,56,ダ,1600,良
2021102883,クルーミーズクライ,2024-12-30,大井,8,C1五 六七(C1六),14,6,10,112.3,10,9,谷内貫太,54,ダ,1600,良
2021102883,クルーミーズクライ,2024-12-04,大井,8,プース・カフェ賞(C1),13,8,13,12.0,7,9,Ｍ．ミシ,54,ダ,1600,良
2021102883,クルーミーズクライ,2024-11-04,大井,7,C1七 八,14,5,7,13.1,6,5,Ｍ．ミシ,54,ダ,1600,稍
2021102883,クルーミーズクライ,2024-10-02,大井,11,ジャパンダートクラシ(JpnI),15,8,14,999.9,15,14,安藤洋一,57,ダ,2000,良
2021102883,クルーミーズクライ,2024-08-17,大井,5,3歳一 二三(3歳二),10,4,4,5.4,3,1,安藤洋一,56,ダ,1600,重
2021102883,クルーミーズクライ,2024-08-16,大井,5,3歳一 二三(3歳二),,4,4,,,,安藤洋一,56,ダ,1600,
2021102883,クルーミーズクライ,2024-07-31,大井,10,フォーチュネイトひま(C13歳),16,8,15,52.1,12,7,安藤洋一,56,ダ,1800,良
2021102883,クルーミーズクライ,2024-07-12,大井,1,3歳一 二三(3歳二),9,8,10,10.0,5,4,谷内貫太,54,ダ,1600,稍
2021102883,クルーミーズクライ,2024-06-27,大井,5,3歳四 五六(3歳五),12,5,6,5.8,3,3,谷内貫太,54,ダ,1600,良
2021102883,クルーミーズクライ,2024-06-05,大井,1,3歳四 五六(3歳五),13,5,6,42.7,8,4,谷内貫太,54,ダ,1600,稍
2021102883,クルーミーズクライ,2024-05-15,大井,1,3歳七 八,12,7,9,18.8,6,4,谷内貫太,54,ダ,1600,重
2021102883,クルーミーズクライ,2024-04-23,大井,6,3歳七 八九(3歳八),13,8,14,14.4,5,8,谷内貫太,54,ダ,1400,稍
2021102883,クルーミーズクライ,2024-04-10,大井,3,3歳七 八,11,5,5,31.7,6,2,谷内貫太,54,ダ,1400,重
2021102883,クルーミーズクライ,2024-03-20,大井,4,3歳八 九,14,4,6,3.7,2,5,笹川翼,56,ダ,1400,良
2021102883,クルーミーズクライ,2024-02-28,大井,4,立会川賞(3歳),12,6,7,7.9,3,5,笹川翼,56,ダ,1400,稍
2021102883,クルーミーズクライ,2024-02-12,大井,6,3歳九 十,11,4,4,6.0,3,4,森泰斗,56,ダ,1200,稍
2021102883,クルーミーズクライ,2024-01-22,大井,3,3歳12 13,13,5,6,29.0,8,3,笹川翼,56,ダ,1400,不
2021102883,クルーミーズクライ,2023-12-27,大井,2,2歳 新馬,6,6,6,9.4,3,5,笹川翼,55,ダ,1600,良
2021102897,アイアムイブシギン,2026-09-03,大井,1,C3一 二,10,7,7,13.0,4,10,鷹見陸,56,ダ,1600,良
2021102897,アイアムイブシギン,2026-08-16,大井,1,C3三 四,14,8,13,20.8,3,2,鷹見陸,56,ダ,1600,重
2021102897,アイアムイブシギン,2026-07-22,大井,1,C3四 五,14,7,12,3.6,2,4,西優哉,53,ダ,1600,良
2021102897,アイアムイブシギン,2026-06-11,大井,1,C3一 二,14,4,5,4.4,2,6,西優哉,53,ダ,1600,稍
2021102897,アイアムイブシギン,2026-05-20,大井,2,C3一 二三(C3二),11,5,5,6.5,2,3,西優哉,53,ダ,1400,良
2021102897,アイアムイブシギン,2026-04-30,大井,1,C3一,14,5,8,9.5,4,4,鷹見陸,56,ダ,1800,稍
2021102897,アイアムイブシギン,2026-04-15,大井,1,C3四 五,14,6,9,16.2,5,2,鷹見陸,56,ダ,1600,良
2021102897,アイアムイブシギン,2026-03-24,大井,1,C3五 六,13,5,6,32.6,5,5,鷹見陸,56,ダ,1600,良
2021102897,アイアムイブシギン,2026-03-10,大井,1,C3五 六,14,6,9,4.2,2,13,鷹見陸,56,ダ,1600,稍
2021102897,アイアムイブシギン,2025-12-01,大井,6,C215 16,14,8,14,39.3,8,8,鷹見陸,55,ダ,1600,良
2021102897,アイアムイブシギン,2025-11-10,大井,5,C215 1617(C216),14,1,1,7.6,4,8,鷹見陸,55,ダ,1600,稍
2021102897,アイアムイブシギン,2025-10-05,大井,4,ゴッドファーザー賞(C2),8,7,7,8.6,3,6,鷹見陸,55,ダ,1600,良
2021102897,アイアムイブシギン,2025-09-16,大井,1,C3三 四五(C3四),14,5,7,6.0,2,1,鷹見陸,55,ダ,1600,稍
2021102897,アイアムイブシギン,2025-09-04,大井,2,C3三 四,12,8,12,22.9,6,5,鷹見陸,55,ダ,1200,良
2021102897,アイアムイブシギン,2025-08-14,大井,2,C3三 四,13,3,3,22.5,7,7,所蛍,54,ダ,1200,稍
2021102897,アイアムイブシギン,2025-07-16,大井,2,C3四 五,14,8,14,32.6,8,5,所蛍,54,ダ,1200,不
2021102897,アイアムイブシギン,2025-06-09,大井,9,JAいちかわ賞(C213),14,7,12,8.4,4,12,Ｒ．クア,56,ダ,1200,良
2021102897,アイアムイブシギン,2025-05-19,大井,8,ポート・フリップ賞(C213),11,6,6,2.2,1,5,藤田凌,56,ダ,1200,重
2021102897,アイアムイブシギン,2025-04-28,大井,12,C212 1314(C213),11,6,6,7.6,4,5,笹川翼,56,ダ,1200,重
2021102897,アイアムイブシギン,2025-04-14,大井,10,C214 1516(C215),12,4,5,19.4,3,5,笹川翼,56,ダ,1200,不
2021102897,アイアムイブシギン,2025-03-10,大井,3,C3六 七,16,1,1,2.3,1,1,笹川翼,56,ダ,1200,重
2021102897,アイアムイブシギン,2025-02-18,大井,1,C3七 八,16,6,11,9.1,4,3,笹川翼,56,ダ,1200,良
2021102897,アイアムイブシギン,2025-01-27,大井,3,C3八 九,14,7,11,11.8,2,6,矢野貴之,56,ダ,1400,良
2021102897,アイアムイブシギン,2024-12-23,名古屋,3,C13組,10,6,6,14.7,4,6,大畑雅章,56,ダ,1400,良
2021102897,アイアムイブシギン,2024-12-05,名古屋,2,C11組,12,7,9,4.6,3,4,山田祥雄,56,ダ,1500,良
2021102897,アイアムイブシギン,2024-11-22,名古屋,3,C13組,12,5,6,3.7,2,3,山田祥雄,56,ダ,1500,良
2021102897,アイアムイブシギン,2024-11-13,名古屋,2,C14組,12,6,7,20.5,7,3,山田祥雄,56,ダ,1500,良
2021102897,アイアムイブシギン,2024-10-29,名古屋,8,C24組,12,8,12,3.5,2,1,山田祥雄,56,ダ,1500,不
2021102897,アイアムイブシギン,2024-10-16,名古屋,7,C24組,12,6,8,26.3,6,5,山田祥雄,56,ダ,1500,良
2021102897,アイアムイブシギン,2024-10-01,名古屋,7,C25組,12,7,9,12.8,4,4,大畑雅章,56,ダ,1500,稍
2021102897,アイアムイブシギン,2024-09-20,名古屋,2,3歳17組,12,8,11,9.3,4,3,山田祥雄,56,ダ,1500,良
2021102897,アイアムイブシギン,2024-09-06,名古屋,3,3歳16組,12,1,1,5.6,3,6,大畑雅章,56,ダ,1500,良
2021102897,アイアムイブシギン,2024-07-21,札幌,4,3歳未勝利,13,2,2,77.5,9,10,黛弘人,57,ダ,1700,良
2021102897,アイアムイブシギン,2024-04-28,東京,2,3歳未勝利,16,7,13,47.6,9,14,長浜鴻緒,54,ダ,1400,良
2021102897,アイアムイブシギン,2024-03-10,中山,2,3歳未勝利,16,8,15,200.8,11,7,黛弘人,57,ダ,1200,稍
2021102897,アイアムイブシギン,2024-01-21,中山,1,3歳未勝利,16,4,7,81.3,7,14,柴田善臣,57,ダ,1200,不
2021102897,アイアムイブシギン,2023-11-04,東京,4,2歳新馬,16,8,16,68.3,9,15,柴田善臣,56,ダ,1600,良
2021102899,イチニチショチョウ,2026-08-15,大井,9,サマーバケーション賞(B3),14,5,8,78.0,10,6,達城龍次,56,ダ,1400,稍
2021102899,イチニチショチョウ,2026-07-23,大井,11,アフター5スター賞ト(A2),10,1,1,238.4,10,9,谷内貫太,52,ダ,1200,良
2021102899,イチニチショチョウ,2026-07-03,大井,12,潮見坂賞競走(B3),13,1,1,141.8,12,9,菅原涼太,56,ダ,1400,不
2021102899,イチニチショチョウ,2026-06-10,大井,12,BSイレブン賞競走(B3),13,7,10,327.6,13,8,菅原涼太,56,ダ,1600,重
2021102899,イチニチショチョウ,2026-05-21,大井,12,桂坂賞競走(B3),14,5,8,204.8,11,13,谷内貫太,55,ダ,1650,稍
2021102899,イチニチショチョウ,2026-04-27,大井,12,行人坂賞競走(B3),14,5,8,202.1,13,10,谷内貫太,56,ダ,1600,不
2021102899,イチニチショチョウ,2026-04-13,大井,11,木の芽坂賞競走(B3),10,5,5,102.0,9,9,菅原涼太,56,ダ,1600,良
2021102899,イチニチショチョウ,2026-03-25,大井,12,播磨坂賞競走(B3),13,8,13,126.3,12,12,菅原涼太,56,ダ,1400,稍
2021102899,イチニチショチョウ,2026-03-11,大井,12,御組坂賞競走(B3),11,7,8,107.9,9,8,菅原涼太,56,ダ,1400,良
2021102899,イチニチショチョウ,2026-02-19,大井,11,ゴールデンステッキ賞(B3),15,3,4,201.7,12,12,谷内貫太,56,ダ,1200,良
2021102899,イチニチショチョウ,2026-01-30,大井,11,狸坂賞競走(B3),12,8,11,114.4,9,11,谷内貫太,55,ダ,1400,良
2021102899,イチニチショチョウ,2026-01-12,大井,12,芋洗坂賞競走(B3),16,8,15,114.9,13,15,谷内貫太,55,ダ,1800,良
2021102899,イチニチショチョウ,2025-12-29,大井,10,乃木坂賞競走(B3),13,3,3,15.5,5,7,谷内貫太,55,ダ,1600,重
2021102899,イチニチショチョウ,2025-12-01,大井,11,ゼームス坂賞競走(B3),14,1,1,161.6,10,3,谷内貫太,55,ダ,1600,良
2021102899,イチニチショチョウ,2025-11-13,大井,10,汐見坂賞競走(B3),16,6,11,88.4,13,14,菅原涼太,56,ダ,1800,稍
2021102899,イチニチショチョウ,2025-10-20,大井,11,土器坂賞競走(B3),16,3,5,55.9,9,7,谷内貫太,55,ダ,1600,稍
2021102899,イチニチショチョウ,2025-06-11,大井,9,夏木立賞競走(B2B3),14,7,11,4.8,2,12,谷内貫太,56,ダ,2000,不
2021102899,イチニチショチョウ,2025-05-20,大井,6,B3四,9,1,1,10.9,3,2,谷内貫太,55,ダ,1800,稍
2021102899,イチニチショチョウ,2025-05-01,大井,10,行人坂賞競走(B3),13,7,11,62.2,10,3,菅原涼太,56,ダ,1800,稍
2021102899,イチニチショチョウ,2025-04-15,大井,9,B3五,13,5,7,17.4,8,7,菅原涼太,56,ダ,1800,重
2021102899,イチニチショチョウ,2025-03-27,大井,10,桜坂賞競走(B3),16,4,8,30.4,9,14,菅原涼太,56,ダ,1800,良
2021102899,イチニチショチョウ,2025-03-12,大井,7,B3四,11,6,6,13.3,7,5,谷内貫太,54,ダ,1800,重
2021102899,イチニチショチョウ,2025-02-19,大井,10,日向坂賞競走(B3),14,6,10,14.3,8,13,谷内貫太,54,ダ,1600,良
2021102899,イチニチショチョウ,2025-01-29,大井,12,百反坂賞競走(B3),12,2,2,147.1,10,2,谷内貫太,54,ダ,1800,良
2021102899,イチニチショチョウ,2025-01-14,大井,12,道玄坂賞競走(B3),12,8,12,83.1,9,10,菅原涼太,55,ダ,1400,稍
2021102899,イチニチショチョウ,2024-12-27,大井,9,桧坂賞競走(B3),13,4,4,77.9,9,11,鷹見陸,55,ダ,1400,良
2021102899,イチニチショチョウ,2024-12-03,大井,12,九段坂賞競走(B3),16,2,4,171.6,13,3,菅原涼太,56,ダ,1400,良
2021102899,イチニチショチョウ,2024-11-06,大井,7,B2五 B3五(B2B3),9,8,8,162.7,9,7,谷内貫太,53,ダ,1200,稍
2021102899,イチニチショチョウ,2024-10-18,大井,12,土器坂賞競走(B3),12,1,1,71.0,11,11,鷹見陸,55,ダ,1600,良
2021102899,イチニチショチョウ,2024-09-29,大井,7,権之助坂賞競走(B3),9,4,4,16.4,6,6,鷹見陸,53,ダ,1600,稍
2021102899,イチニチショチョウ,2024-09-11,大井,10,金毘羅坂賞競走(B3),13,8,13,11.2,5,10,江里口裕,55,ダ,1800,良
2021102899,イチニチショチョウ,2024-08-01,大井,12,清水坂賞競走(B3),12,3,3,40.3,10,2,江里口裕,55,ダ,1800,良
2021102899,イチニチショチョウ,2024-07-11,大井,11,昌平坂賞競走(B3),11,6,7,26.9,7,6,江里口裕,55,ダ,1600,良
2021102899,イチニチショチョウ,2024-06-25,大井,12,富士見坂賞競走(B3),14,2,2,23.5,8,13,江里口裕,54,ダ,1400,重
2021102899,イチニチショチョウ,2024-06-05,大井,11,東京ダービー競走(JpnI),16,3,6,336.7,13,12,江里口裕,57,ダ,2000,稍
2021102899,イチニチショチョウ,2024-05-17,大井,2,3歳一 二三(3歳二),9,6,6,3.3,2,2,江里口裕,57,ダ,1600,重
2021102899,イチニチショチョウ,2024-04-26,大井,1,3歳一 二三(3歳二),5,5,5,7.8,4,2,江里口裕,57,ダ,1600,重
2021102899,イチニチショチョウ,2024-04-12,大井,5,3歳一 二三(3歳二),13,1,1,,,取,江里口裕,57,ダ,1400,重
2021102899,イチニチショチョウ,2024-03-22,大井,5,3歳一 二三(3歳二),11,7,9,113.6,10,2,江里口裕,56,ダ,1400,良
2021102899,イチニチショチョウ,2024-03-01,大井,3,3歳一 二三(3歳二),9,5,5,63.7,7,6,江里口裕,56,ダ,1600,不
2021102899,イチニチショチョウ,2024-02-16,大井,4,3歳一 二,8,1,1,89.2,7,5,江里口裕,56,ダ,1200,良
2021102899,イチニチショチョウ,2024-01-26,大井,3,呑川賞(3歳),6,4,4,54.3,6,4,江里口裕,56,ダ,1600,稍
2021102899,イチニチショチョウ,2023-12-30,大井,4,2歳一 二三(2歳二),12,2,2,49.4,7,7,江里口裕,56,ダ,1400,良
2021102899,イチニチショチョウ,2023-12-09,大井,10,ひばり特別競走(2歳),8,8,8,22.2,6,7,江里口裕,56,ダ,1800,良
2021102899,イチニチショチョウ,2023-12-05,大井,10,ひばり特別競走(2歳),,8,8,,,,江里口裕,56,ダ,1800,良
2021102899,イチニチショチョウ,2023-10-31,大井,11,ハイセイコー記念競走(重賞),11,8,10,311.2,11,5,菅原涼太,55,ダ,1600,良
2021102899,イチニチショチョウ,2023-10-06,大井,10,とき特別競走(2歳),9,8,8,43.8,5,6,谷内貫太,53,ダ,1600,重
2021102899,イチニチショチョウ,2023-09-21,大井,5,歴史にツボる、MIN(2歳),9,6,6,15.5,4,3,谷内貫太,51,ダ,1400,良
2021102899,イチニチショチョウ,2023-09-07,大井,6,オオタカ特別競走(2歳),8,8,8,27.4,6,3,谷内貫太,51,ダ,1200,重
2021102899,イチニチショチョウ,2023-08-03,大井,4,フレッシュスター特別(2歳),8,1,1,47.5,6,4,菅原涼太,53,ダ,1200,稍
2021102899,イチニチショチョウ,2023-07-14,大井,4,2歳一 二,4,4,4,8.3,3,3,達城龍次,54,ダ,1400,良
2021102899,イチニチショチョウ,2023-06-27,大井,2,2歳一,5,5,5,27.6,5,2,達城龍次,54,ダ,1400,良
2021102899,イチニチショチョウ,2023-06-09,大井,5,2歳 新馬,4,1,1,10.8,3,3,笹川翼,54,ダ,1200,不
2021103361,ステーレンナフト,2026-02-18,大井,7,C1二 三四(C1三),14,7,11,18.9,6,4,仲原大生,56,ダ,1600,稍
2021103361,ステーレンナフト,2025-12-31,大井,11,カウントダウン202(C1五),13,3,3,27.8,5,9,仲原大生,56,ダ,1400,稍
2021103361,ステーレンナフト,2025-12-04,大井,8,プース・カフェ賞(C1三),13,4,5,21.3,9,4,横川怜央,56,ダ,1400,良
2021103361,ステーレンナフト,2025-11-12,大井,8,フィフス・アベニュー(C1四),14,7,12,10.4,4,8,吉井章,56,ダ,1400,稍
2021103361,ステーレンナフト,2025-10-09,大井,8,サンチャゴ賞(C1),11,8,10,3.5,1,1,吉井章,56,ダ,1600,良
2021103361,ステーレンナフト,2025-09-19,大井,8,サイレント・サード賞(C2三),8,6,6,2.1,1,1,吉井章,56,ダ,1400,不
2021103361,ステーレンナフト,2025-04-29,大井,7,C1七 八九(C1八),7,5,5,8.9,4,4,吉井章,56,ダ,1600,重
2021103361,ステーレンナフト,2025-04-16,大井,8,キューバン賞(C1八),13,8,12,8.1,3,5,吉井章,56,ダ,1400,稍
2021103361,ステーレンナフト,2025-03-26,大井,9,八丈島フリージア賞(C1),14,4,5,10.1,5,7,吉井章,56,ダ,1200,良
2021103361,ステーレンナフト,2025-03-12,大井,9,C1八 九,13,1,1,3.3,1,8,吉井章,56,ダ,1200,重
2021103361,ステーレンナフト,2024-09-10,大井,8,レッド・ライオン賞(C1),14,7,11,3.9,3,6,吉井章,55,ダ,1200,良
2021103361,ステーレンナフト,2024-08-14,大井,8,チチ賞(C1),14,6,10,3.1,1,6,吉井章,55,ダ,1600,良
2021103361,ステーレンナフト,2024-08-02,大井,7,3歳一 二三(3歳二),12,2,2,1.5,1,1,吉井章,56,ダ,1400,良
2021103361,ステーレンナフト,2024-07-10,大井,6,3歳七 八,16,1,2,4.1,3,1,吉井章,56,ダ,1200,良
2021103361,ステーレンナフト,2024-01-21,大井,3,3歳14 15,8,5,5,1.7,1,1,和田譲治,56,ダ,1400,不
2021103361,ステーレンナフト,2023-09-05,大井,4,2歳 新馬,9,7,7,9.0,4,7,和田譲治,54,ダ,1400,重
2021103365,アエノジャッジ,2026-08-31,大井,8,カサブランカ賞(C2九),14,5,7,8.7,4,3,本田正重,56,ダ,1400,良
2021103365,アエノジャッジ,2026-08-13,大井,6,エバ・グリーン賞(C2),12,2,2,4.4,2,6,吉原寛人,56,ダ,1600,不
2021103365,アエノジャッジ,2026-07-23,大井,1,C3二 三,13,7,11,2.3,1,2,本田正重,56,ダ,1600,良
2021103365,アエノジャッジ,2026-06-30,大井,5,C2十 1112(C211),11,1,1,4.0,2,4,本田正重,56,ダ,1400,重
2021103365,アエノジャッジ,2026-06-08,大井,8,C212 1314(C213),12,7,10,10.6,5,2,本田正重,56,ダ,1400,不
2021103365,アエノジャッジ,2026-01-26,大井,7,C216 17,14,4,5,41.3,5,6,本田正重,56,ダ,1200,良
2021103365,アエノジャッジ,2026-01-12,大井,8,C215 16,13,8,13,22.3,5,12,本田正重,56,ダ,1600,良
2021103365,アエノジャッジ,2025-12-26,大井,3,C212 1314(C213),14,6,10,54.7,7,6,藤田凌,56,ダ,1600,重
2021103365,アエノジャッジ,2025-12-03,大井,6,C2九 十11(C2十),14,1,1,8.6,3,6,藤田凌,56,ダ,1600,良
2021103365,アエノジャッジ,2025-11-11,大井,6,C212 1314(C213),13,1,1,6.7,2,4,藤田凌,56,ダ,1400,稍
2021103365,アエノジャッジ,2025-06-10,大井,8,グラスホッパー賞(C2),11,4,5,7.7,3,1,本田正重,56,ダ,1600,稍
2021103365,アエノジャッジ,2025-05-21,大井,7,C2八 九,14,7,11,20.7,7,6,本田正重,56,ダ,1200,稍
2021103365,アエノジャッジ,2025-04-30,大井,5,C2九 十11(C2十),11,6,6,30.5,6,5,岡村健司,56,ダ,1400,稍
2021103365,アエノジャッジ,2025-04-14,大井,9,C214 1516(C215),14,6,10,138.6,10,2,岡村健司,56,ダ,1400,不
2021103365,アエノジャッジ,2025-03-25,大井,7,C213 14,12,8,12,24.9,6,7,吉原寛人,56,ダ,1600,良
2021103365,アエノジャッジ,2025-03-10,大井,8,C214 1516(C215),13,8,13,35.6,8,10,野畑凌,56,ダ,1400,重
2021103365,アエノジャッジ,2024-03-21,大井,3,3歳六 七,14,5,7,9.3,4,12,吉井章,56,ダ,1600,良
2021103365,アエノジャッジ,2023-11-13,大井,1,2歳九 十,8,2,2,2.0,1,1,吉井章,55,ダ,1400,良
2021103365,アエノジャッジ,2023-10-06,大井,4,2歳 新馬,7,3,3,14.4,6,6,吉井章,55,ダ,1400,重
2021103401,スマイルケイ,2026-09-01,大井,12,秋麗賞(C1七),12,5,6,26.9,5,6,達城龍次,54,ダ,1200,良
2021103401,スマイルケイ,2026-08-12,大井,8,C1七 八,13,5,6,34.2,10,3,達城龍次,54,ダ,1200,不
2021103401,スマイルケイ,2026-07-21,大井,9,C1七 八,12,7,9,40.2,8,7,中山遥人,53,ダ,1200,良
2021103401,スマイルケイ,2026-06-30,大井,8,プランターズ・パンチ(C1),16,3,5,163.0,12,11,達城龍次,54,ダ,1200,重
2021103401,スマイルケイ,2026-06-10,大井,8,クォーター・デック賞(C1),12,1,1,14.0,5,11,達城龍次,54,ダ,1600,重
2021103401,スマイルケイ,2026-05-18,大井,12,クレマチス特別競走(C1),14,6,11,14.0,8,5,達城龍次,54,ダ,1200,良
2021103401,スマイルケイ,2026-04-29,大井,8,シャムロック賞(C1七),14,1,1,17.3,7,10,達城龍次,54,ダ,1400,稍
2021103401,スマイルケイ,2026-04-14,大井,12,C1八 九,14,4,5,10.4,4,2,達城龍次,54,ダ,1200,良
2021103401,スマイルケイ,2026-03-27,大井,5,C2四 五六(C2五),14,4,5,3.3,2,2,達城龍次,54,ダ,1400,重
2021103401,スマイルケイ,2026-03-13,大井,5,C2三 四五(C2四),14,4,5,12.1,5,4,達城龍次,54,ダ,1400,良
2021103401,スマイルケイ,2026-02-20,大井,9,C2二 三四(C2三),15,3,4,14.8,5,5,達城龍次,54,ダ,1200,良
2021103401,スマイルケイ,2026-01-27,大井,10,冬牡丹特別競走(C2),15,1,1,9.0,4,6,藤本現暉,53,ダ,1200,良
2021103401,スマイルケイ,2026-01-16,大井,6,C2三 四五(C2四),13,2,2,8.7,4,4,達城龍次,54,ダ,1200,良
2021103401,スマイルケイ,2025-10-08,大井,12,白鳥賞(C1),16,3,6,27.2,7,4,佐野遥久,53,ダ,1200,良
2021103401,スマイルケイ,2025-09-19,大井,10,C2二 三四(C2三),11,6,7,4.2,2,2,達城龍次,54,ダ,1200,不
2021103401,スマイルケイ,2025-09-05,大井,7,C2二 三四(C2三),11,3,3,5.5,4,3,達城龍次,54,ダ,1200,不
2021103401,スマイルケイ,2025-08-15,大井,6,テキーラ・サンセット(C2四),14,3,4,4.2,2,9,矢野貴之,54,ダ,1400,良
2021103401,スマイルケイ,2025-07-04,大井,10,プルメリア特別競走(C2),14,3,3,1.6,1,2,達城龍次,54,ダ,1200,良
2021103401,スマイルケイ,2025-06-13,大井,7,C2二 三四(C2三),14,7,11,9.5,4,2,達城龍次,54,ダ,1200,稍
2021103401,スマイルケイ,2025-05-22,大井,7,C2六 七,12,7,10,4.5,2,2,達城龍次,54,ダ,1200,良
2021103401,スマイルケイ,2025-05-01,大井,9,C2五 六,14,8,14,2.8,2,3,達城龍次,54,ダ,1200,稍
2021103401,スマイルケイ,2025-04-16,大井,6,C2九 十,12,6,8,8.2,3,2,達城龍次,54,ダ,1200,稍
2021103401,スマイルケイ,2025-03-25,大井,12,カウンテスアップ賞(C2),14,4,5,6.3,5,3,達城龍次,54,ダ,1200,良
2021103401,スマイルケイ,2025-01-09,浦和,6,C2六 七,12,8,12,6.5,2,3,張田昂,54,ダ,1400,稍
2021103401,スマイルケイ,2024-12-25,浦和,7,浦和×大井クライマッ(C2十),12,3,3,4.7,2,2,張田昂,54,ダ,1400,良
2021103401,スマイルケイ,2024-11-21,浦和,2,ランチタイムチャレン(C2),11,4,4,2.6,2,3,張田昂,54,ダ,1400,稍
2021103401,スマイルケイ,2024-10-21,浦和,3,特選(3歳),8,1,1,5.8,3,4,張田昂,54,ダ,1500,良
2021103401,スマイルケイ,2024-08-01,門別,7,3歳以上C3C4ー1,12,8,12,6.2,3,6,服部茂史,55,ダ,1200,稍
2021103401,スマイルケイ,2024-07-11,門別,8,3歳以上C4ー2,9,8,9,2.8,2,1,服部茂史,55,ダ,1200,稍
2021103401,スマイルケイ,2024-06-27,門別,9,アジサイ特別(C4),12,6,8,4.1,3,2,服部茂史,55,ダ,1200,良
2021103401,スマイルケイ,2024-06-13,門別,8,キングサリ特別(C4),9,1,1,5.5,3,4,服部茂史,55,ダ,1200,良
2021103401,スマイルケイ,2024-05-29,門別,7,3歳条件4組40万円,9,5,5,3.0,1,3,小野楓馬,55,ダ,1200,良
2021103401,スマイルケイ,2024-05-15,門別,6,3歳条件4組40万円,9,7,7,18.1,7,6,落合玄太,55,ダ,1700,良
2021103401,スマイルケイ,2024-05-01,門別,2,3歳条件4ー2,7,2,2,2.9,1,4,落合玄太,55,ダ,1700,良
2021103401,スマイルケイ,2024-04-18,門別,1,3歳条件未勝利,11,5,5,3.2,2,1,落合玄太,55,ダ,1200,重
2021103401,スマイルケイ,2023-11-08,門別,1,2歳未勝利,12,2,2,18.7,5,3,井上俊彦,54,ダ,1100,重
2021103401,スマイルケイ,2023-11-03,門別,3,ポラリススタンド特別(2歳),7,7,7,,,取,小野楓馬,54,ダ,1100,重
2021103401,スマイルケイ,2023-10-17,門別,3,2歳牝馬未勝利,12,6,7,1.4,1,5,桑村真明,54,ダ,1000,稍
2021103401,スマイルケイ,2023-10-04,門別,1,SDGs推進の町うら(2歳),9,2,2,14.5,5,2,桑村真明,54,ダ,1000,良
2021103401,スマイルケイ,2023-08-08,門別,2,新冠産駒応援賞(2歳),11,7,10,,,取,桑村真明,54,ダ,1000,重
2021103401,スマイルケイ,2023-07-04,門別,5,2歳牝馬未勝利,12,4,4,24.8,7,6,井上俊彦,54,ダ,1000,良
2021103401,スマイルケイ,2023-06-22,門別,5,JRA認定フレッシュ(2歳),12,8,12,8.3,4,4,井上俊彦,54,ダ,1000,良
2021103401,スマイルケイ,2023-05-31,門別,4,JRA認定フレッシュ(2歳),8,4,4,,,取,井上俊彦,54,ダ,1000,良
2021103497,フェアクラウド,2026-09-02,大井,6,C2六 七,14,6,10,11.4,5,6,藤本現暉,56,ダ,1600,良
2021103497,フェアクラウド,2026-07-21,大井,6,C2九 十,13,2,2,4.1,2,3,矢野貴之,56,ダ,1600,良
2021103497,フェアクラウド,2026-07-03,大井,9,ヘラクレス座特別競走(C2),12,8,12,13.2,4,4,矢野貴之,56,ダ,1800,不
2021103497,フェアクラウド,2026-06-11,大井,6,C2六 七八(C2七),9,1,1,22.3,6,5,木澤奨,53,ダ,1600,稍
2021103497,フェアクラウド,2026-01-28,大井,5,C2八 九十(C2九),8,1,1,,,取,吉原寛人,56,ダ,1600,良
2021103497,フェアクラウド,2026-01-13,大井,7,C212 1314(C213),13,7,10,2.8,1,1,矢野貴之,56,ダ,1600,良
2021103497,フェアクラウド,2025-12-29,大井,4,C2九 十11(C2十),12,8,12,16.3,4,4,吉原寛人,56,ダ,1600,重
2021103497,フェアクラウド,2025-12-03,大井,6,C2九 十11(C2十),14,6,9,14.4,6,2,吉原寛人,56,ダ,1600,良
2021103497,フェアクラウド,2025-10-05,大井,4,ゴッドファーザー賞(C2),8,6,6,12.7,4,1,矢野貴之,56,ダ,1600,良
2021103497,フェアクラウド,2025-09-17,大井,1,C3一 二,14,6,9,3.7,3,5,矢野貴之,56,ダ,1600,良
2021103497,フェアクラウド,2025-09-05,大井,1,C3一 二,14,7,11,3.8,1,11,矢野貴之,56,ダ,1600,不
2021103497,フェアクラウド,2025-08-15,大井,1,C3一 二,14,7,11,4.0,2,3,矢野貴之,56,ダ,1600,良
2021103497,フェアクラウド,2025-07-18,大井,1,C3二 三,12,4,5,4.1,2,7,和田譲治,56,ダ,1600,重
2021103497,フェアクラウド,2025-07-01,大井,6,C2九 十11(C2十),14,6,9,,,,和田譲治,56,ダ,1600,良
2021103497,フェアクラウド,2025-06-10,大井,8,グラスホッパー賞(C2),11,3,3,,,取,矢野貴之,56,ダ,1600,稍
2021103497,フェアクラウド,2025-05-19,大井,6,C212 1314(C213),14,6,10,3.3,2,2,矢野貴之,56,ダ,1600,重
2021103497,フェアクラウド,2025-04-28,大井,8,コープス・リバイバー(C213),14,4,5,14.5,6,3,矢野貴之,56,ダ,1600,稍
2021103497,フェアクラウド,2025-04-14,大井,9,C214 1516(C215),14,3,3,4.3,3,13,御神本訓,56,ダ,1400,不
2021103497,フェアクラウド,2025-03-26,大井,1,C3二 三,10,6,6,1.4,1,3,矢野貴之,56,ダ,1600,良
2021103497,フェアクラウド,2025-02-18,大井,2,C3七 八,14,5,8,2.0,1,1,矢野貴之,56,ダ,1600,良
2021103497,フェアクラウド,2024-12-10,金沢,7,相模原の種馬!ハセ氏(C2特別),12,6,8,28.0,5,1,松戸政也,56,ダ,1500,重
2021103497,フェアクラウド,2024-11-26,金沢,3,おおとり様来場・旅打(C2),9,3,3,4.8,3,5,吉原寛人,56,ダ,1500,重
2021103497,フェアクラウド,2024-11-10,金沢,5,ゆうが・ふたばハピハ(C2),9,4,4,9.5,5,1,松戸政也,56,ダ,1400,良
2021103497,フェアクラウド,2024-10-13,金沢,5,笑顔は一等賞!ハルウ(C2),10,6,6,5.9,3,3,松戸政也,56,ダ,1500,良
2021103497,フェアクラウド,2024-09-30,金沢,5,謙虚なmasa生誕!(C2),10,1,1,5.1,2,5,松戸政也,56,ダ,1500,良
2021103497,フェアクラウド,2024-09-17,金沢,1,C217,8,7,7,4.0,2,2,松戸政也,56,ダ,1400,良
2021103497,フェアクラウド,2024-07-13,小倉,4,3歳未勝利,16,4,7,180.9,14,16,西塚洸二,56,ダ,1700,稍
2021103497,フェアクラウド,2024-03-09,阪神,2,3歳未勝利,12,7,9,10.3,4,7,Ｍ．デム,57,ダ,1800,良
2021103497,フェアクラウド,2024-02-17,京都,4,3歳新馬,16,1,2,16.2,6,7,ムルザバ,57,ダ,1800,稍
2021103509,トーケンレナン,2026-08-16,大井,8,へびつかい座特別競走(C1三),13,3,3,112.7,10,12,千田洋,56,ダ,1200,重
2021103509,トーケンレナン,2026-07-24,大井,12,いて座特別競走(C1三),9,1,1,14.6,2,6,千田洋,56,ダ,1200,良
2021103509,トーケンレナン,2026-07-02,大井,7,B3五,11,6,6,29.2,7,10,千田洋,56,ダ,1400,不
2021103509,トーケンレナン,2026-06-10,大井,7,B3六,11,7,9,16.0,6,7,千田洋,56,ダ,1400,重
2021103509,トーケンレナン,2026-05-21,大井,10,丸の内坂賞競走(B3),16,7,14,70.5,9,7,千田洋,56,ダ,1400,稍
2021103509,トーケンレナン,2025-12-05,大井,12,しながわウェルビーイ(B3),14,1,1,32.7,6,10,千田洋,56,ダ,1400,良
2021103509,トーケンレナン,2025-11-14,大井,10,忍坂賞競走(B3),14,4,5,13.1,5,6,千田洋,56,ダ,1400,稍
2021103509,トーケンレナン,2025-10-21,大井,10,権之助坂賞競走(B3),16,4,7,18.9,8,4,千田洋,56,ダ,1400,稍
2021103509,トーケンレナン,2025-10-07,大井,9,B3三,9,2,2,15.6,4,2,千田洋,56,ダ,1400,良
2021103509,トーケンレナン,2025-09-17,大井,10,ロイヤルナイト賞(C1六),12,6,8,41.9,8,1,千田洋,56,ダ,1400,良
2021103509,トーケンレナン,2025-09-05,大井,12,C1二 三四(C1三),10,1,1,50.2,8,8,吉井章,56,ダ,1200,不
2021103509,トーケンレナン,2025-08-14,大井,10,へびつかい座特別競走(C1三),16,4,8,45.1,10,10,吉井章,56,ダ,1200,良
2021103509,トーケンレナン,2025-07-16,大井,10,トウケイホープ賞(C1),10,8,9,75.8,9,3,吉井章,56,ダ,1200,不
2021103509,トーケンレナン,2025-07-04,大井,12,さそり座特別競走(C1四),11,6,6,9.4,6,6,吉井章,56,ダ,1200,良
2021103509,トーケンレナン,2025-06-13,大井,9,印西市コスモス賞(C1三),11,3,3,25.7,7,10,野畑凌,56,ダ,1200,稍
2021103509,トーケンレナン,2025-05-23,大井,8,キングストン賞(C1四),14,4,5,93.5,11,6,町田直希,56,ダ,1200,良
2021103509,トーケンレナン,2025-05-02,大井,9,たて座特別競走(C1三),7,1,1,22.9,4,5,西啓太,56,ダ,1200,不
2021103509,トーケンレナン,2025-04-18,大井,12,北極星特別競走(C1三),15,1,1,21.6,9,7,西啓太,56,ダ,1200,良
2021103509,トーケンレナン,2025-03-28,大井,9,アンタッチャブルレコ(C1四),13,6,8,9.8,5,6,西啓太,56,ダ,1200,稍
2021103509,トーケンレナン,2024-10-17,大井,12,野菊特別競走(C1四),11,8,10,7.7,4,3,吉井章,56,ダ,1200,良
2021103509,トーケンレナン,2024-10-02,大井,10,クリスタルクォーツ賞(C1),11,7,9,9.0,5,1,吉井章,55,ダ,1200,良
2021103509,トーケンレナン,2024-09-10,大井,8,レッド・ライオン賞(C1),14,4,5,53.6,9,7,藤田凌,55,ダ,1200,良
2021103509,トーケンレナン,2024-08-02,大井,8,マイ・タイ賞(3歳二),14,4,5,8.5,2,2,吉井章,56,ダ,1200,良
2021103509,トーケンレナン,2024-07-12,大井,3,3歳一 二三(3歳二),14,6,10,11.7,4,4,吉井章,56,ダ,1200,稍
2021103509,トーケンレナン,2024-06-27,大井,7,3歳四 五六(3歳五),13,8,14,3.9,2,2,吉井章,56,ダ,1200,良
2021103509,トーケンレナン,2024-06-05,大井,3,3歳四 五六(3歳五),13,6,9,2.1,1,6,吉井章,56,ダ,1200,稍
2021103509,トーケンレナン,2024-05-15,大井,2,3歳七 八,13,2,2,3.3,2,2,吉井章,56,ダ,1200,重
2021103509,トーケンレナン,2024-01-24,大井,6,3歳六 七,14,3,3,13.4,5,5,吉井章,56,ダ,1200,重
2021103509,トーケンレナン,2023-12-28,大井,4,2歳六 七,13,6,9,11.7,4,2,吉井章,55,ダ,1200,良
2021103509,トーケンレナン,2023-12-06,大井,3,2歳六 七,12,8,12,12.7,7,3,吉井章,55,ダ,1200,良
2021103509,トーケンレナン,2023-10-19,門別,2,2歳未勝利,12,1,1,9.2,5,8,亀井洋司,55,ダ,1200,稍
2021103509,トーケンレナン,2023-10-04,門別,1,SDGs推進の町うら(2歳),9,1,1,3.2,2,5,阿部龍,55,ダ,1000,良
2021103509,トーケンレナン,2023-08-15,門別,2,2歳未勝利,11,7,9,1.9,1,3,阿部龍,54,ダ,1000,良
2021103509,トーケンレナン,2023-07-26,門別,1,2歳未勝利,12,4,4,2.4,2,3,阿部龍,54,ダ,1000,良
2021103509,トーケンレナン,2023-07-12,門別,1,2歳未勝利,8,1,1,2.2,1,2,阿部龍,54,ダ,1000,重
2021103509,トーケンレナン,2023-06-29,門別,2,JRA認定アタックチ(2歳),9,5,5,13.9,3,6,阿部龍,54,ダ,1000,稍
2021103509,トーケンレナン,2023-06-08,門別,5,JRA認定フレッシュ(2歳),11,8,11,1.3,1,5,阿部龍,54,ダ,1000,稍
2021103546,ペルセイズ,2026-09-02,大井,8,ハンター賞(B3),12,6,8,11.9,5,1,達城龍次,56,ダ,1400,良
2021103546,ペルセイズ,2026-08-16,大井,7,C1二 三四(C1三),11,3,3,10.4,3,2,達城龍次,56,ダ,1400,重
2021103546,ペルセイズ,2026-07-24,大井,10,C1二 三四(C1三),14,8,14,19.1,6,3,達城龍次,56,ダ,1400,良
2021103546,ペルセイズ,2026-07-01,大井,8,カイピリーニャ賞(C1四),14,3,4,23.4,6,1,達城龍次,56,ダ,1400,稍
2021103546,ペルセイズ,2026-06-12,大井,8,ジン・ライム賞(C1四),13,3,3,20.1,6,7,達城龍次,56,ダ,1600,稍
2021103546,ペルセイズ,2026-05-21,大井,5,C1二 三四(C1三),14,2,2,7.4,4,6,達城龍次,56,ダ,1600,稍
2021103546,ペルセイズ,2025-11-19,川崎,12,バーボン賞(C1二),14,2,2,17.3,5,2,中越琉世,56,ダ,1500,良
2021103546,ペルセイズ,2025-10-27,浦和,10,金木犀特別(C1),12,5,6,23.5,5,4,伊藤裕人,56,ダ,1500,重
2021103546,ペルセイズ,2025-10-16,川崎,7,かわさきジャズ&amp;かわ(C1二),13,3,3,,,除,町田直希,56,ダ,1500,重
2021103546,ペルセイズ,2025-09-24,浦和,8,浦和エイトチャレンジ(C1),12,2,2,17.2,5,2,町田直希,56,ダ,1500,良
2021103546,ペルセイズ,2025-09-12,川崎,7,旗印賞(C1二),11,8,11,48.8,9,10,中越琉世,56,ダ,1400,重
2021103546,ペルセイズ,2025-08-25,川崎,7,C1三 四五(C1四),11,1,1,8.0,5,6,伊藤裕人,56,ダ,1500,良
2021103546,ペルセイズ,2025-08-08,川崎,12,納涼賞(C1),10,1,1,24.1,8,6,伊藤裕人,56,ダ,1400,良
2021103546,ペルセイズ,2025-05-06,名古屋,12,ちまき賞(B),12,2,2,8.1,4,8,丸野勝虎,57,ダ,1700,不
2021103546,ペルセイズ,2025-04-22,名古屋,12,B3組,12,5,5,5.5,3,4,丸野勝虎,57,ダ,1500,良
2021103546,ペルセイズ,2025-04-09,名古屋,11,土筆賞(B),12,2,2,5.9,4,3,望月洵輝,57,ダ,1700,良
2021103546,ペルセイズ,2025-03-21,笠松,8,A6・B3組(AB),9,7,7,1.5,1,3,丸野勝虎,56,ダ,1400,良
2021103546,ペルセイズ,2025-02-25,名古屋,11,B3組,10,8,9,6.2,3,2,丸野勝虎,56,ダ,1500,良
2021103546,ペルセイズ,2025-02-10,名古屋,11,ぎょしゃ座特別(B),10,8,11,13.5,5,9,大畑雅章,56,ダ,1500,稍
2021103546,ペルセイズ,2025-01-29,名古屋,7,B6組,10,8,9,1.4,1,1,丸野勝虎,56,ダ,1700,良
2021103546,ペルセイズ,2025-01-04,川崎,9,黒豆賞(C1二),12,6,7,10.1,3,11,今野忠成,56,ダ,1400,良
2021103546,ペルセイズ,2024-12-09,川崎,12,猩々木賞(C1),13,3,3,3.7,3,2,今野忠成,56,ダ,1500,良
2021103546,ペルセイズ,2024-11-12,川崎,6,C1六 七,9,7,7,2.9,2,2,吉原寛人,56,ダ,1400,稍
2021103546,ペルセイズ,2024-10-23,浦和,9,オパール特別(C2),12,7,9,3.0,1,2,野畑凌,56,ダ,1400,良
2021103546,ペルセイズ,2024-10-10,川崎,6,C2三 四五(C2四),8,7,7,2.6,1,3,Ｍ．ミシ,54,ダ,1500,重
2021103546,ペルセイズ,2024-08-07,川崎,8,オーガストフラワー賞(3歳C1),10,8,11,10.5,4,5,本田正重,56,ダ,1600,良
2021103546,ペルセイズ,2024-06-16,京都,3,3歳未勝利,16,6,12,8.3,5,11,西村淳也,57,ダ,1400,稍
2021103546,ペルセイズ,2024-06-02,京都,3,3歳未勝利,16,7,14,12.6,4,5,鮫島克駿,57,ダ,1400,稍
2021103546,ペルセイズ,2024-05-19,京都,1,3歳未勝利,14,5,8,13.0,6,4,西村淳也,57,ダ,1400,良
2021103546,ペルセイズ,2024-04-14,福島,6,3歳未勝利,15,2,3,5.3,3,8,松岡正海,57,ダ,1700,良
2021103546,ペルセイズ,2024-02-25,阪神,2,3歳未勝利,14,3,3,8.4,5,7,藤岡康太,57,ダ,1400,不
2021103546,ペルセイズ,2024-02-11,東京,4,3歳新馬,16,8,16,27.0,8,2,松岡正海,57,ダ,1600,稍
2021103585,トランジェント,2026-08-16,大井,5,清水坂賞競走(B3),9,5,5,3.8,2,1,本田正重,54,ダ,2000,重
2021103585,トランジェント,2026-07-21,大井,12,三宅坂賞競走(B3),16,2,4,8.7,4,9,澤田龍哉,54,ダ,1800,良
2021103585,トランジェント,2026-06-30,大井,10,B3四,12,8,11,6.2,3,8,澤田龍哉,54,ダ,2000,重
2021103585,トランジェント,2026-06-10,大井,12,BSイレブン賞競走(B3),13,2,2,15.0,4,7,澤田龍哉,54,ダ,1600,重
2021103585,トランジェント,2026-05-22,大井,7,プレアデス賞競走(B2B3),9,4,4,7.0,4,6,野畑凌,53,ダ,1600,不
2021103585,トランジェント,2026-04-27,大井,12,行人坂賞競走(B3),14,2,2,13.2,5,3,澤田龍哉,55,ダ,1600,不
2021103585,トランジェント,2026-02-17,大井,12,狸穴坂賞競走(B3),16,6,11,12.4,5,4,澤田龍哉,54,ダ,1800,稍
2021103585,トランジェント,2026-01-26,大井,12,白富士賞競走(B2B3),15,2,3,22.8,8,5,澤田龍哉,53,ダ,1800,良
2021103585,トランジェント,2026-01-12,大井,12,芋洗坂賞競走(B3),16,4,8,17.4,7,2,澤田龍哉,54,ダ,1800,良
2021103585,トランジェント,2025-12-26,大井,6,コスモポリタン賞(B3),14,7,12,6.6,4,4,澤田龍哉,54,ダ,2000,重
2021103585,トランジェント,2025-12-01,大井,11,ゼームス坂賞競走(B3),14,3,3,17.0,5,6,小野楓馬,54,ダ,1600,良
2021103585,トランジェント,2025-11-13,大井,10,汐見坂賞競走(B3),16,8,16,77.9,12,2,澤田龍哉,54,ダ,1800,稍
2021103585,トランジェント,2025-10-20,大井,11,土器坂賞競走(B3),16,3,6,9.8,2,3,澤田龍哉,54,ダ,1600,稍
2021103585,トランジェント,2025-10-05,大井,6,ヴァーゴ賞競走(B2B3),13,5,7,20.3,7,4,澤田龍哉,53,ダ,1600,良
2021103585,トランジェント,2025-07-03,大井,12,海王星特別競走(C1C2),13,8,12,1.6,1,1,矢野貴之,55,ダ,1650,良
2021103585,トランジェント,2025-06-13,大井,8,ストーン・フェンス賞(C1三),14,4,6,5.7,3,6,澤田龍哉,54,ダ,1600,稍
2021103585,トランジェント,2025-05-22,大井,8,ヘルメス賞(C1),12,4,4,3.8,2,1,澤田龍哉,54,ダ,1600,良
2021103585,トランジェント,2025-04-29,大井,7,C1七 八九(C1八),7,3,3,22.5,5,2,澤田龍哉,54,ダ,1600,重
2021103585,トランジェント,2025-04-16,大井,8,キューバン賞(C1八),13,8,13,10.6,5,8,本田正重,54,ダ,1400,稍
2021103585,トランジェント,2025-03-26,大井,8,コモドール賞(C1),9,3,3,4.8,3,7,御神本訓,54,ダ,1600,良
2021103585,トランジェント,2025-02-16,佐賀,8,小草生月賞(C1),11,6,7,1.3,1,1,飛田愛斗,54,ダ,1300,不
2021103585,トランジェント,2025-01-26,佐賀,11,SAGAリベンジャー(C1),10,7,7,1.6,1,1,飛田愛斗,54,ダ,1400,良
2021103585,トランジェント,2025-01-12,佐賀,8,王春賞(C1),12,1,1,1.7,1,2,飛田愛斗,54,ダ,1400,稍
2021103585,トランジェント,2024-12-22,佐賀,5,SAGAジョッキーズ(C2),12,3,3,3.2,2,1,竹吉徹,54,ダ,1400,良
2021103585,トランジェント,2024-11-23,佐賀,7,C2ー4組,10,7,9,,,除,山田義貴,54,ダ,1300,良
2021103585,トランジェント,2024-10-29,門別,7,3歳以上C2ー2?C,12,6,8,17.1,6,1,黒澤愛斗,55,ダ,1200,良
2021103585,トランジェント,2024-10-15,門別,10,翔けろ!浦河産馬特別(C3),12,7,9,26.7,11,7,黒澤愛斗,55,ダ,1200,良
2021103585,トランジェント,2024-10-01,門別,8,3歳以上C3ー2C4,12,3,3,12.3,6,6,黒澤愛斗,55,ダ,1200,良
2021103585,トランジェント,2024-09-18,門別,8,3歳以上C3C4ー1,10,6,6,4.4,3,8,黒澤愛斗,55,ダ,1000,稍
2021103585,トランジェント,2024-03-16,中京,1,3歳未勝利,16,5,9,2.9,2,4,団野大成,55,ダ,1200,良
2021103585,トランジェント,2024-01-20,京都,3,3歳新馬,16,2,3,13.0,6,2,田口貫太,53,ダ,1200,稍
2021103600,ビートリニティ,2026-09-03,大井,7,C2三 四五(C2四),12,7,9,4.7,2,8,吉井章,54,ダ,1600,良
2021103600,ビートリニティ,2026-08-14,大井,3,C2六 七八(C2七),13,5,6,4.9,1,1,吉井章,54,ダ,1600,不
2021103600,ビートリニティ,2026-07-20,大井,7,C211 1213(C212),10,3,3,3.1,2,9,吉井章,54,ダ,1600,良
2021103600,ビートリニティ,2026-07-01,大井,4,C2八 九,14,8,14,4.5,2,1,吉井章,54,ダ,1600,稍
2021103600,ビートリニティ,2026-04-27,大井,8,ラスティ・ネイル賞(C213),14,6,9,8.5,5,2,吉井章,54,ダ,1400,不
2021103600,ビートリニティ,2026-04-13,大井,8,ビアーグルト賞(C214),12,3,3,8.7,4,8,吉井章,54,ダ,1600,良
2021103600,ビートリニティ,2026-03-23,大井,6,C215 16,12,4,4,3.3,1,3,吉井章,54,ダ,1600,良
2021103600,ビートリニティ,2026-03-10,大井,4,立会川賞(C2),14,6,10,14.5,6,10,吉井章,54,ダ,2400,稍
2021103600,ビートリニティ,2025-10-07,大井,6,C211 1213(C212),12,6,8,16.2,6,3,中村尚平,54,ダ,1400,良
2021103600,ビートリニティ,2025-09-16,大井,12,くじら座特別競走(C2),14,8,14,29.4,8,3,吉井章,54,ダ,2000,稍
2021103600,ビートリニティ,2025-09-01,大井,8,ピンク・ジン賞(C2),8,7,7,3.1,2,5,矢野貴之,54,ダ,1600,良
2021103600,ビートリニティ,2025-08-10,大井,1,C3 選抜牝馬,11,7,8,4.8,2,1,矢野貴之,54,ダ,1400,不
2021103600,ビートリニティ,2025-07-16,大井,2,C3四 五,14,4,5,12.7,4,8,高橋優,51,ダ,1200,不
2021103600,ビートリニティ,2025-01-27,大井,8,C216 17,14,3,4,22.7,4,3,藤田凌,54,ダ,1200,良
2021103600,ビートリニティ,2025-01-13,大井,7,C216 17,16,2,3,8.8,3,6,落合玄太,54,ダ,1200,稍
2021103600,ビートリニティ,2024-12-30,大井,3,3歳一 二,14,6,9,2.6,2,3,谷内貫太,52,ダ,1200,良
2021103600,ビートリニティ,2024-12-05,大井,3,3歳四 五,14,6,10,8.6,5,2,谷内貫太,52,ダ,1200,良
2021103600,ビートリニティ,2024-10-22,盛岡,4,C2一組,9,1,1,113.8,8,7,山本政聡,54,ダ,1400,稍
2021103600,ビートリニティ,2024-10-08,盛岡,4,C2一組,12,6,8,10.4,4,5,山本政聡,54,ダ,1400,重
2021103600,ビートリニティ,2024-09-10,水沢,7,3歳C1二組,11,2,2,11.7,5,4,村上忍,54,ダ,1400,良
2021103600,ビートリニティ,2024-09-01,盛岡,6,ベルガモット賞(3歳C2),9,5,5,2.8,2,2,山本政聡,54,ダ,1200,稍
2021103600,ビートリニティ,2024-07-23,金沢,7,加賀山中賞(3歳),8,5,5,9.7,4,7,菊澤一樹,54,ダ,1500,良
2021103600,ビートリニティ,2024-06-15,東京,2,3歳未勝利,16,6,12,183.6,11,13,菊沢一樹,55,ダ,2100,良
2021103600,ビートリニティ,2024-05-28,金沢,7,加賀医王山賞(3歳),8,2,2,8.0,5,2,菊澤一樹,54,ダ,1500,不
2021103600,ビートリニティ,2024-04-13,福島,1,3歳未勝利,16,1,2,105.5,11,12,小林勝太,52,ダ,1150,良
2021103600,ビートリニティ,2024-02-22,浦和,7,ツインシャイン特別(3歳),12,5,5,36.9,8,3,小林勝太,51,ダ,1400,稍
2021103600,ビートリニティ,2023-12-24,中山,3,2歳未勝利,16,3,6,731.5,16,15,嶋田純次,55,芝,1200,良
2021103600,ビートリニティ,2023-10-15,新潟,5,2歳新馬,18,7,15,148.7,18,16,嶋田純次,55,芝,1600,良
2021103649,ユメゴテン,2026-08-16,大井,8,へびつかい座特別競走(C1三),13,8,13,1.3,1,1,矢野貴之,54,ダ,1200,重
2021103649,ユメゴテン,2026-07-22,大井,12,ハーレーダビッドソン(C1),11,6,7,1.5,1,1,矢野貴之,54,ダ,1200,良
2021103649,ユメゴテン,2026-06-30,大井,8,プランターズ・パンチ(C1),16,3,6,3.5,2,2,矢野貴之,54,ダ,1200,重
2021103649,ユメゴテン,2025-10-10,大井,10,みなみのうお座特別競(C1四),10,8,10,2.5,1,2,矢野貴之,54,ダ,1200,良
2021103649,ユメゴテン,2025-09-05,大井,12,C1二 三四(C1三),10,7,7,4.2,2,5,江里口裕,54,ダ,1200,不
2021103649,ユメゴテン,2025-08-13,大井,9,C1五 六,14,7,11,3.2,2,3,江里口裕,54,ダ,1200,稍
2021103649,ユメゴテン,2025-05-22,大井,9,C1六 七,16,6,12,1.7,1,1,江里口裕,54,ダ,1200,良
2021103649,ユメゴテン,2025-04-18,大井,8,アティ賞(C2四),13,6,9,3.3,2,1,江里口裕,54,ダ,1200,良
2021103649,ユメゴテン,2025-03-28,大井,2,ホワイトステッキ賞(C2四),10,3,3,2.6,1,5,江里口裕,54,ダ,1400,稍
2021103649,ユメゴテン,2025-03-12,大井,4,立会川賞(C2),13,5,6,28.0,7,1,江里口裕,54,ダ,1200,重
2021103649,ユメゴテン,2024-01-26,大井,2,3歳四 五,14,3,4,9.9,3,2,江里口裕,54,ダ,1200,稍
2021103649,ユメゴテン,2023-11-17,大井,4,2歳 新馬,5,5,5,1.8,1,1,江里口裕,54,ダ,1200,不
2021103742,スリーボビー,2026-07-23,大井,7,C2三 四五(C2四),12,8,12,2.1,1,11,矢野貴之,56,ダ,1400,良
2021103742,スリーボビー,2026-07-03,大井,8,ブラッドハウンド賞(C2四),13,5,7,1.9,1,1,矢野貴之,56,ダ,1400,不
2021103742,スリーボビー,2026-06-11,大井,8,ストーン・フェンス賞(C2七),13,5,7,3.1,2,1,矢野貴之,56,ダ,1400,稍
2021103742,スリーボビー,2025-12-31,大井,4,C2四 五六(C2五),11,3,3,6.3,3,4,野畑凌,56,ダ,1600,稍
2021103742,スリーボビー,2025-12-05,大井,10,しながわシティラン賞(C2三),15,6,10,6.0,4,4,矢野貴之,56,ダ,1400,良
2021103742,スリーボビー,2025-11-13,大井,9,C2七 八,13,8,12,2.9,2,2,矢野貴之,56,ダ,1200,稍
2021103742,スリーボビー,2025-10-23,大井,6,おおた池月・磨墨賞(C2),12,1,1,4.3,2,2,矢野貴之,56,ダ,1200,重
2021103742,スリーボビー,2025-10-06,大井,7,C214 1516(C215),13,2,2,3.3,2,1,矢野貴之,56,ダ,1400,良
2021103742,スリーボビー,2025-09-02,大井,12,C2八 九,12,8,13,3.8,2,8,矢野貴之,56,ダ,1200,良
2021103742,スリーボビー,2024-08-10,札幌,4,3歳未勝利,14,4,5,23.2,7,11,永野猛蔵,57,ダ,1700,良
2021103742,スリーボビー,2024-07-20,札幌,2,3歳未勝利,12,4,4,14.1,7,7,永野猛蔵,57,ダ,1000,良
2021103742,スリーボビー,2024-06-22,東京,3,3歳未勝利,16,1,1,8.2,5,14,田辺裕信,57,ダ,1300,重
2021103742,スリーボビー,2024-05-04,東京,3,3歳未勝利,16,8,15,5.3,2,7,横山武史,57,ダ,1300,稍
2021103742,スリーボビー,2024-04-13,中山,3,3歳未勝利,15,6,10,2.1,2,4,横山武史,57,ダ,1200,良
2021103742,スリーボビー,2024-03-24,中京,1,3歳未勝利,16,2,4,15.0,5,3,ルメール,57,ダ,1200,重
2021103742,スリーボビー,2024-03-02,小倉,3,3歳未勝利,14,4,6,48.1,9,3,水沼元輝,54,ダ,1000,重
2021103742,スリーボビー,2023-12-24,中山,5,2歳新馬,16,3,5,5.6,3,16,横山武史,56,ダ,1200,良
2021103813,ソルベット,2026-09-03,大井,10,オフトひたちなか賞競(B2),11,3,3,20.8,5,5,澤田龍哉,54,ダ,1600,良
2021103813,ソルベット,2026-07-31,川崎,11,かなテクカレッジ記念(B1B2),12,6,8,6.3,3,7,藤本現暉,53,ダ,1500,良
2021103813,ソルベット,2026-05-22,大井,7,プレアデス賞競走(B2B3),9,7,8,3.0,2,5,笹川翼,55,ダ,1600,不
2021103813,ソルベット,2026-04-28,大井,10,ケンタウルス賞競走(B2),9,1,1,4.6,3,3,笹川翼,54,ダ,1600,不
2021103813,ソルベット,2026-03-26,大井,12,スノードロップ賞競走(B2),13,5,7,3.7,2,2,笹川翼,53,ダ,1650,不
2021103813,ソルベット,2026-03-13,大井,12,円通寺坂賞競走(B3),9,6,6,2.9,2,2,笹川翼,54,ダ,1600,良
2021103813,ソルベット,2025-10-05,大井,6,ヴァーゴ賞競走(B2B3),13,7,10,4.5,3,1,笹川翼,53,ダ,1600,良
2021103813,ソルベット,2025-09-04,大井,12,オフトひたちなか賞競(C1),12,5,6,2.0,1,1,笹川翼,54,ダ,1650,良
2021103813,ソルベット,2025-08-14,大井,12,ミッドサマー特別競走(C2),12,8,11,2.5,2,1,笹川翼,54,ダ,1650,良
2021103813,ソルベット,2025-04-29,大井,7,C1七 八九(C1八),7,7,7,3.2,2,3,笹川翼,54,ダ,1600,重
2021103813,ソルベット,2025-04-16,大井,7,C1七 八九(C1八),10,5,5,6.8,3,7,西啓太,54,ダ,1600,稍
2021103813,ソルベット,2025-03-28,大井,1,レジェンドジョッキー(C2四),14,3,4,2.0,1,1,西啓太,54,ダ,1600,稍
2021103813,ソルベット,2025-03-12,大井,5,C2六 七,14,5,8,3.5,2,2,西啓太,54,ダ,1600,重
2021103813,ソルベット,2024-12-29,大井,5,C2十 1112(C211),12,7,9,2.4,1,1,西啓太,54,ダ,1600,良
2021103813,ソルベット,2024-12-01,大井,6,アクダクト賞(C2),12,6,7,2.2,1,1,西啓太,54,ダ,1600,良
2021103813,ソルベット,2024-08-29,船橋,8,ナティブーツ特別(3歳C1),9,2,2,17.5,6,3,西啓太,54,ダ,1600,良
2021103813,ソルベット,2024-07-06,福島,3,3歳未勝利,15,7,12,13.2,7,11,吉田豊,55,ダ,1700,良
2021103813,ソルベット,2024-03-09,中京,5,3歳未勝利,15,3,4,161.1,13,10,亀田温心,55,芝,1600,良
2021103813,ソルベット,2023-12-16,中山,8,2歳未勝利,16,2,3,30.9,8,13,吉田豊,55,芝,1600,良
2021103813,ソルベット,2023-11-26,東京,2,2歳未勝利,18,5,10,46.0,8,6,田辺裕信,55,芝,1600,良
2021103813,ソルベット,2023-09-09,中山,2,2歳未勝利,12,7,10,12.1,5,3,吉田豊,55,芝,1600,重
2021103813,ソルベット,2023-07-16,福島,5,2歳新馬,13,6,8,7.7,5,7,吉田豊,55,芝,1800,良
2021103886,シュヴァイゲン,2026-08-19,川崎,6,C2三 四,11,8,11,54.1,8,10,池谷匠翔,56,ダ,1400,良
2021103886,シュヴァイゲン,2026-07-28,川崎,3,ペパーミント賞(C3),9,2,2,18.9,5,1,新原周馬,56,ダ,1500,良
2021103886,シュヴァイゲン,2026-07-10,川崎,8,コンコルディア賞(C2C3),7,6,6,17.8,5,6,藤江渉,55,ダ,2000,良
2021103886,シュヴァイゲン,2026-06-17,川崎,5,C2三 四,12,8,11,108.5,11,12,藤江渉,56,ダ,1400,稍
2021103886,シュヴァイゲン,2026-05-26,浦和,4,C2五 六,11,2,2,45.2,6,4,中山遥人,55,ダ,1500,稍
2021103886,シュヴァイゲン,2026-05-14,川崎,6,パティオ賞(C2),11,8,10,118.0,10,8,中山遥人,55,ダ,1500,良
2021103886,シュヴァイゲン,2026-04-07,川崎,8,イースター賞(C2),13,6,9,31.8,8,9,中山遥人,55,ダ,1500,重
2021103886,シュヴァイゲン,2026-03-16,浦和,6,C2五 六,11,5,5,8.2,6,5,中山遥人,55,ダ,1500,稍
2021103886,シュヴァイゲン,2026-03-03,川崎,4,スターアニス賞(C3),10,6,6,6.4,3,1,中山遥人,54,ダ,1500,重
2021103886,シュヴァイゲン,2026-02-03,川崎,2,リコリス賞(C3),13,8,14,11.3,3,6,中山遥人,54,ダ,1500,良
2021103886,シュヴァイゲン,2026-01-01,川崎,4,五煙草賞(C3),14,3,3,5.0,2,3,中山遥人,54,ダ,1500,稍
2021103886,シュヴァイゲン,2025-12-19,川崎,12,47thホワイトクリ(C1C2),12,6,8,22.5,5,12,藤江渉,55,ダ,1600,稍
2021103886,シュヴァイゲン,2025-11-20,川崎,7,C2六 七八(C2七),11,1,1,9.9,4,4,藤江渉,56,ダ,1400,良
2021103886,シュヴァイゲン,2025-10-29,浦和,5,C2八 九,12,5,6,103.1,10,8,櫻井光輔,56,ダ,1400,稍
2021103886,シュヴァイゲン,2025-10-14,川崎,7,材木座賞(C2五),14,7,12,30.8,8,12,櫻井光輔,56,ダ,1500,良
2021103886,シュヴァイゲン,2025-09-26,浦和,12,テレ玉BACHプラザ(C2C3),12,5,5,4.5,3,6,野畑凌,57,ダ,2000,良
2021103886,シュヴァイゲン,2025-09-11,川崎,12,グリーンチャンネル開(C2),,8,14,,,,櫻井光輔,56,ダ,1500,不
2021103886,シュヴァイゲン,2025-08-22,川崎,8,C2三 四五(C2四),10,2,2,10.6,5,4,櫻井光輔,56,ダ,1500,良
2021103886,シュヴァイゲン,2025-08-07,川崎,12,クロート賞(C1C2),14,5,8,10.3,5,13,野畑凌,55,ダ,2000,良
2021103886,シュヴァイゲン,2025-07-07,川崎,6,コンコルディア賞(C3),14,7,11,4.1,2,1,野畑凌,56,ダ,2000,良
2021103886,シュヴァイゲン,2025-06-13,大井,1,C3一 二,12,6,8,9.9,4,1,町田直希,56,ダ,1600,重
2021103886,シュヴァイゲン,2025-05-22,大井,1,C3一 二,13,7,11,60.7,11,4,藤田凌,56,ダ,1600,良
2021103886,シュヴァイゲン,2025-05-01,大井,1,C3二 三,10,6,6,4.0,3,10,矢野貴之,56,ダ,1600,稍
2021103886,シュヴァイゲン,2025-04-15,大井,1,C3四 五,10,6,6,10.0,4,5,江里口裕,56,ダ,1600,重
2021103886,シュヴァイゲン,2025-03-25,大井,1,C3四 五,14,8,14,26.4,9,8,江里口裕,56,ダ,1600,稍
2021103886,シュヴァイゲン,2025-03-10,大井,2,C3六 七,12,1,1,30.9,5,2,江里口裕,56,ダ,1600,重
2021103886,シュヴァイゲン,2025-02-18,大井,2,C3七 八,14,4,6,59.6,6,10,江里口裕,56,ダ,1600,良
2021103886,シュヴァイゲン,2025-01-28,大井,2,C3六 七,14,3,4,36.7,7,7,江里口裕,56,ダ,1600,良
2021103886,シュヴァイゲン,2025-01-13,大井,4,C3八 九,12,7,10,21.5,6,12,江里口裕,56,ダ,1600,稍
2021103886,シュヴァイゲン,2024-12-29,大井,1,3歳三 四,11,3,3,18.3,5,7,野畑凌,56,ダ,1600,良
2021103886,シュヴァイゲン,2024-12-05,大井,2,3歳四 五,8,3,3,12.3,5,4,野畑凌,56,ダ,1600,良
2021103886,シュヴァイゲン,2024-11-13,名古屋,6,C10組,12,1,1,11.5,4,7,岡部誠,56,ダ,1500,良
2021103886,シュヴァイゲン,2024-10-30,名古屋,3,C20組,12,4,4,11.3,4,1,岡部誠,56,ダ,1400,重
2021103886,シュヴァイゲン,2024-10-07,盛岡,3,C2七組,10,1,1,3.6,3,4,坂口裕一,56,ダ,1200,良
2021103886,シュヴァイゲン,2024-09-29,水沢,6,3歳C2一組,9,7,7,8.8,4,4,鈴木祐,56,ダ,1300,良
2021103886,シュヴァイゲン,2024-09-10,水沢,6,3歳C1三組,10,8,10,24.8,5,4,鈴木祐,56,ダ,1400,良
2021103886,シュヴァイゲン,2024-08-27,盛岡,8,エメラルド賞(3歳),10,5,5,119.6,9,10,佐々木志,55,ダ,1600,稍
2021103886,シュヴァイゲン,2024-08-19,盛岡,6,3歳C2三組,8,4,4,5.6,3,6,南郷家全,56,ダ,1200,良
2021103886,シュヴァイゲン,2024-08-05,盛岡,5,3歳C2三組,10,5,5,7.1,4,6,南郷家全,56,ダ,1200,重
2021103886,シュヴァイゲン,2024-06-27,船橋,8,ナイスサドル特別(3歳未格),8,7,7,15.6,5,4,和田譲治,56,ダ,1600,良
2021103886,シュヴァイゲン,2024-04-21,福島,6,3歳未勝利,15,4,6,191.0,14,9,亀田温心,57,ダ,1700,良
2021103886,シュヴァイゲン,2024-01-06,京都,2,3歳未勝利,16,4,8,54.6,10,15,ルメート,57,ダ,1900,良
2021103886,シュヴァイゲン,2023-10-14,京都,3,2歳未勝利,11,8,10,122.5,8,10,団野大成,56,芝,1600,良
2021103886,シュヴァイゲン,2023-09-17,阪神,5,2歳新馬,9,8,8,6.0,4,8,西村淳也,55,芝,2000,良
2021103984,ポアゾンノアール,2026-08-16,大井,7,C1二 三四(C1三),11,8,11,13.9,4,3,山中悠希,54,ダ,1400,重
2021103984,ポアゾンノアール,2026-07-23,大井,9,マーメイド特別競走(C1),9,2,2,4.5,2,3,山中悠希,54,ダ,1400,良
2021103984,ポアゾンノアール,2026-06-12,大井,12,てんびん座特別競走(C1四),14,5,7,10.7,5,2,山中悠希,54,ダ,1400,稍
2021103984,ポアゾンノアール,2026-05-21,大井,5,C1二 三四(C1三),14,6,10,7.4,5,3,山中悠希,54,ダ,1600,稍
2021103984,ポアゾンノアール,2026-03-13,大井,8,C1三 四五(C1四),10,6,6,4.0,3,6,笹川翼,54,ダ,1600,良
2021103984,ポアゾンノアール,2026-02-17,大井,10,河津桜特別競走(C1C2),13,7,11,3.3,1,1,笹川翼,53,ダ,1600,稍
2021103984,ポアゾンノアール,2026-01-27,大井,10,冬牡丹特別競走(C2),15,2,4,1.7,1,2,矢野貴之,54,ダ,1200,良
2021103984,ポアゾンノアール,2025-12-30,大井,6,C2七 八,14,6,9,7.4,4,1,山中悠希,54,ダ,1200,稍
2021103984,ポアゾンノアール,2025-05-21,大井,9,クレマチス特別競走(C2),15,7,13,2.8,2,2,山中悠希,54,ダ,1200,稍
2021103984,ポアゾンノアール,2025-05-02,大井,8,コンチータ賞(C2三),12,1,1,2.3,2,5,山中悠希,54,ダ,1200,不
2021103984,ポアゾンノアール,2025-04-16,大井,6,C2九 十,12,4,4,1.4,1,1,山中悠希,54,ダ,1200,稍
2021103984,ポアゾンノアール,2025-03-12,大井,6,C2六 七,13,5,7,1.3,1,3,山中悠希,54,ダ,1200,重
2021103984,ポアゾンノアール,2024-11-05,大井,2,3歳三 四,14,3,3,1.7,1,1,山中悠希,54,ダ,1200,稍
2021103984,ポアゾンノアール,2024-08-31,札幌,4,3歳未勝利,14,2,2,53.2,10,9,富田暁,55,ダ,1700,重
2021103984,ポアゾンノアール,2024-08-17,札幌,4,3歳未勝利,14,7,12,38.9,9,4,富田暁,55,ダ,1700,良
2021103984,ポアゾンノアール,2024-08-03,札幌,2,3歳未勝利,14,5,7,174.8,13,5,富田暁,55,ダ,1700,良
2021103984,ポアゾンノアール,2024-07-14,小倉,3,3歳未勝利,16,7,14,48.6,9,13,幸英明,55,ダ,1700,重
2021103997,ラヴィンローゼス,2026-08-20,川崎,7,朝顔賞(C1),11,8,10,29.7,9,8,櫻井光輔,54,ダ,1400,良
2021103997,ラヴィンローゼス,2026-07-28,川崎,8,烈火賞(C1),12,4,4,69.4,11,11,本田紀忠,54,ダ,900,良
2021103997,ラヴィンローゼス,2026-07-10,川崎,9,あやせオープンファク(C1),11,2,2,15.9,7,6,藤江渉,54,ダ,1400,良
2021103997,ラヴィンローゼス,2026-06-15,川崎,9,駿逸賞(C1),12,4,4,18.1,7,5,藤江渉,54,ダ,900,重
2021103997,ラヴィンローゼス,2026-06-03,船橋,6,イナヅマダッシュ(C1),13,7,11,31.4,9,2,藤江渉,54,ダ,1000,不
2021103997,ラヴィンローゼス,2026-05-11,川崎,12,青玉賞(C1),12,2,2,66.7,10,6,櫻井光輔,54,ダ,900,良
2021103997,ラヴィンローゼス,2026-04-10,川崎,10,神速賞(C1),12,8,11,60.3,8,9,藤江渉,54,ダ,900,不
2021103997,ラヴィンローゼス,2026-01-03,川崎,12,恵比寿天賞(C1),12,1,1,6.7,3,6,藤江渉,54,ダ,1400,稍
2021103997,ラヴィンローゼス,2025-12-18,川崎,12,キリマンジャロ賞(C1二),14,6,9,82.7,11,5,藤江渉,54,ダ,1500,稍
2021103997,ラヴィンローゼス,2025-11-19,川崎,12,バーボン賞(C1二),14,3,3,28.1,6,10,藤江渉,54,ダ,1500,良
2021103997,ラヴィンローゼス,2025-10-15,川崎,8,坂ノ下賞(C1),12,7,10,10.1,5,4,藤江渉,54,ダ,1400,重
2021103997,ラヴィンローゼス,2025-09-09,川崎,12,第40回津久井やまび(C1),14,4,6,19.4,8,4,藤江渉,54,ダ,1500,稍
2021103997,ラヴィンローゼス,2025-08-25,川崎,8,C1三 四五(C1四),7,7,7,34.4,6,7,藤江渉,54,ダ,1400,良
2021103997,ラヴィンローゼス,2025-08-07,川崎,3,満漢全席賞(C2二),11,6,6,11.8,5,1,藤江渉,54,ダ,1400,良
2021103997,ラヴィンローゼス,2025-07-08,川崎,5,トリュフ賞(C2二),11,4,4,,,除,藤江渉,54,ダ,1400,良
2021103997,ラヴィンローゼス,2025-06-16,川崎,7,ミルフィーユ賞(C2),12,3,3,8.8,3,2,藤江渉,54,ダ,1400,重
2021103997,ラヴィンローゼス,2025-05-14,川崎,9,マカロン賞(C2),12,2,2,4.5,2,6,櫻井光輔,54,ダ,1400,稍
2021103997,ラヴィンローゼス,2025-04-10,川崎,6,エクレア賞(C2),12,5,5,9.9,4,2,佐野遥久,54,ダ,1400,稍
2021103997,ラヴィンローゼス,2025-03-13,船橋,7,馬い!淡路新玉ねぎ記(C2),12,4,4,6.2,3,1,藤江渉,54,ダ,1500,重
2021103997,ラヴィンローゼス,2025-03-05,川崎,5,スウィートポテト賞(C2),12,4,4,57.5,10,2,藤江渉,54,ダ,1400,不
2021103997,ラヴィンローゼス,2025-02-08,川崎,4,雷獣賞(C2),12,8,11,59.5,8,6,藤江渉,54,ダ,900,良
2021103997,ラヴィンローゼス,2025-01-01,川崎,5,五煙草賞(C2),12,5,6,367.0,12,8,本田紀忠,54,ダ,900,良
2021103997,ラヴィンローゼス,2024-12-12,川崎,4,寒雷賞(C2),12,6,8,79.0,10,10,本田紀忠,54,ダ,900,良
2021103997,ラヴィンローゼス,2024-11-19,水沢,10,B2四組,11,8,10,2.3,1,11,佐々木志,53,ダ,1600,稍
2021103997,ラヴィンローゼス,2024-10-08,川崎,2,切通賞(3歳),10,5,5,2.4,1,1,藤江渉,54,ダ,900,重
2021103997,ラヴィンローゼス,2024-04-09,名古屋,8,ウグイス特別(3歳),12,8,12,4.3,2,2,加藤聡一,54,ダ,1700,不
2021103997,ラヴィンローゼス,2024-03-27,名古屋,3,たっくん40歳おめで(3歳),12,7,9,6.4,3,1,加藤聡一,54,ダ,1500,重
2021103997,ラヴィンローゼス,2024-02-17,京都,3,3歳未勝利,16,5,9,339.2,11,10,西村淳也,55,ダ,1400,稍
2021103997,ラヴィンローゼス,2024-02-10,京都,3,3歳未勝利,16,7,13,252.0,14,10,田口貫太,54,ダ,1400,良
2021103997,ラヴィンローゼス,2024-01-13,京都,1,3歳未勝利,16,1,2,131.1,12,10,角田大河,54,ダ,1200,良
2021103997,ラヴィンローゼス,2023-12-16,中京,1,2歳未勝利,16,3,5,27.3,6,10,西村淳也,55,ダ,1200,重
2021103997,ラヴィンローゼス,2023-12-02,阪神,1,2歳未勝利,12,5,5,84.2,7,8,藤岡康太,55,ダ,1200,良
2021103997,ラヴィンローゼス,2023-11-11,福島,1,2歳未勝利,16,2,4,51.7,8,9,富田暁,55,ダ,1150,稍
2021103997,ラヴィンローゼス,2023-10-14,京都,1,2歳未勝利,12,7,10,26.5,7,6,幸英明,55,ダ,1200,良
2021103997,ラヴィンローゼス,2023-09-30,阪神,2,2歳未勝利,8,8,8,41.6,6,4,幸英明,55,ダ,1200,良
2021103997,ラヴィンローゼス,2023-08-27,小倉,2,2歳未勝利,12,8,12,14.8,5,8,団野大成,55,ダ,1000,良
2021103997,ラヴィンローゼス,2023-08-12,小倉,6,2歳新馬,15,6,10,27.3,9,7,西村淳也,55,芝,1200,良
2021104070,ウエストリーダー,2026-08-17,大井,8,C2三 四五(C2四),13,8,12,2.0,1,1,野畑凌,56,ダ,1400,稍
2021104070,ウエストリーダー,2026-07-22,大井,6,U.S.ターキー賞(C2七),14,4,5,3.0,1,1,野畑凌,56,ダ,1400,良
2021104070,ウエストリーダー,2026-01-30,大井,5,C2三 四五(C2四),13,4,4,14.8,4,12,野畑凌,56,ダ,1600,良
2021104070,ウエストリーダー,2025-10-08,大井,10,オリオンザサンクス賞(C1),12,5,5,3.7,2,4,野畑凌,56,ダ,1600,良
2021104070,ウエストリーダー,2025-09-19,大井,7,C2二 三四(C2三),12,1,1,1.8,1,1,野畑凌,56,ダ,1600,不
2021104070,ウエストリーダー,2025-09-03,大井,5,C2五 六七(C2六),11,5,5,1.6,1,1,野畑凌,56,ダ,1600,良
2021104070,ウエストリーダー,2025-08-11,大井,5,C2九 十11(C2十),14,5,8,1.6,1,1,野畑凌,56,ダ,1600,不
2021104070,ウエストリーダー,2025-07-14,大井,7,C2九 十11(C2十),12,1,1,1.9,1,2,野畑凌,56,ダ,1600,稍
2021104070,ウエストリーダー,2025-07-01,大井,6,C2九 十11(C2十),14,7,12,,,,野畑凌,56,ダ,1600,良
2021104070,ウエストリーダー,2025-06-10,大井,10,万緑特別競走(C2),14,2,2,3.4,2,6,野畑凌,56,ダ,2000,稍
2021104070,ウエストリーダー,2025-03-24,大井,8,エル・ディアブロ賞(C2),12,8,12,1.6,1,1,野畑凌,56,ダ,1600,良
2021104070,ウエストリーダー,2025-03-10,大井,2,C3六 七,12,2,2,1.5,1,1,野畑凌,56,ダ,1600,重
2021104070,ウエストリーダー,2025-02-18,大井,2,C3七 八,14,8,13,2.4,2,4,山本聡哉,56,ダ,1600,良
2021104070,ウエストリーダー,2024-11-19,水沢,2,C2二組,9,5,5,1.7,1,1,山本聡哉,56,ダ,1400,稍
2021104070,ウエストリーダー,2024-10-22,盛岡,1,C2四組,8,5,5,2.6,1,2,山本聡哉,56,ダ,1400,稍
2021104070,ウエストリーダー,2024-10-07,盛岡,5,C2五組,12,7,10,5.8,3,2,山本聡哉,56,ダ,1200,良
2021104070,ウエストリーダー,2024-09-16,水沢,6,3歳C2四組,11,7,9,5.8,4,1,山本聡哉,56,ダ,1300,良
2021104070,ウエストリーダー,2024-09-03,盛岡,2,3歳C2五組,11,5,5,3.5,2,4,山本聡哉,56,ダ,1200,重
2021104070,ウエストリーダー,2023-12-10,中山,6,2歳未勝利,18,8,18,126.9,10,8,永野猛蔵,55,芝,2000,良
2021104070,ウエストリーダー,2023-11-19,東京,3,2歳未勝利,15,7,12,319.7,13,7,永野猛蔵,55,芝,2000,良
2021104070,ウエストリーダー,2023-08-26,札幌,5,2歳新馬,13,8,13,31.6,8,中,佐々木大,54,ダ,1700,良
2021104104,フジマサテイオー,2026-09-03,大井,11,セプテンバー賞競走(A2B1),9,1,1,28.2,6,5,和田譲治,57,ダ,1800,良
2021104104,フジマサテイオー,2026-08-16,大井,9,オーガスト賞競走(A2B1),9,4,4,39.4,8,6,和田譲治,57,ダ,1600,重
2021104104,フジマサテイオー,2026-06-29,大井,11,ムーンストーン賞競走(A2),14,5,7,6.6,3,12,和田譲治,57,ダ,1800,不
2021104104,フジマサテイオー,2026-05-22,大井,11,サンケイスポーツ賞競(B1B2),12,7,9,6.9,2,1,和田譲治,57,ダ,2000,不
2021104104,フジマサテイオー,2026-04-13,大井,9,プリマヴェーラ賞競走(B1),12,8,12,2.7,1,10,和田譲治,57,ダ,1800,良
2021104104,フジマサテイオー,2025-12-24,大井,9,KRAトロフィー競走(B1B2),12,8,11,2.1,1,1,和田譲治,57,ダ,1650,重
2021104104,フジマサテイオー,2025-11-14,大井,11,スポーツニッポン賞競(B1B2),13,4,4,1.8,1,1,和田譲治,55,ダ,1800,稍
2021104104,フジマサテイオー,2025-10-09,大井,10,アオイライコー賞競走(B2),13,8,12,5.3,3,1,和田譲治,56,ダ,1800,良
2021104104,フジマサテイオー,2025-09-15,大井,9,爽秋賞競走(B2),7,1,1,3.7,2,2,和田譲治,56,ダ,1600,稍
2021104104,フジマサテイオー,2025-08-02,新潟,7,柳都S(3勝クラス),14,3,5,224.0,14,14,江田照男,53,ダ,1800,良
2021104104,フジマサテイオー,2025-06-01,東京,9,薫風S(3勝クラス),16,2,4,248.3,16,16,佐々木大,58,ダ,1600,稍
2021104104,フジマサテイオー,2025-01-28,大井,7,B3五,11,8,10,2.7,1,4,和田譲治,56,ダ,1600,良
2021104104,フジマサテイオー,2025-01-15,大井,10,芋洗坂賞競走(B3),13,6,8,1.9,1,7,和田譲治,56,ダ,1600,良
2021104104,フジマサテイオー,2024-12-04,大井,10,鳥居坂賞競走(B3),14,5,8,7.8,4,1,和田譲治,56,ダ,1600,良
2021104104,フジマサテイオー,2024-11-06,大井,8,アメリカーノ賞(C1三),12,7,10,12.2,4,1,和田譲治,56,ダ,1600,稍
2021104104,フジマサテイオー,2024-10-17,大井,7,★蔦重ゆかりの地★台(C1四),12,6,7,3.9,2,3,和田譲治,56,ダ,1600,良
2021104104,フジマサテイオー,2024-09-13,大井,7,スティンガー賞(C1四),13,7,11,23.4,9,2,安藤洋一,55,ダ,1600,良
2021104104,フジマサテイオー,2024-08-02,大井,6,3歳一 二三(3歳二),8,6,6,8.7,4,1,安藤洋一,56,ダ,1600,良
2021104104,フジマサテイオー,2024-07-12,大井,1,3歳一 二三(3歳二),9,8,9,,,取,安藤洋一,56,ダ,1600,稍
2021104104,フジマサテイオー,2024-06-28,大井,1,3歳一 二三(3歳二),14,6,10,9.6,5,6,安藤洋一,56,ダ,1600,不
2021104104,フジマサテイオー,2024-03-20,大井,11,京浜盃競走(JpnII),9,8,8,348.4,9,7,和田譲治,56,ダ,1700,良
2021104104,フジマサテイオー,2024-02-27,大井,11,’24スターバースト(OP)(3歳),7,3,3,92.6,6,5,服部茂史,56,ダ,2000,重
2021104104,フジマサテイオー,2024-01-26,大井,3,呑川賞(3歳),6,3,3,9.9,3,3,和田譲治,56,ダ,1600,稍
2021104104,フジマサテイオー,2023-12-27,大井,4,2歳八 九,11,2,2,1.8,1,1,和田譲治,55,ダ,1400,良
2021104104,フジマサテイオー,2023-11-13,大井,1,2歳九 十,8,6,6,6.2,4,2,和田譲治,55,ダ,1400,良
2021104104,フジマサテイオー,2023-10-30,大井,3,2歳 新馬,8,2,2,5.4,4,6,森泰斗,55,ダ,1800,良
2021104240,ショウナンマンテン,2026-07-08,川崎,7,姫百合賞(C1),11,8,10,39.1,8,11,岡村裕基,54,ダ,1400,稍
2021104240,ショウナンマンテン,2026-06-19,川崎,7,C1一 二,12,6,8,66.6,11,2,岡村裕基,54,ダ,1400,重
2021104240,ショウナンマンテン,2026-05-15,川崎,9,開成町賞(C1),12,1,1,61.6,10,11,岡村裕基,54,ダ,1400,良
2021104240,ショウナンマンテン,2026-04-07,川崎,12,桜草賞(C1),12,4,5,34.3,10,12,岡村裕基,54,ダ,1500,重
2021104240,ショウナンマンテン,2026-03-04,川崎,4,西洋躑躅賞(C1),11,3,3,13.4,7,6,岡村裕基,54,ダ,1400,不
2021104240,ショウナンマンテン,2026-02-03,川崎,12,王者の眼差し賞(C1),12,1,1,12.7,6,5,岡村裕基,54,ダ,1400,良
2021104240,ショウナンマンテン,2025-11-17,川崎,9,七竈賞(B3),14,1,1,26.0,8,12,岡村裕基,54,ダ,1500,良
2021104240,ショウナンマンテン,2025-10-16,川崎,12,大平山特別(B3),12,8,12,5.8,4,9,岡村裕基,54,ダ,1400,重
2021104240,ショウナンマンテン,2025-09-12,川崎,9,軍配賞(C1二),13,8,13,11.4,5,1,岡村裕基,54,ダ,1500,重
2021104240,ショウナンマンテン,2025-08-21,川崎,12,ナイル賞(C2),10,2,2,3.4,2,1,岡村裕基,54,ダ,1500,良
2021104240,ショウナンマンテン,2025-08-05,川崎,7,C2四 五六(C2五),8,4,4,1.7,1,1,岡村裕基,54,ダ,1400,良
2021104240,ショウナンマンテン,2025-07-08,川崎,5,トリュフ賞(C2二),11,6,8,10.1,6,5,岡村裕基,54,ダ,1400,良
2021104240,ショウナンマンテン,2025-06-19,川崎,4,C2三 四五(C2四),12,7,10,12.7,5,1,岡村裕基,54,ダ,1400,良
2021104240,ショウナンマンテン,2025-05-14,川崎,9,マカロン賞(C2),12,8,12,39.4,7,2,岡村裕基,54,ダ,1400,稍
2021104240,ショウナンマンテン,2025-04-10,川崎,6,エクレア賞(C2),12,5,6,120.9,11,5,岡村裕基,54,ダ,1400,稍
2021104240,ショウナンマンテン,2025-03-05,川崎,12,2025川崎ジョッキ(C2),14,2,2,4.6,2,13,山林堂信,54,ダ,1500,不
2021104240,ショウナンマンテン,2025-02-06,川崎,6,C2六 七八(C2七),13,6,10,8.7,5,11,佐野遥久,52,ダ,1500,良
2021104240,ショウナンマンテン,2024-12-21,佐賀,7,C1ー9組,12,8,12,2.3,1,3,加茂飛翔,54,ダ,1300,稍
2021104240,ショウナンマンテン,2024-12-07,佐賀,7,C1ー9組,11,1,1,3.0,2,4,加茂飛翔,54,ダ,1400,良
2021104240,ショウナンマンテン,2024-11-24,佐賀,11,アンドロメダ座特選(C2),11,7,9,2.1,1,1,加茂飛翔,54,ダ,1300,良
2021104240,ショウナンマンテン,2024-11-10,佐賀,3,C2ー7組,11,1,1,5.5,2,1,加茂飛翔,54,ダ,1300,良
2021104240,ショウナンマンテン,2024-10-19,佐賀,2,C2ー9組,11,7,8,2.0,1,2,山口勲,54,ダ,1300,不
2021104240,ショウナンマンテン,2024-09-28,佐賀,10,ポーラスター特別(3歳),11,2,2,3.2,2,5,加茂飛翔,54,ダ,1400,良
2021104240,ショウナンマンテン,2024-09-16,佐賀,10,シューティングスター(3歳),,8,10,,,,岡村健司,54,ダ,1400,不
2021104240,ショウナンマンテン,2024-09-01,佐賀,3,3歳ー4組,10,3,3,1.1,1,1,山口勲,54,ダ,1300,重
2021104240,ショウナンマンテン,2024-08-18,佐賀,11,SAGAリベンジャー(3歳),11,5,5,1.7,1,1,山口勲,54,ダ,1400,良
2021104240,ショウナンマンテン,2024-07-22,佐賀,4,3歳ー7組,9,8,8,2.0,1,2,加茂飛翔,54,ダ,1400,重
2021104240,ショウナンマンテン,2024-07-14,佐賀,8,3歳ー10組,11,6,7,1.8,1,1,山口勲,54,ダ,1400,不
2021104240,ショウナンマンテン,2024-06-29,佐賀,12,SAGAリベンジャー(3歳),8,8,8,2.7,1,3,山口勲,54,ダ,1400,不
2021104240,ショウナンマンテン,2024-05-18,京都,2,3歳未勝利,16,8,16,186.9,11,11,団野大成,55,ダ,1200,良
2021104240,ショウナンマンテン,2024-03-03,阪神,4,3歳未勝利,15,5,8,503.5,15,12,角田大河,54,芝,1600,良
2021104240,ショウナンマンテン,2024-01-27,京都,3,3歳未勝利,15,2,3,369.0,15,9,角田大河,54,ダ,1400,良
2021104240,ショウナンマンテン,2024-01-14,中山,3,3歳新馬,16,6,11,54.5,8,13,キング,55,ダ,1200,稍
2021104359,サフィールシェール,2026-08-12,大井,8,C1七 八,13,3,3,26.9,7,2,杉山海波,51,ダ,1200,不
2021104359,サフィールシェール,2026-07-21,大井,9,C1七 八,12,8,11,16.2,6,8,藤田凌,54,ダ,1200,良
2021104359,サフィールシェール,2026-06-30,大井,8,プランターズ・パンチ(C1),16,1,2,130.0,10,8,杉山海波,51,ダ,1200,重
2021104359,サフィールシェール,2026-06-12,大井,9,印西市コスモス賞(C1四),14,3,3,77.1,9,14,藤田凌,54,ダ,1200,稍
2021104359,サフィールシェール,2026-05-21,大井,7,C1二 三四(C1三),11,6,7,31.9,7,11,藤田凌,54,ダ,1200,稍
2021104359,サフィールシェール,2026-04-30,大井,9,C1三 四五(C1四),14,1,1,13.4,6,14,藤田凌,54,ダ,1200,稍
2021104359,サフィールシェール,2025-11-12,大井,10,カミヤス賞(C1四),8,3,3,14.1,4,3,藤田凌,54,ダ,1200,稍
2021104359,サフィールシェール,2025-10-24,大井,12,錦秋特別競走(C1三),14,5,8,46.8,7,3,藤田凌,54,ダ,1200,重
2021104359,サフィールシェール,2025-10-10,大井,10,みなみのうお座特別競(C1四),10,2,2,10.2,4,9,藤田凌,54,ダ,1200,良
2021104359,サフィールシェール,2025-09-03,大井,9,C1七 八,11,2,2,3.5,2,1,吉原寛人,54,ダ,1200,良
2021104359,サフィールシェール,2025-08-12,大井,7,C1七 八,14,6,10,10.5,5,4,藤田凌,54,ダ,1200,重
2021104359,サフィールシェール,2025-07-17,大井,6,C2二 三四(C2三),10,1,1,32.6,5,4,藤田凌,54,ダ,1200,重
2021104359,サフィールシェール,2025-04-17,大井,9,C1五 六,14,7,12,25.2,5,11,藤田凌,54,ダ,1200,良
2021104359,サフィールシェール,2025-03-27,大井,12,コンサートボーイ賞(C1七),16,6,11,9.0,6,16,藤田凌,54,ダ,1200,良
2021104359,サフィールシェール,2025-03-13,大井,12,C1六 七,13,5,6,7.3,2,8,藤田凌,54,ダ,1200,重
2021104359,サフィールシェール,2024-11-04,大井,9,C1七 八,11,6,7,3.0,2,2,藤田凌,54,ダ,1200,稍
2021104359,サフィールシェール,2024-10-04,大井,2,3歳二 三,13,4,6,4.9,2,3,藤田凌,54,ダ,1200,稍
2021104359,サフィールシェール,2024-09-12,大井,8,ビジュー賞(3歳六),14,2,2,7.5,4,1,藤田凌,54,ダ,1200,良
2021104359,サフィールシェール,2024-07-30,大井,8,ブルー・ラグーン賞(3歳七),16,3,5,19.4,4,2,藤田凌,54,ダ,1200,良
2021104359,サフィールシェール,2024-07-11,大井,1,3歳四 五六(3歳五),14,7,12,13.1,5,12,藤田凌,54,ダ,1600,良
2021104359,サフィールシェール,2024-06-05,大井,1,3歳四 五六(3歳五),13,6,8,21.6,4,11,藤田凌,54,ダ,1600,稍
2021104359,サフィールシェール,2024-05-14,大井,3,3歳 選抜牝馬,12,5,5,6.5,4,9,藤田凌,54,ダ,1400,重
2021104359,サフィールシェール,2024-04-23,大井,6,3歳七 八九(3歳八),13,4,6,6.4,3,4,藤田凌,54,ダ,1400,稍
2021104359,サフィールシェール,2024-04-10,大井,3,3歳七 八,11,6,6,8.4,3,3,藤田凌,54,ダ,1400,重
2021104359,サフィールシェール,2023-11-16,大井,6,2歳三 四,11,8,10,3.7,2,9,藤田凌,54,ダ,1200,良
2021104359,サフィールシェール,2023-10-22,金沢,11,金沢シンデレラC(重賞),10,5,5,17.0,4,7,藤田凌,54,ダ,1500,重
2021104359,サフィールシェール,2023-10-05,大井,5,2歳三 四,7,4,4,9.5,4,3,藤田凌,54,ダ,1400,不
2021104359,サフィールシェール,2023-09-05,大井,5,2歳 新馬,9,4,4,6.7,4,2,藤田凌,54,ダ,1600,重
2021104408,クラージュミノル,2025-11-04,船橋,7,馬い!卵はサンサンエ(C1),13,6,8,1.7,1,6,菅原涼太,56,ダ,1500,良
2021104408,クラージュミノル,2025-09-29,船橋,12,オリオンビール×ハー(C2),14,6,10,3.9,2,1,菅原涼太,56,ダ,1600,良
2021104408,クラージュミノル,2025-08-28,船橋,6,C2二 三,10,5,5,1.1,1,2,笠野雄大,56,ダ,1200,良
2021104408,クラージュミノル,2025-07-29,船橋,5,C2二 三,6,3,3,1.1,1,4,笠野雄大,56,ダ,1200,良
2021104408,クラージュミノル,2025-07-04,船橋,7,C2四 五六 イ(C2五),9,4,4,1.7,1,1,笠野雄大,56,ダ,1200,良
2021104408,クラージュミノル,2024-12-16,船橋,5,3歳一,9,3,3,3.4,2,1,笠野雄大,56,ダ,1200,良
2021104408,クラージュミノル,2024-11-25,船橋,4,3歳 選抜馬,10,5,5,20.6,4,3,笠野雄大,56,ダ,1500,良
2021104408,クラージュミノル,2024-10-31,名古屋,2,C13組,12,7,9,2.8,2,3,丸野勝虎,56,ダ,1500,稍
2021104408,クラージュミノル,2024-10-18,名古屋,2,C14組,12,8,12,3.4,2,2,丸野勝虎,56,ダ,920,良
2021104408,クラージュミノル,2024-10-02,名古屋,6,C17組,12,8,12,6.3,4,2,丸野勝虎,56,ダ,1500,良
2021104408,クラージュミノル,2024-09-17,名古屋,2,3歳8組,12,7,9,11.0,6,8,丸野勝虎,56,ダ,1500,良
2021104408,クラージュミノル,2024-09-06,名古屋,5,3歳14組,12,8,12,2.8,2,1,丸野勝虎,56,ダ,1500,良
2021104408,クラージュミノル,2024-08-23,名古屋,2,3歳15組,12,6,8,31.1,8,3,丸野勝虎,56,ダ,1500,良
2021104408,クラージュミノル,2024-07-07,小倉,3,3歳未勝利,16,3,6,145.4,12,14,秋山稔樹,56,芝,2600,良
2021104408,クラージュミノル,2024-04-13,福島,3,3歳未勝利,15,7,12,160.8,11,14,荻野極,57,ダ,1700,良
2021104408,クラージュミノル,2024-01-21,小倉,1,3歳未勝利,16,7,13,95.4,9,16,荻野極,57,ダ,1700,重
2021104408,クラージュミノル,2024-01-08,京都,5,3歳新馬,18,1,1,17.2,5,15,荻野極,57,芝,1800,良
2021104647,ショーシャンク,2026-08-15,大井,10,立秋特別競走(C2),14,1,1,16.7,8,5,木澤奨,53,ダ,2400,稍
2021104647,ショーシャンク,2026-07-21,大井,10,わし座特別競走(C2),14,5,8,30.9,10,3,木澤奨,53,ダ,2000,良
2021104647,ショーシャンク,2026-07-03,大井,9,ヘラクレス座特別競走(C2),12,4,4,25.3,8,8,木澤奨,53,ダ,1800,不
2021104647,ショーシャンク,2026-04-15,大井,6,きりん座特別競走(C2),10,5,5,12.8,3,4,達城龍次,56,ダ,1800,良
2021104647,ショーシャンク,2026-03-25,大井,9,C2三,11,7,10,3.9,3,1,達城龍次,56,ダ,2000,稍
2021104647,ショーシャンク,2026-03-12,大井,10,四谷見附特別競走(C2),16,5,9,143.2,11,3,横川怜央,56,ダ,1800,良
2021104647,ショーシャンク,2026-02-18,大井,3,C2十 11,14,7,11,34.3,6,10,達城龍次,56,ダ,1600,稍
2021104647,ショーシャンク,2026-01-27,大井,7,C211 1213(C212),12,4,4,20.1,3,3,達城龍次,56,ダ,1600,良
2021104647,ショーシャンク,2026-01-13,大井,7,C212 1314(C213),13,5,7,9.2,6,3,達城龍次,56,ダ,1600,良
2021104647,ショーシャンク,2025-12-29,大井,4,C2九 十11(C2十),12,6,8,69.6,7,8,達城龍次,56,ダ,1600,重
2021104647,ショーシャンク,2025-12-04,大井,3,C2七 八,14,2,2,159.4,12,6,達城龍次,56,ダ,1600,良
2021104647,ショーシャンク,2025-11-12,大井,4,C2九 十11(C2十),13,2,2,21.4,7,4,達城龍次,56,ダ,1600,稍
2021104647,ショーシャンク,2025-10-22,大井,7,マンガ・アニメ・トシ(C2九),10,8,10,12.2,4,4,達城龍次,56,ダ,1600,重
2021104647,ショーシャンク,2025-10-07,大井,5,C211 1213(C212),13,6,8,18.7,4,4,達城龍次,56,ダ,1600,良
2021104647,ショーシャンク,2025-09-17,大井,5,C2七 八,14,3,4,101.2,10,4,達城龍次,56,ダ,1600,良
2021104647,ショーシャンク,2025-07-14,大井,8,アカプルコ賞(C2十),14,5,7,229.6,10,12,藤本現暉,56,ダ,1400,稍
2021104647,ショーシャンク,2025-07-02,大井,7,C2六 七八(C2七),14,6,9,100.7,10,13,藤本現暉,56,ダ,1200,良
2021104647,ショーシャンク,2025-06-12,大井,6,C2五 六,14,7,11,137.6,13,6,藤本現暉,56,ダ,1200,重
2021104647,ショーシャンク,2025-05-12,川崎,8,パティオ賞(C2),11,6,8,185.6,10,11,山林堂信,56,ダ,1400,重
2021104647,ショーシャンク,2025-04-08,川崎,3,C2三 四五(C2四),12,7,10,233.6,11,11,山林堂信,56,ダ,1400,稍
2021104647,ショーシャンク,2025-03-04,川崎,5,C2三 四五(C2四),10,7,7,20.5,6,10,和田譲治,56,ダ,1400,不
2021104647,ショーシャンク,2025-02-05,川崎,5,C2三 四五(C2四),12,5,6,158.7,10,4,山林堂信,56,ダ,1400,稍
2021104647,ショーシャンク,2025-01-02,川崎,7,独楽回し賞(C2四),14,3,3,257.7,14,13,山林堂信,56,ダ,1400,良
2021104647,ショーシャンク,2024-09-03,川崎,4,ステッラ賞(3歳),10,6,6,279.4,10,9,増田充宏,56,ダ,1400,重
2021104647,ショーシャンク,2024-08-05,川崎,8,ヴェルトラオム賞(3歳),12,5,6,107.2,11,12,増田充宏,56,ダ,900,良
2021104647,ショーシャンク,2024-07-24,川崎,4,モルゲンロート賞(3歳),11,8,11,57.7,9,7,小林捺花,52,ダ,900,良
2021104647,ショーシャンク,2024-07-05,川崎,6,エクレール賞(3歳),12,5,5,25.1,6,5,小林捺花,52,ダ,900,良
2021104647,ショーシャンク,2024-06-19,浦和,3,熊谷宿賞(3歳),12,8,11,132.3,10,1,小林捺花,52,ダ,1400,重
2021104647,ショーシャンク,2024-06-10,川崎,1,3歳6,8,7,7,106.3,8,8,増田充宏,56,ダ,1400,重
2021104647,ショーシャンク,2024-05-08,川崎,1,3歳7,10,8,9,27.2,8,7,増田充宏,56,ダ,1400,稍
2021104647,ショーシャンク,2024-04-01,川崎,3,3歳6,10,4,4,23.8,8,10,今野忠成,56,ダ,1400,重
2021104647,ショーシャンク,2024-03-12,川崎,2,3歳7,12,6,7,18.7,8,11,今野忠成,56,ダ,1400,稍
2021104647,ショーシャンク,2023-10-09,川崎,2,2歳5,12,8,12,18.4,6,3,今野忠成,55,ダ,1400,不
2021104647,ショーシャンク,2023-09-15,川崎,2,スパーキングデビュー(2歳),6,5,5,13.4,4,3,今野忠成,54,ダ,1400,良
2021104647,ショーシャンク,2023-08-25,川崎,5,スパーキングデビュー(2歳),5,4,4,,,除,今野忠成,54,ダ,1400,良
2021104727,グレック,2026-09-03,大井,12,うお座特別競走(C1),10,8,10,67.2,8,6,中山遥人,55,ダ,1650,良
2021104727,グレック,2026-08-16,大井,6,フローズン・ダイキリ(C1三),13,4,5,125.7,13,13,中山遥人,55,ダ,1600,重
2021104727,グレック,2026-07-24,大井,9,C1二 三四(C1三),12,8,11,105.8,11,12,達城龍次,56,ダ,1600,良
2021104727,グレック,2026-05-13,川崎,10,新緑特別(B3二),13,6,8,94.8,12,8,所蛍,54,ダ,1500,良
2021104727,グレック,2026-05-04,船橋,11,エメラルドマイル(B3),12,2,2,65.9,9,8,所蛍,54,ダ,1600,稍
2021104727,グレック,2026-04-03,船橋,6,ダンデライオン賞(C1),7,1,1,16.7,4,2,所蛍,54,ダ,1600,稍
2021104727,グレック,2026-03-19,浦和,8,ブラッドストーン特別(C1),14,4,5,12.8,4,8,仲野光馬,56,ダ,1400,良
2021104727,グレック,2026-03-13,船橋,9,うお座賞(C1),11,7,8,5.8,3,5,仲野光馬,56,ダ,1600,良
2021104727,グレック,2026-02-12,船橋,9,C1二 三,14,4,6,26.2,7,2,仲野光馬,56,ダ,1600,良
2021104727,グレック,2026-01-21,船橋,7,馬い!馬い!唐津小松(C1),14,2,2,25.8,7,12,仲野光馬,56,ダ,1600,良
2021104727,グレック,2025-10-03,船橋,9,乗馬クラブクレイン千(C1二),14,3,4,16.9,5,4,仲野光馬,56,ダ,1600,良
2021104727,グレック,2025-09-10,川崎,8,葡萄賞(C1),11,7,8,6.6,3,1,仲野光馬,56,ダ,1400,良
2021104727,グレック,2025-08-27,船橋,10,灯籠賞(C1七),13,8,13,13.0,5,2,仲野光馬,56,ダ,1600,良
2021104727,グレック,2025-07-28,船橋,9,C1四 五六 ア(C1五),11,6,6,24.6,7,8,仲野光馬,56,ダ,1500,良
2021104727,グレック,2025-06-18,川崎,8,金蓮花賞(C1),12,3,3,,,除,篠谷葵,56,ダ,1500,良
2021104727,グレック,2025-06-04,船橋,10,馬い!淡路新玉ねぎ発(C1),11,8,10,9.4,3,7,笠野雄大,56,ダ,1600,重
2021104727,グレック,2025-05-05,船橋,6,端午の節句賞(C1五),12,1,1,4.5,3,2,篠谷葵,56,ダ,1500,良
2021104727,グレック,2025-03-31,船橋,10,崎の向こうに広がる未(C1五),14,8,14,27.0,7,4,笠野雄大,56,ダ,1500,良
2021104727,グレック,2024-12-18,船橋,12,2024Jockey(C2),10,3,3,2.9,2,2,山口達弥,56,ダ,2200,良
2021104727,グレック,2024-11-28,船橋,12,2024Jockey(C2),14,7,11,4.2,3,1,川島正太,56,ダ,1800,稍
2021104727,グレック,2024-10-28,船橋,6,谷津干潟賞(3歳),8,5,5,9.0,4,1,篠谷葵,56,ダ,1500,重
2021104727,グレック,2024-08-14,笠松,8,蛍光賞(3歳),8,7,7,29.1,6,6,塚本征吾,56,ダ,1400,良
2021104727,グレック,2024-07-31,笠松,10,大湫宿特別(3歳),8,2,2,23.2,6,4,塚本征吾,56,ダ,1400,良
2021104727,グレック,2024-07-18,笠松,8,3歳3組,9,5,5,18.6,6,2,塚本征吾,56,ダ,1400,良
2021104727,グレック,2024-07-03,笠松,1,3歳4組,7,4,4,20.6,5,7,藤原幹生,56,ダ,1400,稍
2021104727,グレック,2024-06-19,笠松,4,やべ記者生誕記念やべ(3歳),8,4,4,9.5,4,5,藤原幹生,56,ダ,1400,稍
2021104727,グレック,2024-05-24,笠松,7,第6回通りすがりの社(3歳),9,4,4,9.2,3,4,東川慎,56,ダ,1400,良
2021104727,グレック,2024-04-26,笠松,9,たんぽぽ賞(3歳),8,1,1,6.0,4,2,向山牧,56,ダ,1400,良
2021104727,グレック,2024-04-17,笠松,7,3歳4組,10,7,7,2.3,2,3,岡部誠,56,ダ,1400,良
2021104727,グレック,2024-04-05,笠松,3,3歳4組,7,5,5,2.4,2,1,向山牧,56,ダ,1400,良
2021104727,グレック,2024-03-22,笠松,7,3歳4組,6,3,3,4.9,4,4,向山牧,56,ダ,1400,良
2021104727,グレック,2024-03-06,笠松,1,3歳6組,5,2,2,1.5,1,2,向山牧,56,ダ,800,不
2021104727,グレック,2024-01-07,中山,3,3歳未勝利,15,8,16,96.8,11,12,内田博幸,57,ダ,1800,良
2021104727,グレック,2023-09-30,中山,3,2歳未勝利,16,7,13,111.7,11,10,内田博幸,55,ダ,1800,良
2021104727,グレック,2023-09-02,新潟,5,2歳新馬,13,6,9,77.0,11,11,内田博幸,55,芝,2000,良
2021104766,ベッティーナ,2026-08-31,大井,1,C3五 六,13,8,13,14.0,4,1,岡村健司,54,ダ,1600,良
2021104766,ベッティーナ,2026-08-15,大井,1,C3五 六,12,7,9,76.6,11,7,岡村健司,54,ダ,1600,重
2021104766,ベッティーナ,2026-07-24,大井,1,C3一,15,6,10,352.3,13,15,遠藤健太,54,ダ,1800,良
2021104766,ベッティーナ,2026-07-02,大井,1,C3三 四,14,5,7,85.2,11,11,遠藤健太,54,ダ,1600,不
2021104766,ベッティーナ,2026-06-10,大井,1,C3三 四,14,8,13,32.3,10,12,古岡勇樹,54,ダ,1600,重
2021104766,ベッティーナ,2026-05-19,大井,1,C3四 五六(C3五),13,7,12,13.4,6,11,古岡勇樹,54,ダ,1600,良
2021104766,ベッティーナ,2026-04-27,大井,1,C3六 七,14,7,12,11.6,8,2,古岡勇樹,54,ダ,1600,不
2021104766,ベッティーナ,2026-04-13,大井,1,C3六 七,13,8,12,51.1,12,9,遠藤健太,54,ダ,1600,良
2021104766,ベッティーナ,2026-03-25,大井,1,C3一,10,8,9,67.3,7,10,遠藤健太,54,ダ,1800,良
2021104766,ベッティーナ,2026-03-10,大井,1,C3五 六,14,3,3,133.0,13,7,遠藤健太,54,ダ,1600,稍
2021104766,ベッティーナ,2026-02-17,大井,2,C3六 七,13,2,2,30.3,8,8,遠藤健太,54,ダ,1600,稍
2021104766,ベッティーナ,2026-01-27,大井,2,C3六 七,14,3,3,110.2,9,5,遠藤健太,54,ダ,1600,良
2021104766,ベッティーナ,2026-01-12,大井,2,C3八 九,13,2,2,141.7,10,3,遠藤健太,54,ダ,1600,良
2021104766,ベッティーナ,2025-12-25,大井,1,C3一 二,14,7,11,215.3,12,9,遠藤健太,54,ダ,1600,重
2021104766,ベッティーナ,2025-12-03,大井,2,C3一 二,13,3,3,146.2,11,6,西啓太,54,ダ,1200,良
2021104766,ベッティーナ,2025-11-14,大井,1,C3一 二,13,8,13,130.7,12,7,安藤洋一,54,ダ,1600,稍
2021104766,ベッティーナ,2025-10-22,大井,1,C3一 二,14,5,8,156.1,14,12,高橋優,51,ダ,1600,稍
2021104766,ベッティーナ,2025-10-07,大井,1,C3一 二,11,6,6,108.5,10,8,高橋優,51,ダ,1600,良
2021104766,ベッティーナ,2025-09-17,大井,1,C3一 二,14,3,4,75.0,12,8,藤本現暉,54,ダ,1600,良
2021104766,ベッティーナ,2025-09-04,大井,1,C3三 四,12,4,4,37.5,9,3,藤本現暉,54,ダ,1600,良
2021104766,ベッティーナ,2025-08-14,大井,1,C3三 四,13,7,11,23.8,7,9,藤本現暉,54,ダ,1600,稍
2021104766,ベッティーナ,2025-07-16,大井,1,C3四 五,11,5,5,,,取,今野忠成,54,ダ,1600,不
2021104766,ベッティーナ,2025-04-28,大井,8,コープス・リバイバー(C213),14,6,9,128.6,9,13,今野忠成,54,ダ,1600,稍
2021104766,ベッティーナ,2025-04-15,大井,10,こぐま座特別競走(C2),14,5,8,95.9,12,13,今野忠成,54,ダ,1800,重
2021104766,ベッティーナ,2025-03-24,大井,8,エル・ディアブロ賞(C2),12,6,8,61.3,9,5,町田直希,54,ダ,1600,良
2021104766,ベッティーナ,2025-03-10,大井,7,C214 1516(C215),14,4,6,91.4,8,7,町田直希,54,ダ,1600,重
2021104766,ベッティーナ,2025-02-17,大井,5,C215 1617(C216),12,6,8,15.9,5,8,藤田凌,54,ダ,1600,良
2021104766,ベッティーナ,2025-01-27,大井,7,C216 17,10,8,9,7.0,2,5,藤田凌,54,ダ,1600,良
2021104766,ベッティーナ,2024-08-24,札幌,8,3歳以上1勝クラス,12,1,1,98.6,8,7,長浜鴻緒,50,ダ,1700,良
2021104766,ベッティーナ,2024-08-03,札幌,3,3歳未勝利,16,1,2,34.8,8,10,小林勝太,53,芝,2000,良
2021104766,ベッティーナ,2024-07-06,福島,4,3歳未勝利,16,2,4,15.4,7,7,田辺裕信,55,芝,2000,良
2021104766,ベッティーナ,2024-05-18,東京,5,3歳未勝利,18,4,7,97.5,11,6,北村宏司,55,芝,2000,良
2021104766,ベッティーナ,2024-05-04,新潟,6,3歳未勝利,15,1,2,19.1,6,11,永島まな,53,芝,2000,良
2021104766,ベッティーナ,2024-04-13,福島,4,3歳未勝利,16,5,10,395.6,15,2,永野猛蔵,54,芝,2000,良
2021104766,ベッティーナ,2023-12-16,中京,6,2歳未勝利,15,8,14,71.7,10,12,永島まな,52,芝,1600,稍
2021104766,ベッティーナ,2023-10-15,新潟,5,2歳新馬,18,1,2,115.3,15,8,武藤雅,55,芝,1600,良
2021104896,アシセバイラ,2026-07-21,大井,9,C1七 八,12,6,7,5.9,3,9,高橋優,51,ダ,1200,良
2021104896,アシセバイラ,2026-06-30,大井,8,プランターズ・パンチ(C1),16,8,16,31.9,4,3,高橋優,51,ダ,1200,重
2021104896,アシセバイラ,2026-06-09,大井,8,パナシェ賞(C1),11,2,2,25.8,7,2,高橋優,51,ダ,1200,不
2021104896,アシセバイラ,2026-04-28,大井,9,カーネーション特別競(C2),10,6,6,7.8,2,2,矢野貴之,54,ダ,1400,不
2021104896,アシセバイラ,2026-04-17,大井,8,バンブー賞(C2五),14,1,1,4.3,2,7,藤本現暉,54,ダ,1400,重
2021104896,アシセバイラ,2026-03-27,大井,5,C2四 五六(C2五),14,8,14,13.0,4,3,仲原大生,54,ダ,1400,重
2021104896,アシセバイラ,2026-03-13,大井,3,C2 選抜牝馬,12,7,9,7.7,4,2,仲原大生,54,ダ,1400,良
2021104896,アシセバイラ,2026-02-19,大井,10,C2五 六七(C2六),14,6,11,31.9,8,5,仲原大生,54,ダ,1200,良
2021104896,アシセバイラ,2025-07-03,大井,8,ブラッドハウンド賞(C1),11,6,8,24.5,7,6,高橋優,51,ダ,1200,良
2021104896,アシセバイラ,2025-06-12,大井,8,クォーター・デック賞(C1),14,6,10,33.2,7,9,高橋優,51,ダ,1200,重
2021104896,アシセバイラ,2025-05-22,大井,9,C1六 七,16,6,11,27.4,8,10,安藤洋一,54,ダ,1200,良
2021104896,アシセバイラ,2025-04-28,大井,7,カーネーション特別競(C1C2),10,4,4,6.3,4,7,安藤洋一,55,ダ,1400,稍
2021104896,アシセバイラ,2025-04-17,大井,9,C1五 六,14,8,13,20.3,4,4,杉山海波,51,ダ,1200,良
2021104896,アシセバイラ,2025-03-27,大井,12,コンサートボーイ賞(C1七),16,3,5,52.8,12,6,安藤洋一,54,ダ,1200,良
2021104896,アシセバイラ,2025-03-13,大井,12,C1六 七,13,2,2,9.3,4,11,安藤洋一,54,ダ,1200,重
2021104896,アシセバイラ,2025-02-18,大井,9,C1六 七,14,7,11,11.3,3,6,安藤洋一,54,ダ,1200,良
2021104896,アシセバイラ,2024-12-14,中京,2,3歳以上1勝クラス,16,1,1,177.8,13,10,川端海翼,52,ダ,1800,良
2021104896,アシセバイラ,2024-10-20,新潟,8,3歳以上1勝クラス,18,4,7,99.8,15,12,横山琉人,54,芝,1000,良
2021104896,アシセバイラ,2024-09-15,中山,12,3歳以上1勝クラス,16,8,16,82.8,14,16,石神深道,51,芝,1200,良
2021104896,アシセバイラ,2024-07-13,福島,7,3歳以上1勝クラス,16,7,14,82.1,13,13,杉原誠人,53,ダ,1150,稍
2021104896,アシセバイラ,2024-05-11,新潟,9,はやぶさ賞(1勝クラス),12,5,6,28.1,8,5,岩田康誠,55,芝,1000,良
2021104896,アシセバイラ,2024-02-17,東京,2,3歳1勝クラス,16,4,8,62.5,14,12,戸崎圭太,55,ダ,1400,良
2021104896,アシセバイラ,2023-12-23,中山,7,2歳1勝クラス,15,2,2,66.4,12,7,ドイル,55,ダ,1200,良
2021104896,アシセバイラ,2023-09-16,中山,1,2歳未勝利,13,8,13,5.1,2,1,モレイラ,55,ダ,1200,良
2021104896,アシセバイラ,2023-06-17,東京,5,2歳新馬,16,8,15,33.1,8,8,津村明秀,55,芝,1400,良
2021104947,ジーゲル,2026-08-16,大井,5,清水坂賞競走(B3),9,6,6,171.9,9,7,本村直樹,56,ダ,2000,重
2021104947,ジーゲル,2026-07-23,大井,12,ベガ賞競走(B2B3),12,8,11,372.9,12,11,本村直樹,55,ダ,1650,良
2021104947,ジーゲル,2026-06-30,大井,10,B3四,12,7,10,323.3,12,12,東原悠善,56,ダ,2000,重
2021104947,ジーゲル,2026-06-11,大井,10,犬坂賞競走(B3),14,4,6,414.7,14,13,本村直樹,56,ダ,1800,稍
2021104947,ジーゲル,2026-05-21,大井,12,桂坂賞競走(B3),14,1,1,519.6,13,14,西優哉,53,ダ,1650,稍
2021104947,ジーゲル,2026-05-01,大井,10,権現坂賞競走(B3),10,3,3,234.8,10,9,西優哉,53,ダ,2000,不
2021104947,ジーゲル,2026-04-15,大井,9,スターゲイザー賞(B3),8,7,7,308.1,8,7,本村直樹,56,ダ,1800,良
2021104947,ジーゲル,2026-03-27,大井,12,桜坂賞競走(B3),15,7,13,270.7,15,14,東原悠善,56,ダ,2000,重
2021104947,ジーゲル,2026-03-12,大井,11,出羽坂賞競走(B3),12,2,2,373.6,12,8,高橋昭平,56,ダ,2000,良
2021104947,ジーゲル,2026-02-19,大井,12,日向坂賞競走(B3),13,7,11,346.2,13,11,高橋昭平,56,ダ,1650,良
2021104947,ジーゲル,2026-01-26,大井,10,百反坂賞競走(B3),13,7,10,592.3,13,11,東原悠善,56,ダ,1600,良
2021104947,ジーゲル,2026-01-16,大井,12,道玄坂賞競走(B3),14,7,12,598.7,14,14,小野俊斗,53,ダ,1400,良
2021104947,ジーゲル,2025-12-24,大井,9,KRAトロフィー競走(B1B2),12,5,5,536.8,12,10,東原悠善,55,ダ,1650,重
2021104947,ジーゲル,2025-12-04,大井,12,タンザナイト賞競走(B2B3),12,8,12,268.5,12,12,小野俊斗,54,ダ,1650,良
2021104947,ジーゲル,2025-11-13,大井,7,B2 以下,11,7,8,314.4,11,11,東原悠善,57,ダ,1800,稍
2021104947,ジーゲル,2025-10-24,大井,11,山茶花賞競走(B2),10,8,9,224.7,10,10,東原悠善,56,ダ,1600,重
2021104947,ジーゲル,2025-10-09,大井,10,アオイライコー賞競走(B2),13,5,6,308.9,13,13,東原悠善,56,ダ,1800,良
2021104947,ジーゲル,2025-09-18,大井,12,ペルセウス賞競走(B2B3),8,3,3,71.8,8,8,東原悠善,57,ダ,1650,良
2021104947,ジーゲル,2025-09-04,大井,10,アガリスピード賞競走(B2B3),11,2,2,40.5,9,9,東原悠善,57,ダ,2000,良
2021104947,ジーゲル,2025-08-14,大井,11,東京記念トライアル競(OP)(3上),8,3,3,54.6,7,8,東原悠善,53,ダ,2400,良
2021104947,ジーゲル,2025-07-06,福島,8,3歳以上1勝クラス,14,7,12,15.9,7,9,原優介,58,芝,1800,良
2021104947,ジーゲル,2025-04-20,福島,7,4歳以上1勝クラス,16,8,16,12.0,5,11,舟山瑠泉,55,芝,1800,良
2021104947,ジーゲル,2025-04-06,中山,8,4歳以上1勝クラス,13,3,3,5.8,2,3,舟山瑠泉,55,芝,1800,良
2021104947,ジーゲル,2025-02-01,小倉,8,4歳以上1勝クラス,16,6,12,3.8,1,15,斎藤新,57,芝,1800,稍
2021104947,ジーゲル,2025-01-25,小倉,12,4歳以上1勝クラス,16,2,3,7.5,3,6,佐々木大,57,芝,1800,良
2021104947,ジーゲル,2024-11-16,福島,9,高湯温泉特別(1勝クラス),16,5,10,11.7,6,2,亀田温心,56,芝,1800,良
2021104947,ジーゲル,2024-11-02,福島,7,3歳以上1勝クラス,15,6,10,14.6,7,3,亀田温心,56,芝,1800,稍
2021104947,ジーゲル,2024-09-08,中山,7,3歳以上1勝クラス,16,7,13,24.2,9,5,武豊,56,芝,1600,良
2021104947,ジーゲル,2024-06-01,東京,7,3歳以上1勝クラス,18,7,13,7.4,5,14,戸崎圭太,55,芝,1400,良
2021104947,ジーゲル,2024-04-20,東京,5,3歳未勝利,18,6,11,2.8,1,1,戸崎圭太,57,芝,1600,良
2021104947,ジーゲル,2023-12-09,中山,4,2歳未勝利,16,1,1,4.5,2,4,横山和生,56,芝,1800,良
2021104947,ジーゲル,2023-11-12,東京,5,2歳新馬,11,1,1,5.4,3,2,横山和生,56,芝,1600,良
2021105016,アドベントクラウン,2025-12-03,大井,7,C2九 十11(C2十),14,5,8,15.7,6,4,矢野貴之,56,ダ,1400,良
2021105016,アドベントクラウン,2025-11-10,大井,5,C215 1617(C216),14,8,14,46.5,11,5,Ｍ．ミシ,54,ダ,1600,稍
2021105016,アドベントクラウン,2025-10-21,大井,5,きたいを超える東京北(C212),14,3,3,33.3,7,5,Ｍ．ミシ,54,ダ,1600,稍
2021105016,アドベントクラウン,2025-10-06,大井,6,バーバラ賞(C215),8,6,6,8.7,4,5,Ｍ．ミシ,54,ダ,1600,良
2021105016,アドベントクラウン,2025-09-15,大井,8,スティンガー賞(C2),9,2,2,3.8,2,4,藤田凌,56,ダ,1600,稍
2021105016,アドベントクラウン,2025-09-01,大井,8,ピンク・ジン賞(C2),8,4,4,4.1,3,4,谷内貫太,55,ダ,1600,良
2021105016,アドベントクラウン,2025-08-15,大井,1,C3一 二,14,5,7,36.0,7,2,谷内貫太,55,ダ,1600,良
2021105016,アドベントクラウン,2025-07-15,大井,1,C3六 七,13,2,2,6.9,4,1,谷内貫太,55,ダ,1600,稍
2021105016,アドベントクラウン,2025-05-16,川崎,8,C2八 九,8,6,6,11.7,4,6,町田直希,56,ダ,1400,稍
2021105016,アドベントクラウン,2025-04-11,川崎,7,C2九,12,4,4,7.2,3,10,矢野貴之,56,ダ,1400,稍
2021105016,アドベントクラウン,2025-02-08,川崎,9,金盞花賞(C2),12,8,12,23.5,5,6,町田直希,56,ダ,1400,良
2021105016,アドベントクラウン,2025-01-04,川崎,6,伊達巻賞(C2),12,7,10,33.2,6,8,町田直希,56,ダ,1400,良
2021105016,アドベントクラウン,2024-12-13,川崎,7,C2九,12,8,11,7.5,3,6,町田直希,56,ダ,1400,良
2021105016,アドベントクラウン,2023-10-09,川崎,3,馬追賞(2歳),10,3,3,1.8,1,2,町田直希,55,ダ,1400,不
2021105016,アドベントクラウン,2023-09-15,川崎,2,スパーキングデビュー(2歳),6,6,6,1.2,1,2,町田直希,54,ダ,1400,良
2021105347,マスターオブライフ,2026-09-02,大井,11,アフター5スター賞競(重賞),16,4,8,4.0,2,3,御神本訓,54,ダ,1200,良
2021105347,マスターオブライフ,2026-07-23,大井,11,アフター5スター賞ト(A2),10,7,7,2.0,1,1,御神本訓,53,ダ,1200,良
2021105347,マスターオブライフ,2026-06-08,大井,11,ゲンマ賞競走(B2),16,6,12,1.7,1,1,御神本訓,56,ダ,1200,不
2021105347,マスターオブライフ,2026-04-29,大井,12,伝兵衛坂賞競走(B3),16,1,2,1.5,1,1,御神本訓,57,ダ,1200,稍
2021105347,マスターオブライフ,2025-09-19,大井,12,伊皿子坂賞競走(B3),16,8,16,2.7,2,2,御神本訓,56,ダ,1200,不
2021105347,マスターオブライフ,2025-07-16,大井,12,ベガ賞競走(B2B3),12,7,9,1.6,1,2,吉原寛人,55,ダ,1400,不
2021105347,マスターオブライフ,2025-07-03,大井,9,赤坂賞競走(B3),12,7,10,1.1,1,6,御神本訓,56,ダ,1200,良
2021105347,マスターオブライフ,2025-04-15,大井,12,山王坂賞競走(B3),13,2,2,1.7,1,1,御神本訓,56,ダ,1400,重
2021105347,マスターオブライフ,2024-11-05,大井,11,神明坂賞競走(B3),15,8,16,2.1,1,3,御神本訓,56,ダ,1400,稍
2021105347,マスターオブライフ,2024-09-19,名古屋,11,秋の鞍(重賞),12,8,12,2.0,1,4,御神本訓,56,ダ,1500,良
2021105347,マスターオブライフ,2024-07-31,大井,7,クレイジーソルト賞(C1六),10,7,8,2.3,2,1,御神本訓,55,ダ,1400,良
2021105347,マスターオブライフ,2023-11-16,大井,5,2歳三 四,7,3,3,1.4,1,1,御神本訓,55,ダ,1600,良
2021105347,マスターオブライフ,2023-09-22,大井,4,2歳 新馬,7,4,4,1.2,1,1,御神本訓,54,ダ,1600,稍
2021105388,ゴンザーゴ,2026-09-03,大井,12,うお座特別競走(C1),10,2,2,5.2,4,1,安藤洋一,56,ダ,1650,良
2021105388,ゴンザーゴ,2026-08-16,大井,7,C1二 三四(C1三),11,2,2,22.1,7,5,安藤洋一,56,ダ,1400,重
2021105388,ゴンザーゴ,2026-07-24,大井,10,C1二 三四(C1三),14,1,1,117.1,12,5,安藤洋一,56,ダ,1400,良
2021105388,ゴンザーゴ,2026-07-02,大井,10,淡路坂賞競走(B3),12,7,10,85.8,8,8,安藤洋一,56,ダ,1600,不
2021105388,ゴンザーゴ,2026-06-08,大井,6,へび座特別競走(C1),9,6,6,19.5,4,3,和田譲治,56,ダ,1800,不
2021105388,ゴンザーゴ,2026-05-21,大井,5,C1二 三四(C1三),14,3,4,3.8,2,2,和田譲治,56,ダ,1600,稍
2021105388,ゴンザーゴ,2026-04-30,大井,7,C1三 四五(C1四),13,6,9,16.8,6,3,和田譲治,56,ダ,1600,稍
2021105388,ゴンザーゴ,2026-04-17,大井,10,北極星特別競走(C1),13,2,2,22.8,6,7,和田譲治,56,ダ,2000,重
2021105388,ゴンザーゴ,2026-03-24,大井,12,うみへび座特別競走(C1),13,4,5,11.3,3,5,笹川翼,56,ダ,1800,良
2021105388,ゴンザーゴ,2025-12-03,大井,12,やまねこ座特別競走(C1),16,1,2,2.9,2,7,吉原寛人,56,ダ,1800,良
2021105388,ゴンザーゴ,2025-11-12,大井,7,C1三 四五(C1四),12,8,12,16.8,5,2,吉原寛人,56,ダ,1600,稍
2021105388,ゴンザーゴ,2025-10-24,大井,10,野菊特別競走(C1三),10,1,1,2.6,1,5,笹川翼,56,ダ,1400,重
2021105388,ゴンザーゴ,2025-10-10,大井,7,C1三 四五(C1四),11,7,9,6.0,2,3,笹川翼,56,ダ,1600,良
2021105388,ゴンザーゴ,2025-05-29,浦和,10,マルチステッキ特別(B2B3),12,7,10,7.0,2,6,原優介,57,ダ,1400,良
2021105388,ゴンザーゴ,2025-03-22,中山,7,4歳以上1勝クラス,16,6,11,37.7,9,15,鮫島克駿,58,ダ,1800,稍
2021105388,ゴンザーゴ,2025-01-13,中山,8,4歳以上1勝クラス,14,4,6,76.2,12,7,ドイル,57,ダ,1800,良
2021105388,ゴンザーゴ,2024-12-14,中京,6,3歳以上1勝クラス,16,2,4,12.0,4,6,ドイル,57,ダ,1400,良
2021105388,ゴンザーゴ,2024-10-05,東京,7,3歳以上1勝クラス,16,2,3,38.3,10,6,松山弘平,56,ダ,1400,重
2021105388,ゴンザーゴ,2024-05-26,東京,2,3歳未勝利,16,8,16,6.7,4,1,西村淳也,57,ダ,1400,良
2021105388,ゴンザーゴ,2024-03-17,中山,2,3歳未勝利,16,3,5,4.8,4,14,北村宏司,57,ダ,1200,良
2021105388,ゴンザーゴ,2023-12-17,中山,3,2歳未勝利,16,7,13,5.1,2,4,北村宏司,56,ダ,1200,良
2021105388,ゴンザーゴ,2023-09-17,中山,4,2歳新馬,16,7,13,5.6,3,2,北村宏司,55,芝,1200,良
2021105457,ヘデンバージャイト,2026-07-02,大井,1,C3三 四,14,7,12,23.5,7,14,石川駿介,54,ダ,1600,不
2021105457,ヘデンバージャイト,2026-06-10,大井,1,C3三 四,14,5,7,53.2,13,13,石川駿介,54,ダ,1600,重
2021105457,ヘデンバージャイト,2026-05-19,大井,1,C3四 五六(C3五),13,3,3,17.6,7,13,石川駿介,54,ダ,1600,良
2021105457,ヘデンバージャイト,2026-04-27,大井,1,C3六 七,14,5,8,5.3,2,7,石川駿介,54,ダ,1600,不
2021105457,ヘデンバージャイト,2026-04-13,大井,1,C3六 七,13,4,4,7.9,3,8,石川駿介,54,ダ,1600,良
2021105457,ヘデンバージャイト,2026-03-23,大井,2,C3七 八,14,5,7,31.4,5,10,石川駿介,54,ダ,1600,良
2021105457,ヘデンバージャイト,2026-03-09,大井,2,C3七 八,12,3,3,14.4,3,4,石川駿介,54,ダ,1600,稍
2021105457,ヘデンバージャイト,2026-02-17,大井,2,C3六 七,13,4,4,17.3,6,4,石川駿介,54,ダ,1600,稍
2021105457,ヘデンバージャイト,2026-01-27,大井,2,C3六 七,14,1,1,10.0,4,8,石川駿介,54,ダ,1600,良
2021105457,ヘデンバージャイト,2026-01-12,大井,2,C3八 九,13,3,3,17.9,3,5,石川駿介,54,ダ,1600,良
2021105457,ヘデンバージャイト,2025-09-05,大井,1,C3一 二,14,5,7,10.6,5,13,石川駿介,54,ダ,1600,不
2021105457,ヘデンバージャイト,2025-08-14,大井,1,C3三 四,13,1,1,2.6,1,3,石川駿介,54,ダ,1600,稍
2021105457,ヘデンバージャイト,2025-07-15,大井,1,C3六 七,13,7,11,3.0,1,3,石川駿介,54,ダ,1600,稍
2021105457,ヘデンバージャイト,2025-07-02,大井,1,C3三 四,10,7,8,27.3,6,1,石川駿介,54,ダ,1600,良
2021105457,ヘデンバージャイト,2025-06-12,大井,1,C3三 四,11,1,1,63.1,8,9,石川駿介,54,ダ,1600,重
2021105457,ヘデンバージャイト,2025-05-21,大井,2,C3三 四,14,5,8,406.2,12,12,石川駿介,54,ダ,1200,稍
2021105457,ヘデンバージャイト,2025-04-29,大井,1,C3四 五,8,6,6,29.1,6,8,石川駿介,54,ダ,1600,不
2021105457,ヘデンバージャイト,2025-04-15,大井,2,C3四 五,14,4,6,233.9,12,13,石川駿介,54,ダ,1200,重
2021105457,ヘデンバージャイト,2025-02-19,大井,1,C3五 六,16,1,1,10.2,5,15,吉原寛人,54,ダ,1200,良
2021105457,ヘデンバージャイト,2025-01-14,大井,2,C3六 七,16,3,5,28.2,8,12,本田正重,54,ダ,1200,稍
2021105457,ヘデンバージャイト,2024-07-29,大井,7,3歳11 12,16,1,1,10.2,3,4,本田正重,54,ダ,1200,良
2021105457,ヘデンバージャイト,2024-06-25,大井,6,3歳11 12,13,6,8,6.9,5,12,矢野貴之,54,ダ,1600,重
2021105457,ヘデンバージャイト,2023-12-26,大井,3,2歳 新馬,8,3,3,6.5,2,2,本田正重,54,ダ,1400,良
2021105528,サトノエンパイア,2026-08-12,大井,10,トゥインクルバースデ(B3),14,3,4,36.8,9,3,和田譲治,56,ダ,1600,不
2021105528,サトノエンパイア,2026-07-21,大井,12,三宅坂賞競走(B3),16,2,3,16.3,6,5,和田譲治,56,ダ,1800,良
2021105528,サトノエンパイア,2026-07-03,大井,12,潮見坂賞競走(B3),13,5,7,20.7,7,6,和田譲治,56,ダ,1400,不
2021105528,サトノエンパイア,2026-06-10,大井,12,BSイレブン賞競走(B3),13,3,3,44.4,6,5,和田譲治,56,ダ,1600,重
2021105528,サトノエンパイア,2026-05-21,大井,12,桂坂賞競走(B3),14,3,3,12.1,4,5,和田譲治,56,ダ,1650,稍
2021105528,サトノエンパイア,2026-04-27,大井,12,行人坂賞競走(B3),14,4,7,18.4,7,4,和田譲治,57,ダ,1600,不
2021105528,サトノエンパイア,2026-04-14,大井,10,山王坂賞競走(B3),9,2,2,15.2,4,4,和田譲治,56,ダ,1400,良
2021105528,サトノエンパイア,2026-03-26,大井,7,B3四,9,2,2,8.2,3,4,和田譲治,56,ダ,2000,不
2021105528,サトノエンパイア,2026-03-12,大井,12,花月特別競走(C1),14,7,11,2.7,1,2,和田譲治,56,ダ,1650,良
2021105528,サトノエンパイア,2026-02-18,大井,7,C1二 三四(C1三),14,8,14,3.8,2,6,和田譲治,56,ダ,1600,稍
2021105528,サトノエンパイア,2026-01-29,大井,12,風花特別競走(C1C2),14,7,11,1.5,1,2,和田譲治,57,ダ,1650,良
2021105528,サトノエンパイア,2025-12-31,大井,8,C1四 五六(C1五),14,8,14,2.9,1,2,和田譲治,56,ダ,1600,稍
2021105528,サトノエンパイア,2025-12-02,大井,6,C1五 六,14,8,13,1.7,1,1,和田譲治,56,ダ,1600,良
2021105528,サトノエンパイア,2025-11-10,大井,8,ボビーバーンズ賞(C1),11,6,6,14.1,4,2,和田譲治,56,ダ,1600,稍
2021105528,サトノエンパイア,2025-09-13,阪神,9,3歳以上1勝クラス,18,8,16,204.7,17,16,西塚洸二,57,芝,1400,良
2021105528,サトノエンパイア,2025-08-31,中京,8,3歳以上1勝クラス,16,3,6,132.9,12,8,高杉吏麒,57,芝,1600,良
2021105528,サトノエンパイア,2025-05-10,新潟,9,三国特別(1勝クラス),8,3,3,14.5,4,7,西塚洸二,58,芝,1600,稍
2021105528,サトノエンパイア,2025-04-19,阪神,8,4歳以上1勝クラス,14,4,6,54.0,12,8,西塚洸二,57,芝,1600,良
2021105528,サトノエンパイア,2025-03-16,中京,7,4歳以上1勝クラス,16,7,13,34.1,11,7,松山弘平,58,芝,1600,重
2021105528,サトノエンパイア,2025-02-16,小倉,12,4歳以上1勝クラス,15,7,12,24.7,7,6,小沢大仁,57,芝,1800,良
2021105528,サトノエンパイア,2024-09-29,中京,7,3歳以上1勝クラス,16,2,3,59.1,13,14,西塚洸二,55,芝,1600,重
2021105528,サトノエンパイア,2024-05-18,京都,9,メルボルンT(1勝クラス),13,5,8,40.3,10,9,坂井瑠星,57,芝,1600,良
2021105528,サトノエンパイア,2023-12-03,阪神,5,2歳新馬,9,1,1,2.5,1,1,北村友一,56,芝,1600,良
2021105750,アルゴナヴィス,2026-09-03,大井,11,セプテンバー賞競走(A2B1),9,2,2,5.3,2,3,笹川翼,57,ダ,1800,良
2021105750,アルゴナヴィス,2026-08-04,船橋,10,海ほたる特別(A2B1),10,8,10,3.2,2,4,笹川翼,57,ダ,1600,良
2021105750,アルゴナヴィス,2026-05-31,東京,9,ARF杯薫風S(3勝クラス),15,1,1,62.0,9,5,津村明秀,58,ダ,1600,良
2021105750,アルゴナヴィス,2026-03-29,中京,10,伊勢S(3勝クラス),15,1,1,28.5,9,14,団野大成,55,ダ,1900,良
2021105750,アルゴナヴィス,2026-01-31,東京,9,白嶺S(3勝クラス),16,2,3,46.1,10,10,荻野極,56,ダ,1600,良
2021105750,アルゴナヴィス,2025-12-20,中京,11,尾頭橋S(3勝クラス),11,6,7,5.6,3,11,高杉吏麒,58,ダ,1800,稍
2021105750,アルゴナヴィス,2025-11-08,東京,10,錦秋S(3勝クラス),11,3,3,9.5,4,4,プーシャ,58,ダ,1600,良
2021105750,アルゴナヴィス,2025-10-05,東京,10,赤富士S(3勝クラス),16,3,6,8.8,6,4,岩田望来,58,ダ,1600,良
2021105750,アルゴナヴィス,2025-08-09,中京,7,三河S(3勝クラス),16,3,6,5.8,4,7,団野大成,58,ダ,1800,良
2021105750,アルゴナヴィス,2025-05-24,東京,12,4歳以上2勝クラス,14,3,4,4.0,2,1,レーン,58,ダ,1600,良
2021105750,アルゴナヴィス,2025-05-03,新潟,7,4歳以上1勝クラス,11,7,8,1.9,1,1,荻野極,58,ダ,1800,稍
2021105750,アルゴナヴィス,2025-03-29,中京,7,4歳以上1勝クラス,14,6,10,1.3,1,3,鮫島克駿,58,ダ,1800,稍
2021105750,アルゴナヴィス,2025-01-25,中京,7,4歳以上1勝クラス,15,8,14,2.3,1,2,団野大成,57,ダ,1800,良
2021105750,アルゴナヴィス,2024-12-28,京都,8,3歳以上1勝クラス,16,7,13,4.7,3,8,菱田裕二,57,ダ,1800,良
2021105750,アルゴナヴィス,2024-12-15,中京,3,3歳以上1勝クラス,15,4,7,1.6,1,3,西村淳也,57,ダ,1800,良
2021105750,アルゴナヴィス,2024-09-07,中京,7,3歳以上1勝クラス,11,7,8,16.0,5,1,西村淳也,55,ダ,1800,良
2021105750,アルゴナヴィス,2024-07-27,札幌,3,3歳未勝利,16,4,7,22.4,7,6,角田大河,56,芝,2000,良
2021105750,アルゴナヴィス,2024-06-29,小倉,4,3歳未勝利,15,8,16,12.4,6,11,永島まな,55,芝,1800,良
2021105750,アルゴナヴィス,2024-05-05,京都,5,3歳未勝利,15,2,3,6.0,3,7,和田竜二,57,芝,1800,良
2021105750,アルゴナヴィス,2024-04-14,福島,2,3歳未勝利,16,5,9,8.3,4,2,鷲頭虎太,54,芝,2000,良
2021105750,アルゴナヴィス,2024-02-25,小倉,5,3歳未勝利,16,6,11,7.2,4,7,富田暁,57,芝,1800,稍
2021105750,アルゴナヴィス,2024-02-04,小倉,7,3歳未勝利,10,8,9,6.4,3,5,富田暁,57,芝,2000,重
2021105750,アルゴナヴィス,2023-10-21,東京,5,2歳新馬,16,4,7,3.0,1,6,モレイラ,56,芝,2000,良
2021105763,ビップチェイス,2026-08-30,中京,8,熊野特別(2勝クラス),15,6,11,110.6,12,13,菱田裕二,58,芝,2200,良
2021105763,ビップチェイス,2026-08-15,新潟,6,阿賀野川特別(2勝クラス),14,5,8,130.3,12,6,杉原誠人,58,芝,2200,良
2021105763,ビップチェイス,2026-05-31,東京,8,青嵐賞(2勝クラス),14,6,9,249.9,13,6,杉原誠人,58,芝,2400,良
2021105763,ビップチェイス,2026-05-17,京都,9,白川特別(2勝クラス),10,8,10,36.5,7,7,藤懸貴志,58,芝,2400,良
2021105763,ビップチェイス,2026-04-19,福島,10,奥の細道特別(2勝クラス),13,2,2,12.5,6,7,杉原誠人,58,芝,2600,良
2021105763,ビップチェイス,2026-04-12,福島,9,燧ヶ岳特別(1勝クラス),13,6,9,11.9,6,1,杉原誠人,58,芝,2600,良
2021105763,ビップチェイス,2026-01-12,中山,12,4歳以上1勝クラス,18,2,4,51.4,11,14,荻野極,58,芝,2000,良
2021105763,ビップチェイス,2025-12-27,中山,7,3歳以上1勝クラス,18,8,16,27.3,9,18,江田照男,58,芝,2200,良
2021105763,ビップチェイス,2025-12-13,中京,7,3歳以上1勝クラス,18,7,13,16.7,7,12,丸山元気,58,芝,2200,良
2021105763,ビップチェイス,2025-10-18,新潟,9,岩船特別(1勝クラス),15,8,14,9.9,5,5,江田照男,58,芝,2200,良
2021105763,ビップチェイス,2025-09-27,中山,7,3歳以上1勝クラス,16,1,2,38.1,8,2,江田照男,58,芝,2200,良
2021105763,ビップチェイス,2025-08-31,新潟,9,瓢湖特別(1勝クラス),11,5,6,34.3,7,5,江田照男,58,芝,2200,良
2021105763,ビップチェイス,2025-08-17,新潟,11,3歳以上1勝クラス,11,7,8,34.7,8,3,江田照男,58,芝,2400,良
2021105763,ビップチェイス,2025-03-01,小倉,9,脊振山特別(1勝クラス),16,6,11,26.6,9,7,菊沢一樹,57,芝,2600,良
2021105763,ビップチェイス,2025-02-08,小倉,9,足立山特別(1勝クラス),14,5,7,14.2,5,6,菊沢一樹,57,芝,2600,稍
2021105763,ビップチェイス,2025-01-18,中山,12,4歳以上1勝クラス,16,8,16,86.5,9,4,丹内祐次,57,芝,2000,良
2021105763,ビップチェイス,2025-01-12,中山,7,4歳以上1勝クラス,18,4,8,53.1,9,12,江田照男,57,芝,2200,良
2021105763,ビップチェイス,2024-11-16,福島,9,高湯温泉特別(1勝クラス),16,1,2,62.7,14,7,江田照男,56,芝,1800,良
2021105763,ビップチェイス,2024-11-02,東京,7,3歳以上1勝クラス,13,3,4,59.0,8,10,江田照男,57,ダ,1600,重
2021105763,ビップチェイス,2024-10-13,東京,6,3歳以上1勝クラス,12,6,8,40.9,9,10,江田照男,56,ダ,1600,良
2021105763,ビップチェイス,2024-06-16,東京,2,3歳未勝利,16,5,10,138.7,8,1,江田照男,57,ダ,1600,良
2021105763,ビップチェイス,2024-05-26,東京,3,3歳未勝利,16,7,14,122.1,10,8,江田照男,57,ダ,1600,良
2021105763,ビップチェイス,2024-05-12,東京,2,3歳未勝利,16,6,12,167.6,9,6,江田照男,57,ダ,1600,良
2021105763,ビップチェイス,2024-03-23,中京,6,3歳未勝利,16,8,16,67.6,10,中,今村聖奈,54,ダ,1900,重
2021105763,ビップチェイス,2024-03-09,中山,3,3歳未勝利,13,2,2,54.5,8,9,戸崎圭太,57,ダ,1800,重
2021105940,ブルーアプローズ,2025-05-23,大井,3,C2三 四五(C2四),11,7,8,1.1,1,1,西啓太,56,ダ,1400,良
2021105940,ブルーアプローズ,2025-04-30,大井,5,C2九 十11(C2十),11,5,5,1.1,1,1,西啓太,56,ダ,1400,稍
2021105940,ブルーアプローズ,2025-04-14,大井,9,C214 1516(C215),14,1,1,1.6,1,1,西啓太,56,ダ,1400,不
2021105940,ブルーアプローズ,2024-11-03,高知,6,土佐秋月賞(重賞),11,7,8,42.3,6,7,永森大智,56,ダ,1600,不
2021105940,ブルーアプローズ,2024-10-14,高知,7,C3ー15,12,2,2,2.1,1,3,井上瑛太,56,ダ,1400,稍
2021105940,ブルーアプローズ,2024-09-28,高知,5,えひめ道後特別(3歳),7,2,2,1.9,1,1,永森大智,56,ダ,1600,良
2021105940,ブルーアプローズ,2024-09-15,高知,3,3歳ー1,10,6,7,,,取,宮川実,56,ダ,1600,不
2021105940,ブルーアプローズ,2024-05-12,高知,2,3歳ー7,8,2,2,1.3,1,1,永森大智,56,ダ,1600,不
2021105940,ブルーアプローズ,2023-12-28,高知,1,2歳新馬,6,1,1,1.1,1,2,宮川実,55,ダ,1300,稍
2021106080,ミスティライラック,2026-07-20,笠松,12,サマーC(重賞),10,8,9,18.3,5,7,大畑雅章,57,ダ,1400,良
2021106080,ミスティライラック,2026-07-02,名古屋,11,小暑前特別(A),11,5,5,4.3,2,5,大畑雅章,56,ダ,1500,重
2021106080,ミスティライラック,2026-06-18,名古屋,10,湾岸渚特別(A),8,4,4,2.4,2,2,大畑雅章,57,ダ,1500,良
2021106080,ミスティライラック,2026-05-08,名古屋,11,翡翠特別(A),10,3,3,,,取,大畑慧悟,57,ダ,1500,良
2021106080,ミスティライラック,2026-04-23,名古屋,9,ポートメテオ特別(A),10,4,4,10.1,3,2,大畑慧悟,57,ダ,1400,不
2021106080,ミスティライラック,2026-04-13,名古屋,11,夜桜特別(A),10,5,5,9.3,3,3,大畑慧悟,57,ダ,1500,良
2021106080,ミスティライラック,2026-03-11,名古屋,11,八重霞特別(A),11,6,7,2.7,1,4,大畑雅章,57,ダ,1500,良
2021106080,ミスティライラック,2026-02-11,名古屋,11,パウンドケーキ特別(A),12,8,11,1.6,1,1,大畑雅章,57,ダ,1500,重
2021106080,ミスティライラック,2026-01-27,名古屋,10,鶯宿梅特別(A),11,2,2,2.0,1,1,大畑雅章,57,ダ,1400,良
2021106080,ミスティライラック,2026-01-01,名古屋,12,願いを込めた絵馬賞(B),12,8,11,3.6,2,1,大畑慧悟,57,ダ,1400,良
2021106080,ミスティライラック,2025-12-19,名古屋,10,巳年納特別(A),11,7,9,4.8,2,2,大畑雅章,57,ダ,1500,稍
2021106080,ミスティライラック,2025-12-09,名古屋,10,豊根特別(A),12,7,9,114.3,10,6,筒井勇介,57,ダ,1500,良
2021106080,ミスティライラック,2025-11-20,名古屋,11,夕霧特別(A),11,5,6,23.5,7,11,大畑雅章,57,ダ,1700,良
2021106080,ミスティライラック,2025-10-15,川崎,9,才華爛発賞(B3),11,3,3,100.7,11,7,伊藤裕人,56,ダ,900,重
2021106080,ミスティライラック,2025-09-30,船橋,12,新鮮野菜とBBQなら(B3),12,8,12,51.2,8,7,Ｍ．ミシ,54,ダ,1200,良
2021106080,ミスティライラック,2025-09-10,川崎,9,花鳥風月賞(B3),12,2,2,41.2,10,10,加藤雄真,53,ダ,900,良
2021106080,ミスティライラック,2025-08-22,川崎,10,やまなみ五湖「宮ヶ瀬(B3),12,6,8,25.8,6,7,藤江渉,56,ダ,900,良
2021106080,ミスティライラック,2025-08-06,川崎,12,奔逸絶塵賞(B3),9,1,1,10.7,5,4,藤江渉,56,ダ,900,良
2021106080,ミスティライラック,2025-07-08,川崎,11,愛川町70周年記念カ(B3),11,7,8,19.7,6,4,佐藤翔馬,53,ダ,900,良
2021106080,ミスティライラック,2025-06-19,川崎,12,見返り美人特別(B3),11,7,9,22.6,6,6,加藤雄真,53,ダ,1400,良
2021106080,ミスティライラック,2025-06-02,船橋,10,スイカズラスプリント(B3),12,1,1,39.2,11,8,藤江渉,56,ダ,1200,稍
2021106080,ミスティライラック,2025-05-16,川崎,10,第38回開成町阿波お(B3),11,8,11,13.7,5,2,藤江渉,56,ダ,1400,稍
2021106080,ミスティライラック,2025-04-11,川崎,11,卯の花月特別(B3),13,5,7,52.9,10,12,町田直希,56,ダ,1500,不
2021106080,ミスティライラック,2025-03-17,浦和,11,桜月特別(B3),12,8,12,32.1,9,9,町田直希,56,ダ,1400,重
2021106080,ミスティライラック,2025-03-06,川崎,10,抜山蓋世賞(B2B3),12,8,12,8.0,4,8,加藤雄真,52,ダ,900,不
2021106080,ミスティライラック,2025-02-04,川崎,10,唯我独尊賞(B2B3),12,5,5,60.2,10,3,加藤雄真,52,ダ,900,稍
2021106080,ミスティライラック,2024-09-05,川崎,9,日和風特別(B3),14,1,1,21.7,8,7,野畑凌,55,ダ,1600,稍
2021106080,ミスティライラック,2024-08-08,川崎,10,法師蝉特別(B3),14,5,8,55.4,12,11,古岡勇樹,55,ダ,1500,良
2021106080,ミスティライラック,2024-07-26,川崎,9,やまなみ五湖「宮ヶ瀬(B3),7,6,6,14.8,5,4,古岡勇樹,55,ダ,1600,良
2021106080,ミスティライラック,2024-07-04,川崎,9,天の川賞(B3),6,1,1,7.3,4,3,古岡勇樹,55,ダ,1500,稍
2021106080,ミスティライラック,2024-06-10,川崎,12,見返り美人特別(B3),14,8,13,41.1,9,12,古岡勇樹,54,ダ,1500,重
2021106080,ミスティライラック,2024-05-07,川崎,3,大瑠璃特別(3歳),13,4,4,7.5,4,1,古岡勇樹,56,ダ,1500,稍
2021106080,ミスティライラック,2024-04-17,浦和,11,’24アヴニール賞(OP)(3歳),10,7,8,127.8,9,7,古岡勇樹,54,ダ,1400,良
2021106080,ミスティライラック,2024-04-04,川崎,12,頬白特別(3歳),11,7,10,28.2,8,3,古岡勇樹,56,ダ,1500,重
2021106080,ミスティライラック,2024-03-11,川崎,6,連翹賞(3歳),10,8,9,101.9,10,10,古岡勇樹,56,ダ,1500,良
2021106080,ミスティライラック,2024-02-21,浦和,3,3歳二,12,5,5,72.4,12,6,古岡勇樹,56,ダ,1400,良
2021106080,ミスティライラック,2023-10-12,川崎,4,影武者賞(2歳),9,4,4,41.6,8,6,藤江渉,56,ダ,1500,稍
2021106080,ミスティライラック,2023-09-13,川崎,11,若武者賞(重賞),7,5,5,143.6,7,7,藤江渉,55,ダ,1500,良
2021106080,ミスティライラック,2023-08-24,川崎,11,初陣賞(OP)(2歳),9,7,7,102.2,7,5,藤江渉,55,ダ,1400,良
2021106080,ミスティライラック,2023-07-29,川崎,4,シャイニングヒーロー(2歳),6,2,2,30.8,5,4,藤江渉,54,ダ,1500,良
2021106080,ミスティライラック,2023-07-04,川崎,5,シャイニングスター賞(2歳),5,2,2,24.0,4,4,藤江渉,54,ダ,1400,良
2021106080,ミスティライラック,2023-06-13,川崎,2,モンシロチョウ特別(2歳),9,6,6,2.4,1,1,町田直希,54,ダ,1400,重
2021106080,ミスティライラック,2023-05-18,川崎,2,スパーキングデビュー(2歳),6,5,5,2.8,2,5,野畑凌,53,ダ,1400,良
2021106130,アメアガリ,2026-03-23,大井,2,C3七 八,14,6,10,262.1,14,14,本村直樹,54,ダ,1600,良
2021106130,アメアガリ,2026-03-09,大井,2,C3七 八,12,2,2,535.4,12,11,瀬川将輝,54,ダ,1600,稍
2021106130,アメアガリ,2026-02-16,大井,2,C3八 九,12,7,10,524.4,12,9,瀬川将輝,54,ダ,1600,良
2021106130,アメアガリ,2026-01-26,大井,2,C3八 九,13,8,13,183.9,10,12,瀬川将輝,54,ダ,1200,良
2021106130,アメアガリ,2026-01-12,大井,3,C3八 九,15,4,7,171.4,15,13,瀬川将輝,54,ダ,1200,良
2021106130,アメアガリ,2025-12-24,大井,1,C3三,10,6,6,124.8,10,10,瀬川将輝,54,ダ,1400,重
2021106130,アメアガリ,2025-12-01,大井,1,C3三,13,4,5,397.6,13,13,瀬川将輝,54,ダ,1200,良
2021106130,アメアガリ,2025-11-13,大井,2,C3三 四,14,7,11,220.9,13,14,瀬川将輝,54,ダ,1200,稍
2021106130,アメアガリ,2025-10-20,大井,2,C3三 四,12,2,2,281.4,12,10,瀬川将輝,54,ダ,1200,稍
2021106130,アメアガリ,2025-10-06,大井,5,C3三 四五(C3四),11,3,3,228.7,11,11,瀬川将輝,54,ダ,1200,良
2021106130,アメアガリ,2025-09-16,大井,3,C3三 四五(C3四),14,6,10,187.3,12,13,瀬川将輝,54,ダ,1200,稍
2021106130,アメアガリ,2025-08-14,大井,2,C3三 四,13,7,10,282.9,12,10,瀬川将輝,54,ダ,1200,稍
2021106130,アメアガリ,2025-07-15,大井,1,C3六 七,13,1,1,131.9,11,11,瀬川将輝,54,ダ,1600,稍
2021106130,アメアガリ,2025-06-30,大井,9,C212 13,13,8,13,352.7,13,12,瀬川将輝,54,ダ,1200,良
2021106130,アメアガリ,2025-06-09,大井,8,パナシェ賞(C213),13,8,13,394.9,11,13,石川駿介,54,ダ,1400,良
2021106130,アメアガリ,2025-05-19,大井,7,C212 1314(C213),13,5,8,222.3,13,13,石川駿介,54,ダ,1400,重
2021106130,アメアガリ,2025-04-28,大井,10,C212 1314(C213),11,5,6,148.0,11,11,石川駿介,54,ダ,1400,稍
2021106130,アメアガリ,2025-04-14,大井,9,C214 1516(C215),14,4,6,436.6,14,14,石川駿介,54,ダ,1400,不
2021106130,アメアガリ,2025-03-24,大井,10,C215 16,11,7,8,274.5,11,11,石川駿介,54,ダ,1200,良
2021106130,アメアガリ,2025-03-10,大井,8,C214 1516(C215),13,1,1,221.9,13,11,石川駿介,54,ダ,1400,重
2021106130,アメアガリ,2025-02-17,大井,6,C215 1617(C216),14,3,3,365.1,13,13,石川駿介,54,ダ,1400,良
2021106130,アメアガリ,2025-01-27,大井,7,C216 17,10,8,10,221.2,9,10,石川駿介,54,ダ,1600,良
2021106130,アメアガリ,2024-12-25,大井,9,C215 1617(C216),14,2,2,152.6,9,14,石川駿介,54,ダ,1200,良
2021106130,アメアガリ,2024-12-01,大井,6,アクダクト賞(C2),12,6,8,74.1,7,12,谷内貫太,52,ダ,1600,良
2021106130,アメアガリ,2024-11-04,大井,8,野馬追賞(C216),16,4,8,44.1,8,15,谷内貫太,52,ダ,1200,稍
2021106130,アメアガリ,2024-10-14,大井,5,一緒に未来を描けるま(C2),13,3,3,39.3,7,12,瀬川将輝,52,ダ,1200,良
2021106130,アメアガリ,2024-09-09,大井,2,3歳11 12,14,5,8,18.5,4,2,谷内貫太,52,ダ,1200,良
2021106130,アメアガリ,2024-07-30,大井,3,3歳九 十,14,3,4,19.6,5,8,石川駿介,54,ダ,1200,良
2021106130,アメアガリ,2024-06-25,大井,7,3歳11 12,14,3,3,117.6,11,2,石川駿介,54,ダ,1200,重
2021106130,アメアガリ,2024-06-03,大井,6,3歳11 12,14,7,11,47.7,7,9,石川駿介,54,ダ,1400,重
2021106130,アメアガリ,2024-05-14,大井,4,3歳11 12,14,6,10,155.4,11,5,石川駿介,54,ダ,1400,重
2021106130,アメアガリ,2024-04-22,大井,5,3歳12 13,14,4,5,196.4,10,6,石川駿介,54,ダ,1400,稍
2021106130,アメアガリ,2024-03-18,大井,3,3歳12 13,14,6,10,539.9,14,11,千田洋,54,ダ,1400,良
2021106130,アメアガリ,2024-02-12,大井,3,3歳11 12,12,6,8,106.3,10,12,的場文男,54,ダ,1400,稍
2021106130,アメアガリ,2024-01-22,大井,3,3歳12 13,13,4,4,57.2,12,12,的場文男,54,ダ,1400,不
2021106130,アメアガリ,2023-12-26,大井,2,2歳十 11,14,6,10,47.0,8,14,的場文男,54,ダ,1200,良
2021106130,アメアガリ,2023-12-04,大井,7,2歳 選抜牝馬,16,8,15,12.5,5,15,的場文男,54,ダ,1200,良
2021106130,アメアガリ,2023-10-29,大井,2,2歳 新馬,5,2,2,4.6,2,4,的場文男,54,ダ,1200,稍
2021106149,ダイヤメ,2026-09-03,大井,9,C2三 四五(C2四),12,4,4,2.3,1,3,吉井章,56,ダ,1200,良
2021106149,ダイヤメ,2026-08-17,大井,10,メリッサ特別競走(C2四),12,4,4,6.3,3,3,吉井章,56,ダ,1200,稍
2021106149,ダイヤメ,2026-07-22,大井,7,クレイジーソルト賞(C2七),13,4,4,7.4,4,2,吉井章,56,ダ,1200,良
2021106149,ダイヤメ,2026-03-27,大井,5,C2四 五六(C2五),14,3,4,4.4,3,5,野畑凌,56,ダ,1400,重
2021106149,ダイヤメ,2026-03-13,大井,5,C2三 四五(C2四),14,5,7,12.9,6,3,野畑凌,56,ダ,1400,良
2021106149,ダイヤメ,2026-01-30,大井,7,C2三 四五(C2四),10,4,4,7.5,3,3,吉井章,56,ダ,1200,良
2021106149,ダイヤメ,2026-01-15,大井,7,C2六 七,10,6,6,5.8,2,2,笹川翼,56,ダ,1200,良
2021106149,ダイヤメ,2025-12-31,大井,6,C2四 五六(C2五),14,2,2,7.3,2,2,吉井章,56,ダ,1200,稍
2021106149,ダイヤメ,2025-12-05,大井,9,しあわせ多彩区賞(C2三),15,5,9,12.7,4,2,吉井章,56,ダ,1200,良
2021106149,ダイヤメ,2025-09-05,大井,7,C2二 三四(C2三),11,2,2,5.3,3,2,吉井章,56,ダ,1200,不
2021106149,ダイヤメ,2025-07-16,大井,7,ハーレーダビッドソン(C2),14,8,13,11.2,5,2,吉井章,56,ダ,1200,不
2021106149,ダイヤメ,2025-07-03,大井,6,C2三 四五(C2四),10,6,6,46.2,6,5,吉井章,56,ダ,1200,良
2021106149,ダイヤメ,2025-06-12,大井,6,C2五 六,14,1,1,4.3,3,2,吉井章,56,ダ,1200,重
2021106149,ダイヤメ,2025-05-20,大井,9,C2十 11,13,8,12,4.8,2,1,吉井章,56,ダ,1200,稍
2021106149,ダイヤメ,2025-04-30,大井,6,C2九 十11(C2十),14,6,9,12.6,6,7,吉井章,56,ダ,1200,稍
2021106149,ダイヤメ,2025-01-29,大井,7,C2十 11,14,8,14,75.2,11,6,吉井章,56,ダ,1200,良
2021106149,ダイヤメ,2025-01-14,大井,8,C211 1213(C212),14,7,11,33.0,7,5,吉井章,56,ダ,1400,稍
2021106149,ダイヤメ,2024-12-29,大井,6,C2十 1112(C211),14,6,9,6.0,4,9,吉井章,56,ダ,1400,良
2021106149,ダイヤメ,2024-12-03,大井,4,C211 1213(C212),14,2,2,15.0,7,4,吉井章,56,ダ,1400,良
2021106149,ダイヤメ,2024-11-04,大井,6,C215 1617(C216),14,5,7,4.9,3,3,吉井章,56,ダ,1400,稍
2021106149,ダイヤメ,2024-10-14,大井,5,一緒に未来を描けるま(C2),13,4,6,7.3,4,3,吉井章,56,ダ,1200,良
2021106149,ダイヤメ,2024-10-02,大井,3,3歳八 九十(3歳九),13,3,3,6.2,4,4,吉井章,56,ダ,1200,良
2021106149,ダイヤメ,2024-05-18,新潟,6,3歳未勝利,15,5,8,12.9,7,11,河原田菜,53,ダ,1800,良
2021106149,ダイヤメ,2024-04-07,福島,1,3歳未勝利,15,2,3,45.4,9,9,藤田菜七,55,ダ,1700,良
2021106149,ダイヤメ,2023-12-23,阪神,3,2歳未勝利,16,7,14,104.4,11,10,和田竜二,56,ダ,1400,良
2021106149,ダイヤメ,2023-12-02,阪神,1,2歳未勝利,12,8,11,13.3,5,4,和田竜二,56,ダ,1200,良
2021106149,ダイヤメ,2023-10-01,阪神,3,2歳新馬,13,4,4,20.0,8,4,和田竜二,55,ダ,1200,不
2021106474,ハナチルサト,2026-08-11,浦和,9,納涼特別(B2B3),9,1,1,4.5,3,6,町田直希,53,ダ,1500,良
2021106474,ハナチルサト,2026-07-13,浦和,11,相月特別(B2B3),10,4,4,8.6,4,2,和田譲治,53,ダ,1500,稍
2021106474,ハナチルサト,2026-06-26,浦和,10,幸手宿特別(B2B3),12,8,11,27.3,6,4,町田直希,53,ダ,1400,不
2021106474,ハナチルサト,2026-05-29,浦和,10,鈴蘭特別(B3),13,5,6,18.9,6,7,町田直希,54,ダ,1400,良
2021106474,ハナチルサト,2026-05-12,川崎,10,青葉空特別(B3二),14,5,8,29.6,6,10,半澤慶実,54,ダ,1600,良
2021106474,ハナチルサト,2026-04-23,浦和,12,花の宴特別(B3),10,7,7,10.5,5,4,町田直希,54,ダ,1400,稍
2021106474,ハナチルサト,2026-03-16,浦和,11,桜月特別(B3),13,7,10,10.7,4,2,町田直希,54,ダ,1400,稍
2021106474,ハナチルサト,2026-02-25,浦和,9,梅見月特別(B3),13,1,1,4.4,3,2,町田直希,54,ダ,1400,重
2021106474,ハナチルサト,2026-01-06,浦和,10,丙午特別(C1),12,2,2,4.5,2,1,町田直希,54,ダ,1400,稍
2021106474,ハナチルサト,2025-12-22,浦和,9,山羊座特別(C1),12,7,9,5.3,2,2,町田直希,54,ダ,1500,良
2021106474,ハナチルサト,2025-11-25,浦和,9,上州和牛賞特別(C1),11,1,1,4.5,3,3,町田直希,54,ダ,1400,良
2021106474,ハナチルサト,2025-10-30,浦和,8,浦和エイトチャレンジ(C1),12,6,7,1.8,1,2,町田直希,54,ダ,1500,稍
2021106474,ハナチルサト,2025-09-25,浦和,6,八潮市ハッピーこまち(C1),11,6,6,4.7,2,3,町田直希,54,ダ,1400,良
2021106474,ハナチルサト,2025-09-08,川崎,6,チョコミント賞(C2),12,4,4,2.8,1,1,町田直希,54,ダ,1400,稍
2021106474,ハナチルサト,2025-08-19,浦和,10,雁来月特別(C2),11,5,5,1.8,1,3,町田直希,54,ダ,1500,稍
2021106474,ハナチルサト,2025-07-23,浦和,5,特選(C2),10,7,7,3.9,2,2,町田直希,54.5,ダ,1400,良
2021106474,ハナチルサト,2025-06-23,浦和,9,深谷市誕生20周年記(C2四),7,5,5,1.6,1,1,町田直希,54,ダ,1500,良
2021106474,ハナチルサト,2025-05-28,浦和,6,C2七 八,11,7,8,2.2,1,1,町田直希,54,ダ,1500,良
2021106474,ハナチルサト,2025-04-25,浦和,7,さいたまスイーツ賞(C2),11,3,3,8.9,3,4,半澤慶実,54,ダ,1400,良
2021106474,ハナチルサト,2025-04-10,川崎,6,エクレア賞(C2),12,6,7,14.3,5,6,半澤慶実,54,ダ,1400,稍
2021106474,ハナチルサト,2025-03-19,浦和,5,浦和800ラウンド(C2),,8,12,,,,半澤慶実,54,ダ,800,不
2021106474,ハナチルサト,2024-12-25,浦和,5,C2九 十11(C2十),12,5,6,1.8,1,中,野畑凌,54,ダ,1500,良
2021106474,ハナチルサト,2024-08-04,新潟,9,3歳未勝利,15,4,7,16.5,6,7,永島まな,53,ダ,1200,良
2021106474,ハナチルサト,2024-06-01,東京,2,3歳未勝利,16,6,12,13.1,6,7,長浜鴻緒,52,ダ,1400,重
2021106474,ハナチルサト,2024-05-12,東京,1,3歳未勝利,16,2,4,12.2,8,3,長浜鴻緒,52,ダ,1400,良
2021106474,ハナチルサト,2024-04-27,東京,1,3歳未勝利,16,7,14,86.2,8,5,長浜鴻緒,52,ダ,1400,稍
2021106474,ハナチルサト,2024-04-07,中山,3,3歳未勝利,16,2,3,95.7,10,5,長浜鴻緒,52,ダ,1200,重
2021106474,ハナチルサト,2024-03-24,中京,1,3歳未勝利,16,8,16,422.3,14,6,川端海翼,52,ダ,1200,重
2021106474,ハナチルサト,2024-02-24,中山,1,3歳未勝利,16,1,1,71.6,11,8,柴田大知,55,ダ,1200,稍
2021106474,ハナチルサト,2023-09-17,中山,4,2歳新馬,16,4,7,122.5,14,7,原田和真,55,芝,1200,良
2021106479,カレーウドン,2026-09-03,大井,7,C2三 四五(C2四),12,5,5,5.6,3,5,藤田凌,56,ダ,1600,良
2021106479,カレーウドン,2026-07-22,大井,5,アメリカンピーナッツ(C2七),11,1,1,65.8,8,6,谷内貫太,55,ダ,1600,良
2021106479,カレーウドン,2026-06-29,大井,8,フロリダ賞(C1),14,5,7,24.5,6,7,中山遥人,55,ダ,1600,不
2021106479,カレーウドン,2026-06-09,大井,7,C1八 九,14,6,10,57.0,10,6,谷内貫太,55,ダ,1600,不
2021106479,カレーウドン,2026-05-22,大井,5,C2三 四五(C2四),10,2,2,24.1,6,4,谷内貫太,56,ダ,1600,不
2021106479,カレーウドン,2025-12-30,大井,7,C1七 八九(C1八),14,3,3,45.5,7,10,桑村真明,56,ダ,1600,稍
2021106479,カレーウドン,2025-12-02,大井,6,C1五 六,14,6,10,56.8,8,10,藤田凌,56,ダ,1600,良
2021106479,カレーウドン,2025-11-11,大井,8,ルビー・フィズ賞(C1),11,3,3,22.5,5,5,藤田凌,56,ダ,1600,稍
2021106479,カレーウドン,2025-10-20,大井,12,つる座特別競走(C1),13,6,8,96.0,9,12,鷹見陸,55,ダ,1800,稍
2021106479,カレーウドン,2025-10-09,大井,8,サンチャゴ賞(C1),11,1,1,39.6,9,5,江里口裕,56,ダ,1600,良
2021106479,カレーウドン,2025-09-15,大井,12,カシオペア座特別競走(C1),13,7,10,53.0,12,8,和田譲治,56,ダ,1800,稍
2021106479,カレーウドン,2025-08-10,大井,6,いるか座特別競走(C2),11,6,7,5.9,3,2,藤田凌,56,ダ,1800,不
2021106479,カレーウドン,2025-07-14,大井,10,わし座特別競走(C2),15,6,10,12.7,5,5,藤田凌,56,ダ,2000,稍
2021106479,カレーウドン,2025-07-02,大井,8,ディキ・ディキ賞(C1),8,6,6,8.1,5,6,藤田凌,56,ダ,1600,良
2021106479,カレーウドン,2025-05-21,大井,8,ジン・トニック賞(C1),11,8,12,9.4,5,4,藤田凌,56,ダ,1600,稍
2021106479,カレーウドン,2025-05-02,大井,6,C2二 三四(C2三),14,8,13,24.3,7,1,矢野貴之,56,ダ,1600,不
2021106479,カレーウドン,2025-04-18,大井,6,C2三 四五(C2四),13,8,12,75.6,9,3,藤田凌,56,ダ,1600,良
2021106479,カレーウドン,2025-03-27,大井,5,C2六 七,13,4,5,66.2,9,5,和田譲治,56,ダ,1600,良
2021106479,カレーウドン,2025-03-12,大井,5,C2六 七,14,6,9,85.2,8,9,江里口裕,53,ダ,1600,重
2021106479,カレーウドン,2025-02-21,大井,7,C2五 六,14,7,12,90.0,9,10,加藤雄真,53,ダ,1600,良
2021106479,カレーウドン,2025-01-30,大井,7,C2五 六七(C2六),11,2,2,20.9,5,11,和田譲治,56,ダ,1400,良
2021106479,カレーウドン,2024-12-30,大井,5,C2六 七,14,2,2,33.6,7,3,和田譲治,56,ダ,1600,良
2021106479,カレーウドン,2024-12-05,大井,4,C2六 七八(C2七),12,8,12,40.8,7,5,和田譲治,56,ダ,1600,良
2021106479,カレーウドン,2024-11-07,大井,8,ボビーバーンズ賞(C2六),12,3,3,25.0,6,10,江里口裕,56,ダ,1400,稍
2021106479,カレーウドン,2024-10-18,大井,7,おおた池月・磨墨賞(C2),9,7,8,32.3,5,6,江里口裕,56,ダ,1200,良
2021106479,カレーウドン,2024-10-03,大井,5,3歳四 五,14,4,5,120.7,11,8,江里口裕,56,ダ,1200,良
2021106479,カレーウドン,2024-09-13,大井,2,3歳二 三四(3歳三),13,5,6,51.4,10,11,江里口裕,56,ダ,1400,良
2021106479,カレーウドン,2024-08-17,大井,6,3歳一 二三(3歳二),13,8,13,,,取,江里口裕,56,ダ,1400,重
2021106479,カレーウドン,2024-08-16,大井,6,3歳一 二三(3歳二),,8,13,,,,江里口裕,56,ダ,1400,
2021106479,カレーウドン,2024-07-31,大井,2,3歳四 五,12,3,3,51.3,8,4,江里口裕,56,ダ,1200,良
2021106479,カレーウドン,2024-07-11,大井,2,3歳四 五六(3歳五),14,8,14,45.4,10,10,江里口裕,56,ダ,1400,良
2021106479,カレーウドン,2024-06-27,大井,6,3歳四 五六(3歳五),11,7,8,52.5,7,10,江里口裕,56,ダ,1400,良
2021106479,カレーウドン,2023-10-06,大井,9,チョウゲンボウ特別競(2歳),9,7,7,35.0,7,5,江里口裕,55,ダ,1200,重
2021106479,カレーウドン,2023-09-21,大井,5,歴史にツボる、MIN(2歳),9,2,2,60.4,6,5,江里口裕,54,ダ,1400,良
2021106479,カレーウドン,2023-09-07,大井,7,つばめ特別競走(2歳),9,5,5,35.5,6,7,江里口裕,54,ダ,1600,重
2021106479,カレーウドン,2023-08-02,大井,3,2歳三 四,8,5,5,3.8,2,1,江里口裕,54,ダ,1400,重
2021106479,カレーウドン,2023-06-27,大井,5,2歳 新馬,7,5,5,4.4,3,4,矢野貴之,54,ダ,1400,良
2021106622,エロース,2026-08-17,大井,6,ミント・フラッペ賞(C2四),12,8,12,4.5,3,1,西啓太,56,ダ,1600,稍
2021106622,エロース,2026-07-02,大井,6,C2六 七,12,7,11,4.0,1,1,西啓太,56,ダ,1600,不
2021106622,エロース,2025-10-10,大井,4,C2三 四五(C2四),12,2,2,5.7,4,5,本田正重,56,ダ,1600,良
2021106622,エロース,2025-09-05,大井,5,C2二 三四(C2三),12,1,1,3.5,2,8,本田正重,56,ダ,1600,不
2021106622,エロース,2025-08-15,大井,5,C2三 四五(C2四),12,6,8,4.5,2,2,本田正重,56,ダ,1600,良
2021106622,エロース,2025-06-12,大井,5,C2五 六,12,8,12,3.9,1,1,本田正重,56,ダ,1600,重
2021106622,エロース,2025-05-01,大井,6,C2七 八,13,8,13,5.3,3,2,本田正重,56,ダ,1600,稍
2021106622,エロース,2025-03-26,大井,5,C2八 九十(C2九),14,7,12,16.2,4,2,矢野貴之,56,ダ,1600,良
2021106622,エロース,2025-02-20,大井,6,C2九 十,14,3,3,4.3,2,10,矢野貴之,56,ダ,1600,良
2021106622,エロース,2025-01-29,大井,8,C2八 九,14,6,9,3.9,3,6,矢野貴之,56,ダ,1600,良
2021106622,エロース,2024-12-30,大井,2,3歳一 二,11,4,4,1.1,1,1,矢野貴之,56,ダ,1600,良
2021106622,エロース,2024-12-05,大井,2,3歳四 五,8,7,7,1.9,1,2,矢野貴之,56,ダ,1600,良
2021106622,エロース,2024-09-01,中京,6,3歳未勝利,18,6,12,11.9,7,18,永島まな,55,芝,2000,重
2021106622,エロース,2024-03-17,中京,5,3歳未勝利,16,3,5,14.1,6,10,鷲頭虎太,54,芝,2000,良
2021106622,エロース,2023-11-25,京都,2,2歳未勝利,13,1,1,6.9,3,11,モレイラ,56,芝,1600,良
2021106622,エロース,2023-10-28,京都,3,2歳未勝利,10,8,10,4.0,3,7,モレイラ,56,芝,1800,良
2021106622,エロース,2023-10-01,阪神,5,2歳新馬,9,4,4,1.9,1,4,岩田望来,55,芝,2000,稍
2021106688,カズノトレジャー,2026-08-16,大井,6,フローズン・ダイキリ(C1三),13,8,12,109.5,12,9,本田正重,56,ダ,1600,重
2021106688,カズノトレジャー,2026-07-24,大井,9,C1二 三四(C1三),12,7,9,47.8,8,6,本田正重,56,ダ,1600,良
2021106688,カズノトレジャー,2026-07-01,大井,6,C1三 四五(C1四),10,2,2,22.0,7,6,本田正重,56,ダ,1600,稍
2021106688,カズノトレジャー,2026-06-12,大井,8,ジン・ライム賞(C1四),13,6,8,54.0,8,5,本田正重,56,ダ,1600,稍
2021106688,カズノトレジャー,2026-05-21,大井,5,C1二 三四(C1三),14,5,7,19.9,6,4,本田正重,56,ダ,1600,稍
2021106688,カズノトレジャー,2026-04-30,大井,7,C1三 四五(C1四),13,4,5,36.8,8,11,本田正重,56,ダ,1600,稍
2021106688,カズノトレジャー,2026-04-16,大井,7,C1三 四五(C1四),11,4,4,49.0,6,3,本田正重,56,ダ,1600,不
2021106688,カズノトレジャー,2026-03-13,大井,8,C1三 四五(C1四),10,5,5,18.3,5,5,藤本現暉,56,ダ,1600,良
2021106688,カズノトレジャー,2026-02-17,大井,8,C1五 六,10,3,3,38.1,7,2,本田正重,56,ダ,1600,稍
2021106688,カズノトレジャー,2026-01-15,大井,9,C1五 六,12,1,1,15.5,4,8,本田正重,56,ダ,1600,良
2021106688,カズノトレジャー,2025-12-31,大井,8,C1四 五六(C1五),14,4,5,37.3,9,5,本田正重,56,ダ,1600,稍
2021106688,カズノトレジャー,2025-12-04,大井,7,C1二 三四(C1三),13,5,6,148.3,9,4,本田正重,56,ダ,1600,良
2021106688,カズノトレジャー,2025-11-12,大井,7,C1三 四五(C1四),12,7,10,160.9,11,7,本田正重,56,ダ,1600,稍
2021106688,カズノトレジャー,2025-10-24,大井,9,C1二 三四(C1三),12,2,2,27.6,6,6,本田正重,56,ダ,1600,重
2021106688,カズノトレジャー,2025-10-10,大井,8,C1三 四五(C1四),10,5,5,32.5,8,6,本田正重,56,ダ,1400,良
2021106688,カズノトレジャー,2025-09-16,大井,8,ピンポン賞(C1),12,6,8,35.0,9,1,本田正重,56,ダ,1600,稍
2021106688,カズノトレジャー,2025-09-03,大井,8,ネグローニ賞(C1),12,8,12,13.9,5,7,本田正重,56,ダ,1600,良
2021106688,カズノトレジャー,2025-08-13,大井,10,ヒカルタカイ賞競走(C1),15,8,15,217.3,13,10,達城龍次,56,ダ,1800,稍
2021106688,カズノトレジャー,2025-07-15,大井,7,C1六 七八(C1七),14,5,7,28.6,10,7,藤田凌,56,ダ,1600,重
2021106688,カズノトレジャー,2025-07-02,大井,9,SPAT4プレミアム(C1),11,8,12,8.2,4,8,達城龍次,56,ダ,2000,良
2021106688,カズノトレジャー,2025-06-12,大井,9,へび座特別競走(C1),11,5,5,7.2,4,5,達城龍次,56,ダ,1800,重
2021106688,カズノトレジャー,2025-05-19,大井,12,りょうけん座特別競走(C1),12,4,4,54.5,9,3,達城龍次,56,ダ,2000,重
2021106688,カズノトレジャー,2024-10-16,大井,10,白秋特別競走(C1),9,8,10,,,取,篠谷葵,56,ダ,2000,良
2021106688,カズノトレジャー,2024-10-02,大井,8,アレキサンダー賞(C1),13,2,2,4.0,2,4,篠谷葵,55,ダ,1600,良
2021106688,カズノトレジャー,2024-09-09,大井,10,りゅう座特別競走(C1),11,8,11,25.5,7,4,篠谷葵,55,ダ,1700,良
2021106688,カズノトレジャー,2024-08-14,大井,6,C1七 八,14,3,3,28.8,10,4,篠谷葵,55,ダ,1600,良
2021106688,カズノトレジャー,2024-07-31,大井,10,フォーチュネイトひま(C13歳),16,4,8,48.4,10,8,達城龍次,57,ダ,1800,良
2021106688,カズノトレジャー,2024-07-12,大井,1,3歳一 二三(3歳二),9,7,8,4.6,3,3,本田正重,56,ダ,1600,稍
2021106688,カズノトレジャー,2024-06-28,大井,1,3歳一 二三(3歳二),14,7,12,20.3,9,4,達城龍次,56,ダ,1600,不
2021106688,カズノトレジャー,2024-06-07,大井,1,3歳一 二三(3歳二),13,7,10,80.9,12,5,達城龍次,56,ダ,1600,良
2021106688,カズノトレジャー,2024-05-17,大井,3,3歳一 二三(3歳二),13,6,8,96.1,10,11,達城龍次,56,ダ,1400,重
2021106688,カズノトレジャー,2024-04-24,大井,3,3歳四 五六(3歳五),9,5,5,15.0,6,3,達城龍次,56,ダ,1600,重
2021106688,カズノトレジャー,2024-04-11,大井,3,3歳四 五六(3歳五),10,7,8,17.5,5,6,谷内貫太,54,ダ,1600,稍
2021106688,カズノトレジャー,2024-03-21,大井,5,3歳四 五,10,8,9,4.9,3,6,達城龍次,56,ダ,1600,良
2021106688,カズノトレジャー,2024-02-16,大井,1,3歳三 四,8,4,4,3.0,2,2,達城龍次,56,ダ,1600,良
2021106688,カズノトレジャー,2024-01-26,大井,1,3歳四 五,11,5,5,21.5,6,4,達城龍次,56,ダ,1600,稍
2021106688,カズノトレジャー,2023-12-30,大井,4,2歳一 二三(2歳二),12,7,10,122.6,9,6,達城龍次,55,ダ,1400,良
2021106688,カズノトレジャー,2023-12-07,大井,3,2歳四 五,13,8,13,8.9,4,4,達城龍次,55,ダ,1400,良
2021106688,カズノトレジャー,2023-11-15,大井,4,2歳五 六,10,4,4,18.3,7,3,達城龍次,55,ダ,1400,良
2021106688,カズノトレジャー,2023-08-02,大井,3,2歳三 四,8,8,9,13.2,6,2,達城龍次,54,ダ,1400,重
2021106688,カズノトレジャー,2023-07-13,大井,4,2歳 新馬,7,5,5,9.9,5,5,達城龍次,54,ダ,1200,良
2021106796,コスモロイロ,2025-12-25,大井,1,C3一 二,14,1,1,15.5,5,6,菅原涼太,56,ダ,1600,重
2021106796,コスモロイロ,2025-12-03,大井,1,C3一 二,14,6,9,10.9,5,13,西啓太,56,ダ,1600,良
2021106796,コスモロイロ,2025-11-14,大井,1,C3一 二,13,3,3,27.5,8,4,菅原涼太,56,ダ,1600,稍
2021106796,コスモロイロ,2025-10-22,大井,1,C3一 二,14,4,6,65.9,11,7,西啓太,56,ダ,1600,稍
2021106796,コスモロイロ,2025-10-07,大井,1,C3一 二,11,7,9,27.6,5,11,西啓太,56,ダ,1600,良
2021106796,コスモロイロ,2025-09-05,大井,1,C3一 二,14,3,4,15.5,7,7,西啓太,56,ダ,1600,不
2021106796,コスモロイロ,2025-08-12,大井,1,C3五 六,11,7,9,25.2,6,1,西啓太,56,ダ,1600,重
2021106796,コスモロイロ,2025-07-15,大井,2,C3六 七,14,5,8,72.1,9,9,西啓太,56,ダ,1200,重
2021106796,コスモロイロ,2025-07-04,大井,1,C3一 二,11,8,11,18.7,6,11,西啓太,56,ダ,1600,良
2021106796,コスモロイロ,2025-06-13,大井,1,C3一 二,12,4,4,15.8,7,5,西啓太,56,ダ,1600,重
2021106796,コスモロイロ,2025-05-22,大井,1,C3一 二,13,8,12,10.8,5,12,Ｒ．クア,56,ダ,1600,良
2021106796,コスモロイロ,2025-05-01,大井,1,C3二 三,10,2,2,11.2,5,5,西啓太,56,ダ,1600,稍
2021106796,コスモロイロ,2025-04-17,大井,3,C3一,12,1,1,10.5,6,9,Ｒ．クア,56,ダ,1800,良
2021106796,コスモロイロ,2025-03-25,大井,2,C3四 五,13,6,8,60.3,8,7,達城龍次,56,ダ,1200,稍
2021106796,コスモロイロ,2025-03-11,大井,1,C3四 五,14,5,8,32.6,9,14,藤田凌,56,ダ,1600,重
2021106796,コスモロイロ,2024-11-06,大井,1,3歳一 二,13,8,12,7.5,4,6,藤田凌,56,ダ,1600,稍
2021106796,コスモロイロ,2024-10-18,大井,1,3歳一 二,11,6,7,5.4,2,7,笹川翼,56,ダ,1600,良
2021106796,コスモロイロ,2024-08-12,大井,5,3歳11 12,12,2,2,1.7,1,3,笹川翼,56,ダ,1600,良
2021106796,コスモロイロ,2024-07-07,高知,7,3歳ー4,9,1,1,2.2,1,1,林謙佑,56,ダ,1600,良
2021106796,コスモロイロ,2024-06-23,高知,4,3歳ー6,10,7,8,2.0,1,3,林謙佑,56,ダ,1300,不
2021106796,コスモロイロ,2024-05-18,東京,5,3歳未勝利,18,8,17,257.7,17,14,原優介,56,芝,2000,良
2021106796,コスモロイロ,2024-05-04,新潟,6,3歳未勝利,15,4,8,189.6,11,9,杉原誠人,57,芝,2000,良
2021106796,コスモロイロ,2023-10-15,新潟,3,2歳未勝利,11,5,5,143.6,10,7,小林勝太,53,芝,2000,良
2021106796,コスモロイロ,2023-09-24,中山,3,2歳未勝利,12,3,3,253.6,12,5,小林勝太,52,芝,1800,稍
2021106796,コスモロイロ,2023-09-09,中山,5,2歳新馬,10,7,8,78.2,9,10,丹内祐次,55,芝,2000,稍
2021107184,ベアウェイトゥゴー,2026-08-16,大井,2,C3三 四,13,5,6,156.4,12,6,遠藤健太,54,ダ,1200,重
2021107184,ベアウェイトゥゴー,2026-07-24,大井,1,C3一,15,7,13,416.0,14,11,東原悠善,54,ダ,1800,良
2021107184,ベアウェイトゥゴー,2026-07-03,大井,9,ヘラクレス座特別競走(C2),12,1,1,568.9,12,12,遠藤健太,54,ダ,1800,不
2021107184,ベアウェイトゥゴー,2026-06-10,大井,6,万緑特別競走(C2),10,4,4,221.9,9,10,遠藤健太,54,ダ,2000,重
2021107184,ベアウェイトゥゴー,2026-05-22,大井,9,うしかい座特別競走(C2),10,3,3,308.4,10,10,松崎正泰,54,ダ,1800,不
2021107184,ベアウェイトゥゴー,2026-04-27,大井,7,C212 1314(C213),11,1,1,229.7,11,9,高橋昭平,54,ダ,1600,不
2021107184,ベアウェイトゥゴー,2026-04-16,大井,12,かに座特別競走(C2),10,8,10,130.8,8,8,高橋昭平,54,ダ,1650,不
2021107184,ベアウェイトゥゴー,2026-03-25,大井,9,C2三,11,6,8,142.0,11,11,高橋昭平,54,ダ,2000,稍
2021107184,ベアウェイトゥゴー,2026-03-09,大井,9,C213 1415(C214),14,4,5,247.5,13,9,東原悠善,54,ダ,1600,稍
2021107184,ベアウェイトゥゴー,2026-02-16,大井,6,C215 16,13,6,9,500.2,13,9,東原悠善,54,ダ,1600,良
2021107184,ベアウェイトゥゴー,2026-01-26,大井,6,C216 17,12,8,12,473.9,12,10,高橋昭平,54,ダ,1600,良
2021107184,ベアウェイトゥゴー,2026-01-12,大井,8,C215 16,13,7,11,478.5,13,10,高橋昭平,54,ダ,1600,良
2021107184,ベアウェイトゥゴー,2025-12-30,大井,12,師走特別競走(C2),13,7,10,299.6,12,13,高橋昭平,54,ダ,2000,稍
2021107184,ベアウェイトゥゴー,2025-12-01,大井,12,オリオン座特別競走(C2),16,3,6,554.9,16,16,高橋昭平,54,ダ,1800,良
2021107184,ベアウェイトゥゴー,2025-11-10,大井,10,うさぎ座特別競走(C2),14,4,5,228.4,13,12,高橋昭平,54,ダ,2000,稍
2021107184,ベアウェイトゥゴー,2025-10-22,大井,7,マンガ・アニメ・トシ(C2九),10,5,5,182.0,10,9,高橋昭平,54,ダ,1600,重
2021107184,ベアウェイトゥゴー,2025-10-05,大井,8,オフト南相馬賞競走(C2),14,6,9,259.1,13,12,高橋昭平,54,ダ,1800,良
2021107184,ベアウェイトゥゴー,2025-09-16,大井,12,くじら座特別競走(C2),14,8,13,292.1,14,9,高橋昭平,54,ダ,2000,稍
2021107184,ベアウェイトゥゴー,2025-09-01,大井,10,こうま座特別競走(C2),11,7,9,166.7,9,7,高橋優,51,ダ,1800,良
2021107184,ベアウェイトゥゴー,2025-08-10,大井,6,いるか座特別競走(C2),11,1,1,171.1,10,10,高橋昭平,54,ダ,1800,不
2021107184,ベアウェイトゥゴー,2025-07-14,大井,10,わし座特別競走(C2),15,7,12,386.0,13,13,小野俊斗,51,ダ,2000,稍
2021107184,ベアウェイトゥゴー,2025-07-03,大井,12,海王星特別競走(C1C2),13,4,5,226.0,12,12,東原悠善,53,ダ,1650,良
2021107184,ベアウェイトゥゴー,2025-06-10,大井,10,万緑特別競走(C2),14,6,10,310.4,12,13,高橋昭平,54,ダ,2000,稍
2021107184,ベアウェイトゥゴー,2025-05-22,大井,12,しし座特別競走(C1C2),14,5,8,241.2,12,12,東原悠善,53,ダ,1650,良
2021107184,ベアウェイトゥゴー,2025-05-01,大井,8,ジン・バック賞(C2),14,1,1,57.0,10,11,岡村健司,54,ダ,1600,稍
2021107184,ベアウェイトゥゴー,2025-03-11,船橋,5,C2二 三,9,7,7,40.3,7,5,本橋孝太,54,ダ,1500,良
2021107184,ベアウェイトゥゴー,2025-03-05,川崎,5,スウィートポテト賞(C2),12,5,6,2.7,1,8,町田直希,54,ダ,1400,不
2021107184,ベアウェイトゥゴー,2025-02-04,川崎,9,マイスターチャレンジ(C2),12,7,11,6.2,4,8,山口勲,54,ダ,2000,稍
2021107184,ベアウェイトゥゴー,2025-01-02,川崎,8,双六賞(C2四),10,1,1,4.6,3,3,町田直希,54,ダ,1500,良
2021107184,ベアウェイトゥゴー,2024-10-09,川崎,4,長谷賞(C2十),11,8,11,1.2,1,1,町田直希,54,ダ,1400,不
2021107184,ベアウェイトゥゴー,2024-09-05,川崎,1,3歳8,8,4,4,2.7,2,1,町田直希,54,ダ,1400,重
2021107184,ベアウェイトゥゴー,2024-08-12,笠松,5,第32回ゆかりバース(3歳),6,3,3,4.9,3,1,渡辺竜也,54,ダ,1400,良
2021107184,ベアウェイトゥゴー,2024-08-01,笠松,6,3歳5組,10,7,7,2.5,1,2,渡辺竜也,54,ダ,1400,良
2021107184,ベアウェイトゥゴー,2024-07-04,笠松,3,3歳8組,8,5,5,1.2,1,1,渡辺竜也,54,ダ,1400,良
2021107184,ベアウェイトゥゴー,2024-06-20,笠松,2,3歳9組,9,2,2,1.4,1,2,渡辺竜也,54,ダ,1400,良
2021107184,ベアウェイトゥゴー,2024-05-19,東京,4,3歳未勝利,14,5,7,95.7,9,9,大野拓弥,55,芝,1800,良
2021107184,ベアウェイトゥゴー,2024-04-27,東京,4,3歳未勝利,17,6,11,256.5,12,11,松岡正海,55,芝,1600,良
2021107184,ベアウェイトゥゴー,2024-02-04,小倉,2,3歳未勝利,12,6,8,50.8,8,6,勝浦正樹,55,芝,1800,重
2021107184,ベアウェイトゥゴー,2023-12-24,中山,4,2歳未勝利,16,2,4,151.7,9,15,木幡育也,55,芝,2000,良
2021107184,ベアウェイトゥゴー,2023-12-10,中山,5,2歳新馬,16,1,1,82.5,12,8,木幡育也,55,芝,1800,良
2021107189,オールエクシード,2026-03-23,大井,3,C3七 八,13,5,7,233.4,11,12,山林堂信,54,ダ,1200,良
2021107189,オールエクシード,2026-03-09,大井,3,C3七 八,15,2,3,542.0,14,13,山林堂信,54,ダ,1200,稍
2021107189,オールエクシード,2026-02-17,大井,1,C3六 七,15,1,1,299.9,13,15,山林堂信,54,ダ,1200,稍
2021107189,オールエクシード,2026-01-27,大井,2,C3六 七,14,4,5,164.7,10,9,山林堂信,54,ダ,1600,良
2021107189,オールエクシード,2026-01-12,大井,3,C3八 九,15,7,12,76.2,8,11,山林堂信,54,ダ,1200,良
2021107189,オールエクシード,2025-12-25,大井,1,C3一 二,14,8,13,33.1,8,14,山林堂信,54,ダ,1600,重
2021107189,オールエクシード,2025-12-03,大井,1,C3一 二,14,4,5,59.8,11,4,山林堂信,54,ダ,1600,良
2021107189,オールエクシード,2025-11-13,大井,1,C3三 四,12,6,8,50.4,8,5,山林堂信,54,ダ,1600,稍
2021107189,オールエクシード,2025-10-22,大井,1,C3一 二,14,8,13,143.6,13,11,山林堂信,54,ダ,1600,稍
2021107189,オールエクシード,2025-10-06,大井,4,C3三 四五(C3四),10,7,8,47.9,7,7,山林堂信,54,ダ,1400,良
2021107189,オールエクシード,2025-09-16,大井,2,C3三 四五(C3四),8,7,7,50.2,6,6,山林堂信,54,ダ,1400,稍
2021107189,オールエクシード,2025-07-01,大井,6,C2九 十11(C2十),14,2,2,,,,田中洸多,54,ダ,1600,良
2021107189,オールエクシード,2025-06-09,大井,7,C212 1314(C213),13,4,4,122.6,11,10,田中洸多,54,ダ,1600,良
2021107189,オールエクシード,2025-05-19,大井,6,C212 1314(C213),14,7,12,21.3,7,10,田中洸多,54,ダ,1600,重
2021107189,オールエクシード,2025-04-28,大井,8,コープス・リバイバー(C213),14,3,3,299.1,13,5,田中洸多,54,ダ,1600,稍
2021107189,オールエクシード,2025-04-14,大井,8,フラミンゴ・レディ賞(C215),11,7,8,199.4,10,11,田中洸多,54,ダ,1600,不
2021107189,オールエクシード,2025-03-25,大井,7,C213 14,12,3,3,118.8,9,11,田中洸多,51,ダ,1600,良
2021107189,オールエクシード,2025-03-10,大井,7,C214 1516(C215),14,3,4,170.8,11,4,田中洸多,51,ダ,1600,重
2021107189,オールエクシード,2025-02-17,大井,5,C215 1617(C216),12,7,10,253.8,12,4,田中洸多,51,ダ,1600,良
2021107189,オールエクシード,2025-01-27,大井,7,C216 17,10,4,4,268.3,10,6,田中洸多,51,ダ,1600,良
2021107189,オールエクシード,2025-01-13,大井,7,C216 17,16,7,13,282.5,14,12,田中洸多,51,ダ,1200,稍
2021107189,オールエクシード,2024-12-25,大井,8,トム・アンド・ジェリ(C216),14,8,13,124.4,12,11,菅原涼太,54,ダ,1400,良
2021107189,オールエクシード,2024-12-01,大井,10,シトリン特別競走(C1C2),12,4,4,80.6,9,9,菅原涼太,53,ダ,1650,良
2021107189,オールエクシード,2024-11-06,大井,1,3歳一 二,13,5,7,85.4,11,4,田中洸多,51,ダ,1600,稍
2021107189,オールエクシード,2024-10-18,大井,2,夢と誇りあるふるさと(3歳),14,8,14,58.8,9,7,江里口裕,51,ダ,1200,良
2021107189,オールエクシード,2024-10-02,大井,2,3歳八 九十(3歳九),14,6,9,32.2,9,8,田中洸多,51,ダ,1400,良
2021107189,オールエクシード,2024-09-10,大井,3,3歳八 九十(3歳九),12,3,3,89.6,10,6,田中洸多,51,ダ,1200,良
2021107189,オールエクシード,2024-08-13,大井,4,3歳九 十,14,1,1,13.3,5,5,田中洸多,51,ダ,1200,良
2021107189,オールエクシード,2024-07-30,大井,8,ブルー・ラグーン賞(3歳七),16,2,4,92.2,10,8,大木天翔,54,ダ,1200,良
2021107189,オールエクシード,2024-07-10,大井,6,3歳七 八,16,5,9,21.8,6,12,大木天翔,54,ダ,1200,良
2021107189,オールエクシード,2024-06-26,大井,2,3歳九 十,14,8,13,60.6,10,5,大木天翔,54,ダ,1200,稍
2021107189,オールエクシード,2024-06-04,大井,5,3歳九 十,13,5,7,24.6,7,7,大木天翔,54,ダ,1600,不
2021107189,オールエクシード,2024-05-14,大井,6,3歳九 十,14,7,12,29.2,8,6,達城龍次,54,ダ,1600,重
2021107189,オールエクシード,2024-04-23,大井,3,3歳十 11,14,4,6,35.5,7,7,達城龍次,54,ダ,1400,稍
2021107189,オールエクシード,2024-04-09,大井,1,3歳九 十,14,2,2,28.1,5,5,達城龍次,54,ダ,1400,不
2021107189,オールエクシード,2024-03-20,大井,4,3歳八 九,14,8,13,32.7,9,11,西啓太,54,ダ,1400,良
2021107189,オールエクシード,2024-02-26,大井,3,3歳九 十,14,7,12,68.8,8,3,西啓太,54,ダ,1400,重
2021107189,オールエクシード,2024-02-12,大井,5,3歳九 十,13,8,13,10.9,7,8,栗原大河,54,ダ,1400,稍
2021107189,オールエクシード,2024-01-22,大井,3,3歳12 13,13,1,1,35.4,11,4,達城龍次,54,ダ,1400,不
2021107189,オールエクシード,2023-12-26,大井,4,2歳 新馬,7,2,2,11.4,4,4,達城龍次,54,ダ,1200,良
2021107324,トウキョーバサラ,2026-08-31,大井,1,C3五 六,13,1,1,14.4,5,2,杉山海波,51,ダ,1600,良
2021107324,トウキョーバサラ,2026-08-15,大井,1,C3五 六,12,6,7,28.4,8,10,杉山海波,51,ダ,1600,重
2021107324,トウキョーバサラ,2026-07-20,大井,1,C3六 七,14,8,13,29.8,6,8,杉山海波,51,ダ,1600,稍
2021107324,トウキョーバサラ,2026-07-02,大井,1,C3三 四,14,3,3,20.4,6,5,杉山海波,51,ダ,1600,不
2021107324,トウキョーバサラ,2026-06-10,大井,1,C3三 四,14,7,11,14.2,8,11,杉山海波,51,ダ,1600,重
2021107324,トウキョーバサラ,2026-05-19,大井,1,C3四 五六(C3五),13,2,2,47.4,11,4,杉山海波,51,ダ,1600,良
2021107324,トウキョーバサラ,2026-04-27,大井,1,C3六 七,14,8,14,39.6,12,3,杉山海波,51,ダ,1600,不
2021107324,トウキョーバサラ,2026-04-13,大井,1,C3六 七,13,1,1,103.1,13,6,杉山海波,51,ダ,1600,良
2021107324,トウキョーバサラ,2026-03-23,大井,2,C3七 八,14,8,13,241.2,13,11,杉山海波,51,ダ,1600,良
2021107324,トウキョーバサラ,2026-03-09,大井,2,C3七 八,12,6,8,283.6,10,8,杉山海波,51,ダ,1600,稍
2021107324,トウキョーバサラ,2026-02-16,大井,2,C3八 九,12,7,9,46.3,5,5,杉山海波,51,ダ,1600,良
2021107324,トウキョーバサラ,2026-01-26,大井,1,C3八 九,11,5,5,223.0,8,10,杉山海波,51,ダ,1400,良
2021107324,トウキョーバサラ,2026-01-12,大井,2,C3八 九,13,6,10,105.3,8,11,高橋優,51,ダ,1600,良
2021107324,トウキョーバサラ,2025-12-25,大井,1,C3一 二,14,4,6,74.3,10,12,杉山海波,51,ダ,1600,重
2021107324,トウキョーバサラ,2025-12-03,大井,1,C3一 二,14,5,8,48.9,10,12,杉山海波,51,ダ,1600,良
2021107324,トウキョーバサラ,2025-11-13,大井,1,C3三 四,12,5,6,114.0,11,2,杉山海波,51,ダ,1600,稍
2021107324,トウキョーバサラ,2025-10-20,大井,1,東京メトロポリタンウ(C3),14,7,11,69.6,11,11,杉山海波,51,ダ,1600,稍
2021107324,トウキョーバサラ,2025-10-06,大井,4,C3三 四五(C3四),10,3,3,43.1,5,9,高橋優,51,ダ,1400,良
2021107324,トウキョーバサラ,2025-09-16,大井,1,C3三 四五(C3四),14,5,8,15.1,7,12,杉山海波,51,ダ,1600,稍
2021107324,トウキョーバサラ,2025-09-01,大井,1,C3五 六,12,7,9,9.4,2,4,高橋優,51,ダ,1600,良
2021107324,トウキョーバサラ,2025-08-12,大井,1,C3五 六,11,8,11,16.4,3,2,高橋優,51,ダ,1600,重
2021107324,トウキョーバサラ,2025-07-14,大井,1,C3八,13,2,2,15.9,5,3,高橋優,51,ダ,1200,稍
2021107324,トウキョーバサラ,2025-07-02,大井,1,C3三 四,10,4,4,86.4,8,3,杉山海波,51,ダ,1600,良
2021107324,トウキョーバサラ,2025-06-12,大井,1,C3三 四,11,8,12,142.9,9,7,高橋優,51,ダ,1600,重
2021107324,トウキョーバサラ,2025-05-21,大井,1,C3三 四,13,7,11,220.3,11,11,杉山海波,51,ダ,1600,稍
2021107324,トウキョーバサラ,2025-04-28,大井,1,C3六 七,9,8,9,109.7,9,4,杉山海波,51,ダ,1600,稍
2021107324,トウキョーバサラ,2025-04-14,大井,1,C3六 七,10,6,7,124.5,8,7,杉山海波,51,ダ,1600,不
2021107324,トウキョーバサラ,2025-03-24,大井,2,C3六 七,12,5,6,260.7,12,10,谷内貫太,52,ダ,1600,良
2021107324,トウキョーバサラ,2025-03-10,大井,3,C3六 七,16,4,8,423.7,14,14,加藤雄真,51,ダ,1200,重
2021107324,トウキョーバサラ,2025-02-18,大井,2,C3七 八,14,8,14,239.1,14,14,田中洸多,51,ダ,1600,良
2021107324,トウキョーバサラ,2025-01-27,大井,3,C3八 九,14,3,4,328.9,12,10,田中洸多,51,ダ,1400,良
2021107324,トウキョーバサラ,2025-01-13,大井,4,C3八 九,12,7,9,155.8,11,10,田中洸多,51,ダ,1600,稍
2021107324,トウキョーバサラ,2024-12-29,大井,1,3歳三 四,11,1,1,252.2,10,6,千野稜真,51,ダ,1600,良
2021107324,トウキョーバサラ,2024-12-05,大井,2,3歳四 五,8,8,8,45.7,6,7,佐野遥久,52,ダ,1600,良
2021107324,トウキョーバサラ,2024-11-04,大井,1,3歳五 六,11,6,7,85.6,9,3,佐野遥久,52,ダ,1400,稍
2021107324,トウキョーバサラ,2024-10-17,大井,1,3歳三 四五(3歳四),11,7,9,280.5,11,7,田中洸多,51,ダ,1600,良
2021107324,トウキョーバサラ,2024-09-30,大井,6,ベリーニ賞(3歳),14,6,10,116.8,12,12,田中洸多,51,ダ,1400,良
2021107324,トウキョーバサラ,2024-09-08,大井,4,パパゲーナ賞(3歳),14,8,13,151.0,10,9,神尾香澄,51,ダ,1400,良
2021107324,トウキョーバサラ,2024-08-12,大井,5,3歳11 12,12,7,10,160.5,11,7,仲原大生,54,ダ,1600,良
2021107324,トウキョーバサラ,2024-07-29,大井,7,3歳11 12,16,5,10,135.5,14,14,木澤奨,51,ダ,1200,良
2021107324,トウキョーバサラ,2024-05-14,大井,5,3歳11 12,12,2,2,9.6,7,7,瀬川将輝,54,ダ,1200,重
2021107324,トウキョーバサラ,2024-04-22,大井,5,3歳12 13,14,6,9,56.0,7,7,達城龍次,54,ダ,1400,稍
2021107324,トウキョーバサラ,2024-04-08,大井,2,3歳 選抜牝馬,10,7,8,18.8,4,7,達城龍次,54,ダ,1400,重
2021107324,トウキョーバサラ,2023-09-17,大井,4,池波正太郎生誕100(2歳),9,2,2,9.8,5,4,達城龍次,54,ダ,1200,重
2021107324,トウキョーバサラ,2023-09-05,大井,3,2歳 選抜牝馬,9,7,7,7.5,3,6,達城龍次,54,ダ,1200,不
2021107324,トウキョーバサラ,2023-08-15,大井,3,2歳五,8,3,3,13.9,5,5,和田譲治,54,ダ,1200,不
2021107324,トウキョーバサラ,2023-07-13,大井,4,2歳 新馬,7,3,3,19.4,6,6,和田譲治,54,ダ,1200,良
2021109082,アミフジモアナ,2026-08-14,大井,8,C1五 六,16,5,10,46.5,10,14,野畑凌,54,ダ,1200,不
2021109082,アミフジモアナ,2026-07-22,大井,12,ハーレーダビッドソン(C1),11,7,8,66.8,7,9,菅原涼太,54,ダ,1200,良
2021109082,アミフジモアナ,2026-07-01,大井,12,タイタン賞(C1四),15,1,1,141.0,13,11,菅原涼太,54,ダ,1200,稍
2021109082,アミフジモアナ,2026-06-12,大井,9,印西市コスモス賞(C1四),14,6,10,91.5,11,9,菅原涼太,54,ダ,1200,稍
2021109082,アミフジモアナ,2026-05-18,大井,12,クレマチス特別競走(C1),14,7,13,13.6,7,12,菅原涼太,54,ダ,1200,良
2021109082,アミフジモアナ,2026-04-28,大井,12,C1九 十,13,7,12,31.4,8,1,菅原涼太,54,ダ,1200,不
2021109082,アミフジモアナ,2026-03-25,大井,10,C1八 九,10,3,3,4.9,3,10,菅原涼太,54,ダ,1200,稍
2021109082,アミフジモアナ,2025-12-25,大井,10,雪華特別競走(C1),11,3,3,10.9,4,9,菅原涼太,54,ダ,1200,重
2021109082,アミフジモアナ,2025-12-02,大井,9,シトリン特別競走(C1C2),14,7,12,2.7,1,6,菅原涼太,55,ダ,1400,良
2021109082,アミフジモアナ,2025-11-12,大井,9,ひいらぎ特別競走(C1),11,4,4,7.3,5,3,菅原涼太,54,ダ,1400,稍
2021109082,アミフジモアナ,2025-10-10,大井,6,アレキサンダー賞(C2四),11,6,6,2.3,1,1,菅原涼太,54,ダ,1200,良
2021109082,アミフジモアナ,2025-09-03,大井,7,C2五 六七(C2六),12,5,6,4.0,2,1,菅原涼太,54,ダ,1200,良
2021109082,アミフジモアナ,2025-08-15,大井,6,テキーラ・サンセット(C2四),14,4,5,19.3,6,6,菅原涼太,54,ダ,1400,良
2021109082,アミフジモアナ,2025-07-15,大井,6,C2七 八,14,8,13,3.7,1,2,菅原涼太,54,ダ,1200,重
2021109082,アミフジモアナ,2025-07-04,大井,10,プルメリア特別競走(C2),14,8,13,3.0,2,9,菅原涼太,54,ダ,1200,良
2021109082,アミフジモアナ,2025-06-13,大井,7,C2二 三四(C2三),14,5,8,8.7,3,4,菅原涼太,54,ダ,1200,稍
2021109082,アミフジモアナ,2025-05-21,大井,7,C2八 九,14,5,8,7.4,4,1,菅原涼太,54,ダ,1200,稍
2021109082,アミフジモアナ,2025-04-30,大井,5,C2九 十11(C2十),11,1,1,9.0,2,3,菅原涼太,54,ダ,1400,稍
2021109082,アミフジモアナ,2025-04-15,大井,7,C211 1213(C212),14,7,12,8.1,4,3,菅原涼太,54,ダ,1400,重
2021109082,アミフジモアナ,2025-03-24,大井,10,C215 16,11,6,7,32.4,6,3,菅原涼太,54,ダ,1200,良
2021109082,アミフジモアナ,2025-03-10,大井,8,C214 1516(C215),13,2,2,47.8,9,2,菅原涼太,54,ダ,1400,重
2021109082,アミフジモアナ,2025-02-17,大井,7,C215 1617(C216),15,5,10,188.2,11,11,仲原大生,54,ダ,1200,良
2021109082,アミフジモアナ,2024-09-10,大井,1,3歳八 九十(3歳九),10,1,1,52.0,7,9,大木天翔,54,ダ,1600,良
2021109082,アミフジモアナ,2024-08-13,大井,6,3歳六 七八(3歳七),14,6,9,19.0,5,12,木間塚龍,54,ダ,1400,良
2021109082,アミフジモアナ,2024-07-29,大井,6,3歳11 12,13,1,1,6.3,3,1,大木天翔,54,ダ,1400,良
2021109082,アミフジモアナ,2024-07-08,大井,5,3歳11 12,13,7,11,22.5,7,3,大木天翔,54,ダ,1200,稍
2021109082,アミフジモアナ,2024-06-24,大井,3,3歳13 14,8,7,7,109.0,8,6,大木天翔,54,ダ,1200,重
2021109082,アミフジモアナ,2024-06-03,大井,3,3歳13 14,13,5,7,121.1,11,12,大木天翔,54,ダ,1200,重
2021109082,アミフジモアナ,2023-09-22,大井,5,2歳 新馬,11,1,1,45.4,11,11,大木天翔,51,ダ,1200,稍
2021109089,ファストフライト,2026-06-09,大井,8,パナシェ賞(C1),11,6,7,,,取,吉井章,54,ダ,1200,不
2021109089,ファストフライト,2025-11-12,大井,9,ひいらぎ特別競走(C1),11,6,7,6.5,3,11,矢野貴之,54,ダ,1400,稍
2021109089,ファストフライト,2025-10-23,大井,9,散歩が楽しいまち江戸(C1),14,8,13,6.2,3,10,矢野貴之,54,ダ,1200,重
2021109089,ファストフライト,2025-10-08,大井,5,ダイヤモンドリリー特(C2),9,6,6,1.4,1,1,矢野貴之,54,ダ,1400,良
2021109089,ファストフライト,2025-09-18,大井,7,C2五 六,14,3,3,5.6,3,1,矢野貴之,54,ダ,1200,良
2021109089,ファストフライト,2025-01-16,大井,6,C2五 六七(C2六),12,7,9,1.8,1,2,矢野貴之,54,ダ,1200,良
2021109089,ファストフライト,2024-12-27,大井,8,C2 選抜牝馬,13,4,4,1.2,1,2,矢野貴之,54,ダ,1200,良
2021109089,ファストフライト,2024-12-04,大井,7,C2九 十,13,3,3,2.0,1,2,Ｒ．クア,54,ダ,1200,良
2021109089,ファストフライト,2024-11-05,大井,8,ムーランルージュ賞(C213),14,6,9,2.8,2,2,森泰斗,54,ダ,1200,稍
2021109089,ファストフライト,2024-10-14,大井,7,品川かえで賞(C2),14,6,9,1.3,1,2,森泰斗,54,ダ,1200,良
2021109089,ファストフライト,2024-08-31,中京,3,3歳未勝利,16,3,5,26.1,9,4,国分恭介,55,ダ,1200,不
2021109089,ファストフライト,2024-08-17,中京,4,3歳未勝利,16,6,12,12.9,6,3,国分恭介,55,ダ,1200,良
2021109089,ファストフライト,2024-06-26,名古屋,10,名古屋CCミント賞(3歳),12,2,2,5.2,3,3,川須栄彦,54,ダ,1500,良
2021109089,ファストフライト,2024-05-12,京都,1,3歳未勝利,15,8,15,17.3,8,6,川須栄彦,55,ダ,1200,良
2021109089,ファストフライト,2024-04-21,京都,2,3歳未勝利,16,6,11,147.8,11,9,幸英明,55,ダ,1200,良
2021109089,ファストフライト,2024-03-31,阪神,2,3歳未勝利,16,7,14,29.5,6,8,国分恭介,55,ダ,1400,良
2021109089,ファストフライト,2024-01-07,京都,2,3歳新馬,14,3,5,5.7,3,12,松山弘平,55,ダ,1800,良
2022100014,ナイトウォーリア,2026-09-03,大井,12,うお座特別競走(C1),10,4,4,3.6,2,5,西啓太,56,ダ,1650,良
2022100014,ナイトウォーリア,2026-08-12,大井,6,ブラック・ベルベット(C1),12,5,5,8.6,5,3,西啓太,56,ダ,1600,不
2022100014,ナイトウォーリア,2026-07-21,大井,9,C1七 八,12,1,1,18.9,7,4,菅原涼太,56,ダ,1200,良
2022100014,ナイトウォーリア,2026-01-28,大井,8,C1八 九,14,3,3,41.5,10,2,菅原涼太,56,ダ,1600,良
2022100014,ナイトウォーリア,2026-01-14,大井,8,C1七 八,13,7,10,57.6,8,9,菅原涼太,56,ダ,1600,良
2022100014,ナイトウォーリア,2025-12-29,大井,11,センリョウ賞(C1),13,5,6,6.7,3,5,菅原涼太,56,ダ,1600,重
2022100014,ナイトウォーリア,2025-09-04,大井,5,3歳一 二三(3歳二),14,4,6,7.0,4,1,菅原涼太,56,ダ,1600,良
2022100014,ナイトウォーリア,2025-08-14,大井,5,3歳一 二三(3歳二),10,3,3,4.3,2,4,菅原涼太,56,ダ,1600,稍
2022100014,ナイトウォーリア,2025-07-18,大井,7,明星賞競走(B2),9,1,1,37.3,6,6,西啓太,54,ダ,1800,稍
2022100014,ナイトウォーリア,2025-07-04,大井,3,3歳四 五,12,4,4,7.0,3,4,西啓太,56,ダ,1600,良
2022100014,ナイトウォーリア,2025-02-21,大井,3,3歳三 四,12,2,2,7.9,4,4,山本聡哉,56,ダ,1600,良
2022100014,ナイトウォーリア,2025-01-31,大井,2,3歳四 五,14,6,10,13.2,5,6,西啓太,56,ダ,1600,良
2022100014,ナイトウォーリア,2024-11-06,大井,11,ハイセイコー記念競走(重賞),16,6,12,155.1,13,7,西啓太,55,ダ,1600,稍
2022100014,ナイトウォーリア,2024-10-18,大井,5,とき特別競走(2歳),9,3,3,7.1,3,7,西啓太,55,ダ,1700,良
2022100014,ナイトウォーリア,2024-07-11,大井,5,2歳 新馬,7,5,5,16.9,5,1,西啓太,54,ダ,1600,良
2022100027,ロイヤルテール,2026-08-09,中京,5,3歳以上1勝クラス,16,1,2,368.7,15,8,藤懸貴志,58,ダ,1400,良
2022100027,ロイヤルテール,2026-05-01,大井,7,C2二 三四(C2三),7,7,7,5.9,2,1,笹川翼,56,ダ,1400,不
2022100027,ロイヤルテール,2026-01-28,大井,6,C2八 九十(C2九),12,6,7,2.7,1,1,矢野貴之,56,ダ,1400,良
2022100027,ロイヤルテール,2026-01-15,大井,4,烏山川賞(C2),14,8,14,9.6,5,7,矢野貴之,56,ダ,1600,良
2022100027,ロイヤルテール,2025-12-31,大井,1,3歳一 二,11,7,10,1.9,1,1,矢野貴之,56,ダ,1600,稍
2022100027,ロイヤルテール,2025-12-05,大井,2,坂井市越前がに賞(3歳二),13,8,13,6.0,4,4,矢野貴之,56,ダ,1400,良
2022100027,ロイヤルテール,2025-08-30,札幌,3,3歳未勝利,14,4,5,28.9,7,8,丹内祐次,57,ダ,1700,重
2022100027,ロイヤルテール,2025-08-24,札幌,3,3歳未勝利,14,5,8,61.5,10,4,和田陽希,54,ダ,1700,良
2022100027,ロイヤルテール,2025-07-26,中京,5,3歳未勝利,16,4,7,49.3,11,7,小崎綾也,57,ダ,1400,良
2022100027,ロイヤルテール,2025-05-29,園田,10,JRA交流三室山特別,11,7,10,4.1,2,2,小崎綾也,56,ダ,1400,良
2022100027,ロイヤルテール,2025-04-12,阪神,3,3歳未勝利,16,5,9,71.6,9,10,酒井学,57,ダ,1800,良
2022100027,ロイヤルテール,2025-03-29,中京,3,3歳未勝利,16,5,9,145.1,13,7,小崎綾也,57,ダ,1400,稍
2022100036,アイビーブリザード,2026-05-19,大井,5,C2九 十,14,1,1,1.1,1,1,安藤洋一,56,ダ,1200,良
2022100036,アイビーブリザード,2026-04-27,大井,9,C212 1314(C213),13,8,12,1.0,1,1,安藤洋一,56,ダ,1200,不
2022100036,アイビーブリザード,2026-04-15,大井,2,C3四 五,13,8,13,1.0,1,1,安藤洋一,56,ダ,1200,良
2022100036,アイビーブリザード,2026-01-12,大井,1,C3十,13,8,13,1.0,1,1,安藤洋一,56,ダ,1200,良
2022100036,アイビーブリザード,2025-12-29,大井,1,3歳五,12,4,4,4.2,3,2,安藤洋一,56,ダ,1200,重
2022100057,インティコン,2026-05-20,大井,9,りょうけん座特別競走(C1),15,1,1,3.7,2,10,野畑凌,56,ダ,2000,良
2022100057,インティコン,2026-04-14,大井,7,C1二,10,8,9,3.0,2,2,Ｅ．シャ,56,ダ,2000,良
2022100057,インティコン,2026-03-24,大井,12,うみへび座特別競走(C1),13,5,6,4.8,2,4,矢野貴之,56,ダ,1800,良
2022100057,インティコン,2026-03-10,大井,4,立会川賞(C2),14,7,11,3.1,1,1,矢野貴之,56,ダ,2400,稍
2022100057,インティコン,2026-02-20,大井,7,C2二 三四(C2三),12,6,8,12.0,6,8,野畑凌,56,ダ,1600,良
2022100057,インティコン,2025-07-18,大井,7,明星賞競走(B2),9,7,7,54.3,7,5,野畑凌,54,ダ,1800,稍
2022100057,インティコン,2025-07-04,大井,3,3歳四 五,12,6,7,45.1,9,2,Ｒ．クア,56,ダ,1600,良
2022100057,インティコン,2025-06-12,大井,3,3歳三 四,13,7,11,10.8,6,6,Ｒ．クア,56,ダ,1600,重
2022100057,インティコン,2025-05-22,大井,3,3歳四 五六(3歳五),11,7,8,5.1,3,10,矢野貴之,56,ダ,1600,良
2022100057,インティコン,2025-04-18,大井,1,3歳四 五,14,5,7,1.3,1,4,矢野貴之,56,ダ,1600,良
2022100057,インティコン,2025-03-25,大井,3,3歳九 十11(3歳十),9,8,9,3.0,2,1,矢野貴之,56,ダ,1600,稍
2022100057,インティコン,2024-11-05,大井,3,2歳 新馬,9,3,3,4.6,3,2,矢野貴之,55,ダ,1800,稍
2022100058,ピースフィールド,2026-07-23,大井,10,大暑特別競走(C1),14,8,13,2.5,1,1,達城龍次,56,ダ,2400,良
2022100058,ピースフィールド,2026-06-09,大井,12,芒種特別競走(C1),13,1,1,3.0,1,1,達城龍次,56,ダ,2400,不
2022100058,ピースフィールド,2026-05-19,大井,9,JAいちかわ賞(C2),11,5,7,7.9,4,1,達城龍次,56,ダ,2400,良
2022100058,ピースフィールド,2026-04-28,大井,6,C2十 11,10,6,6,10.9,4,1,達城龍次,56,ダ,1600,不
2022100058,ピースフィールド,2026-04-14,大井,5,C2十 1112(C211),14,8,14,42.1,8,6,達城龍次,56,ダ,1400,良
2022100058,ピースフィールド,2026-03-24,大井,8,コモドール賞(C211),12,1,1,34.8,8,5,達城龍次,56,ダ,1400,良
2022100058,ピースフィールド,2026-03-11,大井,5,C2八 九,13,6,10,14.8,8,6,達城龍次,56,ダ,1600,良
2022100058,ピースフィールド,2026-02-18,大井,4,渋谷川賞(C2),14,4,5,4.2,2,8,達城龍次,56,ダ,1200,稍
2022100058,ピースフィールド,2026-01-27,大井,8,C211 1213(C212),14,3,3,71.3,13,5,達城龍次,56,ダ,1400,良
2022100058,ピースフィールド,2026-01-14,大井,6,C2十 11,14,7,11,87.3,8,8,達城龍次,56,ダ,1600,良
2022100058,ピースフィールド,2025-12-25,大井,8,トム・アンド・ジェリ(C216),11,7,9,20.7,5,3,達城龍次,56,ダ,1400,重
2022100058,ピースフィールド,2025-12-02,大井,1,C212 1314(C213),12,8,11,15.5,6,11,藤本現暉,56,ダ,1600,良
2022100058,ピースフィールド,2025-10-21,大井,1,3歳三 四,12,4,4,61.9,9,1,達城龍次,56,ダ,1600,稍
2022100058,ピースフィールド,2025-08-19,名古屋,2,名古屋モーニングフィ(3歳),12,5,6,25.6,8,5,大畑雅章,57,ダ,1500,良
2022100058,ピースフィールド,2025-07-23,名古屋,3,3歳10組,12,5,5,9.8,4,4,木之前葵,55,ダ,1500,良
2022100058,ピースフィールド,2025-07-08,名古屋,2,名古屋モーニングフィ(3歳),12,6,7,30.4,6,3,木之前葵,55,ダ,1500,良
2022100058,ピースフィールド,2025-06-05,名古屋,2,3歳7組,12,6,8,9.5,3,3,木之前葵,55,ダ,1500,稍
2022100058,ピースフィールド,2025-05-21,名古屋,2,3歳9組,10,7,9,5.5,3,3,木之前葵,55,ダ,1500,良
2022100058,ピースフィールド,2025-05-09,名古屋,1,3歳12組,11,5,5,8.9,4,3,木之前葵,55,ダ,920,稍
2022100058,ピースフィールド,2025-04-25,名古屋,1,3歳13組,11,6,6,10.2,5,6,木之前葵,55,ダ,920,稍
2022100058,ピースフィールド,2025-04-11,名古屋,1,3歳8組,10,1,1,7.1,3,6,木之前葵,55,ダ,920,稍
2022100058,ピースフィールド,2025-03-31,名古屋,1,3歳10組,10,3,3,2.7,1,7,木之前葵,54,ダ,920,稍
2022100058,ピースフィールド,2024-12-05,名古屋,4,2歳4組,11,7,10,3.2,2,5,木之前葵,53,ダ,1500,良
2022100058,ピースフィールド,2024-10-31,名古屋,3,2歳4組,11,7,9,4.5,3,2,木之前葵,53,ダ,1500,稍
2022100058,ピースフィールド,2024-10-04,名古屋,5,2歳新馬,8,4,4,5.3,3,5,木之前葵,53,ダ,900,不
2022100072,ボッシュ,2026-09-03,名古屋,7,C7組,11,8,10,1.5,1,5,大畑雅章,57,ダ,1500,不
2022100072,ボッシュ,2025-12-17,笠松,10,B6組,10,7,7,1.3,1,2,望月洵輝,57,ダ,1600,稍
2022100072,ボッシュ,2025-11-25,名古屋,5,B8組,12,8,12,1.2,1,2,望月洵輝,57,ダ,1500,稍
2022100072,ボッシュ,2025-11-13,名古屋,4,C4組,11,8,10,3.7,3,1,望月洵輝,57,ダ,1400,稍
2022100072,ボッシュ,2025-10-23,大井,6,おおた池月・磨墨賞(C2),12,7,10,88.6,9,9,藤本現暉,56,ダ,1200,重
2022100072,ボッシュ,2025-10-09,大井,7,C2六 七,14,5,8,51.2,11,9,藤本現暉,56,ダ,1200,良
2022100072,ボッシュ,2025-09-19,大井,3,3歳一 二三(3歳二),13,3,3,19.0,7,7,藤本現暉,56,ダ,1200,不
2022100072,ボッシュ,2025-09-04,大井,7,3歳一 二三(3歳二),15,6,11,25.5,6,11,本田正重,56,ダ,1200,良
2022100072,ボッシュ,2025-08-14,大井,7,3歳一 二三(3歳二),13,3,3,54.3,6,5,本田正重,56,ダ,1200,良
2022100072,ボッシュ,2025-05-22,大井,5,3歳四 五六(3歳五),13,5,7,36.4,8,6,和田譲治,56,ダ,1200,良
2022100072,ボッシュ,2025-05-01,大井,4,3歳四 五六(3歳五),8,6,6,8.4,4,8,矢野貴之,56,ダ,1400,稍
2022100072,ボッシュ,2025-04-16,大井,4,3歳八 九,14,5,7,3.2,2,1,矢野貴之,56,ダ,1200,稍
2022100072,ボッシュ,2025-03-25,大井,5,3歳九 十11(3歳十),14,7,11,4.0,3,4,和田譲治,56,ダ,1200,稍
2022100072,ボッシュ,2024-11-06,門別,1,2歳未勝利,12,6,8,6.0,2,1,岩橋勇二,56,ダ,1100,良
2022100072,ボッシュ,2024-10-22,門別,2,2歳未勝利,9,3,3,9.4,5,4,岩橋勇二,56,ダ,1100,稍
2022100072,ボッシュ,2024-10-01,門別,3,2歳未勝利,10,6,6,4.4,2,3,岩橋勇二,56,ダ,1100,良
2022100072,ボッシュ,2024-09-17,門別,3,2歳未勝利,11,5,6,7.3,3,3,岩橋勇二,56,ダ,1100,稍
2022100072,ボッシュ,2024-08-22,門別,5,JRA認定競走アタッ(2歳),9,4,4,80.6,8,6,小野楓馬,55,ダ,1200,稍
2022100072,ボッシュ,2024-07-25,門別,4,JRA認定競走フレッ(2歳),8,4,4,34.9,7,4,小野楓馬,55,ダ,1100,良
2022100124,ダイヤノエース,2026-08-12,大井,6,ブラック・ベルベット(C1),12,8,11,7.1,4,7,笹川翼,56,ダ,1600,不
2022100124,ダイヤノエース,2026-07-21,大井,8,ブランデー・フィック(C1),11,6,7,3.2,2,7,西啓太,56,ダ,1600,良
2022100124,ダイヤノエース,2026-07-02,大井,12,海王星特別競走(C1),14,4,6,4.2,2,8,西啓太,56,ダ,1650,不
2022100124,ダイヤノエース,2026-06-11,大井,12,こと座特別競走(C2),11,4,4,1.9,1,1,西啓太,56,ダ,1650,稍
2022100124,ダイヤノエース,2026-01-15,大井,4,烏山川賞(C2),14,3,3,8.2,3,1,石川倭,56,ダ,1600,良
2022100124,ダイヤノエース,2025-12-26,大井,4,C212 1314(C213),14,7,11,1.9,1,3,和田譲治,56,ダ,1400,重
2022100124,ダイヤノエース,2025-12-03,大井,7,C2九 十11(C2十),14,6,10,3.5,2,2,和田譲治,56,ダ,1400,良
2022100124,ダイヤノエース,2025-09-15,阪神,6,3歳未勝利,18,7,14,129.9,15,9,鮫島克駿,57,芝,2200,良
2022100124,ダイヤノエース,2025-08-16,中京,3,3歳未勝利,18,8,18,67.2,11,12,吉村誠之,56,芝,2200,良
2022100124,ダイヤノエース,2025-07-12,小倉,7,3歳未勝利,18,8,16,20.7,5,9,国分優作,57,芝,2000,良
2022100124,ダイヤノエース,2025-06-29,小倉,3,3歳未勝利,16,3,5,31.4,9,5,国分優作,57,芝,2600,良
2022100124,ダイヤノエース,2025-03-30,中京,4,3歳未勝利,13,5,6,364.3,12,9,幸英明,57,芝,2000,良
2022100124,ダイヤノエース,2025-03-09,阪神,2,3歳未勝利,16,3,6,75.3,11,11,吉村誠之,55,ダ,1400,良
2022100124,ダイヤノエース,2024-12-21,京都,3,2歳未勝利,16,7,13,96.5,10,11,田口貫太,55,ダ,1800,良
2022100124,ダイヤノエース,2024-12-07,京都,7,2歳未勝利,10,6,6,59.4,8,8,幸英明,56,芝,2000,良
2022100124,ダイヤノエース,2024-11-24,京都,2,2歳未勝利,13,3,3,14.7,7,8,吉村誠之,54,ダ,1800,良
2022100124,ダイヤノエース,2024-09-22,中京,2,2歳未勝利,11,8,10,7.3,4,3,吉村誠之,52,ダ,1800,良
2022100124,ダイヤノエース,2024-09-08,中山,3,2歳新馬,16,4,8,10.9,4,5,北村宏司,55,ダ,1800,良
2022100190,コッチャン,2026-08-26,門別,8,インパチェンス特別(C3),8,8,8,21.3,4,5,藤田凌駕,56,ダ,1200,重
2022100190,コッチャン,2026-08-05,門別,11,ヒマワリ特別(C3),10,3,3,38.8,6,10,藤田凌駕,55,ダ,1200,良
2022100190,コッチャン,2026-07-22,門別,8,3歳以上C3ー2C4,12,5,5,41.7,8,4,藤田凌駕,55,ダ,1200,稍
2022100190,コッチャン,2026-07-08,門別,11,アポイ岳世界ジオパー(C3),9,2,2,13.7,5,8,藤田凌駕,55,ダ,1200,良
2022100190,コッチャン,2026-06-23,門別,8,3歳以上C4ー2,9,6,6,15.4,5,1,藤田凌駕,55,ダ,1200,稍
2022100190,コッチャン,2026-06-09,門別,8,ライラック特別(C4),8,7,7,6.0,2,8,小野楓馬,57,ダ,1200,重
2022100190,コッチャン,2026-05-20,門別,10,グランシャリオドリー(C4),14,7,11,54.0,7,4,小野楓馬,57,ダ,1200,良
2022100190,コッチャン,2026-05-05,門別,11,たきかわ菜の花まつり(C4),14,2,2,41.1,7,5,藤田凌駕,55,ダ,1200,稍
2022100190,コッチャン,2026-04-22,門別,7,3歳以上C4ー2,12,2,2,172.1,11,7,藤田凌駕,55,ダ,1700,稍
2022100190,コッチャン,2025-12-27,金沢,4,C29,12,6,7,6.8,2,11,加藤聡一,57,ダ,1400,不
2022100190,コッチャン,2025-12-02,金沢,1,C29,8,8,9,9.5,3,8,青柳正義,57,ダ,1500,良
2022100190,コッチャン,2025-11-17,金沢,3,C27,7,2,2,2.0,1,3,青柳正義,57,ダ,1500,良
2022100190,コッチャン,2025-11-04,金沢,4,C24 特別編成(C2特別),6,3,3,3.1,1,3,柴田勇真,57,ダ,1400,不
2022100190,コッチャン,2025-10-19,金沢,1,C216,8,7,7,4.9,3,1,青柳正義,57,ダ,1500,重
2022100190,コッチャン,2025-08-30,新潟,6,3歳未勝利,18,1,1,144.8,16,18,木幡初也,57,芝,1800,良
2022100190,コッチャン,2025-06-28,福島,3,3歳未勝利,15,5,8,79.7,11,11,木幡初也,57,ダ,1700,良
2022100190,コッチャン,2025-04-05,中山,3,3歳未勝利,12,6,7,26.6,6,9,木幡初也,57,ダ,1800,重
2022100201,コンドゥイア,2026-07-18,福島,11,阿武隈S(3勝クラス),16,5,9,24.4,11,5,小崎綾也,52,芝,1800,良
2022100201,コンドゥイア,2026-05-23,京都,10,シドニーT(3勝クラス),16,3,5,83.3,11,13,Ｍ．デム,56,芝,2000,良
2022100201,コンドゥイア,2026-04-19,福島,11,福島牝馬S(GIII),16,5,9,111.8,14,15,鷲頭虎太,55,芝,1800,良
2022100201,コンドゥイア,2026-03-28,中京,11,マレーシアC(3勝クラス),16,8,16,26.4,10,14,池添謙一,56,芝,1600,良
2022100201,コンドゥイア,2026-01-11,中山,9,初咲賞(2勝クラス),13,5,7,3.1,1,1,三浦皇成,55,芝,1800,良
2022100201,コンドゥイア,2025-12-21,中山,9,チバテレ杯(2勝クラス),11,7,9,6.0,4,3,マーカン,55,芝,2000,重
2022100201,コンドゥイア,2025-11-24,福島,10,五色沼特別(2勝クラス),16,1,1,8.0,3,2,鮫島克駿,54,芝,1800,良
2022100201,コンドゥイア,2025-09-14,阪神,11,関西TVローズS(GII),17,8,16,157.5,16,14,鷲頭虎太,55,芝,1800,良
2022100201,コンドゥイア,2025-07-27,札幌,8,3歳以上1勝クラス,8,2,2,2.5,1,1,鷲頭虎太,50,芝,1800,稍
2022100201,コンドゥイア,2025-07-12,函館,3,3歳未勝利,12,4,4,3.1,1,1,鷲頭虎太,52,芝,1800,良
2022100201,コンドゥイア,2025-06-14,函館,4,3歳未勝利,15,4,7,8.6,3,2,鷲頭虎太,52,芝,1800,良
2022100201,コンドゥイア,2025-05-24,京都,5,3歳未勝利,16,4,7,7.3,4,3,坂井瑠星,55,芝,2000,良
2022100201,コンドゥイア,2025-05-10,京都,5,3歳未勝利,15,5,8,3.1,1,3,坂井瑠星,55,芝,1800,稍
2022100201,コンドゥイア,2025-04-13,福島,5,3歳未勝利,16,4,7,8.9,6,4,鷲頭虎太,52,芝,1800,良
2022100201,コンドゥイア,2025-03-15,中京,3,3歳未勝利,16,7,14,23.3,5,4,川須栄彦,55,芝,1600,良
2022100201,コンドゥイア,2025-03-02,小倉,5,3歳未勝利,16,5,10,47.0,11,4,川須栄彦,55,芝,1800,重
2022100201,コンドゥイア,2025-02-16,京都,3,3歳未勝利,16,4,7,25.5,6,6,藤懸貴志,55,ダ,1400,稍
2022100201,コンドゥイア,2024-12-22,京都,4,2歳新馬,13,8,12,14.0,6,11,団野大成,55,ダ,1800,良
2022100224,スムースオペレター,2026-06-22,名古屋,10,三ヶ根山特別(C),10,5,5,64.0,9,6,細川智史,57,ダ,1500,稍
2022100224,スムースオペレター,2026-06-05,名古屋,12,金シャチ最終戦(C),11,5,5,20.1,9,10,大畑慧悟,57,ダ,1500,稍
2022100224,スムースオペレター,2026-05-25,名古屋,5,C3組,11,6,7,3.2,1,9,塚本征吾,57,ダ,1500,良
2022100224,スムースオペレター,2026-05-07,名古屋,7,C7組,11,7,8,3.0,1,2,塚本征吾,57,ダ,1400,良
2022100224,スムースオペレター,2026-04-23,名古屋,4,C8組,12,1,1,5.8,2,2,塚本征吾,57,ダ,1500,不
2022100224,スムースオペレター,2026-04-13,名古屋,7,桜湯賞(C),10,6,6,21.4,7,5,渡辺竜也,57,ダ,1700,良
2022100224,スムースオペレター,2026-03-27,名古屋,7,〜高松宮記念〜熱い感(C),10,1,1,21.7,6,6,塚本征吾,57,ダ,1700,稍
2022100224,スムースオペレター,2026-03-13,名古屋,9,泰明町特別(C),10,1,1,108.6,10,7,細川智史,57,ダ,1700,良
2022100224,スムースオペレター,2026-03-02,名古屋,10,春隣特別(C),11,2,2,90.5,8,9,山田祥雄,57,ダ,1700,良
2022100224,スムースオペレター,2026-02-13,名古屋,8,チョコクランチ特別(C),11,1,1,70.4,8,10,山田祥雄,57,ダ,1500,稍
2022100224,スムースオペレター,2026-01-30,名古屋,8,残月梅特別(C),10,8,10,15.0,5,8,塚本征吾,57,ダ,1700,良
2022100224,スムースオペレター,2026-01-03,名古屋,7,無病息災を願う黒豆賞(C),12,7,9,3.7,3,7,塚本征吾,57,ダ,1400,稍
2022100224,スムースオペレター,2025-12-24,名古屋,1,C7組,11,8,11,1.7,1,1,塚本征吾,57,ダ,1400,不
2022100224,スムースオペレター,2025-12-10,名古屋,10,茶臼山特別(C),12,2,2,152.1,11,10,村上弘樹,57,ダ,1700,良
2022100224,スムースオペレター,2025-11-21,名古屋,5,C12組,12,6,8,2.9,2,1,塚本征吾,57,ダ,1500,良
2022100224,スムースオペレター,2025-11-11,名古屋,8,仁王川特別(C),11,8,10,12.3,6,4,塚本征吾,57,ダ,1700,稍
2022100224,スムースオペレター,2025-10-28,名古屋,8,C24組,12,8,12,4.9,2,1,塚本征吾,57,ダ,1500,稍
2022100224,スムースオペレター,2025-10-14,名古屋,7,C25組,12,7,10,7.8,4,3,塚本征吾,57,ダ,1500,良
2022100224,スムースオペレター,2025-10-03,名古屋,1,3歳20組,12,8,11,3.0,2,3,塚本征吾,57,ダ,920,良
2022100224,スムースオペレター,2025-09-05,名古屋,3,3歳15組,11,4,4,18.4,7,7,細川智史,57,ダ,1400,不
2022100224,スムースオペレター,2025-07-27,新潟,5,3歳未勝利,15,1,1,126.7,14,15,木幡巧也,57,ダ,1200,良
2022100224,スムースオペレター,2025-06-14,東京,3,3歳未勝利,16,5,9,71.4,11,13,菊沢一樹,57,ダ,1400,良
2022100224,スムースオペレター,2025-04-26,東京,3,3歳未勝利,16,3,6,79.2,12,16,木幡巧也,57,ダ,2100,稍
2022100224,スムースオペレター,2025-03-30,中山,3,3歳未勝利,14,5,7,111.1,10,7,菊沢一樹,57,ダ,1800,稍
2022100224,スムースオペレター,2025-01-26,中京,3,3歳未勝利,11,8,10,176.9,10,11,酒井学,57,ダ,1900,良
2022100224,スムースオペレター,2025-01-18,中山,2,3歳未勝利,16,8,15,99.0,10,8,藤懸貴志,57,ダ,1800,良
2022100224,スムースオペレター,2024-12-22,中山,2,2歳未勝利,16,4,7,111.6,13,7,藤懸貴志,56,ダ,1800,良
2022100224,スムースオペレター,2024-09-22,中山,5,2歳新馬,14,8,14,46.8,7,12,永野猛蔵,55,芝,1800,良
2022100239,ハクサンリバーブ,2026-08-04,金沢,9,金沢競馬B1プレミア,12,8,12,4.0,2,8,吉原寛人,57,ダ,1400,良
2022100239,ハクサンリバーブ,2026-07-14,金沢,11,七尾港まつり特別(B2),11,8,11,1.5,1,1,吉原寛人,57,ダ,1400,良
2022100239,ハクサンリバーブ,2026-06-14,金沢,5,B22,10,4,4,1.4,1,2,吉原寛人,57,ダ,1400,良
2022100239,ハクサンリバーブ,2026-05-25,金沢,5,裕紀くん!寛太くん!(C1),7,7,7,1.5,1,1,吉原寛人,57,ダ,1500,良
2022100239,ハクサンリバーブ,2026-05-01,金沢,7,メーデー特別(C1),7,3,3,1.2,1,2,吉原寛人,57,ダ,1400,重
2022100239,ハクサンリバーブ,2026-04-17,金沢,9,C13,9,5,5,1.1,1,2,吉原寛人,57,ダ,1400,良
2022100239,ハクサンリバーブ,2026-03-28,金沢,7,惣惟くん爆誕おめでと(B2),9,2,2,1.3,1,3,栗原大河,57,ダ,1400,良
2022100239,ハクサンリバーブ,2025-12-28,金沢,4,決めた!ソノ馬をアイ(C1),11,5,5,1.4,1,2,松戸政也,57,ダ,1400,不
2022100239,ハクサンリバーブ,2025-12-08,金沢,10,金沢競馬C1プレミア,9,6,6,2.6,1,1,吉原寛人,57,ダ,1500,重
2022100239,ハクサンリバーブ,2025-11-25,金沢,2,C110,11,6,6,1.0,1,1,吉原寛人,57,ダ,1500,重
2022100239,ハクサンリバーブ,2025-11-09,金沢,1,C119,8,1,1,1.6,1,1,吉原寛人,57,ダ,1400,稍
2022100239,ハクサンリバーブ,2025-10-21,金沢,4,C27,8,1,1,1.3,1,1,吉原寛人,57,ダ,1500,良
2022100239,ハクサンリバーブ,2025-09-17,大井,9,フォーチュネイトりん(C13歳),14,5,8,5.8,3,5,安藤洋一,56,ダ,1200,良
2022100239,ハクサンリバーブ,2025-08-09,札幌,4,3歳未勝利,14,3,3,147.9,14,6,斎藤新,57,ダ,1700,重
2022100239,ハクサンリバーブ,2025-07-13,函館,4,3歳未勝利,13,3,3,28.3,9,6,丹内祐次,57,ダ,1700,良
2022100239,ハクサンリバーブ,2025-06-14,東京,7,3歳未勝利,16,2,3,101.0,12,9,菊沢一樹,57,ダ,1600,良
2022100239,ハクサンリバーブ,2025-03-29,中京,3,3歳未勝利,16,4,8,24.3,9,9,石神深道,54,ダ,1400,稍
2022100239,ハクサンリバーブ,2025-02-08,東京,2,3歳未勝利,16,4,8,6.8,4,6,内田博幸,57,ダ,1300,良
2022100239,ハクサンリバーブ,2025-01-12,中山,1,3歳未勝利,16,4,7,9.8,4,4,内田博幸,57,ダ,1200,良
2022100239,ハクサンリバーブ,2024-12-14,中山,3,2歳未勝利,16,6,12,98.0,10,5,内田博幸,56,ダ,1200,良
2022100239,ハクサンリバーブ,2024-11-10,東京,4,2歳新馬,16,4,7,16.9,9,6,内田博幸,56,ダ,1300,良
2022100278,ハーレムシャフル,2026-06-10,大井,12,BSイレブン賞競走(B3),13,6,8,70.8,9,9,本田正重,56,ダ,1600,重
2022100278,ハーレムシャフル,2026-05-21,大井,10,丸の内坂賞競走(B3),16,6,11,21.4,5,13,野畑凌,56,ダ,1400,稍
2022100278,ハーレムシャフル,2026-04-27,大井,11,神楽坂賞競走(B3),16,5,10,3.3,1,15,野畑凌,56,ダ,1400,不
2022100278,ハーレムシャフル,2026-03-27,大井,8,パリジャン賞(C1四),11,6,7,1.3,1,1,野畑凌,56,ダ,1400,重
2022100278,ハーレムシャフル,2026-03-11,大井,9,C1六 七八(C1七),11,7,9,3.4,2,1,和田譲治,56,ダ,1400,良
2022100278,ハーレムシャフル,2026-02-20,大井,8,C2二 三四(C2三),13,4,4,4.3,3,1,野畑凌,56,ダ,1400,良
2022100278,ハーレムシャフル,2026-01-30,大井,6,C2三 四五(C2四),14,4,5,1.3,1,4,野畑凌,56,ダ,1400,良
2022100278,ハーレムシャフル,2026-01-16,大井,6,C2三 四五(C2四),13,3,3,1.4,1,3,野畑凌,56,ダ,1200,良
2022100278,ハーレムシャフル,2025-12-30,大井,6,C2七 八,14,8,14,1.7,1,2,野畑凌,56,ダ,1200,稍
2022100278,ハーレムシャフル,2025-12-03,大井,8,モンタナ賞(C2十),15,1,1,1.2,1,1,野畑凌,56,ダ,1200,良
2022100278,ハーレムシャフル,2025-11-10,大井,3,C218 19,13,6,8,2.3,1,1,野畑凌,56,ダ,1200,稍
2022100278,ハーレムシャフル,2025-10-21,大井,2,伝統と未来、躍進する(3歳),10,7,8,2.0,1,2,鷹見陸,55,ダ,1200,稍
2022100278,ハーレムシャフル,2025-09-14,中山,6,3歳未勝利,16,1,2,115.9,13,10,木幡巧也,57,ダ,1800,稍
2022100278,ハーレムシャフル,2025-09-07,中山,7,3歳未勝利,16,6,11,106.2,11,5,木幡巧也,57,ダ,1200,良
2022100278,ハーレムシャフル,2025-05-11,東京,2,3歳未勝利,16,8,16,303.8,12,10,北村宏司,57,ダ,1400,稍
2022100278,ハーレムシャフル,2025-04-06,中山,3,3歳未勝利,13,4,5,61.0,8,10,北村宏司,57,ダ,1800,稍
2022100278,ハーレムシャフル,2025-02-23,東京,1,3歳未勝利,16,8,16,28.6,11,12,石橋脩,57,ダ,1400,良
2022100278,ハーレムシャフル,2024-11-10,東京,1,2歳未勝利,15,1,1,38.3,8,4,北村宏司,56,ダ,1400,良
2022100278,ハーレムシャフル,2024-10-20,東京,4,2歳新馬,16,3,5,35.2,7,6,北村宏司,56,ダ,1400,良
2022100309,ヤサカスター,2026-06-29,大井,8,フロリダ賞(C1),14,6,9,1.2,1,1,藤本現暉,56,ダ,1600,不
2022100309,ヤサカスター,2026-06-12,大井,4,C2三 四五(C2四),9,2,2,1.0,1,1,藤本現暉,56,ダ,1600,稍
2022100309,ヤサカスター,2026-05-19,大井,4,C2九 十,9,7,7,1.6,1,1,藤本現暉,56,ダ,1600,良
2022100309,ヤサカスター,2025-12-01,大井,6,C215 16,14,1,1,2.9,2,1,藤本現暉,56,ダ,1600,良
2022100309,ヤサカスター,2025-11-10,大井,2,C218 19,13,7,10,4.6,2,4,藤本現暉,56,ダ,1600,稍
2022100309,ヤサカスター,2025-10-08,大井,1,3歳五 六,9,8,9,1.2,1,1,藤本現暉,56,ダ,1400,良
2022100309,ヤサカスター,2024-12-01,大井,3,2歳 新馬,9,5,5,33.6,5,4,落合玄太,55,ダ,1400,良
2022100427,エムティキング,2026-09-02,大井,6,C2六 七,14,3,4,4.1,2,1,谷内貫太,55,ダ,1600,良
2022100427,エムティキング,2026-08-14,大井,3,C2六 七八(C2七),13,6,9,7.2,4,2,谷内貫太,55,ダ,1600,不
2022100427,エムティキング,2026-07-20,大井,7,C211 1213(C212),10,8,10,7.9,5,2,谷内貫太,55,ダ,1600,良
2022100427,エムティキング,2026-07-02,大井,6,C2六 七,12,2,2,5.6,3,6,吉井章,56,ダ,1600,不
2022100427,エムティキング,2026-06-11,大井,6,C2六 七八(C2七),9,5,5,4.5,2,6,鷹見陸,56,ダ,1600,稍
2022100427,エムティキング,2026-05-18,大井,5,C211 1213(C212),12,4,4,7.9,5,1,谷内貫太,55,ダ,1600,良
2022100427,エムティキング,2026-04-27,大井,8,ラスティ・ネイル賞(C213),14,1,1,2.8,1,4,本田正重,56,ダ,1400,不
2022100427,エムティキング,2026-04-13,大井,12,C213 1415(C214),14,4,5,7.9,3,5,谷内貫太,55,ダ,1200,良
2022100427,エムティキング,2026-03-23,大井,9,C215 16,13,5,6,6.8,3,3,谷内貫太,55,ダ,1200,良
2022100427,エムティキング,2025-10-20,大井,7,品川かえで賞(C2),14,5,7,2.3,1,11,吉井章,56,ダ,1200,稍
2022100427,エムティキング,2025-10-09,大井,2,3歳三 四,10,8,10,1.4,1,2,吉井章,56,ダ,1200,良
2022100427,エムティキング,2025-08-09,札幌,4,3歳未勝利,14,4,6,129.5,12,10,原田和真,57,ダ,1700,重
2022100427,エムティキング,2025-07-13,函館,3,3歳未勝利,16,5,9,22.3,11,10,松岡正海,57,芝,1200,良
2022100427,エムティキング,2025-06-22,函館,1,3歳未勝利,15,4,7,73.8,11,3,松岡正海,57,芝,1200,重
2022100427,エムティキング,2025-06-15,函館,1,3歳未勝利,16,4,8,24.0,10,8,佐々木大,57,芝,1200,良
2022100427,エムティキング,2025-04-13,中山,5,3歳未勝利,16,7,13,23.5,7,13,石橋脩,57,芝,1600,良
2022100427,エムティキング,2025-01-25,中山,12,3歳未勝利,16,2,3,85.4,11,6,石橋脩,57,芝,1600,良
2022100470,リケアドアーズ,2026-01-12,大井,1,C3十,13,5,7,180.4,12,11,横川怜央,54,ダ,1200,良
2022100470,リケアドアーズ,2025-12-30,大井,2,3歳三 四,16,8,15,353.2,16,16,横川怜央,54,ダ,1200,稍
2022100470,リケアドアーズ,2025-12-04,大井,2,3歳四 五,14,4,5,382.0,12,11,横川怜央,54,ダ,1200,良
2022100470,リケアドアーズ,2025-11-10,大井,1,3歳五,11,6,6,125.9,11,4,横川怜央,54,ダ,1200,稍
2022100470,リケアドアーズ,2025-10-20,大井,5,港区みんなと結ぶ「へ(3歳),9,7,7,133.7,8,9,杉山海波,51,ダ,1200,稍
2022100470,リケアドアーズ,2025-10-08,大井,1,3歳五 六,9,8,8,33.5,6,8,新原周馬,54,ダ,1400,良
2022100470,リケアドアーズ,2025-09-15,大井,4,3歳十 11,13,4,5,40.5,8,9,新原周馬,54,ダ,1200,稍
2022100470,リケアドアーズ,2025-08-10,大井,4,マンハッタン賞(3歳),11,5,6,19.6,6,7,笹川翼,54,ダ,1200,不
2022100470,リケアドアーズ,2025-07-14,大井,3,3歳11 12,11,6,6,5.9,3,8,達城龍次,54,ダ,1200,稍
2022100539,ニジノカナタニ,2026-09-02,大井,10,花野特別競走(C1C2),13,7,10,16.2,5,12,江里口裕,55,ダ,1400,良
2022100539,ニジノカナタニ,2026-08-14,大井,6,チチ賞(C1),11,6,6,10.2,3,6,江里口裕,54,ダ,1600,不
2022100539,ニジノカナタニ,2026-07-23,大井,7,C2三 四五(C2四),12,1,1,6.5,4,1,江里口裕,54,ダ,1400,良
2022100539,ニジノカナタニ,2026-06-29,大井,8,フロリダ賞(C1),14,5,8,19.2,4,4,江里口裕,54,ダ,1600,不
2022100539,ニジノカナタニ,2026-06-09,大井,7,C1八 九,14,8,13,92.2,12,3,江里口裕,54,ダ,1600,不
2022100539,ニジノカナタニ,2026-05-18,大井,8,アフター・ディナー賞(C1),13,8,12,20.4,7,11,野畑凌,54,ダ,1600,良
2022100539,ニジノカナタニ,2026-04-28,大井,12,C1九 十,13,4,6,15.0,4,7,御神本訓,54,ダ,1200,不
2022100539,ニジノカナタニ,2026-04-14,大井,12,C1八 九,14,6,10,29.2,8,4,野畑凌,54,ダ,1200,良
2022100539,ニジノカナタニ,2026-03-27,大井,6,C2四 五六(C2五),14,1,1,37.0,5,5,御神本訓,54,ダ,1200,重
2022100539,ニジノカナタニ,2026-03-13,大井,6,C2三 四五(C2四),14,3,4,20.5,4,5,御神本訓,54,ダ,1200,良
2022100539,ニジノカナタニ,2026-02-20,大井,9,C2二 三四(C2三),15,4,6,11.8,4,9,御神本訓,54,ダ,1200,良
2022100539,ニジノカナタニ,2026-01-29,大井,7,C2六 七,14,4,6,6.9,3,1,御神本訓,54,ダ,1200,良
2022100539,ニジノカナタニ,2026-01-15,大井,5,C2八 九,15,3,4,2.1,1,3,御神本訓,54,ダ,1200,良
2022100539,ニジノカナタニ,2025-12-31,大井,2,3歳一 二,14,8,14,1.9,1,1,御神本訓,54,ダ,1200,稍
2022100539,ニジノカナタニ,2025-08-23,新潟,6,3歳未勝利,15,7,13,11.2,6,5,今村聖奈,53,ダ,1200,良
2022100539,ニジノカナタニ,2025-08-03,新潟,5,3歳未勝利,15,7,13,21.2,9,3,今村聖奈,53,ダ,1200,良
2022100539,ニジノカナタニ,2025-06-21,東京,7,3歳未勝利,16,6,11,97.9,11,9,内田博幸,55,ダ,1300,良
2022100539,ニジノカナタニ,2025-04-26,東京,1,3歳未勝利,16,8,16,22.2,8,11,菅原明良,55,ダ,1600,稍
2022100596,エアドロップ,2026-01-12,大井,1,C3十,13,2,2,36.9,4,中,江里口裕,56,ダ,1200,良
2022100637,ロードアルディート,2026-08-29,札幌,8,3歳以上1勝クラス,10,3,3,5.2,3,4,横山和生,58,ダ,1700,稍
2022100637,ロードアルディート,2026-08-16,札幌,8,3歳以上1勝クラス,11,5,5,10.9,5,3,横山和生,58,ダ,1700,良
2022100637,ロードアルディート,2026-06-13,函館,12,3歳以上1勝クラス,12,5,5,6.5,4,3,浜中俊,58,ダ,1700,稍
2022100637,ロードアルディート,2026-04-12,阪神,6,4歳以上1勝クラス,10,7,8,2.9,2,5,ルメール,58,ダ,1800,稍
2022100637,ロードアルディート,2026-03-22,中京,7,4歳以上1勝クラス,15,7,12,2.9,2,5,西村淳也,58,ダ,1800,良
2022100637,ロードアルディート,2026-02-22,阪神,8,4歳以上1勝クラス,15,2,3,3.2,1,2,西村淳也,57,ダ,1800,良
2022100637,ロードアルディート,2026-02-01,京都,7,4歳以上1勝クラス,9,1,1,7.8,4,4,横山武史,57,ダ,1800,良
2022100637,ロードアルディート,2025-12-01,大井,12,オリオン座特別競走(C2),16,8,15,3.2,2,1,本田正重,56,ダ,1800,良
2022100637,ロードアルディート,2025-11-11,大井,5,C212 1314(C213),13,3,3,3.1,2,1,本田正重,56,ダ,1600,稍
2022100637,ロードアルディート,2025-05-25,新潟,6,3歳未勝利,16,2,4,16.6,7,15,佐々木大,57,芝,2200,稍
2022100637,ロードアルディート,2025-05-03,新潟,6,3歳未勝利,16,2,3,13.9,6,3,和田陽希,54,芝,2400,良
2022100637,ロードアルディート,2025-03-15,阪神,5,3歳未勝利,18,1,2,90.1,13,9,和田竜二,57,芝,1800,良
2022100637,ロードアルディート,2025-01-18,中京,5,3歳未勝利,18,3,5,12.1,6,12,西村淳也,57,芝,2000,良
2022100637,ロードアルディート,2024-12-01,中京,5,2歳未勝利,8,1,1,4.4,3,3,松山弘平,56,芝,2000,良
2022100637,ロードアルディート,2024-11-10,京都,5,2歳新馬,10,6,6,6.8,4,6,松山弘平,56,芝,2000,良
2022100674,オキアガリコボシ,2026-02-16,大井,2,C3八 九,12,6,7,323.6,11,10,千田洋,54,ダ,1600,良
2022100674,オキアガリコボシ,2026-01-26,大井,2,C3八 九,13,4,5,132.9,8,10,桑村真明,54,ダ,1200,良
2022100674,オキアガリコボシ,2026-01-12,大井,1,C3十,13,3,3,90.5,6,10,桑村真明,54,ダ,1200,良
2022100674,オキアガリコボシ,2025-12-29,大井,1,3歳五,12,8,11,40.0,6,7,桑村真明,54,ダ,1200,重
2022100674,オキアガリコボシ,2025-12-04,大井,2,3歳四 五,14,7,11,323.9,11,8,桑村真明,54,ダ,1200,良
2022100674,オキアガリコボシ,2025-11-10,大井,1,3歳五,11,2,2,29.4,6,6,鷹見陸,53,ダ,1200,稍
2022100674,オキアガリコボシ,2025-10-20,大井,4,ひと、つながる。墨田(3歳),12,1,1,252.2,12,7,安藤洋一,54,ダ,1400,稍
2022100674,オキアガリコボシ,2025-10-08,大井,1,3歳五 六,9,2,2,130.3,8,7,安藤洋一,54,ダ,1400,良
2022100674,オキアガリコボシ,2025-09-15,大井,3,3歳十 11,11,4,4,118.6,10,9,西啓太,54,ダ,1400,稍
2022100674,オキアガリコボシ,2025-09-01,大井,3,3歳11,12,7,11,150.5,10,9,鷹見陸,53,ダ,1200,良
2022100674,オキアガリコボシ,2025-08-10,大井,4,マンハッタン賞(3歳),11,3,3,186.0,11,11,中村尚平,54,ダ,1200,不
2022100674,オキアガリコボシ,2025-07-14,大井,3,3歳11 12,11,7,9,140.3,10,9,中山遥人,53,ダ,1200,稍
2022100674,オキアガリコボシ,2025-07-01,大井,1,3歳 選抜牝馬,10,6,6,219.6,10,8,佐野遥久,53,ダ,1200,良
2022100674,オキアガリコボシ,2025-06-09,大井,1,3歳 選抜牝馬,11,8,11,157.9,10,11,佐野遥久,53,ダ,1200,良
2022100674,オキアガリコボシ,2025-05-19,大井,2,3歳14 15,10,4,4,488.4,10,9,中村尚平,54,ダ,1400,重
2022100674,オキアガリコボシ,2025-04-14,大井,3,3歳 選抜牝馬,11,6,6,208.2,9,9,中村尚平,54,ダ,1400,不
2022100674,オキアガリコボシ,2025-03-24,大井,6,3歳12 13,13,7,10,170.9,12,11,佐野遥久,53,ダ,1400,良
2022100674,オキアガリコボシ,2025-03-11,大井,4,築地川賞(3歳12),14,6,10,212.8,13,12,中村尚平,54,ダ,1400,重
2022100674,オキアガリコボシ,2025-02-18,大井,3,3歳十 11,10,7,7,284.9,10,9,中村尚平,54,ダ,1400,良
2022100674,オキアガリコボシ,2025-01-27,大井,5,3歳12 13,11,2,2,87.1,10,9,中村尚平,54,ダ,1400,良
2022100674,オキアガリコボシ,2025-01-13,大井,3,3歳 新馬,6,3,3,36.5,5,5,中村尚平,54,ダ,1200,稍
2022100772,エクラシェール,2026-08-17,大井,8,C2三 四五(C2四),13,8,13,18.4,7,4,藤田凌,56,ダ,1400,稍
2022100772,エクラシェール,2026-07-23,大井,7,C2三 四五(C2四),12,5,5,180.8,11,9,谷内貫太,55,ダ,1400,良
2022100772,エクラシェール,2026-06-29,大井,9,C1八 九,9,2,2,59.5,8,8,谷内貫太,55,ダ,1200,不
2022100772,エクラシェール,2026-01-14,大井,8,C1七 八,13,2,2,227.9,12,13,鷹見陸,56,ダ,1600,良
2022100772,エクラシェール,2025-12-29,大井,11,センリョウ賞(C1),13,7,10,59.3,10,9,鷹見陸,55,ダ,1600,重
2022100772,エクラシェール,2025-12-01,大井,8,アクダクト賞(C1),14,4,6,106.0,11,7,鷹見陸,55,ダ,1600,良
2022100772,エクラシェール,2025-11-10,大井,9,C1八 九,10,7,8,43.0,8,6,鷹見陸,55,ダ,1200,稍
2022100772,エクラシェール,2025-10-08,大井,12,白鳥賞(C1),16,1,1,60.6,11,9,本田正重,56,ダ,1200,良
2022100772,エクラシェール,2025-09-16,大井,9,C1八 九,7,3,3,34.1,4,3,本田正重,55,ダ,1200,稍
2022100772,エクラシェール,2025-09-03,大井,9,C1七 八,11,4,4,26.8,6,6,本田正重,55,ダ,1200,良
2022100772,エクラシェール,2025-08-12,大井,7,C1七 八,14,6,9,79.1,10,6,和田譲治,55,ダ,1200,重
2022100772,エクラシェール,2025-07-15,大井,8,スノーボール賞(C1七),12,5,5,44.0,10,7,藤田凌,55,ダ,1400,不
2022100772,エクラシェール,2025-07-04,大井,6,3歳一 二三(3歳二),9,5,5,174.7,9,4,和田譲治,56,ダ,1400,良
2022100772,エクラシェール,2025-06-13,大井,3,3歳一 二,12,1,1,40.1,8,11,和田譲治,56,ダ,1600,重
2022100772,エクラシェール,2025-05-23,大井,10,菖蒲特別競走(3歳二),14,7,11,163.1,12,9,町田直希,56,ダ,1400,良
2022100772,エクラシェール,2025-05-02,大井,3,3歳一 二三(3歳二),7,4,4,31.1,6,6,和田譲治,56,ダ,1400,不
2022100772,エクラシェール,2024-11-08,大井,6,雷鳥特別競走(2歳),9,8,9,3.2,2,3,和田譲治,55,ダ,1400,良
2022100772,エクラシェール,2024-10-16,大井,4,絵本のまち板橋賞(2歳),9,8,9,2.6,1,1,和田譲治,55,ダ,1400,良
2022100772,エクラシェール,2024-09-30,大井,4,2歳五 六,9,8,8,3.1,2,2,本田正重,54,ダ,1400,良
2022100772,エクラシェール,2024-09-09,大井,3,2歳 新馬,8,6,6,40.1,6,4,本田正重,54,ダ,1400,良
2022100839,プロデッツァ,2026-08-22,佐賀,9,残暑特選(C2),11,8,10,72.9,8,6,長谷川蓮,53,ダ,900,良
2022100839,プロデッツァ,2026-07-18,佐賀,9,ヘルクレス座特選(C2),12,1,1,38.6,8,9,椿聡太,53,ダ,900,良
2022100839,プロデッツァ,2026-06-27,佐賀,10,しし座特選(C2),12,8,12,195.9,12,8,後藤武蔵,53,ダ,1300,不
2022100839,プロデッツァ,2026-05-31,佐賀,4,C2ー10組,10,3,3,62.6,7,1,後藤武蔵,53,ダ,1400,良
2022100839,プロデッツァ,2026-05-18,佐賀,11,SAGAリベンジャー(C2),12,5,5,36.5,10,9,長田進仁,56,ダ,1400,良
2022100839,プロデッツァ,2026-05-04,佐賀,11,SAGAリベンジャー(C2),11,6,6,56.0,9,7,後藤武蔵,53,ダ,1400,重
2022100839,プロデッツァ,2026-04-20,佐賀,4,C2ー10組,12,4,4,152.3,10,10,後藤武蔵,53,ダ,1300,重
2022100839,プロデッツァ,2026-04-06,佐賀,11,SAGAリベンジャー(C2),9,6,6,93.7,6,7,長田進仁,56,ダ,900,重
2022100839,プロデッツァ,2026-03-22,佐賀,3,C2ー10組,11,6,6,236.9,11,11,長田進仁,56,ダ,1400,稍
2022100839,プロデッツァ,2026-03-08,佐賀,5,C2ー10組,12,7,10,232.8,11,12,長田進仁,56,ダ,1300,重
2022100839,プロデッツァ,2026-02-25,佐賀,12,SAGAリベンジャー(C2),12,8,11,147.1,9,10,長田進仁,56,ダ,900,不
2022100839,プロデッツァ,2026-02-12,佐賀,6,第4回BAOO記念(C2),11,7,8,75.0,10,11,長田進仁,56,ダ,1300,稍
2022100839,プロデッツァ,2026-01-31,佐賀,2,C2ー10組,11,7,8,7.4,3,11,長田進仁,56,ダ,1400,良
2022100839,プロデッツァ,2025-12-09,園田,4,寒月パカ・ズィーク7(C2),10,3,3,25.9,6,10,高橋愛叶,56,ダ,1400,良
2022100839,プロデッツァ,2025-07-29,船橋,2,3歳四,12,3,3,10.8,4,7,篠谷葵,56,ダ,1200,良
2022100839,プロデッツァ,2025-06-30,船橋,2,3歳四,9,5,5,5.5,3,8,篠谷葵,56,ダ,1200,良
2022100839,プロデッツァ,2025-06-06,船橋,1,3歳七,11,1,1,4.7,3,1,笹川翼,56,ダ,1200,良
2022100839,プロデッツァ,2024-11-28,船橋,2,2歳五,12,5,6,5.0,3,12,笹川翼,55,ダ,1200,稍
2022100839,プロデッツァ,2024-10-31,船橋,2,ユーカリデビュー(2歳),8,5,5,5.3,2,7,笹川翼,55,ダ,1000,重
2022100845,ディサイデッド,2026-08-15,大井,10,立秋特別競走(C2),14,6,10,98.1,13,6,谷内貫太,55,ダ,2400,稍
2022100845,ディサイデッド,2026-07-20,大井,7,C211 1213(C212),10,7,7,25.2,8,8,菅原涼太,56,ダ,1600,良
2022100845,ディサイデッド,2026-07-02,大井,6,C2六 七,12,4,6,50.7,10,5,菅原涼太,56,ダ,1600,不
2022100845,ディサイデッド,2026-06-10,大井,6,万緑特別競走(C2),10,6,6,53.7,7,6,菅原涼太,56,ダ,2000,重
2022100845,ディサイデッド,2026-05-19,大井,9,JAいちかわ賞(C2),11,7,11,12.4,5,7,安藤洋一,56,ダ,2400,良
2022100845,ディサイデッド,2026-04-27,大井,10,こじし座特別競走(C2),15,2,2,51.8,10,4,菅原涼太,56,ダ,2000,不
2022100845,ディサイデッド,2026-04-14,大井,4,C2十 1112(C211),12,4,4,194.7,11,4,菅原涼太,56,ダ,1600,良
2022100845,ディサイデッド,2026-03-24,大井,7,C2十 1112(C211),11,7,9,139.3,9,7,菅原涼太,56,ダ,1600,良
2022100845,ディサイデッド,2026-03-09,大井,9,C213 1415(C214),14,3,4,74.6,6,2,菅原涼太,56,ダ,1600,稍
2022100845,ディサイデッド,2026-02-20,大井,12,梅見月特別競走(C2),16,3,6,198.9,14,10,菅原涼太,56,ダ,2000,良
2022100845,ディサイデッド,2026-01-26,大井,8,C214 15,13,8,13,255.4,11,6,菅原涼太,56,ダ,1600,良
2022100845,ディサイデッド,2026-01-13,大井,7,C212 1314(C213),13,8,12,275.1,12,11,菅原涼太,56,ダ,1600,良
2022100845,ディサイデッド,2025-12-25,大井,8,トム・アンド・ジェリ(C216),11,4,4,238.3,10,10,藤本現暉,56,ダ,1400,重
2022100845,ディサイデッド,2025-07-16,大井,4,3歳四 五六(3歳五),14,3,4,213.0,14,9,菅原涼太,56,ダ,1400,不
2022100845,ディサイデッド,2025-07-03,大井,1,3歳六 七八(3歳七),9,8,9,113.7,8,6,菅原涼太,56,ダ,1600,良
2022100845,ディサイデッド,2025-06-11,大井,1,3歳五 六七(3歳六),11,2,2,49.7,11,10,菅原涼太,56,ダ,1600,重
2022100845,ディサイデッド,2025-05-21,大井,3,3歳七 八九(3歳八),12,7,10,26.5,7,5,菅原涼太,56,ダ,1600,稍
2022100845,ディサイデッド,2025-04-30,大井,1,3歳七 八九(3歳八),9,8,9,104.4,9,6,菅原涼太,56,ダ,1600,重
2022100845,ディサイデッド,2025-04-16,大井,3,3歳八 九,12,8,11,47.6,10,3,菅原涼太,56,ダ,1600,稍
2022100845,ディサイデッド,2025-03-26,大井,3,3歳七 八,13,2,2,110.6,11,10,菅原涼太,56,ダ,1600,良
2022100845,ディサイデッド,2025-03-13,大井,5,3歳六 七八(3歳七),14,2,2,92.6,9,8,菅原涼太,56,ダ,1400,不
2022100845,ディサイデッド,2025-02-20,大井,3,3歳五 六七(3歳六),12,8,12,62.0,8,9,菅原涼太,56,ダ,1600,良
2022100845,ディサイデッド,2025-01-30,大井,3,3歳六 七,10,7,8,20.6,4,8,菅原涼太,56,ダ,1400,良
2022100845,ディサイデッド,2025-01-16,大井,1,3歳六 七,13,7,10,14.7,5,5,菅原涼太,56,ダ,1600,良
2022100845,ディサイデッド,2024-12-27,大井,4,2歳五 六,13,7,10,19.4,5,6,菅原涼太,55,ダ,1400,良
2022100845,ディサイデッド,2024-12-02,大井,4,2歳七 八,14,7,12,47.0,10,4,菅原涼太,55,ダ,1200,良
2022100845,ディサイデッド,2024-11-08,大井,4,2歳三 四,13,3,3,23.7,4,8,達城龍次,55,ダ,1200,良
2022100845,ディサイデッド,2024-10-15,大井,3,あなたも私もねりま推(2歳),8,6,6,1.5,1,3,達城龍次,55,ダ,1400,良
2022100845,ディサイデッド,2024-10-03,大井,3,2歳 新馬,6,3,3,13.2,5,4,達城龍次,54,ダ,1200,良
2022100879,ニシノコヌカアメ,2026-09-02,大井,6,C2六 七,14,6,9,6.3,4,12,西優哉,51,ダ,1600,良
2022100879,ニシノコヌカアメ,2026-08-13,大井,6,エバ・グリーン賞(C2),12,8,13,13.8,7,1,西優哉,51,ダ,1600,不
2022100879,ニシノコヌカアメ,2026-07-24,大井,1,C3一,15,3,5,16.8,5,1,西優哉,51,ダ,1800,良
2022100879,ニシノコヌカアメ,2026-06-29,大井,7,プルメリア特別競走(C2),11,8,10,83.9,10,9,達城龍次,54,ダ,1600,不
2022100879,ニシノコヌカアメ,2026-06-08,大井,7,グラスホッパー賞(C213),12,8,11,9.8,5,9,西優哉,51,ダ,1600,不
2022100879,ニシノコヌカアメ,2026-05-18,大井,5,C211 1213(C212),12,2,2,45.8,9,3,杉山海波,51,ダ,1600,良
2022100879,ニシノコヌカアメ,2026-04-27,大井,7,C212 1314(C213),11,8,11,112.2,8,4,西優哉,51,ダ,1600,不
2022100879,ニシノコヌカアメ,2026-04-13,大井,8,ビアーグルト賞(C214),12,6,8,76.2,9,10,達城龍次,54,ダ,1600,良
2022100879,ニシノコヌカアメ,2026-03-23,大井,6,C215 16,12,8,11,22.7,7,5,達城龍次,54,ダ,1600,良
2022100879,ニシノコヌカアメ,2026-03-09,大井,9,C213 1415(C214),14,8,14,40.5,4,7,達城龍次,54,ダ,1600,稍
2022100879,ニシノコヌカアメ,2026-02-19,大井,2,C3二 三,13,8,13,323.2,12,5,張田昂,54,ダ,1600,良
2022100879,ニシノコヌカアメ,2026-01-29,大井,2,C3一 二三(C3二),14,8,13,41.5,10,14,矢野貴之,54,ダ,1600,良
2022100879,ニシノコヌカアメ,2026-01-16,大井,1,C3二 三,14,5,7,136.8,11,11,達城龍次,54,ダ,1600,良
2022100879,ニシノコヌカアメ,2025-12-31,大井,1,3歳一 二,11,4,4,57.1,8,4,達城龍次,54,ダ,1600,稍
2022100879,ニシノコヌカアメ,2025-12-05,大井,1,しながわデー開催賞(3歳二),13,1,1,138.1,9,7,達城龍次,54,ダ,1600,良
2022100879,ニシノコヌカアメ,2025-10-31,名古屋,4,C6組,12,8,11,117.9,6,9,山田祥雄,55,ダ,1500,稍
2022100879,ニシノコヌカアメ,2025-10-17,名古屋,3,C5組,12,3,3,10.2,4,3,塚本征吾,55,ダ,1500,稍
2022100879,ニシノコヌカアメ,2025-10-01,名古屋,7,3歳2組,12,5,5,101.9,7,11,宮下瞳,53,ダ,1500,良
2022100879,ニシノコヌカアメ,2025-09-02,名古屋,9,ホトトギス特別(3歳),12,8,11,18.5,7,10,塚本征吾,55,ダ,1500,良
2022100879,ニシノコヌカアメ,2025-08-19,名古屋,10,くずきり特別(3歳),12,7,9,14.1,5,9,塚本征吾,55,ダ,1700,良
2022100879,ニシノコヌカアメ,2025-07-18,名古屋,4,3歳3組,12,1,1,3.8,2,2,宮下瞳,53,ダ,1500,不
2022100879,ニシノコヌカアメ,2025-07-10,名古屋,8,3歳3組,11,6,8,4.3,2,3,塚本征吾,55,ダ,1500,良
2022100879,ニシノコヌカアメ,2025-06-13,名古屋,3,3歳5組,10,4,4,17.4,5,1,宮下瞳,53,ダ,1500,稍
2022100879,ニシノコヌカアメ,2025-06-03,名古屋,2,3歳5組,12,7,10,72.8,8,3,宮下瞳,53,ダ,1500,不
2022100879,ニシノコヌカアメ,2025-05-20,名古屋,8,3歳6組,12,6,7,243.6,12,12,今井貴大,55,ダ,1500,稍
2022100879,ニシノコヌカアメ,2025-05-06,名古屋,1,3歳5組,10,3,3,108.2,8,10,細川智史,55,ダ,1500,不
2022100879,ニシノコヌカアメ,2025-04-11,名古屋,1,3歳8組,10,8,9,1.9,1,1,宮下瞳,53,ダ,920,稍
2022100879,ニシノコヌカアメ,2025-03-31,名古屋,2,3歳9組,10,3,3,2.4,1,8,細川智史,54,ダ,1500,稍
2022100879,ニシノコヌカアメ,2025-03-17,名古屋,2,3歳8組,12,6,8,11.1,4,6,細川智史,54,ダ,1500,不
2022100879,ニシノコヌカアメ,2025-02-15,東京,6,3歳未勝利,16,3,5,475.4,16,16,内田博幸,55,芝,1800,良
2022100879,ニシノコヌカアメ,2024-09-07,中山,3,2歳未勝利,12,2,2,106.0,9,12,長浜鴻緒,52,ダ,1800,良
2022100879,ニシノコヌカアメ,2024-08-25,新潟,6,2歳新馬,17,6,11,154.5,15,13,岩田康誠,55,芝,1600,良
2022100881,ウインディポイント,2026-02-11,船橋,7,馬い!唐津レモンと淡(C2),12,3,3,186.5,10,10,山本聡紀,54,ダ,1200,稍
2022100881,ウインディポイント,2026-01-23,船橋,6,C2七 八九 ウ(C2八),12,5,6,145.1,10,11,山本聡紀,54,ダ,1200,良
2022100881,ウインディポイント,2025-12-10,船橋,4,韋駄天走スプリント(C2),9,5,5,73.0,6,6,岡村健司,54,ダ,1200,良
2022100881,ウインディポイント,2025-11-06,船橋,7,馬い!八丈島西浜レモ(C2八),12,5,6,39.9,7,6,岡村健司,54,ダ,1200,稍
2022100881,ウインディポイント,2025-09-30,船橋,2,3歳三,12,4,4,48.3,11,9,岡村健司,54,ダ,1200,良
2022100881,ウインディポイント,2025-08-28,船橋,5,3歳四,10,1,1,26.7,7,6,岡村健司,54,ダ,1200,良
2022100881,ウインディポイント,2025-07-29,船橋,2,3歳四,12,6,8,5.5,3,8,岡村健司,54,ダ,1200,良
2022100881,ウインディポイント,2025-07-05,船橋,1,3歳八,8,5,5,1.2,1,1,岡村健司,54,ダ,1200,良
2022100888,テルケンレントラー,2026-08-24,名古屋,9,B10組,11,8,12,1.7,1,6,大畑雅章,57,ダ,1500,良
2022100888,テルケンレントラー,2026-07-22,大井,5,アメリカンピーナッツ(C2七),11,8,10,33.7,5,4,新原周馬,56,ダ,1600,良
2022100888,テルケンレントラー,2026-07-03,大井,6,C2三 四五(C2四),9,5,5,6.5,4,4,新原周馬,56,ダ,1600,不
2022100888,テルケンレントラー,2026-03-13,大井,5,C2三 四五(C2四),14,7,12,81.9,8,7,安藤洋一,56,ダ,1400,良
2022100888,テルケンレントラー,2026-02-20,大井,8,C2二 三四(C2三),13,6,8,96.2,13,6,服部茂史,56,ダ,1400,良
2022100888,テルケンレントラー,2026-01-30,大井,6,C2三 四五(C2四),14,3,4,34.4,8,10,服部茂史,56,ダ,1400,良
2022100888,テルケンレントラー,2026-01-16,大井,4,呑川賞(C2四),14,8,13,34.0,7,8,安藤洋一,56,ダ,1600,良
2022100888,テルケンレントラー,2025-12-31,大井,5,C2四 五六(C2五),14,3,4,48.3,6,9,安藤洋一,56,ダ,1400,稍
2022100888,テルケンレントラー,2025-12-05,大井,10,しながわシティラン賞(C2三),15,3,4,27.2,6,9,安藤洋一,56,ダ,1400,良
2022100888,テルケンレントラー,2025-11-14,大井,8,ギムレット賞(C2五),14,4,5,13.3,5,9,安藤洋一,56,ダ,1200,稍
2022100888,テルケンレントラー,2025-07-04,大井,6,3歳一 二三(3歳二),9,1,1,37.9,6,6,藤本現暉,56,ダ,1400,良
2022100888,テルケンレントラー,2025-06-12,大井,4,3歳三 四,12,7,10,7.0,3,3,藤本現暉,56,ダ,1200,重
2022100888,テルケンレントラー,2025-05-22,大井,4,3歳四 五六(3歳五),14,4,6,40.8,7,5,藤本現暉,56,ダ,1400,良
2022100888,テルケンレントラー,2025-05-01,大井,3,3歳四 五六(3歳五),12,6,8,5.1,3,10,和田譲治,56,ダ,1600,稍
2022100888,テルケンレントラー,2025-04-18,大井,1,3歳四 五,14,3,3,12.6,4,3,安藤洋一,56,ダ,1600,良
2022100888,テルケンレントラー,2025-03-25,大井,4,3歳九 十11(3歳十),12,6,7,10.0,4,1,和田譲治,56,ダ,1400,稍
2022100888,テルケンレントラー,2024-12-25,大井,2,2歳11 12,12,5,5,14.9,5,3,藤本現暉,55,ダ,1200,良
2022100888,テルケンレントラー,2024-12-01,大井,2,2歳九 十,14,4,5,6.9,3,5,藤本現暉,55,ダ,1200,良
2022100888,テルケンレントラー,2024-11-07,大井,5,2歳五 六,14,7,11,45.7,7,7,藤本現暉,55,ダ,1200,稍
2022100888,テルケンレントラー,2024-10-17,大井,6,2歳 新馬,10,3,3,22.2,7,8,藤本現暉,55,ダ,1200,良
2022100900,リヒターテソーロ,2026-07-02,門別,8,3歳以上C4ー2,11,7,8,3.6,2,中,井上瑛太,55,ダ,1000,良
2022100900,リヒターテソーロ,2025-07-15,大井,4,3歳七 八,12,6,7,3.4,2,12,矢野貴之,54,ダ,1200,重
2022100900,リヒターテソーロ,2025-07-01,大井,1,3歳 選抜牝馬,10,3,3,1.3,1,1,矢野貴之,54,ダ,1200,良
2022100962,クイーンズデイ,2026-04-25,福島,10,医王寺特別(2勝クラス),16,3,6,13.1,5,4,国分恭介,56,芝,1200,良
2022100962,クイーンズデイ,2026-04-04,阪神,8,4歳以上2勝クラス,9,6,6,7.2,4,4,国分恭介,56,芝,1200,稍
2022100962,クイーンズデイ,2026-03-14,阪神,9,讃岐特別(2勝クラス),15,8,15,9.3,6,5,国分恭介,56,芝,1200,良
2022100962,クイーンズデイ,2026-01-04,京都,12,4歳以上2勝クラス,12,8,11,12.1,6,5,国分恭介,55,芝,1400,良
2022100962,クイーンズデイ,2025-12-13,中京,12,3歳以上1勝クラス,18,4,7,14.0,9,1,国分恭介,55,芝,1200,良
2022100962,クイーンズデイ,2025-11-15,福島,12,3歳以上1勝クラス,16,2,3,9.9,6,3,国分恭介,55,芝,1200,良
2022100962,クイーンズデイ,2025-08-30,札幌,12,3歳以上1勝クラス,15,4,8,27.0,9,8,池添謙一,54,芝,1200,稍
2022100962,クイーンズデイ,2025-08-09,札幌,12,厚岸特別(1勝クラス),11,6,6,39.9,8,9,池添謙一,53,芝,1500,良
2022100962,クイーンズデイ,2025-07-19,函館,7,3歳以上1勝クラス,16,8,16,16.5,7,11,池添謙一,53,芝,1200,良
2022100962,クイーンズデイ,2025-05-10,京都,3,3歳未勝利,18,7,15,41.2,9,1,池添謙一,55,芝,1400,稍
2022100962,クイーンズデイ,2025-03-30,中京,2,3歳未勝利,15,6,11,42.8,8,8,菱田裕二,55,ダ,1200,稍
2022100962,クイーンズデイ,2025-03-16,阪神,1,3歳未勝利,16,3,6,29.6,7,9,菱田裕二,55,ダ,1200,稍
2022100962,クイーンズデイ,2025-02-15,京都,3,3歳未勝利,16,2,4,40.9,9,8,田口貫太,54,ダ,1400,良
2022100962,クイーンズデイ,2024-12-15,中京,4,2歳未勝利,16,3,6,121.9,13,7,柴田裕一,52,芝,1600,良
2022100962,クイーンズデイ,2024-11-17,京都,3,2歳未勝利,14,6,10,329.3,12,6,菱田裕二,55,芝,1600,良
2022100962,クイーンズデイ,2024-10-27,京都,5,2歳新馬,10,2,2,114.7,9,7,田口貫太,54,芝,1600,良
2022101008,オンリーユーズド,2026-08-14,大井,8,C1五 六,16,7,14,61.1,11,8,江里口裕,56,ダ,1200,不
2022101008,オンリーユーズド,2026-07-23,大井,10,大暑特別競走(C1),14,7,11,25.6,7,10,江里口裕,56,ダ,2400,良
2022101008,オンリーユーズド,2026-07-01,大井,9,さそり座特別競走(C1),14,3,3,8.1,3,12,江里口裕,56,ダ,2000,稍
2022101008,オンリーユーズド,2026-06-09,大井,12,芒種特別競走(C1),13,3,3,12.8,5,3,江里口裕,56,ダ,2400,不
2022101008,オンリーユーズド,2026-05-20,大井,9,りょうけん座特別競走(C1),15,5,8,14.2,6,7,江里口裕,56,ダ,2000,良
2022101008,オンリーユーズド,2026-04-29,大井,10,START!賞競走(C1),15,2,3,14.4,5,4,江里口裕,56,ダ,1800,稍
2022101008,オンリーユーズド,2026-04-17,大井,10,北極星特別競走(C1),13,8,13,19.3,5,6,安藤洋一,56,ダ,2000,重
2022101008,オンリーユーズド,2026-03-24,大井,10,おおぐま座特別競走(C2),14,3,3,37.4,12,1,江里口裕,56,ダ,2000,良
2022101008,オンリーユーズド,2026-03-13,大井,5,C2三 四五(C2四),14,6,9,82.2,9,9,江里口裕,56,ダ,1400,良
2022101008,オンリーユーズド,2026-02-20,大井,8,C2二 三四(C2三),13,5,6,86.7,12,5,江里口裕,56,ダ,1400,良
2022101008,オンリーユーズド,2026-01-30,大井,5,C2三 四五(C2四),13,8,12,156.9,9,10,江里口裕,56,ダ,1600,良
2022101008,オンリーユーズド,2026-01-16,大井,4,呑川賞(C2四),14,5,8,61.5,10,7,江里口裕,56,ダ,1600,良
2022101008,オンリーユーズド,2025-12-31,大井,4,C2四 五六(C2五),11,2,2,146.7,11,6,江里口裕,56,ダ,1600,稍
2022101008,オンリーユーズド,2025-12-05,大井,8,子どもの未来応援賞(C2三),13,4,6,106.5,10,6,江里口裕,56,ダ,1600,良
2022101008,オンリーユーズド,2025-11-14,大井,6,C2四 五六(C2五),14,1,1,106.0,12,9,江里口裕,56,ダ,1600,稍
2022101008,オンリーユーズド,2025-10-24,大井,6,C2一 二三(C2二),10,1,1,133.7,9,5,江里口裕,56,ダ,1600,重
2022101008,オンリーユーズド,2025-10-10,大井,5,C2三 四五(C2四),9,3,3,47.3,7,8,江里口裕,56,ダ,1400,良
2022101008,オンリーユーズド,2025-09-19,大井,2,3歳一 二三(3歳二),13,6,9,32.6,6,8,江里口裕,56,ダ,1400,不
2022101008,オンリーユーズド,2025-05-23,大井,10,菖蒲特別競走(3歳二),14,6,10,58.6,10,12,今野忠成,56,ダ,1400,良
2022101008,オンリーユーズド,2025-05-01,大井,3,3歳四 五六(3歳五),12,2,2,3.1,1,3,今野忠成,56,ダ,1600,稍
2022101008,オンリーユーズド,2025-04-18,大井,1,3歳四 五,14,8,13,12.1,3,2,今野忠成,56,ダ,1600,良
2022101008,オンリーユーズド,2025-03-26,大井,11,京浜盃競走(JpnII),14,4,5,723.0,13,13,江里口裕,56,ダ,1700,良
2022101008,オンリーユーズド,2025-03-13,大井,5,3歳六 七八(3歳七),14,3,3,21.5,6,3,江里口裕,56,ダ,1400,不
2022101008,オンリーユーズド,2025-02-19,大井,11,雲取賞競走(JpnIII),12,8,11,792.1,12,12,江里口裕,56,ダ,1800,良
2022101008,オンリーユーズド,2025-01-31,大井,2,3歳四 五,14,3,4,173.3,11,10,阿部龍,56,ダ,1600,良
2022101008,オンリーユーズド,2025-01-17,大井,1,3歳四 五,9,8,9,35.1,8,5,阿部龍,56,ダ,1600,良
2022101008,オンリーユーズド,2024-12-29,大井,4,2歳三 四,12,5,7,,,取,阿部龍,55,ダ,1200,良
2022101008,オンリーユーズド,2024-12-03,大井,1,2歳五 六,10,2,2,6.9,4,2,Ｒ．クア,55,ダ,1400,良
2022101008,オンリーユーズド,2024-11-08,大井,3,2歳三 四,14,1,1,204.1,13,4,Ｒ．クア,55,ダ,1400,良
2022101008,オンリーユーズド,2024-06-25,大井,3,2歳二,6,3,3,4.0,2,5,藤田凌,54,ダ,1200,重
2022101008,オンリーユーズド,2024-06-04,大井,3,2歳二,6,5,5,6.2,3,3,藤田凌,54,ダ,1200,不
2022101008,オンリーユーズド,2024-05-13,大井,5,2歳 新馬,8,1,1,41.4,7,6,藤田凌,54,ダ,1200,不
2022101068,オリージネアリア,2026-08-31,大井,11,サファイア賞競走(B1B2),14,8,13,19.2,8,10,笹川翼,53,ダ,1400,良
2022101068,オリージネアリア,2026-08-07,浦和,11,葉月特別(B1B2),9,7,7,3.3,1,8,笹川翼,53,ダ,1400,良
2022101068,オリージネアリア,2026-06-29,大井,10,B2四,11,5,5,4.8,2,4,矢野貴之,54,ダ,1400,不
2022101068,オリージネアリア,2026-05-22,大井,12,錦華坂賞競走(B3),15,2,3,1.6,1,1,笹川翼,54,ダ,1400,不
2022101068,オリージネアリア,2026-04-14,大井,10,山王坂賞競走(B3),9,5,5,1.2,1,1,笹川翼,54,ダ,1400,良
2022101068,オリージネアリア,2026-03-25,大井,12,播磨坂賞競走(B3),13,2,2,6.5,3,2,笹川翼,54,ダ,1400,稍
2022101068,オリージネアリア,2025-11-24,福島,2,3歳以上1勝クラス,15,1,1,8.8,4,13,鮫島克駿,54,ダ,1700,良
2022101068,オリージネアリア,2025-11-08,京都,7,3歳以上1勝クラス,16,7,13,22.5,5,5,鮫島克駿,55,ダ,1400,良
2022101068,オリージネアリア,2025-06-01,京都,6,3歳1勝クラス,14,6,9,19.5,9,14,藤岡佑介,55,ダ,1400,良
2022101068,オリージネアリア,2025-03-09,阪神,4,3歳1勝クラス,16,8,15,10.7,5,7,川又賢治,55,ダ,1400,良
2022101068,オリージネアリア,2025-02-02,京都,4,3歳1勝クラス,7,7,7,15.7,6,4,田口貫太,54,ダ,1400,稍
2022101068,オリージネアリア,2024-12-22,京都,1,2歳未勝利,16,6,12,6.3,3,1,Ｍ．デム,55,ダ,1400,良
2022101068,オリージネアリア,2024-12-01,京都,2,2歳未勝利,10,7,8,12.5,4,4,田口貫太,54,芝,1600,良
2022101068,オリージネアリア,2024-11-02,京都,6,2歳新馬,14,5,8,41.0,12,3,田口貫太,54,芝,1600,重
2022101084,コスモフィネス,2026-08-27,笠松,12,入道雲特別(C),8,7,7,7.6,4,3,深澤杏花,53,ダ,1580,不
2022101084,コスモフィネス,2026-08-14,笠松,5,尾丸ポルカ活動6周年(C),8,4,4,2.9,2,1,深澤杏花,53,ダ,1580,良
2022101084,コスモフィネス,2026-07-20,笠松,9,C12組,6,4,4,7.6,4,2,深澤杏花,53,ダ,1580,良
2022101084,コスモフィネス,2026-07-10,笠松,8,見田村千晴さん笠馬X(C),12,5,6,14.8,4,9,明星晴大,55,ダ,1400,良
2022101084,コスモフィネス,2026-06-26,笠松,7,めろんぱん誕生日記念(C),10,8,10,16.7,5,5,深澤杏花,53,ダ,1580,不
2022101084,コスモフィネス,2026-06-12,笠松,8,C3組,10,2,2,35.9,8,8,深澤杏花,53,ダ,1400,良
2022101084,コスモフィネス,2026-05-29,笠松,7,C4組,11,8,10,27.1,8,8,深澤杏花,53,ダ,1400,良
2022101084,コスモフィネス,2026-05-15,笠松,8,C5組,9,2,2,16.5,6,9,深澤杏花,53,ダ,1400,良
2022101084,コスモフィネス,2026-04-03,笠松,8,C5組,9,3,3,12.6,4,4,深澤杏花,53,ダ,1400,良
2022101084,コスモフィネス,2026-03-19,笠松,11,C級サバイバル,10,3,3,4.2,3,2,深澤杏花,53,ダ,1400,稍
2022101084,コスモフィネス,2026-03-05,笠松,2,第20回ナコ生誕記念(C),8,5,5,29.4,4,4,深澤杏花,53,ダ,1400,良
2022101084,コスモフィネス,2026-02-20,笠松,8,C5組,8,8,8,11.3,4,8,深澤杏花,53,ダ,1600,良
2022101084,コスモフィネス,2026-02-06,笠松,7,真奈&amp;隼土WEDDI(C),8,1,1,26.9,7,6,深澤杏花,53,ダ,1400,良
2022101084,コスモフィネス,2026-01-23,笠松,8,B8・C3組(BC),8,6,6,47.3,7,8,深澤杏花,53,ダ,1400,良
2022101084,コスモフィネス,2025-12-03,笠松,9,Honey☆Rush(C),8,1,1,27.2,6,8,深澤杏花,53,ダ,1400,良
2022101084,コスモフィネス,2025-11-19,笠松,9,楓葉賞(C),9,7,7,6.0,3,4,深澤杏花,53,ダ,1600,良
2022101084,コスモフィネス,2025-11-06,笠松,6,C5組,9,8,9,3.8,2,2,深澤杏花,53,ダ,1400,良
2022101084,コスモフィネス,2025-10-24,笠松,7,にしの日仁志乃記念(C),8,3,3,24.5,6,5,深澤杏花,53,ダ,1400,良
2022101084,コスモフィネス,2025-10-09,笠松,4,C5組,7,6,6,2.4,1,2,深澤杏花,53,ダ,1400,良
2022101084,コスモフィネス,2025-09-25,笠松,7,秋彼岸賞(3歳),9,5,5,49.6,8,1,深澤杏花,53,ダ,1600,良
2022101084,コスモフィネス,2025-09-10,笠松,8,細久手宿特別(3歳),9,2,2,,,取,深澤杏花,53,ダ,1400,良
2022101084,コスモフィネス,2025-08-27,笠松,8,3歳3組,9,8,8,6.4,2,8,高木健,55,ダ,1400,良
2022101084,コスモフィネス,2025-08-11,笠松,9,蛍光賞(3歳),9,2,2,30.2,5,5,深澤杏花,53,ダ,1400,不
2022101084,コスモフィネス,2025-06-12,笠松,9,飛騨川賞(3歳),10,7,8,11.4,5,9,深澤杏花,53,ダ,1600,稍
2022101084,コスモフィネス,2025-06-02,笠松,9,鵜鮎賞(3歳),12,2,2,88.3,8,12,深澤杏花,53,ダ,1400,良
2022101084,コスモフィネス,2025-05-13,笠松,8,美江寺宿特別(3歳),8,2,2,22.2,5,8,深澤杏花,53,ダ,1400,良
2022101084,コスモフィネス,2025-04-30,笠松,2,3歳3組,8,8,8,5.4,2,1,深澤杏花,53,ダ,1400,良
2022101084,コスモフィネス,2025-04-16,笠松,7,3歳3組,8,3,3,3.8,3,4,深澤杏花,53,ダ,1400,稍
2022101084,コスモフィネス,2025-04-02,笠松,1,3歳6組,8,8,8,2.8,2,1,深澤杏花,53,ダ,1400,良
2022101084,コスモフィネス,2025-03-21,笠松,1,3歳7組,8,4,4,4.7,2,2,深澤杏花,52,ダ,1400,良
2022101084,コスモフィネス,2025-03-05,笠松,1,3歳6組,8,3,3,13.0,5,3,東川慎,54,ダ,1400,不
2022101084,コスモフィネス,2025-01-26,中山,2,3歳未勝利,16,1,2,217.8,15,16,原優介,54,ダ,1800,良
2022101084,コスモフィネス,2024-10-27,新潟,1,2歳未勝利,18,5,9,349.7,18,16,斎藤新,55,芝,1800,良
2022101084,コスモフィネス,2024-07-20,福島,2,2歳未勝利,16,8,16,314.5,16,10,野中悠太,55,芝,1800,良
2022101084,コスモフィネス,2024-07-06,福島,5,2歳新馬,14,6,10,58.6,13,13,野中悠太,55,芝,1800,良
2022101090,カシマスウィープ,2026-03-12,名古屋,11,若草賞土古記念(重賞),12,7,9,42.9,7,9,村上弘樹,55,ダ,1500,良
2022101090,カシマスウィープ,2026-02-19,笠松,11,ブルーリボンマイル(重賞),10,4,4,26.2,6,6,加藤聡一,55,ダ,1600,良
2022101090,カシマスウィープ,2026-01-26,名古屋,11,百花の魁特別(A),10,3,3,1.5,1,1,望月洵輝,55,ダ,2000,良
2022101090,カシマスウィープ,2026-01-03,名古屋,11,尾張名古屋杯(C),12,6,8,2.5,1,1,望月洵輝,55,ダ,1500,稍
2022101090,カシマスウィープ,2025-12-17,笠松,4,細貝優太新天地でも頑(C),9,1,1,1.7,1,1,望月洵輝,55,ダ,1600,稍
2022101090,カシマスウィープ,2025-11-26,名古屋,3,C6組,12,4,4,1.5,1,2,望月洵輝,55,ダ,1500,良
2022101090,カシマスウィープ,2025-10-30,名古屋,2,C13組,12,5,5,1.6,1,1,望月洵輝,55,ダ,1500,良
2022101090,カシマスウィープ,2025-09-30,名古屋,5,3歳10組,11,7,9,1.6,1,1,望月洵輝,55,ダ,1500,良
2022101090,カシマスウィープ,2025-09-16,名古屋,4,3歳12組,12,5,5,4.1,2,2,望月洵輝,55,ダ,1500,良
2022101090,カシマスウィープ,2025-09-05,名古屋,3,3歳15組,11,7,9,2.9,1,2,望月洵輝,55,ダ,1400,不
2022101090,カシマスウィープ,2025-07-26,札幌,3,3歳未勝利,14,5,8,218.4,13,14,松岡正海,55,ダ,1700,良
2022101090,カシマスウィープ,2025-07-13,函館,2,3歳未勝利,13,7,12,63.1,9,10,松岡正海,55,ダ,1700,良
2022101090,カシマスウィープ,2025-06-22,函館,2,3歳未勝利,14,4,6,293.6,14,8,松岡正海,55,ダ,1700,重
2022101090,カシマスウィープ,2025-03-30,中山,1,3歳未勝利,15,8,15,142.6,11,9,江田照男,55,ダ,1800,稍
2022101090,カシマスウィープ,2025-03-02,中山,2,3歳未勝利,16,5,10,177.1,13,14,遠藤汰月,52,ダ,1800,良
2022101090,カシマスウィープ,2025-01-13,中山,3,3歳未勝利,16,7,14,236.5,14,9,原田和真,55,ダ,1800,良
2022101090,カシマスウィープ,2024-12-21,中山,2,2歳未勝利,16,6,11,121.2,11,11,原田和真,55,ダ,1800,良
2022101090,カシマスウィープ,2024-12-07,中山,6,2歳新馬,12,5,6,97.7,11,6,原田和真,55,ダ,1800,良
2022101098,ヴィルミーキスミー,2026-08-12,大井,10,トゥインクルバースデ(B3),14,5,7,58.1,10,4,達城龍次,54,ダ,1600,不
2022101098,ヴィルミーキスミー,2026-05-13,川崎,10,新緑特別(B3二),13,8,13,9.1,4,10,吉原寛人,54,ダ,1500,良
2022101098,ヴィルミーキスミー,2026-04-10,川崎,12,ファイナルアンサー賞(B3),11,3,3,2.9,1,1,矢野貴之,54,ダ,1500,不
2022101098,ヴィルミーキスミー,2026-03-17,浦和,10,桜草特別(B3),12,5,6,11.9,3,7,福原杏,54,ダ,1500,良
2022101098,ヴィルミーキスミー,2026-03-05,川崎,12,大和撫子特別(B3二),11,5,5,8.4,5,5,本田正重,54,ダ,1500,重
2022101098,ヴィルミーキスミー,2026-02-02,川崎,12,大寒特別(B3),13,2,2,4.8,3,4,桑村真明,54,ダ,1400,良
2022101098,ヴィルミーキスミー,2026-01-04,川崎,12,千両賞(C1),14,6,10,23.9,5,2,桑村真明,54,ダ,1500,稍
2022101098,ヴィルミーキスミー,2025-11-06,門別,10,グランシャリオドリー(A4),11,2,2,9.1,5,3,小野楓馬,53,ダ,1200,稍
2022101098,ヴィルミーキスミー,2025-10-09,門別,12,グランシャリオクイー(重賞),9,4,4,181.3,9,6,金山昇馬,52,ダ,1700,良
2022101098,ヴィルミーキスミー,2025-09-04,名古屋,11,秋桜(重賞),11,7,10,81.4,10,4,金山昇馬,54,ダ,1700,良
2022101098,ヴィルミーキスミー,2025-08-14,門別,11,北海道スプリントカッ(JpnIII),8,6,6,410.2,8,7,金山昇馬,54,ダ,1200,良
2022101098,ヴィルミーキスミー,2025-07-17,門別,12,ノースクイーンC(重賞),7,2,2,90.7,5,4,桑村真明,54,ダ,1800,稍
2022101098,ヴィルミーキスミー,2025-06-26,門別,12,フロイラインカップ〔(重賞),10,3,3,53.6,7,6,井上俊彦,55,ダ,1700,稍
2022101098,ヴィルミーキスミー,2025-05-15,門別,12,フロイラインスプリン(重賞),10,2,2,69.3,7,3,井上俊彦,55,ダ,1200,良
2022101098,ヴィルミーキスミー,2025-04-06,水沢,11,ネクストスター北日本(重賞),12,8,12,136.9,8,6,金山昇馬,54,ダ,1400,良
2022101098,ヴィルミーキスミー,2024-12-31,大井,10,東京2歳優駿牝馬競走(重賞),15,4,6,338.9,13,13,金山昇馬,54,ダ,1600,良
2022101098,ヴィルミーキスミー,2024-11-19,笠松,11,ラブミーチャン記念(重賞),10,1,1,102.5,9,4,金山昇馬,54,ダ,1600,良
2022101098,ヴィルミーキスミー,2024-11-03,盛岡,12,プリンセスC(重賞),14,6,10,6.9,3,10,高橋悠里,54,ダ,1400,良
2022101098,ヴィルミーキスミー,2024-09-12,園田,11,園田プリンセスC(重賞),12,8,11,16.9,5,3,小牧太,54,ダ,1400,良
2022101098,ヴィルミーキスミー,2024-08-21,門別,12,フルールカップ〔H3(重賞),10,7,7,68.5,9,5,石川倭,55,ダ,1200,稍
2022101098,ヴィルミーキスミー,2024-07-25,門別,3,JRA認定競走アタッ(2歳),9,3,3,38.9,8,1,井上俊彦,55,ダ,1000,良
2022101098,ヴィルミーキスミー,2024-07-10,門別,2,2歳未勝利,10,6,6,4.6,2,1,桑村真明,55,ダ,1000,稍
2022101098,ヴィルミーキスミー,2024-06-19,門別,4,JRA認定競走アタッ(2歳),10,6,6,16.2,6,6,桑村真明,55,ダ,1200,良
2022101098,ヴィルミーキスミー,2024-06-05,門別,3,JRA認定競走アタッ(2歳),12,6,7,15.6,5,3,桑村真明,55,ダ,1000,良
2022101098,ヴィルミーキスミー,2024-05-23,門別,5,JRA認定競走フレッ(2歳),10,8,10,15.7,5,4,桑村真明,55,ダ,1100,良
2022101126,ルクスコスモス,2026-07-25,中京,9,3歳以上1勝クラス,16,3,6,9.3,5,12,松山弘平,56,ダ,1400,良
2022101126,ルクスコスモス,2026-05-09,京都,8,4歳以上1勝クラス,16,8,15,4.8,3,8,鮫島克駿,56,ダ,1400,良
2022101126,ルクスコスモス,2026-03-28,阪神,7,4歳以上1勝クラス,12,4,4,10.5,3,2,武豊,56,ダ,1400,良
2022101126,ルクスコスモス,2026-03-14,中京,8,4歳以上1勝クラス,16,8,16,10.0,6,5,鮫島克駿,56,ダ,1200,良
2022101126,ルクスコスモス,2026-02-01,京都,8,4歳以上1勝クラス,11,7,8,19.2,7,5,斎藤新,55,ダ,1400,良
2022101126,ルクスコスモス,2025-11-12,大井,9,ひいらぎ特別競走(C1),11,6,6,3.0,1,2,和田譲治,54,ダ,1400,稍
2022101126,ルクスコスモス,2025-10-24,大井,7,上野の山で芸術満喫台(C2二),12,7,9,1.4,1,1,和田譲治,54,ダ,1400,重
2022101126,ルクスコスモス,2025-10-08,大井,8,シャーリー・テンプル(C2九),10,4,4,1.5,1,1,和田譲治,54,ダ,1400,良
2022101126,ルクスコスモス,2025-08-23,中京,7,3歳未勝利,16,5,9,10.0,5,8,角田大和,55,ダ,1200,良
2022101126,ルクスコスモス,2025-08-09,中京,5,3歳未勝利,16,3,5,6.3,4,4,角田大和,55,ダ,1200,良
2022101126,ルクスコスモス,2025-06-07,阪神,1,3歳未勝利,15,2,2,8.0,2,7,高杉吏麒,54,ダ,1400,良
2022101126,ルクスコスモス,2025-03-23,中京,3,3歳未勝利,16,2,3,8.8,3,2,角田大和,55,ダ,1400,良
2022101126,ルクスコスモス,2025-03-08,阪神,1,3歳未勝利,16,5,9,75.2,13,5,角田大和,55,ダ,1400,良
2022101208,ヨシノリラ,2026-04-30,大井,6,C2五 六,14,4,6,13.1,6,6,中村尚平,54,ダ,1200,稍
2022101208,ヨシノリラ,2026-04-16,大井,6,C2七 八九(C2八),14,8,14,53.3,10,3,中村尚平,54,ダ,1200,不
2022101208,ヨシノリラ,2026-03-25,大井,6,C2七 八九(C2八),14,7,12,65.2,11,5,岡村健司,54,ダ,1200,良
2022101208,ヨシノリラ,2026-02-18,大井,6,C2八 九,16,5,9,498.2,15,7,岡村健司,54,ダ,1200,稍
2022101208,ヨシノリラ,2026-01-28,大井,7,C2八 九十(C2九),13,8,13,323.3,12,8,服部茂史,54,ダ,1200,良
2022101208,ヨシノリラ,2026-01-15,大井,5,C2八 九,15,6,11,350.4,14,9,服部茂史,54,ダ,1200,良
2022101208,ヨシノリラ,2025-12-29,大井,6,C2九 十11(C2十),14,4,6,46.0,8,13,高橋優,54,ダ,1200,重
2022101208,ヨシノリラ,2025-07-04,大井,4,3歳四 五,12,6,7,54.0,8,10,中村尚平,54,ダ,1200,良
2022101208,ヨシノリラ,2025-06-11,大井,3,3歳五 六七(3歳六),13,1,1,32.8,6,5,中村尚平,54,ダ,1200,重
2022101208,ヨシノリラ,2025-05-20,大井,3,3歳12 13,11,7,8,16.2,4,1,中村尚平,54,ダ,1200,稍
2022101208,ヨシノリラ,2025-04-28,大井,4,3歳15 16,9,5,5,6.5,3,3,中村尚平,54,ダ,1200,稍
2022101208,ヨシノリラ,2024-08-14,門別,1,2歳未勝利,12,8,12,8.6,2,10,黒澤愛斗,55,ダ,1000,重
2022101208,ヨシノリラ,2024-06-26,門別,1,2歳未勝利,7,3,3,11.7,3,2,黒澤愛斗,55,ダ,1100,稍
2022101208,ヨシノリラ,2024-06-11,門別,1,2歳未勝利,9,7,7,24.8,3,4,黒澤愛斗,55,ダ,1100,稍
2022101208,ヨシノリラ,2024-05-28,門別,5,JRA認定競走フレッ(2歳),7,1,1,53.9,7,4,黒澤愛斗,55,ダ,1100,良
2022101221,シャンデリアソング,2026-08-16,大井,8,へびつかい座特別競走(C1三),13,4,5,19.1,3,2,岡村健司,54,ダ,1200,重
2022101221,シャンデリアソング,2026-05-18,大井,12,クレマチス特別競走(C1),14,3,4,4.8,1,2,杉山海波,51,ダ,1200,良
2022101221,シャンデリアソング,2026-04-14,大井,9,デネボラ特別競走(C1),10,8,10,2.7,2,3,岡村健司,54,ダ,1400,良
2022101221,シャンデリアソング,2026-03-26,大井,10,C1六 七,14,6,10,7.0,4,2,岡村健司,54,ダ,1200,不
2022101221,シャンデリアソング,2026-03-11,大井,9,C1六 七八(C1七),11,4,4,4.7,3,5,達城龍次,54,ダ,1400,良
2022101221,シャンデリアソング,2026-01-27,大井,10,冬牡丹特別競走(C2),15,1,2,6.7,3,1,桑村真明,54,ダ,1200,良
2022101221,シャンデリアソング,2025-12-26,大井,4,C212 1314(C213),14,3,3,12.2,4,1,桑村真明,54,ダ,1400,重
2022101221,シャンデリアソング,2025-11-05,笠松,7,C16組,11,7,10,10.2,4,1,丸野勝虎,55,ダ,1400,良
2022101221,シャンデリアソング,2025-10-22,笠松,11,とかげ座特別(C),8,2,2,19.7,5,6,丸野勝虎,55,ダ,1600,良
2022101221,シャンデリアソング,2025-10-07,笠松,6,C23組,9,8,8,32.3,5,1,丸野勝虎,55,ダ,1400,良
2022101221,シャンデリアソング,2025-09-25,笠松,8,笠松オーナーズC(OP)(3歳),11,6,6,159.0,9,7,丸野勝虎,55,ダ,1400,良
2022101221,シャンデリアソング,2025-04-03,笠松,7,3歳3組,9,2,2,27.7,6,9,大畑雅章,55,ダ,1400,良
2022101221,シャンデリアソング,2025-03-06,笠松,8,河渡宿特別(3歳),8,4,4,69.7,6,6,丸野勝虎,54,ダ,1400,稍
2022101221,シャンデリアソング,2025-02-04,笠松,11,金華特別(3歳),9,7,7,8.7,5,5,大畑雅章,54,ダ,1400,良
2022101221,シャンデリアソング,2025-01-22,笠松,10,綿帽子特別(3歳),9,5,5,36.0,7,4,黒澤愛斗,54,ダ,1400,良
2022101221,シャンデリアソング,2025-01-09,笠松,9,笠松若駒杯(OP)(3歳),12,5,6,96.9,8,6,黒澤愛斗,54,ダ,1400,良
2022101221,シャンデリアソング,2024-11-19,笠松,11,ラブミーチャン記念(重賞),10,4,4,53.0,7,10,丸野勝虎,54,ダ,1600,良
2022101221,シャンデリアソング,2024-10-24,笠松,9,こうま座特別(2歳),8,6,6,2.1,1,2,丸野勝虎,54,ダ,1400,良
2022101221,シャンデリアソング,2024-08-01,笠松,4,2歳新馬,5,1,1,3.4,2,1,丸野勝虎,54,ダ,800,良
2022101258,ショウナンカチドキ,2026-09-01,大井,11,貴船坂賞競走(B3),15,5,9,1.5,1,1,本田正重,56,ダ,1200,良
2022101258,ショウナンカチドキ,2026-07-01,大井,12,タイタン賞(C1四),15,7,12,3.1,2,1,本田正重,56,ダ,1200,稍
2022101258,ショウナンカチドキ,2026-04-15,大井,10,C1六 七,14,2,2,9.3,3,1,石川倭,56,ダ,1200,良
2022101258,ショウナンカチドキ,2026-01-29,大井,10,C1六 七,15,4,6,10.9,4,11,野畑凌,56,ダ,1200,良
2022101258,ショウナンカチドキ,2026-01-15,大井,10,C1五 六,12,6,8,2.8,1,9,本田正重,56,ダ,1200,良
2022101258,ショウナンカチドキ,2025-01-06,中山,1,3歳未勝利,16,7,13,2.6,1,5,戸崎圭太,57,ダ,1200,良
2022101258,ショウナンカチドキ,2024-12-15,中山,1,2歳未勝利,16,7,14,1.4,1,2,戸崎圭太,56,ダ,1200,良
2022101258,ショウナンカチドキ,2024-11-24,東京,1,2歳未勝利,16,5,10,7.3,4,3,柴田善臣,56,ダ,1400,良
2022101258,ショウナンカチドキ,2024-11-09,東京,4,2歳未勝利,16,8,16,46.7,9,2,柴田善臣,56,ダ,1600,良
2022101258,ショウナンカチドキ,2024-10-19,東京,1,2歳未勝利,15,7,13,62.1,10,4,柴田善臣,56,ダ,1400,良
2022101258,ショウナンカチドキ,2024-09-29,中山,5,2歳新馬,17,7,14,110.4,13,15,佐々木大,55,芝,2000,良
2022101313,ティーズリンク,2026-07-24,大井,10,C1二 三四(C1三),14,3,4,171.0,13,11,佐野遥久,54,ダ,1400,良
2022101313,ティーズリンク,2026-07-01,大井,8,カイピリーニャ賞(C1四),14,8,14,36.9,8,8,佐野遥久,54,ダ,1400,稍
2022101313,ティーズリンク,2026-06-12,大井,12,てんびん座特別競走(C1四),14,7,12,6.3,4,11,佐野遥久,54,ダ,1400,稍
2022101313,ティーズリンク,2026-05-19,大井,7,C1五 六七(C1六),10,2,2,7.3,5,1,佐野遥久,54,ダ,1400,良
2022101313,ティーズリンク,2026-04-28,大井,9,カーネーション特別競(C2),10,7,8,13.3,5,1,佐野遥久,54,ダ,1400,不
2022101313,ティーズリンク,2026-04-17,大井,8,バンブー賞(C2五),14,6,9,27.5,9,5,佐野遥久,54,ダ,1400,重
2022101313,ティーズリンク,2026-03-27,大井,5,C2四 五六(C2五),14,1,1,40.9,8,4,中山遥人,53,ダ,1400,重
2022101313,ティーズリンク,2026-03-13,大井,3,C2 選抜牝馬,12,6,7,17.5,8,6,中山遥人,53,ダ,1400,良
2022101313,ティーズリンク,2026-02-20,大井,8,C2二 三四(C2三),13,6,9,30.1,7,12,鷹見陸,54,ダ,1400,良
2022101313,ティーズリンク,2026-01-16,大井,5,C2三 四五(C2四),12,1,1,162.5,10,3,佐野遥久,53,ダ,1400,良
2022101313,ティーズリンク,2025-12-30,大井,5,C2七 八,13,6,9,72.0,8,8,中山遥人,52,ダ,1600,稍
2022101313,ティーズリンク,2025-12-04,大井,6,C2五 六,16,6,11,71.6,10,9,桑村真明,54,ダ,1200,良
2022101313,ティーズリンク,2025-10-27,浦和,6,C2三 四,12,8,11,15.3,5,5,高橋哲也,54,ダ,1400,重
2022101313,ティーズリンク,2025-10-14,川崎,4,弓弦賞(C23歳),9,7,7,69.5,8,5,高橋哲也,54,ダ,1500,良
2022101313,ティーズリンク,2025-09-24,浦和,9,秋うらら特別(3歳),13,4,5,45.0,9,5,高橋哲也,54,ダ,1400,良
2022101313,ティーズリンク,2025-08-18,浦和,6,ティータイムレディー(3歳),12,8,12,31.0,8,5,高橋哲也,54,ダ,1400,良
2022101313,ティーズリンク,2025-07-24,浦和,9,ツインベスト特別(3歳),12,8,12,158.1,12,9,高橋哲也,54,ダ,1400,良
2022101313,ティーズリンク,2025-06-23,浦和,8,3歳三,11,6,6,4.9,2,6,福原杏,54,ダ,1500,良
2022101313,ティーズリンク,2025-05-26,浦和,2,ランチタイムチャレン(3歳),12,8,11,13.9,5,10,高橋哲也,54,ダ,1400,稍
2022101313,ティーズリンク,2025-01-08,浦和,6,若水特別(3歳),12,4,4,39.3,7,9,福原杏,54,ダ,1400,重
2022101313,ティーズリンク,2024-12-24,浦和,4,2歳二,9,1,1,5.7,2,2,福原杏,54,ダ,1400,良
2022101313,ティーズリンク,2024-10-31,門別,5,2歳3組,10,7,8,1.7,1,3,小野楓馬,55,ダ,1200,良
2022101313,ティーズリンク,2024-10-09,門別,8,JRA認定競走ウィナ(2歳),12,1,1,30.1,8,2,小野楓馬,55,ダ,1200,稍
2022101313,ティーズリンク,2024-09-18,門別,7,2歳3組,6,2,2,13.4,4,2,小野楓馬,55,ダ,1200,稍
2022101313,ティーズリンク,2024-08-28,門別,1,2歳牝馬未勝利,12,6,8,1.6,1,1,小野楓馬,55,ダ,1000,不
2022101313,ティーズリンク,2024-08-06,門別,5,新ひだか町静内地酒・(2歳),8,6,6,2.0,1,2,小野楓馬,55,ダ,1100,稍
2022101313,ティーズリンク,2024-07-16,門別,3,2歳牝馬未勝利,11,8,12,3.6,2,4,阿部龍,55,ダ,1100,良
2022101313,ティーズリンク,2024-06-25,門別,5,2歳牝馬未勝利,12,1,1,3.7,3,3,小野楓馬,55,ダ,1000,稍
2022101313,ティーズリンク,2024-06-05,門別,3,JRA認定競走アタッ(2歳),12,2,2,5.5,3,2,小野楓馬,55,ダ,1000,良
2022101313,ティーズリンク,2024-05-09,門別,5,JRA認定競走フレッ(2歳),7,2,2,9.0,5,4,小野楓馬,55,ダ,1100,稍
2022101366,ソプラノタッチ,2026-08-07,浦和,4,C3六 七,9,8,9,29.0,7,7,田中洸多,54,ダ,1400,良
2022101366,ソプラノタッチ,2026-07-13,浦和,1,ランチタイム(C3),10,3,3,46.4,7,3,田中洸多,54,ダ,1300,稍
2022101366,ソプラノタッチ,2026-06-24,浦和,1,本庄宿賞(C3),10,4,4,17.9,4,5,田中洸多,54,ダ,1400,稍
2022101366,ソプラノタッチ,2026-05-27,浦和,3,C3五 六,12,5,5,19.4,6,6,中山遥人,53,ダ,1500,良
2022101366,ソプラノタッチ,2026-04-21,浦和,1,浦和800ラウンド(C3),9,1,1,7.5,3,8,中山遥人,53,ダ,800,良
2022101366,ソプラノタッチ,2026-02-16,大井,1,C3八 九,16,5,10,209.6,10,6,田中洸多,54,ダ,1200,良
2022101366,ソプラノタッチ,2026-01-26,大井,2,C3八 九,13,5,8,33.2,4,7,田中洸多,54,ダ,1200,良
2022101366,ソプラノタッチ,2026-01-12,大井,3,C3八 九,15,6,10,125.2,13,6,田中洸多,54,ダ,1200,良
2022101366,ソプラノタッチ,2025-12-30,大井,1,3歳三 四,10,6,6,217.7,8,7,田中洸多,54,ダ,1600,稍
2022101366,ソプラノタッチ,2025-12-04,大井,2,3歳四 五,14,1,1,95.5,6,7,中山遥人,52,ダ,1200,良
2022101366,ソプラノタッチ,2025-11-11,大井,2,3歳三 四,14,8,13,90.3,10,11,中山遥人,51,ダ,1200,稍
2022101366,ソプラノタッチ,2025-10-20,大井,4,ひと、つながる。墨田(3歳),12,6,8,11.7,3,6,中山遥人,51,ダ,1400,稍
2022101366,ソプラノタッチ,2025-10-09,大井,2,3歳三 四,10,1,1,5.2,2,9,中山遥人,51,ダ,1200,良
2022101366,ソプラノタッチ,2025-09-15,大井,3,3歳十 11,11,3,3,7.9,3,2,中山遥人,51,ダ,1400,稍
2022101366,ソプラノタッチ,2025-09-01,大井,3,3歳11,12,4,5,8.5,3,3,矢野貴之,54,ダ,1200,良
2022101366,ソプラノタッチ,2025-08-10,大井,4,マンハッタン賞(3歳),11,6,8,2.8,1,6,矢野貴之,54,ダ,1200,不
2022101406,ダノンクルーザー,2026-07-20,大井,8,マタドール賞(C212),13,2,2,1.4,1,3,安藤洋一,56,ダ,1400,良
2022101406,ダノンクルーザー,2026-06-30,大井,5,C2十 1112(C211),11,5,6,1.4,1,1,安藤洋一,56,ダ,1400,重
2022101406,ダノンクルーザー,2026-01-12,大井,2,C3八 九,13,4,5,1.2,1,1,安藤洋一,56,ダ,1600,良
2022101406,ダノンクルーザー,2025-12-30,大井,1,3歳三 四,10,8,10,2.2,2,2,安藤洋一,56,ダ,1600,稍
2022101406,ダノンクルーザー,2025-12-04,大井,1,3歳四 五,10,1,1,1.7,1,2,安藤洋一,56,ダ,1600,良
2022101409,レーヴレジェンド,2026-08-16,大井,8,へびつかい座特別競走(C1三),13,7,11,47.5,7,4,西優哉,53,ダ,1200,重
2022101409,レーヴレジェンド,2026-07-24,大井,8,テネシー・クーラー賞(C1C2),12,4,4,9.5,3,2,西優哉,54,ダ,1000,良
2022101409,レーヴレジェンド,2026-07-01,大井,12,タイタン賞(C1四),15,2,2,31.0,6,10,西優哉,53,ダ,1200,稍
2022101409,レーヴレジェンド,2026-06-12,大井,9,印西市コスモス賞(C1四),14,5,7,34.4,5,4,西優哉,53,ダ,1200,稍
2022101409,レーヴレジェンド,2026-05-21,大井,7,C1二 三四(C1三),11,4,4,29.6,5,6,西優哉,53,ダ,1200,稍
2022101409,レーヴレジェンド,2026-04-30,大井,9,C1三 四五(C1四),14,6,9,74.4,10,11,西優哉,53,ダ,1200,稍
2022101409,レーヴレジェンド,2026-04-16,大井,9,C1三 四五(C1四),16,1,1,21.9,7,12,西優哉,53,ダ,1200,不
2022101409,レーヴレジェンド,2026-03-27,大井,9,八丈島フリージア賞(C1四),10,4,4,,,除,吉井章,56,ダ,1200,重
2022101409,レーヴレジェンド,2025-12-20,中山,8,3歳以上1勝クラス,16,1,2,161.1,13,14,菊沢一樹,57,ダ,1200,良
2022101409,レーヴレジェンド,2025-10-19,新潟,12,3歳以上1勝クラス,14,4,5,44.3,9,14,石神深道,54,ダ,1200,稍
2022101409,レーヴレジェンド,2025-08-16,新潟,11,3歳以上1勝クラス,18,6,12,5.9,4,9,菊沢一樹,56,芝,1000,良
2022101409,レーヴレジェンド,2025-06-29,福島,7,3歳以上1勝クラス,16,5,10,79.4,12,13,丸山元気,55,ダ,1150,良
2022101409,レーヴレジェンド,2024-12-01,中山,1,2歳未勝利,16,3,6,3.7,2,1,菊沢一樹,56,ダ,1200,良
2022101409,レーヴレジェンド,2024-11-17,福島,1,2歳未勝利,16,7,14,13.5,4,5,菊沢一樹,56,ダ,1150,良
2022101409,レーヴレジェンド,2024-11-03,福島,1,2歳未勝利,16,2,4,11.7,7,3,菊沢一樹,56,ダ,1150,不
2022101409,レーヴレジェンド,2024-08-31,札幌,2,2歳未勝利,14,8,14,31.7,10,11,永野猛蔵,55,ダ,1700,重
2022101409,レーヴレジェンド,2024-08-17,札幌,5,2歳新馬,8,7,7,18.5,6,5,永野猛蔵,55,芝,1500,良
2022101436,サラニキケン,2026-08-15,大井,10,立秋特別競走(C2),14,4,6,31.3,9,14,鷹見陸,54,ダ,2400,稍
2022101436,サラニキケン,2026-07-23,大井,7,C2三 四五(C2四),12,2,2,91.8,9,8,高橋優,51,ダ,1400,良
2022101436,サラニキケン,2026-06-10,大井,8,クォーター・デック賞(C1),12,3,3,14.7,6,8,高橋優,51,ダ,1600,重
2022101436,サラニキケン,2026-04-12,福島,9,燧ヶ岳特別(1勝クラス),13,3,3,90.6,12,12,鷲頭虎太,56,芝,2600,良
2022101436,サラニキケン,2026-03-21,中山,7,4歳以上1勝クラス,16,4,7,68.0,12,11,木幡初也,55,ダ,2400,良
2022101436,サラニキケン,2026-03-01,中山,6,4歳以上1勝クラス,15,7,13,21.6,7,10,木幡初也,55,ダ,1800,稍
2022101436,サラニキケン,2025-12-10,水沢,9,B2三組,11,3,3,4.2,3,1,山本聡哉,54,ダ,1600,不
2022101436,サラニキケン,2025-11-26,水沢,7,B2四組,10,3,3,2.4,1,5,山本聡哉,54,ダ,1600,稍
2022101436,サラニキケン,2025-11-12,盛岡,10,B2四組,11,6,6,1.9,1,3,山本聡哉,54,ダ,1600,良
2022101436,サラニキケン,2025-10-19,盛岡,8,C1,11,7,9,1.1,1,1,山本聡哉,54,ダ,1400,重
2022101436,サラニキケン,2025-09-14,中山,6,3歳未勝利,16,7,13,5.4,4,5,小林美駒,52,ダ,1800,稍
2022101436,サラニキケン,2025-09-06,中山,4,3歳未勝利,15,7,14,7.6,3,2,木幡初也,55,ダ,1800,重
2022101436,サラニキケン,2025-08-16,新潟,3,3歳未勝利,14,6,10,5.0,4,5,木幡初也,55,ダ,1800,稍
2022101436,サラニキケン,2025-07-26,新潟,4,3歳未勝利,15,6,11,41.6,10,3,木幡初也,55,ダ,1800,良
2022101436,サラニキケン,2025-06-07,東京,3,3歳未勝利,16,7,13,82.6,10,7,木幡初也,55,ダ,1600,良
2022101436,サラニキケン,2025-04-26,東京,4,3歳未勝利,18,4,8,202.5,9,11,木幡初也,55,芝,1800,良
2022101436,サラニキケン,2025-02-08,東京,6,3歳未勝利,18,6,12,160.9,12,13,木幡初也,55,芝,2400,良
2022101460,モンサンヴデット,2026-09-03,大井,7,C2三 四五(C2四),12,6,7,6.9,5,9,Ｆ．ゴン,54,ダ,1600,良
2022101460,モンサンヴデット,2026-08-12,大井,7,はくちょう座特別競走(C2),11,6,6,12.1,6,9,小野俊斗,51,ダ,1400,不
2022101460,モンサンヴデット,2026-07-23,大井,7,C2三 四五(C2四),12,5,6,3.8,2,5,和田譲治,54,ダ,1400,良
2022101460,モンサンヴデット,2026-06-09,大井,8,パナシェ賞(C1),11,7,9,12.8,4,3,小野俊斗,51,ダ,1200,不
2022101460,モンサンヴデット,2026-05-18,大井,10,C1八 九,9,2,2,3.1,1,5,小野俊斗,51,ダ,1200,良
2022101460,モンサンヴデット,2026-04-14,大井,12,C1八 九,14,8,13,10.8,5,11,Ｅ．シャ,54,ダ,1200,良
2022101460,モンサンヴデット,2025-12-05,大井,9,しあわせ多彩区賞(C2三),15,3,5,2.7,2,3,小野俊斗,51,ダ,1200,良
2022101460,モンサンヴデット,2025-11-13,大井,9,C2七 八,13,7,10,2.4,1,1,小野俊斗,51,ダ,1200,稍
2022101460,モンサンヴデット,2025-10-21,大井,6,目黒区賞(C212),9,1,1,1.8,1,1,小野俊斗,51,ダ,1400,稍
2022101460,モンサンヴデット,2025-09-07,阪神,3,3歳未勝利,16,6,11,18.9,7,8,松若風馬,55,ダ,1400,良
2022101460,モンサンヴデット,2025-08-10,中京,5,3歳未勝利,16,6,11,11.3,5,3,松若風馬,55,ダ,1400,良
2022101460,モンサンヴデット,2025-07-27,中京,4,3歳未勝利,16,6,12,16.9,8,5,松若風馬,55,ダ,1200,良
2022101460,モンサンヴデット,2025-06-29,小倉,4,3歳未勝利,16,6,12,29.5,9,8,今村聖奈,53,ダ,1700,良
2022101460,モンサンヴデット,2025-06-07,阪神,1,3歳未勝利,15,6,10,126.4,13,4,今村聖奈,53,ダ,1400,良
2022101460,モンサンヴデット,2025-05-03,新潟,3,3歳未勝利,15,3,5,136.3,12,9,今村聖奈,52,ダ,1200,稍
2022101460,モンサンヴデット,2025-03-23,阪神,2,3歳未勝利,16,8,15,145.4,13,8,今村聖奈,52,ダ,1200,良
2022101460,モンサンヴデット,2025-03-01,阪神,4,3歳未勝利,16,5,9,93.7,11,12,池添謙一,55,ダ,1400,良
2022101460,モンサンヴデット,2024-12-07,中京,1,2歳未勝利,10,7,7,39.1,5,7,池添謙一,55,ダ,1800,良
2022101460,モンサンヴデット,2024-11-23,京都,6,2歳新馬,11,6,7,4.9,3,10,池添謙一,55,ダ,1800,良
2022101482,ノヴァエスペランサ,2026-08-20,名古屋,6,伊丹結婚おめでとう記(C),12,8,12,6.8,3,7,渡辺竜也,57,ダ,1500,良
2022101482,ノヴァエスペランサ,2026-07-29,名古屋,3,りんご2歳のお誕生日(C),12,6,7,31.1,5,2,渡辺竜也,57,ダ,1500,重
2022101482,ノヴァエスペランサ,2026-07-14,名古屋,7,C7組,12,7,9,69.0,7,5,渡辺竜也,57,ダ,1500,良
2022101482,ノヴァエスペランサ,2026-06-22,名古屋,12,金シャチ最終戦(C),11,1,1,,,取,加藤聡一,57,ダ,1500,稍
2022101482,ノヴァエスペランサ,2026-06-05,名古屋,5,C3組,12,4,4,46.9,6,11,加藤聡一,57,ダ,1500,稍
2022101482,ノヴァエスペランサ,2026-05-25,名古屋,2,C4組,10,3,3,3.9,2,10,望月洵輝,57,ダ,1400,良
2022101482,ノヴァエスペランサ,2026-05-08,名古屋,1,アジア・アジアパラ応(C),10,2,2,3.1,1,6,望月洵輝,57,ダ,1500,稍
2022101482,ノヴァエスペランサ,2026-04-24,名古屋,5,C4組,11,7,9,3.1,1,7,望月洵輝,57,ダ,1500,重
2022101482,ノヴァエスペランサ,2025-11-06,笠松,11,コウテイダリア特別(C),10,5,5,5.8,3,5,望月洵輝,57,ダ,1600,良
2022101482,ノヴァエスペランサ,2025-10-22,笠松,11,とかげ座特別(C),8,1,1,2.9,2,1,望月洵輝,57,ダ,1600,良
2022101482,ノヴァエスペランサ,2025-10-09,笠松,2,耕輔&amp;由紀恵結婚66(C),8,6,6,5.2,3,1,望月洵輝,57,ダ,1400,良
2022101482,ノヴァエスペランサ,2025-09-24,笠松,3,桑山結婚記念レース(3歳),9,4,4,1.2,1,1,望月洵輝,57,ダ,1400,良
2022101482,ノヴァエスペランサ,2025-08-23,中京,7,3歳未勝利,16,7,14,171.1,13,13,小沢大仁,57,ダ,1200,良
2022101482,ノヴァエスペランサ,2025-07-05,小倉,4,3歳未勝利,14,3,4,87.0,11,6,小沢大仁,57,ダ,1000,良
2022101482,ノヴァエスペランサ,2025-05-04,京都,1,3歳未勝利,16,7,13,56.3,9,13,池添謙一,57,ダ,1200,稍
2022101482,ノヴァエスペランサ,2025-03-30,阪神,2,3歳未勝利,16,4,8,12.0,6,12,池添謙一,57,ダ,1400,良
2022101576,トマチョップアクア,2026-01-26,大井,2,C3八 九,13,1,1,180.0,9,13,石川駿介,54,ダ,1200,良
2022101576,トマチョップアクア,2026-01-12,大井,1,C3十,13,6,8,99.1,8,12,石川駿介,54,ダ,1200,良
2022101576,トマチョップアクア,2025-12-29,大井,1,3歳五,12,7,9,336.1,12,12,石川駿介,54,ダ,1200,重
2022101576,トマチョップアクア,2025-12-04,大井,2,3歳四 五,14,5,7,617.6,14,14,石川駿介,54,ダ,1200,良
2022101576,トマチョップアクア,2025-11-10,大井,1,3歳五,11,7,9,53.5,9,11,石川駿介,54,ダ,1200,稍
2022101599,ピラニアキッス,2026-08-22,札幌,8,3歳以上1勝クラス,10,6,6,10.4,5,6,横山和生,56,ダ,1700,良
2022101599,ピラニアキッス,2026-04-25,東京,7,4歳以上1勝クラス,16,2,3,18.0,7,3,横山和生,56,ダ,1400,稍
2022101599,ピラニアキッス,2026-04-12,福島,7,4歳以上1勝クラス,15,5,9,8.9,5,4,舟山瑠泉,54,ダ,1700,良
2022101599,ピラニアキッス,2026-01-24,中山,8,4歳以上1勝クラス,11,3,3,58.5,10,5,横山和生,55,ダ,1800,良
2022101599,ピラニアキッス,2025-11-11,名古屋,9,B7組,11,7,9,1.4,1,3,加藤聡一,55,ダ,1500,稍
2022101599,ピラニアキッス,2025-10-31,名古屋,10,ハロウィン・ナイト特(C),12,7,10,3.3,2,1,加藤聡一,55,ダ,1700,重
2022101599,ピラニアキッス,2025-10-17,名古屋,2,C6組,12,6,8,2.0,1,1,加藤聡一,55,ダ,1500,重
2022101599,ピラニアキッス,2025-09-17,名古屋,7,3歳3組,12,8,11,3.9,2,2,加藤聡一,55,ダ,1500,良
2022101599,ピラニアキッス,2025-09-02,名古屋,8,3歳2組,11,5,5,,,取,加藤聡一,55,ダ,1500,良
2022101599,ピラニアキッス,2025-08-19,名古屋,10,くずきり特別(3歳),12,8,12,1.6,1,7,加藤聡一,55,ダ,1700,良
2022101599,ピラニアキッス,2025-07-21,名古屋,3,父72歳ハッピーバー(3歳),11,7,9,2.8,1,1,加藤聡一,55,ダ,1500,良
2022101599,ピラニアキッス,2025-04-19,福島,4,3歳未勝利,15,4,7,6.6,4,10,舟山瑠泉,52,ダ,1700,良
2022101599,ピラニアキッス,2025-03-09,中山,1,3歳未勝利,16,8,16,86.5,11,2,舟山瑠泉,52,ダ,1800,重
2022101599,ピラニアキッス,2025-01-13,中京,5,3歳新馬,16,4,8,128.6,14,14,泉谷楓真,54,芝,1600,良
2022101635,ホワイトマジック,2026-07-24,大井,11,東京スポーツ賞競走(B3),16,6,11,3.2,1,1,矢野貴之,56,ダ,1400,良
2022101635,ホワイトマジック,2026-06-30,大井,9,富士見坂賞競走(B3),9,3,3,3.6,2,1,矢野貴之,56,ダ,1200,重
2022101635,ホワイトマジック,2026-06-09,大井,9,団子坂賞競走(B3),14,7,12,3.3,1,3,矢野貴之,56,ダ,1200,不
2022101635,ホワイトマジック,2026-05-19,大井,12,紀伊国坂賞競走(B3),16,3,6,3.6,1,5,矢野貴之,56,ダ,1200,良
2022101635,ホワイトマジック,2026-04-16,大井,9,C1三 四五(C1四),16,8,16,5.0,3,1,矢野貴之,56,ダ,1200,不
2022101635,ホワイトマジック,2026-03-11,大井,10,C1六 七八(C1七),14,8,13,1.9,1,1,矢野貴之,56,ダ,1200,良
2022101635,ホワイトマジック,2026-02-16,大井,10,C1七 八,14,2,2,1.2,1,4,矢野貴之,56,ダ,1200,良
2022101635,ホワイトマジック,2026-01-30,大井,7,C2三 四五(C2四),10,8,10,1.2,1,1,矢野貴之,56,ダ,1200,良
2022101635,ホワイトマジック,2025-11-12,大井,6,C2九 十11(C2十),14,1,1,1.1,1,1,矢野貴之,56,ダ,1200,稍
2022101635,ホワイトマジック,2025-10-06,大井,8,C214 1516(C215),13,2,2,1.4,1,1,矢野貴之,56,ダ,1200,良
2022101635,ホワイトマジック,2025-09-17,大井,9,フォーチュネイトりん(C13歳),14,3,4,,,除,矢野貴之,56,ダ,1200,良
2022101635,ホワイトマジック,2025-08-21,門別,11,JA共済3QC(B3),8,8,8,5.9,2,1,及川烈,54,ダ,1200,稍
2022101635,ホワイトマジック,2025-08-06,門別,6,YJSトライアルラウ(C1),12,6,7,2.1,1,3,佐藤翔馬,57,ダ,1200,良
2022101635,ホワイトマジック,2025-07-23,門別,7,リゲル特別(C1),10,8,10,3.4,2,1,石川倭,57,ダ,1200,良
2022101635,ホワイトマジック,2025-07-01,門別,10,グランシャリオドリー(C4),11,6,6,2.3,1,1,宮内勇樹,57,ダ,1200,良
2022101635,ホワイトマジック,2025-06-11,門別,7,3歳以上C4ー3,12,5,6,2.5,1,2,宮内勇樹,57,ダ,1000,稍
2022101635,ホワイトマジック,2025-05-03,新潟,3,3歳未勝利,15,1,1,44.3,9,14,永島まな,55,ダ,1200,稍
2022101635,ホワイトマジック,2025-03-30,中山,2,3歳未勝利,16,1,2,69.1,10,11,横山琉人,56,ダ,1200,稍
2022101635,ホワイトマジック,2024-12-28,中山,6,2歳新馬,16,1,2,8.0,3,13,内田博幸,56,ダ,1200,良
2022101637,クリプトス,2026-07-02,大井,6,C2六 七,12,6,9,,,取,西優哉,53,ダ,1600,不
2022101637,クリプトス,2026-01-15,大井,4,烏山川賞(C2),14,2,2,229.6,10,9,佐野遥久,55,ダ,1600,良
2022101637,クリプトス,2025-12-29,大井,5,C2九 十11(C2十),14,7,12,80.8,11,11,佐野遥久,54,ダ,1400,重
2022101637,クリプトス,2025-12-04,大井,3,C2七 八,14,3,4,87.3,9,8,野畑凌,56,ダ,1600,良
2022101637,クリプトス,2025-11-12,大井,4,C2九 十11(C2十),13,5,6,5.9,4,5,野畑凌,56,ダ,1600,稍
2022101637,クリプトス,2025-10-22,大井,5,ナカペイとアニメも中(3歳),11,6,7,2.3,2,1,矢野貴之,56,ダ,1600,重
2022101637,クリプトス,2025-08-16,新潟,10,3歳未勝利,15,1,1,16.4,7,10,大野拓弥,57,ダ,1800,良
2022101637,クリプトス,2025-06-21,東京,2,3歳未勝利,16,6,12,6.7,3,12,戸崎圭太,57,ダ,1400,良
2022101637,クリプトス,2025-03-08,中山,6,3歳未勝利,16,2,4,13.5,6,7,戸崎圭太,57,ダ,1800,稍
2022101637,クリプトス,2025-02-15,東京,3,3歳未勝利,16,4,8,16.0,5,4,戸崎圭太,57,ダ,1600,良
2022101637,クリプトス,2024-12-14,中京,1,2歳未勝利,16,7,14,11.3,4,6,ドイル,56,ダ,1400,良
2022101637,クリプトス,2024-11-24,東京,1,2歳未勝利,16,2,3,301.7,13,4,丹内祐次,56,ダ,1400,良
2022101637,クリプトス,2024-09-29,中京,5,2歳新馬,15,4,7,82.4,15,13,高杉吏麒,52,芝,1400,重
2022101656,チムニーパイプ,2026-05-16,京都,6,4歳以上1勝クラス,15,7,13,10.3,4,10,菱田裕二,56,ダ,1200,良
2022101656,チムニーパイプ,2026-02-14,京都,12,4歳以上1勝クラス,15,5,9,4.4,1,8,浜中俊,56,ダ,1200,稍
2022101656,チムニーパイプ,2026-01-25,京都,6,4歳以上1勝クラス,15,2,3,37.3,8,4,浜中俊,56,ダ,1200,良
2022101656,チムニーパイプ,2025-08-23,中京,7,3歳未勝利,16,6,12,5.8,3,1,田山旺佑,52,ダ,1200,良
2022101656,チムニーパイプ,2025-08-09,中京,5,3歳未勝利,16,3,6,15.8,8,3,田山旺佑,52,ダ,1200,良
2022101656,チムニーパイプ,2025-07-12,小倉,3,3歳未勝利,14,3,3,24.4,8,4,松山弘平,55,ダ,1000,良
2022101656,チムニーパイプ,2025-06-01,京都,1,3歳未勝利,15,5,9,6.5,4,7,菱田裕二,55,ダ,1200,良
2022101656,チムニーパイプ,2025-05-11,京都,1,3歳未勝利,16,4,7,12.7,6,3,シュタル,55,ダ,1200,稍
2022101656,チムニーパイプ,2025-04-13,阪神,1,3歳未勝利,16,2,3,14.1,5,9,松山弘平,55,ダ,1400,良
2022101656,チムニーパイプ,2025-01-12,中京,3,3歳未勝利,16,5,9,11.2,5,4,松山弘平,55,ダ,1200,良
2022101656,チムニーパイプ,2024-12-22,京都,1,2歳未勝利,16,7,13,14.8,7,4,高杉吏麒,53,ダ,1400,良
2022101656,チムニーパイプ,2024-11-30,中京,1,2歳未勝利,16,7,14,5.8,4,3,高杉吏麒,53,ダ,1400,良
2022101656,チムニーパイプ,2024-10-26,京都,4,2歳新馬,16,7,14,19.6,5,6,田口貫太,54,ダ,1400,良
2022101664,エスカラムサ,2026-04-15,大井,8,オレンジ・ブロッサム(C2),10,2,2,,,取,藤本現暉,54,ダ,2400,良
2022101664,エスカラムサ,2026-03-23,大井,10,萌黄特別競走(C2),9,7,7,206.4,9,8,藤本現暉,54,ダ,1600,良
2022101664,エスカラムサ,2026-03-12,大井,7,C2六 七,11,7,9,182.8,9,7,室陽一朗,54,ダ,1600,良
2022101664,エスカラムサ,2026-02-19,大井,8,C2五 六七(C2六),13,7,11,122.6,9,8,藤本現暉,54,ダ,1600,良
2022101664,エスカラムサ,2026-01-30,大井,10,初凪特別競走(C2),16,1,1,70.6,12,16,野畑凌,54,ダ,1800,良
2022101664,エスカラムサ,2026-01-14,大井,10,春駒特別競走(C2),16,7,13,81.5,12,15,藤田凌,54,ダ,2000,良
2022101664,エスカラムサ,2025-12-29,大井,5,C2九 十11(C2十),14,5,7,5.5,4,10,野畑凌,54,ダ,1400,重
2022101664,エスカラムサ,2025-12-04,大井,3,C2七 八,14,1,1,8.4,4,12,安藤洋一,54,ダ,1600,良
2022101664,エスカラムサ,2025-11-10,大井,6,C215 1617(C216),14,2,2,1.2,1,1,矢野貴之,54,ダ,1400,稍
2022101664,エスカラムサ,2025-10-20,大井,4,ひと、つながる。墨田(3歳),12,2,2,2.5,2,1,矢野貴之,54,ダ,1400,稍
2022101664,エスカラムサ,2025-09-30,名古屋,9,3歳6組,11,6,7,10.7,4,2,加藤聡一,55,ダ,1700,良
2022101664,エスカラムサ,2025-09-17,名古屋,3,3歳6組,12,7,9,33.9,5,3,加藤聡一,55,ダ,1500,良
2022101664,エスカラムサ,2025-09-03,名古屋,5,3歳5組,12,5,6,25.0,4,9,加藤聡一,55,ダ,1700,良
2022101664,エスカラムサ,2025-08-20,名古屋,1,名古屋モーニングフィ(3歳),11,5,5,8.3,3,6,加藤聡一,55,ダ,1500,良
2022101664,エスカラムサ,2025-07-21,名古屋,2,名古屋モーニングフィ(3歳),11,1,1,26.1,6,3,加藤聡一,55,ダ,1500,良
2022101664,エスカラムサ,2025-07-09,名古屋,2,名古屋モーニングフィ(3歳),12,5,6,7.3,4,1,加藤聡一,55,ダ,1400,良
2022101664,エスカラムサ,2025-06-27,名古屋,3,3歳11組,12,4,4,18.0,6,5,加藤聡一,55,ダ,1500,重
2022101664,エスカラムサ,2025-05-17,新潟,1,3歳未勝利,15,1,1,122.6,14,12,秋山稔樹,55,ダ,1800,稍
2022101664,エスカラムサ,2025-04-20,福島,1,3歳未勝利,16,6,11,62.0,9,12,秋山稔樹,55,ダ,1150,良
2022101691,ワクシングムーン,2026-09-02,大井,8,ハンター賞(B3),12,5,6,6.6,3,4,本橋孝太,56,ダ,1400,良
2022101691,ワクシングムーン,2026-08-13,大井,7,ペルセウス座特別競走(C1),8,2,2,2.5,2,1,本橋孝太,56,ダ,1800,不
2022101691,ワクシングムーン,2026-07-23,大井,10,大暑特別競走(C1),14,5,8,3.1,2,3,本橋孝太,56,ダ,2400,良
2022101691,ワクシングムーン,2026-01-27,大井,12,小石川見附特別競走(C1),13,4,5,1.9,1,2,石川倭,56,ダ,2000,良
2022101691,ワクシングムーン,2026-01-14,大井,10,春駒特別競走(C2),16,4,8,2.6,1,1,石川倭,56,ダ,2000,良
2022101691,ワクシングムーン,2025-12-29,大井,5,C2九 十11(C2十),14,8,14,4.0,3,3,安藤洋一,56,ダ,1400,重
2022101691,ワクシングムーン,2025-12-02,大井,2,C212 1314(C213),13,8,13,2.1,1,1,安藤洋一,56,ダ,1400,良
2022101691,ワクシングムーン,2025-08-02,中京,3,3歳未勝利,16,4,8,32.6,9,6,吉村誠之,56,ダ,1800,良
2022101691,ワクシングムーン,2025-06-11,園田,10,JRA交流氷ノ山特別,8,8,8,1.8,1,4,小牧太,56,ダ,1400,不
2022101691,ワクシングムーン,2025-05-03,京都,4,3歳未勝利,16,4,7,8.1,3,6,吉村誠之,56,ダ,1900,重
2022101691,ワクシングムーン,2025-04-20,阪神,3,3歳未勝利,16,6,11,23.4,8,8,太宰啓介,57,ダ,1800,良
2022101691,ワクシングムーン,2025-03-29,阪神,4,3歳未勝利,12,7,9,4.9,3,8,太宰啓介,57,ダ,2000,稍
2022101691,ワクシングムーン,2025-02-23,京都,4,3歳新馬,10,6,6,14.4,6,2,太宰啓介,57,ダ,1800,良
2022101759,セキトバシューズ,2026-06-10,大井,12,BSイレブン賞競走(B3),13,8,12,4.8,2,2,藤田凌,54,ダ,1600,重
2022101759,セキトバシューズ,2026-05-18,大井,11,赤坂賞競走(B3),11,8,10,2.8,1,2,藤田凌,54,ダ,1800,良
2022101759,セキトバシューズ,2026-04-17,大井,10,北極星特別競走(C1),13,6,8,1.4,1,1,藤田凌,54,ダ,2000,重
2022101759,セキトバシューズ,2026-03-13,大井,8,C1三 四五(C1四),10,3,3,2.3,1,1,藤田凌,54,ダ,1600,良
2022101759,セキトバシューズ,2025-10-20,大井,12,つる座特別競走(C1),13,8,13,1.5,1,2,藤田凌,54,ダ,1800,稍
2022101759,セキトバシューズ,2025-10-05,大井,8,オフト南相馬賞競走(C2),14,1,1,1.5,1,1,藤田凌,54,ダ,1800,良
2022101759,セキトバシューズ,2025-09-15,大井,5,3歳 250P,8,4,4,2.0,1,1,藤田凌,54,ダ,1800,稍
2022101759,セキトバシューズ,2025-08-03,中京,9,3歳未勝利,17,5,9,24.3,8,6,小崎綾也,55,芝,2000,良
2022101759,セキトバシューズ,2025-06-01,京都,5,3歳未勝利,13,6,8,11.4,5,7,田山旺佑,52,芝,2400,良
2022101759,セキトバシューズ,2025-05-17,京都,4,3歳未勝利,16,6,12,70.1,14,2,松本大輝,54,芝,2400,不
2022101759,セキトバシューズ,2025-05-04,新潟,5,3歳未勝利,16,7,14,111.4,12,14,田山旺佑,52,芝,2000,稍
2022101875,アオイフォトグラフ,2026-09-03,大井,8,ネグローニ賞(C2四),14,7,11,6.0,3,3,町田直希,54,ダ,1400,良
2022101875,アオイフォトグラフ,2026-08-12,大井,7,はくちょう座特別競走(C2),11,2,2,7.8,5,4,和田譲治,54,ダ,1400,不
2022101875,アオイフォトグラフ,2026-07-22,大井,6,U.S.ターキー賞(C2七),14,2,2,14.6,6,3,町田直希,54,ダ,1400,良
2022101875,アオイフォトグラフ,2026-06-29,大井,7,プルメリア特別競走(C2),11,2,2,23.2,8,6,吉井章,54,ダ,1600,不
2022101875,アオイフォトグラフ,2026-06-12,大井,5,C2三 四五(C2四),14,7,12,10.1,6,10,達城龍次,54,ダ,1400,稍
2022101875,アオイフォトグラフ,2026-05-22,大井,6,C2三 四五(C2四),12,6,7,33.7,7,2,町田直希,54,ダ,1400,不
2022101875,アオイフォトグラフ,2026-04-29,大井,4,C2七 八九(C2八),12,5,5,42.4,8,2,町田直希,54,ダ,1400,稍
2022101875,アオイフォトグラフ,2026-04-16,大井,5,C2七 八九(C2八),14,3,3,46.6,9,5,町田直希,54,ダ,1400,不
2022101875,アオイフォトグラフ,2026-03-25,大井,6,C2七 八九(C2八),14,8,14,26.0,7,13,町田直希,54,ダ,1200,良
2022101875,アオイフォトグラフ,2026-03-11,大井,6,C2八 九,12,7,9,15.2,5,6,杉山海波,51,ダ,1200,良
2022101875,アオイフォトグラフ,2026-02-18,大井,6,C2八 九,16,6,11,25.4,6,11,町田直希,54,ダ,1200,稍
2022101875,アオイフォトグラフ,2026-01-27,大井,10,冬牡丹特別競走(C2),15,3,5,96.7,10,3,町田直希,54,ダ,1200,良
2022101875,アオイフォトグラフ,2026-01-12,大井,10,アングレカム特別競走(C1C2),11,2,2,299.0,10,6,町田直希,53,ダ,1400,良
2022101875,アオイフォトグラフ,2025-12-26,大井,5,C212 1314(C213),14,5,7,15.6,6,7,谷内貫太,53,ダ,1200,重
2022101875,アオイフォトグラフ,2025-12-02,大井,9,シトリン特別競走(C1C2),14,8,13,119.7,12,10,張田昂,53,ダ,1400,良
2022101875,アオイフォトグラフ,2025-11-11,大井,7,C212 1314(C213),14,8,14,5.3,4,6,矢野貴之,54,ダ,1200,稍
2022101875,アオイフォトグラフ,2025-10-22,大井,6,都電とバラの街あらか(3歳),9,5,5,1.4,1,1,矢野貴之,54,ダ,1200,重
2022101875,アオイフォトグラフ,2025-10-09,大井,1,3歳三 四,7,7,7,4.3,2,5,矢野貴之,54,ダ,1600,良
2022101875,アオイフォトグラフ,2025-07-19,高知,1,3歳ー3,8,2,2,1.9,1,2,永森大智,55,ダ,800,不
2022101875,アオイフォトグラフ,2025-07-06,高知,9,3歳ー3,8,4,4,3.9,2,2,永森大智,55,ダ,1400,良
2022101875,アオイフォトグラフ,2025-06-22,高知,2,3歳ー5,11,1,1,4.7,2,1,永森大智,55,ダ,1300,重
2022101875,アオイフォトグラフ,2025-06-07,高知,1,3歳ー5,8,3,3,2.9,1,2,永森大智,55,ダ,1400,稍
2022101875,アオイフォトグラフ,2025-05-04,東京,1,3歳未勝利,15,7,12,373.7,14,11,杉原誠人,55,ダ,1600,稍
2022101875,アオイフォトグラフ,2025-04-19,中山,3,3歳未勝利,16,3,6,406.3,16,14,土田真翔,52,ダ,1200,良
2022101875,アオイフォトグラフ,2025-04-05,中山,6,3歳未勝利,16,4,8,241.5,13,16,水沼元輝,52,ダ,1200,稍
2022101929,リバイブメイラード,2026-08-17,大井,6,ミント・フラッペ賞(C2四),12,6,8,5.9,4,3,西優哉,53,ダ,1600,稍
2022101929,リバイブメイラード,2026-07-21,大井,6,C2九 十,13,8,13,4.8,3,1,西優哉,53,ダ,1600,良
2022101929,リバイブメイラード,2026-07-03,大井,9,ヘラクレス座特別競走(C2),12,7,10,18.4,7,3,西優哉,53,ダ,1800,不
2022101929,リバイブメイラード,2026-06-09,大井,4,C2九 十11(C2十),10,1,1,7.9,5,1,西優哉,53,ダ,1600,不
2022101929,リバイブメイラード,2026-05-18,大井,5,C211 1213(C212),12,8,11,7.8,3,4,西優哉,53,ダ,1600,良
2022101929,リバイブメイラード,2026-03-23,大井,6,C215 16,12,6,7,5.3,3,2,瀬川将輝,56,ダ,1600,良
2022101929,リバイブメイラード,2026-03-09,大井,9,C213 1415(C214),14,2,2,16.3,2,4,瀬川将輝,56,ダ,1600,稍
2022101929,リバイブメイラード,2026-02-16,大井,6,C215 16,13,8,12,7.6,4,5,瀬川将輝,56,ダ,1600,良
2022101929,リバイブメイラード,2026-01-27,大井,2,C3六 七,14,2,2,3.6,2,1,瀬川将輝,56,ダ,1600,良
2022101929,リバイブメイラード,2026-01-12,大井,2,C3八 九,13,7,12,33.8,6,2,瀬川将輝,56,ダ,1600,良
2022101929,リバイブメイラード,2025-12-30,大井,2,3歳三 四,16,2,3,18.6,5,7,瀬川将輝,56,ダ,1200,稍
2022101929,リバイブメイラード,2025-12-04,大井,2,3歳四 五,14,8,14,8.5,4,4,瀬川将輝,56,ダ,1200,良
2022101929,リバイブメイラード,2025-11-10,大井,1,3歳五,11,1,1,4.2,2,2,瀬川将輝,56,ダ,1200,稍
2022101933,ハックルベリー,2026-05-22,大井,9,うしかい座特別競走(C2),10,2,2,19.6,5,7,藤田凌,56,ダ,1800,不
2022101933,ハックルベリー,2026-04-27,大井,10,こじし座特別競走(C2),15,2,3,5.5,3,14,藤田凌,56,ダ,2000,不
2022101933,ハックルベリー,2026-03-25,大井,9,C2三,11,3,3,3.8,2,2,藤田凌,56,ダ,2000,稍
2022101933,ハックルベリー,2026-03-10,大井,4,立会川賞(C2),14,5,8,12.7,4,4,藤田凌,56,ダ,2400,稍
2022101933,ハックルベリー,2026-02-17,大井,5,C212 1314(C213),14,1,1,8.1,3,3,藤田凌,56,ダ,1600,稍
2022101933,ハックルベリー,2026-01-26,大井,8,C214 15,13,5,6,9.7,5,4,藤田凌,56,ダ,1600,良
2022101933,ハックルベリー,2026-01-13,大井,7,C212 1314(C213),13,6,9,6.5,3,6,西啓太,56,ダ,1600,良
2022101933,ハックルベリー,2025-12-24,大井,6,リトル・プリンセス賞(C2),12,8,12,3.8,2,3,藤田凌,56,ダ,1600,重
2022101933,ハックルベリー,2025-12-05,大井,1,しながわデー開催賞(3歳二),13,5,7,9.7,4,4,藤田凌,56,ダ,1600,良
2022101933,ハックルベリー,2025-11-12,大井,1,3歳一 二,12,6,7,15.5,6,3,藤田凌,56,ダ,1600,稍
2022101933,ハックルベリー,2025-10-21,大井,1,3歳三 四,12,8,11,8.8,4,5,和田譲治,56,ダ,1600,稍
2022101933,ハックルベリー,2025-08-03,中京,4,3歳未勝利,16,8,16,25.0,7,10,団野大成,57,ダ,1900,良
2022101933,ハックルベリー,2025-06-21,阪神,4,3歳未勝利,13,4,5,12.1,4,7,田口貫太,57,ダ,1800,良
2022101933,ハックルベリー,2025-06-01,京都,2,3歳未勝利,14,2,2,68.8,11,6,田口貫太,57,ダ,1900,良
2022101933,ハックルベリー,2025-05-24,新潟,6,3歳未勝利,15,3,4,177.9,14,11,河原田菜,53,ダ,1800,良
2022101933,ハックルベリー,2025-03-08,阪神,6,3歳未勝利,10,8,9,204.5,10,10,河原田菜,53,芝,2400,良
2022101933,ハックルベリー,2025-02-25,浦和,7,ツインホープ特別(3歳),12,6,8,4.6,2,12,秋山稔樹,56,ダ,1400,良
2022101933,ハックルベリー,2024-09-22,中京,2,2歳未勝利,11,3,3,41.7,7,5,秋山稔樹,55,ダ,1800,良
2022101933,ハックルベリー,2024-06-09,京都,5,2歳新馬,7,6,6,75.5,7,5,秋山稔樹,54,芝,1200,稍
2022101941,クールブリーズ,2026-08-31,大井,9,りゅう座特別競走(C1),11,2,2,8.6,6,2,木澤奨,53,ダ,2000,良
2022101941,クールブリーズ,2026-08-13,大井,7,ペルセウス座特別競走(C1),8,6,6,8.4,4,3,木澤奨,53,ダ,1800,不
2022101941,クールブリーズ,2026-07-21,大井,8,ブランデー・フィック(C1),11,3,3,5.4,3,1,鷹見陸,56,ダ,1600,良
2022101941,クールブリーズ,2026-06-30,大井,7,C1六 七,11,7,8,7.8,3,4,鷹見陸,56,ダ,1600,重
2022101941,クールブリーズ,2026-06-10,大井,8,クォーター・デック賞(C1),12,8,11,4.4,2,7,吉井章,56,ダ,1600,重
2022101941,クールブリーズ,2026-05-19,大井,6,C1五 六七(C1六),14,1,1,11.2,7,2,鷹見陸,56,ダ,1600,良
2022101941,クールブリーズ,2026-04-28,大井,8,コープス・リバイバー(C1),8,8,8,5.2,3,3,鷹見陸,56,ダ,1600,不
2022101941,クールブリーズ,2026-04-14,大井,8,フラミンゴ・レディ賞(C1),10,3,3,18.6,6,8,鷹見陸,56,ダ,1600,良
2022101941,クールブリーズ,2025-09-04,大井,5,3歳一 二三(3歳二),14,5,8,8.1,6,3,安藤洋一,56,ダ,1600,良
2022101941,クールブリーズ,2025-08-14,大井,5,3歳一 二三(3歳二),10,1,1,7.9,4,5,吉井章,56,ダ,1600,稍
2022101941,クールブリーズ,2025-07-18,大井,8,バハマ賞(3歳二),14,3,3,4.3,2,7,吉井章,56,ダ,1600,稍
2022101941,クールブリーズ,2025-07-03,大井,1,3歳六 七八(3歳七),9,1,1,1.7,1,1,吉井章,56,ダ,1600,良
2022101941,クールブリーズ,2025-01-15,大井,3,3歳十 11,7,4,4,1.3,1,1,吉井章,56,ダ,1400,良
2022101941,クールブリーズ,2024-12-02,大井,2,2歳 新馬,8,8,8,6.0,2,4,吉井章,55,ダ,1600,良
2022101948,サトノリリウム,2026-06-12,大井,11,スポーツ報知賞競走(B1),11,1,1,1.7,1,1,和田譲治,55,ダ,1200,稍
2022101948,サトノリリウム,2026-05-14,川崎,10,紫電一閃賞(B2),12,7,9,1.4,1,2,和田譲治,54,ダ,900,良
2022101948,サトノリリウム,2026-04-15,大井,12,東風賞競走(B2),16,2,4,2.5,1,1,和田譲治,54,ダ,1200,良
2022101948,サトノリリウム,2026-01-27,大井,11,ガーネット賞競走(B2),13,7,11,4.6,4,2,和田譲治,54,ダ,1200,良
2022101948,サトノリリウム,2026-01-13,大井,9,新助坂賞競走(B3),8,1,1,1.7,1,2,和田譲治,54,ダ,1200,良
2022101948,サトノリリウム,2025-12-24,大井,8,花園坂賞競走(B3),12,7,10,1.6,1,1,和田譲治,54,ダ,1200,重
2022101948,サトノリリウム,2025-12-02,大井,8,エンジェル・フェイス(B3),10,3,3,2.0,1,3,和田譲治,54,ダ,1200,良
2022101948,サトノリリウム,2025-07-17,大井,9,フォーチュネイトひま(C13歳),14,1,1,2.5,1,1,和田譲治,55,ダ,1200,重
2022101948,サトノリリウム,2025-07-04,大井,4,3歳四 五,12,4,4,1.5,1,1,和田譲治,54,ダ,1200,良
2022101948,サトノリリウム,2025-06-10,大井,5,3歳十 11,13,8,12,2.2,1,1,和田譲治,54,ダ,1200,稍
2022101948,サトノリリウム,2025-01-16,大井,1,3歳六 七,13,5,7,1.5,1,12,和田譲治,54,ダ,1600,良
2022101948,サトノリリウム,2024-12-26,大井,4,2歳 新馬,9,2,2,6.9,4,2,和田譲治,54,ダ,1400,良
2022101968,デルマアリエル,2026-08-15,大井,10,立秋特別競走(C2),14,5,8,3.0,1,7,達城龍次,56,ダ,2400,稍
2022101968,デルマアリエル,2026-07-21,大井,10,わし座特別競走(C2),14,3,4,3.2,1,4,矢野貴之,56,ダ,2000,良
2022101968,デルマアリエル,2026-04-15,大井,8,オレンジ・ブロッサム(C2),10,1,1,2.3,1,1,横川怜央,56,ダ,2400,良
2022101968,デルマアリエル,2026-03-24,大井,7,C2十 1112(C211),11,2,2,24.3,4,5,横川怜央,56,ダ,1600,良
2022101968,デルマアリエル,2026-03-10,大井,7,C2十 1112(C211),12,7,10,9.0,7,4,藤本現暉,56,ダ,1600,稍
2022101968,デルマアリエル,2026-02-18,大井,3,C2十 11,14,8,13,11.8,3,12,高橋優,53,ダ,1600,稍
2022101968,デルマアリエル,2025-10-21,大井,5,きたいを超える東京北(C212),14,6,10,3.9,2,4,安藤洋一,56,ダ,1600,稍
2022101968,デルマアリエル,2025-08-24,札幌,3,3歳未勝利,14,1,1,8.2,4,6,ゴンサル,57,ダ,1700,良
2022101968,デルマアリエル,2025-06-15,東京,3,3歳未勝利,16,8,15,14.3,4,7,石神深道,54,ダ,1600,重
2022101968,デルマアリエル,2025-05-24,新潟,6,3歳未勝利,15,4,7,10.1,7,3,石神深道,54,ダ,1800,良
2022101968,デルマアリエル,2025-04-19,福島,4,3歳未勝利,15,8,15,14.0,6,7,石神深道,54,ダ,1700,良
2022101968,デルマアリエル,2025-03-29,中京,4,3歳未勝利,13,6,9,11.8,6,3,石神深道,54,ダ,1800,稍
2022101968,デルマアリエル,2025-03-08,中山,3,3歳未勝利,16,6,11,48.7,6,9,石神深道,54,ダ,1200,重
2022101993,ドピエッタ,2026-08-12,大井,8,C1七 八,13,8,12,175.7,12,1,小野俊斗,51,ダ,1200,不
2022101993,ドピエッタ,2026-07-21,大井,9,C1七 八,12,2,2,184.1,12,11,鷹見陸,54,ダ,1200,良
2022101993,ドピエッタ,2026-06-30,大井,8,プランターズ・パンチ(C1),16,1,1,329.1,15,16,藤本現暉,54,ダ,1200,重
2022101993,ドピエッタ,2026-06-10,大井,9,C1六 七,14,4,5,205.9,12,9,藤本現暉,54,ダ,1200,重
2022101993,ドピエッタ,2026-05-19,大井,8,ポート・フリップ賞(C1六),9,1,1,113.0,7,8,藤本現暉,54,ダ,1200,良
2022101993,ドピエッタ,2026-04-29,大井,9,C1六 七八(C1七),14,7,11,36.1,10,12,藤本現暉,54,ダ,1200,稍
2022101993,ドピエッタ,2025-12-25,大井,10,雪華特別競走(C1),11,8,11,37.1,7,5,鷹見陸,53,ダ,1200,重
2022101993,ドピエッタ,2025-12-02,大井,7,C1五 六,12,6,7,21.9,6,8,保園翔也,54,ダ,1200,良
2022101993,ドピエッタ,2025-11-10,大井,9,C1八 九,10,4,4,7.1,4,2,保園翔也,54,ダ,1200,稍
2022101993,ドピエッタ,2025-10-10,大井,6,アレキサンダー賞(C2四),11,8,10,25.4,8,2,保園翔也,54,ダ,1200,良
2022101993,ドピエッタ,2025-07-01,大井,9,夏椿特別競走(3歳),14,8,14,31.8,7,6,鷹見陸,53,ダ,1400,良
2022101993,ドピエッタ,2025-06-12,大井,4,3歳三 四,12,4,4,3.2,2,2,鷹見陸,53,ダ,1200,重
2022101993,ドピエッタ,2025-05-20,大井,5,3歳十 11,13,5,7,5.8,4,1,鷹見陸,53,ダ,1200,稍
2022101993,ドピエッタ,2025-04-29,大井,5,3歳十 1112(3歳11),14,4,6,25.5,4,5,鷹見陸,53,ダ,1400,重
2022101993,ドピエッタ,2025-03-23,高知,12,ファイナルレース(3歳),12,2,2,48.7,9,3,郷間勇太,54,ダ,1300,稍
2022101993,ドピエッタ,2025-03-09,高知,2,3歳ー3,11,5,6,18.1,4,10,岡遼太郎,54,ダ,1300,重
2022101993,ドピエッタ,2025-02-24,高知,2,3歳ー3,9,3,3,50.3,8,3,岡遼太郎,54,ダ,1300,良
2022101993,ドピエッタ,2025-02-12,高知,2,足摺盃(3歳),9,6,6,185.8,8,6,多田羅誠,54,ダ,1400,重
2022101993,ドピエッタ,2025-01-26,高知,6,土佐水木特別(3歳),11,2,2,365.1,10,11,岩本怜,54,ダ,1600,良
2022101993,ドピエッタ,2025-01-12,高知,4,3歳ー1,10,1,1,82.0,7,10,井上瑛太,54,ダ,1300,稍
2022101993,ドピエッタ,2024-12-28,高知,10,満天星特別(2歳),12,3,3,78.2,7,5,宮川実,54,ダ,1800,良
2022101993,ドピエッタ,2024-12-14,高知,4,仕事の後のビール特別(2歳),12,2,2,285.3,12,3,井上瑛太,54,ダ,1300,良
2022101993,ドピエッタ,2024-12-01,高知,1,2歳ー3,10,4,4,57.4,9,7,井上瑛太,54,ダ,1300,稍
2022101993,ドピエッタ,2024-11-17,高知,3,2歳ー3,11,6,7,23.1,7,11,郷間勇太,54,ダ,1300,重
2022101993,ドピエッタ,2024-11-03,高知,3,2歳ー2,9,2,2,13.2,6,5,宮川実,54,ダ,1300,不
2022101993,ドピエッタ,2024-10-19,高知,3,愛媛県いしづち特別(2歳),9,4,4,8.5,4,6,井上瑛太,54,ダ,1300,稍
2022101993,ドピエッタ,2024-09-22,中山,1,2歳未勝利,12,7,10,142.4,11,9,杉原誠人,55,ダ,1800,良
2022101993,ドピエッタ,2024-09-15,中山,3,2歳未勝利,13,1,1,18.8,6,11,丹内祐次,55,ダ,1800,良
2022101993,ドピエッタ,2024-08-31,新潟,5,2歳新馬,7,3,3,104.6,6,5,柴田大知,55,芝,2000,良
2022102009,アメージングビュー,2026-06-12,大井,4,C2三 四五(C2四),9,5,5,9.3,2,6,矢野貴之,54,ダ,1600,稍
2022102009,アメージングビュー,2026-03-23,大井,10,萌黄特別競走(C2),9,3,3,4.8,2,4,御神本訓,54,ダ,1600,良
2022102009,アメージングビュー,2026-03-10,大井,7,C2十 1112(C211),12,8,11,4.2,1,1,矢野貴之,54,ダ,1600,稍
2022102009,アメージングビュー,2026-02-18,大井,3,C2十 11,14,7,12,28.4,5,7,和田譲治,54,ダ,1600,稍
2022102009,アメージングビュー,2026-01-27,大井,8,C211 1213(C212),14,8,13,13.2,4,4,和田譲治,54,ダ,1400,良
2022102009,アメージングビュー,2026-01-13,大井,8,C212 1314(C213),12,2,2,21.3,6,2,和田譲治,54,ダ,1400,良
2022102009,アメージングビュー,2025-11-10,大井,7,C215 1617(C216),12,4,4,17.9,5,5,矢野貴之,54,ダ,1200,稍
2022102009,アメージングビュー,2025-10-20,大井,7,品川かえで賞(C2),14,5,8,15.5,5,3,矢野貴之,54,ダ,1200,稍
2022102009,アメージングビュー,2025-07-15,大井,4,3歳七 八,12,2,2,18.6,3,7,和田譲治,54,ダ,1200,重
2022102009,アメージングビュー,2024-09-10,金沢,12,くろゆり賞(2歳),10,2,2,8.0,3,5,松戸政也,54,ダ,1400,良
2022102009,アメージングビュー,2024-08-27,金沢,12,石川テレビ杯【ネクス(重賞),10,3,3,16.2,4,5,松戸政也,54,ダ,1400,良
2022102009,アメージングビュー,2024-08-11,金沢,3,2歳新馬,6,6,6,3.1,2,1,松戸政也,54,ダ,1400,良
2022102055,スマートシエラ,2026-08-31,大井,7,C2八 九十(C2九),13,6,9,3.7,1,6,吉井章,54,ダ,1600,良
2022102055,スマートシエラ,2026-08-13,大井,6,エバ・グリーン賞(C2),12,7,10,2.7,1,8,吉井章,54,ダ,1600,不
2022102055,スマートシエラ,2026-07-22,大井,1,C3四 五,14,8,13,5.1,3,1,吉井章,54,ダ,1600,良
2022102055,スマートシエラ,2026-03-09,大井,10,C213 1415(C214),13,5,7,8.8,4,11,矢野貴之,54,ダ,1400,稍
2022102055,スマートシエラ,2026-02-17,大井,5,C212 1314(C213),14,7,12,9.8,4,8,野畑凌,54,ダ,1600,稍
2022102055,スマートシエラ,2026-01-12,大井,8,C215 16,13,4,4,7.3,3,5,野畑凌,54,ダ,1600,良
2022102055,スマートシエラ,2025-12-31,大井,1,3歳一 二,11,5,6,2.9,2,3,野畑凌,54,ダ,1600,稍
2022102055,スマートシエラ,2025-10-31,名古屋,10,ハロウィン・ナイト特(C),12,8,11,5.3,3,3,望月洵輝,55,ダ,1700,重
2022102055,スマートシエラ,2025-10-16,名古屋,7,C9組,12,2,2,5.4,2,1,望月洵輝,55,ダ,1500,不
2022102055,スマートシエラ,2025-10-01,名古屋,6,3歳3組,12,5,5,11.4,5,9,塚本征吾,55,ダ,1500,良
2022102055,スマートシエラ,2025-09-17,名古屋,7,3歳3組,12,8,12,5.8,4,5,丸野勝虎,55,ダ,1500,良
2022102055,スマートシエラ,2025-09-02,名古屋,6,3歳4組,12,5,5,6.3,3,2,塚本征吾,55,ダ,1500,良
2022102055,スマートシエラ,2025-08-20,名古屋,2,名古屋モーニングフィ(3歳),11,1,1,1.5,1,3,塚本征吾,55,ダ,1500,良
2022102055,スマートシエラ,2025-07-21,名古屋,2,名古屋モーニングフィ(3歳),11,6,7,3.3,2,2,塚本征吾,55,ダ,1500,良
2022102055,スマートシエラ,2025-07-08,名古屋,3,3歳9組,12,4,4,1.6,1,2,塚本征吾,55,ダ,1500,良
2022102055,スマートシエラ,2025-02-13,名古屋,10,名古屋CCストロベリ(3歳),11,3,3,6.1,3,2,岡部誠,54,ダ,1500,稍
2022102055,スマートシエラ,2024-11-23,京都,1,2歳未勝利,16,7,14,197.2,13,7,永島まな,53,ダ,1400,良
2022102055,スマートシエラ,2024-09-16,中京,2,2歳未勝利,10,8,9,15.0,6,9,高杉吏麒,52,ダ,1800,稍
2022102055,スマートシエラ,2024-06-15,京都,5,2歳新馬,10,1,1,6.2,3,9,永島まな,53,ダ,1200,良
2022102058,スマートクオーレ,2026-03-21,中山,7,4歳以上1勝クラス,16,2,4,3.2,1,1,柴田大知,57,ダ,2400,良
2022102058,スマートクオーレ,2026-02-14,東京,2,4歳以上1勝クラス,16,4,7,12.8,6,2,柴田大知,57,ダ,2100,良
2022102058,スマートクオーレ,2026-01-31,東京,2,4歳以上1勝クラス,16,3,5,8.6,3,4,柴田大知,57,ダ,2100,良
2022102058,スマートクオーレ,2026-01-05,中山,4,4歳以上1勝クラス,13,1,1,14.6,6,2,柴田大知,57,ダ,2400,稍
2022102058,スマートクオーレ,2025-12-14,中山,8,3歳以上1勝クラス,14,7,11,102.4,11,3,柴田大知,56,ダ,2500,稍
2022102058,スマートクオーレ,2025-12-07,中山,12,3歳以上1勝クラス,16,6,12,103.6,13,15,木幡初也,57,ダ,1800,良
2022102058,スマートクオーレ,2025-09-28,中山,6,3歳以上1勝クラス,16,1,1,24.3,9,10,木幡初也,55,ダ,1800,良
2022102058,スマートクオーレ,2025-09-07,中山,8,3歳以上1勝クラス,15,7,13,27.6,6,5,木幡初也,55,ダ,1800,良
2022102058,スマートクオーレ,2025-08-10,新潟,10,3歳以上1勝クラス,15,1,1,86.1,13,9,木幡初也,55,ダ,1800,不
2022102058,スマートクオーレ,2025-06-15,東京,6,3歳以上1勝クラス,16,6,11,119.6,15,6,木幡初也,55,ダ,2100,重
2022102058,スマートクオーレ,2025-05-11,東京,5,3歳1勝クラス,15,5,9,89.3,13,9,木幡初也,57,ダ,2100,稍
2022102058,スマートクオーレ,2025-04-13,中山,2,3歳未勝利,16,1,1,72.9,10,1,木幡初也,57,ダ,1800,良
2022102058,スマートクオーレ,2025-03-29,中山,2,3歳未勝利,16,7,13,151.9,11,5,木幡初也,57,ダ,1800,稍
2022102058,スマートクオーレ,2025-01-25,中山,2,3歳未勝利,16,5,10,47.7,6,6,木幡初也,57,ダ,1800,良
2022102058,スマートクオーレ,2025-01-06,中山,3,3歳未勝利,16,2,4,98.2,10,8,木幡初也,57,ダ,1800,良
2022102058,スマートクオーレ,2024-12-07,中山,2,2歳未勝利,12,7,9,447.2,11,4,木幡初也,56,ダ,1800,良
2022102058,スマートクオーレ,2024-11-16,東京,1,2歳未勝利,16,2,4,350.2,16,13,木幡初也,56,ダ,1600,良
2022102058,スマートクオーレ,2024-09-14,中山,2,2歳未勝利,12,6,8,83.7,9,7,木幡初也,55,ダ,1800,良
2022102058,スマートクオーレ,2024-08-18,札幌,5,2歳新馬,9,1,1,78.8,9,8,小林凌大,55,芝,2000,良
2022102098,ビーンスモークモカ,2026-08-31,大井,9,りゅう座特別競走(C1),11,1,1,6.0,4,8,笹川翼,54,ダ,2000,良
2022102098,ビーンスモークモカ,2026-08-15,大井,10,立秋特別競走(C2),14,7,12,6.9,4,1,笹川翼,54,ダ,2400,稍
2022102098,ビーンスモークモカ,2026-07-21,大井,10,わし座特別競走(C2),14,4,5,13.4,7,5,達城龍次,54,ダ,2000,良
2022102098,ビーンスモークモカ,2026-07-03,大井,9,ヘラクレス座特別競走(C2),12,5,5,14.2,5,7,達城龍次,54,ダ,1800,不
2022102098,ビーンスモークモカ,2026-06-12,大井,6,C2三 四五(C2四),12,7,9,10.0,7,3,達城龍次,54,ダ,1200,稍
2022102098,ビーンスモークモカ,2025-09-02,大井,6,3歳 選抜牝馬,12,4,4,5.5,3,10,和田譲治,54,ダ,1400,良
2022102098,ビーンスモークモカ,2025-07-18,大井,10,3歳一 二三(3歳二),14,3,5,5.7,3,7,和田譲治,54,ダ,1200,稍
2022102098,ビーンスモークモカ,2025-06-13,大井,4,3歳一 二,14,6,10,4.3,3,8,和田譲治,54,ダ,1200,重
2022102098,ビーンスモークモカ,2025-05-21,大井,5,3歳七 八九(3歳八),14,7,11,4.4,2,1,和田譲治,54,ダ,1200,稍
2022102098,ビーンスモークモカ,2024-12-02,大井,1,2歳 選抜牝馬,13,2,2,27.1,6,1,阿部龍,54,ダ,1200,良
2022102098,ビーンスモークモカ,2024-11-05,大井,3,2歳 新馬,9,4,4,60.7,9,7,和田譲治,54,ダ,1800,稍
2022102126,モズミラクル,2026-08-28,船橋,8,C3 選抜馬,12,8,12,59.3,6,8,西村栄喜,54,ダ,1200,良
2022102126,モズミラクル,2026-08-06,船橋,5,雄風スプリント(C3),9,8,9,49.8,6,3,西村栄喜,54,ダ,1200,良
2022102126,モズミラクル,2026-04-03,船橋,5,C2六 七八 ウ(C2七),12,8,12,131.1,11,10,仲野光馬,54,ダ,1200,稍
2022102126,モズミラクル,2026-03-13,船橋,4,C2七 八九 イ(C2八),9,8,10,,,取,小杉亮,54,ダ,1200,良
2022102126,モズミラクル,2026-02-12,船橋,4,C2六 七八 イ(C2七),12,4,4,205.0,12,8,小杉亮,54,ダ,1200,良
2022102126,モズミラクル,2026-01-23,船橋,6,C2七 八九 ウ(C2八),12,7,10,51.2,6,6,小杉亮,54,ダ,1200,良
2022102126,モズミラクル,2025-12-10,船橋,7,馬い!熊本菊池生ごぼ(C2),12,6,8,32.6,7,10,小杉亮,54,ダ,1200,良
2022102126,モズミラクル,2025-11-10,金沢,3,C113,7,4,4,2.2,2,1,栗原大河,55,ダ,1400,不
2022102126,モズミラクル,2025-09-29,金沢,1,C111,8,6,6,,,取,栗原大河,55,ダ,1500,稍
2022102126,モズミラクル,2025-09-08,金沢,9,アンバー特別(3歳),9,1,1,16.8,6,1,鈴木太一,55,ダ,1400,不
2022102126,モズミラクル,2025-07-29,金沢,9,カーネリアン特別(3歳),8,6,6,8.2,3,4,鈴木太一,55,ダ,1400,良
2022102126,モズミラクル,2025-05-05,金沢,8,つじぽん&amp;せいな結婚(3歳),10,3,3,2.6,1,中,加藤翔馬,55,ダ,1500,良
2022102126,モズミラクル,2025-04-04,船橋,4,3歳七,11,8,11,22.0,4,2,小杉亮,54,ダ,1200,重
2022102126,モズミラクル,2025-03-13,船橋,2,3歳六,10,8,9,16.7,5,8,小杉亮,54,ダ,1200,重
2022102126,モズミラクル,2024-08-07,門別,5,JRA認定競走アタッ(2歳),10,3,3,46.7,6,8,石川倭,55,ダ,1000,稍
2022102126,モズミラクル,2024-07-23,門別,4,2歳牝馬未勝利,9,5,5,2.8,2,3,石川倭,55,ダ,1000,良
2022102126,モズミラクル,2024-06-12,門別,3,JRA認定競走アタッ(2歳),9,8,9,15.6,2,5,石川倭,55,ダ,1000,良
2022102126,モズミラクル,2024-05-29,門別,6,JRA認定競走フレッ(2歳),8,6,6,4.0,2,3,石川倭,55,ダ,1000,良
2022102151,ノーブルジーク,2026-08-17,大井,5,シューティングスター(B2B3),8,3,3,83.7,8,7,中山遥人,54,ダ,1000,稍
2022102151,ノーブルジーク,2026-06-30,大井,9,富士見坂賞競走(B3),9,7,7,147.1,8,9,中山遥人,55,ダ,1200,重
2022102151,ノーブルジーク,2026-06-10,大井,10,リキラリアット賞競走(B3),14,8,13,189.6,11,13,中山遥人,55,ダ,1200,重
2022102151,ノーブルジーク,2026-01-13,大井,9,新助坂賞競走(B3),8,6,6,49.6,7,6,服部茂史,56,ダ,1200,良
2022102151,ノーブルジーク,2025-12-29,大井,8,ミスアサヒロ賞競走(B3),13,5,7,159.8,11,8,藤本現暉,56,ダ,1200,重
2022102151,ノーブルジーク,2025-12-03,大井,10,セレン賞競走(B3),14,4,5,36.3,9,13,藤本現暉,56,ダ,1200,良
2022102151,ノーブルジーク,2025-11-11,大井,12,志村坂賞競走(B3),16,6,12,188.3,14,4,藤本現暉,56,ダ,1200,稍
2022102151,ノーブルジーク,2025-10-21,大井,12,稲荷坂賞競走(B3),15,7,13,38.2,11,14,藤本現暉,56,ダ,1200,稍
2022102151,ノーブルジーク,2025-10-07,大井,8,メキシカン賞(B3),8,6,6,27.5,7,2,藤本現暉,56,ダ,1200,良
2022102151,ノーブルジーク,2025-09-19,大井,9,大黒坂賞競走(B3),8,4,4,41.5,6,4,藤本現暉,55,ダ,1400,不
2022102151,ノーブルジーク,2025-09-05,大井,11,デイリースポーツ賞競(B3),12,5,6,74.1,12,9,藤本現暉,55,ダ,1200,不
2022102151,ノーブルジーク,2025-08-10,大井,8,相生坂賞競走(B3),12,6,7,85.4,9,9,藤本現暉,55,ダ,1400,不
2022102151,ノーブルジーク,2025-07-15,大井,12,六角坂賞競走(B3),15,5,9,133.2,14,9,藤本現暉,55,ダ,1200,不
2022102151,ノーブルジーク,2025-07-03,大井,9,赤坂賞競走(B3),12,8,11,164.5,10,10,藤本現暉,54,ダ,1200,良
2022102151,ノーブルジーク,2025-06-10,大井,12,蛍坂賞競走(B3),14,6,10,9.3,5,7,笹川翼,54,ダ,1600,稍
2022102151,ノーブルジーク,2025-05-23,大井,9,3歳一 二三(3歳二),12,1,1,7.2,3,4,笹川翼,57,ダ,1600,良
2022102151,ノーブルジーク,2025-04-18,大井,5,マーガレット特別競走(3歳二),10,1,1,2.3,1,5,笹川翼,57,ダ,1400,良
2022102151,ノーブルジーク,2025-03-28,大井,5,マトバダンス賞(3歳二),9,1,1,1.5,1,3,笹川翼,57,ダ,1600,稍
2022102151,ノーブルジーク,2025-03-14,大井,3,3歳二 三,9,4,4,4.2,3,3,笹川翼,57,ダ,1600,重
2022102151,ノーブルジーク,2025-02-21,大井,5,3歳一 二,8,6,6,10.3,4,2,和田譲治,57,ダ,1600,良
2022102151,ノーブルジーク,2024-09-12,大井,5,つばめ特別競走(2歳),10,5,5,3.9,2,2,笹川翼,54,ダ,1600,良
2022102151,ノーブルジーク,2024-08-15,大井,5,はやぶさ特別競走(2歳),10,2,2,4.7,3,2,笹川翼,54,ダ,1400,良
2022102151,ノーブルジーク,2024-07-12,大井,5,2歳一 二,7,5,5,1.1,1,1,笹川翼,54,ダ,1400,稍
2022102151,ノーブルジーク,2024-06-03,大井,4,2歳 新馬,6,5,5,2.0,1,2,笹川翼,54,ダ,1400,重
2022102212,ラブリールチア,2026-08-12,大井,10,トゥインクルバースデ(B3),14,3,3,11.9,4,8,御神本訓,54,ダ,1600,不
2022102212,ラブリールチア,2026-07-23,大井,9,マーメイド特別競走(C1),9,7,7,2.7,1,1,矢野貴之,54,ダ,1400,良
2022102212,ラブリールチア,2026-04-27,大井,11,神楽坂賞競走(B3),16,2,4,4.7,2,6,矢野貴之,54,ダ,1400,不
2022102212,ラブリールチア,2026-04-13,大井,11,木の芽坂賞競走(B3),10,7,8,3.0,2,4,矢野貴之,54,ダ,1600,良
2022102212,ラブリールチア,2026-03-13,大井,9,がんばれ!関東の酪農(C1四),14,4,5,1.9,1,1,矢野貴之,54,ダ,1400,良
2022102212,ラブリールチア,2026-02-18,大井,7,C1二 三四(C1三),14,3,3,7.9,4,2,矢野貴之,54,ダ,1600,稍
2022102212,ラブリールチア,2026-01-29,大井,9,C1六 七,8,6,6,1.7,1,2,矢野貴之,54,ダ,1600,良
2022102212,ラブリールチア,2026-01-14,大井,8,C1七 八,13,3,3,5.5,2,2,矢野貴之,54,ダ,1600,良
2022102212,ラブリールチア,2025-05-03,東京,1,3歳未勝利,16,5,9,13.4,5,2,吉田豊,55,ダ,1400,不
2022102212,ラブリールチア,2025-04-12,中山,1,3歳未勝利,14,8,13,41.2,6,6,吉田豊,55,ダ,1800,稍
2022102212,ラブリールチア,2025-01-19,中山,3,3歳未勝利,16,7,13,7.6,4,6,荻野極,55,ダ,1800,良
2022102212,ラブリールチア,2024-11-16,福島,2,2歳未勝利,15,5,8,3.9,2,10,中井裕二,55,ダ,1700,良
2022102212,ラブリールチア,2024-11-03,福島,6,2歳新馬,15,2,2,53.6,9,2,中井裕二,55,ダ,1700,重
2022102352,フレーズボンボン,2026-09-03,大井,9,C2三 四五(C2四),12,6,7,33.1,7,2,田中洸多,54,ダ,1200,良
2022102352,フレーズボンボン,2026-08-17,大井,10,メリッサ特別競走(C2四),12,8,13,32.2,6,6,田中洸多,54,ダ,1200,稍
2022102352,フレーズボンボン,2026-06-29,大井,9,C1八 九,9,8,8,15.8,5,6,菅原涼太,54,ダ,1200,不
2022102352,フレーズボンボン,2026-06-09,大井,8,パナシェ賞(C1),11,7,10,19.7,5,5,菅原涼太,54,ダ,1200,不
2022102352,フレーズボンボン,2026-05-21,大井,9,白百合特別競走(C2),13,7,11,20.7,5,3,菅原涼太,54,ダ,1200,稍
2022102352,フレーズボンボン,2026-05-01,大井,8,ジン・バック賞(C2三),10,7,8,55.9,7,2,菅原涼太,54,ダ,1200,不
2022102352,フレーズボンボン,2026-04-17,大井,9,C2四 五六(C2五),14,3,3,99.6,9,8,菅原涼太,54,ダ,1200,重
2022102352,フレーズボンボン,2026-03-27,大井,6,C2四 五六(C2五),14,5,8,138.2,12,8,菅原涼太,54,ダ,1200,重
2022102352,フレーズボンボン,2026-03-13,大井,6,C2三 四五(C2四),14,7,11,190.8,11,8,菅原涼太,54,ダ,1200,良
2022102352,フレーズボンボン,2026-02-19,大井,10,C2五 六七(C2六),14,5,9,26.3,6,8,菅原涼太,54,ダ,1200,良
2022102352,フレーズボンボン,2026-01-30,大井,7,C2三 四五(C2四),10,7,8,38.9,5,7,菅原涼太,54,ダ,1200,良
2022102352,フレーズボンボン,2026-01-16,大井,6,C2三 四五(C2四),13,5,6,81.1,9,6,菅原涼太,54,ダ,1200,良
2022102352,フレーズボンボン,2025-12-31,大井,6,C2四 五六(C2五),14,4,5,34.0,6,7,藤田凌,54,ダ,1200,稍
2022102352,フレーズボンボン,2025-12-04,大井,6,C2五 六,16,8,16,16.2,6,5,菅原涼太,54,ダ,1200,良
2022102352,フレーズボンボン,2025-11-13,大井,9,C2七 八,13,5,7,11.2,4,9,菅原涼太,54,ダ,1200,稍
2022102352,フレーズボンボン,2025-10-23,大井,6,おおた池月・磨墨賞(C2),12,5,6,22.7,6,3,菅原涼太,54,ダ,1200,重
2022102352,フレーズボンボン,2025-10-08,大井,9,C2八 九十(C2九),13,7,11,17.8,6,2,菅原涼太,54,ダ,1200,良
2022102352,フレーズボンボン,2025-09-19,大井,3,3歳一 二三(3歳二),13,1,1,9.9,4,8,菅原涼太,54,ダ,1200,不
2022102352,フレーズボンボン,2025-09-03,大井,2,3歳四 五,13,4,5,8.2,4,3,菅原涼太,54,ダ,1200,良
2022102352,フレーズボンボン,2025-08-13,大井,3,3歳四 五六(3歳五),14,6,9,8.8,3,5,谷内貫太,53,ダ,1200,重
2022102352,フレーズボンボン,2025-05-17,東京,1,3歳未勝利,16,4,7,19.2,4,6,菅原明良,55,ダ,1400,稍
2022102352,フレーズボンボン,2025-04-27,福島,1,3歳未勝利,16,1,1,8.7,5,7,永島まな,53,ダ,1150,良
2022102352,フレーズボンボン,2025-03-02,中山,3,3歳未勝利,16,6,12,6.6,3,6,菅原明良,55,ダ,1200,良
2022102352,フレーズボンボン,2024-12-14,中山,1,2歳未勝利,16,1,1,4.6,2,12,原優介,54,ダ,1200,良
2022102352,フレーズボンボン,2024-12-01,中山,4,2歳新馬,15,2,2,7.6,3,2,原優介,54,ダ,1200,良
2022102371,ゴーゴーゴウト,2026-08-24,名古屋,7,小野浦特別(C),12,1,1,90.5,9,9,丹羽克輝,57,ダ,1400,良
2022102371,ゴーゴーゴウト,2026-07-17,名古屋,10,南知多特別(C),12,8,11,77.1,11,9,松本一心,57,ダ,1500,良
2022102371,ゴーゴーゴウト,2026-07-03,名古屋,12,金シャチ最終戦777(C),12,7,10,23.3,10,11,望月洵輝,57,ダ,1500,稍
2022102371,ゴーゴーゴウト,2026-06-22,名古屋,10,三ヶ根山特別(C),10,7,9,14.5,3,9,望月洵輝,57,ダ,1500,稍
2022102371,ゴーゴーゴウト,2026-06-05,名古屋,10,新城特別(C),12,6,8,19.7,7,12,望月洵輝,57,ダ,1700,稍
2022102371,ゴーゴーゴウト,2026-05-25,名古屋,10,高浜特別(C),10,5,5,6.2,3,8,望月洵輝,57,ダ,1500,良
2022102371,ゴーゴーゴウト,2026-05-08,名古屋,4,C3組,10,2,2,12.6,5,2,望月洵輝,57,ダ,1500,稍
2022102371,ゴーゴーゴウト,2026-04-24,名古屋,6,C3組,12,4,4,3.0,2,8,渡辺竜也,57,ダ,1500,重
2022102371,ゴーゴーゴウト,2026-04-10,名古屋,3,C10組,11,3,3,28.0,8,1,渡辺竜也,57,ダ,1400,不
2022102371,ゴーゴーゴウト,2026-03-27,名古屋,7,〜高松宮記念〜熱い感(C),10,7,8,56.7,9,8,渡辺竜也,57,ダ,1700,稍
2022102371,ゴーゴーゴウト,2026-03-13,名古屋,7,港北町特別(C),10,7,8,105.6,9,10,渡辺竜也,57,ダ,1400,良
2022102371,ゴーゴーゴウト,2026-03-02,名古屋,9,東風特別(C),12,6,7,142.8,12,10,明星晴大,57,ダ,2000,良
2022102371,ゴーゴーゴウト,2026-02-13,名古屋,9,カップケーキ特別(C),11,8,11,217.9,11,10,東川慎,57,ダ,1700,稍
2022102371,ゴーゴーゴウト,2026-01-30,名古屋,9,香散見草特別(C),10,5,5,26.8,7,9,筒井勇介,57,ダ,2000,良
2022102371,ゴーゴーゴウト,2026-01-19,名古屋,9,すずな特別(C),10,3,3,11.4,3,8,望月洵輝,57,ダ,1400,良
2022102371,ゴーゴーゴウト,2026-01-03,名古屋,11,尾張名古屋杯(C),12,3,3,26.8,7,8,東川慎,57,ダ,1500,稍
2022102371,ゴーゴーゴウト,2025-12-23,名古屋,10,B9組,11,1,1,3.6,2,5,望月洵輝,57,ダ,1700,稍
2022102371,ゴーゴーゴウト,2025-11-14,大井,6,C2四 五六(C2五),14,6,9,24.7,6,14,御神本訓,56,ダ,1600,稍
2022102371,ゴーゴーゴウト,2025-10-24,大井,1,C2四 五,12,5,5,34.1,8,3,藤田凌,56,ダ,1600,重
2022102371,ゴーゴーゴウト,2025-07-18,大井,8,バハマ賞(3歳二),14,8,13,83.3,13,13,山中悠希,56,ダ,1600,稍
2022102371,ゴーゴーゴウト,2025-07-04,大井,3,3歳四 五,12,7,9,38.6,8,11,小野俊斗,53,ダ,1600,良
2022102371,ゴーゴーゴウト,2025-06-12,大井,3,3歳三 四,13,2,2,9.9,5,7,野畑凌,56,ダ,1600,重
2022102371,ゴーゴーゴウト,2025-05-23,大井,9,3歳一 二三(3歳二),12,6,7,65.1,9,9,野畑凌,56,ダ,1600,良
2022102371,ゴーゴーゴウト,2025-05-01,大井,3,3歳四 五六(3歳五),12,8,11,3.6,2,2,野畑凌,56,ダ,1600,稍
2022102371,ゴーゴーゴウト,2025-04-15,大井,3,3歳十 1112(3歳11),11,4,4,3.2,2,1,野畑凌,56,ダ,1600,重
2022102371,ゴーゴーゴウト,2025-03-12,名古屋,7,3歳3組,12,1,1,26.9,9,4,加藤聡一,56,ダ,1500,重
2022102371,ゴーゴーゴウト,2025-02-25,名古屋,6,3歳2組,11,8,10,7.6,5,9,岡部誠,56,ダ,1500,良
2022102371,ゴーゴーゴウト,2025-02-13,名古屋,10,名古屋CCストロベリ(3歳),11,4,4,43.1,7,5,望月洵輝,56,ダ,1500,稍
2022102371,ゴーゴーゴウト,2025-01-28,名古屋,4,3歳2組,10,7,8,2.7,2,3,岡部誠,56,ダ,1500,良
2022102371,ゴーゴーゴウト,2025-01-02,名古屋,9,七福神特別(3歳),11,6,7,19.9,5,7,岡部誠,56,ダ,1500,良
2022102371,ゴーゴーゴウト,2024-12-18,名古屋,5,2歳2組,12,2,2,2.9,2,4,岡部誠,55,ダ,1500,良
2022102371,ゴーゴーゴウト,2024-12-05,名古屋,4,2歳4組,11,6,7,2.2,1,1,岡部誠,55,ダ,1500,良
2022102371,ゴーゴーゴウト,2024-11-09,福島,3,2歳未勝利,16,3,6,27.5,10,中,小林美駒,52,芝,1200,良
2022102371,ゴーゴーゴウト,2024-09-01,札幌,1,2歳未勝利,12,5,5,164.7,10,8,小林勝太,53,芝,1500,稍
2022102371,ゴーゴーゴウト,2024-07-13,函館,1,2歳未勝利,10,5,6,131.7,9,7,小林勝太,52,芝,1800,良
2022102371,ゴーゴーゴウト,2024-06-30,函館,5,2歳新馬,11,3,3,97.1,11,10,小林勝太,52,芝,1800,良
2022102555,フルグライト,2026-09-01,大井,12,秋麗賞(C1七),12,4,4,6.9,3,5,鷹見陸,56,ダ,1200,良
2022102555,フルグライト,2026-08-12,大井,8,C1七 八,13,2,2,2.7,1,12,鷹見陸,56,ダ,1200,不
2022102555,フルグライト,2025-12-29,大井,12,黎明賞(C1),11,3,3,2.4,1,1,鷹見陸,55,ダ,1200,重
2022102555,フルグライト,2025-12-04,大井,6,C2五 六,16,7,13,2.0,1,1,鷹見陸,55,ダ,1200,良
2022102555,フルグライト,2025-11-12,大井,6,C2九 十11(C2十),14,4,6,8.6,2,2,鷹見陸,55,ダ,1200,稍
2022102555,フルグライト,2025-08-31,札幌,3,3歳未勝利,12,5,5,59.2,11,7,松岡正海,57,ダ,1000,稍
2022102555,フルグライト,2025-08-16,札幌,3,3歳未勝利,12,3,3,51.7,7,4,鷲頭虎太,55,ダ,1000,良
2022102555,フルグライト,2025-08-02,札幌,2,3歳未勝利,12,3,3,12.2,5,5,松岡正海,57,ダ,1000,良
2022102555,フルグライト,2025-07-19,函館,2,3歳未勝利,12,8,12,15.1,5,3,鷲頭虎太,54,ダ,1000,良
2022102555,フルグライト,2025-05-31,東京,1,3歳未勝利,16,3,6,12.1,4,14,遠藤汰月,54,ダ,1400,不
2022102555,フルグライト,2025-05-10,東京,1,3歳未勝利,16,2,3,33.5,5,6,松岡正海,57,ダ,1300,重
2022102555,フルグライト,2025-04-19,中山,3,3歳未勝利,16,5,9,31.6,7,4,松岡正海,57,ダ,1200,良
2022102555,フルグライト,2025-01-13,中山,5,3歳新馬,16,1,2,10.4,5,7,松岡正海,57,ダ,1200,良
2022102559,グリスタン,2026-08-15,大井,10,立秋特別競走(C2),14,5,7,14.5,7,9,西優哉,53,ダ,2400,稍
2022102559,グリスタン,2026-07-21,大井,10,わし座特別競走(C2),14,1,1,11.1,6,9,西優哉,53,ダ,2000,良
2022102559,グリスタン,2026-07-02,大井,9,夏至賞(C2),10,8,9,3.9,2,1,西優哉,53,ダ,2400,不
2022102559,グリスタン,2026-06-10,大井,6,万緑特別競走(C2),10,8,10,17.9,3,3,西優哉,53,ダ,2000,重
2022102559,グリスタン,2026-05-19,大井,9,JAいちかわ賞(C2),11,6,8,42.9,10,4,西優哉,53,ダ,2400,良
2022102559,グリスタン,2026-04-30,大井,5,C2五 六,10,8,10,41.6,7,6,西優哉,53,ダ,1600,稍
2022102559,グリスタン,2026-04-15,大井,6,きりん座特別競走(C2),10,2,2,115.6,9,7,吉井章,56,ダ,1800,良
2022102559,グリスタン,2026-03-24,大井,10,おおぐま座特別競走(C2),14,3,4,19.3,10,12,吉井章,56,ダ,2000,良
2022102559,グリスタン,2026-03-12,大井,10,四谷見附特別競走(C2),16,2,4,18.9,6,8,吉井章,56,ダ,1800,良
2022102559,グリスタン,2026-02-20,大井,12,梅見月特別競走(C2),16,7,13,10.6,6,8,吉井章,56,ダ,2000,良
2022102559,グリスタン,2026-01-30,大井,10,初凪特別競走(C2),16,1,2,7.4,5,10,桑村真明,56,ダ,1800,良
2022102559,グリスタン,2026-01-14,大井,10,春駒特別競走(C2),16,6,12,212.6,15,3,桑村真明,56,ダ,2000,良
2022102559,グリスタン,2025-12-30,大井,12,師走特別競走(C2),13,4,5,42.6,7,5,桑村真明,56,ダ,2000,稍
2022102559,グリスタン,2025-12-04,大井,3,C2七 八,14,8,14,115.3,10,13,桑村真明,56,ダ,1600,良
2022102559,グリスタン,2025-11-12,大井,4,C2九 十11(C2十),13,6,9,5.2,2,11,矢野貴之,56,ダ,1600,稍
2022102559,グリスタン,2025-10-20,大井,8,バーボネラ賞(C2),12,1,1,4.4,3,1,矢野貴之,56,ダ,1600,稍
2022102559,グリスタン,2025-10-10,大井,1,3歳一 二,10,4,4,1.6,1,2,矢野貴之,56,ダ,1600,良
2022102559,グリスタン,2025-09-15,大井,6,3歳八 九,12,7,11,1.6,1,2,矢野貴之,56,ダ,1400,稍
2022102559,グリスタン,2025-08-10,新潟,5,3歳未勝利,18,4,8,45.6,10,11,武藤雅,57,芝,1800,稍
2022102559,グリスタン,2025-07-20,函館,3,3歳未勝利,14,5,8,30.9,11,13,藤岡佑介,57,芝,1800,良
2022102559,グリスタン,2025-06-22,函館,4,3歳未勝利,16,4,7,65.9,12,5,武藤雅,57,芝,1800,重
2022102559,グリスタン,2025-04-12,福島,1,3歳未勝利,15,5,8,23.6,7,9,丹内祐次,57,ダ,1700,良
2022102559,グリスタン,2025-01-18,中山,5,3歳未勝利,18,6,12,63.1,9,14,荻野極,57,芝,2000,良
2022102559,グリスタン,2024-11-02,福島,3,2歳未勝利,16,7,14,41.6,11,5,横山琉人,55,芝,1800,稍
2022102559,グリスタン,2024-07-21,福島,5,2歳新馬,13,4,4,25.6,7,6,横山琉人,54,芝,1800,良
2022102589,ナンパセン,2026-08-16,大井,5,清水坂賞競走(B3),9,1,1,1.7,1,2,岡村健司,56,ダ,2000,重
2022102589,ナンパセン,2026-07-21,大井,12,三宅坂賞競走(B3),16,5,10,45.8,10,1,岡村健司,56,ダ,1800,良
2022102589,ナンパセン,2026-06-09,大井,10,鼠坂賞競走(B3),13,5,6,45.9,7,9,岡村健司,56,ダ,1400,不
2022102589,ナンパセン,2026-05-22,大井,12,錦華坂賞競走(B3),15,8,15,26.6,8,7,岡村健司,56,ダ,1400,不
2022102589,ナンパセン,2026-04-27,大井,11,神楽坂賞競走(B3),16,2,3,114.6,15,4,岡村健司,56,ダ,1400,不
2022102589,ナンパセン,2025-08-11,大井,8,鐙坂賞競走(B3),8,5,5,17.0,4,3,野畑凌,55,ダ,1600,不
2022102589,ナンパセン,2025-07-17,大井,12,南部坂賞競走(B3),9,2,2,5.8,3,5,野畑凌,55,ダ,1650,重
2022102589,ナンパセン,2025-06-13,大井,3,3歳一 二,12,6,7,9.2,4,1,野畑凌,57,ダ,1600,重
2022102589,ナンパセン,2025-05-19,大井,9,東京ダービーチャレン(OP)(3歳),11,4,4,24.7,6,8,野畑凌,56,ダ,2000,重
2022102589,ナンパセン,2025-04-18,大井,5,マーガレット特別競走(3歳二),10,4,4,13.9,6,4,川島正太,56,ダ,1400,良
2022102589,ナンパセン,2025-03-13,大井,8,君子蘭特別競走(3歳),11,6,6,75.0,8,6,山本聡哉,56,ダ,1400,重
2022102589,ナンパセン,2025-01-31,大井,3,3歳一 二三(3歳二),7,5,5,5.3,4,4,山本聡哉,56,ダ,1600,良
2022102589,ナンパセン,2025-01-17,大井,3,3歳二 三,11,6,6,6.1,2,3,落合玄太,56,ダ,1400,良
2022102589,ナンパセン,2024-11-17,水沢,12,南部駒賞(重賞),8,5,5,14.9,5,5,山本聡哉,55,ダ,1600,良
2022102589,ナンパセン,2024-10-02,門別,12,サンライズカップ〔H(重賞),8,3,3,36.4,5,7,山本聡哉,56,ダ,1800,良
2022102589,ナンパセン,2024-08-28,門別,6,サードニクス特別(OP)(2歳),8,7,7,5.8,4,1,落合玄太,55,ダ,1700,重
2022102589,ナンパセン,2024-08-08,門別,12,サッポロクラシックカ(重賞),11,7,8,18.9,6,8,落合玄太,55,ダ,1200,良
2022102589,ナンパセン,2024-07-18,門別,7,強心臓キクチで特別(OP)(2歳),11,7,9,14.2,7,1,服部茂史,55,ダ,1200,良
2022102589,ナンパセン,2024-06-26,門別,4,パール特別(OP)(2歳),6,1,1,8.5,5,6,服部茂史,55,ダ,1700,稍
2022102589,ナンパセン,2024-06-05,門別,4,JRA認定競走フレッ(2歳),6,6,6,5.3,3,1,服部茂史,55,ダ,1200,良
2022102602,フェリスチカ,2026-08-08,新潟,11,3歳以上1勝クラス,18,8,16,266.3,16,17,佐藤翔馬,53,芝,1000,良
2022102602,フェリスチカ,2026-06-13,東京,8,3歳以上1勝クラス,18,6,12,535.9,18,15,上里直汰,53,芝,1400,良
2022102602,フェリスチカ,2026-05-10,新潟,7,4歳以上1勝クラス,15,3,4,341.4,15,15,遠藤汰月,53,ダ,1200,良
2022102602,フェリスチカ,2026-03-15,中山,12,4歳以上1勝クラス,16,7,13,229.0,15,15,小林脩斗,56,ダ,1200,良
2022102602,フェリスチカ,2025-12-26,金沢,7,淳ちゃん!どーしたら(C2),,4,4,,,,栗原大河,55,ダ,1400,不
2022102602,フェリスチカ,2025-12-15,金沢,3,箱乃なかみデビュー3(C2),11,5,5,2.7,2,1,栗原大河,55,ダ,1500,不
2022102602,フェリスチカ,2025-12-01,金沢,7,C211,8,1,1,2.3,2,1,栗原大河,55,ダ,1500,稍
2022102602,フェリスチカ,2025-10-21,金沢,4,C27,8,8,8,4.1,2,3,吉田晃浩,55,ダ,1500,良
2022102602,フェリスチカ,2025-07-29,金沢,4,加賀山代賞(3歳),10,7,7,10.5,3,2,吉田晃浩,55,ダ,1500,良
2022102602,フェリスチカ,2025-06-21,阪神,3,3歳未勝利,16,5,10,236.2,15,7,今村聖奈,53,ダ,1200,良
2022102602,フェリスチカ,2025-04-08,川崎,7,エイプリルフラワー賞(3歳),12,8,11,97.6,11,4,舟山瑠泉,51,ダ,1400,稍
2022102602,フェリスチカ,2025-02-01,京都,1,3歳未勝利,13,6,9,380.0,13,10,酒井学,55,ダ,1200,良
2022102602,フェリスチカ,2024-12-07,京都,3,2歳未勝利,14,4,5,352.3,12,12,菱田裕二,55,ダ,1200,良
2022102602,フェリスチカ,2024-09-29,中山,3,2歳新馬,16,7,13,120.9,14,16,国分恭介,55,芝,1200,良
2022102607,ジーティーウララ,2026-09-03,大井,2,C3一 二,16,6,11,11.3,4,4,岡村健司,54,ダ,1200,良
2022102607,ジーティーウララ,2026-08-17,大井,2,C3一 二,14,1,1,21.0,7,3,岡村健司,54,ダ,1200,重
2022102607,ジーティーウララ,2026-07-23,大井,2,C3二 三,16,8,15,58.1,10,7,岡村健司,54,ダ,1200,良
2022102607,ジーティーウララ,2026-06-30,大井,6,C2十 1112(C211),14,5,7,40.9,7,5,岡村健司,54,ダ,1200,重
2022102607,ジーティーウララ,2026-03-23,大井,9,C215 16,13,4,5,11.5,5,5,岡村健司,54,ダ,1200,良
2022102607,ジーティーウララ,2026-03-09,大井,10,C213 1415(C214),13,6,8,20.7,7,5,達城龍次,54,ダ,1400,稍
2022102607,ジーティーウララ,2026-02-16,大井,7,C215 16,14,6,9,21.7,6,6,岡村健司,54,ダ,1200,良
2022102607,ジーティーウララ,2026-01-26,大井,7,C216 17,14,1,1,125.9,7,4,岡村健司,54,ダ,1200,良
2022102607,ジーティーウララ,2026-01-12,大井,8,C215 16,13,3,3,32.8,7,11,西啓太,54,ダ,1600,良
2022102607,ジーティーウララ,2025-12-24,大井,6,リトル・プリンセス賞(C2),12,7,9,5.0,3,6,西啓太,54,ダ,1600,重
2022102607,ジーティーウララ,2025-11-13,名古屋,4,C4組,11,7,9,2.6,1,2,山田祥雄,55,ダ,1400,稍
2022102607,ジーティーウララ,2025-10-31,名古屋,10,ハロウィン・ナイト特(C),12,8,12,13.7,5,2,山田祥雄,55,ダ,1700,重
2022102607,ジーティーウララ,2025-10-16,名古屋,6,C10組,12,2,2,5.2,2,1,山田祥雄,55,ダ,1500,不
2022102607,ジーティーウララ,2025-10-01,名古屋,5,3歳4組,12,6,7,7.2,3,3,山田祥雄,55,ダ,1400,良
2022102607,ジーティーウララ,2025-09-17,名古屋,4,3歳5組,12,8,11,40.6,8,3,山田祥雄,55,ダ,1500,良
2022102607,ジーティーウララ,2025-09-03,名古屋,5,3歳5組,12,6,7,55.8,8,2,山田祥雄,55,ダ,1700,良
2022102607,ジーティーウララ,2025-08-20,名古屋,1,名古屋モーニングフィ(3歳),11,6,6,63.3,8,8,山田祥雄,55,ダ,1500,良
2022102607,ジーティーウララ,2025-07-21,名古屋,2,名古屋モーニングフィ(3歳),11,2,2,51.3,7,5,山田祥雄,55,ダ,1500,良
2022102607,ジーティーウララ,2025-07-08,名古屋,4,八宇子さん誕生日記念(3歳),12,8,11,8.3,4,7,宮下瞳,53,ダ,1700,良
2022102607,ジーティーウララ,2025-06-27,名古屋,4,3歳10組,12,7,10,5.2,3,1,宮下瞳,53,ダ,1500,重
2022102607,ジーティーウララ,2025-06-06,名古屋,2,3歳9組,11,6,8,16.9,6,5,山田祥雄,55,ダ,1500,良
2022102607,ジーティーウララ,2025-04-24,浦和,9,ツインメイト特別(3歳),12,7,9,75.7,11,10,遠藤汰月,51,ダ,1400,良
2022102607,ジーティーウララ,2025-03-08,中山,3,3歳未勝利,16,5,9,258.1,14,14,遠藤汰月,52,ダ,1200,重
2022102607,ジーティーウララ,2025-01-25,中山,3,3歳未勝利,16,5,9,300.7,15,14,野中悠太,55,ダ,1200,良
2022102607,ジーティーウララ,2024-12-22,中山,5,2歳新馬,16,2,3,227.5,15,12,佐藤翔馬,52,ダ,1200,良
2022102616,エイシンガウディ,2026-07-03,名古屋,11,ルビー・サンセットオ(A),11,2,2,2.7,2,4,望月洵輝,56,ダ,1700,稍
2022102616,エイシンガウディ,2026-06-12,笠松,12,飛騨OP(A),9,8,8,1.6,1,1,望月洵輝,58,ダ,1900,良
2022102616,エイシンガウディ,2026-05-15,笠松,12,岐阜OP(A),8,1,1,3.2,2,1,望月洵輝,57,ダ,1800,良
2022102616,エイシンガウディ,2026-04-22,名古屋,11,穀雨特別(A),12,2,2,1.2,1,1,望月洵輝,57,ダ,1500,良
2022102616,エイシンガウディ,2026-04-10,名古屋,10,八重桜特別(A),9,6,6,1.3,1,2,望月洵輝,57,ダ,1700,不
2022102616,エイシンガウディ,2026-03-10,名古屋,12,前ケ須街道特別(B),11,7,9,2.3,2,1,大畑雅章,57,ダ,1700,良
2022102616,エイシンガウディ,2026-02-09,名古屋,11,フォンダンショコラ特(B),9,1,1,2.3,2,2,望月洵輝,57,ダ,1700,良
2022102616,エイシンガウディ,2026-01-28,名古屋,12,B4組,11,6,7,1.1,1,1,望月洵輝,57,ダ,1500,良
2022102616,エイシンガウディ,2026-01-05,名古屋,12,仕事始め賞(B),11,5,5,2.3,1,1,望月洵輝,57,ダ,1700,良
2022102616,エイシンガウディ,2025-12-24,名古屋,4,C4組,11,5,5,1.1,1,1,望月洵輝,57,ダ,1500,不
2022102616,エイシンガウディ,2025-12-10,名古屋,3,甲斐さん優勝おめでと(C),12,2,2,2.0,2,2,大畑慧悟,57,ダ,1500,良
2022102616,エイシンガウディ,2025-11-12,名古屋,9,C8組,12,1,1,1.5,1,2,加藤聡一,57,ダ,1500,稍
2022102616,エイシンガウディ,2025-10-30,名古屋,6,祥都くん生誕1周年記(C),12,5,6,2.3,2,2,加藤聡一,57,ダ,1500,良
2022102616,エイシンガウディ,2025-10-16,名古屋,7,C9組,12,4,4,1.3,1,2,大畑雅章,57,ダ,1500,不
2022102616,エイシンガウディ,2025-07-27,中京,2,3歳未勝利,16,6,12,7.1,4,8,田口貫太,57,ダ,1800,良
2022102616,エイシンガウディ,2025-07-06,小倉,2,3歳未勝利,16,1,2,6.6,4,4,田口貫太,57,ダ,1700,良
2022102616,エイシンガウディ,2025-06-15,阪神,2,3歳未勝利,14,7,11,9.0,4,4,ディー,57,ダ,1800,不
2022102616,エイシンガウディ,2025-05-31,京都,3,3歳未勝利,15,2,3,43.8,9,6,酒井学,57,ダ,1800,良
2022102616,エイシンガウディ,2025-01-06,中京,5,3歳未勝利,18,1,2,131.4,13,11,幸英明,57,芝,2000,良
2022102616,エイシンガウディ,2024-12-22,京都,4,2歳新馬,13,5,7,27.5,8,4,酒井学,56,ダ,1800,良
2022102646,マジシャンガール,2026-08-14,大井,8,C1五 六,16,3,5,4.9,3,3,矢野貴之,54,ダ,1200,不
2022102646,マジシャンガール,2026-07-24,大井,8,テネシー・クーラー賞(C1C2),12,5,6,1.9,1,7,矢野貴之,55,ダ,1000,良
2022102646,マジシャンガール,2026-07-01,大井,12,タイタン賞(C1四),15,6,10,5.7,3,4,矢野貴之,54,ダ,1200,稍
2022102646,マジシャンガール,2026-05-21,大井,7,C1二 三四(C1三),11,6,6,2.8,2,3,矢野貴之,54,ダ,1200,稍
2022102646,マジシャンガール,2026-04-15,大井,10,C1六 七,14,3,3,1.9,1,2,矢野貴之,54,ダ,1200,良
2022102646,マジシャンガール,2026-03-11,大井,10,C1六 七八(C1七),14,2,2,3.9,2,2,和田譲治,54,ダ,1200,良
2022102646,マジシャンガール,2026-02-16,大井,10,C1七 八,14,5,8,14.0,4,2,本田正重,54,ダ,1200,良
2022102646,マジシャンガール,2025-08-12,大井,7,C1七 八,14,5,8,2.7,1,5,本田正重,53,ダ,1200,重
2022102646,マジシャンガール,2025-07-04,大井,7,3歳一 二三(3歳二),11,3,3,1.8,1,6,矢野貴之,54,ダ,1200,良
2022102646,マジシャンガール,2025-06-11,大井,3,3歳五 六七(3歳六),13,8,14,1.3,1,1,矢野貴之,54,ダ,1200,重
2022102646,マジシャンガール,2024-10-04,大井,4,2歳 新馬,7,5,5,1.4,1,1,矢野貴之,54,ダ,1200,稍
2022102664,ダンディキング,2025-09-04,大井,7,3歳一 二三(3歳二),15,5,8,12.2,2,10,野畑凌,56,ダ,1200,良
2022102664,ダンディキング,2025-08-14,大井,7,3歳一 二三(3歳二),13,3,4,4.0,2,6,藤田凌,56,ダ,1200,良
2022102664,ダンディキング,2025-07-18,大井,9,3歳一 二三(3歳二),12,8,12,2.4,1,5,藤田凌,56,ダ,1400,稍
2022102664,ダンディキング,2025-07-04,大井,4,3歳四 五,12,3,3,3.1,2,2,藤田凌,56,ダ,1200,良
2022102664,ダンディキング,2025-06-11,大井,3,3歳五 六七(3歳六),13,2,2,12.9,4,2,藤田凌,56,ダ,1200,重
2022102664,ダンディキング,2024-12-01,大井,2,2歳九 十,14,8,13,7.7,4,1,藤田凌,55,ダ,1200,良
2022102664,ダンディキング,2024-11-05,大井,4,2歳 新馬,7,3,3,10.8,4,5,藤田凌,55,ダ,1400,稍
2022102666,サブノルアナの競走成績,2026-08-31,大井,7,C2八 九十(C2九),13,2,2,20.6,7,9,中山遥人,53,ダ,1600,良
2022102666,サブノルアナの競走成績,2026-08-13,大井,6,エバ・グリーン賞(C2),12,4,4,14.8,8,11,藤田凌,54,ダ,1600,不
2022102666,サブノルアナの競走成績,2026-07-23,大井,1,C3二 三,13,3,3,17.4,7,1,中山遥人,53,ダ,1600,良
2022102666,サブノルアナの競走成績,2026-06-30,大井,4,C2十 1112(C211),10,7,7,7.2,5,4,中山遥人,53,ダ,1600,重
2022102666,サブノルアナの競走成績,2026-06-10,大井,1,C3三 四,14,5,8,9.5,4,1,中山遥人,53,ダ,1600,重
2022102666,サブノルアナの競走成績,2026-05-19,大井,1,C3四 五六(C3五),13,4,6,35.6,10,3,中山遥人,53,ダ,1600,良
2022102666,サブノルアナの競走成績,2026-04-27,大井,1,C3六 七,14,3,3,7.9,4,8,中山遥人,53,ダ,1600,不
2022102666,サブノルアナの競走成績,2026-04-13,大井,1,C3六 七,13,7,11,15.8,5,3,中山遥人,53,ダ,1600,良
2022102666,サブノルアナの競走成績,2026-03-23,大井,2,C3七 八,14,6,9,66.1,8,6,中山遥人,53,ダ,1600,良
2022102666,サブノルアナの競走成績,2026-03-09,大井,2,C3七 八,12,8,12,104.9,6,6,中山遥人,53,ダ,1600,稍
2022102666,サブノルアナの競走成績,2026-02-16,大井,2,C3八 九,12,6,8,124.6,8,6,中山遥人,52,ダ,1600,良
2022102666,サブノルアナの競走成績,2026-01-27,大井,2,C3六 七,14,7,12,269.2,13,13,鷹見陸,54,ダ,1600,良
2022102666,サブノルアナの競走成績,2026-01-12,大井,2,C3八 九,13,5,7,148.2,12,9,福原杏,54,ダ,1600,良
2022102666,サブノルアナの競走成績,2025-12-30,大井,1,3歳三 四,10,7,8,109.8,6,9,藤本現暉,54,ダ,1600,稍
2022102666,サブノルアナの競走成績,2025-12-04,大井,1,3歳四 五,10,7,7,26.1,4,4,藤本現暉,54,ダ,1600,良
2022102666,サブノルアナの競走成績,2025-11-11,大井,2,3歳三 四,14,5,7,72.6,7,9,鷹見陸,53,ダ,1200,稍
2022102666,サブノルアナの競走成績,2025-10-20,大井,4,ひと、つながる。墨田(3歳),12,4,4,82.8,10,3,鷹見陸,53,ダ,1400,稍
2022102666,サブノルアナの競走成績,2025-10-08,大井,1,3歳五 六,9,1,1,11.6,3,5,鷹見陸,53,ダ,1400,良
2022102666,サブノルアナの競走成績,2025-09-15,大井,3,3歳十 11,11,5,5,70.7,7,6,鷹見陸,53,ダ,1400,稍
2022102666,サブノルアナの競走成績,2025-02-18,大井,3,3歳十 11,10,6,6,123.3,9,10,安藤洋一,54,ダ,1400,良
2022102666,サブノルアナの競走成績,2025-01-28,大井,3,3歳十 11,11,8,10,70.6,9,9,安藤洋一,54,ダ,1400,良
2022102666,サブノルアナの競走成績,2025-01-13,大井,3,3歳 新馬,6,2,2,37.2,6,4,藤本現暉,54,ダ,1200,稍
2022102667,レナ,2026-03-09,大井,3,C3七 八,15,3,4,426.2,13,15,藤本現暉,54,ダ,1200,稍
2022102667,レナ,2026-01-27,大井,2,C3六 七,14,7,11,251.3,11,14,藤本現暉,54,ダ,1600,良
2022102667,レナ,2026-01-12,大井,2,C3八 九,13,1,1,145.3,11,12,藤田凌,54,ダ,1600,良
2022102667,レナ,2025-12-30,大井,2,3歳三 四,16,6,11,259.4,15,14,佐野遥久,53,ダ,1200,稍
2022102667,レナ,2025-12-05,大井,2,坂井市越前がに賞(3歳二),13,6,9,404.4,12,13,藤本現暉,54,ダ,1400,良
2022102667,レナ,2025-11-11,大井,1,3歳三 四,10,8,9,76.5,6,7,藤田凌,54,ダ,1600,稍
2022102667,レナ,2025-10-20,大井,4,ひと、つながる。墨田(3歳),12,5,5,76.5,8,4,藤田凌,54,ダ,1400,稍
2022102667,レナ,2025-10-08,大井,1,3歳五 六,9,5,5,34.4,7,4,藤田凌,54,ダ,1400,良
2022102667,レナ,2025-09-15,大井,4,3歳十 11,13,7,12,46.1,9,10,野畑凌,54,ダ,1200,稍
2022102667,レナ,2025-09-01,大井,7,3歳九 十,14,5,7,54.1,9,13,野畑凌,54,ダ,1200,良
2022102667,レナ,2025-08-10,大井,4,マンハッタン賞(3歳),11,8,11,36.1,7,5,野畑凌,54,ダ,1200,不
2022102667,レナ,2025-06-30,大井,6,3歳11 1213(3歳12),9,8,9,44.1,8,9,野畑凌,54,ダ,1400,良
2022102667,レナ,2025-06-09,大井,1,3歳 選抜牝馬,11,6,6,5.3,3,4,野畑凌,54,ダ,1200,良
2022102667,レナ,2025-05-19,大井,1,3歳16,11,7,8,21.4,5,5,野畑凌,54,ダ,1200,重
2022102667,レナ,2025-04-29,大井,3,3歳 選抜牝馬,11,6,7,38.2,6,8,野畑凌,54,ダ,1200,不
2022102667,レナ,2025-04-14,大井,4,3歳 選抜牝馬,14,2,2,181.0,12,9,野畑凌,54,ダ,1200,不
2022102667,レナ,2024-10-14,大井,3,江東!コトミちゃん記(2歳),12,3,3,36.4,7,9,野畑凌,54,ダ,1200,良
2022102667,レナ,2024-10-01,大井,3,2歳 選抜牝馬,10,5,5,36.2,7,9,野畑凌,54,ダ,1200,良
2022102667,レナ,2024-09-11,大井,3,2歳七,10,7,8,23.5,5,9,藤本現暉,54,ダ,1200,良
2022102667,レナ,2024-08-17,大井,3,2歳 新馬,7,2,2,43.7,6,6,藤本現暉,54,ダ,1400,重
2022102667,レナ,2024-08-16,大井,3,2歳 新馬,,2,2,,,,藤本現暉,54,ダ,1400,
2022102676,アメシスト,2026-08-13,大井,6,エバ・グリーン賞(C2),12,4,5,13.8,6,5,藤本現暉,54,ダ,1600,不
2022102676,アメシスト,2026-07-20,大井,7,C211 1213(C212),10,5,5,23.2,7,6,藤本現暉,54,ダ,1600,良
2022102676,アメシスト,2026-07-01,大井,4,C2八 九,14,5,7,12.7,7,4,藤本現暉,54,ダ,1600,稍
2022102676,アメシスト,2026-06-09,大井,5,C2九 十11(C2十),11,5,5,20.7,5,9,藤本現暉,54,ダ,1400,不
2022102676,アメシスト,2026-02-18,大井,3,C2十 11,14,3,3,16.1,4,14,藤本現暉,54,ダ,1600,稍
2022102676,アメシスト,2026-01-27,大井,8,C211 1213(C212),14,8,14,7.7,3,14,藤本現暉,54,ダ,1400,良
2022102676,アメシスト,2025-10-10,大井,1,3歳一 二,10,7,8,3.0,2,1,藤本現暉,54,ダ,1600,良
2022102676,アメシスト,2025-09-01,大井,6,3歳九 十,13,8,13,10.9,3,2,藤本現暉,54,ダ,1400,良
2022102676,アメシスト,2025-08-10,大井,4,マンハッタン賞(3歳),11,1,1,3.7,2,4,藤本現暉,54,ダ,1200,不
2022102676,アメシスト,2025-03-24,大井,6,3歳12 13,13,8,12,2.8,1,10,矢野貴之,54,ダ,1400,良
2022102676,アメシスト,2025-02-17,大井,2,3歳12 1314(3歳13),11,6,6,2.8,1,3,藤本現暉,54,ダ,1600,良
2022102685,マルカンプレスト,2026-08-31,大井,2,C3五 六,14,4,6,29.1,8,7,Ｆ．ゴン,56,ダ,1200,良
2022102685,マルカンプレスト,2026-08-15,大井,1,C3五 六,12,4,4,17.9,5,12,松崎正泰,56,ダ,1600,重
2022102685,マルカンプレスト,2026-07-20,大井,2,C3六 七,15,8,15,39.2,9,8,達城龍次,56,ダ,1200,稍
2022102685,マルカンプレスト,2026-04-29,大井,2,C3二 三,13,7,10,44.5,9,12,杉山海波,53,ダ,1200,稍
2022102685,マルカンプレスト,2026-03-26,大井,3,C3二 三四(C3三),14,8,14,129.6,14,10,江里口裕,56,ダ,1200,不
2022102685,マルカンプレスト,2026-03-11,大井,2,C3三 四,12,8,12,4.6,3,5,江里口裕,56,ダ,1200,良
2022102685,マルカンプレスト,2026-02-17,大井,1,C3六 七,15,4,6,25.5,6,2,江里口裕,56,ダ,1200,稍
2022102685,マルカンプレスト,2026-01-26,大井,2,C3八 九,13,7,11,37.4,6,2,江里口裕,56,ダ,1200,良
2022102685,マルカンプレスト,2026-01-12,大井,2,C3八 九,13,7,11,112.6,9,13,江里口裕,56,ダ,1600,良
2022102685,マルカンプレスト,2025-12-30,大井,2,3歳三 四,16,4,7,58.6,9,15,江里口裕,56,ダ,1200,稍
2022102685,マルカンプレスト,2025-12-04,大井,2,3歳四 五,14,6,10,17.4,5,6,江里口裕,56,ダ,1200,良
2022102685,マルカンプレスト,2025-11-11,大井,2,3歳三 四,14,2,2,87.1,8,4,江里口裕,56,ダ,1200,稍
2022102685,マルカンプレスト,2025-07-14,大井,4,3歳九 十,13,6,10,,,除,松崎正泰,56,ダ,1400,稍
2022102685,マルカンプレスト,2025-06-30,大井,6,3歳11 1213(3歳12),9,4,4,4.5,2,6,矢野貴之,56,ダ,1400,良
2022102685,マルカンプレスト,2025-05-19,大井,2,3歳14 15,10,3,3,2.5,2,5,矢野貴之,56,ダ,1400,重
2022102685,マルカンプレスト,2025-04-28,大井,3,3歳15 16,11,2,2,3.0,2,3,矢野貴之,56,ダ,1400,稍
2022102741,タンパベイ,2025-10-20,大井,9,C214 15,10,7,8,65.8,9,10,千田洋,56,ダ,1200,稍
2022102741,タンパベイ,2025-10-06,大井,7,C214 1516(C215),13,3,3,53.0,10,11,千田洋,56,ダ,1400,良
2022102741,タンパベイ,2025-09-18,大井,2,3歳四 五,13,8,13,175.7,13,13,千田洋,56,ダ,1200,良
2022102741,タンパベイ,2025-09-03,大井,2,3歳四 五,13,5,6,97.3,10,11,千田洋,56,ダ,1200,良
2022102741,タンパベイ,2025-08-13,大井,2,3歳四 五六(3歳五),14,6,10,143.5,11,8,千田洋,56,ダ,1400,重
2022102741,タンパベイ,2025-07-16,大井,4,3歳四 五六(3歳五),14,7,11,34.0,8,12,千田洋,56,ダ,1400,不
2022102741,タンパベイ,2025-06-30,大井,6,3歳11 1213(3歳12),9,5,5,33.1,6,1,千田洋,56,ダ,1400,良
2022102741,タンパベイ,2024-09-10,大井,5,2歳五 六,13,5,6,39.8,8,11,赤岡修次,54,ダ,1200,良
2022102741,タンパベイ,2024-08-14,大井,3,2歳五,13,6,9,5.3,3,9,本田正重,54,ダ,1200,良
2022102741,タンパベイ,2024-07-12,大井,4,2歳 新馬,7,7,7,8.0,5,5,吉井章,54,ダ,1200,稍
2022102818,ブラックレッド,2026-08-31,大井,2,C3五 六,14,4,5,23.0,5,9,和田譲治,56,ダ,1200,良
2022102818,ブラックレッド,2026-06-10,大井,1,C3三 四,14,6,9,4.1,1,4,矢野貴之,56,ダ,1600,重
2022102818,ブラックレッド,2026-05-19,大井,2,C3四 五六(C3五),12,8,11,3.2,1,4,矢野貴之,56,ダ,1400,良
2022102818,ブラックレッド,2026-04-28,大井,2,C3四 五,13,4,5,29.0,5,8,矢野貴之,56,ダ,1200,不
2022102818,ブラックレッド,2026-04-15,大井,2,C3四 五,13,3,3,51.5,5,4,矢野貴之,56,ダ,1200,良
2022102818,ブラックレッド,2026-03-23,大井,2,C3七 八,14,2,2,13.9,3,5,矢野貴之,56,ダ,1600,良
2022102818,ブラックレッド,2026-03-09,大井,2,C3七 八,12,7,10,15.6,4,5,矢野貴之,56,ダ,1600,稍
2022102818,ブラックレッド,2026-02-17,大井,2,C3六 七,13,5,7,5.4,3,7,矢野貴之,56,ダ,1600,稍
2022102818,ブラックレッド,2026-01-27,大井,1,C3六 七,14,6,9,3.1,1,10,中山遥人,54,ダ,1200,良
2022102818,ブラックレッド,2026-01-12,大井,2,C3八 九,13,3,4,4.5,2,6,中山遥人,54,ダ,1600,良
2022102818,ブラックレッド,2025-12-15,金沢,5,お祝いありがとう!み(C2),8,6,6,1.5,1,2,栗原大河,57,ダ,1400,不
2022102818,ブラックレッド,2025-12-02,金沢,6,C24,7,7,7,4.7,2,2,栗原大河,57,ダ,1400,良
2022102818,ブラックレッド,2025-11-17,金沢,3,C27,7,7,7,3.1,3,1,栗原大河,57,ダ,1500,良
2022102818,ブラックレッド,2025-11-05,金沢,8,C28 特別編成(C2特別),8,4,4,2.2,1,1,栗原大河,57,ダ,1500,稍
2022102818,ブラックレッド,2025-10-19,金沢,1,C216,8,6,6,2.7,2,3,栗原大河,57,ダ,1500,重
2022102818,ブラックレッド,2025-09-13,中山,12,3歳以上1勝クラス,16,1,1,378.8,16,14,原田和真,55,芝,2000,稍
2022102818,ブラックレッド,2025-08-17,札幌,4,3歳未勝利,14,7,11,366.7,13,12,原田和真,57,ダ,1700,良
2022102818,ブラックレッド,2025-07-22,浦和,9,ツインマッチ特別(3歳),11,6,6,37.9,9,7,柴田大知,56,ダ,1400,良
2022102818,ブラックレッド,2025-06-22,東京,2,3歳未勝利,16,6,12,186.3,15,14,佐藤翔馬,54,ダ,1600,良
2022102818,ブラックレッド,2025-04-05,中山,3,3歳未勝利,12,7,9,171.7,10,7,原田和真,57,ダ,1800,重
2022102818,ブラックレッド,2025-03-08,中山,6,3歳未勝利,16,1,2,39.2,9,10,原田和真,57,ダ,1800,稍
2022102818,ブラックレッド,2025-02-09,東京,5,3歳新馬,16,5,9,228.4,16,6,原田和真,57,芝,1600,良
2022102838,モズミコシ,2026-07-08,川崎,3,C2三 四,10,8,10,2.6,2,10,野畑凌,56,ダ,1400,稍
2022102838,モズミコシ,2026-06-16,川崎,4,C2一 二,12,7,10,1.9,1,9,野畑凌,56,ダ,1400,稍
2022102838,モズミコシ,2026-05-14,川崎,5,C2五 六,12,7,9,1.4,1,1,野畑凌,56,ダ,1400,良
2022102838,モズミコシ,2026-04-10,川崎,5,C3一 二,12,7,9,1.1,1,1,野畑凌,56,ダ,1400,重
2022102838,モズミコシ,2026-02-05,川崎,3,C3三 四,12,8,12,1.6,1,1,野畑凌,56,ダ,1400,良
2022102838,モズミコシ,2025-12-12,笠松,9,C11組,10,1,1,2.6,2,3,塚本征吾,57,ダ,1600,良
2022102838,モズミコシ,2025-11-28,笠松,11,平湯温泉特別(C),8,5,5,4.8,3,2,塚本征吾,57,ダ,1400,良
2022102838,モズミコシ,2025-11-18,笠松,2,C15組,12,3,3,3.8,2,1,塚本征吾,57,ダ,1400,良
2022102838,モズミコシ,2025-11-04,笠松,6,立冬特別(C),12,1,1,97.5,7,6,大畑慧悟,57,ダ,1400,良
2022102838,モズミコシ,2025-10-21,笠松,1,C27組,8,6,6,6.3,3,1,塚本征吾,57,ダ,800,良
2022102838,モズミコシ,2025-10-07,笠松,4,関ヶ原組改名7周年記(C),8,8,8,19.1,5,6,塚本征吾,57,ダ,1400,良
2022102838,モズミコシ,2025-09-11,笠松,5,茂地夫妻結婚記念(3歳),6,5,5,,,取,塚本征吾,57,ダ,1400,良
2022102838,モズミコシ,2025-08-09,中京,5,3歳未勝利,16,4,8,194.7,13,13,河原田菜,53,ダ,1200,良
2022102838,モズミコシ,2025-05-25,新潟,1,3歳未勝利,16,7,14,112.6,12,16,国分恭介,57,芝,1200,稍
2022102879,チマルの競走成績,2026-09-03,大井,8,ネグローニ賞(C2四),14,3,3,3.6,2,2,鷹見陸,56,ダ,1400,良
2022102879,チマルの競走成績,2026-07-20,大井,8,マタドール賞(C212),13,5,8,6.0,3,1,鷹見陸,56,ダ,1400,良
2022102879,チマルの競走成績,2026-07-03,大井,9,ヘラクレス座特別競走(C2),12,5,6,4.8,2,6,安藤洋一,56,ダ,1800,不
2022102879,チマルの競走成績,2026-06-08,大井,8,C212 1314(C213),12,6,7,2.8,2,1,安藤洋一,56,ダ,1400,不
2022102879,チマルの競走成績,2025-12-25,大井,7,C215 1617(C216),14,7,11,6.5,4,7,安藤洋一,56,ダ,1600,重
2022102879,チマルの競走成績,2025-12-04,大井,1,3歳四 五,10,8,9,1.9,2,1,鷹見陸,55,ダ,1600,良
2022102879,チマルの競走成績,2025-11-11,大井,1,3歳三 四,10,1,1,8.4,3,2,安藤洋一,56,ダ,1600,稍
2022102879,チマルの競走成績,2025-10-20,大井,5,港区みんなと結ぶ「へ(3歳),9,2,2,2.6,2,3,安藤洋一,56,ダ,1200,稍
2022102879,チマルの競走成績,2025-01-27,大井,2,3歳 新馬,14,5,8,7.4,4,6,安藤洋一,56,ダ,1200,良
2022102908,ジャスミンツー,2026-08-13,大井,10,サマートゥインクル賞(B2B3),14,3,4,9.0,4,11,本橋孝太,53,ダ,1200,不
2022102908,ジャスミンツー,2026-07-20,大井,12,六角坂賞競走(B3),14,7,11,29.8,6,2,本橋孝太,54,ダ,1200,良
2022102908,ジャスミンツー,2026-07-01,大井,7,B3六,12,5,6,24.3,5,2,本橋孝太,54,ダ,1200,稍
2022102908,ジャスミンツー,2026-06-10,大井,10,リキラリアット賞競走(B3),14,6,10,37.8,6,4,本橋孝太,54,ダ,1200,重
2022102908,ジャスミンツー,2026-05-18,大井,12,クレマチス特別競走(C1),14,4,7,8.4,5,1,本橋孝太,54,ダ,1200,良
2022102908,ジャスミンツー,2026-04-29,大井,9,C1六 七八(C1七),14,1,1,7.0,4,4,本橋孝太,54,ダ,1200,稍
2022102908,ジャスミンツー,2026-04-15,大井,10,C1六 七,14,5,7,14.2,4,4,本橋孝太,54,ダ,1200,良
2022102908,ジャスミンツー,2026-03-26,大井,10,C1六 七,14,3,4,39.2,9,4,本橋孝太,54,ダ,1200,不
2022102908,ジャスミンツー,2025-11-11,大井,9,がんばれ!馬産地日高(C1),13,8,13,31.8,5,10,高橋優,54,ダ,1200,稍
2022102908,ジャスミンツー,2025-10-23,大井,9,散歩が楽しいまち江戸(C1),14,6,10,20.3,6,5,本橋孝太,54,ダ,1200,重
2022102908,ジャスミンツー,2025-09-17,大井,9,フォーチュネイトりん(C13歳),14,1,1,9.4,5,4,本橋孝太,55,ダ,1200,良
2022102908,ジャスミンツー,2025-09-02,大井,10,花野特別競走(C1),13,5,7,12.2,5,7,藤本現暉,53,ダ,1200,良
2022102908,ジャスミンツー,2025-08-14,大井,7,3歳一 二三(3歳二),13,5,8,13.0,5,2,本橋孝太,54,ダ,1200,良
2022102908,ジャスミンツー,2025-07-18,大井,10,3歳一 二三(3歳二),14,2,2,47.8,7,2,本橋孝太,54,ダ,1200,稍
2022102908,ジャスミンツー,2025-07-01,大井,9,夏椿特別競走(3歳),14,6,10,86.0,10,7,笹川翼,54,ダ,1400,良
2022102908,ジャスミンツー,2025-06-13,大井,3,3歳一 二,12,5,5,54.2,9,10,笹川翼,54,ダ,1600,重
2022102908,ジャスミンツー,2025-03-14,大井,3,3歳二 三,9,8,8,77.1,7,9,今野忠成,54,ダ,1600,重
2022102908,ジャスミンツー,2025-02-19,大井,9,クロッカス特別競走(3歳),10,1,1,25.4,7,6,笹川翼,54,ダ,1600,良
2022102908,ジャスミンツー,2025-01-30,大井,5,ひなぎく特別競走(3歳),11,6,7,83.0,8,9,藤本現暉,54,ダ,1400,良
2022102908,ジャスミンツー,2024-12-27,大井,5,2歳五 六,11,4,4,3.0,1,1,笹川翼,54,ダ,1200,良
2022102908,ジャスミンツー,2024-12-03,大井,2,2歳五 六,14,5,8,4.6,2,3,笹川翼,54,ダ,1200,良
2022102908,ジャスミンツー,2024-07-30,大井,5,2歳 新馬,7,8,8,3.1,2,2,笹川翼,54,ダ,1200,良
2022102922,カッタラキマセン,2026-07-03,大井,10,C2三 四五(C2四),14,7,11,7.2,4,2,笹川翼,54,ダ,1200,不
2022102922,カッタラキマセン,2026-06-12,大井,6,C2三 四五(C2四),12,2,2,9.8,6,9,笹川翼,54,ダ,1200,稍
2022102922,カッタラキマセン,2026-05-21,大井,9,白百合特別競走(C2),13,4,6,21.9,6,4,笹川翼,54,ダ,1200,稍
2022102922,カッタラキマセン,2026-04-30,大井,6,C2五 六,14,8,14,17.4,7,3,吉原寛人,54,ダ,1200,稍
2022102922,カッタラキマセン,2026-04-16,大井,6,C2七 八九(C2八),14,5,7,14.9,7,9,吉原寛人,54,ダ,1200,不
2022102922,カッタラキマセン,2025-12-30,大井,6,C2七 八,14,3,3,29.3,6,7,吉原寛人,54,ダ,1200,稍
2022102922,カッタラキマセン,2025-12-04,大井,6,C2五 六,16,8,15,27.6,9,7,吉原寛人,54,ダ,1200,良
2022102922,カッタラキマセン,2025-09-16,大井,7,3歳六 七,14,4,5,6.1,3,1,Ｍ．ミシ,52,ダ,1200,稍
2022102922,カッタラキマセン,2025-09-03,大井,2,3歳四 五,13,1,1,8.5,5,7,谷内貫太,53,ダ,1200,良
2022102922,カッタラキマセン,2025-05-20,大井,5,3歳十 11,13,2,2,3.2,1,2,谷内貫太,53,ダ,1200,稍
2022102922,カッタラキマセン,2025-04-28,大井,4,3歳15 16,9,2,2,6.4,2,2,谷内貫太,53,ダ,1200,稍
2022102922,カッタラキマセン,2024-12-02,大井,1,2歳 選抜牝馬,13,8,13,7.7,4,3,和田譲治,54,ダ,1200,良
2022102922,カッタラキマセン,2024-11-05,大井,4,2歳 新馬,7,7,7,4.7,3,6,和田譲治,54,ダ,1400,稍
2022103008,ヌンルチル,2026-04-10,名古屋,7,B10組,11,6,7,9.7,4,4,渡辺竜也,55,ダ,1500,不
2022103008,ヌンルチル,2026-03-26,名古屋,12,メディアセレクション(B),11,1,1,2.7,2,4,加藤聡一,55,ダ,1500,重
2022103008,ヌンルチル,2026-03-02,名古屋,7,B11組,10,3,3,16.1,5,3,加藤聡一,55,ダ,1400,良
2022103008,ヌンルチル,2026-02-13,名古屋,3,友チョコは友情の証で(C),11,3,3,3.4,2,1,加藤聡一,55,ダ,1500,稍
2022103008,ヌンルチル,2026-01-19,名古屋,3,C6組,11,6,7,2.6,2,3,加藤聡一,55,ダ,1500,良
2022103008,ヌンルチル,2025-12-10,名古屋,1,C7組,12,8,11,1.9,1,2,加藤聡一,55,ダ,1400,良
2022103008,ヌンルチル,2025-11-25,名古屋,3,未来&amp;笙伍挙式記念(C),12,8,11,2.1,1,2,今井貴大,55,ダ,1500,稍
2022103008,ヌンルチル,2025-10-30,名古屋,5,C10組,12,1,1,1.7,1,5,今井貴大,55,ダ,1400,良
2022103008,ヌンルチル,2025-10-16,名古屋,6,C10組,12,1,1,1.5,1,2,今井貴大,55,ダ,1500,不
2022103008,ヌンルチル,2025-09-17,名古屋,4,3歳5組,12,5,5,2.2,1,2,今井貴大,55,ダ,1500,良
2022103008,ヌンルチル,2025-09-03,名古屋,1,名古屋モーニングフィ(3歳),11,8,12,2.0,1,1,今井貴大,55,ダ,1500,良
2022103008,ヌンルチル,2025-07-20,福島,6,3歳未勝利,14,8,13,53.6,11,9,木幡巧也,55,芝,1800,良
2022103008,ヌンルチル,2025-06-14,東京,1,3歳未勝利,16,7,14,89.4,10,9,石橋脩,55,ダ,1600,良
2022103008,ヌンルチル,2025-05-18,東京,2,3歳未勝利,16,3,6,28.2,9,9,木幡巧也,55,ダ,1600,重
2022103008,ヌンルチル,2025-03-09,中山,5,3歳未勝利,16,2,4,21.3,7,6,木幡巧也,55,芝,1600,稍
2022103008,ヌンルチル,2025-02-09,東京,5,3歳新馬,16,7,14,73.4,10,4,木幡巧也,55,芝,1600,良
2022103012,グルナルーフス,2026-08-16,大井,8,へびつかい座特別競走(C1三),13,1,1,4.4,2,3,笹川翼,56,ダ,1200,重
2022103012,グルナルーフス,2026-07-01,大井,12,タイタン賞(C1四),15,8,14,2.4,1,2,吉原寛人,56,ダ,1200,稍
2022103012,グルナルーフス,2026-06-09,大井,8,パナシェ賞(C1),11,8,12,1.6,1,1,矢野貴之,56,ダ,1200,不
2022103012,グルナルーフス,2026-02-20,大井,9,C2二 三四(C2三),15,6,11,1.5,1,1,矢野貴之,56,ダ,1200,良
2022103012,グルナルーフス,2026-01-28,大井,7,C2八 九十(C2九),13,7,11,2.9,2,1,吉原寛人,56,ダ,1200,良
2022103012,グルナルーフス,2026-01-14,大井,7,C2十 11,12,8,12,1.2,1,2,笹川翼,56,ダ,1200,良
2022103012,グルナルーフス,2025-12-24,大井,7,C218 19,13,4,5,3.2,2,1,笹川翼,56,ダ,1200,重
2022103012,グルナルーフス,2025-09-28,中山,7,3歳以上1勝クラス,16,1,2,216.5,10,16,宮崎北斗,56,芝,1600,良
2022103012,グルナルーフス,2025-07-27,新潟,5,3歳未勝利,15,3,5,38.5,11,13,遠藤汰月,54,ダ,1200,良
2022103012,グルナルーフス,2025-07-12,函館,2,3歳未勝利,12,5,5,10.2,4,10,鷲頭虎太,54,ダ,1000,良
2022103012,グルナルーフス,2025-07-05,函館,2,3歳未勝利,12,7,10,17.4,5,4,松本大輝,56,ダ,1000,不
2022103012,グルナルーフス,2025-06-07,東京,6,3歳未勝利,16,6,11,42.8,8,9,宮崎北斗,57,ダ,1300,良
2022103012,グルナルーフス,2025-04-26,東京,2,3歳未勝利,16,5,10,157.6,13,6,宮崎北斗,57,ダ,1400,稍
2022103012,グルナルーフス,2025-04-13,福島,4,3歳未勝利,15,5,9,68.3,10,14,宮崎北斗,57,ダ,1700,良
2022103012,グルナルーフス,2025-03-22,中山,3,3歳未勝利,16,8,15,42.3,7,3,宮崎北斗,57,ダ,1200,重
2022103012,グルナルーフス,2025-03-01,中山,2,3歳未勝利,16,3,6,76.1,9,8,宮崎北斗,57,ダ,1200,良
2022103012,グルナルーフス,2025-01-12,中山,1,3歳未勝利,16,3,5,85.3,11,7,宮崎北斗,57,ダ,1200,良
2022103012,グルナルーフス,2024-12-14,京都,6,2歳新馬,14,6,10,17.3,6,8,吉田隼人,56,ダ,1200,良
2022103018,シェーンルスカ,2026-08-30,札幌,8,3歳以上1勝クラス,14,8,13,278.6,14,9,遠藤汰月,53,芝,1500,良
2022103018,シェーンルスカ,2026-08-22,札幌,7,3歳以上1勝クラス,12,8,11,301.7,12,9,遠藤汰月,53,ダ,1000,良
2022103018,シェーンルスカ,2026-08-08,札幌,7,3歳以上1勝クラス,12,1,1,316.0,12,5,遠藤汰月,53,ダ,1000,稍
2022103018,シェーンルスカ,2026-08-01,札幌,6,3歳以上1勝クラス,9,6,6,164.6,9,9,丹内祐次,56,ダ,1000,稍
2022103018,シェーンルスカ,2026-07-18,函館,7,3歳以上1勝クラス,14,6,9,212.2,14,13,河原田菜,52,ダ,1700,良
2022103018,シェーンルスカ,2026-04-12,福島,6,4歳以上1勝クラス,15,5,8,174.1,15,15,河原田菜,52,芝,2000,良
2022103018,シェーンルスカ,2025-12-13,中京,2,3歳以上1勝クラス,16,5,10,218.2,14,14,松本大輝,54,ダ,1200,良
2022103018,シェーンルスカ,2025-10-16,名古屋,1,C13組,12,3,3,3.6,2,1,山田祥雄,55,ダ,920,重
2022103018,シェーンルスカ,2025-09-30,名古屋,7,3歳8組,12,1,1,2.9,2,2,宮下瞳,53,ダ,1500,良
2022103018,シェーンルスカ,2025-09-03,名古屋,4,3歳6組,12,6,8,5.6,3,3,山田祥雄,55,ダ,1500,良
2022103018,シェーンルスカ,2025-08-21,名古屋,1,名古屋モーニングフィ(3歳),10,7,8,11.2,4,1,宮下瞳,53,ダ,1400,良
2022103018,シェーンルスカ,2025-06-07,東京,7,3歳未勝利,18,8,17,400.3,14,12,大野拓弥,55,芝,1600,良
2022103018,シェーンルスカ,2025-05-17,新潟,6,3歳未勝利,16,1,2,103.0,13,13,永島まな,53,芝,1000,稍
2022103018,シェーンルスカ,2024-12-22,中山,6,2歳新馬,15,5,9,213.8,14,10,丸田恭介,55,芝,1600,良
2022103075,コーゲンカイショウ,2026-04-29,大井,4,C2七 八九(C2八),12,8,11,47.1,9,8,杉山海波,53,ダ,1400,稍
2022103075,コーゲンカイショウ,2026-04-14,大井,5,C2十 1112(C211),14,4,6,128.6,12,8,杉山海波,53,ダ,1400,良
2022103075,コーゲンカイショウ,2026-03-24,大井,7,C2十 1112(C211),11,6,6,56.3,6,9,杉山海波,53,ダ,1600,良
2022103075,コーゲンカイショウ,2026-03-11,大井,5,C2八 九,13,1,1,15.2,9,5,杉山海波,53,ダ,1600,良
2022103075,コーゲンカイショウ,2026-02-18,大井,3,C2十 11,14,6,9,61.2,8,8,杉山海波,53,ダ,1600,稍
2022103075,コーゲンカイショウ,2025-12-24,大井,6,リトル・プリンセス賞(C2),12,4,4,19.1,5,1,杉山海波,53,ダ,1600,重
2022103075,コーゲンカイショウ,2025-12-01,大井,6,C215 16,14,5,8,334.7,13,4,杉山海波,53,ダ,1600,良
2022103075,コーゲンカイショウ,2025-11-10,大井,2,C218 19,13,6,9,342.3,12,8,杉山海波,53,ダ,1600,稍
2022103075,コーゲンカイショウ,2025-10-20,大井,6,住まいのみやこすぎな(C2),10,8,9,31.5,6,10,千田洋,56,ダ,1600,稍
2022103075,コーゲンカイショウ,2025-05-21,大井,3,3歳七 八九(3歳八),12,2,2,107.8,10,7,千田洋,56,ダ,1600,稍
2022103075,コーゲンカイショウ,2025-04-30,大井,1,3歳七 八九(3歳八),9,6,6,82.0,7,8,千田洋,56,ダ,1600,重
2022103075,コーゲンカイショウ,2025-04-16,大井,3,3歳八 九,12,2,2,11.1,4,8,千田洋,56,ダ,1600,稍
2022103075,コーゲンカイショウ,2025-03-12,大井,1,3歳九 十,12,6,7,7.3,3,2,千田洋,56,ダ,1600,重
2022103075,コーゲンカイショウ,2025-02-18,大井,5,3歳八 九,14,2,2,17.3,6,7,千田洋,56,ダ,1400,良
2022103075,コーゲンカイショウ,2025-01-27,大井,5,3歳12 13,11,6,7,5.0,3,2,千田洋,56,ダ,1400,良
2022103075,コーゲンカイショウ,2024-12-25,大井,2,2歳11 12,12,6,8,60.4,7,5,千田洋,55,ダ,1200,良
2022103075,コーゲンカイショウ,2024-12-01,大井,1,2歳九 十,11,7,8,62.7,9,8,千田洋,55,ダ,1400,良
2022103075,コーゲンカイショウ,2024-11-05,大井,4,2歳 新馬,7,4,4,28.9,6,7,千田洋,55,ダ,1400,稍
2022103098,ヴィラスターリ,2026-02-18,大井,7,C1二 三四(C1三),14,7,12,2.6,1,1,藤田凌,56,ダ,1600,稍
2022103098,ヴィラスターリ,2026-01-28,大井,8,C1八 九,14,8,14,2.5,1,1,藤田凌,56,ダ,1600,良
2022103098,ヴィラスターリ,2025-12-31,大井,4,C2四 五六(C2五),11,6,7,1.7,1,1,藤田凌,56,ダ,1600,稍
2022103098,ヴィラスターリ,2025-12-04,大井,3,C2七 八,14,7,12,8.3,3,1,藤田凌,56,ダ,1600,良
2022103098,ヴィラスターリ,2025-11-10,大井,5,C215 1617(C216),14,3,3,6.2,3,1,藤田凌,56,ダ,1600,稍
2022103098,ヴィラスターリ,2025-07-12,福島,4,3歳未勝利,16,5,9,12.9,5,11,石橋脩,57,芝,2000,良
2022103098,ヴィラスターリ,2025-05-31,東京,5,3歳未勝利,16,6,12,39.4,7,6,石橋脩,57,芝,2000,稍
2022103098,ヴィラスターリ,2025-05-18,東京,4,3歳未勝利,14,6,9,39.3,8,6,原優介,57,芝,1800,稍
2022103098,ヴィラスターリ,2025-05-04,東京,3,3歳未勝利,16,2,3,17.4,5,7,内田博幸,57,ダ,1600,稍
2022103098,ヴィラスターリ,2025-03-15,中山,2,3歳未勝利,16,1,1,10.1,3,9,原優介,57,ダ,1800,稍
2022103098,ヴィラスターリ,2025-01-11,中山,3,3歳未勝利,16,5,10,6.8,2,9,菊沢一樹,57,ダ,1800,稍
2022103098,ヴィラスターリ,2024-12-28,中山,2,2歳未勝利,16,6,12,23.1,5,4,内田博幸,56,ダ,1800,良
2022103098,ヴィラスターリ,2024-12-08,中山,6,2歳新馬,13,5,6,4.8,2,3,内田博幸,56,ダ,1800,良
2022103202,ライジングショット,2025-12-05,大井,2,坂井市越前がに賞(3歳二),13,3,3,3.8,2,1,笹川翼,56,ダ,1400,良
2022103202,ライジングショット,2025-09-15,阪神,4,3歳未勝利,16,8,15,33.1,9,10,川又賢治,57,ダ,1800,良
2022103202,ライジングショット,2025-07-19,函館,3,3歳未勝利,12,2,2,30.1,8,11,川又賢治,57,ダ,2400,良
2022103202,ライジングショット,2025-06-28,函館,2,3歳未勝利,12,6,7,14.5,6,5,川又賢治,57,ダ,2400,稍
2022103202,ライジングショット,2025-05-10,京都,2,3歳未勝利,16,4,8,6.6,3,6,川又賢治,57,ダ,1900,重
2022103202,ライジングショット,2025-03-30,中京,3,3歳未勝利,13,1,1,4.6,3,5,川又賢治,57,ダ,1800,稍
2022103202,ライジングショット,2025-03-16,阪神,2,3歳未勝利,11,6,7,4.3,2,4,川又賢治,57,ダ,1800,稍
2022103202,ライジングショット,2025-01-05,中京,1,3歳未勝利,16,6,11,10.6,5,7,岩田望来,57,ダ,1800,良
2022103202,ライジングショット,2024-11-16,京都,6,2歳新馬,16,3,5,19.9,7,8,岩田望来,56,ダ,1800,良
2022103226,トワイライト,2026-07-01,大井,9,さそり座特別競走(C1),14,5,7,1.5,1,2,矢野貴之,56,ダ,2000,稍
2022103226,トワイライト,2026-06-10,大井,8,クォーター・デック賞(C1),12,7,9,1.7,1,1,矢野貴之,56,ダ,1600,重
2022103226,トワイライト,2026-05-18,大井,8,アフター・ディナー賞(C1),13,6,9,5.4,3,2,矢野貴之,56,ダ,1600,良
2022103226,トワイライト,2026-04-29,大井,8,シャムロック賞(C1七),14,6,10,3.7,2,5,矢野貴之,56,ダ,1400,稍
2022103226,トワイライト,2026-04-17,大井,8,バンブー賞(C2五),14,8,13,2.4,1,1,矢野貴之,56,ダ,1400,重
2022103226,トワイライト,2026-03-25,大井,5,C2七 八九(C2八),11,1,1,11.9,4,2,矢野貴之,56,ダ,1400,良
2022103226,トワイライト,2025-12-29,大井,5,C2九 十11(C2十),14,4,5,15.1,5,8,本田正重,56,ダ,1400,重
2022103226,トワイライト,2025-12-04,大井,4,C2七 八,14,3,3,41.6,6,3,本田正重,56,ダ,1200,良
2022103226,トワイライト,2025-09-04,大井,5,3歳一 二三(3歳二),14,2,2,7.6,5,7,笹川翼,56,ダ,1600,良
2022103226,トワイライト,2025-08-14,大井,6,3歳一 二三(3歳二),13,5,6,3.8,3,6,笹川翼,56,ダ,1400,稍
2022103226,トワイライト,2025-05-22,大井,3,3歳四 五六(3歳五),11,1,1,2.6,1,6,笹川翼,56,ダ,1600,良
2022103226,トワイライト,2025-04-29,大井,5,3歳十 1112(3歳11),14,6,10,1.5,1,1,吉原寛人,56,ダ,1400,重
2022103226,トワイライト,2025-04-14,大井,5,3歳13 14,10,1,1,3.3,2,2,藤田凌,56,ダ,1400,不
2022103226,トワイライト,2024-12-26,大井,4,2歳 新馬,9,8,9,5.2,3,4,藤田凌,55,ダ,1400,良
2022103260,メイショウタビズキ,2026-09-03,大井,10,オフトひたちなか賞競(B2),11,6,6,8.6,4,2,藤田凌,56,ダ,1600,良
2022103260,メイショウタビズキ,2026-08-12,大井,10,トゥインクルバースデ(B3),14,8,14,6.5,3,1,藤田凌,56,ダ,1600,不
2022103260,メイショウタビズキ,2026-07-21,大井,12,三宅坂賞競走(B3),16,8,15,6.6,3,2,野畑凌,56,ダ,1800,良
2022103260,メイショウタビズキ,2026-07-02,大井,10,淡路坂賞競走(B3),12,1,1,7.6,3,3,藤田凌,56,ダ,1600,不
2022103260,メイショウタビズキ,2026-06-10,大井,12,BSイレブン賞競走(B3),13,1,1,23.7,5,3,福原杏,56,ダ,1600,重
2022103260,メイショウタビズキ,2026-05-21,大井,10,丸の内坂賞競走(B3),16,6,12,5.0,3,10,矢野貴之,56,ダ,1400,稍
2022103260,メイショウタビズキ,2026-04-30,大井,7,C1三 四五(C1四),13,3,3,2.3,1,1,矢野貴之,56,ダ,1600,稍
2022103260,メイショウタビズキ,2026-04-16,大井,7,C1三 四五(C1四),11,5,5,2.3,2,2,矢野貴之,56,ダ,1600,不
2022103260,メイショウタビズキ,2026-03-25,大井,8,ロイヤル・フィズ賞(C1),13,6,8,2.1,1,1,矢野貴之,56,ダ,1600,良
2022103260,メイショウタビズキ,2026-03-13,大井,5,C2三 四五(C2四),14,4,6,2.1,1,1,矢野貴之,56,ダ,1400,良
2022103260,メイショウタビズキ,2026-02-19,大井,8,C2五 六七(C2六),13,8,13,2.2,2,3,矢野貴之,56,ダ,1600,良
2022103260,メイショウタビズキ,2026-01-28,大井,5,C2八 九十(C2九),8,4,4,1.1,1,1,矢野貴之,56,ダ,1600,良
2022103260,メイショウタビズキ,2026-01-12,大井,8,C215 16,13,7,10,1.8,1,1,矢野貴之,56,ダ,1600,良
2022103260,メイショウタビズキ,2025-12-15,金沢,4,C26,7,6,6,1.2,1,1,中島龍也,57,ダ,1500,不
2022103260,メイショウタビズキ,2025-12-01,金沢,8,C210,8,7,7,1.8,1,1,中島龍也,57,ダ,1400,稍
2022103260,メイショウタビズキ,2025-11-17,金沢,2,C28,9,7,7,2.0,1,3,中島龍也,57,ダ,1400,良
2022103260,メイショウタビズキ,2025-11-04,金沢,6,C22 特別編成(C2特別),10,6,6,3.3,2,2,中島龍也,57,ダ,1500,重
2022103260,メイショウタビズキ,2025-09-17,名古屋,10,名古屋CCライム賞(3歳),12,5,5,24.9,6,3,西塚洸二,56,ダ,1500,良
2022103260,メイショウタビズキ,2025-08-17,中京,9,3歳未勝利,16,1,2,41.9,10,10,西塚洸二,56,ダ,1200,良
2022103260,メイショウタビズキ,2025-06-29,小倉,4,3歳未勝利,16,1,2,80.8,13,15,角田大和,57,ダ,1700,良
2022103260,メイショウタビズキ,2025-03-02,阪神,2,3歳未勝利,16,7,13,37.0,8,10,岩田望来,57,ダ,1400,良
2022103260,メイショウタビズキ,2025-02-10,京都,3,3歳未勝利,12,7,9,21.1,7,4,岩田望来,57,ダ,1400,良
2022103260,メイショウタビズキ,2025-01-19,中京,3,3歳未勝利,16,1,2,7.5,3,8,角田大和,57,ダ,1400,良
2022103260,メイショウタビズキ,2024-12-15,京都,5,2歳新馬,14,8,14,87.1,12,7,角田大和,56,芝,1600,良
2022103266,メイショウアキカゼ,2026-07-22,大井,12,ハーレーダビッドソン(C1),11,4,4,8.7,3,4,和田譲治,54,ダ,1200,良
2022103266,メイショウアキカゼ,2026-06-29,大井,9,C1八 九,9,5,5,7.0,4,1,和田譲治,54,ダ,1200,不
2022103266,メイショウアキカゼ,2026-06-09,大井,8,パナシェ賞(C1),11,5,5,10.2,3,4,和田譲治,54,ダ,1200,不
2022103266,メイショウアキカゼ,2026-05-18,大井,10,C1八 九,9,6,6,4.8,3,3,和田譲治,54,ダ,1200,良
2022103266,メイショウアキカゼ,2026-04-28,大井,12,C1九 十,13,2,2,13.3,3,6,和田譲治,54,ダ,1200,不
2022103266,メイショウアキカゼ,2026-04-14,大井,12,C1八 九,14,5,8,24.4,7,9,和田譲治,54,ダ,1200,良
2022103266,メイショウアキカゼ,2026-01-14,大井,9,C1七 八,10,7,7,4.5,3,6,瀬川将輝,54,ダ,1200,良
2022103266,メイショウアキカゼ,2025-12-31,大井,6,C2四 五六(C2五),14,1,1,23.5,4,4,瀬川将輝,54,ダ,1200,稍
2022103266,メイショウアキカゼ,2025-12-05,大井,9,しあわせ多彩区賞(C2三),15,4,6,4.9,3,6,瀬川将輝,54,ダ,1200,良
2022103266,メイショウアキカゼ,2025-11-14,大井,9,ガーネットスター特別(C2),12,1,1,2.0,1,4,瀬川将輝,54,ダ,1000,稍
2022103266,メイショウアキカゼ,2025-10-23,大井,6,おおた池月・磨墨賞(C2),12,4,4,5.7,4,1,瀬川将輝,54,ダ,1200,重
2022103266,メイショウアキカゼ,2025-09-07,札幌,3,3歳未勝利,14,7,12,29.8,9,13,泉谷楓真,55,ダ,1700,稍
2022103266,メイショウアキカゼ,2025-07-26,中京,5,3歳未勝利,16,1,2,5.8,3,16,角田大和,55,ダ,1400,良
2022103266,メイショウアキカゼ,2025-06-01,京都,1,3歳未勝利,15,8,16,3.5,1,8,高杉吏麒,54,ダ,1200,良
2022103266,メイショウアキカゼ,2025-05-11,京都,1,3歳未勝利,16,6,11,5.1,3,2,高杉吏麒,54,ダ,1200,稍
2022103266,メイショウアキカゼ,2025-04-27,京都,1,3歳未勝利,15,3,5,7.1,4,3,高杉吏麒,54,ダ,1200,良
2022103266,メイショウアキカゼ,2025-01-25,中京,3,3歳未勝利,16,3,5,5.9,3,13,角田大和,55,ダ,1400,良
2022103277,タールベルク,2026-04-29,大井,6,C1六 七八(C1七),13,2,2,5.7,3,2,石川倭,56,ダ,1600,稍
2022103277,タールベルク,2026-04-14,大井,8,フラミンゴ・レディ賞(C1),10,7,8,5.8,3,2,藤田凌,56,ダ,1600,良
2022103277,タールベルク,2026-03-25,大井,8,ロイヤル・フィズ賞(C1),13,2,2,6.7,3,5,藤田凌,56,ダ,1600,良
2022103277,タールベルク,2026-03-11,大井,8,C1六 七八(C1七),11,4,4,3.5,2,9,藤田凌,56,ダ,1600,良
2022103277,タールベルク,2026-02-20,大井,7,C2二 三四(C2三),12,7,10,8.7,4,1,藤田凌,56,ダ,1600,良
2022103277,タールベルク,2026-01-29,大井,6,C2六 七,9,4,4,16.0,5,3,高橋優,53,ダ,1600,良
2022103277,タールベルク,2026-01-15,大井,6,C2六 七,14,7,11,3.5,3,8,高橋優,53,ダ,1600,良
2022103277,タールベルク,2025-12-26,大井,3,C212 1314(C213),14,8,14,10.0,3,1,高橋優,53,ダ,1600,重
2022103277,タールベルク,2025-12-02,大井,1,C212 1314(C213),12,1,1,3.4,2,3,高橋優,53,ダ,1600,良
2022103277,タールベルク,2025-11-10,大井,5,C215 1617(C216),14,7,12,3.3,2,3,高橋優,53,ダ,1600,稍
2022103277,タールベルク,2025-09-15,阪神,8,3歳以上1勝クラス,8,6,6,54.8,6,6,団野大成,55,芝,1800,良
2022103277,タールベルク,2025-08-23,中京,2,3歳未勝利,16,4,7,51.7,10,8,泉谷楓真,57,ダ,1800,良
2022103277,タールベルク,2025-07-20,小倉,3,3歳未勝利,16,5,9,7.9,4,14,吉村誠之,56,ダ,1700,稍
2022103277,タールベルク,2025-06-21,阪神,4,3歳未勝利,13,8,12,12.1,5,3,吉村誠之,56,ダ,1800,良
2022103277,タールベルク,2025-03-29,阪神,2,3歳未勝利,9,3,3,3.3,2,7,坂井瑠星,57,ダ,1800,稍
2022103277,タールベルク,2024-09-29,中山,5,2歳新馬,17,2,3,4.9,2,4,坂井瑠星,55,芝,2000,良
2022103282,トップレジェンド,2026-08-17,大井,10,メリッサ特別競走(C2四),12,7,11,2.0,1,1,西啓太,56,ダ,1200,稍
2022103282,トップレジェンド,2026-07-22,大井,7,クレイジーソルト賞(C2七),13,5,6,1.5,1,1,西啓太,56,ダ,1200,良
2022103282,トップレジェンド,2025-12-29,大井,6,C2九 十11(C2十),14,1,1,3.7,3,1,藤田凌,56,ダ,1200,重
2022103282,トップレジェンド,2025-08-23,中京,7,3歳未勝利,16,8,15,31.8,8,10,富田暁,57,ダ,1200,良
2022103282,トップレジェンド,2025-07-12,小倉,3,3歳未勝利,14,7,12,14.1,5,8,和田竜二,57,ダ,1000,良
2022103282,トップレジェンド,2025-01-25,小倉,3,3歳未勝利,12,4,4,4.5,2,4,松山弘平,57,ダ,1000,良
2022103282,トップレジェンド,2024-11-02,京都,2,2歳未勝利,11,8,11,4.8,2,9,田口貫太,55,ダ,1200,不
2022103282,トップレジェンド,2024-10-20,京都,3,2歳新馬,16,6,12,5.5,3,2,松山弘平,56,ダ,1200,稍
2022103301,ビップクララ,2026-09-02,大井,10,花野特別競走(C1C2),13,3,3,98.4,10,4,野畑凌,53,ダ,1400,良
2022103301,ビップクララ,2026-05-21,大井,9,白百合特別競走(C2),13,8,14,,,取,野畑凌,54,ダ,1200,稍
2022103301,ビップクララ,2026-04-28,大井,9,カーネーション特別競(C2),10,2,2,8.1,3,6,野畑凌,54,ダ,1400,不
2022103301,ビップクララ,2026-04-17,大井,8,バンブー賞(C2五),14,7,11,16.5,6,4,藤田凌,54,ダ,1400,重
2022103301,ビップクララ,2026-03-13,大井,3,C2 選抜牝馬,12,7,10,17.9,9,1,野畑凌,54,ダ,1400,良
2022103301,ビップクララ,2026-02-18,大井,6,C2八 九,16,4,7,18.6,4,10,西啓太,54,ダ,1200,稍
2022103301,ビップクララ,2026-01-27,大井,10,冬牡丹特別競走(C2),15,8,16,119.7,11,4,本田正重,54,ダ,1200,良
2022103301,ビップクララ,2025-12-26,大井,5,C212 1314(C213),14,7,12,13.4,4,11,野畑凌,54,ダ,1200,重
2022103301,ビップクララ,2025-12-05,大井,3,被爆ピアノが奏でる平(3歳二),13,1,1,6.1,3,1,野畑凌,54,ダ,1200,良
2022103301,ビップクララ,2025-11-12,大井,2,3歳一 二,14,5,8,12.9,5,6,野畑凌,54,ダ,1200,稍
2022103301,ビップクララ,2025-09-25,笠松,9,秋日和特別(3歳),9,1,1,7.9,4,3,筒井勇介,55,ダ,1400,良
2022103301,ビップクララ,2025-09-10,笠松,2,瞭ぴ&amp;大ぴ降誕杯ー誕(3歳),8,5,5,1.1,1,1,筒井勇介,55,ダ,1400,良
2022103301,ビップクララ,2025-08-26,笠松,8,3歳5組,8,3,3,1.6,1,2,筒井勇介,55,ダ,1400,良
2022103301,ビップクララ,2025-08-14,笠松,8,楽天競馬×楽天モバイ(3歳),9,3,3,3.2,1,1,筒井勇介,55,ダ,1400,良
2022103301,ビップクララ,2025-06-10,笠松,2,3歳6組,12,3,3,4.2,2,3,丸野勝虎,55,ダ,1400,不
2022103301,ビップクララ,2025-06-02,笠松,1,3歳6組,10,8,10,137.2,8,2,明星晴大,54,ダ,1400,良
2022103301,ビップクララ,2025-05-16,笠松,1,3歳8組,7,7,7,11.8,4,7,筒井勇介,55,ダ,800,良
2022103301,ビップクララ,2024-12-21,中山,6,2歳新馬,14,2,3,38.9,10,14,長浜鴻緒,52,ダ,1800,良
2022103336,ニコ,2026-07-05,福島,7,3歳以上1勝クラス,15,1,1,210.8,13,15,嶋田純次,56,ダ,1700,良
2022103336,ニコ,2026-04-12,福島,7,4歳以上1勝クラス,15,1,1,86.1,12,12,遠藤汰月,53,ダ,1700,良
2022103336,ニコ,2025-12-14,金沢,7,C210,8,4,4,1.9,1,1,魚住謙心,55,ダ,1400,不
2022103336,ニコ,2025-12-01,金沢,8,C210,8,8,8,5.0,3,2,魚住謙心,55,ダ,1400,稍
2022103336,ニコ,2025-11-16,金沢,2,C215,8,3,3,1.0,1,1,松戸政也,55,ダ,1400,良
2022103336,ニコ,2025-11-04,金沢,7,金沢競馬C2プレミア,8,6,6,16.9,6,4,田知弘久,55,ダ,1400,重
2022103336,ニコ,2025-09-06,札幌,12,3歳以上1勝クラス,14,8,13,299.1,14,12,荻野琢真,53,ダ,1700,良
2022103336,ニコ,2025-08-23,札幌,4,3歳未勝利,14,3,3,104.8,10,7,古川奈穂,52,ダ,1700,重
2022103336,ニコ,2025-07-27,札幌,3,3歳未勝利,14,1,1,71.1,11,7,古川奈穂,52,ダ,1700,不
2022103336,ニコ,2025-07-05,福島,2,3歳未勝利,15,8,14,152.3,15,6,遠藤汰月,52,ダ,1700,稍
2022103336,ニコ,2024-11-24,東京,3,2歳未勝利,16,4,7,354.5,13,11,丸田恭介,55,ダ,1600,良
2022103336,ニコ,2024-11-03,東京,4,2歳新馬,16,7,14,92.7,13,14,長岡禎仁,55,芝,1400,良
2022103377,フオメンタの競走成績,2026-07-07,盛岡,9,C1,10,7,7,3.7,2,9,鈴木祐,54,ダ,1400,良
2022103377,フオメンタの競走成績,2026-06-22,水沢,8,C1,10,6,6,1.9,1,7,鈴木祐,54,ダ,1400,不
2022103377,フオメンタの競走成績,2026-06-09,水沢,10,C1四組,11,8,11,3.8,2,2,鈴木祐,54,ダ,1400,重
2022103377,フオメンタの競走成績,2026-05-26,盛岡,11,C1二組,11,6,7,2.1,1,8,鈴木祐,54,ダ,1400,良
2022103377,フオメンタの競走成績,2026-05-11,盛岡,5,C2四組,9,1,1,4.1,2,1,鈴木祐,54,ダ,1400,良
2022103377,フオメンタの競走成績,2026-04-14,大井,6,C2十 1112(C211),10,7,7,16.7,7,9,本田正重,54,ダ,1200,良
2022103377,フオメンタの競走成績,2026-03-24,大井,9,C2十 1112(C211),12,6,7,15.1,6,8,本田正重,54,ダ,1200,良
2022103377,フオメンタの競走成績,2026-03-10,大井,9,C2十 1112(C211),14,5,7,5.1,3,7,吉原寛人,54,ダ,1200,稍
2022103377,フオメンタの競走成績,2025-11-10,大井,7,C215 1617(C216),12,7,9,39.5,8,3,本田正重,54,ダ,1200,稍
2022103377,フオメンタの競走成績,2025-10-21,大井,7,せたがやふるさと区民(C212),11,3,3,4.7,2,6,本田正重,54,ダ,1200,稍
2022103377,フオメンタの競走成績,2025-10-06,大井,8,C214 1516(C215),13,7,11,71.9,11,3,本田正重,54,ダ,1200,良
2022103377,フオメンタの競走成績,2025-09-18,大井,2,3歳四 五,13,4,5,25.0,6,12,本田正重,54,ダ,1200,良
2022103377,フオメンタの競走成績,2025-09-01,大井,7,3歳九 十,14,7,12,5.5,3,1,本田正重,54,ダ,1200,良
2022103377,フオメンタの競走成績,2025-08-10,大井,4,マンハッタン賞(3歳),11,6,7,4.2,3,2,本田正重,54,ダ,1200,不
2022103377,フオメンタの競走成績,2025-04-14,大井,4,3歳 選抜牝馬,14,4,5,3.3,2,5,本田正重,54,ダ,1200,不
2022103408,クラウディルックス,2026-08-19,川崎,7,雷霆賞(C2),12,5,5,2.0,1,1,町田直希,54,ダ,900,良
2022103408,クラウディルックス,2026-07-27,川崎,9,雷光賞(C2),12,4,4,2.4,2,1,町田直希,54,ダ,900,良
2022103408,クラウディルックス,2026-07-07,川崎,7,稲魂賞(C2),12,7,10,3.3,2,2,池谷匠翔,54,ダ,900,重
2022103408,クラウディルックス,2026-06-19,川崎,6,雲神賞(C2),11,6,6,13.9,5,2,池谷匠翔,54,ダ,900,重
2022103408,クラウディルックス,2026-02-18,大井,6,C2八 九,16,1,2,281.3,14,16,仲原大生,54,ダ,1200,稍
2022103408,クラウディルックス,2026-01-28,大井,7,C2八 九十(C2九),13,6,9,208.8,9,13,仲原大生,54,ダ,1200,良
2022103408,クラウディルックス,2026-01-14,大井,7,C2十 11,12,5,6,54.6,8,12,高橋優,51,ダ,1200,良
2022103408,クラウディルックス,2025-12-31,大井,7,C1三 C2二(C1C2),11,1,1,24.3,8,11,藤本現暉,53,ダ,1000,稍
2022103408,クラウディルックス,2025-12-03,大井,8,モンタナ賞(C2十),15,2,3,47.4,7,15,高橋優,51,ダ,1200,良
2022103408,クラウディルックス,2025-11-12,大井,6,C2九 十11(C2十),14,6,10,118.1,10,14,新原周馬,54,ダ,1200,稍
2022103408,クラウディルックス,2025-10-20,大井,7,品川かえで賞(C2),14,4,5,17.0,6,1,高橋優,51,ダ,1200,稍
2022103408,クラウディルックス,2025-06-10,大井,7,3歳八 九,14,5,8,85.2,9,14,本田正重,54,ダ,1200,稍
2022103408,クラウディルックス,2025-05-21,大井,5,3歳七 八九(3歳八),14,4,5,99.5,10,13,本田正重,54,ダ,1200,稍
2022103408,クラウディルックス,2025-04-29,大井,6,3歳十 1112(3歳11),14,6,9,20.6,6,5,本田正重,54,ダ,1200,重
2022103408,クラウディルックス,2025-04-16,大井,4,3歳八 九,14,3,4,39.9,8,7,安藤洋一,54,ダ,1200,稍
2022103408,クラウディルックス,2025-03-26,大井,4,3歳七 八,14,6,10,9.3,2,8,安藤洋一,54,ダ,1200,良
2022103408,クラウディルックス,2025-03-13,大井,6,3歳六 七八(3歳七),13,7,11,18.1,4,12,安藤洋一,54,ダ,1200,不
2022103408,クラウディルックス,2024-10-16,大井,5,中野区デジタル地域通(2歳),10,8,10,5.3,2,5,安藤洋一,54,ダ,1200,良
2022103408,クラウディルックス,2024-09-30,大井,5,2歳五 六,12,5,5,6.7,4,2,安藤洋一,54,ダ,1200,良
2022103408,クラウディルックス,2024-09-09,大井,4,2歳 新馬,8,1,1,9.4,3,3,安藤洋一,54,ダ,1200,良
2022103428,イマーシブ,2026-02-20,大井,9,C2二 三四(C2三),15,1,1,4.5,2,2,和田譲治,56,ダ,1200,良
2022103428,イマーシブ,2026-01-15,大井,5,C2八 九,15,7,13,2.9,2,1,和田譲治,56,ダ,1200,良
2022103428,イマーシブ,2025-12-02,大井,3,C212 1314(C213),16,3,5,1.9,1,1,和田譲治,56,ダ,1200,良
2022103428,イマーシブ,2025-11-11,大井,2,3歳三 四,14,3,4,5.8,2,1,和田譲治,56,ダ,1200,稍
2022103428,イマーシブ,2025-10-21,大井,2,伝統と未来、躍進する(3歳),10,8,10,2.3,2,8,和田譲治,56,ダ,1200,稍
2022103428,イマーシブ,2025-09-11,門別,5,3歳以上C4ー3,10,3,3,1.3,1,1,松井伸也,57,ダ,1000,良
2022103428,イマーシブ,2025-08-27,門別,7,新ひだか建設協会賞(C4),11,6,6,2.7,2,2,松井伸也,57,ダ,1000,良
2022103428,イマーシブ,2025-08-05,門別,5,チプサンケ賞(C4),9,1,1,2.3,2,1,岩橋勇二,57,ダ,1000,良
2022103428,イマーシブ,2025-07-30,門別,5,ホクレングリーンプラ(C4),,7,10,,,,岩橋勇二,57,ダ,1000,
2022103428,イマーシブ,2025-06-18,門別,2,3歳以上C4ー4,12,5,5,7.5,4,2,岩橋勇二,57,ダ,1000,良
2022103428,イマーシブ,2025-06-04,門別,1,3歳以上C4ー4,12,7,10,32.9,6,5,岩橋勇二,57,ダ,1000,重
2022103431,アエノキングダム,2025-12-29,大井,11,センリョウ賞(C1),13,2,2,48.4,9,1,野畑凌,56,ダ,1600,重
2022103431,アエノキングダム,2025-12-02,大井,6,C1五 六,14,1,1,105.6,10,8,桑村真明,56,ダ,1600,良
2022103431,アエノキングダム,2025-11-11,大井,10,ほうおう座特別競走(C1),14,2,2,73.7,12,6,藤田凌,56,ダ,2000,稍
2022103431,アエノキングダム,2025-10-23,大井,7,文の京賞(C1),9,3,3,23.5,6,7,藤田凌,56,ダ,1600,重
2022103431,アエノキングダム,2025-10-09,大井,8,サンチャゴ賞(C1),11,4,4,51.8,10,10,本田正重,56,ダ,1600,良
2022103431,アエノキングダム,2025-06-11,大井,1,3歳五 六七(3歳六),11,4,4,2.1,1,1,藤田凌,56,ダ,1600,重
2022103431,アエノキングダム,2025-05-22,大井,3,3歳四 五六(3歳五),11,4,4,14.9,6,4,藤田凌,56,ダ,1600,良
2022103431,アエノキングダム,2025-04-30,大井,1,3歳七 八九(3歳八),9,3,3,5.9,4,4,岡村健司,56,ダ,1600,重
2022103431,アエノキングダム,2025-04-17,大井,1,3歳六 七,11,7,8,22.6,6,5,岡村健司,56,ダ,1600,良
2022103431,アエノキングダム,2025-03-27,大井,2,3歳四 五六(3歳五),9,1,1,33.0,5,6,野畑凌,56,ダ,1600,良
2022103431,アエノキングダム,2025-03-13,大井,4,汐留川賞(3歳七),8,1,1,37.3,6,2,藤田凌,54,ダ,1600,不
2022103431,アエノキングダム,2025-02-20,大井,3,3歳五 六七(3歳六),12,7,10,126.9,9,8,野畑凌,56,ダ,1600,良
2022103431,アエノキングダム,2025-01-30,大井,4,烏山川賞(3歳),13,6,10,59.3,8,10,本橋孝太,56,ダ,1200,良
2022103431,アエノキングダム,2024-08-14,大井,5,2歳三 四,10,8,9,8.8,2,3,鷹見陸,52,ダ,1200,良
2022103431,アエノキングダム,2024-08-01,大井,3,2歳四,9,3,3,5.4,3,3,鷹見陸,52,ダ,1200,良
2022103431,アエノキングダム,2024-06-25,大井,3,2歳二,6,4,4,5.2,3,4,矢野貴之,54,ダ,1200,重
2022103431,アエノキングダム,2024-06-03,大井,4,2歳 新馬,6,6,6,29.8,6,6,吉井章,54,ダ,1400,重
2022103435,ブルーヒサシン,2026-08-12,大井,9,武蔵野オープン競走(OP)(3上),11,3,3,2.3,1,1,藤田凌,54,ダ,1200,不
2022103435,ブルーヒサシン,2026-07-23,大井,11,アフター5スター賞ト(A2),10,7,8,2.9,2,2,藤田凌,57,ダ,1200,良
2022103435,ブルーヒサシン,2026-03-11,大井,7,オフト汐留賞競走(A2B1),7,6,6,1.4,1,1,藤田凌,55,ダ,1200,良
2022103435,ブルーヒサシン,2026-02-18,大井,12,フェブラリー賞競走(B1B2),13,6,8,1.2,1,1,藤田凌,57,ダ,1200,良
2022103435,ブルーヒサシン,2026-01-16,大井,11,睦月賞競走(B1B2),11,6,6,1.1,1,1,藤田凌,55,ダ,1200,良
2022103435,ブルーヒサシン,2025-12-29,大井,8,ミスアサヒロ賞競走(B3),13,8,13,1.3,1,1,藤田凌,56,ダ,1200,重
2022103435,ブルーヒサシン,2025-09-19,大井,12,伊皿子坂賞競走(B3),16,3,5,2.2,1,1,藤田凌,55,ダ,1200,不
2022103435,ブルーヒサシン,2025-09-05,大井,12,C1二 三四(C1三),10,8,9,1.3,1,1,矢野貴之,55,ダ,1200,不
2022103435,ブルーヒサシン,2025-08-13,大井,9,C1五 六,14,6,10,2.0,1,1,藤田凌,55,ダ,1200,稍
2022103435,ブルーヒサシン,2025-07-18,大井,10,3歳一 二三(3歳二),14,6,10,1.8,1,1,藤田凌,56,ダ,1200,稍
2022103435,ブルーヒサシン,2025-07-03,大井,3,3歳六 七八(3歳七),14,1,1,2.1,1,1,藤田凌,56,ダ,1200,良
2022103435,ブルーヒサシン,2025-01-31,大井,2,3歳四 五,14,2,2,8.3,4,3,藤田凌,56,ダ,1600,良
2022103435,ブルーヒサシン,2025-01-16,大井,2,3歳六 七,16,2,3,1.4,1,2,藤田凌,56,ダ,1200,良
2022103435,ブルーヒサシン,2024-12-25,大井,3,2歳 新馬,12,4,4,5.4,2,2,藤田凌,55,ダ,1200,良
2022103462,キャプテンブルー,2026-04-14,大井,11,オメガ賞競走(B1B2),11,8,11,22.4,7,3,張田昂,55,ダ,1600,良
2022103462,キャプテンブルー,2026-03-05,川崎,12,大和撫子特別(B3二),11,4,4,4.7,3,1,張田昂,56,ダ,1500,重
2022103462,キャプテンブルー,2026-02-11,船橋,10,野島崎特別(B3),14,7,11,18.3,6,5,石川倭,56,ダ,1600,稍
2022103462,キャプテンブルー,2025-10-31,浦和,9,ハッピーハロウィン特(B3),7,8,8,3.1,2,5,矢野貴之,56,ダ,1500,稍
2022103462,キャプテンブルー,2025-09-26,浦和,11,紅葉月特別(B2B3),11,5,5,2.3,1,3,佐野遥久,54,ダ,1500,良
2022103462,キャプテンブルー,2025-08-27,船橋,4,ナティブーツ特別(3歳C1),12,3,3,12.3,6,1,矢野貴之,57,ダ,1600,良
2022103462,キャプテンブルー,2025-08-06,川崎,11,芙蓉(OP)(3歳),10,2,2,5.3,4,4,西啓太,54,ダ,2000,良
2022103462,キャプテンブルー,2025-07-08,川崎,8,ジュライフラワー賞(3歳C1),12,4,4,3.4,2,2,矢野貴之,57,ダ,1500,良
2022103462,キャプテンブルー,2025-06-16,川崎,6,小千鳥賞(3歳),11,7,8,1.4,1,1,矢野貴之,56,ダ,1500,重
2022103462,キャプテンブルー,2025-06-03,船橋,3,3歳 390P,13,7,10,5.3,3,2,矢野貴之,56,ダ,1500,不
2022103462,キャプテンブルー,2025-05-05,船橋,3,3歳 370P,12,8,11,4.5,3,3,矢野貴之,56,ダ,1500,良
2022103462,キャプテンブルー,2025-04-01,船橋,3,3歳 293P,12,6,7,6.1,3,5,矢野貴之,56,ダ,1500,重
2022103462,キャプテンブルー,2024-10-28,船橋,3,2歳 110P,5,4,4,1.4,1,2,矢野貴之,55,ダ,1500,重
2022103462,キャプテンブルー,2024-08-30,船橋,5,ハイビスカスデビュー(2歳),5,1,1,3.1,2,3,矢野貴之,54,ダ,1200,不
2022103541,シュヴァルツボーイ,2026-08-26,船橋,4,C3 二組下,12,5,5,43.5,10,12,Ｆ．ゴン,56,ダ,1500,良
2022103541,シュヴァルツボーイ,2026-08-02,船橋,1,C3五,11,8,11,9.8,3,8,藤原幹生,56,ダ,1200,良
2022103541,シュヴァルツボーイ,2026-01-12,大井,1,C3十,13,1,1,75.7,5,5,高橋優,53,ダ,1200,良
2022103541,シュヴァルツボーイ,2025-12-29,大井,1,3歳五,12,8,12,81.0,7,6,高橋優,53,ダ,1200,重
2022103541,シュヴァルツボーイ,2025-12-04,大井,2,3歳四 五,14,2,2,245.6,9,13,高橋優,53,ダ,1200,良
2022103541,シュヴァルツボーイ,2025-11-10,大井,1,3歳五,11,5,5,35.0,7,5,高橋優,53,ダ,1200,稍
2022103541,シュヴァルツボーイ,2025-07-05,船橋,1,3歳八,8,1,1,36.2,6,7,藤原幹生,56,ダ,1200,良
2022103541,シュヴァルツボーイ,2025-06-06,船橋,1,3歳七,11,4,4,10.5,6,11,西啓太,56,ダ,1200,良
2022103541,シュヴァルツボーイ,2025-05-09,船橋,1,3歳七,11,4,4,20.4,6,8,山中悠希,56,ダ,1200,良
2022103545,マリーラークスパー,2026-09-01,名古屋,7,C14組,10,2,2,12.6,3,6,細川智史,55,ダ,1500,稍
2022103545,マリーラークスパー,2026-07-28,名古屋,5,C11組,12,7,10,4.4,2,9,細川智史,55,ダ,1500,不
2022103545,マリーラークスパー,2026-03-23,大井,1,C3九,11,6,6,57.0,6,9,杉山海波,51,ダ,1200,良
2022103545,マリーラークスパー,2026-03-09,大井,1,C3九,14,4,6,135.8,10,6,杉山海波,51,ダ,1200,稍
2022103545,マリーラークスパー,2026-02-16,大井,1,C3八 九,16,8,15,608.4,16,8,杉山海波,51,ダ,1200,良
2022103545,マリーラークスパー,2026-01-26,大井,2,C3八 九,13,4,6,,,除,杉山海波,51,ダ,1200,良
2022103545,マリーラークスパー,2026-01-12,大井,1,C3十,13,4,5,108.1,9,6,杉山海波,51,ダ,1200,良
2022103545,マリーラークスパー,2025-12-29,大井,1,3歳五,12,6,7,256.4,11,8,杉山海波,51,ダ,1200,重
2022103545,マリーラークスパー,2025-12-04,大井,1,3歳四 五,10,7,8,316.3,9,10,杉山海波,51,ダ,1600,良
2022103545,マリーラークスパー,2025-07-14,大井,2,3歳11 12,9,1,1,90.1,7,9,杉山海波,51,ダ,1400,稍
2022103545,マリーラークスパー,2025-07-01,大井,1,3歳 選抜牝馬,10,2,2,18.9,4,10,杉山海波,51,ダ,1200,良
2022103602,スリーレジェンド,2026-07-23,大井,12,ベガ賞競走(B2B3),12,7,9,3.3,2,1,笹川翼,57,ダ,1650,良
2022103602,スリーレジェンド,2026-06-30,大井,12,風待月賞競走(B2),12,6,8,5.0,2,2,笹川翼,56,ダ,2000,重
2022103602,スリーレジェンド,2026-06-11,大井,7,夏木立賞競走(B2),11,4,4,4.3,2,4,笹川翼,56,ダ,1800,稍
2022103602,スリーレジェンド,2026-05-01,大井,10,権現坂賞競走(B3),10,7,8,3.6,3,1,笹川翼,56,ダ,2000,不
2022103602,スリーレジェンド,2026-03-27,大井,12,桜坂賞競走(B3),15,5,8,6.9,5,5,御神本訓,56,ダ,2000,重
2022103602,スリーレジェンド,2026-03-10,大井,10,虎ノ門特別競走(C1),10,8,10,1.3,1,1,笹川翼,56,ダ,2000,稍
2022103602,スリーレジェンド,2026-02-16,大井,12,赤坂見附特別競走(C1),13,2,2,4.0,3,2,笹川翼,56,ダ,1800,良
2022103602,スリーレジェンド,2026-01-30,大井,8,C1三 四五(C1四),13,8,12,1.6,1,2,御神本訓,56,ダ,1600,良
2022103602,スリーレジェンド,2026-01-14,大井,8,C1七 八,13,6,8,1.3,1,1,笹川翼,56,ダ,1600,良
2022103602,スリーレジェンド,2025-12-30,大井,5,C2七 八,13,8,12,3.2,2,1,笹川翼,56,ダ,1600,稍
2022103602,スリーレジェンド,2025-11-03,門別,8,闘いの日々に喝采を特(A4),12,6,7,4.8,3,3,落合玄太,55,ダ,1700,重
2022103602,スリーレジェンド,2025-10-14,門別,12,ホクレン玉ねぎ「真白(B3),12,6,8,1.5,1,3,落合玄太,58,ダ,1700,稍
2022103602,スリーレジェンド,2025-09-16,門別,12,メランポジューム特別(B3),11,7,9,2.9,2,1,落合玄太,57,ダ,1700,良
2022103602,スリーレジェンド,2025-09-02,門別,12,オケクラフト特別(B3),7,3,3,1.4,1,3,落合玄太,57,ダ,1800,重
2022103602,スリーレジェンド,2025-08-06,門別,8,YJSトライアルラウ(B4),12,8,11,1.6,1,1,小林美駒,57,ダ,1700,良
2022103602,スリーレジェンド,2025-07-10,門別,11,うらかわ馬フェスタ特(B4),11,4,4,1.4,1,2,落合玄太,57,ダ,1600,良
2022103602,スリーレジェンド,2025-06-12,門別,11,胆振軽種馬農業協同組(B4),8,8,8,1.3,1,2,落合玄太,57,ダ,1800,稍
2022103602,スリーレジェンド,2025-05-29,門別,11,室蘭手ぶらフィッシン(C2),8,1,1,1.7,1,1,落合玄太,57,ダ,1700,良
2022103602,スリーレジェンド,2025-05-07,門別,7,3歳以上C3ー2C4,12,6,8,2.0,1,1,落合玄太,57,ダ,1700,稍
2022103602,スリーレジェンド,2025-04-17,門別,6,3歳以上C4ー3,12,5,5,2.1,1,1,落合玄太,57,ダ,1200,重
2022103602,スリーレジェンド,2025-02-01,京都,3,3歳未勝利,15,5,9,42.8,10,10,酒井学,57,ダ,1400,良
2022103602,スリーレジェンド,2025-01-19,中京,3,3歳未勝利,16,4,7,67.3,13,5,酒井学,57,ダ,1400,良
2022103602,スリーレジェンド,2024-12-28,京都,1,2歳未勝利,16,6,11,107.0,13,7,酒井学,56,ダ,1400,良
2022103602,スリーレジェンド,2024-09-28,中京,4,2歳新馬,16,7,14,65.3,11,11,酒井学,55,ダ,1800,良
2022103623,ガイラルディア,2026-08-22,中京,8,瀬戸特別(1勝クラス),10,8,10,51.7,8,7,松若風馬,56,ダ,1900,良
2022103623,ガイラルディア,2026-03-21,阪神,7,4歳以上1勝クラス,11,7,9,23.8,6,6,古川吉洋,56,ダ,1800,良
2022103623,ガイラルディア,2026-03-14,阪神,6,4歳以上1勝クラス,13,4,4,64.9,10,6,古川吉洋,56,ダ,1800,良
2022103623,ガイラルディア,2026-01-12,京都,6,4歳以上1勝クラス,9,3,3,61.4,8,7,橋木太希,52,ダ,1800,良
2022103623,ガイラルディア,2025-11-04,笠松,6,立冬特別(C),12,6,7,1.5,1,1,渡辺竜也,55,ダ,1400,良
2022103623,ガイラルディア,2025-10-21,笠松,7,C22組,10,2,2,2.7,2,1,渡辺竜也,55,ダ,1400,良
2022103623,ガイラルディア,2025-10-07,笠松,6,C23組,9,2,2,1.2,1,2,渡辺竜也,55,ダ,1400,良
2022103623,ガイラルディア,2025-08-27,笠松,9,大湫宿特別(3歳),10,5,5,3.8,2,4,松若風馬,55,ダ,1400,良
2022103623,ガイラルディア,2025-06-21,阪神,2,3歳未勝利,16,4,8,35.3,10,8,松若風馬,55,ダ,1800,良
2022103623,ガイラルディア,2025-05-10,京都,4,3歳未勝利,12,6,8,32.0,8,6,中井裕二,55,ダ,1800,重
2022103623,ガイラルディア,2025-04-20,福島,2,3歳未勝利,15,7,13,95.2,10,7,鮫島良太,55,ダ,1700,良
2022103623,ガイラルディア,2024-07-20,札幌,5,2歳新馬,14,3,3,36.4,9,14,池添謙一,55,ダ,1700,良
2022103647,アドリビタム,2026-06-11,大井,8,ストーン・フェンス賞(C2七),13,2,2,3.0,1,9,笹川翼,56,ダ,1400,稍
2022103647,アドリビタム,2026-05-20,大井,10,ポートサイド賞(C2七),12,8,12,1.9,1,4,笹川翼,56,ダ,1200,良
2022103647,アドリビタム,2026-04-28,大井,7,C2十 11,14,7,12,3.5,2,3,笹川翼,56,ダ,1200,不
2022103647,アドリビタム,2026-04-14,大井,5,C2十 1112(C211),14,1,1,4.9,2,2,笹川翼,56,ダ,1400,良
2022103647,アドリビタム,2026-01-26,大井,9,C214 15,11,8,11,6.0,2,3,高野誠毅,56,ダ,1200,良
2022103647,アドリビタム,2026-01-13,大井,12,C212 1314(C213),16,3,6,6.1,3,9,高野誠毅,56,ダ,1200,良
2022103647,アドリビタム,2025-12-30,大井,2,3歳三 四,16,1,1,14.1,4,1,高野誠毅,56,ダ,1200,稍
2022103647,アドリビタム,2025-07-14,大井,3,3歳11 12,11,7,8,5.7,2,2,木澤奨,53,ダ,1200,稍
2022103647,アドリビタム,2025-06-30,大井,7,3歳11 1213(3歳12),12,3,3,42.3,6,5,木澤奨,53,ダ,1200,良
2022103673,リュウグウノユメ,2026-09-01,大井,1,C3三 四,10,4,4,5.9,2,6,西優哉,51,ダ,1600,良
2022103673,リュウグウノユメ,2026-08-15,大井,1,C3五 六,12,5,5,2.6,2,3,西優哉,51,ダ,1600,重
2022103673,リュウグウノユメ,2026-07-20,大井,1,C3六 七,14,6,10,10.3,3,3,菅原涼太,54,ダ,1600,稍
2022103673,リュウグウノユメ,2026-07-03,大井,1,C3一 二,11,7,9,27.6,8,5,西優哉,51,ダ,1600,不
2022103673,リュウグウノユメ,2026-06-10,大井,1,C3三 四,14,7,12,9.8,5,2,菅原涼太,54,ダ,1600,重
2022103673,リュウグウノユメ,2026-05-19,大井,1,C3四 五六(C3五),13,8,13,33.0,8,9,菅原涼太,54,ダ,1600,良
2022103673,リュウグウノユメ,2026-04-27,大井,1,C3六 七,14,7,11,11.0,7,5,菅原涼太,54,ダ,1600,不
2022103673,リュウグウノユメ,2026-04-13,大井,1,C3六 七,13,5,6,11.4,4,11,菅原涼太,54,ダ,1600,良
2022103673,リュウグウノユメ,2026-03-23,大井,3,C3七 八,13,8,13,44.2,8,11,野畑凌,54,ダ,1200,良
2022103673,リュウグウノユメ,2026-03-09,大井,3,C3七 八,15,8,14,276.4,11,5,安藤洋一,54,ダ,1200,稍
2022103673,リュウグウノユメ,2026-02-17,大井,1,C3六 七,15,8,15,178.8,12,9,服部茂史,54,ダ,1200,稍
2022103673,リュウグウノユメ,2026-01-27,大井,1,C3六 七,14,7,12,32.6,7,13,野畑凌,54,ダ,1200,良
2022103673,リュウグウノユメ,2026-01-12,大井,3,C3八 九,15,3,5,20.3,5,9,野畑凌,54,ダ,1200,良
2022103673,リュウグウノユメ,2025-12-30,大井,2,3歳三 四,16,1,2,47.5,7,8,野畑凌,54,ダ,1200,稍
2022103673,リュウグウノユメ,2025-12-05,大井,3,被爆ピアノが奏でる平(3歳二),13,7,11,18.1,7,13,西啓太,54,ダ,1200,良
2022103673,リュウグウノユメ,2025-11-11,大井,2,3歳三 四,14,3,3,87.8,9,5,西啓太,54,ダ,1200,稍
2022103673,リュウグウノユメ,2025-10-20,大井,5,港区みんなと結ぶ「へ(3歳),9,8,8,8.1,3,7,西啓太,54,ダ,1200,稍
2022103673,リュウグウノユメ,2025-10-08,大井,2,3歳五 六,10,8,10,6.8,3,5,西啓太,54,ダ,1200,良
2022103673,リュウグウノユメ,2025-09-15,大井,7,3歳八 九,14,5,8,4.0,2,10,西啓太,54,ダ,1200,稍
2022103673,リュウグウノユメ,2025-09-01,大井,7,3歳九 十,14,3,3,2.7,2,9,西啓太,54,ダ,1200,良
2022103673,リュウグウノユメ,2025-07-01,大井,1,3歳 選抜牝馬,10,7,7,9.6,3,2,西啓太,54,ダ,1200,良
2022103719,サマーツアー,2026-03-25,大井,6,C2七 八九(C2八),14,6,10,49.6,10,10,東原悠善,56,ダ,1200,良
2022103719,サマーツアー,2026-03-12,大井,8,C2六 七,11,7,9,47.1,7,11,東原悠善,56,ダ,1200,良
2022103719,サマーツアー,2026-02-19,大井,10,C2五 六七(C2六),14,7,13,6.6,3,13,東原悠善,56,ダ,1200,良
2022103719,サマーツアー,2026-01-30,大井,6,C2三 四五(C2四),14,7,12,12.0,3,9,東原悠善,56,ダ,1400,良
2022103719,サマーツアー,2026-01-15,大井,7,C2六 七,10,6,7,,,取,東原悠善,56,ダ,1200,良
2022103719,サマーツアー,2025-12-29,大井,6,C2九 十11(C2十),14,3,4,3.6,2,3,東原悠善,56,ダ,1200,重
2022103719,サマーツアー,2025-12-04,大井,4,C2七 八,14,4,6,9.3,3,5,東原悠善,56,ダ,1200,良
2022103719,サマーツアー,2025-11-10,大井,7,C215 1617(C216),12,8,12,1.3,1,1,東原悠善,56,ダ,1200,稍
2022103719,サマーツアー,2025-10-21,大井,2,伝統と未来、躍進する(3歳),10,3,3,11.5,3,1,東原悠善,56,ダ,1200,稍
2022103719,サマーツアー,2025-09-06,中山,7,3歳未勝利,18,2,4,14.7,7,16,上里直汰,54,芝,2000,良
2022103719,サマーツアー,2025-08-24,新潟,3,3歳未勝利,17,6,12,77.9,11,5,上里直汰,54,芝,2000,良
2022103719,サマーツアー,2025-08-17,新潟,5,3歳未勝利,15,4,6,23.5,6,12,横山琉人,57,ダ,1200,良
2022103719,サマーツアー,2025-06-22,東京,4,3歳未勝利,16,8,16,43.6,7,12,嶋田純次,57,芝,1800,良
2022103719,サマーツアー,2025-06-08,東京,3,3歳未勝利,17,7,14,207.0,14,5,嶋田純次,57,芝,1800,良
2022103719,サマーツアー,2025-05-31,東京,3,3歳未勝利,18,8,17,95.4,9,9,嶋田純次,57,芝,1400,稍
2022103719,サマーツアー,2025-03-30,中京,2,3歳未勝利,15,3,5,42.5,7,9,嶋田純次,57,ダ,1200,稍
2022103719,サマーツアー,2025-03-01,中山,2,3歳未勝利,16,4,7,135.6,11,6,嶋田純次,57,ダ,1200,良
2022103719,サマーツアー,2024-12-14,中山,2,2歳未勝利,16,1,1,70.2,10,12,津村明秀,56,ダ,1800,良
2022103719,サマーツアー,2024-11-23,東京,4,2歳新馬,15,6,11,18.2,6,7,津村明秀,56,ダ,1400,稍
2022103731,オルペラー,2026-08-20,川崎,8,日本刀賞(C1),13,6,9,3.4,2,3,本田正重,56,ダ,1500,良
2022103731,オルペラー,2026-07-27,川崎,10,キリマンジェロ賞(C1),10,8,9,6.6,4,2,本田正重,56,ダ,1500,良
2022103731,オルペラー,2026-07-07,川崎,12,ブラックジャック賞(C1),12,7,10,3.1,2,9,野畑凌,56,ダ,1500,重
2022103731,オルペラー,2026-06-15,川崎,11,神楽酒造盃くろうま賞(C1C2),14,3,4,2.4,1,2,和田譲治,57,ダ,1600,重
2022103731,オルペラー,2026-05-25,浦和,8,C1四,12,6,7,6.6,5,2,櫻井光輔,56,ダ,1500,稍
2022103731,オルペラー,2026-05-13,川崎,7,紫丁香花賞(C1),12,5,5,9.1,3,5,野畑凌,56,ダ,1400,良
2022103731,オルペラー,2026-02-05,川崎,9,菜の花賞(C1),13,4,4,3.2,2,6,櫻井光輔,56,ダ,1400,良
2022103731,オルペラー,2026-01-04,川崎,8,熊手賞(C2),14,6,9,2.8,2,1,野畑凌,56,ダ,1400,稍
2022103731,オルペラー,2025-12-17,川崎,5,C2三 四,12,1,1,1.3,1,1,野畑凌,56,ダ,1400,稍
2022103731,オルペラー,2025-11-19,川崎,3,四十雀賞(3歳),12,5,5,1.4,1,1,野畑凌,56,ダ,1500,良
2022103731,オルペラー,2025-10-16,名古屋,9,C8組,12,5,6,1.3,1,1,加藤聡一,57,ダ,1500,不
2022103731,オルペラー,2025-09-30,名古屋,8,3歳7組,12,5,5,2.3,1,1,加藤聡一,57,ダ,1500,良
2022103731,オルペラー,2025-09-16,名古屋,8,3歳8組,12,1,1,13.7,5,2,加藤聡一,57,ダ,1500,良
2022103731,オルペラー,2025-09-05,名古屋,4,3歳14組,12,8,11,5.6,3,1,加藤聡一,57,ダ,1500,不
2022103731,オルペラー,2025-07-26,中京,5,3歳未勝利,16,7,14,78.0,13,13,酒井学,57,ダ,1400,良
2022103731,オルペラー,2025-04-20,阪神,1,3歳未勝利,16,5,10,29.0,9,10,酒井学,57,ダ,1400,良
2022103751,スナドケイ,2026-09-01,金沢,12,金沢競馬は楽天競馬で(A2),8,8,8,6.6,3,5,加藤翔馬,55,ダ,1700,稍
2022103751,スナドケイ,2026-08-18,金沢,7,B12,10,1,1,7.2,4,1,青柳正義,55,ダ,1500,良
2022103751,スナドケイ,2026-07-20,金沢,8,B12,7,4,4,4.0,3,2,加藤翔馬,55,ダ,1400,良
2022103751,スナドケイ,2026-07-07,金沢,9,第21回生誕記念幸せ(B1),8,4,4,2.5,1,3,青柳正義,55,ダ,1400,稍
2022103751,スナドケイ,2026-06-22,金沢,11,B13,10,8,9,8.8,4,7,青柳正義,55,ダ,1400,不
2022103751,スナドケイ,2026-06-08,金沢,10,B14,9,8,8,4.9,2,2,青柳正義,55,ダ,1400,稍
2022103751,スナドケイ,2026-05-26,金沢,12,恋路賞(B1),10,8,9,28.5,6,5,米倉知,55,ダ,1400,良
2022103751,スナドケイ,2026-05-19,金沢,12,白山さん特別(B2),10,8,9,7.2,2,3,青柳正義,55,ダ,1400,良
2022103751,スナドケイ,2026-05-03,金沢,9,B26,8,8,8,4.6,3,1,青柳正義,55,ダ,1500,重
2022103751,スナドケイ,2026-04-21,金沢,8,B25,10,1,1,10.2,4,4,中島龍也,55,ダ,1500,重
2022103751,スナドケイ,2026-04-07,金沢,2,きっと馬くいくで賞(C1),9,5,5,2.7,2,1,青柳正義,55,ダ,1500,不
2022103751,スナドケイ,2026-03-27,金沢,7,C15,8,6,6,8.7,5,3,米倉知,55,ダ,1500,稍
2022103751,スナドケイ,2026-03-11,金沢,3,C13,9,7,7,9.5,3,3,青柳正義,55,ダ,1400,重
2022103751,スナドケイ,2026-02-11,船橋,3,C2九 十,12,6,7,19.7,4,8,木間塚龍,54,ダ,1500,稍
2022103751,スナドケイ,2026-01-23,船橋,6,C2七 八九 ウ(C2八),12,3,3,9.5,3,4,木間塚龍,54,ダ,1200,良
2022103751,スナドケイ,2025-12-16,金沢,8,ささもた生誕杯byザ(B2),11,3,3,5.6,2,6,青柳正義,55,ダ,1400,不
2022103751,スナドケイ,2025-12-08,金沢,7,C12 特別編成(C1特別),8,1,1,2.3,2,1,中島龍也,55,ダ,1400,重
2022103751,スナドケイ,2025-11-25,金沢,1,C111,7,4,4,2.8,2,1,青柳正義,55,ダ,1500,重
2022103751,スナドケイ,2025-11-10,金沢,2,翔ちゃん萌香ちゃん結(C1),7,6,6,1.6,1,2,青柳正義,55,ダ,1400,不
2022103751,スナドケイ,2025-10-25,金沢,5,福井県畜産協会長賞(C1),7,2,2,1.3,1,4,青柳正義,55,ダ,1500,良
2022103751,スナドケイ,2025-10-06,金沢,4,ラジ96☆5周年おめ(C2),8,2,2,1.5,1,1,青柳正義,55,ダ,1400,重
2022103751,スナドケイ,2025-09-20,金沢,5,C213,9,1,1,2.4,1,1,栗原大河,55,ダ,1500,良
2022103751,スナドケイ,2025-09-08,金沢,1,3歳B 9,10,1,1,2.2,1,2,栗原大河,55,ダ,1500,不
2022103751,スナドケイ,2025-07-19,函館,3,3歳未勝利,12,7,9,99.7,9,6,小林美駒,51,ダ,2400,良
2022103751,スナドケイ,2025-04-05,中山,1,3歳未勝利,15,5,8,207.2,13,9,中井裕二,55,ダ,1800,重
2022103751,スナドケイ,2025-03-16,中山,1,3歳未勝利,16,4,7,88.4,10,10,石田拓郎,52,ダ,1800,不
2022103751,スナドケイ,2025-02-23,東京,2,3歳未勝利,16,3,5,16.1,5,10,長浜鴻緒,52,ダ,2100,良
2022103751,スナドケイ,2025-01-26,中山,2,3歳未勝利,16,4,7,206.8,14,6,長浜鴻緒,52,ダ,1800,良
2022103751,スナドケイ,2025-01-06,中山,2,3歳未勝利,16,5,9,199.7,10,8,石田拓郎,52,ダ,1800,良
2022103751,スナドケイ,2024-11-02,福島,1,2歳未勝利,15,6,10,192.7,14,14,石田拓郎,52,ダ,1700,稍
2022103751,スナドケイ,2024-08-17,新潟,6,2歳新馬,15,4,6,212.1,14,8,石田拓郎,52,ダ,1800,良
2022103768,パワーディライト,2026-01-26,大井,2,C3八 九,13,5,7,209.7,13,8,高野誠毅,56,ダ,1200,良
2022103768,パワーディライト,2026-01-12,大井,1,C3十,13,8,12,201.6,13,8,高野誠毅,56,ダ,1200,良
2022103768,パワーディライト,2025-12-29,大井,1,3歳五,12,5,6,143.7,8,10,藤本現暉,56,ダ,1200,重
2022103768,パワーディライト,2025-12-04,大井,1,3歳四 五,10,6,6,61.9,5,8,吉原寛人,56,ダ,1600,良
2022103768,パワーディライト,2025-11-10,大井,1,3歳五,11,3,3,38.5,8,7,中村尚平,56,ダ,1200,稍
2022103768,パワーディライト,2025-10-20,大井,5,港区みんなと結ぶ「へ(3歳),9,3,3,179.0,9,6,中村尚平,56,ダ,1200,稍
2022103768,パワーディライト,2025-10-08,大井,2,3歳五 六,10,7,8,252.8,10,10,中村尚平,56,ダ,1200,良
2022103768,パワーディライト,2025-09-15,大井,4,3歳十 11,13,7,11,83.8,13,13,中村尚平,56,ダ,1200,稍
2022103768,パワーディライト,2025-09-01,大井,3,3歳11,12,7,10,105.5,8,12,中村尚平,56,ダ,1200,良
2022103911,ショウナンタハティ,2026-07-26,新潟,5,3歳以上1勝クラス,15,8,14,6.1,4,3,田口貫太,58,ダ,1200,重
2022103911,ショウナンタハティ,2026-05-31,東京,7,4歳以上1勝クラス,16,2,4,19.4,5,3,津村明秀,58,ダ,1400,良
2022103911,ショウナンタハティ,2026-05-02,東京,7,4歳以上1勝クラス,16,7,13,19.8,9,2,津村明秀,58,ダ,1400,重
2022103911,ショウナンタハティ,2026-04-11,中山,8,4歳以上1勝クラス,16,5,10,8.6,4,7,津村明秀,58,ダ,1800,稍
2022103911,ショウナンタハティ,2026-02-15,小倉,12,4歳以上1勝クラス,13,7,10,5.6,3,2,浜中俊,57,ダ,1700,稍
2022103911,ショウナンタハティ,2026-01-31,小倉,3,4歳以上1勝クラス,16,7,13,37.9,11,4,浜中俊,57,ダ,1700,良
2022103911,ショウナンタハティ,2026-01-11,中山,7,4歳以上1勝クラス,16,6,11,29.0,5,9,菅原明良,57,ダ,1800,良
2022103911,ショウナンタハティ,2025-12-05,大井,8,子どもの未来応援賞(C2三),13,1,1,1.3,1,1,本田正重,56,ダ,1600,良
2022103911,ショウナンタハティ,2025-11-13,大井,8,イエロー・パロット賞(C2),14,8,13,2.4,1,2,本田正重,56,ダ,1600,稍
2022103911,ショウナンタハティ,2025-10-22,大井,7,マンガ・アニメ・トシ(C2九),10,8,11,1.8,1,1,本田正重,56,ダ,1600,重
2022103911,ショウナンタハティ,2025-08-30,札幌,6,3歳未勝利,16,2,4,20.7,7,8,池添謙一,57,芝,2000,稍
2022103911,ショウナンタハティ,2025-08-03,札幌,6,3歳未勝利,14,6,9,9.2,5,6,キング,57,芝,1500,良
2022103911,ショウナンタハティ,2025-07-05,福島,8,3歳未勝利,16,5,10,5.8,2,5,菅原明良,57,芝,1800,良
2022103911,ショウナンタハティ,2025-05-17,東京,5,3歳未勝利,18,5,10,11.8,4,6,横山武史,57,芝,1400,良
2022103911,ショウナンタハティ,2025-05-03,新潟,5,3歳未勝利,16,8,15,5.7,2,4,丹内祐次,57,芝,1400,良
2022103911,ショウナンタハティ,2025-04-13,中山,5,3歳未勝利,16,5,9,5.3,2,4,シュタル,57,芝,1600,良
2022103911,ショウナンタハティ,2025-02-15,東京,5,3歳未勝利,16,3,5,25.6,8,6,岩田康誠,57,芝,1400,良
2022103911,ショウナンタハティ,2025-02-02,京都,6,3歳未勝利,11,6,8,66.1,10,4,岩田康誠,57,芝,1600,稍
2022103911,ショウナンタハティ,2024-12-07,中山,4,2歳未勝利,12,7,10,20.5,6,9,マーカン,56,ダ,1800,良
2022103911,ショウナンタハティ,2024-10-27,東京,1,2歳未勝利,12,8,11,41.4,8,8,岩田康誠,56,ダ,1400,良
2022103911,ショウナンタハティ,2024-10-06,東京,3,2歳新馬,16,4,8,14.9,5,8,岩田康誠,56,ダ,1600,重
2022103923,グラスコメット,2026-09-01,大井,12,秋麗賞(C1七),12,7,10,65.5,10,4,張田昂,54,ダ,1200,良
2022103923,グラスコメット,2026-08-14,大井,8,C1五 六,16,4,7,126.9,13,10,藤本現暉,54,ダ,1200,不
2022103923,グラスコメット,2026-07-22,大井,12,ハーレーダビッドソン(C1),11,2,2,190.6,11,6,張田昂,54,ダ,1200,良
2022103923,グラスコメット,2026-07-01,大井,12,タイタン賞(C1四),15,5,9,376.2,15,12,新原周馬,54,ダ,1200,稍
2022103923,グラスコメット,2026-06-12,大井,9,印西市コスモス賞(C1四),14,7,12,206.1,14,10,中村尚平,54,ダ,1200,稍
2022103923,グラスコメット,2026-05-21,大井,7,C1二 三四(C1三),11,3,3,189.7,11,9,中村尚平,54,ダ,1200,稍
2022103923,グラスコメット,2026-04-30,大井,9,C1三 四五(C1四),14,3,4,177.9,12,13,中村尚平,54,ダ,1200,稍
2022103923,グラスコメット,2026-04-16,大井,9,C1三 四五(C1四),16,8,15,126.4,15,16,中村尚平,54,ダ,1200,不
2022103923,グラスコメット,2025-12-25,大井,10,雪華特別競走(C1),11,5,5,21.0,6,8,笹川翼,54,ダ,1200,重
2022103923,グラスコメット,2025-12-01,大井,10,C1七 八,13,2,2,3.0,1,1,笹川翼,54,ダ,1200,良
2022103923,グラスコメット,2025-11-10,大井,9,C1八 九,10,5,5,41.2,7,4,藤本現暉,54,ダ,1200,稍
2022103923,グラスコメット,2025-10-24,大井,7,上野の山で芸術満喫台(C2二),12,7,10,28.9,6,3,笹川翼,54,ダ,1400,重
2022103923,グラスコメット,2025-10-10,大井,6,アレキサンダー賞(C2四),11,5,5,16.1,7,9,鷹見陸,53,ダ,1200,良
2022103923,グラスコメット,2025-09-18,大井,3,3歳 選抜牝馬,12,7,10,9.8,4,4,鷹見陸,53,ダ,1200,良
2022103923,グラスコメット,2025-09-04,大井,7,3歳一 二三(3歳二),15,2,3,221.3,11,2,鷹見陸,53,ダ,1200,良
2022103923,グラスコメット,2025-08-14,大井,7,3歳一 二三(3歳二),13,2,2,196.9,10,10,石川駿介,54,ダ,1200,良
2022103923,グラスコメット,2025-07-18,大井,10,3歳一 二三(3歳二),14,3,4,84.5,10,9,鷹見陸,53,ダ,1200,稍
2022103923,グラスコメット,2025-07-04,大井,4,3歳四 五,12,5,6,12.5,3,12,矢野貴之,54,ダ,1200,良
2022103923,グラスコメット,2025-06-11,大井,3,3歳五 六七(3歳六),13,6,9,10.4,3,3,笹川翼,54,ダ,1200,重
2022103923,グラスコメット,2025-05-22,大井,5,3歳四 五六(3歳五),13,3,3,6.1,3,4,笹川翼,54,ダ,1200,良
2022103923,グラスコメット,2025-04-28,大井,6,3歳13 14,9,4,4,1.6,1,1,笹川翼,54,ダ,1200,稍
2022103923,グラスコメット,2025-04-14,大井,4,3歳 選抜牝馬,14,7,12,40.3,8,2,高野誠毅,54,ダ,1200,不
2022103940,クインズマカロン,2026-05-22,大井,7,プレアデス賞競走(B2B3),9,3,3,26.2,6,1,高橋昭平,53,ダ,1600,不
2022103940,クインズマカロン,2026-04-27,大井,11,神楽坂賞競走(B3),16,1,2,16.0,6,5,高橋昭平,54,ダ,1400,不
2022103940,クインズマカロン,2026-04-14,大井,9,デネボラ特別競走(C1),10,7,8,6.2,3,1,高橋昭平,54,ダ,1400,良
2022103940,クインズマカロン,2026-03-26,大井,8,アフィニティ賞(C1),7,3,3,10.3,4,2,高橋昭平,54,ダ,1600,不
2022103940,クインズマカロン,2026-03-11,大井,8,C1六 七八(C1七),11,3,3,41.5,10,4,高橋昭平,54,ダ,1600,良
2022103940,クインズマカロン,2026-02-17,大井,10,河津桜特別競走(C1C2),13,1,1,8.2,5,4,石川倭,55,ダ,1600,稍
2022103940,クインズマカロン,2026-01-28,大井,8,C1八 九,14,7,12,25.7,6,6,高橋昭平,54,ダ,1600,良
2022103940,クインズマカロン,2026-01-14,大井,8,C1七 八,13,1,1,53.6,7,5,桑村真明,54,ダ,1600,良
2022103940,クインズマカロン,2025-12-29,大井,11,センリョウ賞(C1),13,8,13,9.1,4,3,吉井章,54,ダ,1600,重
2022103940,クインズマカロン,2025-12-01,大井,8,アクダクト賞(C1),14,6,9,7.1,3,6,吉井章,54,ダ,1600,良
2022103940,クインズマカロン,2025-09-14,阪神,3,3歳未勝利,15,4,7,23.5,6,4,藤懸貴志,55,ダ,1800,良
2022103940,クインズマカロン,2025-08-09,札幌,2,3歳未勝利,14,4,6,4.9,2,7,荻野琢真,55,ダ,1700,重
2022103940,クインズマカロン,2025-07-20,函館,2,3歳未勝利,13,1,1,3.8,2,3,荻野琢真,55,ダ,1700,良
2022103940,クインズマカロン,2025-06-28,函館,3,3歳未勝利,14,3,4,64.0,7,2,荻野琢真,55,ダ,1700,稍
2022103940,クインズマカロン,2025-06-14,函館,2,3歳未勝利,14,2,2,145.3,11,5,荻野琢真,55,ダ,1700,良
2022103940,クインズマカロン,2025-04-05,阪神,1,3歳未勝利,16,8,15,189.1,12,7,藤懸貴志,55,ダ,1800,良
2022103940,クインズマカロン,2024-11-24,京都,4,2歳新馬,14,7,11,51.0,13,8,藤懸貴志,55,ダ,1400,良
2022103975,ブルートレーラー,2026-08-24,金沢,3,C23,10,8,10,2.1,1,3,青柳正義,55,ダ,1400,良
2022103975,ブルートレーラー,2026-08-10,金沢,2,C24,9,7,7,4.0,2,2,青柳正義,55,ダ,1500,重
2022103975,ブルートレーラー,2026-07-27,金沢,6,能登復興支援福浦港賞(C2),10,4,4,1.8,1,9,青柳正義,55,ダ,1400,稍
2022103975,ブルートレーラー,2026-04-03,金沢,3,C19,6,1,1,3.3,3,2,鈴木太一,55,ダ,1400,不
2022103975,ブルートレーラー,2026-03-27,金沢,4,C18,7,2,2,8.5,3,4,鈴木太一,55,ダ,1400,稍
2022103975,ブルートレーラー,2026-03-11,金沢,2,ケイタ26歳じゃわめ(C1),9,8,8,10.9,3,5,青柳正義,55,ダ,1500,重
2022103975,ブルートレーラー,2025-12-27,金沢,5,第2回石油じゃぶじゃ(C1),12,7,10,11.6,4,2,青柳正義,55,ダ,1500,不
2022103975,ブルートレーラー,2025-12-15,金沢,5,お祝いありがとう!み(C2),8,2,2,4.3,3,1,青柳正義,55,ダ,1400,不
2022103975,ブルートレーラー,2025-12-02,金沢,8,C22,8,6,6,11.6,3,3,青柳正義,55,ダ,1500,良
2022103975,ブルートレーラー,2025-11-23,金沢,4,C115,8,4,4,12.9,3,3,青柳正義,55,ダ,1400,稍
2022103975,ブルートレーラー,2025-11-05,金沢,5,C211 特別編成(C2特別),9,8,8,2.7,2,1,青柳正義,55,ダ,1500,稍
2022103975,ブルートレーラー,2025-07-01,金沢,8,アルマンディンガーネ(3歳),12,3,3,42.2,5,5,松戸政也,55,ダ,1500,良
2022103975,ブルートレーラー,2025-06-17,金沢,6,3歳B 2,10,8,10,45.7,7,5,鈴木太一,55,ダ,1500,良
2022103975,ブルートレーラー,2025-06-03,金沢,6,パープルトルマリン特(3歳),11,4,4,42.4,6,7,松戸政也,55,ダ,1400,不
2022103975,ブルートレーラー,2025-05-20,金沢,5,バイカラーサファイア(3歳),7,1,1,17.4,4,3,松戸政也,55,ダ,1400,良
2022103975,ブルートレーラー,2025-05-06,金沢,3,天使乃はね誕生日記念(3歳3),8,4,4,16.3,4,2,松戸政也,55,ダ,1500,稍
2022103975,ブルートレーラー,2025-04-22,金沢,4,3歳B 2,9,8,8,24.4,8,5,松戸政也,55,ダ,1400,良
2022103975,ブルートレーラー,2025-04-08,金沢,4,3歳B 2,10,5,5,109.0,9,6,松戸政也,55,ダ,1400,稍
2022103975,ブルートレーラー,2025-03-17,金沢,3,バロックパール特別(3歳),10,6,6,17.7,6,6,松戸政也,54,ダ,1400,不
2022103975,ブルートレーラー,2024-12-28,金沢,6,ノースポール賞(2歳以下),10,8,9,88.0,7,9,松戸政也,54,ダ,1400,不
2022103975,ブルートレーラー,2024-12-17,金沢,7,蝋梅特別(2歳),10,1,1,29.0,6,6,松戸政也,54,ダ,1500,不
2022103975,ブルートレーラー,2024-12-02,金沢,9,楽天ポイントでネット(2歳),9,3,3,25.5,5,8,松戸政也,54,ダ,1400,重
2022103975,ブルートレーラー,2024-11-19,金沢,12,金沢ヤングチャンピオ(重賞),12,2,2,68.5,8,6,松戸政也,54,ダ,1700,重
2022103975,ブルートレーラー,2024-11-03,金沢,5,枇杷賞(2歳),8,1,1,2.2,1,1,松戸政也,54,ダ,1400,重
2022103975,ブルートレーラー,2024-10-08,金沢,4,孔雀草賞(2歳),7,2,2,9.3,4,1,松戸政也,54,ダ,1400,不
2022103975,ブルートレーラー,2024-09-23,金沢,4,競走馬の写真家VOD(2歳),9,1,1,9.1,4,2,松戸政也,54,ダ,1400,重
2022103975,ブルートレーラー,2024-09-10,金沢,4,大場新悟ちゃん☆お誕(2歳),6,2,2,23.1,4,3,松戸政也,54,ダ,1400,良
2022103975,ブルートレーラー,2024-08-25,金沢,5,ゴモリー杯(2歳),10,8,10,44.9,7,3,松戸政也,54,ダ,1400,稍
2022103975,ブルートレーラー,2024-08-12,金沢,3,嘉瀬生誕記念(2歳),7,3,3,10.2,4,4,田知弘久,54,ダ,1400,良
2022103975,ブルートレーラー,2024-07-30,金沢,3,2歳2,5,1,1,6.0,4,4,田知弘久,54,ダ,1400,不
2022103975,ブルートレーラー,2024-07-15,金沢,3,2歳新馬,6,6,6,22.7,5,3,田知弘久,54,ダ,900,重
2022104076,アクアジェット,2026-09-01,大井,9,C1六 七八(C1七),14,4,6,65.0,11,6,小野俊斗,53,ダ,1600,良
2022104076,アクアジェット,2026-08-12,大井,6,ブラック・ベルベット(C1),12,1,1,5.6,2,10,矢野貴之,56,ダ,1600,不
2022104076,アクアジェット,2026-03-12,大井,12,花月特別競走(C1),14,3,3,3.2,2,4,矢野貴之,56,ダ,1650,良
2022104076,アクアジェット,2026-02-17,大井,8,C1五 六,10,4,4,3.5,1,3,和田譲治,56,ダ,1600,稍
2022104076,アクアジェット,2026-01-29,大井,9,C1六 七,8,3,3,5.1,3,4,和田譲治,56,ダ,1600,良
2022104076,アクアジェット,2025-12-29,大井,11,センリョウ賞(C1),13,4,4,1.5,1,2,和田譲治,56,ダ,1600,重
2022104076,アクアジェット,2025-11-14,大井,6,C2四 五六(C2五),14,7,11,3.2,1,2,和田譲治,56,ダ,1600,稍
2022104076,アクアジェット,2025-10-24,大井,6,C2一 二三(C2二),10,7,7,4.2,2,2,和田譲治,56,ダ,1600,重
2022104076,アクアジェット,2025-10-07,大井,5,C211 1213(C212),13,4,4,1.4,1,1,和田譲治,56,ダ,1600,良
2022104076,アクアジェット,2025-09-16,大井,6,3歳六 七,11,4,4,1.2,1,1,和田譲治,56,ダ,1600,稍
2022104076,アクアジェット,2025-08-09,札幌,6,3歳未勝利,15,4,7,121.3,13,6,丸山元気,57,芝,2000,稍
2022104076,アクアジェット,2025-07-20,函館,3,3歳未勝利,14,2,2,9.8,6,8,小林美駒,53,芝,1800,良
2022104076,アクアジェット,2025-06-07,東京,7,3歳未勝利,18,4,7,33.8,7,7,丸山元気,57,芝,1600,良
2022104076,アクアジェット,2024-11-16,福島,7,2歳未勝利,16,5,10,11.4,5,5,丸山元気,56,芝,1800,良
2022104076,アクアジェット,2024-09-21,中山,2,2歳未勝利,13,5,6,10.8,3,6,津村明秀,55,芝,1600,良
2022104076,アクアジェット,2024-06-30,福島,1,2歳未勝利,7,5,5,1.7,1,6,津村明秀,55,芝,1800,良
2022104076,アクアジェット,2024-06-09,東京,5,2歳新馬,11,5,5,36.0,7,4,津村明秀,55,芝,1800,良
2022104092,サクラアドリア,2026-08-23,札幌,8,3歳以上1勝クラス,11,2,2,18.0,6,9,武豊,58,芝,1800,良
2022104092,サクラアドリア,2026-03-01,小倉,9,唐戸特別(1勝クラス),18,6,11,10.7,5,10,斎藤新,57,芝,2000,良
2022104092,サクラアドリア,2025-12-14,中山,12,3歳以上1勝クラス,16,1,1,10.2,4,3,横山典弘,57,芝,1800,稍
2022104092,サクラアドリア,2025-11-24,福島,12,3歳以上1勝クラス,16,3,5,10.6,5,4,鮫島克駿,56,芝,2000,良
2022104092,サクラアドリア,2025-09-20,中山,7,3歳以上1勝クラス,18,8,17,23.6,7,7,横山典弘,55,芝,2000,良
2022104092,サクラアドリア,2025-07-19,函館,9,湯浜特別(1勝クラス),14,7,11,21.7,5,12,横山和生,55,芝,1800,良
2022104092,サクラアドリア,2025-06-29,函館,6,3歳未勝利,16,4,8,2.2,1,1,武豊,57,芝,1800,良
2022104092,サクラアドリア,2025-06-14,函館,4,3歳未勝利,15,2,2,5.2,2,4,戸崎圭太,57,芝,1800,良
2022104092,サクラアドリア,2025-04-26,福島,5,3歳未勝利,16,8,15,4.1,2,4,亀田温心,57,芝,1800,良
2022104092,サクラアドリア,2025-02-09,東京,6,3歳未勝利,16,8,15,3.7,2,7,戸崎圭太,57,芝,1600,良
2022104092,サクラアドリア,2025-01-11,中山,7,3歳未勝利,16,6,11,5.0,3,3,戸崎圭太,57,芝,1600,良
2022104092,サクラアドリア,2024-12-22,中山,6,2歳新馬,15,5,8,7.4,4,5,マーカン,56,芝,1600,良
2022104153,ルビーギャラクシー,2026-09-03,大井,2,C3一 二,16,8,15,15.1,5,2,吉井章,54,ダ,1200,良
2022104153,ルビーギャラクシー,2025-10-06,大井,8,C214 1516(C215),13,8,12,40.3,7,4,吉井章,54,ダ,1200,良
2022104153,ルビーギャラクシー,2025-09-18,大井,3,3歳 選抜牝馬,12,7,9,25.5,6,5,吉井章,54,ダ,1200,良
2022104153,ルビーギャラクシー,2025-08-11,大井,2,3歳十 11,14,4,6,6.9,3,1,吉井章,54,ダ,1200,不
2022104153,ルビーギャラクシー,2025-03-25,大井,5,3歳九 十11(3歳十),14,7,12,12.8,5,6,吉井章,54,ダ,1200,稍
2022104153,ルビーギャラクシー,2025-02-18,大井,6,3歳八 九,13,6,9,12.3,3,12,笹川翼,54,ダ,1200,良
2022104153,ルビーギャラクシー,2025-01-29,大井,5,3歳八 九,9,8,9,1.1,1,9,笹川翼,54,ダ,1200,良
2022104153,ルビーギャラクシー,2025-01-13,大井,3,3歳 新馬,6,4,4,3.7,2,2,笹川翼,54,ダ,1200,稍
2022104165,インマイブラッド,2026-08-18,川崎,9,ナイル賞(C2),9,4,4,122.3,9,5,伊藤裕人,54,ダ,1500,稍
2022104165,インマイブラッド,2026-07-30,川崎,6,雷鳴賞(C2),11,4,4,62.1,8,10,伊藤裕人,54,ダ,900,良
2022104165,インマイブラッド,2026-07-16,浦和,5,特選(C2),11,8,10,82.7,9,4,伊藤裕人,54.5,ダ,1400,良
2022104165,インマイブラッド,2026-07-07,川崎,7,稲魂賞(C2),12,4,4,125.5,11,8,伊藤裕人,54,ダ,900,重
2022104165,インマイブラッド,2026-06-16,川崎,8,ソルスティツィオ賞(C2),10,8,10,206.3,10,10,伊藤裕人,54,ダ,1500,稍
2022104165,インマイブラッド,2026-06-03,船橋,4,アマガエルスプリント(C2),11,1,1,310.6,9,9,伊藤裕人,54,ダ,1200,不
2022104165,インマイブラッド,2026-05-12,川崎,4,C2三 四,12,6,8,31.3,8,10,佐藤翔馬,51,ダ,1400,良
2022104165,インマイブラッド,2026-04-06,川崎,8,C2一 二,12,4,4,38.9,9,11,町田直希,52,ダ,1400,重
2022104165,インマイブラッド,2025-12-26,金沢,6,パカやろう!に感謝賞(C2),,2,2,,,,鈴木太一,55,ダ,1500,不
2022104165,インマイブラッド,2025-12-08,金沢,10,金沢競馬C1プレミア,9,7,7,108.2,8,7,平瀬城久,55,ダ,1500,重
2022104165,インマイブラッド,2025-11-17,金沢,8,ハチコオブシュガー生(C2),8,7,7,1.1,1,1,吉田晃浩,55,ダ,1500,良
2022104165,インマイブラッド,2025-11-04,金沢,7,金沢競馬C2プレミア,8,8,8,8.0,4,5,吉田晃浩,55,ダ,1400,重
2022104165,インマイブラッド,2025-07-19,小倉,6,3歳未勝利,16,1,1,122.2,11,7,川須栄彦,55,ダ,1700,重
2022104165,インマイブラッド,2025-05-25,京都,2,3歳未勝利,16,7,14,173.7,12,8,古川吉洋,55,ダ,1800,不
2022104165,インマイブラッド,2025-05-11,新潟,1,3歳未勝利,15,4,7,37.1,9,7,小沢大仁,55,ダ,1800,稍
2022104165,インマイブラッド,2025-02-22,小倉,1,3歳未勝利,16,5,10,9.4,5,14,小沢大仁,55,ダ,1700,良
2022104165,インマイブラッド,2025-01-26,小倉,1,3歳未勝利,13,5,6,76.7,12,3,小沢大仁,54,ダ,1700,良
2022104165,インマイブラッド,2024-12-22,京都,1,2歳未勝利,16,2,3,162.6,12,16,団野大成,55,ダ,1400,良
2022104165,インマイブラッド,2024-10-13,京都,1,2歳未勝利,11,6,6,32.9,9,9,団野大成,55,ダ,1400,良
2022104165,インマイブラッド,2024-09-16,中京,1,2歳未勝利,10,8,9,18.8,8,2,団野大成,55,ダ,1400,稍
2022104165,インマイブラッド,2024-08-17,中京,5,2歳新馬,18,1,2,42.4,9,13,団野大成,55,芝,1400,良
2022104228,ストロガノフ,2026-06-10,大井,6,万緑特別競走(C2),10,5,5,2.9,2,5,中山遥人,55,ダ,2000,重
2022104228,ストロガノフ,2026-05-19,大井,9,JAいちかわ賞(C2),11,1,1,2.9,2,5,中山遥人,55,ダ,2400,良
2022104228,ストロガノフ,2026-04-27,大井,10,こじし座特別競走(C2),15,8,14,15.0,7,1,中山遥人,55,ダ,2000,不
2022104228,ストロガノフ,2026-04-15,大井,6,きりん座特別競走(C2),10,8,9,118.2,10,6,中山遥人,55,ダ,1800,良
2022104228,ストロガノフ,2026-03-24,大井,7,C2十 1112(C211),11,8,10,96.2,7,11,西啓太,56,ダ,1600,良
2022104228,ストロガノフ,2026-03-10,大井,8,C2十 1112(C211),10,3,3,39.1,8,8,藤田凌,56,ダ,1400,稍
2022104228,ストロガノフ,2026-02-18,大井,4,渋谷川賞(C2),14,6,10,19.6,6,10,藤田凌,56,ダ,1200,稍
2022104228,ストロガノフ,2025-06-16,川崎,4,郭公賞(3歳),11,2,2,3.0,1,9,野畑凌,56,ダ,1400,重
2022104228,ストロガノフ,2025-05-13,川崎,1,3歳7,8,8,9,2.8,2,1,野畑凌,56,ダ,1400,重
2022104228,ストロガノフ,2024-10-11,川崎,1,スパーキングデビュー(2歳),5,3,3,29.6,5,3,野畑凌,55,ダ,1400,重
2022104252,アップショウグン,2026-06-18,名古屋,11,トリトン争覇(重賞),12,7,10,9.9,4,2,塚本征吾,57,ダ,1500,良
2022104252,アップショウグン,2026-05-25,名古屋,11,エメラルドOP(A),12,5,6,1.9,1,1,塚本征吾,56,ダ,1700,良
2022104252,アップショウグン,2026-05-08,名古屋,11,翡翠特別(A),10,5,5,2.7,2,1,渡辺竜也,57,ダ,1500,良
2022104252,アップショウグン,2026-04-23,名古屋,9,ポートメテオ特別(A),10,8,9,1.9,1,5,塚本征吾,57,ダ,1400,不
2022104252,アップショウグン,2026-03-25,名古屋,7,豊明特別(A),10,3,3,1.7,1,1,塚本征吾,57,ダ,1400,重
2022104252,アップショウグン,2026-02-25,名古屋,10,ぎょしゃ座特別(B),12,6,8,1.5,1,1,塚本征吾,57,ダ,1700,不
2022104252,アップショウグン,2026-01-28,名古屋,9,B5組,10,3,3,1.0,1,1,塚本征吾,57,ダ,1400,良
2022104252,アップショウグン,2026-01-04,名古屋,9,祝い亀賞(B),11,8,10,1.2,1,2,塚本征吾,57,ダ,1700,良
2022104252,アップショウグン,2025-12-10,名古屋,10,茶臼山特別(C),12,7,9,1.4,1,1,塚本征吾,57,ダ,1700,良
2022104252,アップショウグン,2025-11-12,名古屋,6,尾畑夫妻結婚20周年(C),12,5,6,1.5,1,1,塚本征吾,57,ダ,1500,稍
2022104252,アップショウグン,2025-01-16,名古屋,11,新春ペガサスC(重賞),12,8,12,3.5,2,4,塚本征吾,56,ダ,1700,良
2022104252,アップショウグン,2025-01-01,名古屋,11,弥富記念(OP)(3歳),12,2,2,1.5,1,1,塚本征吾,56,ダ,1500,良
2022104252,アップショウグン,2024-12-03,名古屋,11,ゴールドウィング賞(重賞),12,8,11,7.9,2,2,塚本征吾,55,ダ,1700,良
2022104252,アップショウグン,2024-10-29,名古屋,11,第2回ネクストスター(重賞),12,5,6,6.0,4,5,塚本征吾,55,ダ,1500,不
2022104252,アップショウグン,2024-09-17,名古屋,11,セレクトゴールド第2(2歳),11,6,6,2.8,2,2,塚本征吾,55,ダ,1500,良
2022104252,アップショウグン,2024-08-22,名古屋,8,2歳特別,12,6,7,8.0,4,1,友森翔太,55,ダ,1500,良
2022104252,アップショウグン,2024-07-15,名古屋,3,2歳新馬,7,7,7,3.8,2,2,塚本征吾,55,ダ,900,重
2022104268,マムティプリンス,2026-06-10,大井,12,BSイレブン賞競走(B3),13,5,6,65.6,8,6,石川倭,56,ダ,1600,重
2022104268,マムティプリンス,2026-05-21,大井,12,桂坂賞競走(B3),14,7,12,13.4,5,11,野畑凌,56,ダ,1650,稍
2022104268,マムティプリンス,2026-04-30,大井,12,トーラス特別競走(C1),14,7,12,11.7,4,2,西啓太,56,ダ,1650,稍
2022104268,マムティプリンス,2026-04-16,大井,7,C1三 四五(C1四),11,7,8,7.6,3,8,西啓太,56,ダ,1600,不
2022104268,マムティプリンス,2026-03-12,大井,12,花月特別競走(C1),14,2,2,9.9,4,1,西啓太,56,ダ,1650,良
2022104268,マムティプリンス,2026-01-29,大井,12,風花特別競走(C1C2),14,8,13,26.0,7,8,西啓太,57,ダ,1650,良
2022104268,マムティプリンス,2025-05-19,大井,9,東京ダービーチャレン(OP)(3歳),11,1,1,44.6,7,10,西啓太,56,ダ,2000,重
2022104268,マムティプリンス,2025-05-02,大井,2,3歳一 二三(3歳二),8,2,2,16.0,4,4,西啓太,56,ダ,1600,重
2022104268,マムティプリンス,2025-04-18,大井,1,3歳四 五,14,8,14,6.9,2,1,西啓太,56,ダ,1600,良
2022104268,マムティプリンス,2025-03-14,大井,1,3歳四 五,12,7,10,3.8,3,6,西啓太,56,ダ,1600,重
2022104268,マムティプリンス,2025-02-21,大井,3,3歳三 四,12,6,7,23.7,5,5,西啓太,56,ダ,1600,良
2022104268,マムティプリンス,2025-01-28,大井,3,3歳十 11,11,6,6,1.4,1,1,西啓太,56,ダ,1400,良
2022104268,マムティプリンス,2025-01-13,大井,3,3歳 新馬,6,5,5,9.0,3,3,西啓太,56,ダ,1200,稍
2022104280,ノーブルプライム,2026-04-29,大井,3,C2七 八九(C2八),13,5,7,9.6,3,9,和田譲治,56,ダ,1600,稍
2022104280,ノーブルプライム,2026-04-14,大井,4,C2十 1112(C211),12,8,12,6.6,3,9,和田譲治,56,ダ,1600,良
2022104280,ノーブルプライム,2026-03-24,大井,7,C2十 1112(C211),11,6,7,10.8,2,3,和田譲治,56,ダ,1600,良
2022104280,ノーブルプライム,2026-03-10,大井,7,C2十 1112(C211),12,1,1,14.8,8,2,和田譲治,56,ダ,1600,稍
2022104280,ノーブルプライム,2026-02-16,大井,6,C215 16,13,4,5,10.3,5,2,和田譲治,56,ダ,1600,良
2022104280,ノーブルプライム,2026-01-26,大井,6,C216 17,12,6,7,151.9,9,6,和田譲治,56,ダ,1600,良
2022104280,ノーブルプライム,2026-01-12,大井,8,C215 16,13,5,6,182.7,10,8,和田譲治,56,ダ,1600,良
2022104280,ノーブルプライム,2025-12-25,大井,7,C215 1617(C216),14,4,6,95.5,8,8,和田譲治,56,ダ,1600,重
2022104280,ノーブルプライム,2025-12-01,大井,6,C215 16,14,4,5,75.9,9,6,和田譲治,56,ダ,1600,良
2022104280,ノーブルプライム,2025-11-10,大井,5,C215 1617(C216),14,3,4,19.4,6,9,本田正重,56,ダ,1600,稍
2022104280,ノーブルプライム,2025-10-22,大井,5,ナカペイとアニメも中(3歳),11,8,11,20.2,6,2,本田正重,56,ダ,1600,重
2022104280,ノーブルプライム,2025-10-10,大井,1,3歳一 二,10,1,1,8.6,3,6,本田正重,56,ダ,1600,良
2022104280,ノーブルプライム,2025-09-15,大井,5,3歳 250P,8,7,7,48.7,6,4,本田正重,56,ダ,1800,稍
2022104280,ノーブルプライム,2025-09-02,大井,1,3歳六 七八(3歳七),13,1,1,8.4,3,7,本田正重,56,ダ,1600,良
2022104280,ノーブルプライム,2025-08-10,大井,5,3歳 250P,7,3,3,,,除,和田譲治,56,ダ,1800,不
2022104280,ノーブルプライム,2025-06-29,福島,3,3歳未勝利,15,7,12,167.9,15,14,土田真翔,54,ダ,1700,良
2022104280,ノーブルプライム,2025-06-03,船橋,6,ナイスビット特別(3歳未格),12,8,12,4.1,2,6,丹内祐次,56,ダ,1800,不
2022104280,ノーブルプライム,2025-03-08,中山,2,3歳未勝利,16,3,6,74.2,11,7,土田真翔,54,ダ,1800,重
2022104280,ノーブルプライム,2025-01-25,中山,2,3歳未勝利,16,4,7,44.2,5,5,土田真翔,54,ダ,1800,良
2022104280,ノーブルプライム,2025-01-11,中山,3,3歳未勝利,16,6,11,49.8,11,6,土田真翔,54,ダ,1800,稍
2022104280,ノーブルプライム,2024-12-01,中山,2,2歳未勝利,16,3,6,85.6,9,7,土田真翔,53,ダ,1800,良
2022104280,ノーブルプライム,2024-09-14,中山,2,2歳未勝利,12,5,6,116.2,11,4,土田真翔,52,ダ,1800,良
2022104280,ノーブルプライム,2024-08-25,新潟,5,2歳新馬,9,6,6,131.9,9,8,土田真翔,52,芝,1800,良
2022104285,コイゴロモ,2026-08-31,大井,10,晩夏賞(C2九),15,7,13,3.0,2,3,千田洋,54,ダ,1200,良
2022104285,コイゴロモ,2026-08-13,大井,8,C2九 十,10,7,7,7.4,4,2,千田洋,54,ダ,1200,不
2022104285,コイゴロモ,2026-01-15,大井,4,烏山川賞(C2),14,5,8,199.1,9,11,野畑凌,54,ダ,1600,良
2022104285,コイゴロモ,2025-12-29,大井,6,C2九 十11(C2十),14,7,12,24.9,6,9,矢野貴之,54,ダ,1200,重
2022104285,コイゴロモ,2025-12-04,大井,4,C2七 八,14,2,2,45.6,7,12,吉井章,54,ダ,1200,良
2022104285,コイゴロモ,2025-11-12,大井,2,3歳一 二,14,2,3,4.4,3,1,吉井章,54,ダ,1200,稍
2022104285,コイゴロモ,2025-10-21,大井,2,伝統と未来、躍進する(3歳),10,6,6,13.0,4,3,吉井章,54,ダ,1200,稍
2022104285,コイゴロモ,2025-01-16,大井,2,3歳六 七,16,1,1,59.3,9,9,落合玄太,54,ダ,1200,良
2022104285,コイゴロモ,2024-12-25,大井,2,2歳11 12,12,4,4,7.5,3,2,和田譲治,54,ダ,1200,良
2022104285,コイゴロモ,2024-12-02,大井,1,2歳 選抜牝馬,13,5,7,2.0,1,4,矢野貴之,54,ダ,1200,良
2022104285,コイゴロモ,2024-11-04,大井,4,2歳 新馬,10,2,2,5.3,2,6,矢野貴之,54,ダ,1200,稍
2022104296,ノーブルゼファー,2026-07-02,大井,8,ディキ・ディキ賞(C2),13,1,1,200.6,9,11,瀬川将輝,54,ダ,1200,不
2022104296,ノーブルゼファー,2026-06-11,大井,9,C2六 七八(C2七),14,2,2,279.4,13,10,瀬川将輝,54,ダ,1200,稍
2022104296,ノーブルゼファー,2026-05-20,大井,10,ポートサイド賞(C2七),12,6,7,115.6,11,8,瀬川将輝,54,ダ,1200,良
2022104296,ノーブルゼファー,2026-04-30,大井,6,C2五 六,14,4,5,102.0,12,13,瀬川将輝,54,ダ,1200,稍
2022104296,ノーブルゼファー,2026-04-16,大井,6,C2七 八九(C2八),14,4,6,71.5,13,13,瀬川将輝,54,ダ,1200,不
2022104296,ノーブルゼファー,2025-09-02,大井,3,3歳六 七八(3歳七),13,2,2,34.8,6,1,吉井章,54,ダ,1200,良
2022104296,ノーブルゼファー,2025-08-12,大井,5,3歳七 八九(3歳八),14,6,10,16.1,3,4,吉井章,54,ダ,1200,重
2022104296,ノーブルゼファー,2025-07-02,大井,4,3歳九 十,14,4,6,5.0,4,5,吉井章,54,ダ,1200,良
2022104296,ノーブルゼファー,2025-06-10,大井,6,3歳八 九,13,7,11,7.3,4,8,吉井章,54,ダ,1600,稍
2022104296,ノーブルゼファー,2025-05-20,大井,3,3歳12 13,11,8,10,5.7,3,2,吉井章,54,ダ,1200,稍
2022104296,ノーブルゼファー,2025-04-29,大井,3,3歳 選抜牝馬,11,1,1,3.3,2,2,吉井章,54,ダ,1200,不
2022104296,ノーブルゼファー,2025-04-14,大井,3,3歳 選抜牝馬,11,7,8,4.5,2,6,本田正重,54,ダ,1400,不
2022104365,サブノモアナ,2026-07-03,大井,10,C2三 四五(C2四),14,7,12,8.7,6,6,西啓太,54,ダ,1200,不
2022104365,サブノモアナ,2026-06-11,大井,8,ストーン・フェンス賞(C2七),13,6,8,26.4,9,5,西啓太,54,ダ,1400,稍
2022104365,サブノモアナ,2026-05-21,大井,9,白百合特別競走(C2),13,5,7,18.6,4,5,西啓太,54,ダ,1200,稍
2022104365,サブノモアナ,2026-04-14,大井,6,C2十 1112(C211),10,6,6,13.9,4,2,西啓太,54,ダ,1200,良
2022104365,サブノモアナ,2025-11-11,大井,7,C212 1314(C213),14,4,6,16.6,8,2,西啓太,54,ダ,1200,稍
2022104365,サブノモアナ,2025-10-09,大井,2,3歳三 四,10,3,3,104.5,9,1,西啓太,54,ダ,1200,良
2022104365,サブノモアナ,2025-09-15,大井,7,3歳八 九,14,8,14,28.3,8,13,石川駿介,54,ダ,1200,稍
2022104365,サブノモアナ,2025-09-02,大井,3,3歳六 七八(3歳七),13,1,1,23.1,5,12,西啓太,54,ダ,1200,良
2022104365,サブノモアナ,2025-03-25,大井,4,3歳九 十11(3歳十),12,1,1,9.0,3,8,西啓太,54,ダ,1400,稍
2022104365,サブノモアナ,2025-02-18,大井,4,古川賞(3歳),11,1,1,1.2,1,2,西啓太,54,ダ,1200,良
2022104365,サブノモアナ,2025-01-27,大井,2,3歳 新馬,14,3,4,11.9,5,4,西啓太,54,ダ,1200,良
2022104539,ユーウェイン,2026-06-06,東京,12,3歳以上1勝クラス,16,1,1,250.8,12,13,小林脩斗,58,ダ,1600,良
2022104539,ユーウェイン,2026-05-17,新潟,12,4歳以上1勝クラス,11,6,6,57.1,9,9,嶋田純次,58,ダ,1200,良
2022104539,ユーウェイン,2026-04-26,東京,7,4歳以上1勝クラス,16,5,10,123.4,11,11,小林脩斗,58,ダ,1600,稍
2022104539,ユーウェイン,2026-04-11,中山,8,4歳以上1勝クラス,16,3,6,181.9,13,6,小林脩斗,58,ダ,1800,稍
2022104539,ユーウェイン,2025-09-23,金沢,2,C28,9,8,8,1.7,1,1,柴田勇真,57,ダ,1500,良
2022104539,ユーウェイン,2025-09-08,金沢,5,3歳B 5,10,6,7,4.5,3,1,柴田勇真,57,ダ,1400,不
2022104539,ユーウェイン,2025-07-29,金沢,1,3歳B 8,9,4,4,1.7,1,2,柴田勇真,57,ダ,1400,良
2022104539,ユーウェイン,2025-06-29,福島,3,3歳未勝利,15,4,7,141.2,12,9,丸田恭介,57,ダ,1700,良
2022104539,ユーウェイン,2025-03-30,中山,4,3歳未勝利,16,3,5,302.0,14,7,小林脩斗,57,ダ,1800,稍
2022104539,ユーウェイン,2025-03-02,中山,5,3歳未勝利,18,6,11,153.6,11,12,丸田恭介,57,芝,2200,良
2022104539,ユーウェイン,2025-02-08,東京,6,3歳未勝利,18,5,9,446.9,16,16,丸田恭介,57,芝,2400,良
2022104539,ユーウェイン,2024-10-26,東京,2,2歳未勝利,11,8,11,315.9,9,8,丸田恭介,56,芝,2000,良
2022104539,ユーウェイン,2024-10-05,東京,3,2歳未勝利,9,3,3,204.7,8,7,丸田恭介,56,芝,1800,良
2022104539,ユーウェイン,2024-09-22,中山,4,2歳新馬,15,3,4,119.9,12,10,杉原誠人,55,ダ,1200,良
2022104562,トクシーティグレの競走成績,2026-07-21,大井,12,三宅坂賞競走(B3),16,6,12,3.2,1,6,矢野貴之,56,ダ,1800,良
2022104562,トクシーティグレの競走成績,2026-07-02,大井,12,海王星特別競走(C1),14,7,11,1.5,1,1,矢野貴之,56,ダ,1650,不
2022104562,トクシーティグレの競走成績,2026-06-08,大井,6,へび座特別競走(C1),9,7,7,2.3,2,2,矢野貴之,56,ダ,1800,不
2022104562,トクシーティグレの競走成績,2026-05-20,大井,9,りょうけん座特別競走(C1),15,4,6,2.2,1,4,矢野貴之,56,ダ,2000,良
2022104562,トクシーティグレの競走成績,2026-04-28,大井,8,コープス・リバイバー(C1),8,3,3,2.0,1,1,矢野貴之,56,ダ,1600,不
2022104562,トクシーティグレの競走成績,2026-01-30,大井,10,初凪特別競走(C2),16,6,11,4.1,2,1,藤田凌,56,ダ,1800,良
2022104562,トクシーティグレの競走成績,2026-01-14,大井,10,春駒特別競走(C2),16,5,10,6.0,4,7,矢野貴之,56,ダ,2000,良
2022104562,トクシーティグレの競走成績,2025-12-02,大井,1,C212 1314(C213),12,8,12,7.3,4,1,矢野貴之,56,ダ,1600,良
2022104562,トクシーティグレの競走成績,2025-11-10,大井,3,C218 19,13,4,5,2.5,2,3,矢野貴之,56,ダ,1200,稍
2022104562,トクシーティグレの競走成績,2025-10-20,大井,5,港区みんなと結ぶ「へ(3歳),9,8,9,1.8,1,1,矢野貴之,56,ダ,1200,稍
2022104562,トクシーティグレの競走成績,2025-01-15,大井,4,残堀川賞(3歳),13,5,7,2.5,2,4,矢野貴之,56,ダ,1200,良
2022104562,トクシーティグレの競走成績,2024-12-25,大井,3,2歳 新馬,12,8,11,1.6,1,5,矢野貴之,55,ダ,1200,良
2022104623,コリカンチャ,2026-08-29,札幌,11,札幌日刊スポーツ杯(2勝クラス),14,8,13,32.5,10,10,斎藤新,58,芝,2000,稍
2022104623,コリカンチャ,2026-07-26,中京,6,木曽川特別(2勝クラス),10,8,9,59.2,7,3,吉村誠之,54,芝,2000,良
2022104623,コリカンチャ,2026-07-12,小倉,10,西部スポニチ賞(2勝クラス),11,7,8,14.1,6,4,吉村誠之,54,芝,2000,良
2022104623,コリカンチャ,2026-04-19,福島,10,奥の細道特別(2勝クラス),13,8,12,42.6,10,11,亀田温心,58,芝,2600,良
2022104623,コリカンチャ,2026-03-21,阪神,9,淡路特別(2勝クラス),8,1,1,27.7,6,7,北村友一,57,芝,2600,良
2022104623,コリカンチャ,2025-11-23,京都,9,花見小路特別(2勝クラス),13,4,5,25.1,6,10,団野大成,55,芝,1600,良
2022104623,コリカンチャ,2025-11-02,東京,9,国立特別(2勝クラス),10,5,5,17.4,6,10,Ｃ．デム,57,芝,1600,良
2022104623,コリカンチャ,2025-08-16,中京,12,3歳以上1勝クラス,10,6,6,3.8,2,1,団野大成,55,芝,1600,良
2022104623,コリカンチャ,2025-06-01,京都,3,3歳未勝利,18,7,14,7.8,5,1,団野大成,57,芝,1600,良
2022104623,コリカンチャ,2025-05-10,京都,5,3歳未勝利,15,8,15,21.6,7,4,吉村誠之,56,芝,1800,稍
2022104623,コリカンチャ,2025-05-04,新潟,5,3歳未勝利,16,2,4,16.5,7,11,亀田温心,57,芝,2000,稍
2022104623,コリカンチャ,2025-01-19,中京,3,3歳未勝利,16,7,14,16.9,8,15,団野大成,57,ダ,1400,良
2022104623,コリカンチャ,2024-12-28,京都,2,2歳未勝利,16,2,3,9.0,5,6,幸英明,56,ダ,1800,良
2022104623,コリカンチャ,2024-10-27,新潟,1,2歳未勝利,18,4,8,8.1,6,5,亀田温心,56,芝,1800,良
2022104623,コリカンチャ,2024-10-13,京都,5,2歳新馬,11,8,10,7.7,5,5,団野大成,56,芝,1800,良
2022104669,クラヴァンス,2026-07-19,福島,10,猪苗代特別(2勝クラス),12,7,10,4.5,3,4,坂井瑠星,58,芝,2000,良
2022104669,クラヴァンス,2026-05-09,京都,10,鴨川特別(2勝クラス),8,1,1,6.0,4,4,坂井瑠星,58,芝,2000,良
2022104669,クラヴァンス,2026-02-28,小倉,11,別府特別(2勝クラス),15,8,14,5.2,3,14,西塚洸二,57,芝,2000,稍
2022104669,クラヴァンス,2026-02-01,小倉,8,4歳以上1勝クラス,13,7,10,13.5,5,1,西塚洸二,56,芝,1800,良
2022104669,クラヴァンス,2025-12-21,阪神,7,3歳以上1勝クラス,18,8,18,26.7,9,8,北村友一,56,芝,2200,重
2022104669,クラヴァンス,2025-08-10,中京,9,3歳未勝利,14,8,13,3.9,1,1,北村友一,57,芝,2000,良
2022104669,クラヴァンス,2025-07-20,小倉,4,3歳未勝利,18,6,11,12.8,7,2,北村友一,57,芝,2000,良
2022104669,クラヴァンス,2025-06-28,小倉,4,3歳未勝利,16,4,8,13.9,5,6,Ｍ．デム,57,芝,1800,良
2022104669,クラヴァンス,2025-03-02,阪神,6,3歳未勝利,16,3,5,5.9,3,8,武豊,57,芝,2000,良
2022104669,クラヴァンス,2024-12-15,京都,5,2歳新馬,14,7,11,3.5,2,8,ムーア,56,芝,1600,良
2022104746,サトノビーツ,2026-08-22,新潟,10,3歳以上1勝クラス,15,6,10,31.6,10,15,野中悠太,58,芝,1600,良
2022104746,サトノビーツ,2026-07-07,川崎,10,ジュライスター賞(B2B3),9,6,6,3.7,2,6,原優介,57,ダ,1600,重
2022104746,サトノビーツ,2026-05-30,東京,8,4歳以上1勝クラス,16,3,6,5.6,4,7,舟山瑠泉,56,ダ,1600,良
2022104746,サトノビーツ,2026-04-29,大井,3,C2七 八九(C2八),13,2,2,1.3,1,1,西啓太,56,ダ,1600,稍
2022104746,サトノビーツ,2026-04-13,大井,8,ビアーグルト賞(C214),12,5,6,2.0,1,1,西啓太,56,ダ,1600,良
2022104746,サトノビーツ,2025-12-01,大井,6,C215 16,14,3,3,2.5,1,5,西啓太,56,ダ,1600,良
2022104746,サトノビーツ,2025-11-11,大井,1,3歳三 四,10,5,5,1.2,1,1,西啓太,56,ダ,1600,稍
2022104746,サトノビーツ,2025-10-20,大井,4,ひと、つながる。墨田(3歳),12,8,11,1.7,1,2,西啓太,56,ダ,1400,稍
2022104805,ネポティズムベビー,2026-08-31,大井,9,りゅう座特別競走(C1),11,7,10,4.0,1,7,Ｆ．ゴン,54,ダ,2000,良
2022104805,ネポティズムベビー,2026-06-10,大井,12,BSイレブン賞競走(B3),13,6,9,6.7,3,4,矢野貴之,54,ダ,1600,重
2022104805,ネポティズムベビー,2026-03-26,大井,7,B3四,9,8,8,1.7,1,5,矢野貴之,54,ダ,2000,不
2022104805,ネポティズムベビー,2026-01-27,大井,12,小石川見附特別競走(C1),13,4,4,9.0,4,1,矢野貴之,54,ダ,2000,良
2022104805,ネポティズムベビー,2025-12-30,大井,12,師走特別競走(C2),13,8,13,2.9,2,1,矢野貴之,54,ダ,2000,稍
2022104805,ネポティズムベビー,2025-11-13,大井,8,イエロー・パロット賞(C2),14,7,11,3.5,2,3,矢野貴之,54,ダ,1600,稍
2022104805,ネポティズムベビー,2025-08-23,新潟,2,3歳未勝利,14,4,6,4.0,2,9,津村明秀,55,ダ,1800,良
2022104805,ネポティズムベビー,2025-06-22,東京,4,3歳未勝利,16,3,5,10.5,3,4,岩田望来,55,芝,1800,良
2022104805,ネポティズムベビー,2025-05-31,東京,5,3歳未勝利,16,4,8,2.2,1,4,ルメール,55,芝,2000,稍
2022104805,ネポティズムベビー,2025-04-13,中山,6,3歳未勝利,18,5,10,5.3,3,3,内田博幸,55,芝,2000,良
2022104805,ネポティズムベビー,2025-02-02,東京,5,3歳新馬,15,8,15,19.8,6,4,内田博幸,55,芝,1800,良
2022104838,デュピュイドローム,2026-07-20,大井,12,六角坂賞競走(B3),14,6,9,1.2,1,1,達城龍次,56,ダ,1200,良
2022104838,デュピュイドローム,2026-07-01,大井,7,B3六,12,6,8,1.0,1,1,達城龍次,56,ダ,1200,稍
2022104838,デュピュイドローム,2026-06-12,大井,9,印西市コスモス賞(C1四),14,8,13,1.1,1,1,達城龍次,56,ダ,1200,稍
2022104838,デュピュイドローム,2026-05-19,大井,8,ポート・フリップ賞(C1六),9,8,8,1.6,1,1,達城龍次,56,ダ,1200,良
2022104838,デュピュイドローム,2026-03-27,大井,6,C2四 五六(C2五),14,8,13,1.3,1,1,達城龍次,56,ダ,1200,重
2022104838,デュピュイドローム,2026-03-13,大井,6,C2三 四五(C2四),14,5,8,1.0,1,2,達城龍次,56,ダ,1200,良
2022104838,デュピュイドローム,2026-02-18,大井,6,C2八 九,16,4,8,1.1,1,1,達城龍次,56,ダ,1200,稍
2022104838,デュピュイドローム,2026-01-26,大井,7,C216 17,14,5,8,1.3,1,1,達城龍次,56,ダ,1200,良
2022104838,デュピュイドローム,2026-01-13,大井,2,C3六 七,15,6,10,1.2,1,1,達城龍次,56,ダ,1200,良
2022104838,デュピュイドローム,2025-06-14,東京,7,3歳未勝利,16,6,12,3.9,3,10,内田博幸,57,ダ,1600,良
2022104838,デュピュイドローム,2025-06-01,東京,3,3歳未勝利,16,6,12,27.8,7,3,内田博幸,57,ダ,1600,重
2022104838,デュピュイドローム,2025-03-02,中山,2,3歳未勝利,16,2,3,18.3,5,11,北村宏司,57,ダ,1800,良
2022104949,ヴァルチャースター,2026-09-01,大井,10,宵風賞(C1七),11,2,2,1.6,1,1,吉井章,56,ダ,1400,良
2022104949,ヴァルチャースター,2026-04-14,大井,8,フラミンゴ・レディ賞(C1),10,8,10,1.9,1,1,吉井章,56,ダ,1600,良
2022104949,ヴァルチャースター,2026-03-25,大井,4,C2七 八九(C2八),12,5,6,1.5,1,1,吉井章,56,ダ,1600,良
2022104949,ヴァルチャースター,2026-02-18,大井,3,C2十 11,14,6,10,1.2,1,1,吉井章,56,ダ,1600,稍
2022104949,ヴァルチャースター,2026-01-26,大井,6,C216 17,12,7,9,1.9,1,1,吉井章,56,ダ,1600,良
2022104949,ヴァルチャースター,2026-01-12,大井,3,C3八 九,15,4,6,1.3,1,1,吉井章,56,ダ,1200,良
2022104949,ヴァルチャースター,2025-08-23,札幌,4,3歳未勝利,14,6,10,19.9,9,10,佐々木大,57,ダ,1700,重
2022104949,ヴァルチャースター,2025-07-12,函館,3,3歳未勝利,12,6,8,10.8,5,10,武豊,57,芝,1800,良
2022104949,ヴァルチャースター,2025-06-29,函館,6,3歳未勝利,16,7,14,16.9,7,5,北村友一,57,芝,1800,良
2022104949,ヴァルチャースター,2025-01-26,小倉,7,3歳未勝利,14,4,6,4.0,1,9,池添謙一,57,芝,1800,良
2022104949,ヴァルチャースター,2024-11-24,京都,6,2歳新馬,12,8,12,6.2,3,5,幸英明,56,芝,2000,良
2022105095,ツァガーンサル,2026-08-22,新潟,9,3歳以上1勝クラス,13,3,4,21.5,8,10,吉田豊,56,ダ,1800,良
2022105095,ツァガーンサル,2026-06-20,東京,12,3歳以上1勝クラス,16,3,6,21.4,6,14,ゴンサル,56,ダ,1600,不
2022105095,ツァガーンサル,2026-05-23,新潟,8,4歳以上1勝クラス,15,4,6,19.4,7,6,杉原誠人,56,ダ,1800,稍
2022105095,ツァガーンサル,2026-03-25,大井,5,C2七 八九(C2八),11,7,8,1.3,1,1,本田正重,54,ダ,1400,良
2022105095,ツァガーンサル,2026-02-19,大井,9,C2五 六七(C2六),11,3,3,,,取,本田正重,54,ダ,1400,良
2022105095,ツァガーンサル,2026-01-27,大井,9,C211 1213(C212),14,4,6,1.0,1,1,本田正重,54,ダ,1200,良
2022105095,ツァガーンサル,2025-12-04,大井,2,3歳四 五,14,4,6,1.4,1,1,本田正重,54,ダ,1200,良
2022105095,ツァガーンサル,2024-11-10,福島,6,2歳新馬,15,2,2,8.5,4,4,ドイル,55,ダ,1700,良
2022105140,ネブラディスク,2026-07-04,小倉,11,博多S(3勝クラス),14,3,3,2.4,2,1,川田将雅,58,芝,1800,稍
2022105140,ネブラディスク,2026-04-26,京都,10,センテニアルパークS(3勝クラス),18,8,17,2.0,1,2,岩田望来,57,芝,1800,良
2022105140,ネブラディスク,2026-02-15,京都,9,春日特別(2勝クラス),11,7,8,1.7,1,1,川田将雅,57,芝,1800,良
2022105140,ネブラディスク,2025-11-22,京都,12,3歳以上2勝クラス,15,1,1,2.0,1,2,岩田望来,56,芝,2000,良
2022105140,ネブラディスク,2025-10-25,京都,8,3歳以上2勝クラス,12,2,2,1.9,1,1,岩田望来,56,芝,1800,良
2022105140,ネブラディスク,2025-05-10,京都,11,京都新聞杯(GII),10,4,4,10.6,4,5,シュタル,57,芝,2200,稍
2022105140,ネブラディスク,2025-03-29,阪神,11,毎日杯(GIII),9,5,5,9.7,5,3,武豊,57,芝,1800,良
2022105140,ネブラディスク,2025-02-16,東京,11,共同通信杯(GIII),9,5,5,5.7,5,4,武豊,57,芝,1800,良
2022105140,ネブラディスク,2024-11-24,京都,6,2歳新馬,12,6,8,5.3,2,1,岩田望来,56,芝,2000,良
2022105174,フェアゴー,2026-07-02,大井,10,淡路坂賞競走(B3),12,5,5,1.5,1,2,矢野貴之,56,ダ,1600,不
2022105174,フェアゴー,2026-05-21,大井,12,桂坂賞競走(B3),14,2,2,2.8,1,1,御神本訓,56,ダ,1650,稍
2022105174,フェアゴー,2026-03-24,大井,12,うみへび座特別競走(C1),13,8,13,1.6,1,1,御神本訓,56,ダ,1800,良
2022105174,フェアゴー,2026-01-15,大井,9,C1五 六,12,6,8,1.9,1,1,御神本訓,56,ダ,1600,良
2022105174,フェアゴー,2025-09-13,中山,7,3歳未勝利,16,1,2,26.2,9,10,杉原誠人,57,ダ,1800,不
2022105174,フェアゴー,2025-08-24,新潟,2,3歳未勝利,15,6,11,3.4,2,7,杉原誠人,57,ダ,1800,良
2022105174,フェアゴー,2025-06-14,東京,7,3歳未勝利,16,5,9,2.0,1,2,レーン,57,ダ,1600,良
2022105174,フェアゴー,2025-05-17,東京,2,3歳未勝利,16,8,16,4.3,2,2,レーン,57,ダ,1600,稍
2022105174,フェアゴー,2025-03-23,中京,3,3歳未勝利,16,4,7,3.4,1,4,丹内祐次,57,ダ,1400,良
2022105174,フェアゴー,2025-02-23,東京,1,3歳未勝利,16,5,9,15.7,7,4,幸英明,57,ダ,1400,良
2022105174,フェアゴー,2024-12-07,中京,5,2歳新馬,16,4,8,77.6,14,8,古川吉洋,56,ダ,1400,良
2022105178,ジーベンファルベン,2026-09-02,大井,8,ハンター賞(B3),12,7,10,4.2,2,7,Ｆ．ゴン,56,ダ,1400,良
2022105178,ジーベンファルベン,2026-08-15,大井,8,サンパラソル賞(B3),11,3,3,10.1,2,2,矢野貴之,56,ダ,1400,稍
2022105178,ジーベンファルベン,2026-04-14,大井,10,山王坂賞競走(B3),9,6,6,5.2,2,5,矢野貴之,56,ダ,1400,良
2022105178,ジーベンファルベン,2026-03-25,大井,12,播磨坂賞競走(B3),13,4,4,8.1,5,4,御神本訓,56,ダ,1400,稍
2022105178,ジーベンファルベン,2026-03-13,大井,12,円通寺坂賞競走(B3),9,1,1,4.3,3,5,御神本訓,56,ダ,1600,良
2022105178,ジーベンファルベン,2026-02-18,大井,7,C1二 三四(C1三),14,5,8,3.8,3,3,石川倭,56,ダ,1600,稍
2022105178,ジーベンファルベン,2025-10-10,大井,7,C1三 四五(C1四),11,3,3,1.8,1,4,本田正重,56,ダ,1600,良
2022105178,ジーベンファルベン,2025-09-05,大井,8,ソノラ賞(C1三),12,6,8,1.6,1,3,本田正重,55,ダ,1600,不
2022105178,ジーベンファルベン,2025-08-13,大井,8,フローズン・ダイキリ(C1),13,3,3,3.3,2,1,吉原寛人,55,ダ,1600,稍
2022105178,ジーベンファルベン,2025-05-08,船橋,11,東京湾C(重賞),9,4,4,24.3,7,8,Ｒ．クア,56,ダ,1700,稍
2022105178,ジーベンファルベン,2025-04-18,大井,3,3歳一 二三(3歳二),10,8,9,3.4,2,3,笹川翼,56,ダ,1600,良
2022105178,ジーベンファルベン,2024-12-29,大井,3,2歳三 四,7,1,1,2.3,2,1,笹川翼,55,ダ,1600,良
2022105178,ジーベンファルベン,2024-12-04,大井,3,2歳二 三四(2歳三),10,7,8,7.3,2,2,Ｒ．クア,55,ダ,1400,良
2022105178,ジーベンファルベン,2024-11-07,大井,4,2歳五 六,11,3,3,2.2,1,2,本田正重,55,ダ,1400,稍
2022105178,ジーベンファルベン,2024-08-17,大井,3,2歳 新馬,7,5,5,1.9,1,3,本田正重,54,ダ,1400,重
2022105178,ジーベンファルベン,2024-08-16,大井,3,2歳 新馬,,5,5,,,,本田正重,54,ダ,1400,
2022105216,ソレエスピアージャ,2026-07-08,笠松,12,ひこぼし特別(B),10,7,7,1.6,1,1,渡辺竜也,55,ダ,1400,良
2022105216,ソレエスピアージャ,2026-05-29,笠松,9,B4組,10,7,7,1.1,1,1,渡辺竜也,55,ダ,1400,良
2022105216,ソレエスピアージャ,2026-04-14,大井,9,デネボラ特別競走(C1),10,2,2,2.4,1,2,矢野貴之,54,ダ,1400,良
2022105216,ソレエスピアージャ,2026-03-23,大井,10,萌黄特別競走(C2),9,6,6,1.5,1,2,矢野貴之,54,ダ,1600,良
2022105216,ソレエスピアージャ,2025-12-30,大井,5,C2七 八,13,2,2,1.5,1,3,矢野貴之,54,ダ,1600,稍
2022105216,ソレエスピアージャ,2025-12-03,大井,6,C2九 十11(C2十),14,7,11,1.7,1,1,矢野貴之,54,ダ,1600,良
2022105216,ソレエスピアージャ,2025-09-06,札幌,4,3歳未勝利,16,4,7,14.1,7,5,武豊,55,芝,2000,良
2022105216,ソレエスピアージャ,2025-08-23,札幌,3,3歳未勝利,16,7,14,17.7,6,3,戸崎圭太,55,芝,2000,稍
2022105216,ソレエスピアージャ,2025-06-21,函館,7,3歳未勝利,16,8,15,9.4,4,12,武豊,55,芝,1800,良
2022105216,ソレエスピアージャ,2025-02-10,京都,5,3歳未勝利,18,1,2,22.2,8,6,武豊,55,芝,1600,良
2022105216,ソレエスピアージャ,2024-12-21,京都,5,2歳新馬,17,6,11,2.8,1,4,坂井瑠星,55,芝,1600,良
2022105222,リコーモーラー,2026-09-02,大井,5,C2二,12,1,1,2.6,1,4,町田直希,54,ダ,1000,良
2022105222,リコーモーラー,2026-08-17,大井,10,メリッサ特別競走(C2四),12,2,2,12.5,5,2,町田直希,54,ダ,1200,稍
2022105222,リコーモーラー,2026-07-22,大井,7,クレイジーソルト賞(C2七),13,7,10,7.0,3,3,渡辺竜也,54,ダ,1200,良
2022105222,リコーモーラー,2026-07-03,大井,8,ブラッドハウンド賞(C2四),13,4,5,4.8,2,11,笹川翼,54,ダ,1400,不
2022105222,リコーモーラー,2026-06-12,大井,5,C2三 四五(C2四),14,6,9,3.8,1,7,町田直希,54,ダ,1400,稍
2022105222,リコーモーラー,2025-12-31,大井,5,C2四 五六(C2五),14,8,13,5.9,4,3,町田直希,54,ダ,1400,稍
2022105222,リコーモーラー,2025-12-03,大井,7,C2九 十11(C2十),14,7,12,2.9,1,1,町田直希,54,ダ,1400,良
2022105222,リコーモーラー,2025-11-11,大井,6,C212 1314(C213),13,3,3,24.6,8,2,町田直希,54,ダ,1400,稍
2022105222,リコーモーラー,2025-04-30,大井,2,3歳七 八九(3歳八),9,6,6,5.5,3,6,安藤洋一,54,ダ,1400,重
2022105222,リコーモーラー,2025-04-17,大井,2,3歳六 七,14,7,11,10.9,4,7,安藤洋一,54,ダ,1200,良
2022105222,リコーモーラー,2025-03-28,大井,4,不死鳥賞競走(3歳),10,8,9,37.0,8,10,安藤洋一,54,ダ,1800,稍
2022105222,リコーモーラー,2025-02-19,大井,9,クロッカス特別競走(3歳),10,3,3,10.8,6,7,藤本現暉,54,ダ,1600,良
2022105222,リコーモーラー,2024-12-03,大井,6,カナリア特別競走(2歳),10,2,2,26.3,5,7,藤本現暉,54,ダ,1600,良
2022105222,リコーモーラー,2024-11-05,大井,3,2歳 新馬,9,1,1,3.6,2,1,藤本現暉,54,ダ,1800,稍
2022105253,オメガドライヴ,2026-09-03,大井,12,うお座特別競走(C1),10,7,8,3.6,1,7,本田正重,56,ダ,1650,良
2022105253,オメガドライヴ,2026-08-16,大井,10,ミッドサマー特別競走(C2),13,3,3,6.9,3,1,本田正重,56,ダ,1650,重
2022105253,オメガドライヴ,2026-07-23,大井,7,C2三 四五(C2四),12,6,7,20.9,5,7,本田正重,56,ダ,1400,良
2022105253,オメガドライヴ,2026-07-02,大井,12,海王星特別競走(C1),14,4,5,117.3,12,6,安藤洋一,56,ダ,1650,不
2022105253,オメガドライヴ,2026-06-09,大井,12,芒種特別競走(C1),13,6,9,18.6,7,13,西啓太,56,ダ,2400,不
2022105253,オメガドライヴ,2026-05-19,大井,6,C1五 六七(C1六),14,6,10,5.2,2,12,西啓太,56,ダ,1600,良
2022105253,オメガドライヴ,2026-03-08,阪神,6,4歳以上1勝クラス,9,3,3,220.2,9,6,岡田祥嗣,58,ダ,2000,良
2022105253,オメガドライヴ,2026-02-22,阪神,8,4歳以上1勝クラス,15,6,10,174.5,13,10,岡田祥嗣,57,ダ,1800,良
2022105253,オメガドライヴ,2025-12-20,阪神,7,3歳以上1勝クラス,16,8,16,208.4,12,15,藤岡佑介,57,ダ,1800,良
2022105253,オメガドライヴ,2025-12-06,阪神,7,3歳以上1勝クラス,14,5,7,80.2,12,10,高杉吏麒,57,ダ,1800,良
2022105253,オメガドライヴ,2025-07-26,札幌,9,3歳以上1勝クラス,13,3,3,47.7,9,13,松本大輝,54,ダ,1700,良
2022105253,オメガドライヴ,2025-03-15,中山,7,3歳1勝クラス,16,3,5,75.7,11,12,北村宏司,57,ダ,1800,稍
2022105253,オメガドライヴ,2025-02-23,京都,4,3歳新馬,10,5,5,3.6,2,1,北村宏司,57,ダ,1800,良
2022105263,ミクニサンシャイン,2026-07-24,大井,10,C1二 三四(C1三),14,5,7,2.2,1,1,笹川翼,56,ダ,1400,良
2022105263,ミクニサンシャイン,2026-06-08,大井,6,へび座特別競走(C1),9,8,9,1.7,1,1,笹川翼,56,ダ,1800,不
2022105263,ミクニサンシャイン,2026-04-15,大井,6,きりん座特別競走(C2),10,7,8,1.0,1,1,笹川翼,56,ダ,1800,良
2022105263,ミクニサンシャイン,2026-03-12,大井,10,四谷見附特別競走(C2),16,6,11,1.8,1,1,保園翔也,56,ダ,1800,良
2022105263,ミクニサンシャイン,2026-01-15,大井,4,烏山川賞(C2),14,6,10,1.5,1,3,笹川翼,56,ダ,1600,良
2022105263,ミクニサンシャイン,2025-06-22,東京,2,3歳未勝利,16,8,16,2.5,1,3,田辺裕信,57,ダ,1600,良
2022105263,ミクニサンシャイン,2025-05-25,東京,2,3歳未勝利,16,1,1,6.4,3,5,田辺裕信,57,ダ,1600,不
2022105263,ミクニサンシャイン,2025-02-22,東京,4,3歳新馬,16,6,11,7.8,3,4,田辺裕信,57,ダ,1600,良
2022105272,アデニウム,2026-08-08,佐賀,10,一発逆転ファイナルレ,11,6,6,22.4,9,10,川島拓,54,ダ,1400,良
2022105272,アデニウム,2026-07-16,佐賀,5,C2ー4組,11,8,10,2.3,2,2,出水拓人,54,ダ,1400,良
2022105272,アデニウム,2026-06-21,佐賀,7,UMATENA賞(C2),12,5,6,2.6,2,2,出水拓人,54,ダ,1400,重
2022105272,アデニウム,2026-06-01,佐賀,11,SAGAリベンジャー(C2),12,5,5,28.5,7,2,出水拓人,54,ダ,1400,良
2022105272,アデニウム,2026-05-18,佐賀,4,C2ー9組,9,4,4,26.4,4,3,出水拓人,54,ダ,1300,良
2022105272,アデニウム,2026-05-04,佐賀,11,SAGAリベンジャー(C2),11,2,2,3.6,2,5,出水拓人,54,ダ,1400,重
2022105272,アデニウム,2026-04-19,佐賀,3,C2ー13組,12,2,2,4.1,2,2,出水拓人,54,ダ,1300,不
2022105272,アデニウム,2026-04-04,佐賀,6,C2ー15組,12,6,7,18.5,5,2,出水拓人,54,ダ,1300,不
2022105272,アデニウム,2026-03-20,佐賀,4,C2ー18組,10,8,10,10.0,3,3,出水拓人,54,ダ,1400,稍
2022105272,アデニウム,2026-03-06,佐賀,4,C2ー19組,12,6,8,22.9,6,3,出水拓人,54,ダ,1400,不
2022105272,アデニウム,2026-02-21,佐賀,6,C2ー19組,11,3,3,8.3,5,8,出水拓人,54,ダ,1400,良
2022105272,アデニウム,2026-01-27,大井,1,C3六 七,14,3,3,389.6,14,12,小野俊斗,51,ダ,1200,良
2022105272,アデニウム,2026-01-12,大井,2,C3八 九,13,4,6,218.8,13,10,小野俊斗,51,ダ,1600,良
2022105272,アデニウム,2025-12-30,大井,2,3歳三 四,16,3,5,192.2,12,12,小野俊斗,51,ダ,1200,稍
2022105272,アデニウム,2025-12-05,大井,3,被爆ピアノが奏でる平(3歳二),13,8,12,825.5,13,11,小野俊斗,51,ダ,1200,良
2022105272,アデニウム,2025-11-11,大井,1,3歳三 四,10,3,3,280.3,10,9,小野俊斗,51,ダ,1600,稍
2022105272,アデニウム,2025-10-21,大井,2,伝統と未来、躍進する(3歳),10,2,2,244.6,10,9,小野俊斗,51,ダ,1200,稍
2022105272,アデニウム,2025-10-09,大井,2,3歳三 四,10,8,9,201.8,10,10,東原悠善,54,ダ,1200,良
2022105272,アデニウム,2025-09-15,大井,7,3歳八 九,14,5,7,13.1,5,11,東原悠善,54,ダ,1200,稍
2022105272,アデニウム,2025-08-09,新潟,12,3歳未勝利,18,2,4,37.0,11,13,武藤雅,55,芝,1400,良
2022105272,アデニウム,2025-05-25,東京,4,3歳未勝利,18,7,15,34.6,9,11,戸崎圭太,55,芝,1600,稍
2022105272,アデニウム,2025-03-23,中京,5,3歳未勝利,17,5,9,6.7,4,17,戸崎圭太,55,芝,2000,良
2022105272,アデニウム,2025-01-19,中山,12,3歳未勝利,16,3,5,16.2,7,5,丸山元気,55,芝,1600,良
2022105272,アデニウム,2024-12-28,中山,5,2歳新馬,18,3,5,77.7,12,5,内田博幸,55,芝,2000,良
2022105313,セレスチャルホープ,2026-08-31,盛岡,3,C2四組,11,2,2,2.9,1,5,山本聡哉,54,ダ,1400,稍
2022105313,セレスチャルホープ,2026-08-17,盛岡,7,C2四組,8,1,1,2.1,2,7,山本聡哉,54,ダ,1400,良
2022105313,セレスチャルホープ,2026-06-23,水沢,9,C1六組,10,5,5,1.7,1,5,山本聡哉,54,ダ,1400,重
2022105313,セレスチャルホープ,2026-06-09,水沢,10,C1四組,11,4,4,1.7,1,5,山本聡哉,54,ダ,1400,重
2022105313,セレスチャルホープ,2026-05-06,盛岡,1,C2三組,8,2,2,1.1,1,1,山本聡哉,54,ダ,1400,稍
2022105313,セレスチャルホープ,2026-04-06,水沢,4,C2六組,10,2,2,1.2,1,1,山本聡哉,54,ダ,1300,稍
2022105313,セレスチャルホープ,2026-01-26,大井,6,C216 17,12,7,10,14.3,5,8,安藤洋一,54,ダ,1600,良
2022105313,セレスチャルホープ,2026-01-12,大井,8,C215 16,13,5,7,3.0,2,7,安藤洋一,54,ダ,1600,良
2022105313,セレスチャルホープ,2025-06-01,京都,3,3歳未勝利,18,5,10,23.9,9,2,岩田康誠,55,芝,1600,良
2022105313,セレスチャルホープ,2025-05-10,京都,3,3歳未勝利,18,1,2,50.9,11,11,岩田康誠,55,芝,1400,稍
2022105315,デスタン,2026-08-15,大井,10,立秋特別競走(C2),14,6,9,6.0,2,3,御神本訓,56,ダ,2400,稍
2022105315,デスタン,2026-07-21,大井,10,わし座特別競走(C2),14,8,14,4.9,2,7,藤田凌,56,ダ,2000,良
2022105315,デスタン,2026-07-02,大井,9,夏至賞(C2),10,7,8,2.3,1,2,藤田凌,56,ダ,2400,不
2022105315,デスタン,2026-01-30,大井,10,初凪特別競走(C2),16,5,9,4.0,1,7,御神本訓,56,ダ,1800,良
2022105315,デスタン,2026-01-14,大井,10,春駒特別競走(C2),16,7,14,4.1,2,8,御神本訓,56,ダ,2000,良
2022105315,デスタン,2025-12-30,大井,12,師走特別競走(C2),13,6,9,14.2,4,2,御神本訓,56,ダ,2000,稍
2022105315,デスタン,2025-12-04,大井,5,C2五 六,13,3,3,10.5,3,3,御神本訓,56,ダ,1600,良
2022105315,デスタン,2025-11-13,大井,8,イエロー・パロット賞(C2),14,5,7,17.2,5,7,御神本訓,56,ダ,1600,稍
2022105315,デスタン,2025-10-23,大井,5,夢と誇りあるふるさと(C2),10,3,3,19.0,4,2,御神本訓,56,ダ,1600,重
2022105315,デスタン,2025-10-08,大井,8,シャーリー・テンプル(C2九),10,3,3,9.5,3,3,矢野貴之,56,ダ,1400,良
2022105315,デスタン,2025-09-04,大井,5,3歳一 二三(3歳二),14,4,5,6.4,2,9,矢野貴之,56,ダ,1600,良
2022105315,デスタン,2025-08-12,大井,3,3歳七 八九(3歳八),9,8,8,3.5,2,1,矢野貴之,56,ダ,1600,重
2022105315,デスタン,2025-07-14,大井,4,3歳九 十,13,2,2,2.8,2,4,矢野貴之,56,ダ,1400,稍
2022105315,デスタン,2025-06-30,大井,5,3歳11 1213(3歳12),9,5,5,2.1,2,3,矢野貴之,56,ダ,1600,良
2022105315,デスタン,2025-06-09,大井,5,3歳12 13,9,6,6,1.5,1,2,矢野貴之,56,ダ,1400,良
2022105409,コウフウセイゲツ,2026-05-19,大井,9,JAいちかわ賞(C2),11,8,13,6.4,3,8,野畑凌,56,ダ,2400,良
2022105409,コウフウセイゲツ,2026-04-27,大井,10,こじし座特別競走(C2),15,6,11,11.5,6,15,鷹見陸,56,ダ,2000,不
2022105409,コウフウセイゲツ,2026-04-15,大井,8,オレンジ・ブロッサム(C2),10,6,6,2.8,2,2,野畑凌,56,ダ,2400,良
2022105409,コウフウセイゲツ,2026-03-24,大井,10,おおぐま座特別競走(C2),14,7,12,19.1,9,9,野畑凌,56,ダ,2000,良
2022105409,コウフウセイゲツ,2026-03-10,大井,4,立会川賞(C2),14,3,3,30.6,11,5,御神本訓,56,ダ,2400,稍
2022105409,コウフウセイゲツ,2026-02-20,大井,12,梅見月特別競走(C2),16,2,3,11.2,7,11,御神本訓,56,ダ,2000,良
2022105409,コウフウセイゲツ,2025-11-12,大井,4,C2九 十11(C2十),13,6,8,11.6,6,6,御神本訓,56,ダ,1600,稍
2022105409,コウフウセイゲツ,2025-10-22,大井,7,マンガ・アニメ・トシ(C2九),10,2,2,11.5,3,3,御神本訓,56,ダ,1600,重
2022105409,コウフウセイゲツ,2025-10-08,大井,6,C2八 九十(C2九),7,1,1,17.7,4,5,本田正重,56,ダ,1600,良
2022105409,コウフウセイゲツ,2025-09-18,大井,1,3歳四 五,13,1,1,15.5,5,6,本田正重,56,ダ,1600,良
2022105409,コウフウセイゲツ,2025-06-11,大井,2,3歳五 六七(3歳六),14,8,13,3.6,1,7,矢野貴之,56,ダ,1400,重
2022105409,コウフウセイゲツ,2025-05-22,大井,3,3歳四 五六(3歳五),11,7,9,4.1,2,8,本田正重,56,ダ,1600,良
2022105409,コウフウセイゲツ,2025-04-17,大井,1,3歳六 七,11,3,3,5.5,2,2,矢野貴之,56,ダ,1600,良
2022105409,コウフウセイゲツ,2025-03-26,大井,3,3歳七 八,13,5,6,2.0,1,3,矢野貴之,56,ダ,1600,良
2022105409,コウフウセイゲツ,2025-03-13,大井,4,汐留川賞(3歳七),8,3,3,,,取,矢野貴之,56,ダ,1600,不
2022105409,コウフウセイゲツ,2025-02-20,大井,3,3歳五 六七(3歳六),12,3,3,2.0,1,3,矢野貴之,56,ダ,1600,良
2022105409,コウフウセイゲツ,2024-10-30,門別,3,2歳未勝利,8,2,2,1.7,1,1,桑村真明,56,ダ,1700,良
2022105409,コウフウセイゲツ,2024-10-03,門別,2,2歳未勝利,12,5,6,2.7,1,2,石川倭,56,ダ,1500,良
2022105409,コウフウセイゲツ,2024-09-18,門別,3,2歳未勝利,11,7,8,2.1,1,5,石川倭,56,ダ,1600,稍
2022105409,コウフウセイゲツ,2024-09-03,門別,4,安平町「鹿公園」賞(2歳),9,7,7,3.3,2,3,石川倭,55,ダ,1100,良
2022105409,コウフウセイゲツ,2024-08-06,門別,4,静内産馬カーニバル賞(2歳),11,6,7,3.0,1,2,石川倭,55,ダ,1100,稍
2022105409,コウフウセイゲツ,2024-07-24,門別,2,2歳未勝利,12,1,1,2.7,2,3,石川倭,55,ダ,1000,良
2022105409,コウフウセイゲツ,2024-06-26,門別,2,JRA認定競走フレッ(2歳),8,5,5,5.5,2,4,石川倭,55,ダ,1000,稍
2022105444,バーミーズルビー,2026-07-20,大井,8,マタドール賞(C212),13,1,1,117.1,11,12,東原悠善,54,ダ,1400,良
2022105444,バーミーズルビー,2026-07-02,大井,8,ディキ・ディキ賞(C2),13,5,6,230.8,10,8,東原悠善,54,ダ,1200,不
2022105444,バーミーズルビー,2026-06-11,大井,9,C2六 七八(C2七),14,6,9,348.1,14,9,東原悠善,54,ダ,1200,稍
2022105444,バーミーズルビー,2026-05-20,大井,10,ポートサイド賞(C2七),12,4,4,149.1,12,10,東原悠善,54,ダ,1200,良
2022105444,バーミーズルビー,2026-04-29,大井,5,C2七 八九(C2八),11,4,4,110.3,11,7,東原悠善,54,ダ,1200,稍
2022105444,バーミーズルビー,2026-04-16,大井,5,C2七 八九(C2八),14,6,10,203.6,12,7,東原悠善,54,ダ,1400,不
2022105444,バーミーズルビー,2026-03-25,大井,5,C2七 八九(C2八),11,2,2,163.8,8,11,東原悠善,54,ダ,1400,良
2022105444,バーミーズルビー,2026-03-13,大井,3,C2 選抜牝馬,12,6,8,195.4,12,10,東原悠善,54,ダ,1400,良
2022105444,バーミーズルビー,2026-02-19,大井,9,C2五 六七(C2六),11,6,8,44.3,9,9,東原悠善,54,ダ,1400,良
2022105444,バーミーズルビー,2026-01-29,大井,7,C2六 七,14,1,1,41.6,6,10,菅原涼太,54,ダ,1200,良
2022105444,バーミーズルビー,2026-01-15,大井,5,C2八 九,15,4,6,9.4,4,10,菅原涼太,54,ダ,1200,良
2022105444,バーミーズルビー,2025-12-25,大井,8,トム・アンド・ジェリ(C216),11,6,6,2.8,2,1,菅原涼太,54,ダ,1400,重
2022105444,バーミーズルビー,2025-12-02,大井,2,C212 1314(C213),13,3,3,3.5,2,5,菅原涼太,54,ダ,1400,良
2022105444,バーミーズルビー,2025-11-10,大井,3,C218 19,13,5,7,5.6,3,2,菅原涼太,54,ダ,1200,稍
2022105444,バーミーズルビー,2025-10-23,大井,8,YJSトライアルラウ(C2),14,4,5,6.2,3,6,水沼元輝,54,ダ,1200,重
2022105444,バーミーズルビー,2025-08-31,札幌,3,3歳未勝利,12,7,9,11.0,4,9,古川奈穂,52,ダ,1000,稍
2022105444,バーミーズルビー,2025-07-17,大井,9,フォーチュネイトひま(C13歳),14,5,7,4.0,2,12,團野大成,54,ダ,1200,重
2022105444,バーミーズルビー,2025-05-25,新潟,2,3歳未勝利,15,2,2,12.6,5,6,佐々木大,55,ダ,1200,稍
2022105444,バーミーズルビー,2025-05-10,新潟,3,3歳未勝利,15,6,10,48.6,9,2,斎藤新,55,ダ,1200,稍
2022105444,バーミーズルビー,2025-02-02,京都,1,3歳未勝利,12,7,9,21.9,8,9,高杉吏麒,54,ダ,1800,稍
2022105444,バーミーズルビー,2025-01-12,中京,6,3歳未勝利,18,7,15,63.4,11,11,角田大和,55,芝,2000,良
2022105444,バーミーズルビー,2024-10-19,京都,2,2歳未勝利,10,2,2,80.8,10,8,幸英明,55,芝,1600,良
2022105444,バーミーズルビー,2024-08-04,新潟,2,2歳新馬,14,4,5,33.9,8,14,幸英明,55,芝,1600,良
2022105522,パルミジャニーノ,2026-08-15,大井,5,シーブリーズ賞競走(B2),5,5,5,3.5,3,1,安藤洋一,56,ダ,2000,重
2022105522,パルミジャニーノ,2026-06-30,大井,10,B3四,12,4,4,6.5,4,1,安藤洋一,56,ダ,2000,重
2022105522,パルミジャニーノ,2026-05-18,大井,11,赤坂賞競走(B3),11,1,1,3.3,2,9,安藤洋一,56,ダ,1800,良
2022105522,パルミジャニーノ,2026-04-15,大井,9,スターゲイザー賞(B3),8,8,8,4.7,3,1,安藤洋一,56,ダ,1800,良
2022105522,パルミジャニーノ,2026-03-26,大井,7,B3四,9,5,5,3.3,2,2,安藤洋一,56,ダ,2000,不
2022105522,パルミジャニーノ,2025-05-19,大井,9,東京ダービーチャレン(OP)(3歳),11,7,8,4.9,4,5,安藤洋一,56,ダ,2000,重
2022105522,パルミジャニーノ,2025-04-14,大井,7,クラシックチャレンジ(OP)(3歳),10,6,6,30.4,6,3,安藤洋一,55,ダ,1800,不
2022105522,パルミジャニーノ,2025-02-21,大井,5,3歳一 二,8,8,8,5.5,3,1,安藤洋一,56,ダ,1600,良
2022105522,パルミジャニーノ,2025-01-31,大井,2,3歳四 五,14,4,5,3.0,2,1,安藤洋一,56,ダ,1600,良
2022105522,パルミジャニーノ,2024-12-27,大井,4,2歳五 六,13,8,12,3.9,2,2,安藤洋一,55,ダ,1400,良
2022105522,パルミジャニーノ,2024-08-14,門別,3,JRA認定競走アタッ(2歳),11,7,8,7.3,3,6,桑村真明,55,ダ,1600,重
2022105522,パルミジャニーノ,2024-07-31,門別,4,JRA認定競走アタッ(2歳),8,5,5,7.8,4,2,桑村真明,55,ダ,1700,稍
2022105522,パルミジャニーノ,2024-07-18,門別,5,JRA認定競走アタッ(2歳),8,4,4,16.6,5,4,桑村真明,55,ダ,1700,良
2022105522,パルミジャニーノ,2024-06-27,門別,2,2歳未勝利,7,7,7,2.4,2,1,桑村真明,55,ダ,1500,良
2022105522,パルミジャニーノ,2024-06-13,門別,4,JRA認定競走フレッ(2歳),7,3,3,9.1,4,4,桑村真明,55,ダ,1700,良
2022105537,ポッドソル,2026-08-16,新潟,6,稲妻S(3勝クラス),13,8,12,38.2,8,13,今村聖奈,58,芝,1000,良
2022105537,ポッドソル,2026-07-11,小倉,11,釜山S(3勝クラス),11,7,9,73.1,11,9,川須栄彦,58,ダ,1000,良
2022105537,ポッドソル,2026-05-17,東京,12,BSイレブン賞(3勝クラス),16,7,14,56.7,10,16,丹内祐次,58,ダ,1400,良
2022105537,ポッドソル,2026-01-13,大井,9,新助坂賞競走(B3),8,2,2,1.9,2,1,笹川翼,56,ダ,1200,良
2022105537,ポッドソル,2025-12-25,大井,12,桧坂賞競走(B3),13,8,13,4.1,2,1,笹川翼,56,ダ,1400,重
2022105537,ポッドソル,2025-10-16,川崎,9,かわさきジャズBRI(C1二),12,4,4,1.4,1,1,御神本訓,56,ダ,1400,重
2022105537,ポッドソル,2025-09-24,浦和,9,秋うらら特別(3歳),13,7,10,2.0,1,1,御神本訓,56,ダ,1400,良
2022105537,ポッドソル,2025-08-22,川崎,2,鶫賞(3歳),12,4,4,1.4,1,1,御神本訓,56,ダ,1500,良
2022105537,ポッドソル,2025-08-04,川崎,1,3歳5,8,4,4,1.2,1,1,矢野貴之,56,ダ,1400,良
2022105537,ポッドソル,2025-05-20,名古屋,8,3歳6組,12,7,9,1.4,1,1,加藤聡一,57,ダ,1500,稍
2022105537,ポッドソル,2025-04-25,名古屋,2,3歳12組,11,5,5,3.4,2,1,加藤聡一,57,ダ,1500,稍
2022105537,ポッドソル,2025-03-29,中山,3,3歳未勝利,16,3,6,273.2,12,13,原優介,57,ダ,1200,稍
2022105537,ポッドソル,2024-12-22,中山,6,2歳新馬,15,6,11,101.9,10,15,吉田豊,56,芝,1600,良
2022105555,マジェスティルール,2026-08-31,大井,7,C2八 九十(C2九),13,5,7,96.9,12,5,藤本現暉,56,ダ,1600,良
2022105555,マジェスティルール,2026-08-17,大井,1,C3一 二,11,5,5,24.8,6,5,藤本現暉,56,ダ,1600,重
2022105555,マジェスティルール,2026-07-23,大井,1,C3二 三,13,4,5,31.5,8,5,藤本現暉,56,ダ,1600,良
2022105555,マジェスティルール,2026-06-30,大井,4,C2十 1112(C211),10,2,2,26.6,7,3,藤本現暉,56,ダ,1600,重
2022105555,マジェスティルール,2026-06-08,大井,7,グラスホッパー賞(C213),12,6,8,45.7,7,8,藤本現暉,56,ダ,1600,不
2022105555,マジェスティルール,2026-05-22,大井,9,うしかい座特別競走(C2),10,4,4,170.5,9,9,木澤奨,53,ダ,1800,不
2022105555,マジェスティルール,2026-04-28,大井,6,C2十 11,10,7,8,50.2,9,8,藤本現暉,56,ダ,1600,不
2022105555,マジェスティルール,2026-04-13,大井,8,ビアーグルト賞(C214),12,7,9,16.6,6,5,藤本現暉,56,ダ,1600,良
2022105555,マジェスティルール,2026-03-23,大井,8,バラライカ賞(C2),12,2,2,26.9,6,7,藤本現暉,56,ダ,1600,良
2022105555,マジェスティルール,2026-03-09,大井,9,C213 1415(C214),14,6,9,17.3,3,5,藤本現暉,56,ダ,1600,稍
2022105555,マジェスティルール,2026-02-17,大井,5,C212 1314(C213),14,4,6,30.1,9,6,藤本現暉,56,ダ,1600,稍
2022105555,マジェスティルール,2026-01-26,大井,8,C214 15,13,1,1,17.5,6,5,藤本現暉,56,ダ,1600,良
2022105555,マジェスティルール,2026-01-12,大井,8,C215 16,13,2,2,196.4,11,3,藤本現暉,56,ダ,1600,良
2022105555,マジェスティルール,2025-12-24,大井,6,リトル・プリンセス賞(C2),12,6,8,21.3,6,7,達城龍次,56,ダ,1600,重
2022105555,マジェスティルール,2025-11-10,大井,10,うさぎ座特別競走(C2),14,5,7,24.6,5,7,達城龍次,56,ダ,2000,稍
2022105555,マジェスティルール,2025-10-22,大井,5,ナカペイとアニメも中(3歳),11,7,9,5.9,3,5,藤本現暉,56,ダ,1600,重
2022105555,マジェスティルール,2025-08-30,中京,3,3歳未勝利,15,7,12,45.9,11,8,川端海翼,54,芝,2200,良
2022105555,マジェスティルール,2025-08-10,中京,9,3歳未勝利,14,1,1,9.1,5,7,永島まな,55,芝,2000,良
2022105555,マジェスティルール,2025-07-26,中京,11,3歳未勝利,14,8,14,38.1,9,3,永島まな,55,芝,2000,良
2022105555,マジェスティルール,2025-06-22,阪神,3,3歳未勝利,18,7,14,265.6,16,8,永島まな,55,芝,1600,良
2022105555,マジェスティルール,2025-03-30,中京,5,3歳未勝利,18,4,7,184.2,14,17,川端海翼,54,芝,1200,良
2022105555,マジェスティルール,2024-09-28,中京,3,2歳未勝利,10,3,3,37.5,6,5,高杉吏麒,52,芝,1600,良
2022105555,マジェスティルール,2024-09-01,中京,5,2歳新馬,11,6,6,11.7,5,7,幸英明,55,芝,1400,重
2022105597,ゲンジ,2026-08-16,札幌,12,阿寒湖特別(2勝クラス),14,3,3,19.3,5,5,横山琉人,58,芝,2600,良
2022105597,ゲンジ,2026-06-28,福島,8,3歳以上1勝クラス,13,1,1,5.8,3,1,田辺裕信,58,芝,2600,良
2022105597,ゲンジ,2026-06-06,東京,9,稲城特別(1勝クラス),12,5,5,35.6,7,4,ゴンサル,58,芝,2400,良
2022105597,ゲンジ,2026-05-10,新潟,9,荒川峡特別(1勝クラス),14,8,14,9.3,6,2,ゴンサル,58,芝,2400,良
2022105597,ゲンジ,2026-04-26,福島,9,飯盛山特別(1勝クラス),13,5,6,5.6,3,7,吉田隼人,58,芝,2000,良
2022105597,ゲンジ,2026-04-12,福島,9,燧ヶ岳特別(1勝クラス),13,5,6,3.8,1,5,石川裕紀,58,芝,2600,良
2022105597,ゲンジ,2026-02-15,小倉,7,4歳以上1勝クラス,14,1,1,3.6,1,8,丹内祐次,57,芝,2600,稍
2022105597,ゲンジ,2026-01-24,小倉,7,4歳以上1勝クラス,15,5,9,11.1,5,3,下原理,57,芝,2600,良
2022105597,ゲンジ,2025-12-06,中京,8,3歳以上1勝クラス,18,8,16,26.3,10,6,丸山元気,57,芝,2000,良
2022105597,ゲンジ,2025-11-08,福島,6,3歳以上1勝クラス,16,6,12,4.6,2,6,河原田菜,52,芝,1800,良
2022105597,ゲンジ,2025-09-27,中山,7,3歳以上1勝クラス,16,2,3,3.0,1,8,小林美駒,52,芝,2200,良
2022105597,ゲンジ,2025-09-13,中山,12,3歳以上1勝クラス,16,3,5,5.4,3,2,小林美駒,52,芝,2000,稍
2022105597,ゲンジ,2025-07-05,福島,9,伊達特別(1勝クラス),10,2,2,14.1,7,2,石川裕紀,55,芝,2000,良
2022105597,ゲンジ,2025-06-15,函館,9,八雲特別(1勝クラス),13,7,10,4.1,2,11,丹内祐次,55,芝,1800,良
2022105597,ゲンジ,2025-04-06,中山,7,3歳1勝クラス,9,1,1,35.5,8,2,石川裕紀,57,芝,1600,良
2022105597,ゲンジ,2025-03-22,中山,5,3歳1勝クラス,10,8,10,8.2,3,7,小林美駒,53,芝,1600,良
2022105597,ゲンジ,2025-01-26,小倉,7,3歳未勝利,14,1,1,6.9,4,1,小林美駒,53,芝,1800,良
2022105597,ゲンジ,2024-12-01,中山,5,2歳新馬,18,3,6,47.5,10,7,江田照男,56,芝,2000,良
2022105629,アドマイヤエアル,2026-01-30,大井,9,C1三 四五(C1四),11,1,1,,,取,矢野貴之,56,ダ,1400,良
2022105629,アドマイヤエアル,2025-12-31,大井,11,カウントダウン202(C1五),13,4,5,2.5,2,5,矢野貴之,56,ダ,1400,稍
2022105629,アドマイヤエアル,2025-12-01,大井,8,アクダクト賞(C1),14,2,2,1.8,1,1,矢野貴之,56,ダ,1600,良
2022105629,アドマイヤエアル,2025-11-10,大井,8,ボビーバーンズ賞(C1),11,7,9,5.6,2,3,矢野貴之,56,ダ,1600,稍
2022105629,アドマイヤエアル,2025-06-13,大井,10,若竹賞競走(OP)(3歳),11,7,9,8.5,3,8,御神本訓,55,ダ,1800,稍
2022105629,アドマイヤエアル,2025-05-08,船橋,11,東京湾C(重賞),9,2,2,10.2,4,5,御神本訓,56,ダ,1700,稍
2022105629,アドマイヤエアル,2025-04-14,大井,7,クラシックチャレンジ(OP)(3歳),10,4,4,3.6,2,7,御神本訓,55,ダ,1800,不
2022105629,アドマイヤエアル,2025-03-27,大井,3,3歳四 五六(3歳五),10,8,10,1.1,1,1,矢野貴之,56,ダ,1400,良
2022105629,アドマイヤエアル,2025-02-17,大井,3,3歳12 1314(3歳13),9,1,1,1.5,1,1,矢野貴之,56,ダ,1400,良
2022105631,ステーション,2026-04-28,大井,9,カーネーション特別競(C2),10,4,4,1.2,1,4,笹川翼,54,ダ,1400,不
2022105631,ステーション,2026-04-17,大井,1,C3 選抜牝馬,13,8,12,1.2,1,1,笹川翼,54,ダ,1400,重
2022105631,ステーション,2026-03-24,大井,2,C3五 六,14,8,13,1.1,1,2,笹川翼,54,ダ,1200,良
2022105631,ステーション,2025-12-29,大井,1,3歳五,12,1,1,1.9,1,1,笹川翼,54,ダ,1200,重
2022105691,グランダイト,2026-08-14,大井,6,チチ賞(C1),11,3,3,1.6,1,2,西啓太,56,ダ,1600,不
2022105691,グランダイト,2026-07-23,大井,6,C2三 四五(C2四),14,3,3,1.6,1,1,西啓太,56,ダ,1600,良
2022105691,グランダイト,2026-06-09,大井,7,C1八 九,14,8,14,4.5,3,2,西啓太,56,ダ,1600,不
2022105691,グランダイト,2026-05-18,大井,8,アフター・ディナー賞(C1),13,4,4,2.9,2,4,西啓太,56,ダ,1600,良
2022105691,グランダイト,2026-04-17,大井,7,C2四 五六(C2五),10,5,5,1.1,1,1,西啓太,56,ダ,1600,重
2022105691,グランダイト,2026-03-24,大井,8,コモドール賞(C211),12,6,7,1.2,1,1,西啓太,56,ダ,1400,良
2022105691,グランダイト,2026-03-09,大井,10,C213 1415(C214),13,1,1,2.4,1,1,西啓太,56,ダ,1400,稍
2022105691,グランダイト,2026-02-18,大井,2,C3四 五,13,3,4,3.2,1,1,石川倭,56,ダ,1600,稍
2022105691,グランダイト,2025-12-10,名古屋,10,茶臼山特別(C),12,6,7,80.6,9,5,丹羽克輝,57,ダ,1700,良
2022105691,グランダイト,2025-11-10,名古屋,10,石蕗賞(C),12,8,12,1.5,1,1,塚本征吾,57,ダ,1500,稍
2022105691,グランダイト,2025-10-29,名古屋,4,C19組,12,6,8,4.0,2,2,塚本征吾,57,ダ,1400,良
2022105691,グランダイト,2025-10-15,名古屋,1,C21組,12,6,7,3.1,2,2,塚本征吾,57,ダ,1500,不
2022105691,グランダイト,2025-10-02,名古屋,1,3歳16組,12,2,2,9.4,5,2,大原浩司,57,ダ,1500,良
2022105691,グランダイト,2025-08-24,新潟,2,3歳未勝利,15,4,7,208.9,13,13,上里直汰,54,ダ,1800,良
2022105691,グランダイト,2025-07-01,金沢,7,加賀片山津賞(3歳),10,7,8,36.6,8,5,松戸政也,57,ダ,1500,良
2022105691,グランダイト,2025-04-27,福島,3,3歳未勝利,15,1,1,109.7,13,14,上里直汰,54,ダ,1700,良
2022105691,グランダイト,2025-01-19,中山,5,3歳新馬,16,6,11,71.5,12,15,原優介,56,芝,1600,良
2022105709,バレアレス,2026-04-15,大井,7,C1六 七,12,6,8,1.7,1,5,矢野貴之,56,ダ,1600,良
2022105709,バレアレス,2026-03-13,大井,4,八ツ瀬川賞(C2四),12,6,8,1.8,1,1,矢野貴之,56,ダ,1600,良
2022105709,バレアレス,2026-01-29,大井,6,C2六 七,9,5,5,1.1,1,1,矢野貴之,56,ダ,1600,良
2022105709,バレアレス,2026-01-14,大井,6,C2十 11,14,2,2,1.7,1,1,矢野貴之,56,ダ,1600,良
2022105709,バレアレス,2025-12-30,大井,1,3歳三 四,10,7,9,1.8,1,1,矢野貴之,56,ダ,1600,稍
2022105709,バレアレス,2025-11-21,名古屋,6,C11組,12,8,11,1.0,1,2,今井貴大,57,ダ,1500,良
2022105709,バレアレス,2025-10-29,名古屋,4,C19組,12,4,4,1.2,1,1,今井貴大,57,ダ,1400,良
2022105709,バレアレス,2025-10-03,名古屋,3,3歳19組,11,7,9,3.1,2,1,今井貴大,57,ダ,1400,良
2022105709,バレアレス,2025-09-07,阪神,3,3歳未勝利,16,7,13,104.4,13,9,菱田裕二,57,ダ,1400,良
2022105709,バレアレス,2025-07-20,小倉,2,3歳未勝利,18,3,5,39.9,12,15,小沢大仁,57,芝,1200,良
2022105709,バレアレス,2025-05-24,京都,2,3歳未勝利,16,1,2,5.6,3,9,菱田裕二,57,ダ,1800,良
2022105709,バレアレス,2025-04-26,京都,1,3歳未勝利,16,7,13,16.0,6,12,菱田裕二,57,ダ,1400,良
2022105765,ジーティーグロウ,2026-03-21,佐賀,6,C2ー13組,11,6,7,165.7,9,11,中山蓮王,54,ダ,1300,稍
2022105765,ジーティーグロウ,2026-03-08,佐賀,2,C2ー13組,11,8,11,170.4,10,11,中山蓮王,54,ダ,1400,重
2022105765,ジーティーグロウ,2026-02-25,佐賀,2,BOKUJOB賞(C2),12,3,3,167.0,10,11,中山蓮王,54,ダ,1300,不
2022105765,ジーティーグロウ,2026-02-12,佐賀,4,キャプテン渡辺さん来(C2),11,7,8,96.4,7,11,山田義貴,54,ダ,1400,稍
2022105765,ジーティーグロウ,2026-01-29,佐賀,6,C2ー13組,12,4,4,33.7,5,9,飛田愛斗,54,ダ,1400,良
2022105765,ジーティーグロウ,2026-01-11,佐賀,1,C2ー15組,10,1,1,19.4,4,5,山田義貴,54,ダ,1300,良
2022105765,ジーティーグロウ,2025-12-20,佐賀,4,ひむかのくろうま賞(C2),12,1,1,13.6,4,12,山田義貴,54,ダ,1400,良
2022105765,ジーティーグロウ,2025-11-22,佐賀,4,C2ー22組,12,4,4,4.6,2,1,山田義貴,54,ダ,1300,良
2022105765,ジーティーグロウ,2025-10-21,金沢,6,YJSトライアルラウ(C2),12,8,11,9.3,4,11,柴田裕一,55,ダ,1400,良
2022105765,ジーティーグロウ,2025-10-07,金沢,9,C210,6,2,2,1.0,1,2,青柳正義,55,ダ,1400,良
2022105765,ジーティーグロウ,2025-09-20,金沢,6,多留見満則杯(C2),11,1,1,11.0,5,2,青柳正義,55,ダ,1500,良
2022105765,ジーティーグロウ,2025-09-08,金沢,6,ゆうき&amp;ゆなスペシャ(3歳),9,2,2,11.7,4,9,柴田勇真,55,ダ,1500,不
2022105765,ジーティーグロウ,2025-07-29,金沢,6,結婚記念新明杯(3歳),7,4,4,2.3,1,5,中島龍也,55,ダ,1400,良
2022105765,ジーティーグロウ,2025-07-15,金沢,5,3歳B 2特編(3歳2),12,3,3,6.5,4,2,青柳正義,55,ダ,1500,良
2022105765,ジーティーグロウ,2025-07-01,金沢,2,祝!祝!祝!世界が祝(3歳),10,2,2,4.7,2,3,中島龍也,55,ダ,1400,良
2022105765,ジーティーグロウ,2025-05-11,東京,2,3歳未勝利,16,7,14,362.8,13,16,石橋脩,55,ダ,1400,稍
2022105765,ジーティーグロウ,2025-04-20,福島,6,3歳未勝利,15,6,10,38.7,11,14,国分恭介,55,ダ,1700,良
2022105765,ジーティーグロウ,2025-02-02,東京,1,3歳未勝利,16,2,4,95.3,10,6,国分恭介,55,ダ,1400,稍
2022105765,ジーティーグロウ,2024-11-10,東京,3,2歳未勝利,11,2,2,265.9,11,10,小林凌大,55,芝,1400,良
2022105765,ジーティーグロウ,2024-08-17,中京,5,2歳新馬,18,7,13,86.7,12,14,国分恭介,55,芝,1400,良
2022105788,アールオブケント,2026-07-13,名古屋,11,宵波特別(A),11,5,5,2.8,1,5,今井貴大,57,ダ,1700,良
2022105788,アールオブケント,2026-07-01,名古屋,8,星合特別(B),12,5,5,7.5,4,1,今井貴大,57,ダ,1500,稍
2022105788,アールオブケント,2026-06-17,名古屋,7,B4組,11,8,10,3.4,2,1,今井貴大,57,ダ,1500,良
2022105788,アールオブケント,2026-06-03,名古屋,8,B4組,12,2,2,2.8,2,10,加藤聡一,57,ダ,1500,重
2022105788,アールオブケント,2026-05-22,名古屋,10,B10組,10,8,10,1.3,1,1,加藤聡一,57,ダ,1500,重
2022105788,アールオブケント,2026-05-07,名古屋,9,B10組,10,7,7,3.5,2,4,加藤聡一,57,ダ,1500,良
2022105788,アールオブケント,2025-12-22,名古屋,8,B7組,12,7,10,1.5,1,1,加藤聡一,57,ダ,1500,重
2022105788,アールオブケント,2025-12-10,名古屋,9,B10組,12,7,9,1.3,1,1,加藤聡一,57,ダ,1500,良
2022105788,アールオブケント,2025-11-26,名古屋,5,C4組,12,7,9,1.3,1,1,加藤聡一,57,ダ,1400,良
2022105788,アールオブケント,2025-10-31,名古屋,4,C6組,12,7,9,2.8,2,3,加藤聡一,57,ダ,1500,稍
2022105788,アールオブケント,2025-10-01,名古屋,6,3歳3組,12,2,2,3.6,2,1,加藤聡一,57,ダ,1500,良
2022105788,アールオブケント,2025-09-16,名古屋,9,3歳7組,12,3,3,1.8,1,1,加藤聡一,57,ダ,1500,良
2022105788,アールオブケント,2025-09-04,名古屋,3,3歳11組,12,5,6,2.9,2,1,加藤聡一,57,ダ,1500,良
2022105788,アールオブケント,2025-08-22,名古屋,3,3歳18組,12,6,8,14.0,4,4,加藤聡一,57,ダ,1500,良
2022105788,アールオブケント,2025-06-28,小倉,4,3歳未勝利,16,2,3,184.2,13,13,田山旺佑,54,芝,1800,良
2022105788,アールオブケント,2025-05-17,京都,4,3歳未勝利,16,6,11,103.1,15,13,田山旺佑,54,芝,2400,不
2022105788,アールオブケント,2024-11-09,京都,2,2歳未勝利,14,2,2,38.4,8,13,斎藤新,56,ダ,1800,良
2022105788,アールオブケント,2024-10-27,東京,4,2歳新馬,16,2,4,8.0,4,16,武豊,56,ダ,1600,良
2022105841,ダンスデュヴァン,2026-07-24,笠松,12,風鈴特別(A),10,8,9,11.0,3,8,大原浩司,57,ダ,1580,良
2022105841,ダンスデュヴァン,2026-07-10,笠松,5,夏風特別(A),7,6,6,7.6,5,2,大原浩司,57,ダ,1580,良
2022105841,ダンスデュヴァン,2026-06-26,笠松,11,長良川特別(A),8,8,8,3.8,2,3,大原浩司,57,ダ,1580,不
2022105841,ダンスデュヴァン,2026-06-12,笠松,11,飛騨川特別(A),8,1,1,2.8,2,5,大原浩司,57,ダ,1800,良
2022105841,ダンスデュヴァン,2026-05-29,笠松,10,キキョウ特別(A),10,5,6,2.1,1,2,大原浩司,57,ダ,1400,良
2022105841,ダンスデュヴァン,2026-05-15,笠松,5,鵜匠特別(A),8,5,5,4.5,2,7,大原浩司,57,ダ,1580,良
2022105841,ダンスデュヴァン,2026-04-17,笠松,10,春色特別(A),6,3,3,2.4,2,3,大原浩司,57,ダ,1580,良
2022105841,ダンスデュヴァン,2026-03-31,笠松,11,淡墨桜特別(AB),10,2,2,2.3,1,2,大原浩司,58,ダ,1400,不
2022105841,ダンスデュヴァン,2026-03-16,笠松,10,スプリングアタック(OP)(BC),10,7,7,2.5,1,2,大原浩司,57,ダ,1400,良
2022105841,ダンスデュヴァン,2026-03-03,笠松,8,弥生特別(B),9,8,8,2.2,1,3,大原浩司,58,ダ,1400,不
2022105841,ダンスデュヴァン,2026-02-02,笠松,9,節分特別(B),9,5,5,2.6,1,1,大原浩司,57,ダ,1400,良
2022105841,ダンスデュヴァン,2026-01-22,笠松,8,B5組,10,3,3,1.3,1,1,大原浩司,57,ダ,1600,良
2022105841,ダンスデュヴァン,2026-01-07,笠松,10,鏡開き特別(C),9,8,9,1.3,1,1,大原浩司,57,ダ,1400,良
2022105841,ダンスデュヴァン,2025-12-31,笠松,5,2025年推しごと納(C),7,5,5,1.2,1,1,大原浩司,57,ダ,1400,良
2022105841,ダンスデュヴァン,2025-12-17,笠松,4,細貝優太新天地でも頑(C),9,3,3,3.6,3,2,大原浩司,57,ダ,1600,稍
2022105841,ダンスデュヴァン,2025-12-03,笠松,10,師走特別(C),10,4,4,3.3,1,3,大原浩司,57,ダ,1600,良
2022105841,ダンスデュヴァン,2025-11-18,笠松,10,仲冬特別(C),10,5,5,2.4,2,1,東川慎,57,ダ,1600,良
2022105841,ダンスデュヴァン,2025-11-05,笠松,6,C17組,10,1,1,1.2,1,1,大原浩司,57,ダ,1400,良
2022105841,ダンスデュヴァン,2025-10-21,笠松,7,C22組,10,1,1,4.9,3,3,大原浩司,57,ダ,1400,良
2022105841,ダンスデュヴァン,2025-09-23,笠松,3,山口莉瑚さま生誕祝賀(3歳),8,4,4,12.7,4,2,馬渕繁治,57,ダ,1400,良
2022105841,ダンスデュヴァン,2025-08-24,中京,2,3歳未勝利,16,5,10,87.2,12,13,田山旺佑,54,ダ,1900,良
2022105841,ダンスデュヴァン,2025-07-20,小倉,4,3歳未勝利,18,2,4,154.9,14,15,田山旺佑,54,芝,2000,良
2022105841,ダンスデュヴァン,2025-05-17,京都,4,3歳未勝利,16,2,3,33.3,9,12,酒井学,57,芝,2400,不
2022105841,ダンスデュヴァン,2025-05-03,新潟,6,3歳未勝利,16,5,10,15.3,7,14,酒井学,57,芝,2400,良
2022105841,ダンスデュヴァン,2025-04-13,福島,3,3歳未勝利,16,7,13,51.3,10,3,古川吉洋,57,芝,2600,良
2022105841,ダンスデュヴァン,2024-11-23,京都,2,2歳未勝利,14,7,11,36.6,6,13,酒井学,56,ダ,1800,良
2022105841,ダンスデュヴァン,2024-11-09,京都,4,2歳新馬,15,5,9,26.6,9,7,酒井学,56,ダ,1800,良
2022105856,ポリアンセモス,2026-01-14,大井,6,C2十 11,14,7,12,2.6,2,2,笹川翼,54,ダ,1600,良
2022105856,ポリアンセモス,2025-12-02,金沢,6,C24,7,6,6,1.1,1,1,吉原寛人,55,ダ,1400,良
2022105856,ポリアンセモス,2025-11-17,金沢,2,C28,9,2,2,4.3,3,1,吉原寛人,55,ダ,1400,良
2022105856,ポリアンセモス,2025-09-14,中山,6,3歳未勝利,16,7,14,105.0,12,11,舟山瑠泉,52,ダ,1800,稍
2022105856,ポリアンセモス,2025-06-14,東京,1,3歳未勝利,16,8,15,18.7,6,14,内田博幸,55,ダ,1600,良
2022105856,ポリアンセモス,2025-05-18,東京,2,3歳未勝利,16,1,1,23.4,8,16,松山弘平,55,ダ,1600,重
2022105856,ポリアンセモス,2025-03-15,中山,4,3歳未勝利,15,1,1,6.2,4,9,戸崎圭太,55,ダ,1800,稍
2022105856,ポリアンセモス,2025-01-11,中山,2,3歳未勝利,16,3,6,10.7,5,4,ドイル,55,ダ,1800,稍
2022105856,ポリアンセモス,2024-11-09,東京,1,2歳未勝利,16,3,5,18.1,6,3,岩田康誠,55,ダ,1600,良
2022105856,ポリアンセモス,2024-09-15,中山,5,2歳新馬,16,7,14,4.4,2,14,北村宏司,55,芝,1600,良
2022105917,カワテンマックス,2026-08-12,笠松,11,くろゆり賞(重賞),10,8,10,3.5,2,5,今井貴大,57,ダ,1580,良
2022105917,カワテンマックス,2026-07-28,名古屋,11,名港盃(重賞),12,6,8,10.0,5,3,丸野勝虎,57,ダ,1700,不
2022105917,カワテンマックス,2026-06-18,名古屋,11,トリトン争覇(重賞),12,4,4,5.7,3,4,丸野勝虎,57,ダ,1500,良
2022105917,カワテンマックス,2026-06-03,名古屋,11,ウラヌス特別(A),10,3,3,1.9,1,2,丸野勝虎,56,ダ,1400,重
2022105917,カワテンマックス,2026-05-22,名古屋,11,花菖蒲特別(A),11,6,7,1.4,1,2,丸野勝虎,56,ダ,1500,重
2022105917,カワテンマックス,2026-04-23,名古屋,9,ポートメテオ特別(A),10,6,6,2.3,2,1,丸野勝虎,57,ダ,1400,不
2022105917,カワテンマックス,2026-03-11,名古屋,11,八重霞特別(A),11,5,5,3.0,2,1,丸野勝虎,57,ダ,1500,良
2022105917,カワテンマックス,2025-12-06,中京,11,飛騨S(3勝クラス),12,4,4,223.0,12,12,丸野勝虎,57,芝,1400,良
2022105917,カワテンマックス,2025-11-12,名古屋,11,ダイヤモンドリリー特(A),9,1,1,6.4,3,5,丸野勝虎,57,ダ,1400,稍
2022105917,カワテンマックス,2025-10-24,笠松,11,東海クラウン(重賞),9,5,5,4.8,2,8,丸野勝虎,56,ダ,1400,良
2022105917,カワテンマックス,2025-06-12,笠松,11,ぎふ清流C(重賞),12,7,9,3.5,2,7,丸野勝虎,57,ダ,1400,良
2022105917,カワテンマックス,2025-06-04,名古屋,11,東海優駿(重賞),12,2,2,1.3,1,6,丸野勝虎,57,ダ,2100,稍
2022105917,カワテンマックス,2025-05-05,名古屋,11,駿蹄賞(重賞),12,1,1,1.6,1,1,丸野勝虎,57,ダ,2000,良
2022105917,カワテンマックス,2025-01-16,名古屋,11,新春ペガサスC(重賞),12,6,8,1.3,1,1,丸野勝虎,56,ダ,1700,良
2022105917,カワテンマックス,2024-12-03,名古屋,11,ゴールドウィング賞(重賞),12,7,9,1.7,1,1,丸野勝虎,55,ダ,1700,良
2022105917,カワテンマックス,2024-11-20,名古屋,5,2歳2組,10,4,4,1.5,1,1,丸野勝虎,55,ダ,1500,良
2022105917,カワテンマックス,2024-08-23,名古屋,5,2歳新馬,5,4,4,2.0,1,1,丸野勝虎,55,ダ,900,良
2022106076,レジスタ,2026-05-24,高知,4,C3ー14,10,8,9,98.5,6,10,城野慈尚,56,ダ,1400,不
2022106076,レジスタ,2026-05-10,高知,1,C3ー14,9,4,4,115.3,6,9,城野慈尚,56,ダ,1600,稍
2022106076,レジスタ,2026-04-26,高知,3,C3ー14,10,1,1,44.3,6,7,城野慈尚,56,ダ,1400,不
2022106076,レジスタ,2026-04-12,高知,4,C3ー16,9,4,4,29.7,4,7,城野慈尚,56,ダ,1300,重
2022106076,レジスタ,2026-03-25,高知,2,C3ー11,10,5,5,10.1,3,7,城野慈尚,56,ダ,1300,不
2022106076,レジスタ,2026-03-11,高知,1,C3ー9,7,3,3,7.1,4,6,城野慈尚,56,ダ,1600,稍
2022106076,レジスタ,2026-01-12,大井,1,C3十,13,5,6,9.2,2,2,鷹見陸,56,ダ,1200,良
2022106076,レジスタ,2025-12-29,大井,1,3歳五,12,3,3,17.1,4,4,鷹見陸,55,ダ,1200,重
2022106111,ハルウララカ,2026-02-16,大井,1,C3八 九,16,3,5,466.0,14,10,仲原大生,54,ダ,1200,良
2022106111,ハルウララカ,2026-01-26,大井,1,C3八 九,11,6,6,361.9,11,11,町田直希,54,ダ,1400,良
2022106111,ハルウララカ,2026-01-12,大井,1,C3十,13,6,9,98.7,7,4,町田直希,54,ダ,1200,良
2022106111,ハルウララカ,2025-12-30,大井,2,3歳三 四,16,5,10,160.8,11,10,吉原寛人,54,ダ,1200,稍
2022106111,ハルウララカ,2025-12-04,大井,2,3歳四 五,14,6,9,395.7,13,9,杉山海波,51,ダ,1200,良
2022106111,ハルウララカ,2025-11-11,大井,1,3歳三 四,10,7,7,246.5,9,8,杉山海波,51,ダ,1600,稍
2022106111,ハルウララカ,2025-10-20,大井,4,ひと、つながる。墨田(3歳),12,3,3,233.8,11,10,菅原涼太,54,ダ,1400,稍
2022106111,ハルウララカ,2025-10-08,大井,2,3歳五 六,10,4,4,46.3,7,8,菅原涼太,54,ダ,1200,良
2022106111,ハルウララカ,2025-09-15,大井,4,3歳十 11,13,6,10,30.9,6,7,菅原涼太,54,ダ,1200,稍
2022106111,ハルウララカ,2025-09-01,大井,6,3歳九 十,13,8,12,152.6,11,12,菅原涼太,54,ダ,1400,良
2022106111,ハルウララカ,2025-08-10,大井,4,マンハッタン賞(3歳),11,2,2,51.1,8,9,菅原涼太,54,ダ,1200,不
2022106111,ハルウララカ,2025-07-14,大井,3,3歳11 12,11,8,11,26.8,4,6,町田直希,54,ダ,1200,稍
2022106111,ハルウララカ,2025-07-01,大井,1,3歳 選抜牝馬,10,8,9,33.9,5,4,町田直希,54,ダ,1200,良
2022106111,ハルウララカ,2025-06-09,大井,1,3歳 選抜牝馬,11,3,3,33.8,4,6,町田直希,54,ダ,1200,良
2022106111,ハルウララカ,2025-05-19,大井,3,3歳14 15,12,3,3,472.7,11,7,松崎正泰,54,ダ,1200,重
2022106111,ハルウララカ,2025-04-28,大井,4,3歳15 16,9,3,3,114.7,7,7,仲原大生,54,ダ,1200,稍
2022106111,ハルウララカ,2025-04-14,大井,4,3歳 選抜牝馬,14,8,13,101.4,11,11,仲原大生,54,ダ,1200,不
2022106111,ハルウララカ,2025-03-24,大井,7,3歳12 13,15,7,13,159.8,14,6,仲原大生,54,ダ,1200,良
2022106111,ハルウララカ,2025-03-11,大井,3,3歳11 1213(3歳12),10,3,3,86.4,10,9,松崎正泰,54,ダ,1600,重
2022106111,ハルウララカ,2025-02-18,大井,4,古川賞(3歳),11,6,8,321.7,11,6,松崎正泰,54,ダ,1200,良
2022106111,ハルウララカ,2025-01-27,大井,6,3歳12 13,12,1,1,114.8,9,8,松崎正泰,54,ダ,1200,良
2022106111,ハルウララカ,2025-01-15,大井,4,残堀川賞(3歳),13,8,13,416.3,13,11,松崎正泰,54,ダ,1200,良
2022106111,ハルウララカ,2024-12-25,大井,2,2歳11 12,12,6,7,413.1,12,8,松崎正泰,54,ダ,1200,良
2022106111,ハルウララカ,2024-12-01,大井,2,2歳九 十,14,7,11,85.5,9,10,佐野遥久,52,ダ,1200,良
2022106111,ハルウララカ,2024-11-07,大井,3,2歳 選抜牝馬,11,6,7,24.7,7,5,佐野遥久,52,ダ,1200,稍
2022106111,ハルウララカ,2024-10-17,大井,6,2歳 新馬,10,8,9,47.4,9,10,佐野遥久,51,ダ,1200,良
2022106250,スカイリスト,2026-06-22,金沢,11,B13,10,5,5,2.5,2,1,吉原寛人,55,ダ,1400,不
2022106250,スカイリスト,2026-06-02,金沢,10,もりもり食べよう加賀(B2特別),9,1,1,1.1,1,1,吉原寛人,55,ダ,1500,良
2022106250,スカイリスト,2026-05-17,金沢,7,加茂直樹!昇進バンザ(B2),11,8,11,3.3,3,1,吉原寛人,55,ダ,1500,良
2022106250,スカイリスト,2026-04-21,金沢,8,B25,10,6,6,2.3,1,9,吉原寛人,55,ダ,1500,重
2022106250,スカイリスト,2026-03-11,船橋,3,C2二 三,11,2,2,11.4,2,9,吉原寛人,54,ダ,1500,良
2022106250,スカイリスト,2026-02-25,浦和,4,「ハイキングのまち」(C2),12,8,12,3.7,2,4,吉原寛人,54,ダ,1500,重
2022106250,スカイリスト,2026-02-12,船橋,3,C2六 七八 ア(C2七),12,7,9,3.8,2,2,張田昂,54,ダ,1500,良
2022106250,スカイリスト,2026-01-23,船橋,7,馬い!野菜はたがやす(C2八),13,2,2,1.7,1,2,張田昂,54,ダ,1500,良
2022106250,スカイリスト,2025-12-08,船橋,5,3歳 選抜馬,12,6,8,3.2,1,2,張田昂,54,ダ,1500,良
2022106250,スカイリスト,2025-11-04,金沢,6,C22 特別編成(C2特別),10,7,7,1.9,1,1,栗原大河,55,ダ,1500,重
2022106250,スカイリスト,2025-10-19,金沢,6,C211,7,7,7,2.0,1,1,吉原寛人,55,ダ,1500,重
2022106250,スカイリスト,2025-09-13,中山,12,3歳以上1勝クラス,16,2,4,249.1,13,15,吉田豊,53,芝,2000,稍
2022106250,スカイリスト,2025-07-13,福島,2,3歳未勝利,15,8,15,32.6,8,9,吉田豊,55,ダ,1700,良
2022106250,スカイリスト,2025-06-21,東京,1,3歳未勝利,16,4,8,171.7,12,4,吉田豊,55,ダ,1600,良
2022106250,スカイリスト,2025-05-11,東京,1,3歳未勝利,14,8,13,222.2,12,6,松岡正海,55,ダ,1600,稍
2022106250,スカイリスト,2025-04-20,中山,4,3歳未勝利,16,6,12,426.1,15,16,松岡正海,55,芝,2000,良
2022106250,スカイリスト,2025-01-25,中山,12,3歳未勝利,16,1,1,207.3,16,13,原田和真,55,芝,1600,良
2022106262,アースノイド,2026-03-10,名古屋,12,前ケ須街道特別(B),11,2,2,2.2,1,6,塚本征吾,57,ダ,1700,良
2022106262,アースノイド,2026-02-25,名古屋,8,B4組,10,6,6,1.9,1,1,塚本征吾,57,ダ,1500,不
2022106262,アースノイド,2025-10-29,名古屋,8,B5組,11,8,11,1.0,1,1,塚本征吾,57,ダ,1500,良
2022106262,アースノイド,2025-10-17,名古屋,9,乳岩峡特別(C),12,6,8,1.1,1,1,塚本征吾,57,ダ,1400,稍
2022106262,アースノイド,2025-10-01,名古屋,7,3歳2組,12,8,11,1.9,1,1,塚本征吾,57,ダ,1500,良
2022106262,アースノイド,2025-09-17,名古屋,7,3歳3組,12,6,7,6.6,5,1,塚本征吾,57,ダ,1500,良
2022106262,アースノイド,2025-08-20,名古屋,6,亀島さん還暦おめでと(3歳),12,4,4,2.1,1,3,塚本征吾,57,ダ,1500,良
2022106262,アースノイド,2025-07-19,小倉,2,3歳未勝利,14,3,4,10.2,5,9,秋山稔樹,57,ダ,1000,重
2022106262,アースノイド,2025-05-10,東京,3,3歳未勝利,15,2,2,10.9,3,9,柴田裕一,54,ダ,1600,重
2022106262,アースノイド,2025-04-19,阪神,2,3歳未勝利,16,5,9,3.9,2,6,吉村誠之,56,ダ,1200,良
2022106262,アースノイド,2025-03-22,阪神,3,3歳未勝利,16,4,8,19.9,6,5,長岡禎仁,57,ダ,1400,良
2022106262,アースノイド,2025-03-02,阪神,2,3歳未勝利,16,1,1,67.3,9,6,吉村誠之,55,ダ,1400,良
2022106262,アースノイド,2024-12-14,京都,1,2歳未勝利,15,6,11,20.6,7,5,川又賢治,56,ダ,1200,良
2022106262,アースノイド,2024-11-30,京都,2,2歳未勝利,13,8,12,44.4,10,6,川又賢治,56,ダ,1400,稍
2022106262,アースノイド,2024-11-17,京都,4,2歳新馬,12,5,5,16.1,5,3,西村淳也,56,ダ,1200,良
2022106352,スターティングナウの競走成績,2025-10-05,大井,5,C217 18,14,4,6,1.5,1,1,矢野貴之,56,ダ,1200,良
2022106352,スターティングナウの競走成績,2025-09-15,大井,4,3歳十 11,13,5,7,1.6,1,1,矢野貴之,56,ダ,1200,稍
2022106352,スターティングナウの競走成績,2025-08-11,大井,2,3歳十 11,14,8,13,1.6,1,3,安藤洋一,56,ダ,1200,不
2022106373,カルサパラストリス,2026-08-13,大井,6,エバ・グリーン賞(C2),12,6,8,6.8,3,2,中山遥人,55,ダ,1600,不
2022106373,カルサパラストリス,2026-07-24,大井,1,C3一,15,5,9,9.1,4,2,中山遥人,55,ダ,1800,良
2022106373,カルサパラストリス,2026-07-01,大井,4,C2八 九,14,4,5,5.8,3,5,中山遥人,55,ダ,1600,稍
2022106373,カルサパラストリス,2026-06-09,大井,4,C2九 十11(C2十),10,4,4,25.0,8,5,中山遥人,55,ダ,1600,不
2022106373,カルサパラストリス,2026-05-18,大井,5,C211 1213(C212),12,7,10,7.8,4,7,中山遥人,55,ダ,1600,良
2022106373,カルサパラストリス,2026-04-29,大井,1,C3二 三,8,6,6,14.5,6,1,中山遥人,55,ダ,1600,稍
2022106373,カルサパラストリス,2026-04-16,大井,1,C3一 二三(C3二),14,7,11,70.2,9,4,中山遥人,55,ダ,1600,不
2022106373,カルサパラストリス,2026-03-26,大井,1,C3二 三四(C3三),13,7,10,211.7,12,4,中山遥人,55,ダ,1600,不
2022106373,カルサパラストリス,2026-03-11,大井,2,C3三 四,12,5,6,59.2,10,11,藤田凌,56,ダ,1200,良
2022106373,カルサパラストリス,2026-02-18,大井,2,C3四 五,13,4,5,231.7,13,12,藤田凌,56,ダ,1600,稍
2022106373,カルサパラストリス,2026-01-29,大井,2,C3一 二三(C3二),14,2,2,203.5,14,11,西啓太,56,ダ,1600,良
2022106373,カルサパラストリス,2026-01-14,大井,1,C3四 五,13,3,3,89.8,7,9,福原杏,56,ダ,1600,良
2022106373,カルサパラストリス,2025-12-31,大井,1,3歳一 二,11,2,2,24.6,6,5,藤本現暉,56,ダ,1600,稍
2022106373,カルサパラストリス,2025-12-04,大井,1,3歳四 五,10,4,4,85.1,7,3,藤田凌,56,ダ,1600,良
2022106373,カルサパラストリス,2025-06-10,大井,5,3歳十 11,13,6,9,182.0,10,13,藤田凌,56,ダ,1200,稍
2022106373,カルサパラストリス,2025-05-20,大井,3,3歳12 13,11,5,5,61.5,7,8,藤田凌,56,ダ,1200,稍
2022106373,カルサパラストリス,2025-04-28,大井,5,3歳13 14,12,8,13,21.4,7,11,野畑凌,56,ダ,1400,稍
2022106373,カルサパラストリス,2025-04-14,大井,6,3歳13 14,10,6,7,4.5,2,3,藤田凌,56,ダ,1200,不
2022106373,カルサパラストリス,2025-03-24,大井,7,3歳12 13,15,7,12,79.6,11,5,藤田凌,56,ダ,1200,良
2022106373,カルサパラストリス,2025-03-11,大井,5,3歳11 1213(3歳12),11,7,9,137.5,8,7,福原杏,56,ダ,1200,重
2022106373,カルサパラストリス,2025-02-18,大井,4,古川賞(3歳),11,2,2,,,取,藤田凌,56,ダ,1200,良
2022106373,カルサパラストリス,2025-01-27,大井,6,3歳12 13,12,5,5,32.0,7,4,西啓太,56,ダ,1200,良
2022106373,カルサパラストリス,2025-01-14,大井,6,3歳12 13,11,1,1,106.5,8,6,藤田凌,56,ダ,1200,稍
2022106373,カルサパラストリス,2024-12-25,大井,2,2歳11 12,12,1,1,265.6,10,10,藤田凌,55,ダ,1200,良
2022106373,カルサパラストリス,2024-12-02,大井,2,2歳 新馬,8,7,7,63.7,8,8,藤本現暉,55,ダ,1600,良
2022106414,ジーニーキック,2026-09-02,大井,6,C2六 七,14,8,14,21.8,8,10,吉井章,56,ダ,1600,良
2022106414,ジーニーキック,2026-08-14,大井,3,C2六 七八(C2七),13,4,4,10.0,7,4,矢野貴之,56,ダ,1600,不
2022106414,ジーニーキック,2026-07-21,大井,6,C2九 十,13,6,9,29.3,8,4,吉井章,56,ダ,1600,良
2022106414,ジーニーキック,2026-04-16,大井,12,かに座特別競走(C2),10,1,1,5.5,4,4,矢野貴之,56,ダ,1650,不
2022106414,ジーニーキック,2026-03-25,大井,4,C2七 八九(C2八),12,2,2,45.8,7,9,和田譲治,56,ダ,1600,良
2022106414,ジーニーキック,2026-03-12,大井,7,C2六 七,11,6,6,9.8,5,8,和田譲治,56,ダ,1600,良
2022106414,ジーニーキック,2026-02-19,大井,8,C2五 六七(C2六),13,4,5,9.1,3,6,石川倭,56,ダ,1600,良
2022106414,ジーニーキック,2026-01-29,大井,6,C2六 七,9,2,2,18.7,6,4,石川倭,56,ダ,1600,良
2022106414,ジーニーキック,2026-01-15,大井,6,C2六 七,14,8,13,2.9,1,7,矢野貴之,56,ダ,1600,良
2022106414,ジーニーキック,2025-12-25,大井,7,C215 1617(C216),14,2,2,3.5,2,1,矢野貴之,56,ダ,1600,重
2022106414,ジーニーキック,2025-11-10,盛岡,9,B2一組,12,5,6,45.6,7,3,菅原辰徳,56,ダ,1600,稍
2022106414,ジーニーキック,2025-10-26,盛岡,9,B2一組,9,2,2,9.4,4,3,菅原辰徳,56,ダ,1600,稍
2022106414,ジーニーキック,2025-10-14,盛岡,11,ペガスス賞(B2),11,8,11,49.7,8,3,鈴木祐,56,ダ,1600,良
2022106414,ジーニーキック,2025-09-28,水沢,11,マリーゴールド賞(B2),10,1,1,6.7,3,8,菅原辰徳,56,ダ,1600,良
2022106414,ジーニーキック,2025-09-15,水沢,8,3歳B2一組,11,6,7,7.1,2,2,菅原辰徳,56,ダ,1400,稍
2022106414,ジーニーキック,2025-09-02,盛岡,6,おトクにPLAYオッ(3歳B2),12,6,7,35.3,4,3,菅原辰徳,56,ダ,1400,稍
2022106414,ジーニーキック,2025-08-18,盛岡,7,3歳B2,10,6,6,20.8,5,1,菅原辰徳,56,ダ,1400,稍
2022106414,ジーニーキック,2025-08-04,盛岡,8,3歳C1一組,11,6,7,10.9,6,6,菅原辰徳,56,ダ,1400,良
2022106414,ジーニーキック,2025-07-20,盛岡,10,やまびこ賞(重賞),11,1,1,89.1,8,9,及川裕一,56,ダ,1800,良
2022106414,ジーニーキック,2025-07-07,盛岡,9,3歳B2,11,7,9,11.1,4,6,及川裕一,56,ダ,1400,良
2022106414,ジーニーキック,2025-06-23,水沢,7,3歳B2二組,11,6,6,3.8,2,7,及川裕一,56,ダ,1400,稍
2022106414,ジーニーキック,2024-11-06,門別,2,2歳未勝利,12,8,11,1.1,1,1,石川倭,56,ダ,1700,良
2022106414,ジーニーキック,2024-10-24,門別,1,2歳未勝利,7,2,2,1.7,1,2,石川倭,56,ダ,1700,重
2022106414,ジーニーキック,2024-10-09,門別,3,2歳未勝利,8,8,8,3.8,2,2,石川倭,56,ダ,1700,稍
2022106414,ジーニーキック,2024-09-26,門別,2,2歳未勝利,12,5,6,2.6,1,3,石川倭,56,ダ,1700,良
2022106414,ジーニーキック,2024-09-12,門別,2,2歳未勝利,12,6,7,1.6,1,3,石川倭,55,ダ,1700,良
2022106414,ジーニーキック,2024-08-29,門別,1,2歳未勝利,10,8,10,27.9,5,2,石川倭,55,ダ,1700,稍
2022106414,ジーニーキック,2024-08-15,門別,1,2歳未勝利,12,3,3,64.9,10,8,桑村真明,55,ダ,1200,稍
2022106414,ジーニーキック,2024-08-01,門別,4,JRA認定競走フレッ(2歳),8,5,5,8.8,3,5,石川倭,55,ダ,1100,稍
2022106461,ミネノブルー,2026-04-17,大井,8,バンブー賞(C2五),14,3,4,22.3,8,8,和田譲治,56,ダ,1400,重
2022106461,ミネノブルー,2026-03-27,大井,4,C2四 五六(C2五),6,2,2,19.0,4,3,和田譲治,56,ダ,1600,重
2022106461,ミネノブルー,2026-03-13,大井,5,C2三 四五(C2四),14,8,13,67.1,7,6,和田譲治,56,ダ,1400,良
2022106461,ミネノブルー,2026-02-20,大井,8,C2二 三四(C2三),13,7,11,27.7,5,7,和田譲治,56,ダ,1400,良
2022106461,ミネノブルー,2026-01-30,大井,6,C2三 四五(C2四),14,5,7,17.5,4,5,和田譲治,56,ダ,1400,良
2022106461,ミネノブルー,2025-12-26,大井,5,C212 1314(C213),14,6,10,14.3,5,1,和田譲治,56,ダ,1200,重
2022106461,ミネノブルー,2025-12-03,大井,8,モンタナ賞(C2十),15,8,14,31.9,6,6,和田譲治,56,ダ,1200,良
2022106461,ミネノブルー,2025-10-28,門別,9,サザンカ特別(C2),12,7,9,54.0,8,7,松井伸也,57,ダ,1000,稍
2022106461,ミネノブルー,2025-10-14,門別,10,グランシャリオドリー(C2),12,6,7,21.7,5,8,松井伸也,57,ダ,1000,稍
2022106461,ミネノブルー,2025-09-25,門別,7,3歳以上C3ー2C4,11,8,12,7.6,4,1,松井伸也,57,ダ,1000,不
2022106461,ミネノブルー,2025-09-11,門別,11,新冠町軽種馬生産振興(C3),11,1,1,4.3,3,4,松井伸也,57,ダ,1000,良
2022106461,ミネノブルー,2025-08-28,門別,9,アルーダ日高西部賞(C3),12,7,10,74.9,10,2,松井伸也,57,ダ,1000,良
2022106461,ミネノブルー,2025-08-13,門別,9,3歳以上C3ー2C4,10,6,6,120.0,9,9,松井伸也,57,ダ,1200,良
2022106461,ミネノブルー,2025-06-30,船橋,2,3歳四,9,6,6,38.4,7,9,木間塚龍,56,ダ,1200,良
2022106461,ミネノブルー,2025-06-24,浦和,1,ランチタイムチャレン(3歳),12,2,2,33.8,7,9,木間塚龍,56,ダ,1400,良
2022106461,ミネノブルー,2025-06-02,船橋,4,3歳三,11,6,7,11.4,5,8,野畑凌,56,ダ,1200,稍
2022106461,ミネノブルー,2025-03-10,船橋,1,3歳四,8,4,4,2.9,2,4,澤田龍哉,56,ダ,1200,稍
2022106461,ミネノブルー,2025-02-25,浦和,4,3歳四,12,2,2,13.4,5,6,福原杏,56,ダ,1400,良
2022106461,ミネノブルー,2025-02-11,船橋,2,3歳四,12,6,7,4.7,2,3,矢野貴之,56,ダ,1200,良
2022106461,ミネノブルー,2025-01-20,船橋,3,3歳 181P,12,7,10,5.3,2,11,福原杏,56,ダ,1500,稍
2022106461,ミネノブルー,2024-12-17,船橋,1,2歳五,8,5,5,6.0,2,2,福原杏,55,ダ,1200,良
2022106461,ミネノブルー,2024-11-28,船橋,4,2歳四,11,1,1,33.2,7,5,福原杏,55,ダ,1200,稍
2022106461,ミネノブルー,2024-11-01,船橋,3,ユーカリデビュー(2歳),8,3,3,15.5,4,4,木間塚龍,54,ダ,1000,稍
2022106468,グラスグリード,2026-08-15,大井,9,サマーバケーション賞(B3),14,2,2,1.8,1,1,笹川翼,56,ダ,1400,稍
2022106468,グラスグリード,2026-07-24,大井,11,東京スポーツ賞競走(B3),16,5,10,5.1,2,2,笹川翼,56,ダ,1400,良
2022106468,グラスグリード,2026-07-03,大井,12,潮見坂賞競走(B3),13,4,4,4.2,2,4,笹川翼,56,ダ,1400,不
2022106468,グラスグリード,2026-05-21,大井,6,C1二 三四(C1三),12,4,4,1.6,1,1,笹川翼,56,ダ,1400,稍
2022106468,グラスグリード,2026-04-29,大井,8,シャムロック賞(C1七),14,4,5,2.4,1,1,笹川翼,56,ダ,1400,稍
2022106468,グラスグリード,2026-04-15,大井,7,C1六 七,12,5,6,3.3,2,2,笹川翼,56,ダ,1600,良
2022106468,グラスグリード,2026-03-25,大井,8,ロイヤル・フィズ賞(C1),13,4,4,4.5,2,2,江里口裕,56,ダ,1600,良
2022106468,グラスグリード,2026-03-13,大井,4,八ツ瀬川賞(C2四),12,5,6,4.2,2,3,江里口裕,56,ダ,1600,良
2022106468,グラスグリード,2026-02-19,大井,8,C2五 六七(C2六),13,7,12,19.9,5,1,江里口裕,56,ダ,1600,良
2022106468,グラスグリード,2026-01-29,大井,6,C2六 七,9,8,9,9.1,2,6,御神本訓,56,ダ,1600,良
2022106468,グラスグリード,2026-01-15,大井,6,C2六 七,14,1,1,3.4,2,4,御神本訓,56,ダ,1600,良
2022106468,グラスグリード,2025-12-29,大井,5,C2九 十11(C2十),14,3,3,3.2,1,5,矢野貴之,56,ダ,1400,重
2022106468,グラスグリード,2025-12-04,大井,3,C2七 八,14,3,3,1.5,1,5,矢野貴之,56,ダ,1600,良
2022106468,グラスグリード,2025-06-15,東京,3,3歳未勝利,16,8,16,3.9,2,2,木幡巧也,57,ダ,1600,重
2022106468,グラスグリード,2025-05-25,東京,2,3歳未勝利,16,5,10,125.0,11,3,木幡巧也,57,ダ,1600,不
2022106468,グラスグリード,2025-03-09,中山,3,3歳未勝利,16,6,12,25.2,5,中,佐々木大,57,ダ,1800,重
2022106468,グラスグリード,2025-02-22,東京,3,3歳未勝利,16,3,6,123.5,13,6,木幡巧也,57,ダ,1600,良
2022106481,ヒロノキラメキ,2026-08-16,大井,1,C3三 四,14,7,11,175.9,14,13,石川駿介,56,ダ,1600,重
2022106481,ヒロノキラメキ,2026-07-22,大井,2,C3四 五,16,4,7,179.4,16,16,鷹見陸,56,ダ,1200,良
2022106481,ヒロノキラメキ,2026-06-30,大井,6,C2十 1112(C211),14,7,11,326.9,12,8,中村尚平,56,ダ,1200,重
2022106481,ヒロノキラメキ,2026-06-08,大井,8,C212 1314(C213),12,1,1,136.9,9,5,中村尚平,56,ダ,1400,不
2022106481,ヒロノキラメキ,2026-05-18,大井,6,C211 1213(C212),14,5,7,126.4,9,8,中村尚平,56,ダ,1400,良
2022106481,ヒロノキラメキ,2026-04-27,大井,8,ラスティ・ネイル賞(C213),14,5,8,358.2,14,5,中村尚平,56,ダ,1400,不
2022106481,ヒロノキラメキ,2026-04-13,大井,8,ビアーグルト賞(C214),12,5,5,280.2,11,9,江里口裕,56,ダ,1600,良
2022106481,ヒロノキラメキ,2026-03-23,大井,6,C215 16,12,5,5,171.8,12,9,江里口裕,56,ダ,1600,良
2022106481,ヒロノキラメキ,2026-03-09,大井,10,C213 1415(C214),13,6,9,410.9,12,8,瀬川将輝,56,ダ,1400,稍
2022106481,ヒロノキラメキ,2026-02-16,大井,6,C215 16,13,6,8,261.6,10,11,江里口裕,56,ダ,1600,良
2022106481,ヒロノキラメキ,2026-01-26,大井,6,C216 17,12,1,1,368.1,11,9,江里口裕,56,ダ,1600,良
2022106481,ヒロノキラメキ,2026-01-12,大井,8,C215 16,13,6,8,273.4,12,13,桑村真明,56,ダ,1600,良
2022106481,ヒロノキラメキ,2025-11-18,笠松,2,C15組,12,6,7,28.9,6,3,森島貴之,57,ダ,1400,良
2022106481,ヒロノキラメキ,2025-11-05,笠松,6,C17組,10,3,3,84.4,8,3,明星晴大,56,ダ,1400,良
2022106481,ヒロノキラメキ,2025-10-21,笠松,7,C22組,10,7,8,254.6,10,5,森島貴之,57,ダ,1400,良
2022106481,ヒロノキラメキ,2025-10-09,笠松,2,耕輔&amp;由紀恵結婚66(C),8,8,8,315.7,8,6,明星晴大,56,ダ,1400,良
2022106481,ヒロノキラメキ,2025-09-25,笠松,7,秋彼岸賞(3歳),9,2,2,139.0,9,5,明星晴大,56,ダ,1600,良
2022106481,ヒロノキラメキ,2025-09-10,笠松,8,細久手宿特別(3歳),9,3,3,287.6,9,9,森島貴之,57,ダ,1400,良
2022106481,ヒロノキラメキ,2025-08-27,笠松,8,3歳3組,9,5,5,62.6,8,9,森島貴之,57,ダ,1400,良
2022106481,ヒロノキラメキ,2025-08-11,笠松,9,蛍光賞(3歳),9,1,1,78.9,9,8,東川慎,57,ダ,1400,不
2022106481,ヒロノキラメキ,2025-06-12,笠松,9,飛騨川賞(3歳),10,2,2,17.3,7,7,明星晴大,56,ダ,1600,稍
2022106481,ヒロノキラメキ,2025-06-02,笠松,3,祝!あやちゃん入学記(3歳),12,5,6,9.6,5,1,明星晴大,56,ダ,1400,良
2022106481,ヒロノキラメキ,2025-05-14,笠松,2,ハル飯田、笠松に登場(3歳),8,1,1,6.6,4,4,明星晴大,56,ダ,1400,良
2022106481,ヒロノキラメキ,2025-05-01,笠松,2,3歳5組,5,5,5,6.4,2,2,明星晴大,56,ダ,1400,良
2022106481,ヒロノキラメキ,2025-04-17,笠松,2,3歳4組,8,3,3,10.6,4,6,明星晴大,55,ダ,1400,良
2022106481,ヒロノキラメキ,2025-04-03,笠松,6,3歳4組,8,1,1,27.9,5,4,明星晴大,55,ダ,1400,良
2022106481,ヒロノキラメキ,2025-03-21,笠松,3,ありがとう、笠松(3歳),10,8,9,19.8,6,7,明星晴大,54,ダ,1400,良
2022106481,ヒロノキラメキ,2025-03-07,笠松,2,3歳未勝利,7,2,2,4.9,3,4,森島貴之,56,ダ,1400,良
2022106481,ヒロノキラメキ,2025-02-20,笠松,2,3歳5組,7,5,5,7.2,2,2,東川慎,56,ダ,1400,良
2022106481,ヒロノキラメキ,2025-01-23,笠松,3,3歳4組,8,6,6,48.6,8,7,森島貴之,56,ダ,1400,良
2022106481,ヒロノキラメキ,2025-01-09,笠松,2,3歳3組,7,1,1,4.2,2,3,明星晴大,54,ダ,1400,良
2022106481,ヒロノキラメキ,2024-12-31,笠松,3,2歳4組,8,8,8,14.6,5,4,明星晴大,53,ダ,1400,良
2022106481,ヒロノキラメキ,2024-12-13,笠松,4,2歳2組,8,7,7,45.7,6,6,森島貴之,55,ダ,1400,良
2022106481,ヒロノキラメキ,2024-11-07,笠松,9,立冬特別(2歳・),10,8,10,132.3,9,中,明星晴大,52,ダ,1600,良
2022106481,ヒロノキラメキ,2024-10-24,笠松,1,笠松デビュー馬未勝利(2歳),7,1,1,12.8,4,3,明星晴大,52,ダ,800,良
2022106481,ヒロノキラメキ,2024-10-09,笠松,1,笠松デビュー馬未勝利(2歳),6,4,4,2.4,2,2,明星晴大,52,ダ,1400,重
2022106481,ヒロノキラメキ,2024-09-23,笠松,9,第39回畜産フェア特(2歳),6,1,1,41.7,5,4,明星晴大,52,ダ,1400,良
2022106481,ヒロノキラメキ,2024-09-12,笠松,1,笠松デビュー馬未勝利(2歳),5,4,4,49.2,5,5,明星晴大,52,ダ,1400,良
2022106481,ヒロノキラメキ,2024-08-30,笠松,4,2歳新馬,7,4,4,30.7,6,4,明星晴大,52,ダ,800,重
2022106518,マンノミューズ,2026-07-30,名古屋,7,南陽賞(C),11,4,4,3.7,3,5,丸野勝虎,55,ダ,1400,良
2022106518,マンノミューズ,2026-05-08,名古屋,4,C3組,10,7,7,2.8,1,5,丸野勝虎,55,ダ,1500,稍
2022106518,マンノミューズ,2026-04-13,名古屋,5,C5組,9,4,4,10.8,3,4,丸野勝虎,55,ダ,1500,良
2022106518,マンノミューズ,2026-03-13,名古屋,8,明日から開催!第1回(B),10,6,6,11.7,5,5,丸野勝虎,55,ダ,1500,良
2022106518,マンノミューズ,2026-01-19,名古屋,7,B11組,11,7,9,2.2,1,4,丸野勝虎,55,ダ,1500,良
2022106518,マンノミューズ,2025-12-24,名古屋,6,C2組,11,6,6,2.0,1,2,丸野勝虎,55,ダ,1500,不
2022106518,マンノミューズ,2025-11-26,名古屋,7,C2組,12,5,6,8.2,3,4,丸野勝虎,55,ダ,1700,良
2022106518,マンノミューズ,2025-10-30,名古屋,7,C8組,12,8,12,1.1,1,1,丸野勝虎,55,ダ,1500,良
2022106518,マンノミューズ,2025-10-01,名古屋,5,3歳4組,12,2,2,7.4,4,1,丸野勝虎,55,ダ,1400,良
2022106518,マンノミューズ,2025-08-31,中京,2,3歳未勝利,16,3,5,70.7,12,13,角田大和,55,ダ,1800,良
2022106518,マンノミューズ,2025-08-03,中京,4,3歳未勝利,16,7,14,52.0,9,6,角田大和,55,ダ,1900,良
2022106518,マンノミューズ,2025-06-17,名古屋,10,名古屋CCピーチ賞(3歳),12,4,4,2.7,1,7,角田大和,55,ダ,1500,稍
2022106518,マンノミューズ,2025-04-26,福島,1,3歳未勝利,15,3,4,10.3,3,9,角田大和,55,ダ,1700,良
2022106518,マンノミューズ,2025-03-30,中京,1,3歳未勝利,12,6,8,11.1,6,4,角田大和,55,ダ,1800,稍
2022106518,マンノミューズ,2025-03-15,中京,1,3歳未勝利,16,4,8,8.7,4,5,角田大和,55,ダ,1800,良
2022106518,マンノミューズ,2024-12-07,中京,1,2歳未勝利,10,8,10,37.3,3,3,角田大和,55,ダ,1800,良
2022106518,マンノミューズ,2024-11-16,京都,6,2歳新馬,16,3,6,164.8,14,6,菱田裕二,55,ダ,1800,良
2022106519,アイルルイーズ,2026-05-18,大井,7,C211 1213(C212),13,5,7,1.1,1,2,藤田凌,54,ダ,1200,良
2022106519,アイルルイーズ,2026-04-28,大井,2,C3四 五,13,8,14,1.0,1,1,藤田凌,54,ダ,1200,不
2022106519,アイルルイーズ,2025-07-14,大井,2,3歳11 12,9,7,8,1.4,1,1,藤田凌,54,ダ,1400,稍
2022106530,コンゴウ,2026-08-31,大井,7,C2八 九十(C2九),13,8,12,36.4,9,11,西啓太,56,ダ,1600,良
2022106530,コンゴウ,2026-08-14,大井,5,C2六 七八(C2七),14,6,9,12.2,5,10,西啓太,56,ダ,1200,不
2022106530,コンゴウ,2026-07-20,大井,10,C211 1213(C212),14,3,3,9.0,4,12,西啓太,56,ダ,1200,良
2022106530,コンゴウ,2025-12-25,大井,9,C215 1617(C216),14,2,2,17.6,9,1,西啓太,56,ダ,1200,重
2022106530,コンゴウ,2025-08-26,門別,7,JAにいかっぷピーマ(C4),12,6,8,3.5,1,9,落合玄太,57,ダ,1000,良
2022106530,コンゴウ,2025-08-07,門別,7,3歳以上C4ー2,9,8,8,2.5,1,6,落合玄太,57,ダ,1000,稍
2022106530,コンゴウ,2025-07-24,門別,5,3歳以上C4ー2,9,8,8,1.8,1,4,落合玄太,57,ダ,1000,良
2022106530,コンゴウ,2025-07-01,門別,6,どさんこ内藤賞(C4),9,1,1,1.5,1,2,落合玄太,57,ダ,1000,良
2022106530,コンゴウ,2025-06-19,門別,7,3歳以上C4ー3,12,3,3,1.5,1,3,落合玄太,57,ダ,1000,良
2022106530,コンゴウ,2025-06-04,門別,1,3歳以上C4ー4,12,3,3,2.0,1,1,落合玄太,57,ダ,1000,重
2022106530,コンゴウ,2025-05-22,門別,5,DOスカイオンデマン(3歳),9,6,6,7.0,3,6,落合玄太,57,ダ,1000,良
2022106530,コンゴウ,2024-09-24,門別,2,2歳未勝利,11,3,3,1.7,1,1,落合玄太,56,ダ,1000,良
2022106530,コンゴウ,2024-09-11,門別,3,2歳未勝利,12,5,5,2.9,2,3,服部茂史,55,ダ,1000,良
2022106530,コンゴウ,2024-08-27,門別,2,2歳未勝利,9,7,7,1.6,1,2,服部茂史,55,ダ,1000,不
2022106530,コンゴウ,2024-08-06,門別,2,みついし優駿賞(2歳),9,4,4,5.2,2,2,服部茂史,55,ダ,1000,稍
2022106530,コンゴウ,2024-07-25,門別,1,2歳未勝利,12,6,7,1.9,1,3,服部茂史,55,ダ,1000,良
2022106530,コンゴウ,2024-07-04,門別,2,2歳未勝利,12,5,5,4.3,2,6,服部茂史,55,ダ,1100,稍
2022106530,コンゴウ,2024-06-11,門別,4,JRA認定競走アタッ(2歳),8,6,6,1.8,1,3,服部茂史,55,ダ,1000,稍
2022106530,コンゴウ,2024-05-30,門別,4,JRA認定競走フレッ(2歳),9,4,4,2.4,1,2,服部茂史,55,ダ,1000,良
2022106573,ピエナイオス,2026-03-24,大井,2,C3五 六,14,3,4,24.8,6,6,岡村健司,54,ダ,1200,良
2022106573,ピエナイオス,2026-03-11,大井,2,C3三 四,12,3,3,3.4,1,6,杉山海波,51,ダ,1200,良
2022106573,ピエナイオス,2026-01-27,大井,1,C3六 七,14,3,4,5.3,4,2,岡村健司,54,ダ,1200,良
2022106573,ピエナイオス,2026-01-12,大井,3,C3八 九,15,1,1,14.5,4,3,岡村健司,54,ダ,1200,良
2022106573,ピエナイオス,2025-11-21,名古屋,5,C12組,12,2,2,27.9,6,7,細川智史,55,ダ,1500,良
2022106573,ピエナイオス,2025-11-11,名古屋,7,C16組,11,6,7,8.7,3,5,大畑慧悟,55,ダ,1500,稍
2022106573,ピエナイオス,2025-10-30,名古屋,2,C13組,12,5,6,9.8,4,5,大畑慧悟,55,ダ,1500,良
2022106573,ピエナイオス,2025-10-16,名古屋,1,C13組,12,8,11,23.2,7,4,細川智史,55,ダ,920,重
2022106573,ピエナイオス,2025-09-30,名古屋,8,3歳7組,12,1,1,47.2,7,3,小笠原羚,51,ダ,1500,良
2022106573,ピエナイオス,2025-09-17,名古屋,3,3歳6組,12,3,3,48.0,6,11,友森翔太,55,ダ,1500,良
2022106573,ピエナイオス,2025-08-20,名古屋,2,名古屋モーニングフィ(3歳),11,6,7,7.1,3,9,宮下瞳,53,ダ,1500,良
2022106573,ピエナイオス,2025-07-21,名古屋,2,名古屋モーニングフィ(3歳),11,8,11,12.3,4,4,丸山真一,55,ダ,1500,良
2022106573,ピエナイオス,2025-07-08,名古屋,4,八宇子さん誕生日記念(3歳),12,1,1,62.3,8,4,丸山真一,55,ダ,1700,良
2022106573,ピエナイオス,2025-06-27,名古屋,1,3歳12組,11,1,1,15.5,7,1,細川智史,55,ダ,920,重
2022106573,ピエナイオス,2025-06-18,名古屋,2,3歳11組,12,5,6,51.8,10,9,丸山真一,55,ダ,1500,良
2022106573,ピエナイオス,2025-06-06,名古屋,2,3歳9組,11,8,11,,,除,丸山真一,55,ダ,1500,良
2022106573,ピエナイオス,2025-05-04,京都,3,3歳未勝利,18,7,13,742.3,18,17,森田誠也,52,芝,1400,良
2022106573,ピエナイオス,2025-02-22,京都,4,3歳新馬,15,5,9,94.5,15,14,吉村誠之,53,ダ,1400,良
2022106581,グリューネベルグ,2026-08-17,大井,6,ミント・フラッペ賞(C2四),12,7,9,3.7,1,7,笹川翼,54,ダ,1600,稍
2022106581,グリューネベルグ,2025-12-31,大井,5,C2四 五六(C2五),14,6,10,2.4,1,2,本田正重,54,ダ,1400,稍
2022106581,グリューネベルグ,2025-12-04,大井,5,C2五 六,13,7,11,1.4,1,1,本田正重,54,ダ,1600,良
2022106581,グリューネベルグ,2025-11-12,大井,4,C2九 十11(C2十),13,5,7,2.7,1,2,本田正重,54,ダ,1600,稍
2022106581,グリューネベルグ,2025-08-19,浦和,9,ツインサマー特別(3歳),12,2,2,2.5,1,4,原優介,54,ダ,1400,稍
2022106581,グリューネベルグ,2025-05-18,新潟,2,3歳未勝利,15,4,7,7.4,4,4,丹内祐次,55,ダ,1200,稍
2022106581,グリューネベルグ,2025-03-08,中山,1,3歳未勝利,16,4,8,2.0,1,8,丹内祐次,55,ダ,1200,重
2022106581,グリューネベルグ,2025-01-05,中山,1,3歳未勝利,16,2,3,12.0,6,2,丹内祐次,55,ダ,1200,良
2022106581,グリューネベルグ,2024-10-14,東京,4,2歳新馬,16,6,12,17.4,7,7,シュタル,55,ダ,1400,良
2022106628,ヴォルクメア,2026-09-03,大井,12,うお座特別競走(C1),10,5,5,70.4,9,10,Ｆ．ゴン,54,ダ,1650,良
2022106628,ヴォルクメア,2026-08-14,大井,6,チチ賞(C1),11,7,9,39.3,7,11,藤本現暉,54,ダ,1600,不
2022106628,ヴォルクメア,2026-07-23,大井,10,大暑特別競走(C1),14,6,10,54.6,10,8,藤本現暉,54,ダ,2400,良
2022106628,ヴォルクメア,2026-07-02,大井,12,海王星特別競走(C1),14,8,13,18.8,5,14,藤本現暉,54,ダ,1650,不
2022106628,ヴォルクメア,2026-05-09,東京,7,4歳以上1勝クラス,14,4,5,69.3,11,13,三浦皇成,56,ダ,2100,良
2022106628,ヴォルクメア,2026-03-21,阪神,7,4歳以上1勝クラス,11,8,10,50.8,8,5,幸英明,56,ダ,1800,良
2022106628,ヴォルクメア,2026-03-14,阪神,6,4歳以上1勝クラス,13,4,5,33.0,8,10,吉村誠之,56,ダ,1800,良
2022106628,ヴォルクメア,2026-02-10,京都,7,4歳以上1勝クラス,8,8,8,62.7,7,5,荻野極,55,ダ,1800,良
2022106628,ヴォルクメア,2026-02-01,小倉,7,4歳以上1勝クラス,15,5,9,17.5,8,15,田山旺佑,52,ダ,1700,良
2022106628,ヴォルクメア,2025-07-05,小倉,2,3歳未勝利,16,8,15,27.5,11,1,田口貫太,55,ダ,1700,良
2022106628,ヴォルクメア,2025-04-12,阪神,1,3歳未勝利,16,2,4,8.1,4,11,田山旺佑,52,ダ,1800,良
2022106628,ヴォルクメア,2025-03-15,中京,1,3歳未勝利,16,7,14,6.8,3,4,田山旺佑,52,ダ,1800,良
2022106628,ヴォルクメア,2025-01-06,中京,1,3歳未勝利,16,2,4,5.5,2,7,西村淳也,55,ダ,1800,良
2022106628,ヴォルクメア,2024-11-30,中京,1,2歳未勝利,16,6,11,4.3,2,12,鮫島克駿,55,ダ,1400,良
2022106628,ヴォルクメア,2024-09-07,中京,2,2歳未勝利,7,4,4,14.1,3,6,西村淳也,55,ダ,1800,良
2022106628,ヴォルクメア,2024-08-17,中京,6,2歳新馬,16,7,14,6.3,3,4,西村淳也,55,ダ,1800,良
2022106692,バーチャルアイドル,2026-07-18,佐賀,9,ヘルクレス座特選(C2),12,7,10,62.3,9,12,長谷川蓮,54,ダ,900,良
2022106692,バーチャルアイドル,2026-06-13,佐賀,6,C2ー12組,12,3,3,15.6,5,2,長谷川蓮,54,ダ,1300,良
2022106692,バーチャルアイドル,2026-05-30,佐賀,6,C2ー13組,12,6,8,5.4,3,10,長谷川蓮,54,ダ,1300,良
2022106692,バーチャルアイドル,2026-05-16,佐賀,4,C2ー13組,10,2,2,43.3,5,4,長谷川蓮,54,ダ,1300,良
2022106692,バーチャルアイドル,2026-05-02,佐賀,6,C2ー14組,11,6,7,25.7,5,7,長谷川蓮,54,ダ,1300,重
2022106692,バーチャルアイドル,2026-04-19,佐賀,2,C2ー14組,11,3,3,13.8,5,7,長谷川蓮,54,ダ,1400,不
2022106692,バーチャルアイドル,2026-04-04,佐賀,5,C2ー16組,12,4,4,18.0,6,2,長谷川蓮,54,ダ,1300,不
2022106692,バーチャルアイドル,2026-03-20,佐賀,4,C2ー18組,10,7,8,22.6,6,10,長谷川蓮,54,ダ,1400,稍
2022106692,バーチャルアイドル,2026-03-06,佐賀,5,チャレンジシリーズ(C2),9,5,5,14.3,6,7,飛田愛斗,54,ダ,1300,不
2022106692,バーチャルアイドル,2026-02-21,佐賀,7,C2ー18組,11,2,2,6.5,4,11,山田義貴,54,ダ,1400,良
2022106692,バーチャルアイドル,2026-02-08,佐賀,3,C2ー18組,11,5,5,3.0,2,8,長谷川蓮,53,ダ,1400,良
2022106692,バーチャルアイドル,2025-12-26,金沢,2,C27,,8,10,,,,魚住謙心,55,ダ,1500,不
2022106692,バーチャルアイドル,2025-12-14,金沢,8,柊果ちゃん誕生おめで(C2),9,1,1,16.7,4,2,魚住謙心,55,ダ,1400,不
2022106692,バーチャルアイドル,2025-12-02,金沢,2,C28,8,8,8,11.8,4,5,魚住謙心,55,ダ,1400,良
2022106692,バーチャルアイドル,2025-11-17,金沢,3,C27,7,3,3,2.7,2,2,魚住謙心,55,ダ,1500,良
2022106692,バーチャルアイドル,2025-11-05,金沢,1,C215 特別編成(C2特別),11,7,8,3.9,2,1,魚住謙心,55,ダ,1500,重
2022106692,バーチャルアイドル,2025-10-19,金沢,3,C214,7,3,3,32.1,6,7,魚住謙心,55,ダ,1400,重
2022106692,バーチャルアイドル,2025-10-07,金沢,4,C215,8,8,8,3.1,2,8,加藤翔馬,55,ダ,1500,良
2022106692,バーチャルアイドル,2025-09-20,金沢,4,C214,11,1,1,2.3,1,10,青柳正義,55,ダ,1400,良
2022106692,バーチャルアイドル,2025-09-08,金沢,2,3歳B 8,11,3,3,8.2,3,3,青柳正義,55,ダ,1500,不
2022106692,バーチャルアイドル,2025-03-30,阪神,5,3歳未勝利,17,2,4,145.7,13,17,池添謙一,55,芝,1600,良
2022106692,バーチャルアイドル,2025-01-25,中京,6,3歳未勝利,16,1,2,18.7,6,15,Ｍ．デム,55,芝,1600,良
2022106693,イトウ,2026-07-23,大井,6,C2三 四五(C2四),14,8,13,63.7,11,14,吉井章,56,ダ,1600,良
2022106693,イトウ,2026-01-28,大井,8,C1八 九,14,5,7,30.9,7,14,吉原寛人,56,ダ,1600,良
2022106693,イトウ,2026-01-14,大井,8,C1七 八,13,7,11,38.6,5,8,石川倭,56,ダ,1600,良
2022106693,イトウ,2025-12-29,大井,12,黎明賞(C1),11,6,7,4.8,3,7,笹川翼,56,ダ,1200,重
2022106693,イトウ,2025-12-01,大井,8,アクダクト賞(C1),14,7,12,5.1,2,3,笹川翼,56,ダ,1600,良
2022106693,イトウ,2025-07-19,福島,8,3歳未勝利,16,2,4,13.0,6,15,菅原明良,57,芝,2000,良
2022106693,イトウ,2025-06-15,東京,2,3歳未勝利,16,5,9,6.5,3,15,菅原明良,57,ダ,2100,重
2022106693,イトウ,2025-05-17,東京,2,3歳未勝利,16,6,12,2.6,1,5,横山武史,57,ダ,1600,稍
2022106693,イトウ,2025-04-27,東京,2,3歳未勝利,16,8,16,4.3,2,2,菅原明良,57,ダ,1600,稍
2022106693,イトウ,2025-01-18,中山,2,3歳未勝利,16,1,1,3.4,1,9,ルメール,57,ダ,1800,良
2022106693,イトウ,2024-12-01,中山,2,2歳未勝利,16,7,14,8.2,4,3,マーカン,56,ダ,1800,良
2022106693,イトウ,2024-11-09,福島,5,2歳新馬,16,6,11,9.8,6,4,荻野極,56,芝,2000,良
2022106696,カズノマリア,2026-09-01,大井,2,C3三 四,14,5,8,3.9,2,2,中山遥人,53,ダ,1200,良
2022106696,カズノマリア,2026-08-15,大井,2,C3五 六,14,4,6,26.2,9,1,中山遥人,53,ダ,1200,重
2022106696,カズノマリア,2026-03-09,大井,2,C3七 八,12,7,11,,,取,高野誠毅,54,ダ,1600,稍
2022106696,カズノマリア,2026-02-17,大井,2,C3六 七,13,8,13,9.7,4,10,達城龍次,54,ダ,1600,稍
2022106696,カズノマリア,2026-01-27,大井,2,C3六 七,14,6,9,17.1,5,7,達城龍次,54,ダ,1600,良
2022106696,カズノマリア,2026-01-12,大井,2,C3八 九,13,8,14,,,取,杉山海波,51,ダ,1600,良
2022106696,カズノマリア,2025-12-15,金沢,7,Day1誕生日記念(C2),9,7,7,23.0,6,5,米倉知,55,ダ,1500,不
2022106696,カズノマリア,2025-11-10,金沢,3,C113,7,1,1,1.8,1,3,青柳正義,55,ダ,1400,不
2022106696,カズノマリア,2025-10-21,金沢,9,秋のドーナツは最高記(C2),8,1,1,1.9,1,1,青柳正義,55,ダ,1400,良
2022106696,カズノマリア,2025-10-06,金沢,4,ラジ96☆5周年おめ(C2),8,6,6,7.7,3,2,魚住謙心,55,ダ,1400,重
2022106696,カズノマリア,2025-09-23,金沢,2,C28,9,1,1,5.4,3,8,青柳正義,55,ダ,1500,良
2022106696,カズノマリア,2025-09-08,金沢,8,悠奈&amp;創平結婚しまし(3歳),11,8,10,2.9,2,9,青柳正義,55,ダ,1400,不
2022106696,カズノマリア,2025-07-29,金沢,6,結婚記念新明杯(3歳),7,6,6,2.5,2,1,青柳正義,55,ダ,1400,良
2022106696,カズノマリア,2025-07-15,金沢,9,金沢競馬3歳Bプレミ,12,1,1,4.0,2,6,青柳正義,55,ダ,1500,良
2022106696,カズノマリア,2025-07-01,金沢,2,祝!祝!祝!世界が祝(3歳),10,7,7,8.0,5,2,青柳正義,55,ダ,1400,良
2022106696,カズノマリア,2025-03-29,阪神,2,3歳未勝利,9,8,8,138.8,8,6,今村聖奈,52,ダ,1800,稍
2022106696,カズノマリア,2025-03-16,中京,5,3歳未勝利,18,2,4,237.2,17,16,斎藤新,55,芝,1400,重
2022106696,カズノマリア,2025-01-06,中山,6,3歳未勝利,18,7,14,252.8,14,14,佐々木大,55,芝,2000,良
2022106696,カズノマリア,2024-11-03,福島,1,2歳未勝利,16,3,5,29.3,9,11,石田拓郎,52,ダ,1150,不
2022106696,カズノマリア,2024-09-07,中山,2,2歳未勝利,12,7,10,35.0,8,12,石田拓郎,52,芝,1600,良
2022106696,カズノマリア,2024-08-24,新潟,5,2歳新馬,12,5,6,7.5,4,8,石川裕紀,55,芝,1600,良
2022106708,レディーキラー,2026-08-31,大井,9,りゅう座特別競走(C1),11,7,9,,,除,西優哉,53,ダ,2000,良
2022106708,レディーキラー,2026-08-13,大井,7,ペルセウス座特別競走(C1),8,4,4,19.0,6,7,鷹見陸,56,ダ,1800,不
2022106708,レディーキラー,2026-07-21,大井,10,わし座特別競走(C2),14,5,7,50.1,11,1,鷹見陸,56,ダ,2000,良
2022106708,レディーキラー,2026-07-02,大井,9,夏至賞(C2),10,5,5,38.1,6,3,鷹見陸,56,ダ,2400,不
2022106708,レディーキラー,2026-06-11,大井,6,C2六 七八(C2七),9,7,7,151.3,8,7,西優哉,53,ダ,1600,稍
2022106708,レディーキラー,2026-05-22,大井,6,C2三 四五(C2四),12,8,12,112.3,9,9,西優哉,53,ダ,1400,不
2022106708,レディーキラー,2026-04-30,大井,6,C2五 六,14,6,9,106.7,13,12,西優哉,53,ダ,1200,稍
2022106708,レディーキラー,2026-04-17,大井,8,バンブー賞(C2五),14,4,5,152.4,13,14,高野誠毅,56,ダ,1400,重
2022106708,レディーキラー,2026-02-19,大井,9,C2五 六七(C2六),11,5,6,,,除,谷内貫太,55,ダ,1400,良
2022106708,レディーキラー,2025-05-01,大井,4,3歳四 五六(3歳五),8,7,7,122.8,8,3,谷内貫太,55,ダ,1400,稍
2022106708,レディーキラー,2025-03-28,大井,6,重賞勝鞍154賞(3歳二),7,4,4,130.2,7,7,谷内貫太,54,ダ,1400,稍
2022106708,レディーキラー,2025-02-21,大井,3,3歳三 四,12,8,11,37.7,8,7,藤本現暉,56,ダ,1600,良
2022106708,レディーキラー,2025-01-30,大井,3,3歳六 七,10,1,1,109.9,8,1,藤本現暉,56,ダ,1400,良
2022106708,レディーキラー,2024-12-27,大井,4,2歳五 六,13,6,9,80.0,10,13,阿部龍,55,ダ,1400,良
2022106708,レディーキラー,2024-09-11,大井,4,2歳三 四,11,4,4,43.2,9,5,本田正重,54,ダ,1400,良
2022106708,レディーキラー,2024-08-01,大井,4,2歳三,10,1,1,15.7,5,4,矢野貴之,54,ダ,1400,良
2022106708,レディーキラー,2024-06-24,大井,6,2歳 新馬,5,3,3,8.8,4,3,矢野貴之,54,ダ,1200,重
2022106781,コスモマガラニカ,2026-08-14,大井,9,東京記念トライアル競(OP)(3上),7,1,1,3.6,2,2,西優哉,50,ダ,2400,不
2022106781,コスモマガラニカ,2026-06-30,大井,12,風待月賞競走(B2),12,8,11,1.6,1,1,吉井章,56,ダ,2000,重
2022106781,コスモマガラニカ,2026-06-10,大井,12,BSイレブン賞競走(B3),13,4,4,1.4,1,1,吉井章,56,ダ,1600,重
2022106781,コスモマガラニカ,2026-04-27,大井,12,行人坂賞競走(B3),14,5,9,4.1,3,1,江里口裕,57,ダ,1600,不
2022106781,コスモマガラニカ,2026-04-16,大井,7,C1三 四五(C1四),11,2,2,1.8,1,1,吉原寛人,56,ダ,1600,不
2022106781,コスモマガラニカ,2026-03-27,大井,10,春灯特別競走(C1四),11,3,3,4.1,2,2,江里口裕,56,ダ,1600,重
2022106781,コスモマガラニカ,2026-03-11,大井,8,C1六 七八(C1七),11,7,8,38.1,9,1,江里口裕,56,ダ,1600,良
2022106781,コスモマガラニカ,2025-10-21,大井,8,メリー・ウィドウ賞(C1),12,6,7,15.4,5,4,江里口裕,56,ダ,1600,稍
2022106781,コスモマガラニカ,2025-08-31,札幌,4,3歳未勝利,16,8,15,17.5,6,10,丹内祐次,57,芝,2000,稍
2022106781,コスモマガラニカ,2025-07-26,札幌,6,3歳未勝利,13,3,3,4.4,3,9,丹内祐次,57,芝,1800,良
2022106781,コスモマガラニカ,2025-06-29,函館,6,3歳未勝利,16,6,12,7.8,3,3,丹内祐次,57,芝,1800,良
2022106781,コスモマガラニカ,2025-06-22,函館,4,3歳未勝利,16,8,16,5.0,2,6,丹内祐次,57,芝,1800,重
2022106781,コスモマガラニカ,2025-05-25,東京,5,3歳未勝利,17,3,6,14.1,5,4,丹内祐次,57,芝,1800,稍
2022106781,コスモマガラニカ,2025-01-06,中山,6,3歳未勝利,18,4,8,70.2,12,8,丹内祐次,57,芝,2000,良
2022106781,コスモマガラニカ,2024-12-08,中山,3,2歳未勝利,12,5,6,7.9,6,5,丹内祐次,56,芝,1800,良
2022106781,コスモマガラニカ,2024-11-17,福島,5,2歳新馬,14,7,11,6.9,4,2,丹内祐次,56,芝,1800,良
2022106891,ドウジギリ,2026-08-15,大井,5,シーブリーズ賞競走(B2),5,1,1,3.3,2,4,矢野貴之,56,ダ,2000,重
2022106891,ドウジギリ,2026-06-30,大井,12,風待月賞競走(B2),12,5,6,20.0,6,4,矢野貴之,56,ダ,2000,重
2022106891,ドウジギリ,2026-06-11,大井,10,犬坂賞競走(B3),14,7,11,9.3,4,1,矢野貴之,56,ダ,1800,稍
2022106891,ドウジギリ,2026-05-18,大井,11,赤坂賞競走(B3),11,7,8,5.5,3,8,矢野貴之,56,ダ,1800,良
2022106891,ドウジギリ,2026-05-01,大井,10,権現坂賞競走(B3),10,5,5,3.3,1,6,中山遥人,55,ダ,2000,不
2022106891,ドウジギリ,2026-03-27,大井,12,桜坂賞競走(B3),15,8,15,6.5,3,2,中山遥人,55,ダ,2000,重
2022106891,ドウジギリ,2026-03-12,大井,11,出羽坂賞競走(B3),12,7,9,15.0,6,1,中山遥人,55,ダ,2000,良
2022106891,ドウジギリ,2026-02-17,大井,12,狸穴坂賞競走(B3),16,3,6,130.3,13,9,野畑凌,56,ダ,1800,稍
2022106891,ドウジギリ,2026-01-16,大井,8,C1二 三四(C1三),12,8,11,24.9,7,5,石川倭,56,ダ,1600,良
2022106891,ドウジギリ,2025-10-03,船橋,9,乗馬クラブクレイン千(C1二),14,4,6,5.7,3,10,張田昂,55,ダ,1600,良
2022106891,ドウジギリ,2025-08-27,船橋,4,ナティブーツ特別(3歳C1),12,7,10,2.7,1,10,張田昂,57,ダ,1600,良
2022106891,ドウジギリ,2025-06-29,小倉,4,3歳未勝利,16,4,7,3.5,1,13,松山弘平,57,ダ,1700,良
2022106891,ドウジギリ,2025-04-12,阪神,3,3歳未勝利,16,7,13,1.7,1,5,松山弘平,57,ダ,1800,良
2022106891,ドウジギリ,2025-03-22,阪神,2,3歳未勝利,9,8,8,1.4,1,2,松山弘平,57,ダ,1800,良
2022106891,ドウジギリ,2025-03-02,阪神,1,3歳未勝利,12,7,9,2.4,1,2,坂井瑠星,57,ダ,1800,良
2022106891,ドウジギリ,2025-02-10,京都,1,3歳未勝利,12,7,9,3.9,2,2,松山弘平,57,ダ,1800,良
2022106891,ドウジギリ,2024-11-23,京都,2,2歳未勝利,14,3,3,5.7,3,5,松山弘平,56,ダ,1800,良
2022106891,ドウジギリ,2024-11-03,京都,2,2歳未勝利,14,7,12,5.8,3,2,松山弘平,56,ダ,1800,重
2022106891,ドウジギリ,2024-10-14,東京,4,2歳新馬,16,8,15,3.0,1,6,松山弘平,56,ダ,1400,良
2022106924,ハイクオリティ,2026-08-23,札幌,10,オールスターJ第3戦(2勝クラス),14,3,3,5.8,1,13,フーリー,58,ダ,1700,良
2022106924,ハイクオリティ,2026-07-25,札幌,12,桑園特別(2勝クラス),11,6,7,4.6,3,5,佐々木大,58,ダ,1700,良
2022106924,ハイクオリティ,2026-06-27,福島,10,いわき特別(2勝クラス),11,1,1,4.0,2,2,ゴンサル,58,ダ,1700,稍
2022106924,ハイクオリティ,2026-05-09,新潟,12,4歳以上1勝クラス,12,8,11,1.7,1,1,ゴンサル,58,ダ,1800,稍
2022106924,ハイクオリティ,2026-04-18,福島,8,4歳以上1勝クラス,15,5,8,2.4,1,2,荻野極,58,ダ,1700,良
2022106924,ハイクオリティ,2026-02-28,阪神,6,4歳以上1勝クラス,13,6,8,3.4,2,4,荻野極,57,ダ,1800,良
2022106924,ハイクオリティ,2026-02-10,京都,4,4歳以上1勝クラス,9,8,9,3.6,2,3,荻野極,57,ダ,1800,良
2022106924,ハイクオリティ,2026-01-05,京都,7,4歳以上1勝クラス,15,6,10,6.7,4,2,荻野極,57,ダ,1800,良
2022106924,ハイクオリティ,2025-11-09,京都,6,3歳以上1勝クラス,16,8,15,23.5,7,7,吉村誠之,55,ダ,1800,重
2022106924,ハイクオリティ,2025-10-18,新潟,6,3歳以上1勝クラス,15,7,13,6.5,2,7,斎藤新,56,ダ,1800,良
2022106924,ハイクオリティ,2025-08-23,札幌,4,3歳未勝利,14,5,8,8.0,4,1,ゴンサル,57,ダ,1700,重
2022106924,ハイクオリティ,2025-06-28,函館,2,3歳未勝利,12,7,10,10.2,4,7,佐々木大,57,ダ,2400,稍
2022106924,ハイクオリティ,2025-06-22,函館,6,3歳未勝利,11,1,1,7.2,5,4,佐々木大,57,ダ,1700,重
2022106924,ハイクオリティ,2025-05-25,京都,3,3歳未勝利,14,7,12,9.0,4,4,和田竜二,57,ダ,1900,不
2022106924,ハイクオリティ,2025-05-17,京都,1,3歳未勝利,10,8,11,2.4,1,10,松若風馬,57,ダ,1800,不
2022106924,ハイクオリティ,2025-04-26,京都,2,3歳未勝利,16,4,8,9.3,4,4,松若風馬,57,ダ,1800,良
2022106924,ハイクオリティ,2025-04-13,阪神,2,3歳未勝利,15,3,4,5.2,3,4,松若風馬,57,ダ,1800,良
2022106924,ハイクオリティ,2025-03-01,小倉,6,3歳未勝利,18,6,12,20.1,8,10,長岡禎仁,57,芝,2000,良
2022106924,ハイクオリティ,2025-02-09,小倉,5,3歳新馬,12,5,5,4.8,2,5,長岡禎仁,57,芝,2000,稍
2022106960,オオマサ,2026-08-14,大井,10,サマーナイト賞競走(B2),9,3,3,1.1,1,1,笹川翼,56,ダ,1400,不
2022106960,オオマサ,2026-06-29,大井,10,B2四,11,6,6,1.2,1,1,笹川翼,56,ダ,1400,不
2022106960,オオマサ,2026-06-09,大井,10,鼠坂賞競走(B3),13,8,13,1.2,1,1,笹川翼,56,ダ,1400,不
2022106960,オオマサ,2026-05-21,大井,10,丸の内坂賞競走(B3),16,4,7,1.8,1,1,笹川翼,56,ダ,1400,稍
2022106960,オオマサ,2026-04-30,大井,8,ツアリーヌ賞(C1四),10,2,2,1.4,1,1,笹川翼,56,ダ,1400,稍
2022106960,オオマサ,2026-02-18,大井,8,C1二 三四(C1三),14,8,14,1.2,1,1,笹川翼,56,ダ,1400,稍
2022106960,オオマサ,2026-01-16,大井,5,C2三 四五(C2四),12,4,4,1.2,1,1,笹川翼,56,ダ,1400,良
2022106960,オオマサ,2025-12-29,大井,5,C2九 十11(C2十),14,4,6,3.7,2,1,笹川翼,56,ダ,1400,重
2022106960,オオマサ,2025-11-11,大井,6,C212 1314(C213),13,4,5,9.0,4,1,笹川翼,56,ダ,1400,稍
2022106960,オオマサ,2025-02-21,大井,3,3歳三 四,12,4,4,38.4,9,中,御神本訓,56,ダ,1600,良
2022106960,オオマサ,2025-01-31,大井,2,3歳四 五,14,4,6,23.0,7,12,矢野貴之,56,ダ,1600,良
2022106960,オオマサ,2024-12-25,大井,1,2歳11 12,10,3,3,1.4,1,1,矢野貴之,55,ダ,1400,良
2022106960,オオマサ,2024-12-02,大井,2,2歳 新馬,8,5,5,26.9,6,5,西啓太,55,ダ,1600,良
2022106976,ブラックゴエ,2026-06-30,大井,4,C2十 1112(C211),10,1,1,61.0,8,10,町田直希,56,ダ,1600,重
2022106976,ブラックゴエ,2026-06-08,大井,7,グラスホッパー賞(C213),12,7,10,47.5,8,12,町田直希,56,ダ,1600,不
2022106976,ブラックゴエ,2026-05-18,大井,5,C211 1213(C212),12,6,8,93.5,11,10,町田直希,56,ダ,1600,良
2022106976,ブラックゴエ,2026-04-27,大井,1,C3六 七,14,4,5,31.3,10,1,町田直希,56,ダ,1600,不
2022106976,ブラックゴエ,2026-04-13,大井,1,C3六 七,13,4,5,18.4,8,12,町田直希,56,ダ,1600,良
2022106976,ブラックゴエ,2026-03-23,大井,2,C3七 八,14,1,1,87.9,10,7,町田直希,56,ダ,1600,良
2022106976,ブラックゴエ,2026-03-09,大井,2,C3七 八,12,5,6,180.7,9,10,藤本現暉,56,ダ,1600,稍
2022106976,ブラックゴエ,2026-02-16,大井,2,C3八 九,12,2,2,58.3,6,4,服部茂史,56,ダ,1600,良
2022106976,ブラックゴエ,2026-01-26,大井,1,C3八 九,11,4,4,346.1,10,6,服部茂史,56,ダ,1400,良
2022106976,ブラックゴエ,2026-01-12,大井,3,C3八 九,15,8,14,92.8,10,14,藤本現暉,56,ダ,1200,良
2022106976,ブラックゴエ,2025-06-10,大井,5,3歳十 11,13,4,4,353.5,12,10,菅原涼太,56,ダ,1200,稍
2022106976,ブラックゴエ,2025-05-20,大井,3,3歳12 13,11,2,2,23.0,5,9,菅原涼太,56,ダ,1200,稍
2022106976,ブラックゴエ,2025-04-28,大井,6,3歳13 14,9,7,7,65.1,7,5,菅原涼太,56,ダ,1200,稍
2022106976,ブラックゴエ,2025-04-15,大井,3,3歳十 1112(3歳11),11,3,3,25.0,6,8,山口達弥,56,ダ,1600,重
2022106976,ブラックゴエ,2025-03-25,大井,4,3歳九 十11(3歳十),12,2,2,92.0,10,7,菅原涼太,56,ダ,1400,稍
2022106976,ブラックゴエ,2025-03-11,大井,4,築地川賞(3歳12),14,1,1,93.5,8,5,菅原涼太,56,ダ,1400,重
2022106976,ブラックゴエ,2025-02-18,大井,3,3歳十 11,10,7,8,37.6,7,6,藤本現暉,56,ダ,1400,良
2022106976,ブラックゴエ,2025-01-15,大井,5,3歳八 九,14,4,6,102.6,13,12,山口達弥,56,ダ,1400,良
2022106976,ブラックゴエ,2024-12-26,大井,5,2歳九 十,11,7,9,260.0,11,8,藤本現暉,55,ダ,1400,良
2022106976,ブラックゴエ,2024-12-02,大井,3,2歳七 八,12,5,5,344.2,12,8,藤本現暉,55,ダ,1400,良
2022106976,ブラックゴエ,2024-11-07,大井,4,2歳五 六,11,2,2,149.3,10,7,藤本現暉,55,ダ,1400,稍
2022106976,ブラックゴエ,2024-10-15,大井,4,しぶやダイバーシティ(2歳),9,3,3,51.4,8,9,藤本現暉,55,ダ,1200,良
2022106976,ブラックゴエ,2024-07-11,大井,4,2歳三,7,3,3,36.3,6,5,藤本現暉,54,ダ,1200,良
2022106976,ブラックゴエ,2024-06-24,大井,4,2歳 新馬,6,3,3,44.0,5,4,藤本現暉,54,ダ,1400,重
2022107026,ウイニングショット,2026-09-03,大井,2,C3一 二,16,4,8,102.6,12,12,横川怜央,56,ダ,1200,良
2022107026,ウイニングショット,2026-08-17,大井,2,C3一 二,14,6,10,150.2,10,7,西優哉,53,ダ,1200,重
2022107026,ウイニングショット,2026-07-23,大井,1,C3二 三,13,5,6,150.3,11,10,西優哉,53,ダ,1600,良
2022107026,ウイニングショット,2026-07-01,大井,4,C2八 九,14,4,6,134.2,12,12,西優哉,53,ダ,1600,稍
2022107026,ウイニングショット,2026-06-09,大井,5,C2九 十11(C2十),11,3,3,128.9,9,8,西優哉,53,ダ,1400,不
2022107026,ウイニングショット,2026-05-19,大井,4,C2九 十,9,5,5,238.0,9,9,小野俊斗,53,ダ,1600,良
2022107026,ウイニングショット,2026-04-28,大井,7,C2十 11,14,8,14,264.2,14,12,西優哉,53,ダ,1200,不
2022107026,ウイニングショット,2026-04-14,大井,5,C2十 1112(C211),14,7,12,122.3,11,14,中山遥人,55,ダ,1400,良
2022107026,ウイニングショット,2026-03-24,大井,9,C2十 1112(C211),12,7,10,132.8,10,11,及川烈,55,ダ,1200,良
2022107026,ウイニングショット,2026-03-10,大井,9,C2十 1112(C211),14,4,5,67.4,9,6,及川烈,55,ダ,1200,稍
2022107026,ウイニングショット,2026-02-18,大井,4,渋谷川賞(C2),14,7,12,62.3,12,12,及川烈,55,ダ,1200,稍
2022107026,ウイニングショット,2026-01-27,大井,9,C211 1213(C212),14,5,7,73.5,8,12,野畑凌,56,ダ,1200,良
2022107026,ウイニングショット,2026-01-14,大井,7,C2十 11,12,1,1,33.4,5,6,野畑凌,56,ダ,1200,良
2022107026,ウイニングショット,2025-12-26,大井,4,C212 1314(C213),14,4,5,61.7,10,4,中山遥人,54,ダ,1400,重
2022107026,ウイニングショット,2025-12-03,大井,8,モンタナ賞(C2十),15,8,15,203.7,11,13,江里口裕,56,ダ,1200,良
2022107026,ウイニングショット,2025-11-11,大井,6,C212 1314(C213),13,7,10,20.6,7,10,江里口裕,56,ダ,1400,稍
2022107026,ウイニングショット,2025-10-21,大井,7,せたがやふるさと区民(C212),11,7,9,73.3,9,5,江里口裕,56,ダ,1200,稍
2022107026,ウイニングショット,2025-10-06,大井,8,C214 1516(C215),13,6,9,67.9,10,8,菅原涼太,56,ダ,1200,良
2022107026,ウイニングショット,2025-09-18,大井,2,3歳四 五,13,7,11,30.6,7,9,西啓太,56,ダ,1200,良
2022107026,ウイニングショット,2025-09-03,大井,1,3歳四 五,14,4,6,14.0,4,10,吉原寛人,56,ダ,1600,良
2022107026,ウイニングショット,2025-08-13,大井,1,3歳四 五六(3歳五),11,8,10,2.0,2,8,西啓太,56,ダ,1600,重
2022107026,ウイニングショット,2025-07-14,大井,4,3歳九 十,13,1,1,5.5,3,1,西啓太,56,ダ,1400,稍
2022107026,ウイニングショット,2025-03-24,大井,6,3歳12 13,13,4,5,6.3,4,3,西啓太,56,ダ,1400,良
2022107026,ウイニングショット,2025-03-11,大井,4,築地川賞(3歳12),14,3,3,24.6,3,4,西啓太,56,ダ,1400,重
2022107026,ウイニングショット,2025-02-17,大井,3,3歳12 1314(3歳13),9,7,7,7.9,3,5,西啓太,56,ダ,1400,良
2022107032,フレンドリーシップ,2026-08-16,大井,8,へびつかい座特別競走(C1三),13,2,2,30.3,6,8,吉井章,54,ダ,1200,重
2022107032,フレンドリーシップ,2026-07-24,大井,8,テネシー・クーラー賞(C1C2),12,3,3,29.4,6,1,吉井章,55,ダ,1000,良
2022107032,フレンドリーシップ,2026-07-01,大井,12,タイタン賞(C1四),15,3,5,60.9,11,8,野畑凌,54,ダ,1200,稍
2022107032,フレンドリーシップ,2026-06-10,大井,9,C1六 七,14,3,3,248.2,14,3,吉井章,54,ダ,1200,重
2022107032,フレンドリーシップ,2026-05-19,大井,7,C1五 六七(C1六),10,7,8,28.6,8,10,吉井章,54,ダ,1400,良
2022107032,フレンドリーシップ,2026-04-29,大井,9,C1六 七八(C1七),14,6,10,140.7,13,10,野畑凌,54,ダ,1200,稍
2022107032,フレンドリーシップ,2025-09-17,大井,10,ロイヤルナイト賞(C1六),12,5,5,71.6,11,10,谷内貫太,52,ダ,1400,良
2022107032,フレンドリーシップ,2025-09-04,大井,8,シャンゼリゼ賞(C1),13,6,9,109.4,11,7,谷内貫太,52,ダ,1600,良
2022107032,フレンドリーシップ,2025-08-12,大井,8,乙姫特別競走(C1),16,6,12,113.0,12,14,谷内貫太,52,ダ,1400,重
2022107032,フレンドリーシップ,2025-07-04,大井,6,3歳一 二三(3歳二),9,6,6,72.7,8,2,谷内貫太,53,ダ,1400,良
2022107032,フレンドリーシップ,2025-06-13,大井,3,3歳一 二,12,3,3,102.9,11,9,安藤洋一,54,ダ,1600,重
2022107032,フレンドリーシップ,2025-05-23,大井,10,菖蒲特別競走(3歳二),14,3,3,211.0,13,8,谷内貫太,53,ダ,1400,良
2022107032,フレンドリーシップ,2025-05-02,大井,4,3歳一 二三(3歳二),9,3,3,101.0,9,7,吉井章,54,ダ,1200,不
2022107032,フレンドリーシップ,2025-04-18,大井,4,3歳一 二三(3歳二),7,6,6,73.4,7,5,吉井章,54,ダ,1200,良
2022107032,フレンドリーシップ,2024-12-04,大井,4,2歳二 三四(2歳三),12,6,8,5.9,3,5,吉井章,54,ダ,1200,良
2022107032,フレンドリーシップ,2024-11-08,大井,5,2歳一 二,11,8,11,8.8,4,3,吉井章,54,ダ,1200,良
2022107032,フレンドリーシップ,2024-10-17,大井,5,文の京賞(2歳),5,4,4,7.1,3,2,吉井章,54,ダ,1200,良
2022107032,フレンドリーシップ,2024-09-30,大井,5,2歳五 六,12,6,8,59.6,10,1,吉井章,54,ダ,1200,良
2022107032,フレンドリーシップ,2024-09-11,大井,4,2歳三 四,11,8,11,26.9,8,9,笹川翼,54,ダ,1400,良
2022107032,フレンドリーシップ,2024-08-01,大井,3,2歳四,9,5,5,3.6,2,4,谷内貫太,52,ダ,1200,良
2022107032,フレンドリーシップ,2024-07-11,大井,6,2歳 新馬,8,7,7,41.3,6,4,谷内貫太,52,ダ,1200,良
2022107045,クアッズ,2026-09-03,大井,12,うお座特別競走(C1),10,7,7,4.3,3,2,石川駿介,56,ダ,1650,良
2022107045,クアッズ,2026-08-16,大井,6,フローズン・ダイキリ(C1三),13,6,8,15.9,6,7,石川駿介,56,ダ,1600,重
2022107045,クアッズ,2026-07-24,大井,10,C1二 三四(C1三),14,8,13,21.3,7,10,石川駿介,56,ダ,1400,良
2022107045,クアッズ,2026-07-01,大井,6,C1三 四五(C1四),10,3,3,4.6,3,2,石川駿介,56,ダ,1600,稍
2022107045,クアッズ,2026-06-12,大井,8,ジン・ライム賞(C1四),13,1,1,5.7,3,3,石川駿介,56,ダ,1600,稍
2022107045,クアッズ,2026-05-18,大井,8,アフター・ディナー賞(C1),13,4,5,15.7,6,1,石川駿介,56,ダ,1600,良
2022107045,クアッズ,2026-05-01,大井,6,C2二 三四(C2三),12,7,10,15.1,5,1,石川駿介,56,ダ,1600,不
2022107045,クアッズ,2026-04-17,大井,8,バンブー賞(C2五),14,3,3,73.5,11,6,石川駿介,56,ダ,1400,重
2022107045,クアッズ,2025-12-05,大井,8,子どもの未来応援賞(C2三),13,7,12,75.1,8,7,石川駿介,56,ダ,1600,良
2022107045,クアッズ,2025-11-14,大井,6,C2四 五六(C2五),14,6,10,112.0,13,7,石川駿介,56,ダ,1600,稍
2022107045,クアッズ,2025-10-24,大井,6,C2一 二三(C2二),10,8,10,144.1,10,9,石川駿介,56,ダ,1600,重
2022107045,クアッズ,2025-10-09,大井,6,C2六 七,10,1,1,56.9,9,3,石川駿介,56,ダ,1600,良
2022107045,クアッズ,2025-09-19,大井,1,3歳一 二三(3歳二),10,2,2,84.9,9,5,石川駿介,56,ダ,1600,不
2022107045,クアッズ,2025-09-04,大井,5,3歳一 二三(3歳二),14,3,3,114.7,12,10,石川駿介,56,ダ,1600,良
2022107045,クアッズ,2025-08-14,大井,5,3歳一 二三(3歳二),10,4,4,62.5,9,6,石川駿介,56,ダ,1600,稍
2022107045,クアッズ,2025-07-16,大井,3,3歳四 五六(3歳五),9,5,5,61.9,9,3,石川駿介,56,ダ,1600,不
2022107045,クアッズ,2025-07-04,大井,4,3歳四 五,12,8,12,254.6,12,11,石川駿介,56,ダ,1200,良
2022107045,クアッズ,2025-06-12,大井,4,3歳三 四,12,5,7,62.4,9,8,石川駿介,56,ダ,1200,重
2022107045,クアッズ,2025-05-22,大井,4,3歳四 五六(3歳五),14,7,11,496.5,13,9,石川駿介,56,ダ,1400,良
2022107045,クアッズ,2025-05-01,大井,5,3歳四 五六(3歳五),10,4,4,39.7,8,9,石川駿介,56,ダ,1200,稍
2022107045,クアッズ,2025-04-18,大井,2,3歳四 五,10,1,1,112.0,9,5,石川駿介,56,ダ,1200,良
2022107045,クアッズ,2024-12-29,大井,3,2歳三 四,7,5,5,152.5,7,5,石川駿介,55,ダ,1600,良
2022107045,クアッズ,2024-12-04,大井,4,2歳二 三四(2歳三),12,7,10,230.3,11,9,石川駿介,55,ダ,1200,良
2022107045,クアッズ,2024-11-08,大井,5,2歳一 二,11,1,1,75.3,9,11,石川駿介,55,ダ,1200,良
2022107045,クアッズ,2024-10-17,大井,5,文の京賞(2歳),5,2,2,13.5,5,4,石川駿介,55,ダ,1200,良
2022107045,クアッズ,2024-10-01,大井,5,2歳三 四,9,8,9,13.3,5,4,石川駿介,54,ダ,1200,良
2022107045,クアッズ,2024-09-12,大井,4,2歳一 二,11,1,1,17.3,6,11,石川駿介,54,ダ,1200,良
2022107045,クアッズ,2024-08-15,大井,4,2歳一 二,9,2,2,4.9,3,6,石川駿介,54,ダ,1200,良
2022107045,クアッズ,2024-06-25,門別,6,JRA認定競走ウィナ(OP)(2歳),5,4,4,11.2,3,4,小野楓馬,55,ダ,1000,稍
2022107045,クアッズ,2024-05-15,門別,3,JRA認定競走アタッ(2歳),7,8,8,1.8,1,1,小野楓馬,55,ダ,1000,良
2022107045,クアッズ,2024-04-25,門別,5,JRA認定競走フレッ(2歳),8,3,3,21.6,5,2,小野楓馬,55,ダ,1000,不
2022107141,イイデテッシン,2026-05-22,大井,9,うしかい座特別競走(C2),10,8,10,1.7,1,1,笹川翼,56,ダ,1800,不
2022107141,イイデテッシン,2026-03-26,大井,1,C3二 三四(C3三),13,5,7,1.2,1,1,笹川翼,56,ダ,1600,不
2022107141,イイデテッシン,2026-02-16,大井,2,C3八 九,12,5,5,1.1,1,1,笹川翼,56,ダ,1600,良
2022107141,イイデテッシン,2025-11-17,金沢,5,C25,8,5,5,2.4,2,1,中島龍也,57,ダ,1400,良
2022107141,イイデテッシン,2025-11-04,金沢,6,C22 特別編成(C2特別),10,8,9,36.0,6,5,吉田晃浩,57,ダ,1500,重
2022107141,イイデテッシン,2025-10-06,金沢,2,C28,8,7,7,3.9,3,3,吉田晃浩,57,ダ,1500,重
2022107141,イイデテッシン,2025-09-08,金沢,3,祝#9辻直人36歳年(3歳),12,3,3,3.6,1,1,中島龍也,57,ダ,1400,不
2022107141,イイデテッシン,2025-07-29,金沢,1,3歳B 8,9,5,5,4.8,3,4,吉田晃浩,57,ダ,1400,良
2022107141,イイデテッシン,2025-05-10,京都,2,3歳未勝利,16,6,12,148.9,15,16,和田竜二,57,ダ,1900,重
2022107141,イイデテッシン,2025-04-27,京都,2,3歳未勝利,15,4,8,253.6,11,7,岩田康誠,57,ダ,1800,良
2022107141,イイデテッシン,2025-04-12,阪神,3,3歳未勝利,16,1,2,263.7,12,11,和田竜二,57,ダ,1800,良
2022107160,ヨシノダイセン,2026-07-22,大井,11,サンタアニタトロフィ(重賞),15,3,5,16.2,4,10,和田譲治,52,ダ,1600,良
2022107160,ヨシノダイセン,2026-06-12,大井,7,キャンサー賞競走(B2),11,4,4,5.1,3,1,達城龍次,56,ダ,1600,稍
2022107160,ヨシノダイセン,2026-05-21,大井,8,ジン・トニック賞(B2),10,8,9,4.8,3,3,達城龍次,56,ダ,1400,稍
2022107160,ヨシノダイセン,2026-04-27,大井,11,神楽坂賞競走(B3),16,6,11,9.6,4,1,和田譲治,56,ダ,1400,不
2022107160,ヨシノダイセン,2025-09-18,名古屋,11,秋の鞍(重賞),11,6,7,,,除,今井貴大,57,ダ,1500,良
2022107160,ヨシノダイセン,2025-08-13,大井,11,黒潮盃競走(重賞),12,8,12,70.0,10,8,和田譲治,56,ダ,1800,稍
2022107160,ヨシノダイセン,2025-07-08,盛岡,12,ハヤテスプリント(重賞),11,6,6,2.5,1,2,安藤洋一,56,ダ,1200,良
2022107160,ヨシノダイセン,2025-06-12,大井,11,優駿スプリントトライ(OP)(3歳),13,5,8,8.6,5,4,和田譲治,57,ダ,1200,重
2022107160,ヨシノダイセン,2025-05-23,大井,12,牡丹特別競走(3歳二),12,4,5,5.5,3,1,和田譲治,56,ダ,1200,良
2022107160,ヨシノダイセン,2025-05-02,大井,4,3歳一 二三(3歳二),9,7,7,6.1,3,4,和田譲治,56,ダ,1200,不
2022107160,ヨシノダイセン,2025-03-28,大井,6,重賞勝鞍154賞(3歳二),7,6,6,4.3,3,4,吉原寛人,56,ダ,1400,稍
2022107160,ヨシノダイセン,2024-12-05,大井,11,ジェムストーン賞競走(重賞),14,8,13,3.8,2,4,和田譲治,55,ダ,1200,良
2022107160,ヨシノダイセン,2024-11-04,大井,3,2歳 新馬,9,8,8,1.7,1,1,和田譲治,55,ダ,1200,稍
2022107169,ダイユウルージュ,2026-08-07,浦和,4,C3六 七,9,6,6,19.0,6,4,秋元耕成,54,ダ,1400,良
2022107169,ダイユウルージュ,2026-07-31,川崎,1,C3五,9,7,7,41.7,5,5,秋元耕成,54,ダ,1400,良
2022107169,ダイユウルージュ,2026-07-15,浦和,4,HUBトラック賞(C3),12,6,7,11.3,6,11,秋元耕成,54,ダ,1400,良
2022107169,ダイユウルージュ,2026-06-24,浦和,1,本庄宿賞(C3),10,6,6,30.3,5,2,秋元耕成,54,ダ,1400,稍
2022107169,ダイユウルージュ,2026-01-12,大井,3,C3八 九,15,3,4,107.6,12,12,菅原涼太,54,ダ,1200,良
2022107169,ダイユウルージュ,2025-12-15,金沢,3,箱乃なかみデビュー3(C2),11,3,3,205.1,10,4,平瀬城久,55,ダ,1500,不
2022107169,ダイユウルージュ,2025-12-02,金沢,6,C24,7,3,3,66.3,6,7,青柳正義,55,ダ,1400,良
2022107169,ダイユウルージュ,2025-11-17,金沢,8,ハチコオブシュガー生(C2),8,3,3,14.8,3,5,栗原大河,55,ダ,1500,良
2022107169,ダイユウルージュ,2025-11-09,金沢,1,C119,8,8,8,3.1,2,8,柴田勇真,55,ダ,1400,稍
2022107169,ダイユウルージュ,2025-10-07,金沢,9,C210,6,6,6,7.0,2,1,栗原大河,55,ダ,1400,良
2022107169,ダイユウルージュ,2025-09-20,金沢,8,祝☆竹原家&amp;神戸家結(C2),10,3,3,48.6,6,5,栗原大河,55,ダ,1400,良
2022107169,ダイユウルージュ,2025-09-08,金沢,7,3歳B 3,11,6,7,95.7,8,8,栗原大河,55,ダ,1500,不
2022107169,ダイユウルージュ,2025-07-21,名古屋,2,名古屋モーニングフィ(3歳),11,7,9,257.7,11,10,丸野勝虎,55,ダ,1500,良
2022107169,ダイユウルージュ,2025-07-07,名古屋,5,3歳7組,11,4,4,102.9,9,8,宮下瞳,53,ダ,1400,良
2022107169,ダイユウルージュ,2025-06-25,名古屋,3,3歳5組,12,7,9,247.6,12,11,丸野勝虎,55,ダ,1500,重
2022107169,ダイユウルージュ,2025-06-13,名古屋,3,3歳5組,10,8,9,104.7,10,9,丸野勝虎,55,ダ,1500,稍
2022107169,ダイユウルージュ,2025-06-03,名古屋,2,3歳5組,12,8,12,54.5,7,11,阪野学,55,ダ,1500,不
2022107169,ダイユウルージュ,2025-05-20,名古屋,8,3歳6組,12,5,6,43.7,7,11,阪野学,55,ダ,1500,稍
2022107169,ダイユウルージュ,2025-05-06,名古屋,2,3歳4組,11,2,2,2.8,1,10,岡部誠,55,ダ,1500,不
2022107169,ダイユウルージュ,2025-04-23,名古屋,2,3歳10組,10,7,7,3.9,3,1,岡部誠,55,ダ,1500,不
2022107169,ダイユウルージュ,2025-04-11,名古屋,2,3歳7組,11,1,1,11.8,5,4,岡部誠,55,ダ,1500,稍
2022107169,ダイユウルージュ,2025-03-08,中山,5,3歳未勝利,15,6,10,717.2,15,15,佐藤翔馬,52,芝,2000,良
2022107169,ダイユウルージュ,2025-02-22,東京,5,3歳未勝利,18,6,12,551.6,18,18,佐藤翔馬,52,芝,2400,良
2022107169,ダイユウルージュ,2025-01-18,中山,5,3歳未勝利,18,7,15,637.8,18,17,佐藤翔馬,52,芝,2000,良
2022107169,ダイユウルージュ,2024-12-14,中山,7,2歳未勝利,16,2,3,764.7,16,15,木幡育也,55,芝,1800,良
2022107169,ダイユウルージュ,2024-11-16,東京,5,2歳新馬,11,2,2,212.5,11,11,木幡育也,55,芝,1600,良
2022107180,ダイゴセイリュウ,2026-06-17,名古屋,8,レサト賞(B),11,8,10,16.9,4,6,細川智史,57,ダ,1400,良
2022107180,ダイゴセイリュウ,2026-05-19,名古屋,10,ポリマ特別(B),12,5,6,60.2,11,11,加藤聡一,57,ダ,1700,良
2022107180,ダイゴセイリュウ,2026-05-05,名古屋,1,デネボラ疾風戦(B),11,6,7,,,取,大畑慧悟,57,ダ,920,重
2022107180,ダイゴセイリュウ,2026-04-22,名古屋,7,B4組,12,4,4,9.8,6,2,加藤聡一,57,ダ,1500,良
2022107180,ダイゴセイリュウ,2026-04-08,名古屋,8,B5組,11,4,4,17.5,6,11,加藤聡一,57,ダ,1500,稍
2022107180,ダイゴセイリュウ,2026-03-10,名古屋,12,前ケ須街道特別(B),11,8,11,19.0,5,9,加藤聡一,57,ダ,1700,良
2022107180,ダイゴセイリュウ,2026-02-25,名古屋,8,B4組,10,1,1,8.4,3,3,加藤聡一,57,ダ,1500,不
2022107180,ダイゴセイリュウ,2026-02-11,名古屋,7,B6組,10,5,5,3.7,2,2,加藤聡一,57,ダ,1500,重
2022107180,ダイゴセイリュウ,2026-01-30,名古屋,12,アジア・アジアパラ応(B),12,1,1,2.5,1,1,加藤聡一,57,ダ,1700,良
2022107180,ダイゴセイリュウ,2026-01-03,名古屋,11,尾張名古屋杯(C),12,7,10,5.6,3,3,加藤聡一,57,ダ,1500,稍
2022107180,ダイゴセイリュウ,2025-12-24,名古屋,8,愛知県畜産特別(C),11,1,1,7.0,4,9,今井貴大,57,ダ,1500,不
2022107180,ダイゴセイリュウ,2025-11-26,名古屋,4,高広誕生日記念(C),12,5,5,33.6,6,1,加藤聡一,57,ダ,1400,良
2022107180,ダイゴセイリュウ,2025-11-11,名古屋,7,C16組,11,2,2,2.7,2,1,加藤聡一,57,ダ,1500,稍
2022107180,ダイゴセイリュウ,2025-10-30,名古屋,2,C13組,12,1,1,13.2,5,3,加藤聡一,57,ダ,1500,良
2022107180,ダイゴセイリュウ,2025-10-15,名古屋,8,C14組,11,1,1,14.4,4,2,加藤聡一,57,ダ,1500,重
2022107180,ダイゴセイリュウ,2025-09-30,名古屋,8,3歳7組,12,7,9,13.4,5,7,宮下瞳,55,ダ,1500,良
2022107180,ダイゴセイリュウ,2025-09-03,名古屋,4,3歳6組,12,4,4,10.7,4,4,加藤聡一,57,ダ,1500,良
2022107180,ダイゴセイリュウ,2025-08-02,中京,5,3歳未勝利,16,2,3,117.7,11,13,太宰啓介,57,ダ,1400,良
2022107180,ダイゴセイリュウ,2025-06-14,函館,6,3歳未勝利,14,8,14,47.6,10,9,酒井学,57,ダ,1700,良
2022107180,ダイゴセイリュウ,2025-05-18,京都,1,3歳未勝利,16,3,6,82.3,10,8,酒井学,57,ダ,1400,重
2022107180,ダイゴセイリュウ,2025-04-12,阪神,2,3歳未勝利,16,8,16,192.9,12,6,太宰啓介,57,ダ,1400,良
2022107180,ダイゴセイリュウ,2025-03-01,阪神,4,3歳未勝利,16,7,13,77.8,10,9,田口貫太,56,ダ,1400,良
2022107180,ダイゴセイリュウ,2025-02-16,京都,3,3歳未勝利,16,1,2,89.2,10,8,西塚洸二,56,ダ,1400,稍
2022107180,ダイゴセイリュウ,2025-02-01,京都,3,3歳未勝利,15,2,3,34.7,8,9,藤岡佑介,57,ダ,1400,良
2022107180,ダイゴセイリュウ,2024-12-08,京都,2,2歳未勝利,12,5,5,18.4,6,8,古川吉洋,56,ダ,1800,良
2022107180,ダイゴセイリュウ,2024-11-24,京都,4,2歳新馬,14,3,3,34.5,10,3,古川吉洋,56,ダ,1400,良
2022107279,ミトノキャット,2026-05-14,川崎,10,紫電一閃賞(B2),12,5,6,41.7,7,10,佐野遥久,54,ダ,900,良
2022107279,ミトノキャット,2026-04-09,川崎,10,星雲疾駆賞(B2),12,7,9,29.8,9,5,和田譲治,54,ダ,900,稍
2022107279,ミトノキャット,2026-02-03,川崎,10,唯我独尊賞(B2),12,2,2,5.9,3,10,新原周馬,54,ダ,900,良
2022107279,ミトノキャット,2026-01-01,川崎,9,クイック時計修理新春(B1B2),12,1,1,65.9,9,1,新原周馬,53,ダ,900,稍
2022107279,ミトノキャット,2025-12-17,川崎,9,開設15周年記念ジョ(B1B2),11,7,8,20.8,8,10,新原周馬,53,ダ,900,稍
2022107279,ミトノキャット,2025-11-08,京都,7,3歳以上1勝クラス,16,2,3,197.2,14,15,吉村誠之,54,ダ,1400,良
2022107279,ミトノキャット,2025-10-19,京都,7,3歳以上1勝クラス,12,5,6,20.6,7,12,坂井瑠星,55,ダ,1200,良
2022107279,ミトノキャット,2025-07-12,小倉,3,3歳未勝利,14,8,13,5.2,2,1,坂井瑠星,55,ダ,1000,良
2022107279,ミトノキャット,2025-07-05,小倉,4,3歳未勝利,14,5,8,10.6,5,2,松山弘平,55,ダ,1000,良
2022107279,ミトノキャット,2025-06-15,阪神,1,3歳未勝利,16,5,9,9.5,5,5,吉村誠之,54,ダ,1200,不
2022107279,ミトノキャット,2025-06-01,京都,1,3歳未勝利,15,3,6,11.0,6,5,幸英明,55,ダ,1200,良
2022107279,ミトノキャット,2025-05-11,京都,1,3歳未勝利,16,7,14,9.3,5,5,坂井瑠星,55,ダ,1200,稍
2022107279,ミトノキャット,2025-04-19,福島,1,3歳未勝利,16,5,10,6.0,3,3,佐々木大,55,ダ,1150,良
2022107279,ミトノキャット,2025-03-22,中京,2,3歳未勝利,16,5,10,13.5,4,3,西村淳也,55,ダ,1200,良
2022107279,ミトノキャット,2025-02-23,京都,1,3歳未勝利,14,5,7,14.1,7,10,中井裕二,55,ダ,1200,良
2022107279,ミトノキャット,2025-02-02,東京,1,3歳未勝利,16,3,6,5.9,3,4,木幡巧也,55,ダ,1400,稍
2022107279,ミトノキャット,2024-12-14,中山,3,2歳未勝利,16,6,11,3.3,1,7,木幡巧也,55,ダ,1200,良
2022107279,ミトノキャット,2024-11-30,中山,1,2歳未勝利,16,3,6,2.1,1,3,木幡巧也,55,ダ,1200,稍
2022107279,ミトノキャット,2024-09-21,中山,1,2歳未勝利,11,5,5,13.1,2,2,木幡巧也,55,ダ,1200,良
2022107279,ミトノキャット,2024-09-16,中山,3,2歳未勝利,13,8,13,30.2,7,3,木幡巧也,55,ダ,1200,良
2022107279,ミトノキャット,2024-08-25,新潟,6,2歳新馬,17,5,9,145.9,14,14,木幡巧也,55,芝,1600,良
2022107305,ソリタリオカズ,2026-08-31,大井,2,C3五 六,14,1,1,46.5,11,5,西優哉,53,ダ,1200,良
2022107305,ソリタリオカズ,2026-08-15,大井,2,C3五 六,14,6,9,33.4,10,7,西優哉,53,ダ,1200,重
2022107305,ソリタリオカズ,2026-07-20,大井,2,C3六 七,15,7,14,303.2,14,3,西優哉,53,ダ,1200,稍
2022107305,ソリタリオカズ,2026-07-01,大井,1,C3五,12,6,8,395.6,12,5,中村尚平,56,ダ,1200,稍
2022107305,ソリタリオカズ,2026-03-23,大井,1,C3九,11,4,4,387.3,11,10,仲原大生,56,ダ,1200,良
2022107305,ソリタリオカズ,2026-03-09,大井,1,C3九,14,3,3,317.0,14,10,仲原大生,56,ダ,1200,稍
2022107305,ソリタリオカズ,2026-02-16,大井,1,C3八 九,16,5,9,492.2,15,15,谷内貫太,55,ダ,1200,良
2022107305,ソリタリオカズ,2026-01-26,大井,2,C3八 九,13,8,14,206.3,12,5,谷内貫太,55,ダ,1200,良
2022107305,ソリタリオカズ,2026-01-12,大井,1,C3十,13,7,10,121.8,10,9,谷内貫太,55,ダ,1200,良
2022107305,ソリタリオカズ,2025-12-30,大井,2,3歳三 四,16,8,16,250.7,13,13,谷内貫太,55,ダ,1200,稍
2022107305,ソリタリオカズ,2025-06-30,大井,6,3歳11 1213(3歳12),9,7,8,,,取,藤本現暉,56,ダ,1400,良
2022107305,ソリタリオカズ,2025-01-15,大井,3,3歳十 11,7,6,6,167.8,7,5,仲原大生,56,ダ,1400,良
2022107305,ソリタリオカズ,2024-12-25,大井,1,2歳11 12,10,8,10,226.1,10,6,石川駿介,55,ダ,1400,良
2022107305,ソリタリオカズ,2024-12-01,大井,2,2歳九 十,14,3,4,131.2,12,14,今野忠成,55,ダ,1200,良
2022107305,ソリタリオカズ,2024-11-07,大井,4,2歳五 六,11,8,10,104.6,8,9,今野忠成,55,ダ,1400,稍
2022107305,ソリタリオカズ,2024-10-14,大井,2,2歳八 九,8,6,6,53.9,8,8,今野忠成,55,ダ,1400,良
2022107305,ソリタリオカズ,2024-09-29,大井,3,2歳七,10,7,8,65.4,7,9,安藤洋一,54,ダ,1200,稍
2022107305,ソリタリオカズ,2024-09-10,大井,5,2歳五 六,13,3,3,318.9,13,10,仲原大生,54,ダ,1200,良
2022107305,ソリタリオカズ,2024-08-14,大井,3,2歳五,13,4,5,30.9,7,10,仲原大生,54,ダ,1200,良
2022107305,ソリタリオカズ,2024-07-30,大井,5,2歳 新馬,7,3,3,45.6,6,5,谷内貫太,52,ダ,1200,良
2022107343,マードラド,2026-08-24,金沢,3,C23,10,6,6,12.2,5,5,魚住謙心,57,ダ,1400,良
2022107343,マードラド,2026-08-10,金沢,4,C22,8,8,8,7.3,3,5,魚住謙心,57,ダ,1400,重
2022107343,マードラド,2026-07-27,金沢,7,スマホで投票!楽天競(C2),12,7,9,30.4,5,6,魚住謙心,57,ダ,1400,稍
2022107343,マードラド,2026-07-12,金沢,2,オオタアキラ引退送別(C2),9,1,1,7.9,3,8,沖静男,57,ダ,1500,良
2022107343,マードラド,2026-06-28,金沢,1,小川雅士さんお誕生日(C2),9,1,1,14.6,2,2,魚住謙心,57,ダ,1400,重
2022107343,マードラド,2026-06-14,金沢,3,C24,8,4,4,30.6,4,3,魚住謙心,57,ダ,1500,良
2022107343,マードラド,2026-05-31,金沢,4,楽天競馬で馬券を買お(C2),9,2,2,11.6,5,7,浅野登生,54,ダ,900,良
2022107343,マードラド,2026-05-17,金沢,4,久保&amp;ゆりぽん結婚バ(C2),9,3,3,20.0,8,5,魚住謙心,57,ダ,1400,良
2022107343,マードラド,2026-05-03,金沢,2,C26,9,4,4,6.5,3,2,魚住謙心,57,ダ,1400,重
2022107343,マードラド,2026-04-24,金沢,9,C28,10,7,7,39.3,7,3,浅野登生,54,ダ,1500,良
2022107343,マードラド,2026-04-10,金沢,6,C24,9,2,2,11.7,5,4,魚住謙心,57,ダ,1500,不
2022107343,マードラド,2026-03-28,金沢,6,楽天競馬で馬券を買お(C2),9,1,1,3.2,3,6,魚住謙心,57,ダ,900,良
2022107343,マードラド,2026-03-15,金沢,3,プレゼントは万馬券!(C2),7,4,4,2.8,2,1,魚住謙心,57,ダ,1400,稍
2022107343,マードラド,2025-12-27,金沢,3,C210,12,6,8,17.1,4,4,青柳正義,57,ダ,1400,不
2022107343,マードラド,2025-12-14,金沢,4,たろー&amp;はなこは一緒(C2),9,5,5,7.6,4,3,魚住謙心,57,ダ,1400,不
2022107343,マードラド,2025-12-01,金沢,3,こうへいくん26歳お(C2),7,5,5,2.1,2,2,青柳正義,57,ダ,1500,稍
2022107343,マードラド,2025-11-16,金沢,4,C213,8,6,6,3.2,2,3,加藤翔馬,57,ダ,1500,良
2022107343,マードラド,2025-11-05,金沢,8,C28 特別編成(C2特別),8,3,3,6.6,4,2,青柳正義,57,ダ,1500,稍
2022107343,マードラド,2025-10-05,水沢,2,C2十二組,9,7,7,9.1,3,5,大坪慎,56,ダ,1300,稍
2022107343,マードラド,2025-09-22,水沢,2,3歳C2六組,11,6,6,13.5,5,7,大坪慎,56,ダ,1300,稍
2022107343,マードラド,2025-06-07,東京,3,3歳未勝利,16,2,3,156.0,12,9,内田博幸,57,ダ,1600,良
2022107343,マードラド,2025-03-30,中山,3,3歳未勝利,14,8,14,96.2,9,9,内田博幸,57,ダ,1800,稍
2022107343,マードラド,2025-02-23,東京,2,3歳未勝利,16,8,16,29.0,7,15,内田博幸,57,ダ,2100,良
2022107343,マードラド,2024-11-10,東京,5,2歳新馬,10,7,8,13.7,6,7,内田博幸,56,芝,1600,良
2022107367,ヴィクストリア,2026-05-24,盛岡,2,C2九組,8,4,4,,,除,菅原辰徳,56,ダ,1200,良
2022107367,ヴィクストリア,2026-05-10,盛岡,2,C2九組,9,8,9,15.5,5,9,菅原辰徳,56,ダ,1200,稍
2022107367,ヴィクストリア,2026-04-27,水沢,2,C2十組,11,6,6,6.2,4,5,菅原辰徳,56,ダ,1300,良
2022107367,ヴィクストリア,2026-04-19,水沢,3,C2十組,11,2,2,35.1,5,6,菅原辰徳,56,ダ,1300,良
2022107367,ヴィクストリア,2026-03-23,大井,1,C3九,11,7,9,337.0,9,8,藤本現暉,56,ダ,1200,良
2022107367,ヴィクストリア,2026-03-09,大井,1,C3九,14,1,1,286.0,13,14,高橋優,53,ダ,1200,稍
2022107367,ヴィクストリア,2026-02-16,大井,1,C3八 九,16,6,11,421.2,11,14,服部茂史,56,ダ,1200,良
2022107367,ヴィクストリア,2026-01-26,大井,2,C3八 九,13,7,12,193.7,11,6,服部茂史,56,ダ,1200,良
2022107367,ヴィクストリア,2026-01-12,大井,1,C3十,13,7,11,176.4,11,7,服部茂史,56,ダ,1200,良
2022107367,ヴィクストリア,2025-12-30,大井,1,3歳三 四,10,6,7,387.8,10,10,桑村真明,56,ダ,1600,稍
2022107367,ヴィクストリア,2025-12-04,大井,1,3歳四 五,10,5,5,356.8,10,9,高橋優,53,ダ,1600,良
2022107367,ヴィクストリア,2025-11-10,大井,1,3歳五,11,8,11,54.4,10,8,杉山海波,53,ダ,1200,稍
2022107367,ヴィクストリア,2025-10-20,大井,4,ひと、つながる。墨田(3歳),12,5,6,81.4,9,12,藤本現暉,56,ダ,1400,稍
2022107367,ヴィクストリア,2025-01-28,大井,3,3歳十 11,11,3,3,14.8,4,10,阿部龍,56,ダ,1400,良
2022107367,ヴィクストリア,2025-01-14,大井,5,3歳12 13,13,1,1,69.4,9,4,阿部龍,56,ダ,1400,稍
2022107367,ヴィクストリア,2024-12-25,大井,1,2歳11 12,10,8,9,17.7,4,10,鷹見陸,54,ダ,1400,良
2022107367,ヴィクストリア,2024-12-01,大井,4,2歳 新馬,11,2,2,100.9,11,9,谷内貫太,53,ダ,1200,良
2022107406,ライウ,2026-08-22,佐賀,5,C2ー4組,9,3,3,109.4,9,6,川島拓,54,ダ,1400,良
2022107406,ライウ,2026-07-18,佐賀,7,グリーンアパタイト賞(C1),11,5,5,168.7,11,8,川島拓,54,ダ,1400,良
2022107406,ライウ,2026-06-07,佐賀,9,レースフラワー賞(C1),11,5,5,54.2,9,10,金山昇馬,54,ダ,1400,稍
2022107406,ライウ,2026-05-24,佐賀,10,KYUSHUDREA(C1),11,6,6,52.9,7,7,田中直人,54,ダ,1400,良
2022107406,ライウ,2026-05-09,佐賀,6,C1ー11組,10,5,5,5.5,3,7,飛田愛斗,54,ダ,1300,良
2022107406,ライウ,2026-04-26,佐賀,3,C2ー4組,10,5,5,7.7,4,1,飛田愛斗,54,ダ,1400,重
2022107406,ライウ,2026-04-11,佐賀,6,C2ー6組,11,7,8,8.0,2,3,飛田愛斗,54,ダ,1400,不
2022107406,ライウ,2026-03-29,佐賀,3,C2ー8組,12,7,10,7.3,4,2,飛田愛斗,54,ダ,1400,良
2022107406,ライウ,2026-03-15,佐賀,3,C2ー8組,10,6,6,2.4,1,4,飛田愛斗,54,ダ,1400,良
2022107406,ライウ,2026-02-25,佐賀,6,C2ー11組,10,5,5,6.6,4,2,飛田愛斗,54,ダ,1400,不
2022107406,ライウ,2026-02-08,佐賀,3,C2ー18組,11,8,11,8.5,4,1,飛田愛斗,54,ダ,1400,良
2022107406,ライウ,2026-01-12,大井,3,C3八 九,15,5,9,91.5,9,10,保園翔也,54,ダ,1200,良
2022107406,ライウ,2025-12-30,大井,2,3歳三 四,16,7,14,258.1,14,9,保園翔也,54,ダ,1200,稍
2022107406,ライウ,2025-12-04,大井,2,3歳四 五,14,3,4,196.1,7,5,保園翔也,54,ダ,1200,良
2022107406,ライウ,2025-11-11,大井,2,3歳三 四,14,8,14,508.9,14,7,保園翔也,54,ダ,1200,稍
2022107406,ライウ,2025-09-01,大井,7,3歳九 十,14,1,1,75.1,10,11,鷹見陸,53,ダ,1200,良
2022107406,ライウ,2025-08-11,大井,2,3歳十 11,14,7,11,166.0,11,8,鷹見陸,53,ダ,1200,不
2022107406,ライウ,2025-07-14,大井,3,3歳11 12,11,6,7,51.6,6,5,鷹見陸,53,ダ,1200,稍
2022107406,ライウ,2025-06-30,大井,7,3歳11 1213(3歳12),12,8,11,199.2,10,9,鷹見陸,53,ダ,1200,良
2022107406,ライウ,2025-06-09,大井,6,3歳12 13,14,4,6,59.9,8,10,保園翔也,54,ダ,1200,良
2022107406,ライウ,2025-05-19,大井,3,3歳14 15,12,5,7,161.9,9,6,保園翔也,54,ダ,1200,重
2022107406,ライウ,2025-04-28,大井,3,3歳15 16,11,8,10,114.8,9,10,町田直希,54,ダ,1400,稍
2022107406,ライウ,2025-04-14,大井,4,3歳 選抜牝馬,14,5,7,56.5,10,8,町田直希,54,ダ,1200,不
2022107406,ライウ,2025-03-24,大井,7,3歳12 13,15,4,7,17.5,5,7,吉原寛人,54,ダ,1200,良
2022107406,ライウ,2025-02-18,大井,4,古川賞(3歳),11,7,9,26.6,6,5,吉原寛人,54,ダ,1200,良
2022107406,ライウ,2025-01-27,大井,6,3歳12 13,12,7,9,6.4,3,5,矢野貴之,54,ダ,1200,良
2022107406,ライウ,2024-12-26,大井,4,2歳 新馬,9,4,4,25.6,6,9,矢野貴之,54,ダ,1400,良
2022109014,ドッチナンダイ,2026-04-30,大井,1,C3一,14,1,1,57.1,9,13,東原悠善,56,ダ,1800,稍
2022109014,ドッチナンダイ,2026-04-13,大井,1,C3六 七,13,2,2,2.8,1,5,野畑凌,56,ダ,1600,良
2022109014,ドッチナンダイ,2026-03-25,大井,1,C3一,10,8,10,32.3,5,2,野畑凌,56,ダ,1800,良
2022109014,ドッチナンダイ,2026-03-09,大井,1,C3九,14,8,14,68.3,9,7,東原悠善,56,ダ,1200,稍
2022109014,ドッチナンダイ,2026-02-16,大井,2,C3八 九,12,5,6,71.2,7,7,東原悠善,56,ダ,1600,良
2022109014,ドッチナンダイ,2026-01-26,大井,1,C3八 九,11,2,2,105.2,7,7,東原悠善,56,ダ,1400,良
2022109014,ドッチナンダイ,2026-01-12,大井,1,C3十,13,4,4,30.5,3,3,東原悠善,56,ダ,1200,良
2022109014,ドッチナンダイ,2025-12-29,大井,1,3歳五,12,6,8,17.8,5,5,東原悠善,56,ダ,1200,重
2022109014,ドッチナンダイ,2025-12-04,大井,1,3歳四 五,10,8,10,207.3,8,5,東原悠善,56,ダ,1600,良
2022109014,ドッチナンダイ,2025-09-15,大井,3,3歳十 11,11,7,9,32.6,5,8,東原悠善,56,ダ,1400,稍
2022109025,ゴッドバーグ,2026-08-14,大井,8,C1五 六,16,8,16,2.9,1,1,安藤洋一,56,ダ,1200,不
2022109025,ゴッドバーグ,2026-07-01,大井,12,タイタン賞(C1四),15,6,11,10.7,4,3,安藤洋一,56,ダ,1200,稍
2022109025,ゴッドバーグ,2026-06-12,大井,12,てんびん座特別競走(C1四),14,8,13,5.5,3,中,安藤洋一,56,ダ,1400,稍
2022109025,ゴッドバーグ,2026-05-21,大井,6,C1二 三四(C1三),12,5,5,6.9,2,7,野畑凌,56,ダ,1400,稍
2022109025,ゴッドバーグ,2026-04-29,大井,9,C1六 七八(C1七),14,3,3,5.8,3,3,Ｅ．シャ,56,ダ,1200,稍
2022109025,ゴッドバーグ,2025-12-04,大井,8,プース・カフェ賞(C1三),13,7,11,,,除,藤田凌,56,ダ,1400,良
2022109025,ゴッドバーグ,2025-11-11,大井,9,がんばれ!馬産地日高(C1),13,7,10,10.2,4,3,藤田凌,56,ダ,1200,稍
2022109025,ゴッドバーグ,2025-10-21,大井,9,C1七 八,10,5,5,4.8,3,2,藤田凌,56,ダ,1200,稍
2022109025,ゴッドバーグ,2025-10-08,大井,12,白鳥賞(C1),16,7,13,5.7,2,8,藤田凌,56,ダ,1200,良
2022109025,ゴッドバーグ,2025-04-14,大井,7,クラシックチャレンジ(OP)(3歳),10,8,9,9.5,4,9,藤田凌,55,ダ,1800,不
2022109025,ゴッドバーグ,2025-03-13,大井,8,君子蘭特別競走(3歳),11,4,4,4.6,2,2,藤田凌,56,ダ,1400,重
2022109025,ゴッドバーグ,2025-02-20,大井,4,境川賞(3歳六),13,8,13,1.2,1,1,藤田凌,56,ダ,1400,良
2022109025,ゴッドバーグ,2025-01-27,大井,2,3歳 新馬,14,4,6,2.7,1,1,藤田凌,56,ダ,1200,良
2022109041,ヤマト,2026-08-17,盛岡,8,C1,8,4,4,35.7,7,8,坂井瑛音,55,ダ,1400,良
2022109041,ヤマト,2026-08-04,盛岡,10,C1四組,11,7,9,64.1,10,11,高松亮,56,ダ,1400,良
2022109041,ヤマト,2026-07-21,盛岡,9,C1,10,1,1,16.1,6,9,坂井瑛音,55,ダ,1400,良
2022109041,ヤマト,2026-07-06,盛岡,9,C1四組,10,7,8,4.8,2,6,阿部英俊,56,ダ,1400,良
2022109041,ヤマト,2026-06-21,水沢,8,祝30周年!SPAT(C1),11,5,5,3.1,1,6,阿部英俊,56,ダ,1600,不
2022109041,ヤマト,2026-06-09,水沢,2,C2二組,10,4,4,5.2,3,1,阿部英俊,56,ダ,1400,不
2022109041,ヤマト,2026-06-02,水沢,4,C2二組,8,8,8,1.9,1,3,阿部英俊,56,ダ,1400,良
2022109041,ヤマト,2026-05-26,盛岡,1,C2三組,11,4,4,15.8,6,2,阿部英俊,56,ダ,1400,良
2022109041,ヤマト,2026-05-18,盛岡,5,C2四組,9,1,1,2.1,1,4,阿部英俊,56,ダ,1200,良
2022109041,ヤマト,2026-05-11,盛岡,4,C2五組,9,3,3,14.6,3,3,阿部英俊,56,ダ,1400,良
2022109041,ヤマト,2026-05-05,盛岡,3,C2六組,10,5,5,8.5,2,2,阿部英俊,56,ダ,1200,重
2022109041,ヤマト,2026-04-28,水沢,4,C2六組,10,8,10,66.7,8,5,塚本涼人,56,ダ,1400,良
2022109041,ヤマト,2026-04-20,水沢,5,C2五組,11,6,6,44.9,6,7,塚本涼人,56,ダ,1300,良
2022109041,ヤマト,2026-03-23,大井,6,C215 16,12,2,2,106.5,10,10,田中洸多,56,ダ,1600,良
2022109041,ヤマト,2026-03-09,大井,9,C213 1415(C214),14,6,10,121.3,11,12,田中洸多,56,ダ,1600,稍
2022109041,ヤマト,2026-02-16,大井,6,C215 16,13,4,4,198.5,8,6,田中洸多,56,ダ,1600,良
2022109041,ヤマト,2026-01-26,大井,8,C214 15,13,7,10,142.3,9,10,田中洸多,56,ダ,1600,良
2022109041,ヤマト,2026-01-13,大井,8,C212 1314(C213),12,7,9,151.8,10,10,田中洸多,56,ダ,1400,良
2022109041,ヤマト,2025-12-25,大井,9,C215 1617(C216),14,4,6,184.6,13,10,田中洸多,56,ダ,1200,重
2022109041,ヤマト,2025-12-02,大井,3,C212 1314(C213),16,2,3,139.2,11,9,櫻井光輔,56,ダ,1200,良
2022109041,ヤマト,2025-11-10,大井,7,C215 1617(C216),12,5,6,157.7,10,12,櫻井光輔,56,ダ,1200,稍
2022109041,ヤマト,2025-10-20,大井,9,C214 15,10,1,1,30.2,6,6,櫻井光輔,56,ダ,1200,稍
2022109041,ヤマト,2025-10-08,大井,2,3歳五 六,10,1,1,67.8,9,1,櫻井光輔,56,ダ,1200,良
2022109041,ヤマト,2025-09-15,大井,4,3歳十 11,13,8,13,23.2,5,6,櫻井光輔,56,ダ,1200,稍
2022109041,ヤマト,2025-09-01,大井,6,3歳九 十,13,7,10,175.7,13,13,安藤洋一,56,ダ,1400,良
2022109041,ヤマト,2025-08-11,大井,1,3歳十 11,11,4,4,94.1,6,9,安藤洋一,56,ダ,1400,不
2022109041,ヤマト,2025-06-17,川崎,2,ガスト賞(3歳),8,4,4,128.8,8,5,櫻井光輔,56,ダ,900,稍
2022109041,ヤマト,2025-06-05,船橋,1,3歳六,11,3,3,106.6,11,10,櫻井光輔,56,ダ,1200,稍
2022109041,ヤマト,2025-05-15,川崎,1,ヴィチローク賞(3歳),12,1,1,49.0,8,7,新原周馬,56,ダ,900,稍
2022109041,ヤマト,2025-04-07,川崎,2,3歳7,9,5,5,102.4,9,9,安藤洋一,56,ダ,1400,稍
2022109041,ヤマト,2025-03-03,川崎,2,3歳9,8,5,5,76.5,8,3,安藤洋一,56,ダ,1400,重
2022109041,ヤマト,2025-02-05,川崎,2,未受賞(3歳),8,4,4,21.5,5,6,増田充宏,56,ダ,1400,稍
2022109041,ヤマト,2025-01-04,川崎,2,しめ飾り賞(3歳),12,4,4,79.9,9,7,安藤洋一,56,ダ,1400,良
2022109041,ヤマト,2024-12-12,川崎,2,2歳9 イ,8,6,6,9.2,5,7,伊藤裕人,55,ダ,1400,良
2022109041,ヤマト,2024-11-15,川崎,2,スパーキングデビュー(2歳),7,5,5,94.3,7,6,伊藤裕人,55,ダ,1400,稍
2022110040,リーティアコナル,2026-06-27,福島,11,バーデンバーデンC(3勝クラス),9,7,7,6.1,3,9,小崎綾也,58,芝,2000,良
2022110040,リーティアコナル,2026-04-19,中山,12,サンシャインS(3勝クラス),18,5,9,6.1,2,7,小崎綾也,56,芝,2200,良
2022110040,リーティアコナル,2026-03-28,中山,8,4歳以上2勝クラス,12,5,5,7.7,3,1,小崎綾也,58,芝,2000,稍
2022110040,リーティアコナル,2026-02-07,小倉,9,戸畑特別(1勝クラス),13,1,1,4.3,2,1,小崎綾也,57,芝,2000,稍
2022110040,リーティアコナル,2026-01-12,中山,12,4歳以上1勝クラス,18,7,15,37.2,10,4,小崎綾也,57,芝,2000,良
2022110040,リーティアコナル,2025-08-30,中京,3,3歳未勝利,15,1,1,13.4,6,1,小崎綾也,57,芝,2200,良
2022110040,リーティアコナル,2025-08-02,中京,4,3歳未勝利,14,2,2,12.2,5,5,小崎綾也,57,芝,2000,良
2022110040,リーティアコナル,2025-07-20,小倉,4,3歳未勝利,18,8,18,11.3,6,4,小崎綾也,57,芝,2000,良
2022110040,リーティアコナル,2025-06-22,阪神,4,3歳未勝利,15,3,4,4.5,2,4,小崎綾也,57,芝,2400,良
2022110040,リーティアコナル,2025-05-25,新潟,6,3歳未勝利,16,8,15,3.5,1,9,小崎綾也,57,芝,2200,稍
2022110040,リーティアコナル,2025-03-29,中京,5,3歳未勝利,18,8,18,6.3,5,3,小崎綾也,57,芝,2200,重
2022110040,リーティアコナル,2025-03-08,阪神,5,3歳未勝利,13,1,1,36.4,7,2,小崎綾也,57,芝,2000,良
2022110040,リーティアコナル,2025-02-16,京都,5,3歳未勝利,14,6,10,80.9,9,6,小崎綾也,57,芝,2000,稍
2022110040,リーティアコナル,2025-02-02,京都,6,3歳未勝利,11,8,11,14.2,6,10,戸崎圭太,57,芝,1600,稍
2022110040,リーティアコナル,2024-12-21,京都,5,2歳新馬,17,5,10,4.5,2,13,ムーア,56,芝,1600,良
2022110057,プレミアムハンド,2026-09-03,大井,11,セプテンバー賞競走(A2B1),9,7,7,180.3,9,7,佐野遥久,57,ダ,1800,良
2022110057,プレミアムハンド,2026-08-28,船橋,11,濃溝の滝賞(A2B1),12,5,7,279.7,11,9,佐野遥久,57,ダ,2200,良
2022110057,プレミアムハンド,2026-06-09,大井,11,サンタアニタトロフィ(A2),14,4,6,143.9,10,10,佐野遥久,57,ダ,1600,不
2022110057,プレミアムハンド,2026-04-09,川崎,11,幸OP(OP)(A14歳),14,7,11,184.7,13,13,山口達弥,55,ダ,1500,稍
2022110057,プレミアムハンド,2025-12-09,船橋,11,ハートビートC(OP)(3歳),8,7,7,73.8,7,4,桑村真明,56,ダ,1800,良
2022110057,プレミアムハンド,2025-09-10,川崎,11,戸塚記念(重賞),10,6,6,69.8,7,7,野畑凌,56,ダ,2100,良
2022110057,プレミアムハンド,2025-08-13,大井,11,黒潮盃競走(重賞),12,1,1,44.2,8,6,山中悠希,56,ダ,1800,稍
2022110057,プレミアムハンド,2025-06-11,大井,11,東京ダービー競走(JpnI),16,1,2,376.8,10,10,笹川翼,57,ダ,2000,不
2022110057,プレミアムハンド,2025-05-08,船橋,11,東京湾C(重賞),9,1,1,10.2,5,2,矢野貴之,57,ダ,1700,稍
2022110057,プレミアムハンド,2025-04-08,川崎,11,クラウンC(重賞),8,3,3,3.6,2,5,笹川翼,54,ダ,1600,稍
2022110057,プレミアムハンド,2025-03-26,大井,11,京浜盃競走(JpnII),14,8,14,182.9,9,12,笹川翼,56,ダ,1700,良
2022110057,プレミアムハンド,2025-03-05,川崎,11,椿(OP)(3歳),13,8,13,3.7,2,2,山本聡哉,55,ダ,1600,不
2022110057,プレミアムハンド,2025-02-19,大井,11,雲取賞競走(JpnIII),12,6,7,243.2,8,5,山本聡哉,57,ダ,1800,良
2022110057,プレミアムハンド,2025-01-08,浦和,11,ニューイヤーC(重賞),12,8,11,9.3,5,5,笹川翼,57,ダ,1500,重
2022110057,プレミアムハンド,2024-12-25,浦和,10,浦和ジュニアチャンピ(2歳),11,7,9,2.0,1,3,落合玄太,57,ダ,1500,良
2022110057,プレミアムハンド,2024-12-06,大井,7,はくたか特別競走(2歳),8,7,7,5.8,3,3,笹川翼,57,ダ,1800,良
2022110057,プレミアムハンド,2024-10-30,船橋,11,平和賞(重賞),9,8,8,17.8,5,3,笹川翼,55,ダ,1600,重
2022110057,プレミアムハンド,2024-10-24,浦和,7,新鋭特別(2歳),8,6,6,1.4,1,1,矢野貴之,56,ダ,1500,良
2022110057,プレミアムハンド,2024-09-20,浦和,5,新生特別(2歳),12,6,7,2.8,1,2,矢野貴之,55,ダ,1500,良
2022110057,プレミアムハンド,2024-09-05,川崎,11,若武者(重賞),8,8,8,17.4,5,3,矢野貴之,54,ダ,1500,稍
2022110057,プレミアムハンド,2024-07-25,川崎,6,シャイニングヒーロー(2歳),14,7,12,1.7,1,9,森泰斗,54,ダ,1500,良
2022110057,プレミアムハンド,2024-07-17,浦和,5,若竹特別(2歳),9,7,7,3.5,2,3,矢野貴之,54,ダ,1400,重
2022110057,プレミアムハンド,2024-06-25,船橋,4,ヒルガオ特別(2歳),7,2,2,6.4,3,2,張田昂,54,ダ,1200,重
2022110057,プレミアムハンド,2024-05-20,浦和,5,ドリームチャレンジ(2歳),8,8,8,1.2,1,1,矢野貴之,54,ダ,800,不
2022110090,シュパネントウィル,2025-09-17,名古屋,10,名古屋CCライム賞(3歳),12,4,4,1.3,1,1,塚本征吾,57,ダ,1500,良
2022110090,シュパネントウィル,2025-08-02,中京,5,3歳未勝利,16,1,1,2.0,1,2,川田将雅,57,ダ,1400,良
2022110090,シュパネントウィル,2025-07-19,小倉,6,3歳未勝利,16,7,13,4.5,2,2,川田将雅,57,ダ,1700,重
2022110090,シュパネントウィル,2024-11-23,京都,2,2歳未勝利,14,2,2,1.9,1,3,武豊,56,ダ,1800,良
2022110090,シュパネントウィル,2024-10-26,京都,2,2歳未勝利,11,5,5,1.8,1,2,武豊,56,ダ,1800,良
2022110090,シュパネントウィル,2024-09-28,中京,4,2歳新馬,16,1,1,13.6,4,2,武豊,55,ダ,1800,良
2022110099,シャークル,2026-07-20,大井,8,マタドール賞(C212),13,7,12,4.7,2,5,笹川翼,56,ダ,1400,良
2022110099,シャークル,2026-06-09,大井,5,C2九 十11(C2十),11,1,1,1.5,1,3,笹川翼,55,ダ,1400,不
2022110099,シャークル,2026-04-13,大井,10,C213 1415(C214),13,1,1,1.1,1,2,笹川翼,55,ダ,1400,良
2022110099,シャークル,2026-01-14,大井,1,C3四 五,13,4,5,1.2,1,1,笹川翼,55,ダ,1600,良
2022110099,シャークル,2025-09-15,大井,3,3歳十 11,11,7,8,1.2,1,1,笹川翼,54,ダ,1400,稍
2022110100,キュベベペッパー,2026-07-20,大井,2,C3六 七,15,5,10,5.9,3,10,安藤洋一,56,ダ,1200,稍
2022110100,キュベベペッパー,2026-03-11,大井,1,C3三 四,14,8,13,4.0,2,14,安藤洋一,55,ダ,1600,良
2022110100,キュベベペッパー,2026-02-18,大井,1,C3四 五,12,8,12,1.2,1,5,安藤洋一,55,ダ,1200,稍
2022110100,キュベベペッパー,2025-11-10,大井,1,3歳五,11,8,10,1.4,1,1,安藤洋一,55,ダ,1200,稍
2023100025,オレユウタヤン,2026-07-03,大井,5,3歳一 二三(3歳二),11,5,5,1.3,1,1,藤本現暉,57,ダ,1200,不
2023100025,オレユウタヤン,2026-05-19,大井,10,優駿スプリントトライ(OP)(3歳),13,4,5,17.3,5,5,藤本現暉,56,ダ,1200,良
2023100025,オレユウタヤン,2026-03-13,大井,2,3歳一 二三(3歳二),9,7,7,1.6,1,2,藤本現暉,56,ダ,1400,良
2023100025,オレユウタヤン,2026-02-20,大井,1,3歳四 五,14,8,14,6.4,3,1,藤本現暉,56,ダ,1200,良
2023100025,オレユウタヤン,2025-10-08,大井,4,2歳四 五,6,1,1,3.1,2,3,藤本現暉,55,ダ,1200,良
2023100025,オレユウタヤン,2025-09-17,大井,4,2歳三 四,10,6,6,4.0,2,3,藤本現暉,54,ダ,1200,良
2023100025,オレユウタヤン,2025-06-09,大井,3,2歳 新馬,8,4,4,15.6,4,2,藤本現暉,54,ダ,1200,良
2023100088,アースフレンドリー,2026-09-01,大井,8,ピンク・ジン賞(3歳九),16,4,8,80.9,10,5,東原悠善,54,ダ,1200,良
2023100088,アースフレンドリー,2026-08-13,大井,5,3歳六 七八(3歳七),15,3,5,60.4,10,7,東原悠善,54,ダ,1200,不
2023100088,アースフレンドリー,2026-07-21,大井,3,3歳八 九十(3歳九),14,3,4,44.1,8,6,東原悠善,54,ダ,1200,良
2023100088,アースフレンドリー,2026-07-01,大井,3,3歳七 八,11,5,5,112.6,9,7,東原悠善,54,ダ,1200,稍
2023100088,アースフレンドリー,2026-06-10,大井,4,3歳七 八九(3歳八),14,7,12,95.1,12,9,東原悠善,54,ダ,1400,重
2023100088,アースフレンドリー,2026-05-21,大井,3,3歳六 七八(3歳七),16,6,11,29.7,10,9,東原悠善,54,ダ,1200,稍
2023100088,アースフレンドリー,2026-04-27,大井,6,3歳12 1314(3歳13),14,3,4,39.0,6,2,東原悠善,54,ダ,1200,不
2023100088,アースフレンドリー,2026-04-13,大井,6,3歳12 13,10,4,4,22.0,6,5,東原悠善,54,ダ,1200,良
2023100088,アースフレンドリー,2026-03-24,大井,4,3歳11 12,11,6,7,108.0,9,5,東原悠善,54,ダ,1200,良
2023100088,アースフレンドリー,2026-03-09,大井,6,3歳11 12,14,3,4,64.1,6,14,東原悠善,54,ダ,1400,稍
2023100088,アースフレンドリー,2026-02-16,大井,3,3歳 選抜牝馬,11,6,6,248.8,11,4,東原悠善,54,ダ,1200,良
2023100088,アースフレンドリー,2026-01-26,大井,5,3歳12 13,13,8,13,366.9,13,12,東原悠善,54,ダ,1200,良
2023100088,アースフレンドリー,2026-01-12,大井,6,3歳十 11,14,6,9,244.3,14,14,東原悠善,54,ダ,1400,良
2023100088,アースフレンドリー,2025-12-24,大井,4,2歳九 十,8,7,7,116.6,8,8,東原悠善,54,ダ,1400,重
2023100088,アースフレンドリー,2025-12-01,大井,3,2歳七 八,12,5,6,83.8,9,11,東原悠善,54,ダ,1200,良
2023100088,アースフレンドリー,2025-11-11,大井,4,2歳 新馬,6,6,6,71.2,5,6,高橋優,51,ダ,1400,稍
2023100150,ドナソレイ,2026-07-28,川崎,8,烈火賞(C1),12,3,3,13.8,6,6,藤田凌,53,ダ,900,良
2023100150,ドナソレイ,2026-07-09,川崎,8,疾風賞(C1),10,8,9,30.3,5,4,藤田凌,53,ダ,900,良
2023100150,ドナソレイ,2026-06-18,川崎,2,ヴィントシュトース賞(3歳),10,7,8,31.2,8,2,藤田凌,55,ダ,900,重
2023100150,ドナソレイ,2026-05-12,川崎,6,メイフラワー賞(3歳),12,7,10,143.9,12,12,櫻井光輔,54,ダ,1400,良
2023100150,ドナソレイ,2026-04-24,浦和,4,さいたま市産ヨーロッ(3歳),10,7,7,16.4,5,9,櫻井光輔,54,ダ,800,重
2023100150,ドナソレイ,2026-04-06,川崎,4,レインボー賞(3歳),12,8,12,32.0,7,4,櫻井光輔,54,ダ,900,重
2023100150,ドナソレイ,2026-03-16,浦和,2,浦和800ラウンド(3歳),11,8,11,9.6,5,9,櫻井光輔,55,ダ,800,稍
2023100150,ドナソレイ,2026-03-05,川崎,3,シュトゥルムヴィント(3歳),12,1,1,14.6,5,6,櫻井光輔,54,ダ,900,重
2023100150,ドナソレイ,2026-01-24,小倉,3,3歳未勝利,14,3,4,63.1,7,12,大久保友,52,ダ,1000,良
2023100150,ドナソレイ,2025-11-24,福島,1,2歳未勝利,16,6,11,17.9,6,11,石田拓郎,52,ダ,1150,良
2023100150,ドナソレイ,2025-11-09,福島,1,2歳未勝利,16,8,16,15.1,6,4,石田拓郎,52,ダ,1150,良
2023100150,ドナソレイ,2025-08-03,札幌,1,2歳未勝利,12,1,1,3.0,1,12,小林美駒,52,ダ,1000,良
2023100150,ドナソレイ,2025-07-13,函館,1,2歳未勝利,12,7,10,2.5,1,3,横山武史,55,ダ,1000,良
2023100150,ドナソレイ,2025-07-05,函館,5,2歳新馬,7,1,1,3.7,2,2,横山武史,55,ダ,1000,重
2023100203,コスモスフレイバー,2026-07-23,大井,4,3歳四 五,9,2,2,1.1,1,1,西啓太,54,ダ,1600,良
2023100203,コスモスフレイバー,2025-10-23,大井,3,2歳 新馬,6,2,2,1.6,1,1,西啓太,54,ダ,1400,重
2023100203,コスモスフレイバー,2025-07-01,大井,4,2歳 新馬,7,6,6,,,取,西啓太,54,ダ,1400,良
2023100294,アーメダバード,2026-09-02,大井,2,3歳六 七,16,8,16,30.8,7,16,和田譲治,56,ダ,1200,良
2023100294,アーメダバード,2026-08-13,大井,4,3歳六 七八(3歳七),14,1,1,19.0,4,14,和田譲治,56,ダ,1400,不
2023100294,アーメダバード,2026-04-15,大井,5,3歳六 七八(3歳七),14,8,14,9.3,4,4,和田譲治,56,ダ,1200,良
2023100294,アーメダバード,2026-03-23,大井,5,3歳13 14,14,3,3,9.9,5,1,中山遥人,55,ダ,1200,良
2023100294,アーメダバード,2026-02-16,大井,5,3歳11 12,13,4,4,16.0,4,6,谷内貫太,55,ダ,1200,良
2023100294,アーメダバード,2026-01-12,大井,5,3歳 新馬,7,7,7,4.6,4,6,矢野貴之,56,ダ,1200,良
2023100310,ナナセショー,2026-08-12,大井,4,3歳九 十11(3歳十),14,8,13,94.9,10,11,高橋優,53,ダ,1400,不
2023100310,ナナセショー,2026-07-21,大井,3,3歳八 九十(3歳九),14,8,13,14.5,4,11,江里口裕,56,ダ,1200,良
2023100310,ナナセショー,2026-06-29,大井,6,3歳九 十,14,4,5,133.1,9,11,高橋優,53,ダ,1200,不
2023100310,ナナセショー,2026-06-09,大井,2,3歳十 11,13,4,4,64.3,7,13,菅原涼太,56,ダ,1200,不
2023100310,ナナセショー,2026-05-18,大井,2,3歳11 12,14,6,9,257.7,12,2,菅原涼太,56,ダ,1200,良
2023100310,ナナセショー,2026-04-27,大井,6,3歳12 1314(3歳13),14,6,10,167.4,14,10,菅原涼太,56,ダ,1200,不
2023100310,ナナセショー,2026-04-13,大井,6,3歳12 13,10,7,9,300.7,10,8,菅原涼太,56,ダ,1200,良
2023100310,ナナセショー,2026-01-26,大井,4,北沢川賞(3歳),13,4,4,246.4,13,10,谷内貫太,55,ダ,1400,良
2023100310,ナナセショー,2026-01-12,大井,6,3歳十 11,14,7,11,221.8,13,12,江里口裕,56,ダ,1400,良
2023100310,ナナセショー,2025-12-25,大井,6,2歳七 八,10,8,10,348.7,10,10,江里口裕,55,ダ,1200,重
2023100310,ナナセショー,2025-12-01,大井,3,2歳七 八,12,6,7,136.5,12,7,江里口裕,55,ダ,1200,良
2023100310,ナナセショー,2025-11-13,大井,4,2歳五 六,12,5,5,194.2,11,9,江里口裕,55,ダ,1200,稍
2023100310,ナナセショー,2025-10-21,大井,4,しぶやダイバーシティ(2歳),10,7,7,127.8,9,10,江里口裕,55,ダ,1200,稍
2023100310,ナナセショー,2025-10-05,大井,2,2歳八,11,6,6,176.7,11,11,谷内貫太,54,ダ,1200,良
2023100310,ナナセショー,2025-09-16,大井,5,2歳五 六,8,6,6,20.7,5,8,谷内貫太,53,ダ,1200,稍
2023100310,ナナセショー,2025-09-03,大井,4,2歳五 六,11,5,5,91.0,8,10,谷内貫太,53,ダ,1200,良
2023100310,ナナセショー,2025-05-19,大井,5,2歳 新馬,6,6,6,40.9,6,5,安藤洋一,54,ダ,1000,重
2023100345,エスプリギャノン,2026-07-20,大井,6,3歳11 12,13,3,3,72.4,11,7,藤田凌,54,ダ,1200,良
2023100345,エスプリギャノン,2026-06-29,大井,2,3歳11 12,14,7,12,213.1,14,13,谷内貫太,53,ダ,1200,不
2023100345,エスプリギャノン,2026-06-08,大井,4,3歳12 13,10,4,4,160.2,9,10,高橋優,51,ダ,1400,不
2023100345,エスプリギャノン,2026-05-18,大井,2,3歳11 12,14,3,3,237.0,11,8,高橋優,51,ダ,1200,良
2023100345,エスプリギャノン,2026-04-27,大井,3,3歳 選抜牝馬,11,2,2,173.4,11,11,杉山海波,51,ダ,1200,不
2023100345,エスプリギャノン,2026-04-13,大井,5,3歳12 13,12,7,10,303.1,11,11,高橋優,51,ダ,1400,良
2023100345,エスプリギャノン,2026-03-23,大井,4,3歳13 14,7,5,5,92.0,7,5,高橋優,51,ダ,1400,良
2023100345,エスプリギャノン,2026-03-09,大井,5,3歳13 14,11,6,7,184.2,10,9,高橋優,51,ダ,1200,稍
2023100345,エスプリギャノン,2026-02-16,大井,3,3歳 選抜牝馬,11,7,8,119.6,9,8,高橋優,51,ダ,1200,良
2023100345,エスプリギャノン,2026-01-26,大井,5,3歳12 13,13,5,6,280.5,12,11,高橋優,51,ダ,1200,良
2023100345,エスプリギャノン,2026-01-12,大井,7,3歳十 11,13,2,2,113.0,11,11,高橋優,51,ダ,1200,良
2023100345,エスプリギャノン,2025-08-13,大井,4,2歳 選抜牝馬,9,3,3,9.6,4,8,矢野貴之,54,ダ,1200,重
2023100345,エスプリギャノン,2025-07-18,大井,3,2歳 新馬,8,7,7,13.8,4,7,御神本訓,54,ダ,1400,稍
2023100357,ハッピーメモリー,2026-03-26,大井,5,3歳四 五六(3歳五),12,6,8,378.8,11,12,千田洋,54,ダ,1400,不
2023100357,ハッピーメモリー,2026-03-12,大井,5,3歳四 五六(3歳五),12,4,4,390.6,11,11,千田洋,54,ダ,1200,良
2023100357,ハッピーメモリー,2026-02-20,大井,4,内川賞(3歳二),10,1,1,158.9,9,10,西啓太,54,ダ,1400,良
2023100357,ハッピーメモリー,2026-01-30,大井,4,鳶巣川賞(3歳二),9,8,10,108.9,7,9,西啓太,54,ダ,1200,良
2023100357,ハッピーメモリー,2026-01-14,大井,3,3歳 選抜牝馬,11,7,8,102.7,8,7,西啓太,54,ダ,1200,良
2023100357,ハッピーメモリー,2025-09-05,大井,3,2歳一 二,7,6,6,21.5,6,6,杉山海波,51,ダ,1200,不
2023100357,ハッピーメモリー,2025-08-13,大井,4,2歳 選抜牝馬,9,7,7,5.2,2,1,杉山海波,51,ダ,1200,重
2023100357,ハッピーメモリー,2025-07-18,大井,4,2歳 新馬,10,6,6,42.5,7,4,西啓太,54,ダ,1200,稍
2023100460,ルマタンエレガン,2026-03-09,大井,6,3歳11 12,14,2,2,132.2,9,10,西啓太,56,ダ,1400,稍
2023100460,ルマタンエレガン,2026-02-16,大井,4,九品仏川賞(3歳),12,1,1,44.1,7,7,石川倭,56,ダ,1400,良
2023100460,ルマタンエレガン,2026-01-26,大井,4,北沢川賞(3歳),13,7,10,10.2,6,4,石川倭,56,ダ,1400,良
2023100460,ルマタンエレガン,2026-01-12,大井,6,3歳十 11,14,7,12,42.4,7,7,西啓太,56,ダ,1400,良
2023100460,ルマタンエレガン,2025-12-24,大井,4,2歳九 十,8,1,1,8.8,4,7,西啓太,55,ダ,1400,重
2023100460,ルマタンエレガン,2025-12-01,大井,2,2歳七 八,14,7,11,27.7,7,7,西啓太,55,ダ,1400,良
2023100460,ルマタンエレガン,2025-11-13,大井,3,2歳五 六,10,6,6,17.2,5,9,矢野貴之,55,ダ,1400,稍
2023100460,ルマタンエレガン,2025-10-20,大井,3,こうとう!コトミちゃ(2歳),9,5,5,1.5,1,6,矢野貴之,55,ダ,1200,稍
2023100460,ルマタンエレガン,2025-10-05,大井,2,2歳八,11,3,3,5.0,4,7,矢野貴之,55,ダ,1200,良
2023100460,ルマタンエレガン,2025-09-19,大井,5,2歳 新馬,7,2,2,16.8,4,6,笹川翼,54,ダ,1400,不
2023100487,ニャンモロー,2026-08-19,川崎,10,火竜賞(C1),12,1,1,6.8,3,2,本田正重,53,ダ,900,良
2023100487,ニャンモロー,2026-07-28,川崎,8,烈火賞(C1),12,6,7,2.7,1,2,本田正重,53,ダ,900,良
2023100487,ニャンモロー,2026-07-09,川崎,8,疾風賞(C1),10,6,6,2.5,1,2,本田正重,53,ダ,900,良
2023100487,ニャンモロー,2026-06-18,川崎,2,ヴィントシュトース賞(3歳),10,1,1,2.8,2,1,矢野貴之,55,ダ,900,重
2023100487,ニャンモロー,2026-05-12,川崎,6,メイフラワー賞(3歳),12,8,11,25.1,6,7,矢野貴之,54,ダ,1400,良
2023100487,ニャンモロー,2026-05-01,大井,4,3歳一 二三(3歳二),8,1,1,28.8,5,8,杉山海波,51,ダ,1200,不
2023100487,ニャンモロー,2026-04-17,大井,5,3歳一 二三(3歳二),9,3,3,6.0,2,5,杉山海波,51,ダ,1400,重
2023100487,ニャンモロー,2026-03-25,大井,3,3歳七 八,14,8,14,1.6,1,1,矢野貴之,54,ダ,1200,良
2023100487,ニャンモロー,2026-01-14,大井,3,3歳 選抜牝馬,11,8,11,7.3,4,5,桑村真明,54,ダ,1200,良
2023100487,ニャンモロー,2025-12-26,大井,2,2歳五 六,14,4,6,3.8,2,3,桑村真明,54,ダ,1200,重
2023100487,ニャンモロー,2025-11-09,福島,1,2歳未勝利,16,8,15,8.1,4,9,菊沢一樹,55,ダ,1150,良
2023100487,ニャンモロー,2025-09-14,中山,3,2歳未勝利,15,6,11,7.0,4,6,石田拓郎,52,ダ,1200,稍
2023100487,ニャンモロー,2025-09-06,中山,6,2歳新馬,16,5,10,25.1,8,4,石田拓郎,52,ダ,1200,稍
2023100524,ゴルトフェニックス,2026-07-21,大井,9,C1七 八,12,8,12,3.6,2,1,矢野貴之,55,ダ,1200,良
2023100524,ゴルトフェニックス,2026-07-02,大井,4,3歳四 五六(3歳五),13,8,12,1.6,1,1,矢野貴之,56,ダ,1400,不
2023100524,ゴルトフェニックス,2026-06-11,大井,5,3歳四 五六(3歳五),14,1,1,5.0,3,9,江里口裕,56,ダ,1200,稍
2023100524,ゴルトフェニックス,2026-02-20,大井,5,3歳一 二三(3歳二),13,6,9,50.9,5,7,江里口裕,56,ダ,1200,良
2023100524,ゴルトフェニックス,2026-01-30,大井,3,3歳一 二三(3歳二),8,6,6,18.7,5,6,江里口裕,56,ダ,1400,良
2023100524,ゴルトフェニックス,2025-12-25,大井,4,2歳 新馬,7,1,1,1.8,1,1,江里口裕,55,ダ,1400,重
2023100525,ゴルトフラッシュ,2026-06-11,大井,5,3歳四 五六(3歳五),14,7,11,6.4,4,2,澤田龍哉,56,ダ,1200,稍
2023100525,ゴルトフラッシュ,2026-05-22,大井,2,3歳四 五,15,4,6,16.7,4,6,江里口裕,56,ダ,1200,不
2023100525,ゴルトフラッシュ,2026-01-15,大井,8,サルビア特別競走(3歳),7,7,7,14.0,5,7,江里口裕,56,ダ,1700,良
2023100525,ゴルトフラッシュ,2025-12-25,大井,3,2歳 新馬,7,3,3,12.9,4,1,江里口裕,55,ダ,1600,重
2023100536,シビックフォイル,2026-08-15,大井,9,サマーバケーション賞(B3),14,7,11,5.3,2,7,和田譲治,53,ダ,1400,稍
2023100536,シビックフォイル,2026-05-21,大井,4,3歳 選抜牝馬,13,8,13,2.4,1,1,笹川翼,55,ダ,1400,稍
2023100536,シビックフォイル,2026-04-30,大井,11,東京プリンセス賞競走(重賞),11,5,5,92.7,7,9,笹川翼,54,ダ,1800,稍
2023100536,シビックフォイル,2026-03-27,大井,7,つくし特別競走(3歳二),8,6,6,3.9,2,2,笹川翼,55,ダ,1400,重
2023100536,シビックフォイル,2026-02-18,大井,9,クロッカス特別競走(3歳),11,3,3,13.2,7,1,笹川翼,54,ダ,1400,稍
2023100536,シビックフォイル,2026-01-28,大井,4,残堀川賞(3歳),11,6,7,6.2,2,1,和田譲治,54,ダ,1200,良
2023100536,シビックフォイル,2025-12-29,大井,3,2歳三 四,12,8,11,3.7,2,7,笹川翼,54,ダ,1200,重
2023100536,シビックフォイル,2025-12-05,大井,6,しながわ水族館賞(2歳三),15,4,7,7.8,5,5,小野楓馬,54,ダ,1200,良
2023100536,シビックフォイル,2025-10-14,門別,1,恋するキッチンカー賞(2歳),8,3,3,1.6,1,1,落合玄太,55,ダ,1100,稍
2023100536,シビックフォイル,2025-10-01,門別,1,2歳未勝利,7,6,6,1.3,1,2,岩橋勇二,55,ダ,1200,良
2023100536,シビックフォイル,2025-09-17,門別,2,2歳未勝利,12,1,1,22.8,7,4,岩橋勇二,55,ダ,1200,良
2023100536,シビックフォイル,2025-08-27,門別,1,新ひだか町に新規就農(2歳),12,4,4,24.0,4,5,岩橋勇二,55,ダ,1200,稍
2023100536,シビックフォイル,2025-08-14,門別,3,JRA認定競走アタッ(2歳),10,2,2,41.4,7,8,秋元耕成,55,ダ,1200,良
2023100536,シビックフォイル,2025-07-24,門別,3,JRA認定競走アタッ(2歳),9,8,8,56.9,9,4,宮内勇樹,55,ダ,1200,良
2023100536,シビックフォイル,2025-07-10,門別,5,JRA認定競走アタッ(2歳),8,6,6,20.4,5,5,服部茂史,55,ダ,1200,良
2023100536,シビックフォイル,2025-06-19,門別,5,JRA認定競走フレッ(2歳),11,6,7,48.9,8,4,服部茂史,55,ダ,1000,良
2023100539,ストラディウス,2026-08-13,大井,9,黒潮盃競走(重賞),15,5,8,9.8,3,3,御神本訓,56,ダ,1800,不
2023100539,ストラディウス,2026-07-20,大井,9,明星賞競走(B2),8,5,5,1.5,1,2,矢野貴之,54,ダ,1800,良
2023100539,ストラディウス,2026-04-17,大井,4,3歳一 二三(3歳二),7,7,7,2.6,2,1,矢野貴之,56,ダ,1600,重
2023100539,ストラディウス,2025-12-05,大井,4,都市生活共創拠点本格(2歳三),11,1,1,1.1,1,2,矢野貴之,55,ダ,1600,良
2023100539,ストラディウス,2025-11-11,大井,4,2歳 新馬,6,5,5,1.4,1,1,矢野貴之,55,ダ,1400,稍
2023100648,サヴォア,2026-08-15,大井,6,テキーラ・サンセット(3歳二),13,5,6,105.2,12,11,櫻井光輔,54,ダ,1400,重
2023100648,サヴォア,2026-07-24,大井,6,3歳一 二三(3歳二),,7,13,,,,佐野遥久,54,ダ,1200,良
2023100648,サヴォア,2026-07-03,大井,5,3歳一 二三(3歳二),11,1,1,60.4,7,9,杉山海波,51,ダ,1200,不
2023100648,サヴォア,2026-06-12,大井,3,3歳一 二三(3歳二),12,6,8,276.2,12,8,岡村健司,54,ダ,1200,稍
2023100648,サヴォア,2026-05-22,大井,4,3歳一 二三(3歳二),16,3,6,226.1,13,7,岡村健司,54,ダ,1200,不
2023100648,サヴォア,2026-04-17,大井,6,マーガレット特別競走(3歳二),13,1,1,279.6,12,8,岡村健司,54,ダ,1200,重
2023100648,サヴォア,2026-03-27,大井,2,3歳一 二三(3歳二),12,8,11,61.6,7,10,岡村健司,54,ダ,1200,不
2023100648,サヴォア,2025-12-05,大井,4,都市生活共創拠点本格(2歳三),11,4,4,23.4,4,5,岡村健司,54,ダ,1600,良
2023100648,サヴォア,2025-10-23,大井,2,駆け巡る新宿!馬の足(2歳),10,1,1,10.5,5,4,野畑凌,54,ダ,1200,重
2023100648,サヴォア,2025-09-18,大井,4,2歳一 二,9,3,3,39.2,7,2,岡村健司,54,ダ,1200,良
2023100648,サヴォア,2025-08-14,大井,3,2歳一 二,11,3,3,28.3,6,11,岡村健司,54,ダ,1200,稍
2023100648,サヴォア,2025-07-17,大井,1,2歳 選抜牝馬,9,3,3,6.2,3,1,岡村健司,54,ダ,1200,不
2023100648,サヴォア,2025-06-09,大井,3,2歳 新馬,8,3,3,66.8,7,5,岡村健司,54,ダ,1200,良
2023100663,シューゼウス,2026-02-20,大井,3,3歳一 二三(3歳二),14,5,8,3.6,1,2,和田譲治,56,ダ,1600,良
2023100663,シューゼウス,2026-01-27,大井,5,3歳八 九,12,5,5,1.1,1,1,和田譲治,56,ダ,1400,良
2023100663,シューゼウス,2026-01-12,大井,4,3歳 新馬,6,2,2,28.4,6,2,和田譲治,56,ダ,1400,良
2023100665,リップスキップ,2026-08-13,大井,5,3歳六 七八(3歳七),15,4,7,19.8,9,中,和田譲治,54,ダ,1200,不
2023100665,リップスキップ,2026-07-22,大井,4,3歳六 七,14,7,12,89.2,9,5,和田譲治,54,ダ,1200,良
2023100665,リップスキップ,2026-07-01,大井,3,3歳七 八,11,7,10,26.7,4,6,和田譲治,54,ダ,1200,稍
2023100665,リップスキップ,2026-06-10,大井,3,3歳七 八九(3歳八),11,3,3,113.3,10,11,谷内貫太,53,ダ,1600,重
2023100665,リップスキップ,2026-05-21,大井,3,3歳六 七八(3歳七),16,1,1,132.1,14,16,谷内貫太,53,ダ,1200,稍
2023100665,リップスキップ,2026-04-28,大井,5,3歳九 十11(3歳十),14,4,6,48.9,8,12,谷内貫太,53,ダ,1200,不
2023100665,リップスキップ,2026-03-24,大井,4,3歳11 12,11,6,6,16.3,4,2,谷内貫太,53,ダ,1200,良
2023100665,リップスキップ,2026-03-09,大井,7,3歳11 12,10,7,8,6.9,5,6,谷内貫太,53,ダ,1200,稍
2023100665,リップスキップ,2026-02-17,大井,4,古川賞(3歳),12,1,1,46.4,7,5,谷内貫太,53,ダ,1200,稍
2023100665,リップスキップ,2026-01-12,大井,7,3歳十 11,13,5,7,5.5,2,4,和田譲治,54,ダ,1200,良
2023100665,リップスキップ,2025-12-25,大井,4,2歳 新馬,7,5,5,28.1,6,5,谷内貫太,53,ダ,1400,重
2023100790,リアンリーヴァ,2026-08-15,大井,7,3歳一 二三(3歳二),16,3,5,24.1,6,5,笹川翼,56,ダ,1200,稍
2023100790,リアンリーヴァ,2026-05-01,大井,3,3歳一 二三(3歳二),9,2,2,39.5,6,7,鷹見陸,56,ダ,1600,不
2023100790,リアンリーヴァ,2026-04-17,大井,4,3歳一 二三(3歳二),7,5,5,17.9,4,4,笹川翼,56,ダ,1600,重
2023100790,リアンリーヴァ,2026-03-13,大井,2,3歳一 二三(3歳二),9,3,3,8.7,4,7,笹川翼,56,ダ,1400,良
2023100790,リアンリーヴァ,2026-02-20,大井,3,3歳一 二三(3歳二),14,4,6,9.5,5,5,笹川翼,56,ダ,1600,良
2023100790,リアンリーヴァ,2026-01-30,大井,3,3歳一 二三(3歳二),8,2,2,22.8,6,3,笹川翼,56,ダ,1400,良
2023100790,リアンリーヴァ,2025-12-24,大井,3,2歳 新馬,10,1,1,7.0,4,1,笹川翼,55,ダ,1200,重
2023101025,グラシアレス,2026-08-13,大井,10,サマートゥインクル賞(B2B3),14,1,1,62.5,11,5,吉原寛人,54,ダ,1200,不
2023101025,グラシアレス,2026-07-20,大井,12,六角坂賞競走(B3),14,6,10,39.7,8,6,和田譲治,55,ダ,1200,良
2023101025,グラシアレス,2026-06-30,盛岡,12,ハヤテスプリント(重賞),11,1,1,41.1,7,6,筒井勇介,56,ダ,1200,良
2023101025,グラシアレス,2026-06-10,大井,10,リキラリアット賞競走(B3),14,3,4,11.5,4,8,吉原寛人,54,ダ,1200,重
2023101025,グラシアレス,2026-05-19,大井,10,優駿スプリントトライ(OP)(3歳),13,8,13,111.0,10,7,鷹見陸,56,ダ,1200,良
2023101025,グラシアレス,2026-04-07,金沢,12,ネクストスター中日本(重賞),12,6,7,12.4,5,4,吉原寛人,57,ダ,1400,稍
2023101025,グラシアレス,2026-03-24,金沢,6,3歳A 2,7,6,6,1.7,1,1,中島龍也,57,ダ,1500,稍
2023101025,グラシアレス,2026-03-11,金沢,10,若駒賞(3歳),9,6,6,9.0,4,6,平瀬城久,58,ダ,1500,重
2023101025,グラシアレス,2026-02-20,大井,4,内川賞(3歳二),10,7,8,36.1,5,4,鷹見陸,57,ダ,1400,良
2023101025,グラシアレス,2025-12-16,金沢,6,SAKEヤシマ5周年(2歳),8,4,4,1.6,1,1,吉原寛人,57,ダ,1500,不
2023101025,グラシアレス,2025-11-24,金沢,10,金沢ヤングチャンピオ(重賞),10,5,5,4.5,2,5,吉原寛人,57,ダ,1700,稍
2023101025,グラシアレス,2025-10-28,金沢,11,ネクストスター金沢(重賞),11,7,8,10.2,4,2,渡辺竜也,56,ダ,1400,稍
2023101025,グラシアレス,2025-09-29,金沢,7,2歳2,6,3,3,1.4,1,1,吉原寛人,57,ダ,1400,良
2023101025,グラシアレス,2025-08-14,門別,3,JRA認定競走アタッ(2歳),10,7,8,11.6,5,1,服部茂史,55,ダ,1200,良
2023101025,グラシアレス,2025-07-29,門別,4,JRA認定競走アタッ(2歳),12,8,12,30.8,6,2,服部茂史,55,ダ,1200,重
2023101025,グラシアレス,2025-07-17,門別,3,JRA認定競走アタッ(2歳),10,8,9,77.3,10,7,阿部龍,55,ダ,1200,稍
2023101025,グラシアレス,2025-07-02,門別,3,JRA認定競走アタッ(2歳),11,2,2,113.7,10,6,阿部龍,55,ダ,1200,良
2023101025,グラシアレス,2025-06-12,門別,5,JRA認定競走フレッ(2歳),10,3,3,5.3,3,4,石川倭,55,ダ,1100,稍
2023101211,ファジーエンジェル,2026-08-13,大井,4,3歳六 七八(3歳七),14,5,7,47.3,9,8,東原悠善,54,ダ,1400,不
2023101211,ファジーエンジェル,2026-07-22,大井,4,3歳六 七,14,8,13,150.4,12,7,石川駿介,54,ダ,1200,良
2023101211,ファジーエンジェル,2026-07-01,大井,3,3歳七 八,11,8,11,36.7,6,5,西啓太,54,ダ,1200,稍
2023101211,ファジーエンジェル,2026-06-10,大井,5,3歳七 八九(3歳八),13,6,9,47.9,9,9,藤本現暉,54,ダ,1200,重
2023101211,ファジーエンジェル,2026-05-20,大井,5,3歳九 十,11,6,8,43.6,6,3,藤本現暉,54,ダ,1200,良
2023101211,ファジーエンジェル,2026-04-28,大井,5,3歳九 十11(3歳十),14,6,10,252.1,13,8,藤本現暉,54,ダ,1200,不
2023101211,ファジーエンジェル,2026-04-14,大井,3,3歳九 十11(3歳十),11,6,6,116.3,9,7,藤本現暉,54,ダ,1200,良
2023101211,ファジーエンジェル,2026-03-24,大井,6,3歳九 十,14,8,14,41.1,7,8,仲原大生,54,ダ,1200,良
2023101211,ファジーエンジェル,2026-03-09,大井,7,3歳11 12,10,2,2,9.5,6,5,仲原大生,54,ダ,1200,稍
2023101211,ファジーエンジェル,2026-02-16,大井,5,3歳11 12,13,2,2,190.9,11,3,仲原大生,54,ダ,1200,良
2023101211,ファジーエンジェル,2026-01-26,大井,5,3歳12 13,13,5,7,32.3,7,6,仲原大生,54,ダ,1200,良
2023101211,ファジーエンジェル,2026-01-12,大井,7,3歳十 11,13,4,4,116.3,12,5,仲原大生,54,ダ,1200,良
2023101211,ファジーエンジェル,2025-12-24,大井,5,2歳九 十,11,7,8,26.8,7,9,東原悠善,54,ダ,1200,重
2023101211,ファジーエンジェル,2025-12-01,大井,5,2歳 新馬,10,8,9,191.1,10,8,東原悠善,54,ダ,1200,良
2023101216,ドキドキ,2026-06-30,大井,11,優駿スプリント競走(重賞),16,3,6,14.6,5,9,和田譲治,56,ダ,1200,重
2023101216,ドキドキ,2026-05-19,大井,10,優駿スプリントトライ(OP)(3歳),13,6,8,6.3,3,1,和田譲治,57,ダ,1200,良
2023101216,ドキドキ,2026-03-13,大井,7,君子蘭特別競走(3歳二),10,1,1,6.7,3,1,藤本現暉,57,ダ,1200,良
2023101216,ドキドキ,2025-12-04,大井,11,ジェムストーン賞競走(重賞),16,7,13,31.1,6,8,藤本現暉,56,ダ,1200,良
2023101216,ドキドキ,2025-11-12,大井,11,ハイセイコー記念競走(重賞),16,1,1,15.7,7,9,御神本訓,55,ダ,1600,稍
2023101216,ドキドキ,2025-09-04,大井,11,ゴールドジュニア競走(重賞),6,4,4,9.7,3,2,藤本現暉,54,ダ,1400,良
2023101216,ドキドキ,2025-08-14,大井,3,2歳一 二,11,8,12,5.3,3,1,藤本現暉,54,ダ,1200,稍
2023101216,ドキドキ,2025-07-18,大井,6,ニューホープ特別競走(2歳),5,1,1,4.4,2,2,藤本現暉,54,ダ,1200,稍
2023101216,ドキドキ,2025-06-10,大井,2,2歳二,7,3,3,8.6,5,1,藤本現暉,54,ダ,1200,稍
2023101216,ドキドキ,2025-05-02,大井,5,2歳 新馬,5,2,2,2.1,1,5,矢野貴之,54,ダ,1000,不
2023101222,ラストラブラブ,2026-08-17,大井,7,月見草特別競走(3歳),12,2,2,3.3,1,1,吉井章,54,ダ,1600,稍
2023101222,ラストラブラブ,2026-07-24,大井,4,3歳一 二三(3歳二),11,6,6,12.7,4,2,吉井章,54,ダ,1600,良
2023101222,ラストラブラブ,2026-07-03,大井,3,3歳一 二三(3歳二),12,6,7,134.2,10,7,吉井章,54,ダ,1600,不
2023101222,ラストラブラブ,2026-06-11,大井,3,3歳四 五六(3歳五),9,1,1,20.1,6,2,吉井章,54,ダ,1600,稍
2023101222,ラストラブラブ,2026-05-21,大井,4,3歳 選抜牝馬,13,6,9,111.7,10,7,野畑凌,54,ダ,1400,稍
2023101222,ラストラブラブ,2025-10-09,大井,4,2歳二 三,6,6,6,41.5,6,5,野畑凌,54,ダ,1600,良
2023101222,ラストラブラブ,2025-09-18,大井,4,2歳一 二,9,8,8,4.8,2,4,西啓太,54,ダ,1200,良
2023101222,ラストラブラブ,2025-08-10,大井,3,2歳 新馬,9,3,3,4.3,2,1,西啓太,54,ダ,1200,不
2023101270,アイビーマレンゴの競走成績,2026-04-28,大井,5,3歳九 十11(3歳十),14,8,13,14.4,6,13,石川駿介,56,ダ,1200,不
2023101270,アイビーマレンゴの競走成績,2026-01-26,大井,5,3歳12 13,13,4,5,3.4,2,2,石川駿介,56,ダ,1200,良
2023101270,アイビーマレンゴの競走成績,2026-01-12,大井,4,3歳 新馬,6,5,5,7.3,2,5,笹川翼,56,ダ,1400,良
2023101311,ロンギングトップ,2026-01-26,大井,4,北沢川賞(3歳),13,8,12,7.2,4,6,吉井章,56,ダ,1400,良
2023101311,ロンギングトップ,2026-01-12,大井,7,3歳十 11,13,6,9,12.1,5,9,吉井章,56,ダ,1200,良
2023101311,ロンギングトップ,2025-12-24,大井,3,2歳 新馬,10,4,4,31.3,6,9,吉井章,55,ダ,1200,重
2023101474,ピューナー,2026-07-23,大井,4,3歳四 五,9,5,5,9.9,2,9,杉山海波,51,ダ,1600,良
2023101474,ピューナー,2026-07-02,大井,4,3歳四 五六(3歳五),13,4,5,6.2,3,9,杉山海波,51,ダ,1400,不
2023101474,ピューナー,2026-06-11,大井,4,3歳四 五六(3歳五),14,5,8,71.4,9,3,杉山海波,51,ダ,1400,稍
2023101474,ピューナー,2026-05-22,大井,2,3歳四 五,15,4,7,52.0,7,8,岡村健司,54,ダ,1200,不
2023101474,ピューナー,2026-04-17,大井,3,3歳四 五,14,2,2,60.5,11,10,岡村健司,54,ダ,1200,重
2023101474,ピューナー,2026-03-26,大井,5,3歳四 五六(3歳五),12,6,7,86.9,9,10,達城龍次,54,ダ,1400,不
2023101474,ピューナー,2025-12-01,大井,3,2歳七 八,12,8,11,3.8,3,1,達城龍次,54,ダ,1200,良
2023101474,ピューナー,2025-11-10,大井,4,2歳 新馬,11,4,4,41.8,7,6,達城龍次,54,ダ,1200,稍
2023101486,ジャスティス,2026-08-13,大井,7,ペルセウス座特別競走(C1),8,8,8,2.4,1,5,達城龍次,55,ダ,1800,不
2023101486,ジャスティス,2026-07-20,大井,9,明星賞競走(B2),8,6,6,23.9,4,4,達城龍次,54,ダ,1800,良
2023101486,ジャスティス,2026-03-09,大井,11,’26スターバースト(OP)(3歳),10,5,5,88.9,7,6,達城龍次,56,ダ,2000,稍
2023101486,ジャスティス,2026-02-18,大井,11,雲取賞競走(JpnIII),16,4,7,647.6,16,16,達城龍次,56,ダ,1800,良
2023101486,ジャスティス,2026-01-15,大井,8,サルビア特別競走(3歳),7,2,2,11.7,4,3,達城龍次,56,ダ,1700,良
2023101486,ジャスティス,2025-12-26,大井,9,’25セラフィナイト(OP)(2歳),10,2,2,18.1,6,4,達城龍次,55,ダ,1800,重
2023101486,ジャスティス,2025-12-05,大井,7,はくたか特別競走(2歳),10,8,9,25.3,7,4,達城龍次,55,ダ,1800,良
2023101486,ジャスティス,2025-11-13,大井,3,2歳五 六,10,8,9,7.0,4,1,達城龍次,55,ダ,1400,稍
2023101486,ジャスティス,2025-10-21,大井,3,都市農業フェス202(2歳),13,4,5,2.9,1,8,和田譲治,55,ダ,1400,稍
2023101486,ジャスティス,2025-07-17,大井,2,2歳三,7,4,4,3.1,2,7,和田譲治,54,ダ,1200,不
2023101486,ジャスティス,2025-06-09,大井,2,2歳 新馬,8,5,5,6.2,3,5,和田譲治,54,ダ,1400,良
2023101510,ブイスリーの競走成績,2026-08-15,大井,7,3歳一 二三(3歳二),16,8,16,46.5,8,12,吉井章,56,ダ,1200,稍
2023101510,ブイスリーの競走成績,2026-07-24,大井,6,3歳一 二三(3歳二),,4,7,,,,吉井章,56,ダ,1200,良
2023101510,ブイスリーの競走成績,2026-06-11,大井,5,3歳四 五六(3歳五),14,8,14,16.2,7,3,西啓太,56,ダ,1200,稍
2023101510,ブイスリーの競走成績,2026-05-22,大井,4,3歳一 二三(3歳二),16,8,15,199.0,11,8,菅原涼太,56,ダ,1200,不
2023101510,ブイスリーの競走成績,2026-04-17,大井,3,3歳四 五,14,6,10,232.1,14,3,菅原涼太,56,ダ,1200,重
2023101510,ブイスリーの競走成績,2026-03-26,大井,6,3歳四 五六(3歳五),13,3,3,311.9,13,9,菅原涼太,56,ダ,1200,不
2023101510,ブイスリーの競走成績,2026-03-12,大井,5,3歳四 五六(3歳五),12,8,12,527.7,12,7,菅原涼太,56,ダ,1200,良
2023101510,ブイスリーの競走成績,2026-02-20,大井,1,3歳四 五,14,2,2,381.7,14,12,菅原涼太,56,ダ,1200,良
2023101510,ブイスリーの競走成績,2026-01-29,大井,5,3歳四 五,7,2,2,45.8,6,6,和田譲治,56,ダ,1200,良
2023101510,ブイスリーの競走成績,2026-01-15,大井,3,3歳二 三,8,3,3,149.3,8,6,和田譲治,56,ダ,1200,良
2023101510,ブイスリーの競走成績,2025-12-30,大井,3,2歳一 二,8,3,3,131.1,8,7,和田譲治,55,ダ,1600,稍
2023101510,ブイスリーの競走成績,2025-12-05,大井,5,SDGs未来都市しな(2歳三),11,7,9,169.8,7,11,和田譲治,55,ダ,1400,良
2023101510,ブイスリーの競走成績,2025-11-14,大井,5,ひばり特別競走(2歳),11,3,3,53.6,7,10,和田譲治,55,ダ,1200,稍
2023101510,ブイスリーの競走成績,2025-10-20,大井,3,こうとう!コトミちゃ(2歳),9,4,4,13.0,5,1,和田譲治,55,ダ,1200,稍
2023101510,ブイスリーの競走成績,2025-10-05,大井,2,2歳八,11,7,8,39.3,7,8,和田譲治,55,ダ,1200,良
2023101510,ブイスリーの競走成績,2025-09-16,大井,4,2歳五 六,8,7,7,34.4,7,8,和田譲治,54,ダ,1400,稍
2023101510,ブイスリーの競走成績,2025-09-01,大井,4,2歳 新馬,9,8,8,16.9,6,8,西啓太,54,ダ,1200,良
2023101608,トイロ,2026-05-22,大井,10,牡丹特別競走(3歳二),8,8,8,1.1,1,1,鷹見陸,57,ダ,1600,不
2023101608,トイロ,2026-04-17,大井,4,3歳一 二三(3歳二),7,6,6,1.4,1,2,吉井章,57,ダ,1600,重
2023101608,トイロ,2026-03-27,大井,1,3歳一 二三(3歳二),9,3,3,1.8,1,2,吉井章,57,ダ,1600,不
2023101608,トイロ,2026-03-13,大井,1,3歳一 二三(3歳二),6,2,2,1.6,1,2,吉井章,56,ダ,1600,良
2023101608,トイロ,2026-02-20,大井,3,3歳一 二三(3歳二),14,8,13,4.4,3,1,吉井章,56,ダ,1600,良
2023101608,トイロ,2026-01-29,大井,4,鯉川賞(3歳),12,2,2,1.5,1,2,吉井章,56,ダ,1600,良
2023101608,トイロ,2026-01-12,大井,5,3歳 新馬,7,3,3,3.4,1,1,吉井章,56,ダ,1200,良
2023101628,ジーティークィーン,2026-09-01,大井,8,ピンク・ジン賞(3歳九),16,2,3,95.2,12,9,西優哉,51,ダ,1200,良
2023101628,ジーティークィーン,2026-08-13,大井,5,3歳六 七八(3歳七),15,3,4,82.0,12,14,杉山海波,51,ダ,1200,不
2023101628,ジーティークィーン,2026-07-22,大井,4,3歳六 七,14,4,6,121.0,10,10,杉山海波,51,ダ,1200,良
2023101628,ジーティークィーン,2026-07-01,大井,2,3歳七 八,13,3,4,71.5,9,13,東原悠善,54,ダ,1600,稍
2023101628,ジーティークィーン,2026-06-10,大井,5,3歳七 八九(3歳八),13,1,1,14.1,4,7,和田譲治,54,ダ,1200,重
2023101628,ジーティークィーン,2026-05-21,大井,3,3歳六 七八(3歳七),16,6,12,9.0,4,10,和田譲治,54,ダ,1200,稍
2023101628,ジーティークィーン,2026-02-17,大井,4,古川賞(3歳),12,2,2,12.5,5,2,和田譲治,54,ダ,1200,稍
2023101628,ジーティークィーン,2026-01-27,大井,6,3歳八 九,11,6,7,3.9,2,8,矢野貴之,54,ダ,1200,良
2023101628,ジーティークィーン,2026-01-12,大井,7,3歳十 11,13,4,5,16.0,6,2,矢野貴之,54,ダ,1200,良
2023101628,ジーティークィーン,2025-12-24,大井,3,2歳 新馬,10,7,7,11.1,5,8,矢野貴之,54,ダ,1200,重
2023101800,エースインフェルノ,2026-08-13,大井,5,3歳六 七八(3歳七),15,7,12,18.5,8,10,高橋優,51,ダ,1200,不
2023101800,エースインフェルノ,2026-07-21,大井,3,3歳八 九十(3歳九),14,3,3,16.1,6,3,高橋優,51,ダ,1200,良
2023101800,エースインフェルノ,2026-07-01,大井,2,3歳七 八,13,8,14,23.7,4,12,高橋優,51,ダ,1600,稍
2023101800,エースインフェルノ,2026-06-09,大井,1,3歳十 11,9,6,6,14.1,4,3,高橋優,51,ダ,1600,不
2023101800,エースインフェルノ,2026-05-21,大井,1,3歳六 七八(3歳七),11,1,1,250.1,10,6,高橋優,51,ダ,1600,稍
2023101800,エースインフェルノ,2026-04-28,大井,5,3歳九 十11(3歳十),14,5,7,158.7,11,9,達城龍次,54,ダ,1200,不
2023101800,エースインフェルノ,2026-04-14,大井,3,3歳九 十11(3歳十),11,6,7,63.6,7,8,達城龍次,54,ダ,1200,良
2023101800,エースインフェルノ,2026-03-24,大井,6,3歳九 十,14,2,2,9.6,4,10,達城龍次,54,ダ,1200,良
2023101800,エースインフェルノ,2026-03-09,大井,7,3歳11 12,10,1,1,14.3,7,3,達城龍次,54,ダ,1200,稍
2023101800,エースインフェルノ,2026-02-16,大井,5,3歳11 12,13,7,11,26.2,7,7,達城龍次,54,ダ,1200,良
2023101800,エースインフェルノ,2026-01-26,大井,5,3歳12 13,13,7,11,10.3,4,3,達城龍次,54,ダ,1200,良
2023101800,エースインフェルノ,2026-01-12,大井,7,3歳十 11,13,8,13,24.6,7,6,達城龍次,54,ダ,1200,良
2023101800,エースインフェルノ,2025-07-18,大井,4,2歳 新馬,10,8,10,50.4,8,9,達城龍次,54,ダ,1200,稍
2023101874,カレラディオ,2025-07-18,大井,3,2歳 新馬,8,3,3,2.5,2,1,西啓太,54,ダ,1400,稍
2023101896,リノカ,2026-06-17,川崎,11,関東オークス【指定交(JpnII),14,7,12,561.3,14,12,安藤洋一,55,ダ,2100,稍
2023101896,リノカ,2026-05-21,大井,4,3歳 選抜牝馬,13,3,3,4.6,3,2,安藤洋一,54,ダ,1400,稍
2023101896,リノカ,2026-04-30,大井,11,東京プリンセス賞競走(重賞),11,1,1,174.9,9,5,安藤洋一,54,ダ,1800,稍
2023101896,リノカ,2026-03-26,大井,9,アザレア特別競走(3歳),8,4,4,40.7,7,4,和田譲治,54,ダ,1800,不
2023101896,リノカ,2025-12-25,大井,6,2歳七 八,10,5,5,2.2,2,1,笹川翼,54,ダ,1200,重
2023101896,リノカ,2025-12-01,大井,4,2歳 新馬,10,2,2,6.7,3,3,笹川翼,54,ダ,1200,良
2023101984,ゴールデンバンブー,2026-05-22,大井,4,3歳一 二三(3歳二),16,8,16,19.4,5,5,高橋昭平,56,ダ,1200,不
2023101984,ゴールデンバンブー,2026-05-01,大井,2,3歳四 五,13,7,11,7.0,3,2,高橋昭平,56,ダ,1200,不
2023101984,ゴールデンバンブー,2025-09-18,大井,4,2歳一 二,9,8,9,17.9,5,5,高橋昭平,54,ダ,1200,良
2023101984,ゴールデンバンブー,2025-09-05,大井,3,2歳一 二,7,1,1,5.5,2,5,高橋昭平,54,ダ,1200,不
2023101984,ゴールデンバンブー,2025-08-14,大井,3,2歳一 二,11,6,7,24.1,5,10,高橋昭平,54,ダ,1200,稍
2023101984,ゴールデンバンブー,2025-07-17,大井,2,2歳三,7,5,5,65.3,7,1,高橋昭平,54,ダ,1200,不
2023101984,ゴールデンバンブー,2025-07-01,大井,5,2歳 新馬,5,4,4,18.4,4,4,和田譲治,54,ダ,1200,良
2023102014,ラナカイドウ,2026-06-11,笠松,3,祝!アラサー理華子生(3歳),9,2,2,38.4,7,9,筒井勇介,55,ダ,1400,良
2023102014,ラナカイドウ,2026-05-28,笠松,3,3歳6組,10,4,4,7.0,4,6,丸野勝虎,55,ダ,1400,良
2023102014,ラナカイドウ,2026-03-24,大井,4,3歳11 12,11,1,1,10.1,3,11,藤田凌,54,ダ,1200,良
2023102014,ラナカイドウ,2026-02-16,大井,4,九品仏川賞(3歳),12,8,12,14.4,5,8,野畑凌,54,ダ,1400,良
2023102014,ラナカイドウ,2026-01-12,大井,6,3歳十 11,14,5,8,15.3,5,4,藤田凌,54,ダ,1400,良
2023102014,ラナカイドウ,2025-12-02,大井,4,2歳 新馬,6,5,5,65.6,6,6,和田譲治,54,ダ,1600,良
2023102064,カレンドリーム,2026-01-12,大井,5,3歳 新馬,7,1,1,41.9,7,中,藤本現暉,56,ダ,1200,良
2023102100,ケーニヒスアレー,2025-12-24,大井,5,2歳九 十,11,6,7,1.5,1,1,矢野貴之,54,ダ,1200,重
2023102100,ケーニヒスアレー,2025-12-02,大井,5,2歳 新馬,10,7,7,18.6,5,6,矢野貴之,54,ダ,1400,良
2023102114,バーナードハンサム,2026-08-15,大井,4,3歳一 二三(3歳二),8,5,5,1.4,1,1,本田正重,56,ダ,1600,重
2023102114,バーナードハンサム,2026-04-17,大井,2,3歳四 五,11,2,2,1.2,1,3,御神本訓,56,ダ,1600,重
2023102114,バーナードハンサム,2025-12-02,大井,5,2歳 新馬,10,6,6,1.1,1,1,御神本訓,55,ダ,1400,良
2023102136,スズノアリマール,2026-07-24,大井,5,3歳一 二三(3歳二),,1,1,,,,笹川翼,54,ダ,1400,良
2023102136,スズノアリマール,2026-07-02,大井,3,3歳四 五六(3歳五),8,8,9,1.9,1,1,笹川翼,54,ダ,1600,不
2023102136,スズノアリマール,2026-04-27,大井,5,3歳12 1314(3歳13),10,4,4,1.6,1,1,笹川翼,54,ダ,1400,不
2023102136,スズノアリマール,2026-01-12,大井,5,3歳 新馬,7,5,5,4.5,3,3,笹川翼,54,ダ,1200,良
2023102303,アエノホープ,2026-07-20,大井,6,3歳11 12,13,4,5,45.5,8,9,杉山海波,51,ダ,1200,良
2023102303,アエノホープ,2026-06-29,大井,2,3歳11 12,14,8,13,179.6,13,11,杉山海波,51,ダ,1200,不
2023102303,アエノホープ,2026-02-16,大井,3,3歳 選抜牝馬,11,1,1,62.2,6,6,鷹見陸,54,ダ,1200,良
2023102303,アエノホープ,2026-01-26,大井,5,3歳12 13,13,8,12,275.2,11,10,谷内貫太,53,ダ,1200,良
2023102303,アエノホープ,2026-01-12,大井,7,3歳十 11,13,8,12,111.4,10,12,谷内貫太,53,ダ,1200,良
2023102303,アエノホープ,2025-12-24,大井,5,2歳九 十,11,8,10,163.2,10,8,谷内貫太,53,ダ,1200,重
2023102303,アエノホープ,2025-08-10,大井,2,2歳 新馬,7,5,5,25.8,6,7,本田正重,54,ダ,1400,不
2023102538,ダルトン,2026-08-12,大井,5,3歳九 十11(3歳十),16,8,16,79.0,9,5,高橋優,53,ダ,1200,不
2023102538,ダルトン,2026-07-21,大井,3,3歳八 九十(3歳九),14,4,5,64.5,10,8,菅原涼太,56,ダ,1200,良
2023102538,ダルトン,2026-06-29,大井,6,3歳九 十,14,5,8,140.4,11,9,石川駿介,56,ダ,1200,不
2023102538,ダルトン,2026-06-09,大井,2,3歳十 11,13,8,13,111.7,10,12,石川駿介,56,ダ,1200,不
2023102538,ダルトン,2026-02-17,大井,4,古川賞(3歳),12,4,4,27.8,6,6,石川駿介,56,ダ,1200,稍
2023102538,ダルトン,2026-01-27,大井,4,仙川賞(3歳),13,5,6,8.0,3,7,石川駿介,56,ダ,1200,良
2023102538,ダルトン,2026-01-12,大井,7,3歳十 11,13,1,1,7.3,4,3,石川駿介,56,ダ,1200,良
2023102538,ダルトン,2025-12-25,大井,6,2歳七 八,10,2,2,289.9,9,6,石川駿介,55,ダ,1200,重
2023102538,ダルトン,2025-12-01,大井,2,2歳七 八,14,2,2,55.2,10,14,菅原涼太,55,ダ,1400,良
2023102538,ダルトン,2025-11-13,大井,4,2歳五 六,12,6,7,112.9,10,7,菅原涼太,55,ダ,1200,稍
2023102538,ダルトン,2025-10-23,大井,3,2歳 新馬,6,3,3,71.7,6,5,菅原涼太,55,ダ,1400,重
2023102559,サインドピース,2026-02-16,大井,5,3歳11 12,13,4,5,24.4,6,9,和田譲治,56,ダ,1200,良
2023102559,サインドピース,2026-01-26,大井,4,北沢川賞(3歳),13,6,8,2.6,1,11,和田譲治,56,ダ,1400,良
2023102559,サインドピース,2026-01-12,大井,6,3歳十 11,14,2,2,4.9,2,5,和田譲治,56,ダ,1400,良
2023102559,サインドピース,2025-12-25,大井,3,2歳 新馬,7,1,1,75.2,7,6,和田譲治,55,ダ,1600,重
2023102604,シュガーバイン,2026-06-11,大井,4,3歳四 五六(3歳五),14,7,12,3.4,2,1,藤本現暉,54,ダ,1400,稍
2023102604,シュガーバイン,2026-02-18,大井,9,クロッカス特別競走(3歳),11,7,8,7.6,4,8,藤本現暉,54,ダ,1400,稍
2023102604,シュガーバイン,2026-01-30,大井,2,3歳一 二三(3歳二),9,3,3,37.3,6,6,藤本現暉,54,ダ,1600,良
2023102604,シュガーバイン,2025-10-21,大井,4,しぶやダイバーシティ(2歳),10,3,3,1.4,1,1,藤本現暉,54,ダ,1200,稍
2023102604,シュガーバイン,2025-09-19,大井,6,2歳 新馬,8,3,3,2.7,1,3,藤本現暉,54,ダ,1200,不
2023102607,サイゴニアイハカツ,2026-06-12,大井,3,3歳一 二三(3歳二),12,7,10,7.4,4,12,矢野貴之,54,ダ,1200,稍
2023102607,サイゴニアイハカツ,2026-05-22,大井,2,3歳四 五,15,3,5,2.0,1,2,矢野貴之,54,ダ,1200,不
2023102607,サイゴニアイハカツ,2025-12-24,大井,2,2歳 選抜牝馬,12,4,4,2.7,2,1,矢野貴之,54,ダ,1200,重
2023102607,サイゴニアイハカツ,2025-12-01,大井,4,2歳 新馬,10,8,9,17.6,5,4,野畑凌,54,ダ,1200,良
2023102620,グランドマーメイドの競走成績,2026-08-19,川崎,10,火竜賞(C1),12,8,12,3.2,2,3,増田充宏,53,ダ,900,良
2023102620,グランドマーメイドの競走成績,2026-07-28,川崎,8,烈火賞(C1),12,8,11,3.8,2,1,増田充宏,53,ダ,900,良
2023102620,グランドマーメイドの競走成績,2026-07-08,川崎,5,ライトニング賞(3歳),11,1,1,1.4,1,1,増田充宏,55,ダ,900,稍
2023102620,グランドマーメイドの競走成績,2026-06-15,川崎,1,ラファール賞(3歳),12,2,2,3.3,3,1,増田充宏,54,ダ,900,重
2023102620,グランドマーメイドの競走成績,2026-05-15,川崎,4,ゼフィール賞(3歳),9,5,5,38.3,5,1,増田充宏,54,ダ,900,良
2023102648,キルミーベター,2025-09-15,大井,2,2歳 選抜牝馬,8,6,6,1.8,1,1,安藤洋一,54,ダ,1200,稍
2023102648,キルミーベター,2025-09-01,大井,4,2歳 新馬,9,2,2,1.5,1,5,安藤洋一,54,ダ,1200,良
2023102711,カツノベラミ,2026-03-24,大井,3,3歳11 12,14,6,10,144.8,10,9,福原杏,56,ダ,1400,良
2023102711,カツノベラミ,2026-03-09,大井,6,3歳11 12,14,7,12,106.7,8,11,佐野遥久,55,ダ,1400,稍
2023102711,カツノベラミ,2026-02-16,大井,4,九品仏川賞(3歳),12,6,8,18.2,6,5,佐野遥久,55,ダ,1400,良
2023102711,カツノベラミ,2026-01-26,大井,4,北沢川賞(3歳),13,8,13,22.7,8,3,藤田凌,55,ダ,1400,良
2023102711,カツノベラミ,2026-01-12,大井,6,3歳十 11,14,5,7,102.8,11,9,佐野遥久,55,ダ,1400,良
2023102711,カツノベラミ,2025-12-25,大井,4,2歳 新馬,7,4,4,23.2,4,7,鷹見陸,54,ダ,1400,重
2023102905,ゼーロス,2026-06-30,大井,11,優駿スプリント競走(重賞),16,5,9,2.1,1,1,笹川翼,57,ダ,1200,重
2023102905,ゼーロス,2026-05-06,園田,11,兵庫チャンピオンシッ(JpnII),11,2,2,45.4,6,3,笹川翼,57,ダ,1400,稍
2023102905,ゼーロス,2026-03-25,大井,11,京浜盃競走(JpnII),7,6,6,19.4,5,4,笹川翼,56,ダ,1700,稍
2023102905,ゼーロス,2026-02-18,大井,11,雲取賞競走(JpnIII),16,3,5,13.5,4,5,笹川翼,57,ダ,1800,良
2023102905,ゼーロス,2025-11-12,大井,11,ハイセイコー記念競走(重賞),16,6,12,2.9,1,1,笹川翼,55,ダ,1600,稍
2023102905,ゼーロス,2025-10-15,川崎,11,鎌倉記念【地方交流】(重賞),8,6,6,13.5,5,3,笹川翼,55,ダ,1600,重
2023102905,ゼーロス,2025-07-01,大井,2,2歳一 二,6,1,1,1.7,2,1,笹川翼,54,ダ,1400,良
2023102905,ゼーロス,2025-06-09,大井,2,2歳 新馬,8,2,2,2.6,2,1,笹川翼,54,ダ,1400,良
2023103026,ラブミーモンロー,2026-07-21,大井,11,デネブ賞競走(B2),14,3,3,1.4,1,1,笹川翼,53,ダ,1200,良
2023103026,ラブミーモンロー,2026-06-30,大井,11,優駿スプリント競走(重賞),16,7,13,8.2,4,5,町田直希,54,ダ,1200,重
2023103026,ラブミーモンロー,2026-06-10,大井,10,リキラリアット賞競走(B3),14,1,1,4.4,2,1,笹川翼,52,ダ,1200,重
2023103026,ラブミーモンロー,2026-05-22,大井,4,3歳一 二三(3歳二),16,2,3,1.3,1,1,笹川翼,55,ダ,1200,不
2023103026,ラブミーモンロー,2026-05-01,大井,4,3歳一 二三(3歳二),8,5,5,1.4,1,2,笹川翼,54,ダ,1200,不
2023103026,ラブミーモンロー,2026-03-27,大井,2,3歳一 二三(3歳二),12,7,9,8.3,3,2,澤田龍哉,54,ダ,1200,不
2023103026,ラブミーモンロー,2026-03-13,大井,7,君子蘭特別競走(3歳二),10,6,6,2.9,2,3,藤田凌,54,ダ,1200,良
2023103026,ラブミーモンロー,2026-02-20,大井,4,内川賞(3歳二),10,8,10,3.4,2,3,笹川翼,54,ダ,1400,良
2023103026,ラブミーモンロー,2025-08-14,大井,3,2歳一 二,11,7,10,1.6,1,2,笹川翼,54,ダ,1200,稍
2023103026,ラブミーモンロー,2025-07-01,大井,5,2歳 新馬,5,5,5,1.2,1,1,笹川翼,54,ダ,1200,良
2023103046,ベイビークエスト,2026-08-17,大井,5,シューティングスター(B2B3),8,7,7,1.7,1,1,本田正重,56,ダ,1000,稍
2023103046,ベイビークエスト,2026-08-10,浦和,10,涼風特別(B2B3),12,4,4,1.8,1,4,本田正重,56,ダ,800,良
2023103046,ベイビークエスト,2026-06-30,大井,11,優駿スプリント競走(重賞),16,8,16,72.1,12,15,望月洵輝,56,ダ,1200,重
2023103046,ベイビークエスト,2026-06-08,大井,11,ゲンマ賞競走(B2),16,1,2,19.6,6,14,本田正重,54,ダ,1200,不
2023103046,ベイビークエスト,2026-03-12,船橋,11,ネクストスター東日本(重賞),9,1,1,4.9,4,8,御神本訓,56,ダ,1200,良
2023103046,ベイビークエスト,2025-12-04,大井,11,ジェムストーン賞競走(重賞),16,2,4,44.0,8,1,御神本訓,55,ダ,1200,良
2023103046,ベイビークエスト,2025-11-13,大井,6,2歳三 四,11,7,8,1.6,1,1,本田正重,55,ダ,1200,稍
2023103046,ベイビークエスト,2025-08-14,大井,4,フレッシュスター特別(2歳),8,1,1,68.6,7,7,本田正重,54,ダ,1400,稍
2023103046,ベイビークエスト,2025-07-18,大井,3,2歳 新馬,8,1,1,18.1,5,2,本田正重,54,ダ,1400,稍
2023103136,シャインブラストの競走成績,2025-09-18,大井,5,つばめ特別競走(2歳),9,5,5,2.2,1,3,本田正重,54,ダ,1600,良
2023103136,シャインブラストの競走成績,2025-09-11,川崎,11,若武者(重賞),,7,12,,,,矢野貴之,54,ダ,1500,不
2023103136,シャインブラストの競走成績,2025-08-10,大井,2,2歳 新馬,7,2,2,1.6,1,1,矢野貴之,54,ダ,1400,不
2023103254,サヨノホーチュラス,2026-06-30,大井,11,優駿スプリント競走(重賞),16,7,14,16.3,6,7,西啓太,56,ダ,1200,重
2023103254,サヨノホーチュラス,2026-06-10,大井,10,リキラリアット賞競走(B3),14,2,2,1.7,1,3,西啓太,54,ダ,1200,重
2023103254,サヨノホーチュラス,2026-05-01,大井,4,3歳一 二三(3歳二),8,8,8,4.2,2,1,西啓太,57,ダ,1200,不
2023103254,サヨノホーチュラス,2026-04-17,大井,6,マーガレット特別競走(3歳二),13,3,4,9.2,4,2,西啓太,56,ダ,1200,重
2023103254,サヨノホーチュラス,2026-03-26,大井,6,3歳四 五六(3歳五),13,4,6,1.4,1,1,西啓太,56,ダ,1200,不
2023103254,サヨノホーチュラス,2025-12-01,大井,5,2歳 新馬,10,3,3,1.6,1,1,西啓太,55,ダ,1200,良
2023103312,アンパンタイム,2026-09-03,大井,6,3歳四 五,15,5,8,110.9,12,9,杉山海波,51,ダ,1200,良
2023103312,アンパンタイム,2026-08-15,大井,7,3歳一 二三(3歳二),16,4,8,100.6,13,15,杉山海波,51,ダ,1200,稍
2023103312,アンパンタイム,2026-07-24,大井,6,3歳一 二三(3歳二),,6,11,,,,杉山海波,51,ダ,1200,良
2023103312,アンパンタイム,2026-07-03,大井,5,3歳一 二三(3歳二),11,7,8,94.5,9,11,高野誠毅,54,ダ,1200,不
2023103312,アンパンタイム,2026-03-10,大井,5,3歳九 十,14,4,6,3.3,2,1,藤本現暉,54,ダ,1200,稍
2023103312,アンパンタイム,2026-02-17,大井,3,3歳九 十,13,7,11,12.5,3,4,藤本現暉,54,ダ,1400,稍
2023103312,アンパンタイム,2026-01-27,大井,3,3歳十 11,11,7,8,22.1,4,3,藤本現暉,54,ダ,1400,良
2023103312,アンパンタイム,2026-01-12,大井,4,3歳 新馬,6,1,1,28.0,5,4,藤本現暉,54,ダ,1400,良
2023103563,テスカトリポカ,2026-04-15,大井,3,3歳六 七八(3歳七),10,6,6,2.5,2,2,Ｅ．シャ,56,ダ,1600,良
2023103563,テスカトリポカ,2026-03-11,大井,3,3歳七 八,12,5,5,2.1,1,2,安藤洋一,56,ダ,1600,良
2023103563,テスカトリポカ,2026-01-27,大井,3,3歳十 11,11,4,4,2.4,2,2,安藤洋一,56,ダ,1400,良
2023103563,テスカトリポカ,2026-01-12,大井,4,3歳 新馬,6,6,6,26.1,4,3,安藤洋一,56,ダ,1400,良
2023103725,ライドハイ,2026-07-22,大井,10,フォーチュネイトひま(C13歳),9,2,2,3.1,2,2,藤田凌,55,ダ,1200,良
2023103725,ライドハイ,2026-07-01,大井,7,B3六,12,5,5,23.0,4,7,藤田凌,52,ダ,1200,稍
2023103725,ライドハイ,2026-06-12,大井,3,3歳一 二三(3歳二),12,3,3,11.5,6,5,本田正重,55,ダ,1200,稍
2023103725,ライドハイ,2026-01-30,大井,3,3歳一 二三(3歳二),8,7,7,8.0,3,7,石川倭,55,ダ,1400,良
2023103725,ライドハイ,2026-01-14,大井,3,3歳 選抜牝馬,11,6,6,2.5,2,2,石川倭,55,ダ,1200,良
2023103725,ライドハイ,2025-12-31,大井,10,東京2歳優駿牝馬競走(重賞),14,4,6,18.6,4,6,藤田凌,54,ダ,1600,稍
2023103725,ライドハイ,2025-12-03,大井,5,カナリア特別競走(2歳),7,1,1,1.7,1,1,藤田凌,54,ダ,1600,良
2023103725,ライドハイ,2025-09-19,大井,6,2歳 新馬,8,7,7,12.1,5,1,藤田凌,54,ダ,1200,不
2023103975,ガーベラフレイバー,2026-08-15,大井,6,テキーラ・サンセット(3歳二),13,8,13,1.7,1,1,和田譲治,54,ダ,1400,重
2023103975,ガーベラフレイバー,2026-02-18,大井,9,クロッカス特別競走(3歳),11,1,1,2.6,1,2,和田譲治,54,ダ,1400,稍
2023103975,ガーベラフレイバー,2025-11-14,大井,3,スターレット賞(2歳),11,6,6,1.5,1,4,和田譲治,54,ダ,1400,稍
2023103975,ガーベラフレイバー,2025-10-24,大井,4,2歳 新馬,9,7,7,6.4,3,1,和田譲治,54,ダ,1400,重
2023104117,ワイルドノブクン,2026-05-22,大井,4,3歳一 二三(3歳二),16,2,4,85.7,9,3,中山遥人,55,ダ,1200,不
2023104117,ワイルドノブクン,2026-05-01,大井,2,3歳四 五,13,2,2,8.9,4,5,中山遥人,55,ダ,1200,不
2023104117,ワイルドノブクン,2026-04-17,大井,6,マーガレット特別競走(3歳二),13,7,12,238.6,10,6,高橋優,53,ダ,1200,重
2023104117,ワイルドノブクン,2026-03-27,大井,2,3歳一 二三(3歳二),12,4,4,283.3,12,7,和田譲治,56,ダ,1200,不
2023104117,ワイルドノブクン,2026-03-13,大井,7,君子蘭特別競走(3歳二),10,5,5,101.8,8,8,中山遥人,55,ダ,1200,良
2023104117,ワイルドノブクン,2026-02-20,大井,4,内川賞(3歳二),10,2,2,137.8,8,9,中山遥人,54,ダ,1400,良
2023104117,ワイルドノブクン,2026-01-29,大井,5,3歳四 五,7,1,1,2.0,1,2,中山遥人,54,ダ,1200,良
2023104117,ワイルドノブクン,2026-01-15,大井,3,3歳二 三,8,1,1,45.0,5,5,中山遥人,54,ダ,1200,良
2023104117,ワイルドノブクン,2025-12-30,大井,3,2歳一 二,8,8,8,53.9,5,6,中山遥人,53,ダ,1600,稍
2023104117,ワイルドノブクン,2025-12-05,大井,6,しながわ水族館賞(2歳三),15,5,10,37.3,10,9,中山遥人,53,ダ,1200,良
2023104117,ワイルドノブクン,2025-11-14,大井,5,ひばり特別競走(2歳),11,1,1,27.1,6,6,高橋優,52,ダ,1200,稍
2023104117,ワイルドノブクン,2025-09-03,大井,4,2歳五 六,11,7,9,6.0,3,1,矢野貴之,54,ダ,1200,良
2023104117,ワイルドノブクン,2025-08-11,大井,4,2歳 新馬,8,8,8,3.0,2,6,矢野貴之,54,ダ,1200,不
2023104132,ロイヤルサウンダ,2026-08-15,佐賀,10,一発逆転ファイナルレ,12,8,12,8.1,5,6,飛田愛斗,54,ダ,1400,良
2023104132,ロイヤルサウンダ,2026-07-19,高知,4,3歳ー3,7,2,2,15.2,5,2,山崎雅由,55,ダ,1600,不
2023104132,ロイヤルサウンダ,2026-07-05,高知,3,3歳ー5,8,8,8,28.8,8,4,山崎雅由,55,ダ,1400,不
2023104132,ロイヤルサウンダ,2026-06-21,高知,2,3歳ー6,12,8,11,100.6,7,3,山崎雅由,55,ダ,1300,不
2023104132,ロイヤルサウンダ,2026-06-07,高知,4,3歳ー6,11,3,3,67.1,6,7,山崎雅由,55,ダ,1400,不
2023104132,ロイヤルサウンダ,2026-04-27,大井,5,3歳12 1314(3歳13),10,3,3,205.4,10,8,松崎正泰,54,ダ,1400,不
2023104132,ロイヤルサウンダ,2026-04-13,大井,5,3歳12 13,12,1,1,379.9,12,8,松崎正泰,54,ダ,1400,良
2023104132,ロイヤルサウンダ,2026-01-26,大井,5,3歳12 13,13,2,2,251.4,10,13,桑村真明,54,ダ,1200,良
2023104132,ロイヤルサウンダ,2026-01-12,大井,7,3歳十 11,13,5,6,63.8,9,13,桑村真明,54,ダ,1200,良
2023104132,ロイヤルサウンダ,2025-12-24,大井,5,2歳九 十,11,3,3,169.1,11,5,松崎正泰,54,ダ,1200,重
2023104132,ロイヤルサウンダ,2025-12-01,大井,4,2歳 新馬,10,3,3,84.6,8,9,桑村真明,54,ダ,1200,良
2023104207,マサノエターナル,2026-05-22,大井,10,牡丹特別競走(3歳二),8,8,9,51.8,6,8,藤田凌,56,ダ,1600,不
2023104207,マサノエターナル,2026-04-30,大井,2,3歳六 七八(3歳七),12,8,12,14.1,5,2,藤田凌,56,ダ,1600,稍
2023104207,マサノエターナル,2026-04-15,大井,3,3歳六 七八(3歳七),10,2,2,35.0,7,6,藤田凌,56,ダ,1600,良
2023104207,マサノエターナル,2026-03-26,大井,5,3歳四 五六(3歳五),12,8,12,29.0,7,9,御神本訓,56,ダ,1400,不
2023104207,マサノエターナル,2026-02-20,大井,2,3歳四 五,12,7,9,20.2,5,7,御神本訓,56,ダ,1600,良
2023104207,マサノエターナル,2026-01-12,大井,6,3歳十 11,14,8,14,1.6,1,1,矢野貴之,56,ダ,1400,良
2023104207,マサノエターナル,2025-12-24,大井,4,2歳九 十,8,8,8,,,取,矢野貴之,55,ダ,1400,重
2023104207,マサノエターナル,2025-08-10,大井,3,2歳 新馬,9,8,8,1.8,1,7,矢野貴之,54,ダ,1200,不
2023104296,ルビーシールズ,2026-01-15,大井,8,サルビア特別競走(3歳),7,4,4,1.6,1,2,鷹見陸,56,ダ,1700,良
2023104296,ルビーシールズ,2025-12-30,大井,3,2歳一 二,8,1,1,1.9,2,1,鷹見陸,54,ダ,1600,稍
2023104296,ルビーシールズ,2025-12-02,大井,4,2歳 新馬,6,4,4,1.9,1,1,鷹見陸,54,ダ,1600,良
2023104456,リクコウ,2026-04-17,大井,6,マーガレット特別競走(3歳二),13,5,8,5.6,3,5,高橋昭平,55,ダ,1200,重
2023104456,リクコウ,2026-03-27,大井,2,3歳一 二三(3歳二),12,1,1,8.7,4,4,高橋昭平,55,ダ,1200,不
2023104456,リクコウ,2026-02-25,浦和,11,ユングフラウ賞(重賞),13,4,4,13.1,2,9,高橋昭平,54,ダ,1400,重
2023104456,リクコウ,2026-01-14,大井,3,3歳 選抜牝馬,11,3,3,2.4,1,1,高橋昭平,54,ダ,1200,良
2023104456,リクコウ,2025-12-30,大井,4,白鳥特別競走(2歳),11,5,5,5.5,2,2,高橋昭平,54,ダ,1200,稍
2023104456,リクコウ,2025-12-01,大井,4,2歳 新馬,10,1,1,2.1,1,1,高橋昭平,54,ダ,1200,良
2023104498,トーキングザゴッド,2026-07-22,大井,10,フォーチュネイトひま(C13歳),9,4,4,2.6,1,1,笹川翼,56,ダ,1200,良
2023104498,トーキングザゴッド,2026-07-02,大井,5,3歳四 五六(3歳五),16,2,3,1.3,1,1,笹川翼,56,ダ,1200,不
2023104498,トーキングザゴッド,2026-06-08,大井,5,3歳12 13,12,4,5,1.4,1,1,笹川翼,56,ダ,1200,不
2023104569,ハッピーフェーヴ,2026-01-24,佐賀,2,3歳ー3組,11,5,5,170.3,11,11,田中純,54,ダ,1400,良
2023104569,ハッピーフェーヴ,2026-01-11,佐賀,9,ウインタースター特別(3歳),8,8,8,348.0,8,8,山下裕貴,54,ダ,1400,良
2023104569,ハッピーフェーヴ,2025-12-21,佐賀,5,アルデバラン特別(2歳),7,5,5,102.7,6,7,林悠翔,52,ダ,1400,重
2023104569,ハッピーフェーヴ,2025-11-24,佐賀,1,2歳ー2組,7,7,7,13.2,4,7,山下裕貴,54,ダ,1400,良
2023104569,ハッピーフェーヴ,2025-10-23,大井,2,駆け巡る新宿!馬の足(2歳),10,7,8,71.9,10,7,藤本現暉,54,ダ,1200,重
2023104569,ハッピーフェーヴ,2025-10-09,大井,3,2歳 選抜牝馬,11,2,2,3.2,2,1,藤本現暉,54,ダ,1200,良
2023104569,ハッピーフェーヴ,2025-07-17,大井,1,2歳 選抜牝馬,9,8,8,11.9,4,4,藤本現暉,54,ダ,1200,不
2023104569,ハッピーフェーヴ,2025-06-30,大井,2,2歳三,7,5,5,7.5,4,6,藤本現暉,54,ダ,1200,良
2023104569,ハッピーフェーヴ,2025-06-09,大井,4,2歳 新馬,9,3,3,25.1,6,6,藤本現暉,54,ダ,1200,良
2023104575,ギャンブルランブル,2026-07-20,大井,6,3歳11 12,13,8,14,1.9,1,中,安藤洋一,54,ダ,1200,良
2023104575,ギャンブルランブル,2026-01-12,大井,5,3歳 新馬,7,2,2,5.8,5,4,安藤洋一,54,ダ,1200,良
2023104647,ガンバリーリエ,2026-07-21,大井,3,3歳八 九十(3歳九),14,5,7,16.9,7,5,中山遥人,53,ダ,1200,良
2023104647,ガンバリーリエ,2026-06-29,大井,6,3歳九 十,14,5,7,13.4,5,3,中山遥人,53,ダ,1200,不
2023104647,ガンバリーリエ,2026-06-09,大井,2,3歳十 11,13,4,5,8.8,4,6,中山遥人,53,ダ,1200,不
2023104647,ガンバリーリエ,2026-02-16,大井,3,3歳 選抜牝馬,11,2,2,13.6,3,2,中山遥人,52,ダ,1200,良
2023104647,ガンバリーリエ,2026-01-26,大井,5,3歳12 13,13,3,3,22.0,5,8,中山遥人,52,ダ,1200,良
2023104647,ガンバリーリエ,2026-01-12,大井,7,3歳十 11,13,6,8,6.1,3,10,笹川翼,54,ダ,1200,良
2023104647,ガンバリーリエ,2025-09-19,大井,6,2歳 新馬,8,1,1,4.7,4,6,笹川翼,54,ダ,1200,不
2023104649,ファスター,2025-08-14,大井,3,2歳一 二,11,5,5,,,取,矢野貴之,54,ダ,1200,稍
2023104649,ファスター,2025-07-18,大井,4,2歳 新馬,10,7,8,2.7,2,1,矢野貴之,54,ダ,1200,稍
2023104746,チュウオースカイ,2026-08-31,大井,6,3歳11 12,14,4,5,489.9,14,11,瀬川将輝,56,ダ,1200,良
2023104746,チュウオースカイ,2026-08-12,大井,1,3歳九 十11(3歳十),10,7,7,263.9,10,9,瀬川将輝,56,ダ,1600,不
2023104746,チュウオースカイ,2026-07-20,大井,5,3歳11 12,10,4,4,153.9,9,9,瀬川将輝,56,ダ,1400,良
2023104746,チュウオースカイ,2026-06-29,大井,1,3歳11 12,12,4,4,316.0,12,10,瀬川将輝,56,ダ,1400,不
2023104746,チュウオースカイ,2026-06-08,大井,4,3歳12 13,10,2,2,126.0,8,8,瀬川将輝,56,ダ,1400,不
2023104746,チュウオースカイ,2026-05-18,大井,1,3歳11 12,12,6,7,65.8,9,8,瀬川将輝,56,ダ,1400,良
2023104746,チュウオースカイ,2026-01-26,大井,4,北沢川賞(3歳),13,2,2,5.4,2,8,千田洋,56,ダ,1400,良
2023104746,チュウオースカイ,2026-01-12,大井,6,3歳十 11,14,1,1,11.5,4,6,千田洋,56,ダ,1400,良
2023104746,チュウオースカイ,2025-12-25,大井,5,2歳七 八,11,5,5,28.9,7,11,千田洋,55,ダ,1400,重
2023104746,チュウオースカイ,2025-12-02,大井,5,2歳 新馬,10,5,5,204.3,10,5,千田洋,55,ダ,1400,良
2023104823,タイチファースト,2025-11-14,大井,4,2歳一 二,9,4,4,75.6,7,9,達城龍次,55,ダ,1400,稍
2023104823,タイチファースト,2025-10-23,大井,2,駆け巡る新宿!馬の足(2歳),10,7,7,42.3,8,9,達城龍次,55,ダ,1200,重
2023104823,タイチファースト,2025-10-05,大井,2,2歳八,11,8,10,4.0,2,1,西啓太,55,ダ,1200,良
2023104823,タイチファースト,2025-09-01,大井,4,2歳 新馬,9,4,4,11.4,4,6,藤本現暉,54,ダ,1200,良
2023104837,ツカイノトリ,2026-07-03,大井,4,3歳一 二三(3歳二),8,3,3,48.4,6,8,吉井章,54,ダ,1400,不
2023104837,ツカイノトリ,2026-06-12,大井,2,3歳一 二三(3歳二),11,2,2,49.7,8,10,吉井章,54,ダ,1400,稍
2023104837,ツカイノトリ,2026-05-22,大井,3,3歳一 二三(3歳二),12,7,9,79.1,9,3,吉井章,54,ダ,1400,不
2023104837,ツカイノトリ,2026-05-01,大井,1,3歳四 五,10,1,1,20.4,8,7,藤本現暉,54,ダ,1600,不
2023104837,ツカイノトリ,2026-04-17,大井,2,3歳四 五,11,8,10,12.6,3,7,和田譲治,54,ダ,1600,重
2023104837,ツカイノトリ,2026-03-26,大井,4,3歳四 五六(3歳五),9,4,4,11.3,4,3,和田譲治,54,ダ,1600,不
2023104837,ツカイノトリ,2026-03-12,大井,3,3歳四 五六(3歳五),9,3,3,27.5,7,6,藤本現暉,54,ダ,1600,良
2023104837,ツカイノトリ,2026-02-18,大井,9,クロッカス特別競走(3歳),11,6,6,26.2,9,9,服部茂史,54,ダ,1400,稍
2023104837,ツカイノトリ,2026-01-29,大井,4,鯉川賞(3歳),12,6,8,49.3,8,4,藤本現暉,54,ダ,1600,良
2023104837,ツカイノトリ,2026-01-12,大井,7,3歳十 11,13,7,11,1.9,1,1,藤本現暉,54,ダ,1200,良
2023104837,ツカイノトリ,2025-12-24,大井,3,2歳 新馬,10,8,9,56.7,8,6,藤本現暉,54,ダ,1200,重
2023105095,ヴェスタリス,2026-09-03,大井,12,うお座特別競走(C1),10,1,1,20.1,7,9,澤田龍哉,53,ダ,1650,良
2023105095,ヴェスタリス,2026-08-16,大井,8,へびつかい座特別競走(C1三),13,4,4,24.2,5,13,安藤洋一,53,ダ,1200,重
2023105095,ヴェスタリス,2026-07-23,大井,9,マーメイド特別競走(C1),9,4,4,5.1,3,9,藤田凌,53,ダ,1400,良
2023105095,ヴェスタリス,2026-07-02,大井,7,B3五,11,3,3,2.3,1,11,中島良美,50,ダ,1400,不
2023105095,ヴェスタリス,2026-05-22,大井,3,3歳一 二三(3歳二),12,7,10,4.7,3,1,澤田龍哉,54,ダ,1400,不
2023105095,ヴェスタリス,2025-12-04,大井,11,ジェムストーン賞競走(重賞),16,3,5,204.0,14,11,澤田龍哉,54,ダ,1200,良
2023105095,ヴェスタリス,2025-11-14,大井,3,スターレット賞(2歳),11,1,1,7.8,3,2,澤田龍哉,54,ダ,1400,稍
2023105095,ヴェスタリス,2025-10-09,大井,5,2歳二 三,9,3,3,3.7,2,2,澤田龍哉,54,ダ,1200,良
2023105095,ヴェスタリス,2025-07-01,大井,3,2歳一 二,6,1,1,1.1,1,1,澤田龍哉,54,ダ,1200,良
2023105095,ヴェスタリス,2025-06-09,大井,4,2歳 新馬,9,5,5,8.2,4,2,澤田龍哉,54,ダ,1200,良
2023105173,トレガットストーン,2026-07-03,大井,4,3歳一 二三(3歳二),8,8,9,7.1,3,4,藤本現暉,56,ダ,1400,不
2023105173,トレガットストーン,2026-06-11,大井,5,3歳四 五六(3歳五),14,2,2,10.4,5,4,藤本現暉,56,ダ,1200,稍
2023105173,トレガットストーン,2026-03-26,大井,5,3歳四 五六(3歳五),12,2,2,37.5,8,3,藤本現暉,56,ダ,1400,不
2023105173,トレガットストーン,2025-12-25,大井,5,2歳七 八,11,1,1,1.9,1,1,藤本現暉,55,ダ,1400,重
2023105173,トレガットストーン,2025-10-24,大井,4,2歳 新馬,9,5,5,21.4,5,4,藤本現暉,55,ダ,1400,重
2023105193,カルダモンロールの競走成績,2026-05-12,川崎,6,メイフラワー賞(3歳),12,5,5,2.6,2,1,野畑凌,54,ダ,1400,良
2023105193,カルダモンロールの競走成績,2026-04-21,浦和,11,’26アヴニールスプ(OP)(3歳),8,5,5,12.6,5,4,町田直希,52,ダ,1400,良
2023105193,カルダモンロールの競走成績,2026-04-06,川崎,5,鶴鷸賞(3歳),10,8,10,1.3,1,1,野畑凌,54,ダ,1400,重
2023105193,カルダモンロールの競走成績,2026-03-03,川崎,5,3歳5,9,3,3,1.6,1,2,野畑凌,54,ダ,1400,不
2023105193,カルダモンロールの競走成績,2026-02-06,川崎,3,3歳5,12,5,5,3.8,2,2,佐野遥久,53,ダ,1400,良
2023105193,カルダモンロールの競走成績,2025-08-07,川崎,5,スパーキングデビュー(2歳),8,4,4,2.5,1,2,矢野貴之,54,ダ,900,良
2023105541,ハッチトポッチ,2026-09-02,大井,1,3歳六 七,12,5,5,36.8,10,7,杉山海波,51,ダ,1600,良
2023105541,ハッチトポッチ,2026-08-13,大井,4,3歳六 七八(3歳七),14,5,8,29.3,6,10,杉山海波,51,ダ,1400,不
2023105541,ハッチトポッチ,2026-07-20,大井,5,3歳11 12,10,5,5,14.5,5,1,杉山海波,51,ダ,1400,良
2023105541,ハッチトポッチ,2026-06-29,大井,1,3歳11 12,12,2,2,29.5,7,6,杉山海波,51,ダ,1400,不
2023105541,ハッチトポッチ,2026-06-08,大井,4,3歳12 13,10,1,1,25.6,6,7,西啓太,54,ダ,1400,不
2023105541,ハッチトポッチ,2026-05-18,大井,1,3歳11 12,12,3,3,57.6,8,4,達城龍次,54,ダ,1400,良
2023105541,ハッチトポッチ,2026-04-27,大井,5,3歳12 1314(3歳13),10,7,8,62.8,9,10,達城龍次,54,ダ,1400,不
2023105541,ハッチトポッチ,2026-04-13,大井,3,3歳14 15,10,2,2,91.5,9,4,達城龍次,54,ダ,1400,良
2023105541,ハッチトポッチ,2026-03-23,大井,4,3歳13 14,7,2,2,76.4,6,6,達城龍次,54,ダ,1400,良
2023105541,ハッチトポッチ,2026-03-09,大井,4,越中島川賞(3歳),8,2,2,126.0,8,7,達城龍次,54,ダ,1400,稍
2023105541,ハッチトポッチ,2026-02-16,大井,3,3歳 選抜牝馬,11,5,5,81.7,7,10,達城龍次,54,ダ,1200,良
2023105541,ハッチトポッチ,2026-01-26,大井,4,北沢川賞(3歳),13,1,1,72.4,10,13,達城龍次,54,ダ,1400,良
2023105541,ハッチトポッチ,2026-01-12,大井,6,3歳十 11,14,3,4,58.2,8,11,達城龍次,54,ダ,1400,良
2023105541,ハッチトポッチ,2025-09-15,大井,2,2歳 選抜牝馬,8,7,7,47.2,7,6,中村尚平,54,ダ,1200,稍
2023105541,ハッチトポッチ,2025-09-03,大井,4,2歳五 六,11,4,4,137.0,9,7,中村尚平,54,ダ,1200,良
2023105541,ハッチトポッチ,2025-08-10,大井,2,2歳 新馬,7,7,7,42.0,7,6,中村尚平,54,ダ,1400,不
2023105609,バルジェロ,2026-07-30,川崎,12,夏紅特別(B3二),11,7,8,23.7,9,6,御神本訓,55,ダ,1400,良
2023105609,バルジェロ,2026-07-09,川崎,8,疾風賞(C1),10,2,2,6.1,4,1,町田直希,55,ダ,900,良
2023105609,バルジェロ,2026-06-18,川崎,10,電光石火賞(B3),11,8,11,5.5,2,7,野畑凌,54,ダ,900,重
2023105609,バルジェロ,2026-05-13,川崎,2,ブレッザ賞(3歳),12,1,1,3.5,2,3,町田直希,57,ダ,900,良
2023105609,バルジェロ,2026-04-06,川崎,4,レインボー賞(3歳),12,5,6,5.3,3,1,町田直希,56,ダ,900,重
2023105609,バルジェロ,2026-03-05,川崎,3,シュトゥルムヴィント(3歳),12,7,10,8.6,4,3,町田直希,56,ダ,900,重
2023105609,バルジェロ,2026-02-03,川崎,4,青鵐特別(3歳),14,4,6,32.8,7,7,町田直希,56,ダ,1500,良
2023105609,バルジェロ,2026-01-04,川崎,6,招福特別(3歳),10,7,8,16.4,4,3,町田直希,56,ダ,1500,稍
2023105609,バルジェロ,2025-12-19,川崎,6,ジングルベル賞(2歳),9,7,7,15.4,5,3,町田直希,55,ダ,1500,稍
2023105609,バルジェロ,2025-08-06,川崎,2,オオムラサキ特別(2歳),8,4,4,11.4,4,2,町田直希,54,ダ,1500,良
2023105609,バルジェロ,2025-07-08,川崎,3,シャイニングスター賞(2歳),10,8,9,71.2,7,5,山崎誠士,54,ダ,1400,良
2023105609,バルジェロ,2025-06-17,川崎,3,ホタル特別(2歳),7,3,3,6.8,4,3,山崎誠士,54,ダ,1400,稍
2023105609,バルジェロ,2025-05-16,川崎,3,スパーキングデビュー(2歳),8,6,6,2.1,1,3,山崎誠士,54,ダ,900,稍
2023105864,シジミノヒナコ,2026-08-27,笠松,6,ムラタミカ還暦記念(3歳),8,8,8,33.6,6,7,馬渕繁治,55,ダ,1400,稍
2023105864,シジミノヒナコ,2026-08-12,笠松,3,佐々木英文生誕記念(3歳),7,1,1,10.0,5,4,馬渕繁治,55,ダ,1400,良
2023105864,シジミノヒナコ,2026-07-24,笠松,4,迫水家にサチアレ記念(3歳),7,2,2,2.0,1,2,筒井勇介,55,ダ,1400,良
2023105864,シジミノヒナコ,2026-07-08,笠松,2,瀬戸発☆TORAT2(3歳),11,5,6,12.6,3,3,筒井勇介,55,ダ,1400,良
2023105864,シジミノヒナコ,2026-06-10,大井,5,3歳七 八九(3歳八),13,4,4,231.7,12,12,高橋優,51,ダ,1200,重
2023105864,シジミノヒナコ,2026-05-21,大井,3,3歳六 七八(3歳七),16,4,7,147.2,15,15,横川怜央,54,ダ,1200,稍
2023105864,シジミノヒナコ,2026-04-28,大井,3,3歳九 十11(3歳十),14,7,11,70.9,10,13,横川怜央,54,ダ,1600,不
2023105864,シジミノヒナコ,2026-04-13,大井,6,3歳12 13,10,6,7,54.7,8,2,横川怜央,54,ダ,1200,良
2023105864,シジミノヒナコ,2026-01-26,大井,5,3歳12 13,13,1,1,136.3,9,4,横川怜央,54,ダ,1200,良
2023105864,シジミノヒナコ,2026-01-12,大井,7,3歳十 11,13,7,10,198.7,13,8,横川怜央,54,ダ,1200,良
2023105864,シジミノヒナコ,2025-12-24,大井,5,2歳九 十,11,5,5,19.6,6,11,高橋優,51,ダ,1200,重
2023105864,シジミノヒナコ,2025-12-02,大井,5,2歳 新馬,10,3,3,45.0,7,10,吉井章,54,ダ,1400,良
2023105896,ジェイケイティアラ,2026-09-02,大井,1,3歳六 七,12,2,2,8.5,3,2,中山遥人,53,ダ,1600,良
2023105896,ジェイケイティアラ,2026-08-13,大井,4,3歳六 七八(3歳七),14,7,11,37.8,8,6,吉井章,54,ダ,1400,不
2023105896,ジェイケイティアラ,2026-07-22,大井,3,3歳六 七,14,2,2,20.2,5,9,吉井章,54,ダ,1600,良
2023105896,ジェイケイティアラ,2026-07-02,大井,3,3歳四 五六(3歳五),8,2,2,14.8,4,6,吉井章,54,ダ,1600,不
2023105896,ジェイケイティアラ,2026-06-10,大井,3,3歳七 八九(3歳八),11,6,7,18.2,7,4,吉井章,54,ダ,1600,重
2023105896,ジェイケイティアラ,2026-03-26,大井,4,3歳四 五六(3歳五),9,3,3,12.6,5,8,吉井章,54,ダ,1600,不
2023105896,ジェイケイティアラ,2026-03-10,大井,3,3歳九 十,9,6,6,19.6,5,2,吉井章,54,ダ,1600,稍
2023105896,ジェイケイティアラ,2026-02-19,大井,4,境川賞(3歳七),11,6,7,11.7,3,6,吉井章,54,ダ,1600,良
2023105896,ジェイケイティアラ,2026-01-27,大井,5,3歳八 九,12,8,12,43.6,7,5,吉井章,54,ダ,1400,良
2023105896,ジェイケイティアラ,2026-01-12,大井,6,3歳十 11,14,8,13,17.5,6,2,吉井章,54,ダ,1400,良
2023105896,ジェイケイティアラ,2025-12-25,大井,3,2歳 新馬,7,7,7,23.6,6,7,吉井章,54,ダ,1600,重
2023105955,フォーカス,2026-09-01,大井,6,3歳八 九十(3歳九),12,8,11,369.6,12,8,東原悠善,56,ダ,1400,良
2023105955,フォーカス,2026-08-12,大井,4,3歳九 十11(3歳十),14,8,14,58.9,8,8,東原悠善,56,ダ,1400,不
2023105955,フォーカス,2026-07-21,大井,2,3歳八 九十(3歳九),14,8,13,406.6,13,8,東原悠善,56,ダ,1400,良
2023105955,フォーカス,2026-06-29,大井,5,3歳九 十,12,5,6,184.0,10,7,東原悠善,56,ダ,1400,不
2023105955,フォーカス,2026-05-21,大井,2,3歳六 七八(3歳七),14,5,7,166.3,13,13,東原悠善,56,ダ,1400,稍
2023105955,フォーカス,2026-04-28,大井,3,3歳九 十11(3歳十),14,6,9,12.5,5,14,西啓太,56,ダ,1600,不
2023105955,フォーカス,2026-04-14,大井,1,3歳九 十11(3歳十),11,8,12,8.3,4,4,張田昂,56,ダ,1600,良
2023105955,フォーカス,2026-03-24,大井,3,3歳11 12,14,4,6,7.6,4,8,張田昂,56,ダ,1400,良
2023105955,フォーカス,2026-03-09,大井,4,越中島川賞(3歳),8,6,6,10.7,3,3,西啓太,56,ダ,1400,稍
2023105955,フォーカス,2026-02-16,大井,4,九品仏川賞(3歳),12,7,9,49.7,8,6,服部茂史,56,ダ,1400,良
2023105955,フォーカス,2026-01-26,大井,4,北沢川賞(3歳),13,5,6,7.7,5,5,桑村真明,56,ダ,1400,良
2023105955,フォーカス,2026-01-12,大井,4,3歳 新馬,6,4,4,22.0,3,6,桑村真明,56,ダ,1400,良
2023105969,フライトナース,2026-09-02,大井,2,3歳六 七,16,2,3,469.6,16,7,谷内貫太,53,ダ,1200,良
2023105969,フライトナース,2026-08-13,大井,5,3歳六 七八(3歳七),15,5,8,142.7,14,12,谷内貫太,53,ダ,1200,不
2023105969,フライトナース,2026-07-22,大井,4,3歳六 七,14,5,8,421.0,14,14,谷内貫太,53,ダ,1200,良
2023105969,フライトナース,2026-02-20,大井,2,3歳四 五,12,6,8,368.1,11,12,谷内貫太,53,ダ,1600,良
2023105969,フライトナース,2026-01-29,大井,5,3歳四 五,7,3,3,93.1,7,7,谷内貫太,53,ダ,1200,良
2023105969,フライトナース,2026-01-15,大井,3,3歳二 三,8,6,6,115.6,7,8,谷内貫太,53,ダ,1200,良
2023105969,フライトナース,2025-12-31,大井,3,六花賞(2歳),10,7,7,107.8,9,10,谷内貫太,53,ダ,1400,稍
2023105969,フライトナース,2025-12-03,大井,5,カナリア特別競走(2歳),7,7,7,43.7,6,7,谷内貫太,53,ダ,1600,良
2023105969,フライトナース,2025-11-12,大井,3,2歳 選抜牝馬,7,5,5,2.4,1,1,谷内貫太,53,ダ,1200,稍
2023105969,フライトナース,2025-10-24,大井,4,2歳 新馬,9,1,1,57.6,7,6,谷内貫太,53,ダ,1400,重
2023105983,カシマショウリュウ,2026-08-31,大井,6,3歳11 12,14,5,7,9.1,4,1,西優哉,53,ダ,1200,良
2023105983,カシマショウリュウ,2026-01-12,大井,5,3歳 新馬,7,6,6,3.6,2,2,藤田凌,56,ダ,1200,良
2023106027,ルックハーティアズの競走成績,2026-06-08,大井,5,3歳12 13,12,1,1,19.0,4,2,安藤洋一,56,ダ,1200,不
2023106027,ルックハーティアズの競走成績,2026-05-18,大井,2,3歳11 12,14,8,13,9.8,4,3,安藤洋一,56,ダ,1200,良
2023106027,ルックハーティアズの競走成績,2026-04-27,大井,6,3歳12 1314(3歳13),14,4,6,34.3,4,7,安藤洋一,56,ダ,1200,不
2023106027,ルックハーティアズの競走成績,2026-04-13,大井,4,3歳14 15,10,8,10,21.6,6,7,安藤洋一,56,ダ,1200,良
2023106027,ルックハーティアズの競走成績,2026-03-23,大井,5,3歳13 14,14,2,2,9.5,4,12,安藤洋一,56,ダ,1200,良
2023106036,タイセイディエティ,2026-08-15,大井,7,3歳一 二三(3歳二),16,6,11,77.4,11,13,千田洋,54,ダ,1200,稍
2023106036,タイセイディエティ,2026-07-24,大井,6,3歳一 二三(3歳二),,4,6,,,,千田洋,54,ダ,1200,良
2023106036,タイセイディエティ,2026-07-02,大井,5,3歳四 五六(3歳五),16,1,2,19.3,4,2,千田洋,54,ダ,1200,不
2023106036,タイセイディエティ,2026-06-11,大井,5,3歳四 五六(3歳五),14,5,7,24.6,8,7,千田洋,54,ダ,1200,稍
2023106036,タイセイディエティ,2026-05-21,大井,3,3歳六 七八(3歳七),16,3,6,9.7,5,2,千田洋,54,ダ,1200,稍
2023106036,タイセイディエティ,2026-04-15,大井,5,3歳六 七八(3歳七),14,7,11,13.8,6,8,千田洋,54,ダ,1200,良
2023106036,タイセイディエティ,2026-03-25,大井,3,3歳七 八,14,6,9,16.5,5,4,千田洋,54,ダ,1200,良
2023106036,タイセイディエティ,2026-03-10,大井,5,3歳九 十,14,1,1,10.1,4,4,千田洋,54,ダ,1200,稍
2023106036,タイセイディエティ,2026-02-19,大井,5,3歳六 七八(3歳七),14,3,3,145.9,10,7,千田洋,54,ダ,1400,良
2023106036,タイセイディエティ,2026-01-27,大井,6,3歳八 九,11,8,11,17.5,6,11,千田洋,54,ダ,1200,良
2023106036,タイセイディエティ,2026-01-13,大井,6,3歳六 七,13,4,4,9.0,4,11,桑村真明,54,ダ,1200,良
2023106036,タイセイディエティ,2025-12-26,大井,2,2歳五 六,14,4,5,7.0,3,7,笹川翼,54,ダ,1200,重
2023106036,タイセイディエティ,2025-12-05,大井,6,しながわ水族館賞(2歳三),15,5,9,3.6,1,6,千田洋,54,ダ,1200,良
2023106036,タイセイディエティ,2025-11-10,大井,4,2歳 新馬,11,8,10,66.5,8,2,千田洋,54,ダ,1200,稍
2023106202,グランマローネ,2026-07-22,大井,8,ミントジュレップ賞(C1),11,3,3,6.8,4,3,藤本現暉,55,ダ,1600,良
2023106202,グランマローネ,2026-06-12,大井,2,3歳一 二三(3歳二),11,5,5,3.9,2,2,藤本現暉,56,ダ,1400,稍
2023106202,グランマローネ,2026-04-30,大井,3,3歳六 七八(3歳七),10,1,1,6.8,2,1,藤本現暉,56,ダ,1400,稍
2023106202,グランマローネ,2025-12-30,大井,3,2歳一 二,8,4,4,29.0,4,中,藤本現暉,55,ダ,1600,稍
2023106202,グランマローネ,2025-12-01,大井,2,2歳七 八,14,5,8,4.6,3,1,藤本現暉,55,ダ,1400,良
2023106202,グランマローネ,2025-11-11,大井,3,2歳 新馬,8,5,5,115.0,8,5,藤本現暉,55,ダ,1600,稍
2023106310,ジェイエルビット,2026-06-30,盛岡,12,ハヤテスプリント(重賞),11,4,4,20.3,5,1,渡辺竜也,56,ダ,1200,良
2023106310,ジェイエルビット,2026-06-14,水沢,11,ウイナーC(重賞),12,1,1,12.5,4,2,塚本涼人,57,ダ,1400,稍
2023106310,ジェイエルビット,2026-05-17,盛岡,11,イーハトーブマイル(重賞),9,7,7,2.2,1,5,村上忍,57,ダ,1600,良
2023106310,ジェイエルビット,2026-05-05,盛岡,11,ダイヤモンドC(重賞),9,8,9,44.1,8,7,山本聡紀,56,ダ,1800,重
2023106310,ジェイエルビット,2026-04-05,水沢,11,ネクストスター北日本(重賞),9,8,9,6.5,2,3,村上忍,56,ダ,1400,重
2023106310,ジェイエルビット,2026-03-22,水沢,5,3歳A,10,4,4,2.6,2,1,村上忍,56,ダ,1600,良
2023106310,ジェイエルビット,2025-12-08,水沢,9,岩手デビュー限定競走(2歳),11,2,2,2.1,1,1,山本聡哉,55,ダ,1400,不
2023106310,ジェイエルビット,2025-11-11,盛岡,12,南部駒賞(重賞),11,4,4,12.2,5,6,渡辺竜也,55,ダ,1600,良
2023106310,ジェイエルビット,2025-10-26,盛岡,7,おいしい!いわての原(2歳),7,4,4,2.9,2,1,山本政聡,55,ダ,1600,稍
2023106310,ジェイエルビット,2025-09-28,水沢,8,岩手デビュー限定競走(2歳),8,8,8,2.5,2,4,山本聡哉,55,ダ,1400,良
2023106310,ジェイエルビット,2025-09-15,水沢,12,若駒賞(重賞),9,3,3,10.8,5,3,菅原辰徳,55,ダ,1600,稍
2023106310,ジェイエルビット,2025-08-18,盛岡,5,岩手デビュー限定競走(2歳),11,7,9,2.5,1,2,山本聡哉,55,ダ,1400,稍
2023106310,ジェイエルビット,2025-06-23,水沢,6,2歳,8,1,1,3.2,2,1,山本聡哉,55,ダ,1300,稍
2023106310,ジェイエルビット,2025-06-08,水沢,2,ファーストステップ2(2歳),6,3,3,5.7,3,1,山本聡哉,55,ダ,850,良
2023106635,ヘイアンティアー,2026-08-15,大井,6,テキーラ・サンセット(3歳二),13,6,8,21.5,6,8,高橋昭平,54,ダ,1400,重
2023106635,ヘイアンティアー,2026-07-24,大井,5,3歳一 二三(3歳二),,4,5,,,,高橋昭平,54,ダ,1400,良
2023106635,ヘイアンティアー,2026-07-03,大井,4,3歳一 二三(3歳二),8,8,8,52.1,7,2,高橋昭平,54,ダ,1400,不
2023106635,ヘイアンティアー,2026-06-11,大井,4,3歳四 五六(3歳五),14,6,9,33.9,7,4,高橋昭平,54,ダ,1400,稍
2023106635,ヘイアンティアー,2026-05-22,大井,1,3歳四 五,13,4,4,28.3,6,9,杉山海波,54,ダ,1600,不
2023106635,ヘイアンティアー,2026-05-01,大井,2,3歳四 五,13,4,5,20.7,5,7,和田譲治,54,ダ,1200,不
2023106635,ヘイアンティアー,2026-04-17,大井,3,3歳四 五,14,6,9,18.4,8,6,吉井章,54,ダ,1200,重
2023106635,ヘイアンティアー,2025-10-21,大井,3,都市農業フェス202(2歳),13,6,8,7.0,4,1,吉井章,54,ダ,1400,稍
2023106635,ヘイアンティアー,2025-10-07,大井,4,2歳六 七,9,2,2,4.5,2,8,吉井章,54,ダ,1200,良
2023106635,ヘイアンティアー,2025-09-04,大井,3,2歳三 四,11,8,10,13.9,5,6,吉井章,54,ダ,1400,良
2023106635,ヘイアンティアー,2025-08-10,大井,3,2歳 新馬,9,8,9,15.4,5,4,吉井章,54,ダ,1200,不
2023106663,サムライタイム,2026-08-31,盛岡,6,3歳C2五組,11,6,7,156.9,10,8,斉藤友香,50,ダ,1200,稍
2023106663,サムライタイム,2026-08-17,盛岡,1,3歳C2六組,11,8,11,80.7,7,6,斉藤友香,50,ダ,1200,良
2023106663,サムライタイム,2026-08-03,盛岡,6,3歳C2五組,11,4,4,335.6,9,8,斉藤友香,50,ダ,1200,稍
2023106663,サムライタイム,2026-07-20,盛岡,5,うまレター賞(3歳C2),11,5,5,128.6,9,8,斉藤友香,50,ダ,1200,良
2023106663,サムライタイム,2026-07-06,盛岡,5,3歳C2三組,9,6,6,164.6,9,7,大坪慎,54,ダ,1200,良
2023106663,サムライタイム,2026-06-22,水沢,6,3歳C2五組,11,8,11,155.7,10,8,大坪慎,54,ダ,1300,不
2023106663,サムライタイム,2026-03-24,大井,4,3歳11 12,11,7,8,184.5,11,9,所蛍,52,ダ,1200,良
2023106663,サムライタイム,2026-03-09,大井,6,3歳11 12,14,5,8,388.0,13,12,杉山海波,51,ダ,1400,稍
2023106663,サムライタイム,2026-02-16,大井,4,九品仏川賞(3歳),12,3,3,227.0,10,9,高橋優,51,ダ,1400,良
2023106663,サムライタイム,2026-01-26,大井,4,北沢川賞(3歳),13,3,3,216.0,12,9,高橋優,51,ダ,1400,良
2023106663,サムライタイム,2026-01-12,大井,6,3歳十 11,14,4,5,134.8,12,13,高橋優,51,ダ,1400,良
2023106663,サムライタイム,2025-12-24,大井,2,2歳 選抜牝馬,12,6,7,150.6,11,10,谷内貫太,53,ダ,1200,重
2023106663,サムライタイム,2025-12-01,大井,2,2歳七 八,14,4,6,99.2,13,12,谷内貫太,53,ダ,1400,良
2023106663,サムライタイム,2025-11-13,大井,3,2歳五 六,10,3,3,65.8,8,10,Ｍ．ミシ,52,ダ,1400,稍
2023106663,サムライタイム,2025-10-21,大井,3,都市農業フェス202(2歳),13,8,12,72.1,12,10,鷹見陸,53,ダ,1400,稍
2023106663,サムライタイム,2025-10-09,大井,3,2歳 選抜牝馬,11,6,7,6.9,5,7,鷹見陸,53,ダ,1200,良
2023106663,サムライタイム,2025-09-19,大井,5,2歳 新馬,7,4,4,40.2,7,5,鷹見陸,53,ダ,1400,不
2023106700,ジューンアカデミー,2026-08-14,大井,8,C1五 六,16,2,4,29.5,8,2,中山遥人,52,ダ,1200,不
2023106700,ジューンアカデミー,2026-07-22,大井,10,フォーチュネイトひま(C13歳),9,8,8,37.0,8,5,安藤洋一,55,ダ,1200,良
2023106700,ジューンアカデミー,2026-07-03,大井,5,3歳一 二三(3歳二),11,8,11,23.2,6,3,安藤洋一,54,ダ,1200,不
2023106700,ジューンアカデミー,2026-05-22,大井,4,3歳一 二三(3歳二),16,4,7,44.4,6,9,西優哉,51,ダ,1200,不
2023106700,ジューンアカデミー,2026-05-01,大井,2,3歳四 五,13,3,3,29.2,6,1,達城龍次,54,ダ,1200,不
2023106700,ジューンアカデミー,2026-03-26,大井,6,3歳四 五六(3歳五),13,4,5,42.8,6,5,達城龍次,54,ダ,1200,不
2023106700,ジューンアカデミー,2026-03-12,大井,5,3歳四 五六(3歳五),12,8,11,40.7,5,6,達城龍次,54,ダ,1200,良
2023106700,ジューンアカデミー,2026-02-20,大井,5,3歳一 二三(3歳二),13,4,4,84.9,8,8,達城龍次,54,ダ,1200,良
2023106700,ジューンアカデミー,2025-10-23,大井,4,2歳 新馬,7,6,6,8.8,4,1,達城龍次,54,ダ,1200,重
2023106703,ノーブルオーディン,2026-02-20,大井,5,3歳一 二三(3歳二),13,1,1,82.3,7,5,藤田凌,56,ダ,1200,良
2023106703,ノーブルオーディン,2026-01-15,大井,3,3歳二 三,8,2,2,4.2,2,2,藤田凌,56,ダ,1200,良
2023106703,ノーブルオーディン,2025-12-30,大井,4,白鳥特別競走(2歳),11,3,3,92.2,9,3,西啓太,55,ダ,1200,稍
2023106703,ノーブルオーディン,2025-12-05,大井,6,しながわ水族館賞(2歳三),15,2,4,18.3,6,8,藤田凌,55,ダ,1200,良
2023106703,ノーブルオーディン,2025-11-13,大井,4,2歳五 六,12,2,2,5.8,3,1,藤田凌,55,ダ,1200,稍
2023106703,ノーブルオーディン,2025-10-05,大井,2,2歳八,11,6,7,2.5,1,6,笹川翼,55,ダ,1200,良
2023106703,ノーブルオーディン,2025-08-10,大井,3,2歳 新馬,9,7,7,17.5,6,中,笹川翼,54,ダ,1200,不
2023106781,バゴリオの競走成績,2026-08-13,大井,4,3歳六 七八(3歳七),14,3,4,35.1,7,4,西優哉,51,ダ,1400,不
2023106781,バゴリオの競走成績,2026-07-20,大井,6,3歳11 12,13,3,4,5.9,2,1,西優哉,51,ダ,1200,良
2023106781,バゴリオの競走成績,2026-06-29,大井,2,3歳11 12,14,6,9,10.8,6,5,西優哉,51,ダ,1200,不
2023106781,バゴリオの競走成績,2026-01-26,大井,5,3歳12 13,13,4,4,1.9,1,9,鷹見陸,54,ダ,1200,良
2023106781,バゴリオの競走成績,2026-01-12,大井,5,3歳 新馬,7,4,4,20.4,6,5,鷹見陸,54,ダ,1200,良
2023107073,ライジングステップ,2026-09-03,大井,5,3歳四 五,12,8,11,1.4,1,2,Ｆ．ゴン,56,ダ,1600,良
2023107073,ライジングステップ,2026-05-18,大井,9,東京ダービーチャレン(OP)(3歳),7,1,1,2.5,2,5,御神本訓,56,ダ,2000,良
2023107073,ライジングステップ,2026-04-13,大井,7,クラシックチャレンジ(OP)(3歳),11,8,10,3.8,2,6,Ｅ．シャ,55,ダ,1800,良
2023107073,ライジングステップ,2026-01-12,大井,4,3歳 新馬,6,3,3,1.0,1,1,御神本訓,56,ダ,1400,良
2023107380,ヘスペリス,2026-04-30,大井,11,東京プリンセス賞競走(重賞),11,7,8,7.4,4,1,吉原寛人,54,ダ,1800,稍
2023107380,ヘスペリス,2026-03-26,大井,9,アザレア特別競走(3歳),8,6,6,2.9,2,1,御神本訓,54,ダ,1800,不
2023107380,ヘスペリス,2025-12-26,大井,9,’25セラフィナイト(OP)(2歳),10,6,6,,,除,本田正重,54,ダ,1800,重
2023107380,ヘスペリス,2025-10-10,大井,3,とき特別競走(2歳),6,6,6,1.8,1,2,御神本訓,54,ダ,1700,良
2023107380,ヘスペリス,2025-09-02,大井,4,2歳 新馬,7,3,3,3.9,2,1,御神本訓,54,ダ,1800,良
2023107396,ピジョンフェリス,2026-03-09,大井,4,越中島川賞(3歳),8,8,8,,,取,杉山海波,51,ダ,1400,稍
2023107396,ピジョンフェリス,2026-02-16,大井,3,3歳 選抜牝馬,11,4,4,18.4,5,9,杉山海波,51,ダ,1200,良
2023107396,ピジョンフェリス,2026-01-26,大井,5,3歳12 13,13,6,9,57.8,8,7,杉山海波,51,ダ,1200,良
2023107396,ピジョンフェリス,2026-01-12,大井,7,3歳十 11,13,3,3,45.6,8,7,中山遥人,52,ダ,1200,良
2023107396,ピジョンフェリス,2025-12-24,大井,3,2歳 新馬,10,2,2,87.4,10,7,杉山海波,51,ダ,1200,重
2023107398,ワナハヴファン,2026-05-01,大井,9,あおば特別競走(3歳二),7,3,3,1.0,1,1,本田正重,57,ダ,1400,不
2023107398,ワナハヴファン,2026-03-27,大井,7,つくし特別競走(3歳二),8,1,1,1.1,1,1,本田正重,57,ダ,1400,重
2023107398,ワナハヴファン,2025-12-04,大井,11,ジェムストーン賞競走(重賞),16,6,12,1.9,1,4,本田正重,55,ダ,1200,良
2023107398,ワナハヴファン,2025-11-14,大井,5,ひばり特別競走(2歳),11,5,5,1.1,1,1,本田正重,55,ダ,1200,稍
2023107398,ワナハヴファン,2025-10-02,門別,12,ネクストスター門別〔(重賞),14,3,4,39.2,10,6,小野楓馬,56,ダ,1200,稍
2023107398,ワナハヴファン,2025-08-28,門別,8,門別から世界へフォー(OP)(2歳),12,3,3,2.3,2,2,小野楓馬,55,ダ,1200,良
2023107398,ワナハヴファン,2025-07-15,門別,5,ルビー特別(OP)(2歳),9,1,1,3.4,1,3,小野楓馬,55,ダ,1200,稍
2023107398,ワナハヴファン,2025-07-02,門別,4,JRA認定競走フレッ(2歳),9,8,9,1.3,1,1,小野楓馬,55,ダ,1100,良
2023107428,ゴールデンクィーン,2026-02-16,大井,4,九品仏川賞(3歳),12,8,11,396.1,12,12,高野誠毅,54,ダ,1400,良
2023107428,ゴールデンクィーン,2026-01-26,大井,4,北沢川賞(3歳),13,4,5,65.6,9,7,高野誠毅,54,ダ,1400,良
2023107428,ゴールデンクィーン,2026-01-12,大井,6,3歳十 11,14,6,10,81.1,10,8,高野誠毅,54,ダ,1400,良
2023107428,ゴールデンクィーン,2025-12-24,大井,4,2歳九 十,8,8,9,76.8,6,5,高野誠毅,54,ダ,1400,重
2023107428,ゴールデンクィーン,2025-12-01,大井,2,2歳七 八,14,6,10,206.3,14,10,高野誠毅,54,ダ,1400,良
2023107428,ゴールデンクィーン,2025-11-12,大井,3,2歳 選抜牝馬,7,3,3,11.5,5,6,高野誠毅,54,ダ,1200,稍
2023107428,ゴールデンクィーン,2025-06-09,大井,2,2歳 新馬,8,6,6,190.8,8,7,高野誠毅,54,ダ,1400,良
2023109017,フォーティチュード,2026-08-28,船橋,10,オーガストダッシュ(B2B3),14,8,13,3.6,1,3,杉山海波,51,ダ,1000,良
2023109017,フォーティチュード,2026-08-21,川崎,11,神奈川の水がめ「やま(B1B2),8,6,6,2.5,2,2,町田直希,52,ダ,900,良
2023109017,フォーティチュード,2026-08-10,浦和,10,涼風特別(B2B3),12,3,3,3.1,2,2,中山遥人,53,ダ,800,良
2023109017,フォーティチュード,2026-07-16,浦和,11,七夕月特別(B2B3),11,6,7,1.6,1,1,中山遥人,53,ダ,800,良
2023109017,フォーティチュード,2026-06-23,浦和,10,稲荷山特別(B2B3),11,2,2,1.6,1,3,中山遥人,52,ダ,800,稍
2023109017,フォーティチュード,2026-05-29,浦和,5,浦和800ラウンド(3歳),12,7,9,1.2,1,1,中山遥人,55,ダ,800,良
2023109017,フォーティチュード,2026-04-24,浦和,4,さいたま市産ヨーロッ(3歳),10,4,4,1.8,1,1,中山遥人,55,ダ,800,重
2023109017,フォーティチュード,2026-03-05,川崎,3,シュトゥルムヴィント(3歳),12,5,5,8.1,3,1,中山遥人,53,ダ,900,重
2023109017,フォーティチュード,2026-02-26,浦和,3,浦和800ラウンド(3歳),10,6,6,1.6,1,3,矢野貴之,55,ダ,800,不
2023109017,フォーティチュード,2026-01-06,浦和,1,初当たり賞(3歳),12,6,8,1.9,1,1,福原杏,54,ダ,800,稍
2023109017,フォーティチュード,2026-01-02,川崎,1,羽根つき賞(3歳),12,5,6,10.0,4,8,福原杏,53,ダ,900,稍
2023109017,フォーティチュード,2025-11-25,浦和,1,浦和800ラウンド(2歳),12,8,12,9.1,2,2,山本大翔,54,ダ,800,良
2023109017,フォーティチュード,2025-10-12,盛岡,10,ネクストスター盛岡(重賞),11,2,2,20.0,6,11,高橋悠里,54,ダ,1400,稍
2023109017,フォーティチュード,2025-09-29,水沢,7,2歳,6,3,3,2.3,1,1,高橋悠里,54,ダ,1400,不
2023109017,フォーティチュード,2025-08-26,門別,5,JRA認定競走アタッ(2歳),9,8,9,21.4,5,5,藤田凌駕,52,ダ,1000,良
2023109017,フォーティチュード,2025-08-06,門別,3,JRA認定競走アタッ(2歳),11,3,3,37.6,8,3,藤田凌駕,52,ダ,1000,良
2023109017,フォーティチュード,2025-07-15,門別,2,2歳未勝利,9,3,3,1.2,1,1,小野楓馬,55,ダ,1000,稍
2023109017,フォーティチュード,2025-06-25,門別,4,JRA認定競走フレッ(2歳),10,8,10,36.5,7,2,小野楓馬,55,ダ,1000,良
2023109060,ファンキーヤンキー,2026-09-01,大井,6,3歳八 九十(3歳九),12,8,12,132.2,8,10,野畑凌,56,ダ,1400,良
2023109060,ファンキーヤンキー,2026-08-13,大井,4,3歳六 七八(3歳七),14,4,5,87.8,12,12,野畑凌,56,ダ,1400,不
2023109060,ファンキーヤンキー,2026-07-22,大井,3,3歳六 七,14,6,9,220.0,14,12,野畑凌,56,ダ,1600,良
2023109060,ファンキーヤンキー,2026-07-01,大井,2,3歳七 八,13,4,6,104.7,12,11,新原周馬,56,ダ,1600,稍
2023109060,ファンキーヤンキー,2026-06-10,大井,4,3歳七 八九(3歳八),14,6,10,148.3,13,6,石川倭,56,ダ,1400,重
2023109060,ファンキーヤンキー,2026-05-21,大井,2,3歳六 七八(3歳七),14,3,3,68.7,9,11,野畑凌,56,ダ,1400,稍
2023109060,ファンキーヤンキー,2026-04-28,大井,4,3歳九 十11(3歳十),12,3,3,83.5,8,5,達城龍次,56,ダ,1400,不
2023109060,ファンキーヤンキー,2026-04-14,大井,2,3歳九 十11(3歳十),12,7,9,20.3,6,4,野畑凌,56,ダ,1400,良
2023109060,ファンキーヤンキー,2026-03-24,大井,5,3歳九 十,9,4,4,4.9,2,7,谷内貫太,55,ダ,1600,良
2023109060,ファンキーヤンキー,2026-03-09,大井,6,3歳11 12,14,3,3,48.3,5,4,谷内貫太,55,ダ,1400,稍
2023109060,ファンキーヤンキー,2026-02-17,大井,3,3歳九 十,13,7,10,79.5,9,7,谷内貫太,55,ダ,1400,稍
2023109060,ファンキーヤンキー,2026-01-27,大井,3,3歳十 11,11,1,1,31.4,5,6,谷内貫太,55,ダ,1400,良
2023109060,ファンキーヤンキー,2026-01-12,大井,6,3歳十 11,14,3,3,7.9,3,3,谷内貫太,55,ダ,1400,良
2023109060,ファンキーヤンキー,2025-12-25,大井,5,2歳七 八,11,2,2,182.6,10,6,谷内貫太,54,ダ,1400,重
2023109060,ファンキーヤンキー,2025-12-01,大井,2,2歳七 八,14,8,13,30.1,9,9,野畑凌,55,ダ,1400,良
2023109060,ファンキーヤンキー,2025-11-13,大井,3,2歳五 六,10,1,1,80.7,9,7,野畑凌,55,ダ,1400,稍
2023109060,ファンキーヤンキー,2025-10-20,大井,3,こうとう!コトミちゃ(2歳),9,1,1,42.1,7,5,谷内貫太,55,ダ,1200,稍
2023109060,ファンキーヤンキー,2025-10-05,大井,2,2歳八,11,5,5,35.9,6,10,野畑凌,55,ダ,1200,良
2023109060,ファンキーヤンキー,2025-06-09,大井,4,2歳 新馬,9,4,4,138.4,9,8,谷内貫太,53,ダ,1200,良
2023109062,キミヲコイシタウ,2026-08-31,大井,6,3歳11 12,14,1,1,76.7,7,14,達城龍次,54,ダ,1200,良
2023109062,キミヲコイシタウ,2026-08-12,大井,5,3歳九 十11(3歳十),16,6,11,28.9,7,7,達城龍次,54,ダ,1200,不
2023109062,キミヲコイシタウ,2026-07-20,大井,5,3歳11 12,10,1,1,11.0,3,10,達城龍次,54,ダ,1400,良
2023109062,キミヲコイシタウ,2026-06-29,大井,2,3歳11 12,14,7,11,10.5,5,4,達城龍次,54,ダ,1200,不
2023109062,キミヲコイシタウ,2026-06-08,大井,2,3歳 選抜牝馬,10,6,6,31.5,7,4,達城龍次,54,ダ,1200,不
2023109062,キミヲコイシタウ,2026-05-18,大井,1,3歳11 12,12,5,6,131.8,11,9,横川怜央,54,ダ,1400,良
2023109062,キミヲコイシタウ,2026-04-27,大井,3,3歳 選抜牝馬,11,1,1,94.8,10,9,横川怜央,54,ダ,1200,不
2023109062,キミヲコイシタウ,2026-04-13,大井,3,3歳14 15,10,5,5,71.6,8,7,横川怜央,54,ダ,1400,良
2023109062,キミヲコイシタウ,2026-03-23,大井,4,3歳13 14,7,1,1,37.8,5,7,横川怜央,54,ダ,1400,良
2023109062,キミヲコイシタウ,2026-03-09,大井,4,越中島川賞(3歳),8,4,4,99.5,7,8,横川怜央,54,ダ,1400,稍
2023109062,キミヲコイシタウ,2026-02-16,大井,3,3歳 選抜牝馬,11,6,7,103.1,8,7,横川怜央,54,ダ,1200,良
2023109062,キミヲコイシタウ,2026-01-26,大井,4,北沢川賞(3歳),13,5,7,120.8,11,12,横川怜央,54,ダ,1400,良
2023109062,キミヲコイシタウ,2026-01-12,大井,6,3歳十 11,14,4,6,63.5,9,10,横川怜央,54,ダ,1400,良
2023109062,キミヲコイシタウ,2025-12-24,大井,4,2歳九 十,8,5,5,102.3,7,6,横川怜央,54,ダ,1400,重
2023109062,キミヲコイシタウ,2025-12-01,大井,3,2歳七 八,12,7,9,124.3,10,12,横川怜央,54,ダ,1200,良
2023109062,キミヲコイシタウ,2025-11-12,大井,3,2歳 選抜牝馬,7,7,7,22.3,6,7,横川怜央,54,ダ,1200,稍
2023109062,キミヲコイシタウ,2025-08-13,大井,4,2歳 選抜牝馬,9,2,2,128.0,9,7,横川怜央,54,ダ,1200,重
2023109062,キミヲコイシタウ,2025-07-17,大井,1,2歳 選抜牝馬,9,2,2,108.2,9,7,横川怜央,54,ダ,1200,不
2023109062,キミヲコイシタウ,2025-06-30,大井,2,2歳三,7,7,7,101.5,7,7,野畑凌,54,ダ,1200,良
2023109062,キミヲコイシタウ,2025-06-09,大井,3,2歳 新馬,8,1,1,114.5,8,8,杉山海波,51,ダ,1200,良
2023109154,アリアケグレイト,2026-08-17,大井,7,月見草特別競走(3歳),12,7,10,58.9,9,11,町田直希,54,ダ,1600,稍
2023109154,アリアケグレイト,2026-07-22,大井,3,3歳六 七,14,5,8,164.5,12,4,町田直希,54,ダ,1600,良
2023109154,アリアケグレイト,2026-07-02,大井,4,3歳四 五六(3歳五),13,2,2,122.1,12,8,西啓太,54,ダ,1400,不
2023109154,アリアケグレイト,2026-06-11,大井,4,3歳四 五六(3歳五),14,4,6,129.8,12,10,町田直希,54,ダ,1400,稍
2023109154,アリアケグレイト,2026-05-22,大井,1,3歳四 五,13,6,9,228.8,13,10,町田直希,54,ダ,1600,不
2023109154,アリアケグレイト,2026-04-30,大井,3,3歳六 七八(3歳七),10,7,8,135.9,9,10,鷹見陸,54,ダ,1400,稍
2023109154,アリアケグレイト,2025-12-24,大井,4,2歳九 十,8,2,2,5.7,3,1,達城龍次,54,ダ,1400,重
2023109154,アリアケグレイト,2025-12-01,大井,2,2歳七 八,14,8,14,66.3,11,6,中村尚平,54,ダ,1400,良
2023109154,アリアケグレイト,2025-11-11,大井,3,2歳 新馬,8,2,2,51.1,6,7,中村尚平,54,ダ,1600,稍
