馬名,日付,場,R,4角,頭数,相対,着順,脚質
アイアムイチバン,2026-04-12,福島,10,3,16,0.1333,4,
アイアムイチバン,2026-05-03,東京,12,1,13,0.0,3,先行
アイアムイチバン,2026-05-24,新潟,10,8,15,0.5,15,先行
アイアムイチバン,2026-08-02,札幌,9,1,12,0.0,1,
アイアムステキ,2026-08-09,札幌,9,5,16,0.2667,11,差し
アイアムユウシュン,2026-03-07,阪神,10,5,15,0.2857,13,差し
アイアムユウシュン,2026-04-11,中山,10,3,13,0.1667,11,差し
アイアムユウシュン,2026-07-04,福島,11,2,10,0.1111,9,差し
アイアン,2026-08-15,中京,12,7,16,0.4,12,
アイアンソリッド,2026-08-02,新潟,10,7,14,0.4615,13,差し
アイアンナックル,2026-07-18,福島,12,6,16,0.3333,11,先行
アイウィル,2026-01-05,中山,9,3,12,0.1818,3,
アイウィル,2026-02-21,小倉,11,5,13,0.3333,5,
アイウィル,2026-06-28,福島,10,6,11,0.5,4,
アイウィル,2026-08-02,札幌,10,3,10,0.2222,3,
アイウィル,2026-08-15,札幌,11,2,14,0.0769,1,
アイガーリー,2026-02-14,京都,9,2,11,0.1,11,逃げ
アイガーリー,2026-03-22,中京,9,6,10,0.5556,6,先行
アイガーリー,2026-05-16,京都,9,3,10,0.2222,10,
アイキャンドウイッ,2026-08-23,中京,6,4,14,0.2308,8,差し
アイサンサン,2026-02-01,東京,10,2,15,0.0714,6,先行
アイサンサン,2026-02-22,阪神,10,1,8,0.0,1,
アイサンサン,2026-05-17,東京,11,11,18,0.5882,13,
アイスグリーン,2026-03-01,小倉,11,6,17,0.3125,7,先行
アイスグリーン,2026-07-11,函館,11,3,13,0.1667,3,先行
アイスブレイカー,2026-01-05,中山,12,5,16,0.2667,9,
アイスブレイカー,2026-03-21,中山,12,8,16,0.4667,9,差し
アイスブレイカー,2026-06-21,東京,12,7,16,0.4,14,追込
アイデアルカット,2026-08-23,新潟,7,8,10,0.7778,8,差し
アイドクレース,2026-02-14,小倉,9,4,10,0.3333,5,差し
アイドクレース,2026-04-18,福島,9,2,9,0.125,7,差し
アイニードユー,2026-01-17,京都,10,5,9,0.5,5,先行
アイニードユー,2026-03-07,阪神,11,1,18,0.0,3,
アイニードユー,2026-04-12,阪神,11,2,18,0.0588,4,
アイニードユー,2026-08-02,中京,6,2,9,0.125,2,逃げ
アイファーグローブ,2026-02-22,小倉,10,1,16,0.0,11,先行
アイファーグローブ,2026-04-18,福島,11,10,15,0.6429,7,先行
アイファーシャドー,2026-06-27,函館,12,2,10,0.1111,3,追込
アイファージェット,2026-08-30,新潟,12,10,15,0.6429,15,先行
アイファースキャン,2026-01-12,中山,10,10,16,0.6,12,差し
アイファースキャン,2026-02-28,中山,10,8,16,0.4667,12,追込
アイファーバトル,2026-02-22,阪神,9,6,10,0.5556,10,差し
アイファーファイト,2026-01-24,小倉,12,8,15,0.5,10,
アイファーファイト,2026-03-01,小倉,12,8,16,0.4667,10,差し
アイファーファイト,2026-05-03,新潟,12,10,15,0.6429,10,追込
アイファーファイト,2026-06-06,東京,12,8,16,0.4667,16,追込
アイファーモービル,2026-03-07,阪神,12,10,16,0.6,9,差し
アイファーモービル,2026-08-09,中京,10,7,16,0.4,9,差し
アイブリンク,2026-07-26,中京,8,6,12,0.4545,10,差し
アイランド,2026-08-16,中京,12,1,16,0.0,1,先行
アイランドピーク,2026-04-26,福島,12,6,16,0.3333,12,差し
アイランドピーク,2026-06-20,東京,12,5,16,0.2667,15,差し
アイルシャイン,2026-02-10,京都,9,6,13,0.4167,10,差し
アイルシャイン,2026-06-14,阪神,10,9,14,0.6154,12,差し
アイルシャイン,2026-07-18,小倉,11,4,12,0.2727,2,差し
アイルシャイン,2026-08-01,中京,7,5,11,0.4,9,差し
アイヲツグモノ,2026-02-15,小倉,10,7,18,0.3529,10,先行
アウクソー,2026-03-14,中京,12,1,18,0.0,7,差し
アウクソー,2026-04-19,福島,9,3,16,0.1333,12,差し
アウクソー,2026-07-25,中京,11,2,8,0.1429,6,先行
アウクソー,2026-08-09,中京,11,6,17,0.3125,8,先行
アウスヴァール,2026-08-16,新潟,9,5,11,0.4,4,先行
アウダーシア,2026-02-01,東京,12,3,16,0.1333,1,差し
アウダーシア,2026-03-15,中山,11,5,16,0.2667,1,先行
アウダーシア,2026-05-31,東京,11,8,18,0.4118,11,差し
アウフヘーベン,2026-04-19,阪神,11,5,10,0.4444,2,
アウフヘーベン,2026-05-09,東京,9,3,12,0.1818,2,先行
アウフヘーベン,2026-06-14,阪神,10,4,14,0.2308,2,先行
アウローラシエル,2026-05-24,新潟,9,1,14,0.0,14,
アウローラシエル,2026-07-19,小倉,12,1,9,0.0,6,
アオイタケル,2026-05-09,京都,10,2,8,0.1429,3,先行
アオイミモザ,2026-01-24,京都,12,1,11,0.0,6,
アオイミモザ,2026-03-22,阪神,12,1,13,0.0,11,
アオイレーギーナ,2026-03-08,中山,12,5,16,0.2667,6,差し
アオイレーギーナ,2026-04-18,中山,9,6,12,0.4545,9,差し
アオイレーギーナ,2026-08-29,中京,6,4,13,0.25,2,先行
アオカミ,2026-02-15,東京,12,5,16,0.2667,9,差し
アオカミ,2026-03-22,中山,9,8,16,0.4667,11,差し
アオカミ,2026-05-03,東京,12,7,13,0.5,11,差し
アオハルブルース,2026-06-14,函館,12,2,10,0.1111,3,先行
アオハルブルース,2026-08-23,札幌,10,1,14,0.0,3,
アカウフリューゲル,2026-07-04,小倉,12,1,12,0.0,3,
アカツキロットリー,2026-08-01,新潟,9,6,14,0.3846,12,差し
アカデミア,2026-05-02,東京,9,1,16,0.0,3,先行
アカデミア,2026-06-21,阪神,10,4,16,0.2,6,先行
アガシ,2026-02-10,京都,10,5,16,0.2667,3,差し
アガシ,2026-03-22,中山,11,5,16,0.2667,10,差し
アガシ,2026-06-07,阪神,11,6,16,0.3333,14,差し
アキノビューティー,2026-08-30,中京,9,1,15,0.0,1,差し
アクアアイ,2026-01-12,京都,12,4,18,0.1765,2,先行
アクアマリーナ,2026-05-09,東京,12,1,16,0.0,5,
アクアマリーナ,2026-05-30,東京,9,1,16,0.0,3,
アクアマリーナ,2026-06-21,東京,9,1,16,0.0,12,
アクアマリーナ,2026-08-22,新潟,8,3,15,0.1429,10,
アクアリッズ,2026-05-10,新潟,9,7,14,0.4615,14,
アクアヴァーナル,2026-01-05,京都,11,1,9,0.0,1,先行
アクアヴァーナル,2026-03-22,阪神,11,1,10,0.0,2,先行
アクアヴァーナル,2026-05-03,京都,11,3,15,0.1429,4,先行
アクイローネ,2026-01-31,小倉,12,3,16,0.1333,13,差し
アクイローネ,2026-02-14,小倉,12,3,15,0.1429,10,差し
アクイローネ,2026-03-01,小倉,9,4,18,0.1765,15,差し
アクイローネ,2026-05-16,新潟,12,6,16,0.3333,12,差し
アクションプラン,2026-03-08,中山,10,1,15,0.0,2,先行
アクションプラン,2026-03-29,中山,11,2,15,0.0714,2,先行
アクションプラン,2026-05-23,京都,11,9,16,0.5333,14,先行
アクションプラン,2026-08-08,札幌,11,7,11,0.6,11,差し
アクセス,2026-01-18,中山,11,6,15,0.3571,9,差し
アクセス,2026-05-09,京都,11,2,16,0.0667,10,先行
アクセス,2026-08-15,中京,8,1,10,0.0,2,先行
アクロフェイズ,2026-01-24,京都,9,1,13,0.0,2,先行
アクロフェイズ,2026-03-15,中山,11,4,16,0.2,3,先行
アクロフェイズ,2026-04-19,中山,11,3,18,0.1176,16,先行
アクロフェイズ,2026-07-05,小倉,9,2,8,0.1429,1,先行
アクートゥス,2026-03-29,阪神,11,4,13,0.25,12,差し
アクートゥス,2026-04-12,中山,11,6,16,0.3333,6,差し
アクートゥス,2026-06-14,東京,11,9,13,0.6667,3,差し
アグネスクレスト,2026-01-31,東京,10,4,15,0.2143,10,先行
アグネスクレスト,2026-02-21,小倉,9,2,10,0.1111,10,差し
アグラード,2026-03-01,中山,12,5,16,0.2667,9,差し
アグラード,2026-05-30,東京,9,8,16,0.4667,13,差し
アケルナルスター,2026-01-12,中山,11,7,14,0.4615,13,追込
アゴルディーノ,2026-08-15,札幌,9,2,8,0.1429,2,差し
アサカラキング,2026-02-21,阪神,11,1,18,0.0,5,
アサカラキング,2026-05-02,東京,11,3,18,0.1176,18,
アサカラキング,2026-05-31,京都,10,8,17,0.4375,11,
アサクサグレース,2026-02-22,小倉,12,1,18,0.0,1,先行
アサクサグレース,2026-03-14,阪神,9,1,15,0.0,2,
アサクサグレース,2026-04-11,福島,10,1,16,0.0,1,
アサクサグレース,2026-06-28,小倉,11,3,8,0.2857,8,
アサヒ,2026-02-15,東京,10,10,16,0.6,15,差し
アサヒ,2026-03-15,中山,10,9,16,0.5333,13,
アサヒ,2026-03-29,阪神,11,7,13,0.5,9,
アサヒ,2026-04-26,京都,11,9,18,0.4706,16,
アサヒ,2026-05-24,京都,11,3,13,0.1667,11,
アシャカタカ,2026-01-05,中山,11,2,14,0.0769,14,
アシャカタカ,2026-03-01,中山,10,1,15,0.0,15,
アシャカタカ,2026-06-21,函館,11,1,15,0.0,15,
アジアミッション,2026-03-28,中山,9,9,16,0.5333,7,差し
アジアミッション,2026-05-17,東京,12,8,16,0.4667,5,差し
アジアントレジャー,2026-01-10,中山,9,5,10,0.4444,10,
アジュマン,2026-02-22,阪神,9,3,10,0.2222,6,逃げ
アジュマン,2026-03-28,阪神,10,8,11,0.7,2,先行
アジュマン,2026-04-18,阪神,10,5,9,0.5,2,差し
アスクアイルビゼア,2026-02-22,東京,12,3,16,0.1333,1,先行
アスクアイルビゼア,2026-05-17,東京,12,3,16,0.1333,4,先行
アスクアメージモア,2026-03-21,中京,12,1,14,0.0,11,差し
アスクイキゴミ,2026-04-04,阪神,11,2,14,0.0769,1,先行
アスクイキゴミ,2026-05-10,東京,11,7,18,0.3529,2,
アスクエジンバラ,2026-03-15,中山,11,5,16,0.2667,2,差し
アスクエジンバラ,2026-04-19,中山,11,2,18,0.0588,4,差し
アスクエジンバラ,2026-05-31,東京,11,4,18,0.1765,10,差し
アスクエピソード,2026-02-01,京都,12,5,7,0.6667,7,差し
アスクエピソード,2026-04-25,京都,12,6,11,0.5,7,差し
アスクエピソード,2026-07-12,小倉,10,4,11,0.3,7,差し
アスクガンバーレ,2026-03-28,中京,9,4,9,0.375,2,
アスクキングコング,2026-01-18,京都,10,7,16,0.4,14,差し
アスクキングコング,2026-03-29,阪神,12,8,16,0.4667,12,差し
アスクキングコング,2026-08-29,中京,8,8,14,0.5385,10,差し
アスクケンタッキー,2026-07-11,函館,10,1,14,0.0,1,
アスクケンタッキー,2026-07-25,札幌,11,6,12,0.4545,12,
アスクケンタッキー,2026-08-15,札幌,11,1,14,0.0,8,逃げ
アスクコモンタレヴ,2026-04-26,京都,9,7,11,0.6,2,差し
アスクコモンタレヴ,2026-06-13,阪神,9,4,9,0.375,1,差し
アスクザアメリカン,2026-07-11,小倉,12,1,16,0.0,15,
アスクザアメリカン,2026-08-01,新潟,12,9,17,0.5,14,差し
アスクシュタイン,2026-01-24,京都,10,3,15,0.1429,1,先行
アスクセクシーモア,2026-02-22,東京,10,4,14,0.2308,3,差し
アスクセクシーモア,2026-05-03,東京,9,6,18,0.2941,1,差し
アスクセクシーモア,2026-05-31,東京,12,2,14,0.0769,6,差し
アスクチャンスマン,2026-07-25,中京,10,5,12,0.3636,3,追込
アスクデッドヒート,2026-02-28,小倉,9,5,16,0.2667,2,差し
アスクデッドヒート,2026-05-17,京都,9,6,10,0.5556,5,差し
アスクデッドヒート,2026-07-05,函館,10,3,11,0.2,2,差し
アスクデッドヒート,2026-07-25,札幌,10,4,11,0.3,4,差し
アスクデッドヒート,2026-08-16,札幌,12,5,14,0.3077,7,差し
アスクデビューモア,2026-01-04,中山,9,1,11,0.0,1,差し
アスクデビューモア,2026-03-08,中山,10,8,15,0.5,13,差し
アスクデビューモア,2026-07-18,函館,11,9,13,0.6667,11,追込
アスクドゥポルテ,2026-01-05,京都,11,6,9,0.625,6,差し
アスクドゥポルテ,2026-02-08,小倉,11,8,12,0.6364,12,差し
アスクドゥポルテ,2026-04-12,福島,11,8,15,0.5,12,追込
アスクドゥラメンテ,2026-05-23,東京,11,6,16,0.3333,13,先行
アスクナイスショー,2026-01-10,中山,11,1,17,0.0,1,先行
アスクナイスショー,2026-07-12,福島,11,1,16,0.0,1,
アスクビギンアゲン,2026-01-11,京都,10,8,15,0.5,15,差し
アスクファイアモア,2026-06-20,函館,10,6,8,0.7143,8,先行
アスクブームキセキ,2026-07-25,中京,12,5,16,0.2667,6,差し
アスクムービーオン,2026-08-15,中京,10,1,16,0.0,16,
アスクワンタイム,2026-02-15,小倉,11,9,18,0.4706,2,
アスクワンタイム,2026-03-15,阪神,11,3,16,0.1333,3,
アスクワンタイム,2026-04-12,中山,11,2,16,0.0667,5,
アスクワンタイム,2026-05-16,京都,11,8,16,0.4667,9,差し
アスクワンタイム,2026-05-31,京都,10,12,17,0.6875,13,
アスクヴォルテージ,2026-05-10,新潟,12,6,13,0.4167,7,
アスゴッド,2026-03-01,中山,12,4,16,0.2,8,
アスゴッド,2026-05-23,京都,12,4,14,0.2308,8,
アスゴッド,2026-06-07,東京,12,6,16,0.3333,15,
アスゴッド,2026-08-16,中京,8,6,16,0.3333,16,
アスターエポワス,2026-08-23,中京,12,8,16,0.4667,15,先行
アスターブジエ,2026-03-08,中山,9,4,16,0.2,6,差し
アスターブジエ,2026-03-29,阪神,10,4,11,0.3,6,差し
アスターブジエ,2026-04-19,中山,12,10,18,0.5294,12,差し
アスターブジエ,2026-06-20,阪神,10,1,18,0.0,2,差し
アスタールフナ,2026-01-11,中山,12,1,16,0.0,10,先行
アスタールフナ,2026-03-29,阪神,12,1,16,0.0,4,
アスタールフナ,2026-04-11,中山,12,2,16,0.0667,8,
アスタールフナ,2026-05-30,京都,12,3,16,0.1333,15,
アスタールフナ,2026-08-09,新潟,9,2,15,0.0714,2,
アスティスプマンテ,2026-03-01,中山,10,5,15,0.2857,4,
アスティスプマンテ,2026-05-03,京都,10,10,18,0.5294,10,
アスティスプマンテ,2026-06-21,函館,11,2,15,0.0714,1,
アスティスプマンテ,2026-08-09,札幌,11,2,16,0.0667,3,
アステルディーヴァ,2026-08-22,中京,11,4,16,0.2,2,
アストラカ,2026-02-08,小倉,10,1,15,0.0,11,
アストラカ,2026-02-22,阪神,12,4,16,0.2,11,
アストラカ,2026-04-18,中山,12,6,13,0.4167,7,
アストラカ,2026-05-16,京都,12,9,15,0.5714,8,
アストラカ,2026-07-04,小倉,10,8,12,0.6364,11,
アストリル,2026-05-02,東京,10,5,11,0.4,5,
アストリル,2026-06-21,函館,9,3,12,0.1818,1,
アストリル,2026-07-19,函館,9,4,13,0.25,2,差し
アスパラゴ,2026-08-22,新潟,9,7,15,0.4286,8,差し
アスミル,2026-01-31,東京,10,1,15,0.0,4,先行
アスミル,2026-02-28,阪神,10,2,9,0.125,6,先行
アスミル,2026-03-21,中京,11,7,17,0.375,13,先行
アスミル,2026-05-10,京都,10,1,11,0.0,4,
アスミル,2026-06-20,東京,10,2,14,0.0769,4,先行
アスミル,2026-08-08,札幌,12,2,13,0.0833,6,先行
アスミル,2026-08-22,札幌,10,1,14,0.0,1,
アセンブリールーム,2026-01-24,中山,12,3,12,0.1818,3,差し
アタリダイキチ,2026-02-01,小倉,10,3,15,0.1429,13,
アタリダイキチ,2026-04-11,福島,10,6,16,0.3333,7,差し
アタリダイキチ,2026-07-11,福島,10,6,9,0.625,5,先行
アチーヴァー,2026-06-14,函館,12,5,10,0.4444,6,先行
アチーヴァー,2026-07-04,函館,12,1,7,0.0,2,先行
アッカン,2026-01-18,中山,11,7,15,0.4286,15,
アッカン,2026-04-25,東京,11,4,18,0.1765,7,先行
アッチャゴーラ,2026-02-15,東京,10,10,16,0.6,8,差し
アッチャゴーラ,2026-04-26,東京,10,5,15,0.2857,7,差し
アッチャゴーラ,2026-06-20,阪神,11,4,15,0.2143,2,差し
アッチャゴーラ,2026-08-16,新潟,7,8,15,0.5,5,差し
アットアブラスト,2026-06-13,阪神,9,5,9,0.5,9,
アットザラヴアスク,2026-07-12,小倉,12,9,17,0.5,17,先行
アップストローク,2026-08-09,中京,9,3,13,0.1667,2,追込
アツキヤマト,2026-03-21,中山,12,6,16,0.3333,4,差し
アテンスマイル,2026-05-16,新潟,12,4,16,0.2,10,差し
アテンスマイル,2026-07-04,福島,12,6,16,0.3333,13,差し
アデランテ,2026-08-01,新潟,7,1,15,0.0,6,
アトミックブレス,2026-05-09,東京,10,3,15,0.1429,7,先行
アトミックブレス,2026-06-20,東京,12,2,16,0.0667,4,先行
アトリウムチャペル,2026-08-09,札幌,9,9,16,0.5333,6,差し
アトレッタ,2026-07-25,中京,8,4,8,0.4286,5,差し
アトレッタ,2026-08-15,中京,8,3,10,0.2222,5,差し
アドバンスファラオ,2026-04-04,阪神,10,1,16,0.0,10,
アドバンスファラオ,2026-05-17,京都,11,6,16,0.3333,15,
アドバンスファラオ,2026-08-16,新潟,7,7,15,0.4286,15,
アドマイヤウルトラ,2026-08-22,新潟,10,6,15,0.3571,4,
アドマイヤクワッズ,2026-03-08,中山,11,2,10,0.1111,3,差し
アドマイヤクワッズ,2026-04-19,中山,11,2,18,0.0588,15,差し
アドマイヤクワッズ,2026-05-10,東京,11,5,18,0.2353,3,差し
アドマイヤシュラ,2026-04-12,阪神,9,5,14,0.3077,7,差し
アドマイヤジェイ,2026-01-04,京都,12,3,12,0.1818,4,差し
アドマイヤズーム,2026-04-26,京都,11,1,18,0.0,1,
アドマイヤテラ,2026-03-22,阪神,11,2,10,0.1111,1,差し
アドマイヤテラ,2026-05-03,京都,11,5,15,0.2857,3,差し
アドマイヤテラ,2026-08-16,札幌,11,2,16,0.0667,9,差し
アドマイヤデイトナ,2026-04-26,東京,10,2,15,0.0714,13,差し
アドマイヤフク,2026-02-01,東京,12,3,16,0.1333,16,差し
アドマイヤフク,2026-08-15,新潟,12,3,18,0.1176,6,差し
アドミラルシップ,2026-01-12,中山,12,6,18,0.2941,10,
アドミラルシップ,2026-04-26,福島,9,5,13,0.3333,11,差し
アドミラルシップ,2026-07-18,函館,9,1,13,0.0,4,差し
アドミラルシップ,2026-08-23,札幌,9,2,13,0.0833,9,先行
アナザーエース,2026-08-09,中京,9,4,13,0.25,6,先行
アナレンマ,2026-03-28,中京,10,6,12,0.4545,11,差し
アニゴザントス,2026-08-01,新潟,11,4,18,0.1765,6,差し
アニトラ,2026-03-21,阪神,10,3,16,0.1333,11,
アネモス,2026-01-31,小倉,9,7,14,0.4615,5,差し
アネモス,2026-02-14,小倉,10,7,14,0.4615,12,差し
アバレリュウ,2026-05-24,新潟,12,1,14,0.0,8,
アバレリュウ,2026-08-29,新潟,6,9,15,0.5714,8,
アパッシメント,2026-03-22,中山,9,1,16,0.0,3,先行
アパッシメント,2026-07-18,函館,10,1,10,0.0,1,先行
アパレイユ,2026-08-23,中京,8,3,16,0.1333,15,
アビヤント,2026-08-29,新潟,6,4,15,0.2143,7,先行
アビラーシャ,2026-08-22,中京,10,2,12,0.0909,2,先行
アビル,2026-08-23,中京,10,3,14,0.1538,10,先行
アフェシス,2026-01-18,京都,12,4,10,0.3333,7,差し
アブキールベイ,2026-02-01,京都,11,4,18,0.1765,6,
アブキールベイ,2026-05-16,京都,11,6,16,0.3333,12,差し
アブキールベイ,2026-07-05,小倉,11,6,13,0.4167,5,差し
アブキールベイ,2026-08-09,中京,7,10,18,0.5294,8,差し
アベベ,2026-03-01,中山,12,10,16,0.6,13,追込
アベベ,2026-04-04,中山,10,5,15,0.2857,12,追込
アマイ,2026-01-24,中山,11,1,18,0.0,5,先行
アマイ,2026-03-22,中山,10,1,9,0.0,9,
アマイ,2026-04-05,中山,11,1,16,0.0,7,
アマイ,2026-06-27,福島,11,1,9,0.0,6,
アマイ,2026-07-18,福島,11,2,16,0.0667,11,
アマキヒ,2026-02-28,阪神,9,1,9,0.0,1,先行
アマキヒ,2026-04-11,阪神,10,3,13,0.1667,3,先行
アマキヒ,2026-05-31,東京,12,6,14,0.3846,9,先行
アマキヒ,2026-07-26,札幌,11,1,13,0.0,10,先行
アマンテビアンコ,2026-03-08,中山,10,1,15,0.0,7,差し
アマンテビアンコ,2026-05-30,東京,11,9,16,0.5333,15,差し
アマンヘセル,2026-08-15,新潟,12,4,18,0.1765,12,差し
アムールドパリ,2026-05-03,東京,10,3,16,0.1333,2,先行
アムールドパリ,2026-06-20,東京,11,4,15,0.2143,13,先行
アムールドパリ,2026-08-29,新潟,8,5,11,0.4,10,先行
アムールリーベ,2026-03-14,阪神,9,7,15,0.4286,10,差し
アムールリーベ,2026-03-28,中京,12,6,16,0.3333,9,差し
アムールリーベ,2026-05-17,京都,12,3,12,0.1818,6,差し
アムールリーベ,2026-08-29,中京,8,4,14,0.2308,2,差し
アメジストブラック,2026-06-27,函館,10,4,11,0.3,6,差し
アメジストブラック,2026-07-05,函館,10,5,11,0.4,10,差し
アメティスタ,2026-01-17,中山,9,2,8,0.1429,1,先行
アメティスタ,2026-03-21,中山,11,3,16,0.1333,4,先行
アメティスタ,2026-05-24,東京,11,3,18,0.1176,14,先行
アメティスタ,2026-07-11,福島,9,5,15,0.2857,8,先行
アメテュストス,2026-01-18,中山,11,7,15,0.4286,8,差し
アメテュストス,2026-03-08,中山,11,2,10,0.1111,9,差し
アメリカンイズム,2026-08-02,中京,10,4,14,0.2308,9,
アメリカンエール,2026-02-28,小倉,10,9,16,0.5333,15,
アメリカンエール,2026-03-15,中山,9,7,11,0.6,11,
アメリカンスタイル,2026-03-28,中山,10,7,10,0.6667,10,
アメリカンスタイル,2026-07-18,小倉,12,2,14,0.0769,6,
アメリカンステージ,2026-01-18,中山,10,2,16,0.0667,11,
アメリカンステージ,2026-06-27,函館,11,2,14,0.0769,3,
アメリカンチケット,2026-02-10,京都,12,5,15,0.2857,15,
アメリカンチケット,2026-04-12,福島,10,8,16,0.4667,11,逃げ
アメリカンチケット,2026-06-27,福島,9,1,16,0.0,1,先行
アメリカンチケット,2026-08-15,新潟,7,1,15,0.0,7,
アメリカンビキニ,2026-07-05,小倉,11,3,13,0.1667,13,
アメリカンビキニ,2026-07-11,小倉,11,5,11,0.4,11,
アメリカンビヨンド,2026-08-09,中京,10,3,16,0.1333,2,差し
アメリカンビーチ,2026-05-24,京都,12,1,16,0.0,16,差し
アメリカンビーチ,2026-08-01,中京,10,4,16,0.2,5,差し
アメリカンピース,2026-07-25,新潟,9,2,9,0.125,3,差し
アメリカンピース,2026-08-15,新潟,9,3,10,0.2222,6,先行
アメリカンランナー,2026-05-23,新潟,12,6,15,0.3571,11,差し
アメージング,2026-01-05,中山,9,4,12,0.2727,12,逃げ
アヤサンジョリーン,2026-06-20,函館,9,6,12,0.4545,9,差し
アヤサンジョリーン,2026-07-19,函館,12,7,14,0.4615,9,差し
アラタ,2026-03-15,中京,11,7,14,0.4615,10,差し
アラタ,2026-06-28,函館,11,7,15,0.4286,10,差し
アラタ,2026-08-16,札幌,11,8,16,0.4667,12,差し
アラタマフェーヴル,2026-05-02,新潟,10,2,15,0.0714,6,差し
アラタマフェーヴル,2026-05-24,京都,9,2,10,0.1111,1,先行
アラタマフェーヴル,2026-07-04,小倉,11,2,14,0.0769,7,先行
アラタマフェーヴル,2026-08-15,中京,7,3,8,0.2857,3,先行
アラナコア,2026-02-28,小倉,10,4,16,0.2,3,差し
アラナコア,2026-06-28,小倉,10,2,16,0.0667,2,差し
アラナコア,2026-08-29,札幌,12,2,12,0.0909,4,差し
アラバンサ,2026-03-21,中京,12,10,14,0.6923,12,
アラバンサ,2026-03-29,阪神,9,7,15,0.4286,14,
アラビアンジョイ,2026-08-02,中京,12,3,17,0.125,1,差し
アラビアンジョイ,2026-08-23,中京,11,5,17,0.25,7,差し
アラベラ,2026-04-26,京都,10,8,18,0.4118,17,差し
アラベラ,2026-05-23,京都,10,8,16,0.4667,14,差し
アラムベイ,2026-08-02,新潟,12,6,17,0.3125,7,差し
アラレタバシル,2026-01-17,中山,10,9,16,0.5333,5,
アラレタバシル,2026-03-01,阪神,10,3,14,0.1538,5,
アラレタバシル,2026-03-29,中京,10,2,14,0.0769,4,
アラレタバシル,2026-08-01,新潟,7,4,15,0.2143,2,
アラレタバシル,2026-08-23,新潟,6,5,15,0.2857,2,
アランカール,2026-03-01,阪神,11,5,15,0.2857,3,追込
アランカール,2026-04-12,阪神,11,9,18,0.4706,5,差し
アランカール,2026-05-24,東京,11,6,18,0.2941,8,追込
アリアーネ,2026-08-22,新潟,12,5,15,0.2857,6,差し
アリエスキング,2026-05-31,京都,9,4,10,0.3333,5,差し
アリエスキング,2026-07-25,中京,6,8,16,0.4667,4,先行
アリエスキング,2026-08-16,中京,8,2,16,0.0667,5,先行
アリスメティーク,2026-04-26,福島,9,3,13,0.1667,1,差し
アリスメティーク,2026-08-29,札幌,11,2,14,0.0769,12,差し
アリディプラチノ,2026-07-26,中京,12,7,15,0.4286,11,差し
アリュウ,2026-08-08,中京,10,10,16,0.6,16,先行
アルカディアカフェ,2026-02-22,東京,9,1,10,0.0,6,
アルゲンテウス,2026-04-25,東京,9,4,9,0.375,5,差し
アルゲンテウス,2026-05-24,東京,9,7,12,0.5455,4,差し
アルゴナヴィス,2026-01-31,東京,9,3,16,0.1333,10,先行
アルゴナヴィス,2026-03-29,中京,10,4,14,0.2308,14,
アルシミスト,2026-01-05,中山,12,1,16,0.0,13,先行
アルシャンティ,2026-04-25,福島,12,4,16,0.2,12,先行
アルシャンティ,2026-08-29,新潟,10,2,18,0.0588,12,先行
アルジェンタージョ,2026-03-01,中山,12,5,16,0.2667,5,差し
アルジェンタージョ,2026-03-14,中山,12,2,16,0.0667,5,差し
アルジェンタージョ,2026-04-11,中山,12,5,16,0.2667,4,差し
アルジェンタージョ,2026-05-03,東京,12,4,13,0.25,2,差し
アルジェンタージョ,2026-05-09,東京,12,6,16,0.3333,7,差し
アルジェンタージョ,2026-08-09,新潟,9,4,15,0.2143,5,差し
アルジェンタージョ,2026-08-22,新潟,8,7,15,0.4286,9,差し
アルジェンテーラ,2026-08-02,中京,12,7,17,0.375,10,差し
アルスマグナ,2026-05-10,京都,10,2,11,0.1,7,差し
アルダ,2026-08-23,中京,10,1,14,0.0,12,
アルテクィーン,2026-07-19,函館,11,5,13,0.3333,8,先行
アルテヴェローチェ,2026-02-01,京都,11,8,18,0.4118,13,
アルテヴェローチェ,2026-02-21,阪神,11,10,18,0.5294,6,差し
アルテヴェローチェ,2026-05-31,京都,10,9,17,0.5,12,差し
アルテヴェローチェ,2026-08-22,新潟,7,5,18,0.2353,11,差し
アルディスティーノ,2026-01-31,小倉,12,1,16,0.0,5,逃げ
アルディスティーノ,2026-06-21,函館,9,4,12,0.2727,5,
アルディスティーノ,2026-07-04,函館,9,3,9,0.25,4,差し
アルディスティーノ,2026-08-01,札幌,10,4,13,0.25,7,先行
アルデキングダム,2026-07-19,福島,12,7,15,0.4286,14,差し
アルデトップガン,2026-03-15,中京,10,5,12,0.3636,4,差し
アルデトップガン,2026-04-11,中山,11,5,15,0.2857,5,差し
アルデトップガン,2026-05-09,東京,10,6,15,0.3571,5,差し
アルデトップガン,2026-07-26,札幌,10,4,9,0.375,3,差し
アルトゥーム,2026-01-11,京都,10,8,15,0.5,10,差し
アルトゥーム,2026-03-01,小倉,11,7,17,0.375,5,差し
アルトゥーム,2026-03-14,阪神,10,7,11,0.6,8,差し
アルトゥーム,2026-04-05,中山,11,8,16,0.4667,15,差し
アルトゥーム,2026-07-04,小倉,11,6,14,0.3846,8,差し
アルトラムス,2026-01-12,京都,11,7,16,0.4,3,差し
アルトラムス,2026-03-28,阪神,11,3,7,0.3333,1,差し
アルトラムス,2026-04-19,中山,11,7,18,0.3529,18,差し
アルトラムス,2026-05-31,東京,11,7,18,0.3529,6,差し
アルドール,2026-03-22,中山,12,4,16,0.2,8,差し
アルニラム,2026-06-28,福島,12,7,14,0.4615,10,
アルバニー,2026-03-21,阪神,12,6,15,0.3571,15,先行
アルバニー,2026-07-18,函館,12,3,12,0.1818,11,差し
アルバンヌ,2026-05-02,東京,10,6,11,0.5,7,差し
アルビージャ,2026-03-15,中山,10,8,16,0.4667,8,差し
アルファマム,2026-02-01,東京,11,7,16,0.4,13,追込
アルプスオジョー,2026-06-21,東京,12,8,16,0.4667,4,追込
アルプスオジョー,2026-08-29,中京,10,5,16,0.2667,13,差し
アルベリック,2026-01-18,京都,10,10,16,0.6,7,追込
アルベリック,2026-02-01,京都,9,6,11,0.5,6,差し
アルベリック,2026-04-11,阪神,9,4,8,0.4286,5,追込
アルベリック,2026-04-26,京都,9,7,11,0.6,6,差し
アルベリック,2026-08-30,新潟,6,9,15,0.5714,11,追込
アルマグラース,2026-02-22,小倉,12,10,18,0.5294,16,差し
アルマグラース,2026-03-22,中京,12,6,16,0.3333,14,差し
アルマデオロ,2026-04-11,阪神,9,1,8,0.0,3,先行
アルマデオロ,2026-07-05,函館,10,1,11,0.0,1,先行
アルマロクザン,2026-07-04,福島,12,2,16,0.0667,8,差し
アルマロクザン,2026-07-18,函館,12,4,12,0.2727,12,先行
アルマロクザン,2026-08-09,札幌,9,4,16,0.2,10,先行
アルマロクザン,2026-08-16,札幌,9,5,16,0.2667,11,先行
アルマーレシチー,2026-05-23,新潟,12,8,15,0.5,4,差し
アルマーレシチー,2026-06-13,東京,12,7,16,0.4,13,追込
アルマーレシチー,2026-08-01,新潟,9,7,14,0.4615,9,追込
アルミラージ,2026-08-23,中京,12,1,16,0.0,11,先行
アルムラトゥール,2026-02-15,東京,10,7,16,0.4,6,差し
アルムラトゥール,2026-02-22,阪神,11,3,12,0.1818,4,差し
アルムラトゥール,2026-04-26,東京,10,3,15,0.1429,8,差し
アルムラトゥール,2026-05-03,新潟,11,6,15,0.3571,12,差し
アルヴィア,2026-08-23,中京,9,2,8,0.1429,1,先行
アレ,2026-01-31,京都,9,2,13,0.0833,10,差し
アレ,2026-02-22,阪神,12,6,16,0.3333,14,差し
アレ,2026-07-25,中京,6,9,16,0.5333,14,差し
アレクレア,2026-05-16,新潟,9,6,16,0.3333,12,差し
アレクレア,2026-07-04,福島,9,6,10,0.5556,5,差し
アレクレア,2026-09-05,中山,9,5,15,0.2857,5,差し
アレナパラシオ,2026-05-30,京都,10,1,16,0.0,2,先行
アレナパラシオ,2026-06-27,小倉,11,1,15,0.0,4,
アレナパラシオ,2026-07-19,小倉,10,4,16,0.2,8,先行
アレナリア,2026-01-24,小倉,11,1,18,0.0,8,
アレナリア,2026-02-14,京都,10,2,16,0.0667,6,
アレナリア,2026-04-12,阪神,10,2,15,0.0714,8,
アレナリア,2026-05-23,京都,10,1,16,0.0,9,
アレナリア,2026-08-09,中京,9,9,13,0.6667,12,先行
アレーティア,2026-08-08,新潟,9,3,15,0.1429,12,先行
アロハオエ,2026-07-26,新潟,12,8,15,0.5,12,差し
アロンズロッド,2026-02-14,東京,9,5,8,0.5714,3,差し
アロンズロッド,2026-04-11,阪神,9,1,8,0.0,2,差し
アロンズロッド,2026-07-19,福島,10,4,12,0.2727,2,差し
アロンソア,2026-01-24,京都,9,4,13,0.25,11,先行
アロンソア,2026-02-14,小倉,9,3,10,0.2222,6,差し
アロンソア,2026-06-20,阪神,12,7,18,0.3529,1,
アロンソア,2026-08-23,中京,6,6,14,0.3846,12,差し
アロンディ,2026-01-12,京都,9,3,12,0.1818,1,差し
アロンディ,2026-03-29,阪神,10,4,11,0.3,5,差し
アロンディ,2026-04-19,中山,12,6,18,0.2941,15,差し
アロンディ,2026-06-20,阪神,10,3,18,0.1176,9,差し
アローメタル,2026-02-10,東京,9,2,7,0.1667,2,先行
アローメタル,2026-07-04,福島,9,2,10,0.1111,6,先行
アンガーザガール,2026-08-22,中京,12,3,17,0.125,2,先行
アンクエンチャブル,2026-02-22,東京,12,2,16,0.0667,13,
アンクエンチャブル,2026-05-16,東京,10,2,12,0.0909,10,
アンクルクロス,2026-01-11,京都,11,5,16,0.2667,2,差し
アンクルクロス,2026-05-16,京都,11,3,16,0.1333,2,差し
アンクルクロス,2026-07-05,小倉,11,6,13,0.4167,7,先行
アンクルクロス,2026-08-09,中京,7,5,18,0.2353,14,先行
アングレ,2026-01-24,小倉,9,7,12,0.5455,10,先行
アンゴラブラック,2026-01-04,中山,11,3,14,0.1538,2,先行
アンゴラブラック,2026-03-07,中山,11,5,16,0.2667,13,先行
アンゴラブラック,2026-05-16,新潟,11,4,15,0.2143,10,先行
アンゴラブラック,2026-08-02,札幌,11,4,14,0.2308,9,
アンシュウマト,2026-08-15,新潟,8,4,15,0.2143,8,先行
アンシール,2026-02-15,東京,10,6,16,0.3333,12,差し
アンシール,2026-04-26,東京,10,7,15,0.4286,11,差し
アンジュアルディ,2026-02-21,阪神,9,4,18,0.1765,17,
アンジュドジョワ,2026-03-28,阪神,9,2,7,0.1667,1,先行
アンジュドジョワ,2026-05-24,東京,11,8,18,0.4118,9,先行
アンジュフィールド,2026-01-04,中山,9,2,11,0.1,11,
アンジュプロミス,2026-01-24,小倉,9,1,12,0.0,3,先行
アンジュプロミス,2026-02-21,小倉,9,1,10,0.0,1,先行
アンジュプロミス,2026-05-30,京都,11,3,16,0.1333,12,
アンジュプロミス,2026-06-20,函館,11,1,16,0.0,1,
アンジュプロミス,2026-07-04,函館,11,3,16,0.1333,8,
アンジュプロミス,2026-07-25,札幌,11,3,12,0.1818,11,先行
アンジョルラス,2026-01-10,中山,10,8,16,0.4667,7,追込
アンズアメ,2026-02-28,中山,10,2,16,0.0667,3,差し
アンズアメ,2026-04-19,阪神,10,4,13,0.25,2,差し
アンズアメ,2026-05-24,京都,10,5,14,0.3077,1,差し
アンズアメ,2026-06-07,阪神,11,2,16,0.0667,1,差し
アンソニー,2026-02-14,小倉,9,3,10,0.2222,3,差し
アンタノバラード,2026-03-14,中京,12,6,18,0.2941,9,先行
アンタノバラード,2026-04-05,中山,12,4,12,0.2727,11,先行
アンダーザライト,2026-03-07,中山,12,1,16,0.0,2,差し
アンダースコア,2026-02-01,東京,10,4,15,0.2143,3,先行
アンダースコア,2026-02-15,東京,9,4,16,0.2,2,差し
アンティミスト,2026-06-21,東京,12,3,16,0.1333,5,差し
アンティーム,2026-06-28,小倉,12,2,16,0.0667,6,先行
アンテロース,2026-01-05,中山,10,7,11,0.6,10,
アンテロース,2026-01-17,京都,9,3,10,0.2222,8,
アンテロース,2026-04-19,福島,10,3,13,0.1667,13,差し
アンディムジーク,2026-03-01,阪神,11,4,15,0.2143,8,
アンディムジーク,2026-08-01,札幌,10,6,13,0.4167,5,差し
アンデスビエント,2026-02-22,阪神,11,7,12,0.5455,11,逃げ
アンドアイラヴハー,2026-01-05,中山,11,3,14,0.1538,5,先行
アンドゥーリル,2026-04-04,阪神,11,3,14,0.1538,8,先行
アンドゥーリル,2026-05-10,東京,11,7,18,0.3529,8,先行
アンドゥーリル,2026-08-01,中京,7,3,11,0.2,6,先行
アンドリーナ,2026-04-19,阪神,12,5,10,0.4444,8,先行
アンドリーナ,2026-07-26,新潟,8,2,15,0.0714,5,先行
アンドリーナ,2026-08-16,新潟,8,4,13,0.25,6,先行
アンドローゼス,2026-02-14,小倉,12,4,15,0.2143,15,差し
アンヌグロース,2026-08-30,中京,9,8,15,0.5,13,差し
アンバーニードル,2026-03-15,中京,12,5,18,0.2353,3,差し
アンパドゥ,2026-02-15,東京,9,5,16,0.2667,7,先行
アンパドゥ,2026-05-09,東京,9,6,12,0.4545,1,差し
アンパドゥ,2026-07-26,新潟,7,7,14,0.4615,1,差し
アンビアンス,2026-07-25,中京,8,4,8,0.4286,8,差し
アンビシャスヨシノ,2026-08-16,中京,8,5,16,0.2667,7,差し
アンビバレント,2026-01-05,中山,11,7,14,0.4615,3,差し
アンビバレント,2026-03-01,中山,10,8,15,0.5,9,差し
アンビバレント,2026-03-29,中山,10,6,15,0.3571,9,差し
アンビバレント,2026-05-03,京都,10,6,18,0.2941,7,差し
アンビバレント,2026-08-30,札幌,11,2,14,0.0769,7,差し
アンピュルシオン,2026-06-06,阪神,12,4,16,0.2,16,先行
アンプイットアップ,2026-07-18,福島,12,3,16,0.1333,3,
アンヘリータス,2026-03-15,中京,10,5,12,0.3636,12,先行
アンヘリータス,2026-05-09,東京,10,8,15,0.5,12,差し
アンムート,2026-08-08,新潟,8,1,9,0.0,2,
アンリミテッド,2026-07-26,中京,12,3,15,0.1429,7,
アンリーロード,2026-01-24,小倉,11,7,18,0.3529,12,差し
アンリーロード,2026-03-07,中山,11,7,16,0.4,11,差し
アンリーロード,2026-04-19,福島,11,10,16,0.6,10,差し
アンリーロード,2026-05-24,京都,11,8,13,0.5833,5,差し
アンリーロード,2026-08-08,新潟,7,8,16,0.4667,11,差し
アヴァランチ,2026-06-13,東京,12,5,16,0.2667,6,
アヴァランチ,2026-07-25,新潟,8,8,13,0.5833,13,
アヴィアトーレ,2026-08-15,札幌,9,1,8,0.0,5,
アヴィオン,2026-06-20,阪神,9,1,10,0.0,1,
アヴナント,2026-08-15,札幌,9,4,8,0.4286,6,先行
アヴニールドブリエ,2026-02-14,東京,9,6,8,0.7143,6,追込
アーガイルショア,2026-07-26,中京,10,7,16,0.4,4,
アーガイルショア,2026-08-15,中京,10,5,16,0.2667,5,差し
アークドール,2026-04-26,京都,12,6,14,0.3846,3,差し
アークドール,2026-05-16,新潟,10,3,9,0.25,1,差し
アークドール,2026-06-21,阪神,10,9,16,0.5333,13,差し
アークドール,2026-08-23,新潟,6,5,15,0.2857,9,差し
アーサーズウェイン,2026-02-28,小倉,12,3,18,0.1176,12,逃げ
アーサーズウェイン,2026-05-10,新潟,12,4,13,0.25,4,差し
アーサーバローズ,2026-06-07,阪神,12,6,12,0.4545,11,差し
アーサーバローズ,2026-08-15,中京,9,6,16,0.3333,16,
アージェント,2026-06-14,東京,9,3,11,0.2,9,差し
アースイオス,2026-02-28,中山,12,7,16,0.4,15,
アースイオス,2026-04-04,中山,10,9,15,0.5714,14,
アースイオス,2026-04-12,中山,9,9,12,0.7273,12,
アースイオス,2026-04-25,東京,12,12,13,0.9167,11,
アースイオス,2026-05-17,東京,10,8,15,0.5,11,差し
アースイオス,2026-06-07,東京,12,8,16,0.4667,11,差し
アースミューズ,2026-07-05,福島,12,8,15,0.5,14,差し
アーティキュレート,2026-08-30,新潟,10,4,15,0.2143,8,差し
アーディアイリ,2026-08-15,中京,10,5,16,0.2667,11,差し
アーデルリーベ,2026-08-16,中京,10,9,16,0.5333,6,先行
アートフォーム,2026-04-11,福島,12,6,16,0.3333,9,差し
アーニャワクワク,2026-04-11,福島,12,6,16,0.3333,11,差し
アーバンシック,2026-03-15,中京,11,7,14,0.4615,14,差し
アーバンシック,2026-08-30,新潟,8,4,11,0.3,5,差し
アーブルラーブル,2026-07-05,小倉,12,6,16,0.3333,15,先行
アームテイル,2026-02-01,東京,10,5,15,0.2857,13,先行
アームテイル,2026-02-15,東京,9,5,16,0.2667,15,差し
アームテイル,2026-03-29,中山,10,6,15,0.3571,13,差し
アームテイル,2026-04-26,東京,9,3,16,0.1333,11,差し
アームテイル,2026-07-25,新潟,7,9,17,0.5,12,先行
アームブランシュ,2026-05-10,京都,9,7,13,0.5,13,
アーリントンロウ,2026-08-09,中京,11,4,17,0.1875,4,先行
アーリーハーベスト,2026-01-17,中山,9,2,8,0.1429,4,先行
アーリーハーベスト,2026-03-21,中山,11,2,16,0.0667,6,先行
アーリーハーベスト,2026-08-16,中京,6,1,7,0.0,4,
アールグレイ,2026-01-18,中山,12,3,16,0.1333,13,先行
アールプロスト,2026-02-28,中山,12,6,16,0.3333,10,
アールプロスト,2026-06-21,函館,10,4,9,0.375,6,差し
アールヴィヴァン,2026-01-31,東京,12,4,12,0.2727,1,差し
アールヴィヴァン,2026-05-24,東京,9,6,12,0.4545,7,差し
アーレムアレス,2026-04-04,阪神,9,4,9,0.375,2,差し
アーレムアレス,2026-05-09,京都,11,4,16,0.2,14,差し
アーレムアレス,2026-08-15,札幌,12,1,14,0.0,2,差し
アーロッタレット,2026-03-07,阪神,12,3,16,0.1333,15,先行
イエローブリック,2026-05-24,新潟,12,8,14,0.5385,13,差し
イガッチ,2026-04-26,京都,10,3,18,0.1176,1,先行
イガッチ,2026-06-28,函館,11,3,15,0.1429,6,先行
イガッチ,2026-07-18,函館,11,6,13,0.4167,10,先行
イガッチ,2026-08-16,札幌,11,7,16,0.4,14,先行
イクシード,2026-03-21,中山,11,8,16,0.4667,3,差し
イクシード,2026-05-23,東京,9,5,12,0.3636,1,差し
イクリール,2026-02-14,東京,9,1,8,0.0,2,
イクリール,2026-04-05,中山,9,3,8,0.2857,8,
イグニション,2026-02-15,小倉,10,5,18,0.2353,4,
イグニション,2026-05-23,新潟,11,4,16,0.2,10,
イグニション,2026-07-19,福島,9,5,16,0.2667,12,
イケイケドンドン,2026-01-10,中山,11,11,17,0.625,15,追込
イケイケドンドン,2026-02-14,京都,10,7,16,0.4,10,差し
イケイケドンドン,2026-04-12,阪神,10,4,15,0.2143,4,差し
イケイケドンドン,2026-05-03,東京,9,11,18,0.5882,13,差し
イケイケドンドン,2026-06-06,阪神,11,5,11,0.4,8,差し
イコサン,2026-02-01,京都,11,2,18,0.0588,7,
イサギ,2026-07-04,函館,12,2,7,0.1667,5,先行
イサギ,2026-08-30,札幌,9,5,11,0.4,10,差し
イサチルクイーン,2026-08-16,新潟,10,3,15,0.1429,4,
イサチルシーキング,2026-05-02,新潟,9,1,15,0.0,14,
イサチルシーキング,2026-07-19,福島,12,4,15,0.2143,15,逃げ
イサチルシーサイド,2026-01-05,中山,11,1,14,0.0,2,差し
イサチルシーサイド,2026-03-01,中山,10,2,15,0.0714,12,
イスキオス,2026-08-09,新潟,10,3,7,0.3333,7,差し
イスラアネーロ,2026-02-10,京都,10,4,16,0.2,10,差し
イスラアネーロ,2026-04-11,福島,11,4,15,0.2143,11,差し
イスラアネーロ,2026-06-20,阪神,11,3,15,0.1429,12,差し
イスラコラソン,2026-02-28,阪神,12,5,18,0.2353,13,
イズントイット,2026-08-01,札幌,10,7,13,0.5,12,差し
イゾラフェリーチェ,2026-06-06,東京,10,2,17,0.0625,5,
イゾラフェリーチェ,2026-07-05,福島,9,1,16,0.0,2,先行
イチトゼロノアイダ,2026-04-19,福島,12,1,15,0.0,12,
イッタレイッタレ,2026-08-23,中京,12,5,16,0.2667,4,先行
イッテラッシャイ,2026-02-22,東京,9,2,10,0.1111,3,先行
イッテラッシャイ,2026-03-28,中山,10,3,10,0.2222,4,先行
イットガール,2026-08-23,中京,12,9,16,0.5333,9,追込
イツモニコニコ,2026-04-26,福島,11,2,16,0.0667,12,
イツモニコニコ,2026-05-16,京都,11,5,16,0.2667,13,
イツモニコニコ,2026-07-05,小倉,11,5,13,0.3333,4,
イツモニコニコ,2026-08-09,中京,7,9,18,0.4706,10,
イツモニコニコ,2026-08-23,札幌,11,2,16,0.0667,7,
イデアイゴッソウ,2026-01-31,東京,9,6,16,0.3333,9,追込
イデアクリスタル,2026-08-15,新潟,10,8,15,0.5,13,差し
イデアユウシン,2026-01-12,中山,9,3,16,0.1333,14,
イデアユウシン,2026-03-15,中山,9,8,11,0.7,10,差し
イトカワサクラ,2026-04-19,中山,9,3,12,0.1818,4,差し
イドム,2026-09-05,札幌,11,4,9,0.375,6,
イヌボウノウタゴエ,2026-03-07,阪神,11,7,18,0.3529,9,差し
イヌボウノウタゴエ,2026-08-01,札幌,10,3,13,0.1667,1,差し
イネガラーブル,2026-08-01,新潟,10,2,14,0.0769,14,
イノキ,2026-01-05,中山,12,6,16,0.3333,11,差し
イノキ,2026-04-12,福島,10,10,16,0.6,6,差し
イノキ,2026-06-27,福島,9,11,16,0.6667,9,差し
イノセントキャット,2026-04-25,東京,10,9,15,0.5714,7,先行
イノセントキャット,2026-08-15,新潟,7,8,15,0.5,2,先行
イノーマル,2026-08-15,新潟,12,5,18,0.2353,11,
イノーマル,2026-08-29,新潟,11,2,18,0.0588,15,追込
イフェイオン,2026-01-11,京都,11,5,16,0.2667,8,先行
イフェイオン,2026-03-15,阪神,11,5,16,0.2667,10,先行
イフルジャンス,2026-04-12,福島,9,3,13,0.1667,9,
イブキ,2026-06-06,東京,9,6,12,0.4545,5,差し
イブニングタイド,2026-02-22,東京,12,6,16,0.3333,15,先行
イプシロンナンバー,2026-03-22,中京,10,4,16,0.2,3,先行
イプシロンナンバー,2026-04-12,中山,9,2,12,0.0909,3,先行
イベリスアマラ,2026-08-29,新潟,11,5,18,0.2353,9,差し
イベントホライゾン,2026-01-24,京都,9,2,13,0.0833,3,先行
イベントホライゾン,2026-02-28,中山,9,1,8,0.0,3,先行
イマージョン,2026-03-22,中山,9,1,16,0.0,5,
イマージョン,2026-04-12,福島,10,1,16,0.0,1,
イマージョン,2026-04-25,福島,11,2,12,0.0909,9,
イマージョン,2026-07-11,小倉,11,3,11,0.2,7,
イミグラントソング,2026-04-04,中山,11,7,16,0.4,5,差し
イミグラントソング,2026-06-14,東京,11,8,13,0.5833,12,差し
イミュータブル,2026-01-05,京都,10,3,16,0.1333,16,先行
イミュータブル,2026-03-28,中山,9,5,16,0.2667,8,先行
イミュータブル,2026-05-24,京都,10,7,14,0.4615,9,先行
イムホテプ,2026-03-08,中山,10,2,15,0.0714,11,逃げ
イモージェン,2026-07-19,函館,11,2,13,0.0833,2,
イモータリス,2026-04-04,中山,9,2,12,0.0909,3,差し
イモータリス,2026-08-23,新潟,10,5,12,0.3636,4,差し
イモータルバード,2026-04-18,中山,12,6,13,0.4167,11,差し
イラーナ,2026-03-15,中山,12,9,16,0.5333,12,
イリスアスール,2026-02-22,小倉,12,3,18,0.1176,13,
イリスアスール,2026-04-25,京都,9,1,16,0.0,15,
イリスレーン,2026-01-31,小倉,12,2,16,0.0667,16,
イリフィ,2026-04-05,阪神,12,6,16,0.3333,8,差し
イリフィ,2026-06-14,阪神,12,5,15,0.2857,4,差し
イリフィ,2026-07-04,福島,11,1,10,0.0,2,差し
イリフィ,2026-08-15,新潟,7,6,15,0.3571,5,差し
イリュストル,2026-05-10,新潟,9,6,14,0.3846,11,先行
イリュストル,2026-07-25,新潟,8,9,13,0.6667,10,差し
イルミナジーティー,2026-08-22,中京,11,5,16,0.2667,3,
インカルナータ,2026-08-23,新潟,7,1,10,0.0,9,
インザモーメント,2026-01-04,京都,10,3,9,0.25,9,先行
インザモーメント,2026-07-19,小倉,10,5,16,0.2667,6,差し
インザモーメント,2026-08-08,中京,7,3,8,0.2857,4,差し
インザモーメント,2026-08-30,中京,6,4,16,0.2,7,差し
インザライムライト,2026-08-09,新潟,12,1,18,0.0,17,先行
インシオン,2026-05-02,新潟,9,8,15,0.5,10,逃げ
インシオン,2026-07-25,中京,10,4,12,0.2727,5,逃げ
インシオン,2026-08-15,中京,9,5,16,0.2667,9,差し
インジケーター,2026-01-12,中山,9,3,16,0.1333,13,
インジケーター,2026-03-15,中山,9,3,11,0.2,8,
インジケーター,2026-04-12,中山,9,1,12,0.0,1,
インジケーター,2026-05-24,東京,12,2,16,0.0667,5,
インジケーター,2026-06-20,阪神,10,3,18,0.1176,16,差し
インジケーター,2026-08-30,中京,6,3,16,0.1333,10,
インターポーザー,2026-02-01,小倉,12,11,18,0.5882,11,先行
インターポーザー,2026-07-26,中京,9,10,14,0.6923,14,差し
インターポーザー,2026-08-08,中京,11,2,12,0.0909,6,差し
インディゴアスール,2026-03-07,阪神,12,1,16,0.0,3,
インディゴアスール,2026-03-21,阪神,12,4,15,0.2143,8,
インディゴアスール,2026-04-18,阪神,12,4,15,0.2143,1,
インディゴアスール,2026-05-16,京都,12,4,15,0.2143,4,先行
インディゴブラック,2026-05-02,東京,9,2,16,0.0667,15,
インディヴァイン,2026-08-15,新潟,8,3,15,0.1429,6,先行
インナーパッション,2026-07-25,新潟,8,4,13,0.25,4,差し
インナーパッション,2026-08-15,新潟,8,3,15,0.1429,4,
インパクトシー,2026-02-22,小倉,9,2,12,0.0909,1,差し
インパクトシー,2026-04-12,中山,10,6,12,0.4545,3,先行
インパクトシー,2026-07-11,函館,11,6,13,0.4167,7,先行
インビンシブルパパ,2026-02-28,中山,11,2,16,0.0667,15,
インビンシブルパパ,2026-03-29,中京,11,1,18,0.0,15,
インビンシブルパパ,2026-06-13,函館,11,3,12,0.1818,10,
インビンシブルパパ,2026-08-09,中京,7,1,18,0.0,17,
インピッシュ,2026-05-24,京都,12,7,16,0.4,4,差し
インフローレ,2026-03-28,中京,12,5,16,0.2667,14,差し
インフローレ,2026-05-17,京都,12,4,12,0.2727,9,差し
インフローレ,2026-06-14,阪神,9,4,14,0.2308,2,差し
インフローレ,2026-08-15,中京,6,3,11,0.2,10,差し
インブロリオ,2026-02-15,小倉,10,6,18,0.2941,9,先行
インブロリオ,2026-04-25,福島,10,4,16,0.2,8,
インブロリオ,2026-05-17,京都,12,1,12,0.0,3,先行
インブロリオ,2026-07-11,小倉,10,4,18,0.1765,1,先行
インプロペリア,2026-09-05,中山,10,2,13,0.0833,2,逃げ
インペリアルライン,2026-05-10,東京,9,5,9,0.5,5,
インペリアルライン,2026-06-13,東京,9,3,14,0.1538,1,
インユアパレス,2026-02-01,東京,11,3,16,0.1333,9,差し
インユアパレス,2026-05-17,京都,11,3,16,0.1333,3,差し
インユアパレス,2026-07-26,中京,7,3,14,0.1538,4,差し
インヴェスター,2026-04-12,福島,12,9,15,0.5714,15,差し
インヴォーグ,2026-01-24,小倉,11,2,18,0.0588,6,
インヴォーグ,2026-04-19,阪神,11,5,10,0.4444,3,先行
インヴォーグ,2026-05-17,京都,10,5,13,0.3333,8,先行
インヴォーグ,2026-07-11,函館,11,3,13,0.1667,6,先行
イーグルロック,2026-08-02,新潟,9,4,15,0.2143,14,
イーサンアイ,2026-01-04,京都,9,9,13,0.6667,13,差し
イーサンハンター,2026-07-26,中京,10,3,16,0.1333,14,先行
イージーオンミー,2026-01-17,中山,10,7,16,0.4,7,
イージーオンミー,2026-03-01,阪神,10,4,14,0.2308,10,
イージーブリージー,2026-01-24,中山,12,1,12,0.0,4,
イージーブリージー,2026-08-08,新潟,9,2,15,0.0714,5,差し
イージーブリージー,2026-08-22,新潟,9,6,15,0.3571,5,先行
イージーライダー,2026-02-15,東京,11,4,9,0.375,8,先行
イーブンベター,2026-07-25,中京,9,7,16,0.4,6,差し
ウアーシュプルング,2026-04-18,福島,10,3,8,0.2857,8,
ウィエダンド,2026-08-22,札幌,9,1,14,0.0,5,逃げ
ウィクトルウェルス,2026-01-31,東京,11,6,10,0.5556,3,差し
ウィクトルウェルス,2026-04-11,阪神,10,4,13,0.25,1,差し
ウィクトルウェルス,2026-05-31,東京,12,5,14,0.3077,2,差し
ウィステリアリヴァ,2026-01-04,中山,9,1,11,0.0,9,先行
ウィステリアリヴァ,2026-03-07,中山,10,5,13,0.3333,12,先行
ウィステリアリヴァ,2026-08-22,新潟,6,2,18,0.0588,18,
ウィズアツインクル,2026-08-09,新潟,12,5,18,0.2353,8,先行
ウィズアツインクル,2026-08-29,新潟,11,7,18,0.3529,13,差し
ウィズクィーン,2026-01-24,京都,9,3,13,0.1667,9,先行
ウィズクィーン,2026-04-12,阪神,9,8,14,0.5385,8,先行
ウィズマスタング,2026-01-24,小倉,12,2,15,0.0714,3,
ウィズマスタング,2026-03-01,小倉,12,6,16,0.3333,8,先行
ウィズユアドリーム,2026-05-10,京都,9,3,13,0.1667,12,逃げ
ウィゾマニア,2026-08-16,新潟,12,1,15,0.0,13,逃げ
ウィップスティッチ,2026-01-18,京都,9,2,16,0.0667,9,先行
ウィップスティッチ,2026-02-28,阪神,12,8,18,0.4118,16,先行
ウィップスティッチ,2026-05-23,京都,12,1,14,0.0,7,先行
ウィップスティッチ,2026-08-02,中京,8,1,11,0.0,5,
ウィテカービート,2026-01-31,京都,12,7,17,0.375,9,先行
ウィテカービート,2026-06-27,小倉,9,5,8,0.5714,8,差し
ウィテカービート,2026-07-05,小倉,9,2,8,0.1429,5,差し
ウィテカービート,2026-08-01,中京,12,3,11,0.2,6,差し
ウィルオレオール,2026-07-04,函館,11,8,16,0.4667,12,先行
ウィルオレオール,2026-07-25,札幌,11,7,12,0.5455,7,差し
ウィルサヴァイブ,2026-01-05,京都,9,3,11,0.2,11,
ウィルサヴァイブ,2026-02-15,小倉,9,1,7,0.0,4,先行
ウィルサヴァイブ,2026-05-16,東京,9,4,9,0.375,6,逃げ
ウィルサヴァイブ,2026-06-27,函館,10,1,11,0.0,4,
ウィルサヴァイブ,2026-07-12,函館,9,5,14,0.3077,12,逃げ
ウィルサヴァイブ,2026-08-01,札幌,9,2,7,0.1667,3,逃げ
ウィルサヴァイブ,2026-08-29,札幌,11,3,14,0.1538,7,先行
ウィルソンテソーロ,2026-02-22,東京,11,4,16,0.2,2,先行
ウィロークリーク,2026-05-03,東京,11,5,15,0.2857,4,
ウィロークリーク,2026-08-01,新潟,8,7,13,0.5,11,
ウィングブルー,2026-05-09,新潟,9,1,14,0.0,4,逃げ
ウィングブルー,2026-08-09,札幌,9,2,16,0.0667,2,
ウィンスタンリー,2026-08-23,新潟,10,8,12,0.6364,5,先行
ウィンストン,2026-02-21,小倉,12,4,18,0.1765,5,差し
ウィンストン,2026-04-18,福島,12,1,16,0.0,1,
ウィンストン,2026-04-25,福島,10,5,16,0.2667,1,
ウィンターダフネ,2026-04-19,阪神,12,1,10,0.0,1,差し
ウィンターダフネ,2026-05-02,新潟,11,1,15,0.0,3,差し
ウィンターダフネ,2026-06-21,阪神,10,5,16,0.2667,12,差し
ウィンダミア,2026-02-15,東京,12,1,16,0.0,5,先行
ウィンドフォール,2026-03-07,中山,10,1,13,0.0,13,先行
ウィープディライト,2026-01-11,京都,10,6,15,0.3571,11,
ウィープディライト,2026-02-01,京都,10,3,8,0.2857,6,
ウィープディライト,2026-07-11,函館,11,4,13,0.25,8,
ウインアイオライト,2026-01-05,中山,11,5,14,0.3077,1,先行
ウインアイオライト,2026-02-01,京都,11,5,18,0.2353,14,
ウインアイオライト,2026-08-09,札幌,11,2,16,0.0667,13,先行
ウインアクトゥール,2026-06-27,函館,10,2,11,0.1,10,差し
ウインアクトゥール,2026-08-01,札幌,9,4,7,0.5,5,
ウインアリス,2026-03-15,中山,12,8,16,0.4667,16,逃げ
ウインアリス,2026-04-25,福島,12,12,16,0.7333,14,先行
ウインアルドーレ,2026-02-01,京都,9,1,11,0.0,11,先行
ウインアルドーレ,2026-02-21,阪神,12,4,14,0.2308,7,
ウインアルドーレ,2026-04-04,中山,10,1,15,0.0,9,
ウインアルドーレ,2026-05-30,東京,9,3,16,0.1333,14,
ウインアルドーレ,2026-07-04,福島,10,6,10,0.5556,8,
ウインイザナミ,2026-04-11,福島,12,3,16,0.1333,7,
ウインイザナミ,2026-06-06,東京,10,6,17,0.3125,10,
ウインイザナミ,2026-08-08,札幌,12,4,13,0.25,11,
ウインイルネージュ,2026-01-31,小倉,12,6,16,0.3333,11,差し
ウインイルネージュ,2026-05-16,新潟,9,6,16,0.3333,10,差し
ウインエーデル,2026-01-24,小倉,11,9,18,0.4706,11,差し
ウインオーディン,2026-02-22,東京,10,9,14,0.6154,11,差し
ウインオーディン,2026-04-19,中山,12,2,18,0.0588,11,差し
ウインオーディン,2026-05-24,東京,10,10,14,0.6923,12,差し
ウインオーディン,2026-06-21,東京,10,8,16,0.4667,14,差し
ウインオーディン,2026-07-18,福島,11,9,16,0.5333,14,追込
ウインカーネリアン,2026-03-29,中京,11,3,18,0.1176,3,
ウインカーネリアン,2026-08-23,札幌,11,1,16,0.0,3,
ウインガラハッド,2026-08-29,札幌,10,1,12,0.0,2,
ウイングサンライズ,2026-07-26,中京,12,5,15,0.2857,4,差し
ウイングサンライズ,2026-08-08,中京,12,6,18,0.2941,6,差し
ウイングスオブラヴ,2026-04-12,福島,12,8,15,0.5,13,追込
ウイングレイテスト,2026-01-17,中山,11,2,16,0.0667,1,
ウイングレイテスト,2026-02-28,中山,11,3,16,0.1333,7,
ウイングレイテスト,2026-06-13,函館,11,2,12,0.0909,6,
ウインシャーガス,2026-03-21,中山,9,3,16,0.1333,2,
ウインシャーガス,2026-06-13,函館,10,3,16,0.1333,3,
ウインシャーガス,2026-06-28,函館,10,1,11,0.0,2,
ウインシャーガス,2026-07-19,函館,10,5,14,0.3077,6,
ウインシュクラン,2026-04-12,福島,11,9,15,0.5714,15,逃げ
ウインシュクラン,2026-07-12,函館,11,9,14,0.6154,13,逃げ
ウインスノーライト,2026-03-01,中山,10,10,15,0.6429,11,差し
ウインスノーライト,2026-03-29,中山,10,7,15,0.4286,14,追込
ウインターブレス,2026-08-16,新潟,11,5,9,0.5,9,
ウインテラジーナ,2026-08-02,新潟,12,5,17,0.25,3,差し
ウインデイジー,2026-01-12,京都,9,5,12,0.3636,7,差し
ウインデイジー,2026-02-21,小倉,10,5,16,0.2667,5,差し
ウインデイジー,2026-03-21,阪神,9,2,8,0.1429,1,差し
ウインデイジー,2026-05-10,京都,9,6,13,0.4167,11,差し
ウインデイジー,2026-06-20,阪神,10,1,18,0.0,3,差し
ウインデイジー,2026-07-25,中京,7,4,11,0.3,8,差し
ウインデイジー,2026-08-30,新潟,7,1,12,0.0,2,差し
ウイントレメンデス,2026-01-04,京都,10,1,9,0.0,2,差し
ウイントレメンデス,2026-02-22,東京,10,7,14,0.4615,8,差し
ウイントレメンデス,2026-04-12,阪神,10,6,15,0.3571,9,差し
ウイントレメンデス,2026-07-11,函館,11,5,13,0.3333,9,差し
ウイントレメンデス,2026-08-22,札幌,11,6,12,0.4545,13,差し
ウイントワイライト,2026-02-01,東京,10,5,15,0.2857,1,追込
ウイントワイライト,2026-05-02,東京,11,10,18,0.5294,16,差し
ウイントワイライト,2026-06-21,東京,11,7,16,0.4,2,差し
ウインドファルクス,2026-04-19,福島,12,4,15,0.2143,11,差し
ウインドラート,2026-05-24,東京,9,5,12,0.3636,2,
ウインドワンピース,2026-07-19,福島,12,6,15,0.3571,6,差し
ウインドワンピース,2026-08-22,中京,10,4,12,0.2727,6,差し
ウインネモフィラ,2026-02-21,小倉,10,7,16,0.4,7,差し
ウインハルモニア,2026-07-18,福島,10,2,15,0.0714,10,
ウインハルモニア,2026-08-23,札幌,10,7,14,0.4615,14,先行
ウインベアトリス,2026-01-10,中山,10,1,16,0.0,8,先行
ウインベアトリス,2026-08-08,新潟,6,3,10,0.2222,6,先行
ウインベラーノ,2026-02-22,小倉,9,1,12,0.0,10,
ウインベラーノ,2026-06-21,函館,12,1,10,0.0,4,先行
ウインベラーノ,2026-07-04,函館,9,1,9,0.0,1,
ウインベラーノ,2026-08-01,札幌,9,1,7,0.0,2,
ウインベラーノ,2026-08-23,札幌,12,1,14,0.0,7,
ウインボレロ,2026-02-14,小倉,12,2,15,0.0714,6,差し
ウインボレロ,2026-04-26,福島,9,3,13,0.1667,5,
ウインボレロ,2026-06-13,函館,9,2,11,0.1,11,
ウインポセイドン,2026-07-18,函館,9,5,13,0.3333,12,
ウインマイルート,2026-01-24,小倉,10,3,8,0.2857,4,先行
ウインマイルート,2026-04-19,福島,10,5,13,0.3333,8,差し
ウインマイルート,2026-07-11,福島,9,5,15,0.2857,5,差し
ウインマスカレード,2026-03-15,中京,12,2,18,0.0588,15,
ウインマスカレード,2026-07-12,小倉,12,3,17,0.125,10,先行
ウインモナーク,2026-01-17,中山,11,5,16,0.2667,16,
ウインモナーク,2026-03-15,阪神,11,2,16,0.0667,4,
ウインモナーク,2026-04-12,中山,11,5,16,0.2667,3,
ウインラウダ,2026-02-28,小倉,12,5,18,0.2353,7,差し
ウインラウダ,2026-04-19,福島,9,6,16,0.3333,11,差し
ウインラウダ,2026-05-02,京都,12,5,10,0.4444,4,差し
ウインラウダ,2026-08-01,中京,12,6,11,0.5,5,先行
ウインリベラシオン,2026-06-07,阪神,10,3,9,0.25,1,差し
ウインリュクス,2026-05-10,新潟,9,2,14,0.0769,3,差し
ウインリュクス,2026-07-11,小倉,9,4,11,0.3,2,差し
ウインルーティン,2026-03-08,中山,9,1,16,0.0,9,
ウインルーティン,2026-03-29,阪神,10,1,11,0.0,9,
ウインルーティン,2026-05-16,東京,11,4,15,0.2143,5,
ウインルーティン,2026-06-14,東京,10,5,14,0.3077,9,
ウインレアリゼ,2026-01-10,中山,12,6,16,0.3333,11,差し
ウインレアリゼ,2026-03-22,中京,12,6,16,0.3333,12,差し
ウインレイアー,2026-01-18,中山,9,3,15,0.1429,8,先行
ウインレイアー,2026-03-14,中山,10,6,16,0.3333,10,先行
ウインロゼライト,2026-07-25,新潟,12,7,17,0.375,10,差し
ウェイクフィールド,2026-06-13,函館,9,1,11,0.0,1,先行
ウェイクフィールド,2026-07-25,札幌,10,2,11,0.1,10,
ウェイビー,2026-01-05,京都,11,5,9,0.5,9,
ウェイビー,2026-01-31,京都,10,2,8,0.1429,8,先行
ウェイワードアクト,2026-02-01,東京,11,1,16,0.0,7,
ウェイワードアクト,2026-07-18,函館,11,1,13,0.0,1,
ウェイワードアクト,2026-08-08,札幌,11,1,11,0.0,8,
ウェットシーズン,2026-02-15,東京,10,1,16,0.0,1,
ウェルカムソング,2026-08-09,中京,11,2,17,0.0625,11,先行
ウエストナウ,2026-01-04,中山,11,4,14,0.2308,11,
ウエストナウ,2026-04-11,阪神,10,3,13,0.1667,2,差し
ウエストナウ,2026-05-10,東京,10,3,12,0.1818,1,差し
ウエストナウ,2026-07-19,小倉,11,5,17,0.25,8,差し
ウォルラス,2026-03-22,中山,9,9,16,0.5333,15,
ウォーターエアリー,2026-04-25,京都,9,7,16,0.4,11,差し
ウォーターエアリー,2026-07-26,中京,11,7,16,0.4,11,差し
ウォーターエルピス,2026-07-26,中京,11,9,16,0.5333,12,先行
ウォーターガーベラ,2026-02-10,京都,9,3,13,0.1667,6,差し
ウォーターガーベラ,2026-03-08,阪神,10,6,14,0.3846,6,差し
ウォーターガーベラ,2026-03-28,中京,11,5,16,0.2667,8,差し
ウォーターガーベラ,2026-06-14,阪神,10,4,14,0.2308,4,差し
ウォーターガーベラ,2026-07-04,小倉,11,4,14,0.2308,11,差し
ウォータークラーク,2026-01-05,京都,9,4,11,0.3,5,先行
ウォータークラーク,2026-02-01,京都,12,3,7,0.3333,2,差し
ウォータークラーク,2026-02-22,阪神,9,3,10,0.2222,3,差し
ウォータークラーク,2026-05-09,京都,9,4,11,0.3,1,
ウォーターサグラダ,2026-06-20,函館,9,6,12,0.4545,7,差し
ウォーターデライト,2026-02-28,阪神,10,4,9,0.375,9,逃げ
ウォーターデライト,2026-04-25,福島,9,2,16,0.0667,8,逃げ
ウォーターデライト,2026-07-12,小倉,12,6,17,0.3125,6,逃げ
ウォーターデライト,2026-08-01,中京,10,5,16,0.2667,8,先行
ウォーターハウス,2026-03-28,阪神,10,8,11,0.7,11,
ウォーターパラディ,2026-01-24,小倉,12,5,15,0.2857,4,
ウォーターパラディ,2026-05-24,京都,12,5,16,0.2667,12,差し
ウォーターパラディ,2026-08-29,中京,10,2,16,0.0667,3,差し
ウォーターリヒト,2026-02-10,東京,11,5,16,0.2667,3,差し
ウォーターリヒト,2026-04-26,京都,11,6,18,0.2941,13,
ウォーターリヒト,2026-06-07,東京,11,11,17,0.625,13,差し
ウォーターリーダー,2026-07-25,新潟,9,5,9,0.5,6,先行
ウォータールスール,2026-08-09,中京,12,6,16,0.3333,9,先行
ウチュウノセカイ,2026-05-30,京都,11,1,16,0.0,8,先行
ウチュウノセカイ,2026-06-28,函館,12,1,14,0.0,11,先行
ウチュウノセカイ,2026-08-22,札幌,10,1,14,0.0,13,
ウチュウノセカイ,2026-09-05,中山,10,9,13,0.6667,13,
ウップヘリーア,2026-03-28,阪神,11,3,7,0.3333,4,先行
ウップヘリーア,2026-06-06,東京,9,2,12,0.0909,2,差し
ウップヘリーア,2026-08-09,新潟,10,1,7,0.0,2,先行
ウナギノボリ,2026-01-05,京都,10,7,16,0.4,9,追込
ウナギノボリ,2026-03-21,阪神,10,7,16,0.4,2,追込
ウナギノボリ,2026-04-05,阪神,10,8,18,0.4118,5,差し
ウナギノボリ,2026-04-26,東京,9,9,16,0.5333,14,差し
ウナギノボリ,2026-06-21,東京,10,6,16,0.3333,15,追込
ウナギノボリ,2026-07-11,福島,10,7,9,0.75,8,差し
ウヌボレヤサン,2026-08-30,札幌,9,5,11,0.4,11,差し
ウモラダエピカ,2026-08-30,新潟,10,2,15,0.0714,14,
ウラヌスリング,2026-08-01,新潟,11,2,18,0.0588,5,
ウリズンベー,2026-08-02,新潟,9,2,15,0.0714,3,差し
ウルスクローム,2026-02-15,東京,12,4,16,0.2,13,差し
ウルスクローム,2026-03-22,阪神,12,4,13,0.25,7,
ウルスクローム,2026-05-30,京都,12,6,16,0.3333,1,差し
ウルスクローム,2026-06-14,阪神,12,7,15,0.4286,2,差し
ウルフ,2026-05-02,新潟,9,8,15,0.5,6,先行
ウルフ,2026-06-07,阪神,12,2,12,0.0909,4,先行
ウンスイ,2026-07-19,函館,11,6,13,0.4167,13,先行
ウンスイ,2026-08-08,新潟,8,4,9,0.375,9,差し
ウンブライル,2026-02-10,東京,11,6,16,0.3333,7,
ウーバーストロング,2026-03-07,中山,12,5,16,0.2667,15,先行
ウーバーストロング,2026-08-02,新潟,9,2,15,0.0714,9,差し
エアサロメ,2026-08-01,新潟,9,3,14,0.1538,4,先行
エアトベーレ,2026-07-19,福島,12,3,15,0.1429,1,先行
エアニゲラ,2026-07-04,函館,10,2,14,0.0769,5,
エアニゲラ,2026-08-01,札幌,12,1,8,0.0,2,逃げ
エアビッグマム,2026-07-26,中京,6,3,10,0.2222,8,先行
エアビッグマム,2026-08-16,中京,6,2,7,0.1667,3,先行
エアビーアゲイル,2026-03-21,中山,11,4,16,0.2,11,先行
エアファンディタ,2026-01-04,京都,11,12,18,0.6471,18,
エアファンディタ,2026-02-22,小倉,11,7,16,0.4,8,
エアフォースワン,2026-08-02,中京,10,7,14,0.4615,7,差し
エアフォースワン,2026-08-22,中京,8,4,10,0.3333,4,
エアミアーニ,2026-01-11,京都,10,11,15,0.7143,13,差し
エアミアーニ,2026-03-14,中山,10,5,16,0.2667,7,差し
エアミアーニ,2026-04-05,阪神,10,7,18,0.3529,10,差し
エイカイカッシーナ,2026-09-05,札幌,9,7,14,0.4615,14,差し
エイカイコバチ,2026-06-21,函館,9,6,12,0.4545,7,
エイカイソウル,2026-01-11,京都,9,3,10,0.2222,2,差し
エイカイソウル,2026-05-10,新潟,10,3,14,0.1538,10,差し
エイカイソウル,2026-06-13,東京,9,6,14,0.3846,14,先行
エイカイマッケンロ,2026-02-28,阪神,9,3,9,0.25,6,先行
エイカイマッケンロ,2026-05-16,東京,11,2,15,0.0714,15,差し
エイカイマッケンロ,2026-07-25,中京,7,2,11,0.1,9,差し
エイカイマッケンロ,2026-09-05,阪神,10,5,7,0.6667,7,
エイコーンドリーム,2026-08-16,中京,10,6,16,0.3333,2,先行
エイシンイクサボシ,2026-08-02,新潟,12,2,17,0.0625,5,先行
エイシンイグニース,2026-03-21,阪神,11,3,12,0.1818,7,
エイシンイグニース,2026-05-16,京都,9,2,10,0.1111,8,
エイシンインアウト,2026-08-23,札幌,9,1,13,0.0,1,差し
エイシンウィスパー,2026-04-26,東京,11,2,13,0.0833,4,
エイシンウィスパー,2026-08-01,中京,11,2,9,0.125,8,先行
エイシンウルトラン,2026-08-22,札幌,9,6,14,0.3846,3,差し
エイシンキーウィ,2026-08-30,新潟,10,1,15,0.0,13,
エイシンティザー,2026-04-04,阪神,11,5,14,0.3077,11,差し
エイシンティザー,2026-05-23,京都,9,2,11,0.1,3,先行
エイシンティザー,2026-06-06,阪神,9,3,9,0.25,3,先行
エイシンティザー,2026-08-15,中京,9,4,16,0.2,4,先行
エイシンディード,2026-03-21,中京,11,2,17,0.0625,2,
エイシンディード,2026-05-30,京都,11,2,16,0.0667,6,逃げ
エイシンディード,2026-08-23,札幌,11,2,16,0.0667,15,
エイシンナデシコ,2026-01-31,京都,11,3,13,0.1667,7,先行
エイシンナデシコ,2026-03-21,中山,10,4,13,0.25,13,先行
エイシンニケ,2026-08-22,中京,11,9,16,0.5333,5,追込
エイシンフェンサー,2026-02-01,京都,11,3,18,0.1176,11,
エイシンマールス,2026-08-15,中京,10,6,16,0.3333,10,先行
エイシンミスリル,2026-08-22,中京,11,1,16,0.0,13,差し
エイシンリファイン,2026-08-15,中京,8,6,10,0.5556,10,差し
エイズルブルーム,2026-01-12,京都,11,10,16,0.6,6,追込
エイズルブルーム,2026-03-01,阪神,11,6,15,0.3571,10,追込
エイズルブルーム,2026-05-02,京都,9,5,9,0.5,5,追込
エイズルブルーム,2026-07-26,中京,11,9,16,0.5333,10,追込
エイズルブルーム,2026-08-29,中京,11,3,13,0.1667,6,追込
エイブラムス,2026-03-29,中京,10,2,14,0.0769,7,差し
エイブラムス,2026-05-17,東京,12,4,16,0.2,6,先行
エイブラムス,2026-08-01,新潟,7,2,15,0.0714,7,先行
エイプリルインパリ,2026-03-15,中京,9,3,15,0.1429,3,
エイプリルインパリ,2026-05-03,東京,12,1,13,0.0,1,
エイプリルインパリ,2026-06-06,東京,11,1,15,0.0,14,
エイヘンハールト,2026-05-16,新潟,12,2,16,0.0667,4,
エイムフォーエース,2026-01-24,京都,12,4,11,0.3,1,追込
エイムフォーエース,2026-02-15,東京,9,9,16,0.5333,12,追込
エイムフォーエース,2026-03-08,阪神,10,7,14,0.4615,9,差し
エイムフォーエース,2026-04-05,阪神,10,8,18,0.4118,6,追込
エイムフォーエース,2026-05-24,東京,10,7,14,0.4615,10,差し
エイユーファイヤー,2026-08-08,中京,8,5,12,0.3636,5,
エイヨーアメジスト,2026-08-02,中京,6,4,9,0.375,9,差し
エエヤン,2026-01-12,中山,11,6,14,0.3846,14,
エエヤン,2026-03-15,中山,10,10,16,0.6,15,差し
エエヤン,2026-04-04,中山,11,8,16,0.4667,12,差し
エエヤン,2026-07-12,函館,11,9,14,0.6154,12,差し
エオアリイ,2026-07-11,函館,9,2,10,0.1111,4,
エクストラチャージ,2026-01-05,中山,12,6,16,0.3333,16,先行
エクストラノート,2026-03-22,中京,10,9,16,0.5333,12,差し
エクストラノート,2026-05-10,新潟,10,6,14,0.3846,9,差し
エクストラノート,2026-06-06,阪神,10,5,12,0.3636,12,差し
エクストラバック,2026-01-17,中山,12,3,16,0.1333,6,先行
エクストラバック,2026-02-28,阪神,12,7,18,0.3529,12,先行
エクストラバック,2026-06-14,函館,11,7,16,0.4,8,先行
エクストラバック,2026-06-28,函館,12,8,14,0.5385,5,先行
エクストラバック,2026-07-18,函館,10,2,10,0.1111,7,追込
エクストラバック,2026-08-22,札幌,10,4,14,0.2308,5,
エクストラプッシュ,2026-08-02,中京,10,3,14,0.1538,13,
エクスマウス,2026-08-23,中京,10,3,14,0.1538,9,差し
エクセルゴールド,2026-01-17,中山,12,5,16,0.2667,11,
エクセルゴールド,2026-03-08,中山,12,4,16,0.2,10,
エクセルゴールド,2026-06-14,函館,11,2,16,0.0667,11,
エクリプスルバン,2026-03-07,中山,10,2,13,0.0833,2,先行
エクリプスルバン,2026-04-18,中山,10,2,13,0.0833,2,先行
エクリプスルバン,2026-06-28,福島,10,1,11,0.0,1,先行
エクリュ,2026-04-12,阪神,9,6,14,0.3846,5,差し
エクリュ,2026-08-01,中京,11,2,9,0.125,9,差し
エコテーラー,2026-06-21,阪神,9,1,7,0.0,6,
エコロアゼル,2026-01-18,中山,10,4,16,0.2,2,
エコロアゼル,2026-03-22,中山,11,4,16,0.2,4,差し
エコロアゼル,2026-07-19,福島,11,7,16,0.4,9,差し
エコロアルバ,2026-05-10,東京,11,9,18,0.4706,9,差し
エコロアルバ,2026-06-21,阪神,11,7,18,0.3529,3,追込
エコロエイト,2026-02-28,中山,10,1,16,0.0,2,
エコロエイト,2026-03-28,中山,9,1,16,0.0,1,
エコロエイト,2026-04-19,中山,10,5,15,0.2857,9,
エコロカディス,2026-03-22,中京,12,3,16,0.1333,4,差し
エコロカディス,2026-04-26,福島,12,5,16,0.2667,4,先行
エコロカディス,2026-07-18,福島,12,5,16,0.2667,12,先行
エコロガイア,2026-01-10,京都,11,1,16,0.0,6,
エコロガイア,2026-02-22,阪神,11,2,12,0.0909,2,逃げ
エコロガイア,2026-03-22,中山,11,3,16,0.1333,13,逃げ
エコロガイア,2026-05-03,新潟,11,5,15,0.2857,8,先行
エコロガイア,2026-08-16,新潟,7,4,15,0.2143,12,先行
エコロガノン,2026-08-02,新潟,9,1,15,0.0,2,
エコロガルダ,2026-08-22,中京,12,8,17,0.4375,11,先行
エコログロウ,2026-08-01,中京,10,3,16,0.1333,16,
エコログロス,2026-05-23,新潟,10,2,15,0.0714,15,差し
エコロシード,2026-05-09,東京,10,2,15,0.0714,3,
エコロシード,2026-06-27,福島,9,2,16,0.0667,2,
エコロジーク,2026-03-21,阪神,10,2,16,0.0667,16,逃げ
エコロジーク,2026-06-21,函館,11,3,15,0.1429,7,
エコロジーク,2026-07-04,函館,11,3,16,0.1333,14,
エコロスパーダ,2026-08-02,中京,10,1,14,0.0,11,先行
エコロディアン,2026-08-08,中京,12,4,18,0.1765,2,先行
エコロディアン,2026-08-30,中京,11,7,18,0.3529,14,差し
エコロディノス,2026-02-15,京都,11,2,12,0.0909,3,差し
エコロディノス,2026-04-05,阪神,11,8,15,0.5,15,先行
エコロディノス,2026-06-28,函館,11,2,15,0.0714,9,先行
エコロデュエル,2026-04-18,中山,11,1,10,0.0,1,先行
エコロネオ,2026-04-04,中山,12,5,16,0.2667,16,
エコロハート,2026-03-15,中京,12,6,18,0.2941,7,差し
エコロハート,2026-07-18,函館,12,8,12,0.6364,5,差し
エコロハート,2026-08-16,札幌,9,4,16,0.2,9,差し
エコロブルーム,2026-05-31,京都,10,2,17,0.0625,1,先行
エコロブルーム,2026-09-05,中山,11,4,16,0.2,2,先行
エコロマーズ,2026-02-14,小倉,11,4,18,0.1765,17,
エコロライジン,2026-01-24,中山,12,7,12,0.5455,10,差し
エコロレイズ,2026-02-21,小倉,10,3,16,0.1333,1,差し
エコロレイズ,2026-03-08,中山,9,7,16,0.4,5,差し
エコロレイズ,2026-04-19,中山,12,9,18,0.4706,8,差し
エコロレイズ,2026-06-14,東京,10,6,14,0.3846,5,差し
エコロレイズ,2026-07-26,札幌,11,3,13,0.1667,6,差し
エコロレジーナ,2026-01-17,中山,11,10,16,0.6,10,先行
エコロレジーナ,2026-02-01,京都,11,5,18,0.2353,17,
エコロレジーナ,2026-04-12,中山,11,8,16,0.4667,13,差し
エコロレバン,2026-07-12,函館,10,7,12,0.5455,12,
エコロレバン,2026-08-02,札幌,9,7,12,0.5455,12,
エコロレーヴ,2026-04-05,阪神,9,1,12,0.0,1,
エコロヴァルツ,2026-03-01,中山,11,3,14,0.1538,3,先行
エコロヴァルツ,2026-04-05,阪神,11,5,15,0.2857,14,先行
エコロヴァルツ,2026-08-16,札幌,11,6,16,0.3333,16,
エコールナヴァール,2026-01-17,中山,9,3,8,0.2857,5,先行
エゴンウレア,2026-01-11,中山,11,1,16,0.0,16,差し
エシェックオロワ,2026-07-26,中京,10,2,16,0.0667,7,先行
エジプシャンマウ,2026-06-13,東京,12,2,16,0.0667,16,逃げ
エスカル,2026-02-10,京都,10,9,16,0.5333,6,追込
エスカル,2026-04-19,中山,10,7,15,0.4286,5,追込
エスカル,2026-05-03,新潟,11,6,15,0.3571,11,追込
エスカル,2026-08-16,新潟,7,10,15,0.6429,14,追込
エスカル,2026-09-05,阪神,11,2,12,0.0909,8,差し
エスカレイト,2026-09-05,札幌,10,3,16,0.1333,14,
エスコバル,2026-02-15,東京,9,8,16,0.4667,14,差し
エスコバル,2026-04-12,中山,10,7,12,0.5455,12,追込
エスコバル,2026-07-18,福島,11,9,16,0.5333,7,追込
エスコバル,2026-08-09,新潟,6,7,13,0.5,9,
エスシーレイジュ,2026-05-09,東京,10,6,15,0.3571,13,差し
エスシーレベッカ,2026-03-01,中山,12,1,16,0.0,10,
エスタボニート,2026-03-22,中京,12,6,16,0.3333,13,逃げ
エスティメート,2026-08-23,新潟,6,3,15,0.1429,14,差し
エスティヴァリス,2026-06-13,阪神,12,8,14,0.5385,14,差し
エスティヴァリス,2026-08-08,中京,11,1,12,0.0,7,
エストゥペンダ,2026-03-22,中山,10,5,9,0.5,5,差し
エストゥペンダ,2026-05-17,新潟,11,6,15,0.3571,1,差し
エストゥペンダ,2026-06-21,東京,11,8,16,0.4667,8,差し
エストゥペンダ,2026-08-08,新潟,7,6,16,0.3333,1,差し
エストレヤデベレン,2026-01-17,京都,11,1,16,0.0,1,先行
エストレヤデベレン,2026-02-15,東京,10,8,16,0.4667,11,先行
エスペシャリー,2026-01-31,小倉,11,2,18,0.0588,18,
エスペシャリー,2026-05-31,京都,12,3,18,0.1176,18,
エスペシャリー,2026-07-18,小倉,11,4,12,0.2727,11,先行
エセルフリーダ,2026-01-24,中山,11,3,18,0.1176,1,先行
エセルフリーダ,2026-03-07,中山,11,1,16,0.0,1,先行
エゾダイモン,2026-02-14,京都,10,6,16,0.3333,9,差し
エゾダイモン,2026-04-12,阪神,10,5,15,0.2857,6,差し
エゾダイモン,2026-05-03,東京,9,10,18,0.5294,11,差し
エターナルプロミス,2026-03-15,阪神,12,3,13,0.1667,12,
エターナルプロミス,2026-05-23,東京,12,7,16,0.4,6,差し
エターナルプロミス,2026-07-26,新潟,8,5,15,0.2857,7,差し
エターナルホープ,2026-08-15,新潟,10,7,15,0.4286,5,差し
エチゴドラゴン,2026-03-21,阪神,11,5,12,0.3636,5,
エチゴドラゴン,2026-05-16,京都,9,1,10,0.0,5,
エチゴドラゴン,2026-08-23,札幌,9,1,13,0.0,7,先行
エチャケナ,2026-01-11,中山,12,7,16,0.4,5,先行
エティエンヌ,2026-02-10,京都,10,6,16,0.3333,7,差し
エティエンヌ,2026-04-19,中山,10,6,15,0.3571,11,差し
エティエンヌ,2026-05-03,新潟,11,7,15,0.4286,6,差し
エティエンヌ,2026-06-20,阪神,11,6,15,0.3571,13,差し
エテオクロス,2026-01-10,中山,12,4,16,0.2,16,
エテオクロス,2026-05-23,新潟,12,8,15,0.5,3,差し
エテオクロス,2026-08-30,新潟,12,8,15,0.5,5,追込
エテルニータ,2026-05-23,新潟,10,5,15,0.2857,5,先行
エテルノレガーメ,2026-08-30,中京,10,1,10,0.0,2,差し
エトワールブーケ,2026-07-11,函館,9,4,10,0.3333,3,先行
エドウィンナルコ,2026-02-14,小倉,9,1,10,0.0,8,
エナジーグラン,2026-01-11,京都,11,9,16,0.5333,13,差し
エナジーグラン,2026-02-14,京都,11,6,14,0.3846,11,差し
エナジーグラン,2026-04-12,中山,11,9,16,0.5333,14,追込
エナジーショット,2026-04-11,福島,9,3,16,0.1333,8,先行
エナジーショット,2026-04-25,福島,12,4,16,0.2,13,先行
エナハツホ,2026-02-28,阪神,11,8,16,0.4667,11,追込
エバイダンス,2026-08-08,中京,10,3,16,0.1333,2,
エバイダンス,2026-08-23,中京,12,3,16,0.1333,5,先行
エバーグルーヴ,2026-03-01,阪神,9,3,9,0.25,5,差し
エバーグルーヴ,2026-06-07,阪神,10,6,9,0.625,5,差し
エバーハピネス,2026-02-10,東京,10,5,11,0.4,9,差し
エヒト,2026-05-03,京都,11,4,15,0.2143,15,差し
エピッククイーン,2026-03-14,中山,11,11,16,0.6667,15,
エピッククイーン,2026-07-04,小倉,12,3,12,0.1818,11,逃げ
エピファニー,2026-02-22,小倉,11,4,16,0.2,11,差し
エピファニー,2026-05-09,東京,11,3,17,0.125,13,差し
エフエイト,2026-06-21,東京,12,8,16,0.4667,8,差し
エフエイト,2026-08-23,新潟,9,7,15,0.4286,7,差し
エフォートレス,2026-06-21,東京,10,5,16,0.2667,8,差し
エフォートレス,2026-08-30,札幌,11,6,14,0.3846,3,差し
エブライト,2026-03-21,阪神,12,8,15,0.5,11,差し
エブリデイ,2026-08-15,中京,10,9,16,0.5333,2,追込
エブリーポッシブル,2026-04-05,阪神,9,2,12,0.0909,4,先行
エブリーポッシブル,2026-07-25,中京,6,4,16,0.2,1,先行
エボルヴィング,2026-06-07,東京,9,3,8,0.2857,8,差し
エボルヴィング,2026-08-08,札幌,10,2,8,0.1429,3,先行
エボルヴィング,2026-08-29,札幌,11,4,14,0.2308,13,差し
エポックヴィーナス,2026-03-28,中京,11,9,16,0.5333,7,差し
エポックヴィーナス,2026-05-17,京都,10,6,13,0.4167,6,差し
エポックヴィーナス,2026-06-14,阪神,10,6,14,0.3846,8,追込
エポックヴィーナス,2026-08-01,中京,7,5,11,0.4,7,差し
エマヌエーレ,2026-02-14,小倉,11,7,18,0.3529,5,差し
エマヌエーレ,2026-04-05,阪神,10,5,18,0.2353,4,差し
エマヌエーレ,2026-05-31,京都,12,1,18,0.0,3,
エマヌエーレ,2026-07-25,新潟,7,1,17,0.0,3,
エマヌエーレ,2026-08-30,札幌,11,3,14,0.1538,8,
エムズビギン,2026-02-10,京都,11,2,9,0.125,2,差し
エムズビギン,2026-05-09,京都,11,6,16,0.3333,7,先行
エムズビギン,2026-05-31,東京,11,3,18,0.1176,14,差し
エムズマインド,2026-06-14,阪神,12,8,15,0.5,7,差し
エムズマインド,2026-08-22,中京,7,4,16,0.2,10,差し
エムティエスターテ,2026-06-07,東京,10,5,16,0.2667,7,先行
エラガバリウム,2026-07-26,新潟,12,6,15,0.3571,6,追込
エラガバリウム,2026-08-15,新潟,12,4,18,0.1765,5,差し
エラトー,2026-02-22,小倉,11,3,16,0.1333,12,先行
エラトー,2026-04-19,福島,11,6,16,0.3333,13,先行
エラトー,2026-07-12,函館,11,4,14,0.2308,4,先行
エラトー,2026-08-02,札幌,11,4,14,0.2308,13,
エラン,2026-01-10,中山,11,7,17,0.375,9,先行
エラン,2026-03-22,中山,10,3,9,0.25,2,逃げ
エラン,2026-04-19,中山,12,8,18,0.4118,10,差し
エラン,2026-06-06,阪神,11,5,11,0.4,7,差し
エラン,2026-08-09,新潟,6,4,13,0.25,7,差し
エリカアンディーヴ,2026-08-01,新潟,6,2,12,0.0909,7,先行
エリカエクスプレス,2026-03-07,中山,11,2,16,0.0667,4,
エリカエクスプレス,2026-05-17,東京,11,1,18,0.0,4,
エリカエクスプレス,2026-08-02,札幌,11,1,14,0.0,4,
エリカカリーナ,2026-04-11,中山,12,3,16,0.1333,15,先行
エリカカリーナ,2026-07-05,福島,9,1,16,0.0,15,先行
エリカサファイア,2026-03-21,中山,10,4,13,0.25,8,先行
エリカサファイア,2026-05-02,新潟,11,2,15,0.0714,5,先行
エリカヴィータ,2026-01-24,小倉,11,7,18,0.3529,14,先行
エリカヴェネチア,2026-01-11,京都,9,6,10,0.5556,9,追込
エリカヴェネチア,2026-05-09,京都,12,6,13,0.4167,11,追込
エリカヴェネチア,2026-06-21,阪神,12,8,13,0.5833,11,追込
エリカヴェネチア,2026-08-02,新潟,6,8,15,0.5,11,追込
エリキング,2026-02-15,京都,11,7,12,0.5455,2,差し
エリプティクカーブ,2026-01-18,中山,11,6,15,0.3571,6,逃げ
エリプティクカーブ,2026-06-06,東京,9,1,12,0.0,1,差し
エリム,2026-03-21,中山,9,7,16,0.4,7,差し
エリム,2026-04-19,中山,9,4,12,0.2727,7,差し
エリム,2026-06-13,函館,10,6,16,0.3333,15,差し
エリム,2026-07-12,函館,9,6,14,0.3846,10,差し
エリム,2026-07-19,函館,9,5,13,0.3333,8,差し
エリュグレイス,2026-08-29,新潟,11,1,18,0.0,5,差し
エリースノー,2026-08-29,新潟,12,2,15,0.0714,2,差し
エリーズダイヤ,2026-01-18,中山,9,8,15,0.5,13,先行
エリーナストーム,2026-01-31,東京,12,2,12,0.0909,3,差し
エリーナストーム,2026-04-19,中山,9,1,12,0.0,8,
エリーナストーム,2026-07-04,福島,10,7,10,0.6667,10,
エリーナストーム,2026-08-29,新潟,7,2,17,0.0625,16,
エルアン,2026-07-26,新潟,10,4,14,0.2308,7,差し
エルサトアナ,2026-01-18,京都,9,1,16,0.0,16,先行
エルサトアナ,2026-03-15,阪神,12,1,13,0.0,7,差し
エルサトアナ,2026-06-28,函館,12,4,14,0.2308,13,先行
エルサトアナ,2026-07-11,函館,10,3,14,0.1538,12,先行
エルサトアナ,2026-09-05,札幌,10,9,16,0.5333,15,先行
エルディアブロ,2026-01-31,京都,10,2,8,0.1429,5,
エルディアブロ,2026-03-01,阪神,9,3,9,0.25,6,
エルディアブロ,2026-04-26,京都,9,4,11,0.3,3,先行
エルディアブロ,2026-05-17,京都,9,4,10,0.3333,6,差し
エルトンバローズ,2026-02-10,東京,11,4,16,0.2,13,
エルトンバローズ,2026-04-26,京都,11,2,18,0.0588,8,
エルトンバローズ,2026-06-21,阪神,11,5,18,0.2353,1,
エルトンバローズ,2026-07-26,新潟,7,8,14,0.5385,5,
エルナト,2026-01-11,京都,12,4,18,0.1765,6,先行
エルハーベン,2026-01-24,京都,9,1,13,0.0,10,逃げ
エルハーベン,2026-08-23,中京,11,4,17,0.1875,1,
エルフストラック,2026-01-31,小倉,10,2,16,0.0667,5,先行
エルフストラック,2026-03-22,中山,12,2,16,0.0667,1,先行
エルフストラック,2026-05-02,新潟,11,1,15,0.0,2,先行
エルフストラック,2026-05-23,京都,10,1,16,0.0,4,先行
エルマーゴ,2026-05-17,東京,9,5,12,0.3636,1,差し
エルマーゴ,2026-08-30,札幌,11,5,14,0.3077,9,差し
エルムラント,2026-05-17,新潟,12,2,11,0.1,3,差し
エルリオ,2026-01-18,中山,12,8,16,0.4667,11,追込
エレガンスアスク,2026-03-01,阪神,11,3,15,0.1429,7,先行
エレガンスアスク,2026-04-12,阪神,11,6,18,0.2941,8,先行
エレクトリックブギ,2026-03-29,中京,10,4,14,0.2308,11,差し
エレクトリックブギ,2026-05-17,新潟,11,7,15,0.4286,15,差し
エレスレイプニル,2026-08-23,新潟,7,3,10,0.2222,7,差し
エングルマン,2026-08-09,中京,12,3,16,0.1333,6,差し
エンジェルサン,2026-08-09,新潟,12,2,18,0.0588,4,
エンジェルボイス,2026-06-06,阪神,9,4,9,0.375,4,差し
エンジェルボヌール,2026-08-22,札幌,9,5,14,0.3077,11,逃げ
エンジェルマーク,2026-01-31,小倉,12,4,16,0.2,1,差し
エンジェルマーク,2026-04-19,中山,9,5,12,0.3636,6,差し
エンジェルマーク,2026-05-02,新潟,10,8,15,0.5,11,差し
エンジェルラダー,2026-03-21,中山,12,2,16,0.0667,14,
エンジョイドアスク,2026-05-23,東京,9,7,12,0.5455,6,差し
エンスエーニョ,2026-01-31,小倉,12,6,16,0.3333,14,先行
エンセリオ,2026-04-25,東京,10,9,15,0.5714,11,差し
エンセリオ,2026-06-13,東京,10,7,16,0.4,12,差し
エンセリオ,2026-08-23,新潟,6,6,15,0.3571,12,差し
エンダードラゴン,2026-06-20,函館,12,5,11,0.4,7,差し
エンネ,2026-04-26,東京,11,5,13,0.3333,2,追込
エンネ,2026-05-24,東京,11,9,18,0.4706,7,差し
エンファサイズ,2026-03-29,中京,12,3,16,0.1333,6,先行
エンファサイズ,2026-05-16,東京,10,3,12,0.1818,8,先行
エンファサイズ,2026-06-07,東京,12,4,16,0.2,16,
エンブレムボム,2026-03-07,阪神,12,8,16,0.4667,7,先行
エンブロイダリー,2026-05-17,東京,11,4,18,0.1765,1,先行
エンプレスフレーム,2026-04-04,中山,10,5,15,0.2857,13,先行
エンプレスフレーム,2026-05-23,東京,12,4,16,0.2,10,先行
エンプレスフレーム,2026-07-04,函館,10,5,14,0.3077,7,差し
エンプレスフレーム,2026-08-01,札幌,12,4,8,0.4286,5,差し
エンプレスフレーム,2026-08-29,札幌,12,4,12,0.2727,9,差し
エンベッカ,2026-08-29,中京,11,8,13,0.5833,3,差し
エンペラーズソード,2026-02-10,東京,11,2,16,0.0667,11,
エンペラーズソード,2026-03-15,中山,10,1,16,0.0,7,先行
エンペラーズソード,2026-04-04,中山,11,1,16,0.0,8,
エンペラーワケア,2026-02-01,東京,11,2,16,0.0667,6,
エンマ,2026-02-28,阪神,9,5,9,0.5,9,
エンマ,2026-03-28,阪神,12,6,14,0.3846,8,
エンマ,2026-05-31,京都,9,2,10,0.1111,9,
エンマ,2026-06-21,阪神,12,2,13,0.0833,6,
エンマ,2026-07-12,小倉,9,3,10,0.2222,8,
エンマ,2026-08-01,中京,8,5,13,0.3333,9,
エンヤラヴフェイス,2026-01-05,京都,10,6,16,0.3333,4,追込
エンヤラヴフェイス,2026-04-11,中山,10,8,13,0.5833,5,追込
エンヤラヴフェイス,2026-05-24,京都,10,8,14,0.5385,4,追込
エンヤラヴフェイス,2026-08-15,新潟,7,11,15,0.7143,1,追込
エンヴィーミー,2026-02-08,小倉,9,6,15,0.3571,12,差し
エンヴェロップ,2026-07-26,中京,11,3,16,0.1333,7,先行
エンヴェロップ,2026-08-23,中京,11,4,17,0.1875,11,先行
エヴァンスウィート,2026-05-03,京都,10,12,18,0.6471,14,差し
エヴァンスウィート,2026-06-21,函館,11,5,15,0.2857,4,差し
エヴァンスウィート,2026-07-04,函館,11,7,16,0.4,7,差し
エヴァンスウィート,2026-07-25,札幌,11,6,12,0.4545,5,差し
エーオーキング,2026-03-07,中山,9,5,13,0.3333,12,差し
エーティーマクフィ,2026-02-01,京都,11,2,18,0.0588,8,
エーティーマクフィ,2026-03-29,中京,11,5,18,0.2353,8,
エーティーマクフィ,2026-06-13,函館,11,5,12,0.3636,2,
エーティーマクフィ,2026-08-23,札幌,11,3,16,0.1333,4,
エーデル,2026-02-22,東京,12,12,16,0.7333,9,差し
エーデル,2026-04-25,東京,12,8,13,0.5833,10,差し
エーデル,2026-07-12,函館,9,8,14,0.5385,7,差し
エーデル,2026-07-19,函館,9,7,13,0.5,10,差し
エーデルクラフト,2026-07-26,新潟,10,10,14,0.6923,13,
エーデルクラフト,2026-08-08,新潟,12,3,15,0.1429,9,
エーデルゼーレ,2026-05-03,東京,11,3,15,0.1429,3,先行
エーデルハイ,2026-01-18,中山,12,9,16,0.5333,12,差し
エーデルヴェーグ,2026-02-21,阪神,9,3,18,0.1176,4,差し
エーデルヴェーグ,2026-08-29,中京,8,7,14,0.4615,3,先行
エートラックス,2026-02-10,京都,10,2,16,0.0667,2,先行
エートラックス,2026-03-22,中山,11,4,16,0.2,11,先行
エートラックス,2026-05-17,京都,11,2,16,0.0667,13,先行
エーリアル,2026-03-22,中山,12,7,16,0.4,11,先行
エーリアル,2026-05-23,東京,12,6,16,0.3333,13,先行
エーリアル,2026-08-01,札幌,12,3,8,0.2857,7,
エールトゥヘヴン,2026-01-10,中山,10,1,16,0.0,13,差し
エールドリー,2026-08-02,中京,12,1,17,0.0,9,差し
オウギノカナメ,2026-02-15,東京,10,2,16,0.0667,4,
オウギノカナメ,2026-04-26,東京,10,4,15,0.2143,9,
オウギノカナメ,2026-07-18,函館,11,2,13,0.0833,4,先行
オウケンボルト,2026-01-31,京都,10,3,8,0.2857,7,先行
オウケンボルト,2026-02-14,東京,9,2,8,0.1429,5,
オウケンボルト,2026-05-30,東京,12,6,16,0.3333,16,差し
オウケンボルト,2026-06-20,東京,9,1,10,0.0,3,
オウケンボルト,2026-07-12,小倉,10,2,11,0.1,9,
オオタチ,2026-01-12,中山,9,4,16,0.2,3,
オオタチ,2026-03-15,中山,9,4,11,0.3,2,
オオタチ,2026-04-12,中山,9,4,12,0.2727,2,
オオタチ,2026-05-10,東京,9,4,9,0.375,6,
オオタニサーン,2026-05-23,新潟,12,5,15,0.2857,13,差し
オオツカ,2026-01-11,京都,12,3,18,0.1176,10,先行
オオツカ,2026-08-09,新潟,7,4,12,0.2727,5,先行
オオナミコナミ,2026-06-27,小倉,10,7,13,0.5,7,差し
オオナミコナミ,2026-07-11,小倉,10,5,18,0.2353,4,差し
オカメノコイ,2026-01-18,京都,9,5,16,0.2667,13,差し
オカメノコイ,2026-01-31,小倉,10,9,16,0.5333,11,差し
オカメノコイ,2026-04-11,中山,12,9,16,0.5333,3,差し
オカメノコイ,2026-05-09,東京,12,9,16,0.5333,13,差し
オカメノコイ,2026-07-26,新潟,6,7,11,0.6,3,追込
オカメノコイ,2026-08-22,新潟,8,12,15,0.7857,11,追込
オクタヴィアヌス,2026-05-09,東京,11,6,17,0.3125,17,先行
オクトーバーナイン,2026-06-20,東京,12,3,16,0.1333,1,先行
オクトーバーナイン,2026-08-30,新潟,6,5,15,0.2857,13,先行
オコジュ,2026-04-19,福島,12,2,15,0.0714,13,
オコタンペ,2026-04-18,福島,11,6,15,0.3571,8,差し
オコタンペ,2026-05-03,東京,12,6,13,0.4167,6,
オコタンペ,2026-05-16,京都,12,5,15,0.2857,9,
オコタンペ,2026-08-16,中京,8,2,16,0.0667,4,
オコタンペ,2026-08-29,中京,6,6,13,0.4167,8,
オストラヴァ,2026-04-05,中山,9,1,8,0.0,1,
オストラヴァ,2026-06-14,東京,10,6,14,0.3846,2,先行
オストラヴァ,2026-08-30,新潟,7,4,12,0.2727,3,先行
オセアエクスプレス,2026-06-27,福島,9,7,16,0.4,15,先行
オセアバトルプラン,2026-05-30,東京,12,6,16,0.3333,10,
オセアバトルプラン,2026-07-04,函館,10,5,14,0.3077,3,
オタルエバー,2026-02-01,京都,11,4,18,0.1765,16,
オタルエバー,2026-02-28,中山,11,7,16,0.4,14,差し
オタルエバー,2026-05-16,京都,11,2,16,0.0667,6,差し
オタルエバー,2026-07-05,小倉,11,4,13,0.25,11,差し
オタルグリーン,2026-03-14,中京,12,6,18,0.2941,3,差し
オックスアイ,2026-05-23,京都,9,4,11,0.3,8,先行
オックスアイ,2026-08-23,中京,6,2,14,0.0769,5,先行
オテンバプリンセス,2026-08-08,札幌,9,6,13,0.4167,13,
オデット,2026-04-25,京都,12,6,11,0.5,10,先行
オデット,2026-07-12,小倉,10,4,11,0.3,3,先行
オデット,2026-07-26,中京,6,3,10,0.2222,6,先行
オトコギアンパン,2026-08-08,中京,6,2,11,0.1,10,
オトシダマ,2026-01-10,中山,9,3,10,0.2222,5,先行
オトメナシャチョウ,2026-03-01,中山,12,3,16,0.1333,15,逃げ
オトメナシャチョウ,2026-06-13,阪神,10,2,16,0.0667,14,
オドラタス,2026-08-09,新潟,11,9,18,0.4706,16,差し
オドラニャソンソン,2026-03-01,小倉,12,6,16,0.3333,13,差し
オドラニャソンソン,2026-03-21,中京,12,8,14,0.5385,8,差し
オドラニャソンソン,2026-08-23,中京,8,8,16,0.4667,6,追込
オドワローズ,2026-01-11,京都,12,9,18,0.4706,12,
オニャンコポン,2026-01-12,中山,11,6,14,0.3846,8,差し
オニャンコポン,2026-03-01,中山,11,2,14,0.0769,11,差し
オニャンコポン,2026-03-29,阪神,11,5,13,0.3333,11,差し
オニャンコポン,2026-05-09,東京,11,5,17,0.25,15,差し
オニャンコポン,2026-06-28,函館,11,6,15,0.3571,12,差し
オニャンコポン,2026-07-12,福島,11,5,16,0.2667,3,差し
オニャンコポン,2026-08-16,札幌,11,6,16,0.3333,15,差し
オフトレイル,2026-02-10,東京,11,4,16,0.2,10,差し
オフトレイル,2026-04-26,京都,11,5,18,0.2353,5,
オフトレイル,2026-06-07,東京,11,6,17,0.3125,6,差し
オブシディアーナ,2026-07-25,中京,9,1,16,0.0,11,
オブラプリーマ,2026-02-10,東京,9,3,7,0.3333,6,差し
オブラプリーマ,2026-04-18,福島,9,5,9,0.5,8,差し
オブラプリーマ,2026-07-18,福島,9,4,12,0.2727,5,差し
オブラプリーマ,2026-08-15,札幌,12,3,14,0.1538,6,差し
オプティモ,2026-08-23,中京,8,4,16,0.2,5,先行
オプレントジュエル,2026-05-23,新潟,10,5,15,0.2857,7,先行
オプレントジュエル,2026-08-09,新潟,10,2,7,0.1667,3,
オプレントジュエル,2026-08-29,新潟,9,1,13,0.0,11,先行
オベイユアマスター,2026-02-14,小倉,12,3,15,0.1429,7,差し
オベイユアマスター,2026-02-22,小倉,9,4,12,0.2727,11,差し
オペラプラージュ,2026-03-21,中京,10,10,16,0.6,10,先行
オメガインペリアル,2026-02-28,小倉,11,1,15,0.0,6,差し
オメガインペリアル,2026-04-25,東京,9,1,9,0.0,4,差し
オメガギネス,2026-02-01,東京,11,5,16,0.2667,4,差し
オメガギネス,2026-02-22,東京,11,2,16,0.0667,5,差し
オメガギネス,2026-03-29,中山,11,4,15,0.2143,7,差し
オメガギネス,2026-08-08,札幌,11,4,11,0.3,9,
オメガストリーム,2026-07-18,福島,9,1,12,0.0,6,差し
オメガタキシード,2026-05-02,東京,9,6,16,0.3333,9,追込
オメガナビゲーター,2026-01-31,京都,10,1,8,0.0,3,差し
オメガナビゲーター,2026-04-26,京都,9,2,11,0.1,1,差し
オメガナビゲーター,2026-05-10,京都,9,4,13,0.25,7,先行
オリエンタルナイト,2026-03-28,中京,10,7,12,0.5455,12,差し
オリエンタルナイト,2026-05-10,新潟,10,9,14,0.6154,14,追込
オリオアルセーリオ,2026-06-06,東京,9,5,12,0.3636,8,先行
オリオアルセーリオ,2026-08-08,新潟,9,6,15,0.3571,6,先行
オリバナム,2026-01-17,京都,12,2,18,0.0588,7,先行
オリバナム,2026-04-25,京都,12,2,11,0.1,8,先行
オリバナム,2026-05-17,東京,9,3,12,0.1818,2,先行
オリバナム,2026-08-08,中京,6,3,11,0.2,7,
オリバナム,2026-08-29,新潟,7,4,17,0.1875,8,先行
オリビアジュテーム,2026-02-15,東京,12,7,16,0.4,16,差し
オリンポスカズマ,2026-08-09,中京,9,5,13,0.3333,4,先行
オリーブグリーン,2026-04-04,中山,10,3,15,0.1429,1,差し
オリーブグリーン,2026-05-30,京都,10,4,16,0.2,5,先行
オリーブグリーン,2026-06-28,福島,10,8,11,0.7,10,
オリーボーレン,2026-04-25,福島,12,3,16,0.1333,4,先行
オリーボーレン,2026-07-26,中京,11,6,16,0.3333,16,先行
オルグジェシダ,2026-01-31,東京,12,3,12,0.1818,2,差し
オルグジェシダ,2026-08-23,新潟,10,8,12,0.6364,3,差し
オルトパラティウム,2026-01-12,京都,9,6,12,0.4545,12,先行
オルトパラティウム,2026-03-28,中京,10,6,12,0.4545,10,先行
オルトパラティウム,2026-07-11,福島,9,5,15,0.2857,3,先行
オルトパラティウム,2026-08-30,中京,8,5,15,0.2857,11,先行
オルネーロ,2026-01-31,東京,10,3,15,0.1429,1,逃げ
オルネーロ,2026-05-10,東京,11,8,18,0.4118,14,先行
オルノア,2026-01-11,中山,9,4,13,0.25,12,
オルノア,2026-02-15,小倉,9,2,7,0.1667,7,
オルフセン,2026-05-03,東京,11,4,15,0.2143,9,差し
オルフセン,2026-05-31,京都,11,6,9,0.625,7,差し
オレイア,2026-03-22,中京,12,5,16,0.2667,15,先行
オレデイイノカ,2026-01-17,中山,10,9,16,0.5333,15,差し
オレデイイノカ,2026-08-01,新潟,7,3,15,0.1429,11,差し
オレノアイバ,2026-01-24,小倉,12,6,15,0.3571,15,
オレンジフィールド,2026-07-25,中京,12,7,16,0.4,11,差し
オレンジリバー,2026-08-22,新潟,12,8,15,0.5,13,差し
オンサイト,2026-06-06,東京,12,5,16,0.2667,10,先行
オンサイト,2026-08-15,新潟,8,8,15,0.5,11,先行
オンザスクエア,2026-02-15,東京,12,10,16,0.6,10,先行
オンザマーチ,2026-01-24,小倉,9,3,12,0.1818,9,逃げ
オンザマーチ,2026-02-21,小倉,9,3,10,0.2222,6,
オンザマーチ,2026-08-23,中京,11,9,17,0.5,17,逃げ
オンザムービー,2026-08-29,札幌,12,2,12,0.0909,1,差し
オンザライン,2026-01-12,京都,10,5,16,0.2667,13,差し
オンザライン,2026-02-15,京都,10,5,10,0.4444,6,差し
オンザライン,2026-04-18,中山,10,4,13,0.25,3,差し
オンザライン,2026-05-10,東京,12,2,15,0.0714,13,差し
オンザライン,2026-07-12,福島,10,4,11,0.3,3,差し
オンザライン,2026-08-23,新潟,6,2,15,0.0714,1,差し
オンザヴィーナス,2026-07-18,函館,12,6,12,0.4545,8,逃げ
オンザヴィーナス,2026-08-01,札幌,10,4,13,0.25,10,差し
オンナキュヌヴィ,2026-08-09,新潟,12,4,18,0.1765,5,差し
オンリーラヴ,2026-04-26,福島,12,8,16,0.4667,13,差し
オーケアニス,2026-04-04,阪神,12,2,15,0.0714,15,先行
オーケアニス,2026-05-23,東京,12,7,16,0.4,16,先行
オーケーキュート,2026-07-25,中京,12,8,16,0.4667,9,差し
オーケーグリット,2026-02-01,東京,12,5,16,0.2667,12,
オーケーダイナ,2026-02-21,阪神,9,9,18,0.4706,14,差し
オーケーダイナ,2026-05-16,新潟,12,5,16,0.2667,14,差し
オーケーダイナ,2026-08-01,札幌,10,6,13,0.4167,6,
オーケーバーディー,2026-01-05,中山,9,1,12,0.0,1,差し
オーケーバーディー,2026-01-17,中山,10,1,16,0.0,16,
オーケーバーディー,2026-02-21,小倉,11,1,13,0.0,1,
オーケーマヒナ,2026-06-27,福島,10,1,11,0.0,5,
オーケーマヒナ,2026-07-18,福島,10,1,15,0.0,2,
オーケーリアン,2026-08-16,中京,10,4,16,0.2,5,先行
オーサムストローク,2026-02-14,東京,10,7,16,0.4,16,先行
オーサムストローク,2026-07-26,新潟,9,4,14,0.2308,4,差し
オーシャンステラ,2026-01-17,中山,9,4,8,0.4286,8,先行
オーシャントライブ,2026-08-08,札幌,12,4,13,0.25,12,差し
オーシャンミューズ,2026-08-15,新潟,10,6,15,0.3571,11,追込
オーシンエス,2026-07-19,小倉,12,4,9,0.375,4,差し
オーシンハーフ,2026-01-12,中山,9,1,16,0.0,4,先行
オーシンハーフ,2026-03-15,中山,9,4,11,0.3,4,先行
オーシンハーフ,2026-04-12,中山,9,8,12,0.6364,11,先行
オーシンハーフ,2026-05-30,東京,12,9,16,0.5333,15,先行
オーシンハーフ,2026-06-13,阪神,9,6,9,0.625,8,先行
オースミサイファー,2026-07-25,中京,12,4,16,0.2,5,差し
オースミサイファー,2026-08-22,中京,11,7,16,0.4,8,差し
オーバースタンド,2026-02-21,阪神,9,10,18,0.5294,10,差し
オーバースタンド,2026-05-24,新潟,9,5,14,0.3077,5,差し
オーバースタンド,2026-08-08,中京,11,6,12,0.4545,3,差し
オーバースタンド,2026-08-29,中京,11,11,13,0.8333,11,差し
オーブフレッシュ,2026-08-30,中京,9,1,15,0.0,10,
オーブルクール,2026-01-18,中山,10,7,16,0.4,15,先行
オーブレーヌ,2026-08-08,新潟,12,7,15,0.4286,7,
オープンザパンドラ,2026-08-16,中京,9,5,18,0.2353,3,
オーライカモン,2026-01-04,中山,10,3,8,0.2857,6,
オーライカモン,2026-01-24,京都,9,1,13,0.0,12,先行
オーライカモン,2026-08-08,中京,11,3,12,0.1818,11,
オールセインツ,2026-01-10,中山,11,4,17,0.1875,4,差し
オールセインツ,2026-02-14,京都,10,6,16,0.3333,12,
オールセインツ,2026-08-01,中京,7,4,11,0.3,8,差し
オールセインツ,2026-09-05,阪神,10,4,7,0.5,6,差し
オールデュスヴラン,2026-03-01,小倉,9,6,18,0.2941,18,差し
オールデュスヴラン,2026-04-26,福島,9,1,13,0.0,13,
オールナット,2026-01-18,京都,11,5,13,0.3333,13,先行
オールナット,2026-07-12,福島,11,7,16,0.4,15,差し
オールマイデイズ,2026-03-07,中山,9,4,13,0.25,5,差し
オールマイデイズ,2026-08-15,新潟,6,3,14,0.1538,3,差し
オーレアミスト,2026-06-07,阪神,12,4,12,0.2727,10,差し
オーレアミスト,2026-08-02,中京,10,2,14,0.0769,8,
オーレアミスト,2026-08-15,中京,9,5,16,0.2667,6,
オーロラアーク,2026-05-09,東京,12,8,16,0.4667,15,差し
オーロラアーク,2026-08-23,札幌,10,8,14,0.5385,11,追込
オーロラエックス,2026-01-31,東京,11,8,10,0.7778,9,追込
オーロラエックス,2026-05-24,京都,11,5,13,0.3333,6,差し
オーロラエックス,2026-07-12,福島,11,8,16,0.4667,8,差し
カイショー,2026-01-24,小倉,9,2,12,0.0909,2,先行
カイショー,2026-02-08,小倉,9,3,15,0.1429,4,先行
カイシンパジェント,2026-07-26,札幌,12,5,9,0.5,6,差し
カイトグート,2026-01-24,中山,12,5,12,0.3636,11,差し
カイトグート,2026-05-10,新潟,12,5,13,0.3333,9,差し
カイトヴィント,2026-07-19,福島,12,9,15,0.5714,12,
カイラーサ,2026-08-02,中京,10,1,14,0.0,2,逃げ
カウスリップ,2026-04-25,福島,11,4,12,0.2727,5,先行
カウンターセブン,2026-02-01,小倉,10,2,15,0.0714,5,
カウンターセブン,2026-04-18,中山,9,2,12,0.0909,5,
カウンターセブン,2026-07-11,福島,11,2,9,0.125,3,
カウンティフェア,2026-01-05,京都,12,2,15,0.0714,8,
カウンティフェア,2026-03-14,中京,12,2,18,0.0588,1,
カウンティフェア,2026-03-28,中京,12,5,16,0.2667,8,
カウンティフェア,2026-06-28,小倉,10,8,16,0.4667,15,
カウンティフェア,2026-08-02,中京,6,3,9,0.25,7,
カウンティフェア,2026-08-29,中京,8,1,14,0.0,5,
カエリールークス,2026-07-18,小倉,9,2,18,0.0588,1,
カエルム,2026-01-24,小倉,10,3,8,0.2857,2,差し
カエルム,2026-02-21,小倉,10,5,16,0.2667,4,差し
カエルム,2026-03-07,中山,9,1,13,0.0,1,差し
カエルム,2026-06-20,阪神,10,2,18,0.0588,14,差し
カエルム,2026-07-19,小倉,11,6,17,0.3125,15,差し
カガラプンツェル,2026-07-04,福島,12,1,16,0.0,6,先行
カガラプンツェル,2026-08-01,新潟,12,2,17,0.0625,1,先行
カガラプンツェル,2026-08-30,札幌,10,5,16,0.2667,7,先行
カクウチ,2026-01-12,京都,11,3,16,0.1333,11,
カクウチ,2026-08-15,中京,7,1,8,0.0,8,先行
カグヤヒメ,2026-08-16,新潟,10,4,15,0.2143,12,
カサビセンス,2026-08-08,新潟,9,7,15,0.4286,9,差し
カサブランカキッド,2026-08-23,新潟,9,10,15,0.6429,12,追込
カシオペア,2026-05-16,新潟,12,6,16,0.3333,8,
カシオペア,2026-08-01,新潟,12,10,17,0.5625,3,
カシノクロサイト,2026-07-18,小倉,9,11,18,0.5882,12,先行
カシノスパーク,2026-08-02,新潟,9,4,15,0.2143,8,差し
カシノリアーナ,2026-04-25,福島,9,8,16,0.4667,12,差し
カシノリアーナ,2026-07-04,福島,12,9,16,0.5333,14,差し
カシノリアーナ,2026-08-29,新潟,10,12,18,0.6471,18,差し
カシノヴィタ,2026-07-18,小倉,9,8,18,0.4118,7,差し
カジュフェイス,2026-03-14,阪神,9,2,15,0.0714,15,先行
カステッロトゥーレ,2026-08-09,中京,12,7,16,0.4,4,追込
カスバートテソーロ,2026-08-01,札幌,12,5,8,0.5714,3,差し
カスバートテソーロ,2026-08-23,札幌,10,6,14,0.3846,10,差し
カズゴルティス,2026-01-17,中山,11,4,16,0.2,8,逃げ
カズゴルティス,2026-04-19,中山,10,1,15,0.0,15,先行
カズゴルティス,2026-07-19,福島,11,4,16,0.2,12,差し
カズシ,2026-02-01,東京,12,7,16,0.4,7,差し
カズシ,2026-08-23,新潟,12,3,12,0.1818,5,差し
カズタンジャー,2026-08-29,新潟,8,6,11,0.5,4,
カズミクラーシュ,2026-01-17,京都,12,2,18,0.0588,1,差し
カズミクラーシュ,2026-05-17,京都,10,2,13,0.0833,1,差し
カズミクラーシュ,2026-06-21,阪神,11,4,18,0.1765,8,差し
カズミクラーシュ,2026-08-16,中京,7,8,16,0.4667,4,差し
カセノアステリア,2026-08-23,新潟,9,1,15,0.0,2,
カゼノタカトシ,2026-03-28,中山,12,1,16,0.0,11,
カゼノタカトシ,2026-05-10,新潟,10,5,14,0.3077,8,先行
カゼノタカトシ,2026-08-16,新潟,8,4,13,0.25,5,先行
カゼノランナー,2026-01-11,中山,10,3,16,0.1333,1,先行
カタカムナ,2026-08-01,新潟,11,6,18,0.2941,13,差し
カットソロ,2026-04-04,阪神,9,5,9,0.5,3,差し
カットソロ,2026-04-25,東京,11,6,18,0.2941,9,差し
カツノテンス,2026-01-05,中山,12,2,16,0.0667,5,先行
カツノテンス,2026-04-19,福島,12,3,15,0.1429,4,
カツノテンス,2026-04-26,福島,12,4,16,0.2,8,先行
カツノテンス,2026-06-28,福島,12,2,14,0.0769,7,先行
カツラノキサノキ,2026-04-04,中山,12,6,16,0.3333,14,差し
カツラノキサノキ,2026-08-02,中京,8,5,11,0.4,10,差し
カテリーナ,2026-06-13,函館,10,3,16,0.1333,1,差し
カテリーナ,2026-07-11,函館,11,3,13,0.1667,1,差し
カテリーナ,2026-08-02,札幌,11,6,14,0.3846,5,差し
カドドゥディエ,2026-08-15,新潟,12,6,18,0.2941,1,差し
カナタコナタ,2026-06-07,阪神,9,1,16,0.0,6,
カナタコナタ,2026-08-16,中京,8,1,16,0.0,8,
カナテープ,2026-05-17,東京,11,10,18,0.5294,10,差し
カナルサンマルタン,2026-05-02,東京,10,2,11,0.1,1,先行
カニキュル,2026-02-10,東京,10,4,11,0.3,3,差し
カニキュル,2026-04-19,福島,11,7,16,0.4,3,差し
カニキュル,2026-08-09,新潟,6,9,13,0.6667,2,差し
カネコメファミリー,2026-04-18,阪神,12,1,15,0.0,5,
カネコメブライト,2026-06-13,阪神,10,5,16,0.2667,5,先行
カネコメブライト,2026-07-12,函館,10,5,12,0.3636,6,先行
カネショウレジェン,2026-02-22,東京,12,8,16,0.4667,5,先行
カネショウレジェン,2026-03-22,中山,9,7,16,0.4,1,差し
カネショウレジェン,2026-04-25,東京,10,7,15,0.4286,9,差し
カネショウレジェン,2026-07-04,福島,11,3,10,0.2222,5,差し
カネトシゴウト,2026-03-15,阪神,10,3,14,0.1538,8,
カネトシゴウト,2026-03-29,中京,10,3,14,0.1538,12,
カネトシゴウト,2026-06-27,小倉,11,8,15,0.5,14,先行
カネトシフラム,2026-02-15,京都,12,7,16,0.4,4,
カネトシフラム,2026-03-15,阪神,12,4,13,0.25,5,差し
カネトシブルーム,2026-01-04,中山,9,4,11,0.3,8,差し
カネフラ,2026-02-08,小倉,11,7,12,0.5455,5,追込
カネフラ,2026-04-11,阪神,10,7,13,0.5,7,追込
カネフラ,2026-07-19,小倉,11,8,17,0.4375,13,追込
カネラフィーナ,2026-01-04,中山,11,5,14,0.3077,4,先行
カネラフィーナ,2026-04-19,福島,11,4,16,0.2,7,先行
カネラフィーナ,2026-06-13,東京,11,3,13,0.1667,1,先行
カネラフィーナ,2026-08-16,中京,7,7,16,0.4,8,先行
カノープス,2026-08-30,新潟,10,3,15,0.1429,4,
カピリナ,2026-01-12,中山,11,5,14,0.3077,1,差し
カピリナ,2026-05-17,東京,11,2,18,0.0588,17,差し
カフェアローロ,2026-08-08,新潟,6,7,10,0.6667,7,差し
カフェアローロ,2026-08-29,新潟,7,10,17,0.5625,13,差し
カフェニクス,2026-02-14,東京,10,4,16,0.2,10,先行
カフェニクス,2026-05-02,新潟,11,6,15,0.3571,12,先行
カフェニクス,2026-08-01,新潟,7,6,15,0.3571,15,先行
カフェノワール,2026-08-01,中京,10,4,16,0.2,3,差し
カフェプラウド,2026-08-30,新潟,10,5,15,0.2857,9,差し
カフェラバー,2026-03-21,中京,11,9,17,0.5,12,先行
カフェラバー,2026-07-25,新潟,12,4,17,0.1875,4,先行
カフジエニアゴン,2026-01-12,中山,10,5,16,0.2667,4,先行
カフジエメンタール,2026-03-08,阪神,9,3,6,0.4,1,先行
カフジエメンタール,2026-03-28,阪神,11,2,7,0.1667,3,差し
カフジエメンタール,2026-05-09,京都,11,6,16,0.3333,9,先行
カフジエメンタール,2026-06-06,阪神,9,2,9,0.125,1,差し
カフジエメンタール,2026-08-30,中京,8,2,15,0.0714,1,先行
カフジキアッキエレ,2026-04-19,福島,12,4,15,0.2143,8,追込
カフジキアッキエレ,2026-08-23,中京,8,6,16,0.3333,10,差し
カフラー,2026-07-25,中京,12,10,16,0.6,16,逃げ
カポレイラ,2026-04-25,福島,12,10,16,0.6,8,差し
カポレイラ,2026-08-01,中京,11,4,9,0.375,6,差し
カミノレアル,2026-01-12,京都,10,3,16,0.1333,14,
カミノレアル,2026-05-30,京都,10,5,16,0.2667,6,
カミノレアル,2026-07-19,小倉,10,7,16,0.4,11,
カムアップローゼス,2026-05-09,京都,11,4,16,0.2,6,差し
カムアップローゼス,2026-06-13,函館,9,6,11,0.5,4,差し
カムアップローゼス,2026-06-28,函館,9,2,10,0.1111,1,差し
カムニャック,2026-05-17,東京,11,5,18,0.2353,2,差し
カモメガトンダ,2026-07-26,中京,11,1,16,0.0,14,先行
カヨウネンカ,2026-01-24,中山,11,6,18,0.2941,17,差し
カラバッシュ,2026-08-16,中京,12,8,16,0.4667,7,
カラペルソナ,2026-03-21,中山,11,7,16,0.4,5,先行
カラペルソナ,2026-04-12,阪神,9,7,14,0.4615,4,先行
カラペルソナ,2026-07-26,中京,11,6,16,0.3333,5,先行
カラマティアノス,2026-01-04,中山,11,1,14,0.0,1,差し
カラマティアノス,2026-03-01,中山,11,4,14,0.2308,2,差し
カラマティアノス,2026-05-09,東京,11,2,17,0.0625,6,差し
カラマティアノス,2026-07-12,福島,11,6,16,0.3333,7,差し
カラヴァジェスティ,2026-03-01,中山,12,7,16,0.4,14,差し
カラヴァジェスティ,2026-06-20,東京,10,8,14,0.5385,11,差し
カリボール,2026-02-01,京都,11,7,18,0.3529,18,
カリボール,2026-02-28,中山,11,5,16,0.2667,10,
カリボール,2026-04-12,中山,11,3,16,0.1333,16,
カリボール,2026-06-14,東京,11,7,13,0.5,11,
カリーシ,2026-03-08,中山,12,7,16,0.4,9,差し
カリーシ,2026-03-29,中山,12,5,11,0.4,3,差し
カリーシ,2026-05-17,京都,12,5,12,0.3636,8,差し
カリーシ,2026-06-14,阪神,9,5,14,0.3077,9,差し
カリーシ,2026-07-19,福島,9,9,16,0.5333,15,差し
カリーニョ,2026-06-21,阪神,9,2,7,0.1667,3,
カリーニョ,2026-08-09,中京,6,2,7,0.1667,1,差し
カルチャーデイ,2026-03-15,阪神,11,1,16,0.0,12,
カルチャーデイ,2026-05-31,京都,10,3,17,0.125,5,先行
カルチャーデイ,2026-08-22,新潟,7,2,18,0.0588,8,先行
カルツァクライン,2026-04-19,福島,12,6,15,0.3571,14,差し
カルネヴァーレ,2026-01-05,中山,12,8,16,0.4667,7,
カルネヴァーレ,2026-05-16,東京,12,8,14,0.5385,4,
カルネヴァーレ,2026-06-20,東京,12,9,16,0.5333,12,
カルパ,2026-03-08,阪神,12,4,13,0.25,4,
カルパ,2026-03-29,中京,12,4,16,0.2,3,差し
カルパ,2026-04-18,阪神,9,1,14,0.0,6,差し
カルパ,2026-06-28,小倉,10,4,16,0.2,1,差し
カルパ,2026-07-19,小倉,10,6,16,0.3333,9,差し
カルフ,2026-06-06,東京,12,3,16,0.1333,3,
カルプスペルシュ,2026-02-01,京都,11,2,18,0.0588,4,
カルプスペルシュ,2026-06-13,函館,11,3,12,0.1818,5,
カルミアクラウン,2026-07-26,札幌,9,2,8,0.1429,3,先行
カルミアクラウン,2026-08-08,札幌,9,1,13,0.0,1,先行
カルロット,2026-08-30,中京,11,9,18,0.4706,1,差し
カルロヴェローチェ,2026-01-17,中山,11,3,16,0.1333,2,
カルロヴェローチェ,2026-02-15,小倉,11,2,18,0.0588,16,先行
カルロヴェローチェ,2026-04-26,福島,11,3,16,0.1333,6,先行
カレントゥルーシー,2026-02-14,京都,9,5,11,0.4,8,
カレントゥルーシー,2026-03-08,阪神,9,1,6,0.0,3,
カレントゥルーシー,2026-08-09,中京,6,1,7,0.0,5,
カレンハウ,2026-08-08,新潟,8,2,9,0.125,3,先行
カレンラップスター,2026-05-09,新潟,12,5,12,0.3636,2,差し
カレンラップスター,2026-05-24,新潟,12,6,14,0.3846,9,差し
カレンラップスター,2026-07-11,小倉,9,3,11,0.2,1,差し
カレンワッツアップ,2026-03-29,中京,12,5,16,0.2667,11,
カレンワッツアップ,2026-05-16,新潟,10,2,9,0.125,7,
カレンワッツアップ,2026-08-02,新潟,6,2,15,0.0714,6,
カレンワッツアップ,2026-08-16,新潟,8,3,13,0.1667,13,
カロローザ,2026-07-05,小倉,10,8,16,0.4667,15,差し
カワキタベレッタ,2026-08-08,中京,10,8,16,0.4667,6,差し
カワキタマナレア,2026-02-15,京都,12,7,16,0.4,5,
カワキタマナレア,2026-03-14,中山,12,3,16,0.1333,6,差し
カワキタマナレア,2026-04-11,阪神,12,9,16,0.5333,10,
カワキタマナレア,2026-05-30,京都,12,3,16,0.1333,2,差し
カワキタマナレア,2026-06-27,福島,9,6,16,0.3333,5,差し
カワキタマナレア,2026-07-26,新潟,6,3,11,0.2,10,差し
カンカール,2026-03-14,中京,12,7,18,0.3529,15,
カンシン,2026-01-17,中山,12,4,16,0.2,1,追込
カンシン,2026-03-29,中山,10,5,15,0.2857,2,差し
カンシン,2026-04-26,東京,9,6,16,0.3333,1,差し
カンシン,2026-06-14,東京,11,9,13,0.6667,5,差し
カンシン,2026-08-16,中京,7,7,16,0.4,10,差し
カンチェンジュンガ,2026-02-21,阪神,11,9,18,0.4706,15,差し
カンチェンジュンガ,2026-05-02,東京,11,9,18,0.4706,12,差し
カンティーナ,2026-08-30,新潟,11,1,14,0.0,13,
カンティーユ,2026-02-15,小倉,11,1,18,0.0,9,
カンティーユ,2026-04-12,中山,11,1,16,0.0,9,
カンティーユ,2026-08-09,札幌,11,1,16,0.0,14,
カンパニョーラ,2026-01-18,中山,10,9,16,0.5333,7,追込
カンパニョーラ,2026-05-23,東京,11,8,16,0.4667,9,差し
カンパニョーラ,2026-08-16,新潟,7,10,15,0.6429,8,追込
カンピオーネ,2026-02-01,小倉,11,4,15,0.2143,4,差し
カンピオーネ,2026-04-11,福島,11,7,15,0.4286,5,差し
カンピオーネ,2026-07-05,福島,11,5,15,0.2857,8,差し
カンフーヒーロー,2026-07-26,新潟,10,11,14,0.7692,14,追込
カンレイスキー,2026-06-06,東京,12,10,16,0.6,11,差し
カンレイスター,2026-06-21,東京,12,2,16,0.0667,6,先行
カンレイスター,2026-07-05,福島,12,4,15,0.2143,10,先行
カンレイスター,2026-08-02,新潟,10,2,14,0.0769,2,先行
カンレイスター,2026-08-23,新潟,9,6,15,0.3571,6,先行
カヴァレリッツォ,2026-04-19,中山,11,2,18,0.0588,13,差し
カヴァレリッツォ,2026-05-10,東京,11,5,18,0.2353,12,差し
カージオイド,2026-06-20,函館,12,4,11,0.3,9,
カージオイド,2026-07-26,札幌,12,1,9,0.0,2,
カージオイド,2026-09-05,札幌,9,2,14,0.0769,2,
カーヌスティ,2026-07-05,福島,9,4,16,0.2,1,先行
カーフキック,2026-04-12,福島,12,2,15,0.0714,10,差し
カーフキック,2026-07-04,函館,12,5,7,0.6667,6,先行
カーボフリオ,2026-08-16,新潟,10,7,15,0.4286,5,差し
カーボフリオ,2026-08-30,新潟,10,4,15,0.2143,5,差し
カーマンライン,2026-06-20,東京,12,8,16,0.4667,6,差し
カーミングライツ,2026-04-05,中山,9,3,8,0.2857,5,
カーメルタザイト,2026-05-24,新潟,9,7,14,0.4615,12,差し
カーラデマドレ,2026-03-22,中山,12,5,16,0.2667,14,先行
カーラデマドレ,2026-05-23,東京,12,2,16,0.0667,3,先行
カーラデマドレ,2026-07-26,新潟,8,1,15,0.0,6,
カーリキュー,2026-08-23,中京,8,2,16,0.0667,1,
ガイ,2026-08-02,中京,9,7,9,0.75,8,差し
ガイアフォース,2026-06-07,東京,11,7,17,0.375,2,
ガイアメンテ,2026-01-04,京都,11,9,18,0.4706,17,差し
ガイアメンテ,2026-02-22,小倉,11,5,16,0.2667,7,差し
ガイアメンテ,2026-04-12,福島,11,6,15,0.3571,2,差し
ガイアメンテ,2026-05-24,京都,11,5,13,0.3333,1,差し
ガイアメンテ,2026-07-19,小倉,11,2,17,0.0625,4,差し
ガイラルディア,2026-08-22,中京,8,5,10,0.4444,7,
ガウラディスコ,2026-05-02,京都,11,7,12,0.5455,6,差し
ガウラディスコ,2026-06-07,阪神,12,4,12,0.2727,5,差し
ガウラディスコ,2026-07-25,中京,10,2,12,0.0909,7,差し
ガジュノリ,2026-01-24,中山,11,4,18,0.1765,4,差し
ガジュノリ,2026-03-08,中山,9,4,16,0.2,8,差し
ガジュノリ,2026-04-19,中山,12,3,18,0.1176,9,差し
ガジュノリ,2026-05-17,新潟,11,2,15,0.0714,2,差し
ガジュノリ,2026-05-31,東京,10,5,17,0.25,5,先行
ガジュノリ,2026-08-09,新潟,6,3,13,0.1667,6,差し
ガストン,2026-01-05,京都,9,5,11,0.4,9,追込
ガットネロ,2026-04-18,中山,9,5,12,0.3636,11,先行
ガットネロ,2026-06-14,函館,11,3,16,0.1333,4,差し
ガットネロ,2026-06-28,函館,12,3,14,0.1538,12,差し
ガトー,2026-08-16,中京,12,1,16,0.0,8,先行
ガビーズシスター,2026-07-19,福島,11,7,16,0.4,2,差し
ガビーズブラザー,2026-08-09,中京,10,8,16,0.4667,7,差し
ガミーヌ,2026-08-09,新潟,11,3,18,0.1176,1,差し
ガミーヌ,2026-08-22,新潟,10,3,15,0.1429,9,
ガミーヌ,2026-08-29,新潟,10,8,18,0.4118,10,先行
ガムラスタン,2026-05-02,新潟,9,9,15,0.5714,12,差し
ガヤーズベース,2026-08-29,新潟,12,6,15,0.3571,6,追込
ガラク,2026-03-15,中山,12,6,16,0.3333,5,逃げ
ガラク,2026-07-25,新潟,12,10,17,0.5625,15,
ガラベイヤ,2026-02-21,小倉,9,2,10,0.1111,3,差し
ガラベイヤ,2026-05-30,京都,11,4,16,0.2,4,差し
ガラベイヤ,2026-07-19,福島,9,7,16,0.4,3,差し
ガリレア,2026-02-15,東京,11,1,9,0.0,7,先行
ガリレア,2026-03-15,中山,11,5,16,0.2667,10,逃げ
ガリレア,2026-04-11,中山,11,3,15,0.1429,11,逃げ
ガリレア,2026-06-28,福島,11,2,16,0.0667,5,先行
ガリレア,2026-07-25,新潟,6,5,15,0.2857,1,差し
ガルダイア,2026-05-09,東京,9,9,12,0.7273,11,逃げ
ガルダイア,2026-08-22,新潟,6,10,18,0.5294,11,先行
ガルディエンヌ,2026-08-08,中京,10,1,16,0.0,3,
ガルディーノ,2026-08-01,新潟,9,1,14,0.0,2,
ガルディーノ,2026-08-30,新潟,12,1,15,0.0,4,
ガロンヌ,2026-03-15,阪神,11,7,16,0.4,5,
ガロンヌ,2026-05-16,京都,11,7,16,0.4,11,差し
ガロンヌ,2026-08-22,新潟,7,8,18,0.4118,2,
ガローファノ,2026-02-10,東京,9,4,7,0.5,3,差し
ガンウルフ,2026-02-14,東京,10,1,16,0.0,6,
ガンウルフ,2026-04-05,阪神,12,7,16,0.4,10,
ガンハンマー,2026-01-10,中山,12,10,16,0.6,8,先行
ガンバルマン,2026-04-11,福島,9,5,16,0.2667,9,差し
ガンバルマン,2026-05-10,新潟,9,5,14,0.3077,6,差し
ガンバルマン,2026-06-06,東京,9,7,12,0.5455,10,差し
ガンバレベアー,2026-08-30,新潟,12,7,15,0.4286,8,先行
ガンマジーティーピ,2026-03-21,中京,9,4,10,0.3333,3,差し
ガンマジーティーピ,2026-04-18,阪神,10,2,9,0.125,1,差し
ガンマジーティーピ,2026-05-31,京都,12,7,18,0.3529,10,差し
ガンマジーティーピ,2026-08-29,中京,7,3,15,0.1429,4,差し
ガーデンカメリア,2026-03-01,小倉,12,9,16,0.5333,3,差し
ガーデンカメリア,2026-06-07,阪神,12,6,12,0.4545,8,差し
ガーデンプランナー,2026-03-14,中京,12,10,18,0.5294,17,
ガーネットウインク,2026-03-01,中山,12,5,16,0.2667,11,差し
ガーネットテソーロ,2026-08-08,新潟,9,1,15,0.0,8,逃げ
ガーネットテソーロ,2026-08-22,新潟,9,2,15,0.0714,3,
ガーネットフレア,2026-06-14,函館,12,2,10,0.1111,7,
ガーネットフレア,2026-07-25,札幌,9,1,10,0.0,1,先行
ガールズデイアウト,2026-08-16,中京,10,5,16,0.2667,3,先行
ガーヴィ,2026-03-29,中山,9,3,7,0.3333,4,差し
ガーヴィ,2026-05-23,東京,9,8,12,0.6364,2,差し
ガーヴィ,2026-08-02,新潟,8,4,14,0.2308,4,追込
キアラメンテ,2026-03-07,中山,12,5,16,0.2667,6,先行
キアラメンテ,2026-05-16,新潟,9,4,16,0.2,3,先行
キアラメンテ,2026-08-02,新潟,8,1,14,0.0,2,先行
キカオクベシ,2026-05-16,東京,12,10,14,0.6923,9,
キコリータ,2026-08-02,新潟,11,5,14,0.3077,6,差し
キコリータ,2026-08-15,新潟,12,6,18,0.2941,4,差し
キシダンチョウ,2026-03-15,阪神,9,2,7,0.1667,4,差し
キシャール,2026-06-20,阪神,12,1,18,0.0,2,
キスアンドクライ,2026-08-08,新潟,6,2,10,0.1111,4,先行
キセキノエンジェル,2026-06-14,函館,9,4,10,0.3333,8,差し
キセキノエンジェル,2026-07-04,函館,9,6,9,0.625,7,差し
キセキノエンジェル,2026-07-26,札幌,12,5,9,0.5,8,差し
キタイノホシ,2026-08-16,新潟,12,7,15,0.4286,8,差し
キタサンダムール,2026-02-22,阪神,10,4,8,0.4286,6,差し
キタサンダムール,2026-03-28,中京,11,6,16,0.3333,10,差し
キタサンダムール,2026-05-31,京都,12,4,18,0.1765,2,差し
キタサンダムール,2026-07-25,新潟,7,10,17,0.5625,11,差し
キタサンハナビラ,2026-01-12,京都,9,1,12,0.0,8,先行
キタノエピックアン,2026-08-08,新潟,9,5,15,0.2857,3,先行
キタノエピックアン,2026-08-22,新潟,9,3,15,0.1429,4,追込
キタノクニカラ,2026-08-09,札幌,9,6,16,0.3333,15,差し
キタノクニカラ,2026-08-16,札幌,9,8,16,0.4667,12,差し
キタノサリスカ,2026-07-25,札幌,9,4,10,0.3333,6,差し
キタノズエッジ,2026-01-10,京都,11,6,16,0.3333,1,差し
キタノズエッジ,2026-03-14,阪神,11,6,13,0.4167,3,差し
キタノズエッジ,2026-04-04,阪神,10,5,16,0.2667,1,差し
キタノズエッジ,2026-05-30,東京,11,7,16,0.4,6,差し
キタノソワレ,2026-01-12,中山,10,6,16,0.3333,7,差し
キタノソワレ,2026-03-07,阪神,10,8,15,0.5,6,差し
キタノソワレ,2026-04-11,中山,10,7,13,0.5,3,差し
キタノソワレ,2026-04-25,福島,11,4,12,0.2727,4,差し
キタノファーンヒル,2026-03-28,阪神,9,1,7,0.0,7,差し
キタノファーンヒル,2026-04-11,中山,9,6,7,0.8333,7,先行
キタノファーンヒル,2026-06-06,阪神,9,5,9,0.5,8,差し
キタノブレイク,2026-05-09,新潟,12,8,12,0.6364,9,差し
キタノライブリー,2026-03-15,阪神,12,3,13,0.1667,13,先行
キタノライブリー,2026-04-11,阪神,12,7,16,0.4,9,
キタノライブリー,2026-08-22,新潟,8,7,15,0.4286,5,差し
キチロクゴール,2026-08-23,新潟,12,4,12,0.2727,10,
キッコベッロ,2026-02-14,小倉,9,3,10,0.2222,2,差し
キッコベッロ,2026-03-21,阪神,11,6,12,0.4545,9,
キトンインザスカイ,2026-01-10,京都,12,8,18,0.4118,11,先行
キボウノホシ,2026-01-10,中山,12,5,16,0.2667,1,差し
キボウノホシ,2026-03-22,中山,9,10,16,0.6,10,差し
キボウノホシ,2026-04-04,阪神,12,4,15,0.2143,12,差し
キボウノホシ,2026-06-13,阪神,10,7,16,0.4,8,差し
キミガスキダ,2026-01-11,京都,12,8,18,0.4118,16,差し
キミガスキダ,2026-08-30,中京,9,6,15,0.3571,2,差し
キミハスコール,2026-05-30,東京,9,5,16,0.2667,11,差し
キミハスコール,2026-08-22,新潟,8,8,15,0.5,8,差し
キャストロププ,2026-03-15,中山,9,3,11,0.2,5,差し
キャストロププ,2026-03-28,阪神,12,8,14,0.5385,11,先行
キャストロププ,2026-04-12,中山,9,3,12,0.1818,6,差し
キャストロププ,2026-06-13,東京,9,3,14,0.1538,4,先行
キャッスルレイク,2026-02-28,阪神,12,3,18,0.1176,5,先行
キャッスルレイク,2026-03-28,中京,12,2,16,0.0667,3,先行
キャッスルレイク,2026-08-02,中京,6,1,9,0.0,5,
キャッスルレイク,2026-08-29,中京,8,2,14,0.0769,4,
キャットテイル,2026-08-01,札幌,12,2,8,0.1429,1,先行
キャットテイル,2026-08-15,札幌,11,8,14,0.5385,13,先行
キャトルエピス,2026-03-07,中山,12,3,16,0.1333,12,逃げ
キャトルエピス,2026-08-29,新潟,10,1,18,0.0,9,逃げ
キャトルブランシュ,2026-08-15,札幌,9,3,8,0.2857,4,逃げ
キャネル,2026-07-26,新潟,9,1,14,0.0,1,先行
キャネル,2026-08-22,中京,9,2,5,0.25,1,
キャピタルサックス,2026-06-13,東京,10,5,16,0.2667,9,差し
キャピタルリッチ,2026-01-12,中山,12,4,18,0.1765,1,
キャプテンシー,2026-04-05,阪神,10,9,18,0.4706,16,差し
キャントウェイト,2026-05-03,東京,9,7,18,0.3529,3,差し
キャントウェイト,2026-06-06,阪神,11,3,11,0.2,5,差し
キャントウェイト,2026-08-22,札幌,11,2,12,0.0909,1,差し
キャンドルマス,2026-03-21,阪神,12,7,15,0.4286,10,差し
キュクヌス,2026-02-15,東京,9,5,16,0.2667,10,先行
キュクヌス,2026-03-14,中山,10,4,16,0.2,8,先行
キュクヌス,2026-05-03,東京,9,4,18,0.1765,4,先行
キュクロープス,2026-06-20,阪神,12,1,18,0.0,10,
キュムロンニンバス,2026-01-12,中山,10,11,16,0.6667,11,差し
キュムロンニンバス,2026-02-21,阪神,10,8,16,0.4667,16,差し
キューティリップ,2026-04-25,福島,12,6,16,0.3333,5,差し
キューティリップ,2026-07-12,福島,9,3,14,0.1538,4,差し
キューティリップ,2026-08-02,新潟,8,5,14,0.3077,8,差し
キュードス,2026-05-09,新潟,12,2,12,0.0909,6,差し
キュールエフウジン,2026-03-29,中京,10,7,14,0.4615,13,追込
キュールエフウジン,2026-04-12,阪神,12,5,13,0.3333,12,追込
キュールエフウジン,2026-06-21,阪神,10,10,16,0.6,15,追込
キュールエフウジン,2026-08-02,札幌,10,5,10,0.4444,8,追込
キュールエフウジン,2026-08-15,札幌,11,6,14,0.3846,9,追込
キョウエイカンセ,2026-02-22,東京,12,9,16,0.5333,7,
キョウエイカンセ,2026-04-26,東京,12,6,16,0.3333,6,
キョウエイカンセ,2026-05-17,東京,10,5,15,0.2857,4,
キョウエイカンセ,2026-06-07,東京,10,7,16,0.4,2,
キョウエイカンセ,2026-06-21,東京,9,9,16,0.5333,1,
キョウエイカンフ,2026-03-01,中山,12,6,16,0.3333,3,差し
キョウエイカンフ,2026-03-14,中山,12,5,16,0.2667,4,差し
キョウエイカンフ,2026-04-04,中山,12,9,16,0.5333,5,差し
キョウエイカンフ,2026-08-09,新潟,9,7,15,0.4286,4,差し
キョウエイグッド,2026-08-23,新潟,10,7,12,0.5455,6,差し
キョウエイスレーヴ,2026-05-30,東京,9,7,16,0.4,15,
キョウエイフロイデ,2026-04-25,東京,12,3,13,0.1667,2,追込
キョウエイフロイデ,2026-05-23,東京,12,8,16,0.4667,1,差し
キョウエイフロイデ,2026-06-13,東京,10,8,16,0.4667,4,追込
キョウエイブリッサ,2026-01-04,京都,11,9,18,0.4706,12,差し
キョウエイブリッサ,2026-02-14,京都,11,4,14,0.2308,4,差し
キョウエイブリッサ,2026-03-29,阪神,11,5,13,0.3333,5,差し
キョウエイブリッサ,2026-04-26,京都,11,8,18,0.4118,10,
キョウエイブリッサ,2026-07-12,函館,11,7,14,0.4615,5,差し
キョウエイボニータ,2026-03-28,中京,12,3,16,0.1333,13,先行
キョウエイボニータ,2026-04-18,中山,9,3,12,0.1818,2,先行
キョウエイボニータ,2026-05-23,東京,10,3,16,0.1333,13,先行
キョウエイボニータ,2026-06-20,東京,10,1,14,0.0,7,先行
キョウエイボニータ,2026-07-19,福島,9,4,16,0.2,9,先行
キョウキランブ,2026-05-03,東京,10,1,16,0.0,15,
キョウキランブ,2026-05-23,京都,11,11,16,0.6667,15,
キョラムン,2026-02-22,小倉,12,6,18,0.2941,6,差し
キョラムン,2026-07-04,小倉,9,5,12,0.3636,5,
キョラムン,2026-08-16,中京,11,2,16,0.0667,12,
キリスパークル,2026-08-01,新潟,11,7,18,0.3529,8,差し
キリスパークル,2026-08-15,新潟,12,4,18,0.1765,13,差し
キングオブフジ,2026-01-04,京都,9,4,13,0.25,7,
キングオブフジ,2026-04-26,京都,12,7,14,0.4615,7,
キングオブフジ,2026-05-09,京都,12,4,13,0.25,6,
キングオブフジ,2026-07-26,中京,8,5,12,0.3636,5,
キングオブフジ,2026-08-09,中京,8,5,11,0.4,7,
キングクレオール,2026-03-21,中山,12,8,16,0.4667,12,差し
キングクレオール,2026-07-05,福島,12,6,15,0.3571,4,差し
キングクレオール,2026-08-01,新潟,9,5,14,0.3077,8,差し
キングクー,2026-02-14,小倉,10,8,14,0.5385,7,差し
キングクー,2026-03-29,阪神,12,9,16,0.5333,10,追込
キングクー,2026-05-24,新潟,10,9,15,0.5714,11,追込
キンググローリー,2026-04-18,福島,9,1,9,0.0,1,
キンググローリー,2026-05-09,京都,11,1,16,0.0,13,
キンググローリー,2026-06-28,福島,11,6,16,0.3333,13,
キンググローリー,2026-07-11,福島,9,1,15,0.0,2,先行
キングケープ,2026-08-01,中京,12,3,11,0.2,10,先行
キングケープ,2026-08-16,中京,11,5,16,0.2667,1,先行
キングスコール,2026-01-12,京都,9,1,12,0.0,4,先行
キングスコール,2026-01-24,小倉,10,1,8,0.0,1,
キングスコール,2026-02-28,阪神,9,1,9,0.0,2,
キングスコール,2026-03-29,阪神,10,1,11,0.0,11,
キングスコール,2026-04-12,阪神,10,7,15,0.4286,12,逃げ
キングスコール,2026-05-16,東京,11,5,15,0.2857,1,
キングスコール,2026-05-31,東京,12,1,14,0.0,5,
キングズトゥルー,2026-02-01,小倉,9,3,11,0.2,6,
キングズトゥルー,2026-05-10,新潟,9,1,14,0.0,1,
キングズトゥルー,2026-07-11,福島,9,3,15,0.1429,6,
キングズトゥルー,2026-08-15,新潟,6,2,14,0.0769,8,
キングズパレス,2026-01-31,東京,11,9,10,0.8889,6,差し
キングズパレス,2026-03-15,中京,11,9,14,0.6154,8,追込
キングズパレス,2026-05-31,東京,12,3,14,0.1538,7,差し
キングツェッペリン,2026-02-22,小倉,10,6,16,0.3333,7,差し
キングツェッペリン,2026-05-17,東京,10,6,15,0.3571,3,差し
キングツェッペリン,2026-06-07,阪神,9,8,16,0.4667,10,差し
キングツェッペリン,2026-07-04,福島,10,3,10,0.2222,7,差し
キングノジョー,2026-02-08,小倉,11,6,12,0.4545,7,先行
キングノジョー,2026-05-03,東京,9,7,18,0.3529,6,先行
キングノジョー,2026-06-14,東京,10,4,14,0.2308,10,先行
キングブルー,2026-01-18,京都,10,9,16,0.5333,4,先行
キングブルー,2026-02-01,京都,9,3,11,0.2,1,先行
キングブルー,2026-05-30,京都,10,5,16,0.2667,11,差し
キングプロフィット,2026-07-19,福島,12,8,15,0.5,9,差し
キングベルベット,2026-02-28,小倉,10,1,16,0.0,8,
キングベルベット,2026-07-19,函館,10,5,14,0.3077,13,
キングメーカー,2026-01-11,京都,10,7,15,0.4286,5,差し
キングメーカー,2026-02-10,京都,9,3,13,0.1667,9,差し
キングメーカー,2026-04-26,京都,10,9,18,0.4706,6,差し
キングメーカー,2026-05-17,京都,10,4,13,0.25,3,差し
キングメーカー,2026-05-31,東京,10,8,17,0.4375,13,差し
キングメーカー,2026-08-01,中京,7,6,11,0.5,11,差し
キングロコマイカイ,2026-02-08,小倉,10,5,15,0.2857,10,差し
キングロコマイカイ,2026-06-21,阪神,12,7,13,0.5,10,差し
キングロコマイカイ,2026-09-05,阪神,9,6,11,0.5,9,差し
キングヴァージル,2026-02-21,小倉,12,7,18,0.3529,11,差し
キンダープンシュ,2026-08-01,中京,10,6,16,0.3333,6,先行
キントラダンサー,2026-03-14,阪神,9,1,15,0.0,11,先行
キントラダンサー,2026-03-28,阪神,10,1,11,0.0,10,
キントリヒ,2026-05-17,新潟,11,3,15,0.1429,12,差し
キントリヒ,2026-06-14,東京,10,2,14,0.0769,14,差し
キーウェーブ,2026-03-21,中山,9,6,16,0.3333,14,差し
キーウェーブ,2026-07-19,小倉,9,4,8,0.4286,5,追込
キーウェーブ,2026-08-01,新潟,6,7,12,0.5455,10,差し
キーガッツ,2026-04-19,福島,12,1,15,0.0,1,
キーガッツ,2026-07-11,函館,10,4,14,0.2308,11,
キーチパルフェ,2026-01-11,京都,9,3,10,0.2222,1,先行
キーチパルフェ,2026-08-30,中京,6,5,16,0.2667,8,先行
キーパフォーマー,2026-04-12,阪神,10,3,15,0.1429,14,差し
キーパフォーマー,2026-05-23,京都,10,5,16,0.2667,5,差し
キーパフォーマー,2026-06-20,阪神,10,4,18,0.1765,11,差し
キーパフォーマー,2026-08-15,中京,7,4,8,0.4286,7,差し
キープカルム,2026-01-04,京都,11,5,18,0.2353,9,差し
キープカルム,2026-05-02,東京,11,8,18,0.4118,6,差し
キープカルム,2026-06-21,阪神,11,7,18,0.3529,2,差し
キープカルム,2026-08-16,中京,7,11,16,0.6667,9,差し
キープサインオン,2026-06-20,函館,11,4,16,0.2,6,先行
キープサインオン,2026-06-28,函館,12,8,14,0.5385,10,先行
キープサインオン,2026-07-11,函館,10,4,14,0.2308,3,先行
キープサインオン,2026-09-05,中山,10,8,13,0.5833,12,差し
キーンセンス,2026-03-08,阪神,9,2,6,0.2,6,追込
キーンセンス,2026-07-26,中京,10,6,16,0.3333,5,
キーンセンス,2026-08-15,中京,10,4,16,0.2,7,
ギオンバヤシ,2026-01-11,京都,12,8,18,0.4118,7,差し
ギガントマキア,2026-05-10,京都,10,7,11,0.6,11,先行
ギザキズラヴ,2026-05-02,京都,12,3,10,0.2222,9,先行
ギザキズラヴ,2026-07-04,小倉,9,3,12,0.1818,7,先行
ギザキズラヴ,2026-07-12,小倉,12,7,17,0.375,12,先行
ギザキズラヴ,2026-08-29,中京,11,7,13,0.5,7,差し
ギフテッド,2026-06-20,東京,10,4,14,0.2308,9,差し
ギフテッド,2026-07-25,新潟,6,8,15,0.5,15,差し
ギフテッド,2026-08-23,中京,6,3,14,0.1538,9,差し
ギマール,2026-06-21,函館,10,3,9,0.25,5,差し
ギマール,2026-07-04,函館,10,7,14,0.4615,10,先行
ギマール,2026-07-25,札幌,12,4,11,0.3,7,差し
ギャラボーグ,2026-02-14,東京,11,8,16,0.4667,9,先行
ギャラボーグ,2026-04-12,阪神,11,2,18,0.0588,2,差し
ギャンブルルーム,2026-03-29,阪神,10,3,11,0.2,1,差し
ギャンブルルーム,2026-05-31,東京,12,7,14,0.4615,14,差し
ギャンブルルーム,2026-07-26,札幌,11,2,13,0.0833,3,差し
ギュルヴィ,2026-03-28,阪神,12,2,14,0.0769,1,差し
ギュルヴィ,2026-05-02,東京,9,1,16,0.0,2,先行
ギュルヴィ,2026-05-24,東京,12,1,16,0.0,1,追込
ギリーズボール,2026-01-11,中山,11,4,16,0.2,13,差し
ギリーズボール,2026-03-07,阪神,11,5,18,0.2353,1,差し
ギリーズボール,2026-05-10,東京,11,6,18,0.2941,11,差し
ギルトエッジ,2026-06-20,阪神,12,9,18,0.4706,17,
ギレイ,2026-08-16,新潟,12,2,15,0.0714,6,差し
ギレイ,2026-08-23,中京,10,7,14,0.4615,8,差し
ギーロカスタル,2026-01-04,中山,9,3,11,0.2,5,差し
ギーロカスタル,2026-02-15,京都,10,7,10,0.6667,10,差し
ギーロカスタル,2026-08-22,中京,7,10,16,0.6,11,追込
クァンタムウェーブ,2026-08-08,中京,7,6,8,0.7143,6,差し
クァンタムウェーブ,2026-08-30,中京,6,8,16,0.4667,13,
クアトロジャック,2026-05-02,京都,10,1,12,0.0,1,
クアトロジャック,2026-05-24,京都,10,9,14,0.6154,13,
クアトロジャック,2026-08-22,中京,7,5,16,0.2667,15,
クアロアランチ,2026-06-28,福島,12,4,14,0.2308,4,先行
クイックバイオ,2026-01-04,京都,12,3,12,0.1818,6,差し
クイックバイオ,2026-03-22,阪神,9,4,8,0.4286,2,差し
クイックバイオ,2026-08-08,中京,6,2,11,0.1,3,
クイノールト,2026-06-28,小倉,12,4,16,0.2,13,先行
クインズシフォン,2026-04-11,中山,12,6,16,0.3333,6,
クインズシフォン,2026-06-07,東京,10,3,16,0.1333,13,
クインズシフォン,2026-08-02,札幌,9,6,12,0.4545,3,
クインズショコラ,2026-03-21,中山,10,3,13,0.1667,4,差し
クインズショコラ,2026-05-02,新潟,11,2,15,0.0714,1,差し
クインズショコラ,2026-06-13,阪神,11,1,16,0.0,2,差し
クインズスピカ,2026-03-29,中山,12,6,11,0.5,11,
クインズセレネ,2026-08-01,中京,10,11,16,0.6667,11,
クインズセレネ,2026-08-23,中京,11,10,17,0.5625,16,
クインズデネブ,2026-02-15,東京,12,5,16,0.2667,1,差し
クインズデネブ,2026-03-21,中京,10,8,16,0.4667,5,差し
クインズデネブ,2026-04-25,東京,10,10,15,0.6429,8,差し
クインズデネブ,2026-06-06,東京,11,7,15,0.4286,6,差し
クインズポラリス,2026-03-15,中山,12,1,16,0.0,1,差し
クインズポラリス,2026-04-11,中山,12,1,16,0.0,5,差し
クインズポラリス,2026-05-09,東京,12,7,16,0.4,9,先行
クインズメレンゲ,2026-05-03,新潟,12,3,15,0.1429,9,先行
クイーンアン,2026-08-01,新潟,11,3,18,0.1176,14,
クイーンズウォーク,2026-03-15,中京,11,5,14,0.3077,3,差し
クイーンズウォーク,2026-05-17,東京,11,7,18,0.3529,3,差し
クイーンズデイ,2026-01-04,京都,12,2,12,0.0909,5,差し
クイーンズデイ,2026-03-14,阪神,9,4,15,0.2143,5,差し
クイーンズデイ,2026-04-25,福島,10,3,16,0.1333,4,
クイーンズレイン,2026-08-02,新潟,11,1,14,0.0,1,差し
クイーンズワーフ,2026-04-25,福島,12,2,16,0.0667,3,先行
クイーンズワーフ,2026-05-16,新潟,9,1,16,0.0,7,先行
クイーンズワーフ,2026-07-12,福島,9,1,14,0.0,7,
クォーツァイト,2026-02-22,東京,12,1,16,0.0,6,先行
クォーツァイト,2026-05-10,京都,12,1,14,0.0,14,
クォーツァイト,2026-06-27,小倉,10,2,13,0.0833,11,差し
クオンタムスター,2026-08-30,札幌,12,4,14,0.2308,9,
クカイリモク,2026-06-28,福島,11,5,16,0.2667,9,差し
クシマトゥルー,2026-09-05,中山,9,3,15,0.1429,13,先行
クスクス,2026-02-01,京都,12,1,7,0.0,4,
クスクス,2026-04-25,京都,12,2,11,0.1,11,
クスクス,2026-05-09,京都,9,1,11,0.0,3,
クスクス,2026-05-24,京都,9,1,10,0.0,6,
クスクス,2026-07-19,小倉,9,1,8,0.0,1,
クファシル,2026-02-15,小倉,11,6,18,0.2941,10,
クファシル,2026-04-26,福島,11,3,16,0.1333,8,
クファシル,2026-06-27,函館,11,5,14,0.3077,9,
クファシル,2026-08-09,札幌,11,3,16,0.1333,16,
クボウサマ,2026-08-16,中京,12,6,16,0.3333,9,
クムシラコ,2026-01-17,中山,11,6,16,0.3333,11,差し
クムシラコ,2026-04-26,福島,11,4,16,0.2,14,差し
クムシラコ,2026-07-11,福島,11,2,9,0.125,2,
クモヒトツナイ,2026-08-01,新潟,8,1,13,0.0,9,差し
クモヒトツナイ,2026-09-05,中山,9,4,15,0.2143,14,差し
クライスレリアーナ,2026-05-30,東京,10,6,11,0.5,4,先行
クライスレリアーナ,2026-08-08,新潟,6,4,10,0.3333,2,差し
クライナリーゼ,2026-08-15,新潟,10,7,15,0.4286,12,追込
クライングナウ,2026-07-26,新潟,12,7,15,0.4286,10,追込
クライングナウ,2026-08-30,新潟,10,1,15,0.0,1,差し
クラウディアイ,2026-05-23,新潟,10,4,15,0.2143,8,差し
クラウドセイル,2026-01-12,中山,12,6,18,0.2941,8,
クラウドセイル,2026-08-23,新潟,10,7,12,0.5455,11,追込
クラウンインジエア,2026-04-04,中山,9,1,12,0.0,8,
クラウンシエンタ,2026-01-11,中山,10,5,16,0.2667,10,差し
クラウンシエンタ,2026-02-01,小倉,11,9,15,0.5714,3,差し
クラウンシエンタ,2026-03-08,中山,10,3,15,0.1429,4,差し
クラウンセト,2026-08-08,中京,9,3,9,0.25,1,差し
クラウンフリード,2026-08-30,新潟,12,7,15,0.4286,10,先行
クラシオン,2026-08-01,新潟,9,4,14,0.2308,7,先行
クラスペディア,2026-04-12,中山,11,1,16,0.0,1,先行
クラスペディア,2026-08-09,中京,7,2,18,0.0588,11,先行
クラッシファイド,2026-08-01,新潟,6,6,12,0.4545,9,先行
クラッチスラッガー,2026-08-22,中京,8,8,10,0.7778,10,
クラテロス,2026-08-29,中京,9,2,9,0.125,2,先行
クラディスティーナ,2026-05-09,新潟,9,6,14,0.3846,9,先行
クラリティスケール,2026-01-04,中山,12,9,16,0.5333,11,
クラリティスケール,2026-02-14,小倉,10,7,14,0.4615,8,追込
クランフォード,2026-01-24,京都,11,4,14,0.2308,12,先行
クランフォード,2026-03-29,阪神,11,2,13,0.0833,2,先行
クランフォード,2026-07-26,新潟,7,1,14,0.0,2,先行
クランフォード,2026-09-05,中山,11,2,16,0.0667,7,
クラヴァンス,2026-02-28,小倉,11,2,15,0.0714,14,
クラヴァンス,2026-05-09,京都,10,3,8,0.2857,4,
クラヴァンス,2026-07-19,福島,10,2,12,0.0909,4,
クリアクォーツ,2026-08-09,中京,9,10,13,0.75,8,差し
クリアーゲイル,2026-08-01,新潟,10,2,14,0.0769,9,差し
クリエープキー,2026-01-24,小倉,9,2,12,0.0909,5,先行
クリエープキー,2026-02-08,小倉,9,2,15,0.0714,1,先行
クリエープキー,2026-03-07,阪神,11,3,18,0.1176,18,先行
クリエープキー,2026-05-30,京都,11,10,16,0.6,13,先行
クリエープキー,2026-06-28,函館,12,2,14,0.0769,1,先行
クリエープキー,2026-07-11,福島,11,1,9,0.0,7,先行
クリエープキー,2026-07-25,札幌,11,4,12,0.2727,8,先行
クリスタルウエイ,2026-03-29,中京,12,8,16,0.4667,13,
クリスタルドレス,2026-08-01,新潟,11,5,18,0.2353,2,差し
クリスマスパレード,2026-01-24,小倉,11,9,18,0.4706,16,先行
クリスマスパレード,2026-07-12,福島,11,7,16,0.4,11,
クリスレジーナ,2026-03-21,中山,11,9,16,0.5333,10,
クリスレジーナ,2026-05-02,京都,9,5,9,0.5,3,先行
クリスレジーナ,2026-06-21,函館,9,2,12,0.0909,2,
クリスレジーナ,2026-07-11,函館,9,4,10,0.3333,9,先行
クリスレジーナ,2026-07-26,札幌,12,1,9,0.0,3,先行
クリナッチ,2026-04-19,福島,12,4,15,0.2143,10,差し
クリニクラウン,2026-02-10,東京,10,6,11,0.5,8,先行
クリニクラウン,2026-03-28,中京,11,8,16,0.4667,15,差し
クリニクラウン,2026-05-31,東京,10,10,17,0.5625,12,追込
クリニクラウン,2026-08-09,新潟,6,8,13,0.5833,8,差し
クリニクラウン,2026-08-30,新潟,7,6,12,0.4545,10,差し
クリノオリーブ,2026-02-10,京都,12,7,15,0.4286,10,先行
クリノオリーブ,2026-03-15,阪神,12,2,13,0.0833,9,
クリノオリーブ,2026-04-11,阪神,12,1,16,0.0,2,
クリノオリーブ,2026-08-15,新潟,7,5,15,0.2857,12,先行
クリノキングマン,2026-01-31,京都,9,1,13,0.0,5,
クリノキングマン,2026-02-22,阪神,12,1,16,0.0,7,
クリノキングマン,2026-04-18,福島,11,5,15,0.2857,15,
クリノキングマン,2026-06-21,函館,10,5,9,0.5,9,
クリノゴッホ,2026-02-21,小倉,12,5,18,0.2353,12,先行
クリノゴッホ,2026-04-19,福島,9,4,16,0.2,13,差し
クリノゴッホ,2026-08-01,新潟,12,5,17,0.25,10,差し
クリノゴージャス,2026-08-15,中京,12,8,16,0.4667,14,
クリノハレルヤ,2026-04-11,福島,10,2,16,0.0667,16,
クリノフィガロ,2026-01-04,京都,9,6,13,0.4167,9,差し
クリノフィガロ,2026-04-26,京都,12,5,14,0.3077,10,差し
クリノフィガロ,2026-05-09,京都,12,5,13,0.3333,8,差し
クリノフィガロ,2026-06-06,阪神,10,3,12,0.1818,4,差し
クリノフィガロ,2026-06-21,阪神,12,7,13,0.5,9,先行
クリノミニスター,2026-03-07,阪神,12,7,16,0.4,13,差し
クリノミニスター,2026-05-03,新潟,12,7,15,0.4286,11,差し
クリノミニスター,2026-05-24,京都,12,8,16,0.4667,7,差し
クリノメイ,2026-01-24,小倉,11,6,18,0.2941,9,差し
クリノメイ,2026-03-07,中山,11,10,16,0.6,15,差し
クリノメイ,2026-08-02,札幌,11,8,14,0.5385,11,追込
クリノラピダス,2026-02-22,阪神,12,7,16,0.4,13,追込
クリノラピダス,2026-04-18,阪神,9,11,14,0.7692,13,追込
クリノラピダス,2026-05-09,京都,12,6,13,0.4167,12,追込
クリノラピダス,2026-08-23,札幌,10,5,14,0.3077,9,追込
クリフハンガー,2026-03-07,中山,9,3,13,0.1667,10,差し
クリフハンガー,2026-06-20,東京,9,6,10,0.5556,6,差し
クリフハンガー,2026-07-11,福島,9,4,15,0.2143,11,差し
クリフハンガー,2026-08-16,新潟,8,8,13,0.5833,10,先行
クリムゾンリーフ,2026-08-23,新潟,12,1,12,0.0,1,
クリールスル,2026-07-25,新潟,12,3,17,0.125,9,差し
クルゼイロドスル,2026-01-04,京都,11,9,18,0.4706,7,差し
クルゼイロドスル,2026-01-24,京都,11,9,14,0.6154,7,差し
クルゼイロドスル,2026-04-26,京都,11,8,18,0.4118,14,
クルゼイロドスル,2026-06-14,東京,11,6,13,0.4167,4,差し
クルゼイロドスル,2026-08-22,新潟,7,6,18,0.2941,14,差し
クルゼイロドスル,2026-09-05,中山,11,8,16,0.4667,10,差し
クルミナーレ,2026-02-21,小倉,10,2,16,0.0667,6,
クルミナーレ,2026-03-07,阪神,9,3,9,0.25,1,先行
クルミナーレ,2026-04-05,中山,11,5,16,0.2667,8,先行
クルミナーレ,2026-06-06,阪神,11,3,11,0.2,4,差し
クレイヴィンオナー,2026-04-25,東京,12,10,13,0.75,9,
クレイヴィンオナー,2026-05-03,東京,12,8,13,0.5833,10,
クレオズニードル,2026-06-06,東京,10,1,17,0.0,13,
クレオズニードル,2026-07-19,福島,9,2,16,0.0667,8,
クレスコドルフィン,2026-08-08,中京,8,6,12,0.4545,11,差し
クレスコドルフィン,2026-08-22,中京,8,8,10,0.7778,8,
クレセントウイング,2026-02-21,小倉,12,8,18,0.4118,7,差し
クレバーテースト,2026-01-04,京都,10,1,9,0.0,4,
クレバーテースト,2026-03-01,小倉,11,2,17,0.0625,14,
クレバーテースト,2026-04-12,阪神,10,1,15,0.0,11,
クレパスキュラー,2026-03-15,中山,11,1,16,0.0,7,先行
クレパスキュラー,2026-06-06,東京,10,5,17,0.25,2,差し
クレパスキュラー,2026-06-20,東京,10,4,14,0.2308,5,差し
クレマチス,2026-08-16,中京,10,3,16,0.1333,7,先行
クロシェットノエル,2026-05-17,新潟,10,3,15,0.1429,4,差し
クロシェットノエル,2026-06-07,東京,9,2,8,0.1429,4,差し
クロジシジョー,2026-04-04,阪神,10,4,16,0.2,7,差し
クロジシジョー,2026-05-17,京都,11,9,16,0.5333,5,差し
クロジシジョー,2026-06-07,阪神,11,7,16,0.4,6,差し
クロドラバール,2026-02-28,中山,12,1,16,0.0,7,
クロドラバール,2026-06-14,東京,12,2,12,0.0909,9,
クロドラバール,2026-07-04,福島,10,7,10,0.6667,9,先行
クロドラバール,2026-08-30,新潟,6,1,15,0.0,4,先行
クロナ,2026-07-12,函館,10,2,12,0.0909,1,先行
クロニクル,2026-03-01,阪神,10,1,14,0.0,13,
クロニクル,2026-04-18,中山,10,3,13,0.1667,9,
クロニクル,2026-05-03,京都,12,9,16,0.5333,8,先行
クロニクル,2026-08-01,新潟,7,1,15,0.0,3,
クロニクル,2026-08-23,新潟,6,1,15,0.0,15,先行
クロノスバレット,2026-03-28,阪神,12,7,14,0.4615,5,差し
クロノスバレット,2026-05-31,京都,9,5,10,0.4444,6,差し
クロノスバレット,2026-06-21,阪神,12,8,13,0.5833,3,差し
クロノスバレット,2026-08-09,中京,8,3,11,0.2,4,差し
クロノスバレット,2026-09-05,阪神,9,6,11,0.5,2,差し
クロユキ,2026-02-28,小倉,12,3,18,0.1176,17,
クロライナ,2026-08-01,中京,9,4,10,0.3333,6,
クロリス,2026-07-19,函館,11,7,13,0.5,11,
クロワデュノール,2026-04-05,阪神,11,4,15,0.2143,1,先行
クロワデュノール,2026-05-03,京都,11,2,15,0.0714,1,先行
クロワデュノール,2026-06-14,阪神,11,3,18,0.1176,2,先行
クロースコンバット,2026-06-28,福島,10,3,11,0.2,8,
クワイエットアイ,2026-02-08,小倉,9,2,15,0.0714,15,
クワイエットアイ,2026-04-25,福島,9,2,16,0.0667,16,
クワイエットアイ,2026-06-27,函館,9,2,9,0.125,5,先行
クーデール,2026-01-12,中山,10,3,16,0.1333,13,
クーデール,2026-03-28,中山,9,2,16,0.0667,16,
クーデール,2026-07-11,小倉,11,1,11,0.0,8,
クールソル,2026-03-15,中京,9,8,15,0.5,15,先行
クールデイトナ,2026-01-12,京都,11,4,16,0.2,13,先行
クールデイトナ,2026-04-04,阪神,11,7,14,0.4615,6,先行
クールデイトナ,2026-06-14,東京,9,2,11,0.1,2,差し
クールブロン,2026-01-31,東京,9,6,16,0.3333,5,
クールブロン,2026-05-10,東京,12,4,15,0.2143,3,
クールブロン,2026-08-22,中京,7,8,16,0.4667,9,
クールベイビー,2026-05-17,東京,9,8,12,0.6364,11,
クールミラボー,2026-02-28,阪神,11,3,16,0.1333,3,差し
クールミラボー,2026-05-03,東京,10,5,16,0.2667,8,差し
クールミラボー,2026-06-20,東京,11,3,15,0.1429,2,差し
クールミラボー,2026-08-02,中京,7,1,9,0.0,1,
グッジョブ,2026-01-10,京都,11,5,16,0.2667,11,追込
グッジョブ,2026-05-03,新潟,11,8,15,0.5,9,差し
グッジョブ,2026-07-19,福島,11,8,16,0.4667,10,追込
グッデイ,2026-08-08,中京,12,5,18,0.2353,7,先行
グッドピース,2026-01-31,東京,10,5,15,0.2857,9,先行
グッドピース,2026-07-04,小倉,9,3,12,0.1818,1,差し
グッドヴァイブス,2026-04-19,福島,12,4,15,0.2143,7,
グッドヴァイブス,2026-08-01,新潟,9,7,14,0.4615,13,
グッバイウェーブ,2026-03-15,中京,12,2,18,0.0588,16,先行
グディンナ,2026-05-24,京都,12,7,16,0.4,3,差し
グラウンドビート,2026-02-14,東京,10,6,16,0.3333,8,差し
グラウンドビート,2026-08-23,中京,9,6,8,0.7143,5,差し
グラスシフォン,2026-01-17,京都,11,7,16,0.4,14,差し
グラスシフォン,2026-02-21,阪神,10,5,16,0.2667,15,差し
グラスブランシュ,2026-01-18,京都,9,9,16,0.5333,14,追込
グラスブランシュ,2026-06-27,福島,9,12,16,0.7333,13,追込
グラスブランシュ,2026-07-18,福島,10,10,15,0.6429,13,追込
グラスベルグ,2026-07-19,小倉,12,6,9,0.625,7,先行
グラティアスミノル,2026-01-18,京都,10,9,16,0.5333,15,
グラティアスミノル,2026-03-08,阪神,12,4,13,0.25,13,
グラデュエール,2026-08-01,新潟,12,6,17,0.3125,13,差し
グラニット,2026-04-12,中山,10,2,12,0.0909,7,先行
グラニット,2026-05-09,東京,9,2,12,0.0909,7,先行
グラニット,2026-07-18,福島,11,4,16,0.2,10,先行
グラニット,2026-08-22,新潟,6,4,18,0.1765,15,先行
グラフィティアート,2026-05-02,東京,12,5,14,0.3077,7,差し
グランアルト,2026-02-28,中山,9,5,8,0.5714,7,先行
グランアルト,2026-04-11,中山,9,5,7,0.6667,6,差し
グランオース,2026-05-03,京都,9,7,9,0.75,9,先行
グランカッサ,2026-04-12,中山,12,2,13,0.0833,13,
グランカンタンテ,2026-03-21,中山,9,8,16,0.4667,11,先行
グランカンタンテ,2026-07-05,福島,10,5,12,0.3636,5,
グランキングオー,2026-02-08,小倉,10,1,15,0.0,8,逃げ
グランキングオー,2026-06-27,小倉,11,6,15,0.3571,12,
グランキングオー,2026-07-19,小倉,10,3,16,0.1333,1,
グランキングオー,2026-09-05,阪神,11,2,12,0.0909,5,
グランコネクシオン,2026-03-01,小倉,12,9,16,0.5333,11,追込
グランコネクシオン,2026-08-22,新潟,9,8,15,0.5,7,追込
グランシャン,2026-08-16,中京,9,4,18,0.1765,10,
グランスプリント,2026-08-02,中京,12,2,17,0.0625,15,
グランセゾン,2026-04-25,福島,12,4,16,0.2,2,先行
グランセゾン,2026-07-04,函館,9,4,9,0.375,3,差し
グランセゾン,2026-07-18,函館,9,2,13,0.0833,3,差し
グランセゾン,2026-08-09,札幌,12,1,8,0.0,2,差し
グランセレスト,2026-01-04,中山,10,1,8,0.0,4,
グランセレスト,2026-04-11,中山,9,1,7,0.0,5,
グランセンチュリ,2026-08-23,中京,10,5,14,0.3077,13,差し
グランツアーテム,2026-01-04,中山,9,6,11,0.5,10,差し
グランツベリー,2026-02-15,小倉,10,8,18,0.4118,8,差し
グランツローゼ,2026-01-12,中山,12,10,18,0.5294,17,
グランツローゼ,2026-05-16,新潟,9,7,16,0.4,6,差し
グランツローゼ,2026-08-23,札幌,9,5,13,0.3333,12,差し
グランテスト,2026-01-11,京都,11,6,16,0.3333,5,差し
グランテスト,2026-03-15,阪神,11,6,16,0.3333,13,差し
グランテレーズ,2026-02-08,小倉,12,4,18,0.1765,13,
グランテレーズ,2026-04-11,福島,12,2,16,0.0667,2,先行
グランディア,2026-01-04,中山,11,5,14,0.3077,3,差し
グランディア,2026-03-08,阪神,11,4,12,0.2727,3,差し
グランディア,2026-05-16,新潟,11,5,15,0.2857,1,差し
グランディア,2026-08-16,札幌,11,3,16,0.1333,5,差し
グランデサラス,2026-03-14,阪神,10,5,11,0.4,11,
グランデスフィーダ,2026-03-07,阪神,12,5,16,0.2667,5,差し
グランデスフィーダ,2026-03-22,中京,12,4,16,0.2,3,差し
グランデスフィーダ,2026-08-09,中京,10,5,16,0.2667,6,差し
グランドオーパス,2026-03-01,阪神,11,1,15,0.0,4,先行
グランドオーパス,2026-03-28,阪神,9,1,7,0.0,2,先行
グランドカリナン,2026-04-11,阪神,10,1,13,0.0,5,
グランドカリナン,2026-05-10,東京,10,1,12,0.0,10,
グランドカリナン,2026-05-16,新潟,11,7,15,0.4286,9,
グランドスウェル,2026-08-15,新潟,8,6,15,0.3571,10,差し
グランドセントラル,2026-01-17,京都,11,4,16,0.2,11,差し
グランドセントラル,2026-05-10,東京,12,1,15,0.0,14,差し
グランドフォレスト,2026-06-21,東京,12,6,16,0.3333,12,
グランドプラージュ,2026-01-04,京都,9,5,13,0.3333,1,先行
グランドプラージュ,2026-02-15,京都,10,3,10,0.2222,1,差し
グランドプラージュ,2026-05-10,京都,11,2,16,0.0667,2,差し
グランドプラージュ,2026-06-13,阪神,11,1,16,0.0,1,差し
グランパリッシュ,2026-03-14,中京,12,9,18,0.4706,14,差し
グランフィエルテ,2026-07-05,函館,12,2,10,0.1111,8,先行
グランフルス,2026-08-29,新潟,11,3,18,0.1176,4,
グランブリーゼ,2026-07-26,中京,12,8,15,0.5,13,差し
グランマズドリーム,2026-01-18,中山,12,5,16,0.2667,8,先行
グランメドウ,2026-08-29,中京,10,2,16,0.0667,15,先行
グランルチャドール,2026-08-01,新潟,9,4,14,0.2308,6,
グリプトグラフィ,2026-05-10,京都,12,7,14,0.4615,11,逃げ
グリミスティ,2026-08-16,中京,9,1,18,0.0,8,
グリーンエナジー,2026-01-18,中山,11,7,15,0.4286,1,先行
グリーンエナジー,2026-04-19,中山,11,5,18,0.2353,7,差し
グリーンエナジー,2026-05-31,東京,11,6,18,0.2941,16,差し
グリーンガーネット,2026-02-01,東京,12,7,16,0.4,9,追込
グリーンライズ,2026-01-04,中山,12,12,16,0.7333,16,
グルーヴィーオン,2026-06-13,東京,12,3,16,0.1333,9,
グルーヴィーオン,2026-08-08,札幌,9,3,13,0.1667,12,
グルーヴィーオン,2026-08-22,札幌,12,8,11,0.7,9,
グレイイングリーン,2026-02-21,阪神,11,6,18,0.2941,11,差し
グレイイングリーン,2026-03-29,阪神,11,7,13,0.5,6,差し
グレイイングリーン,2026-05-31,京都,10,7,17,0.375,9,差し
グレイイングリーン,2026-06-14,東京,11,5,13,0.3333,9,差し
グレイイングリーン,2026-08-22,新潟,7,5,18,0.2353,4,差し
グレイスオブゴッド,2026-02-08,小倉,10,3,15,0.1429,7,追込
グレイスオブゴッド,2026-06-28,小倉,10,9,16,0.5333,11,差し
グレイスザクラウン,2026-01-05,中山,9,10,12,0.8182,9,
グレイスザクラウン,2026-05-02,東京,12,6,14,0.3846,4,
グレイスザクラウン,2026-05-17,東京,10,7,15,0.4286,9,
グレイスザクラウン,2026-06-07,東京,12,7,16,0.4,13,
グレイスフルマーチ,2026-01-24,小倉,12,3,15,0.1429,7,
グレイスフルマーチ,2026-04-12,福島,12,4,15,0.2143,12,差し
グレイスフルマーチ,2026-06-14,函館,12,3,10,0.2222,2,差し
グレイスフルマーチ,2026-06-27,函館,12,3,10,0.2222,2,差し
グレイテストソング,2026-01-17,中山,10,8,16,0.4667,10,差し
グレイテストソング,2026-06-06,東京,11,5,15,0.2857,9,差し
グレイトクラウン,2026-01-11,中山,9,2,13,0.0833,4,先行
グレイルクエスト,2026-02-21,阪神,12,1,14,0.0,5,
グレイルクエスト,2026-04-26,京都,12,2,14,0.0769,12,
グレゴリオ,2026-08-01,中京,12,5,11,0.4,7,差し
グレゴリオ,2026-08-16,中京,11,5,16,0.2667,13,差し
グレノークス,2026-02-14,東京,10,6,16,0.3333,13,
グレンセロース,2026-08-08,中京,12,6,18,0.2941,4,先行
グレンセロース,2026-08-22,中京,12,4,17,0.1875,4,先行
グレヴィレア,2026-04-11,福島,9,2,16,0.0667,15,追込
グレヴィレア,2026-08-22,新潟,9,5,15,0.2857,11,先行
グレースジェンヌ,2026-03-01,阪神,11,3,15,0.1429,14,先行
グレースルージュ,2026-02-21,小倉,12,6,18,0.2941,18,差し
グレースルージュ,2026-05-10,新潟,12,3,13,0.1667,13,
グレートアゲイン,2026-08-16,中京,12,8,16,0.4667,5,追込
グレートキリシマ,2026-07-18,小倉,9,8,18,0.4118,11,先行
グレーヌドジョワ,2026-01-24,京都,9,3,13,0.1667,8,先行
グレーヌドジョワ,2026-02-14,小倉,9,2,10,0.1111,7,
グレーヌドジョワ,2026-04-04,中山,9,4,12,0.2727,11,
グレーヌドジョワ,2026-06-21,函館,12,3,10,0.2222,2,
グレーヌドジョワ,2026-07-04,函館,9,2,9,0.125,2,
グレーヌドジョワ,2026-08-09,札幌,12,1,8,0.0,1,
グロスビーク,2026-05-17,東京,10,4,15,0.2143,13,逃げ
グロスビーク,2026-07-18,福島,10,3,15,0.1429,11,逃げ
グロッシェン,2026-01-10,中山,11,8,17,0.4375,12,
グロッシェン,2026-07-26,新潟,9,3,14,0.1538,5,差し
グロバーテソーロ,2026-03-15,阪神,10,6,14,0.3846,7,先行
グロバーテソーロ,2026-03-29,中京,10,5,14,0.3077,9,差し
グロリアスグレイス,2026-06-07,阪神,12,1,12,0.0,9,先行
グロリアスニケ,2026-08-08,中京,10,9,16,0.5333,12,先行
グロリアラウス,2026-02-21,阪神,11,3,18,0.1176,12,先行
グロリアラウス,2026-06-14,東京,11,3,13,0.1667,10,
グロリアラウス,2026-08-16,新潟,7,3,15,0.1429,11,先行
グローブアマランス,2026-02-14,小倉,12,2,15,0.0714,4,差し
グローブアマランス,2026-08-08,中京,11,5,12,0.3636,4,差し
グローブアマランス,2026-08-29,中京,11,9,13,0.6667,5,差し
グローリーリンク,2026-01-18,中山,9,4,15,0.2143,3,先行
グーテンベルク,2026-02-22,東京,10,3,14,0.1538,10,差し
グーテンベルク,2026-04-19,阪神,11,4,10,0.3333,8,差し
グーテンベルク,2026-05-24,東京,10,6,14,0.3846,3,先行
グーテンベルク,2026-06-21,東京,10,7,16,0.4,10,先行
ケイアイアギト,2026-05-02,京都,11,4,12,0.2727,3,先行
ケイアイアギト,2026-07-04,函館,10,1,14,0.0,1,先行
ケイアイアニラ,2026-06-20,阪神,11,1,15,0.0,15,先行
ケイアイアニラ,2026-07-19,福島,11,7,16,0.4,15,先行
ケイアイアマゾン,2026-08-15,中京,9,6,16,0.3333,2,差し
ケイアイアルタイル,2026-05-17,東京,10,3,15,0.1429,8,先行
ケイアイアルタイル,2026-07-12,小倉,9,7,10,0.6667,10,先行
ケイアイクウガ,2026-06-20,阪神,12,8,18,0.4118,9,
ケイアイクビラ,2026-07-04,小倉,9,2,12,0.0909,3,差し
ケイアイサンデラ,2026-05-03,京都,11,7,15,0.4286,12,先行
ケイアイシェルビー,2026-02-22,阪神,11,8,12,0.6364,10,
ケイアイシェルビー,2026-05-30,東京,11,11,16,0.6667,12,
ケイアイセナ,2026-01-04,中山,11,3,14,0.1538,12,
ケイアイセナ,2026-02-22,小倉,11,1,16,0.0,2,
ケイアイセナ,2026-04-04,中山,11,5,16,0.2667,10,
ケイアイセナ,2026-06-28,函館,11,1,15,0.0,4,先行
ケイアイドリー,2026-02-01,東京,11,5,16,0.2667,16,先行
ケイアイドリー,2026-03-22,中山,11,9,16,0.5333,5,先行
ケイアイドリー,2026-06-07,阪神,11,2,16,0.0667,12,先行
ケイアイドリー,2026-07-26,中京,7,6,14,0.3846,13,先行
ケイアイブラック,2026-08-02,中京,12,9,17,0.5,12,差し
ケイアイマウンガ,2026-04-26,福島,12,1,16,0.0,6,
ケイアイマウンガ,2026-08-01,中京,10,1,16,0.0,4,
ケイアイマウンガ,2026-08-23,中京,8,2,16,0.0667,2,
ケイアイメキラ,2026-02-22,小倉,10,5,16,0.2667,6,先行
ケイアイメキラ,2026-06-27,小倉,11,6,15,0.3571,9,差し
ケイアイワイラーパ,2026-08-22,中京,10,3,12,0.1818,10,先行
ケイケイ,2026-04-05,中山,12,3,12,0.1818,10,差し
ケイケイ,2026-05-17,東京,9,4,12,0.2727,5,差し
ケイケイ,2026-05-30,東京,10,5,11,0.4,9,差し
ケイケイ,2026-07-25,新潟,6,8,15,0.5,4,差し
ケイケイ,2026-08-23,新潟,8,6,12,0.4545,7,差し
ケイズレーヴ,2026-07-19,小倉,11,9,17,0.5,12,差し
ケイズレーヴ,2026-08-16,中京,7,11,16,0.6667,12,追込
ケイツーキップ,2026-08-29,新潟,12,3,15,0.1429,9,差し
ケイツークローン,2026-05-24,新潟,9,5,14,0.3077,6,
ケイツーリーブル,2026-07-26,新潟,8,7,15,0.4286,9,差し
ケイツーリーブル,2026-08-09,中京,8,4,11,0.3,2,差し
ケイツールピア,2026-08-30,新潟,11,7,14,0.4615,6,
ケイテンアイジン,2026-08-08,中京,6,5,11,0.4,9,
ケイデンシーマーク,2026-01-18,中山,9,1,15,0.0,11,
ケブランリ,2026-05-09,東京,10,4,15,0.2143,6,先行
ケブランリ,2026-06-27,福島,9,9,16,0.5333,8,先行
ケリフレッドアスク,2026-03-07,中山,11,9,16,0.5333,8,
ケリフレッドアスク,2026-04-19,福島,11,8,16,0.4667,4,先行
ケリフレッドアスク,2026-05-17,東京,11,12,18,0.6471,14,先行
ケリフレッドアスク,2026-06-28,函館,11,5,15,0.2857,2,先行
ケリフレッドアスク,2026-08-02,札幌,11,6,14,0.3846,8,追込
ケルピー,2026-07-25,新潟,8,7,13,0.5,11,先行
ケンキョ,2026-03-14,中山,12,4,16,0.2,8,差し
ケンキョ,2026-04-18,中山,12,5,13,0.3333,10,差し
ケンキョ,2026-04-26,東京,12,8,16,0.4667,10,
ケントン,2026-01-10,中山,9,3,10,0.2222,4,先行
ケントン,2026-04-04,中山,9,1,12,0.0,1,差し
ケントン,2026-04-25,東京,11,2,18,0.0588,10,先行
ケントン,2026-05-31,東京,11,6,18,0.2941,15,
ケンフィールド,2026-07-05,小倉,12,3,16,0.1333,5,先行
ケンフィールド,2026-07-18,小倉,12,3,14,0.1538,9,先行
ケンフィールド,2026-08-15,中京,9,1,16,0.0,13,
ケーブパール,2026-03-08,阪神,10,7,14,0.4615,8,差し
ケーブパール,2026-06-14,阪神,10,8,14,0.5385,6,差し
ケーブパール,2026-08-01,中京,7,3,11,0.2,3,差し
ケーブパール,2026-08-22,新潟,6,7,18,0.3529,1,差し
ケープアグラス,2026-01-04,中山,12,4,16,0.2,5,
ケープアグラス,2026-03-14,中山,12,6,16,0.3333,14,差し
ケープアグラス,2026-06-07,東京,10,1,16,0.0,14,差し
ケープアグラス,2026-08-16,中京,8,1,16,0.0,14,先行
ケープウィッカム,2026-05-16,東京,12,2,14,0.0769,2,
ケープティアラ,2026-08-01,新潟,11,10,18,0.5294,15,差し
ケールハイム,2026-01-12,京都,12,3,18,0.1176,1,差し
ケールハイム,2026-02-28,阪神,10,7,9,0.75,4,先行
ケールハイム,2026-05-10,京都,10,4,11,0.3,6,差し
ケールハイム,2026-07-25,中京,11,3,8,0.2857,2,差し
ケーヴァラ,2026-03-14,中京,11,1,14,0.0,4,
ケーヴァラ,2026-05-10,新潟,10,7,14,0.4615,13,先行
ケーヴァラ,2026-06-14,東京,12,1,12,0.0,7,先行
ゲイルライダー,2026-03-22,阪神,12,1,13,0.0,1,
ゲイルライダー,2026-04-05,阪神,12,3,16,0.1333,4,先行
ゲイルライダー,2026-05-24,京都,10,2,14,0.0769,3,先行
ゲイルライダー,2026-07-04,福島,11,1,10,0.0,1,先行
ゲインサポート,2026-08-08,中京,9,5,9,0.5,6,
ゲキザル,2026-01-12,中山,10,8,16,0.4667,8,
ゲキザル,2026-02-28,中山,10,10,16,0.6,14,
ゲキザル,2026-05-03,京都,12,10,16,0.6,9,
ゲキザル,2026-07-04,福島,11,5,10,0.4444,8,
ゲキザル,2026-07-12,福島,10,4,11,0.3,4,
ゲキザル,2026-08-15,札幌,11,3,14,0.1538,2,
ゲクウ,2026-04-11,阪神,12,2,16,0.0667,12,
ゲクウ,2026-06-27,福島,9,6,16,0.3333,16,先行
ゲタリア,2026-07-05,小倉,12,1,16,0.0,3,先行
ゲッティヴィラ,2026-02-22,阪神,11,4,12,0.2727,7,差し
ゲッティヴィラ,2026-05-17,京都,11,6,16,0.3333,10,差し
ゲッティヴィラ,2026-07-19,福島,11,5,16,0.2667,6,
ゲルチュタール,2026-01-18,京都,11,1,13,0.0,1,先行
ゲンジ,2026-04-12,福島,9,3,13,0.1667,5,差し
ゲンジ,2026-04-26,福島,9,3,13,0.1667,7,差し
ゲンジ,2026-05-10,新潟,9,1,14,0.0,2,差し
ゲンジ,2026-06-06,東京,9,4,12,0.2727,4,
ゲンジ,2026-08-16,札幌,12,3,14,0.1538,5,差し
ゲンパチムサシ,2026-01-12,京都,10,7,16,0.4,12,差し
ゲンパチムサシ,2026-08-01,新潟,7,3,15,0.1429,12,差し
ゲンパチルーナ,2026-03-28,中山,12,8,16,0.4667,8,
ゲンパチルーナ,2026-06-27,福島,10,5,11,0.4,7,先行
ゲンパチロマン,2026-08-09,新潟,11,8,18,0.4118,18,
ゲーベル,2026-05-24,新潟,10,4,15,0.2143,8,
ゲーベル,2026-08-29,中京,6,3,13,0.1667,10,
コウギョク,2026-02-28,中山,9,6,8,0.7143,8,
コウギョク,2026-04-26,東京,11,4,13,0.25,12,
コウギョク,2026-07-18,函館,9,3,13,0.1667,6,逃げ
コウジョリョウゾク,2026-03-22,阪神,12,5,13,0.3333,10,
コウジョリョウゾク,2026-03-28,阪神,12,7,14,0.4615,12,追込
コウジョリョウゾク,2026-06-28,小倉,10,7,16,0.4,12,追込
コウセイケンタロス,2026-08-29,新潟,9,7,13,0.5,13,
コウセキ,2026-02-01,小倉,10,1,15,0.0,1,
コウセキ,2026-02-14,小倉,11,2,18,0.0588,2,
コウセキ,2026-05-03,京都,10,3,18,0.1176,9,先行
コウセキ,2026-07-18,小倉,11,1,12,0.0,1,先行
コウセキ,2026-08-09,中京,7,3,18,0.1176,18,
コカボムショット,2026-08-02,中京,12,5,17,0.25,16,差し
コガネノソラ,2026-04-19,福島,11,5,16,0.2667,1,差し
コガネノソラ,2026-06-21,東京,11,6,16,0.3333,5,差し
コガネノソラ,2026-08-02,札幌,11,6,14,0.3846,2,差し
ココソラーレ,2026-07-12,函館,12,5,8,0.5714,2,差し
ココソラーレ,2026-08-09,新潟,12,6,18,0.2941,9,差し
ココソラーレ,2026-08-30,新潟,11,2,14,0.0769,9,
ココデイック,2026-03-28,中京,9,1,9,0.0,4,差し
ココデイック,2026-08-22,札幌,12,4,11,0.3,7,差し
ココナッツブラウン,2026-01-24,小倉,11,4,18,0.1765,3,差し
ココナッツブラウン,2026-05-17,東京,11,9,18,0.4706,5,差し
ココナッツブラウン,2026-08-02,札幌,11,4,14,0.2308,1,差し
ココロザスノ,2026-08-08,中京,12,3,18,0.1176,9,先行
ココロヅヨサ,2026-06-07,阪神,12,3,12,0.1818,3,
コスタデラルス,2026-01-04,中山,12,11,16,0.6667,15,
コスタデラルス,2026-01-24,京都,12,7,11,0.6,11,追込
コスタデラルス,2026-02-15,京都,9,7,11,0.6,11,追込
コスタデラルス,2026-05-24,東京,9,9,12,0.7273,12,追込
コスタノヴァ,2026-02-22,東京,11,6,16,0.3333,1,
コスモアチーブ,2026-03-14,中京,9,2,10,0.1111,8,差し
コスモアチーブ,2026-05-24,新潟,9,5,14,0.3077,3,差し
コスモアチーブ,2026-07-04,福島,9,5,10,0.4444,4,差し
コスモアディラート,2026-01-05,中山,11,6,14,0.3846,4,
コスモアディラート,2026-02-01,東京,10,2,15,0.0714,14,先行
コスモアディラート,2026-03-29,中山,10,5,15,0.2857,12,
コスモアディラート,2026-04-26,東京,9,1,16,0.0,10,追込
コスモアディラート,2026-05-24,東京,10,1,14,0.0,14,
コスモアバンサ,2026-03-21,中山,9,5,16,0.2667,7,
コスモアバンサ,2026-05-17,新潟,10,7,15,0.4286,11,差し
コスモアミュレット,2026-08-02,新潟,11,2,14,0.0769,10,
コスモアルペジオ,2026-08-29,新潟,11,2,18,0.0588,3,差し
コスモアンソロジー,2026-01-05,京都,9,3,11,0.2,4,先行
コスモアンソロジー,2026-07-18,福島,11,3,16,0.1333,4,先行
コスモイシュタル,2026-05-02,新潟,10,5,15,0.2857,3,先行
コスモイシュタル,2026-05-24,東京,9,3,12,0.1818,3,差し
コスモイシュタル,2026-07-19,福島,10,3,12,0.1818,3,先行
コスモエクスプレス,2026-01-17,京都,9,5,10,0.4444,9,先行
コスモエスパーダ,2026-02-15,東京,9,3,16,0.1333,16,
コスモエルヴァル,2026-02-01,東京,9,7,12,0.5455,11,差し
コスモエルヴァル,2026-02-28,中山,9,3,8,0.2857,4,先行
コスモエルヴァル,2026-07-04,福島,9,1,10,0.0,8,差し
コスモオピニオン,2026-01-05,中山,10,5,11,0.4,8,先行
コスモキャバリエ,2026-03-21,中京,12,2,14,0.0769,5,差し
コスモキャバリエ,2026-04-11,福島,9,1,16,0.0,2,先行
コスモキュランダ,2026-06-14,阪神,11,1,18,0.0,4,
コスモギガンティア,2026-01-04,中山,10,6,8,0.7143,5,差し
コスモギガンティア,2026-03-08,中山,11,3,10,0.2222,6,先行
コスモギガンティア,2026-04-25,東京,11,10,18,0.5294,16,差し
コスモグラニット,2026-01-31,東京,12,1,12,0.0,11,
コスモグラニット,2026-03-01,小倉,9,9,18,0.4706,16,
コスモコンフェルマ,2026-01-12,中山,9,9,16,0.5333,11,先行
コスモコンフェルマ,2026-02-21,阪神,12,1,14,0.0,2,
コスモコンフェルマ,2026-03-22,中京,10,7,16,0.4,15,先行
コスモコンフェルマ,2026-05-30,東京,12,1,16,0.0,11,
コスモコンフェルマ,2026-08-16,新潟,8,3,13,0.1667,2,
コスモコンフェルマ,2026-08-30,新潟,6,5,15,0.2857,12,
コスモサガルマータ,2026-01-10,中山,11,10,17,0.5625,17,
コスモサガルマータ,2026-05-09,東京,9,8,12,0.6364,4,
コスモサガルマータ,2026-05-24,東京,10,9,14,0.6154,6,
コスモサガルマータ,2026-08-22,新潟,6,7,18,0.3529,16,
コスモシェルベット,2026-05-24,新潟,12,3,14,0.1538,6,先行
コスモシェルベット,2026-06-20,東京,12,2,16,0.0667,3,先行
コスモシェルベット,2026-08-29,新潟,6,7,15,0.4286,12,先行
コスモジンバック,2026-04-18,中山,10,7,13,0.5,10,
コスモストーム,2026-06-07,阪神,9,6,16,0.3333,4,差し
コスモストーム,2026-06-28,小倉,10,3,16,0.1333,3,差し
コスモストーム,2026-08-16,中京,8,6,16,0.3333,2,差し
コスモスプモーニ,2026-04-25,東京,9,1,9,0.0,9,
コスモスプモーニ,2026-08-01,新潟,6,3,12,0.1818,12,先行
コスモスプモーニ,2026-08-23,札幌,12,5,14,0.3077,8,先行
コスモナエマ,2026-06-14,函館,9,1,10,0.0,7,
コスモナエマ,2026-08-16,新潟,11,1,9,0.0,3,
コスモハナミズキ,2026-08-15,札幌,9,1,8,0.0,3,逃げ
コスモハナミズキ,2026-09-05,札幌,11,1,9,0.0,2,
コスモファーブロス,2026-08-09,札幌,9,1,16,0.0,3,先行
コスモフロイデ,2026-01-04,京都,10,2,9,0.125,8,差し
コスモフロイデ,2026-01-24,中山,11,6,18,0.2941,15,先行
コスモフロイデ,2026-02-14,京都,10,1,16,0.0,14,差し
コスモフロイデ,2026-03-08,中山,9,9,16,0.5333,15,先行
コスモブッドレア,2026-02-08,小倉,11,5,12,0.3636,11,
コスモブッドレア,2026-08-08,新潟,7,4,16,0.2,16,
コスモヘリアンサス,2026-09-05,札幌,9,3,14,0.1538,6,差し
コスモペンタス,2026-08-15,新潟,12,3,18,0.1176,10,先行
コスモマルーン,2026-01-31,小倉,10,5,16,0.2667,3,差し
コスモマルーン,2026-02-22,小倉,10,6,16,0.3333,9,差し
コスモマルーン,2026-03-28,中山,12,3,16,0.1333,5,
コスモマルーン,2026-06-27,福島,10,5,11,0.4,8,差し
コスモメイウェザー,2026-07-26,新潟,10,9,14,0.6154,12,追込
コスモレオナルド,2026-03-01,小倉,9,1,18,0.0,6,差し
コズミックダンサー,2026-06-13,東京,9,1,14,0.0,2,
コズミックフレア,2026-08-16,中京,10,6,16,0.3333,4,
コズミックボックス,2026-03-21,中山,11,4,16,0.2,14,先行
コックオーヴァン,2026-08-30,札幌,10,6,16,0.3333,16,先行
コックピットサイト,2026-05-30,京都,11,10,16,0.6,16,先行
コッツォリーノ,2026-04-11,中山,9,1,7,0.0,2,先行
コッツォリーノ,2026-06-21,函館,12,4,10,0.3333,1,先行
コッツォリーノ,2026-07-12,函館,9,8,14,0.5385,14,先行
コッレヴェッキオ,2026-07-25,新潟,8,5,13,0.3333,9,差し
コト,2026-08-29,中京,7,4,15,0.2143,11,先行
コトブキヘスペラス,2026-07-26,新潟,9,5,14,0.3077,8,差し
コトホドサヨウニ,2026-02-01,小倉,11,4,15,0.2143,1,先行
コトホドサヨウニ,2026-04-11,福島,11,6,15,0.3571,8,先行
コトホドサヨウニ,2026-07-18,函館,11,7,13,0.5,13,
コニーアイランド,2026-03-01,阪神,11,6,15,0.3571,13,差し
コパノアルベール,2026-03-29,阪神,9,5,15,0.2857,15,
コパノエビータ,2026-03-22,中山,12,8,16,0.4667,13,
コパノエビータ,2026-05-17,東京,10,7,15,0.4286,10,
コパノエビータ,2026-06-07,東京,12,3,16,0.1333,14,
コパノエビータ,2026-06-28,函館,10,5,11,0.4,5,
コパノエビータ,2026-08-30,新潟,6,6,15,0.3571,10,
コパノサントス,2026-05-10,東京,10,2,12,0.0909,12,差し
コパノサントス,2026-05-24,京都,11,9,13,0.6667,10,差し
コパノサントス,2026-07-19,小倉,11,7,17,0.375,14,差し
コパノシチリア,2026-08-22,札幌,9,1,14,0.0,6,逃げ
コパノトーマス,2026-05-09,新潟,9,6,14,0.3846,5,差し
コパノハンプトン,2026-04-11,中山,10,8,13,0.5833,12,差し
コパノヴィンセント,2026-03-14,中京,11,8,14,0.5385,14,先行
コパノヴィンセント,2026-04-04,中山,12,1,16,0.0,1,差し
コヒロ,2026-07-04,小倉,12,5,12,0.3636,12,先行
コブラ,2026-01-12,中山,10,9,16,0.5333,6,差し
コブラ,2026-02-28,中山,10,6,16,0.3333,11,差し
コブラ,2026-05-17,東京,12,9,16,0.5333,7,差し
コブラ,2026-06-13,東京,10,5,16,0.2667,11,差し
コマチチャン,2026-06-06,阪神,12,5,16,0.2667,13,追込
コマチチャン,2026-08-23,中京,8,5,16,0.2667,14,追込
コムユンプリュム,2026-01-11,中山,9,2,13,0.0833,2,先行
コムユンプリュム,2026-03-21,中山,9,3,16,0.1333,9,先行
コムユンプリュム,2026-06-14,東京,9,1,11,0.0,1,先行
コムルヴァン,2026-06-20,函館,12,8,11,0.7,10,
コモンスナイプ,2026-06-20,函館,9,5,12,0.3636,4,先行
コモンスナイプ,2026-07-05,函館,12,3,10,0.2222,3,先行
コモンスナイプ,2026-07-19,函館,12,5,14,0.3077,5,差し
コラルリーフ,2026-03-07,阪神,11,7,18,0.3529,10,差し
コリカンチャ,2026-03-21,阪神,9,1,8,0.0,7,差し
コリカンチャ,2026-04-19,福島,10,7,13,0.5,11,
コリカンチャ,2026-07-12,小倉,10,5,11,0.4,4,差し
コリカンチャ,2026-07-26,中京,6,1,10,0.0,3,
コリカンチャ,2026-08-29,札幌,11,7,14,0.4615,10,
コルテオソレイユ,2026-03-22,中京,9,4,10,0.3333,2,差し
コルテオソレイユ,2026-06-28,福島,11,2,16,0.0667,8,先行
コルドンブルー,2026-04-25,京都,9,6,16,0.3333,3,差し
コルドンブルー,2026-07-25,新潟,6,8,15,0.5,5,差し
コルドンブルー,2026-08-23,中京,6,4,14,0.2308,7,差し
コルレオニス,2026-02-10,京都,9,6,13,0.4167,4,先行
コルレオニス,2026-05-09,東京,9,4,12,0.2727,5,先行
コルレオニス,2026-06-14,阪神,10,2,14,0.0769,3,先行
コルレオニス,2026-08-09,新潟,6,2,13,0.0833,10,先行
コルレオニス,2026-09-05,阪神,10,1,7,0.0,1,先行
コルヴィル,2026-05-16,東京,12,3,14,0.1538,5,差し
コレオシークエンス,2026-02-10,京都,11,1,9,0.0,4,
コレオシークエンス,2026-03-21,阪神,11,2,12,0.0909,4,
コレデヨカロウ,2026-03-21,阪神,11,7,12,0.5455,12,
コレペティトール,2026-01-04,京都,11,10,18,0.5294,14,差し
コロナドブリッジ,2026-03-21,阪神,11,1,12,0.0,8,
コロナドブリッジ,2026-05-02,京都,11,1,12,0.0,7,
コロナドブリッジ,2026-06-28,福島,11,2,16,0.0667,15,
コワンニシタガウ,2026-09-05,札幌,9,5,14,0.3077,9,差し
コンアフェット,2026-07-26,新潟,8,4,15,0.2143,10,差し
コンクイスタ,2026-02-22,阪神,11,3,12,0.1818,1,差し
コンクイスタ,2026-04-19,中山,10,3,15,0.1429,2,差し
コンクイスタ,2026-06-07,阪神,11,4,16,0.2,4,先行
コンクイスタ,2026-08-16,新潟,7,4,15,0.2143,4,先行
コンクシェル,2026-02-28,阪神,11,3,16,0.1333,16,
コンゴウフジ,2026-08-16,中京,12,4,16,0.2,4,先行
コンジェスタス,2026-05-09,京都,11,4,16,0.2,1,先行
コンジェスタス,2026-05-31,東京,11,5,18,0.2353,9,先行
コンストラクション,2026-05-17,新潟,12,5,11,0.4,11,差し
コンティオ,2026-03-22,中山,12,3,16,0.1333,7,先行
コンティノアール,2026-01-10,京都,11,2,16,0.0667,16,
コンテナライン,2026-08-29,中京,9,6,9,0.625,9,
コンテネレッツア,2026-06-20,東京,10,8,14,0.5385,13,
コンテネレッツア,2026-08-23,新潟,8,4,12,0.2727,5,
コントラポスト,2026-06-13,東京,11,3,13,0.1667,5,差し
コントラポスト,2026-07-12,福島,11,3,16,0.1333,9,差し
コンドゥイア,2026-01-11,中山,9,1,13,0.0,1,先行
コンドゥイア,2026-03-28,中京,11,1,16,0.0,14,
コンドゥイア,2026-04-19,福島,11,4,16,0.2,15,先行
コンドゥイア,2026-05-23,京都,10,4,16,0.2,13,先行
コンドゥイア,2026-07-18,福島,11,1,16,0.0,5,先行
コンパクトファイト,2026-08-30,新潟,12,9,15,0.5714,14,差し
コンフィグシス,2026-08-08,新潟,12,4,15,0.2143,10,
コンフェルマ,2026-07-26,中京,6,4,10,0.3333,5,差し
コンフォルツァ,2026-05-02,新潟,10,6,15,0.3571,2,差し
コンフォルツァ,2026-05-17,新潟,10,4,15,0.2143,3,差し
コンフォルツァ,2026-06-07,東京,9,3,8,0.2857,2,差し
コンフォルツァ,2026-08-01,新潟,6,4,12,0.2727,2,差し
コンヴァージョン,2026-09-05,中山,9,2,15,0.0714,7,差し
コーカサスゴールド,2026-03-22,中京,10,1,16,0.0,2,先行
コーカサスゴールド,2026-04-25,東京,12,2,13,0.0833,1,逃げ
コースタルロード,2026-07-26,中京,12,3,15,0.1429,6,差し
コーチェラバレー,2026-01-18,京都,11,4,13,0.25,6,差し
コーチェラバレー,2026-03-29,阪神,10,3,11,0.2,3,差し
コーチェラバレー,2026-07-26,札幌,11,2,13,0.0833,9,差し
コーディアリー,2026-09-05,中山,9,3,15,0.1429,12,差し
コートアリシアン,2026-01-18,中山,9,5,15,0.2857,2,差し
コートアリシアン,2026-03-14,中山,10,3,16,0.1333,5,差し
コートアリシアン,2026-04-26,東京,9,7,16,0.4,3,差し
コートアリシアン,2026-05-24,東京,10,3,14,0.1538,2,差し
コートアリシアン,2026-07-25,新潟,7,4,17,0.1875,4,差し
コートアリシアン,2026-08-22,新潟,6,6,18,0.2941,5,差し
コーラルクラウン,2026-03-29,中京,12,3,16,0.1333,1,
コーラルクラウン,2026-05-17,東京,12,4,16,0.2,11,先行
コーリンカルベラ,2026-03-28,中山,12,6,16,0.3333,7,
コーリンカルベラ,2026-04-12,中山,9,7,12,0.5455,5,差し
コーリンカルベラ,2026-05-02,東京,12,8,14,0.5385,6,差し
コーリンカルベラ,2026-05-17,東京,10,9,15,0.5714,7,差し
コーリンカルベラ,2026-08-16,新潟,8,8,13,0.5833,7,差し
コールリッジ,2026-07-26,新潟,12,3,15,0.1429,4,
コールリッジ,2026-08-15,新潟,10,8,15,0.5,15,先行
ゴイゴイスー,2026-05-02,京都,10,7,12,0.5455,9,差し
ゴイゴイスー,2026-05-16,京都,12,7,15,0.4286,13,差し
ゴガツノアマノガワ,2026-06-14,函館,9,5,10,0.4444,10,先行
ゴキゲンサン,2026-01-17,京都,12,5,18,0.2353,17,先行
ゴキゲンサン,2026-04-11,福島,10,8,16,0.4667,10,
ゴキゲンサン,2026-06-14,函館,11,9,16,0.5333,14,
ゴキゲンサン,2026-06-28,函館,12,9,14,0.6154,14,
ゴキゲンサン,2026-07-05,函館,9,6,16,0.3333,15,差し
ゴットタレント,2026-07-26,新潟,10,7,14,0.4615,8,
ゴットランド,2026-03-28,中京,9,1,9,0.0,6,
ゴットランド,2026-08-29,新潟,6,5,15,0.2857,10,
ゴッドアイ,2026-08-08,中京,12,4,18,0.1765,1,先行
ゴッドエスパーダ,2026-01-11,京都,9,3,10,0.2222,5,先行
ゴッドエスパーダ,2026-05-31,京都,9,4,10,0.3333,1,先行
ゴッドエスパーダ,2026-08-30,中京,6,2,16,0.0667,4,先行
ゴッドブルービー,2026-02-21,小倉,11,3,13,0.1667,4,先行
ゴッドブルービー,2026-05-03,京都,12,4,16,0.2,6,先行
ゴッドブルービー,2026-06-27,小倉,11,3,15,0.1429,1,先行
ゴッドブルービー,2026-07-12,小倉,11,5,11,0.4,5,差し
ゴッドブルービー,2026-09-05,阪神,11,4,12,0.2727,1,差し
ゴッドレイ,2026-08-02,新潟,12,6,17,0.3125,4,先行
ゴッドヴァレー,2026-01-24,小倉,12,5,15,0.2857,6,
ゴディアーモ,2026-03-21,中山,11,6,16,0.3333,7,
ゴディアーモ,2026-09-05,中山,9,2,15,0.0714,10,先行
ゴバド,2026-02-14,東京,11,10,16,0.6,13,差し
ゴバド,2026-04-26,東京,11,6,13,0.4167,7,差し
ゴバド,2026-08-02,新潟,8,4,14,0.2308,6,追込
ゴメンネジロー,2026-06-06,阪神,12,6,16,0.3333,15,差し
ゴルデールスカー,2026-03-14,阪神,12,3,8,0.2857,4,先行
ゴルデールスカー,2026-06-06,阪神,10,2,12,0.0909,10,先行
ゴルデールスカー,2026-07-25,中京,6,6,16,0.3333,7,先行
ゴルトリッチ,2026-02-01,小倉,10,7,15,0.4286,7,
ゴルトリッチ,2026-02-28,阪神,12,9,18,0.4706,10,差し
ゴルトリッチ,2026-03-14,阪神,9,6,15,0.3571,9,差し
ゴルトリッチ,2026-06-27,福島,9,8,16,0.4667,14,差し
ゴルトレオパルト,2026-06-28,福島,12,8,14,0.5385,13,追込
ゴンタ,2026-08-08,中京,8,4,12,0.2727,4,差し
ゴンタ,2026-08-22,中京,10,2,12,0.0909,5,差し
ゴンバデカーブース,2026-01-12,中山,11,9,14,0.6154,7,差し
ゴンバデカーブース,2026-05-24,京都,11,8,13,0.5833,9,追込
ゴンバデカーブース,2026-08-08,新潟,7,1,16,0.0,2,追込
ゴンファロニエーレ,2026-08-29,新潟,9,1,13,0.0,2,先行
ゴヴェルナーレリコ,2026-05-30,東京,12,1,16,0.0,9,差し
ゴーイントゥスカイ,2026-02-10,京都,11,5,9,0.5,6,先行
ゴーイントゥスカイ,2026-04-25,東京,11,5,18,0.2353,1,差し
ゴーイントゥスカイ,2026-05-31,東京,11,7,18,0.3529,4,差し
ゴーゴータカシ,2026-02-22,小倉,9,4,12,0.2727,3,差し
ゴーゴータカシ,2026-03-07,中山,12,6,16,0.3333,7,差し
ゴーゴータカシ,2026-03-21,中京,12,9,14,0.6154,7,差し
ゴーゴータカシ,2026-05-09,新潟,10,1,13,0.0,2,差し
ゴーゴータカシ,2026-06-28,函館,9,1,10,0.0,3,差し
ゴーゴータカシ,2026-07-04,函館,9,5,9,0.5,5,差し
ゴーゴータカシ,2026-07-18,函館,9,2,13,0.0833,9,先行
ゴーゴータカシ,2026-08-09,札幌,12,5,8,0.5714,8,
ゴーゴーパンチ,2026-06-13,東京,12,5,16,0.2667,4,差し
ゴーゴーパンチ,2026-08-30,新潟,12,5,15,0.2857,6,差し
ゴージャス,2026-01-10,京都,12,6,18,0.2941,10,差し
ゴージャス,2026-03-14,中京,12,4,18,0.1765,10,差し
ゴージャス,2026-07-26,中京,9,5,14,0.3077,13,差し
ゴージャス,2026-08-08,中京,11,4,12,0.2727,9,差し
ゴージョニーゴー,2026-02-21,小倉,10,7,16,0.4,9,差し
ゴージョニーゴー,2026-03-21,阪神,9,1,8,0.0,8,追込
ゴーソーファー,2026-05-23,東京,12,8,16,0.4667,15,
ゴーソーファー,2026-07-19,福島,10,6,12,0.4545,12,差し
ゴートゥファースト,2026-02-14,京都,11,1,14,0.0,6,差し
ゴートゥファースト,2026-05-30,東京,11,6,16,0.3333,16,差し
ゴートゥファースト,2026-08-08,新潟,7,5,16,0.2667,10,差し
ゴーラッキー,2026-04-11,中山,11,4,15,0.2143,6,先行
ゴーラッキー,2026-06-07,東京,9,1,8,0.0,1,差し
ゴールデンエール,2026-04-04,阪神,12,7,15,0.4286,14,差し
ゴールデンエール,2026-04-26,東京,12,7,16,0.4,16,差し
ゴールデンオスカー,2026-01-31,東京,9,7,16,0.4,12,差し
ゴールデンオスカー,2026-05-03,京都,12,3,16,0.1333,15,差し
ゴールデンオスカー,2026-08-01,中京,6,10,16,0.6,11,差し
ゴールデンカイト,2026-06-21,東京,9,7,16,0.4,4,先行
ゴールデンクラウド,2026-02-15,京都,10,2,10,0.1111,2,先行
ゴールデンクラウド,2026-03-29,中京,10,1,14,0.0,1,先行
ゴールデンクラウド,2026-06-13,阪神,11,2,16,0.0667,6,
ゴールデンステップ,2026-08-02,中京,9,2,9,0.125,2,先行
ゴールデンスナップ,2026-05-10,東京,10,2,12,0.0909,6,差し
ゴールデンスラム,2026-07-05,小倉,12,5,16,0.2667,10,差し
ゴールデンドラゴン,2026-08-16,中京,12,10,16,0.6,3,差し
ゴールデンバランス,2026-07-04,小倉,10,4,12,0.2727,4,
ゴールデンパゴーダ,2026-03-15,阪神,9,2,7,0.1667,6,先行
ゴールデンパゴーダ,2026-06-20,函館,10,1,8,0.0,1,先行
ゴールデンパゴーダ,2026-07-05,函館,10,3,11,0.2,11,
ゴールデンパゴーダ,2026-08-15,新潟,6,4,14,0.2308,7,先行
ゴールドアベニュー,2026-08-16,中京,9,6,18,0.2941,9,
ゴールドアローン,2026-01-04,中山,9,3,11,0.2,2,差し
ゴールドアローン,2026-03-07,中山,10,4,13,0.25,10,差し
ゴールドアローン,2026-05-02,新潟,11,3,15,0.1429,4,差し
ゴールドアローン,2026-06-28,福島,10,3,11,0.2,2,差し
ゴールドアーチ,2026-08-15,中京,12,2,16,0.0667,1,
ゴールドサーベル,2026-01-31,小倉,11,7,18,0.3529,10,追込
ゴールドサーベル,2026-04-19,阪神,10,6,13,0.4167,13,追込
ゴールドサーベル,2026-06-21,函館,11,5,15,0.2857,12,追込
ゴールドサーベル,2026-07-04,函館,11,10,16,0.6,15,差し
ゴールドサーベル,2026-07-25,札幌,11,7,12,0.5455,9,追込
ゴールドシャーク,2026-05-16,東京,12,1,14,0.0,14,先行
ゴールドシャーク,2026-08-02,新潟,10,5,14,0.3077,14,逃げ
ゴールドシーン,2026-01-24,中山,12,5,12,0.3636,2,差し
ゴールドシーン,2026-08-22,新潟,10,3,15,0.1429,13,
ゴールドジェスター,2026-04-26,福島,9,5,13,0.3333,9,差し
ゴールドスター,2026-06-06,東京,10,10,17,0.5625,16,差し
ゴールドスター,2026-07-25,新潟,6,7,15,0.4286,10,差し
ゴールドダイアー,2026-01-24,京都,10,5,15,0.2857,11,差し
ゴールドダイアー,2026-03-15,阪神,10,7,14,0.4615,5,差し
ゴールドダイアー,2026-04-12,阪神,12,3,13,0.1667,7,差し
ゴールドダイアー,2026-05-16,京都,10,1,15,0.0,15,差し
ゴールドハンマー,2026-04-25,福島,11,5,12,0.3636,7,差し
ゴールドハンマー,2026-06-06,東京,11,3,15,0.1429,15,差し
ゴールドパレード,2026-08-01,新潟,12,5,17,0.25,7,先行
ゴールドブリーズ,2026-08-08,中京,9,2,9,0.125,4,逃げ
ゴールドブレイズ,2026-06-20,函館,12,3,11,0.2,3,先行
ゴールドブレイズ,2026-07-04,函館,12,1,7,0.0,3,
ゴールドブレイズ,2026-08-22,札幌,12,2,11,0.1,10,
ゴールドブレス,2026-03-21,中京,12,6,14,0.3846,4,
ゴールドプレイヤー,2026-08-01,新潟,10,3,14,0.1538,3,先行
サイコウダネ,2026-05-03,新潟,12,4,15,0.2143,12,先行
サイコウダネ,2026-05-24,新潟,9,3,14,0.1538,13,逃げ
サイモンイロハニー,2026-06-20,函館,10,3,8,0.2857,7,追込
サイモンイロハニー,2026-08-15,札幌,12,9,14,0.6154,12,差し
サイモンカーチス,2026-01-10,中山,12,8,16,0.4667,10,差し
サイモンコーラル,2026-01-10,京都,9,2,8,0.1429,5,差し
サイモンコーラル,2026-01-31,小倉,10,9,16,0.5333,15,差し
サイモンコーラル,2026-03-14,中京,11,6,14,0.3846,11,差し
サイモンザナドゥ,2026-02-22,東京,11,5,16,0.2667,15,差し
サイモンザナドゥ,2026-04-18,阪神,11,9,16,0.5333,14,差し
サイモンザナドゥ,2026-05-23,京都,11,5,16,0.2667,6,差し
サイモンザナドゥ,2026-08-02,中京,7,3,9,0.25,3,差し
サイモンシャリオ,2026-04-18,福島,9,3,9,0.25,3,差し
サイモンシャリオ,2026-05-16,京都,9,5,10,0.4444,6,
サイモンシャリオ,2026-06-28,福島,11,3,16,0.1333,6,差し
サイモンシャリオ,2026-07-25,中京,8,3,8,0.2857,6,差し
サイモンシュバリエ,2026-05-09,京都,12,2,13,0.0833,3,
サイモンシュバリエ,2026-07-19,小倉,10,3,16,0.1333,7,
サイモンセレーノ,2026-08-08,新潟,9,2,15,0.0714,4,先行
サイモンゼスト,2026-05-02,京都,11,7,12,0.5455,12,
サイモンゼスト,2026-07-05,小倉,12,1,16,0.0,2,
サイモンゼスト,2026-07-25,中京,10,1,12,0.0,2,
サイモンゼスト,2026-08-22,中京,8,1,10,0.0,1,
サイモンソーラン,2026-01-05,中山,9,8,12,0.6364,8,差し
サイモンソーラン,2026-02-15,東京,12,9,16,0.5333,11,差し
サイモンノーブル,2026-08-30,中京,10,4,10,0.3333,6,
サイモンブーケ,2026-01-31,京都,11,6,13,0.4167,12,
サイモンブーケ,2026-03-21,中山,10,6,13,0.4167,9,
サイモンブーケ,2026-05-02,新潟,11,9,15,0.5714,13,
サイモンプレジール,2026-03-21,中山,12,9,16,0.5333,13,差し
サイモンプレジール,2026-05-03,新潟,12,9,15,0.5714,13,差し
サイモンルモンド,2026-01-11,京都,9,7,10,0.6667,10,追込
サイモンルモンド,2026-02-01,京都,9,5,11,0.4,8,追込
サイモンルモンド,2026-02-28,中山,12,8,16,0.4667,14,
サイモンルモンド,2026-03-14,中京,11,6,14,0.3846,13,追込
サイモンルモンド,2026-06-13,東京,9,7,14,0.4615,13,追込
サイモンルモンド,2026-06-20,東京,9,8,10,0.7778,10,追込
サイルーン,2026-03-01,中山,11,5,14,0.3077,7,差し
サイルーン,2026-04-04,中山,11,8,16,0.4667,2,差し
サイルーン,2026-06-21,阪神,11,6,18,0.2941,14,差し
サイルーン,2026-09-05,中山,11,6,16,0.3333,5,差し
サイレントグルーヴ,2026-05-23,新潟,10,1,15,0.0,10,差し
サイン,2026-04-18,福島,9,3,9,0.25,6,差し
サイン,2026-07-11,函館,9,3,10,0.2222,5,差し
サイン,2026-08-23,札幌,9,1,13,0.0,8,先行
サウザンサニー,2026-02-15,小倉,11,7,18,0.3529,12,差し
サウザンサニー,2026-04-12,中山,11,7,16,0.4,15,差し
サウザンサニー,2026-06-27,函館,11,8,14,0.5385,7,
サウザンサニー,2026-08-09,札幌,11,7,16,0.4,10,
サウジバラード,2026-08-29,新潟,6,3,15,0.1429,13,先行
サウスバンク,2026-03-01,中山,10,2,15,0.0714,8,
サウスバンク,2026-03-21,阪神,10,1,16,0.0,3,逃げ
サウスバンク,2026-05-03,京都,10,1,18,0.0,2,
サウスバンク,2026-07-04,函館,11,1,16,0.0,10,
サウスバンク,2026-07-25,札幌,11,2,12,0.0909,3,
サウンドアレグリア,2026-01-18,中山,10,3,16,0.1333,12,先行
サウンドサンライズ,2026-06-14,函館,9,2,10,0.1111,4,差し
サウンドムーブ,2026-01-12,京都,11,5,16,0.2667,2,先行
サウンドムーブ,2026-03-15,中山,11,6,16,0.3333,4,差し
サウンドムーブ,2026-04-19,中山,11,3,18,0.1176,6,差し
サウンドムーブ,2026-07-04,小倉,11,5,14,0.3077,2,差し
サウンドムーブ,2026-09-05,阪神,10,4,7,0.5,3,差し
サウンドモリアーナ,2026-03-29,中山,10,1,15,0.0,1,差し
サウンドモリアーナ,2026-04-26,福島,11,2,16,0.0667,1,
サウンドモリアーナ,2026-07-05,小倉,11,2,13,0.0833,6,差し
サウンドモリアーナ,2026-08-23,札幌,11,1,16,0.0,1,
サウンドルーチェ,2026-07-26,札幌,9,5,8,0.5714,5,
サガルマータ,2026-04-25,東京,11,7,18,0.3529,6,先行
サガルマータ,2026-08-30,中京,8,6,15,0.3571,10,差し
サキドリトッケン,2026-03-01,阪神,11,6,15,0.3571,11,差し
サク,2026-01-18,京都,12,3,10,0.2222,1,差し
サクセスアイ,2026-04-05,阪神,10,5,18,0.2353,8,先行
サクセスアイ,2026-05-31,京都,12,9,18,0.4706,9,先行
サクセスアイ,2026-08-30,札幌,11,4,14,0.2308,6,差し
サクセスカラー,2026-05-23,東京,10,7,16,0.4,5,差し
サクセスカラー,2026-06-20,東京,10,7,14,0.4615,12,追込
サクセスカラー,2026-09-05,中山,10,7,13,0.5,6,追込
サクセスローレル,2026-04-04,阪神,10,7,16,0.4,8,差し
サクセスローレル,2026-06-20,阪神,11,5,15,0.2857,11,差し
サクソンジェンヌ,2026-03-01,小倉,11,2,17,0.0625,4,
サクソンジェンヌ,2026-04-19,中山,12,4,18,0.1765,4,先行
サクソンジェンヌ,2026-05-23,京都,10,2,16,0.0667,6,逃げ
サクソンジェンヌ,2026-06-20,阪神,10,3,18,0.1176,1,先行
サクラアドリア,2026-03-01,小倉,9,5,18,0.2353,10,差し
サクラアドリア,2026-09-05,札幌,9,6,14,0.3846,11,差し
サクラオーラ,2026-02-01,京都,12,3,7,0.3333,3,先行
サクラオーラ,2026-03-28,中京,12,5,16,0.2667,7,先行
サクラオーラ,2026-04-25,京都,12,4,11,0.3,5,先行
サクラオーラ,2026-08-08,中京,6,3,11,0.2,6,
サクラオーラ,2026-08-29,中京,8,9,14,0.6154,12,先行
サクラトゥジュール,2026-02-10,東京,11,6,16,0.3333,9,差し
サクラトゥジュール,2026-02-22,東京,11,5,16,0.2667,13,差し
サクラトゥジュール,2026-06-07,東京,11,7,17,0.375,15,差し
サクラトップリアル,2026-05-03,東京,10,11,16,0.6667,16,先行
サクラトップリアル,2026-07-05,福島,11,8,15,0.5,15,差し
サクラファレル,2026-02-22,東京,10,2,14,0.0769,1,逃げ
サクラファレル,2026-05-09,東京,11,1,17,0.0,5,
サクラファレル,2026-08-16,札幌,11,2,16,0.0667,2,
サザンウォリアー,2026-06-21,東京,9,12,16,0.7333,16,差し
サザンエルフ,2026-01-12,中山,10,4,16,0.2,3,
サザンエルフ,2026-02-28,中山,10,5,16,0.2667,6,
サザンエルフ,2026-04-25,福島,11,4,12,0.2727,8,
サザンエルフ,2026-05-24,京都,10,1,14,0.0,11,
サザンティスプーン,2026-08-22,新潟,10,6,15,0.3571,6,
サザーランド,2026-01-18,京都,9,4,16,0.2,12,
サスツルギ,2026-02-21,東京,11,8,15,0.5,12,差し
サタデーサンライズ,2026-02-15,京都,9,4,11,0.3,4,差し
サタデーサンライズ,2026-06-13,函館,10,1,16,0.0,8,追込
サタデーサンライズ,2026-07-12,函館,9,3,14,0.1538,4,先行
サタデーサンライズ,2026-08-01,札幌,9,3,7,0.3333,1,先行
サダムオプシス,2026-05-10,京都,9,6,13,0.4167,5,差し
サダムオプシス,2026-06-20,阪神,10,7,18,0.3529,4,差し
サダムオプシス,2026-07-25,中京,7,1,11,0.0,2,追込
サダムオプシス,2026-08-30,新潟,7,7,12,0.5455,4,差し
サダメ,2026-01-04,京都,12,7,12,0.5455,10,差し
サダメ,2026-02-28,阪神,12,9,18,0.4706,9,先行
サダメ,2026-03-28,阪神,10,4,11,0.3,5,差し
サダメ,2026-04-18,阪神,10,2,9,0.125,8,差し
サツキノジョウ,2026-03-22,中山,12,4,16,0.2,3,差し
サツキノジョウ,2026-04-04,中山,10,4,15,0.2143,8,差し
サディーク,2026-02-28,小倉,12,2,18,0.0588,3,
サディーク,2026-03-15,中京,12,3,18,0.1176,2,先行
サディーク,2026-06-27,小倉,10,6,13,0.4167,6,先行
サディーク,2026-07-11,小倉,10,6,18,0.2941,3,先行
サトノアイボリー,2026-02-10,京都,11,4,9,0.375,8,差し
サトノアイボリー,2026-05-16,京都,9,4,10,0.3333,9,
サトノアイボリー,2026-08-09,中京,6,1,7,0.0,2,先行
サトノアルペジオ,2026-03-29,中京,12,7,16,0.4,10,先行
サトノアルペジオ,2026-05-30,東京,9,9,16,0.5333,10,先行
サトノエスケープ,2026-08-30,新潟,12,3,15,0.1429,2,先行
サトノエピック,2026-02-28,阪神,11,5,16,0.2667,13,先行
サトノカスターニャ,2026-08-09,札幌,9,8,16,0.4667,9,
サトノカルナバル,2026-02-14,京都,11,3,14,0.1538,12,差し
サトノガレオン,2026-03-28,中山,9,3,16,0.1333,3,
サトノガレオン,2026-05-17,東京,12,4,16,0.2,2,
サトノクローク,2026-03-01,小倉,11,5,17,0.25,6,差し
サトノクローク,2026-04-12,阪神,10,6,15,0.3571,13,差し
サトノクローク,2026-05-10,京都,9,1,13,0.0,2,差し
サトノクローク,2026-06-20,阪神,10,1,18,0.0,10,差し
サトノクローク,2026-07-25,中京,7,3,11,0.2,6,先行
サトノグランツ,2026-01-18,京都,11,4,13,0.25,10,差し
サトノシャイニング,2026-08-16,中京,7,6,16,0.3333,3,先行
サトノシャムロック,2026-08-02,新潟,9,6,15,0.3571,12,
サトノシュトラーセ,2026-01-04,京都,9,4,13,0.25,11,先行
サトノシュトラーセ,2026-03-15,中山,9,4,11,0.3,7,先行
サトノジール,2026-01-24,中山,12,8,12,0.6364,12,差し
サトノスカイターフ,2026-01-31,京都,10,4,8,0.4286,6,差し
サトノスカイターフ,2026-02-14,東京,9,7,8,0.8571,8,差し
サトノスカイターフ,2026-04-11,阪神,9,1,8,0.0,4,差し
サトノスカイターフ,2026-06-28,小倉,9,3,8,0.2857,7,差し
サトノセプター,2026-02-14,京都,9,4,11,0.3,7,差し
サトノセプター,2026-04-04,阪神,11,4,14,0.2308,13,差し
サトノソティラス,2026-03-01,阪神,9,2,9,0.125,4,先行
サトノソティラス,2026-03-21,阪神,9,2,8,0.1429,2,先行
サトノソティラス,2026-05-17,京都,9,4,10,0.3333,3,
サトノソティラス,2026-07-11,福島,9,1,15,0.0,1,
サトノディヴァイン,2026-08-16,中京,12,7,16,0.4,11,追込
サトノディヴァイン,2026-08-23,中京,10,5,14,0.3077,5,
サトノトルネード,2026-01-12,中山,9,6,16,0.3333,16,先行
サトノトルネード,2026-07-11,福島,9,2,15,0.0714,12,先行
サトノドルチェ,2026-08-01,中京,9,5,10,0.4444,8,先行
サトノドルチェ,2026-08-23,中京,9,4,8,0.4286,4,差し
サトノパトリオット,2026-08-30,新潟,7,4,12,0.2727,6,先行
サトノビーツ,2026-08-22,新潟,10,7,15,0.4286,15,
サトノフェンサー,2026-08-02,新潟,9,7,15,0.4286,13,差し
サトノブリジャール,2026-07-05,小倉,9,5,8,0.5714,7,差し
サトノラポール,2026-01-31,東京,12,1,12,0.0,10,差し
サトノラポール,2026-04-11,福島,9,4,16,0.2,7,先行
サトノラポール,2026-05-09,新潟,10,5,13,0.3333,3,差し
サトノラポール,2026-05-24,新潟,9,6,14,0.3846,8,差し
サトノラポール,2026-08-02,新潟,9,3,15,0.1429,4,差し
サトノラポール,2026-08-29,新潟,6,6,15,0.3571,9,差し
サトノリシャール,2026-03-15,阪神,9,3,7,0.3333,5,差し
サトノリシャール,2026-04-04,阪神,9,3,9,0.25,6,差し
サトノレーヴ,2026-03-29,中京,11,6,18,0.2941,1,先行
サトノワーグナー,2026-08-30,札幌,10,3,16,0.1333,1,先行
サトノヴァンクル,2026-02-15,東京,11,6,9,0.625,9,差し
サトノヴィレ,2026-06-21,東京,10,8,16,0.4667,13,差し
サトノヴィレ,2026-08-09,新潟,6,1,13,0.0,3,差し
サトノヴィレ,2026-08-22,新潟,6,3,18,0.1176,14,差し
サトミノエンジェル,2026-02-21,阪神,12,3,14,0.1538,1,
サトミノエンジェル,2026-04-18,中山,10,6,13,0.4167,8,
サトミノエンジェル,2026-07-12,福島,10,3,11,0.2,5,
サトミノキラリ,2026-02-01,東京,10,7,15,0.4286,5,差し
サトミノキラリ,2026-03-29,中山,10,6,15,0.3571,11,差し
サトミノキラリ,2026-04-26,東京,9,11,16,0.6667,8,追込
サトミノキラリ,2026-05-24,東京,10,9,14,0.6154,7,差し
サノノグレーター,2026-02-15,東京,11,5,9,0.5,6,差し
サノノグレーター,2026-03-15,中山,11,6,16,0.3333,5,差し
サノノグレーター,2026-04-19,中山,11,5,18,0.2353,9,差し
サノノグレーター,2026-06-28,福島,11,4,16,0.2,1,差し
サノノワンダー,2026-01-05,中山,9,3,12,0.1818,2,差し
サノノワンダー,2026-05-30,京都,10,6,16,0.3333,15,差し
サパテアール,2026-05-03,京都,9,5,9,0.5,8,
サパテアール,2026-06-06,阪神,10,4,12,0.2727,8,差し
サフィラ,2026-02-15,京都,11,4,12,0.2727,5,差し
サフィラ,2026-03-15,中京,11,8,14,0.5385,9,差し
サフィラ,2026-05-16,新潟,11,5,15,0.2857,13,差し
サフィラ,2026-07-19,小倉,11,5,17,0.25,11,差し
サフランヒーロー,2026-01-10,京都,11,1,16,0.0,14,先行
サフランヒーロー,2026-05-03,新潟,11,6,15,0.3571,15,先行
サフランヒーロー,2026-05-17,京都,11,10,16,0.6,16,
サフランヒーロー,2026-08-16,新潟,7,9,15,0.5714,10,先行
サフランルージュ,2026-05-02,東京,10,5,11,0.4,10,差し
サフランルージュ,2026-07-12,福島,9,4,14,0.2308,6,差し
サフランルージュ,2026-08-01,新潟,8,5,13,0.3333,5,差し
サブマリーナ,2026-01-18,京都,11,8,13,0.5833,9,差し
サブマリーナ,2026-03-08,阪神,11,6,12,0.4545,2,差し
サブマリーナ,2026-05-09,東京,11,4,17,0.1875,11,差し
サベージラヴ,2026-04-12,福島,10,9,16,0.5333,15,
サベージラヴ,2026-07-12,函館,10,6,12,0.4545,10,
サベージラヴ,2026-08-02,札幌,9,6,12,0.4545,10,
サマーアゲイン,2026-08-01,中京,9,2,10,0.1111,3,差し
サマーゲール,2026-04-05,阪神,9,5,12,0.3636,12,差し
サマースイートピー,2026-04-18,中山,12,3,13,0.1667,4,差し
サマースイートピー,2026-05-30,京都,12,4,16,0.2,9,差し
サマースイートピー,2026-07-26,新潟,6,2,11,0.1,11,差し
サマースピリット,2026-01-31,京都,12,12,17,0.6875,16,差し
サマーナイト,2026-06-06,阪神,12,8,16,0.4667,6,先行
サマーナイト,2026-08-22,札幌,12,1,11,0.0,3,差し
サマーナイト,2026-08-30,札幌,9,2,11,0.1,1,差し
サマーナジュム,2026-08-15,新潟,12,7,18,0.3529,17,
サマーバンク,2026-01-12,京都,12,2,18,0.0588,13,
サマーブリザード,2026-08-01,中京,12,7,11,0.6,11,差し
サマーマッドネス,2026-02-22,東京,9,5,10,0.4444,9,先行
サミダレナイツ,2026-08-15,新潟,6,2,14,0.0769,10,差し
サムシャイン,2026-01-05,中山,9,2,12,0.0909,10,
サムシャイン,2026-03-28,中山,12,2,16,0.0667,1,
サムシャイン,2026-08-02,札幌,10,4,10,0.3333,2,差し
サムシングスイート,2026-05-02,東京,10,4,11,0.3,4,先行
サムシングスイート,2026-08-01,中京,11,3,9,0.25,1,差し
サムシングニュー,2026-05-02,新潟,9,7,15,0.4286,8,先行
サムシングニュー,2026-07-19,福島,12,3,15,0.1429,3,差し
サムハンター,2026-01-18,中山,9,9,15,0.5714,7,差し
サムハンター,2026-03-14,中山,10,7,16,0.4,13,差し
サムハンター,2026-04-05,阪神,10,1,18,0.0,14,差し
サムハンター,2026-06-21,函館,11,7,15,0.4286,3,先行
サムハンター,2026-07-04,函館,11,9,16,0.5333,5,差し
サムワンライクユー,2026-06-20,東京,12,7,16,0.4,9,差し
サヨノパララックス,2026-07-25,中京,11,4,8,0.4286,8,差し
サヨノパララックス,2026-08-09,中京,10,5,16,0.2667,11,逃げ
サラコスティ,2026-02-28,小倉,9,3,16,0.1333,8,差し
サラコスティ,2026-07-25,中京,8,3,8,0.2857,3,差し
サラサキングスター,2026-08-23,中京,10,2,14,0.0769,14,先行
サラスヴァティー,2026-06-07,東京,9,1,8,0.0,7,差し
サラトガチップス,2026-01-24,小倉,10,2,8,0.1429,6,先行
サラトガチップス,2026-03-07,中山,9,4,13,0.25,2,
サラトガチップス,2026-06-28,小倉,9,3,8,0.2857,2,差し
サラトガチップス,2026-08-16,札幌,12,6,14,0.3846,6,先行
サラニキケン,2026-04-12,福島,9,6,13,0.4167,12,
サリエンテ,2026-01-11,京都,12,3,18,0.1176,3,差し
サリュエ,2026-04-25,京都,9,4,16,0.2,10,
サリーチェ,2026-01-05,京都,12,3,15,0.1429,9,先行
サルサロッサ,2026-07-25,新潟,9,4,9,0.375,8,差し
サルタラリンダ,2026-01-12,京都,12,6,18,0.2941,8,差し
サルワールカミーズ,2026-07-12,福島,9,3,14,0.1538,10,差し
サレジオ,2026-01-04,中山,10,3,8,0.2857,2,逃げ
サロニコス,2026-08-29,中京,8,5,14,0.3077,6,差し
サンアントワーヌ,2026-01-11,中山,11,2,16,0.0667,5,差し
サンアントワーヌ,2026-03-07,阪神,11,6,18,0.2941,2,差し
サンアントワーヌ,2026-04-12,阪神,11,3,18,0.1176,7,差し
サンアントワーヌ,2026-08-09,中京,7,12,18,0.6471,7,差し
サンカルミア,2026-03-14,中京,11,2,14,0.0769,5,差し
サンカルミア,2026-05-10,新潟,10,5,14,0.3077,7,差し
サンカルミア,2026-06-14,東京,12,5,12,0.3636,4,
サンガネーブ,2026-01-31,京都,9,4,13,0.25,9,
サンキャメロン,2026-02-08,小倉,10,6,15,0.3571,12,
サングラデーション,2026-07-25,新潟,9,1,9,0.0,2,逃げ
サングラント,2026-08-30,新潟,10,1,15,0.0,2,先行
サンコンクエスト,2026-04-19,阪神,12,2,10,0.1111,5,先行
サンシャインビーチ,2026-08-08,中京,10,5,16,0.2667,11,
サンジルダール,2026-08-22,中京,12,8,17,0.4375,10,先行
サンストックトン,2026-03-01,中山,11,7,14,0.4615,9,差し
サンストックトン,2026-04-05,阪神,11,8,15,0.5,12,差し
サンストックトン,2026-06-28,函館,11,5,15,0.2857,8,差し
サンセットビュー,2026-05-10,新潟,9,4,14,0.2308,4,
サンセットビュー,2026-06-06,東京,9,3,12,0.1818,3,
サンセットブライト,2026-03-07,中山,10,4,13,0.25,9,
サンセットブライト,2026-05-02,新潟,11,4,15,0.2143,6,
サンセットブライト,2026-05-24,東京,12,8,16,0.4667,16,
サンセットブライト,2026-08-01,新潟,7,4,15,0.2143,8,
サンセットブライト,2026-08-30,中京,6,8,16,0.4667,14,
サンセリテ,2026-01-18,中山,12,6,16,0.3333,9,差し
サンタアニタ,2026-05-16,新潟,12,1,16,0.0,1,差し
サンタアニタ,2026-06-06,東京,10,3,17,0.125,4,先行
サンタアニタ,2026-07-05,函館,9,1,16,0.0,1,先行
サンタアニタ,2026-08-30,札幌,11,4,14,0.2308,10,先行
サンタピア,2026-08-15,新潟,10,3,15,0.1429,4,先行
サンタピア,2026-08-30,新潟,10,2,15,0.0714,10,先行
サンタンカ,2026-01-05,京都,12,4,15,0.2143,1,差し
サンタンカ,2026-06-14,阪神,10,7,14,0.4615,11,
サンタンジェロ,2026-08-30,中京,7,4,9,0.375,5,追込
サンダーアリュール,2026-01-11,中山,12,9,16,0.5333,13,
サンダーアリュール,2026-03-29,中京,12,5,16,0.2667,14,先行
サンダーストラック,2026-01-12,京都,11,4,16,0.2,1,
サンダーストラック,2026-04-04,阪神,11,5,14,0.3077,12,
サンダーストラック,2026-05-10,東京,11,4,18,0.1765,7,差し
サンダーストラック,2026-07-26,新潟,7,5,14,0.3077,9,差し
サンダーバース,2026-05-03,京都,12,3,16,0.1333,5,
サンダーバース,2026-06-14,阪神,12,3,15,0.1429,15,
サンダーバース,2026-08-22,中京,7,1,16,0.0,2,
サンダーバード,2026-07-25,中京,8,2,8,0.1429,4,先行
サンダーロード,2026-03-29,阪神,12,4,16,0.2,11,
サンダーロード,2026-05-02,東京,12,1,14,0.0,8,先行
サンダーロード,2026-05-17,東京,10,1,15,0.0,15,
サンダーヴィント,2026-03-28,中山,10,5,10,0.4444,6,差し
サンディブロンド,2026-01-11,中山,12,3,16,0.1333,16,
サンディブロンド,2026-04-12,福島,10,6,16,0.3333,14,
サンディブロンド,2026-07-12,函館,10,4,12,0.2727,11,
サンデイビス,2026-04-18,中山,11,4,10,0.3333,6,先行
サンデーパーティー,2026-06-20,東京,12,1,16,0.0,2,差し
サンデーファンデー,2026-03-29,中山,11,1,15,0.0,1,
サンデーファンデー,2026-04-18,阪神,11,2,16,0.0667,5,
サントノーレ,2026-02-01,東京,11,2,16,0.0667,10,
サントルドパリ,2026-03-08,阪神,9,5,6,0.8,4,差し
サントルドパリ,2026-04-04,阪神,9,1,9,0.0,7,差し
サンドオブエテル,2026-04-18,福島,11,6,15,0.3571,11,先行
サンドブラスト,2026-03-14,中山,12,3,16,0.1333,3,
サンドブラスト,2026-04-04,中山,12,3,16,0.1333,7,先行
サンドブラスト,2026-05-30,東京,9,2,16,0.0667,1,先行
サンドロナイト,2026-06-28,函館,12,5,14,0.3077,7,先行
サンドロナイト,2026-07-18,函館,10,4,10,0.3333,6,差し
サンドロナイト,2026-08-02,札幌,12,7,14,0.4615,12,差し
サンブライト,2026-05-23,東京,9,6,12,0.4545,5,先行
サンポーニャ,2026-04-11,福島,12,1,16,0.0,16,
サンポーニャ,2026-07-12,函館,12,1,8,0.0,1,逃げ
サンポーニャ,2026-08-02,札幌,12,1,14,0.0,4,
サンマルノヴェル,2026-03-07,阪神,12,6,16,0.3333,1,先行
サンマルノヴェル,2026-06-13,阪神,10,3,16,0.1333,2,先行
サンマルノヴェル,2026-08-02,中京,8,4,11,0.3,1,先行
サンマルパトロール,2026-01-11,中山,10,8,16,0.4667,8,差し
サンマルパトロール,2026-02-01,小倉,11,7,15,0.4286,5,差し
サンマルパトロール,2026-06-13,阪神,11,7,16,0.4,14,差し
サンマルパトロール,2026-07-05,福島,11,10,15,0.6429,11,差し
サンライズアムール,2026-06-07,阪神,11,1,16,0.0,7,先行
サンライズアリオン,2026-07-12,小倉,11,5,11,0.4,10,先行
サンライズウェーヴ,2026-01-12,中山,9,8,16,0.4667,12,差し
サンライズオスカー,2026-08-08,中京,8,3,12,0.1818,2,
サンライズガッツ,2026-02-28,小倉,9,3,16,0.1333,15,差し
サンライズグラシア,2026-06-27,小倉,9,2,8,0.1429,7,先行
サンライズケヴィン,2026-03-28,中山,10,2,10,0.1111,5,先行
サンライズケヴィン,2026-05-09,東京,10,7,15,0.4286,14,先行
サンライズケヴィン,2026-07-12,小倉,9,1,10,0.0,2,先行
サンライズシュガー,2026-02-08,小倉,10,2,15,0.0714,6,先行
サンライズジュピタ,2026-04-18,阪神,12,2,15,0.0714,6,差し
サンライズジュピタ,2026-05-23,新潟,12,1,15,0.0,7,
サンライズソレイユ,2026-03-22,阪神,11,1,10,0.0,6,差し
サンライズソレイユ,2026-04-11,阪神,10,1,13,0.0,11,差し
サンライズソレイユ,2026-05-03,京都,11,1,15,0.0,11,先行
サンライズタイソン,2026-03-22,中京,12,7,16,0.4,10,差し
サンライズバブル,2026-03-14,中京,9,5,10,0.4444,4,先行
サンライズバレット,2026-02-01,京都,9,4,11,0.3,2,先行
サンライズバレット,2026-05-03,京都,9,4,9,0.375,2,差し
サンライズパスカル,2026-01-18,中山,10,6,16,0.3333,5,先行
サンライズパスカル,2026-05-03,新潟,11,2,15,0.0714,5,先行
サンライズブレイク,2026-03-07,阪神,12,7,16,0.4,2,差し
サンライズブレイク,2026-03-22,中京,12,4,16,0.2,5,差し
サンライズブレイク,2026-04-18,阪神,12,7,15,0.4286,9,差し
サンライズブレイク,2026-08-23,中京,8,6,16,0.3333,9,差し
サンライズプルート,2026-02-10,京都,12,4,15,0.2143,14,
サンライズプルート,2026-03-08,阪神,12,2,13,0.0833,12,
サンライズプルート,2026-03-28,阪神,10,2,11,0.1,9,逃げ
サンライズプルート,2026-06-28,小倉,10,3,16,0.1333,16,先行
サンライズプルート,2026-07-11,小倉,10,5,18,0.2353,7,先行
サンライズホーク,2026-02-15,東京,10,8,16,0.4667,13,
サンライズホーク,2026-02-22,東京,11,8,16,0.4667,12,差し
サンライズホーク,2026-04-11,福島,11,6,15,0.3571,12,差し
サンロード,2026-08-09,新潟,12,11,18,0.5882,16,差し
サンヴィクトワール,2026-01-18,中山,12,6,16,0.3333,1,
サヴァビアン,2026-01-17,京都,12,8,18,0.4118,15,先行
サヴァビアン,2026-01-24,京都,12,5,11,0.4,8,差し
サヴァビアン,2026-03-22,阪神,9,7,8,0.8571,8,差し
サヴァビアン,2026-04-18,阪神,10,4,9,0.375,7,差し
サヴァビアン,2026-06-20,阪神,9,4,10,0.3333,8,差し
サヴァビアン,2026-07-18,福島,10,7,15,0.4286,9,差し
サヴァビアン,2026-08-29,中京,8,10,14,0.6923,13,差し
サヴォアフェール,2026-03-21,阪神,11,4,12,0.2727,3,
サヴォアフェール,2026-05-09,京都,11,5,16,0.2667,4,差し
サヴォアフェール,2026-06-27,小倉,9,3,8,0.2857,1,差し
サヴォアフェール,2026-07-26,中京,6,2,10,0.1111,1,
サヴォンリンナ,2026-02-10,京都,9,2,13,0.0833,7,先行
サヴォンリンナ,2026-04-05,阪神,12,8,16,0.4667,15,先行
サヴォンリンナ,2026-05-31,京都,12,5,18,0.2353,12,先行
サヴォンリンナ,2026-07-18,福島,11,3,16,0.1333,16,先行
サヴォーナ,2026-04-12,福島,11,2,15,0.0714,1,先行
サヴォーナ,2026-07-12,福島,11,5,16,0.2667,10,差し
サヴォーナ,2026-08-30,新潟,8,1,11,0.0,4,先行
サヴマ,2026-08-02,新潟,11,2,14,0.0769,3,先行
サークルオブジョイ,2026-02-28,阪神,9,2,9,0.125,5,先行
サークルオブジョイ,2026-05-10,京都,9,5,13,0.3333,6,先行
サークルオブジョイ,2026-06-20,阪神,10,4,18,0.1765,6,
サーディンラン,2026-04-04,阪神,11,2,14,0.0769,5,
サーディンラン,2026-06-20,阪神,12,2,18,0.0588,6,
サーディンラン,2026-08-01,中京,12,1,11,0.0,1,先行
サーディンラン,2026-08-23,中京,6,5,14,0.3077,6,
サートゥルチェア,2026-01-18,中山,12,2,16,0.0667,5,先行
サードウインド,2026-04-12,福島,10,6,16,0.3333,5,先行
サードウインド,2026-06-27,福島,9,7,16,0.4,12,先行
サーナーティオン,2026-01-10,京都,12,2,18,0.0588,1,先行
サーナーティオン,2026-04-18,阪神,10,3,9,0.25,6,先行
サーブルディアマン,2026-01-11,京都,12,5,18,0.2353,9,先行
サーブルディアマン,2026-07-25,中京,12,9,16,0.5333,12,
サーロー,2026-08-29,新潟,10,10,18,0.5294,13,先行
ザイツィンガー,2026-02-08,小倉,11,6,12,0.4545,4,差し
ザイツィンガー,2026-04-11,阪神,10,6,13,0.4167,8,差し
ザウリ,2026-02-14,小倉,10,6,14,0.3846,2,差し
ザウリ,2026-03-15,中京,9,6,15,0.3571,7,差し
ザウリ,2026-07-04,小倉,10,4,12,0.2727,3,差し
ザウリ,2026-08-02,中京,8,6,11,0.5,6,差し
ザウリ,2026-08-29,中京,6,5,13,0.3333,5,差し
ザカリナン,2026-04-18,福島,12,7,16,0.4,5,先行
ザカリナン,2026-07-19,函館,12,4,14,0.2308,2,先行
ザキノフレンズ,2026-08-15,中京,12,6,16,0.3333,13,
ザックザク,2026-03-22,阪神,12,3,13,0.1667,3,
ザックザク,2026-07-25,中京,6,5,16,0.2667,3,差し
ザバルガド,2026-02-14,東京,11,10,16,0.6,10,先行
ザブライド,2026-01-05,京都,9,2,11,0.1,6,
ザブライド,2026-01-17,京都,12,6,18,0.2941,10,
ザブライド,2026-06-13,函館,10,9,16,0.5333,16,先行
ザブルース,2026-02-01,小倉,12,12,18,0.6471,16,差し
ザムーン,2026-08-08,中京,10,11,16,0.6667,14,先行
ザラタン,2026-02-22,小倉,12,12,18,0.6471,11,差し
ザラタン,2026-08-16,中京,10,7,16,0.4,12,差し
ザローズハーツ,2026-05-16,東京,12,9,14,0.6154,6,差し
ザローズハーツ,2026-06-06,東京,12,2,16,0.0667,2,差し
ザングウィル,2026-07-26,中京,10,1,16,0.0,2,先行
ザングウィル,2026-08-15,中京,10,3,16,0.1333,4,先行
ザンテソーロ,2026-08-30,新潟,10,3,15,0.1429,7,
ザーフィル,2026-06-06,東京,12,1,16,0.0,1,差し
シアター,2026-04-11,中山,12,2,16,0.0667,7,差し
シアター,2026-06-27,福島,9,9,16,0.5333,11,先行
シアター,2026-08-29,中京,6,1,13,0.0,11,差し
シアブリス,2026-04-11,福島,9,7,16,0.4,5,差し
シアブリス,2026-05-24,新潟,9,3,14,0.1538,2,差し
シアブリス,2026-08-02,新潟,8,1,14,0.0,5,差し
シアブリス,2026-08-30,新潟,11,5,14,0.3077,4,
シアンディオ,2026-08-22,札幌,9,5,14,0.3077,12,
シェアホルダーズ,2026-04-12,福島,9,5,13,0.3333,10,
シェイクユアハート,2026-02-15,京都,11,5,12,0.3636,4,差し
シェイクユアハート,2026-03-15,中京,11,8,14,0.5385,1,差し
シェイクユアハート,2026-06-14,阪神,11,7,18,0.3529,14,差し
シェイクユアハート,2026-08-16,札幌,11,4,16,0.2,1,差し
シェットランド,2026-03-08,中山,10,6,15,0.3571,14,
シェットランド,2026-05-10,京都,11,4,16,0.2,8,
シェリーシュシュ,2026-08-16,新潟,10,5,15,0.2857,8,差し
シェーラ,2026-04-18,福島,10,5,8,0.5714,7,差し
シェーラ,2026-08-01,中京,11,4,9,0.375,5,差し
シェーロドラート,2026-02-21,小倉,9,1,10,0.0,7,先行
シェーンシュティア,2026-05-16,新潟,9,8,16,0.4667,2,差し
シェーンシュティア,2026-08-30,新潟,11,6,14,0.3846,3,
シエラモレーナ,2026-08-09,新潟,12,10,18,0.5294,12,差し
シエーナカラー,2026-08-29,中京,9,3,9,0.25,8,差し
シカゴキャッツ,2026-08-29,新潟,12,7,15,0.4286,11,追込
シカゴスティング,2026-03-21,阪神,10,4,16,0.2,7,差し
シカゴスティング,2026-06-21,函館,11,7,15,0.4286,6,差し
シカゴスティング,2026-07-04,函館,11,5,16,0.2667,4,差し
シカゴスティング,2026-07-25,札幌,11,8,12,0.6364,10,差し
シグムンド,2026-02-28,中山,12,2,16,0.0667,8,
シグレ,2026-07-19,函館,11,2,13,0.0833,5,
シゲルカミカゼ,2026-03-22,中京,10,1,16,0.0,11,先行
シゲルカミカゼ,2026-04-12,中山,9,5,12,0.3636,9,先行
シゲルカミカゼ,2026-05-10,東京,9,2,9,0.125,3,先行
シゲルカミカゼ,2026-05-30,東京,12,3,16,0.1333,2,先行
シゲルカミカゼ,2026-06-13,東京,9,2,14,0.0769,5,先行
シゲルショウグン,2026-02-28,阪神,11,4,16,0.2,15,逃げ
シゲルショウグン,2026-07-05,福島,11,2,15,0.0714,4,先行
シゲルソロソロ,2026-01-17,京都,11,8,16,0.4667,9,追込
シゲルソロソロ,2026-02-21,阪神,10,6,16,0.3333,5,
シゲルソロソロ,2026-08-01,中京,6,11,16,0.6667,7,差し
シゲルソロソロ,2026-08-22,中京,7,7,16,0.4,4,追込
シスキンブルーム,2026-08-30,中京,7,3,9,0.25,2,
シスター,2026-04-12,中山,12,4,13,0.25,3,差し
システマソラー,2026-07-05,小倉,12,3,16,0.1333,1,差し
システマソラー,2026-09-05,阪神,9,3,11,0.2,3,差し
シックスパック,2026-08-30,札幌,9,3,11,0.2,9,先行
シックスペンス,2026-02-22,東京,11,1,16,0.0,9,
シックスペンス,2026-04-26,京都,11,4,18,0.1765,7,
シックスペンス,2026-06-07,東京,11,2,17,0.0625,1,
シテフローラル,2026-06-20,東京,9,4,10,0.3333,9,差し
シトラール,2026-08-22,新潟,10,4,15,0.2143,3,
シニャンガ,2026-07-25,札幌,9,4,10,0.3333,5,差し
シホノペルフェット,2026-01-04,京都,12,5,12,0.3636,11,
シホノペルフェット,2026-02-22,阪神,12,10,16,0.6,16,
シホノペルフェット,2026-04-26,京都,12,1,14,0.0,14,差し
シホノペルフェット,2026-06-07,東京,10,2,16,0.0667,3,差し
シホノペルフェット,2026-06-21,東京,9,10,16,0.6,11,先行
シャイニングソード,2026-01-18,京都,11,10,13,0.75,8,差し
シャイニングソード,2026-05-10,東京,10,4,12,0.2727,2,差し
シャイニースイフト,2026-01-17,京都,12,8,18,0.4118,12,先行
シャイニースイフト,2026-03-22,阪神,9,3,8,0.2857,6,差し
シャイニースイフト,2026-07-05,福島,10,1,12,0.0,4,先行
シャイニースイフト,2026-07-26,札幌,10,3,9,0.25,6,先行
シャイフ,2026-04-19,福島,9,2,16,0.0667,1,先行
シャイフ,2026-05-23,東京,10,2,16,0.0667,1,
シャインアルプス,2026-08-02,新潟,12,4,17,0.1875,2,先行
シャインゴーツ,2026-08-23,中京,12,4,16,0.2,3,差し
シャインズオンユー,2026-02-08,小倉,12,9,18,0.4706,4,差し
シャインズオンユー,2026-04-19,福島,9,8,16,0.4667,14,差し
シャインズオンユー,2026-04-25,京都,9,7,16,0.4,13,追込
シャインズオンユー,2026-05-16,新潟,12,6,16,0.3333,13,追込
シャインズオンユー,2026-07-19,函館,12,7,14,0.4615,4,追込
シャインバオバブ,2026-03-01,小倉,9,7,18,0.3529,12,差し
シャインバオバブ,2026-05-24,新潟,9,7,14,0.4615,4,差し
シャインバオバブ,2026-06-13,函館,9,6,11,0.5,9,追込
シャインバオバブ,2026-06-20,函館,10,5,8,0.5714,5,追込
シャインバオバブ,2026-08-15,札幌,12,7,14,0.4615,8,
シャインフリーリー,2026-02-01,小倉,9,4,11,0.3,4,
シャインフリーリー,2026-03-01,小倉,9,4,18,0.1765,13,
シャインフリーリー,2026-05-09,新潟,10,7,13,0.5,9,
シャインフリーリー,2026-08-15,札幌,12,8,14,0.5385,11,
シャインフリーリー,2026-08-29,新潟,9,5,13,0.3333,10,
シャインベック,2026-07-12,小倉,12,8,17,0.4375,9,差し
シャインミラカナ,2026-04-26,福島,12,4,16,0.2,5,差し
シャオシンユン,2026-06-21,東京,12,5,16,0.2667,9,先行
シャオシンユン,2026-08-08,新潟,9,7,15,0.4286,11,差し
シャカシャカシー,2026-04-25,福島,11,3,12,0.1818,11,先行
シャカシャカシー,2026-05-24,京都,10,3,14,0.1538,14,先行
シャトーボビー,2026-03-15,中京,12,6,18,0.2941,18,先行
シャドウマスター,2026-03-15,阪神,9,2,7,0.1667,1,差し
シャドウマスター,2026-04-25,東京,11,8,18,0.4118,8,差し
シャドウマスター,2026-08-30,中京,8,2,15,0.0714,14,差し
シャドウメテオ,2026-01-24,中山,11,4,18,0.1765,10,差し
シャドウメテオ,2026-04-05,中山,11,5,16,0.2667,2,差し
シャドウメテオ,2026-05-23,京都,10,9,16,0.5333,3,差し
シャドウメテオ,2026-06-14,東京,10,8,14,0.5385,3,差し
シャドウメテオ,2026-08-30,新潟,7,3,12,0.1818,1,差し
シャドフ,2026-02-08,小倉,12,3,18,0.1176,9,
シャパリュ,2026-04-25,東京,10,2,15,0.0714,10,逃げ
シャパリュ,2026-06-06,東京,11,1,15,0.0,11,先行
シャルクハフト,2026-01-24,京都,10,5,15,0.2857,5,
シャルクハフト,2026-02-15,京都,10,8,10,0.7778,9,
シャルクハフト,2026-04-12,阪神,12,4,13,0.25,13,
シャルクハフト,2026-05-16,京都,10,3,15,0.1429,11,
シャルクハフト,2026-06-20,阪神,10,6,18,0.2941,17,
シャルクハフト,2026-08-30,中京,6,6,16,0.3333,5,
シャルトル,2026-07-12,函館,12,4,8,0.4286,7,差し
シャローファースト,2026-03-15,阪神,9,1,7,0.0,7,
シャローファースト,2026-05-02,京都,11,2,12,0.0909,5,逃げ
シャンジュマン,2026-07-25,中京,12,9,16,0.5333,13,
シャンソンドール,2026-05-16,東京,9,1,9,0.0,2,
シャンソンドール,2026-07-25,新潟,6,4,15,0.2143,3,逃げ
シャンデリュイーズ,2026-08-30,中京,11,1,18,0.0,12,
シャンデルナゴル,2026-08-15,新潟,9,6,10,0.5556,7,逃げ
シャンデヴァーグ,2026-08-23,新潟,7,6,10,0.5556,5,先行
シャンドゥレール,2026-08-22,中京,9,1,5,0.0,2,
シャンハイナイト,2026-03-15,中山,12,1,16,0.0,3,
シャンハイナイト,2026-04-12,中山,12,7,13,0.5,10,
シャンハイナイト,2026-08-09,新潟,9,9,15,0.5714,13,
シャンハイナイト,2026-08-29,札幌,12,2,12,0.0909,11,
シャンバラ,2026-02-21,阪神,12,2,14,0.0769,11,
シャンパンカラー,2026-02-10,東京,11,7,16,0.4,4,差し
シャンパンカラー,2026-03-01,中山,11,6,14,0.3846,10,差し
シャンパンカラー,2026-04-26,京都,11,3,18,0.1176,9,
シャンパンカラー,2026-06-07,東京,11,9,17,0.5,12,差し
シャンパンマーク,2026-04-05,中山,12,3,12,0.1818,4,差し
シャンパンライフ,2026-02-22,阪神,9,5,10,0.4444,4,差し
シャンパンライフ,2026-03-21,中京,12,3,14,0.1538,2,差し
シャンパンライフ,2026-07-26,中京,11,2,16,0.0667,2,差し
シャープインサイト,2026-07-26,中京,10,8,16,0.4667,13,
シャーリーゴールド,2026-01-10,京都,12,7,18,0.3529,9,差し
シャーリーゴールド,2026-08-08,中京,11,5,12,0.3636,2,差し
シュエットアムール,2026-08-30,中京,10,6,10,0.5556,9,差し
シュガークン,2026-05-16,新潟,11,2,15,0.0714,15,差し
シュガークン,2026-06-14,阪神,11,5,18,0.2353,17,先行
シュガーハイ,2026-08-15,新潟,8,9,15,0.5714,14,
シュガーハイ,2026-08-22,中京,10,1,12,0.0,12,
シュガービスケッツ,2026-02-14,京都,9,7,11,0.6,10,先行
シュクルリー,2026-08-08,中京,10,5,16,0.2667,9,差し
シュシュトディエス,2026-02-28,小倉,12,4,18,0.1765,15,差し
シュタールヴィント,2026-01-11,京都,11,10,16,0.6,15,
シュタールヴィント,2026-04-26,福島,11,3,16,0.1333,4,
シュタールヴィント,2026-05-31,京都,10,9,17,0.5,7,
シュテフィ,2026-08-15,中京,10,8,16,0.4667,14,差し
シュテルン,2026-05-09,新潟,9,5,14,0.3077,14,追込
シュテルンビルト,2026-06-06,阪神,12,7,16,0.4,4,先行
シュトルーヴェ,2026-05-16,新潟,11,6,15,0.3571,11,
シュネーグロッケン,2026-05-03,新潟,12,7,15,0.4286,8,
シュネーグロッケン,2026-08-09,中京,10,8,16,0.4667,8,
シュバルツガイスト,2026-05-24,新潟,10,9,15,0.5714,12,
シュバルツガイスト,2026-08-09,新潟,9,7,15,0.4286,8,差し
シュバルツクーゲル,2026-05-10,京都,11,5,16,0.2667,13,追込
シュバルツマサムネ,2026-02-01,京都,10,2,8,0.1429,5,
シュバルツマサムネ,2026-03-29,阪神,10,2,11,0.1,4,
シュバルツマサムネ,2026-05-10,京都,9,4,13,0.25,8,
シュバルツマサムネ,2026-06-20,阪神,10,4,18,0.1765,13,差し
シュバルツマサムネ,2026-08-30,新潟,7,6,12,0.4545,12,
シュピラー,2026-03-15,中京,10,2,12,0.0909,7,先行
シュブロンレーヴル,2026-02-01,小倉,10,5,15,0.2857,4,
シュブロンレーヴル,2026-04-25,福島,10,4,16,0.2,11,
シュブロンレーヴル,2026-06-27,小倉,10,4,13,0.25,5,差し
シュブロンレーヴル,2026-07-11,小倉,10,7,18,0.3529,8,差し
シュプリンガー,2026-05-03,京都,9,6,9,0.625,7,
シュプリンガー,2026-05-17,京都,9,3,10,0.2222,10,
シュペルリング,2026-04-11,中山,11,6,15,0.3571,13,先行
シュラザック,2026-04-18,阪神,11,8,16,0.4667,8,差し
シュラザック,2026-05-23,京都,11,2,16,0.0667,10,差し
シュラザック,2026-07-12,小倉,11,2,11,0.1,3,差し
シュラフ,2026-04-11,福島,10,9,16,0.5333,14,
シュレン,2026-04-12,中山,12,7,13,0.5,5,差し
シュレン,2026-06-21,東京,9,5,16,0.2667,9,差し
シュヴァリエローズ,2026-03-22,阪神,11,3,10,0.2222,4,差し
シュヴァルツリーベ,2026-03-22,中山,9,6,16,0.3333,7,
シュヴァルツリーベ,2026-06-13,阪神,10,5,16,0.2667,9,先行
シュヴァルツリーベ,2026-07-05,小倉,10,9,16,0.5333,8,差し
シュヴァルツリーベ,2026-08-09,中京,8,4,11,0.3,6,差し
シュヴァルツリーベ,2026-09-05,阪神,9,5,11,0.4,5,差し
シュヴァルノワール,2026-06-13,函館,12,4,12,0.2727,6,差し
シュヴァルノワール,2026-07-04,函館,12,4,7,0.5,7,差し
シュヴァルボヌール,2026-03-28,中山,9,6,16,0.3333,6,先行
シュヴァルボヌール,2026-06-06,東京,11,1,15,0.0,13,先行
シュヴェルトライテ,2026-02-14,小倉,11,6,18,0.2941,11,差し
シュークリーム,2026-06-27,函館,9,1,9,0.0,4,先行
シュークリーム,2026-08-16,札幌,9,2,16,0.0667,16,先行
シュードタキライト,2026-02-14,小倉,12,7,15,0.4286,11,差し
シュードタキライト,2026-05-16,新潟,12,1,16,0.0,3,
ショウグンマサムネ,2026-01-18,中山,11,3,15,0.1429,13,差し
ショウグンマサムネ,2026-05-03,東京,11,5,15,0.2857,8,差し
ショウグンマサムネ,2026-08-15,中京,8,4,10,0.3333,4,差し
ショウサンジョージ,2026-01-04,京都,9,7,13,0.5,8,
ショウサンジョージ,2026-05-16,京都,10,3,15,0.1429,10,先行
ショウサンジョージ,2026-08-01,新潟,7,2,15,0.0714,10,先行
ショウナンアデイブ,2026-01-04,京都,11,4,18,0.1765,3,
ショウナンアデイブ,2026-02-22,小倉,11,4,16,0.2,3,
ショウナンアデイブ,2026-04-26,京都,11,1,18,0.0,4,
ショウナンアデイブ,2026-06-21,阪神,11,3,18,0.1176,15,
ショウナンアデイブ,2026-08-16,中京,7,3,16,0.1333,13,
ショウナンアビアス,2026-01-05,京都,10,4,16,0.2,5,差し
ショウナンアビアス,2026-03-07,阪神,10,3,15,0.1429,1,差し
ショウナンアビアス,2026-03-22,中山,11,5,16,0.2667,7,差し
ショウナンアビアス,2026-05-03,新潟,11,4,15,0.2143,3,先行
ショウナンアビアス,2026-06-07,阪神,11,3,16,0.1333,2,差し
ショウナンアビアス,2026-07-19,福島,11,6,16,0.3333,14,差し
ショウナンカノア,2026-07-19,函館,11,5,13,0.3333,6,先行
ショウナンカリス,2026-03-07,阪神,11,5,18,0.2353,8,差し
ショウナンカリス,2026-04-12,阪神,11,2,18,0.0588,10,差し
ショウナンカリス,2026-05-30,京都,11,9,16,0.5333,10,差し
ショウナンカリス,2026-07-05,函館,9,4,16,0.2,5,差し
ショウナンカリス,2026-07-26,札幌,10,4,9,0.375,9,差し
ショウナンカリス,2026-08-30,札幌,10,8,16,0.4667,15,差し
ショウナンガチ,2026-01-12,京都,9,4,12,0.2727,5,
ショウナンガチ,2026-01-24,小倉,10,2,8,0.1429,3,
ショウナンガチ,2026-06-13,阪神,9,3,9,0.25,5,
ショウナンガチ,2026-06-28,小倉,9,4,8,0.4286,6,
ショウナンガルフ,2026-02-10,京都,11,3,9,0.25,9,差し
ショウナンガルフ,2026-05-31,東京,11,8,18,0.4118,17,差し
ショウナンガルフ,2026-06-28,福島,11,5,16,0.2667,12,差し
ショウナンガレオン,2026-09-05,札幌,11,2,9,0.125,1,
ショウナンサムデイ,2026-03-08,中山,9,4,16,0.2,4,先行
ショウナンサムデイ,2026-04-19,中山,12,7,18,0.3529,13,先行
ショウナンサムデイ,2026-07-11,函館,11,4,13,0.25,4,差し
ショウナンサムデイ,2026-08-22,札幌,11,1,12,0.0,3,差し
ショウナンザナドゥ,2026-03-29,阪神,11,4,13,0.25,7,差し
ショウナンザナドゥ,2026-05-24,京都,11,7,13,0.5,13,差し
ショウナンザナドゥ,2026-06-14,東京,11,1,13,0.0,2,
ショウナンザナドゥ,2026-08-22,新潟,7,1,18,0.0,1,
ショウナンダイン,2026-02-01,東京,9,6,12,0.4545,10,差し
ショウナンダイン,2026-09-05,中山,9,3,15,0.1429,3,差し
ショウナンハウル,2026-01-17,京都,9,4,10,0.3333,10,追込
ショウナンハウル,2026-03-07,阪神,9,6,9,0.625,8,差し
ショウナンハウル,2026-07-12,小倉,10,4,11,0.3,11,追込
ショウナンハウル,2026-08-09,中京,6,5,7,0.6667,7,差し
ショウナンハウル,2026-08-30,中京,8,7,15,0.4286,15,追込
ショウナンハクウン,2026-01-04,中山,12,3,16,0.1333,3,
ショウナンハクウン,2026-03-14,中山,12,1,16,0.0,1,
ショウナンハクウン,2026-03-28,中山,9,5,16,0.2667,5,
ショウナンハクウン,2026-04-11,中山,10,6,13,0.4167,9,
ショウナンハクウン,2026-04-19,阪神,10,5,13,0.3333,10,
ショウナンハクラク,2026-02-15,小倉,11,9,18,0.4706,13,差し
ショウナンハクラク,2026-04-26,福島,11,7,16,0.4,5,追込
ショウナンハクラク,2026-07-11,福島,11,6,9,0.625,8,追込
ショウナンハヤナミ,2026-01-24,京都,9,3,13,0.1667,1,先行
ショウナンバシット,2026-05-31,東京,12,4,14,0.2308,13,
ショウナンバルドル,2026-04-25,京都,12,7,11,0.6,2,差し
ショウナンバルドル,2026-05-24,京都,9,5,10,0.4444,2,差し
ショウナンバルドル,2026-06-20,阪神,9,3,10,0.2222,7,差し
ショウナンバルドル,2026-08-08,中京,6,6,11,0.5,5,
ショウナンバンライ,2026-03-21,阪神,11,4,12,0.2727,10,
ショウナンバンライ,2026-07-12,小倉,9,2,10,0.1111,1,
ショウナンバンライ,2026-08-09,新潟,7,5,12,0.3636,6,先行
ショウナンマグマ,2026-03-01,中山,11,8,14,0.5385,13,
ショウナンマグマ,2026-03-08,阪神,11,2,12,0.0909,12,先行
ショウナンマグマ,2026-05-24,京都,11,3,13,0.1667,12,先行
ショウナンマグマ,2026-07-12,福島,11,1,16,0.0,14,先行
ショウナンマリーナ,2026-07-25,新潟,12,5,17,0.25,12,逃げ
ショウナンヤッホー,2026-05-17,東京,10,6,15,0.3571,14,差し
ショウナンヤッホー,2026-06-27,福島,10,3,11,0.2,6,差し
ショウナンヤッホー,2026-07-25,札幌,12,4,11,0.3,9,差し
ショウナンヤッホー,2026-08-23,札幌,12,6,14,0.3846,13,先行
ショウナンライシン,2026-03-08,中山,10,7,15,0.4286,9,差し
ショウナンライシン,2026-03-29,中山,11,7,15,0.4286,10,差し
ショウナンライシン,2026-05-30,東京,11,9,16,0.5333,11,差し
ショウナンライシン,2026-07-05,福島,11,7,15,0.4286,7,差し
ショウナンライシン,2026-08-29,新潟,8,2,11,0.1,7,
ショウナンラウール,2026-01-05,京都,12,3,15,0.1429,7,差し
ショウナンラスボス,2026-01-05,中山,11,4,14,0.2308,10,
ショウナンラスボス,2026-02-28,中山,10,4,16,0.2,16,
ショウナンラスボス,2026-04-05,阪神,10,7,18,0.3529,13,
ショウナンラスボス,2026-07-11,福島,10,5,9,0.5,9,
ショウナンラピダス,2026-01-24,中山,11,2,18,0.0588,2,
ショウナンラピダス,2026-02-15,東京,9,1,16,0.0,4,先行
ショウナンラピダス,2026-04-26,京都,10,3,18,0.1176,16,
ショウナンラリー,2026-03-21,中山,12,1,16,0.0,1,先行
ショウナンラリー,2026-04-04,中山,12,1,16,0.0,11,先行
ショウナンラリー,2026-05-16,京都,12,2,15,0.0714,15,
ショウヘイ,2026-04-05,阪神,11,3,15,0.1429,10,先行
ショウヘイ,2026-08-16,札幌,11,2,16,0.0667,7,先行
ショーダンサー,2026-01-18,京都,10,6,16,0.3333,3,差し
ショーダンサー,2026-04-26,京都,12,4,14,0.2308,9,差し
ショーダンサー,2026-09-05,阪神,9,4,11,0.3,4,差し
ショービット,2026-07-26,新潟,10,10,14,0.6923,9,
ショーマンフリート,2026-07-18,福島,11,6,16,0.3333,9,先行
ショーマンフリート,2026-08-22,新潟,6,9,18,0.4706,10,先行
ショーモッシュ,2026-03-15,中京,12,2,18,0.0588,13,逃げ
ショーモン,2026-03-21,中京,10,5,16,0.2667,13,差し
ショーモン,2026-05-09,東京,9,3,12,0.1818,12,先行
シラヌイ,2026-05-30,京都,11,5,16,0.2667,9,先行
シラヌイ,2026-08-15,中京,6,2,11,0.1,7,
シリウスコルト,2026-01-04,中山,11,4,14,0.2308,13,先行
シリウスコルト,2026-02-10,東京,11,3,16,0.1333,5,先行
シリウスコルト,2026-04-04,中山,11,3,16,0.1333,13,先行
シリウスコルト,2026-05-02,東京,11,4,18,0.1765,5,差し
シリウスコルト,2026-06-07,東京,11,9,17,0.5,14,
シリウスコルト,2026-07-26,新潟,7,3,14,0.1538,10,差し
シルトホルン,2026-01-12,中山,11,2,14,0.0769,11,先行
シルトホルン,2026-02-08,小倉,11,4,12,0.2727,2,先行
シルトホルン,2026-02-22,小倉,11,5,16,0.2667,5,先行
シルトホルン,2026-04-12,福島,11,1,15,0.0,3,先行
シルトホルン,2026-05-09,東京,11,2,17,0.0625,7,
シルトホルン,2026-07-12,函館,11,5,14,0.3077,3,先行
シルバーアックス,2026-08-09,新潟,12,5,18,0.2353,18,逃げ
シルバードン,2026-03-21,中山,12,5,16,0.2667,10,差し
シルバードン,2026-08-23,新潟,9,11,15,0.7143,9,差し
シルバープレミア,2026-07-26,新潟,12,5,15,0.2857,3,差し
シルバーリム,2026-05-23,東京,9,7,12,0.5455,8,差し
シルバーリム,2026-08-01,中京,11,2,9,0.125,4,差し
シルバーレイン,2026-01-10,中山,10,9,16,0.5333,12,差し
シルバーレイン,2026-05-17,東京,9,7,12,0.5455,9,差し
シルバーレイン,2026-08-23,新潟,8,5,12,0.3636,8,差し
シルバーレシオ,2026-05-02,京都,11,4,12,0.2727,1,差し
シルフィー,2026-08-01,新潟,12,8,17,0.4375,11,差し
シルフズミスチーフ,2026-03-22,中京,12,3,16,0.1333,1,先行
シルフズミスチーフ,2026-05-03,東京,12,3,13,0.1667,4,先行
シルフズミスチーフ,2026-05-24,新潟,10,5,15,0.2857,7,先行
シルフズミスチーフ,2026-08-02,中京,8,6,11,0.5,2,先行
シルフズミスチーフ,2026-08-29,中京,6,5,13,0.3333,4,差し
シルフレイ,2026-01-10,中山,12,2,16,0.0667,3,
シルフレイ,2026-03-15,中山,12,2,16,0.0667,6,
シルフレイ,2026-05-17,新潟,12,2,11,0.1,5,
シルブロン,2026-02-21,東京,11,7,15,0.4286,11,差し
シンエン,2026-03-29,中京,12,5,16,0.2667,8,差し
シンエンペラー,2026-05-03,京都,11,5,15,0.2857,7,差し
シンエンペラー,2026-06-14,阪神,11,8,18,0.4118,11,差し
シンギタイ,2026-08-09,中京,10,6,16,0.3333,15,先行
シンコーナホチャン,2026-06-28,小倉,10,9,16,0.5333,8,差し
シンゼンカガ,2026-02-14,小倉,12,2,15,0.0714,1,差し
シンゼンカガ,2026-02-28,小倉,11,2,15,0.0714,4,差し
シンゼンカガ,2026-03-14,中京,10,5,10,0.4444,1,先行
シンゼンカガ,2026-08-15,中京,7,4,8,0.4286,6,差し
シンゼンカガ,2026-09-05,阪神,10,3,7,0.3333,5,差し
シンゼンコジロウ,2026-08-16,中京,12,5,16,0.2667,16,差し
シンドリームシン,2026-03-01,小倉,9,6,18,0.2941,2,追込
シンドリームシン,2026-05-23,新潟,10,5,15,0.2857,6,差し
シンハナーダ,2026-01-31,東京,11,7,10,0.6667,7,差し
シンハナーダ,2026-05-16,新潟,11,5,15,0.2857,14,差し
シンハナーダ,2026-08-08,新潟,7,7,16,0.4,5,差し
シンバーシア,2026-01-17,中山,11,3,16,0.1333,12,先行
シンバーシア,2026-05-23,東京,11,5,16,0.2667,16,逃げ
シンバーシア,2026-08-09,札幌,11,3,16,0.1333,6,差し
シンヒダカゴールド,2026-01-10,京都,12,9,18,0.4706,13,
シンビリーブ,2026-01-24,京都,10,2,15,0.0714,3,先行
シンビリーブ,2026-03-07,中山,10,1,13,0.0,4,先行
シンビリーブ,2026-04-12,阪神,12,2,13,0.0833,6,
シンビリーブ,2026-06-27,小倉,11,2,15,0.0714,2,
シンビリーブ,2026-08-08,中京,7,1,8,0.0,1,先行
シンフォーエバー,2026-01-04,京都,11,1,18,0.0,16,
シンフォーエバー,2026-05-31,京都,10,8,17,0.4375,14,
シンフォーエバー,2026-06-21,阪神,11,5,18,0.2353,17,
シンボリノエル,2026-01-05,中山,9,7,12,0.5455,5,差し
シンボリノエル,2026-03-14,中京,11,5,14,0.3077,12,差し
シンリミテス,2026-02-21,阪神,12,7,14,0.4615,6,
シヴァース,2026-01-24,京都,11,4,14,0.2308,6,先行
シヴァールバーニ,2026-07-11,小倉,12,9,16,0.5333,14,差し
シークレットキー,2026-08-23,中京,9,3,8,0.2857,2,差し
シークレットヴァウ,2026-03-22,中山,11,4,16,0.2,14,先行
シークレットヴァウ,2026-07-11,福島,11,4,9,0.375,9,差し
シーグルロス,2026-06-28,函館,12,1,14,0.0,4,
シーグルロス,2026-08-30,札幌,10,3,16,0.1333,11,先行
シーズザスローン,2026-02-22,東京,9,2,10,0.1111,7,先行
シーズザスローン,2026-03-28,阪神,11,2,7,0.1667,7,先行
シーズザスローン,2026-07-04,函館,12,1,7,0.0,1,先行
シーズザスローン,2026-07-19,函館,10,3,14,0.1538,1,先行
シーズザスローン,2026-08-02,札幌,10,4,10,0.3333,4,先行
シートゥサミット,2026-01-11,京都,12,12,18,0.6471,17,差し
シーニックビュー,2026-02-15,東京,12,1,16,0.0,6,
シーニックビュー,2026-04-18,福島,11,3,15,0.1429,6,逃げ
シーニックビュー,2026-06-14,東京,12,5,12,0.3636,12,先行
シーニックビュー,2026-08-02,新潟,6,5,15,0.2857,10,先行
シーミハットク,2026-02-14,京都,9,7,11,0.6,5,差し
シーミハットク,2026-04-04,阪神,11,6,14,0.3846,4,先行
シーミハットク,2026-05-31,京都,11,5,9,0.5,6,差し
シーリュウシー,2026-02-28,小倉,9,9,16,0.5333,16,追込
シーンオブドリーム,2026-08-30,札幌,12,7,14,0.4615,14,
ジェイエルキャリア,2026-06-13,東京,12,3,16,0.1333,3,差し
ジェイエルグリーン,2026-08-08,新潟,12,3,15,0.1429,14,
ジェイエルバース,2026-03-22,中京,12,1,16,0.0,11,
ジェイエルマスター,2026-01-31,東京,9,10,16,0.6,7,差し
ジェイエルマスター,2026-05-24,東京,12,6,16,0.3333,9,追込
ジェイエルマスター,2026-07-12,福島,10,4,11,0.3,6,差し
ジェイエルモーダル,2026-05-02,新潟,9,5,15,0.2857,2,差し
ジェイエルモーダル,2026-08-15,新潟,8,4,15,0.2143,1,差し
ジェイエルライナー,2026-08-30,新潟,12,6,15,0.3571,13,先行
ジェイパームス,2026-04-18,阪神,11,8,16,0.4667,10,差し
ジェイパームス,2026-05-30,東京,11,7,16,0.4,7,差し
ジェシーテソーロ,2026-07-26,中京,8,4,12,0.2727,9,
ジェシーテソーロ,2026-08-09,中京,8,3,11,0.2,11,
ジェゼロ,2026-05-02,京都,12,3,10,0.2222,5,差し
ジェゼロ,2026-06-06,阪神,9,3,9,0.25,6,先行
ジェットブレード,2026-01-05,中山,10,3,11,0.2,5,差し
ジェットブレード,2026-03-14,中京,10,4,10,0.3333,5,先行
ジェットブレード,2026-03-28,中京,10,5,12,0.3636,4,先行
ジェットブレード,2026-04-26,京都,9,2,11,0.1,10,差し
ジェットブレード,2026-05-17,新潟,10,6,15,0.3571,6,先行
ジェットブレード,2026-07-19,福島,10,4,12,0.2727,10,差し
ジェットブレード,2026-08-30,中京,8,1,15,0.0,4,先行
ジェットマグナム,2026-01-17,京都,9,1,10,0.0,1,差し
ジェットマグナム,2026-02-14,京都,10,2,16,0.0667,15,差し
ジェットマグナム,2026-04-26,京都,10,1,18,0.0,14,先行
ジェットマグナム,2026-05-17,京都,10,1,13,0.0,7,先行
ジェットマグナム,2026-08-22,新潟,6,5,18,0.2353,6,先行
ジェニファー,2026-02-01,小倉,12,1,18,0.0,2,先行
ジェニファー,2026-04-19,福島,9,1,16,0.0,4,
ジェニファー,2026-05-10,新潟,12,1,13,0.0,1,
ジェニファー,2026-06-27,小倉,10,3,13,0.1667,1,
ジェニファー,2026-07-05,小倉,11,2,13,0.0833,2,先行
ジェニファー,2026-08-09,中京,7,3,18,0.1176,5,先行
ジェネラーレ,2026-01-05,京都,10,1,16,0.0,15,
ジェネラーレ,2026-02-28,中山,10,1,16,0.0,8,逃げ
ジェネラーレ,2026-04-25,福島,11,1,12,0.0,10,
ジェミート,2026-05-30,東京,9,8,16,0.4667,9,
ジェミート,2026-07-25,中京,6,9,16,0.5333,13,
ジェムシリカ,2026-08-09,新潟,12,3,18,0.1176,1,
ジェモロジー,2026-03-14,中京,10,3,10,0.2222,9,先行
ジェルブロア,2026-07-12,福島,9,1,14,0.0,2,差し
ジェルブロア,2026-07-25,札幌,9,5,10,0.4444,8,差し
ジェーケーボンバー,2026-08-30,新潟,6,6,15,0.3571,6,
ジオパーククラウン,2026-08-23,新潟,8,7,12,0.5455,11,追込
ジオフロント,2026-04-19,中山,12,9,18,0.4706,17,先行
ジッピーチューン,2026-02-14,東京,11,5,16,0.2667,2,先行
ジッピーチューン,2026-04-12,阪神,11,9,18,0.4706,3,差し
ジッピーレーサー,2026-01-17,京都,12,6,18,0.2941,11,先行
ジッピーレーサー,2026-01-24,京都,12,3,11,0.2,4,差し
ジッピーレーサー,2026-08-23,新潟,8,4,12,0.2727,12,差し
ジャイアンバローズ,2026-05-02,新潟,9,4,15,0.2143,5,先行
ジャイアンバローズ,2026-09-05,阪神,9,3,11,0.2,1,差し
ジャガード,2026-01-17,中山,12,5,16,0.2667,12,差し
ジャガード,2026-03-08,中山,12,7,16,0.4,15,差し
ジャガード,2026-03-29,中山,12,6,11,0.5,8,差し
ジャガード,2026-04-18,中山,9,7,12,0.5455,12,差し
ジャガード,2026-07-05,福島,9,7,16,0.4,13,差し
ジャガード,2026-08-22,札幌,10,5,14,0.3077,12,
ジャガード,2026-09-05,中山,10,9,13,0.6667,9,差し
ジャグアール,2026-02-14,小倉,12,4,15,0.2143,8,差し
ジャグアール,2026-05-09,新潟,10,2,13,0.0833,7,差し
ジャグアール,2026-09-05,中山,9,4,15,0.2143,11,差し
ジャケットポケット,2026-08-23,札幌,9,5,13,0.3333,5,差し
ジャサルディア,2026-05-31,東京,10,5,17,0.25,2,先行
ジャサルディア,2026-08-22,新潟,6,5,18,0.2353,3,差し
ジャスティンアース,2026-03-14,阪神,11,3,13,0.1667,1,差し
ジャスティンアース,2026-05-17,京都,11,7,16,0.4,6,差し
ジャスティンガルフ,2026-03-01,小倉,9,1,18,0.0,1,差し
ジャスティンガルフ,2026-03-14,中京,10,3,10,0.2222,6,差し
ジャスティンガルフ,2026-07-12,小倉,10,1,11,0.0,1,先行
ジャスティンシカゴ,2026-05-03,東京,11,2,15,0.0714,2,
ジャスティンスカイ,2026-02-14,京都,11,6,14,0.3846,14,差し
ジャスティンビスタ,2026-05-31,東京,11,6,18,0.2941,18,差し
ジャスティンライズ,2026-05-10,新潟,9,6,14,0.3846,12,
ジャスティンルマン,2026-02-14,京都,9,1,11,0.0,4,先行
ジャスティンルマン,2026-05-23,京都,9,3,11,0.2,9,先行
ジャスティンレビン,2026-08-16,中京,9,4,18,0.1765,11,
ジャストビコーズ,2026-08-01,新潟,11,7,18,0.3529,17,先行
ジャストビート,2026-03-28,阪神,9,3,7,0.3333,6,差し
ジャストビート,2026-07-25,札幌,9,4,10,0.3333,7,差し
ジャストビート,2026-08-15,札幌,12,9,14,0.6154,13,差し
ジャスパーグレイト,2026-05-24,東京,12,7,16,0.4,15,差し
ジャスパーゴールド,2026-03-22,中山,11,7,16,0.4,6,
ジャスパーゴールド,2026-05-23,東京,11,4,16,0.2,11,
ジャスパーゴールド,2026-07-19,福島,11,8,16,0.4667,13,
ジャスパーソレイユ,2026-01-04,中山,12,1,16,0.0,2,
ジャスパーソレイユ,2026-03-29,阪神,12,7,16,0.4,14,先行
ジャスパーソレイユ,2026-04-11,阪神,12,3,16,0.1333,15,
ジャスパーソレイユ,2026-07-04,小倉,10,7,12,0.5455,12,先行
ジャスパーディビネ,2026-02-14,小倉,11,1,18,0.0,1,
ジャスパートレノ,2026-08-30,中京,7,1,9,0.0,4,先行
ジャスパーノベル,2026-03-07,阪神,12,2,16,0.0667,11,先行
ジャスパーノベル,2026-08-23,中京,8,8,16,0.4667,11,先行
ジャスパーノワール,2026-03-01,中山,10,5,15,0.2857,13,
ジャスパーノワール,2026-05-03,京都,10,11,18,0.5882,18,差し
ジャスパーバローズ,2026-01-17,京都,11,5,16,0.2667,16,
ジャスパーバローズ,2026-04-05,阪神,12,5,16,0.2667,11,
ジャスパーメルチェ,2026-01-12,京都,12,1,18,0.0,17,逃げ
ジャスパーメルチェ,2026-08-23,中京,8,1,16,0.0,8,
ジャスパールビー,2026-02-08,小倉,9,6,15,0.3571,7,逃げ
ジャスパールビー,2026-04-25,福島,9,4,16,0.2,14,逃げ
ジャスフォール,2026-06-28,福島,12,6,14,0.3846,12,先行
ジャスリー,2026-03-07,阪神,10,6,15,0.3571,8,差し
ジャスリー,2026-05-17,東京,12,5,16,0.2667,15,差し
ジャズ,2026-01-17,京都,12,5,18,0.2353,4,差し
ジャズ,2026-05-24,京都,9,4,10,0.3333,4,差し
ジャズ,2026-07-12,函館,9,3,14,0.1538,3,差し
ジャズ,2026-07-26,札幌,10,3,9,0.25,7,先行
ジャックナダル,2026-04-05,阪神,9,6,12,0.4545,9,先行
ジャックナダル,2026-08-30,新潟,12,2,15,0.0714,1,先行
ジャメビュ,2026-08-22,新潟,12,5,15,0.2857,2,差し
ジャルディニエ,2026-01-11,中山,9,3,13,0.1667,7,差し
ジャルディニエ,2026-05-02,新潟,10,5,15,0.2857,8,先行
ジャルディニエ,2026-07-05,小倉,10,8,16,0.4667,10,差し
ジャンシ,2026-08-02,中京,8,3,11,0.2,4,
ジャンヌドゥレーヴ,2026-08-29,中京,10,4,16,0.2,1,差し
ジャンヌローサ,2026-02-21,小倉,12,6,18,0.2941,3,差し
ジャンヌローサ,2026-02-28,小倉,12,3,18,0.1176,2,差し
ジャンヌローサ,2026-07-04,小倉,12,4,12,0.2727,5,差し
ジャンヌローサ,2026-07-11,小倉,12,4,16,0.2,6,差し
ジャンビ,2026-04-19,中山,9,6,12,0.4545,11,差し
ジャンビ,2026-08-08,新潟,6,5,10,0.4444,5,差し
ジャンビ,2026-08-29,新潟,7,8,17,0.4375,11,追込
ジャーニーメモリー,2026-04-19,福島,12,3,15,0.1429,9,
ジャーニーメモリー,2026-05-03,新潟,12,7,15,0.4286,15,
ジャーヴィス,2026-01-17,京都,11,7,16,0.4,2,差し
ジャーヴィス,2026-02-21,阪神,10,8,16,0.4667,14,差し
ジャーヴィス,2026-04-11,中山,10,10,13,0.75,7,差し
ジャーヴィス,2026-05-24,京都,10,6,14,0.3846,7,差し
ジャーヴィス,2026-07-11,小倉,11,6,11,0.5,4,差し
ジャーヴィス,2026-08-22,中京,7,9,16,0.5333,12,差し
ジュウオウ,2026-03-07,阪神,12,6,16,0.3333,8,差し
ジュウリョクピエロ,2026-04-12,阪神,9,6,14,0.3846,1,差し
ジュウリョクピエロ,2026-05-24,東京,11,8,18,0.4118,1,差し
ジュエルサンライズ,2026-01-12,京都,12,8,18,0.4118,11,差し
ジュエルハウス,2026-02-21,小倉,12,5,18,0.2353,9,先行
ジュエルハウス,2026-07-12,小倉,12,10,17,0.5625,11,差し
ジュジュドール,2026-01-24,小倉,9,3,12,0.1818,8,逃げ
ジュジュドール,2026-02-08,小倉,9,5,15,0.2857,13,差し
ジュジュドール,2026-08-22,札幌,12,3,11,0.2,8,差し
ジュタ,2026-03-22,中山,10,2,9,0.125,3,先行
ジュタ,2026-04-05,中山,11,3,16,0.1333,1,先行
ジュタ,2026-05-09,東京,11,6,17,0.3125,8,先行
ジュタ,2026-06-28,函館,11,2,15,0.0714,14,先行
ジュタ,2026-07-26,新潟,7,5,14,0.3077,7,先行
ジュタロウ,2026-03-21,中京,10,11,16,0.6667,14,差し
ジュドー,2026-02-01,東京,10,7,15,0.4286,9,差し
ジュノー,2026-01-18,中山,9,7,15,0.4286,14,追込
ジュノー,2026-03-14,中山,10,10,16,0.6,16,差し
ジュリ,2026-01-18,中山,12,9,16,0.5333,16,先行
ジュリアスローズ,2026-07-26,新潟,9,10,14,0.6923,13,
ジュルナール,2026-05-24,京都,12,3,16,0.1333,1,
ジュルナール,2026-06-07,阪神,9,3,16,0.1333,11,
ジュルナール,2026-08-16,中京,8,5,16,0.2667,11,
ジュンウィンダム,2026-01-18,中山,10,7,16,0.4,9,差し
ジュンウィンダム,2026-04-04,阪神,10,5,16,0.2667,13,差し
ジュンウィンダム,2026-04-19,中山,10,7,15,0.4286,12,差し
ジュンウィンダム,2026-06-07,阪神,11,9,16,0.5333,15,差し
ジュンウィンダム,2026-07-26,中京,7,7,14,0.4615,12,差し
ジュンゴールド,2026-05-02,東京,12,7,14,0.4615,13,差し
ジュンゴールド,2026-05-30,京都,12,9,16,0.5333,14,差し
ジュンツバメガエシ,2026-07-05,函館,10,3,11,0.2,5,差し
ジュンツバメガエシ,2026-07-25,札幌,10,3,11,0.2,2,差し
ジュンツバメガエシ,2026-08-16,札幌,12,3,14,0.1538,2,差し
ジュンブロッサム,2026-04-04,中山,11,10,16,0.6,11,差し
ジュンブロッサム,2026-05-09,東京,11,6,17,0.3125,9,差し
ジュンブロッサム,2026-08-08,新潟,7,9,16,0.5333,9,差し
ジュンブロッサム,2026-08-30,新潟,8,6,11,0.5,9,差し
ジュンプリメーロ,2026-08-02,中京,11,1,6,0.0,5,先行
ジュンライデン,2026-02-28,小倉,9,1,16,0.0,9,差し
ジュンライデン,2026-07-11,小倉,9,2,11,0.1,4,差し
ジュンライデン,2026-08-16,新潟,11,2,9,0.125,1,先行
ジュンライデン,2026-08-30,中京,8,3,15,0.1429,8,差し
ジュンライトニング,2026-01-31,京都,12,10,17,0.5625,14,差し
ジュンライトニング,2026-04-18,阪神,12,13,15,0.8571,15,追込
ジュンラトゥール,2026-01-04,京都,9,8,13,0.5833,10,
ジュンラトゥール,2026-02-28,小倉,10,4,16,0.2,4,
ジュンラトゥール,2026-03-14,中京,11,4,14,0.2308,9,
ジュンラトゥール,2026-06-21,函館,10,3,9,0.25,4,
ジュンラトゥール,2026-07-19,函館,10,6,14,0.3846,9,
ジュンラトゥール,2026-07-25,札幌,12,6,11,0.5,11,
ジュンヴァンケット,2026-02-14,小倉,11,4,18,0.1765,8,
ジュンヴァンケット,2026-06-28,小倉,11,3,8,0.2857,4,逃げ
ジュンヴァンケット,2026-07-18,小倉,11,2,12,0.0909,12,逃げ
ジュンヴィヴァン,2026-08-22,新潟,12,9,15,0.5714,7,先行
ジューンアゲイン,2026-06-06,阪神,12,3,16,0.1333,2,先行
ジューンアヲニヨシ,2026-02-28,阪神,11,2,16,0.0667,1,先行
ジューンアヲニヨシ,2026-04-18,阪神,11,5,16,0.2667,12,先行
ジューンアヲニヨシ,2026-05-23,京都,11,3,16,0.1333,11,先行
ジューンエオス,2026-02-28,小倉,10,1,16,0.0,1,
ジューンエオス,2026-03-21,中山,10,7,13,0.5,11,先行
ジューンエオス,2026-06-27,小倉,11,3,15,0.1429,3,先行
ジューンエオス,2026-07-19,小倉,10,1,16,0.0,2,先行
ジューンオアシス,2026-07-12,小倉,12,4,17,0.1875,4,差し
ジューンスマッシュ,2026-01-12,京都,12,8,18,0.4118,12,差し
ジューンセクレタ,2026-05-02,新潟,9,1,15,0.0,7,
ジューンセクレタ,2026-07-18,小倉,12,2,14,0.0769,5,
ジューンセクレタ,2026-08-15,中京,10,2,16,0.0667,3,
ジューンセクレタ,2026-08-29,中京,10,2,16,0.0667,4,
ジューンテイク,2026-02-15,京都,11,1,12,0.0,1,先行
ジューンテイク,2026-03-15,中京,11,3,14,0.1538,4,先行
ジューンテイク,2026-06-14,阪神,11,3,18,0.1176,8,先行
ジューンブレア,2026-03-29,中京,11,2,18,0.0588,17,
ジューンマーチ,2026-08-15,新潟,10,4,15,0.2143,3,差し
ジョイエッロ,2026-01-17,京都,9,2,10,0.1111,5,先行
ジョイエッロ,2026-03-28,中京,10,1,12,0.0,3,
ジョイエッロ,2026-04-19,阪神,9,2,10,0.1111,2,先行
ジョイエッロ,2026-05-24,京都,9,3,10,0.2222,3,先行
ジョイエッロ,2026-06-07,阪神,10,4,9,0.375,2,先行
ジョイエッロ,2026-08-01,札幌,9,2,7,0.1667,4,先行
ジョイフルニュース,2026-03-15,中山,10,5,16,0.2667,2,先行
ジョイフルニュース,2026-04-19,福島,11,3,16,0.1333,2,差し
ジョイボーイ,2026-06-14,東京,10,5,14,0.3077,4,差し
ジョウゲンノツキ,2026-02-15,小倉,10,3,18,0.1176,13,先行
ジョウゲンノツキ,2026-05-23,京都,12,3,14,0.1538,10,先行
ジョウゲンノツキ,2026-06-14,阪神,9,3,14,0.1538,5,先行
ジョウゲンノツキ,2026-07-05,福島,9,6,16,0.3333,6,先行
ジョウゲンノツキ,2026-09-05,中山,10,5,13,0.3333,10,差し
ジョスラン,2026-01-24,小倉,11,4,18,0.1765,1,差し
ジョスラン,2026-05-17,東京,11,6,18,0.2941,8,差し
ジョディーズマロン,2026-01-31,東京,9,9,16,0.5333,6,追込
ジョディーズマロン,2026-04-05,阪神,12,10,16,0.6,6,追込
ジョディーズマロン,2026-04-19,阪神,10,7,13,0.5,6,追込
ジョバンニ,2026-03-15,中京,11,4,14,0.2308,2,差し
ジョバンニ,2026-07-19,小倉,11,4,17,0.1875,2,差し
ジョワイユノエル,2026-01-18,京都,12,1,10,0.0,5,差し
ジョワイユノエル,2026-05-16,新潟,9,5,16,0.2667,9,差し
ジョワイユノエル,2026-07-25,新潟,12,7,17,0.375,2,
ジョワイユノエル,2026-08-16,中京,11,6,16,0.3333,10,
ジョヴィアン,2026-01-31,小倉,9,9,14,0.6154,2,
ジョヴィアン,2026-03-01,中山,12,8,16,0.4667,12,
ジョヴィアン,2026-06-06,東京,10,8,17,0.4375,9,
ジョータルマエ,2026-01-12,中山,9,1,16,0.0,6,
ジョータルマエ,2026-02-01,京都,9,1,11,0.0,4,
ジョータルマエ,2026-03-22,中京,10,3,16,0.1333,14,
ジョータルマエ,2026-03-28,阪神,12,1,14,0.0,4,
ジョータルマエ,2026-05-03,京都,9,1,9,0.0,3,
ジョータルマエ,2026-05-31,京都,9,1,10,0.0,3,
ジョータルマエ,2026-07-26,中京,8,1,12,0.0,8,
ジョードリウム,2026-04-18,阪神,12,8,15,0.5,7,
ジョードリウム,2026-08-01,中京,10,9,16,0.5333,14,
ジョーメッドヴィン,2026-02-15,小倉,11,4,18,0.1765,1,差し
ジョーメッドヴィン,2026-03-15,阪神,11,2,16,0.0667,9,差し
ジョーメッドヴィン,2026-04-12,中山,11,4,16,0.2,10,差し
ジョーメッドヴィン,2026-04-26,福島,11,4,16,0.2,3,差し
ジョーメッドヴィン,2026-06-13,函館,11,6,12,0.4545,8,差し
ジョーメッドヴィン,2026-06-27,函館,11,3,14,0.1538,6,
ジョーメッドヴィン,2026-08-09,札幌,11,4,16,0.2,8,差し
ジョーメッドヴィン,2026-08-23,札幌,11,6,16,0.3333,12,差し
ジョーローリット,2026-01-18,中山,10,1,16,0.0,3,逃げ
ジョーローリット,2026-02-22,阪神,11,1,12,0.0,6,
ジョーローリット,2026-07-19,福島,11,1,16,0.0,1,
ジョーローリット,2026-08-16,新潟,7,1,15,0.0,3,
ジロラータ,2026-08-16,新潟,9,6,11,0.5,8,差し
ジワタネホ,2026-08-01,新潟,11,1,18,0.0,1,差し
ジンガー,2026-08-29,新潟,6,5,15,0.2857,14,先行
ジンセイ,2026-05-30,東京,11,5,16,0.2667,2,先行
ジンセイ,2026-07-12,小倉,11,4,11,0.3,4,先行
ジーククローネ,2026-08-22,中京,9,3,5,0.5,4,
ジーティーアダマン,2026-02-14,京都,10,1,16,0.0,2,
ジーティーアダマン,2026-03-14,阪神,10,2,11,0.1,1,
ジーティーアダマン,2026-05-24,京都,11,4,13,0.25,3,先行
ジーティーアダマン,2026-07-19,小倉,11,3,17,0.125,6,先行
ジーティーアメリカ,2026-01-24,小倉,12,5,15,0.2857,8,
ジーティーアリア,2026-08-08,札幌,9,2,13,0.0833,4,
ジーティーウタマロ,2026-08-09,中京,12,6,16,0.3333,14,先行
ジーティーエスピ,2026-02-08,小倉,12,2,18,0.0588,8,先行
ジーティーエスピ,2026-04-18,福島,12,5,16,0.2667,3,先行
ジーティーシンドウ,2026-01-04,中山,10,1,8,0.0,3,先行
ジーティーシンドウ,2026-04-11,中山,11,5,15,0.2857,9,先行
ジーティージェミル,2026-08-09,新潟,11,2,18,0.0588,13,先行
ジーティーダーリン,2026-06-06,阪神,11,1,11,0.0,1,先行
ジーティートシオー,2026-02-28,小倉,9,6,16,0.3333,10,
ジーティートシオー,2026-08-15,札幌,12,8,14,0.5385,10,
ジーティードレス,2026-02-01,京都,12,4,7,0.5,1,差し
ジーティードレス,2026-03-28,中京,11,9,16,0.5333,16,差し
ジーティーパワー,2026-08-02,中京,10,5,14,0.3077,10,
ジーティーパワー,2026-08-22,中京,8,7,10,0.6667,9,
ジーティーブラック,2026-02-28,中山,9,5,8,0.5714,6,先行
ジーティーブラック,2026-07-19,福島,12,4,15,0.2143,2,先行
ジーティーホクサイ,2026-08-02,新潟,11,7,14,0.4615,11,差し
ジーティーマイカ,2026-08-30,中京,7,5,9,0.5,1,先行
ジーティーマン,2026-02-15,京都,9,5,11,0.4,2,追込
ジーティーマン,2026-05-17,東京,9,7,12,0.5455,4,差し
ジーティーマン,2026-05-30,東京,10,3,11,0.2,2,追込
ジーティーマン,2026-08-23,中京,6,6,14,0.3846,2,差し
ジーティームソウ,2026-03-14,阪神,10,4,11,0.3,2,差し
ジーティームッシュ,2026-01-31,京都,12,4,17,0.1875,7,先行
ジーティームッシュ,2026-02-21,阪神,9,2,18,0.0588,9,先行
ジーティームッシュ,2026-04-19,福島,12,2,15,0.0714,2,
ジーティームッシュ,2026-05-17,新潟,12,1,11,0.0,6,
ジーナグレイス,2026-08-29,新潟,11,2,18,0.0588,12,
ジーニアスバローズ,2026-06-21,阪神,12,3,13,0.1667,4,先行
ジーニアスバローズ,2026-09-05,阪神,9,3,11,0.2,10,先行
ジーネキング,2026-01-18,中山,11,1,15,0.0,10,
ジーネキング,2026-03-15,中山,11,2,16,0.0667,12,
ジーネキング,2026-04-11,中山,11,3,15,0.1429,3,
ジーネキング,2026-05-10,東京,11,5,18,0.2353,13,先行
ジーネキング,2026-06-28,福島,11,3,16,0.1333,7,先行
ジーネキング,2026-07-25,新潟,6,6,15,0.3571,2,差し
ジーネキング,2026-08-08,札幌,12,4,13,0.25,2,差し
ジーベック,2026-02-10,京都,12,3,15,0.1429,9,
ジーベック,2026-04-12,福島,10,8,16,0.4667,9,
ジーベック,2026-04-26,東京,12,5,16,0.2667,11,差し
ジーベック,2026-05-02,京都,10,6,12,0.4545,7,差し
ジーベック,2026-05-10,京都,12,5,14,0.3077,5,差し
ジーベック,2026-07-11,函館,10,6,14,0.3846,8,
ジーベック,2026-08-02,札幌,9,6,12,0.4545,6,
ジーベック,2026-08-22,札幌,10,2,14,0.0769,9,
スイッチビスケット,2026-02-22,小倉,9,6,12,0.4545,8,差し
スイッチビスケット,2026-08-15,中京,8,2,10,0.1111,9,差し
スイトーヨ,2026-07-18,小倉,9,4,18,0.1765,13,逃げ
スイミーユニバンス,2026-01-04,京都,12,5,12,0.3636,7,差し
スイミーユニバンス,2026-02-28,阪神,12,7,18,0.3529,6,差し
スイミーユニバンス,2026-03-28,中京,12,9,16,0.5333,16,差し
スイミーユニバンス,2026-06-20,函館,11,7,16,0.4,15,差し
スイミーユニバンス,2026-07-05,函館,9,8,16,0.4667,7,差し
スイミーユニバンス,2026-08-02,札幌,12,6,14,0.3846,7,追込
スイミーユニバンス,2026-08-30,札幌,10,8,16,0.4667,3,追込
スイミーユニバンス,2026-09-05,札幌,10,6,16,0.3333,5,追込
スイートアリッサム,2026-08-23,新潟,7,7,10,0.6667,4,差し
スイートオレンジ,2026-03-14,中京,9,2,10,0.1111,6,差し
スイートオレンジ,2026-04-18,福島,10,4,8,0.4286,5,先行
スイートオレンジ,2026-05-10,新潟,9,4,14,0.2308,7,先行
スイートオレンジ,2026-08-01,新潟,8,6,13,0.4167,1,先行
スイートオレンジ,2026-08-30,中京,8,2,15,0.0714,5,差し
スイートハイデン,2026-08-29,新潟,11,4,18,0.1765,14,
スイートポメロ,2026-08-22,中京,12,1,17,0.0,3,先行
スイートポメロ,2026-08-30,中京,11,3,18,0.1176,15,
スイープアワーズ,2026-02-10,京都,9,5,13,0.3333,2,追込
スイープアワーズ,2026-03-08,阪神,10,2,14,0.0769,2,差し
スイープアワーズ,2026-04-19,阪神,11,8,10,0.7778,1,差し
スイープアワーズ,2026-06-21,阪神,11,7,18,0.3529,5,差し
スイープアワーズ,2026-08-16,中京,7,10,16,0.6,6,追込
スウィッチインラヴ,2026-01-17,京都,10,3,9,0.25,9,逃げ
スウィッチインラヴ,2026-05-23,京都,9,2,11,0.1,5,先行
スウィッチインラヴ,2026-07-26,中京,9,3,14,0.1538,6,先行
スウィッチインラヴ,2026-08-16,中京,11,3,16,0.1333,7,先行
スウィートハピネス,2026-04-12,阪神,11,7,18,0.3529,13,差し
スウィートハピネス,2026-05-24,東京,11,4,18,0.1765,5,差し
スウィートリワード,2026-04-11,福島,12,6,16,0.3333,8,差し
スウィートリワード,2026-04-25,京都,9,4,16,0.2,6,差し
スカイサーベイ,2026-01-31,京都,10,2,8,0.1429,2,先行
スカイサーベイ,2026-08-08,札幌,10,3,8,0.2857,8,先行
スカイスプレンダー,2026-02-10,東京,9,1,7,0.0,1,
スカイスプレンダー,2026-06-28,福島,11,3,16,0.1333,16,差し
スカイダイバー,2026-02-22,小倉,12,5,18,0.2353,15,差し
スカイダイバー,2026-07-05,福島,12,5,15,0.2857,11,差し
スカイダンスタイム,2026-08-30,新潟,11,7,14,0.4615,12,
スカイドゥエラー,2026-02-28,小倉,10,8,16,0.4667,6,追込
スカイドゥエラー,2026-03-28,阪神,12,10,14,0.6923,13,追込
スカイドリーマー,2026-02-01,東京,12,4,16,0.2,6,差し
スカイドリーマー,2026-08-09,新潟,11,9,18,0.4706,11,差し
スカイハイ,2026-04-05,阪神,10,4,18,0.1765,3,差し
スカイハイ,2026-05-24,東京,10,5,14,0.3077,5,差し
スカイハイ,2026-06-28,小倉,11,2,8,0.1429,3,差し
スカイビート,2026-05-23,東京,12,8,16,0.4667,14,差し
スカイブルー,2026-03-21,阪神,12,5,15,0.2857,3,
スカイリッチ,2026-02-01,東京,12,5,16,0.2667,3,差し
スカイロケット,2026-01-24,京都,11,3,14,0.1538,5,差し
スカイロケット,2026-02-14,京都,11,3,14,0.1538,7,差し
スカイロケット,2026-05-23,東京,11,8,16,0.4667,12,差し
スカプラリオ,2026-01-24,京都,12,3,11,0.2,10,
スカプラリオ,2026-02-01,小倉,10,9,15,0.5714,14,
スカプラリオ,2026-02-28,阪神,12,6,18,0.2941,8,
スカーレットジーン,2026-08-08,新潟,12,5,15,0.2857,13,
スクランプシャス,2026-08-16,中京,9,7,18,0.3529,2,
スコラーリ,2026-07-25,新潟,9,1,9,0.0,5,
スコーピオン,2026-01-05,中山,11,3,14,0.1538,9,先行
スコーピオン,2026-01-31,小倉,11,3,18,0.1176,16,先行
スコーピオン,2026-02-14,小倉,11,4,18,0.1765,14,先行
スコーピオンイメル,2026-03-29,阪神,9,2,15,0.0714,7,
スズカダブル,2026-01-11,京都,10,1,15,0.0,9,
スズカダブル,2026-04-26,京都,10,2,18,0.0588,18,
スズカダブル,2026-05-17,京都,10,1,13,0.0,12,
スズカダブル,2026-05-24,京都,11,1,13,0.0,8,
スズカミエール,2026-02-21,小倉,10,4,16,0.2,11,差し
スズカミエール,2026-04-19,福島,10,5,13,0.3333,5,差し
スズカミエール,2026-07-11,福島,9,9,15,0.5714,7,差し
スズノテレサ,2026-01-17,中山,10,8,16,0.4667,14,差し
スズノボンライミー,2026-08-09,中京,12,8,16,0.4667,11,差し
スズハローム,2026-01-24,京都,11,10,14,0.6923,9,差し
スズハローム,2026-02-14,京都,11,5,14,0.3077,1,差し
スズハローム,2026-04-04,中山,11,10,16,0.6,1,差し
スズハローム,2026-06-07,東京,11,10,17,0.5625,17,追込
スタニングレディ,2026-04-26,東京,11,1,13,0.0,9,差し
スタニングレディ,2026-05-24,東京,11,4,18,0.1765,18,先行
スタニングヴュー,2026-09-05,中山,9,1,15,0.0,1,先行
スタンピー,2026-03-21,中京,12,4,14,0.2308,9,先行
スタンリーテソーロ,2026-04-11,中山,10,6,13,0.4167,6,先行
スターアスコット,2026-08-08,中京,12,7,18,0.3529,13,差し
スターアニス,2026-04-12,阪神,11,4,18,0.1765,1,差し
スターアニス,2026-05-24,東京,11,6,18,0.2941,12,差し
スターウェーブ,2026-01-17,中山,12,7,16,0.4,14,差し
スターウェーブ,2026-04-18,中山,9,4,12,0.2727,3,差し
スターウェーブ,2026-06-06,東京,10,6,17,0.3125,8,差し
スターウェーブ,2026-08-02,中京,6,3,9,0.25,8,差し
スターエンブレム,2026-08-22,新潟,10,5,15,0.2857,12,
スターオブヴェイズ,2026-08-22,札幌,9,8,14,0.5385,14,差し
スターシップ,2026-08-02,中京,10,3,14,0.1538,1,差し
スターシップ,2026-08-30,新潟,6,7,15,0.4286,7,差し
スターターン,2026-01-10,京都,11,3,16,0.1333,5,差し
スターチスブーケ,2026-03-21,中山,12,7,16,0.4,11,差し
スターチスブーケ,2026-08-15,新潟,8,5,15,0.2857,7,差し
スタードメイソン,2026-04-12,福島,9,8,13,0.5833,13,差し
スタードメイソン,2026-06-21,函館,12,7,10,0.6667,10,差し
スタードメイソン,2026-07-04,函館,9,4,9,0.375,9,差し
スターペスアンナ,2026-08-23,中京,12,7,16,0.4,16,追込
スターペスカオリ,2026-01-10,京都,11,5,16,0.2667,9,差し
スターペスショウマ,2026-06-20,阪神,12,4,18,0.1765,16,
スタームーンナイト,2026-06-13,東京,12,1,16,0.0,2,
スタームーンナイト,2026-06-21,東京,12,1,16,0.0,3,
スターランウェイ,2026-06-28,福島,12,2,14,0.0769,1,
スターリングアップ,2026-04-19,阪神,9,5,10,0.4444,3,差し
スターリングアップ,2026-08-16,中京,6,3,7,0.3333,6,差し
スチールギターラグ,2026-08-09,新潟,11,1,18,0.0,6,
ステアハート,2026-01-10,京都,9,4,8,0.4286,2,先行
ステアハート,2026-01-31,小倉,10,3,16,0.1333,8,先行
ステアハート,2026-07-26,新潟,8,3,15,0.1429,15,先行
スティンガーグラス,2026-02-21,東京,11,1,15,0.0,1,差し
スティンガーグラス,2026-06-14,阪神,11,10,18,0.5294,13,差し
スティールブルー,2026-01-12,中山,10,7,16,0.4,9,差し
スティールブルー,2026-03-29,中山,10,5,15,0.2857,5,先行
スティールブルー,2026-06-21,函館,11,5,15,0.2857,9,差し
スティールブルー,2026-07-25,新潟,7,7,17,0.375,9,先行
ステイクオール,2026-07-25,中京,10,8,12,0.6364,4,追込
ステキサプライズ,2026-07-26,中京,12,9,15,0.5714,10,先行
ステキサプライズ,2026-08-01,新潟,12,4,17,0.1875,5,追込
ステライヴ,2026-07-25,中京,9,3,16,0.1333,8,差し
ステラクラウン,2026-03-14,中京,10,4,10,0.3333,2,差し
ステラクラウン,2026-06-21,阪神,9,4,7,0.5,2,
ステラクラウン,2026-08-16,中京,6,2,7,0.1667,5,差し
ステラスプレンダー,2026-01-31,小倉,10,1,16,0.0,14,
ステラスプレンダー,2026-04-18,福島,11,7,15,0.4286,13,
ステラスプレンダー,2026-05-09,京都,9,3,11,0.2,11,
ステラスプレンダー,2026-07-25,中京,6,11,16,0.6667,15,
ステラスペース,2026-01-18,中山,11,3,15,0.1429,5,
ステラスペース,2026-03-08,中山,11,2,10,0.1111,7,
ステラスペース,2026-05-09,京都,11,1,16,0.0,16,
ステラデルークス,2026-08-30,札幌,9,5,11,0.4,6,差し
ステラトップガン,2026-08-22,札幌,9,7,14,0.4615,7,差し
ステレンボッシュ,2026-03-07,中山,11,9,16,0.5333,7,差し
ステレンボッシュ,2026-05-09,東京,11,3,17,0.125,2,差し
ステレンボッシュ,2026-06-07,東京,11,6,17,0.3125,10,差し
ステレンボッシュ,2026-08-30,新潟,8,5,11,0.4,11,差し
ステークホルダー,2026-03-15,阪神,11,5,16,0.2667,8,
ステークホルダー,2026-04-12,中山,11,6,16,0.3333,11,
ステークホルダー,2026-06-27,函館,11,7,14,0.4615,11,
ステークホルダー,2026-08-09,札幌,11,5,16,0.2667,15,
ストップヤーニング,2026-02-22,小倉,10,4,16,0.2,3,差し
ストップヤーニング,2026-04-26,京都,12,2,14,0.0769,1,差し
ストップヤーニング,2026-05-16,京都,10,3,15,0.1429,4,差し
ストップヤーニング,2026-06-27,小倉,11,6,15,0.3571,5,差し
ストラテージュ,2026-02-14,小倉,10,6,14,0.3846,6,
ストラテージュ,2026-03-08,阪神,12,5,13,0.3333,9,
ストラテージュ,2026-05-30,京都,12,5,16,0.2667,11,
ストラテージュ,2026-06-14,阪神,9,2,14,0.0769,7,
ストラーダ,2026-06-14,函館,12,1,10,0.0,1,逃げ
ストラーダ,2026-07-04,函館,10,8,14,0.5385,14,先行
ストラーダ,2026-09-05,阪神,9,1,11,0.0,11,
ストリンジェンド,2026-07-12,函館,10,9,12,0.7273,9,差し
ストリンジェンド,2026-07-18,函館,10,6,10,0.5556,10,差し
ストレイトアスク,2026-09-05,札幌,10,8,16,0.4667,7,差し
ストレイトトーカー,2026-01-10,中山,10,2,16,0.0667,3,
ストレイトトーカー,2026-03-14,中山,10,3,16,0.1333,4,逃げ
ストレイトトーカー,2026-04-12,中山,10,1,12,0.0,1,
ストレイトトーカー,2026-05-09,東京,11,1,17,0.0,16,
ストレイトトーカー,2026-07-12,函館,11,10,14,0.6923,14,
ストレングス,2026-02-14,東京,10,1,16,0.0,1,
ストレングス,2026-03-14,阪神,11,3,13,0.1667,13,
ストレングス,2026-05-23,東京,11,3,16,0.1333,10,
ストレングス,2026-07-05,福島,11,1,15,0.0,1,
ストロングエース,2026-05-02,京都,11,6,12,0.4545,9,差し
ストロングボンド,2026-07-12,函館,10,8,12,0.6364,8,逃げ
ストロングボンド,2026-08-02,札幌,9,3,12,0.1818,11,
ストロングボーイ,2026-06-27,函館,12,5,10,0.4444,4,差し
ストームゲイル,2026-02-10,京都,11,2,9,0.125,5,逃げ
ストームサンダー,2026-04-04,阪神,11,6,14,0.3846,7,差し
ストームサンダー,2026-05-10,京都,10,4,11,0.3,8,差し
ストームサンダー,2026-06-13,函館,10,8,16,0.4667,14,差し
ストームサンダー,2026-08-23,札幌,12,4,14,0.2308,6,差し
ストームバンガード,2026-03-29,阪神,12,1,16,0.0,13,
ストーンズ,2026-02-15,東京,12,2,16,0.0667,3,先行
ストーンズ,2026-03-08,阪神,12,3,13,0.1667,6,
スナッピードレッサ,2026-04-26,東京,12,2,16,0.0667,1,差し
スナッピードレッサ,2026-06-06,東京,11,2,15,0.0714,2,先行
スナッピードレッサ,2026-08-01,中京,6,4,16,0.2,1,先行
スナークシャラク,2026-08-02,中京,10,4,14,0.2308,6,先行
スナークシュンソウ,2026-02-22,阪神,12,7,16,0.4,8,
スナークシュンソウ,2026-03-08,阪神,12,6,13,0.4167,7,
スナークピカソ,2026-02-22,小倉,9,5,12,0.3636,7,逃げ
スナークピカソ,2026-05-09,京都,9,5,11,0.4,5,
スナークピカソ,2026-05-30,東京,10,4,11,0.3,7,差し
スナークピカソ,2026-08-08,中京,6,4,11,0.3,4,
スナークラファエロ,2026-02-01,小倉,11,8,15,0.5,8,
スナークラファエロ,2026-04-11,福島,11,4,15,0.2143,3,
スナークラファエロ,2026-05-30,東京,11,7,16,0.4,14,
スナークラファエロ,2026-06-20,東京,11,2,15,0.0714,5,
スナークラファエロ,2026-07-12,小倉,11,3,11,0.2,2,
スナークラファエロ,2026-08-23,中京,7,4,16,0.2,16,
スニーカースキル,2026-01-18,京都,9,3,16,0.1333,5,先行
スニーカースキル,2026-03-15,阪神,12,1,13,0.0,1,先行
スニーカースキル,2026-05-03,京都,12,6,16,0.3333,2,
スニーカースキル,2026-05-17,東京,12,6,16,0.3333,3,差し
スニーカースキル,2026-08-01,中京,6,7,16,0.4,14,差し
スネーフリンガ,2026-02-01,小倉,12,6,18,0.2941,7,差し
スネーフリンガ,2026-02-28,小倉,12,2,18,0.0588,1,差し
スネーフリンガ,2026-04-25,福島,10,7,16,0.4,13,
スネーフリンガ,2026-06-14,阪神,9,1,14,0.0,4,差し
スネーフリンガ,2026-06-27,小倉,10,4,13,0.25,3,先行
スネーフリンガ,2026-07-11,小倉,10,2,18,0.0588,5,先行
スノーエルヴァ,2026-08-15,新潟,12,7,18,0.3529,14,差し
スノークルーズ,2026-03-15,中山,12,7,16,0.4,14,
スノークローバー,2026-01-24,中山,12,7,12,0.5455,9,差し
スノーサイレンス,2026-01-11,中山,12,1,16,0.0,4,
スノーサイレンス,2026-01-31,小倉,9,3,14,0.1538,1,先行
スノーサイレンス,2026-05-24,京都,10,2,14,0.0769,10,先行
スノーサイレンス,2026-07-11,小倉,11,4,11,0.3,2,先行
スノーサイレンス,2026-08-15,新潟,7,4,15,0.2143,13,先行
スノースケープ,2026-07-25,中京,8,5,8,0.5714,2,
スハッチェ,2026-08-29,札幌,10,4,12,0.2727,4,先行
スパークリシャール,2026-01-10,中山,11,10,17,0.5625,10,追込
スパークリシャール,2026-01-24,中山,11,8,18,0.4118,7,追込
スパークリシャール,2026-03-01,中山,11,9,14,0.6154,8,追込
スパークリシャール,2026-04-05,中山,11,7,16,0.4,13,追込
スパークリシャール,2026-05-03,東京,9,12,18,0.6471,17,追込
スパークリシャール,2026-05-31,東京,10,9,17,0.5,16,差し
スパークリシャール,2026-08-22,札幌,11,3,12,0.1818,2,追込
スパークルジョイ,2026-03-21,阪神,12,1,15,0.0,9,
スピアッジャローザ,2026-05-09,新潟,10,9,13,0.6667,10,追込
スピアッジャローザ,2026-05-16,新潟,9,9,16,0.5333,5,差し
スピナーリート,2026-08-01,札幌,10,2,13,0.0833,13,
スピリットサージ,2026-08-22,新潟,10,1,15,0.0,10,
スピリットライズ,2026-01-10,京都,12,1,18,0.0,18,
スピリットライズ,2026-06-13,阪神,12,4,14,0.2308,2,差し
スピリットライズ,2026-07-04,小倉,9,2,12,0.0909,8,差し
スピリットライズ,2026-08-09,中京,11,6,17,0.3125,7,差し
スピンザブラッド,2026-05-09,新潟,10,3,13,0.1667,1,差し
スピンザブラッド,2026-08-01,新潟,6,6,12,0.4545,4,差し
スピンザブラッド,2026-08-29,新潟,7,7,17,0.375,3,差し
スピントロニクス,2026-02-01,小倉,9,5,11,0.4,8,先行
スピードオブライト,2026-01-05,中山,11,4,14,0.2308,12,
スピードオブライト,2026-03-01,中山,10,3,15,0.1429,14,
スピードリッチ,2026-02-28,阪神,9,2,9,0.125,3,先行
スピードリッチ,2026-05-16,東京,11,4,15,0.2143,2,差し
スピードリッチ,2026-06-14,東京,10,7,14,0.4615,7,差し
スピードリッチ,2026-07-26,札幌,11,2,13,0.0833,5,差し
スピードリッチ,2026-08-22,札幌,11,2,12,0.0909,5,差し
スフィダンテ,2026-01-11,京都,12,10,18,0.5294,15,差し
スプランドゥール,2026-01-11,中山,12,8,16,0.4667,1,差し
スプランドゥール,2026-02-28,中山,10,9,16,0.5333,9,差し
スプランドゥール,2026-04-11,中山,10,10,13,0.75,8,差し
スプランドゥール,2026-04-25,東京,10,7,15,0.4286,12,差し
スプランドゥール,2026-08-15,新潟,7,12,15,0.7857,10,差し
スプリングデイ,2026-08-09,札幌,9,5,16,0.2667,8,
スプレンドーレ,2026-08-30,中京,9,10,15,0.6429,15,追込
スプレーフォール,2026-03-15,中山,9,6,11,0.5,9,先行
スプレーフォール,2026-04-04,中山,10,8,15,0.5,15,
スプレーフォール,2026-05-02,東京,12,6,14,0.3846,12,
スプレーフォール,2026-08-02,新潟,6,11,15,0.7143,15,
スペルキャスター,2026-05-23,新潟,11,6,16,0.3333,15,
スペルビア,2026-05-23,新潟,12,7,15,0.4286,8,差し
スペルーチェ,2026-05-10,京都,10,3,11,0.2,3,差し
スペルーチェ,2026-06-28,福島,11,3,16,0.1333,14,差し
スペードギニー,2026-04-11,福島,9,7,16,0.4,6,先行
スペードギニー,2026-08-23,新潟,10,6,12,0.4545,9,先行
スマイルアップ,2026-06-21,東京,10,3,16,0.1333,3,先行
スマイルアップ,2026-07-11,福島,10,2,9,0.125,3,先行
スマイルアップ,2026-07-25,新潟,7,3,17,0.125,8,先行
スマイルカーブ,2026-03-14,中山,11,9,16,0.5333,5,差し
スマイルカーブ,2026-04-11,中山,11,6,15,0.3571,8,差し
スマイルカーブ,2026-08-22,新潟,10,6,15,0.3571,11,
スマイルガーデン,2026-08-30,中京,9,2,15,0.0714,3,差し
スマイルディシー,2026-01-24,小倉,12,7,15,0.4286,13,
スマートアイ,2026-02-01,小倉,11,7,15,0.4286,15,
スマートエトワール,2026-08-30,中京,9,6,15,0.3571,11,差し
スマートエラン,2026-08-16,中京,9,4,18,0.1765,15,
スマートカイロス,2026-01-18,京都,10,5,16,0.2667,10,
スマートカイロス,2026-08-02,札幌,10,1,10,0.0,7,
スマートクラビ,2026-03-01,小倉,12,4,16,0.2,5,差し
スマートクラビ,2026-07-18,小倉,12,8,14,0.5385,13,差し
スマートグロワール,2026-05-02,新潟,9,6,15,0.3571,9,先行
スマートグロワール,2026-08-08,中京,8,1,12,0.0,8,先行
スマートケープ,2026-05-30,京都,10,4,16,0.2,16,先行
スマートケープ,2026-07-12,福島,10,1,11,0.0,8,
スマートケープ,2026-08-02,札幌,10,1,10,0.0,6,先行
スマートサニー,2026-01-10,京都,11,4,16,0.2,8,逃げ
スマートサニー,2026-04-04,阪神,10,4,16,0.2,5,差し
スマートサニー,2026-05-23,東京,11,2,16,0.0667,14,差し
スマートシーカー,2026-04-26,京都,12,7,14,0.4615,11,
スマートシーカー,2026-05-09,京都,12,3,13,0.1667,2,先行
スマートジュリアス,2026-03-15,中京,10,3,12,0.1818,1,先行
スマートスピア,2026-02-22,小倉,10,4,16,0.2,2,差し
スマートスピア,2026-03-14,中京,11,2,14,0.0769,2,差し
スマートスピア,2026-05-16,新潟,10,2,9,0.125,8,差し
スマートスピア,2026-06-14,東京,12,4,12,0.2727,2,差し
スマートスピア,2026-08-22,中京,6,3,14,0.1538,5,差し
スマートフォルス,2026-02-10,京都,10,6,16,0.3333,5,差し
スマートフォルス,2026-04-19,中山,10,5,15,0.2857,13,差し
スマートフォルス,2026-06-07,阪神,11,6,16,0.3333,3,差し
スマートフォルス,2026-06-20,阪神,11,4,15,0.2143,8,差し
スマートフランキー,2026-07-26,新潟,9,11,14,0.7692,14,先行
スマートブル,2026-06-13,函館,12,2,12,0.0909,11,
スマートブル,2026-08-30,新潟,12,8,15,0.5,9,
スマートプリエール,2026-03-01,阪神,11,3,15,0.1429,6,
スマートプリエール,2026-03-21,中山,11,5,16,0.2667,1,差し
スマートプリエール,2026-05-24,東京,11,5,18,0.2353,15,差し
スマートプレシャス,2026-01-31,小倉,10,2,16,0.0667,4,
スマートプレシャス,2026-02-28,小倉,10,3,16,0.1333,13,逃げ
スマートプレシャス,2026-06-28,小倉,10,1,16,0.0,13,
スマートリアファル,2026-01-17,京都,11,5,16,0.2667,15,先行
スマートリアファル,2026-02-21,小倉,11,3,13,0.1667,7,先行
スマートルシーダ,2026-02-28,阪神,12,3,18,0.1176,14,差し
スマートルシーダ,2026-03-14,阪神,9,5,15,0.2857,8,差し
スマートワイス,2026-02-01,東京,10,3,15,0.1429,4,先行
スマートワイス,2026-03-08,阪神,10,4,14,0.2308,10,先行
スマートワイス,2026-05-31,京都,12,2,18,0.0588,1,先行
スマートワイス,2026-06-21,阪神,11,3,18,0.1176,16,先行
スミッコディスコ,2026-01-31,東京,10,6,15,0.3571,6,先行
スミッコディスコ,2026-06-20,函館,9,1,12,0.0,1,先行
スミヨン,2026-08-16,中京,9,8,18,0.4118,12,
スミレノハナ,2026-02-01,東京,12,10,16,0.6,14,差し
スミレファースト,2026-03-01,中山,12,11,16,0.6667,16,差し
スミレファースト,2026-03-22,中山,9,11,16,0.6667,12,差し
スミレファースト,2026-06-14,函館,11,5,16,0.2667,15,差し
スミレファースト,2026-08-08,札幌,12,1,13,0.0,9,差し
スムースベルベット,2026-01-17,中山,12,3,16,0.1333,3,先行
スムースベルベット,2026-02-15,小倉,10,6,18,0.2941,7,先行
スムースベルベット,2026-03-08,中山,12,2,16,0.0667,8,差し
スムースベルベット,2026-04-18,中山,9,4,12,0.2727,7,先行
スムースベルベット,2026-05-03,東京,12,3,13,0.1667,8,
スムースベルベット,2026-06-20,函館,11,6,16,0.3333,8,
スムースベルベット,2026-09-05,札幌,10,6,16,0.3333,13,先行
スライビングロード,2026-04-05,阪神,10,4,18,0.1765,2,先行
スラッシュ,2026-08-09,中京,9,8,13,0.5833,9,差し
スリリングチェイス,2026-03-21,中京,10,7,16,0.4,12,
スリリングチェイス,2026-04-05,阪神,10,1,18,0.0,12,
スリリングチェイス,2026-07-04,小倉,11,8,14,0.5385,14,
スリーケイ,2026-08-08,札幌,9,1,13,0.0,3,先行
スリーコーズ,2026-08-30,新潟,12,2,15,0.0714,7,
スリーピース,2026-01-04,中山,12,2,16,0.0667,1,
スリーピース,2026-02-14,東京,10,8,16,0.4667,12,
スリーピース,2026-03-07,阪神,10,5,15,0.2857,9,
スリーピース,2026-04-11,中山,10,1,13,0.0,1,
スリーピース,2026-04-19,中山,10,8,15,0.5,10,
スリーピース,2026-05-03,新潟,11,3,15,0.1429,7,
スリーピース,2026-05-17,京都,11,3,16,0.1333,11,
スリーピース,2026-08-16,新潟,7,7,15,0.4286,7,
スリールミニョン,2026-02-21,阪神,11,10,18,0.5294,16,
スリールミニョン,2026-05-31,京都,10,4,17,0.1875,3,先行
スリールミニョン,2026-06-21,阪神,11,2,18,0.0588,13,
スリールミニョン,2026-08-22,新潟,7,3,18,0.1176,15,先行
スルーザナイト,2026-03-22,中京,10,4,16,0.2,13,先行
スルーザナイト,2026-07-26,新潟,8,4,15,0.2143,14,先行
スルーザミル,2026-04-25,福島,9,10,16,0.6,15,差し
スレッドザニードル,2026-06-06,阪神,12,7,16,0.4,10,差し
スレッドザニードル,2026-06-27,小倉,12,3,8,0.2857,6,差し
スレッドザニードル,2026-08-09,中京,10,5,16,0.2667,12,差し
スワローシチー,2026-01-12,中山,12,7,18,0.3529,12,
スワローシチー,2026-01-31,東京,12,4,12,0.2727,7,差し
スーサンアッシャー,2026-03-21,阪神,10,9,16,0.5333,14,差し
スーサンアッシャー,2026-04-05,阪神,10,9,18,0.4706,7,追込
スーパーガール,2026-06-13,東京,12,4,16,0.2,7,先行
スーパージョック,2026-01-04,京都,9,1,13,0.0,4,
スーパージョック,2026-02-22,小倉,10,3,16,0.1333,16,
スーパージョック,2026-04-25,東京,12,11,13,0.8333,8,先行
スーパージョック,2026-07-25,中京,6,7,16,0.4,10,先行
スーパーバイザー,2026-02-28,小倉,12,9,18,0.4706,13,差し
スーパーバイザー,2026-05-03,新潟,12,5,15,0.2857,4,差し
スーパーバイザー,2026-05-17,新潟,12,1,11,0.0,1,差し
スーパーホース,2026-07-19,福島,12,6,15,0.3571,13,先行
スーパーホース,2026-08-02,新潟,9,4,15,0.2143,7,先行
ズイウンゴサイ,2026-02-14,東京,9,6,8,0.7143,7,差し
ズイウンゴサイ,2026-04-19,阪神,9,6,10,0.5556,5,差し
ズイウンゴサイ,2026-05-17,新潟,10,7,15,0.4286,5,差し
ズイウンゴサイ,2026-06-07,東京,9,4,8,0.4286,5,差し
ズイウンゴサイ,2026-08-15,新潟,6,2,14,0.0769,4,差し
ズバットマサムネ,2026-03-29,阪神,12,5,16,0.2667,3,先行
ズバットマサムネ,2026-04-11,阪神,12,6,16,0.3333,8,
ズバットマサムネ,2026-05-16,京都,12,3,15,0.1429,12,差し
ズバットマサムネ,2026-05-23,京都,12,4,14,0.2308,12,差し
ズバットマサムネ,2026-06-28,小倉,10,1,16,0.0,14,
ズバットマサムネ,2026-07-11,福島,10,1,9,0.0,7,
セイウンアインス,2026-05-09,新潟,9,10,14,0.6923,12,差し
セイウンアインス,2026-08-02,新潟,10,3,14,0.1538,10,先行
セイウンデセオ,2026-02-01,小倉,12,7,18,0.3529,1,差し
セイウンデセオ,2026-04-25,福島,10,6,16,0.3333,7,
セイウンデセオ,2026-07-05,福島,9,8,16,0.4667,4,差し
セイウンデセオ,2026-07-19,福島,9,6,16,0.3333,2,差し
セイウンデセオ,2026-08-30,札幌,10,9,16,0.5333,14,差し
セイウンハーデス,2026-03-01,中山,11,1,14,0.0,12,
セイウンハーデス,2026-04-05,阪神,11,4,15,0.2143,5,
セイウンハーデス,2026-06-07,東京,11,3,17,0.125,4,
セイウンパシュート,2026-02-21,小倉,10,3,16,0.1333,14,
セイウンパシュート,2026-03-01,阪神,9,4,9,0.375,9,
セイウンパシュート,2026-08-15,新潟,9,2,10,0.1111,4,逃げ
セイウンビッグバン,2026-01-10,中山,12,8,16,0.4667,7,
セイウンビッグバン,2026-07-26,新潟,9,2,14,0.0769,3,差し
セイウンビッグバン,2026-08-16,新潟,9,2,11,0.1,6,先行
セイウンヤオヨロズ,2026-08-22,新潟,12,1,15,0.0,5,
セイクリッドシチー,2026-08-01,新潟,10,6,14,0.3846,12,差し
セイフウサツキ,2026-08-02,中京,9,3,9,0.25,3,先行
セイプリーズ,2026-02-22,小倉,12,4,18,0.1765,8,先行
セイプリーズ,2026-04-11,福島,12,3,16,0.1333,3,先行
セイプリーズ,2026-07-05,函館,9,7,16,0.4,8,先行
セイプリーズ,2026-09-05,札幌,10,8,16,0.4667,10,先行
セイルロケット,2026-03-07,阪神,12,2,16,0.0667,16,先行
セイロンジェムズ,2026-01-31,東京,12,6,12,0.4545,4,差し
セイロンジェムズ,2026-08-01,新潟,6,5,12,0.3636,8,差し
セイントエルモズ,2026-05-02,京都,11,5,12,0.3636,10,差し
セイントエルモズ,2026-06-13,東京,9,4,14,0.2308,11,差し
セイントホース,2026-08-23,札幌,10,3,14,0.1538,12,差し
セガンティーニ,2026-02-22,小倉,12,5,18,0.2353,4,逃げ
セガンティーニ,2026-02-28,小倉,12,2,18,0.0588,4,先行
セガンティーニ,2026-04-18,福島,12,4,16,0.2,10,先行
セガンティーニ,2026-05-10,新潟,12,5,13,0.3333,5,先行
セキゾウ,2026-08-23,中京,10,4,14,0.2308,7,追込
セキテイリノ,2026-08-15,新潟,12,3,18,0.1176,2,
セキトバイースト,2026-03-15,中京,11,2,14,0.0769,11,先行
セキトバイースト,2026-05-16,新潟,11,3,15,0.1429,7,先行
セキトバイースト,2026-06-21,東京,11,1,16,0.0,1,
セギレエルビエント,2026-03-21,中京,10,4,16,0.2,3,先行
セギレエルビエント,2026-05-10,東京,12,2,15,0.0714,2,先行
セクシーマージュ,2026-03-15,中京,12,4,18,0.1765,9,先行
セクシーマージュ,2026-04-25,京都,9,2,16,0.0667,14,先行
セクシーマージュ,2026-07-11,小倉,12,7,16,0.4,3,先行
セクシーマージュ,2026-08-09,中京,11,8,17,0.4375,9,先行
セザンワールド,2026-01-05,中山,9,5,12,0.3636,4,差し
セザンワールド,2026-04-04,中山,10,2,15,0.0714,4,差し
セザンワールド,2026-08-02,新潟,6,7,15,0.4286,13,差し
セシリエプラージュ,2026-03-21,阪神,10,5,16,0.2667,10,差し
セシリエプラージュ,2026-04-26,東京,9,8,16,0.4667,6,差し
セシリエプラージュ,2026-06-21,東京,10,9,16,0.5333,12,差し
セシリエプラージュ,2026-08-29,中京,7,6,15,0.3571,6,差し
セゾンデフィーユ,2026-02-22,小倉,12,7,18,0.3529,2,
セゾンデフィーユ,2026-04-19,福島,9,2,16,0.0667,5,先行
セタキト,2026-07-19,函館,11,4,13,0.25,7,逃げ
セッション,2026-01-11,京都,11,1,16,0.0,3,
セッション,2026-02-14,京都,11,1,14,0.0,13,
セットエトワール,2026-03-29,中山,9,1,7,0.0,6,先行
セディバン,2026-02-21,小倉,12,7,18,0.3529,8,
セディバン,2026-04-18,福島,12,6,16,0.3333,6,差し
セディバン,2026-05-10,新潟,12,4,13,0.25,8,差し
セナスタイル,2026-03-01,阪神,9,5,9,0.5,3,差し
セフィロ,2026-01-24,京都,11,7,14,0.4615,8,差し
セフィロ,2026-05-02,東京,11,6,18,0.2941,2,
セフィロ,2026-08-22,新潟,7,7,18,0.3529,17,
セブンスレター,2026-01-17,中山,10,8,16,0.4667,13,差し
セブンマイスター,2026-06-14,東京,12,2,12,0.0909,8,先行
セブンマイスター,2026-08-23,中京,6,5,14,0.3077,10,差し
セブンマジシャン,2026-01-18,中山,9,7,15,0.4286,6,
セブンマジシャン,2026-05-17,京都,10,3,13,0.1667,4,
セブンマジシャン,2026-06-14,阪神,10,3,14,0.1538,14,
セボンサデッセ,2026-03-01,小倉,12,1,16,0.0,1,
セボンサデッセ,2026-07-04,函館,10,3,14,0.1538,2,先行
セボンサデッセ,2026-07-25,札幌,12,1,11,0.0,1,先行
セボンサデッセ,2026-08-15,札幌,11,2,14,0.0769,3,先行
セミマル,2026-01-17,京都,11,4,16,0.2,4,
セミマル,2026-04-05,阪神,12,7,16,0.4,5,
セミマル,2026-06-06,東京,11,7,15,0.4286,10,
セミマル,2026-08-22,中京,7,11,16,0.6667,16,
セリエンクーニゲン,2026-08-09,新潟,12,2,18,0.0588,2,差し
セルジュバローズ,2026-06-28,小倉,12,3,16,0.1333,15,
セルズパワー,2026-05-24,京都,12,8,16,0.4667,5,差し
セルズパワー,2026-06-06,阪神,12,8,16,0.4667,8,差し
セルズパワー,2026-08-16,中京,11,8,16,0.4667,1,差し
セルリア,2026-08-09,新潟,11,1,18,0.0,2,先行
セルヴァジオ,2026-08-22,中京,11,7,16,0.4,7,差し
セルヴァンス,2026-05-02,京都,10,2,12,0.0909,3,先行
セルヴァンス,2026-05-24,新潟,10,1,15,0.0,2,先行
セルヴァンス,2026-08-02,中京,8,3,11,0.2,8,先行
セレジェイラ,2026-05-24,新潟,10,8,15,0.5,6,差し
セレスティアハート,2026-08-15,新潟,12,4,18,0.1765,9,追込
セレブトーチ,2026-07-12,小倉,12,6,17,0.3125,13,差し
セレーノ,2026-08-29,中京,9,1,9,0.0,1,
センツブラッド,2026-02-22,小倉,11,4,16,0.2,14,先行
センツブラッド,2026-05-09,東京,11,1,17,0.0,10,先行
センツブラッド,2026-07-12,福島,11,2,16,0.0667,4,先行
セントゴーデンス,2026-08-02,新潟,9,1,15,0.0,5,
セントメモリーズ,2026-04-04,阪神,10,6,16,0.3333,14,差し
セントメモリーズ,2026-06-21,東京,11,8,16,0.4667,13,差し
セントメモリーズ,2026-08-08,新潟,7,9,16,0.5333,14,差し
セントラルヴァレー,2026-02-22,東京,12,6,16,0.3333,2,先行
セントラルヴァレー,2026-06-07,東京,12,3,16,0.1333,12,差し
セントールビースト,2026-02-10,京都,12,5,15,0.2857,11,先行
セントールビースト,2026-04-12,福島,10,2,16,0.0667,2,先行
セントールビースト,2026-04-25,福島,10,3,16,0.1333,3,
セールヴォラン,2026-04-11,阪神,12,4,16,0.2,5,
セールヴォラン,2026-05-02,京都,10,3,12,0.1818,8,差し
セールヴォラン,2026-05-30,京都,12,5,16,0.2667,5,差し
セールヴォラン,2026-06-13,阪神,10,1,16,0.0,4,差し
セールヴォラン,2026-07-04,小倉,10,6,12,0.4545,8,先行
ゼアズノープレイス,2026-06-14,函館,9,6,10,0.5556,9,差し
ゼアズノープレイス,2026-06-28,函館,9,4,10,0.3333,9,差し
ゼアズノープレイス,2026-07-11,函館,9,6,10,0.5556,10,差し
ゼットエイト,2026-02-22,小倉,9,6,12,0.4545,9,差し
ゼットエイト,2026-04-11,福島,9,6,16,0.3333,10,差し
ゼットエイト,2026-07-19,小倉,12,5,9,0.5,5,差し
ゼットエール,2026-01-05,京都,10,2,16,0.0667,3,先行
ゼットエール,2026-04-19,阪神,10,2,13,0.0833,1,先行
ゼットスパンキー,2026-03-21,阪神,12,8,15,0.5,2,差し
ゼットリアン,2026-02-28,阪神,11,5,16,0.2667,4,差し
ゼットリアン,2026-05-03,東京,10,6,16,0.3333,9,差し
ゼットリアン,2026-05-23,京都,11,10,16,0.6,9,差し
ゼットリアン,2026-08-02,中京,7,5,9,0.5,2,差し
ゼファーテソーロ,2026-07-05,福島,12,2,15,0.0714,3,先行
ゼロスネーク,2026-02-28,小倉,10,3,16,0.1333,11,先行
ゼロヴィジビリティ,2026-07-25,中京,6,1,16,0.0,11,
ゼンエスポワール,2026-03-22,中京,10,2,16,0.0667,6,先行
ゼンエスポワール,2026-04-26,京都,12,4,14,0.2308,2,先行
ゼンカイナダル,2026-03-15,中京,10,7,12,0.5455,8,先行
ゼンカイナダル,2026-06-06,阪神,12,5,16,0.2667,12,先行
ゼンダンタカ,2026-07-05,福島,9,1,16,0.0,16,先行
ゼンダンハヤブサ,2026-02-22,阪神,9,5,10,0.4444,1,先行
ゼンダンハヤブサ,2026-04-19,阪神,11,7,10,0.6667,5,先行
ゼンダンハヤブサ,2026-05-17,京都,10,4,13,0.25,5,差し
ゼンダンハヤブサ,2026-06-14,阪神,10,5,14,0.3077,5,差し
ゼンダンハヤブサ,2026-07-19,小倉,11,4,17,0.1875,1,差し
ゼンダンハヤブサ,2026-08-16,札幌,11,5,16,0.2667,11,差し
ゼンノインヴォーク,2026-01-31,小倉,12,2,16,0.0667,8,差し
ゼンノインヴォーク,2026-03-01,小倉,9,8,18,0.4118,3,差し
ゼンノインヴォーク,2026-04-26,福島,9,4,13,0.25,2,差し
ゼンノインヴォーク,2026-06-27,小倉,9,5,8,0.5714,6,差し
ゼンノインヴォーク,2026-07-19,小倉,9,3,8,0.2857,3,差し
ゼンノインヴォーク,2026-08-30,中京,10,5,10,0.4444,4,差し
ゼンノスタニング,2026-08-01,新潟,10,5,14,0.3077,11,
ゼンノツキヨミ,2026-02-14,小倉,10,5,14,0.3077,3,差し
ゼンノツキヨミ,2026-04-11,阪神,12,1,16,0.0,1,
ゼンノフォトン,2026-08-23,中京,8,9,16,0.5333,12,逃げ
ソウテン,2026-01-11,京都,11,5,16,0.2667,10,
ソウテン,2026-03-15,阪神,11,3,16,0.1333,15,
ソウテン,2026-05-16,京都,11,9,16,0.5333,14,
ソウテン,2026-05-31,京都,10,6,17,0.3125,10,
ソウルアンドジャズ,2026-01-11,京都,9,1,10,0.0,3,
ソウルアンドジャズ,2026-02-01,京都,9,3,11,0.2,3,
ソウルアンドジャズ,2026-03-15,中山,9,2,11,0.1,3,先行
ソウルアンドジャズ,2026-05-31,京都,9,5,10,0.4444,7,先行
ソウルアンドジャズ,2026-06-21,阪神,12,1,13,0.0,2,差し
ソウルアンドジャズ,2026-08-01,中京,8,1,13,0.0,2,差し
ソウルアンドジャズ,2026-08-22,中京,6,2,14,0.0769,2,先行
ソウルオンファイア,2026-06-13,阪神,10,4,16,0.2,15,逃げ
ソウルオンファイア,2026-07-26,新潟,6,2,11,0.1,1,
ソクヅモドラドラ,2026-03-14,阪神,12,3,8,0.2857,8,差し
ソゲソゲスマイル,2026-07-18,小倉,9,10,18,0.5294,10,差し
ソナタムーンライト,2026-08-30,新潟,10,6,15,0.3571,11,
ソナタン,2026-07-19,福島,12,2,15,0.0714,10,先行
ソナタン,2026-08-01,新潟,12,6,17,0.3125,9,
ソニックウェーブ,2026-08-08,新潟,8,2,9,0.125,8,先行
ソニックスター,2026-01-18,中山,10,9,16,0.5333,10,
ソニックステップ,2026-03-14,阪神,12,1,8,0.0,2,
ソニックステップ,2026-05-16,新潟,10,1,9,0.0,9,先行
ソニックステップ,2026-09-05,阪神,9,2,11,0.1,7,先行
ソニックドライブ,2026-05-16,新潟,9,8,16,0.4667,8,差し
ソニックブレイカー,2026-06-28,福島,12,6,14,0.3846,2,逃げ
ソニックブレイカー,2026-07-18,福島,12,3,16,0.1333,2,先行
ソニックブーム,2026-08-15,新潟,12,1,18,0.0,7,差し
ソニックライン,2026-07-25,新潟,6,7,15,0.4286,6,
ソフィアプルーマ,2026-08-16,新潟,10,6,15,0.3571,6,差し
ソラネルマン,2026-01-18,中山,11,1,15,0.0,3,
ソラーロ,2026-02-14,小倉,9,1,10,0.0,9,逃げ
ソリスディエス,2026-03-28,中京,9,5,9,0.5,9,逃げ
ソリスディエス,2026-07-04,小倉,9,1,12,0.0,9,
ソリダリティ,2026-01-24,中山,11,9,18,0.4706,9,差し
ソリダリティ,2026-04-12,阪神,10,2,15,0.0714,6,差し
ソリダリティ,2026-07-11,函館,11,7,13,0.5,13,先行
ソリッドベーシス,2026-08-15,中京,9,9,16,0.5333,11,先行
ソルオーブ,2026-06-20,阪神,12,4,18,0.1765,15,
ソルチェリア,2026-05-02,京都,11,3,12,0.1818,4,先行
ソルチェリア,2026-08-22,中京,6,1,14,0.0,8,先行
ソルトクィーン,2026-02-14,京都,11,2,14,0.0769,8,差し
ソルトバーン,2026-08-01,新潟,12,9,17,0.5,15,差し
ソルトブリーズ,2026-05-31,東京,10,2,17,0.0625,4,先行
ソルパッサーレ,2026-03-01,阪神,11,5,15,0.2857,12,先行
ソルパッサーレ,2026-04-12,阪神,9,3,14,0.1538,10,先行
ソルパッサーレ,2026-05-24,東京,11,8,18,0.4118,13,先行
ソルパッサーレ,2026-08-30,中京,8,3,15,0.1429,6,先行
ソルプレーザ,2026-02-01,東京,12,9,16,0.5333,15,追込
ソレルビュレット,2026-08-01,中京,9,1,10,0.0,1,
ソレントフレイバー,2026-04-25,福島,10,7,16,0.4,6,
ソレントフレイバー,2026-05-23,東京,10,6,16,0.3333,7,差し
ソロンゴ,2026-08-02,新潟,11,3,14,0.1538,4,差し
ソワドリヨン,2026-03-07,中山,9,6,13,0.4167,7,
ソングオブザバード,2026-04-11,中山,9,3,7,0.3333,3,先行
ソングオブザバード,2026-06-21,函館,9,5,12,0.3636,11,
ソングオブライフ,2026-02-01,小倉,10,8,15,0.5,6,
ソングオブライフ,2026-03-14,阪神,9,3,15,0.1429,1,先行
ソンシ,2026-02-21,阪神,11,2,18,0.0588,1,先行
ソーダーンライト,2026-03-01,中山,10,4,15,0.2143,1,
ソーダーンライト,2026-04-12,中山,11,3,16,0.1333,7,先行
ソードスレイプニル,2026-08-29,新潟,10,6,18,0.2941,5,差し
ソードマスター,2026-07-05,函館,12,2,10,0.1111,4,差し
ソードマスター,2026-07-19,函館,12,4,14,0.2308,14,先行
ソーニーイシュー,2026-08-02,中京,7,2,9,0.125,9,先行
ゾロアストロ,2026-02-10,京都,11,3,9,0.25,1,差し
ゾロアストロ,2026-04-19,中山,11,7,18,0.3529,12,差し
ゾロアストロ,2026-08-30,新潟,8,4,11,0.3,1,差し
ゾンニッヒ,2026-01-12,中山,11,8,14,0.5385,6,差し
ゾンニッヒ,2026-01-24,京都,11,5,14,0.3077,11,差し
ゾンニッヒ,2026-03-15,中山,10,6,16,0.3333,5,差し
ゾンニッヒ,2026-04-04,中山,11,2,16,0.0667,7,差し
ゾンニッヒ,2026-07-11,福島,11,5,9,0.5,4,差し
ゾンニッヒ,2026-08-23,札幌,11,4,16,0.2,10,差し
タイガースパーク,2026-01-31,京都,9,6,13,0.4167,12,追込
タイガースパーク,2026-06-06,阪神,10,5,12,0.3636,7,差し
タイガースパーク,2026-08-09,中京,8,5,11,0.4,8,差し
タイガースパーク,2026-08-22,中京,6,8,14,0.5385,3,差し
タイガーロード,2026-07-11,小倉,12,4,16,0.2,8,先行
タイキエクセロン,2026-01-17,中山,12,5,16,0.2667,13,
タイキエクセロン,2026-02-15,小倉,10,9,18,0.4706,11,
タイキエクセロン,2026-03-29,中山,12,6,11,0.5,7,差し
タイキエクセロン,2026-06-06,東京,10,7,17,0.375,14,
タイキエクセロン,2026-07-26,新潟,9,10,14,0.6923,12,追込
タイキオーベロン,2026-08-01,新潟,12,5,17,0.25,4,先行
タイキオーベロン,2026-08-29,新潟,10,9,18,0.4706,8,差し
タイキジパング,2026-01-24,小倉,12,6,15,0.3571,9,
タイキジパング,2026-03-01,小倉,9,10,18,0.5294,5,差し
タイキブリッツェン,2026-02-22,東京,9,1,10,0.0,10,先行
タイキブリッツェン,2026-06-21,東京,12,2,16,0.0667,1,
タイキラフター,2026-01-24,中山,11,7,18,0.3529,13,差し
タイキラフター,2026-03-01,小倉,11,3,17,0.125,8,差し
タイキラフター,2026-04-05,中山,11,10,16,0.6,12,差し
タイキラフター,2026-05-17,新潟,11,5,15,0.2857,3,差し
タイキラフター,2026-07-18,福島,11,8,16,0.4667,12,差し
タイキラフター,2026-08-22,札幌,11,5,12,0.3636,9,差し
タイキルッジェーロ,2026-03-15,中山,11,7,16,0.4,11,先行
タイキルッジェーロ,2026-06-21,函館,12,5,10,0.4444,6,先行
タイキルッジェーロ,2026-07-04,函館,9,6,9,0.625,8,差し
タイキヴァンクール,2026-01-04,京都,12,2,12,0.0909,8,先行
タイキヴァンクール,2026-02-28,阪神,12,1,18,0.0,4,先行
タイキヴァンクール,2026-03-21,中京,9,2,10,0.1111,7,先行
タイキヴァンクール,2026-04-18,阪神,10,1,9,0.0,5,先行
タイキヴィグルーズ,2026-08-02,新潟,11,4,14,0.2308,9,追込
タイゲン,2026-01-31,東京,9,8,16,0.4667,14,差し
タイゲン,2026-05-30,京都,10,7,16,0.4,14,差し
タイセイアストロ,2026-03-21,中京,11,9,17,0.5,10,差し
タイセイアストロ,2026-08-22,新潟,10,7,15,0.4286,2,
タイセイアディクト,2026-03-22,中京,10,5,16,0.2667,1,差し
タイセイアディクト,2026-05-02,東京,9,5,16,0.2667,6,差し
タイセイアディクト,2026-05-16,京都,10,4,15,0.2143,3,差し
タイセイアディクト,2026-05-24,東京,12,5,16,0.2667,6,差し
タイセイアレス,2026-01-31,小倉,9,6,14,0.3846,13,
タイセイエキサイト,2026-06-06,東京,12,6,16,0.3333,14,差し
タイセイエムロード,2026-01-10,中山,9,1,10,0.0,9,先行
タイセイエムロード,2026-06-06,東京,12,8,16,0.4667,7,先行
タイセイカイザー,2026-03-28,阪神,12,5,14,0.3077,3,
タイセイカイザー,2026-05-10,東京,9,4,9,0.375,2,
タイセイカイザー,2026-05-30,東京,12,2,16,0.0667,1,差し
タイセイカイザー,2026-08-30,中京,6,8,16,0.4667,11,差し
タイセイカレント,2026-02-01,東京,10,4,15,0.2143,2,差し
タイセイカレント,2026-02-22,阪神,10,2,8,0.1429,2,差し
タイセイカレント,2026-03-08,阪神,10,1,14,0.0,4,差し
タイセイギガース,2026-08-09,新潟,12,7,18,0.3529,14,先行
タイセイグローバル,2026-08-16,中京,9,3,18,0.1176,5,
タイセイサーブル,2026-05-02,新潟,9,11,15,0.7143,13,先行
タイセイサーブル,2026-08-15,中京,10,7,16,0.4,13,先行
タイセイジェイド,2026-07-05,小倉,12,4,16,0.2,7,先行
タイセイディアマン,2026-03-21,阪神,12,4,15,0.2143,1,先行
タイセイディアマン,2026-04-11,阪神,12,4,16,0.2,3,
タイセイディアマン,2026-05-02,京都,10,4,12,0.2727,2,差し
タイセイドラード,2026-08-15,中京,9,3,16,0.1333,12,
タイセイドレフォン,2026-05-10,京都,11,3,16,0.1333,6,
タイセイドレフォン,2026-06-20,東京,11,7,15,0.4286,10,
タイセイピューマ,2026-01-04,中山,12,5,16,0.2667,4,
タイセイピューマ,2026-03-14,中山,12,7,16,0.4,10,差し
タイセイピューマ,2026-04-04,中山,12,7,16,0.4,8,差し
タイセイピューマ,2026-05-30,東京,9,8,16,0.4667,12,差し
タイセイピューマ,2026-08-09,新潟,9,8,15,0.5,15,差し
タイセイフィオーレ,2026-01-31,京都,12,5,17,0.25,17,先行
タイセイフェリーク,2026-05-23,京都,10,7,16,0.4,7,差し
タイセイフェリーク,2026-06-20,阪神,10,5,18,0.2353,5,差し
タイセイフェリーク,2026-07-25,中京,7,4,11,0.3,10,追込
タイセイフェリーク,2026-08-30,新潟,7,5,12,0.3636,8,差し
タイセイフリーデン,2026-07-25,中京,10,9,12,0.7273,12,先行
タイセイフレッサ,2026-03-07,阪神,11,4,18,0.1765,12,差し
タイセイフレッサ,2026-07-25,新潟,12,6,17,0.3125,11,差し
タイセイフレッサ,2026-08-29,新潟,10,3,18,0.1176,3,差し
タイセイブレイズ,2026-05-23,東京,11,6,16,0.3333,8,差し
タイセイブレイズ,2026-06-20,阪神,11,5,15,0.2857,9,差し
タイセイブレイズ,2026-09-05,阪神,11,5,12,0.3636,9,差し
タイセイブロウ,2026-03-07,阪神,12,4,16,0.2,6,
タイセイブロウ,2026-08-01,中京,10,6,16,0.3333,9,
タイセイプランセス,2026-01-31,東京,12,5,12,0.3636,12,追込
タイセイプランセス,2026-08-01,新潟,6,3,12,0.1818,1,差し
タイセイボーグ,2026-03-01,阪神,11,4,15,0.2143,1,差し
タイセイミッション,2026-02-08,小倉,10,1,15,0.0,3,
タイセイミッション,2026-02-22,小倉,10,1,16,0.0,1,
タイセイミッション,2026-06-28,福島,10,2,11,0.1,6,
タイセイミッション,2026-08-02,札幌,10,6,10,0.5556,10,
タイセイリコルド,2026-01-05,中山,10,2,11,0.1,2,先行
タイセイリコルド,2026-01-24,中山,9,3,9,0.25,4,先行
タイセイリコルド,2026-02-28,小倉,11,3,15,0.1429,3,先行
タイセイリコルド,2026-03-21,阪神,9,1,8,0.0,4,
タイセイルヴァン,2026-03-01,中山,12,6,16,0.3333,4,先行
タイセイルヴァン,2026-04-18,中山,12,4,13,0.25,5,先行
タイセイルヴァン,2026-05-30,京都,12,7,16,0.4,7,差し
タイセイレグノ,2026-08-29,中京,10,6,16,0.3333,10,追込
タイセイレスポンス,2026-02-10,京都,9,1,13,0.0,12,差し
タイセイレスポンス,2026-03-29,中山,10,3,15,0.1429,8,先行
タイセイレスポンス,2026-08-16,新潟,9,4,11,0.3,7,先行
タイセツナヒ,2026-05-02,新潟,9,11,15,0.7143,11,
タイダルロック,2026-01-18,中山,11,8,15,0.5,4,先行
タイダルロック,2026-03-08,中山,11,3,10,0.2222,4,先行
タイダルロック,2026-04-25,東京,11,7,18,0.3529,2,差し
タイトニット,2026-05-03,東京,10,5,16,0.2667,1,
タイトニット,2026-05-23,京都,11,10,16,0.6,3,
タイトニット,2026-08-02,中京,7,7,9,0.75,6,
タイニーワンダー,2026-03-07,阪神,11,6,18,0.2941,13,差し
タイニーワンダー,2026-08-29,中京,10,3,16,0.1333,2,先行
タイフーンナイン,2026-08-29,札幌,10,5,12,0.3636,10,先行
タイムレスキス,2026-02-14,東京,11,2,16,0.0667,12,先行
タイムレスキス,2026-06-21,函館,9,5,12,0.3636,8,
タイムレスフレアー,2026-01-11,京都,12,5,18,0.2353,5,先行
タイヨウフレア,2026-02-08,小倉,10,4,15,0.2143,5,差し
タイヨウフレア,2026-02-22,小倉,10,5,16,0.2667,13,差し
タイヨウフレア,2026-06-21,函館,10,3,9,0.25,7,差し
タイヨウフレア,2026-07-19,函館,9,8,13,0.5833,13,差し
タカサンフェイス,2026-05-10,新潟,10,1,14,0.0,5,先行
タカサンフェイス,2026-06-06,阪神,10,3,12,0.1818,3,
タカスタカスタカス,2026-06-21,東京,9,4,16,0.2,5,
タカネノハナコサン,2026-01-05,京都,10,1,16,0.0,8,
タカネノハナコサン,2026-03-07,阪神,10,1,15,0.0,11,
タカネノハナコサン,2026-04-19,阪神,10,1,13,0.0,8,
タカモリ,2026-07-18,小倉,9,2,18,0.0588,3,
タカヨシ,2026-07-18,小倉,9,3,18,0.1176,2,逃げ
タガノアニマシオン,2026-07-12,小倉,9,5,10,0.4444,7,差し
タガノアニマシオン,2026-08-22,中京,6,4,14,0.2308,7,差し
タガノアバンドーネ,2026-06-21,阪神,12,4,13,0.25,1,
タガノアバンドーネ,2026-08-09,新潟,7,3,12,0.1818,7,先行
タガノアビー,2026-03-28,中京,11,9,16,0.5333,13,差し
タガノアビー,2026-05-23,京都,10,7,16,0.4,1,差し
タガノアビー,2026-07-19,小倉,11,5,17,0.25,9,差し
タガノアラリア,2026-03-21,中京,11,8,17,0.4375,4,先行
タガノアラリア,2026-05-10,京都,10,1,11,0.0,1,差し
タガノアラリア,2026-05-30,京都,11,7,16,0.4,7,先行
タガノアラリア,2026-08-22,新潟,7,4,18,0.1765,5,
タガノアルテミス,2026-08-30,中京,9,2,15,0.0714,4,先行
タガノアルトゥーラ,2026-01-24,京都,9,5,13,0.3333,5,差し
タガノアルトゥーラ,2026-03-15,阪神,9,1,7,0.0,2,差し
タガノアルトゥーラ,2026-04-04,阪神,9,3,9,0.25,4,差し
タガノアルトゥーラ,2026-07-11,小倉,9,3,11,0.2,8,
タガノアンファン,2026-03-14,阪神,9,7,15,0.4286,7,差し
タガノアンファン,2026-08-02,中京,6,4,9,0.375,4,差し
タガノエルピーダ,2026-01-24,京都,11,3,14,0.1538,4,先行
タガノエルピーダ,2026-05-31,京都,10,1,17,0.0,2,
タガノエルピーダ,2026-06-21,阪神,11,2,18,0.0588,12,
タガノエルピーダ,2026-08-22,新潟,7,3,18,0.1176,6,
タガノエルー,2026-05-02,新潟,9,3,15,0.1429,1,先行
タガノエルー,2026-07-19,函館,10,2,14,0.0769,2,先行
タガノエルー,2026-08-29,札幌,12,2,12,0.0909,2,先行
タガノカイ,2026-02-15,京都,9,6,11,0.5,10,先行
タガノカイ,2026-03-07,阪神,9,2,9,0.125,6,先行
タガノシャーンス,2026-02-21,阪神,10,7,16,0.4,9,先行
タガノシャーンス,2026-04-05,阪神,12,4,16,0.2,14,先行
タガノシャーンス,2026-05-03,京都,10,4,18,0.1765,17,先行
タガノスペルノヴァ,2026-04-25,福島,10,10,16,0.6,16,
タガノデュード,2026-01-04,京都,10,2,9,0.125,1,差し
タガノデュード,2026-02-22,小倉,11,4,16,0.2,1,差し
タガノデュード,2026-04-05,阪神,11,5,15,0.2857,4,差し
タガノデュード,2026-05-03,京都,11,6,15,0.3571,6,差し
タガノデュード,2026-06-14,阪神,11,9,18,0.4706,5,差し
タガノバビロン,2026-04-18,阪神,11,6,16,0.3333,4,差し
タガノバビロン,2026-06-20,東京,11,2,15,0.0714,4,差し
タガノバビロン,2026-08-29,新潟,8,4,11,0.3,2,差し
タガノプトゥリ,2026-08-08,中京,12,9,18,0.4706,14,先行
タガノヘラクレス,2026-01-11,京都,9,2,10,0.1111,6,先行
タガノヘラクレス,2026-04-26,京都,12,1,14,0.0,5,先行
タガノマカシヤ,2026-01-12,京都,10,2,16,0.0667,7,先行
タガノマカシヤ,2026-03-01,阪神,10,1,14,0.0,2,先行
タガノマカシヤ,2026-05-16,京都,10,2,15,0.0714,5,先行
タガノマカシヤ,2026-08-08,中京,7,5,8,0.5714,7,先行
タガノマルアフ,2026-05-10,新潟,10,7,14,0.4615,11,先行
タガノマルアフ,2026-06-13,東京,9,1,14,0.0,9,
タガノマルアフ,2026-08-01,中京,8,6,13,0.4167,10,
タガノミスト,2026-02-10,京都,10,3,16,0.1333,14,
タガノミスト,2026-04-11,福島,11,1,15,0.0,2,先行
タガノミスト,2026-05-17,京都,11,1,16,0.0,1,先行
タガノランパート,2026-08-16,中京,12,2,16,0.0667,2,差し
タキノボリ,2026-06-06,東京,12,9,16,0.5333,6,差し
タクシンイメル,2026-01-10,京都,11,8,16,0.4667,13,
タクシンイメル,2026-01-24,小倉,11,10,18,0.5294,18,
タケトンボ,2026-03-14,中京,10,1,10,0.0,10,
タケトンボ,2026-04-19,阪神,9,1,10,0.0,7,
タケルハーロック,2026-05-03,新潟,12,4,15,0.2143,1,
タケルハーロック,2026-06-27,福島,9,10,16,0.6,7,
タケルハーロック,2026-07-18,福島,10,5,15,0.2857,4,
タケルフォーカス,2026-08-15,札幌,12,4,14,0.2308,3,差し
タケルフォーカス,2026-08-30,札幌,12,1,14,0.0,1,差し
タシット,2026-01-12,中山,11,3,14,0.1538,5,先行
タシット,2026-03-15,中山,10,4,16,0.2,12,先行
タシット,2026-04-12,福島,11,3,15,0.1429,6,先行
タシット,2026-06-13,東京,11,1,13,0.0,2,先行
タシット,2026-07-12,函館,11,1,14,0.0,7,先行
タッカージーティー,2026-03-01,中山,12,9,16,0.5333,7,逃げ
タッカージーティー,2026-04-04,中山,12,5,16,0.2667,6,差し
タッカージーティー,2026-05-30,京都,12,1,16,0.0,3,差し
タッカージーティー,2026-06-27,福島,9,3,16,0.1333,4,差し
タッカーバレット,2026-04-26,福島,12,7,16,0.4,7,差し
タッカーバレット,2026-06-28,福島,12,5,14,0.3077,11,先行
タッセルノット,2026-08-30,新潟,11,4,14,0.2308,1,
タッチアンドムーブ,2026-04-05,中山,9,4,8,0.4286,6,
タッチャブル,2026-03-14,中京,11,7,14,0.4615,8,
タッチャブル,2026-05-10,東京,9,5,9,0.5,8,
タッチャブル,2026-06-13,東京,9,5,14,0.3077,7,
タナスーペルノーバ,2026-06-27,小倉,12,1,8,0.0,1,先行
タナスーペルノーバ,2026-07-11,小倉,10,3,18,0.1176,9,
タナスーペルノーバ,2026-09-05,中山,10,3,13,0.1667,7,先行
タニセンドリーム,2026-08-02,新潟,9,2,15,0.0714,11,差し
タニセンローマ,2026-08-01,新潟,10,3,14,0.1538,4,先行
タニセンローマ,2026-08-23,新潟,12,3,12,0.1818,3,差し
タビニュ,2026-08-30,札幌,12,5,14,0.3077,11,先行
タマカヅラ,2026-01-17,中山,12,1,16,0.0,5,
タマカヅラ,2026-04-11,福島,10,4,16,0.2,13,先行
タマカヅラ,2026-05-23,新潟,11,2,16,0.0667,16,先行
タマモイカロス,2026-02-28,阪神,10,5,9,0.5,1,先行
タマモイカロス,2026-03-21,中京,11,6,17,0.3125,6,差し
タマモイカロス,2026-05-30,京都,11,8,16,0.4667,3,差し
タマモイカロス,2026-08-09,中京,7,6,18,0.2941,6,差し
タマモカンパネラ,2026-04-25,東京,12,6,13,0.4167,6,
タマモカンパネラ,2026-05-23,東京,12,5,16,0.2667,8,
タマモカンパネラ,2026-06-28,函館,10,5,11,0.4,8,
タマモカンパネラ,2026-08-01,札幌,12,3,8,0.2857,6,
タマモキャリコ,2026-03-15,阪神,10,4,14,0.2308,6,先行
タマモキャリコ,2026-06-21,阪神,10,2,16,0.0667,3,先行
タマモジャスミン,2026-02-28,小倉,10,4,16,0.2,14,先行
タマモジャスミン,2026-07-05,小倉,10,3,16,0.1333,6,先行
タマモジャスミン,2026-08-16,中京,8,5,16,0.2667,6,先行
タマモダイジョッキ,2026-01-12,中山,10,11,16,0.6667,5,差し
タマモダイジョッキ,2026-02-21,阪神,10,9,16,0.5333,12,差し
タマモチョコチップ,2026-08-22,新潟,9,5,15,0.2857,1,
タマモティーカップ,2026-02-21,阪神,10,2,16,0.0667,2,差し
タマモティーカップ,2026-04-05,阪神,12,3,16,0.1333,9,先行
タマモナポリ,2026-01-31,小倉,10,3,16,0.1333,10,先行
タマモナポリ,2026-03-15,阪神,12,1,13,0.0,6,先行
タマモナポリ,2026-04-04,阪神,12,2,15,0.0714,6,先行
タマモナポリ,2026-06-13,阪神,10,3,16,0.1333,10,先行
タマモナポリ,2026-07-05,小倉,10,2,16,0.0667,2,先行
タマモパルファン,2026-08-30,中京,9,3,15,0.1429,14,
タマモヒロイン,2026-07-25,中京,10,7,12,0.5455,9,先行
タマモビスケット,2026-08-15,中京,12,1,16,0.0,6,
タマモブラウンタイ,2026-02-08,小倉,12,1,18,0.0,3,
タマモブラウンタイ,2026-02-21,小倉,12,4,18,0.1765,6,
タマモブラックタイ,2026-02-15,小倉,11,5,18,0.2353,8,先行
タマモブラックタイ,2026-03-15,阪神,11,3,16,0.1333,1,先行
タマモブラックタイ,2026-04-12,中山,11,5,16,0.2667,8,差し
タマモブラックタイ,2026-08-09,中京,7,7,18,0.3529,16,先行
タマモブレイキン,2026-08-01,新潟,10,1,14,0.0,2,
タマモブレイキン,2026-08-16,新潟,12,2,15,0.0714,1,
タマモプルメリア,2026-01-12,京都,10,4,16,0.2,11,先行
タマモランプ,2026-05-23,新潟,10,3,15,0.1429,11,
タマモヴェナトル,2026-05-03,東京,12,5,13,0.3333,9,差し
タミゼ,2026-01-31,小倉,9,5,14,0.3077,10,先行
タミゼ,2026-03-15,中京,9,4,15,0.2143,13,先行
タミゼ,2026-08-15,中京,6,2,11,0.1,9,先行
タヤスロレンヌ,2026-03-21,中京,11,7,17,0.375,17,差し
タヤスロレンヌ,2026-06-21,東京,12,4,16,0.2,11,差し
タリエシン,2026-03-22,中山,9,10,16,0.6,14,追込
タリエシン,2026-04-04,中山,10,7,15,0.4286,10,差し
タリスマン,2026-06-21,東京,12,4,16,0.2,7,追込
タリスマン,2026-08-15,中京,9,8,16,0.4667,3,差し
タルタロス,2026-04-12,福島,12,6,15,0.3571,5,逃げ
タルタロス,2026-05-09,新潟,12,7,12,0.5455,3,逃げ
タルタロス,2026-05-24,新潟,12,7,14,0.4615,7,逃げ
タルトポワール,2026-03-21,中山,12,6,16,0.3333,16,先行
タロ,2026-08-16,中京,12,4,16,0.2,6,
タンゴバイラリン,2026-01-04,中山,9,3,11,0.2,7,
タンゴバイラリン,2026-01-24,京都,10,4,15,0.2143,15,
タンゴバイラリン,2026-05-24,東京,12,7,16,0.4,14,差し
タンジェントアーク,2026-04-18,中山,11,8,10,0.7778,9,差し
タンテドヴィーヴル,2026-07-19,小倉,9,4,8,0.4286,2,差し
ターコイズフリンジ,2026-02-14,東京,10,5,16,0.2667,7,差し
ターコイズフリンジ,2026-04-18,中山,10,7,13,0.5,13,差し
ターフクリスタル,2026-08-15,新潟,8,11,15,0.7143,13,
ダイアナクイーン,2026-06-13,阪神,12,1,14,0.0,6,
ダイアナクイーン,2026-07-11,小倉,12,3,16,0.1333,2,
ダイシンアポロン,2026-01-05,中山,10,6,11,0.5,3,差し
ダイシンアポロン,2026-01-24,中山,9,4,9,0.375,9,差し
ダイシンアポロン,2026-04-05,中山,9,2,8,0.1429,2,
ダイシンドラゴン,2026-07-19,函館,11,4,13,0.25,3,差し
ダイシンバースディ,2026-03-21,中山,9,2,16,0.0667,13,差し
ダイシンバースディ,2026-04-05,中山,12,5,12,0.3636,12,先行
ダイシンピスケス,2026-04-11,福島,11,5,15,0.2857,10,先行
ダイシンピスケス,2026-05-03,東京,10,10,16,0.6,13,先行
ダイシンヤマト,2026-01-12,中山,11,7,14,0.4615,10,差し
ダイシンヤマト,2026-03-15,中山,10,7,16,0.4,9,差し
ダイシンリンク,2026-02-22,阪神,12,5,16,0.2667,4,差し
ダイシンリンク,2026-03-22,阪神,12,5,13,0.3333,6,
ダイシンリンク,2026-05-30,東京,9,6,16,0.3333,6,差し
ダイチノナポリ,2026-05-31,京都,11,2,9,0.125,2,先行
ダイチラポール,2026-03-21,中山,12,3,16,0.1333,8,
ダイチラポール,2026-05-03,新潟,12,6,15,0.3571,14,
ダイヒョウカーク,2026-08-01,新潟,10,5,14,0.3077,5,差し
ダイメイビッグボス,2026-07-19,函館,11,4,13,0.25,10,差し
ダイヤテソーロ,2026-08-22,新潟,10,2,15,0.0714,7,
ダイヤモンド,2026-03-07,阪神,12,4,16,0.2,12,
ダイヤモンド,2026-03-21,阪神,12,2,15,0.0714,5,先行
ダイヤモンド,2026-04-26,福島,12,1,16,0.0,2,先行
ダイヤモンド,2026-05-23,新潟,12,4,15,0.2143,15,先行
ダイヤモンドノット,2026-03-21,中京,11,4,17,0.1875,1,先行
ダイヤモンドノット,2026-05-10,東京,11,4,18,0.1765,5,
ダイヤモンドハンズ,2026-01-31,京都,12,6,17,0.3125,1,差し
ダイヤモンドハンズ,2026-05-09,京都,9,2,11,0.1,6,
ダイヤモンドハンズ,2026-05-23,京都,12,8,14,0.5385,13,差し
ダイヤモンドハンズ,2026-08-09,中京,6,5,7,0.6667,4,差し
ダイヤモンドフジ,2026-03-08,中山,12,8,16,0.4667,14,差し
ダイユウアレグロ,2026-02-01,東京,12,7,16,0.4,10,差し
ダイユウファリーナ,2026-08-23,新潟,9,9,15,0.5714,15,差し
ダイユウルミナス,2026-08-01,新潟,12,1,17,0.0,8,
ダイユウルミナス,2026-08-29,新潟,10,6,18,0.2941,4,
ダカラフェスティヴ,2026-01-12,中山,9,4,16,0.2,1,差し
ダカラフェスティヴ,2026-03-21,中山,10,8,13,0.5833,2,差し
ダカラフェスティヴ,2026-05-02,東京,9,7,16,0.4,12,差し
ダカラフェスティヴ,2026-05-24,東京,12,9,16,0.5333,11,差し
ダカラフェスティヴ,2026-07-12,福島,10,7,11,0.6,7,追込
ダガーリング,2026-03-15,中京,12,8,18,0.4118,10,先行
ダガーリング,2026-04-25,京都,9,1,16,0.0,1,先行
ダガーリング,2026-05-09,京都,9,2,11,0.1,2,
ダガーリング,2026-05-30,東京,10,4,11,0.3,3,先行
ダガーリング,2026-06-20,東京,10,2,14,0.0769,2,先行
ダガーリング,2026-08-29,中京,8,6,14,0.3846,7,先行
ダゴベルト,2026-07-26,新潟,12,7,15,0.4286,15,
ダズリングダンス,2026-03-15,中京,9,9,15,0.5714,9,
ダズリングダンス,2026-03-29,阪神,12,3,16,0.1333,8,
ダズリングダンス,2026-05-24,新潟,10,2,15,0.0714,13,
ダズリングダンス,2026-08-09,新潟,9,1,15,0.0,11,
ダディーズアイル,2026-05-03,新潟,12,8,15,0.5,7,
ダディーズグーグー,2026-07-26,中京,10,2,16,0.0667,11,先行
ダディーズトリップ,2026-06-21,阪神,12,9,13,0.6667,8,差し
ダディーズトリップ,2026-07-04,福島,10,8,10,0.7778,6,差し
ダディーズトリップ,2026-08-16,新潟,8,6,13,0.4167,9,差し
ダディーズビビッド,2026-02-21,阪神,11,11,18,0.5882,14,差し
ダディーズビビッド,2026-04-04,中山,11,9,16,0.5333,14,差し
ダニエルバローズ,2026-02-01,小倉,12,3,18,0.1176,12,
ダニーデン,2026-01-17,中山,10,5,16,0.2667,12,
ダニーデン,2026-02-22,東京,10,11,14,0.7692,12,
ダノンアトラス,2026-01-31,小倉,12,6,16,0.3333,3,差し
ダノンアトラス,2026-06-27,小倉,9,3,8,0.2857,4,差し
ダノンアンチュラス,2026-04-12,福島,9,2,13,0.0833,8,先行
ダノンアンチュラス,2026-07-11,小倉,9,5,11,0.4,9,先行
ダノンエアズロック,2026-01-12,中山,11,2,14,0.0769,2,先行
ダノンエアズロック,2026-03-15,中山,10,3,16,0.1333,4,先行
ダノンエアズロック,2026-06-13,東京,11,4,13,0.25,3,
ダノンエンブレム,2026-06-21,東京,10,5,16,0.2667,16,先行
ダノンオブアイデア,2026-08-16,中京,9,1,18,0.0,17,
ダノンオンザビート,2026-08-15,新潟,10,1,15,0.0,9,追込
ダノンカゼルタ,2026-01-10,京都,12,3,18,0.1176,17,
ダノンカゼルタ,2026-05-09,京都,10,4,8,0.4286,5,先行
ダノンカゼルタ,2026-06-21,阪神,9,3,7,0.3333,4,
ダノンカゼルタ,2026-07-12,小倉,10,2,11,0.1,2,先行
ダノンキラウェア,2026-02-28,阪神,12,6,18,0.2941,7,先行
ダノンキラウェア,2026-03-21,中京,9,3,10,0.2222,5,差し
ダノンキラウェア,2026-04-18,阪神,9,1,14,0.0,3,差し
ダノンキラウェア,2026-05-23,京都,12,3,14,0.1538,3,先行
ダノンキラウェア,2026-08-16,中京,8,4,16,0.2,3,先行
ダノンクロム,2026-01-31,京都,12,3,17,0.125,12,先行
ダノンクロム,2026-02-21,阪神,9,1,18,0.0,5,
ダノンクロム,2026-05-02,京都,12,7,10,0.6667,10,
ダノンゴーイチ,2026-02-21,小倉,12,5,18,0.2353,2,差し
ダノンゴーイチ,2026-03-15,中京,12,6,18,0.2941,8,差し
ダノンザボルケーノ,2026-01-11,中山,10,7,16,0.4,14,追込
ダノンザボルケーノ,2026-03-14,阪神,11,4,13,0.25,7,追込
ダノンザボルケーノ,2026-05-23,東京,11,7,16,0.4,15,追込
ダノンシーホーク,2026-08-23,札幌,9,5,13,0.3333,13,先行
ダノンシーマ,2026-01-31,東京,11,5,10,0.4444,1,先行
ダノンシーマ,2026-03-22,阪神,11,3,10,0.2222,3,差し
ダノンシーマ,2026-05-31,東京,12,7,14,0.4615,3,差し
ダノンシーマ,2026-08-30,新潟,8,3,11,0.2,3,差し
ダノンジャイアン,2026-03-21,中山,9,1,16,0.0,1,先行
ダノンジャイアン,2026-08-15,中京,7,2,8,0.1429,4,
ダノンジャガー,2026-03-14,中京,9,3,10,0.2222,7,差し
ダノンジョーカー,2026-03-01,阪神,9,3,9,0.25,1,差し
ダノンスウィッチ,2026-01-17,京都,11,2,16,0.0667,13,先行
ダノンスウィッチ,2026-04-05,阪神,12,3,16,0.1333,13,先行
ダノンスウィッチ,2026-07-19,小倉,10,8,16,0.4667,14,先行
ダノンステート,2026-07-26,中京,12,2,15,0.0714,2,差し
ダノンステート,2026-08-22,中京,12,6,17,0.3125,7,先行
ダノンセフィーロ,2026-02-10,東京,9,2,7,0.1667,7,差し
ダノンセフィーロ,2026-03-08,阪神,9,4,6,0.6,2,差し
ダノンセンチュリー,2026-02-15,東京,9,6,16,0.3333,1,先行
ダノンセンチュリー,2026-05-02,東京,11,7,18,0.3529,9,差し
ダノンセンチュリー,2026-07-26,新潟,7,7,14,0.4615,11,差し
ダノンタッチダウン,2026-08-16,新潟,7,6,15,0.3571,13,
ダノンテムズ,2026-07-11,小倉,9,2,11,0.1,7,差し
ダノンデサイル,2026-04-05,阪神,11,5,15,0.2857,3,差し
ダノンデサイル,2026-06-14,阪神,11,6,18,0.2941,3,差し
ダノンドナウ,2026-08-09,新潟,11,5,18,0.2353,4,差し
ダノンバーボン,2026-03-28,中山,10,2,10,0.1111,1,先行
ダノンヒストリー,2026-08-16,札幌,12,1,14,0.0,1,
ダノンピクチャー,2026-02-01,小倉,9,5,11,0.4,2,差し
ダノンピクチャー,2026-08-15,新潟,6,4,14,0.2308,9,先行
ダノンフィーゴ,2026-02-01,東京,11,5,16,0.2667,3,先行
ダノンフィーゴ,2026-07-26,中京,7,5,14,0.3077,10,差し
ダノンフェルゼン,2026-03-14,阪神,12,1,8,0.0,6,差し
ダノンフェルゼン,2026-05-24,京都,12,7,16,0.4,15,差し
ダノンフェルゼン,2026-07-26,中京,9,7,14,0.4615,12,追込
ダノンフェルゼン,2026-08-16,中京,11,4,16,0.2,15,差し
ダノンブギ,2026-01-31,京都,12,8,17,0.4375,4,差し
ダノンブギ,2026-02-21,阪神,9,6,18,0.2941,6,差し
ダノンブランニュー,2026-02-22,阪神,9,4,10,0.3333,8,差し
ダノンブランニュー,2026-05-17,京都,12,6,12,0.4545,7,差し
ダノンプリマ,2026-07-11,小倉,12,2,16,0.0667,1,先行
ダノンプレリュード,2026-08-30,中京,9,3,15,0.1429,9,先行
ダノンホイットニー,2026-06-14,東京,10,4,14,0.2308,12,先行
ダノンマッキンリー,2026-02-01,京都,11,6,18,0.2941,15,
ダノンマッキンリー,2026-03-29,中京,11,8,18,0.4118,7,差し
ダノンマッキンリー,2026-05-02,東京,11,9,18,0.4706,15,差し
ダノンマッキンリー,2026-06-13,函館,11,6,12,0.4545,4,差し
ダノンマッキンリー,2026-08-09,札幌,11,6,16,0.3333,4,差し
ダノンマッキンリー,2026-08-23,札幌,11,7,16,0.4,8,差し
ダノンミッション,2026-01-10,中山,10,3,16,0.1333,2,
ダノンミッション,2026-04-25,東京,9,2,9,0.125,1,
ダノンミッション,2026-08-30,札幌,11,4,14,0.2308,5,
ダノンモンテローザ,2026-03-29,阪神,12,5,16,0.2667,9,先行
ダノンモンテローザ,2026-08-09,新潟,9,5,15,0.2857,3,先行
ダノンモンテローザ,2026-08-29,中京,6,4,13,0.25,3,差し
ダブルジャッジ,2026-02-21,小倉,10,9,16,0.5333,16,
ダブルジョーク,2026-01-12,京都,10,3,16,0.1333,6,追込
ダブルジョーク,2026-03-01,阪神,10,3,14,0.1538,3,差し
ダブルジョーク,2026-04-12,阪神,12,4,13,0.25,1,追込
ダブルチャレンジ,2026-07-12,函館,12,2,8,0.1429,3,
ダブルチャレンジ,2026-08-16,札幌,9,2,16,0.0667,5,
ダブルハートボンド,2026-02-22,東京,11,3,16,0.1333,3,
ダブルメッセージ,2026-03-22,中京,10,7,16,0.4,16,
ダブルメッセージ,2026-05-10,東京,9,1,9,0.0,9,
ダマスク,2026-07-19,函館,11,7,13,0.5,9,先行
ダマスク,2026-08-22,札幌,9,5,14,0.3077,8,追込
ダミエ,2026-02-28,小倉,10,7,16,0.4,10,差し
ダンケルド,2026-04-04,中山,12,6,16,0.3333,12,
ダンケルド,2026-07-19,福島,9,2,16,0.0667,4,逃げ
ダンシングアウェイ,2026-08-29,新潟,9,6,13,0.4167,8,差し
ダンシングドール,2026-03-01,阪神,11,5,15,0.2857,9,差し
ダンシングドール,2026-03-28,阪神,9,3,7,0.3333,4,追込
ダンシングドール,2026-07-25,中京,9,8,16,0.4667,3,追込
ダンツウルス,2026-08-15,中京,8,3,10,0.2222,3,
ダンツエラン,2026-02-15,小倉,11,8,18,0.4118,18,差し
ダンツエラン,2026-04-11,福島,11,9,15,0.5714,15,差し
ダンツエラン,2026-06-27,函館,11,1,14,0.0,10,
ダンツエラン,2026-08-09,札幌,11,7,16,0.4,12,差し
ダンツシタン,2026-01-10,中山,9,2,10,0.1111,3,先行
ダンツシタン,2026-07-26,中京,8,2,12,0.0909,1,
ダンツシタン,2026-08-30,中京,6,3,16,0.1333,2,
ダンツファイター,2026-01-05,中山,10,1,11,0.0,1,
ダンツファイター,2026-04-05,中山,11,1,16,0.0,5,
ダンツファイター,2026-05-31,東京,10,3,17,0.125,3,
ダンツファイター,2026-07-11,函館,11,1,13,0.0,2,
ダンテスヴュー,2026-02-08,小倉,11,3,12,0.1818,8,先行
ダンディズム,2026-01-05,京都,11,3,9,0.25,5,差し
ダンディズム,2026-03-22,阪神,11,5,10,0.4444,10,差し
ダンディズム,2026-04-12,福島,11,7,15,0.4286,10,差し
ダンデノン,2026-03-01,阪神,11,1,15,0.0,5,
ダンデノン,2026-08-23,中京,11,3,17,0.125,4,
ダークエクリプス,2026-01-05,中山,11,5,14,0.3077,11,差し
ダークエクリプス,2026-05-03,京都,10,11,18,0.5882,11,差し
ダークエクリプス,2026-06-21,函館,11,8,15,0.5,14,差し
ダークエクリプス,2026-07-18,小倉,11,7,12,0.5455,6,差し
ダークエクリプス,2026-08-29,中京,7,7,15,0.4286,13,追込
ダークブロンド,2026-01-10,京都,12,4,18,0.1765,14,
ダークマルス,2026-01-24,京都,9,2,13,0.0833,13,
ダークマルス,2026-07-05,小倉,9,1,8,0.0,2,先行
ダーリングハースト,2026-04-12,阪神,9,4,14,0.2308,9,先行
ダーリングハースト,2026-08-30,新潟,11,5,14,0.3077,2,
チェイサー,2026-08-30,札幌,9,1,11,0.0,5,
チェカ,2026-08-15,中京,12,9,16,0.5333,15,
チェリヴェント,2026-06-07,阪神,12,1,12,0.0,1,
チェリヴェント,2026-08-09,新潟,7,3,12,0.1818,1,
チェルシー,2026-03-15,中山,12,6,16,0.3333,10,
チェルノボーグ,2026-01-05,京都,9,3,11,0.2,1,差し
チェルノボーグ,2026-03-14,阪神,10,4,11,0.3,3,先行
チェルノボーグ,2026-04-26,京都,10,2,18,0.0588,7,差し
チェルノボーグ,2026-05-17,京都,10,4,13,0.25,13,先行
チェルビアット,2026-02-14,京都,11,2,14,0.0769,2,
チェルビアット,2026-05-24,京都,11,6,13,0.4167,2,
チェルビアット,2026-08-16,中京,7,5,16,0.2667,7,
チェルヴァーラ,2026-08-15,中京,8,2,10,0.1111,1,差し
チェルヴィニア,2026-03-01,中山,11,7,14,0.4615,5,
チェルヴィニア,2026-05-17,東京,11,2,18,0.0588,16,
チェルヴィニア,2026-08-30,新潟,8,4,11,0.3,8,差し
チカッパ,2026-02-01,東京,11,6,16,0.3333,8,差し
チカバリエンテ,2026-08-22,札幌,9,6,14,0.3846,9,差し
チギリ,2026-04-12,福島,12,4,15,0.2143,3,差し
チギリ,2026-05-16,東京,12,4,14,0.2308,1,差し
チギリ,2026-07-12,福島,10,5,11,0.4,10,差し
チムグクル,2026-01-10,京都,12,8,18,0.4118,2,差し
チムグクル,2026-03-28,阪神,10,9,11,0.8,3,差し
チムグクル,2026-05-23,東京,10,6,16,0.3333,2,差し
チムグクル,2026-06-20,東京,10,6,14,0.3846,8,差し
チムニートップス,2026-03-28,阪神,12,5,14,0.3077,10,
チムニートップス,2026-06-13,東京,9,4,14,0.2308,12,
チャコワールド,2026-05-23,新潟,12,9,15,0.5714,14,追込
チャチャット,2026-07-26,新潟,12,7,15,0.4286,14,差し
チャチャット,2026-08-16,新潟,12,6,15,0.3571,10,差し
チャチャピンク,2026-06-28,小倉,12,5,16,0.2667,5,追込
チャチャピンク,2026-07-18,小倉,12,5,14,0.3077,8,追込
チャックネイト,2026-06-28,函館,11,4,15,0.2143,7,
チャリングクロス,2026-04-11,中山,9,2,7,0.1667,1,差し
チャリングクロス,2026-06-20,東京,9,3,10,0.2222,1,差し
チャリングクロス,2026-08-30,新潟,7,5,12,0.3636,7,先行
チャロ,2026-01-11,中山,12,10,16,0.6,14,先行
チャロ,2026-03-29,中京,12,5,16,0.2667,16,先行
チャンネルトンネル,2026-04-12,中山,10,5,12,0.3636,2,差し
チャンネルトンネル,2026-05-09,東京,9,5,12,0.3636,9,差し
チャンネルトンネル,2026-06-14,阪神,10,6,14,0.3846,7,差し
チャンネルトンネル,2026-08-29,中京,7,7,15,0.4286,2,
チャンピオンロード,2026-08-29,中京,11,4,13,0.25,13,差し
チャージドアップ,2026-04-26,福島,12,5,16,0.2667,15,逃げ
チャームドウイング,2026-08-23,新潟,12,5,12,0.3636,9,
チャーリー,2026-03-28,中山,10,5,10,0.4444,3,差し
チャーリー,2026-06-21,函館,10,1,9,0.0,1,差し
チャーリー,2026-08-02,札幌,10,3,10,0.2222,5,差し
チュウワカーネギー,2026-02-14,京都,9,1,11,0.0,2,逃げ
チュウワカーネギー,2026-03-22,中京,9,2,10,0.1111,5,逃げ
チュウワカーネギー,2026-05-09,東京,10,2,15,0.0714,4,逃げ
チュウワクリスエス,2026-01-17,中山,10,1,16,0.0,1,
チュウワクリスエス,2026-03-29,中山,11,2,15,0.0714,6,先行
チュウワクリスエス,2026-05-23,京都,11,7,16,0.4,13,先行
チュウワクリスエス,2026-07-18,函館,11,8,13,0.5833,9,先行
チュウワダイオウ,2026-05-09,新潟,12,3,12,0.1818,4,差し
チュウワチーフ,2026-03-08,阪神,12,6,13,0.4167,2,
チュウワチーフ,2026-03-29,中京,12,4,16,0.2,4,先行
チュウワチーフ,2026-07-25,中京,6,3,16,0.1333,6,先行
チュウワメロディー,2026-07-26,中京,12,3,15,0.1429,3,先行
チュウワメロディー,2026-08-22,中京,12,3,17,0.125,1,先行
チュラヴェール,2026-08-29,新潟,12,2,15,0.0714,8,
チューラワンサ,2026-04-26,東京,9,5,16,0.2667,12,差し
チューラワンサ,2026-07-25,新潟,7,1,17,0.0,6,差し
チョウスター,2026-08-15,中京,12,1,16,0.0,3,
チョングク,2026-01-24,中山,12,4,12,0.2727,8,追込
チョングク,2026-03-07,中山,12,7,16,0.4,9,差し
チョングク,2026-03-21,中京,12,8,14,0.5385,10,差し
チヨ,2026-08-02,中京,12,6,17,0.3125,7,差し
チリーゴールド,2026-07-26,中京,9,9,14,0.6154,7,差し
チリーゴールド,2026-08-23,中京,11,9,17,0.5,15,差し
チルカーノ,2026-02-01,京都,10,5,8,0.5714,8,差し
チルカーノ,2026-04-12,阪神,10,5,15,0.2857,5,差し
チルカーノ,2026-05-03,東京,9,10,18,0.5294,15,差し
チルカーノ,2026-08-22,札幌,11,6,12,0.4545,12,差し
チームユートピア,2026-08-02,新潟,10,2,14,0.0769,11,
ツァガーンサル,2026-06-20,東京,12,6,16,0.3333,14,差し
ツァガーンサル,2026-08-22,新潟,9,4,15,0.2143,10,追込
ツィスカリーゼ,2026-02-08,小倉,12,10,18,0.5294,6,差し
ツィスカリーゼ,2026-03-15,中京,12,7,18,0.3529,11,追込
ツインクルトーズ,2026-01-17,中山,11,8,16,0.4667,14,
ツインピークス,2026-08-22,新潟,10,8,15,0.5,8,
ツキノアカリ,2026-01-31,京都,11,4,13,0.25,8,差し
ツキノアカリ,2026-03-14,中山,10,9,16,0.5333,15,差し
ツキノアカリ,2026-05-02,新潟,11,6,15,0.3571,9,差し
ツマヤ,2026-06-21,東京,12,5,16,0.2667,10,先行
ツルノマイハシ,2026-05-09,新潟,9,7,14,0.4615,7,差し
ツルノマイハシ,2026-09-05,札幌,10,3,16,0.1333,4,先行
ツルマウカタチ,2026-05-02,新潟,10,7,15,0.4286,13,差し
ツルマウカタチ,2026-05-30,東京,10,5,11,0.4,6,追込
ツルマウカタチ,2026-08-01,新潟,6,8,12,0.6364,5,差し
ツルマウカタチ,2026-08-29,新潟,7,5,17,0.25,10,追込
ツーエムクロノス,2026-01-17,京都,12,9,18,0.4706,16,差し
ツーエムクロノス,2026-05-09,京都,9,5,11,0.4,7,
ツーエムクロノス,2026-05-24,京都,9,6,10,0.5556,8,差し
ツーエムクロノス,2026-06-07,阪神,10,5,9,0.5,8,差し
ツーエムクロノス,2026-07-26,中京,6,6,10,0.5556,10,先行
ツークフォーゲル,2026-01-05,京都,10,7,16,0.4,10,差し
ツーネサーン,2026-03-29,阪神,12,5,16,0.2667,6,先行
ツーネサーン,2026-04-04,阪神,12,2,15,0.0714,13,先行
ツーネサーン,2026-05-23,東京,10,5,16,0.2667,3,先行
ツーネサーン,2026-06-06,東京,10,5,17,0.25,7,差し
ツーネサーン,2026-08-29,中京,8,5,14,0.3077,8,先行
ツーピース,2026-06-13,阪神,10,4,16,0.2,13,逃げ
ツーピース,2026-07-05,小倉,10,5,16,0.2667,16,
ティアップドライブ,2026-06-20,東京,12,6,16,0.3333,7,
ティエラレイナ,2026-08-16,中京,10,5,16,0.2667,10,先行
ティグリス,2026-08-08,中京,12,4,18,0.1765,11,先行
ティティナ,2026-03-07,中山,12,5,16,0.2667,16,
ティティナ,2026-05-16,新潟,9,2,16,0.0667,14,逃げ
ティニア,2026-01-17,中山,11,9,16,0.5333,13,差し
ティニア,2026-05-16,京都,11,5,16,0.2667,7,差し
ティニア,2026-06-27,函館,11,5,14,0.3077,5,
ティピティーナ,2026-03-15,中京,12,9,18,0.4706,14,先行
ティピティーナ,2026-05-17,新潟,12,1,11,0.0,2,先行
ティピティーナ,2026-08-23,新潟,9,4,15,0.2143,14,先行
ティブロン,2026-02-01,東京,12,6,16,0.3333,11,差し
ティムール,2026-03-07,阪神,9,4,9,0.375,3,差し
ティムール,2026-08-29,新潟,7,11,17,0.625,14,差し
ティラーノ,2026-05-09,京都,11,6,16,0.3333,12,差し
ティラーノ,2026-08-01,新潟,8,7,13,0.5,10,差し
ティンティンデオ,2026-06-21,阪神,10,7,16,0.4,16,差し
ティンティンデオ,2026-07-12,福島,10,8,11,0.7,11,差し
ティンブロポップ,2026-08-01,新潟,11,9,18,0.4706,12,追込
テイエムアイラン,2026-05-23,京都,9,1,11,0.0,1,先行
テイエムアイラン,2026-08-08,中京,6,1,11,0.0,1,
テイエムキハク,2026-05-09,東京,10,4,15,0.2143,8,先行
テイエムゴッホ,2026-06-27,函館,12,1,10,0.0,1,
テイエムスティール,2026-01-17,京都,10,6,9,0.625,3,差し
テイエムスティール,2026-03-07,阪神,11,7,18,0.3529,11,差し
テイエムスティール,2026-08-08,中京,11,7,12,0.5455,8,差し
テイエムスパーダ,2026-03-15,阪神,11,1,16,0.0,6,
テイエムタリスマ,2026-01-05,京都,10,3,16,0.1333,14,先行
テイエムタリスマ,2026-03-28,中山,9,3,16,0.1333,11,先行
テイエムトッキュウ,2026-02-10,京都,10,8,16,0.4667,16,
テイエムトッキュウ,2026-03-22,中山,11,1,16,0.0,16,
テイエムパイロット,2026-03-29,阪神,9,2,15,0.0714,1,
テイエムパイロット,2026-04-26,京都,12,6,14,0.3846,8,先行
テイエムパイロット,2026-07-26,中京,8,2,12,0.0909,4,差し
テイエムパイロット,2026-09-05,阪神,9,1,11,0.0,8,先行
テイエムヒショウ,2026-04-04,阪神,12,1,15,0.0,1,差し
テイエムヒショウ,2026-05-03,京都,12,2,16,0.0667,14,
テイエムランウェイ,2026-01-17,京都,11,2,16,0.0667,12,先行
テイエムリステット,2026-01-17,中山,11,1,16,0.0,6,差し
テイエムリステット,2026-04-26,福島,11,2,16,0.0667,15,
テイキットイージー,2026-02-28,小倉,9,5,16,0.2667,11,差し
テイキットイージー,2026-04-12,福島,9,4,13,0.25,7,差し
テイキットイージー,2026-07-18,福島,9,5,12,0.3636,4,差し
テイキットイージー,2026-08-09,新潟,10,4,7,0.5,6,差し
テイキットイージー,2026-08-29,新潟,9,3,13,0.1667,5,差し
テイクイットオール,2026-02-21,小倉,12,7,18,0.3529,16,先行
テイクイットオール,2026-07-05,小倉,12,4,16,0.2,6,差し
テイクザクラウン,2026-02-28,小倉,9,7,16,0.4,3,差し
テイクザクラウン,2026-04-12,福島,9,3,13,0.1667,2,差し
テイクザクラウン,2026-08-15,札幌,12,6,14,0.3846,5,差し
テイクザクラウン,2026-08-30,札幌,12,2,14,0.0769,6,差し
テイスティング,2026-01-11,京都,12,5,18,0.2353,14,
テウメッサ,2026-02-15,東京,9,7,16,0.4,8,差し
テウメッサ,2026-04-12,中山,10,3,12,0.1818,10,差し
テウメッサ,2026-05-31,東京,10,11,17,0.625,14,差し
テウメッサ,2026-08-22,新潟,6,10,18,0.5294,17,差し
テクノデザイン,2026-02-08,小倉,12,9,18,0.4706,14,差し
テクノデザイン,2026-02-28,小倉,12,6,18,0.2941,5,差し
テクノデザイン,2026-03-14,中京,12,8,18,0.4118,6,差し
テスティモーネ,2026-03-15,阪神,10,4,14,0.2308,1,先行
テスティモーネ,2026-05-10,京都,11,2,16,0.0667,1,先行
テセラリアン,2026-01-04,中山,12,4,16,0.2,7,
テセラリアン,2026-03-22,中山,9,4,16,0.2,6,
テセラリアン,2026-05-24,新潟,10,1,15,0.0,1,
テセラリアン,2026-07-04,福島,11,1,10,0.0,4,
テラシエスタ,2026-08-29,新潟,12,4,15,0.2143,4,追込
テラステラ,2026-03-15,中京,9,7,15,0.4286,5,差し
テラステラ,2026-03-22,阪神,12,3,13,0.1667,12,
テラステラ,2026-05-16,京都,12,6,15,0.3571,7,差し
テラステラ,2026-06-07,阪神,9,9,16,0.5333,15,差し
テラメリタ,2026-02-22,阪神,9,2,10,0.1111,2,差し
テラメリタ,2026-03-22,阪神,9,3,8,0.2857,1,差し
テラメリタ,2026-06-14,阪神,10,7,14,0.4615,9,差し
テラメリタ,2026-08-01,中京,7,2,11,0.1,2,
テリオスサラ,2026-03-14,中山,10,5,16,0.2667,9,
テリオスサラ,2026-05-23,京都,10,5,16,0.2667,10,差し
テリオスサラ,2026-07-18,福島,11,8,16,0.4667,8,先行
テリオスララ,2026-02-10,東京,10,1,11,0.0,1,先行
テリオスララ,2026-03-08,阪神,11,1,12,0.0,10,
テリオスララ,2026-06-21,東京,11,2,16,0.0667,16,
テリオスレイ,2026-08-22,新潟,12,3,15,0.1429,3,先行
テリフィックプラン,2026-05-17,東京,12,8,16,0.4667,14,差し
テリフィックプラン,2026-08-22,中京,7,3,16,0.1333,6,先行
テルアスワッド,2026-05-16,新潟,10,1,9,0.0,4,
テルアスワッド,2026-07-19,函館,10,8,14,0.5385,12,
テルケンユミクイン,2026-08-08,新潟,9,8,15,0.5,15,先行
テルヒコウ,2026-03-15,中山,11,3,16,0.1333,14,
テルヒコウ,2026-04-25,東京,11,1,18,0.0,14,
テルヒコウ,2026-07-12,函館,9,1,14,0.0,2,
テルヒコウ,2026-08-01,札幌,9,2,7,0.1667,6,逃げ
テルヒコウ,2026-08-23,札幌,12,2,14,0.0769,14,
テルヴィセクス,2026-03-21,中京,11,7,17,0.375,14,先行
テルヴィセクス,2026-07-12,小倉,12,4,17,0.1875,7,先行
テルヴィセクス,2026-07-26,中京,9,3,14,0.1538,11,先行
テレサ,2026-01-24,小倉,11,3,18,0.1176,4,逃げ
テレサ,2026-04-19,福島,11,2,16,0.0667,5,差し
テレサ,2026-06-21,東京,11,5,16,0.2667,15,
テレサ,2026-09-05,中山,11,4,16,0.2,13,先行
テンエースワン,2026-03-28,中京,9,3,9,0.25,7,
テンエースワン,2026-07-12,小倉,9,5,10,0.4444,5,
テンエースワン,2026-08-01,中京,8,4,13,0.25,6,
テンカタイヘイ,2026-09-05,札幌,11,3,9,0.25,5,差し
テンカムテキ,2026-01-10,中山,9,1,10,0.0,2,差し
テンカムテキ,2026-06-07,東京,12,2,16,0.0667,5,差し
テンカムテキ,2026-08-09,新潟,7,4,12,0.2727,8,差し
テンカラットレター,2026-08-23,新潟,12,2,12,0.0909,4,差し
テンクウジョー,2026-04-04,阪神,12,4,15,0.2143,9,
テンクウジョー,2026-04-25,東京,12,7,13,0.5,7,
テンクウハット,2026-01-05,京都,12,9,15,0.5714,15,先行
テンクウハット,2026-08-22,新潟,9,8,15,0.5,13,差し
テングカゼ,2026-09-05,札幌,11,5,9,0.5,8,差し
テンドリームガール,2026-05-09,新潟,10,6,13,0.4167,8,差し
テンドリームガール,2026-05-24,新潟,9,6,14,0.3846,10,差し
テンドリームガール,2026-07-12,福島,9,5,14,0.3077,13,差し
テンハートビート,2026-07-25,新潟,12,4,17,0.1875,13,先行
テンプーシャオン,2026-04-18,福島,12,5,16,0.2667,7,差し
テンミラクルスター,2026-05-31,東京,10,1,17,0.0,6,差し
テンミラクルスター,2026-08-09,新潟,6,5,13,0.3333,11,
テーオーアルアイン,2026-03-08,阪神,9,2,6,0.2,5,先行
テーオーアルアイン,2026-03-22,中京,9,5,10,0.4444,1,先行
テーオーアルアイン,2026-05-31,京都,11,3,9,0.25,3,差し
テーオーアルアイン,2026-06-14,東京,9,5,11,0.4,4,
テーオーアンジェラ,2026-07-25,中京,9,7,16,0.4,13,先行
テーオーエリーナ,2026-07-26,中京,12,6,15,0.3571,14,先行
テーオーカイザー,2026-03-28,中山,10,3,10,0.2222,7,先行
テーオーカイザー,2026-08-08,中京,8,3,12,0.1818,3,先行
テーオーグランビル,2026-01-11,中山,10,1,16,0.0,12,
テーオーグランビル,2026-05-10,京都,11,6,16,0.3333,12,先行
テーオーグランビル,2026-06-13,阪神,11,5,16,0.2667,12,先行
テーオーグレーザー,2026-03-15,中京,10,1,12,0.0,2,先行
テーオーグレーザー,2026-04-05,阪神,9,2,12,0.0909,7,先行
テーオーグレーザー,2026-06-13,阪神,10,1,16,0.0,1,先行
テーオーシュタイン,2026-02-21,阪神,9,7,18,0.3529,3,差し
テーオーシュタイン,2026-06-20,阪神,9,2,10,0.1111,4,差し
テーオーシュタイン,2026-08-23,中京,6,6,14,0.3846,3,差し
テーオーダグラス,2026-03-15,阪神,10,6,14,0.3846,13,先行
テーオーダグラス,2026-04-26,京都,10,7,18,0.3529,12,先行
テーオーダグラス,2026-05-31,東京,10,3,17,0.125,8,差し
テーオーダグラス,2026-06-27,福島,11,6,9,0.625,4,差し
テーオーダグラス,2026-08-22,札幌,11,5,12,0.3636,7,差し
テーオーダグラス,2026-09-05,阪神,10,5,7,0.6667,4,差し
テーオーダヴィンチ,2026-02-22,阪神,10,1,8,0.0,4,差し
テーオーダヴィンチ,2026-05-31,京都,12,7,18,0.3529,13,差し
テーオーダヴィンチ,2026-06-28,小倉,11,5,8,0.5714,1,差し
テーオードレフォン,2026-07-18,函館,11,4,13,0.25,6,先行
テーオードレフォン,2026-08-08,札幌,11,6,11,0.5,6,先行
テーオーパスワード,2026-04-26,東京,10,3,15,0.1429,2,差し
テーオーパスワード,2026-05-30,東京,11,4,16,0.2,1,先行
テーオーパスワード,2026-08-08,札幌,11,4,11,0.3,3,
テーオーマルコーニ,2026-01-11,京都,9,4,10,0.3333,4,差し
テーオーマルコーニ,2026-03-14,中京,11,4,14,0.2308,1,先行
テーオーマルコーニ,2026-03-29,中京,10,3,14,0.1538,2,差し
テーオーマルコーニ,2026-05-30,京都,10,2,16,0.0667,1,差し
テーオーミリカン,2026-07-11,小倉,12,9,16,0.5333,16,差し
テーオーライマン,2026-02-28,小倉,10,4,16,0.2,2,差し
テーオーライマン,2026-03-22,中京,10,6,16,0.3333,9,差し
テーオーライマン,2026-05-03,京都,9,4,9,0.375,5,差し
テーオーライマン,2026-06-28,小倉,10,3,16,0.1333,5,差し
テーオールビー,2026-02-21,小倉,11,3,13,0.1667,9,
テーオールビー,2026-03-21,中山,10,2,13,0.0833,7,
テーオールビー,2026-05-03,京都,12,5,16,0.2667,11,先行
テーオールビー,2026-06-27,小倉,11,4,15,0.2143,6,
テーオールビー,2026-07-19,小倉,10,3,16,0.1333,12,先行
テーオーレガシー,2026-05-09,京都,12,7,13,0.5,13,先行
テーオーレガシー,2026-08-02,中京,9,4,9,0.375,4,差し
デアグランツ,2026-08-15,札幌,9,2,8,0.1429,1,差し
デアトゥノウ,2026-08-01,新潟,10,2,14,0.0769,10,先行
デアプリームス,2026-07-12,函館,10,1,12,0.0,4,先行
デアプリームス,2026-08-02,札幌,9,1,12,0.0,5,
デアリングエア,2026-01-10,京都,12,3,18,0.1176,3,差し
デアリングエア,2026-03-14,中京,12,5,18,0.2353,16,先行
デアリングエア,2026-04-19,福島,9,3,16,0.1333,7,差し
デアヴェローチェ,2026-03-07,阪神,11,4,18,0.1765,4,差し
デアヴェローチェ,2026-05-30,京都,11,3,16,0.1333,1,差し
デアヴェローチェ,2026-07-05,小倉,11,8,13,0.5833,10,差し
ディアアズール,2026-08-01,新潟,8,4,13,0.25,2,先行
ディアウス,2026-02-08,小倉,10,2,15,0.0714,2,
ディアウス,2026-02-28,小倉,10,5,16,0.2667,7,先行
ディアウス,2026-05-16,新潟,10,1,9,0.0,2,差し
ディアウス,2026-07-04,函館,10,2,14,0.0769,6,先行
ディアウス,2026-08-29,札幌,12,4,12,0.2727,8,
ディアダイヤモンド,2026-01-12,京都,11,6,16,0.3333,9,逃げ
ディアダイヤモンド,2026-03-14,中山,11,2,16,0.0667,1,差し
ディアダイヤモンド,2026-04-12,阪神,11,4,18,0.1765,12,先行
ディアドコス,2026-03-14,阪神,9,2,15,0.0714,3,差し
ディアドコス,2026-05-03,京都,10,8,18,0.4118,5,先行
ディアドコス,2026-05-31,京都,12,3,18,0.1176,8,差し
ディアナザール,2026-02-21,阪神,11,1,18,0.0,4,逃げ
ディアナザール,2026-05-16,京都,11,1,16,0.0,3,先行
ディアナザール,2026-08-09,中京,7,11,18,0.5882,9,差し
ディアボリカドンナ,2026-05-10,新潟,9,3,14,0.1538,13,先行
ディエスルージュ,2026-08-08,新潟,12,4,15,0.2143,3,
ディオスパーダ,2026-01-11,京都,9,5,10,0.4444,8,差し
ディクシーヴォーグ,2026-04-11,福島,12,7,16,0.4,12,
ディクシーヴォーグ,2026-06-21,東京,12,7,16,0.4,16,先行
ディサイドオンミー,2026-08-22,新潟,12,6,15,0.3571,11,先行
ディサイドオンミー,2026-08-29,新潟,10,12,18,0.6471,15,差し
ディズレーリ,2026-03-28,中京,9,2,9,0.125,1,
ディズレーリ,2026-05-30,東京,12,5,16,0.2667,14,
ディナン,2026-06-20,函館,12,1,11,0.0,1,逃げ
ディナースタ,2026-04-18,中山,11,3,10,0.2222,2,差し
ディニトーソ,2026-02-10,京都,12,2,15,0.0714,1,先行
ディニトーソ,2026-02-28,中山,10,6,16,0.3333,10,先行
ディニトーソ,2026-04-19,阪神,10,5,13,0.3333,9,先行
ディニトーソ,2026-06-14,阪神,12,4,15,0.2143,12,先行
ディバインウインド,2026-02-15,東京,11,3,9,0.25,5,先行
ディバイングレース,2026-02-22,小倉,12,9,18,0.4706,5,差し
ディヒターリーベ,2026-07-25,札幌,9,5,10,0.4444,2,先行
ディヒターリーベ,2026-09-05,札幌,9,2,14,0.0769,4,追込
ディベルティスマン,2026-08-30,札幌,12,3,14,0.1538,4,先行
ディペンダブル,2026-08-08,新潟,9,4,15,0.2143,7,
ディマイザキッド,2026-03-15,中京,11,8,14,0.5385,7,差し
ディマイザキッド,2026-06-13,東京,11,9,13,0.6667,13,追込
ディマイザキッド,2026-08-08,新潟,7,8,16,0.4667,7,追込
ディメンシア,2026-08-16,新潟,12,8,15,0.5,11,追込
ディレクティオ,2026-08-16,新潟,10,5,15,0.2857,9,差し
ディヴァインスカイ,2026-04-25,福島,9,7,16,0.4,7,先行
ディヴァインスカイ,2026-07-18,福島,12,1,16,0.0,7,先行
ディヴァインスター,2026-02-22,東京,10,5,14,0.3077,7,先行
ディヴァインスター,2026-03-14,阪神,10,6,11,0.5,7,先行
ディヴァインスター,2026-05-16,東京,11,3,15,0.1429,11,先行
ディヴィナシオン,2026-01-17,中山,11,4,16,0.2,15,差し
ディーエスショウマ,2026-02-14,小倉,10,3,14,0.1538,11,先行
ディーエスショウマ,2026-04-12,福島,10,5,16,0.2667,13,先行
ディーエスショウマ,2026-07-04,小倉,10,5,12,0.3636,7,差し
ディーエストッキー,2026-03-07,阪神,12,9,16,0.5333,4,
ディーエストッキー,2026-03-21,阪神,12,7,15,0.4286,7,
ディーガレジェンド,2026-01-17,京都,9,2,10,0.1111,4,
ディーガレジェンド,2026-03-14,中京,10,3,10,0.2222,8,
ディーガレジェンド,2026-03-28,中京,10,1,12,0.0,1,
ディーガレジェンド,2026-04-19,中山,12,2,18,0.0588,3,
ディーガレジェンド,2026-05-10,京都,9,2,13,0.0833,10,
ディーガレジェンド,2026-08-22,札幌,11,7,12,0.5455,4,
ディースプレマシー,2026-06-13,函館,12,4,12,0.2727,4,
ディーズゴールド,2026-02-28,中山,12,1,16,0.0,4,
ディーズゴールド,2026-04-25,東京,12,5,13,0.3333,4,先行
ディーズゴールド,2026-07-04,福島,10,2,10,0.1111,1,先行
ディープリッチ,2026-03-14,中山,10,8,16,0.4667,14,
ディーリライズ,2026-06-13,函館,9,4,11,0.3,8,差し
ディーリライズ,2026-07-18,函館,9,5,13,0.3333,5,差し
ディーリライズ,2026-08-09,札幌,12,4,8,0.4286,6,差し
ディーリライズ,2026-08-30,札幌,12,2,14,0.0769,3,差し
ディールメーカー,2026-04-11,中山,11,2,15,0.0714,4,
ディールメーカー,2026-06-28,福島,11,1,16,0.0,2,
ディールメーカー,2026-09-05,中山,11,5,16,0.2667,8,
ディーンズリスター,2026-03-14,中京,9,4,10,0.3333,3,
ディーンズリスター,2026-08-29,新潟,9,4,13,0.25,7,差し
デイジー,2026-04-11,福島,9,4,16,0.2,12,先行
デイジー,2026-09-05,中山,9,2,15,0.0714,2,先行
デイトナモード,2026-01-31,小倉,11,2,18,0.0588,1,差し
デイトナモード,2026-02-15,小倉,11,6,18,0.2941,17,先行
デイトナモード,2026-05-16,京都,11,3,16,0.1333,10,先行
デイトナモード,2026-08-22,新潟,7,7,18,0.3529,18,先行
デコラシオン,2026-01-04,中山,9,2,11,0.1,4,
デコラシオン,2026-03-07,中山,10,3,13,0.1667,8,
デザートスピリット,2026-09-05,札幌,11,4,9,0.375,3,差し
デビットバローズ,2026-04-05,阪神,11,5,15,0.2857,8,先行
デビットバローズ,2026-06-28,函館,11,3,15,0.1429,11,先行
デビッドテソーロ,2026-03-22,中山,9,9,16,0.5333,9,
デビューフライト,2026-01-18,京都,12,4,10,0.3333,6,差し
デビューフライト,2026-01-31,小倉,12,4,16,0.2,6,先行
デビューフライト,2026-05-09,新潟,10,4,13,0.25,13,
デファイ,2026-03-22,中山,12,8,16,0.4667,15,先行
デファイ,2026-05-02,新潟,10,6,15,0.3571,4,差し
デファイ,2026-05-17,東京,9,6,12,0.4545,6,差し
デボラ,2026-04-18,福島,12,6,16,0.3333,13,差し
デュアルアップ,2026-04-19,福島,9,9,16,0.5333,16,差し
デュアルロール,2026-04-18,阪神,12,12,15,0.7857,13,差し
デュアルロール,2026-07-18,小倉,12,7,14,0.4615,10,差し
デュガ,2026-01-11,京都,11,2,16,0.0667,12,
デュガ,2026-04-12,中山,11,3,16,0.1333,4,
デリシュー,2026-08-01,新潟,8,6,13,0.4167,7,差し
デリシューズマン,2026-08-08,新潟,12,8,15,0.5,5,
デルアヴァー,2026-01-12,京都,10,6,16,0.3333,8,差し
デルアヴァー,2026-08-09,新潟,6,7,13,0.5,4,差し
デルシエロ,2026-06-27,小倉,9,4,8,0.4286,3,差し
デルシエロ,2026-07-11,函館,9,2,10,0.1111,2,差し
デルシエロ,2026-07-26,札幌,12,4,9,0.375,4,差し
デルシエロ,2026-08-23,札幌,9,3,13,0.1667,6,差し
デルシエロ,2026-09-05,札幌,9,4,14,0.2308,13,差し
デルニエジョイ,2026-08-30,中京,11,2,18,0.0588,8,先行
デルマエアロール,2026-08-01,新潟,9,3,14,0.1538,11,先行
デルマサクラサク,2026-08-08,札幌,9,5,13,0.3333,5,
デルマザオウ,2026-08-16,新潟,10,1,15,0.0,3,差し
デルマジュテーム,2026-01-12,中山,12,8,18,0.4118,7,
デルマジュテーム,2026-07-26,札幌,12,3,9,0.25,1,先行
デルマジュテーム,2026-08-08,札幌,10,4,8,0.4286,7,差し
デルマタモン,2026-02-28,中山,12,6,16,0.3333,13,
デルマタモン,2026-04-04,中山,10,7,15,0.4286,7,
デルマタモン,2026-05-30,東京,12,8,16,0.4667,13,
デルマタモン,2026-06-13,東京,9,5,14,0.3077,10,
デルマトカチ,2026-08-16,中京,9,8,18,0.4118,13,
デルマホダカ,2026-05-02,京都,9,7,9,0.75,6,差し
デルマホダカ,2026-08-30,札幌,9,4,11,0.3,4,差し
デルマリシリ,2026-02-21,小倉,9,2,10,0.1111,2,先行
デルマリシリ,2026-06-20,函館,9,1,12,0.0,2,先行
デンプシー,2026-05-09,新潟,9,3,14,0.1538,2,先行
デンプシー,2026-08-02,札幌,12,5,14,0.3077,2,先行
デンプシー,2026-08-30,札幌,10,2,16,0.0667,5,先行
デールエルバハリ,2026-05-02,京都,11,6,12,0.4545,8,差し
トゥデイイズザデイ,2026-03-08,阪神,11,3,12,0.1818,11,差し
トゥデイイズザデイ,2026-04-12,福島,11,6,15,0.3571,13,先行
トゥルブレンシア,2026-01-18,京都,10,8,16,0.4667,6,追込
トゥルブレンシア,2026-05-09,京都,12,4,13,0.25,7,差し
トゥルーサクセサー,2026-05-09,新潟,10,8,13,0.5833,4,差し
トゥルーサクセサー,2026-05-23,新潟,10,7,15,0.4286,2,差し
トゥロン,2026-01-18,京都,9,4,16,0.2,1,差し
トゥロン,2026-02-21,阪神,10,4,16,0.2,4,差し
トゥロン,2026-05-17,東京,12,8,16,0.4667,12,差し
トゥロン,2026-08-01,中京,6,11,16,0.6667,13,差し
トゥーザムーン,2026-07-04,福島,10,5,10,0.4444,5,先行
トゥーザムーン,2026-08-30,新潟,6,2,15,0.0714,2,先行
トゥーナスタディ,2026-04-25,東京,11,11,18,0.5882,17,先行
トウカイエルデ,2026-02-15,小倉,10,3,18,0.1176,2,先行
トウカイエルデ,2026-03-14,阪神,9,5,15,0.2857,6,先行
トウカイエルデ,2026-06-20,函館,11,6,16,0.3333,9,差し
トウカイエルデ,2026-07-11,函館,10,5,14,0.3077,5,先行
トウカイエルデ,2026-08-02,札幌,12,5,14,0.3077,8,差し
トウカイジーク,2026-08-30,中京,11,11,18,0.5882,6,
トウカイツバキ,2026-08-22,中京,11,9,16,0.5333,11,差し
トウカイファクター,2026-02-14,東京,10,8,16,0.4667,14,
トウカイフルーレ,2026-02-21,阪神,9,5,18,0.2353,7,差し
トウカイフルーレ,2026-06-13,阪神,12,1,14,0.0,12,差し
トウカイフルーレ,2026-08-09,中京,11,8,17,0.4375,12,
トウカイポワール,2026-02-15,京都,10,4,10,0.3333,7,
トウカイポワール,2026-03-01,阪神,10,2,14,0.0769,8,先行
トウカイポワール,2026-05-02,新潟,11,2,15,0.0714,15,先行
トウカイポワール,2026-06-21,阪神,10,4,16,0.2,11,先行
トウカイリュタン,2026-02-21,阪神,9,5,18,0.2353,16,差し
トウシンマジック,2026-08-23,新潟,7,4,10,0.3333,2,差し
トウシンライオット,2026-07-26,新潟,10,5,14,0.3077,6,差し
トキメキジニア,2026-03-15,中山,12,7,16,0.4,7,差し
トクシーカイザー,2026-02-14,東京,10,3,16,0.1333,3,差し
トクシーカイザー,2026-04-25,東京,10,8,15,0.5,5,先行
トクシーカイザー,2026-06-13,東京,10,1,16,0.0,2,先行
トクシースタローン,2026-01-12,中山,9,7,16,0.4,5,
トクシースタローン,2026-03-07,中山,9,6,13,0.4167,8,
トクシースタローン,2026-06-13,東京,9,4,14,0.2308,6,
トシミチ,2026-07-18,小倉,9,1,18,0.0,15,逃げ
トシミチ,2026-08-08,新潟,8,6,9,0.625,7,逃げ
トップアタック,2026-01-24,小倉,9,1,12,0.0,6,
トップアタック,2026-02-08,小倉,9,2,15,0.0714,14,逃げ
トップアタック,2026-05-09,新潟,9,2,14,0.0769,1,逃げ
トップアタック,2026-05-30,京都,11,1,16,0.0,5,
トップアタック,2026-08-15,中京,6,1,11,0.0,2,先行
トップオンザヒル,2026-03-14,阪神,12,3,8,0.2857,7,差し
トップオンザヒル,2026-06-14,函館,12,6,10,0.5556,10,差し
トップオンザヒル,2026-06-27,函館,9,6,9,0.625,7,逃げ
トップチェッカー,2026-08-23,新潟,7,5,10,0.4444,3,差し
トップデュオ,2026-07-26,新潟,10,2,14,0.0769,1,
トッレブランカ,2026-07-05,小倉,12,9,16,0.5333,16,差し
トニケンサンバ,2026-03-21,中山,12,6,16,0.3333,5,差し
トミーバローズ,2026-01-12,京都,11,7,16,0.4,12,先行
トミーバローズ,2026-01-31,東京,10,4,15,0.2143,5,先行
トミーバローズ,2026-08-02,中京,6,4,9,0.375,1,先行
トモサカエ,2026-02-08,小倉,12,7,18,0.3529,18,逃げ
トモジャオーリー,2026-07-05,福島,12,3,15,0.1429,2,先行
トモジャオーリー,2026-08-02,新潟,10,4,14,0.2308,5,先行
トモジャザーン,2026-07-12,小倉,9,6,10,0.5556,4,差し
トモジャザーン,2026-08-09,中京,8,6,11,0.5,9,差し
トモジャシャトー,2026-08-02,中京,9,6,9,0.625,6,差し
トモジャシーマ,2026-08-01,新潟,9,3,14,0.1538,3,差し
トモジャプレジール,2026-02-21,小倉,9,5,10,0.4444,8,先行
トライアンフパス,2026-03-21,中京,11,8,17,0.4375,7,差し
トライアンフパス,2026-08-02,中京,6,5,9,0.5,6,先行
トライアンフパス,2026-08-29,中京,8,3,14,0.1538,1,差し
トラスコンガーデン,2026-01-11,中山,11,5,16,0.2667,11,
トラスコンガーデン,2026-05-10,京都,10,5,11,0.4,10,差し
トラスコンガーデン,2026-06-06,東京,10,9,17,0.5,15,差し
トラスコンガーデン,2026-09-05,中山,10,6,13,0.4167,5,差し
トラストボス,2026-06-06,東京,9,3,12,0.1818,7,差し
トラストモアリズム,2026-08-09,新潟,10,3,7,0.3333,4,追込
トラデスカンティア,2026-08-29,札幌,10,4,12,0.2727,11,先行
トラペジスト,2026-02-22,阪神,10,3,8,0.2857,8,差し
トラペジスト,2026-05-03,京都,12,7,16,0.4,12,先行
トラペジスト,2026-05-31,京都,12,6,18,0.2941,14,差し
トラペジスト,2026-08-30,札幌,11,7,14,0.4615,11,差し
トラマンダーレ,2026-05-03,東京,9,11,18,0.5882,12,差し
トランスマリーン,2026-01-11,京都,12,2,18,0.0588,11,差し
トランスマーレ,2026-08-02,新潟,8,3,14,0.1538,7,差し
トラヴェリンバンド,2026-02-22,東京,12,7,16,0.4,11,
トラヴェリンバンド,2026-04-26,京都,12,3,14,0.1538,13,
トラヴェリンバンド,2026-05-17,東京,10,2,15,0.0714,2,
トラヴェリンバンド,2026-06-07,東京,12,2,16,0.0667,9,
トリエンナーレ,2026-08-29,新潟,12,5,15,0.2857,5,
トリスティ,2026-01-17,中山,9,3,8,0.2857,6,先行
トリスティ,2026-07-18,福島,12,6,16,0.3333,15,
トリップトゥムーン,2026-03-14,阪神,9,6,15,0.3571,13,差し
トリニティ,2026-03-28,阪神,9,1,7,0.0,3,
トリニティ,2026-05-02,京都,9,1,9,0.0,1,逃げ
トリニティ,2026-05-24,東京,11,1,18,0.0,10,
トリプルコーク,2026-03-08,中山,9,4,16,0.2,2,差し
トリプルコーク,2026-05-16,東京,11,7,15,0.4286,14,差し
トリポリタニア,2026-02-28,阪神,11,3,16,0.1333,7,差し
トリポリタニア,2026-08-23,中京,7,3,16,0.1333,1,差し
トリリオンボーイ,2026-01-10,京都,11,9,16,0.5333,10,
トリリオンボーイ,2026-03-14,阪神,11,7,13,0.5,10,
トリリオンボーイ,2026-04-19,中山,10,9,15,0.5714,8,
トリリオンボーイ,2026-04-26,東京,10,6,15,0.3571,12,
トリリオンボーイ,2026-05-17,京都,11,8,16,0.4667,8,
トリリオンボーイ,2026-07-26,中京,7,8,14,0.5385,6,
トリリオンボーイ,2026-09-05,阪神,11,5,12,0.3636,6,
トルショー,2026-02-28,中山,12,5,16,0.2667,11,
トルショー,2026-05-17,東京,10,4,15,0.2143,1,差し
トルショー,2026-06-13,東京,10,3,16,0.1333,14,差し
トルショー,2026-08-15,札幌,11,1,14,0.0,4,先行
トルネードアイル,2026-08-23,新潟,12,1,12,0.0,2,差し
トルーマンテソーロ,2026-02-14,東京,10,4,16,0.2,15,先行
トレインザマインド,2026-06-13,東京,9,4,14,0.2308,8,差し
トレサフィール,2026-05-30,東京,10,1,11,0.0,5,
トレベルオール,2026-01-12,中山,12,3,18,0.1176,3,
トレベルオール,2026-07-04,福島,9,1,10,0.0,3,先行
トレベルオール,2026-08-29,新潟,6,2,15,0.0714,6,差し
トレミニョン,2026-01-11,中山,9,6,13,0.4167,8,先行
トレミニョン,2026-03-21,中山,9,3,16,0.1333,12,差し
トレミニョン,2026-06-13,函館,10,4,16,0.2,4,先行
トレミニョン,2026-07-19,函館,9,7,13,0.5,9,先行
トレヴィ,2026-03-07,中山,12,6,16,0.3333,11,先行
トレヴィ,2026-08-09,札幌,9,5,16,0.2667,5,差し
トロピカルヒーロー,2026-01-31,京都,9,7,13,0.5,11,追込
トロピカルヒーロー,2026-03-29,阪神,12,11,16,0.6667,16,追込
トロピカルヒーロー,2026-04-18,中山,12,10,13,0.75,13,追込
トロピカルヒーロー,2026-04-26,東京,12,11,16,0.6667,15,追込
トロヴァトーレ,2026-01-04,京都,11,10,18,0.5294,4,差し
トロヴァトーレ,2026-02-10,東京,11,5,16,0.2667,1,差し
トロヴァトーレ,2026-05-09,東京,11,4,17,0.1875,1,差し
トロヴァトーレ,2026-06-07,東京,11,10,17,0.5625,9,差し
トワイライトサイト,2026-07-18,福島,12,8,16,0.4667,10,先行
トワニ,2026-01-11,中山,11,4,16,0.2,7,差し
トワニ,2026-02-14,京都,9,2,11,0.1,3,差し
トワニ,2026-03-07,阪神,11,8,18,0.4118,7,差し
トワニ,2026-07-04,福島,12,6,16,0.3333,4,差し
トーアケルキラ,2026-05-09,新潟,12,4,12,0.2727,5,先行
トーアサジタリウス,2026-06-20,函館,9,2,12,0.0909,10,差し
トーアサジタリウス,2026-08-16,札幌,9,6,16,0.3333,10,差し
トーアシオン,2026-01-18,京都,10,10,16,0.6,13,
トーアシオン,2026-03-28,阪神,12,9,14,0.6154,14,
トーアシチフクジン,2026-08-29,新潟,11,8,18,0.4118,17,
トーアジョウトウ,2026-02-14,小倉,10,1,14,0.0,1,
トーアジョウトウ,2026-03-07,阪神,10,1,15,0.0,4,先行
トーアジョウトウ,2026-05-24,京都,10,1,14,0.0,12,
トーアマリシテン,2026-08-08,中京,9,4,9,0.375,5,
トーアライデン,2026-03-01,小倉,11,1,17,0.0,12,
トーアライデン,2026-04-05,中山,11,3,16,0.1333,9,
トーアライデン,2026-07-04,小倉,11,1,14,0.0,9,
トーセンエスクード,2026-03-29,中山,10,2,15,0.0714,3,差し
トーセンエスクード,2026-05-24,東京,10,2,14,0.0769,4,先行
トーセンサウダージ,2026-04-05,阪神,12,10,16,0.6,12,差し
トーセントラム,2026-03-08,中山,12,8,16,0.4667,7,差し
トーセントラム,2026-03-29,中山,12,5,11,0.4,1,追込
トーセントラム,2026-05-03,京都,10,9,18,0.4706,8,差し
トーセンブリラーレ,2026-05-03,東京,11,3,15,0.1429,6,差し
トーセンリバーブ,2026-01-12,中山,12,5,18,0.2353,16,
トーセンリョウ,2026-05-16,新潟,11,6,15,0.3571,6,差し
トーセンリョウ,2026-06-13,東京,11,7,13,0.5,8,差し
トータルクラリティ,2026-02-21,東京,11,6,15,0.3571,14,
トータルクラリティ,2026-04-11,阪神,10,5,13,0.3333,12,先行
トータルクラリティ,2026-07-19,小倉,11,1,17,0.0,7,先行
トーホウガレオン,2026-01-17,京都,12,3,18,0.1176,9,先行
トーホウガレオン,2026-02-15,京都,9,2,11,0.1,8,先行
トーホウキザン,2026-03-28,中山,12,8,16,0.4667,12,
トーホウキザン,2026-06-07,東京,12,7,16,0.4,8,差し
トーホウディアス,2026-01-11,京都,10,10,15,0.6429,14,差し
トーホウディアス,2026-02-10,京都,9,2,13,0.0833,8,差し
トーホウディアス,2026-02-22,阪神,10,5,8,0.5714,7,差し
トーホウディアス,2026-03-14,阪神,10,1,11,0.0,6,差し
トーホウディアス,2026-04-12,中山,10,6,12,0.4545,8,先行
トーラスシャイン,2026-01-31,小倉,11,1,18,0.0,2,
トーラスシャイン,2026-02-14,小倉,11,3,18,0.1176,4,
トーラスシャイン,2026-05-03,京都,10,5,18,0.2353,16,
トーラスシャイン,2026-07-18,小倉,11,3,12,0.1818,8,
トールキン,2026-01-31,小倉,11,6,18,0.2941,15,差し
トールキン,2026-03-21,阪神,10,8,16,0.4667,12,差し
トールキン,2026-06-21,函館,11,7,15,0.4286,10,差し
トーレ,2026-02-28,小倉,10,2,16,0.0667,16,先行
トーレ,2026-05-16,東京,10,1,12,0.0,12,先行
ドゥアムール,2026-03-21,阪神,10,1,16,0.0,5,逃げ
ドゥアムール,2026-05-03,京都,10,2,18,0.0588,4,逃げ
ドゥアムール,2026-06-21,函館,11,3,15,0.1429,11,先行
ドゥアムール,2026-07-04,函館,11,6,16,0.3333,16,逃げ
ドゥカート,2026-01-05,中山,10,4,11,0.3,6,差し
ドゥカート,2026-01-24,中山,9,2,9,0.125,1,差し
ドゥカート,2026-03-22,中山,10,2,9,0.125,7,先行
ドゥカート,2026-04-05,中山,11,6,16,0.3333,11,先行
ドゥカート,2026-07-11,函館,11,2,13,0.0833,12,先行
ドゥマーヴェリック,2026-06-27,福島,10,3,11,0.2,3,先行
ドゥラエテルノ,2026-01-04,京都,9,6,13,0.4167,3,先行
ドゥラエテルノ,2026-02-21,阪神,12,4,14,0.2308,4,
ドゥラエテルノ,2026-05-10,東京,9,3,9,0.25,3,差し
ドゥラエテルノ,2026-06-06,阪神,10,3,12,0.1818,6,差し
ドゥラエテルノ,2026-08-22,中京,6,7,14,0.4615,13,差し
ドゥラドーレス,2026-03-15,中京,11,6,14,0.3846,5,差し
ドゥラドーレス,2026-05-16,新潟,11,5,15,0.2857,4,差し
ドゥラリス,2026-01-31,小倉,10,4,16,0.2,1,先行
ドゥラリス,2026-02-21,小倉,11,6,13,0.4167,10,先行
ドゥラリス,2026-05-02,新潟,11,7,15,0.4286,11,先行
ドゥレイクパセージ,2026-03-28,中京,10,3,12,0.1818,5,差し
ドゥレッツァ,2026-08-30,新潟,8,2,11,0.1,6,
ドウアドバンテージ,2026-06-13,函館,9,2,11,0.1,2,差し
ドクタードリトル,2026-01-18,京都,11,3,13,0.1667,5,差し
ドクタードリトル,2026-02-15,京都,11,6,12,0.4545,9,差し
ドクタードリトル,2026-04-11,阪神,10,6,13,0.4167,4,差し
ドクタードリトル,2026-05-10,東京,10,3,12,0.1818,5,差し
ドッグウッド,2026-02-14,小倉,9,1,10,0.0,4,差し
ドッグウッド,2026-06-14,函館,9,4,10,0.3333,2,差し
ドッグウッド,2026-06-28,函館,9,2,10,0.1111,2,差し
ドッグウッド,2026-07-18,函館,9,4,13,0.25,1,差し
ドットクルー,2026-01-24,中山,11,8,18,0.4118,14,差し
ドットクルー,2026-02-14,京都,10,5,16,0.2667,4,差し
ドットクルー,2026-05-31,東京,10,7,17,0.375,10,差し
ドットクルー,2026-06-20,阪神,10,6,18,0.2941,12,差し
ドットクルー,2026-07-04,小倉,11,9,14,0.6154,5,差し
ドットクルー,2026-08-15,中京,7,5,8,0.5714,2,差し
ドッビアーコ,2026-02-28,小倉,10,5,16,0.2667,12,差し
ドッビアーコ,2026-06-27,函館,10,7,11,0.6,9,先行
ドッビアーコ,2026-07-25,札幌,10,1,11,0.0,6,追込
ドッビアーコ,2026-08-16,札幌,12,1,14,0.0,8,
ドッビアーコ,2026-08-29,札幌,11,3,14,0.1538,8,
ドナカルナバル,2026-04-04,中山,12,4,16,0.2,4,先行
ドナカルナバル,2026-04-18,中山,12,5,13,0.3333,9,先行
ドナカルナバル,2026-05-09,東京,12,4,16,0.2,8,先行
ドナカルナバル,2026-06-14,東京,12,3,12,0.1818,11,先行
ドナルンバ,2026-03-29,中山,9,2,7,0.1667,2,
ドナルンバ,2026-05-02,東京,10,3,11,0.2,3,先行
ドバイブルース,2026-03-07,中山,10,4,13,0.25,3,先行
ドバイブルース,2026-04-18,中山,10,2,13,0.0833,4,先行
ドバイブルース,2026-06-28,福島,10,3,11,0.2,3,
ドバイブルース,2026-07-12,福島,10,1,11,0.0,1,
ドマーネ,2026-02-01,小倉,9,4,11,0.3,11,差し
ドマーネ,2026-06-21,函館,9,7,12,0.5455,9,
ドメイン,2026-08-02,中京,10,1,14,0.0,5,
ドライグ,2026-02-08,小倉,12,2,18,0.0588,10,
ドライグ,2026-02-28,小倉,12,1,18,0.0,8,
ドラギニャン,2026-02-01,小倉,9,7,11,0.6,9,差し
ドラゴン,2026-05-30,京都,10,2,16,0.0667,9,先行
ドラゴンウェルズ,2026-01-12,中山,10,3,16,0.1333,1,
ドラゴンウェルズ,2026-03-22,中山,11,2,16,0.0667,1,先行
ドラゴンテイラー,2026-03-21,中京,10,2,16,0.0667,1,
ドラゴンテイラー,2026-07-26,中京,7,5,14,0.3077,14,
ドラゴンブースト,2026-03-08,阪神,11,5,12,0.3636,1,先行
ドラゴンブースト,2026-04-26,京都,11,4,18,0.1765,2,
ドラゴンブースト,2026-06-07,東京,11,8,17,0.4375,8,差し
ドラゴンヘッド,2026-02-08,小倉,11,8,12,0.6364,10,追込
ドラゴンヘッド,2026-03-01,小倉,11,8,17,0.4375,9,差し
ドラゴンヘッド,2026-05-17,新潟,11,7,15,0.4286,4,差し
ドラゴンヘッド,2026-07-18,福島,11,10,16,0.6,13,追込
ドラゴンヘッド,2026-08-08,新潟,7,10,16,0.6,15,追込
ドリーミングアップ,2026-06-27,函館,9,4,9,0.375,1,差し
ドリーミングアップ,2026-09-05,中山,10,6,13,0.4167,3,差し
ドリームクルーズ,2026-05-02,新潟,10,1,15,0.0,15,
ドリームクルーズ,2026-05-24,東京,9,2,12,0.0909,8,
ドリームクルーズ,2026-07-25,新潟,6,1,15,0.0,14,逃げ
ドリームクルーズ,2026-08-08,新潟,6,1,10,0.0,10,
ドリームコア,2026-02-14,東京,11,3,16,0.1333,1,差し
ドリームコア,2026-04-12,阪神,11,5,18,0.2353,9,先行
ドリームコア,2026-05-24,東京,11,3,18,0.1176,2,差し
ドリームゴーズオン,2026-08-23,中京,10,9,14,0.6154,11,差し
ドリームプレミア,2026-07-18,福島,9,3,12,0.1818,3,差し
ドルチェミスト,2026-01-24,小倉,9,4,12,0.2727,4,先行
ドルチェミスト,2026-02-08,小倉,9,5,15,0.2857,3,先行
ドルチェミスト,2026-07-12,小倉,12,8,17,0.4375,15,差し
ドルチェリターン,2026-07-11,函館,9,5,10,0.4444,8,
ドルチェリターン,2026-07-26,札幌,12,2,9,0.125,7,
ドルビナ,2026-03-07,中山,12,7,16,0.4,8,追込
ドルビナ,2026-03-21,中京,12,5,14,0.3077,6,追込
ドルビナ,2026-06-06,東京,12,7,16,0.4,15,先行
ドルビナ,2026-08-22,新潟,10,10,15,0.6429,14,
ドルンレースツェン,2026-06-13,東京,12,7,16,0.4,14,先行
ドレドレ,2026-07-25,中京,9,9,16,0.5333,16,差し
ドロップオブライト,2026-02-21,阪神,11,4,18,0.1765,3,先行
ドロップオブライト,2026-05-17,東京,11,13,18,0.7059,18,先行
ドロップオブライト,2026-07-26,新潟,7,6,14,0.3846,12,差し
ドロップオブライト,2026-09-05,中山,11,3,16,0.1333,3,追込
ドロワ,2026-08-23,新潟,12,8,12,0.6364,7,
ドンインザムード,2026-02-15,東京,10,5,16,0.2667,2,先行
ドンインザムード,2026-04-26,東京,10,4,15,0.2143,1,先行
ドンインザムード,2026-05-23,東京,11,3,16,0.1333,1,差し
ドンインザムード,2026-07-26,中京,7,2,14,0.0769,3,差し
ドンエレクトス,2026-02-22,東京,9,4,10,0.3333,2,差し
ドンエレクトス,2026-03-28,中山,10,1,10,0.0,2,差し
ドンエレクトス,2026-05-09,東京,10,1,15,0.0,1,差し
ドンエレクトス,2026-08-09,新潟,7,1,12,0.0,4,
ドンテスタマスター,2026-08-30,札幌,12,3,14,0.1538,8,先行
ドントゥザムーン,2026-01-11,中山,12,6,16,0.3333,15,
ドントゥザムーン,2026-05-16,東京,10,1,12,0.0,5,差し
ドントゥザムーン,2026-05-30,東京,9,2,16,0.0667,4,逃げ
ドントゥザムーン,2026-06-21,東京,9,3,16,0.1333,13,先行
ドンパッショーネ,2026-02-10,京都,12,3,15,0.1429,7,
ドンパッショーネ,2026-03-29,阪神,12,3,16,0.1333,2,
ドンパッショーネ,2026-04-11,阪神,12,2,16,0.0667,4,
ドンパッショーネ,2026-05-16,京都,12,4,15,0.2143,5,
ドンパッショーネ,2026-05-30,京都,12,3,16,0.1333,4,
ドンレパルス,2026-01-12,中山,10,2,16,0.0667,2,
ドンレパルス,2026-02-28,中山,10,2,16,0.0667,4,
ドンレパルス,2026-03-21,中京,10,6,16,0.3333,8,
ドンレパルス,2026-06-06,東京,11,4,15,0.2143,7,
ドーギッド,2026-05-09,新潟,10,7,13,0.5,5,差し
ドーギッド,2026-05-23,新潟,10,3,15,0.1429,9,差し
ドーギッド,2026-08-09,札幌,12,2,8,0.1429,5,差し
ドーギッド,2026-08-23,札幌,9,3,13,0.1667,10,差し
ドーバーブライト,2026-02-01,小倉,9,2,11,0.1,1,先行
ドーバーブライト,2026-02-21,小倉,10,2,16,0.0667,2,先行
ドーバーブライト,2026-04-19,福島,10,1,13,0.0,1,先行
ドーバーホーク,2026-01-05,中山,11,8,14,0.5385,7,差し
ドーンコーラス,2026-03-28,中京,12,8,16,0.4667,11,
ドーンコーラス,2026-06-28,函館,10,4,11,0.3,9,
ナイア,2026-08-16,新潟,10,8,15,0.5,15,
ナイスプレーアスク,2026-03-14,中山,11,1,16,0.0,12,差し
ナイスプレーアスク,2026-06-21,函館,12,5,10,0.4444,5,
ナイトアクアリウム,2026-04-04,阪神,10,8,16,0.4667,6,
ナイトアクアリウム,2026-04-26,東京,10,7,15,0.4286,3,
ナイトアクアリウム,2026-05-30,東京,11,12,16,0.7333,5,
ナイトインロンドン,2026-01-10,中山,11,9,17,0.5,16,差し
ナイトスラッガー,2026-01-05,京都,9,4,11,0.3,2,差し
ナイトスラッガー,2026-03-14,中京,10,5,10,0.4444,3,先行
ナイトスラッガー,2026-05-02,新潟,10,7,15,0.4286,5,差し
ナイトスラッガー,2026-05-24,京都,9,7,10,0.6667,5,差し
ナイトスラッガー,2026-08-02,新潟,6,6,15,0.3571,3,差し
ナインオブレター,2026-07-18,福島,12,7,16,0.4,8,先行
ナインオブレター,2026-08-30,新潟,12,4,15,0.2143,11,差し
ナウオアネヴァー,2026-08-09,中京,10,6,16,0.3333,14,
ナオミニオールイン,2026-01-12,京都,12,7,18,0.3529,9,
ナオミライトニング,2026-06-27,函館,9,5,9,0.5,3,差し
ナクソス,2026-04-25,福島,9,7,16,0.4,13,先行
ナグルファル,2026-02-22,阪神,9,1,10,0.0,9,先行
ナグルファル,2026-07-25,新潟,6,9,15,0.5714,13,先行
ナグルファル,2026-08-29,札幌,11,2,14,0.0769,9,先行
ナスノカンゲツ,2026-01-05,京都,10,6,16,0.3333,13,差し
ナスノカンゲツ,2026-03-07,阪神,10,4,15,0.2143,5,
ナスノカンゲツ,2026-04-11,中山,10,5,13,0.3333,10,
ナスノカンゲツ,2026-04-19,阪神,10,8,13,0.5833,5,
ナスノソナタ,2026-07-05,小倉,9,5,8,0.5714,6,差し
ナスノソナタ,2026-08-09,中京,9,6,13,0.4167,5,追込
ナチュラルライズ,2026-02-22,東京,11,7,16,0.4,7,
ナチュラルライズ,2026-08-08,札幌,11,5,11,0.4,4,
ナチュラルリバー,2026-01-05,中山,9,8,12,0.6364,6,差し
ナチュラルリバー,2026-03-28,阪神,12,4,14,0.2308,6,追込
ナチュラルリバー,2026-07-26,中京,8,3,12,0.1818,6,差し
ナッカーフェイス,2026-03-07,阪神,10,4,15,0.2143,12,差し
ナッカーフェイス,2026-05-03,京都,12,7,16,0.4,7,差し
ナッカーフェイス,2026-08-01,中京,6,12,16,0.7333,6,差し
ナッカーフェイス,2026-08-22,中京,7,6,16,0.3333,8,差し
ナックホワイト,2026-02-01,東京,12,2,16,0.0667,4,差し
ナックホワイト,2026-03-21,中山,11,2,16,0.0667,8,先行
ナックホワイト,2026-08-30,新潟,11,1,14,0.0,10,
ナツミカンチャン,2026-08-15,新潟,10,7,15,0.4286,14,先行
ナディア,2026-01-18,中山,12,6,16,0.3333,7,先行
ナデシコザクラ,2026-08-30,中京,11,5,18,0.2353,11,差し
ナナオ,2026-02-10,京都,10,8,16,0.4667,12,
ナナオ,2026-04-26,福島,11,1,16,0.0,13,
ナファロア,2026-05-23,東京,10,9,16,0.5333,12,追込
ナファロア,2026-07-25,新潟,6,3,15,0.1429,11,追込
ナムアミダブツ,2026-04-19,阪神,9,7,10,0.6667,10,差し
ナムラアトム,2026-01-11,京都,11,4,16,0.2,4,
ナムラアトム,2026-02-01,京都,11,9,18,0.4706,10,
ナムラアトム,2026-02-21,阪神,11,3,18,0.1176,17,
ナムラエイハブ,2026-02-22,小倉,11,2,16,0.0667,4,
ナムラエイハブ,2026-03-08,阪神,11,2,12,0.0909,8,先行
ナムラエイハブ,2026-05-24,京都,11,2,13,0.0833,7,先行
ナムラエイハブ,2026-06-13,東京,11,2,13,0.0833,9,
ナムラエイハブ,2026-07-19,小倉,11,2,17,0.0625,5,先行
ナムラオリガミ,2026-08-15,新潟,12,2,18,0.0588,15,先行
ナムラクララ,2026-02-15,小倉,11,4,18,0.1765,6,先行
ナムラクララ,2026-05-17,京都,11,4,16,0.2,12,先行
ナムラクララ,2026-06-27,函館,11,7,14,0.4615,2,
ナムラクララ,2026-08-09,札幌,11,5,16,0.2667,1,先行
ナムラクララ,2026-08-23,札幌,11,4,16,0.2,13,差し
ナムラクレア,2026-03-29,中京,11,9,18,0.4706,6,差し
ナムラコスモス,2026-02-14,京都,9,4,11,0.3,1,先行
ナムラコスモス,2026-03-01,阪神,11,2,15,0.0714,2,先行
ナムラコスモス,2026-04-12,阪神,11,6,18,0.2941,6,差し
ナムラコスモス,2026-08-16,中京,7,4,16,0.2,15,先行
ナムラジミー,2026-05-09,新潟,12,6,12,0.4545,7,
ナムラダリア,2026-03-29,中山,9,4,7,0.5,7,差し
ナムラティアラ,2026-07-25,中京,9,5,16,0.2667,4,差し
ナムラティアラ,2026-08-15,中京,10,3,16,0.1333,8,差し
ナムラハリス,2026-07-26,札幌,9,4,8,0.4286,7,先行
ナムラヒナギク,2026-01-12,京都,12,7,18,0.3529,5,差し
ナムラヒナギク,2026-05-23,京都,9,1,11,0.0,6,差し
ナムラヒナギク,2026-06-14,函館,9,4,10,0.3333,3,差し
ナムラヒナギク,2026-06-28,函館,9,1,10,0.0,8,差し
ナムラヒナギク,2026-07-25,札幌,9,3,10,0.2222,3,差し
ナムラフッカー,2026-03-14,阪神,10,6,11,0.5,9,差し
ナムラフッカー,2026-03-29,阪神,10,4,11,0.3,8,差し
ナムラフッカー,2026-05-10,京都,9,5,13,0.3333,4,差し
ナムラフッカー,2026-06-20,阪神,10,5,18,0.2353,18,差し
ナムラフッカー,2026-07-25,中京,7,3,11,0.2,7,差し
ナムラフッカー,2026-08-30,新潟,7,8,12,0.6364,11,差し
ナムラフランク,2026-01-18,中山,10,5,16,0.2667,3,
ナムラフランク,2026-02-10,京都,10,2,16,0.0667,11,
ナムラフランク,2026-03-14,阪神,11,1,13,0.0,12,
ナムラフランク,2026-04-19,中山,10,1,15,0.0,1,
ナムラブーニン,2026-02-14,小倉,12,4,15,0.2143,2,差し
ナムラブーニン,2026-02-22,小倉,9,3,12,0.1818,4,差し
ナムラブーニン,2026-05-24,新潟,9,6,14,0.3846,7,差し
ナムラブーニン,2026-06-06,阪神,9,4,9,0.375,7,差し
ナムラペルル,2026-03-22,中京,12,7,16,0.4,7,先行
ナムララジベラ,2026-01-11,中山,9,6,13,0.4167,11,差し
ナムラロダン,2026-08-15,中京,12,2,16,0.0667,2,
ナムラローズマリー,2026-01-31,小倉,11,8,18,0.4118,7,先行
ナムラローズマリー,2026-02-14,小倉,11,9,18,0.4706,10,逃げ
ナムラローズマリー,2026-03-21,阪神,10,6,16,0.3333,1,逃げ
ナムラローズマリー,2026-04-26,福島,11,5,16,0.2667,11,差し
ナムラローズマリー,2026-06-27,函館,11,6,14,0.3846,4,
ナムラローズマリー,2026-08-09,中京,7,4,18,0.1765,12,差し
ナムラヴンダー,2026-08-16,中京,9,2,18,0.0588,4,
ナリタエスペランサ,2026-01-11,京都,12,1,18,0.0,1,先行
ナリタエスペランサ,2026-06-28,小倉,9,1,8,0.0,1,逃げ
ナリタヒカリ,2026-01-31,小倉,10,4,16,0.2,9,差し
ナリタヒカリ,2026-02-22,小倉,10,3,16,0.1333,10,差し
ナリタヒカリ,2026-03-15,阪神,12,4,13,0.25,11,差し
ナリタヒカリ,2026-08-01,中京,8,2,13,0.0833,12,差し
ナリノエンブレム,2026-03-14,中京,12,10,18,0.5294,18,差し
ナリノシャーウッド,2026-08-15,中京,9,10,16,0.6,14,
ナルカミ,2026-05-23,京都,11,1,16,0.0,8,逃げ
ナルキッソス,2026-03-15,中京,10,5,12,0.3636,11,先行
ナルキッソス,2026-05-23,京都,9,3,11,0.2,7,差し
ナルキッソス,2026-07-26,中京,9,4,14,0.2308,1,
ナルキッソス,2026-08-23,新潟,8,3,12,0.1818,4,
ナンナンプー,2026-02-01,小倉,12,5,18,0.2353,4,差し
ナンナンプー,2026-02-28,小倉,12,3,18,0.1176,11,差し
ナンナンプー,2026-04-18,福島,12,3,16,0.1333,11,差し
ナンナンプー,2026-06-27,函館,9,2,9,0.125,9,
ナンナンプー,2026-07-12,函館,12,2,8,0.1429,4,
ナンヨークリスタル,2026-04-26,福島,12,8,16,0.4667,9,差し
ナヴァラトゥナ,2026-08-09,中京,9,2,13,0.0833,3,差し
ナヴォーナ,2026-07-04,小倉,11,7,14,0.4615,10,
ナヴォーナ,2026-07-19,小倉,10,9,16,0.5333,16,
ニシキギミッチー,2026-01-10,京都,11,7,16,0.4,2,追込
ニシキギミッチー,2026-05-23,東京,11,9,16,0.5333,7,追込
ニシキギミッチー,2026-07-05,福島,11,6,15,0.3571,6,差し
ニシノイサリビ,2026-08-08,新潟,8,5,9,0.5,5,逃げ
ニシノイストワール,2026-06-13,函館,9,4,11,0.3,10,先行
ニシノイストワール,2026-07-04,福島,9,7,10,0.6667,10,差し
ニシノイツキムスメ,2026-01-05,京都,12,3,15,0.1429,3,先行
ニシノイツキムスメ,2026-01-31,京都,12,8,17,0.4375,10,先行
ニシノイツキムスメ,2026-04-25,京都,9,3,16,0.1333,9,先行
ニシノインヴィクタ,2026-01-12,中山,12,5,18,0.2353,15,
ニシノエピカリ,2026-07-25,札幌,9,3,10,0.2222,4,先行
ニシノエージェント,2026-01-04,中山,11,7,14,0.4615,14,差し
ニシノエージェント,2026-03-01,中山,11,4,14,0.2308,14,差し
ニシノエースサマ,2026-02-01,東京,9,4,12,0.2727,4,先行
ニシノキヅイタラ,2026-07-18,小倉,9,6,18,0.2941,16,先行
ニシノクードクール,2026-03-28,中京,12,6,16,0.3333,15,差し
ニシノケンタマン,2026-05-24,新潟,12,2,14,0.0769,1,差し
ニシノケンタマン,2026-08-02,新潟,6,9,15,0.5714,4,差し
ニシノケンタマン,2026-08-30,新潟,6,8,15,0.5,9,差し
ニシノコニャック,2026-02-28,中山,10,8,16,0.4667,15,
ニシノコマチムスメ,2026-04-25,福島,12,5,16,0.2667,10,差し
ニシノコマチムスメ,2026-07-12,福島,9,5,14,0.3077,3,差し
ニシノコマチムスメ,2026-08-02,新潟,8,6,14,0.3846,11,差し
ニシノコマチムスメ,2026-08-30,新潟,11,6,14,0.3846,5,
ニシノサリーナ,2026-02-14,東京,11,4,16,0.2,15,
ニシノサリーナ,2026-04-12,阪神,9,1,14,0.0,12,
ニシノサリーナ,2026-08-09,札幌,9,3,16,0.1333,16,
ニシノジェダイ,2026-06-06,阪神,12,4,16,0.2,5,差し
ニシノジェダイ,2026-06-28,小倉,12,2,16,0.0667,1,差し
ニシノジェダイ,2026-08-22,中京,6,5,14,0.3077,4,差し
ニシノスーベニア,2026-03-15,中山,10,7,16,0.4,16,差し
ニシノセイドウ,2026-04-25,福島,9,8,16,0.4667,9,先行
ニシノセイドウ,2026-05-09,新潟,9,7,14,0.4615,11,先行
ニシノタチアナ,2026-08-02,新潟,12,1,17,0.0,12,差し
ニシノティアモ,2026-03-07,中山,11,7,16,0.4,5,先行
ニシノティアモ,2026-05-17,東京,11,1,18,0.0,6,先行
ニシノティアモ,2026-06-21,東京,11,4,16,0.2,10,先行
ニシノトリビュート,2026-07-25,中京,11,3,8,0.2857,4,差し
ニシノヒノトリ,2026-06-06,東京,9,5,12,0.3636,9,差し
ニシノブレイゼスト,2026-04-04,中山,10,6,15,0.3571,11,先行
ニシノブレイゼスト,2026-07-26,新潟,9,10,14,0.6923,11,先行
ニシノマティーニ,2026-07-18,小倉,9,7,18,0.3529,8,差し
ニシノマーレ,2026-01-18,中山,12,1,16,0.0,6,先行
ニシノライコウ,2026-01-31,東京,9,8,16,0.4667,8,先行
ニシノライコウ,2026-04-18,中山,10,5,13,0.3333,11,差し
ニシノラヴァンダ,2026-02-15,小倉,10,4,18,0.1765,14,逃げ
ニシノラヴァンダ,2026-06-20,函館,11,7,16,0.4,14,逃げ
ニシノラヴァンダ,2026-06-28,函館,10,4,11,0.3,10,
ニシノラヴァンダ,2026-09-05,札幌,10,4,16,0.2,9,
ニシノレヴナント,2026-03-15,中京,11,9,14,0.6154,12,差し
ニシノロッドマン,2026-08-15,新潟,10,5,15,0.2857,7,
ニシノヴィヴィ,2026-06-13,東京,12,6,16,0.3333,12,
ニットウライズ,2026-08-22,新潟,12,7,15,0.4286,12,差し
ニヒトツーゼーア,2026-03-28,中京,9,3,9,0.25,3,差し
ニホンピロカラット,2026-04-18,阪神,12,5,15,0.2857,2,先行
ニホンピロキーフ,2026-01-24,京都,11,6,14,0.3846,3,先行
ニホンピロキーフ,2026-02-14,京都,11,5,14,0.3077,5,差し
ニホンピロゴルディ,2026-02-28,小倉,9,7,16,0.4,4,差し
ニホンピロゴルディ,2026-04-12,福島,9,4,13,0.25,4,差し
ニホンピロデヴィン,2026-05-09,京都,12,1,13,0.0,4,先行
ニホンピロデヴィン,2026-05-31,京都,9,3,10,0.2222,2,先行
ニホンピロトッティ,2026-02-15,京都,12,1,16,0.0,7,
ニホンピロトッティ,2026-07-11,小倉,10,1,18,0.0,10,先行
ニホンピロトッティ,2026-08-02,札幌,12,2,14,0.0769,13,逃げ
ニホンピロホリデー,2026-02-28,小倉,11,5,15,0.2857,8,追込
ニホンピロロジャー,2026-05-09,京都,11,7,16,0.4,8,差し
ニャンタロウ,2026-05-02,新潟,9,10,15,0.6429,15,先行
ニャンタロウ,2026-06-20,東京,12,4,16,0.2,8,差し
ニューアライブ,2026-08-30,札幌,12,6,14,0.3846,13,差し
ニューオーリンズ,2026-03-08,阪神,12,1,13,0.0,1,
ニューオーリンズ,2026-04-05,阪神,12,1,16,0.0,2,
ニューオーリンズ,2026-06-14,阪神,12,1,15,0.0,3,
ニューオーリンズ,2026-08-01,中京,6,1,16,0.0,3,
ニュークリアス,2026-08-01,新潟,10,5,14,0.3077,7,追込
ニュークレド,2026-03-14,中京,9,4,10,0.3333,1,差し
ニュークレド,2026-03-28,中京,10,6,12,0.4545,7,差し
ニュークレド,2026-04-26,京都,9,6,11,0.5,5,差し
ニュークレド,2026-06-28,小倉,9,3,8,0.2857,4,差し
ニュークレド,2026-08-30,中京,8,6,15,0.3571,9,差し
ニューバラード,2026-05-24,東京,12,5,16,0.2667,13,
ニューファウンド,2026-01-12,中山,9,3,16,0.1333,9,
ニヴルヘイム,2026-01-12,中山,12,2,18,0.0588,9,
ニーナバイリッカ,2026-07-25,中京,9,9,16,0.5333,10,先行
ヌーンベルク,2026-08-29,札幌,10,3,12,0.1818,7,先行
ネイチャーシップ,2026-02-21,小倉,10,8,16,0.4667,13,追込
ネオトキオ,2026-02-01,東京,11,10,16,0.6,15,
ネクストダンサー,2026-03-14,中京,11,3,14,0.1538,10,
ネクストダンサー,2026-04-19,阪神,12,3,10,0.2222,9,
ネクストダンサー,2026-05-23,東京,12,6,16,0.3333,12,
ネクストダンサー,2026-06-28,函館,10,3,11,0.2,6,
ネクストドア,2026-07-26,新潟,10,8,14,0.5385,10,差し
ネグレスコ,2026-03-28,中山,9,4,16,0.2,15,先行
ネッカーズルム,2026-08-09,中京,12,9,16,0.5333,8,差し
ネッタイヤライ,2026-03-22,中京,9,1,10,0.0,4,
ネッタイヤライ,2026-06-21,函館,12,2,10,0.1111,7,
ネッタイヤライ,2026-06-28,函館,9,1,10,0.0,6,先行
ネネキリマル,2026-02-08,小倉,9,5,15,0.2857,2,
ネネキリマル,2026-02-21,小倉,9,4,10,0.3333,4,
ネネキリマル,2026-07-11,小倉,12,9,16,0.5333,13,
ネビーイーム,2026-04-18,中山,11,5,10,0.4444,5,
ネフェルアスティ,2026-07-04,小倉,9,2,12,0.0909,12,逃げ
ネブラディスク,2026-02-15,京都,9,3,11,0.2,1,差し
ネブラディスク,2026-04-26,京都,10,5,18,0.2353,2,差し
ネブラディスク,2026-07-04,小倉,11,3,14,0.1538,1,差し
ネーブルオレンジ,2026-01-04,京都,12,1,12,0.0,9,
ネーブルオレンジ,2026-02-22,阪神,9,1,10,0.0,7,
ネーヴェフレスカ,2026-02-10,京都,9,4,13,0.25,13,先行
ネーヴェフレスカ,2026-03-08,阪神,10,5,14,0.3077,2,先行
ネーヴェフレスカ,2026-04-19,阪神,11,6,10,0.5556,6,差し
ノアスペシャル,2026-07-18,福島,12,4,16,0.2,6,差し
ノアチュロス,2026-07-19,福島,12,5,15,0.2857,8,追込
ノアレジェンド,2026-08-16,新潟,10,4,15,0.2143,10,差し
ノアールビーナス,2026-08-09,札幌,9,4,16,0.2,7,差し
ノアールビーナス,2026-08-16,札幌,9,6,16,0.3333,2,
ノクスカンパーナ,2026-08-22,中京,11,4,16,0.2,15,
ノクターナルハント,2026-08-16,新潟,12,9,15,0.5714,9,差し
ノクターン,2026-07-11,福島,9,6,15,0.3571,4,差し
ノクナレア,2026-03-28,中京,12,4,16,0.2,1,先行
ノクナレア,2026-05-31,京都,12,6,18,0.2941,6,先行
ノクナレア,2026-08-01,中京,7,4,11,0.3,4,差し
ノチェセラーダ,2026-04-25,東京,11,7,18,0.3529,4,差し
ノチェセラーダ,2026-06-13,阪神,9,2,9,0.125,6,差し
ノチェセラーダ,2026-08-30,中京,8,5,15,0.2857,2,差し
ノチェブエナ,2026-08-16,中京,9,5,18,0.2353,16,
ノットイナフ,2026-03-15,阪神,10,9,14,0.6154,14,
ノットイナフ,2026-05-02,東京,9,4,16,0.2,13,
ノットファウンド,2026-04-11,中山,10,9,13,0.6667,13,差し
ノビリシマビジョン,2026-04-25,東京,9,3,9,0.25,2,先行
ノブステップ,2026-08-02,新潟,12,5,17,0.25,11,差し
ノブステップ,2026-08-29,新潟,11,6,18,0.2941,18,
ノブダブルホワイト,2026-07-26,新潟,9,1,14,0.0,2,先行
ノベンバーベイズ,2026-08-02,新潟,12,4,17,0.1875,13,差し
ノボリクレバー,2026-03-22,中京,10,8,16,0.4667,10,
ノボリクレバー,2026-07-05,小倉,10,5,16,0.2667,7,
ノボリクレバー,2026-07-26,中京,8,1,12,0.0,3,
ノボリクレバー,2026-08-22,中京,6,2,14,0.0769,9,
ノボリショウリュウ,2026-01-17,京都,11,9,16,0.5333,3,差し
ノボリショウリュウ,2026-03-21,中京,10,9,16,0.5333,4,差し
ノボリショウリュウ,2026-04-19,阪神,10,3,13,0.1667,3,差し
ノボリショウリュウ,2026-06-14,阪神,12,4,15,0.2143,1,差し
ノボリリア,2026-05-10,新潟,12,3,13,0.1667,2,差し
ノボリリア,2026-07-12,小倉,12,2,17,0.0625,1,
ノリノドラゴン,2026-06-20,函館,12,7,11,0.6,8,差し
ノリノリソックス,2026-06-27,小倉,12,5,8,0.5714,8,先行
ノリマル,2026-07-18,福島,9,1,12,0.0,2,先行
ノリマル,2026-08-30,札幌,12,4,14,0.2308,7,先行
ノリヤンモーニン,2026-07-19,函館,11,1,13,0.0,4,先行
ノルドヴェスト,2026-05-30,東京,9,9,16,0.5333,16,差し
ノルドヴェスト,2026-08-30,新潟,6,2,15,0.0714,15,差し
ノンスタンダルド,2026-05-16,東京,12,7,14,0.4615,10,差し
ノンブルドール,2026-04-04,阪神,9,1,9,0.0,5,差し
ノンブルドール,2026-06-27,小倉,9,1,8,0.0,2,差し
ノーウェアマン,2026-04-18,福島,9,2,9,0.125,9,先行
ノーウェアマン,2026-07-19,福島,12,1,15,0.0,4,
ノーザンタイタン,2026-01-11,中山,11,3,16,0.1333,8,
ノーザンタイタン,2026-08-02,新潟,8,6,14,0.3846,9,先行
ノーブルアクト,2026-08-15,新潟,8,7,15,0.4286,12,
ノーブルオリンポス,2026-07-05,福島,12,2,15,0.0714,15,追込
ノーブルクライ,2026-07-26,新潟,9,7,14,0.4615,6,
ノーブルクライ,2026-08-16,新潟,9,4,11,0.3,5,
ノーブルクラウド,2026-07-12,福島,9,5,14,0.3077,8,先行
ノーブルクラウド,2026-08-02,新潟,8,8,14,0.5385,14,追込
ノーブルクロンヌ,2026-08-02,新潟,12,2,17,0.0625,1,差し
ノーブルサヴェージ,2026-02-28,中山,9,2,8,0.1429,1,先行
ノーブルスカイ,2026-03-01,阪神,10,3,14,0.1538,12,差し
ノーブルスカイ,2026-05-10,東京,12,9,15,0.5714,15,差し
ノーブルスカイ,2026-07-11,函館,11,6,13,0.4167,11,差し
ノーブルスカイ,2026-08-15,札幌,11,5,14,0.3077,11,差し
ノーブルノワール,2026-05-16,東京,12,1,14,0.0,11,
ノーブルミステリー,2026-04-26,福島,12,7,16,0.4,10,差し
ノーブルミステリー,2026-08-01,新潟,9,5,14,0.3077,10,差し
ノーブルラホーヤ,2026-01-18,中山,12,2,16,0.0667,10,差し
ノーブルロジャー,2026-02-15,東京,10,5,16,0.2667,9,差し
ノーブルロジャー,2026-03-14,阪神,11,7,13,0.5,4,差し
ノーブルロジャー,2026-05-23,東京,11,7,16,0.4,3,差し
ノーブルロジャー,2026-06-20,阪神,11,6,15,0.3571,5,差し
ノーブルロジャー,2026-07-26,中京,7,9,14,0.6154,7,差し
ノーブルロジャー,2026-09-05,阪神,11,3,12,0.1818,2,差し
ノーマジック,2026-08-29,新潟,9,2,13,0.0833,6,差し
ノーランサンライズ,2026-02-14,京都,10,4,16,0.2,5,差し
ノーランサンライズ,2026-03-08,中山,9,2,16,0.0667,16,差し
ノーランサンライズ,2026-05-23,京都,10,4,16,0.2,11,差し
ノーランサンライズ,2026-06-27,福島,11,5,9,0.5,8,
ノーランサンライズ,2026-07-19,小倉,11,6,17,0.3125,16,
ハイクオリティ,2026-05-09,新潟,12,1,12,0.0,1,
ハイクオリティ,2026-06-27,福島,10,1,11,0.0,2,
ハイクオリティ,2026-07-25,札幌,12,1,11,0.0,5,
ハイクオリティ,2026-08-23,札幌,10,1,14,0.0,13,
ハイクライテリア,2026-05-24,京都,12,8,16,0.4667,8,差し
ハイディージェン,2026-04-19,阪神,9,3,10,0.2222,9,差し
ハイディージェン,2026-05-17,新潟,10,2,15,0.0714,8,差し
ハイディージェン,2026-06-07,阪神,10,1,9,0.0,6,
ハイディージェン,2026-07-19,小倉,9,6,8,0.7143,8,先行
ハイディージェン,2026-08-09,中京,8,1,11,0.0,5,
ハイファイスピード,2026-01-10,京都,12,2,18,0.0588,16,先行
ハイライトニング,2026-01-10,中山,9,2,10,0.1111,7,先行
ハイラント,2026-03-21,阪神,9,3,8,0.2857,6,差し
ハイラント,2026-04-19,福島,10,6,13,0.4167,10,差し
ハイラント,2026-07-11,福島,9,7,15,0.4286,9,差し
ハウリングウィンド,2026-04-18,阪神,12,6,15,0.3571,4,差し
ハウリングウィンド,2026-08-01,中京,10,7,16,0.4,10,差し
ハギノアルデバラン,2026-02-14,京都,10,6,16,0.3333,8,差し
ハギノアルデバラン,2026-04-26,京都,10,9,18,0.4706,8,差し
ハギノアルデバラン,2026-05-16,東京,11,7,15,0.4286,13,差し
ハギノアルデバラン,2026-06-06,阪神,11,2,11,0.1,11,差し
ハギノアルデバラン,2026-07-04,小倉,11,3,14,0.1538,3,差し
ハギノアルデバラン,2026-08-09,新潟,6,6,13,0.4167,5,差し
ハギノコラソン,2026-07-26,中京,8,4,12,0.2727,7,
ハギノコラソン,2026-08-29,新潟,7,7,17,0.375,12,差し
ハギノサステナブル,2026-01-11,中山,10,5,16,0.2667,4,
ハギノサステナブル,2026-02-01,小倉,11,6,15,0.3571,2,
ハギノサステナブル,2026-05-03,東京,10,8,16,0.4667,5,
ハギノサステナブル,2026-06-13,阪神,11,7,16,0.4,5,
ハギノサステナブル,2026-08-23,中京,7,8,16,0.4667,6,
ハクサンアイリス,2026-01-31,京都,9,1,13,0.0,1,差し
ハクサンアイリス,2026-02-21,阪神,10,3,16,0.1333,7,差し
ハクサンアイリス,2026-05-03,京都,12,1,16,0.0,4,差し
ハクサンアイリス,2026-05-24,京都,10,4,14,0.2308,6,先行
ハクサンアイリス,2026-08-15,新潟,7,7,15,0.4286,4,先行
ハクサンバード,2026-01-12,中山,11,4,14,0.2308,12,先行
ハクサンバード,2026-01-24,京都,11,6,14,0.3846,14,
ハグ,2026-02-01,小倉,11,1,15,0.0,10,先行
ハグ,2026-03-08,中山,10,3,15,0.1429,10,先行
ハグ,2026-04-18,阪神,11,1,16,0.0,3,先行
ハグ,2026-05-23,京都,11,7,16,0.4,16,先行
ハグ,2026-07-18,函館,11,5,13,0.3333,7,先行
ハグレジョー,2026-04-05,阪神,9,4,12,0.2727,5,先行
ハジメテノチュウ,2026-01-05,中山,12,4,16,0.2,15,差し
ハセドン,2026-04-04,阪神,10,6,16,0.3333,11,
ハセドン,2026-06-20,阪神,11,6,15,0.3571,10,
ハセドン,2026-08-29,新潟,8,5,11,0.4,8,
ハチメンロッピ,2026-02-15,東京,10,9,16,0.5333,7,差し
ハチメンロッピ,2026-05-23,東京,11,5,16,0.2667,5,差し
ハッコウイチウ,2026-05-24,京都,12,4,16,0.2,2,
ハッコウイチウ,2026-08-22,新潟,8,6,15,0.3571,3,
ハッスルダンク,2026-01-17,中山,10,6,16,0.3333,4,差し
ハッスルダンク,2026-07-12,福島,10,6,11,0.5,9,追込
ハッピーウィズユー,2026-03-22,中京,12,5,16,0.2667,6,
ハッピーウィズユー,2026-04-12,中山,12,3,13,0.1667,4,
ハッピーウィズユー,2026-08-09,新潟,9,8,15,0.5,7,
ハッピーエンジェル,2026-01-31,東京,10,2,15,0.0714,2,先行
ハッピーエンジェル,2026-03-21,中京,11,3,17,0.125,9,
ハッピーエンジェル,2026-05-10,東京,11,2,18,0.0588,18,
ハッピーエンジェル,2026-07-19,福島,9,3,16,0.1333,1,先行
ハッピーダンチャン,2026-06-21,阪神,12,5,13,0.3333,13,先行
ハッピーダンチャン,2026-07-12,小倉,10,4,11,0.3,6,先行
ハッピーダンチャン,2026-07-26,中京,6,5,10,0.4444,9,差し
ハッピーパンニャ,2026-01-10,中山,12,4,16,0.2,4,差し
ハッピーブルー,2026-08-16,中京,12,9,16,0.5333,15,差し
ハッピーマン,2026-02-22,東京,11,3,16,0.1333,16,差し
ハッピーマン,2026-05-17,京都,11,5,16,0.2667,7,差し
ハッピーマン,2026-07-26,中京,7,4,14,0.2308,8,差し
ハッピーラッキー,2026-04-25,福島,9,6,16,0.3333,5,差し
ハッピーラッキー,2026-07-12,函館,12,3,8,0.2857,6,差し
ハッピーラッキー,2026-08-16,札幌,9,3,16,0.1333,4,差し
ハッピーラブソング,2026-08-29,中京,10,8,16,0.4667,8,差し
ハッピーリオン,2026-08-08,中京,12,1,18,0.0,15,
ハッピーリオン,2026-08-15,中京,12,6,16,0.3333,16,
ハッピーロンドン,2026-03-28,中山,9,6,16,0.3333,9,差し
ハッピーロンドン,2026-06-14,阪神,12,7,15,0.4286,11,差し
ハッピーロンドン,2026-07-04,函館,11,6,16,0.3333,11,差し
ハドソンテソーロ,2026-01-10,中山,12,7,16,0.4,15,逃げ
ハナイロマヒナ,2026-08-22,中京,12,4,17,0.1875,12,先行
ハナウマビーチ,2026-03-29,中山,11,4,15,0.2143,11,差し
ハナウマビーチ,2026-06-20,東京,11,6,15,0.3571,9,差し
ハナコトバ,2026-07-26,新潟,12,3,15,0.1429,11,差し
ハニーオーケストラ,2026-08-30,新潟,11,3,14,0.1538,8,
ハニーコム,2026-03-28,中京,11,6,16,0.3333,12,先行
ハニーコム,2026-05-23,京都,10,2,16,0.0667,2,差し
ハニーコム,2026-06-27,福島,11,4,9,0.375,3,先行
ハニードレス,2026-05-02,新潟,10,4,15,0.2143,12,先行
ハニードレス,2026-07-19,函館,9,4,13,0.25,6,先行
ハニードレス,2026-08-29,札幌,11,4,14,0.2308,3,先行
ハニーローリエ,2026-01-31,小倉,9,2,14,0.0769,6,
ハニーローリエ,2026-04-11,福島,10,3,16,0.1333,3,先行
ハニーローリエ,2026-05-23,新潟,11,1,16,0.0,2,先行
ハヌル,2026-01-10,中山,12,2,16,0.0667,9,
ハヌル,2026-03-15,中山,12,2,16,0.0667,11,
ハヌル,2026-04-12,中山,12,5,13,0.3333,8,
ハヌル,2026-08-02,新潟,10,7,14,0.4615,4,
ハヌル,2026-08-23,新潟,9,7,15,0.4286,8,
ハネマン,2026-02-08,小倉,9,6,15,0.3571,6,
ハノハノ,2026-04-11,中山,11,7,15,0.4286,15,先行
ハノハノ,2026-06-20,阪神,12,8,18,0.4118,18,
ハバタクジユウニ,2026-08-30,札幌,12,5,14,0.3077,12,差し
ハビレ,2026-01-11,中山,10,3,16,0.1333,5,差し
ハビレ,2026-05-30,東京,11,8,16,0.4667,10,差し
ハビレ,2026-07-05,福島,11,6,15,0.3571,5,差し
ハビレ,2026-08-02,中京,7,4,9,0.375,4,差し
ハビレ,2026-08-29,新潟,8,1,11,0.0,5,差し
ハピ,2026-02-28,阪神,11,6,16,0.3333,10,差し
ハピ,2026-04-18,阪神,11,8,16,0.4667,7,差し
ハピ,2026-06-13,阪神,11,5,16,0.2667,4,差し
ハピ,2026-08-23,中京,7,3,16,0.1333,4,差し
ハピアーザンエバー,2026-03-28,阪神,10,8,11,0.7,8,先行
ハピアーザンエバー,2026-04-18,阪神,10,4,9,0.375,9,先行
ハピアーザンエバー,2026-05-02,京都,10,7,12,0.5455,11,先行
ハピアーザンエバー,2026-05-16,京都,12,8,15,0.5,11,差し
ハピネスアゲン,2026-02-14,小倉,11,10,18,0.5294,9,差し
ハピネスアゲン,2026-04-26,東京,9,10,16,0.6,16,差し
ハピネスサンライズ,2026-08-02,中京,12,4,17,0.1875,8,先行
ハピネスサンライズ,2026-08-30,中京,11,6,18,0.2941,3,
ハミルトン,2026-06-14,函館,9,1,10,0.0,5,
ハミルトン,2026-06-28,函館,9,3,10,0.2222,4,
ハミルトン,2026-07-18,函館,9,5,13,0.3333,13,
ハムタン,2026-08-22,中京,11,7,16,0.4,1,先行
ハヤテノツバサ,2026-04-18,中山,12,1,13,0.0,1,
ハヤテノツバサ,2026-07-11,小倉,11,3,11,0.2,6,
ハヤブサオヒメサマ,2026-06-13,函館,12,5,12,0.3636,1,
ハヤブサオヒメサマ,2026-08-01,札幌,12,5,8,0.5714,4,
ハヤブサオヒメサマ,2026-08-23,札幌,10,3,14,0.1538,8,
ハヤブサカツオー,2026-09-05,札幌,11,3,9,0.25,7,
ハヤブササキチャン,2026-08-01,札幌,10,5,13,0.3333,3,先行
ハリウッドパーク,2026-01-10,京都,9,2,8,0.1429,6,
ハリウッドパーク,2026-04-19,阪神,12,4,10,0.3333,7,
ハリウッドパーク,2026-06-07,阪神,9,11,16,0.6667,16,
ハリウッドブルース,2026-02-15,東京,12,8,16,0.4667,8,差し
ハリウッドブルース,2026-05-10,京都,12,6,14,0.3846,3,差し
ハリウッドブルース,2026-05-23,京都,12,8,14,0.5385,5,差し
ハリウッドブルース,2026-06-07,阪神,9,10,16,0.6,9,差し
ハリウッドメモリー,2026-02-01,小倉,10,4,15,0.2143,2,
ハリウッドメモリー,2026-02-15,小倉,10,5,18,0.2353,5,差し
ハリウッドメモリー,2026-06-14,函館,11,4,16,0.2,10,差し
ハリウッドメモリー,2026-07-05,函館,9,5,16,0.2667,4,差し
ハリケーンリッジ,2026-01-10,中山,10,2,16,0.0667,10,差し
ハリーケーン,2026-02-10,京都,12,1,15,0.0,3,逃げ
ハリーケーン,2026-02-22,阪神,12,3,16,0.1333,3,逃げ
ハリーケーン,2026-03-15,中京,9,8,15,0.5,12,
ハリーケーン,2026-03-29,阪神,12,2,16,0.0667,1,先行
ハリーケーン,2026-06-27,小倉,11,2,15,0.0714,13,先行
ハリーケーン,2026-08-22,中京,7,1,16,0.0,3,
ハルオーブ,2026-04-18,福島,12,8,16,0.4667,8,差し
ハルオーブ,2026-06-13,阪神,12,5,14,0.3077,1,差し
ハルオーブ,2026-07-11,小倉,10,7,18,0.3529,11,差し
ハルオーブ,2026-08-15,中京,6,5,11,0.4,8,差し
ハルカオル,2026-08-09,新潟,12,4,18,0.1765,10,先行
ハルノアラシ,2026-07-25,新潟,8,6,13,0.4167,7,差し
ハルフロンティア,2026-06-28,函館,9,2,10,0.1111,7,先行
ハルフロンティア,2026-07-11,函館,9,1,10,0.0,1,
ハルフロンティア,2026-08-23,札幌,9,1,13,0.0,2,
ハルフロンティア,2026-09-05,札幌,9,1,14,0.0,1,
ハレアカラフラ,2026-02-14,小倉,12,1,15,0.0,3,
ハレアカラフラ,2026-04-25,福島,12,10,16,0.6,16,
ハレアカラフラ,2026-07-05,小倉,9,3,8,0.2857,4,差し
ハワイアンタイム,2026-04-05,阪神,12,2,16,0.0667,3,
ハワイアンタイム,2026-05-03,京都,12,2,16,0.0667,1,
ハワイアンタイム,2026-05-17,京都,11,3,16,0.1333,9,
ハワイアンティアレ,2026-01-11,京都,10,6,15,0.3571,12,差し
ハワイアンティアレ,2026-01-31,京都,11,4,13,0.25,4,追込
ハワイアンティアレ,2026-03-01,阪神,10,2,14,0.0769,14,差し
ハワイアンティアレ,2026-05-02,新潟,11,5,15,0.2857,8,差し
ハワイアンティアレ,2026-05-17,京都,10,6,13,0.4167,10,差し
ハワイアンティアレ,2026-08-01,中京,7,1,11,0.0,1,差し
ハンザキ,2026-08-29,中京,10,1,16,0.0,6,先行
ハンデンドレイク,2026-05-10,京都,10,3,11,0.2,5,差し
ハーツコンチェルト,2026-05-16,東京,11,8,15,0.5,3,差し
ハーツコンチェルト,2026-05-31,東京,12,9,14,0.6154,10,差し
ハーツコンチェルト,2026-07-25,中京,7,2,11,0.1,3,差し
ハーディジェナー,2026-01-11,中山,11,5,16,0.2667,15,差し
ハーディジェナー,2026-05-23,東京,9,4,12,0.2727,9,差し
ハートホイップ,2026-01-31,小倉,11,7,18,0.3529,14,先行
ハートホイップ,2026-02-14,小倉,11,7,18,0.3529,16,先行
ハートメテオ,2026-01-17,京都,9,4,10,0.3333,2,先行
ハートメテオ,2026-02-15,小倉,9,3,7,0.3333,2,差し
ハートメテオ,2026-06-13,函館,10,5,16,0.2667,10,差し
ハートメテオ,2026-06-27,函館,10,4,11,0.3,8,差し
ハートメテオ,2026-07-19,函館,9,3,13,0.1667,11,差し
ハードシングス,2026-07-26,中京,10,7,16,0.4,12,差し
ハードセルツァー,2026-01-11,中山,12,5,16,0.2667,2,先行
ハードワイヤード,2026-01-17,京都,11,2,16,0.0667,7,先行
ハードワイヤード,2026-03-21,中京,10,5,16,0.2667,15,先行
ハーフェン,2026-02-01,小倉,12,7,18,0.3529,13,差し
ハーフェン,2026-04-12,中山,12,6,13,0.4167,9,
ハーモニーソング,2026-03-21,中山,12,2,16,0.0667,3,
ハーモニーソング,2026-04-12,中山,12,1,13,0.0,2,
ハーモニーソング,2026-07-05,函館,12,1,10,0.0,2,
ハーモニーソング,2026-07-18,函館,12,3,12,0.1818,2,
ハーモニーソング,2026-08-09,札幌,9,8,16,0.4667,13,
バイアブランカ,2026-08-16,新潟,10,3,15,0.1429,13,差し
バガン,2026-01-17,京都,9,3,10,0.2222,6,先行
バガン,2026-02-01,京都,12,2,7,0.1667,5,差し
バガン,2026-02-15,京都,9,4,11,0.3,5,先行
バガン,2026-05-02,新潟,10,3,15,0.1429,9,先行
バガン,2026-05-24,東京,9,4,12,0.2727,6,差し
バガン,2026-08-08,中京,6,4,11,0.3,8,
バガン,2026-08-29,新潟,7,8,17,0.4375,15,差し
バギーウィップ,2026-01-04,中山,9,2,11,0.1,3,先行
バギーウィップ,2026-04-18,中山,10,3,13,0.1667,12,先行
バギーウィップ,2026-06-28,福島,10,5,11,0.4,5,先行
バクソウシャチョウ,2026-08-30,中京,7,2,9,0.125,6,差し
バグラダス,2026-01-18,中山,10,10,16,0.6,6,
バグラダス,2026-04-04,阪神,10,2,16,0.0667,15,
バグラダス,2026-06-14,東京,11,2,13,0.0833,13,
バケラッタ,2026-08-08,中京,8,2,12,0.0909,6,差し
バケラッタ,2026-08-22,中京,8,4,10,0.3333,6,
バシリス,2026-05-17,新潟,12,3,11,0.2,10,逃げ
バシリス,2026-08-16,中京,10,1,16,0.0,11,先行
バシレイア,2026-01-17,中山,12,3,16,0.1333,10,先行
バシレイア,2026-04-11,福島,10,5,16,0.2667,9,先行
バシレイア,2026-07-05,福島,9,9,16,0.5333,11,先行
バシレウスシチー,2026-02-01,小倉,10,5,15,0.2857,12,
バシレウスシチー,2026-04-25,福島,10,2,16,0.0667,9,
バシレウスシチー,2026-05-23,新潟,11,4,16,0.2,7,先行
バシレウスシチー,2026-06-14,阪神,9,2,14,0.0769,12,先行
バシレウスシチー,2026-07-18,函館,10,2,10,0.1111,4,先行
バシレウスシチー,2026-08-02,札幌,12,4,14,0.2308,3,先行
バシレウスシチー,2026-08-30,札幌,10,10,16,0.6,13,差し
バスタードサフラン,2026-01-11,中山,10,2,16,0.0667,11,
バスタードサフラン,2026-03-29,中山,11,1,15,0.0,9,
バスタードサフラン,2026-05-10,京都,11,1,16,0.0,5,
バステール,2026-03-08,中山,11,4,10,0.3333,1,差し
バステール,2026-04-19,中山,11,8,18,0.4118,11,差し
バステール,2026-05-31,東京,11,2,18,0.0588,3,差し
バズアップビート,2026-01-31,小倉,12,6,16,0.3333,10,先行
バズアップビート,2026-06-20,函館,10,2,8,0.1429,2,差し
バズアップビート,2026-09-05,札幌,9,5,14,0.3077,12,先行
バセリーナ,2026-01-10,中山,10,8,16,0.4667,9,差し
バセリーナ,2026-02-15,京都,9,6,11,0.5,7,差し
バセリーナ,2026-07-05,福島,10,7,12,0.5455,7,差し
バセリーナ,2026-07-19,福島,10,5,12,0.3636,6,差し
バセリーナ,2026-08-23,札幌,12,6,14,0.3846,11,差し
バタール,2026-07-04,函館,10,4,14,0.2308,12,先行
バチラ,2026-08-16,中京,12,4,16,0.2,12,
バッカステソーロ,2026-07-25,新潟,8,3,13,0.1667,12,逃げ
バックトゥザライト,2026-02-22,小倉,10,2,16,0.0667,14,差し
バッケンレコード,2026-01-18,京都,10,7,16,0.4,1,差し
バッケンレコード,2026-02-15,京都,10,6,10,0.5556,5,差し
バッケンレコード,2026-04-12,阪神,12,4,13,0.25,9,差し
バッデレイト,2026-01-04,京都,10,3,9,0.25,6,先行
バッデレイト,2026-04-12,阪神,10,3,15,0.1429,3,差し
バッデレイト,2026-05-17,新潟,11,5,15,0.2857,7,差し
バッデレイト,2026-06-06,阪神,11,4,11,0.3,3,差し
バッデレイト,2026-08-15,中京,7,5,8,0.5714,1,差し
バッハアルプゼー,2026-08-29,中京,6,2,13,0.0833,13,先行
バトゥカーダ,2026-06-28,小倉,12,5,16,0.2667,10,先行
バトゥーキ,2026-02-15,東京,10,6,16,0.3333,5,差し
バトゥーキ,2026-02-22,阪神,11,6,12,0.4545,3,差し
バトゥーキ,2026-04-04,阪神,10,6,16,0.3333,4,差し
バトラーズワーフ,2026-08-23,中京,9,8,8,1.0,7,
バトルクライ,2026-02-01,東京,11,8,16,0.4667,2,差し
バトルクライ,2026-04-04,阪神,10,5,16,0.2667,9,差し
バトルクライ,2026-04-26,東京,10,6,15,0.3571,5,差し
バトルクライ,2026-07-26,中京,7,7,14,0.4615,5,差し
バトルセレーネ,2026-08-30,中京,9,7,15,0.4286,8,差し
バトルボーン,2026-02-08,小倉,11,2,12,0.0909,3,逃げ
バトルボーン,2026-05-10,東京,10,1,12,0.0,3,先行
バトルボーン,2026-07-12,福島,11,6,16,0.3333,12,
バトンインディ,2026-01-18,京都,10,1,16,0.0,12,
バトンインディ,2026-05-03,京都,9,2,9,0.125,4,
バトンインディ,2026-06-06,阪神,10,1,12,0.0,1,
バトンロード,2026-03-01,小倉,12,10,16,0.6,14,差し
バトンロード,2026-03-21,阪神,12,8,15,0.5,12,差し
バドリナート,2026-05-09,京都,11,2,16,0.0667,11,先行
バドリナート,2026-06-28,福島,11,5,16,0.2667,4,先行
バビット,2026-02-15,京都,11,1,12,0.0,12,
バミューダボーイ,2026-07-18,小倉,9,13,18,0.7059,18,差し
バム,2026-05-16,新潟,12,4,16,0.2,9,差し
バラジ,2026-07-26,新潟,9,9,14,0.6154,9,先行
バリアントバイオ,2026-03-01,小倉,11,9,17,0.5,17,差し
バリオス,2026-03-08,中山,11,4,10,0.3333,8,差し
バリオス,2026-04-04,中山,9,3,12,0.1818,9,差し
バリオス,2026-07-11,小倉,9,4,11,0.3,10,差し
バリオス,2026-08-02,中京,11,2,6,0.2,6,差し
バルジール,2026-01-10,中山,12,5,16,0.2667,14,逃げ
バルジール,2026-05-03,新潟,12,1,15,0.0,3,差し
バルジール,2026-05-23,新潟,12,3,15,0.1429,9,先行
バルジール,2026-08-23,新潟,9,5,15,0.2857,3,逃げ
バルセシート,2026-01-12,京都,11,9,16,0.5333,4,差し
バルセシート,2026-04-04,阪神,11,6,14,0.3846,3,
バルセシート,2026-05-10,東京,11,10,18,0.5294,10,
バルセシート,2026-08-08,中京,11,3,12,0.1818,1,
バルダンツァ,2026-03-22,中京,10,10,16,0.6,4,差し
バルダンツァ,2026-04-25,東京,12,9,13,0.6667,5,差し
バルダンツァ,2026-08-01,中京,8,6,13,0.4167,5,差し
バルティカ,2026-02-28,小倉,11,5,15,0.2857,15,差し
バルティカ,2026-06-27,函館,10,3,11,0.2,3,先行
バルティカ,2026-07-12,函館,9,4,14,0.2308,9,先行
バルティカ,2026-08-08,札幌,10,1,8,0.0,2,先行
バルティカ,2026-08-29,札幌,11,6,14,0.3846,2,先行
バルドル,2026-08-15,札幌,12,2,14,0.0769,4,先行
バルナバ,2026-02-01,京都,10,6,8,0.7143,4,差し
バルナバ,2026-03-01,小倉,11,3,17,0.125,1,差し
バルナバ,2026-04-12,福島,11,5,15,0.2857,9,差し
バルナバ,2026-06-28,函館,11,7,15,0.4286,15,差し
バルナバ,2026-07-26,札幌,11,2,13,0.0833,12,差し
バルフルール,2026-08-08,中京,12,5,18,0.2353,3,差し
バルフルール,2026-08-30,中京,11,4,18,0.1765,4,差し
バルボアパーク,2026-03-14,中山,11,2,16,0.0667,3,逃げ
バルミラクル,2026-03-29,阪神,9,5,15,0.2857,11,
バルミラクル,2026-08-15,中京,10,6,16,0.3333,9,
バレエマスター,2026-01-24,京都,11,8,14,0.5385,13,差し
バレエマスター,2026-03-29,阪神,11,8,13,0.5833,8,差し
バレエマスター,2026-04-12,福島,11,7,15,0.4286,7,追込
バレエマスター,2026-05-16,新潟,11,6,15,0.3571,2,差し
バレエマスター,2026-06-13,東京,11,5,13,0.3333,6,差し
バレエマスター,2026-08-30,新潟,8,5,11,0.4,10,差し
バレルターン,2026-01-11,京都,10,5,15,0.2857,6,先行
バレルターン,2026-05-17,京都,10,5,13,0.3333,2,差し
バレンシア,2026-03-29,阪神,9,4,15,0.2143,4,
バレンシア,2026-07-05,小倉,12,7,16,0.4,14,差し
バレンタインガール,2026-01-10,中山,11,5,17,0.25,3,差し
バレンタインガール,2026-03-08,中山,9,5,16,0.2667,3,差し
バレンタインガール,2026-05-16,東京,11,7,15,0.4286,6,差し
バレンタインガール,2026-06-14,東京,10,6,14,0.3846,8,差し
バレンタインビスタ,2026-07-18,函館,12,1,12,0.0,4,
バロッサヴァレー,2026-02-10,東京,10,5,11,0.4,6,差し
バロニアル,2026-06-28,小倉,12,1,16,0.0,16,
バロン,2026-04-11,中山,12,8,16,0.4667,10,
バロン,2026-05-23,東京,10,8,16,0.4667,15,
バロンドール,2026-04-25,東京,12,6,13,0.4167,3,
バンオンタイム,2026-08-09,新潟,11,5,18,0.2353,3,差し
バンディート,2026-02-15,小倉,10,3,18,0.1176,15,先行
バンディート,2026-03-29,阪神,12,10,16,0.6,15,逃げ
バンディート,2026-05-24,新潟,10,7,15,0.4286,14,逃げ
バンディート,2026-06-14,阪神,9,2,14,0.0769,13,先行
バンデルオーラ,2026-01-18,中山,10,8,16,0.4667,13,先行
バンデルオーラ,2026-07-26,新潟,9,6,14,0.3846,10,差し
バンドシェル,2026-02-01,東京,10,6,15,0.3571,7,差し
バンドシェル,2026-03-21,阪神,10,9,16,0.5333,13,差し
バンドシェル,2026-05-03,京都,10,5,18,0.2353,6,差し
バンフィエルド,2026-03-14,中京,10,3,10,0.2222,7,差し
バンフィエルド,2026-03-28,中京,10,3,12,0.1818,9,差し
バンフィエルド,2026-05-17,新潟,10,2,15,0.0714,9,差し
バンフィエルド,2026-06-20,東京,9,7,10,0.6667,8,差し
バンフィエルド,2026-08-15,新潟,6,6,14,0.3846,12,差し
バンフィエルド,2026-08-29,新潟,7,9,17,0.5,17,差し
バンブトンプロ,2026-01-04,中山,12,5,16,0.2667,13,
バンブトンプロ,2026-03-14,中山,12,2,16,0.0667,16,差し
バンブトンプロ,2026-08-22,新潟,8,10,15,0.6429,12,差し
バンブルビー,2026-01-24,京都,12,4,11,0.3,7,先行
バンブルビー,2026-03-29,中山,12,3,11,0.2,4,差し
バンブルビー,2026-04-11,福島,10,6,16,0.3333,3,先行
バンブルビー,2026-05-23,東京,10,3,16,0.1333,8,差し
バンブルビー,2026-06-20,函館,11,6,16,0.3333,13,差し
バークシャーシチー,2026-02-01,東京,9,7,12,0.5455,9,差し
バークシャーシチー,2026-05-31,京都,11,6,9,0.625,8,差し
バークシャーシチー,2026-08-30,中京,10,2,10,0.1111,7,差し
バーケンティン,2026-08-23,中京,11,5,17,0.25,9,
バーケンヘッド,2026-04-19,福島,10,8,13,0.5833,12,先行
バースデイフライト,2026-03-21,中山,11,8,16,0.4667,9,差し
バースデイフライト,2026-04-12,阪神,9,6,14,0.3846,6,差し
バースデイフライト,2026-05-31,京都,11,4,9,0.375,4,差し
バースデイフライト,2026-07-26,中京,11,5,16,0.2667,3,差し
バースライト,2026-02-28,小倉,9,1,16,0.0,1,先行
バースライト,2026-07-05,函館,10,1,11,0.0,3,先行
バースライト,2026-07-25,札幌,10,2,11,0.1,7,先行
バースライト,2026-08-29,札幌,11,6,14,0.3846,5,先行
バートラガッツ,2026-06-07,阪神,12,1,12,0.0,2,先行
バートラガッツ,2026-07-18,小倉,12,1,14,0.0,1,先行
バードウォッチャー,2026-05-17,新潟,10,1,15,0.0,14,
バードウォッチャー,2026-07-19,福島,10,3,12,0.1818,5,先行
バーバラップ,2026-08-30,中京,10,5,10,0.4444,10,差し
バーヴァンシー,2026-08-16,新潟,10,5,15,0.2857,7,差し
パイオニアスクエア,2026-05-10,新潟,9,2,14,0.0769,8,先行
パイオニアスクエア,2026-06-27,小倉,9,1,8,0.0,5,
パイオニアスクエア,2026-07-25,新潟,8,2,13,0.0833,2,
パイシャオピン,2026-02-28,中山,12,4,16,0.2,3,
パイシャオピン,2026-03-22,中山,12,5,16,0.2667,4,差し
パイシャオピン,2026-05-23,東京,12,8,16,0.4667,4,
パイシャオピン,2026-06-07,東京,12,5,16,0.2667,6,
パイシャオピン,2026-07-26,新潟,8,7,15,0.4286,13,
パイロマンサー,2026-08-09,新潟,7,1,12,0.0,2,先行
パカーラン,2026-01-12,京都,10,5,16,0.2667,9,先行
パカーラン,2026-03-29,中京,10,3,14,0.1538,5,先行
パカーラン,2026-05-02,東京,9,3,16,0.1333,5,先行
パカーラン,2026-05-24,東京,12,3,16,0.1333,8,先行
パクスロマーナ,2026-01-31,小倉,11,6,18,0.2941,17,
パクスロマーナ,2026-03-29,中山,10,3,15,0.1429,7,
パクスロマーナ,2026-05-03,京都,10,8,18,0.4118,15,先行
パクスロマーナ,2026-06-21,函館,11,1,15,0.0,2,先行
パクスロマーナ,2026-07-04,函館,11,2,16,0.0667,6,先行
パクスロマーナ,2026-07-25,札幌,11,1,12,0.0,6,先行
パシアンジャン,2026-01-12,京都,10,4,16,0.2,3,差し
パシアンジャン,2026-06-21,阪神,10,3,16,0.1333,2,差し
パシフィックハイ,2026-02-14,小倉,12,1,15,0.0,13,差し
パシーヴ,2026-06-14,函館,12,5,10,0.4444,5,先行
パシーヴ,2026-06-27,函館,12,4,10,0.3333,5,差し
パスコード,2026-01-18,京都,12,2,10,0.1111,3,
パスコード,2026-06-20,阪神,12,2,18,0.0588,5,
パスコード,2026-08-01,中京,12,5,11,0.4,4,先行
パストラーレ,2026-01-31,東京,12,2,12,0.0909,8,先行
パッカパッカブー,2026-06-06,東京,12,10,16,0.6,9,
パッションディーバ,2026-07-04,福島,12,8,16,0.4667,12,先行
パッションリッチ,2026-05-17,新潟,10,6,15,0.3571,12,先行
パッセージピーク,2026-07-18,福島,9,2,12,0.0909,9,
パトリックハンサム,2026-07-12,函館,11,8,14,0.5385,9,差し
パトリックハンサム,2026-07-26,札幌,11,3,13,0.1667,11,差し
パトローナス,2026-08-30,中京,11,8,18,0.4118,2,差し
パドマ,2026-01-05,京都,10,5,16,0.2667,7,
パフ,2026-02-08,小倉,10,6,15,0.3571,1,先行
パフ,2026-05-10,東京,12,7,15,0.4286,6,先行
パフ,2026-06-27,小倉,11,6,15,0.3571,8,差し
パフ,2026-08-23,新潟,6,4,15,0.2143,11,差し
パフュームセント,2026-03-28,中京,10,2,12,0.0909,2,差し
パフュームセント,2026-08-16,中京,6,1,7,0.0,1,先行
パラサイコロジー,2026-08-15,新潟,7,6,15,0.3571,14,
パラダイスフェイス,2026-06-20,東京,12,8,16,0.4667,13,先行
パラダイスフェイス,2026-08-09,新潟,7,8,12,0.6364,12,
パラディオン,2026-01-18,中山,11,9,15,0.5714,14,差し
パラディオン,2026-04-25,東京,11,9,18,0.4706,12,差し
パラディレーヌ,2026-03-07,中山,11,4,16,0.2,3,差し
パラディレーヌ,2026-04-19,福島,11,7,16,0.4,8,差し
パラディレーヌ,2026-05-17,東京,11,10,18,0.5294,12,差し
パラディレーヌ,2026-06-21,東京,11,7,16,0.4,9,差し
パラフローラ,2026-08-22,中京,12,9,17,0.5,17,差し
パリコレジェンヌ,2026-02-08,小倉,12,7,18,0.3529,12,差し
パリコレジェンヌ,2026-03-15,中京,12,10,18,0.5294,12,差し
パリコレジェンヌ,2026-05-10,新潟,12,5,13,0.3333,11,差し
パリコレジェンヌ,2026-08-09,中京,11,5,17,0.25,1,差し
パリコレジェンヌ,2026-08-15,中京,6,4,11,0.3,4,差し
パルクリチュード,2026-01-24,小倉,11,9,18,0.4706,17,先行
パルクリチュード,2026-03-21,中山,10,1,13,0.0,10,先行
パルティクラール,2026-03-21,中京,9,3,10,0.2222,2,
パルティクラール,2026-05-23,新潟,11,2,16,0.0667,9,
パルデンス,2026-01-12,中山,10,5,16,0.2667,15,
パルデンス,2026-03-28,中山,9,9,16,0.5333,12,差し
パルデンス,2026-05-17,東京,12,7,16,0.4,8,
パルプフィクション,2026-02-14,小倉,10,2,14,0.0769,9,逃げ
パルプフィクション,2026-07-04,小倉,10,3,12,0.1818,9,
パルプフィクション,2026-08-02,中京,8,2,11,0.1,9,逃げ
パルミエ,2026-08-01,新潟,11,11,18,0.5882,16,
パルミエ,2026-08-16,新潟,12,10,15,0.6429,14,先行
パレットフレイバー,2026-07-11,小倉,12,5,16,0.2667,12,差し
パレットフレイバー,2026-08-09,中京,11,5,17,0.25,16,差し
パレハ,2026-01-24,小倉,11,6,18,0.2941,7,差し
パレハ,2026-02-22,小倉,11,3,16,0.1333,9,差し
パレハ,2026-04-19,福島,11,6,16,0.3333,9,差し
パレハ,2026-07-12,函館,11,6,14,0.3846,8,差し
パワポケウォーズ,2026-07-26,新潟,10,6,14,0.3846,4,追込
パワポケウォーズ,2026-08-16,新潟,12,4,15,0.2143,3,差し
パワポケウォーズ,2026-08-30,新潟,10,3,15,0.1429,3,差し
パワポケグッド,2026-08-01,新潟,10,4,14,0.2308,6,差し
パワポケグッド,2026-08-15,新潟,10,4,15,0.2143,6,差し
パワースナッチ,2026-04-05,中山,12,2,12,0.0909,3,先行
パワースナッチ,2026-05-23,東京,10,5,16,0.2667,10,先行
パワースナッチ,2026-08-23,新潟,8,2,12,0.0909,6,差し
パワーホール,2026-01-18,中山,9,3,15,0.1429,5,
パワーホール,2026-03-01,小倉,11,5,17,0.25,15,
パワーホール,2026-04-19,阪神,11,1,10,0.0,7,
パワーホール,2026-05-09,東京,9,1,12,0.0,8,
パワーホール,2026-08-30,札幌,11,8,14,0.5385,13,
パンジャ,2026-02-22,東京,10,4,14,0.2308,5,先行
パンジャ,2026-03-14,阪神,10,5,11,0.4,10,先行
パンジャ,2026-04-19,中山,12,7,18,0.3529,1,先行
パンジャタワー,2026-03-29,中京,11,3,18,0.1176,4,差し
パンジャタワー,2026-06-07,東京,11,5,17,0.25,5,差し
パンジャタワー,2026-08-23,札幌,11,3,16,0.1333,2,差し
パンチャマハブータ,2026-08-15,中京,8,5,10,0.4444,6,追込
パンデアスカル,2026-01-12,京都,9,4,12,0.2727,6,
パンデアスカル,2026-02-21,小倉,10,5,16,0.2667,8,
パンデアスカル,2026-04-11,阪神,9,5,8,0.5714,6,
パントルナイーフ,2026-04-19,中山,11,8,18,0.4118,14,差し
パントルナイーフ,2026-05-31,東京,11,4,18,0.1765,2,差し
パンパネイラ,2026-08-23,新潟,12,4,12,0.2727,8,
パヴィーア,2026-08-29,中京,10,6,16,0.3333,11,差し
パーサヴィアランス,2026-01-12,京都,9,2,12,0.0909,10,
パーサヴィアランス,2026-03-14,中京,11,5,14,0.3077,7,
パーサヴィアランス,2026-03-28,阪神,12,5,14,0.3077,9,
パーシャングレー,2026-05-23,京都,9,6,11,0.5,10,差し
パーシャングレー,2026-08-01,中京,12,6,11,0.5,9,差し
パーシヴァル,2026-07-26,新潟,10,9,14,0.6154,11,差し
パースウェイド,2026-07-26,新潟,8,3,15,0.1429,2,先行
パーティーガール,2026-09-05,中山,10,4,13,0.25,8,差し
パープルアドミラル,2026-08-15,新潟,9,5,10,0.4444,5,差し
パープルガーネット,2026-01-17,京都,10,4,9,0.375,4,差し
パープルクラウド,2026-01-24,小倉,10,4,8,0.4286,5,差し
パープルクラウド,2026-02-21,小倉,10,5,16,0.2667,15,差し
パープルクラウド,2026-05-17,京都,9,5,10,0.4444,8,差し
パープルクラウド,2026-08-16,札幌,12,8,14,0.5385,14,差し
パールフロント,2026-01-31,小倉,9,6,14,0.3846,4,
パールフロント,2026-02-14,小倉,10,4,14,0.2308,5,
パールフロント,2026-04-12,福島,10,7,16,0.4,7,差し
パールフロント,2026-07-04,小倉,10,7,12,0.5455,2,
パールフロント,2026-08-02,札幌,9,4,12,0.2727,2,
ヒサエノオモカゲ,2026-07-12,福島,9,6,14,0.3846,14,差し
ヒシアイラ,2026-02-28,阪神,10,1,9,0.0,2,逃げ
ヒシアイラ,2026-05-30,京都,11,6,16,0.3333,2,
ヒシアマン,2026-02-15,東京,9,6,16,0.3333,5,差し
ヒシアマン,2026-03-14,中山,10,4,16,0.2,2,差し
ヒシアマン,2026-04-12,中山,10,2,12,0.0909,6,先行
ヒシアムルーズ,2026-04-25,東京,11,5,18,0.2353,13,
ヒシアムルーズ,2026-08-09,新潟,7,3,12,0.1818,10,先行
ヒストリアイ,2026-01-04,中山,12,10,16,0.6,12,
ヒストリアイ,2026-04-18,福島,11,9,15,0.5714,10,
ヒストリアイ,2026-05-10,東京,9,1,9,0.0,7,
ヒストリアイ,2026-07-11,福島,9,10,15,0.6429,15,差し
ヒズマスターピース,2026-02-14,東京,11,1,16,0.0,3,
ヒズマスターピース,2026-04-11,中山,11,1,15,0.0,7,
ヒズマスターピース,2026-07-26,札幌,10,1,9,0.0,5,
ヒズマスターピース,2026-08-08,札幌,12,1,13,0.0,5,
ヒッグスボソン,2026-08-23,中京,12,8,16,0.4667,1,差し
ヒットアンドロール,2026-08-08,中京,9,3,9,0.25,2,
ヒットザグラウンド,2026-02-08,小倉,12,5,18,0.2353,5,差し
ヒットザグラウンド,2026-04-25,京都,9,6,16,0.3333,8,差し
ヒットザグラウンド,2026-07-04,小倉,12,3,12,0.1818,6,差し
ヒットミー,2026-03-15,中山,12,5,16,0.2667,2,逃げ
ヒットミー,2026-04-12,中山,12,3,13,0.1667,7,差し
ヒットミー,2026-07-12,函館,10,2,12,0.0909,2,差し
ヒットミー,2026-08-02,札幌,9,2,12,0.0909,8,
ヒデノレインボー,2026-01-11,京都,9,3,10,0.2222,7,
ヒデノレインボー,2026-02-01,京都,9,5,11,0.4,9,差し
ヒデノレインボー,2026-02-21,阪神,12,3,14,0.1538,9,
ヒデノレインボー,2026-05-03,京都,9,3,9,0.25,6,差し
ヒデノレインボー,2026-06-06,阪神,10,5,12,0.3636,11,差し
ヒナアラレ,2026-04-11,中山,12,7,16,0.4,16,逃げ
ヒミノエトワール,2026-08-23,札幌,10,4,14,0.2308,5,先行
ヒメカミノイタダキ,2026-02-28,小倉,12,7,18,0.3529,18,先行
ヒャクギマル,2026-08-22,中京,12,5,17,0.25,6,先行
ヒューゴ,2026-01-11,中山,10,7,16,0.4,13,追込
ヒューザー,2026-01-12,京都,12,5,18,0.2353,18,差し
ヒラボクカレラ,2026-05-02,京都,10,3,12,0.1818,4,先行
ヒラボクカレラ,2026-06-27,福島,9,8,16,0.4667,10,先行
ヒラボクソライア,2026-08-22,中京,8,2,10,0.1111,5,
ヒラボクミニー,2026-02-15,京都,12,6,16,0.3333,14,
ヒラボクミニー,2026-07-05,函館,9,2,16,0.0667,10,先行
ヒルデグリム,2026-03-21,中山,11,6,16,0.3333,16,差し
ヒルノジェノヴァ,2026-08-08,中京,10,6,16,0.3333,13,差し
ヒルノドゴール,2026-01-05,京都,10,5,16,0.2667,1,差し
ヒルノドゴール,2026-03-14,阪神,11,4,13,0.25,9,差し
ヒルノハンブルク,2026-01-31,東京,9,4,16,0.2,16,
ヒルノハンブルク,2026-05-16,京都,10,1,15,0.0,1,先行
ヒルノハンブルク,2026-07-18,函館,11,4,13,0.25,3,先行
ヒルノハンブルク,2026-08-08,札幌,11,1,11,0.0,7,先行
ヒルノピレネー,2026-04-12,福島,10,10,16,0.6,12,差し
ヒルノピレネー,2026-07-25,札幌,12,3,11,0.2,6,差し
ヒルノピレネー,2026-08-23,札幌,10,4,14,0.2308,7,差し
ヒルノレーダン,2026-02-01,小倉,9,3,11,0.2,10,
ヒロノゴウカイ,2026-05-17,東京,9,7,12,0.5455,10,差し
ヒロノゴウカイ,2026-06-14,東京,12,5,12,0.3636,10,追込
ヒロノラメール,2026-01-24,京都,10,7,15,0.4286,8,差し
ヒロノラメール,2026-05-16,京都,10,3,15,0.1429,8,差し
ヒロノラメール,2026-06-21,阪神,10,5,16,0.2667,14,
ヒーローインチーフ,2026-02-01,小倉,10,7,15,0.4286,3,
ヒーローインチーフ,2026-05-23,新潟,11,6,16,0.3333,4,差し
ヒーローインチーフ,2026-07-18,小倉,11,7,12,0.5455,7,追込
ヒーローインチーフ,2026-08-15,中京,6,5,11,0.4,6,追込
ビアフォーナウ,2026-05-17,新潟,12,4,11,0.3,7,差し
ビアフォーナウ,2026-08-02,新潟,10,6,14,0.3846,7,差し
ビザンチンドリーム,2026-06-14,阪神,11,7,18,0.3529,15,差し
ビシェノ,2026-08-09,中京,12,10,16,0.6,13,先行
ビジュードネージュ,2026-05-16,新潟,9,10,16,0.6,16,差し
ビジューブリランテ,2026-08-16,新潟,9,3,11,0.2,1,
ビスケット,2026-02-01,小倉,12,8,18,0.4118,15,先行
ビスケットサンド,2026-08-30,中京,7,5,9,0.5,3,差し
ビスケットマリー,2026-04-25,福島,12,11,16,0.6667,15,追込
ビズロード,2026-07-05,小倉,12,8,16,0.4667,8,先行
ビターグラッセ,2026-01-11,中山,9,3,13,0.1667,3,差し
ビターグラッセ,2026-02-15,小倉,9,2,7,0.1667,6,差し
ビターグラッセ,2026-04-19,中山,9,5,12,0.3636,10,差し
ビターグラッセ,2026-05-02,新潟,10,6,15,0.3571,10,差し
ビダーヤ,2026-01-10,京都,11,3,16,0.1333,3,差し
ビダーヤ,2026-03-14,阪神,11,5,13,0.3333,2,差し
ビダーヤ,2026-04-04,阪神,10,3,16,0.1333,2,差し
ビッグカレンルーフ,2026-01-11,中山,11,2,16,0.0667,2,差し
ビッグショータイム,2026-02-22,東京,12,11,16,0.6667,16,
ビッグシーザー,2026-02-01,京都,11,9,18,0.4706,12,
ビッグシーザー,2026-02-28,中山,11,7,16,0.4,9,先行
ビッグシーザー,2026-03-29,中京,11,5,18,0.2353,11,先行
ビッグデイメイク,2026-01-11,中山,9,7,13,0.5,13,追込
ビッグデイメイク,2026-03-07,阪神,9,5,9,0.5,9,差し
ビッグデイメイク,2026-05-30,東京,10,7,11,0.6,11,差し
ビッグデイメイク,2026-07-05,福島,10,8,12,0.6364,9,追込
ビッグデイメイク,2026-07-19,福島,10,5,12,0.3636,7,差し
ビッグデイメイク,2026-08-08,新潟,6,8,10,0.7778,8,差し
ビッグドリーム,2026-02-10,京都,12,1,15,0.0,5,
ビッグドリーム,2026-03-01,中山,12,1,16,0.0,2,
ビッグドリーム,2026-05-24,新潟,10,6,15,0.3571,10,先行
ビッグヒーロー,2026-07-25,中京,12,2,16,0.0667,2,差し
ビッグヒーロー,2026-08-09,中京,12,8,16,0.4667,2,差し
ビッグフラワー,2026-03-15,中京,12,7,18,0.3529,6,差し
ビッグフラワー,2026-04-19,福島,9,5,16,0.2667,6,差し
ビッグベルーガ,2026-04-19,福島,10,5,13,0.3333,9,差し
ビッグベルーガ,2026-06-28,小倉,9,3,8,0.2857,3,差し
ビッグベルーガ,2026-07-11,福島,9,7,15,0.4286,10,差し
ビップジーニー,2026-02-28,阪神,12,5,18,0.2353,17,差し
ビップジーニー,2026-05-17,京都,12,2,12,0.0909,1,差し
ビップジーニー,2026-05-31,京都,12,2,18,0.0588,17,差し
ビップジーニー,2026-08-29,中京,7,5,15,0.2857,12,差し
ビップスコーピオン,2026-01-12,京都,10,7,16,0.4,4,差し
ビップスコーピオン,2026-03-01,阪神,10,5,14,0.3077,11,差し
ビップスコーピオン,2026-05-02,東京,9,5,16,0.2667,10,差し
ビップスコーピオン,2026-05-24,東京,12,6,16,0.3333,7,
ビップスコーピオン,2026-08-30,中京,6,7,16,0.4,16,
ビップチェイス,2026-01-12,中山,12,4,18,0.1765,14,
ビップチェイス,2026-04-12,福島,9,1,13,0.0,1,
ビップチェイス,2026-04-19,福島,10,1,13,0.0,7,
ビップチェイス,2026-05-17,京都,9,1,10,0.0,7,
ビップチェイス,2026-08-15,新潟,6,3,14,0.1538,6,
ビップチェイス,2026-08-30,中京,8,3,15,0.1429,13,
ビップディラン,2026-08-08,中京,6,5,11,0.4,2,
ビップディラン,2026-08-23,中京,6,5,14,0.3077,1,差し
ビップデイジー,2026-01-24,京都,11,4,14,0.2308,10,差し
ビップデイジー,2026-06-21,東京,11,4,16,0.2,11,差し
ビップヴォルフ,2026-08-02,中京,11,3,6,0.4,3,差し
ビナハイバン,2026-06-27,函館,12,2,10,0.1111,7,差し
ビバップ,2026-01-12,中山,10,1,16,0.0,16,
ビバップ,2026-08-15,新潟,7,5,15,0.2857,15,
ビヨンドザヴァレー,2026-03-07,中山,11,3,16,0.1333,2,先行
ビリオネアボーイ,2026-08-29,新潟,10,6,18,0.2941,14,差し
ビリングス,2026-07-18,福島,9,2,12,0.0909,8,先行
ビルカール,2026-03-07,阪神,10,2,15,0.0714,3,
ビルカール,2026-04-25,福島,11,3,12,0.1818,6,
ビルンバウム,2026-03-29,阪神,9,1,15,0.0,2,
ビルンバウム,2026-08-01,中京,8,1,13,0.0,8,
ビルンバウム,2026-08-22,中京,6,1,14,0.0,6,
ビーアイフォルテ,2026-02-14,小倉,10,3,14,0.1538,10,先行
ビーアストニッシド,2026-02-22,小倉,11,6,16,0.3333,13,差し
ビーアストニッシド,2026-05-31,京都,10,10,17,0.5625,16,差し
ビーアストニッシド,2026-08-22,新潟,7,8,18,0.4118,13,差し
ビーオンザカバー,2026-01-24,中山,9,4,9,0.375,3,差し
ビーオンザカバー,2026-03-21,中山,9,6,16,0.3333,5,差し
ビーオンザカバー,2026-04-25,東京,9,5,9,0.5,3,差し
ビーオンザカバー,2026-06-07,東京,9,4,8,0.4286,6,差し
ビーオンザカバー,2026-08-08,札幌,10,1,8,0.0,1,
ビーグラッド,2026-01-05,京都,12,2,15,0.0714,13,先行
ビーグラッド,2026-03-14,中京,12,4,18,0.1765,11,先行
ビーグラッド,2026-07-25,中京,11,2,8,0.1429,7,
ビーコング,2026-01-05,中山,12,1,16,0.0,1,
ビーコング,2026-04-04,中山,12,7,16,0.4,15,先行
ビーコング,2026-05-30,東京,9,3,16,0.1333,8,先行
ビーコング,2026-06-20,函館,11,7,16,0.4,11,差し
ビーコング,2026-06-28,函館,12,7,14,0.4615,3,差し
ビーコング,2026-08-22,札幌,10,2,14,0.0769,4,
ビーコング,2026-09-05,札幌,10,4,16,0.2,8,差し
ビーチイン,2026-08-08,札幌,9,3,13,0.1667,10,差し
ビービーアジャイル,2026-06-13,東京,9,2,14,0.0769,3,
ビービーアジャイル,2026-08-30,新潟,6,3,15,0.1429,1,
ビービーエフォート,2026-03-08,中山,12,6,16,0.3333,3,差し
ビービーエフォート,2026-03-29,中山,12,4,11,0.3,2,差し
ビービーエフォート,2026-05-23,新潟,11,7,16,0.4,5,差し
ビービーエフォート,2026-06-20,東京,10,3,14,0.1538,6,差し
ビービーエフォート,2026-08-22,札幌,10,2,14,0.0769,2,
ビービーエフォート,2026-09-05,札幌,10,5,16,0.2667,3,差し
ビービークローサー,2026-04-05,阪神,9,6,12,0.4545,2,差し
ビービークローサー,2026-08-01,中京,8,5,13,0.3333,1,差し
ビービークローサー,2026-08-30,中京,6,6,16,0.3333,1,差し
ビービーバザーク,2026-07-18,函館,9,4,13,0.25,11,先行
ビーマックス,2026-03-01,中山,12,3,16,0.1333,6,先行
ビーマックス,2026-04-11,阪神,12,3,16,0.1333,13,
ビーマックス,2026-07-12,函館,10,4,12,0.2727,3,先行
ビーマックス,2026-08-02,札幌,9,4,12,0.2727,4,
ビーンスターク,2026-07-18,福島,9,4,12,0.2727,10,差し
ピアストイヤーズ,2026-05-16,新潟,12,2,16,0.0667,5,差し
ピアストイヤーズ,2026-06-27,小倉,12,3,8,0.2857,2,差し
ピエタンツァ,2026-01-05,京都,12,8,15,0.5,5,差し
ピエタンツァ,2026-01-31,京都,12,9,17,0.5,6,差し
ピエドゥラパン,2026-01-11,中山,11,3,16,0.1333,10,差し
ピエドゥラパン,2026-03-22,中京,9,5,10,0.4444,9,差し
ピエナフェーヴル,2026-08-29,新潟,7,4,17,0.1875,5,差し
ピエマンソン,2026-01-17,京都,11,5,16,0.2667,5,先行
ピエマンソン,2026-03-21,中京,10,6,16,0.3333,9,先行
ピエマンソン,2026-06-06,東京,11,5,15,0.2857,3,先行
ピエマンソン,2026-08-01,中京,6,6,16,0.3333,2,先行
ピエマンソン,2026-08-22,中京,7,3,16,0.1333,1,差し
ピカキウイ,2026-04-12,阪神,9,4,14,0.2308,2,先行
ピカキウイ,2026-08-01,中京,11,1,9,0.0,3,差し
ピカピカサンダー,2026-04-18,阪神,11,6,16,0.3333,16,先行
ピカピカサンダー,2026-05-03,東京,10,2,16,0.0667,4,先行
ピカピカサンダー,2026-06-20,東京,11,5,15,0.2857,12,先行
ピカピカサンダー,2026-08-29,新潟,8,3,11,0.2,3,
ピクシレーション,2026-01-17,中山,10,6,16,0.3333,3,差し
ピクシレーション,2026-03-21,中山,10,4,13,0.25,6,差し
ピクニックマーチ,2026-08-29,札幌,10,4,12,0.2727,6,先行
ピクラリーダ,2026-04-26,福島,12,9,16,0.5333,14,先行
ピクラリーダ,2026-07-04,福島,12,6,16,0.3333,16,先行
ピコアーガイル,2026-03-08,中山,12,1,16,0.0,16,先行
ピコアーガイル,2026-06-20,函館,11,2,16,0.0667,2,
ピコアーガイル,2026-07-11,函館,10,2,14,0.0769,2,逃げ
ピコキング,2026-08-30,中京,7,6,9,0.625,8,差し
ピコシー,2026-04-04,中山,10,3,15,0.1429,3,差し
ピコシー,2026-07-18,福島,10,4,15,0.2143,5,差し
ピコシー,2026-08-30,新潟,6,4,15,0.2143,5,差し
ピコジャック,2026-08-30,中京,7,6,9,0.625,9,先行
ピコテンダー,2026-01-05,中山,12,6,16,0.3333,8,
ピコテンダー,2026-05-24,新潟,10,4,15,0.2143,3,
ピコテンダー,2026-08-09,新潟,9,3,15,0.1429,6,
ピコニ,2026-04-25,東京,12,1,13,0.0,12,
ピコニ,2026-05-16,京都,12,5,15,0.2857,9,先行
ピコバレット,2026-08-02,新潟,12,3,17,0.125,8,先行
ピコブロッサム,2026-07-26,新潟,12,7,15,0.4286,8,追込
ピコプリンセス,2026-08-09,新潟,11,7,18,0.3529,10,差し
ピコラ,2026-05-02,京都,12,2,10,0.1111,7,差し
ピコレッド,2026-01-10,中山,12,3,16,0.1333,2,先行
ピコレッド,2026-07-05,福島,12,9,15,0.5714,9,
ピコローズ,2026-03-14,中山,10,7,16,0.4,6,先行
ピコローズ,2026-05-24,東京,10,6,14,0.3846,8,差し
ピコローズ,2026-07-25,新潟,7,7,17,0.375,1,差し
ピコローズ,2026-09-05,中山,11,5,16,0.2667,1,差し
ピックアチェリー,2026-03-28,中京,11,8,16,0.4667,3,追込
ピックアップライン,2026-02-28,中山,10,4,16,0.2,5,
ピックアップライン,2026-04-25,東京,10,6,15,0.3571,14,
ピックアップライン,2026-07-04,福島,11,4,10,0.3333,10,
ピックデムッシュ,2026-03-07,中山,9,2,13,0.0833,3,先行
ピックデムッシュ,2026-04-26,京都,9,3,11,0.2,4,先行
ピックデムッシュ,2026-06-20,東京,9,5,10,0.4444,5,先行
ピティロディア,2026-04-26,福島,9,4,13,0.25,6,差し
ピティロディア,2026-05-09,新潟,10,2,13,0.0833,6,差し
ピティロディア,2026-06-28,函館,9,4,10,0.3333,5,差し
ピティロディア,2026-07-26,札幌,12,4,9,0.375,5,差し
ピュアキアン,2026-02-28,阪神,11,2,16,0.0667,14,逃げ
ピュアキアン,2026-03-29,中山,11,6,15,0.3571,14,
ピューロマジック,2026-02-28,中山,11,1,16,0.0,16,逃げ
ピューロマジック,2026-03-29,中京,11,2,18,0.0588,13,逃げ
ピューロマジック,2026-06-13,函館,11,1,12,0.0,1,
ピョイットハレルヤ,2026-08-29,中京,10,3,16,0.1333,16,
ピリカサンライズ,2026-05-16,新潟,12,5,16,0.2667,11,差し
ピリカサンライズ,2026-07-04,小倉,12,5,12,0.3636,7,差し
ピンキープロミス,2026-01-17,京都,9,3,10,0.2222,3,
ピンキープロミス,2026-03-01,阪神,9,6,9,0.625,7,
ピンキープロミス,2026-03-28,中京,10,6,12,0.4545,6,
ピンキープロミス,2026-04-19,阪神,9,4,10,0.3333,1,
ピンキープロミス,2026-06-20,阪神,10,3,18,0.1176,8,
ピンクゴールド,2026-08-29,札幌,10,6,12,0.4545,3,先行
ピンクジン,2026-01-10,中山,11,2,17,0.0625,5,先行
ピンクジン,2026-03-01,小倉,11,4,17,0.1875,13,先行
ピンクジン,2026-04-19,中山,12,3,18,0.1176,14,差し
ピンクジン,2026-07-11,函館,11,6,13,0.4167,5,差し
ピンクジン,2026-08-16,札幌,11,8,16,0.4667,13,先行
ピンクジン,2026-08-22,札幌,11,3,12,0.1818,6,先行
ピンクパンサー,2026-07-26,中京,12,4,15,0.2143,8,差し
ピースオブザライフ,2026-02-01,小倉,11,5,15,0.2857,7,差し
ピースオブザライフ,2026-06-13,阪神,11,4,16,0.2,15,差し
ピースオブザライフ,2026-07-05,福島,11,10,15,0.6429,13,差し
ピースオブザライフ,2026-08-29,新潟,8,6,11,0.5,11,差し
ピースサイン,2026-06-06,東京,12,3,16,0.1333,4,先行
ピースヒロフェイス,2026-01-12,中山,12,5,18,0.2353,6,
ピースヒロフェイス,2026-01-31,東京,12,6,12,0.4545,5,
ピースヒロフェイス,2026-08-15,中京,8,3,10,0.2222,7,
ピースフルナイト,2026-03-08,中山,12,6,16,0.3333,12,差し
ピースフルナイト,2026-06-14,阪神,9,2,14,0.0769,11,差し
ピースフルナイト,2026-08-02,札幌,12,5,14,0.3077,9,差し
ピースフルナイト,2026-08-22,札幌,10,3,14,0.1538,8,
ピースフルマインド,2026-08-29,新潟,11,3,18,0.1176,1,先行
ピースワンデュック,2026-01-04,中山,11,1,14,0.0,5,
ピースワンデュック,2026-01-31,東京,11,1,10,0.0,5,
ピースワンデュック,2026-04-12,福島,11,3,15,0.1429,14,
ピースワンデュック,2026-06-28,函館,11,2,15,0.0714,3,
ファイアトリック,2026-01-12,中山,9,3,16,0.1333,7,先行
ファイアプレイス,2026-08-23,中京,12,2,16,0.0667,8,先行
ファイアマン,2026-01-10,中山,9,6,10,0.5556,6,逃げ
ファイアマン,2026-08-09,新潟,7,7,12,0.5455,11,
ファイアンクランツ,2026-02-21,東京,11,5,15,0.2857,2,差し
ファイアンクランツ,2026-05-31,東京,12,4,14,0.2308,1,差し
ファイツオン,2026-07-11,小倉,10,1,18,0.0,17,
ファイツオン,2026-08-15,中京,6,1,11,0.0,3,
ファイブセンス,2026-01-10,中山,12,9,16,0.5333,12,追込
ファイントパーズ,2026-04-18,福島,11,10,15,0.6429,12,
ファインライン,2026-02-15,東京,9,8,16,0.4667,11,差し
ファインライン,2026-03-08,阪神,10,5,14,0.3077,1,差し
ファインライン,2026-04-26,京都,11,5,18,0.2353,15,
ファインライン,2026-06-21,阪神,11,6,18,0.2941,11,差し
ファウストラーゼン,2026-02-21,東京,11,1,15,0.0,15,
ファウストラーゼン,2026-04-05,阪神,11,2,15,0.0714,13,
ファウストラーゼン,2026-06-28,函館,11,2,15,0.0714,1,
ファストフォワード,2026-08-02,新潟,8,2,14,0.0769,1,先行
ファニーバニー,2026-01-12,京都,11,1,16,0.0,8,
ファニーバニー,2026-03-07,阪神,11,3,18,0.1176,14,
ファニーバニー,2026-06-27,函館,9,3,9,0.25,8,
ファビュラススター,2026-07-19,福島,9,6,16,0.3333,7,差し
ファビュラススター,2026-08-30,札幌,10,1,16,0.0,2,差し
ファビュラススター,2026-09-05,札幌,10,1,16,0.0,1,
ファミリータイム,2026-01-18,京都,11,1,13,0.0,2,先行
ファミリータイム,2026-03-22,阪神,11,4,10,0.3333,9,
ファミリータイム,2026-06-14,阪神,11,5,18,0.2353,6,
ファミリーツリー,2026-02-15,小倉,9,2,7,0.1667,3,差し
ファミリーツリー,2026-02-28,小倉,11,5,15,0.2857,10,差し
ファミリーツリー,2026-04-19,中山,9,2,12,0.0909,12,差し
ファミリーツリー,2026-06-13,函館,10,8,16,0.4667,13,先行
ファミリーツリー,2026-07-05,小倉,10,10,16,0.6,14,先行
ファムエレガンテ,2026-02-10,京都,10,1,16,0.0,15,
ファムエレガンテ,2026-07-19,福島,11,3,16,0.1333,3,
ファムエレガンテ,2026-08-16,新潟,7,2,15,0.0714,6,先行
ファムクラジューズ,2026-04-26,東京,11,2,13,0.0833,10,
ファムマルキーズ,2026-06-06,東京,10,4,17,0.1875,12,先行
ファランギーナ,2026-07-26,新潟,12,4,15,0.2143,7,差し
ファリーザ,2026-01-31,東京,9,7,16,0.4,13,先行
ファリーザ,2026-05-02,新潟,11,3,15,0.1429,7,先行
ファリーザ,2026-06-13,東京,10,6,16,0.3333,8,先行
ファルカータ,2026-08-29,中京,11,1,13,0.0,9,
ファンクション,2026-01-17,中山,9,1,8,0.0,2,先行
ファンクション,2026-03-14,中山,11,4,16,0.2,4,先行
ファンクション,2026-04-04,阪神,11,6,14,0.3846,14,先行
ファンクション,2026-05-23,東京,9,4,12,0.2727,11,先行
ファンタイムギフト,2026-06-06,東京,12,5,16,0.2667,5,差し
ファンダム,2026-01-12,中山,11,4,14,0.2308,3,差し
ファンダム,2026-02-28,中山,11,5,16,0.2667,12,差し
ファンダム,2026-05-02,東京,11,2,18,0.0588,8,差し
ファンダム,2026-06-21,阪神,11,6,18,0.2941,4,差し
ファンダム,2026-09-05,中山,11,7,16,0.4,4,差し
ファントムシーフ,2026-08-16,中京,7,10,16,0.6,16,差し
ファーストアタック,2026-07-26,中京,12,10,15,0.6429,15,差し
ファームツエンティ,2026-03-21,阪神,9,2,8,0.1429,3,差し
ファームツエンティ,2026-04-11,阪神,9,3,8,0.2857,1,差し
ファームツエンティ,2026-06-20,阪神,10,4,18,0.1765,7,差し
ファーングロット,2026-03-01,阪神,9,2,9,0.125,2,先行
ファーングロット,2026-05-17,京都,9,3,10,0.2222,2,先行
ファーングロット,2026-08-15,新潟,6,2,14,0.0769,5,先行
ファーヴェント,2026-01-04,京都,11,3,18,0.1176,2,先行
ファーヴェント,2026-04-04,中山,11,6,16,0.3333,3,先行
ファーヴェント,2026-04-26,京都,11,2,18,0.0588,6,
ファーヴェント,2026-06-21,阪神,11,5,18,0.2353,9,差し
ファーヴェント,2026-07-26,新潟,7,3,14,0.1538,3,差し
ファーヴニル,2026-08-15,中京,12,6,16,0.3333,11,
フィアレスウィル,2026-08-02,中京,12,10,17,0.5625,11,
フィオライア,2026-01-11,京都,11,1,16,0.0,6,先行
フィオライア,2026-02-01,京都,11,1,18,0.0,1,
フィオライア,2026-02-28,中山,11,8,16,0.4667,10,
フィオライア,2026-03-29,中京,11,7,18,0.3529,18,
フィオライア,2026-08-09,中京,7,4,18,0.1765,13,逃げ
フィオラーノ,2026-02-08,小倉,9,4,15,0.2143,4,先行
フィオラーノ,2026-02-28,阪神,10,6,9,0.625,7,先行
フィオラーノ,2026-05-09,新潟,9,4,14,0.2308,6,先行
フィオラーノ,2026-06-13,阪神,12,2,14,0.0769,8,先行
フィオラーノ,2026-07-04,小倉,9,1,12,0.0,11,先行
フィオラーノ,2026-08-16,札幌,9,5,16,0.2667,15,先行
フィオレストラーダ,2026-04-18,福島,10,1,8,0.0,1,先行
フィオレストラーダ,2026-06-27,福島,11,2,9,0.125,2,先行
フィオレストラーダ,2026-08-15,中京,7,3,8,0.2857,5,先行
フィドルファドル,2026-02-15,東京,12,3,16,0.1333,7,差し
フィドルファドル,2026-05-09,東京,12,5,16,0.2667,2,先行
フィドルファドル,2026-05-30,東京,9,4,16,0.2,2,先行
フィドルファドル,2026-06-21,東京,9,6,16,0.3333,3,先行
フィドルファドル,2026-07-05,小倉,10,5,16,0.2667,12,差し
フィドルファドル,2026-08-29,中京,6,3,13,0.1667,1,差し
フィラーエ,2026-07-12,小倉,12,5,17,0.25,5,先行
フィラーエ,2026-08-16,中京,11,4,16,0.2,14,差し
フィリップ,2026-02-22,東京,12,4,16,0.2,8,
フィリップ,2026-03-08,阪神,12,2,13,0.0833,5,
フィリップ,2026-03-29,中京,12,1,16,0.0,5,
フィリップ,2026-04-26,東京,12,1,16,0.0,13,
フィリップ,2026-05-10,京都,12,2,14,0.0769,10,
フィレルレーヴ,2026-08-22,新潟,12,7,15,0.4286,10,追込
フィーチャリング,2026-03-29,中京,12,6,16,0.3333,9,差し
フィーチャリング,2026-05-17,東京,10,8,15,0.5,6,差し
フィーチャリング,2026-06-07,東京,12,7,16,0.4,10,差し
フィーチャリング,2026-07-26,新潟,6,5,11,0.4,4,差し
フィーチャリング,2026-08-09,新潟,9,10,15,0.6429,10,差し
フィーリウス,2026-03-22,中山,10,1,9,0.0,1,先行
フィーリウス,2026-06-28,函館,11,4,15,0.2143,13,先行
フィールオーサム,2026-03-22,中山,12,1,16,0.0,6,
フィールオーサム,2026-05-10,新潟,10,1,14,0.0,2,
フィールオーサム,2026-05-23,東京,12,3,16,0.1333,5,
フィールオーサム,2026-08-02,新潟,6,1,15,0.0,2,
フィールシンパシー,2026-01-24,小倉,11,3,18,0.1176,10,差し
フィールシンパシー,2026-03-07,中山,11,9,16,0.5333,14,差し
フィールシンパシー,2026-04-19,福島,11,5,16,0.2667,12,差し
フィールマイプラン,2026-08-01,新潟,9,2,14,0.0769,1,先行
フイノマジワリ,2026-02-01,京都,9,2,11,0.1,10,差し
フウセツ,2026-04-25,東京,10,3,15,0.1429,3,先行
フウセツ,2026-05-17,東京,12,2,16,0.0667,9,先行
フウセツ,2026-08-15,新潟,7,2,15,0.0714,3,先行
フェアリーグレン,2026-01-31,小倉,12,6,16,0.3333,9,差し
フェアリーメドウ,2026-04-18,阪神,12,9,15,0.5714,11,先行
フェアリーライク,2026-03-22,阪神,9,6,8,0.7143,3,追込
フェアリーライク,2026-04-25,京都,12,6,11,0.5,1,追込
フェアリーライズ,2026-03-14,中山,11,3,16,0.1333,14,差し
フェアリーライズ,2026-06-14,函館,11,8,16,0.4667,9,先行
フェアリーライズ,2026-06-28,函館,12,9,14,0.6154,8,差し
フェイトブレイカー,2026-08-08,中京,10,3,16,0.1333,7,差し
フェイトブレイカー,2026-08-15,中京,12,5,16,0.2667,9,
フェゲフォイア,2026-03-22,中京,12,8,16,0.4667,9,
フェゲフォイア,2026-04-18,阪神,12,10,15,0.6429,10,
フェゲフォイア,2026-06-13,阪神,12,6,14,0.3846,9,
フェスタリア,2026-07-25,札幌,12,5,11,0.4,10,差し
フェスティバルヒル,2026-04-12,阪神,11,5,18,0.2353,17,差し
フェスティバルヒル,2026-08-02,札幌,11,5,14,0.3077,14,差し
フェスティヴドレス,2026-06-06,阪神,12,4,16,0.2,1,差し
フェスティヴビーム,2026-07-26,新潟,9,8,14,0.5385,7,差し
フェデラー,2026-05-02,京都,10,8,12,0.6364,6,追込
フェデラー,2026-05-16,京都,12,6,15,0.3571,2,差し
フェデルミエール,2026-07-05,福島,9,8,16,0.4667,14,先行
フェニーチェドーロ,2026-08-01,札幌,10,7,13,0.5,11,差し
フェブランシェ,2026-02-01,東京,11,4,16,0.2,12,
フェブリノ,2026-01-24,小倉,9,6,12,0.4545,7,差し
フェブリノ,2026-07-25,中京,11,3,8,0.2857,5,先行
フェブリノ,2026-08-08,中京,12,3,18,0.1176,5,先行
フェブリノ,2026-08-22,中京,12,5,17,0.25,16,先行
フェミナンジェンヌ,2026-07-05,小倉,12,7,16,0.4,9,先行
フェリ,2026-02-15,京都,12,9,16,0.5333,12,
フェリスチカ,2026-03-15,中山,12,9,16,0.5333,15,逃げ
フェリチタ,2026-07-19,函館,11,3,13,0.1667,1,
フェリーニ,2026-06-13,阪神,12,2,14,0.0769,7,
フェリーニ,2026-08-09,中京,11,4,17,0.1875,13,
フェルサイト,2026-03-07,阪神,12,10,16,0.6,14,差し
フェルミアーク,2026-07-05,福島,9,3,16,0.1333,3,先行
フェルヴェンテ,2026-01-10,京都,11,5,16,0.2667,4,差し
フェルヴェンテ,2026-03-14,阪神,11,3,13,0.1667,8,差し
フェルヴェンテ,2026-05-23,東京,11,5,16,0.2667,6,差し
フェルヴェンテ,2026-07-12,小倉,11,3,11,0.2,7,差し
フェルヴェンテ,2026-09-05,阪神,11,2,12,0.0909,3,差し
フェンダー,2026-03-29,阪神,12,6,16,0.3333,7,
フェンダー,2026-04-11,阪神,12,8,16,0.4667,6,
フェンダー,2026-05-16,京都,12,5,15,0.2857,6,
フェーダーローター,2026-02-14,東京,11,3,16,0.1333,16,先行
フェーダーローター,2026-04-25,福島,9,9,16,0.5333,11,先行
フェーダーローター,2026-08-29,新潟,10,5,18,0.2353,16,差し
フォティック,2026-01-10,京都,12,5,18,0.2353,4,差し
フォティック,2026-05-23,新潟,11,5,16,0.2667,6,差し
フォティック,2026-07-11,小倉,10,7,18,0.3529,16,差し
フォルテアンジェロ,2026-04-19,中山,11,6,18,0.2941,5,
フォルテアンジェロ,2026-05-31,東京,11,6,18,0.2941,12,差し
フォルテアンジェロ,2026-09-05,中山,11,9,16,0.5333,6,差し
フォルテフィオーレ,2026-02-22,小倉,9,4,12,0.2727,2,差し
フォルテフィオーレ,2026-03-01,小倉,9,8,18,0.4118,8,差し
フォルテフィオーレ,2026-04-11,福島,9,4,16,0.2,1,差し
フォルテフィオーレ,2026-06-13,函館,10,6,16,0.3333,5,差し
フォルテフィオーレ,2026-07-12,函館,9,4,14,0.2308,5,差し
フォルテフィオーレ,2026-08-01,札幌,9,5,7,0.6667,7,差し
フォルテフィオーレ,2026-08-29,札幌,11,6,14,0.3846,14,
フォルテム,2026-02-14,小倉,11,11,18,0.5882,13,逃げ
フォルテム,2026-04-05,阪神,10,2,18,0.0588,15,
フォルテム,2026-04-26,東京,9,2,16,0.0667,5,
フォルテム,2026-07-11,福島,10,5,9,0.5,6,先行
フォルテローザ,2026-02-15,京都,12,5,16,0.2667,9,
フォルナックス,2026-01-12,京都,11,5,16,0.2667,7,差し
フォルナックス,2026-08-16,中京,11,6,16,0.3333,4,差し
フォルラニーニ,2026-03-21,中山,9,2,16,0.0667,3,差し
フォルラニーニ,2026-05-24,東京,9,1,12,0.0,1,差し
フォルラニーニ,2026-07-18,福島,11,7,16,0.4,15,先行
フォレストゲート,2026-05-16,新潟,12,4,16,0.2,16,
フォンデネージュ,2026-08-22,新潟,9,3,15,0.1429,9,
フォンドルレール,2026-02-01,東京,12,8,16,0.4667,5,差し
フォンドルレール,2026-08-02,新潟,11,4,14,0.2308,5,差し
フォンドルレール,2026-08-23,新潟,12,5,12,0.3636,6,先行
フォンメイリー,2026-03-15,中山,12,3,16,0.1333,8,
フォンメイリー,2026-04-12,中山,12,5,13,0.3333,6,
フォンメイリー,2026-08-09,新潟,9,3,15,0.1429,14,
フォーエバーラブ,2026-07-26,新潟,12,5,15,0.2857,5,
フォーエバーラブ,2026-08-08,新潟,12,4,15,0.2143,8,
フォーエバーラブ,2026-08-15,新潟,12,1,18,0.0,8,
フォーキャンドルズ,2026-01-17,京都,12,7,18,0.3529,8,差し
フォーキャンドルズ,2026-04-26,京都,9,8,11,0.7,8,差し
フォーグッド,2026-05-23,新潟,10,7,15,0.4286,12,
フォーグッド,2026-08-29,新潟,9,8,13,0.5833,12,
フォーゲル,2026-02-28,阪神,10,3,9,0.25,3,先行
フォーゲル,2026-03-21,中京,11,4,17,0.1875,5,先行
フォーゲル,2026-05-10,京都,10,2,11,0.1,2,先行
フォーゲル,2026-05-30,京都,11,4,16,0.2,11,先行
フォーゲル,2026-08-15,中京,6,3,11,0.2,1,先行
フォージドブリック,2026-04-18,中山,11,3,10,0.2222,3,先行
フォースミラクル,2026-01-05,中山,12,3,16,0.1333,2,先行
フォースミラクル,2026-06-21,東京,9,5,16,0.2667,6,差し
フォーチュンライド,2026-04-12,阪神,9,2,14,0.0769,13,先行
フォーチュンライド,2026-07-12,小倉,10,3,11,0.2,8,先行
フォートポータル,2026-03-14,中京,9,3,10,0.2222,10,差し
フォートポータル,2026-04-11,福島,9,6,16,0.3333,14,差し
フォーワンセルフ,2026-03-29,中京,12,7,16,0.4,12,
フォーワンセルフ,2026-04-18,中山,12,8,13,0.5833,8,
フォーワンセルフ,2026-05-03,東京,12,7,13,0.5,12,
フォーワンセルフ,2026-07-19,函館,10,8,14,0.5385,10,
フクキタテーラー,2026-04-19,阪神,12,6,10,0.5556,4,追込
フクキタテーラー,2026-06-06,阪神,10,4,12,0.2727,9,差し
フクシマブリルハム,2026-08-30,札幌,9,5,11,0.4,8,先行
フクチャンショウ,2026-01-31,東京,10,4,15,0.2143,3,差し
フクチャンショウ,2026-03-21,中京,11,5,17,0.25,3,差し
フクチャンショウ,2026-05-10,東京,11,10,18,0.5294,15,差し
フクチャントウメイ,2026-02-22,東京,12,10,16,0.6,10,差し
フクチャントウメイ,2026-06-07,東京,10,6,16,0.3333,9,差し
フクチャントウメイ,2026-08-02,新潟,6,10,15,0.6429,8,差し
フクチャンヒメ,2026-06-28,福島,12,7,14,0.4615,6,先行
フクノアンタレス,2026-01-18,中山,12,4,16,0.2,14,差し
フクノブルーレイク,2026-01-04,京都,10,2,9,0.125,3,差し
フクノブルーレイク,2026-04-05,中山,11,5,16,0.2667,4,差し
フクノブルーレイク,2026-05-03,東京,9,5,18,0.2353,5,差し
フクノブルーレイク,2026-05-16,新潟,11,4,15,0.2143,3,差し
フジガイフウ,2026-02-01,東京,9,5,12,0.3636,3,差し
フジガイフウ,2026-06-14,東京,9,4,11,0.3,3,差し
フジサン,2026-08-09,新潟,11,6,18,0.2941,9,差し
フジレイメイ,2026-01-12,中山,9,8,16,0.4667,10,差し
フジレイメイ,2026-02-28,中山,12,7,16,0.4,9,
フジレイメイ,2026-04-04,中山,10,6,15,0.3571,5,差し
フジレイメイ,2026-05-30,東京,12,6,16,0.3333,4,差し
フタイテンロック,2026-01-11,中山,10,8,16,0.4667,16,差し
フタイテンロック,2026-05-10,京都,11,6,16,0.3333,15,差し
フタイテンロック,2026-06-20,東京,11,5,15,0.2857,7,差し
フタイテンロック,2026-08-29,新潟,8,5,11,0.4,9,差し
フナデ,2026-02-28,小倉,11,3,15,0.1429,11,
フナデ,2026-07-12,函館,9,6,14,0.3846,6,差し
フミサウンド,2026-02-15,東京,12,3,16,0.1333,12,差し
フミサウンド,2026-04-25,福島,10,7,16,0.4,14,
フミサウンド,2026-05-23,東京,10,3,16,0.1333,6,差し
フミサウンド,2026-06-14,函館,11,5,16,0.2667,7,差し
フミサウンド,2026-07-18,函館,10,3,10,0.2222,9,差し
フミサウンド,2026-08-30,札幌,10,5,16,0.2667,8,差し
フュチュール,2026-08-01,新潟,11,6,18,0.2941,11,先行
フュルスティン,2026-08-02,新潟,10,5,14,0.3077,9,
フライングブレード,2026-01-11,京都,10,4,15,0.2143,3,差し
フライングブレード,2026-02-10,京都,9,3,13,0.1667,5,先行
フライングブレード,2026-03-08,阪神,10,3,14,0.1538,12,差し
フライングブレード,2026-06-21,東京,10,4,16,0.2,5,差し
フライングブレード,2026-07-25,新潟,7,5,17,0.25,15,先行
フライングブレード,2026-08-29,中京,7,6,15,0.3571,14,差し
フラッシング,2026-02-22,阪神,12,7,16,0.4,10,差し
フラッシング,2026-05-10,新潟,10,8,14,0.5385,6,差し
フラッシング,2026-06-21,阪神,12,9,13,0.6667,7,追込
フラッシング,2026-08-30,新潟,6,7,15,0.4286,8,差し
フラッシングレート,2026-01-18,京都,12,4,10,0.3333,4,追込
フラッシングレート,2026-01-31,京都,12,9,17,0.5,2,差し
フラッシングレート,2026-02-21,阪神,9,7,18,0.3529,11,差し
フラッパールック,2026-01-31,京都,11,2,13,0.0833,10,
フラムリンガム,2026-01-17,中山,10,6,16,0.3333,9,先行
フラムリンガム,2026-03-15,阪神,10,3,14,0.1538,11,先行
フラムリンガム,2026-05-10,東京,12,7,15,0.4286,11,先行
フララナキラ,2026-01-31,小倉,12,2,16,0.0667,7,
フララナキラ,2026-03-01,小倉,9,5,18,0.2353,17,
フラワームーン,2026-06-07,阪神,12,5,12,0.3636,12,
フランキーバローズ,2026-03-14,阪神,12,1,8,0.0,1,先行
フランキーバローズ,2026-07-18,小倉,12,4,14,0.2308,7,先行
フランクスピード,2026-08-09,中京,11,9,17,0.5,14,先行
フランスゴデイナ,2026-03-01,阪神,10,2,14,0.0769,9,差し
フランスゴデイナ,2026-05-16,京都,10,5,15,0.2857,12,差し
フリッカージャブ,2026-02-28,中山,11,3,16,0.1333,6,
フリッカージャブ,2026-05-16,京都,11,1,16,0.0,1,
フリッカージャブ,2026-07-05,小倉,11,1,13,0.0,1,先行
フリッシュ,2026-07-18,小倉,12,6,14,0.3846,11,先行
フリーガー,2026-07-11,小倉,9,5,11,0.4,6,先行
フリーガー,2026-07-26,札幌,12,6,9,0.625,9,差し
フリーガー,2026-09-05,札幌,9,4,14,0.2308,7,先行
フリーマントル,2026-07-18,福島,10,5,15,0.2857,7,差し
フリーマントル,2026-08-16,新潟,8,5,13,0.3333,3,差し
フリームファクシ,2026-02-15,東京,10,3,16,0.1333,10,差し
フリームファクシ,2026-02-28,中山,11,8,16,0.4667,13,差し
フリームファクシ,2026-05-02,東京,11,8,18,0.4118,14,差し
フリームファクシ,2026-06-07,阪神,11,7,16,0.4,13,先行
フルオール,2026-03-29,中京,10,4,14,0.2308,10,
フルオール,2026-05-10,東京,12,8,15,0.5,5,
フルオール,2026-06-13,東京,10,10,16,0.6,3,
フルドド,2026-03-22,中京,12,2,16,0.0667,2,
フルドド,2026-05-03,新潟,12,3,15,0.1429,6,
フルドフォルク,2026-08-08,中京,10,7,16,0.4,8,逃げ
フルドフォルク,2026-08-23,中京,12,5,16,0.2667,10,先行
フルミネブル,2026-06-20,東京,12,9,16,0.5333,16,
フルレゾン,2026-01-12,京都,9,5,12,0.3636,3,差し
フルレゾン,2026-03-28,中京,10,4,12,0.2727,8,差し
フルレゾン,2026-05-17,新潟,10,5,15,0.2857,13,差し
フルレゾン,2026-06-20,東京,9,5,10,0.4444,7,差し
フルールジェンヌ,2026-01-17,京都,10,3,9,0.25,6,先行
フルールジェンヌ,2026-03-07,阪神,11,3,18,0.1176,6,先行
フルールジェンヌ,2026-07-26,中京,9,1,14,0.0,5,先行
フルールジェンヌ,2026-08-16,中京,11,1,16,0.0,6,
フルールドール,2026-04-12,阪神,9,2,14,0.0769,11,差し
フルールドール,2026-08-02,札幌,10,2,10,0.1111,9,先行
フルールロイヤル,2026-08-09,新潟,11,4,18,0.1765,17,差し
フレアリングベリー,2026-08-09,新潟,12,9,18,0.4706,13,先行
フレイコン,2026-08-22,札幌,9,3,14,0.1538,2,
フレイミングパイ,2026-05-30,京都,12,8,16,0.4667,13,差し
フレイミングパイ,2026-08-02,中京,8,8,11,0.7,7,差し
フレイムスター,2026-01-12,京都,11,2,16,0.0667,15,
フレイムスター,2026-02-01,東京,9,1,12,0.0,6,
フレイムスター,2026-03-15,中山,11,2,16,0.0667,16,
フレイムスター,2026-03-28,阪神,11,1,7,0.0,5,
フレイムスター,2026-06-06,阪神,9,1,9,0.0,5,
フレイムスター,2026-07-19,小倉,12,2,9,0.125,8,
フレイムスター,2026-08-29,中京,11,2,13,0.0833,8,
フレキシブル,2026-08-16,新潟,11,4,9,0.375,8,差し
フレッシュラン,2026-01-31,小倉,9,8,14,0.5385,12,先行
フレッシュラン,2026-04-12,福島,10,11,16,0.6667,16,先行
フレッシュラン,2026-04-26,東京,12,10,16,0.6,14,
フレッシュラン,2026-07-11,函館,10,4,14,0.2308,13,先行
フレミングフープ,2026-01-24,小倉,11,5,18,0.2353,5,差し
フレミングフープ,2026-03-07,中山,11,4,16,0.2,12,差し
フレミングフープ,2026-08-02,札幌,11,6,14,0.3846,12,差し
フレンドモナコ,2026-01-04,中山,10,5,8,0.5714,8,先行
フレンドモナコ,2026-01-31,東京,10,5,15,0.2857,11,追込
フレンドモナコ,2026-02-21,小倉,9,3,10,0.2222,5,差し
フレンドモナコ,2026-06-20,函館,9,3,12,0.1818,8,差し
フレンドモナコ,2026-07-05,函館,12,4,10,0.3333,7,差し
フレンドモナコ,2026-07-19,函館,12,6,14,0.3846,13,差し
フレーヴァード,2026-01-24,中山,11,7,18,0.3529,3,差し
フレーヴァード,2026-04-05,中山,11,8,16,0.4667,14,差し
フロウアンドライム,2026-03-15,中京,12,5,18,0.2353,4,先行
フロウアンドライム,2026-06-27,函館,12,2,10,0.1111,10,先行
フロステリオン,2026-08-02,新潟,11,6,14,0.3846,12,追込
フロムダスク,2026-03-15,中山,10,8,16,0.4667,14,
フロムダスク,2026-03-29,阪神,11,2,13,0.0833,10,差し
フロムダスク,2026-05-16,京都,11,5,16,0.2667,5,
フロムダスク,2026-08-09,中京,7,3,18,0.1176,1,
フロムレイブン,2026-08-09,中京,11,3,17,0.125,2,先行
フロンテアムーン,2026-08-01,新潟,11,6,18,0.2941,7,差し
フロンティエール,2026-07-26,中京,10,4,16,0.2,8,先行
フロンティエール,2026-08-16,中京,11,8,16,0.4667,5,先行
フローラルセント,2026-07-05,小倉,10,5,16,0.2667,11,差し
フーコサンライズ,2026-02-01,小倉,10,4,15,0.2143,15,
フーコサンライズ,2026-02-15,京都,12,10,16,0.6,16,
フーディエラン,2026-08-09,新潟,11,3,18,0.1176,5,差し
フードマン,2026-02-01,小倉,10,6,15,0.3571,11,
フードマン,2026-03-14,阪神,9,3,15,0.1429,4,
フードマン,2026-03-28,阪神,10,5,11,0.4,4,
フードマン,2026-06-14,函館,11,3,16,0.1333,2,
フードマン,2026-06-20,函館,11,4,16,0.2,10,
フードマン,2026-07-18,函館,10,3,10,0.2222,3,
フードマン,2026-08-22,札幌,10,3,14,0.1538,7,
フームスムート,2026-08-01,新潟,7,3,15,0.1429,13,
フームスムート,2026-08-30,中京,6,8,16,0.4667,15,
フーレイ,2026-02-08,小倉,12,6,18,0.2941,17,差し
ブエナオンダ,2026-01-04,京都,11,5,18,0.2353,1,差し
ブエナオンダ,2026-02-10,東京,11,2,16,0.0667,15,差し
ブエナオンダ,2026-04-04,中山,11,6,16,0.3333,6,差し
ブエナオンダ,2026-04-26,京都,11,7,18,0.3529,12,
ブエナオンダ,2026-06-21,阪神,11,7,18,0.3529,7,差し
ブエナオンダ,2026-07-26,新潟,7,9,14,0.6154,4,差し
ブエナオンダ,2026-08-16,中京,7,7,16,0.4,11,差し
ブエナディオサ,2026-03-15,中山,12,4,16,0.2,4,差し
ブエナディオサ,2026-04-12,中山,12,7,13,0.5,12,差し
ブクブクー,2026-08-23,中京,10,6,14,0.3846,4,差し
ブライアンセンス,2026-02-22,東京,11,5,16,0.2667,4,差し
ブライアンセンス,2026-04-18,阪神,11,5,16,0.2667,6,差し
ブライアーヒル,2026-02-01,小倉,12,5,18,0.2353,14,先行
ブライアーヒル,2026-02-22,小倉,12,10,18,0.5294,12,先行
ブライアーヒル,2026-03-15,中京,12,8,18,0.4118,17,先行
ブライアーヒル,2026-06-27,函館,9,6,9,0.625,6,先行
ブライアーヒル,2026-08-16,札幌,9,9,16,0.5333,14,差し
ブライスフェアリー,2026-08-01,新潟,11,5,18,0.2353,3,先行
ブライティアダイヤ,2026-04-11,福島,10,9,16,0.5333,11,差し
ブライティアダイヤ,2026-09-05,札幌,10,8,16,0.4667,11,差し
ブライトアゲイン,2026-02-01,小倉,12,2,18,0.0588,3,差し
ブライトアゲイン,2026-06-13,阪神,12,3,14,0.1538,5,差し
ブライトアゲイン,2026-07-05,函館,12,1,10,0.0,5,先行
ブライトエアリー,2026-08-01,新潟,11,8,18,0.4118,10,差し
ブライトビギニング,2026-06-20,函館,12,4,11,0.3,11,
ブライトフレア,2026-02-14,京都,9,6,11,0.5,9,差し
ブライトフレア,2026-05-31,京都,11,3,9,0.25,9,
ブライトラン,2026-08-01,新潟,10,2,14,0.0769,1,先行
ブラウンバナナ,2026-02-10,東京,9,2,7,0.1667,5,先行
ブラウンバナナ,2026-04-04,中山,9,4,12,0.2727,5,先行
ブラウンラチェット,2026-01-24,小倉,11,1,18,0.0,13,先行
ブラウンラチェット,2026-04-19,福島,11,4,16,0.2,11,差し
ブラウンラチェット,2026-06-21,東京,11,2,16,0.0667,7,差し
ブラッキッシュ,2026-08-08,新潟,12,1,15,0.0,2,
ブラックオリンピア,2026-04-04,阪神,9,2,9,0.125,1,先行
ブラックオリンピア,2026-04-25,東京,11,3,18,0.1176,3,先行
ブラックオリンピア,2026-08-15,新潟,6,2,14,0.0769,2,先行
ブラックケリー,2026-01-31,小倉,11,4,18,0.1765,13,先行
ブラックケリー,2026-05-03,京都,10,4,18,0.1765,13,差し
ブラックケリー,2026-06-28,小倉,11,4,8,0.4286,7,
ブラックケリー,2026-07-18,小倉,11,3,12,0.1818,10,先行
ブラックシャリマー,2026-06-06,阪神,9,3,9,0.25,2,先行
ブラックシャリマー,2026-07-25,中京,8,5,8,0.5714,7,差し
ブラックシールド,2026-02-14,京都,11,4,14,0.2308,10,差し
ブラックシールド,2026-03-08,阪神,11,7,12,0.5455,9,先行
ブラックシールド,2026-05-10,京都,11,4,16,0.2,14,差し
ブラックジェダイト,2026-03-07,中山,12,4,16,0.2,3,先行
ブラックジェダイト,2026-05-23,東京,10,4,16,0.2,4,先行
ブラックジェダイト,2026-08-08,札幌,12,3,13,0.1667,1,先行
ブラックジジ,2026-05-09,新潟,12,4,12,0.2727,12,
ブラックタロー,2026-03-01,小倉,12,7,16,0.4,7,差し
ブラックチャリス,2026-01-11,中山,11,2,16,0.0667,1,
ブラックチャリス,2026-04-12,阪神,11,3,18,0.1176,15,先行
ブラックチャリス,2026-06-27,函館,11,2,14,0.0769,1,
ブラックチャリス,2026-08-09,札幌,11,1,16,0.0,6,先行
ブラックティンカー,2026-02-21,小倉,12,2,18,0.0588,15,先行
ブラックティンカー,2026-04-18,福島,12,3,16,0.1333,4,先行
ブラックティンカー,2026-07-04,福島,12,1,16,0.0,15,先行
ブラックトルネード,2026-01-05,中山,12,1,16,0.0,10,追込
ブラックトルネード,2026-06-13,東京,12,7,16,0.4,15,差し
ブラックドレス,2026-07-05,小倉,12,6,16,0.3333,11,差し
ブラックハヤテ,2026-01-18,中山,11,5,15,0.2857,7,差し
ブラックハヤテ,2026-02-14,小倉,9,2,10,0.1111,1,差し
ブラックハヤテ,2026-03-21,阪神,11,2,12,0.0909,6,
ブラックボイス,2026-08-15,新潟,9,6,10,0.5556,10,先行
ブラックルビー,2026-01-11,中山,9,3,13,0.1667,6,先行
ブラックルビー,2026-06-28,函館,10,5,11,0.4,7,
ブラックレジェンド,2026-06-28,小倉,12,1,16,0.0,3,先行
ブラックレジェンド,2026-07-18,小倉,12,1,14,0.0,2,先行
ブラッドムーン,2026-08-16,中京,10,9,16,0.5333,9,逃げ
ブラッドムーン,2026-08-29,中京,9,5,9,0.5,7,追込
ブランチアウト,2026-08-09,中京,12,4,16,0.2,12,
ブランデーロック,2026-01-04,中山,11,6,14,0.3846,9,
ブランデーロック,2026-01-18,中山,9,8,15,0.5,10,
ブランデーロック,2026-02-22,東京,10,7,14,0.4615,14,
ブランデーロック,2026-03-01,中山,10,9,15,0.5714,7,
ブランデーロック,2026-03-29,中山,10,7,15,0.4286,10,
ブランデーロック,2026-04-12,中山,10,4,12,0.2727,9,
ブラヴィーノ,2026-02-28,小倉,12,8,18,0.4118,16,差し
ブラヴィーノ,2026-07-05,函館,12,4,10,0.3333,9,差し
ブラヴィーノ,2026-07-19,函館,12,8,14,0.5385,12,差し
ブラーヴジャン,2026-08-02,新潟,11,6,14,0.3846,8,追込
ブリオメンテ,2026-08-22,札幌,12,1,11,0.0,2,先行
ブリオメンテ,2026-08-30,札幌,9,1,11,0.0,2,先行
ブリガンティン,2026-03-28,阪神,11,4,7,0.5,6,追込
ブリガンティン,2026-05-09,京都,11,7,16,0.4,15,追込
ブリスフル,2026-06-13,函館,12,5,12,0.3636,5,先行
ブリックワーク,2026-02-14,小倉,11,6,18,0.2941,6,
ブリックワーク,2026-03-21,阪神,10,2,16,0.0667,4,
ブリックワーク,2026-05-31,京都,12,1,18,0.0,11,
ブリッツアロング,2026-03-21,中山,12,4,16,0.2,6,
ブリッツアロング,2026-07-19,小倉,12,7,9,0.75,9,
ブリヤディアマンテ,2026-07-05,函館,10,4,11,0.3,8,差し
ブリヤディアマンテ,2026-08-16,札幌,12,5,14,0.3077,4,差し
ブリュットミレジメ,2026-01-11,京都,10,9,15,0.5714,8,追込
ブリュットミレジメ,2026-02-10,京都,9,6,13,0.4167,3,差し
ブリュットミレジメ,2026-02-22,阪神,10,4,8,0.4286,5,差し
ブリュットミレジメ,2026-05-31,京都,12,9,18,0.4706,4,差し
ブリングライト,2026-01-05,中山,12,9,16,0.5333,6,追込
ブリングライト,2026-05-23,新潟,12,10,15,0.6429,2,追込
ブリングライト,2026-06-13,東京,12,8,16,0.4667,11,追込
ブリーズオンチーク,2026-01-10,京都,9,3,8,0.2857,8,
ブリーズオンチーク,2026-03-22,中山,12,7,16,0.4,16,
ブリーズオンチーク,2026-04-18,中山,12,9,13,0.6667,12,差し
ブリーズオンチーク,2026-06-13,阪神,10,6,16,0.3333,16,差し
ブリーズオンチーク,2026-06-27,小倉,10,9,13,0.6667,13,差し
ブルクトーア,2026-01-04,京都,12,1,12,0.0,2,差し
ブルクトーア,2026-02-28,阪神,12,2,18,0.0588,1,先行
ブルクトーア,2026-04-12,中山,10,1,12,0.0,11,先行
ブルクトーア,2026-05-31,京都,12,8,18,0.4118,7,先行
ブルクトーア,2026-08-29,中京,7,5,15,0.2857,1,先行
ブルスカメンテ,2026-07-12,福島,9,2,14,0.0769,1,差し
ブルズアイプリンス,2026-04-11,中山,11,6,15,0.3571,12,差し
ブルックリンダンス,2026-01-04,京都,9,4,13,0.25,5,差し
ブルックリンダンス,2026-02-01,京都,9,3,11,0.2,7,差し
ブルックリンダンス,2026-05-31,京都,9,5,10,0.4444,4,差し
ブルックリンダンス,2026-07-12,小倉,9,4,10,0.3333,6,差し
ブルックリンダンス,2026-08-09,中京,8,2,11,0.1,3,
ブルックリンダンス,2026-08-22,中京,6,4,14,0.2308,14,
ブルバンビーナ,2026-02-14,小倉,12,3,15,0.1429,5,差し
ブルバンビーナ,2026-05-16,新潟,9,2,16,0.0667,15,差し
ブルバンビーナ,2026-07-25,新潟,12,8,17,0.4375,14,先行
ブルバンビーナ,2026-08-30,新潟,11,4,14,0.2308,11,
ブルボンクイーン,2026-02-01,小倉,10,4,15,0.2143,8,
ブルボンクイーン,2026-03-28,阪神,10,3,11,0.2,6,
ブルボンクイーン,2026-05-23,新潟,11,1,16,0.0,11,
ブルボンクイーン,2026-07-11,小倉,10,3,18,0.1176,13,
ブルボンクイーン,2026-09-05,札幌,10,7,16,0.4,12,
ブルーカミング,2026-04-12,福島,12,5,15,0.2857,9,先行
ブルーカミング,2026-06-28,小倉,12,8,16,0.4667,12,差し
ブルークレスト,2026-08-15,中京,12,3,16,0.1333,10,
ブルーサン,2026-08-23,中京,7,3,16,0.1333,15,逃げ
ブルーサンセット,2026-02-15,小倉,10,4,18,0.1765,17,
ブルーサンセット,2026-06-20,函館,11,3,16,0.1333,16,先行
ブルーザー,2026-08-16,中京,9,4,18,0.1765,7,
ブルージェイ,2026-08-22,札幌,9,3,14,0.1538,1,
ブルージャイアント,2026-05-24,新潟,12,4,14,0.2308,2,先行
ブルースカイブルー,2026-02-01,東京,9,7,12,0.5455,8,先行
ブルースカイブルー,2026-03-22,中京,9,4,10,0.3333,3,先行
ブルーストレイル,2026-07-25,中京,10,8,12,0.6364,10,追込
ブルーストレイル,2026-08-08,中京,8,7,12,0.5455,9,追込
ブルーストレイル,2026-08-22,中京,10,7,12,0.5455,9,追込
ブルースバローズ,2026-03-29,阪神,9,3,15,0.1429,13,
ブルーセルリアン,2026-08-23,中京,9,5,8,0.5714,8,先行
ブルータス,2026-08-01,新潟,7,3,15,0.1429,14,先行
ブルーデイジー,2026-04-26,福島,12,10,16,0.6,16,追込
ブルーノート,2026-07-04,小倉,10,8,12,0.6364,10,差し
ブルーノート,2026-08-29,中京,6,7,13,0.5,6,差し
ブルーブロディ,2026-08-23,新潟,12,6,12,0.4545,12,
ブルーペクトライト,2026-01-31,小倉,10,8,16,0.4667,13,先行
ブルーミングローズ,2026-03-14,中京,12,6,18,0.2941,8,
ブルーミングローズ,2026-05-24,京都,12,2,16,0.0667,13,差し
ブルーミンデザイン,2026-03-08,阪神,11,1,12,0.0,6,先行
ブルーミンデザイン,2026-03-29,阪神,11,5,13,0.3333,13,先行
ブルームコード,2026-01-18,中山,12,4,16,0.2,2,差し
ブルーリファール,2026-07-26,新潟,10,3,14,0.1538,5,差し
ブルーリファール,2026-08-15,新潟,10,2,15,0.0714,8,先行
ブルーリヴァーサル,2026-03-21,中山,12,10,16,0.6,15,追込
ブルーリヴァーサル,2026-04-19,福島,12,5,15,0.2857,6,追込
ブルーリヴァーサル,2026-05-17,新潟,12,6,11,0.5,8,追込
ブルーリヴァーサル,2026-07-18,福島,12,10,16,0.6,14,追込
ブルーワール,2026-05-30,京都,10,9,16,0.5333,13,
ブレイクフォース,2026-03-08,中山,10,4,15,0.2143,1,
ブレイクフォース,2026-03-29,中山,11,5,15,0.2857,3,
ブレイクフォース,2026-08-02,中京,7,6,9,0.625,5,
ブレイジングスター,2026-01-24,小倉,12,4,15,0.2143,12,
ブレイジングスター,2026-03-01,小倉,12,5,16,0.2667,4,差し
ブレイジングスター,2026-06-20,函館,12,7,11,0.6,5,差し
ブレイジングスター,2026-07-04,函館,12,3,7,0.3333,4,差し
ブレイジングスター,2026-08-15,札幌,12,8,14,0.5385,14,先行
ブレイヴロッカー,2026-01-05,京都,11,2,9,0.125,3,差し
ブレイヴロッカー,2026-02-21,東京,11,4,15,0.2143,3,
ブレゲアン,2026-08-02,新潟,9,1,15,0.0,1,差し
ブレスドナイル,2026-06-07,阪神,12,4,12,0.2727,7,差し
ブレスドナイル,2026-07-25,新潟,8,4,13,0.25,6,差し
ブレスドナイル,2026-08-22,中京,8,6,10,0.5556,3,
ブレットパス,2026-02-01,東京,9,6,12,0.4545,2,差し
ブレットパス,2026-02-28,中山,9,3,8,0.2857,2,差し
ブレットパス,2026-06-13,阪神,9,3,9,0.25,2,差し
ブレットパス,2026-08-30,中京,8,3,15,0.1429,7,差し
ブレトワルダ,2026-05-16,新潟,10,2,9,0.125,3,先行
ブレトワルダ,2026-08-02,新潟,6,4,15,0.2143,1,先行
ブレトワルダ,2026-08-23,新潟,6,3,15,0.1429,3,先行
ブレーザー,2026-02-28,中山,10,3,16,0.1333,1,差し
ブレーザー,2026-03-22,中山,11,5,16,0.2667,8,差し
ブレーザー,2026-05-03,新潟,11,3,15,0.1429,1,差し
ブレードサクセス,2026-03-28,中山,12,1,16,0.0,4,
ブレードサクセス,2026-08-16,新潟,8,1,13,0.0,11,
ブロッコロ,2026-08-02,新潟,12,7,17,0.375,16,差し
ブロッコロ,2026-08-16,新潟,12,10,15,0.6429,15,差し
ブロンザイト,2026-08-15,中京,12,7,16,0.4,8,
ブーケドグレイス,2026-08-08,札幌,9,7,13,0.5,8,
ブーケドリス,2026-06-28,福島,12,3,14,0.1538,9,
ブーディガ,2026-01-10,京都,12,9,18,0.4706,6,
ブーディガ,2026-01-31,京都,12,5,17,0.25,15,
ブーディガ,2026-08-16,中京,11,8,16,0.4667,16,
ブームバップビート,2026-08-02,中京,10,1,14,0.0,3,
プウスカンドゥール,2026-01-31,小倉,10,7,16,0.4,2,差し
プウスカンドゥール,2026-02-28,小倉,10,7,16,0.4,9,差し
プウスカンドゥール,2026-04-19,阪神,12,5,10,0.4444,3,差し
プウスカンドゥール,2026-07-05,小倉,10,7,16,0.4,5,差し
プウスカンドゥール,2026-07-12,小倉,9,8,10,0.7778,9,差し
プチブール,2026-02-28,中山,12,6,16,0.3333,16,
プチブール,2026-04-04,阪神,12,5,15,0.2857,5,差し
プチブール,2026-05-09,東京,12,7,16,0.4,4,差し
プチブール,2026-06-07,東京,10,8,16,0.4667,6,差し
プチプラージュ,2026-02-28,阪神,12,10,18,0.5294,11,差し
プチプラージュ,2026-03-28,中京,12,6,16,0.3333,10,差し
プチプラージュ,2026-05-09,京都,9,5,11,0.4,10,
プッシュオン,2026-03-08,阪神,10,3,14,0.1538,7,差し
プッシュオン,2026-04-26,京都,10,6,18,0.2941,9,差し
プッシュオン,2026-05-17,京都,10,3,13,0.1667,9,差し
プライベートアイズ,2026-04-26,東京,12,3,16,0.1333,5,
プライベートアイズ,2026-05-16,東京,10,5,12,0.3636,11,
プライベートアイズ,2026-06-06,阪神,10,1,12,0.0,2,
プライベートアイズ,2026-07-19,函館,10,1,14,0.0,3,
プラチナドリーム,2026-04-18,中山,11,7,10,0.6667,8,
プラチナドリーム,2026-08-15,新潟,9,4,10,0.3333,3,
プラニスフェリオ,2026-02-28,小倉,11,3,15,0.1429,12,先行
プラニスフェリオ,2026-05-16,新潟,10,3,9,0.25,5,差し
プラニスフェリオ,2026-05-31,京都,9,6,10,0.5556,8,差し
プリズマジコ,2026-02-28,小倉,11,4,15,0.2143,13,差し
プリズマジコ,2026-07-12,小倉,10,5,11,0.4,5,差し
プリティディーヴァ,2026-01-17,中山,12,4,16,0.2,9,先行
プリティディーヴァ,2026-07-19,福島,9,8,16,0.4667,13,差し
プリムツァール,2026-01-24,中山,12,2,12,0.0909,1,差し
プリムツァール,2026-04-05,中山,12,2,12,0.0909,2,先行
プリモマーレ,2026-08-30,中京,11,12,18,0.6471,16,
プリュスエクラ,2026-08-09,中京,12,2,16,0.0667,5,先行
プリュスエクラ,2026-08-30,中京,11,5,18,0.2353,18,先行
プリュノワール,2026-02-01,小倉,12,12,18,0.6471,6,先行
プリュノワール,2026-04-11,福島,12,8,16,0.4667,10,先行
プリュノワール,2026-07-04,福島,12,4,16,0.2,2,先行
プリンスノット,2026-01-31,京都,9,5,13,0.3333,6,差し
プリンスノット,2026-02-22,阪神,12,8,16,0.4667,9,差し
プリンスノット,2026-04-04,阪神,12,6,15,0.3571,4,追込
プリンスノット,2026-04-18,阪神,9,5,14,0.3077,10,差し
プリンスノット,2026-05-23,京都,12,7,14,0.4615,9,差し
プリンスミノル,2026-02-01,小倉,11,6,15,0.3571,14,差し
プリンセスダーコ,2026-08-22,新潟,12,10,15,0.6429,9,差し
プリンセスモコ,2026-01-17,京都,10,2,9,0.125,2,
プリンセスモコ,2026-03-21,中京,11,4,17,0.1875,15,
プリンセスモコ,2026-06-20,函館,9,3,12,0.1818,6,
プリンセスロロ,2026-02-14,小倉,12,2,15,0.0714,14,差し
プリンセッサ,2026-02-01,京都,9,2,11,0.1,5,先行
プリンセッサ,2026-06-28,函館,10,2,11,0.1,1,
プルシャプラ,2026-01-10,中山,12,7,16,0.4,6,差し
プルパレイ,2026-01-11,京都,11,2,16,0.0667,7,差し
プルパレイ,2026-02-15,小倉,11,6,18,0.2941,3,差し
プルパレイ,2026-03-15,阪神,11,4,16,0.2,2,先行
プルメリアクヒオ,2026-05-24,新潟,12,1,14,0.0,5,
プルメリアクヒオ,2026-08-15,新潟,8,10,15,0.6429,15,
プルメリアリノ,2026-08-01,中京,10,2,16,0.0667,1,先行
プルメリアリノ,2026-08-22,新潟,8,2,15,0.0714,1,先行
プルヴォワール,2026-03-21,中京,11,5,17,0.25,16,差し
プルヴォワール,2026-06-20,函館,9,2,12,0.0909,12,差し
プルートマスター,2026-02-21,小倉,11,2,13,0.0833,2,
プルートマスター,2026-08-23,新潟,6,1,15,0.0,10,
プルーヴンウィナー,2026-05-16,東京,12,6,14,0.3846,3,差し
プレアデスグループ,2026-03-29,阪神,12,4,16,0.2,5,差し
プレアデスグループ,2026-04-11,中山,12,5,16,0.2667,11,差し
プレアデスグループ,2026-08-09,新潟,9,5,15,0.2857,12,差し
プレイサーゴールド,2026-03-15,阪神,10,7,14,0.4615,10,差し
プレイサーゴールド,2026-04-18,中山,10,6,13,0.4167,7,差し
プレイザリード,2026-08-29,新潟,9,1,13,0.0,1,
プレイテシア,2026-02-22,小倉,10,4,16,0.2,12,差し
プレイリードリーム,2026-01-12,京都,9,3,12,0.1818,11,差し
プレイリードリーム,2026-04-11,阪神,9,3,8,0.2857,8,差し
プレイリードリーム,2026-04-26,京都,9,8,11,0.7,9,差し
プレイリードリーム,2026-05-17,京都,9,7,10,0.6667,9,差し
プレザントトーン,2026-07-05,福島,12,10,15,0.6429,12,差し
プレシャスデイ,2026-02-28,阪神,9,2,9,0.125,4,差し
プレシャスデイ,2026-05-03,京都,11,7,15,0.4286,13,差し
プレセピオ,2026-01-17,京都,10,6,9,0.625,8,
プレセピオ,2026-03-07,阪神,11,4,18,0.1765,5,
プレセピオ,2026-04-12,阪神,11,1,18,0.0,16,差し
プレセピオ,2026-08-30,札幌,10,8,16,0.4667,9,先行
プレゼンティーア,2026-02-15,京都,12,4,16,0.2,6,
プレゼンティーア,2026-04-11,中山,12,1,16,0.0,1,
プレゼンティーア,2026-04-25,福島,11,1,12,0.0,1,
プレゼンティーア,2026-06-07,阪神,11,1,16,0.0,10,
プレゼンティーア,2026-07-19,福島,11,2,16,0.0667,7,
プレダトゥール,2026-01-12,京都,11,4,16,0.2,14,差し
プレミアブルー,2026-08-16,新潟,9,5,11,0.4,3,差し
プロクレイア,2026-02-21,阪神,9,8,18,0.4118,18,差し
プロスペクトパーク,2026-08-15,中京,9,4,16,0.2,15,先行
プロトポロス,2026-03-14,阪神,11,2,13,0.0833,11,
プロトポロス,2026-04-26,東京,10,1,15,0.0,15,
プロトポロス,2026-07-05,小倉,11,3,13,0.1667,12,
プロトポロス,2026-08-09,中京,7,7,18,0.3529,4,
プロミシングスター,2026-06-14,阪神,12,6,15,0.3571,13,
プロミシングスター,2026-06-27,小倉,11,6,15,0.3571,10,
プロミシングスター,2026-07-19,小倉,10,4,16,0.2,3,
プロミシングスター,2026-08-15,札幌,11,3,14,0.1538,5,
プロミストジーン,2026-01-31,京都,11,2,13,0.0833,1,差し
プールナバドラ,2026-08-09,中京,10,1,16,0.0,16,
ヘイジュード,2026-05-03,東京,11,2,15,0.0714,13,
ヘイルメリーラン,2026-01-24,小倉,9,7,12,0.5455,11,先行
ヘキレキ,2026-07-18,小倉,9,6,18,0.2941,9,差し
ヘザルフェン,2026-04-18,中山,11,6,10,0.5556,7,差し
ヘデントール,2026-02-15,京都,11,8,12,0.6364,8,差し
ヘデントール,2026-05-03,京都,11,4,15,0.2143,5,差し
ヘニーガイスト,2026-08-02,札幌,10,2,10,0.1111,1,先行
ヘリオス,2026-02-22,小倉,11,7,16,0.4,16,先行
ヘリオトロープ,2026-05-02,東京,12,3,14,0.1538,2,先行
ヘリオトロープ,2026-06-07,東京,12,4,16,0.2,7,先行
ヘリオトロープ,2026-08-02,新潟,6,3,15,0.1429,5,先行
ヘリテージブルーム,2026-03-15,中京,10,4,12,0.2727,8,先行
ヘリテージブルーム,2026-07-25,中京,6,1,16,0.0,2,先行
ヘルツアス,2026-04-12,福島,9,7,13,0.5,11,
ヘルメスギャング,2026-04-04,阪神,9,6,9,0.625,8,差し
ヘルメスギャング,2026-06-20,東京,12,6,16,0.3333,11,先行
ヘルメスギャング,2026-08-02,新潟,9,6,15,0.3571,10,差し
ヘルメース,2026-03-14,中山,12,5,16,0.2667,7,差し
ヘルメース,2026-04-04,中山,12,8,16,0.4667,10,差し
ヘルモソブレード,2026-03-14,中山,11,8,16,0.4667,13,先行
ヘルモーズ,2026-01-17,京都,11,3,16,0.1333,8,追込
ヘルモーズ,2026-02-21,小倉,11,5,13,0.3333,8,差し
ヘルヴィッツ,2026-08-29,新潟,11,3,18,0.1176,7,差し
ヘルヴェティオス,2026-07-19,福島,12,2,15,0.0714,5,差し
ベアアッコチャン,2026-07-18,福島,12,5,16,0.2667,5,
ベアエクスプレス,2026-08-16,新潟,10,9,15,0.5714,14,差し
ベイビーキッス,2026-01-31,小倉,11,6,18,0.2941,8,先行
ベイビーキッス,2026-02-14,小倉,11,9,18,0.4706,12,差し
ベイビーキッス,2026-06-28,小倉,11,1,8,0.0,2,差し
ベイビーキッス,2026-07-18,小倉,11,1,12,0.0,3,先行
ベイビーベリッシモ,2026-08-08,中京,9,2,9,0.125,3,差し
ベイビールビオ,2026-06-14,函館,12,6,10,0.5556,4,差し
ベイビールビオ,2026-06-27,函館,12,6,10,0.5556,8,差し
ベイラム,2026-02-21,小倉,10,2,16,0.0667,3,
ベイラム,2026-04-19,福島,10,2,13,0.0833,3,先行
ベイラム,2026-05-17,京都,9,2,10,0.1111,1,先行
ベイリークロア,2026-01-05,京都,12,6,15,0.3571,6,先行
ベイリークロア,2026-06-20,阪神,12,5,18,0.2353,14,
ベストシーン,2026-03-21,中京,12,5,14,0.3077,1,
ベストバラディア,2026-01-12,京都,12,4,18,0.1765,15,差し
ベストブラザーズ,2026-08-15,新潟,8,2,15,0.0714,9,
ベストミーエヴァー,2026-07-05,福島,10,2,12,0.0909,1,差し
ベトルス,2026-03-29,阪神,10,2,11,0.1,2,差し
ベトルス,2026-05-10,京都,9,5,13,0.3333,3,差し
ベトルス,2026-06-14,東京,10,5,14,0.3077,6,差し
ベニシア,2026-04-11,中山,12,8,16,0.4667,14,先行
ベニシア,2026-08-02,札幌,9,5,12,0.3636,7,
ベネスピラ,2026-06-13,函館,10,1,16,0.0,11,
ベネスピラ,2026-08-23,札幌,12,2,14,0.0769,12,先行
ベネメレンティ,2026-07-12,小倉,12,1,17,0.0,14,
ベビーズブレス,2026-02-15,小倉,10,2,18,0.0588,16,
ベビーズブレス,2026-03-14,阪神,9,5,15,0.2857,14,先行
ベビーズブレス,2026-06-14,函館,11,2,16,0.0667,5,先行
ベビーズブレス,2026-07-05,函館,9,2,16,0.0667,6,差し
ベビーズブレス,2026-08-02,札幌,12,4,14,0.2308,10,先行
ベビーズブレス,2026-09-05,札幌,10,2,16,0.0667,16,先行
ベラジオボンド,2026-01-11,京都,10,3,15,0.1429,1,
ベラジオボンド,2026-03-29,阪神,11,3,13,0.1667,1,
ベラジオボンド,2026-04-26,京都,11,2,18,0.0588,3,
ベラジオワールド,2026-02-22,東京,12,9,16,0.5333,3,先行
ベラジオワールド,2026-04-26,東京,12,4,16,0.2,4,先行
ベラジオワールド,2026-05-16,東京,10,2,12,0.0909,2,差し
ベラジオワールド,2026-06-07,東京,12,6,16,0.3333,3,先行
ベラジオワールド,2026-07-25,札幌,12,3,11,0.2,3,差し
ベランジェール,2026-02-22,小倉,12,12,18,0.6471,9,
ベランジェール,2026-07-25,中京,11,4,8,0.4286,3,差し
ベランジェール,2026-08-09,中京,11,7,17,0.375,5,差し
ベリベリハッピー,2026-08-30,中京,9,9,15,0.5714,12,差し
ベリーベリーベリー,2026-07-18,福島,12,8,16,0.4667,9,
ベルアーブル,2026-02-22,小倉,12,9,18,0.4706,18,逃げ
ベルアーブル,2026-04-18,福島,12,10,16,0.6,16,差し
ベルイストワール,2026-03-22,中京,10,9,16,0.5333,8,差し
ベルイストワール,2026-05-30,東京,12,7,16,0.4,5,追込
ベルイストワール,2026-07-26,新潟,8,6,15,0.3571,4,差し
ベルイストワール,2026-08-29,新潟,8,7,11,0.6,6,追込
ベルウェザー,2026-03-01,阪神,10,2,14,0.0769,1,追込
ベルウェザー,2026-05-10,京都,11,8,16,0.4667,9,追込
ベルウェザー,2026-07-05,福島,11,9,15,0.5714,12,差し
ベルウッドクレド,2026-05-03,東京,11,4,15,0.2143,11,先行
ベルウッドクレド,2026-08-01,新潟,8,3,13,0.1667,6,先行
ベルウッドバイオ,2026-08-16,新潟,11,4,9,0.375,7,差し
ベルウッドピース,2026-08-02,新潟,9,7,15,0.4286,15,
ベルギューン,2026-03-21,中京,10,3,16,0.1333,7,先行
ベルギューン,2026-06-14,阪神,12,2,15,0.0714,6,先行
ベルギューン,2026-07-11,小倉,11,3,11,0.2,1,先行
ベルサ,2026-08-23,中京,11,1,17,0.0,2,
ベルサンローラン,2026-03-14,中山,11,2,16,0.0667,6,先行
ベルサンローラン,2026-05-02,東京,10,3,11,0.2,8,先行
ベルジュロネット,2026-02-21,阪神,10,3,16,0.1333,1,差し
ベルジュロネット,2026-04-04,阪神,10,4,16,0.2,3,差し
ベルジュロネット,2026-05-17,京都,11,8,16,0.4667,2,差し
ベルジュロネット,2026-06-20,阪神,11,2,15,0.0714,1,差し
ベルジュロネット,2026-07-26,中京,7,3,14,0.1538,9,差し
ベルセクレト,2026-07-26,中京,12,4,15,0.2143,1,差し
ベルゼビュート,2026-07-18,福島,12,5,16,0.2667,4,差し
ベルゼビュート,2026-08-23,新潟,9,2,15,0.0714,1,差し
ベルソテイラ,2026-08-16,中京,10,1,16,0.0,13,逃げ
ベルタソ,2026-02-28,小倉,12,1,18,0.0,9,差し
ベルダイナフェロー,2026-01-31,東京,9,1,16,0.0,11,
ベルダイナフェロー,2026-02-21,小倉,11,8,13,0.5833,13,
ベルダイナフェロー,2026-05-10,東京,12,1,15,0.0,8,
ベルダイナフェロー,2026-08-01,新潟,7,5,15,0.2857,9,
ベルバード,2026-08-02,新潟,12,4,17,0.1875,6,差し
ベルビースタローン,2026-02-21,小倉,12,1,18,0.0,1,先行
ベルビースタローン,2026-07-05,函館,9,1,16,0.0,9,
ベルビースタローン,2026-08-02,札幌,12,2,14,0.0769,6,
ベルビースタローン,2026-08-22,札幌,10,4,14,0.2308,14,
ベルピルエット,2026-05-24,京都,12,6,16,0.3333,11,
ベルピルエット,2026-08-23,中京,8,7,16,0.4,13,先行
ベルファスト,2026-02-22,小倉,12,2,18,0.0588,3,先行
ベルファスト,2026-04-18,福島,12,2,16,0.0667,2,
ベルファスト,2026-05-10,新潟,12,1,13,0.0,3,先行
ベルファスト,2026-07-12,小倉,12,3,17,0.125,2,先行
ベルフィーヌ,2026-05-16,東京,12,10,14,0.6923,7,差し
ベルフラム,2026-02-21,小倉,9,3,10,0.2222,9,差し
ベルフラム,2026-07-26,中京,9,6,14,0.3846,4,差し
ベルフラム,2026-08-16,中京,11,7,16,0.4,11,差し
ベルブリエ,2026-04-11,中山,12,7,16,0.4,12,差し
ベルブリエ,2026-05-09,東京,12,8,16,0.4667,3,差し
ベルブリエ,2026-05-30,東京,9,5,16,0.2667,7,差し
ベルランコントル,2026-08-09,新潟,11,5,18,0.2353,12,差し
ベルヴィヴァン,2026-08-02,新潟,10,2,14,0.0769,8,
ベレシート,2026-02-15,東京,11,6,9,0.625,2,差し
ベレシート,2026-05-09,京都,11,2,16,0.0667,2,差し
ベレーバスク,2026-08-29,新潟,10,3,18,0.1176,11,先行
ベンサレム,2026-02-28,阪神,9,4,9,0.375,8,先行
ベンサレム,2026-05-16,東京,11,3,15,0.1429,7,差し
ベンサレム,2026-06-14,東京,10,3,14,0.1538,13,先行
ベンサレム,2026-08-30,新潟,7,2,12,0.0909,5,先行
ベンダバール,2026-02-10,京都,12,6,15,0.3571,2,差し
ベンダバール,2026-05-03,東京,12,5,13,0.3333,5,差し
ベンダバール,2026-05-30,京都,12,5,16,0.2667,10,差し
ベンティガオルサ,2026-08-15,中京,8,2,10,0.1111,8,
ベンヌ,2026-02-14,東京,10,3,16,0.1333,11,
ベンヌ,2026-04-25,東京,10,1,15,0.0,15,
ベンメリア,2026-04-12,福島,12,6,15,0.3571,8,逃げ
ベンメリア,2026-06-06,東京,12,4,16,0.2,8,先行
ベンヴェヌータ,2026-03-29,中山,9,1,7,0.0,1,先行
ペアポルックス,2026-02-28,中山,11,7,16,0.4,1,先行
ペアポルックス,2026-03-29,中京,11,8,18,0.4118,10,差し
ペアレンツギフト,2026-07-26,中京,9,3,14,0.1538,10,差し
ペアレンツギフト,2026-08-23,中京,11,8,17,0.4375,13,差し
ペイシャアーサー,2026-07-12,函館,12,1,8,0.0,5,逃げ
ペイシャエス,2026-02-28,阪神,11,6,16,0.3333,6,先行
ペイシャエス,2026-03-29,中山,11,4,15,0.2143,8,先行
ペイシャエス,2026-04-18,阪神,11,7,16,0.4,11,先行
ペイシャケイプ,2026-02-21,阪神,10,10,16,0.6,6,追込
ペイシャケイプ,2026-04-25,東京,10,11,15,0.7143,1,追込
ペイシャケイプ,2026-05-23,東京,11,10,16,0.6,2,追込
ペイシャケイプ,2026-09-05,阪神,11,5,12,0.3636,11,追込
ペイシャシス,2026-04-26,東京,11,3,13,0.1667,8,差し
ペイシャシス,2026-05-23,京都,9,6,11,0.5,4,先行
ペイシャシス,2026-07-26,中京,11,4,16,0.2,9,差し
ペイシャダンシング,2026-08-29,新潟,12,4,15,0.2143,7,追込
ペイシャモノノフ,2026-01-05,京都,10,5,16,0.2667,12,
ペイシャモノノフ,2026-01-24,京都,10,1,15,0.0,10,
ペイシャモノノフ,2026-03-15,阪神,10,2,14,0.0769,3,
ペイシャモノノフ,2026-06-21,阪神,10,1,16,0.0,1,
ペイシャモノノフ,2026-08-23,中京,7,2,16,0.0667,13,
ペイシャラム,2026-08-29,新潟,12,6,15,0.3571,10,
ペイシャヴァルツー,2026-01-31,小倉,9,1,14,0.0,14,
ペイシャヴァルツー,2026-02-15,京都,12,2,16,0.0667,15,
ペイシャヴァルツー,2026-07-04,小倉,10,1,12,0.0,5,逃げ
ペイシャヴァルツー,2026-07-11,小倉,11,3,11,0.2,10,
ペイトー,2026-06-13,東京,12,6,16,0.3333,8,先行
ペイドラロワール,2026-02-22,阪神,12,2,16,0.0667,2,先行
ペイドラロワール,2026-03-08,阪神,12,4,13,0.25,10,
ペイドラロワール,2026-04-18,阪神,9,10,14,0.6923,14,先行
ペイドラロワール,2026-05-23,東京,10,5,16,0.2667,14,差し
ペカリーナ,2026-03-28,阪神,9,3,7,0.3333,5,追込
ペガサスノース,2026-07-04,小倉,12,3,12,0.1818,4,先行
ペコリズム,2026-08-15,中京,12,4,16,0.2,4,
ペスキエーラ,2026-08-08,中京,12,5,18,0.2353,17,差し
ペッパーミル,2026-01-10,中山,12,1,16,0.0,13,
ペッパーミル,2026-05-23,新潟,12,2,15,0.0714,6,
ペッレグリーニ,2026-03-21,中山,9,6,16,0.3333,6,
ペッレグリーニ,2026-07-05,福島,10,3,12,0.1818,3,
ペッレグリーニ,2026-08-29,新潟,7,5,17,0.25,9,
ペトリコール,2026-06-13,函館,12,2,12,0.0909,9,先行
ペネトレイトゴー,2026-04-12,福島,9,4,13,0.25,6,追込
ペプチドクレマチス,2026-02-15,小倉,10,7,18,0.3529,18,逃げ
ペプチドクレマチス,2026-05-02,京都,10,1,12,0.0,12,
ペプチドソレイユ,2026-01-05,京都,11,4,9,0.375,8,先行
ペプチドソレイユ,2026-02-01,小倉,11,1,15,0.0,6,
ペプチドソレイユ,2026-04-11,福島,11,5,15,0.2857,13,
ペプチドドリーム,2026-09-05,中山,9,2,15,0.0714,15,先行
ペプチドナイル,2026-02-22,東京,11,1,16,0.0,6,
ペプチドブッドレア,2026-07-26,中京,11,3,16,0.1333,4,
ペプチドヤマト,2026-02-10,京都,10,4,16,0.2,8,
ペプチドヤマト,2026-06-07,阪神,11,9,16,0.5333,11,
ペプチドヤマト,2026-08-09,中京,7,8,18,0.4118,15,
ペプロス,2026-01-24,中山,12,4,12,0.2727,7,
ペプロス,2026-04-25,福島,12,7,16,0.4,6,差し
ペプロス,2026-07-12,福島,9,2,14,0.0769,12,先行
ペリエール,2026-02-22,東京,11,4,16,0.2,10,差し
ペリエール,2026-04-26,東京,10,2,15,0.0714,4,差し
ペリエール,2026-08-08,札幌,11,2,11,0.1,2,
ペリプルス,2026-02-01,小倉,9,5,11,0.4,7,差し
ペリプルス,2026-02-28,小倉,9,6,16,0.3333,6,差し
ペリプルス,2026-06-20,函館,10,4,8,0.4286,3,差し
ペリプルス,2026-08-15,札幌,12,5,14,0.3077,7,
ペルシアーノ,2026-08-02,新潟,12,1,17,0.0,14,
ペルフェツィオーネ,2026-01-31,京都,12,11,17,0.625,13,差し
ペルフェツィオーネ,2026-05-23,新潟,12,8,15,0.5,10,
ペルフェツィオーネ,2026-07-11,小倉,12,7,16,0.4,9,
ペレグリン,2026-03-15,中京,9,5,15,0.2857,11,先行
ペレグリン,2026-08-15,新潟,7,10,15,0.6429,8,先行
ペロ,2026-01-10,中山,12,10,16,0.6,5,
ペロ,2026-06-21,東京,12,6,16,0.3333,15,
ペンダント,2026-04-26,東京,11,6,13,0.4167,11,差し
ペンテリコン,2026-06-13,阪神,12,7,14,0.4615,4,先行
ペンテリコン,2026-07-04,小倉,12,6,12,0.4545,9,差し
ペンナヴェローチェ,2026-01-12,京都,10,2,16,0.0667,5,差し
ペンナヴェローチェ,2026-01-24,京都,10,3,15,0.1429,2,差し
ペンナヴェローチェ,2026-02-15,京都,10,4,10,0.3333,4,差し
ペンナヴェローチェ,2026-04-12,阪神,12,3,13,0.1667,3,差し
ペンナヴェローチェ,2026-05-16,京都,10,2,15,0.0714,2,差し
ペンナヴェローチェ,2026-05-30,京都,10,4,16,0.2,7,先行
ペンナヴェローチェ,2026-08-01,新潟,7,2,15,0.0714,5,先行
ペンナヴェローチェ,2026-08-30,中京,6,4,16,0.2,6,先行
ページターナー,2026-06-13,函館,9,2,11,0.1,7,差し
ペールノエル,2026-01-31,京都,12,3,17,0.125,5,差し
ペールノエル,2026-04-25,京都,9,5,16,0.2667,2,先行
ペールノエル,2026-05-02,京都,12,4,10,0.3333,6,差し
ペールノエル,2026-08-23,中京,11,7,17,0.375,6,差し
ホウオウアートマン,2026-02-28,小倉,11,5,15,0.2857,1,
ホウオウアートマン,2026-03-14,阪神,10,5,11,0.4,5,
ホウオウアートマン,2026-05-03,東京,9,10,18,0.5294,7,
ホウオウアートマン,2026-05-16,東京,11,4,15,0.2143,12,
ホウオウガイア,2026-02-22,小倉,12,8,18,0.4118,14,差し
ホウオウゴールド,2026-01-05,中山,12,6,16,0.3333,4,先行
ホウオウゴールド,2026-04-18,阪神,9,9,14,0.6154,5,差し
ホウオウゴールド,2026-05-16,東京,10,6,12,0.4545,7,差し
ホウオウゴールド,2026-06-07,阪神,9,9,16,0.5333,7,差し
ホウオウゴールド,2026-07-25,中京,6,7,16,0.4,8,差し
ホウオウサムレット,2026-02-14,小倉,12,5,15,0.2857,9,
ホウオウサンデー,2026-01-04,京都,12,8,12,0.6364,12,先行
ホウオウシェリー,2026-03-08,中山,12,3,16,0.1333,11,
ホウオウシェリー,2026-08-23,新潟,8,1,12,0.0,1,先行
ホウオウショコラ,2026-03-15,中山,12,3,16,0.1333,13,先行
ホウオウショコラ,2026-05-10,新潟,12,2,13,0.0833,10,逃げ
ホウオウショコラ,2026-08-01,新潟,12,3,17,0.125,2,逃げ
ホウオウシンデレラ,2026-01-11,中山,9,5,13,0.3333,5,差し
ホウオウシンデレラ,2026-04-19,中山,9,3,12,0.1818,3,差し
ホウオウシンデレラ,2026-05-17,新潟,10,4,15,0.2143,2,差し
ホウオウスカイハイ,2026-08-02,中京,12,9,17,0.5,14,
ホウオウスーペリア,2026-02-21,小倉,11,7,13,0.5,11,先行
ホウオウスーペリア,2026-04-05,中山,11,2,16,0.0667,6,先行
ホウオウスーペリア,2026-06-27,福島,11,2,9,0.125,7,先行
ホウオウスーペリア,2026-07-18,福島,11,6,16,0.3333,2,先行
ホウオウタイタン,2026-07-26,中京,6,5,10,0.4444,4,差し
ホウオウタイタン,2026-08-16,中京,6,4,7,0.5,2,差し
ホウオウタイタン,2026-08-29,新潟,7,5,17,0.25,7,差し
ホウオウトランプ,2026-02-15,京都,9,1,11,0.0,3,
ホウオウトランプ,2026-04-25,京都,12,1,11,0.0,4,先行
ホウオウトランプ,2026-05-17,京都,12,1,12,0.0,11,
ホウオウトランプ,2026-08-01,新潟,6,1,12,0.0,11,
ホウオウドルーリー,2026-04-11,福島,12,5,16,0.2667,5,差し
ホウオウドルーリー,2026-08-23,中京,11,6,17,0.3125,14,差し
ホウオウバリスタ,2026-01-17,中山,10,2,16,0.0667,2,
ホウオウバリスタ,2026-03-07,中山,10,5,13,0.3333,6,
ホウオウバリスタ,2026-05-24,東京,12,6,16,0.3333,12,
ホウオウバローロ,2026-01-24,小倉,12,3,15,0.1429,5,
ホウオウバローロ,2026-06-13,函館,12,1,12,0.0,8,
ホウオウバローロ,2026-08-30,札幌,9,3,11,0.2,3,
ホウオウパーソンズ,2026-08-02,新潟,12,3,17,0.125,15,先行
ホウオウビスケッツ,2026-03-15,中京,11,1,14,0.0,12,
ホウオウビスケッツ,2026-08-16,札幌,11,1,16,0.0,10,
ホウオウフロイト,2026-03-14,中山,12,9,16,0.5333,11,差し
ホウオウフロイト,2026-05-10,京都,12,9,14,0.6154,7,追込
ホウオウフロイト,2026-05-23,京都,12,9,14,0.6154,11,追込
ホウオウフロイト,2026-06-27,福島,10,7,11,0.6,10,追込
ホウオウブースター,2026-01-17,中山,12,2,16,0.0667,8,先行
ホウオウブースター,2026-04-11,福島,10,4,16,0.2,5,先行
ホウオウブースター,2026-05-23,東京,10,1,16,0.0,11,先行
ホウオウブースター,2026-07-05,福島,9,7,16,0.4,7,先行
ホウオウブースター,2026-08-30,札幌,10,6,16,0.3333,12,先行
ホウオウプレミア,2026-02-15,東京,12,7,16,0.4,4,
ホウオウプレミア,2026-04-04,中山,12,7,16,0.4,2,
ホウオウプレミア,2026-04-18,中山,12,7,13,0.5,6,
ホウオウプレミア,2026-06-07,東京,10,5,16,0.2667,8,
ホウオウプロサンゲ,2026-04-18,中山,11,2,10,0.1111,4,先行
ホウオウヘッセン,2026-05-09,新潟,9,3,14,0.1538,8,
ホウオウヘッセン,2026-07-19,函館,12,2,14,0.0769,1,先行
ホウオウヘッセン,2026-08-02,札幌,12,4,14,0.2308,14,先行
ホウオウヘッセン,2026-08-22,札幌,10,1,14,0.0,6,
ホウオウベルクソン,2026-02-21,阪神,12,6,14,0.3846,8,
ホウオウペトリュス,2026-07-18,函館,9,6,13,0.4167,10,差し
ホウオウムサシ,2026-01-24,中山,11,7,18,0.3529,16,差し
ホウオウムサシ,2026-04-19,中山,12,9,18,0.4706,18,差し
ホウオウムサシ,2026-05-09,東京,9,5,12,0.3636,6,差し
ホウオウムサシ,2026-08-22,新潟,6,8,18,0.4118,8,差し
ホウオウラスカーズ,2026-01-04,京都,11,8,18,0.4118,13,差し
ホウオウルクソール,2026-08-01,新潟,9,6,14,0.3846,5,差し
ホウオウルクソール,2026-08-23,新潟,9,3,15,0.1429,4,追込
ホウオウレイヴン,2026-05-17,新潟,10,8,15,0.5,10,
ホウオウレイヴン,2026-06-13,阪神,9,1,9,0.0,7,
ホウキボシ,2026-04-25,東京,12,4,13,0.25,13,
ホウキボシ,2026-06-07,東京,12,1,16,0.0,2,
ホウキボシ,2026-08-08,札幌,12,5,13,0.3333,7,
ホウショウマリス,2026-01-18,京都,9,6,16,0.3333,4,差し
ホウショウマリス,2026-04-18,福島,11,2,15,0.0714,3,差し
ホウショウマリス,2026-05-09,東京,12,3,16,0.1333,6,差し
ホウショウマリス,2026-07-05,小倉,10,2,16,0.0667,4,先行
ホウショウルクス,2026-03-15,中京,10,4,12,0.2727,6,
ホウショウルクス,2026-07-12,小倉,9,1,10,0.0,3,差し
ホシニネガイヲ,2026-02-28,小倉,12,10,18,0.5294,14,先行
ホットゥトロット,2026-01-31,東京,10,7,15,0.4286,8,追込
ホットゥトロット,2026-08-29,新潟,10,11,18,0.5882,6,追込
ホリーアン,2026-02-01,小倉,12,10,18,0.5294,8,差し
ホリーアン,2026-02-22,小倉,12,11,18,0.5882,10,差し
ホリーアン,2026-04-18,福島,12,8,16,0.4667,12,差し
ホリーアン,2026-05-16,新潟,12,4,16,0.2,15,差し
ホルトバージ,2026-01-24,京都,10,4,15,0.2143,6,差し
ホルトバージ,2026-03-01,小倉,11,7,17,0.375,11,差し
ホルトバージ,2026-03-15,阪神,10,5,14,0.3077,9,差し
ホルトバージ,2026-04-12,阪神,12,3,13,0.1667,8,差し
ホルトバージ,2026-06-27,福島,11,5,9,0.5,5,差し
ホレーショ,2026-02-28,中山,12,2,16,0.0667,2,
ホレーショ,2026-03-28,中山,12,2,16,0.0667,3,
ホレーショ,2026-08-29,札幌,12,2,12,0.0909,7,差し
ホワイトオーキッド,2026-03-01,阪神,11,3,15,0.1429,15,先行
ホワイトオーキッド,2026-03-14,中山,11,4,16,0.2,16,先行
ホワイトオーキッド,2026-08-01,札幌,10,7,13,0.5,9,先行
ホワイトガーベラ,2026-03-28,中山,9,8,16,0.4667,13,差し
ホワイトガーベラ,2026-08-01,中京,6,9,16,0.5333,15,差し
ホワイトドラゴン,2026-01-31,東京,10,1,15,0.0,14,
ホワイトドラゴン,2026-06-28,函館,12,4,14,0.2308,2,先行
ホワイトフレイムス,2026-08-22,中京,11,6,16,0.3333,4,先行
ホーエリート,2026-02-21,東京,11,4,15,0.2143,5,
ホーエリート,2026-05-03,京都,11,2,15,0.0714,14,先行
ホークマン,2026-01-10,中山,10,7,16,0.4,15,差し
ホークマン,2026-05-24,東京,9,6,12,0.4545,9,差し
ホークマン,2026-06-14,東京,9,8,11,0.7,11,差し
ホークライト,2026-03-28,中山,12,7,16,0.4,16,
ホークライト,2026-05-30,東京,12,3,16,0.1333,7,
ホークレア,2026-02-14,小倉,10,4,14,0.2308,13,
ホープエトワール,2026-07-18,福島,10,9,15,0.5714,15,先行
ホープエトワール,2026-08-01,中京,8,7,13,0.5,13,先行
ホーリーブラッサム,2026-03-21,中京,9,1,10,0.0,8,
ホーリーブラッサム,2026-06-27,小倉,10,1,13,0.0,4,
ホーリーブラッサム,2026-07-11,小倉,10,2,18,0.0588,15,
ホールオブミラーズ,2026-08-22,中京,8,3,10,0.2222,2,
ホールシバン,2026-04-11,福島,11,8,15,0.5,6,差し
ホールシバン,2026-07-18,函館,11,8,13,0.5833,5,差し
ホールドミーワンス,2026-08-08,中京,11,2,12,0.0909,10,
ホールネス,2026-05-16,新潟,11,4,15,0.2143,8,差し
ホールネス,2026-06-21,東京,11,3,16,0.1333,6,差し
ホールネス,2026-07-26,札幌,11,3,13,0.1667,2,差し
ボウウィンドウ,2026-04-19,中山,9,2,12,0.0909,2,差し
ボウウィンドウ,2026-08-29,新潟,7,3,17,0.125,1,先行
ボクサークラブ,2026-08-23,中京,10,8,14,0.5385,6,差し
ボクマダネムイヨ,2026-02-22,東京,9,5,10,0.4444,4,差し
ボクマダネムイヨ,2026-06-06,阪神,10,4,12,0.2727,5,差し
ボクマダネムイヨ,2026-08-01,中京,8,4,13,0.25,3,差し
ボックスオフィス,2026-01-12,中山,9,6,16,0.3333,15,差し
ボディブロー,2026-04-19,阪神,10,4,13,0.25,7,先行
ボディブロー,2026-05-03,新潟,11,7,15,0.4286,13,先行
ボディブロー,2026-07-04,福島,11,2,10,0.1111,6,差し
ボルセーナ,2026-01-31,小倉,9,6,14,0.3846,11,先行
ボルセーナ,2026-02-10,京都,12,7,15,0.4286,6,先行
ボルセーナ,2026-04-11,中山,12,6,16,0.3333,13,先行
ボルセーナ,2026-04-26,東京,12,9,16,0.5333,9,先行
ボルセーナ,2026-06-13,阪神,10,5,16,0.2667,11,先行
ボルドグフーシュ,2026-04-05,阪神,11,8,15,0.5,9,差し
ボンドガール,2026-01-24,小倉,11,7,18,0.3529,2,差し
ボンドガール,2026-03-07,中山,11,8,16,0.4667,10,差し
ボンドガール,2026-05-17,東京,11,8,18,0.4118,11,差し
ボンドガール,2026-08-02,札幌,11,7,14,0.4615,10,差し
ボンドマティーニ,2026-05-03,東京,11,1,15,0.0,14,先行
ボンドロア,2026-01-12,京都,9,2,12,0.0909,2,
ボンドロア,2026-01-31,京都,10,1,8,0.0,4,
ボンドロア,2026-02-21,小倉,10,1,16,0.0,10,
ボンドロア,2026-06-28,小倉,9,2,8,0.1429,8,
ボンドロア,2026-07-25,札幌,10,3,11,0.2,1,先行
ボンヌソワレ,2026-03-28,中京,12,3,16,0.1333,5,先行
ボンヌソワレ,2026-07-25,新潟,7,4,17,0.1875,5,
ボンヌソワレ,2026-08-29,中京,7,3,15,0.1429,3,先行
ボーモンド,2026-02-01,東京,10,4,15,0.2143,11,先行
ボーモンド,2026-04-12,中山,10,4,12,0.2727,4,先行
ボーモンド,2026-05-17,京都,10,6,13,0.4167,11,差し
ボールドタワー,2026-08-29,新潟,6,8,15,0.5,15,
ボールドハーテッド,2026-08-02,中京,9,1,9,0.0,1,先行
ボールドペイト,2026-08-22,中京,12,3,17,0.125,5,差し
ボールドペイト,2026-08-30,中京,11,11,18,0.5882,13,先行
ボーンディスウェイ,2026-02-21,東京,11,6,15,0.3571,9,
ボーンディスウェイ,2026-04-11,阪神,10,4,13,0.25,6,
ボーンディスウェイ,2026-05-31,東京,12,8,14,0.5385,11,
ボーンディスウェイ,2026-07-12,福島,11,5,16,0.2667,5,
ボーンディスウェイ,2026-08-30,新潟,8,2,11,0.1,7,
ポイントネモ,2026-03-01,小倉,12,2,16,0.0667,2,先行
ポエットリー,2026-01-31,小倉,11,5,18,0.2353,6,差し
ポエットリー,2026-03-21,阪神,10,3,16,0.1333,15,差し
ポエットリー,2026-05-24,東京,10,8,14,0.5385,9,先行
ポエットリー,2026-07-04,函館,11,7,16,0.4,9,差し
ポエットリー,2026-08-29,中京,7,2,15,0.0714,9,差し
ポタリング,2026-01-31,東京,12,4,12,0.2727,6,先行
ポタリング,2026-06-14,函館,9,3,10,0.2222,6,差し
ポタリング,2026-06-21,函館,12,3,10,0.2222,9,先行
ポッドクロス,2026-01-18,中山,11,9,15,0.5714,11,差し
ポッドクロス,2026-04-04,中山,9,3,12,0.1818,2,差し
ポッドクロス,2026-08-16,新潟,11,4,9,0.375,6,差し
ポッドソル,2026-05-17,東京,12,1,16,0.0,16,
ポッドソル,2026-07-11,小倉,11,7,11,0.6,9,
ポッドデスペア,2026-05-09,東京,10,1,15,0.0,11,先行
ポッドデスペア,2026-06-07,阪神,9,3,16,0.1333,13,逃げ
ポッドデスペア,2026-07-19,福島,9,9,16,0.5333,16,逃げ
ポッドドンナー,2026-01-17,京都,12,5,18,0.2353,3,差し
ポッドドンナー,2026-01-31,京都,9,4,13,0.25,7,差し
ポッドドンナー,2026-02-22,阪神,12,5,16,0.2667,5,差し
ポッドドンナー,2026-06-07,阪神,9,3,16,0.1333,5,差し
ポッドドンナー,2026-06-21,東京,9,11,16,0.6667,14,差し
ポッドフォルク,2026-02-08,小倉,10,5,15,0.2857,9,
ポッドフォルク,2026-03-01,阪神,10,1,14,0.0,7,
ポッドベイダー,2026-02-10,京都,10,3,16,0.1333,1,先行
ポッドベイダー,2026-04-19,中山,10,4,15,0.2143,4,先行
ポッドベイダー,2026-06-13,函館,11,7,12,0.5455,7,先行
ポッドベル,2026-04-26,東京,12,5,16,0.2667,3,
ポッドベル,2026-05-16,東京,10,5,12,0.3636,4,
ポッドベル,2026-06-07,東京,10,3,16,0.1333,1,
ポッドリプル,2026-07-26,中京,10,6,16,0.3333,1,差し
ポッドロゴ,2026-01-11,中山,10,4,16,0.2,7,差し
ポッドロゴ,2026-02-28,阪神,11,5,16,0.2667,5,差し
ポッドロゴ,2026-05-23,京都,11,7,16,0.4,7,差し
ポッドロゴ,2026-07-05,福島,11,7,15,0.4286,10,差し
ポッドロゴ,2026-08-02,中京,7,3,9,0.25,7,差し
ポッドロワール,2026-03-08,中山,12,3,16,0.1333,1,
ポッドロワール,2026-03-29,中山,10,7,15,0.4286,15,
ポッドロワール,2026-07-25,新潟,7,5,17,0.25,2,
ポッドロワール,2026-08-29,中京,7,6,15,0.3571,5,
ポップグルーヴ,2026-02-22,小倉,12,4,18,0.1765,17,差し
ポッポノフェスタ,2026-03-01,小倉,9,8,18,0.4118,14,先行
ポッポノフェスタ,2026-04-26,福島,9,3,13,0.1667,10,差し
ポペット,2026-01-17,中山,9,4,8,0.4286,7,追込
ポペット,2026-02-08,小倉,9,6,15,0.3571,9,差し
ポペット,2026-05-23,京都,9,7,11,0.6,11,追込
ポペット,2026-07-26,中京,11,8,16,0.4667,6,追込
ポペット,2026-08-22,新潟,10,9,15,0.5714,1,
ポポラヴィスタ,2026-08-08,新潟,12,1,15,0.0,6,
ポリキポリキ,2026-08-22,中京,11,6,16,0.3333,14,差し
ポリトナリティー,2026-04-18,中山,11,9,10,0.8889,10,追込
ポルカリズム,2026-01-18,中山,9,4,15,0.2143,1,差し
ポルカリズム,2026-03-07,中山,11,6,16,0.3333,9,差し
ポルトドール,2026-06-28,小倉,12,4,16,0.2,14,
ポルトフェリス,2026-08-16,新潟,11,2,9,0.125,2,先行
ポルフュロゲネトス,2026-01-18,中山,11,4,15,0.2143,12,
ポルポラジール,2026-03-01,阪神,10,2,14,0.0769,4,先行
ポルポラジール,2026-04-12,阪神,12,5,13,0.3333,5,先行
ポルポラジール,2026-05-16,京都,10,3,15,0.1429,14,先行
ポンピエ,2026-06-13,函館,12,3,12,0.1818,2,
ポンピエ,2026-08-22,札幌,12,3,11,0.2,5,差し
ポートデラメール,2026-01-18,京都,9,3,16,0.1333,7,先行
ポートデラメール,2026-04-04,阪神,12,3,15,0.1429,2,
ポートデラメール,2026-07-25,中京,6,1,16,0.0,5,先行
ポールセン,2026-01-18,中山,10,3,16,0.1333,14,
ポールセン,2026-02-22,阪神,11,1,12,0.0,9,
ポールセン,2026-03-14,阪神,11,2,13,0.0833,5,
ポールセン,2026-05-03,新潟,11,1,15,0.0,4,先行
ポールセン,2026-06-20,阪神,11,1,15,0.0,4,
マイエレメント,2026-03-28,中京,11,8,16,0.4667,6,差し
マイエレメント,2026-05-17,新潟,11,5,15,0.2857,14,差し
マイエレメント,2026-06-14,阪神,10,8,14,0.5385,10,差し
マイエレメント,2026-08-22,新潟,6,6,18,0.2941,9,差し
マイオウンウェイ,2026-06-20,函館,9,7,12,0.5455,11,差し
マイオウンウェイ,2026-07-05,函館,12,3,10,0.2222,10,差し
マイオウンウェイ,2026-07-19,函館,12,8,14,0.5385,11,差し
マイケルバローズ,2026-06-13,阪神,12,1,14,0.0,9,
マイケルバローズ,2026-08-16,札幌,9,1,16,0.0,8,
マイスターヴェルク,2026-03-22,中山,12,7,16,0.4,12,先行
マイスターヴェルク,2026-06-13,函館,10,2,16,0.0667,2,先行
マイスターヴェルク,2026-07-19,函館,9,6,13,0.4167,5,先行
マイティキングダム,2026-01-12,京都,12,4,18,0.1765,6,逃げ
マイティキングダム,2026-07-26,中京,10,3,16,0.1333,15,先行
マイティキングダム,2026-08-16,中京,11,4,16,0.2,9,先行
マイティマイティー,2026-01-18,京都,10,2,16,0.0667,2,差し
マイティマイティー,2026-05-23,京都,12,1,14,0.0,2,
マイティマイティー,2026-06-07,阪神,9,1,16,0.0,2,
マイネルアウルム,2026-08-16,新潟,11,3,9,0.25,4,差し
マイネルアズーロ,2026-03-14,中京,9,4,10,0.3333,2,差し
マイネルアズーロ,2026-04-26,福島,9,2,13,0.0833,3,差し
マイネルアズーロ,2026-05-23,新潟,10,6,15,0.3571,1,差し
マイネルアズーロ,2026-08-29,新潟,7,6,17,0.3125,4,差し
マイネルアルゴー,2026-02-01,東京,12,7,16,0.4,13,差し
マイネルアルゴー,2026-08-29,新潟,11,1,18,0.0,10,差し
マイネルアレス,2026-05-24,新潟,9,2,14,0.0769,1,
マイネルアレス,2026-06-07,東京,9,2,8,0.1429,3,
マイネルアレス,2026-08-29,新潟,7,2,17,0.0625,6,
マイネルイグザルト,2026-06-28,函館,9,5,10,0.4444,10,差し
マイネルエニグマ,2026-02-14,京都,10,4,16,0.2,3,差し
マイネルエニグマ,2026-04-12,阪神,10,4,15,0.2143,1,差し
マイネルエンペラー,2026-03-22,阪神,11,2,10,0.1111,5,先行
マイネルエンペラー,2026-06-14,阪神,11,3,18,0.1176,10,先行
マイネルオラクル,2026-08-02,新潟,11,3,14,0.1538,7,先行
マイネルオーシャン,2026-01-04,中山,11,6,14,0.3846,10,
マイネルカンパーナ,2026-02-21,東京,11,3,15,0.1429,7,先行
マイネルカンパーナ,2026-05-03,京都,11,2,15,0.0714,10,先行
マイネルクオリア,2026-05-03,東京,11,3,15,0.1429,10,追込
マイネルクリソーラ,2026-01-18,京都,11,7,13,0.5,11,差し
マイネルクリソーラ,2026-02-15,京都,11,5,12,0.3636,10,差し
マイネルクリソーラ,2026-04-11,阪神,10,4,13,0.25,9,差し
マイネルグレート,2026-02-01,東京,12,1,16,0.0,2,差し
マイネルケレリウス,2026-01-18,京都,11,6,13,0.4167,4,追込
マイネルケレリウス,2026-05-10,東京,10,4,12,0.2727,4,追込
マイネルケレリウス,2026-05-31,東京,12,8,14,0.5385,8,差し
マイネルシュラハト,2026-08-15,新潟,10,3,15,0.1429,10,先行
マイネルシンベリン,2026-03-15,中山,11,4,16,0.2,8,先行
マイネルシンベリン,2026-04-18,福島,9,3,9,0.25,5,先行
マイネルシンベリン,2026-07-18,函館,9,2,13,0.0833,2,差し
マイネルシンベリン,2026-08-09,札幌,12,3,8,0.2857,3,先行
マイネルシンベリン,2026-09-05,札幌,9,2,14,0.0769,3,先行
マイネルジェロディ,2026-02-15,小倉,11,4,18,0.1765,11,差し
マイネルジェロディ,2026-03-15,阪神,11,7,16,0.4,14,差し
マイネルジェロディ,2026-07-11,福島,11,1,9,0.0,6,先行
マイネルジェロディ,2026-08-23,札幌,11,5,16,0.2667,14,先行
マイネルゼウス,2026-01-31,小倉,12,3,16,0.1333,4,差し
マイネルゼウス,2026-03-01,小倉,9,2,18,0.0588,7,
マイネルゼウス,2026-04-26,福島,9,1,13,0.0,4,
マイネルゼウス,2026-06-20,函館,10,4,8,0.4286,4,
マイネルゼウス,2026-08-16,札幌,12,2,14,0.0769,12,
マイネルチケット,2026-01-24,京都,11,2,14,0.0769,2,差し
マイネルチケット,2026-02-21,阪神,11,3,18,0.1176,9,先行
マイネルチケット,2026-05-02,東京,11,5,18,0.2353,3,
マイネルチケット,2026-06-14,東京,11,6,13,0.4167,1,先行
マイネルトルファン,2026-03-22,中山,10,4,9,0.375,8,
マイネルトルファン,2026-05-03,東京,9,2,18,0.0588,18,
マイネルニコラス,2026-01-24,中山,11,3,18,0.1176,8,差し
マイネルニコラス,2026-02-14,京都,10,6,16,0.3333,11,先行
マイネルニコラス,2026-03-01,小倉,11,7,17,0.375,10,差し
マイネルニコラス,2026-04-05,中山,11,9,16,0.5333,16,差し
マイネルバーテクス,2026-08-29,札幌,11,4,14,0.2308,11,差し
マイネルビスマルク,2026-01-31,小倉,12,5,16,0.2667,2,
マイネルフォルツァ,2026-01-05,中山,10,4,11,0.3,9,差し
マイネルフォルツァ,2026-04-05,中山,12,7,12,0.5455,9,
マイネルフォルツァ,2026-04-25,東京,9,3,9,0.25,6,
マイネルフォルツァ,2026-05-17,東京,9,6,12,0.4545,7,
マイネルフォルツァ,2026-07-05,福島,10,7,12,0.5455,6,差し
マイネルフォルツァ,2026-08-08,中京,6,7,11,0.6,11,
マイネルフォルツァ,2026-08-23,札幌,12,3,14,0.1538,2,
マイネルフォルツァ,2026-08-29,札幌,11,5,14,0.3077,4,
マイネルフォーコン,2026-02-10,京都,12,5,15,0.2857,12,先行
マイネルフルムーン,2026-02-15,京都,9,7,11,0.6,9,差し
マイネルフルムーン,2026-03-07,阪神,9,5,9,0.5,4,差し
マイネルフルムーン,2026-05-02,新潟,10,3,15,0.1429,1,差し
マイネルフルムーン,2026-05-31,東京,10,6,17,0.3125,7,差し
マイネルフーガ,2026-01-24,中山,9,4,9,0.375,5,先行
マイネルフーガ,2026-02-28,小倉,11,4,15,0.2143,9,先行
マイネルフーガ,2026-07-12,函館,9,2,14,0.0769,1,先行
マイネルブリックス,2026-01-10,中山,11,6,17,0.3125,13,差し
マイネルブリックス,2026-01-24,中山,11,5,18,0.2353,6,差し
マイネルブリックス,2026-03-08,中山,9,6,16,0.3333,10,差し
マイネルブリックス,2026-04-19,中山,12,9,18,0.4706,5,差し
マイネルブリックス,2026-05-16,東京,11,6,15,0.3571,9,差し
マイネルボス,2026-02-01,小倉,9,6,11,0.5,5,
マイネルボス,2026-02-28,小倉,9,2,16,0.0667,5,
マイネルボス,2026-07-04,福島,9,4,10,0.3333,7,
マイネルボス,2026-07-18,福島,9,6,12,0.4545,7,
マイネルボス,2026-08-01,新潟,8,7,13,0.5,12,
マイネルマスター,2026-02-28,中山,9,4,8,0.4286,5,先行
マイネルマスター,2026-08-23,札幌,9,2,13,0.0833,3,先行
マイネルマスター,2026-09-05,札幌,9,3,14,0.1538,8,先行
マイネルミストラル,2026-05-09,東京,10,7,15,0.4286,9,先行
マイネルメモリー,2026-02-08,小倉,11,8,12,0.6364,6,追込
マイネルメモリー,2026-04-11,阪神,10,6,13,0.4167,10,差し
マイネルメモリー,2026-05-10,東京,10,4,12,0.2727,8,
マイネルメモリー,2026-07-19,小倉,11,7,17,0.375,10,
マイネルモメンタム,2026-03-01,小倉,9,5,18,0.2353,4,差し
マイネルモメンタム,2026-05-23,新潟,10,6,15,0.3571,4,差し
マイネルモメンタム,2026-06-13,函館,9,4,11,0.3,5,差し
マイネルモメンタム,2026-06-21,函館,12,6,10,0.5556,8,差し
マイネルモメンタム,2026-08-23,新潟,10,2,12,0.0909,7,差し
マイネルモーント,2026-01-04,中山,11,2,14,0.0769,8,差し
マイネルモーント,2026-01-31,東京,11,2,10,0.1111,8,差し
マイネルモーント,2026-03-01,中山,11,6,14,0.3846,4,
マイネルモーント,2026-04-12,福島,11,5,15,0.2857,4,
マイネルモーント,2026-05-09,東京,11,7,17,0.375,12,
マイネルモーント,2026-07-12,福島,11,4,16,0.2,2,
マイネルモーント,2026-08-16,札幌,11,5,16,0.2667,8,
マイネルラウレア,2026-01-10,中山,11,8,17,0.4375,7,差し
マイネルラウレア,2026-02-14,京都,10,8,16,0.4667,13,差し
マイネルラッシュ,2026-02-15,小倉,10,8,18,0.4118,3,差し
マイネルラッシュ,2026-04-25,福島,10,8,16,0.4667,12,
マイネルラッシュ,2026-05-17,京都,12,3,12,0.1818,5,追込
マイネルラッシュ,2026-07-19,福島,9,7,16,0.4,10,追込
マイネルラッシュ,2026-07-26,新潟,6,5,11,0.4,6,差し
マイネルリーヒム,2026-08-08,新潟,12,2,15,0.0714,1,
マイネルリーヒム,2026-08-29,新潟,9,2,13,0.0833,9,先行
マイネルレノン,2026-01-11,京都,11,4,16,0.2,14,先行
マイネルレノン,2026-02-15,小倉,11,2,18,0.0588,5,先行
マイネルレノン,2026-04-26,福島,11,5,16,0.2667,7,先行
マイネルレノン,2026-05-16,京都,11,2,16,0.0667,4,差し
マイネルレノン,2026-06-27,函館,11,3,14,0.1538,13,
マイノワール,2026-01-24,京都,10,6,15,0.3571,4,追込
マイノワール,2026-02-28,阪神,9,3,9,0.25,7,差し
マイノワール,2026-03-29,中京,10,6,14,0.3846,3,差し
マイバラード,2026-02-22,小倉,9,5,12,0.3636,5,差し
マイバラード,2026-03-01,小倉,9,3,18,0.1176,11,差し
マイバラード,2026-06-21,函館,12,6,10,0.5556,3,先行
マイバラード,2026-07-04,函館,9,5,9,0.5,6,差し
マイバラード,2026-07-18,函館,9,6,13,0.4167,7,差し
マイバレンタイン,2026-08-09,中京,6,3,7,0.3333,3,先行
マイベスティー,2026-08-08,中京,10,5,16,0.2667,5,
マイホームパパ,2026-08-23,新潟,7,2,10,0.1111,10,差し
マイユニバース,2026-01-10,中山,11,3,17,0.125,2,差し
マイユニバース,2026-03-08,中山,9,3,16,0.1333,1,差し
マイレーヌ,2026-08-22,新潟,8,9,15,0.5714,13,
マインセーラ,2026-07-12,函館,12,6,8,0.7143,8,差し
マインセーラ,2026-07-26,札幌,9,6,8,0.7143,6,差し
マインドフルネス,2026-08-23,新潟,7,8,10,0.7778,6,
マウンテンバローズ,2026-07-04,小倉,9,5,12,0.3636,6,先行
マオノクラッシュ,2026-04-12,中山,12,5,13,0.3333,11,先行
マオノクラッシュ,2026-08-02,新潟,10,1,14,0.0,3,先行
マオノクラッシュ,2026-08-23,新潟,9,3,15,0.1429,5,先行
マカナ,2026-05-23,京都,10,6,16,0.3333,12,差し
マカナ,2026-06-21,東京,11,5,16,0.2667,4,差し
マカナ,2026-08-09,新潟,6,4,13,0.25,12,差し
マカナアネラ,2026-03-15,中山,11,3,16,0.1333,13,先行
マカナアネラ,2026-04-18,福島,9,2,9,0.125,2,差し
マカナアネラ,2026-06-13,函館,9,3,11,0.2,3,
マカナアネラ,2026-07-18,函館,9,1,13,0.0,8,
マカホウ,2026-08-22,中京,12,7,17,0.375,9,差し
マカレイ,2026-01-11,中山,11,1,16,0.0,4,差し
マキシマムドライブ,2026-03-15,中京,12,4,18,0.1765,5,先行
マキシマムドライブ,2026-06-14,阪神,9,5,14,0.3077,3,
マキシマムドライブ,2026-07-05,福島,9,5,16,0.2667,8,先行
マキシマムビスタ,2026-02-22,小倉,10,3,16,0.1333,8,先行
マキシマムビスタ,2026-06-14,東京,12,2,12,0.0909,5,先行
マキシマムビスタ,2026-08-16,中京,8,3,16,0.1333,13,先行
マクアケ,2026-08-23,中京,12,6,16,0.3333,6,
マクミランテソーロ,2026-04-04,中山,12,2,16,0.0667,3,先行
マクミランテソーロ,2026-05-30,東京,9,1,16,0.0,5,先行
マクミランテソーロ,2026-08-22,新潟,8,4,15,0.2143,4,先行
マクリール,2026-01-10,中山,9,2,10,0.1111,1,先行
マクリール,2026-05-09,東京,10,3,15,0.1429,2,差し
マクリール,2026-06-07,東京,12,3,16,0.1333,1,
マクリール,2026-08-09,新潟,7,6,12,0.4545,9,
マグネシアブリック,2026-02-01,小倉,12,6,18,0.2941,17,先行
マグネシアブリック,2026-07-19,函館,12,3,14,0.1538,3,先行
マサノカナリア,2026-01-04,京都,11,2,18,0.0588,10,差し
マサノカナリア,2026-02-21,阪神,11,7,18,0.3529,10,先行
マサノカナリア,2026-06-14,東京,11,7,13,0.5,7,差し
マサノカナリア,2026-07-11,福島,11,3,9,0.25,1,差し
マサノカナリア,2026-08-22,新潟,7,4,18,0.1765,7,差し
マサノユニコーン,2026-02-22,東京,12,5,16,0.2667,4,先行
マサノユニコーン,2026-03-22,中山,9,5,16,0.2667,4,先行
マサノユニコーン,2026-04-26,東京,12,3,16,0.1333,7,先行
マシン,2026-08-22,中京,10,1,12,0.0,1,
マジカルシャイン,2026-06-14,函館,12,4,10,0.3333,9,先行
マジカルフェアリー,2026-04-11,福島,10,7,16,0.4,6,
マジカルフェアリー,2026-06-20,函館,11,1,16,0.0,7,
マジカルフェアリー,2026-07-05,函館,9,2,16,0.0667,2,
マジカルフェアリー,2026-07-18,函館,10,2,10,0.1111,5,
マジカルワード,2026-01-12,中山,12,6,18,0.2941,13,
マジギレカレン,2026-08-30,新潟,10,7,15,0.4286,15,追込
マジッククッキー,2026-03-15,中京,10,5,12,0.3636,5,
マジッククッキー,2026-04-05,阪神,9,4,12,0.2727,3,
マジッククッキー,2026-06-07,東京,10,8,16,0.4667,4,
マジッククッキー,2026-06-21,東京,9,8,16,0.4667,2,
マジックサンズ,2026-02-10,東京,11,8,16,0.4667,12,差し
マジックサンズ,2026-03-01,中山,11,5,14,0.3077,6,追込
マジックサンズ,2026-05-09,東京,11,4,17,0.1875,4,差し
マジックサンズ,2026-06-28,函館,11,5,15,0.2857,5,差し
マジックサンズ,2026-08-16,札幌,11,3,16,0.1333,6,差し
マジックローズ,2026-01-18,京都,9,1,16,0.0,10,
マジックローズ,2026-05-23,東京,12,1,16,0.0,2,
マジックローズ,2026-07-05,小倉,10,1,16,0.0,1,
マジックローズ,2026-08-30,札幌,11,3,14,0.1538,12,逃げ
マスキュラー,2026-01-12,京都,12,6,18,0.2941,16,先行
マスグラバイト,2026-03-29,中京,12,9,16,0.5333,15,
マスグラバイト,2026-05-02,東京,12,9,14,0.6154,14,
マスターソアラ,2026-02-14,東京,11,5,16,0.2667,4,差し
マスティカーレ,2026-08-08,中京,12,3,18,0.1176,18,
マタミカンサン,2026-08-22,新潟,9,1,15,0.0,2,
マダックス,2026-04-11,中山,11,5,15,0.2857,14,差し
マダムイグレイン,2026-06-06,阪神,12,2,16,0.0667,7,
マダムカマラード,2026-08-29,中京,10,1,16,0.0,14,逃げ
マックアルイーン,2026-01-05,中山,11,7,14,0.4615,6,差し
マックアルイーン,2026-03-01,中山,10,5,15,0.2857,10,差し
マックアルイーン,2026-06-21,東京,10,2,16,0.0667,9,差し
マックスキュー,2026-03-21,中山,12,3,16,0.1333,2,先行
マッシャーブルム,2026-05-03,京都,12,8,16,0.4667,16,
マッシャーブルム,2026-06-27,小倉,11,5,15,0.2857,15,
マッシャーブルム,2026-07-19,小倉,10,6,16,0.3333,13,
マッスルバック,2026-01-04,京都,9,3,13,0.1667,6,差し
マッスルバック,2026-04-18,阪神,9,12,14,0.8462,11,差し
マッスルバック,2026-07-04,函館,10,6,14,0.3846,8,差し
マッスルバック,2026-07-25,札幌,12,5,11,0.4,8,追込
マッドゲイル,2026-08-02,新潟,6,6,15,0.3571,7,先行
マテンロウオリオン,2026-01-04,京都,11,8,18,0.4118,11,
マテンロウオリオン,2026-02-22,小倉,11,2,16,0.0667,15,
マテンロウオリオン,2026-04-04,中山,11,4,16,0.2,15,
マテンロウカナロア,2026-04-12,福島,12,1,15,0.0,2,差し
マテンロウカナロア,2026-08-30,札幌,9,4,11,0.3,7,
マテンロウガイ,2026-05-02,東京,9,4,16,0.2,14,差し
マテンロウゲイル,2026-01-18,中山,11,2,15,0.0714,2,差し
マテンロウゲイル,2026-03-21,阪神,11,3,12,0.1818,1,
マテンロウゲイル,2026-04-19,中山,11,6,18,0.2941,10,差し
マテンロウゲイル,2026-05-31,東京,11,5,18,0.2353,5,差し
マテンロウコマンド,2026-02-01,東京,11,1,16,0.0,11,先行
マテンロウコマンド,2026-07-26,中京,7,2,14,0.0769,1,差し
マテンロウサン,2026-08-02,札幌,12,3,14,0.1538,1,先行
マテンロウサン,2026-08-30,札幌,11,9,14,0.6154,14,先行
マテンロウシルビア,2026-06-28,小倉,9,4,8,0.4286,5,差し
マテンロウスカイ,2026-03-29,中山,11,3,15,0.1429,12,逃げ
マテンロウスカイ,2026-04-26,京都,11,5,18,0.2353,17,
マテンロウスカイ,2026-07-26,新潟,7,6,14,0.3846,6,差し
マテンロウゼロ,2026-01-24,京都,9,7,13,0.5,7,差し
マテンロウゼロ,2026-02-10,東京,9,1,7,0.0,4,差し
マテンロウゼロ,2026-05-03,東京,11,1,15,0.0,12,先行
マテンロウゼロ,2026-05-16,京都,9,6,10,0.5556,7,
マテンロウネイビー,2026-02-01,東京,9,4,12,0.2727,12,差し
マテンロウノカゼ,2026-05-24,新潟,12,9,14,0.6154,12,
マテンロウブラボー,2026-01-10,中山,10,4,16,0.2,1,差し
マテンロウブラボー,2026-03-14,中山,10,9,16,0.5333,3,差し
マテンロウブラボー,2026-04-12,中山,10,3,12,0.1818,5,差し
マテンロウブラボー,2026-05-09,東京,9,7,12,0.5455,3,先行
マテンロウブラボー,2026-06-21,東京,10,7,16,0.4,7,差し
マテンロウブレイブ,2026-02-22,小倉,10,7,16,0.4,4,追込
マテンロウブレイブ,2026-05-30,京都,10,6,16,0.3333,4,追込
マテンロウボンド,2026-04-25,福島,10,9,16,0.5333,15,
マテンロウボンド,2026-05-17,京都,12,7,12,0.5455,10,差し
マテンロウミラクル,2026-05-09,新潟,12,5,12,0.3636,11,差し
マテンロウミラクル,2026-05-24,新潟,12,4,14,0.2308,4,差し
マテンロウレオ,2026-04-05,阪神,11,7,15,0.4286,11,差し
マテンロウレオ,2026-05-09,東京,11,2,17,0.0625,14,
マディソンガール,2026-07-26,中京,6,4,10,0.3333,7,先行
マトラコーニッシュ,2026-02-15,小倉,9,2,7,0.1667,1,差し
マトラコーニッシュ,2026-04-26,京都,10,6,18,0.2941,4,差し
マトラコーニッシュ,2026-05-23,京都,10,4,16,0.2,15,差し
マトラコーニッシュ,2026-07-04,小倉,11,7,14,0.4615,4,差し
マトラコーニッシュ,2026-08-22,新潟,6,9,18,0.4706,4,差し
マドモアゼルアスク,2026-05-16,東京,9,4,9,0.375,7,先行
マドモアゼルアスク,2026-07-19,函館,9,4,13,0.25,7,先行
マナエトレ,2026-01-04,京都,9,2,13,0.0833,2,差し
マナエトレ,2026-07-18,福島,10,7,15,0.4286,12,先行
マナボニート,2026-04-25,福島,9,1,16,0.0,2,逃げ
マナボニート,2026-05-09,新潟,9,6,14,0.3846,3,逃げ
マナボニート,2026-07-05,函館,9,5,16,0.2667,3,先行
マナボニート,2026-07-18,函館,10,1,10,0.0,2,先行
マナマカナ,2026-07-18,福島,12,9,16,0.5333,13,先行
マニバドラ,2026-02-10,京都,10,1,16,0.0,13,先行
マニバドラ,2026-04-19,中山,10,2,15,0.0714,3,先行
マニバドラ,2026-07-19,福島,11,5,16,0.2667,16,先行
マニバドラ,2026-09-05,阪神,11,1,12,0.0,10,
マハナ,2026-08-30,新潟,6,6,15,0.3571,14,
マハートマーベル,2026-02-28,小倉,9,8,16,0.4667,13,差し
マハートマーベル,2026-03-29,阪神,9,7,15,0.4286,12,
マハートマーベル,2026-06-28,小倉,10,6,16,0.3333,7,
マハートマーベル,2026-07-26,中京,8,6,12,0.4545,2,
マピュース,2026-02-01,東京,11,7,16,0.4,5,
マピュース,2026-05-17,東京,11,3,18,0.1176,9,差し
マフィン,2026-02-15,京都,12,7,16,0.4,11,
マフィン,2026-05-23,東京,12,5,16,0.2667,9,差し
ママコチャ,2026-02-28,中山,11,4,16,0.2,4,先行
ママコチャ,2026-03-29,中京,11,10,18,0.5294,9,先行
マメタンク,2026-07-12,函館,10,6,12,0.4545,5,先行
マユナイト,2026-08-08,中京,10,6,16,0.3333,10,
マリアイリダータ,2026-01-12,中山,12,2,18,0.0588,2,
マリアイリダータ,2026-05-17,新潟,10,4,15,0.2143,1,差し
マリアイリダータ,2026-06-27,福島,11,3,9,0.25,1,差し
マリアナトレンチ,2026-02-01,小倉,11,5,15,0.2857,13,差し
マリアナトレンチ,2026-04-11,福島,11,5,15,0.2857,7,差し
マリアナトレンチ,2026-06-13,阪神,11,6,16,0.3333,11,差し
マリアナトレンチ,2026-08-23,中京,7,6,16,0.3333,12,
マリオロード,2026-05-10,京都,11,3,16,0.1333,4,
マリオロード,2026-06-20,東京,11,4,15,0.2143,15,
マリオロード,2026-08-02,中京,7,6,9,0.625,8,
マリオロード,2026-08-23,中京,7,5,16,0.2667,3,差し
マリノトニトゥルス,2026-01-17,中山,12,2,16,0.0667,4,逃げ
マリノトニトゥルス,2026-03-29,中山,12,2,11,0.1,5,先行
マリノトニトゥルス,2026-05-23,新潟,11,3,16,0.1333,1,先行
マリブオレンジ,2026-01-31,京都,12,2,17,0.0625,8,
マリブオレンジ,2026-06-20,阪神,12,4,18,0.1765,12,
マリンバンカー,2026-05-02,東京,12,4,14,0.2308,10,先行
マリーヌ,2026-08-16,中京,10,7,16,0.4,16,差し
マルカオペラ,2026-01-10,中山,10,6,16,0.3333,6,差し
マルカオペラ,2026-03-22,阪神,9,2,8,0.1429,7,差し
マルカオペラ,2026-05-09,京都,9,1,11,0.0,4,
マルカオペラ,2026-07-19,函館,9,9,13,0.6667,12,差し
マルカオペラ,2026-08-23,札幌,12,3,14,0.1538,9,差し
マルカブリッツ,2026-02-08,小倉,10,4,15,0.2143,14,先行
マルカベント,2026-08-29,新潟,6,10,15,0.6429,11,
マルガ,2026-02-14,東京,11,7,16,0.4,7,逃げ
マルターズドン,2026-08-30,新潟,12,6,15,0.3571,12,逃げ
マルチャン,2026-01-18,中山,9,8,15,0.5,9,差し
マルチャン,2026-02-22,東京,10,10,14,0.6923,13,差し
マルチャン,2026-05-03,東京,9,2,18,0.0588,14,差し
マルチャン,2026-06-13,東京,11,7,13,0.5,11,差し
マルチャン,2026-08-22,新潟,6,7,18,0.3529,7,差し
マルディランダ,2026-02-15,東京,10,4,16,0.2,16,差し
マルディランダ,2026-08-01,中京,9,1,10,0.0,2,先行
マルプリ,2026-01-17,京都,12,9,18,0.4706,14,先行
マルプリ,2026-04-11,福島,10,7,16,0.4,8,差し
マルプリ,2026-07-05,函館,9,8,16,0.4667,14,差し
マルモア,2026-07-26,中京,11,3,16,0.1333,8,差し
マルモリキャスター,2026-08-02,中京,12,8,17,0.4375,13,
マルモリスペシャル,2026-02-10,京都,10,7,16,0.4,4,
マルモリスペシャル,2026-02-22,阪神,11,5,12,0.3636,5,
マルモリスペシャル,2026-03-14,阪神,11,3,13,0.1667,6,
マルモリスペシャル,2026-06-07,阪神,11,8,16,0.4667,16,
マルモリムソウ,2026-08-30,中京,7,2,9,0.125,7,
マロンカラノテガミ,2026-08-09,札幌,9,3,16,0.1333,14,差し
マロンカラノテガミ,2026-08-22,札幌,12,7,11,0.6,11,先行
マンウォル,2026-05-17,東京,9,2,12,0.0909,8,先行
マンウォル,2026-07-05,福島,9,9,16,0.5333,10,先行
マンウォル,2026-08-23,新潟,8,4,12,0.2727,10,
マンオブザマッチ,2026-05-10,新潟,10,2,14,0.0769,1,先行
マンオブザマッチ,2026-05-30,京都,10,4,16,0.2,8,先行
マンオブザマッチ,2026-08-15,札幌,11,2,14,0.0769,10,先行
マンダリンボレロ,2026-03-28,中山,12,4,16,0.2,9,
マンダリンボレロ,2026-06-14,東京,12,3,12,0.1818,6,差し
マンダリンボレロ,2026-07-04,福島,10,3,10,0.2222,4,差し
マンダリンボレロ,2026-07-19,函館,10,5,14,0.3077,4,差し
マンノステータス,2026-02-15,東京,12,6,16,0.3333,15,
マンマリアーレ,2026-03-08,中山,10,4,15,0.2143,12,差し
マンマリアーレ,2026-04-12,福島,11,7,15,0.4286,11,差し
マンマリアーレ,2026-05-10,東京,10,6,12,0.4545,9,差し
マンマリアーレ,2026-08-23,中京,7,7,16,0.4,9,差し
マヴィ,2026-08-22,中京,6,4,14,0.2308,11,先行
マーウォルス,2026-02-28,小倉,10,6,16,0.3333,5,差し
マーウォルス,2026-07-19,函館,10,2,14,0.0769,5,差し
マーキュリーダイム,2026-07-18,福島,9,7,12,0.5455,12,先行
マーゴットカーラ,2026-01-10,京都,12,6,18,0.2941,7,差し
マーゴットカーラ,2026-03-14,中京,12,2,18,0.0588,12,差し
マーゴットゲイン,2026-02-15,東京,12,7,16,0.4,14,
マーゴットゲイン,2026-05-16,新潟,10,4,9,0.375,6,
マーゴットゲイン,2026-05-30,東京,10,8,11,0.7,10,
マーゴットゲイン,2026-08-09,新潟,9,6,15,0.3571,1,
マーゴットコマチ,2026-01-31,小倉,12,2,16,0.0667,15,
マーゴットサンズ,2026-07-26,札幌,9,1,8,0.0,1,差し
マーゴットサンズ,2026-08-29,札幌,12,1,12,0.0,5,差し
マーゴットショット,2026-08-16,中京,12,3,16,0.1333,13,
マーゴットソラーレ,2026-03-14,中京,9,1,10,0.0,9,
マーゴットソラーレ,2026-09-05,中山,9,1,15,0.0,6,先行
マーゴットブロー,2026-01-04,中山,10,4,8,0.4286,7,逃げ
マーゴットブロー,2026-03-21,中京,11,8,17,0.4375,8,逃げ
マーゴットブロー,2026-07-26,札幌,10,2,9,0.125,4,先行
マーゴットブロー,2026-08-08,札幌,12,3,13,0.1667,10,先行
マーゴットミスト,2026-06-14,阪神,9,4,14,0.2308,8,先行
マーゴットミスト,2026-08-09,中京,11,7,17,0.375,15,先行
マーゴットライズ,2026-07-26,新潟,10,6,14,0.3846,3,差し
マーゴットライズ,2026-08-16,新潟,12,3,15,0.1429,4,差し
マーゴットレジーナ,2026-04-18,福島,10,6,8,0.7143,6,差し
マーゴットレジーナ,2026-08-01,中京,11,5,9,0.5,7,先行
マーゴットレーヴ,2026-03-28,中山,12,6,16,0.3333,15,
マーゴットレーヴ,2026-05-16,東京,10,7,12,0.5455,9,差し
マーゴットレーヴ,2026-06-07,阪神,9,7,16,0.4,12,差し
マーシャルアン,2026-05-09,新潟,9,9,14,0.6154,13,先行
マーシャルアン,2026-06-28,福島,12,5,14,0.3077,14,差し
マーシヴィガラス,2026-08-23,札幌,10,2,14,0.0769,1,
マーシーラン,2026-03-14,中京,12,4,18,0.1765,4,先行
マーシーラン,2026-04-11,福島,12,4,16,0.2,6,差し
マーシーラン,2026-07-11,小倉,12,3,16,0.1333,7,差し
マーシーラン,2026-08-09,中京,11,1,17,0.0,6,
マーズオデッセイ,2026-02-14,東京,10,7,16,0.4,5,差し
マーズオデッセイ,2026-03-07,中山,10,5,13,0.3333,1,差し
マーズオデッセイ,2026-05-30,東京,11,10,16,0.6,4,差し
マーズオデッセイ,2026-08-23,中京,7,5,16,0.2667,2,差し
マーチャンシップ,2026-07-25,中京,12,2,16,0.0667,15,先行
マーチンゲール,2026-08-15,新潟,10,1,15,0.0,1,
マーブルパレス,2026-01-17,京都,10,4,9,0.375,7,逃げ
マーブルパレス,2026-02-28,阪神,10,1,9,0.0,5,
マーブルパレス,2026-06-14,函館,11,3,16,0.1333,1,先行
マーブルパレス,2026-07-04,函館,11,4,16,0.2,1,差し
マーブルパレス,2026-08-09,札幌,11,4,16,0.2,9,先行
マーブルロック,2026-02-28,阪神,11,1,16,0.0,8,
マーブルロック,2026-05-30,東京,11,1,16,0.0,8,
マーブルロック,2026-07-18,函館,11,3,13,0.1667,12,
マーベリックシチー,2026-06-20,函館,12,5,11,0.4,4,
マーベリックシチー,2026-06-27,函館,12,4,10,0.3333,6,
ミアネーロ,2026-03-08,中山,10,7,15,0.4286,15,差し
ミアネーロ,2026-06-21,東京,11,4,16,0.2,3,差し
ミアネーロ,2026-08-08,新潟,7,3,16,0.1333,3,差し
ミエスペランサ,2026-02-10,東京,10,5,11,0.4,10,差し
ミエスペランサ,2026-03-28,中京,11,7,16,0.4,4,差し
ミエスペランサ,2026-05-17,新潟,11,1,15,0.0,13,差し
ミエスペランサ,2026-08-01,中京,7,4,11,0.3,5,差し
ミエノフェアリー,2026-08-02,新潟,8,2,14,0.0769,13,差し
ミエノブラボー,2026-02-01,小倉,12,9,18,0.4706,5,先行
ミエノブラボー,2026-02-21,小倉,12,7,18,0.3529,4,差し
ミカエルパシャ,2026-01-05,京都,9,5,11,0.4,10,先行
ミカエルパシャ,2026-02-21,阪神,12,5,14,0.3077,13,
ミカエルパシャ,2026-03-07,阪神,9,1,9,0.0,2,先行
ミカエルパシャ,2026-05-09,京都,10,3,8,0.2857,7,逃げ
ミカエルパシャ,2026-06-21,阪神,9,1,7,0.0,5,
ミカッテヨンデイイ,2026-01-24,中山,11,5,18,0.2353,11,追込
ミカッテヨンデイイ,2026-03-14,中山,10,9,16,0.5333,12,差し
ミカッテヨンデイイ,2026-05-09,東京,9,7,12,0.5455,10,差し
ミカッテヨンデイイ,2026-06-06,阪神,11,7,11,0.6,10,差し
ミキノバカラ,2026-06-13,阪神,10,8,16,0.4667,12,先行
ミキノバカラ,2026-06-27,小倉,10,5,13,0.3333,8,先行
ミキノバカラ,2026-07-11,小倉,10,3,18,0.1176,2,差し
ミキノバカラ,2026-08-02,札幌,12,3,14,0.1538,5,差し
ミキノバカラ,2026-08-22,札幌,10,3,14,0.1538,3,
ミクストベリーズ,2026-03-21,中京,9,5,10,0.4444,6,
ミクストベリーズ,2026-06-14,東京,9,5,11,0.4,7,
ミクストベリーズ,2026-08-16,中京,8,8,16,0.4667,9,
ミクソロジー,2026-01-05,京都,11,1,9,0.0,4,
ミクソロジー,2026-02-21,東京,11,6,15,0.3571,13,
ミクソロジー,2026-04-11,阪神,10,2,13,0.0833,13,
ミクニインスパイア,2026-06-14,阪神,11,7,18,0.3529,12,先行
ミクロスギガース,2026-08-09,新潟,12,5,18,0.2353,5,先行
ミサダメキメル,2026-02-01,東京,12,6,16,0.3333,8,追込
ミサダメキメル,2026-07-26,新潟,12,1,15,0.0,1,差し
ミスエル,2026-03-15,中京,9,8,15,0.5,10,先行
ミスエル,2026-05-24,新潟,10,2,15,0.0714,4,差し
ミスエル,2026-06-07,東京,10,8,16,0.4667,10,差し
ミスジェイド,2026-08-15,中京,12,4,16,0.2,5,
ミスタージーティー,2026-04-26,京都,10,5,18,0.2353,3,差し
ミスタージーティー,2026-05-10,京都,9,3,13,0.1667,9,差し
ミスタージーティー,2026-05-31,東京,10,4,17,0.1875,9,差し
ミスタートントン,2026-08-22,新潟,12,2,15,0.0714,1,
ミスターバッドガイ,2026-05-09,新潟,9,8,14,0.5385,10,
ミスターバッドガイ,2026-07-19,函館,12,7,14,0.4615,6,差し
ミスターライト,2026-03-15,中山,11,2,16,0.0667,9,先行
ミスティックロア,2026-01-11,中山,10,6,16,0.3333,6,差し
ミステリーウェイ,2026-05-03,京都,11,1,15,0.0,8,
ミステリーウェイ,2026-06-14,阪神,11,7,18,0.3529,16,
ミストレス,2026-03-08,阪神,10,7,14,0.4615,13,差し
ミストレス,2026-04-05,阪神,10,7,18,0.3529,17,差し
ミストレス,2026-04-19,阪神,11,6,10,0.5556,9,差し
ミストレス,2026-07-25,新潟,7,9,17,0.5,10,差し
ミストレス,2026-08-01,中京,7,5,11,0.4,10,差し
ミスバレンシア,2026-02-28,阪神,10,4,9,0.375,8,逃げ
ミスバレンシア,2026-07-25,新潟,12,1,17,0.0,17,差し
ミスヘンリー,2026-07-25,中京,9,4,16,0.2,9,先行
ミセスリリー,2026-05-16,東京,12,5,14,0.3077,13,
ミセスリリー,2026-07-04,福島,12,9,16,0.5333,11,
ミセスヴェルデ,2026-08-22,新潟,12,9,15,0.5714,15,差し
ミダース,2026-06-14,東京,12,6,12,0.4545,3,差し
ミッキークレスト,2026-04-11,福島,11,7,15,0.4286,9,差し
ミッキークレスト,2026-06-20,東京,11,7,15,0.4286,14,差し
ミッキークレスト,2026-08-23,中京,7,4,16,0.2,7,追込
ミッキーコンドル,2026-07-18,小倉,12,6,14,0.3846,14,先行
ミッキーゴージャス,2026-02-10,東京,11,3,16,0.1333,6,差し
ミッキーゴージャス,2026-04-19,福島,11,9,16,0.5333,16,先行
ミッキーゴールド,2026-03-01,小倉,11,8,17,0.4375,3,差し
ミッキーゴールド,2026-03-29,阪神,10,1,11,0.0,10,差し
ミッキーゴールド,2026-05-03,東京,9,9,18,0.4706,10,先行
ミッキーゴールド,2026-07-25,中京,7,1,11,0.0,1,先行
ミッキージャンプ,2026-05-03,東京,11,1,15,0.0,7,先行
ミッキージャンプ,2026-05-16,京都,9,1,10,0.0,2,
ミッキージャンプ,2026-07-19,小倉,12,4,9,0.375,1,
ミッキージュエリー,2026-01-11,京都,10,2,15,0.0714,2,逃げ
ミッキージュエリー,2026-03-08,阪神,10,3,14,0.1538,14,
ミッキージュエリー,2026-04-19,阪神,11,2,10,0.1111,10,先行
ミッキージュエリー,2026-07-11,函館,11,1,13,0.0,10,先行
ミッキースターダム,2026-02-21,阪神,9,3,18,0.1176,13,先行
ミッキースターダム,2026-05-02,京都,12,1,10,0.0,1,先行
ミッキースターダム,2026-05-17,東京,9,1,12,0.0,3,先行
ミッキースターダム,2026-07-25,新潟,6,2,15,0.0714,7,
ミッキースターダム,2026-08-23,中京,6,1,14,0.0,4,先行
ミッキースピネル,2026-02-15,東京,9,7,16,0.4,3,先行
ミッキーソルジャー,2026-05-30,東京,10,2,11,0.1,1,差し
ミッキーソルジャー,2026-08-22,新潟,6,3,18,0.1176,2,先行
ミッキーツインクル,2026-02-10,東京,10,4,11,0.3,4,
ミッキーツインクル,2026-03-28,中京,11,6,16,0.3333,5,先行
ミッキーツインクル,2026-04-26,京都,10,5,18,0.2353,10,
ミッキーツインクル,2026-06-06,阪神,11,6,11,0.5,6,差し
ミッキーヌチバナ,2026-03-08,中山,10,2,15,0.0714,3,差し
ミッキーヌチバナ,2026-03-29,中山,11,2,15,0.0714,5,差し
ミッキーヌチバナ,2026-04-26,東京,10,5,15,0.2857,6,差し
ミッキーヌチバナ,2026-07-05,福島,11,3,15,0.1429,2,差し
ミッキーファルコン,2026-04-25,東京,11,9,18,0.4706,5,差し
ミッキーファルコン,2026-08-15,札幌,12,5,14,0.3077,1,差し
ミッキーマカパ,2026-01-31,小倉,9,4,14,0.2308,8,
ミッキーマカパ,2026-03-15,中京,9,1,15,0.0,2,逃げ
ミッキーマカパ,2026-04-11,阪神,12,2,16,0.0667,16,
ミッキーマドンナ,2026-01-12,中山,12,5,18,0.2353,5,
ミッキーマーメイド,2026-02-01,東京,9,3,12,0.1818,5,差し
ミッキーラッキー,2026-03-28,中山,12,5,16,0.2667,13,
ミッキーラヴィータ,2026-07-25,中京,12,1,16,0.0,8,先行
ミッキーラヴィータ,2026-08-02,中京,12,8,17,0.4375,3,先行
ミッキーラヴィータ,2026-08-30,中京,11,10,18,0.5294,7,先行
ミッションルース,2026-01-24,小倉,12,1,15,0.0,11,
ミッションルース,2026-05-24,京都,12,2,16,0.0667,9,先行
ミッションルース,2026-06-28,小倉,12,1,16,0.0,8,先行
ミッドセンチュリー,2026-04-26,福島,9,4,13,0.25,8,差し
ミッドセンチュリー,2026-05-23,新潟,10,4,15,0.2143,3,差し
ミッドセンチュリー,2026-07-04,福島,9,3,10,0.2222,2,差し
ミッドセンチュリー,2026-08-09,新潟,10,4,7,0.5,5,差し
ミッドセンチュリー,2026-08-29,新潟,9,3,13,0.1667,3,差し
ミッドタウンナイト,2026-05-16,新潟,9,3,16,0.1333,11,
ミッドタウンナイト,2026-07-11,小倉,9,3,11,0.2,5,
ミッドタウンナイト,2026-08-15,札幌,12,7,14,0.4615,9,
ミッドタウンナイト,2026-08-30,札幌,12,1,14,0.0,5,先行
ミツカネベネラ,2026-02-14,東京,11,9,16,0.5333,14,先行
ミツカネベネラ,2026-05-02,東京,10,1,11,0.0,6,先行
ミツカネベネラ,2026-05-24,東京,11,10,18,0.5294,16,
ミツカネリブラ,2026-01-05,中山,12,5,16,0.2667,14,
ミツカネリブラ,2026-04-19,福島,9,7,16,0.4,15,差し
ミトノオルフェ,2026-01-10,中山,10,5,16,0.2667,4,先行
ミトノオルフェ,2026-03-21,中京,9,4,10,0.3333,1,差し
ミトノオルフェ,2026-04-05,阪神,10,6,18,0.2941,1,差し
ミトノリン,2026-02-08,小倉,9,4,15,0.2143,10,先行
ミトノリン,2026-07-04,小倉,12,3,12,0.1818,10,差し
ミトノリン,2026-07-11,小倉,12,7,16,0.4,10,先行
ミナヅキ,2026-07-26,新潟,12,1,15,0.0,2,先行
ミナデオロ,2026-03-08,阪神,10,1,14,0.0,5,先行
ミナデオロ,2026-03-14,阪神,10,3,11,0.2,4,先行
ミナデオロ,2026-04-26,京都,10,4,18,0.1765,13,先行
ミナデオロ,2026-05-17,新潟,11,2,15,0.0714,8,先行
ミナデオロ,2026-06-14,阪神,10,1,14,0.0,1,先行
ミナデオロ,2026-08-16,中京,7,2,16,0.0667,5,先行
ミナデオロ,2026-09-05,中山,11,9,16,0.5333,9,先行
ミニトランザット,2026-01-11,京都,10,8,15,0.5,7,差し
ミニトランザット,2026-02-10,京都,9,4,13,0.25,1,差し
ミニトランザット,2026-04-04,中山,11,4,16,0.2,4,差し
ミニトランザット,2026-06-21,阪神,11,6,18,0.2941,6,差し
ミニトランザット,2026-08-16,中京,7,9,16,0.5333,2,差し
ミニマルデザイン,2026-04-11,福島,12,5,16,0.2667,13,
ミニョンマルーン,2026-02-01,小倉,10,3,15,0.1429,9,
ミニョンマルーン,2026-04-12,福島,10,1,16,0.0,10,逃げ
ミニョンマルーン,2026-06-14,函館,11,1,16,0.0,6,
ミニョンマルーン,2026-07-05,函館,9,4,16,0.2,12,
ミニョンマルーン,2026-09-05,中山,10,1,13,0.0,1,
ミヤジマナ,2026-04-18,阪神,12,11,15,0.7143,3,先行
ミヤジマナ,2026-05-24,京都,12,8,16,0.4667,6,差し
ミヤジマミコ,2026-08-08,中京,12,10,18,0.5294,8,差し
ミュークチェルシー,2026-08-08,新潟,9,6,15,0.3571,14,差し
ミュージアムマイル,2026-06-14,阪神,11,4,18,0.1765,9,差し
ミュージシャン,2026-02-14,京都,10,3,16,0.1333,7,先行
ミュージシャン,2026-04-12,阪神,10,1,15,0.0,2,先行
ミュージシャン,2026-06-06,阪神,11,2,11,0.1,2,
ミュージシャン,2026-07-25,中京,7,1,11,0.0,4,
ミユキアイラブユー,2026-01-12,中山,10,4,16,0.2,10,追込
ミユキアイラブユー,2026-03-07,阪神,10,6,15,0.3571,10,差し
ミライテーラー,2026-01-18,京都,9,8,16,0.4667,11,差し
ミライテーラー,2026-02-15,京都,12,8,16,0.4667,2,
ミライテーラー,2026-03-15,阪神,12,5,13,0.3333,3,追込
ミライハーモニー,2026-07-04,小倉,9,3,12,0.1818,2,
ミライヘノカギ,2026-01-17,中山,10,4,16,0.2,6,
ミライヘノカギ,2026-03-29,中京,10,1,14,0.0,6,
ミライヘノカギ,2026-05-10,東京,12,5,15,0.2857,7,先行
ミラクルキャッツ,2026-03-22,中山,12,6,16,0.3333,5,差し
ミラクルヴェリテ,2026-08-15,札幌,9,4,8,0.4286,7,先行
ミラビリスマジック,2026-02-15,東京,9,3,16,0.1333,13,先行
ミラビリスマジック,2026-03-28,中京,11,7,16,0.4,9,先行
ミラビリスマジック,2026-05-17,新潟,11,3,15,0.1429,5,先行
ミラビリスマジック,2026-07-18,福島,11,5,16,0.2667,1,先行
ミランド,2026-06-28,小倉,12,8,16,0.4667,4,先行
ミラージュナイト,2026-02-01,京都,10,6,8,0.7143,3,差し
ミラージュナイト,2026-02-14,京都,10,2,16,0.0667,1,差し
ミラージュナイト,2026-05-31,東京,12,6,14,0.3846,4,差し
ミラージュナイト,2026-07-26,札幌,11,1,13,0.0,1,差し
ミラーダカリエンテ,2026-01-24,中山,9,1,9,0.0,6,
ミラーダカリエンテ,2026-04-05,中山,12,1,12,0.0,8,
ミラーダカリエンテ,2026-08-08,新潟,6,7,10,0.6667,9,逃げ
ミリオンアップ,2026-08-08,札幌,9,6,13,0.4167,11,先行
ミリオンクラウン,2026-03-21,阪神,11,2,12,0.0909,11,
ミリオンクラウン,2026-04-11,中山,11,4,15,0.2143,10,先行
ミリオンクラウン,2026-05-09,東京,10,6,15,0.3571,15,先行
ミリオンクラウン,2026-08-23,札幌,12,2,14,0.0769,1,先行
ミリオングローリー,2026-08-29,新潟,11,2,18,0.0588,8,先行
ミルテンベルク,2026-01-31,小倉,11,5,18,0.2353,5,差し
ミルテンベルク,2026-02-14,小倉,11,5,18,0.2353,3,差し
ミルテンベルク,2026-04-05,阪神,10,3,18,0.1176,11,差し
ミルトハーバー,2026-06-28,福島,12,1,14,0.0,8,先行
ミルトベスト,2026-01-31,東京,10,8,15,0.5,15,先行
ミルトベスト,2026-06-13,阪神,12,5,14,0.3077,13,差し
ミルトライディーン,2026-03-07,阪神,12,7,16,0.4,10,差し
ミルフルール,2026-01-31,小倉,9,1,14,0.0,9,先行
ミルフルール,2026-05-02,東京,12,1,14,0.0,11,
ミルミナーヴァ,2026-04-19,福島,12,1,15,0.0,3,
ミルミナーヴァ,2026-08-15,中京,10,1,16,0.0,1,
ミロワール,2026-01-18,京都,9,6,16,0.3333,8,差し
ミロワール,2026-03-15,阪神,12,1,13,0.0,10,差し
ミロワール,2026-06-14,阪神,9,6,14,0.3846,1,差し
ミロワール,2026-07-18,小倉,11,6,12,0.4545,4,差し
ミーントゥビー,2026-01-24,中山,9,3,9,0.25,7,差し
ミーントゥビー,2026-03-21,中山,9,4,16,0.2,4,差し
ミーントゥビー,2026-05-16,東京,9,5,9,0.5,3,差し
ミーントゥビー,2026-06-14,東京,9,6,11,0.5,5,差し
ミーントゥビー,2026-08-01,新潟,6,2,12,0.0909,6,差し
ミーントゥビー,2026-08-23,札幌,12,5,14,0.3077,5,差し
ムイ,2026-01-11,京都,11,7,16,0.4,9,差し
ムイ,2026-04-26,福島,11,8,16,0.4667,10,差し
ムイ,2026-05-31,京都,10,10,17,0.5625,15,差し
ムイ,2026-09-05,阪神,11,4,12,0.2727,12,差し
ムジェロ,2026-01-12,中山,9,2,16,0.0667,2,
ムジェロ,2026-03-15,中山,9,5,11,0.4,6,
ムジェロ,2026-04-12,中山,9,2,12,0.0909,4,
ムスクレスト,2026-05-31,京都,11,4,9,0.375,5,差し
ムスクレスト,2026-07-05,小倉,9,4,8,0.4286,3,差し
ムチャスグラシアス,2026-04-11,福島,10,7,16,0.4,12,先行
ムチャスグラシアス,2026-06-14,函館,11,7,16,0.4,16,先行
ムチャスグラシアス,2026-07-11,函館,10,3,14,0.1538,6,先行
ムチャスグラシアス,2026-07-18,函館,10,5,10,0.4444,8,
ムチャスグラシアス,2026-08-30,札幌,10,9,16,0.5333,10,差し
ムルソー,2026-02-28,阪神,11,1,16,0.0,2,
ムルソー,2026-04-18,阪神,11,1,16,0.0,1,
ムーンウォーリア,2026-08-23,中京,6,3,14,0.1538,14,先行
ムーングレイル,2026-08-29,新潟,11,1,18,0.0,11,先行
ムーンスカイ,2026-03-29,阪神,9,8,15,0.5,8,
ムーンストラック,2026-04-18,福島,10,4,8,0.4286,4,差し
ムーンストラック,2026-05-10,新潟,9,3,14,0.1538,10,差し
ムーンストラック,2026-06-13,函館,9,5,11,0.4,6,差し
ムーンストラック,2026-07-04,福島,9,4,10,0.3333,1,差し
ムーンストラック,2026-08-01,新潟,8,2,13,0.0833,4,差し
ムーンベリル,2026-08-29,札幌,10,2,12,0.0909,9,先行
ムーンライトダイヤ,2026-07-25,中京,12,8,16,0.4667,1,差し
ムーンライトラガー,2026-01-05,京都,12,6,15,0.3571,4,差し
ムーンライトラガー,2026-01-31,京都,12,10,17,0.5625,3,差し
ムーンライトラガー,2026-05-02,京都,12,4,10,0.3333,3,差し
ムーンライトラガー,2026-06-20,阪神,12,6,18,0.2941,8,
ムーンリットアイル,2026-01-12,京都,12,3,18,0.1176,3,差し
ムーンリットアイル,2026-04-25,福島,9,2,16,0.0667,3,先行
ムーンリットアイル,2026-07-04,小倉,12,2,12,0.0909,2,先行
ムーンリットアイル,2026-07-11,小倉,12,8,16,0.4667,4,先行
ムーヴ,2026-03-22,中山,11,8,16,0.4667,2,
ムーヴ,2026-04-19,中山,10,6,15,0.3571,6,
ムーヴ,2026-06-07,阪神,11,8,16,0.4667,8,
メアヴィア,2026-07-04,福島,9,3,10,0.2222,9,
メイクアスナッチ,2026-01-17,中山,11,7,16,0.4,3,追込
メイクアスナッチ,2026-02-15,小倉,11,7,18,0.3529,7,差し
メイクワンズデイ,2026-03-21,中京,11,1,17,0.0,11,
メイクワンズデイ,2026-07-26,中京,9,2,14,0.0769,3,
メイクワンズデイ,2026-08-23,中京,11,2,17,0.0625,3,逃げ
メイケイシャイン,2026-07-26,中京,12,8,15,0.5,12,差し
メイケイバートン,2026-03-21,中京,9,2,10,0.1111,4,先行
メイケイバートン,2026-06-06,東京,10,8,17,0.4375,11,差し
メイケイレイン,2026-01-31,京都,9,4,13,0.25,2,差し
メイケイレイン,2026-04-04,阪神,12,5,15,0.2857,3,差し
メイケイレイン,2026-04-18,阪神,9,7,14,0.4615,1,差し
メイケイレイン,2026-05-17,東京,12,5,16,0.2667,13,差し
メイケイロゼッタ,2026-01-18,京都,10,6,16,0.3333,11,先行
メイケイロゼッタ,2026-05-09,京都,12,3,13,0.1667,10,先行
メイケイロゼッタ,2026-08-01,中京,8,3,13,0.1667,4,先行
メイショウアイル,2026-01-31,小倉,12,2,16,0.0667,12,先行
メイショウアイル,2026-05-17,京都,9,5,10,0.4444,4,先行
メイショウアイル,2026-06-13,阪神,9,1,9,0.0,4,先行
メイショウアイル,2026-08-08,札幌,10,2,8,0.1429,4,先行
メイショウアイル,2026-08-29,札幌,11,2,14,0.0769,6,先行
メイショウアカリ,2026-08-29,中京,9,4,9,0.375,6,差し
メイショウアゴナス,2026-08-02,中京,11,4,6,0.6,2,差し
メイショウアボット,2026-06-20,阪神,12,8,18,0.4118,13,
メイショウアボット,2026-08-01,中京,10,6,16,0.3333,7,先行
メイショウオオコ,2026-04-26,京都,12,8,14,0.5385,6,差し
メイショウオオコ,2026-05-09,京都,12,2,13,0.0833,5,差し
メイショウオオミネ,2026-02-21,小倉,12,7,18,0.3529,14,差し
メイショウオオミネ,2026-06-27,小倉,12,4,8,0.4286,7,差し
メイショウオグマ,2026-03-29,阪神,9,6,15,0.3571,6,
メイショウオグマ,2026-08-08,中京,8,5,12,0.3636,7,差し
メイショウオーロラ,2026-01-31,京都,11,5,13,0.3333,6,先行
メイショウオーロラ,2026-03-15,阪神,10,10,14,0.6923,12,先行
メイショウオーロラ,2026-05-30,京都,10,8,16,0.4667,12,追込
メイショウオーロラ,2026-07-19,小倉,10,10,16,0.6,15,差し
メイショウカイト,2026-01-04,京都,12,6,12,0.4545,3,差し
メイショウカイト,2026-01-24,京都,12,3,11,0.2,2,差し
メイショウカイト,2026-05-17,京都,12,5,12,0.3636,4,差し
メイショウカイト,2026-06-20,阪神,9,4,10,0.3333,6,追込
メイショウカクウチ,2026-04-05,阪神,9,6,12,0.4545,8,先行
メイショウカシワデ,2026-01-18,京都,10,4,16,0.2,5,差し
メイショウカシワデ,2026-03-28,中山,12,2,16,0.0667,2,
メイショウカシワデ,2026-04-18,福島,11,4,15,0.2143,1,差し
メイショウカシワデ,2026-08-22,中京,7,5,16,0.2667,14,差し
メイショウカスガイ,2026-07-05,小倉,12,9,16,0.5333,13,
メイショウカズサ,2026-02-01,東京,11,9,16,0.5333,14,
メイショウカゼマチ,2026-01-11,京都,11,3,16,0.1333,16,逃げ
メイショウカゼマチ,2026-08-01,中京,9,5,10,0.4444,7,
メイショウキルギス,2026-07-11,小倉,11,2,11,0.1,5,逃げ
メイショウクモイ,2026-05-24,新潟,12,5,14,0.3077,11,先行
メイショウクモイ,2026-08-22,中京,10,4,12,0.2727,11,先行
メイショウクリフト,2026-03-07,阪神,10,7,15,0.4286,15,先行
メイショウクリフト,2026-08-01,中京,6,3,16,0.1333,16,差し
メイショウクーガー,2026-05-10,新潟,10,4,14,0.2308,4,
メイショウクーガー,2026-06-28,小倉,10,4,16,0.2,6,
メイショウクーガー,2026-08-01,中京,8,3,13,0.1667,7,
メイショウゲキリン,2026-01-04,京都,10,2,9,0.125,5,先行
メイショウゲキリン,2026-02-01,京都,10,1,8,0.0,1,先行
メイショウゲキリン,2026-08-23,中京,9,7,8,0.8571,6,先行
メイショウコガシラ,2026-06-27,小倉,11,5,15,0.2857,7,先行
メイショウコガシラ,2026-08-08,中京,7,4,8,0.4286,5,先行
メイショウコシュウ,2026-08-22,札幌,12,6,11,0.5,4,差し
メイショウコナン,2026-06-07,阪神,12,3,12,0.1818,6,差し
メイショウコバト,2026-03-28,中山,9,8,16,0.4667,10,差し
メイショウコバト,2026-07-04,福島,11,2,10,0.1111,7,
メイショウゴールド,2026-03-21,阪神,12,6,15,0.3571,6,差し
メイショウゴールド,2026-04-18,阪神,9,2,14,0.0769,4,差し
メイショウゴールド,2026-05-02,京都,10,5,12,0.3636,10,先行
メイショウサチダケ,2026-01-10,京都,12,4,18,0.1765,5,先行
メイショウサチダケ,2026-04-25,京都,9,3,16,0.1333,5,
メイショウサッソウ,2026-08-15,中京,9,7,16,0.4,5,先行
メイショウサトノヒ,2026-06-06,阪神,12,5,16,0.2667,9,
メイショウサトノヒ,2026-08-29,中京,10,4,16,0.2,7,
メイショウシナノ,2026-01-12,京都,10,5,16,0.2667,10,差し
メイショウシナノ,2026-01-24,京都,10,8,15,0.5,12,差し
メイショウシナノ,2026-02-21,小倉,11,6,13,0.4167,3,差し
メイショウシナノ,2026-03-15,阪神,10,8,14,0.5385,4,追込
メイショウシナノ,2026-05-16,京都,10,5,15,0.2857,7,追込
メイショウシナノ,2026-06-21,阪神,10,8,16,0.4667,9,追込
メイショウシナノ,2026-07-19,小倉,10,6,16,0.3333,4,追込
メイショウシナノ,2026-08-08,中京,7,5,8,0.5714,3,追込
メイショウシナノ,2026-08-30,中京,6,7,16,0.4,12,追込
メイショウシンタケ,2026-03-15,中山,10,10,16,0.6,10,追込
メイショウシンタケ,2026-03-29,阪神,11,6,13,0.4167,4,追込
メイショウシンタケ,2026-05-31,京都,10,11,17,0.625,17,追込
メイショウシンタケ,2026-06-21,阪神,11,7,18,0.3529,18,差し
メイショウジェンマ,2026-03-14,中京,11,4,14,0.2308,6,差し
メイショウジェンマ,2026-03-28,阪神,12,8,14,0.5385,7,差し
メイショウジェンマ,2026-06-28,小倉,10,6,16,0.3333,10,
メイショウジェンマ,2026-07-26,中京,8,7,12,0.5455,11,
メイショウジェンマ,2026-08-09,中京,8,3,11,0.2,10,差し
メイショウジンソウ,2026-08-16,中京,12,6,16,0.3333,10,差し
メイショウジーニー,2026-07-26,中京,12,1,15,0.0,9,先行
メイショウズイウン,2026-04-18,阪神,11,7,16,0.4,13,差し
メイショウズイウン,2026-05-03,東京,10,4,16,0.2,11,差し
メイショウズイウン,2026-06-13,阪神,11,3,16,0.1333,9,差し
メイショウズイウン,2026-07-12,小倉,11,3,11,0.2,6,
メイショウズイウン,2026-08-29,新潟,8,1,11,0.0,1,
メイショウセイロウ,2026-02-15,小倉,10,8,18,0.4118,1,差し
メイショウセイロウ,2026-05-31,京都,12,8,18,0.4118,15,差し
メイショウソウセキ,2026-02-08,小倉,10,2,15,0.0714,13,
メイショウソウセキ,2026-08-09,中京,9,1,13,0.0,1,
メイショウソウタ,2026-01-12,京都,10,5,16,0.2667,15,先行
メイショウソウタ,2026-02-15,京都,10,1,10,0.0,3,
メイショウソウタ,2026-03-07,中山,10,3,13,0.1667,7,
メイショウソウタ,2026-05-16,京都,10,2,15,0.0714,9,
メイショウソウタ,2026-06-20,阪神,10,5,18,0.2353,15,
メイショウソウタ,2026-07-25,中京,7,3,11,0.2,11,
メイショウソウテン,2026-08-22,中京,10,1,12,0.0,3,逃げ
メイショウソラフネ,2026-02-21,阪神,11,2,18,0.0588,18,差し
メイショウソラフネ,2026-03-15,阪神,11,4,16,0.2,7,差し
メイショウソラリス,2026-03-08,中山,11,1,10,0.0,10,
メイショウソラリス,2026-04-04,阪神,11,3,14,0.1538,10,
メイショウソラリス,2026-06-13,函館,12,1,12,0.0,7,先行
メイショウソラリス,2026-06-27,函館,12,4,10,0.3333,9,
メイショウソラリス,2026-07-11,函館,9,5,10,0.4444,7,
メイショウソラル,2026-08-23,新潟,12,7,12,0.5455,11,追込
メイショウタイゲイ,2026-01-05,京都,10,8,16,0.4667,11,差し
メイショウタイピン,2026-01-18,京都,10,5,16,0.2667,9,
メイショウタイピン,2026-05-02,東京,12,7,14,0.4615,5,先行
メイショウタイピン,2026-05-17,東京,10,5,15,0.2857,5,先行
メイショウタイピン,2026-07-04,函館,10,3,14,0.1538,4,先行
メイショウタイピン,2026-07-19,函館,10,9,14,0.6154,7,先行
メイショウタクボク,2026-01-05,京都,12,7,15,0.4286,11,
メイショウタクボク,2026-05-09,新潟,10,9,13,0.6667,11,
メイショウタバル,2026-04-05,阪神,11,1,15,0.0,2,
メイショウタバル,2026-06-14,阪神,11,2,18,0.0588,1,
メイショウタマユラ,2026-01-10,京都,12,5,18,0.2353,15,先行
メイショウタムシバ,2026-03-29,中京,12,2,16,0.0667,2,先行
メイショウタムシバ,2026-04-18,阪神,9,3,14,0.1538,12,
メイショウタムシバ,2026-05-10,京都,12,4,14,0.2308,12,先行
メイショウタムシバ,2026-08-16,中京,8,1,16,0.0,1,先行
メイショウチタン,2026-02-10,東京,11,1,16,0.0,14,
メイショウチタン,2026-02-21,阪神,11,5,18,0.2353,13,
メイショウチタン,2026-03-29,阪神,11,1,13,0.0,3,
メイショウツヨキ,2026-04-05,阪神,10,4,18,0.1765,18,
メイショウツヨキ,2026-06-06,東京,11,1,15,0.0,4,差し
メイショウテリオス,2026-04-25,福島,9,5,16,0.2667,10,先行
メイショウテンク,2026-01-11,京都,12,6,18,0.2941,2,差し
メイショウテンク,2026-05-09,京都,11,7,16,0.4,5,差し
メイショウテンク,2026-08-23,札幌,9,4,13,0.25,4,差し
メイショウテンク,2026-09-05,札幌,9,3,14,0.1538,5,差し
メイショウトウコウ,2026-06-20,阪神,12,6,18,0.2941,11,
メイショウトム,2026-08-16,新潟,9,1,11,0.0,2,先行
メイショウトライオ,2026-08-30,中京,11,8,18,0.4118,17,
メイショウドライブ,2026-01-11,中山,12,3,16,0.1333,7,
メイショウドライブ,2026-05-16,京都,12,1,15,0.0,3,先行
メイショウドライブ,2026-05-30,京都,12,2,16,0.0667,12,
メイショウナナシロ,2026-08-23,中京,10,2,14,0.0769,1,
メイショウナルカミ,2026-08-02,中京,11,2,6,0.2,1,先行
メイショウナルカミ,2026-08-30,中京,8,2,15,0.0714,12,先行
メイショウハチコウ,2026-05-03,東京,11,2,15,0.0714,1,先行
メイショウハチコウ,2026-05-31,東京,11,2,18,0.0588,13,先行
メイショウハチロー,2026-02-14,東京,10,4,16,0.2,2,差し
メイショウハチロー,2026-04-25,東京,10,4,15,0.2143,2,差し
メイショウハチロー,2026-07-26,中京,7,1,14,0.0,2,差し
メイショウハッケイ,2026-02-14,京都,9,3,11,0.2,6,差し
メイショウハッケイ,2026-03-14,中山,11,7,16,0.4,7,差し
メイショウハッケイ,2026-06-20,函館,9,3,12,0.1818,3,差し
メイショウハッケイ,2026-07-18,函館,12,7,12,0.5455,10,
メイショウハッブル,2026-03-21,阪神,12,5,15,0.2857,13,差し
メイショウハッブル,2026-04-18,阪神,12,9,15,0.5714,12,差し
メイショウハボマイ,2026-07-11,小倉,12,6,16,0.3333,11,
メイショウハボマイ,2026-08-08,中京,11,8,12,0.6364,12,
メイショウバリスタ,2026-08-16,新潟,12,3,15,0.1429,12,差し
メイショウバルク,2026-05-09,東京,10,5,15,0.2857,10,逃げ
メイショウヒュウガ,2026-04-11,福島,9,8,16,0.4667,16,
メイショウヒュウガ,2026-06-06,阪神,9,4,9,0.375,9,
メイショウビストロ,2026-03-01,小倉,9,4,18,0.1765,9,差し
メイショウビストロ,2026-03-21,中京,12,7,14,0.4615,3,差し
メイショウビストロ,2026-05-24,新潟,9,4,14,0.2308,9,差し
メイショウビストロ,2026-08-01,中京,12,6,11,0.5,8,差し
メイショウビストロ,2026-08-29,中京,11,10,13,0.75,12,差し
メイショウピース,2026-01-31,小倉,11,4,18,0.1765,4,差し
メイショウピース,2026-03-21,阪神,10,8,16,0.4667,8,差し
メイショウピース,2026-05-03,京都,10,9,18,0.4706,12,差し
メイショウフウドウ,2026-06-13,東京,10,4,16,0.2,16,先行
メイショウフウドウ,2026-06-28,福島,10,4,11,0.3,11,先行
メイショウフジ,2026-05-02,東京,9,5,16,0.2667,4,差し
メイショウフジ,2026-05-24,東京,12,7,16,0.4,4,差し
メイショウフンジン,2026-05-03,東京,10,6,16,0.3333,14,
メイショウブレゲ,2026-01-05,京都,11,5,9,0.5,7,差し
メイショウブレゲ,2026-02-15,京都,11,8,12,0.6364,11,差し
メイショウブレゲ,2026-03-22,阪神,11,4,10,0.3333,8,差し
メイショウヘール,2026-06-28,小倉,10,5,16,0.2667,9,差し
メイショウヘール,2026-08-02,中京,9,5,9,0.5,5,先行
メイショウヘール,2026-08-23,中京,9,1,8,0.0,3,先行
メイショウホウレン,2026-03-22,中山,11,9,16,0.5333,12,
メイショウホウレン,2026-07-19,福島,11,1,16,0.0,4,先行
メイショウホダワラ,2026-03-22,中京,12,1,16,0.0,16,
メイショウポペット,2026-01-31,京都,11,4,13,0.25,5,差し
メイショウポペット,2026-03-21,中山,10,5,13,0.3333,12,差し
メイショウポペット,2026-05-10,東京,12,6,15,0.3571,10,差し
メイショウマドロス,2026-08-15,中京,9,5,16,0.2667,7,先行
メイショウマントル,2026-06-21,阪神,12,10,13,0.75,12,
メイショウミカワ,2026-02-21,小倉,11,4,13,0.25,12,先行
メイショウミカワ,2026-06-27,小倉,11,7,15,0.4286,11,先行
メイショウミリオレ,2026-02-15,小倉,10,9,18,0.4706,12,差し
メイショウミリオレ,2026-03-08,中山,12,9,16,0.5333,5,差し
メイショウミリオレ,2026-03-28,中京,12,7,16,0.4,4,追込
メイショウミリオレ,2026-05-23,新潟,11,7,16,0.4,12,追込
メイショウミリオレ,2026-06-14,阪神,9,6,14,0.3846,6,追込
メイショウミリオレ,2026-06-27,小倉,10,7,13,0.5,9,差し
メイショウミリオレ,2026-08-22,札幌,10,4,14,0.2308,10,
メイショウヤシマ,2026-01-18,京都,10,3,16,0.1333,8,
メイショウヤシマ,2026-05-09,京都,12,3,13,0.1667,9,逃げ
メイショウヤシマ,2026-05-24,京都,9,3,10,0.2222,10,先行
メイショウヤーキス,2026-01-05,京都,10,4,16,0.2,6,差し
メイショウヤーキス,2026-02-21,阪神,10,1,16,0.0,13,差し
メイショウヤーキス,2026-05-24,京都,10,2,14,0.0769,5,差し
メイショウユズルハ,2026-05-03,東京,10,6,16,0.3333,10,追込
メイショウユズルハ,2026-06-13,阪神,11,6,16,0.3333,16,追込
メイショウユズルハ,2026-08-23,中京,7,4,16,0.2,11,
メイショウヨゾラ,2026-01-24,京都,12,1,11,0.0,9,
メイショウヨゾラ,2026-04-18,中山,9,3,12,0.1818,1,先行
メイショウヨゾラ,2026-07-11,福島,10,3,9,0.25,1,
メイショウリリー,2026-07-05,小倉,10,7,16,0.4,13,差し
メイテソーロ,2026-01-10,中山,11,10,17,0.5625,10,差し
メイプルギャング,2026-03-22,中京,12,7,16,0.4,8,先行
メイプルギャング,2026-05-23,新潟,12,4,15,0.2143,5,差し
メイプルギャング,2026-06-06,阪神,12,7,16,0.4,14,先行
メイプルギャング,2026-08-09,中京,10,7,16,0.4,13,差し
メイプルタピット,2026-01-24,京都,10,6,15,0.3571,13,追込
メイプルタピット,2026-03-15,阪神,10,1,14,0.0,2,差し
メイプルタピット,2026-04-12,阪神,12,1,13,0.0,11,差し
メイプルタピット,2026-05-16,京都,10,5,15,0.2857,13,差し
メイプルハッピー,2026-04-12,阪神,9,4,14,0.2308,14,逃げ
メイリー,2026-07-25,新潟,12,9,17,0.5,7,差し
メイリー,2026-08-29,新潟,10,7,18,0.3529,7,差し
メタマックス,2026-02-22,阪神,11,4,12,0.2727,8,差し
メタルスピード,2026-01-18,中山,9,2,15,0.0714,15,
メタルスピード,2026-02-10,京都,9,1,13,0.0,11,
メタルスピード,2026-03-14,中山,10,1,16,0.0,1,
メタルスピード,2026-04-04,中山,11,1,16,0.0,9,
メタルスピード,2026-06-21,阪神,11,1,18,0.0,10,
メタルスピード,2026-07-26,新潟,7,2,14,0.0769,14,
メタルスピード,2026-09-05,中山,11,1,16,0.0,15,
メッエフアパラ,2026-04-04,中山,12,8,16,0.4667,9,先行
メッエフアパラ,2026-06-07,東京,10,1,16,0.0,11,先行
メテオールライト,2026-01-31,京都,11,4,13,0.25,11,差し
メディチパワー,2026-08-02,新潟,9,5,15,0.2857,6,差し
メディテラニアン,2026-03-14,中京,10,2,10,0.1111,4,差し
メディテラニアン,2026-05-09,京都,10,3,8,0.2857,2,先行
メディテラニアン,2026-06-13,阪神,9,3,9,0.25,3,差し
メトロポリターナ,2026-06-20,東京,12,6,16,0.3333,10,先行
メトロポリターナ,2026-07-25,新潟,8,5,13,0.3333,8,先行
メモリーグラス,2026-01-11,中山,12,8,16,0.4667,8,差し
メモリーグラス,2026-01-31,京都,9,3,13,0.1667,8,差し
メモリーグラス,2026-02-22,阪神,12,7,16,0.4,15,差し
メモリーグラス,2026-03-22,阪神,12,4,13,0.25,9,
メモリーグラス,2026-04-11,阪神,12,5,16,0.2667,7,
メランコリニスタ,2026-01-12,京都,12,5,18,0.2353,7,差し
メランコリニスタ,2026-05-30,京都,11,5,16,0.2667,14,
メランジェ,2026-01-24,中山,12,6,12,0.4545,5,差し
メランジェ,2026-06-20,東京,10,5,14,0.3077,10,差し
メランジェ,2026-07-25,新潟,6,10,15,0.6429,8,差し
メランジェ,2026-08-08,新潟,6,6,10,0.5556,3,差し
メラヴィリオーザ,2026-07-18,函館,12,7,12,0.5455,6,追込
メラヴィリオーザ,2026-08-09,札幌,9,7,16,0.4,12,差し
メラーキ,2026-01-11,中山,12,9,16,0.5333,11,
メラーキ,2026-08-02,中京,9,3,9,0.25,7,差し
メリオーレム,2026-05-24,京都,11,7,13,0.5,4,差し
メリオーレム,2026-06-13,東京,11,6,13,0.4167,10,差し
メリオーレム,2026-07-12,福島,11,9,16,0.5333,16,差し
メリザンド,2026-04-18,福島,10,2,8,0.1429,3,
メリザンド,2026-06-21,函館,9,1,12,0.0,4,
メリディアンスター,2026-05-16,東京,10,4,12,0.2727,1,先行
メリディアンスター,2026-06-06,東京,11,4,15,0.2143,1,差し
メリークリスマス,2026-02-28,中山,12,3,16,0.1333,1,
メリークリスマス,2026-05-23,京都,11,9,16,0.5333,4,差し
メリークリスマス,2026-07-05,福島,11,4,15,0.2143,3,差し
メリーサウンド,2026-07-19,福島,12,7,15,0.4286,7,追込
メルカントゥール,2026-05-02,京都,11,2,12,0.0909,2,差し
メルカントゥール,2026-08-09,新潟,7,2,12,0.0909,3,差し
メルキオル,2026-05-10,京都,11,7,16,0.4,16,逃げ
メルキオル,2026-07-12,小倉,11,4,11,0.3,11,
メルトユアハート,2026-04-05,阪神,10,2,18,0.0588,9,
メルトユアハート,2026-06-21,函館,11,4,15,0.2143,13,
メルトユアハート,2026-07-04,函館,11,4,16,0.2,2,
メルトユアハート,2026-07-25,札幌,11,3,12,0.1818,2,
メローネ,2026-04-25,福島,9,3,16,0.1333,6,差し
メローネ,2026-07-11,小倉,10,2,18,0.0588,12,先行
メードス,2026-02-21,小倉,12,9,18,0.4706,17,差し
モアニ,2026-04-25,福島,12,8,16,0.4667,1,差し
モアニ,2026-06-20,阪神,9,4,10,0.3333,3,追込
モアニ,2026-07-19,小倉,9,5,8,0.5714,7,追込
モアリジット,2026-01-05,京都,9,1,11,0.0,8,
モアリジット,2026-01-17,京都,12,1,18,0.0,2,
モアリジット,2026-03-22,阪神,9,1,8,0.0,5,
モアリジット,2026-07-04,小倉,11,2,14,0.0769,13,
モウエエデショー,2026-03-08,中山,11,5,10,0.4444,5,差し
モウエエデショー,2026-04-04,中山,9,5,12,0.3636,4,差し
モウエエデショー,2026-08-01,新潟,8,7,13,0.5,8,差し
モウエエデショー,2026-08-23,新潟,10,6,12,0.4545,2,差し
モカプウイング,2026-08-02,中京,12,4,17,0.1875,5,先行
モカプウイング,2026-08-30,中京,11,7,18,0.3529,9,
モカラマーズ,2026-06-13,阪神,10,5,16,0.2667,7,差し
モジャーリオ,2026-07-25,新潟,7,8,17,0.4375,14,差し
モジャーリオ,2026-08-29,中京,7,4,15,0.2143,15,差し
モストロ,2026-08-15,新潟,12,8,18,0.4118,18,追込
モズアンタレス,2026-04-18,阪神,10,6,9,0.625,4,差し
モズアンタレス,2026-06-20,函館,11,4,16,0.2,4,差し
モズアンタレス,2026-07-05,函館,9,3,16,0.1333,16,差し
モズイージス,2026-02-21,阪神,9,9,18,0.4706,12,先行
モズオサキニ,2026-08-08,中京,10,4,16,0.2,1,
モズカトレア,2026-01-10,京都,9,1,8,0.0,1,
モズカトレア,2026-01-31,京都,11,1,13,0.0,9,
モズカトレア,2026-05-02,新潟,11,8,15,0.5,14,
モズカトレア,2026-07-19,小倉,10,2,16,0.0667,10,
モズカトレア,2026-08-15,札幌,11,1,14,0.0,12,
モズケイスター,2026-03-22,阪神,12,3,13,0.1667,2,
モズケイスター,2026-07-25,中京,6,12,16,0.7333,16,差し
モズタチアガレ,2026-03-08,阪神,12,3,13,0.1667,3,
モズタチアガレ,2026-04-04,阪神,12,4,15,0.2143,8,先行
モズタチアガレ,2026-07-25,中京,6,2,16,0.0667,9,差し
モズタンケ,2026-06-28,福島,12,4,14,0.2308,5,先行
モズトキキ,2026-03-14,阪神,9,6,15,0.3571,12,差し
モズトキキ,2026-04-25,福島,10,6,16,0.3333,10,
モズトキキ,2026-05-23,東京,10,1,16,0.0,9,差し
モズナナスター,2026-01-11,京都,11,8,16,0.4667,11,差し
モズナナスター,2026-04-12,中山,11,8,16,0.4667,2,先行
モズナナスター,2026-04-26,福島,11,7,16,0.4,9,差し
モズナナスター,2026-06-13,函館,11,4,12,0.2727,11,差し
モズナナスター,2026-08-09,札幌,11,6,16,0.3333,11,差し
モズプリヴェール,2026-06-28,小倉,12,4,16,0.2,2,
モズプリヴェール,2026-07-18,小倉,12,5,14,0.3077,3,
モズマーヴェリック,2026-01-10,中山,11,7,17,0.375,6,差し
モズマーヴェリック,2026-01-24,京都,10,8,15,0.5,14,差し
モズマーヴェリック,2026-04-19,中山,12,5,18,0.2353,16,差し
モズマーヴェリック,2026-06-06,阪神,11,6,11,0.5,9,差し
モズミギカタアガリ,2026-01-10,京都,11,4,16,0.2,7,先行
モズロックンロール,2026-03-01,小倉,11,5,17,0.25,2,差し
モズロックンロール,2026-03-22,中山,10,6,9,0.625,4,差し
モズロックンロール,2026-05-03,東京,9,1,18,0.0,9,差し
モズロックンロール,2026-05-17,新潟,11,4,15,0.2143,10,
モズロックンロール,2026-08-09,新潟,6,2,13,0.0833,13,差し
モチモチチャン,2026-08-08,中京,10,11,16,0.6667,15,
モックモック,2026-01-12,京都,10,3,16,0.1333,1,先行
モックモック,2026-04-18,阪神,11,3,16,0.1333,2,差し
モックモック,2026-06-13,阪神,11,3,16,0.1333,3,先行
モックモック,2026-07-12,小倉,11,4,11,0.3,8,先行
モティスフォント,2026-04-19,福島,9,5,16,0.2667,8,差し
モナコブル,2026-08-01,中京,9,3,10,0.2222,4,追込
モノポリオ,2026-01-12,京都,11,4,16,0.2,5,差し
モモンウールー,2026-03-14,中京,11,1,14,0.0,3,差し
モモンウールー,2026-05-10,新潟,10,2,14,0.0769,3,先行
モモンウールー,2026-07-26,新潟,8,1,15,0.0,1,先行
モモンウールー,2026-08-23,新潟,6,4,15,0.2143,13,先行
モリガン,2026-08-22,新潟,12,11,15,0.7143,14,追込
モリノアミーゴ,2026-03-29,中京,12,7,16,0.4,7,差し
モリノアミーゴ,2026-05-16,東京,10,6,12,0.4545,6,差し
モリノアミーゴ,2026-07-18,福島,10,3,15,0.1429,1,差し
モリノセピア,2026-01-04,中山,12,7,16,0.4,10,
モリノセピア,2026-03-15,中京,9,3,15,0.1429,4,差し
モリノセピア,2026-04-12,福島,10,4,16,0.2,3,先行
モリノセピア,2026-06-27,福島,9,4,16,0.2,3,差し
モリノセピア,2026-07-26,新潟,6,1,11,0.0,7,差し
モリノドリーム,2026-01-17,中山,11,5,16,0.2667,4,差し
モリノドリーム,2026-05-16,京都,11,4,16,0.2,8,差し
モリノドリーム,2026-06-27,函館,11,9,14,0.6154,14,
モリノレッドスター,2026-01-11,中山,12,6,16,0.3333,6,先行
モリノレッドスター,2026-03-14,中山,12,1,16,0.0,2,先行
モリノレッドスター,2026-04-11,中山,12,4,16,0.2,9,先行
モルゲンゾンネ,2026-08-23,新潟,10,1,12,0.0,12,
モルティフレーバー,2026-02-08,小倉,12,3,18,0.1176,15,
モルティフレーバー,2026-04-11,福島,12,7,16,0.4,4,
モルティフレーバー,2026-07-12,小倉,12,8,17,0.4375,3,
モルティフレーバー,2026-08-09,中京,11,5,17,0.25,3,
モルトマエストーソ,2026-07-11,福島,9,9,15,0.5714,14,
モルニケ,2026-01-11,中山,11,3,16,0.1333,6,差し
モルニケ,2026-02-14,東京,11,6,16,0.3333,5,差し
モルビド,2026-06-21,函館,9,6,12,0.4545,3,
モルビド,2026-07-11,函館,9,6,10,0.5556,6,追込
モルビド,2026-08-30,札幌,12,4,14,0.2308,10,差し
モレポブラーノ,2026-04-18,福島,11,8,15,0.5,14,
モレポブラーノ,2026-07-04,函館,10,4,14,0.2308,13,
モレポブラーノ,2026-07-11,函館,10,7,14,0.4615,14,
モンサンゴールデン,2026-06-20,函館,11,4,16,0.2,12,差し
モンサンゴールデン,2026-08-15,中京,6,4,11,0.3,5,差し
モンシェリ,2026-06-21,東京,9,5,16,0.2667,15,
モンシュマン,2026-03-01,中山,10,7,15,0.4286,5,差し
モンシュマン,2026-04-26,東京,9,4,16,0.2,4,差し
モンシュマン,2026-06-21,東京,10,4,16,0.2,6,差し
モンシュマン,2026-08-22,中京,7,2,16,0.0667,13,差し
モンシーク,2026-08-02,中京,12,2,17,0.0625,2,
モンスエ,2026-07-26,中京,10,4,16,0.2,6,先行
モンタルチーノ,2026-04-25,京都,9,3,16,0.1333,4,先行
モンツァフレイバー,2026-07-25,新潟,9,1,9,0.0,1,
モンテシート,2026-02-01,東京,10,3,15,0.1429,8,
モンテシート,2026-04-26,東京,9,2,16,0.0667,7,先行
モンテシート,2026-07-25,新潟,7,6,17,0.3125,7,
モンテディアーナ,2026-02-15,京都,12,2,16,0.0667,13,
モンテディアーナ,2026-08-15,中京,6,3,11,0.2,11,
モンテディアーナ,2026-08-29,中京,8,8,14,0.5385,14,
モントーヤ,2026-08-02,新潟,12,6,17,0.3125,9,差し
モンドデラモーレ,2026-02-15,東京,9,4,16,0.2,6,先行
モンドデラモーレ,2026-04-26,東京,9,4,16,0.2,2,先行
モンドデラモーレ,2026-06-21,東京,10,5,16,0.2667,4,差し
モンドデラモーレ,2026-08-30,札幌,11,4,14,0.2308,2,先行
モンドプリューム,2026-01-18,中山,10,7,16,0.4,1,先行
モンドプリューム,2026-04-19,中山,10,5,15,0.2857,7,差し
モンドプリューム,2026-06-20,阪神,11,4,15,0.2143,14,差し
モンドプリューム,2026-07-26,中京,7,5,14,0.3077,11,差し
モンビスキュイ,2026-08-22,札幌,9,5,14,0.3077,10,差し
モンブランミノル,2026-07-12,小倉,11,2,11,0.1,9,先行
モンローウォーク,2026-06-14,函館,9,2,10,0.1111,1,逃げ
モンローウォーク,2026-07-19,函館,9,2,13,0.0833,1,
モーゲンセン,2026-07-05,福島,12,1,15,0.0,1,差し
モーデン,2026-03-21,阪神,10,8,16,0.4667,6,差し
モーデン,2026-05-24,東京,10,8,14,0.5385,13,差し
モーデン,2026-07-11,福島,10,4,9,0.375,2,差し
モートンアイランド,2026-02-14,東京,11,7,16,0.4,6,差し
モートンアイランド,2026-05-02,東京,10,7,11,0.6,2,差し
モートンアイランド,2026-08-09,新潟,10,3,7,0.3333,1,差し
モーニングマジック,2026-02-15,東京,12,4,16,0.2,2,
モーニングマジック,2026-03-15,阪神,12,2,13,0.0833,2,
モーニングマジック,2026-05-09,東京,12,2,16,0.0667,1,
モーニングマジック,2026-06-06,東京,11,4,15,0.2143,5,
モーブプリエール,2026-08-15,新潟,12,2,18,0.0588,16,先行
モーメントキャッチ,2026-03-28,中京,9,1,9,0.0,5,差し
モーリア,2026-08-22,新潟,12,11,15,0.7143,8,先行
ヤウガウ,2026-02-21,阪神,12,5,14,0.3077,10,
ヤエギリ,2026-05-02,京都,12,2,10,0.1111,2,
ヤコブセン,2026-04-25,東京,9,2,9,0.125,8,
ヤコブセン,2026-06-13,函館,10,5,16,0.2667,12,
ヤコブセン,2026-07-19,函館,10,7,14,0.4615,8,
ヤコブセン,2026-08-29,札幌,12,5,12,0.3636,10,
ヤブサメ,2026-01-11,京都,11,6,16,0.3333,1,差し
ヤブサメ,2026-02-01,京都,11,5,18,0.2353,5,
ヤブサメ,2026-05-02,東京,11,9,18,0.4706,10,差し
ヤブサメ,2026-05-31,京都,10,9,17,0.5,8,差し
ヤブサメ,2026-08-22,新潟,7,9,18,0.4706,12,差し
ヤマカツレオン,2026-03-29,阪神,9,7,15,0.4286,5,
ヤマカツレオン,2026-04-12,福島,12,2,15,0.0714,7,差し
ヤマカツレオン,2026-05-24,新潟,12,7,14,0.4615,10,先行
ヤマカンドリーミン,2026-08-02,新潟,12,5,17,0.25,10,差し
ヤマタケボニータ,2026-08-16,新潟,12,3,15,0.1429,7,差し
ヤマニンアストロン,2026-02-21,阪神,10,5,16,0.2667,3,差し
ヤマニンアストロン,2026-03-21,中京,10,8,16,0.4667,11,差し
ヤマニンアストロン,2026-05-03,京都,12,6,16,0.3333,3,差し
ヤマニンアストロン,2026-08-01,中京,6,12,16,0.7333,4,差し
ヤマニンアドホック,2026-01-24,中山,9,3,9,0.25,2,先行
ヤマニンアドホック,2026-04-05,中山,11,4,16,0.2,3,
ヤマニンアルリフラ,2026-02-01,京都,11,4,18,0.1765,3,
ヤマニンアルリフラ,2026-03-29,中京,11,10,18,0.5294,14,
ヤマニンアルリフラ,2026-07-05,小倉,11,7,13,0.5,9,
ヤマニンアルリフラ,2026-08-16,新潟,7,7,15,0.4286,9,
ヤマニンアレシス,2026-08-01,新潟,12,7,17,0.375,6,差し
ヤマニンウルス,2026-04-04,阪神,10,1,16,0.0,12,
ヤマニンエンディマ,2026-01-17,中山,10,3,16,0.1333,11,
ヤマニンエンディマ,2026-03-08,中山,9,2,16,0.0667,11,先行
ヤマニンエンディマ,2026-05-02,東京,9,3,16,0.1333,11,
ヤマニンガラッシア,2026-06-07,阪神,10,2,9,0.125,4,
ヤマニンガラッシア,2026-07-19,福島,10,2,12,0.0909,9,
ヤマニンコルザ,2026-08-08,中京,10,2,16,0.0667,4,差し
ヤマニンコルザ,2026-08-23,中京,12,4,16,0.2,7,差し
ヤマニンサルバム,2026-02-10,東京,11,3,16,0.1333,16,先行
ヤマニンサンパ,2026-01-04,京都,11,11,18,0.5882,15,
ヤマニンサンパ,2026-03-08,阪神,11,6,12,0.4545,4,
ヤマニンサンパ,2026-06-13,東京,11,8,13,0.5833,7,
ヤマニンサンパ,2026-08-08,新潟,7,7,16,0.4,13,
ヤマニンシュラ,2026-03-07,阪神,10,3,15,0.1429,14,先行
ヤマニンジェンナ,2026-08-01,新潟,11,12,18,0.6471,18,追込
ヤマニンバロネス,2026-01-18,京都,9,5,16,0.2667,3,先行
ヤマニンバロネス,2026-02-22,東京,12,7,16,0.4,14,差し
ヤマニンバロネス,2026-03-15,阪神,12,4,13,0.25,8,差し
ヤマニンバロネス,2026-07-25,中京,6,10,16,0.6,12,差し
ヤマニンフェイエル,2026-08-09,中京,11,3,17,0.125,10,
ヤマニンブークリエ,2026-01-18,京都,11,3,13,0.1667,7,先行
ヤマニンブークリエ,2026-05-16,新潟,11,3,15,0.1429,5,先行
ヤマニンブークリエ,2026-07-12,福島,11,4,16,0.2,6,先行
ヤマニンヘルシェ,2026-04-04,中山,9,6,12,0.4545,6,先行
ヤマニンリンキング,2026-08-08,新潟,12,6,15,0.3571,4,
ヤマニンリンキング,2026-08-29,新潟,11,2,18,0.0588,2,差し
ヤマニンループ,2026-02-28,小倉,11,6,15,0.3571,7,差し
ヤマニンループ,2026-04-19,阪神,9,5,10,0.4444,4,追込
ヤマニンループ,2026-07-19,小倉,9,5,8,0.5714,4,追込
ヤマニンループ,2026-08-09,中京,6,4,7,0.5,6,追込
ヤマニンループ,2026-08-30,中京,8,4,15,0.2143,3,差し
ヤマニンレセディ,2026-02-08,小倉,12,4,18,0.1765,1,差し
ヤマニンレセディ,2026-06-14,阪神,9,3,14,0.1538,10,先行
ヤマニンレセディ,2026-06-27,小倉,10,5,13,0.3333,10,先行
ヤマメキング,2026-01-11,中山,12,5,16,0.2667,12,差し
ヤマメキング,2026-05-10,京都,12,7,14,0.4615,13,差し
ヤマメキング,2026-05-24,東京,9,4,12,0.2727,10,先行
ヤマメホープ,2026-08-02,新潟,11,1,14,0.0,2,差し
ヤンキーバローズ,2026-01-04,京都,11,7,18,0.3529,6,差し
ヤンキーバローズ,2026-02-21,阪神,11,8,18,0.4118,7,差し
ヤングアメリカンズ,2026-03-14,阪神,12,3,8,0.2857,3,先行
ヤングアメリカンズ,2026-06-20,東京,12,4,16,0.2,5,差し
ユアフェリシティ,2026-02-22,東京,9,5,10,0.4444,5,先行
ユアフェリシティ,2026-05-02,新潟,9,2,15,0.0714,3,先行
ユイノコキュウ,2026-01-24,小倉,12,3,15,0.1429,14,
ユイノジカンカセギ,2026-07-18,小倉,9,9,18,0.4706,5,差し
ユイノマチブセ,2026-05-10,新潟,10,4,14,0.2308,12,逃げ
ユイノマチブセ,2026-07-04,福島,10,1,10,0.0,2,
ユイノマチブセ,2026-08-02,新潟,6,3,15,0.1429,12,先行
ユウェンタース,2026-01-10,京都,9,3,8,0.2857,4,差し
ユウェンタース,2026-01-31,小倉,10,4,16,0.2,6,差し
ユウェンタース,2026-04-19,阪神,12,3,10,0.2222,6,差し
ユウェンタース,2026-07-05,小倉,10,6,16,0.3333,9,差し
ユウェンタース,2026-08-23,札幌,10,6,14,0.3846,6,差し
ユウトザイシン,2026-08-23,中京,12,7,16,0.4,2,差し
ユウトザユウト,2026-02-28,中山,12,2,16,0.0667,12,
ユウトザユウト,2026-03-28,阪神,12,3,14,0.1538,2,先行
ユウトザユウト,2026-07-26,中京,8,3,12,0.1818,12,先行
ユウトザユウト,2026-08-08,中京,7,2,8,0.1429,2,先行
ユウトザレン,2026-01-31,京都,9,3,13,0.1667,4,先行
ユウトザレン,2026-04-18,阪神,9,7,14,0.4615,8,先行
ユウトザレン,2026-05-10,京都,12,3,14,0.1538,4,先行
ユウトザレン,2026-05-23,京都,12,5,14,0.3077,6,先行
ユウファラオ,2026-01-31,東京,10,2,15,0.0714,12,先行
ユウファラオ,2026-02-22,東京,9,6,10,0.5556,8,先行
ユウファラオ,2026-04-04,阪神,11,1,14,0.0,2,先行
ユウファラオ,2026-05-10,東京,11,1,18,0.0,17,
ユウファラオ,2026-08-29,中京,7,1,15,0.0,10,
ユキノエミリオ,2026-01-17,京都,12,6,18,0.2941,18,差し
ユキノエミリオ,2026-02-28,阪神,12,11,18,0.5882,15,差し
ユキノエミリオ,2026-06-06,東京,10,3,17,0.125,3,
ユキノエミリオ,2026-06-20,東京,10,6,14,0.3846,14,
ユキノエミリオ,2026-08-23,新潟,8,6,12,0.4545,9,
ユキノファラオ,2026-02-15,小倉,11,9,18,0.4706,15,差し
ユキノファラオ,2026-04-26,福島,11,9,16,0.5333,16,追込
ユキノロイヤル,2026-01-18,中山,9,6,15,0.3571,12,先行
ユキノロイヤル,2026-03-14,中山,10,2,16,0.0667,11,先行
ユキノロイヤル,2026-08-23,新潟,6,1,15,0.0,5,先行
ユキマル,2026-01-17,中山,11,5,16,0.2667,9,追込
ユキマル,2026-03-22,中山,11,3,16,0.1333,3,先行
ユキマル,2026-05-03,新潟,11,4,15,0.2143,2,先行
ユキマル,2026-07-19,福島,11,4,16,0.2,5,先行
ユキワリザクラ,2026-02-22,東京,10,6,14,0.3846,6,差し
ユキワリザクラ,2026-05-03,東京,9,8,18,0.4118,2,差し
ユハンヌス,2026-02-01,東京,10,5,15,0.2857,10,差し
ユハンヌス,2026-02-22,阪神,10,3,8,0.2857,3,差し
ユハンヌス,2026-03-08,阪神,10,6,14,0.3846,11,差し
ユハンヌス,2026-05-24,東京,10,8,14,0.5385,11,差し
ユハンヌス,2026-06-21,東京,10,6,16,0.3333,11,差し
ユハンヌス,2026-08-29,中京,7,7,15,0.4286,8,差し
ユメシバイ,2026-03-14,中京,12,7,18,0.3529,5,差し
ユメシバイ,2026-07-04,小倉,12,4,12,0.2727,1,追込
ユメシバイ,2026-07-11,小倉,10,9,18,0.4706,18,追込
ユメシルベ,2026-03-29,中山,9,2,7,0.1667,5,差し
ユメシルベ,2026-07-12,福島,9,4,14,0.2308,11,差し
ユメシルベ,2026-08-02,新潟,8,3,14,0.1538,12,差し
ユメシルベ,2026-08-23,札幌,9,3,13,0.1667,11,差し
ユメハハテシナク,2026-04-25,京都,12,5,11,0.4,6,差し
ユメハハテシナク,2026-05-09,京都,9,4,11,0.3,8,
ユメハハテシナク,2026-06-07,阪神,10,2,9,0.125,3,差し
ユメハハテシナク,2026-07-19,小倉,9,2,8,0.1429,6,先行
ユーウェイン,2026-05-17,新潟,12,5,11,0.4,9,先行
ユーウェイン,2026-06-06,東京,12,5,16,0.2667,13,差し
ユーゲットミー,2026-08-16,新潟,10,2,15,0.0714,11,先行
ユージュアーナ,2026-06-28,函館,10,1,11,0.0,3,
ユージュアーナ,2026-08-01,札幌,12,5,8,0.5714,8,
ユーティジャーニー,2026-03-07,中山,12,6,16,0.3333,4,差し
ユーティジャーニー,2026-08-01,札幌,10,2,13,0.0833,8,差し
ユーティジャーニー,2026-08-16,札幌,9,7,16,0.4,6,先行
ユーディキウム,2026-05-16,新潟,9,7,16,0.4,4,先行
ユーベルジーク,2026-07-05,函館,12,3,10,0.2222,6,差し
ユーヴェリア,2026-06-06,阪神,12,1,16,0.0,11,先行
ヨウシタンレイ,2026-02-28,阪神,12,4,18,0.1765,2,差し
ヨウシタンレイ,2026-03-28,阪神,10,7,11,0.6,1,差し
ヨウシタンレイ,2026-04-26,東京,9,8,16,0.4667,9,差し
ヨウシタンレイ,2026-05-31,京都,12,8,18,0.4118,5,差し
ヨカオウ,2026-04-04,中山,9,3,12,0.1818,7,逃げ
ヨカオウ,2026-04-25,東京,11,1,18,0.0,15,
ヨカオウ,2026-05-16,京都,9,3,10,0.2222,4,
ヨカオウ,2026-07-18,小倉,12,4,14,0.2308,4,差し
ヨカオウ,2026-08-15,中京,9,2,16,0.0667,1,先行
ヨサリ,2026-05-10,京都,10,6,11,0.5,9,先行
ヨシノイースター,2026-02-28,中山,11,5,16,0.2667,5,先行
ヨシノイースター,2026-03-29,中京,11,3,18,0.1176,12,差し
ヨシノイースター,2026-05-31,京都,10,5,17,0.25,4,差し
ヨシノイースター,2026-07-05,小倉,11,3,13,0.1667,3,差し
ヨシノサンキュー,2026-08-16,中京,9,9,18,0.4706,18,
ヨシノヤッタルデー,2026-02-10,京都,12,7,15,0.4286,13,差し
ヨシノヤッタルデー,2026-04-11,阪神,12,7,16,0.4,11,
ヨシノヤッタルデー,2026-08-09,中京,9,7,13,0.5,7,差し
ヨシヒロ,2026-07-05,福島,10,9,12,0.7273,12,差し
ヨシヒロ,2026-07-19,福島,10,7,12,0.5455,11,
ヨシヒロ,2026-08-08,札幌,10,5,8,0.5714,6,
ヨドノゴールド,2026-04-26,福島,12,3,16,0.1333,11,先行
ヨドノタイヨウ,2026-08-15,新潟,8,1,15,0.0,3,先行
ヨドノタイヨウ,2026-08-29,新潟,6,1,15,0.0,2,先行
ヨドノティアラ,2026-07-05,福島,12,8,15,0.5,8,
ヨヒーン,2026-06-27,函館,10,4,11,0.3,1,
ヨリノレジェンド,2026-03-22,阪神,12,5,13,0.3333,4,
ヨリノレジェンド,2026-04-18,阪神,9,6,14,0.3846,2,先行
ヨリノレジェンド,2026-05-23,京都,12,6,14,0.3846,1,差し
ヨリノレジェンド,2026-08-22,中京,7,6,16,0.3333,5,差し
ヨーホーレイク,2026-02-15,京都,11,7,12,0.5455,7,差し
ヨーホーレイク,2026-04-05,阪神,11,6,15,0.3571,7,差し
ライクアフラワー,2026-01-05,中山,11,9,14,0.6154,8,差し
ライクアフラワー,2026-05-23,新潟,11,4,16,0.2,14,差し
ライクアフラワー,2026-07-05,福島,9,6,16,0.3333,9,差し
ライクアフラワー,2026-07-11,小倉,10,8,18,0.4118,6,差し
ライジン,2026-03-07,阪神,10,5,15,0.2857,7,差し
ライジン,2026-04-19,阪神,10,5,13,0.3333,4,差し
ライジン,2026-06-14,阪神,12,6,15,0.3571,9,
ライジングハース,2026-05-23,新潟,10,4,15,0.2143,14,差し
ライジンマル,2026-01-05,中山,9,6,12,0.4545,7,
ライジンマル,2026-02-28,中山,12,1,16,0.0,6,
ライジンマル,2026-04-04,中山,10,1,15,0.0,6,
ライジンマル,2026-06-07,東京,10,4,16,0.2,5,
ライジンマル,2026-06-21,東京,9,6,16,0.3333,10,先行
ライジンマル,2026-07-18,福島,10,6,15,0.3571,6,逃げ
ライツフォル,2026-01-10,京都,11,3,16,0.1333,12,先行
ライツユーアップ,2026-04-11,福島,12,3,16,0.1333,1,先行
ライツユーアップ,2026-06-14,函館,11,6,16,0.3333,13,先行
ライツユーアップ,2026-06-28,函館,12,6,14,0.3846,9,差し
ライツユーアップ,2026-07-11,函館,10,3,14,0.1538,4,差し
ライツユーアップ,2026-08-02,札幌,12,5,14,0.3077,11,差し
ライトオブヌカタ,2026-03-15,中京,10,6,12,0.4545,10,先行
ライトオブヌカタ,2026-06-21,東京,9,2,16,0.0667,8,先行
ライトトラック,2026-02-01,京都,10,5,8,0.5714,7,差し
ライトトラック,2026-02-22,東京,10,3,14,0.1538,9,差し
ライトニングゼウス,2026-03-22,中山,9,2,16,0.0667,2,先行
ライトニングゼウス,2026-04-18,中山,12,2,13,0.0833,2,先行
ライトニングゼウス,2026-05-16,京都,12,5,15,0.2857,1,先行
ライトニングゼウス,2026-08-15,新潟,7,9,15,0.5714,11,先行
ライネリーベ,2026-03-07,中山,12,3,16,0.1333,5,先行
ライネリーベ,2026-08-29,新潟,10,4,18,0.1765,1,先行
ライノ,2026-04-26,京都,12,3,14,0.1538,4,
ライノ,2026-08-22,中京,6,2,14,0.0769,1,
ライヒスアドラー,2026-03-08,中山,11,3,10,0.2222,2,
ライヒスアドラー,2026-04-19,中山,11,4,18,0.1765,3,先行
ライヒスアドラー,2026-05-31,東京,11,4,18,0.1765,8,差し
ライヒスアドラー,2026-08-09,新潟,6,5,13,0.3333,1,差し
ライフイズ,2026-06-14,函館,12,1,10,0.0,8,先行
ライフゲート,2026-02-08,小倉,10,3,15,0.1429,4,先行
ライフゲート,2026-02-22,小倉,10,2,16,0.0667,5,差し
ライフゲート,2026-04-18,福島,11,5,15,0.2857,4,差し
ライフゲート,2026-05-02,東京,12,3,14,0.1538,3,
ライフゲート,2026-06-21,函館,10,1,9,0.0,2,
ライフゲート,2026-07-04,函館,10,6,14,0.3846,9,
ライフゲート,2026-07-25,札幌,12,2,11,0.1,2,
ライフセービング,2026-01-12,京都,9,5,12,0.3636,9,差し
ライフセービング,2026-03-07,阪神,9,5,9,0.5,7,差し
ライフセービング,2026-03-21,阪神,9,3,8,0.2857,5,差し
ライフセービング,2026-07-05,函館,10,5,11,0.4,7,差し
ライフセービング,2026-07-25,札幌,10,4,11,0.3,3,差し
ライフセービング,2026-08-16,札幌,12,7,14,0.4615,10,差し
ライラ,2026-03-28,中京,12,1,16,0.0,2,
ライラ,2026-04-18,阪神,10,1,9,0.0,3,
ライラック,2026-01-18,京都,11,9,13,0.6667,12,差し
ライラックデューン,2026-06-28,小倉,12,7,16,0.4,7,差し
ラインオブソウル,2026-01-11,中山,10,8,16,0.4667,15,差し
ラインオブソウル,2026-06-13,阪神,11,4,16,0.2,13,差し
ラインオブソウル,2026-08-23,中京,7,6,16,0.3333,14,差し
ラインジーク,2026-06-13,東京,12,6,16,0.3333,1,先行
ラインジーク,2026-08-16,中京,8,7,16,0.4,12,差し
ラインベック,2026-04-12,福島,11,4,15,0.2143,8,先行
ラインベック,2026-05-16,新潟,11,1,15,0.0,12,差し
ラインベック,2026-08-08,新潟,7,2,16,0.0667,8,先行
ライヴスプーン,2026-07-25,新潟,8,1,13,0.0,3,逃げ
ライヴスプーン,2026-08-08,新潟,9,4,15,0.2143,13,
ライヴドライバー,2026-04-19,福島,12,3,15,0.1429,15,差し
ライヴマティーニ,2026-08-22,新潟,12,4,15,0.2143,4,差し
ライヴマティーニ,2026-08-29,新潟,12,1,15,0.0,3,差し
ライヴレッドアイ,2026-06-13,東京,12,1,16,0.0,5,逃げ
ライーリーアース,2026-08-22,札幌,9,4,14,0.2308,13,先行
ラウニウ,2026-07-26,札幌,9,3,8,0.2857,8,先行
ラウルベア,2026-01-10,京都,12,8,18,0.4118,8,差し
ラウルベア,2026-07-25,中京,9,8,16,0.4667,15,差し
ラオラシオン,2026-05-30,京都,10,3,16,0.1333,10,
ラガークイン,2026-02-21,阪神,9,9,18,0.4706,8,差し
ラガークイン,2026-04-25,京都,9,4,16,0.2,7,先行
ラガークイン,2026-07-26,中京,11,8,16,0.4667,15,差し
ラクシオンデクラ,2026-08-08,新潟,12,7,15,0.4286,15,
ラグアイリータ,2026-08-15,新潟,12,2,18,0.0588,3,先行
ラグナトーレ,2026-08-29,中京,9,3,9,0.25,3,追込
ラケマーダ,2026-01-04,京都,11,6,18,0.2941,8,差し
ラケマーダ,2026-02-14,京都,11,6,14,0.3846,9,差し
ラケマーダ,2026-02-22,小倉,11,5,16,0.2667,10,差し
ラケマーダ,2026-05-02,東京,11,4,18,0.1765,4,差し
ラケマーダ,2026-06-14,東京,11,4,13,0.25,8,差し
ラケマーダ,2026-09-05,中山,11,10,16,0.6,14,先行
ラコンチャビエン,2026-03-21,中山,11,5,16,0.2667,15,先行
ラコンチャビエン,2026-07-25,札幌,9,3,10,0.2222,10,差し
ラショナルポイント,2026-08-16,新潟,10,1,15,0.0,2,先行
ラスカンブレス,2026-05-10,東京,10,5,12,0.3636,7,差し
ラスカンブレス,2026-07-26,札幌,11,3,13,0.1667,4,追込
ラスターヴァース,2026-08-01,新潟,11,4,18,0.1765,9,差し
ラスティングスノー,2026-03-07,阪神,11,2,18,0.0588,17,逃げ
ラスティングスノー,2026-06-06,東京,10,2,17,0.0625,17,逃げ
ラスティングスノー,2026-07-05,函館,9,6,16,0.3333,11,逃げ
ラスティングスノー,2026-07-11,函館,10,5,14,0.3077,10,逃げ
ラストシャリナ,2026-01-11,中山,12,4,16,0.2,9,先行
ラストシャリナ,2026-03-01,中山,12,2,16,0.0667,1,先行
ラストシャリナ,2026-03-28,中山,9,6,16,0.3333,4,先行
ラストシャリナ,2026-04-25,東京,10,4,15,0.2143,13,差し
ラストシャリナ,2026-07-04,福島,11,3,10,0.2222,3,差し
ラストスマイル,2026-02-01,東京,9,2,12,0.0909,1,先行
ラストスマイル,2026-03-15,中山,11,3,16,0.1333,6,
ラストスマイル,2026-04-25,東京,11,3,18,0.1176,11,
ラストレガシー,2026-06-27,福島,10,5,11,0.4,4,
ラストレガシー,2026-08-16,新潟,8,7,13,0.5,4,
ラスベガスサイン,2026-02-08,小倉,9,1,15,0.0,11,
ラスベガスサイン,2026-08-16,札幌,9,7,16,0.4,13,逃げ
ラセーヌシュメール,2026-01-17,中山,12,6,16,0.3333,15,差し
ラタフォレスト,2026-02-01,小倉,11,3,15,0.1429,9,差し
ラタフォレスト,2026-04-11,福島,11,3,15,0.1429,1,差し
ラタフォレスト,2026-07-18,函館,11,6,13,0.4167,8,先行
ラッキーキッド,2026-02-22,東京,9,3,10,0.2222,1,差し
ラッキーキッド,2026-03-28,中山,10,4,10,0.3333,9,差し
ラッキーキッド,2026-06-13,東京,10,6,16,0.3333,6,差し
ラッキーダンス,2026-04-25,福島,12,9,16,0.5333,11,先行
ラッキーバック,2026-08-23,中京,8,3,16,0.1333,7,
ラッキーベイ,2026-03-14,阪神,12,2,8,0.1429,5,差し
ラッキーベイ,2026-04-12,福島,12,5,15,0.2857,14,差し
ラッキーヤース,2026-04-12,福島,12,6,15,0.3571,4,差し
ラッキーヤース,2026-06-20,函館,12,6,11,0.5,6,差し
ラッキーラグーン,2026-08-23,中京,12,10,16,0.6,14,
ラテライト,2026-08-22,中京,10,5,12,0.3636,7,追込
ラテライト,2026-08-29,中京,9,2,9,0.125,4,追込
ラテラルシンキング,2026-02-01,東京,10,4,15,0.2143,12,差し
ラディアントスター,2026-01-24,京都,9,5,13,0.3333,4,差し
ラディアントスター,2026-05-09,京都,11,3,16,0.1333,3,差し
ラトラース,2026-02-22,小倉,9,2,12,0.0909,6,先行
ラトラース,2026-04-11,福島,9,4,16,0.2,13,先行
ラトラース,2026-05-16,新潟,12,2,16,0.0667,7,先行
ラトラース,2026-07-26,中京,10,6,16,0.3333,16,
ラトルシェ,2026-04-11,福島,10,5,16,0.2667,15,差し
ラトルシェ,2026-05-23,新潟,11,5,16,0.2667,13,差し
ラパンチュール,2026-06-20,函館,11,5,16,0.2667,5,差し
ラパンチュール,2026-07-05,福島,9,5,16,0.2667,5,差し
ラパンチュール,2026-08-23,新潟,8,3,12,0.1818,2,差し
ラビットアイ,2026-04-19,阪神,9,5,10,0.4444,8,差し
ラビットアイ,2026-05-16,東京,9,3,9,0.25,4,差し
ラビットアイ,2026-07-25,新潟,6,7,15,0.4286,12,差し
ラビリンスティアラ,2026-08-29,札幌,10,3,12,0.1818,5,先行
ラピダリア,2026-04-26,東京,12,7,16,0.4,12,追込
ラピダリア,2026-05-10,京都,12,10,14,0.6923,8,差し
ラピダリア,2026-08-16,中京,8,9,16,0.5333,10,差し
ラピッドテソーロ,2026-08-08,新潟,8,3,9,0.25,6,逃げ
ラファミリア,2026-03-28,中京,9,2,9,0.125,8,
ラファル,2026-02-21,阪神,10,4,16,0.2,8,差し
ラファル,2026-03-07,阪神,10,4,15,0.2143,2,差し
ラファル,2026-03-28,中山,9,7,16,0.4,2,差し
ラファル,2026-05-17,東京,12,5,16,0.2667,1,差し
ラファル,2026-06-20,阪神,11,5,15,0.2857,3,差し
ラファヴォリット,2026-01-12,中山,12,9,18,0.4706,11,
ラファールドール,2026-04-12,中山,9,6,12,0.4545,8,差し
ラファールドール,2026-05-30,東京,12,4,16,0.2,12,
ラフエイジアン,2026-03-07,中山,10,6,13,0.4167,5,差し
ラフエイジアン,2026-04-18,中山,10,7,13,0.5,6,差し
ラフエイジアン,2026-06-28,福島,10,7,11,0.6,9,追込
ラフエイジアン,2026-08-01,新潟,7,5,15,0.2857,4,差し
ラフターラインズ,2026-02-10,京都,11,5,9,0.5,3,差し
ラフターラインズ,2026-04-26,東京,11,4,13,0.25,1,差し
ラフターラインズ,2026-05-24,東京,11,7,18,0.3529,3,差し
ラフレードピエル,2026-01-10,中山,9,4,10,0.3333,8,先行
ラブアイミー,2026-04-18,福島,12,5,16,0.2667,9,差し
ラブアイミー,2026-05-10,新潟,12,4,13,0.25,12,差し
ラブアイミー,2026-07-04,小倉,9,4,12,0.2727,4,先行
ラブインアクション,2026-07-26,中京,10,1,16,0.0,3,
ラブカ,2026-02-28,小倉,9,2,16,0.0667,12,差し
ラブカ,2026-05-10,新潟,9,5,14,0.3077,9,先行
ラブカムーン,2026-04-18,福島,12,9,16,0.5333,15,差し
ラブカムーン,2026-07-04,小倉,12,7,12,0.5455,8,差し
ラブカムーン,2026-07-12,小倉,12,7,17,0.375,8,差し
ラブソング,2026-08-01,新潟,12,3,17,0.125,12,差し
ラブディーヴァ,2026-04-18,中山,9,4,12,0.2727,10,差し
ラブディーヴァ,2026-05-23,東京,10,7,16,0.4,16,差し
ラブマイティー,2026-07-18,小倉,9,12,18,0.6471,17,追込
ラブミーナッソー,2026-08-15,中京,10,7,16,0.4,15,先行
ラブリーガール,2026-04-19,福島,9,7,16,0.4,9,先行
ラブリージャブリー,2026-04-19,中山,9,2,12,0.0909,1,差し
ラブリージャブリー,2026-05-23,京都,10,3,16,0.1333,16,差し
ラブリーリディア,2026-05-02,新潟,10,7,15,0.4286,14,差し
ラブリーリディア,2026-06-13,函館,10,7,16,0.4,9,差し
ラブリーリディア,2026-06-27,函館,10,5,11,0.4,2,追込
ラブリーリディア,2026-07-12,函館,9,7,14,0.4615,11,追込
ラプランセス,2026-08-09,札幌,9,8,16,0.4667,4,逃げ
ラベルセーヌ,2026-04-26,東京,11,4,13,0.25,5,差し
ラベルセーヌ,2026-08-08,新潟,6,4,10,0.3333,1,差し
ラベンダーヘイズ,2026-08-30,新潟,12,3,15,0.1429,3,先行
ラホーヤストーム,2026-02-14,小倉,10,6,14,0.3846,14,
ラマヌジャン,2026-03-29,阪神,9,8,15,0.5,9,
ラマンシュ,2026-01-24,小倉,12,4,15,0.2143,1,
ラマンシュ,2026-04-18,福島,11,7,15,0.4286,5,差し
ラマンシュ,2026-06-21,函館,10,6,9,0.625,8,差し
ラマンシュ,2026-08-22,中京,6,6,14,0.3846,10,差し
ラミアスペランツァ,2026-08-30,中京,9,2,15,0.0714,7,先行
ラミアメンテ,2026-07-18,函館,12,5,12,0.3636,1,先行
ラミエルノムスコ,2026-07-25,中京,12,3,16,0.1333,7,差し
ラミエルノムスコ,2026-08-23,中京,10,3,14,0.1538,2,差し
ラムジェット,2026-02-22,東京,11,8,16,0.4667,8,
ララアヴリル,2026-01-31,小倉,9,2,14,0.0769,3,
ララアヴリル,2026-02-14,小倉,10,1,14,0.0,4,
ララアヴリル,2026-08-02,札幌,9,3,12,0.1818,9,
ララエキリーブル,2026-03-01,小倉,12,10,16,0.6,6,差し
ララオウ,2026-05-02,京都,9,4,9,0.375,9,差し
ララディアーブル,2026-01-12,京都,12,7,18,0.3529,4,追込
ララディアーブル,2026-07-25,中京,12,6,16,0.3333,3,追込
ララディアーブル,2026-08-22,中京,11,8,16,0.4667,9,差し
ララバッカナール,2026-05-24,京都,12,1,16,0.0,10,先行
ララバッカナール,2026-08-15,中京,10,3,16,0.1333,12,
ララバニュルス,2026-02-21,小倉,12,3,18,0.1176,10,差し
ララバニュルス,2026-04-19,福島,9,3,16,0.1333,2,差し
ララバニュルス,2026-06-27,函館,9,1,9,0.0,2,差し
ララバニュルス,2026-07-05,函館,12,2,10,0.1111,1,差し
ララバニュルス,2026-08-30,札幌,10,4,16,0.2,4,差し
ララバニュルス,2026-09-05,札幌,10,6,16,0.3333,2,差し
ララファキュルテ,2026-08-01,中京,12,2,11,0.1,3,
ララマセラシオン,2026-01-04,京都,12,4,12,0.2727,1,差し
ララマセラシオン,2026-02-21,阪神,11,6,18,0.2941,2,差し
ララマセラシオン,2026-03-29,中京,11,11,18,0.5882,16,差し
ララマセラシオン,2026-05-02,東京,11,7,18,0.3529,13,差し
ララマセラシオン,2026-08-22,新潟,7,6,18,0.2941,3,差し
ラルルジェンヌ,2026-08-09,新潟,12,2,18,0.0588,7,先行
ランウインディ,2026-02-15,京都,12,4,16,0.2,8,
ランウインディ,2026-03-15,中京,9,2,15,0.0714,1,先行
ランウインディ,2026-08-01,中京,6,8,16,0.4667,9,先行
ランザワールド,2026-03-29,中山,9,1,7,0.0,3,逃げ
ランスオブカオス,2026-01-04,京都,11,7,18,0.3529,5,差し
ランスオブカオス,2026-03-15,中山,10,2,16,0.0667,11,差し
ランスオブカオス,2026-04-26,京都,11,3,18,0.1176,11,
ランスオブカオス,2026-07-26,新潟,7,4,14,0.2308,13,差し
ランスオブセヘル,2026-01-18,京都,9,1,16,0.0,15,
ランスオブセヘル,2026-02-15,京都,12,3,16,0.1333,3,
ランスオブセヘル,2026-05-10,京都,12,1,14,0.0,2,先行
ランスオブセヘル,2026-05-30,京都,12,4,16,0.2,16,先行
ランスオブセヘル,2026-08-22,新潟,8,3,15,0.1429,2,先行
ランスオブヒーロー,2026-06-20,阪神,12,6,18,0.2941,4,
ランスオブプライム,2026-01-05,京都,12,1,15,0.0,12,差し
ランスオブプライム,2026-02-08,小倉,12,8,18,0.4118,16,先行
ランスノーブル,2026-08-08,札幌,9,2,13,0.0833,2,差し
ランスロット,2026-02-01,小倉,12,11,18,0.5882,10,追込
ランスロット,2026-03-07,中山,12,8,16,0.4667,13,追込
ランダムナンバー,2026-09-05,札幌,11,3,9,0.25,4,
ランツフート,2026-06-20,東京,9,2,10,0.1111,4,先行
ランツフート,2026-08-15,新潟,6,4,14,0.2308,11,先行
ランドスター,2026-01-31,東京,10,7,15,0.4286,13,差し
ランドスター,2026-07-05,福島,12,3,15,0.1429,13,差し
ランフォーヴァウ,2026-01-12,中山,11,1,14,0.0,4,
ランフォーヴァウ,2026-03-15,中山,10,5,16,0.2667,6,
ランフォーヴァウ,2026-07-05,小倉,11,5,13,0.3333,8,
ランフォーヴァウ,2026-08-22,新潟,7,4,18,0.1765,16,
ランブルスコ,2026-08-29,新潟,9,2,13,0.0833,4,差し
ランプローグ,2026-03-14,中山,11,6,16,0.3333,8,差し
ランプローグ,2026-07-18,函館,12,2,12,0.0909,7,差し
ラヴァグロウ,2026-03-14,中山,12,8,16,0.4667,15,差し
ラヴァグロウ,2026-04-04,中山,12,10,16,0.6,13,差し
ラヴァグロウ,2026-05-16,京都,12,10,15,0.6429,14,追込
ラヴァブル,2026-01-10,京都,9,5,8,0.5714,3,差し
ラヴァブル,2026-05-09,東京,12,10,16,0.6,14,
ラヴァンダ,2026-02-10,東京,11,5,16,0.2667,2,差し
ラヴァンダ,2026-05-17,東京,11,5,18,0.2353,7,差し
ラヴァンダ,2026-08-16,中京,7,6,16,0.3333,1,差し
ラヴアンドライク,2026-08-08,新潟,9,1,15,0.0,2,
ラヴィサンエール,2026-08-08,新潟,8,3,9,0.25,4,先行
ラヴィニール,2026-05-02,東京,10,1,11,0.0,11,逃げ
ラヴィニール,2026-08-23,新潟,10,3,12,0.1818,8,逃げ
ラヴェニュー,2026-02-15,東京,11,5,9,0.5,4,先行
ラヴェンデル,2026-03-21,阪神,12,3,15,0.1429,14,
ラヴエナストロ,2026-08-22,中京,11,3,16,0.1333,10,差し
ラヴオントップ,2026-01-18,京都,9,7,16,0.4,2,差し
ラヴオントップ,2026-03-15,阪神,12,6,13,0.4167,4,差し
ラヴオントップ,2026-04-04,阪神,12,9,15,0.5714,11,差し
ラヴオントップ,2026-06-07,阪神,9,2,16,0.0667,3,差し
ラヴオントップ,2026-07-26,新潟,6,6,11,0.5,8,差し
ラヴスコール,2026-03-07,中山,12,7,16,0.4,10,差し
ラヴスコール,2026-05-16,新潟,12,3,16,0.1333,6,差し
ラヴスコール,2026-08-22,新潟,10,5,15,0.2857,5,
ラヴネヴァーダイズ,2026-08-09,中京,10,2,16,0.0667,3,先行
ラヴノー,2026-02-14,東京,11,6,16,0.3333,11,
ラヴノー,2026-07-04,福島,12,5,16,0.2667,10,
ラヴノー,2026-08-16,札幌,9,6,16,0.3333,3,差し
ラーグルフ,2026-01-10,京都,11,8,16,0.4667,15,
ラーシャローム,2026-03-07,中山,9,7,13,0.5,4,差し
ラーシャローム,2026-04-19,福島,10,6,13,0.4167,2,差し
ラーシャローム,2026-07-05,函館,10,2,11,0.1,4,差し
ラーシャローム,2026-08-16,札幌,12,4,14,0.2308,3,差し
ラージアンサンブル,2026-01-24,京都,9,6,13,0.4167,6,先行
ラージアンサンブル,2026-04-19,中山,11,4,18,0.1765,8,差し
ラージギャラリー,2026-01-17,京都,12,2,18,0.0588,13,先行
ラージギャラリー,2026-06-20,東京,10,1,14,0.0,1,
ラージギャラリー,2026-08-22,新潟,6,1,18,0.0,13,
ラーテル,2026-03-21,中京,9,6,10,0.5556,10,差し
ラーテル,2026-04-05,中山,12,6,12,0.4545,7,差し
ラーテル,2026-06-07,阪神,10,7,9,0.75,7,差し
ラーテル,2026-06-21,阪神,9,6,7,0.8333,7,
ラードンチェイス,2026-08-22,札幌,9,2,14,0.0769,4,差し
ラーナローザ,2026-01-04,中山,12,6,16,0.3333,6,
ラーナローザ,2026-02-15,京都,12,5,16,0.2667,10,
ラーンザロープス,2026-01-11,京都,10,4,15,0.2143,4,先行
ラーンザロープス,2026-03-28,中京,11,3,16,0.1333,2,
ラーンザロープス,2026-04-19,阪神,11,3,10,0.2222,4,先行
ラーンザロープス,2026-06-21,東京,10,1,16,0.0,1,
リアライズ,2026-01-24,京都,12,2,11,0.1,3,先行
リアライズ,2026-02-28,阪神,12,1,18,0.0,3,先行
リアライズ,2026-04-25,京都,12,3,11,0.2,9,先行
リアライズ,2026-05-17,京都,12,2,12,0.0909,2,
リアライズ,2026-08-29,中京,8,5,14,0.3077,11,先行
リアライズオーラム,2026-06-06,東京,9,1,12,0.0,11,差し
リアライズオーラム,2026-08-29,新潟,6,1,15,0.0,3,
リアライズカミオン,2026-05-02,東京,9,3,16,0.1333,1,
リアライズカミオン,2026-05-23,京都,11,4,16,0.2,12,
リアライズシリウス,2026-02-15,東京,11,2,9,0.125,1,
リアライズシリウス,2026-04-19,中山,11,1,18,0.0,2,
リアライズシリウス,2026-05-31,東京,11,1,18,0.0,7,
リアライズタキオン,2026-08-23,新潟,9,8,15,0.5,10,先行
リアライズブラーヴ,2026-01-12,京都,11,8,16,0.4667,10,先行
リアライズブラーヴ,2026-03-22,中京,9,3,10,0.2222,8,先行
リアライズブラーヴ,2026-07-26,中京,9,4,14,0.2308,8,先行
リアライズブラーヴ,2026-08-23,中京,11,7,17,0.375,8,先行
リアライズリバティ,2026-03-14,中山,11,4,16,0.2,9,先行
リアライズリバティ,2026-07-25,新潟,12,3,17,0.125,6,先行
リアライズルミナス,2026-04-26,東京,11,3,13,0.1667,3,
リアライズルミナス,2026-05-24,東京,11,2,18,0.0588,4,差し
リアライズルミナス,2026-08-01,新潟,8,1,13,0.0,3,
リアルアルバ,2026-06-13,阪神,12,6,14,0.3846,11,先行
リアルアルバ,2026-07-04,小倉,9,4,12,0.2727,10,差し
リアルアルバ,2026-07-12,小倉,12,5,17,0.25,16,差し
リアルクィーン,2026-02-22,東京,12,11,16,0.6667,12,差し
リアルクィーン,2026-03-28,中山,12,5,16,0.2667,10,
リアルスター,2026-05-23,京都,12,5,14,0.3077,14,差し
リアルセンター,2026-04-25,福島,12,4,16,0.2,9,差し
リアルセンター,2026-05-16,新潟,9,7,16,0.4,13,差し
リアルセンター,2026-08-30,中京,10,3,10,0.2222,3,追込
リアルファインド,2026-04-19,福島,10,4,13,0.25,4,先行
リアルファインド,2026-07-05,函館,10,2,11,0.1,6,差し
リアルファインド,2026-08-16,札幌,12,3,14,0.1538,13,先行
リアルフォルゴーレ,2026-01-05,京都,12,7,15,0.4286,10,先行
リアルフォルゴーレ,2026-03-29,阪神,9,3,15,0.1429,3,
リアルペガサス,2026-07-25,中京,10,6,12,0.4545,8,差し
リアルペガサス,2026-08-08,中京,8,4,12,0.2727,12,差し
リアレスト,2026-02-28,阪神,11,6,16,0.3333,9,差し
リアレスト,2026-05-03,東京,10,8,16,0.4667,7,差し
リアレスト,2026-06-20,東京,11,3,15,0.1429,1,
リアンエターナル,2026-02-01,小倉,12,8,18,0.4118,18,先行
リアンクトワ,2026-08-29,中京,9,1,9,0.0,5,差し
リアンドゥクール,2026-08-08,中京,8,1,12,0.0,1,
リアンベーレ,2026-07-05,福島,10,9,12,0.7273,10,差し
リアンマヒナ,2026-05-23,京都,9,5,11,0.4,2,差し
リアンマヒナ,2026-06-20,阪神,12,3,18,0.1176,3,
リアンマヒナ,2026-08-29,中京,11,6,13,0.4167,2,差し
リエーヴェ,2026-07-18,小倉,9,5,18,0.2353,6,先行
リオンプライム,2026-08-29,中京,11,9,13,0.6667,10,差し
リカンカブール,2026-01-04,中山,11,1,14,0.0,6,先行
リカンカブール,2026-02-22,小倉,11,3,16,0.1333,6,
リカンカブール,2026-07-12,福島,11,8,16,0.4667,13,
リカントロポ,2026-02-15,京都,9,4,11,0.3,6,差し
リカントロポ,2026-03-22,阪神,9,5,8,0.5714,4,差し
リカントロポ,2026-04-25,京都,12,4,11,0.3,3,差し
リカントロポ,2026-08-01,新潟,6,7,12,0.5455,3,差し
リカントロポ,2026-08-23,中京,6,5,14,0.3077,11,差し
リカード,2026-07-25,中京,9,4,16,0.2,14,先行
リガーレ,2026-06-20,阪神,12,6,18,0.2941,7,
リギーロ,2026-04-05,中山,9,5,8,0.5714,7,
リギーロ,2026-07-05,函館,10,3,11,0.2,9,差し
リギーロ,2026-07-25,札幌,10,5,11,0.4,8,先行
リクエイ,2026-01-31,小倉,9,5,14,0.3077,7,先行
リクエイ,2026-04-12,福島,10,3,16,0.1333,8,先行
リクエイ,2026-07-04,小倉,10,2,12,0.0909,6,先行
リサシテーション,2026-06-07,阪神,9,4,16,0.2,1,差し
リサシテーション,2026-08-01,中京,6,4,16,0.2,8,差し
リザレクティア,2026-07-25,中京,12,1,16,0.0,14,差し
リザードアイランド,2026-04-04,中山,10,2,15,0.0714,2,先行
リジル,2026-06-07,阪神,11,4,16,0.2,9,先行
リジル,2026-09-05,阪神,11,1,12,0.0,7,先行
リスレジャンデール,2026-02-01,東京,9,6,12,0.4545,7,差し
リスレジャンデール,2026-04-26,東京,11,5,13,0.3333,6,差し
リゾートアイランド,2026-01-04,中山,10,2,8,0.1429,1,先行
リゾートアイランド,2026-04-04,阪神,11,4,14,0.2308,9,先行
リゾートアイランド,2026-05-10,東京,11,3,18,0.1176,16,先行
リゾートアイランド,2026-08-30,札幌,11,3,14,0.1538,4,先行
リチャードバローズ,2026-02-01,東京,10,1,15,0.0,15,差し
リチャードバローズ,2026-04-26,東京,9,7,16,0.4,13,差し
リチャードバローズ,2026-06-28,小倉,11,5,8,0.5714,5,差し
リチャードバローズ,2026-07-18,小倉,11,5,12,0.3636,9,差し
リチュアル,2026-01-11,中山,10,1,16,0.0,3,
リチュアル,2026-03-08,中山,10,4,15,0.2143,8,
リチュアル,2026-06-13,阪神,11,3,16,0.1333,10,
リチュアル,2026-08-23,中京,7,1,16,0.0,10,
リッキースタイル,2026-01-05,中山,12,1,16,0.0,3,先行
リッキースタイル,2026-05-03,新潟,12,4,15,0.2143,2,先行
リッキースタイル,2026-07-26,新潟,6,1,11,0.0,2,先行
リッキースタイル,2026-08-22,新潟,8,5,15,0.2857,6,先行
リッケンバッカー,2026-01-04,京都,10,3,9,0.25,7,追込
リッケンバッカー,2026-04-12,阪神,10,7,15,0.4286,10,追込
リッケンバッカー,2026-08-01,中京,9,4,10,0.3333,5,差し
リッチハンター,2026-08-23,新潟,9,9,15,0.5714,11,逃げ
リッチブラック,2026-01-17,京都,9,4,10,0.3333,7,差し
リッチブラック,2026-03-01,阪神,9,1,9,0.0,8,差し
リッチブラック,2026-04-11,阪神,9,2,8,0.1429,7,
リッチブラック,2026-04-26,京都,9,1,11,0.0,7,
リッチブラック,2026-05-09,京都,10,5,8,0.5714,6,
リッチブラック,2026-06-27,函館,10,6,11,0.5,11,
リッツパーティー,2026-06-28,福島,11,1,16,0.0,3,先行
リトムテール,2026-04-18,阪神,12,7,15,0.4286,14,差し
リトムテール,2026-08-23,中京,8,5,16,0.2667,16,差し
リトルスカーレット,2026-03-14,中京,12,1,18,0.0,13,差し
リトルスカーレット,2026-07-26,中京,11,6,16,0.3333,13,差し
リネアグローリア,2026-02-21,阪神,10,7,16,0.4,11,差し
リネアグローリア,2026-04-05,阪神,12,9,16,0.5333,7,差し
リネアグローリア,2026-06-13,東京,10,7,16,0.4,13,差し
リノルアナ,2026-08-09,中京,12,10,16,0.6,10,差し
リバージュエル,2026-07-05,福島,12,1,15,0.0,7,先行
リバースザトレンド,2026-08-08,新潟,9,3,15,0.1429,1,先行
リバートゥルー,2026-01-04,中山,9,5,11,0.4,6,差し
リバートゥルー,2026-01-17,中山,10,9,16,0.5333,8,差し
リバートゥルー,2026-03-21,中山,10,7,13,0.5,3,
リバートゥルー,2026-05-10,東京,12,5,15,0.2857,4,
リバートゥルー,2026-08-23,新潟,6,4,15,0.2143,6,
リバーバレイト,2026-04-05,中山,12,1,12,0.0,1,先行
リヒトミューレ,2026-07-05,小倉,12,2,16,0.0667,4,先行
リヒトミューレ,2026-07-25,中京,10,2,12,0.0909,1,先行
リヒトミューレ,2026-09-05,阪神,9,1,11,0.0,6,先行
リビアングラス,2026-01-18,京都,11,2,13,0.0833,3,
リビアングラス,2026-02-15,京都,11,3,12,0.1818,6,先行
リビアングラス,2026-04-12,福島,11,3,15,0.1429,5,先行
リピ,2026-03-22,中京,9,4,10,0.3333,7,先行
リピ,2026-06-27,小倉,12,2,8,0.1429,3,先行
リピ,2026-08-23,中京,11,3,17,0.125,5,先行
リフレックス,2026-06-27,福島,10,2,11,0.1,1,先行
リフレックス,2026-07-12,福島,10,2,11,0.1,2,先行
リフレーミング,2026-01-04,中山,11,5,14,0.3077,7,差し
リベッチオ,2026-03-28,中山,10,6,10,0.5556,8,
リベッチオ,2026-06-07,東京,12,2,16,0.0667,4,
リベッチオ,2026-08-09,中京,8,2,11,0.1,1,逃げ
リベラル,2026-08-29,新潟,12,7,15,0.4286,12,
リポサンテ,2026-08-02,新潟,8,7,14,0.4615,3,差し
リポサンテ,2026-08-23,新潟,10,9,12,0.7273,1,差し
リポジノ,2026-07-19,福島,12,1,15,0.0,11,先行
リポジノ,2026-08-16,中京,10,2,16,0.0667,15,
リメンバーヒム,2026-03-08,阪神,12,3,13,0.1667,8,
リメンバーヒム,2026-03-22,阪神,12,2,13,0.0833,5,
リメンバーヒム,2026-04-18,阪神,9,8,14,0.5385,9,差し
リメンバーヒム,2026-04-26,東京,12,6,16,0.3333,8,差し
リメンバーヒム,2026-07-25,札幌,12,3,11,0.2,4,差し
リメンバーヒム,2026-08-29,札幌,12,3,12,0.1818,3,差し
リュウカルネ,2026-06-20,函館,12,2,11,0.1,2,先行
リュウノタブーク,2026-05-17,東京,9,3,12,0.1818,12,
リュキア,2026-06-07,阪神,10,5,9,0.5,9,差し
リュクスドレフォン,2026-03-01,小倉,12,6,16,0.3333,12,差し
リュクスパトロール,2026-01-11,中山,11,4,16,0.2,12,
リュクスパトロール,2026-03-21,中山,11,9,16,0.5333,13,
リュクスパトロール,2026-05-02,京都,9,6,9,0.625,8,
リュクスパトロール,2026-07-18,福島,9,2,12,0.0909,1,追込
リュミナーズ,2026-08-08,札幌,9,5,13,0.3333,7,
リューデスハイム,2026-01-24,京都,10,1,15,0.0,7,
リューデスハイム,2026-04-12,阪神,12,1,13,0.0,4,
リューデスハイム,2026-05-16,京都,10,1,15,0.0,6,
リューデスハイム,2026-08-30,中京,6,1,16,0.0,9,
リラ,2026-07-25,新潟,12,2,17,0.0625,16,先行
リラエンブレム,2026-03-08,阪神,11,5,12,0.3636,5,差し
リラエンブレム,2026-06-13,東京,11,4,13,0.25,12,差し
リラエンブレム,2026-08-23,札幌,11,8,16,0.4667,9,差し
リラゲイル,2026-03-28,中山,12,2,16,0.0667,6,
リラゲイル,2026-07-18,福島,10,8,15,0.5,8,差し
リラゲイル,2026-08-16,新潟,8,9,13,0.6667,12,差し
リラベガ,2026-07-04,福島,12,2,16,0.0667,5,先行
リラベガ,2026-07-25,新潟,12,9,17,0.5,8,先行
リラベガ,2026-08-29,新潟,10,5,18,0.2353,2,先行
リラボニート,2026-01-12,中山,11,4,14,0.2308,9,先行
リラボニート,2026-02-14,京都,11,2,14,0.0769,3,先行
リラボニート,2026-07-12,函館,11,5,14,0.3077,6,先行
リラボニート,2026-08-02,札幌,11,5,14,0.3077,7,先行
リラボニート,2026-09-05,中山,11,6,16,0.3333,12,差し
リリエンフェルト,2026-06-06,東京,9,6,12,0.4545,12,差し
リリエンフェルト,2026-07-18,福島,9,4,12,0.2727,11,差し
リリーアロー,2026-05-09,新潟,12,8,12,0.6364,8,
リリージェーン,2026-03-22,中山,9,12,16,0.7333,16,
リリージェーン,2026-06-07,東京,10,6,16,0.3333,15,
リリージョワ,2026-01-17,京都,10,1,9,0.0,1,先行
リリージョワ,2026-04-12,阪神,11,8,18,0.4118,11,
リリージョワ,2026-08-16,中京,7,1,16,0.0,14,
リリーズブルーム,2026-05-16,東京,12,3,14,0.1538,8,差し
リリーズブルーム,2026-06-21,函館,9,2,12,0.0909,6,
リリーフィールド,2026-06-14,函館,11,8,16,0.4667,12,先行
リリーフィールド,2026-07-05,函館,9,4,16,0.2,13,差し
リリーブライト,2026-02-22,阪神,9,2,10,0.1111,5,先行
リリーブライト,2026-03-28,阪神,10,6,11,0.5,7,差し
リリーブライト,2026-05-09,京都,9,4,11,0.3,9,
リリーブライト,2026-06-20,阪神,9,2,10,0.1111,9,差し
リン,2026-01-11,京都,12,7,18,0.3529,4,差し
リンクスティップ,2026-02-10,東京,10,3,11,0.2,5,先行
リンクスティップ,2026-05-23,京都,10,3,16,0.1333,8,先行
リンゲルブルーメ,2026-07-25,中京,9,2,16,0.0667,2,
リンゲルブルーメ,2026-08-29,中京,10,3,16,0.1333,9,
リントゥラウル,2026-08-02,中京,12,2,17,0.0625,4,先行
リントゥラウル,2026-08-30,中京,11,8,18,0.4118,5,差し
リンフレスカンテ,2026-03-08,中山,9,8,16,0.4667,13,差し
リンフレスカンテ,2026-03-29,阪神,10,5,11,0.4,7,差し
リンフレスカンテ,2026-05-16,東京,11,8,15,0.5,10,差し
リンフレスカンテ,2026-07-25,中京,7,2,11,0.1,5,追込
リンフレスカンテ,2026-08-30,新潟,7,3,12,0.1818,9,差し
リヴァイ,2026-08-16,札幌,9,4,16,0.2,1,差し
リーグナイト,2026-08-09,中京,10,4,16,0.2,10,差し
リーゼノアール,2026-01-12,中山,12,6,18,0.2941,18,
リーゼントジェイド,2026-04-12,福島,12,7,15,0.4286,11,
リーゼントモニカ,2026-08-09,新潟,11,6,18,0.2941,15,
リーティアコナル,2026-01-12,中山,12,1,18,0.0,4,
リーティアコナル,2026-04-19,中山,12,1,18,0.0,7,
リーティアコナル,2026-06-27,福島,11,2,9,0.125,9,
リードプリンシパル,2026-08-01,中京,10,8,16,0.4667,12,差し
リードプリンシパル,2026-08-09,中京,10,3,16,0.1333,1,先行
リードプリンシパル,2026-08-29,中京,6,1,13,0.0,7,先行
ルアシュエル,2026-08-29,札幌,10,3,12,0.1818,8,先行
ルイステソーロ,2026-04-18,中山,12,2,13,0.0833,3,
ルイステソーロ,2026-07-12,函館,10,3,12,0.1818,7,先行
ルカランフィースト,2026-01-10,中山,11,9,17,0.5,14,差し
ルカランフィースト,2026-03-08,中山,9,8,16,0.4667,7,差し
ルガル,2026-02-28,中山,11,2,16,0.0667,3,先行
ルクスアドラー,2026-02-21,小倉,12,6,18,0.2941,13,差し
ルクスアドラー,2026-04-25,京都,9,5,16,0.2667,12,差し
ルクスアドラー,2026-07-19,函館,12,7,14,0.4615,10,差し
ルクスコスモス,2026-07-25,中京,9,5,16,0.2667,12,先行
ルクスコロン,2026-04-18,福島,12,3,16,0.1333,14,差し
ルクスジニア,2026-01-17,京都,12,4,18,0.1765,6,
ルクスジニア,2026-05-16,東京,9,3,9,0.25,5,逃げ
ルクスジニア,2026-06-14,東京,9,7,11,0.6,6,先行
ルクスジニア,2026-08-08,札幌,12,4,13,0.25,4,先行
ルクスジニア,2026-08-23,札幌,12,2,14,0.0769,4,先行
ルクスデイジー,2026-02-15,京都,12,2,16,0.0667,1,
ルクスデイジー,2026-05-24,京都,10,1,14,0.0,2,先行
ルクスデイジー,2026-06-14,阪神,12,3,15,0.1429,5,先行
ルクスノア,2026-07-26,中京,9,7,14,0.4615,9,追込
ルクスノア,2026-08-23,中京,11,9,17,0.5,10,追込
ルクスビッグスター,2026-04-05,中山,11,7,16,0.4,10,差し
ルクスビッグスター,2026-04-26,京都,10,7,18,0.3529,15,差し
ルクスビッグスター,2026-05-17,新潟,11,1,15,0.0,11,差し
ルクスビッグスター,2026-06-21,阪神,10,8,16,0.4667,10,差し
ルクスビッグスター,2026-08-23,新潟,6,2,15,0.0714,7,差し
ルクスフレンジー,2026-06-21,阪神,10,4,16,0.2,4,差し
ルクスマーベリック,2026-03-21,中山,12,7,16,0.4,7,差し
ルクスマーベリック,2026-08-09,中京,9,12,13,0.9167,10,差し
ルクスメンデス,2026-06-27,福島,10,6,11,0.5,9,先行
ルクスレイモンド,2026-03-15,中京,10,3,12,0.1818,3,先行
ルクスレイモンド,2026-04-05,阪神,9,3,12,0.1818,11,先行
ルクスレイモンド,2026-06-27,福島,9,5,16,0.2667,6,先行
ルクスレイモンド,2026-08-02,中京,8,2,11,0.1,3,先行
ルクスレイモンド,2026-08-29,中京,6,3,13,0.1667,9,先行
ルクスレゼルヴァ,2026-03-29,中山,12,1,11,0.0,10,差し
ルクソールカフェ,2026-06-07,東京,11,10,17,0.5625,11,先行
ルクソールカフェ,2026-08-08,札幌,11,3,11,0.2,1,差し
ルグランヴァン,2026-01-31,東京,9,4,16,0.2,3,先行
ルグランヴァン,2026-03-01,阪神,10,4,14,0.2308,6,差し
ルグランヴァン,2026-06-13,東京,10,6,16,0.3333,7,先行
ルグランヴァン,2026-08-22,中京,7,8,16,0.4667,7,先行
ルシアージュ,2026-08-09,新潟,11,6,18,0.2941,8,差し
ルシェロアズーリ,2026-02-01,小倉,12,4,18,0.1765,9,
ルシェロアズーリ,2026-04-11,福島,12,2,16,0.0667,15,先行
ルシタニア,2026-08-15,中京,9,6,16,0.3333,10,差し
ルシフェル,2026-01-24,中山,11,3,18,0.1176,18,差し
ルシフェル,2026-03-21,中京,10,3,16,0.1333,2,
ルシフェル,2026-05-03,京都,12,9,16,0.5333,10,
ルシフェル,2026-08-01,中京,6,5,16,0.2667,12,
ルシャリオ,2026-06-28,小倉,12,6,16,0.3333,11,先行
ルシャルムール,2026-08-29,新潟,6,4,15,0.2143,4,
ルシュヴァルドール,2026-04-18,阪神,11,6,16,0.3333,15,先行
ルシード,2026-03-01,中山,10,1,15,0.0,2,先行
ルシード,2026-05-03,京都,10,3,18,0.1176,1,
ルシード,2026-06-13,函館,11,4,12,0.2727,12,先行
ルシード,2026-08-09,札幌,11,5,16,0.2667,2,先行
ルシード,2026-08-23,札幌,11,2,16,0.0667,11,先行
ルディック,2026-01-05,京都,10,3,16,0.1333,2,
ルディック,2026-03-22,中山,11,1,16,0.0,9,
ルディック,2026-05-03,新潟,11,4,15,0.2143,10,
ルディック,2026-07-19,福島,11,5,16,0.2667,11,
ルディドゥゲンジ,2026-09-05,中山,10,4,13,0.25,11,差し
ルトゥール,2026-01-10,京都,9,2,8,0.1429,7,
ルトゥール,2026-01-24,京都,12,6,11,0.5,5,
ルトゥール,2026-03-28,中京,12,5,16,0.2667,12,
ルトゥール,2026-05-23,東京,12,5,16,0.2667,7,先行
ルトゥール,2026-07-26,新潟,8,6,15,0.3571,12,先行
ルナフィオーレ,2026-08-08,中京,12,2,18,0.0588,12,先行
ルナフィオーレ,2026-08-23,中京,12,1,16,0.0,12,
ルナルーチェット,2026-07-25,新潟,6,4,15,0.2143,9,
ルナーファントム,2026-08-09,新潟,12,3,18,0.1176,15,先行
ルパヴィヨン,2026-02-08,小倉,12,5,18,0.2353,2,差し
ルパヴィヨン,2026-02-28,小倉,12,4,18,0.1765,10,差し
ルパヴィヨン,2026-05-10,新潟,12,2,13,0.0833,6,差し
ルパヴィヨン,2026-07-04,福島,12,3,16,0.1333,9,差し
ルビドゥソレイユ,2026-07-25,中京,9,4,16,0.2,1,先行
ルビーエクリプス,2026-01-12,京都,12,4,18,0.1765,14,先行
ルファーダ,2026-08-22,中京,10,3,12,0.1818,4,差し
ルフトクス,2026-06-13,東京,10,2,16,0.0667,15,
ルブリアン,2026-06-27,小倉,12,2,8,0.1429,5,
ルプランドル,2026-01-05,中山,12,7,16,0.4,12,差し
ルベルグラン,2026-08-29,札幌,10,6,12,0.4545,12,逃げ
ルペイドゥロール,2026-07-05,小倉,12,6,16,0.3333,12,先行
ルミノメテオール,2026-04-05,阪神,12,8,16,0.4667,16,差し
ルミノメテオール,2026-05-31,京都,12,4,18,0.1765,16,差し
ルミノメテオール,2026-07-25,新潟,7,2,17,0.0625,17,差し
ルルフィーユ,2026-07-25,中京,10,3,12,0.1818,6,先行
ルルフィーユ,2026-08-16,中京,10,8,16,0.4667,8,先行
ルンベーラ,2026-08-02,新潟,8,4,14,0.2308,10,
ルンベーラ,2026-09-05,中山,9,3,15,0.1429,4,
ルヴァレドクール,2026-05-02,東京,12,2,14,0.0769,1,先行
ルヴァレドクール,2026-06-13,東京,10,2,16,0.0667,1,
ルヴァンユニベール,2026-03-08,中山,10,5,15,0.2857,6,差し
ルヴァンユニベール,2026-05-10,京都,11,4,16,0.2,3,差し
ルヴァンユニベール,2026-06-20,東京,11,6,15,0.3571,11,差し
ルークウォーム,2026-08-08,新潟,8,1,9,0.0,1,逃げ
ルークススペイ,2026-01-31,京都,9,2,13,0.0833,3,先行
ルークススペイ,2026-02-22,阪神,12,4,16,0.2,1,先行
ルークススペイ,2026-04-05,阪神,12,5,16,0.2667,1,先行
ルークススペイ,2026-05-17,京都,11,9,16,0.5333,4,先行
ルークススペイ,2026-06-20,阪神,11,2,15,0.0714,6,先行
ルークススペイ,2026-09-05,阪神,11,1,12,0.0,4,先行
ルージュアズライト,2026-02-28,中山,10,3,16,0.1333,13,差し
ルージュアズライト,2026-04-25,福島,11,2,12,0.0909,2,
ルージュアベリア,2026-01-31,京都,11,3,13,0.1667,3,
ルージュアベリア,2026-03-21,中山,10,2,13,0.0833,1,
ルージュアベリア,2026-05-10,京都,11,6,16,0.3333,11,
ルージュアベリア,2026-07-05,福島,11,6,15,0.3571,14,
ルージュエテルナ,2026-08-02,中京,12,1,17,0.0,6,先行
ルージュカエラ,2026-01-31,東京,12,3,12,0.1818,9,差し
ルージュカエラ,2026-06-21,函館,9,4,12,0.2727,10,
ルージュカルデア,2026-08-08,新潟,9,1,15,0.0,10,先行
ルージュサウダージ,2026-01-24,小倉,9,5,12,0.3636,1,差し
ルージュサウダージ,2026-03-07,阪神,11,8,18,0.4118,15,差し
ルージュサウダージ,2026-05-30,京都,11,11,16,0.6667,15,差し
ルージュサウダージ,2026-06-27,小倉,10,8,13,0.5833,12,差し
ルージュサウダージ,2026-07-11,小倉,10,7,18,0.3529,14,追込
ルージュシャラポワ,2026-08-08,中京,12,9,18,0.4706,16,
ルージュスエルテ,2026-05-16,東京,9,2,9,0.125,9,差し
ルージュスタニング,2026-03-21,中京,10,2,16,0.0667,6,先行
ルージュスタニング,2026-05-10,東京,12,3,15,0.1429,1,先行
ルージュスタニング,2026-05-30,東京,11,7,16,0.4,13,先行
ルージュスプリヤ,2026-07-25,中京,11,1,8,0.0,1,
ルージュソムニウム,2026-08-09,中京,12,5,16,0.2667,7,差し
ルージュソリテール,2026-02-10,東京,10,2,11,0.1,2,先行
ルージュソリテール,2026-03-28,中京,11,4,16,0.2,1,
ルージュソリテール,2026-06-21,東京,11,2,16,0.0667,12,
ルージュソリテール,2026-08-02,札幌,11,3,14,0.1538,6,先行
ルージュダリア,2026-01-31,東京,10,6,15,0.3571,7,
ルージュダリア,2026-03-14,中山,11,5,16,0.2667,10,逃げ
ルージュダリア,2026-07-25,新潟,12,8,17,0.4375,5,逃げ
ルージュナリッシュ,2026-04-19,福島,9,6,16,0.3333,10,差し
ルージュナリッシュ,2026-07-18,函館,12,7,12,0.5455,9,差し
ルージュバロン,2026-06-06,阪神,12,2,16,0.0667,3,先行
ルージュバロン,2026-07-26,中京,9,8,14,0.5385,2,差し
ルージュバロン,2026-08-16,中京,11,5,16,0.2667,8,差し
ルージュビバーチェ,2026-07-26,札幌,9,2,8,0.1429,2,先行
ルージュフィーリア,2026-08-09,新潟,12,3,18,0.1176,3,先行
ルージュフローラ,2026-01-18,中山,12,6,16,0.3333,15,先行
ルージュブリッツ,2026-07-04,福島,12,3,16,0.1333,1,差し
ルージュブリッツ,2026-07-19,福島,9,4,16,0.2,14,差し
ルージュベルベット,2026-03-15,中山,12,10,16,0.6,9,先行
ルージュベルベット,2026-07-18,函館,12,4,12,0.2727,2,先行
ルージュベルベット,2026-08-09,札幌,9,3,16,0.1333,1,先行
ルージュベルベット,2026-08-30,札幌,10,7,16,0.4,6,
ルージュボヤージュ,2026-06-28,福島,11,2,16,0.0667,10,
ルージュマデイラ,2026-08-08,中京,12,8,18,0.4118,10,差し
ルージュマローネ,2026-06-28,函館,10,1,11,0.0,4,
ルージュマローネ,2026-07-19,函館,10,9,14,0.6154,14,逃げ
ルージュマローネ,2026-08-29,札幌,12,6,12,0.4545,12,
ルージュミステリオ,2026-08-01,中京,10,10,16,0.6,15,差し
ルージュミラージュ,2026-05-02,新潟,11,4,15,0.2143,10,
ルージュミレネール,2026-05-16,東京,12,4,14,0.2308,12,差し
ルージュミレネール,2026-08-22,新潟,9,4,15,0.2143,12,差し
ルージュラナキラ,2026-01-17,中山,11,1,16,0.0,5,先行
ルージュラナキラ,2026-02-28,中山,11,6,16,0.3333,8,先行
ルージュラナキラ,2026-06-27,函館,11,4,14,0.2308,12,
ルージュリリック,2026-05-23,東京,9,2,12,0.0909,3,
ルージュリリック,2026-07-12,福島,9,2,14,0.0769,9,先行
ルージュルガーノ,2026-07-26,中京,12,1,15,0.0,5,
ルージュルガーノ,2026-08-22,中京,12,2,17,0.0625,13,
ルーストカール,2026-07-18,小倉,9,3,18,0.1176,4,追込
ルーセントムーン,2026-08-30,中京,11,9,18,0.4706,10,
ルーチェフィオーレ,2026-07-25,札幌,9,2,10,0.1111,9,
ルートサーティーン,2026-01-12,京都,11,2,16,0.0667,16,先行
ルーナディサングエ,2026-05-02,新潟,9,1,15,0.0,4,先行
ルーナディサングエ,2026-08-15,新潟,8,2,15,0.0714,2,先行
ルーナディサングエ,2026-08-29,新潟,6,1,15,0.0,1,先行
ルーフ,2026-01-31,小倉,11,3,18,0.1176,11,差し
ルーフ,2026-02-14,小倉,11,8,18,0.4118,7,差し
ルーフ,2026-03-21,阪神,10,9,16,0.5333,9,差し
ルーフ,2026-06-21,函館,11,6,15,0.3571,5,差し
ルーフ,2026-07-04,函館,11,8,16,0.4667,3,差し
ルーフ,2026-07-25,札幌,11,4,12,0.2727,4,差し
ルーフオブヘヴン,2026-04-11,中山,12,4,16,0.2,2,先行
ルーフオブヘヴン,2026-05-03,東京,12,3,13,0.1667,7,先行
ルーラーリッチ,2026-01-12,中山,9,5,16,0.2667,8,
ルーラーリッチ,2026-02-28,中山,12,5,16,0.2667,5,
ルーラーリッチ,2026-04-12,中山,9,6,12,0.4545,7,
ルーラーリッチ,2026-05-30,東京,12,7,16,0.4,8,
ルーラーリッチ,2026-08-02,新潟,6,7,15,0.4286,9,追込
ルーラーリッチ,2026-08-16,新潟,8,3,13,0.1667,1,
ルーリングクラス,2026-08-23,新潟,10,4,12,0.2727,10,先行
ルールザウェイヴ,2026-03-14,中山,11,1,16,0.0,2,先行
ルールザウェイヴ,2026-04-12,阪神,11,1,18,0.0,14,先行
ルールザウェイヴ,2026-08-01,札幌,10,1,13,0.0,2,先行
ルールーリマ,2026-04-18,福島,10,3,8,0.2857,2,差し
ルールーリマ,2026-05-16,新潟,9,4,16,0.2,1,差し
ルールーリマ,2026-07-19,福島,10,1,12,0.0,1,差し
レアンダー,2026-04-11,福島,11,2,15,0.0714,14,
レアンダー,2026-05-03,新潟,11,2,15,0.0714,14,
レアンダー,2026-05-17,京都,11,7,16,0.4,14,
レイアポポ,2026-04-19,福島,12,3,15,0.1429,5,先行
レイアポポ,2026-04-26,福島,12,2,16,0.0667,1,先行
レイアポポ,2026-05-24,新潟,10,3,15,0.1429,5,先行
レイアポポ,2026-06-07,東京,10,3,16,0.1333,16,先行
レイククレセント,2026-03-08,中山,12,5,16,0.2667,13,先行
レイククレセント,2026-06-20,東京,10,2,14,0.0769,3,先行
レイククレセント,2026-08-23,新潟,8,2,12,0.0909,3,先行
レイクラシック,2026-05-02,京都,9,2,9,0.125,2,差し
レイクラシック,2026-05-24,東京,11,6,18,0.2941,6,
レイサンソク,2026-06-13,函館,12,4,12,0.2727,10,先行
レイザリオ,2026-04-12,福島,12,1,15,0.0,1,
レイザリオ,2026-07-19,函館,10,4,14,0.2308,11,先行
レイズカイザー,2026-02-14,東京,10,2,16,0.0667,9,先行
レイズカイザー,2026-05-03,京都,12,1,16,0.0,13,先行
レイズカイザー,2026-08-01,中京,6,2,16,0.0667,5,先行
レイズテンペスト,2026-06-21,東京,12,1,16,0.0,2,先行
レイデラティエラ,2026-08-16,札幌,12,4,14,0.2308,9,先行
レイデラルース,2026-04-05,中山,9,4,8,0.4286,4,
レイデラルース,2026-07-25,札幌,10,2,11,0.1,5,先行
レイデラルース,2026-08-16,札幌,12,7,14,0.4615,11,差し
レイナデアルシーラ,2026-02-01,小倉,11,3,15,0.1429,12,
レイナデアルシーラ,2026-04-11,福島,11,3,15,0.1429,4,逃げ
レイナデアルシーラ,2026-07-12,小倉,11,1,11,0.0,1,
レイニング,2026-02-22,東京,10,8,14,0.5385,2,差し
レイニング,2026-04-26,京都,10,8,18,0.4118,11,差し
レイニング,2026-05-31,東京,10,4,17,0.1875,1,差し
レイニング,2026-08-08,新潟,7,6,16,0.3333,4,差し
レイヌドプランタン,2026-09-05,札幌,9,5,14,0.3077,10,差し
レイバックスピン,2026-03-22,中山,12,1,16,0.0,2,先行
レイバックスピン,2026-08-01,新潟,7,1,15,0.0,1,先行
レイヒストリコ,2026-04-04,中山,9,5,12,0.3636,10,
レイピア,2026-02-01,京都,11,3,18,0.1176,2,
レイピア,2026-02-28,中山,11,6,16,0.3333,2,差し
レイピア,2026-03-29,中京,11,4,18,0.1765,5,差し
レイピア,2026-06-13,函館,11,4,12,0.2727,3,差し
レイピア,2026-08-09,中京,7,5,18,0.2353,2,差し
レイピカケ,2026-07-12,小倉,10,3,11,0.2,10,差し
レイピカケ,2026-08-16,中京,6,3,7,0.3333,7,差し
レイベリング,2026-01-24,京都,11,1,14,0.0,1,先行
レイベリング,2026-02-21,阪神,11,8,18,0.4118,8,先行
レイベリング,2026-05-02,東京,11,3,18,0.1176,17,
レイベリング,2026-05-31,京都,10,3,17,0.125,6,先行
レイム,2026-05-24,京都,12,9,16,0.5333,14,差し
レイム,2026-07-26,中京,10,5,16,0.2667,9,差し
レイヤードレッド,2026-01-05,中山,10,1,11,0.0,4,先行
レイヤードレッド,2026-01-24,中山,9,3,9,0.25,8,先行
レイヤードレッド,2026-06-13,函館,10,5,16,0.2667,7,先行
レイヤードレッド,2026-06-27,函館,10,5,11,0.4,7,先行
レイヤードレッド,2026-07-12,函館,9,6,14,0.3846,8,差し
レイヤードレッド,2026-07-25,札幌,10,3,11,0.2,9,差し
レイユール,2026-01-17,中山,12,4,16,0.2,16,差し
レイユール,2026-03-22,中山,9,6,16,0.3333,13,先行
レイユール,2026-04-11,阪神,12,5,16,0.2667,14,
レイユール,2026-06-06,東京,10,5,17,0.25,6,差し
レイユール,2026-07-11,函館,10,4,14,0.2308,9,差し
レイユール,2026-07-26,札幌,10,2,9,0.125,2,差し
レイユール,2026-08-08,札幌,12,2,13,0.0833,8,差し
レイワサンサン,2026-05-17,東京,10,2,15,0.0714,12,先行
レイワサンサン,2026-06-07,阪神,9,6,16,0.3333,8,
レイワノキセキ,2026-08-16,中京,12,10,16,0.6,14,差し
レインオンミー,2026-02-08,小倉,12,8,18,0.4118,11,差し
レインオンミー,2026-04-25,京都,9,3,16,0.1333,16,
レインオンミー,2026-06-27,小倉,12,3,8,0.2857,4,差し
レインオンミー,2026-07-11,小倉,12,6,16,0.3333,5,差し
レインボーステート,2026-07-25,中京,12,7,16,0.4,4,差し
レインボーステート,2026-08-09,中京,12,6,16,0.3333,1,差し
レインボーラッキー,2026-07-05,福島,12,7,15,0.4286,5,差し
レインボーワールド,2026-08-29,新潟,11,6,18,0.2941,16,先行
レウコテア,2026-08-30,中京,9,5,15,0.2857,6,差し
レオアジャイル,2026-01-11,中山,11,1,16,0.0,3,先行
レオテミス,2026-01-05,中山,11,6,14,0.3846,13,
レオテミス,2026-02-14,小倉,11,6,18,0.2941,18,
レオテミス,2026-03-28,中京,11,2,16,0.0667,11,
レオナルドスター,2026-04-19,福島,9,1,16,0.0,3,先行
レガリーノ,2026-08-09,新潟,11,6,18,0.2941,14,差し
レガレイラ,2026-06-14,阪神,11,6,18,0.2941,7,差し
レガーロデルシエロ,2026-01-11,中山,10,5,16,0.2667,9,差し
レガーロデルシエロ,2026-03-15,中山,10,7,16,0.4,3,差し
レガーロデルシエロ,2026-05-09,東京,11,8,17,0.4375,3,差し
レガーロデルシエロ,2026-06-13,東京,11,5,13,0.3333,4,差し
レガーロデルシエロ,2026-08-08,新潟,7,7,16,0.4,12,差し
レクスノヴァス,2026-02-01,京都,10,4,8,0.4286,2,先行
レクスノヴァス,2026-05-10,京都,9,4,13,0.25,1,先行
レクスノヴァス,2026-07-26,札幌,11,2,13,0.0833,7,先行
レゲンデ,2026-08-02,新潟,10,4,14,0.2308,12,先行
レザベーション,2026-04-11,中山,11,1,15,0.0,1,先行
レザベーション,2026-05-10,東京,11,2,18,0.0588,6,先行
レザベーション,2026-09-05,中山,11,6,16,0.3333,11,
レザンノワール,2026-01-17,中山,12,2,16,0.0667,7,
レザンノワール,2026-03-08,中山,12,2,16,0.0667,4,
レザンノワール,2026-06-20,函館,11,2,16,0.0667,3,
レシプロシティ,2026-02-21,小倉,11,4,13,0.25,6,差し
レジェルテ,2026-08-15,新潟,10,2,15,0.0714,2,
レジェンダリーデイ,2026-04-26,福島,12,2,16,0.0667,3,先行
レジェンドシップ,2026-02-28,小倉,9,4,16,0.2,7,
レジェンドシップ,2026-08-29,札幌,11,1,14,0.0,1,差し
レジーナテンペスタ,2026-08-22,中京,12,5,17,0.25,8,差し
レスター,2026-07-26,新潟,12,6,15,0.3571,13,差し
レゼールドラペ,2026-05-24,新潟,9,7,14,0.4615,11,差し
レダアトミカ,2026-04-12,阪神,9,6,14,0.3846,3,先行
レダアトミカ,2026-06-21,函館,9,7,12,0.5455,12,
レッセパッセ,2026-01-05,京都,9,2,11,0.1,7,
レッセパッセ,2026-02-28,小倉,11,6,15,0.3571,5,先行
レッセパッセ,2026-03-21,中山,9,8,16,0.4667,10,差し
レッセパッセ,2026-04-19,中山,9,2,12,0.0909,9,差し
レッセパッセ,2026-05-16,東京,9,5,9,0.5,8,差し
レッセパッセ,2026-07-19,福島,10,6,12,0.4545,8,追込
レッセパッセ,2026-08-23,札幌,12,6,14,0.3846,10,追込
レッチュベルク,2026-08-23,新潟,7,4,10,0.3333,1,先行
レッドアトレーヴ,2026-01-18,中山,9,8,15,0.5,4,先行
レッドアトレーヴ,2026-02-15,東京,9,2,16,0.0667,9,差し
レッドアトレーヴ,2026-04-26,東京,9,12,16,0.7333,15,先行
レッドアレグロ,2026-03-14,中山,12,7,16,0.4,12,
レッドアヴァンティ,2026-02-15,小倉,11,7,18,0.3529,4,差し
レッドアヴァンティ,2026-04-26,福島,11,6,16,0.3333,2,差し
レッドアヴァンティ,2026-07-11,福島,11,4,9,0.375,5,差し
レッドアヴァンティ,2026-08-23,札幌,11,6,16,0.3333,16,差し
レッドイステル,2026-02-21,阪神,9,6,18,0.2941,15,差し
レッドエヴァンス,2026-01-31,小倉,11,7,18,0.3529,3,
レッドエヴァンス,2026-03-01,中山,10,4,15,0.2143,3,
レッドエヴァンス,2026-05-03,京都,10,7,18,0.3529,3,
レッドエヴァンス,2026-05-24,東京,10,4,14,0.2308,1,
レッドエヴァンス,2026-08-09,中京,7,5,18,0.2353,3,
レッドカメリア,2026-04-11,福島,12,5,16,0.2667,14,差し
レッドカメリア,2026-07-04,福島,12,7,16,0.4,7,差し
レッドカメリア,2026-08-16,札幌,9,8,16,0.4667,7,差し
レッドキングリー,2026-06-21,東京,10,2,16,0.0667,2,差し
レッドシュテルン,2026-04-11,福島,9,3,16,0.1333,3,逃げ
レッドシュトラール,2026-04-11,福島,9,6,16,0.3333,11,
レッドシュトラール,2026-06-06,東京,12,3,16,0.1333,12,
レッドシュトラール,2026-09-05,中山,9,4,15,0.2143,8,
レッドシュヴェルト,2026-01-17,中山,11,7,16,0.4,7,追込
レッドシュヴェルト,2026-03-15,阪神,11,6,16,0.3333,11,追込
レッドシュヴェルト,2026-05-02,東京,11,7,18,0.3529,11,追込
レッドシュヴェルト,2026-08-22,新潟,7,7,18,0.3529,10,追込
レッドスティンガー,2026-04-05,阪神,9,3,12,0.1818,6,差し
レッドスティンガー,2026-08-08,札幌,12,2,13,0.0833,3,先行
レッドスティンガー,2026-09-05,札幌,10,3,16,0.1333,6,差し
レッドセニョール,2026-05-23,新潟,11,5,16,0.2667,8,
レッドセニョール,2026-07-26,新潟,6,3,11,0.2,5,
レッドセニョール,2026-08-09,新潟,9,3,15,0.1429,9,
レッドダンルース,2026-02-22,阪神,12,5,16,0.2667,6,
レッドダンルース,2026-05-02,東京,12,2,14,0.0769,9,
レッドダンルース,2026-05-10,京都,12,7,14,0.4615,9,
レッドダンルース,2026-07-05,福島,10,4,12,0.2727,11,
レッドテリオス,2026-03-08,中山,9,6,16,0.3333,12,差し
レッドテリオス,2026-04-19,中山,12,8,18,0.4118,6,差し
レッドテリオス,2026-05-16,東京,11,2,15,0.0714,4,差し
レッドテリオス,2026-06-14,東京,10,3,14,0.1538,1,
レッドテリオス,2026-07-26,札幌,11,1,13,0.0,8,
レッドバリエンテ,2026-02-21,東京,11,2,15,0.0714,6,差し
レッドバレンティア,2026-03-21,中山,9,5,16,0.2667,15,差し
レッドバレンティア,2026-05-24,東京,9,4,12,0.2727,5,差し
レッドバレンティア,2026-06-14,東京,9,8,11,0.7,10,差し
レッドバンデ,2026-02-14,東京,9,4,8,0.4286,1,先行
レッドバンデ,2026-03-22,阪神,11,2,10,0.1111,7,差し
レッドヒルシューズ,2026-02-15,小倉,11,3,18,0.1176,14,
レッドピアレス,2026-07-25,中京,12,3,16,0.1333,10,
レッドフェルメール,2026-01-05,京都,12,2,15,0.0714,2,先行
レッドフェルメール,2026-01-18,京都,12,3,10,0.2222,2,先行
レッドフェルメール,2026-02-21,阪神,9,4,18,0.1765,1,先行
レッドプロフェシー,2026-05-03,東京,10,7,16,0.4,2,差し
レッドプロフェシー,2026-06-20,東京,11,6,15,0.3571,8,差し
レッドプロフェシー,2026-08-23,中京,7,7,16,0.4,5,差し
レッドベルダンス,2026-04-12,福島,12,3,15,0.1429,6,差し
レッドベルダンス,2026-07-04,福島,10,4,10,0.3333,3,差し
レッドベルダンス,2026-07-18,福島,10,2,15,0.0714,3,差し
レッドホット,2026-08-22,中京,10,6,12,0.4545,8,差し
レッドボブ,2026-02-21,阪神,12,2,14,0.0769,3,
レッドボブ,2026-03-22,中京,10,2,16,0.0667,5,
レッドボブ,2026-08-01,中京,8,3,13,0.1667,11,
レッドモンレーヴ,2026-02-10,東京,11,7,16,0.4,8,
レッドモンレーヴ,2026-03-29,中京,11,7,18,0.3529,2,
レッドライトニング,2026-04-18,福島,11,1,15,0.0,2,先行
レッドライトニング,2026-06-21,函館,10,2,9,0.125,3,差し
レッドライトニング,2026-07-04,函館,10,6,14,0.3846,11,先行
レッドライトニング,2026-08-23,札幌,10,3,14,0.1538,4,差し
レッドラージャ,2026-05-03,東京,11,4,15,0.2143,5,
レッドラージャ,2026-05-16,京都,9,2,10,0.1111,1,
レッドラージャ,2026-07-26,中京,6,2,10,0.1111,2,
レッドリガーレ,2026-08-08,中京,11,6,12,0.4545,5,差し
レッドリガーレ,2026-08-29,中京,11,8,13,0.5833,4,差し
レッドリファインド,2026-08-02,新潟,11,6,14,0.3846,13,
レッドリベルタ,2026-03-22,中京,10,7,16,0.4,7,差し
レッドリベルタ,2026-05-30,東京,12,3,16,0.1333,3,差し
レッドリベルタ,2026-06-21,阪神,12,6,13,0.4167,5,差し
レッドレガリア,2026-08-29,新潟,11,1,18,0.0,6,差し
レッドレグルス,2026-01-11,京都,12,4,18,0.1765,8,差し
レッドレナート,2026-03-07,中山,12,1,16,0.0,1,先行
レッドレナート,2026-03-22,中山,9,3,16,0.1333,8,
レッドレナート,2026-05-03,東京,12,2,13,0.0833,13,
レッドレナート,2026-05-30,東京,10,3,11,0.2,8,先行
レッドロスタム,2026-01-24,中山,12,3,12,0.1818,6,差し
レッドロスタム,2026-03-07,中山,12,2,16,0.0667,14,
レッドヴァリアート,2026-05-10,新潟,9,4,14,0.2308,5,先行
レッドヴァリアート,2026-07-11,小倉,9,1,11,0.0,3,先行
レッドヴァリアート,2026-08-02,中京,11,1,6,0.0,4,
レッドヴァリアート,2026-08-30,中京,10,6,10,0.5556,1,先行
レディアグレッサー,2026-01-11,京都,12,11,18,0.5882,18,差し
レディゴディヴァ,2026-01-31,小倉,10,6,16,0.3333,7,先行
レディゴディヴァ,2026-04-19,阪神,12,3,10,0.2222,10,先行
レディゴディヴァ,2026-05-09,東京,12,6,16,0.3333,11,先行
レディゴディヴァ,2026-08-29,札幌,12,3,12,0.1818,6,先行
レディサン,2026-08-02,新潟,10,8,14,0.5385,1,先行
レディサン,2026-08-22,新潟,8,9,15,0.5714,14,差し
レディネス,2026-01-31,東京,11,3,10,0.2222,4,差し
レディネス,2026-07-12,函館,11,6,14,0.3846,10,差し
レディネス,2026-08-16,札幌,11,3,16,0.1333,3,差し
レディベル,2026-02-10,東京,10,5,11,0.4,11,差し
レディベル,2026-03-22,中山,10,5,9,0.5,6,差し
レディマリオン,2026-04-19,福島,11,5,16,0.2667,14,先行
レディマリオン,2026-07-26,新潟,7,4,14,0.2308,8,差し
レディマリオン,2026-08-22,新潟,7,4,18,0.1765,9,差し
レディメローラ,2026-02-01,小倉,10,5,15,0.2857,10,
レディメローラ,2026-02-28,阪神,12,7,18,0.3529,18,差し
レディントン,2026-02-15,東京,10,4,16,0.2,14,
レディントン,2026-05-30,東京,11,3,16,0.1333,9,
レディントン,2026-07-12,函館,11,4,14,0.2308,11,差し
レディーゴール,2026-02-14,東京,11,11,16,0.6667,8,差し
レディーゴール,2026-05-02,東京,10,6,11,0.5,9,差し
レディーゴール,2026-05-23,東京,9,7,12,0.5455,12,差し
レディーフランシス,2026-05-10,東京,12,8,15,0.5,12,追込
レディーミコノス,2026-01-05,京都,9,3,11,0.2,3,先行
レディーミコノス,2026-04-26,京都,10,4,18,0.1765,5,先行
レディーミコノス,2026-05-31,東京,10,7,17,0.375,15,先行
レディーミコノス,2026-07-04,小倉,11,9,14,0.6154,6,先行
レディーミコノス,2026-08-22,新潟,6,4,18,0.1765,12,先行
レディーミコノス,2026-09-05,阪神,10,2,7,0.1667,2,先行
レディーヴァリュー,2026-01-24,小倉,11,8,18,0.4118,15,
レディーヴァリュー,2026-03-07,中山,11,7,16,0.4,16,
レディーヴァリュー,2026-07-12,函館,11,3,14,0.1538,2,先行
レネネト,2026-05-23,新潟,12,7,15,0.4286,12,逃げ
レフィナード,2026-03-21,中京,12,10,14,0.6923,14,差し
レフィナード,2026-05-02,京都,12,6,10,0.5556,8,差し
レプレセンタル,2026-08-16,新潟,12,5,15,0.2857,5,
レベルスルール,2026-04-25,東京,9,4,9,0.375,7,先行
レボルシオン,2026-08-15,新潟,8,1,15,0.0,5,先行
レモンバーム,2026-04-25,福島,12,1,16,0.0,7,
レモンバーム,2026-08-01,新潟,12,4,17,0.1875,16,
レヴァンテシチー,2026-05-03,京都,9,3,9,0.25,1,差し
レヴァンテシチー,2026-06-21,阪神,10,6,16,0.3333,7,差し
レヴァンテシチー,2026-07-19,小倉,10,7,16,0.4,5,差し
レヴァンテシチー,2026-08-30,中京,6,3,16,0.1333,3,差し
レヴィテーション,2026-06-07,東京,10,4,16,0.2,12,差し
レヴェランジェ,2026-01-18,中山,12,1,16,0.0,3,先行
レヴォントゥレット,2026-03-08,中山,10,1,15,0.0,5,
レヴォントゥレット,2026-03-29,中山,11,1,15,0.0,15,
レヴォントゥレット,2026-05-03,東京,10,4,16,0.2,12,
レヴォントゥレット,2026-06-13,阪神,11,1,16,0.0,7,
レヴォントゥレット,2026-06-20,東京,11,1,15,0.0,6,
レヴォントゥレット,2026-07-18,函館,11,4,13,0.25,2,
レヴォントゥレット,2026-08-08,札幌,11,8,11,0.7,10,
レーウィン,2026-01-24,京都,10,3,15,0.1429,9,
レーウィン,2026-02-15,京都,10,4,10,0.3333,8,
レーウィン,2026-04-25,東京,10,12,15,0.7857,6,
レーウィン,2026-06-13,東京,10,9,16,0.5333,10,
レーウィン,2026-08-15,札幌,11,4,14,0.2308,6,
レーゼドラマ,2026-02-08,小倉,11,1,12,0.0,1,
レーゼドラマ,2026-03-07,中山,11,1,16,0.0,6,
レーゼドラマ,2026-04-19,福島,11,1,16,0.0,6,
レーゼドラマ,2026-07-19,小倉,11,1,17,0.0,3,
レーティッシュ,2026-04-26,東京,12,1,16,0.0,2,先行
レーティッシュ,2026-05-16,東京,10,3,12,0.1818,3,先行
レーティッシュ,2026-06-28,小倉,10,3,16,0.1333,4,先行
レーベンスティール,2026-03-01,中山,11,3,14,0.1538,1,差し
レーベンスティール,2026-04-05,阪神,11,4,15,0.2143,6,先行
レーベンスティール,2026-06-07,東京,11,4,17,0.1875,7,差し
レーンアジリティ,2026-07-18,小倉,12,6,14,0.3846,12,差し
レーンアジリティ,2026-08-08,中京,8,6,12,0.4545,10,差し
レーヴジーニアル,2026-01-17,京都,12,3,18,0.1176,5,差し
レーヴドアンジュ,2026-08-15,中京,10,5,16,0.2667,6,差し
レーヴドリュヌ,2026-08-16,中京,9,6,18,0.2941,14,
レーヴドレフォン,2026-01-31,小倉,10,6,16,0.3333,12,差し
レーヴドレフォン,2026-05-23,東京,12,9,16,0.5333,11,差し
レーヴドレフォン,2026-07-26,新潟,8,6,15,0.3571,11,差し
レーヴドロペラ,2026-03-07,中山,9,3,13,0.1667,9,差し
レーヴドロペラ,2026-06-20,東京,9,4,10,0.3333,2,差し
レーヴドロペラ,2026-07-19,函館,9,3,13,0.1667,4,差し
レーヴドロペラ,2026-08-08,札幌,10,1,8,0.0,5,
レーヴブリリアント,2026-01-10,中山,10,7,16,0.4,16,差し
レーヴブリリアント,2026-04-05,中山,12,2,12,0.0909,5,差し
レーヴブリリアント,2026-04-18,福島,11,4,15,0.2143,9,差し
ロアヴィヴィエンヌ,2026-03-21,中京,12,7,14,0.4615,13,差し
ロイガヴェーグル,2026-02-22,阪神,12,9,16,0.5333,12,先行
ロイスター,2026-08-22,中京,6,4,14,0.2308,12,差し
ロイドウェバー,2026-08-16,中京,9,3,18,0.1176,1,
ロイヤルスパイア,2026-06-28,福島,12,1,14,0.0,3,先行
ロイヤルスパイア,2026-07-18,福島,12,2,16,0.0667,1,先行
ロカヒ,2026-05-24,東京,12,3,16,0.1333,3,差し
ロカヒ,2026-06-21,阪神,10,4,16,0.2,8,差し
ログラール,2026-02-22,東京,10,1,14,0.0,4,
ログラール,2026-05-03,東京,9,3,18,0.1176,16,
ログラール,2026-06-14,東京,10,1,14,0.0,11,先行
ロケットパンチ,2026-07-25,新潟,8,1,13,0.0,1,先行
ロケベンドラ,2026-02-21,阪神,9,5,18,0.2353,2,差し
ロケベンドラ,2026-07-26,中京,11,2,16,0.0667,1,差し
ロサルゴサ,2026-05-31,京都,11,1,9,0.0,1,
ロサンゼルス,2026-01-12,中山,10,8,16,0.4667,14,
ロサンゼルス,2026-03-21,中京,10,1,16,0.0,16,
ロサンゼルス,2026-04-11,中山,10,2,13,0.0833,4,
ロサンゼルス,2026-04-19,阪神,10,10,13,0.75,11,
ロサンゼルス,2026-06-14,阪神,12,9,15,0.5714,14,
ロザーンジュ,2026-04-18,福島,9,4,9,0.375,4,差し
ロザーンジュ,2026-05-23,東京,9,6,12,0.4545,10,差し
ロジアデレード,2026-02-10,京都,10,5,16,0.2667,9,差し
ロジアデレード,2026-05-30,東京,11,2,16,0.0667,3,先行
ロジアデレード,2026-07-05,福島,11,3,15,0.1429,9,差し
ロジウムエポック,2026-02-14,小倉,12,6,15,0.3571,12,差し
ロジウムエポック,2026-02-28,小倉,9,9,16,0.5333,14,差し
ロジキセキ,2026-07-26,新潟,10,1,14,0.0,2,
ロジキセキ,2026-08-16,新潟,12,1,15,0.0,2,逃げ
ロジキセキ,2026-08-30,新潟,10,2,15,0.0714,6,
ロジケープ,2026-04-25,福島,9,3,16,0.1333,1,先行
ロジケープ,2026-06-06,東京,10,4,17,0.1875,1,先行
ロジケープ,2026-07-25,札幌,11,5,12,0.3636,1,先行
ロジケープ,2026-08-23,札幌,11,4,16,0.2,6,差し
ロジシルバー,2026-02-10,東京,10,4,11,0.3,7,差し
ロジシルバー,2026-04-19,中山,12,5,18,0.2353,2,差し
ロジシルバー,2026-05-16,東京,11,1,15,0.0,8,差し
ロジシーザ,2026-08-09,新潟,12,8,18,0.4118,11,差し
ロジマンボ,2026-01-24,中山,11,8,18,0.4118,12,差し
ロジマンボ,2026-05-31,東京,10,6,17,0.3125,11,
ロジャリーマイン,2026-07-25,新潟,12,6,17,0.3125,1,差し
ロジルーラー,2026-09-05,中山,9,4,15,0.2143,9,差し
ロストボール,2026-03-01,小倉,12,11,16,0.6667,15,差し
ロストボール,2026-05-09,新潟,12,9,12,0.7273,10,差し
ロゼハイスクール,2026-09-05,札幌,11,6,9,0.625,9,追込
ロゼフェリシア,2026-07-12,福島,9,2,14,0.0769,5,差し
ロゼル,2026-01-10,中山,10,4,16,0.2,5,差し
ロゼル,2026-04-05,中山,12,5,12,0.3636,6,先行
ロゼル,2026-05-24,京都,9,7,10,0.6667,9,先行
ロゼル,2026-06-14,東京,9,3,11,0.2,8,差し
ロゼル,2026-07-05,福島,10,6,12,0.4545,8,先行
ロッカバイベイビー,2026-01-04,中山,12,6,16,0.3333,14,
ロッカバイベイビー,2026-03-15,中京,9,5,15,0.2857,14,
ロッカバイベイビー,2026-05-24,新潟,10,7,15,0.4286,9,
ロッカバイベイビー,2026-07-26,新潟,6,4,11,0.3,9,
ロックウイズユー,2026-08-02,中京,10,5,14,0.3077,4,先行
ロックウイズユー,2026-08-15,中京,9,6,16,0.3333,8,差し
ロックオブソシジ,2026-07-18,福島,12,10,16,0.6,16,逃げ
ロックバンド,2026-08-02,中京,10,5,14,0.3077,14,先行
ロッシニアーナ,2026-01-31,東京,9,3,16,0.1333,15,先行
ロッシニアーナ,2026-05-10,東京,12,1,15,0.0,9,先行
ロットブラータ,2026-02-01,小倉,9,1,11,0.0,3,
ロットブラータ,2026-04-11,福島,9,2,16,0.0667,4,
ロデオドライブ,2026-04-11,中山,11,2,15,0.0714,2,先行
ロデオドライブ,2026-05-10,東京,11,8,18,0.4118,1,先行
ロデオドライブ,2026-08-30,新潟,8,3,11,0.2,2,差し
ロフティストーリー,2026-01-31,京都,11,3,13,0.1667,2,差し
ロフティストーリー,2026-03-21,中山,10,2,13,0.0833,5,差し
ロフティストーリー,2026-05-02,東京,9,4,16,0.2,8,差し
ロフティストーリー,2026-06-21,阪神,10,5,16,0.2667,5,差し
ロフティストーリー,2026-08-23,新潟,6,5,15,0.2857,8,差し
ロブチェン,2026-02-15,東京,11,4,9,0.375,3,差し
ロブチェン,2026-04-19,中山,11,1,18,0.0,1,差し
ロブチェン,2026-05-31,東京,11,5,18,0.2353,1,
ロミオ,2026-06-13,函館,12,5,12,0.3636,12,
ロミオボス,2026-03-14,中山,12,8,16,0.4667,13,差し
ロムネヤ,2026-01-11,中山,9,8,13,0.5833,9,差し
ロワンディシー,2026-02-14,京都,10,5,16,0.2667,16,差し
ロワンディシー,2026-03-01,小倉,11,3,17,0.125,16,差し
ロンギングセリーヌ,2026-01-17,中山,9,1,8,0.0,3,
ロンギングセリーヌ,2026-03-21,中山,11,1,16,0.0,2,
ロンギングセリーヌ,2026-04-12,阪神,11,1,18,0.0,18,
ロンギングセリーヌ,2026-05-24,東京,11,4,18,0.1765,17,
ロンギングフォユー,2026-06-14,東京,12,1,12,0.0,1,先行
ロングウェイホーム,2026-03-15,中山,9,1,11,0.0,1,先行
ロングウェイホーム,2026-04-12,阪神,12,4,13,0.25,2,先行
ロングウェイホーム,2026-05-24,東京,12,4,16,0.2,2,先行
ロングトールサリー,2026-05-02,京都,9,4,9,0.375,7,
ロングトールサリー,2026-05-24,東京,11,5,18,0.2353,11,逃げ
ロングトールサリー,2026-07-19,小倉,12,3,9,0.25,3,逃げ
ロングミックス,2026-08-09,札幌,12,4,8,0.4286,4,先行
ロングミックス,2026-08-22,札幌,12,5,11,0.4,1,先行
ロングラン,2026-02-22,東京,11,7,16,0.4,14,差し
ロングラン,2026-04-26,京都,11,5,18,0.2353,18,
ロングラン,2026-06-07,東京,11,4,17,0.1875,16,差し
ロンティケチャップ,2026-01-05,京都,12,5,15,0.2857,14,
ロンティケチャップ,2026-08-23,中京,11,8,17,0.4375,12,追込
ロンドボス,2026-03-28,中京,12,6,16,0.3333,6,差し
ロンドボス,2026-06-20,阪神,9,2,10,0.1111,2,差し
ロンドボス,2026-08-02,中京,6,3,9,0.25,3,差し
ロンドンアームズ,2026-02-22,小倉,12,5,18,0.2353,7,差し
ロンドンアームズ,2026-07-04,福島,12,5,16,0.2667,3,差し
ロンドンオービタル,2026-04-25,福島,9,5,16,0.2667,4,先行
ロンドンオービタル,2026-06-20,函館,9,4,12,0.2727,5,先行
ロンドンガーズ,2026-07-19,函館,11,3,13,0.1667,12,
ロンバスブレス,2026-08-29,新潟,12,1,15,0.0,1,
ロンパイア,2026-01-05,中山,9,9,12,0.7273,11,差し
ロンパイア,2026-03-28,中山,12,7,16,0.4,14,
ロンパイア,2026-04-12,中山,9,4,12,0.2727,10,
ロンポワン,2026-08-22,中京,12,8,17,0.4375,14,先行
ローザサンリヴァル,2026-02-21,東京,11,2,15,0.0714,10,差し
ローザレイア,2026-02-14,小倉,9,5,10,0.4444,10,先行
ローシャムパーク,2026-08-16,札幌,11,4,16,0.2,4,差し
ローズカリス,2026-03-07,阪神,11,4,18,0.1765,16,先行
ローズカリス,2026-04-05,阪神,9,7,12,0.5455,10,逃げ
ローズカリス,2026-07-04,小倉,10,2,12,0.0909,1,逃げ
ローズゴジャール,2026-08-16,中京,10,2,16,0.0667,14,差し
ローズバルサム,2026-01-17,京都,11,6,16,0.3333,10,差し
ローズブーケ,2026-08-02,新潟,10,1,14,0.0,6,差し
ローズマイスター,2026-05-24,新潟,12,2,14,0.0769,3,
ローズマイスター,2026-08-23,札幌,10,5,14,0.3077,2,
ローズラフィネ,2026-08-09,中京,12,5,16,0.2667,3,先行
ローズラフィネ,2026-08-30,中京,9,4,15,0.2143,5,差し
ローディアマント,2026-08-15,新潟,9,1,10,0.0,1,先行
ロートホルン,2026-07-19,函館,9,1,13,0.0,3,
ロードアウォード,2026-01-18,中山,10,8,16,0.4667,8,先行
ロードアウォード,2026-06-20,阪神,11,1,15,0.0,7,先行
ロードアウォード,2026-07-19,福島,11,3,16,0.1333,8,先行
ロードアルディート,2026-06-13,函館,12,5,12,0.3636,3,先行
ロードオルデン,2026-04-04,阪神,12,8,15,0.5,7,差し
ロードオルデン,2026-05-10,京都,12,8,14,0.5385,6,差し
ロードオルデン,2026-06-07,阪神,9,5,16,0.2667,14,差し
ロードオールライト,2026-01-10,中山,11,3,17,0.125,8,
ロードオールライト,2026-03-08,中山,9,1,16,0.0,14,
ロードオールライト,2026-08-22,中京,9,4,5,0.75,5,
ロードガレリア,2026-03-14,中京,9,3,10,0.2222,5,
ロードガレリア,2026-06-21,阪神,9,5,7,0.6667,1,
ロードクラシコ,2026-07-19,函館,12,1,14,0.0,7,
ロードクロンヌ,2026-02-22,東京,11,1,16,0.0,11,
ロードクロンヌ,2026-05-23,京都,11,1,16,0.0,1,先行
ロードシュヴァリエ,2026-06-28,小倉,12,2,16,0.0667,9,
ロードシュヴァリエ,2026-08-02,中京,10,6,14,0.3846,12,
ロードスカイブルー,2026-08-22,札幌,12,6,11,0.5,6,
ロードスタニング,2026-08-30,中京,10,4,10,0.3333,5,
ロードストラダーレ,2026-08-01,新潟,12,4,17,0.1875,17,先行
ロードソルスティス,2026-08-02,新潟,6,1,15,0.0,14,先行
ロードトライデント,2026-06-21,東京,12,3,16,0.1333,13,
ロードトレイル,2026-01-31,小倉,11,4,18,0.1765,12,先行
ロードトレイル,2026-02-14,小倉,11,5,18,0.2353,15,差し
ロードトレイル,2026-03-29,中山,10,1,15,0.0,6,差し
ロードトレイル,2026-06-28,小倉,11,2,8,0.1429,6,先行
ロードトレイル,2026-07-18,小倉,11,2,12,0.0909,5,先行
ロードトレゾール,2026-01-11,中山,12,2,16,0.0667,3,差し
ロードトレゾール,2026-02-15,小倉,10,1,18,0.0,6,差し
ロードトレゾール,2026-03-08,中山,12,1,16,0.0,2,先行
ロードトレゾール,2026-06-27,小倉,10,2,13,0.0833,2,先行
ロードトレゾール,2026-07-19,福島,9,1,16,0.0,5,先行
ロードファイター,2026-08-23,中京,10,4,14,0.2308,3,差し
ロードフィレール,2026-03-21,阪神,11,1,12,0.0,2,
ロードフィレール,2026-04-19,中山,11,5,18,0.2353,17,
ロードフィレール,2026-07-25,中京,8,1,8,0.0,1,先行
ロードフィレール,2026-08-15,新潟,6,1,14,0.0,1,
ロードフォアエース,2026-02-01,京都,11,1,18,0.0,9,
ロードフォアエース,2026-04-12,中山,11,1,16,0.0,12,先行
ロードフォアエース,2026-06-27,函館,11,8,14,0.5385,8,
ロードフォアエース,2026-08-09,札幌,11,3,16,0.1333,5,先行
ロードフォアエース,2026-08-23,札幌,11,5,16,0.2667,5,先行
ロードフォンス,2026-02-01,東京,11,3,16,0.1333,1,
ロードフリューゲル,2026-08-23,中京,12,2,16,0.0667,13,先行
ロードフロンティア,2026-03-22,中山,11,6,16,0.3333,15,
ロードフロンティア,2026-06-07,阪神,11,5,16,0.2667,5,
ロードフロンティア,2026-08-16,新潟,7,5,15,0.2857,2,
ロードブレイズ,2026-05-10,東京,9,3,9,0.25,1,差し
ロードブレイズ,2026-08-15,札幌,11,7,14,0.4615,7,差し
ロードプレジール,2026-02-28,阪神,11,7,16,0.4,12,差し
ロードプレジール,2026-05-03,東京,10,9,16,0.5333,6,差し
ロードプレジール,2026-06-20,東京,11,6,15,0.3571,3,追込
ロードプレジール,2026-08-23,中京,7,7,16,0.4,8,追込
ロードプレリュード,2026-08-01,新潟,10,3,14,0.1538,8,
ロードマイライフ,2026-01-31,小倉,11,7,18,0.3529,9,
ロードマイライフ,2026-03-28,中山,9,5,16,0.2667,14,
ロードマイライフ,2026-04-19,阪神,10,9,13,0.6667,12,
ロードマイライフ,2026-07-04,函館,11,10,16,0.6,13,
ロードマイライフ,2026-07-11,福島,10,7,9,0.75,4,
ロードマイライフ,2026-08-29,中京,7,2,15,0.0714,7,
ロードマゼラン,2026-01-12,京都,10,1,16,0.0,16,差し
ロードマンハイム,2026-06-13,函館,10,2,16,0.0667,6,差し
ロードマンハイム,2026-06-27,函館,10,2,11,0.1,5,差し
ロードマンハイム,2026-07-12,函館,9,8,14,0.5385,13,差し
ロードメルヴェイユ,2026-08-30,中京,10,3,10,0.2222,8,先行
ロードラディウス,2026-02-22,阪神,11,3,12,0.1818,12,先行
ロードラビリンス,2026-04-18,阪神,11,4,16,0.2,9,差し
ロードレイジング,2026-03-15,中山,11,8,16,0.4667,15,差し
ロードヴァルカン,2026-03-21,阪神,12,2,15,0.0714,4,
ロードヴァルカン,2026-04-18,阪神,12,3,15,0.1429,8,
ロードヴェルテクス,2026-07-19,函館,12,6,14,0.3846,8,差し
ロードヴォイジャー,2026-01-24,小倉,12,2,15,0.0714,2,
ロードヴォイジャー,2026-05-09,京都,12,1,13,0.0,1,逃げ
ロードヴォイジャー,2026-05-30,京都,10,1,16,0.0,3,
ロードヴォイジャー,2026-08-08,中京,7,1,8,0.0,8,
ローベルクランツ,2026-02-10,京都,11,6,9,0.625,7,差し
ローベルクランツ,2026-03-28,阪神,11,1,7,0.0,2,差し
ローベルクランツ,2026-05-10,東京,11,6,18,0.2941,4,先行
ローベルクランツ,2026-06-28,福島,11,6,16,0.3333,11,差し
ローマンレイク,2026-08-29,中京,6,4,13,0.25,12,差し
ロールザダイス,2026-04-05,中山,9,1,8,0.0,3,
ロールザダイス,2026-04-26,京都,9,5,11,0.4,11,
ロールザダイス,2026-08-29,新潟,7,1,17,0.0,2,
ローレルエース,2026-08-08,新潟,12,4,15,0.2143,11,
ローレルオーブ,2026-04-12,福島,9,2,13,0.0833,3,差し
ローレルオーブ,2026-06-20,函館,10,2,8,0.1429,6,差し
ローンウルフ,2026-05-23,新潟,10,2,15,0.0714,13,先行
ローンウルフ,2026-07-25,新潟,9,3,9,0.25,4,差し
ローンウルフ,2026-08-15,新潟,9,7,10,0.6667,9,先行
ワイズギャング,2026-07-25,中京,9,5,16,0.2667,7,差し
ワイズゴールド,2026-02-14,東京,9,3,8,0.2857,4,差し
ワイズファミリア,2026-01-18,中山,12,7,16,0.4,4,差し
ワイズファミリア,2026-08-09,新潟,11,7,18,0.3529,7,差し
ワイドアラジン,2026-05-17,新潟,11,3,15,0.1429,6,先行
ワイドアラジン,2026-06-14,阪神,10,7,14,0.4615,13,差し
ワイドアラジン,2026-07-18,福島,11,4,16,0.2,3,差し
ワイドアラジン,2026-08-22,札幌,11,5,12,0.3636,11,差し
ワイドエンペラー,2026-05-10,東京,10,7,12,0.5455,11,差し
ワイドグンサ,2026-08-29,中京,10,3,16,0.1333,5,先行
ワイドシュテルケ,2026-01-24,小倉,9,1,12,0.0,12,逃げ
ワイドブリザード,2026-01-12,京都,10,1,16,0.0,2,
ワイドブリザード,2026-01-31,東京,9,2,16,0.0667,4,
ワイドブリザード,2026-04-18,中山,10,1,13,0.0,1,
ワイドブリザード,2026-05-10,京都,11,1,16,0.0,10,
ワイドラトゥール,2026-05-02,東京,11,6,18,0.2941,7,差し
ワイドラトゥール,2026-05-17,東京,11,11,18,0.5882,15,差し
ワイドリューレント,2026-02-22,小倉,9,4,12,0.2727,12,差し
ワイノナオミ,2026-01-18,京都,9,5,16,0.2667,6,追込
ワイノナオミ,2026-01-31,京都,9,8,13,0.5833,13,差し
ワイノナオミ,2026-03-15,中京,9,10,15,0.6429,6,追込
ワイノナオミ,2026-04-18,阪神,9,4,14,0.2308,7,追込
ワイノナオミ,2026-05-09,東京,12,6,16,0.3333,10,差し
ワイノナオミ,2026-05-30,京都,12,8,16,0.4667,6,追込
ワイノナオミ,2026-07-05,小倉,10,4,16,0.2,3,差し
ワイノナオミ,2026-08-02,中京,8,7,11,0.6,11,差し
ワイルデンウーリー,2026-03-01,小倉,12,3,16,0.1333,16,差し
ワイルドブッター,2026-01-10,京都,12,10,18,0.5294,12,
ワイルドブッター,2026-07-26,中京,10,4,16,0.2,10,
ワイルドブッター,2026-08-09,中京,10,4,16,0.2,4,
ワイルドブッター,2026-08-23,中京,8,5,16,0.2667,3,
ワイルドミュール,2026-08-16,新潟,10,3,15,0.1429,1,差し
ワイワイレジェンド,2026-05-23,東京,11,1,16,0.0,4,
ワイワイレジェンド,2026-08-16,新潟,7,1,15,0.0,1,
ワカミヤイリオス,2026-08-29,新潟,10,9,18,0.4706,17,先行
ワザモノ,2026-02-28,小倉,11,5,15,0.2857,2,差し
ワザモノ,2026-05-17,新潟,10,6,15,0.3571,7,差し
ワザモノ,2026-07-05,福島,10,4,12,0.2727,2,差し
ワザモノ,2026-08-23,札幌,12,4,14,0.2308,3,差し
ワタシイノッテマス,2026-02-08,小倉,9,7,15,0.4286,8,差し
ワタシイノッテマス,2026-03-22,中京,9,6,10,0.5556,10,追込
ワタシマツワ,2026-01-10,中山,10,4,16,0.2,14,先行
ワタシマツワ,2026-07-26,札幌,10,1,9,0.0,1,先行
ワタシマツワ,2026-08-30,札幌,11,1,14,0.0,1,先行
ワダツミ,2026-01-11,京都,12,8,18,0.4118,13,追込
ワッザイカ,2026-07-18,小倉,9,10,18,0.5294,14,差し
ワッフル,2026-04-11,中山,9,4,7,0.5,4,差し
ワディアルリヤハ,2026-07-25,新潟,12,3,17,0.125,3,先行
ワトルツリー,2026-01-12,京都,12,6,18,0.2941,10,差し
ワンウェイトゥヘル,2026-05-03,新潟,12,2,15,0.0714,5,差し
ワンウェイトゥヘル,2026-05-17,新潟,12,3,11,0.2,4,先行
ワンコールアウェイ,2026-03-14,中京,12,3,18,0.1176,2,差し
ワンコールアウェイ,2026-05-16,新潟,12,3,16,0.1333,2,差し
ワンコールアウェイ,2026-08-29,中京,8,6,14,0.3846,9,差し
ワンダフルデイズ,2026-05-16,京都,9,5,10,0.4444,3,
ワンダフルデイズ,2026-08-30,札幌,12,5,14,0.3077,2,差し
ワンダフルトゥデイ,2026-01-04,京都,9,6,13,0.4167,12,先行
ワンダフルトゥデイ,2026-02-22,小倉,10,8,16,0.4667,15,先行
ワンダラー,2026-02-28,中山,10,7,16,0.4,7,差し
ワンダラー,2026-04-11,中山,10,4,13,0.25,2,差し
ワンダラー,2026-04-25,東京,10,5,15,0.2857,4,先行
ワンダラー,2026-05-24,京都,10,7,14,0.4615,8,
ワンダラー,2026-06-06,東京,11,6,15,0.3571,8,差し
ワンダーウィルク,2026-03-01,小倉,12,3,16,0.1333,9,差し
ワンダーカモン,2026-03-22,阪神,12,4,13,0.25,8,
ワンダーカモン,2026-04-04,阪神,12,5,15,0.2857,10,差し
ワンダーカモン,2026-05-30,京都,12,7,16,0.4,8,差し
ワンダーカモン,2026-08-16,中京,8,6,16,0.3333,15,差し
ワンダースティング,2026-01-18,京都,10,4,16,0.2,16,
ワンダーミューズ,2026-08-15,中京,12,1,16,0.0,7,
ワンダーヴァレル,2026-08-22,中京,11,2,16,0.0667,6,追込
ワンパット,2026-04-12,阪神,12,5,13,0.3333,10,差し
ワンパット,2026-05-24,東京,12,8,16,0.4667,10,差し
ワンモアスマイル,2026-01-10,中山,10,5,16,0.2667,11,
ワンモアスマイル,2026-02-01,京都,12,3,7,0.3333,6,
ワンモアスマイル,2026-06-20,阪神,9,3,10,0.2222,5,
ワンモアスマイル,2026-08-23,中京,6,4,14,0.2308,13,
ワンモメンタム,2026-08-23,新潟,9,8,15,0.5,13,先行
ワークソング,2026-04-25,福島,11,5,12,0.3636,3,
ワークソング,2026-05-17,東京,12,7,16,0.4,10,
ワークソング,2026-08-15,新潟,7,9,15,0.5714,6,
ワース,2026-03-21,中京,9,3,10,0.2222,9,先行
ワース,2026-04-18,中山,9,8,12,0.6364,8,先行
ワーズワース,2026-06-21,東京,9,7,16,0.4,7,差し
ワールズエンド,2026-05-02,東京,11,1,18,0.0,1,
ワールズエンド,2026-06-07,東京,11,1,17,0.0,2,
ワールズコライド,2026-01-18,中山,10,5,16,0.2667,16,
ワールズコライド,2026-04-19,中山,10,4,15,0.2143,14,
ワールドエンジェル,2026-08-29,札幌,10,1,12,0.0,1,逃げ
ワールドキッス,2026-05-09,新潟,10,8,13,0.5833,12,追込
ヴァイオスペース,2026-07-05,福島,12,6,15,0.3571,6,先行
ヴァイオパイシーズ,2026-08-22,新潟,9,6,15,0.3571,6,差し
ヴァイザーバルコ,2026-01-24,小倉,10,4,8,0.4286,7,差し
ヴァイザーバルコ,2026-02-21,小倉,10,6,16,0.3333,12,差し
ヴァイザーバルコ,2026-03-07,中山,9,3,13,0.1667,6,
ヴァイザーバルコ,2026-04-19,福島,10,3,13,0.1667,6,
ヴァイザーバルコ,2026-07-11,福島,9,8,15,0.5,13,
ヴァイザーバルコ,2026-07-25,札幌,10,6,11,0.5,11,
ヴァイザーバルコ,2026-08-22,札幌,11,4,12,0.2727,8,差し
ヴァイタルピース,2026-02-28,小倉,12,9,18,0.4706,6,差し
ヴァイルマティ,2026-01-11,中山,9,7,13,0.5,10,先行
ヴァイヴァーイ,2026-08-16,中京,10,1,16,0.0,1,先行
ヴァイヴァーイ,2026-08-30,新潟,6,1,15,0.0,3,
ヴァカンツァ,2026-07-25,中京,9,6,16,0.3333,5,差し
ヴァズレーヌ,2026-05-30,東京,12,5,16,0.2667,6,先行
ヴァズレーヌ,2026-07-26,新潟,8,4,15,0.2143,3,先行
ヴァナルガンド,2026-05-02,東京,9,2,16,0.0667,7,先行
ヴァナルガンド,2026-06-28,福島,10,7,11,0.6,7,先行
ヴァナルガンド,2026-08-23,新潟,6,4,15,0.2143,4,差し
ヴァリオーサ,2026-03-22,中山,12,3,16,0.1333,10,差し
ヴァリオーサ,2026-05-09,東京,12,5,16,0.2667,12,差し
ヴァリオーサ,2026-05-24,東京,9,8,12,0.6364,11,差し
ヴァリスマリネリス,2026-01-11,中山,11,4,16,0.2,9,差し
ヴァリスマリネリス,2026-03-14,中山,11,10,16,0.6,11,先行
ヴァリスマリネリス,2026-05-23,東京,9,3,12,0.1818,4,先行
ヴァリスマリネリス,2026-08-30,新潟,11,3,14,0.1538,7,
ヴァリディシームス,2026-04-12,阪神,10,4,15,0.2143,15,差し
ヴァリディシームス,2026-05-03,東京,9,7,18,0.3529,8,差し
ヴァリージア,2026-01-31,京都,10,3,8,0.2857,1,差し
ヴァルキリーバース,2026-03-15,中山,10,4,16,0.2,1,差し
ヴァルキリーバース,2026-06-21,東京,11,3,16,0.1333,14,差し
ヴァルキリーバース,2026-09-05,中山,11,8,16,0.4667,16,先行
ヴァルク,2026-08-30,新潟,10,4,15,0.2143,12,差し
ヴァルツァーシャル,2026-01-11,中山,10,6,16,0.3333,2,差し
ヴァルツァーシャル,2026-03-29,中山,11,3,15,0.1429,4,差し
ヴァルツァーシャル,2026-05-23,京都,11,6,16,0.3333,2,差し
ヴァルツァーシャル,2026-08-08,札幌,11,5,11,0.4,5,差し
ヴァルドルチャ,2026-07-18,福島,10,4,15,0.2143,14,先行
ヴァルボナ,2026-06-13,東京,12,5,16,0.2667,10,先行
ヴァロアーク,2026-08-09,札幌,12,3,8,0.2857,7,差し
ヴァロンブローサ,2026-03-15,阪神,9,1,7,0.0,3,逃げ
ヴァロンブローサ,2026-04-04,阪神,9,4,9,0.375,9,
ヴァンアグレアブル,2026-04-19,阪神,12,4,10,0.3333,2,差し
ヴァンアグレアブル,2026-07-26,新潟,8,5,15,0.2857,8,差し
ヴァンドゥーヴル,2026-08-16,中京,9,7,18,0.3529,6,
ヴァンドーム,2026-01-31,東京,9,9,16,0.5333,2,
ヴァンドーム,2026-02-14,東京,10,9,16,0.5333,4,
ヴァンドーム,2026-04-18,中山,10,8,13,0.5833,5,
ヴァンドーム,2026-06-13,東京,10,9,16,0.5333,5,
ヴァンヤール,2026-05-10,京都,11,6,16,0.3333,7,追込
ヴァンヤール,2026-05-23,京都,11,8,16,0.4667,5,差し
ヴァンヴィーヴ,2026-01-17,中山,12,4,16,0.2,2,差し
ヴァンヴィーヴ,2026-04-11,福島,10,6,16,0.3333,2,差し
ヴァンヴィーヴ,2026-04-25,福島,10,4,16,0.2,2,
ヴァンヴィーヴ,2026-05-23,新潟,11,2,16,0.0667,3,差し
ヴァンヴィーヴ,2026-07-19,福島,9,6,16,0.3333,6,差し
ヴァージル,2026-02-08,小倉,12,7,18,0.3529,7,差し
ヴァージル,2026-06-13,阪神,12,9,14,0.6154,3,差し
ヴァージル,2026-08-16,中京,11,7,16,0.4,3,追込
ヴィエントデコラ,2026-05-02,京都,11,5,12,0.3636,11,差し
ヴィエントデコラ,2026-07-25,新潟,8,1,13,0.0,5,差し
ヴィクトリーロード,2026-01-04,中山,12,7,16,0.4,8,
ヴィクトリーロード,2026-03-14,中山,12,3,16,0.1333,9,
ヴィクトリーロード,2026-06-13,阪神,10,6,16,0.3333,6,
ヴィクトリーロード,2026-08-22,新潟,8,11,15,0.7143,15,
ヴィサージュ,2026-05-03,東京,11,6,15,0.3571,15,先行
ヴィジョンメーカー,2026-08-16,新潟,11,3,9,0.25,5,先行
ヴィスコンテッサ,2026-01-11,中山,11,5,16,0.2667,14,追込
ヴィスコンテッサ,2026-03-21,中山,11,8,16,0.4667,12,追込
ヴィスコンテッサ,2026-05-02,京都,9,3,9,0.25,4,追込
ヴィスコンテッサ,2026-08-01,中京,11,3,9,0.25,2,
ヴィスマール,2026-04-19,阪神,9,4,10,0.3333,5,先行
ヴィスマール,2026-05-09,京都,10,1,8,0.0,1,先行
ヴィスマール,2026-07-04,小倉,11,9,14,0.6154,12,先行
ヴィブラツィオーネ,2026-01-05,中山,10,6,11,0.5,7,追込
ヴィブラツィオーネ,2026-03-07,中山,9,7,13,0.5,11,追込
ヴィリアリート,2026-01-31,小倉,10,3,16,0.1333,16,
ヴィリアリート,2026-05-10,京都,12,4,14,0.2308,1,
ヴィリアリート,2026-08-01,中京,6,10,16,0.6,10,
ヴィレム,2026-01-31,東京,11,4,10,0.3333,2,差し
ヴィレム,2026-03-15,中京,11,4,14,0.2308,6,差し
ヴィンセンシオ,2026-02-08,小倉,11,3,12,0.1818,9,差し
ヴィンブルレー,2026-04-12,中山,12,6,13,0.4167,1,差し
ヴィンブルレー,2026-05-09,東京,12,7,16,0.4,16,差し
ヴィンブルレー,2026-08-08,札幌,12,6,13,0.4167,13,先行
ヴィヴァクラウン,2026-03-29,中山,12,2,11,0.1,9,先行
ヴィヴァクラウン,2026-04-18,中山,9,5,12,0.3636,6,先行
ヴィヴァクラウン,2026-06-14,函館,11,7,16,0.4,3,先行
ヴィヴァクラウン,2026-06-28,函館,12,8,14,0.5385,6,先行
ヴィヴァクラウン,2026-07-11,函館,10,5,14,0.3077,7,先行
ヴィヴァクラウン,2026-08-22,札幌,10,1,14,0.0,11,
ヴィヴァクラウン,2026-09-05,中山,10,5,13,0.3333,4,差し
ヴィヴァシャス,2026-08-01,中京,10,11,16,0.6667,13,差し
ヴィヴァシャス,2026-08-29,中京,10,7,16,0.4,12,差し
ヴィヴァン,2026-01-31,東京,9,5,16,0.2667,1,差し
ヴィヴァン,2026-02-15,東京,10,6,16,0.3333,3,差し
ヴィヴァン,2026-04-26,東京,10,5,15,0.2857,10,差し
ヴィヴァン,2026-06-13,阪神,11,4,16,0.2,8,差し
ヴィーデ,2026-08-09,中京,9,11,13,0.8333,13,先行
ヴィーナスバブル,2026-07-19,小倉,12,3,9,0.25,2,差し
ヴェガリア,2026-05-23,東京,9,1,12,0.0,7,差し
ヴェサリウス,2026-03-01,中山,10,6,15,0.3571,6,差し
ヴェサリウス,2026-03-29,中山,10,4,15,0.2143,4,差し
ヴェサリウス,2026-06-21,函館,11,4,15,0.2143,8,差し
ヴェサリウス,2026-07-25,新潟,7,3,17,0.125,13,差し
ヴェストラン,2026-03-29,阪神,9,5,15,0.2857,10,
ヴェストラン,2026-07-11,小倉,9,6,11,0.5,11,
ヴェナートル,2026-03-29,中山,12,2,11,0.1,6,
ヴェナートル,2026-04-18,中山,9,1,12,0.0,4,逃げ
ヴェナートル,2026-07-05,福島,9,2,16,0.0667,12,
ヴェニゼロス,2026-08-01,新潟,11,9,18,0.4706,4,先行
ヴェネラブル,2026-08-09,中京,12,1,16,0.0,15,差し
ヴェルサイユシエル,2026-08-22,中京,11,8,16,0.4667,12,
ヴェルジーネ,2026-08-01,中京,10,3,16,0.1333,2,差し
ヴェルジーネ,2026-08-23,中京,8,3,16,0.1333,4,差し
ヴェルテンベルク,2026-02-21,東京,11,7,15,0.4286,4,差し
ヴェルテンベルク,2026-05-03,京都,11,6,15,0.3571,2,差し
ヴェルトラウム,2026-01-04,中山,12,8,16,0.4667,9,
ヴェルミセル,2026-05-03,京都,11,3,15,0.1429,9,差し
ヴェルミセル,2026-05-31,東京,12,10,14,0.6923,12,差し
ヴェロクオーレ,2026-01-17,京都,11,1,16,0.0,6,
ヴェロクオーレ,2026-02-21,阪神,10,2,16,0.0667,10,
ヴェロクオーレ,2026-06-14,阪神,12,1,15,0.0,8,先行
ヴェロクオーレ,2026-07-11,小倉,11,5,11,0.4,3,
ヴェロクオーレ,2026-08-15,新潟,7,3,15,0.1429,9,
ヴェントインコーダ,2026-05-23,新潟,12,1,15,0.0,1,先行
ヴェントインコーダ,2026-08-22,新潟,8,1,15,0.0,7,先行
ヴェントゥーラ,2026-03-15,中京,12,1,18,0.0,1,
ヴェントゥーラ,2026-04-25,福島,10,1,16,0.0,5,
ヴェントゥーラ,2026-07-19,福島,9,10,16,0.6,11,
ヴェーヌドール,2026-08-29,新潟,6,2,15,0.0714,5,先行
ヴェールミューズ,2026-07-26,札幌,9,4,8,0.4286,4,先行
ヴェールミューズ,2026-08-08,札幌,9,4,13,0.25,6,
ヴェールランス,2026-08-15,新潟,9,1,10,0.0,2,差し
ヴォランテ,2026-01-05,京都,11,2,9,0.125,2,差し
ヴォランテ,2026-02-21,東京,11,7,15,0.4286,8,差し
ヴォラヴィア,2026-01-31,京都,12,1,17,0.0,11,
ヴォラヴィア,2026-03-07,阪神,9,2,9,0.125,5,
ヴォラヴィア,2026-04-26,福島,9,1,13,0.0,12,
ヴォラヴィア,2026-05-09,京都,10,6,8,0.7143,8,
ヴォルスター,2026-08-16,新潟,8,2,13,0.0833,8,逃げ
ヴォワラクテ,2026-02-15,小倉,9,3,7,0.3333,5,
ヴォワラクテ,2026-04-19,中山,9,1,12,0.0,5,
ヴォンサクレ,2026-07-26,新潟,12,2,15,0.0714,9,差し
ヴォンドゥ,2026-08-09,中京,10,4,16,0.2,5,差し
ヴォンヌヴォー,2026-08-09,中京,9,13,13,1.0,11,差し
ヴォンフレ,2026-03-22,中山,12,3,16,0.1333,9,
ヴォンフレ,2026-05-02,新潟,10,4,15,0.2143,7,差し
ヴォンフレ,2026-05-16,東京,9,1,9,0.0,1,差し
ヴォンフレ,2026-07-18,福島,11,7,16,0.4,6,先行
ヴォンフレ,2026-08-08,新潟,7,3,16,0.1333,5,差し
ヴォーカライズ,2026-08-01,中京,12,4,11,0.3,2,
ヴォーカライズ,2026-08-29,中京,11,5,13,0.3333,1,
ヴォートセレスト,2026-06-06,東京,9,3,12,0.1818,6,差し
ヴリトラハン,2026-02-10,京都,12,3,15,0.1429,4,差し
ヴリトラハン,2026-05-02,京都,10,5,12,0.3636,5,差し
ヴリトラハン,2026-05-23,京都,12,2,14,0.0769,4,差し
ヴリトラハン,2026-06-13,阪神,10,2,16,0.0667,3,差し
ヴーレヴー,2026-02-01,小倉,11,2,15,0.0714,11,先行
ヴーレヴー,2026-04-04,阪神,10,4,16,0.2,16,先行
ヴーレヴー,2026-07-12,函館,11,2,14,0.0769,1,先行
ヴーレヴー,2026-08-02,札幌,11,2,14,0.0769,3,
