date,stem,band,kind,width,points,invest,ret
2025-01-05,2025-01-05_中京09R_鶴舞特別,1倍台,ワイド,3,3,300,570
2025-01-05,2025-01-05_中京09R_鶴舞特別,1倍台,ワイド,4,6,600,570
2025-01-05,2025-01-05_中京09R_鶴舞特別,1倍台,ワイド,5,10,1000,570
2025-01-05,2025-01-05_中京09R_鶴舞特別,1倍台,ワイド,6,15,1500,570
2025-01-05,2025-01-05_中京09R_鶴舞特別,1倍台,馬連,3,3,300,0
2025-01-05,2025-01-05_中京09R_鶴舞特別,1倍台,馬連,4,6,600,0
2025-01-05,2025-01-05_中京09R_鶴舞特別,1倍台,馬連,5,10,1000,0
2025-01-05,2025-01-05_中京09R_鶴舞特別,1倍台,馬連,6,15,1500,0
2025-01-05,2025-01-05_中京10R_門松S,2倍台,ワイド,3,3,300,0
2025-01-05,2025-01-05_中京10R_門松S,2倍台,ワイド,4,6,600,0
2025-01-05,2025-01-05_中京10R_門松S,2倍台,ワイド,5,10,1000,0
2025-01-05,2025-01-05_中京10R_門松S,2倍台,ワイド,6,15,1500,0
2025-01-05,2025-01-05_中京10R_門松S,2倍台,馬連,3,3,300,0
2025-01-05,2025-01-05_中京10R_門松S,2倍台,馬連,4,6,600,0
2025-01-05,2025-01-05_中京10R_門松S,2倍台,馬連,5,10,1000,0
2025-01-05,2025-01-05_中京10R_門松S,2倍台,馬連,6,15,1500,0
2025-01-05,2025-01-05_中京11R_京都金杯,3倍以上,ワイド,3,3,300,0
2025-01-05,2025-01-05_中京11R_京都金杯,3倍以上,ワイド,4,6,600,0
2025-01-05,2025-01-05_中京11R_京都金杯,3倍以上,ワイド,5,10,1000,860
2025-01-05,2025-01-05_中京11R_京都金杯,3倍以上,ワイド,6,15,1500,860
2025-01-05,2025-01-05_中京11R_京都金杯,3倍以上,馬連,3,3,300,0
2025-01-05,2025-01-05_中京11R_京都金杯,3倍以上,馬連,4,6,600,0
2025-01-05,2025-01-05_中京11R_京都金杯,3倍以上,馬連,5,10,1000,0
2025-01-05,2025-01-05_中京11R_京都金杯,3倍以上,馬連,6,15,1500,0
2025-01-05,2025-01-05_中京12R_4歳以上1勝クラス,3倍以上,ワイド,3,3,300,0
2025-01-05,2025-01-05_中京12R_4歳以上1勝クラス,3倍以上,ワイド,4,6,600,0
2025-01-05,2025-01-05_中京12R_4歳以上1勝クラス,3倍以上,ワイド,5,10,1000,0
2025-01-05,2025-01-05_中京12R_4歳以上1勝クラス,3倍以上,ワイド,6,15,1500,1870
2025-01-05,2025-01-05_中京12R_4歳以上1勝クラス,3倍以上,馬連,3,3,300,0
2025-01-05,2025-01-05_中京12R_4歳以上1勝クラス,3倍以上,馬連,4,6,600,0
2025-01-05,2025-01-05_中京12R_4歳以上1勝クラス,3倍以上,馬連,5,10,1000,0
2025-01-05,2025-01-05_中京12R_4歳以上1勝クラス,3倍以上,馬連,6,15,1500,0
2025-01-05,2025-01-05_中山09R_招福S,3倍以上,ワイド,3,3,300,0
2025-01-05,2025-01-05_中山09R_招福S,3倍以上,ワイド,4,6,600,0
2025-01-05,2025-01-05_中山09R_招福S,3倍以上,ワイド,5,10,1000,0
2025-01-05,2025-01-05_中山09R_招福S,3倍以上,ワイド,6,15,1500,0
2025-01-05,2025-01-05_中山09R_招福S,3倍以上,馬連,3,3,300,0
2025-01-05,2025-01-05_中山09R_招福S,3倍以上,馬連,4,6,600,0
2025-01-05,2025-01-05_中山09R_招福S,3倍以上,馬連,5,10,1000,0
2025-01-05,2025-01-05_中山09R_招福S,3倍以上,馬連,6,15,1500,0
2025-01-05,2025-01-05_中山10R_ジュニアC,1倍台,ワイド,3,3,300,0
2025-01-05,2025-01-05_中山10R_ジュニアC,1倍台,ワイド,4,6,600,0
2025-01-05,2025-01-05_中山10R_ジュニアC,1倍台,ワイド,5,10,1000,0
2025-01-05,2025-01-05_中山10R_ジュニアC,1倍台,ワイド,6,15,1500,0
2025-01-05,2025-01-05_中山10R_ジュニアC,1倍台,馬連,3,3,300,0
2025-01-05,2025-01-05_中山10R_ジュニアC,1倍台,馬連,4,6,600,0
2025-01-05,2025-01-05_中山10R_ジュニアC,1倍台,馬連,5,10,1000,0
2025-01-05,2025-01-05_中山10R_ジュニアC,1倍台,馬連,6,15,1500,0
2025-01-05,2025-01-05_中山11R_中山金杯,3倍以上,ワイド,3,3,300,0
2025-01-05,2025-01-05_中山11R_中山金杯,3倍以上,ワイド,4,6,600,0
2025-01-05,2025-01-05_中山11R_中山金杯,3倍以上,ワイド,5,10,1000,0
2025-01-05,2025-01-05_中山11R_中山金杯,3倍以上,ワイド,6,15,1500,0
2025-01-05,2025-01-05_中山11R_中山金杯,3倍以上,馬連,3,3,300,0
2025-01-05,2025-01-05_中山11R_中山金杯,3倍以上,馬連,4,6,600,0
2025-01-05,2025-01-05_中山11R_中山金杯,3倍以上,馬連,5,10,1000,0
2025-01-05,2025-01-05_中山11R_中山金杯,3倍以上,馬連,6,15,1500,0
2025-01-05,2025-01-05_中山12R_4歳以上2勝クラス,3倍以上,ワイド,3,3,300,0
2025-01-05,2025-01-05_中山12R_4歳以上2勝クラス,3倍以上,ワイド,4,6,600,0
2025-01-05,2025-01-05_中山12R_4歳以上2勝クラス,3倍以上,ワイド,5,10,1000,510
2025-01-05,2025-01-05_中山12R_4歳以上2勝クラス,3倍以上,ワイド,6,15,1500,1620
2025-01-05,2025-01-05_中山12R_4歳以上2勝クラス,3倍以上,馬連,3,3,300,0
2025-01-05,2025-01-05_中山12R_4歳以上2勝クラス,3倍以上,馬連,4,6,600,0
2025-01-05,2025-01-05_中山12R_4歳以上2勝クラス,3倍以上,馬連,5,10,1000,1240
2025-01-05,2025-01-05_中山12R_4歳以上2勝クラス,3倍以上,馬連,6,15,1500,1240
2025-01-06,2025-01-06_中京09R_天竜川特別,3倍以上,ワイド,3,3,300,0
2025-01-06,2025-01-06_中京09R_天竜川特別,3倍以上,ワイド,4,6,600,0
2025-01-06,2025-01-06_中京09R_天竜川特別,3倍以上,ワイド,5,10,1000,0
2025-01-06,2025-01-06_中京09R_天竜川特別,3倍以上,ワイド,6,15,1500,0
2025-01-06,2025-01-06_中京09R_天竜川特別,3倍以上,馬連,3,3,300,0
2025-01-06,2025-01-06_中京09R_天竜川特別,3倍以上,馬連,4,6,600,0
2025-01-06,2025-01-06_中京09R_天竜川特別,3倍以上,馬連,5,10,1000,0
2025-01-06,2025-01-06_中京09R_天竜川特別,3倍以上,馬連,6,15,1500,0
2025-01-06,2025-01-06_中京10R_寿S,3倍以上,ワイド,3,3,300,1080
2025-01-06,2025-01-06_中京10R_寿S,3倍以上,ワイド,4,6,600,1080
2025-01-06,2025-01-06_中京10R_寿S,3倍以上,ワイド,5,10,1000,1080
2025-01-06,2025-01-06_中京10R_寿S,3倍以上,ワイド,6,15,1500,1080
2025-01-06,2025-01-06_中京10R_寿S,3倍以上,馬連,3,3,300,3940
2025-01-06,2025-01-06_中京10R_寿S,3倍以上,馬連,4,6,600,3940
2025-01-06,2025-01-06_中京10R_寿S,3倍以上,馬連,5,10,1000,3940
2025-01-06,2025-01-06_中京10R_寿S,3倍以上,馬連,6,15,1500,3940
2025-01-06,2025-01-06_中京11R_万葉S,3倍以上,ワイド,3,3,300,0
2025-01-06,2025-01-06_中京11R_万葉S,3倍以上,ワイド,4,6,600,350
2025-01-06,2025-01-06_中京11R_万葉S,3倍以上,ワイド,5,10,1000,350
2025-01-06,2025-01-06_中京11R_万葉S,3倍以上,ワイド,6,15,1500,350
2025-01-06,2025-01-06_中京11R_万葉S,3倍以上,馬連,3,3,300,0
2025-01-06,2025-01-06_中京11R_万葉S,3倍以上,馬連,4,6,600,610
2025-01-06,2025-01-06_中京11R_万葉S,3倍以上,馬連,5,10,1000,610
2025-01-06,2025-01-06_中京11R_万葉S,3倍以上,馬連,6,15,1500,610
2025-01-06,2025-01-06_中京12R_4歳以上2勝クラス,1倍台,ワイド,3,3,300,0
2025-01-06,2025-01-06_中京12R_4歳以上2勝クラス,1倍台,ワイド,4,6,600,0
2025-01-06,2025-01-06_中京12R_4歳以上2勝クラス,1倍台,ワイド,5,10,1000,0
2025-01-06,2025-01-06_中京12R_4歳以上2勝クラス,1倍台,ワイド,6,15,1500,690
2025-01-06,2025-01-06_中京12R_4歳以上2勝クラス,1倍台,馬連,3,3,300,0
2025-01-06,2025-01-06_中京12R_4歳以上2勝クラス,1倍台,馬連,4,6,600,0
2025-01-06,2025-01-06_中京12R_4歳以上2勝クラス,1倍台,馬連,5,10,1000,0
2025-01-06,2025-01-06_中京12R_4歳以上2勝クラス,1倍台,馬連,6,15,1500,2530
2025-01-06,2025-01-06_中山09R_初茜賞,1倍台,ワイド,3,3,300,320
2025-01-06,2025-01-06_中山09R_初茜賞,1倍台,ワイド,4,6,600,320
2025-01-06,2025-01-06_中山09R_初茜賞,1倍台,ワイド,5,10,1000,1860
2025-01-06,2025-01-06_中山09R_初茜賞,1倍台,ワイド,6,15,1500,1860
2025-01-06,2025-01-06_中山09R_初茜賞,1倍台,馬連,3,3,300,910
2025-01-06,2025-01-06_中山09R_初茜賞,1倍台,馬連,4,6,600,910
2025-01-06,2025-01-06_中山09R_初茜賞,1倍台,馬連,5,10,1000,910
2025-01-06,2025-01-06_中山09R_初茜賞,1倍台,馬連,6,15,1500,910
2025-01-06,2025-01-06_中山10R_初日の出賞,3倍以上,ワイド,3,3,300,630
2025-01-06,2025-01-06_中山10R_初日の出賞,3倍以上,ワイド,4,6,600,1910
2025-01-06,2025-01-06_中山10R_初日の出賞,3倍以上,ワイド,5,10,1000,1910
2025-01-06,2025-01-06_中山10R_初日の出賞,3倍以上,ワイド,6,15,1500,1910
2025-01-06,2025-01-06_中山10R_初日の出賞,3倍以上,馬連,3,3,300,0
2025-01-06,2025-01-06_中山10R_初日の出賞,3倍以上,馬連,4,6,600,2200
2025-01-06,2025-01-06_中山10R_初日の出賞,3倍以上,馬連,5,10,1000,2200
2025-01-06,2025-01-06_中山10R_初日の出賞,3倍以上,馬連,6,15,1500,2200
2025-01-06,2025-01-06_中山11R_サンライズS,2倍台,ワイド,3,3,300,430
2025-01-06,2025-01-06_中山11R_サンライズS,2倍台,ワイド,4,6,600,3220
2025-01-06,2025-01-06_中山11R_サンライズS,2倍台,ワイド,5,10,1000,3220
2025-01-06,2025-01-06_中山11R_サンライズS,2倍台,ワイド,6,15,1500,3220
2025-01-06,2025-01-06_中山11R_サンライズS,2倍台,馬連,3,3,300,0
2025-01-06,2025-01-06_中山11R_サンライズS,2倍台,馬連,4,6,600,2250
2025-01-06,2025-01-06_中山11R_サンライズS,2倍台,馬連,5,10,1000,2250
2025-01-06,2025-01-06_中山11R_サンライズS,2倍台,馬連,6,15,1500,2250
2025-01-06,2025-01-06_中山12R_4歳以上1勝クラス,2倍台,ワイド,3,3,300,0
2025-01-06,2025-01-06_中山12R_4歳以上1勝クラス,2倍台,ワイド,4,6,600,0
2025-01-06,2025-01-06_中山12R_4歳以上1勝クラス,2倍台,ワイド,5,10,1000,0
2025-01-06,2025-01-06_中山12R_4歳以上1勝クラス,2倍台,ワイド,6,15,1500,0
2025-01-06,2025-01-06_中山12R_4歳以上1勝クラス,2倍台,馬連,3,3,300,0
2025-01-06,2025-01-06_中山12R_4歳以上1勝クラス,2倍台,馬連,4,6,600,0
2025-01-06,2025-01-06_中山12R_4歳以上1勝クラス,2倍台,馬連,5,10,1000,0
2025-01-06,2025-01-06_中山12R_4歳以上1勝クラス,2倍台,馬連,6,15,1500,0
2025-01-11,2025-01-11_中京09R_渥美特別,2倍台,ワイド,3,3,300,0
2025-01-11,2025-01-11_中京09R_渥美特別,2倍台,ワイド,4,6,600,0
2025-01-11,2025-01-11_中京09R_渥美特別,2倍台,ワイド,5,10,1000,0
2025-01-11,2025-01-11_中京09R_渥美特別,2倍台,ワイド,6,15,1500,0
2025-01-11,2025-01-11_中京09R_渥美特別,2倍台,馬連,3,3,300,0
2025-01-11,2025-01-11_中京09R_渥美特別,2倍台,馬連,4,6,600,0
2025-01-11,2025-01-11_中京09R_渥美特別,2倍台,馬連,5,10,1000,0
2025-01-11,2025-01-11_中京09R_渥美特別,2倍台,馬連,6,15,1500,0
2025-01-11,2025-01-11_中京10R_恵那特別,1倍台,ワイド,3,3,300,500
2025-01-11,2025-01-11_中京10R_恵那特別,1倍台,ワイド,4,6,600,500
2025-01-11,2025-01-11_中京10R_恵那特別,1倍台,ワイド,5,10,1000,500
2025-01-11,2025-01-11_中京10R_恵那特別,1倍台,ワイド,6,15,1500,500
2025-01-11,2025-01-11_中京10R_恵那特別,1倍台,馬連,3,3,300,1230
2025-01-11,2025-01-11_中京10R_恵那特別,1倍台,馬連,4,6,600,1230
2025-01-11,2025-01-11_中京10R_恵那特別,1倍台,馬連,5,10,1000,1230
2025-01-11,2025-01-11_中京10R_恵那特別,1倍台,馬連,6,15,1500,1230
2025-01-11,2025-01-11_中京11R_すばるS,3倍以上,ワイド,3,3,300,0
2025-01-11,2025-01-11_中京11R_すばるS,3倍以上,ワイド,4,6,600,0
2025-01-11,2025-01-11_中京11R_すばるS,3倍以上,ワイド,5,10,1000,0
2025-01-11,2025-01-11_中京11R_すばるS,3倍以上,ワイド,6,15,1500,930
2025-01-11,2025-01-11_中京11R_すばるS,3倍以上,馬連,3,3,300,0
2025-01-11,2025-01-11_中京11R_すばるS,3倍以上,馬連,4,6,600,0
2025-01-11,2025-01-11_中京11R_すばるS,3倍以上,馬連,5,10,1000,0
2025-01-11,2025-01-11_中京11R_すばるS,3倍以上,馬連,6,15,1500,0
2025-01-11,2025-01-11_中京12R_3歳未勝利,3倍以上,ワイド,3,3,300,0
2025-01-11,2025-01-11_中京12R_3歳未勝利,3倍以上,ワイド,4,6,600,0
2025-01-11,2025-01-11_中京12R_3歳未勝利,3倍以上,ワイド,5,10,1000,0
2025-01-11,2025-01-11_中京12R_3歳未勝利,3倍以上,ワイド,6,15,1500,470
2025-01-11,2025-01-11_中京12R_3歳未勝利,3倍以上,馬連,3,3,300,0
2025-01-11,2025-01-11_中京12R_3歳未勝利,3倍以上,馬連,4,6,600,0
2025-01-11,2025-01-11_中京12R_3歳未勝利,3倍以上,馬連,5,10,1000,0
2025-01-11,2025-01-11_中京12R_3歳未勝利,3倍以上,馬連,6,15,1500,0
2025-01-11,2025-01-11_中山09R_黒竹賞,2倍台,ワイド,3,3,300,320
2025-01-11,2025-01-11_中山09R_黒竹賞,2倍台,ワイド,4,6,600,320
2025-01-11,2025-01-11_中山09R_黒竹賞,2倍台,ワイド,5,10,1000,320
2025-01-11,2025-01-11_中山09R_黒竹賞,2倍台,ワイド,6,15,1500,2200
2025-01-11,2025-01-11_中山09R_黒竹賞,2倍台,馬連,3,3,300,810
2025-01-11,2025-01-11_中山09R_黒竹賞,2倍台,馬連,4,6,600,810
2025-01-11,2025-01-11_中山09R_黒竹賞,2倍台,馬連,5,10,1000,810
2025-01-11,2025-01-11_中山09R_黒竹賞,2倍台,馬連,6,15,1500,810
2025-01-11,2025-01-11_中山10R_初凪賞,3倍以上,ワイド,3,3,300,0
2025-01-11,2025-01-11_中山10R_初凪賞,3倍以上,ワイド,4,6,600,460
2025-01-11,2025-01-11_中山10R_初凪賞,3倍以上,ワイド,5,10,1000,460
2025-01-11,2025-01-11_中山10R_初凪賞,3倍以上,ワイド,6,15,1500,460
2025-01-11,2025-01-11_中山10R_初凪賞,3倍以上,馬連,3,3,300,0
2025-01-11,2025-01-11_中山10R_初凪賞,3倍以上,馬連,4,6,600,970
2025-01-11,2025-01-11_中山10R_初凪賞,3倍以上,馬連,5,10,1000,970
2025-01-11,2025-01-11_中山10R_初凪賞,3倍以上,馬連,6,15,1500,970
2025-01-11,2025-01-11_中山11R_迎春S,3倍以上,ワイド,3,3,300,0
2025-01-11,2025-01-11_中山11R_迎春S,3倍以上,ワイド,4,6,600,0
2025-01-11,2025-01-11_中山11R_迎春S,3倍以上,ワイド,5,10,1000,0
2025-01-11,2025-01-11_中山11R_迎春S,3倍以上,ワイド,6,15,1500,0
2025-01-11,2025-01-11_中山11R_迎春S,3倍以上,馬連,3,3,300,0
2025-01-11,2025-01-11_中山11R_迎春S,3倍以上,馬連,4,6,600,0
2025-01-11,2025-01-11_中山11R_迎春S,3倍以上,馬連,5,10,1000,0
2025-01-11,2025-01-11_中山11R_迎春S,3倍以上,馬連,6,15,1500,0
2025-01-11,2025-01-11_中山12R_4歳以上2勝クラス,3倍以上,ワイド,3,3,300,260
2025-01-11,2025-01-11_中山12R_4歳以上2勝クラス,3倍以上,ワイド,4,6,600,260
2025-01-11,2025-01-11_中山12R_4歳以上2勝クラス,3倍以上,ワイド,5,10,1000,830
2025-01-11,2025-01-11_中山12R_4歳以上2勝クラス,3倍以上,ワイド,6,15,1500,830
2025-01-11,2025-01-11_中山12R_4歳以上2勝クラス,3倍以上,馬連,3,3,300,0
2025-01-11,2025-01-11_中山12R_4歳以上2勝クラス,3倍以上,馬連,4,6,600,0
2025-01-11,2025-01-11_中山12R_4歳以上2勝クラス,3倍以上,馬連,5,10,1000,830
2025-01-11,2025-01-11_中山12R_4歳以上2勝クラス,3倍以上,馬連,6,15,1500,830
2025-01-12,2025-01-12_中京09R_天白川特別,1倍台,ワイド,3,3,300,0
2025-01-12,2025-01-12_中京09R_天白川特別,1倍台,ワイド,4,6,600,0
2025-01-12,2025-01-12_中京09R_天白川特別,1倍台,ワイド,5,10,1000,170
2025-01-12,2025-01-12_中京09R_天白川特別,1倍台,ワイド,6,15,1500,170
2025-01-12,2025-01-12_中京09R_天白川特別,1倍台,馬連,3,3,300,0
2025-01-12,2025-01-12_中京09R_天白川特別,1倍台,馬連,4,6,600,0
2025-01-12,2025-01-12_中京09R_天白川特別,1倍台,馬連,5,10,1000,310
2025-01-12,2025-01-12_中京09R_天白川特別,1倍台,馬連,6,15,1500,310
2025-01-12,2025-01-12_中京10R_新春S,1倍台,ワイド,3,3,300,0
2025-01-12,2025-01-12_中京10R_新春S,1倍台,ワイド,4,6,600,290
2025-01-12,2025-01-12_中京10R_新春S,1倍台,ワイド,5,10,1000,290
2025-01-12,2025-01-12_中京10R_新春S,1倍台,ワイド,6,15,1500,290
2025-01-12,2025-01-12_中京10R_新春S,1倍台,馬連,3,3,300,0
2025-01-12,2025-01-12_中京10R_新春S,1倍台,馬連,4,6,600,0
2025-01-12,2025-01-12_中京10R_新春S,1倍台,馬連,5,10,1000,0
2025-01-12,2025-01-12_中京10R_新春S,1倍台,馬連,6,15,1500,0
2025-01-12,2025-01-12_中京11R_淀短距離S,1倍台,ワイド,3,3,300,0
2025-01-12,2025-01-12_中京11R_淀短距離S,1倍台,ワイド,4,6,600,0
2025-01-12,2025-01-12_中京11R_淀短距離S,1倍台,ワイド,5,10,1000,0
2025-01-12,2025-01-12_中京11R_淀短距離S,1倍台,ワイド,6,15,1500,0
2025-01-12,2025-01-12_中京11R_淀短距離S,1倍台,馬連,3,3,300,0
2025-01-12,2025-01-12_中京11R_淀短距離S,1倍台,馬連,4,6,600,0
2025-01-12,2025-01-12_中京11R_淀短距離S,1倍台,馬連,5,10,1000,0
2025-01-12,2025-01-12_中京11R_淀短距離S,1倍台,馬連,6,15,1500,0
2025-01-12,2025-01-12_中京12R_4歳以上1勝クラス,2倍台,ワイド,3,3,300,0
2025-01-12,2025-01-12_中京12R_4歳以上1勝クラス,2倍台,ワイド,4,6,600,0
2025-01-12,2025-01-12_中京12R_4歳以上1勝クラス,2倍台,ワイド,5,10,1000,1100
2025-01-12,2025-01-12_中京12R_4歳以上1勝クラス,2倍台,ワイド,6,15,1500,2100
2025-01-12,2025-01-12_中京12R_4歳以上1勝クラス,2倍台,馬連,3,3,300,0
2025-01-12,2025-01-12_中京12R_4歳以上1勝クラス,2倍台,馬連,4,6,600,0
2025-01-12,2025-01-12_中京12R_4歳以上1勝クラス,2倍台,馬連,5,10,1000,0
2025-01-12,2025-01-12_中京12R_4歳以上1勝クラス,2倍台,馬連,6,15,1500,560
2025-01-12,2025-01-12_中山09R_初咲賞,3倍以上,ワイド,3,3,300,320
2025-01-12,2025-01-12_中山09R_初咲賞,3倍以上,ワイド,4,6,600,320
2025-01-12,2025-01-12_中山09R_初咲賞,3倍以上,ワイド,5,10,1000,320
2025-01-12,2025-01-12_中山09R_初咲賞,3倍以上,ワイド,6,15,1500,320
2025-01-12,2025-01-12_中山09R_初咲賞,3倍以上,馬連,3,3,300,820
2025-01-12,2025-01-12_中山09R_初咲賞,3倍以上,馬連,4,6,600,820
2025-01-12,2025-01-12_中山09R_初咲賞,3倍以上,馬連,5,10,1000,820
2025-01-12,2025-01-12_中山09R_初咲賞,3倍以上,馬連,6,15,1500,820
2025-01-12,2025-01-12_中山10R_ポルックスS,3倍以上,ワイド,3,3,300,380
2025-01-12,2025-01-12_中山10R_ポルックスS,3倍以上,ワイド,4,6,600,380
2025-01-12,2025-01-12_中山10R_ポルックスS,3倍以上,ワイド,5,10,1000,380
2025-01-12,2025-01-12_中山10R_ポルックスS,3倍以上,ワイド,6,15,1500,380
2025-01-12,2025-01-12_中山10R_ポルックスS,3倍以上,馬連,3,3,300,920
2025-01-12,2025-01-12_中山10R_ポルックスS,3倍以上,馬連,4,6,600,920
2025-01-12,2025-01-12_中山10R_ポルックスS,3倍以上,馬連,5,10,1000,920
2025-01-12,2025-01-12_中山10R_ポルックスS,3倍以上,馬連,6,15,1500,920
2025-01-12,2025-01-12_中山11R_フェアリーS,3倍以上,ワイド,3,3,300,0
2025-01-12,2025-01-12_中山11R_フェアリーS,3倍以上,ワイド,4,6,600,0
2025-01-12,2025-01-12_中山11R_フェアリーS,3倍以上,ワイド,5,10,1000,0
2025-01-12,2025-01-12_中山11R_フェアリーS,3倍以上,ワイド,6,15,1500,0
2025-01-12,2025-01-12_中山11R_フェアリーS,3倍以上,馬連,3,3,300,0
2025-01-12,2025-01-12_中山11R_フェアリーS,3倍以上,馬連,4,6,600,0
2025-01-12,2025-01-12_中山11R_フェアリーS,3倍以上,馬連,5,10,1000,0
2025-01-12,2025-01-12_中山11R_フェアリーS,3倍以上,馬連,6,15,1500,0
2025-01-12,2025-01-12_中山12R_4歳以上2勝クラス,2倍台,ワイド,3,3,300,1310
2025-01-12,2025-01-12_中山12R_4歳以上2勝クラス,2倍台,ワイド,4,6,600,1310
2025-01-12,2025-01-12_中山12R_4歳以上2勝クラス,2倍台,ワイド,5,10,1000,1310
2025-01-12,2025-01-12_中山12R_4歳以上2勝クラス,2倍台,ワイド,6,15,1500,1310
2025-01-12,2025-01-12_中山12R_4歳以上2勝クラス,2倍台,馬連,3,3,300,850
2025-01-12,2025-01-12_中山12R_4歳以上2勝クラス,2倍台,馬連,4,6,600,850
2025-01-12,2025-01-12_中山12R_4歳以上2勝クラス,2倍台,馬連,5,10,1000,850
2025-01-12,2025-01-12_中山12R_4歳以上2勝クラス,2倍台,馬連,6,15,1500,850
2025-01-13,2025-01-13_中京09R_鳥羽特別,3倍以上,ワイド,3,3,300,0
2025-01-13,2025-01-13_中京09R_鳥羽特別,3倍以上,ワイド,4,6,600,0
2025-01-13,2025-01-13_中京09R_鳥羽特別,3倍以上,ワイド,5,10,1000,540
2025-01-13,2025-01-13_中京09R_鳥羽特別,3倍以上,ワイド,6,15,1500,540
2025-01-13,2025-01-13_中京09R_鳥羽特別,3倍以上,馬連,3,3,300,0
2025-01-13,2025-01-13_中京09R_鳥羽特別,3倍以上,馬連,4,6,600,0
2025-01-13,2025-01-13_中京09R_鳥羽特別,3倍以上,馬連,5,10,1000,0
2025-01-13,2025-01-13_中京09R_鳥羽特別,3倍以上,馬連,6,15,1500,0
2025-01-13,2025-01-13_中京10R_雅S,2倍台,ワイド,3,3,300,0
2025-01-13,2025-01-13_中京10R_雅S,2倍台,ワイド,4,6,600,0
2025-01-13,2025-01-13_中京10R_雅S,2倍台,ワイド,5,10,1000,0
2025-01-13,2025-01-13_中京10R_雅S,2倍台,ワイド,6,15,1500,570
2025-01-13,2025-01-13_中京10R_雅S,2倍台,馬連,3,3,300,0
2025-01-13,2025-01-13_中京10R_雅S,2倍台,馬連,4,6,600,0
2025-01-13,2025-01-13_中京10R_雅S,2倍台,馬連,5,10,1000,0
2025-01-13,2025-01-13_中京10R_雅S,2倍台,馬連,6,15,1500,1110
2025-01-13,2025-01-13_中京11R_シンザン記念,3倍以上,ワイド,3,3,300,0
2025-01-13,2025-01-13_中京11R_シンザン記念,3倍以上,ワイド,4,6,600,0
2025-01-13,2025-01-13_中京11R_シンザン記念,3倍以上,ワイド,5,10,1000,0
2025-01-13,2025-01-13_中京11R_シンザン記念,3倍以上,ワイド,6,15,1500,0
2025-01-13,2025-01-13_中京11R_シンザン記念,3倍以上,馬連,3,3,300,0
2025-01-13,2025-01-13_中京11R_シンザン記念,3倍以上,馬連,4,6,600,0
2025-01-13,2025-01-13_中京11R_シンザン記念,3倍以上,馬連,5,10,1000,0
2025-01-13,2025-01-13_中京11R_シンザン記念,3倍以上,馬連,6,15,1500,0
2025-01-13,2025-01-13_中京12R_4歳以上2勝クラス,3倍以上,ワイド,3,3,300,0
2025-01-13,2025-01-13_中京12R_4歳以上2勝クラス,3倍以上,ワイド,4,6,600,0
2025-01-13,2025-01-13_中京12R_4歳以上2勝クラス,3倍以上,ワイド,5,10,1000,0
2025-01-13,2025-01-13_中京12R_4歳以上2勝クラス,3倍以上,ワイド,6,15,1500,0
2025-01-13,2025-01-13_中京12R_4歳以上2勝クラス,3倍以上,馬連,3,3,300,0
2025-01-13,2025-01-13_中京12R_4歳以上2勝クラス,3倍以上,馬連,4,6,600,0
2025-01-13,2025-01-13_中京12R_4歳以上2勝クラス,3倍以上,馬連,5,10,1000,0
2025-01-13,2025-01-13_中京12R_4歳以上2勝クラス,3倍以上,馬連,6,15,1500,0
2025-01-13,2025-01-13_中山09R_成田特別,3倍以上,ワイド,3,3,300,420
2025-01-13,2025-01-13_中山09R_成田特別,3倍以上,ワイド,4,6,600,420
2025-01-13,2025-01-13_中山09R_成田特別,3倍以上,ワイド,5,10,1000,420
2025-01-13,2025-01-13_中山09R_成田特別,3倍以上,ワイド,6,15,1500,2030
2025-01-13,2025-01-13_中山09R_成田特別,3倍以上,馬連,3,3,300,1250
2025-01-13,2025-01-13_中山09R_成田特別,3倍以上,馬連,4,6,600,1250
2025-01-13,2025-01-13_中山09R_成田特別,3倍以上,馬連,5,10,1000,1250
2025-01-13,2025-01-13_中山09R_成田特別,3倍以上,馬連,6,15,1500,1250
2025-01-13,2025-01-13_中山10R_初春S,2倍台,ワイド,3,3,300,0
2025-01-13,2025-01-13_中山10R_初春S,2倍台,ワイド,4,6,600,0
2025-01-13,2025-01-13_中山10R_初春S,2倍台,ワイド,5,10,1000,0
2025-01-13,2025-01-13_中山10R_初春S,2倍台,ワイド,6,15,1500,2110
2025-01-13,2025-01-13_中山10R_初春S,2倍台,馬連,3,3,300,0
2025-01-13,2025-01-13_中山10R_初春S,2倍台,馬連,4,6,600,0
2025-01-13,2025-01-13_中山10R_初春S,2倍台,馬連,5,10,1000,0
2025-01-13,2025-01-13_中山10R_初春S,2倍台,馬連,6,15,1500,0
2025-01-13,2025-01-13_中山11R_ニューイヤーS,2倍台,ワイド,3,3,300,0
2025-01-13,2025-01-13_中山11R_ニューイヤーS,2倍台,ワイド,4,6,600,0
2025-01-13,2025-01-13_中山11R_ニューイヤーS,2倍台,ワイド,5,10,1000,0
2025-01-13,2025-01-13_中山11R_ニューイヤーS,2倍台,ワイド,6,15,1500,550
2025-01-13,2025-01-13_中山11R_ニューイヤーS,2倍台,馬連,3,3,300,0
2025-01-13,2025-01-13_中山11R_ニューイヤーS,2倍台,馬連,4,6,600,0
2025-01-13,2025-01-13_中山11R_ニューイヤーS,2倍台,馬連,5,10,1000,0
2025-01-13,2025-01-13_中山11R_ニューイヤーS,2倍台,馬連,6,15,1500,0
2025-01-13,2025-01-13_中山12R_4歳以上1勝クラス,3倍以上,ワイド,3,3,300,0
2025-01-13,2025-01-13_中山12R_4歳以上1勝クラス,3倍以上,ワイド,4,6,600,0
2025-01-13,2025-01-13_中山12R_4歳以上1勝クラス,3倍以上,ワイド,5,10,1000,800
2025-01-13,2025-01-13_中山12R_4歳以上1勝クラス,3倍以上,ワイド,6,15,1500,800
2025-01-13,2025-01-13_中山12R_4歳以上1勝クラス,3倍以上,馬連,3,3,300,0
2025-01-13,2025-01-13_中山12R_4歳以上1勝クラス,3倍以上,馬連,4,6,600,0
2025-01-13,2025-01-13_中山12R_4歳以上1勝クラス,3倍以上,馬連,5,10,1000,0
2025-01-13,2025-01-13_中山12R_4歳以上1勝クラス,3倍以上,馬連,6,15,1500,0
2025-01-18,2025-01-18_中京09R_濃尾特別,3倍以上,ワイド,3,3,300,0
2025-01-18,2025-01-18_中京09R_濃尾特別,3倍以上,ワイド,4,6,600,0
2025-01-18,2025-01-18_中京09R_濃尾特別,3倍以上,ワイド,5,10,1000,0
2025-01-18,2025-01-18_中京09R_濃尾特別,3倍以上,ワイド,6,15,1500,0
2025-01-18,2025-01-18_中京09R_濃尾特別,3倍以上,馬連,3,3,300,0
2025-01-18,2025-01-18_中京09R_濃尾特別,3倍以上,馬連,4,6,600,0
2025-01-18,2025-01-18_中京09R_濃尾特別,3倍以上,馬連,5,10,1000,0
2025-01-18,2025-01-18_中京09R_濃尾特別,3倍以上,馬連,6,15,1500,0
2025-01-18,2025-01-18_中京10R_紅梅S,3倍以上,ワイド,3,3,300,0
2025-01-18,2025-01-18_中京10R_紅梅S,3倍以上,ワイド,4,6,600,0
2025-01-18,2025-01-18_中京10R_紅梅S,3倍以上,ワイド,5,10,1000,390
2025-01-18,2025-01-18_中京10R_紅梅S,3倍以上,ワイド,6,15,1500,390
2025-01-18,2025-01-18_中京10R_紅梅S,3倍以上,馬連,3,3,300,0
2025-01-18,2025-01-18_中京10R_紅梅S,3倍以上,馬連,4,6,600,0
2025-01-18,2025-01-18_中京10R_紅梅S,3倍以上,馬連,5,10,1000,0
2025-01-18,2025-01-18_中京10R_紅梅S,3倍以上,馬連,6,15,1500,0
2025-01-18,2025-01-18_中京11R_遠江S,2倍台,ワイド,3,3,300,0
2025-01-18,2025-01-18_中京11R_遠江S,2倍台,ワイド,4,6,600,0
2025-01-18,2025-01-18_中京11R_遠江S,2倍台,ワイド,5,10,1000,0
2025-01-18,2025-01-18_中京11R_遠江S,2倍台,ワイド,6,15,1500,2100
2025-01-18,2025-01-18_中京11R_遠江S,2倍台,馬連,3,3,300,0
2025-01-18,2025-01-18_中京11R_遠江S,2倍台,馬連,4,6,600,0
2025-01-18,2025-01-18_中京11R_遠江S,2倍台,馬連,5,10,1000,0
2025-01-18,2025-01-18_中京11R_遠江S,2倍台,馬連,6,15,1500,0
2025-01-18,2025-01-18_中京12R_4歳以上2勝クラス,3倍以上,ワイド,3,3,300,2180
2025-01-18,2025-01-18_中京12R_4歳以上2勝クラス,3倍以上,ワイド,4,6,600,2180
2025-01-18,2025-01-18_中京12R_4歳以上2勝クラス,3倍以上,ワイド,5,10,1000,2180
2025-01-18,2025-01-18_中京12R_4歳以上2勝クラス,3倍以上,ワイド,6,15,1500,2180
2025-01-18,2025-01-18_中京12R_4歳以上2勝クラス,3倍以上,馬連,3,3,300,520
2025-01-18,2025-01-18_中京12R_4歳以上2勝クラス,3倍以上,馬連,4,6,600,520
2025-01-18,2025-01-18_中京12R_4歳以上2勝クラス,3倍以上,馬連,5,10,1000,520
2025-01-18,2025-01-18_中京12R_4歳以上2勝クラス,3倍以上,馬連,6,15,1500,520
2025-01-18,2025-01-18_中山09R_菜の花賞,1倍台,ワイド,3,3,300,0
2025-01-18,2025-01-18_中山09R_菜の花賞,1倍台,ワイド,4,6,600,630
2025-01-18,2025-01-18_中山09R_菜の花賞,1倍台,ワイド,5,10,1000,630
2025-01-18,2025-01-18_中山09R_菜の花賞,1倍台,ワイド,6,15,1500,630
2025-01-18,2025-01-18_中山09R_菜の花賞,1倍台,馬連,3,3,300,0
2025-01-18,2025-01-18_中山09R_菜の花賞,1倍台,馬連,4,6,600,0
2025-01-18,2025-01-18_中山09R_菜の花賞,1倍台,馬連,5,10,1000,0
2025-01-18,2025-01-18_中山09R_菜の花賞,1倍台,馬連,6,15,1500,0
2025-01-18,2025-01-18_中山10R_アレキサンドライトS,3倍以上,ワイド,3,3,300,0
2025-01-18,2025-01-18_中山10R_アレキサンドライトS,3倍以上,ワイド,4,6,600,410
2025-01-18,2025-01-18_中山10R_アレキサンドライトS,3倍以上,ワイド,5,10,1000,410
2025-01-18,2025-01-18_中山10R_アレキサンドライトS,3倍以上,ワイド,6,15,1500,410
2025-01-18,2025-01-18_中山10R_アレキサンドライトS,3倍以上,馬連,3,3,300,0
2025-01-18,2025-01-18_中山10R_アレキサンドライトS,3倍以上,馬連,4,6,600,920
2025-01-18,2025-01-18_中山10R_アレキサンドライトS,3倍以上,馬連,5,10,1000,920
2025-01-18,2025-01-18_中山10R_アレキサンドライトS,3倍以上,馬連,6,15,1500,920
2025-01-18,2025-01-18_中山11R_カーバンクルS,3倍以上,ワイド,3,3,300,0
2025-01-18,2025-01-18_中山11R_カーバンクルS,3倍以上,ワイド,4,6,600,940
2025-01-18,2025-01-18_中山11R_カーバンクルS,3倍以上,ワイド,5,10,1000,940
2025-01-18,2025-01-18_中山11R_カーバンクルS,3倍以上,ワイド,6,15,1500,940
2025-01-18,2025-01-18_中山11R_カーバンクルS,3倍以上,馬連,3,3,300,0
2025-01-18,2025-01-18_中山11R_カーバンクルS,3倍以上,馬連,4,6,600,0
2025-01-18,2025-01-18_中山11R_カーバンクルS,3倍以上,馬連,5,10,1000,0
2025-01-18,2025-01-18_中山11R_カーバンクルS,3倍以上,馬連,6,15,1500,0
2025-01-18,2025-01-18_中山12R_4歳以上1勝クラス,2倍台,ワイド,3,3,300,170
2025-01-18,2025-01-18_中山12R_4歳以上1勝クラス,2倍台,ワイド,4,6,600,170
2025-01-18,2025-01-18_中山12R_4歳以上1勝クラス,2倍台,ワイド,5,10,1000,170
2025-01-18,2025-01-18_中山12R_4歳以上1勝クラス,2倍台,ワイド,6,15,1500,170
2025-01-18,2025-01-18_中山12R_4歳以上1勝クラス,2倍台,馬連,3,3,300,0
2025-01-18,2025-01-18_中山12R_4歳以上1勝クラス,2倍台,馬連,4,6,600,0
2025-01-18,2025-01-18_中山12R_4歳以上1勝クラス,2倍台,馬連,5,10,1000,0
2025-01-18,2025-01-18_中山12R_4歳以上1勝クラス,2倍台,馬連,6,15,1500,0
2025-01-19,2025-01-19_中京09R_西尾特別,2倍台,ワイド,3,3,300,0
2025-01-19,2025-01-19_中京09R_西尾特別,2倍台,ワイド,4,6,600,0
2025-01-19,2025-01-19_中京09R_西尾特別,2倍台,ワイド,5,10,1000,590
2025-01-19,2025-01-19_中京09R_西尾特別,2倍台,ワイド,6,15,1500,1540
2025-01-19,2025-01-19_中京09R_西尾特別,2倍台,馬連,3,3,300,0
2025-01-19,2025-01-19_中京09R_西尾特別,2倍台,馬連,4,6,600,0
2025-01-19,2025-01-19_中京09R_西尾特別,2倍台,馬連,5,10,1000,0
2025-01-19,2025-01-19_中京09R_西尾特別,2倍台,馬連,6,15,1500,1310
2025-01-19,2025-01-19_中京10R_豊川特別,1倍台,ワイド,3,3,300,0
2025-01-19,2025-01-19_中京10R_豊川特別,1倍台,ワイド,4,6,600,0
2025-01-19,2025-01-19_中京10R_豊川特別,1倍台,ワイド,5,10,1000,760
2025-01-19,2025-01-19_中京10R_豊川特別,1倍台,ワイド,6,15,1500,760
2025-01-19,2025-01-19_中京10R_豊川特別,1倍台,馬連,3,3,300,0
2025-01-19,2025-01-19_中京10R_豊川特別,1倍台,馬連,4,6,600,0
2025-01-19,2025-01-19_中京10R_豊川特別,1倍台,馬連,5,10,1000,1560
2025-01-19,2025-01-19_中京10R_豊川特別,1倍台,馬連,6,15,1500,1560
2025-01-19,2025-01-19_中京11R_日経新春杯,3倍以上,ワイド,3,3,300,0
2025-01-19,2025-01-19_中京11R_日経新春杯,3倍以上,ワイド,4,6,600,1390
2025-01-19,2025-01-19_中京11R_日経新春杯,3倍以上,ワイド,5,10,1000,1390
2025-01-19,2025-01-19_中京11R_日経新春杯,3倍以上,ワイド,6,15,1500,1390
2025-01-19,2025-01-19_中京11R_日経新春杯,3倍以上,馬連,3,3,300,0
2025-01-19,2025-01-19_中京11R_日経新春杯,3倍以上,馬連,4,6,600,0
2025-01-19,2025-01-19_中京11R_日経新春杯,3倍以上,馬連,5,10,1000,0
2025-01-19,2025-01-19_中京11R_日経新春杯,3倍以上,馬連,6,15,1500,0
2025-01-19,2025-01-19_中京12R_4歳以上1勝クラス,2倍台,ワイド,3,3,300,680
2025-01-19,2025-01-19_中京12R_4歳以上1勝クラス,2倍台,ワイド,4,6,600,680
2025-01-19,2025-01-19_中京12R_4歳以上1勝クラス,2倍台,ワイド,5,10,1000,680
2025-01-19,2025-01-19_中京12R_4歳以上1勝クラス,2倍台,ワイド,6,15,1500,680
2025-01-19,2025-01-19_中京12R_4歳以上1勝クラス,2倍台,馬連,3,3,300,0
2025-01-19,2025-01-19_中京12R_4歳以上1勝クラス,2倍台,馬連,4,6,600,0
2025-01-19,2025-01-19_中京12R_4歳以上1勝クラス,2倍台,馬連,5,10,1000,0
2025-01-19,2025-01-19_中京12R_4歳以上1勝クラス,2倍台,馬連,6,15,1500,0
2025-01-19,2025-01-19_中山09R_若潮S,3倍以上,ワイド,3,3,300,0
2025-01-19,2025-01-19_中山09R_若潮S,3倍以上,ワイド,4,6,600,0
2025-01-19,2025-01-19_中山09R_若潮S,3倍以上,ワイド,5,10,1000,0
2025-01-19,2025-01-19_中山09R_若潮S,3倍以上,ワイド,6,15,1500,730
2025-01-19,2025-01-19_中山09R_若潮S,3倍以上,馬連,3,3,300,0
2025-01-19,2025-01-19_中山09R_若潮S,3倍以上,馬連,4,6,600,0
2025-01-19,2025-01-19_中山09R_若潮S,3倍以上,馬連,5,10,1000,0
2025-01-19,2025-01-19_中山09R_若潮S,3倍以上,馬連,6,15,1500,0
2025-01-19,2025-01-19_中山10R_ジャニュアリーS,2倍台,ワイド,3,3,300,0
2025-01-19,2025-01-19_中山10R_ジャニュアリーS,2倍台,ワイド,4,6,600,0
2025-01-19,2025-01-19_中山10R_ジャニュアリーS,2倍台,ワイド,5,10,1000,0
2025-01-19,2025-01-19_中山10R_ジャニュアリーS,2倍台,ワイド,6,15,1500,530
2025-01-19,2025-01-19_中山10R_ジャニュアリーS,2倍台,馬連,3,3,300,0
2025-01-19,2025-01-19_中山10R_ジャニュアリーS,2倍台,馬連,4,6,600,0
2025-01-19,2025-01-19_中山10R_ジャニュアリーS,2倍台,馬連,5,10,1000,0
2025-01-19,2025-01-19_中山10R_ジャニュアリーS,2倍台,馬連,6,15,1500,0
2025-01-19,2025-01-19_中山11R_京成杯,3倍以上,ワイド,3,3,300,0
2025-01-19,2025-01-19_中山11R_京成杯,3倍以上,ワイド,4,6,600,0
2025-01-19,2025-01-19_中山11R_京成杯,3倍以上,ワイド,5,10,1000,0
2025-01-19,2025-01-19_中山11R_京成杯,3倍以上,ワイド,6,15,1500,0
2025-01-19,2025-01-19_中山11R_京成杯,3倍以上,馬連,3,3,300,0
2025-01-19,2025-01-19_中山11R_京成杯,3倍以上,馬連,4,6,600,0
2025-01-19,2025-01-19_中山11R_京成杯,3倍以上,馬連,5,10,1000,0
2025-01-19,2025-01-19_中山11R_京成杯,3倍以上,馬連,6,15,1500,0
2025-01-19,2025-01-19_中山12R_3歳未勝利,3倍以上,ワイド,3,3,300,0
2025-01-19,2025-01-19_中山12R_3歳未勝利,3倍以上,ワイド,4,6,600,0
2025-01-19,2025-01-19_中山12R_3歳未勝利,3倍以上,ワイド,5,10,1000,0
2025-01-19,2025-01-19_中山12R_3歳未勝利,3倍以上,ワイド,6,15,1500,720
2025-01-19,2025-01-19_中山12R_3歳未勝利,3倍以上,馬連,3,3,300,0
2025-01-19,2025-01-19_中山12R_3歳未勝利,3倍以上,馬連,4,6,600,0
2025-01-19,2025-01-19_中山12R_3歳未勝利,3倍以上,馬連,5,10,1000,0
2025-01-19,2025-01-19_中山12R_3歳未勝利,3倍以上,馬連,6,15,1500,0
2025-01-25,2025-01-25_中京09R_若駒S,2倍台,ワイド,3,3,300,0
2025-01-25,2025-01-25_中京09R_若駒S,2倍台,ワイド,4,6,600,0
2025-01-25,2025-01-25_中京09R_若駒S,2倍台,ワイド,5,10,1000,0
2025-01-25,2025-01-25_中京09R_若駒S,2倍台,ワイド,6,15,1500,430
2025-01-25,2025-01-25_中京09R_若駒S,2倍台,馬連,3,3,300,0
2025-01-25,2025-01-25_中京09R_若駒S,2倍台,馬連,4,6,600,0
2025-01-25,2025-01-25_中京09R_若駒S,2倍台,馬連,5,10,1000,0
2025-01-25,2025-01-25_中京09R_若駒S,2倍台,馬連,6,15,1500,0
2025-01-25,2025-01-25_中京10R_刈谷特別,1倍台,ワイド,3,3,300,380
2025-01-25,2025-01-25_中京10R_刈谷特別,1倍台,ワイド,4,6,600,380
2025-01-25,2025-01-25_中京10R_刈谷特別,1倍台,ワイド,5,10,1000,380
2025-01-25,2025-01-25_中京10R_刈谷特別,1倍台,ワイド,6,15,1500,380
2025-01-25,2025-01-25_中京10R_刈谷特別,1倍台,馬連,3,3,300,0
2025-01-25,2025-01-25_中京10R_刈谷特別,1倍台,馬連,4,6,600,0
2025-01-25,2025-01-25_中京10R_刈谷特別,1倍台,馬連,5,10,1000,0
2025-01-25,2025-01-25_中京10R_刈谷特別,1倍台,馬連,6,15,1500,0
2025-01-25,2025-01-25_中京11R_瀬戸S,2倍台,ワイド,3,3,300,0
2025-01-25,2025-01-25_中京11R_瀬戸S,2倍台,ワイド,4,6,600,0
2025-01-25,2025-01-25_中京11R_瀬戸S,2倍台,ワイド,5,10,1000,270
2025-01-25,2025-01-25_中京11R_瀬戸S,2倍台,ワイド,6,15,1500,270
2025-01-25,2025-01-25_中京11R_瀬戸S,2倍台,馬連,3,3,300,0
2025-01-25,2025-01-25_中京11R_瀬戸S,2倍台,馬連,4,6,600,0
2025-01-25,2025-01-25_中京11R_瀬戸S,2倍台,馬連,5,10,1000,580
2025-01-25,2025-01-25_中京11R_瀬戸S,2倍台,馬連,6,15,1500,580
2025-01-25,2025-01-25_中京12R_4歳以上1勝クラス,1倍台,ワイド,3,3,300,0
2025-01-25,2025-01-25_中京12R_4歳以上1勝クラス,1倍台,ワイド,4,6,600,0
2025-01-25,2025-01-25_中京12R_4歳以上1勝クラス,1倍台,ワイド,5,10,1000,420
2025-01-25,2025-01-25_中京12R_4歳以上1勝クラス,1倍台,ワイド,6,15,1500,2250
2025-01-25,2025-01-25_中京12R_4歳以上1勝クラス,1倍台,馬連,3,3,300,0
2025-01-25,2025-01-25_中京12R_4歳以上1勝クラス,1倍台,馬連,4,6,600,0
2025-01-25,2025-01-25_中京12R_4歳以上1勝クラス,1倍台,馬連,5,10,1000,0
2025-01-25,2025-01-25_中京12R_4歳以上1勝クラス,1倍台,馬連,6,15,1500,960
2025-01-25,2025-01-25_中山09R_東雲賞,2倍台,ワイド,3,3,300,0
2025-01-25,2025-01-25_中山09R_東雲賞,2倍台,ワイド,4,6,600,0
2025-01-25,2025-01-25_中山09R_東雲賞,2倍台,ワイド,5,10,1000,0
2025-01-25,2025-01-25_中山09R_東雲賞,2倍台,ワイド,6,15,1500,300
2025-01-25,2025-01-25_中山09R_東雲賞,2倍台,馬連,3,3,300,0
2025-01-25,2025-01-25_中山09R_東雲賞,2倍台,馬連,4,6,600,0
2025-01-25,2025-01-25_中山09R_東雲賞,2倍台,馬連,5,10,1000,0
2025-01-25,2025-01-25_中山09R_東雲賞,2倍台,馬連,6,15,1500,0
2025-01-25,2025-01-25_中山10R_初霞賞,1倍台,ワイド,3,3,300,210
2025-01-25,2025-01-25_中山10R_初霞賞,1倍台,ワイド,4,6,600,210
2025-01-25,2025-01-25_中山10R_初霞賞,1倍台,ワイド,5,10,1000,210
2025-01-25,2025-01-25_中山10R_初霞賞,1倍台,ワイド,6,15,1500,210
2025-01-25,2025-01-25_中山10R_初霞賞,1倍台,馬連,3,3,300,0
2025-01-25,2025-01-25_中山10R_初霞賞,1倍台,馬連,4,6,600,0
2025-01-25,2025-01-25_中山10R_初霞賞,1倍台,馬連,5,10,1000,0
2025-01-25,2025-01-25_中山10R_初霞賞,1倍台,馬連,6,15,1500,0
2025-01-25,2025-01-25_中山11R_初富士S,2倍台,ワイド,3,3,300,0
2025-01-25,2025-01-25_中山11R_初富士S,2倍台,ワイド,4,6,600,0
2025-01-25,2025-01-25_中山11R_初富士S,2倍台,ワイド,5,10,1000,8780
2025-01-25,2025-01-25_中山11R_初富士S,2倍台,ワイド,6,15,1500,8780
2025-01-25,2025-01-25_中山11R_初富士S,2倍台,馬連,3,3,300,0
2025-01-25,2025-01-25_中山11R_初富士S,2倍台,馬連,4,6,600,0
2025-01-25,2025-01-25_中山11R_初富士S,2倍台,馬連,5,10,1000,0
2025-01-25,2025-01-25_中山11R_初富士S,2倍台,馬連,6,15,1500,0
2025-01-25,2025-01-25_中山12R_3歳未勝利,2倍台,ワイド,3,3,300,290
2025-01-25,2025-01-25_中山12R_3歳未勝利,2倍台,ワイド,4,6,600,290
2025-01-25,2025-01-25_中山12R_3歳未勝利,2倍台,ワイド,5,10,1000,290
2025-01-25,2025-01-25_中山12R_3歳未勝利,2倍台,ワイド,6,15,1500,290
2025-01-25,2025-01-25_中山12R_3歳未勝利,2倍台,馬連,3,3,300,0
2025-01-25,2025-01-25_中山12R_3歳未勝利,2倍台,馬連,4,6,600,0
2025-01-25,2025-01-25_中山12R_3歳未勝利,2倍台,馬連,5,10,1000,0
2025-01-25,2025-01-25_中山12R_3歳未勝利,2倍台,馬連,6,15,1500,0
2025-01-25,2025-01-25_小倉09R_萌黄賞,1倍台,ワイド,3,3,300,0
2025-01-25,2025-01-25_小倉09R_萌黄賞,1倍台,ワイド,4,6,600,0
2025-01-25,2025-01-25_小倉09R_萌黄賞,1倍台,ワイド,5,10,1000,440
2025-01-25,2025-01-25_小倉09R_萌黄賞,1倍台,ワイド,6,15,1500,3390
2025-01-25,2025-01-25_小倉09R_萌黄賞,1倍台,馬連,3,3,300,0
2025-01-25,2025-01-25_小倉09R_萌黄賞,1倍台,馬連,4,6,600,0
2025-01-25,2025-01-25_小倉09R_萌黄賞,1倍台,馬連,5,10,1000,960
2025-01-25,2025-01-25_小倉09R_萌黄賞,1倍台,馬連,6,15,1500,960
2025-01-25,2025-01-25_小倉10R_企救丘特別,2倍台,ワイド,3,3,300,3350
2025-01-25,2025-01-25_小倉10R_企救丘特別,2倍台,ワイド,4,6,600,3350
2025-01-25,2025-01-25_小倉10R_企救丘特別,2倍台,ワイド,5,10,1000,3350
2025-01-25,2025-01-25_小倉10R_企救丘特別,2倍台,ワイド,6,15,1500,3350
2025-01-25,2025-01-25_小倉10R_企救丘特別,2倍台,馬連,3,3,300,2000
2025-01-25,2025-01-25_小倉10R_企救丘特別,2倍台,馬連,4,6,600,2000
2025-01-25,2025-01-25_小倉10R_企救丘特別,2倍台,馬連,5,10,1000,2000
2025-01-25,2025-01-25_小倉10R_企救丘特別,2倍台,馬連,6,15,1500,2000
2025-01-25,2025-01-25_小倉11R_小倉牝馬S,3倍以上,ワイド,3,3,300,0
2025-01-25,2025-01-25_小倉11R_小倉牝馬S,3倍以上,ワイド,4,6,600,0
2025-01-25,2025-01-25_小倉11R_小倉牝馬S,3倍以上,ワイド,5,10,1000,0
2025-01-25,2025-01-25_小倉11R_小倉牝馬S,3倍以上,ワイド,6,15,1500,0
2025-01-25,2025-01-25_小倉11R_小倉牝馬S,3倍以上,馬連,3,3,300,0
2025-01-25,2025-01-25_小倉11R_小倉牝馬S,3倍以上,馬連,4,6,600,0
2025-01-25,2025-01-25_小倉11R_小倉牝馬S,3倍以上,馬連,5,10,1000,0
2025-01-25,2025-01-25_小倉11R_小倉牝馬S,3倍以上,馬連,6,15,1500,0
2025-01-25,2025-01-25_小倉12R_4歳以上1勝クラス,2倍台,ワイド,3,3,300,0
2025-01-25,2025-01-25_小倉12R_4歳以上1勝クラス,2倍台,ワイド,4,6,600,0
2025-01-25,2025-01-25_小倉12R_4歳以上1勝クラス,2倍台,ワイド,5,10,1000,0
2025-01-25,2025-01-25_小倉12R_4歳以上1勝クラス,2倍台,ワイド,6,15,1500,0
2025-01-25,2025-01-25_小倉12R_4歳以上1勝クラス,2倍台,馬連,3,3,300,0
2025-01-25,2025-01-25_小倉12R_4歳以上1勝クラス,2倍台,馬連,4,6,600,0
2025-01-25,2025-01-25_小倉12R_4歳以上1勝クラス,2倍台,馬連,5,10,1000,0
2025-01-25,2025-01-25_小倉12R_4歳以上1勝クラス,2倍台,馬連,6,15,1500,0
2025-01-26,2025-01-26_中京09R_茶臼山高原特別,2倍台,ワイド,3,3,300,170
2025-01-26,2025-01-26_中京09R_茶臼山高原特別,2倍台,ワイド,4,6,600,170
2025-01-26,2025-01-26_中京09R_茶臼山高原特別,2倍台,ワイド,5,10,1000,170
2025-01-26,2025-01-26_中京09R_茶臼山高原特別,2倍台,ワイド,6,15,1500,530
2025-01-26,2025-01-26_中京09R_茶臼山高原特別,2倍台,馬連,3,3,300,470
2025-01-26,2025-01-26_中京09R_茶臼山高原特別,2倍台,馬連,4,6,600,470
2025-01-26,2025-01-26_中京09R_茶臼山高原特別,2倍台,馬連,5,10,1000,470
2025-01-26,2025-01-26_中京09R_茶臼山高原特別,2倍台,馬連,6,15,1500,470
2025-01-26,2025-01-26_中京10R_トリトンS,2倍台,ワイド,3,3,300,370
2025-01-26,2025-01-26_中京10R_トリトンS,2倍台,ワイド,4,6,600,370
2025-01-26,2025-01-26_中京10R_トリトンS,2倍台,ワイド,5,10,1000,370
2025-01-26,2025-01-26_中京10R_トリトンS,2倍台,ワイド,6,15,1500,2970
2025-01-26,2025-01-26_中京10R_トリトンS,2倍台,馬連,3,3,300,0
2025-01-26,2025-01-26_中京10R_トリトンS,2倍台,馬連,4,6,600,0
2025-01-26,2025-01-26_中京10R_トリトンS,2倍台,馬連,5,10,1000,0
2025-01-26,2025-01-26_中京10R_トリトンS,2倍台,馬連,6,15,1500,6310
2025-01-26,2025-01-26_中京11R_プロキオンS,2倍台,ワイド,3,3,300,600
2025-01-26,2025-01-26_中京11R_プロキオンS,2倍台,ワイド,4,6,600,600
2025-01-26,2025-01-26_中京11R_プロキオンS,2倍台,ワイド,5,10,1000,600
2025-01-26,2025-01-26_中京11R_プロキオンS,2倍台,ワイド,6,15,1500,600
2025-01-26,2025-01-26_中京11R_プロキオンS,2倍台,馬連,3,3,300,0
2025-01-26,2025-01-26_中京11R_プロキオンS,2倍台,馬連,4,6,600,0
2025-01-26,2025-01-26_中京11R_プロキオンS,2倍台,馬連,5,10,1000,0
2025-01-26,2025-01-26_中京11R_プロキオンS,2倍台,馬連,6,15,1500,0
2025-01-26,2025-01-26_中京12R_4歳以上2勝クラス,3倍以上,ワイド,3,3,300,520
2025-01-26,2025-01-26_中京12R_4歳以上2勝クラス,3倍以上,ワイド,4,6,600,520
2025-01-26,2025-01-26_中京12R_4歳以上2勝クラス,3倍以上,ワイド,5,10,1000,520
2025-01-26,2025-01-26_中京12R_4歳以上2勝クラス,3倍以上,ワイド,6,15,1500,520
2025-01-26,2025-01-26_中京12R_4歳以上2勝クラス,3倍以上,馬連,3,3,300,1380
2025-01-26,2025-01-26_中京12R_4歳以上2勝クラス,3倍以上,馬連,4,6,600,1380
2025-01-26,2025-01-26_中京12R_4歳以上2勝クラス,3倍以上,馬連,5,10,1000,1380
2025-01-26,2025-01-26_中京12R_4歳以上2勝クラス,3倍以上,馬連,6,15,1500,1380
2025-01-26,2025-01-26_中山09R_若竹賞,2倍台,ワイド,3,3,300,960
2025-01-26,2025-01-26_中山09R_若竹賞,2倍台,ワイド,4,6,600,960
2025-01-26,2025-01-26_中山09R_若竹賞,2倍台,ワイド,5,10,1000,960
2025-01-26,2025-01-26_中山09R_若竹賞,2倍台,ワイド,6,15,1500,960
2025-01-26,2025-01-26_中山09R_若竹賞,2倍台,馬連,3,3,300,550
2025-01-26,2025-01-26_中山09R_若竹賞,2倍台,馬連,4,6,600,550
2025-01-26,2025-01-26_中山09R_若竹賞,2倍台,馬連,5,10,1000,550
2025-01-26,2025-01-26_中山09R_若竹賞,2倍台,馬連,6,15,1500,550
2025-01-26,2025-01-26_中山10R_江戸川S,2倍台,ワイド,3,3,300,0
2025-01-26,2025-01-26_中山10R_江戸川S,2倍台,ワイド,4,6,600,1130
2025-01-26,2025-01-26_中山10R_江戸川S,2倍台,ワイド,5,10,1000,5470
2025-01-26,2025-01-26_中山10R_江戸川S,2倍台,ワイド,6,15,1500,5470
2025-01-26,2025-01-26_中山10R_江戸川S,2倍台,馬連,3,3,300,0
2025-01-26,2025-01-26_中山10R_江戸川S,2倍台,馬連,4,6,600,0
2025-01-26,2025-01-26_中山10R_江戸川S,2倍台,馬連,5,10,1000,4390
2025-01-26,2025-01-26_中山10R_江戸川S,2倍台,馬連,6,15,1500,4390
2025-01-26,2025-01-26_中山11R_AJCC,2倍台,ワイド,3,3,300,900
2025-01-26,2025-01-26_中山11R_AJCC,2倍台,ワイド,4,6,600,900
2025-01-26,2025-01-26_中山11R_AJCC,2倍台,ワイド,5,10,1000,900
2025-01-26,2025-01-26_中山11R_AJCC,2倍台,ワイド,6,15,1500,900
2025-01-26,2025-01-26_中山11R_AJCC,2倍台,馬連,3,3,300,2910
2025-01-26,2025-01-26_中山11R_AJCC,2倍台,馬連,4,6,600,2910
2025-01-26,2025-01-26_中山11R_AJCC,2倍台,馬連,5,10,1000,2910
2025-01-26,2025-01-26_中山11R_AJCC,2倍台,馬連,6,15,1500,2910
2025-01-26,2025-01-26_中山12R_4歳以上1勝クラス,2倍台,ワイド,3,3,300,230
2025-01-26,2025-01-26_中山12R_4歳以上1勝クラス,2倍台,ワイド,4,6,600,750
2025-01-26,2025-01-26_中山12R_4歳以上1勝クラス,2倍台,ワイド,5,10,1000,750
2025-01-26,2025-01-26_中山12R_4歳以上1勝クラス,2倍台,ワイド,6,15,1500,750
2025-01-26,2025-01-26_中山12R_4歳以上1勝クラス,2倍台,馬連,3,3,300,0
2025-01-26,2025-01-26_中山12R_4歳以上1勝クラス,2倍台,馬連,4,6,600,700
2025-01-26,2025-01-26_中山12R_4歳以上1勝クラス,2倍台,馬連,5,10,1000,700
2025-01-26,2025-01-26_中山12R_4歳以上1勝クラス,2倍台,馬連,6,15,1500,700
2025-01-26,2025-01-26_小倉09R_八幡特別,2倍台,ワイド,3,3,300,0
2025-01-26,2025-01-26_小倉09R_八幡特別,2倍台,ワイド,4,6,600,0
2025-01-26,2025-01-26_小倉09R_八幡特別,2倍台,ワイド,5,10,1000,0
2025-01-26,2025-01-26_小倉09R_八幡特別,2倍台,ワイド,6,15,1500,0
2025-01-26,2025-01-26_小倉09R_八幡特別,2倍台,馬連,3,3,300,0
2025-01-26,2025-01-26_小倉09R_八幡特別,2倍台,馬連,4,6,600,0
2025-01-26,2025-01-26_小倉09R_八幡特別,2倍台,馬連,5,10,1000,0
2025-01-26,2025-01-26_小倉09R_八幡特別,2倍台,馬連,6,15,1500,0
2025-01-26,2025-01-26_小倉10R_海の中道特別,2倍台,ワイド,3,3,300,0
2025-01-26,2025-01-26_小倉10R_海の中道特別,2倍台,ワイド,4,6,600,0
2025-01-26,2025-01-26_小倉10R_海の中道特別,2倍台,ワイド,5,10,1000,0
2025-01-26,2025-01-26_小倉10R_海の中道特別,2倍台,ワイド,6,15,1500,0
2025-01-26,2025-01-26_小倉10R_海の中道特別,2倍台,馬連,3,3,300,0
2025-01-26,2025-01-26_小倉10R_海の中道特別,2倍台,馬連,4,6,600,0
2025-01-26,2025-01-26_小倉10R_海の中道特別,2倍台,馬連,5,10,1000,0
2025-01-26,2025-01-26_小倉10R_海の中道特別,2倍台,馬連,6,15,1500,0
2025-01-26,2025-01-26_小倉11R_壇之浦S,3倍以上,ワイド,3,3,300,0
2025-01-26,2025-01-26_小倉11R_壇之浦S,3倍以上,ワイド,4,6,600,0
2025-01-26,2025-01-26_小倉11R_壇之浦S,3倍以上,ワイド,5,10,1000,0
2025-01-26,2025-01-26_小倉11R_壇之浦S,3倍以上,ワイド,6,15,1500,0
2025-01-26,2025-01-26_小倉11R_壇之浦S,3倍以上,馬連,3,3,300,0
2025-01-26,2025-01-26_小倉11R_壇之浦S,3倍以上,馬連,4,6,600,0
2025-01-26,2025-01-26_小倉11R_壇之浦S,3倍以上,馬連,5,10,1000,0
2025-01-26,2025-01-26_小倉11R_壇之浦S,3倍以上,馬連,6,15,1500,0
2025-01-26,2025-01-26_小倉12R_4歳以上1勝クラス,2倍台,ワイド,3,3,300,0
2025-01-26,2025-01-26_小倉12R_4歳以上1勝クラス,2倍台,ワイド,4,6,600,1710
2025-01-26,2025-01-26_小倉12R_4歳以上1勝クラス,2倍台,ワイド,5,10,1000,1710
2025-01-26,2025-01-26_小倉12R_4歳以上1勝クラス,2倍台,ワイド,6,15,1500,4020
2025-01-26,2025-01-26_小倉12R_4歳以上1勝クラス,2倍台,馬連,3,3,300,0
2025-01-26,2025-01-26_小倉12R_4歳以上1勝クラス,2倍台,馬連,4,6,600,0
2025-01-26,2025-01-26_小倉12R_4歳以上1勝クラス,2倍台,馬連,5,10,1000,0
2025-01-26,2025-01-26_小倉12R_4歳以上1勝クラス,2倍台,馬連,6,15,1500,5870
2025-02-01,2025-02-01_京都09R_白梅賞,3倍以上,ワイド,3,3,300,350
2025-02-01,2025-02-01_京都09R_白梅賞,3倍以上,ワイド,4,6,600,350
2025-02-01,2025-02-01_京都09R_白梅賞,3倍以上,ワイド,5,10,1000,350
2025-02-01,2025-02-01_京都09R_白梅賞,3倍以上,ワイド,6,15,1500,990
2025-02-01,2025-02-01_京都09R_白梅賞,3倍以上,馬連,3,3,300,0
2025-02-01,2025-02-01_京都09R_白梅賞,3倍以上,馬連,4,6,600,0
2025-02-01,2025-02-01_京都09R_白梅賞,3倍以上,馬連,5,10,1000,0
2025-02-01,2025-02-01_京都09R_白梅賞,3倍以上,馬連,6,15,1500,500
2025-02-01,2025-02-01_京都10R_許波多特別,3倍以上,ワイド,3,3,300,0
2025-02-01,2025-02-01_京都10R_許波多特別,3倍以上,ワイド,4,6,600,350
2025-02-01,2025-02-01_京都10R_許波多特別,3倍以上,ワイド,5,10,1000,2490
2025-02-01,2025-02-01_京都10R_許波多特別,3倍以上,ワイド,6,15,1500,2490
2025-02-01,2025-02-01_京都10R_許波多特別,3倍以上,馬連,3,3,300,0
2025-02-01,2025-02-01_京都10R_許波多特別,3倍以上,馬連,4,6,600,750
2025-02-01,2025-02-01_京都10R_許波多特別,3倍以上,馬連,5,10,1000,750
2025-02-01,2025-02-01_京都10R_許波多特別,3倍以上,馬連,6,15,1500,750
2025-02-01,2025-02-01_京都11R_舞鶴S,1倍台,ワイド,3,3,300,320
2025-02-01,2025-02-01_京都11R_舞鶴S,1倍台,ワイド,4,6,600,1090
2025-02-01,2025-02-01_京都11R_舞鶴S,1倍台,ワイド,5,10,1000,1090
2025-02-01,2025-02-01_京都11R_舞鶴S,1倍台,ワイド,6,15,1500,1090
2025-02-01,2025-02-01_京都11R_舞鶴S,1倍台,馬連,3,3,300,0
2025-02-01,2025-02-01_京都11R_舞鶴S,1倍台,馬連,4,6,600,490
2025-02-01,2025-02-01_京都11R_舞鶴S,1倍台,馬連,5,10,1000,490
2025-02-01,2025-02-01_京都11R_舞鶴S,1倍台,馬連,6,15,1500,490
2025-02-01,2025-02-01_京都12R_4歳以上2勝クラス,2倍台,ワイド,3,3,300,350
2025-02-01,2025-02-01_京都12R_4歳以上2勝クラス,2倍台,ワイド,4,6,600,1030
2025-02-01,2025-02-01_京都12R_4歳以上2勝クラス,2倍台,ワイド,5,10,1000,1030
2025-02-01,2025-02-01_京都12R_4歳以上2勝クラス,2倍台,ワイド,6,15,1500,1030
2025-02-01,2025-02-01_京都12R_4歳以上2勝クラス,2倍台,馬連,3,3,300,0
2025-02-01,2025-02-01_京都12R_4歳以上2勝クラス,2倍台,馬連,4,6,600,1110
2025-02-01,2025-02-01_京都12R_4歳以上2勝クラス,2倍台,馬連,5,10,1000,1110
2025-02-01,2025-02-01_京都12R_4歳以上2勝クラス,2倍台,馬連,6,15,1500,1110
2025-02-01,2025-02-01_小倉09R_平尾台特別,3倍以上,ワイド,3,3,300,0
2025-02-01,2025-02-01_小倉09R_平尾台特別,3倍以上,ワイド,4,6,600,0
2025-02-01,2025-02-01_小倉09R_平尾台特別,3倍以上,ワイド,5,10,1000,0
2025-02-01,2025-02-01_小倉09R_平尾台特別,3倍以上,ワイド,6,15,1500,0
2025-02-01,2025-02-01_小倉09R_平尾台特別,3倍以上,馬連,3,3,300,0
2025-02-01,2025-02-01_小倉09R_平尾台特別,3倍以上,馬連,4,6,600,0
2025-02-01,2025-02-01_小倉09R_平尾台特別,3倍以上,馬連,5,10,1000,0
2025-02-01,2025-02-01_小倉09R_平尾台特別,3倍以上,馬連,6,15,1500,0
2025-02-01,2025-02-01_小倉10R_有田特別,1倍台,ワイド,3,3,300,0
2025-02-01,2025-02-01_小倉10R_有田特別,1倍台,ワイド,4,6,600,0
2025-02-01,2025-02-01_小倉10R_有田特別,1倍台,ワイド,5,10,1000,0
2025-02-01,2025-02-01_小倉10R_有田特別,1倍台,ワイド,6,15,1500,610
2025-02-01,2025-02-01_小倉10R_有田特別,1倍台,馬連,3,3,300,0
2025-02-01,2025-02-01_小倉10R_有田特別,1倍台,馬連,4,6,600,0
2025-02-01,2025-02-01_小倉10R_有田特別,1倍台,馬連,5,10,1000,0
2025-02-01,2025-02-01_小倉10R_有田特別,1倍台,馬連,6,15,1500,1460
2025-02-01,2025-02-01_小倉11R_巌流島S,3倍以上,ワイド,3,3,300,0
2025-02-01,2025-02-01_小倉11R_巌流島S,3倍以上,ワイド,4,6,600,0
2025-02-01,2025-02-01_小倉11R_巌流島S,3倍以上,ワイド,5,10,1000,0
2025-02-01,2025-02-01_小倉11R_巌流島S,3倍以上,ワイド,6,15,1500,0
2025-02-01,2025-02-01_小倉11R_巌流島S,3倍以上,馬連,3,3,300,0
2025-02-01,2025-02-01_小倉11R_巌流島S,3倍以上,馬連,4,6,600,0
2025-02-01,2025-02-01_小倉11R_巌流島S,3倍以上,馬連,5,10,1000,0
2025-02-01,2025-02-01_小倉11R_巌流島S,3倍以上,馬連,6,15,1500,0
2025-02-01,2025-02-01_小倉12R_4歳以上1勝クラス,3倍以上,ワイド,3,3,300,0
2025-02-01,2025-02-01_小倉12R_4歳以上1勝クラス,3倍以上,ワイド,4,6,600,0
2025-02-01,2025-02-01_小倉12R_4歳以上1勝クラス,3倍以上,ワイド,5,10,1000,0
2025-02-01,2025-02-01_小倉12R_4歳以上1勝クラス,3倍以上,ワイド,6,15,1500,0
2025-02-01,2025-02-01_小倉12R_4歳以上1勝クラス,3倍以上,馬連,3,3,300,0
2025-02-01,2025-02-01_小倉12R_4歳以上1勝クラス,3倍以上,馬連,4,6,600,0
2025-02-01,2025-02-01_小倉12R_4歳以上1勝クラス,3倍以上,馬連,5,10,1000,0
2025-02-01,2025-02-01_小倉12R_4歳以上1勝クラス,3倍以上,馬連,6,15,1500,0
2025-02-01,2025-02-01_東京09R_白嶺S,3倍以上,ワイド,3,3,300,920
2025-02-01,2025-02-01_東京09R_白嶺S,3倍以上,ワイド,4,6,600,2130
2025-02-01,2025-02-01_東京09R_白嶺S,3倍以上,ワイド,5,10,1000,2130
2025-02-01,2025-02-01_東京09R_白嶺S,3倍以上,ワイド,6,15,1500,2130
2025-02-01,2025-02-01_東京09R_白嶺S,3倍以上,馬連,3,3,300,0
2025-02-01,2025-02-01_東京09R_白嶺S,3倍以上,馬連,4,6,600,1560
2025-02-01,2025-02-01_東京09R_白嶺S,3倍以上,馬連,5,10,1000,1560
2025-02-01,2025-02-01_東京09R_白嶺S,3倍以上,馬連,6,15,1500,1560
2025-02-01,2025-02-01_東京10R_クロッカスS,2倍台,ワイド,3,3,300,180
2025-02-01,2025-02-01_東京10R_クロッカスS,2倍台,ワイド,4,6,600,460
2025-02-01,2025-02-01_東京10R_クロッカスS,2倍台,ワイド,5,10,1000,460
2025-02-01,2025-02-01_東京10R_クロッカスS,2倍台,ワイド,6,15,1500,460
2025-02-01,2025-02-01_東京10R_クロッカスS,2倍台,馬連,3,3,300,0
2025-02-01,2025-02-01_東京10R_クロッカスS,2倍台,馬連,4,6,600,420
2025-02-01,2025-02-01_東京10R_クロッカスS,2倍台,馬連,5,10,1000,420
2025-02-01,2025-02-01_東京10R_クロッカスS,2倍台,馬連,6,15,1500,420
2025-02-01,2025-02-01_東京11R_白富士S,2倍台,ワイド,3,3,300,1070
2025-02-01,2025-02-01_東京11R_白富士S,2倍台,ワイド,4,6,600,1070
2025-02-01,2025-02-01_東京11R_白富士S,2倍台,ワイド,5,10,1000,1070
2025-02-01,2025-02-01_東京11R_白富士S,2倍台,ワイド,6,15,1500,4090
2025-02-01,2025-02-01_東京11R_白富士S,2倍台,馬連,3,3,300,2470
2025-02-01,2025-02-01_東京11R_白富士S,2倍台,馬連,4,6,600,2470
2025-02-01,2025-02-01_東京11R_白富士S,2倍台,馬連,5,10,1000,2470
2025-02-01,2025-02-01_東京11R_白富士S,2倍台,馬連,6,15,1500,2470
2025-02-01,2025-02-01_東京12R_4歳以上1勝クラス,1倍台,ワイド,3,3,300,0
2025-02-01,2025-02-01_東京12R_4歳以上1勝クラス,1倍台,ワイド,4,6,600,0
2025-02-01,2025-02-01_東京12R_4歳以上1勝クラス,1倍台,ワイド,5,10,1000,0
2025-02-01,2025-02-01_東京12R_4歳以上1勝クラス,1倍台,ワイド,6,15,1500,0
2025-02-01,2025-02-01_東京12R_4歳以上1勝クラス,1倍台,馬連,3,3,300,0
2025-02-01,2025-02-01_東京12R_4歳以上1勝クラス,1倍台,馬連,4,6,600,0
2025-02-01,2025-02-01_東京12R_4歳以上1勝クラス,1倍台,馬連,5,10,1000,0
2025-02-01,2025-02-01_東京12R_4歳以上1勝クラス,1倍台,馬連,6,15,1500,0
2025-02-02,2025-02-02_京都09R_天ケ瀬特別,2倍台,ワイド,3,3,300,0
2025-02-02,2025-02-02_京都09R_天ケ瀬特別,2倍台,ワイド,4,6,600,0
2025-02-02,2025-02-02_京都09R_天ケ瀬特別,2倍台,ワイド,5,10,1000,0
2025-02-02,2025-02-02_京都09R_天ケ瀬特別,2倍台,ワイド,6,15,1500,510
2025-02-02,2025-02-02_京都09R_天ケ瀬特別,2倍台,馬連,3,3,300,0
2025-02-02,2025-02-02_京都09R_天ケ瀬特別,2倍台,馬連,4,6,600,0
2025-02-02,2025-02-02_京都09R_天ケ瀬特別,2倍台,馬連,5,10,1000,0
2025-02-02,2025-02-02_京都09R_天ケ瀬特別,2倍台,馬連,6,15,1500,1480
2025-02-02,2025-02-02_京都10R_八坂S,1倍台,ワイド,3,3,300,0
2025-02-02,2025-02-02_京都10R_八坂S,1倍台,ワイド,4,6,600,240
2025-02-02,2025-02-02_京都10R_八坂S,1倍台,ワイド,5,10,1000,240
2025-02-02,2025-02-02_京都10R_八坂S,1倍台,ワイド,6,15,1500,840
2025-02-02,2025-02-02_京都10R_八坂S,1倍台,馬連,3,3,300,0
2025-02-02,2025-02-02_京都10R_八坂S,1倍台,馬連,4,6,600,0
2025-02-02,2025-02-02_京都10R_八坂S,1倍台,馬連,5,10,1000,0
2025-02-02,2025-02-02_京都10R_八坂S,1倍台,馬連,6,15,1500,270
2025-02-02,2025-02-02_京都11R_シルクロードS,3倍以上,ワイド,3,3,300,0
2025-02-02,2025-02-02_京都11R_シルクロードS,3倍以上,ワイド,4,6,600,0
2025-02-02,2025-02-02_京都11R_シルクロードS,3倍以上,ワイド,5,10,1000,0
2025-02-02,2025-02-02_京都11R_シルクロードS,3倍以上,ワイド,6,15,1500,0
2025-02-02,2025-02-02_京都11R_シルクロードS,3倍以上,馬連,3,3,300,0
2025-02-02,2025-02-02_京都11R_シルクロードS,3倍以上,馬連,4,6,600,0
2025-02-02,2025-02-02_京都11R_シルクロードS,3倍以上,馬連,5,10,1000,0
2025-02-02,2025-02-02_京都11R_シルクロードS,3倍以上,馬連,6,15,1500,0
2025-02-02,2025-02-02_京都12R_4歳以上1勝クラス,2倍台,ワイド,3,3,300,1180
2025-02-02,2025-02-02_京都12R_4歳以上1勝クラス,2倍台,ワイド,4,6,600,1180
2025-02-02,2025-02-02_京都12R_4歳以上1勝クラス,2倍台,ワイド,5,10,1000,1180
2025-02-02,2025-02-02_京都12R_4歳以上1勝クラス,2倍台,ワイド,6,15,1500,1180
2025-02-02,2025-02-02_京都12R_4歳以上1勝クラス,2倍台,馬連,3,3,300,0
2025-02-02,2025-02-02_京都12R_4歳以上1勝クラス,2倍台,馬連,4,6,600,0
2025-02-02,2025-02-02_京都12R_4歳以上1勝クラス,2倍台,馬連,5,10,1000,0
2025-02-02,2025-02-02_京都12R_4歳以上1勝クラス,2倍台,馬連,6,15,1500,0
2025-02-02,2025-02-02_小倉09R_戸畑特別,3倍以上,ワイド,3,3,300,1560
2025-02-02,2025-02-02_小倉09R_戸畑特別,3倍以上,ワイド,4,6,600,1560
2025-02-02,2025-02-02_小倉09R_戸畑特別,3倍以上,ワイド,5,10,1000,1560
2025-02-02,2025-02-02_小倉09R_戸畑特別,3倍以上,ワイド,6,15,1500,1560
2025-02-02,2025-02-02_小倉09R_戸畑特別,3倍以上,馬連,3,3,300,0
2025-02-02,2025-02-02_小倉09R_戸畑特別,3倍以上,馬連,4,6,600,0
2025-02-02,2025-02-02_小倉09R_戸畑特別,3倍以上,馬連,5,10,1000,0
2025-02-02,2025-02-02_小倉09R_戸畑特別,3倍以上,馬連,6,15,1500,0
2025-02-02,2025-02-02_小倉10R_周防灘特別,3倍以上,ワイド,3,3,300,0
2025-02-02,2025-02-02_小倉10R_周防灘特別,3倍以上,ワイド,4,6,600,0
2025-02-02,2025-02-02_小倉10R_周防灘特別,3倍以上,ワイド,5,10,1000,0
2025-02-02,2025-02-02_小倉10R_周防灘特別,3倍以上,ワイド,6,15,1500,0
2025-02-02,2025-02-02_小倉10R_周防灘特別,3倍以上,馬連,3,3,300,0
2025-02-02,2025-02-02_小倉10R_周防灘特別,3倍以上,馬連,4,6,600,0
2025-02-02,2025-02-02_小倉10R_周防灘特別,3倍以上,馬連,5,10,1000,0
2025-02-02,2025-02-02_小倉10R_周防灘特別,3倍以上,馬連,6,15,1500,0
2025-02-02,2025-02-02_小倉11R_門司S,3倍以上,ワイド,3,3,300,0
2025-02-02,2025-02-02_小倉11R_門司S,3倍以上,ワイド,4,6,600,0
2025-02-02,2025-02-02_小倉11R_門司S,3倍以上,ワイド,5,10,1000,0
2025-02-02,2025-02-02_小倉11R_門司S,3倍以上,ワイド,6,15,1500,520
2025-02-02,2025-02-02_小倉11R_門司S,3倍以上,馬連,3,3,300,0
2025-02-02,2025-02-02_小倉11R_門司S,3倍以上,馬連,4,6,600,0
2025-02-02,2025-02-02_小倉11R_門司S,3倍以上,馬連,5,10,1000,0
2025-02-02,2025-02-02_小倉11R_門司S,3倍以上,馬連,6,15,1500,0
2025-02-02,2025-02-02_小倉12R_4歳以上1勝クラス,3倍以上,ワイド,3,3,300,0
2025-02-02,2025-02-02_小倉12R_4歳以上1勝クラス,3倍以上,ワイド,4,6,600,0
2025-02-02,2025-02-02_小倉12R_4歳以上1勝クラス,3倍以上,ワイド,5,10,1000,0
2025-02-02,2025-02-02_小倉12R_4歳以上1勝クラス,3倍以上,ワイド,6,15,1500,0
2025-02-02,2025-02-02_小倉12R_4歳以上1勝クラス,3倍以上,馬連,3,3,300,0
2025-02-02,2025-02-02_小倉12R_4歳以上1勝クラス,3倍以上,馬連,4,6,600,0
2025-02-02,2025-02-02_小倉12R_4歳以上1勝クラス,3倍以上,馬連,5,10,1000,0
2025-02-02,2025-02-02_小倉12R_4歳以上1勝クラス,3倍以上,馬連,6,15,1500,0
2025-02-02,2025-02-02_東京09R_セントポーリア賞,3倍以上,ワイド,3,3,300,0
2025-02-02,2025-02-02_東京09R_セントポーリア賞,3倍以上,ワイド,4,6,600,0
2025-02-02,2025-02-02_東京09R_セントポーリア賞,3倍以上,ワイド,5,10,1000,310
2025-02-02,2025-02-02_東京09R_セントポーリア賞,3倍以上,ワイド,6,15,1500,310
2025-02-02,2025-02-02_東京09R_セントポーリア賞,3倍以上,馬連,3,3,300,0
2025-02-02,2025-02-02_東京09R_セントポーリア賞,3倍以上,馬連,4,6,600,0
2025-02-02,2025-02-02_東京09R_セントポーリア賞,3倍以上,馬連,5,10,1000,760
2025-02-02,2025-02-02_東京09R_セントポーリア賞,3倍以上,馬連,6,15,1500,760
2025-02-02,2025-02-02_東京10R_節分S,2倍台,ワイド,3,3,300,700
2025-02-02,2025-02-02_東京10R_節分S,2倍台,ワイド,4,6,600,700
2025-02-02,2025-02-02_東京10R_節分S,2倍台,ワイド,5,10,1000,700
2025-02-02,2025-02-02_東京10R_節分S,2倍台,ワイド,6,15,1500,700
2025-02-02,2025-02-02_東京10R_節分S,2倍台,馬連,3,3,300,0
2025-02-02,2025-02-02_東京10R_節分S,2倍台,馬連,4,6,600,0
2025-02-02,2025-02-02_東京10R_節分S,2倍台,馬連,5,10,1000,0
2025-02-02,2025-02-02_東京10R_節分S,2倍台,馬連,6,15,1500,0
2025-02-02,2025-02-02_東京11R_根岸S,2倍台,ワイド,3,3,300,0
2025-02-02,2025-02-02_東京11R_根岸S,2倍台,ワイド,4,6,600,0
2025-02-02,2025-02-02_東京11R_根岸S,2倍台,ワイド,5,10,1000,1570
2025-02-02,2025-02-02_東京11R_根岸S,2倍台,ワイド,6,15,1500,1570
2025-02-02,2025-02-02_東京11R_根岸S,2倍台,馬連,3,3,300,0
2025-02-02,2025-02-02_東京11R_根岸S,2倍台,馬連,4,6,600,0
2025-02-02,2025-02-02_東京11R_根岸S,2倍台,馬連,5,10,1000,0
2025-02-02,2025-02-02_東京11R_根岸S,2倍台,馬連,6,15,1500,0
2025-02-02,2025-02-02_東京12R_4歳以上2勝クラス,3倍以上,ワイド,3,3,300,210
2025-02-02,2025-02-02_東京12R_4歳以上2勝クラス,3倍以上,ワイド,4,6,600,210
2025-02-02,2025-02-02_東京12R_4歳以上2勝クラス,3倍以上,ワイド,5,10,1000,620
2025-02-02,2025-02-02_東京12R_4歳以上2勝クラス,3倍以上,ワイド,6,15,1500,620
2025-02-02,2025-02-02_東京12R_4歳以上2勝クラス,3倍以上,馬連,3,3,300,460
2025-02-02,2025-02-02_東京12R_4歳以上2勝クラス,3倍以上,馬連,4,6,600,460
2025-02-02,2025-02-02_東京12R_4歳以上2勝クラス,3倍以上,馬連,5,10,1000,460
2025-02-02,2025-02-02_東京12R_4歳以上2勝クラス,3倍以上,馬連,6,15,1500,460
2025-02-08,2025-02-08_小倉09R_足立山特別,2倍台,ワイド,3,3,300,280
2025-02-08,2025-02-08_小倉09R_足立山特別,2倍台,ワイド,4,6,600,280
2025-02-08,2025-02-08_小倉09R_足立山特別,2倍台,ワイド,5,10,1000,280
2025-02-08,2025-02-08_小倉09R_足立山特別,2倍台,ワイド,6,15,1500,280
2025-02-08,2025-02-08_小倉09R_足立山特別,2倍台,馬連,3,3,300,620
2025-02-08,2025-02-08_小倉09R_足立山特別,2倍台,馬連,4,6,600,620
2025-02-08,2025-02-08_小倉09R_足立山特別,2倍台,馬連,5,10,1000,620
2025-02-08,2025-02-08_小倉09R_足立山特別,2倍台,馬連,6,15,1500,620
2025-02-08,2025-02-08_小倉10R_RKB賞,3倍以上,ワイド,3,3,300,0
2025-02-08,2025-02-08_小倉10R_RKB賞,3倍以上,ワイド,4,6,600,0
2025-02-08,2025-02-08_小倉10R_RKB賞,3倍以上,ワイド,5,10,1000,0
2025-02-08,2025-02-08_小倉10R_RKB賞,3倍以上,ワイド,6,15,1500,0
2025-02-08,2025-02-08_小倉10R_RKB賞,3倍以上,馬連,3,3,300,0
2025-02-08,2025-02-08_小倉10R_RKB賞,3倍以上,馬連,4,6,600,0
2025-02-08,2025-02-08_小倉10R_RKB賞,3倍以上,馬連,5,10,1000,0
2025-02-08,2025-02-08_小倉10R_RKB賞,3倍以上,馬連,6,15,1500,0
2025-02-08,2025-02-08_小倉11R_豊前S,3倍以上,ワイド,3,3,300,0
2025-02-08,2025-02-08_小倉11R_豊前S,3倍以上,ワイド,4,6,600,780
2025-02-08,2025-02-08_小倉11R_豊前S,3倍以上,ワイド,5,10,1000,2030
2025-02-08,2025-02-08_小倉11R_豊前S,3倍以上,ワイド,6,15,1500,2030
2025-02-08,2025-02-08_小倉11R_豊前S,3倍以上,馬連,3,3,300,0
2025-02-08,2025-02-08_小倉11R_豊前S,3倍以上,馬連,4,6,600,0
2025-02-08,2025-02-08_小倉11R_豊前S,3倍以上,馬連,5,10,1000,2040
2025-02-08,2025-02-08_小倉11R_豊前S,3倍以上,馬連,6,15,1500,2040
2025-02-08,2025-02-08_小倉12R_4歳以上1勝クラス,2倍台,ワイド,3,3,300,1590
2025-02-08,2025-02-08_小倉12R_4歳以上1勝クラス,2倍台,ワイド,4,6,600,1590
2025-02-08,2025-02-08_小倉12R_4歳以上1勝クラス,2倍台,ワイド,5,10,1000,1590
2025-02-08,2025-02-08_小倉12R_4歳以上1勝クラス,2倍台,ワイド,6,15,1500,1590
2025-02-08,2025-02-08_小倉12R_4歳以上1勝クラス,2倍台,馬連,3,3,300,0
2025-02-08,2025-02-08_小倉12R_4歳以上1勝クラス,2倍台,馬連,4,6,600,0
2025-02-08,2025-02-08_小倉12R_4歳以上1勝クラス,2倍台,馬連,5,10,1000,0
2025-02-08,2025-02-08_小倉12R_4歳以上1勝クラス,2倍台,馬連,6,15,1500,0
2025-02-08,2025-02-08_東京09R_春菜賞,3倍以上,ワイド,3,3,300,0
2025-02-08,2025-02-08_東京09R_春菜賞,3倍以上,ワイド,4,6,600,0
2025-02-08,2025-02-08_東京09R_春菜賞,3倍以上,ワイド,5,10,1000,0
2025-02-08,2025-02-08_東京09R_春菜賞,3倍以上,ワイド,6,15,1500,0
2025-02-08,2025-02-08_東京09R_春菜賞,3倍以上,馬連,3,3,300,0
2025-02-08,2025-02-08_東京09R_春菜賞,3倍以上,馬連,4,6,600,0
2025-02-08,2025-02-08_東京09R_春菜賞,3倍以上,馬連,5,10,1000,0
2025-02-08,2025-02-08_東京09R_春菜賞,3倍以上,馬連,6,15,1500,0
2025-02-08,2025-02-08_東京10R_テレビ山梨杯,1倍台,ワイド,3,3,300,0
2025-02-08,2025-02-08_東京10R_テレビ山梨杯,1倍台,ワイド,4,6,600,0
2025-02-08,2025-02-08_東京10R_テレビ山梨杯,1倍台,ワイド,5,10,1000,0
2025-02-08,2025-02-08_東京10R_テレビ山梨杯,1倍台,ワイド,6,15,1500,0
2025-02-08,2025-02-08_東京10R_テレビ山梨杯,1倍台,馬連,3,3,300,0
2025-02-08,2025-02-08_東京10R_テレビ山梨杯,1倍台,馬連,4,6,600,0
2025-02-08,2025-02-08_東京10R_テレビ山梨杯,1倍台,馬連,5,10,1000,0
2025-02-08,2025-02-08_東京10R_テレビ山梨杯,1倍台,馬連,6,15,1500,0
2025-02-08,2025-02-08_東京11R_早春S,3倍以上,ワイド,3,3,300,0
2025-02-08,2025-02-08_東京11R_早春S,3倍以上,ワイド,4,6,600,0
2025-02-08,2025-02-08_東京11R_早春S,3倍以上,ワイド,5,10,1000,0
2025-02-08,2025-02-08_東京11R_早春S,3倍以上,ワイド,6,15,1500,0
2025-02-08,2025-02-08_東京11R_早春S,3倍以上,馬連,3,3,300,0
2025-02-08,2025-02-08_東京11R_早春S,3倍以上,馬連,4,6,600,0
2025-02-08,2025-02-08_東京11R_早春S,3倍以上,馬連,5,10,1000,0
2025-02-08,2025-02-08_東京11R_早春S,3倍以上,馬連,6,15,1500,0
2025-02-08,2025-02-08_東京12R_4歳以上1勝クラス,3倍以上,ワイド,3,3,300,0
2025-02-08,2025-02-08_東京12R_4歳以上1勝クラス,3倍以上,ワイド,4,6,600,0
2025-02-08,2025-02-08_東京12R_4歳以上1勝クラス,3倍以上,ワイド,5,10,1000,0
2025-02-08,2025-02-08_東京12R_4歳以上1勝クラス,3倍以上,ワイド,6,15,1500,0
2025-02-08,2025-02-08_東京12R_4歳以上1勝クラス,3倍以上,馬連,3,3,300,0
2025-02-08,2025-02-08_東京12R_4歳以上1勝クラス,3倍以上,馬連,4,6,600,0
2025-02-08,2025-02-08_東京12R_4歳以上1勝クラス,3倍以上,馬連,5,10,1000,0
2025-02-08,2025-02-08_東京12R_4歳以上1勝クラス,3倍以上,馬連,6,15,1500,0
2025-02-09,2025-02-09_京都09R_斑鳩S,2倍台,ワイド,3,3,300,0
2025-02-09,2025-02-09_京都09R_斑鳩S,2倍台,ワイド,4,6,600,320
2025-02-09,2025-02-09_京都09R_斑鳩S,2倍台,ワイド,5,10,1000,320
2025-02-09,2025-02-09_京都09R_斑鳩S,2倍台,ワイド,6,15,1500,320
2025-02-09,2025-02-09_京都09R_斑鳩S,2倍台,馬連,3,3,300,0
2025-02-09,2025-02-09_京都09R_斑鳩S,2倍台,馬連,4,6,600,0
2025-02-09,2025-02-09_京都09R_斑鳩S,2倍台,馬連,5,10,1000,0
2025-02-09,2025-02-09_京都09R_斑鳩S,2倍台,馬連,6,15,1500,0
2025-02-09,2025-02-09_京都10R_令月S,2倍台,ワイド,3,3,300,0
2025-02-09,2025-02-09_京都10R_令月S,2倍台,ワイド,4,6,600,0
2025-02-09,2025-02-09_京都10R_令月S,2倍台,ワイド,5,10,1000,0
2025-02-09,2025-02-09_京都10R_令月S,2倍台,ワイド,6,15,1500,0
2025-02-09,2025-02-09_京都10R_令月S,2倍台,馬連,3,3,300,0
2025-02-09,2025-02-09_京都10R_令月S,2倍台,馬連,4,6,600,0
2025-02-09,2025-02-09_京都10R_令月S,2倍台,馬連,5,10,1000,0
2025-02-09,2025-02-09_京都10R_令月S,2倍台,馬連,6,15,1500,0
2025-02-09,2025-02-09_京都11R_きさらぎ賞,2倍台,ワイド,3,3,300,340
2025-02-09,2025-02-09_京都11R_きさらぎ賞,2倍台,ワイド,4,6,600,340
2025-02-09,2025-02-09_京都11R_きさらぎ賞,2倍台,ワイド,5,10,1000,1430
2025-02-09,2025-02-09_京都11R_きさらぎ賞,2倍台,ワイド,6,15,1500,1430
2025-02-09,2025-02-09_京都11R_きさらぎ賞,2倍台,馬連,3,3,300,0
2025-02-09,2025-02-09_京都11R_きさらぎ賞,2倍台,馬連,4,6,600,0
2025-02-09,2025-02-09_京都11R_きさらぎ賞,2倍台,馬連,5,10,1000,940
2025-02-09,2025-02-09_京都11R_きさらぎ賞,2倍台,馬連,6,15,1500,940
2025-02-09,2025-02-09_京都12R_4歳以上2勝クラス,2倍台,ワイド,3,3,300,0
2025-02-09,2025-02-09_京都12R_4歳以上2勝クラス,2倍台,ワイド,4,6,600,0
2025-02-09,2025-02-09_京都12R_4歳以上2勝クラス,2倍台,ワイド,5,10,1000,0
2025-02-09,2025-02-09_京都12R_4歳以上2勝クラス,2倍台,ワイド,6,15,1500,0
2025-02-09,2025-02-09_京都12R_4歳以上2勝クラス,2倍台,馬連,3,3,300,0
2025-02-09,2025-02-09_京都12R_4歳以上2勝クラス,2倍台,馬連,4,6,600,0
2025-02-09,2025-02-09_京都12R_4歳以上2勝クラス,2倍台,馬連,5,10,1000,0
2025-02-09,2025-02-09_京都12R_4歳以上2勝クラス,2倍台,馬連,6,15,1500,0
2025-02-09,2025-02-09_小倉09R_かささぎ賞,2倍台,ワイド,3,3,300,0
2025-02-09,2025-02-09_小倉09R_かささぎ賞,2倍台,ワイド,4,6,600,0
2025-02-09,2025-02-09_小倉09R_かささぎ賞,2倍台,ワイド,5,10,1000,660
2025-02-09,2025-02-09_小倉09R_かささぎ賞,2倍台,ワイド,6,15,1500,660
2025-02-09,2025-02-09_小倉09R_かささぎ賞,2倍台,馬連,3,3,300,0
2025-02-09,2025-02-09_小倉09R_かささぎ賞,2倍台,馬連,4,6,600,0
2025-02-09,2025-02-09_小倉09R_かささぎ賞,2倍台,馬連,5,10,1000,0
2025-02-09,2025-02-09_小倉09R_かささぎ賞,2倍台,馬連,6,15,1500,0
2025-02-09,2025-02-09_小倉10R_由布院特別,3倍以上,ワイド,3,3,300,5210
2025-02-09,2025-02-09_小倉10R_由布院特別,3倍以上,ワイド,4,6,600,5210
2025-02-09,2025-02-09_小倉10R_由布院特別,3倍以上,ワイド,5,10,1000,5210
2025-02-09,2025-02-09_小倉10R_由布院特別,3倍以上,ワイド,6,15,1500,5210
2025-02-09,2025-02-09_小倉10R_由布院特別,3倍以上,馬連,3,3,300,910
2025-02-09,2025-02-09_小倉10R_由布院特別,3倍以上,馬連,4,6,600,910
2025-02-09,2025-02-09_小倉10R_由布院特別,3倍以上,馬連,5,10,1000,910
2025-02-09,2025-02-09_小倉10R_由布院特別,3倍以上,馬連,6,15,1500,910
2025-02-09,2025-02-09_小倉11R_小倉日経賞,3倍以上,ワイド,3,3,300,0
2025-02-09,2025-02-09_小倉11R_小倉日経賞,3倍以上,ワイド,4,6,600,0
2025-02-09,2025-02-09_小倉11R_小倉日経賞,3倍以上,ワイド,5,10,1000,630
2025-02-09,2025-02-09_小倉11R_小倉日経賞,3倍以上,ワイド,6,15,1500,630
2025-02-09,2025-02-09_小倉11R_小倉日経賞,3倍以上,馬連,3,3,300,0
2025-02-09,2025-02-09_小倉11R_小倉日経賞,3倍以上,馬連,4,6,600,0
2025-02-09,2025-02-09_小倉11R_小倉日経賞,3倍以上,馬連,5,10,1000,1450
2025-02-09,2025-02-09_小倉11R_小倉日経賞,3倍以上,馬連,6,15,1500,1450
2025-02-09,2025-02-09_小倉12R_4歳以上1勝クラス,3倍以上,ワイド,3,3,300,0
2025-02-09,2025-02-09_小倉12R_4歳以上1勝クラス,3倍以上,ワイド,4,6,600,0
2025-02-09,2025-02-09_小倉12R_4歳以上1勝クラス,3倍以上,ワイド,5,10,1000,600
2025-02-09,2025-02-09_小倉12R_4歳以上1勝クラス,3倍以上,ワイド,6,15,1500,600
2025-02-09,2025-02-09_小倉12R_4歳以上1勝クラス,3倍以上,馬連,3,3,300,0
2025-02-09,2025-02-09_小倉12R_4歳以上1勝クラス,3倍以上,馬連,4,6,600,0
2025-02-09,2025-02-09_小倉12R_4歳以上1勝クラス,3倍以上,馬連,5,10,1000,0
2025-02-09,2025-02-09_小倉12R_4歳以上1勝クラス,3倍以上,馬連,6,15,1500,0
2025-02-09,2025-02-09_東京09R_ゆりかもめ賞,2倍台,ワイド,3,3,300,0
2025-02-09,2025-02-09_東京09R_ゆりかもめ賞,2倍台,ワイド,4,6,600,260
2025-02-09,2025-02-09_東京09R_ゆりかもめ賞,2倍台,ワイド,5,10,1000,260
2025-02-09,2025-02-09_東京09R_ゆりかもめ賞,2倍台,ワイド,6,15,1500,260
2025-02-09,2025-02-09_東京09R_ゆりかもめ賞,2倍台,馬連,3,3,300,0
2025-02-09,2025-02-09_東京09R_ゆりかもめ賞,2倍台,馬連,4,6,600,650
2025-02-09,2025-02-09_東京09R_ゆりかもめ賞,2倍台,馬連,5,10,1000,650
2025-02-09,2025-02-09_東京09R_ゆりかもめ賞,2倍台,馬連,6,15,1500,650
2025-02-09,2025-02-09_東京10R_初音S,2倍台,ワイド,3,3,300,0
2025-02-09,2025-02-09_東京10R_初音S,2倍台,ワイド,4,6,600,450
2025-02-09,2025-02-09_東京10R_初音S,2倍台,ワイド,5,10,1000,450
2025-02-09,2025-02-09_東京10R_初音S,2倍台,ワイド,6,15,1500,1970
2025-02-09,2025-02-09_東京10R_初音S,2倍台,馬連,3,3,300,0
2025-02-09,2025-02-09_東京10R_初音S,2倍台,馬連,4,6,600,0
2025-02-09,2025-02-09_東京10R_初音S,2倍台,馬連,5,10,1000,0
2025-02-09,2025-02-09_東京10R_初音S,2倍台,馬連,6,15,1500,1020
2025-02-09,2025-02-09_東京11R_東京新聞杯,2倍台,ワイド,3,3,300,0
2025-02-09,2025-02-09_東京11R_東京新聞杯,2倍台,ワイド,4,6,600,620
2025-02-09,2025-02-09_東京11R_東京新聞杯,2倍台,ワイド,5,10,1000,620
2025-02-09,2025-02-09_東京11R_東京新聞杯,2倍台,ワイド,6,15,1500,620
2025-02-09,2025-02-09_東京11R_東京新聞杯,2倍台,馬連,3,3,300,0
2025-02-09,2025-02-09_東京11R_東京新聞杯,2倍台,馬連,4,6,600,1540
2025-02-09,2025-02-09_東京11R_東京新聞杯,2倍台,馬連,5,10,1000,1540
2025-02-09,2025-02-09_東京11R_東京新聞杯,2倍台,馬連,6,15,1500,1540
2025-02-09,2025-02-09_東京12R_4歳以上1勝クラス,3倍以上,ワイド,3,3,300,0
2025-02-09,2025-02-09_東京12R_4歳以上1勝クラス,3倍以上,ワイド,4,6,600,0
2025-02-09,2025-02-09_東京12R_4歳以上1勝クラス,3倍以上,ワイド,5,10,1000,320
2025-02-09,2025-02-09_東京12R_4歳以上1勝クラス,3倍以上,ワイド,6,15,1500,320
2025-02-09,2025-02-09_東京12R_4歳以上1勝クラス,3倍以上,馬連,3,3,300,0
2025-02-09,2025-02-09_東京12R_4歳以上1勝クラス,3倍以上,馬連,4,6,600,0
2025-02-09,2025-02-09_東京12R_4歳以上1勝クラス,3倍以上,馬連,5,10,1000,640
2025-02-09,2025-02-09_東京12R_4歳以上1勝クラス,3倍以上,馬連,6,15,1500,640
2025-02-10,2025-02-10_京都09R_橿原S,2倍台,ワイド,3,3,300,0
2025-02-10,2025-02-10_京都09R_橿原S,2倍台,ワイド,4,6,600,520
2025-02-10,2025-02-10_京都09R_橿原S,2倍台,ワイド,5,10,1000,520
2025-02-10,2025-02-10_京都09R_橿原S,2倍台,ワイド,6,15,1500,1390
2025-02-10,2025-02-10_京都09R_橿原S,2倍台,馬連,3,3,300,0
2025-02-10,2025-02-10_京都09R_橿原S,2倍台,馬連,4,6,600,0
2025-02-10,2025-02-10_京都09R_橿原S,2倍台,馬連,5,10,1000,0
2025-02-10,2025-02-10_京都09R_橿原S,2倍台,馬連,6,15,1500,940
2025-02-10,2025-02-10_京都10R_エルフィンS,1倍台,ワイド,3,3,300,0
2025-02-10,2025-02-10_京都10R_エルフィンS,1倍台,ワイド,4,6,600,0
2025-02-10,2025-02-10_京都10R_エルフィンS,1倍台,ワイド,5,10,1000,470
2025-02-10,2025-02-10_京都10R_エルフィンS,1倍台,ワイド,6,15,1500,470
2025-02-10,2025-02-10_京都10R_エルフィンS,1倍台,馬連,3,3,300,0
2025-02-10,2025-02-10_京都10R_エルフィンS,1倍台,馬連,4,6,600,0
2025-02-10,2025-02-10_京都10R_エルフィンS,1倍台,馬連,5,10,1000,1650
2025-02-10,2025-02-10_京都10R_エルフィンS,1倍台,馬連,6,15,1500,1650
2025-02-10,2025-02-10_京都11R_アルデバランS,3倍以上,ワイド,3,3,300,0
2025-02-10,2025-02-10_京都11R_アルデバランS,3倍以上,ワイド,4,6,600,0
2025-02-10,2025-02-10_京都11R_アルデバランS,3倍以上,ワイド,5,10,1000,320
2025-02-10,2025-02-10_京都11R_アルデバランS,3倍以上,ワイド,6,15,1500,1510
2025-02-10,2025-02-10_京都11R_アルデバランS,3倍以上,馬連,3,3,300,0
2025-02-10,2025-02-10_京都11R_アルデバランS,3倍以上,馬連,4,6,600,0
2025-02-10,2025-02-10_京都11R_アルデバランS,3倍以上,馬連,5,10,1000,0
2025-02-10,2025-02-10_京都11R_アルデバランS,3倍以上,馬連,6,15,1500,1520
2025-02-10,2025-02-10_京都12R_4歳以上1勝クラス,3倍以上,ワイド,3,3,300,0
2025-02-10,2025-02-10_京都12R_4歳以上1勝クラス,3倍以上,ワイド,4,6,600,0
2025-02-10,2025-02-10_京都12R_4歳以上1勝クラス,3倍以上,ワイド,5,10,1000,0
2025-02-10,2025-02-10_京都12R_4歳以上1勝クラス,3倍以上,ワイド,6,15,1500,1640
2025-02-10,2025-02-10_京都12R_4歳以上1勝クラス,3倍以上,馬連,3,3,300,0
2025-02-10,2025-02-10_京都12R_4歳以上1勝クラス,3倍以上,馬連,4,6,600,0
2025-02-10,2025-02-10_京都12R_4歳以上1勝クラス,3倍以上,馬連,5,10,1000,0
2025-02-10,2025-02-10_京都12R_4歳以上1勝クラス,3倍以上,馬連,6,15,1500,0
2025-02-15,2025-02-15_京都09R_こぶし賞,2倍台,ワイド,3,3,300,0
2025-02-15,2025-02-15_京都09R_こぶし賞,2倍台,ワイド,4,6,600,200
2025-02-15,2025-02-15_京都09R_こぶし賞,2倍台,ワイド,5,10,1000,550
2025-02-15,2025-02-15_京都09R_こぶし賞,2倍台,ワイド,6,15,1500,550
2025-02-15,2025-02-15_京都09R_こぶし賞,2倍台,馬連,3,3,300,0
2025-02-15,2025-02-15_京都09R_こぶし賞,2倍台,馬連,4,6,600,720
2025-02-15,2025-02-15_京都09R_こぶし賞,2倍台,馬連,5,10,1000,720
2025-02-15,2025-02-15_京都09R_こぶし賞,2倍台,馬連,6,15,1500,720
2025-02-15,2025-02-15_京都10R_飛鳥S,2倍台,ワイド,3,3,300,0
2025-02-15,2025-02-15_京都10R_飛鳥S,2倍台,ワイド,4,6,600,310
2025-02-15,2025-02-15_京都10R_飛鳥S,2倍台,ワイド,5,10,1000,310
2025-02-15,2025-02-15_京都10R_飛鳥S,2倍台,ワイド,6,15,1500,1110
2025-02-15,2025-02-15_京都10R_飛鳥S,2倍台,馬連,3,3,300,0
2025-02-15,2025-02-15_京都10R_飛鳥S,2倍台,馬連,4,6,600,0
2025-02-15,2025-02-15_京都10R_飛鳥S,2倍台,馬連,5,10,1000,0
2025-02-15,2025-02-15_京都10R_飛鳥S,2倍台,馬連,6,15,1500,1580
2025-02-15,2025-02-15_京都11R_洛陽S,3倍以上,ワイド,3,3,300,0
2025-02-15,2025-02-15_京都11R_洛陽S,3倍以上,ワイド,4,6,600,0
2025-02-15,2025-02-15_京都11R_洛陽S,3倍以上,ワイド,5,10,1000,0
2025-02-15,2025-02-15_京都11R_洛陽S,3倍以上,ワイド,6,15,1500,0
2025-02-15,2025-02-15_京都11R_洛陽S,3倍以上,馬連,3,3,300,0
2025-02-15,2025-02-15_京都11R_洛陽S,3倍以上,馬連,4,6,600,0
2025-02-15,2025-02-15_京都11R_洛陽S,3倍以上,馬連,5,10,1000,0
2025-02-15,2025-02-15_京都11R_洛陽S,3倍以上,馬連,6,15,1500,0
2025-02-15,2025-02-15_京都12R_4歳以上2勝クラス,2倍台,ワイド,3,3,300,0
2025-02-15,2025-02-15_京都12R_4歳以上2勝クラス,2倍台,ワイド,4,6,600,0
2025-02-15,2025-02-15_京都12R_4歳以上2勝クラス,2倍台,ワイド,5,10,1000,0
2025-02-15,2025-02-15_京都12R_4歳以上2勝クラス,2倍台,ワイド,6,15,1500,480
2025-02-15,2025-02-15_京都12R_4歳以上2勝クラス,2倍台,馬連,3,3,300,0
2025-02-15,2025-02-15_京都12R_4歳以上2勝クラス,2倍台,馬連,4,6,600,0
2025-02-15,2025-02-15_京都12R_4歳以上2勝クラス,2倍台,馬連,5,10,1000,0
2025-02-15,2025-02-15_京都12R_4歳以上2勝クラス,2倍台,馬連,6,15,1500,990
2025-02-15,2025-02-15_小倉09R_あすなろ賞,3倍以上,ワイド,3,3,300,0
2025-02-15,2025-02-15_小倉09R_あすなろ賞,3倍以上,ワイド,4,6,600,0
2025-02-15,2025-02-15_小倉09R_あすなろ賞,3倍以上,ワイド,5,10,1000,0
2025-02-15,2025-02-15_小倉09R_あすなろ賞,3倍以上,ワイド,6,15,1500,2050
2025-02-15,2025-02-15_小倉09R_あすなろ賞,3倍以上,馬連,3,3,300,0
2025-02-15,2025-02-15_小倉09R_あすなろ賞,3倍以上,馬連,4,6,600,0
2025-02-15,2025-02-15_小倉09R_あすなろ賞,3倍以上,馬連,5,10,1000,0
2025-02-15,2025-02-15_小倉09R_あすなろ賞,3倍以上,馬連,6,15,1500,0
2025-02-15,2025-02-15_小倉10R_太宰府特別,3倍以上,ワイド,3,3,300,0
2025-02-15,2025-02-15_小倉10R_太宰府特別,3倍以上,ワイド,4,6,600,0
2025-02-15,2025-02-15_小倉10R_太宰府特別,3倍以上,ワイド,5,10,1000,1200
2025-02-15,2025-02-15_小倉10R_太宰府特別,3倍以上,ワイド,6,15,1500,2530
2025-02-15,2025-02-15_小倉10R_太宰府特別,3倍以上,馬連,3,3,300,0
2025-02-15,2025-02-15_小倉10R_太宰府特別,3倍以上,馬連,4,6,600,0
2025-02-15,2025-02-15_小倉10R_太宰府特別,3倍以上,馬連,5,10,1000,0
2025-02-15,2025-02-15_小倉10R_太宰府特別,3倍以上,馬連,6,15,1500,3290
2025-02-15,2025-02-15_小倉11R_下関S,3倍以上,ワイド,3,3,300,0
2025-02-15,2025-02-15_小倉11R_下関S,3倍以上,ワイド,4,6,600,0
2025-02-15,2025-02-15_小倉11R_下関S,3倍以上,ワイド,5,10,1000,0
2025-02-15,2025-02-15_小倉11R_下関S,3倍以上,ワイド,6,15,1500,0
2025-02-15,2025-02-15_小倉11R_下関S,3倍以上,馬連,3,3,300,0
2025-02-15,2025-02-15_小倉11R_下関S,3倍以上,馬連,4,6,600,0
2025-02-15,2025-02-15_小倉11R_下関S,3倍以上,馬連,5,10,1000,0
2025-02-15,2025-02-15_小倉11R_下関S,3倍以上,馬連,6,15,1500,0
2025-02-15,2025-02-15_小倉12R_4歳以上1勝クラス,2倍台,ワイド,3,3,300,0
2025-02-15,2025-02-15_小倉12R_4歳以上1勝クラス,2倍台,ワイド,4,6,600,0
2025-02-15,2025-02-15_小倉12R_4歳以上1勝クラス,2倍台,ワイド,5,10,1000,0
2025-02-15,2025-02-15_小倉12R_4歳以上1勝クラス,2倍台,ワイド,6,15,1500,1080
2025-02-15,2025-02-15_小倉12R_4歳以上1勝クラス,2倍台,馬連,3,3,300,0
2025-02-15,2025-02-15_小倉12R_4歳以上1勝クラス,2倍台,馬連,4,6,600,0
2025-02-15,2025-02-15_小倉12R_4歳以上1勝クラス,2倍台,馬連,5,10,1000,0
2025-02-15,2025-02-15_小倉12R_4歳以上1勝クラス,2倍台,馬連,6,15,1500,0
2025-02-15,2025-02-15_東京09R_箱根特別,2倍台,ワイド,3,3,300,0
2025-02-15,2025-02-15_東京09R_箱根特別,2倍台,ワイド,4,6,600,220
2025-02-15,2025-02-15_東京09R_箱根特別,2倍台,ワイド,5,10,1000,730
2025-02-15,2025-02-15_東京09R_箱根特別,2倍台,ワイド,6,15,1500,730
2025-02-15,2025-02-15_東京09R_箱根特別,2倍台,馬連,3,3,300,0
2025-02-15,2025-02-15_東京09R_箱根特別,2倍台,馬連,4,6,600,0
2025-02-15,2025-02-15_東京09R_箱根特別,2倍台,馬連,5,10,1000,490
2025-02-15,2025-02-15_東京09R_箱根特別,2倍台,馬連,6,15,1500,490
2025-02-15,2025-02-15_東京10R_銀蹄S,1倍台,ワイド,3,3,300,0
2025-02-15,2025-02-15_東京10R_銀蹄S,1倍台,ワイド,4,6,600,0
2025-02-15,2025-02-15_東京10R_銀蹄S,1倍台,ワイド,5,10,1000,0
2025-02-15,2025-02-15_東京10R_銀蹄S,1倍台,ワイド,6,15,1500,0
2025-02-15,2025-02-15_東京10R_銀蹄S,1倍台,馬連,3,3,300,0
2025-02-15,2025-02-15_東京10R_銀蹄S,1倍台,馬連,4,6,600,0
2025-02-15,2025-02-15_東京10R_銀蹄S,1倍台,馬連,5,10,1000,0
2025-02-15,2025-02-15_東京10R_銀蹄S,1倍台,馬連,6,15,1500,0
2025-02-15,2025-02-15_東京11R_クイーンC,2倍台,ワイド,3,3,300,0
2025-02-15,2025-02-15_東京11R_クイーンC,2倍台,ワイド,4,6,600,0
2025-02-15,2025-02-15_東京11R_クイーンC,2倍台,ワイド,5,10,1000,0
2025-02-15,2025-02-15_東京11R_クイーンC,2倍台,ワイド,6,15,1500,1730
2025-02-15,2025-02-15_東京11R_クイーンC,2倍台,馬連,3,3,300,0
2025-02-15,2025-02-15_東京11R_クイーンC,2倍台,馬連,4,6,600,0
2025-02-15,2025-02-15_東京11R_クイーンC,2倍台,馬連,5,10,1000,0
2025-02-15,2025-02-15_東京11R_クイーンC,2倍台,馬連,6,15,1500,5650
2025-02-15,2025-02-15_東京12R_4歳以上1勝クラス,3倍以上,ワイド,3,3,300,0
2025-02-15,2025-02-15_東京12R_4歳以上1勝クラス,3倍以上,ワイド,4,6,600,0
2025-02-15,2025-02-15_東京12R_4歳以上1勝クラス,3倍以上,ワイド,5,10,1000,0
2025-02-15,2025-02-15_東京12R_4歳以上1勝クラス,3倍以上,ワイド,6,15,1500,0
2025-02-15,2025-02-15_東京12R_4歳以上1勝クラス,3倍以上,馬連,3,3,300,0
2025-02-15,2025-02-15_東京12R_4歳以上1勝クラス,3倍以上,馬連,4,6,600,0
2025-02-15,2025-02-15_東京12R_4歳以上1勝クラス,3倍以上,馬連,5,10,1000,0
2025-02-15,2025-02-15_東京12R_4歳以上1勝クラス,3倍以上,馬連,6,15,1500,0
2025-02-16,2025-02-16_京都09R_春日特別,2倍台,ワイド,3,3,300,860
2025-02-16,2025-02-16_京都09R_春日特別,2倍台,ワイド,4,6,600,860
2025-02-16,2025-02-16_京都09R_春日特別,2倍台,ワイド,5,10,1000,1990
2025-02-16,2025-02-16_京都09R_春日特別,2倍台,ワイド,6,15,1500,1990
2025-02-16,2025-02-16_京都09R_春日特別,2倍台,馬連,3,3,300,0
2025-02-16,2025-02-16_京都09R_春日特別,2倍台,馬連,4,6,600,0
2025-02-16,2025-02-16_京都09R_春日特別,2倍台,馬連,5,10,1000,400
2025-02-16,2025-02-16_京都09R_春日特別,2倍台,馬連,6,15,1500,400
2025-02-16,2025-02-16_京都10R_北山S,1倍台,ワイド,3,3,300,370
2025-02-16,2025-02-16_京都10R_北山S,1倍台,ワイド,4,6,600,370
2025-02-16,2025-02-16_京都10R_北山S,1倍台,ワイド,5,10,1000,4320
2025-02-16,2025-02-16_京都10R_北山S,1倍台,ワイド,6,15,1500,4320
2025-02-16,2025-02-16_京都10R_北山S,1倍台,馬連,3,3,300,0
2025-02-16,2025-02-16_京都10R_北山S,1倍台,馬連,4,6,600,0
2025-02-16,2025-02-16_京都10R_北山S,1倍台,馬連,5,10,1000,12770
2025-02-16,2025-02-16_京都10R_北山S,1倍台,馬連,6,15,1500,12770
2025-02-16,2025-02-16_京都11R_京都記念,1倍台,ワイド,3,3,300,0
2025-02-16,2025-02-16_京都11R_京都記念,1倍台,ワイド,4,6,600,0
2025-02-16,2025-02-16_京都11R_京都記念,1倍台,ワイド,5,10,1000,0
2025-02-16,2025-02-16_京都11R_京都記念,1倍台,ワイド,6,15,1500,0
2025-02-16,2025-02-16_京都11R_京都記念,1倍台,馬連,3,3,300,0
2025-02-16,2025-02-16_京都11R_京都記念,1倍台,馬連,4,6,600,0
2025-02-16,2025-02-16_京都11R_京都記念,1倍台,馬連,5,10,1000,0
2025-02-16,2025-02-16_京都11R_京都記念,1倍台,馬連,6,15,1500,0
2025-02-16,2025-02-16_京都12R_4歳以上2勝クラス,3倍以上,ワイド,3,3,300,370
2025-02-16,2025-02-16_京都12R_4歳以上2勝クラス,3倍以上,ワイド,4,6,600,370
2025-02-16,2025-02-16_京都12R_4歳以上2勝クラス,3倍以上,ワイド,5,10,1000,370
2025-02-16,2025-02-16_京都12R_4歳以上2勝クラス,3倍以上,ワイド,6,15,1500,370
2025-02-16,2025-02-16_京都12R_4歳以上2勝クラス,3倍以上,馬連,3,3,300,720
2025-02-16,2025-02-16_京都12R_4歳以上2勝クラス,3倍以上,馬連,4,6,600,720
2025-02-16,2025-02-16_京都12R_4歳以上2勝クラス,3倍以上,馬連,5,10,1000,720
2025-02-16,2025-02-16_京都12R_4歳以上2勝クラス,3倍以上,馬連,6,15,1500,720
2025-02-16,2025-02-16_小倉09R_大濠特別,3倍以上,ワイド,3,3,300,700
2025-02-16,2025-02-16_小倉09R_大濠特別,3倍以上,ワイド,4,6,600,700
2025-02-16,2025-02-16_小倉09R_大濠特別,3倍以上,ワイド,5,10,1000,700
2025-02-16,2025-02-16_小倉09R_大濠特別,3倍以上,ワイド,6,15,1500,700
2025-02-16,2025-02-16_小倉09R_大濠特別,3倍以上,馬連,3,3,300,1690
2025-02-16,2025-02-16_小倉09R_大濠特別,3倍以上,馬連,4,6,600,1690
2025-02-16,2025-02-16_小倉09R_大濠特別,3倍以上,馬連,5,10,1000,1690
2025-02-16,2025-02-16_小倉09R_大濠特別,3倍以上,馬連,6,15,1500,1690
2025-02-16,2025-02-16_小倉10R_伊万里特別,3倍以上,ワイド,3,3,300,0
2025-02-16,2025-02-16_小倉10R_伊万里特別,3倍以上,ワイド,4,6,600,0
2025-02-16,2025-02-16_小倉10R_伊万里特別,3倍以上,ワイド,5,10,1000,900
2025-02-16,2025-02-16_小倉10R_伊万里特別,3倍以上,ワイド,6,15,1500,900
2025-02-16,2025-02-16_小倉10R_伊万里特別,3倍以上,馬連,3,3,300,0
2025-02-16,2025-02-16_小倉10R_伊万里特別,3倍以上,馬連,4,6,600,0
2025-02-16,2025-02-16_小倉10R_伊万里特別,3倍以上,馬連,5,10,1000,0
2025-02-16,2025-02-16_小倉10R_伊万里特別,3倍以上,馬連,6,15,1500,0
2025-02-16,2025-02-16_小倉11R_北九州短距離S,2倍台,ワイド,3,3,300,0
2025-02-16,2025-02-16_小倉11R_北九州短距離S,2倍台,ワイド,4,6,600,0
2025-02-16,2025-02-16_小倉11R_北九州短距離S,2倍台,ワイド,5,10,1000,300
2025-02-16,2025-02-16_小倉11R_北九州短距離S,2倍台,ワイド,6,15,1500,300
2025-02-16,2025-02-16_小倉11R_北九州短距離S,2倍台,馬連,3,3,300,0
2025-02-16,2025-02-16_小倉11R_北九州短距離S,2倍台,馬連,4,6,600,0
2025-02-16,2025-02-16_小倉11R_北九州短距離S,2倍台,馬連,5,10,1000,580
2025-02-16,2025-02-16_小倉11R_北九州短距離S,2倍台,馬連,6,15,1500,580
2025-02-16,2025-02-16_小倉12R_4歳以上1勝クラス,2倍台,ワイド,3,3,300,260
2025-02-16,2025-02-16_小倉12R_4歳以上1勝クラス,2倍台,ワイド,4,6,600,260
2025-02-16,2025-02-16_小倉12R_4歳以上1勝クラス,2倍台,ワイド,5,10,1000,260
2025-02-16,2025-02-16_小倉12R_4歳以上1勝クラス,2倍台,ワイド,6,15,1500,260
2025-02-16,2025-02-16_小倉12R_4歳以上1勝クラス,2倍台,馬連,3,3,300,520
2025-02-16,2025-02-16_小倉12R_4歳以上1勝クラス,2倍台,馬連,4,6,600,520
2025-02-16,2025-02-16_小倉12R_4歳以上1勝クラス,2倍台,馬連,5,10,1000,520
2025-02-16,2025-02-16_小倉12R_4歳以上1勝クラス,2倍台,馬連,6,15,1500,520
2025-02-16,2025-02-16_東京09R_雲雀S,3倍以上,ワイド,3,3,300,0
2025-02-16,2025-02-16_東京09R_雲雀S,3倍以上,ワイド,4,6,600,0
2025-02-16,2025-02-16_東京09R_雲雀S,3倍以上,ワイド,5,10,1000,0
2025-02-16,2025-02-16_東京09R_雲雀S,3倍以上,ワイド,6,15,1500,0
2025-02-16,2025-02-16_東京09R_雲雀S,3倍以上,馬連,3,3,300,0
2025-02-16,2025-02-16_東京09R_雲雀S,3倍以上,馬連,4,6,600,0
2025-02-16,2025-02-16_東京09R_雲雀S,3倍以上,馬連,5,10,1000,0
2025-02-16,2025-02-16_東京09R_雲雀S,3倍以上,馬連,6,15,1500,0
2025-02-16,2025-02-16_東京10R_バレンタインS,2倍台,ワイド,3,3,300,0
2025-02-16,2025-02-16_東京10R_バレンタインS,2倍台,ワイド,4,6,600,0
2025-02-16,2025-02-16_東京10R_バレンタインS,2倍台,ワイド,5,10,1000,590
2025-02-16,2025-02-16_東京10R_バレンタインS,2倍台,ワイド,6,15,1500,590
2025-02-16,2025-02-16_東京10R_バレンタインS,2倍台,馬連,3,3,300,0
2025-02-16,2025-02-16_東京10R_バレンタインS,2倍台,馬連,4,6,600,0
2025-02-16,2025-02-16_東京10R_バレンタインS,2倍台,馬連,5,10,1000,0
2025-02-16,2025-02-16_東京10R_バレンタインS,2倍台,馬連,6,15,1500,0
2025-02-16,2025-02-16_東京11R_共同通信杯,3倍以上,ワイド,3,3,300,0
2025-02-16,2025-02-16_東京11R_共同通信杯,3倍以上,ワイド,4,6,600,0
2025-02-16,2025-02-16_東京11R_共同通信杯,3倍以上,ワイド,5,10,1000,910
2025-02-16,2025-02-16_東京11R_共同通信杯,3倍以上,ワイド,6,15,1500,2090
2025-02-16,2025-02-16_東京11R_共同通信杯,3倍以上,馬連,3,3,300,0
2025-02-16,2025-02-16_東京11R_共同通信杯,3倍以上,馬連,4,6,600,0
2025-02-16,2025-02-16_東京11R_共同通信杯,3倍以上,馬連,5,10,1000,0
2025-02-16,2025-02-16_東京11R_共同通信杯,3倍以上,馬連,6,15,1500,2730
2025-02-16,2025-02-16_東京12R_4歳以上2勝クラス,1倍台,ワイド,3,3,300,0
2025-02-16,2025-02-16_東京12R_4歳以上2勝クラス,1倍台,ワイド,4,6,600,610
2025-02-16,2025-02-16_東京12R_4歳以上2勝クラス,1倍台,ワイド,5,10,1000,610
2025-02-16,2025-02-16_東京12R_4歳以上2勝クラス,1倍台,ワイド,6,15,1500,610
2025-02-16,2025-02-16_東京12R_4歳以上2勝クラス,1倍台,馬連,3,3,300,0
2025-02-16,2025-02-16_東京12R_4歳以上2勝クラス,1倍台,馬連,4,6,600,1810
2025-02-16,2025-02-16_東京12R_4歳以上2勝クラス,1倍台,馬連,5,10,1000,1810
2025-02-16,2025-02-16_東京12R_4歳以上2勝クラス,1倍台,馬連,6,15,1500,1810
2025-02-22,2025-02-22_京都09R_つばき賞,2倍台,ワイド,3,3,300,260
2025-02-22,2025-02-22_京都09R_つばき賞,2倍台,ワイド,4,6,600,260
2025-02-22,2025-02-22_京都09R_つばき賞,2倍台,ワイド,5,10,1000,260
2025-02-22,2025-02-22_京都09R_つばき賞,2倍台,ワイド,6,15,1500,260
2025-02-22,2025-02-22_京都09R_つばき賞,2倍台,馬連,3,3,300,0
2025-02-22,2025-02-22_京都09R_つばき賞,2倍台,馬連,4,6,600,0
2025-02-22,2025-02-22_京都09R_つばき賞,2倍台,馬連,5,10,1000,0
2025-02-22,2025-02-22_京都09R_つばき賞,2倍台,馬連,6,15,1500,0
2025-02-22,2025-02-22_京都10R_河原町S,3倍以上,ワイド,3,3,300,0
2025-02-22,2025-02-22_京都10R_河原町S,3倍以上,ワイド,4,6,600,0
2025-02-22,2025-02-22_京都10R_河原町S,3倍以上,ワイド,5,10,1000,0
2025-02-22,2025-02-22_京都10R_河原町S,3倍以上,ワイド,6,15,1500,0
2025-02-22,2025-02-22_京都10R_河原町S,3倍以上,馬連,3,3,300,0
2025-02-22,2025-02-22_京都10R_河原町S,3倍以上,馬連,4,6,600,0
2025-02-22,2025-02-22_京都10R_河原町S,3倍以上,馬連,5,10,1000,0
2025-02-22,2025-02-22_京都10R_河原町S,3倍以上,馬連,6,15,1500,0
2025-02-22,2025-02-22_京都11R_阪急杯,3倍以上,ワイド,3,3,300,0
2025-02-22,2025-02-22_京都11R_阪急杯,3倍以上,ワイド,4,6,600,0
2025-02-22,2025-02-22_京都11R_阪急杯,3倍以上,ワイド,5,10,1000,0
2025-02-22,2025-02-22_京都11R_阪急杯,3倍以上,ワイド,6,15,1500,0
2025-02-22,2025-02-22_京都11R_阪急杯,3倍以上,馬連,3,3,300,0
2025-02-22,2025-02-22_京都11R_阪急杯,3倍以上,馬連,4,6,600,0
2025-02-22,2025-02-22_京都11R_阪急杯,3倍以上,馬連,5,10,1000,0
2025-02-22,2025-02-22_京都11R_阪急杯,3倍以上,馬連,6,15,1500,0
2025-02-22,2025-02-22_京都12R_4歳以上2勝クラス,3倍以上,ワイド,3,3,300,0
2025-02-22,2025-02-22_京都12R_4歳以上2勝クラス,3倍以上,ワイド,4,6,600,1030
2025-02-22,2025-02-22_京都12R_4歳以上2勝クラス,3倍以上,ワイド,5,10,1000,1030
2025-02-22,2025-02-22_京都12R_4歳以上2勝クラス,3倍以上,ワイド,6,15,1500,1030
2025-02-22,2025-02-22_京都12R_4歳以上2勝クラス,3倍以上,馬連,3,3,300,0
2025-02-22,2025-02-22_京都12R_4歳以上2勝クラス,3倍以上,馬連,4,6,600,0
2025-02-22,2025-02-22_京都12R_4歳以上2勝クラス,3倍以上,馬連,5,10,1000,0
2025-02-22,2025-02-22_京都12R_4歳以上2勝クラス,3倍以上,馬連,6,15,1500,0
2025-02-22,2025-02-22_小倉09R_秋吉台特別,3倍以上,ワイド,3,3,300,0
2025-02-22,2025-02-22_小倉09R_秋吉台特別,3倍以上,ワイド,4,6,600,0
2025-02-22,2025-02-22_小倉09R_秋吉台特別,3倍以上,ワイド,5,10,1000,0
2025-02-22,2025-02-22_小倉09R_秋吉台特別,3倍以上,ワイド,6,15,1500,0
2025-02-22,2025-02-22_小倉09R_秋吉台特別,3倍以上,馬連,3,3,300,0
2025-02-22,2025-02-22_小倉09R_秋吉台特別,3倍以上,馬連,4,6,600,0
2025-02-22,2025-02-22_小倉09R_秋吉台特別,3倍以上,馬連,5,10,1000,0
2025-02-22,2025-02-22_小倉09R_秋吉台特別,3倍以上,馬連,6,15,1500,0
2025-02-22,2025-02-22_小倉10R_皿倉山特別,2倍台,ワイド,3,3,300,0
2025-02-22,2025-02-22_小倉10R_皿倉山特別,2倍台,ワイド,4,6,600,550
2025-02-22,2025-02-22_小倉10R_皿倉山特別,2倍台,ワイド,5,10,1000,550
2025-02-22,2025-02-22_小倉10R_皿倉山特別,2倍台,ワイド,6,15,1500,550
2025-02-22,2025-02-22_小倉10R_皿倉山特別,2倍台,馬連,3,3,300,0
2025-02-22,2025-02-22_小倉10R_皿倉山特別,2倍台,馬連,4,6,600,1170
2025-02-22,2025-02-22_小倉10R_皿倉山特別,2倍台,馬連,5,10,1000,1170
2025-02-22,2025-02-22_小倉10R_皿倉山特別,2倍台,馬連,6,15,1500,1170
2025-02-22,2025-02-22_小倉11R_小倉城S,3倍以上,ワイド,3,3,300,0
2025-02-22,2025-02-22_小倉11R_小倉城S,3倍以上,ワイド,4,6,600,0
2025-02-22,2025-02-22_小倉11R_小倉城S,3倍以上,ワイド,5,10,1000,430
2025-02-22,2025-02-22_小倉11R_小倉城S,3倍以上,ワイド,6,15,1500,430
2025-02-22,2025-02-22_小倉11R_小倉城S,3倍以上,馬連,3,3,300,0
2025-02-22,2025-02-22_小倉11R_小倉城S,3倍以上,馬連,4,6,600,0
2025-02-22,2025-02-22_小倉11R_小倉城S,3倍以上,馬連,5,10,1000,0
2025-02-22,2025-02-22_小倉11R_小倉城S,3倍以上,馬連,6,15,1500,0
2025-02-22,2025-02-22_小倉12R_4歳以上1勝クラス,2倍台,ワイド,3,3,300,0
2025-02-22,2025-02-22_小倉12R_4歳以上1勝クラス,2倍台,ワイド,4,6,600,200
2025-02-22,2025-02-22_小倉12R_4歳以上1勝クラス,2倍台,ワイド,5,10,1000,200
2025-02-22,2025-02-22_小倉12R_4歳以上1勝クラス,2倍台,ワイド,6,15,1500,200
2025-02-22,2025-02-22_小倉12R_4歳以上1勝クラス,2倍台,馬連,3,3,300,0
2025-02-22,2025-02-22_小倉12R_4歳以上1勝クラス,2倍台,馬連,4,6,600,430
2025-02-22,2025-02-22_小倉12R_4歳以上1勝クラス,2倍台,馬連,5,10,1000,430
2025-02-22,2025-02-22_小倉12R_4歳以上1勝クラス,2倍台,馬連,6,15,1500,430
2025-02-22,2025-02-22_東京09R_フリージア賞,1倍台,ワイド,3,3,300,350
2025-02-22,2025-02-22_東京09R_フリージア賞,1倍台,ワイド,4,6,600,1520
2025-02-22,2025-02-22_東京09R_フリージア賞,1倍台,ワイド,5,10,1000,1520
2025-02-22,2025-02-22_東京09R_フリージア賞,1倍台,ワイド,6,15,1500,1520
2025-02-22,2025-02-22_東京09R_フリージア賞,1倍台,馬連,3,3,300,0
2025-02-22,2025-02-22_東京09R_フリージア賞,1倍台,馬連,4,6,600,1560
2025-02-22,2025-02-22_東京09R_フリージア賞,1倍台,馬連,5,10,1000,1560
2025-02-22,2025-02-22_東京09R_フリージア賞,1倍台,馬連,6,15,1500,1560
2025-02-22,2025-02-22_東京10R_金蹄S,2倍台,ワイド,3,3,300,950
2025-02-22,2025-02-22_東京10R_金蹄S,2倍台,ワイド,4,6,600,1540
2025-02-22,2025-02-22_東京10R_金蹄S,2倍台,ワイド,5,10,1000,1540
2025-02-22,2025-02-22_東京10R_金蹄S,2倍台,ワイド,6,15,1500,1540
2025-02-22,2025-02-22_東京10R_金蹄S,2倍台,馬連,3,3,300,3950
2025-02-22,2025-02-22_東京10R_金蹄S,2倍台,馬連,4,6,600,3950
2025-02-22,2025-02-22_東京10R_金蹄S,2倍台,馬連,5,10,1000,3950
2025-02-22,2025-02-22_東京10R_金蹄S,2倍台,馬連,6,15,1500,3950
2025-02-22,2025-02-22_東京11R_ダイヤモンドS,1倍台,ワイド,3,3,300,0
2025-02-22,2025-02-22_東京11R_ダイヤモンドS,1倍台,ワイド,4,6,600,1160
2025-02-22,2025-02-22_東京11R_ダイヤモンドS,1倍台,ワイド,5,10,1000,1160
2025-02-22,2025-02-22_東京11R_ダイヤモンドS,1倍台,ワイド,6,15,1500,1160
2025-02-22,2025-02-22_東京11R_ダイヤモンドS,1倍台,馬連,3,3,300,0
2025-02-22,2025-02-22_東京11R_ダイヤモンドS,1倍台,馬連,4,6,600,0
2025-02-22,2025-02-22_東京11R_ダイヤモンドS,1倍台,馬連,5,10,1000,0
2025-02-22,2025-02-22_東京11R_ダイヤモンドS,1倍台,馬連,6,15,1500,0
2025-02-22,2025-02-22_東京12R_4歳以上1勝クラス,2倍台,ワイド,3,3,300,0
2025-02-22,2025-02-22_東京12R_4歳以上1勝クラス,2倍台,ワイド,4,6,600,0
2025-02-22,2025-02-22_東京12R_4歳以上1勝クラス,2倍台,ワイド,5,10,1000,0
2025-02-22,2025-02-22_東京12R_4歳以上1勝クラス,2倍台,ワイド,6,15,1500,910
2025-02-22,2025-02-22_東京12R_4歳以上1勝クラス,2倍台,馬連,3,3,300,0
2025-02-22,2025-02-22_東京12R_4歳以上1勝クラス,2倍台,馬連,4,6,600,0
2025-02-22,2025-02-22_東京12R_4歳以上1勝クラス,2倍台,馬連,5,10,1000,0
2025-02-22,2025-02-22_東京12R_4歳以上1勝クラス,2倍台,馬連,6,15,1500,0
2025-02-23,2025-02-23_京都09R_山城S,3倍以上,ワイド,3,3,300,0
2025-02-23,2025-02-23_京都09R_山城S,3倍以上,ワイド,4,6,600,0
2025-02-23,2025-02-23_京都09R_山城S,3倍以上,ワイド,5,10,1000,0
2025-02-23,2025-02-23_京都09R_山城S,3倍以上,ワイド,6,15,1500,0
2025-02-23,2025-02-23_京都09R_山城S,3倍以上,馬連,3,3,300,0
2025-02-23,2025-02-23_京都09R_山城S,3倍以上,馬連,4,6,600,0
2025-02-23,2025-02-23_京都09R_山城S,3倍以上,馬連,5,10,1000,0
2025-02-23,2025-02-23_京都09R_山城S,3倍以上,馬連,6,15,1500,0
2025-02-23,2025-02-23_京都10R_マーガレットS,2倍台,ワイド,3,3,300,0
2025-02-23,2025-02-23_京都10R_マーガレットS,2倍台,ワイド,4,6,600,0
2025-02-23,2025-02-23_京都10R_マーガレットS,2倍台,ワイド,5,10,1000,2110
2025-02-23,2025-02-23_京都10R_マーガレットS,2倍台,ワイド,6,15,1500,2110
2025-02-23,2025-02-23_京都10R_マーガレットS,2倍台,馬連,3,3,300,0
2025-02-23,2025-02-23_京都10R_マーガレットS,2倍台,馬連,4,6,600,0
2025-02-23,2025-02-23_京都10R_マーガレットS,2倍台,馬連,5,10,1000,0
2025-02-23,2025-02-23_京都10R_マーガレットS,2倍台,馬連,6,15,1500,0
2025-02-23,2025-02-23_京都11R_大和S,2倍台,ワイド,3,3,300,0
2025-02-23,2025-02-23_京都11R_大和S,2倍台,ワイド,4,6,600,0
2025-02-23,2025-02-23_京都11R_大和S,2倍台,ワイド,5,10,1000,760
2025-02-23,2025-02-23_京都11R_大和S,2倍台,ワイド,6,15,1500,760
2025-02-23,2025-02-23_京都11R_大和S,2倍台,馬連,3,3,300,0
2025-02-23,2025-02-23_京都11R_大和S,2倍台,馬連,4,6,600,0
2025-02-23,2025-02-23_京都11R_大和S,2倍台,馬連,5,10,1000,0
2025-02-23,2025-02-23_京都11R_大和S,2倍台,馬連,6,15,1500,0
2025-02-23,2025-02-23_京都12R_4歳以上2勝クラス,3倍以上,ワイド,3,3,300,420
2025-02-23,2025-02-23_京都12R_4歳以上2勝クラス,3倍以上,ワイド,4,6,600,420
2025-02-23,2025-02-23_京都12R_4歳以上2勝クラス,3倍以上,ワイド,5,10,1000,1260
2025-02-23,2025-02-23_京都12R_4歳以上2勝クラス,3倍以上,ワイド,6,15,1500,1260
2025-02-23,2025-02-23_京都12R_4歳以上2勝クラス,3倍以上,馬連,3,3,300,0
2025-02-23,2025-02-23_京都12R_4歳以上2勝クラス,3倍以上,馬連,4,6,600,0
2025-02-23,2025-02-23_京都12R_4歳以上2勝クラス,3倍以上,馬連,5,10,1000,770
2025-02-23,2025-02-23_京都12R_4歳以上2勝クラス,3倍以上,馬連,6,15,1500,770
2025-02-23,2025-02-23_小倉09R_高千穂特別,2倍台,ワイド,3,3,300,0
2025-02-23,2025-02-23_小倉09R_高千穂特別,2倍台,ワイド,4,6,600,340
2025-02-23,2025-02-23_小倉09R_高千穂特別,2倍台,ワイド,5,10,1000,340
2025-02-23,2025-02-23_小倉09R_高千穂特別,2倍台,ワイド,6,15,1500,340
2025-02-23,2025-02-23_小倉09R_高千穂特別,2倍台,馬連,3,3,300,0
2025-02-23,2025-02-23_小倉09R_高千穂特別,2倍台,馬連,4,6,600,0
2025-02-23,2025-02-23_小倉09R_高千穂特別,2倍台,馬連,5,10,1000,0
2025-02-23,2025-02-23_小倉09R_高千穂特別,2倍台,馬連,6,15,1500,0
2025-02-23,2025-02-23_小倉10R_和布刈特別,3倍以上,ワイド,3,3,300,0
2025-02-23,2025-02-23_小倉10R_和布刈特別,3倍以上,ワイド,4,6,600,0
2025-02-23,2025-02-23_小倉10R_和布刈特別,3倍以上,ワイド,5,10,1000,710
2025-02-23,2025-02-23_小倉10R_和布刈特別,3倍以上,ワイド,6,15,1500,3320
2025-02-23,2025-02-23_小倉10R_和布刈特別,3倍以上,馬連,3,3,300,0
2025-02-23,2025-02-23_小倉10R_和布刈特別,3倍以上,馬連,4,6,600,0
2025-02-23,2025-02-23_小倉10R_和布刈特別,3倍以上,馬連,5,10,1000,2000
2025-02-23,2025-02-23_小倉10R_和布刈特別,3倍以上,馬連,6,15,1500,2000
2025-02-23,2025-02-23_小倉11R_小倉大賞典,3倍以上,ワイド,3,3,300,0
2025-02-23,2025-02-23_小倉11R_小倉大賞典,3倍以上,ワイド,4,6,600,0
2025-02-23,2025-02-23_小倉11R_小倉大賞典,3倍以上,ワイド,5,10,1000,0
2025-02-23,2025-02-23_小倉11R_小倉大賞典,3倍以上,ワイド,6,15,1500,2630
2025-02-23,2025-02-23_小倉11R_小倉大賞典,3倍以上,馬連,3,3,300,0
2025-02-23,2025-02-23_小倉11R_小倉大賞典,3倍以上,馬連,4,6,600,0
2025-02-23,2025-02-23_小倉11R_小倉大賞典,3倍以上,馬連,5,10,1000,0
2025-02-23,2025-02-23_小倉11R_小倉大賞典,3倍以上,馬連,6,15,1500,0
2025-02-23,2025-02-23_小倉12R_4歳以上1勝クラス,3倍以上,ワイド,3,3,300,0
2025-02-23,2025-02-23_小倉12R_4歳以上1勝クラス,3倍以上,ワイド,4,6,600,0
2025-02-23,2025-02-23_小倉12R_4歳以上1勝クラス,3倍以上,ワイド,5,10,1000,810
2025-02-23,2025-02-23_小倉12R_4歳以上1勝クラス,3倍以上,ワイド,6,15,1500,810
2025-02-23,2025-02-23_小倉12R_4歳以上1勝クラス,3倍以上,馬連,3,3,300,0
2025-02-23,2025-02-23_小倉12R_4歳以上1勝クラス,3倍以上,馬連,4,6,600,0
2025-02-23,2025-02-23_小倉12R_4歳以上1勝クラス,3倍以上,馬連,5,10,1000,2100
2025-02-23,2025-02-23_小倉12R_4歳以上1勝クラス,3倍以上,馬連,6,15,1500,2100
2025-02-23,2025-02-23_東京09R_ヒヤシンスS,1倍台,ワイド,3,3,300,0
2025-02-23,2025-02-23_東京09R_ヒヤシンスS,1倍台,ワイド,4,6,600,0
2025-02-23,2025-02-23_東京09R_ヒヤシンスS,1倍台,ワイド,5,10,1000,0
2025-02-23,2025-02-23_東京09R_ヒヤシンスS,1倍台,ワイド,6,15,1500,0
2025-02-23,2025-02-23_東京09R_ヒヤシンスS,1倍台,馬連,3,3,300,0
2025-02-23,2025-02-23_東京09R_ヒヤシンスS,1倍台,馬連,4,6,600,0
2025-02-23,2025-02-23_東京09R_ヒヤシンスS,1倍台,馬連,5,10,1000,0
2025-02-23,2025-02-23_東京09R_ヒヤシンスS,1倍台,馬連,6,15,1500,0
2025-02-23,2025-02-23_東京10R_アメジストS,2倍台,ワイド,3,3,300,0
2025-02-23,2025-02-23_東京10R_アメジストS,2倍台,ワイド,4,6,600,0
2025-02-23,2025-02-23_東京10R_アメジストS,2倍台,ワイド,5,10,1000,0
2025-02-23,2025-02-23_東京10R_アメジストS,2倍台,ワイド,6,15,1500,1470
2025-02-23,2025-02-23_東京10R_アメジストS,2倍台,馬連,3,3,300,0
2025-02-23,2025-02-23_東京10R_アメジストS,2倍台,馬連,4,6,600,0
2025-02-23,2025-02-23_東京10R_アメジストS,2倍台,馬連,5,10,1000,0
2025-02-23,2025-02-23_東京10R_アメジストS,2倍台,馬連,6,15,1500,4600
2025-02-23,2025-02-23_東京11R_フェブラリーS,3倍以上,ワイド,3,3,300,0
2025-02-23,2025-02-23_東京11R_フェブラリーS,3倍以上,ワイド,4,6,600,0
2025-02-23,2025-02-23_東京11R_フェブラリーS,3倍以上,ワイド,5,10,1000,720
2025-02-23,2025-02-23_東京11R_フェブラリーS,3倍以上,ワイド,6,15,1500,720
2025-02-23,2025-02-23_東京11R_フェブラリーS,3倍以上,馬連,3,3,300,0
2025-02-23,2025-02-23_東京11R_フェブラリーS,3倍以上,馬連,4,6,600,0
2025-02-23,2025-02-23_東京11R_フェブラリーS,3倍以上,馬連,5,10,1000,1830
2025-02-23,2025-02-23_東京11R_フェブラリーS,3倍以上,馬連,6,15,1500,1830
2025-02-23,2025-02-23_東京12R_大島特別,3倍以上,ワイド,3,3,300,1910
2025-02-23,2025-02-23_東京12R_大島特別,3倍以上,ワイド,4,6,600,1910
2025-02-23,2025-02-23_東京12R_大島特別,3倍以上,ワイド,5,10,1000,1910
2025-02-23,2025-02-23_東京12R_大島特別,3倍以上,ワイド,6,15,1500,1910
2025-02-23,2025-02-23_東京12R_大島特別,3倍以上,馬連,3,3,300,0
2025-02-23,2025-02-23_東京12R_大島特別,3倍以上,馬連,4,6,600,0
2025-02-23,2025-02-23_東京12R_大島特別,3倍以上,馬連,5,10,1000,0
2025-02-23,2025-02-23_東京12R_大島特別,3倍以上,馬連,6,15,1500,0
2025-03-01,2025-03-01_中山09R_水仙賞,2倍台,ワイド,3,3,300,0
2025-03-01,2025-03-01_中山09R_水仙賞,2倍台,ワイド,4,6,600,0
2025-03-01,2025-03-01_中山09R_水仙賞,2倍台,ワイド,5,10,1000,0
2025-03-01,2025-03-01_中山09R_水仙賞,2倍台,ワイド,6,15,1500,0
2025-03-01,2025-03-01_中山09R_水仙賞,2倍台,馬連,3,3,300,0
2025-03-01,2025-03-01_中山09R_水仙賞,2倍台,馬連,4,6,600,0
2025-03-01,2025-03-01_中山09R_水仙賞,2倍台,馬連,5,10,1000,0
2025-03-01,2025-03-01_中山09R_水仙賞,2倍台,馬連,6,15,1500,0
2025-03-01,2025-03-01_中山10R_春風S,3倍以上,ワイド,3,3,300,0
2025-03-01,2025-03-01_中山10R_春風S,3倍以上,ワイド,4,6,600,1070
2025-03-01,2025-03-01_中山10R_春風S,3倍以上,ワイド,5,10,1000,1070
2025-03-01,2025-03-01_中山10R_春風S,3倍以上,ワイド,6,15,1500,1070
2025-03-01,2025-03-01_中山10R_春風S,3倍以上,馬連,3,3,300,0
2025-03-01,2025-03-01_中山10R_春風S,3倍以上,馬連,4,6,600,0
2025-03-01,2025-03-01_中山10R_春風S,3倍以上,馬連,5,10,1000,0
2025-03-01,2025-03-01_中山10R_春風S,3倍以上,馬連,6,15,1500,0
2025-03-01,2025-03-01_中山11R_オーシャンS,2倍台,ワイド,3,3,300,0
2025-03-01,2025-03-01_中山11R_オーシャンS,2倍台,ワイド,4,6,600,0
2025-03-01,2025-03-01_中山11R_オーシャンS,2倍台,ワイド,5,10,1000,0
2025-03-01,2025-03-01_中山11R_オーシャンS,2倍台,ワイド,6,15,1500,0
2025-03-01,2025-03-01_中山11R_オーシャンS,2倍台,馬連,3,3,300,0
2025-03-01,2025-03-01_中山11R_オーシャンS,2倍台,馬連,4,6,600,0
2025-03-01,2025-03-01_中山11R_オーシャンS,2倍台,馬連,5,10,1000,0
2025-03-01,2025-03-01_中山11R_オーシャンS,2倍台,馬連,6,15,1500,0
2025-03-01,2025-03-01_中山12R_4歳以上2勝クラス,1倍台,ワイド,3,3,300,0
2025-03-01,2025-03-01_中山12R_4歳以上2勝クラス,1倍台,ワイド,4,6,600,210
2025-03-01,2025-03-01_中山12R_4歳以上2勝クラス,1倍台,ワイド,5,10,1000,1880
2025-03-01,2025-03-01_中山12R_4歳以上2勝クラス,1倍台,ワイド,6,15,1500,1880
2025-03-01,2025-03-01_中山12R_4歳以上2勝クラス,1倍台,馬連,3,3,300,0
2025-03-01,2025-03-01_中山12R_4歳以上2勝クラス,1倍台,馬連,4,6,600,330
2025-03-01,2025-03-01_中山12R_4歳以上2勝クラス,1倍台,馬連,5,10,1000,330
2025-03-01,2025-03-01_中山12R_4歳以上2勝クラス,1倍台,馬連,6,15,1500,330
2025-03-01,2025-03-01_小倉09R_背振山特別,2倍台,ワイド,3,3,300,0
2025-03-01,2025-03-01_小倉09R_背振山特別,2倍台,ワイド,4,6,600,0
2025-03-01,2025-03-01_小倉09R_背振山特別,2倍台,ワイド,5,10,1000,480
2025-03-01,2025-03-01_小倉09R_背振山特別,2倍台,ワイド,6,15,1500,480
2025-03-01,2025-03-01_小倉09R_背振山特別,2倍台,馬連,3,3,300,0
2025-03-01,2025-03-01_小倉09R_背振山特別,2倍台,馬連,4,6,600,0
2025-03-01,2025-03-01_小倉09R_背振山特別,2倍台,馬連,5,10,1000,1240
2025-03-01,2025-03-01_小倉09R_背振山特別,2倍台,馬連,6,15,1500,1240
2025-03-01,2025-03-01_小倉10R_西日本新聞杯,2倍台,ワイド,3,3,300,0
2025-03-01,2025-03-01_小倉10R_西日本新聞杯,2倍台,ワイド,4,6,600,710
2025-03-01,2025-03-01_小倉10R_西日本新聞杯,2倍台,ワイド,5,10,1000,710
2025-03-01,2025-03-01_小倉10R_西日本新聞杯,2倍台,ワイド,6,15,1500,710
2025-03-01,2025-03-01_小倉10R_西日本新聞杯,2倍台,馬連,3,3,300,0
2025-03-01,2025-03-01_小倉10R_西日本新聞杯,2倍台,馬連,4,6,600,0
2025-03-01,2025-03-01_小倉10R_西日本新聞杯,2倍台,馬連,5,10,1000,0
2025-03-01,2025-03-01_小倉10R_西日本新聞杯,2倍台,馬連,6,15,1500,0
2025-03-01,2025-03-01_小倉11R_早鞆特別,3倍以上,ワイド,3,3,300,0
2025-03-01,2025-03-01_小倉11R_早鞆特別,3倍以上,ワイド,4,6,600,1470
2025-03-01,2025-03-01_小倉11R_早鞆特別,3倍以上,ワイド,5,10,1000,1470
2025-03-01,2025-03-01_小倉11R_早鞆特別,3倍以上,ワイド,6,15,1500,4060
2025-03-01,2025-03-01_小倉11R_早鞆特別,3倍以上,馬連,3,3,300,0
2025-03-01,2025-03-01_小倉11R_早鞆特別,3倍以上,馬連,4,6,600,4430
2025-03-01,2025-03-01_小倉11R_早鞆特別,3倍以上,馬連,5,10,1000,4430
2025-03-01,2025-03-01_小倉11R_早鞆特別,3倍以上,馬連,6,15,1500,4430
2025-03-01,2025-03-01_小倉12R_4歳以上1勝クラス,3倍以上,ワイド,3,3,300,0
2025-03-01,2025-03-01_小倉12R_4歳以上1勝クラス,3倍以上,ワイド,4,6,600,0
2025-03-01,2025-03-01_小倉12R_4歳以上1勝クラス,3倍以上,ワイド,5,10,1000,0
2025-03-01,2025-03-01_小倉12R_4歳以上1勝クラス,3倍以上,ワイド,6,15,1500,0
2025-03-01,2025-03-01_小倉12R_4歳以上1勝クラス,3倍以上,馬連,3,3,300,0
2025-03-01,2025-03-01_小倉12R_4歳以上1勝クラス,3倍以上,馬連,4,6,600,0
2025-03-01,2025-03-01_小倉12R_4歳以上1勝クラス,3倍以上,馬連,5,10,1000,0
2025-03-01,2025-03-01_小倉12R_4歳以上1勝クラス,3倍以上,馬連,6,15,1500,0
2025-03-01,2025-03-01_阪神09R_すみれS,2倍台,ワイド,3,3,300,240
2025-03-01,2025-03-01_阪神09R_すみれS,2倍台,ワイド,4,6,600,930
2025-03-01,2025-03-01_阪神09R_すみれS,2倍台,ワイド,5,10,1000,930
2025-03-01,2025-03-01_阪神09R_すみれS,2倍台,ワイド,6,15,1500,930
2025-03-01,2025-03-01_阪神09R_すみれS,2倍台,馬連,3,3,300,0
2025-03-01,2025-03-01_阪神09R_すみれS,2倍台,馬連,4,6,600,1370
2025-03-01,2025-03-01_阪神09R_すみれS,2倍台,馬連,5,10,1000,1370
2025-03-01,2025-03-01_阪神09R_すみれS,2倍台,馬連,6,15,1500,1370
2025-03-01,2025-03-01_阪神10R_阪神競馬場リニューアルオープン記念,2倍台,ワイド,3,3,300,0
2025-03-01,2025-03-01_阪神10R_阪神競馬場リニューアルオープン記念,2倍台,ワイド,4,6,600,530
2025-03-01,2025-03-01_阪神10R_阪神競馬場リニューアルオープン記念,2倍台,ワイド,5,10,1000,1210
2025-03-01,2025-03-01_阪神10R_阪神競馬場リニューアルオープン記念,2倍台,ワイド,6,15,1500,1210
2025-03-01,2025-03-01_阪神10R_阪神競馬場リニューアルオープン記念,2倍台,馬連,3,3,300,0
2025-03-01,2025-03-01_阪神10R_阪神競馬場リニューアルオープン記念,2倍台,馬連,4,6,600,1730
2025-03-01,2025-03-01_阪神10R_阪神競馬場リニューアルオープン記念,2倍台,馬連,5,10,1000,1730
2025-03-01,2025-03-01_阪神10R_阪神競馬場リニューアルオープン記念,2倍台,馬連,6,15,1500,1730
2025-03-01,2025-03-01_阪神11R_仁川S,3倍以上,ワイド,3,3,300,0
2025-03-01,2025-03-01_阪神11R_仁川S,3倍以上,ワイド,4,6,600,0
2025-03-01,2025-03-01_阪神11R_仁川S,3倍以上,ワイド,5,10,1000,0
2025-03-01,2025-03-01_阪神11R_仁川S,3倍以上,ワイド,6,15,1500,0
2025-03-01,2025-03-01_阪神11R_仁川S,3倍以上,馬連,3,3,300,0
2025-03-01,2025-03-01_阪神11R_仁川S,3倍以上,馬連,4,6,600,0
2025-03-01,2025-03-01_阪神11R_仁川S,3倍以上,馬連,5,10,1000,0
2025-03-01,2025-03-01_阪神11R_仁川S,3倍以上,馬連,6,15,1500,0
2025-03-01,2025-03-01_阪神12R_4歳以上2勝クラス,3倍以上,ワイド,3,3,300,0
2025-03-01,2025-03-01_阪神12R_4歳以上2勝クラス,3倍以上,ワイド,4,6,600,970
2025-03-01,2025-03-01_阪神12R_4歳以上2勝クラス,3倍以上,ワイド,5,10,1000,970
2025-03-01,2025-03-01_阪神12R_4歳以上2勝クラス,3倍以上,ワイド,6,15,1500,970
2025-03-01,2025-03-01_阪神12R_4歳以上2勝クラス,3倍以上,馬連,3,3,300,0
2025-03-01,2025-03-01_阪神12R_4歳以上2勝クラス,3倍以上,馬連,4,6,600,0
2025-03-01,2025-03-01_阪神12R_4歳以上2勝クラス,3倍以上,馬連,5,10,1000,0
2025-03-01,2025-03-01_阪神12R_4歳以上2勝クラス,3倍以上,馬連,6,15,1500,0
2025-03-02,2025-03-02_中山09R_富里特別,1倍台,ワイド,3,3,300,0
2025-03-02,2025-03-02_中山09R_富里特別,1倍台,ワイド,4,6,600,0
2025-03-02,2025-03-02_中山09R_富里特別,1倍台,ワイド,5,10,1000,0
2025-03-02,2025-03-02_中山09R_富里特別,1倍台,ワイド,6,15,1500,2830
2025-03-02,2025-03-02_中山09R_富里特別,1倍台,馬連,3,3,300,0
2025-03-02,2025-03-02_中山09R_富里特別,1倍台,馬連,4,6,600,0
2025-03-02,2025-03-02_中山09R_富里特別,1倍台,馬連,5,10,1000,0
2025-03-02,2025-03-02_中山09R_富里特別,1倍台,馬連,6,15,1500,0
2025-03-02,2025-03-02_中山10R_アクアマリンS,2倍台,ワイド,3,3,300,260
2025-03-02,2025-03-02_中山10R_アクアマリンS,2倍台,ワイド,4,6,600,2190
2025-03-02,2025-03-02_中山10R_アクアマリンS,2倍台,ワイド,5,10,1000,2190
2025-03-02,2025-03-02_中山10R_アクアマリンS,2倍台,ワイド,6,15,1500,2190
2025-03-02,2025-03-02_中山10R_アクアマリンS,2倍台,馬連,3,3,300,0
2025-03-02,2025-03-02_中山10R_アクアマリンS,2倍台,馬連,4,6,600,2430
2025-03-02,2025-03-02_中山10R_アクアマリンS,2倍台,馬連,5,10,1000,2430
2025-03-02,2025-03-02_中山10R_アクアマリンS,2倍台,馬連,6,15,1500,2430
2025-03-02,2025-03-02_中山11R_中山記念,2倍台,ワイド,3,3,300,260
2025-03-02,2025-03-02_中山11R_中山記念,2倍台,ワイド,4,6,600,1180
2025-03-02,2025-03-02_中山11R_中山記念,2倍台,ワイド,5,10,1000,1180
2025-03-02,2025-03-02_中山11R_中山記念,2倍台,ワイド,6,15,1500,1180
2025-03-02,2025-03-02_中山11R_中山記念,2倍台,馬連,3,3,300,0
2025-03-02,2025-03-02_中山11R_中山記念,2倍台,馬連,4,6,600,1050
2025-03-02,2025-03-02_中山11R_中山記念,2倍台,馬連,5,10,1000,1050
2025-03-02,2025-03-02_中山11R_中山記念,2倍台,馬連,6,15,1500,1050
2025-03-02,2025-03-02_中山12R_4歳以上2勝クラス,2倍台,ワイド,3,3,300,0
2025-03-02,2025-03-02_中山12R_4歳以上2勝クラス,2倍台,ワイド,4,6,600,0
2025-03-02,2025-03-02_中山12R_4歳以上2勝クラス,2倍台,ワイド,5,10,1000,0
2025-03-02,2025-03-02_中山12R_4歳以上2勝クラス,2倍台,ワイド,6,15,1500,0
2025-03-02,2025-03-02_中山12R_4歳以上2勝クラス,2倍台,馬連,3,3,300,0
2025-03-02,2025-03-02_中山12R_4歳以上2勝クラス,2倍台,馬連,4,6,600,0
2025-03-02,2025-03-02_中山12R_4歳以上2勝クラス,2倍台,馬連,5,10,1000,0
2025-03-02,2025-03-02_中山12R_4歳以上2勝クラス,2倍台,馬連,6,15,1500,0
2025-03-02,2025-03-02_小倉09R_あざみ賞,1倍台,ワイド,3,3,300,280
2025-03-02,2025-03-02_小倉09R_あざみ賞,1倍台,ワイド,4,6,600,1180
2025-03-02,2025-03-02_小倉09R_あざみ賞,1倍台,ワイド,5,10,1000,1180
2025-03-02,2025-03-02_小倉09R_あざみ賞,1倍台,ワイド,6,15,1500,1180
2025-03-02,2025-03-02_小倉09R_あざみ賞,1倍台,馬連,3,3,300,840
2025-03-02,2025-03-02_小倉09R_あざみ賞,1倍台,馬連,4,6,600,840
2025-03-02,2025-03-02_小倉09R_あざみ賞,1倍台,馬連,5,10,1000,840
2025-03-02,2025-03-02_小倉09R_あざみ賞,1倍台,馬連,6,15,1500,840
2025-03-02,2025-03-02_小倉10R_別府特別,3倍以上,ワイド,3,3,300,0
2025-03-02,2025-03-02_小倉10R_別府特別,3倍以上,ワイド,4,6,600,0
2025-03-02,2025-03-02_小倉10R_別府特別,3倍以上,ワイド,5,10,1000,0
2025-03-02,2025-03-02_小倉10R_別府特別,3倍以上,ワイド,6,15,1500,0
2025-03-02,2025-03-02_小倉10R_別府特別,3倍以上,馬連,3,3,300,0
2025-03-02,2025-03-02_小倉10R_別府特別,3倍以上,馬連,4,6,600,0
2025-03-02,2025-03-02_小倉10R_別府特別,3倍以上,馬連,5,10,1000,0
2025-03-02,2025-03-02_小倉10R_別府特別,3倍以上,馬連,6,15,1500,0
2025-03-02,2025-03-02_小倉11R_関門橋S,3倍以上,ワイド,3,3,300,1240
2025-03-02,2025-03-02_小倉11R_関門橋S,3倍以上,ワイド,4,6,600,1240
2025-03-02,2025-03-02_小倉11R_関門橋S,3倍以上,ワイド,5,10,1000,1240
2025-03-02,2025-03-02_小倉11R_関門橋S,3倍以上,ワイド,6,15,1500,1240
2025-03-02,2025-03-02_小倉11R_関門橋S,3倍以上,馬連,3,3,300,4000
2025-03-02,2025-03-02_小倉11R_関門橋S,3倍以上,馬連,4,6,600,4000
2025-03-02,2025-03-02_小倉11R_関門橋S,3倍以上,馬連,5,10,1000,4000
2025-03-02,2025-03-02_小倉11R_関門橋S,3倍以上,馬連,6,15,1500,4000
2025-03-02,2025-03-02_小倉12R_4歳以上1勝クラス,3倍以上,ワイド,3,3,300,0
2025-03-02,2025-03-02_小倉12R_4歳以上1勝クラス,3倍以上,ワイド,4,6,600,800
2025-03-02,2025-03-02_小倉12R_4歳以上1勝クラス,3倍以上,ワイド,5,10,1000,800
2025-03-02,2025-03-02_小倉12R_4歳以上1勝クラス,3倍以上,ワイド,6,15,1500,800
2025-03-02,2025-03-02_小倉12R_4歳以上1勝クラス,3倍以上,馬連,3,3,300,0
2025-03-02,2025-03-02_小倉12R_4歳以上1勝クラス,3倍以上,馬連,4,6,600,1980
2025-03-02,2025-03-02_小倉12R_4歳以上1勝クラス,3倍以上,馬連,5,10,1000,1980
2025-03-02,2025-03-02_小倉12R_4歳以上1勝クラス,3倍以上,馬連,6,15,1500,1980
2025-03-02,2025-03-02_阪神09R_淡路特別,1倍台,ワイド,3,3,300,180
2025-03-02,2025-03-02_阪神09R_淡路特別,1倍台,ワイド,4,6,600,180
2025-03-02,2025-03-02_阪神09R_淡路特別,1倍台,ワイド,5,10,1000,180
2025-03-02,2025-03-02_阪神09R_淡路特別,1倍台,ワイド,6,15,1500,180
2025-03-02,2025-03-02_阪神09R_淡路特別,1倍台,馬連,3,3,300,280
2025-03-02,2025-03-02_阪神09R_淡路特別,1倍台,馬連,4,6,600,280
2025-03-02,2025-03-02_阪神09R_淡路特別,1倍台,馬連,5,10,1000,280
2025-03-02,2025-03-02_阪神09R_淡路特別,1倍台,馬連,6,15,1500,280
2025-03-02,2025-03-02_阪神10R_伊丹S,1倍台,ワイド,3,3,300,690
2025-03-02,2025-03-02_阪神10R_伊丹S,1倍台,ワイド,4,6,600,690
2025-03-02,2025-03-02_阪神10R_伊丹S,1倍台,ワイド,5,10,1000,690
2025-03-02,2025-03-02_阪神10R_伊丹S,1倍台,ワイド,6,15,1500,690
2025-03-02,2025-03-02_阪神10R_伊丹S,1倍台,馬連,3,3,300,180
2025-03-02,2025-03-02_阪神10R_伊丹S,1倍台,馬連,4,6,600,180
2025-03-02,2025-03-02_阪神10R_伊丹S,1倍台,馬連,5,10,1000,180
2025-03-02,2025-03-02_阪神10R_伊丹S,1倍台,馬連,6,15,1500,180
2025-03-02,2025-03-02_阪神11R_チューリップ賞,2倍台,ワイド,3,3,300,0
2025-03-02,2025-03-02_阪神11R_チューリップ賞,2倍台,ワイド,4,6,600,0
2025-03-02,2025-03-02_阪神11R_チューリップ賞,2倍台,ワイド,5,10,1000,0
2025-03-02,2025-03-02_阪神11R_チューリップ賞,2倍台,ワイド,6,15,1500,0
2025-03-02,2025-03-02_阪神11R_チューリップ賞,2倍台,馬連,3,3,300,0
2025-03-02,2025-03-02_阪神11R_チューリップ賞,2倍台,馬連,4,6,600,0
2025-03-02,2025-03-02_阪神11R_チューリップ賞,2倍台,馬連,5,10,1000,0
2025-03-02,2025-03-02_阪神11R_チューリップ賞,2倍台,馬連,6,15,1500,0
2025-03-02,2025-03-02_阪神12R_4歳以上2勝クラス,3倍以上,ワイド,3,3,300,470
2025-03-02,2025-03-02_阪神12R_4歳以上2勝クラス,3倍以上,ワイド,4,6,600,470
2025-03-02,2025-03-02_阪神12R_4歳以上2勝クラス,3倍以上,ワイド,5,10,1000,470
2025-03-02,2025-03-02_阪神12R_4歳以上2勝クラス,3倍以上,ワイド,6,15,1500,470
2025-03-02,2025-03-02_阪神12R_4歳以上2勝クラス,3倍以上,馬連,3,3,300,0
2025-03-02,2025-03-02_阪神12R_4歳以上2勝クラス,3倍以上,馬連,4,6,600,0
2025-03-02,2025-03-02_阪神12R_4歳以上2勝クラス,3倍以上,馬連,5,10,1000,0
2025-03-02,2025-03-02_阪神12R_4歳以上2勝クラス,3倍以上,馬連,6,15,1500,0
2025-03-08,2025-03-08_中山09R_潮来特別,2倍台,ワイド,3,3,300,140
2025-03-08,2025-03-08_中山09R_潮来特別,2倍台,ワイド,4,6,600,480
2025-03-08,2025-03-08_中山09R_潮来特別,2倍台,ワイド,5,10,1000,480
2025-03-08,2025-03-08_中山09R_潮来特別,2倍台,ワイド,6,15,1500,480
2025-03-08,2025-03-08_中山09R_潮来特別,2倍台,馬連,3,3,300,0
2025-03-08,2025-03-08_中山09R_潮来特別,2倍台,馬連,4,6,600,400
2025-03-08,2025-03-08_中山09R_潮来特別,2倍台,馬連,5,10,1000,400
2025-03-08,2025-03-08_中山09R_潮来特別,2倍台,馬連,6,15,1500,400
2025-03-08,2025-03-08_中山10R_上総S,2倍台,ワイド,3,3,300,0
2025-03-08,2025-03-08_中山10R_上総S,2倍台,ワイド,4,6,600,0
2025-03-08,2025-03-08_中山10R_上総S,2倍台,ワイド,5,10,1000,0
2025-03-08,2025-03-08_中山10R_上総S,2倍台,ワイド,6,15,1500,0
2025-03-08,2025-03-08_中山10R_上総S,2倍台,馬連,3,3,300,0
2025-03-08,2025-03-08_中山10R_上総S,2倍台,馬連,4,6,600,0
2025-03-08,2025-03-08_中山10R_上総S,2倍台,馬連,5,10,1000,0
2025-03-08,2025-03-08_中山10R_上総S,2倍台,馬連,6,15,1500,0
2025-03-08,2025-03-08_中山11R_中山牝馬S,3倍以上,ワイド,3,3,300,1260
2025-03-08,2025-03-08_中山11R_中山牝馬S,3倍以上,ワイド,4,6,600,1260
2025-03-08,2025-03-08_中山11R_中山牝馬S,3倍以上,ワイド,5,10,1000,1260
2025-03-08,2025-03-08_中山11R_中山牝馬S,3倍以上,ワイド,6,15,1500,2940
2025-03-08,2025-03-08_中山11R_中山牝馬S,3倍以上,馬連,3,3,300,3490
2025-03-08,2025-03-08_中山11R_中山牝馬S,3倍以上,馬連,4,6,600,3490
2025-03-08,2025-03-08_中山11R_中山牝馬S,3倍以上,馬連,5,10,1000,3490
2025-03-08,2025-03-08_中山11R_中山牝馬S,3倍以上,馬連,6,15,1500,3490
2025-03-08,2025-03-08_中山12R_4歳以上1勝クラス,2倍台,ワイド,3,3,300,0
2025-03-08,2025-03-08_中山12R_4歳以上1勝クラス,2倍台,ワイド,4,6,600,0
2025-03-08,2025-03-08_中山12R_4歳以上1勝クラス,2倍台,ワイド,5,10,1000,470
2025-03-08,2025-03-08_中山12R_4歳以上1勝クラス,2倍台,ワイド,6,15,1500,470
2025-03-08,2025-03-08_中山12R_4歳以上1勝クラス,2倍台,馬連,3,3,300,0
2025-03-08,2025-03-08_中山12R_4歳以上1勝クラス,2倍台,馬連,4,6,600,0
2025-03-08,2025-03-08_中山12R_4歳以上1勝クラス,2倍台,馬連,5,10,1000,0
2025-03-08,2025-03-08_中山12R_4歳以上1勝クラス,2倍台,馬連,6,15,1500,0
2025-03-08,2025-03-08_阪神09R_千里山特別,2倍台,ワイド,3,3,300,0
2025-03-08,2025-03-08_阪神09R_千里山特別,2倍台,ワイド,4,6,600,0
2025-03-08,2025-03-08_阪神09R_千里山特別,2倍台,ワイド,5,10,1000,350
2025-03-08,2025-03-08_阪神09R_千里山特別,2倍台,ワイド,6,15,1500,350
2025-03-08,2025-03-08_阪神09R_千里山特別,2倍台,馬連,3,3,300,0
2025-03-08,2025-03-08_阪神09R_千里山特別,2倍台,馬連,4,6,600,0
2025-03-08,2025-03-08_阪神09R_千里山特別,2倍台,馬連,5,10,1000,0
2025-03-08,2025-03-08_阪神09R_千里山特別,2倍台,馬連,6,15,1500,0
2025-03-08,2025-03-08_阪神10R_なにわS,2倍台,ワイド,3,3,300,450
2025-03-08,2025-03-08_阪神10R_なにわS,2倍台,ワイド,4,6,600,1300
2025-03-08,2025-03-08_阪神10R_なにわS,2倍台,ワイド,5,10,1000,1300
2025-03-08,2025-03-08_阪神10R_なにわS,2倍台,ワイド,6,15,1500,1300
2025-03-08,2025-03-08_阪神10R_なにわS,2倍台,馬連,3,3,300,1240
2025-03-08,2025-03-08_阪神10R_なにわS,2倍台,馬連,4,6,600,1240
2025-03-08,2025-03-08_阪神10R_なにわS,2倍台,馬連,5,10,1000,1240
2025-03-08,2025-03-08_阪神10R_なにわS,2倍台,馬連,6,15,1500,1240
2025-03-08,2025-03-08_阪神11R_フィリーズレビュー,3倍以上,ワイド,3,3,300,0
2025-03-08,2025-03-08_阪神11R_フィリーズレビュー,3倍以上,ワイド,4,6,600,0
2025-03-08,2025-03-08_阪神11R_フィリーズレビュー,3倍以上,ワイド,5,10,1000,10710
2025-03-08,2025-03-08_阪神11R_フィリーズレビュー,3倍以上,ワイド,6,15,1500,10710
2025-03-08,2025-03-08_阪神11R_フィリーズレビュー,3倍以上,馬連,3,3,300,0
2025-03-08,2025-03-08_阪神11R_フィリーズレビュー,3倍以上,馬連,4,6,600,0
2025-03-08,2025-03-08_阪神11R_フィリーズレビュー,3倍以上,馬連,5,10,1000,0
2025-03-08,2025-03-08_阪神11R_フィリーズレビュー,3倍以上,馬連,6,15,1500,0
2025-03-08,2025-03-08_阪神12R_4歳以上2勝クラス,2倍台,ワイド,3,3,300,0
2025-03-08,2025-03-08_阪神12R_4歳以上2勝クラス,2倍台,ワイド,4,6,600,0
2025-03-08,2025-03-08_阪神12R_4歳以上2勝クラス,2倍台,ワイド,5,10,1000,1890
2025-03-08,2025-03-08_阪神12R_4歳以上2勝クラス,2倍台,ワイド,6,15,1500,1890
2025-03-08,2025-03-08_阪神12R_4歳以上2勝クラス,2倍台,馬連,3,3,300,0
2025-03-08,2025-03-08_阪神12R_4歳以上2勝クラス,2倍台,馬連,4,6,600,0
2025-03-08,2025-03-08_阪神12R_4歳以上2勝クラス,2倍台,馬連,5,10,1000,0
2025-03-08,2025-03-08_阪神12R_4歳以上2勝クラス,2倍台,馬連,6,15,1500,0
2025-03-09,2025-03-09_中山09R_湾岸S,1倍台,ワイド,3,3,300,0
2025-03-09,2025-03-09_中山09R_湾岸S,1倍台,ワイド,4,6,600,0
2025-03-09,2025-03-09_中山09R_湾岸S,1倍台,ワイド,5,10,1000,0
2025-03-09,2025-03-09_中山09R_湾岸S,1倍台,ワイド,6,15,1500,0
2025-03-09,2025-03-09_中山09R_湾岸S,1倍台,馬連,3,3,300,0
2025-03-09,2025-03-09_中山09R_湾岸S,1倍台,馬連,4,6,600,0
2025-03-09,2025-03-09_中山09R_湾岸S,1倍台,馬連,5,10,1000,0
2025-03-09,2025-03-09_中山09R_湾岸S,1倍台,馬連,6,15,1500,0
2025-03-09,2025-03-09_中山10R_総武S,1倍台,ワイド,3,3,300,1540
2025-03-09,2025-03-09_中山10R_総武S,1倍台,ワイド,4,6,600,1540
2025-03-09,2025-03-09_中山10R_総武S,1倍台,ワイド,5,10,1000,1540
2025-03-09,2025-03-09_中山10R_総武S,1倍台,ワイド,6,15,1500,1540
2025-03-09,2025-03-09_中山10R_総武S,1倍台,馬連,3,3,300,0
2025-03-09,2025-03-09_中山10R_総武S,1倍台,馬連,4,6,600,0
2025-03-09,2025-03-09_中山10R_総武S,1倍台,馬連,5,10,1000,0
2025-03-09,2025-03-09_中山10R_総武S,1倍台,馬連,6,15,1500,0
2025-03-09,2025-03-09_中山11R_弥生賞ディープインパクト記念,2倍台,ワイド,3,3,300,0
2025-03-09,2025-03-09_中山11R_弥生賞ディープインパクト記念,2倍台,ワイド,4,6,600,0
2025-03-09,2025-03-09_中山11R_弥生賞ディープインパクト記念,2倍台,ワイド,5,10,1000,880
2025-03-09,2025-03-09_中山11R_弥生賞ディープインパクト記念,2倍台,ワイド,6,15,1500,880
2025-03-09,2025-03-09_中山11R_弥生賞ディープインパクト記念,2倍台,馬連,3,3,300,0
2025-03-09,2025-03-09_中山11R_弥生賞ディープインパクト記念,2倍台,馬連,4,6,600,0
2025-03-09,2025-03-09_中山11R_弥生賞ディープインパクト記念,2倍台,馬連,5,10,1000,0
2025-03-09,2025-03-09_中山11R_弥生賞ディープインパクト記念,2倍台,馬連,6,15,1500,0
2025-03-09,2025-03-09_中山12R_4歳以上2勝クラス,3倍以上,ワイド,3,3,300,380
2025-03-09,2025-03-09_中山12R_4歳以上2勝クラス,3倍以上,ワイド,4,6,600,2410
2025-03-09,2025-03-09_中山12R_4歳以上2勝クラス,3倍以上,ワイド,5,10,1000,2410
2025-03-09,2025-03-09_中山12R_4歳以上2勝クラス,3倍以上,ワイド,6,15,1500,2410
2025-03-09,2025-03-09_中山12R_4歳以上2勝クラス,3倍以上,馬連,3,3,300,790
2025-03-09,2025-03-09_中山12R_4歳以上2勝クラス,3倍以上,馬連,4,6,600,790
2025-03-09,2025-03-09_中山12R_4歳以上2勝クラス,3倍以上,馬連,5,10,1000,790
2025-03-09,2025-03-09_中山12R_4歳以上2勝クラス,3倍以上,馬連,6,15,1500,790
2025-03-09,2025-03-09_阪神09R_アルメリア賞,2倍台,ワイド,3,3,300,510
2025-03-09,2025-03-09_阪神09R_アルメリア賞,2倍台,ワイド,4,6,600,510
2025-03-09,2025-03-09_阪神09R_アルメリア賞,2倍台,ワイド,5,10,1000,2260
2025-03-09,2025-03-09_阪神09R_アルメリア賞,2倍台,ワイド,6,15,1500,2260
2025-03-09,2025-03-09_阪神09R_アルメリア賞,2倍台,馬連,3,3,300,1550
2025-03-09,2025-03-09_阪神09R_アルメリア賞,2倍台,馬連,4,6,600,1550
2025-03-09,2025-03-09_阪神09R_アルメリア賞,2倍台,馬連,5,10,1000,1550
2025-03-09,2025-03-09_阪神09R_アルメリア賞,2倍台,馬連,6,15,1500,1550
2025-03-09,2025-03-09_阪神10R_淀屋橋S,2倍台,ワイド,3,3,300,470
2025-03-09,2025-03-09_阪神10R_淀屋橋S,2倍台,ワイド,4,6,600,3960
2025-03-09,2025-03-09_阪神10R_淀屋橋S,2倍台,ワイド,5,10,1000,3960
2025-03-09,2025-03-09_阪神10R_淀屋橋S,2倍台,ワイド,6,15,1500,3960
2025-03-09,2025-03-09_阪神10R_淀屋橋S,2倍台,馬連,3,3,300,0
2025-03-09,2025-03-09_阪神10R_淀屋橋S,2倍台,馬連,4,6,600,13380
2025-03-09,2025-03-09_阪神10R_淀屋橋S,2倍台,馬連,5,10,1000,13380
2025-03-09,2025-03-09_阪神10R_淀屋橋S,2倍台,馬連,6,15,1500,13380
2025-03-09,2025-03-09_阪神11R_大阪城S,3倍以上,ワイド,3,3,300,0
2025-03-09,2025-03-09_阪神11R_大阪城S,3倍以上,ワイド,4,6,600,560
2025-03-09,2025-03-09_阪神11R_大阪城S,3倍以上,ワイド,5,10,1000,560
2025-03-09,2025-03-09_阪神11R_大阪城S,3倍以上,ワイド,6,15,1500,560
2025-03-09,2025-03-09_阪神11R_大阪城S,3倍以上,馬連,3,3,300,0
2025-03-09,2025-03-09_阪神11R_大阪城S,3倍以上,馬連,4,6,600,1460
2025-03-09,2025-03-09_阪神11R_大阪城S,3倍以上,馬連,5,10,1000,1460
2025-03-09,2025-03-09_阪神11R_大阪城S,3倍以上,馬連,6,15,1500,1460
2025-03-09,2025-03-09_阪神12R_4歳以上2勝クラス,3倍以上,ワイド,3,3,300,0
2025-03-09,2025-03-09_阪神12R_4歳以上2勝クラス,3倍以上,ワイド,4,6,600,700
2025-03-09,2025-03-09_阪神12R_4歳以上2勝クラス,3倍以上,ワイド,5,10,1000,1710
2025-03-09,2025-03-09_阪神12R_4歳以上2勝クラス,3倍以上,ワイド,6,15,1500,1710
2025-03-09,2025-03-09_阪神12R_4歳以上2勝クラス,3倍以上,馬連,3,3,300,0
2025-03-09,2025-03-09_阪神12R_4歳以上2勝クラス,3倍以上,馬連,4,6,600,2050
2025-03-09,2025-03-09_阪神12R_4歳以上2勝クラス,3倍以上,馬連,5,10,1000,2050
2025-03-09,2025-03-09_阪神12R_4歳以上2勝クラス,3倍以上,馬連,6,15,1500,2050
2025-03-15,2025-03-15_中京09R_伊良湖特別,2倍台,ワイド,3,3,300,0
2025-03-15,2025-03-15_中京09R_伊良湖特別,2倍台,ワイド,4,6,600,0
2025-03-15,2025-03-15_中京09R_伊良湖特別,2倍台,ワイド,5,10,1000,0
2025-03-15,2025-03-15_中京09R_伊良湖特別,2倍台,ワイド,6,15,1500,290
2025-03-15,2025-03-15_中京09R_伊良湖特別,2倍台,馬連,3,3,300,0
2025-03-15,2025-03-15_中京09R_伊良湖特別,2倍台,馬連,4,6,600,0
2025-03-15,2025-03-15_中京09R_伊良湖特別,2倍台,馬連,5,10,1000,0
2025-03-15,2025-03-15_中京09R_伊良湖特別,2倍台,馬連,6,15,1500,520
2025-03-15,2025-03-15_中京10R_恋路ケ浜特別,2倍台,ワイド,3,3,300,0
2025-03-15,2025-03-15_中京10R_恋路ケ浜特別,2倍台,ワイド,4,6,600,0
2025-03-15,2025-03-15_中京10R_恋路ケ浜特別,2倍台,ワイド,5,10,1000,0
2025-03-15,2025-03-15_中京10R_恋路ケ浜特別,2倍台,ワイド,6,15,1500,0
2025-03-15,2025-03-15_中京10R_恋路ケ浜特別,2倍台,馬連,3,3,300,0
2025-03-15,2025-03-15_中京10R_恋路ケ浜特別,2倍台,馬連,4,6,600,0
2025-03-15,2025-03-15_中京10R_恋路ケ浜特別,2倍台,馬連,5,10,1000,0
2025-03-15,2025-03-15_中京10R_恋路ケ浜特別,2倍台,馬連,6,15,1500,0
2025-03-15,2025-03-15_中京11R_中京スポーツ杯,3倍以上,ワイド,3,3,300,320
2025-03-15,2025-03-15_中京11R_中京スポーツ杯,3倍以上,ワイド,4,6,600,880
2025-03-15,2025-03-15_中京11R_中京スポーツ杯,3倍以上,ワイド,5,10,1000,880
2025-03-15,2025-03-15_中京11R_中京スポーツ杯,3倍以上,ワイド,6,15,1500,880
2025-03-15,2025-03-15_中京11R_中京スポーツ杯,3倍以上,馬連,3,3,300,0
2025-03-15,2025-03-15_中京11R_中京スポーツ杯,3倍以上,馬連,4,6,600,1110
2025-03-15,2025-03-15_中京11R_中京スポーツ杯,3倍以上,馬連,5,10,1000,1110
2025-03-15,2025-03-15_中京11R_中京スポーツ杯,3倍以上,馬連,6,15,1500,1110
2025-03-15,2025-03-15_中京12R_4歳以上1勝クラス,3倍以上,ワイド,3,3,300,730
2025-03-15,2025-03-15_中京12R_4歳以上1勝クラス,3倍以上,ワイド,4,6,600,1990
2025-03-15,2025-03-15_中京12R_4歳以上1勝クラス,3倍以上,ワイド,5,10,1000,1990
2025-03-15,2025-03-15_中京12R_4歳以上1勝クラス,3倍以上,ワイド,6,15,1500,1990
2025-03-15,2025-03-15_中京12R_4歳以上1勝クラス,3倍以上,馬連,3,3,300,0
2025-03-15,2025-03-15_中京12R_4歳以上1勝クラス,3倍以上,馬連,4,6,600,1360
2025-03-15,2025-03-15_中京12R_4歳以上1勝クラス,3倍以上,馬連,5,10,1000,1360
2025-03-15,2025-03-15_中京12R_4歳以上1勝クラス,3倍以上,馬連,6,15,1500,1360
2025-03-15,2025-03-15_中山09R_阿見特別,2倍台,ワイド,3,3,300,1680
2025-03-15,2025-03-15_中山09R_阿見特別,2倍台,ワイド,4,6,600,4680
2025-03-15,2025-03-15_中山09R_阿見特別,2倍台,ワイド,5,10,1000,4680
2025-03-15,2025-03-15_中山09R_阿見特別,2倍台,ワイド,6,15,1500,4680
2025-03-15,2025-03-15_中山09R_阿見特別,2倍台,馬連,3,3,300,4920
2025-03-15,2025-03-15_中山09R_阿見特別,2倍台,馬連,4,6,600,4920
2025-03-15,2025-03-15_中山09R_阿見特別,2倍台,馬連,5,10,1000,4920
2025-03-15,2025-03-15_中山09R_阿見特別,2倍台,馬連,6,15,1500,4920
2025-03-15,2025-03-15_中山10R_幕張S,3倍以上,ワイド,3,3,300,0
2025-03-15,2025-03-15_中山10R_幕張S,3倍以上,ワイド,4,6,600,1700
2025-03-15,2025-03-15_中山10R_幕張S,3倍以上,ワイド,5,10,1000,1700
2025-03-15,2025-03-15_中山10R_幕張S,3倍以上,ワイド,6,15,1500,4040
2025-03-15,2025-03-15_中山10R_幕張S,3倍以上,馬連,3,3,300,0
2025-03-15,2025-03-15_中山10R_幕張S,3倍以上,馬連,4,6,600,0
2025-03-15,2025-03-15_中山10R_幕張S,3倍以上,馬連,5,10,1000,0
2025-03-15,2025-03-15_中山10R_幕張S,3倍以上,馬連,6,15,1500,7010
2025-03-15,2025-03-15_中山11R_アネモネS,2倍台,ワイド,3,3,300,0
2025-03-15,2025-03-15_中山11R_アネモネS,2倍台,ワイド,4,6,600,290
2025-03-15,2025-03-15_中山11R_アネモネS,2倍台,ワイド,5,10,1000,290
2025-03-15,2025-03-15_中山11R_アネモネS,2倍台,ワイド,6,15,1500,1490
2025-03-15,2025-03-15_中山11R_アネモネS,2倍台,馬連,3,3,300,0
2025-03-15,2025-03-15_中山11R_アネモネS,2倍台,馬連,4,6,600,0
2025-03-15,2025-03-15_中山11R_アネモネS,2倍台,馬連,5,10,1000,0
2025-03-15,2025-03-15_中山11R_アネモネS,2倍台,馬連,6,15,1500,2040
2025-03-15,2025-03-15_中山12R_4歳以上2勝クラス,2倍台,ワイド,3,3,300,0
2025-03-15,2025-03-15_中山12R_4歳以上2勝クラス,2倍台,ワイド,4,6,600,0
2025-03-15,2025-03-15_中山12R_4歳以上2勝クラス,2倍台,ワイド,5,10,1000,0
2025-03-15,2025-03-15_中山12R_4歳以上2勝クラス,2倍台,ワイド,6,15,1500,0
2025-03-15,2025-03-15_中山12R_4歳以上2勝クラス,2倍台,馬連,3,3,300,0
2025-03-15,2025-03-15_中山12R_4歳以上2勝クラス,2倍台,馬連,4,6,600,0
2025-03-15,2025-03-15_中山12R_4歳以上2勝クラス,2倍台,馬連,5,10,1000,0
2025-03-15,2025-03-15_中山12R_4歳以上2勝クラス,2倍台,馬連,6,15,1500,0
2025-03-15,2025-03-15_阪神09R_ゆきやなぎ賞,3倍以上,ワイド,3,3,300,0
2025-03-15,2025-03-15_阪神09R_ゆきやなぎ賞,3倍以上,ワイド,4,6,600,720
2025-03-15,2025-03-15_阪神09R_ゆきやなぎ賞,3倍以上,ワイド,5,10,1000,720
2025-03-15,2025-03-15_阪神09R_ゆきやなぎ賞,3倍以上,ワイド,6,15,1500,720
2025-03-15,2025-03-15_阪神09R_ゆきやなぎ賞,3倍以上,馬連,3,3,300,0
2025-03-15,2025-03-15_阪神09R_ゆきやなぎ賞,3倍以上,馬連,4,6,600,0
2025-03-15,2025-03-15_阪神09R_ゆきやなぎ賞,3倍以上,馬連,5,10,1000,0
2025-03-15,2025-03-15_阪神09R_ゆきやなぎ賞,3倍以上,馬連,6,15,1500,0
2025-03-15,2025-03-15_阪神10R_難波S,2倍台,ワイド,3,3,300,1440
2025-03-15,2025-03-15_阪神10R_難波S,2倍台,ワイド,4,6,600,1440
2025-03-15,2025-03-15_阪神10R_難波S,2倍台,ワイド,5,10,1000,1440
2025-03-15,2025-03-15_阪神10R_難波S,2倍台,ワイド,6,15,1500,1440
2025-03-15,2025-03-15_阪神10R_難波S,2倍台,馬連,3,3,300,0
2025-03-15,2025-03-15_阪神10R_難波S,2倍台,馬連,4,6,600,0
2025-03-15,2025-03-15_阪神10R_難波S,2倍台,馬連,5,10,1000,0
2025-03-15,2025-03-15_阪神10R_難波S,2倍台,馬連,6,15,1500,0
2025-03-15,2025-03-15_阪神11R_コーラルS,2倍台,ワイド,3,3,300,0
2025-03-15,2025-03-15_阪神11R_コーラルS,2倍台,ワイド,4,6,600,0
2025-03-15,2025-03-15_阪神11R_コーラルS,2倍台,ワイド,5,10,1000,0
2025-03-15,2025-03-15_阪神11R_コーラルS,2倍台,ワイド,6,15,1500,0
2025-03-15,2025-03-15_阪神11R_コーラルS,2倍台,馬連,3,3,300,0
2025-03-15,2025-03-15_阪神11R_コーラルS,2倍台,馬連,4,6,600,0
2025-03-15,2025-03-15_阪神11R_コーラルS,2倍台,馬連,5,10,1000,0
2025-03-15,2025-03-15_阪神11R_コーラルS,2倍台,馬連,6,15,1500,0
2025-03-15,2025-03-15_阪神12R_4歳以上2勝クラス,2倍台,ワイド,3,3,300,180
2025-03-15,2025-03-15_阪神12R_4歳以上2勝クラス,2倍台,ワイド,4,6,600,180
2025-03-15,2025-03-15_阪神12R_4歳以上2勝クラス,2倍台,ワイド,5,10,1000,180
2025-03-15,2025-03-15_阪神12R_4歳以上2勝クラス,2倍台,ワイド,6,15,1500,180
2025-03-15,2025-03-15_阪神12R_4歳以上2勝クラス,2倍台,馬連,3,3,300,0
2025-03-15,2025-03-15_阪神12R_4歳以上2勝クラス,2倍台,馬連,4,6,600,0
2025-03-15,2025-03-15_阪神12R_4歳以上2勝クラス,2倍台,馬連,5,10,1000,0
2025-03-15,2025-03-15_阪神12R_4歳以上2勝クラス,2倍台,馬連,6,15,1500,0
2025-03-16,2025-03-16_中京09R_岡崎特別,2倍台,ワイド,3,3,300,450
2025-03-16,2025-03-16_中京09R_岡崎特別,2倍台,ワイド,4,6,600,450
2025-03-16,2025-03-16_中京09R_岡崎特別,2倍台,ワイド,5,10,1000,450
2025-03-16,2025-03-16_中京09R_岡崎特別,2倍台,ワイド,6,15,1500,450
2025-03-16,2025-03-16_中京09R_岡崎特別,2倍台,馬連,3,3,300,790
2025-03-16,2025-03-16_中京09R_岡崎特別,2倍台,馬連,4,6,600,790
2025-03-16,2025-03-16_中京09R_岡崎特別,2倍台,馬連,5,10,1000,790
2025-03-16,2025-03-16_中京09R_岡崎特別,2倍台,馬連,6,15,1500,790
2025-03-16,2025-03-16_中京10R_昇竜S,2倍台,ワイド,3,3,300,0
2025-03-16,2025-03-16_中京10R_昇竜S,2倍台,ワイド,4,6,600,0
2025-03-16,2025-03-16_中京10R_昇竜S,2倍台,ワイド,5,10,1000,0
2025-03-16,2025-03-16_中京10R_昇竜S,2倍台,ワイド,6,15,1500,0
2025-03-16,2025-03-16_中京10R_昇竜S,2倍台,馬連,3,3,300,0
2025-03-16,2025-03-16_中京10R_昇竜S,2倍台,馬連,4,6,600,0
2025-03-16,2025-03-16_中京10R_昇竜S,2倍台,馬連,5,10,1000,0
2025-03-16,2025-03-16_中京10R_昇竜S,2倍台,馬連,6,15,1500,0
2025-03-16,2025-03-16_中京11R_金鯱賞,3倍以上,ワイド,3,3,300,0
2025-03-16,2025-03-16_中京11R_金鯱賞,3倍以上,ワイド,4,6,600,0
2025-03-16,2025-03-16_中京11R_金鯱賞,3倍以上,ワイド,5,10,1000,0
2025-03-16,2025-03-16_中京11R_金鯱賞,3倍以上,ワイド,6,15,1500,0
2025-03-16,2025-03-16_中京11R_金鯱賞,3倍以上,馬連,3,3,300,0
2025-03-16,2025-03-16_中京11R_金鯱賞,3倍以上,馬連,4,6,600,0
2025-03-16,2025-03-16_中京11R_金鯱賞,3倍以上,馬連,5,10,1000,0
2025-03-16,2025-03-16_中京11R_金鯱賞,3倍以上,馬連,6,15,1500,0
2025-03-16,2025-03-16_中京12R_4歳以上1勝クラス,3倍以上,ワイド,3,3,300,520
2025-03-16,2025-03-16_中京12R_4歳以上1勝クラス,3倍以上,ワイド,4,6,600,520
2025-03-16,2025-03-16_中京12R_4歳以上1勝クラス,3倍以上,ワイド,5,10,1000,520
2025-03-16,2025-03-16_中京12R_4歳以上1勝クラス,3倍以上,ワイド,6,15,1500,520
2025-03-16,2025-03-16_中京12R_4歳以上1勝クラス,3倍以上,馬連,3,3,300,0
2025-03-16,2025-03-16_中京12R_4歳以上1勝クラス,3倍以上,馬連,4,6,600,0
2025-03-16,2025-03-16_中京12R_4歳以上1勝クラス,3倍以上,馬連,5,10,1000,0
2025-03-16,2025-03-16_中京12R_4歳以上1勝クラス,3倍以上,馬連,6,15,1500,0
2025-03-16,2025-03-16_中山09R_房総特別,3倍以上,ワイド,3,3,300,0
2025-03-16,2025-03-16_中山09R_房総特別,3倍以上,ワイド,4,6,600,0
2025-03-16,2025-03-16_中山09R_房総特別,3倍以上,ワイド,5,10,1000,0
2025-03-16,2025-03-16_中山09R_房総特別,3倍以上,ワイド,6,15,1500,0
2025-03-16,2025-03-16_中山09R_房総特別,3倍以上,馬連,3,3,300,0
2025-03-16,2025-03-16_中山09R_房総特別,3倍以上,馬連,4,6,600,0
2025-03-16,2025-03-16_中山09R_房総特別,3倍以上,馬連,5,10,1000,0
2025-03-16,2025-03-16_中山09R_房総特別,3倍以上,馬連,6,15,1500,0
2025-03-16,2025-03-16_中山10R_東風S,3倍以上,ワイド,3,3,300,0
2025-03-16,2025-03-16_中山10R_東風S,3倍以上,ワイド,4,6,600,0
2025-03-16,2025-03-16_中山10R_東風S,3倍以上,ワイド,5,10,1000,0
2025-03-16,2025-03-16_中山10R_東風S,3倍以上,ワイド,6,15,1500,0
2025-03-16,2025-03-16_中山10R_東風S,3倍以上,馬連,3,3,300,0
2025-03-16,2025-03-16_中山10R_東風S,3倍以上,馬連,4,6,600,0
2025-03-16,2025-03-16_中山10R_東風S,3倍以上,馬連,5,10,1000,0
2025-03-16,2025-03-16_中山10R_東風S,3倍以上,馬連,6,15,1500,0
2025-03-16,2025-03-16_中山11R_スプリングS,3倍以上,ワイド,3,3,300,0
2025-03-16,2025-03-16_中山11R_スプリングS,3倍以上,ワイド,4,6,600,0
2025-03-16,2025-03-16_中山11R_スプリングS,3倍以上,ワイド,5,10,1000,900
2025-03-16,2025-03-16_中山11R_スプリングS,3倍以上,ワイド,6,15,1500,900
2025-03-16,2025-03-16_中山11R_スプリングS,3倍以上,馬連,3,3,300,0
2025-03-16,2025-03-16_中山11R_スプリングS,3倍以上,馬連,4,6,600,0
2025-03-16,2025-03-16_中山11R_スプリングS,3倍以上,馬連,5,10,1000,0
2025-03-16,2025-03-16_中山11R_スプリングS,3倍以上,馬連,6,15,1500,0
2025-03-16,2025-03-16_中山12R_4歳以上2勝クラス,3倍以上,ワイド,3,3,300,0
2025-03-16,2025-03-16_中山12R_4歳以上2勝クラス,3倍以上,ワイド,4,6,600,500
2025-03-16,2025-03-16_中山12R_4歳以上2勝クラス,3倍以上,ワイド,5,10,1000,500
2025-03-16,2025-03-16_中山12R_4歳以上2勝クラス,3倍以上,ワイド,6,15,1500,1320
2025-03-16,2025-03-16_中山12R_4歳以上2勝クラス,3倍以上,馬連,3,3,300,0
2025-03-16,2025-03-16_中山12R_4歳以上2勝クラス,3倍以上,馬連,4,6,600,1390
2025-03-16,2025-03-16_中山12R_4歳以上2勝クラス,3倍以上,馬連,5,10,1000,1390
2025-03-16,2025-03-16_中山12R_4歳以上2勝クラス,3倍以上,馬連,6,15,1500,1390
2025-03-16,2025-03-16_阪神09R_皆生特別,2倍台,ワイド,3,3,300,0
2025-03-16,2025-03-16_阪神09R_皆生特別,2倍台,ワイド,4,6,600,0
2025-03-16,2025-03-16_阪神09R_皆生特別,2倍台,ワイド,5,10,1000,1190
2025-03-16,2025-03-16_阪神09R_皆生特別,2倍台,ワイド,6,15,1500,1190
2025-03-16,2025-03-16_阪神09R_皆生特別,2倍台,馬連,3,3,300,0
2025-03-16,2025-03-16_阪神09R_皆生特別,2倍台,馬連,4,6,600,0
2025-03-16,2025-03-16_阪神09R_皆生特別,2倍台,馬連,5,10,1000,0
2025-03-16,2025-03-16_阪神09R_皆生特別,2倍台,馬連,6,15,1500,0
2025-03-16,2025-03-16_阪神10R_甲南S,3倍以上,ワイド,3,3,300,0
2025-03-16,2025-03-16_阪神10R_甲南S,3倍以上,ワイド,4,6,600,0
2025-03-16,2025-03-16_阪神10R_甲南S,3倍以上,ワイド,5,10,1000,0
2025-03-16,2025-03-16_阪神10R_甲南S,3倍以上,ワイド,6,15,1500,0
2025-03-16,2025-03-16_阪神10R_甲南S,3倍以上,馬連,3,3,300,0
2025-03-16,2025-03-16_阪神10R_甲南S,3倍以上,馬連,4,6,600,0
2025-03-16,2025-03-16_阪神10R_甲南S,3倍以上,馬連,5,10,1000,0
2025-03-16,2025-03-16_阪神10R_甲南S,3倍以上,馬連,6,15,1500,0
2025-03-16,2025-03-16_阪神11R_米子城S,2倍台,ワイド,3,3,300,0
2025-03-16,2025-03-16_阪神11R_米子城S,2倍台,ワイド,4,6,600,0
2025-03-16,2025-03-16_阪神11R_米子城S,2倍台,ワイド,5,10,1000,1570
2025-03-16,2025-03-16_阪神11R_米子城S,2倍台,ワイド,6,15,1500,1570
2025-03-16,2025-03-16_阪神11R_米子城S,2倍台,馬連,3,3,300,0
2025-03-16,2025-03-16_阪神11R_米子城S,2倍台,馬連,4,6,600,0
2025-03-16,2025-03-16_阪神11R_米子城S,2倍台,馬連,5,10,1000,3540
2025-03-16,2025-03-16_阪神11R_米子城S,2倍台,馬連,6,15,1500,3540
2025-03-16,2025-03-16_阪神12R_4歳以上2勝クラス,3倍以上,ワイド,3,3,300,0
2025-03-16,2025-03-16_阪神12R_4歳以上2勝クラス,3倍以上,ワイド,4,6,600,2470
2025-03-16,2025-03-16_阪神12R_4歳以上2勝クラス,3倍以上,ワイド,5,10,1000,2470
2025-03-16,2025-03-16_阪神12R_4歳以上2勝クラス,3倍以上,ワイド,6,15,1500,5730
2025-03-16,2025-03-16_阪神12R_4歳以上2勝クラス,3倍以上,馬連,3,3,300,0
2025-03-16,2025-03-16_阪神12R_4歳以上2勝クラス,3倍以上,馬連,4,6,600,0
2025-03-16,2025-03-16_阪神12R_4歳以上2勝クラス,3倍以上,馬連,5,10,1000,0
2025-03-16,2025-03-16_阪神12R_4歳以上2勝クラス,3倍以上,馬連,6,15,1500,2180
2025-03-22,2025-03-22_中京09R_金山特別,2倍台,ワイド,3,3,300,0
2025-03-22,2025-03-22_中京09R_金山特別,2倍台,ワイド,4,6,600,0
2025-03-22,2025-03-22_中京09R_金山特別,2倍台,ワイド,5,10,1000,0
2025-03-22,2025-03-22_中京09R_金山特別,2倍台,ワイド,6,15,1500,0
2025-03-22,2025-03-22_中京09R_金山特別,2倍台,馬連,3,3,300,0
2025-03-22,2025-03-22_中京09R_金山特別,2倍台,馬連,4,6,600,0
2025-03-22,2025-03-22_中京09R_金山特別,2倍台,馬連,5,10,1000,0
2025-03-22,2025-03-22_中京09R_金山特別,2倍台,馬連,6,15,1500,0
2025-03-22,2025-03-22_中京10R_熱田特別,2倍台,ワイド,3,3,300,0
2025-03-22,2025-03-22_中京10R_熱田特別,2倍台,ワイド,4,6,600,0
2025-03-22,2025-03-22_中京10R_熱田特別,2倍台,ワイド,5,10,1000,0
2025-03-22,2025-03-22_中京10R_熱田特別,2倍台,ワイド,6,15,1500,650
2025-03-22,2025-03-22_中京10R_熱田特別,2倍台,馬連,3,3,300,0
2025-03-22,2025-03-22_中京10R_熱田特別,2倍台,馬連,4,6,600,0
2025-03-22,2025-03-22_中京10R_熱田特別,2倍台,馬連,5,10,1000,0
2025-03-22,2025-03-22_中京10R_熱田特別,2倍台,馬連,6,15,1500,1660
2025-03-22,2025-03-22_中京11R_ファルコンS,3倍以上,ワイド,3,3,300,990
2025-03-22,2025-03-22_中京11R_ファルコンS,3倍以上,ワイド,4,6,600,990
2025-03-22,2025-03-22_中京11R_ファルコンS,3倍以上,ワイド,5,10,1000,990
2025-03-22,2025-03-22_中京11R_ファルコンS,3倍以上,ワイド,6,15,1500,990
2025-03-22,2025-03-22_中京11R_ファルコンS,3倍以上,馬連,3,3,300,2450
2025-03-22,2025-03-22_中京11R_ファルコンS,3倍以上,馬連,4,6,600,2450
2025-03-22,2025-03-22_中京11R_ファルコンS,3倍以上,馬連,5,10,1000,2450
2025-03-22,2025-03-22_中京11R_ファルコンS,3倍以上,馬連,6,15,1500,2450
2025-03-22,2025-03-22_中京12R_4歳以上1勝クラス,3倍以上,ワイド,3,3,300,0
2025-03-22,2025-03-22_中京12R_4歳以上1勝クラス,3倍以上,ワイド,4,6,600,0
2025-03-22,2025-03-22_中京12R_4歳以上1勝クラス,3倍以上,ワイド,5,10,1000,1850
2025-03-22,2025-03-22_中京12R_4歳以上1勝クラス,3倍以上,ワイド,6,15,1500,1850
2025-03-22,2025-03-22_中京12R_4歳以上1勝クラス,3倍以上,馬連,3,3,300,0
2025-03-22,2025-03-22_中京12R_4歳以上1勝クラス,3倍以上,馬連,4,6,600,0
2025-03-22,2025-03-22_中京12R_4歳以上1勝クラス,3倍以上,馬連,5,10,1000,5030
2025-03-22,2025-03-22_中京12R_4歳以上1勝クラス,3倍以上,馬連,6,15,1500,5030
2025-03-22,2025-03-22_中山09R_館山特別,2倍台,ワイド,3,3,300,0
2025-03-22,2025-03-22_中山09R_館山特別,2倍台,ワイド,4,6,600,0
2025-03-22,2025-03-22_中山09R_館山特別,2倍台,ワイド,5,10,1000,0
2025-03-22,2025-03-22_中山09R_館山特別,2倍台,ワイド,6,15,1500,0
2025-03-22,2025-03-22_中山09R_館山特別,2倍台,馬連,3,3,300,0
2025-03-22,2025-03-22_中山09R_館山特別,2倍台,馬連,4,6,600,0
2025-03-22,2025-03-22_中山09R_館山特別,2倍台,馬連,5,10,1000,0
2025-03-22,2025-03-22_中山09R_館山特別,2倍台,馬連,6,15,1500,0
2025-03-22,2025-03-22_中山10R_韓国馬事会杯,1倍台,ワイド,3,3,300,0
2025-03-22,2025-03-22_中山10R_韓国馬事会杯,1倍台,ワイド,4,6,600,0
2025-03-22,2025-03-22_中山10R_韓国馬事会杯,1倍台,ワイド,5,10,1000,0
2025-03-22,2025-03-22_中山10R_韓国馬事会杯,1倍台,ワイド,6,15,1500,1430
2025-03-22,2025-03-22_中山10R_韓国馬事会杯,1倍台,馬連,3,3,300,0
2025-03-22,2025-03-22_中山10R_韓国馬事会杯,1倍台,馬連,4,6,600,0
2025-03-22,2025-03-22_中山10R_韓国馬事会杯,1倍台,馬連,5,10,1000,0
2025-03-22,2025-03-22_中山10R_韓国馬事会杯,1倍台,馬連,6,15,1500,0
2025-03-22,2025-03-22_中山11R_フラワーC,1倍台,ワイド,3,3,300,0
2025-03-22,2025-03-22_中山11R_フラワーC,1倍台,ワイド,4,6,600,0
2025-03-22,2025-03-22_中山11R_フラワーC,1倍台,ワイド,5,10,1000,0
2025-03-22,2025-03-22_中山11R_フラワーC,1倍台,ワイド,6,15,1500,0
2025-03-22,2025-03-22_中山11R_フラワーC,1倍台,馬連,3,3,300,0
2025-03-22,2025-03-22_中山11R_フラワーC,1倍台,馬連,4,6,600,0
2025-03-22,2025-03-22_中山11R_フラワーC,1倍台,馬連,5,10,1000,0
2025-03-22,2025-03-22_中山11R_フラワーC,1倍台,馬連,6,15,1500,0
2025-03-22,2025-03-22_中山12R_4歳以上2勝クラス,3倍以上,ワイド,3,3,300,0
2025-03-22,2025-03-22_中山12R_4歳以上2勝クラス,3倍以上,ワイド,4,6,600,0
2025-03-22,2025-03-22_中山12R_4歳以上2勝クラス,3倍以上,ワイド,5,10,1000,0
2025-03-22,2025-03-22_中山12R_4歳以上2勝クラス,3倍以上,ワイド,6,15,1500,0
2025-03-22,2025-03-22_中山12R_4歳以上2勝クラス,3倍以上,馬連,3,3,300,0
2025-03-22,2025-03-22_中山12R_4歳以上2勝クラス,3倍以上,馬連,4,6,600,0
2025-03-22,2025-03-22_中山12R_4歳以上2勝クラス,3倍以上,馬連,5,10,1000,0
2025-03-22,2025-03-22_中山12R_4歳以上2勝クラス,3倍以上,馬連,6,15,1500,0
2025-03-22,2025-03-22_阪神09R_立雲峡S,3倍以上,ワイド,3,3,300,0
2025-03-22,2025-03-22_阪神09R_立雲峡S,3倍以上,ワイド,4,6,600,0
2025-03-22,2025-03-22_阪神09R_立雲峡S,3倍以上,ワイド,5,10,1000,0
2025-03-22,2025-03-22_阪神09R_立雲峡S,3倍以上,ワイド,6,15,1500,0
2025-03-22,2025-03-22_阪神09R_立雲峡S,3倍以上,馬連,3,3,300,0
2025-03-22,2025-03-22_阪神09R_立雲峡S,3倍以上,馬連,4,6,600,0
2025-03-22,2025-03-22_阪神09R_立雲峡S,3倍以上,馬連,5,10,1000,0
2025-03-22,2025-03-22_阪神09R_立雲峡S,3倍以上,馬連,6,15,1500,0
2025-03-22,2025-03-22_阪神10R_レグルスS,1倍台,ワイド,3,3,300,0
2025-03-22,2025-03-22_阪神10R_レグルスS,1倍台,ワイド,4,6,600,270
2025-03-22,2025-03-22_阪神10R_レグルスS,1倍台,ワイド,5,10,1000,270
2025-03-22,2025-03-22_阪神10R_レグルスS,1倍台,ワイド,6,15,1500,270
2025-03-22,2025-03-22_阪神10R_レグルスS,1倍台,馬連,3,3,300,0
2025-03-22,2025-03-22_阪神10R_レグルスS,1倍台,馬連,4,6,600,570
2025-03-22,2025-03-22_阪神10R_レグルスS,1倍台,馬連,5,10,1000,570
2025-03-22,2025-03-22_阪神10R_レグルスS,1倍台,馬連,6,15,1500,570
2025-03-22,2025-03-22_阪神11R_若葉S,1倍台,ワイド,3,3,300,340
2025-03-22,2025-03-22_阪神11R_若葉S,1倍台,ワイド,4,6,600,340
2025-03-22,2025-03-22_阪神11R_若葉S,1倍台,ワイド,5,10,1000,910
2025-03-22,2025-03-22_阪神11R_若葉S,1倍台,ワイド,6,15,1500,910
2025-03-22,2025-03-22_阪神11R_若葉S,1倍台,馬連,3,3,300,1170
2025-03-22,2025-03-22_阪神11R_若葉S,1倍台,馬連,4,6,600,1170
2025-03-22,2025-03-22_阪神11R_若葉S,1倍台,馬連,5,10,1000,1170
2025-03-22,2025-03-22_阪神11R_若葉S,1倍台,馬連,6,15,1500,1170
2025-03-22,2025-03-22_阪神12R_4歳以上2勝クラス,3倍以上,ワイド,3,3,300,0
2025-03-22,2025-03-22_阪神12R_4歳以上2勝クラス,3倍以上,ワイド,4,6,600,0
2025-03-22,2025-03-22_阪神12R_4歳以上2勝クラス,3倍以上,ワイド,5,10,1000,0
2025-03-22,2025-03-22_阪神12R_4歳以上2勝クラス,3倍以上,ワイド,6,15,1500,0
2025-03-22,2025-03-22_阪神12R_4歳以上2勝クラス,3倍以上,馬連,3,3,300,0
2025-03-22,2025-03-22_阪神12R_4歳以上2勝クラス,3倍以上,馬連,4,6,600,0
2025-03-22,2025-03-22_阪神12R_4歳以上2勝クラス,3倍以上,馬連,5,10,1000,0
2025-03-22,2025-03-22_阪神12R_4歳以上2勝クラス,3倍以上,馬連,6,15,1500,0
2025-03-23,2025-03-23_中京09R_フローラルウォーク賞,3倍以上,ワイド,3,3,300,270
2025-03-23,2025-03-23_中京09R_フローラルウォーク賞,3倍以上,ワイド,4,6,600,270
2025-03-23,2025-03-23_中京09R_フローラルウォーク賞,3倍以上,ワイド,5,10,1000,1350
2025-03-23,2025-03-23_中京09R_フローラルウォーク賞,3倍以上,ワイド,6,15,1500,1350
2025-03-23,2025-03-23_中京09R_フローラルウォーク賞,3倍以上,馬連,3,3,300,0
2025-03-23,2025-03-23_中京09R_フローラルウォーク賞,3倍以上,馬連,4,6,600,0
2025-03-23,2025-03-23_中京09R_フローラルウォーク賞,3倍以上,馬連,5,10,1000,2400
2025-03-23,2025-03-23_中京09R_フローラルウォーク賞,3倍以上,馬連,6,15,1500,2400
2025-03-23,2025-03-23_中京10R_弥富特別,3倍以上,ワイド,3,3,300,640
2025-03-23,2025-03-23_中京10R_弥富特別,3倍以上,ワイド,4,6,600,640
2025-03-23,2025-03-23_中京10R_弥富特別,3倍以上,ワイド,5,10,1000,640
2025-03-23,2025-03-23_中京10R_弥富特別,3倍以上,ワイド,6,15,1500,640
2025-03-23,2025-03-23_中京10R_弥富特別,3倍以上,馬連,3,3,300,1490
2025-03-23,2025-03-23_中京10R_弥富特別,3倍以上,馬連,4,6,600,1490
2025-03-23,2025-03-23_中京10R_弥富特別,3倍以上,馬連,5,10,1000,1490
2025-03-23,2025-03-23_中京10R_弥富特別,3倍以上,馬連,6,15,1500,1490
2025-03-23,2025-03-23_中京11R_愛知杯,3倍以上,ワイド,3,3,300,0
2025-03-23,2025-03-23_中京11R_愛知杯,3倍以上,ワイド,4,6,600,0
2025-03-23,2025-03-23_中京11R_愛知杯,3倍以上,ワイド,5,10,1000,0
2025-03-23,2025-03-23_中京11R_愛知杯,3倍以上,ワイド,6,15,1500,0
2025-03-23,2025-03-23_中京11R_愛知杯,3倍以上,馬連,3,3,300,0
2025-03-23,2025-03-23_中京11R_愛知杯,3倍以上,馬連,4,6,600,0
2025-03-23,2025-03-23_中京11R_愛知杯,3倍以上,馬連,5,10,1000,0
2025-03-23,2025-03-23_中京11R_愛知杯,3倍以上,馬連,6,15,1500,0
2025-03-23,2025-03-23_中京12R_4歳以上1勝クラス,3倍以上,ワイド,3,3,300,0
2025-03-23,2025-03-23_中京12R_4歳以上1勝クラス,3倍以上,ワイド,4,6,600,650
2025-03-23,2025-03-23_中京12R_4歳以上1勝クラス,3倍以上,ワイド,5,10,1000,650
2025-03-23,2025-03-23_中京12R_4歳以上1勝クラス,3倍以上,ワイド,6,15,1500,650
2025-03-23,2025-03-23_中京12R_4歳以上1勝クラス,3倍以上,馬連,3,3,300,0
2025-03-23,2025-03-23_中京12R_4歳以上1勝クラス,3倍以上,馬連,4,6,600,0
2025-03-23,2025-03-23_中京12R_4歳以上1勝クラス,3倍以上,馬連,5,10,1000,0
2025-03-23,2025-03-23_中京12R_4歳以上1勝クラス,3倍以上,馬連,6,15,1500,0
2025-03-23,2025-03-23_中山09R_鎌ケ谷特別,1倍台,ワイド,3,3,300,0
2025-03-23,2025-03-23_中山09R_鎌ケ谷特別,1倍台,ワイド,4,6,600,0
2025-03-23,2025-03-23_中山09R_鎌ケ谷特別,1倍台,ワイド,5,10,1000,0
2025-03-23,2025-03-23_中山09R_鎌ケ谷特別,1倍台,ワイド,6,15,1500,0
2025-03-23,2025-03-23_中山09R_鎌ケ谷特別,1倍台,馬連,3,3,300,0
2025-03-23,2025-03-23_中山09R_鎌ケ谷特別,1倍台,馬連,4,6,600,0
2025-03-23,2025-03-23_中山09R_鎌ケ谷特別,1倍台,馬連,5,10,1000,0
2025-03-23,2025-03-23_中山09R_鎌ケ谷特別,1倍台,馬連,6,15,1500,0
2025-03-23,2025-03-23_中山10R_スピカS,3倍以上,ワイド,3,3,300,760
2025-03-23,2025-03-23_中山10R_スピカS,3倍以上,ワイド,4,6,600,760
2025-03-23,2025-03-23_中山10R_スピカS,3倍以上,ワイド,5,10,1000,760
2025-03-23,2025-03-23_中山10R_スピカS,3倍以上,ワイド,6,15,1500,760
2025-03-23,2025-03-23_中山10R_スピカS,3倍以上,馬連,3,3,300,1880
2025-03-23,2025-03-23_中山10R_スピカS,3倍以上,馬連,4,6,600,1880
2025-03-23,2025-03-23_中山10R_スピカS,3倍以上,馬連,5,10,1000,1880
2025-03-23,2025-03-23_中山10R_スピカS,3倍以上,馬連,6,15,1500,1880
2025-03-23,2025-03-23_中山11R_千葉S,2倍台,ワイド,3,3,300,0
2025-03-23,2025-03-23_中山11R_千葉S,2倍台,ワイド,4,6,600,5530
2025-03-23,2025-03-23_中山11R_千葉S,2倍台,ワイド,5,10,1000,5530
2025-03-23,2025-03-23_中山11R_千葉S,2倍台,ワイド,6,15,1500,5530
2025-03-23,2025-03-23_中山11R_千葉S,2倍台,馬連,3,3,300,0
2025-03-23,2025-03-23_中山11R_千葉S,2倍台,馬連,4,6,600,22050
2025-03-23,2025-03-23_中山11R_千葉S,2倍台,馬連,5,10,1000,22050
2025-03-23,2025-03-23_中山11R_千葉S,2倍台,馬連,6,15,1500,22050
2025-03-23,2025-03-23_中山12R_4歳以上2勝クラス,3倍以上,ワイド,3,3,300,0
2025-03-23,2025-03-23_中山12R_4歳以上2勝クラス,3倍以上,ワイド,4,6,600,0
2025-03-23,2025-03-23_中山12R_4歳以上2勝クラス,3倍以上,ワイド,5,10,1000,0
2025-03-23,2025-03-23_中山12R_4歳以上2勝クラス,3倍以上,ワイド,6,15,1500,540
2025-03-23,2025-03-23_中山12R_4歳以上2勝クラス,3倍以上,馬連,3,3,300,0
2025-03-23,2025-03-23_中山12R_4歳以上2勝クラス,3倍以上,馬連,4,6,600,0
2025-03-23,2025-03-23_中山12R_4歳以上2勝クラス,3倍以上,馬連,5,10,1000,0
2025-03-23,2025-03-23_中山12R_4歳以上2勝クラス,3倍以上,馬連,6,15,1500,0
2025-03-23,2025-03-23_阪神09R_讃岐特別,3倍以上,ワイド,3,3,300,350
2025-03-23,2025-03-23_阪神09R_讃岐特別,3倍以上,ワイド,4,6,600,350
2025-03-23,2025-03-23_阪神09R_讃岐特別,3倍以上,ワイド,5,10,1000,350
2025-03-23,2025-03-23_阪神09R_讃岐特別,3倍以上,ワイド,6,15,1500,350
2025-03-23,2025-03-23_阪神09R_讃岐特別,3倍以上,馬連,3,3,300,830
2025-03-23,2025-03-23_阪神09R_讃岐特別,3倍以上,馬連,4,6,600,830
2025-03-23,2025-03-23_阪神09R_讃岐特別,3倍以上,馬連,5,10,1000,830
2025-03-23,2025-03-23_阪神09R_讃岐特別,3倍以上,馬連,6,15,1500,830
2025-03-23,2025-03-23_阪神10R_鳴門S,1倍台,ワイド,3,3,300,0
2025-03-23,2025-03-23_阪神10R_鳴門S,1倍台,ワイド,4,6,600,0
2025-03-23,2025-03-23_阪神10R_鳴門S,1倍台,ワイド,5,10,1000,0
2025-03-23,2025-03-23_阪神10R_鳴門S,1倍台,ワイド,6,15,1500,0
2025-03-23,2025-03-23_阪神10R_鳴門S,1倍台,馬連,3,3,300,0
2025-03-23,2025-03-23_阪神10R_鳴門S,1倍台,馬連,4,6,600,0
2025-03-23,2025-03-23_阪神10R_鳴門S,1倍台,馬連,5,10,1000,0
2025-03-23,2025-03-23_阪神10R_鳴門S,1倍台,馬連,6,15,1500,0
2025-03-23,2025-03-23_阪神11R_阪神大賞典,2倍台,ワイド,3,3,300,1540
2025-03-23,2025-03-23_阪神11R_阪神大賞典,2倍台,ワイド,4,6,600,1540
2025-03-23,2025-03-23_阪神11R_阪神大賞典,2倍台,ワイド,5,10,1000,1540
2025-03-23,2025-03-23_阪神11R_阪神大賞典,2倍台,ワイド,6,15,1500,1540
2025-03-23,2025-03-23_阪神11R_阪神大賞典,2倍台,馬連,3,3,300,5520
2025-03-23,2025-03-23_阪神11R_阪神大賞典,2倍台,馬連,4,6,600,5520
2025-03-23,2025-03-23_阪神11R_阪神大賞典,2倍台,馬連,5,10,1000,5520
2025-03-23,2025-03-23_阪神11R_阪神大賞典,2倍台,馬連,6,15,1500,5520
2025-03-23,2025-03-23_阪神12R_4歳以上2勝クラス,2倍台,ワイド,3,3,300,700
2025-03-23,2025-03-23_阪神12R_4歳以上2勝クラス,2倍台,ワイド,4,6,600,700
2025-03-23,2025-03-23_阪神12R_4歳以上2勝クラス,2倍台,ワイド,5,10,1000,700
2025-03-23,2025-03-23_阪神12R_4歳以上2勝クラス,2倍台,ワイド,6,15,1500,700
2025-03-23,2025-03-23_阪神12R_4歳以上2勝クラス,2倍台,馬連,3,3,300,0
2025-03-23,2025-03-23_阪神12R_4歳以上2勝クラス,2倍台,馬連,4,6,600,0
2025-03-23,2025-03-23_阪神12R_4歳以上2勝クラス,2倍台,馬連,5,10,1000,0
2025-03-23,2025-03-23_阪神12R_4歳以上2勝クラス,2倍台,馬連,6,15,1500,0
2025-03-29,2025-03-29_中京09R_矢作川特別,3倍以上,ワイド,3,3,300,0
2025-03-29,2025-03-29_中京09R_矢作川特別,3倍以上,ワイド,4,6,600,0
2025-03-29,2025-03-29_中京09R_矢作川特別,3倍以上,ワイド,5,10,1000,0
2025-03-29,2025-03-29_中京09R_矢作川特別,3倍以上,ワイド,6,15,1500,0
2025-03-29,2025-03-29_中京09R_矢作川特別,3倍以上,馬連,3,3,300,0
2025-03-29,2025-03-29_中京09R_矢作川特別,3倍以上,馬連,4,6,600,0
2025-03-29,2025-03-29_中京09R_矢作川特別,3倍以上,馬連,5,10,1000,0
2025-03-29,2025-03-29_中京09R_矢作川特別,3倍以上,馬連,6,15,1500,0
2025-03-29,2025-03-29_中京10R_熊野特別,2倍台,ワイド,3,3,300,290
2025-03-29,2025-03-29_中京10R_熊野特別,2倍台,ワイド,4,6,600,290
2025-03-29,2025-03-29_中京10R_熊野特別,2倍台,ワイド,5,10,1000,290
2025-03-29,2025-03-29_中京10R_熊野特別,2倍台,ワイド,6,15,1500,290
2025-03-29,2025-03-29_中京10R_熊野特別,2倍台,馬連,3,3,300,0
2025-03-29,2025-03-29_中京10R_熊野特別,2倍台,馬連,4,6,600,0
2025-03-29,2025-03-29_中京10R_熊野特別,2倍台,馬連,5,10,1000,0
2025-03-29,2025-03-29_中京10R_熊野特別,2倍台,馬連,6,15,1500,0
2025-03-29,2025-03-29_中京11R_豊橋S,3倍以上,ワイド,3,3,300,600
2025-03-29,2025-03-29_中京11R_豊橋S,3倍以上,ワイド,4,6,600,600
2025-03-29,2025-03-29_中京11R_豊橋S,3倍以上,ワイド,5,10,1000,1700
2025-03-29,2025-03-29_中京11R_豊橋S,3倍以上,ワイド,6,15,1500,1700
2025-03-29,2025-03-29_中京11R_豊橋S,3倍以上,馬連,3,3,300,0
2025-03-29,2025-03-29_中京11R_豊橋S,3倍以上,馬連,4,6,600,0
2025-03-29,2025-03-29_中京11R_豊橋S,3倍以上,馬連,5,10,1000,840
2025-03-29,2025-03-29_中京11R_豊橋S,3倍以上,馬連,6,15,1500,840
2025-03-29,2025-03-29_中京12R_4歳以上1勝クラス,3倍以上,ワイド,3,3,300,920
2025-03-29,2025-03-29_中京12R_4歳以上1勝クラス,3倍以上,ワイド,4,6,600,920
2025-03-29,2025-03-29_中京12R_4歳以上1勝クラス,3倍以上,ワイド,5,10,1000,920
2025-03-29,2025-03-29_中京12R_4歳以上1勝クラス,3倍以上,ワイド,6,15,1500,920
2025-03-29,2025-03-29_中京12R_4歳以上1勝クラス,3倍以上,馬連,3,3,300,610
2025-03-29,2025-03-29_中京12R_4歳以上1勝クラス,3倍以上,馬連,4,6,600,610
2025-03-29,2025-03-29_中京12R_4歳以上1勝クラス,3倍以上,馬連,5,10,1000,610
2025-03-29,2025-03-29_中京12R_4歳以上1勝クラス,3倍以上,馬連,6,15,1500,610
2025-03-29,2025-03-29_中山09R_ブラッドストーンS,2倍台,ワイド,3,3,300,330
2025-03-29,2025-03-29_中山09R_ブラッドストーンS,2倍台,ワイド,4,6,600,1250
2025-03-29,2025-03-29_中山09R_ブラッドストーンS,2倍台,ワイド,5,10,1000,1250
2025-03-29,2025-03-29_中山09R_ブラッドストーンS,2倍台,ワイド,6,15,1500,1250
2025-03-29,2025-03-29_中山09R_ブラッドストーンS,2倍台,馬連,3,3,300,0
2025-03-29,2025-03-29_中山09R_ブラッドストーンS,2倍台,馬連,4,6,600,900
2025-03-29,2025-03-29_中山09R_ブラッドストーンS,2倍台,馬連,5,10,1000,900
2025-03-29,2025-03-29_中山09R_ブラッドストーンS,2倍台,馬連,6,15,1500,900
2025-03-29,2025-03-29_中山10R_伏竜S,1倍台,ワイド,3,3,300,510
2025-03-29,2025-03-29_中山10R_伏竜S,1倍台,ワイド,4,6,600,510
2025-03-29,2025-03-29_中山10R_伏竜S,1倍台,ワイド,5,10,1000,510
2025-03-29,2025-03-29_中山10R_伏竜S,1倍台,ワイド,6,15,1500,510
2025-03-29,2025-03-29_中山10R_伏竜S,1倍台,馬連,3,3,300,0
2025-03-29,2025-03-29_中山10R_伏竜S,1倍台,馬連,4,6,600,0
2025-03-29,2025-03-29_中山10R_伏竜S,1倍台,馬連,5,10,1000,0
2025-03-29,2025-03-29_中山10R_伏竜S,1倍台,馬連,6,15,1500,0
2025-03-29,2025-03-29_中山11R_日経賞,1倍台,ワイド,3,3,300,0
2025-03-29,2025-03-29_中山11R_日経賞,1倍台,ワイド,4,6,600,0
2025-03-29,2025-03-29_中山11R_日経賞,1倍台,ワイド,5,10,1000,0
2025-03-29,2025-03-29_中山11R_日経賞,1倍台,ワイド,6,15,1500,0
2025-03-29,2025-03-29_中山11R_日経賞,1倍台,馬連,3,3,300,0
2025-03-29,2025-03-29_中山11R_日経賞,1倍台,馬連,4,6,600,0
2025-03-29,2025-03-29_中山11R_日経賞,1倍台,馬連,5,10,1000,0
2025-03-29,2025-03-29_中山11R_日経賞,1倍台,馬連,6,15,1500,0
2025-03-29,2025-03-29_中山12R_4歳以上2勝クラス,2倍台,ワイド,3,3,300,0
2025-03-29,2025-03-29_中山12R_4歳以上2勝クラス,2倍台,ワイド,4,6,600,520
2025-03-29,2025-03-29_中山12R_4歳以上2勝クラス,2倍台,ワイド,5,10,1000,2130
2025-03-29,2025-03-29_中山12R_4歳以上2勝クラス,2倍台,ワイド,6,15,1500,2130
2025-03-29,2025-03-29_中山12R_4歳以上2勝クラス,2倍台,馬連,3,3,300,0
2025-03-29,2025-03-29_中山12R_4歳以上2勝クラス,2倍台,馬連,4,6,600,0
2025-03-29,2025-03-29_中山12R_4歳以上2勝クラス,2倍台,馬連,5,10,1000,3320
2025-03-29,2025-03-29_中山12R_4歳以上2勝クラス,2倍台,馬連,6,15,1500,3320
2025-03-29,2025-03-29_阪神09R_君子蘭賞,2倍台,ワイド,3,3,300,0
2025-03-29,2025-03-29_阪神09R_君子蘭賞,2倍台,ワイド,4,6,600,0
2025-03-29,2025-03-29_阪神09R_君子蘭賞,2倍台,ワイド,5,10,1000,0
2025-03-29,2025-03-29_阪神09R_君子蘭賞,2倍台,ワイド,6,15,1500,0
2025-03-29,2025-03-29_阪神09R_君子蘭賞,2倍台,馬連,3,3,300,0
2025-03-29,2025-03-29_阪神09R_君子蘭賞,2倍台,馬連,4,6,600,0
2025-03-29,2025-03-29_阪神09R_君子蘭賞,2倍台,馬連,5,10,1000,0
2025-03-29,2025-03-29_阪神09R_君子蘭賞,2倍台,馬連,6,15,1500,0
2025-03-29,2025-03-29_阪神10R_仲春特別,2倍台,ワイド,3,3,300,0
2025-03-29,2025-03-29_阪神10R_仲春特別,2倍台,ワイド,4,6,600,0
2025-03-29,2025-03-29_阪神10R_仲春特別,2倍台,ワイド,5,10,1000,0
2025-03-29,2025-03-29_阪神10R_仲春特別,2倍台,ワイド,6,15,1500,0
2025-03-29,2025-03-29_阪神10R_仲春特別,2倍台,馬連,3,3,300,0
2025-03-29,2025-03-29_阪神10R_仲春特別,2倍台,馬連,4,6,600,0
2025-03-29,2025-03-29_阪神10R_仲春特別,2倍台,馬連,5,10,1000,0
2025-03-29,2025-03-29_阪神10R_仲春特別,2倍台,馬連,6,15,1500,0
2025-03-29,2025-03-29_阪神11R_毎日杯,2倍台,ワイド,3,3,300,0
2025-03-29,2025-03-29_阪神11R_毎日杯,2倍台,ワイド,4,6,600,0
2025-03-29,2025-03-29_阪神11R_毎日杯,2倍台,ワイド,5,10,1000,790
2025-03-29,2025-03-29_阪神11R_毎日杯,2倍台,ワイド,6,15,1500,790
2025-03-29,2025-03-29_阪神11R_毎日杯,2倍台,馬連,3,3,300,0
2025-03-29,2025-03-29_阪神11R_毎日杯,2倍台,馬連,4,6,600,0
2025-03-29,2025-03-29_阪神11R_毎日杯,2倍台,馬連,5,10,1000,0
2025-03-29,2025-03-29_阪神11R_毎日杯,2倍台,馬連,6,15,1500,0
2025-03-29,2025-03-29_阪神12R_4歳以上2勝クラス,2倍台,ワイド,3,3,300,0
2025-03-29,2025-03-29_阪神12R_4歳以上2勝クラス,2倍台,ワイド,4,6,600,0
2025-03-29,2025-03-29_阪神12R_4歳以上2勝クラス,2倍台,ワイド,5,10,1000,190
2025-03-29,2025-03-29_阪神12R_4歳以上2勝クラス,2倍台,ワイド,6,15,1500,190
2025-03-29,2025-03-29_阪神12R_4歳以上2勝クラス,2倍台,馬連,3,3,300,0
2025-03-29,2025-03-29_阪神12R_4歳以上2勝クラス,2倍台,馬連,4,6,600,0
2025-03-29,2025-03-29_阪神12R_4歳以上2勝クラス,2倍台,馬連,5,10,1000,0
2025-03-29,2025-03-29_阪神12R_4歳以上2勝クラス,2倍台,馬連,6,15,1500,0
2025-03-30,2025-03-30_中京09R_4歳以上1勝クラス,3倍以上,ワイド,3,3,300,0
2025-03-30,2025-03-30_中京09R_4歳以上1勝クラス,3倍以上,ワイド,4,6,600,1250
2025-03-30,2025-03-30_中京09R_4歳以上1勝クラス,3倍以上,ワイド,5,10,1000,3450
2025-03-30,2025-03-30_中京09R_4歳以上1勝クラス,3倍以上,ワイド,6,15,1500,3450
2025-03-30,2025-03-30_中京09R_4歳以上1勝クラス,3倍以上,馬連,3,3,300,0
2025-03-30,2025-03-30_中京09R_4歳以上1勝クラス,3倍以上,馬連,4,6,600,0
2025-03-30,2025-03-30_中京09R_4歳以上1勝クラス,3倍以上,馬連,5,10,1000,6780
2025-03-30,2025-03-30_中京09R_4歳以上1勝クラス,3倍以上,馬連,6,15,1500,6780
2025-03-30,2025-03-30_中京10R_伊勢S,2倍台,ワイド,3,3,300,0
2025-03-30,2025-03-30_中京10R_伊勢S,2倍台,ワイド,4,6,600,760
2025-03-30,2025-03-30_中京10R_伊勢S,2倍台,ワイド,5,10,1000,760
2025-03-30,2025-03-30_中京10R_伊勢S,2倍台,ワイド,6,15,1500,760
2025-03-30,2025-03-30_中京10R_伊勢S,2倍台,馬連,3,3,300,0
2025-03-30,2025-03-30_中京10R_伊勢S,2倍台,馬連,4,6,600,0
2025-03-30,2025-03-30_中京10R_伊勢S,2倍台,馬連,5,10,1000,0
2025-03-30,2025-03-30_中京10R_伊勢S,2倍台,馬連,6,15,1500,0
2025-03-30,2025-03-30_中京11R_高松宮記念,3倍以上,ワイド,3,3,300,0
2025-03-30,2025-03-30_中京11R_高松宮記念,3倍以上,ワイド,4,6,600,0
2025-03-30,2025-03-30_中京11R_高松宮記念,3倍以上,ワイド,5,10,1000,0
2025-03-30,2025-03-30_中京11R_高松宮記念,3倍以上,ワイド,6,15,1500,360
2025-03-30,2025-03-30_中京11R_高松宮記念,3倍以上,馬連,3,3,300,0
2025-03-30,2025-03-30_中京11R_高松宮記念,3倍以上,馬連,4,6,600,0
2025-03-30,2025-03-30_中京11R_高松宮記念,3倍以上,馬連,5,10,1000,0
2025-03-30,2025-03-30_中京11R_高松宮記念,3倍以上,馬連,6,15,1500,820
2025-03-30,2025-03-30_中京12R_鈴鹿特別,3倍以上,ワイド,3,3,300,0
2025-03-30,2025-03-30_中京12R_鈴鹿特別,3倍以上,ワイド,4,6,600,0
2025-03-30,2025-03-30_中京12R_鈴鹿特別,3倍以上,ワイド,5,10,1000,0
2025-03-30,2025-03-30_中京12R_鈴鹿特別,3倍以上,ワイド,6,15,1500,0
2025-03-30,2025-03-30_中京12R_鈴鹿特別,3倍以上,馬連,3,3,300,0
2025-03-30,2025-03-30_中京12R_鈴鹿特別,3倍以上,馬連,4,6,600,0
2025-03-30,2025-03-30_中京12R_鈴鹿特別,3倍以上,馬連,5,10,1000,0
2025-03-30,2025-03-30_中京12R_鈴鹿特別,3倍以上,馬連,6,15,1500,0
2025-03-30,2025-03-30_中山09R_ミモザ賞,1倍台,ワイド,3,3,300,290
2025-03-30,2025-03-30_中山09R_ミモザ賞,1倍台,ワイド,4,6,600,290
2025-03-30,2025-03-30_中山09R_ミモザ賞,1倍台,ワイド,5,10,1000,290
2025-03-30,2025-03-30_中山09R_ミモザ賞,1倍台,ワイド,6,15,1500,4310
2025-03-30,2025-03-30_中山09R_ミモザ賞,1倍台,馬連,3,3,300,590
2025-03-30,2025-03-30_中山09R_ミモザ賞,1倍台,馬連,4,6,600,590
2025-03-30,2025-03-30_中山09R_ミモザ賞,1倍台,馬連,5,10,1000,590
2025-03-30,2025-03-30_中山09R_ミモザ賞,1倍台,馬連,6,15,1500,590
2025-03-30,2025-03-30_中山10R_船橋S,3倍以上,ワイド,3,3,300,0
2025-03-30,2025-03-30_中山10R_船橋S,3倍以上,ワイド,4,6,600,0
2025-03-30,2025-03-30_中山10R_船橋S,3倍以上,ワイド,5,10,1000,0
2025-03-30,2025-03-30_中山10R_船橋S,3倍以上,ワイド,6,15,1500,0
2025-03-30,2025-03-30_中山10R_船橋S,3倍以上,馬連,3,3,300,0
2025-03-30,2025-03-30_中山10R_船橋S,3倍以上,馬連,4,6,600,0
2025-03-30,2025-03-30_中山10R_船橋S,3倍以上,馬連,5,10,1000,0
2025-03-30,2025-03-30_中山10R_船橋S,3倍以上,馬連,6,15,1500,0
2025-03-30,2025-03-30_中山11R_マーチS,2倍台,ワイド,3,3,300,0
2025-03-30,2025-03-30_中山11R_マーチS,2倍台,ワイド,4,6,600,0
2025-03-30,2025-03-30_中山11R_マーチS,2倍台,ワイド,5,10,1000,3180
2025-03-30,2025-03-30_中山11R_マーチS,2倍台,ワイド,6,15,1500,6670
2025-03-30,2025-03-30_中山11R_マーチS,2倍台,馬連,3,3,300,0
2025-03-30,2025-03-30_中山11R_マーチS,2倍台,馬連,4,6,600,0
2025-03-30,2025-03-30_中山11R_マーチS,2倍台,馬連,5,10,1000,9530
2025-03-30,2025-03-30_中山11R_マーチS,2倍台,馬連,6,15,1500,9530
2025-03-30,2025-03-30_中山12R_4歳以上2勝クラス,2倍台,ワイド,3,3,300,750
2025-03-30,2025-03-30_中山12R_4歳以上2勝クラス,2倍台,ワイド,4,6,600,750
2025-03-30,2025-03-30_中山12R_4歳以上2勝クラス,2倍台,ワイド,5,10,1000,750
2025-03-30,2025-03-30_中山12R_4歳以上2勝クラス,2倍台,ワイド,6,15,1500,750
2025-03-30,2025-03-30_中山12R_4歳以上2勝クラス,2倍台,馬連,3,3,300,1850
2025-03-30,2025-03-30_中山12R_4歳以上2勝クラス,2倍台,馬連,4,6,600,1850
2025-03-30,2025-03-30_中山12R_4歳以上2勝クラス,2倍台,馬連,5,10,1000,1850
2025-03-30,2025-03-30_中山12R_4歳以上2勝クラス,2倍台,馬連,6,15,1500,1850
2025-03-30,2025-03-30_阪神09R_四国新聞杯,2倍台,ワイド,3,3,300,0
2025-03-30,2025-03-30_阪神09R_四国新聞杯,2倍台,ワイド,4,6,600,0
2025-03-30,2025-03-30_阪神09R_四国新聞杯,2倍台,ワイド,5,10,1000,0
2025-03-30,2025-03-30_阪神09R_四国新聞杯,2倍台,ワイド,6,15,1500,760
2025-03-30,2025-03-30_阪神09R_四国新聞杯,2倍台,馬連,3,3,300,0
2025-03-30,2025-03-30_阪神09R_四国新聞杯,2倍台,馬連,4,6,600,0
2025-03-30,2025-03-30_阪神09R_四国新聞杯,2倍台,馬連,5,10,1000,0
2025-03-30,2025-03-30_阪神09R_四国新聞杯,2倍台,馬連,6,15,1500,0
2025-03-30,2025-03-30_阪神10R_御堂筋S,2倍台,ワイド,3,3,300,970
2025-03-30,2025-03-30_阪神10R_御堂筋S,2倍台,ワイド,4,6,600,970
2025-03-30,2025-03-30_阪神10R_御堂筋S,2倍台,ワイド,5,10,1000,970
2025-03-30,2025-03-30_阪神10R_御堂筋S,2倍台,ワイド,6,15,1500,970
2025-03-30,2025-03-30_阪神10R_御堂筋S,2倍台,馬連,3,3,300,0
2025-03-30,2025-03-30_阪神10R_御堂筋S,2倍台,馬連,4,6,600,0
2025-03-30,2025-03-30_阪神10R_御堂筋S,2倍台,馬連,5,10,1000,0
2025-03-30,2025-03-30_阪神10R_御堂筋S,2倍台,馬連,6,15,1500,0
2025-03-30,2025-03-30_阪神11R_六甲S,2倍台,ワイド,3,3,300,0
2025-03-30,2025-03-30_阪神11R_六甲S,2倍台,ワイド,4,6,600,0
2025-03-30,2025-03-30_阪神11R_六甲S,2倍台,ワイド,5,10,1000,0
2025-03-30,2025-03-30_阪神11R_六甲S,2倍台,ワイド,6,15,1500,0
2025-03-30,2025-03-30_阪神11R_六甲S,2倍台,馬連,3,3,300,0
2025-03-30,2025-03-30_阪神11R_六甲S,2倍台,馬連,4,6,600,0
2025-03-30,2025-03-30_阪神11R_六甲S,2倍台,馬連,5,10,1000,0
2025-03-30,2025-03-30_阪神11R_六甲S,2倍台,馬連,6,15,1500,0
2025-03-30,2025-03-30_阪神12R_4歳以上2勝クラス,3倍以上,ワイド,3,3,300,0
2025-03-30,2025-03-30_阪神12R_4歳以上2勝クラス,3倍以上,ワイド,4,6,600,0
2025-03-30,2025-03-30_阪神12R_4歳以上2勝クラス,3倍以上,ワイド,5,10,1000,430
2025-03-30,2025-03-30_阪神12R_4歳以上2勝クラス,3倍以上,ワイド,6,15,1500,430
2025-03-30,2025-03-30_阪神12R_4歳以上2勝クラス,3倍以上,馬連,3,3,300,0
2025-03-30,2025-03-30_阪神12R_4歳以上2勝クラス,3倍以上,馬連,4,6,600,0
2025-03-30,2025-03-30_阪神12R_4歳以上2勝クラス,3倍以上,馬連,5,10,1000,1040
2025-03-30,2025-03-30_阪神12R_4歳以上2勝クラス,3倍以上,馬連,6,15,1500,1040
2025-04-05,2025-04-05_中山09R_山吹賞,1倍台,ワイド,3,3,300,0
2025-04-05,2025-04-05_中山09R_山吹賞,1倍台,ワイド,4,6,600,200
2025-04-05,2025-04-05_中山09R_山吹賞,1倍台,ワイド,5,10,1000,200
2025-04-05,2025-04-05_中山09R_山吹賞,1倍台,ワイド,6,15,1500,200
2025-04-05,2025-04-05_中山09R_山吹賞,1倍台,馬連,3,3,300,0
2025-04-05,2025-04-05_中山09R_山吹賞,1倍台,馬連,4,6,600,0
2025-04-05,2025-04-05_中山09R_山吹賞,1倍台,馬連,5,10,1000,0
2025-04-05,2025-04-05_中山09R_山吹賞,1倍台,馬連,6,15,1500,0
2025-04-05,2025-04-05_中山10R_千葉日報杯,3倍以上,ワイド,3,3,300,380
2025-04-05,2025-04-05_中山10R_千葉日報杯,3倍以上,ワイド,4,6,600,380
2025-04-05,2025-04-05_中山10R_千葉日報杯,3倍以上,ワイド,5,10,1000,380
2025-04-05,2025-04-05_中山10R_千葉日報杯,3倍以上,ワイド,6,15,1500,380
2025-04-05,2025-04-05_中山10R_千葉日報杯,3倍以上,馬連,3,3,300,860
2025-04-05,2025-04-05_中山10R_千葉日報杯,3倍以上,馬連,4,6,600,860
2025-04-05,2025-04-05_中山10R_千葉日報杯,3倍以上,馬連,5,10,1000,860
2025-04-05,2025-04-05_中山10R_千葉日報杯,3倍以上,馬連,6,15,1500,860
2025-04-05,2025-04-05_中山11R_ダービー卿CT,1倍台,ワイド,3,3,300,0
2025-04-05,2025-04-05_中山11R_ダービー卿CT,1倍台,ワイド,4,6,600,380
2025-04-05,2025-04-05_中山11R_ダービー卿CT,1倍台,ワイド,5,10,1000,380
2025-04-05,2025-04-05_中山11R_ダービー卿CT,1倍台,ワイド,6,15,1500,380
2025-04-05,2025-04-05_中山11R_ダービー卿CT,1倍台,馬連,3,3,300,0
2025-04-05,2025-04-05_中山11R_ダービー卿CT,1倍台,馬連,4,6,600,910
2025-04-05,2025-04-05_中山11R_ダービー卿CT,1倍台,馬連,5,10,1000,910
2025-04-05,2025-04-05_中山11R_ダービー卿CT,1倍台,馬連,6,15,1500,910
2025-04-05,2025-04-05_中山12R_4歳以上1勝クラス,2倍台,ワイド,3,3,300,0
2025-04-05,2025-04-05_中山12R_4歳以上1勝クラス,2倍台,ワイド,4,6,600,0
2025-04-05,2025-04-05_中山12R_4歳以上1勝クラス,2倍台,ワイド,5,10,1000,0
2025-04-05,2025-04-05_中山12R_4歳以上1勝クラス,2倍台,ワイド,6,15,1500,0
2025-04-05,2025-04-05_中山12R_4歳以上1勝クラス,2倍台,馬連,3,3,300,0
2025-04-05,2025-04-05_中山12R_4歳以上1勝クラス,2倍台,馬連,4,6,600,0
2025-04-05,2025-04-05_中山12R_4歳以上1勝クラス,2倍台,馬連,5,10,1000,0
2025-04-05,2025-04-05_中山12R_4歳以上1勝クラス,2倍台,馬連,6,15,1500,0
2025-04-05,2025-04-05_阪神09R_アザレア賞,1倍台,ワイド,3,3,300,0
2025-04-05,2025-04-05_阪神09R_アザレア賞,1倍台,ワイド,4,6,600,0
2025-04-05,2025-04-05_阪神09R_アザレア賞,1倍台,ワイド,5,10,1000,410
2025-04-05,2025-04-05_阪神09R_アザレア賞,1倍台,ワイド,6,15,1500,410
2025-04-05,2025-04-05_阪神09R_アザレア賞,1倍台,馬連,3,3,300,0
2025-04-05,2025-04-05_阪神09R_アザレア賞,1倍台,馬連,4,6,600,0
2025-04-05,2025-04-05_阪神09R_アザレア賞,1倍台,馬連,5,10,1000,0
2025-04-05,2025-04-05_阪神09R_アザレア賞,1倍台,馬連,6,15,1500,0
2025-04-05,2025-04-05_阪神10R_ポラリスS,2倍台,ワイド,3,3,300,0
2025-04-05,2025-04-05_阪神10R_ポラリスS,2倍台,ワイド,4,6,600,0
2025-04-05,2025-04-05_阪神10R_ポラリスS,2倍台,ワイド,5,10,1000,0
2025-04-05,2025-04-05_阪神10R_ポラリスS,2倍台,ワイド,6,15,1500,0
2025-04-05,2025-04-05_阪神10R_ポラリスS,2倍台,馬連,3,3,300,0
2025-04-05,2025-04-05_阪神10R_ポラリスS,2倍台,馬連,4,6,600,0
2025-04-05,2025-04-05_阪神10R_ポラリスS,2倍台,馬連,5,10,1000,0
2025-04-05,2025-04-05_阪神10R_ポラリスS,2倍台,馬連,6,15,1500,0
2025-04-05,2025-04-05_阪神11R_チャーチルダウンズC,2倍台,ワイド,3,3,300,0
2025-04-05,2025-04-05_阪神11R_チャーチルダウンズC,2倍台,ワイド,4,6,600,0
2025-04-05,2025-04-05_阪神11R_チャーチルダウンズC,2倍台,ワイド,5,10,1000,0
2025-04-05,2025-04-05_阪神11R_チャーチルダウンズC,2倍台,ワイド,6,15,1500,200
2025-04-05,2025-04-05_阪神11R_チャーチルダウンズC,2倍台,馬連,3,3,300,0
2025-04-05,2025-04-05_阪神11R_チャーチルダウンズC,2倍台,馬連,4,6,600,0
2025-04-05,2025-04-05_阪神11R_チャーチルダウンズC,2倍台,馬連,5,10,1000,0
2025-04-05,2025-04-05_阪神11R_チャーチルダウンズC,2倍台,馬連,6,15,1500,410
2025-04-05,2025-04-05_阪神12R_4歳以上2勝クラス,3倍以上,ワイド,3,3,300,980
2025-04-05,2025-04-05_阪神12R_4歳以上2勝クラス,3倍以上,ワイド,4,6,600,980
2025-04-05,2025-04-05_阪神12R_4歳以上2勝クラス,3倍以上,ワイド,5,10,1000,980
2025-04-05,2025-04-05_阪神12R_4歳以上2勝クラス,3倍以上,ワイド,6,15,1500,980
2025-04-05,2025-04-05_阪神12R_4歳以上2勝クラス,3倍以上,馬連,3,3,300,0
2025-04-05,2025-04-05_阪神12R_4歳以上2勝クラス,3倍以上,馬連,4,6,600,0
2025-04-05,2025-04-05_阪神12R_4歳以上2勝クラス,3倍以上,馬連,5,10,1000,0
2025-04-05,2025-04-05_阪神12R_4歳以上2勝クラス,3倍以上,馬連,6,15,1500,0
2025-04-06,2025-04-06_中山09R_安房特別,1倍台,ワイド,3,3,300,0
2025-04-06,2025-04-06_中山09R_安房特別,1倍台,ワイド,4,6,600,0
2025-04-06,2025-04-06_中山09R_安房特別,1倍台,ワイド,5,10,1000,0
2025-04-06,2025-04-06_中山09R_安房特別,1倍台,ワイド,6,15,1500,750
2025-04-06,2025-04-06_中山09R_安房特別,1倍台,馬連,3,3,300,0
2025-04-06,2025-04-06_中山09R_安房特別,1倍台,馬連,4,6,600,0
2025-04-06,2025-04-06_中山09R_安房特別,1倍台,馬連,5,10,1000,0
2025-04-06,2025-04-06_中山09R_安房特別,1倍台,馬連,6,15,1500,0
2025-04-06,2025-04-06_中山10R_アリエスS,3倍以上,ワイド,3,3,300,0
2025-04-06,2025-04-06_中山10R_アリエスS,3倍以上,ワイド,4,6,600,0
2025-04-06,2025-04-06_中山10R_アリエスS,3倍以上,ワイド,5,10,1000,0
2025-04-06,2025-04-06_中山10R_アリエスS,3倍以上,ワイド,6,15,1500,0
2025-04-06,2025-04-06_中山10R_アリエスS,3倍以上,馬連,3,3,300,0
2025-04-06,2025-04-06_中山10R_アリエスS,3倍以上,馬連,4,6,600,0
2025-04-06,2025-04-06_中山10R_アリエスS,3倍以上,馬連,5,10,1000,0
2025-04-06,2025-04-06_中山10R_アリエスS,3倍以上,馬連,6,15,1500,0
2025-04-06,2025-04-06_中山11R_美浦S,3倍以上,ワイド,3,3,300,400
2025-04-06,2025-04-06_中山11R_美浦S,3倍以上,ワイド,4,6,600,400
2025-04-06,2025-04-06_中山11R_美浦S,3倍以上,ワイド,5,10,1000,3080
2025-04-06,2025-04-06_中山11R_美浦S,3倍以上,ワイド,6,15,1500,3080
2025-04-06,2025-04-06_中山11R_美浦S,3倍以上,馬連,3,3,300,0
2025-04-06,2025-04-06_中山11R_美浦S,3倍以上,馬連,4,6,600,0
2025-04-06,2025-04-06_中山11R_美浦S,3倍以上,馬連,5,10,1000,4200
2025-04-06,2025-04-06_中山11R_美浦S,3倍以上,馬連,6,15,1500,4200
2025-04-06,2025-04-06_中山12R_4歳以上2勝クラス,1倍台,ワイド,3,3,300,240
2025-04-06,2025-04-06_中山12R_4歳以上2勝クラス,1倍台,ワイド,4,6,600,240
2025-04-06,2025-04-06_中山12R_4歳以上2勝クラス,1倍台,ワイド,5,10,1000,240
2025-04-06,2025-04-06_中山12R_4歳以上2勝クラス,1倍台,ワイド,6,15,1500,240
2025-04-06,2025-04-06_中山12R_4歳以上2勝クラス,1倍台,馬連,3,3,300,0
2025-04-06,2025-04-06_中山12R_4歳以上2勝クラス,1倍台,馬連,4,6,600,0
2025-04-06,2025-04-06_中山12R_4歳以上2勝クラス,1倍台,馬連,5,10,1000,0
2025-04-06,2025-04-06_中山12R_4歳以上2勝クラス,1倍台,馬連,6,15,1500,0
2025-04-06,2025-04-06_阪神09R_バイオレットS,2倍台,ワイド,3,3,300,0
2025-04-06,2025-04-06_阪神09R_バイオレットS,2倍台,ワイド,4,6,600,0
2025-04-06,2025-04-06_阪神09R_バイオレットS,2倍台,ワイド,5,10,1000,3730
2025-04-06,2025-04-06_阪神09R_バイオレットS,2倍台,ワイド,6,15,1500,3730
2025-04-06,2025-04-06_阪神09R_バイオレットS,2倍台,馬連,3,3,300,0
2025-04-06,2025-04-06_阪神09R_バイオレットS,2倍台,馬連,4,6,600,0
2025-04-06,2025-04-06_阪神09R_バイオレットS,2倍台,馬連,5,10,1000,14070
2025-04-06,2025-04-06_阪神09R_バイオレットS,2倍台,馬連,6,15,1500,14070
2025-04-06,2025-04-06_阪神10R_夢洲S,3倍以上,ワイド,3,3,300,0
2025-04-06,2025-04-06_阪神10R_夢洲S,3倍以上,ワイド,4,6,600,0
2025-04-06,2025-04-06_阪神10R_夢洲S,3倍以上,ワイド,5,10,1000,0
2025-04-06,2025-04-06_阪神10R_夢洲S,3倍以上,ワイド,6,15,1500,0
2025-04-06,2025-04-06_阪神10R_夢洲S,3倍以上,馬連,3,3,300,0
2025-04-06,2025-04-06_阪神10R_夢洲S,3倍以上,馬連,4,6,600,0
2025-04-06,2025-04-06_阪神10R_夢洲S,3倍以上,馬連,5,10,1000,0
2025-04-06,2025-04-06_阪神10R_夢洲S,3倍以上,馬連,6,15,1500,0
2025-04-06,2025-04-06_阪神11R_大阪杯,3倍以上,ワイド,3,3,300,0
2025-04-06,2025-04-06_阪神11R_大阪杯,3倍以上,ワイド,4,6,600,0
2025-04-06,2025-04-06_阪神11R_大阪杯,3倍以上,ワイド,5,10,1000,0
2025-04-06,2025-04-06_阪神11R_大阪杯,3倍以上,ワイド,6,15,1500,0
2025-04-06,2025-04-06_阪神11R_大阪杯,3倍以上,馬連,3,3,300,0
2025-04-06,2025-04-06_阪神11R_大阪杯,3倍以上,馬連,4,6,600,0
2025-04-06,2025-04-06_阪神11R_大阪杯,3倍以上,馬連,5,10,1000,0
2025-04-06,2025-04-06_阪神11R_大阪杯,3倍以上,馬連,6,15,1500,0
2025-04-06,2025-04-06_阪神12R_陽春S,2倍台,ワイド,3,3,300,0
2025-04-06,2025-04-06_阪神12R_陽春S,2倍台,ワイド,4,6,600,0
2025-04-06,2025-04-06_阪神12R_陽春S,2倍台,ワイド,5,10,1000,0
2025-04-06,2025-04-06_阪神12R_陽春S,2倍台,ワイド,6,15,1500,390
2025-04-06,2025-04-06_阪神12R_陽春S,2倍台,馬連,3,3,300,0
2025-04-06,2025-04-06_阪神12R_陽春S,2倍台,馬連,4,6,600,0
2025-04-06,2025-04-06_阪神12R_陽春S,2倍台,馬連,5,10,1000,0
2025-04-06,2025-04-06_阪神12R_陽春S,2倍台,馬連,6,15,1500,920
2025-04-12,2025-04-12_中山09R_山藤賞,2倍台,ワイド,3,3,300,0
2025-04-12,2025-04-12_中山09R_山藤賞,2倍台,ワイド,4,6,600,210
2025-04-12,2025-04-12_中山09R_山藤賞,2倍台,ワイド,5,10,1000,210
2025-04-12,2025-04-12_中山09R_山藤賞,2倍台,ワイド,6,15,1500,210
2025-04-12,2025-04-12_中山09R_山藤賞,2倍台,馬連,3,3,300,0
2025-04-12,2025-04-12_中山09R_山藤賞,2倍台,馬連,4,6,600,0
2025-04-12,2025-04-12_中山09R_山藤賞,2倍台,馬連,5,10,1000,0
2025-04-12,2025-04-12_中山09R_山藤賞,2倍台,馬連,6,15,1500,0
2025-04-12,2025-04-12_中山10R_あけぼのS,2倍台,ワイド,3,3,300,0
2025-04-12,2025-04-12_中山10R_あけぼのS,2倍台,ワイド,4,6,600,0
2025-04-12,2025-04-12_中山10R_あけぼのS,2倍台,ワイド,5,10,1000,0
2025-04-12,2025-04-12_中山10R_あけぼのS,2倍台,ワイド,6,15,1500,1210
2025-04-12,2025-04-12_中山10R_あけぼのS,2倍台,馬連,3,3,300,0
2025-04-12,2025-04-12_中山10R_あけぼのS,2倍台,馬連,4,6,600,0
2025-04-12,2025-04-12_中山10R_あけぼのS,2倍台,馬連,5,10,1000,0
2025-04-12,2025-04-12_中山10R_あけぼのS,2倍台,馬連,6,15,1500,0
2025-04-12,2025-04-12_中山11R_ニュージーランドT,1倍台,ワイド,3,3,300,240
2025-04-12,2025-04-12_中山11R_ニュージーランドT,1倍台,ワイド,4,6,600,240
2025-04-12,2025-04-12_中山11R_ニュージーランドT,1倍台,ワイド,5,10,1000,240
2025-04-12,2025-04-12_中山11R_ニュージーランドT,1倍台,ワイド,6,15,1500,240
2025-04-12,2025-04-12_中山11R_ニュージーランドT,1倍台,馬連,3,3,300,430
2025-04-12,2025-04-12_中山11R_ニュージーランドT,1倍台,馬連,4,6,600,430
2025-04-12,2025-04-12_中山11R_ニュージーランドT,1倍台,馬連,5,10,1000,430
2025-04-12,2025-04-12_中山11R_ニュージーランドT,1倍台,馬連,6,15,1500,430
2025-04-12,2025-04-12_中山12R_4歳以上2勝クラス,1倍台,ワイド,3,3,300,1050
2025-04-12,2025-04-12_中山12R_4歳以上2勝クラス,1倍台,ワイド,4,6,600,1050
2025-04-12,2025-04-12_中山12R_4歳以上2勝クラス,1倍台,ワイド,5,10,1000,1050
2025-04-12,2025-04-12_中山12R_4歳以上2勝クラス,1倍台,ワイド,6,15,1500,1050
2025-04-12,2025-04-12_中山12R_4歳以上2勝クラス,1倍台,馬連,3,3,300,2240
2025-04-12,2025-04-12_中山12R_4歳以上2勝クラス,1倍台,馬連,4,6,600,2240
2025-04-12,2025-04-12_中山12R_4歳以上2勝クラス,1倍台,馬連,5,10,1000,2240
2025-04-12,2025-04-12_中山12R_4歳以上2勝クラス,1倍台,馬連,6,15,1500,2240
2025-04-12,2025-04-12_福島09R_浄土平特別,2倍台,ワイド,3,3,300,3920
2025-04-12,2025-04-12_福島09R_浄土平特別,2倍台,ワイド,4,6,600,3920
2025-04-12,2025-04-12_福島09R_浄土平特別,2倍台,ワイド,5,10,1000,3920
2025-04-12,2025-04-12_福島09R_浄土平特別,2倍台,ワイド,6,15,1500,3920
2025-04-12,2025-04-12_福島09R_浄土平特別,2倍台,馬連,3,3,300,12930
2025-04-12,2025-04-12_福島09R_浄土平特別,2倍台,馬連,4,6,600,12930
2025-04-12,2025-04-12_福島09R_浄土平特別,2倍台,馬連,5,10,1000,12930
2025-04-12,2025-04-12_福島09R_浄土平特別,2倍台,馬連,6,15,1500,12930
2025-04-12,2025-04-12_福島10R_喜多方特別,2倍台,ワイド,3,3,300,0
2025-04-12,2025-04-12_福島10R_喜多方特別,2倍台,ワイド,4,6,600,0
2025-04-12,2025-04-12_福島10R_喜多方特別,2倍台,ワイド,5,10,1000,0
2025-04-12,2025-04-12_福島10R_喜多方特別,2倍台,ワイド,6,15,1500,1740
2025-04-12,2025-04-12_福島10R_喜多方特別,2倍台,馬連,3,3,300,0
2025-04-12,2025-04-12_福島10R_喜多方特別,2倍台,馬連,4,6,600,0
2025-04-12,2025-04-12_福島10R_喜多方特別,2倍台,馬連,5,10,1000,0
2025-04-12,2025-04-12_福島10R_喜多方特別,2倍台,馬連,6,15,1500,0
2025-04-12,2025-04-12_福島11R_吾妻小富士S,3倍以上,ワイド,3,3,300,0
2025-04-12,2025-04-12_福島11R_吾妻小富士S,3倍以上,ワイド,4,6,600,0
2025-04-12,2025-04-12_福島11R_吾妻小富士S,3倍以上,ワイド,5,10,1000,1120
2025-04-12,2025-04-12_福島11R_吾妻小富士S,3倍以上,ワイド,6,15,1500,1120
2025-04-12,2025-04-12_福島11R_吾妻小富士S,3倍以上,馬連,3,3,300,0
2025-04-12,2025-04-12_福島11R_吾妻小富士S,3倍以上,馬連,4,6,600,0
2025-04-12,2025-04-12_福島11R_吾妻小富士S,3倍以上,馬連,5,10,1000,0
2025-04-12,2025-04-12_福島11R_吾妻小富士S,3倍以上,馬連,6,15,1500,0
2025-04-12,2025-04-12_福島12R_4歳以上1勝クラス,3倍以上,ワイド,3,3,300,0
2025-04-12,2025-04-12_福島12R_4歳以上1勝クラス,3倍以上,ワイド,4,6,600,0
2025-04-12,2025-04-12_福島12R_4歳以上1勝クラス,3倍以上,ワイド,5,10,1000,0
2025-04-12,2025-04-12_福島12R_4歳以上1勝クラス,3倍以上,ワイド,6,15,1500,0
2025-04-12,2025-04-12_福島12R_4歳以上1勝クラス,3倍以上,馬連,3,3,300,0
2025-04-12,2025-04-12_福島12R_4歳以上1勝クラス,3倍以上,馬連,4,6,600,0
2025-04-12,2025-04-12_福島12R_4歳以上1勝クラス,3倍以上,馬連,5,10,1000,0
2025-04-12,2025-04-12_福島12R_4歳以上1勝クラス,3倍以上,馬連,6,15,1500,0
2025-04-12,2025-04-12_阪神09R_明石特別,2倍台,ワイド,3,3,300,0
2025-04-12,2025-04-12_阪神09R_明石特別,2倍台,ワイド,4,6,600,0
2025-04-12,2025-04-12_阪神09R_明石特別,2倍台,ワイド,5,10,1000,0
2025-04-12,2025-04-12_阪神09R_明石特別,2倍台,ワイド,6,15,1500,860
2025-04-12,2025-04-12_阪神09R_明石特別,2倍台,馬連,3,3,300,0
2025-04-12,2025-04-12_阪神09R_明石特別,2倍台,馬連,4,6,600,0
2025-04-12,2025-04-12_阪神09R_明石特別,2倍台,馬連,5,10,1000,0
2025-04-12,2025-04-12_阪神09R_明石特別,2倍台,馬連,6,15,1500,0
2025-04-12,2025-04-12_阪神10R_京橋S,3倍以上,ワイド,3,3,300,0
2025-04-12,2025-04-12_阪神10R_京橋S,3倍以上,ワイド,4,6,600,0
2025-04-12,2025-04-12_阪神10R_京橋S,3倍以上,ワイド,5,10,1000,0
2025-04-12,2025-04-12_阪神10R_京橋S,3倍以上,ワイド,6,15,1500,0
2025-04-12,2025-04-12_阪神10R_京橋S,3倍以上,馬連,3,3,300,0
2025-04-12,2025-04-12_阪神10R_京橋S,3倍以上,馬連,4,6,600,0
2025-04-12,2025-04-12_阪神10R_京橋S,3倍以上,馬連,5,10,1000,0
2025-04-12,2025-04-12_阪神10R_京橋S,3倍以上,馬連,6,15,1500,0
2025-04-12,2025-04-12_阪神11R_阪神牝馬S,2倍台,ワイド,3,3,300,0
2025-04-12,2025-04-12_阪神11R_阪神牝馬S,2倍台,ワイド,4,6,600,1580
2025-04-12,2025-04-12_阪神11R_阪神牝馬S,2倍台,ワイド,5,10,1000,10620
2025-04-12,2025-04-12_阪神11R_阪神牝馬S,2倍台,ワイド,6,15,1500,10620
2025-04-12,2025-04-12_阪神11R_阪神牝馬S,2倍台,馬連,3,3,300,0
2025-04-12,2025-04-12_阪神11R_阪神牝馬S,2倍台,馬連,4,6,600,0
2025-04-12,2025-04-12_阪神11R_阪神牝馬S,2倍台,馬連,5,10,1000,8640
2025-04-12,2025-04-12_阪神11R_阪神牝馬S,2倍台,馬連,6,15,1500,8640
2025-04-12,2025-04-12_阪神12R_4歳以上2勝クラス,3倍以上,ワイド,3,3,300,0
2025-04-12,2025-04-12_阪神12R_4歳以上2勝クラス,3倍以上,ワイド,4,6,600,0
2025-04-12,2025-04-12_阪神12R_4歳以上2勝クラス,3倍以上,ワイド,5,10,1000,740
2025-04-12,2025-04-12_阪神12R_4歳以上2勝クラス,3倍以上,ワイド,6,15,1500,740
2025-04-12,2025-04-12_阪神12R_4歳以上2勝クラス,3倍以上,馬連,3,3,300,0
2025-04-12,2025-04-12_阪神12R_4歳以上2勝クラス,3倍以上,馬連,4,6,600,0
2025-04-12,2025-04-12_阪神12R_4歳以上2勝クラス,3倍以上,馬連,5,10,1000,2420
2025-04-12,2025-04-12_阪神12R_4歳以上2勝クラス,3倍以上,馬連,6,15,1500,2420
2025-04-13,2025-04-13_中山09R_印西特別,3倍以上,ワイド,3,3,300,0
2025-04-13,2025-04-13_中山09R_印西特別,3倍以上,ワイド,4,6,600,0
2025-04-13,2025-04-13_中山09R_印西特別,3倍以上,ワイド,5,10,1000,0
2025-04-13,2025-04-13_中山09R_印西特別,3倍以上,ワイド,6,15,1500,0
2025-04-13,2025-04-13_中山09R_印西特別,3倍以上,馬連,3,3,300,0
2025-04-13,2025-04-13_中山09R_印西特別,3倍以上,馬連,4,6,600,0
2025-04-13,2025-04-13_中山09R_印西特別,3倍以上,馬連,5,10,1000,0
2025-04-13,2025-04-13_中山09R_印西特別,3倍以上,馬連,6,15,1500,0
2025-04-13,2025-04-13_中山10R_鹿野山特別,3倍以上,ワイド,3,3,300,0
2025-04-13,2025-04-13_中山10R_鹿野山特別,3倍以上,ワイド,4,6,600,920
2025-04-13,2025-04-13_中山10R_鹿野山特別,3倍以上,ワイド,5,10,1000,2040
2025-04-13,2025-04-13_中山10R_鹿野山特別,3倍以上,ワイド,6,15,1500,2040
2025-04-13,2025-04-13_中山10R_鹿野山特別,3倍以上,馬連,3,3,300,0
2025-04-13,2025-04-13_中山10R_鹿野山特別,3倍以上,馬連,4,6,600,0
2025-04-13,2025-04-13_中山10R_鹿野山特別,3倍以上,馬連,5,10,1000,1160
2025-04-13,2025-04-13_中山10R_鹿野山特別,3倍以上,馬連,6,15,1500,1160
2025-04-13,2025-04-13_中山11R_春雷S,2倍台,ワイド,3,3,300,0
2025-04-13,2025-04-13_中山11R_春雷S,2倍台,ワイド,4,6,600,0
2025-04-13,2025-04-13_中山11R_春雷S,2倍台,ワイド,5,10,1000,0
2025-04-13,2025-04-13_中山11R_春雷S,2倍台,ワイド,6,15,1500,0
2025-04-13,2025-04-13_中山11R_春雷S,2倍台,馬連,3,3,300,0
2025-04-13,2025-04-13_中山11R_春雷S,2倍台,馬連,4,6,600,0
2025-04-13,2025-04-13_中山11R_春雷S,2倍台,馬連,5,10,1000,0
2025-04-13,2025-04-13_中山11R_春雷S,2倍台,馬連,6,15,1500,0
2025-04-13,2025-04-13_中山12R_4歳以上1勝クラス,2倍台,ワイド,3,3,300,0
2025-04-13,2025-04-13_中山12R_4歳以上1勝クラス,2倍台,ワイド,4,6,600,640
2025-04-13,2025-04-13_中山12R_4歳以上1勝クラス,2倍台,ワイド,5,10,1000,640
2025-04-13,2025-04-13_中山12R_4歳以上1勝クラス,2倍台,ワイド,6,15,1500,640
2025-04-13,2025-04-13_中山12R_4歳以上1勝クラス,2倍台,馬連,3,3,300,0
2025-04-13,2025-04-13_中山12R_4歳以上1勝クラス,2倍台,馬連,4,6,600,1610
2025-04-13,2025-04-13_中山12R_4歳以上1勝クラス,2倍台,馬連,5,10,1000,1610
2025-04-13,2025-04-13_中山12R_4歳以上1勝クラス,2倍台,馬連,6,15,1500,1610
2025-04-13,2025-04-13_福島09R_花見山特別,3倍以上,ワイド,3,3,300,760
2025-04-13,2025-04-13_福島09R_花見山特別,3倍以上,ワイド,4,6,600,1890
2025-04-13,2025-04-13_福島09R_花見山特別,3倍以上,ワイド,5,10,1000,1890
2025-04-13,2025-04-13_福島09R_花見山特別,3倍以上,ワイド,6,15,1500,1890
2025-04-13,2025-04-13_福島09R_花見山特別,3倍以上,馬連,3,3,300,0
2025-04-13,2025-04-13_福島09R_花見山特別,3倍以上,馬連,4,6,600,1230
2025-04-13,2025-04-13_福島09R_花見山特別,3倍以上,馬連,5,10,1000,1230
2025-04-13,2025-04-13_福島09R_花見山特別,3倍以上,馬連,6,15,1500,1230
2025-04-13,2025-04-13_福島10R_やまびこS,1倍台,ワイド,3,3,300,0
2025-04-13,2025-04-13_福島10R_やまびこS,1倍台,ワイド,4,6,600,0
2025-04-13,2025-04-13_福島10R_やまびこS,1倍台,ワイド,5,10,1000,2510
2025-04-13,2025-04-13_福島10R_やまびこS,1倍台,ワイド,6,15,1500,2510
2025-04-13,2025-04-13_福島10R_やまびこS,1倍台,馬連,3,3,300,0
2025-04-13,2025-04-13_福島10R_やまびこS,1倍台,馬連,4,6,600,0
2025-04-13,2025-04-13_福島10R_やまびこS,1倍台,馬連,5,10,1000,0
2025-04-13,2025-04-13_福島10R_やまびこS,1倍台,馬連,6,15,1500,0
2025-04-13,2025-04-13_福島11R_福島民報杯,3倍以上,ワイド,3,3,300,1730
2025-04-13,2025-04-13_福島11R_福島民報杯,3倍以上,ワイド,4,6,600,1730
2025-04-13,2025-04-13_福島11R_福島民報杯,3倍以上,ワイド,5,10,1000,1730
2025-04-13,2025-04-13_福島11R_福島民報杯,3倍以上,ワイド,6,15,1500,1730
2025-04-13,2025-04-13_福島11R_福島民報杯,3倍以上,馬連,3,3,300,4230
2025-04-13,2025-04-13_福島11R_福島民報杯,3倍以上,馬連,4,6,600,4230
2025-04-13,2025-04-13_福島11R_福島民報杯,3倍以上,馬連,5,10,1000,4230
2025-04-13,2025-04-13_福島11R_福島民報杯,3倍以上,馬連,6,15,1500,4230
2025-04-13,2025-04-13_福島12R_4歳以上1勝クラス,3倍以上,ワイド,3,3,300,0
2025-04-13,2025-04-13_福島12R_4歳以上1勝クラス,3倍以上,ワイド,4,6,600,0
2025-04-13,2025-04-13_福島12R_4歳以上1勝クラス,3倍以上,ワイド,5,10,1000,0
2025-04-13,2025-04-13_福島12R_4歳以上1勝クラス,3倍以上,ワイド,6,15,1500,0
2025-04-13,2025-04-13_福島12R_4歳以上1勝クラス,3倍以上,馬連,3,3,300,0
2025-04-13,2025-04-13_福島12R_4歳以上1勝クラス,3倍以上,馬連,4,6,600,0
2025-04-13,2025-04-13_福島12R_4歳以上1勝クラス,3倍以上,馬連,5,10,1000,0
2025-04-13,2025-04-13_福島12R_4歳以上1勝クラス,3倍以上,馬連,6,15,1500,0
2025-04-13,2025-04-13_阪神09R_忘れな草賞,2倍台,ワイド,3,3,300,0
2025-04-13,2025-04-13_阪神09R_忘れな草賞,2倍台,ワイド,4,6,600,0
2025-04-13,2025-04-13_阪神09R_忘れな草賞,2倍台,ワイド,5,10,1000,260
2025-04-13,2025-04-13_阪神09R_忘れな草賞,2倍台,ワイド,6,15,1500,260
2025-04-13,2025-04-13_阪神09R_忘れな草賞,2倍台,馬連,3,3,300,0
2025-04-13,2025-04-13_阪神09R_忘れな草賞,2倍台,馬連,4,6,600,0
2025-04-13,2025-04-13_阪神09R_忘れな草賞,2倍台,馬連,5,10,1000,0
2025-04-13,2025-04-13_阪神09R_忘れな草賞,2倍台,馬連,6,15,1500,0
2025-04-13,2025-04-13_阪神10R_大阪―ハンブルクC,2倍台,ワイド,3,3,300,0
2025-04-13,2025-04-13_阪神10R_大阪―ハンブルクC,2倍台,ワイド,4,6,600,0
2025-04-13,2025-04-13_阪神10R_大阪―ハンブルクC,2倍台,ワイド,5,10,1000,0
2025-04-13,2025-04-13_阪神10R_大阪―ハンブルクC,2倍台,ワイド,6,15,1500,0
2025-04-13,2025-04-13_阪神10R_大阪―ハンブルクC,2倍台,馬連,3,3,300,0
2025-04-13,2025-04-13_阪神10R_大阪―ハンブルクC,2倍台,馬連,4,6,600,0
2025-04-13,2025-04-13_阪神10R_大阪―ハンブルクC,2倍台,馬連,5,10,1000,0
2025-04-13,2025-04-13_阪神10R_大阪―ハンブルクC,2倍台,馬連,6,15,1500,0
2025-04-13,2025-04-13_阪神11R_桜花賞,3倍以上,ワイド,3,3,300,0
2025-04-13,2025-04-13_阪神11R_桜花賞,3倍以上,ワイド,4,6,600,0
2025-04-13,2025-04-13_阪神11R_桜花賞,3倍以上,ワイド,5,10,1000,0
2025-04-13,2025-04-13_阪神11R_桜花賞,3倍以上,ワイド,6,15,1500,0
2025-04-13,2025-04-13_阪神11R_桜花賞,3倍以上,馬連,3,3,300,0
2025-04-13,2025-04-13_阪神11R_桜花賞,3倍以上,馬連,4,6,600,0
2025-04-13,2025-04-13_阪神11R_桜花賞,3倍以上,馬連,5,10,1000,0
2025-04-13,2025-04-13_阪神11R_桜花賞,3倍以上,馬連,6,15,1500,0
2025-04-13,2025-04-13_阪神12R_梅田S,3倍以上,ワイド,3,3,300,0
2025-04-13,2025-04-13_阪神12R_梅田S,3倍以上,ワイド,4,6,600,0
2025-04-13,2025-04-13_阪神12R_梅田S,3倍以上,ワイド,5,10,1000,0
2025-04-13,2025-04-13_阪神12R_梅田S,3倍以上,ワイド,6,15,1500,0
2025-04-13,2025-04-13_阪神12R_梅田S,3倍以上,馬連,3,3,300,0
2025-04-13,2025-04-13_阪神12R_梅田S,3倍以上,馬連,4,6,600,0
2025-04-13,2025-04-13_阪神12R_梅田S,3倍以上,馬連,5,10,1000,0
2025-04-13,2025-04-13_阪神12R_梅田S,3倍以上,馬連,6,15,1500,0
2025-04-19,2025-04-19_中山09R_袖ケ浦特別,1倍台,ワイド,3,3,300,310
2025-04-19,2025-04-19_中山09R_袖ケ浦特別,1倍台,ワイド,4,6,600,310
2025-04-19,2025-04-19_中山09R_袖ケ浦特別,1倍台,ワイド,5,10,1000,310
2025-04-19,2025-04-19_中山09R_袖ケ浦特別,1倍台,ワイド,6,15,1500,310
2025-04-19,2025-04-19_中山09R_袖ケ浦特別,1倍台,馬連,3,3,300,530
2025-04-19,2025-04-19_中山09R_袖ケ浦特別,1倍台,馬連,4,6,600,530
2025-04-19,2025-04-19_中山09R_袖ケ浦特別,1倍台,馬連,5,10,1000,530
2025-04-19,2025-04-19_中山09R_袖ケ浦特別,1倍台,馬連,6,15,1500,530
2025-04-19,2025-04-19_中山10R_下総S,2倍台,ワイド,3,3,300,0
2025-04-19,2025-04-19_中山10R_下総S,2倍台,ワイド,4,6,600,0
2025-04-19,2025-04-19_中山10R_下総S,2倍台,ワイド,5,10,1000,0
2025-04-19,2025-04-19_中山10R_下総S,2倍台,ワイド,6,15,1500,0
2025-04-19,2025-04-19_中山10R_下総S,2倍台,馬連,3,3,300,0
2025-04-19,2025-04-19_中山10R_下総S,2倍台,馬連,4,6,600,0
2025-04-19,2025-04-19_中山10R_下総S,2倍台,馬連,5,10,1000,0
2025-04-19,2025-04-19_中山10R_下総S,2倍台,馬連,6,15,1500,0
2025-04-19,2025-04-19_中山11R_中山グランドジャンプ,3倍以上,ワイド,3,3,300,0
2025-04-19,2025-04-19_中山11R_中山グランドジャンプ,3倍以上,ワイド,4,6,600,0
2025-04-19,2025-04-19_中山11R_中山グランドジャンプ,3倍以上,ワイド,5,10,1000,0
2025-04-19,2025-04-19_中山11R_中山グランドジャンプ,3倍以上,ワイド,6,15,1500,0
2025-04-19,2025-04-19_中山11R_中山グランドジャンプ,3倍以上,馬連,3,3,300,0
2025-04-19,2025-04-19_中山11R_中山グランドジャンプ,3倍以上,馬連,4,6,600,0
2025-04-19,2025-04-19_中山11R_中山グランドジャンプ,3倍以上,馬連,5,10,1000,0
2025-04-19,2025-04-19_中山11R_中山グランドジャンプ,3倍以上,馬連,6,15,1500,0
2025-04-19,2025-04-19_中山12R_葛飾特別,1倍台,ワイド,3,3,300,0
2025-04-19,2025-04-19_中山12R_葛飾特別,1倍台,ワイド,4,6,600,0
2025-04-19,2025-04-19_中山12R_葛飾特別,1倍台,ワイド,5,10,1000,0
2025-04-19,2025-04-19_中山12R_葛飾特別,1倍台,ワイド,6,15,1500,0
2025-04-19,2025-04-19_中山12R_葛飾特別,1倍台,馬連,3,3,300,0
2025-04-19,2025-04-19_中山12R_葛飾特別,1倍台,馬連,4,6,600,0
2025-04-19,2025-04-19_中山12R_葛飾特別,1倍台,馬連,5,10,1000,0
2025-04-19,2025-04-19_中山12R_葛飾特別,1倍台,馬連,6,15,1500,0
2025-04-19,2025-04-19_福島09R_ひめさゆり賞,1倍台,ワイド,3,3,300,0
2025-04-19,2025-04-19_福島09R_ひめさゆり賞,1倍台,ワイド,4,6,600,340
2025-04-19,2025-04-19_福島09R_ひめさゆり賞,1倍台,ワイド,5,10,1000,340
2025-04-19,2025-04-19_福島09R_ひめさゆり賞,1倍台,ワイド,6,15,1500,340
2025-04-19,2025-04-19_福島09R_ひめさゆり賞,1倍台,馬連,3,3,300,0
2025-04-19,2025-04-19_福島09R_ひめさゆり賞,1倍台,馬連,4,6,600,690
2025-04-19,2025-04-19_福島09R_ひめさゆり賞,1倍台,馬連,5,10,1000,690
2025-04-19,2025-04-19_福島09R_ひめさゆり賞,1倍台,馬連,6,15,1500,690
2025-04-19,2025-04-19_福島10R_桑折特別,3倍以上,ワイド,3,3,300,0
2025-04-19,2025-04-19_福島10R_桑折特別,3倍以上,ワイド,4,6,600,950
2025-04-19,2025-04-19_福島10R_桑折特別,3倍以上,ワイド,5,10,1000,950
2025-04-19,2025-04-19_福島10R_桑折特別,3倍以上,ワイド,6,15,1500,4030
2025-04-19,2025-04-19_福島10R_桑折特別,3倍以上,馬連,3,3,300,0
2025-04-19,2025-04-19_福島10R_桑折特別,3倍以上,馬連,4,6,600,0
2025-04-19,2025-04-19_福島10R_桑折特別,3倍以上,馬連,5,10,1000,0
2025-04-19,2025-04-19_福島10R_桑折特別,3倍以上,馬連,6,15,1500,3920
2025-04-19,2025-04-19_福島11R_ラジオ福島賞,3倍以上,ワイド,3,3,300,0
2025-04-19,2025-04-19_福島11R_ラジオ福島賞,3倍以上,ワイド,4,6,600,0
2025-04-19,2025-04-19_福島11R_ラジオ福島賞,3倍以上,ワイド,5,10,1000,0
2025-04-19,2025-04-19_福島11R_ラジオ福島賞,3倍以上,ワイド,6,15,1500,0
2025-04-19,2025-04-19_福島11R_ラジオ福島賞,3倍以上,馬連,3,3,300,0
2025-04-19,2025-04-19_福島11R_ラジオ福島賞,3倍以上,馬連,4,6,600,0
2025-04-19,2025-04-19_福島11R_ラジオ福島賞,3倍以上,馬連,5,10,1000,0
2025-04-19,2025-04-19_福島11R_ラジオ福島賞,3倍以上,馬連,6,15,1500,0
2025-04-19,2025-04-19_福島12R_4歳以上1勝クラス,3倍以上,ワイド,3,3,300,0
2025-04-19,2025-04-19_福島12R_4歳以上1勝クラス,3倍以上,ワイド,4,6,600,1220
2025-04-19,2025-04-19_福島12R_4歳以上1勝クラス,3倍以上,ワイド,5,10,1000,1220
2025-04-19,2025-04-19_福島12R_4歳以上1勝クラス,3倍以上,ワイド,6,15,1500,1220
2025-04-19,2025-04-19_福島12R_4歳以上1勝クラス,3倍以上,馬連,3,3,300,0
2025-04-19,2025-04-19_福島12R_4歳以上1勝クラス,3倍以上,馬連,4,6,600,3240
2025-04-19,2025-04-19_福島12R_4歳以上1勝クラス,3倍以上,馬連,5,10,1000,3240
2025-04-19,2025-04-19_福島12R_4歳以上1勝クラス,3倍以上,馬連,6,15,1500,3240
2025-04-19,2025-04-19_阪神09R_吹田特別,2倍台,ワイド,3,3,300,250
2025-04-19,2025-04-19_阪神09R_吹田特別,2倍台,ワイド,4,6,600,250
2025-04-19,2025-04-19_阪神09R_吹田特別,2倍台,ワイド,5,10,1000,250
2025-04-19,2025-04-19_阪神09R_吹田特別,2倍台,ワイド,6,15,1500,250
2025-04-19,2025-04-19_阪神09R_吹田特別,2倍台,馬連,3,3,300,0
2025-04-19,2025-04-19_阪神09R_吹田特別,2倍台,馬連,4,6,600,0
2025-04-19,2025-04-19_阪神09R_吹田特別,2倍台,馬連,5,10,1000,0
2025-04-19,2025-04-19_阪神09R_吹田特別,2倍台,馬連,6,15,1500,0
2025-04-19,2025-04-19_阪神10R_丹波特別,2倍台,ワイド,3,3,300,680
2025-04-19,2025-04-19_阪神10R_丹波特別,2倍台,ワイド,4,6,600,680
2025-04-19,2025-04-19_阪神10R_丹波特別,2倍台,ワイド,5,10,1000,4030
2025-04-19,2025-04-19_阪神10R_丹波特別,2倍台,ワイド,6,15,1500,4030
2025-04-19,2025-04-19_阪神10R_丹波特別,2倍台,馬連,3,3,300,1620
2025-04-19,2025-04-19_阪神10R_丹波特別,2倍台,馬連,4,6,600,1620
2025-04-19,2025-04-19_阪神10R_丹波特別,2倍台,馬連,5,10,1000,1620
2025-04-19,2025-04-19_阪神10R_丹波特別,2倍台,馬連,6,15,1500,1620
2025-04-19,2025-04-19_阪神11R_アンタレスS,1倍台,ワイド,3,3,300,1050
2025-04-19,2025-04-19_阪神11R_アンタレスS,1倍台,ワイド,4,6,600,1050
2025-04-19,2025-04-19_阪神11R_アンタレスS,1倍台,ワイド,5,10,1000,1050
2025-04-19,2025-04-19_阪神11R_アンタレスS,1倍台,ワイド,6,15,1500,1050
2025-04-19,2025-04-19_阪神11R_アンタレスS,1倍台,馬連,3,3,300,2160
2025-04-19,2025-04-19_阪神11R_アンタレスS,1倍台,馬連,4,6,600,2160
2025-04-19,2025-04-19_阪神11R_アンタレスS,1倍台,馬連,5,10,1000,2160
2025-04-19,2025-04-19_阪神11R_アンタレスS,1倍台,馬連,6,15,1500,2160
2025-04-19,2025-04-19_阪神12R_4歳以上1勝クラス,1倍台,ワイド,3,3,300,0
2025-04-19,2025-04-19_阪神12R_4歳以上1勝クラス,1倍台,ワイド,4,6,600,230
2025-04-19,2025-04-19_阪神12R_4歳以上1勝クラス,1倍台,ワイド,5,10,1000,230
2025-04-19,2025-04-19_阪神12R_4歳以上1勝クラス,1倍台,ワイド,6,15,1500,230
2025-04-19,2025-04-19_阪神12R_4歳以上1勝クラス,1倍台,馬連,3,3,300,0
2025-04-19,2025-04-19_阪神12R_4歳以上1勝クラス,1倍台,馬連,4,6,600,0
2025-04-19,2025-04-19_阪神12R_4歳以上1勝クラス,1倍台,馬連,5,10,1000,0
2025-04-19,2025-04-19_阪神12R_4歳以上1勝クラス,1倍台,馬連,6,15,1500,0
2025-04-20,2025-04-20_中山09R_野島崎特別,3倍以上,ワイド,3,3,300,0
2025-04-20,2025-04-20_中山09R_野島崎特別,3倍以上,ワイド,4,6,600,620
2025-04-20,2025-04-20_中山09R_野島崎特別,3倍以上,ワイド,5,10,1000,1520
2025-04-20,2025-04-20_中山09R_野島崎特別,3倍以上,ワイド,6,15,1500,1520
2025-04-20,2025-04-20_中山09R_野島崎特別,3倍以上,馬連,3,3,300,0
2025-04-20,2025-04-20_中山09R_野島崎特別,3倍以上,馬連,4,6,600,0
2025-04-20,2025-04-20_中山09R_野島崎特別,3倍以上,馬連,5,10,1000,410
2025-04-20,2025-04-20_中山09R_野島崎特別,3倍以上,馬連,6,15,1500,410
2025-04-20,2025-04-20_中山10R_京葉S,2倍台,ワイド,3,3,300,0
2025-04-20,2025-04-20_中山10R_京葉S,2倍台,ワイド,4,6,600,4810
2025-04-20,2025-04-20_中山10R_京葉S,2倍台,ワイド,5,10,1000,4810
2025-04-20,2025-04-20_中山10R_京葉S,2倍台,ワイド,6,15,1500,4810
2025-04-20,2025-04-20_中山10R_京葉S,2倍台,馬連,3,3,300,0
2025-04-20,2025-04-20_中山10R_京葉S,2倍台,馬連,4,6,600,0
2025-04-20,2025-04-20_中山10R_京葉S,2倍台,馬連,5,10,1000,0
2025-04-20,2025-04-20_中山10R_京葉S,2倍台,馬連,6,15,1500,0
2025-04-20,2025-04-20_中山11R_皐月賞,1倍台,ワイド,3,3,300,0
2025-04-20,2025-04-20_中山11R_皐月賞,1倍台,ワイド,4,6,600,0
2025-04-20,2025-04-20_中山11R_皐月賞,1倍台,ワイド,5,10,1000,490
2025-04-20,2025-04-20_中山11R_皐月賞,1倍台,ワイド,6,15,1500,490
2025-04-20,2025-04-20_中山11R_皐月賞,1倍台,馬連,3,3,300,0
2025-04-20,2025-04-20_中山11R_皐月賞,1倍台,馬連,4,6,600,0
2025-04-20,2025-04-20_中山11R_皐月賞,1倍台,馬連,5,10,1000,0
2025-04-20,2025-04-20_中山11R_皐月賞,1倍台,馬連,6,15,1500,0
2025-04-20,2025-04-20_中山12R_サンシャインS,2倍台,ワイド,3,3,300,270
2025-04-20,2025-04-20_中山12R_サンシャインS,2倍台,ワイド,4,6,600,270
2025-04-20,2025-04-20_中山12R_サンシャインS,2倍台,ワイド,5,10,1000,270
2025-04-20,2025-04-20_中山12R_サンシャインS,2倍台,ワイド,6,15,1500,270
2025-04-20,2025-04-20_中山12R_サンシャインS,2倍台,馬連,3,3,300,0
2025-04-20,2025-04-20_中山12R_サンシャインS,2倍台,馬連,4,6,600,0
2025-04-20,2025-04-20_中山12R_サンシャインS,2倍台,馬連,5,10,1000,0
2025-04-20,2025-04-20_中山12R_サンシャインS,2倍台,馬連,6,15,1500,0
2025-04-20,2025-04-20_福島09R_医王寺特別,2倍台,ワイド,3,3,300,0
2025-04-20,2025-04-20_福島09R_医王寺特別,2倍台,ワイド,4,6,600,0
2025-04-20,2025-04-20_福島09R_医王寺特別,2倍台,ワイド,5,10,1000,240
2025-04-20,2025-04-20_福島09R_医王寺特別,2倍台,ワイド,6,15,1500,240
2025-04-20,2025-04-20_福島09R_医王寺特別,2倍台,馬連,3,3,300,0
2025-04-20,2025-04-20_福島09R_医王寺特別,2倍台,馬連,4,6,600,0
2025-04-20,2025-04-20_福島09R_医王寺特別,2倍台,馬連,5,10,1000,500
2025-04-20,2025-04-20_福島09R_医王寺特別,2倍台,馬連,6,15,1500,500
2025-04-20,2025-04-20_福島10R_奥の細道特別,3倍以上,ワイド,3,3,300,0
2025-04-20,2025-04-20_福島10R_奥の細道特別,3倍以上,ワイド,4,6,600,0
2025-04-20,2025-04-20_福島10R_奥の細道特別,3倍以上,ワイド,5,10,1000,650
2025-04-20,2025-04-20_福島10R_奥の細道特別,3倍以上,ワイド,6,15,1500,650
2025-04-20,2025-04-20_福島10R_奥の細道特別,3倍以上,馬連,3,3,300,0
2025-04-20,2025-04-20_福島10R_奥の細道特別,3倍以上,馬連,4,6,600,0
2025-04-20,2025-04-20_福島10R_奥の細道特別,3倍以上,馬連,5,10,1000,0
2025-04-20,2025-04-20_福島10R_奥の細道特別,3倍以上,馬連,6,15,1500,0
2025-04-20,2025-04-20_福島11R_福島牝馬S,3倍以上,ワイド,3,3,300,770
2025-04-20,2025-04-20_福島11R_福島牝馬S,3倍以上,ワイド,4,6,600,770
2025-04-20,2025-04-20_福島11R_福島牝馬S,3倍以上,ワイド,5,10,1000,3260
2025-04-20,2025-04-20_福島11R_福島牝馬S,3倍以上,ワイド,6,15,1500,3260
2025-04-20,2025-04-20_福島11R_福島牝馬S,3倍以上,馬連,3,3,300,1710
2025-04-20,2025-04-20_福島11R_福島牝馬S,3倍以上,馬連,4,6,600,1710
2025-04-20,2025-04-20_福島11R_福島牝馬S,3倍以上,馬連,5,10,1000,1710
2025-04-20,2025-04-20_福島11R_福島牝馬S,3倍以上,馬連,6,15,1500,1710
2025-04-20,2025-04-20_福島12R_4歳以上1勝クラス,2倍台,ワイド,3,3,300,260
2025-04-20,2025-04-20_福島12R_4歳以上1勝クラス,2倍台,ワイド,4,6,600,260
2025-04-20,2025-04-20_福島12R_4歳以上1勝クラス,2倍台,ワイド,5,10,1000,260
2025-04-20,2025-04-20_福島12R_4歳以上1勝クラス,2倍台,ワイド,6,15,1500,260
2025-04-20,2025-04-20_福島12R_4歳以上1勝クラス,2倍台,馬連,3,3,300,0
2025-04-20,2025-04-20_福島12R_4歳以上1勝クラス,2倍台,馬連,4,6,600,0
2025-04-20,2025-04-20_福島12R_4歳以上1勝クラス,2倍台,馬連,5,10,1000,0
2025-04-20,2025-04-20_福島12R_4歳以上1勝クラス,2倍台,馬連,6,15,1500,0
2025-04-20,2025-04-20_阪神09R_蓬莱峡特別,2倍台,ワイド,3,3,300,0
2025-04-20,2025-04-20_阪神09R_蓬莱峡特別,2倍台,ワイド,4,6,600,0
2025-04-20,2025-04-20_阪神09R_蓬莱峡特別,2倍台,ワイド,5,10,1000,0
2025-04-20,2025-04-20_阪神09R_蓬莱峡特別,2倍台,ワイド,6,15,1500,340
2025-04-20,2025-04-20_阪神09R_蓬莱峡特別,2倍台,馬連,3,3,300,0
2025-04-20,2025-04-20_阪神09R_蓬莱峡特別,2倍台,馬連,4,6,600,0
2025-04-20,2025-04-20_阪神09R_蓬莱峡特別,2倍台,馬連,5,10,1000,0
2025-04-20,2025-04-20_阪神09R_蓬莱峡特別,2倍台,馬連,6,15,1500,0
2025-04-20,2025-04-20_阪神10R_天満橋S,3倍以上,ワイド,3,3,300,0
2025-04-20,2025-04-20_阪神10R_天満橋S,3倍以上,ワイド,4,6,600,0
2025-04-20,2025-04-20_阪神10R_天満橋S,3倍以上,ワイド,5,10,1000,0
2025-04-20,2025-04-20_阪神10R_天満橋S,3倍以上,ワイド,6,15,1500,0
2025-04-20,2025-04-20_阪神10R_天満橋S,3倍以上,馬連,3,3,300,0
2025-04-20,2025-04-20_阪神10R_天満橋S,3倍以上,馬連,4,6,600,0
2025-04-20,2025-04-20_阪神10R_天満橋S,3倍以上,馬連,5,10,1000,0
2025-04-20,2025-04-20_阪神10R_天満橋S,3倍以上,馬連,6,15,1500,0
2025-04-20,2025-04-20_阪神11R_心斎橋S,2倍台,ワイド,3,3,300,390
2025-04-20,2025-04-20_阪神11R_心斎橋S,2倍台,ワイド,4,6,600,3370
2025-04-20,2025-04-20_阪神11R_心斎橋S,2倍台,ワイド,5,10,1000,3370
2025-04-20,2025-04-20_阪神11R_心斎橋S,2倍台,ワイド,6,15,1500,3370
2025-04-20,2025-04-20_阪神11R_心斎橋S,2倍台,馬連,3,3,300,820
2025-04-20,2025-04-20_阪神11R_心斎橋S,2倍台,馬連,4,6,600,820
2025-04-20,2025-04-20_阪神11R_心斎橋S,2倍台,馬連,5,10,1000,820
2025-04-20,2025-04-20_阪神11R_心斎橋S,2倍台,馬連,6,15,1500,820
2025-04-20,2025-04-20_阪神12R_4歳以上2勝クラス,2倍台,ワイド,3,3,300,10550
2025-04-20,2025-04-20_阪神12R_4歳以上2勝クラス,2倍台,ワイド,4,6,600,10550
2025-04-20,2025-04-20_阪神12R_4歳以上2勝クラス,2倍台,ワイド,5,10,1000,21960
2025-04-20,2025-04-20_阪神12R_4歳以上2勝クラス,2倍台,ワイド,6,15,1500,21960
2025-04-20,2025-04-20_阪神12R_4歳以上2勝クラス,2倍台,馬連,3,3,300,0
2025-04-20,2025-04-20_阪神12R_4歳以上2勝クラス,2倍台,馬連,4,6,600,0
2025-04-20,2025-04-20_阪神12R_4歳以上2勝クラス,2倍台,馬連,5,10,1000,15330
2025-04-20,2025-04-20_阪神12R_4歳以上2勝クラス,2倍台,馬連,6,15,1500,15330
2025-04-26,2025-04-26_京都09R_4歳以上1勝クラス,3倍以上,ワイド,3,3,300,0
2025-04-26,2025-04-26_京都09R_4歳以上1勝クラス,3倍以上,ワイド,4,6,600,350
2025-04-26,2025-04-26_京都09R_4歳以上1勝クラス,3倍以上,ワイド,5,10,1000,350
2025-04-26,2025-04-26_京都09R_4歳以上1勝クラス,3倍以上,ワイド,6,15,1500,1980
2025-04-26,2025-04-26_京都09R_4歳以上1勝クラス,3倍以上,馬連,3,3,300,0
2025-04-26,2025-04-26_京都09R_4歳以上1勝クラス,3倍以上,馬連,4,6,600,970
2025-04-26,2025-04-26_京都09R_4歳以上1勝クラス,3倍以上,馬連,5,10,1000,970
2025-04-26,2025-04-26_京都09R_4歳以上1勝クラス,3倍以上,馬連,6,15,1500,970
2025-04-26,2025-04-26_京都10R_観月橋S,1倍台,ワイド,3,3,300,1160
2025-04-26,2025-04-26_京都10R_観月橋S,1倍台,ワイド,4,6,600,1160
2025-04-26,2025-04-26_京都10R_観月橋S,1倍台,ワイド,5,10,1000,1160
2025-04-26,2025-04-26_京都10R_観月橋S,1倍台,ワイド,6,15,1500,1160
2025-04-26,2025-04-26_京都10R_観月橋S,1倍台,馬連,3,3,300,360
2025-04-26,2025-04-26_京都10R_観月橋S,1倍台,馬連,4,6,600,360
2025-04-26,2025-04-26_京都10R_観月橋S,1倍台,馬連,5,10,1000,360
2025-04-26,2025-04-26_京都10R_観月橋S,1倍台,馬連,6,15,1500,360
2025-04-26,2025-04-26_京都11R_天王山S,2倍台,ワイド,3,3,300,0
2025-04-26,2025-04-26_京都11R_天王山S,2倍台,ワイド,4,6,600,0
2025-04-26,2025-04-26_京都11R_天王山S,2倍台,ワイド,5,10,1000,0
2025-04-26,2025-04-26_京都11R_天王山S,2倍台,ワイド,6,15,1500,0
2025-04-26,2025-04-26_京都11R_天王山S,2倍台,馬連,3,3,300,0
2025-04-26,2025-04-26_京都11R_天王山S,2倍台,馬連,4,6,600,0
2025-04-26,2025-04-26_京都11R_天王山S,2倍台,馬連,5,10,1000,0
2025-04-26,2025-04-26_京都11R_天王山S,2倍台,馬連,6,15,1500,0
2025-04-26,2025-04-26_京都12R_4歳以上2勝クラス,2倍台,ワイド,3,3,300,180
2025-04-26,2025-04-26_京都12R_4歳以上2勝クラス,2倍台,ワイド,4,6,600,180
2025-04-26,2025-04-26_京都12R_4歳以上2勝クラス,2倍台,ワイド,5,10,1000,1310
2025-04-26,2025-04-26_京都12R_4歳以上2勝クラス,2倍台,ワイド,6,15,1500,1310
2025-04-26,2025-04-26_京都12R_4歳以上2勝クラス,2倍台,馬連,3,3,300,0
2025-04-26,2025-04-26_京都12R_4歳以上2勝クラス,2倍台,馬連,4,6,600,0
2025-04-26,2025-04-26_京都12R_4歳以上2勝クラス,2倍台,馬連,5,10,1000,2190
2025-04-26,2025-04-26_京都12R_4歳以上2勝クラス,2倍台,馬連,6,15,1500,2190
2025-04-26,2025-04-26_東京09R_石和特別,2倍台,ワイド,3,3,300,0
2025-04-26,2025-04-26_東京09R_石和特別,2倍台,ワイド,4,6,600,140
2025-04-26,2025-04-26_東京09R_石和特別,2倍台,ワイド,5,10,1000,670
2025-04-26,2025-04-26_東京09R_石和特別,2倍台,ワイド,6,15,1500,670
2025-04-26,2025-04-26_東京09R_石和特別,2倍台,馬連,3,3,300,0
2025-04-26,2025-04-26_東京09R_石和特別,2倍台,馬連,4,6,600,260
2025-04-26,2025-04-26_東京09R_石和特別,2倍台,馬連,5,10,1000,260
2025-04-26,2025-04-26_東京09R_石和特別,2倍台,馬連,6,15,1500,260
2025-04-26,2025-04-26_東京10R_鎌倉S,2倍台,ワイド,3,3,300,0
2025-04-26,2025-04-26_東京10R_鎌倉S,2倍台,ワイド,4,6,600,0
2025-04-26,2025-04-26_東京10R_鎌倉S,2倍台,ワイド,5,10,1000,0
2025-04-26,2025-04-26_東京10R_鎌倉S,2倍台,ワイド,6,15,1500,0
2025-04-26,2025-04-26_東京10R_鎌倉S,2倍台,馬連,3,3,300,0
2025-04-26,2025-04-26_東京10R_鎌倉S,2倍台,馬連,4,6,600,0
2025-04-26,2025-04-26_東京10R_鎌倉S,2倍台,馬連,5,10,1000,0
2025-04-26,2025-04-26_東京10R_鎌倉S,2倍台,馬連,6,15,1500,0
2025-04-26,2025-04-26_東京11R_青葉賞,2倍台,ワイド,3,3,300,200
2025-04-26,2025-04-26_東京11R_青葉賞,2倍台,ワイド,4,6,600,200
2025-04-26,2025-04-26_東京11R_青葉賞,2倍台,ワイド,5,10,1000,200
2025-04-26,2025-04-26_東京11R_青葉賞,2倍台,ワイド,6,15,1500,1000
2025-04-26,2025-04-26_東京11R_青葉賞,2倍台,馬連,3,3,300,400
2025-04-26,2025-04-26_東京11R_青葉賞,2倍台,馬連,4,6,600,400
2025-04-26,2025-04-26_東京11R_青葉賞,2倍台,馬連,5,10,1000,400
2025-04-26,2025-04-26_東京11R_青葉賞,2倍台,馬連,6,15,1500,400
2025-04-26,2025-04-26_東京12R_4歳以上2勝クラス,1倍台,ワイド,3,3,300,320
2025-04-26,2025-04-26_東京12R_4歳以上2勝クラス,1倍台,ワイド,4,6,600,1410
2025-04-26,2025-04-26_東京12R_4歳以上2勝クラス,1倍台,ワイド,5,10,1000,1410
2025-04-26,2025-04-26_東京12R_4歳以上2勝クラス,1倍台,ワイド,6,15,1500,1410
2025-04-26,2025-04-26_東京12R_4歳以上2勝クラス,1倍台,馬連,3,3,300,0
2025-04-26,2025-04-26_東京12R_4歳以上2勝クラス,1倍台,馬連,4,6,600,680
2025-04-26,2025-04-26_東京12R_4歳以上2勝クラス,1倍台,馬連,5,10,1000,680
2025-04-26,2025-04-26_東京12R_4歳以上2勝クラス,1倍台,馬連,6,15,1500,680
2025-04-26,2025-04-26_福島09R_雪うさぎ賞,2倍台,ワイド,3,3,300,320
2025-04-26,2025-04-26_福島09R_雪うさぎ賞,2倍台,ワイド,4,6,600,320
2025-04-26,2025-04-26_福島09R_雪うさぎ賞,2倍台,ワイド,5,10,1000,320
2025-04-26,2025-04-26_福島09R_雪うさぎ賞,2倍台,ワイド,6,15,1500,320
2025-04-26,2025-04-26_福島09R_雪うさぎ賞,2倍台,馬連,3,3,300,0
2025-04-26,2025-04-26_福島09R_雪うさぎ賞,2倍台,馬連,4,6,600,0
2025-04-26,2025-04-26_福島09R_雪うさぎ賞,2倍台,馬連,5,10,1000,0
2025-04-26,2025-04-26_福島09R_雪うさぎ賞,2倍台,馬連,6,15,1500,0
2025-04-26,2025-04-26_福島10R_飯盛山特別,3倍以上,ワイド,3,3,300,0
2025-04-26,2025-04-26_福島10R_飯盛山特別,3倍以上,ワイド,4,6,600,0
2025-04-26,2025-04-26_福島10R_飯盛山特別,3倍以上,ワイド,5,10,1000,0
2025-04-26,2025-04-26_福島10R_飯盛山特別,3倍以上,ワイド,6,15,1500,0
2025-04-26,2025-04-26_福島10R_飯盛山特別,3倍以上,馬連,3,3,300,0
2025-04-26,2025-04-26_福島10R_飯盛山特別,3倍以上,馬連,4,6,600,0
2025-04-26,2025-04-26_福島10R_飯盛山特別,3倍以上,馬連,5,10,1000,0
2025-04-26,2025-04-26_福島10R_飯盛山特別,3倍以上,馬連,6,15,1500,0
2025-04-26,2025-04-26_福島11R_福島中央テレビ杯,3倍以上,ワイド,3,3,300,0
2025-04-26,2025-04-26_福島11R_福島中央テレビ杯,3倍以上,ワイド,4,6,600,0
2025-04-26,2025-04-26_福島11R_福島中央テレビ杯,3倍以上,ワイド,5,10,1000,2130
2025-04-26,2025-04-26_福島11R_福島中央テレビ杯,3倍以上,ワイド,6,15,1500,2130
2025-04-26,2025-04-26_福島11R_福島中央テレビ杯,3倍以上,馬連,3,3,300,0
2025-04-26,2025-04-26_福島11R_福島中央テレビ杯,3倍以上,馬連,4,6,600,0
2025-04-26,2025-04-26_福島11R_福島中央テレビ杯,3倍以上,馬連,5,10,1000,7290
2025-04-26,2025-04-26_福島11R_福島中央テレビ杯,3倍以上,馬連,6,15,1500,7290
2025-04-26,2025-04-26_福島12R_4歳以上1勝クラス,2倍台,ワイド,3,3,300,0
2025-04-26,2025-04-26_福島12R_4歳以上1勝クラス,2倍台,ワイド,4,6,600,650
2025-04-26,2025-04-26_福島12R_4歳以上1勝クラス,2倍台,ワイド,5,10,1000,650
2025-04-26,2025-04-26_福島12R_4歳以上1勝クラス,2倍台,ワイド,6,15,1500,650
2025-04-26,2025-04-26_福島12R_4歳以上1勝クラス,2倍台,馬連,3,3,300,0
2025-04-26,2025-04-26_福島12R_4歳以上1勝クラス,2倍台,馬連,4,6,600,1910
2025-04-26,2025-04-26_福島12R_4歳以上1勝クラス,2倍台,馬連,5,10,1000,1910
2025-04-26,2025-04-26_福島12R_4歳以上1勝クラス,2倍台,馬連,6,15,1500,1910
2025-04-27,2025-04-27_京都09R_比良山特別,2倍台,ワイド,3,3,300,370
2025-04-27,2025-04-27_京都09R_比良山特別,2倍台,ワイド,4,6,600,370
2025-04-27,2025-04-27_京都09R_比良山特別,2倍台,ワイド,5,10,1000,370
2025-04-27,2025-04-27_京都09R_比良山特別,2倍台,ワイド,6,15,1500,370
2025-04-27,2025-04-27_京都09R_比良山特別,2倍台,馬連,3,3,300,900
2025-04-27,2025-04-27_京都09R_比良山特別,2倍台,馬連,4,6,600,900
2025-04-27,2025-04-27_京都09R_比良山特別,2倍台,馬連,5,10,1000,900
2025-04-27,2025-04-27_京都09R_比良山特別,2倍台,馬連,6,15,1500,900
2025-04-27,2025-04-27_京都10R_センテニアル・パークS,2倍台,ワイド,3,3,300,0
2025-04-27,2025-04-27_京都10R_センテニアル・パークS,2倍台,ワイド,4,6,600,0
2025-04-27,2025-04-27_京都10R_センテニアル・パークS,2倍台,ワイド,5,10,1000,0
2025-04-27,2025-04-27_京都10R_センテニアル・パークS,2倍台,ワイド,6,15,1500,0
2025-04-27,2025-04-27_京都10R_センテニアル・パークS,2倍台,馬連,3,3,300,0
2025-04-27,2025-04-27_京都10R_センテニアル・パークS,2倍台,馬連,4,6,600,0
2025-04-27,2025-04-27_京都10R_センテニアル・パークS,2倍台,馬連,5,10,1000,0
2025-04-27,2025-04-27_京都10R_センテニアル・パークS,2倍台,馬連,6,15,1500,0
2025-04-27,2025-04-27_京都11R_マイラーズC,2倍台,ワイド,3,3,300,530
2025-04-27,2025-04-27_京都11R_マイラーズC,2倍台,ワイド,4,6,600,530
2025-04-27,2025-04-27_京都11R_マイラーズC,2倍台,ワイド,5,10,1000,530
2025-04-27,2025-04-27_京都11R_マイラーズC,2倍台,ワイド,6,15,1500,1120
2025-04-27,2025-04-27_京都11R_マイラーズC,2倍台,馬連,3,3,300,0
2025-04-27,2025-04-27_京都11R_マイラーズC,2倍台,馬連,4,6,600,0
2025-04-27,2025-04-27_京都11R_マイラーズC,2倍台,馬連,5,10,1000,0
2025-04-27,2025-04-27_京都11R_マイラーズC,2倍台,馬連,6,15,1500,970
2025-04-27,2025-04-27_京都12R_4歳以上2勝クラス,2倍台,ワイド,3,3,300,0
2025-04-27,2025-04-27_京都12R_4歳以上2勝クラス,2倍台,ワイド,4,6,600,0
2025-04-27,2025-04-27_京都12R_4歳以上2勝クラス,2倍台,ワイド,5,10,1000,1320
2025-04-27,2025-04-27_京都12R_4歳以上2勝クラス,2倍台,ワイド,6,15,1500,1320
2025-04-27,2025-04-27_京都12R_4歳以上2勝クラス,2倍台,馬連,3,3,300,0
2025-04-27,2025-04-27_京都12R_4歳以上2勝クラス,2倍台,馬連,4,6,600,0
2025-04-27,2025-04-27_京都12R_4歳以上2勝クラス,2倍台,馬連,5,10,1000,0
2025-04-27,2025-04-27_京都12R_4歳以上2勝クラス,2倍台,馬連,6,15,1500,0
2025-04-27,2025-04-27_東京09R_湘南S,2倍台,ワイド,3,3,300,0
2025-04-27,2025-04-27_東京09R_湘南S,2倍台,ワイド,4,6,600,0
2025-04-27,2025-04-27_東京09R_湘南S,2倍台,ワイド,5,10,1000,0
2025-04-27,2025-04-27_東京09R_湘南S,2倍台,ワイド,6,15,1500,0
2025-04-27,2025-04-27_東京09R_湘南S,2倍台,馬連,3,3,300,0
2025-04-27,2025-04-27_東京09R_湘南S,2倍台,馬連,4,6,600,0
2025-04-27,2025-04-27_東京09R_湘南S,2倍台,馬連,5,10,1000,0
2025-04-27,2025-04-27_東京09R_湘南S,2倍台,馬連,6,15,1500,0
2025-04-27,2025-04-27_東京10R_オアシスS,3倍以上,ワイド,3,3,300,1440
2025-04-27,2025-04-27_東京10R_オアシスS,3倍以上,ワイド,4,6,600,1440
2025-04-27,2025-04-27_東京10R_オアシスS,3倍以上,ワイド,5,10,1000,2960
2025-04-27,2025-04-27_東京10R_オアシスS,3倍以上,ワイド,6,15,1500,2960
2025-04-27,2025-04-27_東京10R_オアシスS,3倍以上,馬連,3,3,300,5580
2025-04-27,2025-04-27_東京10R_オアシスS,3倍以上,馬連,4,6,600,5580
2025-04-27,2025-04-27_東京10R_オアシスS,3倍以上,馬連,5,10,1000,5580
2025-04-27,2025-04-27_東京10R_オアシスS,3倍以上,馬連,6,15,1500,5580
2025-04-27,2025-04-27_東京11R_フローラS,3倍以上,ワイド,3,3,300,0
2025-04-27,2025-04-27_東京11R_フローラS,3倍以上,ワイド,4,6,600,14760
2025-04-27,2025-04-27_東京11R_フローラS,3倍以上,ワイド,5,10,1000,14760
2025-04-27,2025-04-27_東京11R_フローラS,3倍以上,ワイド,6,15,1500,14760
2025-04-27,2025-04-27_東京11R_フローラS,3倍以上,馬連,3,3,300,0
2025-04-27,2025-04-27_東京11R_フローラS,3倍以上,馬連,4,6,600,0
2025-04-27,2025-04-27_東京11R_フローラS,3倍以上,馬連,5,10,1000,0
2025-04-27,2025-04-27_東京11R_フローラS,3倍以上,馬連,6,15,1500,0
2025-04-27,2025-04-27_東京12R_4歳以上2勝クラス,3倍以上,ワイド,3,3,300,490
2025-04-27,2025-04-27_東京12R_4歳以上2勝クラス,3倍以上,ワイド,4,6,600,490
2025-04-27,2025-04-27_東京12R_4歳以上2勝クラス,3倍以上,ワイド,5,10,1000,490
2025-04-27,2025-04-27_東京12R_4歳以上2勝クラス,3倍以上,ワイド,6,15,1500,490
2025-04-27,2025-04-27_東京12R_4歳以上2勝クラス,3倍以上,馬連,3,3,300,0
2025-04-27,2025-04-27_東京12R_4歳以上2勝クラス,3倍以上,馬連,4,6,600,0
2025-04-27,2025-04-27_東京12R_4歳以上2勝クラス,3倍以上,馬連,5,10,1000,0
2025-04-27,2025-04-27_東京12R_4歳以上2勝クラス,3倍以上,馬連,6,15,1500,0
2025-04-27,2025-04-27_福島09R_燧ケ岳特別,3倍以上,ワイド,3,3,300,0
2025-04-27,2025-04-27_福島09R_燧ケ岳特別,3倍以上,ワイド,4,6,600,0
2025-04-27,2025-04-27_福島09R_燧ケ岳特別,3倍以上,ワイド,5,10,1000,810
2025-04-27,2025-04-27_福島09R_燧ケ岳特別,3倍以上,ワイド,6,15,1500,2890
2025-04-27,2025-04-27_福島09R_燧ケ岳特別,3倍以上,馬連,3,3,300,0
2025-04-27,2025-04-27_福島09R_燧ケ岳特別,3倍以上,馬連,4,6,600,0
2025-04-27,2025-04-27_福島09R_燧ケ岳特別,3倍以上,馬連,5,10,1000,0
2025-04-27,2025-04-27_福島09R_燧ケ岳特別,3倍以上,馬連,6,15,1500,2150
2025-04-27,2025-04-27_福島10R_尾瀬特別,3倍以上,ワイド,3,3,300,0
2025-04-27,2025-04-27_福島10R_尾瀬特別,3倍以上,ワイド,4,6,600,0
2025-04-27,2025-04-27_福島10R_尾瀬特別,3倍以上,ワイド,5,10,1000,0
2025-04-27,2025-04-27_福島10R_尾瀬特別,3倍以上,ワイド,6,15,1500,0
2025-04-27,2025-04-27_福島10R_尾瀬特別,3倍以上,馬連,3,3,300,0
2025-04-27,2025-04-27_福島10R_尾瀬特別,3倍以上,馬連,4,6,600,0
2025-04-27,2025-04-27_福島10R_尾瀬特別,3倍以上,馬連,5,10,1000,0
2025-04-27,2025-04-27_福島10R_尾瀬特別,3倍以上,馬連,6,15,1500,0
2025-04-27,2025-04-27_福島11R_モルガナイトS,2倍台,ワイド,3,3,300,0
2025-04-27,2025-04-27_福島11R_モルガナイトS,2倍台,ワイド,4,6,600,0
2025-04-27,2025-04-27_福島11R_モルガナイトS,2倍台,ワイド,5,10,1000,0
2025-04-27,2025-04-27_福島11R_モルガナイトS,2倍台,ワイド,6,15,1500,0
2025-04-27,2025-04-27_福島11R_モルガナイトS,2倍台,馬連,3,3,300,0
2025-04-27,2025-04-27_福島11R_モルガナイトS,2倍台,馬連,4,6,600,0
2025-04-27,2025-04-27_福島11R_モルガナイトS,2倍台,馬連,5,10,1000,0
2025-04-27,2025-04-27_福島11R_モルガナイトS,2倍台,馬連,6,15,1500,0
2025-04-27,2025-04-27_福島12R_4歳以上1勝クラス,2倍台,ワイド,3,3,300,0
2025-04-27,2025-04-27_福島12R_4歳以上1勝クラス,2倍台,ワイド,4,6,600,380
2025-04-27,2025-04-27_福島12R_4歳以上1勝クラス,2倍台,ワイド,5,10,1000,380
2025-04-27,2025-04-27_福島12R_4歳以上1勝クラス,2倍台,ワイド,6,15,1500,2170
2025-04-27,2025-04-27_福島12R_4歳以上1勝クラス,2倍台,馬連,3,3,300,0
2025-04-27,2025-04-27_福島12R_4歳以上1勝クラス,2倍台,馬連,4,6,600,0
2025-04-27,2025-04-27_福島12R_4歳以上1勝クラス,2倍台,馬連,5,10,1000,0
2025-04-27,2025-04-27_福島12R_4歳以上1勝クラス,2倍台,馬連,6,15,1500,3540
2025-05-03,2025-05-03_京都09R_矢車賞,2倍台,ワイド,3,3,300,130
2025-05-03,2025-05-03_京都09R_矢車賞,2倍台,ワイド,4,6,600,490
2025-05-03,2025-05-03_京都09R_矢車賞,2倍台,ワイド,5,10,1000,490
2025-05-03,2025-05-03_京都09R_矢車賞,2倍台,ワイド,6,15,1500,490
2025-05-03,2025-05-03_京都09R_矢車賞,2倍台,馬連,3,3,300,0
2025-05-03,2025-05-03_京都09R_矢車賞,2倍台,馬連,4,6,600,480
2025-05-03,2025-05-03_京都09R_矢車賞,2倍台,馬連,5,10,1000,480
2025-05-03,2025-05-03_京都09R_矢車賞,2倍台,馬連,6,15,1500,480
2025-05-03,2025-05-03_京都10R_御池特別,1倍台,ワイド,3,3,300,140
2025-05-03,2025-05-03_京都10R_御池特別,1倍台,ワイド,4,6,600,1290
2025-05-03,2025-05-03_京都10R_御池特別,1倍台,ワイド,5,10,1000,1290
2025-05-03,2025-05-03_京都10R_御池特別,1倍台,ワイド,6,15,1500,1290
2025-05-03,2025-05-03_京都10R_御池特別,1倍台,馬連,3,3,300,210
2025-05-03,2025-05-03_京都10R_御池特別,1倍台,馬連,4,6,600,210
2025-05-03,2025-05-03_京都10R_御池特別,1倍台,馬連,5,10,1000,210
2025-05-03,2025-05-03_京都10R_御池特別,1倍台,馬連,6,15,1500,210
2025-05-03,2025-05-03_京都11R_ユニコーンS,1倍台,ワイド,3,3,300,220
2025-05-03,2025-05-03_京都11R_ユニコーンS,1倍台,ワイド,4,6,600,220
2025-05-03,2025-05-03_京都11R_ユニコーンS,1倍台,ワイド,5,10,1000,220
2025-05-03,2025-05-03_京都11R_ユニコーンS,1倍台,ワイド,6,15,1500,930
2025-05-03,2025-05-03_京都11R_ユニコーンS,1倍台,馬連,3,3,300,0
2025-05-03,2025-05-03_京都11R_ユニコーンS,1倍台,馬連,4,6,600,0
2025-05-03,2025-05-03_京都11R_ユニコーンS,1倍台,馬連,5,10,1000,0
2025-05-03,2025-05-03_京都11R_ユニコーンS,1倍台,馬連,6,15,1500,570
2025-05-03,2025-05-03_京都12R_4歳以上2勝クラス,3倍以上,ワイド,3,3,300,0
2025-05-03,2025-05-03_京都12R_4歳以上2勝クラス,3倍以上,ワイド,4,6,600,0
2025-05-03,2025-05-03_京都12R_4歳以上2勝クラス,3倍以上,ワイド,5,10,1000,0
2025-05-03,2025-05-03_京都12R_4歳以上2勝クラス,3倍以上,ワイド,6,15,1500,2970
2025-05-03,2025-05-03_京都12R_4歳以上2勝クラス,3倍以上,馬連,3,3,300,0
2025-05-03,2025-05-03_京都12R_4歳以上2勝クラス,3倍以上,馬連,4,6,600,0
2025-05-03,2025-05-03_京都12R_4歳以上2勝クラス,3倍以上,馬連,5,10,1000,0
2025-05-03,2025-05-03_京都12R_4歳以上2勝クラス,3倍以上,馬連,6,15,1500,0
2025-05-03,2025-05-03_新潟09R_わらび賞,2倍台,ワイド,3,3,300,0
2025-05-03,2025-05-03_新潟09R_わらび賞,2倍台,ワイド,4,6,600,0
2025-05-03,2025-05-03_新潟09R_わらび賞,2倍台,ワイド,5,10,1000,1130
2025-05-03,2025-05-03_新潟09R_わらび賞,2倍台,ワイド,6,15,1500,1130
2025-05-03,2025-05-03_新潟09R_わらび賞,2倍台,馬連,3,3,300,0
2025-05-03,2025-05-03_新潟09R_わらび賞,2倍台,馬連,4,6,600,0
2025-05-03,2025-05-03_新潟09R_わらび賞,2倍台,馬連,5,10,1000,0
2025-05-03,2025-05-03_新潟09R_わらび賞,2倍台,馬連,6,15,1500,0
2025-05-03,2025-05-03_新潟10R_胎内川特別,2倍台,ワイド,3,3,300,0
2025-05-03,2025-05-03_新潟10R_胎内川特別,2倍台,ワイド,4,6,600,660
2025-05-03,2025-05-03_新潟10R_胎内川特別,2倍台,ワイド,5,10,1000,660
2025-05-03,2025-05-03_新潟10R_胎内川特別,2倍台,ワイド,6,15,1500,660
2025-05-03,2025-05-03_新潟10R_胎内川特別,2倍台,馬連,3,3,300,0
2025-05-03,2025-05-03_新潟10R_胎内川特別,2倍台,馬連,4,6,600,0
2025-05-03,2025-05-03_新潟10R_胎内川特別,2倍台,馬連,5,10,1000,0
2025-05-03,2025-05-03_新潟10R_胎内川特別,2倍台,馬連,6,15,1500,0
2025-05-03,2025-05-03_新潟11R_三条S,3倍以上,ワイド,3,3,300,0
2025-05-03,2025-05-03_新潟11R_三条S,3倍以上,ワイド,4,6,600,0
2025-05-03,2025-05-03_新潟11R_三条S,3倍以上,ワイド,5,10,1000,0
2025-05-03,2025-05-03_新潟11R_三条S,3倍以上,ワイド,6,15,1500,0
2025-05-03,2025-05-03_新潟11R_三条S,3倍以上,馬連,3,3,300,0
2025-05-03,2025-05-03_新潟11R_三条S,3倍以上,馬連,4,6,600,0
2025-05-03,2025-05-03_新潟11R_三条S,3倍以上,馬連,5,10,1000,0
2025-05-03,2025-05-03_新潟11R_三条S,3倍以上,馬連,6,15,1500,0
2025-05-03,2025-05-03_新潟12R_4歳以上1勝クラス,3倍以上,ワイド,3,3,300,0
2025-05-03,2025-05-03_新潟12R_4歳以上1勝クラス,3倍以上,ワイド,4,6,600,0
2025-05-03,2025-05-03_新潟12R_4歳以上1勝クラス,3倍以上,ワイド,5,10,1000,0
2025-05-03,2025-05-03_新潟12R_4歳以上1勝クラス,3倍以上,ワイド,6,15,1500,0
2025-05-03,2025-05-03_新潟12R_4歳以上1勝クラス,3倍以上,馬連,3,3,300,0
2025-05-03,2025-05-03_新潟12R_4歳以上1勝クラス,3倍以上,馬連,4,6,600,0
2025-05-03,2025-05-03_新潟12R_4歳以上1勝クラス,3倍以上,馬連,5,10,1000,0
2025-05-03,2025-05-03_新潟12R_4歳以上1勝クラス,3倍以上,馬連,6,15,1500,0
2025-05-03,2025-05-03_東京09R_是政S,2倍台,ワイド,3,3,300,0
2025-05-03,2025-05-03_東京09R_是政S,2倍台,ワイド,4,6,600,0
2025-05-03,2025-05-03_東京09R_是政S,2倍台,ワイド,5,10,1000,2630
2025-05-03,2025-05-03_東京09R_是政S,2倍台,ワイド,6,15,1500,2630
2025-05-03,2025-05-03_東京09R_是政S,2倍台,馬連,3,3,300,0
2025-05-03,2025-05-03_東京09R_是政S,2倍台,馬連,4,6,600,0
2025-05-03,2025-05-03_東京09R_是政S,2倍台,馬連,5,10,1000,7950
2025-05-03,2025-05-03_東京09R_是政S,2倍台,馬連,6,15,1500,7950
2025-05-03,2025-05-03_東京10R_スイートピーS,2倍台,ワイド,3,3,300,1130
2025-05-03,2025-05-03_東京10R_スイートピーS,2倍台,ワイド,4,6,600,1130
2025-05-03,2025-05-03_東京10R_スイートピーS,2倍台,ワイド,5,10,1000,1130
2025-05-03,2025-05-03_東京10R_スイートピーS,2倍台,ワイド,6,15,1500,1130
2025-05-03,2025-05-03_東京10R_スイートピーS,2倍台,馬連,3,3,300,0
2025-05-03,2025-05-03_東京10R_スイートピーS,2倍台,馬連,4,6,600,0
2025-05-03,2025-05-03_東京10R_スイートピーS,2倍台,馬連,5,10,1000,0
2025-05-03,2025-05-03_東京10R_スイートピーS,2倍台,馬連,6,15,1500,0
2025-05-03,2025-05-03_東京11R_京王杯SC,2倍台,ワイド,3,3,300,260
2025-05-03,2025-05-03_東京11R_京王杯SC,2倍台,ワイド,4,6,600,1060
2025-05-03,2025-05-03_東京11R_京王杯SC,2倍台,ワイド,5,10,1000,1060
2025-05-03,2025-05-03_東京11R_京王杯SC,2倍台,ワイド,6,15,1500,1060
2025-05-03,2025-05-03_東京11R_京王杯SC,2倍台,馬連,3,3,300,640
2025-05-03,2025-05-03_東京11R_京王杯SC,2倍台,馬連,4,6,600,640
2025-05-03,2025-05-03_東京11R_京王杯SC,2倍台,馬連,5,10,1000,640
2025-05-03,2025-05-03_東京11R_京王杯SC,2倍台,馬連,6,15,1500,640
2025-05-03,2025-05-03_東京12R_4歳以上2勝クラス,1倍台,ワイド,3,3,300,460
2025-05-03,2025-05-03_東京12R_4歳以上2勝クラス,1倍台,ワイド,4,6,600,460
2025-05-03,2025-05-03_東京12R_4歳以上2勝クラス,1倍台,ワイド,5,10,1000,460
2025-05-03,2025-05-03_東京12R_4歳以上2勝クラス,1倍台,ワイド,6,15,1500,460
2025-05-03,2025-05-03_東京12R_4歳以上2勝クラス,1倍台,馬連,3,3,300,0
2025-05-03,2025-05-03_東京12R_4歳以上2勝クラス,1倍台,馬連,4,6,600,0
2025-05-03,2025-05-03_東京12R_4歳以上2勝クラス,1倍台,馬連,5,10,1000,0
2025-05-03,2025-05-03_東京12R_4歳以上2勝クラス,1倍台,馬連,6,15,1500,0
2025-05-04,2025-05-04_京都09R_須知特別,2倍台,ワイド,3,3,300,0
2025-05-04,2025-05-04_京都09R_須知特別,2倍台,ワイド,4,6,600,290
2025-05-04,2025-05-04_京都09R_須知特別,2倍台,ワイド,5,10,1000,290
2025-05-04,2025-05-04_京都09R_須知特別,2倍台,ワイド,6,15,1500,950
2025-05-04,2025-05-04_京都09R_須知特別,2倍台,馬連,3,3,300,0
2025-05-04,2025-05-04_京都09R_須知特別,2倍台,馬連,4,6,600,580
2025-05-04,2025-05-04_京都09R_須知特別,2倍台,馬連,5,10,1000,580
2025-05-04,2025-05-04_京都09R_須知特別,2倍台,馬連,6,15,1500,580
2025-05-04,2025-05-04_京都10R_淀S,2倍台,ワイド,3,3,300,520
2025-05-04,2025-05-04_京都10R_淀S,2倍台,ワイド,4,6,600,520
2025-05-04,2025-05-04_京都10R_淀S,2倍台,ワイド,5,10,1000,520
2025-05-04,2025-05-04_京都10R_淀S,2倍台,ワイド,6,15,1500,520
2025-05-04,2025-05-04_京都10R_淀S,2倍台,馬連,3,3,300,0
2025-05-04,2025-05-04_京都10R_淀S,2倍台,馬連,4,6,600,0
2025-05-04,2025-05-04_京都10R_淀S,2倍台,馬連,5,10,1000,0
2025-05-04,2025-05-04_京都10R_淀S,2倍台,馬連,6,15,1500,0
2025-05-04,2025-05-04_京都11R_天皇賞(春),3倍以上,ワイド,3,3,300,0
2025-05-04,2025-05-04_京都11R_天皇賞(春),3倍以上,ワイド,4,6,600,0
2025-05-04,2025-05-04_京都11R_天皇賞(春),3倍以上,ワイド,5,10,1000,0
2025-05-04,2025-05-04_京都11R_天皇賞(春),3倍以上,ワイド,6,15,1500,0
2025-05-04,2025-05-04_京都11R_天皇賞(春),3倍以上,馬連,3,3,300,0
2025-05-04,2025-05-04_京都11R_天皇賞(春),3倍以上,馬連,4,6,600,0
2025-05-04,2025-05-04_京都11R_天皇賞(春),3倍以上,馬連,5,10,1000,0
2025-05-04,2025-05-04_京都11R_天皇賞(春),3倍以上,馬連,6,15,1500,0
2025-05-04,2025-05-04_京都12R_巨椋池S,3倍以上,ワイド,3,3,300,0
2025-05-04,2025-05-04_京都12R_巨椋池S,3倍以上,ワイド,4,6,600,0
2025-05-04,2025-05-04_京都12R_巨椋池S,3倍以上,ワイド,5,10,1000,0
2025-05-04,2025-05-04_京都12R_巨椋池S,3倍以上,ワイド,6,15,1500,0
2025-05-04,2025-05-04_京都12R_巨椋池S,3倍以上,馬連,3,3,300,0
2025-05-04,2025-05-04_京都12R_巨椋池S,3倍以上,馬連,4,6,600,0
2025-05-04,2025-05-04_京都12R_巨椋池S,3倍以上,馬連,5,10,1000,0
2025-05-04,2025-05-04_京都12R_巨椋池S,3倍以上,馬連,6,15,1500,0
2025-05-04,2025-05-04_新潟09R_咲花特別,3倍以上,ワイド,3,3,300,0
2025-05-04,2025-05-04_新潟09R_咲花特別,3倍以上,ワイド,4,6,600,1120
2025-05-04,2025-05-04_新潟09R_咲花特別,3倍以上,ワイド,5,10,1000,1120
2025-05-04,2025-05-04_新潟09R_咲花特別,3倍以上,ワイド,6,15,1500,1120
2025-05-04,2025-05-04_新潟09R_咲花特別,3倍以上,馬連,3,3,300,0
2025-05-04,2025-05-04_新潟09R_咲花特別,3倍以上,馬連,4,6,600,0
2025-05-04,2025-05-04_新潟09R_咲花特別,3倍以上,馬連,5,10,1000,0
2025-05-04,2025-05-04_新潟09R_咲花特別,3倍以上,馬連,6,15,1500,0
2025-05-04,2025-05-04_新潟10R_邁進特別,2倍台,ワイド,3,3,300,0
2025-05-04,2025-05-04_新潟10R_邁進特別,2倍台,ワイド,4,6,600,0
2025-05-04,2025-05-04_新潟10R_邁進特別,2倍台,ワイド,5,10,1000,0
2025-05-04,2025-05-04_新潟10R_邁進特別,2倍台,ワイド,6,15,1500,0
2025-05-04,2025-05-04_新潟10R_邁進特別,2倍台,馬連,3,3,300,0
2025-05-04,2025-05-04_新潟10R_邁進特別,2倍台,馬連,4,6,600,0
2025-05-04,2025-05-04_新潟10R_邁進特別,2倍台,馬連,5,10,1000,0
2025-05-04,2025-05-04_新潟10R_邁進特別,2倍台,馬連,6,15,1500,0
2025-05-04,2025-05-04_新潟11R_越後S,3倍以上,ワイド,3,3,300,0
2025-05-04,2025-05-04_新潟11R_越後S,3倍以上,ワイド,4,6,600,740
2025-05-04,2025-05-04_新潟11R_越後S,3倍以上,ワイド,5,10,1000,740
2025-05-04,2025-05-04_新潟11R_越後S,3倍以上,ワイド,6,15,1500,740
2025-05-04,2025-05-04_新潟11R_越後S,3倍以上,馬連,3,3,300,0
2025-05-04,2025-05-04_新潟11R_越後S,3倍以上,馬連,4,6,600,2970
2025-05-04,2025-05-04_新潟11R_越後S,3倍以上,馬連,5,10,1000,2970
2025-05-04,2025-05-04_新潟11R_越後S,3倍以上,馬連,6,15,1500,2970
2025-05-04,2025-05-04_新潟12R_4歳以上1勝クラス,2倍台,ワイド,3,3,300,0
2025-05-04,2025-05-04_新潟12R_4歳以上1勝クラス,2倍台,ワイド,4,6,600,0
2025-05-04,2025-05-04_新潟12R_4歳以上1勝クラス,2倍台,ワイド,5,10,1000,0
2025-05-04,2025-05-04_新潟12R_4歳以上1勝クラス,2倍台,ワイド,6,15,1500,0
2025-05-04,2025-05-04_新潟12R_4歳以上1勝クラス,2倍台,馬連,3,3,300,0
2025-05-04,2025-05-04_新潟12R_4歳以上1勝クラス,2倍台,馬連,4,6,600,0
2025-05-04,2025-05-04_新潟12R_4歳以上1勝クラス,2倍台,馬連,5,10,1000,0
2025-05-04,2025-05-04_新潟12R_4歳以上1勝クラス,2倍台,馬連,6,15,1500,0
2025-05-04,2025-05-04_東京09R_府中S,2倍台,ワイド,3,3,300,0
2025-05-04,2025-05-04_東京09R_府中S,2倍台,ワイド,4,6,600,0
2025-05-04,2025-05-04_東京09R_府中S,2倍台,ワイド,5,10,1000,0
2025-05-04,2025-05-04_東京09R_府中S,2倍台,ワイド,6,15,1500,0
2025-05-04,2025-05-04_東京09R_府中S,2倍台,馬連,3,3,300,0
2025-05-04,2025-05-04_東京09R_府中S,2倍台,馬連,4,6,600,0
2025-05-04,2025-05-04_東京09R_府中S,2倍台,馬連,5,10,1000,0
2025-05-04,2025-05-04_東京09R_府中S,2倍台,馬連,6,15,1500,0
2025-05-04,2025-05-04_東京10R_ブリリアントS,3倍以上,ワイド,3,3,300,0
2025-05-04,2025-05-04_東京10R_ブリリアントS,3倍以上,ワイド,4,6,600,0
2025-05-04,2025-05-04_東京10R_ブリリアントS,3倍以上,ワイド,5,10,1000,0
2025-05-04,2025-05-04_東京10R_ブリリアントS,3倍以上,ワイド,6,15,1500,0
2025-05-04,2025-05-04_東京10R_ブリリアントS,3倍以上,馬連,3,3,300,0
2025-05-04,2025-05-04_東京10R_ブリリアントS,3倍以上,馬連,4,6,600,0
2025-05-04,2025-05-04_東京10R_ブリリアントS,3倍以上,馬連,5,10,1000,0
2025-05-04,2025-05-04_東京10R_ブリリアントS,3倍以上,馬連,6,15,1500,0
2025-05-04,2025-05-04_東京11R_プリンシパルS,3倍以上,ワイド,3,3,300,0
2025-05-04,2025-05-04_東京11R_プリンシパルS,3倍以上,ワイド,4,6,600,0
2025-05-04,2025-05-04_東京11R_プリンシパルS,3倍以上,ワイド,5,10,1000,0
2025-05-04,2025-05-04_東京11R_プリンシパルS,3倍以上,ワイド,6,15,1500,0
2025-05-04,2025-05-04_東京11R_プリンシパルS,3倍以上,馬連,3,3,300,0
2025-05-04,2025-05-04_東京11R_プリンシパルS,3倍以上,馬連,4,6,600,0
2025-05-04,2025-05-04_東京11R_プリンシパルS,3倍以上,馬連,5,10,1000,0
2025-05-04,2025-05-04_東京11R_プリンシパルS,3倍以上,馬連,6,15,1500,0
2025-05-04,2025-05-04_東京12R_4歳以上2勝クラス,3倍以上,ワイド,3,3,300,0
2025-05-04,2025-05-04_東京12R_4歳以上2勝クラス,3倍以上,ワイド,4,6,600,0
2025-05-04,2025-05-04_東京12R_4歳以上2勝クラス,3倍以上,ワイド,5,10,1000,0
2025-05-04,2025-05-04_東京12R_4歳以上2勝クラス,3倍以上,ワイド,6,15,1500,8750
2025-05-04,2025-05-04_東京12R_4歳以上2勝クラス,3倍以上,馬連,3,3,300,0
2025-05-04,2025-05-04_東京12R_4歳以上2勝クラス,3倍以上,馬連,4,6,600,0
2025-05-04,2025-05-04_東京12R_4歳以上2勝クラス,3倍以上,馬連,5,10,1000,0
2025-05-04,2025-05-04_東京12R_4歳以上2勝クラス,3倍以上,馬連,6,15,1500,39500
2025-05-10,2025-05-10_京都09R_久御山特別,2倍台,ワイド,3,3,300,390
2025-05-10,2025-05-10_京都09R_久御山特別,2倍台,ワイド,4,6,600,390
2025-05-10,2025-05-10_京都09R_久御山特別,2倍台,ワイド,5,10,1000,390
2025-05-10,2025-05-10_京都09R_久御山特別,2倍台,ワイド,6,15,1500,8400
2025-05-10,2025-05-10_京都09R_久御山特別,2倍台,馬連,3,3,300,960
2025-05-10,2025-05-10_京都09R_久御山特別,2倍台,馬連,4,6,600,960
2025-05-10,2025-05-10_京都09R_久御山特別,2倍台,馬連,5,10,1000,960
2025-05-10,2025-05-10_京都09R_久御山特別,2倍台,馬連,6,15,1500,960
2025-05-10,2025-05-10_京都10R_鴨川特別,1倍台,ワイド,3,3,300,160
2025-05-10,2025-05-10_京都10R_鴨川特別,1倍台,ワイド,4,6,600,160
2025-05-10,2025-05-10_京都10R_鴨川特別,1倍台,ワイド,5,10,1000,160
2025-05-10,2025-05-10_京都10R_鴨川特別,1倍台,ワイド,6,15,1500,160
2025-05-10,2025-05-10_京都10R_鴨川特別,1倍台,馬連,3,3,300,0
2025-05-10,2025-05-10_京都10R_鴨川特別,1倍台,馬連,4,6,600,0
2025-05-10,2025-05-10_京都10R_鴨川特別,1倍台,馬連,5,10,1000,0
2025-05-10,2025-05-10_京都10R_鴨川特別,1倍台,馬連,6,15,1500,0
2025-05-10,2025-05-10_京都11R_京都新聞杯,2倍台,ワイド,3,3,300,0
2025-05-10,2025-05-10_京都11R_京都新聞杯,2倍台,ワイド,4,6,600,0
2025-05-10,2025-05-10_京都11R_京都新聞杯,2倍台,ワイド,5,10,1000,0
2025-05-10,2025-05-10_京都11R_京都新聞杯,2倍台,ワイド,6,15,1500,1030
2025-05-10,2025-05-10_京都11R_京都新聞杯,2倍台,馬連,3,3,300,0
2025-05-10,2025-05-10_京都11R_京都新聞杯,2倍台,馬連,4,6,600,0
2025-05-10,2025-05-10_京都11R_京都新聞杯,2倍台,馬連,5,10,1000,0
2025-05-10,2025-05-10_京都11R_京都新聞杯,2倍台,馬連,6,15,1500,0
2025-05-10,2025-05-10_京都12R_4歳以上2勝クラス,1倍台,ワイド,3,3,300,200
2025-05-10,2025-05-10_京都12R_4歳以上2勝クラス,1倍台,ワイド,4,6,600,200
2025-05-10,2025-05-10_京都12R_4歳以上2勝クラス,1倍台,ワイド,5,10,1000,200
2025-05-10,2025-05-10_京都12R_4歳以上2勝クラス,1倍台,ワイド,6,15,1500,200
2025-05-10,2025-05-10_京都12R_4歳以上2勝クラス,1倍台,馬連,3,3,300,0
2025-05-10,2025-05-10_京都12R_4歳以上2勝クラス,1倍台,馬連,4,6,600,0
2025-05-10,2025-05-10_京都12R_4歳以上2勝クラス,1倍台,馬連,5,10,1000,0
2025-05-10,2025-05-10_京都12R_4歳以上2勝クラス,1倍台,馬連,6,15,1500,0
2025-05-10,2025-05-10_新潟09R_三国特別,2倍台,ワイド,3,3,300,680
2025-05-10,2025-05-10_新潟09R_三国特別,2倍台,ワイド,4,6,600,3230
2025-05-10,2025-05-10_新潟09R_三国特別,2倍台,ワイド,5,10,1000,3230
2025-05-10,2025-05-10_新潟09R_三国特別,2倍台,ワイド,6,15,1500,3230
2025-05-10,2025-05-10_新潟09R_三国特別,2倍台,馬連,3,3,300,0
2025-05-10,2025-05-10_新潟09R_三国特別,2倍台,馬連,4,6,600,6930
2025-05-10,2025-05-10_新潟09R_三国特別,2倍台,馬連,5,10,1000,6930
2025-05-10,2025-05-10_新潟09R_三国特別,2倍台,馬連,6,15,1500,6930
2025-05-10,2025-05-10_新潟10R_荒川峡特別,3倍以上,ワイド,3,3,300,0
2025-05-10,2025-05-10_新潟10R_荒川峡特別,3倍以上,ワイド,4,6,600,0
2025-05-10,2025-05-10_新潟10R_荒川峡特別,3倍以上,ワイド,5,10,1000,0
2025-05-10,2025-05-10_新潟10R_荒川峡特別,3倍以上,ワイド,6,15,1500,0
2025-05-10,2025-05-10_新潟10R_荒川峡特別,3倍以上,馬連,3,3,300,0
2025-05-10,2025-05-10_新潟10R_荒川峡特別,3倍以上,馬連,4,6,600,0
2025-05-10,2025-05-10_新潟10R_荒川峡特別,3倍以上,馬連,5,10,1000,0
2025-05-10,2025-05-10_新潟10R_荒川峡特別,3倍以上,馬連,6,15,1500,0
2025-05-10,2025-05-10_新潟11R_駿風S,2倍台,ワイド,3,3,300,0
2025-05-10,2025-05-10_新潟11R_駿風S,2倍台,ワイド,4,6,600,0
2025-05-10,2025-05-10_新潟11R_駿風S,2倍台,ワイド,5,10,1000,0
2025-05-10,2025-05-10_新潟11R_駿風S,2倍台,ワイド,6,15,1500,0
2025-05-10,2025-05-10_新潟11R_駿風S,2倍台,馬連,3,3,300,0
2025-05-10,2025-05-10_新潟11R_駿風S,2倍台,馬連,4,6,600,0
2025-05-10,2025-05-10_新潟11R_駿風S,2倍台,馬連,5,10,1000,0
2025-05-10,2025-05-10_新潟11R_駿風S,2倍台,馬連,6,15,1500,0
2025-05-10,2025-05-10_新潟12R_4歳以上1勝クラス,3倍以上,ワイド,3,3,300,0
2025-05-10,2025-05-10_新潟12R_4歳以上1勝クラス,3倍以上,ワイド,4,6,600,0
2025-05-10,2025-05-10_新潟12R_4歳以上1勝クラス,3倍以上,ワイド,5,10,1000,0
2025-05-10,2025-05-10_新潟12R_4歳以上1勝クラス,3倍以上,ワイド,6,15,1500,0
2025-05-10,2025-05-10_新潟12R_4歳以上1勝クラス,3倍以上,馬連,3,3,300,0
2025-05-10,2025-05-10_新潟12R_4歳以上1勝クラス,3倍以上,馬連,4,6,600,0
2025-05-10,2025-05-10_新潟12R_4歳以上1勝クラス,3倍以上,馬連,5,10,1000,0
2025-05-10,2025-05-10_新潟12R_4歳以上1勝クラス,3倍以上,馬連,6,15,1500,0
2025-05-10,2025-05-10_東京09R_分倍河原S,3倍以上,ワイド,3,3,300,0
2025-05-10,2025-05-10_東京09R_分倍河原S,3倍以上,ワイド,4,6,600,0
2025-05-10,2025-05-10_東京09R_分倍河原S,3倍以上,ワイド,5,10,1000,0
2025-05-10,2025-05-10_東京09R_分倍河原S,3倍以上,ワイド,6,15,1500,0
2025-05-10,2025-05-10_東京09R_分倍河原S,3倍以上,馬連,3,3,300,0
2025-05-10,2025-05-10_東京09R_分倍河原S,3倍以上,馬連,4,6,600,0
2025-05-10,2025-05-10_東京09R_分倍河原S,3倍以上,馬連,5,10,1000,0
2025-05-10,2025-05-10_東京09R_分倍河原S,3倍以上,馬連,6,15,1500,0
2025-05-10,2025-05-10_東京10R_青竜S,1倍台,ワイド,3,3,300,340
2025-05-10,2025-05-10_東京10R_青竜S,1倍台,ワイド,4,6,600,340
2025-05-10,2025-05-10_東京10R_青竜S,1倍台,ワイド,5,10,1000,340
2025-05-10,2025-05-10_東京10R_青竜S,1倍台,ワイド,6,15,1500,340
2025-05-10,2025-05-10_東京10R_青竜S,1倍台,馬連,3,3,300,0
2025-05-10,2025-05-10_東京10R_青竜S,1倍台,馬連,4,6,600,0
2025-05-10,2025-05-10_東京10R_青竜S,1倍台,馬連,5,10,1000,0
2025-05-10,2025-05-10_東京10R_青竜S,1倍台,馬連,6,15,1500,0
2025-05-10,2025-05-10_東京11R_エプソムC,3倍以上,ワイド,3,3,300,0
2025-05-10,2025-05-10_東京11R_エプソムC,3倍以上,ワイド,4,6,600,0
2025-05-10,2025-05-10_東京11R_エプソムC,3倍以上,ワイド,5,10,1000,0
2025-05-10,2025-05-10_東京11R_エプソムC,3倍以上,ワイド,6,15,1500,0
2025-05-10,2025-05-10_東京11R_エプソムC,3倍以上,馬連,3,3,300,0
2025-05-10,2025-05-10_東京11R_エプソムC,3倍以上,馬連,4,6,600,0
2025-05-10,2025-05-10_東京11R_エプソムC,3倍以上,馬連,5,10,1000,0
2025-05-10,2025-05-10_東京11R_エプソムC,3倍以上,馬連,6,15,1500,0
2025-05-10,2025-05-10_東京12R_4歳以上2勝クラス,2倍台,ワイド,3,3,300,0
2025-05-10,2025-05-10_東京12R_4歳以上2勝クラス,2倍台,ワイド,4,6,600,0
2025-05-10,2025-05-10_東京12R_4歳以上2勝クラス,2倍台,ワイド,5,10,1000,1160
2025-05-10,2025-05-10_東京12R_4歳以上2勝クラス,2倍台,ワイド,6,15,1500,11120
2025-05-10,2025-05-10_東京12R_4歳以上2勝クラス,2倍台,馬連,3,3,300,0
2025-05-10,2025-05-10_東京12R_4歳以上2勝クラス,2倍台,馬連,4,6,600,0
2025-05-10,2025-05-10_東京12R_4歳以上2勝クラス,2倍台,馬連,5,10,1000,0
2025-05-10,2025-05-10_東京12R_4歳以上2勝クラス,2倍台,馬連,6,15,1500,2800
2025-05-11,2025-05-11_京都09R_烏丸S,2倍台,ワイド,3,3,300,300
2025-05-11,2025-05-11_京都09R_烏丸S,2倍台,ワイド,4,6,600,880
2025-05-11,2025-05-11_京都09R_烏丸S,2倍台,ワイド,5,10,1000,880
2025-05-11,2025-05-11_京都09R_烏丸S,2倍台,ワイド,6,15,1500,880
2025-05-11,2025-05-11_京都09R_烏丸S,2倍台,馬連,3,3,300,0
2025-05-11,2025-05-11_京都09R_烏丸S,2倍台,馬連,4,6,600,500
2025-05-11,2025-05-11_京都09R_烏丸S,2倍台,馬連,5,10,1000,500
2025-05-11,2025-05-11_京都09R_烏丸S,2倍台,馬連,6,15,1500,500
2025-05-11,2025-05-11_京都10R_橘S,3倍以上,ワイド,3,3,300,0
2025-05-11,2025-05-11_京都10R_橘S,3倍以上,ワイド,4,6,600,0
2025-05-11,2025-05-11_京都10R_橘S,3倍以上,ワイド,5,10,1000,0
2025-05-11,2025-05-11_京都10R_橘S,3倍以上,ワイド,6,15,1500,0
2025-05-11,2025-05-11_京都10R_橘S,3倍以上,馬連,3,3,300,0
2025-05-11,2025-05-11_京都10R_橘S,3倍以上,馬連,4,6,600,0
2025-05-11,2025-05-11_京都10R_橘S,3倍以上,馬連,5,10,1000,0
2025-05-11,2025-05-11_京都10R_橘S,3倍以上,馬連,6,15,1500,0
2025-05-11,2025-05-11_京都11R_平城京S,3倍以上,ワイド,3,3,300,0
2025-05-11,2025-05-11_京都11R_平城京S,3倍以上,ワイド,4,6,600,0
2025-05-11,2025-05-11_京都11R_平城京S,3倍以上,ワイド,5,10,1000,0
2025-05-11,2025-05-11_京都11R_平城京S,3倍以上,ワイド,6,15,1500,1020
2025-05-11,2025-05-11_京都11R_平城京S,3倍以上,馬連,3,3,300,0
2025-05-11,2025-05-11_京都11R_平城京S,3倍以上,馬連,4,6,600,0
2025-05-11,2025-05-11_京都11R_平城京S,3倍以上,馬連,5,10,1000,0
2025-05-11,2025-05-11_京都11R_平城京S,3倍以上,馬連,6,15,1500,0
2025-05-11,2025-05-11_京都12R_4歳以上2勝クラス,3倍以上,ワイド,3,3,300,0
2025-05-11,2025-05-11_京都12R_4歳以上2勝クラス,3倍以上,ワイド,4,6,600,0
2025-05-11,2025-05-11_京都12R_4歳以上2勝クラス,3倍以上,ワイド,5,10,1000,0
2025-05-11,2025-05-11_京都12R_4歳以上2勝クラス,3倍以上,ワイド,6,15,1500,0
2025-05-11,2025-05-11_京都12R_4歳以上2勝クラス,3倍以上,馬連,3,3,300,0
2025-05-11,2025-05-11_京都12R_4歳以上2勝クラス,3倍以上,馬連,4,6,600,0
2025-05-11,2025-05-11_京都12R_4歳以上2勝クラス,3倍以上,馬連,5,10,1000,0
2025-05-11,2025-05-11_京都12R_4歳以上2勝クラス,3倍以上,馬連,6,15,1500,0
2025-05-11,2025-05-11_新潟09R_ゆきつばき賞,3倍以上,ワイド,3,3,300,0
2025-05-11,2025-05-11_新潟09R_ゆきつばき賞,3倍以上,ワイド,4,6,600,1560
2025-05-11,2025-05-11_新潟09R_ゆきつばき賞,3倍以上,ワイド,5,10,1000,3580
2025-05-11,2025-05-11_新潟09R_ゆきつばき賞,3倍以上,ワイド,6,15,1500,3580
2025-05-11,2025-05-11_新潟09R_ゆきつばき賞,3倍以上,馬連,3,3,300,0
2025-05-11,2025-05-11_新潟09R_ゆきつばき賞,3倍以上,馬連,4,6,600,0
2025-05-11,2025-05-11_新潟09R_ゆきつばき賞,3倍以上,馬連,5,10,1000,3660
2025-05-11,2025-05-11_新潟09R_ゆきつばき賞,3倍以上,馬連,6,15,1500,3660
2025-05-11,2025-05-11_新潟10R_五泉特別,3倍以上,ワイド,3,3,300,0
2025-05-11,2025-05-11_新潟10R_五泉特別,3倍以上,ワイド,4,6,600,0
2025-05-11,2025-05-11_新潟10R_五泉特別,3倍以上,ワイド,5,10,1000,6140
2025-05-11,2025-05-11_新潟10R_五泉特別,3倍以上,ワイド,6,15,1500,6140
2025-05-11,2025-05-11_新潟10R_五泉特別,3倍以上,馬連,3,3,300,0
2025-05-11,2025-05-11_新潟10R_五泉特別,3倍以上,馬連,4,6,600,0
2025-05-11,2025-05-11_新潟10R_五泉特別,3倍以上,馬連,5,10,1000,0
2025-05-11,2025-05-11_新潟10R_五泉特別,3倍以上,馬連,6,15,1500,0
2025-05-11,2025-05-11_新潟11R_谷川岳S,2倍台,ワイド,3,3,300,0
2025-05-11,2025-05-11_新潟11R_谷川岳S,2倍台,ワイド,4,6,600,0
2025-05-11,2025-05-11_新潟11R_谷川岳S,2倍台,ワイド,5,10,1000,0
2025-05-11,2025-05-11_新潟11R_谷川岳S,2倍台,ワイド,6,15,1500,0
2025-05-11,2025-05-11_新潟11R_谷川岳S,2倍台,馬連,3,3,300,0
2025-05-11,2025-05-11_新潟11R_谷川岳S,2倍台,馬連,4,6,600,0
2025-05-11,2025-05-11_新潟11R_谷川岳S,2倍台,馬連,5,10,1000,0
2025-05-11,2025-05-11_新潟11R_谷川岳S,2倍台,馬連,6,15,1500,0
2025-05-11,2025-05-11_新潟12R_4歳以上1勝クラス,3倍以上,ワイド,3,3,300,0
2025-05-11,2025-05-11_新潟12R_4歳以上1勝クラス,3倍以上,ワイド,4,6,600,0
2025-05-11,2025-05-11_新潟12R_4歳以上1勝クラス,3倍以上,ワイド,5,10,1000,0
2025-05-11,2025-05-11_新潟12R_4歳以上1勝クラス,3倍以上,ワイド,6,15,1500,510
2025-05-11,2025-05-11_新潟12R_4歳以上1勝クラス,3倍以上,馬連,3,3,300,0
2025-05-11,2025-05-11_新潟12R_4歳以上1勝クラス,3倍以上,馬連,4,6,600,0
2025-05-11,2025-05-11_新潟12R_4歳以上1勝クラス,3倍以上,馬連,5,10,1000,0
2025-05-11,2025-05-11_新潟12R_4歳以上1勝クラス,3倍以上,馬連,6,15,1500,1090
2025-05-11,2025-05-11_東京09R_日吉特別,3倍以上,ワイド,3,3,300,350
2025-05-11,2025-05-11_東京09R_日吉特別,3倍以上,ワイド,4,6,600,350
2025-05-11,2025-05-11_東京09R_日吉特別,3倍以上,ワイド,5,10,1000,350
2025-05-11,2025-05-11_東京09R_日吉特別,3倍以上,ワイド,6,15,1500,350
2025-05-11,2025-05-11_東京09R_日吉特別,3倍以上,馬連,3,3,300,810
2025-05-11,2025-05-11_東京09R_日吉特別,3倍以上,馬連,4,6,600,810
2025-05-11,2025-05-11_東京09R_日吉特別,3倍以上,馬連,5,10,1000,810
2025-05-11,2025-05-11_東京09R_日吉特別,3倍以上,馬連,6,15,1500,810
2025-05-11,2025-05-11_東京10R_メトロポリタンS,3倍以上,ワイド,3,3,300,0
2025-05-11,2025-05-11_東京10R_メトロポリタンS,3倍以上,ワイド,4,6,600,1850
2025-05-11,2025-05-11_東京10R_メトロポリタンS,3倍以上,ワイド,5,10,1000,1850
2025-05-11,2025-05-11_東京10R_メトロポリタンS,3倍以上,ワイド,6,15,1500,1850
2025-05-11,2025-05-11_東京10R_メトロポリタンS,3倍以上,馬連,3,3,300,0
2025-05-11,2025-05-11_東京10R_メトロポリタンS,3倍以上,馬連,4,6,600,0
2025-05-11,2025-05-11_東京10R_メトロポリタンS,3倍以上,馬連,5,10,1000,0
2025-05-11,2025-05-11_東京10R_メトロポリタンS,3倍以上,馬連,6,15,1500,0
2025-05-11,2025-05-11_東京11R_NHKマイルC,2倍台,ワイド,3,3,300,0
2025-05-11,2025-05-11_東京11R_NHKマイルC,2倍台,ワイド,4,6,600,0
2025-05-11,2025-05-11_東京11R_NHKマイルC,2倍台,ワイド,5,10,1000,0
2025-05-11,2025-05-11_東京11R_NHKマイルC,2倍台,ワイド,6,15,1500,0
2025-05-11,2025-05-11_東京11R_NHKマイルC,2倍台,馬連,3,3,300,0
2025-05-11,2025-05-11_東京11R_NHKマイルC,2倍台,馬連,4,6,600,0
2025-05-11,2025-05-11_東京11R_NHKマイルC,2倍台,馬連,5,10,1000,0
2025-05-11,2025-05-11_東京11R_NHKマイルC,2倍台,馬連,6,15,1500,0
2025-05-11,2025-05-11_東京12R_立夏S,3倍以上,ワイド,3,3,300,860
2025-05-11,2025-05-11_東京12R_立夏S,3倍以上,ワイド,4,6,600,860
2025-05-11,2025-05-11_東京12R_立夏S,3倍以上,ワイド,5,10,1000,860
2025-05-11,2025-05-11_東京12R_立夏S,3倍以上,ワイド,6,15,1500,860
2025-05-11,2025-05-11_東京12R_立夏S,3倍以上,馬連,3,3,300,2400
2025-05-11,2025-05-11_東京12R_立夏S,3倍以上,馬連,4,6,600,2400
2025-05-11,2025-05-11_東京12R_立夏S,3倍以上,馬連,5,10,1000,2400
2025-05-11,2025-05-11_東京12R_立夏S,3倍以上,馬連,6,15,1500,2400
2025-05-17,2025-05-17_京都09R_あずさ賞,2倍台,ワイド,3,3,300,0
2025-05-17,2025-05-17_京都09R_あずさ賞,2倍台,ワイド,4,6,600,580
2025-05-17,2025-05-17_京都09R_あずさ賞,2倍台,ワイド,5,10,1000,2170
2025-05-17,2025-05-17_京都09R_あずさ賞,2倍台,ワイド,6,15,1500,2170
2025-05-17,2025-05-17_京都09R_あずさ賞,2倍台,馬連,3,3,300,0
2025-05-17,2025-05-17_京都09R_あずさ賞,2倍台,馬連,4,6,600,0
2025-05-17,2025-05-17_京都09R_あずさ賞,2倍台,馬連,5,10,1000,2030
2025-05-17,2025-05-17_京都09R_あずさ賞,2倍台,馬連,6,15,1500,2030
2025-05-17,2025-05-17_京都10R_上賀茂S,3倍以上,ワイド,3,3,300,0
2025-05-17,2025-05-17_京都10R_上賀茂S,3倍以上,ワイド,4,6,600,0
2025-05-17,2025-05-17_京都10R_上賀茂S,3倍以上,ワイド,5,10,1000,2410
2025-05-17,2025-05-17_京都10R_上賀茂S,3倍以上,ワイド,6,15,1500,2410
2025-05-17,2025-05-17_京都10R_上賀茂S,3倍以上,馬連,3,3,300,0
2025-05-17,2025-05-17_京都10R_上賀茂S,3倍以上,馬連,4,6,600,0
2025-05-17,2025-05-17_京都10R_上賀茂S,3倍以上,馬連,5,10,1000,7820
2025-05-17,2025-05-17_京都10R_上賀茂S,3倍以上,馬連,6,15,1500,7820
2025-05-17,2025-05-17_京都11R_鞍馬S,2倍台,ワイド,3,3,300,0
2025-05-17,2025-05-17_京都11R_鞍馬S,2倍台,ワイド,4,6,600,0
2025-05-17,2025-05-17_京都11R_鞍馬S,2倍台,ワイド,5,10,1000,0
2025-05-17,2025-05-17_京都11R_鞍馬S,2倍台,ワイド,6,15,1500,0
2025-05-17,2025-05-17_京都11R_鞍馬S,2倍台,馬連,3,3,300,0
2025-05-17,2025-05-17_京都11R_鞍馬S,2倍台,馬連,4,6,600,0
2025-05-17,2025-05-17_京都11R_鞍馬S,2倍台,馬連,5,10,1000,0
2025-05-17,2025-05-17_京都11R_鞍馬S,2倍台,馬連,6,15,1500,0
2025-05-17,2025-05-17_京都12R_4歳以上2勝クラス,2倍台,ワイド,3,3,300,0
2025-05-17,2025-05-17_京都12R_4歳以上2勝クラス,2倍台,ワイド,4,6,600,0
2025-05-17,2025-05-17_京都12R_4歳以上2勝クラス,2倍台,ワイド,5,10,1000,820
2025-05-17,2025-05-17_京都12R_4歳以上2勝クラス,2倍台,ワイド,6,15,1500,820
2025-05-17,2025-05-17_京都12R_4歳以上2勝クラス,2倍台,馬連,3,3,300,0
2025-05-17,2025-05-17_京都12R_4歳以上2勝クラス,2倍台,馬連,4,6,600,0
2025-05-17,2025-05-17_京都12R_4歳以上2勝クラス,2倍台,馬連,5,10,1000,2750
2025-05-17,2025-05-17_京都12R_4歳以上2勝クラス,2倍台,馬連,6,15,1500,2750
2025-05-17,2025-05-17_新潟09R_尖閣湾特別,2倍台,ワイド,3,3,300,0
2025-05-17,2025-05-17_新潟09R_尖閣湾特別,2倍台,ワイド,4,6,600,0
2025-05-17,2025-05-17_新潟09R_尖閣湾特別,2倍台,ワイド,5,10,1000,780
2025-05-17,2025-05-17_新潟09R_尖閣湾特別,2倍台,ワイド,6,15,1500,780
2025-05-17,2025-05-17_新潟09R_尖閣湾特別,2倍台,馬連,3,3,300,0
2025-05-17,2025-05-17_新潟09R_尖閣湾特別,2倍台,馬連,4,6,600,0
2025-05-17,2025-05-17_新潟09R_尖閣湾特別,2倍台,馬連,5,10,1000,0
2025-05-17,2025-05-17_新潟09R_尖閣湾特別,2倍台,馬連,6,15,1500,0
2025-05-17,2025-05-17_新潟10R_中ノ岳特別,1倍台,ワイド,3,3,300,0
2025-05-17,2025-05-17_新潟10R_中ノ岳特別,1倍台,ワイド,4,6,600,340
2025-05-17,2025-05-17_新潟10R_中ノ岳特別,1倍台,ワイド,5,10,1000,340
2025-05-17,2025-05-17_新潟10R_中ノ岳特別,1倍台,ワイド,6,15,1500,340
2025-05-17,2025-05-17_新潟10R_中ノ岳特別,1倍台,馬連,3,3,300,0
2025-05-17,2025-05-17_新潟10R_中ノ岳特別,1倍台,馬連,4,6,600,0
2025-05-17,2025-05-17_新潟10R_中ノ岳特別,1倍台,馬連,5,10,1000,0
2025-05-17,2025-05-17_新潟10R_中ノ岳特別,1倍台,馬連,6,15,1500,0
2025-05-17,2025-05-17_新潟11R_新潟大賞典,3倍以上,ワイド,3,3,300,0
2025-05-17,2025-05-17_新潟11R_新潟大賞典,3倍以上,ワイド,4,6,600,0
2025-05-17,2025-05-17_新潟11R_新潟大賞典,3倍以上,ワイド,5,10,1000,0
2025-05-17,2025-05-17_新潟11R_新潟大賞典,3倍以上,ワイド,6,15,1500,0
2025-05-17,2025-05-17_新潟11R_新潟大賞典,3倍以上,馬連,3,3,300,0
2025-05-17,2025-05-17_新潟11R_新潟大賞典,3倍以上,馬連,4,6,600,0
2025-05-17,2025-05-17_新潟11R_新潟大賞典,3倍以上,馬連,5,10,1000,0
2025-05-17,2025-05-17_新潟11R_新潟大賞典,3倍以上,馬連,6,15,1500,0
2025-05-17,2025-05-17_新潟12R_4歳以上1勝クラス,3倍以上,ワイド,3,3,300,0
2025-05-17,2025-05-17_新潟12R_4歳以上1勝クラス,3倍以上,ワイド,4,6,600,0
2025-05-17,2025-05-17_新潟12R_4歳以上1勝クラス,3倍以上,ワイド,5,10,1000,0
2025-05-17,2025-05-17_新潟12R_4歳以上1勝クラス,3倍以上,ワイド,6,15,1500,0
2025-05-17,2025-05-17_新潟12R_4歳以上1勝クラス,3倍以上,馬連,3,3,300,0
2025-05-17,2025-05-17_新潟12R_4歳以上1勝クラス,3倍以上,馬連,4,6,600,0
2025-05-17,2025-05-17_新潟12R_4歳以上1勝クラス,3倍以上,馬連,5,10,1000,0
2025-05-17,2025-05-17_新潟12R_4歳以上1勝クラス,3倍以上,馬連,6,15,1500,0
2025-05-17,2025-05-17_東京09R_国分寺特別,3倍以上,ワイド,3,3,300,0
2025-05-17,2025-05-17_東京09R_国分寺特別,3倍以上,ワイド,4,6,600,380
2025-05-17,2025-05-17_東京09R_国分寺特別,3倍以上,ワイド,5,10,1000,1900
2025-05-17,2025-05-17_東京09R_国分寺特別,3倍以上,ワイド,6,15,1500,1900
2025-05-17,2025-05-17_東京09R_国分寺特別,3倍以上,馬連,3,3,300,0
2025-05-17,2025-05-17_東京09R_国分寺特別,3倍以上,馬連,4,6,600,0
2025-05-17,2025-05-17_東京09R_国分寺特別,3倍以上,馬連,5,10,1000,2190
2025-05-17,2025-05-17_東京09R_国分寺特別,3倍以上,馬連,6,15,1500,2190
2025-05-17,2025-05-17_東京10R_立川特別,3倍以上,ワイド,3,3,300,0
2025-05-17,2025-05-17_東京10R_立川特別,3倍以上,ワイド,4,6,600,0
2025-05-17,2025-05-17_東京10R_立川特別,3倍以上,ワイド,5,10,1000,560
2025-05-17,2025-05-17_東京10R_立川特別,3倍以上,ワイド,6,15,1500,560
2025-05-17,2025-05-17_東京10R_立川特別,3倍以上,馬連,3,3,300,0
2025-05-17,2025-05-17_東京10R_立川特別,3倍以上,馬連,4,6,600,0
2025-05-17,2025-05-17_東京10R_立川特別,3倍以上,馬連,5,10,1000,1370
2025-05-17,2025-05-17_東京10R_立川特別,3倍以上,馬連,6,15,1500,1370
2025-05-17,2025-05-17_東京11R_六社S,2倍台,ワイド,3,3,300,370
2025-05-17,2025-05-17_東京11R_六社S,2倍台,ワイド,4,6,600,370
2025-05-17,2025-05-17_東京11R_六社S,2倍台,ワイド,5,10,1000,370
2025-05-17,2025-05-17_東京11R_六社S,2倍台,ワイド,6,15,1500,370
2025-05-17,2025-05-17_東京11R_六社S,2倍台,馬連,3,3,300,0
2025-05-17,2025-05-17_東京11R_六社S,2倍台,馬連,4,6,600,0
2025-05-17,2025-05-17_東京11R_六社S,2倍台,馬連,5,10,1000,0
2025-05-17,2025-05-17_東京11R_六社S,2倍台,馬連,6,15,1500,0
2025-05-17,2025-05-17_東京12R_4歳以上1勝クラス,3倍以上,ワイド,3,3,300,0
2025-05-17,2025-05-17_東京12R_4歳以上1勝クラス,3倍以上,ワイド,4,6,600,320
2025-05-17,2025-05-17_東京12R_4歳以上1勝クラス,3倍以上,ワイド,5,10,1000,3740
2025-05-17,2025-05-17_東京12R_4歳以上1勝クラス,3倍以上,ワイド,6,15,1500,3740
2025-05-17,2025-05-17_東京12R_4歳以上1勝クラス,3倍以上,馬連,3,3,300,0
2025-05-17,2025-05-17_東京12R_4歳以上1勝クラス,3倍以上,馬連,4,6,600,0
2025-05-17,2025-05-17_東京12R_4歳以上1勝クラス,3倍以上,馬連,5,10,1000,8760
2025-05-17,2025-05-17_東京12R_4歳以上1勝クラス,3倍以上,馬連,6,15,1500,8760
2025-05-18,2025-05-18_京都09R_白川特別,1倍台,ワイド,3,3,300,190
2025-05-18,2025-05-18_京都09R_白川特別,1倍台,ワイド,4,6,600,190
2025-05-18,2025-05-18_京都09R_白川特別,1倍台,ワイド,5,10,1000,680
2025-05-18,2025-05-18_京都09R_白川特別,1倍台,ワイド,6,15,1500,680
2025-05-18,2025-05-18_京都09R_白川特別,1倍台,馬連,3,3,300,460
2025-05-18,2025-05-18_京都09R_白川特別,1倍台,馬連,4,6,600,460
2025-05-18,2025-05-18_京都09R_白川特別,1倍台,馬連,5,10,1000,460
2025-05-18,2025-05-18_京都09R_白川特別,1倍台,馬連,6,15,1500,460
2025-05-18,2025-05-18_京都10R_錦S,3倍以上,ワイド,3,3,300,910
2025-05-18,2025-05-18_京都10R_錦S,3倍以上,ワイド,4,6,600,910
2025-05-18,2025-05-18_京都10R_錦S,3倍以上,ワイド,5,10,1000,910
2025-05-18,2025-05-18_京都10R_錦S,3倍以上,ワイド,6,15,1500,910
2025-05-18,2025-05-18_京都10R_錦S,3倍以上,馬連,3,3,300,0
2025-05-18,2025-05-18_京都10R_錦S,3倍以上,馬連,4,6,600,0
2025-05-18,2025-05-18_京都10R_錦S,3倍以上,馬連,5,10,1000,0
2025-05-18,2025-05-18_京都10R_錦S,3倍以上,馬連,6,15,1500,0
2025-05-18,2025-05-18_京都11R_栗東S,3倍以上,ワイド,3,3,300,0
2025-05-18,2025-05-18_京都11R_栗東S,3倍以上,ワイド,4,6,600,0
2025-05-18,2025-05-18_京都11R_栗東S,3倍以上,ワイド,5,10,1000,0
2025-05-18,2025-05-18_京都11R_栗東S,3倍以上,ワイド,6,15,1500,0
2025-05-18,2025-05-18_京都11R_栗東S,3倍以上,馬連,3,3,300,0
2025-05-18,2025-05-18_京都11R_栗東S,3倍以上,馬連,4,6,600,0
2025-05-18,2025-05-18_京都11R_栗東S,3倍以上,馬連,5,10,1000,0
2025-05-18,2025-05-18_京都11R_栗東S,3倍以上,馬連,6,15,1500,0
2025-05-18,2025-05-18_京都12R_4歳以上2勝クラス,3倍以上,ワイド,3,3,300,0
2025-05-18,2025-05-18_京都12R_4歳以上2勝クラス,3倍以上,ワイド,4,6,600,0
2025-05-18,2025-05-18_京都12R_4歳以上2勝クラス,3倍以上,ワイド,5,10,1000,2330
2025-05-18,2025-05-18_京都12R_4歳以上2勝クラス,3倍以上,ワイド,6,15,1500,2330
2025-05-18,2025-05-18_京都12R_4歳以上2勝クラス,3倍以上,馬連,3,3,300,0
2025-05-18,2025-05-18_京都12R_4歳以上2勝クラス,3倍以上,馬連,4,6,600,0
2025-05-18,2025-05-18_京都12R_4歳以上2勝クラス,3倍以上,馬連,5,10,1000,9330
2025-05-18,2025-05-18_京都12R_4歳以上2勝クラス,3倍以上,馬連,6,15,1500,9330
2025-05-18,2025-05-18_新潟09R_飛竜特別,3倍以上,ワイド,3,3,300,510
2025-05-18,2025-05-18_新潟09R_飛竜特別,3倍以上,ワイド,4,6,600,510
2025-05-18,2025-05-18_新潟09R_飛竜特別,3倍以上,ワイド,5,10,1000,510
2025-05-18,2025-05-18_新潟09R_飛竜特別,3倍以上,ワイド,6,15,1500,510
2025-05-18,2025-05-18_新潟09R_飛竜特別,3倍以上,馬連,3,3,300,1260
2025-05-18,2025-05-18_新潟09R_飛竜特別,3倍以上,馬連,4,6,600,1260
2025-05-18,2025-05-18_新潟09R_飛竜特別,3倍以上,馬連,5,10,1000,1260
2025-05-18,2025-05-18_新潟09R_飛竜特別,3倍以上,馬連,6,15,1500,1260
2025-05-18,2025-05-18_新潟10R_信濃川特別,3倍以上,ワイド,3,3,300,1210
2025-05-18,2025-05-18_新潟10R_信濃川特別,3倍以上,ワイド,4,6,600,1210
2025-05-18,2025-05-18_新潟10R_信濃川特別,3倍以上,ワイド,5,10,1000,1210
2025-05-18,2025-05-18_新潟10R_信濃川特別,3倍以上,ワイド,6,15,1500,1210
2025-05-18,2025-05-18_新潟10R_信濃川特別,3倍以上,馬連,3,3,300,0
2025-05-18,2025-05-18_新潟10R_信濃川特別,3倍以上,馬連,4,6,600,0
2025-05-18,2025-05-18_新潟10R_信濃川特別,3倍以上,馬連,5,10,1000,0
2025-05-18,2025-05-18_新潟10R_信濃川特別,3倍以上,馬連,6,15,1500,0
2025-05-18,2025-05-18_新潟11R_弥彦S,2倍台,ワイド,3,3,300,0
2025-05-18,2025-05-18_新潟11R_弥彦S,2倍台,ワイド,4,6,600,0
2025-05-18,2025-05-18_新潟11R_弥彦S,2倍台,ワイド,5,10,1000,0
2025-05-18,2025-05-18_新潟11R_弥彦S,2倍台,ワイド,6,15,1500,0
2025-05-18,2025-05-18_新潟11R_弥彦S,2倍台,馬連,3,3,300,0
2025-05-18,2025-05-18_新潟11R_弥彦S,2倍台,馬連,4,6,600,0
2025-05-18,2025-05-18_新潟11R_弥彦S,2倍台,馬連,5,10,1000,0
2025-05-18,2025-05-18_新潟11R_弥彦S,2倍台,馬連,6,15,1500,0
2025-05-18,2025-05-18_新潟12R_4歳以上1勝クラス,1倍台,ワイド,3,3,300,0
2025-05-18,2025-05-18_新潟12R_4歳以上1勝クラス,1倍台,ワイド,4,6,600,0
2025-05-18,2025-05-18_新潟12R_4歳以上1勝クラス,1倍台,ワイド,5,10,1000,0
2025-05-18,2025-05-18_新潟12R_4歳以上1勝クラス,1倍台,ワイド,6,15,1500,4690
2025-05-18,2025-05-18_新潟12R_4歳以上1勝クラス,1倍台,馬連,3,3,300,0
2025-05-18,2025-05-18_新潟12R_4歳以上1勝クラス,1倍台,馬連,4,6,600,0
2025-05-18,2025-05-18_新潟12R_4歳以上1勝クラス,1倍台,馬連,5,10,1000,0
2025-05-18,2025-05-18_新潟12R_4歳以上1勝クラス,1倍台,馬連,6,15,1500,0
2025-05-18,2025-05-18_東京09R_テレ玉杯,2倍台,ワイド,3,3,300,0
2025-05-18,2025-05-18_東京09R_テレ玉杯,2倍台,ワイド,4,6,600,280
2025-05-18,2025-05-18_東京09R_テレ玉杯,2倍台,ワイド,5,10,1000,900
2025-05-18,2025-05-18_東京09R_テレ玉杯,2倍台,ワイド,6,15,1500,900
2025-05-18,2025-05-18_東京09R_テレ玉杯,2倍台,馬連,3,3,300,0
2025-05-18,2025-05-18_東京09R_テレ玉杯,2倍台,馬連,4,6,600,620
2025-05-18,2025-05-18_東京09R_テレ玉杯,2倍台,馬連,5,10,1000,620
2025-05-18,2025-05-18_東京09R_テレ玉杯,2倍台,馬連,6,15,1500,620
2025-05-18,2025-05-18_東京10R_青梅特別,2倍台,ワイド,3,3,300,0
2025-05-18,2025-05-18_東京10R_青梅特別,2倍台,ワイド,4,6,600,0
2025-05-18,2025-05-18_東京10R_青梅特別,2倍台,ワイド,5,10,1000,0
2025-05-18,2025-05-18_東京10R_青梅特別,2倍台,ワイド,6,15,1500,0
2025-05-18,2025-05-18_東京10R_青梅特別,2倍台,馬連,3,3,300,0
2025-05-18,2025-05-18_東京10R_青梅特別,2倍台,馬連,4,6,600,0
2025-05-18,2025-05-18_東京10R_青梅特別,2倍台,馬連,5,10,1000,0
2025-05-18,2025-05-18_東京10R_青梅特別,2倍台,馬連,6,15,1500,0
2025-05-18,2025-05-18_東京11R_ヴィクトリアマイル,2倍台,ワイド,3,3,300,0
2025-05-18,2025-05-18_東京11R_ヴィクトリアマイル,2倍台,ワイド,4,6,600,0
2025-05-18,2025-05-18_東京11R_ヴィクトリアマイル,2倍台,ワイド,5,10,1000,0
2025-05-18,2025-05-18_東京11R_ヴィクトリアマイル,2倍台,ワイド,6,15,1500,0
2025-05-18,2025-05-18_東京11R_ヴィクトリアマイル,2倍台,馬連,3,3,300,0
2025-05-18,2025-05-18_東京11R_ヴィクトリアマイル,2倍台,馬連,4,6,600,0
2025-05-18,2025-05-18_東京11R_ヴィクトリアマイル,2倍台,馬連,5,10,1000,0
2025-05-18,2025-05-18_東京11R_ヴィクトリアマイル,2倍台,馬連,6,15,1500,0
2025-05-18,2025-05-18_東京12R_BSイレブン賞,3倍以上,ワイド,3,3,300,0
2025-05-18,2025-05-18_東京12R_BSイレブン賞,3倍以上,ワイド,4,6,600,0
2025-05-18,2025-05-18_東京12R_BSイレブン賞,3倍以上,ワイド,5,10,1000,0
2025-05-18,2025-05-18_東京12R_BSイレブン賞,3倍以上,ワイド,6,15,1500,0
2025-05-18,2025-05-18_東京12R_BSイレブン賞,3倍以上,馬連,3,3,300,0
2025-05-18,2025-05-18_東京12R_BSイレブン賞,3倍以上,馬連,4,6,600,0
2025-05-18,2025-05-18_東京12R_BSイレブン賞,3倍以上,馬連,5,10,1000,0
2025-05-18,2025-05-18_東京12R_BSイレブン賞,3倍以上,馬連,6,15,1500,0
2025-05-24,2025-05-24_京都09R_メルボルンT,1倍台,ワイド,3,3,300,0
2025-05-24,2025-05-24_京都09R_メルボルンT,1倍台,ワイド,4,6,600,0
2025-05-24,2025-05-24_京都09R_メルボルンT,1倍台,ワイド,5,10,1000,0
2025-05-24,2025-05-24_京都09R_メルボルンT,1倍台,ワイド,6,15,1500,0
2025-05-24,2025-05-24_京都09R_メルボルンT,1倍台,馬連,3,3,300,0
2025-05-24,2025-05-24_京都09R_メルボルンT,1倍台,馬連,4,6,600,0
2025-05-24,2025-05-24_京都09R_メルボルンT,1倍台,馬連,5,10,1000,0
2025-05-24,2025-05-24_京都09R_メルボルンT,1倍台,馬連,6,15,1500,0
2025-05-24,2025-05-24_京都10R_シドニーT,2倍台,ワイド,3,3,300,0
2025-05-24,2025-05-24_京都10R_シドニーT,2倍台,ワイド,4,6,600,230
2025-05-24,2025-05-24_京都10R_シドニーT,2倍台,ワイド,5,10,1000,230
2025-05-24,2025-05-24_京都10R_シドニーT,2倍台,ワイド,6,15,1500,230
2025-05-24,2025-05-24_京都10R_シドニーT,2倍台,馬連,3,3,300,0
2025-05-24,2025-05-24_京都10R_シドニーT,2倍台,馬連,4,6,600,560
2025-05-24,2025-05-24_京都10R_シドニーT,2倍台,馬連,5,10,1000,560
2025-05-24,2025-05-24_京都10R_シドニーT,2倍台,馬連,6,15,1500,560
2025-05-24,2025-05-24_京都11R_平安S,3倍以上,ワイド,3,3,300,0
2025-05-24,2025-05-24_京都11R_平安S,3倍以上,ワイド,4,6,600,0
2025-05-24,2025-05-24_京都11R_平安S,3倍以上,ワイド,5,10,1000,0
2025-05-24,2025-05-24_京都11R_平安S,3倍以上,ワイド,6,15,1500,0
2025-05-24,2025-05-24_京都11R_平安S,3倍以上,馬連,3,3,300,0
2025-05-24,2025-05-24_京都11R_平安S,3倍以上,馬連,4,6,600,0
2025-05-24,2025-05-24_京都11R_平安S,3倍以上,馬連,5,10,1000,0
2025-05-24,2025-05-24_京都11R_平安S,3倍以上,馬連,6,15,1500,0
2025-05-24,2025-05-24_京都12R_オーストラリアT,2倍台,ワイド,3,3,300,390
2025-05-24,2025-05-24_京都12R_オーストラリアT,2倍台,ワイド,4,6,600,390
2025-05-24,2025-05-24_京都12R_オーストラリアT,2倍台,ワイド,5,10,1000,390
2025-05-24,2025-05-24_京都12R_オーストラリアT,2倍台,ワイド,6,15,1500,390
2025-05-24,2025-05-24_京都12R_オーストラリアT,2倍台,馬連,3,3,300,940
2025-05-24,2025-05-24_京都12R_オーストラリアT,2倍台,馬連,4,6,600,940
2025-05-24,2025-05-24_京都12R_オーストラリアT,2倍台,馬連,5,10,1000,940
2025-05-24,2025-05-24_京都12R_オーストラリアT,2倍台,馬連,6,15,1500,940
2025-05-24,2025-05-24_新潟09R_はやぶさ賞,2倍台,ワイド,3,3,300,0
2025-05-24,2025-05-24_新潟09R_はやぶさ賞,2倍台,ワイド,4,6,600,0
2025-05-24,2025-05-24_新潟09R_はやぶさ賞,2倍台,ワイド,5,10,1000,1060
2025-05-24,2025-05-24_新潟09R_はやぶさ賞,2倍台,ワイド,6,15,1500,1060
2025-05-24,2025-05-24_新潟09R_はやぶさ賞,2倍台,馬連,3,3,300,0
2025-05-24,2025-05-24_新潟09R_はやぶさ賞,2倍台,馬連,4,6,600,0
2025-05-24,2025-05-24_新潟09R_はやぶさ賞,2倍台,馬連,5,10,1000,0
2025-05-24,2025-05-24_新潟09R_はやぶさ賞,2倍台,馬連,6,15,1500,0
2025-05-24,2025-05-24_新潟10R_石打特別,3倍以上,ワイド,3,3,300,0
2025-05-24,2025-05-24_新潟10R_石打特別,3倍以上,ワイド,4,6,600,0
2025-05-24,2025-05-24_新潟10R_石打特別,3倍以上,ワイド,5,10,1000,1960
2025-05-24,2025-05-24_新潟10R_石打特別,3倍以上,ワイド,6,15,1500,1960
2025-05-24,2025-05-24_新潟10R_石打特別,3倍以上,馬連,3,3,300,0
2025-05-24,2025-05-24_新潟10R_石打特別,3倍以上,馬連,4,6,600,0
2025-05-24,2025-05-24_新潟10R_石打特別,3倍以上,馬連,5,10,1000,0
2025-05-24,2025-05-24_新潟10R_石打特別,3倍以上,馬連,6,15,1500,0
2025-05-24,2025-05-24_新潟11R_大日岳特別,1倍台,ワイド,3,3,300,300
2025-05-24,2025-05-24_新潟11R_大日岳特別,1倍台,ワイド,4,6,600,1290
2025-05-24,2025-05-24_新潟11R_大日岳特別,1倍台,ワイド,5,10,1000,1290
2025-05-24,2025-05-24_新潟11R_大日岳特別,1倍台,ワイド,6,15,1500,1290
2025-05-24,2025-05-24_新潟11R_大日岳特別,1倍台,馬連,3,3,300,690
2025-05-24,2025-05-24_新潟11R_大日岳特別,1倍台,馬連,4,6,600,690
2025-05-24,2025-05-24_新潟11R_大日岳特別,1倍台,馬連,5,10,1000,690
2025-05-24,2025-05-24_新潟11R_大日岳特別,1倍台,馬連,6,15,1500,690
2025-05-24,2025-05-24_新潟12R_4歳以上1勝クラス,2倍台,ワイド,3,3,300,0
2025-05-24,2025-05-24_新潟12R_4歳以上1勝クラス,2倍台,ワイド,4,6,600,0
2025-05-24,2025-05-24_新潟12R_4歳以上1勝クラス,2倍台,ワイド,5,10,1000,0
2025-05-24,2025-05-24_新潟12R_4歳以上1勝クラス,2倍台,ワイド,6,15,1500,0
2025-05-24,2025-05-24_新潟12R_4歳以上1勝クラス,2倍台,馬連,3,3,300,0
2025-05-24,2025-05-24_新潟12R_4歳以上1勝クラス,2倍台,馬連,4,6,600,0
2025-05-24,2025-05-24_新潟12R_4歳以上1勝クラス,2倍台,馬連,5,10,1000,0
2025-05-24,2025-05-24_新潟12R_4歳以上1勝クラス,2倍台,馬連,6,15,1500,0
2025-05-24,2025-05-24_東京09R_カーネーションC,1倍台,ワイド,3,3,300,150
2025-05-24,2025-05-24_東京09R_カーネーションC,1倍台,ワイド,4,6,600,570
2025-05-24,2025-05-24_東京09R_カーネーションC,1倍台,ワイド,5,10,1000,570
2025-05-24,2025-05-24_東京09R_カーネーションC,1倍台,ワイド,6,15,1500,570
2025-05-24,2025-05-24_東京09R_カーネーションC,1倍台,馬連,3,3,300,0
2025-05-24,2025-05-24_東京09R_カーネーションC,1倍台,馬連,4,6,600,820
2025-05-24,2025-05-24_東京09R_カーネーションC,1倍台,馬連,5,10,1000,820
2025-05-24,2025-05-24_東京09R_カーネーションC,1倍台,馬連,6,15,1500,820
2025-05-24,2025-05-24_東京10R_高尾特別,2倍台,ワイド,3,3,300,0
2025-05-24,2025-05-24_東京10R_高尾特別,2倍台,ワイド,4,6,600,0
2025-05-24,2025-05-24_東京10R_高尾特別,2倍台,ワイド,5,10,1000,0
2025-05-24,2025-05-24_東京10R_高尾特別,2倍台,ワイド,6,15,1500,0
2025-05-24,2025-05-24_東京10R_高尾特別,2倍台,馬連,3,3,300,0
2025-05-24,2025-05-24_東京10R_高尾特別,2倍台,馬連,4,6,600,0
2025-05-24,2025-05-24_東京10R_高尾特別,2倍台,馬連,5,10,1000,0
2025-05-24,2025-05-24_東京10R_高尾特別,2倍台,馬連,6,15,1500,0
2025-05-24,2025-05-24_東京11R_欅S,1倍台,ワイド,3,3,300,940
2025-05-24,2025-05-24_東京11R_欅S,1倍台,ワイド,4,6,600,940
2025-05-24,2025-05-24_東京11R_欅S,1倍台,ワイド,5,10,1000,940
2025-05-24,2025-05-24_東京11R_欅S,1倍台,ワイド,6,15,1500,940
2025-05-24,2025-05-24_東京11R_欅S,1倍台,馬連,3,3,300,620
2025-05-24,2025-05-24_東京11R_欅S,1倍台,馬連,4,6,600,620
2025-05-24,2025-05-24_東京11R_欅S,1倍台,馬連,5,10,1000,620
2025-05-24,2025-05-24_東京11R_欅S,1倍台,馬連,6,15,1500,620
2025-05-24,2025-05-24_東京12R_4歳以上2勝クラス,3倍以上,ワイド,3,3,300,1020
2025-05-24,2025-05-24_東京12R_4歳以上2勝クラス,3倍以上,ワイド,4,6,600,1020
2025-05-24,2025-05-24_東京12R_4歳以上2勝クラス,3倍以上,ワイド,5,10,1000,1020
2025-05-24,2025-05-24_東京12R_4歳以上2勝クラス,3倍以上,ワイド,6,15,1500,6460
2025-05-24,2025-05-24_東京12R_4歳以上2勝クラス,3倍以上,馬連,3,3,300,2860
2025-05-24,2025-05-24_東京12R_4歳以上2勝クラス,3倍以上,馬連,4,6,600,2860
2025-05-24,2025-05-24_東京12R_4歳以上2勝クラス,3倍以上,馬連,5,10,1000,2860
2025-05-24,2025-05-24_東京12R_4歳以上2勝クラス,3倍以上,馬連,6,15,1500,2860
2025-05-25,2025-05-25_京都09R_4歳以上1勝クラス,2倍台,ワイド,3,3,300,740
2025-05-25,2025-05-25_京都09R_4歳以上1勝クラス,2倍台,ワイド,4,6,600,740
2025-05-25,2025-05-25_京都09R_4歳以上1勝クラス,2倍台,ワイド,5,10,1000,740
2025-05-25,2025-05-25_京都09R_4歳以上1勝クラス,2倍台,ワイド,6,15,1500,3400
2025-05-25,2025-05-25_京都09R_4歳以上1勝クラス,2倍台,馬連,3,3,300,0
2025-05-25,2025-05-25_京都09R_4歳以上1勝クラス,2倍台,馬連,4,6,600,0
2025-05-25,2025-05-25_京都09R_4歳以上1勝クラス,2倍台,馬連,5,10,1000,0
2025-05-25,2025-05-25_京都09R_4歳以上1勝クラス,2倍台,馬連,6,15,1500,9890
2025-05-25,2025-05-25_京都10R_高瀬川S,3倍以上,ワイド,3,3,300,610
2025-05-25,2025-05-25_京都10R_高瀬川S,3倍以上,ワイド,4,6,600,610
2025-05-25,2025-05-25_京都10R_高瀬川S,3倍以上,ワイド,5,10,1000,610
2025-05-25,2025-05-25_京都10R_高瀬川S,3倍以上,ワイド,6,15,1500,610
2025-05-25,2025-05-25_京都10R_高瀬川S,3倍以上,馬連,3,3,300,0
2025-05-25,2025-05-25_京都10R_高瀬川S,3倍以上,馬連,4,6,600,0
2025-05-25,2025-05-25_京都10R_高瀬川S,3倍以上,馬連,5,10,1000,0
2025-05-25,2025-05-25_京都10R_高瀬川S,3倍以上,馬連,6,15,1500,0
2025-05-25,2025-05-25_京都11R_都大路S,3倍以上,ワイド,3,3,300,0
2025-05-25,2025-05-25_京都11R_都大路S,3倍以上,ワイド,4,6,600,0
2025-05-25,2025-05-25_京都11R_都大路S,3倍以上,ワイド,5,10,1000,0
2025-05-25,2025-05-25_京都11R_都大路S,3倍以上,ワイド,6,15,1500,0
2025-05-25,2025-05-25_京都11R_都大路S,3倍以上,馬連,3,3,300,0
2025-05-25,2025-05-25_京都11R_都大路S,3倍以上,馬連,4,6,600,0
2025-05-25,2025-05-25_京都11R_都大路S,3倍以上,馬連,5,10,1000,0
2025-05-25,2025-05-25_京都11R_都大路S,3倍以上,馬連,6,15,1500,0
2025-05-25,2025-05-25_京都12R_4歳以上2勝クラス,2倍台,ワイド,3,3,300,0
2025-05-25,2025-05-25_京都12R_4歳以上2勝クラス,2倍台,ワイド,4,6,600,0
2025-05-25,2025-05-25_京都12R_4歳以上2勝クラス,2倍台,ワイド,5,10,1000,0
2025-05-25,2025-05-25_京都12R_4歳以上2勝クラス,2倍台,ワイド,6,15,1500,880
2025-05-25,2025-05-25_京都12R_4歳以上2勝クラス,2倍台,馬連,3,3,300,0
2025-05-25,2025-05-25_京都12R_4歳以上2勝クラス,2倍台,馬連,4,6,600,0
2025-05-25,2025-05-25_京都12R_4歳以上2勝クラス,2倍台,馬連,5,10,1000,0
2025-05-25,2025-05-25_京都12R_4歳以上2勝クラス,2倍台,馬連,6,15,1500,0
2025-05-25,2025-05-25_新潟09R_二王子特別,3倍以上,ワイド,3,3,300,0
2025-05-25,2025-05-25_新潟09R_二王子特別,3倍以上,ワイド,4,6,600,0
2025-05-25,2025-05-25_新潟09R_二王子特別,3倍以上,ワイド,5,10,1000,0
2025-05-25,2025-05-25_新潟09R_二王子特別,3倍以上,ワイド,6,15,1500,0
2025-05-25,2025-05-25_新潟09R_二王子特別,3倍以上,馬連,3,3,300,0
2025-05-25,2025-05-25_新潟09R_二王子特別,3倍以上,馬連,4,6,600,0
2025-05-25,2025-05-25_新潟09R_二王子特別,3倍以上,馬連,5,10,1000,0
2025-05-25,2025-05-25_新潟09R_二王子特別,3倍以上,馬連,6,15,1500,0
2025-05-25,2025-05-25_新潟10R_火打山特別,3倍以上,ワイド,3,3,300,330
2025-05-25,2025-05-25_新潟10R_火打山特別,3倍以上,ワイド,4,6,600,3960
2025-05-25,2025-05-25_新潟10R_火打山特別,3倍以上,ワイド,5,10,1000,3960
2025-05-25,2025-05-25_新潟10R_火打山特別,3倍以上,ワイド,6,15,1500,3960
2025-05-25,2025-05-25_新潟10R_火打山特別,3倍以上,馬連,3,3,300,730
2025-05-25,2025-05-25_新潟10R_火打山特別,3倍以上,馬連,4,6,600,730
2025-05-25,2025-05-25_新潟10R_火打山特別,3倍以上,馬連,5,10,1000,730
2025-05-25,2025-05-25_新潟10R_火打山特別,3倍以上,馬連,6,15,1500,730
2025-05-25,2025-05-25_新潟11R_韋駄天S,3倍以上,ワイド,3,3,300,0
2025-05-25,2025-05-25_新潟11R_韋駄天S,3倍以上,ワイド,4,6,600,0
2025-05-25,2025-05-25_新潟11R_韋駄天S,3倍以上,ワイド,5,10,1000,0
2025-05-25,2025-05-25_新潟11R_韋駄天S,3倍以上,ワイド,6,15,1500,0
2025-05-25,2025-05-25_新潟11R_韋駄天S,3倍以上,馬連,3,3,300,0
2025-05-25,2025-05-25_新潟11R_韋駄天S,3倍以上,馬連,4,6,600,0
2025-05-25,2025-05-25_新潟11R_韋駄天S,3倍以上,馬連,5,10,1000,0
2025-05-25,2025-05-25_新潟11R_韋駄天S,3倍以上,馬連,6,15,1500,0
2025-05-25,2025-05-25_新潟12R_4歳以上1勝クラス,2倍台,ワイド,3,3,300,0
2025-05-25,2025-05-25_新潟12R_4歳以上1勝クラス,2倍台,ワイド,4,6,600,0
2025-05-25,2025-05-25_新潟12R_4歳以上1勝クラス,2倍台,ワイド,5,10,1000,0
2025-05-25,2025-05-25_新潟12R_4歳以上1勝クラス,2倍台,ワイド,6,15,1500,460
2025-05-25,2025-05-25_新潟12R_4歳以上1勝クラス,2倍台,馬連,3,3,300,0
2025-05-25,2025-05-25_新潟12R_4歳以上1勝クラス,2倍台,馬連,4,6,600,0
2025-05-25,2025-05-25_新潟12R_4歳以上1勝クラス,2倍台,馬連,5,10,1000,0
2025-05-25,2025-05-25_新潟12R_4歳以上1勝クラス,2倍台,馬連,6,15,1500,1050
2025-05-25,2025-05-25_東京09R_調布特別,1倍台,ワイド,3,3,300,0
2025-05-25,2025-05-25_東京09R_調布特別,1倍台,ワイド,4,6,600,0
2025-05-25,2025-05-25_東京09R_調布特別,1倍台,ワイド,5,10,1000,0
2025-05-25,2025-05-25_東京09R_調布特別,1倍台,ワイド,6,15,1500,0
2025-05-25,2025-05-25_東京09R_調布特別,1倍台,馬連,3,3,300,0
2025-05-25,2025-05-25_東京09R_調布特別,1倍台,馬連,4,6,600,0
2025-05-25,2025-05-25_東京09R_調布特別,1倍台,馬連,5,10,1000,0
2025-05-25,2025-05-25_東京09R_調布特別,1倍台,馬連,6,15,1500,0
2025-05-25,2025-05-25_東京10R_フリーウェイS,2倍台,ワイド,3,3,300,1500
2025-05-25,2025-05-25_東京10R_フリーウェイS,2倍台,ワイド,4,6,600,3100
2025-05-25,2025-05-25_東京10R_フリーウェイS,2倍台,ワイド,5,10,1000,3100
2025-05-25,2025-05-25_東京10R_フリーウェイS,2倍台,ワイド,6,15,1500,3100
2025-05-25,2025-05-25_東京10R_フリーウェイS,2倍台,馬連,3,3,300,0
2025-05-25,2025-05-25_東京10R_フリーウェイS,2倍台,馬連,4,6,600,1700
2025-05-25,2025-05-25_東京10R_フリーウェイS,2倍台,馬連,5,10,1000,1700
2025-05-25,2025-05-25_東京10R_フリーウェイS,2倍台,馬連,6,15,1500,1700
2025-05-25,2025-05-25_東京11R_オークス,3倍以上,ワイド,3,3,300,1900
2025-05-25,2025-05-25_東京11R_オークス,3倍以上,ワイド,4,6,600,6690
2025-05-25,2025-05-25_東京11R_オークス,3倍以上,ワイド,5,10,1000,6690
2025-05-25,2025-05-25_東京11R_オークス,3倍以上,ワイド,6,15,1500,6690
2025-05-25,2025-05-25_東京11R_オークス,3倍以上,馬連,3,3,300,0
2025-05-25,2025-05-25_東京11R_オークス,3倍以上,馬連,4,6,600,2470
2025-05-25,2025-05-25_東京11R_オークス,3倍以上,馬連,5,10,1000,2470
2025-05-25,2025-05-25_東京11R_オークス,3倍以上,馬連,6,15,1500,2470
2025-05-25,2025-05-25_東京12R_丹沢S,3倍以上,ワイド,3,3,300,0
2025-05-25,2025-05-25_東京12R_丹沢S,3倍以上,ワイド,4,6,600,0
2025-05-25,2025-05-25_東京12R_丹沢S,3倍以上,ワイド,5,10,1000,0
2025-05-25,2025-05-25_東京12R_丹沢S,3倍以上,ワイド,6,15,1500,0
2025-05-25,2025-05-25_東京12R_丹沢S,3倍以上,馬連,3,3,300,0
2025-05-25,2025-05-25_東京12R_丹沢S,3倍以上,馬連,4,6,600,0
2025-05-25,2025-05-25_東京12R_丹沢S,3倍以上,馬連,5,10,1000,0
2025-05-25,2025-05-25_東京12R_丹沢S,3倍以上,馬連,6,15,1500,0
2025-05-31,2025-05-31_京都09R_鳳雛S,2倍台,ワイド,3,3,300,0
2025-05-31,2025-05-31_京都09R_鳳雛S,2倍台,ワイド,4,6,600,0
2025-05-31,2025-05-31_京都09R_鳳雛S,2倍台,ワイド,5,10,1000,0
2025-05-31,2025-05-31_京都09R_鳳雛S,2倍台,ワイド,6,15,1500,0
2025-05-31,2025-05-31_京都09R_鳳雛S,2倍台,馬連,3,3,300,0
2025-05-31,2025-05-31_京都09R_鳳雛S,2倍台,馬連,4,6,600,0
2025-05-31,2025-05-31_京都09R_鳳雛S,2倍台,馬連,5,10,1000,0
2025-05-31,2025-05-31_京都09R_鳳雛S,2倍台,馬連,6,15,1500,0
2025-05-31,2025-05-31_京都10R_桃山S,2倍台,ワイド,3,3,300,0
2025-05-31,2025-05-31_京都10R_桃山S,2倍台,ワイド,4,6,600,0
2025-05-31,2025-05-31_京都10R_桃山S,2倍台,ワイド,5,10,1000,0
2025-05-31,2025-05-31_京都10R_桃山S,2倍台,ワイド,6,15,1500,0
2025-05-31,2025-05-31_京都10R_桃山S,2倍台,馬連,3,3,300,0
2025-05-31,2025-05-31_京都10R_桃山S,2倍台,馬連,4,6,600,0
2025-05-31,2025-05-31_京都10R_桃山S,2倍台,馬連,5,10,1000,0
2025-05-31,2025-05-31_京都10R_桃山S,2倍台,馬連,6,15,1500,0
2025-05-31,2025-05-31_京都11R_葵S,3倍以上,ワイド,3,3,300,0
2025-05-31,2025-05-31_京都11R_葵S,3倍以上,ワイド,4,6,600,0
2025-05-31,2025-05-31_京都11R_葵S,3倍以上,ワイド,5,10,1000,0
2025-05-31,2025-05-31_京都11R_葵S,3倍以上,ワイド,6,15,1500,0
2025-05-31,2025-05-31_京都11R_葵S,3倍以上,馬連,3,3,300,0
2025-05-31,2025-05-31_京都11R_葵S,3倍以上,馬連,4,6,600,0
2025-05-31,2025-05-31_京都11R_葵S,3倍以上,馬連,5,10,1000,0
2025-05-31,2025-05-31_京都11R_葵S,3倍以上,馬連,6,15,1500,0
2025-05-31,2025-05-31_京都12R_4歳以上2勝クラス,2倍台,ワイド,3,3,300,0
2025-05-31,2025-05-31_京都12R_4歳以上2勝クラス,2倍台,ワイド,4,6,600,0
2025-05-31,2025-05-31_京都12R_4歳以上2勝クラス,2倍台,ワイド,5,10,1000,0
2025-05-31,2025-05-31_京都12R_4歳以上2勝クラス,2倍台,ワイド,6,15,1500,0
2025-05-31,2025-05-31_京都12R_4歳以上2勝クラス,2倍台,馬連,3,3,300,0
2025-05-31,2025-05-31_京都12R_4歳以上2勝クラス,2倍台,馬連,4,6,600,0
2025-05-31,2025-05-31_京都12R_4歳以上2勝クラス,2倍台,馬連,5,10,1000,0
2025-05-31,2025-05-31_京都12R_4歳以上2勝クラス,2倍台,馬連,6,15,1500,0
2025-05-31,2025-05-31_東京10R_葉山特別,3倍以上,ワイド,3,3,300,0
2025-05-31,2025-05-31_東京10R_葉山特別,3倍以上,ワイド,4,6,600,0
2025-05-31,2025-05-31_東京10R_葉山特別,3倍以上,ワイド,5,10,1000,0
2025-05-31,2025-05-31_東京10R_葉山特別,3倍以上,ワイド,6,15,1500,0
2025-05-31,2025-05-31_東京10R_葉山特別,3倍以上,馬連,3,3,300,0
2025-05-31,2025-05-31_東京10R_葉山特別,3倍以上,馬連,4,6,600,0
2025-05-31,2025-05-31_東京10R_葉山特別,3倍以上,馬連,5,10,1000,0
2025-05-31,2025-05-31_東京10R_葉山特別,3倍以上,馬連,6,15,1500,0
2025-05-31,2025-05-31_東京11R_アハルテケS,2倍台,ワイド,3,3,300,0
2025-05-31,2025-05-31_東京11R_アハルテケS,2倍台,ワイド,4,6,600,0
2025-05-31,2025-05-31_東京11R_アハルテケS,2倍台,ワイド,5,10,1000,0
2025-05-31,2025-05-31_東京11R_アハルテケS,2倍台,ワイド,6,15,1500,0
2025-05-31,2025-05-31_東京11R_アハルテケS,2倍台,馬連,3,3,300,0
2025-05-31,2025-05-31_東京11R_アハルテケS,2倍台,馬連,4,6,600,0
2025-05-31,2025-05-31_東京11R_アハルテケS,2倍台,馬連,5,10,1000,0
2025-05-31,2025-05-31_東京11R_アハルテケS,2倍台,馬連,6,15,1500,0
2025-05-31,2025-05-31_東京12R_4歳以上2勝クラス,1倍台,ワイド,3,3,300,0
2025-05-31,2025-05-31_東京12R_4歳以上2勝クラス,1倍台,ワイド,4,6,600,0
2025-05-31,2025-05-31_東京12R_4歳以上2勝クラス,1倍台,ワイド,5,10,1000,0
2025-05-31,2025-05-31_東京12R_4歳以上2勝クラス,1倍台,ワイド,6,15,1500,0
2025-05-31,2025-05-31_東京12R_4歳以上2勝クラス,1倍台,馬連,3,3,300,0
2025-05-31,2025-05-31_東京12R_4歳以上2勝クラス,1倍台,馬連,4,6,600,0
2025-05-31,2025-05-31_東京12R_4歳以上2勝クラス,1倍台,馬連,5,10,1000,0
2025-05-31,2025-05-31_東京12R_4歳以上2勝クラス,1倍台,馬連,6,15,1500,0
2025-06-01,2025-06-01_京都09R_與杼特別,3倍以上,ワイド,3,3,300,0
2025-06-01,2025-06-01_京都09R_與杼特別,3倍以上,ワイド,4,6,600,0
2025-06-01,2025-06-01_京都09R_與杼特別,3倍以上,ワイド,5,10,1000,0
2025-06-01,2025-06-01_京都09R_與杼特別,3倍以上,ワイド,6,15,1500,0
2025-06-01,2025-06-01_京都09R_與杼特別,3倍以上,馬連,3,3,300,0
2025-06-01,2025-06-01_京都09R_與杼特別,3倍以上,馬連,4,6,600,0
2025-06-01,2025-06-01_京都09R_與杼特別,3倍以上,馬連,5,10,1000,0
2025-06-01,2025-06-01_京都09R_與杼特別,3倍以上,馬連,6,15,1500,0
2025-06-01,2025-06-01_京都10R_安土城S,3倍以上,ワイド,3,3,300,0
2025-06-01,2025-06-01_京都10R_安土城S,3倍以上,ワイド,4,6,600,0
2025-06-01,2025-06-01_京都10R_安土城S,3倍以上,ワイド,5,10,1000,4200
2025-06-01,2025-06-01_京都10R_安土城S,3倍以上,ワイド,6,15,1500,4200
2025-06-01,2025-06-01_京都10R_安土城S,3倍以上,馬連,3,3,300,0
2025-06-01,2025-06-01_京都10R_安土城S,3倍以上,馬連,4,6,600,0
2025-06-01,2025-06-01_京都10R_安土城S,3倍以上,馬連,5,10,1000,0
2025-06-01,2025-06-01_京都10R_安土城S,3倍以上,馬連,6,15,1500,0
2025-06-01,2025-06-01_京都11R_白百合S,3倍以上,ワイド,3,3,300,0
2025-06-01,2025-06-01_京都11R_白百合S,3倍以上,ワイド,4,6,600,0
2025-06-01,2025-06-01_京都11R_白百合S,3倍以上,ワイド,5,10,1000,0
2025-06-01,2025-06-01_京都11R_白百合S,3倍以上,ワイド,6,15,1500,1530
2025-06-01,2025-06-01_京都11R_白百合S,3倍以上,馬連,3,3,300,0
2025-06-01,2025-06-01_京都11R_白百合S,3倍以上,馬連,4,6,600,0
2025-06-01,2025-06-01_京都11R_白百合S,3倍以上,馬連,5,10,1000,0
2025-06-01,2025-06-01_京都11R_白百合S,3倍以上,馬連,6,15,1500,0
2025-06-01,2025-06-01_京都12R_渡月橋S,3倍以上,ワイド,3,3,300,0
2025-06-01,2025-06-01_京都12R_渡月橋S,3倍以上,ワイド,4,6,600,0
2025-06-01,2025-06-01_京都12R_渡月橋S,3倍以上,ワイド,5,10,1000,0
2025-06-01,2025-06-01_京都12R_渡月橋S,3倍以上,ワイド,6,15,1500,0
2025-06-01,2025-06-01_京都12R_渡月橋S,3倍以上,馬連,3,3,300,0
2025-06-01,2025-06-01_京都12R_渡月橋S,3倍以上,馬連,4,6,600,0
2025-06-01,2025-06-01_京都12R_渡月橋S,3倍以上,馬連,5,10,1000,0
2025-06-01,2025-06-01_京都12R_渡月橋S,3倍以上,馬連,6,15,1500,0
2025-06-01,2025-06-01_東京09R_薫風S,2倍台,ワイド,3,3,300,0
2025-06-01,2025-06-01_東京09R_薫風S,2倍台,ワイド,4,6,600,1550
2025-06-01,2025-06-01_東京09R_薫風S,2倍台,ワイド,5,10,1000,1550
2025-06-01,2025-06-01_東京09R_薫風S,2倍台,ワイド,6,15,1500,1550
2025-06-01,2025-06-01_東京09R_薫風S,2倍台,馬連,3,3,300,0
2025-06-01,2025-06-01_東京09R_薫風S,2倍台,馬連,4,6,600,0
2025-06-01,2025-06-01_東京09R_薫風S,2倍台,馬連,5,10,1000,0
2025-06-01,2025-06-01_東京09R_薫風S,2倍台,馬連,6,15,1500,0
2025-06-01,2025-06-01_東京10R_むらさき賞,3倍以上,ワイド,3,3,300,430
2025-06-01,2025-06-01_東京10R_むらさき賞,3倍以上,ワイド,4,6,600,430
2025-06-01,2025-06-01_東京10R_むらさき賞,3倍以上,ワイド,5,10,1000,2270
2025-06-01,2025-06-01_東京10R_むらさき賞,3倍以上,ワイド,6,15,1500,2270
2025-06-01,2025-06-01_東京10R_むらさき賞,3倍以上,馬連,3,3,300,1040
2025-06-01,2025-06-01_東京10R_むらさき賞,3倍以上,馬連,4,6,600,1040
2025-06-01,2025-06-01_東京10R_むらさき賞,3倍以上,馬連,5,10,1000,1040
2025-06-01,2025-06-01_東京10R_むらさき賞,3倍以上,馬連,6,15,1500,1040
2025-06-01,2025-06-01_東京11R_日本ダービー,2倍台,ワイド,3,3,300,0
2025-06-01,2025-06-01_東京11R_日本ダービー,2倍台,ワイド,4,6,600,0
2025-06-01,2025-06-01_東京11R_日本ダービー,2倍台,ワイド,5,10,1000,0
2025-06-01,2025-06-01_東京11R_日本ダービー,2倍台,ワイド,6,15,1500,280
2025-06-01,2025-06-01_東京11R_日本ダービー,2倍台,馬連,3,3,300,0
2025-06-01,2025-06-01_東京11R_日本ダービー,2倍台,馬連,4,6,600,0
2025-06-01,2025-06-01_東京11R_日本ダービー,2倍台,馬連,5,10,1000,0
2025-06-01,2025-06-01_東京11R_日本ダービー,2倍台,馬連,6,15,1500,560
2025-06-01,2025-06-01_東京12R_目黒記念,3倍以上,ワイド,3,3,300,0
2025-06-01,2025-06-01_東京12R_目黒記念,3倍以上,ワイド,4,6,600,1270
2025-06-01,2025-06-01_東京12R_目黒記念,3倍以上,ワイド,5,10,1000,1270
2025-06-01,2025-06-01_東京12R_目黒記念,3倍以上,ワイド,6,15,1500,1270
2025-06-01,2025-06-01_東京12R_目黒記念,3倍以上,馬連,3,3,300,0
2025-06-01,2025-06-01_東京12R_目黒記念,3倍以上,馬連,4,6,600,0
2025-06-01,2025-06-01_東京12R_目黒記念,3倍以上,馬連,5,10,1000,0
2025-06-01,2025-06-01_東京12R_目黒記念,3倍以上,馬連,6,15,1500,0
2025-06-07,2025-06-07_東京09R_稲城特別,1倍台,ワイド,3,3,300,0
2025-06-07,2025-06-07_東京09R_稲城特別,1倍台,ワイド,4,6,600,0
2025-06-07,2025-06-07_東京09R_稲城特別,1倍台,ワイド,5,10,1000,0
2025-06-07,2025-06-07_東京09R_稲城特別,1倍台,ワイド,6,15,1500,0
2025-06-07,2025-06-07_東京09R_稲城特別,1倍台,馬連,3,3,300,0
2025-06-07,2025-06-07_東京09R_稲城特別,1倍台,馬連,4,6,600,0
2025-06-07,2025-06-07_東京09R_稲城特別,1倍台,馬連,5,10,1000,0
2025-06-07,2025-06-07_東京09R_稲城特別,1倍台,馬連,6,15,1500,0
2025-06-07,2025-06-07_東京10R_由比ケ浜特別,3倍以上,ワイド,3,3,300,2300
2025-06-07,2025-06-07_東京10R_由比ケ浜特別,3倍以上,ワイド,4,6,600,2300
2025-06-07,2025-06-07_東京10R_由比ケ浜特別,3倍以上,ワイド,5,10,1000,2300
2025-06-07,2025-06-07_東京10R_由比ケ浜特別,3倍以上,ワイド,6,15,1500,6650
2025-06-07,2025-06-07_東京10R_由比ケ浜特別,3倍以上,馬連,3,3,300,0
2025-06-07,2025-06-07_東京10R_由比ケ浜特別,3倍以上,馬連,4,6,600,0
2025-06-07,2025-06-07_東京10R_由比ケ浜特別,3倍以上,馬連,5,10,1000,0
2025-06-07,2025-06-07_東京10R_由比ケ浜特別,3倍以上,馬連,6,15,1500,12070
2025-06-07,2025-06-07_東京11R_麦秋S,3倍以上,ワイド,3,3,300,1910
2025-06-07,2025-06-07_東京11R_麦秋S,3倍以上,ワイド,4,6,600,1910
2025-06-07,2025-06-07_東京11R_麦秋S,3倍以上,ワイド,5,10,1000,1910
2025-06-07,2025-06-07_東京11R_麦秋S,3倍以上,ワイド,6,15,1500,1910
2025-06-07,2025-06-07_東京11R_麦秋S,3倍以上,馬連,3,3,300,0
2025-06-07,2025-06-07_東京11R_麦秋S,3倍以上,馬連,4,6,600,0
2025-06-07,2025-06-07_東京11R_麦秋S,3倍以上,馬連,5,10,1000,0
2025-06-07,2025-06-07_東京11R_麦秋S,3倍以上,馬連,6,15,1500,0
2025-06-07,2025-06-07_東京12R_3歳以上1勝クラス,1倍台,ワイド,3,3,300,0
2025-06-07,2025-06-07_東京12R_3歳以上1勝クラス,1倍台,ワイド,4,6,600,0
2025-06-07,2025-06-07_東京12R_3歳以上1勝クラス,1倍台,ワイド,5,10,1000,0
2025-06-07,2025-06-07_東京12R_3歳以上1勝クラス,1倍台,ワイド,6,15,1500,0
2025-06-07,2025-06-07_東京12R_3歳以上1勝クラス,1倍台,馬連,3,3,300,0
2025-06-07,2025-06-07_東京12R_3歳以上1勝クラス,1倍台,馬連,4,6,600,0
2025-06-07,2025-06-07_東京12R_3歳以上1勝クラス,1倍台,馬連,5,10,1000,0
2025-06-07,2025-06-07_東京12R_3歳以上1勝クラス,1倍台,馬連,6,15,1500,0
2025-06-07,2025-06-07_阪神09R_城崎特別,1倍台,ワイド,3,3,300,640
2025-06-07,2025-06-07_阪神09R_城崎特別,1倍台,ワイド,4,6,600,640
2025-06-07,2025-06-07_阪神09R_城崎特別,1倍台,ワイド,5,10,1000,2300
2025-06-07,2025-06-07_阪神09R_城崎特別,1倍台,ワイド,6,15,1500,2300
2025-06-07,2025-06-07_阪神09R_城崎特別,1倍台,馬連,3,3,300,2110
2025-06-07,2025-06-07_阪神09R_城崎特別,1倍台,馬連,4,6,600,2110
2025-06-07,2025-06-07_阪神09R_城崎特別,1倍台,馬連,5,10,1000,2110
2025-06-07,2025-06-07_阪神09R_城崎特別,1倍台,馬連,6,15,1500,2110
2025-06-07,2025-06-07_阪神10R_加古川特別,1倍台,ワイド,3,3,300,140
2025-06-07,2025-06-07_阪神10R_加古川特別,1倍台,ワイド,4,6,600,140
2025-06-07,2025-06-07_阪神10R_加古川特別,1倍台,ワイド,5,10,1000,140
2025-06-07,2025-06-07_阪神10R_加古川特別,1倍台,ワイド,6,15,1500,3300
2025-06-07,2025-06-07_阪神10R_加古川特別,1倍台,馬連,3,3,300,190
2025-06-07,2025-06-07_阪神10R_加古川特別,1倍台,馬連,4,6,600,190
2025-06-07,2025-06-07_阪神10R_加古川特別,1倍台,馬連,5,10,1000,190
2025-06-07,2025-06-07_阪神10R_加古川特別,1倍台,馬連,6,15,1500,190
2025-06-07,2025-06-07_阪神11R_垂水S,3倍以上,ワイド,3,3,300,0
2025-06-07,2025-06-07_阪神11R_垂水S,3倍以上,ワイド,4,6,600,0
2025-06-07,2025-06-07_阪神11R_垂水S,3倍以上,ワイド,5,10,1000,440
2025-06-07,2025-06-07_阪神11R_垂水S,3倍以上,ワイド,6,15,1500,1640
2025-06-07,2025-06-07_阪神11R_垂水S,3倍以上,馬連,3,3,300,0
2025-06-07,2025-06-07_阪神11R_垂水S,3倍以上,馬連,4,6,600,0
2025-06-07,2025-06-07_阪神11R_垂水S,3倍以上,馬連,5,10,1000,1240
2025-06-07,2025-06-07_阪神11R_垂水S,3倍以上,馬連,6,15,1500,1240
2025-06-07,2025-06-07_阪神12R_3歳以上1勝クラス,2倍台,ワイド,3,3,300,300
2025-06-07,2025-06-07_阪神12R_3歳以上1勝クラス,2倍台,ワイド,4,6,600,300
2025-06-07,2025-06-07_阪神12R_3歳以上1勝クラス,2倍台,ワイド,5,10,1000,300
2025-06-07,2025-06-07_阪神12R_3歳以上1勝クラス,2倍台,ワイド,6,15,1500,300
2025-06-07,2025-06-07_阪神12R_3歳以上1勝クラス,2倍台,馬連,3,3,300,0
2025-06-07,2025-06-07_阪神12R_3歳以上1勝クラス,2倍台,馬連,4,6,600,0
2025-06-07,2025-06-07_阪神12R_3歳以上1勝クラス,2倍台,馬連,5,10,1000,0
2025-06-07,2025-06-07_阪神12R_3歳以上1勝クラス,2倍台,馬連,6,15,1500,0
2025-06-08,2025-06-08_東京09R_香港ジョッキークラブT,1倍台,ワイド,3,3,300,990
2025-06-08,2025-06-08_東京09R_香港ジョッキークラブT,1倍台,ワイド,4,6,600,990
2025-06-08,2025-06-08_東京09R_香港ジョッキークラブT,1倍台,ワイド,5,10,1000,990
2025-06-08,2025-06-08_東京09R_香港ジョッキークラブT,1倍台,ワイド,6,15,1500,990
2025-06-08,2025-06-08_東京09R_香港ジョッキークラブT,1倍台,馬連,3,3,300,2940
2025-06-08,2025-06-08_東京09R_香港ジョッキークラブT,1倍台,馬連,4,6,600,2940
2025-06-08,2025-06-08_東京09R_香港ジョッキークラブT,1倍台,馬連,5,10,1000,2940
2025-06-08,2025-06-08_東京09R_香港ジョッキークラブT,1倍台,馬連,6,15,1500,2940
2025-06-08,2025-06-08_東京10R_八王子特別,2倍台,ワイド,3,3,300,0
2025-06-08,2025-06-08_東京10R_八王子特別,2倍台,ワイド,4,6,600,0
2025-06-08,2025-06-08_東京10R_八王子特別,2倍台,ワイド,5,10,1000,0
2025-06-08,2025-06-08_東京10R_八王子特別,2倍台,ワイド,6,15,1500,0
2025-06-08,2025-06-08_東京10R_八王子特別,2倍台,馬連,3,3,300,0
2025-06-08,2025-06-08_東京10R_八王子特別,2倍台,馬連,4,6,600,0
2025-06-08,2025-06-08_東京10R_八王子特別,2倍台,馬連,5,10,1000,0
2025-06-08,2025-06-08_東京10R_八王子特別,2倍台,馬連,6,15,1500,0
2025-06-08,2025-06-08_東京11R_安田記念,3倍以上,ワイド,3,3,300,0
2025-06-08,2025-06-08_東京11R_安田記念,3倍以上,ワイド,4,6,600,0
2025-06-08,2025-06-08_東京11R_安田記念,3倍以上,ワイド,5,10,1000,380
2025-06-08,2025-06-08_東京11R_安田記念,3倍以上,ワイド,6,15,1500,380
2025-06-08,2025-06-08_東京11R_安田記念,3倍以上,馬連,3,3,300,0
2025-06-08,2025-06-08_東京11R_安田記念,3倍以上,馬連,4,6,600,0
2025-06-08,2025-06-08_東京11R_安田記念,3倍以上,馬連,5,10,1000,0
2025-06-08,2025-06-08_東京11R_安田記念,3倍以上,馬連,6,15,1500,0
2025-06-08,2025-06-08_東京12R_小金井特別,2倍台,ワイド,3,3,300,0
2025-06-08,2025-06-08_東京12R_小金井特別,2倍台,ワイド,4,6,600,0
2025-06-08,2025-06-08_東京12R_小金井特別,2倍台,ワイド,5,10,1000,730
2025-06-08,2025-06-08_東京12R_小金井特別,2倍台,ワイド,6,15,1500,730
2025-06-08,2025-06-08_東京12R_小金井特別,2倍台,馬連,3,3,300,0
2025-06-08,2025-06-08_東京12R_小金井特別,2倍台,馬連,4,6,600,0
2025-06-08,2025-06-08_東京12R_小金井特別,2倍台,馬連,5,10,1000,1930
2025-06-08,2025-06-08_東京12R_小金井特別,2倍台,馬連,6,15,1500,1930
2025-06-08,2025-06-08_阪神09R_三木特別,1倍台,ワイド,3,3,300,200
2025-06-08,2025-06-08_阪神09R_三木特別,1倍台,ワイド,4,6,600,670
2025-06-08,2025-06-08_阪神09R_三木特別,1倍台,ワイド,5,10,1000,670
2025-06-08,2025-06-08_阪神09R_三木特別,1倍台,ワイド,6,15,1500,670
2025-06-08,2025-06-08_阪神09R_三木特別,1倍台,馬連,3,3,300,460
2025-06-08,2025-06-08_阪神09R_三木特別,1倍台,馬連,4,6,600,460
2025-06-08,2025-06-08_阪神09R_三木特別,1倍台,馬連,5,10,1000,460
2025-06-08,2025-06-08_阪神09R_三木特別,1倍台,馬連,6,15,1500,460
2025-06-08,2025-06-08_阪神10R_洲本特別,2倍台,ワイド,3,3,300,740
2025-06-08,2025-06-08_阪神10R_洲本特別,2倍台,ワイド,4,6,600,740
2025-06-08,2025-06-08_阪神10R_洲本特別,2倍台,ワイド,5,10,1000,740
2025-06-08,2025-06-08_阪神10R_洲本特別,2倍台,ワイド,6,15,1500,740
2025-06-08,2025-06-08_阪神10R_洲本特別,2倍台,馬連,3,3,300,0
2025-06-08,2025-06-08_阪神10R_洲本特別,2倍台,馬連,4,6,600,0
2025-06-08,2025-06-08_阪神10R_洲本特別,2倍台,馬連,5,10,1000,0
2025-06-08,2025-06-08_阪神10R_洲本特別,2倍台,馬連,6,15,1500,0
2025-06-08,2025-06-08_阪神11R_水無月S,3倍以上,ワイド,3,3,300,0
2025-06-08,2025-06-08_阪神11R_水無月S,3倍以上,ワイド,4,6,600,0
2025-06-08,2025-06-08_阪神11R_水無月S,3倍以上,ワイド,5,10,1000,0
2025-06-08,2025-06-08_阪神11R_水無月S,3倍以上,ワイド,6,15,1500,0
2025-06-08,2025-06-08_阪神11R_水無月S,3倍以上,馬連,3,3,300,0
2025-06-08,2025-06-08_阪神11R_水無月S,3倍以上,馬連,4,6,600,0
2025-06-08,2025-06-08_阪神11R_水無月S,3倍以上,馬連,5,10,1000,0
2025-06-08,2025-06-08_阪神11R_水無月S,3倍以上,馬連,6,15,1500,0
2025-06-08,2025-06-08_阪神12R_3歳以上1勝クラス,3倍以上,ワイド,3,3,300,0
2025-06-08,2025-06-08_阪神12R_3歳以上1勝クラス,3倍以上,ワイド,4,6,600,470
2025-06-08,2025-06-08_阪神12R_3歳以上1勝クラス,3倍以上,ワイド,5,10,1000,470
2025-06-08,2025-06-08_阪神12R_3歳以上1勝クラス,3倍以上,ワイド,6,15,1500,470
2025-06-08,2025-06-08_阪神12R_3歳以上1勝クラス,3倍以上,馬連,3,3,300,0
2025-06-08,2025-06-08_阪神12R_3歳以上1勝クラス,3倍以上,馬連,4,6,600,1030
2025-06-08,2025-06-08_阪神12R_3歳以上1勝クラス,3倍以上,馬連,5,10,1000,1030
2025-06-08,2025-06-08_阪神12R_3歳以上1勝クラス,3倍以上,馬連,6,15,1500,1030
2025-06-14,2025-06-14_函館09R_奥尻特別,2倍台,ワイド,3,3,300,0
2025-06-14,2025-06-14_函館09R_奥尻特別,2倍台,ワイド,4,6,600,0
2025-06-14,2025-06-14_函館09R_奥尻特別,2倍台,ワイド,5,10,1000,0
2025-06-14,2025-06-14_函館09R_奥尻特別,2倍台,ワイド,6,15,1500,0
2025-06-14,2025-06-14_函館09R_奥尻特別,2倍台,馬連,3,3,300,0
2025-06-14,2025-06-14_函館09R_奥尻特別,2倍台,馬連,4,6,600,0
2025-06-14,2025-06-14_函館09R_奥尻特別,2倍台,馬連,5,10,1000,0
2025-06-14,2025-06-14_函館09R_奥尻特別,2倍台,馬連,6,15,1500,0
2025-06-14,2025-06-14_函館10R_松前特別,3倍以上,ワイド,3,3,300,0
2025-06-14,2025-06-14_函館10R_松前特別,3倍以上,ワイド,4,6,600,0
2025-06-14,2025-06-14_函館10R_松前特別,3倍以上,ワイド,5,10,1000,0
2025-06-14,2025-06-14_函館10R_松前特別,3倍以上,ワイド,6,15,1500,0
2025-06-14,2025-06-14_函館10R_松前特別,3倍以上,馬連,3,3,300,0
2025-06-14,2025-06-14_函館10R_松前特別,3倍以上,馬連,4,6,600,0
2025-06-14,2025-06-14_函館10R_松前特別,3倍以上,馬連,5,10,1000,0
2025-06-14,2025-06-14_函館10R_松前特別,3倍以上,馬連,6,15,1500,0
2025-06-14,2025-06-14_函館11R_函館スプリントS,1倍台,ワイド,3,3,300,0
2025-06-14,2025-06-14_函館11R_函館スプリントS,1倍台,ワイド,4,6,600,720
2025-06-14,2025-06-14_函館11R_函館スプリントS,1倍台,ワイド,5,10,1000,720
2025-06-14,2025-06-14_函館11R_函館スプリントS,1倍台,ワイド,6,15,1500,720
2025-06-14,2025-06-14_函館11R_函館スプリントS,1倍台,馬連,3,3,300,0
2025-06-14,2025-06-14_函館11R_函館スプリントS,1倍台,馬連,4,6,600,2240
2025-06-14,2025-06-14_函館11R_函館スプリントS,1倍台,馬連,5,10,1000,2240
2025-06-14,2025-06-14_函館11R_函館スプリントS,1倍台,馬連,6,15,1500,2240
2025-06-14,2025-06-14_函館12R_3歳以上1勝クラス,2倍台,ワイド,3,3,300,290
2025-06-14,2025-06-14_函館12R_3歳以上1勝クラス,2倍台,ワイド,4,6,600,290
2025-06-14,2025-06-14_函館12R_3歳以上1勝クラス,2倍台,ワイド,5,10,1000,290
2025-06-14,2025-06-14_函館12R_3歳以上1勝クラス,2倍台,ワイド,6,15,1500,290
2025-06-14,2025-06-14_函館12R_3歳以上1勝クラス,2倍台,馬連,3,3,300,620
2025-06-14,2025-06-14_函館12R_3歳以上1勝クラス,2倍台,馬連,4,6,600,620
2025-06-14,2025-06-14_函館12R_3歳以上1勝クラス,2倍台,馬連,5,10,1000,620
2025-06-14,2025-06-14_函館12R_3歳以上1勝クラス,2倍台,馬連,6,15,1500,620
2025-06-14,2025-06-14_東京09R_日野特別,2倍台,ワイド,3,3,300,0
2025-06-14,2025-06-14_東京09R_日野特別,2倍台,ワイド,4,6,600,1340
2025-06-14,2025-06-14_東京09R_日野特別,2倍台,ワイド,5,10,1000,1340
2025-06-14,2025-06-14_東京09R_日野特別,2倍台,ワイド,6,15,1500,1340
2025-06-14,2025-06-14_東京09R_日野特別,2倍台,馬連,3,3,300,0
2025-06-14,2025-06-14_東京09R_日野特別,2倍台,馬連,4,6,600,4240
2025-06-14,2025-06-14_東京09R_日野特別,2倍台,馬連,5,10,1000,4240
2025-06-14,2025-06-14_東京09R_日野特別,2倍台,馬連,6,15,1500,4240
2025-06-14,2025-06-14_東京10R_夏至S,3倍以上,ワイド,3,3,300,0
2025-06-14,2025-06-14_東京10R_夏至S,3倍以上,ワイド,4,6,600,0
2025-06-14,2025-06-14_東京10R_夏至S,3倍以上,ワイド,5,10,1000,0
2025-06-14,2025-06-14_東京10R_夏至S,3倍以上,ワイド,6,15,1500,0
2025-06-14,2025-06-14_東京10R_夏至S,3倍以上,馬連,3,3,300,0
2025-06-14,2025-06-14_東京10R_夏至S,3倍以上,馬連,4,6,600,0
2025-06-14,2025-06-14_東京10R_夏至S,3倍以上,馬連,5,10,1000,0
2025-06-14,2025-06-14_東京10R_夏至S,3倍以上,馬連,6,15,1500,0
2025-06-14,2025-06-14_東京11R_ジューンS,3倍以上,ワイド,3,3,300,0
2025-06-14,2025-06-14_東京11R_ジューンS,3倍以上,ワイド,4,6,600,0
2025-06-14,2025-06-14_東京11R_ジューンS,3倍以上,ワイド,5,10,1000,0
2025-06-14,2025-06-14_東京11R_ジューンS,3倍以上,ワイド,6,15,1500,670
2025-06-14,2025-06-14_東京11R_ジューンS,3倍以上,馬連,3,3,300,0
2025-06-14,2025-06-14_東京11R_ジューンS,3倍以上,馬連,4,6,600,0
2025-06-14,2025-06-14_東京11R_ジューンS,3倍以上,馬連,5,10,1000,0
2025-06-14,2025-06-14_東京11R_ジューンS,3倍以上,馬連,6,15,1500,0
2025-06-14,2025-06-14_東京12R_3歳以上1勝クラス,2倍台,ワイド,3,3,300,360
2025-06-14,2025-06-14_東京12R_3歳以上1勝クラス,2倍台,ワイド,4,6,600,920
2025-06-14,2025-06-14_東京12R_3歳以上1勝クラス,2倍台,ワイド,5,10,1000,920
2025-06-14,2025-06-14_東京12R_3歳以上1勝クラス,2倍台,ワイド,6,15,1500,920
2025-06-14,2025-06-14_東京12R_3歳以上1勝クラス,2倍台,馬連,3,3,300,0
2025-06-14,2025-06-14_東京12R_3歳以上1勝クラス,2倍台,馬連,4,6,600,620
2025-06-14,2025-06-14_東京12R_3歳以上1勝クラス,2倍台,馬連,5,10,1000,620
2025-06-14,2025-06-14_東京12R_3歳以上1勝クラス,2倍台,馬連,6,15,1500,620
2025-06-14,2025-06-14_阪神09R_3歳以上1勝クラス,2倍台,ワイド,3,3,300,0
2025-06-14,2025-06-14_阪神09R_3歳以上1勝クラス,2倍台,ワイド,4,6,600,0
2025-06-14,2025-06-14_阪神09R_3歳以上1勝クラス,2倍台,ワイド,5,10,1000,0
2025-06-14,2025-06-14_阪神09R_3歳以上1勝クラス,2倍台,ワイド,6,15,1500,0
2025-06-14,2025-06-14_阪神09R_3歳以上1勝クラス,2倍台,馬連,3,3,300,0
2025-06-14,2025-06-14_阪神09R_3歳以上1勝クラス,2倍台,馬連,4,6,600,0
2025-06-14,2025-06-14_阪神09R_3歳以上1勝クラス,2倍台,馬連,5,10,1000,0
2025-06-14,2025-06-14_阪神09R_3歳以上1勝クラス,2倍台,馬連,6,15,1500,0
2025-06-14,2025-06-14_阪神10R_安芸特別,3倍以上,ワイド,3,3,300,490
2025-06-14,2025-06-14_阪神10R_安芸特別,3倍以上,ワイド,4,6,600,490
2025-06-14,2025-06-14_阪神10R_安芸特別,3倍以上,ワイド,5,10,1000,490
2025-06-14,2025-06-14_阪神10R_安芸特別,3倍以上,ワイド,6,15,1500,490
2025-06-14,2025-06-14_阪神10R_安芸特別,3倍以上,馬連,3,3,300,0
2025-06-14,2025-06-14_阪神10R_安芸特別,3倍以上,馬連,4,6,600,0
2025-06-14,2025-06-14_阪神10R_安芸特別,3倍以上,馬連,5,10,1000,0
2025-06-14,2025-06-14_阪神10R_安芸特別,3倍以上,馬連,6,15,1500,0
2025-06-14,2025-06-14_阪神11R_三宮S,1倍台,ワイド,3,3,300,0
2025-06-14,2025-06-14_阪神11R_三宮S,1倍台,ワイド,4,6,600,0
2025-06-14,2025-06-14_阪神11R_三宮S,1倍台,ワイド,5,10,1000,0
2025-06-14,2025-06-14_阪神11R_三宮S,1倍台,ワイド,6,15,1500,0
2025-06-14,2025-06-14_阪神11R_三宮S,1倍台,馬連,3,3,300,0
2025-06-14,2025-06-14_阪神11R_三宮S,1倍台,馬連,4,6,600,0
2025-06-14,2025-06-14_阪神11R_三宮S,1倍台,馬連,5,10,1000,0
2025-06-14,2025-06-14_阪神11R_三宮S,1倍台,馬連,6,15,1500,0
2025-06-14,2025-06-14_阪神12R_3歳以上1勝クラス,3倍以上,ワイド,3,3,300,0
2025-06-14,2025-06-14_阪神12R_3歳以上1勝クラス,3倍以上,ワイド,4,6,600,0
2025-06-14,2025-06-14_阪神12R_3歳以上1勝クラス,3倍以上,ワイド,5,10,1000,1300
2025-06-14,2025-06-14_阪神12R_3歳以上1勝クラス,3倍以上,ワイド,6,15,1500,1300
2025-06-14,2025-06-14_阪神12R_3歳以上1勝クラス,3倍以上,馬連,3,3,300,0
2025-06-14,2025-06-14_阪神12R_3歳以上1勝クラス,3倍以上,馬連,4,6,600,0
2025-06-14,2025-06-14_阪神12R_3歳以上1勝クラス,3倍以上,馬連,5,10,1000,0
2025-06-14,2025-06-14_阪神12R_3歳以上1勝クラス,3倍以上,馬連,6,15,1500,0
2025-06-15,2025-06-15_函館09R_八雲特別,3倍以上,ワイド,3,3,300,410
2025-06-15,2025-06-15_函館09R_八雲特別,3倍以上,ワイド,4,6,600,410
2025-06-15,2025-06-15_函館09R_八雲特別,3倍以上,ワイド,5,10,1000,410
2025-06-15,2025-06-15_函館09R_八雲特別,3倍以上,ワイド,6,15,1500,1940
2025-06-15,2025-06-15_函館09R_八雲特別,3倍以上,馬連,3,3,300,0
2025-06-15,2025-06-15_函館09R_八雲特別,3倍以上,馬連,4,6,600,0
2025-06-15,2025-06-15_函館09R_八雲特別,3倍以上,馬連,5,10,1000,0
2025-06-15,2025-06-15_函館09R_八雲特別,3倍以上,馬連,6,15,1500,2590
2025-06-15,2025-06-15_函館10R_津軽海峡特別,3倍以上,ワイド,3,3,300,0
2025-06-15,2025-06-15_函館10R_津軽海峡特別,3倍以上,ワイド,4,6,600,0
2025-06-15,2025-06-15_函館10R_津軽海峡特別,3倍以上,ワイド,5,10,1000,0
2025-06-15,2025-06-15_函館10R_津軽海峡特別,3倍以上,ワイド,6,15,1500,0
2025-06-15,2025-06-15_函館10R_津軽海峡特別,3倍以上,馬連,3,3,300,0
2025-06-15,2025-06-15_函館10R_津軽海峡特別,3倍以上,馬連,4,6,600,0
2025-06-15,2025-06-15_函館10R_津軽海峡特別,3倍以上,馬連,5,10,1000,0
2025-06-15,2025-06-15_函館10R_津軽海峡特別,3倍以上,馬連,6,15,1500,0
2025-06-15,2025-06-15_函館11R_函館日刊スポーツ杯,1倍台,ワイド,3,3,300,0
2025-06-15,2025-06-15_函館11R_函館日刊スポーツ杯,1倍台,ワイド,4,6,600,0
2025-06-15,2025-06-15_函館11R_函館日刊スポーツ杯,1倍台,ワイド,5,10,1000,610
2025-06-15,2025-06-15_函館11R_函館日刊スポーツ杯,1倍台,ワイド,6,15,1500,610
2025-06-15,2025-06-15_函館11R_函館日刊スポーツ杯,1倍台,馬連,3,3,300,0
2025-06-15,2025-06-15_函館11R_函館日刊スポーツ杯,1倍台,馬連,4,6,600,0
2025-06-15,2025-06-15_函館11R_函館日刊スポーツ杯,1倍台,馬連,5,10,1000,1670
2025-06-15,2025-06-15_函館11R_函館日刊スポーツ杯,1倍台,馬連,6,15,1500,1670
2025-06-15,2025-06-15_函館12R_3歳以上1勝クラス,3倍以上,ワイド,3,3,300,0
2025-06-15,2025-06-15_函館12R_3歳以上1勝クラス,3倍以上,ワイド,4,6,600,0
2025-06-15,2025-06-15_函館12R_3歳以上1勝クラス,3倍以上,ワイド,5,10,1000,0
2025-06-15,2025-06-15_函館12R_3歳以上1勝クラス,3倍以上,ワイド,6,15,1500,0
2025-06-15,2025-06-15_函館12R_3歳以上1勝クラス,3倍以上,馬連,3,3,300,0
2025-06-15,2025-06-15_函館12R_3歳以上1勝クラス,3倍以上,馬連,4,6,600,0
2025-06-15,2025-06-15_函館12R_3歳以上1勝クラス,3倍以上,馬連,5,10,1000,0
2025-06-15,2025-06-15_函館12R_3歳以上1勝クラス,3倍以上,馬連,6,15,1500,0
2025-06-15,2025-06-15_東京09R_芦ノ湖特別,2倍台,ワイド,3,3,300,0
2025-06-15,2025-06-15_東京09R_芦ノ湖特別,2倍台,ワイド,4,6,600,240
2025-06-15,2025-06-15_東京09R_芦ノ湖特別,2倍台,ワイド,5,10,1000,240
2025-06-15,2025-06-15_東京09R_芦ノ湖特別,2倍台,ワイド,6,15,1500,240
2025-06-15,2025-06-15_東京09R_芦ノ湖特別,2倍台,馬連,3,3,300,0
2025-06-15,2025-06-15_東京09R_芦ノ湖特別,2倍台,馬連,4,6,600,0
2025-06-15,2025-06-15_東京09R_芦ノ湖特別,2倍台,馬連,5,10,1000,0
2025-06-15,2025-06-15_東京09R_芦ノ湖特別,2倍台,馬連,6,15,1500,0
2025-06-15,2025-06-15_東京10R_江の島S,3倍以上,ワイド,3,3,300,0
2025-06-15,2025-06-15_東京10R_江の島S,3倍以上,ワイド,4,6,600,0
2025-06-15,2025-06-15_東京10R_江の島S,3倍以上,ワイド,5,10,1000,0
2025-06-15,2025-06-15_東京10R_江の島S,3倍以上,ワイド,6,15,1500,3430
2025-06-15,2025-06-15_東京10R_江の島S,3倍以上,馬連,3,3,300,0
2025-06-15,2025-06-15_東京10R_江の島S,3倍以上,馬連,4,6,600,0
2025-06-15,2025-06-15_東京10R_江の島S,3倍以上,馬連,5,10,1000,0
2025-06-15,2025-06-15_東京10R_江の島S,3倍以上,馬連,6,15,1500,0
2025-06-15,2025-06-15_東京11R_パラダイスS,2倍台,ワイド,3,3,300,0
2025-06-15,2025-06-15_東京11R_パラダイスS,2倍台,ワイド,4,6,600,0
2025-06-15,2025-06-15_東京11R_パラダイスS,2倍台,ワイド,5,10,1000,1490
2025-06-15,2025-06-15_東京11R_パラダイスS,2倍台,ワイド,6,15,1500,1490
2025-06-15,2025-06-15_東京11R_パラダイスS,2倍台,馬連,3,3,300,0
2025-06-15,2025-06-15_東京11R_パラダイスS,2倍台,馬連,4,6,600,0
2025-06-15,2025-06-15_東京11R_パラダイスS,2倍台,馬連,5,10,1000,0
2025-06-15,2025-06-15_東京11R_パラダイスS,2倍台,馬連,6,15,1500,0
2025-06-15,2025-06-15_東京12R_3歳以上2勝クラス,2倍台,ワイド,3,3,300,280
2025-06-15,2025-06-15_東京12R_3歳以上2勝クラス,2倍台,ワイド,4,6,600,280
2025-06-15,2025-06-15_東京12R_3歳以上2勝クラス,2倍台,ワイド,5,10,1000,280
2025-06-15,2025-06-15_東京12R_3歳以上2勝クラス,2倍台,ワイド,6,15,1500,280
2025-06-15,2025-06-15_東京12R_3歳以上2勝クラス,2倍台,馬連,3,3,300,530
2025-06-15,2025-06-15_東京12R_3歳以上2勝クラス,2倍台,馬連,4,6,600,530
2025-06-15,2025-06-15_東京12R_3歳以上2勝クラス,2倍台,馬連,5,10,1000,530
2025-06-15,2025-06-15_東京12R_3歳以上2勝クラス,2倍台,馬連,6,15,1500,530
2025-06-15,2025-06-15_阪神09R_武庫川特別,2倍台,ワイド,3,3,300,0
2025-06-15,2025-06-15_阪神09R_武庫川特別,2倍台,ワイド,4,6,600,530
2025-06-15,2025-06-15_阪神09R_武庫川特別,2倍台,ワイド,5,10,1000,530
2025-06-15,2025-06-15_阪神09R_武庫川特別,2倍台,ワイド,6,15,1500,530
2025-06-15,2025-06-15_阪神09R_武庫川特別,2倍台,馬連,3,3,300,0
2025-06-15,2025-06-15_阪神09R_武庫川特別,2倍台,馬連,4,6,600,1270
2025-06-15,2025-06-15_阪神09R_武庫川特別,2倍台,馬連,5,10,1000,1270
2025-06-15,2025-06-15_阪神09R_武庫川特別,2倍台,馬連,6,15,1500,1270
2025-06-15,2025-06-15_阪神10R_花のみちS,3倍以上,ワイド,3,3,300,0
2025-06-15,2025-06-15_阪神10R_花のみちS,3倍以上,ワイド,4,6,600,0
2025-06-15,2025-06-15_阪神10R_花のみちS,3倍以上,ワイド,5,10,1000,0
2025-06-15,2025-06-15_阪神10R_花のみちS,3倍以上,ワイド,6,15,1500,690
2025-06-15,2025-06-15_阪神10R_花のみちS,3倍以上,馬連,3,3,300,0
2025-06-15,2025-06-15_阪神10R_花のみちS,3倍以上,馬連,4,6,600,0
2025-06-15,2025-06-15_阪神10R_花のみちS,3倍以上,馬連,5,10,1000,0
2025-06-15,2025-06-15_阪神10R_花のみちS,3倍以上,馬連,6,15,1500,0
2025-06-15,2025-06-15_阪神11R_宝塚記念,3倍以上,ワイド,3,3,300,0
2025-06-15,2025-06-15_阪神11R_宝塚記念,3倍以上,ワイド,4,6,600,0
2025-06-15,2025-06-15_阪神11R_宝塚記念,3倍以上,ワイド,5,10,1000,0
2025-06-15,2025-06-15_阪神11R_宝塚記念,3倍以上,ワイド,6,15,1500,0
2025-06-15,2025-06-15_阪神11R_宝塚記念,3倍以上,馬連,3,3,300,0
2025-06-15,2025-06-15_阪神11R_宝塚記念,3倍以上,馬連,4,6,600,0
2025-06-15,2025-06-15_阪神11R_宝塚記念,3倍以上,馬連,5,10,1000,0
2025-06-15,2025-06-15_阪神11R_宝塚記念,3倍以上,馬連,6,15,1500,0
2025-06-15,2025-06-15_阪神12R_リボン賞,3倍以上,ワイド,3,3,300,0
2025-06-15,2025-06-15_阪神12R_リボン賞,3倍以上,ワイド,4,6,600,0
2025-06-15,2025-06-15_阪神12R_リボン賞,3倍以上,ワイド,5,10,1000,0
2025-06-15,2025-06-15_阪神12R_リボン賞,3倍以上,ワイド,6,15,1500,0
2025-06-15,2025-06-15_阪神12R_リボン賞,3倍以上,馬連,3,3,300,0
2025-06-15,2025-06-15_阪神12R_リボン賞,3倍以上,馬連,4,6,600,0
2025-06-15,2025-06-15_阪神12R_リボン賞,3倍以上,馬連,5,10,1000,0
2025-06-15,2025-06-15_阪神12R_リボン賞,3倍以上,馬連,6,15,1500,0
2025-06-21,2025-06-21_函館09R_下北半島特別,2倍台,ワイド,3,3,300,0
2025-06-21,2025-06-21_函館09R_下北半島特別,2倍台,ワイド,4,6,600,0
2025-06-21,2025-06-21_函館09R_下北半島特別,2倍台,ワイド,5,10,1000,0
2025-06-21,2025-06-21_函館09R_下北半島特別,2倍台,ワイド,6,15,1500,0
2025-06-21,2025-06-21_函館09R_下北半島特別,2倍台,馬連,3,3,300,0
2025-06-21,2025-06-21_函館09R_下北半島特別,2倍台,馬連,4,6,600,0
2025-06-21,2025-06-21_函館09R_下北半島特別,2倍台,馬連,5,10,1000,0
2025-06-21,2025-06-21_函館09R_下北半島特別,2倍台,馬連,6,15,1500,0
2025-06-21,2025-06-21_函館10R_駒ケ岳特別,3倍以上,ワイド,3,3,300,0
2025-06-21,2025-06-21_函館10R_駒ケ岳特別,3倍以上,ワイド,4,6,600,0
2025-06-21,2025-06-21_函館10R_駒ケ岳特別,3倍以上,ワイド,5,10,1000,0
2025-06-21,2025-06-21_函館10R_駒ケ岳特別,3倍以上,ワイド,6,15,1500,880
2025-06-21,2025-06-21_函館10R_駒ケ岳特別,3倍以上,馬連,3,3,300,0
2025-06-21,2025-06-21_函館10R_駒ケ岳特別,3倍以上,馬連,4,6,600,0
2025-06-21,2025-06-21_函館10R_駒ケ岳特別,3倍以上,馬連,5,10,1000,0
2025-06-21,2025-06-21_函館10R_駒ケ岳特別,3倍以上,馬連,6,15,1500,2340
2025-06-21,2025-06-21_函館11R_STV杯,2倍台,ワイド,3,3,300,0
2025-06-21,2025-06-21_函館11R_STV杯,2倍台,ワイド,4,6,600,0
2025-06-21,2025-06-21_函館11R_STV杯,2倍台,ワイド,5,10,1000,860
2025-06-21,2025-06-21_函館11R_STV杯,2倍台,ワイド,6,15,1500,860
2025-06-21,2025-06-21_函館11R_STV杯,2倍台,馬連,3,3,300,0
2025-06-21,2025-06-21_函館11R_STV杯,2倍台,馬連,4,6,600,0
2025-06-21,2025-06-21_函館11R_STV杯,2倍台,馬連,5,10,1000,0
2025-06-21,2025-06-21_函館11R_STV杯,2倍台,馬連,6,15,1500,0
2025-06-21,2025-06-21_函館12R_3歳以上1勝クラス,1倍台,ワイド,3,3,300,0
2025-06-21,2025-06-21_函館12R_3歳以上1勝クラス,1倍台,ワイド,4,6,600,0
2025-06-21,2025-06-21_函館12R_3歳以上1勝クラス,1倍台,ワイド,5,10,1000,0
2025-06-21,2025-06-21_函館12R_3歳以上1勝クラス,1倍台,ワイド,6,15,1500,340
2025-06-21,2025-06-21_函館12R_3歳以上1勝クラス,1倍台,馬連,3,3,300,0
2025-06-21,2025-06-21_函館12R_3歳以上1勝クラス,1倍台,馬連,4,6,600,0
2025-06-21,2025-06-21_函館12R_3歳以上1勝クラス,1倍台,馬連,5,10,1000,0
2025-06-21,2025-06-21_函館12R_3歳以上1勝クラス,1倍台,馬連,6,15,1500,1150
2025-06-21,2025-06-21_東京09R_町田特別,1倍台,ワイド,3,3,300,0
2025-06-21,2025-06-21_東京09R_町田特別,1倍台,ワイド,4,6,600,560
2025-06-21,2025-06-21_東京09R_町田特別,1倍台,ワイド,5,10,1000,560
2025-06-21,2025-06-21_東京09R_町田特別,1倍台,ワイド,6,15,1500,960
2025-06-21,2025-06-21_東京09R_町田特別,1倍台,馬連,3,3,300,0
2025-06-21,2025-06-21_東京09R_町田特別,1倍台,馬連,4,6,600,0
2025-06-21,2025-06-21_東京09R_町田特別,1倍台,馬連,5,10,1000,0
2025-06-21,2025-06-21_東京09R_町田特別,1倍台,馬連,6,15,1500,280
2025-06-21,2025-06-21_東京10R_相模湖特別,2倍台,ワイド,3,3,300,370
2025-06-21,2025-06-21_東京10R_相模湖特別,2倍台,ワイド,4,6,600,370
2025-06-21,2025-06-21_東京10R_相模湖特別,2倍台,ワイド,5,10,1000,370
2025-06-21,2025-06-21_東京10R_相模湖特別,2倍台,ワイド,6,15,1500,3460
2025-06-21,2025-06-21_東京10R_相模湖特別,2倍台,馬連,3,3,300,0
2025-06-21,2025-06-21_東京10R_相模湖特別,2倍台,馬連,4,6,600,0
2025-06-21,2025-06-21_東京10R_相模湖特別,2倍台,馬連,5,10,1000,0
2025-06-21,2025-06-21_東京10R_相模湖特別,2倍台,馬連,6,15,1500,3690
2025-06-21,2025-06-21_東京11R_スレイプニルS,2倍台,ワイド,3,3,300,0
2025-06-21,2025-06-21_東京11R_スレイプニルS,2倍台,ワイド,4,6,600,0
2025-06-21,2025-06-21_東京11R_スレイプニルS,2倍台,ワイド,5,10,1000,0
2025-06-21,2025-06-21_東京11R_スレイプニルS,2倍台,ワイド,6,15,1500,300
2025-06-21,2025-06-21_東京11R_スレイプニルS,2倍台,馬連,3,3,300,0
2025-06-21,2025-06-21_東京11R_スレイプニルS,2倍台,馬連,4,6,600,0
2025-06-21,2025-06-21_東京11R_スレイプニルS,2倍台,馬連,5,10,1000,0
2025-06-21,2025-06-21_東京11R_スレイプニルS,2倍台,馬連,6,15,1500,640
2025-06-21,2025-06-21_東京12R_3歳以上1勝クラス,2倍台,ワイド,3,3,300,0
2025-06-21,2025-06-21_東京12R_3歳以上1勝クラス,2倍台,ワイド,4,6,600,0
2025-06-21,2025-06-21_東京12R_3歳以上1勝クラス,2倍台,ワイド,5,10,1000,1070
2025-06-21,2025-06-21_東京12R_3歳以上1勝クラス,2倍台,ワイド,6,15,1500,4420
2025-06-21,2025-06-21_東京12R_3歳以上1勝クラス,2倍台,馬連,3,3,300,0
2025-06-21,2025-06-21_東京12R_3歳以上1勝クラス,2倍台,馬連,4,6,600,0
2025-06-21,2025-06-21_東京12R_3歳以上1勝クラス,2倍台,馬連,5,10,1000,3620
2025-06-21,2025-06-21_東京12R_3歳以上1勝クラス,2倍台,馬連,6,15,1500,3620
2025-06-21,2025-06-21_阪神09R_舞子特別,2倍台,ワイド,3,3,300,0
2025-06-21,2025-06-21_阪神09R_舞子特別,2倍台,ワイド,4,6,600,0
2025-06-21,2025-06-21_阪神09R_舞子特別,2倍台,ワイド,5,10,1000,0
2025-06-21,2025-06-21_阪神09R_舞子特別,2倍台,ワイド,6,15,1500,0
2025-06-21,2025-06-21_阪神09R_舞子特別,2倍台,馬連,3,3,300,0
2025-06-21,2025-06-21_阪神09R_舞子特別,2倍台,馬連,4,6,600,0
2025-06-21,2025-06-21_阪神09R_舞子特別,2倍台,馬連,5,10,1000,0
2025-06-21,2025-06-21_阪神09R_舞子特別,2倍台,馬連,6,15,1500,0
2025-06-21,2025-06-21_阪神10R_ストークS,3倍以上,ワイド,3,3,300,0
2025-06-21,2025-06-21_阪神10R_ストークS,3倍以上,ワイド,4,6,600,0
2025-06-21,2025-06-21_阪神10R_ストークS,3倍以上,ワイド,5,10,1000,0
2025-06-21,2025-06-21_阪神10R_ストークS,3倍以上,ワイド,6,15,1500,0
2025-06-21,2025-06-21_阪神10R_ストークS,3倍以上,馬連,3,3,300,0
2025-06-21,2025-06-21_阪神10R_ストークS,3倍以上,馬連,4,6,600,0
2025-06-21,2025-06-21_阪神10R_ストークS,3倍以上,馬連,5,10,1000,0
2025-06-21,2025-06-21_阪神10R_ストークS,3倍以上,馬連,6,15,1500,0
2025-06-21,2025-06-21_阪神11R_天保山S,3倍以上,ワイド,3,3,300,0
2025-06-21,2025-06-21_阪神11R_天保山S,3倍以上,ワイド,4,6,600,0
2025-06-21,2025-06-21_阪神11R_天保山S,3倍以上,ワイド,5,10,1000,0
2025-06-21,2025-06-21_阪神11R_天保山S,3倍以上,ワイド,6,15,1500,0
2025-06-21,2025-06-21_阪神11R_天保山S,3倍以上,馬連,3,3,300,0
2025-06-21,2025-06-21_阪神11R_天保山S,3倍以上,馬連,4,6,600,0
2025-06-21,2025-06-21_阪神11R_天保山S,3倍以上,馬連,5,10,1000,0
2025-06-21,2025-06-21_阪神11R_天保山S,3倍以上,馬連,6,15,1500,0
2025-06-21,2025-06-21_阪神12R_3歳以上1勝クラス,3倍以上,ワイド,3,3,300,0
2025-06-21,2025-06-21_阪神12R_3歳以上1勝クラス,3倍以上,ワイド,4,6,600,0
2025-06-21,2025-06-21_阪神12R_3歳以上1勝クラス,3倍以上,ワイド,5,10,1000,0
2025-06-21,2025-06-21_阪神12R_3歳以上1勝クラス,3倍以上,ワイド,6,15,1500,0
2025-06-21,2025-06-21_阪神12R_3歳以上1勝クラス,3倍以上,馬連,3,3,300,0
2025-06-21,2025-06-21_阪神12R_3歳以上1勝クラス,3倍以上,馬連,4,6,600,0
2025-06-21,2025-06-21_阪神12R_3歳以上1勝クラス,3倍以上,馬連,5,10,1000,0
2025-06-21,2025-06-21_阪神12R_3歳以上1勝クラス,3倍以上,馬連,6,15,1500,0
2025-06-22,2025-06-22_函館09R_遊楽部特別,3倍以上,ワイド,3,3,300,0
2025-06-22,2025-06-22_函館09R_遊楽部特別,3倍以上,ワイド,4,6,600,0
2025-06-22,2025-06-22_函館09R_遊楽部特別,3倍以上,ワイド,5,10,1000,320
2025-06-22,2025-06-22_函館09R_遊楽部特別,3倍以上,ワイド,6,15,1500,320
2025-06-22,2025-06-22_函館09R_遊楽部特別,3倍以上,馬連,3,3,300,0
2025-06-22,2025-06-22_函館09R_遊楽部特別,3倍以上,馬連,4,6,600,0
2025-06-22,2025-06-22_函館09R_遊楽部特別,3倍以上,馬連,5,10,1000,650
2025-06-22,2025-06-22_函館09R_遊楽部特別,3倍以上,馬連,6,15,1500,650
2025-06-22,2025-06-22_函館10R_檜山特別,1倍台,ワイド,3,3,300,0
2025-06-22,2025-06-22_函館10R_檜山特別,1倍台,ワイド,4,6,600,0
2025-06-22,2025-06-22_函館10R_檜山特別,1倍台,ワイド,5,10,1000,0
2025-06-22,2025-06-22_函館10R_檜山特別,1倍台,ワイド,6,15,1500,240
2025-06-22,2025-06-22_函館10R_檜山特別,1倍台,馬連,3,3,300,0
2025-06-22,2025-06-22_函館10R_檜山特別,1倍台,馬連,4,6,600,0
2025-06-22,2025-06-22_函館10R_檜山特別,1倍台,馬連,5,10,1000,0
2025-06-22,2025-06-22_函館10R_檜山特別,1倍台,馬連,6,15,1500,0
2025-06-22,2025-06-22_函館11R_UHB杯,3倍以上,ワイド,3,3,300,0
2025-06-22,2025-06-22_函館11R_UHB杯,3倍以上,ワイド,4,6,600,0
2025-06-22,2025-06-22_函館11R_UHB杯,3倍以上,ワイド,5,10,1000,0
2025-06-22,2025-06-22_函館11R_UHB杯,3倍以上,ワイド,6,15,1500,0
2025-06-22,2025-06-22_函館11R_UHB杯,3倍以上,馬連,3,3,300,0
2025-06-22,2025-06-22_函館11R_UHB杯,3倍以上,馬連,4,6,600,0
2025-06-22,2025-06-22_函館11R_UHB杯,3倍以上,馬連,5,10,1000,0
2025-06-22,2025-06-22_函館11R_UHB杯,3倍以上,馬連,6,15,1500,0
2025-06-22,2025-06-22_函館12R_3歳以上1勝クラス,2倍台,ワイド,3,3,300,340
2025-06-22,2025-06-22_函館12R_3歳以上1勝クラス,2倍台,ワイド,4,6,600,340
2025-06-22,2025-06-22_函館12R_3歳以上1勝クラス,2倍台,ワイド,5,10,1000,340
2025-06-22,2025-06-22_函館12R_3歳以上1勝クラス,2倍台,ワイド,6,15,1500,340
2025-06-22,2025-06-22_函館12R_3歳以上1勝クラス,2倍台,馬連,3,3,300,0
2025-06-22,2025-06-22_函館12R_3歳以上1勝クラス,2倍台,馬連,4,6,600,0
2025-06-22,2025-06-22_函館12R_3歳以上1勝クラス,2倍台,馬連,5,10,1000,0
2025-06-22,2025-06-22_函館12R_3歳以上1勝クラス,2倍台,馬連,6,15,1500,0
2025-06-22,2025-06-22_東京09R_甲州街道特別,3倍以上,ワイド,3,3,300,0
2025-06-22,2025-06-22_東京09R_甲州街道特別,3倍以上,ワイド,4,6,600,0
2025-06-22,2025-06-22_東京09R_甲州街道特別,3倍以上,ワイド,5,10,1000,0
2025-06-22,2025-06-22_東京09R_甲州街道特別,3倍以上,ワイド,6,15,1500,740
2025-06-22,2025-06-22_東京09R_甲州街道特別,3倍以上,馬連,3,3,300,0
2025-06-22,2025-06-22_東京09R_甲州街道特別,3倍以上,馬連,4,6,600,0
2025-06-22,2025-06-22_東京09R_甲州街道特別,3倍以上,馬連,5,10,1000,0
2025-06-22,2025-06-22_東京09R_甲州街道特別,3倍以上,馬連,6,15,1500,2010
2025-06-22,2025-06-22_東京10R_多摩川S,1倍台,ワイド,3,3,300,0
2025-06-22,2025-06-22_東京10R_多摩川S,1倍台,ワイド,4,6,600,0
2025-06-22,2025-06-22_東京10R_多摩川S,1倍台,ワイド,5,10,1000,0
2025-06-22,2025-06-22_東京10R_多摩川S,1倍台,ワイド,6,15,1500,0
2025-06-22,2025-06-22_東京10R_多摩川S,1倍台,馬連,3,3,300,0
2025-06-22,2025-06-22_東京10R_多摩川S,1倍台,馬連,4,6,600,0
2025-06-22,2025-06-22_東京10R_多摩川S,1倍台,馬連,5,10,1000,0
2025-06-22,2025-06-22_東京10R_多摩川S,1倍台,馬連,6,15,1500,0
2025-06-22,2025-06-22_東京11R_府中牝馬S,3倍以上,ワイド,3,3,300,1050
2025-06-22,2025-06-22_東京11R_府中牝馬S,3倍以上,ワイド,4,6,600,2630
2025-06-22,2025-06-22_東京11R_府中牝馬S,3倍以上,ワイド,5,10,1000,2630
2025-06-22,2025-06-22_東京11R_府中牝馬S,3倍以上,ワイド,6,15,1500,2630
2025-06-22,2025-06-22_東京11R_府中牝馬S,3倍以上,馬連,3,3,300,3030
2025-06-22,2025-06-22_東京11R_府中牝馬S,3倍以上,馬連,4,6,600,3030
2025-06-22,2025-06-22_東京11R_府中牝馬S,3倍以上,馬連,5,10,1000,3030
2025-06-22,2025-06-22_東京11R_府中牝馬S,3倍以上,馬連,6,15,1500,3030
2025-06-22,2025-06-22_東京12R_3歳以上1勝クラス,2倍台,ワイド,3,3,300,0
2025-06-22,2025-06-22_東京12R_3歳以上1勝クラス,2倍台,ワイド,4,6,600,0
2025-06-22,2025-06-22_東京12R_3歳以上1勝クラス,2倍台,ワイド,5,10,1000,1180
2025-06-22,2025-06-22_東京12R_3歳以上1勝クラス,2倍台,ワイド,6,15,1500,1180
2025-06-22,2025-06-22_東京12R_3歳以上1勝クラス,2倍台,馬連,3,3,300,0
2025-06-22,2025-06-22_東京12R_3歳以上1勝クラス,2倍台,馬連,4,6,600,0
2025-06-22,2025-06-22_東京12R_3歳以上1勝クラス,2倍台,馬連,5,10,1000,0
2025-06-22,2025-06-22_東京12R_3歳以上1勝クラス,2倍台,馬連,6,15,1500,0
2025-06-22,2025-06-22_阪神09R_高砂特別,2倍台,ワイド,3,3,300,160
2025-06-22,2025-06-22_阪神09R_高砂特別,2倍台,ワイド,4,6,600,160
2025-06-22,2025-06-22_阪神09R_高砂特別,2倍台,ワイド,5,10,1000,160
2025-06-22,2025-06-22_阪神09R_高砂特別,2倍台,ワイド,6,15,1500,160
2025-06-22,2025-06-22_阪神09R_高砂特別,2倍台,馬連,3,3,300,0
2025-06-22,2025-06-22_阪神09R_高砂特別,2倍台,馬連,4,6,600,0
2025-06-22,2025-06-22_阪神09R_高砂特別,2倍台,馬連,5,10,1000,0
2025-06-22,2025-06-22_阪神09R_高砂特別,2倍台,馬連,6,15,1500,0
2025-06-22,2025-06-22_阪神10R_姫路S,1倍台,ワイド,3,3,300,0
2025-06-22,2025-06-22_阪神10R_姫路S,1倍台,ワイド,4,6,600,650
2025-06-22,2025-06-22_阪神10R_姫路S,1倍台,ワイド,5,10,1000,650
2025-06-22,2025-06-22_阪神10R_姫路S,1倍台,ワイド,6,15,1500,650
2025-06-22,2025-06-22_阪神10R_姫路S,1倍台,馬連,3,3,300,0
2025-06-22,2025-06-22_阪神10R_姫路S,1倍台,馬連,4,6,600,0
2025-06-22,2025-06-22_阪神10R_姫路S,1倍台,馬連,5,10,1000,0
2025-06-22,2025-06-22_阪神10R_姫路S,1倍台,馬連,6,15,1500,0
2025-06-22,2025-06-22_阪神11R_しらさぎS,3倍以上,ワイド,3,3,300,0
2025-06-22,2025-06-22_阪神11R_しらさぎS,3倍以上,ワイド,4,6,600,0
2025-06-22,2025-06-22_阪神11R_しらさぎS,3倍以上,ワイド,5,10,1000,0
2025-06-22,2025-06-22_阪神11R_しらさぎS,3倍以上,ワイド,6,15,1500,0
2025-06-22,2025-06-22_阪神11R_しらさぎS,3倍以上,馬連,3,3,300,0
2025-06-22,2025-06-22_阪神11R_しらさぎS,3倍以上,馬連,4,6,600,0
2025-06-22,2025-06-22_阪神11R_しらさぎS,3倍以上,馬連,5,10,1000,0
2025-06-22,2025-06-22_阪神11R_しらさぎS,3倍以上,馬連,6,15,1500,0
2025-06-22,2025-06-22_阪神12R_3歳以上2勝クラス,2倍台,ワイド,3,3,300,0
2025-06-22,2025-06-22_阪神12R_3歳以上2勝クラス,2倍台,ワイド,4,6,600,0
2025-06-22,2025-06-22_阪神12R_3歳以上2勝クラス,2倍台,ワイド,5,10,1000,0
2025-06-22,2025-06-22_阪神12R_3歳以上2勝クラス,2倍台,ワイド,6,15,1500,690
2025-06-22,2025-06-22_阪神12R_3歳以上2勝クラス,2倍台,馬連,3,3,300,0
2025-06-22,2025-06-22_阪神12R_3歳以上2勝クラス,2倍台,馬連,4,6,600,0
2025-06-22,2025-06-22_阪神12R_3歳以上2勝クラス,2倍台,馬連,5,10,1000,0
2025-06-22,2025-06-22_阪神12R_3歳以上2勝クラス,2倍台,馬連,6,15,1500,0
2025-06-28,2025-06-28_函館09R_長万部特別,1倍台,ワイド,3,3,300,270
2025-06-28,2025-06-28_函館09R_長万部特別,1倍台,ワイド,4,6,600,950
2025-06-28,2025-06-28_函館09R_長万部特別,1倍台,ワイド,5,10,1000,950
2025-06-28,2025-06-28_函館09R_長万部特別,1倍台,ワイド,6,15,1500,950
2025-06-28,2025-06-28_函館09R_長万部特別,1倍台,馬連,3,3,300,0
2025-06-28,2025-06-28_函館09R_長万部特別,1倍台,馬連,4,6,600,1260
2025-06-28,2025-06-28_函館09R_長万部特別,1倍台,馬連,5,10,1000,1260
2025-06-28,2025-06-28_函館09R_長万部特別,1倍台,馬連,6,15,1500,1260
2025-06-28,2025-06-28_函館10R_洞爺湖特別,2倍台,ワイド,3,3,300,0
2025-06-28,2025-06-28_函館10R_洞爺湖特別,2倍台,ワイド,4,6,600,0
2025-06-28,2025-06-28_函館10R_洞爺湖特別,2倍台,ワイド,5,10,1000,0
2025-06-28,2025-06-28_函館10R_洞爺湖特別,2倍台,ワイド,6,15,1500,470
2025-06-28,2025-06-28_函館10R_洞爺湖特別,2倍台,馬連,3,3,300,0
2025-06-28,2025-06-28_函館10R_洞爺湖特別,2倍台,馬連,4,6,600,0
2025-06-28,2025-06-28_函館10R_洞爺湖特別,2倍台,馬連,5,10,1000,0
2025-06-28,2025-06-28_函館10R_洞爺湖特別,2倍台,馬連,6,15,1500,0
2025-06-28,2025-06-28_函館11R_青函S,3倍以上,ワイド,3,3,300,4080
2025-06-28,2025-06-28_函館11R_青函S,3倍以上,ワイド,4,6,600,4080
2025-06-28,2025-06-28_函館11R_青函S,3倍以上,ワイド,5,10,1000,4080
2025-06-28,2025-06-28_函館11R_青函S,3倍以上,ワイド,6,15,1500,4080
2025-06-28,2025-06-28_函館11R_青函S,3倍以上,馬連,3,3,300,16280
2025-06-28,2025-06-28_函館11R_青函S,3倍以上,馬連,4,6,600,16280
2025-06-28,2025-06-28_函館11R_青函S,3倍以上,馬連,5,10,1000,16280
2025-06-28,2025-06-28_函館11R_青函S,3倍以上,馬連,6,15,1500,16280
2025-06-28,2025-06-28_函館12R_3歳以上1勝クラス,3倍以上,ワイド,3,3,300,0
2025-06-28,2025-06-28_函館12R_3歳以上1勝クラス,3倍以上,ワイド,4,6,600,0
2025-06-28,2025-06-28_函館12R_3歳以上1勝クラス,3倍以上,ワイド,5,10,1000,1340
2025-06-28,2025-06-28_函館12R_3歳以上1勝クラス,3倍以上,ワイド,6,15,1500,1340
2025-06-28,2025-06-28_函館12R_3歳以上1勝クラス,3倍以上,馬連,3,3,300,0
2025-06-28,2025-06-28_函館12R_3歳以上1勝クラス,3倍以上,馬連,4,6,600,0
2025-06-28,2025-06-28_函館12R_3歳以上1勝クラス,3倍以上,馬連,5,10,1000,0
2025-06-28,2025-06-28_函館12R_3歳以上1勝クラス,3倍以上,馬連,6,15,1500,0
2025-06-28,2025-06-28_小倉09R_八代特別,1倍台,ワイド,3,3,300,130
2025-06-28,2025-06-28_小倉09R_八代特別,1倍台,ワイド,4,6,600,130
2025-06-28,2025-06-28_小倉09R_八代特別,1倍台,ワイド,5,10,1000,770
2025-06-28,2025-06-28_小倉09R_八代特別,1倍台,ワイド,6,15,1500,770
2025-06-28,2025-06-28_小倉09R_八代特別,1倍台,馬連,3,3,300,0
2025-06-28,2025-06-28_小倉09R_八代特別,1倍台,馬連,4,6,600,0
2025-06-28,2025-06-28_小倉09R_八代特別,1倍台,馬連,5,10,1000,1970
2025-06-28,2025-06-28_小倉09R_八代特別,1倍台,馬連,6,15,1500,1970
2025-06-28,2025-06-28_小倉10R_柳川特別,1倍台,ワイド,3,3,300,120
2025-06-28,2025-06-28_小倉10R_柳川特別,1倍台,ワイド,4,6,600,380
2025-06-28,2025-06-28_小倉10R_柳川特別,1倍台,ワイド,5,10,1000,380
2025-06-28,2025-06-28_小倉10R_柳川特別,1倍台,ワイド,6,15,1500,380
2025-06-28,2025-06-28_小倉10R_柳川特別,1倍台,馬連,3,3,300,0
2025-06-28,2025-06-28_小倉10R_柳川特別,1倍台,馬連,4,6,600,240
2025-06-28,2025-06-28_小倉10R_柳川特別,1倍台,馬連,5,10,1000,240
2025-06-28,2025-06-28_小倉10R_柳川特別,1倍台,馬連,6,15,1500,240
2025-06-28,2025-06-28_小倉11R_博多S,2倍台,ワイド,3,3,300,530
2025-06-28,2025-06-28_小倉11R_博多S,2倍台,ワイド,4,6,600,2460
2025-06-28,2025-06-28_小倉11R_博多S,2倍台,ワイド,5,10,1000,2460
2025-06-28,2025-06-28_小倉11R_博多S,2倍台,ワイド,6,15,1500,2460
2025-06-28,2025-06-28_小倉11R_博多S,2倍台,馬連,3,3,300,1100
2025-06-28,2025-06-28_小倉11R_博多S,2倍台,馬連,4,6,600,1100
2025-06-28,2025-06-28_小倉11R_博多S,2倍台,馬連,5,10,1000,1100
2025-06-28,2025-06-28_小倉11R_博多S,2倍台,馬連,6,15,1500,1100
2025-06-28,2025-06-28_小倉12R_3歳以上1勝クラス,1倍台,ワイド,3,3,300,6750
2025-06-28,2025-06-28_小倉12R_3歳以上1勝クラス,1倍台,ワイド,4,6,600,6750
2025-06-28,2025-06-28_小倉12R_3歳以上1勝クラス,1倍台,ワイド,5,10,1000,6750
2025-06-28,2025-06-28_小倉12R_3歳以上1勝クラス,1倍台,ワイド,6,15,1500,6750
2025-06-28,2025-06-28_小倉12R_3歳以上1勝クラス,1倍台,馬連,3,3,300,0
2025-06-28,2025-06-28_小倉12R_3歳以上1勝クラス,1倍台,馬連,4,6,600,0
2025-06-28,2025-06-28_小倉12R_3歳以上1勝クラス,1倍台,馬連,5,10,1000,0
2025-06-28,2025-06-28_小倉12R_3歳以上1勝クラス,1倍台,馬連,6,15,1500,0
2025-06-28,2025-06-28_福島09R_松島特別,1倍台,ワイド,3,3,300,0
2025-06-28,2025-06-28_福島09R_松島特別,1倍台,ワイド,4,6,600,0
2025-06-28,2025-06-28_福島09R_松島特別,1倍台,ワイド,5,10,1000,0
2025-06-28,2025-06-28_福島09R_松島特別,1倍台,ワイド,6,15,1500,0
2025-06-28,2025-06-28_福島09R_松島特別,1倍台,馬連,3,3,300,0
2025-06-28,2025-06-28_福島09R_松島特別,1倍台,馬連,4,6,600,0
2025-06-28,2025-06-28_福島09R_松島特別,1倍台,馬連,5,10,1000,0
2025-06-28,2025-06-28_福島09R_松島特別,1倍台,馬連,6,15,1500,0
2025-06-28,2025-06-28_福島10R_いわき特別,1倍台,ワイド,3,3,300,0
2025-06-28,2025-06-28_福島10R_いわき特別,1倍台,ワイド,4,6,600,240
2025-06-28,2025-06-28_福島10R_いわき特別,1倍台,ワイド,5,10,1000,240
2025-06-28,2025-06-28_福島10R_いわき特別,1倍台,ワイド,6,15,1500,240
2025-06-28,2025-06-28_福島10R_いわき特別,1倍台,馬連,3,3,300,0
2025-06-28,2025-06-28_福島10R_いわき特別,1倍台,馬連,4,6,600,390
2025-06-28,2025-06-28_福島10R_いわき特別,1倍台,馬連,5,10,1000,390
2025-06-28,2025-06-28_福島10R_いわき特別,1倍台,馬連,6,15,1500,390
2025-06-28,2025-06-28_福島11R_バーデンバーデンC,2倍台,ワイド,3,3,300,0
2025-06-28,2025-06-28_福島11R_バーデンバーデンC,2倍台,ワイド,4,6,600,0
2025-06-28,2025-06-28_福島11R_バーデンバーデンC,2倍台,ワイド,5,10,1000,0
2025-06-28,2025-06-28_福島11R_バーデンバーデンC,2倍台,ワイド,6,15,1500,0
2025-06-28,2025-06-28_福島11R_バーデンバーデンC,2倍台,馬連,3,3,300,0
2025-06-28,2025-06-28_福島11R_バーデンバーデンC,2倍台,馬連,4,6,600,0
2025-06-28,2025-06-28_福島11R_バーデンバーデンC,2倍台,馬連,5,10,1000,0
2025-06-28,2025-06-28_福島11R_バーデンバーデンC,2倍台,馬連,6,15,1500,0
2025-06-28,2025-06-28_福島12R_3歳以上1勝クラス,3倍以上,ワイド,3,3,300,350
2025-06-28,2025-06-28_福島12R_3歳以上1勝クラス,3倍以上,ワイド,4,6,600,350
2025-06-28,2025-06-28_福島12R_3歳以上1勝クラス,3倍以上,ワイド,5,10,1000,350
2025-06-28,2025-06-28_福島12R_3歳以上1勝クラス,3倍以上,ワイド,6,15,1500,350
2025-06-28,2025-06-28_福島12R_3歳以上1勝クラス,3倍以上,馬連,3,3,300,0
2025-06-28,2025-06-28_福島12R_3歳以上1勝クラス,3倍以上,馬連,4,6,600,0
2025-06-28,2025-06-28_福島12R_3歳以上1勝クラス,3倍以上,馬連,5,10,1000,0
2025-06-28,2025-06-28_福島12R_3歳以上1勝クラス,3倍以上,馬連,6,15,1500,0
2025-06-29,2025-06-29_函館09R_臥牛山特別,2倍台,ワイド,3,3,300,0
2025-06-29,2025-06-29_函館09R_臥牛山特別,2倍台,ワイド,4,6,600,200
2025-06-29,2025-06-29_函館09R_臥牛山特別,2倍台,ワイド,5,10,1000,1170
2025-06-29,2025-06-29_函館09R_臥牛山特別,2倍台,ワイド,6,15,1500,1170
2025-06-29,2025-06-29_函館09R_臥牛山特別,2倍台,馬連,3,3,300,0
2025-06-29,2025-06-29_函館09R_臥牛山特別,2倍台,馬連,4,6,600,0
2025-06-29,2025-06-29_函館09R_臥牛山特別,2倍台,馬連,5,10,1000,1490
2025-06-29,2025-06-29_函館09R_臥牛山特別,2倍台,馬連,6,15,1500,1490
2025-06-29,2025-06-29_函館10R_渡島特別,2倍台,ワイド,3,3,300,220
2025-06-29,2025-06-29_函館10R_渡島特別,2倍台,ワイド,4,6,600,220
2025-06-29,2025-06-29_函館10R_渡島特別,2倍台,ワイド,5,10,1000,220
2025-06-29,2025-06-29_函館10R_渡島特別,2倍台,ワイド,6,15,1500,220
2025-06-29,2025-06-29_函館10R_渡島特別,2倍台,馬連,3,3,300,490
2025-06-29,2025-06-29_函館10R_渡島特別,2倍台,馬連,4,6,600,490
2025-06-29,2025-06-29_函館10R_渡島特別,2倍台,馬連,5,10,1000,490
2025-06-29,2025-06-29_函館10R_渡島特別,2倍台,馬連,6,15,1500,490
2025-06-29,2025-06-29_函館11R_函館記念,3倍以上,ワイド,3,3,300,0
2025-06-29,2025-06-29_函館11R_函館記念,3倍以上,ワイド,4,6,600,0
2025-06-29,2025-06-29_函館11R_函館記念,3倍以上,ワイド,5,10,1000,0
2025-06-29,2025-06-29_函館11R_函館記念,3倍以上,ワイド,6,15,1500,0
2025-06-29,2025-06-29_函館11R_函館記念,3倍以上,馬連,3,3,300,0
2025-06-29,2025-06-29_函館11R_函館記念,3倍以上,馬連,4,6,600,0
2025-06-29,2025-06-29_函館11R_函館記念,3倍以上,馬連,5,10,1000,0
2025-06-29,2025-06-29_函館11R_函館記念,3倍以上,馬連,6,15,1500,0
2025-06-29,2025-06-29_函館12R_湯の川温泉特別,3倍以上,ワイド,3,3,300,0
2025-06-29,2025-06-29_函館12R_湯の川温泉特別,3倍以上,ワイド,4,6,600,0
2025-06-29,2025-06-29_函館12R_湯の川温泉特別,3倍以上,ワイド,5,10,1000,0
2025-06-29,2025-06-29_函館12R_湯の川温泉特別,3倍以上,ワイド,6,15,1500,0
2025-06-29,2025-06-29_函館12R_湯の川温泉特別,3倍以上,馬連,3,3,300,0
2025-06-29,2025-06-29_函館12R_湯の川温泉特別,3倍以上,馬連,4,6,600,0
2025-06-29,2025-06-29_函館12R_湯の川温泉特別,3倍以上,馬連,5,10,1000,0
2025-06-29,2025-06-29_函館12R_湯の川温泉特別,3倍以上,馬連,6,15,1500,0
2025-06-29,2025-06-29_小倉09R_青島特別,2倍台,ワイド,3,3,300,460
2025-06-29,2025-06-29_小倉09R_青島特別,2倍台,ワイド,4,6,600,1020
2025-06-29,2025-06-29_小倉09R_青島特別,2倍台,ワイド,5,10,1000,1020
2025-06-29,2025-06-29_小倉09R_青島特別,2倍台,ワイド,6,15,1500,1020
2025-06-29,2025-06-29_小倉09R_青島特別,2倍台,馬連,3,3,300,0
2025-06-29,2025-06-29_小倉09R_青島特別,2倍台,馬連,4,6,600,600
2025-06-29,2025-06-29_小倉09R_青島特別,2倍台,馬連,5,10,1000,600
2025-06-29,2025-06-29_小倉09R_青島特別,2倍台,馬連,6,15,1500,600
2025-06-29,2025-06-29_小倉10R_西部日刊スポーツ杯,2倍台,ワイド,3,3,300,0
2025-06-29,2025-06-29_小倉10R_西部日刊スポーツ杯,2倍台,ワイド,4,6,600,0
2025-06-29,2025-06-29_小倉10R_西部日刊スポーツ杯,2倍台,ワイド,5,10,1000,590
2025-06-29,2025-06-29_小倉10R_西部日刊スポーツ杯,2倍台,ワイド,6,15,1500,590
2025-06-29,2025-06-29_小倉10R_西部日刊スポーツ杯,2倍台,馬連,3,3,300,0
2025-06-29,2025-06-29_小倉10R_西部日刊スポーツ杯,2倍台,馬連,4,6,600,0
2025-06-29,2025-06-29_小倉10R_西部日刊スポーツ杯,2倍台,馬連,5,10,1000,0
2025-06-29,2025-06-29_小倉10R_西部日刊スポーツ杯,2倍台,馬連,6,15,1500,0
2025-06-29,2025-06-29_小倉11R_佐世保S,3倍以上,ワイド,3,3,300,0
2025-06-29,2025-06-29_小倉11R_佐世保S,3倍以上,ワイド,4,6,600,0
2025-06-29,2025-06-29_小倉11R_佐世保S,3倍以上,ワイド,5,10,1000,0
2025-06-29,2025-06-29_小倉11R_佐世保S,3倍以上,ワイド,6,15,1500,400
2025-06-29,2025-06-29_小倉11R_佐世保S,3倍以上,馬連,3,3,300,0
2025-06-29,2025-06-29_小倉11R_佐世保S,3倍以上,馬連,4,6,600,0
2025-06-29,2025-06-29_小倉11R_佐世保S,3倍以上,馬連,5,10,1000,0
2025-06-29,2025-06-29_小倉11R_佐世保S,3倍以上,馬連,6,15,1500,0
2025-06-29,2025-06-29_小倉12R_3歳以上1勝クラス,2倍台,ワイド,3,3,300,0
2025-06-29,2025-06-29_小倉12R_3歳以上1勝クラス,2倍台,ワイド,4,6,600,0
2025-06-29,2025-06-29_小倉12R_3歳以上1勝クラス,2倍台,ワイド,5,10,1000,0
2025-06-29,2025-06-29_小倉12R_3歳以上1勝クラス,2倍台,ワイド,6,15,1500,430
2025-06-29,2025-06-29_小倉12R_3歳以上1勝クラス,2倍台,馬連,3,3,300,0
2025-06-29,2025-06-29_小倉12R_3歳以上1勝クラス,2倍台,馬連,4,6,600,0
2025-06-29,2025-06-29_小倉12R_3歳以上1勝クラス,2倍台,馬連,5,10,1000,0
2025-06-29,2025-06-29_小倉12R_3歳以上1勝クラス,2倍台,馬連,6,15,1500,0
2025-06-29,2025-06-29_福島09R_郡山特別,1倍台,ワイド,3,3,300,190
2025-06-29,2025-06-29_福島09R_郡山特別,1倍台,ワイド,4,6,600,640
2025-06-29,2025-06-29_福島09R_郡山特別,1倍台,ワイド,5,10,1000,640
2025-06-29,2025-06-29_福島09R_郡山特別,1倍台,ワイド,6,15,1500,640
2025-06-29,2025-06-29_福島09R_郡山特別,1倍台,馬連,3,3,300,510
2025-06-29,2025-06-29_福島09R_郡山特別,1倍台,馬連,4,6,600,510
2025-06-29,2025-06-29_福島09R_郡山特別,1倍台,馬連,5,10,1000,510
2025-06-29,2025-06-29_福島09R_郡山特別,1倍台,馬連,6,15,1500,510
2025-06-29,2025-06-29_福島10R_鶴ヶ城S,2倍台,ワイド,3,3,300,630
2025-06-29,2025-06-29_福島10R_鶴ヶ城S,2倍台,ワイド,4,6,600,630
2025-06-29,2025-06-29_福島10R_鶴ヶ城S,2倍台,ワイド,5,10,1000,630
2025-06-29,2025-06-29_福島10R_鶴ヶ城S,2倍台,ワイド,6,15,1500,630
2025-06-29,2025-06-29_福島10R_鶴ヶ城S,2倍台,馬連,3,3,300,0
2025-06-29,2025-06-29_福島10R_鶴ヶ城S,2倍台,馬連,4,6,600,0
2025-06-29,2025-06-29_福島10R_鶴ヶ城S,2倍台,馬連,5,10,1000,0
2025-06-29,2025-06-29_福島10R_鶴ヶ城S,2倍台,馬連,6,15,1500,0
2025-06-29,2025-06-29_福島11R_ラジオNIKKEI賞,3倍以上,ワイド,3,3,300,0
2025-06-29,2025-06-29_福島11R_ラジオNIKKEI賞,3倍以上,ワイド,4,6,600,920
2025-06-29,2025-06-29_福島11R_ラジオNIKKEI賞,3倍以上,ワイド,5,10,1000,920
2025-06-29,2025-06-29_福島11R_ラジオNIKKEI賞,3倍以上,ワイド,6,15,1500,920
2025-06-29,2025-06-29_福島11R_ラジオNIKKEI賞,3倍以上,馬連,3,3,300,0
2025-06-29,2025-06-29_福島11R_ラジオNIKKEI賞,3倍以上,馬連,4,6,600,2700
2025-06-29,2025-06-29_福島11R_ラジオNIKKEI賞,3倍以上,馬連,5,10,1000,2700
2025-06-29,2025-06-29_福島11R_ラジオNIKKEI賞,3倍以上,馬連,6,15,1500,2700
2025-06-29,2025-06-29_福島12R_3歳以上1勝クラス,3倍以上,ワイド,3,3,300,0
2025-06-29,2025-06-29_福島12R_3歳以上1勝クラス,3倍以上,ワイド,4,6,600,0
2025-06-29,2025-06-29_福島12R_3歳以上1勝クラス,3倍以上,ワイド,5,10,1000,0
2025-06-29,2025-06-29_福島12R_3歳以上1勝クラス,3倍以上,ワイド,6,15,1500,0
2025-06-29,2025-06-29_福島12R_3歳以上1勝クラス,3倍以上,馬連,3,3,300,0
2025-06-29,2025-06-29_福島12R_3歳以上1勝クラス,3倍以上,馬連,4,6,600,0
2025-06-29,2025-06-29_福島12R_3歳以上1勝クラス,3倍以上,馬連,5,10,1000,0
2025-06-29,2025-06-29_福島12R_3歳以上1勝クラス,3倍以上,馬連,6,15,1500,0
2025-07-05,2025-07-05_函館09R_恵山特別,2倍台,ワイド,3,3,300,190
2025-07-05,2025-07-05_函館09R_恵山特別,2倍台,ワイド,4,6,600,190
2025-07-05,2025-07-05_函館09R_恵山特別,2倍台,ワイド,5,10,1000,190
2025-07-05,2025-07-05_函館09R_恵山特別,2倍台,ワイド,6,15,1500,190
2025-07-05,2025-07-05_函館09R_恵山特別,2倍台,馬連,3,3,300,0
2025-07-05,2025-07-05_函館09R_恵山特別,2倍台,馬連,4,6,600,0
2025-07-05,2025-07-05_函館09R_恵山特別,2倍台,馬連,5,10,1000,0
2025-07-05,2025-07-05_函館09R_恵山特別,2倍台,馬連,6,15,1500,0
2025-07-05,2025-07-05_函館10R_竜飛崎特別,1倍台,ワイド,3,3,300,360
2025-07-05,2025-07-05_函館10R_竜飛崎特別,1倍台,ワイド,4,6,600,360
2025-07-05,2025-07-05_函館10R_竜飛崎特別,1倍台,ワイド,5,10,1000,360
2025-07-05,2025-07-05_函館10R_竜飛崎特別,1倍台,ワイド,6,15,1500,5680
2025-07-05,2025-07-05_函館10R_竜飛崎特別,1倍台,馬連,3,3,300,0
2025-07-05,2025-07-05_函館10R_竜飛崎特別,1倍台,馬連,4,6,600,0
2025-07-05,2025-07-05_函館10R_竜飛崎特別,1倍台,馬連,5,10,1000,0
2025-07-05,2025-07-05_函館10R_竜飛崎特別,1倍台,馬連,6,15,1500,14240
2025-07-05,2025-07-05_函館11R_TVh杯,3倍以上,ワイド,3,3,300,0
2025-07-05,2025-07-05_函館11R_TVh杯,3倍以上,ワイド,4,6,600,0
2025-07-05,2025-07-05_函館11R_TVh杯,3倍以上,ワイド,5,10,1000,0
2025-07-05,2025-07-05_函館11R_TVh杯,3倍以上,ワイド,6,15,1500,1330
2025-07-05,2025-07-05_函館11R_TVh杯,3倍以上,馬連,3,3,300,0
2025-07-05,2025-07-05_函館11R_TVh杯,3倍以上,馬連,4,6,600,0
2025-07-05,2025-07-05_函館11R_TVh杯,3倍以上,馬連,5,10,1000,0
2025-07-05,2025-07-05_函館11R_TVh杯,3倍以上,馬連,6,15,1500,0
2025-07-05,2025-07-05_函館12R_3歳以上1勝クラス,3倍以上,ワイド,3,3,300,0
2025-07-05,2025-07-05_函館12R_3歳以上1勝クラス,3倍以上,ワイド,4,6,600,1300
2025-07-05,2025-07-05_函館12R_3歳以上1勝クラス,3倍以上,ワイド,5,10,1000,1300
2025-07-05,2025-07-05_函館12R_3歳以上1勝クラス,3倍以上,ワイド,6,15,1500,3890
2025-07-05,2025-07-05_函館12R_3歳以上1勝クラス,3倍以上,馬連,3,3,300,0
2025-07-05,2025-07-05_函館12R_3歳以上1勝クラス,3倍以上,馬連,4,6,600,0
2025-07-05,2025-07-05_函館12R_3歳以上1勝クラス,3倍以上,馬連,5,10,1000,0
2025-07-05,2025-07-05_函館12R_3歳以上1勝クラス,3倍以上,馬連,6,15,1500,5550
2025-07-05,2025-07-05_小倉09R_ロイヤルバンコクSC賞,2倍台,ワイド,3,3,300,370
2025-07-05,2025-07-05_小倉09R_ロイヤルバンコクSC賞,2倍台,ワイド,4,6,600,2460
2025-07-05,2025-07-05_小倉09R_ロイヤルバンコクSC賞,2倍台,ワイド,5,10,1000,2460
2025-07-05,2025-07-05_小倉09R_ロイヤルバンコクSC賞,2倍台,ワイド,6,15,1500,2460
2025-07-05,2025-07-05_小倉09R_ロイヤルバンコクSC賞,2倍台,馬連,3,3,300,0
2025-07-05,2025-07-05_小倉09R_ロイヤルバンコクSC賞,2倍台,馬連,4,6,600,2420
2025-07-05,2025-07-05_小倉09R_ロイヤルバンコクSC賞,2倍台,馬連,5,10,1000,2420
2025-07-05,2025-07-05_小倉09R_ロイヤルバンコクSC賞,2倍台,馬連,6,15,1500,2420
2025-07-05,2025-07-05_小倉10R_TAインディア賞,1倍台,ワイド,3,3,300,0
2025-07-05,2025-07-05_小倉10R_TAインディア賞,1倍台,ワイド,4,6,600,0
2025-07-05,2025-07-05_小倉10R_TAインディア賞,1倍台,ワイド,5,10,1000,0
2025-07-05,2025-07-05_小倉10R_TAインディア賞,1倍台,ワイド,6,15,1500,410
2025-07-05,2025-07-05_小倉10R_TAインディア賞,1倍台,馬連,3,3,300,0
2025-07-05,2025-07-05_小倉10R_TAインディア賞,1倍台,馬連,4,6,600,0
2025-07-05,2025-07-05_小倉10R_TAインディア賞,1倍台,馬連,5,10,1000,0
2025-07-05,2025-07-05_小倉10R_TAインディア賞,1倍台,馬連,6,15,1500,930
2025-07-05,2025-07-05_小倉11R_マレーシアC,2倍台,ワイド,3,3,300,0
2025-07-05,2025-07-05_小倉11R_マレーシアC,2倍台,ワイド,4,6,600,0
2025-07-05,2025-07-05_小倉11R_マレーシアC,2倍台,ワイド,5,10,1000,0
2025-07-05,2025-07-05_小倉11R_マレーシアC,2倍台,ワイド,6,15,1500,0
2025-07-05,2025-07-05_小倉11R_マレーシアC,2倍台,馬連,3,3,300,0
2025-07-05,2025-07-05_小倉11R_マレーシアC,2倍台,馬連,4,6,600,0
2025-07-05,2025-07-05_小倉11R_マレーシアC,2倍台,馬連,5,10,1000,0
2025-07-05,2025-07-05_小倉11R_マレーシアC,2倍台,馬連,6,15,1500,0
2025-07-05,2025-07-05_小倉12R_フィリピンT,3倍以上,ワイド,3,3,300,0
2025-07-05,2025-07-05_小倉12R_フィリピンT,3倍以上,ワイド,4,6,600,0
2025-07-05,2025-07-05_小倉12R_フィリピンT,3倍以上,ワイド,5,10,1000,0
2025-07-05,2025-07-05_小倉12R_フィリピンT,3倍以上,ワイド,6,15,1500,0
2025-07-05,2025-07-05_小倉12R_フィリピンT,3倍以上,馬連,3,3,300,0
2025-07-05,2025-07-05_小倉12R_フィリピンT,3倍以上,馬連,4,6,600,0
2025-07-05,2025-07-05_小倉12R_フィリピンT,3倍以上,馬連,5,10,1000,0
2025-07-05,2025-07-05_小倉12R_フィリピンT,3倍以上,馬連,6,15,1500,0
2025-07-05,2025-07-05_福島09R_伊達特別,3倍以上,ワイド,3,3,300,0
2025-07-05,2025-07-05_福島09R_伊達特別,3倍以上,ワイド,4,6,600,650
2025-07-05,2025-07-05_福島09R_伊達特別,3倍以上,ワイド,5,10,1000,650
2025-07-05,2025-07-05_福島09R_伊達特別,3倍以上,ワイド,6,15,1500,650
2025-07-05,2025-07-05_福島09R_伊達特別,3倍以上,馬連,3,3,300,0
2025-07-05,2025-07-05_福島09R_伊達特別,3倍以上,馬連,4,6,600,0
2025-07-05,2025-07-05_福島09R_伊達特別,3倍以上,馬連,5,10,1000,0
2025-07-05,2025-07-05_福島09R_伊達特別,3倍以上,馬連,6,15,1500,0
2025-07-05,2025-07-05_福島10R_横手特別,1倍台,ワイド,3,3,300,0
2025-07-05,2025-07-05_福島10R_横手特別,1倍台,ワイド,4,6,600,0
2025-07-05,2025-07-05_福島10R_横手特別,1倍台,ワイド,5,10,1000,0
2025-07-05,2025-07-05_福島10R_横手特別,1倍台,ワイド,6,15,1500,0
2025-07-05,2025-07-05_福島10R_横手特別,1倍台,馬連,3,3,300,0
2025-07-05,2025-07-05_福島10R_横手特別,1倍台,馬連,4,6,600,0
2025-07-05,2025-07-05_福島10R_横手特別,1倍台,馬連,5,10,1000,0
2025-07-05,2025-07-05_福島10R_横手特別,1倍台,馬連,6,15,1500,0
2025-07-05,2025-07-05_福島11R_TUF杯,2倍台,ワイド,3,3,300,950
2025-07-05,2025-07-05_福島11R_TUF杯,2倍台,ワイド,4,6,600,2420
2025-07-05,2025-07-05_福島11R_TUF杯,2倍台,ワイド,5,10,1000,2420
2025-07-05,2025-07-05_福島11R_TUF杯,2倍台,ワイド,6,15,1500,2420
2025-07-05,2025-07-05_福島11R_TUF杯,2倍台,馬連,3,3,300,0
2025-07-05,2025-07-05_福島11R_TUF杯,2倍台,馬連,4,6,600,1590
2025-07-05,2025-07-05_福島11R_TUF杯,2倍台,馬連,5,10,1000,1590
2025-07-05,2025-07-05_福島11R_TUF杯,2倍台,馬連,6,15,1500,1590
2025-07-05,2025-07-05_福島12R_3歳以上1勝クラス,3倍以上,ワイド,3,3,300,0
2025-07-05,2025-07-05_福島12R_3歳以上1勝クラス,3倍以上,ワイド,4,6,600,0
2025-07-05,2025-07-05_福島12R_3歳以上1勝クラス,3倍以上,ワイド,5,10,1000,950
2025-07-05,2025-07-05_福島12R_3歳以上1勝クラス,3倍以上,ワイド,6,15,1500,950
2025-07-05,2025-07-05_福島12R_3歳以上1勝クラス,3倍以上,馬連,3,3,300,0
2025-07-05,2025-07-05_福島12R_3歳以上1勝クラス,3倍以上,馬連,4,6,600,0
2025-07-05,2025-07-05_福島12R_3歳以上1勝クラス,3倍以上,馬連,5,10,1000,2650
2025-07-05,2025-07-05_福島12R_3歳以上1勝クラス,3倍以上,馬連,6,15,1500,2650
2025-07-06,2025-07-06_函館09R_立待岬特別,2倍台,ワイド,3,3,300,0
2025-07-06,2025-07-06_函館09R_立待岬特別,2倍台,ワイド,4,6,600,0
2025-07-06,2025-07-06_函館09R_立待岬特別,2倍台,ワイド,5,10,1000,0
2025-07-06,2025-07-06_函館09R_立待岬特別,2倍台,ワイド,6,15,1500,0
2025-07-06,2025-07-06_函館09R_立待岬特別,2倍台,馬連,3,3,300,0
2025-07-06,2025-07-06_函館09R_立待岬特別,2倍台,馬連,4,6,600,0
2025-07-06,2025-07-06_函館09R_立待岬特別,2倍台,馬連,5,10,1000,0
2025-07-06,2025-07-06_函館09R_立待岬特別,2倍台,馬連,6,15,1500,0
2025-07-06,2025-07-06_函館10R_横津岳特別,2倍台,ワイド,3,3,300,0
2025-07-06,2025-07-06_函館10R_横津岳特別,2倍台,ワイド,4,6,600,460
2025-07-06,2025-07-06_函館10R_横津岳特別,2倍台,ワイド,5,10,1000,460
2025-07-06,2025-07-06_函館10R_横津岳特別,2倍台,ワイド,6,15,1500,1170
2025-07-06,2025-07-06_函館10R_横津岳特別,2倍台,馬連,3,3,300,0
2025-07-06,2025-07-06_函館10R_横津岳特別,2倍台,馬連,4,6,600,1580
2025-07-06,2025-07-06_函館10R_横津岳特別,2倍台,馬連,5,10,1000,1580
2025-07-06,2025-07-06_函館10R_横津岳特別,2倍台,馬連,6,15,1500,1580
2025-07-06,2025-07-06_函館11R_大沼S,2倍台,ワイド,3,3,300,0
2025-07-06,2025-07-06_函館11R_大沼S,2倍台,ワイド,4,6,600,490
2025-07-06,2025-07-06_函館11R_大沼S,2倍台,ワイド,5,10,1000,490
2025-07-06,2025-07-06_函館11R_大沼S,2倍台,ワイド,6,15,1500,490
2025-07-06,2025-07-06_函館11R_大沼S,2倍台,馬連,3,3,300,0
2025-07-06,2025-07-06_函館11R_大沼S,2倍台,馬連,4,6,600,0
2025-07-06,2025-07-06_函館11R_大沼S,2倍台,馬連,5,10,1000,0
2025-07-06,2025-07-06_函館11R_大沼S,2倍台,馬連,6,15,1500,0
2025-07-06,2025-07-06_函館12R_3歳以上1勝クラス,2倍台,ワイド,3,3,300,260
2025-07-06,2025-07-06_函館12R_3歳以上1勝クラス,2倍台,ワイド,4,6,600,840
2025-07-06,2025-07-06_函館12R_3歳以上1勝クラス,2倍台,ワイド,5,10,1000,840
2025-07-06,2025-07-06_函館12R_3歳以上1勝クラス,2倍台,ワイド,6,15,1500,840
2025-07-06,2025-07-06_函館12R_3歳以上1勝クラス,2倍台,馬連,3,3,300,690
2025-07-06,2025-07-06_函館12R_3歳以上1勝クラス,2倍台,馬連,4,6,600,690
2025-07-06,2025-07-06_函館12R_3歳以上1勝クラス,2倍台,馬連,5,10,1000,690
2025-07-06,2025-07-06_函館12R_3歳以上1勝クラス,2倍台,馬連,6,15,1500,690
2025-07-06,2025-07-06_小倉09R_小郡特別,1倍台,ワイド,3,3,300,510
2025-07-06,2025-07-06_小倉09R_小郡特別,1倍台,ワイド,4,6,600,510
2025-07-06,2025-07-06_小倉09R_小郡特別,1倍台,ワイド,5,10,1000,510
2025-07-06,2025-07-06_小倉09R_小郡特別,1倍台,ワイド,6,15,1500,1330
2025-07-06,2025-07-06_小倉09R_小郡特別,1倍台,馬連,3,3,300,0
2025-07-06,2025-07-06_小倉09R_小郡特別,1倍台,馬連,4,6,600,0
2025-07-06,2025-07-06_小倉09R_小郡特別,1倍台,馬連,5,10,1000,0
2025-07-06,2025-07-06_小倉09R_小郡特別,1倍台,馬連,6,15,1500,2010
2025-07-06,2025-07-06_小倉10R_九州スポーツ杯,1倍台,ワイド,3,3,300,220
2025-07-06,2025-07-06_小倉10R_九州スポーツ杯,1倍台,ワイド,4,6,600,220
2025-07-06,2025-07-06_小倉10R_九州スポーツ杯,1倍台,ワイド,5,10,1000,220
2025-07-06,2025-07-06_小倉10R_九州スポーツ杯,1倍台,ワイド,6,15,1500,220
2025-07-06,2025-07-06_小倉10R_九州スポーツ杯,1倍台,馬連,3,3,300,440
2025-07-06,2025-07-06_小倉10R_九州スポーツ杯,1倍台,馬連,4,6,600,440
2025-07-06,2025-07-06_小倉10R_九州スポーツ杯,1倍台,馬連,5,10,1000,440
2025-07-06,2025-07-06_小倉10R_九州スポーツ杯,1倍台,馬連,6,15,1500,440
2025-07-06,2025-07-06_小倉11R_北九州記念,3倍以上,ワイド,3,3,300,0
2025-07-06,2025-07-06_小倉11R_北九州記念,3倍以上,ワイド,4,6,600,0
2025-07-06,2025-07-06_小倉11R_北九州記念,3倍以上,ワイド,5,10,1000,0
2025-07-06,2025-07-06_小倉11R_北九州記念,3倍以上,ワイド,6,15,1500,1680
2025-07-06,2025-07-06_小倉11R_北九州記念,3倍以上,馬連,3,3,300,0
2025-07-06,2025-07-06_小倉11R_北九州記念,3倍以上,馬連,4,6,600,0
2025-07-06,2025-07-06_小倉11R_北九州記念,3倍以上,馬連,5,10,1000,0
2025-07-06,2025-07-06_小倉11R_北九州記念,3倍以上,馬連,6,15,1500,0
2025-07-06,2025-07-06_小倉12R_3歳以上1勝クラス,2倍台,ワイド,3,3,300,0
2025-07-06,2025-07-06_小倉12R_3歳以上1勝クラス,2倍台,ワイド,4,6,600,0
2025-07-06,2025-07-06_小倉12R_3歳以上1勝クラス,2倍台,ワイド,5,10,1000,0
2025-07-06,2025-07-06_小倉12R_3歳以上1勝クラス,2倍台,ワイド,6,15,1500,0
2025-07-06,2025-07-06_小倉12R_3歳以上1勝クラス,2倍台,馬連,3,3,300,0
2025-07-06,2025-07-06_小倉12R_3歳以上1勝クラス,2倍台,馬連,4,6,600,0
2025-07-06,2025-07-06_小倉12R_3歳以上1勝クラス,2倍台,馬連,5,10,1000,0
2025-07-06,2025-07-06_小倉12R_3歳以上1勝クラス,2倍台,馬連,6,15,1500,0
2025-07-06,2025-07-06_福島09R_さくらんぼ特別,3倍以上,ワイド,3,3,300,0
2025-07-06,2025-07-06_福島09R_さくらんぼ特別,3倍以上,ワイド,4,6,600,0
2025-07-06,2025-07-06_福島09R_さくらんぼ特別,3倍以上,ワイド,5,10,1000,600
2025-07-06,2025-07-06_福島09R_さくらんぼ特別,3倍以上,ワイド,6,15,1500,600
2025-07-06,2025-07-06_福島09R_さくらんぼ特別,3倍以上,馬連,3,3,300,0
2025-07-06,2025-07-06_福島09R_さくらんぼ特別,3倍以上,馬連,4,6,600,0
2025-07-06,2025-07-06_福島09R_さくらんぼ特別,3倍以上,馬連,5,10,1000,0
2025-07-06,2025-07-06_福島09R_さくらんぼ特別,3倍以上,馬連,6,15,1500,0
2025-07-06,2025-07-06_福島10R_白河特別,2倍台,ワイド,3,3,300,0
2025-07-06,2025-07-06_福島10R_白河特別,2倍台,ワイド,4,6,600,0
2025-07-06,2025-07-06_福島10R_白河特別,2倍台,ワイド,5,10,1000,0
2025-07-06,2025-07-06_福島10R_白河特別,2倍台,ワイド,6,15,1500,0
2025-07-06,2025-07-06_福島10R_白河特別,2倍台,馬連,3,3,300,0
2025-07-06,2025-07-06_福島10R_白河特別,2倍台,馬連,4,6,600,0
2025-07-06,2025-07-06_福島10R_白河特別,2倍台,馬連,5,10,1000,0
2025-07-06,2025-07-06_福島10R_白河特別,2倍台,馬連,6,15,1500,0
2025-07-06,2025-07-06_福島11R_ジュライS,3倍以上,ワイド,3,3,300,0
2025-07-06,2025-07-06_福島11R_ジュライS,3倍以上,ワイド,4,6,600,0
2025-07-06,2025-07-06_福島11R_ジュライS,3倍以上,ワイド,5,10,1000,0
2025-07-06,2025-07-06_福島11R_ジュライS,3倍以上,ワイド,6,15,1500,0
2025-07-06,2025-07-06_福島11R_ジュライS,3倍以上,馬連,3,3,300,0
2025-07-06,2025-07-06_福島11R_ジュライS,3倍以上,馬連,4,6,600,0
2025-07-06,2025-07-06_福島11R_ジュライS,3倍以上,馬連,5,10,1000,0
2025-07-06,2025-07-06_福島11R_ジュライS,3倍以上,馬連,6,15,1500,0
2025-07-06,2025-07-06_福島12R_3歳以上1勝クラス,3倍以上,ワイド,3,3,300,0
2025-07-06,2025-07-06_福島12R_3歳以上1勝クラス,3倍以上,ワイド,4,6,600,0
2025-07-06,2025-07-06_福島12R_3歳以上1勝クラス,3倍以上,ワイド,5,10,1000,0
2025-07-06,2025-07-06_福島12R_3歳以上1勝クラス,3倍以上,ワイド,6,15,1500,480
2025-07-06,2025-07-06_福島12R_3歳以上1勝クラス,3倍以上,馬連,3,3,300,0
2025-07-06,2025-07-06_福島12R_3歳以上1勝クラス,3倍以上,馬連,4,6,600,0
2025-07-06,2025-07-06_福島12R_3歳以上1勝クラス,3倍以上,馬連,5,10,1000,0
2025-07-06,2025-07-06_福島12R_3歳以上1勝クラス,3倍以上,馬連,6,15,1500,1030
2025-07-12,2025-07-12_函館09R_北斗特別,2倍台,ワイド,3,3,300,350
2025-07-12,2025-07-12_函館09R_北斗特別,2倍台,ワイド,4,6,600,350
2025-07-12,2025-07-12_函館09R_北斗特別,2倍台,ワイド,5,10,1000,350
2025-07-12,2025-07-12_函館09R_北斗特別,2倍台,ワイド,6,15,1500,350
2025-07-12,2025-07-12_函館09R_北斗特別,2倍台,馬連,3,3,300,0
2025-07-12,2025-07-12_函館09R_北斗特別,2倍台,馬連,4,6,600,0
2025-07-12,2025-07-12_函館09R_北斗特別,2倍台,馬連,5,10,1000,0
2025-07-12,2025-07-12_函館09R_北斗特別,2倍台,馬連,6,15,1500,0
2025-07-12,2025-07-12_函館10R_HTB杯,3倍以上,ワイド,3,3,300,540
2025-07-12,2025-07-12_函館10R_HTB杯,3倍以上,ワイド,4,6,600,540
2025-07-12,2025-07-12_函館10R_HTB杯,3倍以上,ワイド,5,10,1000,2070
2025-07-12,2025-07-12_函館10R_HTB杯,3倍以上,ワイド,6,15,1500,2070
2025-07-12,2025-07-12_函館10R_HTB杯,3倍以上,馬連,3,3,300,1480
2025-07-12,2025-07-12_函館10R_HTB杯,3倍以上,馬連,4,6,600,1480
2025-07-12,2025-07-12_函館10R_HTB杯,3倍以上,馬連,5,10,1000,1480
2025-07-12,2025-07-12_函館10R_HTB杯,3倍以上,馬連,6,15,1500,1480
2025-07-12,2025-07-12_函館11R_五稜郭S,3倍以上,ワイド,3,3,300,800
2025-07-12,2025-07-12_函館11R_五稜郭S,3倍以上,ワイド,4,6,600,800
2025-07-12,2025-07-12_函館11R_五稜郭S,3倍以上,ワイド,5,10,1000,800
2025-07-12,2025-07-12_函館11R_五稜郭S,3倍以上,ワイド,6,15,1500,800
2025-07-12,2025-07-12_函館11R_五稜郭S,3倍以上,馬連,3,3,300,0
2025-07-12,2025-07-12_函館11R_五稜郭S,3倍以上,馬連,4,6,600,0
2025-07-12,2025-07-12_函館11R_五稜郭S,3倍以上,馬連,5,10,1000,0
2025-07-12,2025-07-12_函館11R_五稜郭S,3倍以上,馬連,6,15,1500,0
2025-07-12,2025-07-12_函館12R_3歳以上1勝クラス,2倍台,ワイド,3,3,300,0
2025-07-12,2025-07-12_函館12R_3歳以上1勝クラス,2倍台,ワイド,4,6,600,0
2025-07-12,2025-07-12_函館12R_3歳以上1勝クラス,2倍台,ワイド,5,10,1000,690
2025-07-12,2025-07-12_函館12R_3歳以上1勝クラス,2倍台,ワイド,6,15,1500,690
2025-07-12,2025-07-12_函館12R_3歳以上1勝クラス,2倍台,馬連,3,3,300,0
2025-07-12,2025-07-12_函館12R_3歳以上1勝クラス,2倍台,馬連,4,6,600,0
2025-07-12,2025-07-12_函館12R_3歳以上1勝クラス,2倍台,馬連,5,10,1000,0
2025-07-12,2025-07-12_函館12R_3歳以上1勝クラス,2倍台,馬連,6,15,1500,0
2025-07-12,2025-07-12_小倉09R_英彦山特別,1倍台,ワイド,3,3,300,710
2025-07-12,2025-07-12_小倉09R_英彦山特別,1倍台,ワイド,4,6,600,710
2025-07-12,2025-07-12_小倉09R_英彦山特別,1倍台,ワイド,5,10,1000,710
2025-07-12,2025-07-12_小倉09R_英彦山特別,1倍台,ワイド,6,15,1500,710
2025-07-12,2025-07-12_小倉09R_英彦山特別,1倍台,馬連,3,3,300,0
2025-07-12,2025-07-12_小倉09R_英彦山特別,1倍台,馬連,4,6,600,0
2025-07-12,2025-07-12_小倉09R_英彦山特別,1倍台,馬連,5,10,1000,0
2025-07-12,2025-07-12_小倉09R_英彦山特別,1倍台,馬連,6,15,1500,0
2025-07-12,2025-07-12_小倉10R_八女特別,2倍台,ワイド,3,3,300,610
2025-07-12,2025-07-12_小倉10R_八女特別,2倍台,ワイド,4,6,600,610
2025-07-12,2025-07-12_小倉10R_八女特別,2倍台,ワイド,5,10,1000,4230
2025-07-12,2025-07-12_小倉10R_八女特別,2倍台,ワイド,6,15,1500,4230
2025-07-12,2025-07-12_小倉10R_八女特別,2倍台,馬連,3,3,300,1650
2025-07-12,2025-07-12_小倉10R_八女特別,2倍台,馬連,4,6,600,1650
2025-07-12,2025-07-12_小倉10R_八女特別,2倍台,馬連,5,10,1000,1650
2025-07-12,2025-07-12_小倉10R_八女特別,2倍台,馬連,6,15,1500,1650
2025-07-12,2025-07-12_小倉11R_釜山S,2倍台,ワイド,3,3,300,0
2025-07-12,2025-07-12_小倉11R_釜山S,2倍台,ワイド,4,6,600,0
2025-07-12,2025-07-12_小倉11R_釜山S,2倍台,ワイド,5,10,1000,0
2025-07-12,2025-07-12_小倉11R_釜山S,2倍台,ワイド,6,15,1500,3240
2025-07-12,2025-07-12_小倉11R_釜山S,2倍台,馬連,3,3,300,0
2025-07-12,2025-07-12_小倉11R_釜山S,2倍台,馬連,4,6,600,0
2025-07-12,2025-07-12_小倉11R_釜山S,2倍台,馬連,5,10,1000,0
2025-07-12,2025-07-12_小倉11R_釜山S,2倍台,馬連,6,15,1500,15780
2025-07-12,2025-07-12_小倉12R_3歳以上1勝クラス,3倍以上,ワイド,3,3,300,0
2025-07-12,2025-07-12_小倉12R_3歳以上1勝クラス,3倍以上,ワイド,4,6,600,0
2025-07-12,2025-07-12_小倉12R_3歳以上1勝クラス,3倍以上,ワイド,5,10,1000,0
2025-07-12,2025-07-12_小倉12R_3歳以上1勝クラス,3倍以上,ワイド,6,15,1500,0
2025-07-12,2025-07-12_小倉12R_3歳以上1勝クラス,3倍以上,馬連,3,3,300,0
2025-07-12,2025-07-12_小倉12R_3歳以上1勝クラス,3倍以上,馬連,4,6,600,0
2025-07-12,2025-07-12_小倉12R_3歳以上1勝クラス,3倍以上,馬連,5,10,1000,0
2025-07-12,2025-07-12_小倉12R_3歳以上1勝クラス,3倍以上,馬連,6,15,1500,0
2025-07-12,2025-07-12_福島09R_信夫山特別,3倍以上,ワイド,3,3,300,0
2025-07-12,2025-07-12_福島09R_信夫山特別,3倍以上,ワイド,4,6,600,0
2025-07-12,2025-07-12_福島09R_信夫山特別,3倍以上,ワイド,5,10,1000,0
2025-07-12,2025-07-12_福島09R_信夫山特別,3倍以上,ワイド,6,15,1500,750
2025-07-12,2025-07-12_福島09R_信夫山特別,3倍以上,馬連,3,3,300,0
2025-07-12,2025-07-12_福島09R_信夫山特別,3倍以上,馬連,4,6,600,0
2025-07-12,2025-07-12_福島09R_信夫山特別,3倍以上,馬連,5,10,1000,0
2025-07-12,2025-07-12_福島09R_信夫山特別,3倍以上,馬連,6,15,1500,0
2025-07-12,2025-07-12_福島10R_会津S,1倍台,ワイド,3,3,300,130
2025-07-12,2025-07-12_福島10R_会津S,1倍台,ワイド,4,6,600,700
2025-07-12,2025-07-12_福島10R_会津S,1倍台,ワイド,5,10,1000,700
2025-07-12,2025-07-12_福島10R_会津S,1倍台,ワイド,6,15,1500,700
2025-07-12,2025-07-12_福島10R_会津S,1倍台,馬連,3,3,300,180
2025-07-12,2025-07-12_福島10R_会津S,1倍台,馬連,4,6,600,180
2025-07-12,2025-07-12_福島10R_会津S,1倍台,馬連,5,10,1000,180
2025-07-12,2025-07-12_福島10R_会津S,1倍台,馬連,6,15,1500,180
2025-07-12,2025-07-12_福島11R_安達太良S,3倍以上,ワイド,3,3,300,0
2025-07-12,2025-07-12_福島11R_安達太良S,3倍以上,ワイド,4,6,600,0
2025-07-12,2025-07-12_福島11R_安達太良S,3倍以上,ワイド,5,10,1000,0
2025-07-12,2025-07-12_福島11R_安達太良S,3倍以上,ワイド,6,15,1500,0
2025-07-12,2025-07-12_福島11R_安達太良S,3倍以上,馬連,3,3,300,0
2025-07-12,2025-07-12_福島11R_安達太良S,3倍以上,馬連,4,6,600,0
2025-07-12,2025-07-12_福島11R_安達太良S,3倍以上,馬連,5,10,1000,0
2025-07-12,2025-07-12_福島11R_安達太良S,3倍以上,馬連,6,15,1500,0
2025-07-12,2025-07-12_福島12R_3歳以上1勝クラス,3倍以上,ワイド,3,3,300,1260
2025-07-12,2025-07-12_福島12R_3歳以上1勝クラス,3倍以上,ワイド,4,6,600,1260
2025-07-12,2025-07-12_福島12R_3歳以上1勝クラス,3倍以上,ワイド,5,10,1000,1260
2025-07-12,2025-07-12_福島12R_3歳以上1勝クラス,3倍以上,ワイド,6,15,1500,1260
2025-07-12,2025-07-12_福島12R_3歳以上1勝クラス,3倍以上,馬連,3,3,300,0
2025-07-12,2025-07-12_福島12R_3歳以上1勝クラス,3倍以上,馬連,4,6,600,0
2025-07-12,2025-07-12_福島12R_3歳以上1勝クラス,3倍以上,馬連,5,10,1000,0
2025-07-12,2025-07-12_福島12R_3歳以上1勝クラス,3倍以上,馬連,6,15,1500,0
2025-07-13,2025-07-13_函館09R_北海HC,1倍台,ワイド,3,3,300,0
2025-07-13,2025-07-13_函館09R_北海HC,1倍台,ワイド,4,6,600,0
2025-07-13,2025-07-13_函館09R_北海HC,1倍台,ワイド,5,10,1000,0
2025-07-13,2025-07-13_函館09R_北海HC,1倍台,ワイド,6,15,1500,0
2025-07-13,2025-07-13_函館09R_北海HC,1倍台,馬連,3,3,300,0
2025-07-13,2025-07-13_函館09R_北海HC,1倍台,馬連,4,6,600,0
2025-07-13,2025-07-13_函館09R_北海HC,1倍台,馬連,5,10,1000,0
2025-07-13,2025-07-13_函館09R_北海HC,1倍台,馬連,6,15,1500,0
2025-07-13,2025-07-13_函館10R_噴火湾特別,2倍台,ワイド,3,3,300,510
2025-07-13,2025-07-13_函館10R_噴火湾特別,2倍台,ワイド,4,6,600,510
2025-07-13,2025-07-13_函館10R_噴火湾特別,2倍台,ワイド,5,10,1000,510
2025-07-13,2025-07-13_函館10R_噴火湾特別,2倍台,ワイド,6,15,1500,510
2025-07-13,2025-07-13_函館10R_噴火湾特別,2倍台,馬連,3,3,300,1430
2025-07-13,2025-07-13_函館10R_噴火湾特別,2倍台,馬連,4,6,600,1430
2025-07-13,2025-07-13_函館10R_噴火湾特別,2倍台,馬連,5,10,1000,1430
2025-07-13,2025-07-13_函館10R_噴火湾特別,2倍台,馬連,6,15,1500,1430
2025-07-13,2025-07-13_函館11R_巴賞,2倍台,ワイド,3,3,300,1340
2025-07-13,2025-07-13_函館11R_巴賞,2倍台,ワイド,4,6,600,1340
2025-07-13,2025-07-13_函館11R_巴賞,2倍台,ワイド,5,10,1000,1340
2025-07-13,2025-07-13_函館11R_巴賞,2倍台,ワイド,6,15,1500,1340
2025-07-13,2025-07-13_函館11R_巴賞,2倍台,馬連,3,3,300,430
2025-07-13,2025-07-13_函館11R_巴賞,2倍台,馬連,4,6,600,430
2025-07-13,2025-07-13_函館11R_巴賞,2倍台,馬連,5,10,1000,430
2025-07-13,2025-07-13_函館11R_巴賞,2倍台,馬連,6,15,1500,430
2025-07-13,2025-07-13_函館12R_3歳以上1勝クラス,2倍台,ワイド,3,3,300,0
2025-07-13,2025-07-13_函館12R_3歳以上1勝クラス,2倍台,ワイド,4,6,600,0
2025-07-13,2025-07-13_函館12R_3歳以上1勝クラス,2倍台,ワイド,5,10,1000,0
2025-07-13,2025-07-13_函館12R_3歳以上1勝クラス,2倍台,ワイド,6,15,1500,1240
2025-07-13,2025-07-13_函館12R_3歳以上1勝クラス,2倍台,馬連,3,3,300,0
2025-07-13,2025-07-13_函館12R_3歳以上1勝クラス,2倍台,馬連,4,6,600,0
2025-07-13,2025-07-13_函館12R_3歳以上1勝クラス,2倍台,馬連,5,10,1000,0
2025-07-13,2025-07-13_函館12R_3歳以上1勝クラス,2倍台,馬連,6,15,1500,0
2025-07-13,2025-07-13_小倉09R_雲仙特別,3倍以上,ワイド,3,3,300,0
2025-07-13,2025-07-13_小倉09R_雲仙特別,3倍以上,ワイド,4,6,600,0
2025-07-13,2025-07-13_小倉09R_雲仙特別,3倍以上,ワイド,5,10,1000,0
2025-07-13,2025-07-13_小倉09R_雲仙特別,3倍以上,ワイド,6,15,1500,0
2025-07-13,2025-07-13_小倉09R_雲仙特別,3倍以上,馬連,3,3,300,0
2025-07-13,2025-07-13_小倉09R_雲仙特別,3倍以上,馬連,4,6,600,0
2025-07-13,2025-07-13_小倉09R_雲仙特別,3倍以上,馬連,5,10,1000,0
2025-07-13,2025-07-13_小倉09R_雲仙特別,3倍以上,馬連,6,15,1500,0
2025-07-13,2025-07-13_小倉10R_西部スポニチ賞,3倍以上,ワイド,3,3,300,0
2025-07-13,2025-07-13_小倉10R_西部スポニチ賞,3倍以上,ワイド,4,6,600,0
2025-07-13,2025-07-13_小倉10R_西部スポニチ賞,3倍以上,ワイド,5,10,1000,0
2025-07-13,2025-07-13_小倉10R_西部スポニチ賞,3倍以上,ワイド,6,15,1500,0
2025-07-13,2025-07-13_小倉10R_西部スポニチ賞,3倍以上,馬連,3,3,300,0
2025-07-13,2025-07-13_小倉10R_西部スポニチ賞,3倍以上,馬連,4,6,600,0
2025-07-13,2025-07-13_小倉10R_西部スポニチ賞,3倍以上,馬連,5,10,1000,0
2025-07-13,2025-07-13_小倉10R_西部スポニチ賞,3倍以上,馬連,6,15,1500,0
2025-07-13,2025-07-13_小倉11R_阿蘇S,3倍以上,ワイド,3,3,300,0
2025-07-13,2025-07-13_小倉11R_阿蘇S,3倍以上,ワイド,4,6,600,0
2025-07-13,2025-07-13_小倉11R_阿蘇S,3倍以上,ワイド,5,10,1000,1940
2025-07-13,2025-07-13_小倉11R_阿蘇S,3倍以上,ワイド,6,15,1500,1940
2025-07-13,2025-07-13_小倉11R_阿蘇S,3倍以上,馬連,3,3,300,0
2025-07-13,2025-07-13_小倉11R_阿蘇S,3倍以上,馬連,4,6,600,0
2025-07-13,2025-07-13_小倉11R_阿蘇S,3倍以上,馬連,5,10,1000,0
2025-07-13,2025-07-13_小倉11R_阿蘇S,3倍以上,馬連,6,15,1500,0
2025-07-13,2025-07-13_小倉12R_3歳以上1勝クラス,3倍以上,ワイド,3,3,300,0
2025-07-13,2025-07-13_小倉12R_3歳以上1勝クラス,3倍以上,ワイド,4,6,600,0
2025-07-13,2025-07-13_小倉12R_3歳以上1勝クラス,3倍以上,ワイド,5,10,1000,0
2025-07-13,2025-07-13_小倉12R_3歳以上1勝クラス,3倍以上,ワイド,6,15,1500,0
2025-07-13,2025-07-13_小倉12R_3歳以上1勝クラス,3倍以上,馬連,3,3,300,0
2025-07-13,2025-07-13_小倉12R_3歳以上1勝クラス,3倍以上,馬連,4,6,600,0
2025-07-13,2025-07-13_小倉12R_3歳以上1勝クラス,3倍以上,馬連,5,10,1000,0
2025-07-13,2025-07-13_小倉12R_3歳以上1勝クラス,3倍以上,馬連,6,15,1500,0
2025-07-13,2025-07-13_福島09R_織姫賞,1倍台,ワイド,3,3,300,0
2025-07-13,2025-07-13_福島09R_織姫賞,1倍台,ワイド,4,6,600,0
2025-07-13,2025-07-13_福島09R_織姫賞,1倍台,ワイド,5,10,1000,380
2025-07-13,2025-07-13_福島09R_織姫賞,1倍台,ワイド,6,15,1500,380
2025-07-13,2025-07-13_福島09R_織姫賞,1倍台,馬連,3,3,300,0
2025-07-13,2025-07-13_福島09R_織姫賞,1倍台,馬連,4,6,600,0
2025-07-13,2025-07-13_福島09R_織姫賞,1倍台,馬連,5,10,1000,0
2025-07-13,2025-07-13_福島09R_織姫賞,1倍台,馬連,6,15,1500,0
2025-07-13,2025-07-13_福島10R_天の川S,1倍台,ワイド,3,3,300,0
2025-07-13,2025-07-13_福島10R_天の川S,1倍台,ワイド,4,6,600,0
2025-07-13,2025-07-13_福島10R_天の川S,1倍台,ワイド,5,10,1000,0
2025-07-13,2025-07-13_福島10R_天の川S,1倍台,ワイド,6,15,1500,0
2025-07-13,2025-07-13_福島10R_天の川S,1倍台,馬連,3,3,300,0
2025-07-13,2025-07-13_福島10R_天の川S,1倍台,馬連,4,6,600,0
2025-07-13,2025-07-13_福島10R_天の川S,1倍台,馬連,5,10,1000,0
2025-07-13,2025-07-13_福島10R_天の川S,1倍台,馬連,6,15,1500,0
2025-07-13,2025-07-13_福島11R_七夕賞,3倍以上,ワイド,3,3,300,0
2025-07-13,2025-07-13_福島11R_七夕賞,3倍以上,ワイド,4,6,600,420
2025-07-13,2025-07-13_福島11R_七夕賞,3倍以上,ワイド,5,10,1000,420
2025-07-13,2025-07-13_福島11R_七夕賞,3倍以上,ワイド,6,15,1500,420
2025-07-13,2025-07-13_福島11R_七夕賞,3倍以上,馬連,3,3,300,0
2025-07-13,2025-07-13_福島11R_七夕賞,3倍以上,馬連,4,6,600,780
2025-07-13,2025-07-13_福島11R_七夕賞,3倍以上,馬連,5,10,1000,780
2025-07-13,2025-07-13_福島11R_七夕賞,3倍以上,馬連,6,15,1500,780
2025-07-13,2025-07-13_福島12R_彦星賞,2倍台,ワイド,3,3,300,0
2025-07-13,2025-07-13_福島12R_彦星賞,2倍台,ワイド,4,6,600,0
2025-07-13,2025-07-13_福島12R_彦星賞,2倍台,ワイド,5,10,1000,240
2025-07-13,2025-07-13_福島12R_彦星賞,2倍台,ワイド,6,15,1500,840
2025-07-13,2025-07-13_福島12R_彦星賞,2倍台,馬連,3,3,300,0
2025-07-13,2025-07-13_福島12R_彦星賞,2倍台,馬連,4,6,600,0
2025-07-13,2025-07-13_福島12R_彦星賞,2倍台,馬連,5,10,1000,0
2025-07-13,2025-07-13_福島12R_彦星賞,2倍台,馬連,6,15,1500,520
2025-07-19,2025-07-19_函館09R_湯浜特別,2倍台,ワイド,3,3,300,0
2025-07-19,2025-07-19_函館09R_湯浜特別,2倍台,ワイド,4,6,600,170
2025-07-19,2025-07-19_函館09R_湯浜特別,2倍台,ワイド,5,10,1000,170
2025-07-19,2025-07-19_函館09R_湯浜特別,2倍台,ワイド,6,15,1500,170
2025-07-19,2025-07-19_函館09R_湯浜特別,2倍台,馬連,3,3,300,0
2025-07-19,2025-07-19_函館09R_湯浜特別,2倍台,馬連,4,6,600,250
2025-07-19,2025-07-19_函館09R_湯浜特別,2倍台,馬連,5,10,1000,250
2025-07-19,2025-07-19_函館09R_湯浜特別,2倍台,馬連,6,15,1500,250
2025-07-19,2025-07-19_函館10R_かもめ島特別,1倍台,ワイド,3,3,300,0
2025-07-19,2025-07-19_函館10R_かもめ島特別,1倍台,ワイド,4,6,600,0
2025-07-19,2025-07-19_函館10R_かもめ島特別,1倍台,ワイド,5,10,1000,0
2025-07-19,2025-07-19_函館10R_かもめ島特別,1倍台,ワイド,6,15,1500,310
2025-07-19,2025-07-19_函館10R_かもめ島特別,1倍台,馬連,3,3,300,0
2025-07-19,2025-07-19_函館10R_かもめ島特別,1倍台,馬連,4,6,600,0
2025-07-19,2025-07-19_函館10R_かもめ島特別,1倍台,馬連,5,10,1000,0
2025-07-19,2025-07-19_函館10R_かもめ島特別,1倍台,馬連,6,15,1500,760
2025-07-19,2025-07-19_函館11R_マリーンS,3倍以上,ワイド,3,3,300,670
2025-07-19,2025-07-19_函館11R_マリーンS,3倍以上,ワイド,4,6,600,670
2025-07-19,2025-07-19_函館11R_マリーンS,3倍以上,ワイド,5,10,1000,670
2025-07-19,2025-07-19_函館11R_マリーンS,3倍以上,ワイド,6,15,1500,2540
2025-07-19,2025-07-19_函館11R_マリーンS,3倍以上,馬連,3,3,300,1750
2025-07-19,2025-07-19_函館11R_マリーンS,3倍以上,馬連,4,6,600,1750
2025-07-19,2025-07-19_函館11R_マリーンS,3倍以上,馬連,5,10,1000,1750
2025-07-19,2025-07-19_函館11R_マリーンS,3倍以上,馬連,6,15,1500,1750
2025-07-19,2025-07-19_函館12R_3歳以上1勝クラス,3倍以上,ワイド,3,3,300,0
2025-07-19,2025-07-19_函館12R_3歳以上1勝クラス,3倍以上,ワイド,4,6,600,0
2025-07-19,2025-07-19_函館12R_3歳以上1勝クラス,3倍以上,ワイド,5,10,1000,0
2025-07-19,2025-07-19_函館12R_3歳以上1勝クラス,3倍以上,ワイド,6,15,1500,0
2025-07-19,2025-07-19_函館12R_3歳以上1勝クラス,3倍以上,馬連,3,3,300,0
2025-07-19,2025-07-19_函館12R_3歳以上1勝クラス,3倍以上,馬連,4,6,600,0
2025-07-19,2025-07-19_函館12R_3歳以上1勝クラス,3倍以上,馬連,5,10,1000,0
2025-07-19,2025-07-19_函館12R_3歳以上1勝クラス,3倍以上,馬連,6,15,1500,0
2025-07-19,2025-07-19_小倉09R_ひまわり賞,1倍台,ワイド,3,3,300,0
2025-07-19,2025-07-19_小倉09R_ひまわり賞,1倍台,ワイド,4,6,600,0
2025-07-19,2025-07-19_小倉09R_ひまわり賞,1倍台,ワイド,5,10,1000,0
2025-07-19,2025-07-19_小倉09R_ひまわり賞,1倍台,ワイド,6,15,1500,290
2025-07-19,2025-07-19_小倉09R_ひまわり賞,1倍台,馬連,3,3,300,0
2025-07-19,2025-07-19_小倉09R_ひまわり賞,1倍台,馬連,4,6,600,0
2025-07-19,2025-07-19_小倉09R_ひまわり賞,1倍台,馬連,5,10,1000,0
2025-07-19,2025-07-19_小倉09R_ひまわり賞,1倍台,馬連,6,15,1500,0
2025-07-19,2025-07-19_小倉10R_熊本城特別,3倍以上,ワイド,3,3,300,420
2025-07-19,2025-07-19_小倉10R_熊本城特別,3倍以上,ワイド,4,6,600,420
2025-07-19,2025-07-19_小倉10R_熊本城特別,3倍以上,ワイド,5,10,1000,2640
2025-07-19,2025-07-19_小倉10R_熊本城特別,3倍以上,ワイド,6,15,1500,2640
2025-07-19,2025-07-19_小倉10R_熊本城特別,3倍以上,馬連,3,3,300,870
2025-07-19,2025-07-19_小倉10R_熊本城特別,3倍以上,馬連,4,6,600,870
2025-07-19,2025-07-19_小倉10R_熊本城特別,3倍以上,馬連,5,10,1000,870
2025-07-19,2025-07-19_小倉10R_熊本城特別,3倍以上,馬連,6,15,1500,870
2025-07-19,2025-07-19_小倉11R_テレQ杯,3倍以上,ワイド,3,3,300,0
2025-07-19,2025-07-19_小倉11R_テレQ杯,3倍以上,ワイド,4,6,600,0
2025-07-19,2025-07-19_小倉11R_テレQ杯,3倍以上,ワイド,5,10,1000,0
2025-07-19,2025-07-19_小倉11R_テレQ杯,3倍以上,ワイド,6,15,1500,0
2025-07-19,2025-07-19_小倉11R_テレQ杯,3倍以上,馬連,3,3,300,0
2025-07-19,2025-07-19_小倉11R_テレQ杯,3倍以上,馬連,4,6,600,0
2025-07-19,2025-07-19_小倉11R_テレQ杯,3倍以上,馬連,5,10,1000,0
2025-07-19,2025-07-19_小倉11R_テレQ杯,3倍以上,馬連,6,15,1500,0
2025-07-19,2025-07-19_小倉12R_3歳以上1勝クラス,2倍台,ワイド,3,3,300,0
2025-07-19,2025-07-19_小倉12R_3歳以上1勝クラス,2倍台,ワイド,4,6,600,490
2025-07-19,2025-07-19_小倉12R_3歳以上1勝クラス,2倍台,ワイド,5,10,1000,490
2025-07-19,2025-07-19_小倉12R_3歳以上1勝クラス,2倍台,ワイド,6,15,1500,490
2025-07-19,2025-07-19_小倉12R_3歳以上1勝クラス,2倍台,馬連,3,3,300,0
2025-07-19,2025-07-19_小倉12R_3歳以上1勝クラス,2倍台,馬連,4,6,600,1050
2025-07-19,2025-07-19_小倉12R_3歳以上1勝クラス,2倍台,馬連,5,10,1000,1050
2025-07-19,2025-07-19_小倉12R_3歳以上1勝クラス,2倍台,馬連,6,15,1500,1050
2025-07-19,2025-07-19_福島09R_開成山特別,2倍台,ワイド,3,3,300,320
2025-07-19,2025-07-19_福島09R_開成山特別,2倍台,ワイド,4,6,600,320
2025-07-19,2025-07-19_福島09R_開成山特別,2倍台,ワイド,5,10,1000,320
2025-07-19,2025-07-19_福島09R_開成山特別,2倍台,ワイド,6,15,1500,320
2025-07-19,2025-07-19_福島09R_開成山特別,2倍台,馬連,3,3,300,0
2025-07-19,2025-07-19_福島09R_開成山特別,2倍台,馬連,4,6,600,0
2025-07-19,2025-07-19_福島09R_開成山特別,2倍台,馬連,5,10,1000,0
2025-07-19,2025-07-19_福島09R_開成山特別,2倍台,馬連,6,15,1500,0
2025-07-19,2025-07-19_福島10R_米沢特別,3倍以上,ワイド,3,3,300,0
2025-07-19,2025-07-19_福島10R_米沢特別,3倍以上,ワイド,4,6,600,540
2025-07-19,2025-07-19_福島10R_米沢特別,3倍以上,ワイド,5,10,1000,3110
2025-07-19,2025-07-19_福島10R_米沢特別,3倍以上,ワイド,6,15,1500,3110
2025-07-19,2025-07-19_福島10R_米沢特別,3倍以上,馬連,3,3,300,0
2025-07-19,2025-07-19_福島10R_米沢特別,3倍以上,馬連,4,6,600,1200
2025-07-19,2025-07-19_福島10R_米沢特別,3倍以上,馬連,5,10,1000,1200
2025-07-19,2025-07-19_福島10R_米沢特別,3倍以上,馬連,6,15,1500,1200
2025-07-19,2025-07-19_福島11R_阿武隈S,2倍台,ワイド,3,3,300,0
2025-07-19,2025-07-19_福島11R_阿武隈S,2倍台,ワイド,4,6,600,760
2025-07-19,2025-07-19_福島11R_阿武隈S,2倍台,ワイド,5,10,1000,760
2025-07-19,2025-07-19_福島11R_阿武隈S,2倍台,ワイド,6,15,1500,760
2025-07-19,2025-07-19_福島11R_阿武隈S,2倍台,馬連,3,3,300,0
2025-07-19,2025-07-19_福島11R_阿武隈S,2倍台,馬連,4,6,600,2440
2025-07-19,2025-07-19_福島11R_阿武隈S,2倍台,馬連,5,10,1000,2440
2025-07-19,2025-07-19_福島11R_阿武隈S,2倍台,馬連,6,15,1500,2440
2025-07-19,2025-07-19_福島12R_3歳以上1勝クラス,1倍台,ワイド,3,3,300,0
2025-07-19,2025-07-19_福島12R_3歳以上1勝クラス,1倍台,ワイド,4,6,600,330
2025-07-19,2025-07-19_福島12R_3歳以上1勝クラス,1倍台,ワイド,5,10,1000,330
2025-07-19,2025-07-19_福島12R_3歳以上1勝クラス,1倍台,ワイド,6,15,1500,330
2025-07-19,2025-07-19_福島12R_3歳以上1勝クラス,1倍台,馬連,3,3,300,0
2025-07-19,2025-07-19_福島12R_3歳以上1勝クラス,1倍台,馬連,4,6,600,0
2025-07-19,2025-07-19_福島12R_3歳以上1勝クラス,1倍台,馬連,5,10,1000,0
2025-07-19,2025-07-19_福島12R_3歳以上1勝クラス,1倍台,馬連,6,15,1500,0
2025-07-20,2025-07-20_函館09R_潮騒特別,2倍台,ワイド,3,3,300,0
2025-07-20,2025-07-20_函館09R_潮騒特別,2倍台,ワイド,4,6,600,0
2025-07-20,2025-07-20_函館09R_潮騒特別,2倍台,ワイド,5,10,1000,0
2025-07-20,2025-07-20_函館09R_潮騒特別,2倍台,ワイド,6,15,1500,0
2025-07-20,2025-07-20_函館09R_潮騒特別,2倍台,馬連,3,3,300,0
2025-07-20,2025-07-20_函館09R_潮騒特別,2倍台,馬連,4,6,600,0
2025-07-20,2025-07-20_函館09R_潮騒特別,2倍台,馬連,5,10,1000,0
2025-07-20,2025-07-20_函館09R_潮騒特別,2倍台,馬連,6,15,1500,0
2025-07-20,2025-07-20_函館10R_駒場特別,3倍以上,ワイド,3,3,300,410
2025-07-20,2025-07-20_函館10R_駒場特別,3倍以上,ワイド,4,6,600,410
2025-07-20,2025-07-20_函館10R_駒場特別,3倍以上,ワイド,5,10,1000,1660
2025-07-20,2025-07-20_函館10R_駒場特別,3倍以上,ワイド,6,15,1500,1660
2025-07-20,2025-07-20_函館10R_駒場特別,3倍以上,馬連,3,3,300,0
2025-07-20,2025-07-20_函館10R_駒場特別,3倍以上,馬連,4,6,600,0
2025-07-20,2025-07-20_函館10R_駒場特別,3倍以上,馬連,5,10,1000,1090
2025-07-20,2025-07-20_函館10R_駒場特別,3倍以上,馬連,6,15,1500,1090
2025-07-20,2025-07-20_函館11R_函館2歳S,2倍台,ワイド,3,3,300,210
2025-07-20,2025-07-20_函館11R_函館2歳S,2倍台,ワイド,4,6,600,210
2025-07-20,2025-07-20_函館11R_函館2歳S,2倍台,ワイド,5,10,1000,210
2025-07-20,2025-07-20_函館11R_函館2歳S,2倍台,ワイド,6,15,1500,210
2025-07-20,2025-07-20_函館11R_函館2歳S,2倍台,馬連,3,3,300,0
2025-07-20,2025-07-20_函館11R_函館2歳S,2倍台,馬連,4,6,600,0
2025-07-20,2025-07-20_函館11R_函館2歳S,2倍台,馬連,5,10,1000,0
2025-07-20,2025-07-20_函館11R_函館2歳S,2倍台,馬連,6,15,1500,0
2025-07-20,2025-07-20_函館12R_3歳以上1勝クラス,3倍以上,ワイド,3,3,300,470
2025-07-20,2025-07-20_函館12R_3歳以上1勝クラス,3倍以上,ワイド,4,6,600,470
2025-07-20,2025-07-20_函館12R_3歳以上1勝クラス,3倍以上,ワイド,5,10,1000,470
2025-07-20,2025-07-20_函館12R_3歳以上1勝クラス,3倍以上,ワイド,6,15,1500,470
2025-07-20,2025-07-20_函館12R_3歳以上1勝クラス,3倍以上,馬連,3,3,300,1200
2025-07-20,2025-07-20_函館12R_3歳以上1勝クラス,3倍以上,馬連,4,6,600,1200
2025-07-20,2025-07-20_函館12R_3歳以上1勝クラス,3倍以上,馬連,5,10,1000,1200
2025-07-20,2025-07-20_函館12R_3歳以上1勝クラス,3倍以上,馬連,6,15,1500,1200
2025-07-20,2025-07-20_小倉09R_不知火特別,2倍台,ワイド,3,3,300,320
2025-07-20,2025-07-20_小倉09R_不知火特別,2倍台,ワイド,4,6,600,320
2025-07-20,2025-07-20_小倉09R_不知火特別,2倍台,ワイド,5,10,1000,320
2025-07-20,2025-07-20_小倉09R_不知火特別,2倍台,ワイド,6,15,1500,320
2025-07-20,2025-07-20_小倉09R_不知火特別,2倍台,馬連,3,3,300,0
2025-07-20,2025-07-20_小倉09R_不知火特別,2倍台,馬連,4,6,600,0
2025-07-20,2025-07-20_小倉09R_不知火特別,2倍台,馬連,5,10,1000,0
2025-07-20,2025-07-20_小倉09R_不知火特別,2倍台,馬連,6,15,1500,0
2025-07-20,2025-07-20_小倉10R_宮崎S,3倍以上,ワイド,3,3,300,0
2025-07-20,2025-07-20_小倉10R_宮崎S,3倍以上,ワイド,4,6,600,0
2025-07-20,2025-07-20_小倉10R_宮崎S,3倍以上,ワイド,5,10,1000,0
2025-07-20,2025-07-20_小倉10R_宮崎S,3倍以上,ワイド,6,15,1500,0
2025-07-20,2025-07-20_小倉10R_宮崎S,3倍以上,馬連,3,3,300,0
2025-07-20,2025-07-20_小倉10R_宮崎S,3倍以上,馬連,4,6,600,0
2025-07-20,2025-07-20_小倉10R_宮崎S,3倍以上,馬連,5,10,1000,0
2025-07-20,2025-07-20_小倉10R_宮崎S,3倍以上,馬連,6,15,1500,0
2025-07-20,2025-07-20_小倉11R_小倉記念,3倍以上,ワイド,3,3,300,0
2025-07-20,2025-07-20_小倉11R_小倉記念,3倍以上,ワイド,4,6,600,0
2025-07-20,2025-07-20_小倉11R_小倉記念,3倍以上,ワイド,5,10,1000,740
2025-07-20,2025-07-20_小倉11R_小倉記念,3倍以上,ワイド,6,15,1500,740
2025-07-20,2025-07-20_小倉11R_小倉記念,3倍以上,馬連,3,3,300,0
2025-07-20,2025-07-20_小倉11R_小倉記念,3倍以上,馬連,4,6,600,0
2025-07-20,2025-07-20_小倉11R_小倉記念,3倍以上,馬連,5,10,1000,0
2025-07-20,2025-07-20_小倉11R_小倉記念,3倍以上,馬連,6,15,1500,0
2025-07-20,2025-07-20_小倉12R_耶馬渓特別,2倍台,ワイド,3,3,300,1280
2025-07-20,2025-07-20_小倉12R_耶馬渓特別,2倍台,ワイド,4,6,600,2780
2025-07-20,2025-07-20_小倉12R_耶馬渓特別,2倍台,ワイド,5,10,1000,2780
2025-07-20,2025-07-20_小倉12R_耶馬渓特別,2倍台,ワイド,6,15,1500,2780
2025-07-20,2025-07-20_小倉12R_耶馬渓特別,2倍台,馬連,3,3,300,0
2025-07-20,2025-07-20_小倉12R_耶馬渓特別,2倍台,馬連,4,6,600,470
2025-07-20,2025-07-20_小倉12R_耶馬渓特別,2倍台,馬連,5,10,1000,470
2025-07-20,2025-07-20_小倉12R_耶馬渓特別,2倍台,馬連,6,15,1500,470
2025-07-20,2025-07-20_福島09R_南相馬特別,3倍以上,ワイド,3,3,300,420
2025-07-20,2025-07-20_福島09R_南相馬特別,3倍以上,ワイド,4,6,600,420
2025-07-20,2025-07-20_福島09R_南相馬特別,3倍以上,ワイド,5,10,1000,420
2025-07-20,2025-07-20_福島09R_南相馬特別,3倍以上,ワイド,6,15,1500,420
2025-07-20,2025-07-20_福島09R_南相馬特別,3倍以上,馬連,3,3,300,0
2025-07-20,2025-07-20_福島09R_南相馬特別,3倍以上,馬連,4,6,600,0
2025-07-20,2025-07-20_福島09R_南相馬特別,3倍以上,馬連,5,10,1000,0
2025-07-20,2025-07-20_福島09R_南相馬特別,3倍以上,馬連,6,15,1500,0
2025-07-20,2025-07-20_福島10R_猪苗代特別,2倍台,ワイド,3,3,300,660
2025-07-20,2025-07-20_福島10R_猪苗代特別,2倍台,ワイド,4,6,600,660
2025-07-20,2025-07-20_福島10R_猪苗代特別,2倍台,ワイド,5,10,1000,660
2025-07-20,2025-07-20_福島10R_猪苗代特別,2倍台,ワイド,6,15,1500,660
2025-07-20,2025-07-20_福島10R_猪苗代特別,2倍台,馬連,3,3,300,600
2025-07-20,2025-07-20_福島10R_猪苗代特別,2倍台,馬連,4,6,600,600
2025-07-20,2025-07-20_福島10R_猪苗代特別,2倍台,馬連,5,10,1000,600
2025-07-20,2025-07-20_福島10R_猪苗代特別,2倍台,馬連,6,15,1500,600
2025-07-20,2025-07-20_福島11R_福島テレビ賞,2倍台,ワイド,3,3,300,0
2025-07-20,2025-07-20_福島11R_福島テレビ賞,2倍台,ワイド,4,6,600,0
2025-07-20,2025-07-20_福島11R_福島テレビ賞,2倍台,ワイド,5,10,1000,0
2025-07-20,2025-07-20_福島11R_福島テレビ賞,2倍台,ワイド,6,15,1500,0
2025-07-20,2025-07-20_福島11R_福島テレビ賞,2倍台,馬連,3,3,300,0
2025-07-20,2025-07-20_福島11R_福島テレビ賞,2倍台,馬連,4,6,600,0
2025-07-20,2025-07-20_福島11R_福島テレビ賞,2倍台,馬連,5,10,1000,0
2025-07-20,2025-07-20_福島11R_福島テレビ賞,2倍台,馬連,6,15,1500,0
2025-07-20,2025-07-20_福島12R_3歳以上1勝クラス,3倍以上,ワイド,3,3,300,380
2025-07-20,2025-07-20_福島12R_3歳以上1勝クラス,3倍以上,ワイド,4,6,600,380
2025-07-20,2025-07-20_福島12R_3歳以上1勝クラス,3倍以上,ワイド,5,10,1000,380
2025-07-20,2025-07-20_福島12R_3歳以上1勝クラス,3倍以上,ワイド,6,15,1500,380
2025-07-20,2025-07-20_福島12R_3歳以上1勝クラス,3倍以上,馬連,3,3,300,960
2025-07-20,2025-07-20_福島12R_3歳以上1勝クラス,3倍以上,馬連,4,6,600,960
2025-07-20,2025-07-20_福島12R_3歳以上1勝クラス,3倍以上,馬連,5,10,1000,960
2025-07-20,2025-07-20_福島12R_3歳以上1勝クラス,3倍以上,馬連,6,15,1500,960
2025-07-26,2025-07-26_中京09R_3歳以上障害OP,2倍台,ワイド,3,3,300,0
2025-07-26,2025-07-26_中京09R_3歳以上障害OP,2倍台,ワイド,4,6,600,0
2025-07-26,2025-07-26_中京09R_3歳以上障害OP,2倍台,ワイド,5,10,1000,570
2025-07-26,2025-07-26_中京09R_3歳以上障害OP,2倍台,ワイド,6,15,1500,3840
2025-07-26,2025-07-26_中京09R_3歳以上障害OP,2倍台,馬連,3,3,300,0
2025-07-26,2025-07-26_中京09R_3歳以上障害OP,2倍台,馬連,4,6,600,0
2025-07-26,2025-07-26_中京09R_3歳以上障害OP,2倍台,馬連,5,10,1000,1630
2025-07-26,2025-07-26_中京09R_3歳以上障害OP,2倍台,馬連,6,15,1500,1630
2025-07-26,2025-07-26_中京10R_3歳以上1勝クラス,2倍台,ワイド,3,3,300,0
2025-07-26,2025-07-26_中京10R_3歳以上1勝クラス,2倍台,ワイド,4,6,600,0
2025-07-26,2025-07-26_中京10R_3歳以上1勝クラス,2倍台,ワイド,5,10,1000,0
2025-07-26,2025-07-26_中京10R_3歳以上1勝クラス,2倍台,ワイド,6,15,1500,1210
2025-07-26,2025-07-26_中京10R_3歳以上1勝クラス,2倍台,馬連,3,3,300,0
2025-07-26,2025-07-26_中京10R_3歳以上1勝クラス,2倍台,馬連,4,6,600,0
2025-07-26,2025-07-26_中京10R_3歳以上1勝クラス,2倍台,馬連,5,10,1000,0
2025-07-26,2025-07-26_中京10R_3歳以上1勝クラス,2倍台,馬連,6,15,1500,0
2025-07-26,2025-07-26_中京11R_3歳未勝利,2倍台,ワイド,3,3,300,0
2025-07-26,2025-07-26_中京11R_3歳未勝利,2倍台,ワイド,4,6,600,0
2025-07-26,2025-07-26_中京11R_3歳未勝利,2倍台,ワイド,5,10,1000,0
2025-07-26,2025-07-26_中京11R_3歳未勝利,2倍台,ワイド,6,15,1500,0
2025-07-26,2025-07-26_中京11R_3歳未勝利,2倍台,馬連,3,3,300,0
2025-07-26,2025-07-26_中京11R_3歳未勝利,2倍台,馬連,4,6,600,0
2025-07-26,2025-07-26_中京11R_3歳未勝利,2倍台,馬連,5,10,1000,0
2025-07-26,2025-07-26_中京11R_3歳未勝利,2倍台,馬連,6,15,1500,0
2025-07-26,2025-07-26_中京12R_3歳以上1勝クラス,2倍台,ワイド,3,3,300,0
2025-07-26,2025-07-26_中京12R_3歳以上1勝クラス,2倍台,ワイド,4,6,600,0
2025-07-26,2025-07-26_中京12R_3歳以上1勝クラス,2倍台,ワイド,5,10,1000,0
2025-07-26,2025-07-26_中京12R_3歳以上1勝クラス,2倍台,ワイド,6,15,1500,270
2025-07-26,2025-07-26_中京12R_3歳以上1勝クラス,2倍台,馬連,3,3,300,0
2025-07-26,2025-07-26_中京12R_3歳以上1勝クラス,2倍台,馬連,4,6,600,0
2025-07-26,2025-07-26_中京12R_3歳以上1勝クラス,2倍台,馬連,5,10,1000,0
2025-07-26,2025-07-26_中京12R_3歳以上1勝クラス,2倍台,馬連,6,15,1500,0
2025-07-26,2025-07-26_新潟09R_3歳未勝利,2倍台,ワイド,3,3,300,0
2025-07-26,2025-07-26_新潟09R_3歳未勝利,2倍台,ワイド,4,6,600,0
2025-07-26,2025-07-26_新潟09R_3歳未勝利,2倍台,ワイド,5,10,1000,1000
2025-07-26,2025-07-26_新潟09R_3歳未勝利,2倍台,ワイド,6,15,1500,1000
2025-07-26,2025-07-26_新潟09R_3歳未勝利,2倍台,馬連,3,3,300,0
2025-07-26,2025-07-26_新潟09R_3歳未勝利,2倍台,馬連,4,6,600,0
2025-07-26,2025-07-26_新潟09R_3歳未勝利,2倍台,馬連,5,10,1000,2380
2025-07-26,2025-07-26_新潟09R_3歳未勝利,2倍台,馬連,6,15,1500,2380
2025-07-26,2025-07-26_新潟10R_3歳以上1勝クラス,1倍台,ワイド,3,3,300,0
2025-07-26,2025-07-26_新潟10R_3歳以上1勝クラス,1倍台,ワイド,4,6,600,0
2025-07-26,2025-07-26_新潟10R_3歳以上1勝クラス,1倍台,ワイド,5,10,1000,0
2025-07-26,2025-07-26_新潟10R_3歳以上1勝クラス,1倍台,ワイド,6,15,1500,0
2025-07-26,2025-07-26_新潟10R_3歳以上1勝クラス,1倍台,馬連,3,3,300,0
2025-07-26,2025-07-26_新潟10R_3歳以上1勝クラス,1倍台,馬連,4,6,600,0
2025-07-26,2025-07-26_新潟10R_3歳以上1勝クラス,1倍台,馬連,5,10,1000,0
2025-07-26,2025-07-26_新潟10R_3歳以上1勝クラス,1倍台,馬連,6,15,1500,0
2025-07-26,2025-07-26_新潟11R_3歳以上1勝クラス,2倍台,ワイド,3,3,300,0
2025-07-26,2025-07-26_新潟11R_3歳以上1勝クラス,2倍台,ワイド,4,6,600,0
2025-07-26,2025-07-26_新潟11R_3歳以上1勝クラス,2倍台,ワイド,5,10,1000,0
2025-07-26,2025-07-26_新潟11R_3歳以上1勝クラス,2倍台,ワイド,6,15,1500,0
2025-07-26,2025-07-26_新潟11R_3歳以上1勝クラス,2倍台,馬連,3,3,300,0
2025-07-26,2025-07-26_新潟11R_3歳以上1勝クラス,2倍台,馬連,4,6,600,0
2025-07-26,2025-07-26_新潟11R_3歳以上1勝クラス,2倍台,馬連,5,10,1000,0
2025-07-26,2025-07-26_新潟11R_3歳以上1勝クラス,2倍台,馬連,6,15,1500,0
2025-07-26,2025-07-26_新潟12R_3歳未勝利,1倍台,ワイド,3,3,300,0
2025-07-26,2025-07-26_新潟12R_3歳未勝利,1倍台,ワイド,4,6,600,790
2025-07-26,2025-07-26_新潟12R_3歳未勝利,1倍台,ワイド,5,10,1000,790
2025-07-26,2025-07-26_新潟12R_3歳未勝利,1倍台,ワイド,6,15,1500,790
2025-07-26,2025-07-26_新潟12R_3歳未勝利,1倍台,馬連,3,3,300,0
2025-07-26,2025-07-26_新潟12R_3歳未勝利,1倍台,馬連,4,6,600,0
2025-07-26,2025-07-26_新潟12R_3歳未勝利,1倍台,馬連,5,10,1000,0
2025-07-26,2025-07-26_新潟12R_3歳未勝利,1倍台,馬連,6,15,1500,0
2025-07-26,2025-07-26_札幌09R_3歳以上1勝クラス,3倍以上,ワイド,3,3,300,0
2025-07-26,2025-07-26_札幌09R_3歳以上1勝クラス,3倍以上,ワイド,4,6,600,0
2025-07-26,2025-07-26_札幌09R_3歳以上1勝クラス,3倍以上,ワイド,5,10,1000,0
2025-07-26,2025-07-26_札幌09R_3歳以上1勝クラス,3倍以上,ワイド,6,15,1500,0
2025-07-26,2025-07-26_札幌09R_3歳以上1勝クラス,3倍以上,馬連,3,3,300,0
2025-07-26,2025-07-26_札幌09R_3歳以上1勝クラス,3倍以上,馬連,4,6,600,0
2025-07-26,2025-07-26_札幌09R_3歳以上1勝クラス,3倍以上,馬連,5,10,1000,0
2025-07-26,2025-07-26_札幌09R_3歳以上1勝クラス,3倍以上,馬連,6,15,1500,0
2025-07-26,2025-07-26_札幌10R_ライラック賞,3倍以上,ワイド,3,3,300,0
2025-07-26,2025-07-26_札幌10R_ライラック賞,3倍以上,ワイド,4,6,600,0
2025-07-26,2025-07-26_札幌10R_ライラック賞,3倍以上,ワイド,5,10,1000,0
2025-07-26,2025-07-26_札幌10R_ライラック賞,3倍以上,ワイド,6,15,1500,0
2025-07-26,2025-07-26_札幌10R_ライラック賞,3倍以上,馬連,3,3,300,0
2025-07-26,2025-07-26_札幌10R_ライラック賞,3倍以上,馬連,4,6,600,0
2025-07-26,2025-07-26_札幌10R_ライラック賞,3倍以上,馬連,5,10,1000,0
2025-07-26,2025-07-26_札幌10R_ライラック賞,3倍以上,馬連,6,15,1500,0
2025-07-26,2025-07-26_札幌11R_TVh賞,2倍台,ワイド,3,3,300,0
2025-07-26,2025-07-26_札幌11R_TVh賞,2倍台,ワイド,4,6,600,0
2025-07-26,2025-07-26_札幌11R_TVh賞,2倍台,ワイド,5,10,1000,0
2025-07-26,2025-07-26_札幌11R_TVh賞,2倍台,ワイド,6,15,1500,0
2025-07-26,2025-07-26_札幌11R_TVh賞,2倍台,馬連,3,3,300,0
2025-07-26,2025-07-26_札幌11R_TVh賞,2倍台,馬連,4,6,600,0
2025-07-26,2025-07-26_札幌11R_TVh賞,2倍台,馬連,5,10,1000,0
2025-07-26,2025-07-26_札幌11R_TVh賞,2倍台,馬連,6,15,1500,0
2025-07-26,2025-07-26_札幌12R_桑園特別,2倍台,ワイド,3,3,300,0
2025-07-26,2025-07-26_札幌12R_桑園特別,2倍台,ワイド,4,6,600,0
2025-07-26,2025-07-26_札幌12R_桑園特別,2倍台,ワイド,5,10,1000,1390
2025-07-26,2025-07-26_札幌12R_桑園特別,2倍台,ワイド,6,15,1500,1390
2025-07-26,2025-07-26_札幌12R_桑園特別,2倍台,馬連,3,3,300,0
2025-07-26,2025-07-26_札幌12R_桑園特別,2倍台,馬連,4,6,600,0
2025-07-26,2025-07-26_札幌12R_桑園特別,2倍台,馬連,5,10,1000,3500
2025-07-26,2025-07-26_札幌12R_桑園特別,2倍台,馬連,6,15,1500,3500
2025-07-27,2025-07-27_中京09R_3歳以上1勝クラス,2倍台,ワイド,3,3,300,620
2025-07-27,2025-07-27_中京09R_3歳以上1勝クラス,2倍台,ワイド,4,6,600,620
2025-07-27,2025-07-27_中京09R_3歳以上1勝クラス,2倍台,ワイド,5,10,1000,620
2025-07-27,2025-07-27_中京09R_3歳以上1勝クラス,2倍台,ワイド,6,15,1500,620
2025-07-27,2025-07-27_中京09R_3歳以上1勝クラス,2倍台,馬連,3,3,300,1020
2025-07-27,2025-07-27_中京09R_3歳以上1勝クラス,2倍台,馬連,4,6,600,1020
2025-07-27,2025-07-27_中京09R_3歳以上1勝クラス,2倍台,馬連,5,10,1000,1020
2025-07-27,2025-07-27_中京09R_3歳以上1勝クラス,2倍台,馬連,6,15,1500,1020
2025-07-27,2025-07-27_中京10R_3歳以上1勝クラス,2倍台,ワイド,3,3,300,0
2025-07-27,2025-07-27_中京10R_3歳以上1勝クラス,2倍台,ワイド,4,6,600,0
2025-07-27,2025-07-27_中京10R_3歳以上1勝クラス,2倍台,ワイド,5,10,1000,0
2025-07-27,2025-07-27_中京10R_3歳以上1勝クラス,2倍台,ワイド,6,15,1500,890
2025-07-27,2025-07-27_中京10R_3歳以上1勝クラス,2倍台,馬連,3,3,300,0
2025-07-27,2025-07-27_中京10R_3歳以上1勝クラス,2倍台,馬連,4,6,600,0
2025-07-27,2025-07-27_中京10R_3歳以上1勝クラス,2倍台,馬連,5,10,1000,0
2025-07-27,2025-07-27_中京10R_3歳以上1勝クラス,2倍台,馬連,6,15,1500,0
2025-07-27,2025-07-27_中京11R_3歳未勝利,2倍台,ワイド,3,3,300,300
2025-07-27,2025-07-27_中京11R_3歳未勝利,2倍台,ワイド,4,6,600,2250
2025-07-27,2025-07-27_中京11R_3歳未勝利,2倍台,ワイド,5,10,1000,2250
2025-07-27,2025-07-27_中京11R_3歳未勝利,2倍台,ワイド,6,15,1500,2250
2025-07-27,2025-07-27_中京11R_3歳未勝利,2倍台,馬連,3,3,300,710
2025-07-27,2025-07-27_中京11R_3歳未勝利,2倍台,馬連,4,6,600,710
2025-07-27,2025-07-27_中京11R_3歳未勝利,2倍台,馬連,5,10,1000,710
2025-07-27,2025-07-27_中京11R_3歳未勝利,2倍台,馬連,6,15,1500,710
2025-07-27,2025-07-27_中京12R_3歳以上1勝クラス,1倍台,ワイド,3,3,300,900
2025-07-27,2025-07-27_中京12R_3歳以上1勝クラス,1倍台,ワイド,4,6,600,900
2025-07-27,2025-07-27_中京12R_3歳以上1勝クラス,1倍台,ワイド,5,10,1000,2660
2025-07-27,2025-07-27_中京12R_3歳以上1勝クラス,1倍台,ワイド,6,15,1500,2660
2025-07-27,2025-07-27_中京12R_3歳以上1勝クラス,1倍台,馬連,3,3,300,0
2025-07-27,2025-07-27_中京12R_3歳以上1勝クラス,1倍台,馬連,4,6,600,0
2025-07-27,2025-07-27_中京12R_3歳以上1勝クラス,1倍台,馬連,5,10,1000,4310
2025-07-27,2025-07-27_中京12R_3歳以上1勝クラス,1倍台,馬連,6,15,1500,4310
2025-07-27,2025-07-27_新潟09R_3歳以上1勝クラス,3倍以上,ワイド,3,3,300,0
2025-07-27,2025-07-27_新潟09R_3歳以上1勝クラス,3倍以上,ワイド,4,6,600,0
2025-07-27,2025-07-27_新潟09R_3歳以上1勝クラス,3倍以上,ワイド,5,10,1000,0
2025-07-27,2025-07-27_新潟09R_3歳以上1勝クラス,3倍以上,ワイド,6,15,1500,1030
2025-07-27,2025-07-27_新潟09R_3歳以上1勝クラス,3倍以上,馬連,3,3,300,0
2025-07-27,2025-07-27_新潟09R_3歳以上1勝クラス,3倍以上,馬連,4,6,600,0
2025-07-27,2025-07-27_新潟09R_3歳以上1勝クラス,3倍以上,馬連,5,10,1000,0
2025-07-27,2025-07-27_新潟09R_3歳以上1勝クラス,3倍以上,馬連,6,15,1500,0
2025-07-27,2025-07-27_新潟10R_3歳未勝利,2倍台,ワイド,3,3,300,500
2025-07-27,2025-07-27_新潟10R_3歳未勝利,2倍台,ワイド,4,6,600,500
2025-07-27,2025-07-27_新潟10R_3歳未勝利,2倍台,ワイド,5,10,1000,500
2025-07-27,2025-07-27_新潟10R_3歳未勝利,2倍台,ワイド,6,15,1500,500
2025-07-27,2025-07-27_新潟10R_3歳未勝利,2倍台,馬連,3,3,300,0
2025-07-27,2025-07-27_新潟10R_3歳未勝利,2倍台,馬連,4,6,600,0
2025-07-27,2025-07-27_新潟10R_3歳未勝利,2倍台,馬連,5,10,1000,0
2025-07-27,2025-07-27_新潟10R_3歳未勝利,2倍台,馬連,6,15,1500,0
2025-07-27,2025-07-27_新潟11R_3歳未勝利,2倍台,ワイド,3,3,300,0
2025-07-27,2025-07-27_新潟11R_3歳未勝利,2倍台,ワイド,4,6,600,0
2025-07-27,2025-07-27_新潟11R_3歳未勝利,2倍台,ワイド,5,10,1000,340
2025-07-27,2025-07-27_新潟11R_3歳未勝利,2倍台,ワイド,6,15,1500,340
2025-07-27,2025-07-27_新潟11R_3歳未勝利,2倍台,馬連,3,3,300,0
2025-07-27,2025-07-27_新潟11R_3歳未勝利,2倍台,馬連,4,6,600,0
2025-07-27,2025-07-27_新潟11R_3歳未勝利,2倍台,馬連,5,10,1000,0
2025-07-27,2025-07-27_新潟11R_3歳未勝利,2倍台,馬連,6,15,1500,0
2025-07-27,2025-07-27_新潟12R_3歳以上1勝クラス,2倍台,ワイド,3,3,300,0
2025-07-27,2025-07-27_新潟12R_3歳以上1勝クラス,2倍台,ワイド,4,6,600,0
2025-07-27,2025-07-27_新潟12R_3歳以上1勝クラス,2倍台,ワイド,5,10,1000,0
2025-07-27,2025-07-27_新潟12R_3歳以上1勝クラス,2倍台,ワイド,6,15,1500,0
2025-07-27,2025-07-27_新潟12R_3歳以上1勝クラス,2倍台,馬連,3,3,300,0
2025-07-27,2025-07-27_新潟12R_3歳以上1勝クラス,2倍台,馬連,4,6,600,0
2025-07-27,2025-07-27_新潟12R_3歳以上1勝クラス,2倍台,馬連,5,10,1000,0
2025-07-27,2025-07-27_新潟12R_3歳以上1勝クラス,2倍台,馬連,6,15,1500,0
2025-07-27,2025-07-27_札幌09R_3歳以上1勝クラス,2倍台,ワイド,3,3,300,210
2025-07-27,2025-07-27_札幌09R_3歳以上1勝クラス,2倍台,ワイド,4,6,600,210
2025-07-27,2025-07-27_札幌09R_3歳以上1勝クラス,2倍台,ワイド,5,10,1000,210
2025-07-27,2025-07-27_札幌09R_3歳以上1勝クラス,2倍台,ワイド,6,15,1500,210
2025-07-27,2025-07-27_札幌09R_3歳以上1勝クラス,2倍台,馬連,3,3,300,0
2025-07-27,2025-07-27_札幌09R_3歳以上1勝クラス,2倍台,馬連,4,6,600,0
2025-07-27,2025-07-27_札幌09R_3歳以上1勝クラス,2倍台,馬連,5,10,1000,0
2025-07-27,2025-07-27_札幌09R_3歳以上1勝クラス,2倍台,馬連,6,15,1500,0
2025-07-27,2025-07-27_札幌10R_ポプラS,3倍以上,ワイド,3,3,300,230
2025-07-27,2025-07-27_札幌10R_ポプラS,3倍以上,ワイド,4,6,600,230
2025-07-27,2025-07-27_札幌10R_ポプラS,3倍以上,ワイド,5,10,1000,230
2025-07-27,2025-07-27_札幌10R_ポプラS,3倍以上,ワイド,6,15,1500,230
2025-07-27,2025-07-27_札幌10R_ポプラS,3倍以上,馬連,3,3,300,570
2025-07-27,2025-07-27_札幌10R_ポプラS,3倍以上,馬連,4,6,600,570
2025-07-27,2025-07-27_札幌10R_ポプラS,3倍以上,馬連,5,10,1000,570
2025-07-27,2025-07-27_札幌10R_ポプラS,3倍以上,馬連,6,15,1500,570
2025-07-27,2025-07-27_札幌11R_札幌日経賞,3倍以上,ワイド,3,3,300,0
2025-07-27,2025-07-27_札幌11R_札幌日経賞,3倍以上,ワイド,4,6,600,0
2025-07-27,2025-07-27_札幌11R_札幌日経賞,3倍以上,ワイド,5,10,1000,0
2025-07-27,2025-07-27_札幌11R_札幌日経賞,3倍以上,ワイド,6,15,1500,0
2025-07-27,2025-07-27_札幌11R_札幌日経賞,3倍以上,馬連,3,3,300,0
2025-07-27,2025-07-27_札幌11R_札幌日経賞,3倍以上,馬連,4,6,600,0
2025-07-27,2025-07-27_札幌11R_札幌日経賞,3倍以上,馬連,5,10,1000,0
2025-07-27,2025-07-27_札幌11R_札幌日経賞,3倍以上,馬連,6,15,1500,0
2025-07-27,2025-07-27_札幌12R_羊ケ丘特別,2倍台,ワイド,3,3,300,340
2025-07-27,2025-07-27_札幌12R_羊ケ丘特別,2倍台,ワイド,4,6,600,1160
2025-07-27,2025-07-27_札幌12R_羊ケ丘特別,2倍台,ワイド,5,10,1000,1160
2025-07-27,2025-07-27_札幌12R_羊ケ丘特別,2倍台,ワイド,6,15,1500,1160
2025-07-27,2025-07-27_札幌12R_羊ケ丘特別,2倍台,馬連,3,3,300,930
2025-07-27,2025-07-27_札幌12R_羊ケ丘特別,2倍台,馬連,4,6,600,930
2025-07-27,2025-07-27_札幌12R_羊ケ丘特別,2倍台,馬連,5,10,1000,930
2025-07-27,2025-07-27_札幌12R_羊ケ丘特別,2倍台,馬連,6,15,1500,930
2025-08-02,2025-08-02_中京09R_3歳以上1勝クラス,3倍以上,ワイド,3,3,300,0
2025-08-02,2025-08-02_中京09R_3歳以上1勝クラス,3倍以上,ワイド,4,6,600,330
2025-08-02,2025-08-02_中京09R_3歳以上1勝クラス,3倍以上,ワイド,5,10,1000,330
2025-08-02,2025-08-02_中京09R_3歳以上1勝クラス,3倍以上,ワイド,6,15,1500,330
2025-08-02,2025-08-02_中京09R_3歳以上1勝クラス,3倍以上,馬連,3,3,300,0
2025-08-02,2025-08-02_中京09R_3歳以上1勝クラス,3倍以上,馬連,4,6,600,690
2025-08-02,2025-08-02_中京09R_3歳以上1勝クラス,3倍以上,馬連,5,10,1000,690
2025-08-02,2025-08-02_中京09R_3歳以上1勝クラス,3倍以上,馬連,6,15,1500,690
2025-08-02,2025-08-02_中京10R_3歳以上1勝クラス,2倍台,ワイド,3,3,300,290
2025-08-02,2025-08-02_中京10R_3歳以上1勝クラス,2倍台,ワイド,4,6,600,290
2025-08-02,2025-08-02_中京10R_3歳以上1勝クラス,2倍台,ワイド,5,10,1000,290
2025-08-02,2025-08-02_中京10R_3歳以上1勝クラス,2倍台,ワイド,6,15,1500,290
2025-08-02,2025-08-02_中京10R_3歳以上1勝クラス,2倍台,馬連,3,3,300,680
2025-08-02,2025-08-02_中京10R_3歳以上1勝クラス,2倍台,馬連,4,6,600,680
2025-08-02,2025-08-02_中京10R_3歳以上1勝クラス,2倍台,馬連,5,10,1000,680
2025-08-02,2025-08-02_中京10R_3歳以上1勝クラス,2倍台,馬連,6,15,1500,680
2025-08-02,2025-08-02_中京11R_3歳以上1勝クラス,3倍以上,ワイド,3,3,300,0
2025-08-02,2025-08-02_中京11R_3歳以上1勝クラス,3倍以上,ワイド,4,6,600,0
2025-08-02,2025-08-02_中京11R_3歳以上1勝クラス,3倍以上,ワイド,5,10,1000,0
2025-08-02,2025-08-02_中京11R_3歳以上1勝クラス,3倍以上,ワイド,6,15,1500,0
2025-08-02,2025-08-02_中京11R_3歳以上1勝クラス,3倍以上,馬連,3,3,300,0
2025-08-02,2025-08-02_中京11R_3歳以上1勝クラス,3倍以上,馬連,4,6,600,0
2025-08-02,2025-08-02_中京11R_3歳以上1勝クラス,3倍以上,馬連,5,10,1000,0
2025-08-02,2025-08-02_中京11R_3歳以上1勝クラス,3倍以上,馬連,6,15,1500,0
2025-08-02,2025-08-02_中京12R_3歳未勝利,3倍以上,ワイド,3,3,300,0
2025-08-02,2025-08-02_中京12R_3歳未勝利,3倍以上,ワイド,4,6,600,0
2025-08-02,2025-08-02_中京12R_3歳未勝利,3倍以上,ワイド,5,10,1000,660
2025-08-02,2025-08-02_中京12R_3歳未勝利,3倍以上,ワイド,6,15,1500,660
2025-08-02,2025-08-02_中京12R_3歳未勝利,3倍以上,馬連,3,3,300,0
2025-08-02,2025-08-02_中京12R_3歳未勝利,3倍以上,馬連,4,6,600,0
2025-08-02,2025-08-02_中京12R_3歳未勝利,3倍以上,馬連,5,10,1000,0
2025-08-02,2025-08-02_中京12R_3歳未勝利,3倍以上,馬連,6,15,1500,0
2025-08-02,2025-08-02_新潟09R_3歳以上障害OP,2倍台,ワイド,3,3,300,0
2025-08-02,2025-08-02_新潟09R_3歳以上障害OP,2倍台,ワイド,4,6,600,360
2025-08-02,2025-08-02_新潟09R_3歳以上障害OP,2倍台,ワイド,5,10,1000,360
2025-08-02,2025-08-02_新潟09R_3歳以上障害OP,2倍台,ワイド,6,15,1500,360
2025-08-02,2025-08-02_新潟09R_3歳以上障害OP,2倍台,馬連,3,3,300,0
2025-08-02,2025-08-02_新潟09R_3歳以上障害OP,2倍台,馬連,4,6,600,0
2025-08-02,2025-08-02_新潟09R_3歳以上障害OP,2倍台,馬連,5,10,1000,0
2025-08-02,2025-08-02_新潟09R_3歳以上障害OP,2倍台,馬連,6,15,1500,0
2025-08-02,2025-08-02_新潟10R_3歳以上1勝クラス,2倍台,ワイド,3,3,300,0
2025-08-02,2025-08-02_新潟10R_3歳以上1勝クラス,2倍台,ワイド,4,6,600,0
2025-08-02,2025-08-02_新潟10R_3歳以上1勝クラス,2倍台,ワイド,5,10,1000,1170
2025-08-02,2025-08-02_新潟10R_3歳以上1勝クラス,2倍台,ワイド,6,15,1500,1170
2025-08-02,2025-08-02_新潟10R_3歳以上1勝クラス,2倍台,馬連,3,3,300,0
2025-08-02,2025-08-02_新潟10R_3歳以上1勝クラス,2倍台,馬連,4,6,600,0
2025-08-02,2025-08-02_新潟10R_3歳以上1勝クラス,2倍台,馬連,5,10,1000,0
2025-08-02,2025-08-02_新潟10R_3歳以上1勝クラス,2倍台,馬連,6,15,1500,0
2025-08-02,2025-08-02_新潟11R_3歳未勝利,2倍台,ワイド,3,3,300,410
2025-08-02,2025-08-02_新潟11R_3歳未勝利,2倍台,ワイド,4,6,600,410
2025-08-02,2025-08-02_新潟11R_3歳未勝利,2倍台,ワイド,5,10,1000,2910
2025-08-02,2025-08-02_新潟11R_3歳未勝利,2倍台,ワイド,6,15,1500,2910
2025-08-02,2025-08-02_新潟11R_3歳未勝利,2倍台,馬連,3,3,300,0
2025-08-02,2025-08-02_新潟11R_3歳未勝利,2倍台,馬連,4,6,600,0
2025-08-02,2025-08-02_新潟11R_3歳未勝利,2倍台,馬連,5,10,1000,6370
2025-08-02,2025-08-02_新潟11R_3歳未勝利,2倍台,馬連,6,15,1500,6370
2025-08-02,2025-08-02_新潟12R_3歳未勝利,1倍台,ワイド,3,3,300,690
2025-08-02,2025-08-02_新潟12R_3歳未勝利,1倍台,ワイド,4,6,600,690
2025-08-02,2025-08-02_新潟12R_3歳未勝利,1倍台,ワイド,5,10,1000,690
2025-08-02,2025-08-02_新潟12R_3歳未勝利,1倍台,ワイド,6,15,1500,690
2025-08-02,2025-08-02_新潟12R_3歳未勝利,1倍台,馬連,3,3,300,1970
2025-08-02,2025-08-02_新潟12R_3歳未勝利,1倍台,馬連,4,6,600,1970
2025-08-02,2025-08-02_新潟12R_3歳未勝利,1倍台,馬連,5,10,1000,1970
2025-08-02,2025-08-02_新潟12R_3歳未勝利,1倍台,馬連,6,15,1500,1970
2025-08-02,2025-08-02_札幌09R_3歳以上1勝クラス,2倍台,ワイド,3,3,300,450
2025-08-02,2025-08-02_札幌09R_3歳以上1勝クラス,2倍台,ワイド,4,6,600,2020
2025-08-02,2025-08-02_札幌09R_3歳以上1勝クラス,2倍台,ワイド,5,10,1000,2020
2025-08-02,2025-08-02_札幌09R_3歳以上1勝クラス,2倍台,ワイド,6,15,1500,2020
2025-08-02,2025-08-02_札幌09R_3歳以上1勝クラス,2倍台,馬連,3,3,300,0
2025-08-02,2025-08-02_札幌09R_3歳以上1勝クラス,2倍台,馬連,4,6,600,3140
2025-08-02,2025-08-02_札幌09R_3歳以上1勝クラス,2倍台,馬連,5,10,1000,3140
2025-08-02,2025-08-02_札幌09R_3歳以上1勝クラス,2倍台,馬連,6,15,1500,3140
2025-08-02,2025-08-02_札幌10R_釧路湿原特別,2倍台,ワイド,3,3,300,0
2025-08-02,2025-08-02_札幌10R_釧路湿原特別,2倍台,ワイド,4,6,600,0
2025-08-02,2025-08-02_札幌10R_釧路湿原特別,2倍台,ワイド,5,10,1000,0
2025-08-02,2025-08-02_札幌10R_釧路湿原特別,2倍台,ワイド,6,15,1500,0
2025-08-02,2025-08-02_札幌10R_釧路湿原特別,2倍台,馬連,3,3,300,0
2025-08-02,2025-08-02_札幌10R_釧路湿原特別,2倍台,馬連,4,6,600,0
2025-08-02,2025-08-02_札幌10R_釧路湿原特別,2倍台,馬連,5,10,1000,0
2025-08-02,2025-08-02_札幌10R_釧路湿原特別,2倍台,馬連,6,15,1500,0
2025-08-02,2025-08-02_札幌11R_STV賞,3倍以上,ワイド,3,3,300,0
2025-08-02,2025-08-02_札幌11R_STV賞,3倍以上,ワイド,4,6,600,0
2025-08-02,2025-08-02_札幌11R_STV賞,3倍以上,ワイド,5,10,1000,1850
2025-08-02,2025-08-02_札幌11R_STV賞,3倍以上,ワイド,6,15,1500,1850
2025-08-02,2025-08-02_札幌11R_STV賞,3倍以上,馬連,3,3,300,0
2025-08-02,2025-08-02_札幌11R_STV賞,3倍以上,馬連,4,6,600,0
2025-08-02,2025-08-02_札幌11R_STV賞,3倍以上,馬連,5,10,1000,0
2025-08-02,2025-08-02_札幌11R_STV賞,3倍以上,馬連,6,15,1500,0
2025-08-02,2025-08-02_札幌12R_大倉山特別,2倍台,ワイド,3,3,300,910
2025-08-02,2025-08-02_札幌12R_大倉山特別,2倍台,ワイド,4,6,600,910
2025-08-02,2025-08-02_札幌12R_大倉山特別,2倍台,ワイド,5,10,1000,910
2025-08-02,2025-08-02_札幌12R_大倉山特別,2倍台,ワイド,6,15,1500,2330
2025-08-02,2025-08-02_札幌12R_大倉山特別,2倍台,馬連,3,3,300,2910
2025-08-02,2025-08-02_札幌12R_大倉山特別,2倍台,馬連,4,6,600,2910
2025-08-02,2025-08-02_札幌12R_大倉山特別,2倍台,馬連,5,10,1000,2910
2025-08-02,2025-08-02_札幌12R_大倉山特別,2倍台,馬連,6,15,1500,2910
2025-08-03,2025-08-03_中京09R_3歳未勝利,2倍台,ワイド,3,3,300,490
2025-08-03,2025-08-03_中京09R_3歳未勝利,2倍台,ワイド,4,6,600,490
2025-08-03,2025-08-03_中京09R_3歳未勝利,2倍台,ワイド,5,10,1000,1380
2025-08-03,2025-08-03_中京09R_3歳未勝利,2倍台,ワイド,6,15,1500,1380
2025-08-03,2025-08-03_中京09R_3歳未勝利,2倍台,馬連,3,3,300,0
2025-08-03,2025-08-03_中京09R_3歳未勝利,2倍台,馬連,4,6,600,0
2025-08-03,2025-08-03_中京09R_3歳未勝利,2倍台,馬連,5,10,1000,730
2025-08-03,2025-08-03_中京09R_3歳未勝利,2倍台,馬連,6,15,1500,730
2025-08-03,2025-08-03_中京10R_3歳以上1勝クラス,2倍台,ワイド,3,3,300,520
2025-08-03,2025-08-03_中京10R_3歳以上1勝クラス,2倍台,ワイド,4,6,600,520
2025-08-03,2025-08-03_中京10R_3歳以上1勝クラス,2倍台,ワイド,5,10,1000,520
2025-08-03,2025-08-03_中京10R_3歳以上1勝クラス,2倍台,ワイド,6,15,1500,520
2025-08-03,2025-08-03_中京10R_3歳以上1勝クラス,2倍台,馬連,3,3,300,1300
2025-08-03,2025-08-03_中京10R_3歳以上1勝クラス,2倍台,馬連,4,6,600,1300
2025-08-03,2025-08-03_中京10R_3歳以上1勝クラス,2倍台,馬連,5,10,1000,1300
2025-08-03,2025-08-03_中京10R_3歳以上1勝クラス,2倍台,馬連,6,15,1500,1300
2025-08-03,2025-08-03_中京11R_3歳以上1勝クラス,2倍台,ワイド,3,3,300,0
2025-08-03,2025-08-03_中京11R_3歳以上1勝クラス,2倍台,ワイド,4,6,600,230
2025-08-03,2025-08-03_中京11R_3歳以上1勝クラス,2倍台,ワイド,5,10,1000,230
2025-08-03,2025-08-03_中京11R_3歳以上1勝クラス,2倍台,ワイド,6,15,1500,230
2025-08-03,2025-08-03_中京11R_3歳以上1勝クラス,2倍台,馬連,3,3,300,0
2025-08-03,2025-08-03_中京11R_3歳以上1勝クラス,2倍台,馬連,4,6,600,0
2025-08-03,2025-08-03_中京11R_3歳以上1勝クラス,2倍台,馬連,5,10,1000,0
2025-08-03,2025-08-03_中京11R_3歳以上1勝クラス,2倍台,馬連,6,15,1500,0
2025-08-03,2025-08-03_中京12R_3歳以上1勝クラス,3倍以上,ワイド,3,3,300,900
2025-08-03,2025-08-03_中京12R_3歳以上1勝クラス,3倍以上,ワイド,4,6,600,900
2025-08-03,2025-08-03_中京12R_3歳以上1勝クラス,3倍以上,ワイド,5,10,1000,11210
2025-08-03,2025-08-03_中京12R_3歳以上1勝クラス,3倍以上,ワイド,6,15,1500,11210
2025-08-03,2025-08-03_中京12R_3歳以上1勝クラス,3倍以上,馬連,3,3,300,0
2025-08-03,2025-08-03_中京12R_3歳以上1勝クラス,3倍以上,馬連,4,6,600,0
2025-08-03,2025-08-03_中京12R_3歳以上1勝クラス,3倍以上,馬連,5,10,1000,24850
2025-08-03,2025-08-03_中京12R_3歳以上1勝クラス,3倍以上,馬連,6,15,1500,24850
2025-08-03,2025-08-03_新潟09R_3歳未勝利,1倍台,ワイド,3,3,300,340
2025-08-03,2025-08-03_新潟09R_3歳未勝利,1倍台,ワイド,4,6,600,340
2025-08-03,2025-08-03_新潟09R_3歳未勝利,1倍台,ワイド,5,10,1000,340
2025-08-03,2025-08-03_新潟09R_3歳未勝利,1倍台,ワイド,6,15,1500,340
2025-08-03,2025-08-03_新潟09R_3歳未勝利,1倍台,馬連,3,3,300,780
2025-08-03,2025-08-03_新潟09R_3歳未勝利,1倍台,馬連,4,6,600,780
2025-08-03,2025-08-03_新潟09R_3歳未勝利,1倍台,馬連,5,10,1000,780
2025-08-03,2025-08-03_新潟09R_3歳未勝利,1倍台,馬連,6,15,1500,780
2025-08-03,2025-08-03_新潟10R_3歳以上1勝クラス,2倍台,ワイド,3,3,300,0
2025-08-03,2025-08-03_新潟10R_3歳以上1勝クラス,2倍台,ワイド,4,6,600,0
2025-08-03,2025-08-03_新潟10R_3歳以上1勝クラス,2倍台,ワイド,5,10,1000,0
2025-08-03,2025-08-03_新潟10R_3歳以上1勝クラス,2倍台,ワイド,6,15,1500,0
2025-08-03,2025-08-03_新潟10R_3歳以上1勝クラス,2倍台,馬連,3,3,300,0
2025-08-03,2025-08-03_新潟10R_3歳以上1勝クラス,2倍台,馬連,4,6,600,0
2025-08-03,2025-08-03_新潟10R_3歳以上1勝クラス,2倍台,馬連,5,10,1000,0
2025-08-03,2025-08-03_新潟10R_3歳以上1勝クラス,2倍台,馬連,6,15,1500,0
2025-08-03,2025-08-03_新潟11R_3歳未勝利,2倍台,ワイド,3,3,300,250
2025-08-03,2025-08-03_新潟11R_3歳未勝利,2倍台,ワイド,4,6,600,250
2025-08-03,2025-08-03_新潟11R_3歳未勝利,2倍台,ワイド,5,10,1000,250
2025-08-03,2025-08-03_新潟11R_3歳未勝利,2倍台,ワイド,6,15,1500,250
2025-08-03,2025-08-03_新潟11R_3歳未勝利,2倍台,馬連,3,3,300,0
2025-08-03,2025-08-03_新潟11R_3歳未勝利,2倍台,馬連,4,6,600,0
2025-08-03,2025-08-03_新潟11R_3歳未勝利,2倍台,馬連,5,10,1000,0
2025-08-03,2025-08-03_新潟11R_3歳未勝利,2倍台,馬連,6,15,1500,0
2025-08-03,2025-08-03_新潟12R_3歳以上1勝クラス,2倍台,ワイド,3,3,300,0
2025-08-03,2025-08-03_新潟12R_3歳以上1勝クラス,2倍台,ワイド,4,6,600,0
2025-08-03,2025-08-03_新潟12R_3歳以上1勝クラス,2倍台,ワイド,5,10,1000,890
2025-08-03,2025-08-03_新潟12R_3歳以上1勝クラス,2倍台,ワイド,6,15,1500,890
2025-08-03,2025-08-03_新潟12R_3歳以上1勝クラス,2倍台,馬連,3,3,300,0
2025-08-03,2025-08-03_新潟12R_3歳以上1勝クラス,2倍台,馬連,4,6,600,0
2025-08-03,2025-08-03_新潟12R_3歳以上1勝クラス,2倍台,馬連,5,10,1000,2840
2025-08-03,2025-08-03_新潟12R_3歳以上1勝クラス,2倍台,馬連,6,15,1500,2840
2025-08-03,2025-08-03_札幌09R_3歳以上2勝クラス,3倍以上,ワイド,3,3,300,0
2025-08-03,2025-08-03_札幌09R_3歳以上2勝クラス,3倍以上,ワイド,4,6,600,0
2025-08-03,2025-08-03_札幌09R_3歳以上2勝クラス,3倍以上,ワイド,5,10,1000,1600
2025-08-03,2025-08-03_札幌09R_3歳以上2勝クラス,3倍以上,ワイド,6,15,1500,1600
2025-08-03,2025-08-03_札幌09R_3歳以上2勝クラス,3倍以上,馬連,3,3,300,0
2025-08-03,2025-08-03_札幌09R_3歳以上2勝クラス,3倍以上,馬連,4,6,600,0
2025-08-03,2025-08-03_札幌09R_3歳以上2勝クラス,3倍以上,馬連,5,10,1000,0
2025-08-03,2025-08-03_札幌09R_3歳以上2勝クラス,3倍以上,馬連,6,15,1500,0
2025-08-03,2025-08-03_札幌10R_苫小牧特別,3倍以上,ワイド,3,3,300,0
2025-08-03,2025-08-03_札幌10R_苫小牧特別,3倍以上,ワイド,4,6,600,1100
2025-08-03,2025-08-03_札幌10R_苫小牧特別,3倍以上,ワイド,5,10,1000,1100
2025-08-03,2025-08-03_札幌10R_苫小牧特別,3倍以上,ワイド,6,15,1500,1100
2025-08-03,2025-08-03_札幌10R_苫小牧特別,3倍以上,馬連,3,3,300,0
2025-08-03,2025-08-03_札幌10R_苫小牧特別,3倍以上,馬連,4,6,600,3410
2025-08-03,2025-08-03_札幌10R_苫小牧特別,3倍以上,馬連,5,10,1000,3410
2025-08-03,2025-08-03_札幌10R_苫小牧特別,3倍以上,馬連,6,15,1500,3410
2025-08-03,2025-08-03_札幌11R_クイーンS,2倍台,ワイド,3,3,300,590
2025-08-03,2025-08-03_札幌11R_クイーンS,2倍台,ワイド,4,6,600,590
2025-08-03,2025-08-03_札幌11R_クイーンS,2倍台,ワイド,5,10,1000,1300
2025-08-03,2025-08-03_札幌11R_クイーンS,2倍台,ワイド,6,15,1500,1300
2025-08-03,2025-08-03_札幌11R_クイーンS,2倍台,馬連,3,3,300,0
2025-08-03,2025-08-03_札幌11R_クイーンS,2倍台,馬連,4,6,600,0
2025-08-03,2025-08-03_札幌11R_クイーンS,2倍台,馬連,5,10,1000,800
2025-08-03,2025-08-03_札幌11R_クイーンS,2倍台,馬連,6,15,1500,800
2025-08-03,2025-08-03_札幌12R_積丹特別,2倍台,ワイド,3,3,300,200
2025-08-03,2025-08-03_札幌12R_積丹特別,2倍台,ワイド,4,6,600,200
2025-08-03,2025-08-03_札幌12R_積丹特別,2倍台,ワイド,5,10,1000,200
2025-08-03,2025-08-03_札幌12R_積丹特別,2倍台,ワイド,6,15,1500,620
2025-08-03,2025-08-03_札幌12R_積丹特別,2倍台,馬連,3,3,300,600
2025-08-03,2025-08-03_札幌12R_積丹特別,2倍台,馬連,4,6,600,600
2025-08-03,2025-08-03_札幌12R_積丹特別,2倍台,馬連,5,10,1000,600
2025-08-03,2025-08-03_札幌12R_積丹特別,2倍台,馬連,6,15,1500,600
2025-08-09,2025-08-09_中京09R_3歳以上1勝クラス,1倍台,ワイド,3,3,300,500
2025-08-09,2025-08-09_中京09R_3歳以上1勝クラス,1倍台,ワイド,4,6,600,500
2025-08-09,2025-08-09_中京09R_3歳以上1勝クラス,1倍台,ワイド,5,10,1000,500
2025-08-09,2025-08-09_中京09R_3歳以上1勝クラス,1倍台,ワイド,6,15,1500,3390
2025-08-09,2025-08-09_中京09R_3歳以上1勝クラス,1倍台,馬連,3,3,300,0
2025-08-09,2025-08-09_中京09R_3歳以上1勝クラス,1倍台,馬連,4,6,600,0
2025-08-09,2025-08-09_中京09R_3歳以上1勝クラス,1倍台,馬連,5,10,1000,0
2025-08-09,2025-08-09_中京09R_3歳以上1勝クラス,1倍台,馬連,6,15,1500,3120
2025-08-09,2025-08-09_中京10R_3歳以上1勝クラス,2倍台,ワイド,3,3,300,0
2025-08-09,2025-08-09_中京10R_3歳以上1勝クラス,2倍台,ワイド,4,6,600,0
2025-08-09,2025-08-09_中京10R_3歳以上1勝クラス,2倍台,ワイド,5,10,1000,830
2025-08-09,2025-08-09_中京10R_3歳以上1勝クラス,2倍台,ワイド,6,15,1500,830
2025-08-09,2025-08-09_中京10R_3歳以上1勝クラス,2倍台,馬連,3,3,300,0
2025-08-09,2025-08-09_中京10R_3歳以上1勝クラス,2倍台,馬連,4,6,600,0
2025-08-09,2025-08-09_中京10R_3歳以上1勝クラス,2倍台,馬連,5,10,1000,0
2025-08-09,2025-08-09_中京10R_3歳以上1勝クラス,2倍台,馬連,6,15,1500,0
2025-08-09,2025-08-09_中京11R_3歳未勝利,3倍以上,ワイド,3,3,300,0
2025-08-09,2025-08-09_中京11R_3歳未勝利,3倍以上,ワイド,4,6,600,0
2025-08-09,2025-08-09_中京11R_3歳未勝利,3倍以上,ワイド,5,10,1000,1520
2025-08-09,2025-08-09_中京11R_3歳未勝利,3倍以上,ワイド,6,15,1500,1520
2025-08-09,2025-08-09_中京11R_3歳未勝利,3倍以上,馬連,3,3,300,0
2025-08-09,2025-08-09_中京11R_3歳未勝利,3倍以上,馬連,4,6,600,0
2025-08-09,2025-08-09_中京11R_3歳未勝利,3倍以上,馬連,5,10,1000,0
2025-08-09,2025-08-09_中京11R_3歳未勝利,3倍以上,馬連,6,15,1500,0
2025-08-09,2025-08-09_中京12R_3歳以上1勝クラス,2倍台,ワイド,3,3,300,0
2025-08-09,2025-08-09_中京12R_3歳以上1勝クラス,2倍台,ワイド,4,6,600,0
2025-08-09,2025-08-09_中京12R_3歳以上1勝クラス,2倍台,ワイド,5,10,1000,0
2025-08-09,2025-08-09_中京12R_3歳以上1勝クラス,2倍台,ワイド,6,15,1500,0
2025-08-09,2025-08-09_中京12R_3歳以上1勝クラス,2倍台,馬連,3,3,300,0
2025-08-09,2025-08-09_中京12R_3歳以上1勝クラス,2倍台,馬連,4,6,600,0
2025-08-09,2025-08-09_中京12R_3歳以上1勝クラス,2倍台,馬連,5,10,1000,0
2025-08-09,2025-08-09_中京12R_3歳以上1勝クラス,2倍台,馬連,6,15,1500,0
2025-08-09,2025-08-09_新潟09R_3歳以上1勝クラス,2倍台,ワイド,3,3,300,0
2025-08-09,2025-08-09_新潟09R_3歳以上1勝クラス,2倍台,ワイド,4,6,600,0
2025-08-09,2025-08-09_新潟09R_3歳以上1勝クラス,2倍台,ワイド,5,10,1000,0
2025-08-09,2025-08-09_新潟09R_3歳以上1勝クラス,2倍台,ワイド,6,15,1500,0
2025-08-09,2025-08-09_新潟09R_3歳以上1勝クラス,2倍台,馬連,3,3,300,0
2025-08-09,2025-08-09_新潟09R_3歳以上1勝クラス,2倍台,馬連,4,6,600,0
2025-08-09,2025-08-09_新潟09R_3歳以上1勝クラス,2倍台,馬連,5,10,1000,0
2025-08-09,2025-08-09_新潟09R_3歳以上1勝クラス,2倍台,馬連,6,15,1500,0
2025-08-09,2025-08-09_新潟10R_3歳以上2勝クラス,2倍台,ワイド,3,3,300,0
2025-08-09,2025-08-09_新潟10R_3歳以上2勝クラス,2倍台,ワイド,4,6,600,0
2025-08-09,2025-08-09_新潟10R_3歳以上2勝クラス,2倍台,ワイド,5,10,1000,0
2025-08-09,2025-08-09_新潟10R_3歳以上2勝クラス,2倍台,ワイド,6,15,1500,0
2025-08-09,2025-08-09_新潟10R_3歳以上2勝クラス,2倍台,馬連,3,3,300,0
2025-08-09,2025-08-09_新潟10R_3歳以上2勝クラス,2倍台,馬連,4,6,600,0
2025-08-09,2025-08-09_新潟10R_3歳以上2勝クラス,2倍台,馬連,5,10,1000,0
2025-08-09,2025-08-09_新潟10R_3歳以上2勝クラス,2倍台,馬連,6,15,1500,0
2025-08-09,2025-08-09_新潟11R_3歳未勝利,3倍以上,ワイド,3,3,300,550
2025-08-09,2025-08-09_新潟11R_3歳未勝利,3倍以上,ワイド,4,6,600,550
2025-08-09,2025-08-09_新潟11R_3歳未勝利,3倍以上,ワイド,5,10,1000,550
2025-08-09,2025-08-09_新潟11R_3歳未勝利,3倍以上,ワイド,6,15,1500,550
2025-08-09,2025-08-09_新潟11R_3歳未勝利,3倍以上,馬連,3,3,300,0
2025-08-09,2025-08-09_新潟11R_3歳未勝利,3倍以上,馬連,4,6,600,0
2025-08-09,2025-08-09_新潟11R_3歳未勝利,3倍以上,馬連,5,10,1000,0
2025-08-09,2025-08-09_新潟11R_3歳未勝利,3倍以上,馬連,6,15,1500,0
2025-08-09,2025-08-09_新潟12R_3歳未勝利,3倍以上,ワイド,3,3,300,960
2025-08-09,2025-08-09_新潟12R_3歳未勝利,3倍以上,ワイド,4,6,600,960
2025-08-09,2025-08-09_新潟12R_3歳未勝利,3倍以上,ワイド,5,10,1000,960
2025-08-09,2025-08-09_新潟12R_3歳未勝利,3倍以上,ワイド,6,15,1500,960
2025-08-09,2025-08-09_新潟12R_3歳未勝利,3倍以上,馬連,3,3,300,0
2025-08-09,2025-08-09_新潟12R_3歳未勝利,3倍以上,馬連,4,6,600,0
2025-08-09,2025-08-09_新潟12R_3歳未勝利,3倍以上,馬連,5,10,1000,0
2025-08-09,2025-08-09_新潟12R_3歳未勝利,3倍以上,馬連,6,15,1500,0
2025-08-09,2025-08-09_札幌09R_3歳以上1勝クラス,1倍台,ワイド,3,3,300,130
2025-08-09,2025-08-09_札幌09R_3歳以上1勝クラス,1倍台,ワイド,4,6,600,130
2025-08-09,2025-08-09_札幌09R_3歳以上1勝クラス,1倍台,ワイド,5,10,1000,130
2025-08-09,2025-08-09_札幌09R_3歳以上1勝クラス,1倍台,ワイド,6,15,1500,130
2025-08-09,2025-08-09_札幌09R_3歳以上1勝クラス,1倍台,馬連,3,3,300,250
2025-08-09,2025-08-09_札幌09R_3歳以上1勝クラス,1倍台,馬連,4,6,600,250
2025-08-09,2025-08-09_札幌09R_3歳以上1勝クラス,1倍台,馬連,5,10,1000,250
2025-08-09,2025-08-09_札幌09R_3歳以上1勝クラス,1倍台,馬連,6,15,1500,250
2025-08-09,2025-08-09_札幌10R_藻岩山特別,1倍台,ワイド,3,3,300,260
2025-08-09,2025-08-09_札幌10R_藻岩山特別,1倍台,ワイド,4,6,600,1190
2025-08-09,2025-08-09_札幌10R_藻岩山特別,1倍台,ワイド,5,10,1000,1190
2025-08-09,2025-08-09_札幌10R_藻岩山特別,1倍台,ワイド,6,15,1500,1190
2025-08-09,2025-08-09_札幌10R_藻岩山特別,1倍台,馬連,3,3,300,560
2025-08-09,2025-08-09_札幌10R_藻岩山特別,1倍台,馬連,4,6,600,560
2025-08-09,2025-08-09_札幌10R_藻岩山特別,1倍台,馬連,5,10,1000,560
2025-08-09,2025-08-09_札幌10R_藻岩山特別,1倍台,馬連,6,15,1500,560
2025-08-09,2025-08-09_札幌11R_エルムS,2倍台,ワイド,3,3,300,0
2025-08-09,2025-08-09_札幌11R_エルムS,2倍台,ワイド,4,6,600,0
2025-08-09,2025-08-09_札幌11R_エルムS,2倍台,ワイド,5,10,1000,0
2025-08-09,2025-08-09_札幌11R_エルムS,2倍台,ワイド,6,15,1500,480
2025-08-09,2025-08-09_札幌11R_エルムS,2倍台,馬連,3,3,300,0
2025-08-09,2025-08-09_札幌11R_エルムS,2倍台,馬連,4,6,600,0
2025-08-09,2025-08-09_札幌11R_エルムS,2倍台,馬連,5,10,1000,0
2025-08-09,2025-08-09_札幌11R_エルムS,2倍台,馬連,6,15,1500,1060
2025-08-09,2025-08-09_札幌12R_厚岸特別,1倍台,ワイド,3,3,300,650
2025-08-09,2025-08-09_札幌12R_厚岸特別,1倍台,ワイド,4,6,600,650
2025-08-09,2025-08-09_札幌12R_厚岸特別,1倍台,ワイド,5,10,1000,650
2025-08-09,2025-08-09_札幌12R_厚岸特別,1倍台,ワイド,6,15,1500,650
2025-08-09,2025-08-09_札幌12R_厚岸特別,1倍台,馬連,3,3,300,0
2025-08-09,2025-08-09_札幌12R_厚岸特別,1倍台,馬連,4,6,600,0
2025-08-09,2025-08-09_札幌12R_厚岸特別,1倍台,馬連,5,10,1000,0
2025-08-09,2025-08-09_札幌12R_厚岸特別,1倍台,馬連,6,15,1500,0
2025-08-10,2025-08-10_中京09R_3歳未勝利,3倍以上,ワイド,3,3,300,1380
2025-08-10,2025-08-10_中京09R_3歳未勝利,3倍以上,ワイド,4,6,600,1380
2025-08-10,2025-08-10_中京09R_3歳未勝利,3倍以上,ワイド,5,10,1000,1380
2025-08-10,2025-08-10_中京09R_3歳未勝利,3倍以上,ワイド,6,15,1500,1380
2025-08-10,2025-08-10_中京09R_3歳未勝利,3倍以上,馬連,3,3,300,860
2025-08-10,2025-08-10_中京09R_3歳未勝利,3倍以上,馬連,4,6,600,860
2025-08-10,2025-08-10_中京09R_3歳未勝利,3倍以上,馬連,5,10,1000,860
2025-08-10,2025-08-10_中京09R_3歳未勝利,3倍以上,馬連,6,15,1500,860
2025-08-10,2025-08-10_中京10R_3歳以上1勝クラス,2倍台,ワイド,3,3,300,730
2025-08-10,2025-08-10_中京10R_3歳以上1勝クラス,2倍台,ワイド,4,6,600,730
2025-08-10,2025-08-10_中京10R_3歳以上1勝クラス,2倍台,ワイド,5,10,1000,730
2025-08-10,2025-08-10_中京10R_3歳以上1勝クラス,2倍台,ワイド,6,15,1500,730
2025-08-10,2025-08-10_中京10R_3歳以上1勝クラス,2倍台,馬連,3,3,300,1990
2025-08-10,2025-08-10_中京10R_3歳以上1勝クラス,2倍台,馬連,4,6,600,1990
2025-08-10,2025-08-10_中京10R_3歳以上1勝クラス,2倍台,馬連,5,10,1000,1990
2025-08-10,2025-08-10_中京10R_3歳以上1勝クラス,2倍台,馬連,6,15,1500,1990
2025-08-10,2025-08-10_中京11R_3歳未勝利,3倍以上,ワイド,3,3,300,0
2025-08-10,2025-08-10_中京11R_3歳未勝利,3倍以上,ワイド,4,6,600,0
2025-08-10,2025-08-10_中京11R_3歳未勝利,3倍以上,ワイド,5,10,1000,0
2025-08-10,2025-08-10_中京11R_3歳未勝利,3倍以上,ワイド,6,15,1500,0
2025-08-10,2025-08-10_中京11R_3歳未勝利,3倍以上,馬連,3,3,300,0
2025-08-10,2025-08-10_中京11R_3歳未勝利,3倍以上,馬連,4,6,600,0
2025-08-10,2025-08-10_中京11R_3歳未勝利,3倍以上,馬連,5,10,1000,0
2025-08-10,2025-08-10_中京11R_3歳未勝利,3倍以上,馬連,6,15,1500,0
2025-08-10,2025-08-10_中京12R_3歳以上1勝クラス,3倍以上,ワイド,3,3,300,390
2025-08-10,2025-08-10_中京12R_3歳以上1勝クラス,3倍以上,ワイド,4,6,600,390
2025-08-10,2025-08-10_中京12R_3歳以上1勝クラス,3倍以上,ワイド,5,10,1000,2610
2025-08-10,2025-08-10_中京12R_3歳以上1勝クラス,3倍以上,ワイド,6,15,1500,2610
2025-08-10,2025-08-10_中京12R_3歳以上1勝クラス,3倍以上,馬連,3,3,300,0
2025-08-10,2025-08-10_中京12R_3歳以上1勝クラス,3倍以上,馬連,4,6,600,0
2025-08-10,2025-08-10_中京12R_3歳以上1勝クラス,3倍以上,馬連,5,10,1000,2410
2025-08-10,2025-08-10_中京12R_3歳以上1勝クラス,3倍以上,馬連,6,15,1500,2410
2025-08-10,2025-08-10_新潟09R_3歳未勝利,3倍以上,ワイド,3,3,300,860
2025-08-10,2025-08-10_新潟09R_3歳未勝利,3倍以上,ワイド,4,6,600,860
2025-08-10,2025-08-10_新潟09R_3歳未勝利,3倍以上,ワイド,5,10,1000,860
2025-08-10,2025-08-10_新潟09R_3歳未勝利,3倍以上,ワイド,6,15,1500,860
2025-08-10,2025-08-10_新潟09R_3歳未勝利,3倍以上,馬連,3,3,300,3290
2025-08-10,2025-08-10_新潟09R_3歳未勝利,3倍以上,馬連,4,6,600,3290
2025-08-10,2025-08-10_新潟09R_3歳未勝利,3倍以上,馬連,5,10,1000,3290
2025-08-10,2025-08-10_新潟09R_3歳未勝利,3倍以上,馬連,6,15,1500,3290
2025-08-10,2025-08-10_新潟10R_3歳以上1勝クラス,1倍台,ワイド,3,3,300,0
2025-08-10,2025-08-10_新潟10R_3歳以上1勝クラス,1倍台,ワイド,4,6,600,1900
2025-08-10,2025-08-10_新潟10R_3歳以上1勝クラス,1倍台,ワイド,5,10,1000,1900
2025-08-10,2025-08-10_新潟10R_3歳以上1勝クラス,1倍台,ワイド,6,15,1500,1900
2025-08-10,2025-08-10_新潟10R_3歳以上1勝クラス,1倍台,馬連,3,3,300,0
2025-08-10,2025-08-10_新潟10R_3歳以上1勝クラス,1倍台,馬連,4,6,600,6880
2025-08-10,2025-08-10_新潟10R_3歳以上1勝クラス,1倍台,馬連,5,10,1000,6880
2025-08-10,2025-08-10_新潟10R_3歳以上1勝クラス,1倍台,馬連,6,15,1500,6880
2025-08-10,2025-08-10_新潟11R_3歳以上1勝クラス,2倍台,ワイド,3,3,300,0
2025-08-10,2025-08-10_新潟11R_3歳以上1勝クラス,2倍台,ワイド,4,6,600,740
2025-08-10,2025-08-10_新潟11R_3歳以上1勝クラス,2倍台,ワイド,5,10,1000,740
2025-08-10,2025-08-10_新潟11R_3歳以上1勝クラス,2倍台,ワイド,6,15,1500,740
2025-08-10,2025-08-10_新潟11R_3歳以上1勝クラス,2倍台,馬連,3,3,300,0
2025-08-10,2025-08-10_新潟11R_3歳以上1勝クラス,2倍台,馬連,4,6,600,2250
2025-08-10,2025-08-10_新潟11R_3歳以上1勝クラス,2倍台,馬連,5,10,1000,2250
2025-08-10,2025-08-10_新潟11R_3歳以上1勝クラス,2倍台,馬連,6,15,1500,2250
2025-08-10,2025-08-10_新潟12R_3歳以上1勝クラス,3倍以上,ワイド,3,3,300,0
2025-08-10,2025-08-10_新潟12R_3歳以上1勝クラス,3倍以上,ワイド,4,6,600,0
2025-08-10,2025-08-10_新潟12R_3歳以上1勝クラス,3倍以上,ワイド,5,10,1000,0
2025-08-10,2025-08-10_新潟12R_3歳以上1勝クラス,3倍以上,ワイド,6,15,1500,0
2025-08-10,2025-08-10_新潟12R_3歳以上1勝クラス,3倍以上,馬連,3,3,300,0
2025-08-10,2025-08-10_新潟12R_3歳以上1勝クラス,3倍以上,馬連,4,6,600,0
2025-08-10,2025-08-10_新潟12R_3歳以上1勝クラス,3倍以上,馬連,5,10,1000,0
2025-08-10,2025-08-10_新潟12R_3歳以上1勝クラス,3倍以上,馬連,6,15,1500,0
2025-08-10,2025-08-10_札幌09R_3歳以上1勝クラス,1倍台,ワイド,3,3,300,350
2025-08-10,2025-08-10_札幌09R_3歳以上1勝クラス,1倍台,ワイド,4,6,600,2130
2025-08-10,2025-08-10_札幌09R_3歳以上1勝クラス,1倍台,ワイド,5,10,1000,2130
2025-08-10,2025-08-10_札幌09R_3歳以上1勝クラス,1倍台,ワイド,6,15,1500,2130
2025-08-10,2025-08-10_札幌09R_3歳以上1勝クラス,1倍台,馬連,3,3,300,540
2025-08-10,2025-08-10_札幌09R_3歳以上1勝クラス,1倍台,馬連,4,6,600,540
2025-08-10,2025-08-10_札幌09R_3歳以上1勝クラス,1倍台,馬連,5,10,1000,540
2025-08-10,2025-08-10_札幌09R_3歳以上1勝クラス,1倍台,馬連,6,15,1500,540
2025-08-10,2025-08-10_札幌10R_摩周湖特別,2倍台,ワイド,3,3,300,0
2025-08-10,2025-08-10_札幌10R_摩周湖特別,2倍台,ワイド,4,6,600,0
2025-08-10,2025-08-10_札幌10R_摩周湖特別,2倍台,ワイド,5,10,1000,640
2025-08-10,2025-08-10_札幌10R_摩周湖特別,2倍台,ワイド,6,15,1500,5100
2025-08-10,2025-08-10_札幌10R_摩周湖特別,2倍台,馬連,3,3,300,0
2025-08-10,2025-08-10_札幌10R_摩周湖特別,2倍台,馬連,4,6,600,0
2025-08-10,2025-08-10_札幌10R_摩周湖特別,2倍台,馬連,5,10,1000,0
2025-08-10,2025-08-10_札幌10R_摩周湖特別,2倍台,馬連,6,15,1500,10540
2025-08-10,2025-08-10_札幌11R_UHB賞,3倍以上,ワイド,3,3,300,0
2025-08-10,2025-08-10_札幌11R_UHB賞,3倍以上,ワイド,4,6,600,0
2025-08-10,2025-08-10_札幌11R_UHB賞,3倍以上,ワイド,5,10,1000,0
2025-08-10,2025-08-10_札幌11R_UHB賞,3倍以上,ワイド,6,15,1500,0
2025-08-10,2025-08-10_札幌11R_UHB賞,3倍以上,馬連,3,3,300,0
2025-08-10,2025-08-10_札幌11R_UHB賞,3倍以上,馬連,4,6,600,0
2025-08-10,2025-08-10_札幌11R_UHB賞,3倍以上,馬連,5,10,1000,0
2025-08-10,2025-08-10_札幌11R_UHB賞,3倍以上,馬連,6,15,1500,0
2025-08-10,2025-08-10_札幌12R_Fビレッジ特別,1倍台,ワイド,3,3,300,0
2025-08-10,2025-08-10_札幌12R_Fビレッジ特別,1倍台,ワイド,4,6,600,0
2025-08-10,2025-08-10_札幌12R_Fビレッジ特別,1倍台,ワイド,5,10,1000,0
2025-08-10,2025-08-10_札幌12R_Fビレッジ特別,1倍台,ワイド,6,15,1500,1350
2025-08-10,2025-08-10_札幌12R_Fビレッジ特別,1倍台,馬連,3,3,300,0
2025-08-10,2025-08-10_札幌12R_Fビレッジ特別,1倍台,馬連,4,6,600,0
2025-08-10,2025-08-10_札幌12R_Fビレッジ特別,1倍台,馬連,5,10,1000,0
2025-08-10,2025-08-10_札幌12R_Fビレッジ特別,1倍台,馬連,6,15,1500,0
2025-08-16,2025-08-16_中京09R_3歳以上1勝クラス,2倍台,ワイド,3,3,300,630
2025-08-16,2025-08-16_中京09R_3歳以上1勝クラス,2倍台,ワイド,4,6,600,1430
2025-08-16,2025-08-16_中京09R_3歳以上1勝クラス,2倍台,ワイド,5,10,1000,1430
2025-08-16,2025-08-16_中京09R_3歳以上1勝クラス,2倍台,ワイド,6,15,1500,1430
2025-08-16,2025-08-16_中京09R_3歳以上1勝クラス,2倍台,馬連,3,3,300,0
2025-08-16,2025-08-16_中京09R_3歳以上1勝クラス,2倍台,馬連,4,6,600,460
2025-08-16,2025-08-16_中京09R_3歳以上1勝クラス,2倍台,馬連,5,10,1000,460
2025-08-16,2025-08-16_中京09R_3歳以上1勝クラス,2倍台,馬連,6,15,1500,460
2025-08-16,2025-08-16_中京10R_3歳以上1勝クラス,2倍台,ワイド,3,3,300,230
2025-08-16,2025-08-16_中京10R_3歳以上1勝クラス,2倍台,ワイド,4,6,600,230
2025-08-16,2025-08-16_中京10R_3歳以上1勝クラス,2倍台,ワイド,5,10,1000,230
2025-08-16,2025-08-16_中京10R_3歳以上1勝クラス,2倍台,ワイド,6,15,1500,230
2025-08-16,2025-08-16_中京10R_3歳以上1勝クラス,2倍台,馬連,3,3,300,0
2025-08-16,2025-08-16_中京10R_3歳以上1勝クラス,2倍台,馬連,4,6,600,0
2025-08-16,2025-08-16_中京10R_3歳以上1勝クラス,2倍台,馬連,5,10,1000,0
2025-08-16,2025-08-16_中京10R_3歳以上1勝クラス,2倍台,馬連,6,15,1500,0
2025-08-16,2025-08-16_中京11R_3歳未勝利,3倍以上,ワイド,3,3,300,330
2025-08-16,2025-08-16_中京11R_3歳未勝利,3倍以上,ワイド,4,6,600,330
2025-08-16,2025-08-16_中京11R_3歳未勝利,3倍以上,ワイド,5,10,1000,330
2025-08-16,2025-08-16_中京11R_3歳未勝利,3倍以上,ワイド,6,15,1500,330
2025-08-16,2025-08-16_中京11R_3歳未勝利,3倍以上,馬連,3,3,300,0
2025-08-16,2025-08-16_中京11R_3歳未勝利,3倍以上,馬連,4,6,600,0
2025-08-16,2025-08-16_中京11R_3歳未勝利,3倍以上,馬連,5,10,1000,0
2025-08-16,2025-08-16_中京11R_3歳未勝利,3倍以上,馬連,6,15,1500,0
2025-08-16,2025-08-16_中京12R_3歳以上1勝クラス,2倍台,ワイド,3,3,300,240
2025-08-16,2025-08-16_中京12R_3歳以上1勝クラス,2倍台,ワイド,4,6,600,240
2025-08-16,2025-08-16_中京12R_3歳以上1勝クラス,2倍台,ワイド,5,10,1000,240
2025-08-16,2025-08-16_中京12R_3歳以上1勝クラス,2倍台,ワイド,6,15,1500,240
2025-08-16,2025-08-16_中京12R_3歳以上1勝クラス,2倍台,馬連,3,3,300,500
2025-08-16,2025-08-16_中京12R_3歳以上1勝クラス,2倍台,馬連,4,6,600,500
2025-08-16,2025-08-16_中京12R_3歳以上1勝クラス,2倍台,馬連,5,10,1000,500
2025-08-16,2025-08-16_中京12R_3歳以上1勝クラス,2倍台,馬連,6,15,1500,500
2025-08-16,2025-08-16_新潟09R_新潟JS,2倍台,ワイド,3,3,300,0
2025-08-16,2025-08-16_新潟09R_新潟JS,2倍台,ワイド,4,6,600,0
2025-08-16,2025-08-16_新潟09R_新潟JS,2倍台,ワイド,5,10,1000,0
2025-08-16,2025-08-16_新潟09R_新潟JS,2倍台,ワイド,6,15,1500,0
2025-08-16,2025-08-16_新潟09R_新潟JS,2倍台,馬連,3,3,300,0
2025-08-16,2025-08-16_新潟09R_新潟JS,2倍台,馬連,4,6,600,0
2025-08-16,2025-08-16_新潟09R_新潟JS,2倍台,馬連,5,10,1000,0
2025-08-16,2025-08-16_新潟09R_新潟JS,2倍台,馬連,6,15,1500,0
2025-08-16,2025-08-16_新潟10R_3歳未勝利,2倍台,ワイド,3,3,300,1430
2025-08-16,2025-08-16_新潟10R_3歳未勝利,2倍台,ワイド,4,6,600,1430
2025-08-16,2025-08-16_新潟10R_3歳未勝利,2倍台,ワイド,5,10,1000,1430
2025-08-16,2025-08-16_新潟10R_3歳未勝利,2倍台,ワイド,6,15,1500,1430
2025-08-16,2025-08-16_新潟10R_3歳未勝利,2倍台,馬連,3,3,300,430
2025-08-16,2025-08-16_新潟10R_3歳未勝利,2倍台,馬連,4,6,600,430
2025-08-16,2025-08-16_新潟10R_3歳未勝利,2倍台,馬連,5,10,1000,430
2025-08-16,2025-08-16_新潟10R_3歳未勝利,2倍台,馬連,6,15,1500,430
2025-08-16,2025-08-16_新潟11R_3歳以上1勝クラス,3倍以上,ワイド,3,3,300,0
2025-08-16,2025-08-16_新潟11R_3歳以上1勝クラス,3倍以上,ワイド,4,6,600,720
2025-08-16,2025-08-16_新潟11R_3歳以上1勝クラス,3倍以上,ワイド,5,10,1000,5710
2025-08-16,2025-08-16_新潟11R_3歳以上1勝クラス,3倍以上,ワイド,6,15,1500,5710
2025-08-16,2025-08-16_新潟11R_3歳以上1勝クラス,3倍以上,馬連,3,3,300,0
2025-08-16,2025-08-16_新潟11R_3歳以上1勝クラス,3倍以上,馬連,4,6,600,0
2025-08-16,2025-08-16_新潟11R_3歳以上1勝クラス,3倍以上,馬連,5,10,1000,10820
2025-08-16,2025-08-16_新潟11R_3歳以上1勝クラス,3倍以上,馬連,6,15,1500,10820
2025-08-16,2025-08-16_新潟12R_3歳未勝利,1倍台,ワイド,3,3,300,0
2025-08-16,2025-08-16_新潟12R_3歳未勝利,1倍台,ワイド,4,6,600,0
2025-08-16,2025-08-16_新潟12R_3歳未勝利,1倍台,ワイド,5,10,1000,1650
2025-08-16,2025-08-16_新潟12R_3歳未勝利,1倍台,ワイド,6,15,1500,1650
2025-08-16,2025-08-16_新潟12R_3歳未勝利,1倍台,馬連,3,3,300,0
2025-08-16,2025-08-16_新潟12R_3歳未勝利,1倍台,馬連,4,6,600,0
2025-08-16,2025-08-16_新潟12R_3歳未勝利,1倍台,馬連,5,10,1000,6010
2025-08-16,2025-08-16_新潟12R_3歳未勝利,1倍台,馬連,6,15,1500,6010
2025-08-16,2025-08-16_札幌09R_コスモス賞,1倍台,ワイド,3,3,300,0
2025-08-16,2025-08-16_札幌09R_コスモス賞,1倍台,ワイド,4,6,600,120
2025-08-16,2025-08-16_札幌09R_コスモス賞,1倍台,ワイド,5,10,1000,120
2025-08-16,2025-08-16_札幌09R_コスモス賞,1倍台,ワイド,6,15,1500,670
2025-08-16,2025-08-16_札幌09R_コスモス賞,1倍台,馬連,3,3,300,0
2025-08-16,2025-08-16_札幌09R_コスモス賞,1倍台,馬連,4,6,600,0
2025-08-16,2025-08-16_札幌09R_コスモス賞,1倍台,馬連,5,10,1000,0
2025-08-16,2025-08-16_札幌09R_コスモス賞,1倍台,馬連,6,15,1500,880
2025-08-16,2025-08-16_札幌10R_知床特別,3倍以上,ワイド,3,3,300,0
2025-08-16,2025-08-16_札幌10R_知床特別,3倍以上,ワイド,4,6,600,0
2025-08-16,2025-08-16_札幌10R_知床特別,3倍以上,ワイド,5,10,1000,0
2025-08-16,2025-08-16_札幌10R_知床特別,3倍以上,ワイド,6,15,1500,0
2025-08-16,2025-08-16_札幌10R_知床特別,3倍以上,馬連,3,3,300,0
2025-08-16,2025-08-16_札幌10R_知床特別,3倍以上,馬連,4,6,600,0
2025-08-16,2025-08-16_札幌10R_知床特別,3倍以上,馬連,5,10,1000,0
2025-08-16,2025-08-16_札幌10R_知床特別,3倍以上,馬連,6,15,1500,0
2025-08-16,2025-08-16_札幌11R_大雪HC,3倍以上,ワイド,3,3,300,0
2025-08-16,2025-08-16_札幌11R_大雪HC,3倍以上,ワイド,4,6,600,0
2025-08-16,2025-08-16_札幌11R_大雪HC,3倍以上,ワイド,5,10,1000,0
2025-08-16,2025-08-16_札幌11R_大雪HC,3倍以上,ワイド,6,15,1500,0
2025-08-16,2025-08-16_札幌11R_大雪HC,3倍以上,馬連,3,3,300,0
2025-08-16,2025-08-16_札幌11R_大雪HC,3倍以上,馬連,4,6,600,0
2025-08-16,2025-08-16_札幌11R_大雪HC,3倍以上,馬連,5,10,1000,0
2025-08-16,2025-08-16_札幌11R_大雪HC,3倍以上,馬連,6,15,1500,0
2025-08-16,2025-08-16_札幌12R_石狩特別,2倍台,ワイド,3,3,300,0
2025-08-16,2025-08-16_札幌12R_石狩特別,2倍台,ワイド,4,6,600,0
2025-08-16,2025-08-16_札幌12R_石狩特別,2倍台,ワイド,5,10,1000,0
2025-08-16,2025-08-16_札幌12R_石狩特別,2倍台,ワイド,6,15,1500,0
2025-08-16,2025-08-16_札幌12R_石狩特別,2倍台,馬連,3,3,300,0
2025-08-16,2025-08-16_札幌12R_石狩特別,2倍台,馬連,4,6,600,0
2025-08-16,2025-08-16_札幌12R_石狩特別,2倍台,馬連,5,10,1000,0
2025-08-16,2025-08-16_札幌12R_石狩特別,2倍台,馬連,6,15,1500,0
2025-08-17,2025-08-17_中京09R_3歳未勝利,3倍以上,ワイド,3,3,300,0
2025-08-17,2025-08-17_中京09R_3歳未勝利,3倍以上,ワイド,4,6,600,330
2025-08-17,2025-08-17_中京09R_3歳未勝利,3倍以上,ワイド,5,10,1000,330
2025-08-17,2025-08-17_中京09R_3歳未勝利,3倍以上,ワイド,6,15,1500,330
2025-08-17,2025-08-17_中京09R_3歳未勝利,3倍以上,馬連,3,3,300,0
2025-08-17,2025-08-17_中京09R_3歳未勝利,3倍以上,馬連,4,6,600,0
2025-08-17,2025-08-17_中京09R_3歳未勝利,3倍以上,馬連,5,10,1000,0
2025-08-17,2025-08-17_中京09R_3歳未勝利,3倍以上,馬連,6,15,1500,0
2025-08-17,2025-08-17_中京10R_3歳以上1勝クラス,3倍以上,ワイド,3,3,300,0
2025-08-17,2025-08-17_中京10R_3歳以上1勝クラス,3倍以上,ワイド,4,6,600,0
2025-08-17,2025-08-17_中京10R_3歳以上1勝クラス,3倍以上,ワイド,5,10,1000,0
2025-08-17,2025-08-17_中京10R_3歳以上1勝クラス,3倍以上,ワイド,6,15,1500,1130
2025-08-17,2025-08-17_中京10R_3歳以上1勝クラス,3倍以上,馬連,3,3,300,0
2025-08-17,2025-08-17_中京10R_3歳以上1勝クラス,3倍以上,馬連,4,6,600,0
2025-08-17,2025-08-17_中京10R_3歳以上1勝クラス,3倍以上,馬連,5,10,1000,0
2025-08-17,2025-08-17_中京10R_3歳以上1勝クラス,3倍以上,馬連,6,15,1500,0
2025-08-17,2025-08-17_中京11R_3歳未勝利,2倍台,ワイド,3,3,300,170
2025-08-17,2025-08-17_中京11R_3歳未勝利,2倍台,ワイド,4,6,600,170
2025-08-17,2025-08-17_中京11R_3歳未勝利,2倍台,ワイド,5,10,1000,170
2025-08-17,2025-08-17_中京11R_3歳未勝利,2倍台,ワイド,6,15,1500,170
2025-08-17,2025-08-17_中京11R_3歳未勝利,2倍台,馬連,3,3,300,310
2025-08-17,2025-08-17_中京11R_3歳未勝利,2倍台,馬連,4,6,600,310
2025-08-17,2025-08-17_中京11R_3歳未勝利,2倍台,馬連,5,10,1000,310
2025-08-17,2025-08-17_中京11R_3歳未勝利,2倍台,馬連,6,15,1500,310
2025-08-17,2025-08-17_中京12R_3歳以上1勝クラス,3倍以上,ワイド,3,3,300,790
2025-08-17,2025-08-17_中京12R_3歳以上1勝クラス,3倍以上,ワイド,4,6,600,2600
2025-08-17,2025-08-17_中京12R_3歳以上1勝クラス,3倍以上,ワイド,5,10,1000,2600
2025-08-17,2025-08-17_中京12R_3歳以上1勝クラス,3倍以上,ワイド,6,15,1500,2600
2025-08-17,2025-08-17_中京12R_3歳以上1勝クラス,3倍以上,馬連,3,3,300,0
2025-08-17,2025-08-17_中京12R_3歳以上1勝クラス,3倍以上,馬連,4,6,600,3020
2025-08-17,2025-08-17_中京12R_3歳以上1勝クラス,3倍以上,馬連,5,10,1000,3020
2025-08-17,2025-08-17_中京12R_3歳以上1勝クラス,3倍以上,馬連,6,15,1500,3020
2025-08-17,2025-08-17_新潟09R_3歳以上1勝クラス,2倍台,ワイド,3,3,300,0
2025-08-17,2025-08-17_新潟09R_3歳以上1勝クラス,2倍台,ワイド,4,6,600,0
2025-08-17,2025-08-17_新潟09R_3歳以上1勝クラス,2倍台,ワイド,5,10,1000,0
2025-08-17,2025-08-17_新潟09R_3歳以上1勝クラス,2倍台,ワイド,6,15,1500,0
2025-08-17,2025-08-17_新潟09R_3歳以上1勝クラス,2倍台,馬連,3,3,300,0
2025-08-17,2025-08-17_新潟09R_3歳以上1勝クラス,2倍台,馬連,4,6,600,0
2025-08-17,2025-08-17_新潟09R_3歳以上1勝クラス,2倍台,馬連,5,10,1000,0
2025-08-17,2025-08-17_新潟09R_3歳以上1勝クラス,2倍台,馬連,6,15,1500,0
2025-08-17,2025-08-17_新潟10R_3歳以上1勝クラス,1倍台,ワイド,3,3,300,0
2025-08-17,2025-08-17_新潟10R_3歳以上1勝クラス,1倍台,ワイド,4,6,600,160
2025-08-17,2025-08-17_新潟10R_3歳以上1勝クラス,1倍台,ワイド,5,10,1000,160
2025-08-17,2025-08-17_新潟10R_3歳以上1勝クラス,1倍台,ワイド,6,15,1500,1060
2025-08-17,2025-08-17_新潟10R_3歳以上1勝クラス,1倍台,馬連,3,3,300,0
2025-08-17,2025-08-17_新潟10R_3歳以上1勝クラス,1倍台,馬連,4,6,600,240
2025-08-17,2025-08-17_新潟10R_3歳以上1勝クラス,1倍台,馬連,5,10,1000,240
2025-08-17,2025-08-17_新潟10R_3歳以上1勝クラス,1倍台,馬連,6,15,1500,240
2025-08-17,2025-08-17_新潟11R_3歳以上1勝クラス,2倍台,ワイド,3,3,300,0
2025-08-17,2025-08-17_新潟11R_3歳以上1勝クラス,2倍台,ワイド,4,6,600,0
2025-08-17,2025-08-17_新潟11R_3歳以上1勝クラス,2倍台,ワイド,5,10,1000,0
2025-08-17,2025-08-17_新潟11R_3歳以上1勝クラス,2倍台,ワイド,6,15,1500,0
2025-08-17,2025-08-17_新潟11R_3歳以上1勝クラス,2倍台,馬連,3,3,300,0
2025-08-17,2025-08-17_新潟11R_3歳以上1勝クラス,2倍台,馬連,4,6,600,0
2025-08-17,2025-08-17_新潟11R_3歳以上1勝クラス,2倍台,馬連,5,10,1000,0
2025-08-17,2025-08-17_新潟11R_3歳以上1勝クラス,2倍台,馬連,6,15,1500,0
2025-08-17,2025-08-17_新潟12R_3歳未勝利,2倍台,ワイド,3,3,300,0
2025-08-17,2025-08-17_新潟12R_3歳未勝利,2倍台,ワイド,4,6,600,640
2025-08-17,2025-08-17_新潟12R_3歳未勝利,2倍台,ワイド,5,10,1000,640
2025-08-17,2025-08-17_新潟12R_3歳未勝利,2倍台,ワイド,6,15,1500,3710
2025-08-17,2025-08-17_新潟12R_3歳未勝利,2倍台,馬連,3,3,300,0
2025-08-17,2025-08-17_新潟12R_3歳未勝利,2倍台,馬連,4,6,600,0
2025-08-17,2025-08-17_新潟12R_3歳未勝利,2倍台,馬連,5,10,1000,0
2025-08-17,2025-08-17_新潟12R_3歳未勝利,2倍台,馬連,6,15,1500,2980
2025-08-17,2025-08-17_札幌09R_小樽特別,3倍以上,ワイド,3,3,300,0
2025-08-17,2025-08-17_札幌09R_小樽特別,3倍以上,ワイド,4,6,600,0
2025-08-17,2025-08-17_札幌09R_小樽特別,3倍以上,ワイド,5,10,1000,0
2025-08-17,2025-08-17_札幌09R_小樽特別,3倍以上,ワイド,6,15,1500,0
2025-08-17,2025-08-17_札幌09R_小樽特別,3倍以上,馬連,3,3,300,0
2025-08-17,2025-08-17_札幌09R_小樽特別,3倍以上,馬連,4,6,600,0
2025-08-17,2025-08-17_札幌09R_小樽特別,3倍以上,馬連,5,10,1000,0
2025-08-17,2025-08-17_札幌09R_小樽特別,3倍以上,馬連,6,15,1500,0
2025-08-17,2025-08-17_札幌10R_大通公園特別,2倍台,ワイド,3,3,300,0
2025-08-17,2025-08-17_札幌10R_大通公園特別,2倍台,ワイド,4,6,600,0
2025-08-17,2025-08-17_札幌10R_大通公園特別,2倍台,ワイド,5,10,1000,790
2025-08-17,2025-08-17_札幌10R_大通公園特別,2倍台,ワイド,6,15,1500,790
2025-08-17,2025-08-17_札幌10R_大通公園特別,2倍台,馬連,3,3,300,0
2025-08-17,2025-08-17_札幌10R_大通公園特別,2倍台,馬連,4,6,600,0
2025-08-17,2025-08-17_札幌10R_大通公園特別,2倍台,馬連,5,10,1000,0
2025-08-17,2025-08-17_札幌10R_大通公園特別,2倍台,馬連,6,15,1500,0
2025-08-17,2025-08-17_札幌11R_札幌記念,3倍以上,ワイド,3,3,300,0
2025-08-17,2025-08-17_札幌11R_札幌記念,3倍以上,ワイド,4,6,600,0
2025-08-17,2025-08-17_札幌11R_札幌記念,3倍以上,ワイド,5,10,1000,0
2025-08-17,2025-08-17_札幌11R_札幌記念,3倍以上,ワイド,6,15,1500,0
2025-08-17,2025-08-17_札幌11R_札幌記念,3倍以上,馬連,3,3,300,0
2025-08-17,2025-08-17_札幌11R_札幌記念,3倍以上,馬連,4,6,600,0
2025-08-17,2025-08-17_札幌11R_札幌記念,3倍以上,馬連,5,10,1000,0
2025-08-17,2025-08-17_札幌11R_札幌記念,3倍以上,馬連,6,15,1500,0
2025-08-17,2025-08-17_札幌12R_阿寒湖特別,3倍以上,ワイド,3,3,300,1020
2025-08-17,2025-08-17_札幌12R_阿寒湖特別,3倍以上,ワイド,4,6,600,1020
2025-08-17,2025-08-17_札幌12R_阿寒湖特別,3倍以上,ワイド,5,10,1000,1020
2025-08-17,2025-08-17_札幌12R_阿寒湖特別,3倍以上,ワイド,6,15,1500,1020
2025-08-17,2025-08-17_札幌12R_阿寒湖特別,3倍以上,馬連,3,3,300,3310
2025-08-17,2025-08-17_札幌12R_阿寒湖特別,3倍以上,馬連,4,6,600,3310
2025-08-17,2025-08-17_札幌12R_阿寒湖特別,3倍以上,馬連,5,10,1000,3310
2025-08-17,2025-08-17_札幌12R_阿寒湖特別,3倍以上,馬連,6,15,1500,3310
2025-08-23,2025-08-23_中京09R_長良川特別,2倍台,ワイド,3,3,300,310
2025-08-23,2025-08-23_中京09R_長良川特別,2倍台,ワイド,4,6,600,310
2025-08-23,2025-08-23_中京09R_長良川特別,2倍台,ワイド,5,10,1000,2180
2025-08-23,2025-08-23_中京09R_長良川特別,2倍台,ワイド,6,15,1500,2180
2025-08-23,2025-08-23_中京09R_長良川特別,2倍台,馬連,3,3,300,0
2025-08-23,2025-08-23_中京09R_長良川特別,2倍台,馬連,4,6,600,0
2025-08-23,2025-08-23_中京09R_長良川特別,2倍台,馬連,5,10,1000,4730
2025-08-23,2025-08-23_中京09R_長良川特別,2倍台,馬連,6,15,1500,4730
2025-08-23,2025-08-23_中京10R_有松特別,2倍台,ワイド,3,3,300,0
2025-08-23,2025-08-23_中京10R_有松特別,2倍台,ワイド,4,6,600,1740
2025-08-23,2025-08-23_中京10R_有松特別,2倍台,ワイド,5,10,1000,1740
2025-08-23,2025-08-23_中京10R_有松特別,2倍台,ワイド,6,15,1500,1740
2025-08-23,2025-08-23_中京10R_有松特別,2倍台,馬連,3,3,300,0
2025-08-23,2025-08-23_中京10R_有松特別,2倍台,馬連,4,6,600,0
2025-08-23,2025-08-23_中京10R_有松特別,2倍台,馬連,5,10,1000,0
2025-08-23,2025-08-23_中京10R_有松特別,2倍台,馬連,6,15,1500,0
2025-08-23,2025-08-23_中京11R_伊賀S,2倍台,ワイド,3,3,300,0
2025-08-23,2025-08-23_中京11R_伊賀S,2倍台,ワイド,4,6,600,0
2025-08-23,2025-08-23_中京11R_伊賀S,2倍台,ワイド,5,10,1000,2810
2025-08-23,2025-08-23_中京11R_伊賀S,2倍台,ワイド,6,15,1500,7740
2025-08-23,2025-08-23_中京11R_伊賀S,2倍台,馬連,3,3,300,0
2025-08-23,2025-08-23_中京11R_伊賀S,2倍台,馬連,4,6,600,0
2025-08-23,2025-08-23_中京11R_伊賀S,2倍台,馬連,5,10,1000,0
2025-08-23,2025-08-23_中京11R_伊賀S,2倍台,馬連,6,15,1500,9380
2025-08-23,2025-08-23_中京12R_3歳以上1勝クラス,1倍台,ワイド,3,3,300,0
2025-08-23,2025-08-23_中京12R_3歳以上1勝クラス,1倍台,ワイド,4,6,600,0
2025-08-23,2025-08-23_中京12R_3歳以上1勝クラス,1倍台,ワイド,5,10,1000,450
2025-08-23,2025-08-23_中京12R_3歳以上1勝クラス,1倍台,ワイド,6,15,1500,2270
2025-08-23,2025-08-23_中京12R_3歳以上1勝クラス,1倍台,馬連,3,3,300,0
2025-08-23,2025-08-23_中京12R_3歳以上1勝クラス,1倍台,馬連,4,6,600,0
2025-08-23,2025-08-23_中京12R_3歳以上1勝クラス,1倍台,馬連,5,10,1000,1140
2025-08-23,2025-08-23_中京12R_3歳以上1勝クラス,1倍台,馬連,6,15,1500,1140
2025-08-23,2025-08-23_新潟09R_岩室温泉特別,1倍台,ワイド,3,3,300,950
2025-08-23,2025-08-23_新潟09R_岩室温泉特別,1倍台,ワイド,4,6,600,950
2025-08-23,2025-08-23_新潟09R_岩室温泉特別,1倍台,ワイド,5,10,1000,950
2025-08-23,2025-08-23_新潟09R_岩室温泉特別,1倍台,ワイド,6,15,1500,950
2025-08-23,2025-08-23_新潟09R_岩室温泉特別,1倍台,馬連,3,3,300,0
2025-08-23,2025-08-23_新潟09R_岩室温泉特別,1倍台,馬連,4,6,600,0
2025-08-23,2025-08-23_新潟09R_岩室温泉特別,1倍台,馬連,5,10,1000,0
2025-08-23,2025-08-23_新潟09R_岩室温泉特別,1倍台,馬連,6,15,1500,0
2025-08-23,2025-08-23_新潟10R_飯豊特別,3倍以上,ワイド,3,3,300,0
2025-08-23,2025-08-23_新潟10R_飯豊特別,3倍以上,ワイド,4,6,600,0
2025-08-23,2025-08-23_新潟10R_飯豊特別,3倍以上,ワイド,5,10,1000,0
2025-08-23,2025-08-23_新潟10R_飯豊特別,3倍以上,ワイド,6,15,1500,0
2025-08-23,2025-08-23_新潟10R_飯豊特別,3倍以上,馬連,3,3,300,0
2025-08-23,2025-08-23_新潟10R_飯豊特別,3倍以上,馬連,4,6,600,0
2025-08-23,2025-08-23_新潟10R_飯豊特別,3倍以上,馬連,5,10,1000,0
2025-08-23,2025-08-23_新潟10R_飯豊特別,3倍以上,馬連,6,15,1500,0
2025-08-23,2025-08-23_新潟11R_BSN賞,3倍以上,ワイド,3,3,300,290
2025-08-23,2025-08-23_新潟11R_BSN賞,3倍以上,ワイド,4,6,600,290
2025-08-23,2025-08-23_新潟11R_BSN賞,3倍以上,ワイド,5,10,1000,290
2025-08-23,2025-08-23_新潟11R_BSN賞,3倍以上,ワイド,6,15,1500,290
2025-08-23,2025-08-23_新潟11R_BSN賞,3倍以上,馬連,3,3,300,0
2025-08-23,2025-08-23_新潟11R_BSN賞,3倍以上,馬連,4,6,600,0
2025-08-23,2025-08-23_新潟11R_BSN賞,3倍以上,馬連,5,10,1000,0
2025-08-23,2025-08-23_新潟11R_BSN賞,3倍以上,馬連,6,15,1500,0
2025-08-23,2025-08-23_新潟12R_3歳以上1勝クラス,2倍台,ワイド,3,3,300,0
2025-08-23,2025-08-23_新潟12R_3歳以上1勝クラス,2倍台,ワイド,4,6,600,0
2025-08-23,2025-08-23_新潟12R_3歳以上1勝クラス,2倍台,ワイド,5,10,1000,0
2025-08-23,2025-08-23_新潟12R_3歳以上1勝クラス,2倍台,ワイド,6,15,1500,640
2025-08-23,2025-08-23_新潟12R_3歳以上1勝クラス,2倍台,馬連,3,3,300,0
2025-08-23,2025-08-23_新潟12R_3歳以上1勝クラス,2倍台,馬連,4,6,600,0
2025-08-23,2025-08-23_新潟12R_3歳以上1勝クラス,2倍台,馬連,5,10,1000,0
2025-08-23,2025-08-23_新潟12R_3歳以上1勝クラス,2倍台,馬連,6,15,1500,0
2025-08-23,2025-08-23_札幌09R_クローバー賞,2倍台,ワイド,3,3,300,0
2025-08-23,2025-08-23_札幌09R_クローバー賞,2倍台,ワイド,4,6,600,0
2025-08-23,2025-08-23_札幌09R_クローバー賞,2倍台,ワイド,5,10,1000,0
2025-08-23,2025-08-23_札幌09R_クローバー賞,2倍台,ワイド,6,15,1500,2020
2025-08-23,2025-08-23_札幌09R_クローバー賞,2倍台,馬連,3,3,300,0
2025-08-23,2025-08-23_札幌09R_クローバー賞,2倍台,馬連,4,6,600,0
2025-08-23,2025-08-23_札幌09R_クローバー賞,2倍台,馬連,5,10,1000,0
2025-08-23,2025-08-23_札幌09R_クローバー賞,2倍台,馬連,6,15,1500,10100
2025-08-23,2025-08-23_札幌10R_WASJ第1戦,1倍台,ワイド,3,3,300,380
2025-08-23,2025-08-23_札幌10R_WASJ第1戦,1倍台,ワイド,4,6,600,380
2025-08-23,2025-08-23_札幌10R_WASJ第1戦,1倍台,ワイド,5,10,1000,3110
2025-08-23,2025-08-23_札幌10R_WASJ第1戦,1倍台,ワイド,6,15,1500,3110
2025-08-23,2025-08-23_札幌10R_WASJ第1戦,1倍台,馬連,3,3,300,0
2025-08-23,2025-08-23_札幌10R_WASJ第1戦,1倍台,馬連,4,6,600,0
2025-08-23,2025-08-23_札幌10R_WASJ第1戦,1倍台,馬連,5,10,1000,9450
2025-08-23,2025-08-23_札幌10R_WASJ第1戦,1倍台,馬連,6,15,1500,9450
2025-08-23,2025-08-23_札幌11R_WASJ第2戦,3倍以上,ワイド,3,3,300,0
2025-08-23,2025-08-23_札幌11R_WASJ第2戦,3倍以上,ワイド,4,6,600,0
2025-08-23,2025-08-23_札幌11R_WASJ第2戦,3倍以上,ワイド,5,10,1000,0
2025-08-23,2025-08-23_札幌11R_WASJ第2戦,3倍以上,ワイド,6,15,1500,0
2025-08-23,2025-08-23_札幌11R_WASJ第2戦,3倍以上,馬連,3,3,300,0
2025-08-23,2025-08-23_札幌11R_WASJ第2戦,3倍以上,馬連,4,6,600,0
2025-08-23,2025-08-23_札幌11R_WASJ第2戦,3倍以上,馬連,5,10,1000,0
2025-08-23,2025-08-23_札幌11R_WASJ第2戦,3倍以上,馬連,6,15,1500,0
2025-08-23,2025-08-23_札幌12R_ニセコ特別,2倍台,ワイド,3,3,300,550
2025-08-23,2025-08-23_札幌12R_ニセコ特別,2倍台,ワイド,4,6,600,550
2025-08-23,2025-08-23_札幌12R_ニセコ特別,2倍台,ワイド,5,10,1000,550
2025-08-23,2025-08-23_札幌12R_ニセコ特別,2倍台,ワイド,6,15,1500,550
2025-08-23,2025-08-23_札幌12R_ニセコ特別,2倍台,馬連,3,3,300,690
2025-08-23,2025-08-23_札幌12R_ニセコ特別,2倍台,馬連,4,6,600,690
2025-08-23,2025-08-23_札幌12R_ニセコ特別,2倍台,馬連,5,10,1000,690
2025-08-23,2025-08-23_札幌12R_ニセコ特別,2倍台,馬連,6,15,1500,690
2025-08-24,2025-08-24_中京09R_賢島特別,1倍台,ワイド,3,3,300,0
2025-08-24,2025-08-24_中京09R_賢島特別,1倍台,ワイド,4,6,600,290
2025-08-24,2025-08-24_中京09R_賢島特別,1倍台,ワイド,5,10,1000,290
2025-08-24,2025-08-24_中京09R_賢島特別,1倍台,ワイド,6,15,1500,290
2025-08-24,2025-08-24_中京09R_賢島特別,1倍台,馬連,3,3,300,0
2025-08-24,2025-08-24_中京09R_賢島特別,1倍台,馬連,4,6,600,0
2025-08-24,2025-08-24_中京09R_賢島特別,1倍台,馬連,5,10,1000,0
2025-08-24,2025-08-24_中京09R_賢島特別,1倍台,馬連,6,15,1500,0
2025-08-24,2025-08-24_中京10R_大府特別,2倍台,ワイド,3,3,300,570
2025-08-24,2025-08-24_中京10R_大府特別,2倍台,ワイド,4,6,600,570
2025-08-24,2025-08-24_中京10R_大府特別,2倍台,ワイド,5,10,1000,570
2025-08-24,2025-08-24_中京10R_大府特別,2倍台,ワイド,6,15,1500,570
2025-08-24,2025-08-24_中京10R_大府特別,2倍台,馬連,3,3,300,0
2025-08-24,2025-08-24_中京10R_大府特別,2倍台,馬連,4,6,600,0
2025-08-24,2025-08-24_中京10R_大府特別,2倍台,馬連,5,10,1000,0
2025-08-24,2025-08-24_中京10R_大府特別,2倍台,馬連,6,15,1500,0
2025-08-24,2025-08-24_中京11R_長篠S,2倍台,ワイド,3,3,300,0
2025-08-24,2025-08-24_中京11R_長篠S,2倍台,ワイド,4,6,600,350
2025-08-24,2025-08-24_中京11R_長篠S,2倍台,ワイド,5,10,1000,350
2025-08-24,2025-08-24_中京11R_長篠S,2倍台,ワイド,6,15,1500,3160
2025-08-24,2025-08-24_中京11R_長篠S,2倍台,馬連,3,3,300,0
2025-08-24,2025-08-24_中京11R_長篠S,2倍台,馬連,4,6,600,780
2025-08-24,2025-08-24_中京11R_長篠S,2倍台,馬連,5,10,1000,780
2025-08-24,2025-08-24_中京11R_長篠S,2倍台,馬連,6,15,1500,780
2025-08-24,2025-08-24_中京12R_3歳以上1勝クラス,2倍台,ワイド,3,3,300,320
2025-08-24,2025-08-24_中京12R_3歳以上1勝クラス,2倍台,ワイド,4,6,600,320
2025-08-24,2025-08-24_中京12R_3歳以上1勝クラス,2倍台,ワイド,5,10,1000,320
2025-08-24,2025-08-24_中京12R_3歳以上1勝クラス,2倍台,ワイド,6,15,1500,320
2025-08-24,2025-08-24_中京12R_3歳以上1勝クラス,2倍台,馬連,3,3,300,0
2025-08-24,2025-08-24_中京12R_3歳以上1勝クラス,2倍台,馬連,4,6,600,0
2025-08-24,2025-08-24_中京12R_3歳以上1勝クラス,2倍台,馬連,5,10,1000,0
2025-08-24,2025-08-24_中京12R_3歳以上1勝クラス,2倍台,馬連,6,15,1500,0
2025-08-24,2025-08-24_新潟09R_長岡S,3倍以上,ワイド,3,3,300,0
2025-08-24,2025-08-24_新潟09R_長岡S,3倍以上,ワイド,4,6,600,0
2025-08-24,2025-08-24_新潟09R_長岡S,3倍以上,ワイド,5,10,1000,0
2025-08-24,2025-08-24_新潟09R_長岡S,3倍以上,ワイド,6,15,1500,710
2025-08-24,2025-08-24_新潟09R_長岡S,3倍以上,馬連,3,3,300,0
2025-08-24,2025-08-24_新潟09R_長岡S,3倍以上,馬連,4,6,600,0
2025-08-24,2025-08-24_新潟09R_長岡S,3倍以上,馬連,5,10,1000,0
2025-08-24,2025-08-24_新潟09R_長岡S,3倍以上,馬連,6,15,1500,0
2025-08-24,2025-08-24_新潟10R_朱鷺S,3倍以上,ワイド,3,3,300,1430
2025-08-24,2025-08-24_新潟10R_朱鷺S,3倍以上,ワイド,4,6,600,1430
2025-08-24,2025-08-24_新潟10R_朱鷺S,3倍以上,ワイド,5,10,1000,1430
2025-08-24,2025-08-24_新潟10R_朱鷺S,3倍以上,ワイド,6,15,1500,1430
2025-08-24,2025-08-24_新潟10R_朱鷺S,3倍以上,馬連,3,3,300,0
2025-08-24,2025-08-24_新潟10R_朱鷺S,3倍以上,馬連,4,6,600,0
2025-08-24,2025-08-24_新潟10R_朱鷺S,3倍以上,馬連,5,10,1000,0
2025-08-24,2025-08-24_新潟10R_朱鷺S,3倍以上,馬連,6,15,1500,0
2025-08-24,2025-08-24_新潟11R_新潟2歳S,2倍台,ワイド,3,3,300,0
2025-08-24,2025-08-24_新潟11R_新潟2歳S,2倍台,ワイド,4,6,600,700
2025-08-24,2025-08-24_新潟11R_新潟2歳S,2倍台,ワイド,5,10,1000,700
2025-08-24,2025-08-24_新潟11R_新潟2歳S,2倍台,ワイド,6,15,1500,700
2025-08-24,2025-08-24_新潟11R_新潟2歳S,2倍台,馬連,3,3,300,0
2025-08-24,2025-08-24_新潟11R_新潟2歳S,2倍台,馬連,4,6,600,0
2025-08-24,2025-08-24_新潟11R_新潟2歳S,2倍台,馬連,5,10,1000,0
2025-08-24,2025-08-24_新潟11R_新潟2歳S,2倍台,馬連,6,15,1500,0
2025-08-24,2025-08-24_新潟12R_3歳以上1勝クラス,3倍以上,ワイド,3,3,300,580
2025-08-24,2025-08-24_新潟12R_3歳以上1勝クラス,3倍以上,ワイド,4,6,600,580
2025-08-24,2025-08-24_新潟12R_3歳以上1勝クラス,3倍以上,ワイド,5,10,1000,580
2025-08-24,2025-08-24_新潟12R_3歳以上1勝クラス,3倍以上,ワイド,6,15,1500,2400
2025-08-24,2025-08-24_新潟12R_3歳以上1勝クラス,3倍以上,馬連,3,3,300,1510
2025-08-24,2025-08-24_新潟12R_3歳以上1勝クラス,3倍以上,馬連,4,6,600,1510
2025-08-24,2025-08-24_新潟12R_3歳以上1勝クラス,3倍以上,馬連,5,10,1000,1510
2025-08-24,2025-08-24_新潟12R_3歳以上1勝クラス,3倍以上,馬連,6,15,1500,1510
2025-08-24,2025-08-24_札幌09R_ルスツ特別,3倍以上,ワイド,3,3,300,240
2025-08-24,2025-08-24_札幌09R_ルスツ特別,3倍以上,ワイド,4,6,600,240
2025-08-24,2025-08-24_札幌09R_ルスツ特別,3倍以上,ワイド,5,10,1000,240
2025-08-24,2025-08-24_札幌09R_ルスツ特別,3倍以上,ワイド,6,15,1500,240
2025-08-24,2025-08-24_札幌09R_ルスツ特別,3倍以上,馬連,3,3,300,0
2025-08-24,2025-08-24_札幌09R_ルスツ特別,3倍以上,馬連,4,6,600,0
2025-08-24,2025-08-24_札幌09R_ルスツ特別,3倍以上,馬連,5,10,1000,0
2025-08-24,2025-08-24_札幌09R_ルスツ特別,3倍以上,馬連,6,15,1500,0
2025-08-24,2025-08-24_札幌10R_WASJ第3戦,3倍以上,ワイド,3,3,300,0
2025-08-24,2025-08-24_札幌10R_WASJ第3戦,3倍以上,ワイド,4,6,600,660
2025-08-24,2025-08-24_札幌10R_WASJ第3戦,3倍以上,ワイド,5,10,1000,660
2025-08-24,2025-08-24_札幌10R_WASJ第3戦,3倍以上,ワイド,6,15,1500,660
2025-08-24,2025-08-24_札幌10R_WASJ第3戦,3倍以上,馬連,3,3,300,0
2025-08-24,2025-08-24_札幌10R_WASJ第3戦,3倍以上,馬連,4,6,600,1760
2025-08-24,2025-08-24_札幌10R_WASJ第3戦,3倍以上,馬連,5,10,1000,1760
2025-08-24,2025-08-24_札幌10R_WASJ第3戦,3倍以上,馬連,6,15,1500,1760
2025-08-24,2025-08-24_札幌11R_キーンランドC,3倍以上,ワイド,3,3,300,0
2025-08-24,2025-08-24_札幌11R_キーンランドC,3倍以上,ワイド,4,6,600,690
2025-08-24,2025-08-24_札幌11R_キーンランドC,3倍以上,ワイド,5,10,1000,690
2025-08-24,2025-08-24_札幌11R_キーンランドC,3倍以上,ワイド,6,15,1500,690
2025-08-24,2025-08-24_札幌11R_キーンランドC,3倍以上,馬連,3,3,300,0
2025-08-24,2025-08-24_札幌11R_キーンランドC,3倍以上,馬連,4,6,600,0
2025-08-24,2025-08-24_札幌11R_キーンランドC,3倍以上,馬連,5,10,1000,0
2025-08-24,2025-08-24_札幌11R_キーンランドC,3倍以上,馬連,6,15,1500,0
2025-08-24,2025-08-24_札幌12R_WASJ第4戦,3倍以上,ワイド,3,3,300,0
2025-08-24,2025-08-24_札幌12R_WASJ第4戦,3倍以上,ワイド,4,6,600,1650
2025-08-24,2025-08-24_札幌12R_WASJ第4戦,3倍以上,ワイド,5,10,1000,1650
2025-08-24,2025-08-24_札幌12R_WASJ第4戦,3倍以上,ワイド,6,15,1500,1650
2025-08-24,2025-08-24_札幌12R_WASJ第4戦,3倍以上,馬連,3,3,300,0
2025-08-24,2025-08-24_札幌12R_WASJ第4戦,3倍以上,馬連,4,6,600,0
2025-08-24,2025-08-24_札幌12R_WASJ第4戦,3倍以上,馬連,5,10,1000,0
2025-08-24,2025-08-24_札幌12R_WASJ第4戦,3倍以上,馬連,6,15,1500,0
2025-08-30,2025-08-30_中京09R_清洲特別,2倍台,ワイド,3,3,300,0
2025-08-30,2025-08-30_中京09R_清洲特別,2倍台,ワイド,4,6,600,0
2025-08-30,2025-08-30_中京09R_清洲特別,2倍台,ワイド,5,10,1000,0
2025-08-30,2025-08-30_中京09R_清洲特別,2倍台,ワイド,6,15,1500,0
2025-08-30,2025-08-30_中京09R_清洲特別,2倍台,馬連,3,3,300,0
2025-08-30,2025-08-30_中京09R_清洲特別,2倍台,馬連,4,6,600,0
2025-08-30,2025-08-30_中京09R_清洲特別,2倍台,馬連,5,10,1000,0
2025-08-30,2025-08-30_中京09R_清洲特別,2倍台,馬連,6,15,1500,0
2025-08-30,2025-08-30_中京10R_桑名特別,3倍以上,ワイド,3,3,300,0
2025-08-30,2025-08-30_中京10R_桑名特別,3倍以上,ワイド,4,6,600,0
2025-08-30,2025-08-30_中京10R_桑名特別,3倍以上,ワイド,5,10,1000,8030
2025-08-30,2025-08-30_中京10R_桑名特別,3倍以上,ワイド,6,15,1500,8030
2025-08-30,2025-08-30_中京10R_桑名特別,3倍以上,馬連,3,3,300,0
2025-08-30,2025-08-30_中京10R_桑名特別,3倍以上,馬連,4,6,600,0
2025-08-30,2025-08-30_中京10R_桑名特別,3倍以上,馬連,5,10,1000,0
2025-08-30,2025-08-30_中京10R_桑名特別,3倍以上,馬連,6,15,1500,0
2025-08-30,2025-08-30_中京11R_名古屋城S,3倍以上,ワイド,3,3,300,0
2025-08-30,2025-08-30_中京11R_名古屋城S,3倍以上,ワイド,4,6,600,0
2025-08-30,2025-08-30_中京11R_名古屋城S,3倍以上,ワイド,5,10,1000,0
2025-08-30,2025-08-30_中京11R_名古屋城S,3倍以上,ワイド,6,15,1500,950
2025-08-30,2025-08-30_中京11R_名古屋城S,3倍以上,馬連,3,3,300,0
2025-08-30,2025-08-30_中京11R_名古屋城S,3倍以上,馬連,4,6,600,0
2025-08-30,2025-08-30_中京11R_名古屋城S,3倍以上,馬連,5,10,1000,0
2025-08-30,2025-08-30_中京11R_名古屋城S,3倍以上,馬連,6,15,1500,2250
2025-08-30,2025-08-30_中京12R_3歳以上1勝クラス,2倍台,ワイド,3,3,300,240
2025-08-30,2025-08-30_中京12R_3歳以上1勝クラス,2倍台,ワイド,4,6,600,240
2025-08-30,2025-08-30_中京12R_3歳以上1勝クラス,2倍台,ワイド,5,10,1000,240
2025-08-30,2025-08-30_中京12R_3歳以上1勝クラス,2倍台,ワイド,6,15,1500,240
2025-08-30,2025-08-30_中京12R_3歳以上1勝クラス,2倍台,馬連,3,3,300,0
2025-08-30,2025-08-30_中京12R_3歳以上1勝クラス,2倍台,馬連,4,6,600,0
2025-08-30,2025-08-30_中京12R_3歳以上1勝クラス,2倍台,馬連,5,10,1000,0
2025-08-30,2025-08-30_中京12R_3歳以上1勝クラス,2倍台,馬連,6,15,1500,0
2025-08-30,2025-08-30_新潟09R_新発田城特別,2倍台,ワイド,3,3,300,0
2025-08-30,2025-08-30_新潟09R_新発田城特別,2倍台,ワイド,4,6,600,460
2025-08-30,2025-08-30_新潟09R_新発田城特別,2倍台,ワイド,5,10,1000,460
2025-08-30,2025-08-30_新潟09R_新発田城特別,2倍台,ワイド,6,15,1500,460
2025-08-30,2025-08-30_新潟09R_新発田城特別,2倍台,馬連,3,3,300,0
2025-08-30,2025-08-30_新潟09R_新発田城特別,2倍台,馬連,4,6,600,0
2025-08-30,2025-08-30_新潟09R_新発田城特別,2倍台,馬連,5,10,1000,0
2025-08-30,2025-08-30_新潟09R_新発田城特別,2倍台,馬連,6,15,1500,0
2025-08-30,2025-08-30_新潟10R_赤倉特別,2倍台,ワイド,3,3,300,650
2025-08-30,2025-08-30_新潟10R_赤倉特別,2倍台,ワイド,4,6,600,1420
2025-08-30,2025-08-30_新潟10R_赤倉特別,2倍台,ワイド,5,10,1000,1420
2025-08-30,2025-08-30_新潟10R_赤倉特別,2倍台,ワイド,6,15,1500,1420
2025-08-30,2025-08-30_新潟10R_赤倉特別,2倍台,馬連,3,3,300,2110
2025-08-30,2025-08-30_新潟10R_赤倉特別,2倍台,馬連,4,6,600,2110
2025-08-30,2025-08-30_新潟10R_赤倉特別,2倍台,馬連,5,10,1000,2110
2025-08-30,2025-08-30_新潟10R_赤倉特別,2倍台,馬連,6,15,1500,2110
2025-08-30,2025-08-30_新潟11R_日本海S,1倍台,ワイド,3,3,300,0
2025-08-30,2025-08-30_新潟11R_日本海S,1倍台,ワイド,4,6,600,0
2025-08-30,2025-08-30_新潟11R_日本海S,1倍台,ワイド,5,10,1000,500
2025-08-30,2025-08-30_新潟11R_日本海S,1倍台,ワイド,6,15,1500,500
2025-08-30,2025-08-30_新潟11R_日本海S,1倍台,馬連,3,3,300,0
2025-08-30,2025-08-30_新潟11R_日本海S,1倍台,馬連,4,6,600,0
2025-08-30,2025-08-30_新潟11R_日本海S,1倍台,馬連,5,10,1000,1160
2025-08-30,2025-08-30_新潟11R_日本海S,1倍台,馬連,6,15,1500,1160
2025-08-30,2025-08-30_新潟12R_3歳以上1勝クラス,1倍台,ワイド,3,3,300,1350
2025-08-30,2025-08-30_新潟12R_3歳以上1勝クラス,1倍台,ワイド,4,6,600,1350
2025-08-30,2025-08-30_新潟12R_3歳以上1勝クラス,1倍台,ワイド,5,10,1000,1350
2025-08-30,2025-08-30_新潟12R_3歳以上1勝クラス,1倍台,ワイド,6,15,1500,1350
2025-08-30,2025-08-30_新潟12R_3歳以上1勝クラス,1倍台,馬連,3,3,300,870
2025-08-30,2025-08-30_新潟12R_3歳以上1勝クラス,1倍台,馬連,4,6,600,870
2025-08-30,2025-08-30_新潟12R_3歳以上1勝クラス,1倍台,馬連,5,10,1000,870
2025-08-30,2025-08-30_新潟12R_3歳以上1勝クラス,1倍台,馬連,6,15,1500,870
2025-08-30,2025-08-30_札幌09R_すずらん賞,2倍台,ワイド,3,3,300,700
2025-08-30,2025-08-30_札幌09R_すずらん賞,2倍台,ワイド,4,6,600,700
2025-08-30,2025-08-30_札幌09R_すずらん賞,2倍台,ワイド,5,10,1000,700
2025-08-30,2025-08-30_札幌09R_すずらん賞,2倍台,ワイド,6,15,1500,700
2025-08-30,2025-08-30_札幌09R_すずらん賞,2倍台,馬連,3,3,300,1690
2025-08-30,2025-08-30_札幌09R_すずらん賞,2倍台,馬連,4,6,600,1690
2025-08-30,2025-08-30_札幌09R_すずらん賞,2倍台,馬連,5,10,1000,1690
2025-08-30,2025-08-30_札幌09R_すずらん賞,2倍台,馬連,6,15,1500,1690
2025-08-30,2025-08-30_札幌10R_千歳特別,2倍台,ワイド,3,3,300,0
2025-08-30,2025-08-30_札幌10R_千歳特別,2倍台,ワイド,4,6,600,350
2025-08-30,2025-08-30_札幌10R_千歳特別,2倍台,ワイド,5,10,1000,980
2025-08-30,2025-08-30_札幌10R_千歳特別,2倍台,ワイド,6,15,1500,980
2025-08-30,2025-08-30_札幌10R_千歳特別,2倍台,馬連,3,3,300,0
2025-08-30,2025-08-30_札幌10R_千歳特別,2倍台,馬連,4,6,600,0
2025-08-30,2025-08-30_札幌10R_千歳特別,2倍台,馬連,5,10,1000,500
2025-08-30,2025-08-30_札幌10R_千歳特別,2倍台,馬連,6,15,1500,500
2025-08-30,2025-08-30_札幌11R_札幌日刊スポーツ杯,2倍台,ワイド,3,3,300,0
2025-08-30,2025-08-30_札幌11R_札幌日刊スポーツ杯,2倍台,ワイド,4,6,600,230
2025-08-30,2025-08-30_札幌11R_札幌日刊スポーツ杯,2倍台,ワイド,5,10,1000,230
2025-08-30,2025-08-30_札幌11R_札幌日刊スポーツ杯,2倍台,ワイド,6,15,1500,230
2025-08-30,2025-08-30_札幌11R_札幌日刊スポーツ杯,2倍台,馬連,3,3,300,0
2025-08-30,2025-08-30_札幌11R_札幌日刊スポーツ杯,2倍台,馬連,4,6,600,500
2025-08-30,2025-08-30_札幌11R_札幌日刊スポーツ杯,2倍台,馬連,5,10,1000,500
2025-08-30,2025-08-30_札幌11R_札幌日刊スポーツ杯,2倍台,馬連,6,15,1500,500
2025-08-30,2025-08-30_札幌12R_3歳以上1勝クラス,3倍以上,ワイド,3,3,300,0
2025-08-30,2025-08-30_札幌12R_3歳以上1勝クラス,3倍以上,ワイド,4,6,600,0
2025-08-30,2025-08-30_札幌12R_3歳以上1勝クラス,3倍以上,ワイド,5,10,1000,1170
2025-08-30,2025-08-30_札幌12R_3歳以上1勝クラス,3倍以上,ワイド,6,15,1500,1170
2025-08-30,2025-08-30_札幌12R_3歳以上1勝クラス,3倍以上,馬連,3,3,300,0
2025-08-30,2025-08-30_札幌12R_3歳以上1勝クラス,3倍以上,馬連,4,6,600,0
2025-08-30,2025-08-30_札幌12R_3歳以上1勝クラス,3倍以上,馬連,5,10,1000,0
2025-08-30,2025-08-30_札幌12R_3歳以上1勝クラス,3倍以上,馬連,6,15,1500,0
2025-08-31,2025-08-31_中京09R_美濃特別,2倍台,ワイド,3,3,300,140
2025-08-31,2025-08-31_中京09R_美濃特別,2倍台,ワイド,4,6,600,520
2025-08-31,2025-08-31_中京09R_美濃特別,2倍台,ワイド,5,10,1000,520
2025-08-31,2025-08-31_中京09R_美濃特別,2倍台,ワイド,6,15,1500,520
2025-08-31,2025-08-31_中京09R_美濃特別,2倍台,馬連,3,3,300,0
2025-08-31,2025-08-31_中京09R_美濃特別,2倍台,馬連,4,6,600,490
2025-08-31,2025-08-31_中京09R_美濃特別,2倍台,馬連,5,10,1000,490
2025-08-31,2025-08-31_中京09R_美濃特別,2倍台,馬連,6,15,1500,490
2025-08-31,2025-08-31_中京10R_白川郷S,2倍台,ワイド,3,3,300,0
2025-08-31,2025-08-31_中京10R_白川郷S,2倍台,ワイド,4,6,600,0
2025-08-31,2025-08-31_中京10R_白川郷S,2倍台,ワイド,5,10,1000,0
2025-08-31,2025-08-31_中京10R_白川郷S,2倍台,ワイド,6,15,1500,350
2025-08-31,2025-08-31_中京10R_白川郷S,2倍台,馬連,3,3,300,0
2025-08-31,2025-08-31_中京10R_白川郷S,2倍台,馬連,4,6,600,0
2025-08-31,2025-08-31_中京10R_白川郷S,2倍台,馬連,5,10,1000,0
2025-08-31,2025-08-31_中京10R_白川郷S,2倍台,馬連,6,15,1500,650
2025-08-31,2025-08-31_中京11R_中京2歳S,1倍台,ワイド,3,3,300,0
2025-08-31,2025-08-31_中京11R_中京2歳S,1倍台,ワイド,4,6,600,0
2025-08-31,2025-08-31_中京11R_中京2歳S,1倍台,ワイド,5,10,1000,0
2025-08-31,2025-08-31_中京11R_中京2歳S,1倍台,ワイド,6,15,1500,1430
2025-08-31,2025-08-31_中京11R_中京2歳S,1倍台,馬連,3,3,300,0
2025-08-31,2025-08-31_中京11R_中京2歳S,1倍台,馬連,4,6,600,0
2025-08-31,2025-08-31_中京11R_中京2歳S,1倍台,馬連,5,10,1000,0
2025-08-31,2025-08-31_中京11R_中京2歳S,1倍台,馬連,6,15,1500,0
2025-08-31,2025-08-31_中京12R_3歳以上1勝クラス,2倍台,ワイド,3,3,300,0
2025-08-31,2025-08-31_中京12R_3歳以上1勝クラス,2倍台,ワイド,4,6,600,0
2025-08-31,2025-08-31_中京12R_3歳以上1勝クラス,2倍台,ワイド,5,10,1000,270
2025-08-31,2025-08-31_中京12R_3歳以上1勝クラス,2倍台,ワイド,6,15,1500,270
2025-08-31,2025-08-31_中京12R_3歳以上1勝クラス,2倍台,馬連,3,3,300,0
2025-08-31,2025-08-31_中京12R_3歳以上1勝クラス,2倍台,馬連,4,6,600,0
2025-08-31,2025-08-31_中京12R_3歳以上1勝クラス,2倍台,馬連,5,10,1000,0
2025-08-31,2025-08-31_中京12R_3歳以上1勝クラス,2倍台,馬連,6,15,1500,0
2025-08-31,2025-08-31_新潟09R_瓢湖特別,1倍台,ワイド,3,3,300,0
2025-08-31,2025-08-31_新潟09R_瓢湖特別,1倍台,ワイド,4,6,600,0
2025-08-31,2025-08-31_新潟09R_瓢湖特別,1倍台,ワイド,5,10,1000,400
2025-08-31,2025-08-31_新潟09R_瓢湖特別,1倍台,ワイド,6,15,1500,1050
2025-08-31,2025-08-31_新潟09R_瓢湖特別,1倍台,馬連,3,3,300,0
2025-08-31,2025-08-31_新潟09R_瓢湖特別,1倍台,馬連,4,6,600,0
2025-08-31,2025-08-31_新潟09R_瓢湖特別,1倍台,馬連,5,10,1000,0
2025-08-31,2025-08-31_新潟09R_瓢湖特別,1倍台,馬連,6,15,1500,310
2025-08-31,2025-08-31_新潟10R_両津湾特別,1倍台,ワイド,3,3,300,0
2025-08-31,2025-08-31_新潟10R_両津湾特別,1倍台,ワイド,4,6,600,0
2025-08-31,2025-08-31_新潟10R_両津湾特別,1倍台,ワイド,5,10,1000,0
2025-08-31,2025-08-31_新潟10R_両津湾特別,1倍台,ワイド,6,15,1500,210
2025-08-31,2025-08-31_新潟10R_両津湾特別,1倍台,馬連,3,3,300,0
2025-08-31,2025-08-31_新潟10R_両津湾特別,1倍台,馬連,4,6,600,0
2025-08-31,2025-08-31_新潟10R_両津湾特別,1倍台,馬連,5,10,1000,0
2025-08-31,2025-08-31_新潟10R_両津湾特別,1倍台,馬連,6,15,1500,520
2025-08-31,2025-08-31_新潟11R_新潟記念,3倍以上,ワイド,3,3,300,700
2025-08-31,2025-08-31_新潟11R_新潟記念,3倍以上,ワイド,4,6,600,2290
2025-08-31,2025-08-31_新潟11R_新潟記念,3倍以上,ワイド,5,10,1000,2290
2025-08-31,2025-08-31_新潟11R_新潟記念,3倍以上,ワイド,6,15,1500,2290
2025-08-31,2025-08-31_新潟11R_新潟記念,3倍以上,馬連,3,3,300,0
2025-08-31,2025-08-31_新潟11R_新潟記念,3倍以上,馬連,4,6,600,580
2025-08-31,2025-08-31_新潟11R_新潟記念,3倍以上,馬連,5,10,1000,580
2025-08-31,2025-08-31_新潟11R_新潟記念,3倍以上,馬連,6,15,1500,580
2025-08-31,2025-08-31_新潟12R_雷光特別,3倍以上,ワイド,3,3,300,0
2025-08-31,2025-08-31_新潟12R_雷光特別,3倍以上,ワイド,4,6,600,0
2025-08-31,2025-08-31_新潟12R_雷光特別,3倍以上,ワイド,5,10,1000,1370
2025-08-31,2025-08-31_新潟12R_雷光特別,3倍以上,ワイド,6,15,1500,1370
2025-08-31,2025-08-31_新潟12R_雷光特別,3倍以上,馬連,3,3,300,0
2025-08-31,2025-08-31_新潟12R_雷光特別,3倍以上,馬連,4,6,600,0
2025-08-31,2025-08-31_新潟12R_雷光特別,3倍以上,馬連,5,10,1000,0
2025-08-31,2025-08-31_新潟12R_雷光特別,3倍以上,馬連,6,15,1500,0
2025-08-31,2025-08-31_札幌09R_北辰特別,3倍以上,ワイド,3,3,300,810
2025-08-31,2025-08-31_札幌09R_北辰特別,3倍以上,ワイド,4,6,600,810
2025-08-31,2025-08-31_札幌09R_北辰特別,3倍以上,ワイド,5,10,1000,810
2025-08-31,2025-08-31_札幌09R_北辰特別,3倍以上,ワイド,6,15,1500,810
2025-08-31,2025-08-31_札幌09R_北辰特別,3倍以上,馬連,3,3,300,0
2025-08-31,2025-08-31_札幌09R_北辰特別,3倍以上,馬連,4,6,600,0
2025-08-31,2025-08-31_札幌09R_北辰特別,3倍以上,馬連,5,10,1000,0
2025-08-31,2025-08-31_札幌09R_北辰特別,3倍以上,馬連,6,15,1500,0
2025-08-31,2025-08-31_札幌10R_HBC賞,3倍以上,ワイド,3,3,300,0
2025-08-31,2025-08-31_札幌10R_HBC賞,3倍以上,ワイド,4,6,600,0
2025-08-31,2025-08-31_札幌10R_HBC賞,3倍以上,ワイド,5,10,1000,770
2025-08-31,2025-08-31_札幌10R_HBC賞,3倍以上,ワイド,6,15,1500,770
2025-08-31,2025-08-31_札幌10R_HBC賞,3倍以上,馬連,3,3,300,0
2025-08-31,2025-08-31_札幌10R_HBC賞,3倍以上,馬連,4,6,600,0
2025-08-31,2025-08-31_札幌10R_HBC賞,3倍以上,馬連,5,10,1000,1940
2025-08-31,2025-08-31_札幌10R_HBC賞,3倍以上,馬連,6,15,1500,1940
2025-08-31,2025-08-31_札幌11R_日高S,2倍台,ワイド,3,3,300,0
2025-08-31,2025-08-31_札幌11R_日高S,2倍台,ワイド,4,6,600,0
2025-08-31,2025-08-31_札幌11R_日高S,2倍台,ワイド,5,10,1000,0
2025-08-31,2025-08-31_札幌11R_日高S,2倍台,ワイド,6,15,1500,0
2025-08-31,2025-08-31_札幌11R_日高S,2倍台,馬連,3,3,300,0
2025-08-31,2025-08-31_札幌11R_日高S,2倍台,馬連,4,6,600,0
2025-08-31,2025-08-31_札幌11R_日高S,2倍台,馬連,5,10,1000,0
2025-08-31,2025-08-31_札幌11R_日高S,2倍台,馬連,6,15,1500,0
2025-08-31,2025-08-31_札幌12R_3歳以上1勝クラス,3倍以上,ワイド,3,3,300,300
2025-08-31,2025-08-31_札幌12R_3歳以上1勝クラス,3倍以上,ワイド,4,6,600,300
2025-08-31,2025-08-31_札幌12R_3歳以上1勝クラス,3倍以上,ワイド,5,10,1000,1010
2025-08-31,2025-08-31_札幌12R_3歳以上1勝クラス,3倍以上,ワイド,6,15,1500,1010
2025-08-31,2025-08-31_札幌12R_3歳以上1勝クラス,3倍以上,馬連,3,3,300,0
2025-08-31,2025-08-31_札幌12R_3歳以上1勝クラス,3倍以上,馬連,4,6,600,0
2025-08-31,2025-08-31_札幌12R_3歳以上1勝クラス,3倍以上,馬連,5,10,1000,1030
2025-08-31,2025-08-31_札幌12R_3歳以上1勝クラス,3倍以上,馬連,6,15,1500,1030
2025-09-06,2025-09-06_中山09R_古作特別,1倍台,ワイド,3,3,300,0
2025-09-06,2025-09-06_中山09R_古作特別,1倍台,ワイド,4,6,600,0
2025-09-06,2025-09-06_中山09R_古作特別,1倍台,ワイド,5,10,1000,180
2025-09-06,2025-09-06_中山09R_古作特別,1倍台,ワイド,6,15,1500,180
2025-09-06,2025-09-06_中山09R_古作特別,1倍台,馬連,3,3,300,0
2025-09-06,2025-09-06_中山09R_古作特別,1倍台,馬連,4,6,600,0
2025-09-06,2025-09-06_中山09R_古作特別,1倍台,馬連,5,10,1000,360
2025-09-06,2025-09-06_中山09R_古作特別,1倍台,馬連,6,15,1500,360
2025-09-06,2025-09-06_中山10R_白井特別,1倍台,ワイド,3,3,300,650
2025-09-06,2025-09-06_中山10R_白井特別,1倍台,ワイド,4,6,600,650
2025-09-06,2025-09-06_中山10R_白井特別,1倍台,ワイド,5,10,1000,650
2025-09-06,2025-09-06_中山10R_白井特別,1倍台,ワイド,6,15,1500,650
2025-09-06,2025-09-06_中山10R_白井特別,1倍台,馬連,3,3,300,200
2025-09-06,2025-09-06_中山10R_白井特別,1倍台,馬連,4,6,600,200
2025-09-06,2025-09-06_中山10R_白井特別,1倍台,馬連,5,10,1000,200
2025-09-06,2025-09-06_中山10R_白井特別,1倍台,馬連,6,15,1500,200
2025-09-06,2025-09-06_中山11R_京成杯AH,2倍台,ワイド,3,3,300,0
2025-09-06,2025-09-06_中山11R_京成杯AH,2倍台,ワイド,4,6,600,0
2025-09-06,2025-09-06_中山11R_京成杯AH,2倍台,ワイド,5,10,1000,0
2025-09-06,2025-09-06_中山11R_京成杯AH,2倍台,ワイド,6,15,1500,2170
2025-09-06,2025-09-06_中山11R_京成杯AH,2倍台,馬連,3,3,300,0
2025-09-06,2025-09-06_中山11R_京成杯AH,2倍台,馬連,4,6,600,0
2025-09-06,2025-09-06_中山11R_京成杯AH,2倍台,馬連,5,10,1000,0
2025-09-06,2025-09-06_中山11R_京成杯AH,2倍台,馬連,6,15,1500,0
2025-09-06,2025-09-06_中山12R_3歳以上1勝クラス,3倍以上,ワイド,3,3,300,0
2025-09-06,2025-09-06_中山12R_3歳以上1勝クラス,3倍以上,ワイド,4,6,600,0
2025-09-06,2025-09-06_中山12R_3歳以上1勝クラス,3倍以上,ワイド,5,10,1000,0
2025-09-06,2025-09-06_中山12R_3歳以上1勝クラス,3倍以上,ワイド,6,15,1500,0
2025-09-06,2025-09-06_中山12R_3歳以上1勝クラス,3倍以上,馬連,3,3,300,0
2025-09-06,2025-09-06_中山12R_3歳以上1勝クラス,3倍以上,馬連,4,6,600,0
2025-09-06,2025-09-06_中山12R_3歳以上1勝クラス,3倍以上,馬連,5,10,1000,0
2025-09-06,2025-09-06_中山12R_3歳以上1勝クラス,3倍以上,馬連,6,15,1500,0
2025-09-06,2025-09-06_札幌09R_富良野特別,2倍台,ワイド,3,3,300,0
2025-09-06,2025-09-06_札幌09R_富良野特別,2倍台,ワイド,4,6,600,0
2025-09-06,2025-09-06_札幌09R_富良野特別,2倍台,ワイド,5,10,1000,0
2025-09-06,2025-09-06_札幌09R_富良野特別,2倍台,ワイド,6,15,1500,0
2025-09-06,2025-09-06_札幌09R_富良野特別,2倍台,馬連,3,3,300,0
2025-09-06,2025-09-06_札幌09R_富良野特別,2倍台,馬連,4,6,600,0
2025-09-06,2025-09-06_札幌09R_富良野特別,2倍台,馬連,5,10,1000,0
2025-09-06,2025-09-06_札幌09R_富良野特別,2倍台,馬連,6,15,1500,0
2025-09-06,2025-09-06_札幌10R_札幌スポニチ賞,3倍以上,ワイド,3,3,300,0
2025-09-06,2025-09-06_札幌10R_札幌スポニチ賞,3倍以上,ワイド,4,6,600,0
2025-09-06,2025-09-06_札幌10R_札幌スポニチ賞,3倍以上,ワイド,5,10,1000,0
2025-09-06,2025-09-06_札幌10R_札幌スポニチ賞,3倍以上,ワイド,6,15,1500,870
2025-09-06,2025-09-06_札幌10R_札幌スポニチ賞,3倍以上,馬連,3,3,300,0
2025-09-06,2025-09-06_札幌10R_札幌スポニチ賞,3倍以上,馬連,4,6,600,0
2025-09-06,2025-09-06_札幌10R_札幌スポニチ賞,3倍以上,馬連,5,10,1000,0
2025-09-06,2025-09-06_札幌10R_札幌スポニチ賞,3倍以上,馬連,6,15,1500,2050
2025-09-06,2025-09-06_札幌11R_札幌2歳S,3倍以上,ワイド,3,3,300,0
2025-09-06,2025-09-06_札幌11R_札幌2歳S,3倍以上,ワイド,4,6,600,0
2025-09-06,2025-09-06_札幌11R_札幌2歳S,3倍以上,ワイド,5,10,1000,0
2025-09-06,2025-09-06_札幌11R_札幌2歳S,3倍以上,ワイド,6,15,1500,1580
2025-09-06,2025-09-06_札幌11R_札幌2歳S,3倍以上,馬連,3,3,300,0
2025-09-06,2025-09-06_札幌11R_札幌2歳S,3倍以上,馬連,4,6,600,0
2025-09-06,2025-09-06_札幌11R_札幌2歳S,3倍以上,馬連,5,10,1000,0
2025-09-06,2025-09-06_札幌11R_札幌2歳S,3倍以上,馬連,6,15,1500,0
2025-09-06,2025-09-06_札幌12R_3歳以上1勝クラス,3倍以上,ワイド,3,3,300,0
2025-09-06,2025-09-06_札幌12R_3歳以上1勝クラス,3倍以上,ワイド,4,6,600,0
2025-09-06,2025-09-06_札幌12R_3歳以上1勝クラス,3倍以上,ワイド,5,10,1000,330
2025-09-06,2025-09-06_札幌12R_3歳以上1勝クラス,3倍以上,ワイド,6,15,1500,330
2025-09-06,2025-09-06_札幌12R_3歳以上1勝クラス,3倍以上,馬連,3,3,300,0
2025-09-06,2025-09-06_札幌12R_3歳以上1勝クラス,3倍以上,馬連,4,6,600,0
2025-09-06,2025-09-06_札幌12R_3歳以上1勝クラス,3倍以上,馬連,5,10,1000,0
2025-09-06,2025-09-06_札幌12R_3歳以上1勝クラス,3倍以上,馬連,6,15,1500,0
2025-09-06,2025-09-06_阪神09R_出石特別,1倍台,ワイド,3,3,300,860
2025-09-06,2025-09-06_阪神09R_出石特別,1倍台,ワイド,4,6,600,860
2025-09-06,2025-09-06_阪神09R_出石特別,1倍台,ワイド,5,10,1000,1430
2025-09-06,2025-09-06_阪神09R_出石特別,1倍台,ワイド,6,15,1500,1430
2025-09-06,2025-09-06_阪神09R_出石特別,1倍台,馬連,3,3,300,0
2025-09-06,2025-09-06_阪神09R_出石特別,1倍台,馬連,4,6,600,0
2025-09-06,2025-09-06_阪神09R_出石特別,1倍台,馬連,5,10,1000,610
2025-09-06,2025-09-06_阪神09R_出石特別,1倍台,馬連,6,15,1500,610
2025-09-06,2025-09-06_阪神10R_西宮S,3倍以上,ワイド,3,3,300,0
2025-09-06,2025-09-06_阪神10R_西宮S,3倍以上,ワイド,4,6,600,0
2025-09-06,2025-09-06_阪神10R_西宮S,3倍以上,ワイド,5,10,1000,740
2025-09-06,2025-09-06_阪神10R_西宮S,3倍以上,ワイド,6,15,1500,740
2025-09-06,2025-09-06_阪神10R_西宮S,3倍以上,馬連,3,3,300,0
2025-09-06,2025-09-06_阪神10R_西宮S,3倍以上,馬連,4,6,600,0
2025-09-06,2025-09-06_阪神10R_西宮S,3倍以上,馬連,5,10,1000,0
2025-09-06,2025-09-06_阪神10R_西宮S,3倍以上,馬連,6,15,1500,0
2025-09-06,2025-09-06_阪神11R_エニフS,1倍台,ワイド,3,3,300,240
2025-09-06,2025-09-06_阪神11R_エニフS,1倍台,ワイド,4,6,600,240
2025-09-06,2025-09-06_阪神11R_エニフS,1倍台,ワイド,5,10,1000,240
2025-09-06,2025-09-06_阪神11R_エニフS,1倍台,ワイド,6,15,1500,240
2025-09-06,2025-09-06_阪神11R_エニフS,1倍台,馬連,3,3,300,0
2025-09-06,2025-09-06_阪神11R_エニフS,1倍台,馬連,4,6,600,0
2025-09-06,2025-09-06_阪神11R_エニフS,1倍台,馬連,5,10,1000,0
2025-09-06,2025-09-06_阪神11R_エニフS,1倍台,馬連,6,15,1500,0
2025-09-06,2025-09-06_阪神12R_3歳以上1勝クラス,1倍台,ワイド,3,3,300,0
2025-09-06,2025-09-06_阪神12R_3歳以上1勝クラス,1倍台,ワイド,4,6,600,0
2025-09-06,2025-09-06_阪神12R_3歳以上1勝クラス,1倍台,ワイド,5,10,1000,0
2025-09-06,2025-09-06_阪神12R_3歳以上1勝クラス,1倍台,ワイド,6,15,1500,0
2025-09-06,2025-09-06_阪神12R_3歳以上1勝クラス,1倍台,馬連,3,3,300,0
2025-09-06,2025-09-06_阪神12R_3歳以上1勝クラス,1倍台,馬連,4,6,600,0
2025-09-06,2025-09-06_阪神12R_3歳以上1勝クラス,1倍台,馬連,5,10,1000,0
2025-09-06,2025-09-06_阪神12R_3歳以上1勝クラス,1倍台,馬連,6,15,1500,0
2025-09-07,2025-09-07_中山09R_浦安特別,3倍以上,ワイド,3,3,300,280
2025-09-07,2025-09-07_中山09R_浦安特別,3倍以上,ワイド,4,6,600,280
2025-09-07,2025-09-07_中山09R_浦安特別,3倍以上,ワイド,5,10,1000,280
2025-09-07,2025-09-07_中山09R_浦安特別,3倍以上,ワイド,6,15,1500,280
2025-09-07,2025-09-07_中山09R_浦安特別,3倍以上,馬連,3,3,300,710
2025-09-07,2025-09-07_中山09R_浦安特別,3倍以上,馬連,4,6,600,710
2025-09-07,2025-09-07_中山09R_浦安特別,3倍以上,馬連,5,10,1000,710
2025-09-07,2025-09-07_中山09R_浦安特別,3倍以上,馬連,6,15,1500,710
2025-09-07,2025-09-07_中山10R_セプテンバーS,1倍台,ワイド,3,3,300,0
2025-09-07,2025-09-07_中山10R_セプテンバーS,1倍台,ワイド,4,6,600,200
2025-09-07,2025-09-07_中山10R_セプテンバーS,1倍台,ワイド,5,10,1000,200
2025-09-07,2025-09-07_中山10R_セプテンバーS,1倍台,ワイド,6,15,1500,200
2025-09-07,2025-09-07_中山10R_セプテンバーS,1倍台,馬連,3,3,300,0
2025-09-07,2025-09-07_中山10R_セプテンバーS,1倍台,馬連,4,6,600,420
2025-09-07,2025-09-07_中山10R_セプテンバーS,1倍台,馬連,5,10,1000,420
2025-09-07,2025-09-07_中山10R_セプテンバーS,1倍台,馬連,6,15,1500,420
2025-09-07,2025-09-07_中山11R_紫苑S,2倍台,ワイド,3,3,300,0
2025-09-07,2025-09-07_中山11R_紫苑S,2倍台,ワイド,4,6,600,0
2025-09-07,2025-09-07_中山11R_紫苑S,2倍台,ワイド,5,10,1000,0
2025-09-07,2025-09-07_中山11R_紫苑S,2倍台,ワイド,6,15,1500,0
2025-09-07,2025-09-07_中山11R_紫苑S,2倍台,馬連,3,3,300,0
2025-09-07,2025-09-07_中山11R_紫苑S,2倍台,馬連,4,6,600,0
2025-09-07,2025-09-07_中山11R_紫苑S,2倍台,馬連,5,10,1000,0
2025-09-07,2025-09-07_中山11R_紫苑S,2倍台,馬連,6,15,1500,0
2025-09-07,2025-09-07_中山12R_3歳以上1勝クラス,2倍台,ワイド,3,3,300,0
2025-09-07,2025-09-07_中山12R_3歳以上1勝クラス,2倍台,ワイド,4,6,600,0
2025-09-07,2025-09-07_中山12R_3歳以上1勝クラス,2倍台,ワイド,5,10,1000,5490
2025-09-07,2025-09-07_中山12R_3歳以上1勝クラス,2倍台,ワイド,6,15,1500,5490
2025-09-07,2025-09-07_中山12R_3歳以上1勝クラス,2倍台,馬連,3,3,300,0
2025-09-07,2025-09-07_中山12R_3歳以上1勝クラス,2倍台,馬連,4,6,600,0
2025-09-07,2025-09-07_中山12R_3歳以上1勝クラス,2倍台,馬連,5,10,1000,22070
2025-09-07,2025-09-07_中山12R_3歳以上1勝クラス,2倍台,馬連,6,15,1500,22070
2025-09-07,2025-09-07_札幌09R_旭川特別,3倍以上,ワイド,3,3,300,660
2025-09-07,2025-09-07_札幌09R_旭川特別,3倍以上,ワイド,4,6,600,660
2025-09-07,2025-09-07_札幌09R_旭川特別,3倍以上,ワイド,5,10,1000,660
2025-09-07,2025-09-07_札幌09R_旭川特別,3倍以上,ワイド,6,15,1500,660
2025-09-07,2025-09-07_札幌09R_旭川特別,3倍以上,馬連,3,3,300,1670
2025-09-07,2025-09-07_札幌09R_旭川特別,3倍以上,馬連,4,6,600,1670
2025-09-07,2025-09-07_札幌09R_旭川特別,3倍以上,馬連,5,10,1000,1670
2025-09-07,2025-09-07_札幌09R_旭川特別,3倍以上,馬連,6,15,1500,1670
2025-09-07,2025-09-07_札幌10R_HTB賞,2倍台,ワイド,3,3,300,0
2025-09-07,2025-09-07_札幌10R_HTB賞,2倍台,ワイド,4,6,600,0
2025-09-07,2025-09-07_札幌10R_HTB賞,2倍台,ワイド,5,10,1000,0
2025-09-07,2025-09-07_札幌10R_HTB賞,2倍台,ワイド,6,15,1500,1570
2025-09-07,2025-09-07_札幌10R_HTB賞,2倍台,馬連,3,3,300,0
2025-09-07,2025-09-07_札幌10R_HTB賞,2倍台,馬連,4,6,600,0
2025-09-07,2025-09-07_札幌10R_HTB賞,2倍台,馬連,5,10,1000,0
2025-09-07,2025-09-07_札幌10R_HTB賞,2倍台,馬連,6,15,1500,0
2025-09-07,2025-09-07_札幌11R_丹頂S,3倍以上,ワイド,3,3,300,0
2025-09-07,2025-09-07_札幌11R_丹頂S,3倍以上,ワイド,4,6,600,0
2025-09-07,2025-09-07_札幌11R_丹頂S,3倍以上,ワイド,5,10,1000,2570
2025-09-07,2025-09-07_札幌11R_丹頂S,3倍以上,ワイド,6,15,1500,2570
2025-09-07,2025-09-07_札幌11R_丹頂S,3倍以上,馬連,3,3,300,0
2025-09-07,2025-09-07_札幌11R_丹頂S,3倍以上,馬連,4,6,600,0
2025-09-07,2025-09-07_札幌11R_丹頂S,3倍以上,馬連,5,10,1000,0
2025-09-07,2025-09-07_札幌11R_丹頂S,3倍以上,馬連,6,15,1500,0
2025-09-07,2025-09-07_札幌12R_3歳以上1勝クラス,2倍台,ワイド,3,3,300,0
2025-09-07,2025-09-07_札幌12R_3歳以上1勝クラス,2倍台,ワイド,4,6,600,0
2025-09-07,2025-09-07_札幌12R_3歳以上1勝クラス,2倍台,ワイド,5,10,1000,0
2025-09-07,2025-09-07_札幌12R_3歳以上1勝クラス,2倍台,ワイド,6,15,1500,0
2025-09-07,2025-09-07_札幌12R_3歳以上1勝クラス,2倍台,馬連,3,3,300,0
2025-09-07,2025-09-07_札幌12R_3歳以上1勝クラス,2倍台,馬連,4,6,600,0
2025-09-07,2025-09-07_札幌12R_3歳以上1勝クラス,2倍台,馬連,5,10,1000,0
2025-09-07,2025-09-07_札幌12R_3歳以上1勝クラス,2倍台,馬連,6,15,1500,0
2025-09-07,2025-09-07_阪神09R_3歳以上1勝クラス,2倍台,ワイド,3,3,300,0
2025-09-07,2025-09-07_阪神09R_3歳以上1勝クラス,2倍台,ワイド,4,6,600,0
2025-09-07,2025-09-07_阪神09R_3歳以上1勝クラス,2倍台,ワイド,5,10,1000,300
2025-09-07,2025-09-07_阪神09R_3歳以上1勝クラス,2倍台,ワイド,6,15,1500,300
2025-09-07,2025-09-07_阪神09R_3歳以上1勝クラス,2倍台,馬連,3,3,300,0
2025-09-07,2025-09-07_阪神09R_3歳以上1勝クラス,2倍台,馬連,4,6,600,0
2025-09-07,2025-09-07_阪神09R_3歳以上1勝クラス,2倍台,馬連,5,10,1000,0
2025-09-07,2025-09-07_阪神09R_3歳以上1勝クラス,2倍台,馬連,6,15,1500,0
2025-09-07,2025-09-07_阪神10R_オークランドTRT,1倍台,ワイド,3,3,300,830
2025-09-07,2025-09-07_阪神10R_オークランドTRT,1倍台,ワイド,4,6,600,830
2025-09-07,2025-09-07_阪神10R_オークランドTRT,1倍台,ワイド,5,10,1000,830
2025-09-07,2025-09-07_阪神10R_オークランドTRT,1倍台,ワイド,6,15,1500,830
2025-09-07,2025-09-07_阪神10R_オークランドTRT,1倍台,馬連,3,3,300,340
2025-09-07,2025-09-07_阪神10R_オークランドTRT,1倍台,馬連,4,6,600,340
2025-09-07,2025-09-07_阪神10R_オークランドTRT,1倍台,馬連,5,10,1000,340
2025-09-07,2025-09-07_阪神10R_オークランドTRT,1倍台,馬連,6,15,1500,340
2025-09-07,2025-09-07_阪神11R_セントウルS,2倍台,ワイド,3,3,300,0
2025-09-07,2025-09-07_阪神11R_セントウルS,2倍台,ワイド,4,6,600,0
2025-09-07,2025-09-07_阪神11R_セントウルS,2倍台,ワイド,5,10,1000,200
2025-09-07,2025-09-07_阪神11R_セントウルS,2倍台,ワイド,6,15,1500,200
2025-09-07,2025-09-07_阪神11R_セントウルS,2倍台,馬連,3,3,300,0
2025-09-07,2025-09-07_阪神11R_セントウルS,2倍台,馬連,4,6,600,0
2025-09-07,2025-09-07_阪神11R_セントウルS,2倍台,馬連,5,10,1000,0
2025-09-07,2025-09-07_阪神11R_セントウルS,2倍台,馬連,6,15,1500,0
2025-09-07,2025-09-07_阪神12R_3歳以上2勝クラス,2倍台,ワイド,3,3,300,0
2025-09-07,2025-09-07_阪神12R_3歳以上2勝クラス,2倍台,ワイド,4,6,600,0
2025-09-07,2025-09-07_阪神12R_3歳以上2勝クラス,2倍台,ワイド,5,10,1000,0
2025-09-07,2025-09-07_阪神12R_3歳以上2勝クラス,2倍台,ワイド,6,15,1500,1650
2025-09-07,2025-09-07_阪神12R_3歳以上2勝クラス,2倍台,馬連,3,3,300,0
2025-09-07,2025-09-07_阪神12R_3歳以上2勝クラス,2倍台,馬連,4,6,600,0
2025-09-07,2025-09-07_阪神12R_3歳以上2勝クラス,2倍台,馬連,5,10,1000,0
2025-09-07,2025-09-07_阪神12R_3歳以上2勝クラス,2倍台,馬連,6,15,1500,0
2025-09-13,2025-09-13_中山09R_松戸特別,3倍以上,ワイド,3,3,300,0
2025-09-13,2025-09-13_中山09R_松戸特別,3倍以上,ワイド,4,6,600,950
2025-09-13,2025-09-13_中山09R_松戸特別,3倍以上,ワイド,5,10,1000,2210
2025-09-13,2025-09-13_中山09R_松戸特別,3倍以上,ワイド,6,15,1500,2210
2025-09-13,2025-09-13_中山09R_松戸特別,3倍以上,馬連,3,3,300,0
2025-09-13,2025-09-13_中山09R_松戸特別,3倍以上,馬連,4,6,600,0
2025-09-13,2025-09-13_中山09R_松戸特別,3倍以上,馬連,5,10,1000,2460
2025-09-13,2025-09-13_中山09R_松戸特別,3倍以上,馬連,6,15,1500,2460
2025-09-13,2025-09-13_中山10R_汐留特別,3倍以上,ワイド,3,3,300,0
2025-09-13,2025-09-13_中山10R_汐留特別,3倍以上,ワイド,4,6,600,660
2025-09-13,2025-09-13_中山10R_汐留特別,3倍以上,ワイド,5,10,1000,1760
2025-09-13,2025-09-13_中山10R_汐留特別,3倍以上,ワイド,6,15,1500,1760
2025-09-13,2025-09-13_中山10R_汐留特別,3倍以上,馬連,3,3,300,0
2025-09-13,2025-09-13_中山10R_汐留特別,3倍以上,馬連,4,6,600,0
2025-09-13,2025-09-13_中山10R_汐留特別,3倍以上,馬連,5,10,1000,1760
2025-09-13,2025-09-13_中山10R_汐留特別,3倍以上,馬連,6,15,1500,1760
2025-09-13,2025-09-13_中山11R_初風S,3倍以上,ワイド,3,3,300,550
2025-09-13,2025-09-13_中山11R_初風S,3倍以上,ワイド,4,6,600,550
2025-09-13,2025-09-13_中山11R_初風S,3倍以上,ワイド,5,10,1000,1490
2025-09-13,2025-09-13_中山11R_初風S,3倍以上,ワイド,6,15,1500,1490
2025-09-13,2025-09-13_中山11R_初風S,3倍以上,馬連,3,3,300,0
2025-09-13,2025-09-13_中山11R_初風S,3倍以上,馬連,4,6,600,0
2025-09-13,2025-09-13_中山11R_初風S,3倍以上,馬連,5,10,1000,550
2025-09-13,2025-09-13_中山11R_初風S,3倍以上,馬連,6,15,1500,550
2025-09-13,2025-09-13_中山12R_3歳以上1勝クラス,2倍台,ワイド,3,3,300,310
2025-09-13,2025-09-13_中山12R_3歳以上1勝クラス,2倍台,ワイド,4,6,600,310
2025-09-13,2025-09-13_中山12R_3歳以上1勝クラス,2倍台,ワイド,5,10,1000,310
2025-09-13,2025-09-13_中山12R_3歳以上1勝クラス,2倍台,ワイド,6,15,1500,310
2025-09-13,2025-09-13_中山12R_3歳以上1勝クラス,2倍台,馬連,3,3,300,620
2025-09-13,2025-09-13_中山12R_3歳以上1勝クラス,2倍台,馬連,4,6,600,620
2025-09-13,2025-09-13_中山12R_3歳以上1勝クラス,2倍台,馬連,5,10,1000,620
2025-09-13,2025-09-13_中山12R_3歳以上1勝クラス,2倍台,馬連,6,15,1500,620
2025-09-13,2025-09-13_阪神09R_3歳以上1勝クラス,2倍台,ワイド,3,3,300,0
2025-09-13,2025-09-13_阪神09R_3歳以上1勝クラス,2倍台,ワイド,4,6,600,0
2025-09-13,2025-09-13_阪神09R_3歳以上1勝クラス,2倍台,ワイド,5,10,1000,0
2025-09-13,2025-09-13_阪神09R_3歳以上1勝クラス,2倍台,ワイド,6,15,1500,350
2025-09-13,2025-09-13_阪神09R_3歳以上1勝クラス,2倍台,馬連,3,3,300,0
2025-09-13,2025-09-13_阪神09R_3歳以上1勝クラス,2倍台,馬連,4,6,600,0
2025-09-13,2025-09-13_阪神09R_3歳以上1勝クラス,2倍台,馬連,5,10,1000,0
2025-09-13,2025-09-13_阪神09R_3歳以上1勝クラス,2倍台,馬連,6,15,1500,750
2025-09-13,2025-09-13_阪神10R_鳥取特別,3倍以上,ワイド,3,3,300,0
2025-09-13,2025-09-13_阪神10R_鳥取特別,3倍以上,ワイド,4,6,600,0
2025-09-13,2025-09-13_阪神10R_鳥取特別,3倍以上,ワイド,5,10,1000,460
2025-09-13,2025-09-13_阪神10R_鳥取特別,3倍以上,ワイド,6,15,1500,460
2025-09-13,2025-09-13_阪神10R_鳥取特別,3倍以上,馬連,3,3,300,0
2025-09-13,2025-09-13_阪神10R_鳥取特別,3倍以上,馬連,4,6,600,0
2025-09-13,2025-09-13_阪神10R_鳥取特別,3倍以上,馬連,5,10,1000,0
2025-09-13,2025-09-13_阪神10R_鳥取特別,3倍以上,馬連,6,15,1500,0
2025-09-13,2025-09-13_阪神11R_チャレンジC,3倍以上,ワイド,3,3,300,0
2025-09-13,2025-09-13_阪神11R_チャレンジC,3倍以上,ワイド,4,6,600,0
2025-09-13,2025-09-13_阪神11R_チャレンジC,3倍以上,ワイド,5,10,1000,0
2025-09-13,2025-09-13_阪神11R_チャレンジC,3倍以上,ワイド,6,15,1500,430
2025-09-13,2025-09-13_阪神11R_チャレンジC,3倍以上,馬連,3,3,300,0
2025-09-13,2025-09-13_阪神11R_チャレンジC,3倍以上,馬連,4,6,600,0
2025-09-13,2025-09-13_阪神11R_チャレンジC,3倍以上,馬連,5,10,1000,0
2025-09-13,2025-09-13_阪神11R_チャレンジC,3倍以上,馬連,6,15,1500,910
2025-09-13,2025-09-13_阪神12R_3歳以上1勝クラス,1倍台,ワイド,3,3,300,0
2025-09-13,2025-09-13_阪神12R_3歳以上1勝クラス,1倍台,ワイド,4,6,600,0
2025-09-13,2025-09-13_阪神12R_3歳以上1勝クラス,1倍台,ワイド,5,10,1000,230
2025-09-13,2025-09-13_阪神12R_3歳以上1勝クラス,1倍台,ワイド,6,15,1500,230
2025-09-13,2025-09-13_阪神12R_3歳以上1勝クラス,1倍台,馬連,3,3,300,0
2025-09-13,2025-09-13_阪神12R_3歳以上1勝クラス,1倍台,馬連,4,6,600,0
2025-09-13,2025-09-13_阪神12R_3歳以上1勝クラス,1倍台,馬連,5,10,1000,0
2025-09-13,2025-09-13_阪神12R_3歳以上1勝クラス,1倍台,馬連,6,15,1500,0
2025-09-14,2025-09-14_中山09R_御宿特別,2倍台,ワイド,3,3,300,560
2025-09-14,2025-09-14_中山09R_御宿特別,2倍台,ワイド,4,6,600,560
2025-09-14,2025-09-14_中山09R_御宿特別,2倍台,ワイド,5,10,1000,560
2025-09-14,2025-09-14_中山09R_御宿特別,2倍台,ワイド,6,15,1500,560
2025-09-14,2025-09-14_中山09R_御宿特別,2倍台,馬連,3,3,300,0
2025-09-14,2025-09-14_中山09R_御宿特別,2倍台,馬連,4,6,600,0
2025-09-14,2025-09-14_中山09R_御宿特別,2倍台,馬連,5,10,1000,0
2025-09-14,2025-09-14_中山09R_御宿特別,2倍台,馬連,6,15,1500,0
2025-09-14,2025-09-14_中山10R_レインボーS,2倍台,ワイド,3,3,300,0
2025-09-14,2025-09-14_中山10R_レインボーS,2倍台,ワイド,4,6,600,0
2025-09-14,2025-09-14_中山10R_レインボーS,2倍台,ワイド,5,10,1000,0
2025-09-14,2025-09-14_中山10R_レインボーS,2倍台,ワイド,6,15,1500,720
2025-09-14,2025-09-14_中山10R_レインボーS,2倍台,馬連,3,3,300,0
2025-09-14,2025-09-14_中山10R_レインボーS,2倍台,馬連,4,6,600,0
2025-09-14,2025-09-14_中山10R_レインボーS,2倍台,馬連,5,10,1000,0
2025-09-14,2025-09-14_中山10R_レインボーS,2倍台,馬連,6,15,1500,1430
2025-09-14,2025-09-14_中山11R_ラジオ日本賞,3倍以上,ワイド,3,3,300,0
2025-09-14,2025-09-14_中山11R_ラジオ日本賞,3倍以上,ワイド,4,6,600,0
2025-09-14,2025-09-14_中山11R_ラジオ日本賞,3倍以上,ワイド,5,10,1000,0
2025-09-14,2025-09-14_中山11R_ラジオ日本賞,3倍以上,ワイド,6,15,1500,0
2025-09-14,2025-09-14_中山11R_ラジオ日本賞,3倍以上,馬連,3,3,300,0
2025-09-14,2025-09-14_中山11R_ラジオ日本賞,3倍以上,馬連,4,6,600,0
2025-09-14,2025-09-14_中山11R_ラジオ日本賞,3倍以上,馬連,5,10,1000,0
2025-09-14,2025-09-14_中山11R_ラジオ日本賞,3倍以上,馬連,6,15,1500,0
2025-09-14,2025-09-14_中山12R_3歳以上1勝クラス,2倍台,ワイド,3,3,300,0
2025-09-14,2025-09-14_中山12R_3歳以上1勝クラス,2倍台,ワイド,4,6,600,580
2025-09-14,2025-09-14_中山12R_3歳以上1勝クラス,2倍台,ワイド,5,10,1000,580
2025-09-14,2025-09-14_中山12R_3歳以上1勝クラス,2倍台,ワイド,6,15,1500,580
2025-09-14,2025-09-14_中山12R_3歳以上1勝クラス,2倍台,馬連,3,3,300,0
2025-09-14,2025-09-14_中山12R_3歳以上1勝クラス,2倍台,馬連,4,6,600,1360
2025-09-14,2025-09-14_中山12R_3歳以上1勝クラス,2倍台,馬連,5,10,1000,1360
2025-09-14,2025-09-14_中山12R_3歳以上1勝クラス,2倍台,馬連,6,15,1500,1360
2025-09-14,2025-09-14_阪神09R_能勢特別,1倍台,ワイド,3,3,300,230
2025-09-14,2025-09-14_阪神09R_能勢特別,1倍台,ワイド,4,6,600,230
2025-09-14,2025-09-14_阪神09R_能勢特別,1倍台,ワイド,5,10,1000,230
2025-09-14,2025-09-14_阪神09R_能勢特別,1倍台,ワイド,6,15,1500,230
2025-09-14,2025-09-14_阪神09R_能勢特別,1倍台,馬連,3,3,300,0
2025-09-14,2025-09-14_阪神09R_能勢特別,1倍台,馬連,4,6,600,0
2025-09-14,2025-09-14_阪神09R_能勢特別,1倍台,馬連,5,10,1000,0
2025-09-14,2025-09-14_阪神09R_能勢特別,1倍台,馬連,6,15,1500,0
2025-09-14,2025-09-14_阪神10R_仲秋S,2倍台,ワイド,3,3,300,900
2025-09-14,2025-09-14_阪神10R_仲秋S,2倍台,ワイド,4,6,600,900
2025-09-14,2025-09-14_阪神10R_仲秋S,2倍台,ワイド,5,10,1000,900
2025-09-14,2025-09-14_阪神10R_仲秋S,2倍台,ワイド,6,15,1500,1710
2025-09-14,2025-09-14_阪神10R_仲秋S,2倍台,馬連,3,3,300,0
2025-09-14,2025-09-14_阪神10R_仲秋S,2倍台,馬連,4,6,600,0
2025-09-14,2025-09-14_阪神10R_仲秋S,2倍台,馬連,5,10,1000,0
2025-09-14,2025-09-14_阪神10R_仲秋S,2倍台,馬連,6,15,1500,770
2025-09-14,2025-09-14_阪神11R_ローズS,2倍台,ワイド,3,3,300,0
2025-09-14,2025-09-14_阪神11R_ローズS,2倍台,ワイド,4,6,600,0
2025-09-14,2025-09-14_阪神11R_ローズS,2倍台,ワイド,5,10,1000,0
2025-09-14,2025-09-14_阪神11R_ローズS,2倍台,ワイド,6,15,1500,8260
2025-09-14,2025-09-14_阪神11R_ローズS,2倍台,馬連,3,3,300,0
2025-09-14,2025-09-14_阪神11R_ローズS,2倍台,馬連,4,6,600,0
2025-09-14,2025-09-14_阪神11R_ローズS,2倍台,馬連,5,10,1000,0
2025-09-14,2025-09-14_阪神11R_ローズS,2倍台,馬連,6,15,1500,0
2025-09-14,2025-09-14_阪神12R_3歳以上1勝クラス,1倍台,ワイド,3,3,300,0
2025-09-14,2025-09-14_阪神12R_3歳以上1勝クラス,1倍台,ワイド,4,6,600,0
2025-09-14,2025-09-14_阪神12R_3歳以上1勝クラス,1倍台,ワイド,5,10,1000,0
2025-09-14,2025-09-14_阪神12R_3歳以上1勝クラス,1倍台,ワイド,6,15,1500,0
2025-09-14,2025-09-14_阪神12R_3歳以上1勝クラス,1倍台,馬連,3,3,300,0
2025-09-14,2025-09-14_阪神12R_3歳以上1勝クラス,1倍台,馬連,4,6,600,0
2025-09-14,2025-09-14_阪神12R_3歳以上1勝クラス,1倍台,馬連,5,10,1000,0
2025-09-14,2025-09-14_阪神12R_3歳以上1勝クラス,1倍台,馬連,6,15,1500,0
2025-09-15,2025-09-15_中山09R_鋸山特別,1倍台,ワイド,3,3,300,150
2025-09-15,2025-09-15_中山09R_鋸山特別,1倍台,ワイド,4,6,600,150
2025-09-15,2025-09-15_中山09R_鋸山特別,1倍台,ワイド,5,10,1000,150
2025-09-15,2025-09-15_中山09R_鋸山特別,1倍台,ワイド,6,15,1500,1520
2025-09-15,2025-09-15_中山09R_鋸山特別,1倍台,馬連,3,3,300,240
2025-09-15,2025-09-15_中山09R_鋸山特別,1倍台,馬連,4,6,600,240
2025-09-15,2025-09-15_中山09R_鋸山特別,1倍台,馬連,5,10,1000,240
2025-09-15,2025-09-15_中山09R_鋸山特別,1倍台,馬連,6,15,1500,240
2025-09-15,2025-09-15_中山10R_Mディープインパクト,1倍台,ワイド,3,3,300,0
2025-09-15,2025-09-15_中山10R_Mディープインパクト,1倍台,ワイド,4,6,600,150
2025-09-15,2025-09-15_中山10R_Mディープインパクト,1倍台,ワイド,5,10,1000,880
2025-09-15,2025-09-15_中山10R_Mディープインパクト,1倍台,ワイド,6,15,1500,880
2025-09-15,2025-09-15_中山10R_Mディープインパクト,1倍台,馬連,3,3,300,0
2025-09-15,2025-09-15_中山10R_Mディープインパクト,1倍台,馬連,4,6,600,250
2025-09-15,2025-09-15_中山10R_Mディープインパクト,1倍台,馬連,5,10,1000,250
2025-09-15,2025-09-15_中山10R_Mディープインパクト,1倍台,馬連,6,15,1500,250
2025-09-15,2025-09-15_中山11R_セントライト記念,2倍台,ワイド,3,3,300,0
2025-09-15,2025-09-15_中山11R_セントライト記念,2倍台,ワイド,4,6,600,0
2025-09-15,2025-09-15_中山11R_セントライト記念,2倍台,ワイド,5,10,1000,0
2025-09-15,2025-09-15_中山11R_セントライト記念,2倍台,ワイド,6,15,1500,300
2025-09-15,2025-09-15_中山11R_セントライト記念,2倍台,馬連,3,3,300,0
2025-09-15,2025-09-15_中山11R_セントライト記念,2倍台,馬連,4,6,600,0
2025-09-15,2025-09-15_中山11R_セントライト記念,2倍台,馬連,5,10,1000,0
2025-09-15,2025-09-15_中山11R_セントライト記念,2倍台,馬連,6,15,1500,0
2025-09-15,2025-09-15_中山12R_3歳以上1勝クラス,2倍台,ワイド,3,3,300,0
2025-09-15,2025-09-15_中山12R_3歳以上1勝クラス,2倍台,ワイド,4,6,600,280
2025-09-15,2025-09-15_中山12R_3歳以上1勝クラス,2倍台,ワイド,5,10,1000,280
2025-09-15,2025-09-15_中山12R_3歳以上1勝クラス,2倍台,ワイド,6,15,1500,280
2025-09-15,2025-09-15_中山12R_3歳以上1勝クラス,2倍台,馬連,3,3,300,0
2025-09-15,2025-09-15_中山12R_3歳以上1勝クラス,2倍台,馬連,4,6,600,470
2025-09-15,2025-09-15_中山12R_3歳以上1勝クラス,2倍台,馬連,5,10,1000,470
2025-09-15,2025-09-15_中山12R_3歳以上1勝クラス,2倍台,馬連,6,15,1500,470
2025-09-15,2025-09-15_阪神09R_新涼特別,1倍台,ワイド,3,3,300,350
2025-09-15,2025-09-15_阪神09R_新涼特別,1倍台,ワイド,4,6,600,350
2025-09-15,2025-09-15_阪神09R_新涼特別,1倍台,ワイド,5,10,1000,1330
2025-09-15,2025-09-15_阪神09R_新涼特別,1倍台,ワイド,6,15,1500,1330
2025-09-15,2025-09-15_阪神09R_新涼特別,1倍台,馬連,3,3,300,950
2025-09-15,2025-09-15_阪神09R_新涼特別,1倍台,馬連,4,6,600,950
2025-09-15,2025-09-15_阪神09R_新涼特別,1倍台,馬連,5,10,1000,950
2025-09-15,2025-09-15_阪神09R_新涼特別,1倍台,馬連,6,15,1500,950
2025-09-15,2025-09-15_阪神10R_Mモーリス,1倍台,ワイド,3,3,300,1180
2025-09-15,2025-09-15_阪神10R_Mモーリス,1倍台,ワイド,4,6,600,1180
2025-09-15,2025-09-15_阪神10R_Mモーリス,1倍台,ワイド,5,10,1000,1180
2025-09-15,2025-09-15_阪神10R_Mモーリス,1倍台,ワイド,6,15,1500,6890
2025-09-15,2025-09-15_阪神10R_Mモーリス,1倍台,馬連,3,3,300,0
2025-09-15,2025-09-15_阪神10R_Mモーリス,1倍台,馬連,4,6,600,0
2025-09-15,2025-09-15_阪神10R_Mモーリス,1倍台,馬連,5,10,1000,0
2025-09-15,2025-09-15_阪神10R_Mモーリス,1倍台,馬連,6,15,1500,4060
2025-09-15,2025-09-15_阪神11R_JRAアニバーサリーS,2倍台,ワイド,3,3,300,330
2025-09-15,2025-09-15_阪神11R_JRAアニバーサリーS,2倍台,ワイド,4,6,600,330
2025-09-15,2025-09-15_阪神11R_JRAアニバーサリーS,2倍台,ワイド,5,10,1000,330
2025-09-15,2025-09-15_阪神11R_JRAアニバーサリーS,2倍台,ワイド,6,15,1500,2140
2025-09-15,2025-09-15_阪神11R_JRAアニバーサリーS,2倍台,馬連,3,3,300,0
2025-09-15,2025-09-15_阪神11R_JRAアニバーサリーS,2倍台,馬連,4,6,600,0
2025-09-15,2025-09-15_阪神11R_JRAアニバーサリーS,2倍台,馬連,5,10,1000,0
2025-09-15,2025-09-15_阪神11R_JRAアニバーサリーS,2倍台,馬連,6,15,1500,2780
2025-09-15,2025-09-15_阪神12R_3歳以上1勝クラス,3倍以上,ワイド,3,3,300,0
2025-09-15,2025-09-15_阪神12R_3歳以上1勝クラス,3倍以上,ワイド,4,6,600,0
2025-09-15,2025-09-15_阪神12R_3歳以上1勝クラス,3倍以上,ワイド,5,10,1000,1340
2025-09-15,2025-09-15_阪神12R_3歳以上1勝クラス,3倍以上,ワイド,6,15,1500,6460
2025-09-15,2025-09-15_阪神12R_3歳以上1勝クラス,3倍以上,馬連,3,3,300,0
2025-09-15,2025-09-15_阪神12R_3歳以上1勝クラス,3倍以上,馬連,4,6,600,0
2025-09-15,2025-09-15_阪神12R_3歳以上1勝クラス,3倍以上,馬連,5,10,1000,0
2025-09-15,2025-09-15_阪神12R_3歳以上1勝クラス,3倍以上,馬連,6,15,1500,5970
2025-09-20,2025-09-20_中山09R_カンナS,3倍以上,ワイド,3,3,300,0
2025-09-20,2025-09-20_中山09R_カンナS,3倍以上,ワイド,4,6,600,0
2025-09-20,2025-09-20_中山09R_カンナS,3倍以上,ワイド,5,10,1000,0
2025-09-20,2025-09-20_中山09R_カンナS,3倍以上,ワイド,6,15,1500,0
2025-09-20,2025-09-20_中山09R_カンナS,3倍以上,馬連,3,3,300,0
2025-09-20,2025-09-20_中山09R_カンナS,3倍以上,馬連,4,6,600,0
2025-09-20,2025-09-20_中山09R_カンナS,3倍以上,馬連,5,10,1000,0
2025-09-20,2025-09-20_中山09R_カンナS,3倍以上,馬連,6,15,1500,0
2025-09-20,2025-09-20_中山10R_九十九里特別,1倍台,ワイド,3,3,300,170
2025-09-20,2025-09-20_中山10R_九十九里特別,1倍台,ワイド,4,6,600,570
2025-09-20,2025-09-20_中山10R_九十九里特別,1倍台,ワイド,5,10,1000,570
2025-09-20,2025-09-20_中山10R_九十九里特別,1倍台,ワイド,6,15,1500,570
2025-09-20,2025-09-20_中山10R_九十九里特別,1倍台,馬連,3,3,300,410
2025-09-20,2025-09-20_中山10R_九十九里特別,1倍台,馬連,4,6,600,410
2025-09-20,2025-09-20_中山10R_九十九里特別,1倍台,馬連,5,10,1000,410
2025-09-20,2025-09-20_中山10R_九十九里特別,1倍台,馬連,6,15,1500,410
2025-09-20,2025-09-20_中山11R_イサ殿下御来場記念,2倍台,ワイド,3,3,300,0
2025-09-20,2025-09-20_中山11R_イサ殿下御来場記念,2倍台,ワイド,4,6,600,0
2025-09-20,2025-09-20_中山11R_イサ殿下御来場記念,2倍台,ワイド,5,10,1000,0
2025-09-20,2025-09-20_中山11R_イサ殿下御来場記念,2倍台,ワイド,6,15,1500,0
2025-09-20,2025-09-20_中山11R_イサ殿下御来場記念,2倍台,馬連,3,3,300,0
2025-09-20,2025-09-20_中山11R_イサ殿下御来場記念,2倍台,馬連,4,6,600,0
2025-09-20,2025-09-20_中山11R_イサ殿下御来場記念,2倍台,馬連,5,10,1000,0
2025-09-20,2025-09-20_中山11R_イサ殿下御来場記念,2倍台,馬連,6,15,1500,0
2025-09-20,2025-09-20_中山12R_3歳以上2勝クラス,1倍台,ワイド,3,3,300,0
2025-09-20,2025-09-20_中山12R_3歳以上2勝クラス,1倍台,ワイド,4,6,600,0
2025-09-20,2025-09-20_中山12R_3歳以上2勝クラス,1倍台,ワイド,5,10,1000,0
2025-09-20,2025-09-20_中山12R_3歳以上2勝クラス,1倍台,ワイド,6,15,1500,0
2025-09-20,2025-09-20_中山12R_3歳以上2勝クラス,1倍台,馬連,3,3,300,0
2025-09-20,2025-09-20_中山12R_3歳以上2勝クラス,1倍台,馬連,4,6,600,0
2025-09-20,2025-09-20_中山12R_3歳以上2勝クラス,1倍台,馬連,5,10,1000,0
2025-09-20,2025-09-20_中山12R_3歳以上2勝クラス,1倍台,馬連,6,15,1500,0
2025-09-20,2025-09-20_阪神09R_3歳以上1勝クラス,1倍台,ワイド,3,3,300,330
2025-09-20,2025-09-20_阪神09R_3歳以上1勝クラス,1倍台,ワイド,4,6,600,1450
2025-09-20,2025-09-20_阪神09R_3歳以上1勝クラス,1倍台,ワイド,5,10,1000,1450
2025-09-20,2025-09-20_阪神09R_3歳以上1勝クラス,1倍台,ワイド,6,15,1500,1450
2025-09-20,2025-09-20_阪神09R_3歳以上1勝クラス,1倍台,馬連,3,3,300,0
2025-09-20,2025-09-20_阪神09R_3歳以上1勝クラス,1倍台,馬連,4,6,600,840
2025-09-20,2025-09-20_阪神09R_3歳以上1勝クラス,1倍台,馬連,5,10,1000,840
2025-09-20,2025-09-20_阪神09R_3歳以上1勝クラス,1倍台,馬連,6,15,1500,840
2025-09-20,2025-09-20_阪神10R_夕月特別,1倍台,ワイド,3,3,300,0
2025-09-20,2025-09-20_阪神10R_夕月特別,1倍台,ワイド,4,6,600,0
2025-09-20,2025-09-20_阪神10R_夕月特別,1倍台,ワイド,5,10,1000,430
2025-09-20,2025-09-20_阪神10R_夕月特別,1倍台,ワイド,6,15,1500,1190
2025-09-20,2025-09-20_阪神10R_夕月特別,1倍台,馬連,3,3,300,0
2025-09-20,2025-09-20_阪神10R_夕月特別,1倍台,馬連,4,6,600,0
2025-09-20,2025-09-20_阪神10R_夕月特別,1倍台,馬連,5,10,1000,0
2025-09-20,2025-09-20_阪神10R_夕月特別,1倍台,馬連,6,15,1500,240
2025-09-20,2025-09-20_阪神11R_大阪スポーツ杯,3倍以上,ワイド,3,3,300,0
2025-09-20,2025-09-20_阪神11R_大阪スポーツ杯,3倍以上,ワイド,4,6,600,0
2025-09-20,2025-09-20_阪神11R_大阪スポーツ杯,3倍以上,ワイド,5,10,1000,7730
2025-09-20,2025-09-20_阪神11R_大阪スポーツ杯,3倍以上,ワイド,6,15,1500,7730
2025-09-20,2025-09-20_阪神11R_大阪スポーツ杯,3倍以上,馬連,3,3,300,0
2025-09-20,2025-09-20_阪神11R_大阪スポーツ杯,3倍以上,馬連,4,6,600,0
2025-09-20,2025-09-20_阪神11R_大阪スポーツ杯,3倍以上,馬連,5,10,1000,0
2025-09-20,2025-09-20_阪神11R_大阪スポーツ杯,3倍以上,馬連,6,15,1500,0
2025-09-20,2025-09-20_阪神12R_3歳以上2勝クラス,2倍台,ワイド,3,3,300,0
2025-09-20,2025-09-20_阪神12R_3歳以上2勝クラス,2倍台,ワイド,4,6,600,450
2025-09-20,2025-09-20_阪神12R_3歳以上2勝クラス,2倍台,ワイド,5,10,1000,450
2025-09-20,2025-09-20_阪神12R_3歳以上2勝クラス,2倍台,ワイド,6,15,1500,450
2025-09-20,2025-09-20_阪神12R_3歳以上2勝クラス,2倍台,馬連,3,3,300,0
2025-09-20,2025-09-20_阪神12R_3歳以上2勝クラス,2倍台,馬連,4,6,600,920
2025-09-20,2025-09-20_阪神12R_3歳以上2勝クラス,2倍台,馬連,5,10,1000,920
2025-09-20,2025-09-20_阪神12R_3歳以上2勝クラス,2倍台,馬連,6,15,1500,920
2025-09-21,2025-09-21_中山09R_木更津特別,1倍台,ワイド,3,3,300,230
2025-09-21,2025-09-21_中山09R_木更津特別,1倍台,ワイド,4,6,600,230
2025-09-21,2025-09-21_中山09R_木更津特別,1倍台,ワイド,5,10,1000,230
2025-09-21,2025-09-21_中山09R_木更津特別,1倍台,ワイド,6,15,1500,230
2025-09-21,2025-09-21_中山09R_木更津特別,1倍台,馬連,3,3,300,460
2025-09-21,2025-09-21_中山09R_木更津特別,1倍台,馬連,4,6,600,460
2025-09-21,2025-09-21_中山09R_木更津特別,1倍台,馬連,5,10,1000,460
2025-09-21,2025-09-21_中山09R_木更津特別,1倍台,馬連,6,15,1500,460
2025-09-21,2025-09-21_中山10R_内房S,1倍台,ワイド,3,3,300,1850
2025-09-21,2025-09-21_中山10R_内房S,1倍台,ワイド,4,6,600,3310
2025-09-21,2025-09-21_中山10R_内房S,1倍台,ワイド,5,10,1000,3310
2025-09-21,2025-09-21_中山10R_内房S,1倍台,ワイド,6,15,1500,3310
2025-09-21,2025-09-21_中山10R_内房S,1倍台,馬連,3,3,300,0
2025-09-21,2025-09-21_中山10R_内房S,1倍台,馬連,4,6,600,3180
2025-09-21,2025-09-21_中山10R_内房S,1倍台,馬連,5,10,1000,3180
2025-09-21,2025-09-21_中山10R_内房S,1倍台,馬連,6,15,1500,3180
2025-09-21,2025-09-21_中山11R_オールカマー,3倍以上,ワイド,3,3,300,0
2025-09-21,2025-09-21_中山11R_オールカマー,3倍以上,ワイド,4,6,600,0
2025-09-21,2025-09-21_中山11R_オールカマー,3倍以上,ワイド,5,10,1000,0
2025-09-21,2025-09-21_中山11R_オールカマー,3倍以上,ワイド,6,15,1500,0
2025-09-21,2025-09-21_中山11R_オールカマー,3倍以上,馬連,3,3,300,0
2025-09-21,2025-09-21_中山11R_オールカマー,3倍以上,馬連,4,6,600,0
2025-09-21,2025-09-21_中山11R_オールカマー,3倍以上,馬連,5,10,1000,0
2025-09-21,2025-09-21_中山11R_オールカマー,3倍以上,馬連,6,15,1500,0
2025-09-21,2025-09-21_中山12R_3歳以上2勝クラス,3倍以上,ワイド,3,3,300,0
2025-09-21,2025-09-21_中山12R_3歳以上2勝クラス,3倍以上,ワイド,4,6,600,0
2025-09-21,2025-09-21_中山12R_3歳以上2勝クラス,3倍以上,ワイド,5,10,1000,0
2025-09-21,2025-09-21_中山12R_3歳以上2勝クラス,3倍以上,ワイド,6,15,1500,0
2025-09-21,2025-09-21_中山12R_3歳以上2勝クラス,3倍以上,馬連,3,3,300,0
2025-09-21,2025-09-21_中山12R_3歳以上2勝クラス,3倍以上,馬連,4,6,600,0
2025-09-21,2025-09-21_中山12R_3歳以上2勝クラス,3倍以上,馬連,5,10,1000,0
2025-09-21,2025-09-21_中山12R_3歳以上2勝クラス,3倍以上,馬連,6,15,1500,0
2025-09-21,2025-09-21_阪神09R_北摂特別,2倍台,ワイド,3,3,300,0
2025-09-21,2025-09-21_阪神09R_北摂特別,2倍台,ワイド,4,6,600,0
2025-09-21,2025-09-21_阪神09R_北摂特別,2倍台,ワイド,5,10,1000,540
2025-09-21,2025-09-21_阪神09R_北摂特別,2倍台,ワイド,6,15,1500,540
2025-09-21,2025-09-21_阪神09R_北摂特別,2倍台,馬連,3,3,300,0
2025-09-21,2025-09-21_阪神09R_北摂特別,2倍台,馬連,4,6,600,0
2025-09-21,2025-09-21_阪神09R_北摂特別,2倍台,馬連,5,10,1000,0
2025-09-21,2025-09-21_阪神09R_北摂特別,2倍台,馬連,6,15,1500,0
2025-09-21,2025-09-21_阪神10R_ムーンライトHC,2倍台,ワイド,3,3,300,0
2025-09-21,2025-09-21_阪神10R_ムーンライトHC,2倍台,ワイド,4,6,600,180
2025-09-21,2025-09-21_阪神10R_ムーンライトHC,2倍台,ワイド,5,10,1000,180
2025-09-21,2025-09-21_阪神10R_ムーンライトHC,2倍台,ワイド,6,15,1500,180
2025-09-21,2025-09-21_阪神10R_ムーンライトHC,2倍台,馬連,3,3,300,0
2025-09-21,2025-09-21_阪神10R_ムーンライトHC,2倍台,馬連,4,6,600,0
2025-09-21,2025-09-21_阪神10R_ムーンライトHC,2倍台,馬連,5,10,1000,0
2025-09-21,2025-09-21_阪神10R_ムーンライトHC,2倍台,馬連,6,15,1500,0
2025-09-21,2025-09-21_阪神11R_神戸新聞杯,2倍台,ワイド,3,3,300,0
2025-09-21,2025-09-21_阪神11R_神戸新聞杯,2倍台,ワイド,4,6,600,0
2025-09-21,2025-09-21_阪神11R_神戸新聞杯,2倍台,ワイド,5,10,1000,160
2025-09-21,2025-09-21_阪神11R_神戸新聞杯,2倍台,ワイド,6,15,1500,640
2025-09-21,2025-09-21_阪神11R_神戸新聞杯,2倍台,馬連,3,3,300,0
2025-09-21,2025-09-21_阪神11R_神戸新聞杯,2倍台,馬連,4,6,600,0
2025-09-21,2025-09-21_阪神11R_神戸新聞杯,2倍台,馬連,5,10,1000,340
2025-09-21,2025-09-21_阪神11R_神戸新聞杯,2倍台,馬連,6,15,1500,340
2025-09-21,2025-09-21_阪神12R_3歳以上2勝クラス,3倍以上,ワイド,3,3,300,0
2025-09-21,2025-09-21_阪神12R_3歳以上2勝クラス,3倍以上,ワイド,4,6,600,0
2025-09-21,2025-09-21_阪神12R_3歳以上2勝クラス,3倍以上,ワイド,5,10,1000,0
2025-09-21,2025-09-21_阪神12R_3歳以上2勝クラス,3倍以上,ワイド,6,15,1500,0
2025-09-21,2025-09-21_阪神12R_3歳以上2勝クラス,3倍以上,馬連,3,3,300,0
2025-09-21,2025-09-21_阪神12R_3歳以上2勝クラス,3倍以上,馬連,4,6,600,0
2025-09-21,2025-09-21_阪神12R_3歳以上2勝クラス,3倍以上,馬連,5,10,1000,0
2025-09-21,2025-09-21_阪神12R_3歳以上2勝クラス,3倍以上,馬連,6,15,1500,0
2025-09-27,2025-09-27_中山09R_芙蓉S,1倍台,ワイド,3,3,300,0
2025-09-27,2025-09-27_中山09R_芙蓉S,1倍台,ワイド,4,6,600,0
2025-09-27,2025-09-27_中山09R_芙蓉S,1倍台,ワイド,5,10,1000,0
2025-09-27,2025-09-27_中山09R_芙蓉S,1倍台,ワイド,6,15,1500,0
2025-09-27,2025-09-27_中山09R_芙蓉S,1倍台,馬連,3,3,300,0
2025-09-27,2025-09-27_中山09R_芙蓉S,1倍台,馬連,4,6,600,0
2025-09-27,2025-09-27_中山09R_芙蓉S,1倍台,馬連,5,10,1000,0
2025-09-27,2025-09-27_中山09R_芙蓉S,1倍台,馬連,6,15,1500,0
2025-09-27,2025-09-27_中山10R_勝浦特別,3倍以上,ワイド,3,3,300,390
2025-09-27,2025-09-27_中山10R_勝浦特別,3倍以上,ワイド,4,6,600,390
2025-09-27,2025-09-27_中山10R_勝浦特別,3倍以上,ワイド,5,10,1000,1190
2025-09-27,2025-09-27_中山10R_勝浦特別,3倍以上,ワイド,6,15,1500,1190
2025-09-27,2025-09-27_中山10R_勝浦特別,3倍以上,馬連,3,3,300,0
2025-09-27,2025-09-27_中山10R_勝浦特別,3倍以上,馬連,4,6,600,0
2025-09-27,2025-09-27_中山10R_勝浦特別,3倍以上,馬連,5,10,1000,680
2025-09-27,2025-09-27_中山10R_勝浦特別,3倍以上,馬連,6,15,1500,680
2025-09-27,2025-09-27_中山11R_秋風S,3倍以上,ワイド,3,3,300,0
2025-09-27,2025-09-27_中山11R_秋風S,3倍以上,ワイド,4,6,600,0
2025-09-27,2025-09-27_中山11R_秋風S,3倍以上,ワイド,5,10,1000,0
2025-09-27,2025-09-27_中山11R_秋風S,3倍以上,ワイド,6,15,1500,0
2025-09-27,2025-09-27_中山11R_秋風S,3倍以上,馬連,3,3,300,0
2025-09-27,2025-09-27_中山11R_秋風S,3倍以上,馬連,4,6,600,0
2025-09-27,2025-09-27_中山11R_秋風S,3倍以上,馬連,5,10,1000,0
2025-09-27,2025-09-27_中山11R_秋風S,3倍以上,馬連,6,15,1500,0
2025-09-27,2025-09-27_中山12R_3歳以上2勝クラス,2倍台,ワイド,3,3,300,250
2025-09-27,2025-09-27_中山12R_3歳以上2勝クラス,2倍台,ワイド,4,6,600,250
2025-09-27,2025-09-27_中山12R_3歳以上2勝クラス,2倍台,ワイド,5,10,1000,250
2025-09-27,2025-09-27_中山12R_3歳以上2勝クラス,2倍台,ワイド,6,15,1500,250
2025-09-27,2025-09-27_中山12R_3歳以上2勝クラス,2倍台,馬連,3,3,300,270
2025-09-27,2025-09-27_中山12R_3歳以上2勝クラス,2倍台,馬連,4,6,600,270
2025-09-27,2025-09-27_中山12R_3歳以上2勝クラス,2倍台,馬連,5,10,1000,270
2025-09-27,2025-09-27_中山12R_3歳以上2勝クラス,2倍台,馬連,6,15,1500,270
2025-09-27,2025-09-27_阪神09R_ヤマボウシ賞,2倍台,ワイド,3,3,300,0
2025-09-27,2025-09-27_阪神09R_ヤマボウシ賞,2倍台,ワイド,4,6,600,600
2025-09-27,2025-09-27_阪神09R_ヤマボウシ賞,2倍台,ワイド,5,10,1000,1640
2025-09-27,2025-09-27_阪神09R_ヤマボウシ賞,2倍台,ワイド,6,15,1500,1640
2025-09-27,2025-09-27_阪神09R_ヤマボウシ賞,2倍台,馬連,3,3,300,0
2025-09-27,2025-09-27_阪神09R_ヤマボウシ賞,2倍台,馬連,4,6,600,2330
2025-09-27,2025-09-27_阪神09R_ヤマボウシ賞,2倍台,馬連,5,10,1000,2330
2025-09-27,2025-09-27_阪神09R_ヤマボウシ賞,2倍台,馬連,6,15,1500,2330
2025-09-27,2025-09-27_阪神10R_道頓堀S,2倍台,ワイド,3,3,300,0
2025-09-27,2025-09-27_阪神10R_道頓堀S,2倍台,ワイド,4,6,600,0
2025-09-27,2025-09-27_阪神10R_道頓堀S,2倍台,ワイド,5,10,1000,0
2025-09-27,2025-09-27_阪神10R_道頓堀S,2倍台,ワイド,6,15,1500,1470
2025-09-27,2025-09-27_阪神10R_道頓堀S,2倍台,馬連,3,3,300,0
2025-09-27,2025-09-27_阪神10R_道頓堀S,2倍台,馬連,4,6,600,0
2025-09-27,2025-09-27_阪神10R_道頓堀S,2倍台,馬連,5,10,1000,0
2025-09-27,2025-09-27_阪神10R_道頓堀S,2倍台,馬連,6,15,1500,0
2025-09-27,2025-09-27_阪神11R_シリウスS,2倍台,ワイド,3,3,300,0
2025-09-27,2025-09-27_阪神11R_シリウスS,2倍台,ワイド,4,6,600,0
2025-09-27,2025-09-27_阪神11R_シリウスS,2倍台,ワイド,5,10,1000,0
2025-09-27,2025-09-27_阪神11R_シリウスS,2倍台,ワイド,6,15,1500,5540
2025-09-27,2025-09-27_阪神11R_シリウスS,2倍台,馬連,3,3,300,0
2025-09-27,2025-09-27_阪神11R_シリウスS,2倍台,馬連,4,6,600,0
2025-09-27,2025-09-27_阪神11R_シリウスS,2倍台,馬連,5,10,1000,0
2025-09-27,2025-09-27_阪神11R_シリウスS,2倍台,馬連,6,15,1500,28950
2025-09-27,2025-09-27_阪神12R_3歳以上2勝クラス,2倍台,ワイド,3,3,300,0
2025-09-27,2025-09-27_阪神12R_3歳以上2勝クラス,2倍台,ワイド,4,6,600,0
2025-09-27,2025-09-27_阪神12R_3歳以上2勝クラス,2倍台,ワイド,5,10,1000,0
2025-09-27,2025-09-27_阪神12R_3歳以上2勝クラス,2倍台,ワイド,6,15,1500,0
2025-09-27,2025-09-27_阪神12R_3歳以上2勝クラス,2倍台,馬連,3,3,300,0
2025-09-27,2025-09-27_阪神12R_3歳以上2勝クラス,2倍台,馬連,4,6,600,0
2025-09-27,2025-09-27_阪神12R_3歳以上2勝クラス,2倍台,馬連,5,10,1000,0
2025-09-27,2025-09-27_阪神12R_3歳以上2勝クラス,2倍台,馬連,6,15,1500,0
2025-09-28,2025-09-28_中山09R_サフラン賞,1倍台,ワイド,3,3,300,140
2025-09-28,2025-09-28_中山09R_サフラン賞,1倍台,ワイド,4,6,600,620
2025-09-28,2025-09-28_中山09R_サフラン賞,1倍台,ワイド,5,10,1000,620
2025-09-28,2025-09-28_中山09R_サフラン賞,1倍台,ワイド,6,15,1500,620
2025-09-28,2025-09-28_中山09R_サフラン賞,1倍台,馬連,3,3,300,0
2025-09-28,2025-09-28_中山09R_サフラン賞,1倍台,馬連,4,6,600,1390
2025-09-28,2025-09-28_中山09R_サフラン賞,1倍台,馬連,5,10,1000,1390
2025-09-28,2025-09-28_中山09R_サフラン賞,1倍台,馬連,6,15,1500,1390
2025-09-28,2025-09-28_中山10R_茨城新聞杯,3倍以上,ワイド,3,3,300,0
2025-09-28,2025-09-28_中山10R_茨城新聞杯,3倍以上,ワイド,4,6,600,0
2025-09-28,2025-09-28_中山10R_茨城新聞杯,3倍以上,ワイド,5,10,1000,900
2025-09-28,2025-09-28_中山10R_茨城新聞杯,3倍以上,ワイド,6,15,1500,900
2025-09-28,2025-09-28_中山10R_茨城新聞杯,3倍以上,馬連,3,3,300,0
2025-09-28,2025-09-28_中山10R_茨城新聞杯,3倍以上,馬連,4,6,600,0
2025-09-28,2025-09-28_中山10R_茨城新聞杯,3倍以上,馬連,5,10,1000,2370
2025-09-28,2025-09-28_中山10R_茨城新聞杯,3倍以上,馬連,6,15,1500,2370
2025-09-28,2025-09-28_中山11R_スプリンターズS,2倍台,ワイド,3,3,300,0
2025-09-28,2025-09-28_中山11R_スプリンターズS,2倍台,ワイド,4,6,600,0
2025-09-28,2025-09-28_中山11R_スプリンターズS,2倍台,ワイド,5,10,1000,0
2025-09-28,2025-09-28_中山11R_スプリンターズS,2倍台,ワイド,6,15,1500,0
2025-09-28,2025-09-28_中山11R_スプリンターズS,2倍台,馬連,3,3,300,0
2025-09-28,2025-09-28_中山11R_スプリンターズS,2倍台,馬連,4,6,600,0
2025-09-28,2025-09-28_中山11R_スプリンターズS,2倍台,馬連,5,10,1000,0
2025-09-28,2025-09-28_中山11R_スプリンターズS,2倍台,馬連,6,15,1500,0
2025-09-28,2025-09-28_中山12R_外房S,3倍以上,ワイド,3,3,300,0
2025-09-28,2025-09-28_中山12R_外房S,3倍以上,ワイド,4,6,600,0
2025-09-28,2025-09-28_中山12R_外房S,3倍以上,ワイド,5,10,1000,0
2025-09-28,2025-09-28_中山12R_外房S,3倍以上,ワイド,6,15,1500,0
2025-09-28,2025-09-28_中山12R_外房S,3倍以上,馬連,3,3,300,0
2025-09-28,2025-09-28_中山12R_外房S,3倍以上,馬連,4,6,600,0
2025-09-28,2025-09-28_中山12R_外房S,3倍以上,馬連,5,10,1000,0
2025-09-28,2025-09-28_中山12R_外房S,3倍以上,馬連,6,15,1500,0
2025-09-28,2025-09-28_阪神09R_兵庫特別,1倍台,ワイド,3,3,300,0
2025-09-28,2025-09-28_阪神09R_兵庫特別,1倍台,ワイド,4,6,600,0
2025-09-28,2025-09-28_阪神09R_兵庫特別,1倍台,ワイド,5,10,1000,0
2025-09-28,2025-09-28_阪神09R_兵庫特別,1倍台,ワイド,6,15,1500,290
2025-09-28,2025-09-28_阪神09R_兵庫特別,1倍台,馬連,3,3,300,0
2025-09-28,2025-09-28_阪神09R_兵庫特別,1倍台,馬連,4,6,600,0
2025-09-28,2025-09-28_阪神09R_兵庫特別,1倍台,馬連,5,10,1000,0
2025-09-28,2025-09-28_阪神09R_兵庫特別,1倍台,馬連,6,15,1500,0
2025-09-28,2025-09-28_阪神10R_堺S,3倍以上,ワイド,3,3,300,740
2025-09-28,2025-09-28_阪神10R_堺S,3倍以上,ワイド,4,6,600,1830
2025-09-28,2025-09-28_阪神10R_堺S,3倍以上,ワイド,5,10,1000,1830
2025-09-28,2025-09-28_阪神10R_堺S,3倍以上,ワイド,6,15,1500,1830
2025-09-28,2025-09-28_阪神10R_堺S,3倍以上,馬連,3,3,300,0
2025-09-28,2025-09-28_阪神10R_堺S,3倍以上,馬連,4,6,600,990
2025-09-28,2025-09-28_阪神10R_堺S,3倍以上,馬連,5,10,1000,990
2025-09-28,2025-09-28_阪神10R_堺S,3倍以上,馬連,6,15,1500,990
2025-09-28,2025-09-28_阪神11R_ポートアイランドS,3倍以上,ワイド,3,3,300,0
2025-09-28,2025-09-28_阪神11R_ポートアイランドS,3倍以上,ワイド,4,6,600,0
2025-09-28,2025-09-28_阪神11R_ポートアイランドS,3倍以上,ワイド,5,10,1000,0
2025-09-28,2025-09-28_阪神11R_ポートアイランドS,3倍以上,ワイド,6,15,1500,0
2025-09-28,2025-09-28_阪神11R_ポートアイランドS,3倍以上,馬連,3,3,300,0
2025-09-28,2025-09-28_阪神11R_ポートアイランドS,3倍以上,馬連,4,6,600,0
2025-09-28,2025-09-28_阪神11R_ポートアイランドS,3倍以上,馬連,5,10,1000,0
2025-09-28,2025-09-28_阪神11R_ポートアイランドS,3倍以上,馬連,6,15,1500,0
2025-09-28,2025-09-28_阪神12R_3歳以上2勝クラス,2倍台,ワイド,3,3,300,0
2025-09-28,2025-09-28_阪神12R_3歳以上2勝クラス,2倍台,ワイド,4,6,600,290
2025-09-28,2025-09-28_阪神12R_3歳以上2勝クラス,2倍台,ワイド,5,10,1000,290
2025-09-28,2025-09-28_阪神12R_3歳以上2勝クラス,2倍台,ワイド,6,15,1500,1450
2025-09-28,2025-09-28_阪神12R_3歳以上2勝クラス,2倍台,馬連,3,3,300,0
2025-09-28,2025-09-28_阪神12R_3歳以上2勝クラス,2倍台,馬連,4,6,600,600
2025-09-28,2025-09-28_阪神12R_3歳以上2勝クラス,2倍台,馬連,5,10,1000,600
2025-09-28,2025-09-28_阪神12R_3歳以上2勝クラス,2倍台,馬連,6,15,1500,600
2025-10-04,2025-10-04_京都09R_りんどう賞,2倍台,ワイド,3,3,300,0
2025-10-04,2025-10-04_京都09R_りんどう賞,2倍台,ワイド,4,6,600,0
2025-10-04,2025-10-04_京都09R_りんどう賞,2倍台,ワイド,5,10,1000,0
2025-10-04,2025-10-04_京都09R_りんどう賞,2倍台,ワイド,6,15,1500,0
2025-10-04,2025-10-04_京都09R_りんどう賞,2倍台,馬連,3,3,300,0
2025-10-04,2025-10-04_京都09R_りんどう賞,2倍台,馬連,4,6,600,0
2025-10-04,2025-10-04_京都09R_りんどう賞,2倍台,馬連,5,10,1000,0
2025-10-04,2025-10-04_京都09R_りんどう賞,2倍台,馬連,6,15,1500,0
2025-10-04,2025-10-04_京都10R_大山崎S,3倍以上,ワイド,3,3,300,0
2025-10-04,2025-10-04_京都10R_大山崎S,3倍以上,ワイド,4,6,600,460
2025-10-04,2025-10-04_京都10R_大山崎S,3倍以上,ワイド,5,10,1000,460
2025-10-04,2025-10-04_京都10R_大山崎S,3倍以上,ワイド,6,15,1500,460
2025-10-04,2025-10-04_京都10R_大山崎S,3倍以上,馬連,3,3,300,0
2025-10-04,2025-10-04_京都10R_大山崎S,3倍以上,馬連,4,6,600,0
2025-10-04,2025-10-04_京都10R_大山崎S,3倍以上,馬連,5,10,1000,0
2025-10-04,2025-10-04_京都10R_大山崎S,3倍以上,馬連,6,15,1500,0
2025-10-04,2025-10-04_京都11R_オパールS,3倍以上,ワイド,3,3,300,0
2025-10-04,2025-10-04_京都11R_オパールS,3倍以上,ワイド,4,6,600,0
2025-10-04,2025-10-04_京都11R_オパールS,3倍以上,ワイド,5,10,1000,0
2025-10-04,2025-10-04_京都11R_オパールS,3倍以上,ワイド,6,15,1500,0
2025-10-04,2025-10-04_京都11R_オパールS,3倍以上,馬連,3,3,300,0
2025-10-04,2025-10-04_京都11R_オパールS,3倍以上,馬連,4,6,600,0
2025-10-04,2025-10-04_京都11R_オパールS,3倍以上,馬連,5,10,1000,0
2025-10-04,2025-10-04_京都11R_オパールS,3倍以上,馬連,6,15,1500,0
2025-10-04,2025-10-04_京都12R_3歳以上2勝クラス,1倍台,ワイド,3,3,300,1670
2025-10-04,2025-10-04_京都12R_3歳以上2勝クラス,1倍台,ワイド,4,6,600,1670
2025-10-04,2025-10-04_京都12R_3歳以上2勝クラス,1倍台,ワイド,5,10,1000,1670
2025-10-04,2025-10-04_京都12R_3歳以上2勝クラス,1倍台,ワイド,6,15,1500,1670
2025-10-04,2025-10-04_京都12R_3歳以上2勝クラス,1倍台,馬連,3,3,300,430
2025-10-04,2025-10-04_京都12R_3歳以上2勝クラス,1倍台,馬連,4,6,600,430
2025-10-04,2025-10-04_京都12R_3歳以上2勝クラス,1倍台,馬連,5,10,1000,430
2025-10-04,2025-10-04_京都12R_3歳以上2勝クラス,1倍台,馬連,6,15,1500,430
2025-10-04,2025-10-04_東京09R_八ケ岳特別,1倍台,ワイド,3,3,300,0
2025-10-04,2025-10-04_東京09R_八ケ岳特別,1倍台,ワイド,4,6,600,0
2025-10-04,2025-10-04_東京09R_八ケ岳特別,1倍台,ワイド,5,10,1000,0
2025-10-04,2025-10-04_東京09R_八ケ岳特別,1倍台,ワイド,6,15,1500,0
2025-10-04,2025-10-04_東京09R_八ケ岳特別,1倍台,馬連,3,3,300,0
2025-10-04,2025-10-04_東京09R_八ケ岳特別,1倍台,馬連,4,6,600,0
2025-10-04,2025-10-04_東京09R_八ケ岳特別,1倍台,馬連,5,10,1000,0
2025-10-04,2025-10-04_東京09R_八ケ岳特別,1倍台,馬連,6,15,1500,0
2025-10-04,2025-10-04_東京10R_白秋S,3倍以上,ワイド,3,3,300,0
2025-10-04,2025-10-04_東京10R_白秋S,3倍以上,ワイド,4,6,600,0
2025-10-04,2025-10-04_東京10R_白秋S,3倍以上,ワイド,5,10,1000,0
2025-10-04,2025-10-04_東京10R_白秋S,3倍以上,ワイド,6,15,1500,0
2025-10-04,2025-10-04_東京10R_白秋S,3倍以上,馬連,3,3,300,0
2025-10-04,2025-10-04_東京10R_白秋S,3倍以上,馬連,4,6,600,0
2025-10-04,2025-10-04_東京10R_白秋S,3倍以上,馬連,5,10,1000,0
2025-10-04,2025-10-04_東京10R_白秋S,3倍以上,馬連,6,15,1500,0
2025-10-04,2025-10-04_東京11R_グリーンチャンネルC,2倍台,ワイド,3,3,300,0
2025-10-04,2025-10-04_東京11R_グリーンチャンネルC,2倍台,ワイド,4,6,600,0
2025-10-04,2025-10-04_東京11R_グリーンチャンネルC,2倍台,ワイド,5,10,1000,920
2025-10-04,2025-10-04_東京11R_グリーンチャンネルC,2倍台,ワイド,6,15,1500,920
2025-10-04,2025-10-04_東京11R_グリーンチャンネルC,2倍台,馬連,3,3,300,0
2025-10-04,2025-10-04_東京11R_グリーンチャンネルC,2倍台,馬連,4,6,600,0
2025-10-04,2025-10-04_東京11R_グリーンチャンネルC,2倍台,馬連,5,10,1000,2150
2025-10-04,2025-10-04_東京11R_グリーンチャンネルC,2倍台,馬連,6,15,1500,2150
2025-10-04,2025-10-04_東京12R_3歳以上2勝クラス,3倍以上,ワイド,3,3,300,0
2025-10-04,2025-10-04_東京12R_3歳以上2勝クラス,3倍以上,ワイド,4,6,600,0
2025-10-04,2025-10-04_東京12R_3歳以上2勝クラス,3倍以上,ワイド,5,10,1000,930
2025-10-04,2025-10-04_東京12R_3歳以上2勝クラス,3倍以上,ワイド,6,15,1500,930
2025-10-04,2025-10-04_東京12R_3歳以上2勝クラス,3倍以上,馬連,3,3,300,0
2025-10-04,2025-10-04_東京12R_3歳以上2勝クラス,3倍以上,馬連,4,6,600,0
2025-10-04,2025-10-04_東京12R_3歳以上2勝クラス,3倍以上,馬連,5,10,1000,2680
2025-10-04,2025-10-04_東京12R_3歳以上2勝クラス,3倍以上,馬連,6,15,1500,2680
2025-10-05,2025-10-05_京都09R_大原S,2倍台,ワイド,3,3,300,500
2025-10-05,2025-10-05_京都09R_大原S,2倍台,ワイド,4,6,600,500
2025-10-05,2025-10-05_京都09R_大原S,2倍台,ワイド,5,10,1000,500
2025-10-05,2025-10-05_京都09R_大原S,2倍台,ワイド,6,15,1500,2200
2025-10-05,2025-10-05_京都09R_大原S,2倍台,馬連,3,3,300,1740
2025-10-05,2025-10-05_京都09R_大原S,2倍台,馬連,4,6,600,1740
2025-10-05,2025-10-05_京都09R_大原S,2倍台,馬連,5,10,1000,1740
2025-10-05,2025-10-05_京都09R_大原S,2倍台,馬連,6,15,1500,1740
2025-10-05,2025-10-05_京都10R_藤森S,1倍台,ワイド,3,3,300,0
2025-10-05,2025-10-05_京都10R_藤森S,1倍台,ワイド,4,6,600,0
2025-10-05,2025-10-05_京都10R_藤森S,1倍台,ワイド,5,10,1000,0
2025-10-05,2025-10-05_京都10R_藤森S,1倍台,ワイド,6,15,1500,0
2025-10-05,2025-10-05_京都10R_藤森S,1倍台,馬連,3,3,300,0
2025-10-05,2025-10-05_京都10R_藤森S,1倍台,馬連,4,6,600,0
2025-10-05,2025-10-05_京都10R_藤森S,1倍台,馬連,5,10,1000,0
2025-10-05,2025-10-05_京都10R_藤森S,1倍台,馬連,6,15,1500,0
2025-10-05,2025-10-05_京都11R_京都大賞典,3倍以上,ワイド,3,3,300,0
2025-10-05,2025-10-05_京都11R_京都大賞典,3倍以上,ワイド,4,6,600,0
2025-10-05,2025-10-05_京都11R_京都大賞典,3倍以上,ワイド,5,10,1000,0
2025-10-05,2025-10-05_京都11R_京都大賞典,3倍以上,ワイド,6,15,1500,1280
2025-10-05,2025-10-05_京都11R_京都大賞典,3倍以上,馬連,3,3,300,0
2025-10-05,2025-10-05_京都11R_京都大賞典,3倍以上,馬連,4,6,600,0
2025-10-05,2025-10-05_京都11R_京都大賞典,3倍以上,馬連,5,10,1000,0
2025-10-05,2025-10-05_京都11R_京都大賞典,3倍以上,馬連,6,15,1500,3690
2025-10-05,2025-10-05_京都12R_3歳以上2勝クラス,3倍以上,ワイド,3,3,300,0
2025-10-05,2025-10-05_京都12R_3歳以上2勝クラス,3倍以上,ワイド,4,6,600,0
2025-10-05,2025-10-05_京都12R_3歳以上2勝クラス,3倍以上,ワイド,5,10,1000,0
2025-10-05,2025-10-05_京都12R_3歳以上2勝クラス,3倍以上,ワイド,6,15,1500,0
2025-10-05,2025-10-05_京都12R_3歳以上2勝クラス,3倍以上,馬連,3,3,300,0
2025-10-05,2025-10-05_京都12R_3歳以上2勝クラス,3倍以上,馬連,4,6,600,0
2025-10-05,2025-10-05_京都12R_3歳以上2勝クラス,3倍以上,馬連,5,10,1000,0
2025-10-05,2025-10-05_京都12R_3歳以上2勝クラス,3倍以上,馬連,6,15,1500,0
2025-10-05,2025-10-05_東京09R_tvk賞,3倍以上,ワイド,3,3,300,0
2025-10-05,2025-10-05_東京09R_tvk賞,3倍以上,ワイド,4,6,600,0
2025-10-05,2025-10-05_東京09R_tvk賞,3倍以上,ワイド,5,10,1000,0
2025-10-05,2025-10-05_東京09R_tvk賞,3倍以上,ワイド,6,15,1500,0
2025-10-05,2025-10-05_東京09R_tvk賞,3倍以上,馬連,3,3,300,0
2025-10-05,2025-10-05_東京09R_tvk賞,3倍以上,馬連,4,6,600,0
2025-10-05,2025-10-05_東京09R_tvk賞,3倍以上,馬連,5,10,1000,0
2025-10-05,2025-10-05_東京09R_tvk賞,3倍以上,馬連,6,15,1500,0
2025-10-05,2025-10-05_東京10R_赤富士S,3倍以上,ワイド,3,3,300,0
2025-10-05,2025-10-05_東京10R_赤富士S,3倍以上,ワイド,4,6,600,0
2025-10-05,2025-10-05_東京10R_赤富士S,3倍以上,ワイド,5,10,1000,770
2025-10-05,2025-10-05_東京10R_赤富士S,3倍以上,ワイド,6,15,1500,770
2025-10-05,2025-10-05_東京10R_赤富士S,3倍以上,馬連,3,3,300,0
2025-10-05,2025-10-05_東京10R_赤富士S,3倍以上,馬連,4,6,600,0
2025-10-05,2025-10-05_東京10R_赤富士S,3倍以上,馬連,5,10,1000,0
2025-10-05,2025-10-05_東京10R_赤富士S,3倍以上,馬連,6,15,1500,0
2025-10-05,2025-10-05_東京11R_毎日王冠,2倍台,ワイド,3,3,300,0
2025-10-05,2025-10-05_東京11R_毎日王冠,2倍台,ワイド,4,6,600,0
2025-10-05,2025-10-05_東京11R_毎日王冠,2倍台,ワイド,5,10,1000,240
2025-10-05,2025-10-05_東京11R_毎日王冠,2倍台,ワイド,6,15,1500,1250
2025-10-05,2025-10-05_東京11R_毎日王冠,2倍台,馬連,3,3,300,0
2025-10-05,2025-10-05_東京11R_毎日王冠,2倍台,馬連,4,6,600,0
2025-10-05,2025-10-05_東京11R_毎日王冠,2倍台,馬連,5,10,1000,0
2025-10-05,2025-10-05_東京11R_毎日王冠,2倍台,馬連,6,15,1500,1850
2025-10-05,2025-10-05_東京12R_3歳以上2勝クラス,1倍台,ワイド,3,3,300,290
2025-10-05,2025-10-05_東京12R_3歳以上2勝クラス,1倍台,ワイド,4,6,600,290
2025-10-05,2025-10-05_東京12R_3歳以上2勝クラス,1倍台,ワイド,5,10,1000,290
2025-10-05,2025-10-05_東京12R_3歳以上2勝クラス,1倍台,ワイド,6,15,1500,290
2025-10-05,2025-10-05_東京12R_3歳以上2勝クラス,1倍台,馬連,3,3,300,520
2025-10-05,2025-10-05_東京12R_3歳以上2勝クラス,1倍台,馬連,4,6,600,520
2025-10-05,2025-10-05_東京12R_3歳以上2勝クラス,1倍台,馬連,5,10,1000,520
2025-10-05,2025-10-05_東京12R_3歳以上2勝クラス,1倍台,馬連,6,15,1500,520
2025-10-11,2025-10-11_京都09R_3歳以上1勝クラス,2倍台,ワイド,3,3,300,220
2025-10-11,2025-10-11_京都09R_3歳以上1勝クラス,2倍台,ワイド,4,6,600,710
2025-10-11,2025-10-11_京都09R_3歳以上1勝クラス,2倍台,ワイド,5,10,1000,710
2025-10-11,2025-10-11_京都09R_3歳以上1勝クラス,2倍台,ワイド,6,15,1500,710
2025-10-11,2025-10-11_京都09R_3歳以上1勝クラス,2倍台,馬連,3,3,300,530
2025-10-11,2025-10-11_京都09R_3歳以上1勝クラス,2倍台,馬連,4,6,600,530
2025-10-11,2025-10-11_京都09R_3歳以上1勝クラス,2倍台,馬連,5,10,1000,530
2025-10-11,2025-10-11_京都09R_3歳以上1勝クラス,2倍台,馬連,6,15,1500,530
2025-10-11,2025-10-11_京都10R_宇治川特別,1倍台,ワイド,3,3,300,0
2025-10-11,2025-10-11_京都10R_宇治川特別,1倍台,ワイド,4,6,600,0
2025-10-11,2025-10-11_京都10R_宇治川特別,1倍台,ワイド,5,10,1000,0
2025-10-11,2025-10-11_京都10R_宇治川特別,1倍台,ワイド,6,15,1500,170
2025-10-11,2025-10-11_京都10R_宇治川特別,1倍台,馬連,3,3,300,0
2025-10-11,2025-10-11_京都10R_宇治川特別,1倍台,馬連,4,6,600,0
2025-10-11,2025-10-11_京都10R_宇治川特別,1倍台,馬連,5,10,1000,0
2025-10-11,2025-10-11_京都10R_宇治川特別,1倍台,馬連,6,15,1500,0
2025-10-11,2025-10-11_京都11R_御陵S,3倍以上,ワイド,3,3,300,0
2025-10-11,2025-10-11_京都11R_御陵S,3倍以上,ワイド,4,6,600,0
2025-10-11,2025-10-11_京都11R_御陵S,3倍以上,ワイド,5,10,1000,0
2025-10-11,2025-10-11_京都11R_御陵S,3倍以上,ワイド,6,15,1500,500
2025-10-11,2025-10-11_京都11R_御陵S,3倍以上,馬連,3,3,300,0
2025-10-11,2025-10-11_京都11R_御陵S,3倍以上,馬連,4,6,600,0
2025-10-11,2025-10-11_京都11R_御陵S,3倍以上,馬連,5,10,1000,0
2025-10-11,2025-10-11_京都11R_御陵S,3倍以上,馬連,6,15,1500,0
2025-10-11,2025-10-11_京都12R_3歳以上1勝クラス,2倍台,ワイド,3,3,300,390
2025-10-11,2025-10-11_京都12R_3歳以上1勝クラス,2倍台,ワイド,4,6,600,390
2025-10-11,2025-10-11_京都12R_3歳以上1勝クラス,2倍台,ワイド,5,10,1000,390
2025-10-11,2025-10-11_京都12R_3歳以上1勝クラス,2倍台,ワイド,6,15,1500,3900
2025-10-11,2025-10-11_京都12R_3歳以上1勝クラス,2倍台,馬連,3,3,300,870
2025-10-11,2025-10-11_京都12R_3歳以上1勝クラス,2倍台,馬連,4,6,600,870
2025-10-11,2025-10-11_京都12R_3歳以上1勝クラス,2倍台,馬連,5,10,1000,870
2025-10-11,2025-10-11_京都12R_3歳以上1勝クラス,2倍台,馬連,6,15,1500,870
2025-10-11,2025-10-11_東京09R_陣馬特別,1倍台,ワイド,3,3,300,0
2025-10-11,2025-10-11_東京09R_陣馬特別,1倍台,ワイド,4,6,600,260
2025-10-11,2025-10-11_東京09R_陣馬特別,1倍台,ワイド,5,10,1000,260
2025-10-11,2025-10-11_東京09R_陣馬特別,1倍台,ワイド,6,15,1500,1110
2025-10-11,2025-10-11_東京09R_陣馬特別,1倍台,馬連,3,3,300,0
2025-10-11,2025-10-11_東京09R_陣馬特別,1倍台,馬連,4,6,600,0
2025-10-11,2025-10-11_東京09R_陣馬特別,1倍台,馬連,5,10,1000,0
2025-10-11,2025-10-11_東京09R_陣馬特別,1倍台,馬連,6,15,1500,2250
2025-10-11,2025-10-11_東京10R_東村山特別,1倍台,ワイド,3,3,300,0
2025-10-11,2025-10-11_東京10R_東村山特別,1倍台,ワイド,4,6,600,0
2025-10-11,2025-10-11_東京10R_東村山特別,1倍台,ワイド,5,10,1000,3850
2025-10-11,2025-10-11_東京10R_東村山特別,1倍台,ワイド,6,15,1500,3850
2025-10-11,2025-10-11_東京10R_東村山特別,1倍台,馬連,3,3,300,0
2025-10-11,2025-10-11_東京10R_東村山特別,1倍台,馬連,4,6,600,0
2025-10-11,2025-10-11_東京10R_東村山特別,1倍台,馬連,5,10,1000,0
2025-10-11,2025-10-11_東京10R_東村山特別,1倍台,馬連,6,15,1500,0
2025-10-11,2025-10-11_東京11R_サウジアラビアRC,1倍台,ワイド,3,3,300,1000
2025-10-11,2025-10-11_東京11R_サウジアラビアRC,1倍台,ワイド,4,6,600,1000
2025-10-11,2025-10-11_東京11R_サウジアラビアRC,1倍台,ワイド,5,10,1000,2550
2025-10-11,2025-10-11_東京11R_サウジアラビアRC,1倍台,ワイド,6,15,1500,2550
2025-10-11,2025-10-11_東京11R_サウジアラビアRC,1倍台,馬連,3,3,300,0
2025-10-11,2025-10-11_東京11R_サウジアラビアRC,1倍台,馬連,4,6,600,0
2025-10-11,2025-10-11_東京11R_サウジアラビアRC,1倍台,馬連,5,10,1000,8690
2025-10-11,2025-10-11_東京11R_サウジアラビアRC,1倍台,馬連,6,15,1500,8690
2025-10-11,2025-10-11_東京12R_3歳以上1勝クラス,3倍以上,ワイド,3,3,300,0
2025-10-11,2025-10-11_東京12R_3歳以上1勝クラス,3倍以上,ワイド,4,6,600,0
2025-10-11,2025-10-11_東京12R_3歳以上1勝クラス,3倍以上,ワイド,5,10,1000,0
2025-10-11,2025-10-11_東京12R_3歳以上1勝クラス,3倍以上,ワイド,6,15,1500,0
2025-10-11,2025-10-11_東京12R_3歳以上1勝クラス,3倍以上,馬連,3,3,300,0
2025-10-11,2025-10-11_東京12R_3歳以上1勝クラス,3倍以上,馬連,4,6,600,0
2025-10-11,2025-10-11_東京12R_3歳以上1勝クラス,3倍以上,馬連,5,10,1000,0
2025-10-11,2025-10-11_東京12R_3歳以上1勝クラス,3倍以上,馬連,6,15,1500,0
2025-10-12,2025-10-12_京都09R_円山特別,2倍台,ワイド,3,3,300,0
2025-10-12,2025-10-12_京都09R_円山特別,2倍台,ワイド,4,6,600,0
2025-10-12,2025-10-12_京都09R_円山特別,2倍台,ワイド,5,10,1000,210
2025-10-12,2025-10-12_京都09R_円山特別,2倍台,ワイド,6,15,1500,210
2025-10-12,2025-10-12_京都09R_円山特別,2倍台,馬連,3,3,300,0
2025-10-12,2025-10-12_京都09R_円山特別,2倍台,馬連,4,6,600,0
2025-10-12,2025-10-12_京都09R_円山特別,2倍台,馬連,5,10,1000,410
2025-10-12,2025-10-12_京都09R_円山特別,2倍台,馬連,6,15,1500,410
2025-10-12,2025-10-12_京都10R_三年坂S,2倍台,ワイド,3,3,300,0
2025-10-12,2025-10-12_京都10R_三年坂S,2倍台,ワイド,4,6,600,380
2025-10-12,2025-10-12_京都10R_三年坂S,2倍台,ワイド,5,10,1000,380
2025-10-12,2025-10-12_京都10R_三年坂S,2倍台,ワイド,6,15,1500,380
2025-10-12,2025-10-12_京都10R_三年坂S,2倍台,馬連,3,3,300,0
2025-10-12,2025-10-12_京都10R_三年坂S,2倍台,馬連,4,6,600,950
2025-10-12,2025-10-12_京都10R_三年坂S,2倍台,馬連,5,10,1000,950
2025-10-12,2025-10-12_京都10R_三年坂S,2倍台,馬連,6,15,1500,950
2025-10-12,2025-10-12_京都11R_太秦S,1倍台,ワイド,3,3,300,0
2025-10-12,2025-10-12_京都11R_太秦S,1倍台,ワイド,4,6,600,0
2025-10-12,2025-10-12_京都11R_太秦S,1倍台,ワイド,5,10,1000,0
2025-10-12,2025-10-12_京都11R_太秦S,1倍台,ワイド,6,15,1500,0
2025-10-12,2025-10-12_京都11R_太秦S,1倍台,馬連,3,3,300,0
2025-10-12,2025-10-12_京都11R_太秦S,1倍台,馬連,4,6,600,0
2025-10-12,2025-10-12_京都11R_太秦S,1倍台,馬連,5,10,1000,0
2025-10-12,2025-10-12_京都11R_太秦S,1倍台,馬連,6,15,1500,0
2025-10-12,2025-10-12_京都12R_3歳以上1勝クラス,3倍以上,ワイド,3,3,300,890
2025-10-12,2025-10-12_京都12R_3歳以上1勝クラス,3倍以上,ワイド,4,6,600,890
2025-10-12,2025-10-12_京都12R_3歳以上1勝クラス,3倍以上,ワイド,5,10,1000,890
2025-10-12,2025-10-12_京都12R_3歳以上1勝クラス,3倍以上,ワイド,6,15,1500,890
2025-10-12,2025-10-12_京都12R_3歳以上1勝クラス,3倍以上,馬連,3,3,300,0
2025-10-12,2025-10-12_京都12R_3歳以上1勝クラス,3倍以上,馬連,4,6,600,0
2025-10-12,2025-10-12_京都12R_3歳以上1勝クラス,3倍以上,馬連,5,10,1000,0
2025-10-12,2025-10-12_京都12R_3歳以上1勝クラス,3倍以上,馬連,6,15,1500,0
2025-10-12,2025-10-12_東京09R_鷹巣山特別,2倍台,ワイド,3,3,300,0
2025-10-12,2025-10-12_東京09R_鷹巣山特別,2倍台,ワイド,4,6,600,0
2025-10-12,2025-10-12_東京09R_鷹巣山特別,2倍台,ワイド,5,10,1000,0
2025-10-12,2025-10-12_東京09R_鷹巣山特別,2倍台,ワイド,6,15,1500,0
2025-10-12,2025-10-12_東京09R_鷹巣山特別,2倍台,馬連,3,3,300,0
2025-10-12,2025-10-12_東京09R_鷹巣山特別,2倍台,馬連,4,6,600,0
2025-10-12,2025-10-12_東京09R_鷹巣山特別,2倍台,馬連,5,10,1000,0
2025-10-12,2025-10-12_東京09R_鷹巣山特別,2倍台,馬連,6,15,1500,0
2025-10-12,2025-10-12_東京10R_テレビ静岡賞,3倍以上,ワイド,3,3,300,380
2025-10-12,2025-10-12_東京10R_テレビ静岡賞,3倍以上,ワイド,4,6,600,380
2025-10-12,2025-10-12_東京10R_テレビ静岡賞,3倍以上,ワイド,5,10,1000,380
2025-10-12,2025-10-12_東京10R_テレビ静岡賞,3倍以上,ワイド,6,15,1500,380
2025-10-12,2025-10-12_東京10R_テレビ静岡賞,3倍以上,馬連,3,3,300,890
2025-10-12,2025-10-12_東京10R_テレビ静岡賞,3倍以上,馬連,4,6,600,890
2025-10-12,2025-10-12_東京10R_テレビ静岡賞,3倍以上,馬連,5,10,1000,890
2025-10-12,2025-10-12_東京10R_テレビ静岡賞,3倍以上,馬連,6,15,1500,890
2025-10-12,2025-10-12_東京11R_アイルランドT,3倍以上,ワイド,3,3,300,0
2025-10-12,2025-10-12_東京11R_アイルランドT,3倍以上,ワイド,4,6,600,0
2025-10-12,2025-10-12_東京11R_アイルランドT,3倍以上,ワイド,5,10,1000,1570
2025-10-12,2025-10-12_東京11R_アイルランドT,3倍以上,ワイド,6,15,1500,1570
2025-10-12,2025-10-12_東京11R_アイルランドT,3倍以上,馬連,3,3,300,0
2025-10-12,2025-10-12_東京11R_アイルランドT,3倍以上,馬連,4,6,600,0
2025-10-12,2025-10-12_東京11R_アイルランドT,3倍以上,馬連,5,10,1000,0
2025-10-12,2025-10-12_東京11R_アイルランドT,3倍以上,馬連,6,15,1500,0
2025-10-12,2025-10-12_東京12R_3歳以上2勝クラス,3倍以上,ワイド,3,3,300,0
2025-10-12,2025-10-12_東京12R_3歳以上2勝クラス,3倍以上,ワイド,4,6,600,1080
2025-10-12,2025-10-12_東京12R_3歳以上2勝クラス,3倍以上,ワイド,5,10,1000,2650
2025-10-12,2025-10-12_東京12R_3歳以上2勝クラス,3倍以上,ワイド,6,15,1500,2650
2025-10-12,2025-10-12_東京12R_3歳以上2勝クラス,3倍以上,馬連,3,3,300,0
2025-10-12,2025-10-12_東京12R_3歳以上2勝クラス,3倍以上,馬連,4,6,600,0
2025-10-12,2025-10-12_東京12R_3歳以上2勝クラス,3倍以上,馬連,5,10,1000,1890
2025-10-12,2025-10-12_東京12R_3歳以上2勝クラス,3倍以上,馬連,6,15,1500,1890
2025-10-13,2025-10-13_京都09R_蹴上特別,1倍台,ワイド,3,3,300,140
2025-10-13,2025-10-13_京都09R_蹴上特別,1倍台,ワイド,4,6,600,630
2025-10-13,2025-10-13_京都09R_蹴上特別,1倍台,ワイド,5,10,1000,630
2025-10-13,2025-10-13_京都09R_蹴上特別,1倍台,ワイド,6,15,1500,630
2025-10-13,2025-10-13_京都09R_蹴上特別,1倍台,馬連,3,3,300,0
2025-10-13,2025-10-13_京都09R_蹴上特別,1倍台,馬連,4,6,600,610
2025-10-13,2025-10-13_京都09R_蹴上特別,1倍台,馬連,5,10,1000,610
2025-10-13,2025-10-13_京都09R_蹴上特別,1倍台,馬連,6,15,1500,610
2025-10-13,2025-10-13_京都10R_堀川特別,1倍台,ワイド,3,3,300,0
2025-10-13,2025-10-13_京都10R_堀川特別,1倍台,ワイド,4,6,600,280
2025-10-13,2025-10-13_京都10R_堀川特別,1倍台,ワイド,5,10,1000,280
2025-10-13,2025-10-13_京都10R_堀川特別,1倍台,ワイド,6,15,1500,1130
2025-10-13,2025-10-13_京都10R_堀川特別,1倍台,馬連,3,3,300,0
2025-10-13,2025-10-13_京都10R_堀川特別,1倍台,馬連,4,6,600,0
2025-10-13,2025-10-13_京都10R_堀川特別,1倍台,馬連,5,10,1000,0
2025-10-13,2025-10-13_京都10R_堀川特別,1倍台,馬連,6,15,1500,430
2025-10-13,2025-10-13_京都11R_スワンS,3倍以上,ワイド,3,3,300,870
2025-10-13,2025-10-13_京都11R_スワンS,3倍以上,ワイド,4,6,600,870
2025-10-13,2025-10-13_京都11R_スワンS,3倍以上,ワイド,5,10,1000,870
2025-10-13,2025-10-13_京都11R_スワンS,3倍以上,ワイド,6,15,1500,870
2025-10-13,2025-10-13_京都11R_スワンS,3倍以上,馬連,3,3,300,0
2025-10-13,2025-10-13_京都11R_スワンS,3倍以上,馬連,4,6,600,0
2025-10-13,2025-10-13_京都11R_スワンS,3倍以上,馬連,5,10,1000,0
2025-10-13,2025-10-13_京都11R_スワンS,3倍以上,馬連,6,15,1500,0
2025-10-13,2025-10-13_京都12R_3歳以上1勝クラス,3倍以上,ワイド,3,3,300,970
2025-10-13,2025-10-13_京都12R_3歳以上1勝クラス,3倍以上,ワイド,4,6,600,2220
2025-10-13,2025-10-13_京都12R_3歳以上1勝クラス,3倍以上,ワイド,5,10,1000,2220
2025-10-13,2025-10-13_京都12R_3歳以上1勝クラス,3倍以上,ワイド,6,15,1500,2220
2025-10-13,2025-10-13_京都12R_3歳以上1勝クラス,3倍以上,馬連,3,3,300,3000
2025-10-13,2025-10-13_京都12R_3歳以上1勝クラス,3倍以上,馬連,4,6,600,3000
2025-10-13,2025-10-13_京都12R_3歳以上1勝クラス,3倍以上,馬連,5,10,1000,3000
2025-10-13,2025-10-13_京都12R_3歳以上1勝クラス,3倍以上,馬連,6,15,1500,3000
2025-10-13,2025-10-13_東京09R_3歳以上1勝クラス,1倍台,ワイド,3,3,300,0
2025-10-13,2025-10-13_東京09R_3歳以上1勝クラス,1倍台,ワイド,4,6,600,0
2025-10-13,2025-10-13_東京09R_3歳以上1勝クラス,1倍台,ワイド,5,10,1000,0
2025-10-13,2025-10-13_東京09R_3歳以上1勝クラス,1倍台,ワイド,6,15,1500,0
2025-10-13,2025-10-13_東京09R_3歳以上1勝クラス,1倍台,馬連,3,3,300,0
2025-10-13,2025-10-13_東京09R_3歳以上1勝クラス,1倍台,馬連,4,6,600,0
2025-10-13,2025-10-13_東京09R_3歳以上1勝クラス,1倍台,馬連,5,10,1000,0
2025-10-13,2025-10-13_東京09R_3歳以上1勝クラス,1倍台,馬連,6,15,1500,0
2025-10-13,2025-10-13_東京10R_昇仙峡S,2倍台,ワイド,3,3,300,840
2025-10-13,2025-10-13_東京10R_昇仙峡S,2倍台,ワイド,4,6,600,840
2025-10-13,2025-10-13_東京10R_昇仙峡S,2倍台,ワイド,5,10,1000,840
2025-10-13,2025-10-13_東京10R_昇仙峡S,2倍台,ワイド,6,15,1500,840
2025-10-13,2025-10-13_東京10R_昇仙峡S,2倍台,馬連,3,3,300,1430
2025-10-13,2025-10-13_東京10R_昇仙峡S,2倍台,馬連,4,6,600,1430
2025-10-13,2025-10-13_東京10R_昇仙峡S,2倍台,馬連,5,10,1000,1430
2025-10-13,2025-10-13_東京10R_昇仙峡S,2倍台,馬連,6,15,1500,1430
2025-10-13,2025-10-13_東京11R_オクトーバーS,3倍以上,ワイド,3,3,300,0
2025-10-13,2025-10-13_東京11R_オクトーバーS,3倍以上,ワイド,4,6,600,0
2025-10-13,2025-10-13_東京11R_オクトーバーS,3倍以上,ワイド,5,10,1000,0
2025-10-13,2025-10-13_東京11R_オクトーバーS,3倍以上,ワイド,6,15,1500,0
2025-10-13,2025-10-13_東京11R_オクトーバーS,3倍以上,馬連,3,3,300,0
2025-10-13,2025-10-13_東京11R_オクトーバーS,3倍以上,馬連,4,6,600,0
2025-10-13,2025-10-13_東京11R_オクトーバーS,3倍以上,馬連,5,10,1000,0
2025-10-13,2025-10-13_東京11R_オクトーバーS,3倍以上,馬連,6,15,1500,0
2025-10-13,2025-10-13_東京12R_3歳以上1勝クラス,3倍以上,ワイド,3,3,300,0
2025-10-13,2025-10-13_東京12R_3歳以上1勝クラス,3倍以上,ワイド,4,6,600,0
2025-10-13,2025-10-13_東京12R_3歳以上1勝クラス,3倍以上,ワイド,5,10,1000,0
2025-10-13,2025-10-13_東京12R_3歳以上1勝クラス,3倍以上,ワイド,6,15,1500,420
2025-10-13,2025-10-13_東京12R_3歳以上1勝クラス,3倍以上,馬連,3,3,300,0
2025-10-13,2025-10-13_東京12R_3歳以上1勝クラス,3倍以上,馬連,4,6,600,0
2025-10-13,2025-10-13_東京12R_3歳以上1勝クラス,3倍以上,馬連,5,10,1000,0
2025-10-13,2025-10-13_東京12R_3歳以上1勝クラス,3倍以上,馬連,6,15,1500,1000
2025-10-18,2025-10-18_京都09R_3歳以上2勝クラス,2倍台,ワイド,3,3,300,180
2025-10-18,2025-10-18_京都09R_3歳以上2勝クラス,2倍台,ワイド,4,6,600,180
2025-10-18,2025-10-18_京都09R_3歳以上2勝クラス,2倍台,ワイド,5,10,1000,180
2025-10-18,2025-10-18_京都09R_3歳以上2勝クラス,2倍台,ワイド,6,15,1500,1000
2025-10-18,2025-10-18_京都09R_3歳以上2勝クラス,2倍台,馬連,3,3,300,0
2025-10-18,2025-10-18_京都09R_3歳以上2勝クラス,2倍台,馬連,4,6,600,0
2025-10-18,2025-10-18_京都09R_3歳以上2勝クラス,2倍台,馬連,5,10,1000,0
2025-10-18,2025-10-18_京都09R_3歳以上2勝クラス,2倍台,馬連,6,15,1500,1510
2025-10-18,2025-10-18_京都10R_清滝特別,2倍台,ワイド,3,3,300,210
2025-10-18,2025-10-18_京都10R_清滝特別,2倍台,ワイド,4,6,600,210
2025-10-18,2025-10-18_京都10R_清滝特別,2倍台,ワイド,5,10,1000,210
2025-10-18,2025-10-18_京都10R_清滝特別,2倍台,ワイド,6,15,1500,210
2025-10-18,2025-10-18_京都10R_清滝特別,2倍台,馬連,3,3,300,0
2025-10-18,2025-10-18_京都10R_清滝特別,2倍台,馬連,4,6,600,0
2025-10-18,2025-10-18_京都10R_清滝特別,2倍台,馬連,5,10,1000,0
2025-10-18,2025-10-18_京都10R_清滝特別,2倍台,馬連,6,15,1500,0
2025-10-18,2025-10-18_京都11R_トルマリンS,3倍以上,ワイド,3,3,300,0
2025-10-18,2025-10-18_京都11R_トルマリンS,3倍以上,ワイド,4,6,600,0
2025-10-18,2025-10-18_京都11R_トルマリンS,3倍以上,ワイド,5,10,1000,0
2025-10-18,2025-10-18_京都11R_トルマリンS,3倍以上,ワイド,6,15,1500,410
2025-10-18,2025-10-18_京都11R_トルマリンS,3倍以上,馬連,3,3,300,0
2025-10-18,2025-10-18_京都11R_トルマリンS,3倍以上,馬連,4,6,600,0
2025-10-18,2025-10-18_京都11R_トルマリンS,3倍以上,馬連,5,10,1000,0
2025-10-18,2025-10-18_京都11R_トルマリンS,3倍以上,馬連,6,15,1500,890
2025-10-18,2025-10-18_京都12R_3歳以上1勝クラス,3倍以上,ワイド,3,3,300,0
2025-10-18,2025-10-18_京都12R_3歳以上1勝クラス,3倍以上,ワイド,4,6,600,0
2025-10-18,2025-10-18_京都12R_3歳以上1勝クラス,3倍以上,ワイド,5,10,1000,0
2025-10-18,2025-10-18_京都12R_3歳以上1勝クラス,3倍以上,ワイド,6,15,1500,0
2025-10-18,2025-10-18_京都12R_3歳以上1勝クラス,3倍以上,馬連,3,3,300,0
2025-10-18,2025-10-18_京都12R_3歳以上1勝クラス,3倍以上,馬連,4,6,600,0
2025-10-18,2025-10-18_京都12R_3歳以上1勝クラス,3倍以上,馬連,5,10,1000,0
2025-10-18,2025-10-18_京都12R_3歳以上1勝クラス,3倍以上,馬連,6,15,1500,0
2025-10-18,2025-10-18_新潟09R_岩船特別,3倍以上,ワイド,3,3,300,0
2025-10-18,2025-10-18_新潟09R_岩船特別,3倍以上,ワイド,4,6,600,0
2025-10-18,2025-10-18_新潟09R_岩船特別,3倍以上,ワイド,5,10,1000,2230
2025-10-18,2025-10-18_新潟09R_岩船特別,3倍以上,ワイド,6,15,1500,2230
2025-10-18,2025-10-18_新潟09R_岩船特別,3倍以上,馬連,3,3,300,0
2025-10-18,2025-10-18_新潟09R_岩船特別,3倍以上,馬連,4,6,600,0
2025-10-18,2025-10-18_新潟09R_岩船特別,3倍以上,馬連,5,10,1000,0
2025-10-18,2025-10-18_新潟09R_岩船特別,3倍以上,馬連,6,15,1500,0
2025-10-18,2025-10-18_新潟10R_妙高特別,2倍台,ワイド,3,3,300,1460
2025-10-18,2025-10-18_新潟10R_妙高特別,2倍台,ワイド,4,6,600,1460
2025-10-18,2025-10-18_新潟10R_妙高特別,2倍台,ワイド,5,10,1000,1460
2025-10-18,2025-10-18_新潟10R_妙高特別,2倍台,ワイド,6,15,1500,5720
2025-10-18,2025-10-18_新潟10R_妙高特別,2倍台,馬連,3,3,300,0
2025-10-18,2025-10-18_新潟10R_妙高特別,2倍台,馬連,4,6,600,0
2025-10-18,2025-10-18_新潟10R_妙高特別,2倍台,馬連,5,10,1000,0
2025-10-18,2025-10-18_新潟10R_妙高特別,2倍台,馬連,6,15,1500,3850
2025-10-18,2025-10-18_新潟11R_北陸S,1倍台,ワイド,3,3,300,2610
2025-10-18,2025-10-18_新潟11R_北陸S,1倍台,ワイド,4,6,600,2610
2025-10-18,2025-10-18_新潟11R_北陸S,1倍台,ワイド,5,10,1000,2610
2025-10-18,2025-10-18_新潟11R_北陸S,1倍台,ワイド,6,15,1500,2610
2025-10-18,2025-10-18_新潟11R_北陸S,1倍台,馬連,3,3,300,1040
2025-10-18,2025-10-18_新潟11R_北陸S,1倍台,馬連,4,6,600,1040
2025-10-18,2025-10-18_新潟11R_北陸S,1倍台,馬連,5,10,1000,1040
2025-10-18,2025-10-18_新潟11R_北陸S,1倍台,馬連,6,15,1500,1040
2025-10-18,2025-10-18_新潟12R_3歳以上1勝クラス,3倍以上,ワイド,3,3,300,0
2025-10-18,2025-10-18_新潟12R_3歳以上1勝クラス,3倍以上,ワイド,4,6,600,0
2025-10-18,2025-10-18_新潟12R_3歳以上1勝クラス,3倍以上,ワイド,5,10,1000,0
2025-10-18,2025-10-18_新潟12R_3歳以上1勝クラス,3倍以上,ワイド,6,15,1500,510
2025-10-18,2025-10-18_新潟12R_3歳以上1勝クラス,3倍以上,馬連,3,3,300,0
2025-10-18,2025-10-18_新潟12R_3歳以上1勝クラス,3倍以上,馬連,4,6,600,0
2025-10-18,2025-10-18_新潟12R_3歳以上1勝クラス,3倍以上,馬連,5,10,1000,0
2025-10-18,2025-10-18_新潟12R_3歳以上1勝クラス,3倍以上,馬連,6,15,1500,0
2025-10-18,2025-10-18_東京09R_アイビーS,2倍台,ワイド,3,3,300,200
2025-10-18,2025-10-18_東京09R_アイビーS,2倍台,ワイド,4,6,600,500
2025-10-18,2025-10-18_東京09R_アイビーS,2倍台,ワイド,5,10,1000,500
2025-10-18,2025-10-18_東京09R_アイビーS,2倍台,ワイド,6,15,1500,500
2025-10-18,2025-10-18_東京09R_アイビーS,2倍台,馬連,3,3,300,0
2025-10-18,2025-10-18_東京09R_アイビーS,2倍台,馬連,4,6,600,320
2025-10-18,2025-10-18_東京09R_アイビーS,2倍台,馬連,5,10,1000,320
2025-10-18,2025-10-18_東京09R_アイビーS,2倍台,馬連,6,15,1500,320
2025-10-18,2025-10-18_東京10R_伊勢佐木S,2倍台,ワイド,3,3,300,0
2025-10-18,2025-10-18_東京10R_伊勢佐木S,2倍台,ワイド,4,6,600,0
2025-10-18,2025-10-18_東京10R_伊勢佐木S,2倍台,ワイド,5,10,1000,410
2025-10-18,2025-10-18_東京10R_伊勢佐木S,2倍台,ワイド,6,15,1500,410
2025-10-18,2025-10-18_東京10R_伊勢佐木S,2倍台,馬連,3,3,300,0
2025-10-18,2025-10-18_東京10R_伊勢佐木S,2倍台,馬連,4,6,600,0
2025-10-18,2025-10-18_東京10R_伊勢佐木S,2倍台,馬連,5,10,1000,0
2025-10-18,2025-10-18_東京10R_伊勢佐木S,2倍台,馬連,6,15,1500,0
2025-10-18,2025-10-18_東京11R_富士S,1倍台,ワイド,3,3,300,0
2025-10-18,2025-10-18_東京11R_富士S,1倍台,ワイド,4,6,600,580
2025-10-18,2025-10-18_東京11R_富士S,1倍台,ワイド,5,10,1000,1100
2025-10-18,2025-10-18_東京11R_富士S,1倍台,ワイド,6,15,1500,1100
2025-10-18,2025-10-18_東京11R_富士S,1倍台,馬連,3,3,300,0
2025-10-18,2025-10-18_東京11R_富士S,1倍台,馬連,4,6,600,0
2025-10-18,2025-10-18_東京11R_富士S,1倍台,馬連,5,10,1000,620
2025-10-18,2025-10-18_東京11R_富士S,1倍台,馬連,6,15,1500,620
2025-10-18,2025-10-18_東京12R_3歳以上2勝クラス,3倍以上,ワイド,3,3,300,0
2025-10-18,2025-10-18_東京12R_3歳以上2勝クラス,3倍以上,ワイド,4,6,600,0
2025-10-18,2025-10-18_東京12R_3歳以上2勝クラス,3倍以上,ワイド,5,10,1000,0
2025-10-18,2025-10-18_東京12R_3歳以上2勝クラス,3倍以上,ワイド,6,15,1500,0
2025-10-18,2025-10-18_東京12R_3歳以上2勝クラス,3倍以上,馬連,3,3,300,0
2025-10-18,2025-10-18_東京12R_3歳以上2勝クラス,3倍以上,馬連,4,6,600,0
2025-10-18,2025-10-18_東京12R_3歳以上2勝クラス,3倍以上,馬連,5,10,1000,0
2025-10-18,2025-10-18_東京12R_3歳以上2勝クラス,3倍以上,馬連,6,15,1500,0
2025-10-19,2025-10-19_京都09R_もみじS,2倍台,ワイド,3,3,300,180
2025-10-19,2025-10-19_京都09R_もみじS,2倍台,ワイド,4,6,600,1030
2025-10-19,2025-10-19_京都09R_もみじS,2倍台,ワイド,5,10,1000,1030
2025-10-19,2025-10-19_京都09R_もみじS,2倍台,ワイド,6,15,1500,1030
2025-10-19,2025-10-19_京都09R_もみじS,2倍台,馬連,3,3,300,300
2025-10-19,2025-10-19_京都09R_もみじS,2倍台,馬連,4,6,600,300
2025-10-19,2025-10-19_京都09R_もみじS,2倍台,馬連,5,10,1000,300
2025-10-19,2025-10-19_京都09R_もみじS,2倍台,馬連,6,15,1500,300
2025-10-19,2025-10-19_京都10R_京都競馬場開設100周年記念,1倍台,ワイド,3,3,300,0
2025-10-19,2025-10-19_京都10R_京都競馬場開設100周年記念,1倍台,ワイド,4,6,600,0
2025-10-19,2025-10-19_京都10R_京都競馬場開設100周年記念,1倍台,ワイド,5,10,1000,0
2025-10-19,2025-10-19_京都10R_京都競馬場開設100周年記念,1倍台,ワイド,6,15,1500,380
2025-10-19,2025-10-19_京都10R_京都競馬場開設100周年記念,1倍台,馬連,3,3,300,0
2025-10-19,2025-10-19_京都10R_京都競馬場開設100周年記念,1倍台,馬連,4,6,600,0
2025-10-19,2025-10-19_京都10R_京都競馬場開設100周年記念,1倍台,馬連,5,10,1000,0
2025-10-19,2025-10-19_京都10R_京都競馬場開設100周年記念,1倍台,馬連,6,15,1500,0
2025-10-19,2025-10-19_京都11R_秋華賞,2倍台,ワイド,3,3,300,0
2025-10-19,2025-10-19_京都11R_秋華賞,2倍台,ワイド,4,6,600,0
2025-10-19,2025-10-19_京都11R_秋華賞,2倍台,ワイド,5,10,1000,0
2025-10-19,2025-10-19_京都11R_秋華賞,2倍台,ワイド,6,15,1500,0
2025-10-19,2025-10-19_京都11R_秋華賞,2倍台,馬連,3,3,300,0
2025-10-19,2025-10-19_京都11R_秋華賞,2倍台,馬連,4,6,600,0
2025-10-19,2025-10-19_京都11R_秋華賞,2倍台,馬連,5,10,1000,0
2025-10-19,2025-10-19_京都11R_秋華賞,2倍台,馬連,6,15,1500,0
2025-10-19,2025-10-19_京都12R_聚楽第特別,3倍以上,ワイド,3,3,300,0
2025-10-19,2025-10-19_京都12R_聚楽第特別,3倍以上,ワイド,4,6,600,0
2025-10-19,2025-10-19_京都12R_聚楽第特別,3倍以上,ワイド,5,10,1000,0
2025-10-19,2025-10-19_京都12R_聚楽第特別,3倍以上,ワイド,6,15,1500,0
2025-10-19,2025-10-19_京都12R_聚楽第特別,3倍以上,馬連,3,3,300,0
2025-10-19,2025-10-19_京都12R_聚楽第特別,3倍以上,馬連,4,6,600,0
2025-10-19,2025-10-19_京都12R_聚楽第特別,3倍以上,馬連,5,10,1000,0
2025-10-19,2025-10-19_京都12R_聚楽第特別,3倍以上,馬連,6,15,1500,0
2025-10-19,2025-10-19_新潟09R_松浜特別,3倍以上,ワイド,3,3,300,0
2025-10-19,2025-10-19_新潟09R_松浜特別,3倍以上,ワイド,4,6,600,0
2025-10-19,2025-10-19_新潟09R_松浜特別,3倍以上,ワイド,5,10,1000,0
2025-10-19,2025-10-19_新潟09R_松浜特別,3倍以上,ワイド,6,15,1500,2810
2025-10-19,2025-10-19_新潟09R_松浜特別,3倍以上,馬連,3,3,300,0
2025-10-19,2025-10-19_新潟09R_松浜特別,3倍以上,馬連,4,6,600,0
2025-10-19,2025-10-19_新潟09R_松浜特別,3倍以上,馬連,5,10,1000,0
2025-10-19,2025-10-19_新潟09R_松浜特別,3倍以上,馬連,6,15,1500,0
2025-10-19,2025-10-19_新潟10R_飛翼特別,3倍以上,ワイド,3,3,300,0
2025-10-19,2025-10-19_新潟10R_飛翼特別,3倍以上,ワイド,4,6,600,0
2025-10-19,2025-10-19_新潟10R_飛翼特別,3倍以上,ワイド,5,10,1000,800
2025-10-19,2025-10-19_新潟10R_飛翼特別,3倍以上,ワイド,6,15,1500,800
2025-10-19,2025-10-19_新潟10R_飛翼特別,3倍以上,馬連,3,3,300,0
2025-10-19,2025-10-19_新潟10R_飛翼特別,3倍以上,馬連,4,6,600,0
2025-10-19,2025-10-19_新潟10R_飛翼特別,3倍以上,馬連,5,10,1000,2200
2025-10-19,2025-10-19_新潟10R_飛翼特別,3倍以上,馬連,6,15,1500,2200
2025-10-19,2025-10-19_新潟11R_新潟牝馬S,2倍台,ワイド,3,3,300,0
2025-10-19,2025-10-19_新潟11R_新潟牝馬S,2倍台,ワイド,4,6,600,0
2025-10-19,2025-10-19_新潟11R_新潟牝馬S,2倍台,ワイド,5,10,1000,460
2025-10-19,2025-10-19_新潟11R_新潟牝馬S,2倍台,ワイド,6,15,1500,460
2025-10-19,2025-10-19_新潟11R_新潟牝馬S,2倍台,馬連,3,3,300,0
2025-10-19,2025-10-19_新潟11R_新潟牝馬S,2倍台,馬連,4,6,600,0
2025-10-19,2025-10-19_新潟11R_新潟牝馬S,2倍台,馬連,5,10,1000,1050
2025-10-19,2025-10-19_新潟11R_新潟牝馬S,2倍台,馬連,6,15,1500,1050
2025-10-19,2025-10-19_新潟12R_3歳以上1勝クラス,2倍台,ワイド,3,3,300,400
2025-10-19,2025-10-19_新潟12R_3歳以上1勝クラス,2倍台,ワイド,4,6,600,400
2025-10-19,2025-10-19_新潟12R_3歳以上1勝クラス,2倍台,ワイド,5,10,1000,2600
2025-10-19,2025-10-19_新潟12R_3歳以上1勝クラス,2倍台,ワイド,6,15,1500,2600
2025-10-19,2025-10-19_新潟12R_3歳以上1勝クラス,2倍台,馬連,3,3,300,1050
2025-10-19,2025-10-19_新潟12R_3歳以上1勝クラス,2倍台,馬連,4,6,600,1050
2025-10-19,2025-10-19_新潟12R_3歳以上1勝クラス,2倍台,馬連,5,10,1000,1050
2025-10-19,2025-10-19_新潟12R_3歳以上1勝クラス,2倍台,馬連,6,15,1500,1050
2025-10-19,2025-10-19_東京09R_東京ハイジャンプ,1倍台,ワイド,3,3,300,140
2025-10-19,2025-10-19_東京09R_東京ハイジャンプ,1倍台,ワイド,4,6,600,140
2025-10-19,2025-10-19_東京09R_東京ハイジャンプ,1倍台,ワイド,5,10,1000,440
2025-10-19,2025-10-19_東京09R_東京ハイジャンプ,1倍台,ワイド,6,15,1500,440
2025-10-19,2025-10-19_東京09R_東京ハイジャンプ,1倍台,馬連,3,3,300,0
2025-10-19,2025-10-19_東京09R_東京ハイジャンプ,1倍台,馬連,4,6,600,0
2025-10-19,2025-10-19_東京09R_東京ハイジャンプ,1倍台,馬連,5,10,1000,240
2025-10-19,2025-10-19_東京09R_東京ハイジャンプ,1倍台,馬連,6,15,1500,240
2025-10-19,2025-10-19_東京10R_西湖特別,1倍台,ワイド,3,3,300,410
2025-10-19,2025-10-19_東京10R_西湖特別,1倍台,ワイド,4,6,600,410
2025-10-19,2025-10-19_東京10R_西湖特別,1倍台,ワイド,5,10,1000,410
2025-10-19,2025-10-19_東京10R_西湖特別,1倍台,ワイド,6,15,1500,410
2025-10-19,2025-10-19_東京10R_西湖特別,1倍台,馬連,3,3,300,0
2025-10-19,2025-10-19_東京10R_西湖特別,1倍台,馬連,4,6,600,0
2025-10-19,2025-10-19_東京10R_西湖特別,1倍台,馬連,5,10,1000,0
2025-10-19,2025-10-19_東京10R_西湖特別,1倍台,馬連,6,15,1500,0
2025-10-19,2025-10-19_東京11R_ブラジルC,3倍以上,ワイド,3,3,300,0
2025-10-19,2025-10-19_東京11R_ブラジルC,3倍以上,ワイド,4,6,600,0
2025-10-19,2025-10-19_東京11R_ブラジルC,3倍以上,ワイド,5,10,1000,0
2025-10-19,2025-10-19_東京11R_ブラジルC,3倍以上,ワイド,6,15,1500,420
2025-10-19,2025-10-19_東京11R_ブラジルC,3倍以上,馬連,3,3,300,0
2025-10-19,2025-10-19_東京11R_ブラジルC,3倍以上,馬連,4,6,600,0
2025-10-19,2025-10-19_東京11R_ブラジルC,3倍以上,馬連,5,10,1000,0
2025-10-19,2025-10-19_東京11R_ブラジルC,3倍以上,馬連,6,15,1500,0
2025-10-19,2025-10-19_東京12R_甲斐路S,2倍台,ワイド,3,3,300,0
2025-10-19,2025-10-19_東京12R_甲斐路S,2倍台,ワイド,4,6,600,0
2025-10-19,2025-10-19_東京12R_甲斐路S,2倍台,ワイド,5,10,1000,800
2025-10-19,2025-10-19_東京12R_甲斐路S,2倍台,ワイド,6,15,1500,6190
2025-10-19,2025-10-19_東京12R_甲斐路S,2倍台,馬連,3,3,300,0
2025-10-19,2025-10-19_東京12R_甲斐路S,2倍台,馬連,4,6,600,0
2025-10-19,2025-10-19_東京12R_甲斐路S,2倍台,馬連,5,10,1000,1920
2025-10-19,2025-10-19_東京12R_甲斐路S,2倍台,馬連,6,15,1500,1920
2025-10-25,2025-10-25_京都09R_北國新聞杯,1倍台,ワイド,3,3,300,210
2025-10-25,2025-10-25_京都09R_北國新聞杯,1倍台,ワイド,4,6,600,210
2025-10-25,2025-10-25_京都09R_北國新聞杯,1倍台,ワイド,5,10,1000,210
2025-10-25,2025-10-25_京都09R_北國新聞杯,1倍台,ワイド,6,15,1500,210
2025-10-25,2025-10-25_京都09R_北國新聞杯,1倍台,馬連,3,3,300,0
2025-10-25,2025-10-25_京都09R_北國新聞杯,1倍台,馬連,4,6,600,0
2025-10-25,2025-10-25_京都09R_北國新聞杯,1倍台,馬連,5,10,1000,0
2025-10-25,2025-10-25_京都09R_北國新聞杯,1倍台,馬連,6,15,1500,0
2025-10-25,2025-10-25_京都10R_長岡京S,3倍以上,ワイド,3,3,300,0
2025-10-25,2025-10-25_京都10R_長岡京S,3倍以上,ワイド,4,6,600,0
2025-10-25,2025-10-25_京都10R_長岡京S,3倍以上,ワイド,5,10,1000,880
2025-10-25,2025-10-25_京都10R_長岡京S,3倍以上,ワイド,6,15,1500,880
2025-10-25,2025-10-25_京都10R_長岡京S,3倍以上,馬連,3,3,300,0
2025-10-25,2025-10-25_京都10R_長岡京S,3倍以上,馬連,4,6,600,0
2025-10-25,2025-10-25_京都10R_長岡京S,3倍以上,馬連,5,10,1000,0
2025-10-25,2025-10-25_京都10R_長岡京S,3倍以上,馬連,6,15,1500,0
2025-10-25,2025-10-25_京都11R_カシオペアS,3倍以上,ワイド,3,3,300,0
2025-10-25,2025-10-25_京都11R_カシオペアS,3倍以上,ワイド,4,6,600,0
2025-10-25,2025-10-25_京都11R_カシオペアS,3倍以上,ワイド,5,10,1000,0
2025-10-25,2025-10-25_京都11R_カシオペアS,3倍以上,ワイド,6,15,1500,470
2025-10-25,2025-10-25_京都11R_カシオペアS,3倍以上,馬連,3,3,300,0
2025-10-25,2025-10-25_京都11R_カシオペアS,3倍以上,馬連,4,6,600,0
2025-10-25,2025-10-25_京都11R_カシオペアS,3倍以上,馬連,5,10,1000,0
2025-10-25,2025-10-25_京都11R_カシオペアS,3倍以上,馬連,6,15,1500,1240
2025-10-25,2025-10-25_京都12R_3歳以上1勝クラス,3倍以上,ワイド,3,3,300,300
2025-10-25,2025-10-25_京都12R_3歳以上1勝クラス,3倍以上,ワイド,4,6,600,300
2025-10-25,2025-10-25_京都12R_3歳以上1勝クラス,3倍以上,ワイド,5,10,1000,300
2025-10-25,2025-10-25_京都12R_3歳以上1勝クラス,3倍以上,ワイド,6,15,1500,1040
2025-10-25,2025-10-25_京都12R_3歳以上1勝クラス,3倍以上,馬連,3,3,300,0
2025-10-25,2025-10-25_京都12R_3歳以上1勝クラス,3倍以上,馬連,4,6,600,0
2025-10-25,2025-10-25_京都12R_3歳以上1勝クラス,3倍以上,馬連,5,10,1000,0
2025-10-25,2025-10-25_京都12R_3歳以上1勝クラス,3倍以上,馬連,6,15,1500,1420
2025-10-25,2025-10-25_新潟09R_稲光特別,3倍以上,ワイド,3,3,300,0
2025-10-25,2025-10-25_新潟09R_稲光特別,3倍以上,ワイド,4,6,600,0
2025-10-25,2025-10-25_新潟09R_稲光特別,3倍以上,ワイド,5,10,1000,0
2025-10-25,2025-10-25_新潟09R_稲光特別,3倍以上,ワイド,6,15,1500,0
2025-10-25,2025-10-25_新潟09R_稲光特別,3倍以上,馬連,3,3,300,0
2025-10-25,2025-10-25_新潟09R_稲光特別,3倍以上,馬連,4,6,600,0
2025-10-25,2025-10-25_新潟09R_稲光特別,3倍以上,馬連,5,10,1000,0
2025-10-25,2025-10-25_新潟09R_稲光特別,3倍以上,馬連,6,15,1500,0
2025-10-25,2025-10-25_新潟10R_菅名岳特別,3倍以上,ワイド,3,3,300,0
2025-10-25,2025-10-25_新潟10R_菅名岳特別,3倍以上,ワイド,4,6,600,0
2025-10-25,2025-10-25_新潟10R_菅名岳特別,3倍以上,ワイド,5,10,1000,0
2025-10-25,2025-10-25_新潟10R_菅名岳特別,3倍以上,ワイド,6,15,1500,1660
2025-10-25,2025-10-25_新潟10R_菅名岳特別,3倍以上,馬連,3,3,300,0
2025-10-25,2025-10-25_新潟10R_菅名岳特別,3倍以上,馬連,4,6,600,0
2025-10-25,2025-10-25_新潟10R_菅名岳特別,3倍以上,馬連,5,10,1000,0
2025-10-25,2025-10-25_新潟10R_菅名岳特別,3倍以上,馬連,6,15,1500,4380
2025-10-25,2025-10-25_新潟11R_魚沼S,3倍以上,ワイド,3,3,300,0
2025-10-25,2025-10-25_新潟11R_魚沼S,3倍以上,ワイド,4,6,600,0
2025-10-25,2025-10-25_新潟11R_魚沼S,3倍以上,ワイド,5,10,1000,0
2025-10-25,2025-10-25_新潟11R_魚沼S,3倍以上,ワイド,6,15,1500,0
2025-10-25,2025-10-25_新潟11R_魚沼S,3倍以上,馬連,3,3,300,0
2025-10-25,2025-10-25_新潟11R_魚沼S,3倍以上,馬連,4,6,600,0
2025-10-25,2025-10-25_新潟11R_魚沼S,3倍以上,馬連,5,10,1000,0
2025-10-25,2025-10-25_新潟11R_魚沼S,3倍以上,馬連,6,15,1500,0
2025-10-25,2025-10-25_新潟12R_3歳以上1勝クラス,3倍以上,ワイド,3,3,300,0
2025-10-25,2025-10-25_新潟12R_3歳以上1勝クラス,3倍以上,ワイド,4,6,600,0
2025-10-25,2025-10-25_新潟12R_3歳以上1勝クラス,3倍以上,ワイド,5,10,1000,1040
2025-10-25,2025-10-25_新潟12R_3歳以上1勝クラス,3倍以上,ワイド,6,15,1500,1040
2025-10-25,2025-10-25_新潟12R_3歳以上1勝クラス,3倍以上,馬連,3,3,300,0
2025-10-25,2025-10-25_新潟12R_3歳以上1勝クラス,3倍以上,馬連,4,6,600,0
2025-10-25,2025-10-25_新潟12R_3歳以上1勝クラス,3倍以上,馬連,5,10,1000,2920
2025-10-25,2025-10-25_新潟12R_3歳以上1勝クラス,3倍以上,馬連,6,15,1500,2920
2025-10-25,2025-10-25_東京09R_精進湖特別,2倍台,ワイド,3,3,300,0
2025-10-25,2025-10-25_東京09R_精進湖特別,2倍台,ワイド,4,6,600,0
2025-10-25,2025-10-25_東京09R_精進湖特別,2倍台,ワイド,5,10,1000,790
2025-10-25,2025-10-25_東京09R_精進湖特別,2倍台,ワイド,6,15,1500,790
2025-10-25,2025-10-25_東京09R_精進湖特別,2倍台,馬連,3,3,300,0
2025-10-25,2025-10-25_東京09R_精進湖特別,2倍台,馬連,4,6,600,0
2025-10-25,2025-10-25_東京09R_精進湖特別,2倍台,馬連,5,10,1000,0
2025-10-25,2025-10-25_東京09R_精進湖特別,2倍台,馬連,6,15,1500,0
2025-10-25,2025-10-25_東京10R_河口湖S,2倍台,ワイド,3,3,300,0
2025-10-25,2025-10-25_東京10R_河口湖S,2倍台,ワイド,4,6,600,0
2025-10-25,2025-10-25_東京10R_河口湖S,2倍台,ワイド,5,10,1000,0
2025-10-25,2025-10-25_東京10R_河口湖S,2倍台,ワイド,6,15,1500,0
2025-10-25,2025-10-25_東京10R_河口湖S,2倍台,馬連,3,3,300,0
2025-10-25,2025-10-25_東京10R_河口湖S,2倍台,馬連,4,6,600,0
2025-10-25,2025-10-25_東京10R_河口湖S,2倍台,馬連,5,10,1000,0
2025-10-25,2025-10-25_東京10R_河口湖S,2倍台,馬連,6,15,1500,0
2025-10-25,2025-10-25_東京11R_アルテミスS,2倍台,ワイド,3,3,300,500
2025-10-25,2025-10-25_東京11R_アルテミスS,2倍台,ワイド,4,6,600,500
2025-10-25,2025-10-25_東京11R_アルテミスS,2倍台,ワイド,5,10,1000,500
2025-10-25,2025-10-25_東京11R_アルテミスS,2倍台,ワイド,6,15,1500,500
2025-10-25,2025-10-25_東京11R_アルテミスS,2倍台,馬連,3,3,300,0
2025-10-25,2025-10-25_東京11R_アルテミスS,2倍台,馬連,4,6,600,0
2025-10-25,2025-10-25_東京11R_アルテミスS,2倍台,馬連,5,10,1000,0
2025-10-25,2025-10-25_東京11R_アルテミスS,2倍台,馬連,6,15,1500,0
2025-10-25,2025-10-25_東京12R_3歳以上2勝クラス,2倍台,ワイド,3,3,300,290
2025-10-25,2025-10-25_東京12R_3歳以上2勝クラス,2倍台,ワイド,4,6,600,290
2025-10-25,2025-10-25_東京12R_3歳以上2勝クラス,2倍台,ワイド,5,10,1000,290
2025-10-25,2025-10-25_東京12R_3歳以上2勝クラス,2倍台,ワイド,6,15,1500,290
2025-10-25,2025-10-25_東京12R_3歳以上2勝クラス,2倍台,馬連,3,3,300,550
2025-10-25,2025-10-25_東京12R_3歳以上2勝クラス,2倍台,馬連,4,6,600,550
2025-10-25,2025-10-25_東京12R_3歳以上2勝クラス,2倍台,馬連,5,10,1000,550
2025-10-25,2025-10-25_東京12R_3歳以上2勝クラス,2倍台,馬連,6,15,1500,550
2025-10-26,2025-10-26_京都09R_萩S,1倍台,ワイド,3,3,300,0
2025-10-26,2025-10-26_京都09R_萩S,1倍台,ワイド,4,6,600,0
2025-10-26,2025-10-26_京都09R_萩S,1倍台,ワイド,5,10,1000,200
2025-10-26,2025-10-26_京都09R_萩S,1倍台,ワイド,6,15,1500,1790
2025-10-26,2025-10-26_京都09R_萩S,1倍台,馬連,3,3,300,0
2025-10-26,2025-10-26_京都09R_萩S,1倍台,馬連,4,6,600,0
2025-10-26,2025-10-26_京都09R_萩S,1倍台,馬連,5,10,1000,410
2025-10-26,2025-10-26_京都09R_萩S,1倍台,馬連,6,15,1500,410
2025-10-26,2025-10-26_京都10R_カノープスS,3倍以上,ワイド,3,3,300,730
2025-10-26,2025-10-26_京都10R_カノープスS,3倍以上,ワイド,4,6,600,730
2025-10-26,2025-10-26_京都10R_カノープスS,3倍以上,ワイド,5,10,1000,2180
2025-10-26,2025-10-26_京都10R_カノープスS,3倍以上,ワイド,6,15,1500,2180
2025-10-26,2025-10-26_京都10R_カノープスS,3倍以上,馬連,3,3,300,0
2025-10-26,2025-10-26_京都10R_カノープスS,3倍以上,馬連,4,6,600,0
2025-10-26,2025-10-26_京都10R_カノープスS,3倍以上,馬連,5,10,1000,1460
2025-10-26,2025-10-26_京都10R_カノープスS,3倍以上,馬連,6,15,1500,1460
2025-10-26,2025-10-26_京都11R_菊花賞,3倍以上,ワイド,3,3,300,0
2025-10-26,2025-10-26_京都11R_菊花賞,3倍以上,ワイド,4,6,600,0
2025-10-26,2025-10-26_京都11R_菊花賞,3倍以上,ワイド,5,10,1000,0
2025-10-26,2025-10-26_京都11R_菊花賞,3倍以上,ワイド,6,15,1500,0
2025-10-26,2025-10-26_京都11R_菊花賞,3倍以上,馬連,3,3,300,0
2025-10-26,2025-10-26_京都11R_菊花賞,3倍以上,馬連,4,6,600,0
2025-10-26,2025-10-26_京都11R_菊花賞,3倍以上,馬連,5,10,1000,0
2025-10-26,2025-10-26_京都11R_菊花賞,3倍以上,馬連,6,15,1500,0
2025-10-26,2025-10-26_京都12R_嵯峨野特別,2倍台,ワイド,3,3,300,360
2025-10-26,2025-10-26_京都12R_嵯峨野特別,2倍台,ワイド,4,6,600,360
2025-10-26,2025-10-26_京都12R_嵯峨野特別,2倍台,ワイド,5,10,1000,360
2025-10-26,2025-10-26_京都12R_嵯峨野特別,2倍台,ワイド,6,15,1500,360
2025-10-26,2025-10-26_京都12R_嵯峨野特別,2倍台,馬連,3,3,300,700
2025-10-26,2025-10-26_京都12R_嵯峨野特別,2倍台,馬連,4,6,600,700
2025-10-26,2025-10-26_京都12R_嵯峨野特別,2倍台,馬連,5,10,1000,700
2025-10-26,2025-10-26_京都12R_嵯峨野特別,2倍台,馬連,6,15,1500,700
2025-10-26,2025-10-26_新潟09R_柏崎特別,3倍以上,ワイド,3,3,300,0
2025-10-26,2025-10-26_新潟09R_柏崎特別,3倍以上,ワイド,4,6,600,0
2025-10-26,2025-10-26_新潟09R_柏崎特別,3倍以上,ワイド,5,10,1000,470
2025-10-26,2025-10-26_新潟09R_柏崎特別,3倍以上,ワイド,6,15,1500,470
2025-10-26,2025-10-26_新潟09R_柏崎特別,3倍以上,馬連,3,3,300,0
2025-10-26,2025-10-26_新潟09R_柏崎特別,3倍以上,馬連,4,6,600,0
2025-10-26,2025-10-26_新潟09R_柏崎特別,3倍以上,馬連,5,10,1000,0
2025-10-26,2025-10-26_新潟09R_柏崎特別,3倍以上,馬連,6,15,1500,0
2025-10-26,2025-10-26_新潟10R_村上特別,3倍以上,ワイド,3,3,300,0
2025-10-26,2025-10-26_新潟10R_村上特別,3倍以上,ワイド,4,6,600,0
2025-10-26,2025-10-26_新潟10R_村上特別,3倍以上,ワイド,5,10,1000,0
2025-10-26,2025-10-26_新潟10R_村上特別,3倍以上,ワイド,6,15,1500,0
2025-10-26,2025-10-26_新潟10R_村上特別,3倍以上,馬連,3,3,300,0
2025-10-26,2025-10-26_新潟10R_村上特別,3倍以上,馬連,4,6,600,0
2025-10-26,2025-10-26_新潟10R_村上特別,3倍以上,馬連,5,10,1000,0
2025-10-26,2025-10-26_新潟10R_村上特別,3倍以上,馬連,6,15,1500,0
2025-10-26,2025-10-26_新潟11R_ルミエールAD,3倍以上,ワイド,3,3,300,620
2025-10-26,2025-10-26_新潟11R_ルミエールAD,3倍以上,ワイド,4,6,600,620
2025-10-26,2025-10-26_新潟11R_ルミエールAD,3倍以上,ワイド,5,10,1000,620
2025-10-26,2025-10-26_新潟11R_ルミエールAD,3倍以上,ワイド,6,15,1500,1390
2025-10-26,2025-10-26_新潟11R_ルミエールAD,3倍以上,馬連,3,3,300,0
2025-10-26,2025-10-26_新潟11R_ルミエールAD,3倍以上,馬連,4,6,600,0
2025-10-26,2025-10-26_新潟11R_ルミエールAD,3倍以上,馬連,5,10,1000,0
2025-10-26,2025-10-26_新潟11R_ルミエールAD,3倍以上,馬連,6,15,1500,560
2025-10-26,2025-10-26_新潟12R_3歳以上1勝クラス,3倍以上,ワイド,3,3,300,0
2025-10-26,2025-10-26_新潟12R_3歳以上1勝クラス,3倍以上,ワイド,4,6,600,0
2025-10-26,2025-10-26_新潟12R_3歳以上1勝クラス,3倍以上,ワイド,5,10,1000,0
2025-10-26,2025-10-26_新潟12R_3歳以上1勝クラス,3倍以上,ワイド,6,15,1500,570
2025-10-26,2025-10-26_新潟12R_3歳以上1勝クラス,3倍以上,馬連,3,3,300,0
2025-10-26,2025-10-26_新潟12R_3歳以上1勝クラス,3倍以上,馬連,4,6,600,0
2025-10-26,2025-10-26_新潟12R_3歳以上1勝クラス,3倍以上,馬連,5,10,1000,0
2025-10-26,2025-10-26_新潟12R_3歳以上1勝クラス,3倍以上,馬連,6,15,1500,0
2025-10-26,2025-10-26_東京09R_三鷹特別,3倍以上,ワイド,3,3,300,0
2025-10-26,2025-10-26_東京09R_三鷹特別,3倍以上,ワイド,4,6,600,730
2025-10-26,2025-10-26_東京09R_三鷹特別,3倍以上,ワイド,5,10,1000,730
2025-10-26,2025-10-26_東京09R_三鷹特別,3倍以上,ワイド,6,15,1500,730
2025-10-26,2025-10-26_東京09R_三鷹特別,3倍以上,馬連,3,3,300,0
2025-10-26,2025-10-26_東京09R_三鷹特別,3倍以上,馬連,4,6,600,0
2025-10-26,2025-10-26_東京09R_三鷹特別,3倍以上,馬連,5,10,1000,0
2025-10-26,2025-10-26_東京09R_三鷹特別,3倍以上,馬連,6,15,1500,0
2025-10-26,2025-10-26_東京10R_山中湖特別,2倍台,ワイド,3,3,300,480
2025-10-26,2025-10-26_東京10R_山中湖特別,2倍台,ワイド,4,6,600,480
2025-10-26,2025-10-26_東京10R_山中湖特別,2倍台,ワイド,5,10,1000,480
2025-10-26,2025-10-26_東京10R_山中湖特別,2倍台,ワイド,6,15,1500,2100
2025-10-26,2025-10-26_東京10R_山中湖特別,2倍台,馬連,3,3,300,0
2025-10-26,2025-10-26_東京10R_山中湖特別,2倍台,馬連,4,6,600,0
2025-10-26,2025-10-26_東京10R_山中湖特別,2倍台,馬連,5,10,1000,0
2025-10-26,2025-10-26_東京10R_山中湖特別,2倍台,馬連,6,15,1500,1410
2025-10-26,2025-10-26_東京11R_神無月S,2倍台,ワイド,3,3,300,0
2025-10-26,2025-10-26_東京11R_神無月S,2倍台,ワイド,4,6,600,0
2025-10-26,2025-10-26_東京11R_神無月S,2倍台,ワイド,5,10,1000,0
2025-10-26,2025-10-26_東京11R_神無月S,2倍台,ワイド,6,15,1500,0
2025-10-26,2025-10-26_東京11R_神無月S,2倍台,馬連,3,3,300,0
2025-10-26,2025-10-26_東京11R_神無月S,2倍台,馬連,4,6,600,0
2025-10-26,2025-10-26_東京11R_神無月S,2倍台,馬連,5,10,1000,0
2025-10-26,2025-10-26_東京11R_神無月S,2倍台,馬連,6,15,1500,0
2025-10-26,2025-10-26_東京12R_3歳以上1勝クラス,3倍以上,ワイド,3,3,300,430
2025-10-26,2025-10-26_東京12R_3歳以上1勝クラス,3倍以上,ワイド,4,6,600,430
2025-10-26,2025-10-26_東京12R_3歳以上1勝クラス,3倍以上,ワイド,5,10,1000,430
2025-10-26,2025-10-26_東京12R_3歳以上1勝クラス,3倍以上,ワイド,6,15,1500,430
2025-10-26,2025-10-26_東京12R_3歳以上1勝クラス,3倍以上,馬連,3,3,300,950
2025-10-26,2025-10-26_東京12R_3歳以上1勝クラス,3倍以上,馬連,4,6,600,950
2025-10-26,2025-10-26_東京12R_3歳以上1勝クラス,3倍以上,馬連,5,10,1000,950
2025-10-26,2025-10-26_東京12R_3歳以上1勝クラス,3倍以上,馬連,6,15,1500,950
2025-11-01,2025-11-01_京都09R_北野特別,2倍台,ワイド,3,3,300,0
2025-11-01,2025-11-01_京都09R_北野特別,2倍台,ワイド,4,6,600,0
2025-11-01,2025-11-01_京都09R_北野特別,2倍台,ワイド,5,10,1000,0
2025-11-01,2025-11-01_京都09R_北野特別,2倍台,ワイド,6,15,1500,310
2025-11-01,2025-11-01_京都09R_北野特別,2倍台,馬連,3,3,300,0
2025-11-01,2025-11-01_京都09R_北野特別,2倍台,馬連,4,6,600,0
2025-11-01,2025-11-01_京都09R_北野特別,2倍台,馬連,5,10,1000,0
2025-11-01,2025-11-01_京都09R_北野特別,2倍台,馬連,6,15,1500,0
2025-11-01,2025-11-01_京都10R_ハロウィンS,3倍以上,ワイド,3,3,300,0
2025-11-01,2025-11-01_京都10R_ハロウィンS,3倍以上,ワイド,4,6,600,0
2025-11-01,2025-11-01_京都10R_ハロウィンS,3倍以上,ワイド,5,10,1000,0
2025-11-01,2025-11-01_京都10R_ハロウィンS,3倍以上,ワイド,6,15,1500,680
2025-11-01,2025-11-01_京都10R_ハロウィンS,3倍以上,馬連,3,3,300,0
2025-11-01,2025-11-01_京都10R_ハロウィンS,3倍以上,馬連,4,6,600,0
2025-11-01,2025-11-01_京都10R_ハロウィンS,3倍以上,馬連,5,10,1000,0
2025-11-01,2025-11-01_京都10R_ハロウィンS,3倍以上,馬連,6,15,1500,1710
2025-11-01,2025-11-01_京都11R_ファンタジーS,2倍台,ワイド,3,3,300,370
2025-11-01,2025-11-01_京都11R_ファンタジーS,2倍台,ワイド,4,6,600,370
2025-11-01,2025-11-01_京都11R_ファンタジーS,2倍台,ワイド,5,10,1000,370
2025-11-01,2025-11-01_京都11R_ファンタジーS,2倍台,ワイド,6,15,1500,370
2025-11-01,2025-11-01_京都11R_ファンタジーS,2倍台,馬連,3,3,300,0
2025-11-01,2025-11-01_京都11R_ファンタジーS,2倍台,馬連,4,6,600,0
2025-11-01,2025-11-01_京都11R_ファンタジーS,2倍台,馬連,5,10,1000,0
2025-11-01,2025-11-01_京都11R_ファンタジーS,2倍台,馬連,6,15,1500,0
2025-11-01,2025-11-01_京都12R_3歳以上1勝クラス,2倍台,ワイド,3,3,300,0
2025-11-01,2025-11-01_京都12R_3歳以上1勝クラス,2倍台,ワイド,4,6,600,0
2025-11-01,2025-11-01_京都12R_3歳以上1勝クラス,2倍台,ワイド,5,10,1000,2880
2025-11-01,2025-11-01_京都12R_3歳以上1勝クラス,2倍台,ワイド,6,15,1500,9450
2025-11-01,2025-11-01_京都12R_3歳以上1勝クラス,2倍台,馬連,3,3,300,0
2025-11-01,2025-11-01_京都12R_3歳以上1勝クラス,2倍台,馬連,4,6,600,0
2025-11-01,2025-11-01_京都12R_3歳以上1勝クラス,2倍台,馬連,5,10,1000,0
2025-11-01,2025-11-01_京都12R_3歳以上1勝クラス,2倍台,馬連,6,15,1500,6380
2025-11-01,2025-11-01_東京09R_本栖湖特別,1倍台,ワイド,3,3,300,480
2025-11-01,2025-11-01_東京09R_本栖湖特別,1倍台,ワイド,4,6,600,980
2025-11-01,2025-11-01_東京09R_本栖湖特別,1倍台,ワイド,5,10,1000,980
2025-11-01,2025-11-01_東京09R_本栖湖特別,1倍台,ワイド,6,15,1500,980
2025-11-01,2025-11-01_東京09R_本栖湖特別,1倍台,馬連,3,3,300,0
2025-11-01,2025-11-01_東京09R_本栖湖特別,1倍台,馬連,4,6,600,660
2025-11-01,2025-11-01_東京09R_本栖湖特別,1倍台,馬連,5,10,1000,660
2025-11-01,2025-11-01_東京09R_本栖湖特別,1倍台,馬連,6,15,1500,660
2025-11-01,2025-11-01_東京10R_紅葉S,2倍台,ワイド,3,3,300,0
2025-11-01,2025-11-01_東京10R_紅葉S,2倍台,ワイド,4,6,600,0
2025-11-01,2025-11-01_東京10R_紅葉S,2倍台,ワイド,5,10,1000,680
2025-11-01,2025-11-01_東京10R_紅葉S,2倍台,ワイド,6,15,1500,2100
2025-11-01,2025-11-01_東京10R_紅葉S,2倍台,馬連,3,3,300,0
2025-11-01,2025-11-01_東京10R_紅葉S,2倍台,馬連,4,6,600,0
2025-11-01,2025-11-01_東京10R_紅葉S,2倍台,馬連,5,10,1000,0
2025-11-01,2025-11-01_東京10R_紅葉S,2倍台,馬連,6,15,1500,4420
2025-11-01,2025-11-01_東京11R_ペルセウスS,3倍以上,ワイド,3,3,300,0
2025-11-01,2025-11-01_東京11R_ペルセウスS,3倍以上,ワイド,4,6,600,0
2025-11-01,2025-11-01_東京11R_ペルセウスS,3倍以上,ワイド,5,10,1000,0
2025-11-01,2025-11-01_東京11R_ペルセウスS,3倍以上,ワイド,6,15,1500,0
2025-11-01,2025-11-01_東京11R_ペルセウスS,3倍以上,馬連,3,3,300,0
2025-11-01,2025-11-01_東京11R_ペルセウスS,3倍以上,馬連,4,6,600,0
2025-11-01,2025-11-01_東京11R_ペルセウスS,3倍以上,馬連,5,10,1000,0
2025-11-01,2025-11-01_東京11R_ペルセウスS,3倍以上,馬連,6,15,1500,0
2025-11-01,2025-11-01_東京12R_3歳以上1勝クラス,2倍台,ワイド,3,3,300,150
2025-11-01,2025-11-01_東京12R_3歳以上1勝クラス,2倍台,ワイド,4,6,600,150
2025-11-01,2025-11-01_東京12R_3歳以上1勝クラス,2倍台,ワイド,5,10,1000,150
2025-11-01,2025-11-01_東京12R_3歳以上1勝クラス,2倍台,ワイド,6,15,1500,150
2025-11-01,2025-11-01_東京12R_3歳以上1勝クラス,2倍台,馬連,3,3,300,240
2025-11-01,2025-11-01_東京12R_3歳以上1勝クラス,2倍台,馬連,4,6,600,240
2025-11-01,2025-11-01_東京12R_3歳以上1勝クラス,2倍台,馬連,5,10,1000,240
2025-11-01,2025-11-01_東京12R_3歳以上1勝クラス,2倍台,馬連,6,15,1500,240
2025-11-02,2025-11-02_京都09R_もちの木賞,3倍以上,ワイド,3,3,300,0
2025-11-02,2025-11-02_京都09R_もちの木賞,3倍以上,ワイド,4,6,600,320
2025-11-02,2025-11-02_京都09R_もちの木賞,3倍以上,ワイド,5,10,1000,320
2025-11-02,2025-11-02_京都09R_もちの木賞,3倍以上,ワイド,6,15,1500,320
2025-11-02,2025-11-02_京都09R_もちの木賞,3倍以上,馬連,3,3,300,0
2025-11-02,2025-11-02_京都09R_もちの木賞,3倍以上,馬連,4,6,600,0
2025-11-02,2025-11-02_京都09R_もちの木賞,3倍以上,馬連,5,10,1000,0
2025-11-02,2025-11-02_京都09R_もちの木賞,3倍以上,馬連,6,15,1500,0
2025-11-02,2025-11-02_京都10R_古都S,3倍以上,ワイド,3,3,300,0
2025-11-02,2025-11-02_京都10R_古都S,3倍以上,ワイド,4,6,600,0
2025-11-02,2025-11-02_京都10R_古都S,3倍以上,ワイド,5,10,1000,0
2025-11-02,2025-11-02_京都10R_古都S,3倍以上,ワイド,6,15,1500,0
2025-11-02,2025-11-02_京都10R_古都S,3倍以上,馬連,3,3,300,0
2025-11-02,2025-11-02_京都10R_古都S,3倍以上,馬連,4,6,600,0
2025-11-02,2025-11-02_京都10R_古都S,3倍以上,馬連,5,10,1000,0
2025-11-02,2025-11-02_京都10R_古都S,3倍以上,馬連,6,15,1500,0
2025-11-02,2025-11-02_京都11R_まほろばS,3倍以上,ワイド,3,3,300,0
2025-11-02,2025-11-02_京都11R_まほろばS,3倍以上,ワイド,4,6,600,0
2025-11-02,2025-11-02_京都11R_まほろばS,3倍以上,ワイド,5,10,1000,0
2025-11-02,2025-11-02_京都11R_まほろばS,3倍以上,ワイド,6,15,1500,0
2025-11-02,2025-11-02_京都11R_まほろばS,3倍以上,馬連,3,3,300,0
2025-11-02,2025-11-02_京都11R_まほろばS,3倍以上,馬連,4,6,600,0
2025-11-02,2025-11-02_京都11R_まほろばS,3倍以上,馬連,5,10,1000,0
2025-11-02,2025-11-02_京都11R_まほろばS,3倍以上,馬連,6,15,1500,0
2025-11-02,2025-11-02_京都12R_3歳以上2勝クラス,3倍以上,ワイド,3,3,300,0
2025-11-02,2025-11-02_京都12R_3歳以上2勝クラス,3倍以上,ワイド,4,6,600,0
2025-11-02,2025-11-02_京都12R_3歳以上2勝クラス,3倍以上,ワイド,5,10,1000,0
2025-11-02,2025-11-02_京都12R_3歳以上2勝クラス,3倍以上,ワイド,6,15,1500,0
2025-11-02,2025-11-02_京都12R_3歳以上2勝クラス,3倍以上,馬連,3,3,300,0
2025-11-02,2025-11-02_京都12R_3歳以上2勝クラス,3倍以上,馬連,4,6,600,0
2025-11-02,2025-11-02_京都12R_3歳以上2勝クラス,3倍以上,馬連,5,10,1000,0
2025-11-02,2025-11-02_京都12R_3歳以上2勝クラス,3倍以上,馬連,6,15,1500,0
2025-11-02,2025-11-02_東京09R_国立特別,2倍台,ワイド,3,3,300,1320
2025-11-02,2025-11-02_東京09R_国立特別,2倍台,ワイド,4,6,600,1320
2025-11-02,2025-11-02_東京09R_国立特別,2倍台,ワイド,5,10,1000,2340
2025-11-02,2025-11-02_東京09R_国立特別,2倍台,ワイド,6,15,1500,2340
2025-11-02,2025-11-02_東京09R_国立特別,2倍台,馬連,3,3,300,0
2025-11-02,2025-11-02_東京09R_国立特別,2倍台,馬連,4,6,600,0
2025-11-02,2025-11-02_東京09R_国立特別,2倍台,馬連,5,10,1000,680
2025-11-02,2025-11-02_東京09R_国立特別,2倍台,馬連,6,15,1500,680
2025-11-02,2025-11-02_東京10R_秋嶺S,2倍台,ワイド,3,3,300,0
2025-11-02,2025-11-02_東京10R_秋嶺S,2倍台,ワイド,4,6,600,1080
2025-11-02,2025-11-02_東京10R_秋嶺S,2倍台,ワイド,5,10,1000,2250
2025-11-02,2025-11-02_東京10R_秋嶺S,2倍台,ワイド,6,15,1500,2250
2025-11-02,2025-11-02_東京10R_秋嶺S,2倍台,馬連,3,3,300,0
2025-11-02,2025-11-02_東京10R_秋嶺S,2倍台,馬連,4,6,600,0
2025-11-02,2025-11-02_東京10R_秋嶺S,2倍台,馬連,5,10,1000,410
2025-11-02,2025-11-02_東京10R_秋嶺S,2倍台,馬連,6,15,1500,410
2025-11-02,2025-11-02_東京11R_天皇賞(秋),2倍台,ワイド,3,3,300,430
2025-11-02,2025-11-02_東京11R_天皇賞(秋),2倍台,ワイド,4,6,600,430
2025-11-02,2025-11-02_東京11R_天皇賞(秋),2倍台,ワイド,5,10,1000,430
2025-11-02,2025-11-02_東京11R_天皇賞(秋),2倍台,ワイド,6,15,1500,430
2025-11-02,2025-11-02_東京11R_天皇賞(秋),2倍台,馬連,3,3,300,910
2025-11-02,2025-11-02_東京11R_天皇賞(秋),2倍台,馬連,4,6,600,910
2025-11-02,2025-11-02_東京11R_天皇賞(秋),2倍台,馬連,5,10,1000,910
2025-11-02,2025-11-02_東京11R_天皇賞(秋),2倍台,馬連,6,15,1500,910
2025-11-02,2025-11-02_東京12R_清里特別,1倍台,ワイド,3,3,300,160
2025-11-02,2025-11-02_東京12R_清里特別,1倍台,ワイド,4,6,600,160
2025-11-02,2025-11-02_東京12R_清里特別,1倍台,ワイド,5,10,1000,160
2025-11-02,2025-11-02_東京12R_清里特別,1倍台,ワイド,6,15,1500,160
2025-11-02,2025-11-02_東京12R_清里特別,1倍台,馬連,3,3,300,260
2025-11-02,2025-11-02_東京12R_清里特別,1倍台,馬連,4,6,600,260
2025-11-02,2025-11-02_東京12R_清里特別,1倍台,馬連,5,10,1000,260
2025-11-02,2025-11-02_東京12R_清里特別,1倍台,馬連,6,15,1500,260
2025-11-08,2025-11-08_京都09R_亀岡特別,3倍以上,ワイド,3,3,300,0
2025-11-08,2025-11-08_京都09R_亀岡特別,3倍以上,ワイド,4,6,600,0
2025-11-08,2025-11-08_京都09R_亀岡特別,3倍以上,ワイド,5,10,1000,0
2025-11-08,2025-11-08_京都09R_亀岡特別,3倍以上,ワイド,6,15,1500,0
2025-11-08,2025-11-08_京都09R_亀岡特別,3倍以上,馬連,3,3,300,0
2025-11-08,2025-11-08_京都09R_亀岡特別,3倍以上,馬連,4,6,600,0
2025-11-08,2025-11-08_京都09R_亀岡特別,3倍以上,馬連,5,10,1000,0
2025-11-08,2025-11-08_京都09R_亀岡特別,3倍以上,馬連,6,15,1500,0
2025-11-08,2025-11-08_京都10R_清水S,3倍以上,ワイド,3,3,300,0
2025-11-08,2025-11-08_京都10R_清水S,3倍以上,ワイド,4,6,600,0
2025-11-08,2025-11-08_京都10R_清水S,3倍以上,ワイド,5,10,1000,0
2025-11-08,2025-11-08_京都10R_清水S,3倍以上,ワイド,6,15,1500,0
2025-11-08,2025-11-08_京都10R_清水S,3倍以上,馬連,3,3,300,0
2025-11-08,2025-11-08_京都10R_清水S,3倍以上,馬連,4,6,600,0
2025-11-08,2025-11-08_京都10R_清水S,3倍以上,馬連,5,10,1000,0
2025-11-08,2025-11-08_京都10R_清水S,3倍以上,馬連,6,15,1500,0
2025-11-08,2025-11-08_京都11R_室町S,2倍台,ワイド,3,3,300,320
2025-11-08,2025-11-08_京都11R_室町S,2倍台,ワイド,4,6,600,320
2025-11-08,2025-11-08_京都11R_室町S,2倍台,ワイド,5,10,1000,320
2025-11-08,2025-11-08_京都11R_室町S,2倍台,ワイド,6,15,1500,320
2025-11-08,2025-11-08_京都11R_室町S,2倍台,馬連,3,3,300,0
2025-11-08,2025-11-08_京都11R_室町S,2倍台,馬連,4,6,600,0
2025-11-08,2025-11-08_京都11R_室町S,2倍台,馬連,5,10,1000,0
2025-11-08,2025-11-08_京都11R_室町S,2倍台,馬連,6,15,1500,0
2025-11-08,2025-11-08_京都12R_3歳以上1勝クラス,2倍台,ワイド,3,3,300,0
2025-11-08,2025-11-08_京都12R_3歳以上1勝クラス,2倍台,ワイド,4,6,600,620
2025-11-08,2025-11-08_京都12R_3歳以上1勝クラス,2倍台,ワイド,5,10,1000,620
2025-11-08,2025-11-08_京都12R_3歳以上1勝クラス,2倍台,ワイド,6,15,1500,620
2025-11-08,2025-11-08_京都12R_3歳以上1勝クラス,2倍台,馬連,3,3,300,0
2025-11-08,2025-11-08_京都12R_3歳以上1勝クラス,2倍台,馬連,4,6,600,0
2025-11-08,2025-11-08_京都12R_3歳以上1勝クラス,2倍台,馬連,5,10,1000,0
2025-11-08,2025-11-08_京都12R_3歳以上1勝クラス,2倍台,馬連,6,15,1500,0
2025-11-08,2025-11-08_東京09R_神奈川新聞杯,1倍台,ワイド,3,3,300,170
2025-11-08,2025-11-08_東京09R_神奈川新聞杯,1倍台,ワイド,4,6,600,170
2025-11-08,2025-11-08_東京09R_神奈川新聞杯,1倍台,ワイド,5,10,1000,170
2025-11-08,2025-11-08_東京09R_神奈川新聞杯,1倍台,ワイド,6,15,1500,170
2025-11-08,2025-11-08_東京09R_神奈川新聞杯,1倍台,馬連,3,3,300,330
2025-11-08,2025-11-08_東京09R_神奈川新聞杯,1倍台,馬連,4,6,600,330
2025-11-08,2025-11-08_東京09R_神奈川新聞杯,1倍台,馬連,5,10,1000,330
2025-11-08,2025-11-08_東京09R_神奈川新聞杯,1倍台,馬連,6,15,1500,330
2025-11-08,2025-11-08_東京10R_錦秋S,2倍台,ワイド,3,3,300,1090
2025-11-08,2025-11-08_東京10R_錦秋S,2倍台,ワイド,4,6,600,1090
2025-11-08,2025-11-08_東京10R_錦秋S,2倍台,ワイド,5,10,1000,1090
2025-11-08,2025-11-08_東京10R_錦秋S,2倍台,ワイド,6,15,1500,1090
2025-11-08,2025-11-08_東京10R_錦秋S,2倍台,馬連,3,3,300,2340
2025-11-08,2025-11-08_東京10R_錦秋S,2倍台,馬連,4,6,600,2340
2025-11-08,2025-11-08_東京10R_錦秋S,2倍台,馬連,5,10,1000,2340
2025-11-08,2025-11-08_東京10R_錦秋S,2倍台,馬連,6,15,1500,2340
2025-11-08,2025-11-08_東京11R_京王杯2歳S,1倍台,ワイド,3,3,300,0
2025-11-08,2025-11-08_東京11R_京王杯2歳S,1倍台,ワイド,4,6,600,0
2025-11-08,2025-11-08_東京11R_京王杯2歳S,1倍台,ワイド,5,10,1000,0
2025-11-08,2025-11-08_東京11R_京王杯2歳S,1倍台,ワイド,6,15,1500,0
2025-11-08,2025-11-08_東京11R_京王杯2歳S,1倍台,馬連,3,3,300,0
2025-11-08,2025-11-08_東京11R_京王杯2歳S,1倍台,馬連,4,6,600,0
2025-11-08,2025-11-08_東京11R_京王杯2歳S,1倍台,馬連,5,10,1000,0
2025-11-08,2025-11-08_東京11R_京王杯2歳S,1倍台,馬連,6,15,1500,0
2025-11-08,2025-11-08_東京12R_3歳以上1勝クラス,2倍台,ワイド,3,3,300,0
2025-11-08,2025-11-08_東京12R_3歳以上1勝クラス,2倍台,ワイド,4,6,600,450
2025-11-08,2025-11-08_東京12R_3歳以上1勝クラス,2倍台,ワイド,5,10,1000,450
2025-11-08,2025-11-08_東京12R_3歳以上1勝クラス,2倍台,ワイド,6,15,1500,450
2025-11-08,2025-11-08_東京12R_3歳以上1勝クラス,2倍台,馬連,3,3,300,0
2025-11-08,2025-11-08_東京12R_3歳以上1勝クラス,2倍台,馬連,4,6,600,0
2025-11-08,2025-11-08_東京12R_3歳以上1勝クラス,2倍台,馬連,5,10,1000,0
2025-11-08,2025-11-08_東京12R_3歳以上1勝クラス,2倍台,馬連,6,15,1500,0
2025-11-08,2025-11-08_福島09R_三春駒特別,1倍台,ワイド,3,3,300,520
2025-11-08,2025-11-08_福島09R_三春駒特別,1倍台,ワイド,4,6,600,520
2025-11-08,2025-11-08_福島09R_三春駒特別,1倍台,ワイド,5,10,1000,520
2025-11-08,2025-11-08_福島09R_三春駒特別,1倍台,ワイド,6,15,1500,2430
2025-11-08,2025-11-08_福島09R_三春駒特別,1倍台,馬連,3,3,300,0
2025-11-08,2025-11-08_福島09R_三春駒特別,1倍台,馬連,4,6,600,0
2025-11-08,2025-11-08_福島09R_三春駒特別,1倍台,馬連,5,10,1000,0
2025-11-08,2025-11-08_福島09R_三春駒特別,1倍台,馬連,6,15,1500,3900
2025-11-08,2025-11-08_福島10R_飯坂温泉特別,3倍以上,ワイド,3,3,300,0
2025-11-08,2025-11-08_福島10R_飯坂温泉特別,3倍以上,ワイド,4,6,600,0
2025-11-08,2025-11-08_福島10R_飯坂温泉特別,3倍以上,ワイド,5,10,1000,0
2025-11-08,2025-11-08_福島10R_飯坂温泉特別,3倍以上,ワイド,6,15,1500,0
2025-11-08,2025-11-08_福島10R_飯坂温泉特別,3倍以上,馬連,3,3,300,0
2025-11-08,2025-11-08_福島10R_飯坂温泉特別,3倍以上,馬連,4,6,600,0
2025-11-08,2025-11-08_福島10R_飯坂温泉特別,3倍以上,馬連,5,10,1000,0
2025-11-08,2025-11-08_福島10R_飯坂温泉特別,3倍以上,馬連,6,15,1500,0
2025-11-08,2025-11-08_福島11R_キビタキS,3倍以上,ワイド,3,3,300,0
2025-11-08,2025-11-08_福島11R_キビタキS,3倍以上,ワイド,4,6,600,0
2025-11-08,2025-11-08_福島11R_キビタキS,3倍以上,ワイド,5,10,1000,0
2025-11-08,2025-11-08_福島11R_キビタキS,3倍以上,ワイド,6,15,1500,0
2025-11-08,2025-11-08_福島11R_キビタキS,3倍以上,馬連,3,3,300,0
2025-11-08,2025-11-08_福島11R_キビタキS,3倍以上,馬連,4,6,600,0
2025-11-08,2025-11-08_福島11R_キビタキS,3倍以上,馬連,5,10,1000,0
2025-11-08,2025-11-08_福島11R_キビタキS,3倍以上,馬連,6,15,1500,0
2025-11-08,2025-11-08_福島12R_3歳以上1勝クラス,3倍以上,ワイド,3,3,300,0
2025-11-08,2025-11-08_福島12R_3歳以上1勝クラス,3倍以上,ワイド,4,6,600,0
2025-11-08,2025-11-08_福島12R_3歳以上1勝クラス,3倍以上,ワイド,5,10,1000,0
2025-11-08,2025-11-08_福島12R_3歳以上1勝クラス,3倍以上,ワイド,6,15,1500,0
2025-11-08,2025-11-08_福島12R_3歳以上1勝クラス,3倍以上,馬連,3,3,300,0
2025-11-08,2025-11-08_福島12R_3歳以上1勝クラス,3倍以上,馬連,4,6,600,0
2025-11-08,2025-11-08_福島12R_3歳以上1勝クラス,3倍以上,馬連,5,10,1000,0
2025-11-08,2025-11-08_福島12R_3歳以上1勝クラス,3倍以上,馬連,6,15,1500,0
2025-11-09,2025-11-09_京都09R_木津川特別,1倍台,ワイド,3,3,300,180
2025-11-09,2025-11-09_京都09R_木津川特別,1倍台,ワイド,4,6,600,180
2025-11-09,2025-11-09_京都09R_木津川特別,1倍台,ワイド,5,10,1000,1130
2025-11-09,2025-11-09_京都09R_木津川特別,1倍台,ワイド,6,15,1500,1130
2025-11-09,2025-11-09_京都09R_木津川特別,1倍台,馬連,3,3,300,360
2025-11-09,2025-11-09_京都09R_木津川特別,1倍台,馬連,4,6,600,360
2025-11-09,2025-11-09_京都09R_木津川特別,1倍台,馬連,5,10,1000,360
2025-11-09,2025-11-09_京都09R_木津川特別,1倍台,馬連,6,15,1500,360
2025-11-09,2025-11-09_京都10R_貴船S,2倍台,ワイド,3,3,300,0
2025-11-09,2025-11-09_京都10R_貴船S,2倍台,ワイド,4,6,600,0
2025-11-09,2025-11-09_京都10R_貴船S,2倍台,ワイド,5,10,1000,1960
2025-11-09,2025-11-09_京都10R_貴船S,2倍台,ワイド,6,15,1500,1960
2025-11-09,2025-11-09_京都10R_貴船S,2倍台,馬連,3,3,300,0
2025-11-09,2025-11-09_京都10R_貴船S,2倍台,馬連,4,6,600,0
2025-11-09,2025-11-09_京都10R_貴船S,2倍台,馬連,5,10,1000,0
2025-11-09,2025-11-09_京都10R_貴船S,2倍台,馬連,6,15,1500,0
2025-11-09,2025-11-09_京都11R_みやこS,3倍以上,ワイド,3,3,300,0
2025-11-09,2025-11-09_京都11R_みやこS,3倍以上,ワイド,4,6,600,780
2025-11-09,2025-11-09_京都11R_みやこS,3倍以上,ワイド,5,10,1000,3800
2025-11-09,2025-11-09_京都11R_みやこS,3倍以上,ワイド,6,15,1500,3800
2025-11-09,2025-11-09_京都11R_みやこS,3倍以上,馬連,3,3,300,0
2025-11-09,2025-11-09_京都11R_みやこS,3倍以上,馬連,4,6,600,0
2025-11-09,2025-11-09_京都11R_みやこS,3倍以上,馬連,5,10,1000,5270
2025-11-09,2025-11-09_京都11R_みやこS,3倍以上,馬連,6,15,1500,5270
2025-11-09,2025-11-09_京都12R_3歳以上1勝クラス,3倍以上,ワイド,3,3,300,0
2025-11-09,2025-11-09_京都12R_3歳以上1勝クラス,3倍以上,ワイド,4,6,600,1480
2025-11-09,2025-11-09_京都12R_3歳以上1勝クラス,3倍以上,ワイド,5,10,1000,4340
2025-11-09,2025-11-09_京都12R_3歳以上1勝クラス,3倍以上,ワイド,6,15,1500,4340
2025-11-09,2025-11-09_京都12R_3歳以上1勝クラス,3倍以上,馬連,3,3,300,0
2025-11-09,2025-11-09_京都12R_3歳以上1勝クラス,3倍以上,馬連,4,6,600,0
2025-11-09,2025-11-09_京都12R_3歳以上1勝クラス,3倍以上,馬連,5,10,1000,4300
2025-11-09,2025-11-09_京都12R_3歳以上1勝クラス,3倍以上,馬連,6,15,1500,4300
2025-11-09,2025-11-09_東京09R_オキザリス賞,1倍台,ワイド,3,3,300,0
2025-11-09,2025-11-09_東京09R_オキザリス賞,1倍台,ワイド,4,6,600,0
2025-11-09,2025-11-09_東京09R_オキザリス賞,1倍台,ワイド,5,10,1000,0
2025-11-09,2025-11-09_東京09R_オキザリス賞,1倍台,ワイド,6,15,1500,0
2025-11-09,2025-11-09_東京09R_オキザリス賞,1倍台,馬連,3,3,300,0
2025-11-09,2025-11-09_東京09R_オキザリス賞,1倍台,馬連,4,6,600,0
2025-11-09,2025-11-09_東京09R_オキザリス賞,1倍台,馬連,5,10,1000,0
2025-11-09,2025-11-09_東京09R_オキザリス賞,1倍台,馬連,6,15,1500,0
2025-11-09,2025-11-09_東京10R_イクイノックスM,1倍台,ワイド,3,3,300,1790
2025-11-09,2025-11-09_東京10R_イクイノックスM,1倍台,ワイド,4,6,600,1790
2025-11-09,2025-11-09_東京10R_イクイノックスM,1倍台,ワイド,5,10,1000,1790
2025-11-09,2025-11-09_東京10R_イクイノックスM,1倍台,ワイド,6,15,1500,1790
2025-11-09,2025-11-09_東京10R_イクイノックスM,1倍台,馬連,3,3,300,530
2025-11-09,2025-11-09_東京10R_イクイノックスM,1倍台,馬連,4,6,600,530
2025-11-09,2025-11-09_東京10R_イクイノックスM,1倍台,馬連,5,10,1000,530
2025-11-09,2025-11-09_東京10R_イクイノックスM,1倍台,馬連,6,15,1500,530
2025-11-09,2025-11-09_東京11R_アルゼンチン共和国杯,3倍以上,ワイド,3,3,300,680
2025-11-09,2025-11-09_東京11R_アルゼンチン共和国杯,3倍以上,ワイド,4,6,600,680
2025-11-09,2025-11-09_東京11R_アルゼンチン共和国杯,3倍以上,ワイド,5,10,1000,680
2025-11-09,2025-11-09_東京11R_アルゼンチン共和国杯,3倍以上,ワイド,6,15,1500,680
2025-11-09,2025-11-09_東京11R_アルゼンチン共和国杯,3倍以上,馬連,3,3,300,0
2025-11-09,2025-11-09_東京11R_アルゼンチン共和国杯,3倍以上,馬連,4,6,600,0
2025-11-09,2025-11-09_東京11R_アルゼンチン共和国杯,3倍以上,馬連,5,10,1000,0
2025-11-09,2025-11-09_東京11R_アルゼンチン共和国杯,3倍以上,馬連,6,15,1500,0
2025-11-09,2025-11-09_東京12R_3歳以上2勝クラス,2倍台,ワイド,3,3,300,0
2025-11-09,2025-11-09_東京12R_3歳以上2勝クラス,2倍台,ワイド,4,6,600,0
2025-11-09,2025-11-09_東京12R_3歳以上2勝クラス,2倍台,ワイド,5,10,1000,0
2025-11-09,2025-11-09_東京12R_3歳以上2勝クラス,2倍台,ワイド,6,15,1500,0
2025-11-09,2025-11-09_東京12R_3歳以上2勝クラス,2倍台,馬連,3,3,300,0
2025-11-09,2025-11-09_東京12R_3歳以上2勝クラス,2倍台,馬連,4,6,600,0
2025-11-09,2025-11-09_東京12R_3歳以上2勝クラス,2倍台,馬連,5,10,1000,0
2025-11-09,2025-11-09_東京12R_3歳以上2勝クラス,2倍台,馬連,6,15,1500,0
2025-11-09,2025-11-09_福島09R_二本松特別,3倍以上,ワイド,3,3,300,0
2025-11-09,2025-11-09_福島09R_二本松特別,3倍以上,ワイド,4,6,600,0
2025-11-09,2025-11-09_福島09R_二本松特別,3倍以上,ワイド,5,10,1000,0
2025-11-09,2025-11-09_福島09R_二本松特別,3倍以上,ワイド,6,15,1500,0
2025-11-09,2025-11-09_福島09R_二本松特別,3倍以上,馬連,3,3,300,0
2025-11-09,2025-11-09_福島09R_二本松特別,3倍以上,馬連,4,6,600,0
2025-11-09,2025-11-09_福島09R_二本松特別,3倍以上,馬連,5,10,1000,0
2025-11-09,2025-11-09_福島09R_二本松特別,3倍以上,馬連,6,15,1500,0
2025-11-09,2025-11-09_福島10R_河北新報杯,3倍以上,ワイド,3,3,300,0
2025-11-09,2025-11-09_福島10R_河北新報杯,3倍以上,ワイド,4,6,600,0
2025-11-09,2025-11-09_福島10R_河北新報杯,3倍以上,ワイド,5,10,1000,870
2025-11-09,2025-11-09_福島10R_河北新報杯,3倍以上,ワイド,6,15,1500,870
2025-11-09,2025-11-09_福島10R_河北新報杯,3倍以上,馬連,3,3,300,0
2025-11-09,2025-11-09_福島10R_河北新報杯,3倍以上,馬連,4,6,600,0
2025-11-09,2025-11-09_福島10R_河北新報杯,3倍以上,馬連,5,10,1000,0
2025-11-09,2025-11-09_福島10R_河北新報杯,3倍以上,馬連,6,15,1500,0
2025-11-09,2025-11-09_福島11R_みちのくS,3倍以上,ワイド,3,3,300,0
2025-11-09,2025-11-09_福島11R_みちのくS,3倍以上,ワイド,4,6,600,0
2025-11-09,2025-11-09_福島11R_みちのくS,3倍以上,ワイド,5,10,1000,0
2025-11-09,2025-11-09_福島11R_みちのくS,3倍以上,ワイド,6,15,1500,0
2025-11-09,2025-11-09_福島11R_みちのくS,3倍以上,馬連,3,3,300,0
2025-11-09,2025-11-09_福島11R_みちのくS,3倍以上,馬連,4,6,600,0
2025-11-09,2025-11-09_福島11R_みちのくS,3倍以上,馬連,5,10,1000,0
2025-11-09,2025-11-09_福島11R_みちのくS,3倍以上,馬連,6,15,1500,0
2025-11-09,2025-11-09_福島12R_3歳以上1勝クラス,2倍台,ワイド,3,3,300,0
2025-11-09,2025-11-09_福島12R_3歳以上1勝クラス,2倍台,ワイド,4,6,600,0
2025-11-09,2025-11-09_福島12R_3歳以上1勝クラス,2倍台,ワイド,5,10,1000,580
2025-11-09,2025-11-09_福島12R_3歳以上1勝クラス,2倍台,ワイド,6,15,1500,580
2025-11-09,2025-11-09_福島12R_3歳以上1勝クラス,2倍台,馬連,3,3,300,0
2025-11-09,2025-11-09_福島12R_3歳以上1勝クラス,2倍台,馬連,4,6,600,0
2025-11-09,2025-11-09_福島12R_3歳以上1勝クラス,2倍台,馬連,5,10,1000,1270
2025-11-09,2025-11-09_福島12R_3歳以上1勝クラス,2倍台,馬連,6,15,1500,1270
2025-11-15,2025-11-15_京都09R_深草特別,1倍台,ワイド,3,3,300,0
2025-11-15,2025-11-15_京都09R_深草特別,1倍台,ワイド,4,6,600,0
2025-11-15,2025-11-15_京都09R_深草特別,1倍台,ワイド,5,10,1000,0
2025-11-15,2025-11-15_京都09R_深草特別,1倍台,ワイド,6,15,1500,0
2025-11-15,2025-11-15_京都09R_深草特別,1倍台,馬連,3,3,300,0
2025-11-15,2025-11-15_京都09R_深草特別,1倍台,馬連,4,6,600,0
2025-11-15,2025-11-15_京都09R_深草特別,1倍台,馬連,5,10,1000,0
2025-11-15,2025-11-15_京都09R_深草特別,1倍台,馬連,6,15,1500,0
2025-11-15,2025-11-15_京都10R_アンドロメダS,3倍以上,ワイド,3,3,300,0
2025-11-15,2025-11-15_京都10R_アンドロメダS,3倍以上,ワイド,4,6,600,0
2025-11-15,2025-11-15_京都10R_アンドロメダS,3倍以上,ワイド,5,10,1000,0
2025-11-15,2025-11-15_京都10R_アンドロメダS,3倍以上,ワイド,6,15,1500,1500
2025-11-15,2025-11-15_京都10R_アンドロメダS,3倍以上,馬連,3,3,300,0
2025-11-15,2025-11-15_京都10R_アンドロメダS,3倍以上,馬連,4,6,600,0
2025-11-15,2025-11-15_京都10R_アンドロメダS,3倍以上,馬連,5,10,1000,0
2025-11-15,2025-11-15_京都10R_アンドロメダS,3倍以上,馬連,6,15,1500,0
2025-11-15,2025-11-15_京都11R_デイリー杯2歳S,2倍台,ワイド,3,3,300,0
2025-11-15,2025-11-15_京都11R_デイリー杯2歳S,2倍台,ワイド,4,6,600,1190
2025-11-15,2025-11-15_京都11R_デイリー杯2歳S,2倍台,ワイド,5,10,1000,1190
2025-11-15,2025-11-15_京都11R_デイリー杯2歳S,2倍台,ワイド,6,15,1500,2410
2025-11-15,2025-11-15_京都11R_デイリー杯2歳S,2倍台,馬連,3,3,300,0
2025-11-15,2025-11-15_京都11R_デイリー杯2歳S,2倍台,馬連,4,6,600,0
2025-11-15,2025-11-15_京都11R_デイリー杯2歳S,2倍台,馬連,5,10,1000,0
2025-11-15,2025-11-15_京都11R_デイリー杯2歳S,2倍台,馬連,6,15,1500,360
2025-11-15,2025-11-15_京都12R_3歳以上1勝クラス,3倍以上,ワイド,3,3,300,1430
2025-11-15,2025-11-15_京都12R_3歳以上1勝クラス,3倍以上,ワイド,4,6,600,1430
2025-11-15,2025-11-15_京都12R_3歳以上1勝クラス,3倍以上,ワイド,5,10,1000,1430
2025-11-15,2025-11-15_京都12R_3歳以上1勝クラス,3倍以上,ワイド,6,15,1500,1430
2025-11-15,2025-11-15_京都12R_3歳以上1勝クラス,3倍以上,馬連,3,3,300,0
2025-11-15,2025-11-15_京都12R_3歳以上1勝クラス,3倍以上,馬連,4,6,600,0
2025-11-15,2025-11-15_京都12R_3歳以上1勝クラス,3倍以上,馬連,5,10,1000,0
2025-11-15,2025-11-15_京都12R_3歳以上1勝クラス,3倍以上,馬連,6,15,1500,0
2025-11-15,2025-11-15_東京09R_三浦特別,1倍台,ワイド,3,3,300,320
2025-11-15,2025-11-15_東京09R_三浦特別,1倍台,ワイド,4,6,600,320
2025-11-15,2025-11-15_東京09R_三浦特別,1倍台,ワイド,5,10,1000,320
2025-11-15,2025-11-15_東京09R_三浦特別,1倍台,ワイド,6,15,1500,320
2025-11-15,2025-11-15_東京09R_三浦特別,1倍台,馬連,3,3,300,0
2025-11-15,2025-11-15_東京09R_三浦特別,1倍台,馬連,4,6,600,0
2025-11-15,2025-11-15_東京09R_三浦特別,1倍台,馬連,5,10,1000,0
2025-11-15,2025-11-15_東京09R_三浦特別,1倍台,馬連,6,15,1500,0
2025-11-15,2025-11-15_東京10R_奥多摩S,2倍台,ワイド,3,3,300,1800
2025-11-15,2025-11-15_東京10R_奥多摩S,2倍台,ワイド,4,6,600,1800
2025-11-15,2025-11-15_東京10R_奥多摩S,2倍台,ワイド,5,10,1000,1800
2025-11-15,2025-11-15_東京10R_奥多摩S,2倍台,ワイド,6,15,1500,1800
2025-11-15,2025-11-15_東京10R_奥多摩S,2倍台,馬連,3,3,300,620
2025-11-15,2025-11-15_東京10R_奥多摩S,2倍台,馬連,4,6,600,620
2025-11-15,2025-11-15_東京10R_奥多摩S,2倍台,馬連,5,10,1000,620
2025-11-15,2025-11-15_東京10R_奥多摩S,2倍台,馬連,6,15,1500,620
2025-11-15,2025-11-15_東京11R_武蔵野S,2倍台,ワイド,3,3,300,0
2025-11-15,2025-11-15_東京11R_武蔵野S,2倍台,ワイド,4,6,600,0
2025-11-15,2025-11-15_東京11R_武蔵野S,2倍台,ワイド,5,10,1000,0
2025-11-15,2025-11-15_東京11R_武蔵野S,2倍台,ワイド,6,15,1500,0
2025-11-15,2025-11-15_東京11R_武蔵野S,2倍台,馬連,3,3,300,0
2025-11-15,2025-11-15_東京11R_武蔵野S,2倍台,馬連,4,6,600,0
2025-11-15,2025-11-15_東京11R_武蔵野S,2倍台,馬連,5,10,1000,0
2025-11-15,2025-11-15_東京11R_武蔵野S,2倍台,馬連,6,15,1500,0
2025-11-15,2025-11-15_東京12R_3歳以上2勝クラス,2倍台,ワイド,3,3,300,0
2025-11-15,2025-11-15_東京12R_3歳以上2勝クラス,2倍台,ワイド,4,6,600,210
2025-11-15,2025-11-15_東京12R_3歳以上2勝クラス,2倍台,ワイド,5,10,1000,210
2025-11-15,2025-11-15_東京12R_3歳以上2勝クラス,2倍台,ワイド,6,15,1500,210
2025-11-15,2025-11-15_東京12R_3歳以上2勝クラス,2倍台,馬連,3,3,300,0
2025-11-15,2025-11-15_東京12R_3歳以上2勝クラス,2倍台,馬連,4,6,600,380
2025-11-15,2025-11-15_東京12R_3歳以上2勝クラス,2倍台,馬連,5,10,1000,380
2025-11-15,2025-11-15_東京12R_3歳以上2勝クラス,2倍台,馬連,6,15,1500,380
2025-11-15,2025-11-15_福島09R_土湯温泉特別,1倍台,ワイド,3,3,300,0
2025-11-15,2025-11-15_福島09R_土湯温泉特別,1倍台,ワイド,4,6,600,0
2025-11-15,2025-11-15_福島09R_土湯温泉特別,1倍台,ワイド,5,10,1000,340
2025-11-15,2025-11-15_福島09R_土湯温泉特別,1倍台,ワイド,6,15,1500,340
2025-11-15,2025-11-15_福島09R_土湯温泉特別,1倍台,馬連,3,3,300,0
2025-11-15,2025-11-15_福島09R_土湯温泉特別,1倍台,馬連,4,6,600,0
2025-11-15,2025-11-15_福島09R_土湯温泉特別,1倍台,馬連,5,10,1000,0
2025-11-15,2025-11-15_福島09R_土湯温泉特別,1倍台,馬連,6,15,1500,0
2025-11-15,2025-11-15_福島10R_西郷特別,3倍以上,ワイド,3,3,300,0
2025-11-15,2025-11-15_福島10R_西郷特別,3倍以上,ワイド,4,6,600,1660
2025-11-15,2025-11-15_福島10R_西郷特別,3倍以上,ワイド,5,10,1000,1660
2025-11-15,2025-11-15_福島10R_西郷特別,3倍以上,ワイド,6,15,1500,1660
2025-11-15,2025-11-15_福島10R_西郷特別,3倍以上,馬連,3,3,300,0
2025-11-15,2025-11-15_福島10R_西郷特別,3倍以上,馬連,4,6,600,0
2025-11-15,2025-11-15_福島10R_西郷特別,3倍以上,馬連,5,10,1000,0
2025-11-15,2025-11-15_福島10R_西郷特別,3倍以上,馬連,6,15,1500,0
2025-11-15,2025-11-15_福島11R_フルーツラインC,2倍台,ワイド,3,3,300,370
2025-11-15,2025-11-15_福島11R_フルーツラインC,2倍台,ワイド,4,6,600,370
2025-11-15,2025-11-15_福島11R_フルーツラインC,2倍台,ワイド,5,10,1000,370
2025-11-15,2025-11-15_福島11R_フルーツラインC,2倍台,ワイド,6,15,1500,370
2025-11-15,2025-11-15_福島11R_フルーツラインC,2倍台,馬連,3,3,300,0
2025-11-15,2025-11-15_福島11R_フルーツラインC,2倍台,馬連,4,6,600,0
2025-11-15,2025-11-15_福島11R_フルーツラインC,2倍台,馬連,5,10,1000,0
2025-11-15,2025-11-15_福島11R_フルーツラインC,2倍台,馬連,6,15,1500,0
2025-11-15,2025-11-15_福島12R_3歳以上1勝クラス,3倍以上,ワイド,3,3,300,0
2025-11-15,2025-11-15_福島12R_3歳以上1勝クラス,3倍以上,ワイド,4,6,600,0
2025-11-15,2025-11-15_福島12R_3歳以上1勝クラス,3倍以上,ワイド,5,10,1000,0
2025-11-15,2025-11-15_福島12R_3歳以上1勝クラス,3倍以上,ワイド,6,15,1500,0
2025-11-15,2025-11-15_福島12R_3歳以上1勝クラス,3倍以上,馬連,3,3,300,0
2025-11-15,2025-11-15_福島12R_3歳以上1勝クラス,3倍以上,馬連,4,6,600,0
2025-11-15,2025-11-15_福島12R_3歳以上1勝クラス,3倍以上,馬連,5,10,1000,0
2025-11-15,2025-11-15_福島12R_3歳以上1勝クラス,3倍以上,馬連,6,15,1500,0
2025-11-16,2025-11-16_京都09R_黄菊賞,1倍台,ワイド,3,3,300,0
2025-11-16,2025-11-16_京都09R_黄菊賞,1倍台,ワイド,4,6,600,0
2025-11-16,2025-11-16_京都09R_黄菊賞,1倍台,ワイド,5,10,1000,0
2025-11-16,2025-11-16_京都09R_黄菊賞,1倍台,ワイド,6,15,1500,0
2025-11-16,2025-11-16_京都09R_黄菊賞,1倍台,馬連,3,3,300,0
2025-11-16,2025-11-16_京都09R_黄菊賞,1倍台,馬連,4,6,600,0
2025-11-16,2025-11-16_京都09R_黄菊賞,1倍台,馬連,5,10,1000,0
2025-11-16,2025-11-16_京都09R_黄菊賞,1倍台,馬連,6,15,1500,0
2025-11-16,2025-11-16_京都10R_天橋立S,3倍以上,ワイド,3,3,300,430
2025-11-16,2025-11-16_京都10R_天橋立S,3倍以上,ワイド,4,6,600,430
2025-11-16,2025-11-16_京都10R_天橋立S,3倍以上,ワイド,5,10,1000,430
2025-11-16,2025-11-16_京都10R_天橋立S,3倍以上,ワイド,6,15,1500,1560
2025-11-16,2025-11-16_京都10R_天橋立S,3倍以上,馬連,3,3,300,1030
2025-11-16,2025-11-16_京都10R_天橋立S,3倍以上,馬連,4,6,600,1030
2025-11-16,2025-11-16_京都10R_天橋立S,3倍以上,馬連,5,10,1000,1030
2025-11-16,2025-11-16_京都10R_天橋立S,3倍以上,馬連,6,15,1500,1030
2025-11-16,2025-11-16_京都11R_エリザベス女王杯,2倍台,ワイド,3,3,300,0
2025-11-16,2025-11-16_京都11R_エリザベス女王杯,2倍台,ワイド,4,6,600,0
2025-11-16,2025-11-16_京都11R_エリザベス女王杯,2倍台,ワイド,5,10,1000,0
2025-11-16,2025-11-16_京都11R_エリザベス女王杯,2倍台,ワイド,6,15,1500,0
2025-11-16,2025-11-16_京都11R_エリザベス女王杯,2倍台,馬連,3,3,300,0
2025-11-16,2025-11-16_京都11R_エリザベス女王杯,2倍台,馬連,4,6,600,0
2025-11-16,2025-11-16_京都11R_エリザベス女王杯,2倍台,馬連,5,10,1000,0
2025-11-16,2025-11-16_京都11R_エリザベス女王杯,2倍台,馬連,6,15,1500,0
2025-11-16,2025-11-16_京都12R_ドンカスターC,2倍台,ワイド,3,3,300,0
2025-11-16,2025-11-16_京都12R_ドンカスターC,2倍台,ワイド,4,6,600,0
2025-11-16,2025-11-16_京都12R_ドンカスターC,2倍台,ワイド,5,10,1000,480
2025-11-16,2025-11-16_京都12R_ドンカスターC,2倍台,ワイド,6,15,1500,1490
2025-11-16,2025-11-16_京都12R_ドンカスターC,2倍台,馬連,3,3,300,0
2025-11-16,2025-11-16_京都12R_ドンカスターC,2倍台,馬連,4,6,600,0
2025-11-16,2025-11-16_京都12R_ドンカスターC,2倍台,馬連,5,10,1000,1370
2025-11-16,2025-11-16_京都12R_ドンカスターC,2倍台,馬連,6,15,1500,1370
2025-11-16,2025-11-16_東京09R_銀嶺S,2倍台,ワイド,3,3,300,0
2025-11-16,2025-11-16_東京09R_銀嶺S,2倍台,ワイド,4,6,600,210
2025-11-16,2025-11-16_東京09R_銀嶺S,2倍台,ワイド,5,10,1000,210
2025-11-16,2025-11-16_東京09R_銀嶺S,2倍台,ワイド,6,15,1500,210
2025-11-16,2025-11-16_東京09R_銀嶺S,2倍台,馬連,3,3,300,0
2025-11-16,2025-11-16_東京09R_銀嶺S,2倍台,馬連,4,6,600,0
2025-11-16,2025-11-16_東京09R_銀嶺S,2倍台,馬連,5,10,1000,0
2025-11-16,2025-11-16_東京09R_銀嶺S,2倍台,馬連,6,15,1500,0
2025-11-16,2025-11-16_東京10R_ユートピアS,3倍以上,ワイド,3,3,300,960
2025-11-16,2025-11-16_東京10R_ユートピアS,3倍以上,ワイド,4,6,600,960
2025-11-16,2025-11-16_東京10R_ユートピアS,3倍以上,ワイド,5,10,1000,960
2025-11-16,2025-11-16_東京10R_ユートピアS,3倍以上,ワイド,6,15,1500,960
2025-11-16,2025-11-16_東京10R_ユートピアS,3倍以上,馬連,3,3,300,3230
2025-11-16,2025-11-16_東京10R_ユートピアS,3倍以上,馬連,4,6,600,3230
2025-11-16,2025-11-16_東京10R_ユートピアS,3倍以上,馬連,5,10,1000,3230
2025-11-16,2025-11-16_東京10R_ユートピアS,3倍以上,馬連,6,15,1500,3230
2025-11-16,2025-11-16_東京11R_オーロC,3倍以上,ワイド,3,3,300,0
2025-11-16,2025-11-16_東京11R_オーロC,3倍以上,ワイド,4,6,600,0
2025-11-16,2025-11-16_東京11R_オーロC,3倍以上,ワイド,5,10,1000,870
2025-11-16,2025-11-16_東京11R_オーロC,3倍以上,ワイド,6,15,1500,870
2025-11-16,2025-11-16_東京11R_オーロC,3倍以上,馬連,3,3,300,0
2025-11-16,2025-11-16_東京11R_オーロC,3倍以上,馬連,4,6,600,0
2025-11-16,2025-11-16_東京11R_オーロC,3倍以上,馬連,5,10,1000,1940
2025-11-16,2025-11-16_東京11R_オーロC,3倍以上,馬連,6,15,1500,1940
2025-11-16,2025-11-16_東京12R_3歳以上1勝クラス,2倍台,ワイド,3,3,300,0
2025-11-16,2025-11-16_東京12R_3歳以上1勝クラス,2倍台,ワイド,4,6,600,0
2025-11-16,2025-11-16_東京12R_3歳以上1勝クラス,2倍台,ワイド,5,10,1000,0
2025-11-16,2025-11-16_東京12R_3歳以上1勝クラス,2倍台,ワイド,6,15,1500,410
2025-11-16,2025-11-16_東京12R_3歳以上1勝クラス,2倍台,馬連,3,3,300,0
2025-11-16,2025-11-16_東京12R_3歳以上1勝クラス,2倍台,馬連,4,6,600,0
2025-11-16,2025-11-16_東京12R_3歳以上1勝クラス,2倍台,馬連,5,10,1000,0
2025-11-16,2025-11-16_東京12R_3歳以上1勝クラス,2倍台,馬連,6,15,1500,0
2025-11-16,2025-11-16_福島09R_福島2歳S,2倍台,ワイド,3,3,300,0
2025-11-16,2025-11-16_福島09R_福島2歳S,2倍台,ワイド,4,6,600,0
2025-11-16,2025-11-16_福島09R_福島2歳S,2倍台,ワイド,5,10,1000,0
2025-11-16,2025-11-16_福島09R_福島2歳S,2倍台,ワイド,6,15,1500,0
2025-11-16,2025-11-16_福島09R_福島2歳S,2倍台,馬連,3,3,300,0
2025-11-16,2025-11-16_福島09R_福島2歳S,2倍台,馬連,4,6,600,0
2025-11-16,2025-11-16_福島09R_福島2歳S,2倍台,馬連,5,10,1000,0
2025-11-16,2025-11-16_福島09R_福島2歳S,2倍台,馬連,6,15,1500,0
2025-11-16,2025-11-16_福島10R_三陸特別,3倍以上,ワイド,3,3,300,0
2025-11-16,2025-11-16_福島10R_三陸特別,3倍以上,ワイド,4,6,600,0
2025-11-16,2025-11-16_福島10R_三陸特別,3倍以上,ワイド,5,10,1000,720
2025-11-16,2025-11-16_福島10R_三陸特別,3倍以上,ワイド,6,15,1500,720
2025-11-16,2025-11-16_福島10R_三陸特別,3倍以上,馬連,3,3,300,0
2025-11-16,2025-11-16_福島10R_三陸特別,3倍以上,馬連,4,6,600,0
2025-11-16,2025-11-16_福島10R_三陸特別,3倍以上,馬連,5,10,1000,2050
2025-11-16,2025-11-16_福島10R_三陸特別,3倍以上,馬連,6,15,1500,2050
2025-11-16,2025-11-16_福島11R_福島民友C,3倍以上,ワイド,3,3,300,0
2025-11-16,2025-11-16_福島11R_福島民友C,3倍以上,ワイド,4,6,600,400
2025-11-16,2025-11-16_福島11R_福島民友C,3倍以上,ワイド,5,10,1000,400
2025-11-16,2025-11-16_福島11R_福島民友C,3倍以上,ワイド,6,15,1500,400
2025-11-16,2025-11-16_福島11R_福島民友C,3倍以上,馬連,3,3,300,0
2025-11-16,2025-11-16_福島11R_福島民友C,3倍以上,馬連,4,6,600,0
2025-11-16,2025-11-16_福島11R_福島民友C,3倍以上,馬連,5,10,1000,0
2025-11-16,2025-11-16_福島11R_福島民友C,3倍以上,馬連,6,15,1500,0
2025-11-16,2025-11-16_福島12R_3歳以上1勝クラス,3倍以上,ワイド,3,3,300,0
2025-11-16,2025-11-16_福島12R_3歳以上1勝クラス,3倍以上,ワイド,4,6,600,0
2025-11-16,2025-11-16_福島12R_3歳以上1勝クラス,3倍以上,ワイド,5,10,1000,0
2025-11-16,2025-11-16_福島12R_3歳以上1勝クラス,3倍以上,ワイド,6,15,1500,0
2025-11-16,2025-11-16_福島12R_3歳以上1勝クラス,3倍以上,馬連,3,3,300,0
2025-11-16,2025-11-16_福島12R_3歳以上1勝クラス,3倍以上,馬連,4,6,600,0
2025-11-16,2025-11-16_福島12R_3歳以上1勝クラス,3倍以上,馬連,5,10,1000,0
2025-11-16,2025-11-16_福島12R_3歳以上1勝クラス,3倍以上,馬連,6,15,1500,0
2025-11-22,2025-11-22_京都09R_秋明菊賞,2倍台,ワイド,3,3,300,250
2025-11-22,2025-11-22_京都09R_秋明菊賞,2倍台,ワイド,4,6,600,680
2025-11-22,2025-11-22_京都09R_秋明菊賞,2倍台,ワイド,5,10,1000,680
2025-11-22,2025-11-22_京都09R_秋明菊賞,2倍台,ワイド,6,15,1500,680
2025-11-22,2025-11-22_京都09R_秋明菊賞,2倍台,馬連,3,3,300,0
2025-11-22,2025-11-22_京都09R_秋明菊賞,2倍台,馬連,4,6,600,690
2025-11-22,2025-11-22_京都09R_秋明菊賞,2倍台,馬連,5,10,1000,690
2025-11-22,2025-11-22_京都09R_秋明菊賞,2倍台,馬連,6,15,1500,690
2025-11-22,2025-11-22_京都10R_比叡S,2倍台,ワイド,3,3,300,1810
2025-11-22,2025-11-22_京都10R_比叡S,2倍台,ワイド,4,6,600,1810
2025-11-22,2025-11-22_京都10R_比叡S,2倍台,ワイド,5,10,1000,1810
2025-11-22,2025-11-22_京都10R_比叡S,2倍台,ワイド,6,15,1500,1810
2025-11-22,2025-11-22_京都10R_比叡S,2倍台,馬連,3,3,300,570
2025-11-22,2025-11-22_京都10R_比叡S,2倍台,馬連,4,6,600,570
2025-11-22,2025-11-22_京都10R_比叡S,2倍台,馬連,5,10,1000,570
2025-11-22,2025-11-22_京都10R_比叡S,2倍台,馬連,6,15,1500,570
2025-11-22,2025-11-22_京都11R_シトリンS,1倍台,ワイド,3,3,300,0
2025-11-22,2025-11-22_京都11R_シトリンS,1倍台,ワイド,4,6,600,0
2025-11-22,2025-11-22_京都11R_シトリンS,1倍台,ワイド,5,10,1000,4460
2025-11-22,2025-11-22_京都11R_シトリンS,1倍台,ワイド,6,15,1500,4460
2025-11-22,2025-11-22_京都11R_シトリンS,1倍台,馬連,3,3,300,0
2025-11-22,2025-11-22_京都11R_シトリンS,1倍台,馬連,4,6,600,0
2025-11-22,2025-11-22_京都11R_シトリンS,1倍台,馬連,5,10,1000,0
2025-11-22,2025-11-22_京都11R_シトリンS,1倍台,馬連,6,15,1500,0
2025-11-22,2025-11-22_京都12R_3歳以上2勝クラス,2倍台,ワイド,3,3,300,0
2025-11-22,2025-11-22_京都12R_3歳以上2勝クラス,2倍台,ワイド,4,6,600,170
2025-11-22,2025-11-22_京都12R_3歳以上2勝クラス,2倍台,ワイド,5,10,1000,170
2025-11-22,2025-11-22_京都12R_3歳以上2勝クラス,2倍台,ワイド,6,15,1500,170
2025-11-22,2025-11-22_京都12R_3歳以上2勝クラス,2倍台,馬連,3,3,300,0
2025-11-22,2025-11-22_京都12R_3歳以上2勝クラス,2倍台,馬連,4,6,600,270
2025-11-22,2025-11-22_京都12R_3歳以上2勝クラス,2倍台,馬連,5,10,1000,270
2025-11-22,2025-11-22_京都12R_3歳以上2勝クラス,2倍台,馬連,6,15,1500,270
2025-11-22,2025-11-22_福島09R_高湯温泉特別,3倍以上,ワイド,3,3,300,530
2025-11-22,2025-11-22_福島09R_高湯温泉特別,3倍以上,ワイド,4,6,600,530
2025-11-22,2025-11-22_福島09R_高湯温泉特別,3倍以上,ワイド,5,10,1000,530
2025-11-22,2025-11-22_福島09R_高湯温泉特別,3倍以上,ワイド,6,15,1500,530
2025-11-22,2025-11-22_福島09R_高湯温泉特別,3倍以上,馬連,3,3,300,0
2025-11-22,2025-11-22_福島09R_高湯温泉特別,3倍以上,馬連,4,6,600,0
2025-11-22,2025-11-22_福島09R_高湯温泉特別,3倍以上,馬連,5,10,1000,0
2025-11-22,2025-11-22_福島09R_高湯温泉特別,3倍以上,馬連,6,15,1500,0
2025-11-22,2025-11-22_福島10R_福島放送賞,1倍台,ワイド,3,3,300,750
2025-11-22,2025-11-22_福島10R_福島放送賞,1倍台,ワイド,4,6,600,750
2025-11-22,2025-11-22_福島10R_福島放送賞,1倍台,ワイド,5,10,1000,2390
2025-11-22,2025-11-22_福島10R_福島放送賞,1倍台,ワイド,6,15,1500,2390
2025-11-22,2025-11-22_福島10R_福島放送賞,1倍台,馬連,3,3,300,0
2025-11-22,2025-11-22_福島10R_福島放送賞,1倍台,馬連,4,6,600,0
2025-11-22,2025-11-22_福島10R_福島放送賞,1倍台,馬連,5,10,1000,7300
2025-11-22,2025-11-22_福島10R_福島放送賞,1倍台,馬連,6,15,1500,7300
2025-11-22,2025-11-22_福島11R_福島記念,3倍以上,ワイド,3,3,300,950
2025-11-22,2025-11-22_福島11R_福島記念,3倍以上,ワイド,4,6,600,950
2025-11-22,2025-11-22_福島11R_福島記念,3倍以上,ワイド,5,10,1000,950
2025-11-22,2025-11-22_福島11R_福島記念,3倍以上,ワイド,6,15,1500,950
2025-11-22,2025-11-22_福島11R_福島記念,3倍以上,馬連,3,3,300,0
2025-11-22,2025-11-22_福島11R_福島記念,3倍以上,馬連,4,6,600,0
2025-11-22,2025-11-22_福島11R_福島記念,3倍以上,馬連,5,10,1000,0
2025-11-22,2025-11-22_福島11R_福島記念,3倍以上,馬連,6,15,1500,0
2025-11-22,2025-11-22_福島12R_3歳以上1勝クラス,3倍以上,ワイド,3,3,300,0
2025-11-22,2025-11-22_福島12R_3歳以上1勝クラス,3倍以上,ワイド,4,6,600,0
2025-11-22,2025-11-22_福島12R_3歳以上1勝クラス,3倍以上,ワイド,5,10,1000,0
2025-11-22,2025-11-22_福島12R_3歳以上1勝クラス,3倍以上,ワイド,6,15,1500,3050
2025-11-22,2025-11-22_福島12R_3歳以上1勝クラス,3倍以上,馬連,3,3,300,0
2025-11-22,2025-11-22_福島12R_3歳以上1勝クラス,3倍以上,馬連,4,6,600,0
2025-11-22,2025-11-22_福島12R_3歳以上1勝クラス,3倍以上,馬連,5,10,1000,0
2025-11-22,2025-11-22_福島12R_3歳以上1勝クラス,3倍以上,馬連,6,15,1500,0
2025-11-23,2025-11-23_京都09R_花見小路特別,1倍台,ワイド,3,3,300,0
2025-11-23,2025-11-23_京都09R_花見小路特別,1倍台,ワイド,4,6,600,0
2025-11-23,2025-11-23_京都09R_花見小路特別,1倍台,ワイド,5,10,1000,0
2025-11-23,2025-11-23_京都09R_花見小路特別,1倍台,ワイド,6,15,1500,180
2025-11-23,2025-11-23_京都09R_花見小路特別,1倍台,馬連,3,3,300,0
2025-11-23,2025-11-23_京都09R_花見小路特別,1倍台,馬連,4,6,600,0
2025-11-23,2025-11-23_京都09R_花見小路特別,1倍台,馬連,5,10,1000,0
2025-11-23,2025-11-23_京都09R_花見小路特別,1倍台,馬連,6,15,1500,330
2025-11-23,2025-11-23_京都10R_レジェンドトレーナーC,3倍以上,ワイド,3,3,300,1250
2025-11-23,2025-11-23_京都10R_レジェンドトレーナーC,3倍以上,ワイド,4,6,600,1250
2025-11-23,2025-11-23_京都10R_レジェンドトレーナーC,3倍以上,ワイド,5,10,1000,1250
2025-11-23,2025-11-23_京都10R_レジェンドトレーナーC,3倍以上,ワイド,6,15,1500,1250
2025-11-23,2025-11-23_京都10R_レジェンドトレーナーC,3倍以上,馬連,3,3,300,0
2025-11-23,2025-11-23_京都10R_レジェンドトレーナーC,3倍以上,馬連,4,6,600,0
2025-11-23,2025-11-23_京都10R_レジェンドトレーナーC,3倍以上,馬連,5,10,1000,0
2025-11-23,2025-11-23_京都10R_レジェンドトレーナーC,3倍以上,馬連,6,15,1500,0
2025-11-23,2025-11-23_京都11R_マイルCS,1倍台,ワイド,3,3,300,0
2025-11-23,2025-11-23_京都11R_マイルCS,1倍台,ワイド,4,6,600,0
2025-11-23,2025-11-23_京都11R_マイルCS,1倍台,ワイド,5,10,1000,340
2025-11-23,2025-11-23_京都11R_マイルCS,1倍台,ワイド,6,15,1500,340
2025-11-23,2025-11-23_京都11R_マイルCS,1倍台,馬連,3,3,300,0
2025-11-23,2025-11-23_京都11R_マイルCS,1倍台,馬連,4,6,600,0
2025-11-23,2025-11-23_京都11R_マイルCS,1倍台,馬連,5,10,1000,640
2025-11-23,2025-11-23_京都11R_マイルCS,1倍台,馬連,6,15,1500,640
2025-11-23,2025-11-23_京都12R_醍醐S,2倍台,ワイド,3,3,300,0
2025-11-23,2025-11-23_京都12R_醍醐S,2倍台,ワイド,4,6,600,0
2025-11-23,2025-11-23_京都12R_醍醐S,2倍台,ワイド,5,10,1000,0
2025-11-23,2025-11-23_京都12R_醍醐S,2倍台,ワイド,6,15,1500,0
2025-11-23,2025-11-23_京都12R_醍醐S,2倍台,馬連,3,3,300,0
2025-11-23,2025-11-23_京都12R_醍醐S,2倍台,馬連,4,6,600,0
2025-11-23,2025-11-23_京都12R_醍醐S,2倍台,馬連,5,10,1000,0
2025-11-23,2025-11-23_京都12R_醍醐S,2倍台,馬連,6,15,1500,0
2025-11-23,2025-11-23_東京09R_赤松賞,2倍台,ワイド,3,3,300,490
2025-11-23,2025-11-23_東京09R_赤松賞,2倍台,ワイド,4,6,600,490
2025-11-23,2025-11-23_東京09R_赤松賞,2倍台,ワイド,5,10,1000,490
2025-11-23,2025-11-23_東京09R_赤松賞,2倍台,ワイド,6,15,1500,1310
2025-11-23,2025-11-23_東京09R_赤松賞,2倍台,馬連,3,3,300,0
2025-11-23,2025-11-23_東京09R_赤松賞,2倍台,馬連,4,6,600,0
2025-11-23,2025-11-23_東京09R_赤松賞,2倍台,馬連,5,10,1000,0
2025-11-23,2025-11-23_東京09R_赤松賞,2倍台,馬連,6,15,1500,1480
2025-11-23,2025-11-23_東京10R_秋色S,3倍以上,ワイド,3,3,300,0
2025-11-23,2025-11-23_東京10R_秋色S,3倍以上,ワイド,4,6,600,400
2025-11-23,2025-11-23_東京10R_秋色S,3倍以上,ワイド,5,10,1000,400
2025-11-23,2025-11-23_東京10R_秋色S,3倍以上,ワイド,6,15,1500,400
2025-11-23,2025-11-23_東京10R_秋色S,3倍以上,馬連,3,3,300,0
2025-11-23,2025-11-23_東京10R_秋色S,3倍以上,馬連,4,6,600,800
2025-11-23,2025-11-23_東京10R_秋色S,3倍以上,馬連,5,10,1000,800
2025-11-23,2025-11-23_東京10R_秋色S,3倍以上,馬連,6,15,1500,800
2025-11-23,2025-11-23_東京11R_霜月S,2倍台,ワイド,3,3,300,540
2025-11-23,2025-11-23_東京11R_霜月S,2倍台,ワイド,4,6,600,540
2025-11-23,2025-11-23_東京11R_霜月S,2倍台,ワイド,5,10,1000,4580
2025-11-23,2025-11-23_東京11R_霜月S,2倍台,ワイド,6,15,1500,4580
2025-11-23,2025-11-23_東京11R_霜月S,2倍台,馬連,3,3,300,1220
2025-11-23,2025-11-23_東京11R_霜月S,2倍台,馬連,4,6,600,1220
2025-11-23,2025-11-23_東京11R_霜月S,2倍台,馬連,5,10,1000,1220
2025-11-23,2025-11-23_東京11R_霜月S,2倍台,馬連,6,15,1500,1220
2025-11-23,2025-11-23_東京12R_3歳以上2勝クラス,3倍以上,ワイド,3,3,300,0
2025-11-23,2025-11-23_東京12R_3歳以上2勝クラス,3倍以上,ワイド,4,6,600,0
2025-11-23,2025-11-23_東京12R_3歳以上2勝クラス,3倍以上,ワイド,5,10,1000,0
2025-11-23,2025-11-23_東京12R_3歳以上2勝クラス,3倍以上,ワイド,6,15,1500,940
2025-11-23,2025-11-23_東京12R_3歳以上2勝クラス,3倍以上,馬連,3,3,300,0
2025-11-23,2025-11-23_東京12R_3歳以上2勝クラス,3倍以上,馬連,4,6,600,0
2025-11-23,2025-11-23_東京12R_3歳以上2勝クラス,3倍以上,馬連,5,10,1000,0
2025-11-23,2025-11-23_東京12R_3歳以上2勝クラス,3倍以上,馬連,6,15,1500,0
2025-11-24,2025-11-24_東京09R_南武特別,1倍台,ワイド,3,3,300,0
2025-11-24,2025-11-24_東京09R_南武特別,1倍台,ワイド,4,6,600,170
2025-11-24,2025-11-24_東京09R_南武特別,1倍台,ワイド,5,10,1000,170
2025-11-24,2025-11-24_東京09R_南武特別,1倍台,ワイド,6,15,1500,170
2025-11-24,2025-11-24_東京09R_南武特別,1倍台,馬連,3,3,300,0
2025-11-24,2025-11-24_東京09R_南武特別,1倍台,馬連,4,6,600,0
2025-11-24,2025-11-24_東京09R_南武特別,1倍台,馬連,5,10,1000,0
2025-11-24,2025-11-24_東京09R_南武特別,1倍台,馬連,6,15,1500,0
2025-11-24,2025-11-24_東京10R_晩秋S,1倍台,ワイド,3,3,300,0
2025-11-24,2025-11-24_東京10R_晩秋S,1倍台,ワイド,4,6,600,170
2025-11-24,2025-11-24_東京10R_晩秋S,1倍台,ワイド,5,10,1000,1840
2025-11-24,2025-11-24_東京10R_晩秋S,1倍台,ワイド,6,15,1500,1840
2025-11-24,2025-11-24_東京10R_晩秋S,1倍台,馬連,3,3,300,0
2025-11-24,2025-11-24_東京10R_晩秋S,1倍台,馬連,4,6,600,260
2025-11-24,2025-11-24_東京10R_晩秋S,1倍台,馬連,5,10,1000,260
2025-11-24,2025-11-24_東京10R_晩秋S,1倍台,馬連,6,15,1500,260
2025-11-24,2025-11-24_東京11R_東スポ杯2歳S,2倍台,ワイド,3,3,300,740
2025-11-24,2025-11-24_東京11R_東スポ杯2歳S,2倍台,ワイド,4,6,600,740
2025-11-24,2025-11-24_東京11R_東スポ杯2歳S,2倍台,ワイド,5,10,1000,740
2025-11-24,2025-11-24_東京11R_東スポ杯2歳S,2倍台,ワイド,6,15,1500,740
2025-11-24,2025-11-24_東京11R_東スポ杯2歳S,2倍台,馬連,3,3,300,0
2025-11-24,2025-11-24_東京11R_東スポ杯2歳S,2倍台,馬連,4,6,600,0
2025-11-24,2025-11-24_東京11R_東スポ杯2歳S,2倍台,馬連,5,10,1000,0
2025-11-24,2025-11-24_東京11R_東スポ杯2歳S,2倍台,馬連,6,15,1500,0
2025-11-24,2025-11-24_東京12R_3歳以上1勝クラス,2倍台,ワイド,3,3,300,1130
2025-11-24,2025-11-24_東京12R_3歳以上1勝クラス,2倍台,ワイド,4,6,600,1130
2025-11-24,2025-11-24_東京12R_3歳以上1勝クラス,2倍台,ワイド,5,10,1000,1130
2025-11-24,2025-11-24_東京12R_3歳以上1勝クラス,2倍台,ワイド,6,15,1500,1130
2025-11-24,2025-11-24_東京12R_3歳以上1勝クラス,2倍台,馬連,3,3,300,740
2025-11-24,2025-11-24_東京12R_3歳以上1勝クラス,2倍台,馬連,4,6,600,740
2025-11-24,2025-11-24_東京12R_3歳以上1勝クラス,2倍台,馬連,5,10,1000,740
2025-11-24,2025-11-24_東京12R_3歳以上1勝クラス,2倍台,馬連,6,15,1500,740
2025-11-24,2025-11-24_福島09R_磐梯山特別,3倍以上,ワイド,3,3,300,0
2025-11-24,2025-11-24_福島09R_磐梯山特別,3倍以上,ワイド,4,6,600,0
2025-11-24,2025-11-24_福島09R_磐梯山特別,3倍以上,ワイド,5,10,1000,0
2025-11-24,2025-11-24_福島09R_磐梯山特別,3倍以上,ワイド,6,15,1500,0
2025-11-24,2025-11-24_福島09R_磐梯山特別,3倍以上,馬連,3,3,300,0
2025-11-24,2025-11-24_福島09R_磐梯山特別,3倍以上,馬連,4,6,600,0
2025-11-24,2025-11-24_福島09R_磐梯山特別,3倍以上,馬連,5,10,1000,0
2025-11-24,2025-11-24_福島09R_磐梯山特別,3倍以上,馬連,6,15,1500,0
2025-11-24,2025-11-24_福島10R_五色沼特別,2倍台,ワイド,3,3,300,0
2025-11-24,2025-11-24_福島10R_五色沼特別,2倍台,ワイド,4,6,600,0
2025-11-24,2025-11-24_福島10R_五色沼特別,2倍台,ワイド,5,10,1000,1380
2025-11-24,2025-11-24_福島10R_五色沼特別,2倍台,ワイド,6,15,1500,1380
2025-11-24,2025-11-24_福島10R_五色沼特別,2倍台,馬連,3,3,300,0
2025-11-24,2025-11-24_福島10R_五色沼特別,2倍台,馬連,4,6,600,0
2025-11-24,2025-11-24_福島10R_五色沼特別,2倍台,馬連,5,10,1000,1850
2025-11-24,2025-11-24_福島10R_五色沼特別,2倍台,馬連,6,15,1500,1850
2025-11-24,2025-11-24_福島11R_奥羽S,2倍台,ワイド,3,3,300,0
2025-11-24,2025-11-24_福島11R_奥羽S,2倍台,ワイド,4,6,600,0
2025-11-24,2025-11-24_福島11R_奥羽S,2倍台,ワイド,5,10,1000,0
2025-11-24,2025-11-24_福島11R_奥羽S,2倍台,ワイド,6,15,1500,0
2025-11-24,2025-11-24_福島11R_奥羽S,2倍台,馬連,3,3,300,0
2025-11-24,2025-11-24_福島11R_奥羽S,2倍台,馬連,4,6,600,0
2025-11-24,2025-11-24_福島11R_奥羽S,2倍台,馬連,5,10,1000,0
2025-11-24,2025-11-24_福島11R_奥羽S,2倍台,馬連,6,15,1500,0
2025-11-24,2025-11-24_福島12R_3歳以上1勝クラス,3倍以上,ワイド,3,3,300,0
2025-11-24,2025-11-24_福島12R_3歳以上1勝クラス,3倍以上,ワイド,4,6,600,0
2025-11-24,2025-11-24_福島12R_3歳以上1勝クラス,3倍以上,ワイド,5,10,1000,460
2025-11-24,2025-11-24_福島12R_3歳以上1勝クラス,3倍以上,ワイド,6,15,1500,460
2025-11-24,2025-11-24_福島12R_3歳以上1勝クラス,3倍以上,馬連,3,3,300,0
2025-11-24,2025-11-24_福島12R_3歳以上1勝クラス,3倍以上,馬連,4,6,600,0
2025-11-24,2025-11-24_福島12R_3歳以上1勝クラス,3倍以上,馬連,5,10,1000,0
2025-11-24,2025-11-24_福島12R_3歳以上1勝クラス,3倍以上,馬連,6,15,1500,0
2025-11-29,2025-11-29_京都09R_栂尾特別,1倍台,ワイド,3,3,300,250
2025-11-29,2025-11-29_京都09R_栂尾特別,1倍台,ワイド,4,6,600,250
2025-11-29,2025-11-29_京都09R_栂尾特別,1倍台,ワイド,5,10,1000,250
2025-11-29,2025-11-29_京都09R_栂尾特別,1倍台,ワイド,6,15,1500,250
2025-11-29,2025-11-29_京都09R_栂尾特別,1倍台,馬連,3,3,300,0
2025-11-29,2025-11-29_京都09R_栂尾特別,1倍台,馬連,4,6,600,0
2025-11-29,2025-11-29_京都09R_栂尾特別,1倍台,馬連,5,10,1000,0
2025-11-29,2025-11-29_京都09R_栂尾特別,1倍台,馬連,6,15,1500,0
2025-11-29,2025-11-29_京都10R_東山S,2倍台,ワイド,3,3,300,0
2025-11-29,2025-11-29_京都10R_東山S,2倍台,ワイド,4,6,600,0
2025-11-29,2025-11-29_京都10R_東山S,2倍台,ワイド,5,10,1000,390
2025-11-29,2025-11-29_京都10R_東山S,2倍台,ワイド,6,15,1500,390
2025-11-29,2025-11-29_京都10R_東山S,2倍台,馬連,3,3,300,0
2025-11-29,2025-11-29_京都10R_東山S,2倍台,馬連,4,6,600,0
2025-11-29,2025-11-29_京都10R_東山S,2倍台,馬連,5,10,1000,740
2025-11-29,2025-11-29_京都10R_東山S,2倍台,馬連,6,15,1500,740
2025-11-29,2025-11-29_京都11R_京都2歳S,2倍台,ワイド,3,3,300,0
2025-11-29,2025-11-29_京都11R_京都2歳S,2倍台,ワイド,4,6,600,0
2025-11-29,2025-11-29_京都11R_京都2歳S,2倍台,ワイド,5,10,1000,2310
2025-11-29,2025-11-29_京都11R_京都2歳S,2倍台,ワイド,6,15,1500,2310
2025-11-29,2025-11-29_京都11R_京都2歳S,2倍台,馬連,3,3,300,0
2025-11-29,2025-11-29_京都11R_京都2歳S,2倍台,馬連,4,6,600,0
2025-11-29,2025-11-29_京都11R_京都2歳S,2倍台,馬連,5,10,1000,0
2025-11-29,2025-11-29_京都11R_京都2歳S,2倍台,馬連,6,15,1500,0
2025-11-29,2025-11-29_京都12R_3歳以上2勝クラス,1倍台,ワイド,3,3,300,320
2025-11-29,2025-11-29_京都12R_3歳以上2勝クラス,1倍台,ワイド,4,6,600,320
2025-11-29,2025-11-29_京都12R_3歳以上2勝クラス,1倍台,ワイド,5,10,1000,320
2025-11-29,2025-11-29_京都12R_3歳以上2勝クラス,1倍台,ワイド,6,15,1500,320
2025-11-29,2025-11-29_京都12R_3歳以上2勝クラス,1倍台,馬連,3,3,300,650
2025-11-29,2025-11-29_京都12R_3歳以上2勝クラス,1倍台,馬連,4,6,600,650
2025-11-29,2025-11-29_京都12R_3歳以上2勝クラス,1倍台,馬連,5,10,1000,650
2025-11-29,2025-11-29_京都12R_3歳以上2勝クラス,1倍台,馬連,6,15,1500,650
2025-11-29,2025-11-29_東京09R_カトレアS,1倍台,ワイド,3,3,300,0
2025-11-29,2025-11-29_東京09R_カトレアS,1倍台,ワイド,4,6,600,0
2025-11-29,2025-11-29_東京09R_カトレアS,1倍台,ワイド,5,10,1000,310
2025-11-29,2025-11-29_東京09R_カトレアS,1倍台,ワイド,6,15,1500,310
2025-11-29,2025-11-29_東京09R_カトレアS,1倍台,馬連,3,3,300,0
2025-11-29,2025-11-29_東京09R_カトレアS,1倍台,馬連,4,6,600,0
2025-11-29,2025-11-29_東京09R_カトレアS,1倍台,馬連,5,10,1000,0
2025-11-29,2025-11-29_東京09R_カトレアS,1倍台,馬連,6,15,1500,0
2025-11-29,2025-11-29_東京10R_シャングリラS,2倍台,ワイド,3,3,300,0
2025-11-29,2025-11-29_東京10R_シャングリラS,2倍台,ワイド,4,6,600,1160
2025-11-29,2025-11-29_東京10R_シャングリラS,2倍台,ワイド,5,10,1000,1160
2025-11-29,2025-11-29_東京10R_シャングリラS,2倍台,ワイド,6,15,1500,1160
2025-11-29,2025-11-29_東京10R_シャングリラS,2倍台,馬連,3,3,300,0
2025-11-29,2025-11-29_東京10R_シャングリラS,2倍台,馬連,4,6,600,0
2025-11-29,2025-11-29_東京10R_シャングリラS,2倍台,馬連,5,10,1000,0
2025-11-29,2025-11-29_東京10R_シャングリラS,2倍台,馬連,6,15,1500,0
2025-11-29,2025-11-29_東京11R_キャピタルS,3倍以上,ワイド,3,3,300,1170
2025-11-29,2025-11-29_東京11R_キャピタルS,3倍以上,ワイド,4,6,600,1170
2025-11-29,2025-11-29_東京11R_キャピタルS,3倍以上,ワイド,5,10,1000,1170
2025-11-29,2025-11-29_東京11R_キャピタルS,3倍以上,ワイド,6,15,1500,1170
2025-11-29,2025-11-29_東京11R_キャピタルS,3倍以上,馬連,3,3,300,0
2025-11-29,2025-11-29_東京11R_キャピタルS,3倍以上,馬連,4,6,600,0
2025-11-29,2025-11-29_東京11R_キャピタルS,3倍以上,馬連,5,10,1000,0
2025-11-29,2025-11-29_東京11R_キャピタルS,3倍以上,馬連,6,15,1500,0
2025-11-29,2025-11-29_東京12R_3歳以上2勝クラス,1倍台,ワイド,3,3,300,200
2025-11-29,2025-11-29_東京12R_3歳以上2勝クラス,1倍台,ワイド,4,6,600,200
2025-11-29,2025-11-29_東京12R_3歳以上2勝クラス,1倍台,ワイド,5,10,1000,200
2025-11-29,2025-11-29_東京12R_3歳以上2勝クラス,1倍台,ワイド,6,15,1500,200
2025-11-29,2025-11-29_東京12R_3歳以上2勝クラス,1倍台,馬連,3,3,300,380
2025-11-29,2025-11-29_東京12R_3歳以上2勝クラス,1倍台,馬連,4,6,600,380
2025-11-29,2025-11-29_東京12R_3歳以上2勝クラス,1倍台,馬連,5,10,1000,380
2025-11-29,2025-11-29_東京12R_3歳以上2勝クラス,1倍台,馬連,6,15,1500,380
2025-11-30,2025-11-30_京都09R_白菊賞,2倍台,ワイド,3,3,300,470
2025-11-30,2025-11-30_京都09R_白菊賞,2倍台,ワイド,4,6,600,470
2025-11-30,2025-11-30_京都09R_白菊賞,2倍台,ワイド,5,10,1000,470
2025-11-30,2025-11-30_京都09R_白菊賞,2倍台,ワイド,6,15,1500,470
2025-11-30,2025-11-30_京都09R_白菊賞,2倍台,馬連,3,3,300,1140
2025-11-30,2025-11-30_京都09R_白菊賞,2倍台,馬連,4,6,600,1140
2025-11-30,2025-11-30_京都09R_白菊賞,2倍台,馬連,5,10,1000,1140
2025-11-30,2025-11-30_京都09R_白菊賞,2倍台,馬連,6,15,1500,1140
2025-11-30,2025-11-30_京都10R_花園S,3倍以上,ワイド,3,3,300,0
2025-11-30,2025-11-30_京都10R_花園S,3倍以上,ワイド,4,6,600,0
2025-11-30,2025-11-30_京都10R_花園S,3倍以上,ワイド,5,10,1000,0
2025-11-30,2025-11-30_京都10R_花園S,3倍以上,ワイド,6,15,1500,0
2025-11-30,2025-11-30_京都10R_花園S,3倍以上,馬連,3,3,300,0
2025-11-30,2025-11-30_京都10R_花園S,3倍以上,馬連,4,6,600,0
2025-11-30,2025-11-30_京都10R_花園S,3倍以上,馬連,5,10,1000,0
2025-11-30,2025-11-30_京都10R_花園S,3倍以上,馬連,6,15,1500,0
2025-11-30,2025-11-30_京都11R_オータムリーフS,1倍台,ワイド,3,3,300,0
2025-11-30,2025-11-30_京都11R_オータムリーフS,1倍台,ワイド,4,6,600,510
2025-11-30,2025-11-30_京都11R_オータムリーフS,1倍台,ワイド,5,10,1000,510
2025-11-30,2025-11-30_京都11R_オータムリーフS,1倍台,ワイド,6,15,1500,510
2025-11-30,2025-11-30_京都11R_オータムリーフS,1倍台,馬連,3,3,300,0
2025-11-30,2025-11-30_京都11R_オータムリーフS,1倍台,馬連,4,6,600,0
2025-11-30,2025-11-30_京都11R_オータムリーフS,1倍台,馬連,5,10,1000,0
2025-11-30,2025-11-30_京都11R_オータムリーフS,1倍台,馬連,6,15,1500,0
2025-11-30,2025-11-30_京都12R_京阪杯,3倍以上,ワイド,3,3,300,0
2025-11-30,2025-11-30_京都12R_京阪杯,3倍以上,ワイド,4,6,600,0
2025-11-30,2025-11-30_京都12R_京阪杯,3倍以上,ワイド,5,10,1000,0
2025-11-30,2025-11-30_京都12R_京阪杯,3倍以上,ワイド,6,15,1500,0
2025-11-30,2025-11-30_京都12R_京阪杯,3倍以上,馬連,3,3,300,0
2025-11-30,2025-11-30_京都12R_京阪杯,3倍以上,馬連,4,6,600,0
2025-11-30,2025-11-30_京都12R_京阪杯,3倍以上,馬連,5,10,1000,0
2025-11-30,2025-11-30_京都12R_京阪杯,3倍以上,馬連,6,15,1500,0
2025-11-30,2025-11-30_東京09R_オリエンタル賞,2倍台,ワイド,3,3,300,0
2025-11-30,2025-11-30_東京09R_オリエンタル賞,2倍台,ワイド,4,6,600,0
2025-11-30,2025-11-30_東京09R_オリエンタル賞,2倍台,ワイド,5,10,1000,0
2025-11-30,2025-11-30_東京09R_オリエンタル賞,2倍台,ワイド,6,15,1500,170
2025-11-30,2025-11-30_東京09R_オリエンタル賞,2倍台,馬連,3,3,300,0
2025-11-30,2025-11-30_東京09R_オリエンタル賞,2倍台,馬連,4,6,600,0
2025-11-30,2025-11-30_東京09R_オリエンタル賞,2倍台,馬連,5,10,1000,0
2025-11-30,2025-11-30_東京09R_オリエンタル賞,2倍台,馬連,6,15,1500,310
2025-11-30,2025-11-30_東京10R_アプローズ賞,2倍台,ワイド,3,3,300,0
2025-11-30,2025-11-30_東京10R_アプローズ賞,2倍台,ワイド,4,6,600,0
2025-11-30,2025-11-30_東京10R_アプローズ賞,2倍台,ワイド,5,10,1000,2670
2025-11-30,2025-11-30_東京10R_アプローズ賞,2倍台,ワイド,6,15,1500,2670
2025-11-30,2025-11-30_東京10R_アプローズ賞,2倍台,馬連,3,3,300,0
2025-11-30,2025-11-30_東京10R_アプローズ賞,2倍台,馬連,4,6,600,0
2025-11-30,2025-11-30_東京10R_アプローズ賞,2倍台,馬連,5,10,1000,8090
2025-11-30,2025-11-30_東京10R_アプローズ賞,2倍台,馬連,6,15,1500,8090
2025-11-30,2025-11-30_東京11R_ウェルカムS,3倍以上,ワイド,3,3,300,620
2025-11-30,2025-11-30_東京11R_ウェルカムS,3倍以上,ワイド,4,6,600,620
2025-11-30,2025-11-30_東京11R_ウェルカムS,3倍以上,ワイド,5,10,1000,1960
2025-11-30,2025-11-30_東京11R_ウェルカムS,3倍以上,ワイド,6,15,1500,1960
2025-11-30,2025-11-30_東京11R_ウェルカムS,3倍以上,馬連,3,3,300,0
2025-11-30,2025-11-30_東京11R_ウェルカムS,3倍以上,馬連,4,6,600,0
2025-11-30,2025-11-30_東京11R_ウェルカムS,3倍以上,馬連,5,10,1000,940
2025-11-30,2025-11-30_東京11R_ウェルカムS,3倍以上,馬連,6,15,1500,940
2025-11-30,2025-11-30_東京12R_ジャパンC,2倍台,ワイド,3,3,300,0
2025-11-30,2025-11-30_東京12R_ジャパンC,2倍台,ワイド,4,6,600,0
2025-11-30,2025-11-30_東京12R_ジャパンC,2倍台,ワイド,5,10,1000,0
2025-11-30,2025-11-30_東京12R_ジャパンC,2倍台,ワイド,6,15,1500,520
2025-11-30,2025-11-30_東京12R_ジャパンC,2倍台,馬連,3,3,300,0
2025-11-30,2025-11-30_東京12R_ジャパンC,2倍台,馬連,4,6,600,0
2025-11-30,2025-11-30_東京12R_ジャパンC,2倍台,馬連,5,10,1000,0
2025-11-30,2025-11-30_東京12R_ジャパンC,2倍台,馬連,6,15,1500,1180
2025-12-06,2025-12-06_中京09R_こうやまき賞,2倍台,ワイド,3,3,300,0
2025-12-06,2025-12-06_中京09R_こうやまき賞,2倍台,ワイド,4,6,600,0
2025-12-06,2025-12-06_中京09R_こうやまき賞,2倍台,ワイド,5,10,1000,220
2025-12-06,2025-12-06_中京09R_こうやまき賞,2倍台,ワイド,6,15,1500,220
2025-12-06,2025-12-06_中京09R_こうやまき賞,2倍台,馬連,3,3,300,0
2025-12-06,2025-12-06_中京09R_こうやまき賞,2倍台,馬連,4,6,600,0
2025-12-06,2025-12-06_中京09R_こうやまき賞,2倍台,馬連,5,10,1000,0
2025-12-06,2025-12-06_中京09R_こうやまき賞,2倍台,馬連,6,15,1500,0
2025-12-06,2025-12-06_中京10R_中京日経賞,1倍台,ワイド,3,3,300,160
2025-12-06,2025-12-06_中京10R_中京日経賞,1倍台,ワイド,4,6,600,160
2025-12-06,2025-12-06_中京10R_中京日経賞,1倍台,ワイド,5,10,1000,920
2025-12-06,2025-12-06_中京10R_中京日経賞,1倍台,ワイド,6,15,1500,920
2025-12-06,2025-12-06_中京10R_中京日経賞,1倍台,馬連,3,3,300,0
2025-12-06,2025-12-06_中京10R_中京日経賞,1倍台,馬連,4,6,600,0
2025-12-06,2025-12-06_中京10R_中京日経賞,1倍台,馬連,5,10,1000,860
2025-12-06,2025-12-06_中京10R_中京日経賞,1倍台,馬連,6,15,1500,860
2025-12-06,2025-12-06_中京11R_飛騨S,3倍以上,ワイド,3,3,300,280
2025-12-06,2025-12-06_中京11R_飛騨S,3倍以上,ワイド,4,6,600,280
2025-12-06,2025-12-06_中京11R_飛騨S,3倍以上,ワイド,5,10,1000,280
2025-12-06,2025-12-06_中京11R_飛騨S,3倍以上,ワイド,6,15,1500,280
2025-12-06,2025-12-06_中京11R_飛騨S,3倍以上,馬連,3,3,300,0
2025-12-06,2025-12-06_中京11R_飛騨S,3倍以上,馬連,4,6,600,0
2025-12-06,2025-12-06_中京11R_飛騨S,3倍以上,馬連,5,10,1000,0
2025-12-06,2025-12-06_中京11R_飛騨S,3倍以上,馬連,6,15,1500,0
2025-12-06,2025-12-06_中京12R_3歳以上1勝クラス,2倍台,ワイド,3,3,300,0
2025-12-06,2025-12-06_中京12R_3歳以上1勝クラス,2倍台,ワイド,4,6,600,0
2025-12-06,2025-12-06_中京12R_3歳以上1勝クラス,2倍台,ワイド,5,10,1000,0
2025-12-06,2025-12-06_中京12R_3歳以上1勝クラス,2倍台,ワイド,6,15,1500,0
2025-12-06,2025-12-06_中京12R_3歳以上1勝クラス,2倍台,馬連,3,3,300,0
2025-12-06,2025-12-06_中京12R_3歳以上1勝クラス,2倍台,馬連,4,6,600,0
2025-12-06,2025-12-06_中京12R_3歳以上1勝クラス,2倍台,馬連,5,10,1000,0
2025-12-06,2025-12-06_中京12R_3歳以上1勝クラス,2倍台,馬連,6,15,1500,0
2025-12-06,2025-12-06_中山09R_葉牡丹賞,2倍台,ワイド,3,3,300,0
2025-12-06,2025-12-06_中山09R_葉牡丹賞,2倍台,ワイド,4,6,600,0
2025-12-06,2025-12-06_中山09R_葉牡丹賞,2倍台,ワイド,5,10,1000,680
2025-12-06,2025-12-06_中山09R_葉牡丹賞,2倍台,ワイド,6,15,1500,680
2025-12-06,2025-12-06_中山09R_葉牡丹賞,2倍台,馬連,3,3,300,0
2025-12-06,2025-12-06_中山09R_葉牡丹賞,2倍台,馬連,4,6,600,0
2025-12-06,2025-12-06_中山09R_葉牡丹賞,2倍台,馬連,5,10,1000,1730
2025-12-06,2025-12-06_中山09R_葉牡丹賞,2倍台,馬連,6,15,1500,1730
2025-12-06,2025-12-06_中山10R_鹿島特別,2倍台,ワイド,3,3,300,260
2025-12-06,2025-12-06_中山10R_鹿島特別,2倍台,ワイド,4,6,600,260
2025-12-06,2025-12-06_中山10R_鹿島特別,2倍台,ワイド,5,10,1000,260
2025-12-06,2025-12-06_中山10R_鹿島特別,2倍台,ワイド,6,15,1500,260
2025-12-06,2025-12-06_中山10R_鹿島特別,2倍台,馬連,3,3,300,520
2025-12-06,2025-12-06_中山10R_鹿島特別,2倍台,馬連,4,6,600,520
2025-12-06,2025-12-06_中山10R_鹿島特別,2倍台,馬連,5,10,1000,520
2025-12-06,2025-12-06_中山10R_鹿島特別,2倍台,馬連,6,15,1500,520
2025-12-06,2025-12-06_中山11R_ステイヤーズS,3倍以上,ワイド,3,3,300,0
2025-12-06,2025-12-06_中山11R_ステイヤーズS,3倍以上,ワイド,4,6,600,0
2025-12-06,2025-12-06_中山11R_ステイヤーズS,3倍以上,ワイド,5,10,1000,0
2025-12-06,2025-12-06_中山11R_ステイヤーズS,3倍以上,ワイド,6,15,1500,0
2025-12-06,2025-12-06_中山11R_ステイヤーズS,3倍以上,馬連,3,3,300,0
2025-12-06,2025-12-06_中山11R_ステイヤーズS,3倍以上,馬連,4,6,600,0
2025-12-06,2025-12-06_中山11R_ステイヤーズS,3倍以上,馬連,5,10,1000,0
2025-12-06,2025-12-06_中山11R_ステイヤーズS,3倍以上,馬連,6,15,1500,0
2025-12-06,2025-12-06_中山12R_3歳以上2勝クラス,3倍以上,ワイド,3,3,300,420
2025-12-06,2025-12-06_中山12R_3歳以上2勝クラス,3倍以上,ワイド,4,6,600,420
2025-12-06,2025-12-06_中山12R_3歳以上2勝クラス,3倍以上,ワイド,5,10,1000,420
2025-12-06,2025-12-06_中山12R_3歳以上2勝クラス,3倍以上,ワイド,6,15,1500,420
2025-12-06,2025-12-06_中山12R_3歳以上2勝クラス,3倍以上,馬連,3,3,300,0
2025-12-06,2025-12-06_中山12R_3歳以上2勝クラス,3倍以上,馬連,4,6,600,0
2025-12-06,2025-12-06_中山12R_3歳以上2勝クラス,3倍以上,馬連,5,10,1000,0
2025-12-06,2025-12-06_中山12R_3歳以上2勝クラス,3倍以上,馬連,6,15,1500,0
2025-12-06,2025-12-06_阪神09R_さざんか賞,2倍台,ワイド,3,3,300,500
2025-12-06,2025-12-06_阪神09R_さざんか賞,2倍台,ワイド,4,6,600,500
2025-12-06,2025-12-06_阪神09R_さざんか賞,2倍台,ワイド,5,10,1000,500
2025-12-06,2025-12-06_阪神09R_さざんか賞,2倍台,ワイド,6,15,1500,500
2025-12-06,2025-12-06_阪神09R_さざんか賞,2倍台,馬連,3,3,300,290
2025-12-06,2025-12-06_阪神09R_さざんか賞,2倍台,馬連,4,6,600,290
2025-12-06,2025-12-06_阪神09R_さざんか賞,2倍台,馬連,5,10,1000,290
2025-12-06,2025-12-06_阪神09R_さざんか賞,2倍台,馬連,6,15,1500,290
2025-12-06,2025-12-06_阪神10R_妙見山S,3倍以上,ワイド,3,3,300,0
2025-12-06,2025-12-06_阪神10R_妙見山S,3倍以上,ワイド,4,6,600,1590
2025-12-06,2025-12-06_阪神10R_妙見山S,3倍以上,ワイド,5,10,1000,2820
2025-12-06,2025-12-06_阪神10R_妙見山S,3倍以上,ワイド,6,15,1500,2820
2025-12-06,2025-12-06_阪神10R_妙見山S,3倍以上,馬連,3,3,300,0
2025-12-06,2025-12-06_阪神10R_妙見山S,3倍以上,馬連,4,6,600,0
2025-12-06,2025-12-06_阪神10R_妙見山S,3倍以上,馬連,5,10,1000,1870
2025-12-06,2025-12-06_阪神10R_妙見山S,3倍以上,馬連,6,15,1500,1870
2025-12-06,2025-12-06_阪神11R_鳴尾記念,2倍台,ワイド,3,3,300,0
2025-12-06,2025-12-06_阪神11R_鳴尾記念,2倍台,ワイド,4,6,600,0
2025-12-06,2025-12-06_阪神11R_鳴尾記念,2倍台,ワイド,5,10,1000,0
2025-12-06,2025-12-06_阪神11R_鳴尾記念,2倍台,ワイド,6,15,1500,0
2025-12-06,2025-12-06_阪神11R_鳴尾記念,2倍台,馬連,3,3,300,0
2025-12-06,2025-12-06_阪神11R_鳴尾記念,2倍台,馬連,4,6,600,0
2025-12-06,2025-12-06_阪神11R_鳴尾記念,2倍台,馬連,5,10,1000,0
2025-12-06,2025-12-06_阪神11R_鳴尾記念,2倍台,馬連,6,15,1500,0
2025-12-06,2025-12-06_阪神12R_3歳以上1勝クラス,2倍台,ワイド,3,3,300,240
2025-12-06,2025-12-06_阪神12R_3歳以上1勝クラス,2倍台,ワイド,4,6,600,1040
2025-12-06,2025-12-06_阪神12R_3歳以上1勝クラス,2倍台,ワイド,5,10,1000,1040
2025-12-06,2025-12-06_阪神12R_3歳以上1勝クラス,2倍台,ワイド,6,15,1500,1040
2025-12-06,2025-12-06_阪神12R_3歳以上1勝クラス,2倍台,馬連,3,3,300,560
2025-12-06,2025-12-06_阪神12R_3歳以上1勝クラス,2倍台,馬連,4,6,600,560
2025-12-06,2025-12-06_阪神12R_3歳以上1勝クラス,2倍台,馬連,5,10,1000,560
2025-12-06,2025-12-06_阪神12R_3歳以上1勝クラス,2倍台,馬連,6,15,1500,560
2025-12-07,2025-12-07_中京09R_犬山特別,3倍以上,ワイド,3,3,300,0
2025-12-07,2025-12-07_中京09R_犬山特別,3倍以上,ワイド,4,6,600,0
2025-12-07,2025-12-07_中京09R_犬山特別,3倍以上,ワイド,5,10,1000,0
2025-12-07,2025-12-07_中京09R_犬山特別,3倍以上,ワイド,6,15,1500,840
2025-12-07,2025-12-07_中京09R_犬山特別,3倍以上,馬連,3,3,300,0
2025-12-07,2025-12-07_中京09R_犬山特別,3倍以上,馬連,4,6,600,0
2025-12-07,2025-12-07_中京09R_犬山特別,3倍以上,馬連,5,10,1000,0
2025-12-07,2025-12-07_中京09R_犬山特別,3倍以上,馬連,6,15,1500,0
2025-12-07,2025-12-07_中京10R_志摩特別,3倍以上,ワイド,3,3,300,0
2025-12-07,2025-12-07_中京10R_志摩特別,3倍以上,ワイド,4,6,600,0
2025-12-07,2025-12-07_中京10R_志摩特別,3倍以上,ワイド,5,10,1000,0
2025-12-07,2025-12-07_中京10R_志摩特別,3倍以上,ワイド,6,15,1500,0
2025-12-07,2025-12-07_中京10R_志摩特別,3倍以上,馬連,3,3,300,0
2025-12-07,2025-12-07_中京10R_志摩特別,3倍以上,馬連,4,6,600,0
2025-12-07,2025-12-07_中京10R_志摩特別,3倍以上,馬連,5,10,1000,0
2025-12-07,2025-12-07_中京10R_志摩特別,3倍以上,馬連,6,15,1500,0
2025-12-07,2025-12-07_中京11R_チャンピオンズC,2倍台,ワイド,3,3,300,0
2025-12-07,2025-12-07_中京11R_チャンピオンズC,2倍台,ワイド,4,6,600,0
2025-12-07,2025-12-07_中京11R_チャンピオンズC,2倍台,ワイド,5,10,1000,1680
2025-12-07,2025-12-07_中京11R_チャンピオンズC,2倍台,ワイド,6,15,1500,1680
2025-12-07,2025-12-07_中京11R_チャンピオンズC,2倍台,馬連,3,3,300,0
2025-12-07,2025-12-07_中京11R_チャンピオンズC,2倍台,馬連,4,6,600,0
2025-12-07,2025-12-07_中京11R_チャンピオンズC,2倍台,馬連,5,10,1000,0
2025-12-07,2025-12-07_中京11R_チャンピオンズC,2倍台,馬連,6,15,1500,0
2025-12-07,2025-12-07_中京12R_栄特別,3倍以上,ワイド,3,3,300,0
2025-12-07,2025-12-07_中京12R_栄特別,3倍以上,ワイド,4,6,600,0
2025-12-07,2025-12-07_中京12R_栄特別,3倍以上,ワイド,5,10,1000,0
2025-12-07,2025-12-07_中京12R_栄特別,3倍以上,ワイド,6,15,1500,740
2025-12-07,2025-12-07_中京12R_栄特別,3倍以上,馬連,3,3,300,0
2025-12-07,2025-12-07_中京12R_栄特別,3倍以上,馬連,4,6,600,0
2025-12-07,2025-12-07_中京12R_栄特別,3倍以上,馬連,5,10,1000,0
2025-12-07,2025-12-07_中京12R_栄特別,3倍以上,馬連,6,15,1500,0
2025-12-07,2025-12-07_中山09R_南総S,2倍台,ワイド,3,3,300,0
2025-12-07,2025-12-07_中山09R_南総S,2倍台,ワイド,4,6,600,440
2025-12-07,2025-12-07_中山09R_南総S,2倍台,ワイド,5,10,1000,440
2025-12-07,2025-12-07_中山09R_南総S,2倍台,ワイド,6,15,1500,440
2025-12-07,2025-12-07_中山09R_南総S,2倍台,馬連,3,3,300,0
2025-12-07,2025-12-07_中山09R_南総S,2倍台,馬連,4,6,600,0
2025-12-07,2025-12-07_中山09R_南総S,2倍台,馬連,5,10,1000,0
2025-12-07,2025-12-07_中山09R_南総S,2倍台,馬連,6,15,1500,0
2025-12-07,2025-12-07_中山10R_市川S,2倍台,ワイド,3,3,300,660
2025-12-07,2025-12-07_中山10R_市川S,2倍台,ワイド,4,6,600,660
2025-12-07,2025-12-07_中山10R_市川S,2倍台,ワイド,5,10,1000,660
2025-12-07,2025-12-07_中山10R_市川S,2倍台,ワイド,6,15,1500,660
2025-12-07,2025-12-07_中山10R_市川S,2倍台,馬連,3,3,300,0
2025-12-07,2025-12-07_中山10R_市川S,2倍台,馬連,4,6,600,0
2025-12-07,2025-12-07_中山10R_市川S,2倍台,馬連,5,10,1000,0
2025-12-07,2025-12-07_中山10R_市川S,2倍台,馬連,6,15,1500,0
2025-12-07,2025-12-07_中山11R_ラピスラズリS,3倍以上,ワイド,3,3,300,0
2025-12-07,2025-12-07_中山11R_ラピスラズリS,3倍以上,ワイド,4,6,600,890
2025-12-07,2025-12-07_中山11R_ラピスラズリS,3倍以上,ワイド,5,10,1000,2030
2025-12-07,2025-12-07_中山11R_ラピスラズリS,3倍以上,ワイド,6,15,1500,2030
2025-12-07,2025-12-07_中山11R_ラピスラズリS,3倍以上,馬連,3,3,300,0
2025-12-07,2025-12-07_中山11R_ラピスラズリS,3倍以上,馬連,4,6,600,0
2025-12-07,2025-12-07_中山11R_ラピスラズリS,3倍以上,馬連,5,10,1000,2460
2025-12-07,2025-12-07_中山11R_ラピスラズリS,3倍以上,馬連,6,15,1500,2460
2025-12-07,2025-12-07_中山12R_3歳以上1勝クラス,1倍台,ワイド,3,3,300,0
2025-12-07,2025-12-07_中山12R_3歳以上1勝クラス,1倍台,ワイド,4,6,600,0
2025-12-07,2025-12-07_中山12R_3歳以上1勝クラス,1倍台,ワイド,5,10,1000,390
2025-12-07,2025-12-07_中山12R_3歳以上1勝クラス,1倍台,ワイド,6,15,1500,390
2025-12-07,2025-12-07_中山12R_3歳以上1勝クラス,1倍台,馬連,3,3,300,0
2025-12-07,2025-12-07_中山12R_3歳以上1勝クラス,1倍台,馬連,4,6,600,0
2025-12-07,2025-12-07_中山12R_3歳以上1勝クラス,1倍台,馬連,5,10,1000,0
2025-12-07,2025-12-07_中山12R_3歳以上1勝クラス,1倍台,馬連,6,15,1500,0
2025-12-07,2025-12-07_阪神09R_豊中特別,2倍台,ワイド,3,3,300,890
2025-12-07,2025-12-07_阪神09R_豊中特別,2倍台,ワイド,4,6,600,890
2025-12-07,2025-12-07_阪神09R_豊中特別,2倍台,ワイド,5,10,1000,890
2025-12-07,2025-12-07_阪神09R_豊中特別,2倍台,ワイド,6,15,1500,890
2025-12-07,2025-12-07_阪神09R_豊中特別,2倍台,馬連,3,3,300,2760
2025-12-07,2025-12-07_阪神09R_豊中特別,2倍台,馬連,4,6,600,2760
2025-12-07,2025-12-07_阪神09R_豊中特別,2倍台,馬連,5,10,1000,2760
2025-12-07,2025-12-07_阪神09R_豊中特別,2倍台,馬連,6,15,1500,2760
2025-12-07,2025-12-07_阪神10R_元町S,3倍以上,ワイド,3,3,300,0
2025-12-07,2025-12-07_阪神10R_元町S,3倍以上,ワイド,4,6,600,0
2025-12-07,2025-12-07_阪神10R_元町S,3倍以上,ワイド,5,10,1000,0
2025-12-07,2025-12-07_阪神10R_元町S,3倍以上,ワイド,6,15,1500,0
2025-12-07,2025-12-07_阪神10R_元町S,3倍以上,馬連,3,3,300,0
2025-12-07,2025-12-07_阪神10R_元町S,3倍以上,馬連,4,6,600,0
2025-12-07,2025-12-07_阪神10R_元町S,3倍以上,馬連,5,10,1000,0
2025-12-07,2025-12-07_阪神10R_元町S,3倍以上,馬連,6,15,1500,0
2025-12-07,2025-12-07_阪神11R_りんくうS,3倍以上,ワイド,3,3,300,0
2025-12-07,2025-12-07_阪神11R_りんくうS,3倍以上,ワイド,4,6,600,0
2025-12-07,2025-12-07_阪神11R_りんくうS,3倍以上,ワイド,5,10,1000,0
2025-12-07,2025-12-07_阪神11R_りんくうS,3倍以上,ワイド,6,15,1500,0
2025-12-07,2025-12-07_阪神11R_りんくうS,3倍以上,馬連,3,3,300,0
2025-12-07,2025-12-07_阪神11R_りんくうS,3倍以上,馬連,4,6,600,0
2025-12-07,2025-12-07_阪神11R_りんくうS,3倍以上,馬連,5,10,1000,0
2025-12-07,2025-12-07_阪神11R_りんくうS,3倍以上,馬連,6,15,1500,0
2025-12-07,2025-12-07_阪神12R_3歳以上2勝クラス,3倍以上,ワイド,3,3,300,0
2025-12-07,2025-12-07_阪神12R_3歳以上2勝クラス,3倍以上,ワイド,4,6,600,0
2025-12-07,2025-12-07_阪神12R_3歳以上2勝クラス,3倍以上,ワイド,5,10,1000,0
2025-12-07,2025-12-07_阪神12R_3歳以上2勝クラス,3倍以上,ワイド,6,15,1500,0
2025-12-07,2025-12-07_阪神12R_3歳以上2勝クラス,3倍以上,馬連,3,3,300,0
2025-12-07,2025-12-07_阪神12R_3歳以上2勝クラス,3倍以上,馬連,4,6,600,0
2025-12-07,2025-12-07_阪神12R_3歳以上2勝クラス,3倍以上,馬連,5,10,1000,0
2025-12-07,2025-12-07_阪神12R_3歳以上2勝クラス,3倍以上,馬連,6,15,1500,0
2025-12-13,2025-12-13_中京09R_つわぶき賞,2倍台,ワイド,3,3,300,0
2025-12-13,2025-12-13_中京09R_つわぶき賞,2倍台,ワイド,4,6,600,0
2025-12-13,2025-12-13_中京09R_つわぶき賞,2倍台,ワイド,5,10,1000,2330
2025-12-13,2025-12-13_中京09R_つわぶき賞,2倍台,ワイド,6,15,1500,2330
2025-12-13,2025-12-13_中京09R_つわぶき賞,2倍台,馬連,3,3,300,0
2025-12-13,2025-12-13_中京09R_つわぶき賞,2倍台,馬連,4,6,600,0
2025-12-13,2025-12-13_中京09R_つわぶき賞,2倍台,馬連,5,10,1000,0
2025-12-13,2025-12-13_中京09R_つわぶき賞,2倍台,馬連,6,15,1500,0
2025-12-13,2025-12-13_中京10R_鳴海特別,2倍台,ワイド,3,3,300,0
2025-12-13,2025-12-13_中京10R_鳴海特別,2倍台,ワイド,4,6,600,0
2025-12-13,2025-12-13_中京10R_鳴海特別,2倍台,ワイド,5,10,1000,810
2025-12-13,2025-12-13_中京10R_鳴海特別,2倍台,ワイド,6,15,1500,810
2025-12-13,2025-12-13_中京10R_鳴海特別,2倍台,馬連,3,3,300,0
2025-12-13,2025-12-13_中京10R_鳴海特別,2倍台,馬連,4,6,600,0
2025-12-13,2025-12-13_中京10R_鳴海特別,2倍台,馬連,5,10,1000,2600
2025-12-13,2025-12-13_中京10R_鳴海特別,2倍台,馬連,6,15,1500,2600
2025-12-13,2025-12-13_中京11R_中日新聞杯,3倍以上,ワイド,3,3,300,0
2025-12-13,2025-12-13_中京11R_中日新聞杯,3倍以上,ワイド,4,6,600,0
2025-12-13,2025-12-13_中京11R_中日新聞杯,3倍以上,ワイド,5,10,1000,0
2025-12-13,2025-12-13_中京11R_中日新聞杯,3倍以上,ワイド,6,15,1500,0
2025-12-13,2025-12-13_中京11R_中日新聞杯,3倍以上,馬連,3,3,300,0
2025-12-13,2025-12-13_中京11R_中日新聞杯,3倍以上,馬連,4,6,600,0
2025-12-13,2025-12-13_中京11R_中日新聞杯,3倍以上,馬連,5,10,1000,0
2025-12-13,2025-12-13_中京11R_中日新聞杯,3倍以上,馬連,6,15,1500,0
2025-12-13,2025-12-13_中京12R_3歳以上1勝クラス,3倍以上,ワイド,3,3,300,0
2025-12-13,2025-12-13_中京12R_3歳以上1勝クラス,3倍以上,ワイド,4,6,600,0
2025-12-13,2025-12-13_中京12R_3歳以上1勝クラス,3倍以上,ワイド,5,10,1000,0
2025-12-13,2025-12-13_中京12R_3歳以上1勝クラス,3倍以上,ワイド,6,15,1500,0
2025-12-13,2025-12-13_中京12R_3歳以上1勝クラス,3倍以上,馬連,3,3,300,0
2025-12-13,2025-12-13_中京12R_3歳以上1勝クラス,3倍以上,馬連,4,6,600,0
2025-12-13,2025-12-13_中京12R_3歳以上1勝クラス,3倍以上,馬連,5,10,1000,0
2025-12-13,2025-12-13_中京12R_3歳以上1勝クラス,3倍以上,馬連,6,15,1500,0
2025-12-13,2025-12-13_中山09R_黒松賞,3倍以上,ワイド,3,3,300,0
2025-12-13,2025-12-13_中山09R_黒松賞,3倍以上,ワイド,4,6,600,0
2025-12-13,2025-12-13_中山09R_黒松賞,3倍以上,ワイド,5,10,1000,0
2025-12-13,2025-12-13_中山09R_黒松賞,3倍以上,ワイド,6,15,1500,0
2025-12-13,2025-12-13_中山09R_黒松賞,3倍以上,馬連,3,3,300,0
2025-12-13,2025-12-13_中山09R_黒松賞,3倍以上,馬連,4,6,600,0
2025-12-13,2025-12-13_中山09R_黒松賞,3倍以上,馬連,5,10,1000,0
2025-12-13,2025-12-13_中山09R_黒松賞,3倍以上,馬連,6,15,1500,0
2025-12-13,2025-12-13_中山10R_アクアラインS,2倍台,ワイド,3,3,300,0
2025-12-13,2025-12-13_中山10R_アクアラインS,2倍台,ワイド,4,6,600,2570
2025-12-13,2025-12-13_中山10R_アクアラインS,2倍台,ワイド,5,10,1000,2570
2025-12-13,2025-12-13_中山10R_アクアラインS,2倍台,ワイド,6,15,1500,2570
2025-12-13,2025-12-13_中山10R_アクアラインS,2倍台,馬連,3,3,300,0
2025-12-13,2025-12-13_中山10R_アクアラインS,2倍台,馬連,4,6,600,0
2025-12-13,2025-12-13_中山10R_アクアラインS,2倍台,馬連,5,10,1000,0
2025-12-13,2025-12-13_中山10R_アクアラインS,2倍台,馬連,6,15,1500,0
2025-12-13,2025-12-13_中山11R_常総S,3倍以上,ワイド,3,3,300,0
2025-12-13,2025-12-13_中山11R_常総S,3倍以上,ワイド,4,6,600,0
2025-12-13,2025-12-13_中山11R_常総S,3倍以上,ワイド,5,10,1000,3110
2025-12-13,2025-12-13_中山11R_常総S,3倍以上,ワイド,6,15,1500,3110
2025-12-13,2025-12-13_中山11R_常総S,3倍以上,馬連,3,3,300,0
2025-12-13,2025-12-13_中山11R_常総S,3倍以上,馬連,4,6,600,0
2025-12-13,2025-12-13_中山11R_常総S,3倍以上,馬連,5,10,1000,12520
2025-12-13,2025-12-13_中山11R_常総S,3倍以上,馬連,6,15,1500,12520
2025-12-13,2025-12-13_中山12R_3歳以上2勝クラス,1倍台,ワイド,3,3,300,0
2025-12-13,2025-12-13_中山12R_3歳以上2勝クラス,1倍台,ワイド,4,6,600,290
2025-12-13,2025-12-13_中山12R_3歳以上2勝クラス,1倍台,ワイド,5,10,1000,290
2025-12-13,2025-12-13_中山12R_3歳以上2勝クラス,1倍台,ワイド,6,15,1500,290
2025-12-13,2025-12-13_中山12R_3歳以上2勝クラス,1倍台,馬連,3,3,300,0
2025-12-13,2025-12-13_中山12R_3歳以上2勝クラス,1倍台,馬連,4,6,600,500
2025-12-13,2025-12-13_中山12R_3歳以上2勝クラス,1倍台,馬連,5,10,1000,500
2025-12-13,2025-12-13_中山12R_3歳以上2勝クラス,1倍台,馬連,6,15,1500,500
2025-12-13,2025-12-13_阪神09R_エリカ賞,1倍台,ワイド,3,3,300,780
2025-12-13,2025-12-13_阪神09R_エリカ賞,1倍台,ワイド,4,6,600,780
2025-12-13,2025-12-13_阪神09R_エリカ賞,1倍台,ワイド,5,10,1000,780
2025-12-13,2025-12-13_阪神09R_エリカ賞,1倍台,ワイド,6,15,1500,780
2025-12-13,2025-12-13_阪神09R_エリカ賞,1倍台,馬連,3,3,300,630
2025-12-13,2025-12-13_阪神09R_エリカ賞,1倍台,馬連,4,6,600,630
2025-12-13,2025-12-13_阪神09R_エリカ賞,1倍台,馬連,5,10,1000,630
2025-12-13,2025-12-13_阪神09R_エリカ賞,1倍台,馬連,6,15,1500,630
2025-12-13,2025-12-13_阪神10R_赤穂特別,2倍台,ワイド,3,3,300,300
2025-12-13,2025-12-13_阪神10R_赤穂特別,2倍台,ワイド,4,6,600,300
2025-12-13,2025-12-13_阪神10R_赤穂特別,2倍台,ワイド,5,10,1000,3310
2025-12-13,2025-12-13_阪神10R_赤穂特別,2倍台,ワイド,6,15,1500,3310
2025-12-13,2025-12-13_阪神10R_赤穂特別,2倍台,馬連,3,3,300,0
2025-12-13,2025-12-13_阪神10R_赤穂特別,2倍台,馬連,4,6,600,0
2025-12-13,2025-12-13_阪神10R_赤穂特別,2倍台,馬連,5,10,1000,4760
2025-12-13,2025-12-13_阪神10R_赤穂特別,2倍台,馬連,6,15,1500,4760
2025-12-13,2025-12-13_阪神11R_リゲルS,2倍台,ワイド,3,3,300,0
2025-12-13,2025-12-13_阪神11R_リゲルS,2倍台,ワイド,4,6,600,890
2025-12-13,2025-12-13_阪神11R_リゲルS,2倍台,ワイド,5,10,1000,890
2025-12-13,2025-12-13_阪神11R_リゲルS,2倍台,ワイド,6,15,1500,890
2025-12-13,2025-12-13_阪神11R_リゲルS,2倍台,馬連,3,3,300,0
2025-12-13,2025-12-13_阪神11R_リゲルS,2倍台,馬連,4,6,600,0
2025-12-13,2025-12-13_阪神11R_リゲルS,2倍台,馬連,5,10,1000,0
2025-12-13,2025-12-13_阪神11R_リゲルS,2倍台,馬連,6,15,1500,0
2025-12-13,2025-12-13_阪神12R_3歳以上2勝クラス,1倍台,ワイド,3,3,300,790
2025-12-13,2025-12-13_阪神12R_3歳以上2勝クラス,1倍台,ワイド,4,6,600,2160
2025-12-13,2025-12-13_阪神12R_3歳以上2勝クラス,1倍台,ワイド,5,10,1000,2160
2025-12-13,2025-12-13_阪神12R_3歳以上2勝クラス,1倍台,ワイド,6,15,1500,2160
2025-12-13,2025-12-13_阪神12R_3歳以上2勝クラス,1倍台,馬連,3,3,300,0
2025-12-13,2025-12-13_阪神12R_3歳以上2勝クラス,1倍台,馬連,4,6,600,1670
2025-12-13,2025-12-13_阪神12R_3歳以上2勝クラス,1倍台,馬連,5,10,1000,1670
2025-12-13,2025-12-13_阪神12R_3歳以上2勝クラス,1倍台,馬連,6,15,1500,1670
2025-12-14,2025-12-14_中京09R_大須特別,3倍以上,ワイド,3,3,300,0
2025-12-14,2025-12-14_中京09R_大須特別,3倍以上,ワイド,4,6,600,2670
2025-12-14,2025-12-14_中京09R_大須特別,3倍以上,ワイド,5,10,1000,6310
2025-12-14,2025-12-14_中京09R_大須特別,3倍以上,ワイド,6,15,1500,6310
2025-12-14,2025-12-14_中京09R_大須特別,3倍以上,馬連,3,3,300,0
2025-12-14,2025-12-14_中京09R_大須特別,3倍以上,馬連,4,6,600,0
2025-12-14,2025-12-14_中京09R_大須特別,3倍以上,馬連,5,10,1000,690
2025-12-14,2025-12-14_中京09R_大須特別,3倍以上,馬連,6,15,1500,690
2025-12-14,2025-12-14_中京10R_一宮特別,1倍台,ワイド,3,3,300,530
2025-12-14,2025-12-14_中京10R_一宮特別,1倍台,ワイド,4,6,600,530
2025-12-14,2025-12-14_中京10R_一宮特別,1倍台,ワイド,5,10,1000,530
2025-12-14,2025-12-14_中京10R_一宮特別,1倍台,ワイド,6,15,1500,1030
2025-12-14,2025-12-14_中京10R_一宮特別,1倍台,馬連,3,3,300,0
2025-12-14,2025-12-14_中京10R_一宮特別,1倍台,馬連,4,6,600,0
2025-12-14,2025-12-14_中京10R_一宮特別,1倍台,馬連,5,10,1000,0
2025-12-14,2025-12-14_中京10R_一宮特別,1倍台,馬連,6,15,1500,490
2025-12-14,2025-12-14_中京11R_知立S,1倍台,ワイド,3,3,300,0
2025-12-14,2025-12-14_中京11R_知立S,1倍台,ワイド,4,6,600,0
2025-12-14,2025-12-14_中京11R_知立S,1倍台,ワイド,5,10,1000,0
2025-12-14,2025-12-14_中京11R_知立S,1倍台,ワイド,6,15,1500,0
2025-12-14,2025-12-14_中京11R_知立S,1倍台,馬連,3,3,300,0
2025-12-14,2025-12-14_中京11R_知立S,1倍台,馬連,4,6,600,0
2025-12-14,2025-12-14_中京11R_知立S,1倍台,馬連,5,10,1000,0
2025-12-14,2025-12-14_中京11R_知立S,1倍台,馬連,6,15,1500,0
2025-12-14,2025-12-14_中京12R_3歳以上1勝クラス,3倍以上,ワイド,3,3,300,0
2025-12-14,2025-12-14_中京12R_3歳以上1勝クラス,3倍以上,ワイド,4,6,600,650
2025-12-14,2025-12-14_中京12R_3歳以上1勝クラス,3倍以上,ワイド,5,10,1000,650
2025-12-14,2025-12-14_中京12R_3歳以上1勝クラス,3倍以上,ワイド,6,15,1500,650
2025-12-14,2025-12-14_中京12R_3歳以上1勝クラス,3倍以上,馬連,3,3,300,0
2025-12-14,2025-12-14_中京12R_3歳以上1勝クラス,3倍以上,馬連,4,6,600,1740
2025-12-14,2025-12-14_中京12R_3歳以上1勝クラス,3倍以上,馬連,5,10,1000,1740
2025-12-14,2025-12-14_中京12R_3歳以上1勝クラス,3倍以上,馬連,6,15,1500,1740
2025-12-14,2025-12-14_中山09R_霞ケ浦特別,2倍台,ワイド,3,3,300,0
2025-12-14,2025-12-14_中山09R_霞ケ浦特別,2倍台,ワイド,4,6,600,0
2025-12-14,2025-12-14_中山09R_霞ケ浦特別,2倍台,ワイド,5,10,1000,0
2025-12-14,2025-12-14_中山09R_霞ケ浦特別,2倍台,ワイド,6,15,1500,1690
2025-12-14,2025-12-14_中山09R_霞ケ浦特別,2倍台,馬連,3,3,300,0
2025-12-14,2025-12-14_中山09R_霞ケ浦特別,2倍台,馬連,4,6,600,0
2025-12-14,2025-12-14_中山09R_霞ケ浦特別,2倍台,馬連,5,10,1000,0
2025-12-14,2025-12-14_中山09R_霞ケ浦特別,2倍台,馬連,6,15,1500,0
2025-12-14,2025-12-14_中山10R_師走S,2倍台,ワイド,3,3,300,0
2025-12-14,2025-12-14_中山10R_師走S,2倍台,ワイド,4,6,600,0
2025-12-14,2025-12-14_中山10R_師走S,2倍台,ワイド,5,10,1000,0
2025-12-14,2025-12-14_中山10R_師走S,2倍台,ワイド,6,15,1500,0
2025-12-14,2025-12-14_中山10R_師走S,2倍台,馬連,3,3,300,0
2025-12-14,2025-12-14_中山10R_師走S,2倍台,馬連,4,6,600,0
2025-12-14,2025-12-14_中山10R_師走S,2倍台,馬連,5,10,1000,0
2025-12-14,2025-12-14_中山10R_師走S,2倍台,馬連,6,15,1500,0
2025-12-14,2025-12-14_中山11R_カペラS,3倍以上,ワイド,3,3,300,0
2025-12-14,2025-12-14_中山11R_カペラS,3倍以上,ワイド,4,6,600,0
2025-12-14,2025-12-14_中山11R_カペラS,3倍以上,ワイド,5,10,1000,0
2025-12-14,2025-12-14_中山11R_カペラS,3倍以上,ワイド,6,15,1500,860
2025-12-14,2025-12-14_中山11R_カペラS,3倍以上,馬連,3,3,300,0
2025-12-14,2025-12-14_中山11R_カペラS,3倍以上,馬連,4,6,600,0
2025-12-14,2025-12-14_中山11R_カペラS,3倍以上,馬連,5,10,1000,0
2025-12-14,2025-12-14_中山11R_カペラS,3倍以上,馬連,6,15,1500,0
2025-12-14,2025-12-14_中山12R_3歳以上1勝クラス,3倍以上,ワイド,3,3,300,0
2025-12-14,2025-12-14_中山12R_3歳以上1勝クラス,3倍以上,ワイド,4,6,600,0
2025-12-14,2025-12-14_中山12R_3歳以上1勝クラス,3倍以上,ワイド,5,10,1000,0
2025-12-14,2025-12-14_中山12R_3歳以上1勝クラス,3倍以上,ワイド,6,15,1500,0
2025-12-14,2025-12-14_中山12R_3歳以上1勝クラス,3倍以上,馬連,3,3,300,0
2025-12-14,2025-12-14_中山12R_3歳以上1勝クラス,3倍以上,馬連,4,6,600,0
2025-12-14,2025-12-14_中山12R_3歳以上1勝クラス,3倍以上,馬連,5,10,1000,0
2025-12-14,2025-12-14_中山12R_3歳以上1勝クラス,3倍以上,馬連,6,15,1500,0
2025-12-14,2025-12-14_阪神09R_オリオンS,2倍台,ワイド,3,3,300,450
2025-12-14,2025-12-14_阪神09R_オリオンS,2倍台,ワイド,4,6,600,450
2025-12-14,2025-12-14_阪神09R_オリオンS,2倍台,ワイド,5,10,1000,1670
2025-12-14,2025-12-14_阪神09R_オリオンS,2倍台,ワイド,6,15,1500,1670
2025-12-14,2025-12-14_阪神09R_オリオンS,2倍台,馬連,3,3,300,0
2025-12-14,2025-12-14_阪神09R_オリオンS,2倍台,馬連,4,6,600,0
2025-12-14,2025-12-14_阪神09R_オリオンS,2倍台,馬連,5,10,1000,1940
2025-12-14,2025-12-14_阪神09R_オリオンS,2倍台,馬連,6,15,1500,1940
2025-12-14,2025-12-14_阪神10R_竹田城S,2倍台,ワイド,3,3,300,0
2025-12-14,2025-12-14_阪神10R_竹田城S,2倍台,ワイド,4,6,600,0
2025-12-14,2025-12-14_阪神10R_竹田城S,2倍台,ワイド,5,10,1000,0
2025-12-14,2025-12-14_阪神10R_竹田城S,2倍台,ワイド,6,15,1500,0
2025-12-14,2025-12-14_阪神10R_竹田城S,2倍台,馬連,3,3,300,0
2025-12-14,2025-12-14_阪神10R_竹田城S,2倍台,馬連,4,6,600,0
2025-12-14,2025-12-14_阪神10R_竹田城S,2倍台,馬連,5,10,1000,0
2025-12-14,2025-12-14_阪神10R_竹田城S,2倍台,馬連,6,15,1500,0
2025-12-14,2025-12-14_阪神11R_阪神JF,2倍台,ワイド,3,3,300,830
2025-12-14,2025-12-14_阪神11R_阪神JF,2倍台,ワイド,4,6,600,2320
2025-12-14,2025-12-14_阪神11R_阪神JF,2倍台,ワイド,5,10,1000,2320
2025-12-14,2025-12-14_阪神11R_阪神JF,2倍台,ワイド,6,15,1500,2320
2025-12-14,2025-12-14_阪神11R_阪神JF,2倍台,馬連,3,3,300,0
2025-12-14,2025-12-14_阪神11R_阪神JF,2倍台,馬連,4,6,600,2020
2025-12-14,2025-12-14_阪神11R_阪神JF,2倍台,馬連,5,10,1000,2020
2025-12-14,2025-12-14_阪神11R_阪神JF,2倍台,馬連,6,15,1500,2020
2025-12-14,2025-12-14_阪神12R_甲東特別,2倍台,ワイド,3,3,300,310
2025-12-14,2025-12-14_阪神12R_甲東特別,2倍台,ワイド,4,6,600,310
2025-12-14,2025-12-14_阪神12R_甲東特別,2倍台,ワイド,5,10,1000,1030
2025-12-14,2025-12-14_阪神12R_甲東特別,2倍台,ワイド,6,15,1500,1030
2025-12-14,2025-12-14_阪神12R_甲東特別,2倍台,馬連,3,3,300,0
2025-12-14,2025-12-14_阪神12R_甲東特別,2倍台,馬連,4,6,600,0
2025-12-14,2025-12-14_阪神12R_甲東特別,2倍台,馬連,5,10,1000,1370
2025-12-14,2025-12-14_阪神12R_甲東特別,2倍台,馬連,6,15,1500,1370
2025-12-20,2025-12-20_中京09R_クリスマスローズS,2倍台,ワイド,3,3,300,370
2025-12-20,2025-12-20_中京09R_クリスマスローズS,2倍台,ワイド,4,6,600,370
2025-12-20,2025-12-20_中京09R_クリスマスローズS,2倍台,ワイド,5,10,1000,370
2025-12-20,2025-12-20_中京09R_クリスマスローズS,2倍台,ワイド,6,15,1500,370
2025-12-20,2025-12-20_中京09R_クリスマスローズS,2倍台,馬連,3,3,300,930
2025-12-20,2025-12-20_中京09R_クリスマスローズS,2倍台,馬連,4,6,600,930
2025-12-20,2025-12-20_中京09R_クリスマスローズS,2倍台,馬連,5,10,1000,930
2025-12-20,2025-12-20_中京09R_クリスマスローズS,2倍台,馬連,6,15,1500,930
2025-12-20,2025-12-20_中京10R_ヤングJSFR中京第2戦,2倍台,ワイド,3,3,300,0
2025-12-20,2025-12-20_中京10R_ヤングJSFR中京第2戦,2倍台,ワイド,4,6,600,0
2025-12-20,2025-12-20_中京10R_ヤングJSFR中京第2戦,2倍台,ワイド,5,10,1000,1710
2025-12-20,2025-12-20_中京10R_ヤングJSFR中京第2戦,2倍台,ワイド,6,15,1500,8500
2025-12-20,2025-12-20_中京10R_ヤングJSFR中京第2戦,2倍台,馬連,3,3,300,0
2025-12-20,2025-12-20_中京10R_ヤングJSFR中京第2戦,2倍台,馬連,4,6,600,0
2025-12-20,2025-12-20_中京10R_ヤングJSFR中京第2戦,2倍台,馬連,5,10,1000,0
2025-12-20,2025-12-20_中京10R_ヤングJSFR中京第2戦,2倍台,馬連,6,15,1500,27050
2025-12-20,2025-12-20_中京11R_尾頭橋S,2倍台,ワイド,3,3,300,190
2025-12-20,2025-12-20_中京11R_尾頭橋S,2倍台,ワイド,4,6,600,190
2025-12-20,2025-12-20_中京11R_尾頭橋S,2倍台,ワイド,5,10,1000,190
2025-12-20,2025-12-20_中京11R_尾頭橋S,2倍台,ワイド,6,15,1500,2230
2025-12-20,2025-12-20_中京11R_尾頭橋S,2倍台,馬連,3,3,300,0
2025-12-20,2025-12-20_中京11R_尾頭橋S,2倍台,馬連,4,6,600,0
2025-12-20,2025-12-20_中京11R_尾頭橋S,2倍台,馬連,5,10,1000,0
2025-12-20,2025-12-20_中京11R_尾頭橋S,2倍台,馬連,6,15,1500,4160
2025-12-20,2025-12-20_中京12R_3歳以上1勝クラス,3倍以上,ワイド,3,3,300,1000
2025-12-20,2025-12-20_中京12R_3歳以上1勝クラス,3倍以上,ワイド,4,6,600,2960
2025-12-20,2025-12-20_中京12R_3歳以上1勝クラス,3倍以上,ワイド,5,10,1000,2960
2025-12-20,2025-12-20_中京12R_3歳以上1勝クラス,3倍以上,ワイド,6,15,1500,2960
2025-12-20,2025-12-20_中京12R_3歳以上1勝クラス,3倍以上,馬連,3,3,300,0
2025-12-20,2025-12-20_中京12R_3歳以上1勝クラス,3倍以上,馬連,4,6,600,3220
2025-12-20,2025-12-20_中京12R_3歳以上1勝クラス,3倍以上,馬連,5,10,1000,3220
2025-12-20,2025-12-20_中京12R_3歳以上1勝クラス,3倍以上,馬連,6,15,1500,3220
2025-12-20,2025-12-20_中山09R_ひいらぎ賞,1倍台,ワイド,3,3,300,0
2025-12-20,2025-12-20_中山09R_ひいらぎ賞,1倍台,ワイド,4,6,600,0
2025-12-20,2025-12-20_中山09R_ひいらぎ賞,1倍台,ワイド,5,10,1000,0
2025-12-20,2025-12-20_中山09R_ひいらぎ賞,1倍台,ワイド,6,15,1500,350
2025-12-20,2025-12-20_中山09R_ひいらぎ賞,1倍台,馬連,3,3,300,0
2025-12-20,2025-12-20_中山09R_ひいらぎ賞,1倍台,馬連,4,6,600,0
2025-12-20,2025-12-20_中山09R_ひいらぎ賞,1倍台,馬連,5,10,1000,0
2025-12-20,2025-12-20_中山09R_ひいらぎ賞,1倍台,馬連,6,15,1500,860
2025-12-20,2025-12-20_中山10R_香取特別,2倍台,ワイド,3,3,300,0
2025-12-20,2025-12-20_中山10R_香取特別,2倍台,ワイド,4,6,600,0
2025-12-20,2025-12-20_中山10R_香取特別,2倍台,ワイド,5,10,1000,2720
2025-12-20,2025-12-20_中山10R_香取特別,2倍台,ワイド,6,15,1500,2720
2025-12-20,2025-12-20_中山10R_香取特別,2倍台,馬連,3,3,300,0
2025-12-20,2025-12-20_中山10R_香取特別,2倍台,馬連,4,6,600,0
2025-12-20,2025-12-20_中山10R_香取特別,2倍台,馬連,5,10,1000,0
2025-12-20,2025-12-20_中山10R_香取特別,2倍台,馬連,6,15,1500,0
2025-12-20,2025-12-20_中山11R_ターコイズS,3倍以上,ワイド,3,3,300,0
2025-12-20,2025-12-20_中山11R_ターコイズS,3倍以上,ワイド,4,6,600,0
2025-12-20,2025-12-20_中山11R_ターコイズS,3倍以上,ワイド,5,10,1000,0
2025-12-20,2025-12-20_中山11R_ターコイズS,3倍以上,ワイド,6,15,1500,2570
2025-12-20,2025-12-20_中山11R_ターコイズS,3倍以上,馬連,3,3,300,0
2025-12-20,2025-12-20_中山11R_ターコイズS,3倍以上,馬連,4,6,600,0
2025-12-20,2025-12-20_中山11R_ターコイズS,3倍以上,馬連,5,10,1000,0
2025-12-20,2025-12-20_中山11R_ターコイズS,3倍以上,馬連,6,15,1500,0
2025-12-20,2025-12-20_中山12R_3歳以上2勝クラス,2倍台,ワイド,3,3,300,0
2025-12-20,2025-12-20_中山12R_3歳以上2勝クラス,2倍台,ワイド,4,6,600,1070
2025-12-20,2025-12-20_中山12R_3歳以上2勝クラス,2倍台,ワイド,5,10,1000,3440
2025-12-20,2025-12-20_中山12R_3歳以上2勝クラス,2倍台,ワイド,6,15,1500,3440
2025-12-20,2025-12-20_中山12R_3歳以上2勝クラス,2倍台,馬連,3,3,300,0
2025-12-20,2025-12-20_中山12R_3歳以上2勝クラス,2倍台,馬連,4,6,600,0
2025-12-20,2025-12-20_中山12R_3歳以上2勝クラス,2倍台,馬連,5,10,1000,3490
2025-12-20,2025-12-20_中山12R_3歳以上2勝クラス,2倍台,馬連,6,15,1500,3490
2025-12-20,2025-12-20_阪神09R_ポインセチアS,2倍台,ワイド,3,3,300,0
2025-12-20,2025-12-20_阪神09R_ポインセチアS,2倍台,ワイド,4,6,600,0
2025-12-20,2025-12-20_阪神09R_ポインセチアS,2倍台,ワイド,5,10,1000,0
2025-12-20,2025-12-20_阪神09R_ポインセチアS,2倍台,ワイド,6,15,1500,370
2025-12-20,2025-12-20_阪神09R_ポインセチアS,2倍台,馬連,3,3,300,0
2025-12-20,2025-12-20_阪神09R_ポインセチアS,2倍台,馬連,4,6,600,0
2025-12-20,2025-12-20_阪神09R_ポインセチアS,2倍台,馬連,5,10,1000,0
2025-12-20,2025-12-20_阪神09R_ポインセチアS,2倍台,馬連,6,15,1500,0
2025-12-20,2025-12-20_阪神10R_境港特別,2倍台,ワイド,3,3,300,150
2025-12-20,2025-12-20_阪神10R_境港特別,2倍台,ワイド,4,6,600,150
2025-12-20,2025-12-20_阪神10R_境港特別,2倍台,ワイド,5,10,1000,410
2025-12-20,2025-12-20_阪神10R_境港特別,2倍台,ワイド,6,15,1500,410
2025-12-20,2025-12-20_阪神10R_境港特別,2倍台,馬連,3,3,300,460
2025-12-20,2025-12-20_阪神10R_境港特別,2倍台,馬連,4,6,600,460
2025-12-20,2025-12-20_阪神10R_境港特別,2倍台,馬連,5,10,1000,460
2025-12-20,2025-12-20_阪神10R_境港特別,2倍台,馬連,6,15,1500,460
2025-12-20,2025-12-20_阪神11R_タンザナイトS,3倍以上,ワイド,3,3,300,1300
2025-12-20,2025-12-20_阪神11R_タンザナイトS,3倍以上,ワイド,4,6,600,1300
2025-12-20,2025-12-20_阪神11R_タンザナイトS,3倍以上,ワイド,5,10,1000,1300
2025-12-20,2025-12-20_阪神11R_タンザナイトS,3倍以上,ワイド,6,15,1500,1300
2025-12-20,2025-12-20_阪神11R_タンザナイトS,3倍以上,馬連,3,3,300,0
2025-12-20,2025-12-20_阪神11R_タンザナイトS,3倍以上,馬連,4,6,600,0
2025-12-20,2025-12-20_阪神11R_タンザナイトS,3倍以上,馬連,5,10,1000,0
2025-12-20,2025-12-20_阪神11R_タンザナイトS,3倍以上,馬連,6,15,1500,0
2025-12-20,2025-12-20_阪神12R_3歳以上2勝クラス,3倍以上,ワイド,3,3,300,350
2025-12-20,2025-12-20_阪神12R_3歳以上2勝クラス,3倍以上,ワイド,4,6,600,350
2025-12-20,2025-12-20_阪神12R_3歳以上2勝クラス,3倍以上,ワイド,5,10,1000,350
2025-12-20,2025-12-20_阪神12R_3歳以上2勝クラス,3倍以上,ワイド,6,15,1500,350
2025-12-20,2025-12-20_阪神12R_3歳以上2勝クラス,3倍以上,馬連,3,3,300,0
2025-12-20,2025-12-20_阪神12R_3歳以上2勝クラス,3倍以上,馬連,4,6,600,0
2025-12-20,2025-12-20_阪神12R_3歳以上2勝クラス,3倍以上,馬連,5,10,1000,0
2025-12-20,2025-12-20_阪神12R_3歳以上2勝クラス,3倍以上,馬連,6,15,1500,0
2025-12-21,2025-12-21_中京09R_寒椿賞,2倍台,ワイド,3,3,300,0
2025-12-21,2025-12-21_中京09R_寒椿賞,2倍台,ワイド,4,6,600,0
2025-12-21,2025-12-21_中京09R_寒椿賞,2倍台,ワイド,5,10,1000,440
2025-12-21,2025-12-21_中京09R_寒椿賞,2倍台,ワイド,6,15,1500,440
2025-12-21,2025-12-21_中京09R_寒椿賞,2倍台,馬連,3,3,300,0
2025-12-21,2025-12-21_中京09R_寒椿賞,2倍台,馬連,4,6,600,0
2025-12-21,2025-12-21_中京09R_寒椿賞,2倍台,馬連,5,10,1000,0
2025-12-21,2025-12-21_中京09R_寒椿賞,2倍台,馬連,6,15,1500,0
2025-12-21,2025-12-21_中京10R_名古屋日刊スポーツ杯,3倍以上,ワイド,3,3,300,0
2025-12-21,2025-12-21_中京10R_名古屋日刊スポーツ杯,3倍以上,ワイド,4,6,600,0
2025-12-21,2025-12-21_中京10R_名古屋日刊スポーツ杯,3倍以上,ワイド,5,10,1000,340
2025-12-21,2025-12-21_中京10R_名古屋日刊スポーツ杯,3倍以上,ワイド,6,15,1500,340
2025-12-21,2025-12-21_中京10R_名古屋日刊スポーツ杯,3倍以上,馬連,3,3,300,0
2025-12-21,2025-12-21_中京10R_名古屋日刊スポーツ杯,3倍以上,馬連,4,6,600,0
2025-12-21,2025-12-21_中京10R_名古屋日刊スポーツ杯,3倍以上,馬連,5,10,1000,810
2025-12-21,2025-12-21_中京10R_名古屋日刊スポーツ杯,3倍以上,馬連,6,15,1500,810
2025-12-21,2025-12-21_中京11R_コールドムーンS,3倍以上,ワイド,3,3,300,0
2025-12-21,2025-12-21_中京11R_コールドムーンS,3倍以上,ワイド,4,6,600,0
2025-12-21,2025-12-21_中京11R_コールドムーンS,3倍以上,ワイド,5,10,1000,0
2025-12-21,2025-12-21_中京11R_コールドムーンS,3倍以上,ワイド,6,15,1500,0
2025-12-21,2025-12-21_中京11R_コールドムーンS,3倍以上,馬連,3,3,300,0
2025-12-21,2025-12-21_中京11R_コールドムーンS,3倍以上,馬連,4,6,600,0
2025-12-21,2025-12-21_中京11R_コールドムーンS,3倍以上,馬連,5,10,1000,0
2025-12-21,2025-12-21_中京11R_コールドムーンS,3倍以上,馬連,6,15,1500,0
2025-12-21,2025-12-21_中京12R_尾張特別,3倍以上,ワイド,3,3,300,0
2025-12-21,2025-12-21_中京12R_尾張特別,3倍以上,ワイド,4,6,600,0
2025-12-21,2025-12-21_中京12R_尾張特別,3倍以上,ワイド,5,10,1000,0
2025-12-21,2025-12-21_中京12R_尾張特別,3倍以上,ワイド,6,15,1500,0
2025-12-21,2025-12-21_中京12R_尾張特別,3倍以上,馬連,3,3,300,0
2025-12-21,2025-12-21_中京12R_尾張特別,3倍以上,馬連,4,6,600,0
2025-12-21,2025-12-21_中京12R_尾張特別,3倍以上,馬連,5,10,1000,0
2025-12-21,2025-12-21_中京12R_尾張特別,3倍以上,馬連,6,15,1500,0
2025-12-21,2025-12-21_中山09R_チバテレ杯,3倍以上,ワイド,3,3,300,0
2025-12-21,2025-12-21_中山09R_チバテレ杯,3倍以上,ワイド,4,6,600,0
2025-12-21,2025-12-21_中山09R_チバテレ杯,3倍以上,ワイド,5,10,1000,1290
2025-12-21,2025-12-21_中山09R_チバテレ杯,3倍以上,ワイド,6,15,1500,1290
2025-12-21,2025-12-21_中山09R_チバテレ杯,3倍以上,馬連,3,3,300,0
2025-12-21,2025-12-21_中山09R_チバテレ杯,3倍以上,馬連,4,6,600,0
2025-12-21,2025-12-21_中山09R_チバテレ杯,3倍以上,馬連,5,10,1000,0
2025-12-21,2025-12-21_中山09R_チバテレ杯,3倍以上,馬連,6,15,1500,0
2025-12-21,2025-12-21_中山10R_北総S,2倍台,ワイド,3,3,300,0
2025-12-21,2025-12-21_中山10R_北総S,2倍台,ワイド,4,6,600,0
2025-12-21,2025-12-21_中山10R_北総S,2倍台,ワイド,5,10,1000,1280
2025-12-21,2025-12-21_中山10R_北総S,2倍台,ワイド,6,15,1500,2250
2025-12-21,2025-12-21_中山10R_北総S,2倍台,馬連,3,3,300,0
2025-12-21,2025-12-21_中山10R_北総S,2倍台,馬連,4,6,600,0
2025-12-21,2025-12-21_中山10R_北総S,2倍台,馬連,5,10,1000,0
2025-12-21,2025-12-21_中山10R_北総S,2倍台,馬連,6,15,1500,750
2025-12-21,2025-12-21_中山11R_ディセンバーS,2倍台,ワイド,3,3,300,0
2025-12-21,2025-12-21_中山11R_ディセンバーS,2倍台,ワイド,4,6,600,0
2025-12-21,2025-12-21_中山11R_ディセンバーS,2倍台,ワイド,5,10,1000,0
2025-12-21,2025-12-21_中山11R_ディセンバーS,2倍台,ワイド,6,15,1500,0
2025-12-21,2025-12-21_中山11R_ディセンバーS,2倍台,馬連,3,3,300,0
2025-12-21,2025-12-21_中山11R_ディセンバーS,2倍台,馬連,4,6,600,0
2025-12-21,2025-12-21_中山11R_ディセンバーS,2倍台,馬連,5,10,1000,0
2025-12-21,2025-12-21_中山11R_ディセンバーS,2倍台,馬連,6,15,1500,0
2025-12-21,2025-12-21_中山12R_3歳以上2勝クラス,3倍以上,ワイド,3,3,300,580
2025-12-21,2025-12-21_中山12R_3歳以上2勝クラス,3倍以上,ワイド,4,6,600,580
2025-12-21,2025-12-21_中山12R_3歳以上2勝クラス,3倍以上,ワイド,5,10,1000,580
2025-12-21,2025-12-21_中山12R_3歳以上2勝クラス,3倍以上,ワイド,6,15,1500,580
2025-12-21,2025-12-21_中山12R_3歳以上2勝クラス,3倍以上,馬連,3,3,300,1470
2025-12-21,2025-12-21_中山12R_3歳以上2勝クラス,3倍以上,馬連,4,6,600,1470
2025-12-21,2025-12-21_中山12R_3歳以上2勝クラス,3倍以上,馬連,5,10,1000,1470
2025-12-21,2025-12-21_中山12R_3歳以上2勝クラス,3倍以上,馬連,6,15,1500,1470
2025-12-21,2025-12-21_阪神09R_御影S,1倍台,ワイド,3,3,300,0
2025-12-21,2025-12-21_阪神09R_御影S,1倍台,ワイド,4,6,600,0
2025-12-21,2025-12-21_阪神09R_御影S,1倍台,ワイド,5,10,1000,0
2025-12-21,2025-12-21_阪神09R_御影S,1倍台,ワイド,6,15,1500,0
2025-12-21,2025-12-21_阪神09R_御影S,1倍台,馬連,3,3,300,0
2025-12-21,2025-12-21_阪神09R_御影S,1倍台,馬連,4,6,600,0
2025-12-21,2025-12-21_阪神09R_御影S,1倍台,馬連,5,10,1000,0
2025-12-21,2025-12-21_阪神09R_御影S,1倍台,馬連,6,15,1500,0
2025-12-21,2025-12-21_阪神10R_ベテルギウスS,3倍以上,ワイド,3,3,300,0
2025-12-21,2025-12-21_阪神10R_ベテルギウスS,3倍以上,ワイド,4,6,600,0
2025-12-21,2025-12-21_阪神10R_ベテルギウスS,3倍以上,ワイド,5,10,1000,0
2025-12-21,2025-12-21_阪神10R_ベテルギウスS,3倍以上,ワイド,6,15,1500,0
2025-12-21,2025-12-21_阪神10R_ベテルギウスS,3倍以上,馬連,3,3,300,0
2025-12-21,2025-12-21_阪神10R_ベテルギウスS,3倍以上,馬連,4,6,600,0
2025-12-21,2025-12-21_阪神10R_ベテルギウスS,3倍以上,馬連,5,10,1000,0
2025-12-21,2025-12-21_阪神10R_ベテルギウスS,3倍以上,馬連,6,15,1500,0
2025-12-21,2025-12-21_阪神11R_朝日杯FS,3倍以上,ワイド,3,3,300,490
2025-12-21,2025-12-21_阪神11R_朝日杯FS,3倍以上,ワイド,4,6,600,490
2025-12-21,2025-12-21_阪神11R_朝日杯FS,3倍以上,ワイド,5,10,1000,490
2025-12-21,2025-12-21_阪神11R_朝日杯FS,3倍以上,ワイド,6,15,1500,490
2025-12-21,2025-12-21_阪神11R_朝日杯FS,3倍以上,馬連,3,3,300,1390
2025-12-21,2025-12-21_阪神11R_朝日杯FS,3倍以上,馬連,4,6,600,1390
2025-12-21,2025-12-21_阪神11R_朝日杯FS,3倍以上,馬連,5,10,1000,1390
2025-12-21,2025-12-21_阪神11R_朝日杯FS,3倍以上,馬連,6,15,1500,1390
2025-12-21,2025-12-21_阪神12R_六甲アイランドS,2倍台,ワイド,3,3,300,0
2025-12-21,2025-12-21_阪神12R_六甲アイランドS,2倍台,ワイド,4,6,600,0
2025-12-21,2025-12-21_阪神12R_六甲アイランドS,2倍台,ワイド,5,10,1000,330
2025-12-21,2025-12-21_阪神12R_六甲アイランドS,2倍台,ワイド,6,15,1500,330
2025-12-21,2025-12-21_阪神12R_六甲アイランドS,2倍台,馬連,3,3,300,0
2025-12-21,2025-12-21_阪神12R_六甲アイランドS,2倍台,馬連,4,6,600,0
2025-12-21,2025-12-21_阪神12R_六甲アイランドS,2倍台,馬連,5,10,1000,630
2025-12-21,2025-12-21_阪神12R_六甲アイランドS,2倍台,馬連,6,15,1500,630
2025-12-27,2025-12-27_中山09R_ベストウィッシュC,2倍台,ワイド,3,3,300,0
2025-12-27,2025-12-27_中山09R_ベストウィッシュC,2倍台,ワイド,4,6,600,0
2025-12-27,2025-12-27_中山09R_ベストウィッシュC,2倍台,ワイド,5,10,1000,0
2025-12-27,2025-12-27_中山09R_ベストウィッシュC,2倍台,ワイド,6,15,1500,2040
2025-12-27,2025-12-27_中山09R_ベストウィッシュC,2倍台,馬連,3,3,300,0
2025-12-27,2025-12-27_中山09R_ベストウィッシュC,2倍台,馬連,4,6,600,0
2025-12-27,2025-12-27_中山09R_ベストウィッシュC,2倍台,馬連,5,10,1000,0
2025-12-27,2025-12-27_中山09R_ベストウィッシュC,2倍台,馬連,6,15,1500,0
2025-12-27,2025-12-27_中山10R_中山大障害,1倍台,ワイド,3,3,300,230
2025-12-27,2025-12-27_中山10R_中山大障害,1倍台,ワイド,4,6,600,680
2025-12-27,2025-12-27_中山10R_中山大障害,1倍台,ワイド,5,10,1000,680
2025-12-27,2025-12-27_中山10R_中山大障害,1倍台,ワイド,6,15,1500,680
2025-12-27,2025-12-27_中山10R_中山大障害,1倍台,馬連,3,3,300,0
2025-12-27,2025-12-27_中山10R_中山大障害,1倍台,馬連,4,6,600,220
2025-12-27,2025-12-27_中山10R_中山大障害,1倍台,馬連,5,10,1000,220
2025-12-27,2025-12-27_中山10R_中山大障害,1倍台,馬連,6,15,1500,220
2025-12-27,2025-12-27_中山11R_ホープフルS,3倍以上,ワイド,3,3,300,2790
2025-12-27,2025-12-27_中山11R_ホープフルS,3倍以上,ワイド,4,6,600,2790
2025-12-27,2025-12-27_中山11R_ホープフルS,3倍以上,ワイド,5,10,1000,2790
2025-12-27,2025-12-27_中山11R_ホープフルS,3倍以上,ワイド,6,15,1500,2790
2025-12-27,2025-12-27_中山11R_ホープフルS,3倍以上,馬連,3,3,300,0
2025-12-27,2025-12-27_中山11R_ホープフルS,3倍以上,馬連,4,6,600,0
2025-12-27,2025-12-27_中山11R_ホープフルS,3倍以上,馬連,5,10,1000,0
2025-12-27,2025-12-27_中山11R_ホープフルS,3倍以上,馬連,6,15,1500,0
2025-12-27,2025-12-27_中山12R_グレイトフルS,2倍台,ワイド,3,3,300,0
2025-12-27,2025-12-27_中山12R_グレイトフルS,2倍台,ワイド,4,6,600,370
2025-12-27,2025-12-27_中山12R_グレイトフルS,2倍台,ワイド,5,10,1000,370
2025-12-27,2025-12-27_中山12R_グレイトフルS,2倍台,ワイド,6,15,1500,370
2025-12-27,2025-12-27_中山12R_グレイトフルS,2倍台,馬連,3,3,300,0
2025-12-27,2025-12-27_中山12R_グレイトフルS,2倍台,馬連,4,6,600,0
2025-12-27,2025-12-27_中山12R_グレイトフルS,2倍台,馬連,5,10,1000,0
2025-12-27,2025-12-27_中山12R_グレイトフルS,2倍台,馬連,6,15,1500,0
2025-12-27,2025-12-27_阪神09R_万両賞,2倍台,ワイド,3,3,300,0
2025-12-27,2025-12-27_阪神09R_万両賞,2倍台,ワイド,4,6,600,350
2025-12-27,2025-12-27_阪神09R_万両賞,2倍台,ワイド,5,10,1000,350
2025-12-27,2025-12-27_阪神09R_万両賞,2倍台,ワイド,6,15,1500,350
2025-12-27,2025-12-27_阪神09R_万両賞,2倍台,馬連,3,3,300,0
2025-12-27,2025-12-27_阪神09R_万両賞,2倍台,馬連,4,6,600,940
2025-12-27,2025-12-27_阪神09R_万両賞,2倍台,馬連,5,10,1000,940
2025-12-27,2025-12-27_阪神09R_万両賞,2倍台,馬連,6,15,1500,940
2025-12-27,2025-12-27_阪神10R_摩耶S,3倍以上,ワイド,3,3,300,0
2025-12-27,2025-12-27_阪神10R_摩耶S,3倍以上,ワイド,4,6,600,860
2025-12-27,2025-12-27_阪神10R_摩耶S,3倍以上,ワイド,5,10,1000,860
2025-12-27,2025-12-27_阪神10R_摩耶S,3倍以上,ワイド,6,15,1500,860
2025-12-27,2025-12-27_阪神10R_摩耶S,3倍以上,馬連,3,3,300,0
2025-12-27,2025-12-27_阪神10R_摩耶S,3倍以上,馬連,4,6,600,0
2025-12-27,2025-12-27_阪神10R_摩耶S,3倍以上,馬連,5,10,1000,0
2025-12-27,2025-12-27_阪神10R_摩耶S,3倍以上,馬連,6,15,1500,0
2025-12-27,2025-12-27_阪神11R_阪神C,1倍台,ワイド,3,3,300,0
2025-12-27,2025-12-27_阪神11R_阪神C,1倍台,ワイド,4,6,600,0
2025-12-27,2025-12-27_阪神11R_阪神C,1倍台,ワイド,5,10,1000,0
2025-12-27,2025-12-27_阪神11R_阪神C,1倍台,ワイド,6,15,1500,330
2025-12-27,2025-12-27_阪神11R_阪神C,1倍台,馬連,3,3,300,0
2025-12-27,2025-12-27_阪神11R_阪神C,1倍台,馬連,4,6,600,0
2025-12-27,2025-12-27_阪神11R_阪神C,1倍台,馬連,5,10,1000,0
2025-12-27,2025-12-27_阪神11R_阪神C,1倍台,馬連,6,15,1500,670
2025-12-27,2025-12-27_阪神12R_3歳以上2勝クラス,1倍台,ワイド,3,3,300,0
2025-12-27,2025-12-27_阪神12R_3歳以上2勝クラス,1倍台,ワイド,4,6,600,160
2025-12-27,2025-12-27_阪神12R_3歳以上2勝クラス,1倍台,ワイド,5,10,1000,160
2025-12-27,2025-12-27_阪神12R_3歳以上2勝クラス,1倍台,ワイド,6,15,1500,160
2025-12-27,2025-12-27_阪神12R_3歳以上2勝クラス,1倍台,馬連,3,3,300,0
2025-12-27,2025-12-27_阪神12R_3歳以上2勝クラス,1倍台,馬連,4,6,600,230
2025-12-27,2025-12-27_阪神12R_3歳以上2勝クラス,1倍台,馬連,5,10,1000,230
2025-12-27,2025-12-27_阪神12R_3歳以上2勝クラス,1倍台,馬連,6,15,1500,230
2025-12-28,2025-12-28_中山09R_グッドラックHC,2倍台,ワイド,3,3,300,0
2025-12-28,2025-12-28_中山09R_グッドラックHC,2倍台,ワイド,4,6,600,0
2025-12-28,2025-12-28_中山09R_グッドラックHC,2倍台,ワイド,5,10,1000,410
2025-12-28,2025-12-28_中山09R_グッドラックHC,2倍台,ワイド,6,15,1500,410
2025-12-28,2025-12-28_中山09R_グッドラックHC,2倍台,馬連,3,3,300,0
2025-12-28,2025-12-28_中山09R_グッドラックHC,2倍台,馬連,4,6,600,0
2025-12-28,2025-12-28_中山09R_グッドラックHC,2倍台,馬連,5,10,1000,0
2025-12-28,2025-12-28_中山09R_グッドラックHC,2倍台,馬連,6,15,1500,0
2025-12-28,2025-12-28_中山10R_フェアウェルS,3倍以上,ワイド,3,3,300,0
2025-12-28,2025-12-28_中山10R_フェアウェルS,3倍以上,ワイド,4,6,600,0
2025-12-28,2025-12-28_中山10R_フェアウェルS,3倍以上,ワイド,5,10,1000,790
2025-12-28,2025-12-28_中山10R_フェアウェルS,3倍以上,ワイド,6,15,1500,4830
2025-12-28,2025-12-28_中山10R_フェアウェルS,3倍以上,馬連,3,3,300,0
2025-12-28,2025-12-28_中山10R_フェアウェルS,3倍以上,馬連,4,6,600,0
2025-12-28,2025-12-28_中山10R_フェアウェルS,3倍以上,馬連,5,10,1000,0
2025-12-28,2025-12-28_中山10R_フェアウェルS,3倍以上,馬連,6,15,1500,13050
2025-12-28,2025-12-28_中山11R_有馬記念,3倍以上,ワイド,3,3,300,0
2025-12-28,2025-12-28_中山11R_有馬記念,3倍以上,ワイド,4,6,600,0
2025-12-28,2025-12-28_中山11R_有馬記念,3倍以上,ワイド,5,10,1000,0
2025-12-28,2025-12-28_中山11R_有馬記念,3倍以上,ワイド,6,15,1500,310
2025-12-28,2025-12-28_中山11R_有馬記念,3倍以上,馬連,3,3,300,0
2025-12-28,2025-12-28_中山11R_有馬記念,3倍以上,馬連,4,6,600,0
2025-12-28,2025-12-28_中山11R_有馬記念,3倍以上,馬連,5,10,1000,0
2025-12-28,2025-12-28_中山11R_有馬記念,3倍以上,馬連,6,15,1500,0
2025-12-28,2025-12-28_中山12R_ファイナルS,2倍台,ワイド,3,3,300,350
2025-12-28,2025-12-28_中山12R_ファイナルS,2倍台,ワイド,4,6,600,350
2025-12-28,2025-12-28_中山12R_ファイナルS,2倍台,ワイド,5,10,1000,1070
2025-12-28,2025-12-28_中山12R_ファイナルS,2倍台,ワイド,6,15,1500,1070
2025-12-28,2025-12-28_中山12R_ファイナルS,2倍台,馬連,3,3,300,0
2025-12-28,2025-12-28_中山12R_ファイナルS,2倍台,馬連,4,6,600,0
2025-12-28,2025-12-28_中山12R_ファイナルS,2倍台,馬連,5,10,1000,260
2025-12-28,2025-12-28_中山12R_ファイナルS,2倍台,馬連,6,15,1500,260
2025-12-28,2025-12-28_阪神09R_フォーチュンC,2倍台,ワイド,3,3,300,460
2025-12-28,2025-12-28_阪神09R_フォーチュンC,2倍台,ワイド,4,6,600,460
2025-12-28,2025-12-28_阪神09R_フォーチュンC,2倍台,ワイド,5,10,1000,460
2025-12-28,2025-12-28_阪神09R_フォーチュンC,2倍台,ワイド,6,15,1500,460
2025-12-28,2025-12-28_阪神09R_フォーチュンC,2倍台,馬連,3,3,300,1050
2025-12-28,2025-12-28_阪神09R_フォーチュンC,2倍台,馬連,4,6,600,1050
2025-12-28,2025-12-28_阪神09R_フォーチュンC,2倍台,馬連,5,10,1000,1050
2025-12-28,2025-12-28_阪神09R_フォーチュンC,2倍台,馬連,6,15,1500,1050
2025-12-28,2025-12-28_阪神10R_サンクフルS,1倍台,ワイド,3,3,300,460
2025-12-28,2025-12-28_阪神10R_サンクフルS,1倍台,ワイド,4,6,600,460
2025-12-28,2025-12-28_阪神10R_サンクフルS,1倍台,ワイド,5,10,1000,460
2025-12-28,2025-12-28_阪神10R_サンクフルS,1倍台,ワイド,6,15,1500,2980
2025-12-28,2025-12-28_阪神10R_サンクフルS,1倍台,馬連,3,3,300,0
2025-12-28,2025-12-28_阪神10R_サンクフルS,1倍台,馬連,4,6,600,0
2025-12-28,2025-12-28_阪神10R_サンクフルS,1倍台,馬連,5,10,1000,0
2025-12-28,2025-12-28_阪神10R_サンクフルS,1倍台,馬連,6,15,1500,1030
2025-12-28,2025-12-28_阪神11R_ギャラクシーS,3倍以上,ワイド,3,3,300,0
2025-12-28,2025-12-28_阪神11R_ギャラクシーS,3倍以上,ワイド,4,6,600,570
2025-12-28,2025-12-28_阪神11R_ギャラクシーS,3倍以上,ワイド,5,10,1000,570
2025-12-28,2025-12-28_阪神11R_ギャラクシーS,3倍以上,ワイド,6,15,1500,7620
2025-12-28,2025-12-28_阪神11R_ギャラクシーS,3倍以上,馬連,3,3,300,0
2025-12-28,2025-12-28_阪神11R_ギャラクシーS,3倍以上,馬連,4,6,600,1610
2025-12-28,2025-12-28_阪神11R_ギャラクシーS,3倍以上,馬連,5,10,1000,1610
2025-12-28,2025-12-28_阪神11R_ギャラクシーS,3倍以上,馬連,6,15,1500,1610
2025-12-28,2025-12-28_阪神12R_カウントダウンS,3倍以上,ワイド,3,3,300,230
2025-12-28,2025-12-28_阪神12R_カウントダウンS,3倍以上,ワイド,4,6,600,230
2025-12-28,2025-12-28_阪神12R_カウントダウンS,3倍以上,ワイド,5,10,1000,230
2025-12-28,2025-12-28_阪神12R_カウントダウンS,3倍以上,ワイド,6,15,1500,230
2025-12-28,2025-12-28_阪神12R_カウントダウンS,3倍以上,馬連,3,3,300,0
2025-12-28,2025-12-28_阪神12R_カウントダウンS,3倍以上,馬連,4,6,600,0
2025-12-28,2025-12-28_阪神12R_カウントダウンS,3倍以上,馬連,5,10,1000,0
2025-12-28,2025-12-28_阪神12R_カウントダウンS,3倍以上,馬連,6,15,1500,0
2026-01-04,2026-01-04_中山09R_招福S,2倍台,ワイド,3,3,300,0
2026-01-04,2026-01-04_中山09R_招福S,2倍台,ワイド,4,6,600,970
2026-01-04,2026-01-04_中山09R_招福S,2倍台,ワイド,5,10,1000,970
2026-01-04,2026-01-04_中山09R_招福S,2倍台,ワイド,6,15,1500,3420
2026-01-04,2026-01-04_中山09R_招福S,2倍台,馬連,3,3,300,0
2026-01-04,2026-01-04_中山09R_招福S,2倍台,馬連,4,6,600,0
2026-01-04,2026-01-04_中山09R_招福S,2倍台,馬連,5,10,1000,0
2026-01-04,2026-01-04_中山09R_招福S,2倍台,馬連,6,15,1500,7760
2026-01-04,2026-01-04_中山10R_ジュニアC,2倍台,ワイド,3,3,300,170
2026-01-04,2026-01-04_中山10R_ジュニアC,2倍台,ワイド,4,6,600,570
2026-01-04,2026-01-04_中山10R_ジュニアC,2倍台,ワイド,5,10,1000,570
2026-01-04,2026-01-04_中山10R_ジュニアC,2倍台,ワイド,6,15,1500,570
2026-01-04,2026-01-04_中山10R_ジュニアC,2倍台,馬連,3,3,300,0
2026-01-04,2026-01-04_中山10R_ジュニアC,2倍台,馬連,4,6,600,360
2026-01-04,2026-01-04_中山10R_ジュニアC,2倍台,馬連,5,10,1000,360
2026-01-04,2026-01-04_中山10R_ジュニアC,2倍台,馬連,6,15,1500,360
2026-01-04,2026-01-04_中山11R_中山金杯,3倍以上,ワイド,3,3,300,530
2026-01-04,2026-01-04_中山11R_中山金杯,3倍以上,ワイド,4,6,600,530
2026-01-04,2026-01-04_中山11R_中山金杯,3倍以上,ワイド,5,10,1000,530
2026-01-04,2026-01-04_中山11R_中山金杯,3倍以上,ワイド,6,15,1500,530
2026-01-04,2026-01-04_中山11R_中山金杯,3倍以上,馬連,3,3,300,0
2026-01-04,2026-01-04_中山11R_中山金杯,3倍以上,馬連,4,6,600,0
2026-01-04,2026-01-04_中山11R_中山金杯,3倍以上,馬連,5,10,1000,0
2026-01-04,2026-01-04_中山11R_中山金杯,3倍以上,馬連,6,15,1500,0
2026-01-04,2026-01-04_中山12R_4歳以上2勝クラス,3倍以上,ワイド,3,3,300,410
2026-01-04,2026-01-04_中山12R_4歳以上2勝クラス,3倍以上,ワイド,4,6,600,410
2026-01-04,2026-01-04_中山12R_4歳以上2勝クラス,3倍以上,ワイド,5,10,1000,410
2026-01-04,2026-01-04_中山12R_4歳以上2勝クラス,3倍以上,ワイド,6,15,1500,1490
2026-01-04,2026-01-04_中山12R_4歳以上2勝クラス,3倍以上,馬連,3,3,300,0
2026-01-04,2026-01-04_中山12R_4歳以上2勝クラス,3倍以上,馬連,4,6,600,0
2026-01-04,2026-01-04_中山12R_4歳以上2勝クラス,3倍以上,馬連,5,10,1000,0
2026-01-04,2026-01-04_中山12R_4歳以上2勝クラス,3倍以上,馬連,6,15,1500,1810
2026-01-04,2026-01-04_京都09R_天ケ瀬特別,1倍台,ワイド,3,3,300,250
2026-01-04,2026-01-04_京都09R_天ケ瀬特別,1倍台,ワイド,4,6,600,250
2026-01-04,2026-01-04_京都09R_天ケ瀬特別,1倍台,ワイド,5,10,1000,250
2026-01-04,2026-01-04_京都09R_天ケ瀬特別,1倍台,ワイド,6,15,1500,3520
2026-01-04,2026-01-04_京都09R_天ケ瀬特別,1倍台,馬連,3,3,300,0
2026-01-04,2026-01-04_京都09R_天ケ瀬特別,1倍台,馬連,4,6,600,0
2026-01-04,2026-01-04_京都09R_天ケ瀬特別,1倍台,馬連,5,10,1000,0
2026-01-04,2026-01-04_京都09R_天ケ瀬特別,1倍台,馬連,6,15,1500,2770
2026-01-04,2026-01-04_京都10R_寿S,2倍台,ワイド,3,3,300,210
2026-01-04,2026-01-04_京都10R_寿S,2倍台,ワイド,4,6,600,210
2026-01-04,2026-01-04_京都10R_寿S,2倍台,ワイド,5,10,1000,210
2026-01-04,2026-01-04_京都10R_寿S,2倍台,ワイド,6,15,1500,1240
2026-01-04,2026-01-04_京都10R_寿S,2倍台,馬連,3,3,300,460
2026-01-04,2026-01-04_京都10R_寿S,2倍台,馬連,4,6,600,460
2026-01-04,2026-01-04_京都10R_寿S,2倍台,馬連,5,10,1000,460
2026-01-04,2026-01-04_京都10R_寿S,2倍台,馬連,6,15,1500,460
2026-01-04,2026-01-04_京都11R_京都金杯,2倍台,ワイド,3,3,300,0
2026-01-04,2026-01-04_京都11R_京都金杯,2倍台,ワイド,4,6,600,0
2026-01-04,2026-01-04_京都11R_京都金杯,2倍台,ワイド,5,10,1000,0
2026-01-04,2026-01-04_京都11R_京都金杯,2倍台,ワイド,6,15,1500,1870
2026-01-04,2026-01-04_京都11R_京都金杯,2倍台,馬連,3,3,300,0
2026-01-04,2026-01-04_京都11R_京都金杯,2倍台,馬連,4,6,600,0
2026-01-04,2026-01-04_京都11R_京都金杯,2倍台,馬連,5,10,1000,0
2026-01-04,2026-01-04_京都11R_京都金杯,2倍台,馬連,6,15,1500,5310
2026-01-04,2026-01-04_京都12R_4歳以上2勝クラス,3倍以上,ワイド,3,3,300,490
2026-01-04,2026-01-04_京都12R_4歳以上2勝クラス,3倍以上,ワイド,4,6,600,490
2026-01-04,2026-01-04_京都12R_4歳以上2勝クラス,3倍以上,ワイド,5,10,1000,490
2026-01-04,2026-01-04_京都12R_4歳以上2勝クラス,3倍以上,ワイド,6,15,1500,490
2026-01-04,2026-01-04_京都12R_4歳以上2勝クラス,3倍以上,馬連,3,3,300,0
2026-01-04,2026-01-04_京都12R_4歳以上2勝クラス,3倍以上,馬連,4,6,600,0
2026-01-04,2026-01-04_京都12R_4歳以上2勝クラス,3倍以上,馬連,5,10,1000,0
2026-01-04,2026-01-04_京都12R_4歳以上2勝クラス,3倍以上,馬連,6,15,1500,0
2026-01-05,2026-01-05_中山09R_初茜賞,2倍台,ワイド,3,3,300,0
2026-01-05,2026-01-05_中山09R_初茜賞,2倍台,ワイド,4,6,600,0
2026-01-05,2026-01-05_中山09R_初茜賞,2倍台,ワイド,5,10,1000,360
2026-01-05,2026-01-05_中山09R_初茜賞,2倍台,ワイド,6,15,1500,360
2026-01-05,2026-01-05_中山09R_初茜賞,2倍台,馬連,3,3,300,0
2026-01-05,2026-01-05_中山09R_初茜賞,2倍台,馬連,4,6,600,0
2026-01-05,2026-01-05_中山09R_初茜賞,2倍台,馬連,5,10,1000,0
2026-01-05,2026-01-05_中山09R_初茜賞,2倍台,馬連,6,15,1500,0
2026-01-05,2026-01-05_中山10R_初日の出賞,3倍以上,ワイド,3,3,300,0
2026-01-05,2026-01-05_中山10R_初日の出賞,3倍以上,ワイド,4,6,600,0
2026-01-05,2026-01-05_中山10R_初日の出賞,3倍以上,ワイド,5,10,1000,0
2026-01-05,2026-01-05_中山10R_初日の出賞,3倍以上,ワイド,6,15,1500,0
2026-01-05,2026-01-05_中山10R_初日の出賞,3倍以上,馬連,3,3,300,0
2026-01-05,2026-01-05_中山10R_初日の出賞,3倍以上,馬連,4,6,600,0
2026-01-05,2026-01-05_中山10R_初日の出賞,3倍以上,馬連,5,10,1000,0
2026-01-05,2026-01-05_中山10R_初日の出賞,3倍以上,馬連,6,15,1500,0
2026-01-05,2026-01-05_中山11R_サンライズS,3倍以上,ワイド,3,3,300,0
2026-01-05,2026-01-05_中山11R_サンライズS,3倍以上,ワイド,4,6,600,0
2026-01-05,2026-01-05_中山11R_サンライズS,3倍以上,ワイド,5,10,1000,1310
2026-01-05,2026-01-05_中山11R_サンライズS,3倍以上,ワイド,6,15,1500,6520
2026-01-05,2026-01-05_中山11R_サンライズS,3倍以上,馬連,3,3,300,0
2026-01-05,2026-01-05_中山11R_サンライズS,3倍以上,馬連,4,6,600,0
2026-01-05,2026-01-05_中山11R_サンライズS,3倍以上,馬連,5,10,1000,0
2026-01-05,2026-01-05_中山11R_サンライズS,3倍以上,馬連,6,15,1500,14530
2026-01-05,2026-01-05_中山12R_4歳以上1勝クラス,2倍台,ワイド,3,3,300,0
2026-01-05,2026-01-05_中山12R_4歳以上1勝クラス,2倍台,ワイド,4,6,600,0
2026-01-05,2026-01-05_中山12R_4歳以上1勝クラス,2倍台,ワイド,5,10,1000,1280
2026-01-05,2026-01-05_中山12R_4歳以上1勝クラス,2倍台,ワイド,6,15,1500,1280
2026-01-05,2026-01-05_中山12R_4歳以上1勝クラス,2倍台,馬連,3,3,300,0
2026-01-05,2026-01-05_中山12R_4歳以上1勝クラス,2倍台,馬連,4,6,600,0
2026-01-05,2026-01-05_中山12R_4歳以上1勝クラス,2倍台,馬連,5,10,1000,0
2026-01-05,2026-01-05_中山12R_4歳以上1勝クラス,2倍台,馬連,6,15,1500,0
2026-01-05,2026-01-05_京都09R_逢坂山特別,2倍台,ワイド,3,3,300,0
2026-01-05,2026-01-05_京都09R_逢坂山特別,2倍台,ワイド,4,6,600,0
2026-01-05,2026-01-05_京都09R_逢坂山特別,2倍台,ワイド,5,10,1000,0
2026-01-05,2026-01-05_京都09R_逢坂山特別,2倍台,ワイド,6,15,1500,310
2026-01-05,2026-01-05_京都09R_逢坂山特別,2倍台,馬連,3,3,300,0
2026-01-05,2026-01-05_京都09R_逢坂山特別,2倍台,馬連,4,6,600,0
2026-01-05,2026-01-05_京都09R_逢坂山特別,2倍台,馬連,5,10,1000,0
2026-01-05,2026-01-05_京都09R_逢坂山特別,2倍台,馬連,6,15,1500,0
2026-01-05,2026-01-05_京都10R_門松S,1倍台,ワイド,3,3,300,230
2026-01-05,2026-01-05_京都10R_門松S,1倍台,ワイド,4,6,600,230
2026-01-05,2026-01-05_京都10R_門松S,1倍台,ワイド,5,10,1000,230
2026-01-05,2026-01-05_京都10R_門松S,1倍台,ワイド,6,15,1500,1030
2026-01-05,2026-01-05_京都10R_門松S,1倍台,馬連,3,3,300,0
2026-01-05,2026-01-05_京都10R_門松S,1倍台,馬連,4,6,600,0
2026-01-05,2026-01-05_京都10R_門松S,1倍台,馬連,5,10,1000,0
2026-01-05,2026-01-05_京都10R_門松S,1倍台,馬連,6,15,1500,1910
2026-01-05,2026-01-05_京都11R_万葉S,2倍台,ワイド,3,3,300,190
2026-01-05,2026-01-05_京都11R_万葉S,2倍台,ワイド,4,6,600,680
2026-01-05,2026-01-05_京都11R_万葉S,2倍台,ワイド,5,10,1000,680
2026-01-05,2026-01-05_京都11R_万葉S,2倍台,ワイド,6,15,1500,680
2026-01-05,2026-01-05_京都11R_万葉S,2倍台,馬連,3,3,300,0
2026-01-05,2026-01-05_京都11R_万葉S,2倍台,馬連,4,6,600,440
2026-01-05,2026-01-05_京都11R_万葉S,2倍台,馬連,5,10,1000,440
2026-01-05,2026-01-05_京都11R_万葉S,2倍台,馬連,6,15,1500,440
2026-01-05,2026-01-05_京都12R_4歳以上1勝クラス,2倍台,ワイド,3,3,300,0
2026-01-05,2026-01-05_京都12R_4歳以上1勝クラス,2倍台,ワイド,4,6,600,0
2026-01-05,2026-01-05_京都12R_4歳以上1勝クラス,2倍台,ワイド,5,10,1000,260
2026-01-05,2026-01-05_京都12R_4歳以上1勝クラス,2倍台,ワイド,6,15,1500,260
2026-01-05,2026-01-05_京都12R_4歳以上1勝クラス,2倍台,馬連,3,3,300,0
2026-01-05,2026-01-05_京都12R_4歳以上1勝クラス,2倍台,馬連,4,6,600,0
2026-01-05,2026-01-05_京都12R_4歳以上1勝クラス,2倍台,馬連,5,10,1000,570
2026-01-05,2026-01-05_京都12R_4歳以上1勝クラス,2倍台,馬連,6,15,1500,570
2026-01-10,2026-01-10_中山09R_黒竹賞,1倍台,ワイド,3,3,300,170
2026-01-10,2026-01-10_中山09R_黒竹賞,1倍台,ワイド,4,6,600,170
2026-01-10,2026-01-10_中山09R_黒竹賞,1倍台,ワイド,5,10,1000,170
2026-01-10,2026-01-10_中山09R_黒竹賞,1倍台,ワイド,6,15,1500,170
2026-01-10,2026-01-10_中山09R_黒竹賞,1倍台,馬連,3,3,300,0
2026-01-10,2026-01-10_中山09R_黒竹賞,1倍台,馬連,4,6,600,0
2026-01-10,2026-01-10_中山09R_黒竹賞,1倍台,馬連,5,10,1000,0
2026-01-10,2026-01-10_中山09R_黒竹賞,1倍台,馬連,6,15,1500,0
2026-01-10,2026-01-10_中山10R_初凪賞,2倍台,ワイド,3,3,300,530
2026-01-10,2026-01-10_中山10R_初凪賞,2倍台,ワイド,4,6,600,1770
2026-01-10,2026-01-10_中山10R_初凪賞,2倍台,ワイド,5,10,1000,1770
2026-01-10,2026-01-10_中山10R_初凪賞,2倍台,ワイド,6,15,1500,1770
2026-01-10,2026-01-10_中山10R_初凪賞,2倍台,馬連,3,3,300,0
2026-01-10,2026-01-10_中山10R_初凪賞,2倍台,馬連,4,6,600,2540
2026-01-10,2026-01-10_中山10R_初凪賞,2倍台,馬連,5,10,1000,2540
2026-01-10,2026-01-10_中山10R_初凪賞,2倍台,馬連,6,15,1500,2540
2026-01-10,2026-01-10_中山11R_迎春S,2倍台,ワイド,3,3,300,0
2026-01-10,2026-01-10_中山11R_迎春S,2倍台,ワイド,4,6,600,0
2026-01-10,2026-01-10_中山11R_迎春S,2倍台,ワイド,5,10,1000,0
2026-01-10,2026-01-10_中山11R_迎春S,2倍台,ワイド,6,15,1500,990
2026-01-10,2026-01-10_中山11R_迎春S,2倍台,馬連,3,3,300,0
2026-01-10,2026-01-10_中山11R_迎春S,2倍台,馬連,4,6,600,0
2026-01-10,2026-01-10_中山11R_迎春S,2倍台,馬連,5,10,1000,0
2026-01-10,2026-01-10_中山11R_迎春S,2倍台,馬連,6,15,1500,0
2026-01-10,2026-01-10_中山12R_4歳以上1勝クラス,2倍台,ワイド,3,3,300,0
2026-01-10,2026-01-10_中山12R_4歳以上1勝クラス,2倍台,ワイド,4,6,600,0
2026-01-10,2026-01-10_中山12R_4歳以上1勝クラス,2倍台,ワイド,5,10,1000,0
2026-01-10,2026-01-10_中山12R_4歳以上1勝クラス,2倍台,ワイド,6,15,1500,290
2026-01-10,2026-01-10_中山12R_4歳以上1勝クラス,2倍台,馬連,3,3,300,0
2026-01-10,2026-01-10_中山12R_4歳以上1勝クラス,2倍台,馬連,4,6,600,0
2026-01-10,2026-01-10_中山12R_4歳以上1勝クラス,2倍台,馬連,5,10,1000,0
2026-01-10,2026-01-10_中山12R_4歳以上1勝クラス,2倍台,馬連,6,15,1500,0
2026-01-10,2026-01-10_京都09R_出町特別,1倍台,ワイド,3,3,300,140
2026-01-10,2026-01-10_京都09R_出町特別,1倍台,ワイド,4,6,600,140
2026-01-10,2026-01-10_京都09R_出町特別,1倍台,ワイド,5,10,1000,140
2026-01-10,2026-01-10_京都09R_出町特別,1倍台,ワイド,6,15,1500,140
2026-01-10,2026-01-10_京都09R_出町特別,1倍台,馬連,3,3,300,240
2026-01-10,2026-01-10_京都09R_出町特別,1倍台,馬連,4,6,600,240
2026-01-10,2026-01-10_京都09R_出町特別,1倍台,馬連,5,10,1000,240
2026-01-10,2026-01-10_京都09R_出町特別,1倍台,馬連,6,15,1500,240
2026-01-10,2026-01-10_京都10R_鹿ケ谷特別,3倍以上,ワイド,3,3,300,0
2026-01-10,2026-01-10_京都10R_鹿ケ谷特別,3倍以上,ワイド,4,6,600,0
2026-01-10,2026-01-10_京都10R_鹿ケ谷特別,3倍以上,ワイド,5,10,1000,0
2026-01-10,2026-01-10_京都10R_鹿ケ谷特別,3倍以上,ワイド,6,15,1500,0
2026-01-10,2026-01-10_京都10R_鹿ケ谷特別,3倍以上,馬連,3,3,300,0
2026-01-10,2026-01-10_京都10R_鹿ケ谷特別,3倍以上,馬連,4,6,600,0
2026-01-10,2026-01-10_京都10R_鹿ケ谷特別,3倍以上,馬連,5,10,1000,0
2026-01-10,2026-01-10_京都10R_鹿ケ谷特別,3倍以上,馬連,6,15,1500,0
2026-01-10,2026-01-10_京都11R_すばるS,1倍台,ワイド,3,3,300,510
2026-01-10,2026-01-10_京都11R_すばるS,1倍台,ワイド,4,6,600,510
2026-01-10,2026-01-10_京都11R_すばるS,1倍台,ワイド,5,10,1000,3410
2026-01-10,2026-01-10_京都11R_すばるS,1倍台,ワイド,6,15,1500,3410
2026-01-10,2026-01-10_京都11R_すばるS,1倍台,馬連,3,3,300,0
2026-01-10,2026-01-10_京都11R_すばるS,1倍台,馬連,4,6,600,0
2026-01-10,2026-01-10_京都11R_すばるS,1倍台,馬連,5,10,1000,9200
2026-01-10,2026-01-10_京都11R_すばるS,1倍台,馬連,6,15,1500,9200
2026-01-10,2026-01-10_京都12R_4歳以上1勝クラス,2倍台,ワイド,3,3,300,0
2026-01-10,2026-01-10_京都12R_4歳以上1勝クラス,2倍台,ワイド,4,6,600,260
2026-01-10,2026-01-10_京都12R_4歳以上1勝クラス,2倍台,ワイド,5,10,1000,260
2026-01-10,2026-01-10_京都12R_4歳以上1勝クラス,2倍台,ワイド,6,15,1500,260
2026-01-10,2026-01-10_京都12R_4歳以上1勝クラス,2倍台,馬連,3,3,300,0
2026-01-10,2026-01-10_京都12R_4歳以上1勝クラス,2倍台,馬連,4,6,600,510
2026-01-10,2026-01-10_京都12R_4歳以上1勝クラス,2倍台,馬連,5,10,1000,510
2026-01-10,2026-01-10_京都12R_4歳以上1勝クラス,2倍台,馬連,6,15,1500,510
2026-01-11,2026-01-11_中山09R_初咲賞,3倍以上,ワイド,3,3,300,0
2026-01-11,2026-01-11_中山09R_初咲賞,3倍以上,ワイド,4,6,600,340
2026-01-11,2026-01-11_中山09R_初咲賞,3倍以上,ワイド,5,10,1000,340
2026-01-11,2026-01-11_中山09R_初咲賞,3倍以上,ワイド,6,15,1500,340
2026-01-11,2026-01-11_中山09R_初咲賞,3倍以上,馬連,3,3,300,0
2026-01-11,2026-01-11_中山09R_初咲賞,3倍以上,馬連,4,6,600,710
2026-01-11,2026-01-11_中山09R_初咲賞,3倍以上,馬連,5,10,1000,710
2026-01-11,2026-01-11_中山09R_初咲賞,3倍以上,馬連,6,15,1500,710
2026-01-11,2026-01-11_中山10R_ポルックスS,3倍以上,ワイド,3,3,300,0
2026-01-11,2026-01-11_中山10R_ポルックスS,3倍以上,ワイド,4,6,600,0
2026-01-11,2026-01-11_中山10R_ポルックスS,3倍以上,ワイド,5,10,1000,0
2026-01-11,2026-01-11_中山10R_ポルックスS,3倍以上,ワイド,6,15,1500,0
2026-01-11,2026-01-11_中山10R_ポルックスS,3倍以上,馬連,3,3,300,0
2026-01-11,2026-01-11_中山10R_ポルックスS,3倍以上,馬連,4,6,600,0
2026-01-11,2026-01-11_中山10R_ポルックスS,3倍以上,馬連,5,10,1000,0
2026-01-11,2026-01-11_中山10R_ポルックスS,3倍以上,馬連,6,15,1500,0
2026-01-11,2026-01-11_中山11R_フェアリーS,3倍以上,ワイド,3,3,300,0
2026-01-11,2026-01-11_中山11R_フェアリーS,3倍以上,ワイド,4,6,600,0
2026-01-11,2026-01-11_中山11R_フェアリーS,3倍以上,ワイド,5,10,1000,0
2026-01-11,2026-01-11_中山11R_フェアリーS,3倍以上,ワイド,6,15,1500,5650
2026-01-11,2026-01-11_中山11R_フェアリーS,3倍以上,馬連,3,3,300,0
2026-01-11,2026-01-11_中山11R_フェアリーS,3倍以上,馬連,4,6,600,0
2026-01-11,2026-01-11_中山11R_フェアリーS,3倍以上,馬連,5,10,1000,0
2026-01-11,2026-01-11_中山11R_フェアリーS,3倍以上,馬連,6,15,1500,0
2026-01-11,2026-01-11_中山12R_4歳以上2勝クラス,3倍以上,ワイド,3,3,300,0
2026-01-11,2026-01-11_中山12R_4歳以上2勝クラス,3倍以上,ワイド,4,6,600,0
2026-01-11,2026-01-11_中山12R_4歳以上2勝クラス,3倍以上,ワイド,5,10,1000,0
2026-01-11,2026-01-11_中山12R_4歳以上2勝クラス,3倍以上,ワイド,6,15,1500,1550
2026-01-11,2026-01-11_中山12R_4歳以上2勝クラス,3倍以上,馬連,3,3,300,0
2026-01-11,2026-01-11_中山12R_4歳以上2勝クラス,3倍以上,馬連,4,6,600,0
2026-01-11,2026-01-11_中山12R_4歳以上2勝クラス,3倍以上,馬連,5,10,1000,0
2026-01-11,2026-01-11_中山12R_4歳以上2勝クラス,3倍以上,馬連,6,15,1500,4440
2026-01-11,2026-01-11_京都09R_五条坂特別,2倍台,ワイド,3,3,300,0
2026-01-11,2026-01-11_京都09R_五条坂特別,2倍台,ワイド,4,6,600,540
2026-01-11,2026-01-11_京都09R_五条坂特別,2倍台,ワイド,5,10,1000,540
2026-01-11,2026-01-11_京都09R_五条坂特別,2倍台,ワイド,6,15,1500,1960
2026-01-11,2026-01-11_京都09R_五条坂特別,2倍台,馬連,3,3,300,0
2026-01-11,2026-01-11_京都09R_五条坂特別,2倍台,馬連,4,6,600,1860
2026-01-11,2026-01-11_京都09R_五条坂特別,2倍台,馬連,5,10,1000,1860
2026-01-11,2026-01-11_京都09R_五条坂特別,2倍台,馬連,6,15,1500,1860
2026-01-11,2026-01-11_京都10R_新春S,3倍以上,ワイド,3,3,300,0
2026-01-11,2026-01-11_京都10R_新春S,3倍以上,ワイド,4,6,600,0
2026-01-11,2026-01-11_京都10R_新春S,3倍以上,ワイド,5,10,1000,0
2026-01-11,2026-01-11_京都10R_新春S,3倍以上,ワイド,6,15,1500,0
2026-01-11,2026-01-11_京都10R_新春S,3倍以上,馬連,3,3,300,0
2026-01-11,2026-01-11_京都10R_新春S,3倍以上,馬連,4,6,600,0
2026-01-11,2026-01-11_京都10R_新春S,3倍以上,馬連,5,10,1000,0
2026-01-11,2026-01-11_京都10R_新春S,3倍以上,馬連,6,15,1500,0
2026-01-11,2026-01-11_京都11R_淀短距離S,3倍以上,ワイド,3,3,300,0
2026-01-11,2026-01-11_京都11R_淀短距離S,3倍以上,ワイド,4,6,600,390
2026-01-11,2026-01-11_京都11R_淀短距離S,3倍以上,ワイド,5,10,1000,390
2026-01-11,2026-01-11_京都11R_淀短距離S,3倍以上,ワイド,6,15,1500,390
2026-01-11,2026-01-11_京都11R_淀短距離S,3倍以上,馬連,3,3,300,0
2026-01-11,2026-01-11_京都11R_淀短距離S,3倍以上,馬連,4,6,600,890
2026-01-11,2026-01-11_京都11R_淀短距離S,3倍以上,馬連,5,10,1000,890
2026-01-11,2026-01-11_京都11R_淀短距離S,3倍以上,馬連,6,15,1500,890
2026-01-11,2026-01-11_京都12R_3歳未勝利,3倍以上,ワイド,3,3,300,460
2026-01-11,2026-01-11_京都12R_3歳未勝利,3倍以上,ワイド,4,6,600,460
2026-01-11,2026-01-11_京都12R_3歳未勝利,3倍以上,ワイド,5,10,1000,460
2026-01-11,2026-01-11_京都12R_3歳未勝利,3倍以上,ワイド,6,15,1500,460
2026-01-11,2026-01-11_京都12R_3歳未勝利,3倍以上,馬連,3,3,300,0
2026-01-11,2026-01-11_京都12R_3歳未勝利,3倍以上,馬連,4,6,600,0
2026-01-11,2026-01-11_京都12R_3歳未勝利,3倍以上,馬連,5,10,1000,0
2026-01-11,2026-01-11_京都12R_3歳未勝利,3倍以上,馬連,6,15,1500,0
2026-01-12,2026-01-12_中山09R_成田特別,3倍以上,ワイド,3,3,300,0
2026-01-12,2026-01-12_中山09R_成田特別,3倍以上,ワイド,4,6,600,0
2026-01-12,2026-01-12_中山09R_成田特別,3倍以上,ワイド,5,10,1000,0
2026-01-12,2026-01-12_中山09R_成田特別,3倍以上,ワイド,6,15,1500,0
2026-01-12,2026-01-12_中山09R_成田特別,3倍以上,馬連,3,3,300,0
2026-01-12,2026-01-12_中山09R_成田特別,3倍以上,馬連,4,6,600,0
2026-01-12,2026-01-12_中山09R_成田特別,3倍以上,馬連,5,10,1000,0
2026-01-12,2026-01-12_中山09R_成田特別,3倍以上,馬連,6,15,1500,0
2026-01-12,2026-01-12_中山10R_初春S,2倍台,ワイド,3,3,300,0
2026-01-12,2026-01-12_中山10R_初春S,2倍台,ワイド,4,6,600,0
2026-01-12,2026-01-12_中山10R_初春S,2倍台,ワイド,5,10,1000,320
2026-01-12,2026-01-12_中山10R_初春S,2倍台,ワイド,6,15,1500,320
2026-01-12,2026-01-12_中山10R_初春S,2倍台,馬連,3,3,300,0
2026-01-12,2026-01-12_中山10R_初春S,2倍台,馬連,4,6,600,0
2026-01-12,2026-01-12_中山10R_初春S,2倍台,馬連,5,10,1000,680
2026-01-12,2026-01-12_中山10R_初春S,2倍台,馬連,6,15,1500,680
2026-01-12,2026-01-12_中山11R_ニューイヤーS,3倍以上,ワイド,3,3,300,0
2026-01-12,2026-01-12_中山11R_ニューイヤーS,3倍以上,ワイド,4,6,600,0
2026-01-12,2026-01-12_中山11R_ニューイヤーS,3倍以上,ワイド,5,10,1000,440
2026-01-12,2026-01-12_中山11R_ニューイヤーS,3倍以上,ワイド,6,15,1500,440
2026-01-12,2026-01-12_中山11R_ニューイヤーS,3倍以上,馬連,3,3,300,0
2026-01-12,2026-01-12_中山11R_ニューイヤーS,3倍以上,馬連,4,6,600,0
2026-01-12,2026-01-12_中山11R_ニューイヤーS,3倍以上,馬連,5,10,1000,1140
2026-01-12,2026-01-12_中山11R_ニューイヤーS,3倍以上,馬連,6,15,1500,1140
2026-01-12,2026-01-12_中山12R_4歳以上1勝クラス,2倍台,ワイド,3,3,300,750
2026-01-12,2026-01-12_中山12R_4歳以上1勝クラス,2倍台,ワイド,4,6,600,750
2026-01-12,2026-01-12_中山12R_4歳以上1勝クラス,2倍台,ワイド,5,10,1000,750
2026-01-12,2026-01-12_中山12R_4歳以上1勝クラス,2倍台,ワイド,6,15,1500,750
2026-01-12,2026-01-12_中山12R_4歳以上1勝クラス,2倍台,馬連,3,3,300,2240
2026-01-12,2026-01-12_中山12R_4歳以上1勝クラス,2倍台,馬連,4,6,600,2240
2026-01-12,2026-01-12_中山12R_4歳以上1勝クラス,2倍台,馬連,5,10,1000,2240
2026-01-12,2026-01-12_中山12R_4歳以上1勝クラス,2倍台,馬連,6,15,1500,2240
2026-01-12,2026-01-12_京都09R_琵琶湖特別,3倍以上,ワイド,3,3,300,0
2026-01-12,2026-01-12_京都09R_琵琶湖特別,3倍以上,ワイド,4,6,600,0
2026-01-12,2026-01-12_京都09R_琵琶湖特別,3倍以上,ワイド,5,10,1000,0
2026-01-12,2026-01-12_京都09R_琵琶湖特別,3倍以上,ワイド,6,15,1500,0
2026-01-12,2026-01-12_京都09R_琵琶湖特別,3倍以上,馬連,3,3,300,0
2026-01-12,2026-01-12_京都09R_琵琶湖特別,3倍以上,馬連,4,6,600,0
2026-01-12,2026-01-12_京都09R_琵琶湖特別,3倍以上,馬連,5,10,1000,0
2026-01-12,2026-01-12_京都09R_琵琶湖特別,3倍以上,馬連,6,15,1500,0
2026-01-12,2026-01-12_京都10R_雅S,3倍以上,ワイド,3,3,300,0
2026-01-12,2026-01-12_京都10R_雅S,3倍以上,ワイド,4,6,600,0
2026-01-12,2026-01-12_京都10R_雅S,3倍以上,ワイド,5,10,1000,460
2026-01-12,2026-01-12_京都10R_雅S,3倍以上,ワイド,6,15,1500,460
2026-01-12,2026-01-12_京都10R_雅S,3倍以上,馬連,3,3,300,0
2026-01-12,2026-01-12_京都10R_雅S,3倍以上,馬連,4,6,600,0
2026-01-12,2026-01-12_京都10R_雅S,3倍以上,馬連,5,10,1000,0
2026-01-12,2026-01-12_京都10R_雅S,3倍以上,馬連,6,15,1500,0
2026-01-12,2026-01-12_京都11R_シンザン記念,3倍以上,ワイド,3,3,300,0
2026-01-12,2026-01-12_京都11R_シンザン記念,3倍以上,ワイド,4,6,600,0
2026-01-12,2026-01-12_京都11R_シンザン記念,3倍以上,ワイド,5,10,1000,0
2026-01-12,2026-01-12_京都11R_シンザン記念,3倍以上,ワイド,6,15,1500,0
2026-01-12,2026-01-12_京都11R_シンザン記念,3倍以上,馬連,3,3,300,0
2026-01-12,2026-01-12_京都11R_シンザン記念,3倍以上,馬連,4,6,600,0
2026-01-12,2026-01-12_京都11R_シンザン記念,3倍以上,馬連,5,10,1000,0
2026-01-12,2026-01-12_京都11R_シンザン記念,3倍以上,馬連,6,15,1500,0
2026-01-12,2026-01-12_京都12R_3歳未勝利,3倍以上,ワイド,3,3,300,0
2026-01-12,2026-01-12_京都12R_3歳未勝利,3倍以上,ワイド,4,6,600,780
2026-01-12,2026-01-12_京都12R_3歳未勝利,3倍以上,ワイド,5,10,1000,780
2026-01-12,2026-01-12_京都12R_3歳未勝利,3倍以上,ワイド,6,15,1500,780
2026-01-12,2026-01-12_京都12R_3歳未勝利,3倍以上,馬連,3,3,300,0
2026-01-12,2026-01-12_京都12R_3歳未勝利,3倍以上,馬連,4,6,600,2360
2026-01-12,2026-01-12_京都12R_3歳未勝利,3倍以上,馬連,5,10,1000,2360
2026-01-12,2026-01-12_京都12R_3歳未勝利,3倍以上,馬連,6,15,1500,2360
2026-01-17,2026-01-17_中山09R_菜の花賞,2倍台,ワイド,3,3,300,0
2026-01-17,2026-01-17_中山09R_菜の花賞,2倍台,ワイド,4,6,600,660
2026-01-17,2026-01-17_中山09R_菜の花賞,2倍台,ワイド,5,10,1000,1520
2026-01-17,2026-01-17_中山09R_菜の花賞,2倍台,ワイド,6,15,1500,1520
2026-01-17,2026-01-17_中山09R_菜の花賞,2倍台,馬連,3,3,300,0
2026-01-17,2026-01-17_中山09R_菜の花賞,2倍台,馬連,4,6,600,0
2026-01-17,2026-01-17_中山09R_菜の花賞,2倍台,馬連,5,10,1000,1370
2026-01-17,2026-01-17_中山09R_菜の花賞,2倍台,馬連,6,15,1500,1370
2026-01-17,2026-01-17_中山10R_アレキサンドライトS,2倍台,ワイド,3,3,300,1570
2026-01-17,2026-01-17_中山10R_アレキサンドライトS,2倍台,ワイド,4,6,600,1570
2026-01-17,2026-01-17_中山10R_アレキサンドライトS,2倍台,ワイド,5,10,1000,1570
2026-01-17,2026-01-17_中山10R_アレキサンドライトS,2倍台,ワイド,6,15,1500,1570
2026-01-17,2026-01-17_中山10R_アレキサンドライトS,2倍台,馬連,3,3,300,0
2026-01-17,2026-01-17_中山10R_アレキサンドライトS,2倍台,馬連,4,6,600,0
2026-01-17,2026-01-17_中山10R_アレキサンドライトS,2倍台,馬連,5,10,1000,0
2026-01-17,2026-01-17_中山10R_アレキサンドライトS,2倍台,馬連,6,15,1500,0
2026-01-17,2026-01-17_中山11R_カーバンクルS,3倍以上,ワイド,3,3,300,0
2026-01-17,2026-01-17_中山11R_カーバンクルS,3倍以上,ワイド,4,6,600,0
2026-01-17,2026-01-17_中山11R_カーバンクルS,3倍以上,ワイド,5,10,1000,0
2026-01-17,2026-01-17_中山11R_カーバンクルS,3倍以上,ワイド,6,15,1500,0
2026-01-17,2026-01-17_中山11R_カーバンクルS,3倍以上,馬連,3,3,300,0
2026-01-17,2026-01-17_中山11R_カーバンクルS,3倍以上,馬連,4,6,600,0
2026-01-17,2026-01-17_中山11R_カーバンクルS,3倍以上,馬連,5,10,1000,0
2026-01-17,2026-01-17_中山11R_カーバンクルS,3倍以上,馬連,6,15,1500,0
2026-01-17,2026-01-17_中山12R_4歳以上2勝クラス,3倍以上,ワイド,3,3,300,0
2026-01-17,2026-01-17_中山12R_4歳以上2勝クラス,3倍以上,ワイド,4,6,600,1440
2026-01-17,2026-01-17_中山12R_4歳以上2勝クラス,3倍以上,ワイド,5,10,1000,3510
2026-01-17,2026-01-17_中山12R_4歳以上2勝クラス,3倍以上,ワイド,6,15,1500,3510
2026-01-17,2026-01-17_中山12R_4歳以上2勝クラス,3倍以上,馬連,3,3,300,0
2026-01-17,2026-01-17_中山12R_4歳以上2勝クラス,3倍以上,馬連,4,6,600,0
2026-01-17,2026-01-17_中山12R_4歳以上2勝クラス,3倍以上,馬連,5,10,1000,960
2026-01-17,2026-01-17_中山12R_4歳以上2勝クラス,3倍以上,馬連,6,15,1500,960
2026-01-17,2026-01-17_京都09R_稲荷特別,2倍台,ワイド,3,3,300,0
2026-01-17,2026-01-17_京都09R_稲荷特別,2倍台,ワイド,4,6,600,360
2026-01-17,2026-01-17_京都09R_稲荷特別,2倍台,ワイド,5,10,1000,360
2026-01-17,2026-01-17_京都09R_稲荷特別,2倍台,ワイド,6,15,1500,360
2026-01-17,2026-01-17_京都09R_稲荷特別,2倍台,馬連,3,3,300,0
2026-01-17,2026-01-17_京都09R_稲荷特別,2倍台,馬連,4,6,600,730
2026-01-17,2026-01-17_京都09R_稲荷特別,2倍台,馬連,5,10,1000,730
2026-01-17,2026-01-17_京都09R_稲荷特別,2倍台,馬連,6,15,1500,730
2026-01-17,2026-01-17_京都10R_紅梅S,1倍台,ワイド,3,3,300,220
2026-01-17,2026-01-17_京都10R_紅梅S,1倍台,ワイド,4,6,600,220
2026-01-17,2026-01-17_京都10R_紅梅S,1倍台,ワイド,5,10,1000,220
2026-01-17,2026-01-17_京都10R_紅梅S,1倍台,ワイド,6,15,1500,970
2026-01-17,2026-01-17_京都10R_紅梅S,1倍台,馬連,3,3,300,560
2026-01-17,2026-01-17_京都10R_紅梅S,1倍台,馬連,4,6,600,560
2026-01-17,2026-01-17_京都10R_紅梅S,1倍台,馬連,5,10,1000,560
2026-01-17,2026-01-17_京都10R_紅梅S,1倍台,馬連,6,15,1500,560
2026-01-17,2026-01-17_京都11R_羅生門S,2倍台,ワイド,3,3,300,0
2026-01-17,2026-01-17_京都11R_羅生門S,2倍台,ワイド,4,6,600,0
2026-01-17,2026-01-17_京都11R_羅生門S,2倍台,ワイド,5,10,1000,0
2026-01-17,2026-01-17_京都11R_羅生門S,2倍台,ワイド,6,15,1500,0
2026-01-17,2026-01-17_京都11R_羅生門S,2倍台,馬連,3,3,300,0
2026-01-17,2026-01-17_京都11R_羅生門S,2倍台,馬連,4,6,600,0
2026-01-17,2026-01-17_京都11R_羅生門S,2倍台,馬連,5,10,1000,0
2026-01-17,2026-01-17_京都11R_羅生門S,2倍台,馬連,6,15,1500,0
2026-01-17,2026-01-17_京都12R_4歳以上2勝クラス,3倍以上,ワイド,3,3,300,0
2026-01-17,2026-01-17_京都12R_4歳以上2勝クラス,3倍以上,ワイド,4,6,600,0
2026-01-17,2026-01-17_京都12R_4歳以上2勝クラス,3倍以上,ワイド,5,10,1000,0
2026-01-17,2026-01-17_京都12R_4歳以上2勝クラス,3倍以上,ワイド,6,15,1500,0
2026-01-17,2026-01-17_京都12R_4歳以上2勝クラス,3倍以上,馬連,3,3,300,0
2026-01-17,2026-01-17_京都12R_4歳以上2勝クラス,3倍以上,馬連,4,6,600,0
2026-01-17,2026-01-17_京都12R_4歳以上2勝クラス,3倍以上,馬連,5,10,1000,0
2026-01-17,2026-01-17_京都12R_4歳以上2勝クラス,3倍以上,馬連,6,15,1500,0
2026-01-18,2026-01-18_中山09R_若潮S,2倍台,ワイド,3,3,300,270
2026-01-18,2026-01-18_中山09R_若潮S,2倍台,ワイド,4,6,600,270
2026-01-18,2026-01-18_中山09R_若潮S,2倍台,ワイド,5,10,1000,1470
2026-01-18,2026-01-18_中山09R_若潮S,2倍台,ワイド,6,15,1500,1470
2026-01-18,2026-01-18_中山09R_若潮S,2倍台,馬連,3,3,300,0
2026-01-18,2026-01-18_中山09R_若潮S,2倍台,馬連,4,6,600,0
2026-01-18,2026-01-18_中山09R_若潮S,2倍台,馬連,5,10,1000,2510
2026-01-18,2026-01-18_中山09R_若潮S,2倍台,馬連,6,15,1500,2510
2026-01-18,2026-01-18_中山10R_ジャニュアリーS,3倍以上,ワイド,3,3,300,500
2026-01-18,2026-01-18_中山10R_ジャニュアリーS,3倍以上,ワイド,4,6,600,4400
2026-01-18,2026-01-18_中山10R_ジャニュアリーS,3倍以上,ワイド,5,10,1000,4400
2026-01-18,2026-01-18_中山10R_ジャニュアリーS,3倍以上,ワイド,6,15,1500,4400
2026-01-18,2026-01-18_中山10R_ジャニュアリーS,3倍以上,馬連,3,3,300,0
2026-01-18,2026-01-18_中山10R_ジャニュアリーS,3倍以上,馬連,4,6,600,6740
2026-01-18,2026-01-18_中山10R_ジャニュアリーS,3倍以上,馬連,5,10,1000,6740
2026-01-18,2026-01-18_中山10R_ジャニュアリーS,3倍以上,馬連,6,15,1500,6740
2026-01-18,2026-01-18_中山11R_京成杯,3倍以上,ワイド,3,3,300,0
2026-01-18,2026-01-18_中山11R_京成杯,3倍以上,ワイド,4,6,600,0
2026-01-18,2026-01-18_中山11R_京成杯,3倍以上,ワイド,5,10,1000,0
2026-01-18,2026-01-18_中山11R_京成杯,3倍以上,ワイド,6,15,1500,0
2026-01-18,2026-01-18_中山11R_京成杯,3倍以上,馬連,3,3,300,0
2026-01-18,2026-01-18_中山11R_京成杯,3倍以上,馬連,4,6,600,0
2026-01-18,2026-01-18_中山11R_京成杯,3倍以上,馬連,5,10,1000,0
2026-01-18,2026-01-18_中山11R_京成杯,3倍以上,馬連,6,15,1500,0
2026-01-18,2026-01-18_中山12R_3歳未勝利,2倍台,ワイド,3,3,300,0
2026-01-18,2026-01-18_中山12R_3歳未勝利,2倍台,ワイド,4,6,600,890
2026-01-18,2026-01-18_中山12R_3歳未勝利,2倍台,ワイド,5,10,1000,890
2026-01-18,2026-01-18_中山12R_3歳未勝利,2倍台,ワイド,6,15,1500,890
2026-01-18,2026-01-18_中山12R_3歳未勝利,2倍台,馬連,3,3,300,0
2026-01-18,2026-01-18_中山12R_3歳未勝利,2倍台,馬連,4,6,600,0
2026-01-18,2026-01-18_中山12R_3歳未勝利,2倍台,馬連,5,10,1000,0
2026-01-18,2026-01-18_中山12R_3歳未勝利,2倍台,馬連,6,15,1500,0
2026-01-18,2026-01-18_京都09R_小倉山特別,2倍台,ワイド,3,3,300,0
2026-01-18,2026-01-18_京都09R_小倉山特別,2倍台,ワイド,4,6,600,0
2026-01-18,2026-01-18_京都09R_小倉山特別,2倍台,ワイド,5,10,1000,0
2026-01-18,2026-01-18_京都09R_小倉山特別,2倍台,ワイド,6,15,1500,0
2026-01-18,2026-01-18_京都09R_小倉山特別,2倍台,馬連,3,3,300,0
2026-01-18,2026-01-18_京都09R_小倉山特別,2倍台,馬連,4,6,600,0
2026-01-18,2026-01-18_京都09R_小倉山特別,2倍台,馬連,5,10,1000,0
2026-01-18,2026-01-18_京都09R_小倉山特別,2倍台,馬連,6,15,1500,0
2026-01-18,2026-01-18_京都10R_大津特別,3倍以上,ワイド,3,3,300,330
2026-01-18,2026-01-18_京都10R_大津特別,3倍以上,ワイド,4,6,600,330
2026-01-18,2026-01-18_京都10R_大津特別,3倍以上,ワイド,5,10,1000,330
2026-01-18,2026-01-18_京都10R_大津特別,3倍以上,ワイド,6,15,1500,330
2026-01-18,2026-01-18_京都10R_大津特別,3倍以上,馬連,3,3,300,0
2026-01-18,2026-01-18_京都10R_大津特別,3倍以上,馬連,4,6,600,0
2026-01-18,2026-01-18_京都10R_大津特別,3倍以上,馬連,5,10,1000,0
2026-01-18,2026-01-18_京都10R_大津特別,3倍以上,馬連,6,15,1500,0
2026-01-18,2026-01-18_京都11R_日経新春杯,2倍台,ワイド,3,3,300,0
2026-01-18,2026-01-18_京都11R_日経新春杯,2倍台,ワイド,4,6,600,860
2026-01-18,2026-01-18_京都11R_日経新春杯,2倍台,ワイド,5,10,1000,860
2026-01-18,2026-01-18_京都11R_日経新春杯,2倍台,ワイド,6,15,1500,860
2026-01-18,2026-01-18_京都11R_日経新春杯,2倍台,馬連,3,3,300,0
2026-01-18,2026-01-18_京都11R_日経新春杯,2倍台,馬連,4,6,600,0
2026-01-18,2026-01-18_京都11R_日経新春杯,2倍台,馬連,5,10,1000,0
2026-01-18,2026-01-18_京都11R_日経新春杯,2倍台,馬連,6,15,1500,0
2026-01-18,2026-01-18_京都12R_4歳以上1勝クラス,1倍台,ワイド,3,3,300,170
2026-01-18,2026-01-18_京都12R_4歳以上1勝クラス,1倍台,ワイド,4,6,600,170
2026-01-18,2026-01-18_京都12R_4歳以上1勝クラス,1倍台,ワイド,5,10,1000,690
2026-01-18,2026-01-18_京都12R_4歳以上1勝クラス,1倍台,ワイド,6,15,1500,690
2026-01-18,2026-01-18_京都12R_4歳以上1勝クラス,1倍台,馬連,3,3,300,480
2026-01-18,2026-01-18_京都12R_4歳以上1勝クラス,1倍台,馬連,4,6,600,480
2026-01-18,2026-01-18_京都12R_4歳以上1勝クラス,1倍台,馬連,5,10,1000,480
2026-01-18,2026-01-18_京都12R_4歳以上1勝クラス,1倍台,馬連,6,15,1500,480
2026-01-24,2026-01-24_中山09R_東雲賞,2倍台,ワイド,3,3,300,280
2026-01-24,2026-01-24_中山09R_東雲賞,2倍台,ワイド,4,6,600,280
2026-01-24,2026-01-24_中山09R_東雲賞,2倍台,ワイド,5,10,1000,280
2026-01-24,2026-01-24_中山09R_東雲賞,2倍台,ワイド,6,15,1500,280
2026-01-24,2026-01-24_中山09R_東雲賞,2倍台,馬連,3,3,300,0
2026-01-24,2026-01-24_中山09R_東雲賞,2倍台,馬連,4,6,600,0
2026-01-24,2026-01-24_中山09R_東雲賞,2倍台,馬連,5,10,1000,0
2026-01-24,2026-01-24_中山09R_東雲賞,2倍台,馬連,6,15,1500,0
2026-01-24,2026-01-24_中山10R_初霞賞,2倍台,ワイド,3,3,300,140
2026-01-24,2026-01-24_中山10R_初霞賞,2倍台,ワイド,4,6,600,140
2026-01-24,2026-01-24_中山10R_初霞賞,2倍台,ワイド,5,10,1000,140
2026-01-24,2026-01-24_中山10R_初霞賞,2倍台,ワイド,6,15,1500,140
2026-01-24,2026-01-24_中山10R_初霞賞,2倍台,馬連,3,3,300,230
2026-01-24,2026-01-24_中山10R_初霞賞,2倍台,馬連,4,6,600,230
2026-01-24,2026-01-24_中山10R_初霞賞,2倍台,馬連,5,10,1000,230
2026-01-24,2026-01-24_中山10R_初霞賞,2倍台,馬連,6,15,1500,230
2026-01-24,2026-01-24_中山11R_初富士S,2倍台,ワイド,3,3,300,0
2026-01-24,2026-01-24_中山11R_初富士S,2倍台,ワイド,4,6,600,600
2026-01-24,2026-01-24_中山11R_初富士S,2倍台,ワイド,5,10,1000,600
2026-01-24,2026-01-24_中山11R_初富士S,2倍台,ワイド,6,15,1500,600
2026-01-24,2026-01-24_中山11R_初富士S,2倍台,馬連,3,3,300,0
2026-01-24,2026-01-24_中山11R_初富士S,2倍台,馬連,4,6,600,1590
2026-01-24,2026-01-24_中山11R_初富士S,2倍台,馬連,5,10,1000,1590
2026-01-24,2026-01-24_中山11R_初富士S,2倍台,馬連,6,15,1500,1590
2026-01-24,2026-01-24_中山12R_4歳以上1勝クラス,1倍台,ワイド,3,3,300,160
2026-01-24,2026-01-24_中山12R_4歳以上1勝クラス,1倍台,ワイド,4,6,600,160
2026-01-24,2026-01-24_中山12R_4歳以上1勝クラス,1倍台,ワイド,5,10,1000,160
2026-01-24,2026-01-24_中山12R_4歳以上1勝クラス,1倍台,ワイド,6,15,1500,160
2026-01-24,2026-01-24_中山12R_4歳以上1勝クラス,1倍台,馬連,3,3,300,0
2026-01-24,2026-01-24_中山12R_4歳以上1勝クラス,1倍台,馬連,4,6,600,0
2026-01-24,2026-01-24_中山12R_4歳以上1勝クラス,1倍台,馬連,5,10,1000,0
2026-01-24,2026-01-24_中山12R_4歳以上1勝クラス,1倍台,馬連,6,15,1500,0
2026-01-24,2026-01-24_京都09R_若駒S,2倍台,ワイド,3,3,300,0
2026-01-24,2026-01-24_京都09R_若駒S,2倍台,ワイド,4,6,600,0
2026-01-24,2026-01-24_京都09R_若駒S,2倍台,ワイド,5,10,1000,590
2026-01-24,2026-01-24_京都09R_若駒S,2倍台,ワイド,6,15,1500,1780
2026-01-24,2026-01-24_京都09R_若駒S,2倍台,馬連,3,3,300,0
2026-01-24,2026-01-24_京都09R_若駒S,2倍台,馬連,4,6,600,0
2026-01-24,2026-01-24_京都09R_若駒S,2倍台,馬連,5,10,1000,0
2026-01-24,2026-01-24_京都09R_若駒S,2倍台,馬連,6,15,1500,2400
2026-01-24,2026-01-24_京都10R_下鴨S,1倍台,ワイド,3,3,300,0
2026-01-24,2026-01-24_京都10R_下鴨S,1倍台,ワイド,4,6,600,390
2026-01-24,2026-01-24_京都10R_下鴨S,1倍台,ワイド,5,10,1000,390
2026-01-24,2026-01-24_京都10R_下鴨S,1倍台,ワイド,6,15,1500,390
2026-01-24,2026-01-24_京都10R_下鴨S,1倍台,馬連,3,3,300,0
2026-01-24,2026-01-24_京都10R_下鴨S,1倍台,馬連,4,6,600,0
2026-01-24,2026-01-24_京都10R_下鴨S,1倍台,馬連,5,10,1000,0
2026-01-24,2026-01-24_京都10R_下鴨S,1倍台,馬連,6,15,1500,0
2026-01-24,2026-01-24_京都11R_睦月S,3倍以上,ワイド,3,3,300,520
2026-01-24,2026-01-24_京都11R_睦月S,3倍以上,ワイド,4,6,600,520
2026-01-24,2026-01-24_京都11R_睦月S,3倍以上,ワイド,5,10,1000,520
2026-01-24,2026-01-24_京都11R_睦月S,3倍以上,ワイド,6,15,1500,520
2026-01-24,2026-01-24_京都11R_睦月S,3倍以上,馬連,3,3,300,0
2026-01-24,2026-01-24_京都11R_睦月S,3倍以上,馬連,4,6,600,0
2026-01-24,2026-01-24_京都11R_睦月S,3倍以上,馬連,5,10,1000,0
2026-01-24,2026-01-24_京都11R_睦月S,3倍以上,馬連,6,15,1500,0
2026-01-24,2026-01-24_京都12R_4歳以上2勝クラス,3倍以上,ワイド,3,3,300,260
2026-01-24,2026-01-24_京都12R_4歳以上2勝クラス,3倍以上,ワイド,4,6,600,260
2026-01-24,2026-01-24_京都12R_4歳以上2勝クラス,3倍以上,ワイド,5,10,1000,260
2026-01-24,2026-01-24_京都12R_4歳以上2勝クラス,3倍以上,ワイド,6,15,1500,260
2026-01-24,2026-01-24_京都12R_4歳以上2勝クラス,3倍以上,馬連,3,3,300,670
2026-01-24,2026-01-24_京都12R_4歳以上2勝クラス,3倍以上,馬連,4,6,600,670
2026-01-24,2026-01-24_京都12R_4歳以上2勝クラス,3倍以上,馬連,5,10,1000,670
2026-01-24,2026-01-24_京都12R_4歳以上2勝クラス,3倍以上,馬連,6,15,1500,670
2026-01-24,2026-01-24_小倉09R_萌黄賞,2倍台,ワイド,3,3,300,0
2026-01-24,2026-01-24_小倉09R_萌黄賞,2倍台,ワイド,4,6,600,0
2026-01-24,2026-01-24_小倉09R_萌黄賞,2倍台,ワイド,5,10,1000,870
2026-01-24,2026-01-24_小倉09R_萌黄賞,2倍台,ワイド,6,15,1500,3900
2026-01-24,2026-01-24_小倉09R_萌黄賞,2倍台,馬連,3,3,300,0
2026-01-24,2026-01-24_小倉09R_萌黄賞,2倍台,馬連,4,6,600,0
2026-01-24,2026-01-24_小倉09R_萌黄賞,2倍台,馬連,5,10,1000,0
2026-01-24,2026-01-24_小倉09R_萌黄賞,2倍台,馬連,6,15,1500,3240
2026-01-24,2026-01-24_小倉10R_海の中道特別,2倍台,ワイド,3,3,300,480
2026-01-24,2026-01-24_小倉10R_海の中道特別,2倍台,ワイド,4,6,600,480
2026-01-24,2026-01-24_小倉10R_海の中道特別,2倍台,ワイド,5,10,1000,480
2026-01-24,2026-01-24_小倉10R_海の中道特別,2倍台,ワイド,6,15,1500,1110
2026-01-24,2026-01-24_小倉10R_海の中道特別,2倍台,馬連,3,3,300,0
2026-01-24,2026-01-24_小倉10R_海の中道特別,2倍台,馬連,4,6,600,0
2026-01-24,2026-01-24_小倉10R_海の中道特別,2倍台,馬連,5,10,1000,0
2026-01-24,2026-01-24_小倉10R_海の中道特別,2倍台,馬連,6,15,1500,420
2026-01-24,2026-01-24_小倉11R_小倉牝馬S,3倍以上,ワイド,3,3,300,0
2026-01-24,2026-01-24_小倉11R_小倉牝馬S,3倍以上,ワイド,4,6,600,0
2026-01-24,2026-01-24_小倉11R_小倉牝馬S,3倍以上,ワイド,5,10,1000,0
2026-01-24,2026-01-24_小倉11R_小倉牝馬S,3倍以上,ワイド,6,15,1500,420
2026-01-24,2026-01-24_小倉11R_小倉牝馬S,3倍以上,馬連,3,3,300,0
2026-01-24,2026-01-24_小倉11R_小倉牝馬S,3倍以上,馬連,4,6,600,0
2026-01-24,2026-01-24_小倉11R_小倉牝馬S,3倍以上,馬連,5,10,1000,0
2026-01-24,2026-01-24_小倉11R_小倉牝馬S,3倍以上,馬連,6,15,1500,0
2026-01-24,2026-01-24_小倉12R_4歳以上1勝クラス,2倍台,ワイド,3,3,300,0
2026-01-24,2026-01-24_小倉12R_4歳以上1勝クラス,2倍台,ワイド,4,6,600,410
2026-01-24,2026-01-24_小倉12R_4歳以上1勝クラス,2倍台,ワイド,5,10,1000,410
2026-01-24,2026-01-24_小倉12R_4歳以上1勝クラス,2倍台,ワイド,6,15,1500,410
2026-01-24,2026-01-24_小倉12R_4歳以上1勝クラス,2倍台,馬連,3,3,300,0
2026-01-24,2026-01-24_小倉12R_4歳以上1勝クラス,2倍台,馬連,4,6,600,920
2026-01-24,2026-01-24_小倉12R_4歳以上1勝クラス,2倍台,馬連,5,10,1000,920
2026-01-24,2026-01-24_小倉12R_4歳以上1勝クラス,2倍台,馬連,6,15,1500,920
2026-01-25,2026-01-25_中山09R_若竹賞,2倍台,ワイド,3,3,300,0
2026-01-25,2026-01-25_中山09R_若竹賞,2倍台,ワイド,4,6,600,330
2026-01-25,2026-01-25_中山09R_若竹賞,2倍台,ワイド,5,10,1000,1300
2026-01-25,2026-01-25_中山09R_若竹賞,2倍台,ワイド,6,15,1500,1300
2026-01-25,2026-01-25_中山09R_若竹賞,2倍台,馬連,3,3,300,0
2026-01-25,2026-01-25_中山09R_若竹賞,2倍台,馬連,4,6,600,0
2026-01-25,2026-01-25_中山09R_若竹賞,2倍台,馬連,5,10,1000,520
2026-01-25,2026-01-25_中山09R_若竹賞,2倍台,馬連,6,15,1500,520
2026-01-25,2026-01-25_中山10R_江戸川S,3倍以上,ワイド,3,3,300,490
2026-01-25,2026-01-25_中山10R_江戸川S,3倍以上,ワイド,4,6,600,1600
2026-01-25,2026-01-25_中山10R_江戸川S,3倍以上,ワイド,5,10,1000,1600
2026-01-25,2026-01-25_中山10R_江戸川S,3倍以上,ワイド,6,15,1500,1600
2026-01-25,2026-01-25_中山10R_江戸川S,3倍以上,馬連,3,3,300,0
2026-01-25,2026-01-25_中山10R_江戸川S,3倍以上,馬連,4,6,600,1080
2026-01-25,2026-01-25_中山10R_江戸川S,3倍以上,馬連,5,10,1000,1080
2026-01-25,2026-01-25_中山10R_江戸川S,3倍以上,馬連,6,15,1500,1080
2026-01-25,2026-01-25_中山11R_AJCC,3倍以上,ワイド,3,3,300,0
2026-01-25,2026-01-25_中山11R_AJCC,3倍以上,ワイド,4,6,600,0
2026-01-25,2026-01-25_中山11R_AJCC,3倍以上,ワイド,5,10,1000,0
2026-01-25,2026-01-25_中山11R_AJCC,3倍以上,ワイド,6,15,1500,0
2026-01-25,2026-01-25_中山11R_AJCC,3倍以上,馬連,3,3,300,0
2026-01-25,2026-01-25_中山11R_AJCC,3倍以上,馬連,4,6,600,0
2026-01-25,2026-01-25_中山11R_AJCC,3倍以上,馬連,5,10,1000,0
2026-01-25,2026-01-25_中山11R_AJCC,3倍以上,馬連,6,15,1500,0
2026-01-25,2026-01-25_中山12R_3歳未勝利,2倍台,ワイド,3,3,300,650
2026-01-25,2026-01-25_中山12R_3歳未勝利,2倍台,ワイド,4,6,600,650
2026-01-25,2026-01-25_中山12R_3歳未勝利,2倍台,ワイド,5,10,1000,650
2026-01-25,2026-01-25_中山12R_3歳未勝利,2倍台,ワイド,6,15,1500,650
2026-01-25,2026-01-25_中山12R_3歳未勝利,2倍台,馬連,3,3,300,420
2026-01-25,2026-01-25_中山12R_3歳未勝利,2倍台,馬連,4,6,600,420
2026-01-25,2026-01-25_中山12R_3歳未勝利,2倍台,馬連,5,10,1000,420
2026-01-25,2026-01-25_中山12R_3歳未勝利,2倍台,馬連,6,15,1500,420
2026-01-25,2026-01-25_京都09R_河津桜賞,2倍台,ワイド,3,3,300,0
2026-01-25,2026-01-25_京都09R_河津桜賞,2倍台,ワイド,4,6,600,0
2026-01-25,2026-01-25_京都09R_河津桜賞,2倍台,ワイド,5,10,1000,0
2026-01-25,2026-01-25_京都09R_河津桜賞,2倍台,ワイド,6,15,1500,220
2026-01-25,2026-01-25_京都09R_河津桜賞,2倍台,馬連,3,3,300,0
2026-01-25,2026-01-25_京都09R_河津桜賞,2倍台,馬連,4,6,600,0
2026-01-25,2026-01-25_京都09R_河津桜賞,2倍台,馬連,5,10,1000,0
2026-01-25,2026-01-25_京都09R_河津桜賞,2倍台,馬連,6,15,1500,0
2026-01-25,2026-01-25_京都10R_山城S,3倍以上,ワイド,3,3,300,0
2026-01-25,2026-01-25_京都10R_山城S,3倍以上,ワイド,4,6,600,0
2026-01-25,2026-01-25_京都10R_山城S,3倍以上,ワイド,5,10,1000,0
2026-01-25,2026-01-25_京都10R_山城S,3倍以上,ワイド,6,15,1500,0
2026-01-25,2026-01-25_京都10R_山城S,3倍以上,馬連,3,3,300,0
2026-01-25,2026-01-25_京都10R_山城S,3倍以上,馬連,4,6,600,0
2026-01-25,2026-01-25_京都10R_山城S,3倍以上,馬連,5,10,1000,0
2026-01-25,2026-01-25_京都10R_山城S,3倍以上,馬連,6,15,1500,0
2026-01-25,2026-01-25_京都11R_プロキオンS,3倍以上,ワイド,3,3,300,0
2026-01-25,2026-01-25_京都11R_プロキオンS,3倍以上,ワイド,4,6,600,0
2026-01-25,2026-01-25_京都11R_プロキオンS,3倍以上,ワイド,5,10,1000,0
2026-01-25,2026-01-25_京都11R_プロキオンS,3倍以上,ワイド,6,15,1500,0
2026-01-25,2026-01-25_京都11R_プロキオンS,3倍以上,馬連,3,3,300,0
2026-01-25,2026-01-25_京都11R_プロキオンS,3倍以上,馬連,4,6,600,0
2026-01-25,2026-01-25_京都11R_プロキオンS,3倍以上,馬連,5,10,1000,0
2026-01-25,2026-01-25_京都11R_プロキオンS,3倍以上,馬連,6,15,1500,0
2026-01-25,2026-01-25_京都12R_4歳以上1勝クラス,2倍台,ワイド,3,3,300,570
2026-01-25,2026-01-25_京都12R_4歳以上1勝クラス,2倍台,ワイド,4,6,600,570
2026-01-25,2026-01-25_京都12R_4歳以上1勝クラス,2倍台,ワイド,5,10,1000,1930
2026-01-25,2026-01-25_京都12R_4歳以上1勝クラス,2倍台,ワイド,6,15,1500,1930
2026-01-25,2026-01-25_京都12R_4歳以上1勝クラス,2倍台,馬連,3,3,300,0
2026-01-25,2026-01-25_京都12R_4歳以上1勝クラス,2倍台,馬連,4,6,600,0
2026-01-25,2026-01-25_京都12R_4歳以上1勝クラス,2倍台,馬連,5,10,1000,3210
2026-01-25,2026-01-25_京都12R_4歳以上1勝クラス,2倍台,馬連,6,15,1500,3210
2026-01-25,2026-01-25_小倉09R_八幡特別,2倍台,ワイド,3,3,300,0
2026-01-25,2026-01-25_小倉09R_八幡特別,2倍台,ワイド,4,6,600,520
2026-01-25,2026-01-25_小倉09R_八幡特別,2倍台,ワイド,5,10,1000,520
2026-01-25,2026-01-25_小倉09R_八幡特別,2倍台,ワイド,6,15,1500,520
2026-01-25,2026-01-25_小倉09R_八幡特別,2倍台,馬連,3,3,300,0
2026-01-25,2026-01-25_小倉09R_八幡特別,2倍台,馬連,4,6,600,0
2026-01-25,2026-01-25_小倉09R_八幡特別,2倍台,馬連,5,10,1000,0
2026-01-25,2026-01-25_小倉09R_八幡特別,2倍台,馬連,6,15,1500,0
2026-01-25,2026-01-25_小倉10R_響灘特別,3倍以上,ワイド,3,3,300,790
2026-01-25,2026-01-25_小倉10R_響灘特別,3倍以上,ワイド,4,6,600,790
2026-01-25,2026-01-25_小倉10R_響灘特別,3倍以上,ワイド,5,10,1000,790
2026-01-25,2026-01-25_小倉10R_響灘特別,3倍以上,ワイド,6,15,1500,790
2026-01-25,2026-01-25_小倉10R_響灘特別,3倍以上,馬連,3,3,300,0
2026-01-25,2026-01-25_小倉10R_響灘特別,3倍以上,馬連,4,6,600,0
2026-01-25,2026-01-25_小倉10R_響灘特別,3倍以上,馬連,5,10,1000,0
2026-01-25,2026-01-25_小倉10R_響灘特別,3倍以上,馬連,6,15,1500,0
2026-01-25,2026-01-25_小倉11R_壇之浦S,3倍以上,ワイド,3,3,300,700
2026-01-25,2026-01-25_小倉11R_壇之浦S,3倍以上,ワイド,4,6,600,700
2026-01-25,2026-01-25_小倉11R_壇之浦S,3倍以上,ワイド,5,10,1000,3010
2026-01-25,2026-01-25_小倉11R_壇之浦S,3倍以上,ワイド,6,15,1500,3010
2026-01-25,2026-01-25_小倉11R_壇之浦S,3倍以上,馬連,3,3,300,0
2026-01-25,2026-01-25_小倉11R_壇之浦S,3倍以上,馬連,4,6,600,0
2026-01-25,2026-01-25_小倉11R_壇之浦S,3倍以上,馬連,5,10,1000,3850
2026-01-25,2026-01-25_小倉11R_壇之浦S,3倍以上,馬連,6,15,1500,3850
2026-01-25,2026-01-25_小倉12R_4歳以上1勝クラス,3倍以上,ワイド,3,3,300,0
2026-01-25,2026-01-25_小倉12R_4歳以上1勝クラス,3倍以上,ワイド,4,6,600,0
2026-01-25,2026-01-25_小倉12R_4歳以上1勝クラス,3倍以上,ワイド,5,10,1000,0
2026-01-25,2026-01-25_小倉12R_4歳以上1勝クラス,3倍以上,ワイド,6,15,1500,0
2026-01-25,2026-01-25_小倉12R_4歳以上1勝クラス,3倍以上,馬連,3,3,300,0
2026-01-25,2026-01-25_小倉12R_4歳以上1勝クラス,3倍以上,馬連,4,6,600,0
2026-01-25,2026-01-25_小倉12R_4歳以上1勝クラス,3倍以上,馬連,5,10,1000,0
2026-01-25,2026-01-25_小倉12R_4歳以上1勝クラス,3倍以上,馬連,6,15,1500,0
2026-01-31,2026-01-31_京都09R_長浜特別,3倍以上,ワイド,3,3,300,0
2026-01-31,2026-01-31_京都09R_長浜特別,3倍以上,ワイド,4,6,600,0
2026-01-31,2026-01-31_京都09R_長浜特別,3倍以上,ワイド,5,10,1000,1050
2026-01-31,2026-01-31_京都09R_長浜特別,3倍以上,ワイド,6,15,1500,1050
2026-01-31,2026-01-31_京都09R_長浜特別,3倍以上,馬連,3,3,300,0
2026-01-31,2026-01-31_京都09R_長浜特別,3倍以上,馬連,4,6,600,0
2026-01-31,2026-01-31_京都09R_長浜特別,3倍以上,馬連,5,10,1000,0
2026-01-31,2026-01-31_京都09R_長浜特別,3倍以上,馬連,6,15,1500,0
2026-01-31,2026-01-31_京都10R_許波多特別,2倍台,ワイド,3,3,300,310
2026-01-31,2026-01-31_京都10R_許波多特別,2倍台,ワイド,4,6,600,1160
2026-01-31,2026-01-31_京都10R_許波多特別,2倍台,ワイド,5,10,1000,1160
2026-01-31,2026-01-31_京都10R_許波多特別,2倍台,ワイド,6,15,1500,1160
2026-01-31,2026-01-31_京都10R_許波多特別,2倍台,馬連,3,3,300,0
2026-01-31,2026-01-31_京都10R_許波多特別,2倍台,馬連,4,6,600,1150
2026-01-31,2026-01-31_京都10R_許波多特別,2倍台,馬連,5,10,1000,1150
2026-01-31,2026-01-31_京都10R_許波多特別,2倍台,馬連,6,15,1500,1150
2026-01-31,2026-01-31_京都11R_舞鶴S,2倍台,ワイド,3,3,300,800
2026-01-31,2026-01-31_京都11R_舞鶴S,2倍台,ワイド,4,6,600,1610
2026-01-31,2026-01-31_京都11R_舞鶴S,2倍台,ワイド,5,10,1000,1610
2026-01-31,2026-01-31_京都11R_舞鶴S,2倍台,ワイド,6,15,1500,1610
2026-01-31,2026-01-31_京都11R_舞鶴S,2倍台,馬連,3,3,300,0
2026-01-31,2026-01-31_京都11R_舞鶴S,2倍台,馬連,4,6,600,910
2026-01-31,2026-01-31_京都11R_舞鶴S,2倍台,馬連,5,10,1000,910
2026-01-31,2026-01-31_京都11R_舞鶴S,2倍台,馬連,6,15,1500,910
2026-01-31,2026-01-31_京都12R_4歳以上1勝クラス,3倍以上,ワイド,3,3,300,0
2026-01-31,2026-01-31_京都12R_4歳以上1勝クラス,3倍以上,ワイド,4,6,600,0
2026-01-31,2026-01-31_京都12R_4歳以上1勝クラス,3倍以上,ワイド,5,10,1000,3930
2026-01-31,2026-01-31_京都12R_4歳以上1勝クラス,3倍以上,ワイド,6,15,1500,11810
2026-01-31,2026-01-31_京都12R_4歳以上1勝クラス,3倍以上,馬連,3,3,300,0
2026-01-31,2026-01-31_京都12R_4歳以上1勝クラス,3倍以上,馬連,4,6,600,0
2026-01-31,2026-01-31_京都12R_4歳以上1勝クラス,3倍以上,馬連,5,10,1000,17510
2026-01-31,2026-01-31_京都12R_4歳以上1勝クラス,3倍以上,馬連,6,15,1500,17510
2026-01-31,2026-01-31_小倉09R_有田特別,3倍以上,ワイド,3,3,300,760
2026-01-31,2026-01-31_小倉09R_有田特別,3倍以上,ワイド,4,6,600,760
2026-01-31,2026-01-31_小倉09R_有田特別,3倍以上,ワイド,5,10,1000,760
2026-01-31,2026-01-31_小倉09R_有田特別,3倍以上,ワイド,6,15,1500,760
2026-01-31,2026-01-31_小倉09R_有田特別,3倍以上,馬連,3,3,300,0
2026-01-31,2026-01-31_小倉09R_有田特別,3倍以上,馬連,4,6,600,0
2026-01-31,2026-01-31_小倉09R_有田特別,3倍以上,馬連,5,10,1000,0
2026-01-31,2026-01-31_小倉09R_有田特別,3倍以上,馬連,6,15,1500,0
2026-01-31,2026-01-31_小倉10R_平尾台特別,2倍台,ワイド,3,3,300,0
2026-01-31,2026-01-31_小倉10R_平尾台特別,2倍台,ワイド,4,6,600,0
2026-01-31,2026-01-31_小倉10R_平尾台特別,2倍台,ワイド,5,10,1000,0
2026-01-31,2026-01-31_小倉10R_平尾台特別,2倍台,ワイド,6,15,1500,0
2026-01-31,2026-01-31_小倉10R_平尾台特別,2倍台,馬連,3,3,300,0
2026-01-31,2026-01-31_小倉10R_平尾台特別,2倍台,馬連,4,6,600,0
2026-01-31,2026-01-31_小倉10R_平尾台特別,2倍台,馬連,5,10,1000,0
2026-01-31,2026-01-31_小倉10R_平尾台特別,2倍台,馬連,6,15,1500,0
2026-01-31,2026-01-31_小倉11R_巌流島S,3倍以上,ワイド,3,3,300,0
2026-01-31,2026-01-31_小倉11R_巌流島S,3倍以上,ワイド,4,6,600,0
2026-01-31,2026-01-31_小倉11R_巌流島S,3倍以上,ワイド,5,10,1000,0
2026-01-31,2026-01-31_小倉11R_巌流島S,3倍以上,ワイド,6,15,1500,0
2026-01-31,2026-01-31_小倉11R_巌流島S,3倍以上,馬連,3,3,300,0
2026-01-31,2026-01-31_小倉11R_巌流島S,3倍以上,馬連,4,6,600,0
2026-01-31,2026-01-31_小倉11R_巌流島S,3倍以上,馬連,5,10,1000,0
2026-01-31,2026-01-31_小倉11R_巌流島S,3倍以上,馬連,6,15,1500,0
2026-01-31,2026-01-31_小倉12R_4歳以上1勝クラス,3倍以上,ワイド,3,3,300,0
2026-01-31,2026-01-31_小倉12R_4歳以上1勝クラス,3倍以上,ワイド,4,6,600,0
2026-01-31,2026-01-31_小倉12R_4歳以上1勝クラス,3倍以上,ワイド,5,10,1000,0
2026-01-31,2026-01-31_小倉12R_4歳以上1勝クラス,3倍以上,ワイド,6,15,1500,0
2026-01-31,2026-01-31_小倉12R_4歳以上1勝クラス,3倍以上,馬連,3,3,300,0
2026-01-31,2026-01-31_小倉12R_4歳以上1勝クラス,3倍以上,馬連,4,6,600,0
2026-01-31,2026-01-31_小倉12R_4歳以上1勝クラス,3倍以上,馬連,5,10,1000,0
2026-01-31,2026-01-31_小倉12R_4歳以上1勝クラス,3倍以上,馬連,6,15,1500,0
2026-01-31,2026-01-31_東京09R_白嶺S,3倍以上,ワイド,3,3,300,470
2026-01-31,2026-01-31_東京09R_白嶺S,3倍以上,ワイド,4,6,600,6210
2026-01-31,2026-01-31_東京09R_白嶺S,3倍以上,ワイド,5,10,1000,6210
2026-01-31,2026-01-31_東京09R_白嶺S,3倍以上,ワイド,6,15,1500,6210
2026-01-31,2026-01-31_東京09R_白嶺S,3倍以上,馬連,3,3,300,0
2026-01-31,2026-01-31_東京09R_白嶺S,3倍以上,馬連,4,6,600,16930
2026-01-31,2026-01-31_東京09R_白嶺S,3倍以上,馬連,5,10,1000,16930
2026-01-31,2026-01-31_東京09R_白嶺S,3倍以上,馬連,6,15,1500,16930
2026-01-31,2026-01-31_東京10R_クロッカスS,3倍以上,ワイド,3,3,300,0
2026-01-31,2026-01-31_東京10R_クロッカスS,3倍以上,ワイド,4,6,600,0
2026-01-31,2026-01-31_東京10R_クロッカスS,3倍以上,ワイド,5,10,1000,900
2026-01-31,2026-01-31_東京10R_クロッカスS,3倍以上,ワイド,6,15,1500,900
2026-01-31,2026-01-31_東京10R_クロッカスS,3倍以上,馬連,3,3,300,0
2026-01-31,2026-01-31_東京10R_クロッカスS,3倍以上,馬連,4,6,600,0
2026-01-31,2026-01-31_東京10R_クロッカスS,3倍以上,馬連,5,10,1000,0
2026-01-31,2026-01-31_東京10R_クロッカスS,3倍以上,馬連,6,15,1500,0
2026-01-31,2026-01-31_東京11R_白富士S,2倍台,ワイド,3,3,300,450
2026-01-31,2026-01-31_東京11R_白富士S,2倍台,ワイド,4,6,600,980
2026-01-31,2026-01-31_東京11R_白富士S,2倍台,ワイド,5,10,1000,980
2026-01-31,2026-01-31_東京11R_白富士S,2倍台,ワイド,6,15,1500,980
2026-01-31,2026-01-31_東京11R_白富士S,2倍台,馬連,3,3,300,1420
2026-01-31,2026-01-31_東京11R_白富士S,2倍台,馬連,4,6,600,1420
2026-01-31,2026-01-31_東京11R_白富士S,2倍台,馬連,5,10,1000,1420
2026-01-31,2026-01-31_東京11R_白富士S,2倍台,馬連,6,15,1500,1420
2026-01-31,2026-01-31_東京12R_4歳以上1勝クラス,2倍台,ワイド,3,3,300,170
2026-01-31,2026-01-31_東京12R_4歳以上1勝クラス,2倍台,ワイド,4,6,600,170
2026-01-31,2026-01-31_東京12R_4歳以上1勝クラス,2倍台,ワイド,5,10,1000,760
2026-01-31,2026-01-31_東京12R_4歳以上1勝クラス,2倍台,ワイド,6,15,1500,760
2026-01-31,2026-01-31_東京12R_4歳以上1勝クラス,2倍台,馬連,3,3,300,350
2026-01-31,2026-01-31_東京12R_4歳以上1勝クラス,2倍台,馬連,4,6,600,350
2026-01-31,2026-01-31_東京12R_4歳以上1勝クラス,2倍台,馬連,5,10,1000,350
2026-01-31,2026-01-31_東京12R_4歳以上1勝クラス,2倍台,馬連,6,15,1500,350
2026-02-01,2026-02-01_京都09R_衣笠特別,3倍以上,ワイド,3,3,300,1210
2026-02-01,2026-02-01_京都09R_衣笠特別,3倍以上,ワイド,4,6,600,1210
2026-02-01,2026-02-01_京都09R_衣笠特別,3倍以上,ワイド,5,10,1000,1210
2026-02-01,2026-02-01_京都09R_衣笠特別,3倍以上,ワイド,6,15,1500,1210
2026-02-01,2026-02-01_京都09R_衣笠特別,3倍以上,馬連,3,3,300,800
2026-02-01,2026-02-01_京都09R_衣笠特別,3倍以上,馬連,4,6,600,800
2026-02-01,2026-02-01_京都09R_衣笠特別,3倍以上,馬連,5,10,1000,800
2026-02-01,2026-02-01_京都09R_衣笠特別,3倍以上,馬連,6,15,1500,800
2026-02-01,2026-02-01_京都10R_八坂S,1倍台,ワイド,3,3,300,180
2026-02-01,2026-02-01_京都10R_八坂S,1倍台,ワイド,4,6,600,180
2026-02-01,2026-02-01_京都10R_八坂S,1倍台,ワイド,5,10,1000,180
2026-02-01,2026-02-01_京都10R_八坂S,1倍台,ワイド,6,15,1500,2500
2026-02-01,2026-02-01_京都10R_八坂S,1倍台,馬連,3,3,300,0
2026-02-01,2026-02-01_京都10R_八坂S,1倍台,馬連,4,6,600,0
2026-02-01,2026-02-01_京都10R_八坂S,1倍台,馬連,5,10,1000,0
2026-02-01,2026-02-01_京都10R_八坂S,1倍台,馬連,6,15,1500,7260
2026-02-01,2026-02-01_京都11R_シルクロードS,3倍以上,ワイド,3,3,300,0
2026-02-01,2026-02-01_京都11R_シルクロードS,3倍以上,ワイド,4,6,600,0
2026-02-01,2026-02-01_京都11R_シルクロードS,3倍以上,ワイド,5,10,1000,0
2026-02-01,2026-02-01_京都11R_シルクロードS,3倍以上,ワイド,6,15,1500,0
2026-02-01,2026-02-01_京都11R_シルクロードS,3倍以上,馬連,3,3,300,0
2026-02-01,2026-02-01_京都11R_シルクロードS,3倍以上,馬連,4,6,600,0
2026-02-01,2026-02-01_京都11R_シルクロードS,3倍以上,馬連,5,10,1000,0
2026-02-01,2026-02-01_京都11R_シルクロードS,3倍以上,馬連,6,15,1500,0
2026-02-01,2026-02-01_京都12R_4歳以上2勝クラス,2倍台,ワイド,3,3,300,1110
2026-02-01,2026-02-01_京都12R_4歳以上2勝クラス,2倍台,ワイド,4,6,600,1110
2026-02-01,2026-02-01_京都12R_4歳以上2勝クラス,2倍台,ワイド,5,10,1000,1110
2026-02-01,2026-02-01_京都12R_4歳以上2勝クラス,2倍台,ワイド,6,15,1500,1110
2026-02-01,2026-02-01_京都12R_4歳以上2勝クラス,2倍台,馬連,3,3,300,330
2026-02-01,2026-02-01_京都12R_4歳以上2勝クラス,2倍台,馬連,4,6,600,330
2026-02-01,2026-02-01_京都12R_4歳以上2勝クラス,2倍台,馬連,5,10,1000,330
2026-02-01,2026-02-01_京都12R_4歳以上2勝クラス,2倍台,馬連,6,15,1500,330
2026-02-01,2026-02-01_小倉09R_足立山特別,2倍台,ワイド,3,3,300,0
2026-02-01,2026-02-01_小倉09R_足立山特別,2倍台,ワイド,4,6,600,400
2026-02-01,2026-02-01_小倉09R_足立山特別,2倍台,ワイド,5,10,1000,3640
2026-02-01,2026-02-01_小倉09R_足立山特別,2倍台,ワイド,6,15,1500,3640
2026-02-01,2026-02-01_小倉09R_足立山特別,2倍台,馬連,3,3,300,0
2026-02-01,2026-02-01_小倉09R_足立山特別,2倍台,馬連,4,6,600,0
2026-02-01,2026-02-01_小倉09R_足立山特別,2倍台,馬連,5,10,1000,8140
2026-02-01,2026-02-01_小倉09R_足立山特別,2倍台,馬連,6,15,1500,8140
2026-02-01,2026-02-01_小倉10R_周防灘特別,3倍以上,ワイド,3,3,300,0
2026-02-01,2026-02-01_小倉10R_周防灘特別,3倍以上,ワイド,4,6,600,0
2026-02-01,2026-02-01_小倉10R_周防灘特別,3倍以上,ワイド,5,10,1000,0
2026-02-01,2026-02-01_小倉10R_周防灘特別,3倍以上,ワイド,6,15,1500,0
2026-02-01,2026-02-01_小倉10R_周防灘特別,3倍以上,馬連,3,3,300,0
2026-02-01,2026-02-01_小倉10R_周防灘特別,3倍以上,馬連,4,6,600,0
2026-02-01,2026-02-01_小倉10R_周防灘特別,3倍以上,馬連,5,10,1000,0
2026-02-01,2026-02-01_小倉10R_周防灘特別,3倍以上,馬連,6,15,1500,0
2026-02-01,2026-02-01_小倉11R_門司S,3倍以上,ワイド,3,3,300,0
2026-02-01,2026-02-01_小倉11R_門司S,3倍以上,ワイド,4,6,600,980
2026-02-01,2026-02-01_小倉11R_門司S,3倍以上,ワイド,5,10,1000,3310
2026-02-01,2026-02-01_小倉11R_門司S,3倍以上,ワイド,6,15,1500,3310
2026-02-01,2026-02-01_小倉11R_門司S,3倍以上,馬連,3,3,300,0
2026-02-01,2026-02-01_小倉11R_門司S,3倍以上,馬連,4,6,600,0
2026-02-01,2026-02-01_小倉11R_門司S,3倍以上,馬連,5,10,1000,3050
2026-02-01,2026-02-01_小倉11R_門司S,3倍以上,馬連,6,15,1500,3050
2026-02-01,2026-02-01_小倉12R_4歳以上1勝クラス,3倍以上,ワイド,3,3,300,0
2026-02-01,2026-02-01_小倉12R_4歳以上1勝クラス,3倍以上,ワイド,4,6,600,0
2026-02-01,2026-02-01_小倉12R_4歳以上1勝クラス,3倍以上,ワイド,5,10,1000,0
2026-02-01,2026-02-01_小倉12R_4歳以上1勝クラス,3倍以上,ワイド,6,15,1500,0
2026-02-01,2026-02-01_小倉12R_4歳以上1勝クラス,3倍以上,馬連,3,3,300,0
2026-02-01,2026-02-01_小倉12R_4歳以上1勝クラス,3倍以上,馬連,4,6,600,0
2026-02-01,2026-02-01_小倉12R_4歳以上1勝クラス,3倍以上,馬連,5,10,1000,0
2026-02-01,2026-02-01_小倉12R_4歳以上1勝クラス,3倍以上,馬連,6,15,1500,0
2026-02-01,2026-02-01_東京09R_セントポーリア賞,3倍以上,ワイド,3,3,300,390
2026-02-01,2026-02-01_東京09R_セントポーリア賞,3倍以上,ワイド,4,6,600,390
2026-02-01,2026-02-01_東京09R_セントポーリア賞,3倍以上,ワイド,5,10,1000,390
2026-02-01,2026-02-01_東京09R_セントポーリア賞,3倍以上,ワイド,6,15,1500,390
2026-02-01,2026-02-01_東京09R_セントポーリア賞,3倍以上,馬連,3,3,300,0
2026-02-01,2026-02-01_東京09R_セントポーリア賞,3倍以上,馬連,4,6,600,0
2026-02-01,2026-02-01_東京09R_セントポーリア賞,3倍以上,馬連,5,10,1000,0
2026-02-01,2026-02-01_東京09R_セントポーリア賞,3倍以上,馬連,6,15,1500,0
2026-02-01,2026-02-01_東京10R_節分S,3倍以上,ワイド,3,3,300,0
2026-02-01,2026-02-01_東京10R_節分S,3倍以上,ワイド,4,6,600,0
2026-02-01,2026-02-01_東京10R_節分S,3倍以上,ワイド,5,10,1000,0
2026-02-01,2026-02-01_東京10R_節分S,3倍以上,ワイド,6,15,1500,0
2026-02-01,2026-02-01_東京10R_節分S,3倍以上,馬連,3,3,300,0
2026-02-01,2026-02-01_東京10R_節分S,3倍以上,馬連,4,6,600,0
2026-02-01,2026-02-01_東京10R_節分S,3倍以上,馬連,5,10,1000,0
2026-02-01,2026-02-01_東京10R_節分S,3倍以上,馬連,6,15,1500,0
2026-02-01,2026-02-01_東京11R_根岸S,3倍以上,ワイド,3,3,300,0
2026-02-01,2026-02-01_東京11R_根岸S,3倍以上,ワイド,4,6,600,0
2026-02-01,2026-02-01_東京11R_根岸S,3倍以上,ワイド,5,10,1000,0
2026-02-01,2026-02-01_東京11R_根岸S,3倍以上,ワイド,6,15,1500,0
2026-02-01,2026-02-01_東京11R_根岸S,3倍以上,馬連,3,3,300,0
2026-02-01,2026-02-01_東京11R_根岸S,3倍以上,馬連,4,6,600,0
2026-02-01,2026-02-01_東京11R_根岸S,3倍以上,馬連,5,10,1000,0
2026-02-01,2026-02-01_東京11R_根岸S,3倍以上,馬連,6,15,1500,0
2026-02-01,2026-02-01_東京12R_3歳未勝利,1倍台,ワイド,3,3,300,0
2026-02-01,2026-02-01_東京12R_3歳未勝利,1倍台,ワイド,4,6,600,0
2026-02-01,2026-02-01_東京12R_3歳未勝利,1倍台,ワイド,5,10,1000,0
2026-02-01,2026-02-01_東京12R_3歳未勝利,1倍台,ワイド,6,15,1500,0
2026-02-01,2026-02-01_東京12R_3歳未勝利,1倍台,馬連,3,3,300,0
2026-02-01,2026-02-01_東京12R_3歳未勝利,1倍台,馬連,4,6,600,0
2026-02-01,2026-02-01_東京12R_3歳未勝利,1倍台,馬連,5,10,1000,0
2026-02-01,2026-02-01_東京12R_3歳未勝利,1倍台,馬連,6,15,1500,0
2026-02-07,2026-02-07_京都09R_橿原S,2倍台,ワイド,3,3,300,0
2026-02-07,2026-02-07_京都09R_橿原S,2倍台,ワイド,4,6,600,0
2026-02-07,2026-02-07_京都09R_橿原S,2倍台,ワイド,5,10,1000,0
2026-02-07,2026-02-07_京都09R_橿原S,2倍台,ワイド,6,15,1500,1810
2026-02-07,2026-02-07_京都09R_橿原S,2倍台,馬連,3,3,300,0
2026-02-07,2026-02-07_京都09R_橿原S,2倍台,馬連,4,6,600,0
2026-02-07,2026-02-07_京都09R_橿原S,2倍台,馬連,5,10,1000,0
2026-02-07,2026-02-07_京都09R_橿原S,2倍台,馬連,6,15,1500,0
2026-02-07,2026-02-07_京都10R_エルフィンS,2倍台,ワイド,3,3,300,0
2026-02-07,2026-02-07_京都10R_エルフィンS,2倍台,ワイド,4,6,600,0
2026-02-07,2026-02-07_京都10R_エルフィンS,2倍台,ワイド,5,10,1000,0
2026-02-07,2026-02-07_京都10R_エルフィンS,2倍台,ワイド,6,15,1500,590
2026-02-07,2026-02-07_京都10R_エルフィンS,2倍台,馬連,3,3,300,0
2026-02-07,2026-02-07_京都10R_エルフィンS,2倍台,馬連,4,6,600,0
2026-02-07,2026-02-07_京都10R_エルフィンS,2倍台,馬連,5,10,1000,0
2026-02-07,2026-02-07_京都10R_エルフィンS,2倍台,馬連,6,15,1500,0
2026-02-07,2026-02-07_京都11R_アルデバランS,3倍以上,ワイド,3,3,300,0
2026-02-07,2026-02-07_京都11R_アルデバランS,3倍以上,ワイド,4,6,600,0
2026-02-07,2026-02-07_京都11R_アルデバランS,3倍以上,ワイド,5,10,1000,0
2026-02-07,2026-02-07_京都11R_アルデバランS,3倍以上,ワイド,6,15,1500,0
2026-02-07,2026-02-07_京都11R_アルデバランS,3倍以上,馬連,3,3,300,0
2026-02-07,2026-02-07_京都11R_アルデバランS,3倍以上,馬連,4,6,600,0
2026-02-07,2026-02-07_京都11R_アルデバランS,3倍以上,馬連,5,10,1000,0
2026-02-07,2026-02-07_京都11R_アルデバランS,3倍以上,馬連,6,15,1500,0
2026-02-07,2026-02-07_京都12R_4歳以上1勝クラス,3倍以上,ワイド,3,3,300,0
2026-02-07,2026-02-07_京都12R_4歳以上1勝クラス,3倍以上,ワイド,4,6,600,260
2026-02-07,2026-02-07_京都12R_4歳以上1勝クラス,3倍以上,ワイド,5,10,1000,260
2026-02-07,2026-02-07_京都12R_4歳以上1勝クラス,3倍以上,ワイド,6,15,1500,260
2026-02-07,2026-02-07_京都12R_4歳以上1勝クラス,3倍以上,馬連,3,3,300,0
2026-02-07,2026-02-07_京都12R_4歳以上1勝クラス,3倍以上,馬連,4,6,600,480
2026-02-07,2026-02-07_京都12R_4歳以上1勝クラス,3倍以上,馬連,5,10,1000,480
2026-02-07,2026-02-07_京都12R_4歳以上1勝クラス,3倍以上,馬連,6,15,1500,480
2026-02-07,2026-02-07_小倉09R_戸畑特別,3倍以上,ワイド,3,3,300,0
2026-02-07,2026-02-07_小倉09R_戸畑特別,3倍以上,ワイド,4,6,600,5620
2026-02-07,2026-02-07_小倉09R_戸畑特別,3倍以上,ワイド,5,10,1000,5620
2026-02-07,2026-02-07_小倉09R_戸畑特別,3倍以上,ワイド,6,15,1500,14170
2026-02-07,2026-02-07_小倉09R_戸畑特別,3倍以上,馬連,3,3,300,0
2026-02-07,2026-02-07_小倉09R_戸畑特別,3倍以上,馬連,4,6,600,0
2026-02-07,2026-02-07_小倉09R_戸畑特別,3倍以上,馬連,5,10,1000,0
2026-02-07,2026-02-07_小倉09R_戸畑特別,3倍以上,馬連,6,15,1500,1430
2026-02-07,2026-02-07_小倉10R_RKB賞,3倍以上,ワイド,3,3,300,0
2026-02-07,2026-02-07_小倉10R_RKB賞,3倍以上,ワイド,4,6,600,0
2026-02-07,2026-02-07_小倉10R_RKB賞,3倍以上,ワイド,5,10,1000,0
2026-02-07,2026-02-07_小倉10R_RKB賞,3倍以上,ワイド,6,15,1500,0
2026-02-07,2026-02-07_小倉10R_RKB賞,3倍以上,馬連,3,3,300,0
2026-02-07,2026-02-07_小倉10R_RKB賞,3倍以上,馬連,4,6,600,0
2026-02-07,2026-02-07_小倉10R_RKB賞,3倍以上,馬連,5,10,1000,0
2026-02-07,2026-02-07_小倉10R_RKB賞,3倍以上,馬連,6,15,1500,0
2026-02-07,2026-02-07_小倉11R_豊前S,3倍以上,ワイド,3,3,300,0
2026-02-07,2026-02-07_小倉11R_豊前S,3倍以上,ワイド,4,6,600,0
2026-02-07,2026-02-07_小倉11R_豊前S,3倍以上,ワイド,5,10,1000,0
2026-02-07,2026-02-07_小倉11R_豊前S,3倍以上,ワイド,6,15,1500,760
2026-02-07,2026-02-07_小倉11R_豊前S,3倍以上,馬連,3,3,300,0
2026-02-07,2026-02-07_小倉11R_豊前S,3倍以上,馬連,4,6,600,0
2026-02-07,2026-02-07_小倉11R_豊前S,3倍以上,馬連,5,10,1000,0
2026-02-07,2026-02-07_小倉11R_豊前S,3倍以上,馬連,6,15,1500,1510
2026-02-07,2026-02-07_小倉12R_4歳以上1勝クラス,3倍以上,ワイド,3,3,300,0
2026-02-07,2026-02-07_小倉12R_4歳以上1勝クラス,3倍以上,ワイド,4,6,600,0
2026-02-07,2026-02-07_小倉12R_4歳以上1勝クラス,3倍以上,ワイド,5,10,1000,0
2026-02-07,2026-02-07_小倉12R_4歳以上1勝クラス,3倍以上,ワイド,6,15,1500,830
2026-02-07,2026-02-07_小倉12R_4歳以上1勝クラス,3倍以上,馬連,3,3,300,0
2026-02-07,2026-02-07_小倉12R_4歳以上1勝クラス,3倍以上,馬連,4,6,600,0
2026-02-07,2026-02-07_小倉12R_4歳以上1勝クラス,3倍以上,馬連,5,10,1000,0
2026-02-07,2026-02-07_小倉12R_4歳以上1勝クラス,3倍以上,馬連,6,15,1500,0
2026-02-08,2026-02-08_小倉09R_かささぎ賞,3倍以上,ワイド,3,3,300,0
2026-02-08,2026-02-08_小倉09R_かささぎ賞,3倍以上,ワイド,4,6,600,0
2026-02-08,2026-02-08_小倉09R_かささぎ賞,3倍以上,ワイド,5,10,1000,0
2026-02-08,2026-02-08_小倉09R_かささぎ賞,3倍以上,ワイド,6,15,1500,0
2026-02-08,2026-02-08_小倉09R_かささぎ賞,3倍以上,馬連,3,3,300,0
2026-02-08,2026-02-08_小倉09R_かささぎ賞,3倍以上,馬連,4,6,600,0
2026-02-08,2026-02-08_小倉09R_かささぎ賞,3倍以上,馬連,5,10,1000,0
2026-02-08,2026-02-08_小倉09R_かささぎ賞,3倍以上,馬連,6,15,1500,0
2026-02-08,2026-02-08_小倉10R_由布院特別,3倍以上,ワイド,3,3,300,0
2026-02-08,2026-02-08_小倉10R_由布院特別,3倍以上,ワイド,4,6,600,0
2026-02-08,2026-02-08_小倉10R_由布院特別,3倍以上,ワイド,5,10,1000,710
2026-02-08,2026-02-08_小倉10R_由布院特別,3倍以上,ワイド,6,15,1500,2810
2026-02-08,2026-02-08_小倉10R_由布院特別,3倍以上,馬連,3,3,300,0
2026-02-08,2026-02-08_小倉10R_由布院特別,3倍以上,馬連,4,6,600,0
2026-02-08,2026-02-08_小倉10R_由布院特別,3倍以上,馬連,5,10,1000,1940
2026-02-08,2026-02-08_小倉10R_由布院特別,3倍以上,馬連,6,15,1500,1940
2026-02-08,2026-02-08_小倉11R_小倉日経賞,3倍以上,ワイド,3,3,300,0
2026-02-08,2026-02-08_小倉11R_小倉日経賞,3倍以上,ワイド,4,6,600,0
2026-02-08,2026-02-08_小倉11R_小倉日経賞,3倍以上,ワイド,5,10,1000,0
2026-02-08,2026-02-08_小倉11R_小倉日経賞,3倍以上,ワイド,6,15,1500,0
2026-02-08,2026-02-08_小倉11R_小倉日経賞,3倍以上,馬連,3,3,300,0
2026-02-08,2026-02-08_小倉11R_小倉日経賞,3倍以上,馬連,4,6,600,0
2026-02-08,2026-02-08_小倉11R_小倉日経賞,3倍以上,馬連,5,10,1000,0
2026-02-08,2026-02-08_小倉11R_小倉日経賞,3倍以上,馬連,6,15,1500,0
2026-02-08,2026-02-08_小倉12R_4歳以上1勝クラス,3倍以上,ワイド,3,3,300,0
2026-02-08,2026-02-08_小倉12R_4歳以上1勝クラス,3倍以上,ワイド,4,6,600,0
2026-02-08,2026-02-08_小倉12R_4歳以上1勝クラス,3倍以上,ワイド,5,10,1000,0
2026-02-08,2026-02-08_小倉12R_4歳以上1勝クラス,3倍以上,ワイド,6,15,1500,0
2026-02-08,2026-02-08_小倉12R_4歳以上1勝クラス,3倍以上,馬連,3,3,300,0
2026-02-08,2026-02-08_小倉12R_4歳以上1勝クラス,3倍以上,馬連,4,6,600,0
2026-02-08,2026-02-08_小倉12R_4歳以上1勝クラス,3倍以上,馬連,5,10,1000,0
2026-02-08,2026-02-08_小倉12R_4歳以上1勝クラス,3倍以上,馬連,6,15,1500,0
2026-02-10,2026-02-10_京都09R_石清水S,3倍以上,ワイド,3,3,300,0
2026-02-10,2026-02-10_京都09R_石清水S,3倍以上,ワイド,4,6,600,0
2026-02-10,2026-02-10_京都09R_石清水S,3倍以上,ワイド,5,10,1000,0
2026-02-10,2026-02-10_京都09R_石清水S,3倍以上,ワイド,6,15,1500,630
2026-02-10,2026-02-10_京都09R_石清水S,3倍以上,馬連,3,3,300,0
2026-02-10,2026-02-10_京都09R_石清水S,3倍以上,馬連,4,6,600,0
2026-02-10,2026-02-10_京都09R_石清水S,3倍以上,馬連,5,10,1000,0
2026-02-10,2026-02-10_京都09R_石清水S,3倍以上,馬連,6,15,1500,0
2026-02-10,2026-02-10_京都10R_大和S,3倍以上,ワイド,3,3,300,0
2026-02-10,2026-02-10_京都10R_大和S,3倍以上,ワイド,4,6,600,0
2026-02-10,2026-02-10_京都10R_大和S,3倍以上,ワイド,5,10,1000,0
2026-02-10,2026-02-10_京都10R_大和S,3倍以上,ワイド,6,15,1500,0
2026-02-10,2026-02-10_京都10R_大和S,3倍以上,馬連,3,3,300,0
2026-02-10,2026-02-10_京都10R_大和S,3倍以上,馬連,4,6,600,0
2026-02-10,2026-02-10_京都10R_大和S,3倍以上,馬連,5,10,1000,0
2026-02-10,2026-02-10_京都10R_大和S,3倍以上,馬連,6,15,1500,0
2026-02-10,2026-02-10_京都11R_きさらぎ賞,3倍以上,ワイド,3,3,300,270
2026-02-10,2026-02-10_京都11R_きさらぎ賞,3倍以上,ワイド,4,6,600,270
2026-02-10,2026-02-10_京都11R_きさらぎ賞,3倍以上,ワイド,5,10,1000,270
2026-02-10,2026-02-10_京都11R_きさらぎ賞,3倍以上,ワイド,6,15,1500,1140
2026-02-10,2026-02-10_京都11R_きさらぎ賞,3倍以上,馬連,3,3,300,650
2026-02-10,2026-02-10_京都11R_きさらぎ賞,3倍以上,馬連,4,6,600,650
2026-02-10,2026-02-10_京都11R_きさらぎ賞,3倍以上,馬連,5,10,1000,650
2026-02-10,2026-02-10_京都11R_きさらぎ賞,3倍以上,馬連,6,15,1500,650
2026-02-10,2026-02-10_京都12R_4歳以上2勝クラス,2倍台,ワイド,3,3,300,0
2026-02-10,2026-02-10_京都12R_4歳以上2勝クラス,2倍台,ワイド,4,6,600,0
2026-02-10,2026-02-10_京都12R_4歳以上2勝クラス,2倍台,ワイド,5,10,1000,0
2026-02-10,2026-02-10_京都12R_4歳以上2勝クラス,2倍台,ワイド,6,15,1500,0
2026-02-10,2026-02-10_京都12R_4歳以上2勝クラス,2倍台,馬連,3,3,300,0
2026-02-10,2026-02-10_京都12R_4歳以上2勝クラス,2倍台,馬連,4,6,600,0
2026-02-10,2026-02-10_京都12R_4歳以上2勝クラス,2倍台,馬連,5,10,1000,0
2026-02-10,2026-02-10_京都12R_4歳以上2勝クラス,2倍台,馬連,6,15,1500,0
2026-02-10,2026-02-10_東京09R_ゆりかもめ賞,1倍台,ワイド,3,3,300,0
2026-02-10,2026-02-10_東京09R_ゆりかもめ賞,1倍台,ワイド,4,6,600,180
2026-02-10,2026-02-10_東京09R_ゆりかもめ賞,1倍台,ワイド,5,10,1000,1320
2026-02-10,2026-02-10_東京09R_ゆりかもめ賞,1倍台,ワイド,6,15,1500,1320
2026-02-10,2026-02-10_東京09R_ゆりかもめ賞,1倍台,馬連,3,3,300,0
2026-02-10,2026-02-10_東京09R_ゆりかもめ賞,1倍台,馬連,4,6,600,320
2026-02-10,2026-02-10_東京09R_ゆりかもめ賞,1倍台,馬連,5,10,1000,320
2026-02-10,2026-02-10_東京09R_ゆりかもめ賞,1倍台,馬連,6,15,1500,320
2026-02-10,2026-02-10_東京10R_初音S,1倍台,ワイド,3,3,300,0
2026-02-10,2026-02-10_東京10R_初音S,1倍台,ワイド,4,6,600,0
2026-02-10,2026-02-10_東京10R_初音S,1倍台,ワイド,5,10,1000,0
2026-02-10,2026-02-10_東京10R_初音S,1倍台,ワイド,6,15,1500,0
2026-02-10,2026-02-10_東京10R_初音S,1倍台,馬連,3,3,300,0
2026-02-10,2026-02-10_東京10R_初音S,1倍台,馬連,4,6,600,0
2026-02-10,2026-02-10_東京10R_初音S,1倍台,馬連,5,10,1000,0
2026-02-10,2026-02-10_東京10R_初音S,1倍台,馬連,6,15,1500,0
2026-02-10,2026-02-10_東京11R_東京新聞杯,3倍以上,ワイド,3,3,300,0
2026-02-10,2026-02-10_東京11R_東京新聞杯,3倍以上,ワイド,4,6,600,0
2026-02-10,2026-02-10_東京11R_東京新聞杯,3倍以上,ワイド,5,10,1000,0
2026-02-10,2026-02-10_東京11R_東京新聞杯,3倍以上,ワイド,6,15,1500,0
2026-02-10,2026-02-10_東京11R_東京新聞杯,3倍以上,馬連,3,3,300,0
2026-02-10,2026-02-10_東京11R_東京新聞杯,3倍以上,馬連,4,6,600,0
2026-02-10,2026-02-10_東京11R_東京新聞杯,3倍以上,馬連,5,10,1000,0
2026-02-10,2026-02-10_東京11R_東京新聞杯,3倍以上,馬連,6,15,1500,0
2026-02-10,2026-02-10_東京12R_4歳以上1勝クラス,2倍台,ワイド,3,3,300,510
2026-02-10,2026-02-10_東京12R_4歳以上1勝クラス,2倍台,ワイド,4,6,600,510
2026-02-10,2026-02-10_東京12R_4歳以上1勝クラス,2倍台,ワイド,5,10,1000,2520
2026-02-10,2026-02-10_東京12R_4歳以上1勝クラス,2倍台,ワイド,6,15,1500,2520
2026-02-10,2026-02-10_東京12R_4歳以上1勝クラス,2倍台,馬連,3,3,300,0
2026-02-10,2026-02-10_東京12R_4歳以上1勝クラス,2倍台,馬連,4,6,600,0
2026-02-10,2026-02-10_東京12R_4歳以上1勝クラス,2倍台,馬連,5,10,1000,4950
2026-02-10,2026-02-10_東京12R_4歳以上1勝クラス,2倍台,馬連,6,15,1500,4950
2026-02-14,2026-02-14_京都09R_こぶし賞,3倍以上,ワイド,3,3,300,0
2026-02-14,2026-02-14_京都09R_こぶし賞,3倍以上,ワイド,4,6,600,0
2026-02-14,2026-02-14_京都09R_こぶし賞,3倍以上,ワイド,5,10,1000,0
2026-02-14,2026-02-14_京都09R_こぶし賞,3倍以上,ワイド,6,15,1500,1270
2026-02-14,2026-02-14_京都09R_こぶし賞,3倍以上,馬連,3,3,300,0
2026-02-14,2026-02-14_京都09R_こぶし賞,3倍以上,馬連,4,6,600,0
2026-02-14,2026-02-14_京都09R_こぶし賞,3倍以上,馬連,5,10,1000,0
2026-02-14,2026-02-14_京都09R_こぶし賞,3倍以上,馬連,6,15,1500,0
2026-02-14,2026-02-14_京都10R_飛鳥S,2倍台,ワイド,3,3,300,0
2026-02-14,2026-02-14_京都10R_飛鳥S,2倍台,ワイド,4,6,600,400
2026-02-14,2026-02-14_京都10R_飛鳥S,2倍台,ワイド,5,10,1000,2700
2026-02-14,2026-02-14_京都10R_飛鳥S,2倍台,ワイド,6,15,1500,2700
2026-02-14,2026-02-14_京都10R_飛鳥S,2倍台,馬連,3,3,300,0
2026-02-14,2026-02-14_京都10R_飛鳥S,2倍台,馬連,4,6,600,760
2026-02-14,2026-02-14_京都10R_飛鳥S,2倍台,馬連,5,10,1000,760
2026-02-14,2026-02-14_京都10R_飛鳥S,2倍台,馬連,6,15,1500,760
2026-02-14,2026-02-14_京都11R_洛陽S,3倍以上,ワイド,3,3,300,0
2026-02-14,2026-02-14_京都11R_洛陽S,3倍以上,ワイド,4,6,600,0
2026-02-14,2026-02-14_京都11R_洛陽S,3倍以上,ワイド,5,10,1000,0
2026-02-14,2026-02-14_京都11R_洛陽S,3倍以上,ワイド,6,15,1500,0
2026-02-14,2026-02-14_京都11R_洛陽S,3倍以上,馬連,3,3,300,0
2026-02-14,2026-02-14_京都11R_洛陽S,3倍以上,馬連,4,6,600,0
2026-02-14,2026-02-14_京都11R_洛陽S,3倍以上,馬連,5,10,1000,0
2026-02-14,2026-02-14_京都11R_洛陽S,3倍以上,馬連,6,15,1500,0
2026-02-14,2026-02-14_京都12R_4歳以上1勝クラス,3倍以上,ワイド,3,3,300,620
2026-02-14,2026-02-14_京都12R_4歳以上1勝クラス,3倍以上,ワイド,4,6,600,620
2026-02-14,2026-02-14_京都12R_4歳以上1勝クラス,3倍以上,ワイド,5,10,1000,2730
2026-02-14,2026-02-14_京都12R_4歳以上1勝クラス,3倍以上,ワイド,6,15,1500,2730
2026-02-14,2026-02-14_京都12R_4歳以上1勝クラス,3倍以上,馬連,3,3,300,0
2026-02-14,2026-02-14_京都12R_4歳以上1勝クラス,3倍以上,馬連,4,6,600,0
2026-02-14,2026-02-14_京都12R_4歳以上1勝クラス,3倍以上,馬連,5,10,1000,2150
2026-02-14,2026-02-14_京都12R_4歳以上1勝クラス,3倍以上,馬連,6,15,1500,2150
2026-02-14,2026-02-14_小倉09R_あすなろ賞,2倍台,ワイド,3,3,300,0
2026-02-14,2026-02-14_小倉09R_あすなろ賞,2倍台,ワイド,4,6,600,240
2026-02-14,2026-02-14_小倉09R_あすなろ賞,2倍台,ワイド,5,10,1000,1220
2026-02-14,2026-02-14_小倉09R_あすなろ賞,2倍台,ワイド,6,15,1500,1220
2026-02-14,2026-02-14_小倉09R_あすなろ賞,2倍台,馬連,3,3,300,0
2026-02-14,2026-02-14_小倉09R_あすなろ賞,2倍台,馬連,4,6,600,520
2026-02-14,2026-02-14_小倉09R_あすなろ賞,2倍台,馬連,5,10,1000,520
2026-02-14,2026-02-14_小倉09R_あすなろ賞,2倍台,馬連,6,15,1500,520
2026-02-14,2026-02-14_小倉10R_伊万里特別,3倍以上,ワイド,3,3,300,0
2026-02-14,2026-02-14_小倉10R_伊万里特別,3倍以上,ワイド,4,6,600,0
2026-02-14,2026-02-14_小倉10R_伊万里特別,3倍以上,ワイド,5,10,1000,1010
2026-02-14,2026-02-14_小倉10R_伊万里特別,3倍以上,ワイド,6,15,1500,3820
2026-02-14,2026-02-14_小倉10R_伊万里特別,3倍以上,馬連,3,3,300,0
2026-02-14,2026-02-14_小倉10R_伊万里特別,3倍以上,馬連,4,6,600,0
2026-02-14,2026-02-14_小倉10R_伊万里特別,3倍以上,馬連,5,10,1000,0
2026-02-14,2026-02-14_小倉10R_伊万里特別,3倍以上,馬連,6,15,1500,3420
2026-02-14,2026-02-14_小倉11R_下関S,3倍以上,ワイド,3,3,300,0
2026-02-14,2026-02-14_小倉11R_下関S,3倍以上,ワイド,4,6,600,700
2026-02-14,2026-02-14_小倉11R_下関S,3倍以上,ワイド,5,10,1000,700
2026-02-14,2026-02-14_小倉11R_下関S,3倍以上,ワイド,6,15,1500,700
2026-02-14,2026-02-14_小倉11R_下関S,3倍以上,馬連,3,3,300,0
2026-02-14,2026-02-14_小倉11R_下関S,3倍以上,馬連,4,6,600,1900
2026-02-14,2026-02-14_小倉11R_下関S,3倍以上,馬連,5,10,1000,1900
2026-02-14,2026-02-14_小倉11R_下関S,3倍以上,馬連,6,15,1500,1900
2026-02-14,2026-02-14_小倉12R_4歳以上1勝クラス,2倍台,ワイド,3,3,300,0
2026-02-14,2026-02-14_小倉12R_4歳以上1勝クラス,2倍台,ワイド,4,6,600,1250
2026-02-14,2026-02-14_小倉12R_4歳以上1勝クラス,2倍台,ワイド,5,10,1000,1250
2026-02-14,2026-02-14_小倉12R_4歳以上1勝クラス,2倍台,ワイド,6,15,1500,9800
2026-02-14,2026-02-14_小倉12R_4歳以上1勝クラス,2倍台,馬連,3,3,300,0
2026-02-14,2026-02-14_小倉12R_4歳以上1勝クラス,2倍台,馬連,4,6,600,0
2026-02-14,2026-02-14_小倉12R_4歳以上1勝クラス,2倍台,馬連,5,10,1000,0
2026-02-14,2026-02-14_小倉12R_4歳以上1勝クラス,2倍台,馬連,6,15,1500,2720
2026-02-14,2026-02-14_東京09R_箱根特別,1倍台,ワイド,3,3,300,450
2026-02-14,2026-02-14_東京09R_箱根特別,1倍台,ワイド,4,6,600,450
2026-02-14,2026-02-14_東京09R_箱根特別,1倍台,ワイド,5,10,1000,450
2026-02-14,2026-02-14_東京09R_箱根特別,1倍台,ワイド,6,15,1500,450
2026-02-14,2026-02-14_東京09R_箱根特別,1倍台,馬連,3,3,300,520
2026-02-14,2026-02-14_東京09R_箱根特別,1倍台,馬連,4,6,600,520
2026-02-14,2026-02-14_東京09R_箱根特別,1倍台,馬連,5,10,1000,520
2026-02-14,2026-02-14_東京09R_箱根特別,1倍台,馬連,6,15,1500,520
2026-02-14,2026-02-14_東京10R_銀蹄S,3倍以上,ワイド,3,3,300,0
2026-02-14,2026-02-14_東京10R_銀蹄S,3倍以上,ワイド,4,6,600,0
2026-02-14,2026-02-14_東京10R_銀蹄S,3倍以上,ワイド,5,10,1000,0
2026-02-14,2026-02-14_東京10R_銀蹄S,3倍以上,ワイド,6,15,1500,0
2026-02-14,2026-02-14_東京10R_銀蹄S,3倍以上,馬連,3,3,300,0
2026-02-14,2026-02-14_東京10R_銀蹄S,3倍以上,馬連,4,6,600,0
2026-02-14,2026-02-14_東京10R_銀蹄S,3倍以上,馬連,5,10,1000,0
2026-02-14,2026-02-14_東京10R_銀蹄S,3倍以上,馬連,6,15,1500,0
2026-02-14,2026-02-14_東京11R_クイーンC,2倍台,ワイド,3,3,300,0
2026-02-14,2026-02-14_東京11R_クイーンC,2倍台,ワイド,4,6,600,0
2026-02-14,2026-02-14_東京11R_クイーンC,2倍台,ワイド,5,10,1000,0
2026-02-14,2026-02-14_東京11R_クイーンC,2倍台,ワイド,6,15,1500,0
2026-02-14,2026-02-14_東京11R_クイーンC,2倍台,馬連,3,3,300,0
2026-02-14,2026-02-14_東京11R_クイーンC,2倍台,馬連,4,6,600,0
2026-02-14,2026-02-14_東京11R_クイーンC,2倍台,馬連,5,10,1000,0
2026-02-14,2026-02-14_東京11R_クイーンC,2倍台,馬連,6,15,1500,0
2026-02-14,2026-02-14_東京12R_4歳以上1勝クラス,2倍台,ワイド,3,3,300,0
2026-02-14,2026-02-14_東京12R_4歳以上1勝クラス,2倍台,ワイド,4,6,600,0
2026-02-14,2026-02-14_東京12R_4歳以上1勝クラス,2倍台,ワイド,5,10,1000,0
2026-02-14,2026-02-14_東京12R_4歳以上1勝クラス,2倍台,ワイド,6,15,1500,0
2026-02-14,2026-02-14_東京12R_4歳以上1勝クラス,2倍台,馬連,3,3,300,0
2026-02-14,2026-02-14_東京12R_4歳以上1勝クラス,2倍台,馬連,4,6,600,0
2026-02-14,2026-02-14_東京12R_4歳以上1勝クラス,2倍台,馬連,5,10,1000,0
2026-02-14,2026-02-14_東京12R_4歳以上1勝クラス,2倍台,馬連,6,15,1500,0
2026-02-15,2026-02-15_京都09R_春日特別,1倍台,ワイド,3,3,300,230
2026-02-15,2026-02-15_京都09R_春日特別,1倍台,ワイド,4,6,600,230
2026-02-15,2026-02-15_京都09R_春日特別,1倍台,ワイド,5,10,1000,230
2026-02-15,2026-02-15_京都09R_春日特別,1倍台,ワイド,6,15,1500,1050
2026-02-15,2026-02-15_京都09R_春日特別,1倍台,馬連,3,3,300,410
2026-02-15,2026-02-15_京都09R_春日特別,1倍台,馬連,4,6,600,410
2026-02-15,2026-02-15_京都09R_春日特別,1倍台,馬連,5,10,1000,410
2026-02-15,2026-02-15_京都09R_春日特別,1倍台,馬連,6,15,1500,410
2026-02-15,2026-02-15_京都10R_北山S,1倍台,ワイド,3,3,300,0
2026-02-15,2026-02-15_京都10R_北山S,1倍台,ワイド,4,6,600,190
2026-02-15,2026-02-15_京都10R_北山S,1倍台,ワイド,5,10,1000,190
2026-02-15,2026-02-15_京都10R_北山S,1倍台,ワイド,6,15,1500,190
2026-02-15,2026-02-15_京都10R_北山S,1倍台,馬連,3,3,300,0
2026-02-15,2026-02-15_京都10R_北山S,1倍台,馬連,4,6,600,370
2026-02-15,2026-02-15_京都10R_北山S,1倍台,馬連,5,10,1000,370
2026-02-15,2026-02-15_京都10R_北山S,1倍台,馬連,6,15,1500,370
2026-02-15,2026-02-15_京都11R_京都記念,1倍台,ワイド,3,3,300,500
2026-02-15,2026-02-15_京都11R_京都記念,1倍台,ワイド,4,6,600,500
2026-02-15,2026-02-15_京都11R_京都記念,1倍台,ワイド,5,10,1000,2300
2026-02-15,2026-02-15_京都11R_京都記念,1倍台,ワイド,6,15,1500,2300
2026-02-15,2026-02-15_京都11R_京都記念,1倍台,馬連,3,3,300,1300
2026-02-15,2026-02-15_京都11R_京都記念,1倍台,馬連,4,6,600,1300
2026-02-15,2026-02-15_京都11R_京都記念,1倍台,馬連,5,10,1000,1300
2026-02-15,2026-02-15_京都11R_京都記念,1倍台,馬連,6,15,1500,1300
2026-02-15,2026-02-15_京都12R_4歳以上2勝クラス,2倍台,ワイド,3,3,300,0
2026-02-15,2026-02-15_京都12R_4歳以上2勝クラス,2倍台,ワイド,4,6,600,0
2026-02-15,2026-02-15_京都12R_4歳以上2勝クラス,2倍台,ワイド,5,10,1000,0
2026-02-15,2026-02-15_京都12R_4歳以上2勝クラス,2倍台,ワイド,6,15,1500,0
2026-02-15,2026-02-15_京都12R_4歳以上2勝クラス,2倍台,馬連,3,3,300,0
2026-02-15,2026-02-15_京都12R_4歳以上2勝クラス,2倍台,馬連,4,6,600,0
2026-02-15,2026-02-15_京都12R_4歳以上2勝クラス,2倍台,馬連,5,10,1000,0
2026-02-15,2026-02-15_京都12R_4歳以上2勝クラス,2倍台,馬連,6,15,1500,0
2026-02-15,2026-02-15_小倉09R_太宰府特別,2倍台,ワイド,3,3,300,480
2026-02-15,2026-02-15_小倉09R_太宰府特別,2倍台,ワイド,4,6,600,480
2026-02-15,2026-02-15_小倉09R_太宰府特別,2倍台,ワイド,5,10,1000,480
2026-02-15,2026-02-15_小倉09R_太宰府特別,2倍台,ワイド,6,15,1500,1320
2026-02-15,2026-02-15_小倉09R_太宰府特別,2倍台,馬連,3,3,300,0
2026-02-15,2026-02-15_小倉09R_太宰府特別,2倍台,馬連,4,6,600,0
2026-02-15,2026-02-15_小倉09R_太宰府特別,2倍台,馬連,5,10,1000,0
2026-02-15,2026-02-15_小倉09R_太宰府特別,2倍台,馬連,6,15,1500,660
2026-02-15,2026-02-15_小倉10R_大濠特別,3倍以上,ワイド,3,3,300,0
2026-02-15,2026-02-15_小倉10R_大濠特別,3倍以上,ワイド,4,6,600,0
2026-02-15,2026-02-15_小倉10R_大濠特別,3倍以上,ワイド,5,10,1000,1700
2026-02-15,2026-02-15_小倉10R_大濠特別,3倍以上,ワイド,6,15,1500,1700
2026-02-15,2026-02-15_小倉10R_大濠特別,3倍以上,馬連,3,3,300,0
2026-02-15,2026-02-15_小倉10R_大濠特別,3倍以上,馬連,4,6,600,0
2026-02-15,2026-02-15_小倉10R_大濠特別,3倍以上,馬連,5,10,1000,5310
2026-02-15,2026-02-15_小倉10R_大濠特別,3倍以上,馬連,6,15,1500,5310
2026-02-15,2026-02-15_小倉11R_北九州短距離S,3倍以上,ワイド,3,3,300,0
2026-02-15,2026-02-15_小倉11R_北九州短距離S,3倍以上,ワイド,4,6,600,0
2026-02-15,2026-02-15_小倉11R_北九州短距離S,3倍以上,ワイド,5,10,1000,0
2026-02-15,2026-02-15_小倉11R_北九州短距離S,3倍以上,ワイド,6,15,1500,0
2026-02-15,2026-02-15_小倉11R_北九州短距離S,3倍以上,馬連,3,3,300,0
2026-02-15,2026-02-15_小倉11R_北九州短距離S,3倍以上,馬連,4,6,600,0
2026-02-15,2026-02-15_小倉11R_北九州短距離S,3倍以上,馬連,5,10,1000,0
2026-02-15,2026-02-15_小倉11R_北九州短距離S,3倍以上,馬連,6,15,1500,0
2026-02-15,2026-02-15_小倉12R_4歳以上1勝クラス,3倍以上,ワイド,3,3,300,480
2026-02-15,2026-02-15_小倉12R_4歳以上1勝クラス,3倍以上,ワイド,4,6,600,480
2026-02-15,2026-02-15_小倉12R_4歳以上1勝クラス,3倍以上,ワイド,5,10,1000,480
2026-02-15,2026-02-15_小倉12R_4歳以上1勝クラス,3倍以上,ワイド,6,15,1500,480
2026-02-15,2026-02-15_小倉12R_4歳以上1勝クラス,3倍以上,馬連,3,3,300,1210
2026-02-15,2026-02-15_小倉12R_4歳以上1勝クラス,3倍以上,馬連,4,6,600,1210
2026-02-15,2026-02-15_小倉12R_4歳以上1勝クラス,3倍以上,馬連,5,10,1000,1210
2026-02-15,2026-02-15_小倉12R_4歳以上1勝クラス,3倍以上,馬連,6,15,1500,1210
2026-02-15,2026-02-15_東京09R_雲雀S,3倍以上,ワイド,3,3,300,0
2026-02-15,2026-02-15_東京09R_雲雀S,3倍以上,ワイド,4,6,600,0
2026-02-15,2026-02-15_東京09R_雲雀S,3倍以上,ワイド,5,10,1000,0
2026-02-15,2026-02-15_東京09R_雲雀S,3倍以上,ワイド,6,15,1500,1990
2026-02-15,2026-02-15_東京09R_雲雀S,3倍以上,馬連,3,3,300,0
2026-02-15,2026-02-15_東京09R_雲雀S,3倍以上,馬連,4,6,600,0
2026-02-15,2026-02-15_東京09R_雲雀S,3倍以上,馬連,5,10,1000,0
2026-02-15,2026-02-15_東京09R_雲雀S,3倍以上,馬連,6,15,1500,6080
2026-02-15,2026-02-15_東京10R_バレンタインS,3倍以上,ワイド,3,3,300,0
2026-02-15,2026-02-15_東京10R_バレンタインS,3倍以上,ワイド,4,6,600,0
2026-02-15,2026-02-15_東京10R_バレンタインS,3倍以上,ワイド,5,10,1000,1290
2026-02-15,2026-02-15_東京10R_バレンタインS,3倍以上,ワイド,6,15,1500,1290
2026-02-15,2026-02-15_東京10R_バレンタインS,3倍以上,馬連,3,3,300,0
2026-02-15,2026-02-15_東京10R_バレンタインS,3倍以上,馬連,4,6,600,0
2026-02-15,2026-02-15_東京10R_バレンタインS,3倍以上,馬連,5,10,1000,0
2026-02-15,2026-02-15_東京10R_バレンタインS,3倍以上,馬連,6,15,1500,0
2026-02-15,2026-02-15_東京11R_共同通信杯,2倍台,ワイド,3,3,300,0
2026-02-15,2026-02-15_東京11R_共同通信杯,2倍台,ワイド,4,6,600,420
2026-02-15,2026-02-15_東京11R_共同通信杯,2倍台,ワイド,5,10,1000,420
2026-02-15,2026-02-15_東京11R_共同通信杯,2倍台,ワイド,6,15,1500,420
2026-02-15,2026-02-15_東京11R_共同通信杯,2倍台,馬連,3,3,300,0
2026-02-15,2026-02-15_東京11R_共同通信杯,2倍台,馬連,4,6,600,1180
2026-02-15,2026-02-15_東京11R_共同通信杯,2倍台,馬連,5,10,1000,1180
2026-02-15,2026-02-15_東京11R_共同通信杯,2倍台,馬連,6,15,1500,1180
2026-02-15,2026-02-15_東京12R_4歳以上2勝クラス,3倍以上,ワイド,3,3,300,470
2026-02-15,2026-02-15_東京12R_4歳以上2勝クラス,3倍以上,ワイド,4,6,600,1650
2026-02-15,2026-02-15_東京12R_4歳以上2勝クラス,3倍以上,ワイド,5,10,1000,1650
2026-02-15,2026-02-15_東京12R_4歳以上2勝クラス,3倍以上,ワイド,6,15,1500,1650
2026-02-15,2026-02-15_東京12R_4歳以上2勝クラス,3倍以上,馬連,3,3,300,1340
2026-02-15,2026-02-15_東京12R_4歳以上2勝クラス,3倍以上,馬連,4,6,600,1340
2026-02-15,2026-02-15_東京12R_4歳以上2勝クラス,3倍以上,馬連,5,10,1000,1340
2026-02-15,2026-02-15_東京12R_4歳以上2勝クラス,3倍以上,馬連,6,15,1500,1340
2026-02-21,2026-02-21_小倉09R_あざみ賞,1倍台,ワイド,3,3,300,200
2026-02-21,2026-02-21_小倉09R_あざみ賞,1倍台,ワイド,4,6,600,200
2026-02-21,2026-02-21_小倉09R_あざみ賞,1倍台,ワイド,5,10,1000,1230
2026-02-21,2026-02-21_小倉09R_あざみ賞,1倍台,ワイド,6,15,1500,1230
2026-02-21,2026-02-21_小倉09R_あざみ賞,1倍台,馬連,3,3,300,470
2026-02-21,2026-02-21_小倉09R_あざみ賞,1倍台,馬連,4,6,600,470
2026-02-21,2026-02-21_小倉09R_あざみ賞,1倍台,馬連,5,10,1000,470
2026-02-21,2026-02-21_小倉09R_あざみ賞,1倍台,馬連,6,15,1500,470
2026-02-21,2026-02-21_小倉10R_皿倉山特別,2倍台,ワイド,3,3,300,0
2026-02-21,2026-02-21_小倉10R_皿倉山特別,2倍台,ワイド,4,6,600,0
2026-02-21,2026-02-21_小倉10R_皿倉山特別,2倍台,ワイド,5,10,1000,2590
2026-02-21,2026-02-21_小倉10R_皿倉山特別,2倍台,ワイド,6,15,1500,2590
2026-02-21,2026-02-21_小倉10R_皿倉山特別,2倍台,馬連,3,3,300,0
2026-02-21,2026-02-21_小倉10R_皿倉山特別,2倍台,馬連,4,6,600,0
2026-02-21,2026-02-21_小倉10R_皿倉山特別,2倍台,馬連,5,10,1000,0
2026-02-21,2026-02-21_小倉10R_皿倉山特別,2倍台,馬連,6,15,1500,0
2026-02-21,2026-02-21_小倉11R_小倉城S,3倍以上,ワイド,3,3,300,0
2026-02-21,2026-02-21_小倉11R_小倉城S,3倍以上,ワイド,4,6,600,0
2026-02-21,2026-02-21_小倉11R_小倉城S,3倍以上,ワイド,5,10,1000,0
2026-02-21,2026-02-21_小倉11R_小倉城S,3倍以上,ワイド,6,15,1500,0
2026-02-21,2026-02-21_小倉11R_小倉城S,3倍以上,馬連,3,3,300,0
2026-02-21,2026-02-21_小倉11R_小倉城S,3倍以上,馬連,4,6,600,0
2026-02-21,2026-02-21_小倉11R_小倉城S,3倍以上,馬連,5,10,1000,0
2026-02-21,2026-02-21_小倉11R_小倉城S,3倍以上,馬連,6,15,1500,0
2026-02-21,2026-02-21_小倉12R_4歳以上1勝クラス,3倍以上,ワイド,3,3,300,0
2026-02-21,2026-02-21_小倉12R_4歳以上1勝クラス,3倍以上,ワイド,4,6,600,0
2026-02-21,2026-02-21_小倉12R_4歳以上1勝クラス,3倍以上,ワイド,5,10,1000,0
2026-02-21,2026-02-21_小倉12R_4歳以上1勝クラス,3倍以上,ワイド,6,15,1500,0
2026-02-21,2026-02-21_小倉12R_4歳以上1勝クラス,3倍以上,馬連,3,3,300,0
2026-02-21,2026-02-21_小倉12R_4歳以上1勝クラス,3倍以上,馬連,4,6,600,0
2026-02-21,2026-02-21_小倉12R_4歳以上1勝クラス,3倍以上,馬連,5,10,1000,0
2026-02-21,2026-02-21_小倉12R_4歳以上1勝クラス,3倍以上,馬連,6,15,1500,0
2026-02-21,2026-02-21_東京09R_フリージア賞,2倍台,ワイド,3,3,300,0
2026-02-21,2026-02-21_東京09R_フリージア賞,2倍台,ワイド,4,6,600,450
2026-02-21,2026-02-21_東京09R_フリージア賞,2倍台,ワイド,5,10,1000,1520
2026-02-21,2026-02-21_東京09R_フリージア賞,2倍台,ワイド,6,15,1500,1520
2026-02-21,2026-02-21_東京09R_フリージア賞,2倍台,馬連,3,3,300,0
2026-02-21,2026-02-21_東京09R_フリージア賞,2倍台,馬連,4,6,600,0
2026-02-21,2026-02-21_東京09R_フリージア賞,2倍台,馬連,5,10,1000,1100
2026-02-21,2026-02-21_東京09R_フリージア賞,2倍台,馬連,6,15,1500,1100
2026-02-21,2026-02-21_東京10R_金蹄S,1倍台,ワイド,3,3,300,0
2026-02-21,2026-02-21_東京10R_金蹄S,1倍台,ワイド,4,6,600,0
2026-02-21,2026-02-21_東京10R_金蹄S,1倍台,ワイド,5,10,1000,1440
2026-02-21,2026-02-21_東京10R_金蹄S,1倍台,ワイド,6,15,1500,6990
2026-02-21,2026-02-21_東京10R_金蹄S,1倍台,馬連,3,3,300,0
2026-02-21,2026-02-21_東京10R_金蹄S,1倍台,馬連,4,6,600,0
2026-02-21,2026-02-21_東京10R_金蹄S,1倍台,馬連,5,10,1000,4640
2026-02-21,2026-02-21_東京10R_金蹄S,1倍台,馬連,6,15,1500,4640
2026-02-21,2026-02-21_東京11R_ダイヤモンドS,3倍以上,ワイド,3,3,300,1610
2026-02-21,2026-02-21_東京11R_ダイヤモンドS,3倍以上,ワイド,4,6,600,1610
2026-02-21,2026-02-21_東京11R_ダイヤモンドS,3倍以上,ワイド,5,10,1000,1610
2026-02-21,2026-02-21_東京11R_ダイヤモンドS,3倍以上,ワイド,6,15,1500,1610
2026-02-21,2026-02-21_東京11R_ダイヤモンドS,3倍以上,馬連,3,3,300,0
2026-02-21,2026-02-21_東京11R_ダイヤモンドS,3倍以上,馬連,4,6,600,0
2026-02-21,2026-02-21_東京11R_ダイヤモンドS,3倍以上,馬連,5,10,1000,0
2026-02-21,2026-02-21_東京11R_ダイヤモンドS,3倍以上,馬連,6,15,1500,0
2026-02-21,2026-02-21_東京12R_4歳以上1勝クラス,2倍台,ワイド,3,3,300,0
2026-02-21,2026-02-21_東京12R_4歳以上1勝クラス,2倍台,ワイド,4,6,600,0
2026-02-21,2026-02-21_東京12R_4歳以上1勝クラス,2倍台,ワイド,5,10,1000,0
2026-02-21,2026-02-21_東京12R_4歳以上1勝クラス,2倍台,ワイド,6,15,1500,960
2026-02-21,2026-02-21_東京12R_4歳以上1勝クラス,2倍台,馬連,3,3,300,0
2026-02-21,2026-02-21_東京12R_4歳以上1勝クラス,2倍台,馬連,4,6,600,0
2026-02-21,2026-02-21_東京12R_4歳以上1勝クラス,2倍台,馬連,5,10,1000,0
2026-02-21,2026-02-21_東京12R_4歳以上1勝クラス,2倍台,馬連,6,15,1500,0
2026-02-21,2026-02-21_阪神09R_4歳以上1勝クラス,2倍台,ワイド,3,3,300,450
2026-02-21,2026-02-21_阪神09R_4歳以上1勝クラス,2倍台,ワイド,4,6,600,450
2026-02-21,2026-02-21_阪神09R_4歳以上1勝クラス,2倍台,ワイド,5,10,1000,450
2026-02-21,2026-02-21_阪神09R_4歳以上1勝クラス,2倍台,ワイド,6,15,1500,450
2026-02-21,2026-02-21_阪神09R_4歳以上1勝クラス,2倍台,馬連,3,3,300,1010
2026-02-21,2026-02-21_阪神09R_4歳以上1勝クラス,2倍台,馬連,4,6,600,1010
2026-02-21,2026-02-21_阪神09R_4歳以上1勝クラス,2倍台,馬連,5,10,1000,1010
2026-02-21,2026-02-21_阪神09R_4歳以上1勝クラス,2倍台,馬連,6,15,1500,1010
2026-02-21,2026-02-21_阪神10R_鳴門S,3倍以上,ワイド,3,3,300,0
2026-02-21,2026-02-21_阪神10R_鳴門S,3倍以上,ワイド,4,6,600,0
2026-02-21,2026-02-21_阪神10R_鳴門S,3倍以上,ワイド,5,10,1000,1140
2026-02-21,2026-02-21_阪神10R_鳴門S,3倍以上,ワイド,6,15,1500,1140
2026-02-21,2026-02-21_阪神10R_鳴門S,3倍以上,馬連,3,3,300,0
2026-02-21,2026-02-21_阪神10R_鳴門S,3倍以上,馬連,4,6,600,0
2026-02-21,2026-02-21_阪神10R_鳴門S,3倍以上,馬連,5,10,1000,2710
2026-02-21,2026-02-21_阪神10R_鳴門S,3倍以上,馬連,6,15,1500,2710
2026-02-21,2026-02-21_阪神11R_阪急杯,3倍以上,ワイド,3,3,300,0
2026-02-21,2026-02-21_阪神11R_阪急杯,3倍以上,ワイド,4,6,600,0
2026-02-21,2026-02-21_阪神11R_阪急杯,3倍以上,ワイド,5,10,1000,0
2026-02-21,2026-02-21_阪神11R_阪急杯,3倍以上,ワイド,6,15,1500,920
2026-02-21,2026-02-21_阪神11R_阪急杯,3倍以上,馬連,3,3,300,0
2026-02-21,2026-02-21_阪神11R_阪急杯,3倍以上,馬連,4,6,600,0
2026-02-21,2026-02-21_阪神11R_阪急杯,3倍以上,馬連,5,10,1000,0
2026-02-21,2026-02-21_阪神11R_阪急杯,3倍以上,馬連,6,15,1500,0
2026-02-21,2026-02-21_阪神12R_4歳以上2勝クラス,2倍台,ワイド,3,3,300,0
2026-02-21,2026-02-21_阪神12R_4歳以上2勝クラス,2倍台,ワイド,4,6,600,510
2026-02-21,2026-02-21_阪神12R_4歳以上2勝クラス,2倍台,ワイド,5,10,1000,510
2026-02-21,2026-02-21_阪神12R_4歳以上2勝クラス,2倍台,ワイド,6,15,1500,510
2026-02-21,2026-02-21_阪神12R_4歳以上2勝クラス,2倍台,馬連,3,3,300,0
2026-02-21,2026-02-21_阪神12R_4歳以上2勝クラス,2倍台,馬連,4,6,600,0
2026-02-21,2026-02-21_阪神12R_4歳以上2勝クラス,2倍台,馬連,5,10,1000,0
2026-02-21,2026-02-21_阪神12R_4歳以上2勝クラス,2倍台,馬連,6,15,1500,0
2026-02-22,2026-02-22_小倉09R_高千穂特別,1倍台,ワイド,3,3,300,170
2026-02-22,2026-02-22_小倉09R_高千穂特別,1倍台,ワイド,4,6,600,170
2026-02-22,2026-02-22_小倉09R_高千穂特別,1倍台,ワイド,5,10,1000,170
2026-02-22,2026-02-22_小倉09R_高千穂特別,1倍台,ワイド,6,15,1500,170
2026-02-22,2026-02-22_小倉09R_高千穂特別,1倍台,馬連,3,3,300,320
2026-02-22,2026-02-22_小倉09R_高千穂特別,1倍台,馬連,4,6,600,320
2026-02-22,2026-02-22_小倉09R_高千穂特別,1倍台,馬連,5,10,1000,320
2026-02-22,2026-02-22_小倉09R_高千穂特別,1倍台,馬連,6,15,1500,320
2026-02-22,2026-02-22_小倉10R_和布刈特別,3倍以上,ワイド,3,3,300,0
2026-02-22,2026-02-22_小倉10R_和布刈特別,3倍以上,ワイド,4,6,600,0
2026-02-22,2026-02-22_小倉10R_和布刈特別,3倍以上,ワイド,5,10,1000,1250
2026-02-22,2026-02-22_小倉10R_和布刈特別,3倍以上,ワイド,6,15,1500,1250
2026-02-22,2026-02-22_小倉10R_和布刈特別,3倍以上,馬連,3,3,300,0
2026-02-22,2026-02-22_小倉10R_和布刈特別,3倍以上,馬連,4,6,600,0
2026-02-22,2026-02-22_小倉10R_和布刈特別,3倍以上,馬連,5,10,1000,3900
2026-02-22,2026-02-22_小倉10R_和布刈特別,3倍以上,馬連,6,15,1500,3900
2026-02-22,2026-02-22_小倉11R_小倉大賞典,3倍以上,ワイド,3,3,300,0
2026-02-22,2026-02-22_小倉11R_小倉大賞典,3倍以上,ワイド,4,6,600,0
2026-02-22,2026-02-22_小倉11R_小倉大賞典,3倍以上,ワイド,5,10,1000,0
2026-02-22,2026-02-22_小倉11R_小倉大賞典,3倍以上,ワイド,6,15,1500,0
2026-02-22,2026-02-22_小倉11R_小倉大賞典,3倍以上,馬連,3,3,300,0
2026-02-22,2026-02-22_小倉11R_小倉大賞典,3倍以上,馬連,4,6,600,0
2026-02-22,2026-02-22_小倉11R_小倉大賞典,3倍以上,馬連,5,10,1000,0
2026-02-22,2026-02-22_小倉11R_小倉大賞典,3倍以上,馬連,6,15,1500,0
2026-02-22,2026-02-22_小倉12R_4歳以上1勝クラス,2倍台,ワイド,3,3,300,310
2026-02-22,2026-02-22_小倉12R_4歳以上1勝クラス,2倍台,ワイド,4,6,600,310
2026-02-22,2026-02-22_小倉12R_4歳以上1勝クラス,2倍台,ワイド,5,10,1000,310
2026-02-22,2026-02-22_小倉12R_4歳以上1勝クラス,2倍台,ワイド,6,15,1500,310
2026-02-22,2026-02-22_小倉12R_4歳以上1勝クラス,2倍台,馬連,3,3,300,0
2026-02-22,2026-02-22_小倉12R_4歳以上1勝クラス,2倍台,馬連,4,6,600,0
2026-02-22,2026-02-22_小倉12R_4歳以上1勝クラス,2倍台,馬連,5,10,1000,0
2026-02-22,2026-02-22_小倉12R_4歳以上1勝クラス,2倍台,馬連,6,15,1500,0
2026-02-22,2026-02-22_東京09R_ヒヤシンスS,1倍台,ワイド,3,3,300,0
2026-02-22,2026-02-22_東京09R_ヒヤシンスS,1倍台,ワイド,4,6,600,0
2026-02-22,2026-02-22_東京09R_ヒヤシンスS,1倍台,ワイド,5,10,1000,0
2026-02-22,2026-02-22_東京09R_ヒヤシンスS,1倍台,ワイド,6,15,1500,0
2026-02-22,2026-02-22_東京09R_ヒヤシンスS,1倍台,馬連,3,3,300,0
2026-02-22,2026-02-22_東京09R_ヒヤシンスS,1倍台,馬連,4,6,600,0
2026-02-22,2026-02-22_東京09R_ヒヤシンスS,1倍台,馬連,5,10,1000,0
2026-02-22,2026-02-22_東京09R_ヒヤシンスS,1倍台,馬連,6,15,1500,0
2026-02-22,2026-02-22_東京10R_ジャパンC2025ベストレース受賞記念,2倍台,ワイド,3,3,300,0
2026-02-22,2026-02-22_東京10R_ジャパンC2025ベストレース受賞記念,2倍台,ワイド,4,6,600,0
2026-02-22,2026-02-22_東京10R_ジャパンC2025ベストレース受賞記念,2倍台,ワイド,5,10,1000,0
2026-02-22,2026-02-22_東京10R_ジャパンC2025ベストレース受賞記念,2倍台,ワイド,6,15,1500,0
2026-02-22,2026-02-22_東京10R_ジャパンC2025ベストレース受賞記念,2倍台,馬連,3,3,300,0
2026-02-22,2026-02-22_東京10R_ジャパンC2025ベストレース受賞記念,2倍台,馬連,4,6,600,0
2026-02-22,2026-02-22_東京10R_ジャパンC2025ベストレース受賞記念,2倍台,馬連,5,10,1000,0
2026-02-22,2026-02-22_東京10R_ジャパンC2025ベストレース受賞記念,2倍台,馬連,6,15,1500,0
2026-02-22,2026-02-22_東京11R_フェブラリーS,3倍以上,ワイド,3,3,300,290
2026-02-22,2026-02-22_東京11R_フェブラリーS,3倍以上,ワイド,4,6,600,970
2026-02-22,2026-02-22_東京11R_フェブラリーS,3倍以上,ワイド,5,10,1000,970
2026-02-22,2026-02-22_東京11R_フェブラリーS,3倍以上,ワイド,6,15,1500,970
2026-02-22,2026-02-22_東京11R_フェブラリーS,3倍以上,馬連,3,3,300,0
2026-02-22,2026-02-22_東京11R_フェブラリーS,3倍以上,馬連,4,6,600,890
2026-02-22,2026-02-22_東京11R_フェブラリーS,3倍以上,馬連,5,10,1000,890
2026-02-22,2026-02-22_東京11R_フェブラリーS,3倍以上,馬連,6,15,1500,890
2026-02-22,2026-02-22_東京12R_大島特別,3倍以上,ワイド,3,3,300,0
2026-02-22,2026-02-22_東京12R_大島特別,3倍以上,ワイド,4,6,600,550
2026-02-22,2026-02-22_東京12R_大島特別,3倍以上,ワイド,5,10,1000,1960
2026-02-22,2026-02-22_東京12R_大島特別,3倍以上,ワイド,6,15,1500,1960
2026-02-22,2026-02-22_東京12R_大島特別,3倍以上,馬連,3,3,300,0
2026-02-22,2026-02-22_東京12R_大島特別,3倍以上,馬連,4,6,600,1300
2026-02-22,2026-02-22_東京12R_大島特別,3倍以上,馬連,5,10,1000,1300
2026-02-22,2026-02-22_東京12R_大島特別,3倍以上,馬連,6,15,1500,1300
2026-02-22,2026-02-22_阪神09R_天神橋特別,3倍以上,ワイド,3,3,300,0
2026-02-22,2026-02-22_阪神09R_天神橋特別,3倍以上,ワイド,4,6,600,290
2026-02-22,2026-02-22_阪神09R_天神橋特別,3倍以上,ワイド,5,10,1000,1570
2026-02-22,2026-02-22_阪神09R_天神橋特別,3倍以上,ワイド,6,15,1500,1570
2026-02-22,2026-02-22_阪神09R_天神橋特別,3倍以上,馬連,3,3,300,0
2026-02-22,2026-02-22_阪神09R_天神橋特別,3倍以上,馬連,4,6,600,0
2026-02-22,2026-02-22_阪神09R_天神橋特別,3倍以上,馬連,5,10,1000,2340
2026-02-22,2026-02-22_阪神09R_天神橋特別,3倍以上,馬連,6,15,1500,2340
2026-02-22,2026-02-22_阪神10R_戎橋S,2倍台,ワイド,3,3,300,230
2026-02-22,2026-02-22_阪神10R_戎橋S,2倍台,ワイド,4,6,600,230
2026-02-22,2026-02-22_阪神10R_戎橋S,2倍台,ワイド,5,10,1000,930
2026-02-22,2026-02-22_阪神10R_戎橋S,2倍台,ワイド,6,15,1500,930
2026-02-22,2026-02-22_阪神10R_戎橋S,2倍台,馬連,3,3,300,550
2026-02-22,2026-02-22_阪神10R_戎橋S,2倍台,馬連,4,6,600,550
2026-02-22,2026-02-22_阪神10R_戎橋S,2倍台,馬連,5,10,1000,550
2026-02-22,2026-02-22_阪神10R_戎橋S,2倍台,馬連,6,15,1500,550
2026-02-22,2026-02-22_阪神11R_令月S,3倍以上,ワイド,3,3,300,0
2026-02-22,2026-02-22_阪神11R_令月S,3倍以上,ワイド,4,6,600,400
2026-02-22,2026-02-22_阪神11R_令月S,3倍以上,ワイド,5,10,1000,400
2026-02-22,2026-02-22_阪神11R_令月S,3倍以上,ワイド,6,15,1500,400
2026-02-22,2026-02-22_阪神11R_令月S,3倍以上,馬連,3,3,300,0
2026-02-22,2026-02-22_阪神11R_令月S,3倍以上,馬連,4,6,600,0
2026-02-22,2026-02-22_阪神11R_令月S,3倍以上,馬連,5,10,1000,0
2026-02-22,2026-02-22_阪神11R_令月S,3倍以上,馬連,6,15,1500,0
2026-02-22,2026-02-22_阪神12R_4歳以上2勝クラス,2倍台,ワイド,3,3,300,320
2026-02-22,2026-02-22_阪神12R_4歳以上2勝クラス,2倍台,ワイド,4,6,600,320
2026-02-22,2026-02-22_阪神12R_4歳以上2勝クラス,2倍台,ワイド,5,10,1000,3340
2026-02-22,2026-02-22_阪神12R_4歳以上2勝クラス,2倍台,ワイド,6,15,1500,3340
2026-02-22,2026-02-22_阪神12R_4歳以上2勝クラス,2倍台,馬連,3,3,300,0
2026-02-22,2026-02-22_阪神12R_4歳以上2勝クラス,2倍台,馬連,4,6,600,0
2026-02-22,2026-02-22_阪神12R_4歳以上2勝クラス,2倍台,馬連,5,10,1000,3080
2026-02-22,2026-02-22_阪神12R_4歳以上2勝クラス,2倍台,馬連,6,15,1500,3080
2026-02-28,2026-02-28_中山09R_水仙賞,2倍台,ワイド,3,3,300,470
2026-02-28,2026-02-28_中山09R_水仙賞,2倍台,ワイド,4,6,600,470
2026-02-28,2026-02-28_中山09R_水仙賞,2倍台,ワイド,5,10,1000,470
2026-02-28,2026-02-28_中山09R_水仙賞,2倍台,ワイド,6,15,1500,470
2026-02-28,2026-02-28_中山09R_水仙賞,2倍台,馬連,3,3,300,390
2026-02-28,2026-02-28_中山09R_水仙賞,2倍台,馬連,4,6,600,390
2026-02-28,2026-02-28_中山09R_水仙賞,2倍台,馬連,5,10,1000,390
2026-02-28,2026-02-28_中山09R_水仙賞,2倍台,馬連,6,15,1500,390
2026-02-28,2026-02-28_中山10R_春風S,2倍台,ワイド,3,3,300,0
2026-02-28,2026-02-28_中山10R_春風S,2倍台,ワイド,4,6,600,0
2026-02-28,2026-02-28_中山10R_春風S,2倍台,ワイド,5,10,1000,510
2026-02-28,2026-02-28_中山10R_春風S,2倍台,ワイド,6,15,1500,510
2026-02-28,2026-02-28_中山10R_春風S,2倍台,馬連,3,3,300,0
2026-02-28,2026-02-28_中山10R_春風S,2倍台,馬連,4,6,600,0
2026-02-28,2026-02-28_中山10R_春風S,2倍台,馬連,5,10,1000,0
2026-02-28,2026-02-28_中山10R_春風S,2倍台,馬連,6,15,1500,0
2026-02-28,2026-02-28_中山11R_オーシャンS,2倍台,ワイド,3,3,300,0
2026-02-28,2026-02-28_中山11R_オーシャンS,2倍台,ワイド,4,6,600,660
2026-02-28,2026-02-28_中山11R_オーシャンS,2倍台,ワイド,5,10,1000,660
2026-02-28,2026-02-28_中山11R_オーシャンS,2倍台,ワイド,6,15,1500,660
2026-02-28,2026-02-28_中山11R_オーシャンS,2倍台,馬連,3,3,300,0
2026-02-28,2026-02-28_中山11R_オーシャンS,2倍台,馬連,4,6,600,0
2026-02-28,2026-02-28_中山11R_オーシャンS,2倍台,馬連,5,10,1000,0
2026-02-28,2026-02-28_中山11R_オーシャンS,2倍台,馬連,6,15,1500,0
2026-02-28,2026-02-28_中山12R_4歳以上2勝クラス,2倍台,ワイド,3,3,300,260
2026-02-28,2026-02-28_中山12R_4歳以上2勝クラス,2倍台,ワイド,4,6,600,260
2026-02-28,2026-02-28_中山12R_4歳以上2勝クラス,2倍台,ワイド,5,10,1000,1600
2026-02-28,2026-02-28_中山12R_4歳以上2勝クラス,2倍台,ワイド,6,15,1500,1600
2026-02-28,2026-02-28_中山12R_4歳以上2勝クラス,2倍台,馬連,3,3,300,0
2026-02-28,2026-02-28_中山12R_4歳以上2勝クラス,2倍台,馬連,4,6,600,0
2026-02-28,2026-02-28_中山12R_4歳以上2勝クラス,2倍台,馬連,5,10,1000,1390
2026-02-28,2026-02-28_中山12R_4歳以上2勝クラス,2倍台,馬連,6,15,1500,1390
2026-02-28,2026-02-28_小倉09R_背振山特別,3倍以上,ワイド,3,3,300,0
2026-02-28,2026-02-28_小倉09R_背振山特別,3倍以上,ワイド,4,6,600,870
2026-02-28,2026-02-28_小倉09R_背振山特別,3倍以上,ワイド,5,10,1000,870
2026-02-28,2026-02-28_小倉09R_背振山特別,3倍以上,ワイド,6,15,1500,870
2026-02-28,2026-02-28_小倉09R_背振山特別,3倍以上,馬連,3,3,300,0
2026-02-28,2026-02-28_小倉09R_背振山特別,3倍以上,馬連,4,6,600,2170
2026-02-28,2026-02-28_小倉09R_背振山特別,3倍以上,馬連,5,10,1000,2170
2026-02-28,2026-02-28_小倉09R_背振山特別,3倍以上,馬連,6,15,1500,2170
2026-02-28,2026-02-28_小倉10R_早鞆特別,3倍以上,ワイド,3,3,300,0
2026-02-28,2026-02-28_小倉10R_早鞆特別,3倍以上,ワイド,4,6,600,0
2026-02-28,2026-02-28_小倉10R_早鞆特別,3倍以上,ワイド,5,10,1000,0
2026-02-28,2026-02-28_小倉10R_早鞆特別,3倍以上,ワイド,6,15,1500,0
2026-02-28,2026-02-28_小倉10R_早鞆特別,3倍以上,馬連,3,3,300,0
2026-02-28,2026-02-28_小倉10R_早鞆特別,3倍以上,馬連,4,6,600,0
2026-02-28,2026-02-28_小倉10R_早鞆特別,3倍以上,馬連,5,10,1000,0
2026-02-28,2026-02-28_小倉10R_早鞆特別,3倍以上,馬連,6,15,1500,0
2026-02-28,2026-02-28_小倉11R_別府特別,3倍以上,ワイド,3,3,300,0
2026-02-28,2026-02-28_小倉11R_別府特別,3倍以上,ワイド,4,6,600,0
2026-02-28,2026-02-28_小倉11R_別府特別,3倍以上,ワイド,5,10,1000,0
2026-02-28,2026-02-28_小倉11R_別府特別,3倍以上,ワイド,6,15,1500,0
2026-02-28,2026-02-28_小倉11R_別府特別,3倍以上,馬連,3,3,300,0
2026-02-28,2026-02-28_小倉11R_別府特別,3倍以上,馬連,4,6,600,0
2026-02-28,2026-02-28_小倉11R_別府特別,3倍以上,馬連,5,10,1000,0
2026-02-28,2026-02-28_小倉11R_別府特別,3倍以上,馬連,6,15,1500,0
2026-02-28,2026-02-28_小倉12R_4歳以上1勝クラス,3倍以上,ワイド,3,3,300,0
2026-02-28,2026-02-28_小倉12R_4歳以上1勝クラス,3倍以上,ワイド,4,6,600,0
2026-02-28,2026-02-28_小倉12R_4歳以上1勝クラス,3倍以上,ワイド,5,10,1000,0
2026-02-28,2026-02-28_小倉12R_4歳以上1勝クラス,3倍以上,ワイド,6,15,1500,2030
2026-02-28,2026-02-28_小倉12R_4歳以上1勝クラス,3倍以上,馬連,3,3,300,0
2026-02-28,2026-02-28_小倉12R_4歳以上1勝クラス,3倍以上,馬連,4,6,600,0
2026-02-28,2026-02-28_小倉12R_4歳以上1勝クラス,3倍以上,馬連,5,10,1000,0
2026-02-28,2026-02-28_小倉12R_4歳以上1勝クラス,3倍以上,馬連,6,15,1500,7550
2026-02-28,2026-02-28_阪神09R_松籟S,2倍台,ワイド,3,3,300,0
2026-02-28,2026-02-28_阪神09R_松籟S,2倍台,ワイド,4,6,600,0
2026-02-28,2026-02-28_阪神09R_松籟S,2倍台,ワイド,5,10,1000,0
2026-02-28,2026-02-28_阪神09R_松籟S,2倍台,ワイド,6,15,1500,140
2026-02-28,2026-02-28_阪神09R_松籟S,2倍台,馬連,3,3,300,0
2026-02-28,2026-02-28_阪神09R_松籟S,2倍台,馬連,4,6,600,0
2026-02-28,2026-02-28_阪神09R_松籟S,2倍台,馬連,5,10,1000,0
2026-02-28,2026-02-28_阪神09R_松籟S,2倍台,馬連,6,15,1500,250
2026-02-28,2026-02-28_阪神10R_マーガレットS,2倍台,ワイド,3,3,300,300
2026-02-28,2026-02-28_阪神10R_マーガレットS,2倍台,ワイド,4,6,600,780
2026-02-28,2026-02-28_阪神10R_マーガレットS,2倍台,ワイド,5,10,1000,780
2026-02-28,2026-02-28_阪神10R_マーガレットS,2倍台,ワイド,6,15,1500,780
2026-02-28,2026-02-28_阪神10R_マーガレットS,2倍台,馬連,3,3,300,0
2026-02-28,2026-02-28_阪神10R_マーガレットS,2倍台,馬連,4,6,600,380
2026-02-28,2026-02-28_阪神10R_マーガレットS,2倍台,馬連,5,10,1000,380
2026-02-28,2026-02-28_阪神10R_マーガレットS,2倍台,馬連,6,15,1500,380
2026-02-28,2026-02-28_阪神11R_仁川S,2倍台,ワイド,3,3,300,0
2026-02-28,2026-02-28_阪神11R_仁川S,2倍台,ワイド,4,6,600,790
2026-02-28,2026-02-28_阪神11R_仁川S,2倍台,ワイド,5,10,1000,790
2026-02-28,2026-02-28_阪神11R_仁川S,2倍台,ワイド,6,15,1500,790
2026-02-28,2026-02-28_阪神11R_仁川S,2倍台,馬連,3,3,300,0
2026-02-28,2026-02-28_阪神11R_仁川S,2倍台,馬連,4,6,600,0
2026-02-28,2026-02-28_阪神11R_仁川S,2倍台,馬連,5,10,1000,0
2026-02-28,2026-02-28_阪神11R_仁川S,2倍台,馬連,6,15,1500,0
2026-02-28,2026-02-28_阪神12R_4歳以上2勝クラス,2倍台,ワイド,3,3,300,0
2026-02-28,2026-02-28_阪神12R_4歳以上2勝クラス,2倍台,ワイド,4,6,600,720
2026-02-28,2026-02-28_阪神12R_4歳以上2勝クラス,2倍台,ワイド,5,10,1000,720
2026-02-28,2026-02-28_阪神12R_4歳以上2勝クラス,2倍台,ワイド,6,15,1500,2930
2026-02-28,2026-02-28_阪神12R_4歳以上2勝クラス,2倍台,馬連,3,3,300,0
2026-02-28,2026-02-28_阪神12R_4歳以上2勝クラス,2倍台,馬連,4,6,600,0
2026-02-28,2026-02-28_阪神12R_4歳以上2勝クラス,2倍台,馬連,5,10,1000,0
2026-02-28,2026-02-28_阪神12R_4歳以上2勝クラス,2倍台,馬連,6,15,1500,1490
2026-03-01,2026-03-01_中山09R_富里特別,2倍台,ワイド,3,3,300,170
2026-03-01,2026-03-01_中山09R_富里特別,2倍台,ワイド,4,6,600,170
2026-03-01,2026-03-01_中山09R_富里特別,2倍台,ワイド,5,10,1000,170
2026-03-01,2026-03-01_中山09R_富里特別,2倍台,ワイド,6,15,1500,170
2026-03-01,2026-03-01_中山09R_富里特別,2倍台,馬連,3,3,300,320
2026-03-01,2026-03-01_中山09R_富里特別,2倍台,馬連,4,6,600,320
2026-03-01,2026-03-01_中山09R_富里特別,2倍台,馬連,5,10,1000,320
2026-03-01,2026-03-01_中山09R_富里特別,2倍台,馬連,6,15,1500,320
2026-03-01,2026-03-01_中山10R_アクアマリンS,2倍台,ワイド,3,3,300,650
2026-03-01,2026-03-01_中山10R_アクアマリンS,2倍台,ワイド,4,6,600,650
2026-03-01,2026-03-01_中山10R_アクアマリンS,2倍台,ワイド,5,10,1000,650
2026-03-01,2026-03-01_中山10R_アクアマリンS,2倍台,ワイド,6,15,1500,650
2026-03-01,2026-03-01_中山10R_アクアマリンS,2倍台,馬連,3,3,300,0
2026-03-01,2026-03-01_中山10R_アクアマリンS,2倍台,馬連,4,6,600,0
2026-03-01,2026-03-01_中山10R_アクアマリンS,2倍台,馬連,5,10,1000,0
2026-03-01,2026-03-01_中山10R_アクアマリンS,2倍台,馬連,6,15,1500,0
2026-03-01,2026-03-01_中山11R_中山記念,3倍以上,ワイド,3,3,300,0
2026-03-01,2026-03-01_中山11R_中山記念,3倍以上,ワイド,4,6,600,400
2026-03-01,2026-03-01_中山11R_中山記念,3倍以上,ワイド,5,10,1000,1270
2026-03-01,2026-03-01_中山11R_中山記念,3倍以上,ワイド,6,15,1500,1270
2026-03-01,2026-03-01_中山11R_中山記念,3倍以上,馬連,3,3,300,0
2026-03-01,2026-03-01_中山11R_中山記念,3倍以上,馬連,4,6,600,0
2026-03-01,2026-03-01_中山11R_中山記念,3倍以上,馬連,5,10,1000,1550
2026-03-01,2026-03-01_中山11R_中山記念,3倍以上,馬連,6,15,1500,1550
2026-03-01,2026-03-01_中山12R_4歳以上2勝クラス,2倍台,ワイド,3,3,300,0
2026-03-01,2026-03-01_中山12R_4歳以上2勝クラス,2倍台,ワイド,4,6,600,220
2026-03-01,2026-03-01_中山12R_4歳以上2勝クラス,2倍台,ワイド,5,10,1000,220
2026-03-01,2026-03-01_中山12R_4歳以上2勝クラス,2倍台,ワイド,6,15,1500,220
2026-03-01,2026-03-01_中山12R_4歳以上2勝クラス,2倍台,馬連,3,3,300,0
2026-03-01,2026-03-01_中山12R_4歳以上2勝クラス,2倍台,馬連,4,6,600,0
2026-03-01,2026-03-01_中山12R_4歳以上2勝クラス,2倍台,馬連,5,10,1000,0
2026-03-01,2026-03-01_中山12R_4歳以上2勝クラス,2倍台,馬連,6,15,1500,0
2026-03-01,2026-03-01_小倉09R_唐戸特別,3倍以上,ワイド,3,3,300,0
2026-03-01,2026-03-01_小倉09R_唐戸特別,3倍以上,ワイド,4,6,600,0
2026-03-01,2026-03-01_小倉09R_唐戸特別,3倍以上,ワイド,5,10,1000,1080
2026-03-01,2026-03-01_小倉09R_唐戸特別,3倍以上,ワイド,6,15,1500,1080
2026-03-01,2026-03-01_小倉09R_唐戸特別,3倍以上,馬連,3,3,300,0
2026-03-01,2026-03-01_小倉09R_唐戸特別,3倍以上,馬連,4,6,600,0
2026-03-01,2026-03-01_小倉09R_唐戸特別,3倍以上,馬連,5,10,1000,0
2026-03-01,2026-03-01_小倉09R_唐戸特別,3倍以上,馬連,6,15,1500,0
2026-03-01,2026-03-01_小倉10R_西日本新聞杯,3倍以上,ワイド,3,3,300,0
2026-03-01,2026-03-01_小倉10R_西日本新聞杯,3倍以上,ワイド,4,6,600,0
2026-03-01,2026-03-01_小倉10R_西日本新聞杯,3倍以上,ワイド,5,10,1000,0
2026-03-01,2026-03-01_小倉10R_西日本新聞杯,3倍以上,ワイド,6,15,1500,0
2026-03-01,2026-03-01_小倉10R_西日本新聞杯,3倍以上,馬連,3,3,300,0
2026-03-01,2026-03-01_小倉10R_西日本新聞杯,3倍以上,馬連,4,6,600,0
2026-03-01,2026-03-01_小倉10R_西日本新聞杯,3倍以上,馬連,5,10,1000,0
2026-03-01,2026-03-01_小倉10R_西日本新聞杯,3倍以上,馬連,6,15,1500,0
2026-03-01,2026-03-01_小倉11R_関門橋S,2倍台,ワイド,3,3,300,0
2026-03-01,2026-03-01_小倉11R_関門橋S,2倍台,ワイド,4,6,600,0
2026-03-01,2026-03-01_小倉11R_関門橋S,2倍台,ワイド,5,10,1000,0
2026-03-01,2026-03-01_小倉11R_関門橋S,2倍台,ワイド,6,15,1500,0
2026-03-01,2026-03-01_小倉11R_関門橋S,2倍台,馬連,3,3,300,0
2026-03-01,2026-03-01_小倉11R_関門橋S,2倍台,馬連,4,6,600,0
2026-03-01,2026-03-01_小倉11R_関門橋S,2倍台,馬連,5,10,1000,0
2026-03-01,2026-03-01_小倉11R_関門橋S,2倍台,馬連,6,15,1500,0
2026-03-01,2026-03-01_小倉12R_4歳以上1勝クラス,2倍台,ワイド,3,3,300,210
2026-03-01,2026-03-01_小倉12R_4歳以上1勝クラス,2倍台,ワイド,4,6,600,210
2026-03-01,2026-03-01_小倉12R_4歳以上1勝クラス,2倍台,ワイド,5,10,1000,210
2026-03-01,2026-03-01_小倉12R_4歳以上1勝クラス,2倍台,ワイド,6,15,1500,210
2026-03-01,2026-03-01_小倉12R_4歳以上1勝クラス,2倍台,馬連,3,3,300,370
2026-03-01,2026-03-01_小倉12R_4歳以上1勝クラス,2倍台,馬連,4,6,600,370
2026-03-01,2026-03-01_小倉12R_4歳以上1勝クラス,2倍台,馬連,5,10,1000,370
2026-03-01,2026-03-01_小倉12R_4歳以上1勝クラス,2倍台,馬連,6,15,1500,370
2026-03-01,2026-03-01_阪神09R_山陽特別,1倍台,ワイド,3,3,300,500
2026-03-01,2026-03-01_阪神09R_山陽特別,1倍台,ワイド,4,6,600,500
2026-03-01,2026-03-01_阪神09R_山陽特別,1倍台,ワイド,5,10,1000,500
2026-03-01,2026-03-01_阪神09R_山陽特別,1倍台,ワイド,6,15,1500,500
2026-03-01,2026-03-01_阪神09R_山陽特別,1倍台,馬連,3,3,300,300
2026-03-01,2026-03-01_阪神09R_山陽特別,1倍台,馬連,4,6,600,300
2026-03-01,2026-03-01_阪神09R_山陽特別,1倍台,馬連,5,10,1000,300
2026-03-01,2026-03-01_阪神09R_山陽特別,1倍台,馬連,6,15,1500,300
2026-03-01,2026-03-01_阪神10R_伊丹S,2倍台,ワイド,3,3,300,0
2026-03-01,2026-03-01_阪神10R_伊丹S,2倍台,ワイド,4,6,600,810
2026-03-01,2026-03-01_阪神10R_伊丹S,2倍台,ワイド,5,10,1000,810
2026-03-01,2026-03-01_阪神10R_伊丹S,2倍台,ワイド,6,15,1500,810
2026-03-01,2026-03-01_阪神10R_伊丹S,2倍台,馬連,3,3,300,0
2026-03-01,2026-03-01_阪神10R_伊丹S,2倍台,馬連,4,6,600,2430
2026-03-01,2026-03-01_阪神10R_伊丹S,2倍台,馬連,5,10,1000,2430
2026-03-01,2026-03-01_阪神10R_伊丹S,2倍台,馬連,6,15,1500,2430
2026-03-01,2026-03-01_阪神11R_チューリップ賞,2倍台,ワイド,3,3,300,0
2026-03-01,2026-03-01_阪神11R_チューリップ賞,2倍台,ワイド,4,6,600,810
2026-03-01,2026-03-01_阪神11R_チューリップ賞,2倍台,ワイド,5,10,1000,810
2026-03-01,2026-03-01_阪神11R_チューリップ賞,2倍台,ワイド,6,15,1500,810
2026-03-01,2026-03-01_阪神11R_チューリップ賞,2倍台,馬連,3,3,300,0
2026-03-01,2026-03-01_阪神11R_チューリップ賞,2倍台,馬連,4,6,600,2960
2026-03-01,2026-03-01_阪神11R_チューリップ賞,2倍台,馬連,5,10,1000,2960
2026-03-01,2026-03-01_阪神11R_チューリップ賞,2倍台,馬連,6,15,1500,2960
2026-03-01,2026-03-01_阪神12R_4歳以上2勝クラス,3倍以上,ワイド,3,3,300,0
2026-03-01,2026-03-01_阪神12R_4歳以上2勝クラス,3倍以上,ワイド,4,6,600,1890
2026-03-01,2026-03-01_阪神12R_4歳以上2勝クラス,3倍以上,ワイド,5,10,1000,1890
2026-03-01,2026-03-01_阪神12R_4歳以上2勝クラス,3倍以上,ワイド,6,15,1500,1890
2026-03-01,2026-03-01_阪神12R_4歳以上2勝クラス,3倍以上,馬連,3,3,300,0
2026-03-01,2026-03-01_阪神12R_4歳以上2勝クラス,3倍以上,馬連,4,6,600,0
2026-03-01,2026-03-01_阪神12R_4歳以上2勝クラス,3倍以上,馬連,5,10,1000,0
2026-03-01,2026-03-01_阪神12R_4歳以上2勝クラス,3倍以上,馬連,6,15,1500,0
2026-03-07,2026-03-07_中山09R_潮来特別,1倍台,ワイド,3,3,300,0
2026-03-07,2026-03-07_中山09R_潮来特別,1倍台,ワイド,4,6,600,0
2026-03-07,2026-03-07_中山09R_潮来特別,1倍台,ワイド,5,10,1000,390
2026-03-07,2026-03-07_中山09R_潮来特別,1倍台,ワイド,6,15,1500,390
2026-03-07,2026-03-07_中山09R_潮来特別,1倍台,馬連,3,3,300,0
2026-03-07,2026-03-07_中山09R_潮来特別,1倍台,馬連,4,6,600,0
2026-03-07,2026-03-07_中山09R_潮来特別,1倍台,馬連,5,10,1000,0
2026-03-07,2026-03-07_中山09R_潮来特別,1倍台,馬連,6,15,1500,0
2026-03-07,2026-03-07_中山10R_上総S,3倍以上,ワイド,3,3,300,0
2026-03-07,2026-03-07_中山10R_上総S,3倍以上,ワイド,4,6,600,0
2026-03-07,2026-03-07_中山10R_上総S,3倍以上,ワイド,5,10,1000,0
2026-03-07,2026-03-07_中山10R_上総S,3倍以上,ワイド,6,15,1500,0
2026-03-07,2026-03-07_中山10R_上総S,3倍以上,馬連,3,3,300,0
2026-03-07,2026-03-07_中山10R_上総S,3倍以上,馬連,4,6,600,0
2026-03-07,2026-03-07_中山10R_上総S,3倍以上,馬連,5,10,1000,0
2026-03-07,2026-03-07_中山10R_上総S,3倍以上,馬連,6,15,1500,0
2026-03-07,2026-03-07_中山11R_中山牝馬S,3倍以上,ワイド,3,3,300,0
2026-03-07,2026-03-07_中山11R_中山牝馬S,3倍以上,ワイド,4,6,600,0
2026-03-07,2026-03-07_中山11R_中山牝馬S,3倍以上,ワイド,5,10,1000,1200
2026-03-07,2026-03-07_中山11R_中山牝馬S,3倍以上,ワイド,6,15,1500,1200
2026-03-07,2026-03-07_中山11R_中山牝馬S,3倍以上,馬連,3,3,300,0
2026-03-07,2026-03-07_中山11R_中山牝馬S,3倍以上,馬連,4,6,600,0
2026-03-07,2026-03-07_中山11R_中山牝馬S,3倍以上,馬連,5,10,1000,0
2026-03-07,2026-03-07_中山11R_中山牝馬S,3倍以上,馬連,6,15,1500,0
2026-03-07,2026-03-07_中山12R_4歳以上1勝クラス,2倍台,ワイド,3,3,300,320
2026-03-07,2026-03-07_中山12R_4歳以上1勝クラス,2倍台,ワイド,4,6,600,2340
2026-03-07,2026-03-07_中山12R_4歳以上1勝クラス,2倍台,ワイド,5,10,1000,2340
2026-03-07,2026-03-07_中山12R_4歳以上1勝クラス,2倍台,ワイド,6,15,1500,2340
2026-03-07,2026-03-07_中山12R_4歳以上1勝クラス,2倍台,馬連,3,3,300,0
2026-03-07,2026-03-07_中山12R_4歳以上1勝クラス,2倍台,馬連,4,6,600,4840
2026-03-07,2026-03-07_中山12R_4歳以上1勝クラス,2倍台,馬連,5,10,1000,4840
2026-03-07,2026-03-07_中山12R_4歳以上1勝クラス,2倍台,馬連,6,15,1500,4840
2026-03-07,2026-03-07_阪神09R_千里山特別,1倍台,ワイド,3,3,300,160
2026-03-07,2026-03-07_阪神09R_千里山特別,1倍台,ワイド,4,6,600,160
2026-03-07,2026-03-07_阪神09R_千里山特別,1倍台,ワイド,5,10,1000,160
2026-03-07,2026-03-07_阪神09R_千里山特別,1倍台,ワイド,6,15,1500,160
2026-03-07,2026-03-07_阪神09R_千里山特別,1倍台,馬連,3,3,300,0
2026-03-07,2026-03-07_阪神09R_千里山特別,1倍台,馬連,4,6,600,0
2026-03-07,2026-03-07_阪神09R_千里山特別,1倍台,馬連,5,10,1000,0
2026-03-07,2026-03-07_阪神09R_千里山特別,1倍台,馬連,6,15,1500,0
2026-03-07,2026-03-07_阪神10R_なにわS,3倍以上,ワイド,3,3,300,0
2026-03-07,2026-03-07_阪神10R_なにわS,3倍以上,ワイド,4,6,600,0
2026-03-07,2026-03-07_阪神10R_なにわS,3倍以上,ワイド,5,10,1000,350
2026-03-07,2026-03-07_阪神10R_なにわS,3倍以上,ワイド,6,15,1500,350
2026-03-07,2026-03-07_阪神10R_なにわS,3倍以上,馬連,3,3,300,0
2026-03-07,2026-03-07_阪神10R_なにわS,3倍以上,馬連,4,6,600,0
2026-03-07,2026-03-07_阪神10R_なにわS,3倍以上,馬連,5,10,1000,860
2026-03-07,2026-03-07_阪神10R_なにわS,3倍以上,馬連,6,15,1500,860
2026-03-07,2026-03-07_阪神11R_フィリーズレビュー,3倍以上,ワイド,3,3,300,0
2026-03-07,2026-03-07_阪神11R_フィリーズレビュー,3倍以上,ワイド,4,6,600,0
2026-03-07,2026-03-07_阪神11R_フィリーズレビュー,3倍以上,ワイド,5,10,1000,0
2026-03-07,2026-03-07_阪神11R_フィリーズレビュー,3倍以上,ワイド,6,15,1500,0
2026-03-07,2026-03-07_阪神11R_フィリーズレビュー,3倍以上,馬連,3,3,300,0
2026-03-07,2026-03-07_阪神11R_フィリーズレビュー,3倍以上,馬連,4,6,600,0
2026-03-07,2026-03-07_阪神11R_フィリーズレビュー,3倍以上,馬連,5,10,1000,0
2026-03-07,2026-03-07_阪神11R_フィリーズレビュー,3倍以上,馬連,6,15,1500,0
2026-03-07,2026-03-07_阪神12R_4歳以上1勝クラス,1倍台,ワイド,3,3,300,1090
2026-03-07,2026-03-07_阪神12R_4歳以上1勝クラス,1倍台,ワイド,4,6,600,1090
2026-03-07,2026-03-07_阪神12R_4歳以上1勝クラス,1倍台,ワイド,5,10,1000,1090
2026-03-07,2026-03-07_阪神12R_4歳以上1勝クラス,1倍台,ワイド,6,15,1500,1090
2026-03-07,2026-03-07_阪神12R_4歳以上1勝クラス,1倍台,馬連,3,3,300,620
2026-03-07,2026-03-07_阪神12R_4歳以上1勝クラス,1倍台,馬連,4,6,600,620
2026-03-07,2026-03-07_阪神12R_4歳以上1勝クラス,1倍台,馬連,5,10,1000,620
2026-03-07,2026-03-07_阪神12R_4歳以上1勝クラス,1倍台,馬連,6,15,1500,620
2026-03-08,2026-03-08_中山09R_湾岸S,2倍台,ワイド,3,3,300,280
2026-03-08,2026-03-08_中山09R_湾岸S,2倍台,ワイド,4,6,600,280
2026-03-08,2026-03-08_中山09R_湾岸S,2倍台,ワイド,5,10,1000,280
2026-03-08,2026-03-08_中山09R_湾岸S,2倍台,ワイド,6,15,1500,280
2026-03-08,2026-03-08_中山09R_湾岸S,2倍台,馬連,3,3,300,0
2026-03-08,2026-03-08_中山09R_湾岸S,2倍台,馬連,4,6,600,0
2026-03-08,2026-03-08_中山09R_湾岸S,2倍台,馬連,5,10,1000,0
2026-03-08,2026-03-08_中山09R_湾岸S,2倍台,馬連,6,15,1500,0
2026-03-08,2026-03-08_中山10R_総武S,3倍以上,ワイド,3,3,300,0
2026-03-08,2026-03-08_中山10R_総武S,3倍以上,ワイド,4,6,600,0
2026-03-08,2026-03-08_中山10R_総武S,3倍以上,ワイド,5,10,1000,0
2026-03-08,2026-03-08_中山10R_総武S,3倍以上,ワイド,6,15,1500,0
2026-03-08,2026-03-08_中山10R_総武S,3倍以上,馬連,3,3,300,0
2026-03-08,2026-03-08_中山10R_総武S,3倍以上,馬連,4,6,600,0
2026-03-08,2026-03-08_中山10R_総武S,3倍以上,馬連,5,10,1000,0
2026-03-08,2026-03-08_中山10R_総武S,3倍以上,馬連,6,15,1500,0
2026-03-08,2026-03-08_中山11R_弥生賞ディープインパクト記念,2倍台,ワイド,3,3,300,140
2026-03-08,2026-03-08_中山11R_弥生賞ディープインパクト記念,2倍台,ワイド,4,6,600,700
2026-03-08,2026-03-08_中山11R_弥生賞ディープインパクト記念,2倍台,ワイド,5,10,1000,700
2026-03-08,2026-03-08_中山11R_弥生賞ディープインパクト記念,2倍台,ワイド,6,15,1500,700
2026-03-08,2026-03-08_中山11R_弥生賞ディープインパクト記念,2倍台,馬連,3,3,300,0
2026-03-08,2026-03-08_中山11R_弥生賞ディープインパクト記念,2倍台,馬連,4,6,600,1060
2026-03-08,2026-03-08_中山11R_弥生賞ディープインパクト記念,2倍台,馬連,5,10,1000,1060
2026-03-08,2026-03-08_中山11R_弥生賞ディープインパクト記念,2倍台,馬連,6,15,1500,1060
2026-03-08,2026-03-08_中山12R_4歳以上2勝クラス,3倍以上,ワイド,3,3,300,0
2026-03-08,2026-03-08_中山12R_4歳以上2勝クラス,3倍以上,ワイド,4,6,600,0
2026-03-08,2026-03-08_中山12R_4歳以上2勝クラス,3倍以上,ワイド,5,10,1000,0
2026-03-08,2026-03-08_中山12R_4歳以上2勝クラス,3倍以上,ワイド,6,15,1500,0
2026-03-08,2026-03-08_中山12R_4歳以上2勝クラス,3倍以上,馬連,3,3,300,0
2026-03-08,2026-03-08_中山12R_4歳以上2勝クラス,3倍以上,馬連,4,6,600,0
2026-03-08,2026-03-08_中山12R_4歳以上2勝クラス,3倍以上,馬連,5,10,1000,0
2026-03-08,2026-03-08_中山12R_4歳以上2勝クラス,3倍以上,馬連,6,15,1500,0
2026-03-08,2026-03-08_阪神09R_アルメリア賞,2倍台,ワイド,3,3,300,380
2026-03-08,2026-03-08_阪神09R_アルメリア賞,2倍台,ワイド,4,6,600,380
2026-03-08,2026-03-08_阪神09R_アルメリア賞,2倍台,ワイド,5,10,1000,380
2026-03-08,2026-03-08_阪神09R_アルメリア賞,2倍台,ワイド,6,15,1500,1430
2026-03-08,2026-03-08_阪神09R_アルメリア賞,2倍台,馬連,3,3,300,0
2026-03-08,2026-03-08_阪神09R_アルメリア賞,2倍台,馬連,4,6,600,0
2026-03-08,2026-03-08_阪神09R_アルメリア賞,2倍台,馬連,5,10,1000,0
2026-03-08,2026-03-08_阪神09R_アルメリア賞,2倍台,馬連,6,15,1500,1150
2026-03-08,2026-03-08_阪神10R_岸和田S,2倍台,ワイド,3,3,300,0
2026-03-08,2026-03-08_阪神10R_岸和田S,2倍台,ワイド,4,6,600,0
2026-03-08,2026-03-08_阪神10R_岸和田S,2倍台,ワイド,5,10,1000,0
2026-03-08,2026-03-08_阪神10R_岸和田S,2倍台,ワイド,6,15,1500,0
2026-03-08,2026-03-08_阪神10R_岸和田S,2倍台,馬連,3,3,300,0
2026-03-08,2026-03-08_阪神10R_岸和田S,2倍台,馬連,4,6,600,0
2026-03-08,2026-03-08_阪神10R_岸和田S,2倍台,馬連,5,10,1000,0
2026-03-08,2026-03-08_阪神10R_岸和田S,2倍台,馬連,6,15,1500,0
2026-03-08,2026-03-08_阪神11R_大阪城S,3倍以上,ワイド,3,3,300,0
2026-03-08,2026-03-08_阪神11R_大阪城S,3倍以上,ワイド,4,6,600,0
2026-03-08,2026-03-08_阪神11R_大阪城S,3倍以上,ワイド,5,10,1000,0
2026-03-08,2026-03-08_阪神11R_大阪城S,3倍以上,ワイド,6,15,1500,590
2026-03-08,2026-03-08_阪神11R_大阪城S,3倍以上,馬連,3,3,300,0
2026-03-08,2026-03-08_阪神11R_大阪城S,3倍以上,馬連,4,6,600,0
2026-03-08,2026-03-08_阪神11R_大阪城S,3倍以上,馬連,5,10,1000,0
2026-03-08,2026-03-08_阪神11R_大阪城S,3倍以上,馬連,6,15,1500,0
2026-03-08,2026-03-08_阪神12R_4歳以上2勝クラス,2倍台,ワイド,3,3,300,0
2026-03-08,2026-03-08_阪神12R_4歳以上2勝クラス,2倍台,ワイド,4,6,600,0
2026-03-08,2026-03-08_阪神12R_4歳以上2勝クラス,2倍台,ワイド,5,10,1000,0
2026-03-08,2026-03-08_阪神12R_4歳以上2勝クラス,2倍台,ワイド,6,15,1500,0
2026-03-08,2026-03-08_阪神12R_4歳以上2勝クラス,2倍台,馬連,3,3,300,0
2026-03-08,2026-03-08_阪神12R_4歳以上2勝クラス,2倍台,馬連,4,6,600,0
2026-03-08,2026-03-08_阪神12R_4歳以上2勝クラス,2倍台,馬連,5,10,1000,0
2026-03-08,2026-03-08_阪神12R_4歳以上2勝クラス,2倍台,馬連,6,15,1500,0
2026-03-14,2026-03-14_中京09R_鶴舞特別,2倍台,ワイド,3,3,300,0
2026-03-14,2026-03-14_中京09R_鶴舞特別,2倍台,ワイド,4,6,600,0
2026-03-14,2026-03-14_中京09R_鶴舞特別,2倍台,ワイド,5,10,1000,0
2026-03-14,2026-03-14_中京09R_鶴舞特別,2倍台,ワイド,6,15,1500,0
2026-03-14,2026-03-14_中京09R_鶴舞特別,2倍台,馬連,3,3,300,0
2026-03-14,2026-03-14_中京09R_鶴舞特別,2倍台,馬連,4,6,600,0
2026-03-14,2026-03-14_中京09R_鶴舞特別,2倍台,馬連,5,10,1000,0
2026-03-14,2026-03-14_中京09R_鶴舞特別,2倍台,馬連,6,15,1500,0
2026-03-14,2026-03-14_中京10R_茶臼山高原特別,3倍以上,ワイド,3,3,300,1330
2026-03-14,2026-03-14_中京10R_茶臼山高原特別,3倍以上,ワイド,4,6,600,1330
2026-03-14,2026-03-14_中京10R_茶臼山高原特別,3倍以上,ワイド,5,10,1000,1330
2026-03-14,2026-03-14_中京10R_茶臼山高原特別,3倍以上,ワイド,6,15,1500,1330
2026-03-14,2026-03-14_中京10R_茶臼山高原特別,3倍以上,馬連,3,3,300,1490
2026-03-14,2026-03-14_中京10R_茶臼山高原特別,3倍以上,馬連,4,6,600,1490
2026-03-14,2026-03-14_中京10R_茶臼山高原特別,3倍以上,馬連,5,10,1000,1490
2026-03-14,2026-03-14_中京10R_茶臼山高原特別,3倍以上,馬連,6,15,1500,1490
2026-03-14,2026-03-14_中京11R_中京スポーツ杯,2倍台,ワイド,3,3,300,190
2026-03-14,2026-03-14_中京11R_中京スポーツ杯,2倍台,ワイド,4,6,600,190
2026-03-14,2026-03-14_中京11R_中京スポーツ杯,2倍台,ワイド,5,10,1000,190
2026-03-14,2026-03-14_中京11R_中京スポーツ杯,2倍台,ワイド,6,15,1500,190
2026-03-14,2026-03-14_中京11R_中京スポーツ杯,2倍台,馬連,3,3,300,300
2026-03-14,2026-03-14_中京11R_中京スポーツ杯,2倍台,馬連,4,6,600,300
2026-03-14,2026-03-14_中京11R_中京スポーツ杯,2倍台,馬連,5,10,1000,300
2026-03-14,2026-03-14_中京11R_中京スポーツ杯,2倍台,馬連,6,15,1500,300
2026-03-14,2026-03-14_中京12R_4歳以上1勝クラス,3倍以上,ワイド,3,3,300,0
2026-03-14,2026-03-14_中京12R_4歳以上1勝クラス,3倍以上,ワイド,4,6,600,0
2026-03-14,2026-03-14_中京12R_4歳以上1勝クラス,3倍以上,ワイド,5,10,1000,0
2026-03-14,2026-03-14_中京12R_4歳以上1勝クラス,3倍以上,ワイド,6,15,1500,0
2026-03-14,2026-03-14_中京12R_4歳以上1勝クラス,3倍以上,馬連,3,3,300,0
2026-03-14,2026-03-14_中京12R_4歳以上1勝クラス,3倍以上,馬連,4,6,600,0
2026-03-14,2026-03-14_中京12R_4歳以上1勝クラス,3倍以上,馬連,5,10,1000,0
2026-03-14,2026-03-14_中京12R_4歳以上1勝クラス,3倍以上,馬連,6,15,1500,0
2026-03-14,2026-03-14_中山09R_房総特別,2倍台,ワイド,3,3,300,1440
2026-03-14,2026-03-14_中山09R_房総特別,2倍台,ワイド,4,6,600,8590
2026-03-14,2026-03-14_中山09R_房総特別,2倍台,ワイド,5,10,1000,8590
2026-03-14,2026-03-14_中山09R_房総特別,2倍台,ワイド,6,15,1500,8590
2026-03-14,2026-03-14_中山09R_房総特別,2倍台,馬連,3,3,300,0
2026-03-14,2026-03-14_中山09R_房総特別,2倍台,馬連,4,6,600,7040
2026-03-14,2026-03-14_中山09R_房総特別,2倍台,馬連,5,10,1000,7040
2026-03-14,2026-03-14_中山09R_房総特別,2倍台,馬連,6,15,1500,7040
2026-03-14,2026-03-14_中山10R_幕張S,2倍台,ワイド,3,3,300,0
2026-03-14,2026-03-14_中山10R_幕張S,2倍台,ワイド,4,6,600,0
2026-03-14,2026-03-14_中山10R_幕張S,2倍台,ワイド,5,10,1000,0
2026-03-14,2026-03-14_中山10R_幕張S,2倍台,ワイド,6,15,1500,420
2026-03-14,2026-03-14_中山10R_幕張S,2倍台,馬連,3,3,300,0
2026-03-14,2026-03-14_中山10R_幕張S,2倍台,馬連,4,6,600,0
2026-03-14,2026-03-14_中山10R_幕張S,2倍台,馬連,5,10,1000,0
2026-03-14,2026-03-14_中山10R_幕張S,2倍台,馬連,6,15,1500,0
2026-03-14,2026-03-14_中山11R_アネモネS,3倍以上,ワイド,3,3,300,0
2026-03-14,2026-03-14_中山11R_アネモネS,3倍以上,ワイド,4,6,600,0
2026-03-14,2026-03-14_中山11R_アネモネS,3倍以上,ワイド,5,10,1000,0
2026-03-14,2026-03-14_中山11R_アネモネS,3倍以上,ワイド,6,15,1500,0
2026-03-14,2026-03-14_中山11R_アネモネS,3倍以上,馬連,3,3,300,0
2026-03-14,2026-03-14_中山11R_アネモネS,3倍以上,馬連,4,6,600,0
2026-03-14,2026-03-14_中山11R_アネモネS,3倍以上,馬連,5,10,1000,0
2026-03-14,2026-03-14_中山11R_アネモネS,3倍以上,馬連,6,15,1500,0
2026-03-14,2026-03-14_中山12R_4歳以上2勝クラス,3倍以上,ワイド,3,3,300,0
2026-03-14,2026-03-14_中山12R_4歳以上2勝クラス,3倍以上,ワイド,4,6,600,0
2026-03-14,2026-03-14_中山12R_4歳以上2勝クラス,3倍以上,ワイド,5,10,1000,0
2026-03-14,2026-03-14_中山12R_4歳以上2勝クラス,3倍以上,ワイド,6,15,1500,0
2026-03-14,2026-03-14_中山12R_4歳以上2勝クラス,3倍以上,馬連,3,3,300,0
2026-03-14,2026-03-14_中山12R_4歳以上2勝クラス,3倍以上,馬連,4,6,600,0
2026-03-14,2026-03-14_中山12R_4歳以上2勝クラス,3倍以上,馬連,5,10,1000,0
2026-03-14,2026-03-14_中山12R_4歳以上2勝クラス,3倍以上,馬連,6,15,1500,0
2026-03-14,2026-03-14_阪神09R_讃岐特別,3倍以上,ワイド,3,3,300,1540
2026-03-14,2026-03-14_阪神09R_讃岐特別,3倍以上,ワイド,4,6,600,1540
2026-03-14,2026-03-14_阪神09R_讃岐特別,3倍以上,ワイド,5,10,1000,1540
2026-03-14,2026-03-14_阪神09R_讃岐特別,3倍以上,ワイド,6,15,1500,3970
2026-03-14,2026-03-14_阪神09R_讃岐特別,3倍以上,馬連,3,3,300,0
2026-03-14,2026-03-14_阪神09R_讃岐特別,3倍以上,馬連,4,6,600,0
2026-03-14,2026-03-14_阪神09R_讃岐特別,3倍以上,馬連,5,10,1000,0
2026-03-14,2026-03-14_阪神09R_讃岐特別,3倍以上,馬連,6,15,1500,2620
2026-03-14,2026-03-14_阪神10R_難波S,2倍台,ワイド,3,3,300,510
2026-03-14,2026-03-14_阪神10R_難波S,2倍台,ワイド,4,6,600,510
2026-03-14,2026-03-14_阪神10R_難波S,2倍台,ワイド,5,10,1000,510
2026-03-14,2026-03-14_阪神10R_難波S,2倍台,ワイド,6,15,1500,510
2026-03-14,2026-03-14_阪神10R_難波S,2倍台,馬連,3,3,300,0
2026-03-14,2026-03-14_阪神10R_難波S,2倍台,馬連,4,6,600,0
2026-03-14,2026-03-14_阪神10R_難波S,2倍台,馬連,5,10,1000,0
2026-03-14,2026-03-14_阪神10R_難波S,2倍台,馬連,6,15,1500,0
2026-03-14,2026-03-14_阪神11R_コーラルS,2倍台,ワイド,3,3,300,320
2026-03-14,2026-03-14_阪神11R_コーラルS,2倍台,ワイド,4,6,600,320
2026-03-14,2026-03-14_阪神11R_コーラルS,2倍台,ワイド,5,10,1000,320
2026-03-14,2026-03-14_阪神11R_コーラルS,2倍台,ワイド,6,15,1500,320
2026-03-14,2026-03-14_阪神11R_コーラルS,2倍台,馬連,3,3,300,0
2026-03-14,2026-03-14_阪神11R_コーラルS,2倍台,馬連,4,6,600,0
2026-03-14,2026-03-14_阪神11R_コーラルS,2倍台,馬連,5,10,1000,0
2026-03-14,2026-03-14_阪神11R_コーラルS,2倍台,馬連,6,15,1500,0
2026-03-14,2026-03-14_阪神12R_4歳以上1勝クラス,2倍台,ワイド,3,3,300,500
2026-03-14,2026-03-14_阪神12R_4歳以上1勝クラス,2倍台,ワイド,4,6,600,500
2026-03-14,2026-03-14_阪神12R_4歳以上1勝クラス,2倍台,ワイド,5,10,1000,500
2026-03-14,2026-03-14_阪神12R_4歳以上1勝クラス,2倍台,ワイド,6,15,1500,500
2026-03-14,2026-03-14_阪神12R_4歳以上1勝クラス,2倍台,馬連,3,3,300,220
2026-03-14,2026-03-14_阪神12R_4歳以上1勝クラス,2倍台,馬連,4,6,600,220
2026-03-14,2026-03-14_阪神12R_4歳以上1勝クラス,2倍台,馬連,5,10,1000,220
2026-03-14,2026-03-14_阪神12R_4歳以上1勝クラス,2倍台,馬連,6,15,1500,220
2026-03-15,2026-03-15_中京09R_伊良湖特別,3倍以上,ワイド,3,3,300,0
2026-03-15,2026-03-15_中京09R_伊良湖特別,3倍以上,ワイド,4,6,600,0
2026-03-15,2026-03-15_中京09R_伊良湖特別,3倍以上,ワイド,5,10,1000,0
2026-03-15,2026-03-15_中京09R_伊良湖特別,3倍以上,ワイド,6,15,1500,680
2026-03-15,2026-03-15_中京09R_伊良湖特別,3倍以上,馬連,3,3,300,0
2026-03-15,2026-03-15_中京09R_伊良湖特別,3倍以上,馬連,4,6,600,0
2026-03-15,2026-03-15_中京09R_伊良湖特別,3倍以上,馬連,5,10,1000,0
2026-03-15,2026-03-15_中京09R_伊良湖特別,3倍以上,馬連,6,15,1500,0
2026-03-15,2026-03-15_中京10R_昇竜S,2倍台,ワイド,3,3,300,0
2026-03-15,2026-03-15_中京10R_昇竜S,2倍台,ワイド,4,6,600,900
2026-03-15,2026-03-15_中京10R_昇竜S,2倍台,ワイド,5,10,1000,4730
2026-03-15,2026-03-15_中京10R_昇竜S,2倍台,ワイド,6,15,1500,4730
2026-03-15,2026-03-15_中京10R_昇竜S,2倍台,馬連,3,3,300,0
2026-03-15,2026-03-15_中京10R_昇竜S,2倍台,馬連,4,6,600,2710
2026-03-15,2026-03-15_中京10R_昇竜S,2倍台,馬連,5,10,1000,2710
2026-03-15,2026-03-15_中京10R_昇竜S,2倍台,馬連,6,15,1500,2710
2026-03-15,2026-03-15_中京11R_金鯱賞,3倍以上,ワイド,3,3,300,0
2026-03-15,2026-03-15_中京11R_金鯱賞,3倍以上,ワイド,4,6,600,0
2026-03-15,2026-03-15_中京11R_金鯱賞,3倍以上,ワイド,5,10,1000,0
2026-03-15,2026-03-15_中京11R_金鯱賞,3倍以上,ワイド,6,15,1500,640
2026-03-15,2026-03-15_中京11R_金鯱賞,3倍以上,馬連,3,3,300,0
2026-03-15,2026-03-15_中京11R_金鯱賞,3倍以上,馬連,4,6,600,0
2026-03-15,2026-03-15_中京11R_金鯱賞,3倍以上,馬連,5,10,1000,0
2026-03-15,2026-03-15_中京11R_金鯱賞,3倍以上,馬連,6,15,1500,0
2026-03-15,2026-03-15_中京12R_4歳以上1勝クラス,3倍以上,ワイド,3,3,300,0
2026-03-15,2026-03-15_中京12R_4歳以上1勝クラス,3倍以上,ワイド,4,6,600,0
2026-03-15,2026-03-15_中京12R_4歳以上1勝クラス,3倍以上,ワイド,5,10,1000,0
2026-03-15,2026-03-15_中京12R_4歳以上1勝クラス,3倍以上,ワイド,6,15,1500,0
2026-03-15,2026-03-15_中京12R_4歳以上1勝クラス,3倍以上,馬連,3,3,300,0
2026-03-15,2026-03-15_中京12R_4歳以上1勝クラス,3倍以上,馬連,4,6,600,0
2026-03-15,2026-03-15_中京12R_4歳以上1勝クラス,3倍以上,馬連,5,10,1000,0
2026-03-15,2026-03-15_中京12R_4歳以上1勝クラス,3倍以上,馬連,6,15,1500,0
2026-03-15,2026-03-15_中山09R_阿見特別,2倍台,ワイド,3,3,300,0
2026-03-15,2026-03-15_中山09R_阿見特別,2倍台,ワイド,4,6,600,640
2026-03-15,2026-03-15_中山09R_阿見特別,2倍台,ワイド,5,10,1000,640
2026-03-15,2026-03-15_中山09R_阿見特別,2倍台,ワイド,6,15,1500,2700
2026-03-15,2026-03-15_中山09R_阿見特別,2倍台,馬連,3,3,300,0
2026-03-15,2026-03-15_中山09R_阿見特別,2倍台,馬連,4,6,600,0
2026-03-15,2026-03-15_中山09R_阿見特別,2倍台,馬連,5,10,1000,0
2026-03-15,2026-03-15_中山09R_阿見特別,2倍台,馬連,6,15,1500,3420
2026-03-15,2026-03-15_中山10R_東風S,2倍台,ワイド,3,3,300,0
2026-03-15,2026-03-15_中山10R_東風S,2倍台,ワイド,4,6,600,530
2026-03-15,2026-03-15_中山10R_東風S,2倍台,ワイド,5,10,1000,530
2026-03-15,2026-03-15_中山10R_東風S,2倍台,ワイド,6,15,1500,530
2026-03-15,2026-03-15_中山10R_東風S,2倍台,馬連,3,3,300,0
2026-03-15,2026-03-15_中山10R_東風S,2倍台,馬連,4,6,600,1230
2026-03-15,2026-03-15_中山10R_東風S,2倍台,馬連,5,10,1000,1230
2026-03-15,2026-03-15_中山10R_東風S,2倍台,馬連,6,15,1500,1230
2026-03-15,2026-03-15_中山11R_スプリングS,2倍台,ワイド,3,3,300,0
2026-03-15,2026-03-15_中山11R_スプリングS,2倍台,ワイド,4,6,600,0
2026-03-15,2026-03-15_中山11R_スプリングS,2倍台,ワイド,5,10,1000,0
2026-03-15,2026-03-15_中山11R_スプリングS,2倍台,ワイド,6,15,1500,0
2026-03-15,2026-03-15_中山11R_スプリングS,2倍台,馬連,3,3,300,0
2026-03-15,2026-03-15_中山11R_スプリングS,2倍台,馬連,4,6,600,0
2026-03-15,2026-03-15_中山11R_スプリングS,2倍台,馬連,5,10,1000,0
2026-03-15,2026-03-15_中山11R_スプリングS,2倍台,馬連,6,15,1500,0
2026-03-15,2026-03-15_中山12R_4歳以上1勝クラス,3倍以上,ワイド,3,3,300,0
2026-03-15,2026-03-15_中山12R_4歳以上1勝クラス,3倍以上,ワイド,4,6,600,0
2026-03-15,2026-03-15_中山12R_4歳以上1勝クラス,3倍以上,ワイド,5,10,1000,0
2026-03-15,2026-03-15_中山12R_4歳以上1勝クラス,3倍以上,ワイド,6,15,1500,970
2026-03-15,2026-03-15_中山12R_4歳以上1勝クラス,3倍以上,馬連,3,3,300,0
2026-03-15,2026-03-15_中山12R_4歳以上1勝クラス,3倍以上,馬連,4,6,600,0
2026-03-15,2026-03-15_中山12R_4歳以上1勝クラス,3倍以上,馬連,5,10,1000,0
2026-03-15,2026-03-15_中山12R_4歳以上1勝クラス,3倍以上,馬連,6,15,1500,0
2026-03-15,2026-03-15_阪神09R_ゆきやなぎ賞,2倍台,ワイド,3,3,300,0
2026-03-15,2026-03-15_阪神09R_ゆきやなぎ賞,2倍台,ワイド,4,6,600,0
2026-03-15,2026-03-15_阪神09R_ゆきやなぎ賞,2倍台,ワイド,5,10,1000,340
2026-03-15,2026-03-15_阪神09R_ゆきやなぎ賞,2倍台,ワイド,6,15,1500,340
2026-03-15,2026-03-15_阪神09R_ゆきやなぎ賞,2倍台,馬連,3,3,300,0
2026-03-15,2026-03-15_阪神09R_ゆきやなぎ賞,2倍台,馬連,4,6,600,0
2026-03-15,2026-03-15_阪神09R_ゆきやなぎ賞,2倍台,馬連,5,10,1000,0
2026-03-15,2026-03-15_阪神09R_ゆきやなぎ賞,2倍台,馬連,6,15,1500,0
2026-03-15,2026-03-15_阪神10R_甲南S,2倍台,ワイド,3,3,300,0
2026-03-15,2026-03-15_阪神10R_甲南S,2倍台,ワイド,4,6,600,0
2026-03-15,2026-03-15_阪神10R_甲南S,2倍台,ワイド,5,10,1000,0
2026-03-15,2026-03-15_阪神10R_甲南S,2倍台,ワイド,6,15,1500,0
2026-03-15,2026-03-15_阪神10R_甲南S,2倍台,馬連,3,3,300,0
2026-03-15,2026-03-15_阪神10R_甲南S,2倍台,馬連,4,6,600,0
2026-03-15,2026-03-15_阪神10R_甲南S,2倍台,馬連,5,10,1000,0
2026-03-15,2026-03-15_阪神10R_甲南S,2倍台,馬連,6,15,1500,0
2026-03-15,2026-03-15_阪神11R_米子城S,3倍以上,ワイド,3,3,300,0
2026-03-15,2026-03-15_阪神11R_米子城S,3倍以上,ワイド,4,6,600,0
2026-03-15,2026-03-15_阪神11R_米子城S,3倍以上,ワイド,5,10,1000,3210
2026-03-15,2026-03-15_阪神11R_米子城S,3倍以上,ワイド,6,15,1500,14380
2026-03-15,2026-03-15_阪神11R_米子城S,3倍以上,馬連,3,3,300,0
2026-03-15,2026-03-15_阪神11R_米子城S,3倍以上,馬連,4,6,600,0
2026-03-15,2026-03-15_阪神11R_米子城S,3倍以上,馬連,5,10,1000,0
2026-03-15,2026-03-15_阪神11R_米子城S,3倍以上,馬連,6,15,1500,34560
2026-03-15,2026-03-15_阪神12R_4歳以上2勝クラス,2倍台,ワイド,3,3,300,330
2026-03-15,2026-03-15_阪神12R_4歳以上2勝クラス,2倍台,ワイド,4,6,600,330
2026-03-15,2026-03-15_阪神12R_4歳以上2勝クラス,2倍台,ワイド,5,10,1000,330
2026-03-15,2026-03-15_阪神12R_4歳以上2勝クラス,2倍台,ワイド,6,15,1500,1660
2026-03-15,2026-03-15_阪神12R_4歳以上2勝クラス,2倍台,馬連,3,3,300,0
2026-03-15,2026-03-15_阪神12R_4歳以上2勝クラス,2倍台,馬連,4,6,600,0
2026-03-15,2026-03-15_阪神12R_4歳以上2勝クラス,2倍台,馬連,5,10,1000,0
2026-03-15,2026-03-15_阪神12R_4歳以上2勝クラス,2倍台,馬連,6,15,1500,1230
2026-03-21,2026-03-21_中京09R_岡崎特別,2倍台,ワイド,3,3,300,1520
2026-03-21,2026-03-21_中京09R_岡崎特別,2倍台,ワイド,4,6,600,3680
2026-03-21,2026-03-21_中京09R_岡崎特別,2倍台,ワイド,5,10,1000,3680
2026-03-21,2026-03-21_中京09R_岡崎特別,2倍台,ワイド,6,15,1500,3680
2026-03-21,2026-03-21_中京09R_岡崎特別,2倍台,馬連,3,3,300,0
2026-03-21,2026-03-21_中京09R_岡崎特別,2倍台,馬連,4,6,600,3350
2026-03-21,2026-03-21_中京09R_岡崎特別,2倍台,馬連,5,10,1000,3350
2026-03-21,2026-03-21_中京09R_岡崎特別,2倍台,馬連,6,15,1500,3350
2026-03-21,2026-03-21_中京10R_豊明S,2倍台,ワイド,3,3,300,0
2026-03-21,2026-03-21_中京10R_豊明S,2倍台,ワイド,4,6,600,0
2026-03-21,2026-03-21_中京10R_豊明S,2倍台,ワイド,5,10,1000,0
2026-03-21,2026-03-21_中京10R_豊明S,2倍台,ワイド,6,15,1500,820
2026-03-21,2026-03-21_中京10R_豊明S,2倍台,馬連,3,3,300,0
2026-03-21,2026-03-21_中京10R_豊明S,2倍台,馬連,4,6,600,0
2026-03-21,2026-03-21_中京10R_豊明S,2倍台,馬連,5,10,1000,0
2026-03-21,2026-03-21_中京10R_豊明S,2倍台,馬連,6,15,1500,0
2026-03-21,2026-03-21_中京11R_ファルコンS,1倍台,ワイド,3,3,300,0
2026-03-21,2026-03-21_中京11R_ファルコンS,1倍台,ワイド,4,6,600,0
2026-03-21,2026-03-21_中京11R_ファルコンS,1倍台,ワイド,5,10,1000,0
2026-03-21,2026-03-21_中京11R_ファルコンS,1倍台,ワイド,6,15,1500,0
2026-03-21,2026-03-21_中京11R_ファルコンS,1倍台,馬連,3,3,300,0
2026-03-21,2026-03-21_中京11R_ファルコンS,1倍台,馬連,4,6,600,0
2026-03-21,2026-03-21_中京11R_ファルコンS,1倍台,馬連,5,10,1000,0
2026-03-21,2026-03-21_中京11R_ファルコンS,1倍台,馬連,6,15,1500,0
2026-03-21,2026-03-21_中京12R_4歳以上1勝クラス,2倍台,ワイド,3,3,300,290
2026-03-21,2026-03-21_中京12R_4歳以上1勝クラス,2倍台,ワイド,4,6,600,290
2026-03-21,2026-03-21_中京12R_4歳以上1勝クラス,2倍台,ワイド,5,10,1000,290
2026-03-21,2026-03-21_中京12R_4歳以上1勝クラス,2倍台,ワイド,6,15,1500,290
2026-03-21,2026-03-21_中京12R_4歳以上1勝クラス,2倍台,馬連,3,3,300,570
2026-03-21,2026-03-21_中京12R_4歳以上1勝クラス,2倍台,馬連,4,6,600,570
2026-03-21,2026-03-21_中京12R_4歳以上1勝クラス,2倍台,馬連,5,10,1000,570
2026-03-21,2026-03-21_中京12R_4歳以上1勝クラス,2倍台,馬連,6,15,1500,570
2026-03-21,2026-03-21_中山09R_館山特別,2倍台,ワイド,3,3,300,0
2026-03-21,2026-03-21_中山09R_館山特別,2倍台,ワイド,4,6,600,760
2026-03-21,2026-03-21_中山09R_館山特別,2倍台,ワイド,5,10,1000,1920
2026-03-21,2026-03-21_中山09R_館山特別,2倍台,ワイド,6,15,1500,1920
2026-03-21,2026-03-21_中山09R_館山特別,2倍台,馬連,3,3,300,0
2026-03-21,2026-03-21_中山09R_館山特別,2倍台,馬連,4,6,600,2090
2026-03-21,2026-03-21_中山09R_館山特別,2倍台,馬連,5,10,1000,2090
2026-03-21,2026-03-21_中山09R_館山特別,2倍台,馬連,6,15,1500,2090
2026-03-21,2026-03-21_中山10R_韓国馬事会杯,3倍以上,ワイド,3,3,300,0
2026-03-21,2026-03-21_中山10R_韓国馬事会杯,3倍以上,ワイド,4,6,600,1000
2026-03-21,2026-03-21_中山10R_韓国馬事会杯,3倍以上,ワイド,5,10,1000,1000
2026-03-21,2026-03-21_中山10R_韓国馬事会杯,3倍以上,ワイド,6,15,1500,1000
2026-03-21,2026-03-21_中山10R_韓国馬事会杯,3倍以上,馬連,3,3,300,0
2026-03-21,2026-03-21_中山10R_韓国馬事会杯,3倍以上,馬連,4,6,600,3390
2026-03-21,2026-03-21_中山10R_韓国馬事会杯,3倍以上,馬連,5,10,1000,3390
2026-03-21,2026-03-21_中山10R_韓国馬事会杯,3倍以上,馬連,6,15,1500,3390
2026-03-21,2026-03-21_中山11R_フラワーC,2倍台,ワイド,3,3,300,0
2026-03-21,2026-03-21_中山11R_フラワーC,2倍台,ワイド,4,6,600,0
2026-03-21,2026-03-21_中山11R_フラワーC,2倍台,ワイド,5,10,1000,0
2026-03-21,2026-03-21_中山11R_フラワーC,2倍台,ワイド,6,15,1500,0
2026-03-21,2026-03-21_中山11R_フラワーC,2倍台,馬連,3,3,300,0
2026-03-21,2026-03-21_中山11R_フラワーC,2倍台,馬連,4,6,600,0
2026-03-21,2026-03-21_中山11R_フラワーC,2倍台,馬連,5,10,1000,0
2026-03-21,2026-03-21_中山11R_フラワーC,2倍台,馬連,6,15,1500,0
2026-03-21,2026-03-21_中山12R_4歳以上1勝クラス,2倍台,ワイド,3,3,300,0
2026-03-21,2026-03-21_中山12R_4歳以上1勝クラス,2倍台,ワイド,4,6,600,700
2026-03-21,2026-03-21_中山12R_4歳以上1勝クラス,2倍台,ワイド,5,10,1000,700
2026-03-21,2026-03-21_中山12R_4歳以上1勝クラス,2倍台,ワイド,6,15,1500,700
2026-03-21,2026-03-21_中山12R_4歳以上1勝クラス,2倍台,馬連,3,3,300,0
2026-03-21,2026-03-21_中山12R_4歳以上1勝クラス,2倍台,馬連,4,6,600,1870
2026-03-21,2026-03-21_中山12R_4歳以上1勝クラス,2倍台,馬連,5,10,1000,1870
2026-03-21,2026-03-21_中山12R_4歳以上1勝クラス,2倍台,馬連,6,15,1500,1870
2026-03-21,2026-03-21_阪神09R_淡路特別,2倍台,ワイド,3,3,300,390
2026-03-21,2026-03-21_阪神09R_淡路特別,2倍台,ワイド,4,6,600,1270
2026-03-21,2026-03-21_阪神09R_淡路特別,2倍台,ワイド,5,10,1000,1270
2026-03-21,2026-03-21_阪神09R_淡路特別,2倍台,ワイド,6,15,1500,1270
2026-03-21,2026-03-21_阪神09R_淡路特別,2倍台,馬連,3,3,300,0
2026-03-21,2026-03-21_阪神09R_淡路特別,2倍台,馬連,4,6,600,1810
2026-03-21,2026-03-21_阪神09R_淡路特別,2倍台,馬連,5,10,1000,1810
2026-03-21,2026-03-21_阪神09R_淡路特別,2倍台,馬連,6,15,1500,1810
2026-03-21,2026-03-21_阪神10R_淀屋橋S,3倍以上,ワイド,3,3,300,0
2026-03-21,2026-03-21_阪神10R_淀屋橋S,3倍以上,ワイド,4,6,600,0
2026-03-21,2026-03-21_阪神10R_淀屋橋S,3倍以上,ワイド,5,10,1000,0
2026-03-21,2026-03-21_阪神10R_淀屋橋S,3倍以上,ワイド,6,15,1500,0
2026-03-21,2026-03-21_阪神10R_淀屋橋S,3倍以上,馬連,3,3,300,0
2026-03-21,2026-03-21_阪神10R_淀屋橋S,3倍以上,馬連,4,6,600,0
2026-03-21,2026-03-21_阪神10R_淀屋橋S,3倍以上,馬連,5,10,1000,0
2026-03-21,2026-03-21_阪神10R_淀屋橋S,3倍以上,馬連,6,15,1500,0
2026-03-21,2026-03-21_阪神11R_若葉S,2倍台,ワイド,3,3,300,0
2026-03-21,2026-03-21_阪神11R_若葉S,2倍台,ワイド,4,6,600,0
2026-03-21,2026-03-21_阪神11R_若葉S,2倍台,ワイド,5,10,1000,0
2026-03-21,2026-03-21_阪神11R_若葉S,2倍台,ワイド,6,15,1500,0
2026-03-21,2026-03-21_阪神11R_若葉S,2倍台,馬連,3,3,300,0
2026-03-21,2026-03-21_阪神11R_若葉S,2倍台,馬連,4,6,600,0
2026-03-21,2026-03-21_阪神11R_若葉S,2倍台,馬連,5,10,1000,0
2026-03-21,2026-03-21_阪神11R_若葉S,2倍台,馬連,6,15,1500,0
2026-03-21,2026-03-21_阪神12R_4歳以上1勝クラス,2倍台,ワイド,3,3,300,0
2026-03-21,2026-03-21_阪神12R_4歳以上1勝クラス,2倍台,ワイド,4,6,600,0
2026-03-21,2026-03-21_阪神12R_4歳以上1勝クラス,2倍台,ワイド,5,10,1000,0
2026-03-21,2026-03-21_阪神12R_4歳以上1勝クラス,2倍台,ワイド,6,15,1500,0
2026-03-21,2026-03-21_阪神12R_4歳以上1勝クラス,2倍台,馬連,3,3,300,0
2026-03-21,2026-03-21_阪神12R_4歳以上1勝クラス,2倍台,馬連,4,6,600,0
2026-03-21,2026-03-21_阪神12R_4歳以上1勝クラス,2倍台,馬連,5,10,1000,0
2026-03-21,2026-03-21_阪神12R_4歳以上1勝クラス,2倍台,馬連,6,15,1500,0
2026-03-22,2026-03-22_中京09R_フローラルウォーク賞,3倍以上,ワイド,3,3,300,0
2026-03-22,2026-03-22_中京09R_フローラルウォーク賞,3倍以上,ワイド,4,6,600,850
2026-03-22,2026-03-22_中京09R_フローラルウォーク賞,3倍以上,ワイド,5,10,1000,850
2026-03-22,2026-03-22_中京09R_フローラルウォーク賞,3倍以上,ワイド,6,15,1500,2970
2026-03-22,2026-03-22_中京09R_フローラルウォーク賞,3倍以上,馬連,3,3,300,0
2026-03-22,2026-03-22_中京09R_フローラルウォーク賞,3倍以上,馬連,4,6,600,2540
2026-03-22,2026-03-22_中京09R_フローラルウォーク賞,3倍以上,馬連,5,10,1000,2540
2026-03-22,2026-03-22_中京09R_フローラルウォーク賞,3倍以上,馬連,6,15,1500,2540
2026-03-22,2026-03-22_中京10R_弥富特別,3倍以上,ワイド,3,3,300,0
2026-03-22,2026-03-22_中京10R_弥富特別,3倍以上,ワイド,4,6,600,0
2026-03-22,2026-03-22_中京10R_弥富特別,3倍以上,ワイド,5,10,1000,1680
2026-03-22,2026-03-22_中京10R_弥富特別,3倍以上,ワイド,6,15,1500,1680
2026-03-22,2026-03-22_中京10R_弥富特別,3倍以上,馬連,3,3,300,0
2026-03-22,2026-03-22_中京10R_弥富特別,3倍以上,馬連,4,6,600,0
2026-03-22,2026-03-22_中京10R_弥富特別,3倍以上,馬連,5,10,1000,0
2026-03-22,2026-03-22_中京10R_弥富特別,3倍以上,馬連,6,15,1500,0
2026-03-22,2026-03-22_中京11R_愛知杯,3倍以上,ワイド,3,3,300,0
2026-03-22,2026-03-22_中京11R_愛知杯,3倍以上,ワイド,4,6,600,0
2026-03-22,2026-03-22_中京11R_愛知杯,3倍以上,ワイド,5,10,1000,0
2026-03-22,2026-03-22_中京11R_愛知杯,3倍以上,ワイド,6,15,1500,0
2026-03-22,2026-03-22_中京11R_愛知杯,3倍以上,馬連,3,3,300,0
2026-03-22,2026-03-22_中京11R_愛知杯,3倍以上,馬連,4,6,600,0
2026-03-22,2026-03-22_中京11R_愛知杯,3倍以上,馬連,5,10,1000,0
2026-03-22,2026-03-22_中京11R_愛知杯,3倍以上,馬連,6,15,1500,0
2026-03-22,2026-03-22_中京12R_4歳以上1勝クラス,3倍以上,ワイド,3,3,300,330
2026-03-22,2026-03-22_中京12R_4歳以上1勝クラス,3倍以上,ワイド,4,6,600,1830
2026-03-22,2026-03-22_中京12R_4歳以上1勝クラス,3倍以上,ワイド,5,10,1000,1830
2026-03-22,2026-03-22_中京12R_4歳以上1勝クラス,3倍以上,ワイド,6,15,1500,1830
2026-03-22,2026-03-22_中京12R_4歳以上1勝クラス,3倍以上,馬連,3,3,300,800
2026-03-22,2026-03-22_中京12R_4歳以上1勝クラス,3倍以上,馬連,4,6,600,800
2026-03-22,2026-03-22_中京12R_4歳以上1勝クラス,3倍以上,馬連,5,10,1000,800
2026-03-22,2026-03-22_中京12R_4歳以上1勝クラス,3倍以上,馬連,6,15,1500,800
2026-03-22,2026-03-22_中山09R_鎌ケ谷特別,2倍台,ワイド,3,3,300,450
2026-03-22,2026-03-22_中山09R_鎌ケ谷特別,2倍台,ワイド,4,6,600,450
2026-03-22,2026-03-22_中山09R_鎌ケ谷特別,2倍台,ワイド,5,10,1000,450
2026-03-22,2026-03-22_中山09R_鎌ケ谷特別,2倍台,ワイド,6,15,1500,450
2026-03-22,2026-03-22_中山09R_鎌ケ谷特別,2倍台,馬連,3,3,300,1110
2026-03-22,2026-03-22_中山09R_鎌ケ谷特別,2倍台,馬連,4,6,600,1110
2026-03-22,2026-03-22_中山09R_鎌ケ谷特別,2倍台,馬連,5,10,1000,1110
2026-03-22,2026-03-22_中山09R_鎌ケ谷特別,2倍台,馬連,6,15,1500,1110
2026-03-22,2026-03-22_中山10R_スピカS,2倍台,ワイド,3,3,300,0
2026-03-22,2026-03-22_中山10R_スピカS,2倍台,ワイド,4,6,600,0
2026-03-22,2026-03-22_中山10R_スピカS,2倍台,ワイド,5,10,1000,0
2026-03-22,2026-03-22_中山10R_スピカS,2倍台,ワイド,6,15,1500,560
2026-03-22,2026-03-22_中山10R_スピカS,2倍台,馬連,3,3,300,0
2026-03-22,2026-03-22_中山10R_スピカS,2倍台,馬連,4,6,600,0
2026-03-22,2026-03-22_中山10R_スピカS,2倍台,馬連,5,10,1000,0
2026-03-22,2026-03-22_中山10R_スピカS,2倍台,馬連,6,15,1500,1970
2026-03-22,2026-03-22_中山11R_千葉S,3倍以上,ワイド,3,3,300,0
2026-03-22,2026-03-22_中山11R_千葉S,3倍以上,ワイド,4,6,600,0
2026-03-22,2026-03-22_中山11R_千葉S,3倍以上,ワイド,5,10,1000,0
2026-03-22,2026-03-22_中山11R_千葉S,3倍以上,ワイド,6,15,1500,0
2026-03-22,2026-03-22_中山11R_千葉S,3倍以上,馬連,3,3,300,0
2026-03-22,2026-03-22_中山11R_千葉S,3倍以上,馬連,4,6,600,0
2026-03-22,2026-03-22_中山11R_千葉S,3倍以上,馬連,5,10,1000,0
2026-03-22,2026-03-22_中山11R_千葉S,3倍以上,馬連,6,15,1500,0
2026-03-22,2026-03-22_中山12R_4歳以上2勝クラス,3倍以上,ワイド,3,3,300,1060
2026-03-22,2026-03-22_中山12R_4歳以上2勝クラス,3倍以上,ワイド,4,6,600,1060
2026-03-22,2026-03-22_中山12R_4歳以上2勝クラス,3倍以上,ワイド,5,10,1000,1060
2026-03-22,2026-03-22_中山12R_4歳以上2勝クラス,3倍以上,ワイド,6,15,1500,1060
2026-03-22,2026-03-22_中山12R_4歳以上2勝クラス,3倍以上,馬連,3,3,300,4120
2026-03-22,2026-03-22_中山12R_4歳以上2勝クラス,3倍以上,馬連,4,6,600,4120
2026-03-22,2026-03-22_中山12R_4歳以上2勝クラス,3倍以上,馬連,5,10,1000,4120
2026-03-22,2026-03-22_中山12R_4歳以上2勝クラス,3倍以上,馬連,6,15,1500,4120
2026-03-22,2026-03-22_阪神09R_皆生特別,2倍台,ワイド,3,3,300,0
2026-03-22,2026-03-22_阪神09R_皆生特別,2倍台,ワイド,4,6,600,140
2026-03-22,2026-03-22_阪神09R_皆生特別,2倍台,ワイド,5,10,1000,140
2026-03-22,2026-03-22_阪神09R_皆生特別,2倍台,ワイド,6,15,1500,1310
2026-03-22,2026-03-22_阪神09R_皆生特別,2倍台,馬連,3,3,300,0
2026-03-22,2026-03-22_阪神09R_皆生特別,2倍台,馬連,4,6,600,0
2026-03-22,2026-03-22_阪神09R_皆生特別,2倍台,馬連,5,10,1000,0
2026-03-22,2026-03-22_阪神09R_皆生特別,2倍台,馬連,6,15,1500,2550
2026-03-22,2026-03-22_阪神10R_レグルスS,3倍以上,ワイド,3,3,300,0
2026-03-22,2026-03-22_阪神10R_レグルスS,3倍以上,ワイド,4,6,600,650
2026-03-22,2026-03-22_阪神10R_レグルスS,3倍以上,ワイド,5,10,1000,650
2026-03-22,2026-03-22_阪神10R_レグルスS,3倍以上,ワイド,6,15,1500,650
2026-03-22,2026-03-22_阪神10R_レグルスS,3倍以上,馬連,3,3,300,0
2026-03-22,2026-03-22_阪神10R_レグルスS,3倍以上,馬連,4,6,600,0
2026-03-22,2026-03-22_阪神10R_レグルスS,3倍以上,馬連,5,10,1000,0
2026-03-22,2026-03-22_阪神10R_レグルスS,3倍以上,馬連,6,15,1500,0
2026-03-22,2026-03-22_阪神11R_阪神大賞典,3倍以上,ワイド,3,3,300,560
2026-03-22,2026-03-22_阪神11R_阪神大賞典,3倍以上,ワイド,4,6,600,560
2026-03-22,2026-03-22_阪神11R_阪神大賞典,3倍以上,ワイド,5,10,1000,560
2026-03-22,2026-03-22_阪神11R_阪神大賞典,3倍以上,ワイド,6,15,1500,560
2026-03-22,2026-03-22_阪神11R_阪神大賞典,3倍以上,馬連,3,3,300,0
2026-03-22,2026-03-22_阪神11R_阪神大賞典,3倍以上,馬連,4,6,600,0
2026-03-22,2026-03-22_阪神11R_阪神大賞典,3倍以上,馬連,5,10,1000,0
2026-03-22,2026-03-22_阪神11R_阪神大賞典,3倍以上,馬連,6,15,1500,0
2026-03-22,2026-03-22_阪神12R_4歳以上2勝クラス,2倍台,ワイド,3,3,300,0
2026-03-22,2026-03-22_阪神12R_4歳以上2勝クラス,2倍台,ワイド,4,6,600,0
2026-03-22,2026-03-22_阪神12R_4歳以上2勝クラス,2倍台,ワイド,5,10,1000,460
2026-03-22,2026-03-22_阪神12R_4歳以上2勝クラス,2倍台,ワイド,6,15,1500,460
2026-03-22,2026-03-22_阪神12R_4歳以上2勝クラス,2倍台,馬連,3,3,300,0
2026-03-22,2026-03-22_阪神12R_4歳以上2勝クラス,2倍台,馬連,4,6,600,0
2026-03-22,2026-03-22_阪神12R_4歳以上2勝クラス,2倍台,馬連,5,10,1000,0
2026-03-22,2026-03-22_阪神12R_4歳以上2勝クラス,2倍台,馬連,6,15,1500,0
2026-03-28,2026-03-28_中京09R_ロイヤルバンコクスポーツクラブ賞,3倍以上,ワイド,3,3,300,380
2026-03-28,2026-03-28_中京09R_ロイヤルバンコクスポーツクラブ賞,3倍以上,ワイド,4,6,600,2770
2026-03-28,2026-03-28_中京09R_ロイヤルバンコクスポーツクラブ賞,3倍以上,ワイド,5,10,1000,2770
2026-03-28,2026-03-28_中京09R_ロイヤルバンコクスポーツクラブ賞,3倍以上,ワイド,6,15,1500,2770
2026-03-28,2026-03-28_中京09R_ロイヤルバンコクスポーツクラブ賞,3倍以上,馬連,3,3,300,0
2026-03-28,2026-03-28_中京09R_ロイヤルバンコクスポーツクラブ賞,3倍以上,馬連,4,6,600,3450
2026-03-28,2026-03-28_中京09R_ロイヤルバンコクスポーツクラブ賞,3倍以上,馬連,5,10,1000,3450
2026-03-28,2026-03-28_中京09R_ロイヤルバンコクスポーツクラブ賞,3倍以上,馬連,6,15,1500,3450
2026-03-28,2026-03-28_中京10R_ターフオーソリティーオブインディア賞,2倍台,ワイド,3,3,300,0
2026-03-28,2026-03-28_中京10R_ターフオーソリティーオブインディア賞,2倍台,ワイド,4,6,600,290
2026-03-28,2026-03-28_中京10R_ターフオーソリティーオブインディア賞,2倍台,ワイド,5,10,1000,290
2026-03-28,2026-03-28_中京10R_ターフオーソリティーオブインディア賞,2倍台,ワイド,6,15,1500,2190
2026-03-28,2026-03-28_中京10R_ターフオーソリティーオブインディア賞,2倍台,馬連,3,3,300,0
2026-03-28,2026-03-28_中京10R_ターフオーソリティーオブインディア賞,2倍台,馬連,4,6,600,0
2026-03-28,2026-03-28_中京10R_ターフオーソリティーオブインディア賞,2倍台,馬連,5,10,1000,0
2026-03-28,2026-03-28_中京10R_ターフオーソリティーオブインディア賞,2倍台,馬連,6,15,1500,2070
2026-03-28,2026-03-28_中京11R_マレーシアC,2倍台,ワイド,3,3,300,0
2026-03-28,2026-03-28_中京11R_マレーシアC,2倍台,ワイド,4,6,600,0
2026-03-28,2026-03-28_中京11R_マレーシアC,2倍台,ワイド,5,10,1000,0
2026-03-28,2026-03-28_中京11R_マレーシアC,2倍台,ワイド,6,15,1500,0
2026-03-28,2026-03-28_中京11R_マレーシアC,2倍台,馬連,3,3,300,0
2026-03-28,2026-03-28_中京11R_マレーシアC,2倍台,馬連,4,6,600,0
2026-03-28,2026-03-28_中京11R_マレーシアC,2倍台,馬連,5,10,1000,0
2026-03-28,2026-03-28_中京11R_マレーシアC,2倍台,馬連,6,15,1500,0
2026-03-28,2026-03-28_中京12R_フィリピンT,3倍以上,ワイド,3,3,300,610
2026-03-28,2026-03-28_中京12R_フィリピンT,3倍以上,ワイド,4,6,600,610
2026-03-28,2026-03-28_中京12R_フィリピンT,3倍以上,ワイド,5,10,1000,610
2026-03-28,2026-03-28_中京12R_フィリピンT,3倍以上,ワイド,6,15,1500,610
2026-03-28,2026-03-28_中京12R_フィリピンT,3倍以上,馬連,3,3,300,1650
2026-03-28,2026-03-28_中京12R_フィリピンT,3倍以上,馬連,4,6,600,1650
2026-03-28,2026-03-28_中京12R_フィリピンT,3倍以上,馬連,5,10,1000,1650
2026-03-28,2026-03-28_中京12R_フィリピンT,3倍以上,馬連,6,15,1500,1650
2026-03-28,2026-03-28_中山09R_ブラッドストーンS,2倍台,ワイド,3,3,300,600
2026-03-28,2026-03-28_中山09R_ブラッドストーンS,2倍台,ワイド,4,6,600,600
2026-03-28,2026-03-28_中山09R_ブラッドストーンS,2倍台,ワイド,5,10,1000,600
2026-03-28,2026-03-28_中山09R_ブラッドストーンS,2倍台,ワイド,6,15,1500,3310
2026-03-28,2026-03-28_中山09R_ブラッドストーンS,2倍台,馬連,3,3,300,1310
2026-03-28,2026-03-28_中山09R_ブラッドストーンS,2倍台,馬連,4,6,600,1310
2026-03-28,2026-03-28_中山09R_ブラッドストーンS,2倍台,馬連,5,10,1000,1310
2026-03-28,2026-03-28_中山09R_ブラッドストーンS,2倍台,馬連,6,15,1500,1310
2026-03-28,2026-03-28_中山10R_伏竜S,2倍台,ワイド,3,3,300,960
2026-03-28,2026-03-28_中山10R_伏竜S,2倍台,ワイド,4,6,600,960
2026-03-28,2026-03-28_中山10R_伏竜S,2倍台,ワイド,5,10,1000,960
2026-03-28,2026-03-28_中山10R_伏竜S,2倍台,ワイド,6,15,1500,960
2026-03-28,2026-03-28_中山10R_伏竜S,2倍台,馬連,3,3,300,1560
2026-03-28,2026-03-28_中山10R_伏竜S,2倍台,馬連,4,6,600,1560
2026-03-28,2026-03-28_中山10R_伏竜S,2倍台,馬連,5,10,1000,1560
2026-03-28,2026-03-28_中山10R_伏竜S,2倍台,馬連,6,15,1500,1560
2026-03-28,2026-03-28_中山11R_日経賞,2倍台,ワイド,3,3,300,0
2026-03-28,2026-03-28_中山11R_日経賞,2倍台,ワイド,4,6,600,0
2026-03-28,2026-03-28_中山11R_日経賞,2倍台,ワイド,5,10,1000,580
2026-03-28,2026-03-28_中山11R_日経賞,2倍台,ワイド,6,15,1500,580
2026-03-28,2026-03-28_中山11R_日経賞,2倍台,馬連,3,3,300,0
2026-03-28,2026-03-28_中山11R_日経賞,2倍台,馬連,4,6,600,0
2026-03-28,2026-03-28_中山11R_日経賞,2倍台,馬連,5,10,1000,1330
2026-03-28,2026-03-28_中山11R_日経賞,2倍台,馬連,6,15,1500,1330
2026-03-28,2026-03-28_中山12R_4歳以上2勝クラス,2倍台,ワイド,3,3,300,0
2026-03-28,2026-03-28_中山12R_4歳以上2勝クラス,2倍台,ワイド,4,6,600,400
2026-03-28,2026-03-28_中山12R_4歳以上2勝クラス,2倍台,ワイド,5,10,1000,400
2026-03-28,2026-03-28_中山12R_4歳以上2勝クラス,2倍台,ワイド,6,15,1500,400
2026-03-28,2026-03-28_中山12R_4歳以上2勝クラス,2倍台,馬連,3,3,300,0
2026-03-28,2026-03-28_中山12R_4歳以上2勝クラス,2倍台,馬連,4,6,600,0
2026-03-28,2026-03-28_中山12R_4歳以上2勝クラス,2倍台,馬連,5,10,1000,0
2026-03-28,2026-03-28_中山12R_4歳以上2勝クラス,2倍台,馬連,6,15,1500,0
2026-03-28,2026-03-28_阪神09R_君子蘭賞,2倍台,ワイド,3,3,300,420
2026-03-28,2026-03-28_阪神09R_君子蘭賞,2倍台,ワイド,4,6,600,420
2026-03-28,2026-03-28_阪神09R_君子蘭賞,2倍台,ワイド,5,10,1000,420
2026-03-28,2026-03-28_阪神09R_君子蘭賞,2倍台,ワイド,6,15,1500,420
2026-03-28,2026-03-28_阪神09R_君子蘭賞,2倍台,馬連,3,3,300,240
2026-03-28,2026-03-28_阪神09R_君子蘭賞,2倍台,馬連,4,6,600,240
2026-03-28,2026-03-28_阪神09R_君子蘭賞,2倍台,馬連,5,10,1000,240
2026-03-28,2026-03-28_阪神09R_君子蘭賞,2倍台,馬連,6,15,1500,240
2026-03-28,2026-03-28_阪神10R_仲春特別,3倍以上,ワイド,3,3,300,210
2026-03-28,2026-03-28_阪神10R_仲春特別,3倍以上,ワイド,4,6,600,210
2026-03-28,2026-03-28_阪神10R_仲春特別,3倍以上,ワイド,5,10,1000,1150
2026-03-28,2026-03-28_阪神10R_仲春特別,3倍以上,ワイド,6,15,1500,1150
2026-03-28,2026-03-28_阪神10R_仲春特別,3倍以上,馬連,3,3,300,0
2026-03-28,2026-03-28_阪神10R_仲春特別,3倍以上,馬連,4,6,600,0
2026-03-28,2026-03-28_阪神10R_仲春特別,3倍以上,馬連,5,10,1000,1720
2026-03-28,2026-03-28_阪神10R_仲春特別,3倍以上,馬連,6,15,1500,1720
2026-03-28,2026-03-28_阪神11R_毎日杯,2倍台,ワイド,3,3,300,0
2026-03-28,2026-03-28_阪神11R_毎日杯,2倍台,ワイド,4,6,600,0
2026-03-28,2026-03-28_阪神11R_毎日杯,2倍台,ワイド,5,10,1000,150
2026-03-28,2026-03-28_阪神11R_毎日杯,2倍台,ワイド,6,15,1500,640
2026-03-28,2026-03-28_阪神11R_毎日杯,2倍台,馬連,3,3,300,0
2026-03-28,2026-03-28_阪神11R_毎日杯,2倍台,馬連,4,6,600,0
2026-03-28,2026-03-28_阪神11R_毎日杯,2倍台,馬連,5,10,1000,0
2026-03-28,2026-03-28_阪神11R_毎日杯,2倍台,馬連,6,15,1500,650
2026-03-28,2026-03-28_阪神12R_4歳以上2勝クラス,2倍台,ワイド,3,3,300,0
2026-03-28,2026-03-28_阪神12R_4歳以上2勝クラス,2倍台,ワイド,4,6,600,0
2026-03-28,2026-03-28_阪神12R_4歳以上2勝クラス,2倍台,ワイド,5,10,1000,290
2026-03-28,2026-03-28_阪神12R_4歳以上2勝クラス,2倍台,ワイド,6,15,1500,290
2026-03-28,2026-03-28_阪神12R_4歳以上2勝クラス,2倍台,馬連,3,3,300,0
2026-03-28,2026-03-28_阪神12R_4歳以上2勝クラス,2倍台,馬連,4,6,600,0
2026-03-28,2026-03-28_阪神12R_4歳以上2勝クラス,2倍台,馬連,5,10,1000,0
2026-03-28,2026-03-28_阪神12R_4歳以上2勝クラス,2倍台,馬連,6,15,1500,0
2026-03-29,2026-03-29_中京09R_4歳以上1勝クラス,3倍以上,ワイド,3,3,300,0
2026-03-29,2026-03-29_中京09R_4歳以上1勝クラス,3倍以上,ワイド,4,6,600,0
2026-03-29,2026-03-29_中京09R_4歳以上1勝クラス,3倍以上,ワイド,5,10,1000,0
2026-03-29,2026-03-29_中京09R_4歳以上1勝クラス,3倍以上,ワイド,6,15,1500,0
2026-03-29,2026-03-29_中京09R_4歳以上1勝クラス,3倍以上,馬連,3,3,300,0
2026-03-29,2026-03-29_中京09R_4歳以上1勝クラス,3倍以上,馬連,4,6,600,0
2026-03-29,2026-03-29_中京09R_4歳以上1勝クラス,3倍以上,馬連,5,10,1000,0
2026-03-29,2026-03-29_中京09R_4歳以上1勝クラス,3倍以上,馬連,6,15,1500,0
2026-03-29,2026-03-29_中京10R_伊勢S,2倍台,ワイド,3,3,300,0
2026-03-29,2026-03-29_中京10R_伊勢S,2倍台,ワイド,4,6,600,0
2026-03-29,2026-03-29_中京10R_伊勢S,2倍台,ワイド,5,10,1000,0
2026-03-29,2026-03-29_中京10R_伊勢S,2倍台,ワイド,6,15,1500,0
2026-03-29,2026-03-29_中京10R_伊勢S,2倍台,馬連,3,3,300,0
2026-03-29,2026-03-29_中京10R_伊勢S,2倍台,馬連,4,6,600,0
2026-03-29,2026-03-29_中京10R_伊勢S,2倍台,馬連,5,10,1000,0
2026-03-29,2026-03-29_中京10R_伊勢S,2倍台,馬連,6,15,1500,0
2026-03-29,2026-03-29_中京11R_高松宮記念,3倍以上,ワイド,3,3,300,0
2026-03-29,2026-03-29_中京11R_高松宮記念,3倍以上,ワイド,4,6,600,0
2026-03-29,2026-03-29_中京11R_高松宮記念,3倍以上,ワイド,5,10,1000,0
2026-03-29,2026-03-29_中京11R_高松宮記念,3倍以上,ワイド,6,15,1500,0
2026-03-29,2026-03-29_中京11R_高松宮記念,3倍以上,馬連,3,3,300,0
2026-03-29,2026-03-29_中京11R_高松宮記念,3倍以上,馬連,4,6,600,0
2026-03-29,2026-03-29_中京11R_高松宮記念,3倍以上,馬連,5,10,1000,0
2026-03-29,2026-03-29_中京11R_高松宮記念,3倍以上,馬連,6,15,1500,0
2026-03-29,2026-03-29_中京12R_鈴鹿特別,1倍台,ワイド,3,3,300,0
2026-03-29,2026-03-29_中京12R_鈴鹿特別,1倍台,ワイド,4,6,600,2640
2026-03-29,2026-03-29_中京12R_鈴鹿特別,1倍台,ワイド,5,10,1000,2640
2026-03-29,2026-03-29_中京12R_鈴鹿特別,1倍台,ワイド,6,15,1500,2640
2026-03-29,2026-03-29_中京12R_鈴鹿特別,1倍台,馬連,3,3,300,0
2026-03-29,2026-03-29_中京12R_鈴鹿特別,1倍台,馬連,4,6,600,0
2026-03-29,2026-03-29_中京12R_鈴鹿特別,1倍台,馬連,5,10,1000,0
2026-03-29,2026-03-29_中京12R_鈴鹿特別,1倍台,馬連,6,15,1500,0
2026-03-29,2026-03-29_中山09R_ミモザ賞,2倍台,ワイド,3,3,300,710
2026-03-29,2026-03-29_中山09R_ミモザ賞,2倍台,ワイド,4,6,600,710
2026-03-29,2026-03-29_中山09R_ミモザ賞,2倍台,ワイド,5,10,1000,710
2026-03-29,2026-03-29_中山09R_ミモザ賞,2倍台,ワイド,6,15,1500,710
2026-03-29,2026-03-29_中山09R_ミモザ賞,2倍台,馬連,3,3,300,830
2026-03-29,2026-03-29_中山09R_ミモザ賞,2倍台,馬連,4,6,600,830
2026-03-29,2026-03-29_中山09R_ミモザ賞,2倍台,馬連,5,10,1000,830
2026-03-29,2026-03-29_中山09R_ミモザ賞,2倍台,馬連,6,15,1500,830
2026-03-29,2026-03-29_中山10R_船橋S,3倍以上,ワイド,3,3,300,450
2026-03-29,2026-03-29_中山10R_船橋S,3倍以上,ワイド,4,6,600,2670
2026-03-29,2026-03-29_中山10R_船橋S,3倍以上,ワイド,5,10,1000,2670
2026-03-29,2026-03-29_中山10R_船橋S,3倍以上,ワイド,6,15,1500,2670
2026-03-29,2026-03-29_中山10R_船橋S,3倍以上,馬連,3,3,300,0
2026-03-29,2026-03-29_中山10R_船橋S,3倍以上,馬連,4,6,600,3440
2026-03-29,2026-03-29_中山10R_船橋S,3倍以上,馬連,5,10,1000,3440
2026-03-29,2026-03-29_中山10R_船橋S,3倍以上,馬連,6,15,1500,3440
2026-03-29,2026-03-29_中山11R_マーチS,3倍以上,ワイド,3,3,300,0
2026-03-29,2026-03-29_中山11R_マーチS,3倍以上,ワイド,4,6,600,1320
2026-03-29,2026-03-29_中山11R_マーチS,3倍以上,ワイド,5,10,1000,5750
2026-03-29,2026-03-29_中山11R_マーチS,3倍以上,ワイド,6,15,1500,5750
2026-03-29,2026-03-29_中山11R_マーチS,3倍以上,馬連,3,3,300,0
2026-03-29,2026-03-29_中山11R_マーチS,3倍以上,馬連,4,6,600,0
2026-03-29,2026-03-29_中山11R_マーチS,3倍以上,馬連,5,10,1000,6360
2026-03-29,2026-03-29_中山11R_マーチS,3倍以上,馬連,6,15,1500,6360
2026-03-29,2026-03-29_中山12R_4歳以上2勝クラス,3倍以上,ワイド,3,3,300,0
2026-03-29,2026-03-29_中山12R_4歳以上2勝クラス,3倍以上,ワイド,4,6,600,0
2026-03-29,2026-03-29_中山12R_4歳以上2勝クラス,3倍以上,ワイド,5,10,1000,730
2026-03-29,2026-03-29_中山12R_4歳以上2勝クラス,3倍以上,ワイド,6,15,1500,730
2026-03-29,2026-03-29_中山12R_4歳以上2勝クラス,3倍以上,馬連,3,3,300,0
2026-03-29,2026-03-29_中山12R_4歳以上2勝クラス,3倍以上,馬連,4,6,600,0
2026-03-29,2026-03-29_中山12R_4歳以上2勝クラス,3倍以上,馬連,5,10,1000,0
2026-03-29,2026-03-29_中山12R_4歳以上2勝クラス,3倍以上,馬連,6,15,1500,0
2026-03-29,2026-03-29_阪神09R_4歳以上1勝クラス,3倍以上,ワイド,3,3,300,0
2026-03-29,2026-03-29_阪神09R_4歳以上1勝クラス,3倍以上,ワイド,4,6,600,0
2026-03-29,2026-03-29_阪神09R_4歳以上1勝クラス,3倍以上,ワイド,5,10,1000,0
2026-03-29,2026-03-29_阪神09R_4歳以上1勝クラス,3倍以上,ワイド,6,15,1500,0
2026-03-29,2026-03-29_阪神09R_4歳以上1勝クラス,3倍以上,馬連,3,3,300,0
2026-03-29,2026-03-29_阪神09R_4歳以上1勝クラス,3倍以上,馬連,4,6,600,0
2026-03-29,2026-03-29_阪神09R_4歳以上1勝クラス,3倍以上,馬連,5,10,1000,0
2026-03-29,2026-03-29_阪神09R_4歳以上1勝クラス,3倍以上,馬連,6,15,1500,0
2026-03-29,2026-03-29_阪神10R_御堂筋S,3倍以上,ワイド,3,3,300,0
2026-03-29,2026-03-29_阪神10R_御堂筋S,3倍以上,ワイド,4,6,600,0
2026-03-29,2026-03-29_阪神10R_御堂筋S,3倍以上,ワイド,5,10,1000,320
2026-03-29,2026-03-29_阪神10R_御堂筋S,3倍以上,ワイド,6,15,1500,320
2026-03-29,2026-03-29_阪神10R_御堂筋S,3倍以上,馬連,3,3,300,0
2026-03-29,2026-03-29_阪神10R_御堂筋S,3倍以上,馬連,4,6,600,0
2026-03-29,2026-03-29_阪神10R_御堂筋S,3倍以上,馬連,5,10,1000,0
2026-03-29,2026-03-29_阪神10R_御堂筋S,3倍以上,馬連,6,15,1500,0
2026-03-29,2026-03-29_阪神11R_六甲S,2倍台,ワイド,3,3,300,0
2026-03-29,2026-03-29_阪神11R_六甲S,2倍台,ワイド,4,6,600,0
2026-03-29,2026-03-29_阪神11R_六甲S,2倍台,ワイド,5,10,1000,0
2026-03-29,2026-03-29_阪神11R_六甲S,2倍台,ワイド,6,15,1500,0
2026-03-29,2026-03-29_阪神11R_六甲S,2倍台,馬連,3,3,300,0
2026-03-29,2026-03-29_阪神11R_六甲S,2倍台,馬連,4,6,600,0
2026-03-29,2026-03-29_阪神11R_六甲S,2倍台,馬連,5,10,1000,0
2026-03-29,2026-03-29_阪神11R_六甲S,2倍台,馬連,6,15,1500,0
2026-03-29,2026-03-29_阪神12R_4歳以上2勝クラス,2倍台,ワイド,3,3,300,0
2026-03-29,2026-03-29_阪神12R_4歳以上2勝クラス,2倍台,ワイド,4,6,600,0
2026-03-29,2026-03-29_阪神12R_4歳以上2勝クラス,2倍台,ワイド,5,10,1000,0
2026-03-29,2026-03-29_阪神12R_4歳以上2勝クラス,2倍台,ワイド,6,15,1500,0
2026-03-29,2026-03-29_阪神12R_4歳以上2勝クラス,2倍台,馬連,3,3,300,0
2026-03-29,2026-03-29_阪神12R_4歳以上2勝クラス,2倍台,馬連,4,6,600,0
2026-03-29,2026-03-29_阪神12R_4歳以上2勝クラス,2倍台,馬連,5,10,1000,0
2026-03-29,2026-03-29_阪神12R_4歳以上2勝クラス,2倍台,馬連,6,15,1500,0
2026-04-04,2026-04-04_中山09R_山吹賞,3倍以上,ワイド,3,3,300,0
2026-04-04,2026-04-04_中山09R_山吹賞,3倍以上,ワイド,4,6,600,0
2026-04-04,2026-04-04_中山09R_山吹賞,3倍以上,ワイド,5,10,1000,0
2026-04-04,2026-04-04_中山09R_山吹賞,3倍以上,ワイド,6,15,1500,0
2026-04-04,2026-04-04_中山09R_山吹賞,3倍以上,馬連,3,3,300,0
2026-04-04,2026-04-04_中山09R_山吹賞,3倍以上,馬連,4,6,600,0
2026-04-04,2026-04-04_中山09R_山吹賞,3倍以上,馬連,5,10,1000,0
2026-04-04,2026-04-04_中山09R_山吹賞,3倍以上,馬連,6,15,1500,0
2026-04-04,2026-04-04_中山10R_千葉日報杯,1倍台,ワイド,3,3,300,710
2026-04-04,2026-04-04_中山10R_千葉日報杯,1倍台,ワイド,4,6,600,710
2026-04-04,2026-04-04_中山10R_千葉日報杯,1倍台,ワイド,5,10,1000,710
2026-04-04,2026-04-04_中山10R_千葉日報杯,1倍台,ワイド,6,15,1500,1380
2026-04-04,2026-04-04_中山10R_千葉日報杯,1倍台,馬連,3,3,300,0
2026-04-04,2026-04-04_中山10R_千葉日報杯,1倍台,馬連,4,6,600,0
2026-04-04,2026-04-04_中山10R_千葉日報杯,1倍台,馬連,5,10,1000,0
2026-04-04,2026-04-04_中山10R_千葉日報杯,1倍台,馬連,6,15,1500,700
2026-04-04,2026-04-04_中山11R_ダービー卿CT,3倍以上,ワイド,3,3,300,0
2026-04-04,2026-04-04_中山11R_ダービー卿CT,3倍以上,ワイド,4,6,600,0
2026-04-04,2026-04-04_中山11R_ダービー卿CT,3倍以上,ワイド,5,10,1000,0
2026-04-04,2026-04-04_中山11R_ダービー卿CT,3倍以上,ワイド,6,15,1500,0
2026-04-04,2026-04-04_中山11R_ダービー卿CT,3倍以上,馬連,3,3,300,0
2026-04-04,2026-04-04_中山11R_ダービー卿CT,3倍以上,馬連,4,6,600,0
2026-04-04,2026-04-04_中山11R_ダービー卿CT,3倍以上,馬連,5,10,1000,0
2026-04-04,2026-04-04_中山11R_ダービー卿CT,3倍以上,馬連,6,15,1500,0
2026-04-04,2026-04-04_中山12R_4歳以上2勝クラス,3倍以上,ワイド,3,3,300,0
2026-04-04,2026-04-04_中山12R_4歳以上2勝クラス,3倍以上,ワイド,4,6,600,0
2026-04-04,2026-04-04_中山12R_4歳以上2勝クラス,3倍以上,ワイド,5,10,1000,0
2026-04-04,2026-04-04_中山12R_4歳以上2勝クラス,3倍以上,ワイド,6,15,1500,0
2026-04-04,2026-04-04_中山12R_4歳以上2勝クラス,3倍以上,馬連,3,3,300,0
2026-04-04,2026-04-04_中山12R_4歳以上2勝クラス,3倍以上,馬連,4,6,600,0
2026-04-04,2026-04-04_中山12R_4歳以上2勝クラス,3倍以上,馬連,5,10,1000,0
2026-04-04,2026-04-04_中山12R_4歳以上2勝クラス,3倍以上,馬連,6,15,1500,0
2026-04-04,2026-04-04_阪神09R_アザレア賞,1倍台,ワイド,3,3,300,0
2026-04-04,2026-04-04_阪神09R_アザレア賞,1倍台,ワイド,4,6,600,0
2026-04-04,2026-04-04_阪神09R_アザレア賞,1倍台,ワイド,5,10,1000,0
2026-04-04,2026-04-04_阪神09R_アザレア賞,1倍台,ワイド,6,15,1500,0
2026-04-04,2026-04-04_阪神09R_アザレア賞,1倍台,馬連,3,3,300,0
2026-04-04,2026-04-04_阪神09R_アザレア賞,1倍台,馬連,4,6,600,0
2026-04-04,2026-04-04_阪神09R_アザレア賞,1倍台,馬連,5,10,1000,0
2026-04-04,2026-04-04_阪神09R_アザレア賞,1倍台,馬連,6,15,1500,0
2026-04-04,2026-04-04_阪神10R_ポラリスS,2倍台,ワイド,3,3,300,1270
2026-04-04,2026-04-04_阪神10R_ポラリスS,2倍台,ワイド,4,6,600,1270
2026-04-04,2026-04-04_阪神10R_ポラリスS,2倍台,ワイド,5,10,1000,1270
2026-04-04,2026-04-04_阪神10R_ポラリスS,2倍台,ワイド,6,15,1500,1270
2026-04-04,2026-04-04_阪神10R_ポラリスS,2倍台,馬連,3,3,300,900
2026-04-04,2026-04-04_阪神10R_ポラリスS,2倍台,馬連,4,6,600,900
2026-04-04,2026-04-04_阪神10R_ポラリスS,2倍台,馬連,5,10,1000,900
2026-04-04,2026-04-04_阪神10R_ポラリスS,2倍台,馬連,6,15,1500,900
2026-04-04,2026-04-04_阪神11R_チャーチルダウンズC,2倍台,ワイド,3,3,300,1920
2026-04-04,2026-04-04_阪神11R_チャーチルダウンズC,2倍台,ワイド,4,6,600,1920
2026-04-04,2026-04-04_阪神11R_チャーチルダウンズC,2倍台,ワイド,5,10,1000,1920
2026-04-04,2026-04-04_阪神11R_チャーチルダウンズC,2倍台,ワイド,6,15,1500,1920
2026-04-04,2026-04-04_阪神11R_チャーチルダウンズC,2倍台,馬連,3,3,300,0
2026-04-04,2026-04-04_阪神11R_チャーチルダウンズC,2倍台,馬連,4,6,600,0
2026-04-04,2026-04-04_阪神11R_チャーチルダウンズC,2倍台,馬連,5,10,1000,0
2026-04-04,2026-04-04_阪神11R_チャーチルダウンズC,2倍台,馬連,6,15,1500,0
2026-04-04,2026-04-04_阪神12R_4歳以上2勝クラス,2倍台,ワイド,3,3,300,330
2026-04-04,2026-04-04_阪神12R_4歳以上2勝クラス,2倍台,ワイド,4,6,600,330
2026-04-04,2026-04-04_阪神12R_4歳以上2勝クラス,2倍台,ワイド,5,10,1000,330
2026-04-04,2026-04-04_阪神12R_4歳以上2勝クラス,2倍台,ワイド,6,15,1500,330
2026-04-04,2026-04-04_阪神12R_4歳以上2勝クラス,2倍台,馬連,3,3,300,0
2026-04-04,2026-04-04_阪神12R_4歳以上2勝クラス,2倍台,馬連,4,6,600,0
2026-04-04,2026-04-04_阪神12R_4歳以上2勝クラス,2倍台,馬連,5,10,1000,0
2026-04-04,2026-04-04_阪神12R_4歳以上2勝クラス,2倍台,馬連,6,15,1500,0
2026-04-05,2026-04-05_中山09R_安房特別,2倍台,ワイド,3,3,300,0
2026-04-05,2026-04-05_中山09R_安房特別,2倍台,ワイド,4,6,600,450
2026-04-05,2026-04-05_中山09R_安房特別,2倍台,ワイド,5,10,1000,450
2026-04-05,2026-04-05_中山09R_安房特別,2倍台,ワイド,6,15,1500,3340
2026-04-05,2026-04-05_中山09R_安房特別,2倍台,馬連,3,3,300,0
2026-04-05,2026-04-05_中山09R_安房特別,2倍台,馬連,4,6,600,1480
2026-04-05,2026-04-05_中山09R_安房特別,2倍台,馬連,5,10,1000,1480
2026-04-05,2026-04-05_中山09R_安房特別,2倍台,馬連,6,15,1500,1480
2026-04-05,2026-04-05_中山10R_アリエスS,3倍以上,ワイド,3,3,300,0
2026-04-05,2026-04-05_中山10R_アリエスS,3倍以上,ワイド,4,6,600,0
2026-04-05,2026-04-05_中山10R_アリエスS,3倍以上,ワイド,5,10,1000,0
2026-04-05,2026-04-05_中山10R_アリエスS,3倍以上,ワイド,6,15,1500,0
2026-04-05,2026-04-05_中山10R_アリエスS,3倍以上,馬連,3,3,300,0
2026-04-05,2026-04-05_中山10R_アリエスS,3倍以上,馬連,4,6,600,0
2026-04-05,2026-04-05_中山10R_アリエスS,3倍以上,馬連,5,10,1000,0
2026-04-05,2026-04-05_中山10R_アリエスS,3倍以上,馬連,6,15,1500,0
2026-04-05,2026-04-05_中山11R_美浦S,3倍以上,ワイド,3,3,300,480
2026-04-05,2026-04-05_中山11R_美浦S,3倍以上,ワイド,4,6,600,2020
2026-04-05,2026-04-05_中山11R_美浦S,3倍以上,ワイド,5,10,1000,2020
2026-04-05,2026-04-05_中山11R_美浦S,3倍以上,ワイド,6,15,1500,2020
2026-04-05,2026-04-05_中山11R_美浦S,3倍以上,馬連,3,3,300,0
2026-04-05,2026-04-05_中山11R_美浦S,3倍以上,馬連,4,6,600,2020
2026-04-05,2026-04-05_中山11R_美浦S,3倍以上,馬連,5,10,1000,2020
2026-04-05,2026-04-05_中山11R_美浦S,3倍以上,馬連,6,15,1500,2020
2026-04-05,2026-04-05_中山12R_4歳以上2勝クラス,2倍台,ワイド,3,3,300,240
2026-04-05,2026-04-05_中山12R_4歳以上2勝クラス,2倍台,ワイド,4,6,600,740
2026-04-05,2026-04-05_中山12R_4歳以上2勝クラス,2倍台,ワイド,5,10,1000,740
2026-04-05,2026-04-05_中山12R_4歳以上2勝クラス,2倍台,ワイド,6,15,1500,740
2026-04-05,2026-04-05_中山12R_4歳以上2勝クラス,2倍台,馬連,3,3,300,0
2026-04-05,2026-04-05_中山12R_4歳以上2勝クラス,2倍台,馬連,4,6,600,450
2026-04-05,2026-04-05_中山12R_4歳以上2勝クラス,2倍台,馬連,5,10,1000,450
2026-04-05,2026-04-05_中山12R_4歳以上2勝クラス,2倍台,馬連,6,15,1500,450
2026-04-05,2026-04-05_阪神09R_バイオレットS,2倍台,ワイド,3,3,300,0
2026-04-05,2026-04-05_阪神09R_バイオレットS,2倍台,ワイド,4,6,600,0
2026-04-05,2026-04-05_阪神09R_バイオレットS,2倍台,ワイド,5,10,1000,2190
2026-04-05,2026-04-05_阪神09R_バイオレットS,2倍台,ワイド,6,15,1500,2190
2026-04-05,2026-04-05_阪神09R_バイオレットS,2倍台,馬連,3,3,300,0
2026-04-05,2026-04-05_阪神09R_バイオレットS,2倍台,馬連,4,6,600,0
2026-04-05,2026-04-05_阪神09R_バイオレットS,2倍台,馬連,5,10,1000,7690
2026-04-05,2026-04-05_阪神09R_バイオレットS,2倍台,馬連,6,15,1500,7690
2026-04-05,2026-04-05_阪神10R_心斎橋S,3倍以上,ワイド,3,3,300,340
2026-04-05,2026-04-05_阪神10R_心斎橋S,3倍以上,ワイド,4,6,600,340
2026-04-05,2026-04-05_阪神10R_心斎橋S,3倍以上,ワイド,5,10,1000,1180
2026-04-05,2026-04-05_阪神10R_心斎橋S,3倍以上,ワイド,6,15,1500,1180
2026-04-05,2026-04-05_阪神10R_心斎橋S,3倍以上,馬連,3,3,300,0
2026-04-05,2026-04-05_阪神10R_心斎橋S,3倍以上,馬連,4,6,600,0
2026-04-05,2026-04-05_阪神10R_心斎橋S,3倍以上,馬連,5,10,1000,770
2026-04-05,2026-04-05_阪神10R_心斎橋S,3倍以上,馬連,6,15,1500,770
2026-04-05,2026-04-05_阪神11R_大阪杯,2倍台,ワイド,3,3,300,0
2026-04-05,2026-04-05_阪神11R_大阪杯,2倍台,ワイド,4,6,600,0
2026-04-05,2026-04-05_阪神11R_大阪杯,2倍台,ワイド,5,10,1000,0
2026-04-05,2026-04-05_阪神11R_大阪杯,2倍台,ワイド,6,15,1500,230
2026-04-05,2026-04-05_阪神11R_大阪杯,2倍台,馬連,3,3,300,0
2026-04-05,2026-04-05_阪神11R_大阪杯,2倍台,馬連,4,6,600,0
2026-04-05,2026-04-05_阪神11R_大阪杯,2倍台,馬連,5,10,1000,0
2026-04-05,2026-04-05_阪神11R_大阪杯,2倍台,馬連,6,15,1500,0
2026-04-05,2026-04-05_阪神12R_天満橋S,3倍以上,ワイド,3,3,300,0
2026-04-05,2026-04-05_阪神12R_天満橋S,3倍以上,ワイド,4,6,600,740
2026-04-05,2026-04-05_阪神12R_天満橋S,3倍以上,ワイド,5,10,1000,740
2026-04-05,2026-04-05_阪神12R_天満橋S,3倍以上,ワイド,6,15,1500,18070
2026-04-05,2026-04-05_阪神12R_天満橋S,3倍以上,馬連,3,3,300,0
2026-04-05,2026-04-05_阪神12R_天満橋S,3倍以上,馬連,4,6,600,1740
2026-04-05,2026-04-05_阪神12R_天満橋S,3倍以上,馬連,5,10,1000,1740
2026-04-05,2026-04-05_阪神12R_天満橋S,3倍以上,馬連,6,15,1500,1740
2026-04-11,2026-04-11_中山09R_山藤賞,1倍台,ワイド,3,3,300,130
2026-04-11,2026-04-11_中山09R_山藤賞,1倍台,ワイド,4,6,600,130
2026-04-11,2026-04-11_中山09R_山藤賞,1倍台,ワイド,5,10,1000,490
2026-04-11,2026-04-11_中山09R_山藤賞,1倍台,ワイド,6,15,1500,490
2026-04-11,2026-04-11_中山09R_山藤賞,1倍台,馬連,3,3,300,270
2026-04-11,2026-04-11_中山09R_山藤賞,1倍台,馬連,4,6,600,270
2026-04-11,2026-04-11_中山09R_山藤賞,1倍台,馬連,5,10,1000,270
2026-04-11,2026-04-11_中山09R_山藤賞,1倍台,馬連,6,15,1500,270
2026-04-11,2026-04-11_中山10R_卯月S,2倍台,ワイド,3,3,300,0
2026-04-11,2026-04-11_中山10R_卯月S,2倍台,ワイド,4,6,600,0
2026-04-11,2026-04-11_中山10R_卯月S,2倍台,ワイド,5,10,1000,510
2026-04-11,2026-04-11_中山10R_卯月S,2倍台,ワイド,6,15,1500,4940
2026-04-11,2026-04-11_中山10R_卯月S,2倍台,馬連,3,3,300,0
2026-04-11,2026-04-11_中山10R_卯月S,2倍台,馬連,4,6,600,0
2026-04-11,2026-04-11_中山10R_卯月S,2倍台,馬連,5,10,1000,1340
2026-04-11,2026-04-11_中山10R_卯月S,2倍台,馬連,6,15,1500,1340
2026-04-11,2026-04-11_中山11R_ニュージーランドT,1倍台,ワイド,3,3,300,0
2026-04-11,2026-04-11_中山11R_ニュージーランドT,1倍台,ワイド,4,6,600,0
2026-04-11,2026-04-11_中山11R_ニュージーランドT,1倍台,ワイド,5,10,1000,0
2026-04-11,2026-04-11_中山11R_ニュージーランドT,1倍台,ワイド,6,15,1500,0
2026-04-11,2026-04-11_中山11R_ニュージーランドT,1倍台,馬連,3,3,300,0
2026-04-11,2026-04-11_中山11R_ニュージーランドT,1倍台,馬連,4,6,600,0
2026-04-11,2026-04-11_中山11R_ニュージーランドT,1倍台,馬連,5,10,1000,0
2026-04-11,2026-04-11_中山11R_ニュージーランドT,1倍台,馬連,6,15,1500,0
2026-04-11,2026-04-11_中山12R_4歳以上2勝クラス,2倍台,ワイド,3,3,300,0
2026-04-11,2026-04-11_中山12R_4歳以上2勝クラス,2倍台,ワイド,4,6,600,0
2026-04-11,2026-04-11_中山12R_4歳以上2勝クラス,2倍台,ワイド,5,10,1000,0
2026-04-11,2026-04-11_中山12R_4歳以上2勝クラス,2倍台,ワイド,6,15,1500,0
2026-04-11,2026-04-11_中山12R_4歳以上2勝クラス,2倍台,馬連,3,3,300,0
2026-04-11,2026-04-11_中山12R_4歳以上2勝クラス,2倍台,馬連,4,6,600,0
2026-04-11,2026-04-11_中山12R_4歳以上2勝クラス,2倍台,馬連,5,10,1000,0
2026-04-11,2026-04-11_中山12R_4歳以上2勝クラス,2倍台,馬連,6,15,1500,0
2026-04-11,2026-04-11_福島09R_浄土平特別,3倍以上,ワイド,3,3,300,0
2026-04-11,2026-04-11_福島09R_浄土平特別,3倍以上,ワイド,4,6,600,0
2026-04-11,2026-04-11_福島09R_浄土平特別,3倍以上,ワイド,5,10,1000,0
2026-04-11,2026-04-11_福島09R_浄土平特別,3倍以上,ワイド,6,15,1500,0
2026-04-11,2026-04-11_福島09R_浄土平特別,3倍以上,馬連,3,3,300,0
2026-04-11,2026-04-11_福島09R_浄土平特別,3倍以上,馬連,4,6,600,0
2026-04-11,2026-04-11_福島09R_浄土平特別,3倍以上,馬連,5,10,1000,0
2026-04-11,2026-04-11_福島09R_浄土平特別,3倍以上,馬連,6,15,1500,0
2026-04-11,2026-04-11_福島10R_花見山特別,2倍台,ワイド,3,3,300,190
2026-04-11,2026-04-11_福島10R_花見山特別,2倍台,ワイド,4,6,600,1470
2026-04-11,2026-04-11_福島10R_花見山特別,2倍台,ワイド,5,10,1000,1470
2026-04-11,2026-04-11_福島10R_花見山特別,2倍台,ワイド,6,15,1500,1470
2026-04-11,2026-04-11_福島10R_花見山特別,2倍台,馬連,3,3,300,600
2026-04-11,2026-04-11_福島10R_花見山特別,2倍台,馬連,4,6,600,600
2026-04-11,2026-04-11_福島10R_花見山特別,2倍台,馬連,5,10,1000,600
2026-04-11,2026-04-11_福島10R_花見山特別,2倍台,馬連,6,15,1500,600
2026-04-11,2026-04-11_福島11R_吾妻小富士S,3倍以上,ワイド,3,3,300,0
2026-04-11,2026-04-11_福島11R_吾妻小富士S,3倍以上,ワイド,4,6,600,0
2026-04-11,2026-04-11_福島11R_吾妻小富士S,3倍以上,ワイド,5,10,1000,0
2026-04-11,2026-04-11_福島11R_吾妻小富士S,3倍以上,ワイド,6,15,1500,0
2026-04-11,2026-04-11_福島11R_吾妻小富士S,3倍以上,馬連,3,3,300,0
2026-04-11,2026-04-11_福島11R_吾妻小富士S,3倍以上,馬連,4,6,600,0
2026-04-11,2026-04-11_福島11R_吾妻小富士S,3倍以上,馬連,5,10,1000,0
2026-04-11,2026-04-11_福島11R_吾妻小富士S,3倍以上,馬連,6,15,1500,0
2026-04-11,2026-04-11_福島12R_4歳以上1勝クラス,3倍以上,ワイド,3,3,300,0
2026-04-11,2026-04-11_福島12R_4歳以上1勝クラス,3倍以上,ワイド,4,6,600,860
2026-04-11,2026-04-11_福島12R_4歳以上1勝クラス,3倍以上,ワイド,5,10,1000,860
2026-04-11,2026-04-11_福島12R_4歳以上1勝クラス,3倍以上,ワイド,6,15,1500,860
2026-04-11,2026-04-11_福島12R_4歳以上1勝クラス,3倍以上,馬連,3,3,300,0
2026-04-11,2026-04-11_福島12R_4歳以上1勝クラス,3倍以上,馬連,4,6,600,0
2026-04-11,2026-04-11_福島12R_4歳以上1勝クラス,3倍以上,馬連,5,10,1000,0
2026-04-11,2026-04-11_福島12R_4歳以上1勝クラス,3倍以上,馬連,6,15,1500,0
2026-04-11,2026-04-11_阪神09R_明石特別,1倍台,ワイド,3,3,300,120
2026-04-11,2026-04-11_阪神09R_明石特別,1倍台,ワイド,4,6,600,120
2026-04-11,2026-04-11_阪神09R_明石特別,1倍台,ワイド,5,10,1000,430
2026-04-11,2026-04-11_阪神09R_明石特別,1倍台,ワイド,6,15,1500,430
2026-04-11,2026-04-11_阪神09R_明石特別,1倍台,馬連,3,3,300,290
2026-04-11,2026-04-11_阪神09R_明石特別,1倍台,馬連,4,6,600,290
2026-04-11,2026-04-11_阪神09R_明石特別,1倍台,馬連,5,10,1000,290
2026-04-11,2026-04-11_阪神09R_明石特別,1倍台,馬連,6,15,1500,290
2026-04-11,2026-04-11_阪神10R_大阪―ハンブルクC,1倍台,ワイド,3,3,300,0
2026-04-11,2026-04-11_阪神10R_大阪―ハンブルクC,1倍台,ワイド,4,6,600,0
2026-04-11,2026-04-11_阪神10R_大阪―ハンブルクC,1倍台,ワイド,5,10,1000,0
2026-04-11,2026-04-11_阪神10R_大阪―ハンブルクC,1倍台,ワイド,6,15,1500,500
2026-04-11,2026-04-11_阪神10R_大阪―ハンブルクC,1倍台,馬連,3,3,300,0
2026-04-11,2026-04-11_阪神10R_大阪―ハンブルクC,1倍台,馬連,4,6,600,0
2026-04-11,2026-04-11_阪神10R_大阪―ハンブルクC,1倍台,馬連,5,10,1000,0
2026-04-11,2026-04-11_阪神10R_大阪―ハンブルクC,1倍台,馬連,6,15,1500,1080
2026-04-11,2026-04-11_阪神11R_阪神牝馬S,2倍台,ワイド,3,3,300,0
2026-04-11,2026-04-11_阪神11R_阪神牝馬S,2倍台,ワイド,4,6,600,0
2026-04-11,2026-04-11_阪神11R_阪神牝馬S,2倍台,ワイド,5,10,1000,1520
2026-04-11,2026-04-11_阪神11R_阪神牝馬S,2倍台,ワイド,6,15,1500,2600
2026-04-11,2026-04-11_阪神11R_阪神牝馬S,2倍台,馬連,3,3,300,0
2026-04-11,2026-04-11_阪神11R_阪神牝馬S,2倍台,馬連,4,6,600,0
2026-04-11,2026-04-11_阪神11R_阪神牝馬S,2倍台,馬連,5,10,1000,0
2026-04-11,2026-04-11_阪神11R_阪神牝馬S,2倍台,馬連,6,15,1500,1160
2026-04-11,2026-04-11_阪神12R_4歳以上2勝クラス,2倍台,ワイド,3,3,300,0
2026-04-11,2026-04-11_阪神12R_4歳以上2勝クラス,2倍台,ワイド,4,6,600,0
2026-04-11,2026-04-11_阪神12R_4歳以上2勝クラス,2倍台,ワイド,5,10,1000,0
2026-04-11,2026-04-11_阪神12R_4歳以上2勝クラス,2倍台,ワイド,6,15,1500,2030
2026-04-11,2026-04-11_阪神12R_4歳以上2勝クラス,2倍台,馬連,3,3,300,0
2026-04-11,2026-04-11_阪神12R_4歳以上2勝クラス,2倍台,馬連,4,6,600,0
2026-04-11,2026-04-11_阪神12R_4歳以上2勝クラス,2倍台,馬連,5,10,1000,0
2026-04-11,2026-04-11_阪神12R_4歳以上2勝クラス,2倍台,馬連,6,15,1500,0
2026-04-12,2026-04-12_中山09R_印西特別,3倍以上,ワイド,3,3,300,300
2026-04-12,2026-04-12_中山09R_印西特別,3倍以上,ワイド,4,6,600,300
2026-04-12,2026-04-12_中山09R_印西特別,3倍以上,ワイド,5,10,1000,300
2026-04-12,2026-04-12_中山09R_印西特別,3倍以上,ワイド,6,15,1500,300
2026-04-12,2026-04-12_中山09R_印西特別,3倍以上,馬連,3,3,300,0
2026-04-12,2026-04-12_中山09R_印西特別,3倍以上,馬連,4,6,600,0
2026-04-12,2026-04-12_中山09R_印西特別,3倍以上,馬連,5,10,1000,0
2026-04-12,2026-04-12_中山09R_印西特別,3倍以上,馬連,6,15,1500,0
2026-04-12,2026-04-12_中山10R_あけぼのS,2倍台,ワイド,3,3,300,0
2026-04-12,2026-04-12_中山10R_あけぼのS,2倍台,ワイド,4,6,600,430
2026-04-12,2026-04-12_中山10R_あけぼのS,2倍台,ワイド,5,10,1000,1620
2026-04-12,2026-04-12_中山10R_あけぼのS,2倍台,ワイド,6,15,1500,1620
2026-04-12,2026-04-12_中山10R_あけぼのS,2倍台,馬連,3,3,300,0
2026-04-12,2026-04-12_中山10R_あけぼのS,2倍台,馬連,4,6,600,0
2026-04-12,2026-04-12_中山10R_あけぼのS,2倍台,馬連,5,10,1000,3620
2026-04-12,2026-04-12_中山10R_あけぼのS,2倍台,馬連,6,15,1500,3620
2026-04-12,2026-04-12_中山11R_春雷S,2倍台,ワイド,3,3,300,0
2026-04-12,2026-04-12_中山11R_春雷S,2倍台,ワイド,4,6,600,0
2026-04-12,2026-04-12_中山11R_春雷S,2倍台,ワイド,5,10,1000,0
2026-04-12,2026-04-12_中山11R_春雷S,2倍台,ワイド,6,15,1500,0
2026-04-12,2026-04-12_中山11R_春雷S,2倍台,馬連,3,3,300,0
2026-04-12,2026-04-12_中山11R_春雷S,2倍台,馬連,4,6,600,0
2026-04-12,2026-04-12_中山11R_春雷S,2倍台,馬連,5,10,1000,0
2026-04-12,2026-04-12_中山11R_春雷S,2倍台,馬連,6,15,1500,0
2026-04-12,2026-04-12_中山12R_4歳以上1勝クラス,3倍以上,ワイド,3,3,300,0
2026-04-12,2026-04-12_中山12R_4歳以上1勝クラス,3倍以上,ワイド,4,6,600,0
2026-04-12,2026-04-12_中山12R_4歳以上1勝クラス,3倍以上,ワイド,5,10,1000,1720
2026-04-12,2026-04-12_中山12R_4歳以上1勝クラス,3倍以上,ワイド,6,15,1500,1720
2026-04-12,2026-04-12_中山12R_4歳以上1勝クラス,3倍以上,馬連,3,3,300,0
2026-04-12,2026-04-12_中山12R_4歳以上1勝クラス,3倍以上,馬連,4,6,600,0
2026-04-12,2026-04-12_中山12R_4歳以上1勝クラス,3倍以上,馬連,5,10,1000,0
2026-04-12,2026-04-12_中山12R_4歳以上1勝クラス,3倍以上,馬連,6,15,1500,0
2026-04-12,2026-04-12_福島09R_燧ケ岳特別,3倍以上,ワイド,3,3,300,0
2026-04-12,2026-04-12_福島09R_燧ケ岳特別,3倍以上,ワイド,4,6,600,550
2026-04-12,2026-04-12_福島09R_燧ケ岳特別,3倍以上,ワイド,5,10,1000,550
2026-04-12,2026-04-12_福島09R_燧ケ岳特別,3倍以上,ワイド,6,15,1500,550
2026-04-12,2026-04-12_福島09R_燧ケ岳特別,3倍以上,馬連,3,3,300,0
2026-04-12,2026-04-12_福島09R_燧ケ岳特別,3倍以上,馬連,4,6,600,0
2026-04-12,2026-04-12_福島09R_燧ケ岳特別,3倍以上,馬連,5,10,1000,0
2026-04-12,2026-04-12_福島09R_燧ケ岳特別,3倍以上,馬連,6,15,1500,0
2026-04-12,2026-04-12_福島10R_喜多方特別,3倍以上,ワイド,3,3,300,0
2026-04-12,2026-04-12_福島10R_喜多方特別,3倍以上,ワイド,4,6,600,0
2026-04-12,2026-04-12_福島10R_喜多方特別,3倍以上,ワイド,5,10,1000,0
2026-04-12,2026-04-12_福島10R_喜多方特別,3倍以上,ワイド,6,15,1500,0
2026-04-12,2026-04-12_福島10R_喜多方特別,3倍以上,馬連,3,3,300,0
2026-04-12,2026-04-12_福島10R_喜多方特別,3倍以上,馬連,4,6,600,0
2026-04-12,2026-04-12_福島10R_喜多方特別,3倍以上,馬連,5,10,1000,0
2026-04-12,2026-04-12_福島10R_喜多方特別,3倍以上,馬連,6,15,1500,0
2026-04-12,2026-04-12_福島11R_福島民報杯,3倍以上,ワイド,3,3,300,0
2026-04-12,2026-04-12_福島11R_福島民報杯,3倍以上,ワイド,4,6,600,0
2026-04-12,2026-04-12_福島11R_福島民報杯,3倍以上,ワイド,5,10,1000,0
2026-04-12,2026-04-12_福島11R_福島民報杯,3倍以上,ワイド,6,15,1500,0
2026-04-12,2026-04-12_福島11R_福島民報杯,3倍以上,馬連,3,3,300,0
2026-04-12,2026-04-12_福島11R_福島民報杯,3倍以上,馬連,4,6,600,0
2026-04-12,2026-04-12_福島11R_福島民報杯,3倍以上,馬連,5,10,1000,0
2026-04-12,2026-04-12_福島11R_福島民報杯,3倍以上,馬連,6,15,1500,0
2026-04-12,2026-04-12_福島12R_4歳以上1勝クラス,2倍台,ワイド,3,3,300,460
2026-04-12,2026-04-12_福島12R_4歳以上1勝クラス,2倍台,ワイド,4,6,600,460
2026-04-12,2026-04-12_福島12R_4歳以上1勝クラス,2倍台,ワイド,5,10,1000,460
2026-04-12,2026-04-12_福島12R_4歳以上1勝クラス,2倍台,ワイド,6,15,1500,460
2026-04-12,2026-04-12_福島12R_4歳以上1勝クラス,2倍台,馬連,3,3,300,0
2026-04-12,2026-04-12_福島12R_4歳以上1勝クラス,2倍台,馬連,4,6,600,0
2026-04-12,2026-04-12_福島12R_4歳以上1勝クラス,2倍台,馬連,5,10,1000,0
2026-04-12,2026-04-12_福島12R_4歳以上1勝クラス,2倍台,馬連,6,15,1500,0
2026-04-12,2026-04-12_阪神09R_忘れな草賞,3倍以上,ワイド,3,3,300,7040
2026-04-12,2026-04-12_阪神09R_忘れな草賞,3倍以上,ワイド,4,6,600,16580
2026-04-12,2026-04-12_阪神09R_忘れな草賞,3倍以上,ワイド,5,10,1000,16580
2026-04-12,2026-04-12_阪神09R_忘れな草賞,3倍以上,ワイド,6,15,1500,16580
2026-04-12,2026-04-12_阪神09R_忘れな草賞,3倍以上,馬連,3,3,300,27330
2026-04-12,2026-04-12_阪神09R_忘れな草賞,3倍以上,馬連,4,6,600,27330
2026-04-12,2026-04-12_阪神09R_忘れな草賞,3倍以上,馬連,5,10,1000,27330
2026-04-12,2026-04-12_阪神09R_忘れな草賞,3倍以上,馬連,6,15,1500,27330
2026-04-12,2026-04-12_阪神10R_京橋S,2倍台,ワイド,3,3,300,0
2026-04-12,2026-04-12_阪神10R_京橋S,2倍台,ワイド,4,6,600,1300
2026-04-12,2026-04-12_阪神10R_京橋S,2倍台,ワイド,5,10,1000,1300
2026-04-12,2026-04-12_阪神10R_京橋S,2倍台,ワイド,6,15,1500,1300
2026-04-12,2026-04-12_阪神10R_京橋S,2倍台,馬連,3,3,300,0
2026-04-12,2026-04-12_阪神10R_京橋S,2倍台,馬連,4,6,600,0
2026-04-12,2026-04-12_阪神10R_京橋S,2倍台,馬連,5,10,1000,0
2026-04-12,2026-04-12_阪神10R_京橋S,2倍台,馬連,6,15,1500,0
2026-04-12,2026-04-12_阪神11R_桜花賞,2倍台,ワイド,3,3,300,0
2026-04-12,2026-04-12_阪神11R_桜花賞,2倍台,ワイド,4,6,600,0
2026-04-12,2026-04-12_阪神11R_桜花賞,2倍台,ワイド,5,10,1000,0
2026-04-12,2026-04-12_阪神11R_桜花賞,2倍台,ワイド,6,15,1500,2820
2026-04-12,2026-04-12_阪神11R_桜花賞,2倍台,馬連,3,3,300,0
2026-04-12,2026-04-12_阪神11R_桜花賞,2倍台,馬連,4,6,600,0
2026-04-12,2026-04-12_阪神11R_桜花賞,2倍台,馬連,5,10,1000,0
2026-04-12,2026-04-12_阪神11R_桜花賞,2倍台,馬連,6,15,1500,0
2026-04-12,2026-04-12_阪神12R_梅田S,3倍以上,ワイド,3,3,300,0
2026-04-12,2026-04-12_阪神12R_梅田S,3倍以上,ワイド,4,6,600,0
2026-04-12,2026-04-12_阪神12R_梅田S,3倍以上,ワイド,5,10,1000,0
2026-04-12,2026-04-12_阪神12R_梅田S,3倍以上,ワイド,6,15,1500,0
2026-04-12,2026-04-12_阪神12R_梅田S,3倍以上,馬連,3,3,300,0
2026-04-12,2026-04-12_阪神12R_梅田S,3倍以上,馬連,4,6,600,0
2026-04-12,2026-04-12_阪神12R_梅田S,3倍以上,馬連,5,10,1000,0
2026-04-12,2026-04-12_阪神12R_梅田S,3倍以上,馬連,6,15,1500,0
2026-04-18,2026-04-18_中山09R_袖ケ浦特別,2倍台,ワイド,3,3,300,0
2026-04-18,2026-04-18_中山09R_袖ケ浦特別,2倍台,ワイド,4,6,600,0
2026-04-18,2026-04-18_中山09R_袖ケ浦特別,2倍台,ワイド,5,10,1000,0
2026-04-18,2026-04-18_中山09R_袖ケ浦特別,2倍台,ワイド,6,15,1500,0
2026-04-18,2026-04-18_中山09R_袖ケ浦特別,2倍台,馬連,3,3,300,0
2026-04-18,2026-04-18_中山09R_袖ケ浦特別,2倍台,馬連,4,6,600,0
2026-04-18,2026-04-18_中山09R_袖ケ浦特別,2倍台,馬連,5,10,1000,0
2026-04-18,2026-04-18_中山09R_袖ケ浦特別,2倍台,馬連,6,15,1500,0
2026-04-18,2026-04-18_中山10R_下総S,3倍以上,ワイド,3,3,300,0
2026-04-18,2026-04-18_中山10R_下総S,3倍以上,ワイド,4,6,600,0
2026-04-18,2026-04-18_中山10R_下総S,3倍以上,ワイド,5,10,1000,0
2026-04-18,2026-04-18_中山10R_下総S,3倍以上,ワイド,6,15,1500,0
2026-04-18,2026-04-18_中山10R_下総S,3倍以上,馬連,3,3,300,0
2026-04-18,2026-04-18_中山10R_下総S,3倍以上,馬連,4,6,600,0
2026-04-18,2026-04-18_中山10R_下総S,3倍以上,馬連,5,10,1000,0
2026-04-18,2026-04-18_中山10R_下総S,3倍以上,馬連,6,15,1500,0
2026-04-18,2026-04-18_中山11R_中山グランドJ,1倍台,ワイド,3,3,300,730
2026-04-18,2026-04-18_中山11R_中山グランドJ,1倍台,ワイド,4,6,600,730
2026-04-18,2026-04-18_中山11R_中山グランドJ,1倍台,ワイド,5,10,1000,730
2026-04-18,2026-04-18_中山11R_中山グランドJ,1倍台,ワイド,6,15,1500,2710
2026-04-18,2026-04-18_中山11R_中山グランドJ,1倍台,馬連,3,3,300,0
2026-04-18,2026-04-18_中山11R_中山グランドJ,1倍台,馬連,4,6,600,0
2026-04-18,2026-04-18_中山11R_中山グランドJ,1倍台,馬連,5,10,1000,0
2026-04-18,2026-04-18_中山11R_中山グランドJ,1倍台,馬連,6,15,1500,360
2026-04-18,2026-04-18_中山12R_葛飾特別,2倍台,ワイド,3,3,300,0
2026-04-18,2026-04-18_中山12R_葛飾特別,2倍台,ワイド,4,6,600,450
2026-04-18,2026-04-18_中山12R_葛飾特別,2倍台,ワイド,5,10,1000,1310
2026-04-18,2026-04-18_中山12R_葛飾特別,2倍台,ワイド,6,15,1500,1310
2026-04-18,2026-04-18_中山12R_葛飾特別,2倍台,馬連,3,3,300,0
2026-04-18,2026-04-18_中山12R_葛飾特別,2倍台,馬連,4,6,600,990
2026-04-18,2026-04-18_中山12R_葛飾特別,2倍台,馬連,5,10,1000,990
2026-04-18,2026-04-18_中山12R_葛飾特別,2倍台,馬連,6,15,1500,990
2026-04-18,2026-04-18_福島09R_ひめさゆり賞,2倍台,ワイド,3,3,300,0
2026-04-18,2026-04-18_福島09R_ひめさゆり賞,2倍台,ワイド,4,6,600,0
2026-04-18,2026-04-18_福島09R_ひめさゆり賞,2倍台,ワイド,5,10,1000,740
2026-04-18,2026-04-18_福島09R_ひめさゆり賞,2倍台,ワイド,6,15,1500,740
2026-04-18,2026-04-18_福島09R_ひめさゆり賞,2倍台,馬連,3,3,300,0
2026-04-18,2026-04-18_福島09R_ひめさゆり賞,2倍台,馬連,4,6,600,0
2026-04-18,2026-04-18_福島09R_ひめさゆり賞,2倍台,馬連,5,10,1000,0
2026-04-18,2026-04-18_福島09R_ひめさゆり賞,2倍台,馬連,6,15,1500,0
2026-04-18,2026-04-18_福島10R_桑折特別,3倍以上,ワイド,3,3,300,470
2026-04-18,2026-04-18_福島10R_桑折特別,3倍以上,ワイド,4,6,600,470
2026-04-18,2026-04-18_福島10R_桑折特別,3倍以上,ワイド,5,10,1000,470
2026-04-18,2026-04-18_福島10R_桑折特別,3倍以上,ワイド,6,15,1500,470
2026-04-18,2026-04-18_福島10R_桑折特別,3倍以上,馬連,3,3,300,0
2026-04-18,2026-04-18_福島10R_桑折特別,3倍以上,馬連,4,6,600,0
2026-04-18,2026-04-18_福島10R_桑折特別,3倍以上,馬連,5,10,1000,0
2026-04-18,2026-04-18_福島10R_桑折特別,3倍以上,馬連,6,15,1500,0
2026-04-18,2026-04-18_福島11R_ラジオ福島賞,3倍以上,ワイド,3,3,300,0
2026-04-18,2026-04-18_福島11R_ラジオ福島賞,3倍以上,ワイド,4,6,600,690
2026-04-18,2026-04-18_福島11R_ラジオ福島賞,3倍以上,ワイド,5,10,1000,690
2026-04-18,2026-04-18_福島11R_ラジオ福島賞,3倍以上,ワイド,6,15,1500,3290
2026-04-18,2026-04-18_福島11R_ラジオ福島賞,3倍以上,馬連,3,3,300,0
2026-04-18,2026-04-18_福島11R_ラジオ福島賞,3倍以上,馬連,4,6,600,0
2026-04-18,2026-04-18_福島11R_ラジオ福島賞,3倍以上,馬連,5,10,1000,0
2026-04-18,2026-04-18_福島11R_ラジオ福島賞,3倍以上,馬連,6,15,1500,3100
2026-04-18,2026-04-18_福島12R_4歳以上1勝クラス,2倍台,ワイド,3,3,300,370
2026-04-18,2026-04-18_福島12R_4歳以上1勝クラス,2倍台,ワイド,4,6,600,1610
2026-04-18,2026-04-18_福島12R_4歳以上1勝クラス,2倍台,ワイド,5,10,1000,1610
2026-04-18,2026-04-18_福島12R_4歳以上1勝クラス,2倍台,ワイド,6,15,1500,1610
2026-04-18,2026-04-18_福島12R_4歳以上1勝クラス,2倍台,馬連,3,3,300,0
2026-04-18,2026-04-18_福島12R_4歳以上1勝クラス,2倍台,馬連,4,6,600,1110
2026-04-18,2026-04-18_福島12R_4歳以上1勝クラス,2倍台,馬連,5,10,1000,1110
2026-04-18,2026-04-18_福島12R_4歳以上1勝クラス,2倍台,馬連,6,15,1500,1110
2026-04-18,2026-04-18_阪神09R_吹田特別,3倍以上,ワイド,3,3,300,0
2026-04-18,2026-04-18_阪神09R_吹田特別,3倍以上,ワイド,4,6,600,320
2026-04-18,2026-04-18_阪神09R_吹田特別,3倍以上,ワイド,5,10,1000,320
2026-04-18,2026-04-18_阪神09R_吹田特別,3倍以上,ワイド,6,15,1500,320
2026-04-18,2026-04-18_阪神09R_吹田特別,3倍以上,馬連,3,3,300,0
2026-04-18,2026-04-18_阪神09R_吹田特別,3倍以上,馬連,4,6,600,770
2026-04-18,2026-04-18_阪神09R_吹田特別,3倍以上,馬連,5,10,1000,770
2026-04-18,2026-04-18_阪神09R_吹田特別,3倍以上,馬連,6,15,1500,770
2026-04-18,2026-04-18_阪神10R_丹波特別,2倍台,ワイド,3,3,300,680
2026-04-18,2026-04-18_阪神10R_丹波特別,2倍台,ワイド,4,6,600,680
2026-04-18,2026-04-18_阪神10R_丹波特別,2倍台,ワイド,5,10,1000,680
2026-04-18,2026-04-18_阪神10R_丹波特別,2倍台,ワイド,6,15,1500,680
2026-04-18,2026-04-18_阪神10R_丹波特別,2倍台,馬連,3,3,300,1580
2026-04-18,2026-04-18_阪神10R_丹波特別,2倍台,馬連,4,6,600,1580
2026-04-18,2026-04-18_阪神10R_丹波特別,2倍台,馬連,5,10,1000,1580
2026-04-18,2026-04-18_阪神10R_丹波特別,2倍台,馬連,6,15,1500,1580
2026-04-18,2026-04-18_阪神11R_アンタレスS,3倍以上,ワイド,3,3,300,960
2026-04-18,2026-04-18_阪神11R_アンタレスS,3倍以上,ワイド,4,6,600,960
2026-04-18,2026-04-18_阪神11R_アンタレスS,3倍以上,ワイド,5,10,1000,960
2026-04-18,2026-04-18_阪神11R_アンタレスS,3倍以上,ワイド,6,15,1500,960
2026-04-18,2026-04-18_阪神11R_アンタレスS,3倍以上,馬連,3,3,300,2290
2026-04-18,2026-04-18_阪神11R_アンタレスS,3倍以上,馬連,4,6,600,2290
2026-04-18,2026-04-18_阪神11R_アンタレスS,3倍以上,馬連,5,10,1000,2290
2026-04-18,2026-04-18_阪神11R_アンタレスS,3倍以上,馬連,6,15,1500,2290
2026-04-18,2026-04-18_阪神12R_4歳以上1勝クラス,2倍台,ワイド,3,3,300,0
2026-04-18,2026-04-18_阪神12R_4歳以上1勝クラス,2倍台,ワイド,4,6,600,0
2026-04-18,2026-04-18_阪神12R_4歳以上1勝クラス,2倍台,ワイド,5,10,1000,0
2026-04-18,2026-04-18_阪神12R_4歳以上1勝クラス,2倍台,ワイド,6,15,1500,570
2026-04-18,2026-04-18_阪神12R_4歳以上1勝クラス,2倍台,馬連,3,3,300,0
2026-04-18,2026-04-18_阪神12R_4歳以上1勝クラス,2倍台,馬連,4,6,600,0
2026-04-18,2026-04-18_阪神12R_4歳以上1勝クラス,2倍台,馬連,5,10,1000,0
2026-04-18,2026-04-18_阪神12R_4歳以上1勝クラス,2倍台,馬連,6,15,1500,0
2026-04-19,2026-04-19_中山09R_野島崎特別,2倍台,ワイド,3,3,300,190
2026-04-19,2026-04-19_中山09R_野島崎特別,2倍台,ワイド,4,6,600,1910
2026-04-19,2026-04-19_中山09R_野島崎特別,2倍台,ワイド,5,10,1000,1910
2026-04-19,2026-04-19_中山09R_野島崎特別,2倍台,ワイド,6,15,1500,1910
2026-04-19,2026-04-19_中山09R_野島崎特別,2倍台,馬連,3,3,300,330
2026-04-19,2026-04-19_中山09R_野島崎特別,2倍台,馬連,4,6,600,330
2026-04-19,2026-04-19_中山09R_野島崎特別,2倍台,馬連,5,10,1000,330
2026-04-19,2026-04-19_中山09R_野島崎特別,2倍台,馬連,6,15,1500,330
2026-04-19,2026-04-19_中山10R_京葉S,3倍以上,ワイド,3,3,300,0
2026-04-19,2026-04-19_中山10R_京葉S,3倍以上,ワイド,4,6,600,0
2026-04-19,2026-04-19_中山10R_京葉S,3倍以上,ワイド,5,10,1000,0
2026-04-19,2026-04-19_中山10R_京葉S,3倍以上,ワイド,6,15,1500,0
2026-04-19,2026-04-19_中山10R_京葉S,3倍以上,馬連,3,3,300,0
2026-04-19,2026-04-19_中山10R_京葉S,3倍以上,馬連,4,6,600,0
2026-04-19,2026-04-19_中山10R_京葉S,3倍以上,馬連,5,10,1000,0
2026-04-19,2026-04-19_中山10R_京葉S,3倍以上,馬連,6,15,1500,0
2026-04-19,2026-04-19_中山11R_皐月賞,3倍以上,ワイド,3,3,300,0
2026-04-19,2026-04-19_中山11R_皐月賞,3倍以上,ワイド,4,6,600,0
2026-04-19,2026-04-19_中山11R_皐月賞,3倍以上,ワイド,5,10,1000,0
2026-04-19,2026-04-19_中山11R_皐月賞,3倍以上,ワイド,6,15,1500,0
2026-04-19,2026-04-19_中山11R_皐月賞,3倍以上,馬連,3,3,300,0
2026-04-19,2026-04-19_中山11R_皐月賞,3倍以上,馬連,4,6,600,0
2026-04-19,2026-04-19_中山11R_皐月賞,3倍以上,馬連,5,10,1000,0
2026-04-19,2026-04-19_中山11R_皐月賞,3倍以上,馬連,6,15,1500,0
2026-04-19,2026-04-19_中山12R_サンシャインS,3倍以上,ワイド,3,3,300,0
2026-04-19,2026-04-19_中山12R_サンシャインS,3倍以上,ワイド,4,6,600,0
2026-04-19,2026-04-19_中山12R_サンシャインS,3倍以上,ワイド,5,10,1000,0
2026-04-19,2026-04-19_中山12R_サンシャインS,3倍以上,ワイド,6,15,1500,0
2026-04-19,2026-04-19_中山12R_サンシャインS,3倍以上,馬連,3,3,300,0
2026-04-19,2026-04-19_中山12R_サンシャインS,3倍以上,馬連,4,6,600,0
2026-04-19,2026-04-19_中山12R_サンシャインS,3倍以上,馬連,5,10,1000,0
2026-04-19,2026-04-19_中山12R_サンシャインS,3倍以上,馬連,6,15,1500,0
2026-04-19,2026-04-19_福島09R_須賀川特別,1倍台,ワイド,3,3,300,0
2026-04-19,2026-04-19_福島09R_須賀川特別,1倍台,ワイド,4,6,600,0
2026-04-19,2026-04-19_福島09R_須賀川特別,1倍台,ワイド,5,10,1000,0
2026-04-19,2026-04-19_福島09R_須賀川特別,1倍台,ワイド,6,15,1500,0
2026-04-19,2026-04-19_福島09R_須賀川特別,1倍台,馬連,3,3,300,0
2026-04-19,2026-04-19_福島09R_須賀川特別,1倍台,馬連,4,6,600,0
2026-04-19,2026-04-19_福島09R_須賀川特別,1倍台,馬連,5,10,1000,0
2026-04-19,2026-04-19_福島09R_須賀川特別,1倍台,馬連,6,15,1500,0
2026-04-19,2026-04-19_福島10R_奥の細道特別,2倍台,ワイド,3,3,300,1580
2026-04-19,2026-04-19_福島10R_奥の細道特別,2倍台,ワイド,4,6,600,1580
2026-04-19,2026-04-19_福島10R_奥の細道特別,2倍台,ワイド,5,10,1000,1580
2026-04-19,2026-04-19_福島10R_奥の細道特別,2倍台,ワイド,6,15,1500,1580
2026-04-19,2026-04-19_福島10R_奥の細道特別,2倍台,馬連,3,3,300,1260
2026-04-19,2026-04-19_福島10R_奥の細道特別,2倍台,馬連,4,6,600,1260
2026-04-19,2026-04-19_福島10R_奥の細道特別,2倍台,馬連,5,10,1000,1260
2026-04-19,2026-04-19_福島10R_奥の細道特別,2倍台,馬連,6,15,1500,1260
2026-04-19,2026-04-19_福島11R_福島牝馬S,2倍台,ワイド,3,3,300,0
2026-04-19,2026-04-19_福島11R_福島牝馬S,2倍台,ワイド,4,6,600,2520
2026-04-19,2026-04-19_福島11R_福島牝馬S,2倍台,ワイド,5,10,1000,2520
2026-04-19,2026-04-19_福島11R_福島牝馬S,2倍台,ワイド,6,15,1500,2520
2026-04-19,2026-04-19_福島11R_福島牝馬S,2倍台,馬連,3,3,300,0
2026-04-19,2026-04-19_福島11R_福島牝馬S,2倍台,馬連,4,6,600,0
2026-04-19,2026-04-19_福島11R_福島牝馬S,2倍台,馬連,5,10,1000,0
2026-04-19,2026-04-19_福島11R_福島牝馬S,2倍台,馬連,6,15,1500,0
2026-04-19,2026-04-19_福島12R_4歳以上1勝クラス,2倍台,ワイド,3,3,300,270
2026-04-19,2026-04-19_福島12R_4歳以上1勝クラス,2倍台,ワイド,4,6,600,270
2026-04-19,2026-04-19_福島12R_4歳以上1勝クラス,2倍台,ワイド,5,10,1000,1730
2026-04-19,2026-04-19_福島12R_4歳以上1勝クラス,2倍台,ワイド,6,15,1500,1730
2026-04-19,2026-04-19_福島12R_4歳以上1勝クラス,2倍台,馬連,3,3,300,0
2026-04-19,2026-04-19_福島12R_4歳以上1勝クラス,2倍台,馬連,4,6,600,0
2026-04-19,2026-04-19_福島12R_4歳以上1勝クラス,2倍台,馬連,5,10,1000,2740
2026-04-19,2026-04-19_福島12R_4歳以上1勝クラス,2倍台,馬連,6,15,1500,2740
2026-04-19,2026-04-19_阪神09R_蓬莱峡特別,2倍台,ワイド,3,3,300,0
2026-04-19,2026-04-19_阪神09R_蓬莱峡特別,2倍台,ワイド,4,6,600,0
2026-04-19,2026-04-19_阪神09R_蓬莱峡特別,2倍台,ワイド,5,10,1000,310
2026-04-19,2026-04-19_阪神09R_蓬莱峡特別,2倍台,ワイド,6,15,1500,310
2026-04-19,2026-04-19_阪神09R_蓬莱峡特別,2倍台,馬連,3,3,300,0
2026-04-19,2026-04-19_阪神09R_蓬莱峡特別,2倍台,馬連,4,6,600,0
2026-04-19,2026-04-19_阪神09R_蓬莱峡特別,2倍台,馬連,5,10,1000,0
2026-04-19,2026-04-19_阪神09R_蓬莱峡特別,2倍台,馬連,6,15,1500,0
2026-04-19,2026-04-19_阪神10R_陽春S,2倍台,ワイド,3,3,300,850
2026-04-19,2026-04-19_阪神10R_陽春S,2倍台,ワイド,4,6,600,850
2026-04-19,2026-04-19_阪神10R_陽春S,2倍台,ワイド,5,10,1000,850
2026-04-19,2026-04-19_阪神10R_陽春S,2倍台,ワイド,6,15,1500,850
2026-04-19,2026-04-19_阪神10R_陽春S,2倍台,馬連,3,3,300,510
2026-04-19,2026-04-19_阪神10R_陽春S,2倍台,馬連,4,6,600,510
2026-04-19,2026-04-19_阪神10R_陽春S,2倍台,馬連,5,10,1000,510
2026-04-19,2026-04-19_阪神10R_陽春S,2倍台,馬連,6,15,1500,510
2026-04-19,2026-04-19_阪神11R_立雲峡S,3倍以上,ワイド,3,3,300,590
2026-04-19,2026-04-19_阪神11R_立雲峡S,3倍以上,ワイド,4,6,600,590
2026-04-19,2026-04-19_阪神11R_立雲峡S,3倍以上,ワイド,5,10,1000,590
2026-04-19,2026-04-19_阪神11R_立雲峡S,3倍以上,ワイド,6,15,1500,2690
2026-04-19,2026-04-19_阪神11R_立雲峡S,3倍以上,馬連,3,3,300,0
2026-04-19,2026-04-19_阪神11R_立雲峡S,3倍以上,馬連,4,6,600,0
2026-04-19,2026-04-19_阪神11R_立雲峡S,3倍以上,馬連,5,10,1000,0
2026-04-19,2026-04-19_阪神11R_立雲峡S,3倍以上,馬連,6,15,1500,3750
2026-04-19,2026-04-19_阪神12R_4歳以上2勝クラス,1倍台,ワイド,3,3,300,320
2026-04-19,2026-04-19_阪神12R_4歳以上2勝クラス,1倍台,ワイド,4,6,600,320
2026-04-19,2026-04-19_阪神12R_4歳以上2勝クラス,1倍台,ワイド,5,10,1000,320
2026-04-19,2026-04-19_阪神12R_4歳以上2勝クラス,1倍台,ワイド,6,15,1500,2370
2026-04-19,2026-04-19_阪神12R_4歳以上2勝クラス,1倍台,馬連,3,3,300,720
2026-04-19,2026-04-19_阪神12R_4歳以上2勝クラス,1倍台,馬連,4,6,600,720
2026-04-19,2026-04-19_阪神12R_4歳以上2勝クラス,1倍台,馬連,5,10,1000,720
2026-04-19,2026-04-19_阪神12R_4歳以上2勝クラス,1倍台,馬連,6,15,1500,720
2026-04-25,2026-04-25_京都09R_4歳以上1勝クラス,3倍以上,ワイド,3,3,300,400
2026-04-25,2026-04-25_京都09R_4歳以上1勝クラス,3倍以上,ワイド,4,6,600,400
2026-04-25,2026-04-25_京都09R_4歳以上1勝クラス,3倍以上,ワイド,5,10,1000,400
2026-04-25,2026-04-25_京都09R_4歳以上1勝クラス,3倍以上,ワイド,6,15,1500,400
2026-04-25,2026-04-25_京都09R_4歳以上1勝クラス,3倍以上,馬連,3,3,300,0
2026-04-25,2026-04-25_京都09R_4歳以上1勝クラス,3倍以上,馬連,4,6,600,0
2026-04-25,2026-04-25_京都09R_4歳以上1勝クラス,3倍以上,馬連,5,10,1000,0
2026-04-25,2026-04-25_京都09R_4歳以上1勝クラス,3倍以上,馬連,6,15,1500,0
2026-04-25,2026-04-25_京都10R_観月橋S,3倍以上,ワイド,3,3,300,720
2026-04-25,2026-04-25_京都10R_観月橋S,3倍以上,ワイド,4,6,600,720
2026-04-25,2026-04-25_京都10R_観月橋S,3倍以上,ワイド,5,10,1000,720
2026-04-25,2026-04-25_京都10R_観月橋S,3倍以上,ワイド,6,15,1500,2230
2026-04-25,2026-04-25_京都10R_観月橋S,3倍以上,馬連,3,3,300,2490
2026-04-25,2026-04-25_京都10R_観月橋S,3倍以上,馬連,4,6,600,2490
2026-04-25,2026-04-25_京都10R_観月橋S,3倍以上,馬連,5,10,1000,2490
2026-04-25,2026-04-25_京都10R_観月橋S,3倍以上,馬連,6,15,1500,2490
2026-04-25,2026-04-25_京都11R_天王山S,3倍以上,ワイド,3,3,300,0
2026-04-25,2026-04-25_京都11R_天王山S,3倍以上,ワイド,4,6,600,0
2026-04-25,2026-04-25_京都11R_天王山S,3倍以上,ワイド,5,10,1000,0
2026-04-25,2026-04-25_京都11R_天王山S,3倍以上,ワイド,6,15,1500,3470
2026-04-25,2026-04-25_京都11R_天王山S,3倍以上,馬連,3,3,300,0
2026-04-25,2026-04-25_京都11R_天王山S,3倍以上,馬連,4,6,600,0
2026-04-25,2026-04-25_京都11R_天王山S,3倍以上,馬連,5,10,1000,0
2026-04-25,2026-04-25_京都11R_天王山S,3倍以上,馬連,6,15,1500,16010
2026-04-25,2026-04-25_京都12R_4歳以上2勝クラス,2倍台,ワイド,3,3,300,280
2026-04-25,2026-04-25_京都12R_4歳以上2勝クラス,2倍台,ワイド,4,6,600,280
2026-04-25,2026-04-25_京都12R_4歳以上2勝クラス,2倍台,ワイド,5,10,1000,280
2026-04-25,2026-04-25_京都12R_4歳以上2勝クラス,2倍台,ワイド,6,15,1500,280
2026-04-25,2026-04-25_京都12R_4歳以上2勝クラス,2倍台,馬連,3,3,300,0
2026-04-25,2026-04-25_京都12R_4歳以上2勝クラス,2倍台,馬連,4,6,600,0
2026-04-25,2026-04-25_京都12R_4歳以上2勝クラス,2倍台,馬連,5,10,1000,0
2026-04-25,2026-04-25_京都12R_4歳以上2勝クラス,2倍台,馬連,6,15,1500,0
2026-04-25,2026-04-25_東京09R_石和特別,1倍台,ワイド,3,3,300,140
2026-04-25,2026-04-25_東京09R_石和特別,1倍台,ワイド,4,6,600,140
2026-04-25,2026-04-25_東京09R_石和特別,1倍台,ワイド,5,10,1000,620
2026-04-25,2026-04-25_東京09R_石和特別,1倍台,ワイド,6,15,1500,620
2026-04-25,2026-04-25_東京09R_石和特別,1倍台,馬連,3,3,300,0
2026-04-25,2026-04-25_東京09R_石和特別,1倍台,馬連,4,6,600,0
2026-04-25,2026-04-25_東京09R_石和特別,1倍台,馬連,5,10,1000,310
2026-04-25,2026-04-25_東京09R_石和特別,1倍台,馬連,6,15,1500,310
2026-04-25,2026-04-25_東京10R_鎌倉S,2倍台,ワイド,3,3,300,0
2026-04-25,2026-04-25_東京10R_鎌倉S,2倍台,ワイド,4,6,600,0
2026-04-25,2026-04-25_東京10R_鎌倉S,2倍台,ワイド,5,10,1000,0
2026-04-25,2026-04-25_東京10R_鎌倉S,2倍台,ワイド,6,15,1500,0
2026-04-25,2026-04-25_東京10R_鎌倉S,2倍台,馬連,3,3,300,0
2026-04-25,2026-04-25_東京10R_鎌倉S,2倍台,馬連,4,6,600,0
2026-04-25,2026-04-25_東京10R_鎌倉S,2倍台,馬連,5,10,1000,0
2026-04-25,2026-04-25_東京10R_鎌倉S,2倍台,馬連,6,15,1500,0
2026-04-25,2026-04-25_東京11R_青葉賞,2倍台,ワイド,3,3,300,0
2026-04-25,2026-04-25_東京11R_青葉賞,2倍台,ワイド,4,6,600,0
2026-04-25,2026-04-25_東京11R_青葉賞,2倍台,ワイド,5,10,1000,0
2026-04-25,2026-04-25_東京11R_青葉賞,2倍台,ワイド,6,15,1500,0
2026-04-25,2026-04-25_東京11R_青葉賞,2倍台,馬連,3,3,300,0
2026-04-25,2026-04-25_東京11R_青葉賞,2倍台,馬連,4,6,600,0
2026-04-25,2026-04-25_東京11R_青葉賞,2倍台,馬連,5,10,1000,0
2026-04-25,2026-04-25_東京11R_青葉賞,2倍台,馬連,6,15,1500,0
2026-04-25,2026-04-25_東京12R_4歳以上2勝クラス,2倍台,ワイド,3,3,300,380
2026-04-25,2026-04-25_東京12R_4歳以上2勝クラス,2倍台,ワイド,4,6,600,380
2026-04-25,2026-04-25_東京12R_4歳以上2勝クラス,2倍台,ワイド,5,10,1000,380
2026-04-25,2026-04-25_東京12R_4歳以上2勝クラス,2倍台,ワイド,6,15,1500,380
2026-04-25,2026-04-25_東京12R_4歳以上2勝クラス,2倍台,馬連,3,3,300,1180
2026-04-25,2026-04-25_東京12R_4歳以上2勝クラス,2倍台,馬連,4,6,600,1180
2026-04-25,2026-04-25_東京12R_4歳以上2勝クラス,2倍台,馬連,5,10,1000,1180
2026-04-25,2026-04-25_東京12R_4歳以上2勝クラス,2倍台,馬連,6,15,1500,1180
2026-04-25,2026-04-25_福島09R_雪うさぎ賞,2倍台,ワイド,3,3,300,0
2026-04-25,2026-04-25_福島09R_雪うさぎ賞,2倍台,ワイド,4,6,600,0
2026-04-25,2026-04-25_福島09R_雪うさぎ賞,2倍台,ワイド,5,10,1000,0
2026-04-25,2026-04-25_福島09R_雪うさぎ賞,2倍台,ワイド,6,15,1500,300
2026-04-25,2026-04-25_福島09R_雪うさぎ賞,2倍台,馬連,3,3,300,0
2026-04-25,2026-04-25_福島09R_雪うさぎ賞,2倍台,馬連,4,6,600,0
2026-04-25,2026-04-25_福島09R_雪うさぎ賞,2倍台,馬連,5,10,1000,0
2026-04-25,2026-04-25_福島09R_雪うさぎ賞,2倍台,馬連,6,15,1500,0
2026-04-25,2026-04-25_福島10R_医王寺特別,2倍台,ワイド,3,3,300,460
2026-04-25,2026-04-25_福島10R_医王寺特別,2倍台,ワイド,4,6,600,460
2026-04-25,2026-04-25_福島10R_医王寺特別,2倍台,ワイド,5,10,1000,6330
2026-04-25,2026-04-25_福島10R_医王寺特別,2倍台,ワイド,6,15,1500,6330
2026-04-25,2026-04-25_福島10R_医王寺特別,2倍台,馬連,3,3,300,1260
2026-04-25,2026-04-25_福島10R_医王寺特別,2倍台,馬連,4,6,600,1260
2026-04-25,2026-04-25_福島10R_医王寺特別,2倍台,馬連,5,10,1000,1260
2026-04-25,2026-04-25_福島10R_医王寺特別,2倍台,馬連,6,15,1500,1260
2026-04-25,2026-04-25_福島11R_福島中央テレビ杯,3倍以上,ワイド,3,3,300,0
2026-04-25,2026-04-25_福島11R_福島中央テレビ杯,3倍以上,ワイド,4,6,600,1650
2026-04-25,2026-04-25_福島11R_福島中央テレビ杯,3倍以上,ワイド,5,10,1000,3400
2026-04-25,2026-04-25_福島11R_福島中央テレビ杯,3倍以上,ワイド,6,15,1500,3400
2026-04-25,2026-04-25_福島11R_福島中央テレビ杯,3倍以上,馬連,3,3,300,0
2026-04-25,2026-04-25_福島11R_福島中央テレビ杯,3倍以上,馬連,4,6,600,5050
2026-04-25,2026-04-25_福島11R_福島中央テレビ杯,3倍以上,馬連,5,10,1000,5050
2026-04-25,2026-04-25_福島11R_福島中央テレビ杯,3倍以上,馬連,6,15,1500,5050
2026-04-25,2026-04-25_福島12R_4歳以上1勝クラス,3倍以上,ワイド,3,3,300,0
2026-04-25,2026-04-25_福島12R_4歳以上1勝クラス,3倍以上,ワイド,4,6,600,0
2026-04-25,2026-04-25_福島12R_4歳以上1勝クラス,3倍以上,ワイド,5,10,1000,0
2026-04-25,2026-04-25_福島12R_4歳以上1勝クラス,3倍以上,ワイド,6,15,1500,0
2026-04-25,2026-04-25_福島12R_4歳以上1勝クラス,3倍以上,馬連,3,3,300,0
2026-04-25,2026-04-25_福島12R_4歳以上1勝クラス,3倍以上,馬連,4,6,600,0
2026-04-25,2026-04-25_福島12R_4歳以上1勝クラス,3倍以上,馬連,5,10,1000,0
2026-04-25,2026-04-25_福島12R_4歳以上1勝クラス,3倍以上,馬連,6,15,1500,0
2026-04-26,2026-04-26_京都09R_比良山特別,2倍台,ワイド,3,3,300,0
2026-04-26,2026-04-26_京都09R_比良山特別,2倍台,ワイド,4,6,600,0
2026-04-26,2026-04-26_京都09R_比良山特別,2倍台,ワイド,5,10,1000,510
2026-04-26,2026-04-26_京都09R_比良山特別,2倍台,ワイド,6,15,1500,510
2026-04-26,2026-04-26_京都09R_比良山特別,2倍台,馬連,3,3,300,0
2026-04-26,2026-04-26_京都09R_比良山特別,2倍台,馬連,4,6,600,0
2026-04-26,2026-04-26_京都09R_比良山特別,2倍台,馬連,5,10,1000,1350
2026-04-26,2026-04-26_京都09R_比良山特別,2倍台,馬連,6,15,1500,1350
2026-04-26,2026-04-26_京都10R_センテニアルパークS,2倍台,ワイド,3,3,300,0
2026-04-26,2026-04-26_京都10R_センテニアルパークS,2倍台,ワイド,4,6,600,0
2026-04-26,2026-04-26_京都10R_センテニアルパークS,2倍台,ワイド,5,10,1000,0
2026-04-26,2026-04-26_京都10R_センテニアルパークS,2倍台,ワイド,6,15,1500,0
2026-04-26,2026-04-26_京都10R_センテニアルパークS,2倍台,馬連,3,3,300,0
2026-04-26,2026-04-26_京都10R_センテニアルパークS,2倍台,馬連,4,6,600,0
2026-04-26,2026-04-26_京都10R_センテニアルパークS,2倍台,馬連,5,10,1000,0
2026-04-26,2026-04-26_京都10R_センテニアルパークS,2倍台,馬連,6,15,1500,0
2026-04-26,2026-04-26_京都11R_マイラーズC,3倍以上,ワイド,3,3,300,0
2026-04-26,2026-04-26_京都11R_マイラーズC,3倍以上,ワイド,4,6,600,0
2026-04-26,2026-04-26_京都11R_マイラーズC,3倍以上,ワイド,5,10,1000,900
2026-04-26,2026-04-26_京都11R_マイラーズC,3倍以上,ワイド,6,15,1500,900
2026-04-26,2026-04-26_京都11R_マイラーズC,3倍以上,馬連,3,3,300,0
2026-04-26,2026-04-26_京都11R_マイラーズC,3倍以上,馬連,4,6,600,0
2026-04-26,2026-04-26_京都11R_マイラーズC,3倍以上,馬連,5,10,1000,0
2026-04-26,2026-04-26_京都11R_マイラーズC,3倍以上,馬連,6,15,1500,0
2026-04-26,2026-04-26_京都12R_4歳以上2勝クラス,3倍以上,ワイド,3,3,300,570
2026-04-26,2026-04-26_京都12R_4歳以上2勝クラス,3倍以上,ワイド,4,6,600,570
2026-04-26,2026-04-26_京都12R_4歳以上2勝クラス,3倍以上,ワイド,5,10,1000,570
2026-04-26,2026-04-26_京都12R_4歳以上2勝クラス,3倍以上,ワイド,6,15,1500,570
2026-04-26,2026-04-26_京都12R_4歳以上2勝クラス,3倍以上,馬連,3,3,300,0
2026-04-26,2026-04-26_京都12R_4歳以上2勝クラス,3倍以上,馬連,4,6,600,0
2026-04-26,2026-04-26_京都12R_4歳以上2勝クラス,3倍以上,馬連,5,10,1000,0
2026-04-26,2026-04-26_京都12R_4歳以上2勝クラス,3倍以上,馬連,6,15,1500,0
2026-04-26,2026-04-26_東京09R_湘南S,2倍台,ワイド,3,3,300,430
2026-04-26,2026-04-26_東京09R_湘南S,2倍台,ワイド,4,6,600,430
2026-04-26,2026-04-26_東京09R_湘南S,2倍台,ワイド,5,10,1000,430
2026-04-26,2026-04-26_東京09R_湘南S,2倍台,ワイド,6,15,1500,430
2026-04-26,2026-04-26_東京09R_湘南S,2倍台,馬連,3,3,300,0
2026-04-26,2026-04-26_東京09R_湘南S,2倍台,馬連,4,6,600,0
2026-04-26,2026-04-26_東京09R_湘南S,2倍台,馬連,5,10,1000,0
2026-04-26,2026-04-26_東京09R_湘南S,2倍台,馬連,6,15,1500,0
2026-04-26,2026-04-26_東京10R_オアシスS,2倍台,ワイド,3,3,300,440
2026-04-26,2026-04-26_東京10R_オアシスS,2倍台,ワイド,4,6,600,440
2026-04-26,2026-04-26_東京10R_オアシスS,2倍台,ワイド,5,10,1000,440
2026-04-26,2026-04-26_東京10R_オアシスS,2倍台,ワイド,6,15,1500,440
2026-04-26,2026-04-26_東京10R_オアシスS,2倍台,馬連,3,3,300,0
2026-04-26,2026-04-26_東京10R_オアシスS,2倍台,馬連,4,6,600,0
2026-04-26,2026-04-26_東京10R_オアシスS,2倍台,馬連,5,10,1000,0
2026-04-26,2026-04-26_東京10R_オアシスS,2倍台,馬連,6,15,1500,0
2026-04-26,2026-04-26_東京11R_フローラS,2倍台,ワイド,3,3,300,0
2026-04-26,2026-04-26_東京11R_フローラS,2倍台,ワイド,4,6,600,360
2026-04-26,2026-04-26_東京11R_フローラS,2倍台,ワイド,5,10,1000,360
2026-04-26,2026-04-26_東京11R_フローラS,2倍台,ワイド,6,15,1500,1500
2026-04-26,2026-04-26_東京11R_フローラS,2倍台,馬連,3,3,300,0
2026-04-26,2026-04-26_東京11R_フローラS,2倍台,馬連,4,6,600,970
2026-04-26,2026-04-26_東京11R_フローラS,2倍台,馬連,5,10,1000,970
2026-04-26,2026-04-26_東京11R_フローラS,2倍台,馬連,6,15,1500,970
2026-04-26,2026-04-26_東京12R_4歳以上2勝クラス,1倍台,ワイド,3,3,300,0
2026-04-26,2026-04-26_東京12R_4歳以上2勝クラス,1倍台,ワイド,4,6,600,360
2026-04-26,2026-04-26_東京12R_4歳以上2勝クラス,1倍台,ワイド,5,10,1000,2300
2026-04-26,2026-04-26_東京12R_4歳以上2勝クラス,1倍台,ワイド,6,15,1500,2300
2026-04-26,2026-04-26_東京12R_4歳以上2勝クラス,1倍台,馬連,3,3,300,0
2026-04-26,2026-04-26_東京12R_4歳以上2勝クラス,1倍台,馬連,4,6,600,600
2026-04-26,2026-04-26_東京12R_4歳以上2勝クラス,1倍台,馬連,5,10,1000,600
2026-04-26,2026-04-26_東京12R_4歳以上2勝クラス,1倍台,馬連,6,15,1500,600
2026-04-26,2026-04-26_福島09R_飯盛山特別,3倍以上,ワイド,3,3,300,580
2026-04-26,2026-04-26_福島09R_飯盛山特別,3倍以上,ワイド,4,6,600,1630
2026-04-26,2026-04-26_福島09R_飯盛山特別,3倍以上,ワイド,5,10,1000,1630
2026-04-26,2026-04-26_福島09R_飯盛山特別,3倍以上,ワイド,6,15,1500,1630
2026-04-26,2026-04-26_福島09R_飯盛山特別,3倍以上,馬連,3,3,300,0
2026-04-26,2026-04-26_福島09R_飯盛山特別,3倍以上,馬連,4,6,600,2120
2026-04-26,2026-04-26_福島09R_飯盛山特別,3倍以上,馬連,5,10,1000,2120
2026-04-26,2026-04-26_福島09R_飯盛山特別,3倍以上,馬連,6,15,1500,2120
2026-04-26,2026-04-26_福島10R_尾瀬特別,2倍台,ワイド,3,3,300,0
2026-04-26,2026-04-26_福島10R_尾瀬特別,2倍台,ワイド,4,6,600,0
2026-04-26,2026-04-26_福島10R_尾瀬特別,2倍台,ワイド,5,10,1000,0
2026-04-26,2026-04-26_福島10R_尾瀬特別,2倍台,ワイド,6,15,1500,0
2026-04-26,2026-04-26_福島10R_尾瀬特別,2倍台,馬連,3,3,300,0
2026-04-26,2026-04-26_福島10R_尾瀬特別,2倍台,馬連,4,6,600,0
2026-04-26,2026-04-26_福島10R_尾瀬特別,2倍台,馬連,5,10,1000,0
2026-04-26,2026-04-26_福島10R_尾瀬特別,2倍台,馬連,6,15,1500,0
2026-04-26,2026-04-26_福島11R_モルガナイトS,3倍以上,ワイド,3,3,300,0
2026-04-26,2026-04-26_福島11R_モルガナイトS,3倍以上,ワイド,4,6,600,0
2026-04-26,2026-04-26_福島11R_モルガナイトS,3倍以上,ワイド,5,10,1000,3250
2026-04-26,2026-04-26_福島11R_モルガナイトS,3倍以上,ワイド,6,15,1500,3250
2026-04-26,2026-04-26_福島11R_モルガナイトS,3倍以上,馬連,3,3,300,0
2026-04-26,2026-04-26_福島11R_モルガナイトS,3倍以上,馬連,4,6,600,0
2026-04-26,2026-04-26_福島11R_モルガナイトS,3倍以上,馬連,5,10,1000,10410
2026-04-26,2026-04-26_福島11R_モルガナイトS,3倍以上,馬連,6,15,1500,10410
2026-04-26,2026-04-26_福島12R_4歳以上1勝クラス,3倍以上,ワイド,3,3,300,0
2026-04-26,2026-04-26_福島12R_4歳以上1勝クラス,3倍以上,ワイド,4,6,600,1030
2026-04-26,2026-04-26_福島12R_4歳以上1勝クラス,3倍以上,ワイド,5,10,1000,1030
2026-04-26,2026-04-26_福島12R_4歳以上1勝クラス,3倍以上,ワイド,6,15,1500,1030
2026-04-26,2026-04-26_福島12R_4歳以上1勝クラス,3倍以上,馬連,3,3,300,0
2026-04-26,2026-04-26_福島12R_4歳以上1勝クラス,3倍以上,馬連,4,6,600,2890
2026-04-26,2026-04-26_福島12R_4歳以上1勝クラス,3倍以上,馬連,5,10,1000,2890
2026-04-26,2026-04-26_福島12R_4歳以上1勝クラス,3倍以上,馬連,6,15,1500,2890
2026-05-02,2026-05-02_京都09R_矢車賞,2倍台,ワイド,3,3,300,430
2026-05-02,2026-05-02_京都09R_矢車賞,2倍台,ワイド,4,6,600,430
2026-05-02,2026-05-02_京都09R_矢車賞,2倍台,ワイド,5,10,1000,1540
2026-05-02,2026-05-02_京都09R_矢車賞,2倍台,ワイド,6,15,1500,1540
2026-05-02,2026-05-02_京都09R_矢車賞,2倍台,馬連,3,3,300,1420
2026-05-02,2026-05-02_京都09R_矢車賞,2倍台,馬連,4,6,600,1420
2026-05-02,2026-05-02_京都09R_矢車賞,2倍台,馬連,5,10,1000,1420
2026-05-02,2026-05-02_京都09R_矢車賞,2倍台,馬連,6,15,1500,1420
2026-05-02,2026-05-02_京都10R_京極特別,3倍以上,ワイド,3,3,300,0
2026-05-02,2026-05-02_京都10R_京極特別,3倍以上,ワイド,4,6,600,0
2026-05-02,2026-05-02_京都10R_京極特別,3倍以上,ワイド,5,10,1000,0
2026-05-02,2026-05-02_京都10R_京極特別,3倍以上,ワイド,6,15,1500,1060
2026-05-02,2026-05-02_京都10R_京極特別,3倍以上,馬連,3,3,300,0
2026-05-02,2026-05-02_京都10R_京極特別,3倍以上,馬連,4,6,600,0
2026-05-02,2026-05-02_京都10R_京極特別,3倍以上,馬連,5,10,1000,0
2026-05-02,2026-05-02_京都10R_京極特別,3倍以上,馬連,6,15,1500,0
2026-05-02,2026-05-02_京都11R_ユニコーンS,2倍台,ワイド,3,3,300,160
2026-05-02,2026-05-02_京都11R_ユニコーンS,2倍台,ワイド,4,6,600,160
2026-05-02,2026-05-02_京都11R_ユニコーンS,2倍台,ワイド,5,10,1000,160
2026-05-02,2026-05-02_京都11R_ユニコーンS,2倍台,ワイド,6,15,1500,160
2026-05-02,2026-05-02_京都11R_ユニコーンS,2倍台,馬連,3,3,300,300
2026-05-02,2026-05-02_京都11R_ユニコーンS,2倍台,馬連,4,6,600,300
2026-05-02,2026-05-02_京都11R_ユニコーンS,2倍台,馬連,5,10,1000,300
2026-05-02,2026-05-02_京都11R_ユニコーンS,2倍台,馬連,6,15,1500,300
2026-05-02,2026-05-02_京都12R_4歳以上1勝クラス,2倍台,ワイド,3,3,300,0
2026-05-02,2026-05-02_京都12R_4歳以上1勝クラス,2倍台,ワイド,4,6,600,0
2026-05-02,2026-05-02_京都12R_4歳以上1勝クラス,2倍台,ワイド,5,10,1000,540
2026-05-02,2026-05-02_京都12R_4歳以上1勝クラス,2倍台,ワイド,6,15,1500,540
2026-05-02,2026-05-02_京都12R_4歳以上1勝クラス,2倍台,馬連,3,3,300,0
2026-05-02,2026-05-02_京都12R_4歳以上1勝クラス,2倍台,馬連,4,6,600,0
2026-05-02,2026-05-02_京都12R_4歳以上1勝クラス,2倍台,馬連,5,10,1000,1650
2026-05-02,2026-05-02_京都12R_4歳以上1勝クラス,2倍台,馬連,6,15,1500,1650
2026-05-02,2026-05-02_新潟09R_わらび賞,1倍台,ワイド,3,3,300,0
2026-05-02,2026-05-02_新潟09R_わらび賞,1倍台,ワイド,4,6,600,390
2026-05-02,2026-05-02_新潟09R_わらび賞,1倍台,ワイド,5,10,1000,390
2026-05-02,2026-05-02_新潟09R_わらび賞,1倍台,ワイド,6,15,1500,390
2026-05-02,2026-05-02_新潟09R_わらび賞,1倍台,馬連,3,3,300,0
2026-05-02,2026-05-02_新潟09R_わらび賞,1倍台,馬連,4,6,600,980
2026-05-02,2026-05-02_新潟09R_わらび賞,1倍台,馬連,5,10,1000,980
2026-05-02,2026-05-02_新潟09R_わらび賞,1倍台,馬連,6,15,1500,980
2026-05-02,2026-05-02_新潟10R_胎内川特別,3倍以上,ワイド,3,3,300,0
2026-05-02,2026-05-02_新潟10R_胎内川特別,3倍以上,ワイド,4,6,600,970
2026-05-02,2026-05-02_新潟10R_胎内川特別,3倍以上,ワイド,5,10,1000,970
2026-05-02,2026-05-02_新潟10R_胎内川特別,3倍以上,ワイド,6,15,1500,970
2026-05-02,2026-05-02_新潟10R_胎内川特別,3倍以上,馬連,3,3,300,0
2026-05-02,2026-05-02_新潟10R_胎内川特別,3倍以上,馬連,4,6,600,0
2026-05-02,2026-05-02_新潟10R_胎内川特別,3倍以上,馬連,5,10,1000,0
2026-05-02,2026-05-02_新潟10R_胎内川特別,3倍以上,馬連,6,15,1500,0
2026-05-02,2026-05-02_新潟11R_三条S,3倍以上,ワイド,3,3,300,3470
2026-05-02,2026-05-02_新潟11R_三条S,3倍以上,ワイド,4,6,600,3470
2026-05-02,2026-05-02_新潟11R_三条S,3倍以上,ワイド,5,10,1000,3470
2026-05-02,2026-05-02_新潟11R_三条S,3倍以上,ワイド,6,15,1500,3470
2026-05-02,2026-05-02_新潟11R_三条S,3倍以上,馬連,3,3,300,2330
2026-05-02,2026-05-02_新潟11R_三条S,3倍以上,馬連,4,6,600,2330
2026-05-02,2026-05-02_新潟11R_三条S,3倍以上,馬連,5,10,1000,2330
2026-05-02,2026-05-02_新潟11R_三条S,3倍以上,馬連,6,15,1500,2330
2026-05-02,2026-05-02_新潟12R_4歳以上1勝クラス,3倍以上,ワイド,3,3,300,0
2026-05-02,2026-05-02_新潟12R_4歳以上1勝クラス,3倍以上,ワイド,4,6,600,0
2026-05-02,2026-05-02_新潟12R_4歳以上1勝クラス,3倍以上,ワイド,5,10,1000,390
2026-05-02,2026-05-02_新潟12R_4歳以上1勝クラス,3倍以上,ワイド,6,15,1500,390
2026-05-02,2026-05-02_新潟12R_4歳以上1勝クラス,3倍以上,馬連,3,3,300,0
2026-05-02,2026-05-02_新潟12R_4歳以上1勝クラス,3倍以上,馬連,4,6,600,0
2026-05-02,2026-05-02_新潟12R_4歳以上1勝クラス,3倍以上,馬連,5,10,1000,970
2026-05-02,2026-05-02_新潟12R_4歳以上1勝クラス,3倍以上,馬連,6,15,1500,970
2026-05-02,2026-05-02_東京09R_是政S,2倍台,ワイド,3,3,300,0
2026-05-02,2026-05-02_東京09R_是政S,2倍台,ワイド,4,6,600,0
2026-05-02,2026-05-02_東京09R_是政S,2倍台,ワイド,5,10,1000,210
2026-05-02,2026-05-02_東京09R_是政S,2倍台,ワイド,6,15,1500,210
2026-05-02,2026-05-02_東京09R_是政S,2倍台,馬連,3,3,300,0
2026-05-02,2026-05-02_東京09R_是政S,2倍台,馬連,4,6,600,0
2026-05-02,2026-05-02_東京09R_是政S,2倍台,馬連,5,10,1000,0
2026-05-02,2026-05-02_東京09R_是政S,2倍台,馬連,6,15,1500,0
2026-05-02,2026-05-02_東京10R_スイートピーS,2倍台,ワイド,3,3,300,560
2026-05-02,2026-05-02_東京10R_スイートピーS,2倍台,ワイド,4,6,600,560
2026-05-02,2026-05-02_東京10R_スイートピーS,2倍台,ワイド,5,10,1000,560
2026-05-02,2026-05-02_東京10R_スイートピーS,2倍台,ワイド,6,15,1500,1400
2026-05-02,2026-05-02_東京10R_スイートピーS,2倍台,馬連,3,3,300,0
2026-05-02,2026-05-02_東京10R_スイートピーS,2倍台,馬連,4,6,600,0
2026-05-02,2026-05-02_東京10R_スイートピーS,2倍台,馬連,5,10,1000,0
2026-05-02,2026-05-02_東京10R_スイートピーS,2倍台,馬連,6,15,1500,870
2026-05-02,2026-05-02_東京11R_京王杯SC,3倍以上,ワイド,3,3,300,0
2026-05-02,2026-05-02_東京11R_京王杯SC,3倍以上,ワイド,4,6,600,5120
2026-05-02,2026-05-02_東京11R_京王杯SC,3倍以上,ワイド,5,10,1000,5120
2026-05-02,2026-05-02_東京11R_京王杯SC,3倍以上,ワイド,6,15,1500,5120
2026-05-02,2026-05-02_東京11R_京王杯SC,3倍以上,馬連,3,3,300,0
2026-05-02,2026-05-02_東京11R_京王杯SC,3倍以上,馬連,4,6,600,24590
2026-05-02,2026-05-02_東京11R_京王杯SC,3倍以上,馬連,5,10,1000,24590
2026-05-02,2026-05-02_東京11R_京王杯SC,3倍以上,馬連,6,15,1500,24590
2026-05-02,2026-05-02_東京12R_4歳以上2勝クラス,2倍台,ワイド,3,3,300,190
2026-05-02,2026-05-02_東京12R_4歳以上2勝クラス,2倍台,ワイド,4,6,600,190
2026-05-02,2026-05-02_東京12R_4歳以上2勝クラス,2倍台,ワイド,5,10,1000,190
2026-05-02,2026-05-02_東京12R_4歳以上2勝クラス,2倍台,ワイド,6,15,1500,1790
2026-05-02,2026-05-02_東京12R_4歳以上2勝クラス,2倍台,馬連,3,3,300,370
2026-05-02,2026-05-02_東京12R_4歳以上2勝クラス,2倍台,馬連,4,6,600,370
2026-05-02,2026-05-02_東京12R_4歳以上2勝クラス,2倍台,馬連,5,10,1000,370
2026-05-02,2026-05-02_東京12R_4歳以上2勝クラス,2倍台,馬連,6,15,1500,370
2026-05-03,2026-05-03_京都09R_六波羅特別,1倍台,ワイド,3,3,300,810
2026-05-03,2026-05-03_京都09R_六波羅特別,1倍台,ワイド,4,6,600,810
2026-05-03,2026-05-03_京都09R_六波羅特別,1倍台,ワイド,5,10,1000,810
2026-05-03,2026-05-03_京都09R_六波羅特別,1倍台,ワイド,6,15,1500,810
2026-05-03,2026-05-03_京都09R_六波羅特別,1倍台,馬連,3,3,300,250
2026-05-03,2026-05-03_京都09R_六波羅特別,1倍台,馬連,4,6,600,250
2026-05-03,2026-05-03_京都09R_六波羅特別,1倍台,馬連,5,10,1000,250
2026-05-03,2026-05-03_京都09R_六波羅特別,1倍台,馬連,6,15,1500,250
2026-05-03,2026-05-03_京都10R_朱雀S,2倍台,ワイド,3,3,300,350
2026-05-03,2026-05-03_京都10R_朱雀S,2倍台,ワイド,4,6,600,1980
2026-05-03,2026-05-03_京都10R_朱雀S,2倍台,ワイド,5,10,1000,1980
2026-05-03,2026-05-03_京都10R_朱雀S,2倍台,ワイド,6,15,1500,1980
2026-05-03,2026-05-03_京都10R_朱雀S,2倍台,馬連,3,3,300,0
2026-05-03,2026-05-03_京都10R_朱雀S,2倍台,馬連,4,6,600,1590
2026-05-03,2026-05-03_京都10R_朱雀S,2倍台,馬連,5,10,1000,1590
2026-05-03,2026-05-03_京都10R_朱雀S,2倍台,馬連,6,15,1500,1590
2026-05-03,2026-05-03_京都11R_天皇賞(春),1倍台,ワイド,3,3,300,0
2026-05-03,2026-05-03_京都11R_天皇賞(春),1倍台,ワイド,4,6,600,3640
2026-05-03,2026-05-03_京都11R_天皇賞(春),1倍台,ワイド,5,10,1000,3640
2026-05-03,2026-05-03_京都11R_天皇賞(春),1倍台,ワイド,6,15,1500,7300
2026-05-03,2026-05-03_京都11R_天皇賞(春),1倍台,馬連,3,3,300,0
2026-05-03,2026-05-03_京都11R_天皇賞(春),1倍台,馬連,4,6,600,18240
2026-05-03,2026-05-03_京都11R_天皇賞(春),1倍台,馬連,5,10,1000,18240
2026-05-03,2026-05-03_京都11R_天皇賞(春),1倍台,馬連,6,15,1500,18240
2026-05-03,2026-05-03_京都12R_東大路S,3倍以上,ワイド,3,3,300,0
2026-05-03,2026-05-03_京都12R_東大路S,3倍以上,ワイド,4,6,600,2320
2026-05-03,2026-05-03_京都12R_東大路S,3倍以上,ワイド,5,10,1000,2320
2026-05-03,2026-05-03_京都12R_東大路S,3倍以上,ワイド,6,15,1500,5190
2026-05-03,2026-05-03_京都12R_東大路S,3倍以上,馬連,3,3,300,0
2026-05-03,2026-05-03_京都12R_東大路S,3倍以上,馬連,4,6,600,7890
2026-05-03,2026-05-03_京都12R_東大路S,3倍以上,馬連,5,10,1000,7890
2026-05-03,2026-05-03_京都12R_東大路S,3倍以上,馬連,6,15,1500,7890
2026-05-03,2026-05-03_新潟09R_咲花特別,2倍台,ワイド,3,3,300,180
2026-05-03,2026-05-03_新潟09R_咲花特別,2倍台,ワイド,4,6,600,180
2026-05-03,2026-05-03_新潟09R_咲花特別,2倍台,ワイド,5,10,1000,180
2026-05-03,2026-05-03_新潟09R_咲花特別,2倍台,ワイド,6,15,1500,180
2026-05-03,2026-05-03_新潟09R_咲花特別,2倍台,馬連,3,3,300,450
2026-05-03,2026-05-03_新潟09R_咲花特別,2倍台,馬連,4,6,600,450
2026-05-03,2026-05-03_新潟09R_咲花特別,2倍台,馬連,5,10,1000,450
2026-05-03,2026-05-03_新潟09R_咲花特別,2倍台,馬連,6,15,1500,450
2026-05-03,2026-05-03_新潟10R_邁進特別,3倍以上,ワイド,3,3,300,370
2026-05-03,2026-05-03_新潟10R_邁進特別,3倍以上,ワイド,4,6,600,370
2026-05-03,2026-05-03_新潟10R_邁進特別,3倍以上,ワイド,5,10,1000,370
2026-05-03,2026-05-03_新潟10R_邁進特別,3倍以上,ワイド,6,15,1500,370
2026-05-03,2026-05-03_新潟10R_邁進特別,3倍以上,馬連,3,3,300,750
2026-05-03,2026-05-03_新潟10R_邁進特別,3倍以上,馬連,4,6,600,750
2026-05-03,2026-05-03_新潟10R_邁進特別,3倍以上,馬連,5,10,1000,750
2026-05-03,2026-05-03_新潟10R_邁進特別,3倍以上,馬連,6,15,1500,750
2026-05-03,2026-05-03_新潟11R_越後S,3倍以上,ワイド,3,3,300,0
2026-05-03,2026-05-03_新潟11R_越後S,3倍以上,ワイド,4,6,600,0
2026-05-03,2026-05-03_新潟11R_越後S,3倍以上,ワイド,5,10,1000,0
2026-05-03,2026-05-03_新潟11R_越後S,3倍以上,ワイド,6,15,1500,0
2026-05-03,2026-05-03_新潟11R_越後S,3倍以上,馬連,3,3,300,0
2026-05-03,2026-05-03_新潟11R_越後S,3倍以上,馬連,4,6,600,0
2026-05-03,2026-05-03_新潟11R_越後S,3倍以上,馬連,5,10,1000,0
2026-05-03,2026-05-03_新潟11R_越後S,3倍以上,馬連,6,15,1500,0
2026-05-03,2026-05-03_新潟12R_4歳以上1勝クラス,2倍台,ワイド,3,3,300,0
2026-05-03,2026-05-03_新潟12R_4歳以上1勝クラス,2倍台,ワイド,4,6,600,370
2026-05-03,2026-05-03_新潟12R_4歳以上1勝クラス,2倍台,ワイド,5,10,1000,2080
2026-05-03,2026-05-03_新潟12R_4歳以上1勝クラス,2倍台,ワイド,6,15,1500,2080
2026-05-03,2026-05-03_新潟12R_4歳以上1勝クラス,2倍台,馬連,3,3,300,0
2026-05-03,2026-05-03_新潟12R_4歳以上1勝クラス,2倍台,馬連,4,6,600,830
2026-05-03,2026-05-03_新潟12R_4歳以上1勝クラス,2倍台,馬連,5,10,1000,830
2026-05-03,2026-05-03_新潟12R_4歳以上1勝クラス,2倍台,馬連,6,15,1500,830
2026-05-03,2026-05-03_東京09R_府中S,3倍以上,ワイド,3,3,300,0
2026-05-03,2026-05-03_東京09R_府中S,3倍以上,ワイド,4,6,600,0
2026-05-03,2026-05-03_東京09R_府中S,3倍以上,ワイド,5,10,1000,0
2026-05-03,2026-05-03_東京09R_府中S,3倍以上,ワイド,6,15,1500,0
2026-05-03,2026-05-03_東京09R_府中S,3倍以上,馬連,3,3,300,0
2026-05-03,2026-05-03_東京09R_府中S,3倍以上,馬連,4,6,600,0
2026-05-03,2026-05-03_東京09R_府中S,3倍以上,馬連,5,10,1000,0
2026-05-03,2026-05-03_東京09R_府中S,3倍以上,馬連,6,15,1500,0
2026-05-03,2026-05-03_東京10R_ブリリアントS,3倍以上,ワイド,3,3,300,0
2026-05-03,2026-05-03_東京10R_ブリリアントS,3倍以上,ワイド,4,6,600,0
2026-05-03,2026-05-03_東京10R_ブリリアントS,3倍以上,ワイド,5,10,1000,1400
2026-05-03,2026-05-03_東京10R_ブリリアントS,3倍以上,ワイド,6,15,1500,1400
2026-05-03,2026-05-03_東京10R_ブリリアントS,3倍以上,馬連,3,3,300,0
2026-05-03,2026-05-03_東京10R_ブリリアントS,3倍以上,馬連,4,6,600,0
2026-05-03,2026-05-03_東京10R_ブリリアントS,3倍以上,馬連,5,10,1000,0
2026-05-03,2026-05-03_東京10R_ブリリアントS,3倍以上,馬連,6,15,1500,0
2026-05-03,2026-05-03_東京11R_プリンシパルS,2倍台,ワイド,3,3,300,0
2026-05-03,2026-05-03_東京11R_プリンシパルS,2倍台,ワイド,4,6,600,0
2026-05-03,2026-05-03_東京11R_プリンシパルS,2倍台,ワイド,5,10,1000,0
2026-05-03,2026-05-03_東京11R_プリンシパルS,2倍台,ワイド,6,15,1500,0
2026-05-03,2026-05-03_東京11R_プリンシパルS,2倍台,馬連,3,3,300,0
2026-05-03,2026-05-03_東京11R_プリンシパルS,2倍台,馬連,4,6,600,0
2026-05-03,2026-05-03_東京11R_プリンシパルS,2倍台,馬連,5,10,1000,0
2026-05-03,2026-05-03_東京11R_プリンシパルS,2倍台,馬連,6,15,1500,0
2026-05-03,2026-05-03_東京12R_4歳以上2勝クラス,2倍台,ワイド,3,3,300,0
2026-05-03,2026-05-03_東京12R_4歳以上2勝クラス,2倍台,ワイド,4,6,600,900
2026-05-03,2026-05-03_東京12R_4歳以上2勝クラス,2倍台,ワイド,5,10,1000,900
2026-05-03,2026-05-03_東京12R_4歳以上2勝クラス,2倍台,ワイド,6,15,1500,3370
2026-05-03,2026-05-03_東京12R_4歳以上2勝クラス,2倍台,馬連,3,3,300,0
2026-05-03,2026-05-03_東京12R_4歳以上2勝クラス,2倍台,馬連,4,6,600,2710
2026-05-03,2026-05-03_東京12R_4歳以上2勝クラス,2倍台,馬連,5,10,1000,2710
2026-05-03,2026-05-03_東京12R_4歳以上2勝クラス,2倍台,馬連,6,15,1500,2710
2026-05-09,2026-05-09_京都09R_久御山特別,2倍台,ワイド,3,3,300,400
2026-05-09,2026-05-09_京都09R_久御山特別,2倍台,ワイド,4,6,600,400
2026-05-09,2026-05-09_京都09R_久御山特別,2倍台,ワイド,5,10,1000,400
2026-05-09,2026-05-09_京都09R_久御山特別,2倍台,ワイド,6,15,1500,400
2026-05-09,2026-05-09_京都09R_久御山特別,2倍台,馬連,3,3,300,900
2026-05-09,2026-05-09_京都09R_久御山特別,2倍台,馬連,4,6,600,900
2026-05-09,2026-05-09_京都09R_久御山特別,2倍台,馬連,5,10,1000,900
2026-05-09,2026-05-09_京都09R_久御山特別,2倍台,馬連,6,15,1500,900
2026-05-09,2026-05-09_京都10R_鴨川特別,2倍台,ワイド,3,3,300,180
2026-05-09,2026-05-09_京都10R_鴨川特別,2倍台,ワイド,4,6,600,570
2026-05-09,2026-05-09_京都10R_鴨川特別,2倍台,ワイド,5,10,1000,570
2026-05-09,2026-05-09_京都10R_鴨川特別,2倍台,ワイド,6,15,1500,570
2026-05-09,2026-05-09_京都10R_鴨川特別,2倍台,馬連,3,3,300,650
2026-05-09,2026-05-09_京都10R_鴨川特別,2倍台,馬連,4,6,600,650
2026-05-09,2026-05-09_京都10R_鴨川特別,2倍台,馬連,5,10,1000,650
2026-05-09,2026-05-09_京都10R_鴨川特別,2倍台,馬連,6,15,1500,650
2026-05-09,2026-05-09_京都11R_京都新聞杯,2倍台,ワイド,3,3,300,0
2026-05-09,2026-05-09_京都11R_京都新聞杯,2倍台,ワイド,4,6,600,0
2026-05-09,2026-05-09_京都11R_京都新聞杯,2倍台,ワイド,5,10,1000,0
2026-05-09,2026-05-09_京都11R_京都新聞杯,2倍台,ワイド,6,15,1500,0
2026-05-09,2026-05-09_京都11R_京都新聞杯,2倍台,馬連,3,3,300,0
2026-05-09,2026-05-09_京都11R_京都新聞杯,2倍台,馬連,4,6,600,0
2026-05-09,2026-05-09_京都11R_京都新聞杯,2倍台,馬連,5,10,1000,0
2026-05-09,2026-05-09_京都11R_京都新聞杯,2倍台,馬連,6,15,1500,0
2026-05-09,2026-05-09_京都12R_4歳以上2勝クラス,2倍台,ワイド,3,3,300,460
2026-05-09,2026-05-09_京都12R_4歳以上2勝クラス,2倍台,ワイド,4,6,600,460
2026-05-09,2026-05-09_京都12R_4歳以上2勝クラス,2倍台,ワイド,5,10,1000,460
2026-05-09,2026-05-09_京都12R_4歳以上2勝クラス,2倍台,ワイド,6,15,1500,460
2026-05-09,2026-05-09_京都12R_4歳以上2勝クラス,2倍台,馬連,3,3,300,0
2026-05-09,2026-05-09_京都12R_4歳以上2勝クラス,2倍台,馬連,4,6,600,0
2026-05-09,2026-05-09_京都12R_4歳以上2勝クラス,2倍台,馬連,5,10,1000,0
2026-05-09,2026-05-09_京都12R_4歳以上2勝クラス,2倍台,馬連,6,15,1500,0
2026-05-09,2026-05-09_新潟09R_ゆきつばき賞,2倍台,ワイド,3,3,300,0
2026-05-09,2026-05-09_新潟09R_ゆきつばき賞,2倍台,ワイド,4,6,600,0
2026-05-09,2026-05-09_新潟09R_ゆきつばき賞,2倍台,ワイド,5,10,1000,0
2026-05-09,2026-05-09_新潟09R_ゆきつばき賞,2倍台,ワイド,6,15,1500,0
2026-05-09,2026-05-09_新潟09R_ゆきつばき賞,2倍台,馬連,3,3,300,0
2026-05-09,2026-05-09_新潟09R_ゆきつばき賞,2倍台,馬連,4,6,600,0
2026-05-09,2026-05-09_新潟09R_ゆきつばき賞,2倍台,馬連,5,10,1000,0
2026-05-09,2026-05-09_新潟09R_ゆきつばき賞,2倍台,馬連,6,15,1500,0
2026-05-09,2026-05-09_新潟10R_粟島特別,2倍台,ワイド,3,3,300,0
2026-05-09,2026-05-09_新潟10R_粟島特別,2倍台,ワイド,4,6,600,0
2026-05-09,2026-05-09_新潟10R_粟島特別,2倍台,ワイド,5,10,1000,0
2026-05-09,2026-05-09_新潟10R_粟島特別,2倍台,ワイド,6,15,1500,0
2026-05-09,2026-05-09_新潟10R_粟島特別,2倍台,馬連,3,3,300,0
2026-05-09,2026-05-09_新潟10R_粟島特別,2倍台,馬連,4,6,600,0
2026-05-09,2026-05-09_新潟10R_粟島特別,2倍台,馬連,5,10,1000,0
2026-05-09,2026-05-09_新潟10R_粟島特別,2倍台,馬連,6,15,1500,0
2026-05-09,2026-05-09_新潟11R_駿風S,3倍以上,ワイド,3,3,300,0
2026-05-09,2026-05-09_新潟11R_駿風S,3倍以上,ワイド,4,6,600,0
2026-05-09,2026-05-09_新潟11R_駿風S,3倍以上,ワイド,5,10,1000,1090
2026-05-09,2026-05-09_新潟11R_駿風S,3倍以上,ワイド,6,15,1500,1090
2026-05-09,2026-05-09_新潟11R_駿風S,3倍以上,馬連,3,3,300,0
2026-05-09,2026-05-09_新潟11R_駿風S,3倍以上,馬連,4,6,600,0
2026-05-09,2026-05-09_新潟11R_駿風S,3倍以上,馬連,5,10,1000,0
2026-05-09,2026-05-09_新潟11R_駿風S,3倍以上,馬連,6,15,1500,0
2026-05-09,2026-05-09_新潟12R_4歳以上1勝クラス,1倍台,ワイド,3,3,300,280
2026-05-09,2026-05-09_新潟12R_4歳以上1勝クラス,1倍台,ワイド,4,6,600,280
2026-05-09,2026-05-09_新潟12R_4歳以上1勝クラス,1倍台,ワイド,5,10,1000,1910
2026-05-09,2026-05-09_新潟12R_4歳以上1勝クラス,1倍台,ワイド,6,15,1500,1910
2026-05-09,2026-05-09_新潟12R_4歳以上1勝クラス,1倍台,馬連,3,3,300,600
2026-05-09,2026-05-09_新潟12R_4歳以上1勝クラス,1倍台,馬連,4,6,600,600
2026-05-09,2026-05-09_新潟12R_4歳以上1勝クラス,1倍台,馬連,5,10,1000,600
2026-05-09,2026-05-09_新潟12R_4歳以上1勝クラス,1倍台,馬連,6,15,1500,600
2026-05-09,2026-05-09_東京09R_分倍河原S,1倍台,ワイド,3,3,300,0
2026-05-09,2026-05-09_東京09R_分倍河原S,1倍台,ワイド,4,6,600,380
2026-05-09,2026-05-09_東京09R_分倍河原S,1倍台,ワイド,5,10,1000,860
2026-05-09,2026-05-09_東京09R_分倍河原S,1倍台,ワイド,6,15,1500,860
2026-05-09,2026-05-09_東京09R_分倍河原S,1倍台,馬連,3,3,300,0
2026-05-09,2026-05-09_東京09R_分倍河原S,1倍台,馬連,4,6,600,0
2026-05-09,2026-05-09_東京09R_分倍河原S,1倍台,馬連,5,10,1000,520
2026-05-09,2026-05-09_東京09R_分倍河原S,1倍台,馬連,6,15,1500,520
2026-05-09,2026-05-09_東京10R_青竜S,2倍台,ワイド,3,3,300,1770
2026-05-09,2026-05-09_東京10R_青竜S,2倍台,ワイド,4,6,600,1770
2026-05-09,2026-05-09_東京10R_青竜S,2倍台,ワイド,5,10,1000,1770
2026-05-09,2026-05-09_東京10R_青竜S,2倍台,ワイド,6,15,1500,1770
2026-05-09,2026-05-09_東京10R_青竜S,2倍台,馬連,3,3,300,450
2026-05-09,2026-05-09_東京10R_青竜S,2倍台,馬連,4,6,600,450
2026-05-09,2026-05-09_東京10R_青竜S,2倍台,馬連,5,10,1000,450
2026-05-09,2026-05-09_東京10R_青竜S,2倍台,馬連,6,15,1500,450
2026-05-09,2026-05-09_東京11R_エプソムC,2倍台,ワイド,3,3,300,0
2026-05-09,2026-05-09_東京11R_エプソムC,2倍台,ワイド,4,6,600,0
2026-05-09,2026-05-09_東京11R_エプソムC,2倍台,ワイド,5,10,1000,0
2026-05-09,2026-05-09_東京11R_エプソムC,2倍台,ワイド,6,15,1500,1780
2026-05-09,2026-05-09_東京11R_エプソムC,2倍台,馬連,3,3,300,0
2026-05-09,2026-05-09_東京11R_エプソムC,2倍台,馬連,4,6,600,0
2026-05-09,2026-05-09_東京11R_エプソムC,2倍台,馬連,5,10,1000,0
2026-05-09,2026-05-09_東京11R_エプソムC,2倍台,馬連,6,15,1500,0
2026-05-09,2026-05-09_東京12R_4歳以上2勝クラス,2倍台,ワイド,3,3,300,0
2026-05-09,2026-05-09_東京12R_4歳以上2勝クラス,2倍台,ワイド,4,6,600,0
2026-05-09,2026-05-09_東京12R_4歳以上2勝クラス,2倍台,ワイド,5,10,1000,0
2026-05-09,2026-05-09_東京12R_4歳以上2勝クラス,2倍台,ワイド,6,15,1500,0
2026-05-09,2026-05-09_東京12R_4歳以上2勝クラス,2倍台,馬連,3,3,300,0
2026-05-09,2026-05-09_東京12R_4歳以上2勝クラス,2倍台,馬連,4,6,600,0
2026-05-09,2026-05-09_東京12R_4歳以上2勝クラス,2倍台,馬連,5,10,1000,0
2026-05-09,2026-05-09_東京12R_4歳以上2勝クラス,2倍台,馬連,6,15,1500,0
2026-05-10,2026-05-10_京都09R_烏丸S,2倍台,ワイド,3,3,300,190
2026-05-10,2026-05-10_京都09R_烏丸S,2倍台,ワイド,4,6,600,190
2026-05-10,2026-05-10_京都09R_烏丸S,2倍台,ワイド,5,10,1000,190
2026-05-10,2026-05-10_京都09R_烏丸S,2倍台,ワイド,6,15,1500,190
2026-05-10,2026-05-10_京都09R_烏丸S,2倍台,馬連,3,3,300,0
2026-05-10,2026-05-10_京都09R_烏丸S,2倍台,馬連,4,6,600,0
2026-05-10,2026-05-10_京都09R_烏丸S,2倍台,馬連,5,10,1000,0
2026-05-10,2026-05-10_京都09R_烏丸S,2倍台,馬連,6,15,1500,0
2026-05-10,2026-05-10_京都10R_橘S,1倍台,ワイド,3,3,300,170
2026-05-10,2026-05-10_京都10R_橘S,1倍台,ワイド,4,6,600,170
2026-05-10,2026-05-10_京都10R_橘S,1倍台,ワイド,5,10,1000,170
2026-05-10,2026-05-10_京都10R_橘S,1倍台,ワイド,6,15,1500,710
2026-05-10,2026-05-10_京都10R_橘S,1倍台,馬連,3,3,300,0
2026-05-10,2026-05-10_京都10R_橘S,1倍台,馬連,4,6,600,0
2026-05-10,2026-05-10_京都10R_橘S,1倍台,馬連,5,10,1000,0
2026-05-10,2026-05-10_京都10R_橘S,1倍台,馬連,6,15,1500,570
2026-05-10,2026-05-10_京都11R_平城京S,1倍台,ワイド,3,3,300,190
2026-05-10,2026-05-10_京都11R_平城京S,1倍台,ワイド,4,6,600,190
2026-05-10,2026-05-10_京都11R_平城京S,1倍台,ワイド,5,10,1000,190
2026-05-10,2026-05-10_京都11R_平城京S,1倍台,ワイド,6,15,1500,920
2026-05-10,2026-05-10_京都11R_平城京S,1倍台,馬連,3,3,300,290
2026-05-10,2026-05-10_京都11R_平城京S,1倍台,馬連,4,6,600,290
2026-05-10,2026-05-10_京都11R_平城京S,1倍台,馬連,5,10,1000,290
2026-05-10,2026-05-10_京都11R_平城京S,1倍台,馬連,6,15,1500,290
2026-05-10,2026-05-10_京都12R_4歳以上2勝クラス,3倍以上,ワイド,3,3,300,0
2026-05-10,2026-05-10_京都12R_4歳以上2勝クラス,3倍以上,ワイド,4,6,600,0
2026-05-10,2026-05-10_京都12R_4歳以上2勝クラス,3倍以上,ワイド,5,10,1000,0
2026-05-10,2026-05-10_京都12R_4歳以上2勝クラス,3倍以上,ワイド,6,15,1500,3680
2026-05-10,2026-05-10_京都12R_4歳以上2勝クラス,3倍以上,馬連,3,3,300,0
2026-05-10,2026-05-10_京都12R_4歳以上2勝クラス,3倍以上,馬連,4,6,600,0
2026-05-10,2026-05-10_京都12R_4歳以上2勝クラス,3倍以上,馬連,5,10,1000,0
2026-05-10,2026-05-10_京都12R_4歳以上2勝クラス,3倍以上,馬連,6,15,1500,0
2026-05-10,2026-05-10_新潟09R_荒川峡特別,3倍以上,ワイド,3,3,300,0
2026-05-10,2026-05-10_新潟09R_荒川峡特別,3倍以上,ワイド,4,6,600,0
2026-05-10,2026-05-10_新潟09R_荒川峡特別,3倍以上,ワイド,5,10,1000,0
2026-05-10,2026-05-10_新潟09R_荒川峡特別,3倍以上,ワイド,6,15,1500,1750
2026-05-10,2026-05-10_新潟09R_荒川峡特別,3倍以上,馬連,3,3,300,0
2026-05-10,2026-05-10_新潟09R_荒川峡特別,3倍以上,馬連,4,6,600,0
2026-05-10,2026-05-10_新潟09R_荒川峡特別,3倍以上,馬連,5,10,1000,0
2026-05-10,2026-05-10_新潟09R_荒川峡特別,3倍以上,馬連,6,15,1500,0
2026-05-10,2026-05-10_新潟10R_五泉特別,2倍台,ワイド,3,3,300,0
2026-05-10,2026-05-10_新潟10R_五泉特別,2倍台,ワイド,4,6,600,0
2026-05-10,2026-05-10_新潟10R_五泉特別,2倍台,ワイド,5,10,1000,720
2026-05-10,2026-05-10_新潟10R_五泉特別,2倍台,ワイド,6,15,1500,720
2026-05-10,2026-05-10_新潟10R_五泉特別,2倍台,馬連,3,3,300,0
2026-05-10,2026-05-10_新潟10R_五泉特別,2倍台,馬連,4,6,600,0
2026-05-10,2026-05-10_新潟10R_五泉特別,2倍台,馬連,5,10,1000,2350
2026-05-10,2026-05-10_新潟10R_五泉特別,2倍台,馬連,6,15,1500,2350
2026-05-10,2026-05-10_新潟11R_谷川岳S,2倍台,ワイド,3,3,300,0
2026-05-10,2026-05-10_新潟11R_谷川岳S,2倍台,ワイド,4,6,600,0
2026-05-10,2026-05-10_新潟11R_谷川岳S,2倍台,ワイド,5,10,1000,0
2026-05-10,2026-05-10_新潟11R_谷川岳S,2倍台,ワイド,6,15,1500,3810
2026-05-10,2026-05-10_新潟11R_谷川岳S,2倍台,馬連,3,3,300,0
2026-05-10,2026-05-10_新潟11R_谷川岳S,2倍台,馬連,4,6,600,0
2026-05-10,2026-05-10_新潟11R_谷川岳S,2倍台,馬連,5,10,1000,0
2026-05-10,2026-05-10_新潟11R_谷川岳S,2倍台,馬連,6,15,1500,15390
2026-05-10,2026-05-10_新潟12R_4歳以上1勝クラス,3倍以上,ワイド,3,3,300,290
2026-05-10,2026-05-10_新潟12R_4歳以上1勝クラス,3倍以上,ワイド,4,6,600,1210
2026-05-10,2026-05-10_新潟12R_4歳以上1勝クラス,3倍以上,ワイド,5,10,1000,1210
2026-05-10,2026-05-10_新潟12R_4歳以上1勝クラス,3倍以上,ワイド,6,15,1500,1210
2026-05-10,2026-05-10_新潟12R_4歳以上1勝クラス,3倍以上,馬連,3,3,300,0
2026-05-10,2026-05-10_新潟12R_4歳以上1勝クラス,3倍以上,馬連,4,6,600,1590
2026-05-10,2026-05-10_新潟12R_4歳以上1勝クラス,3倍以上,馬連,5,10,1000,1590
2026-05-10,2026-05-10_新潟12R_4歳以上1勝クラス,3倍以上,馬連,6,15,1500,1590
2026-05-10,2026-05-10_東京09R_日吉特別,2倍台,ワイド,3,3,300,0
2026-05-10,2026-05-10_東京09R_日吉特別,2倍台,ワイド,4,6,600,250
2026-05-10,2026-05-10_東京09R_日吉特別,2倍台,ワイド,5,10,1000,1270
2026-05-10,2026-05-10_東京09R_日吉特別,2倍台,ワイド,6,15,1500,1270
2026-05-10,2026-05-10_東京09R_日吉特別,2倍台,馬連,3,3,300,0
2026-05-10,2026-05-10_東京09R_日吉特別,2倍台,馬連,4,6,600,0
2026-05-10,2026-05-10_東京09R_日吉特別,2倍台,馬連,5,10,1000,2640
2026-05-10,2026-05-10_東京09R_日吉特別,2倍台,馬連,6,15,1500,2640
2026-05-10,2026-05-10_東京10R_メトロポリタンS,2倍台,ワイド,3,3,300,0
2026-05-10,2026-05-10_東京10R_メトロポリタンS,2倍台,ワイド,4,6,600,350
2026-05-10,2026-05-10_東京10R_メトロポリタンS,2倍台,ワイド,5,10,1000,350
2026-05-10,2026-05-10_東京10R_メトロポリタンS,2倍台,ワイド,6,15,1500,350
2026-05-10,2026-05-10_東京10R_メトロポリタンS,2倍台,馬連,3,3,300,0
2026-05-10,2026-05-10_東京10R_メトロポリタンS,2倍台,馬連,4,6,600,0
2026-05-10,2026-05-10_東京10R_メトロポリタンS,2倍台,馬連,5,10,1000,0
2026-05-10,2026-05-10_東京10R_メトロポリタンS,2倍台,馬連,6,15,1500,0
2026-05-10,2026-05-10_東京11R_NHKマイルC,3倍以上,ワイド,3,3,300,770
2026-05-10,2026-05-10_東京11R_NHKマイルC,3倍以上,ワイド,4,6,600,770
2026-05-10,2026-05-10_東京11R_NHKマイルC,3倍以上,ワイド,5,10,1000,770
2026-05-10,2026-05-10_東京11R_NHKマイルC,3倍以上,ワイド,6,15,1500,770
2026-05-10,2026-05-10_東京11R_NHKマイルC,3倍以上,馬連,3,3,300,1710
2026-05-10,2026-05-10_東京11R_NHKマイルC,3倍以上,馬連,4,6,600,1710
2026-05-10,2026-05-10_東京11R_NHKマイルC,3倍以上,馬連,5,10,1000,1710
2026-05-10,2026-05-10_東京11R_NHKマイルC,3倍以上,馬連,6,15,1500,1710
2026-05-10,2026-05-10_東京12R_立夏S,3倍以上,ワイド,3,3,300,810
2026-05-10,2026-05-10_東京12R_立夏S,3倍以上,ワイド,4,6,600,810
2026-05-10,2026-05-10_東京12R_立夏S,3倍以上,ワイド,5,10,1000,810
2026-05-10,2026-05-10_東京12R_立夏S,3倍以上,ワイド,6,15,1500,810
2026-05-10,2026-05-10_東京12R_立夏S,3倍以上,馬連,3,3,300,0
2026-05-10,2026-05-10_東京12R_立夏S,3倍以上,馬連,4,6,600,0
2026-05-10,2026-05-10_東京12R_立夏S,3倍以上,馬連,5,10,1000,0
2026-05-10,2026-05-10_東京12R_立夏S,3倍以上,馬連,6,15,1500,0
2026-05-16,2026-05-16_京都09R_あずさ賞,3倍以上,ワイド,3,3,300,0
2026-05-16,2026-05-16_京都09R_あずさ賞,3倍以上,ワイド,4,6,600,0
2026-05-16,2026-05-16_京都09R_あずさ賞,3倍以上,ワイド,5,10,1000,0
2026-05-16,2026-05-16_京都09R_あずさ賞,3倍以上,ワイド,6,15,1500,2300
2026-05-16,2026-05-16_京都09R_あずさ賞,3倍以上,馬連,3,3,300,0
2026-05-16,2026-05-16_京都09R_あずさ賞,3倍以上,馬連,4,6,600,0
2026-05-16,2026-05-16_京都09R_あずさ賞,3倍以上,馬連,5,10,1000,0
2026-05-16,2026-05-16_京都09R_あずさ賞,3倍以上,馬連,6,15,1500,0
2026-05-16,2026-05-16_京都10R_上賀茂S,2倍台,ワイド,3,3,300,0
2026-05-16,2026-05-16_京都10R_上賀茂S,2倍台,ワイド,4,6,600,0
2026-05-16,2026-05-16_京都10R_上賀茂S,2倍台,ワイド,5,10,1000,0
2026-05-16,2026-05-16_京都10R_上賀茂S,2倍台,ワイド,6,15,1500,0
2026-05-16,2026-05-16_京都10R_上賀茂S,2倍台,馬連,3,3,300,0
2026-05-16,2026-05-16_京都10R_上賀茂S,2倍台,馬連,4,6,600,0
2026-05-16,2026-05-16_京都10R_上賀茂S,2倍台,馬連,5,10,1000,0
2026-05-16,2026-05-16_京都10R_上賀茂S,2倍台,馬連,6,15,1500,0
2026-05-16,2026-05-16_京都11R_鞍馬S,1倍台,ワイド,3,3,300,420
2026-05-16,2026-05-16_京都11R_鞍馬S,1倍台,ワイド,4,6,600,980
2026-05-16,2026-05-16_京都11R_鞍馬S,1倍台,ワイド,5,10,1000,980
2026-05-16,2026-05-16_京都11R_鞍馬S,1倍台,ワイド,6,15,1500,980
2026-05-16,2026-05-16_京都11R_鞍馬S,1倍台,馬連,3,3,300,0
2026-05-16,2026-05-16_京都11R_鞍馬S,1倍台,馬連,4,6,600,800
2026-05-16,2026-05-16_京都11R_鞍馬S,1倍台,馬連,5,10,1000,800
2026-05-16,2026-05-16_京都11R_鞍馬S,1倍台,馬連,6,15,1500,800
2026-05-16,2026-05-16_京都12R_4歳以上2勝クラス,2倍台,ワイド,3,3,300,0
2026-05-16,2026-05-16_京都12R_4歳以上2勝クラス,2倍台,ワイド,4,6,600,0
2026-05-16,2026-05-16_京都12R_4歳以上2勝クラス,2倍台,ワイド,5,10,1000,0
2026-05-16,2026-05-16_京都12R_4歳以上2勝クラス,2倍台,ワイド,6,15,1500,360
2026-05-16,2026-05-16_京都12R_4歳以上2勝クラス,2倍台,馬連,3,3,300,0
2026-05-16,2026-05-16_京都12R_4歳以上2勝クラス,2倍台,馬連,4,6,600,0
2026-05-16,2026-05-16_京都12R_4歳以上2勝クラス,2倍台,馬連,5,10,1000,0
2026-05-16,2026-05-16_京都12R_4歳以上2勝クラス,2倍台,馬連,6,15,1500,830
2026-05-16,2026-05-16_新潟09R_石打特別,1倍台,ワイド,3,3,300,0
2026-05-16,2026-05-16_新潟09R_石打特別,1倍台,ワイド,4,6,600,210
2026-05-16,2026-05-16_新潟09R_石打特別,1倍台,ワイド,5,10,1000,1340
2026-05-16,2026-05-16_新潟09R_石打特別,1倍台,ワイド,6,15,1500,1340
2026-05-16,2026-05-16_新潟09R_石打特別,1倍台,馬連,3,3,300,0
2026-05-16,2026-05-16_新潟09R_石打特別,1倍台,馬連,4,6,600,0
2026-05-16,2026-05-16_新潟09R_石打特別,1倍台,馬連,5,10,1000,970
2026-05-16,2026-05-16_新潟09R_石打特別,1倍台,馬連,6,15,1500,970
2026-05-16,2026-05-16_新潟10R_中ノ岳特別,1倍台,ワイド,3,3,300,0
2026-05-16,2026-05-16_新潟10R_中ノ岳特別,1倍台,ワイド,4,6,600,2160
2026-05-16,2026-05-16_新潟10R_中ノ岳特別,1倍台,ワイド,5,10,1000,2160
2026-05-16,2026-05-16_新潟10R_中ノ岳特別,1倍台,ワイド,6,15,1500,2160
2026-05-16,2026-05-16_新潟10R_中ノ岳特別,1倍台,馬連,3,3,300,0
2026-05-16,2026-05-16_新潟10R_中ノ岳特別,1倍台,馬連,4,6,600,0
2026-05-16,2026-05-16_新潟10R_中ノ岳特別,1倍台,馬連,5,10,1000,0
2026-05-16,2026-05-16_新潟10R_中ノ岳特別,1倍台,馬連,6,15,1500,0
2026-05-16,2026-05-16_新潟11R_新潟大賞典,2倍台,ワイド,3,3,300,0
2026-05-16,2026-05-16_新潟11R_新潟大賞典,2倍台,ワイド,4,6,600,0
2026-05-16,2026-05-16_新潟11R_新潟大賞典,2倍台,ワイド,5,10,1000,0
2026-05-16,2026-05-16_新潟11R_新潟大賞典,2倍台,ワイド,6,15,1500,2870
2026-05-16,2026-05-16_新潟11R_新潟大賞典,2倍台,馬連,3,3,300,0
2026-05-16,2026-05-16_新潟11R_新潟大賞典,2倍台,馬連,4,6,600,0
2026-05-16,2026-05-16_新潟11R_新潟大賞典,2倍台,馬連,5,10,1000,0
2026-05-16,2026-05-16_新潟11R_新潟大賞典,2倍台,馬連,6,15,1500,0
2026-05-16,2026-05-16_新潟12R_4歳以上1勝クラス,2倍台,ワイド,3,3,300,0
2026-05-16,2026-05-16_新潟12R_4歳以上1勝クラス,2倍台,ワイド,4,6,600,0
2026-05-16,2026-05-16_新潟12R_4歳以上1勝クラス,2倍台,ワイド,5,10,1000,0
2026-05-16,2026-05-16_新潟12R_4歳以上1勝クラス,2倍台,ワイド,6,15,1500,1350
2026-05-16,2026-05-16_新潟12R_4歳以上1勝クラス,2倍台,馬連,3,3,300,0
2026-05-16,2026-05-16_新潟12R_4歳以上1勝クラス,2倍台,馬連,4,6,600,0
2026-05-16,2026-05-16_新潟12R_4歳以上1勝クラス,2倍台,馬連,5,10,1000,0
2026-05-16,2026-05-16_新潟12R_4歳以上1勝クラス,2倍台,馬連,6,15,1500,0
2026-05-16,2026-05-16_東京09R_調布特別,1倍台,ワイド,3,3,300,240
2026-05-16,2026-05-16_東京09R_調布特別,1倍台,ワイド,4,6,600,5450
2026-05-16,2026-05-16_東京09R_調布特別,1倍台,ワイド,5,10,1000,5450
2026-05-16,2026-05-16_東京09R_調布特別,1倍台,ワイド,6,15,1500,5450
2026-05-16,2026-05-16_東京09R_調布特別,1倍台,馬連,3,3,300,0
2026-05-16,2026-05-16_東京09R_調布特別,1倍台,馬連,4,6,600,5240
2026-05-16,2026-05-16_東京09R_調布特別,1倍台,馬連,5,10,1000,5240
2026-05-16,2026-05-16_東京09R_調布特別,1倍台,馬連,6,15,1500,5240
2026-05-16,2026-05-16_東京10R_立川特別,2倍台,ワイド,3,3,300,290
2026-05-16,2026-05-16_東京10R_立川特別,2倍台,ワイド,4,6,600,980
2026-05-16,2026-05-16_東京10R_立川特別,2倍台,ワイド,5,10,1000,980
2026-05-16,2026-05-16_東京10R_立川特別,2倍台,ワイド,6,15,1500,980
2026-05-16,2026-05-16_東京10R_立川特別,2倍台,馬連,3,3,300,0
2026-05-16,2026-05-16_東京10R_立川特別,2倍台,馬連,4,6,600,1050
2026-05-16,2026-05-16_東京10R_立川特別,2倍台,馬連,5,10,1000,1050
2026-05-16,2026-05-16_東京10R_立川特別,2倍台,馬連,6,15,1500,1050
2026-05-16,2026-05-16_東京11R_六社S,1倍台,ワイド,3,3,300,0
2026-05-16,2026-05-16_東京11R_六社S,1倍台,ワイド,4,6,600,0
2026-05-16,2026-05-16_東京11R_六社S,1倍台,ワイド,5,10,1000,0
2026-05-16,2026-05-16_東京11R_六社S,1倍台,ワイド,6,15,1500,0
2026-05-16,2026-05-16_東京11R_六社S,1倍台,馬連,3,3,300,0
2026-05-16,2026-05-16_東京11R_六社S,1倍台,馬連,4,6,600,0
2026-05-16,2026-05-16_東京11R_六社S,1倍台,馬連,5,10,1000,0
2026-05-16,2026-05-16_東京11R_六社S,1倍台,馬連,6,15,1500,0
2026-05-16,2026-05-16_東京12R_4歳以上1勝クラス,2倍台,ワイド,3,3,300,240
2026-05-16,2026-05-16_東京12R_4歳以上1勝クラス,2倍台,ワイド,4,6,600,240
2026-05-16,2026-05-16_東京12R_4歳以上1勝クラス,2倍台,ワイド,5,10,1000,240
2026-05-16,2026-05-16_東京12R_4歳以上1勝クラス,2倍台,ワイド,6,15,1500,240
2026-05-16,2026-05-16_東京12R_4歳以上1勝クラス,2倍台,馬連,3,3,300,520
2026-05-16,2026-05-16_東京12R_4歳以上1勝クラス,2倍台,馬連,4,6,600,520
2026-05-16,2026-05-16_東京12R_4歳以上1勝クラス,2倍台,馬連,5,10,1000,520
2026-05-16,2026-05-16_東京12R_4歳以上1勝クラス,2倍台,馬連,6,15,1500,520
2026-05-17,2026-05-17_京都09R_白川特別,1倍台,ワイド,3,3,300,190
2026-05-17,2026-05-17_京都09R_白川特別,1倍台,ワイド,4,6,600,190
2026-05-17,2026-05-17_京都09R_白川特別,1倍台,ワイド,5,10,1000,790
2026-05-17,2026-05-17_京都09R_白川特別,1倍台,ワイド,6,15,1500,790
2026-05-17,2026-05-17_京都09R_白川特別,1倍台,馬連,3,3,300,490
2026-05-17,2026-05-17_京都09R_白川特別,1倍台,馬連,4,6,600,490
2026-05-17,2026-05-17_京都09R_白川特別,1倍台,馬連,5,10,1000,490
2026-05-17,2026-05-17_京都09R_白川特別,1倍台,馬連,6,15,1500,490
2026-05-17,2026-05-17_京都10R_錦S,2倍台,ワイド,3,3,300,1900
2026-05-17,2026-05-17_京都10R_錦S,2倍台,ワイド,4,6,600,1900
2026-05-17,2026-05-17_京都10R_錦S,2倍台,ワイド,5,10,1000,1900
2026-05-17,2026-05-17_京都10R_錦S,2倍台,ワイド,6,15,1500,1900
2026-05-17,2026-05-17_京都10R_錦S,2倍台,馬連,3,3,300,5620
2026-05-17,2026-05-17_京都10R_錦S,2倍台,馬連,4,6,600,5620
2026-05-17,2026-05-17_京都10R_錦S,2倍台,馬連,5,10,1000,5620
2026-05-17,2026-05-17_京都10R_錦S,2倍台,馬連,6,15,1500,5620
2026-05-17,2026-05-17_京都11R_栗東S,3倍以上,ワイド,3,3,300,620
2026-05-17,2026-05-17_京都11R_栗東S,3倍以上,ワイド,4,6,600,3300
2026-05-17,2026-05-17_京都11R_栗東S,3倍以上,ワイド,5,10,1000,3300
2026-05-17,2026-05-17_京都11R_栗東S,3倍以上,ワイド,6,15,1500,3300
2026-05-17,2026-05-17_京都11R_栗東S,3倍以上,馬連,3,3,300,0
2026-05-17,2026-05-17_京都11R_栗東S,3倍以上,馬連,4,6,600,4000
2026-05-17,2026-05-17_京都11R_栗東S,3倍以上,馬連,5,10,1000,4000
2026-05-17,2026-05-17_京都11R_栗東S,3倍以上,馬連,6,15,1500,4000
2026-05-17,2026-05-17_京都12R_4歳以上2勝クラス,3倍以上,ワイド,3,3,300,0
2026-05-17,2026-05-17_京都12R_4歳以上2勝クラス,3倍以上,ワイド,4,6,600,0
2026-05-17,2026-05-17_京都12R_4歳以上2勝クラス,3倍以上,ワイド,5,10,1000,0
2026-05-17,2026-05-17_京都12R_4歳以上2勝クラス,3倍以上,ワイド,6,15,1500,0
2026-05-17,2026-05-17_京都12R_4歳以上2勝クラス,3倍以上,馬連,3,3,300,0
2026-05-17,2026-05-17_京都12R_4歳以上2勝クラス,3倍以上,馬連,4,6,600,0
2026-05-17,2026-05-17_京都12R_4歳以上2勝クラス,3倍以上,馬連,5,10,1000,0
2026-05-17,2026-05-17_京都12R_4歳以上2勝クラス,3倍以上,馬連,6,15,1500,0
2026-05-17,2026-05-17_新潟09R_飛竜特別,3倍以上,ワイド,3,3,300,0
2026-05-17,2026-05-17_新潟09R_飛竜特別,3倍以上,ワイド,4,6,600,0
2026-05-17,2026-05-17_新潟09R_飛竜特別,3倍以上,ワイド,5,10,1000,0
2026-05-17,2026-05-17_新潟09R_飛竜特別,3倍以上,ワイド,6,15,1500,7840
2026-05-17,2026-05-17_新潟09R_飛竜特別,3倍以上,馬連,3,3,300,0
2026-05-17,2026-05-17_新潟09R_飛竜特別,3倍以上,馬連,4,6,600,0
2026-05-17,2026-05-17_新潟09R_飛竜特別,3倍以上,馬連,5,10,1000,0
2026-05-17,2026-05-17_新潟09R_飛竜特別,3倍以上,馬連,6,15,1500,36880
2026-05-17,2026-05-17_新潟10R_信濃川特別,2倍台,ワイド,3,3,300,1300
2026-05-17,2026-05-17_新潟10R_信濃川特別,2倍台,ワイド,4,6,600,2580
2026-05-17,2026-05-17_新潟10R_信濃川特別,2倍台,ワイド,5,10,1000,2580
2026-05-17,2026-05-17_新潟10R_信濃川特別,2倍台,ワイド,6,15,1500,2580
2026-05-17,2026-05-17_新潟10R_信濃川特別,2倍台,馬連,3,3,300,0
2026-05-17,2026-05-17_新潟10R_信濃川特別,2倍台,馬連,4,6,600,2490
2026-05-17,2026-05-17_新潟10R_信濃川特別,2倍台,馬連,5,10,1000,2490
2026-05-17,2026-05-17_新潟10R_信濃川特別,2倍台,馬連,6,15,1500,2490
2026-05-17,2026-05-17_新潟11R_弥彦S,2倍台,ワイド,3,3,300,0
2026-05-17,2026-05-17_新潟11R_弥彦S,2倍台,ワイド,4,6,600,0
2026-05-17,2026-05-17_新潟11R_弥彦S,2倍台,ワイド,5,10,1000,0
2026-05-17,2026-05-17_新潟11R_弥彦S,2倍台,ワイド,6,15,1500,0
2026-05-17,2026-05-17_新潟11R_弥彦S,2倍台,馬連,3,3,300,0
2026-05-17,2026-05-17_新潟11R_弥彦S,2倍台,馬連,4,6,600,0
2026-05-17,2026-05-17_新潟11R_弥彦S,2倍台,馬連,5,10,1000,0
2026-05-17,2026-05-17_新潟11R_弥彦S,2倍台,馬連,6,15,1500,0
2026-05-17,2026-05-17_新潟12R_4歳以上1勝クラス,3倍以上,ワイド,3,3,300,0
2026-05-17,2026-05-17_新潟12R_4歳以上1勝クラス,3倍以上,ワイド,4,6,600,0
2026-05-17,2026-05-17_新潟12R_4歳以上1勝クラス,3倍以上,ワイド,5,10,1000,0
2026-05-17,2026-05-17_新潟12R_4歳以上1勝クラス,3倍以上,ワイド,6,15,1500,540
2026-05-17,2026-05-17_新潟12R_4歳以上1勝クラス,3倍以上,馬連,3,3,300,0
2026-05-17,2026-05-17_新潟12R_4歳以上1勝クラス,3倍以上,馬連,4,6,600,0
2026-05-17,2026-05-17_新潟12R_4歳以上1勝クラス,3倍以上,馬連,5,10,1000,0
2026-05-17,2026-05-17_新潟12R_4歳以上1勝クラス,3倍以上,馬連,6,15,1500,0
2026-05-17,2026-05-17_東京09R_テレ玉杯,2倍台,ワイド,3,3,300,1820
2026-05-17,2026-05-17_東京09R_テレ玉杯,2倍台,ワイド,4,6,600,1820
2026-05-17,2026-05-17_東京09R_テレ玉杯,2倍台,ワイド,5,10,1000,1820
2026-05-17,2026-05-17_東京09R_テレ玉杯,2倍台,ワイド,6,15,1500,1820
2026-05-17,2026-05-17_東京09R_テレ玉杯,2倍台,馬連,3,3,300,1100
2026-05-17,2026-05-17_東京09R_テレ玉杯,2倍台,馬連,4,6,600,1100
2026-05-17,2026-05-17_東京09R_テレ玉杯,2倍台,馬連,5,10,1000,1100
2026-05-17,2026-05-17_東京09R_テレ玉杯,2倍台,馬連,6,15,1500,1100
2026-05-17,2026-05-17_東京10R_青梅特別,2倍台,ワイド,3,3,300,0
2026-05-17,2026-05-17_東京10R_青梅特別,2倍台,ワイド,4,6,600,0
2026-05-17,2026-05-17_東京10R_青梅特別,2倍台,ワイド,5,10,1000,0
2026-05-17,2026-05-17_東京10R_青梅特別,2倍台,ワイド,6,15,1500,0
2026-05-17,2026-05-17_東京10R_青梅特別,2倍台,馬連,3,3,300,0
2026-05-17,2026-05-17_東京10R_青梅特別,2倍台,馬連,4,6,600,0
2026-05-17,2026-05-17_東京10R_青梅特別,2倍台,馬連,5,10,1000,0
2026-05-17,2026-05-17_東京10R_青梅特別,2倍台,馬連,6,15,1500,0
2026-05-17,2026-05-17_東京11R_ヴィクトリアマイル,1倍台,ワイド,3,3,300,0
2026-05-17,2026-05-17_東京11R_ヴィクトリアマイル,1倍台,ワイド,4,6,600,870
2026-05-17,2026-05-17_東京11R_ヴィクトリアマイル,1倍台,ワイド,5,10,1000,870
2026-05-17,2026-05-17_東京11R_ヴィクトリアマイル,1倍台,ワイド,6,15,1500,1500
2026-05-17,2026-05-17_東京11R_ヴィクトリアマイル,1倍台,馬連,3,3,300,0
2026-05-17,2026-05-17_東京11R_ヴィクトリアマイル,1倍台,馬連,4,6,600,0
2026-05-17,2026-05-17_東京11R_ヴィクトリアマイル,1倍台,馬連,5,10,1000,0
2026-05-17,2026-05-17_東京11R_ヴィクトリアマイル,1倍台,馬連,6,15,1500,570
2026-05-17,2026-05-17_東京12R_BSイレブン賞,3倍以上,ワイド,3,3,300,960
2026-05-17,2026-05-17_東京12R_BSイレブン賞,3倍以上,ワイド,4,6,600,960
2026-05-17,2026-05-17_東京12R_BSイレブン賞,3倍以上,ワイド,5,10,1000,960
2026-05-17,2026-05-17_東京12R_BSイレブン賞,3倍以上,ワイド,6,15,1500,960
2026-05-17,2026-05-17_東京12R_BSイレブン賞,3倍以上,馬連,3,3,300,0
2026-05-17,2026-05-17_東京12R_BSイレブン賞,3倍以上,馬連,4,6,600,0
2026-05-17,2026-05-17_東京12R_BSイレブン賞,3倍以上,馬連,5,10,1000,0
2026-05-17,2026-05-17_東京12R_BSイレブン賞,3倍以上,馬連,6,15,1500,0
2026-05-23,2026-05-23_京都09R_メルボルンT,3倍以上,ワイド,3,3,300,0
2026-05-23,2026-05-23_京都09R_メルボルンT,3倍以上,ワイド,4,6,600,1260
2026-05-23,2026-05-23_京都09R_メルボルンT,3倍以上,ワイド,5,10,1000,1260
2026-05-23,2026-05-23_京都09R_メルボルンT,3倍以上,ワイド,6,15,1500,1260
2026-05-23,2026-05-23_京都09R_メルボルンT,3倍以上,馬連,3,3,300,0
2026-05-23,2026-05-23_京都09R_メルボルンT,3倍以上,馬連,4,6,600,4400
2026-05-23,2026-05-23_京都09R_メルボルンT,3倍以上,馬連,5,10,1000,4400
2026-05-23,2026-05-23_京都09R_メルボルンT,3倍以上,馬連,6,15,1500,4400
2026-05-23,2026-05-23_京都10R_シドニーT,2倍台,ワイド,3,3,300,0
2026-05-23,2026-05-23_京都10R_シドニーT,2倍台,ワイド,4,6,600,0
2026-05-23,2026-05-23_京都10R_シドニーT,2倍台,ワイド,5,10,1000,0
2026-05-23,2026-05-23_京都10R_シドニーT,2倍台,ワイド,6,15,1500,0
2026-05-23,2026-05-23_京都10R_シドニーT,2倍台,馬連,3,3,300,0
2026-05-23,2026-05-23_京都10R_シドニーT,2倍台,馬連,4,6,600,0
2026-05-23,2026-05-23_京都10R_シドニーT,2倍台,馬連,5,10,1000,0
2026-05-23,2026-05-23_京都10R_シドニーT,2倍台,馬連,6,15,1500,0
2026-05-23,2026-05-23_京都11R_平安S,2倍台,ワイド,3,3,300,0
2026-05-23,2026-05-23_京都11R_平安S,2倍台,ワイド,4,6,600,0
2026-05-23,2026-05-23_京都11R_平安S,2倍台,ワイド,5,10,1000,0
2026-05-23,2026-05-23_京都11R_平安S,2倍台,ワイド,6,15,1500,0
2026-05-23,2026-05-23_京都11R_平安S,2倍台,馬連,3,3,300,0
2026-05-23,2026-05-23_京都11R_平安S,2倍台,馬連,4,6,600,0
2026-05-23,2026-05-23_京都11R_平安S,2倍台,馬連,5,10,1000,0
2026-05-23,2026-05-23_京都11R_平安S,2倍台,馬連,6,15,1500,0
2026-05-23,2026-05-23_京都12R_オーストラリアT,2倍台,ワイド,3,3,300,300
2026-05-23,2026-05-23_京都12R_オーストラリアT,2倍台,ワイド,4,6,600,300
2026-05-23,2026-05-23_京都12R_オーストラリアT,2倍台,ワイド,5,10,1000,300
2026-05-23,2026-05-23_京都12R_オーストラリアT,2倍台,ワイド,6,15,1500,300
2026-05-23,2026-05-23_京都12R_オーストラリアT,2倍台,馬連,3,3,300,0
2026-05-23,2026-05-23_京都12R_オーストラリアT,2倍台,馬連,4,6,600,0
2026-05-23,2026-05-23_京都12R_オーストラリアT,2倍台,馬連,5,10,1000,0
2026-05-23,2026-05-23_京都12R_オーストラリアT,2倍台,馬連,6,15,1500,0
2026-05-23,2026-05-23_新潟09R_はやぶさ賞,3倍以上,ワイド,3,3,300,400
2026-05-23,2026-05-23_新潟09R_はやぶさ賞,3倍以上,ワイド,4,6,600,400
2026-05-23,2026-05-23_新潟09R_はやぶさ賞,3倍以上,ワイド,5,10,1000,4120
2026-05-23,2026-05-23_新潟09R_はやぶさ賞,3倍以上,ワイド,6,15,1500,4120
2026-05-23,2026-05-23_新潟09R_はやぶさ賞,3倍以上,馬連,3,3,300,1330
2026-05-23,2026-05-23_新潟09R_はやぶさ賞,3倍以上,馬連,4,6,600,1330
2026-05-23,2026-05-23_新潟09R_はやぶさ賞,3倍以上,馬連,5,10,1000,1330
2026-05-23,2026-05-23_新潟09R_はやぶさ賞,3倍以上,馬連,6,15,1500,1330
2026-05-23,2026-05-23_新潟10R_尖閣湾特別,3倍以上,ワイド,3,3,300,590
2026-05-23,2026-05-23_新潟10R_尖閣湾特別,3倍以上,ワイド,4,6,600,590
2026-05-23,2026-05-23_新潟10R_尖閣湾特別,3倍以上,ワイド,5,10,1000,590
2026-05-23,2026-05-23_新潟10R_尖閣湾特別,3倍以上,ワイド,6,15,1500,4750
2026-05-23,2026-05-23_新潟10R_尖閣湾特別,3倍以上,馬連,3,3,300,1630
2026-05-23,2026-05-23_新潟10R_尖閣湾特別,3倍以上,馬連,4,6,600,1630
2026-05-23,2026-05-23_新潟10R_尖閣湾特別,3倍以上,馬連,5,10,1000,1630
2026-05-23,2026-05-23_新潟10R_尖閣湾特別,3倍以上,馬連,6,15,1500,1630
2026-05-23,2026-05-23_新潟11R_大日岳特別,3倍以上,ワイド,3,3,300,390
2026-05-23,2026-05-23_新潟11R_大日岳特別,3倍以上,ワイド,4,6,600,390
2026-05-23,2026-05-23_新潟11R_大日岳特別,3倍以上,ワイド,5,10,1000,390
2026-05-23,2026-05-23_新潟11R_大日岳特別,3倍以上,ワイド,6,15,1500,390
2026-05-23,2026-05-23_新潟11R_大日岳特別,3倍以上,馬連,3,3,300,0
2026-05-23,2026-05-23_新潟11R_大日岳特別,3倍以上,馬連,4,6,600,0
2026-05-23,2026-05-23_新潟11R_大日岳特別,3倍以上,馬連,5,10,1000,0
2026-05-23,2026-05-23_新潟11R_大日岳特別,3倍以上,馬連,6,15,1500,0
2026-05-23,2026-05-23_新潟12R_4歳以上1勝クラス,3倍以上,ワイド,3,3,300,0
2026-05-23,2026-05-23_新潟12R_4歳以上1勝クラス,3倍以上,ワイド,4,6,600,0
2026-05-23,2026-05-23_新潟12R_4歳以上1勝クラス,3倍以上,ワイド,5,10,1000,850
2026-05-23,2026-05-23_新潟12R_4歳以上1勝クラス,3倍以上,ワイド,6,15,1500,3330
2026-05-23,2026-05-23_新潟12R_4歳以上1勝クラス,3倍以上,馬連,3,3,300,0
2026-05-23,2026-05-23_新潟12R_4歳以上1勝クラス,3倍以上,馬連,4,6,600,0
2026-05-23,2026-05-23_新潟12R_4歳以上1勝クラス,3倍以上,馬連,5,10,1000,2220
2026-05-23,2026-05-23_新潟12R_4歳以上1勝クラス,3倍以上,馬連,6,15,1500,2220
2026-05-23,2026-05-23_東京09R_カーネーションC,1倍台,ワイド,3,3,300,0
2026-05-23,2026-05-23_東京09R_カーネーションC,1倍台,ワイド,4,6,600,0
2026-05-23,2026-05-23_東京09R_カーネーションC,1倍台,ワイド,5,10,1000,870
2026-05-23,2026-05-23_東京09R_カーネーションC,1倍台,ワイド,6,15,1500,5060
2026-05-23,2026-05-23_東京09R_カーネーションC,1倍台,馬連,3,3,300,0
2026-05-23,2026-05-23_東京09R_カーネーションC,1倍台,馬連,4,6,600,0
2026-05-23,2026-05-23_東京09R_カーネーションC,1倍台,馬連,5,10,1000,2740
2026-05-23,2026-05-23_東京09R_カーネーションC,1倍台,馬連,6,15,1500,2740
2026-05-23,2026-05-23_東京10R_高尾特別,3倍以上,ワイド,3,3,300,0
2026-05-23,2026-05-23_東京10R_高尾特別,3倍以上,ワイド,4,6,600,550
2026-05-23,2026-05-23_東京10R_高尾特別,3倍以上,ワイド,5,10,1000,550
2026-05-23,2026-05-23_東京10R_高尾特別,3倍以上,ワイド,6,15,1500,2210
2026-05-23,2026-05-23_東京10R_高尾特別,3倍以上,馬連,3,3,300,0
2026-05-23,2026-05-23_東京10R_高尾特別,3倍以上,馬連,4,6,600,0
2026-05-23,2026-05-23_東京10R_高尾特別,3倍以上,馬連,5,10,1000,0
2026-05-23,2026-05-23_東京10R_高尾特別,3倍以上,馬連,6,15,1500,1730
2026-05-23,2026-05-23_東京11R_欅S,1倍台,ワイド,3,3,300,240
2026-05-23,2026-05-23_東京11R_欅S,1倍台,ワイド,4,6,600,1300
2026-05-23,2026-05-23_東京11R_欅S,1倍台,ワイド,5,10,1000,1300
2026-05-23,2026-05-23_東京11R_欅S,1倍台,ワイド,6,15,1500,1300
2026-05-23,2026-05-23_東京11R_欅S,1倍台,馬連,3,3,300,490
2026-05-23,2026-05-23_東京11R_欅S,1倍台,馬連,4,6,600,490
2026-05-23,2026-05-23_東京11R_欅S,1倍台,馬連,5,10,1000,490
2026-05-23,2026-05-23_東京11R_欅S,1倍台,馬連,6,15,1500,490
2026-05-23,2026-05-23_東京12R_4歳以上2勝クラス,3倍以上,ワイド,3,3,300,0
2026-05-23,2026-05-23_東京12R_4歳以上2勝クラス,3倍以上,ワイド,4,6,600,0
2026-05-23,2026-05-23_東京12R_4歳以上2勝クラス,3倍以上,ワイド,5,10,1000,480
2026-05-23,2026-05-23_東京12R_4歳以上2勝クラス,3倍以上,ワイド,6,15,1500,480
2026-05-23,2026-05-23_東京12R_4歳以上2勝クラス,3倍以上,馬連,3,3,300,0
2026-05-23,2026-05-23_東京12R_4歳以上2勝クラス,3倍以上,馬連,4,6,600,0
2026-05-23,2026-05-23_東京12R_4歳以上2勝クラス,3倍以上,馬連,5,10,1000,0
2026-05-23,2026-05-23_東京12R_4歳以上2勝クラス,3倍以上,馬連,6,15,1500,0
2026-05-24,2026-05-24_京都09R_聖護院特別,2倍台,ワイド,3,3,300,0
2026-05-24,2026-05-24_京都09R_聖護院特別,2倍台,ワイド,4,6,600,220
2026-05-24,2026-05-24_京都09R_聖護院特別,2倍台,ワイド,5,10,1000,1510
2026-05-24,2026-05-24_京都09R_聖護院特別,2倍台,ワイド,6,15,1500,1510
2026-05-24,2026-05-24_京都09R_聖護院特別,2倍台,馬連,3,3,300,0
2026-05-24,2026-05-24_京都09R_聖護院特別,2倍台,馬連,4,6,600,0
2026-05-24,2026-05-24_京都09R_聖護院特別,2倍台,馬連,5,10,1000,3820
2026-05-24,2026-05-24_京都09R_聖護院特別,2倍台,馬連,6,15,1500,3820
2026-05-24,2026-05-24_京都10R_高瀬川S,2倍台,ワイド,3,3,300,540
2026-05-24,2026-05-24_京都10R_高瀬川S,2倍台,ワイド,4,6,600,540
2026-05-24,2026-05-24_京都10R_高瀬川S,2倍台,ワイド,5,10,1000,540
2026-05-24,2026-05-24_京都10R_高瀬川S,2倍台,ワイド,6,15,1500,1910
2026-05-24,2026-05-24_京都10R_高瀬川S,2倍台,馬連,3,3,300,1870
2026-05-24,2026-05-24_京都10R_高瀬川S,2倍台,馬連,4,6,600,1870
2026-05-24,2026-05-24_京都10R_高瀬川S,2倍台,馬連,5,10,1000,1870
2026-05-24,2026-05-24_京都10R_高瀬川S,2倍台,馬連,6,15,1500,1870
2026-05-24,2026-05-24_京都11R_都大路S,1倍台,ワイド,3,3,300,330
2026-05-24,2026-05-24_京都11R_都大路S,1倍台,ワイド,4,6,600,330
2026-05-24,2026-05-24_京都11R_都大路S,1倍台,ワイド,5,10,1000,330
2026-05-24,2026-05-24_京都11R_都大路S,1倍台,ワイド,6,15,1500,330
2026-05-24,2026-05-24_京都11R_都大路S,1倍台,馬連,3,3,300,0
2026-05-24,2026-05-24_京都11R_都大路S,1倍台,馬連,4,6,600,0
2026-05-24,2026-05-24_京都11R_都大路S,1倍台,馬連,5,10,1000,0
2026-05-24,2026-05-24_京都11R_都大路S,1倍台,馬連,6,15,1500,0
2026-05-24,2026-05-24_京都12R_4歳以上1勝クラス,1倍台,ワイド,3,3,300,0
2026-05-24,2026-05-24_京都12R_4歳以上1勝クラス,1倍台,ワイド,4,6,600,0
2026-05-24,2026-05-24_京都12R_4歳以上1勝クラス,1倍台,ワイド,5,10,1000,0
2026-05-24,2026-05-24_京都12R_4歳以上1勝クラス,1倍台,ワイド,6,15,1500,0
2026-05-24,2026-05-24_京都12R_4歳以上1勝クラス,1倍台,馬連,3,3,300,0
2026-05-24,2026-05-24_京都12R_4歳以上1勝クラス,1倍台,馬連,4,6,600,0
2026-05-24,2026-05-24_京都12R_4歳以上1勝クラス,1倍台,馬連,5,10,1000,0
2026-05-24,2026-05-24_京都12R_4歳以上1勝クラス,1倍台,馬連,6,15,1500,0
2026-05-24,2026-05-24_新潟09R_二王子特別,3倍以上,ワイド,3,3,300,740
2026-05-24,2026-05-24_新潟09R_二王子特別,3倍以上,ワイド,4,6,600,740
2026-05-24,2026-05-24_新潟09R_二王子特別,3倍以上,ワイド,5,10,1000,740
2026-05-24,2026-05-24_新潟09R_二王子特別,3倍以上,ワイド,6,15,1500,740
2026-05-24,2026-05-24_新潟09R_二王子特別,3倍以上,馬連,3,3,300,0
2026-05-24,2026-05-24_新潟09R_二王子特別,3倍以上,馬連,4,6,600,0
2026-05-24,2026-05-24_新潟09R_二王子特別,3倍以上,馬連,5,10,1000,0
2026-05-24,2026-05-24_新潟09R_二王子特別,3倍以上,馬連,6,15,1500,0
2026-05-24,2026-05-24_新潟10R_火打山特別,3倍以上,ワイド,3,3,300,0
2026-05-24,2026-05-24_新潟10R_火打山特別,3倍以上,ワイド,4,6,600,0
2026-05-24,2026-05-24_新潟10R_火打山特別,3倍以上,ワイド,5,10,1000,0
2026-05-24,2026-05-24_新潟10R_火打山特別,3倍以上,ワイド,6,15,1500,850
2026-05-24,2026-05-24_新潟10R_火打山特別,3倍以上,馬連,3,3,300,0
2026-05-24,2026-05-24_新潟10R_火打山特別,3倍以上,馬連,4,6,600,0
2026-05-24,2026-05-24_新潟10R_火打山特別,3倍以上,馬連,5,10,1000,0
2026-05-24,2026-05-24_新潟10R_火打山特別,3倍以上,馬連,6,15,1500,0
2026-05-24,2026-05-24_新潟11R_韋駄天S,3倍以上,ワイド,3,3,300,0
2026-05-24,2026-05-24_新潟11R_韋駄天S,3倍以上,ワイド,4,6,600,0
2026-05-24,2026-05-24_新潟11R_韋駄天S,3倍以上,ワイド,5,10,1000,0
2026-05-24,2026-05-24_新潟11R_韋駄天S,3倍以上,ワイド,6,15,1500,0
2026-05-24,2026-05-24_新潟11R_韋駄天S,3倍以上,馬連,3,3,300,0
2026-05-24,2026-05-24_新潟11R_韋駄天S,3倍以上,馬連,4,6,600,0
2026-05-24,2026-05-24_新潟11R_韋駄天S,3倍以上,馬連,5,10,1000,0
2026-05-24,2026-05-24_新潟11R_韋駄天S,3倍以上,馬連,6,15,1500,0
2026-05-24,2026-05-24_新潟12R_4歳以上1勝クラス,3倍以上,ワイド,3,3,300,0
2026-05-24,2026-05-24_新潟12R_4歳以上1勝クラス,3倍以上,ワイド,4,6,600,0
2026-05-24,2026-05-24_新潟12R_4歳以上1勝クラス,3倍以上,ワイド,5,10,1000,0
2026-05-24,2026-05-24_新潟12R_4歳以上1勝クラス,3倍以上,ワイド,6,15,1500,0
2026-05-24,2026-05-24_新潟12R_4歳以上1勝クラス,3倍以上,馬連,3,3,300,0
2026-05-24,2026-05-24_新潟12R_4歳以上1勝クラス,3倍以上,馬連,4,6,600,0
2026-05-24,2026-05-24_新潟12R_4歳以上1勝クラス,3倍以上,馬連,5,10,1000,0
2026-05-24,2026-05-24_新潟12R_4歳以上1勝クラス,3倍以上,馬連,6,15,1500,0
2026-05-24,2026-05-24_東京09R_国分寺特別,1倍台,ワイド,3,3,300,430
2026-05-24,2026-05-24_東京09R_国分寺特別,1倍台,ワイド,4,6,600,430
2026-05-24,2026-05-24_東京09R_国分寺特別,1倍台,ワイド,5,10,1000,4280
2026-05-24,2026-05-24_東京09R_国分寺特別,1倍台,ワイド,6,15,1500,4280
2026-05-24,2026-05-24_東京09R_国分寺特別,1倍台,馬連,3,3,300,0
2026-05-24,2026-05-24_東京09R_国分寺特別,1倍台,馬連,4,6,600,0
2026-05-24,2026-05-24_東京09R_国分寺特別,1倍台,馬連,5,10,1000,4840
2026-05-24,2026-05-24_東京09R_国分寺特別,1倍台,馬連,6,15,1500,4840
2026-05-24,2026-05-24_東京10R_フリーウェイS,3倍以上,ワイド,3,3,300,540
2026-05-24,2026-05-24_東京10R_フリーウェイS,3倍以上,ワイド,4,6,600,540
2026-05-24,2026-05-24_東京10R_フリーウェイS,3倍以上,ワイド,5,10,1000,540
2026-05-24,2026-05-24_東京10R_フリーウェイS,3倍以上,ワイド,6,15,1500,2410
2026-05-24,2026-05-24_東京10R_フリーウェイS,3倍以上,馬連,3,3,300,1350
2026-05-24,2026-05-24_東京10R_フリーウェイS,3倍以上,馬連,4,6,600,1350
2026-05-24,2026-05-24_東京10R_フリーウェイS,3倍以上,馬連,5,10,1000,1350
2026-05-24,2026-05-24_東京10R_フリーウェイS,3倍以上,馬連,6,15,1500,1350
2026-05-24,2026-05-24_東京11R_オークス,3倍以上,ワイド,3,3,300,0
2026-05-24,2026-05-24_東京11R_オークス,3倍以上,ワイド,4,6,600,0
2026-05-24,2026-05-24_東京11R_オークス,3倍以上,ワイド,5,10,1000,0
2026-05-24,2026-05-24_東京11R_オークス,3倍以上,ワイド,6,15,1500,0
2026-05-24,2026-05-24_東京11R_オークス,3倍以上,馬連,3,3,300,0
2026-05-24,2026-05-24_東京11R_オークス,3倍以上,馬連,4,6,600,0
2026-05-24,2026-05-24_東京11R_オークス,3倍以上,馬連,5,10,1000,0
2026-05-24,2026-05-24_東京11R_オークス,3倍以上,馬連,6,15,1500,0
2026-05-24,2026-05-24_東京12R_丹沢S,2倍台,ワイド,3,3,300,240
2026-05-24,2026-05-24_東京12R_丹沢S,2倍台,ワイド,4,6,600,240
2026-05-24,2026-05-24_東京12R_丹沢S,2倍台,ワイド,5,10,1000,240
2026-05-24,2026-05-24_東京12R_丹沢S,2倍台,ワイド,6,15,1500,240
2026-05-24,2026-05-24_東京12R_丹沢S,2倍台,馬連,3,3,300,460
2026-05-24,2026-05-24_東京12R_丹沢S,2倍台,馬連,4,6,600,460
2026-05-24,2026-05-24_東京12R_丹沢S,2倍台,馬連,5,10,1000,460
2026-05-24,2026-05-24_東京12R_丹沢S,2倍台,馬連,6,15,1500,460
2026-05-30,2026-05-30_京都09R_鳳雛S,1倍台,ワイド,3,3,300,250
2026-05-30,2026-05-30_京都09R_鳳雛S,1倍台,ワイド,4,6,600,250
2026-05-30,2026-05-30_京都09R_鳳雛S,1倍台,ワイド,5,10,1000,250
2026-05-30,2026-05-30_京都09R_鳳雛S,1倍台,ワイド,6,15,1500,920
2026-05-30,2026-05-30_京都09R_鳳雛S,1倍台,馬連,3,3,300,0
2026-05-30,2026-05-30_京都09R_鳳雛S,1倍台,馬連,4,6,600,0
2026-05-30,2026-05-30_京都09R_鳳雛S,1倍台,馬連,5,10,1000,0
2026-05-30,2026-05-30_京都09R_鳳雛S,1倍台,馬連,6,15,1500,350
2026-05-30,2026-05-30_京都10R_桃山S,3倍以上,ワイド,3,3,300,0
2026-05-30,2026-05-30_京都10R_桃山S,3倍以上,ワイド,4,6,600,0
2026-05-30,2026-05-30_京都10R_桃山S,3倍以上,ワイド,5,10,1000,19880
2026-05-30,2026-05-30_京都10R_桃山S,3倍以上,ワイド,6,15,1500,19880
2026-05-30,2026-05-30_京都10R_桃山S,3倍以上,馬連,3,3,300,0
2026-05-30,2026-05-30_京都10R_桃山S,3倍以上,馬連,4,6,600,0
2026-05-30,2026-05-30_京都10R_桃山S,3倍以上,馬連,5,10,1000,66550
2026-05-30,2026-05-30_京都10R_桃山S,3倍以上,馬連,6,15,1500,66550
2026-05-30,2026-05-30_京都11R_葵S,3倍以上,ワイド,3,3,300,0
2026-05-30,2026-05-30_京都11R_葵S,3倍以上,ワイド,4,6,600,0
2026-05-30,2026-05-30_京都11R_葵S,3倍以上,ワイド,5,10,1000,1480
2026-05-30,2026-05-30_京都11R_葵S,3倍以上,ワイド,6,15,1500,1480
2026-05-30,2026-05-30_京都11R_葵S,3倍以上,馬連,3,3,300,0
2026-05-30,2026-05-30_京都11R_葵S,3倍以上,馬連,4,6,600,0
2026-05-30,2026-05-30_京都11R_葵S,3倍以上,馬連,5,10,1000,4670
2026-05-30,2026-05-30_京都11R_葵S,3倍以上,馬連,6,15,1500,4670
2026-05-30,2026-05-30_京都12R_4歳以上2勝クラス,2倍台,ワイド,3,3,300,0
2026-05-30,2026-05-30_京都12R_4歳以上2勝クラス,2倍台,ワイド,4,6,600,0
2026-05-30,2026-05-30_京都12R_4歳以上2勝クラス,2倍台,ワイド,5,10,1000,0
2026-05-30,2026-05-30_京都12R_4歳以上2勝クラス,2倍台,ワイド,6,15,1500,0
2026-05-30,2026-05-30_京都12R_4歳以上2勝クラス,2倍台,馬連,3,3,300,0
2026-05-30,2026-05-30_京都12R_4歳以上2勝クラス,2倍台,馬連,4,6,600,0
2026-05-30,2026-05-30_京都12R_4歳以上2勝クラス,2倍台,馬連,5,10,1000,0
2026-05-30,2026-05-30_京都12R_4歳以上2勝クラス,2倍台,馬連,6,15,1500,0
2026-05-30,2026-05-30_東京09R_富嶽賞,3倍以上,ワイド,3,3,300,0
2026-05-30,2026-05-30_東京09R_富嶽賞,3倍以上,ワイド,4,6,600,0
2026-05-30,2026-05-30_東京09R_富嶽賞,3倍以上,ワイド,5,10,1000,0
2026-05-30,2026-05-30_東京09R_富嶽賞,3倍以上,ワイド,6,15,1500,0
2026-05-30,2026-05-30_東京09R_富嶽賞,3倍以上,馬連,3,3,300,0
2026-05-30,2026-05-30_東京09R_富嶽賞,3倍以上,馬連,4,6,600,0
2026-05-30,2026-05-30_東京09R_富嶽賞,3倍以上,馬連,5,10,1000,0
2026-05-30,2026-05-30_東京09R_富嶽賞,3倍以上,馬連,6,15,1500,0
2026-05-30,2026-05-30_東京10R_葉山特別,1倍台,ワイド,3,3,300,710
2026-05-30,2026-05-30_東京10R_葉山特別,1倍台,ワイド,4,6,600,710
2026-05-30,2026-05-30_東京10R_葉山特別,1倍台,ワイド,5,10,1000,710
2026-05-30,2026-05-30_東京10R_葉山特別,1倍台,ワイド,6,15,1500,710
2026-05-30,2026-05-30_東京10R_葉山特別,1倍台,馬連,3,3,300,0
2026-05-30,2026-05-30_東京10R_葉山特別,1倍台,馬連,4,6,600,0
2026-05-30,2026-05-30_東京10R_葉山特別,1倍台,馬連,5,10,1000,0
2026-05-30,2026-05-30_東京10R_葉山特別,1倍台,馬連,6,15,1500,0
2026-05-30,2026-05-30_東京11R_アハルテケS,2倍台,ワイド,3,3,300,0
2026-05-30,2026-05-30_東京11R_アハルテケS,2倍台,ワイド,4,6,600,0
2026-05-30,2026-05-30_東京11R_アハルテケS,2倍台,ワイド,5,10,1000,0
2026-05-30,2026-05-30_東京11R_アハルテケS,2倍台,ワイド,6,15,1500,0
2026-05-30,2026-05-30_東京11R_アハルテケS,2倍台,馬連,3,3,300,0
2026-05-30,2026-05-30_東京11R_アハルテケS,2倍台,馬連,4,6,600,0
2026-05-30,2026-05-30_東京11R_アハルテケS,2倍台,馬連,5,10,1000,0
2026-05-30,2026-05-30_東京11R_アハルテケS,2倍台,馬連,6,15,1500,0
2026-05-30,2026-05-30_東京12R_4歳以上2勝クラス,1倍台,ワイド,3,3,300,240
2026-05-30,2026-05-30_東京12R_4歳以上2勝クラス,1倍台,ワイド,4,6,600,1350
2026-05-30,2026-05-30_東京12R_4歳以上2勝クラス,1倍台,ワイド,5,10,1000,1350
2026-05-30,2026-05-30_東京12R_4歳以上2勝クラス,1倍台,ワイド,6,15,1500,1350
2026-05-30,2026-05-30_東京12R_4歳以上2勝クラス,1倍台,馬連,3,3,300,610
2026-05-30,2026-05-30_東京12R_4歳以上2勝クラス,1倍台,馬連,4,6,600,610
2026-05-30,2026-05-30_東京12R_4歳以上2勝クラス,1倍台,馬連,5,10,1000,610
2026-05-30,2026-05-30_東京12R_4歳以上2勝クラス,1倍台,馬連,6,15,1500,610
2026-05-31,2026-05-31_京都09R_與杼特別,2倍台,ワイド,3,3,300,240
2026-05-31,2026-05-31_京都09R_與杼特別,2倍台,ワイド,4,6,600,240
2026-05-31,2026-05-31_京都09R_與杼特別,2倍台,ワイド,5,10,1000,240
2026-05-31,2026-05-31_京都09R_與杼特別,2倍台,ワイド,6,15,1500,790
2026-05-31,2026-05-31_京都09R_與杼特別,2倍台,馬連,3,3,300,0
2026-05-31,2026-05-31_京都09R_與杼特別,2倍台,馬連,4,6,600,0
2026-05-31,2026-05-31_京都09R_與杼特別,2倍台,馬連,5,10,1000,0
2026-05-31,2026-05-31_京都09R_與杼特別,2倍台,馬連,6,15,1500,390
2026-05-31,2026-05-31_京都10R_安土城S,3倍以上,ワイド,3,3,300,0
2026-05-31,2026-05-31_京都10R_安土城S,3倍以上,ワイド,4,6,600,0
2026-05-31,2026-05-31_京都10R_安土城S,3倍以上,ワイド,5,10,1000,0
2026-05-31,2026-05-31_京都10R_安土城S,3倍以上,ワイド,6,15,1500,0
2026-05-31,2026-05-31_京都10R_安土城S,3倍以上,馬連,3,3,300,0
2026-05-31,2026-05-31_京都10R_安土城S,3倍以上,馬連,4,6,600,0
2026-05-31,2026-05-31_京都10R_安土城S,3倍以上,馬連,5,10,1000,0
2026-05-31,2026-05-31_京都10R_安土城S,3倍以上,馬連,6,15,1500,0
2026-05-31,2026-05-31_京都11R_白百合S,3倍以上,ワイド,3,3,300,1700
2026-05-31,2026-05-31_京都11R_白百合S,3倍以上,ワイド,4,6,600,1700
2026-05-31,2026-05-31_京都11R_白百合S,3倍以上,ワイド,5,10,1000,1700
2026-05-31,2026-05-31_京都11R_白百合S,3倍以上,ワイド,6,15,1500,1700
2026-05-31,2026-05-31_京都11R_白百合S,3倍以上,馬連,3,3,300,2570
2026-05-31,2026-05-31_京都11R_白百合S,3倍以上,馬連,4,6,600,2570
2026-05-31,2026-05-31_京都11R_白百合S,3倍以上,馬連,5,10,1000,2570
2026-05-31,2026-05-31_京都11R_白百合S,3倍以上,馬連,6,15,1500,2570
2026-05-31,2026-05-31_京都12R_渡月橋S,3倍以上,ワイド,3,3,300,0
2026-05-31,2026-05-31_京都12R_渡月橋S,3倍以上,ワイド,4,6,600,0
2026-05-31,2026-05-31_京都12R_渡月橋S,3倍以上,ワイド,5,10,1000,0
2026-05-31,2026-05-31_京都12R_渡月橋S,3倍以上,ワイド,6,15,1500,0
2026-05-31,2026-05-31_京都12R_渡月橋S,3倍以上,馬連,3,3,300,0
2026-05-31,2026-05-31_京都12R_渡月橋S,3倍以上,馬連,4,6,600,0
2026-05-31,2026-05-31_京都12R_渡月橋S,3倍以上,馬連,5,10,1000,0
2026-05-31,2026-05-31_京都12R_渡月橋S,3倍以上,馬連,6,15,1500,0
2026-05-31,2026-05-31_東京09R_薫風S,2倍台,ワイド,3,3,300,330
2026-05-31,2026-05-31_東京09R_薫風S,2倍台,ワイド,4,6,600,1450
2026-05-31,2026-05-31_東京09R_薫風S,2倍台,ワイド,5,10,1000,1450
2026-05-31,2026-05-31_東京09R_薫風S,2倍台,ワイド,6,15,1500,1450
2026-05-31,2026-05-31_東京09R_薫風S,2倍台,馬連,3,3,300,0
2026-05-31,2026-05-31_東京09R_薫風S,2倍台,馬連,4,6,600,1330
2026-05-31,2026-05-31_東京09R_薫風S,2倍台,馬連,5,10,1000,1330
2026-05-31,2026-05-31_東京09R_薫風S,2倍台,馬連,6,15,1500,1330
2026-05-31,2026-05-31_東京10R_むらさき賞,2倍台,ワイド,3,3,300,0
2026-05-31,2026-05-31_東京10R_むらさき賞,2倍台,ワイド,4,6,600,0
2026-05-31,2026-05-31_東京10R_むらさき賞,2倍台,ワイド,5,10,1000,230
2026-05-31,2026-05-31_東京10R_むらさき賞,2倍台,ワイド,6,15,1500,230
2026-05-31,2026-05-31_東京10R_むらさき賞,2倍台,馬連,3,3,300,0
2026-05-31,2026-05-31_東京10R_むらさき賞,2倍台,馬連,4,6,600,0
2026-05-31,2026-05-31_東京10R_むらさき賞,2倍台,馬連,5,10,1000,470
2026-05-31,2026-05-31_東京10R_むらさき賞,2倍台,馬連,6,15,1500,470
2026-05-31,2026-05-31_東京11R_日本ダービー,2倍台,ワイド,3,3,300,0
2026-05-31,2026-05-31_東京11R_日本ダービー,2倍台,ワイド,4,6,600,0
2026-05-31,2026-05-31_東京11R_日本ダービー,2倍台,ワイド,5,10,1000,0
2026-05-31,2026-05-31_東京11R_日本ダービー,2倍台,ワイド,6,15,1500,0
2026-05-31,2026-05-31_東京11R_日本ダービー,2倍台,馬連,3,3,300,0
2026-05-31,2026-05-31_東京11R_日本ダービー,2倍台,馬連,4,6,600,0
2026-05-31,2026-05-31_東京11R_日本ダービー,2倍台,馬連,5,10,1000,0
2026-05-31,2026-05-31_東京11R_日本ダービー,2倍台,馬連,6,15,1500,0
2026-05-31,2026-05-31_東京12R_目黒記念,3倍以上,ワイド,3,3,300,0
2026-05-31,2026-05-31_東京12R_目黒記念,3倍以上,ワイド,4,6,600,0
2026-05-31,2026-05-31_東京12R_目黒記念,3倍以上,ワイド,5,10,1000,350
2026-05-31,2026-05-31_東京12R_目黒記念,3倍以上,ワイド,6,15,1500,890
2026-05-31,2026-05-31_東京12R_目黒記念,3倍以上,馬連,3,3,300,0
2026-05-31,2026-05-31_東京12R_目黒記念,3倍以上,馬連,4,6,600,0
2026-05-31,2026-05-31_東京12R_目黒記念,3倍以上,馬連,5,10,1000,0
2026-05-31,2026-05-31_東京12R_目黒記念,3倍以上,馬連,6,15,1500,660
2026-06-06,2026-06-06_東京09R_稲城特別,2倍台,ワイド,3,3,300,0
2026-06-06,2026-06-06_東京09R_稲城特別,2倍台,ワイド,4,6,600,0
2026-06-06,2026-06-06_東京09R_稲城特別,2倍台,ワイド,5,10,1000,0
2026-06-06,2026-06-06_東京09R_稲城特別,2倍台,ワイド,6,15,1500,1210
2026-06-06,2026-06-06_東京09R_稲城特別,2倍台,馬連,3,3,300,0
2026-06-06,2026-06-06_東京09R_稲城特別,2倍台,馬連,4,6,600,0
2026-06-06,2026-06-06_東京09R_稲城特別,2倍台,馬連,5,10,1000,0
2026-06-06,2026-06-06_東京09R_稲城特別,2倍台,馬連,6,15,1500,0
2026-06-06,2026-06-06_東京10R_テレビ山梨杯,1倍台,ワイド,3,3,300,0
2026-06-06,2026-06-06_東京10R_テレビ山梨杯,1倍台,ワイド,4,6,600,0
2026-06-06,2026-06-06_東京10R_テレビ山梨杯,1倍台,ワイド,5,10,1000,0
2026-06-06,2026-06-06_東京10R_テレビ山梨杯,1倍台,ワイド,6,15,1500,0
2026-06-06,2026-06-06_東京10R_テレビ山梨杯,1倍台,馬連,3,3,300,0
2026-06-06,2026-06-06_東京10R_テレビ山梨杯,1倍台,馬連,4,6,600,0
2026-06-06,2026-06-06_東京10R_テレビ山梨杯,1倍台,馬連,5,10,1000,0
2026-06-06,2026-06-06_東京10R_テレビ山梨杯,1倍台,馬連,6,15,1500,0
2026-06-06,2026-06-06_東京11R_麦秋S,2倍台,ワイド,3,3,300,0
2026-06-06,2026-06-06_東京11R_麦秋S,2倍台,ワイド,4,6,600,170
2026-06-06,2026-06-06_東京11R_麦秋S,2倍台,ワイド,5,10,1000,170
2026-06-06,2026-06-06_東京11R_麦秋S,2倍台,ワイド,6,15,1500,170
2026-06-06,2026-06-06_東京11R_麦秋S,2倍台,馬連,3,3,300,0
2026-06-06,2026-06-06_東京11R_麦秋S,2倍台,馬連,4,6,600,290
2026-06-06,2026-06-06_東京11R_麦秋S,2倍台,馬連,5,10,1000,290
2026-06-06,2026-06-06_東京11R_麦秋S,2倍台,馬連,6,15,1500,290
2026-06-06,2026-06-06_東京12R_3歳以上1勝クラス,1倍台,ワイド,3,3,300,250
2026-06-06,2026-06-06_東京12R_3歳以上1勝クラス,1倍台,ワイド,4,6,600,1840
2026-06-06,2026-06-06_東京12R_3歳以上1勝クラス,1倍台,ワイド,5,10,1000,1840
2026-06-06,2026-06-06_東京12R_3歳以上1勝クラス,1倍台,ワイド,6,15,1500,1840
2026-06-06,2026-06-06_東京12R_3歳以上1勝クラス,1倍台,馬連,3,3,300,0
2026-06-06,2026-06-06_東京12R_3歳以上1勝クラス,1倍台,馬連,4,6,600,1100
2026-06-06,2026-06-06_東京12R_3歳以上1勝クラス,1倍台,馬連,5,10,1000,1100
2026-06-06,2026-06-06_東京12R_3歳以上1勝クラス,1倍台,馬連,6,15,1500,1100
2026-06-06,2026-06-06_阪神09R_城崎特別,1倍台,ワイド,3,3,300,580
2026-06-06,2026-06-06_阪神09R_城崎特別,1倍台,ワイド,4,6,600,580
2026-06-06,2026-06-06_阪神09R_城崎特別,1倍台,ワイド,5,10,1000,580
2026-06-06,2026-06-06_阪神09R_城崎特別,1倍台,ワイド,6,15,1500,580
2026-06-06,2026-06-06_阪神09R_城崎特別,1倍台,馬連,3,3,300,180
2026-06-06,2026-06-06_阪神09R_城崎特別,1倍台,馬連,4,6,600,180
2026-06-06,2026-06-06_阪神09R_城崎特別,1倍台,馬連,5,10,1000,180
2026-06-06,2026-06-06_阪神09R_城崎特別,1倍台,馬連,6,15,1500,180
2026-06-06,2026-06-06_阪神10R_加古川特別,1倍台,ワイド,3,3,300,0
2026-06-06,2026-06-06_阪神10R_加古川特別,1倍台,ワイド,4,6,600,0
2026-06-06,2026-06-06_阪神10R_加古川特別,1倍台,ワイド,5,10,1000,0
2026-06-06,2026-06-06_阪神10R_加古川特別,1倍台,ワイド,6,15,1500,0
2026-06-06,2026-06-06_阪神10R_加古川特別,1倍台,馬連,3,3,300,0
2026-06-06,2026-06-06_阪神10R_加古川特別,1倍台,馬連,4,6,600,0
2026-06-06,2026-06-06_阪神10R_加古川特別,1倍台,馬連,5,10,1000,0
2026-06-06,2026-06-06_阪神10R_加古川特別,1倍台,馬連,6,15,1500,0
2026-06-06,2026-06-06_阪神11R_垂水S,2倍台,ワイド,3,3,300,0
2026-06-06,2026-06-06_阪神11R_垂水S,2倍台,ワイド,4,6,600,0
2026-06-06,2026-06-06_阪神11R_垂水S,2倍台,ワイド,5,10,1000,0
2026-06-06,2026-06-06_阪神11R_垂水S,2倍台,ワイド,6,15,1500,0
2026-06-06,2026-06-06_阪神11R_垂水S,2倍台,馬連,3,3,300,0
2026-06-06,2026-06-06_阪神11R_垂水S,2倍台,馬連,4,6,600,0
2026-06-06,2026-06-06_阪神11R_垂水S,2倍台,馬連,5,10,1000,0
2026-06-06,2026-06-06_阪神11R_垂水S,2倍台,馬連,6,15,1500,0
2026-06-06,2026-06-06_阪神12R_3歳以上1勝クラス,2倍台,ワイド,3,3,300,0
2026-06-06,2026-06-06_阪神12R_3歳以上1勝クラス,2倍台,ワイド,4,6,600,0
2026-06-06,2026-06-06_阪神12R_3歳以上1勝クラス,2倍台,ワイド,5,10,1000,0
2026-06-06,2026-06-06_阪神12R_3歳以上1勝クラス,2倍台,ワイド,6,15,1500,0
2026-06-06,2026-06-06_阪神12R_3歳以上1勝クラス,2倍台,馬連,3,3,300,0
2026-06-06,2026-06-06_阪神12R_3歳以上1勝クラス,2倍台,馬連,4,6,600,0
2026-06-06,2026-06-06_阪神12R_3歳以上1勝クラス,2倍台,馬連,5,10,1000,0
2026-06-06,2026-06-06_阪神12R_3歳以上1勝クラス,2倍台,馬連,6,15,1500,0
2026-06-07,2026-06-07_東京09R_香港ジョッキークラブT,1倍台,ワイド,3,3,300,0
2026-06-07,2026-06-07_東京09R_香港ジョッキークラブT,1倍台,ワイド,4,6,600,0
2026-06-07,2026-06-07_東京09R_香港ジョッキークラブT,1倍台,ワイド,5,10,1000,1710
2026-06-07,2026-06-07_東京09R_香港ジョッキークラブT,1倍台,ワイド,6,15,1500,1710
2026-06-07,2026-06-07_東京09R_香港ジョッキークラブT,1倍台,馬連,3,3,300,0
2026-06-07,2026-06-07_東京09R_香港ジョッキークラブT,1倍台,馬連,4,6,600,0
2026-06-07,2026-06-07_東京09R_香港ジョッキークラブT,1倍台,馬連,5,10,1000,0
2026-06-07,2026-06-07_東京09R_香港ジョッキークラブT,1倍台,馬連,6,15,1500,0
2026-06-07,2026-06-07_東京10R_八王子特別,1倍台,ワイド,3,3,300,0
2026-06-07,2026-06-07_東京10R_八王子特別,1倍台,ワイド,4,6,600,0
2026-06-07,2026-06-07_東京10R_八王子特別,1倍台,ワイド,5,10,1000,810
2026-06-07,2026-06-07_東京10R_八王子特別,1倍台,ワイド,6,15,1500,810
2026-06-07,2026-06-07_東京10R_八王子特別,1倍台,馬連,3,3,300,0
2026-06-07,2026-06-07_東京10R_八王子特別,1倍台,馬連,4,6,600,0
2026-06-07,2026-06-07_東京10R_八王子特別,1倍台,馬連,5,10,1000,4500
2026-06-07,2026-06-07_東京10R_八王子特別,1倍台,馬連,6,15,1500,4500
2026-06-07,2026-06-07_東京11R_安田記念,2倍台,ワイド,3,3,300,0
2026-06-07,2026-06-07_東京11R_安田記念,2倍台,ワイド,4,6,600,0
2026-06-07,2026-06-07_東京11R_安田記念,2倍台,ワイド,5,10,1000,0
2026-06-07,2026-06-07_東京11R_安田記念,2倍台,ワイド,6,15,1500,0
2026-06-07,2026-06-07_東京11R_安田記念,2倍台,馬連,3,3,300,0
2026-06-07,2026-06-07_東京11R_安田記念,2倍台,馬連,4,6,600,0
2026-06-07,2026-06-07_東京11R_安田記念,2倍台,馬連,5,10,1000,0
2026-06-07,2026-06-07_東京11R_安田記念,2倍台,馬連,6,15,1500,0
2026-06-07,2026-06-07_東京12R_小金井特別,1倍台,ワイド,3,3,300,400
2026-06-07,2026-06-07_東京12R_小金井特別,1倍台,ワイド,4,6,600,400
2026-06-07,2026-06-07_東京12R_小金井特別,1倍台,ワイド,5,10,1000,400
2026-06-07,2026-06-07_東京12R_小金井特別,1倍台,ワイド,6,15,1500,400
2026-06-07,2026-06-07_東京12R_小金井特別,1倍台,馬連,3,3,300,0
2026-06-07,2026-06-07_東京12R_小金井特別,1倍台,馬連,4,6,600,0
2026-06-07,2026-06-07_東京12R_小金井特別,1倍台,馬連,5,10,1000,0
2026-06-07,2026-06-07_東京12R_小金井特別,1倍台,馬連,6,15,1500,0
2026-06-07,2026-06-07_阪神09R_洲本特別,3倍以上,ワイド,3,3,300,390
2026-06-07,2026-06-07_阪神09R_洲本特別,3倍以上,ワイド,4,6,600,390
2026-06-07,2026-06-07_阪神09R_洲本特別,3倍以上,ワイド,5,10,1000,390
2026-06-07,2026-06-07_阪神09R_洲本特別,3倍以上,ワイド,6,15,1500,390
2026-06-07,2026-06-07_阪神09R_洲本特別,3倍以上,馬連,3,3,300,760
2026-06-07,2026-06-07_阪神09R_洲本特別,3倍以上,馬連,4,6,600,760
2026-06-07,2026-06-07_阪神09R_洲本特別,3倍以上,馬連,5,10,1000,760
2026-06-07,2026-06-07_阪神09R_洲本特別,3倍以上,馬連,6,15,1500,760
2026-06-07,2026-06-07_阪神10R_三木特別,1倍台,ワイド,3,3,300,350
2026-06-07,2026-06-07_阪神10R_三木特別,1倍台,ワイド,4,6,600,350
2026-06-07,2026-06-07_阪神10R_三木特別,1倍台,ワイド,5,10,1000,1960
2026-06-07,2026-06-07_阪神10R_三木特別,1倍台,ワイド,6,15,1500,1960
2026-06-07,2026-06-07_阪神10R_三木特別,1倍台,馬連,3,3,300,0
2026-06-07,2026-06-07_阪神10R_三木特別,1倍台,馬連,4,6,600,0
2026-06-07,2026-06-07_阪神10R_三木特別,1倍台,馬連,5,10,1000,770
2026-06-07,2026-06-07_阪神10R_三木特別,1倍台,馬連,6,15,1500,770
2026-06-07,2026-06-07_阪神11R_水無月S,3倍以上,ワイド,3,3,300,750
2026-06-07,2026-06-07_阪神11R_水無月S,3倍以上,ワイド,4,6,600,750
2026-06-07,2026-06-07_阪神11R_水無月S,3倍以上,ワイド,5,10,1000,750
2026-06-07,2026-06-07_阪神11R_水無月S,3倍以上,ワイド,6,15,1500,750
2026-06-07,2026-06-07_阪神11R_水無月S,3倍以上,馬連,3,3,300,2130
2026-06-07,2026-06-07_阪神11R_水無月S,3倍以上,馬連,4,6,600,2130
2026-06-07,2026-06-07_阪神11R_水無月S,3倍以上,馬連,5,10,1000,2130
2026-06-07,2026-06-07_阪神11R_水無月S,3倍以上,馬連,6,15,1500,2130
2026-06-07,2026-06-07_阪神12R_3歳以上1勝クラス,2倍台,ワイド,3,3,300,200
2026-06-07,2026-06-07_阪神12R_3歳以上1勝クラス,2倍台,ワイド,4,6,600,1480
2026-06-07,2026-06-07_阪神12R_3歳以上1勝クラス,2倍台,ワイド,5,10,1000,1480
2026-06-07,2026-06-07_阪神12R_3歳以上1勝クラス,2倍台,ワイド,6,15,1500,1480
2026-06-07,2026-06-07_阪神12R_3歳以上1勝クラス,2倍台,馬連,3,3,300,410
2026-06-07,2026-06-07_阪神12R_3歳以上1勝クラス,2倍台,馬連,4,6,600,410
2026-06-07,2026-06-07_阪神12R_3歳以上1勝クラス,2倍台,馬連,5,10,1000,410
2026-06-07,2026-06-07_阪神12R_3歳以上1勝クラス,2倍台,馬連,6,15,1500,410
2026-06-13,2026-06-13_函館09R_奥尻特別,2倍台,ワイド,3,3,300,350
2026-06-13,2026-06-13_函館09R_奥尻特別,2倍台,ワイド,4,6,600,350
2026-06-13,2026-06-13_函館09R_奥尻特別,2倍台,ワイド,5,10,1000,1570
2026-06-13,2026-06-13_函館09R_奥尻特別,2倍台,ワイド,6,15,1500,1570
2026-06-13,2026-06-13_函館09R_奥尻特別,2倍台,馬連,3,3,300,0
2026-06-13,2026-06-13_函館09R_奥尻特別,2倍台,馬連,4,6,600,0
2026-06-13,2026-06-13_函館09R_奥尻特別,2倍台,馬連,5,10,1000,1880
2026-06-13,2026-06-13_函館09R_奥尻特別,2倍台,馬連,6,15,1500,1880
2026-06-13,2026-06-13_函館10R_松前特別,3倍以上,ワイド,3,3,300,0
2026-06-13,2026-06-13_函館10R_松前特別,3倍以上,ワイド,4,6,600,0
2026-06-13,2026-06-13_函館10R_松前特別,3倍以上,ワイド,5,10,1000,0
2026-06-13,2026-06-13_函館10R_松前特別,3倍以上,ワイド,6,15,1500,0
2026-06-13,2026-06-13_函館10R_松前特別,3倍以上,馬連,3,3,300,0
2026-06-13,2026-06-13_函館10R_松前特別,3倍以上,馬連,4,6,600,0
2026-06-13,2026-06-13_函館10R_松前特別,3倍以上,馬連,5,10,1000,0
2026-06-13,2026-06-13_函館10R_松前特別,3倍以上,馬連,6,15,1500,0
2026-06-13,2026-06-13_函館11R_函館スプリントS,3倍以上,ワイド,3,3,300,0
2026-06-13,2026-06-13_函館11R_函館スプリントS,3倍以上,ワイド,4,6,600,0
2026-06-13,2026-06-13_函館11R_函館スプリントS,3倍以上,ワイド,5,10,1000,0
2026-06-13,2026-06-13_函館11R_函館スプリントS,3倍以上,ワイド,6,15,1500,520
2026-06-13,2026-06-13_函館11R_函館スプリントS,3倍以上,馬連,3,3,300,0
2026-06-13,2026-06-13_函館11R_函館スプリントS,3倍以上,馬連,4,6,600,0
2026-06-13,2026-06-13_函館11R_函館スプリントS,3倍以上,馬連,5,10,1000,0
2026-06-13,2026-06-13_函館11R_函館スプリントS,3倍以上,馬連,6,15,1500,0
2026-06-13,2026-06-13_函館12R_3歳以上1勝クラス,3倍以上,ワイド,3,3,300,0
2026-06-13,2026-06-13_函館12R_3歳以上1勝クラス,3倍以上,ワイド,4,6,600,0
2026-06-13,2026-06-13_函館12R_3歳以上1勝クラス,3倍以上,ワイド,5,10,1000,0
2026-06-13,2026-06-13_函館12R_3歳以上1勝クラス,3倍以上,ワイド,6,15,1500,2490
2026-06-13,2026-06-13_函館12R_3歳以上1勝クラス,3倍以上,馬連,3,3,300,0
2026-06-13,2026-06-13_函館12R_3歳以上1勝クラス,3倍以上,馬連,4,6,600,0
2026-06-13,2026-06-13_函館12R_3歳以上1勝クラス,3倍以上,馬連,5,10,1000,0
2026-06-13,2026-06-13_函館12R_3歳以上1勝クラス,3倍以上,馬連,6,15,1500,0
2026-06-13,2026-06-13_東京09R_日野特別,1倍台,ワイド,3,3,300,340
2026-06-13,2026-06-13_東京09R_日野特別,1倍台,ワイド,4,6,600,1640
2026-06-13,2026-06-13_東京09R_日野特別,1倍台,ワイド,5,10,1000,1640
2026-06-13,2026-06-13_東京09R_日野特別,1倍台,ワイド,6,15,1500,1640
2026-06-13,2026-06-13_東京09R_日野特別,1倍台,馬連,3,3,300,0
2026-06-13,2026-06-13_東京09R_日野特別,1倍台,馬連,4,6,600,4920
2026-06-13,2026-06-13_東京09R_日野特別,1倍台,馬連,5,10,1000,4920
2026-06-13,2026-06-13_東京09R_日野特別,1倍台,馬連,6,15,1500,4920
2026-06-13,2026-06-13_東京10R_夏至S,3倍以上,ワイド,3,3,300,0
2026-06-13,2026-06-13_東京10R_夏至S,3倍以上,ワイド,4,6,600,0
2026-06-13,2026-06-13_東京10R_夏至S,3倍以上,ワイド,5,10,1000,3100
2026-06-13,2026-06-13_東京10R_夏至S,3倍以上,ワイド,6,15,1500,3100
2026-06-13,2026-06-13_東京10R_夏至S,3倍以上,馬連,3,3,300,0
2026-06-13,2026-06-13_東京10R_夏至S,3倍以上,馬連,4,6,600,0
2026-06-13,2026-06-13_東京10R_夏至S,3倍以上,馬連,5,10,1000,11310
2026-06-13,2026-06-13_東京10R_夏至S,3倍以上,馬連,6,15,1500,11310
2026-06-13,2026-06-13_東京11R_ジューンS,3倍以上,ワイド,3,3,300,0
2026-06-13,2026-06-13_東京11R_ジューンS,3倍以上,ワイド,4,6,600,0
2026-06-13,2026-06-13_東京11R_ジューンS,3倍以上,ワイド,5,10,1000,0
2026-06-13,2026-06-13_東京11R_ジューンS,3倍以上,ワイド,6,15,1500,0
2026-06-13,2026-06-13_東京11R_ジューンS,3倍以上,馬連,3,3,300,0
2026-06-13,2026-06-13_東京11R_ジューンS,3倍以上,馬連,4,6,600,0
2026-06-13,2026-06-13_東京11R_ジューンS,3倍以上,馬連,5,10,1000,0
2026-06-13,2026-06-13_東京11R_ジューンS,3倍以上,馬連,6,15,1500,0
2026-06-13,2026-06-13_東京12R_3歳以上1勝クラス,3倍以上,ワイド,3,3,300,0
2026-06-13,2026-06-13_東京12R_3歳以上1勝クラス,3倍以上,ワイド,4,6,600,0
2026-06-13,2026-06-13_東京12R_3歳以上1勝クラス,3倍以上,ワイド,5,10,1000,0
2026-06-13,2026-06-13_東京12R_3歳以上1勝クラス,3倍以上,ワイド,6,15,1500,0
2026-06-13,2026-06-13_東京12R_3歳以上1勝クラス,3倍以上,馬連,3,3,300,0
2026-06-13,2026-06-13_東京12R_3歳以上1勝クラス,3倍以上,馬連,4,6,600,0
2026-06-13,2026-06-13_東京12R_3歳以上1勝クラス,3倍以上,馬連,5,10,1000,0
2026-06-13,2026-06-13_東京12R_3歳以上1勝クラス,3倍以上,馬連,6,15,1500,0
2026-06-13,2026-06-13_阪神09R_三田特別,2倍台,ワイド,3,3,300,420
2026-06-13,2026-06-13_阪神09R_三田特別,2倍台,ワイド,4,6,600,930
2026-06-13,2026-06-13_阪神09R_三田特別,2倍台,ワイド,5,10,1000,930
2026-06-13,2026-06-13_阪神09R_三田特別,2倍台,ワイド,6,15,1500,930
2026-06-13,2026-06-13_阪神09R_三田特別,2倍台,馬連,3,3,300,0
2026-06-13,2026-06-13_阪神09R_三田特別,2倍台,馬連,4,6,600,540
2026-06-13,2026-06-13_阪神09R_三田特別,2倍台,馬連,5,10,1000,540
2026-06-13,2026-06-13_阪神09R_三田特別,2倍台,馬連,6,15,1500,540
2026-06-13,2026-06-13_阪神10R_安芸特別,2倍台,ワイド,3,3,300,1400
2026-06-13,2026-06-13_阪神10R_安芸特別,2倍台,ワイド,4,6,600,1400
2026-06-13,2026-06-13_阪神10R_安芸特別,2倍台,ワイド,5,10,1000,1400
2026-06-13,2026-06-13_阪神10R_安芸特別,2倍台,ワイド,6,15,1500,1400
2026-06-13,2026-06-13_阪神10R_安芸特別,2倍台,馬連,3,3,300,860
2026-06-13,2026-06-13_阪神10R_安芸特別,2倍台,馬連,4,6,600,860
2026-06-13,2026-06-13_阪神10R_安芸特別,2倍台,馬連,5,10,1000,860
2026-06-13,2026-06-13_阪神10R_安芸特別,2倍台,馬連,6,15,1500,860
2026-06-13,2026-06-13_阪神11R_三宮S,1倍台,ワイド,3,3,300,160
2026-06-13,2026-06-13_阪神11R_三宮S,1倍台,ワイド,4,6,600,1460
2026-06-13,2026-06-13_阪神11R_三宮S,1倍台,ワイド,5,10,1000,1460
2026-06-13,2026-06-13_阪神11R_三宮S,1倍台,ワイド,6,15,1500,1460
2026-06-13,2026-06-13_阪神11R_三宮S,1倍台,馬連,3,3,300,0
2026-06-13,2026-06-13_阪神11R_三宮S,1倍台,馬連,4,6,600,1280
2026-06-13,2026-06-13_阪神11R_三宮S,1倍台,馬連,5,10,1000,1280
2026-06-13,2026-06-13_阪神11R_三宮S,1倍台,馬連,6,15,1500,1280
2026-06-13,2026-06-13_阪神12R_3歳以上1勝クラス,1倍台,ワイド,3,3,300,0
2026-06-13,2026-06-13_阪神12R_3歳以上1勝クラス,1倍台,ワイド,4,6,600,0
2026-06-13,2026-06-13_阪神12R_3歳以上1勝クラス,1倍台,ワイド,5,10,1000,0
2026-06-13,2026-06-13_阪神12R_3歳以上1勝クラス,1倍台,ワイド,6,15,1500,0
2026-06-13,2026-06-13_阪神12R_3歳以上1勝クラス,1倍台,馬連,3,3,300,0
2026-06-13,2026-06-13_阪神12R_3歳以上1勝クラス,1倍台,馬連,4,6,600,0
2026-06-13,2026-06-13_阪神12R_3歳以上1勝クラス,1倍台,馬連,5,10,1000,0
2026-06-13,2026-06-13_阪神12R_3歳以上1勝クラス,1倍台,馬連,6,15,1500,0
2026-06-14,2026-06-14_函館09R_八雲特別,1倍台,ワイド,3,3,300,370
2026-06-14,2026-06-14_函館09R_八雲特別,1倍台,ワイド,4,6,600,370
2026-06-14,2026-06-14_函館09R_八雲特別,1倍台,ワイド,5,10,1000,370
2026-06-14,2026-06-14_函館09R_八雲特別,1倍台,ワイド,6,15,1500,370
2026-06-14,2026-06-14_函館09R_八雲特別,1倍台,馬連,3,3,300,0
2026-06-14,2026-06-14_函館09R_八雲特別,1倍台,馬連,4,6,600,0
2026-06-14,2026-06-14_函館09R_八雲特別,1倍台,馬連,5,10,1000,0
2026-06-14,2026-06-14_函館09R_八雲特別,1倍台,馬連,6,15,1500,0
2026-06-14,2026-06-14_函館10R_津軽海峡特別,3倍以上,ワイド,3,3,300,630
2026-06-14,2026-06-14_函館10R_津軽海峡特別,3倍以上,ワイド,4,6,600,630
2026-06-14,2026-06-14_函館10R_津軽海峡特別,3倍以上,ワイド,5,10,1000,630
2026-06-14,2026-06-14_函館10R_津軽海峡特別,3倍以上,ワイド,6,15,1500,630
2026-06-14,2026-06-14_函館10R_津軽海峡特別,3倍以上,馬連,3,3,300,1930
2026-06-14,2026-06-14_函館10R_津軽海峡特別,3倍以上,馬連,4,6,600,1930
2026-06-14,2026-06-14_函館10R_津軽海峡特別,3倍以上,馬連,5,10,1000,1930
2026-06-14,2026-06-14_函館10R_津軽海峡特別,3倍以上,馬連,6,15,1500,1930
2026-06-14,2026-06-14_函館11R_函館日刊スポーツ杯,3倍以上,ワイド,3,3,300,0
2026-06-14,2026-06-14_函館11R_函館日刊スポーツ杯,3倍以上,ワイド,4,6,600,0
2026-06-14,2026-06-14_函館11R_函館日刊スポーツ杯,3倍以上,ワイド,5,10,1000,0
2026-06-14,2026-06-14_函館11R_函館日刊スポーツ杯,3倍以上,ワイド,6,15,1500,960
2026-06-14,2026-06-14_函館11R_函館日刊スポーツ杯,3倍以上,馬連,3,3,300,0
2026-06-14,2026-06-14_函館11R_函館日刊スポーツ杯,3倍以上,馬連,4,6,600,0
2026-06-14,2026-06-14_函館11R_函館日刊スポーツ杯,3倍以上,馬連,5,10,1000,0
2026-06-14,2026-06-14_函館11R_函館日刊スポーツ杯,3倍以上,馬連,6,15,1500,2140
2026-06-14,2026-06-14_函館12R_3歳以上1勝クラス,3倍以上,ワイド,3,3,300,0
2026-06-14,2026-06-14_函館12R_3歳以上1勝クラス,3倍以上,ワイド,4,6,600,0
2026-06-14,2026-06-14_函館12R_3歳以上1勝クラス,3倍以上,ワイド,5,10,1000,0
2026-06-14,2026-06-14_函館12R_3歳以上1勝クラス,3倍以上,ワイド,6,15,1500,510
2026-06-14,2026-06-14_函館12R_3歳以上1勝クラス,3倍以上,馬連,3,3,300,0
2026-06-14,2026-06-14_函館12R_3歳以上1勝クラス,3倍以上,馬連,4,6,600,0
2026-06-14,2026-06-14_函館12R_3歳以上1勝クラス,3倍以上,馬連,5,10,1000,0
2026-06-14,2026-06-14_函館12R_3歳以上1勝クラス,3倍以上,馬連,6,15,1500,0
2026-06-14,2026-06-14_東京09R_芦ノ湖特別,1倍台,ワイド,3,3,300,710
2026-06-14,2026-06-14_東京09R_芦ノ湖特別,1倍台,ワイド,4,6,600,710
2026-06-14,2026-06-14_東京09R_芦ノ湖特別,1倍台,ワイド,5,10,1000,710
2026-06-14,2026-06-14_東京09R_芦ノ湖特別,1倍台,ワイド,6,15,1500,710
2026-06-14,2026-06-14_東京09R_芦ノ湖特別,1倍台,馬連,3,3,300,0
2026-06-14,2026-06-14_東京09R_芦ノ湖特別,1倍台,馬連,4,6,600,0
2026-06-14,2026-06-14_東京09R_芦ノ湖特別,1倍台,馬連,5,10,1000,0
2026-06-14,2026-06-14_東京09R_芦ノ湖特別,1倍台,馬連,6,15,1500,0
2026-06-14,2026-06-14_東京10R_江の島S,3倍以上,ワイド,3,3,300,0
2026-06-14,2026-06-14_東京10R_江の島S,3倍以上,ワイド,4,6,600,1980
2026-06-14,2026-06-14_東京10R_江の島S,3倍以上,ワイド,5,10,1000,1980
2026-06-14,2026-06-14_東京10R_江の島S,3倍以上,ワイド,6,15,1500,1980
2026-06-14,2026-06-14_東京10R_江の島S,3倍以上,馬連,3,3,300,0
2026-06-14,2026-06-14_東京10R_江の島S,3倍以上,馬連,4,6,600,0
2026-06-14,2026-06-14_東京10R_江の島S,3倍以上,馬連,5,10,1000,0
2026-06-14,2026-06-14_東京10R_江の島S,3倍以上,馬連,6,15,1500,0
2026-06-14,2026-06-14_東京11R_パラダイスS,2倍台,ワイド,3,3,300,0
2026-06-14,2026-06-14_東京11R_パラダイスS,2倍台,ワイド,4,6,600,0
2026-06-14,2026-06-14_東京11R_パラダイスS,2倍台,ワイド,5,10,1000,760
2026-06-14,2026-06-14_東京11R_パラダイスS,2倍台,ワイド,6,15,1500,760
2026-06-14,2026-06-14_東京11R_パラダイスS,2倍台,馬連,3,3,300,0
2026-06-14,2026-06-14_東京11R_パラダイスS,2倍台,馬連,4,6,600,0
2026-06-14,2026-06-14_東京11R_パラダイスS,2倍台,馬連,5,10,1000,0
2026-06-14,2026-06-14_東京11R_パラダイスS,2倍台,馬連,6,15,1500,0
2026-06-14,2026-06-14_東京12R_3歳以上2勝クラス,1倍台,ワイド,3,3,300,0
2026-06-14,2026-06-14_東京12R_3歳以上2勝クラス,1倍台,ワイド,4,6,600,290
2026-06-14,2026-06-14_東京12R_3歳以上2勝クラス,1倍台,ワイド,5,10,1000,950
2026-06-14,2026-06-14_東京12R_3歳以上2勝クラス,1倍台,ワイド,6,15,1500,950
2026-06-14,2026-06-14_東京12R_3歳以上2勝クラス,1倍台,馬連,3,3,300,0
2026-06-14,2026-06-14_東京12R_3歳以上2勝クラス,1倍台,馬連,4,6,600,0
2026-06-14,2026-06-14_東京12R_3歳以上2勝クラス,1倍台,馬連,5,10,1000,460
2026-06-14,2026-06-14_東京12R_3歳以上2勝クラス,1倍台,馬連,6,15,1500,460
2026-06-14,2026-06-14_阪神09R_武庫川特別,3倍以上,ワイド,3,3,300,0
2026-06-14,2026-06-14_阪神09R_武庫川特別,3倍以上,ワイド,4,6,600,0
2026-06-14,2026-06-14_阪神09R_武庫川特別,3倍以上,ワイド,5,10,1000,0
2026-06-14,2026-06-14_阪神09R_武庫川特別,3倍以上,ワイド,6,15,1500,0
2026-06-14,2026-06-14_阪神09R_武庫川特別,3倍以上,馬連,3,3,300,0
2026-06-14,2026-06-14_阪神09R_武庫川特別,3倍以上,馬連,4,6,600,0
2026-06-14,2026-06-14_阪神09R_武庫川特別,3倍以上,馬連,5,10,1000,0
2026-06-14,2026-06-14_阪神09R_武庫川特別,3倍以上,馬連,6,15,1500,0
2026-06-14,2026-06-14_阪神10R_花のみちS,2倍台,ワイド,3,3,300,0
2026-06-14,2026-06-14_阪神10R_花のみちS,2倍台,ワイド,4,6,600,0
2026-06-14,2026-06-14_阪神10R_花のみちS,2倍台,ワイド,5,10,1000,1590
2026-06-14,2026-06-14_阪神10R_花のみちS,2倍台,ワイド,6,15,1500,1590
2026-06-14,2026-06-14_阪神10R_花のみちS,2倍台,馬連,3,3,300,0
2026-06-14,2026-06-14_阪神10R_花のみちS,2倍台,馬連,4,6,600,0
2026-06-14,2026-06-14_阪神10R_花のみちS,2倍台,馬連,5,10,1000,0
2026-06-14,2026-06-14_阪神10R_花のみちS,2倍台,馬連,6,15,1500,0
2026-06-14,2026-06-14_阪神11R_宝塚記念,2倍台,ワイド,3,3,300,490
2026-06-14,2026-06-14_阪神11R_宝塚記念,2倍台,ワイド,4,6,600,490
2026-06-14,2026-06-14_阪神11R_宝塚記念,2倍台,ワイド,5,10,1000,490
2026-06-14,2026-06-14_阪神11R_宝塚記念,2倍台,ワイド,6,15,1500,490
2026-06-14,2026-06-14_阪神11R_宝塚記念,2倍台,馬連,3,3,300,0
2026-06-14,2026-06-14_阪神11R_宝塚記念,2倍台,馬連,4,6,600,0
2026-06-14,2026-06-14_阪神11R_宝塚記念,2倍台,馬連,5,10,1000,0
2026-06-14,2026-06-14_阪神11R_宝塚記念,2倍台,馬連,6,15,1500,0
2026-06-14,2026-06-14_阪神12R_リボン賞,2倍台,ワイド,3,3,300,2060
2026-06-14,2026-06-14_阪神12R_リボン賞,2倍台,ワイド,4,6,600,2060
2026-06-14,2026-06-14_阪神12R_リボン賞,2倍台,ワイド,5,10,1000,2060
2026-06-14,2026-06-14_阪神12R_リボン賞,2倍台,ワイド,6,15,1500,2060
2026-06-14,2026-06-14_阪神12R_リボン賞,2倍台,馬連,3,3,300,2510
2026-06-14,2026-06-14_阪神12R_リボン賞,2倍台,馬連,4,6,600,2510
2026-06-14,2026-06-14_阪神12R_リボン賞,2倍台,馬連,5,10,1000,2510
2026-06-14,2026-06-14_阪神12R_リボン賞,2倍台,馬連,6,15,1500,2510
2026-06-20,2026-06-20_函館09R_下北半島特別,2倍台,ワイド,3,3,300,210
2026-06-20,2026-06-20_函館09R_下北半島特別,2倍台,ワイド,4,6,600,210
2026-06-20,2026-06-20_函館09R_下北半島特別,2倍台,ワイド,5,10,1000,210
2026-06-20,2026-06-20_函館09R_下北半島特別,2倍台,ワイド,6,15,1500,210
2026-06-20,2026-06-20_函館09R_下北半島特別,2倍台,馬連,3,3,300,460
2026-06-20,2026-06-20_函館09R_下北半島特別,2倍台,馬連,4,6,600,460
2026-06-20,2026-06-20_函館09R_下北半島特別,2倍台,馬連,5,10,1000,460
2026-06-20,2026-06-20_函館09R_下北半島特別,2倍台,馬連,6,15,1500,460
2026-06-20,2026-06-20_函館10R_駒ケ岳特別,3倍以上,ワイド,3,3,300,0
2026-06-20,2026-06-20_函館10R_駒ケ岳特別,3倍以上,ワイド,4,6,600,0
2026-06-20,2026-06-20_函館10R_駒ケ岳特別,3倍以上,ワイド,5,10,1000,0
2026-06-20,2026-06-20_函館10R_駒ケ岳特別,3倍以上,ワイド,6,15,1500,1210
2026-06-20,2026-06-20_函館10R_駒ケ岳特別,3倍以上,馬連,3,3,300,0
2026-06-20,2026-06-20_函館10R_駒ケ岳特別,3倍以上,馬連,4,6,600,0
2026-06-20,2026-06-20_函館10R_駒ケ岳特別,3倍以上,馬連,5,10,1000,0
2026-06-20,2026-06-20_函館10R_駒ケ岳特別,3倍以上,馬連,6,15,1500,0
2026-06-20,2026-06-20_函館11R_STV杯,3倍以上,ワイド,3,3,300,0
2026-06-20,2026-06-20_函館11R_STV杯,3倍以上,ワイド,4,6,600,0
2026-06-20,2026-06-20_函館11R_STV杯,3倍以上,ワイド,5,10,1000,0
2026-06-20,2026-06-20_函館11R_STV杯,3倍以上,ワイド,6,15,1500,0
2026-06-20,2026-06-20_函館11R_STV杯,3倍以上,馬連,3,3,300,0
2026-06-20,2026-06-20_函館11R_STV杯,3倍以上,馬連,4,6,600,0
2026-06-20,2026-06-20_函館11R_STV杯,3倍以上,馬連,5,10,1000,0
2026-06-20,2026-06-20_函館11R_STV杯,3倍以上,馬連,6,15,1500,0
2026-06-20,2026-06-20_函館12R_3歳以上1勝クラス,2倍台,ワイド,3,3,300,0
2026-06-20,2026-06-20_函館12R_3歳以上1勝クラス,2倍台,ワイド,4,6,600,0
2026-06-20,2026-06-20_函館12R_3歳以上1勝クラス,2倍台,ワイド,5,10,1000,320
2026-06-20,2026-06-20_函館12R_3歳以上1勝クラス,2倍台,ワイド,6,15,1500,320
2026-06-20,2026-06-20_函館12R_3歳以上1勝クラス,2倍台,馬連,3,3,300,0
2026-06-20,2026-06-20_函館12R_3歳以上1勝クラス,2倍台,馬連,4,6,600,0
2026-06-20,2026-06-20_函館12R_3歳以上1勝クラス,2倍台,馬連,5,10,1000,0
2026-06-20,2026-06-20_函館12R_3歳以上1勝クラス,2倍台,馬連,6,15,1500,0
2026-06-20,2026-06-20_東京09R_町田特別,2倍台,ワイド,3,3,300,0
2026-06-20,2026-06-20_東京09R_町田特別,2倍台,ワイド,4,6,600,0
2026-06-20,2026-06-20_東京09R_町田特別,2倍台,ワイド,5,10,1000,380
2026-06-20,2026-06-20_東京09R_町田特別,2倍台,ワイド,6,15,1500,380
2026-06-20,2026-06-20_東京09R_町田特別,2倍台,馬連,3,3,300,0
2026-06-20,2026-06-20_東京09R_町田特別,2倍台,馬連,4,6,600,0
2026-06-20,2026-06-20_東京09R_町田特別,2倍台,馬連,5,10,1000,1040
2026-06-20,2026-06-20_東京09R_町田特別,2倍台,馬連,6,15,1500,1040
2026-06-20,2026-06-20_東京10R_相模湖特別,1倍台,ワイド,3,3,300,0
2026-06-20,2026-06-20_東京10R_相模湖特別,1倍台,ワイド,4,6,600,0
2026-06-20,2026-06-20_東京10R_相模湖特別,1倍台,ワイド,5,10,1000,0
2026-06-20,2026-06-20_東京10R_相模湖特別,1倍台,ワイド,6,15,1500,0
2026-06-20,2026-06-20_東京10R_相模湖特別,1倍台,馬連,3,3,300,0
2026-06-20,2026-06-20_東京10R_相模湖特別,1倍台,馬連,4,6,600,0
2026-06-20,2026-06-20_東京10R_相模湖特別,1倍台,馬連,5,10,1000,0
2026-06-20,2026-06-20_東京10R_相模湖特別,1倍台,馬連,6,15,1500,0
2026-06-20,2026-06-20_東京11R_スレイプニルS,3倍以上,ワイド,3,3,300,0
2026-06-20,2026-06-20_東京11R_スレイプニルS,3倍以上,ワイド,4,6,600,0
2026-06-20,2026-06-20_東京11R_スレイプニルS,3倍以上,ワイド,5,10,1000,0
2026-06-20,2026-06-20_東京11R_スレイプニルS,3倍以上,ワイド,6,15,1500,0
2026-06-20,2026-06-20_東京11R_スレイプニルS,3倍以上,馬連,3,3,300,0
2026-06-20,2026-06-20_東京11R_スレイプニルS,3倍以上,馬連,4,6,600,0
2026-06-20,2026-06-20_東京11R_スレイプニルS,3倍以上,馬連,5,10,1000,0
2026-06-20,2026-06-20_東京11R_スレイプニルS,3倍以上,馬連,6,15,1500,0
2026-06-20,2026-06-20_東京12R_3歳以上1勝クラス,2倍台,ワイド,3,3,300,0
2026-06-20,2026-06-20_東京12R_3歳以上1勝クラス,2倍台,ワイド,4,6,600,2140
2026-06-20,2026-06-20_東京12R_3歳以上1勝クラス,2倍台,ワイド,5,10,1000,2140
2026-06-20,2026-06-20_東京12R_3歳以上1勝クラス,2倍台,ワイド,6,15,1500,2140
2026-06-20,2026-06-20_東京12R_3歳以上1勝クラス,2倍台,馬連,3,3,300,0
2026-06-20,2026-06-20_東京12R_3歳以上1勝クラス,2倍台,馬連,4,6,600,0
2026-06-20,2026-06-20_東京12R_3歳以上1勝クラス,2倍台,馬連,5,10,1000,0
2026-06-20,2026-06-20_東京12R_3歳以上1勝クラス,2倍台,馬連,6,15,1500,0
2026-06-20,2026-06-20_阪神09R_舞子特別,1倍台,ワイド,3,3,300,2060
2026-06-20,2026-06-20_阪神09R_舞子特別,1倍台,ワイド,4,6,600,2060
2026-06-20,2026-06-20_阪神09R_舞子特別,1倍台,ワイド,5,10,1000,2960
2026-06-20,2026-06-20_阪神09R_舞子特別,1倍台,ワイド,6,15,1500,2960
2026-06-20,2026-06-20_阪神09R_舞子特別,1倍台,馬連,3,3,300,0
2026-06-20,2026-06-20_阪神09R_舞子特別,1倍台,馬連,4,6,600,0
2026-06-20,2026-06-20_阪神09R_舞子特別,1倍台,馬連,5,10,1000,370
2026-06-20,2026-06-20_阪神09R_舞子特別,1倍台,馬連,6,15,1500,370
2026-06-20,2026-06-20_阪神10R_ストークS,3倍以上,ワイド,3,3,300,0
2026-06-20,2026-06-20_阪神10R_ストークS,3倍以上,ワイド,4,6,600,0
2026-06-20,2026-06-20_阪神10R_ストークS,3倍以上,ワイド,5,10,1000,0
2026-06-20,2026-06-20_阪神10R_ストークS,3倍以上,ワイド,6,15,1500,0
2026-06-20,2026-06-20_阪神10R_ストークS,3倍以上,馬連,3,3,300,0
2026-06-20,2026-06-20_阪神10R_ストークS,3倍以上,馬連,4,6,600,0
2026-06-20,2026-06-20_阪神10R_ストークS,3倍以上,馬連,5,10,1000,0
2026-06-20,2026-06-20_阪神10R_ストークS,3倍以上,馬連,6,15,1500,0
2026-06-20,2026-06-20_阪神11R_天保山S,2倍台,ワイド,3,3,300,0
2026-06-20,2026-06-20_阪神11R_天保山S,2倍台,ワイド,4,6,600,0
2026-06-20,2026-06-20_阪神11R_天保山S,2倍台,ワイド,5,10,1000,0
2026-06-20,2026-06-20_阪神11R_天保山S,2倍台,ワイド,6,15,1500,380
2026-06-20,2026-06-20_阪神11R_天保山S,2倍台,馬連,3,3,300,0
2026-06-20,2026-06-20_阪神11R_天保山S,2倍台,馬連,4,6,600,0
2026-06-20,2026-06-20_阪神11R_天保山S,2倍台,馬連,5,10,1000,0
2026-06-20,2026-06-20_阪神11R_天保山S,2倍台,馬連,6,15,1500,0
2026-06-20,2026-06-20_阪神12R_3歳以上1勝クラス,3倍以上,ワイド,3,3,300,0
2026-06-20,2026-06-20_阪神12R_3歳以上1勝クラス,3倍以上,ワイド,4,6,600,0
2026-06-20,2026-06-20_阪神12R_3歳以上1勝クラス,3倍以上,ワイド,5,10,1000,0
2026-06-20,2026-06-20_阪神12R_3歳以上1勝クラス,3倍以上,ワイド,6,15,1500,0
2026-06-20,2026-06-20_阪神12R_3歳以上1勝クラス,3倍以上,馬連,3,3,300,0
2026-06-20,2026-06-20_阪神12R_3歳以上1勝クラス,3倍以上,馬連,4,6,600,0
2026-06-20,2026-06-20_阪神12R_3歳以上1勝クラス,3倍以上,馬連,5,10,1000,0
2026-06-20,2026-06-20_阪神12R_3歳以上1勝クラス,3倍以上,馬連,6,15,1500,0
2026-06-21,2026-06-21_函館09R_遊楽部特別,3倍以上,ワイド,3,3,300,0
2026-06-21,2026-06-21_函館09R_遊楽部特別,3倍以上,ワイド,4,6,600,0
2026-06-21,2026-06-21_函館09R_遊楽部特別,3倍以上,ワイド,5,10,1000,0
2026-06-21,2026-06-21_函館09R_遊楽部特別,3倍以上,ワイド,6,15,1500,0
2026-06-21,2026-06-21_函館09R_遊楽部特別,3倍以上,馬連,3,3,300,0
2026-06-21,2026-06-21_函館09R_遊楽部特別,3倍以上,馬連,4,6,600,0
2026-06-21,2026-06-21_函館09R_遊楽部特別,3倍以上,馬連,5,10,1000,0
2026-06-21,2026-06-21_函館09R_遊楽部特別,3倍以上,馬連,6,15,1500,0
2026-06-21,2026-06-21_函館10R_檜山特別,1倍台,ワイド,3,3,300,220
2026-06-21,2026-06-21_函館10R_檜山特別,1倍台,ワイド,4,6,600,220
2026-06-21,2026-06-21_函館10R_檜山特別,1倍台,ワイド,5,10,1000,890
2026-06-21,2026-06-21_函館10R_檜山特別,1倍台,ワイド,6,15,1500,890
2026-06-21,2026-06-21_函館10R_檜山特別,1倍台,馬連,3,3,300,0
2026-06-21,2026-06-21_函館10R_檜山特別,1倍台,馬連,4,6,600,0
2026-06-21,2026-06-21_函館10R_檜山特別,1倍台,馬連,5,10,1000,320
2026-06-21,2026-06-21_函館10R_檜山特別,1倍台,馬連,6,15,1500,320
2026-06-21,2026-06-21_函館11R_UHB杯,3倍以上,ワイド,3,3,300,0
2026-06-21,2026-06-21_函館11R_UHB杯,3倍以上,ワイド,4,6,600,0
2026-06-21,2026-06-21_函館11R_UHB杯,3倍以上,ワイド,5,10,1000,0
2026-06-21,2026-06-21_函館11R_UHB杯,3倍以上,ワイド,6,15,1500,0
2026-06-21,2026-06-21_函館11R_UHB杯,3倍以上,馬連,3,3,300,0
2026-06-21,2026-06-21_函館11R_UHB杯,3倍以上,馬連,4,6,600,0
2026-06-21,2026-06-21_函館11R_UHB杯,3倍以上,馬連,5,10,1000,0
2026-06-21,2026-06-21_函館11R_UHB杯,3倍以上,馬連,6,15,1500,0
2026-06-21,2026-06-21_函館12R_3歳以上1勝クラス,1倍台,ワイド,3,3,300,0
2026-06-21,2026-06-21_函館12R_3歳以上1勝クラス,1倍台,ワイド,4,6,600,0
2026-06-21,2026-06-21_函館12R_3歳以上1勝クラス,1倍台,ワイド,5,10,1000,0
2026-06-21,2026-06-21_函館12R_3歳以上1勝クラス,1倍台,ワイド,6,15,1500,0
2026-06-21,2026-06-21_函館12R_3歳以上1勝クラス,1倍台,馬連,3,3,300,0
2026-06-21,2026-06-21_函館12R_3歳以上1勝クラス,1倍台,馬連,4,6,600,0
2026-06-21,2026-06-21_函館12R_3歳以上1勝クラス,1倍台,馬連,5,10,1000,0
2026-06-21,2026-06-21_函館12R_3歳以上1勝クラス,1倍台,馬連,6,15,1500,0
2026-06-21,2026-06-21_東京09R_甲州街道特別,2倍台,ワイド,3,3,300,2980
2026-06-21,2026-06-21_東京09R_甲州街道特別,2倍台,ワイド,4,6,600,2980
2026-06-21,2026-06-21_東京09R_甲州街道特別,2倍台,ワイド,5,10,1000,2980
2026-06-21,2026-06-21_東京09R_甲州街道特別,2倍台,ワイド,6,15,1500,2980
2026-06-21,2026-06-21_東京09R_甲州街道特別,2倍台,馬連,3,3,300,2980
2026-06-21,2026-06-21_東京09R_甲州街道特別,2倍台,馬連,4,6,600,2980
2026-06-21,2026-06-21_東京09R_甲州街道特別,2倍台,馬連,5,10,1000,2980
2026-06-21,2026-06-21_東京09R_甲州街道特別,2倍台,馬連,6,15,1500,2980
2026-06-21,2026-06-21_東京10R_多摩川S,2倍台,ワイド,3,3,300,0
2026-06-21,2026-06-21_東京10R_多摩川S,2倍台,ワイド,4,6,600,0
2026-06-21,2026-06-21_東京10R_多摩川S,2倍台,ワイド,5,10,1000,450
2026-06-21,2026-06-21_東京10R_多摩川S,2倍台,ワイド,6,15,1500,450
2026-06-21,2026-06-21_東京10R_多摩川S,2倍台,馬連,3,3,300,0
2026-06-21,2026-06-21_東京10R_多摩川S,2倍台,馬連,4,6,600,0
2026-06-21,2026-06-21_東京10R_多摩川S,2倍台,馬連,5,10,1000,1100
2026-06-21,2026-06-21_東京10R_多摩川S,2倍台,馬連,6,15,1500,1100
2026-06-21,2026-06-21_東京11R_府中牝馬S,3倍以上,ワイド,3,3,300,0
2026-06-21,2026-06-21_東京11R_府中牝馬S,3倍以上,ワイド,4,6,600,0
2026-06-21,2026-06-21_東京11R_府中牝馬S,3倍以上,ワイド,5,10,1000,0
2026-06-21,2026-06-21_東京11R_府中牝馬S,3倍以上,ワイド,6,15,1500,0
2026-06-21,2026-06-21_東京11R_府中牝馬S,3倍以上,馬連,3,3,300,0
2026-06-21,2026-06-21_東京11R_府中牝馬S,3倍以上,馬連,4,6,600,0
2026-06-21,2026-06-21_東京11R_府中牝馬S,3倍以上,馬連,5,10,1000,0
2026-06-21,2026-06-21_東京11R_府中牝馬S,3倍以上,馬連,6,15,1500,0
2026-06-21,2026-06-21_東京12R_3歳以上1勝クラス,2倍台,ワイド,3,3,300,430
2026-06-21,2026-06-21_東京12R_3歳以上1勝クラス,2倍台,ワイド,4,6,600,1200
2026-06-21,2026-06-21_東京12R_3歳以上1勝クラス,2倍台,ワイド,5,10,1000,1200
2026-06-21,2026-06-21_東京12R_3歳以上1勝クラス,2倍台,ワイド,6,15,1500,1200
2026-06-21,2026-06-21_東京12R_3歳以上1勝クラス,2倍台,馬連,3,3,300,0
2026-06-21,2026-06-21_東京12R_3歳以上1勝クラス,2倍台,馬連,4,6,600,1480
2026-06-21,2026-06-21_東京12R_3歳以上1勝クラス,2倍台,馬連,5,10,1000,1480
2026-06-21,2026-06-21_東京12R_3歳以上1勝クラス,2倍台,馬連,6,15,1500,1480
2026-06-21,2026-06-21_阪神09R_高砂特別,2倍台,ワイド,3,3,300,510
2026-06-21,2026-06-21_阪神09R_高砂特別,2倍台,ワイド,4,6,600,510
2026-06-21,2026-06-21_阪神09R_高砂特別,2倍台,ワイド,5,10,1000,510
2026-06-21,2026-06-21_阪神09R_高砂特別,2倍台,ワイド,6,15,1500,510
2026-06-21,2026-06-21_阪神09R_高砂特別,2倍台,馬連,3,3,300,500
2026-06-21,2026-06-21_阪神09R_高砂特別,2倍台,馬連,4,6,600,500
2026-06-21,2026-06-21_阪神09R_高砂特別,2倍台,馬連,5,10,1000,500
2026-06-21,2026-06-21_阪神09R_高砂特別,2倍台,馬連,6,15,1500,500
2026-06-21,2026-06-21_阪神10R_姫路S,3倍以上,ワイド,3,3,300,0
2026-06-21,2026-06-21_阪神10R_姫路S,3倍以上,ワイド,4,6,600,0
2026-06-21,2026-06-21_阪神10R_姫路S,3倍以上,ワイド,5,10,1000,0
2026-06-21,2026-06-21_阪神10R_姫路S,3倍以上,ワイド,6,15,1500,0
2026-06-21,2026-06-21_阪神10R_姫路S,3倍以上,馬連,3,3,300,0
2026-06-21,2026-06-21_阪神10R_姫路S,3倍以上,馬連,4,6,600,0
2026-06-21,2026-06-21_阪神10R_姫路S,3倍以上,馬連,5,10,1000,0
2026-06-21,2026-06-21_阪神10R_姫路S,3倍以上,馬連,6,15,1500,0
2026-06-21,2026-06-21_阪神11R_しらさぎS,3倍以上,ワイド,3,3,300,0
2026-06-21,2026-06-21_阪神11R_しらさぎS,3倍以上,ワイド,4,6,600,0
2026-06-21,2026-06-21_阪神11R_しらさぎS,3倍以上,ワイド,5,10,1000,0
2026-06-21,2026-06-21_阪神11R_しらさぎS,3倍以上,ワイド,6,15,1500,0
2026-06-21,2026-06-21_阪神11R_しらさぎS,3倍以上,馬連,3,3,300,0
2026-06-21,2026-06-21_阪神11R_しらさぎS,3倍以上,馬連,4,6,600,0
2026-06-21,2026-06-21_阪神11R_しらさぎS,3倍以上,馬連,5,10,1000,0
2026-06-21,2026-06-21_阪神11R_しらさぎS,3倍以上,馬連,6,15,1500,0
2026-06-21,2026-06-21_阪神12R_3歳以上2勝クラス,1倍台,ワイド,3,3,300,0
2026-06-21,2026-06-21_阪神12R_3歳以上2勝クラス,1倍台,ワイド,4,6,600,240
2026-06-21,2026-06-21_阪神12R_3歳以上2勝クラス,1倍台,ワイド,5,10,1000,1970
2026-06-21,2026-06-21_阪神12R_3歳以上2勝クラス,1倍台,ワイド,6,15,1500,1970
2026-06-21,2026-06-21_阪神12R_3歳以上2勝クラス,1倍台,馬連,3,3,300,0
2026-06-21,2026-06-21_阪神12R_3歳以上2勝クラス,1倍台,馬連,4,6,600,0
2026-06-21,2026-06-21_阪神12R_3歳以上2勝クラス,1倍台,馬連,5,10,1000,950
2026-06-21,2026-06-21_阪神12R_3歳以上2勝クラス,1倍台,馬連,6,15,1500,950
2026-06-27,2026-06-27_函館09R_長万部特別,2倍台,ワイド,3,3,300,200
2026-06-27,2026-06-27_函館09R_長万部特別,2倍台,ワイド,4,6,600,200
2026-06-27,2026-06-27_函館09R_長万部特別,2倍台,ワイド,5,10,1000,200
2026-06-27,2026-06-27_函館09R_長万部特別,2倍台,ワイド,6,15,1500,1000
2026-06-27,2026-06-27_函館09R_長万部特別,2倍台,馬連,3,3,300,400
2026-06-27,2026-06-27_函館09R_長万部特別,2倍台,馬連,4,6,600,400
2026-06-27,2026-06-27_函館09R_長万部特別,2倍台,馬連,5,10,1000,400
2026-06-27,2026-06-27_函館09R_長万部特別,2倍台,馬連,6,15,1500,400
2026-06-27,2026-06-27_函館10R_洞爺湖特別,3倍以上,ワイド,3,3,300,0
2026-06-27,2026-06-27_函館10R_洞爺湖特別,3倍以上,ワイド,4,6,600,0
2026-06-27,2026-06-27_函館10R_洞爺湖特別,3倍以上,ワイド,5,10,1000,0
2026-06-27,2026-06-27_函館10R_洞爺湖特別,3倍以上,ワイド,6,15,1500,0
2026-06-27,2026-06-27_函館10R_洞爺湖特別,3倍以上,馬連,3,3,300,0
2026-06-27,2026-06-27_函館10R_洞爺湖特別,3倍以上,馬連,4,6,600,0
2026-06-27,2026-06-27_函館10R_洞爺湖特別,3倍以上,馬連,5,10,1000,0
2026-06-27,2026-06-27_函館10R_洞爺湖特別,3倍以上,馬連,6,15,1500,0
2026-06-27,2026-06-27_函館11R_青函S,3倍以上,ワイド,3,3,300,0
2026-06-27,2026-06-27_函館11R_青函S,3倍以上,ワイド,4,6,600,0
2026-06-27,2026-06-27_函館11R_青函S,3倍以上,ワイド,5,10,1000,0
2026-06-27,2026-06-27_函館11R_青函S,3倍以上,ワイド,6,15,1500,0
2026-06-27,2026-06-27_函館11R_青函S,3倍以上,馬連,3,3,300,0
2026-06-27,2026-06-27_函館11R_青函S,3倍以上,馬連,4,6,600,0
2026-06-27,2026-06-27_函館11R_青函S,3倍以上,馬連,5,10,1000,0
2026-06-27,2026-06-27_函館11R_青函S,3倍以上,馬連,6,15,1500,0
2026-06-27,2026-06-27_函館12R_3歳以上1勝クラス,1倍台,ワイド,3,3,300,0
2026-06-27,2026-06-27_函館12R_3歳以上1勝クラス,1倍台,ワイド,4,6,600,0
2026-06-27,2026-06-27_函館12R_3歳以上1勝クラス,1倍台,ワイド,5,10,1000,0
2026-06-27,2026-06-27_函館12R_3歳以上1勝クラス,1倍台,ワイド,6,15,1500,0
2026-06-27,2026-06-27_函館12R_3歳以上1勝クラス,1倍台,馬連,3,3,300,0
2026-06-27,2026-06-27_函館12R_3歳以上1勝クラス,1倍台,馬連,4,6,600,0
2026-06-27,2026-06-27_函館12R_3歳以上1勝クラス,1倍台,馬連,5,10,1000,0
2026-06-27,2026-06-27_函館12R_3歳以上1勝クラス,1倍台,馬連,6,15,1500,0
2026-06-27,2026-06-27_小倉09R_八代特別,1倍台,ワイド,3,3,300,0
2026-06-27,2026-06-27_小倉09R_八代特別,1倍台,ワイド,4,6,600,210
2026-06-27,2026-06-27_小倉09R_八代特別,1倍台,ワイド,5,10,1000,210
2026-06-27,2026-06-27_小倉09R_八代特別,1倍台,ワイド,6,15,1500,3010
2026-06-27,2026-06-27_小倉09R_八代特別,1倍台,馬連,3,3,300,0
2026-06-27,2026-06-27_小倉09R_八代特別,1倍台,馬連,4,6,600,360
2026-06-27,2026-06-27_小倉09R_八代特別,1倍台,馬連,5,10,1000,360
2026-06-27,2026-06-27_小倉09R_八代特別,1倍台,馬連,6,15,1500,360
2026-06-27,2026-06-27_小倉10R_宗像特別,3倍以上,ワイド,3,3,300,1590
2026-06-27,2026-06-27_小倉10R_宗像特別,3倍以上,ワイド,4,6,600,3760
2026-06-27,2026-06-27_小倉10R_宗像特別,3倍以上,ワイド,5,10,1000,3760
2026-06-27,2026-06-27_小倉10R_宗像特別,3倍以上,ワイド,6,15,1500,3760
2026-06-27,2026-06-27_小倉10R_宗像特別,3倍以上,馬連,3,3,300,0
2026-06-27,2026-06-27_小倉10R_宗像特別,3倍以上,馬連,4,6,600,3440
2026-06-27,2026-06-27_小倉10R_宗像特別,3倍以上,馬連,5,10,1000,3440
2026-06-27,2026-06-27_小倉10R_宗像特別,3倍以上,馬連,6,15,1500,3440
2026-06-27,2026-06-27_小倉11R_薩摩S,3倍以上,ワイド,3,3,300,0
2026-06-27,2026-06-27_小倉11R_薩摩S,3倍以上,ワイド,4,6,600,0
2026-06-27,2026-06-27_小倉11R_薩摩S,3倍以上,ワイド,5,10,1000,0
2026-06-27,2026-06-27_小倉11R_薩摩S,3倍以上,ワイド,6,15,1500,0
2026-06-27,2026-06-27_小倉11R_薩摩S,3倍以上,馬連,3,3,300,0
2026-06-27,2026-06-27_小倉11R_薩摩S,3倍以上,馬連,4,6,600,0
2026-06-27,2026-06-27_小倉11R_薩摩S,3倍以上,馬連,5,10,1000,0
2026-06-27,2026-06-27_小倉11R_薩摩S,3倍以上,馬連,6,15,1500,0
2026-06-27,2026-06-27_小倉12R_3歳以上1勝クラス,2倍台,ワイド,3,3,300,160
2026-06-27,2026-06-27_小倉12R_3歳以上1勝クラス,2倍台,ワイド,4,6,600,570
2026-06-27,2026-06-27_小倉12R_3歳以上1勝クラス,2倍台,ワイド,5,10,1000,570
2026-06-27,2026-06-27_小倉12R_3歳以上1勝クラス,2倍台,ワイド,6,15,1500,570
2026-06-27,2026-06-27_小倉12R_3歳以上1勝クラス,2倍台,馬連,3,3,300,390
2026-06-27,2026-06-27_小倉12R_3歳以上1勝クラス,2倍台,馬連,4,6,600,390
2026-06-27,2026-06-27_小倉12R_3歳以上1勝クラス,2倍台,馬連,5,10,1000,390
2026-06-27,2026-06-27_小倉12R_3歳以上1勝クラス,2倍台,馬連,6,15,1500,390
2026-06-27,2026-06-27_福島09R_さくらんぼ特別,1倍台,ワイド,3,3,300,0
2026-06-27,2026-06-27_福島09R_さくらんぼ特別,1倍台,ワイド,4,6,600,0
2026-06-27,2026-06-27_福島09R_さくらんぼ特別,1倍台,ワイド,5,10,1000,810
2026-06-27,2026-06-27_福島09R_さくらんぼ特別,1倍台,ワイド,6,15,1500,810
2026-06-27,2026-06-27_福島09R_さくらんぼ特別,1倍台,馬連,3,3,300,0
2026-06-27,2026-06-27_福島09R_さくらんぼ特別,1倍台,馬連,4,6,600,0
2026-06-27,2026-06-27_福島09R_さくらんぼ特別,1倍台,馬連,5,10,1000,0
2026-06-27,2026-06-27_福島09R_さくらんぼ特別,1倍台,馬連,6,15,1500,0
2026-06-27,2026-06-27_福島10R_いわき特別,2倍台,ワイド,3,3,300,200
2026-06-27,2026-06-27_福島10R_いわき特別,2倍台,ワイド,4,6,600,800
2026-06-27,2026-06-27_福島10R_いわき特別,2倍台,ワイド,5,10,1000,800
2026-06-27,2026-06-27_福島10R_いわき特別,2倍台,ワイド,6,15,1500,800
2026-06-27,2026-06-27_福島10R_いわき特別,2倍台,馬連,3,3,300,0
2026-06-27,2026-06-27_福島10R_いわき特別,2倍台,馬連,4,6,600,1120
2026-06-27,2026-06-27_福島10R_いわき特別,2倍台,馬連,5,10,1000,1120
2026-06-27,2026-06-27_福島10R_いわき特別,2倍台,馬連,6,15,1500,1120
2026-06-27,2026-06-27_福島11R_バーデンバーデンC,1倍台,ワイド,3,3,300,970
2026-06-27,2026-06-27_福島11R_バーデンバーデンC,1倍台,ワイド,4,6,600,970
2026-06-27,2026-06-27_福島11R_バーデンバーデンC,1倍台,ワイド,5,10,1000,970
2026-06-27,2026-06-27_福島11R_バーデンバーデンC,1倍台,ワイド,6,15,1500,970
2026-06-27,2026-06-27_福島11R_バーデンバーデンC,1倍台,馬連,3,3,300,500
2026-06-27,2026-06-27_福島11R_バーデンバーデンC,1倍台,馬連,4,6,600,500
2026-06-27,2026-06-27_福島11R_バーデンバーデンC,1倍台,馬連,5,10,1000,500
2026-06-27,2026-06-27_福島11R_バーデンバーデンC,1倍台,馬連,6,15,1500,500
2026-06-27,2026-06-27_福島12R_3歳以上1勝クラス,2倍台,ワイド,3,3,300,0
2026-06-27,2026-06-27_福島12R_3歳以上1勝クラス,2倍台,ワイド,4,6,600,0
2026-06-27,2026-06-27_福島12R_3歳以上1勝クラス,2倍台,ワイド,5,10,1000,0
2026-06-27,2026-06-27_福島12R_3歳以上1勝クラス,2倍台,ワイド,6,15,1500,0
2026-06-27,2026-06-27_福島12R_3歳以上1勝クラス,2倍台,馬連,3,3,300,0
2026-06-27,2026-06-27_福島12R_3歳以上1勝クラス,2倍台,馬連,4,6,600,0
2026-06-27,2026-06-27_福島12R_3歳以上1勝クラス,2倍台,馬連,5,10,1000,0
2026-06-27,2026-06-27_福島12R_3歳以上1勝クラス,2倍台,馬連,6,15,1500,0
2026-06-28,2026-06-28_函館09R_臥牛山特別,1倍台,ワイド,3,3,300,800
2026-06-28,2026-06-28_函館09R_臥牛山特別,1倍台,ワイド,4,6,600,800
2026-06-28,2026-06-28_函館09R_臥牛山特別,1倍台,ワイド,5,10,1000,800
2026-06-28,2026-06-28_函館09R_臥牛山特別,1倍台,ワイド,6,15,1500,800
2026-06-28,2026-06-28_函館09R_臥牛山特別,1倍台,馬連,3,3,300,420
2026-06-28,2026-06-28_函館09R_臥牛山特別,1倍台,馬連,4,6,600,420
2026-06-28,2026-06-28_函館09R_臥牛山特別,1倍台,馬連,5,10,1000,420
2026-06-28,2026-06-28_函館09R_臥牛山特別,1倍台,馬連,6,15,1500,420
2026-06-28,2026-06-28_函館10R_渡島特別,3倍以上,ワイド,3,3,300,1220
2026-06-28,2026-06-28_函館10R_渡島特別,3倍以上,ワイド,4,6,600,1220
2026-06-28,2026-06-28_函館10R_渡島特別,3倍以上,ワイド,5,10,1000,1220
2026-06-28,2026-06-28_函館10R_渡島特別,3倍以上,ワイド,6,15,1500,1220
2026-06-28,2026-06-28_函館10R_渡島特別,3倍以上,馬連,3,3,300,1050
2026-06-28,2026-06-28_函館10R_渡島特別,3倍以上,馬連,4,6,600,1050
2026-06-28,2026-06-28_函館10R_渡島特別,3倍以上,馬連,5,10,1000,1050
2026-06-28,2026-06-28_函館10R_渡島特別,3倍以上,馬連,6,15,1500,1050
2026-06-28,2026-06-28_函館11R_函館記念,3倍以上,ワイド,3,3,300,0
2026-06-28,2026-06-28_函館11R_函館記念,3倍以上,ワイド,4,6,600,0
2026-06-28,2026-06-28_函館11R_函館記念,3倍以上,ワイド,5,10,1000,0
2026-06-28,2026-06-28_函館11R_函館記念,3倍以上,ワイド,6,15,1500,0
2026-06-28,2026-06-28_函館11R_函館記念,3倍以上,馬連,3,3,300,0
2026-06-28,2026-06-28_函館11R_函館記念,3倍以上,馬連,4,6,600,0
2026-06-28,2026-06-28_函館11R_函館記念,3倍以上,馬連,5,10,1000,0
2026-06-28,2026-06-28_函館11R_函館記念,3倍以上,馬連,6,15,1500,0
2026-06-28,2026-06-28_函館12R_湯の川温泉特別,3倍以上,ワイド,3,3,300,0
2026-06-28,2026-06-28_函館12R_湯の川温泉特別,3倍以上,ワイド,4,6,600,0
2026-06-28,2026-06-28_函館12R_湯の川温泉特別,3倍以上,ワイド,5,10,1000,0
2026-06-28,2026-06-28_函館12R_湯の川温泉特別,3倍以上,ワイド,6,15,1500,0
2026-06-28,2026-06-28_函館12R_湯の川温泉特別,3倍以上,馬連,3,3,300,0
2026-06-28,2026-06-28_函館12R_湯の川温泉特別,3倍以上,馬連,4,6,600,0
2026-06-28,2026-06-28_函館12R_湯の川温泉特別,3倍以上,馬連,5,10,1000,0
2026-06-28,2026-06-28_函館12R_湯の川温泉特別,3倍以上,馬連,6,15,1500,0
2026-06-28,2026-06-28_小倉09R_帆柱山特別,2倍台,ワイド,3,3,300,190
2026-06-28,2026-06-28_小倉09R_帆柱山特別,2倍台,ワイド,4,6,600,190
2026-06-28,2026-06-28_小倉09R_帆柱山特別,2倍台,ワイド,5,10,1000,190
2026-06-28,2026-06-28_小倉09R_帆柱山特別,2倍台,ワイド,6,15,1500,190
2026-06-28,2026-06-28_小倉09R_帆柱山特別,2倍台,馬連,3,3,300,440
2026-06-28,2026-06-28_小倉09R_帆柱山特別,2倍台,馬連,4,6,600,440
2026-06-28,2026-06-28_小倉09R_帆柱山特別,2倍台,馬連,5,10,1000,440
2026-06-28,2026-06-28_小倉09R_帆柱山特別,2倍台,馬連,6,15,1500,440
2026-06-28,2026-06-28_小倉10R_西部日刊スポーツ杯,3倍以上,ワイド,3,3,300,0
2026-06-28,2026-06-28_小倉10R_西部日刊スポーツ杯,3倍以上,ワイド,4,6,600,0
2026-06-28,2026-06-28_小倉10R_西部日刊スポーツ杯,3倍以上,ワイド,5,10,1000,0
2026-06-28,2026-06-28_小倉10R_西部日刊スポーツ杯,3倍以上,ワイド,6,15,1500,0
2026-06-28,2026-06-28_小倉10R_西部日刊スポーツ杯,3倍以上,馬連,3,3,300,0
2026-06-28,2026-06-28_小倉10R_西部日刊スポーツ杯,3倍以上,馬連,4,6,600,0
2026-06-28,2026-06-28_小倉10R_西部日刊スポーツ杯,3倍以上,馬連,5,10,1000,0
2026-06-28,2026-06-28_小倉10R_西部日刊スポーツ杯,3倍以上,馬連,6,15,1500,0
2026-06-28,2026-06-28_小倉11R_紫川S,1倍台,ワイド,3,3,300,0
2026-06-28,2026-06-28_小倉11R_紫川S,1倍台,ワイド,4,6,600,640
2026-06-28,2026-06-28_小倉11R_紫川S,1倍台,ワイド,5,10,1000,3330
2026-06-28,2026-06-28_小倉11R_紫川S,1倍台,ワイド,6,15,1500,3330
2026-06-28,2026-06-28_小倉11R_紫川S,1倍台,馬連,3,3,300,0
2026-06-28,2026-06-28_小倉11R_紫川S,1倍台,馬連,4,6,600,0
2026-06-28,2026-06-28_小倉11R_紫川S,1倍台,馬連,5,10,1000,10740
2026-06-28,2026-06-28_小倉11R_紫川S,1倍台,馬連,6,15,1500,10740
2026-06-28,2026-06-28_小倉12R_3歳以上1勝クラス,3倍以上,ワイド,3,3,300,0
2026-06-28,2026-06-28_小倉12R_3歳以上1勝クラス,3倍以上,ワイド,4,6,600,0
2026-06-28,2026-06-28_小倉12R_3歳以上1勝クラス,3倍以上,ワイド,5,10,1000,1110
2026-06-28,2026-06-28_小倉12R_3歳以上1勝クラス,3倍以上,ワイド,6,15,1500,3060
2026-06-28,2026-06-28_小倉12R_3歳以上1勝クラス,3倍以上,馬連,3,3,300,0
2026-06-28,2026-06-28_小倉12R_3歳以上1勝クラス,3倍以上,馬連,4,6,600,0
2026-06-28,2026-06-28_小倉12R_3歳以上1勝クラス,3倍以上,馬連,5,10,1000,0
2026-06-28,2026-06-28_小倉12R_3歳以上1勝クラス,3倍以上,馬連,6,15,1500,6310
2026-06-28,2026-06-28_福島09R_松島特別,1倍台,ワイド,3,3,300,0
2026-06-28,2026-06-28_福島09R_松島特別,1倍台,ワイド,4,6,600,0
2026-06-28,2026-06-28_福島09R_松島特別,1倍台,ワイド,5,10,1000,810
2026-06-28,2026-06-28_福島09R_松島特別,1倍台,ワイド,6,15,1500,3570
2026-06-28,2026-06-28_福島09R_松島特別,1倍台,馬連,3,3,300,0
2026-06-28,2026-06-28_福島09R_松島特別,1倍台,馬連,4,6,600,0
2026-06-28,2026-06-28_福島09R_松島特別,1倍台,馬連,5,10,1000,0
2026-06-28,2026-06-28_福島09R_松島特別,1倍台,馬連,6,15,1500,5310
2026-06-28,2026-06-28_福島10R_鶴ケ城S,1倍台,ワイド,3,3,300,2540
2026-06-28,2026-06-28_福島10R_鶴ケ城S,1倍台,ワイド,4,6,600,2540
2026-06-28,2026-06-28_福島10R_鶴ケ城S,1倍台,ワイド,5,10,1000,2540
2026-06-28,2026-06-28_福島10R_鶴ケ城S,1倍台,ワイド,6,15,1500,2540
2026-06-28,2026-06-28_福島10R_鶴ケ城S,1倍台,馬連,3,3,300,2430
2026-06-28,2026-06-28_福島10R_鶴ケ城S,1倍台,馬連,4,6,600,2430
2026-06-28,2026-06-28_福島10R_鶴ケ城S,1倍台,馬連,5,10,1000,2430
2026-06-28,2026-06-28_福島10R_鶴ケ城S,1倍台,馬連,6,15,1500,2430
2026-06-28,2026-06-28_福島11R_ラジオNIKKEI賞,3倍以上,ワイド,3,3,300,0
2026-06-28,2026-06-28_福島11R_ラジオNIKKEI賞,3倍以上,ワイド,4,6,600,0
2026-06-28,2026-06-28_福島11R_ラジオNIKKEI賞,3倍以上,ワイド,5,10,1000,0
2026-06-28,2026-06-28_福島11R_ラジオNIKKEI賞,3倍以上,ワイド,6,15,1500,0
2026-06-28,2026-06-28_福島11R_ラジオNIKKEI賞,3倍以上,馬連,3,3,300,0
2026-06-28,2026-06-28_福島11R_ラジオNIKKEI賞,3倍以上,馬連,4,6,600,0
2026-06-28,2026-06-28_福島11R_ラジオNIKKEI賞,3倍以上,馬連,5,10,1000,0
2026-06-28,2026-06-28_福島11R_ラジオNIKKEI賞,3倍以上,馬連,6,15,1500,0
2026-06-28,2026-06-28_福島12R_3歳以上1勝クラス,3倍以上,ワイド,3,3,300,1120
2026-06-28,2026-06-28_福島12R_3歳以上1勝クラス,3倍以上,ワイド,4,6,600,3830
2026-06-28,2026-06-28_福島12R_3歳以上1勝クラス,3倍以上,ワイド,5,10,1000,3830
2026-06-28,2026-06-28_福島12R_3歳以上1勝クラス,3倍以上,ワイド,6,15,1500,3830
2026-06-28,2026-06-28_福島12R_3歳以上1勝クラス,3倍以上,馬連,3,3,300,2790
2026-06-28,2026-06-28_福島12R_3歳以上1勝クラス,3倍以上,馬連,4,6,600,2790
2026-06-28,2026-06-28_福島12R_3歳以上1勝クラス,3倍以上,馬連,5,10,1000,2790
2026-06-28,2026-06-28_福島12R_3歳以上1勝クラス,3倍以上,馬連,6,15,1500,2790
2026-07-04,2026-07-04_函館09R_恵山特別,3倍以上,ワイド,3,3,300,1420
2026-07-04,2026-07-04_函館09R_恵山特別,3倍以上,ワイド,4,6,600,1420
2026-07-04,2026-07-04_函館09R_恵山特別,3倍以上,ワイド,5,10,1000,1420
2026-07-04,2026-07-04_函館09R_恵山特別,3倍以上,ワイド,6,15,1500,1420
2026-07-04,2026-07-04_函館09R_恵山特別,3倍以上,馬連,3,3,300,1110
2026-07-04,2026-07-04_函館09R_恵山特別,3倍以上,馬連,4,6,600,1110
2026-07-04,2026-07-04_函館09R_恵山特別,3倍以上,馬連,5,10,1000,1110
2026-07-04,2026-07-04_函館09R_恵山特別,3倍以上,馬連,6,15,1500,1110
2026-07-04,2026-07-04_函館10R_竜飛崎特別,1倍台,ワイド,3,3,300,0
2026-07-04,2026-07-04_函館10R_竜飛崎特別,1倍台,ワイド,4,6,600,0
2026-07-04,2026-07-04_函館10R_竜飛崎特別,1倍台,ワイド,5,10,1000,0
2026-07-04,2026-07-04_函館10R_竜飛崎特別,1倍台,ワイド,6,15,1500,0
2026-07-04,2026-07-04_函館10R_竜飛崎特別,1倍台,馬連,3,3,300,0
2026-07-04,2026-07-04_函館10R_竜飛崎特別,1倍台,馬連,4,6,600,0
2026-07-04,2026-07-04_函館10R_竜飛崎特別,1倍台,馬連,5,10,1000,0
2026-07-04,2026-07-04_函館10R_竜飛崎特別,1倍台,馬連,6,15,1500,0
2026-07-04,2026-07-04_函館11R_TVh杯,2倍台,ワイド,3,3,300,0
2026-07-04,2026-07-04_函館11R_TVh杯,2倍台,ワイド,4,6,600,0
2026-07-04,2026-07-04_函館11R_TVh杯,2倍台,ワイド,5,10,1000,0
2026-07-04,2026-07-04_函館11R_TVh杯,2倍台,ワイド,6,15,1500,0
2026-07-04,2026-07-04_函館11R_TVh杯,2倍台,馬連,3,3,300,0
2026-07-04,2026-07-04_函館11R_TVh杯,2倍台,馬連,4,6,600,0
2026-07-04,2026-07-04_函館11R_TVh杯,2倍台,馬連,5,10,1000,0
2026-07-04,2026-07-04_函館11R_TVh杯,2倍台,馬連,6,15,1500,0
2026-07-04,2026-07-04_函館12R_3歳以上1勝クラス,1倍台,ワイド,3,3,300,120
2026-07-04,2026-07-04_函館12R_3歳以上1勝クラス,1倍台,ワイド,4,6,600,120
2026-07-04,2026-07-04_函館12R_3歳以上1勝クラス,1倍台,ワイド,5,10,1000,660
2026-07-04,2026-07-04_函館12R_3歳以上1勝クラス,1倍台,ワイド,6,15,1500,660
2026-07-04,2026-07-04_函館12R_3歳以上1勝クラス,1倍台,馬連,3,3,300,0
2026-07-04,2026-07-04_函館12R_3歳以上1勝クラス,1倍台,馬連,4,6,600,0
2026-07-04,2026-07-04_函館12R_3歳以上1勝クラス,1倍台,馬連,5,10,1000,1370
2026-07-04,2026-07-04_函館12R_3歳以上1勝クラス,1倍台,馬連,6,15,1500,1370
2026-07-04,2026-07-04_小倉09R_小郡特別,2倍台,ワイド,3,3,300,0
2026-07-04,2026-07-04_小倉09R_小郡特別,2倍台,ワイド,4,6,600,450
2026-07-04,2026-07-04_小倉09R_小郡特別,2倍台,ワイド,5,10,1000,450
2026-07-04,2026-07-04_小倉09R_小郡特別,2倍台,ワイド,6,15,1500,3110
2026-07-04,2026-07-04_小倉09R_小郡特別,2倍台,馬連,3,3,300,0
2026-07-04,2026-07-04_小倉09R_小郡特別,2倍台,馬連,4,6,600,1000
2026-07-04,2026-07-04_小倉09R_小郡特別,2倍台,馬連,5,10,1000,1000
2026-07-04,2026-07-04_小倉09R_小郡特別,2倍台,馬連,6,15,1500,1000
2026-07-04,2026-07-04_小倉10R_雲仙特別,2倍台,ワイド,3,3,300,0
2026-07-04,2026-07-04_小倉10R_雲仙特別,2倍台,ワイド,4,6,600,660
2026-07-04,2026-07-04_小倉10R_雲仙特別,2倍台,ワイド,5,10,1000,660
2026-07-04,2026-07-04_小倉10R_雲仙特別,2倍台,ワイド,6,15,1500,660
2026-07-04,2026-07-04_小倉10R_雲仙特別,2倍台,馬連,3,3,300,0
2026-07-04,2026-07-04_小倉10R_雲仙特別,2倍台,馬連,4,6,600,0
2026-07-04,2026-07-04_小倉10R_雲仙特別,2倍台,馬連,5,10,1000,0
2026-07-04,2026-07-04_小倉10R_雲仙特別,2倍台,馬連,6,15,1500,0
2026-07-04,2026-07-04_小倉11R_博多S,2倍台,ワイド,3,3,300,0
2026-07-04,2026-07-04_小倉11R_博多S,2倍台,ワイド,4,6,600,0
2026-07-04,2026-07-04_小倉11R_博多S,2倍台,ワイド,5,10,1000,170
2026-07-04,2026-07-04_小倉11R_博多S,2倍台,ワイド,6,15,1500,170
2026-07-04,2026-07-04_小倉11R_博多S,2倍台,馬連,3,3,300,0
2026-07-04,2026-07-04_小倉11R_博多S,2倍台,馬連,4,6,600,0
2026-07-04,2026-07-04_小倉11R_博多S,2倍台,馬連,5,10,1000,290
2026-07-04,2026-07-04_小倉11R_博多S,2倍台,馬連,6,15,1500,290
2026-07-04,2026-07-04_小倉12R_3歳以上1勝クラス,2倍台,ワイド,3,3,300,0
2026-07-04,2026-07-04_小倉12R_3歳以上1勝クラス,2倍台,ワイド,4,6,600,560
2026-07-04,2026-07-04_小倉12R_3歳以上1勝クラス,2倍台,ワイド,5,10,1000,560
2026-07-04,2026-07-04_小倉12R_3歳以上1勝クラス,2倍台,ワイド,6,15,1500,560
2026-07-04,2026-07-04_小倉12R_3歳以上1勝クラス,2倍台,馬連,3,3,300,0
2026-07-04,2026-07-04_小倉12R_3歳以上1勝クラス,2倍台,馬連,4,6,600,0
2026-07-04,2026-07-04_小倉12R_3歳以上1勝クラス,2倍台,馬連,5,10,1000,0
2026-07-04,2026-07-04_小倉12R_3歳以上1勝クラス,2倍台,馬連,6,15,1500,0
2026-07-04,2026-07-04_福島09R_伊達特別,1倍台,ワイド,3,3,300,790
2026-07-04,2026-07-04_福島09R_伊達特別,1倍台,ワイド,4,6,600,790
2026-07-04,2026-07-04_福島09R_伊達特別,1倍台,ワイド,5,10,1000,2840
2026-07-04,2026-07-04_福島09R_伊達特別,1倍台,ワイド,6,15,1500,2840
2026-07-04,2026-07-04_福島09R_伊達特別,1倍台,馬連,3,3,300,0
2026-07-04,2026-07-04_福島09R_伊達特別,1倍台,馬連,4,6,600,0
2026-07-04,2026-07-04_福島09R_伊達特別,1倍台,馬連,5,10,1000,4630
2026-07-04,2026-07-04_福島09R_伊達特別,1倍台,馬連,6,15,1500,4630
2026-07-04,2026-07-04_福島10R_横手特別,2倍台,ワイド,3,3,300,340
2026-07-04,2026-07-04_福島10R_横手特別,2倍台,ワイド,4,6,600,340
2026-07-04,2026-07-04_福島10R_横手特別,2倍台,ワイド,5,10,1000,340
2026-07-04,2026-07-04_福島10R_横手特別,2倍台,ワイド,6,15,1500,340
2026-07-04,2026-07-04_福島10R_横手特別,2倍台,馬連,3,3,300,0
2026-07-04,2026-07-04_福島10R_横手特別,2倍台,馬連,4,6,600,0
2026-07-04,2026-07-04_福島10R_横手特別,2倍台,馬連,5,10,1000,0
2026-07-04,2026-07-04_福島10R_横手特別,2倍台,馬連,6,15,1500,0
2026-07-04,2026-07-04_福島11R_TUF杯,1倍台,ワイド,3,3,300,210
2026-07-04,2026-07-04_福島11R_TUF杯,1倍台,ワイド,4,6,600,210
2026-07-04,2026-07-04_福島11R_TUF杯,1倍台,ワイド,5,10,1000,210
2026-07-04,2026-07-04_福島11R_TUF杯,1倍台,ワイド,6,15,1500,210
2026-07-04,2026-07-04_福島11R_TUF杯,1倍台,馬連,3,3,300,380
2026-07-04,2026-07-04_福島11R_TUF杯,1倍台,馬連,4,6,600,380
2026-07-04,2026-07-04_福島11R_TUF杯,1倍台,馬連,5,10,1000,380
2026-07-04,2026-07-04_福島11R_TUF杯,1倍台,馬連,6,15,1500,380
2026-07-04,2026-07-04_福島12R_3歳以上1勝クラス,3倍以上,ワイド,3,3,300,0
2026-07-04,2026-07-04_福島12R_3歳以上1勝クラス,3倍以上,ワイド,4,6,600,0
2026-07-04,2026-07-04_福島12R_3歳以上1勝クラス,3倍以上,ワイド,5,10,1000,0
2026-07-04,2026-07-04_福島12R_3歳以上1勝クラス,3倍以上,ワイド,6,15,1500,3300
2026-07-04,2026-07-04_福島12R_3歳以上1勝クラス,3倍以上,馬連,3,3,300,0
2026-07-04,2026-07-04_福島12R_3歳以上1勝クラス,3倍以上,馬連,4,6,600,0
2026-07-04,2026-07-04_福島12R_3歳以上1勝クラス,3倍以上,馬連,5,10,1000,0
2026-07-04,2026-07-04_福島12R_3歳以上1勝クラス,3倍以上,馬連,6,15,1500,0
2026-07-05,2026-07-05_函館09R_立待岬特別,2倍台,ワイド,3,3,300,0
2026-07-05,2026-07-05_函館09R_立待岬特別,2倍台,ワイド,4,6,600,460
2026-07-05,2026-07-05_函館09R_立待岬特別,2倍台,ワイド,5,10,1000,460
2026-07-05,2026-07-05_函館09R_立待岬特別,2倍台,ワイド,6,15,1500,460
2026-07-05,2026-07-05_函館09R_立待岬特別,2倍台,馬連,3,3,300,0
2026-07-05,2026-07-05_函館09R_立待岬特別,2倍台,馬連,4,6,600,0
2026-07-05,2026-07-05_函館09R_立待岬特別,2倍台,馬連,5,10,1000,0
2026-07-05,2026-07-05_函館09R_立待岬特別,2倍台,馬連,6,15,1500,0
2026-07-05,2026-07-05_函館10R_横津岳特別,1倍台,ワイド,3,3,300,300
2026-07-05,2026-07-05_函館10R_横津岳特別,1倍台,ワイド,4,6,600,300
2026-07-05,2026-07-05_函館10R_横津岳特別,1倍台,ワイド,5,10,1000,1450
2026-07-05,2026-07-05_函館10R_横津岳特別,1倍台,ワイド,6,15,1500,1450
2026-07-05,2026-07-05_函館10R_横津岳特別,1倍台,馬連,3,3,300,670
2026-07-05,2026-07-05_函館10R_横津岳特別,1倍台,馬連,4,6,600,670
2026-07-05,2026-07-05_函館10R_横津岳特別,1倍台,馬連,5,10,1000,670
2026-07-05,2026-07-05_函館10R_横津岳特別,1倍台,馬連,6,15,1500,670
2026-07-05,2026-07-05_函館11R_大沼S,3倍以上,ワイド,3,3,300,0
2026-07-05,2026-07-05_函館11R_大沼S,3倍以上,ワイド,4,6,600,0
2026-07-05,2026-07-05_函館11R_大沼S,3倍以上,ワイド,5,10,1000,0
2026-07-05,2026-07-05_函館11R_大沼S,3倍以上,ワイド,6,15,1500,650
2026-07-05,2026-07-05_函館11R_大沼S,3倍以上,馬連,3,3,300,0
2026-07-05,2026-07-05_函館11R_大沼S,3倍以上,馬連,4,6,600,0
2026-07-05,2026-07-05_函館11R_大沼S,3倍以上,馬連,5,10,1000,0
2026-07-05,2026-07-05_函館11R_大沼S,3倍以上,馬連,6,15,1500,0
2026-07-05,2026-07-05_函館12R_3歳以上1勝クラス,2倍台,ワイド,3,3,300,0
2026-07-05,2026-07-05_函館12R_3歳以上1勝クラス,2倍台,ワイド,4,6,600,350
2026-07-05,2026-07-05_函館12R_3歳以上1勝クラス,2倍台,ワイド,5,10,1000,350
2026-07-05,2026-07-05_函館12R_3歳以上1勝クラス,2倍台,ワイド,6,15,1500,1570
2026-07-05,2026-07-05_函館12R_3歳以上1勝クラス,2倍台,馬連,3,3,300,0
2026-07-05,2026-07-05_函館12R_3歳以上1勝クラス,2倍台,馬連,4,6,600,0
2026-07-05,2026-07-05_函館12R_3歳以上1勝クラス,2倍台,馬連,5,10,1000,0
2026-07-05,2026-07-05_函館12R_3歳以上1勝クラス,2倍台,馬連,6,15,1500,760
2026-07-05,2026-07-05_小倉09R_青島特別,1倍台,ワイド,3,3,300,120
2026-07-05,2026-07-05_小倉09R_青島特別,1倍台,ワイド,4,6,600,470
2026-07-05,2026-07-05_小倉09R_青島特別,1倍台,ワイド,5,10,1000,470
2026-07-05,2026-07-05_小倉09R_青島特別,1倍台,ワイド,6,15,1500,470
2026-07-05,2026-07-05_小倉09R_青島特別,1倍台,馬連,3,3,300,190
2026-07-05,2026-07-05_小倉09R_青島特別,1倍台,馬連,4,6,600,190
2026-07-05,2026-07-05_小倉09R_青島特別,1倍台,馬連,5,10,1000,190
2026-07-05,2026-07-05_小倉09R_青島特別,1倍台,馬連,6,15,1500,190
2026-07-05,2026-07-05_小倉10R_九州スポーツ杯,3倍以上,ワイド,3,3,300,0
2026-07-05,2026-07-05_小倉10R_九州スポーツ杯,3倍以上,ワイド,4,6,600,1890
2026-07-05,2026-07-05_小倉10R_九州スポーツ杯,3倍以上,ワイド,5,10,1000,1890
2026-07-05,2026-07-05_小倉10R_九州スポーツ杯,3倍以上,ワイド,6,15,1500,1890
2026-07-05,2026-07-05_小倉10R_九州スポーツ杯,3倍以上,馬連,3,3,300,0
2026-07-05,2026-07-05_小倉10R_九州スポーツ杯,3倍以上,馬連,4,6,600,0
2026-07-05,2026-07-05_小倉10R_九州スポーツ杯,3倍以上,馬連,5,10,1000,0
2026-07-05,2026-07-05_小倉10R_九州スポーツ杯,3倍以上,馬連,6,15,1500,0
2026-07-05,2026-07-05_小倉11R_北九州記念,3倍以上,ワイド,3,3,300,0
2026-07-05,2026-07-05_小倉11R_北九州記念,3倍以上,ワイド,4,6,600,1250
2026-07-05,2026-07-05_小倉11R_北九州記念,3倍以上,ワイド,5,10,1000,1250
2026-07-05,2026-07-05_小倉11R_北九州記念,3倍以上,ワイド,6,15,1500,3610
2026-07-05,2026-07-05_小倉11R_北九州記念,3倍以上,馬連,3,3,300,0
2026-07-05,2026-07-05_小倉11R_北九州記念,3倍以上,馬連,4,6,600,3930
2026-07-05,2026-07-05_小倉11R_北九州記念,3倍以上,馬連,5,10,1000,3930
2026-07-05,2026-07-05_小倉11R_北九州記念,3倍以上,馬連,6,15,1500,3930
2026-07-05,2026-07-05_小倉12R_3歳以上1勝クラス,1倍台,ワイド,3,3,300,0
2026-07-05,2026-07-05_小倉12R_3歳以上1勝クラス,1倍台,ワイド,4,6,600,0
2026-07-05,2026-07-05_小倉12R_3歳以上1勝クラス,1倍台,ワイド,5,10,1000,0
2026-07-05,2026-07-05_小倉12R_3歳以上1勝クラス,1倍台,ワイド,6,15,1500,0
2026-07-05,2026-07-05_小倉12R_3歳以上1勝クラス,1倍台,馬連,3,3,300,0
2026-07-05,2026-07-05_小倉12R_3歳以上1勝クラス,1倍台,馬連,4,6,600,0
2026-07-05,2026-07-05_小倉12R_3歳以上1勝クラス,1倍台,馬連,5,10,1000,0
2026-07-05,2026-07-05_小倉12R_3歳以上1勝クラス,1倍台,馬連,6,15,1500,0
2026-07-05,2026-07-05_福島09R_郡山特別,3倍以上,ワイド,3,3,300,1140
2026-07-05,2026-07-05_福島09R_郡山特別,3倍以上,ワイド,4,6,600,1140
2026-07-05,2026-07-05_福島09R_郡山特別,3倍以上,ワイド,5,10,1000,1140
2026-07-05,2026-07-05_福島09R_郡山特別,3倍以上,ワイド,6,15,1500,2440
2026-07-05,2026-07-05_福島09R_郡山特別,3倍以上,馬連,3,3,300,3110
2026-07-05,2026-07-05_福島09R_郡山特別,3倍以上,馬連,4,6,600,3110
2026-07-05,2026-07-05_福島09R_郡山特別,3倍以上,馬連,5,10,1000,3110
2026-07-05,2026-07-05_福島09R_郡山特別,3倍以上,馬連,6,15,1500,3110
2026-07-05,2026-07-05_福島10R_白河特別,1倍台,ワイド,3,3,300,0
2026-07-05,2026-07-05_福島10R_白河特別,1倍台,ワイド,4,6,600,0
2026-07-05,2026-07-05_福島10R_白河特別,1倍台,ワイド,5,10,1000,310
2026-07-05,2026-07-05_福島10R_白河特別,1倍台,ワイド,6,15,1500,310
2026-07-05,2026-07-05_福島10R_白河特別,1倍台,馬連,3,3,300,0
2026-07-05,2026-07-05_福島10R_白河特別,1倍台,馬連,4,6,600,0
2026-07-05,2026-07-05_福島10R_白河特別,1倍台,馬連,5,10,1000,700
2026-07-05,2026-07-05_福島10R_白河特別,1倍台,馬連,6,15,1500,700
2026-07-05,2026-07-05_福島11R_ジュライS,3倍以上,ワイド,3,3,300,0
2026-07-05,2026-07-05_福島11R_ジュライS,3倍以上,ワイド,4,6,600,0
2026-07-05,2026-07-05_福島11R_ジュライS,3倍以上,ワイド,5,10,1000,0
2026-07-05,2026-07-05_福島11R_ジュライS,3倍以上,ワイド,6,15,1500,0
2026-07-05,2026-07-05_福島11R_ジュライS,3倍以上,馬連,3,3,300,0
2026-07-05,2026-07-05_福島11R_ジュライS,3倍以上,馬連,4,6,600,0
2026-07-05,2026-07-05_福島11R_ジュライS,3倍以上,馬連,5,10,1000,0
2026-07-05,2026-07-05_福島11R_ジュライS,3倍以上,馬連,6,15,1500,0
2026-07-05,2026-07-05_福島12R_3歳以上1勝クラス,3倍以上,ワイド,3,3,300,0
2026-07-05,2026-07-05_福島12R_3歳以上1勝クラス,3倍以上,ワイド,4,6,600,0
2026-07-05,2026-07-05_福島12R_3歳以上1勝クラス,3倍以上,ワイド,5,10,1000,0
2026-07-05,2026-07-05_福島12R_3歳以上1勝クラス,3倍以上,ワイド,6,15,1500,0
2026-07-05,2026-07-05_福島12R_3歳以上1勝クラス,3倍以上,馬連,3,3,300,0
2026-07-05,2026-07-05_福島12R_3歳以上1勝クラス,3倍以上,馬連,4,6,600,0
2026-07-05,2026-07-05_福島12R_3歳以上1勝クラス,3倍以上,馬連,5,10,1000,0
2026-07-05,2026-07-05_福島12R_3歳以上1勝クラス,3倍以上,馬連,6,15,1500,0
2026-07-11,2026-07-11_函館09R_北斗特別,2倍台,ワイド,3,3,300,0
2026-07-11,2026-07-11_函館09R_北斗特別,2倍台,ワイド,4,6,600,0
2026-07-11,2026-07-11_函館09R_北斗特別,2倍台,ワイド,5,10,1000,0
2026-07-11,2026-07-11_函館09R_北斗特別,2倍台,ワイド,6,15,1500,1430
2026-07-11,2026-07-11_函館09R_北斗特別,2倍台,馬連,3,3,300,0
2026-07-11,2026-07-11_函館09R_北斗特別,2倍台,馬連,4,6,600,0
2026-07-11,2026-07-11_函館09R_北斗特別,2倍台,馬連,5,10,1000,0
2026-07-11,2026-07-11_函館09R_北斗特別,2倍台,馬連,6,15,1500,0
2026-07-11,2026-07-11_函館10R_HTB杯,2倍台,ワイド,3,3,300,390
2026-07-11,2026-07-11_函館10R_HTB杯,2倍台,ワイド,4,6,600,390
2026-07-11,2026-07-11_函館10R_HTB杯,2倍台,ワイド,5,10,1000,390
2026-07-11,2026-07-11_函館10R_HTB杯,2倍台,ワイド,6,15,1500,390
2026-07-11,2026-07-11_函館10R_HTB杯,2倍台,馬連,3,3,300,580
2026-07-11,2026-07-11_函館10R_HTB杯,2倍台,馬連,4,6,600,580
2026-07-11,2026-07-11_函館10R_HTB杯,2倍台,馬連,5,10,1000,580
2026-07-11,2026-07-11_函館10R_HTB杯,2倍台,馬連,6,15,1500,580
2026-07-11,2026-07-11_函館11R_五稜郭S,3倍以上,ワイド,3,3,300,500
2026-07-11,2026-07-11_函館11R_五稜郭S,3倍以上,ワイド,4,6,600,500
2026-07-11,2026-07-11_函館11R_五稜郭S,3倍以上,ワイド,5,10,1000,4880
2026-07-11,2026-07-11_函館11R_五稜郭S,3倍以上,ワイド,6,15,1500,4880
2026-07-11,2026-07-11_函館11R_五稜郭S,3倍以上,馬連,3,3,300,1110
2026-07-11,2026-07-11_函館11R_五稜郭S,3倍以上,馬連,4,6,600,1110
2026-07-11,2026-07-11_函館11R_五稜郭S,3倍以上,馬連,5,10,1000,1110
2026-07-11,2026-07-11_函館11R_五稜郭S,3倍以上,馬連,6,15,1500,1110
2026-07-11,2026-07-11_函館12R_3歳以上1勝クラス,1倍台,ワイド,3,3,300,0
2026-07-11,2026-07-11_函館12R_3歳以上1勝クラス,1倍台,ワイド,4,6,600,0
2026-07-11,2026-07-11_函館12R_3歳以上1勝クラス,1倍台,ワイド,5,10,1000,0
2026-07-11,2026-07-11_函館12R_3歳以上1勝クラス,1倍台,ワイド,6,15,1500,0
2026-07-11,2026-07-11_函館12R_3歳以上1勝クラス,1倍台,馬連,3,3,300,0
2026-07-11,2026-07-11_函館12R_3歳以上1勝クラス,1倍台,馬連,4,6,600,0
2026-07-11,2026-07-11_函館12R_3歳以上1勝クラス,1倍台,馬連,5,10,1000,0
2026-07-11,2026-07-11_函館12R_3歳以上1勝クラス,1倍台,馬連,6,15,1500,0
2026-07-11,2026-07-11_小倉09R_英彦山特別,3倍以上,ワイド,3,3,300,480
2026-07-11,2026-07-11_小倉09R_英彦山特別,3倍以上,ワイド,4,6,600,480
2026-07-11,2026-07-11_小倉09R_英彦山特別,3倍以上,ワイド,5,10,1000,2850
2026-07-11,2026-07-11_小倉09R_英彦山特別,3倍以上,ワイド,6,15,1500,2850
2026-07-11,2026-07-11_小倉09R_英彦山特別,3倍以上,馬連,3,3,300,0
2026-07-11,2026-07-11_小倉09R_英彦山特別,3倍以上,馬連,4,6,600,0
2026-07-11,2026-07-11_小倉09R_英彦山特別,3倍以上,馬連,5,10,1000,2770
2026-07-11,2026-07-11_小倉09R_英彦山特別,3倍以上,馬連,6,15,1500,2770
2026-07-11,2026-07-11_小倉10R_耶馬渓特別,2倍台,ワイド,3,3,300,0
2026-07-11,2026-07-11_小倉10R_耶馬渓特別,2倍台,ワイド,4,6,600,0
2026-07-11,2026-07-11_小倉10R_耶馬渓特別,2倍台,ワイド,5,10,1000,0
2026-07-11,2026-07-11_小倉10R_耶馬渓特別,2倍台,ワイド,6,15,1500,0
2026-07-11,2026-07-11_小倉10R_耶馬渓特別,2倍台,馬連,3,3,300,0
2026-07-11,2026-07-11_小倉10R_耶馬渓特別,2倍台,馬連,4,6,600,0
2026-07-11,2026-07-11_小倉10R_耶馬渓特別,2倍台,馬連,5,10,1000,0
2026-07-11,2026-07-11_小倉10R_耶馬渓特別,2倍台,馬連,6,15,1500,0
2026-07-11,2026-07-11_小倉11R_釜山S,2倍台,ワイド,3,3,300,0
2026-07-11,2026-07-11_小倉11R_釜山S,2倍台,ワイド,4,6,600,0
2026-07-11,2026-07-11_小倉11R_釜山S,2倍台,ワイド,5,10,1000,0
2026-07-11,2026-07-11_小倉11R_釜山S,2倍台,ワイド,6,15,1500,800
2026-07-11,2026-07-11_小倉11R_釜山S,2倍台,馬連,3,3,300,0
2026-07-11,2026-07-11_小倉11R_釜山S,2倍台,馬連,4,6,600,0
2026-07-11,2026-07-11_小倉11R_釜山S,2倍台,馬連,5,10,1000,0
2026-07-11,2026-07-11_小倉11R_釜山S,2倍台,馬連,6,15,1500,2850
2026-07-11,2026-07-11_小倉12R_3歳以上1勝クラス,2倍台,ワイド,3,3,300,0
2026-07-11,2026-07-11_小倉12R_3歳以上1勝クラス,2倍台,ワイド,4,6,600,0
2026-07-11,2026-07-11_小倉12R_3歳以上1勝クラス,2倍台,ワイド,5,10,1000,1470
2026-07-11,2026-07-11_小倉12R_3歳以上1勝クラス,2倍台,ワイド,6,15,1500,1470
2026-07-11,2026-07-11_小倉12R_3歳以上1勝クラス,2倍台,馬連,3,3,300,0
2026-07-11,2026-07-11_小倉12R_3歳以上1勝クラス,2倍台,馬連,4,6,600,0
2026-07-11,2026-07-11_小倉12R_3歳以上1勝クラス,2倍台,馬連,5,10,1000,0
2026-07-11,2026-07-11_小倉12R_3歳以上1勝クラス,2倍台,馬連,6,15,1500,0
2026-07-11,2026-07-11_福島09R_信夫山特別,2倍台,ワイド,3,3,300,0
2026-07-11,2026-07-11_福島09R_信夫山特別,2倍台,ワイド,4,6,600,0
2026-07-11,2026-07-11_福島09R_信夫山特別,2倍台,ワイド,5,10,1000,0
2026-07-11,2026-07-11_福島09R_信夫山特別,2倍台,ワイド,6,15,1500,0
2026-07-11,2026-07-11_福島09R_信夫山特別,2倍台,馬連,3,3,300,0
2026-07-11,2026-07-11_福島09R_信夫山特別,2倍台,馬連,4,6,600,0
2026-07-11,2026-07-11_福島09R_信夫山特別,2倍台,馬連,5,10,1000,0
2026-07-11,2026-07-11_福島09R_信夫山特別,2倍台,馬連,6,15,1500,0
2026-07-11,2026-07-11_福島10R_会津S,2倍台,ワイド,3,3,300,0
2026-07-11,2026-07-11_福島10R_会津S,2倍台,ワイド,4,6,600,490
2026-07-11,2026-07-11_福島10R_会津S,2倍台,ワイド,5,10,1000,490
2026-07-11,2026-07-11_福島10R_会津S,2倍台,ワイド,6,15,1500,490
2026-07-11,2026-07-11_福島10R_会津S,2倍台,馬連,3,3,300,0
2026-07-11,2026-07-11_福島10R_会津S,2倍台,馬連,4,6,600,0
2026-07-11,2026-07-11_福島10R_会津S,2倍台,馬連,5,10,1000,0
2026-07-11,2026-07-11_福島10R_会津S,2倍台,馬連,6,15,1500,0
2026-07-11,2026-07-11_福島11R_安達太良S,3倍以上,ワイド,3,3,300,0
2026-07-11,2026-07-11_福島11R_安達太良S,3倍以上,ワイド,4,6,600,0
2026-07-11,2026-07-11_福島11R_安達太良S,3倍以上,ワイド,5,10,1000,0
2026-07-11,2026-07-11_福島11R_安達太良S,3倍以上,ワイド,6,15,1500,2580
2026-07-11,2026-07-11_福島11R_安達太良S,3倍以上,馬連,3,3,300,0
2026-07-11,2026-07-11_福島11R_安達太良S,3倍以上,馬連,4,6,600,0
2026-07-11,2026-07-11_福島11R_安達太良S,3倍以上,馬連,5,10,1000,0
2026-07-11,2026-07-11_福島11R_安達太良S,3倍以上,馬連,6,15,1500,10050
2026-07-11,2026-07-11_福島12R_3歳以上1勝クラス,3倍以上,ワイド,3,3,300,0
2026-07-11,2026-07-11_福島12R_3歳以上1勝クラス,3倍以上,ワイド,4,6,600,0
2026-07-11,2026-07-11_福島12R_3歳以上1勝クラス,3倍以上,ワイド,5,10,1000,790
2026-07-11,2026-07-11_福島12R_3歳以上1勝クラス,3倍以上,ワイド,6,15,1500,790
2026-07-11,2026-07-11_福島12R_3歳以上1勝クラス,3倍以上,馬連,3,3,300,0
2026-07-11,2026-07-11_福島12R_3歳以上1勝クラス,3倍以上,馬連,4,6,600,0
2026-07-11,2026-07-11_福島12R_3歳以上1勝クラス,3倍以上,馬連,5,10,1000,0
2026-07-11,2026-07-11_福島12R_3歳以上1勝クラス,3倍以上,馬連,6,15,1500,0
2026-07-12,2026-07-12_函館09R_北海HC,3倍以上,ワイド,3,3,300,0
2026-07-12,2026-07-12_函館09R_北海HC,3倍以上,ワイド,4,6,600,0
2026-07-12,2026-07-12_函館09R_北海HC,3倍以上,ワイド,5,10,1000,0
2026-07-12,2026-07-12_函館09R_北海HC,3倍以上,ワイド,6,15,1500,0
2026-07-12,2026-07-12_函館09R_北海HC,3倍以上,馬連,3,3,300,0
2026-07-12,2026-07-12_函館09R_北海HC,3倍以上,馬連,4,6,600,0
2026-07-12,2026-07-12_函館09R_北海HC,3倍以上,馬連,5,10,1000,0
2026-07-12,2026-07-12_函館09R_北海HC,3倍以上,馬連,6,15,1500,0
2026-07-12,2026-07-12_函館10R_噴火湾特別,2倍台,ワイド,3,3,300,1890
2026-07-12,2026-07-12_函館10R_噴火湾特別,2倍台,ワイド,4,6,600,1890
2026-07-12,2026-07-12_函館10R_噴火湾特別,2倍台,ワイド,5,10,1000,1890
2026-07-12,2026-07-12_函館10R_噴火湾特別,2倍台,ワイド,6,15,1500,1890
2026-07-12,2026-07-12_函館10R_噴火湾特別,2倍台,馬連,3,3,300,6380
2026-07-12,2026-07-12_函館10R_噴火湾特別,2倍台,馬連,4,6,600,6380
2026-07-12,2026-07-12_函館10R_噴火湾特別,2倍台,馬連,5,10,1000,6380
2026-07-12,2026-07-12_函館10R_噴火湾特別,2倍台,馬連,6,15,1500,6380
2026-07-12,2026-07-12_函館11R_巴賞,3倍以上,ワイド,3,3,300,0
2026-07-12,2026-07-12_函館11R_巴賞,3倍以上,ワイド,4,6,600,0
2026-07-12,2026-07-12_函館11R_巴賞,3倍以上,ワイド,5,10,1000,0
2026-07-12,2026-07-12_函館11R_巴賞,3倍以上,ワイド,6,15,1500,0
2026-07-12,2026-07-12_函館11R_巴賞,3倍以上,馬連,3,3,300,0
2026-07-12,2026-07-12_函館11R_巴賞,3倍以上,馬連,4,6,600,0
2026-07-12,2026-07-12_函館11R_巴賞,3倍以上,馬連,5,10,1000,0
2026-07-12,2026-07-12_函館11R_巴賞,3倍以上,馬連,6,15,1500,0
2026-07-12,2026-07-12_函館12R_3歳以上1勝クラス,1倍台,ワイド,3,3,300,0
2026-07-12,2026-07-12_函館12R_3歳以上1勝クラス,1倍台,ワイド,4,6,600,0
2026-07-12,2026-07-12_函館12R_3歳以上1勝クラス,1倍台,ワイド,5,10,1000,0
2026-07-12,2026-07-12_函館12R_3歳以上1勝クラス,1倍台,ワイド,6,15,1500,0
2026-07-12,2026-07-12_函館12R_3歳以上1勝クラス,1倍台,馬連,3,3,300,0
2026-07-12,2026-07-12_函館12R_3歳以上1勝クラス,1倍台,馬連,4,6,600,0
2026-07-12,2026-07-12_函館12R_3歳以上1勝クラス,1倍台,馬連,5,10,1000,0
2026-07-12,2026-07-12_函館12R_3歳以上1勝クラス,1倍台,馬連,6,15,1500,0
2026-07-12,2026-07-12_小倉09R_八女特別,1倍台,ワイド,3,3,300,0
2026-07-12,2026-07-12_小倉09R_八女特別,1倍台,ワイド,4,6,600,0
2026-07-12,2026-07-12_小倉09R_八女特別,1倍台,ワイド,5,10,1000,0
2026-07-12,2026-07-12_小倉09R_八女特別,1倍台,ワイド,6,15,1500,0
2026-07-12,2026-07-12_小倉09R_八女特別,1倍台,馬連,3,3,300,0
2026-07-12,2026-07-12_小倉09R_八女特別,1倍台,馬連,4,6,600,0
2026-07-12,2026-07-12_小倉09R_八女特別,1倍台,馬連,5,10,1000,0
2026-07-12,2026-07-12_小倉09R_八女特別,1倍台,馬連,6,15,1500,0
2026-07-12,2026-07-12_小倉10R_西部スポニチ賞,2倍台,ワイド,3,3,300,7420
2026-07-12,2026-07-12_小倉10R_西部スポニチ賞,2倍台,ワイド,4,6,600,7420
2026-07-12,2026-07-12_小倉10R_西部スポニチ賞,2倍台,ワイド,5,10,1000,7420
2026-07-12,2026-07-12_小倉10R_西部スポニチ賞,2倍台,ワイド,6,15,1500,7420
2026-07-12,2026-07-12_小倉10R_西部スポニチ賞,2倍台,馬連,3,3,300,1430
2026-07-12,2026-07-12_小倉10R_西部スポニチ賞,2倍台,馬連,4,6,600,1430
2026-07-12,2026-07-12_小倉10R_西部スポニチ賞,2倍台,馬連,5,10,1000,1430
2026-07-12,2026-07-12_小倉10R_西部スポニチ賞,2倍台,馬連,6,15,1500,1430
2026-07-12,2026-07-12_小倉11R_阿蘇S,2倍台,ワイド,3,3,300,0
2026-07-12,2026-07-12_小倉11R_阿蘇S,2倍台,ワイド,4,6,600,0
2026-07-12,2026-07-12_小倉11R_阿蘇S,2倍台,ワイド,5,10,1000,0
2026-07-12,2026-07-12_小倉11R_阿蘇S,2倍台,ワイド,6,15,1500,1580
2026-07-12,2026-07-12_小倉11R_阿蘇S,2倍台,馬連,3,3,300,0
2026-07-12,2026-07-12_小倉11R_阿蘇S,2倍台,馬連,4,6,600,0
2026-07-12,2026-07-12_小倉11R_阿蘇S,2倍台,馬連,5,10,1000,0
2026-07-12,2026-07-12_小倉11R_阿蘇S,2倍台,馬連,6,15,1500,5340
2026-07-12,2026-07-12_小倉12R_3歳以上1勝クラス,3倍以上,ワイド,3,3,300,0
2026-07-12,2026-07-12_小倉12R_3歳以上1勝クラス,3倍以上,ワイド,4,6,600,610
2026-07-12,2026-07-12_小倉12R_3歳以上1勝クラス,3倍以上,ワイド,5,10,1000,610
2026-07-12,2026-07-12_小倉12R_3歳以上1勝クラス,3倍以上,ワイド,6,15,1500,610
2026-07-12,2026-07-12_小倉12R_3歳以上1勝クラス,3倍以上,馬連,3,3,300,0
2026-07-12,2026-07-12_小倉12R_3歳以上1勝クラス,3倍以上,馬連,4,6,600,1530
2026-07-12,2026-07-12_小倉12R_3歳以上1勝クラス,3倍以上,馬連,5,10,1000,1530
2026-07-12,2026-07-12_小倉12R_3歳以上1勝クラス,3倍以上,馬連,6,15,1500,1530
2026-07-12,2026-07-12_福島09R_織姫賞,3倍以上,ワイド,3,3,300,0
2026-07-12,2026-07-12_福島09R_織姫賞,3倍以上,ワイド,4,6,600,0
2026-07-12,2026-07-12_福島09R_織姫賞,3倍以上,ワイド,5,10,1000,0
2026-07-12,2026-07-12_福島09R_織姫賞,3倍以上,ワイド,6,15,1500,0
2026-07-12,2026-07-12_福島09R_織姫賞,3倍以上,馬連,3,3,300,0
2026-07-12,2026-07-12_福島09R_織姫賞,3倍以上,馬連,4,6,600,0
2026-07-12,2026-07-12_福島09R_織姫賞,3倍以上,馬連,5,10,1000,0
2026-07-12,2026-07-12_福島09R_織姫賞,3倍以上,馬連,6,15,1500,0
2026-07-12,2026-07-12_福島10R_天の川S,3倍以上,ワイド,3,3,300,260
2026-07-12,2026-07-12_福島10R_天の川S,3倍以上,ワイド,4,6,600,260
2026-07-12,2026-07-12_福島10R_天の川S,3倍以上,ワイド,5,10,1000,260
2026-07-12,2026-07-12_福島10R_天の川S,3倍以上,ワイド,6,15,1500,260
2026-07-12,2026-07-12_福島10R_天の川S,3倍以上,馬連,3,3,300,610
2026-07-12,2026-07-12_福島10R_天の川S,3倍以上,馬連,4,6,600,610
2026-07-12,2026-07-12_福島10R_天の川S,3倍以上,馬連,5,10,1000,610
2026-07-12,2026-07-12_福島10R_天の川S,3倍以上,馬連,6,15,1500,610
2026-07-12,2026-07-12_福島11R_七夕賞,3倍以上,ワイド,3,3,300,0
2026-07-12,2026-07-12_福島11R_七夕賞,3倍以上,ワイド,4,6,600,0
2026-07-12,2026-07-12_福島11R_七夕賞,3倍以上,ワイド,5,10,1000,0
2026-07-12,2026-07-12_福島11R_七夕賞,3倍以上,ワイド,6,15,1500,0
2026-07-12,2026-07-12_福島11R_七夕賞,3倍以上,馬連,3,3,300,0
2026-07-12,2026-07-12_福島11R_七夕賞,3倍以上,馬連,4,6,600,0
2026-07-12,2026-07-12_福島11R_七夕賞,3倍以上,馬連,5,10,1000,0
2026-07-12,2026-07-12_福島11R_七夕賞,3倍以上,馬連,6,15,1500,0
2026-07-12,2026-07-12_福島12R_彦星賞,3倍以上,ワイド,3,3,300,0
2026-07-12,2026-07-12_福島12R_彦星賞,3倍以上,ワイド,4,6,600,0
2026-07-12,2026-07-12_福島12R_彦星賞,3倍以上,ワイド,5,10,1000,830
2026-07-12,2026-07-12_福島12R_彦星賞,3倍以上,ワイド,6,15,1500,830
2026-07-12,2026-07-12_福島12R_彦星賞,3倍以上,馬連,3,3,300,0
2026-07-12,2026-07-12_福島12R_彦星賞,3倍以上,馬連,4,6,600,0
2026-07-12,2026-07-12_福島12R_彦星賞,3倍以上,馬連,5,10,1000,2400
2026-07-12,2026-07-12_福島12R_彦星賞,3倍以上,馬連,6,15,1500,2400
2026-07-18,2026-07-18_函館09R_湯浜特別,2倍台,ワイド,3,3,300,0
2026-07-18,2026-07-18_函館09R_湯浜特別,2倍台,ワイド,4,6,600,330
2026-07-18,2026-07-18_函館09R_湯浜特別,2倍台,ワイド,5,10,1000,1970
2026-07-18,2026-07-18_函館09R_湯浜特別,2倍台,ワイド,6,15,1500,1970
2026-07-18,2026-07-18_函館09R_湯浜特別,2倍台,馬連,3,3,300,0
2026-07-18,2026-07-18_函館09R_湯浜特別,2倍台,馬連,4,6,600,720
2026-07-18,2026-07-18_函館09R_湯浜特別,2倍台,馬連,5,10,1000,720
2026-07-18,2026-07-18_函館09R_湯浜特別,2倍台,馬連,6,15,1500,720
2026-07-18,2026-07-18_函館10R_潮騒特別,1倍台,ワイド,3,3,300,270
2026-07-18,2026-07-18_函館10R_潮騒特別,1倍台,ワイド,4,6,600,270
2026-07-18,2026-07-18_函館10R_潮騒特別,1倍台,ワイド,5,10,1000,1120
2026-07-18,2026-07-18_函館10R_潮騒特別,1倍台,ワイド,6,15,1500,1120
2026-07-18,2026-07-18_函館10R_潮騒特別,1倍台,馬連,3,3,300,560
2026-07-18,2026-07-18_函館10R_潮騒特別,1倍台,馬連,4,6,600,560
2026-07-18,2026-07-18_函館10R_潮騒特別,1倍台,馬連,5,10,1000,560
2026-07-18,2026-07-18_函館10R_潮騒特別,1倍台,馬連,6,15,1500,560
2026-07-18,2026-07-18_函館11R_マリーンS,3倍以上,ワイド,3,3,300,470
2026-07-18,2026-07-18_函館11R_マリーンS,3倍以上,ワイド,4,6,600,470
2026-07-18,2026-07-18_函館11R_マリーンS,3倍以上,ワイド,5,10,1000,470
2026-07-18,2026-07-18_函館11R_マリーンS,3倍以上,ワイド,6,15,1500,470
2026-07-18,2026-07-18_函館11R_マリーンS,3倍以上,馬連,3,3,300,0
2026-07-18,2026-07-18_函館11R_マリーンS,3倍以上,馬連,4,6,600,0
2026-07-18,2026-07-18_函館11R_マリーンS,3倍以上,馬連,5,10,1000,0
2026-07-18,2026-07-18_函館11R_マリーンS,3倍以上,馬連,6,15,1500,0
2026-07-18,2026-07-18_函館12R_3歳以上1勝クラス,3倍以上,ワイド,3,3,300,0
2026-07-18,2026-07-18_函館12R_3歳以上1勝クラス,3倍以上,ワイド,4,6,600,790
2026-07-18,2026-07-18_函館12R_3歳以上1勝クラス,3倍以上,ワイド,5,10,1000,2900
2026-07-18,2026-07-18_函館12R_3歳以上1勝クラス,3倍以上,ワイド,6,15,1500,2900
2026-07-18,2026-07-18_函館12R_3歳以上1勝クラス,3倍以上,馬連,3,3,300,0
2026-07-18,2026-07-18_函館12R_3歳以上1勝クラス,3倍以上,馬連,4,6,600,0
2026-07-18,2026-07-18_函館12R_3歳以上1勝クラス,3倍以上,馬連,5,10,1000,1040
2026-07-18,2026-07-18_函館12R_3歳以上1勝クラス,3倍以上,馬連,6,15,1500,1040
2026-07-18,2026-07-18_小倉09R_ひまわり賞,1倍台,ワイド,3,3,300,0
2026-07-18,2026-07-18_小倉09R_ひまわり賞,1倍台,ワイド,4,6,600,0
2026-07-18,2026-07-18_小倉09R_ひまわり賞,1倍台,ワイド,5,10,1000,0
2026-07-18,2026-07-18_小倉09R_ひまわり賞,1倍台,ワイド,6,15,1500,620
2026-07-18,2026-07-18_小倉09R_ひまわり賞,1倍台,馬連,3,3,300,0
2026-07-18,2026-07-18_小倉09R_ひまわり賞,1倍台,馬連,4,6,600,0
2026-07-18,2026-07-18_小倉09R_ひまわり賞,1倍台,馬連,5,10,1000,0
2026-07-18,2026-07-18_小倉09R_ひまわり賞,1倍台,馬連,6,15,1500,0
2026-07-18,2026-07-18_小倉10R_熊本城特別,2倍台,ワイド,3,3,300,0
2026-07-18,2026-07-18_小倉10R_熊本城特別,2倍台,ワイド,4,6,600,340
2026-07-18,2026-07-18_小倉10R_熊本城特別,2倍台,ワイド,5,10,1000,340
2026-07-18,2026-07-18_小倉10R_熊本城特別,2倍台,ワイド,6,15,1500,340
2026-07-18,2026-07-18_小倉10R_熊本城特別,2倍台,馬連,3,3,300,0
2026-07-18,2026-07-18_小倉10R_熊本城特別,2倍台,馬連,4,6,600,810
2026-07-18,2026-07-18_小倉10R_熊本城特別,2倍台,馬連,5,10,1000,810
2026-07-18,2026-07-18_小倉10R_熊本城特別,2倍台,馬連,6,15,1500,810
2026-07-18,2026-07-18_小倉11R_テレQ杯,1倍台,ワイド,3,3,300,380
2026-07-18,2026-07-18_小倉11R_テレQ杯,1倍台,ワイド,4,6,600,380
2026-07-18,2026-07-18_小倉11R_テレQ杯,1倍台,ワイド,5,10,1000,380
2026-07-18,2026-07-18_小倉11R_テレQ杯,1倍台,ワイド,6,15,1500,380
2026-07-18,2026-07-18_小倉11R_テレQ杯,1倍台,馬連,3,3,300,0
2026-07-18,2026-07-18_小倉11R_テレQ杯,1倍台,馬連,4,6,600,0
2026-07-18,2026-07-18_小倉11R_テレQ杯,1倍台,馬連,5,10,1000,0
2026-07-18,2026-07-18_小倉11R_テレQ杯,1倍台,馬連,6,15,1500,0
2026-07-18,2026-07-18_小倉12R_3歳以上1勝クラス,1倍台,ワイド,3,3,300,1600
2026-07-18,2026-07-18_小倉12R_3歳以上1勝クラス,1倍台,ワイド,4,6,600,1600
2026-07-18,2026-07-18_小倉12R_3歳以上1勝クラス,1倍台,ワイド,5,10,1000,1600
2026-07-18,2026-07-18_小倉12R_3歳以上1勝クラス,1倍台,ワイド,6,15,1500,1600
2026-07-18,2026-07-18_小倉12R_3歳以上1勝クラス,1倍台,馬連,3,3,300,550
2026-07-18,2026-07-18_小倉12R_3歳以上1勝クラス,1倍台,馬連,4,6,600,550
2026-07-18,2026-07-18_小倉12R_3歳以上1勝クラス,1倍台,馬連,5,10,1000,550
2026-07-18,2026-07-18_小倉12R_3歳以上1勝クラス,1倍台,馬連,6,15,1500,550
2026-07-18,2026-07-18_福島09R_開成山特別,2倍台,ワイド,3,3,300,180
2026-07-18,2026-07-18_福島09R_開成山特別,2倍台,ワイド,4,6,600,180
2026-07-18,2026-07-18_福島09R_開成山特別,2倍台,ワイド,5,10,1000,180
2026-07-18,2026-07-18_福島09R_開成山特別,2倍台,ワイド,6,15,1500,180
2026-07-18,2026-07-18_福島09R_開成山特別,2倍台,馬連,3,3,300,0
2026-07-18,2026-07-18_福島09R_開成山特別,2倍台,馬連,4,6,600,0
2026-07-18,2026-07-18_福島09R_開成山特別,2倍台,馬連,5,10,1000,0
2026-07-18,2026-07-18_福島09R_開成山特別,2倍台,馬連,6,15,1500,0
2026-07-18,2026-07-18_福島10R_米沢特別,2倍台,ワイド,3,3,300,0
2026-07-18,2026-07-18_福島10R_米沢特別,2倍台,ワイド,4,6,600,1540
2026-07-18,2026-07-18_福島10R_米沢特別,2倍台,ワイド,5,10,1000,1540
2026-07-18,2026-07-18_福島10R_米沢特別,2倍台,ワイド,6,15,1500,1540
2026-07-18,2026-07-18_福島10R_米沢特別,2倍台,馬連,3,3,300,0
2026-07-18,2026-07-18_福島10R_米沢特別,2倍台,馬連,4,6,600,0
2026-07-18,2026-07-18_福島10R_米沢特別,2倍台,馬連,5,10,1000,0
2026-07-18,2026-07-18_福島10R_米沢特別,2倍台,馬連,6,15,1500,0
2026-07-18,2026-07-18_福島11R_阿武隈S,3倍以上,ワイド,3,3,300,0
2026-07-18,2026-07-18_福島11R_阿武隈S,3倍以上,ワイド,4,6,600,0
2026-07-18,2026-07-18_福島11R_阿武隈S,3倍以上,ワイド,5,10,1000,0
2026-07-18,2026-07-18_福島11R_阿武隈S,3倍以上,ワイド,6,15,1500,0
2026-07-18,2026-07-18_福島11R_阿武隈S,3倍以上,馬連,3,3,300,0
2026-07-18,2026-07-18_福島11R_阿武隈S,3倍以上,馬連,4,6,600,0
2026-07-18,2026-07-18_福島11R_阿武隈S,3倍以上,馬連,5,10,1000,0
2026-07-18,2026-07-18_福島11R_阿武隈S,3倍以上,馬連,6,15,1500,0
2026-07-18,2026-07-18_福島12R_3歳以上1勝クラス,3倍以上,ワイド,3,3,300,240
2026-07-18,2026-07-18_福島12R_3歳以上1勝クラス,3倍以上,ワイド,4,6,600,240
2026-07-18,2026-07-18_福島12R_3歳以上1勝クラス,3倍以上,ワイド,5,10,1000,240
2026-07-18,2026-07-18_福島12R_3歳以上1勝クラス,3倍以上,ワイド,6,15,1500,240
2026-07-18,2026-07-18_福島12R_3歳以上1勝クラス,3倍以上,馬連,3,3,300,500
2026-07-18,2026-07-18_福島12R_3歳以上1勝クラス,3倍以上,馬連,4,6,600,500
2026-07-18,2026-07-18_福島12R_3歳以上1勝クラス,3倍以上,馬連,5,10,1000,500
2026-07-18,2026-07-18_福島12R_3歳以上1勝クラス,3倍以上,馬連,6,15,1500,500
2026-07-19,2026-07-19_函館09R_かもめ島特別,1倍台,ワイド,3,3,300,0
2026-07-19,2026-07-19_函館09R_かもめ島特別,1倍台,ワイド,4,6,600,0
2026-07-19,2026-07-19_函館09R_かもめ島特別,1倍台,ワイド,5,10,1000,0
2026-07-19,2026-07-19_函館09R_かもめ島特別,1倍台,ワイド,6,15,1500,0
2026-07-19,2026-07-19_函館09R_かもめ島特別,1倍台,馬連,3,3,300,0
2026-07-19,2026-07-19_函館09R_かもめ島特別,1倍台,馬連,4,6,600,0
2026-07-19,2026-07-19_函館09R_かもめ島特別,1倍台,馬連,5,10,1000,0
2026-07-19,2026-07-19_函館09R_かもめ島特別,1倍台,馬連,6,15,1500,0
2026-07-19,2026-07-19_函館10R_駒場特別,1倍台,ワイド,3,3,300,0
2026-07-19,2026-07-19_函館10R_駒場特別,1倍台,ワイド,4,6,600,0
2026-07-19,2026-07-19_函館10R_駒場特別,1倍台,ワイド,5,10,1000,380
2026-07-19,2026-07-19_函館10R_駒場特別,1倍台,ワイド,6,15,1500,380
2026-07-19,2026-07-19_函館10R_駒場特別,1倍台,馬連,3,3,300,0
2026-07-19,2026-07-19_函館10R_駒場特別,1倍台,馬連,4,6,600,0
2026-07-19,2026-07-19_函館10R_駒場特別,1倍台,馬連,5,10,1000,0
2026-07-19,2026-07-19_函館10R_駒場特別,1倍台,馬連,6,15,1500,0
2026-07-19,2026-07-19_函館11R_函館2歳S,3倍以上,ワイド,3,3,300,0
2026-07-19,2026-07-19_函館11R_函館2歳S,3倍以上,ワイド,4,6,600,0
2026-07-19,2026-07-19_函館11R_函館2歳S,3倍以上,ワイド,5,10,1000,0
2026-07-19,2026-07-19_函館11R_函館2歳S,3倍以上,ワイド,6,15,1500,1330
2026-07-19,2026-07-19_函館11R_函館2歳S,3倍以上,馬連,3,3,300,0
2026-07-19,2026-07-19_函館11R_函館2歳S,3倍以上,馬連,4,6,600,0
2026-07-19,2026-07-19_函館11R_函館2歳S,3倍以上,馬連,5,10,1000,0
2026-07-19,2026-07-19_函館11R_函館2歳S,3倍以上,馬連,6,15,1500,3630
2026-07-19,2026-07-19_函館12R_3歳以上1勝クラス,3倍以上,ワイド,3,3,300,0
2026-07-19,2026-07-19_函館12R_3歳以上1勝クラス,3倍以上,ワイド,4,6,600,0
2026-07-19,2026-07-19_函館12R_3歳以上1勝クラス,3倍以上,ワイド,5,10,1000,670
2026-07-19,2026-07-19_函館12R_3歳以上1勝クラス,3倍以上,ワイド,6,15,1500,670
2026-07-19,2026-07-19_函館12R_3歳以上1勝クラス,3倍以上,馬連,3,3,300,0
2026-07-19,2026-07-19_函館12R_3歳以上1勝クラス,3倍以上,馬連,4,6,600,0
2026-07-19,2026-07-19_函館12R_3歳以上1勝クラス,3倍以上,馬連,5,10,1000,0
2026-07-19,2026-07-19_函館12R_3歳以上1勝クラス,3倍以上,馬連,6,15,1500,0
2026-07-19,2026-07-19_小倉09R_不知火特別,1倍台,ワイド,3,3,300,0
2026-07-19,2026-07-19_小倉09R_不知火特別,1倍台,ワイド,4,6,600,0
2026-07-19,2026-07-19_小倉09R_不知火特別,1倍台,ワイド,5,10,1000,310
2026-07-19,2026-07-19_小倉09R_不知火特別,1倍台,ワイド,6,15,1500,1020
2026-07-19,2026-07-19_小倉09R_不知火特別,1倍台,馬連,3,3,300,0
2026-07-19,2026-07-19_小倉09R_不知火特別,1倍台,馬連,4,6,600,0
2026-07-19,2026-07-19_小倉09R_不知火特別,1倍台,馬連,5,10,1000,890
2026-07-19,2026-07-19_小倉09R_不知火特別,1倍台,馬連,6,15,1500,890
2026-07-19,2026-07-19_小倉10R_宮崎S,3倍以上,ワイド,3,3,300,0
2026-07-19,2026-07-19_小倉10R_宮崎S,3倍以上,ワイド,4,6,600,0
2026-07-19,2026-07-19_小倉10R_宮崎S,3倍以上,ワイド,5,10,1000,0
2026-07-19,2026-07-19_小倉10R_宮崎S,3倍以上,ワイド,6,15,1500,0
2026-07-19,2026-07-19_小倉10R_宮崎S,3倍以上,馬連,3,3,300,0
2026-07-19,2026-07-19_小倉10R_宮崎S,3倍以上,馬連,4,6,600,0
2026-07-19,2026-07-19_小倉10R_宮崎S,3倍以上,馬連,5,10,1000,0
2026-07-19,2026-07-19_小倉10R_宮崎S,3倍以上,馬連,6,15,1500,0
2026-07-19,2026-07-19_小倉11R_小倉記念,2倍台,ワイド,3,3,300,0
2026-07-19,2026-07-19_小倉11R_小倉記念,2倍台,ワイド,4,6,600,0
2026-07-19,2026-07-19_小倉11R_小倉記念,2倍台,ワイド,5,10,1000,4910
2026-07-19,2026-07-19_小倉11R_小倉記念,2倍台,ワイド,6,15,1500,7680
2026-07-19,2026-07-19_小倉11R_小倉記念,2倍台,馬連,3,3,300,0
2026-07-19,2026-07-19_小倉11R_小倉記念,2倍台,馬連,4,6,600,0
2026-07-19,2026-07-19_小倉11R_小倉記念,2倍台,馬連,5,10,1000,0
2026-07-19,2026-07-19_小倉11R_小倉記念,2倍台,馬連,6,15,1500,5650
2026-07-19,2026-07-19_小倉12R_筑紫特別,2倍台,ワイド,3,3,300,0
2026-07-19,2026-07-19_小倉12R_筑紫特別,2倍台,ワイド,4,6,600,0
2026-07-19,2026-07-19_小倉12R_筑紫特別,2倍台,ワイド,5,10,1000,0
2026-07-19,2026-07-19_小倉12R_筑紫特別,2倍台,ワイド,6,15,1500,0
2026-07-19,2026-07-19_小倉12R_筑紫特別,2倍台,馬連,3,3,300,0
2026-07-19,2026-07-19_小倉12R_筑紫特別,2倍台,馬連,4,6,600,0
2026-07-19,2026-07-19_小倉12R_筑紫特別,2倍台,馬連,5,10,1000,0
2026-07-19,2026-07-19_小倉12R_筑紫特別,2倍台,馬連,6,15,1500,0
2026-07-19,2026-07-19_福島09R_南相馬特別,3倍以上,ワイド,3,3,300,0
2026-07-19,2026-07-19_福島09R_南相馬特別,3倍以上,ワイド,4,6,600,1610
2026-07-19,2026-07-19_福島09R_南相馬特別,3倍以上,ワイド,5,10,1000,1610
2026-07-19,2026-07-19_福島09R_南相馬特別,3倍以上,ワイド,6,15,1500,1610
2026-07-19,2026-07-19_福島09R_南相馬特別,3倍以上,馬連,3,3,300,0
2026-07-19,2026-07-19_福島09R_南相馬特別,3倍以上,馬連,4,6,600,0
2026-07-19,2026-07-19_福島09R_南相馬特別,3倍以上,馬連,5,10,1000,0
2026-07-19,2026-07-19_福島09R_南相馬特別,3倍以上,馬連,6,15,1500,0
2026-07-19,2026-07-19_福島10R_猪苗代特別,2倍台,ワイド,3,3,300,250
2026-07-19,2026-07-19_福島10R_猪苗代特別,2倍台,ワイド,4,6,600,250
2026-07-19,2026-07-19_福島10R_猪苗代特別,2倍台,ワイド,5,10,1000,710
2026-07-19,2026-07-19_福島10R_猪苗代特別,2倍台,ワイド,6,15,1500,710
2026-07-19,2026-07-19_福島10R_猪苗代特別,2倍台,馬連,3,3,300,0
2026-07-19,2026-07-19_福島10R_猪苗代特別,2倍台,馬連,4,6,600,0
2026-07-19,2026-07-19_福島10R_猪苗代特別,2倍台,馬連,5,10,1000,550
2026-07-19,2026-07-19_福島10R_猪苗代特別,2倍台,馬連,6,15,1500,550
2026-07-19,2026-07-19_福島11R_福島テレビ賞,3倍以上,ワイド,3,3,300,0
2026-07-19,2026-07-19_福島11R_福島テレビ賞,3倍以上,ワイド,4,6,600,0
2026-07-19,2026-07-19_福島11R_福島テレビ賞,3倍以上,ワイド,5,10,1000,0
2026-07-19,2026-07-19_福島11R_福島テレビ賞,3倍以上,ワイド,6,15,1500,0
2026-07-19,2026-07-19_福島11R_福島テレビ賞,3倍以上,馬連,3,3,300,0
2026-07-19,2026-07-19_福島11R_福島テレビ賞,3倍以上,馬連,4,6,600,0
2026-07-19,2026-07-19_福島11R_福島テレビ賞,3倍以上,馬連,5,10,1000,0
2026-07-19,2026-07-19_福島11R_福島テレビ賞,3倍以上,馬連,6,15,1500,0
2026-07-19,2026-07-19_福島12R_3歳以上1勝クラス,3倍以上,ワイド,3,3,300,460
2026-07-19,2026-07-19_福島12R_3歳以上1勝クラス,3倍以上,ワイド,4,6,600,460
2026-07-19,2026-07-19_福島12R_3歳以上1勝クラス,3倍以上,ワイド,5,10,1000,460
2026-07-19,2026-07-19_福島12R_3歳以上1勝クラス,3倍以上,ワイド,6,15,1500,460
2026-07-19,2026-07-19_福島12R_3歳以上1勝クラス,3倍以上,馬連,3,3,300,0
2026-07-19,2026-07-19_福島12R_3歳以上1勝クラス,3倍以上,馬連,4,6,600,0
2026-07-19,2026-07-19_福島12R_3歳以上1勝クラス,3倍以上,馬連,5,10,1000,0
2026-07-19,2026-07-19_福島12R_3歳以上1勝クラス,3倍以上,馬連,6,15,1500,0
2026-07-25,2026-07-25_中京09R_3歳以上1勝クラス,2倍台,ワイド,3,3,300,0
2026-07-25,2026-07-25_中京09R_3歳以上1勝クラス,2倍台,ワイド,4,6,600,460
2026-07-25,2026-07-25_中京09R_3歳以上1勝クラス,2倍台,ワイド,5,10,1000,460
2026-07-25,2026-07-25_中京09R_3歳以上1勝クラス,2倍台,ワイド,6,15,1500,460
2026-07-25,2026-07-25_中京09R_3歳以上1勝クラス,2倍台,馬連,3,3,300,0
2026-07-25,2026-07-25_中京09R_3歳以上1勝クラス,2倍台,馬連,4,6,600,0
2026-07-25,2026-07-25_中京09R_3歳以上1勝クラス,2倍台,馬連,5,10,1000,0
2026-07-25,2026-07-25_中京09R_3歳以上1勝クラス,2倍台,馬連,6,15,1500,0
2026-07-25,2026-07-25_中京10R_3歳以上1勝クラス,2倍台,ワイド,3,3,300,1160
2026-07-25,2026-07-25_中京10R_3歳以上1勝クラス,2倍台,ワイド,4,6,600,1160
2026-07-25,2026-07-25_中京10R_3歳以上1勝クラス,2倍台,ワイド,5,10,1000,1160
2026-07-25,2026-07-25_中京10R_3歳以上1勝クラス,2倍台,ワイド,6,15,1500,1160
2026-07-25,2026-07-25_中京10R_3歳以上1勝クラス,2倍台,馬連,3,3,300,1780
2026-07-25,2026-07-25_中京10R_3歳以上1勝クラス,2倍台,馬連,4,6,600,1780
2026-07-25,2026-07-25_中京10R_3歳以上1勝クラス,2倍台,馬連,5,10,1000,1780
2026-07-25,2026-07-25_中京10R_3歳以上1勝クラス,2倍台,馬連,6,15,1500,1780
2026-07-25,2026-07-25_中京11R_3歳以上1勝クラス,1倍台,ワイド,3,3,300,0
2026-07-25,2026-07-25_中京11R_3歳以上1勝クラス,1倍台,ワイド,4,6,600,130
2026-07-25,2026-07-25_中京11R_3歳以上1勝クラス,1倍台,ワイド,5,10,1000,130
2026-07-25,2026-07-25_中京11R_3歳以上1勝クラス,1倍台,ワイド,6,15,1500,130
2026-07-25,2026-07-25_中京11R_3歳以上1勝クラス,1倍台,馬連,3,3,300,0
2026-07-25,2026-07-25_中京11R_3歳以上1勝クラス,1倍台,馬連,4,6,600,220
2026-07-25,2026-07-25_中京11R_3歳以上1勝クラス,1倍台,馬連,5,10,1000,220
2026-07-25,2026-07-25_中京11R_3歳以上1勝クラス,1倍台,馬連,6,15,1500,220
2026-07-25,2026-07-25_中京12R_3歳未勝利,3倍以上,ワイド,3,3,300,0
2026-07-25,2026-07-25_中京12R_3歳未勝利,3倍以上,ワイド,4,6,600,480
2026-07-25,2026-07-25_中京12R_3歳未勝利,3倍以上,ワイド,5,10,1000,480
2026-07-25,2026-07-25_中京12R_3歳未勝利,3倍以上,ワイド,6,15,1500,2280
2026-07-25,2026-07-25_中京12R_3歳未勝利,3倍以上,馬連,3,3,300,0
2026-07-25,2026-07-25_中京12R_3歳未勝利,3倍以上,馬連,4,6,600,0
2026-07-25,2026-07-25_中京12R_3歳未勝利,3倍以上,馬連,5,10,1000,0
2026-07-25,2026-07-25_中京12R_3歳未勝利,3倍以上,馬連,6,15,1500,1440
2026-07-25,2026-07-25_新潟09R_3歳以上障害OP,2倍台,ワイド,3,3,300,0
2026-07-25,2026-07-25_新潟09R_3歳以上障害OP,2倍台,ワイド,4,6,600,0
2026-07-25,2026-07-25_新潟09R_3歳以上障害OP,2倍台,ワイド,5,10,1000,0
2026-07-25,2026-07-25_新潟09R_3歳以上障害OP,2倍台,ワイド,6,15,1500,1940
2026-07-25,2026-07-25_新潟09R_3歳以上障害OP,2倍台,馬連,3,3,300,0
2026-07-25,2026-07-25_新潟09R_3歳以上障害OP,2倍台,馬連,4,6,600,0
2026-07-25,2026-07-25_新潟09R_3歳以上障害OP,2倍台,馬連,5,10,1000,0
2026-07-25,2026-07-25_新潟09R_3歳以上障害OP,2倍台,馬連,6,15,1500,0
2026-07-25,2026-07-25_新潟10R_3歳未勝利,3倍以上,ワイド,3,3,300,0
2026-07-25,2026-07-25_新潟10R_3歳未勝利,3倍以上,ワイド,4,6,600,310
2026-07-25,2026-07-25_新潟10R_3歳未勝利,3倍以上,ワイド,5,10,1000,310
2026-07-25,2026-07-25_新潟10R_3歳未勝利,3倍以上,ワイド,6,15,1500,310
2026-07-25,2026-07-25_新潟10R_3歳未勝利,3倍以上,馬連,3,3,300,0
2026-07-25,2026-07-25_新潟10R_3歳未勝利,3倍以上,馬連,4,6,600,0
2026-07-25,2026-07-25_新潟10R_3歳未勝利,3倍以上,馬連,5,10,1000,0
2026-07-25,2026-07-25_新潟10R_3歳未勝利,3倍以上,馬連,6,15,1500,0
2026-07-25,2026-07-25_新潟11R_3歳未勝利,2倍台,ワイド,3,3,300,0
2026-07-25,2026-07-25_新潟11R_3歳未勝利,2倍台,ワイド,4,6,600,0
2026-07-25,2026-07-25_新潟11R_3歳未勝利,2倍台,ワイド,5,10,1000,0
2026-07-25,2026-07-25_新潟11R_3歳未勝利,2倍台,ワイド,6,15,1500,0
2026-07-25,2026-07-25_新潟11R_3歳未勝利,2倍台,馬連,3,3,300,0
2026-07-25,2026-07-25_新潟11R_3歳未勝利,2倍台,馬連,4,6,600,0
2026-07-25,2026-07-25_新潟11R_3歳未勝利,2倍台,馬連,5,10,1000,0
2026-07-25,2026-07-25_新潟11R_3歳未勝利,2倍台,馬連,6,15,1500,0
2026-07-25,2026-07-25_新潟12R_3歳以上1勝クラス,3倍以上,ワイド,3,3,300,0
2026-07-25,2026-07-25_新潟12R_3歳以上1勝クラス,3倍以上,ワイド,4,6,600,0
2026-07-25,2026-07-25_新潟12R_3歳以上1勝クラス,3倍以上,ワイド,5,10,1000,0
2026-07-25,2026-07-25_新潟12R_3歳以上1勝クラス,3倍以上,ワイド,6,15,1500,0
2026-07-25,2026-07-25_新潟12R_3歳以上1勝クラス,3倍以上,馬連,3,3,300,0
2026-07-25,2026-07-25_新潟12R_3歳以上1勝クラス,3倍以上,馬連,4,6,600,0
2026-07-25,2026-07-25_新潟12R_3歳以上1勝クラス,3倍以上,馬連,5,10,1000,0
2026-07-25,2026-07-25_新潟12R_3歳以上1勝クラス,3倍以上,馬連,6,15,1500,0
2026-07-25,2026-07-25_札幌09R_3歳以上1勝クラス,2倍台,ワイド,3,3,300,0
2026-07-25,2026-07-25_札幌09R_3歳以上1勝クラス,2倍台,ワイド,4,6,600,0
2026-07-25,2026-07-25_札幌09R_3歳以上1勝クラス,2倍台,ワイド,5,10,1000,0
2026-07-25,2026-07-25_札幌09R_3歳以上1勝クラス,2倍台,ワイド,6,15,1500,5980
2026-07-25,2026-07-25_札幌09R_3歳以上1勝クラス,2倍台,馬連,3,3,300,0
2026-07-25,2026-07-25_札幌09R_3歳以上1勝クラス,2倍台,馬連,4,6,600,0
2026-07-25,2026-07-25_札幌09R_3歳以上1勝クラス,2倍台,馬連,5,10,1000,0
2026-07-25,2026-07-25_札幌09R_3歳以上1勝クラス,2倍台,馬連,6,15,1500,0
2026-07-25,2026-07-25_札幌10R_ライラック賞,3倍以上,ワイド,3,3,300,0
2026-07-25,2026-07-25_札幌10R_ライラック賞,3倍以上,ワイド,4,6,600,0
2026-07-25,2026-07-25_札幌10R_ライラック賞,3倍以上,ワイド,5,10,1000,0
2026-07-25,2026-07-25_札幌10R_ライラック賞,3倍以上,ワイド,6,15,1500,0
2026-07-25,2026-07-25_札幌10R_ライラック賞,3倍以上,馬連,3,3,300,0
2026-07-25,2026-07-25_札幌10R_ライラック賞,3倍以上,馬連,4,6,600,0
2026-07-25,2026-07-25_札幌10R_ライラック賞,3倍以上,馬連,5,10,1000,0
2026-07-25,2026-07-25_札幌10R_ライラック賞,3倍以上,馬連,6,15,1500,0
2026-07-25,2026-07-25_札幌11R_TVh賞,2倍台,ワイド,3,3,300,340
2026-07-25,2026-07-25_札幌11R_TVh賞,2倍台,ワイド,4,6,600,340
2026-07-25,2026-07-25_札幌11R_TVh賞,2倍台,ワイド,5,10,1000,340
2026-07-25,2026-07-25_札幌11R_TVh賞,2倍台,ワイド,6,15,1500,1250
2026-07-25,2026-07-25_札幌11R_TVh賞,2倍台,馬連,3,3,300,860
2026-07-25,2026-07-25_札幌11R_TVh賞,2倍台,馬連,4,6,600,860
2026-07-25,2026-07-25_札幌11R_TVh賞,2倍台,馬連,5,10,1000,860
2026-07-25,2026-07-25_札幌11R_TVh賞,2倍台,馬連,6,15,1500,860
2026-07-25,2026-07-25_札幌12R_桑園特別,2倍台,ワイド,3,3,300,180
2026-07-25,2026-07-25_札幌12R_桑園特別,2倍台,ワイド,4,6,600,180
2026-07-25,2026-07-25_札幌12R_桑園特別,2倍台,ワイド,5,10,1000,180
2026-07-25,2026-07-25_札幌12R_桑園特別,2倍台,ワイド,6,15,1500,810
2026-07-25,2026-07-25_札幌12R_桑園特別,2倍台,馬連,3,3,300,0
2026-07-25,2026-07-25_札幌12R_桑園特別,2倍台,馬連,4,6,600,0
2026-07-25,2026-07-25_札幌12R_桑園特別,2倍台,馬連,5,10,1000,0
2026-07-25,2026-07-25_札幌12R_桑園特別,2倍台,馬連,6,15,1500,1290
2026-07-26,2026-07-26_中京09R_3歳以上1勝クラス,3倍以上,ワイド,3,3,300,1650
2026-07-26,2026-07-26_中京09R_3歳以上1勝クラス,3倍以上,ワイド,4,6,600,1650
2026-07-26,2026-07-26_中京09R_3歳以上1勝クラス,3倍以上,ワイド,5,10,1000,1650
2026-07-26,2026-07-26_中京09R_3歳以上1勝クラス,3倍以上,ワイド,6,15,1500,1650
2026-07-26,2026-07-26_中京09R_3歳以上1勝クラス,3倍以上,馬連,3,3,300,1560
2026-07-26,2026-07-26_中京09R_3歳以上1勝クラス,3倍以上,馬連,4,6,600,1560
2026-07-26,2026-07-26_中京09R_3歳以上1勝クラス,3倍以上,馬連,5,10,1000,1560
2026-07-26,2026-07-26_中京09R_3歳以上1勝クラス,3倍以上,馬連,6,15,1500,1560
2026-07-26,2026-07-26_中京10R_3歳以上1勝クラス,2倍台,ワイド,3,3,300,340
2026-07-26,2026-07-26_中京10R_3歳以上1勝クラス,2倍台,ワイド,4,6,600,1940
2026-07-26,2026-07-26_中京10R_3歳以上1勝クラス,2倍台,ワイド,5,10,1000,1940
2026-07-26,2026-07-26_中京10R_3歳以上1勝クラス,2倍台,ワイド,6,15,1500,1940
2026-07-26,2026-07-26_中京10R_3歳以上1勝クラス,2倍台,馬連,3,3,300,0
2026-07-26,2026-07-26_中京10R_3歳以上1勝クラス,2倍台,馬連,4,6,600,1530
2026-07-26,2026-07-26_中京10R_3歳以上1勝クラス,2倍台,馬連,5,10,1000,1530
2026-07-26,2026-07-26_中京10R_3歳以上1勝クラス,2倍台,馬連,6,15,1500,1530
2026-07-26,2026-07-26_中京11R_3歳以上1勝クラス,3倍以上,ワイド,3,3,300,490
2026-07-26,2026-07-26_中京11R_3歳以上1勝クラス,3倍以上,ワイド,4,6,600,490
2026-07-26,2026-07-26_中京11R_3歳以上1勝クラス,3倍以上,ワイド,5,10,1000,490
2026-07-26,2026-07-26_中京11R_3歳以上1勝クラス,3倍以上,ワイド,6,15,1500,490
2026-07-26,2026-07-26_中京11R_3歳以上1勝クラス,3倍以上,馬連,3,3,300,0
2026-07-26,2026-07-26_中京11R_3歳以上1勝クラス,3倍以上,馬連,4,6,600,0
2026-07-26,2026-07-26_中京11R_3歳以上1勝クラス,3倍以上,馬連,5,10,1000,0
2026-07-26,2026-07-26_中京11R_3歳以上1勝クラス,3倍以上,馬連,6,15,1500,0
2026-07-26,2026-07-26_中京12R_3歳未勝利,1倍台,ワイド,3,3,300,0
2026-07-26,2026-07-26_中京12R_3歳未勝利,1倍台,ワイド,4,6,600,540
2026-07-26,2026-07-26_中京12R_3歳未勝利,1倍台,ワイド,5,10,1000,540
2026-07-26,2026-07-26_中京12R_3歳未勝利,1倍台,ワイド,6,15,1500,540
2026-07-26,2026-07-26_中京12R_3歳未勝利,1倍台,馬連,3,3,300,0
2026-07-26,2026-07-26_中京12R_3歳未勝利,1倍台,馬連,4,6,600,0
2026-07-26,2026-07-26_中京12R_3歳未勝利,1倍台,馬連,5,10,1000,0
2026-07-26,2026-07-26_中京12R_3歳未勝利,1倍台,馬連,6,15,1500,0
2026-07-26,2026-07-26_新潟09R_3歳以上障害未勝利,2倍台,ワイド,3,3,300,0
2026-07-26,2026-07-26_新潟09R_3歳以上障害未勝利,2倍台,ワイド,4,6,600,0
2026-07-26,2026-07-26_新潟09R_3歳以上障害未勝利,2倍台,ワイド,5,10,1000,0
2026-07-26,2026-07-26_新潟09R_3歳以上障害未勝利,2倍台,ワイド,6,15,1500,0
2026-07-26,2026-07-26_新潟09R_3歳以上障害未勝利,2倍台,馬連,3,3,300,0
2026-07-26,2026-07-26_新潟09R_3歳以上障害未勝利,2倍台,馬連,4,6,600,0
2026-07-26,2026-07-26_新潟09R_3歳以上障害未勝利,2倍台,馬連,5,10,1000,0
2026-07-26,2026-07-26_新潟09R_3歳以上障害未勝利,2倍台,馬連,6,15,1500,0
2026-07-26,2026-07-26_新潟10R_3歳未勝利,3倍以上,ワイド,3,3,300,380
2026-07-26,2026-07-26_新潟10R_3歳未勝利,3倍以上,ワイド,4,6,600,380
2026-07-26,2026-07-26_新潟10R_3歳未勝利,3倍以上,ワイド,5,10,1000,380
2026-07-26,2026-07-26_新潟10R_3歳未勝利,3倍以上,ワイド,6,15,1500,380
2026-07-26,2026-07-26_新潟10R_3歳未勝利,3倍以上,馬連,3,3,300,830
2026-07-26,2026-07-26_新潟10R_3歳未勝利,3倍以上,馬連,4,6,600,830
2026-07-26,2026-07-26_新潟10R_3歳未勝利,3倍以上,馬連,5,10,1000,830
2026-07-26,2026-07-26_新潟10R_3歳未勝利,3倍以上,馬連,6,15,1500,830
2026-07-26,2026-07-26_新潟11R_3歳以上1勝クラス,3倍以上,ワイド,3,3,300,0
2026-07-26,2026-07-26_新潟11R_3歳以上1勝クラス,3倍以上,ワイド,4,6,600,0
2026-07-26,2026-07-26_新潟11R_3歳以上1勝クラス,3倍以上,ワイド,5,10,1000,0
2026-07-26,2026-07-26_新潟11R_3歳以上1勝クラス,3倍以上,ワイド,6,15,1500,0
2026-07-26,2026-07-26_新潟11R_3歳以上1勝クラス,3倍以上,馬連,3,3,300,0
2026-07-26,2026-07-26_新潟11R_3歳以上1勝クラス,3倍以上,馬連,4,6,600,0
2026-07-26,2026-07-26_新潟11R_3歳以上1勝クラス,3倍以上,馬連,5,10,1000,0
2026-07-26,2026-07-26_新潟11R_3歳以上1勝クラス,3倍以上,馬連,6,15,1500,0
2026-07-26,2026-07-26_新潟12R_3歳未勝利,3倍以上,ワイド,3,3,300,0
2026-07-26,2026-07-26_新潟12R_3歳未勝利,3倍以上,ワイド,4,6,600,0
2026-07-26,2026-07-26_新潟12R_3歳未勝利,3倍以上,ワイド,5,10,1000,0
2026-07-26,2026-07-26_新潟12R_3歳未勝利,3倍以上,ワイド,6,15,1500,1140
2026-07-26,2026-07-26_新潟12R_3歳未勝利,3倍以上,馬連,3,3,300,0
2026-07-26,2026-07-26_新潟12R_3歳未勝利,3倍以上,馬連,4,6,600,0
2026-07-26,2026-07-26_新潟12R_3歳未勝利,3倍以上,馬連,5,10,1000,0
2026-07-26,2026-07-26_新潟12R_3歳未勝利,3倍以上,馬連,6,15,1500,4010
2026-07-26,2026-07-26_札幌09R_3歳以上1勝クラス,1倍台,ワイド,3,3,300,640
2026-07-26,2026-07-26_札幌09R_3歳以上1勝クラス,1倍台,ワイド,4,6,600,640
2026-07-26,2026-07-26_札幌09R_3歳以上1勝クラス,1倍台,ワイド,5,10,1000,640
2026-07-26,2026-07-26_札幌09R_3歳以上1勝クラス,1倍台,ワイド,6,15,1500,640
2026-07-26,2026-07-26_札幌09R_3歳以上1勝クラス,1倍台,馬連,3,3,300,380
2026-07-26,2026-07-26_札幌09R_3歳以上1勝クラス,1倍台,馬連,4,6,600,380
2026-07-26,2026-07-26_札幌09R_3歳以上1勝クラス,1倍台,馬連,5,10,1000,380
2026-07-26,2026-07-26_札幌09R_3歳以上1勝クラス,1倍台,馬連,6,15,1500,380
2026-07-26,2026-07-26_札幌10R_羊ケ丘特別,3倍以上,ワイド,3,3,300,0
2026-07-26,2026-07-26_札幌10R_羊ケ丘特別,3倍以上,ワイド,4,6,600,0
2026-07-26,2026-07-26_札幌10R_羊ケ丘特別,3倍以上,ワイド,5,10,1000,0
2026-07-26,2026-07-26_札幌10R_羊ケ丘特別,3倍以上,ワイド,6,15,1500,0
2026-07-26,2026-07-26_札幌10R_羊ケ丘特別,3倍以上,馬連,3,3,300,0
2026-07-26,2026-07-26_札幌10R_羊ケ丘特別,3倍以上,馬連,4,6,600,0
2026-07-26,2026-07-26_札幌10R_羊ケ丘特別,3倍以上,馬連,5,10,1000,0
2026-07-26,2026-07-26_札幌10R_羊ケ丘特別,3倍以上,馬連,6,15,1500,0
2026-07-26,2026-07-26_札幌11R_札幌日経賞,2倍台,ワイド,3,3,300,0
2026-07-26,2026-07-26_札幌11R_札幌日経賞,2倍台,ワイド,4,6,600,0
2026-07-26,2026-07-26_札幌11R_札幌日経賞,2倍台,ワイド,5,10,1000,0
2026-07-26,2026-07-26_札幌11R_札幌日経賞,2倍台,ワイド,6,15,1500,0
2026-07-26,2026-07-26_札幌11R_札幌日経賞,2倍台,馬連,3,3,300,0
2026-07-26,2026-07-26_札幌11R_札幌日経賞,2倍台,馬連,4,6,600,0
2026-07-26,2026-07-26_札幌11R_札幌日経賞,2倍台,馬連,5,10,1000,0
2026-07-26,2026-07-26_札幌11R_札幌日経賞,2倍台,馬連,6,15,1500,0
2026-07-26,2026-07-26_札幌12R_厚岸特別,2倍台,ワイド,3,3,300,0
2026-07-26,2026-07-26_札幌12R_厚岸特別,2倍台,ワイド,4,6,600,0
2026-07-26,2026-07-26_札幌12R_厚岸特別,2倍台,ワイド,5,10,1000,0
2026-07-26,2026-07-26_札幌12R_厚岸特別,2倍台,ワイド,6,15,1500,1160
2026-07-26,2026-07-26_札幌12R_厚岸特別,2倍台,馬連,3,3,300,0
2026-07-26,2026-07-26_札幌12R_厚岸特別,2倍台,馬連,4,6,600,0
2026-07-26,2026-07-26_札幌12R_厚岸特別,2倍台,馬連,5,10,1000,0
2026-07-26,2026-07-26_札幌12R_厚岸特別,2倍台,馬連,6,15,1500,0
2026-08-01,2026-08-01_中京09R_3歳以上障害未勝利,3倍以上,ワイド,3,3,300,490
2026-08-01,2026-08-01_中京09R_3歳以上障害未勝利,3倍以上,ワイド,4,6,600,1220
2026-08-01,2026-08-01_中京09R_3歳以上障害未勝利,3倍以上,ワイド,5,10,1000,1220
2026-08-01,2026-08-01_中京09R_3歳以上障害未勝利,3倍以上,ワイド,6,15,1500,1220
2026-08-01,2026-08-01_中京09R_3歳以上障害未勝利,3倍以上,馬連,3,3,300,0
2026-08-01,2026-08-01_中京09R_3歳以上障害未勝利,3倍以上,馬連,4,6,600,1020
2026-08-01,2026-08-01_中京09R_3歳以上障害未勝利,3倍以上,馬連,5,10,1000,1020
2026-08-01,2026-08-01_中京09R_3歳以上障害未勝利,3倍以上,馬連,6,15,1500,1020
2026-08-01,2026-08-01_中京10R_3歳以上1勝クラス,1倍台,ワイド,3,3,300,0
2026-08-01,2026-08-01_中京10R_3歳以上1勝クラス,1倍台,ワイド,4,6,600,270
2026-08-01,2026-08-01_中京10R_3歳以上1勝クラス,1倍台,ワイド,5,10,1000,270
2026-08-01,2026-08-01_中京10R_3歳以上1勝クラス,1倍台,ワイド,6,15,1500,270
2026-08-01,2026-08-01_中京10R_3歳以上1勝クラス,1倍台,馬連,3,3,300,0
2026-08-01,2026-08-01_中京10R_3歳以上1勝クラス,1倍台,馬連,4,6,600,0
2026-08-01,2026-08-01_中京10R_3歳以上1勝クラス,1倍台,馬連,5,10,1000,0
2026-08-01,2026-08-01_中京10R_3歳以上1勝クラス,1倍台,馬連,6,15,1500,0
2026-08-01,2026-08-01_中京11R_3歳以上1勝クラス,2倍台,ワイド,3,3,300,0
2026-08-01,2026-08-01_中京11R_3歳以上1勝クラス,2倍台,ワイド,4,6,600,0
2026-08-01,2026-08-01_中京11R_3歳以上1勝クラス,2倍台,ワイド,5,10,1000,210
2026-08-01,2026-08-01_中京11R_3歳以上1勝クラス,2倍台,ワイド,6,15,1500,210
2026-08-01,2026-08-01_中京11R_3歳以上1勝クラス,2倍台,馬連,3,3,300,0
2026-08-01,2026-08-01_中京11R_3歳以上1勝クラス,2倍台,馬連,4,6,600,0
2026-08-01,2026-08-01_中京11R_3歳以上1勝クラス,2倍台,馬連,5,10,1000,0
2026-08-01,2026-08-01_中京11R_3歳以上1勝クラス,2倍台,馬連,6,15,1500,0
2026-08-01,2026-08-01_中京12R_3歳以上1勝クラス,3倍以上,ワイド,3,3,300,0
2026-08-01,2026-08-01_中京12R_3歳以上1勝クラス,3倍以上,ワイド,4,6,600,0
2026-08-01,2026-08-01_中京12R_3歳以上1勝クラス,3倍以上,ワイド,5,10,1000,730
2026-08-01,2026-08-01_中京12R_3歳以上1勝クラス,3倍以上,ワイド,6,15,1500,730
2026-08-01,2026-08-01_中京12R_3歳以上1勝クラス,3倍以上,馬連,3,3,300,0
2026-08-01,2026-08-01_中京12R_3歳以上1勝クラス,3倍以上,馬連,4,6,600,0
2026-08-01,2026-08-01_中京12R_3歳以上1勝クラス,3倍以上,馬連,5,10,1000,0
2026-08-01,2026-08-01_中京12R_3歳以上1勝クラス,3倍以上,馬連,6,15,1500,0
2026-08-01,2026-08-01_新潟09R_3歳以上1勝クラス,2倍台,ワイド,3,3,300,580
2026-08-01,2026-08-01_新潟09R_3歳以上1勝クラス,2倍台,ワイド,4,6,600,580
2026-08-01,2026-08-01_新潟09R_3歳以上1勝クラス,2倍台,ワイド,5,10,1000,580
2026-08-01,2026-08-01_新潟09R_3歳以上1勝クラス,2倍台,ワイド,6,15,1500,580
2026-08-01,2026-08-01_新潟09R_3歳以上1勝クラス,2倍台,馬連,3,3,300,0
2026-08-01,2026-08-01_新潟09R_3歳以上1勝クラス,2倍台,馬連,4,6,600,0
2026-08-01,2026-08-01_新潟09R_3歳以上1勝クラス,2倍台,馬連,5,10,1000,0
2026-08-01,2026-08-01_新潟09R_3歳以上1勝クラス,2倍台,馬連,6,15,1500,0
2026-08-01,2026-08-01_新潟10R_3歳未勝利,1倍台,ワイド,3,3,300,0
2026-08-01,2026-08-01_新潟10R_3歳未勝利,1倍台,ワイド,4,6,600,0
2026-08-01,2026-08-01_新潟10R_3歳未勝利,1倍台,ワイド,5,10,1000,0
2026-08-01,2026-08-01_新潟10R_3歳未勝利,1倍台,ワイド,6,15,1500,820
2026-08-01,2026-08-01_新潟10R_3歳未勝利,1倍台,馬連,3,3,300,0
2026-08-01,2026-08-01_新潟10R_3歳未勝利,1倍台,馬連,4,6,600,0
2026-08-01,2026-08-01_新潟10R_3歳未勝利,1倍台,馬連,5,10,1000,0
2026-08-01,2026-08-01_新潟10R_3歳未勝利,1倍台,馬連,6,15,1500,0
2026-08-01,2026-08-01_新潟11R_3歳未勝利,2倍台,ワイド,3,3,300,480
2026-08-01,2026-08-01_新潟11R_3歳未勝利,2倍台,ワイド,4,6,600,480
2026-08-01,2026-08-01_新潟11R_3歳未勝利,2倍台,ワイド,5,10,1000,1610
2026-08-01,2026-08-01_新潟11R_3歳未勝利,2倍台,ワイド,6,15,1500,1610
2026-08-01,2026-08-01_新潟11R_3歳未勝利,2倍台,馬連,3,3,300,0
2026-08-01,2026-08-01_新潟11R_3歳未勝利,2倍台,馬連,4,6,600,0
2026-08-01,2026-08-01_新潟11R_3歳未勝利,2倍台,馬連,5,10,1000,1040
2026-08-01,2026-08-01_新潟11R_3歳未勝利,2倍台,馬連,6,15,1500,1040
2026-08-01,2026-08-01_新潟12R_3歳以上1勝クラス,3倍以上,ワイド,3,3,300,0
2026-08-01,2026-08-01_新潟12R_3歳以上1勝クラス,3倍以上,ワイド,4,6,600,0
2026-08-01,2026-08-01_新潟12R_3歳以上1勝クラス,3倍以上,ワイド,5,10,1000,0
2026-08-01,2026-08-01_新潟12R_3歳以上1勝クラス,3倍以上,ワイド,6,15,1500,0
2026-08-01,2026-08-01_新潟12R_3歳以上1勝クラス,3倍以上,馬連,3,3,300,0
2026-08-01,2026-08-01_新潟12R_3歳以上1勝クラス,3倍以上,馬連,4,6,600,0
2026-08-01,2026-08-01_新潟12R_3歳以上1勝クラス,3倍以上,馬連,5,10,1000,0
2026-08-01,2026-08-01_新潟12R_3歳以上1勝クラス,3倍以上,馬連,6,15,1500,0
2026-08-01,2026-08-01_札幌09R_釧路湿原特別,2倍台,ワイド,3,3,300,0
2026-08-01,2026-08-01_札幌09R_釧路湿原特別,2倍台,ワイド,4,6,600,0
2026-08-01,2026-08-01_札幌09R_釧路湿原特別,2倍台,ワイド,5,10,1000,1460
2026-08-01,2026-08-01_札幌09R_釧路湿原特別,2倍台,ワイド,6,15,1500,4550
2026-08-01,2026-08-01_札幌09R_釧路湿原特別,2倍台,馬連,3,3,300,0
2026-08-01,2026-08-01_札幌09R_釧路湿原特別,2倍台,馬連,4,6,600,0
2026-08-01,2026-08-01_札幌09R_釧路湿原特別,2倍台,馬連,5,10,1000,5560
2026-08-01,2026-08-01_札幌09R_釧路湿原特別,2倍台,馬連,6,15,1500,5560
2026-08-01,2026-08-01_札幌10R_3歳以上1勝クラス,3倍以上,ワイド,3,3,300,320
2026-08-01,2026-08-01_札幌10R_3歳以上1勝クラス,3倍以上,ワイド,4,6,600,320
2026-08-01,2026-08-01_札幌10R_3歳以上1勝クラス,3倍以上,ワイド,5,10,1000,320
2026-08-01,2026-08-01_札幌10R_3歳以上1勝クラス,3倍以上,ワイド,6,15,1500,320
2026-08-01,2026-08-01_札幌10R_3歳以上1勝クラス,3倍以上,馬連,3,3,300,0
2026-08-01,2026-08-01_札幌10R_3歳以上1勝クラス,3倍以上,馬連,4,6,600,0
2026-08-01,2026-08-01_札幌10R_3歳以上1勝クラス,3倍以上,馬連,5,10,1000,0
2026-08-01,2026-08-01_札幌10R_3歳以上1勝クラス,3倍以上,馬連,6,15,1500,0
2026-08-01,2026-08-01_札幌11R_STV賞,3倍以上,ワイド,3,3,300,0
2026-08-01,2026-08-01_札幌11R_STV賞,3倍以上,ワイド,4,6,600,650
2026-08-01,2026-08-01_札幌11R_STV賞,3倍以上,ワイド,5,10,1000,650
2026-08-01,2026-08-01_札幌11R_STV賞,3倍以上,ワイド,6,15,1500,2250
2026-08-01,2026-08-01_札幌11R_STV賞,3倍以上,馬連,3,3,300,0
2026-08-01,2026-08-01_札幌11R_STV賞,3倍以上,馬連,4,6,600,1690
2026-08-01,2026-08-01_札幌11R_STV賞,3倍以上,馬連,5,10,1000,1690
2026-08-01,2026-08-01_札幌11R_STV賞,3倍以上,馬連,6,15,1500,1690
2026-08-01,2026-08-01_札幌12R_大倉山特別,2倍台,ワイド,3,3,300,440
2026-08-01,2026-08-01_札幌12R_大倉山特別,2倍台,ワイド,4,6,600,440
2026-08-01,2026-08-01_札幌12R_大倉山特別,2倍台,ワイド,5,10,1000,440
2026-08-01,2026-08-01_札幌12R_大倉山特別,2倍台,ワイド,6,15,1500,2690
2026-08-01,2026-08-01_札幌12R_大倉山特別,2倍台,馬連,3,3,300,1090
2026-08-01,2026-08-01_札幌12R_大倉山特別,2倍台,馬連,4,6,600,1090
2026-08-01,2026-08-01_札幌12R_大倉山特別,2倍台,馬連,5,10,1000,1090
2026-08-01,2026-08-01_札幌12R_大倉山特別,2倍台,馬連,6,15,1500,1090
2026-08-02,2026-08-02_中京09R_3歳以上障害未勝利,2倍台,ワイド,3,3,300,280
2026-08-02,2026-08-02_中京09R_3歳以上障害未勝利,2倍台,ワイド,4,6,600,280
2026-08-02,2026-08-02_中京09R_3歳以上障害未勝利,2倍台,ワイド,5,10,1000,740
2026-08-02,2026-08-02_中京09R_3歳以上障害未勝利,2倍台,ワイド,6,15,1500,740
2026-08-02,2026-08-02_中京09R_3歳以上障害未勝利,2倍台,馬連,3,3,300,0
2026-08-02,2026-08-02_中京09R_3歳以上障害未勝利,2倍台,馬連,4,6,600,0
2026-08-02,2026-08-02_中京09R_3歳以上障害未勝利,2倍台,馬連,5,10,1000,360
2026-08-02,2026-08-02_中京09R_3歳以上障害未勝利,2倍台,馬連,6,15,1500,360
2026-08-02,2026-08-02_中京10R_3歳以上1勝クラス,3倍以上,ワイド,3,3,300,0
2026-08-02,2026-08-02_中京10R_3歳以上1勝クラス,3倍以上,ワイド,4,6,600,0
2026-08-02,2026-08-02_中京10R_3歳以上1勝クラス,3倍以上,ワイド,5,10,1000,0
2026-08-02,2026-08-02_中京10R_3歳以上1勝クラス,3倍以上,ワイド,6,15,1500,0
2026-08-02,2026-08-02_中京10R_3歳以上1勝クラス,3倍以上,馬連,3,3,300,0
2026-08-02,2026-08-02_中京10R_3歳以上1勝クラス,3倍以上,馬連,4,6,600,0
2026-08-02,2026-08-02_中京10R_3歳以上1勝クラス,3倍以上,馬連,5,10,1000,0
2026-08-02,2026-08-02_中京10R_3歳以上1勝クラス,3倍以上,馬連,6,15,1500,0
2026-08-02,2026-08-02_中京11R_3歳以上1勝クラス,2倍台,ワイド,3,3,300,520
2026-08-02,2026-08-02_中京11R_3歳以上1勝クラス,2倍台,ワイド,4,6,600,520
2026-08-02,2026-08-02_中京11R_3歳以上1勝クラス,2倍台,ワイド,5,10,1000,1410
2026-08-02,2026-08-02_中京11R_3歳以上1勝クラス,2倍台,ワイド,6,15,1500,1410
2026-08-02,2026-08-02_中京11R_3歳以上1勝クラス,2倍台,馬連,3,3,300,0
2026-08-02,2026-08-02_中京11R_3歳以上1勝クラス,2倍台,馬連,4,6,600,0
2026-08-02,2026-08-02_中京11R_3歳以上1勝クラス,2倍台,馬連,5,10,1000,2910
2026-08-02,2026-08-02_中京11R_3歳以上1勝クラス,2倍台,馬連,6,15,1500,2910
2026-08-02,2026-08-02_中京12R_3歳未勝利,3倍以上,ワイド,3,3,300,910
2026-08-02,2026-08-02_中京12R_3歳未勝利,3倍以上,ワイド,4,6,600,910
2026-08-02,2026-08-02_中京12R_3歳未勝利,3倍以上,ワイド,5,10,1000,910
2026-08-02,2026-08-02_中京12R_3歳未勝利,3倍以上,ワイド,6,15,1500,910
2026-08-02,2026-08-02_中京12R_3歳未勝利,3倍以上,馬連,3,3,300,890
2026-08-02,2026-08-02_中京12R_3歳未勝利,3倍以上,馬連,4,6,600,890
2026-08-02,2026-08-02_中京12R_3歳未勝利,3倍以上,馬連,5,10,1000,890
2026-08-02,2026-08-02_中京12R_3歳未勝利,3倍以上,馬連,6,15,1500,890
2026-08-02,2026-08-02_新潟09R_3歳以上1勝クラス,3倍以上,ワイド,3,3,300,0
2026-08-02,2026-08-02_新潟09R_3歳以上1勝クラス,3倍以上,ワイド,4,6,600,0
2026-08-02,2026-08-02_新潟09R_3歳以上1勝クラス,3倍以上,ワイド,5,10,1000,550
2026-08-02,2026-08-02_新潟09R_3歳以上1勝クラス,3倍以上,ワイド,6,15,1500,550
2026-08-02,2026-08-02_新潟09R_3歳以上1勝クラス,3倍以上,馬連,3,3,300,0
2026-08-02,2026-08-02_新潟09R_3歳以上1勝クラス,3倍以上,馬連,4,6,600,0
2026-08-02,2026-08-02_新潟09R_3歳以上1勝クラス,3倍以上,馬連,5,10,1000,0
2026-08-02,2026-08-02_新潟09R_3歳以上1勝クラス,3倍以上,馬連,6,15,1500,0
2026-08-02,2026-08-02_新潟10R_3歳以上1勝クラス,2倍台,ワイド,3,3,300,0
2026-08-02,2026-08-02_新潟10R_3歳以上1勝クラス,2倍台,ワイド,4,6,600,0
2026-08-02,2026-08-02_新潟10R_3歳以上1勝クラス,2倍台,ワイド,5,10,1000,0
2026-08-02,2026-08-02_新潟10R_3歳以上1勝クラス,2倍台,ワイド,6,15,1500,0
2026-08-02,2026-08-02_新潟10R_3歳以上1勝クラス,2倍台,馬連,3,3,300,0
2026-08-02,2026-08-02_新潟10R_3歳以上1勝クラス,2倍台,馬連,4,6,600,0
2026-08-02,2026-08-02_新潟10R_3歳以上1勝クラス,2倍台,馬連,5,10,1000,0
2026-08-02,2026-08-02_新潟10R_3歳以上1勝クラス,2倍台,馬連,6,15,1500,0
2026-08-02,2026-08-02_新潟11R_3歳未勝利,2倍台,ワイド,3,3,300,250
2026-08-02,2026-08-02_新潟11R_3歳未勝利,2倍台,ワイド,4,6,600,250
2026-08-02,2026-08-02_新潟11R_3歳未勝利,2倍台,ワイド,5,10,1000,250
2026-08-02,2026-08-02_新潟11R_3歳未勝利,2倍台,ワイド,6,15,1500,250
2026-08-02,2026-08-02_新潟11R_3歳未勝利,2倍台,馬連,3,3,300,530
2026-08-02,2026-08-02_新潟11R_3歳未勝利,2倍台,馬連,4,6,600,530
2026-08-02,2026-08-02_新潟11R_3歳未勝利,2倍台,馬連,5,10,1000,530
2026-08-02,2026-08-02_新潟11R_3歳未勝利,2倍台,馬連,6,15,1500,530
2026-08-02,2026-08-02_新潟12R_3歳未勝利,2倍台,ワイド,3,3,300,1030
2026-08-02,2026-08-02_新潟12R_3歳未勝利,2倍台,ワイド,4,6,600,1030
2026-08-02,2026-08-02_新潟12R_3歳未勝利,2倍台,ワイド,5,10,1000,1030
2026-08-02,2026-08-02_新潟12R_3歳未勝利,2倍台,ワイド,6,15,1500,1030
2026-08-02,2026-08-02_新潟12R_3歳未勝利,2倍台,馬連,3,3,300,840
2026-08-02,2026-08-02_新潟12R_3歳未勝利,2倍台,馬連,4,6,600,840
2026-08-02,2026-08-02_新潟12R_3歳未勝利,2倍台,馬連,5,10,1000,840
2026-08-02,2026-08-02_新潟12R_3歳未勝利,2倍台,馬連,6,15,1500,840
2026-08-02,2026-08-02_札幌09R_3歳以上2勝クラス,3倍以上,ワイド,3,3,300,0
2026-08-02,2026-08-02_札幌09R_3歳以上2勝クラス,3倍以上,ワイド,4,6,600,0
2026-08-02,2026-08-02_札幌09R_3歳以上2勝クラス,3倍以上,ワイド,5,10,1000,0
2026-08-02,2026-08-02_札幌09R_3歳以上2勝クラス,3倍以上,ワイド,6,15,1500,0
2026-08-02,2026-08-02_札幌09R_3歳以上2勝クラス,3倍以上,馬連,3,3,300,0
2026-08-02,2026-08-02_札幌09R_3歳以上2勝クラス,3倍以上,馬連,4,6,600,0
2026-08-02,2026-08-02_札幌09R_3歳以上2勝クラス,3倍以上,馬連,5,10,1000,0
2026-08-02,2026-08-02_札幌09R_3歳以上2勝クラス,3倍以上,馬連,6,15,1500,0
2026-08-02,2026-08-02_札幌10R_ポプラS,1倍台,ワイド,3,3,300,0
2026-08-02,2026-08-02_札幌10R_ポプラS,1倍台,ワイド,4,6,600,200
2026-08-02,2026-08-02_札幌10R_ポプラS,1倍台,ワイド,5,10,1000,2010
2026-08-02,2026-08-02_札幌10R_ポプラS,1倍台,ワイド,6,15,1500,2010
2026-08-02,2026-08-02_札幌10R_ポプラS,1倍台,馬連,3,3,300,0
2026-08-02,2026-08-02_札幌10R_ポプラS,1倍台,馬連,4,6,600,400
2026-08-02,2026-08-02_札幌10R_ポプラS,1倍台,馬連,5,10,1000,400
2026-08-02,2026-08-02_札幌10R_ポプラS,1倍台,馬連,6,15,1500,400
2026-08-02,2026-08-02_札幌11R_クイーンS,2倍台,ワイド,3,3,300,0
2026-08-02,2026-08-02_札幌11R_クイーンS,2倍台,ワイド,4,6,600,0
2026-08-02,2026-08-02_札幌11R_クイーンS,2倍台,ワイド,5,10,1000,0
2026-08-02,2026-08-02_札幌11R_クイーンS,2倍台,ワイド,6,15,1500,900
2026-08-02,2026-08-02_札幌11R_クイーンS,2倍台,馬連,3,3,300,0
2026-08-02,2026-08-02_札幌11R_クイーンS,2倍台,馬連,4,6,600,0
2026-08-02,2026-08-02_札幌11R_クイーンS,2倍台,馬連,5,10,1000,0
2026-08-02,2026-08-02_札幌11R_クイーンS,2倍台,馬連,6,15,1500,0
2026-08-02,2026-08-02_札幌12R_苫小牧特別,2倍台,ワイド,3,3,300,0
2026-08-02,2026-08-02_札幌12R_苫小牧特別,2倍台,ワイド,4,6,600,0
2026-08-02,2026-08-02_札幌12R_苫小牧特別,2倍台,ワイド,5,10,1000,0
2026-08-02,2026-08-02_札幌12R_苫小牧特別,2倍台,ワイド,6,15,1500,0
2026-08-02,2026-08-02_札幌12R_苫小牧特別,2倍台,馬連,3,3,300,0
2026-08-02,2026-08-02_札幌12R_苫小牧特別,2倍台,馬連,4,6,600,0
2026-08-02,2026-08-02_札幌12R_苫小牧特別,2倍台,馬連,5,10,1000,0
2026-08-02,2026-08-02_札幌12R_苫小牧特別,2倍台,馬連,6,15,1500,0
2026-08-08,2026-08-08_中京09R_3歳以上障害OP,1倍台,ワイド,3,3,300,0
2026-08-08,2026-08-08_中京09R_3歳以上障害OP,1倍台,ワイド,4,6,600,0
2026-08-08,2026-08-08_中京09R_3歳以上障害OP,1倍台,ワイド,5,10,1000,0
2026-08-08,2026-08-08_中京09R_3歳以上障害OP,1倍台,ワイド,6,15,1500,0
2026-08-08,2026-08-08_中京09R_3歳以上障害OP,1倍台,馬連,3,3,300,0
2026-08-08,2026-08-08_中京09R_3歳以上障害OP,1倍台,馬連,4,6,600,0
2026-08-08,2026-08-08_中京09R_3歳以上障害OP,1倍台,馬連,5,10,1000,0
2026-08-08,2026-08-08_中京09R_3歳以上障害OP,1倍台,馬連,6,15,1500,0
2026-08-08,2026-08-08_中京10R_3歳未勝利,3倍以上,ワイド,3,3,300,420
2026-08-08,2026-08-08_中京10R_3歳未勝利,3倍以上,ワイド,4,6,600,420
2026-08-08,2026-08-08_中京10R_3歳未勝利,3倍以上,ワイド,5,10,1000,420
2026-08-08,2026-08-08_中京10R_3歳未勝利,3倍以上,ワイド,6,15,1500,420
2026-08-08,2026-08-08_中京10R_3歳未勝利,3倍以上,馬連,3,3,300,1210
2026-08-08,2026-08-08_中京10R_3歳未勝利,3倍以上,馬連,4,6,600,1210
2026-08-08,2026-08-08_中京10R_3歳未勝利,3倍以上,馬連,5,10,1000,1210
2026-08-08,2026-08-08_中京10R_3歳未勝利,3倍以上,馬連,6,15,1500,1210
2026-08-08,2026-08-08_中京11R_3歳以上1勝クラス,1倍台,ワイド,3,3,300,0
2026-08-08,2026-08-08_中京11R_3歳以上1勝クラス,1倍台,ワイド,4,6,600,0
2026-08-08,2026-08-08_中京11R_3歳以上1勝クラス,1倍台,ワイド,5,10,1000,330
2026-08-08,2026-08-08_中京11R_3歳以上1勝クラス,1倍台,ワイド,6,15,1500,330
2026-08-08,2026-08-08_中京11R_3歳以上1勝クラス,1倍台,馬連,3,3,300,0
2026-08-08,2026-08-08_中京11R_3歳以上1勝クラス,1倍台,馬連,4,6,600,0
2026-08-08,2026-08-08_中京11R_3歳以上1勝クラス,1倍台,馬連,5,10,1000,0
2026-08-08,2026-08-08_中京11R_3歳以上1勝クラス,1倍台,馬連,6,15,1500,0
2026-08-08,2026-08-08_中京12R_3歳未勝利,3倍以上,ワイド,3,3,300,0
2026-08-08,2026-08-08_中京12R_3歳未勝利,3倍以上,ワイド,4,6,600,0
2026-08-08,2026-08-08_中京12R_3歳未勝利,3倍以上,ワイド,5,10,1000,0
2026-08-08,2026-08-08_中京12R_3歳未勝利,3倍以上,ワイド,6,15,1500,0
2026-08-08,2026-08-08_中京12R_3歳未勝利,3倍以上,馬連,3,3,300,0
2026-08-08,2026-08-08_中京12R_3歳未勝利,3倍以上,馬連,4,6,600,0
2026-08-08,2026-08-08_中京12R_3歳未勝利,3倍以上,馬連,5,10,1000,0
2026-08-08,2026-08-08_中京12R_3歳未勝利,3倍以上,馬連,6,15,1500,0
2026-08-08,2026-08-08_新潟09R_3歳以上1勝クラス,3倍以上,ワイド,3,3,300,0
2026-08-08,2026-08-08_新潟09R_3歳以上1勝クラス,3倍以上,ワイド,4,6,600,0
2026-08-08,2026-08-08_新潟09R_3歳以上1勝クラス,3倍以上,ワイド,5,10,1000,0
2026-08-08,2026-08-08_新潟09R_3歳以上1勝クラス,3倍以上,ワイド,6,15,1500,700
2026-08-08,2026-08-08_新潟09R_3歳以上1勝クラス,3倍以上,馬連,3,3,300,0
2026-08-08,2026-08-08_新潟09R_3歳以上1勝クラス,3倍以上,馬連,4,6,600,0
2026-08-08,2026-08-08_新潟09R_3歳以上1勝クラス,3倍以上,馬連,5,10,1000,0
2026-08-08,2026-08-08_新潟09R_3歳以上1勝クラス,3倍以上,馬連,6,15,1500,1750
2026-08-08,2026-08-08_新潟10R_3歳以上1勝クラス,2倍台,ワイド,3,3,300,170
2026-08-08,2026-08-08_新潟10R_3歳以上1勝クラス,2倍台,ワイド,4,6,600,170
2026-08-08,2026-08-08_新潟10R_3歳以上1勝クラス,2倍台,ワイド,5,10,1000,570
2026-08-08,2026-08-08_新潟10R_3歳以上1勝クラス,2倍台,ワイド,6,15,1500,570
2026-08-08,2026-08-08_新潟10R_3歳以上1勝クラス,2倍台,馬連,3,3,300,0
2026-08-08,2026-08-08_新潟10R_3歳以上1勝クラス,2倍台,馬連,4,6,600,0
2026-08-08,2026-08-08_新潟10R_3歳以上1勝クラス,2倍台,馬連,5,10,1000,460
2026-08-08,2026-08-08_新潟10R_3歳以上1勝クラス,2倍台,馬連,6,15,1500,460
2026-08-08,2026-08-08_新潟11R_3歳以上1勝クラス,3倍以上,ワイド,3,3,300,0
2026-08-08,2026-08-08_新潟11R_3歳以上1勝クラス,3倍以上,ワイド,4,6,600,0
2026-08-08,2026-08-08_新潟11R_3歳以上1勝クラス,3倍以上,ワイド,5,10,1000,0
2026-08-08,2026-08-08_新潟11R_3歳以上1勝クラス,3倍以上,ワイド,6,15,1500,690
2026-08-08,2026-08-08_新潟11R_3歳以上1勝クラス,3倍以上,馬連,3,3,300,0
2026-08-08,2026-08-08_新潟11R_3歳以上1勝クラス,3倍以上,馬連,4,6,600,0
2026-08-08,2026-08-08_新潟11R_3歳以上1勝クラス,3倍以上,馬連,5,10,1000,0
2026-08-08,2026-08-08_新潟11R_3歳以上1勝クラス,3倍以上,馬連,6,15,1500,0
2026-08-08,2026-08-08_新潟12R_3歳未勝利,1倍台,ワイド,3,3,300,270
2026-08-08,2026-08-08_新潟12R_3歳未勝利,1倍台,ワイド,4,6,600,270
2026-08-08,2026-08-08_新潟12R_3歳未勝利,1倍台,ワイド,5,10,1000,270
2026-08-08,2026-08-08_新潟12R_3歳未勝利,1倍台,ワイド,6,15,1500,270
2026-08-08,2026-08-08_新潟12R_3歳未勝利,1倍台,馬連,3,3,300,490
2026-08-08,2026-08-08_新潟12R_3歳未勝利,1倍台,馬連,4,6,600,490
2026-08-08,2026-08-08_新潟12R_3歳未勝利,1倍台,馬連,5,10,1000,490
2026-08-08,2026-08-08_新潟12R_3歳未勝利,1倍台,馬連,6,15,1500,490
2026-08-08,2026-08-08_札幌09R_3歳以上1勝クラス,1倍台,ワイド,3,3,300,0
2026-08-08,2026-08-08_札幌09R_3歳以上1勝クラス,1倍台,ワイド,4,6,600,1240
2026-08-08,2026-08-08_札幌09R_3歳以上1勝クラス,1倍台,ワイド,5,10,1000,7040
2026-08-08,2026-08-08_札幌09R_3歳以上1勝クラス,1倍台,ワイド,6,15,1500,7040
2026-08-08,2026-08-08_札幌09R_3歳以上1勝クラス,1倍台,馬連,3,3,300,0
2026-08-08,2026-08-08_札幌09R_3歳以上1勝クラス,1倍台,馬連,4,6,600,0
2026-08-08,2026-08-08_札幌09R_3歳以上1勝クラス,1倍台,馬連,5,10,1000,5300
2026-08-08,2026-08-08_札幌09R_3歳以上1勝クラス,1倍台,馬連,6,15,1500,5300
2026-08-08,2026-08-08_札幌10R_藻岩山特別,2倍台,ワイド,3,3,300,0
2026-08-08,2026-08-08_札幌10R_藻岩山特別,2倍台,ワイド,4,6,600,0
2026-08-08,2026-08-08_札幌10R_藻岩山特別,2倍台,ワイド,5,10,1000,0
2026-08-08,2026-08-08_札幌10R_藻岩山特別,2倍台,ワイド,6,15,1500,440
2026-08-08,2026-08-08_札幌10R_藻岩山特別,2倍台,馬連,3,3,300,0
2026-08-08,2026-08-08_札幌10R_藻岩山特別,2倍台,馬連,4,6,600,0
2026-08-08,2026-08-08_札幌10R_藻岩山特別,2倍台,馬連,5,10,1000,0
2026-08-08,2026-08-08_札幌10R_藻岩山特別,2倍台,馬連,6,15,1500,1060
2026-08-08,2026-08-08_札幌11R_エルムS,3倍以上,ワイド,3,3,300,0
2026-08-08,2026-08-08_札幌11R_エルムS,3倍以上,ワイド,4,6,600,0
2026-08-08,2026-08-08_札幌11R_エルムS,3倍以上,ワイド,5,10,1000,0
2026-08-08,2026-08-08_札幌11R_エルムS,3倍以上,ワイド,6,15,1500,540
2026-08-08,2026-08-08_札幌11R_エルムS,3倍以上,馬連,3,3,300,0
2026-08-08,2026-08-08_札幌11R_エルムS,3倍以上,馬連,4,6,600,0
2026-08-08,2026-08-08_札幌11R_エルムS,3倍以上,馬連,5,10,1000,0
2026-08-08,2026-08-08_札幌11R_エルムS,3倍以上,馬連,6,15,1500,0
2026-08-08,2026-08-08_札幌12R_摩周湖特別,3倍以上,ワイド,3,3,300,0
2026-08-08,2026-08-08_札幌12R_摩周湖特別,3倍以上,ワイド,4,6,600,0
2026-08-08,2026-08-08_札幌12R_摩周湖特別,3倍以上,ワイド,5,10,1000,340
2026-08-08,2026-08-08_札幌12R_摩周湖特別,3倍以上,ワイド,6,15,1500,340
2026-08-08,2026-08-08_札幌12R_摩周湖特別,3倍以上,馬連,3,3,300,0
2026-08-08,2026-08-08_札幌12R_摩周湖特別,3倍以上,馬連,4,6,600,0
2026-08-08,2026-08-08_札幌12R_摩周湖特別,3倍以上,馬連,5,10,1000,860
2026-08-08,2026-08-08_札幌12R_摩周湖特別,3倍以上,馬連,6,15,1500,860
2026-08-09,2026-08-09_中京09R_3歳以上障害未勝利,2倍台,ワイド,3,3,300,0
2026-08-09,2026-08-09_中京09R_3歳以上障害未勝利,2倍台,ワイド,4,6,600,260
2026-08-09,2026-08-09_中京09R_3歳以上障害未勝利,2倍台,ワイド,5,10,1000,260
2026-08-09,2026-08-09_中京09R_3歳以上障害未勝利,2倍台,ワイド,6,15,1500,260
2026-08-09,2026-08-09_中京09R_3歳以上障害未勝利,2倍台,馬連,3,3,300,0
2026-08-09,2026-08-09_中京09R_3歳以上障害未勝利,2倍台,馬連,4,6,600,580
2026-08-09,2026-08-09_中京09R_3歳以上障害未勝利,2倍台,馬連,5,10,1000,580
2026-08-09,2026-08-09_中京09R_3歳以上障害未勝利,2倍台,馬連,6,15,1500,580
2026-08-09,2026-08-09_中京10R_3歳以上1勝クラス,2倍台,ワイド,3,3,300,0
2026-08-09,2026-08-09_中京10R_3歳以上1勝クラス,2倍台,ワイド,4,6,600,0
2026-08-09,2026-08-09_中京10R_3歳以上1勝クラス,2倍台,ワイド,5,10,1000,580
2026-08-09,2026-08-09_中京10R_3歳以上1勝クラス,2倍台,ワイド,6,15,1500,580
2026-08-09,2026-08-09_中京10R_3歳以上1勝クラス,2倍台,馬連,3,3,300,0
2026-08-09,2026-08-09_中京10R_3歳以上1勝クラス,2倍台,馬連,4,6,600,0
2026-08-09,2026-08-09_中京10R_3歳以上1勝クラス,2倍台,馬連,5,10,1000,0
2026-08-09,2026-08-09_中京10R_3歳以上1勝クラス,2倍台,馬連,6,15,1500,0
2026-08-09,2026-08-09_中京11R_3歳以上1勝クラス,3倍以上,ワイド,3,3,300,0
2026-08-09,2026-08-09_中京11R_3歳以上1勝クラス,3倍以上,ワイド,4,6,600,0
2026-08-09,2026-08-09_中京11R_3歳以上1勝クラス,3倍以上,ワイド,5,10,1000,0
2026-08-09,2026-08-09_中京11R_3歳以上1勝クラス,3倍以上,ワイド,6,15,1500,0
2026-08-09,2026-08-09_中京11R_3歳以上1勝クラス,3倍以上,馬連,3,3,300,0
2026-08-09,2026-08-09_中京11R_3歳以上1勝クラス,3倍以上,馬連,4,6,600,0
2026-08-09,2026-08-09_中京11R_3歳以上1勝クラス,3倍以上,馬連,5,10,1000,0
2026-08-09,2026-08-09_中京11R_3歳以上1勝クラス,3倍以上,馬連,6,15,1500,0
2026-08-09,2026-08-09_中京12R_3歳未勝利,2倍台,ワイド,3,3,300,210
2026-08-09,2026-08-09_中京12R_3歳未勝利,2倍台,ワイド,4,6,600,210
2026-08-09,2026-08-09_中京12R_3歳未勝利,2倍台,ワイド,5,10,1000,210
2026-08-09,2026-08-09_中京12R_3歳未勝利,2倍台,ワイド,6,15,1500,210
2026-08-09,2026-08-09_中京12R_3歳未勝利,2倍台,馬連,3,3,300,420
2026-08-09,2026-08-09_中京12R_3歳未勝利,2倍台,馬連,4,6,600,420
2026-08-09,2026-08-09_中京12R_3歳未勝利,2倍台,馬連,5,10,1000,420
2026-08-09,2026-08-09_中京12R_3歳未勝利,2倍台,馬連,6,15,1500,420
2026-08-09,2026-08-09_新潟09R_3歳以上2勝クラス,2倍台,ワイド,3,3,300,0
2026-08-09,2026-08-09_新潟09R_3歳以上2勝クラス,2倍台,ワイド,4,6,600,0
2026-08-09,2026-08-09_新潟09R_3歳以上2勝クラス,2倍台,ワイド,5,10,1000,0
2026-08-09,2026-08-09_新潟09R_3歳以上2勝クラス,2倍台,ワイド,6,15,1500,0
2026-08-09,2026-08-09_新潟09R_3歳以上2勝クラス,2倍台,馬連,3,3,300,0
2026-08-09,2026-08-09_新潟09R_3歳以上2勝クラス,2倍台,馬連,4,6,600,0
2026-08-09,2026-08-09_新潟09R_3歳以上2勝クラス,2倍台,馬連,5,10,1000,0
2026-08-09,2026-08-09_新潟09R_3歳以上2勝クラス,2倍台,馬連,6,15,1500,0
2026-08-09,2026-08-09_新潟10R_3歳以上1勝クラス,1倍台,ワイド,3,3,300,0
2026-08-09,2026-08-09_新潟10R_3歳以上1勝クラス,1倍台,ワイド,4,6,600,240
2026-08-09,2026-08-09_新潟10R_3歳以上1勝クラス,1倍台,ワイド,5,10,1000,610
2026-08-09,2026-08-09_新潟10R_3歳以上1勝クラス,1倍台,ワイド,6,15,1500,610
2026-08-09,2026-08-09_新潟10R_3歳以上1勝クラス,1倍台,馬連,3,3,300,0
2026-08-09,2026-08-09_新潟10R_3歳以上1勝クラス,1倍台,馬連,4,6,600,0
2026-08-09,2026-08-09_新潟10R_3歳以上1勝クラス,1倍台,馬連,5,10,1000,180
2026-08-09,2026-08-09_新潟10R_3歳以上1勝クラス,1倍台,馬連,6,15,1500,180
2026-08-09,2026-08-09_新潟11R_3歳未勝利,2倍台,ワイド,3,3,300,0
2026-08-09,2026-08-09_新潟11R_3歳未勝利,2倍台,ワイド,4,6,600,0
2026-08-09,2026-08-09_新潟11R_3歳未勝利,2倍台,ワイド,5,10,1000,0
2026-08-09,2026-08-09_新潟11R_3歳未勝利,2倍台,ワイド,6,15,1500,0
2026-08-09,2026-08-09_新潟11R_3歳未勝利,2倍台,馬連,3,3,300,0
2026-08-09,2026-08-09_新潟11R_3歳未勝利,2倍台,馬連,4,6,600,0
2026-08-09,2026-08-09_新潟11R_3歳未勝利,2倍台,馬連,5,10,1000,0
2026-08-09,2026-08-09_新潟11R_3歳未勝利,2倍台,馬連,6,15,1500,0
2026-08-09,2026-08-09_新潟12R_3歳未勝利,3倍以上,ワイド,3,3,300,0
2026-08-09,2026-08-09_新潟12R_3歳未勝利,3倍以上,ワイド,4,6,600,0
2026-08-09,2026-08-09_新潟12R_3歳未勝利,3倍以上,ワイド,5,10,1000,0
2026-08-09,2026-08-09_新潟12R_3歳未勝利,3倍以上,ワイド,6,15,1500,0
2026-08-09,2026-08-09_新潟12R_3歳未勝利,3倍以上,馬連,3,3,300,0
2026-08-09,2026-08-09_新潟12R_3歳未勝利,3倍以上,馬連,4,6,600,0
2026-08-09,2026-08-09_新潟12R_3歳未勝利,3倍以上,馬連,5,10,1000,0
2026-08-09,2026-08-09_新潟12R_3歳未勝利,3倍以上,馬連,6,15,1500,0
2026-08-09,2026-08-09_札幌09R_3歳以上1勝クラス,3倍以上,ワイド,3,3,300,710
2026-08-09,2026-08-09_札幌09R_3歳以上1勝クラス,3倍以上,ワイド,4,6,600,710
2026-08-09,2026-08-09_札幌09R_3歳以上1勝クラス,3倍以上,ワイド,5,10,1000,710
2026-08-09,2026-08-09_札幌09R_3歳以上1勝クラス,3倍以上,ワイド,6,15,1500,3190
2026-08-09,2026-08-09_札幌09R_3歳以上1勝クラス,3倍以上,馬連,3,3,300,1930
2026-08-09,2026-08-09_札幌09R_3歳以上1勝クラス,3倍以上,馬連,4,6,600,1930
2026-08-09,2026-08-09_札幌09R_3歳以上1勝クラス,3倍以上,馬連,5,10,1000,1930
2026-08-09,2026-08-09_札幌09R_3歳以上1勝クラス,3倍以上,馬連,6,15,1500,1930
2026-08-09,2026-08-09_札幌10R_富良野特別,1倍台,ワイド,3,3,300,150
2026-08-09,2026-08-09_札幌10R_富良野特別,1倍台,ワイド,4,6,600,1050
2026-08-09,2026-08-09_札幌10R_富良野特別,1倍台,ワイド,5,10,1000,1050
2026-08-09,2026-08-09_札幌10R_富良野特別,1倍台,ワイド,6,15,1500,1050
2026-08-09,2026-08-09_札幌10R_富良野特別,1倍台,馬連,3,3,300,0
2026-08-09,2026-08-09_札幌10R_富良野特別,1倍台,馬連,4,6,600,1120
2026-08-09,2026-08-09_札幌10R_富良野特別,1倍台,馬連,5,10,1000,1120
2026-08-09,2026-08-09_札幌10R_富良野特別,1倍台,馬連,6,15,1500,1120
2026-08-09,2026-08-09_札幌11R_UHB賞,3倍以上,ワイド,3,3,300,1010
2026-08-09,2026-08-09_札幌11R_UHB賞,3倍以上,ワイド,4,6,600,1010
2026-08-09,2026-08-09_札幌11R_UHB賞,3倍以上,ワイド,5,10,1000,1010
2026-08-09,2026-08-09_札幌11R_UHB賞,3倍以上,ワイド,6,15,1500,3030
2026-08-09,2026-08-09_札幌11R_UHB賞,3倍以上,馬連,3,3,300,0
2026-08-09,2026-08-09_札幌11R_UHB賞,3倍以上,馬連,4,6,600,0
2026-08-09,2026-08-09_札幌11R_UHB賞,3倍以上,馬連,5,10,1000,0
2026-08-09,2026-08-09_札幌11R_UHB賞,3倍以上,馬連,6,15,1500,940
2026-08-09,2026-08-09_札幌12R_石狩特別,2倍台,ワイド,3,3,300,410
2026-08-09,2026-08-09_札幌12R_石狩特別,2倍台,ワイド,4,6,600,1410
2026-08-09,2026-08-09_札幌12R_石狩特別,2倍台,ワイド,5,10,1000,1410
2026-08-09,2026-08-09_札幌12R_石狩特別,2倍台,ワイド,6,15,1500,1410
2026-08-09,2026-08-09_札幌12R_石狩特別,2倍台,馬連,3,3,300,0
2026-08-09,2026-08-09_札幌12R_石狩特別,2倍台,馬連,4,6,600,2270
2026-08-09,2026-08-09_札幌12R_石狩特別,2倍台,馬連,5,10,1000,2270
2026-08-09,2026-08-09_札幌12R_石狩特別,2倍台,馬連,6,15,1500,2270
2026-08-15,2026-08-15_中京09R_3歳以上1勝クラス,2倍台,ワイド,3,3,300,0
2026-08-15,2026-08-15_中京09R_3歳以上1勝クラス,2倍台,ワイド,4,6,600,0
2026-08-15,2026-08-15_中京09R_3歳以上1勝クラス,2倍台,ワイド,5,10,1000,0
2026-08-15,2026-08-15_中京09R_3歳以上1勝クラス,2倍台,ワイド,6,15,1500,0
2026-08-15,2026-08-15_中京09R_3歳以上1勝クラス,2倍台,馬連,3,3,300,0
2026-08-15,2026-08-15_中京09R_3歳以上1勝クラス,2倍台,馬連,4,6,600,0
2026-08-15,2026-08-15_中京09R_3歳以上1勝クラス,2倍台,馬連,5,10,1000,0
2026-08-15,2026-08-15_中京09R_3歳以上1勝クラス,2倍台,馬連,6,15,1500,0
2026-08-15,2026-08-15_中京10R_3歳以上1勝クラス,3倍以上,ワイド,3,3,300,0
2026-08-15,2026-08-15_中京10R_3歳以上1勝クラス,3倍以上,ワイド,4,6,600,0
2026-08-15,2026-08-15_中京10R_3歳以上1勝クラス,3倍以上,ワイド,5,10,1000,0
2026-08-15,2026-08-15_中京10R_3歳以上1勝クラス,3倍以上,ワイド,6,15,1500,0
2026-08-15,2026-08-15_中京10R_3歳以上1勝クラス,3倍以上,馬連,3,3,300,0
2026-08-15,2026-08-15_中京10R_3歳以上1勝クラス,3倍以上,馬連,4,6,600,0
2026-08-15,2026-08-15_中京10R_3歳以上1勝クラス,3倍以上,馬連,5,10,1000,0
2026-08-15,2026-08-15_中京10R_3歳以上1勝クラス,3倍以上,馬連,6,15,1500,0
2026-08-15,2026-08-15_中京11R_3歳以上1勝クラス,3倍以上,ワイド,3,3,300,0
2026-08-15,2026-08-15_中京11R_3歳以上1勝クラス,3倍以上,ワイド,4,6,600,0
2026-08-15,2026-08-15_中京11R_3歳以上1勝クラス,3倍以上,ワイド,5,10,1000,0
2026-08-15,2026-08-15_中京11R_3歳以上1勝クラス,3倍以上,ワイド,6,15,1500,0
2026-08-15,2026-08-15_中京11R_3歳以上1勝クラス,3倍以上,馬連,3,3,300,0
2026-08-15,2026-08-15_中京11R_3歳以上1勝クラス,3倍以上,馬連,4,6,600,0
2026-08-15,2026-08-15_中京11R_3歳以上1勝クラス,3倍以上,馬連,5,10,1000,0
2026-08-15,2026-08-15_中京11R_3歳以上1勝クラス,3倍以上,馬連,6,15,1500,0
2026-08-15,2026-08-15_中京12R_3歳未勝利,2倍台,ワイド,3,3,300,250
2026-08-15,2026-08-15_中京12R_3歳未勝利,2倍台,ワイド,4,6,600,250
2026-08-15,2026-08-15_中京12R_3歳未勝利,2倍台,ワイド,5,10,1000,250
2026-08-15,2026-08-15_中京12R_3歳未勝利,2倍台,ワイド,6,15,1500,250
2026-08-15,2026-08-15_中京12R_3歳未勝利,2倍台,馬連,3,3,300,0
2026-08-15,2026-08-15_中京12R_3歳未勝利,2倍台,馬連,4,6,600,0
2026-08-15,2026-08-15_中京12R_3歳未勝利,2倍台,馬連,5,10,1000,0
2026-08-15,2026-08-15_中京12R_3歳未勝利,2倍台,馬連,6,15,1500,0
2026-08-15,2026-08-15_新潟09R_新潟JS,3倍以上,ワイド,3,3,300,0
2026-08-15,2026-08-15_新潟09R_新潟JS,3倍以上,ワイド,4,6,600,0
2026-08-15,2026-08-15_新潟09R_新潟JS,3倍以上,ワイド,5,10,1000,0
2026-08-15,2026-08-15_新潟09R_新潟JS,3倍以上,ワイド,6,15,1500,660
2026-08-15,2026-08-15_新潟09R_新潟JS,3倍以上,馬連,3,3,300,0
2026-08-15,2026-08-15_新潟09R_新潟JS,3倍以上,馬連,4,6,600,0
2026-08-15,2026-08-15_新潟09R_新潟JS,3倍以上,馬連,5,10,1000,0
2026-08-15,2026-08-15_新潟09R_新潟JS,3倍以上,馬連,6,15,1500,1650
2026-08-15,2026-08-15_新潟10R_3歳未勝利,1倍台,ワイド,3,3,300,460
2026-08-15,2026-08-15_新潟10R_3歳未勝利,1倍台,ワイド,4,6,600,460
2026-08-15,2026-08-15_新潟10R_3歳未勝利,1倍台,ワイド,5,10,1000,460
2026-08-15,2026-08-15_新潟10R_3歳未勝利,1倍台,ワイド,6,15,1500,460
2026-08-15,2026-08-15_新潟10R_3歳未勝利,1倍台,馬連,3,3,300,980
2026-08-15,2026-08-15_新潟10R_3歳未勝利,1倍台,馬連,4,6,600,980
2026-08-15,2026-08-15_新潟10R_3歳未勝利,1倍台,馬連,5,10,1000,980
2026-08-15,2026-08-15_新潟10R_3歳未勝利,1倍台,馬連,6,15,1500,980
2026-08-15,2026-08-15_新潟11R_3歳未勝利,3倍以上,ワイド,3,3,300,350
2026-08-15,2026-08-15_新潟11R_3歳未勝利,3倍以上,ワイド,4,6,600,350
2026-08-15,2026-08-15_新潟11R_3歳未勝利,3倍以上,ワイド,5,10,1000,350
2026-08-15,2026-08-15_新潟11R_3歳未勝利,3倍以上,ワイド,6,15,1500,350
2026-08-15,2026-08-15_新潟11R_3歳未勝利,3倍以上,馬連,3,3,300,0
2026-08-15,2026-08-15_新潟11R_3歳未勝利,3倍以上,馬連,4,6,600,0
2026-08-15,2026-08-15_新潟11R_3歳未勝利,3倍以上,馬連,5,10,1000,0
2026-08-15,2026-08-15_新潟11R_3歳未勝利,3倍以上,馬連,6,15,1500,0
2026-08-15,2026-08-15_新潟12R_3歳未勝利,3倍以上,ワイド,3,3,300,0
2026-08-15,2026-08-15_新潟12R_3歳未勝利,3倍以上,ワイド,4,6,600,0
2026-08-15,2026-08-15_新潟12R_3歳未勝利,3倍以上,ワイド,5,10,1000,1040
2026-08-15,2026-08-15_新潟12R_3歳未勝利,3倍以上,ワイド,6,15,1500,1040
2026-08-15,2026-08-15_新潟12R_3歳未勝利,3倍以上,馬連,3,3,300,0
2026-08-15,2026-08-15_新潟12R_3歳未勝利,3倍以上,馬連,4,6,600,0
2026-08-15,2026-08-15_新潟12R_3歳未勝利,3倍以上,馬連,5,10,1000,2630
2026-08-15,2026-08-15_新潟12R_3歳未勝利,3倍以上,馬連,6,15,1500,2630
2026-08-15,2026-08-15_札幌09R_コスモス賞,2倍台,ワイド,3,3,300,210
2026-08-15,2026-08-15_札幌09R_コスモス賞,2倍台,ワイド,4,6,600,910
2026-08-15,2026-08-15_札幌09R_コスモス賞,2倍台,ワイド,5,10,1000,910
2026-08-15,2026-08-15_札幌09R_コスモス賞,2倍台,ワイド,6,15,1500,910
2026-08-15,2026-08-15_札幌09R_コスモス賞,2倍台,馬連,3,3,300,500
2026-08-15,2026-08-15_札幌09R_コスモス賞,2倍台,馬連,4,6,600,500
2026-08-15,2026-08-15_札幌09R_コスモス賞,2倍台,馬連,5,10,1000,500
2026-08-15,2026-08-15_札幌09R_コスモス賞,2倍台,馬連,6,15,1500,500
2026-08-15,2026-08-15_札幌10R_知床特別,1倍台,ワイド,3,3,300,370
2026-08-15,2026-08-15_札幌10R_知床特別,1倍台,ワイド,4,6,600,370
2026-08-15,2026-08-15_札幌10R_知床特別,1倍台,ワイド,5,10,1000,370
2026-08-15,2026-08-15_札幌10R_知床特別,1倍台,ワイド,6,15,1500,2230
2026-08-15,2026-08-15_札幌10R_知床特別,1倍台,馬連,3,3,300,0
2026-08-15,2026-08-15_札幌10R_知床特別,1倍台,馬連,4,6,600,0
2026-08-15,2026-08-15_札幌10R_知床特別,1倍台,馬連,5,10,1000,0
2026-08-15,2026-08-15_札幌10R_知床特別,1倍台,馬連,6,15,1500,1310
2026-08-15,2026-08-15_札幌11R_大雪HC,3倍以上,ワイド,3,3,300,310
2026-08-15,2026-08-15_札幌11R_大雪HC,3倍以上,ワイド,4,6,600,310
2026-08-15,2026-08-15_札幌11R_大雪HC,3倍以上,ワイド,5,10,1000,2370
2026-08-15,2026-08-15_札幌11R_大雪HC,3倍以上,ワイド,6,15,1500,2370
2026-08-15,2026-08-15_札幌11R_大雪HC,3倍以上,馬連,3,3,300,0
2026-08-15,2026-08-15_札幌11R_大雪HC,3倍以上,馬連,4,6,600,0
2026-08-15,2026-08-15_札幌11R_大雪HC,3倍以上,馬連,5,10,1000,3220
2026-08-15,2026-08-15_札幌11R_大雪HC,3倍以上,馬連,6,15,1500,3220
2026-08-15,2026-08-15_札幌12R_積丹特別,1倍台,ワイド,3,3,300,390
2026-08-15,2026-08-15_札幌12R_積丹特別,1倍台,ワイド,4,6,600,390
2026-08-15,2026-08-15_札幌12R_積丹特別,1倍台,ワイド,5,10,1000,850
2026-08-15,2026-08-15_札幌12R_積丹特別,1倍台,ワイド,6,15,1500,850
2026-08-15,2026-08-15_札幌12R_積丹特別,1倍台,馬連,3,3,300,0
2026-08-15,2026-08-15_札幌12R_積丹特別,1倍台,馬連,4,6,600,0
2026-08-15,2026-08-15_札幌12R_積丹特別,1倍台,馬連,5,10,1000,300
2026-08-15,2026-08-15_札幌12R_積丹特別,1倍台,馬連,6,15,1500,300
2026-08-16,2026-08-16_中京09R_3歳未勝利,2倍台,ワイド,3,3,300,0
2026-08-16,2026-08-16_中京09R_3歳未勝利,2倍台,ワイド,4,6,600,0
2026-08-16,2026-08-16_中京09R_3歳未勝利,2倍台,ワイド,5,10,1000,0
2026-08-16,2026-08-16_中京09R_3歳未勝利,2倍台,ワイド,6,15,1500,0
2026-08-16,2026-08-16_中京09R_3歳未勝利,2倍台,馬連,3,3,300,0
2026-08-16,2026-08-16_中京09R_3歳未勝利,2倍台,馬連,4,6,600,0
2026-08-16,2026-08-16_中京09R_3歳未勝利,2倍台,馬連,5,10,1000,0
2026-08-16,2026-08-16_中京09R_3歳未勝利,2倍台,馬連,6,15,1500,0
2026-08-16,2026-08-16_中京10R_3歳以上1勝クラス,2倍台,ワイド,3,3,300,0
2026-08-16,2026-08-16_中京10R_3歳以上1勝クラス,2倍台,ワイド,4,6,600,0
2026-08-16,2026-08-16_中京10R_3歳以上1勝クラス,2倍台,ワイド,5,10,1000,0
2026-08-16,2026-08-16_中京10R_3歳以上1勝クラス,2倍台,ワイド,6,15,1500,0
2026-08-16,2026-08-16_中京10R_3歳以上1勝クラス,2倍台,馬連,3,3,300,0
2026-08-16,2026-08-16_中京10R_3歳以上1勝クラス,2倍台,馬連,4,6,600,0
2026-08-16,2026-08-16_中京10R_3歳以上1勝クラス,2倍台,馬連,5,10,1000,0
2026-08-16,2026-08-16_中京10R_3歳以上1勝クラス,2倍台,馬連,6,15,1500,0
2026-08-16,2026-08-16_中京11R_3歳以上1勝クラス,2倍台,ワイド,3,3,300,0
2026-08-16,2026-08-16_中京11R_3歳以上1勝クラス,2倍台,ワイド,4,6,600,0
2026-08-16,2026-08-16_中京11R_3歳以上1勝クラス,2倍台,ワイド,5,10,1000,0
2026-08-16,2026-08-16_中京11R_3歳以上1勝クラス,2倍台,ワイド,6,15,1500,0
2026-08-16,2026-08-16_中京11R_3歳以上1勝クラス,2倍台,馬連,3,3,300,0
2026-08-16,2026-08-16_中京11R_3歳以上1勝クラス,2倍台,馬連,4,6,600,0
2026-08-16,2026-08-16_中京11R_3歳以上1勝クラス,2倍台,馬連,5,10,1000,0
2026-08-16,2026-08-16_中京11R_3歳以上1勝クラス,2倍台,馬連,6,15,1500,0
2026-08-16,2026-08-16_中京12R_3歳未勝利,2倍台,ワイド,3,3,300,400
2026-08-16,2026-08-16_中京12R_3歳未勝利,2倍台,ワイド,4,6,600,400
2026-08-16,2026-08-16_中京12R_3歳未勝利,2倍台,ワイド,5,10,1000,400
2026-08-16,2026-08-16_中京12R_3歳未勝利,2倍台,ワイド,6,15,1500,400
2026-08-16,2026-08-16_中京12R_3歳未勝利,2倍台,馬連,3,3,300,0
2026-08-16,2026-08-16_中京12R_3歳未勝利,2倍台,馬連,4,6,600,0
2026-08-16,2026-08-16_中京12R_3歳未勝利,2倍台,馬連,5,10,1000,0
2026-08-16,2026-08-16_中京12R_3歳未勝利,2倍台,馬連,6,15,1500,0
2026-08-16,2026-08-16_新潟09R_3歳以上障害未勝利,3倍以上,ワイド,3,3,300,0
2026-08-16,2026-08-16_新潟09R_3歳以上障害未勝利,3倍以上,ワイド,4,6,600,790
2026-08-16,2026-08-16_新潟09R_3歳以上障害未勝利,3倍以上,ワイド,5,10,1000,790
2026-08-16,2026-08-16_新潟09R_3歳以上障害未勝利,3倍以上,ワイド,6,15,1500,8070
2026-08-16,2026-08-16_新潟09R_3歳以上障害未勝利,3倍以上,馬連,3,3,300,0
2026-08-16,2026-08-16_新潟09R_3歳以上障害未勝利,3倍以上,馬連,4,6,600,2380
2026-08-16,2026-08-16_新潟09R_3歳以上障害未勝利,3倍以上,馬連,5,10,1000,2380
2026-08-16,2026-08-16_新潟09R_3歳以上障害未勝利,3倍以上,馬連,6,15,1500,2380
2026-08-16,2026-08-16_新潟10R_3歳未勝利,2倍台,ワイド,3,3,300,0
2026-08-16,2026-08-16_新潟10R_3歳未勝利,2倍台,ワイド,4,6,600,0
2026-08-16,2026-08-16_新潟10R_3歳未勝利,2倍台,ワイド,5,10,1000,0
2026-08-16,2026-08-16_新潟10R_3歳未勝利,2倍台,ワイド,6,15,1500,0
2026-08-16,2026-08-16_新潟10R_3歳未勝利,2倍台,馬連,3,3,300,0
2026-08-16,2026-08-16_新潟10R_3歳未勝利,2倍台,馬連,4,6,600,0
2026-08-16,2026-08-16_新潟10R_3歳未勝利,2倍台,馬連,5,10,1000,0
2026-08-16,2026-08-16_新潟10R_3歳未勝利,2倍台,馬連,6,15,1500,0
2026-08-16,2026-08-16_新潟11R_3歳以上1勝クラス,2倍台,ワイド,3,3,300,0
2026-08-16,2026-08-16_新潟11R_3歳以上1勝クラス,2倍台,ワイド,4,6,600,0
2026-08-16,2026-08-16_新潟11R_3歳以上1勝クラス,2倍台,ワイド,5,10,1000,0
2026-08-16,2026-08-16_新潟11R_3歳以上1勝クラス,2倍台,ワイド,6,15,1500,0
2026-08-16,2026-08-16_新潟11R_3歳以上1勝クラス,2倍台,馬連,3,3,300,0
2026-08-16,2026-08-16_新潟11R_3歳以上1勝クラス,2倍台,馬連,4,6,600,0
2026-08-16,2026-08-16_新潟11R_3歳以上1勝クラス,2倍台,馬連,5,10,1000,0
2026-08-16,2026-08-16_新潟11R_3歳以上1勝クラス,2倍台,馬連,6,15,1500,0
2026-08-16,2026-08-16_新潟12R_3歳未勝利,3倍以上,ワイド,3,3,300,310
2026-08-16,2026-08-16_新潟12R_3歳未勝利,3倍以上,ワイド,4,6,600,310
2026-08-16,2026-08-16_新潟12R_3歳未勝利,3倍以上,ワイド,5,10,1000,310
2026-08-16,2026-08-16_新潟12R_3歳未勝利,3倍以上,ワイド,6,15,1500,310
2026-08-16,2026-08-16_新潟12R_3歳未勝利,3倍以上,馬連,3,3,300,670
2026-08-16,2026-08-16_新潟12R_3歳未勝利,3倍以上,馬連,4,6,600,670
2026-08-16,2026-08-16_新潟12R_3歳未勝利,3倍以上,馬連,5,10,1000,670
2026-08-16,2026-08-16_新潟12R_3歳未勝利,3倍以上,馬連,6,15,1500,670
2026-08-16,2026-08-16_札幌09R_小樽特別,3倍以上,ワイド,3,3,300,0
2026-08-16,2026-08-16_札幌09R_小樽特別,3倍以上,ワイド,4,6,600,0
2026-08-16,2026-08-16_札幌09R_小樽特別,3倍以上,ワイド,5,10,1000,0
2026-08-16,2026-08-16_札幌09R_小樽特別,3倍以上,ワイド,6,15,1500,0
2026-08-16,2026-08-16_札幌09R_小樽特別,3倍以上,馬連,3,3,300,0
2026-08-16,2026-08-16_札幌09R_小樽特別,3倍以上,馬連,4,6,600,0
2026-08-16,2026-08-16_札幌09R_小樽特別,3倍以上,馬連,5,10,1000,0
2026-08-16,2026-08-16_札幌09R_小樽特別,3倍以上,馬連,6,15,1500,0
2026-08-16,2026-08-16_札幌10R_大通公園特別,3倍以上,ワイド,3,3,300,0
2026-08-16,2026-08-16_札幌10R_大通公園特別,3倍以上,ワイド,4,6,600,0
2026-08-16,2026-08-16_札幌10R_大通公園特別,3倍以上,ワイド,5,10,1000,610
2026-08-16,2026-08-16_札幌10R_大通公園特別,3倍以上,ワイド,6,15,1500,610
2026-08-16,2026-08-16_札幌10R_大通公園特別,3倍以上,馬連,3,3,300,0
2026-08-16,2026-08-16_札幌10R_大通公園特別,3倍以上,馬連,4,6,600,0
2026-08-16,2026-08-16_札幌10R_大通公園特別,3倍以上,馬連,5,10,1000,0
2026-08-16,2026-08-16_札幌10R_大通公園特別,3倍以上,馬連,6,15,1500,0
2026-08-16,2026-08-16_札幌11R_札幌記念,3倍以上,ワイド,3,3,300,0
2026-08-16,2026-08-16_札幌11R_札幌記念,3倍以上,ワイド,4,6,600,0
2026-08-16,2026-08-16_札幌11R_札幌記念,3倍以上,ワイド,5,10,1000,0
2026-08-16,2026-08-16_札幌11R_札幌記念,3倍以上,ワイド,6,15,1500,0
2026-08-16,2026-08-16_札幌11R_札幌記念,3倍以上,馬連,3,3,300,0
2026-08-16,2026-08-16_札幌11R_札幌記念,3倍以上,馬連,4,6,600,0
2026-08-16,2026-08-16_札幌11R_札幌記念,3倍以上,馬連,5,10,1000,0
2026-08-16,2026-08-16_札幌11R_札幌記念,3倍以上,馬連,6,15,1500,0
2026-08-16,2026-08-16_札幌12R_阿寒湖特別,1倍台,ワイド,3,3,300,930
2026-08-16,2026-08-16_札幌12R_阿寒湖特別,1倍台,ワイド,4,6,600,930
2026-08-16,2026-08-16_札幌12R_阿寒湖特別,1倍台,ワイド,5,10,1000,930
2026-08-16,2026-08-16_札幌12R_阿寒湖特別,1倍台,ワイド,6,15,1500,930
2026-08-16,2026-08-16_札幌12R_阿寒湖特別,1倍台,馬連,3,3,300,0
2026-08-16,2026-08-16_札幌12R_阿寒湖特別,1倍台,馬連,4,6,600,0
2026-08-16,2026-08-16_札幌12R_阿寒湖特別,1倍台,馬連,5,10,1000,0
2026-08-16,2026-08-16_札幌12R_阿寒湖特別,1倍台,馬連,6,15,1500,0
2026-08-22,2026-08-22_中京09R_3歳以上障害OP,2倍台,ワイド,3,3,300,1110
2026-08-22,2026-08-22_中京09R_3歳以上障害OP,2倍台,ワイド,4,6,600,1110
2026-08-22,2026-08-22_中京09R_3歳以上障害OP,2倍台,ワイド,5,10,1000,1110
2026-08-22,2026-08-22_中京09R_3歳以上障害OP,2倍台,ワイド,6,15,1500,3520
2026-08-22,2026-08-22_中京09R_3歳以上障害OP,2倍台,馬連,3,3,300,4170
2026-08-22,2026-08-22_中京09R_3歳以上障害OP,2倍台,馬連,4,6,600,4170
2026-08-22,2026-08-22_中京09R_3歳以上障害OP,2倍台,馬連,5,10,1000,4170
2026-08-22,2026-08-22_中京09R_3歳以上障害OP,2倍台,馬連,6,15,1500,4170
2026-08-22,2026-08-22_中京10R_3歳以上1勝クラス,3倍以上,ワイド,3,3,300,0
2026-08-22,2026-08-22_中京10R_3歳以上1勝クラス,3倍以上,ワイド,4,6,600,0
2026-08-22,2026-08-22_中京10R_3歳以上1勝クラス,3倍以上,ワイド,5,10,1000,0
2026-08-22,2026-08-22_中京10R_3歳以上1勝クラス,3倍以上,ワイド,6,15,1500,0
2026-08-22,2026-08-22_中京10R_3歳以上1勝クラス,3倍以上,馬連,3,3,300,0
2026-08-22,2026-08-22_中京10R_3歳以上1勝クラス,3倍以上,馬連,4,6,600,0
2026-08-22,2026-08-22_中京10R_3歳以上1勝クラス,3倍以上,馬連,5,10,1000,0
2026-08-22,2026-08-22_中京10R_3歳以上1勝クラス,3倍以上,馬連,6,15,1500,0
2026-08-22,2026-08-22_中京11R_3歳未勝利,2倍台,ワイド,3,3,300,0
2026-08-22,2026-08-22_中京11R_3歳未勝利,2倍台,ワイド,4,6,600,0
2026-08-22,2026-08-22_中京11R_3歳未勝利,2倍台,ワイド,5,10,1000,1270
2026-08-22,2026-08-22_中京11R_3歳未勝利,2倍台,ワイド,6,15,1500,2730
2026-08-22,2026-08-22_中京11R_3歳未勝利,2倍台,馬連,3,3,300,0
2026-08-22,2026-08-22_中京11R_3歳未勝利,2倍台,馬連,4,6,600,0
2026-08-22,2026-08-22_中京11R_3歳未勝利,2倍台,馬連,5,10,1000,0
2026-08-22,2026-08-22_中京11R_3歳未勝利,2倍台,馬連,6,15,1500,2580
2026-08-22,2026-08-22_中京12R_3歳未勝利,3倍以上,ワイド,3,3,300,310
2026-08-22,2026-08-22_中京12R_3歳未勝利,3倍以上,ワイド,4,6,600,310
2026-08-22,2026-08-22_中京12R_3歳未勝利,3倍以上,ワイド,5,10,1000,310
2026-08-22,2026-08-22_中京12R_3歳未勝利,3倍以上,ワイド,6,15,1500,310
2026-08-22,2026-08-22_中京12R_3歳未勝利,3倍以上,馬連,3,3,300,710
2026-08-22,2026-08-22_中京12R_3歳未勝利,3倍以上,馬連,4,6,600,710
2026-08-22,2026-08-22_中京12R_3歳未勝利,3倍以上,馬連,5,10,1000,710
2026-08-22,2026-08-22_中京12R_3歳未勝利,3倍以上,馬連,6,15,1500,710
2026-08-22,2026-08-22_新潟09R_3歳以上1勝クラス,3倍以上,ワイド,3,3,300,0
2026-08-22,2026-08-22_新潟09R_3歳以上1勝クラス,3倍以上,ワイド,4,6,600,410
2026-08-22,2026-08-22_新潟09R_3歳以上1勝クラス,3倍以上,ワイド,5,10,1000,410
2026-08-22,2026-08-22_新潟09R_3歳以上1勝クラス,3倍以上,ワイド,6,15,1500,410
2026-08-22,2026-08-22_新潟09R_3歳以上1勝クラス,3倍以上,馬連,3,3,300,0
2026-08-22,2026-08-22_新潟09R_3歳以上1勝クラス,3倍以上,馬連,4,6,600,1000
2026-08-22,2026-08-22_新潟09R_3歳以上1勝クラス,3倍以上,馬連,5,10,1000,1000
2026-08-22,2026-08-22_新潟09R_3歳以上1勝クラス,3倍以上,馬連,6,15,1500,1000
2026-08-22,2026-08-22_新潟10R_3歳以上1勝クラス,2倍台,ワイド,3,3,300,0
2026-08-22,2026-08-22_新潟10R_3歳以上1勝クラス,2倍台,ワイド,4,6,600,1970
2026-08-22,2026-08-22_新潟10R_3歳以上1勝クラス,2倍台,ワイド,5,10,1000,1970
2026-08-22,2026-08-22_新潟10R_3歳以上1勝クラス,2倍台,ワイド,6,15,1500,1970
2026-08-22,2026-08-22_新潟10R_3歳以上1勝クラス,2倍台,馬連,3,3,300,0
2026-08-22,2026-08-22_新潟10R_3歳以上1勝クラス,2倍台,馬連,4,6,600,0
2026-08-22,2026-08-22_新潟10R_3歳以上1勝クラス,2倍台,馬連,5,10,1000,0
2026-08-22,2026-08-22_新潟10R_3歳以上1勝クラス,2倍台,馬連,6,15,1500,0
2026-08-22,2026-08-22_新潟11R_3歳未勝利,2倍台,ワイド,3,3,300,0
2026-08-22,2026-08-22_新潟11R_3歳未勝利,2倍台,ワイド,4,6,600,0
2026-08-22,2026-08-22_新潟11R_3歳未勝利,2倍台,ワイド,5,10,1000,200
2026-08-22,2026-08-22_新潟11R_3歳未勝利,2倍台,ワイド,6,15,1500,200
2026-08-22,2026-08-22_新潟11R_3歳未勝利,2倍台,馬連,3,3,300,0
2026-08-22,2026-08-22_新潟11R_3歳未勝利,2倍台,馬連,4,6,600,0
2026-08-22,2026-08-22_新潟11R_3歳未勝利,2倍台,馬連,5,10,1000,0
2026-08-22,2026-08-22_新潟11R_3歳未勝利,2倍台,馬連,6,15,1500,0
2026-08-22,2026-08-22_新潟12R_3歳未勝利,1倍台,ワイド,3,3,300,0
2026-08-22,2026-08-22_新潟12R_3歳未勝利,1倍台,ワイド,4,6,600,330
2026-08-22,2026-08-22_新潟12R_3歳未勝利,1倍台,ワイド,5,10,1000,1130
2026-08-22,2026-08-22_新潟12R_3歳未勝利,1倍台,ワイド,6,15,1500,1130
2026-08-22,2026-08-22_新潟12R_3歳未勝利,1倍台,馬連,3,3,300,0
2026-08-22,2026-08-22_新潟12R_3歳未勝利,1倍台,馬連,4,6,600,790
2026-08-22,2026-08-22_新潟12R_3歳未勝利,1倍台,馬連,5,10,1000,790
2026-08-22,2026-08-22_新潟12R_3歳未勝利,1倍台,馬連,6,15,1500,790
2026-08-22,2026-08-22_札幌09R_クローバー賞,1倍台,ワイド,3,3,300,0
2026-08-22,2026-08-22_札幌09R_クローバー賞,1倍台,ワイド,4,6,600,290
2026-08-22,2026-08-22_札幌09R_クローバー賞,1倍台,ワイド,5,10,1000,4720
2026-08-22,2026-08-22_札幌09R_クローバー賞,1倍台,ワイド,6,15,1500,4720
2026-08-22,2026-08-22_札幌09R_クローバー賞,1倍台,馬連,3,3,300,0
2026-08-22,2026-08-22_札幌09R_クローバー賞,1倍台,馬連,4,6,600,520
2026-08-22,2026-08-22_札幌09R_クローバー賞,1倍台,馬連,5,10,1000,520
2026-08-22,2026-08-22_札幌09R_クローバー賞,1倍台,馬連,6,15,1500,520
2026-08-22,2026-08-22_札幌10R_WASJ第1戦,3倍以上,ワイド,3,3,300,0
2026-08-22,2026-08-22_札幌10R_WASJ第1戦,3倍以上,ワイド,4,6,600,0
2026-08-22,2026-08-22_札幌10R_WASJ第1戦,3倍以上,ワイド,5,10,1000,900
2026-08-22,2026-08-22_札幌10R_WASJ第1戦,3倍以上,ワイド,6,15,1500,2600
2026-08-22,2026-08-22_札幌10R_WASJ第1戦,3倍以上,馬連,3,3,300,0
2026-08-22,2026-08-22_札幌10R_WASJ第1戦,3倍以上,馬連,4,6,600,0
2026-08-22,2026-08-22_札幌10R_WASJ第1戦,3倍以上,馬連,5,10,1000,0
2026-08-22,2026-08-22_札幌10R_WASJ第1戦,3倍以上,馬連,6,15,1500,1480
2026-08-22,2026-08-22_札幌11R_WASJ第2戦,3倍以上,ワイド,3,3,300,0
2026-08-22,2026-08-22_札幌11R_WASJ第2戦,3倍以上,ワイド,4,6,600,0
2026-08-22,2026-08-22_札幌11R_WASJ第2戦,3倍以上,ワイド,5,10,1000,750
2026-08-22,2026-08-22_札幌11R_WASJ第2戦,3倍以上,ワイド,6,15,1500,750
2026-08-22,2026-08-22_札幌11R_WASJ第2戦,3倍以上,馬連,3,3,300,0
2026-08-22,2026-08-22_札幌11R_WASJ第2戦,3倍以上,馬連,4,6,600,0
2026-08-22,2026-08-22_札幌11R_WASJ第2戦,3倍以上,馬連,5,10,1000,0
2026-08-22,2026-08-22_札幌11R_WASJ第2戦,3倍以上,馬連,6,15,1500,0
2026-08-22,2026-08-22_札幌12R_ニセコ特別,3倍以上,ワイド,3,3,300,0
2026-08-22,2026-08-22_札幌12R_ニセコ特別,3倍以上,ワイド,4,6,600,0
2026-08-22,2026-08-22_札幌12R_ニセコ特別,3倍以上,ワイド,5,10,1000,300
2026-08-22,2026-08-22_札幌12R_ニセコ特別,3倍以上,ワイド,6,15,1500,300
2026-08-22,2026-08-22_札幌12R_ニセコ特別,3倍以上,馬連,3,3,300,0
2026-08-22,2026-08-22_札幌12R_ニセコ特別,3倍以上,馬連,4,6,600,0
2026-08-22,2026-08-22_札幌12R_ニセコ特別,3倍以上,馬連,5,10,1000,0
2026-08-22,2026-08-22_札幌12R_ニセコ特別,3倍以上,馬連,6,15,1500,0
2026-08-23,2026-08-23_中京09R_3歳以上障害未勝利,1倍台,ワイド,3,3,300,210
2026-08-23,2026-08-23_中京09R_3歳以上障害未勝利,1倍台,ワイド,4,6,600,210
2026-08-23,2026-08-23_中京09R_3歳以上障害未勝利,1倍台,ワイド,5,10,1000,210
2026-08-23,2026-08-23_中京09R_3歳以上障害未勝利,1倍台,ワイド,6,15,1500,210
2026-08-23,2026-08-23_中京09R_3歳以上障害未勝利,1倍台,馬連,3,3,300,0
2026-08-23,2026-08-23_中京09R_3歳以上障害未勝利,1倍台,馬連,4,6,600,0
2026-08-23,2026-08-23_中京09R_3歳以上障害未勝利,1倍台,馬連,5,10,1000,0
2026-08-23,2026-08-23_中京09R_3歳以上障害未勝利,1倍台,馬連,6,15,1500,0
2026-08-23,2026-08-23_中京10R_3歳未勝利,1倍台,ワイド,3,3,300,320
2026-08-23,2026-08-23_中京10R_3歳未勝利,1倍台,ワイド,4,6,600,320
2026-08-23,2026-08-23_中京10R_3歳未勝利,1倍台,ワイド,5,10,1000,1980
2026-08-23,2026-08-23_中京10R_3歳未勝利,1倍台,ワイド,6,15,1500,1980
2026-08-23,2026-08-23_中京10R_3歳未勝利,1倍台,馬連,3,3,300,670
2026-08-23,2026-08-23_中京10R_3歳未勝利,1倍台,馬連,4,6,600,670
2026-08-23,2026-08-23_中京10R_3歳未勝利,1倍台,馬連,5,10,1000,670
2026-08-23,2026-08-23_中京10R_3歳未勝利,1倍台,馬連,6,15,1500,670
2026-08-23,2026-08-23_中京11R_3歳以上1勝クラス,2倍台,ワイド,3,3,300,0
2026-08-23,2026-08-23_中京11R_3歳以上1勝クラス,2倍台,ワイド,4,6,600,0
2026-08-23,2026-08-23_中京11R_3歳以上1勝クラス,2倍台,ワイド,5,10,1000,0
2026-08-23,2026-08-23_中京11R_3歳以上1勝クラス,2倍台,ワイド,6,15,1500,0
2026-08-23,2026-08-23_中京11R_3歳以上1勝クラス,2倍台,馬連,3,3,300,0
2026-08-23,2026-08-23_中京11R_3歳以上1勝クラス,2倍台,馬連,4,6,600,0
2026-08-23,2026-08-23_中京11R_3歳以上1勝クラス,2倍台,馬連,5,10,1000,0
2026-08-23,2026-08-23_中京11R_3歳以上1勝クラス,2倍台,馬連,6,15,1500,0
2026-08-23,2026-08-23_中京12R_3歳未勝利,2倍台,ワイド,3,3,300,0
2026-08-23,2026-08-23_中京12R_3歳未勝利,2倍台,ワイド,4,6,600,0
2026-08-23,2026-08-23_中京12R_3歳未勝利,2倍台,ワイド,5,10,1000,0
2026-08-23,2026-08-23_中京12R_3歳未勝利,2倍台,ワイド,6,15,1500,0
2026-08-23,2026-08-23_中京12R_3歳未勝利,2倍台,馬連,3,3,300,0
2026-08-23,2026-08-23_中京12R_3歳未勝利,2倍台,馬連,4,6,600,0
2026-08-23,2026-08-23_中京12R_3歳未勝利,2倍台,馬連,5,10,1000,0
2026-08-23,2026-08-23_中京12R_3歳未勝利,2倍台,馬連,6,15,1500,0
2026-08-23,2026-08-23_新潟09R_3歳以上1勝クラス,3倍以上,ワイド,3,3,300,0
2026-08-23,2026-08-23_新潟09R_3歳以上1勝クラス,3倍以上,ワイド,4,6,600,0
2026-08-23,2026-08-23_新潟09R_3歳以上1勝クラス,3倍以上,ワイド,5,10,1000,0
2026-08-23,2026-08-23_新潟09R_3歳以上1勝クラス,3倍以上,ワイド,6,15,1500,0
2026-08-23,2026-08-23_新潟09R_3歳以上1勝クラス,3倍以上,馬連,3,3,300,0
2026-08-23,2026-08-23_新潟09R_3歳以上1勝クラス,3倍以上,馬連,4,6,600,0
2026-08-23,2026-08-23_新潟09R_3歳以上1勝クラス,3倍以上,馬連,5,10,1000,0
2026-08-23,2026-08-23_新潟09R_3歳以上1勝クラス,3倍以上,馬連,6,15,1500,0
2026-08-23,2026-08-23_新潟10R_3歳以上1勝クラス,2倍台,ワイド,3,3,300,160
2026-08-23,2026-08-23_新潟10R_3歳以上1勝クラス,2倍台,ワイド,4,6,600,160
2026-08-23,2026-08-23_新潟10R_3歳以上1勝クラス,2倍台,ワイド,5,10,1000,160
2026-08-23,2026-08-23_新潟10R_3歳以上1勝クラス,2倍台,ワイド,6,15,1500,160
2026-08-23,2026-08-23_新潟10R_3歳以上1勝クラス,2倍台,馬連,3,3,300,0
2026-08-23,2026-08-23_新潟10R_3歳以上1勝クラス,2倍台,馬連,4,6,600,0
2026-08-23,2026-08-23_新潟10R_3歳以上1勝クラス,2倍台,馬連,5,10,1000,0
2026-08-23,2026-08-23_新潟10R_3歳以上1勝クラス,2倍台,馬連,6,15,1500,0
2026-08-23,2026-08-23_新潟11R_3歳以上1勝クラス,3倍以上,ワイド,3,3,300,0
2026-08-23,2026-08-23_新潟11R_3歳以上1勝クラス,3倍以上,ワイド,4,6,600,0
2026-08-23,2026-08-23_新潟11R_3歳以上1勝クラス,3倍以上,ワイド,5,10,1000,0
2026-08-23,2026-08-23_新潟11R_3歳以上1勝クラス,3倍以上,ワイド,6,15,1500,0
2026-08-23,2026-08-23_新潟11R_3歳以上1勝クラス,3倍以上,馬連,3,3,300,0
2026-08-23,2026-08-23_新潟11R_3歳以上1勝クラス,3倍以上,馬連,4,6,600,0
2026-08-23,2026-08-23_新潟11R_3歳以上1勝クラス,3倍以上,馬連,5,10,1000,0
2026-08-23,2026-08-23_新潟11R_3歳以上1勝クラス,3倍以上,馬連,6,15,1500,0
2026-08-23,2026-08-23_新潟12R_3歳未勝利,1倍台,ワイド,3,3,300,0
2026-08-23,2026-08-23_新潟12R_3歳未勝利,1倍台,ワイド,4,6,600,0
2026-08-23,2026-08-23_新潟12R_3歳未勝利,1倍台,ワイド,5,10,1000,120
2026-08-23,2026-08-23_新潟12R_3歳未勝利,1倍台,ワイド,6,15,1500,1010
2026-08-23,2026-08-23_新潟12R_3歳未勝利,1倍台,馬連,3,3,300,0
2026-08-23,2026-08-23_新潟12R_3歳未勝利,1倍台,馬連,4,6,600,0
2026-08-23,2026-08-23_新潟12R_3歳未勝利,1倍台,馬連,5,10,1000,170
2026-08-23,2026-08-23_新潟12R_3歳未勝利,1倍台,馬連,6,15,1500,170
2026-08-23,2026-08-23_札幌09R_ルスツ特別,3倍以上,ワイド,3,3,300,0
2026-08-23,2026-08-23_札幌09R_ルスツ特別,3倍以上,ワイド,4,6,600,0
2026-08-23,2026-08-23_札幌09R_ルスツ特別,3倍以上,ワイド,5,10,1000,0
2026-08-23,2026-08-23_札幌09R_ルスツ特別,3倍以上,ワイド,6,15,1500,0
2026-08-23,2026-08-23_札幌09R_ルスツ特別,3倍以上,馬連,3,3,300,0
2026-08-23,2026-08-23_札幌09R_ルスツ特別,3倍以上,馬連,4,6,600,0
2026-08-23,2026-08-23_札幌09R_ルスツ特別,3倍以上,馬連,5,10,1000,0
2026-08-23,2026-08-23_札幌09R_ルスツ特別,3倍以上,馬連,6,15,1500,0
2026-08-23,2026-08-23_札幌10R_WASJ第3戦,3倍以上,ワイド,3,3,300,0
2026-08-23,2026-08-23_札幌10R_WASJ第3戦,3倍以上,ワイド,4,6,600,0
2026-08-23,2026-08-23_札幌10R_WASJ第3戦,3倍以上,ワイド,5,10,1000,0
2026-08-23,2026-08-23_札幌10R_WASJ第3戦,3倍以上,ワイド,6,15,1500,930
2026-08-23,2026-08-23_札幌10R_WASJ第3戦,3倍以上,馬連,3,3,300,0
2026-08-23,2026-08-23_札幌10R_WASJ第3戦,3倍以上,馬連,4,6,600,0
2026-08-23,2026-08-23_札幌10R_WASJ第3戦,3倍以上,馬連,5,10,1000,0
2026-08-23,2026-08-23_札幌10R_WASJ第3戦,3倍以上,馬連,6,15,1500,0
2026-08-23,2026-08-23_札幌11R_キーンランドC,1倍台,ワイド,3,3,300,0
2026-08-23,2026-08-23_札幌11R_キーンランドC,1倍台,ワイド,4,6,600,0
2026-08-23,2026-08-23_札幌11R_キーンランドC,1倍台,ワイド,5,10,1000,480
2026-08-23,2026-08-23_札幌11R_キーンランドC,1倍台,ワイド,6,15,1500,480
2026-08-23,2026-08-23_札幌11R_キーンランドC,1倍台,馬連,3,3,300,0
2026-08-23,2026-08-23_札幌11R_キーンランドC,1倍台,馬連,4,6,600,0
2026-08-23,2026-08-23_札幌11R_キーンランドC,1倍台,馬連,5,10,1000,0
2026-08-23,2026-08-23_札幌11R_キーンランドC,1倍台,馬連,6,15,1500,0
2026-08-23,2026-08-23_札幌12R_WASJ第4戦,3倍以上,ワイド,3,3,300,0
2026-08-23,2026-08-23_札幌12R_WASJ第4戦,3倍以上,ワイド,4,6,600,760
2026-08-23,2026-08-23_札幌12R_WASJ第4戦,3倍以上,ワイド,5,10,1000,760
2026-08-23,2026-08-23_札幌12R_WASJ第4戦,3倍以上,ワイド,6,15,1500,760
2026-08-23,2026-08-23_札幌12R_WASJ第4戦,3倍以上,馬連,3,3,300,0
2026-08-23,2026-08-23_札幌12R_WASJ第4戦,3倍以上,馬連,4,6,600,0
2026-08-23,2026-08-23_札幌12R_WASJ第4戦,3倍以上,馬連,5,10,1000,0
2026-08-23,2026-08-23_札幌12R_WASJ第4戦,3倍以上,馬連,6,15,1500,0
2026-08-29,2026-08-29_中京09R_3歳以上1勝クラス,2倍台,ワイド,3,3,300,0
2026-08-29,2026-08-29_中京09R_3歳以上1勝クラス,2倍台,ワイド,4,6,600,0
2026-08-29,2026-08-29_中京09R_3歳以上1勝クラス,2倍台,ワイド,5,10,1000,1360
2026-08-29,2026-08-29_中京09R_3歳以上1勝クラス,2倍台,ワイド,6,15,1500,1360
2026-08-29,2026-08-29_中京09R_3歳以上1勝クラス,2倍台,馬連,3,3,300,0
2026-08-29,2026-08-29_中京09R_3歳以上1勝クラス,2倍台,馬連,4,6,600,0
2026-08-29,2026-08-29_中京09R_3歳以上1勝クラス,2倍台,馬連,5,10,1000,0
2026-08-29,2026-08-29_中京09R_3歳以上1勝クラス,2倍台,馬連,6,15,1500,0
2026-08-29,2026-08-29_中京10R_3歳以上1勝クラス,2倍台,ワイド,3,3,300,0
2026-08-29,2026-08-29_中京10R_3歳以上1勝クラス,2倍台,ワイド,4,6,600,340
2026-08-29,2026-08-29_中京10R_3歳以上1勝クラス,2倍台,ワイド,5,10,1000,340
2026-08-29,2026-08-29_中京10R_3歳以上1勝クラス,2倍台,ワイド,6,15,1500,340
2026-08-29,2026-08-29_中京10R_3歳以上1勝クラス,2倍台,馬連,3,3,300,0
2026-08-29,2026-08-29_中京10R_3歳以上1勝クラス,2倍台,馬連,4,6,600,750
2026-08-29,2026-08-29_中京10R_3歳以上1勝クラス,2倍台,馬連,5,10,1000,750
2026-08-29,2026-08-29_中京10R_3歳以上1勝クラス,2倍台,馬連,6,15,1500,750
2026-08-29,2026-08-29_中京11R_3歳以上1勝クラス,2倍台,ワイド,3,3,300,280
2026-08-29,2026-08-29_中京11R_3歳以上1勝クラス,2倍台,ワイド,4,6,600,280
2026-08-29,2026-08-29_中京11R_3歳以上1勝クラス,2倍台,ワイド,5,10,1000,280
2026-08-29,2026-08-29_中京11R_3歳以上1勝クラス,2倍台,ワイド,6,15,1500,280
2026-08-29,2026-08-29_中京11R_3歳以上1勝クラス,2倍台,馬連,3,3,300,540
2026-08-29,2026-08-29_中京11R_3歳以上1勝クラス,2倍台,馬連,4,6,600,540
2026-08-29,2026-08-29_中京11R_3歳以上1勝クラス,2倍台,馬連,5,10,1000,540
2026-08-29,2026-08-29_中京11R_3歳以上1勝クラス,2倍台,馬連,6,15,1500,540
2026-08-29,2026-08-29_中京12R_3歳未勝利,3倍以上,ワイド,3,3,300,250
2026-08-29,2026-08-29_中京12R_3歳未勝利,3倍以上,ワイド,4,6,600,250
2026-08-29,2026-08-29_中京12R_3歳未勝利,3倍以上,ワイド,5,10,1000,250
2026-08-29,2026-08-29_中京12R_3歳未勝利,3倍以上,ワイド,6,15,1500,250
2026-08-29,2026-08-29_中京12R_3歳未勝利,3倍以上,馬連,3,3,300,0
2026-08-29,2026-08-29_中京12R_3歳未勝利,3倍以上,馬連,4,6,600,0
2026-08-29,2026-08-29_中京12R_3歳未勝利,3倍以上,馬連,5,10,1000,0
2026-08-29,2026-08-29_中京12R_3歳未勝利,3倍以上,馬連,6,15,1500,0
2026-08-29,2026-08-29_新潟09R_3歳以上1勝クラス,3倍以上,ワイド,3,3,300,0
2026-08-29,2026-08-29_新潟09R_3歳以上1勝クラス,3倍以上,ワイド,4,6,600,540
2026-08-29,2026-08-29_新潟09R_3歳以上1勝クラス,3倍以上,ワイド,5,10,1000,540
2026-08-29,2026-08-29_新潟09R_3歳以上1勝クラス,3倍以上,ワイド,6,15,1500,540
2026-08-29,2026-08-29_新潟09R_3歳以上1勝クラス,3倍以上,馬連,3,3,300,0
2026-08-29,2026-08-29_新潟09R_3歳以上1勝クラス,3倍以上,馬連,4,6,600,0
2026-08-29,2026-08-29_新潟09R_3歳以上1勝クラス,3倍以上,馬連,5,10,1000,0
2026-08-29,2026-08-29_新潟09R_3歳以上1勝クラス,3倍以上,馬連,6,15,1500,0
2026-08-29,2026-08-29_新潟10R_3歳以上1勝クラス,2倍台,ワイド,3,3,300,0
2026-08-29,2026-08-29_新潟10R_3歳以上1勝クラス,2倍台,ワイド,4,6,600,790
2026-08-29,2026-08-29_新潟10R_3歳以上1勝クラス,2倍台,ワイド,5,10,1000,790
2026-08-29,2026-08-29_新潟10R_3歳以上1勝クラス,2倍台,ワイド,6,15,1500,790
2026-08-29,2026-08-29_新潟10R_3歳以上1勝クラス,2倍台,馬連,3,3,300,0
2026-08-29,2026-08-29_新潟10R_3歳以上1勝クラス,2倍台,馬連,4,6,600,2220
2026-08-29,2026-08-29_新潟10R_3歳以上1勝クラス,2倍台,馬連,5,10,1000,2220
2026-08-29,2026-08-29_新潟10R_3歳以上1勝クラス,2倍台,馬連,6,15,1500,2220
2026-08-29,2026-08-29_新潟11R_3歳未勝利,1倍台,ワイド,3,3,300,0
2026-08-29,2026-08-29_新潟11R_3歳未勝利,1倍台,ワイド,4,6,600,0
2026-08-29,2026-08-29_新潟11R_3歳未勝利,1倍台,ワイド,5,10,1000,0
2026-08-29,2026-08-29_新潟11R_3歳未勝利,1倍台,ワイド,6,15,1500,0
2026-08-29,2026-08-29_新潟11R_3歳未勝利,1倍台,馬連,3,3,300,0
2026-08-29,2026-08-29_新潟11R_3歳未勝利,1倍台,馬連,4,6,600,0
2026-08-29,2026-08-29_新潟11R_3歳未勝利,1倍台,馬連,5,10,1000,0
2026-08-29,2026-08-29_新潟11R_3歳未勝利,1倍台,馬連,6,15,1500,0
2026-08-29,2026-08-29_新潟12R_3歳未勝利,2倍台,ワイド,3,3,300,180
2026-08-29,2026-08-29_新潟12R_3歳未勝利,2倍台,ワイド,4,6,600,180
2026-08-29,2026-08-29_新潟12R_3歳未勝利,2倍台,ワイド,5,10,1000,920
2026-08-29,2026-08-29_新潟12R_3歳未勝利,2倍台,ワイド,6,15,1500,920
2026-08-29,2026-08-29_新潟12R_3歳未勝利,2倍台,馬連,3,3,300,360
2026-08-29,2026-08-29_新潟12R_3歳未勝利,2倍台,馬連,4,6,600,360
2026-08-29,2026-08-29_新潟12R_3歳未勝利,2倍台,馬連,5,10,1000,360
2026-08-29,2026-08-29_新潟12R_3歳未勝利,2倍台,馬連,6,15,1500,360
2026-08-29,2026-08-29_札幌09R_3歳以上1勝クラス,2倍台,ワイド,3,3,300,470
2026-08-29,2026-08-29_札幌09R_3歳以上1勝クラス,2倍台,ワイド,4,6,600,470
2026-08-29,2026-08-29_札幌09R_3歳以上1勝クラス,2倍台,ワイド,5,10,1000,5050
2026-08-29,2026-08-29_札幌09R_3歳以上1勝クラス,2倍台,ワイド,6,15,1500,5050
2026-08-29,2026-08-29_札幌09R_3歳以上1勝クラス,2倍台,馬連,3,3,300,0
2026-08-29,2026-08-29_札幌09R_3歳以上1勝クラス,2倍台,馬連,4,6,600,0
2026-08-29,2026-08-29_札幌09R_3歳以上1勝クラス,2倍台,馬連,5,10,1000,4640
2026-08-29,2026-08-29_札幌09R_3歳以上1勝クラス,2倍台,馬連,6,15,1500,4640
2026-08-29,2026-08-29_札幌10R_すずらん賞,2倍台,ワイド,3,3,300,0
2026-08-29,2026-08-29_札幌10R_すずらん賞,2倍台,ワイド,4,6,600,310
2026-08-29,2026-08-29_札幌10R_すずらん賞,2倍台,ワイド,5,10,1000,310
2026-08-29,2026-08-29_札幌10R_すずらん賞,2倍台,ワイド,6,15,1500,310
2026-08-29,2026-08-29_札幌10R_すずらん賞,2倍台,馬連,3,3,300,0
2026-08-29,2026-08-29_札幌10R_すずらん賞,2倍台,馬連,4,6,600,680
2026-08-29,2026-08-29_札幌10R_すずらん賞,2倍台,馬連,5,10,1000,680
2026-08-29,2026-08-29_札幌10R_すずらん賞,2倍台,馬連,6,15,1500,680
2026-08-29,2026-08-29_札幌11R_札幌日刊スポーツ杯,2倍台,ワイド,3,3,300,0
2026-08-29,2026-08-29_札幌11R_札幌日刊スポーツ杯,2倍台,ワイド,4,6,600,0
2026-08-29,2026-08-29_札幌11R_札幌日刊スポーツ杯,2倍台,ワイド,5,10,1000,0
2026-08-29,2026-08-29_札幌11R_札幌日刊スポーツ杯,2倍台,ワイド,6,15,1500,0
2026-08-29,2026-08-29_札幌11R_札幌日刊スポーツ杯,2倍台,馬連,3,3,300,0
2026-08-29,2026-08-29_札幌11R_札幌日刊スポーツ杯,2倍台,馬連,4,6,600,0
2026-08-29,2026-08-29_札幌11R_札幌日刊スポーツ杯,2倍台,馬連,5,10,1000,0
2026-08-29,2026-08-29_札幌11R_札幌日刊スポーツ杯,2倍台,馬連,6,15,1500,0
2026-08-29,2026-08-29_札幌12R_千歳特別,1倍台,ワイド,3,3,300,0
2026-08-29,2026-08-29_札幌12R_千歳特別,1倍台,ワイド,4,6,600,140
2026-08-29,2026-08-29_札幌12R_千歳特別,1倍台,ワイド,5,10,1000,140
2026-08-29,2026-08-29_札幌12R_千歳特別,1倍台,ワイド,6,15,1500,2590
2026-08-29,2026-08-29_札幌12R_千歳特別,1倍台,馬連,3,3,300,0
2026-08-29,2026-08-29_札幌12R_千歳特別,1倍台,馬連,4,6,600,220
2026-08-29,2026-08-29_札幌12R_千歳特別,1倍台,馬連,5,10,1000,220
2026-08-29,2026-08-29_札幌12R_千歳特別,1倍台,馬連,6,15,1500,220
2026-08-30,2026-08-30_中京09R_3歳未勝利,2倍台,ワイド,3,3,300,0
2026-08-30,2026-08-30_中京09R_3歳未勝利,2倍台,ワイド,4,6,600,330
2026-08-30,2026-08-30_中京09R_3歳未勝利,2倍台,ワイド,5,10,1000,330
2026-08-30,2026-08-30_中京09R_3歳未勝利,2倍台,ワイド,6,15,1500,330
2026-08-30,2026-08-30_中京09R_3歳未勝利,2倍台,馬連,3,3,300,0
2026-08-30,2026-08-30_中京09R_3歳未勝利,2倍台,馬連,4,6,600,870
2026-08-30,2026-08-30_中京09R_3歳未勝利,2倍台,馬連,5,10,1000,870
2026-08-30,2026-08-30_中京09R_3歳未勝利,2倍台,馬連,6,15,1500,870
2026-08-30,2026-08-30_中京10R_3歳以上1勝クラス,2倍台,ワイド,3,3,300,2010
2026-08-30,2026-08-30_中京10R_3歳以上1勝クラス,2倍台,ワイド,4,6,600,2010
2026-08-30,2026-08-30_中京10R_3歳以上1勝クラス,2倍台,ワイド,5,10,1000,2010
2026-08-30,2026-08-30_中京10R_3歳以上1勝クラス,2倍台,ワイド,6,15,1500,2010
2026-08-30,2026-08-30_中京10R_3歳以上1勝クラス,2倍台,馬連,3,3,300,0
2026-08-30,2026-08-30_中京10R_3歳以上1勝クラス,2倍台,馬連,4,6,600,0
2026-08-30,2026-08-30_中京10R_3歳以上1勝クラス,2倍台,馬連,5,10,1000,0
2026-08-30,2026-08-30_中京10R_3歳以上1勝クラス,2倍台,馬連,6,15,1500,0
2026-08-30,2026-08-30_中京11R_3歳未勝利,3倍以上,ワイド,3,3,300,0
2026-08-30,2026-08-30_中京11R_3歳未勝利,3倍以上,ワイド,4,6,600,0
2026-08-30,2026-08-30_中京11R_3歳未勝利,3倍以上,ワイド,5,10,1000,0
2026-08-30,2026-08-30_中京11R_3歳未勝利,3倍以上,ワイド,6,15,1500,0
2026-08-30,2026-08-30_中京11R_3歳未勝利,3倍以上,馬連,3,3,300,0
2026-08-30,2026-08-30_中京11R_3歳未勝利,3倍以上,馬連,4,6,600,0
2026-08-30,2026-08-30_中京11R_3歳未勝利,3倍以上,馬連,5,10,1000,0
2026-08-30,2026-08-30_中京11R_3歳未勝利,3倍以上,馬連,6,15,1500,0
2026-08-30,2026-08-30_中京12R_3歳以上1勝クラス,1倍台,ワイド,3,3,300,490
2026-08-30,2026-08-30_中京12R_3歳以上1勝クラス,1倍台,ワイド,4,6,600,490
2026-08-30,2026-08-30_中京12R_3歳以上1勝クラス,1倍台,ワイド,5,10,1000,490
2026-08-30,2026-08-30_中京12R_3歳以上1勝クラス,1倍台,ワイド,6,15,1500,490
2026-08-30,2026-08-30_中京12R_3歳以上1勝クラス,1倍台,馬連,3,3,300,0
2026-08-30,2026-08-30_中京12R_3歳以上1勝クラス,1倍台,馬連,4,6,600,0
2026-08-30,2026-08-30_中京12R_3歳以上1勝クラス,1倍台,馬連,5,10,1000,0
2026-08-30,2026-08-30_中京12R_3歳以上1勝クラス,1倍台,馬連,6,15,1500,0
2026-08-30,2026-08-30_新潟09R_閃光特別,2倍台,ワイド,3,3,300,0
2026-08-30,2026-08-30_新潟09R_閃光特別,2倍台,ワイド,4,6,600,0
2026-08-30,2026-08-30_新潟09R_閃光特別,2倍台,ワイド,5,10,1000,0
2026-08-30,2026-08-30_新潟09R_閃光特別,2倍台,ワイド,6,15,1500,0
2026-08-30,2026-08-30_新潟09R_閃光特別,2倍台,馬連,3,3,300,0
2026-08-30,2026-08-30_新潟09R_閃光特別,2倍台,馬連,4,6,600,0
2026-08-30,2026-08-30_新潟09R_閃光特別,2倍台,馬連,5,10,1000,0
2026-08-30,2026-08-30_新潟09R_閃光特別,2倍台,馬連,6,15,1500,0
2026-08-30,2026-08-30_新潟10R_3歳未勝利,2倍台,ワイド,3,3,300,310
2026-08-30,2026-08-30_新潟10R_3歳未勝利,2倍台,ワイド,4,6,600,2920
2026-08-30,2026-08-30_新潟10R_3歳未勝利,2倍台,ワイド,5,10,1000,2920
2026-08-30,2026-08-30_新潟10R_3歳未勝利,2倍台,ワイド,6,15,1500,2920
2026-08-30,2026-08-30_新潟10R_3歳未勝利,2倍台,馬連,3,3,300,490
2026-08-30,2026-08-30_新潟10R_3歳未勝利,2倍台,馬連,4,6,600,490
2026-08-30,2026-08-30_新潟10R_3歳未勝利,2倍台,馬連,5,10,1000,490
2026-08-30,2026-08-30_新潟10R_3歳未勝利,2倍台,馬連,6,15,1500,490
2026-08-30,2026-08-30_新潟11R_3歳以上1勝クラス,2倍台,ワイド,3,3,300,240
2026-08-30,2026-08-30_新潟11R_3歳以上1勝クラス,2倍台,ワイド,4,6,600,240
2026-08-30,2026-08-30_新潟11R_3歳以上1勝クラス,2倍台,ワイド,5,10,1000,240
2026-08-30,2026-08-30_新潟11R_3歳以上1勝クラス,2倍台,ワイド,6,15,1500,240
2026-08-30,2026-08-30_新潟11R_3歳以上1勝クラス,2倍台,馬連,3,3,300,0
2026-08-30,2026-08-30_新潟11R_3歳以上1勝クラス,2倍台,馬連,4,6,600,0
2026-08-30,2026-08-30_新潟11R_3歳以上1勝クラス,2倍台,馬連,5,10,1000,0
2026-08-30,2026-08-30_新潟11R_3歳以上1勝クラス,2倍台,馬連,6,15,1500,0
2026-08-30,2026-08-30_新潟12R_3歳以上1勝クラス,2倍台,ワイド,3,3,300,0
2026-08-30,2026-08-30_新潟12R_3歳以上1勝クラス,2倍台,ワイド,4,6,600,220
2026-08-30,2026-08-30_新潟12R_3歳以上1勝クラス,2倍台,ワイド,5,10,1000,220
2026-08-30,2026-08-30_新潟12R_3歳以上1勝クラス,2倍台,ワイド,6,15,1500,220
2026-08-30,2026-08-30_新潟12R_3歳以上1勝クラス,2倍台,馬連,3,3,300,0
2026-08-30,2026-08-30_新潟12R_3歳以上1勝クラス,2倍台,馬連,4,6,600,390
2026-08-30,2026-08-30_新潟12R_3歳以上1勝クラス,2倍台,馬連,5,10,1000,390
2026-08-30,2026-08-30_新潟12R_3歳以上1勝クラス,2倍台,馬連,6,15,1500,390
2026-08-30,2026-08-30_札幌09R_3歳以上1勝クラス,3倍以上,ワイド,3,3,300,290
2026-08-30,2026-08-30_札幌09R_3歳以上1勝クラス,3倍以上,ワイド,4,6,600,290
2026-08-30,2026-08-30_札幌09R_3歳以上1勝クラス,3倍以上,ワイド,5,10,1000,290
2026-08-30,2026-08-30_札幌09R_3歳以上1勝クラス,3倍以上,ワイド,6,15,1500,290
2026-08-30,2026-08-30_札幌09R_3歳以上1勝クラス,3倍以上,馬連,3,3,300,720
2026-08-30,2026-08-30_札幌09R_3歳以上1勝クラス,3倍以上,馬連,4,6,600,720
2026-08-30,2026-08-30_札幌09R_3歳以上1勝クラス,3倍以上,馬連,5,10,1000,720
2026-08-30,2026-08-30_札幌09R_3歳以上1勝クラス,3倍以上,馬連,6,15,1500,720
2026-08-30,2026-08-30_札幌10R_HBC賞,3倍以上,ワイド,3,3,300,0
2026-08-30,2026-08-30_札幌10R_HBC賞,3倍以上,ワイド,4,6,600,0
2026-08-30,2026-08-30_札幌10R_HBC賞,3倍以上,ワイド,5,10,1000,0
2026-08-30,2026-08-30_札幌10R_HBC賞,3倍以上,ワイド,6,15,1500,0
2026-08-30,2026-08-30_札幌10R_HBC賞,3倍以上,馬連,3,3,300,0
2026-08-30,2026-08-30_札幌10R_HBC賞,3倍以上,馬連,4,6,600,0
2026-08-30,2026-08-30_札幌10R_HBC賞,3倍以上,馬連,5,10,1000,0
2026-08-30,2026-08-30_札幌10R_HBC賞,3倍以上,馬連,6,15,1500,0
2026-08-30,2026-08-30_札幌11R_日高S,3倍以上,ワイド,3,3,300,0
2026-08-30,2026-08-30_札幌11R_日高S,3倍以上,ワイド,4,6,600,0
2026-08-30,2026-08-30_札幌11R_日高S,3倍以上,ワイド,5,10,1000,1930
2026-08-30,2026-08-30_札幌11R_日高S,3倍以上,ワイド,6,15,1500,4480
2026-08-30,2026-08-30_札幌11R_日高S,3倍以上,馬連,3,3,300,0
2026-08-30,2026-08-30_札幌11R_日高S,3倍以上,馬連,4,6,600,0
2026-08-30,2026-08-30_札幌11R_日高S,3倍以上,馬連,5,10,1000,0
2026-08-30,2026-08-30_札幌11R_日高S,3倍以上,馬連,6,15,1500,5840
2026-08-30,2026-08-30_札幌12R_北辰特別,2倍台,ワイド,3,3,300,0
2026-08-30,2026-08-30_札幌12R_北辰特別,2倍台,ワイド,4,6,600,0
2026-08-30,2026-08-30_札幌12R_北辰特別,2倍台,ワイド,5,10,1000,0
2026-08-30,2026-08-30_札幌12R_北辰特別,2倍台,ワイド,6,15,1500,760
2026-08-30,2026-08-30_札幌12R_北辰特別,2倍台,馬連,3,3,300,0
2026-08-30,2026-08-30_札幌12R_北辰特別,2倍台,馬連,4,6,600,0
2026-08-30,2026-08-30_札幌12R_北辰特別,2倍台,馬連,5,10,1000,0
2026-08-30,2026-08-30_札幌12R_北辰特別,2倍台,馬連,6,15,1500,2810
2026-09-05,2026-09-05_中山09R_古作特別,3倍以上,ワイド,3,3,300,650
2026-09-05,2026-09-05_中山09R_古作特別,3倍以上,ワイド,4,6,600,650
2026-09-05,2026-09-05_中山09R_古作特別,3倍以上,ワイド,5,10,1000,2850
2026-09-05,2026-09-05_中山09R_古作特別,3倍以上,ワイド,6,15,1500,2850
2026-09-05,2026-09-05_中山09R_古作特別,3倍以上,馬連,3,3,300,0
2026-09-05,2026-09-05_中山09R_古作特別,3倍以上,馬連,4,6,600,0
2026-09-05,2026-09-05_中山09R_古作特別,3倍以上,馬連,5,10,1000,1960
2026-09-05,2026-09-05_中山09R_古作特別,3倍以上,馬連,6,15,1500,1960
2026-09-05,2026-09-05_中山10R_白井特別,1倍台,ワイド,3,3,300,0
2026-09-05,2026-09-05_中山10R_白井特別,1倍台,ワイド,4,6,600,0
2026-09-05,2026-09-05_中山10R_白井特別,1倍台,ワイド,5,10,1000,200
2026-09-05,2026-09-05_中山10R_白井特別,1倍台,ワイド,6,15,1500,200
2026-09-05,2026-09-05_中山10R_白井特別,1倍台,馬連,3,3,300,0
2026-09-05,2026-09-05_中山10R_白井特別,1倍台,馬連,4,6,600,0
2026-09-05,2026-09-05_中山10R_白井特別,1倍台,馬連,5,10,1000,0
2026-09-05,2026-09-05_中山10R_白井特別,1倍台,馬連,6,15,1500,0
2026-09-05,2026-09-05_中山11R_京成杯AH,3倍以上,ワイド,3,3,300,0
2026-09-05,2026-09-05_中山11R_京成杯AH,3倍以上,ワイド,4,6,600,0
2026-09-05,2026-09-05_中山11R_京成杯AH,3倍以上,ワイド,5,10,1000,3140
2026-09-05,2026-09-05_中山11R_京成杯AH,3倍以上,ワイド,6,15,1500,3140
2026-09-05,2026-09-05_中山11R_京成杯AH,3倍以上,馬連,3,3,300,0
2026-09-05,2026-09-05_中山11R_京成杯AH,3倍以上,馬連,4,6,600,0
2026-09-05,2026-09-05_中山11R_京成杯AH,3倍以上,馬連,5,10,1000,8920
2026-09-05,2026-09-05_中山11R_京成杯AH,3倍以上,馬連,6,15,1500,8920
2026-09-05,2026-09-05_中山12R_3歳以上1勝クラス,3倍以上,ワイド,3,3,300,360
2026-09-05,2026-09-05_中山12R_3歳以上1勝クラス,3倍以上,ワイド,4,6,600,360
2026-09-05,2026-09-05_中山12R_3歳以上1勝クラス,3倍以上,ワイド,5,10,1000,360
2026-09-05,2026-09-05_中山12R_3歳以上1勝クラス,3倍以上,ワイド,6,15,1500,360
2026-09-05,2026-09-05_中山12R_3歳以上1勝クラス,3倍以上,馬連,3,3,300,0
2026-09-05,2026-09-05_中山12R_3歳以上1勝クラス,3倍以上,馬連,4,6,600,0
2026-09-05,2026-09-05_中山12R_3歳以上1勝クラス,3倍以上,馬連,5,10,1000,0
2026-09-05,2026-09-05_中山12R_3歳以上1勝クラス,3倍以上,馬連,6,15,1500,0
2026-09-05,2026-09-05_札幌09R_Fビレッジ特別,3倍以上,ワイド,3,3,300,300
2026-09-05,2026-09-05_札幌09R_Fビレッジ特別,3倍以上,ワイド,4,6,600,2470
2026-09-05,2026-09-05_札幌09R_Fビレッジ特別,3倍以上,ワイド,5,10,1000,2470
2026-09-05,2026-09-05_札幌09R_Fビレッジ特別,3倍以上,ワイド,6,15,1500,2470
2026-09-05,2026-09-05_札幌09R_Fビレッジ特別,3倍以上,馬連,3,3,300,0
2026-09-05,2026-09-05_札幌09R_Fビレッジ特別,3倍以上,馬連,4,6,600,4690
2026-09-05,2026-09-05_札幌09R_Fビレッジ特別,3倍以上,馬連,5,10,1000,4690
2026-09-05,2026-09-05_札幌09R_Fビレッジ特別,3倍以上,馬連,6,15,1500,4690
2026-09-05,2026-09-05_札幌10R_札幌スポニチ賞,2倍台,ワイド,3,3,300,0
2026-09-05,2026-09-05_札幌10R_札幌スポニチ賞,2倍台,ワイド,4,6,600,900
2026-09-05,2026-09-05_札幌10R_札幌スポニチ賞,2倍台,ワイド,5,10,1000,900
2026-09-05,2026-09-05_札幌10R_札幌スポニチ賞,2倍台,ワイド,6,15,1500,900
2026-09-05,2026-09-05_札幌10R_札幌スポニチ賞,2倍台,馬連,3,3,300,0
2026-09-05,2026-09-05_札幌10R_札幌スポニチ賞,2倍台,馬連,4,6,600,0
2026-09-05,2026-09-05_札幌10R_札幌スポニチ賞,2倍台,馬連,5,10,1000,0
2026-09-05,2026-09-05_札幌10R_札幌スポニチ賞,2倍台,馬連,6,15,1500,0
2026-09-05,2026-09-05_札幌11R_札幌2歳S,1倍台,ワイド,3,3,300,470
2026-09-05,2026-09-05_札幌11R_札幌2歳S,1倍台,ワイド,4,6,600,470
2026-09-05,2026-09-05_札幌11R_札幌2歳S,1倍台,ワイド,5,10,1000,880
2026-09-05,2026-09-05_札幌11R_札幌2歳S,1倍台,ワイド,6,15,1500,880
2026-09-05,2026-09-05_札幌11R_札幌2歳S,1倍台,馬連,3,3,300,0
2026-09-05,2026-09-05_札幌11R_札幌2歳S,1倍台,馬連,4,6,600,0
2026-09-05,2026-09-05_札幌11R_札幌2歳S,1倍台,馬連,5,10,1000,360
2026-09-05,2026-09-05_札幌11R_札幌2歳S,1倍台,馬連,6,15,1500,360
2026-09-05,2026-09-05_札幌12R_3歳以上1勝クラス,2倍台,ワイド,3,3,300,0
2026-09-05,2026-09-05_札幌12R_3歳以上1勝クラス,2倍台,ワイド,4,6,600,0
2026-09-05,2026-09-05_札幌12R_3歳以上1勝クラス,2倍台,ワイド,5,10,1000,0
2026-09-05,2026-09-05_札幌12R_3歳以上1勝クラス,2倍台,ワイド,6,15,1500,0
2026-09-05,2026-09-05_札幌12R_3歳以上1勝クラス,2倍台,馬連,3,3,300,0
2026-09-05,2026-09-05_札幌12R_3歳以上1勝クラス,2倍台,馬連,4,6,600,0
2026-09-05,2026-09-05_札幌12R_3歳以上1勝クラス,2倍台,馬連,5,10,1000,0
2026-09-05,2026-09-05_札幌12R_3歳以上1勝クラス,2倍台,馬連,6,15,1500,0
2026-09-05,2026-09-05_阪神09R_出石特別,1倍台,ワイド,3,3,300,250
2026-09-05,2026-09-05_阪神09R_出石特別,1倍台,ワイド,4,6,600,250
2026-09-05,2026-09-05_阪神09R_出石特別,1倍台,ワイド,5,10,1000,860
2026-09-05,2026-09-05_阪神09R_出石特別,1倍台,ワイド,6,15,1500,860
2026-09-05,2026-09-05_阪神09R_出石特別,1倍台,馬連,3,3,300,0
2026-09-05,2026-09-05_阪神09R_出石特別,1倍台,馬連,4,6,600,0
2026-09-05,2026-09-05_阪神09R_出石特別,1倍台,馬連,5,10,1000,2200
2026-09-05,2026-09-05_阪神09R_出石特別,1倍台,馬連,6,15,1500,2200
2026-09-05,2026-09-05_阪神10R_西宮S,1倍台,ワイド,3,3,300,150
2026-09-05,2026-09-05_阪神10R_西宮S,1倍台,ワイド,4,6,600,990
2026-09-05,2026-09-05_阪神10R_西宮S,1倍台,ワイド,5,10,1000,990
2026-09-05,2026-09-05_阪神10R_西宮S,1倍台,ワイド,6,15,1500,990
2026-09-05,2026-09-05_阪神10R_西宮S,1倍台,馬連,3,3,300,0
2026-09-05,2026-09-05_阪神10R_西宮S,1倍台,馬連,4,6,600,3240
2026-09-05,2026-09-05_阪神10R_西宮S,1倍台,馬連,5,10,1000,3240
2026-09-05,2026-09-05_阪神10R_西宮S,1倍台,馬連,6,15,1500,3240
2026-09-05,2026-09-05_阪神11R_エニフS,3倍以上,ワイド,3,3,300,0
2026-09-05,2026-09-05_阪神11R_エニフS,3倍以上,ワイド,4,6,600,0
2026-09-05,2026-09-05_阪神11R_エニフS,3倍以上,ワイド,5,10,1000,1410
2026-09-05,2026-09-05_阪神11R_エニフS,3倍以上,ワイド,6,15,1500,3490
2026-09-05,2026-09-05_阪神11R_エニフS,3倍以上,馬連,3,3,300,0
2026-09-05,2026-09-05_阪神11R_エニフS,3倍以上,馬連,4,6,600,0
2026-09-05,2026-09-05_阪神11R_エニフS,3倍以上,馬連,5,10,1000,0
2026-09-05,2026-09-05_阪神11R_エニフS,3倍以上,馬連,6,15,1500,2120
2026-09-05,2026-09-05_阪神12R_3歳以上1勝クラス,2倍台,ワイド,3,3,300,0
2026-09-05,2026-09-05_阪神12R_3歳以上1勝クラス,2倍台,ワイド,4,6,600,180
2026-09-05,2026-09-05_阪神12R_3歳以上1勝クラス,2倍台,ワイド,5,10,1000,180
2026-09-05,2026-09-05_阪神12R_3歳以上1勝クラス,2倍台,ワイド,6,15,1500,180
2026-09-05,2026-09-05_阪神12R_3歳以上1勝クラス,2倍台,馬連,3,3,300,0
2026-09-05,2026-09-05_阪神12R_3歳以上1勝クラス,2倍台,馬連,4,6,600,0
2026-09-05,2026-09-05_阪神12R_3歳以上1勝クラス,2倍台,馬連,5,10,1000,0
2026-09-05,2026-09-05_阪神12R_3歳以上1勝クラス,2倍台,馬連,6,15,1500,0
2026-09-06,2026-09-06_中山09R_浦安特別,2倍台,ワイド,3,3,300,0
2026-09-06,2026-09-06_中山09R_浦安特別,2倍台,ワイド,4,6,600,1040
2026-09-06,2026-09-06_中山09R_浦安特別,2倍台,ワイド,5,10,1000,1040
2026-09-06,2026-09-06_中山09R_浦安特別,2倍台,ワイド,6,15,1500,1040
2026-09-06,2026-09-06_中山09R_浦安特別,2倍台,馬連,3,3,300,0
2026-09-06,2026-09-06_中山09R_浦安特別,2倍台,馬連,4,6,600,0
2026-09-06,2026-09-06_中山09R_浦安特別,2倍台,馬連,5,10,1000,0
2026-09-06,2026-09-06_中山09R_浦安特別,2倍台,馬連,6,15,1500,0
2026-09-06,2026-09-06_中山10R_セプテンバーS,2倍台,ワイド,3,3,300,340
2026-09-06,2026-09-06_中山10R_セプテンバーS,2倍台,ワイド,4,6,600,340
2026-09-06,2026-09-06_中山10R_セプテンバーS,2倍台,ワイド,5,10,1000,340
2026-09-06,2026-09-06_中山10R_セプテンバーS,2倍台,ワイド,6,15,1500,340
2026-09-06,2026-09-06_中山10R_セプテンバーS,2倍台,馬連,3,3,300,730
2026-09-06,2026-09-06_中山10R_セプテンバーS,2倍台,馬連,4,6,600,730
2026-09-06,2026-09-06_中山10R_セプテンバーS,2倍台,馬連,5,10,1000,730
2026-09-06,2026-09-06_中山10R_セプテンバーS,2倍台,馬連,6,15,1500,730
2026-09-06,2026-09-06_中山11R_紫苑S,2倍台,ワイド,3,3,300,410
2026-09-06,2026-09-06_中山11R_紫苑S,2倍台,ワイド,4,6,600,410
2026-09-06,2026-09-06_中山11R_紫苑S,2倍台,ワイド,5,10,1000,410
2026-09-06,2026-09-06_中山11R_紫苑S,2倍台,ワイド,6,15,1500,410
2026-09-06,2026-09-06_中山11R_紫苑S,2倍台,馬連,3,3,300,0
2026-09-06,2026-09-06_中山11R_紫苑S,2倍台,馬連,4,6,600,0
2026-09-06,2026-09-06_中山11R_紫苑S,2倍台,馬連,5,10,1000,0
2026-09-06,2026-09-06_中山11R_紫苑S,2倍台,馬連,6,15,1500,0
2026-09-06,2026-09-06_中山12R_3歳以上1勝クラス,3倍以上,ワイド,3,3,300,0
2026-09-06,2026-09-06_中山12R_3歳以上1勝クラス,3倍以上,ワイド,4,6,600,0
2026-09-06,2026-09-06_中山12R_3歳以上1勝クラス,3倍以上,ワイド,5,10,1000,780
2026-09-06,2026-09-06_中山12R_3歳以上1勝クラス,3倍以上,ワイド,6,15,1500,4290
2026-09-06,2026-09-06_中山12R_3歳以上1勝クラス,3倍以上,馬連,3,3,300,0
2026-09-06,2026-09-06_中山12R_3歳以上1勝クラス,3倍以上,馬連,4,6,600,0
2026-09-06,2026-09-06_中山12R_3歳以上1勝クラス,3倍以上,馬連,5,10,1000,2110
2026-09-06,2026-09-06_中山12R_3歳以上1勝クラス,3倍以上,馬連,6,15,1500,2110
2026-09-06,2026-09-06_札幌09R_旭川特別,1倍台,ワイド,3,3,300,0
2026-09-06,2026-09-06_札幌09R_旭川特別,1倍台,ワイド,4,6,600,0
2026-09-06,2026-09-06_札幌09R_旭川特別,1倍台,ワイド,5,10,1000,0
2026-09-06,2026-09-06_札幌09R_旭川特別,1倍台,ワイド,6,15,1500,530
2026-09-06,2026-09-06_札幌09R_旭川特別,1倍台,馬連,3,3,300,0
2026-09-06,2026-09-06_札幌09R_旭川特別,1倍台,馬連,4,6,600,0
2026-09-06,2026-09-06_札幌09R_旭川特別,1倍台,馬連,5,10,1000,0
2026-09-06,2026-09-06_札幌09R_旭川特別,1倍台,馬連,6,15,1500,0
2026-09-06,2026-09-06_札幌10R_HTB賞,2倍台,ワイド,3,3,300,680
2026-09-06,2026-09-06_札幌10R_HTB賞,2倍台,ワイド,4,6,600,680
2026-09-06,2026-09-06_札幌10R_HTB賞,2倍台,ワイド,5,10,1000,680
2026-09-06,2026-09-06_札幌10R_HTB賞,2倍台,ワイド,6,15,1500,3080
2026-09-06,2026-09-06_札幌10R_HTB賞,2倍台,馬連,3,3,300,0
2026-09-06,2026-09-06_札幌10R_HTB賞,2倍台,馬連,4,6,600,0
2026-09-06,2026-09-06_札幌10R_HTB賞,2倍台,馬連,5,10,1000,0
2026-09-06,2026-09-06_札幌10R_HTB賞,2倍台,馬連,6,15,1500,1700
2026-09-06,2026-09-06_札幌11R_丹頂S,3倍以上,ワイド,3,3,300,0
2026-09-06,2026-09-06_札幌11R_丹頂S,3倍以上,ワイド,4,6,600,0
2026-09-06,2026-09-06_札幌11R_丹頂S,3倍以上,ワイド,5,10,1000,0
2026-09-06,2026-09-06_札幌11R_丹頂S,3倍以上,ワイド,6,15,1500,0
2026-09-06,2026-09-06_札幌11R_丹頂S,3倍以上,馬連,3,3,300,0
2026-09-06,2026-09-06_札幌11R_丹頂S,3倍以上,馬連,4,6,600,0
2026-09-06,2026-09-06_札幌11R_丹頂S,3倍以上,馬連,5,10,1000,0
2026-09-06,2026-09-06_札幌11R_丹頂S,3倍以上,馬連,6,15,1500,0
2026-09-06,2026-09-06_札幌12R_3歳以上1勝クラス,2倍台,ワイド,3,3,300,210
2026-09-06,2026-09-06_札幌12R_3歳以上1勝クラス,2倍台,ワイド,4,6,600,210
2026-09-06,2026-09-06_札幌12R_3歳以上1勝クラス,2倍台,ワイド,5,10,1000,210
2026-09-06,2026-09-06_札幌12R_3歳以上1勝クラス,2倍台,ワイド,6,15,1500,210
2026-09-06,2026-09-06_札幌12R_3歳以上1勝クラス,2倍台,馬連,3,3,300,0
2026-09-06,2026-09-06_札幌12R_3歳以上1勝クラス,2倍台,馬連,4,6,600,0
2026-09-06,2026-09-06_札幌12R_3歳以上1勝クラス,2倍台,馬連,5,10,1000,0
2026-09-06,2026-09-06_札幌12R_3歳以上1勝クラス,2倍台,馬連,6,15,1500,0
2026-09-06,2026-09-06_阪神09R_3歳以上1勝クラス,2倍台,ワイド,3,3,300,0
2026-09-06,2026-09-06_阪神09R_3歳以上1勝クラス,2倍台,ワイド,4,6,600,740
2026-09-06,2026-09-06_阪神09R_3歳以上1勝クラス,2倍台,ワイド,5,10,1000,1680
2026-09-06,2026-09-06_阪神09R_3歳以上1勝クラス,2倍台,ワイド,6,15,1500,1680
2026-09-06,2026-09-06_阪神09R_3歳以上1勝クラス,2倍台,馬連,3,3,300,0
2026-09-06,2026-09-06_阪神09R_3歳以上1勝クラス,2倍台,馬連,4,6,600,2230
2026-09-06,2026-09-06_阪神09R_3歳以上1勝クラス,2倍台,馬連,5,10,1000,2230
2026-09-06,2026-09-06_阪神09R_3歳以上1勝クラス,2倍台,馬連,6,15,1500,2230
2026-09-06,2026-09-06_阪神10R_オークランドTRT,1倍台,ワイド,3,3,300,660
2026-09-06,2026-09-06_阪神10R_オークランドTRT,1倍台,ワイド,4,6,600,660
2026-09-06,2026-09-06_阪神10R_オークランドTRT,1倍台,ワイド,5,10,1000,660
2026-09-06,2026-09-06_阪神10R_オークランドTRT,1倍台,ワイド,6,15,1500,660
2026-09-06,2026-09-06_阪神10R_オークランドTRT,1倍台,馬連,3,3,300,1300
2026-09-06,2026-09-06_阪神10R_オークランドTRT,1倍台,馬連,4,6,600,1300
2026-09-06,2026-09-06_阪神10R_オークランドTRT,1倍台,馬連,5,10,1000,1300
2026-09-06,2026-09-06_阪神10R_オークランドTRT,1倍台,馬連,6,15,1500,1300
2026-09-06,2026-09-06_阪神11R_セントウルS,2倍台,ワイド,3,3,300,0
2026-09-06,2026-09-06_阪神11R_セントウルS,2倍台,ワイド,4,6,600,0
2026-09-06,2026-09-06_阪神11R_セントウルS,2倍台,ワイド,5,10,1000,0
2026-09-06,2026-09-06_阪神11R_セントウルS,2倍台,ワイド,6,15,1500,430
2026-09-06,2026-09-06_阪神11R_セントウルS,2倍台,馬連,3,3,300,0
2026-09-06,2026-09-06_阪神11R_セントウルS,2倍台,馬連,4,6,600,0
2026-09-06,2026-09-06_阪神11R_セントウルS,2倍台,馬連,5,10,1000,0
2026-09-06,2026-09-06_阪神11R_セントウルS,2倍台,馬連,6,15,1500,0
2026-09-06,2026-09-06_阪神12R_3歳以上2勝クラス,2倍台,ワイド,3,3,300,0
2026-09-06,2026-09-06_阪神12R_3歳以上2勝クラス,2倍台,ワイド,4,6,600,0
2026-09-06,2026-09-06_阪神12R_3歳以上2勝クラス,2倍台,ワイド,5,10,1000,0
2026-09-06,2026-09-06_阪神12R_3歳以上2勝クラス,2倍台,ワイド,6,15,1500,0
2026-09-06,2026-09-06_阪神12R_3歳以上2勝クラス,2倍台,馬連,3,3,300,0
2026-09-06,2026-09-06_阪神12R_3歳以上2勝クラス,2倍台,馬連,4,6,600,0
2026-09-06,2026-09-06_阪神12R_3歳以上2勝クラス,2倍台,馬連,5,10,1000,0
2026-09-06,2026-09-06_阪神12R_3歳以上2勝クラス,2倍台,馬連,6,15,1500,0
2026-09-12,2026-09-12_中山09R_御宿特別,2倍台,ワイド,3,3,300,0
2026-09-12,2026-09-12_中山09R_御宿特別,2倍台,ワイド,4,6,600,320
2026-09-12,2026-09-12_中山09R_御宿特別,2倍台,ワイド,5,10,1000,1030
2026-09-12,2026-09-12_中山09R_御宿特別,2倍台,ワイド,6,15,1500,1030
2026-09-12,2026-09-12_中山09R_御宿特別,2倍台,馬連,3,3,300,0
2026-09-12,2026-09-12_中山09R_御宿特別,2倍台,馬連,4,6,600,0
2026-09-12,2026-09-12_中山09R_御宿特別,2倍台,馬連,5,10,1000,480
2026-09-12,2026-09-12_中山09R_御宿特別,2倍台,馬連,6,15,1500,480
2026-09-12,2026-09-12_中山10R_レインボーS,3倍以上,ワイド,3,3,300,0
2026-09-12,2026-09-12_中山10R_レインボーS,3倍以上,ワイド,4,6,600,0
2026-09-12,2026-09-12_中山10R_レインボーS,3倍以上,ワイド,5,10,1000,0
2026-09-12,2026-09-12_中山10R_レインボーS,3倍以上,ワイド,6,15,1500,0
2026-09-12,2026-09-12_中山10R_レインボーS,3倍以上,馬連,3,3,300,0
2026-09-12,2026-09-12_中山10R_レインボーS,3倍以上,馬連,4,6,600,0
2026-09-12,2026-09-12_中山10R_レインボーS,3倍以上,馬連,5,10,1000,0
2026-09-12,2026-09-12_中山10R_レインボーS,3倍以上,馬連,6,15,1500,0
2026-09-12,2026-09-12_中山11R_ラジオ日本賞,3倍以上,ワイド,3,3,300,860
2026-09-12,2026-09-12_中山11R_ラジオ日本賞,3倍以上,ワイド,4,6,600,2750
2026-09-12,2026-09-12_中山11R_ラジオ日本賞,3倍以上,ワイド,5,10,1000,2750
2026-09-12,2026-09-12_中山11R_ラジオ日本賞,3倍以上,ワイド,6,15,1500,2750
2026-09-12,2026-09-12_中山11R_ラジオ日本賞,3倍以上,馬連,3,3,300,0
2026-09-12,2026-09-12_中山11R_ラジオ日本賞,3倍以上,馬連,4,6,600,1960
2026-09-12,2026-09-12_中山11R_ラジオ日本賞,3倍以上,馬連,5,10,1000,1960
2026-09-12,2026-09-12_中山11R_ラジオ日本賞,3倍以上,馬連,6,15,1500,1960
2026-09-12,2026-09-12_中山12R_3歳以上1勝クラス,2倍台,ワイド,3,3,300,0
2026-09-12,2026-09-12_中山12R_3歳以上1勝クラス,2倍台,ワイド,4,6,600,0
2026-09-12,2026-09-12_中山12R_3歳以上1勝クラス,2倍台,ワイド,5,10,1000,0
2026-09-12,2026-09-12_中山12R_3歳以上1勝クラス,2倍台,ワイド,6,15,1500,0
2026-09-12,2026-09-12_中山12R_3歳以上1勝クラス,2倍台,馬連,3,3,300,0
2026-09-12,2026-09-12_中山12R_3歳以上1勝クラス,2倍台,馬連,4,6,600,0
2026-09-12,2026-09-12_中山12R_3歳以上1勝クラス,2倍台,馬連,5,10,1000,0
2026-09-12,2026-09-12_中山12R_3歳以上1勝クラス,2倍台,馬連,6,15,1500,0
2026-09-12,2026-09-12_阪神09R_瀬戸内海特別,3倍以上,ワイド,3,3,300,0
2026-09-12,2026-09-12_阪神09R_瀬戸内海特別,3倍以上,ワイド,4,6,600,0
2026-09-12,2026-09-12_阪神09R_瀬戸内海特別,3倍以上,ワイド,5,10,1000,0
2026-09-12,2026-09-12_阪神09R_瀬戸内海特別,3倍以上,ワイド,6,15,1500,850
2026-09-12,2026-09-12_阪神09R_瀬戸内海特別,3倍以上,馬連,3,3,300,0
2026-09-12,2026-09-12_阪神09R_瀬戸内海特別,3倍以上,馬連,4,6,600,0
2026-09-12,2026-09-12_阪神09R_瀬戸内海特別,3倍以上,馬連,5,10,1000,0
2026-09-12,2026-09-12_阪神09R_瀬戸内海特別,3倍以上,馬連,6,15,1500,2290
2026-09-12,2026-09-12_阪神10R_竹田城S,3倍以上,ワイド,3,3,300,560
2026-09-12,2026-09-12_阪神10R_竹田城S,3倍以上,ワイド,4,6,600,560
2026-09-12,2026-09-12_阪神10R_竹田城S,3倍以上,ワイド,5,10,1000,2270
2026-09-12,2026-09-12_阪神10R_竹田城S,3倍以上,ワイド,6,15,1500,2270
2026-09-12,2026-09-12_阪神10R_竹田城S,3倍以上,馬連,3,3,300,0
2026-09-12,2026-09-12_阪神10R_竹田城S,3倍以上,馬連,4,6,600,0
2026-09-12,2026-09-12_阪神10R_竹田城S,3倍以上,馬連,5,10,1000,1720
2026-09-12,2026-09-12_阪神10R_竹田城S,3倍以上,馬連,6,15,1500,1720
2026-09-12,2026-09-12_阪神11R_チャレンジC,3倍以上,ワイド,3,3,300,0
2026-09-12,2026-09-12_阪神11R_チャレンジC,3倍以上,ワイド,4,6,600,0
2026-09-12,2026-09-12_阪神11R_チャレンジC,3倍以上,ワイド,5,10,1000,0
2026-09-12,2026-09-12_阪神11R_チャレンジC,3倍以上,ワイド,6,15,1500,0
2026-09-12,2026-09-12_阪神11R_チャレンジC,3倍以上,馬連,3,3,300,0
2026-09-12,2026-09-12_阪神11R_チャレンジC,3倍以上,馬連,4,6,600,0
2026-09-12,2026-09-12_阪神11R_チャレンジC,3倍以上,馬連,5,10,1000,0
2026-09-12,2026-09-12_阪神11R_チャレンジC,3倍以上,馬連,6,15,1500,0
2026-09-12,2026-09-12_阪神12R_3歳以上1勝クラス,2倍台,ワイド,3,3,300,0
2026-09-12,2026-09-12_阪神12R_3歳以上1勝クラス,2倍台,ワイド,4,6,600,0
2026-09-12,2026-09-12_阪神12R_3歳以上1勝クラス,2倍台,ワイド,5,10,1000,0
2026-09-12,2026-09-12_阪神12R_3歳以上1勝クラス,2倍台,ワイド,6,15,1500,950
2026-09-12,2026-09-12_阪神12R_3歳以上1勝クラス,2倍台,馬連,3,3,300,0
2026-09-12,2026-09-12_阪神12R_3歳以上1勝クラス,2倍台,馬連,4,6,600,0
2026-09-12,2026-09-12_阪神12R_3歳以上1勝クラス,2倍台,馬連,5,10,1000,0
2026-09-12,2026-09-12_阪神12R_3歳以上1勝クラス,2倍台,馬連,6,15,1500,0
2026-09-13,2026-09-13_中山09R_習志野特別,2倍台,ワイド,3,3,300,0
2026-09-13,2026-09-13_中山09R_習志野特別,2倍台,ワイド,4,6,600,0
2026-09-13,2026-09-13_中山09R_習志野特別,2倍台,ワイド,5,10,1000,370
2026-09-13,2026-09-13_中山09R_習志野特別,2倍台,ワイド,6,15,1500,370
2026-09-13,2026-09-13_中山09R_習志野特別,2倍台,馬連,3,3,300,0
2026-09-13,2026-09-13_中山09R_習志野特別,2倍台,馬連,4,6,600,0
2026-09-13,2026-09-13_中山09R_習志野特別,2倍台,馬連,5,10,1000,0
2026-09-13,2026-09-13_中山09R_習志野特別,2倍台,馬連,6,15,1500,0
2026-09-13,2026-09-13_中山10R_初風S,3倍以上,ワイド,3,3,300,350
2026-09-13,2026-09-13_中山10R_初風S,3倍以上,ワイド,4,6,600,1120
2026-09-13,2026-09-13_中山10R_初風S,3倍以上,ワイド,5,10,1000,1120
2026-09-13,2026-09-13_中山10R_初風S,3倍以上,ワイド,6,15,1500,1120
2026-09-13,2026-09-13_中山10R_初風S,3倍以上,馬連,3,3,300,0
2026-09-13,2026-09-13_中山10R_初風S,3倍以上,馬連,4,6,600,860
2026-09-13,2026-09-13_中山10R_初風S,3倍以上,馬連,5,10,1000,860
2026-09-13,2026-09-13_中山10R_初風S,3倍以上,馬連,6,15,1500,860
2026-09-13,2026-09-13_中山11R_セントライト記念,3倍以上,ワイド,3,3,300,0
2026-09-13,2026-09-13_中山11R_セントライト記念,3倍以上,ワイド,4,6,600,0
2026-09-13,2026-09-13_中山11R_セントライト記念,3倍以上,ワイド,5,10,1000,0
2026-09-13,2026-09-13_中山11R_セントライト記念,3倍以上,ワイド,6,15,1500,0
2026-09-13,2026-09-13_中山11R_セントライト記念,3倍以上,馬連,3,3,300,0
2026-09-13,2026-09-13_中山11R_セントライト記念,3倍以上,馬連,4,6,600,0
2026-09-13,2026-09-13_中山11R_セントライト記念,3倍以上,馬連,5,10,1000,0
2026-09-13,2026-09-13_中山11R_セントライト記念,3倍以上,馬連,6,15,1500,0
2026-09-13,2026-09-13_中山12R_3歳以上2勝クラス,1倍台,ワイド,3,3,300,0
2026-09-13,2026-09-13_中山12R_3歳以上2勝クラス,1倍台,ワイド,4,6,600,0
2026-09-13,2026-09-13_中山12R_3歳以上2勝クラス,1倍台,ワイド,5,10,1000,620
2026-09-13,2026-09-13_中山12R_3歳以上2勝クラス,1倍台,ワイド,6,15,1500,620
2026-09-13,2026-09-13_中山12R_3歳以上2勝クラス,1倍台,馬連,3,3,300,0
2026-09-13,2026-09-13_中山12R_3歳以上2勝クラス,1倍台,馬連,4,6,600,0
2026-09-13,2026-09-13_中山12R_3歳以上2勝クラス,1倍台,馬連,5,10,1000,0
2026-09-13,2026-09-13_中山12R_3歳以上2勝クラス,1倍台,馬連,6,15,1500,0
2026-09-13,2026-09-13_阪神09R_能勢特別,2倍台,ワイド,3,3,300,0
2026-09-13,2026-09-13_阪神09R_能勢特別,2倍台,ワイド,4,6,600,0
2026-09-13,2026-09-13_阪神09R_能勢特別,2倍台,ワイド,5,10,1000,340
2026-09-13,2026-09-13_阪神09R_能勢特別,2倍台,ワイド,6,15,1500,1640
2026-09-13,2026-09-13_阪神09R_能勢特別,2倍台,馬連,3,3,300,0
2026-09-13,2026-09-13_阪神09R_能勢特別,2倍台,馬連,4,6,600,0
2026-09-13,2026-09-13_阪神09R_能勢特別,2倍台,馬連,5,10,1000,0
2026-09-13,2026-09-13_阪神09R_能勢特別,2倍台,馬連,6,15,1500,2610
2026-09-13,2026-09-13_阪神10R_仲秋S,2倍台,ワイド,3,3,300,0
2026-09-13,2026-09-13_阪神10R_仲秋S,2倍台,ワイド,4,6,600,0
2026-09-13,2026-09-13_阪神10R_仲秋S,2倍台,ワイド,5,10,1000,240
2026-09-13,2026-09-13_阪神10R_仲秋S,2倍台,ワイド,6,15,1500,240
2026-09-13,2026-09-13_阪神10R_仲秋S,2倍台,馬連,3,3,300,0
2026-09-13,2026-09-13_阪神10R_仲秋S,2倍台,馬連,4,6,600,0
2026-09-13,2026-09-13_阪神10R_仲秋S,2倍台,馬連,5,10,1000,0
2026-09-13,2026-09-13_阪神10R_仲秋S,2倍台,馬連,6,15,1500,0
2026-09-13,2026-09-13_阪神11R_ローズS,1倍台,ワイド,3,3,300,0
2026-09-13,2026-09-13_阪神11R_ローズS,1倍台,ワイド,4,6,600,0
2026-09-13,2026-09-13_阪神11R_ローズS,1倍台,ワイド,5,10,1000,0
2026-09-13,2026-09-13_阪神11R_ローズS,1倍台,ワイド,6,15,1500,0
2026-09-13,2026-09-13_阪神11R_ローズS,1倍台,馬連,3,3,300,0
2026-09-13,2026-09-13_阪神11R_ローズS,1倍台,馬連,4,6,600,0
2026-09-13,2026-09-13_阪神11R_ローズS,1倍台,馬連,5,10,1000,0
2026-09-13,2026-09-13_阪神11R_ローズS,1倍台,馬連,6,15,1500,0
2026-09-13,2026-09-13_阪神12R_3歳以上2勝クラス,3倍以上,ワイド,3,3,300,790
2026-09-13,2026-09-13_阪神12R_3歳以上2勝クラス,3倍以上,ワイド,4,6,600,2890
2026-09-13,2026-09-13_阪神12R_3歳以上2勝クラス,3倍以上,ワイド,5,10,1000,2890
2026-09-13,2026-09-13_阪神12R_3歳以上2勝クラス,3倍以上,ワイド,6,15,1500,2890
2026-09-13,2026-09-13_阪神12R_3歳以上2勝クラス,3倍以上,馬連,3,3,300,0
2026-09-13,2026-09-13_阪神12R_3歳以上2勝クラス,3倍以上,馬連,4,6,600,510
2026-09-13,2026-09-13_阪神12R_3歳以上2勝クラス,3倍以上,馬連,5,10,1000,510
2026-09-13,2026-09-13_阪神12R_3歳以上2勝クラス,3倍以上,馬連,6,15,1500,510
