馬ID,馬名,日付,場,R,レース名,頭数,枠番,馬番,オッズ,人気,着順,騎手,斤量,馬場種別,距離,馬場
2023102313,アオハルブルース,2025-10-19,東京,4,2歳新馬,16,8,15,17.1,7,6,大野拓弥,56,ダ,1600,良
2023102313,アオハルブルース,2025-11-30,東京,3,2歳未勝利,16,5,9,13.1,5,8,佐々木大,56,ダ,1600,良
2023102313,アオハルブルース,2025-12-21,中山,2,2歳未勝利,16,8,16,8.7,4,5,佐々木大,56,ダ,1800,不
2023102313,アオハルブルース,2026-01-12,中山,3,3歳未勝利,16,5,9,5.9,2,16,佐々木大,57,ダ,1800,良
2023102313,アオハルブルース,2026-03-14,中山,4,3歳未勝利,16,6,11,10.3,2,2,田辺裕信,57,ダ,1800,良
2023102313,アオハルブルース,2026-04-04,中山,2,3歳未勝利,14,4,5,1.9,1,1,田辺裕信,57,ダ,1800,稍
2023102313,アオハルブルース,2026-06-14,函館,12,3歳以上1勝クラス,10,2,2,3.5,1,3,岩田康誠,55,ダ,1700,良
2023102313,アオハルブルース,2026-07-05,函館,8,3歳以上1勝クラス,8,4,4,2.1,1,1,岩田康誠,55,ダ,1700,良
2023102313,アオハルブルース,2026-08-23,札幌,10,オールスターJ第3戦(2勝クラス),14,7,11,6.0,2,3,吉村智洋,56,ダ,1700,良
2023106403,アスクチャンスマン,2025-09-07,阪神,5,2歳新馬,6,3,3,26.4,5,5,岩田望来,55,芝,1800,良
2023106403,アスクチャンスマン,2025-09-28,阪神,3,2歳未勝利,10,8,9,166.1,9,9,西塚洸二,54,芝,1800,良
2023106403,アスクチャンスマン,2025-10-12,京都,3,2歳未勝利,9,6,6,187.7,9,3,松若風馬,56,芝,2000,良
2023106403,アスクチャンスマン,2025-10-26,京都,3,2歳未勝利,10,5,5,12.5,5,8,戸崎圭太,56,芝,2000,稍
2023106403,アスクチャンスマン,2025-12-20,阪神,2,2歳未勝利,16,3,6,78.0,7,7,古川吉洋,56,芝,2000,良
2023106403,アスクチャンスマン,2026-01-05,京都,2,3歳未勝利,16,5,9,4.9,3,3,岩田康誠,57,ダ,1900,良
2023106403,アスクチャンスマン,2026-02-01,京都,3,3歳未勝利,10,8,10,1.9,1,1,岩田望来,57,ダ,1900,良
2023106403,アスクチャンスマン,2026-04-05,阪神,5,3歳1勝クラス,13,2,2,8.9,5,6,岩田康誠,57,ダ,1800,重
2023106403,アスクチャンスマン,2026-06-20,阪神,8,3歳以上1勝クラス,16,2,4,4.3,1,2,高杉吏麒,55,ダ,1800,稍
2023106403,アスクチャンスマン,2026-07-25,中京,10,3歳以上1勝クラス,12,6,9,2.5,1,3,川田将雅,55,ダ,1800,良
2022101557,アスタールフナ,2024-11-10,京都,4,2歳新馬,14,3,3,7.8,3,1,岩田望来,55,ダ,1400,良
2022101557,アスタールフナ,2024-12-07,中京,9,つわぶき賞(1勝クラス),12,6,7,42.9,11,9,柴田裕一,55,芝,1400,良
2022101557,アスタールフナ,2025-01-19,中京,6,3歳1勝クラス,10,7,8,28.2,7,2,柴田裕一,52,ダ,1200,良
2022101557,アスタールフナ,2025-03-02,阪神,4,3歳1勝クラス,16,8,16,6.3,3,2,高杉吏麒,54,ダ,1200,良
2022101557,アスタールフナ,2025-03-23,中山,8,3歳1勝クラス,15,5,8,2.8,1,1,小林美駒,51,ダ,1200,良
2022101557,アスタールフナ,2025-04-06,阪神,9,バイオレットS(OP),15,2,2,49.7,12,11,池添謙一,55,ダ,1400,良
2022101557,アスタールフナ,2025-07-13,小倉,9,雲仙特別(2勝クラス),14,7,11,4.3,2,14,高杉吏麒,53,ダ,1000,良
2022101557,アスタールフナ,2025-08-02,中京,8,浜松特別(2勝クラス),14,4,5,6.6,3,2,高杉吏麒,54,ダ,1200,良
2022101557,アスタールフナ,2025-08-30,中京,9,清洲特別(2勝クラス),16,6,12,3.8,2,3,高杉吏麒,54,ダ,1200,良
2022101557,アスタールフナ,2025-10-12,京都,9,円山特別(2勝クラス),14,5,8,4.4,2,2,川田将雅,55,ダ,1200,良
2022101557,アスタールフナ,2025-11-02,京都,8,3歳以上2勝クラス,15,7,14,2.4,1,3,柴田裕一,53,ダ,1200,稍
2022101557,アスタールフナ,2026-01-11,中山,12,4歳以上2勝クラス,16,1,2,5.6,3,10,柴田裕一,54,ダ,1200,良
2022101557,アスタールフナ,2026-03-01,阪神,12,4歳以上2勝クラス,16,2,4,3.5,1,4,岩田望来,56,ダ,1200,良
2022101557,アスタールフナ,2026-03-29,阪神,12,4歳以上2勝クラス,16,3,5,2.9,1,4,岩田望来,56,ダ,1200,良
2022101557,アスタールフナ,2026-04-11,中山,12,4歳以上2勝クラス,16,2,4,2.8,1,8,三浦皇成,56,ダ,1200,稍
2022101557,アスタールフナ,2026-05-30,京都,12,4歳以上2勝クラス,16,4,7,5.3,2,15,鮫島克駿,56,ダ,1200,良
2022101557,アスタールフナ,2026-08-09,新潟,9,3歳以上2勝クラス,15,3,5,3.8,2,2,岩田望来,56,ダ,1200,良
2023101591,アストリル,2025-10-26,新潟,5,2歳新馬,18,8,16,5.8,2,3,横山琉人,55,芝,1600,稍
2023101591,アストリル,2025-11-15,福島,3,2歳未勝利,16,6,12,10.6,5,2,横山琉人,55,芝,2000,良
2023101591,アストリル,2026-01-25,小倉,7,3歳未勝利,18,8,18,6.4,3,3,横山琉人,55,芝,2000,良
2023101591,アストリル,2026-02-07,小倉,6,3歳未勝利,18,5,9,3.7,1,2,横山琉人,55,芝,2000,稍
2023101591,アストリル,2026-03-01,小倉,2,3歳未勝利,16,8,15,1.6,1,1,丹内祐次,55,芝,2000,良
2023101591,アストリル,2026-05-02,東京,10,スイートピーS(L),11,4,4,30.4,7,5,田辺裕信,55,芝,1800,良
2023101591,アストリル,2026-06-21,函館,9,遊楽部特別(1勝クラス),12,6,7,6.1,4,1,丹内祐次,53,芝,2000,良
2023101591,アストリル,2026-07-19,函館,9,かもめ島特別(2勝クラス),13,4,4,5.1,2,2,丹内祐次,53,芝,1800,重
2023106867,アメリカンコール,2025-12-27,阪神,6,2歳新馬,11,5,5,3.7,1,1,Ｃ．デム,56,ダ,1800,稍
2023106867,アメリカンコール,2026-03-22,阪神,6,3歳1勝クラス,13,8,12,3.1,1,12,北村友一,57,ダ,1800,良
2023106867,アメリカンコール,2026-06-20,阪神,8,3歳以上1勝クラス,16,7,13,8.8,5,3,西村淳也,55,ダ,1800,稍
2021103002,アラナコア,2024-03-10,中京,5,3歳未勝利,11,8,10,22.3,5,8,幸英明,57,芝,2200,良
2021103002,アラナコア,2024-03-23,中京,5,3歳未勝利,14,2,2,90.8,11,5,小沢大仁,56,芝,2200,重
2021103002,アラナコア,2024-05-25,京都,4,3歳未勝利,12,4,4,45.1,8,3,小沢大仁,56,芝,2200,良
2021103002,アラナコア,2024-06-08,京都,6,3歳未勝利,18,3,6,32.3,7,3,小沢大仁,56,芝,2400,良
2021103002,アラナコア,2024-06-23,京都,6,3歳未勝利,18,7,15,3.8,3,5,坂井瑠星,57,芝,2200,重
2021103002,アラナコア,2024-07-21,小倉,4,3歳未勝利,18,7,14,4.3,2,7,小沢大仁,56,芝,2000,良
2021103002,アラナコア,2024-08-25,中京,3,3歳未勝利,18,2,4,11.3,5,1,小沢大仁,56,芝,2200,良
2021103002,アラナコア,2024-09-28,中京,7,3歳以上1勝クラス,14,2,2,18.2,7,2,小沢大仁,54,芝,2200,良
2021103002,アラナコア,2024-10-06,新潟,9,萬代橋特別(1勝クラス),16,1,1,4.3,2,6,国分恭介,55,芝,2400,良
2021103002,アラナコア,2024-12-07,中京,7,3歳以上1勝クラス,18,7,15,5.8,3,5,小沢大仁,55,芝,2200,良
2021103002,アラナコア,2025-01-13,中京,7,4歳以上1勝クラス,18,4,7,11.1,4,3,小沢大仁,56,芝,2200,良
2021103002,アラナコア,2025-01-25,中京,12,4歳以上1勝クラス,12,6,8,8.2,3,6,菱田裕二,57,芝,2000,良
2021103002,アラナコア,2025-03-15,中京,8,4歳以上1勝クラス,18,2,3,4.8,3,7,小沢大仁,57,芝,2200,良
2021103002,アラナコア,2025-04-05,阪神,6,4歳以上1勝クラス,7,5,5,4.9,4,3,吉田隼人,58,ダ,1800,良
2021103002,アラナコア,2025-04-20,阪神,8,4歳以上1勝クラス,13,5,7,2.6,1,1,幸英明,58,ダ,1800,良
2021103002,アラナコア,2025-05-17,京都,12,4歳以上2勝クラス,10,3,3,2.9,1,6,幸英明,58,ダ,1800,不
2021103002,アラナコア,2025-09-07,阪神,12,3歳以上2勝クラス,12,7,10,18.8,8,2,小沢大仁,58,ダ,1400,良
2021103002,アラナコア,2025-09-21,阪神,12,3歳以上2勝クラス,15,2,3,16.8,6,5,菱田裕二,58,ダ,1400,良
2021103002,アラナコア,2025-11-15,東京,9,三浦特別(2勝クラス),16,1,1,10.4,4,6,菱田裕二,58,ダ,1600,良
2021103002,アラナコア,2025-12-07,阪神,9,豊中特別(2勝クラス),13,6,9,6.9,4,5,小沢大仁,58,ダ,1800,良
2021103002,アラナコア,2025-12-28,阪神,8,3歳以上2勝クラス,13,8,12,6.8,4,4,菱田裕二,58,ダ,1800,良
2021103002,アラナコア,2026-02-21,阪神,12,4歳以上2勝クラス,13,3,4,,,取,菱田裕二,58,ダ,1800,良
2021103002,アラナコア,2026-02-28,小倉,10,早鞆特別(2勝クラス),16,2,4,9.9,6,3,菱田裕二,56,ダ,1700,重
2021103002,アラナコア,2026-03-15,阪神,8,4歳以上2勝クラス,11,6,6,4.4,2,2,菱田裕二,58,ダ,1800,良
2021103002,アラナコア,2026-04-05,阪神,7,4歳以上2勝クラス,15,6,11,4.0,2,7,菱田裕二,58,ダ,1800,重
2021103002,アラナコア,2026-06-28,小倉,10,西部日刊スポーツ杯(2勝クラス),16,6,11,8.5,5,2,菱田裕二,56,ダ,1700,稍
2021103002,アラナコア,2026-08-29,札幌,12,千歳特別(2勝クラス),12,4,4,22.8,5,4,吉田隼人,58,ダ,1700,稍
2022104851,アレクレア,2025-02-23,東京,4,3歳未勝利,15,1,2,90.3,11,8,佐藤翔馬,52,芝,1800,良
2022104851,アレクレア,2025-08-24,札幌,6,3歳未勝利,16,1,1,29.6,9,11,古川奈穂,52,芝,1200,良
2022104851,アレクレア,2025-10-07,金沢,2,C217,8,5,5,2.9,2,3,加藤翔馬,55,ダ,1400,良
2022104851,アレクレア,2025-10-19,金沢,3,C214,7,1,1,10.2,4,2,加藤翔馬,55,ダ,1400,重
2022104851,アレクレア,2025-11-04,金沢,3,C25 特別編成(C2特別),7,4,4,1.8,1,3,加藤翔馬,55,ダ,1400,不
2022104851,アレクレア,2025-11-16,金沢,6,C211,8,6,6,4.7,3,2,加藤翔馬,55,ダ,1400,良
2022104851,アレクレア,2025-12-01,金沢,6,志麻さんお誕生日おめ(C2),8,6,6,2.5,1,2,加藤翔馬,55,ダ,1500,稍
2022104851,アレクレア,2025-12-14,金沢,6,C211,9,4,4,1.5,1,1,加藤翔馬,55,ダ,1500,不
2022104851,アレクレア,2025-12-26,金沢,4,成瀬夫婦結婚おめでと(C2),,7,9,,,,加藤翔馬,55,ダ,1400,不
2022104851,アレクレア,2026-01-22,笠松,6,南郷克巳還暦おめでと(C),9,3,3,1.6,1,1,筒井勇介,55,ダ,1600,良
2022104851,アレクレア,2026-02-04,笠松,11,如月特別(C),9,3,3,18.9,4,4,筒井勇介,55,ダ,1400,良
2022104851,アレクレア,2026-02-20,笠松,8,C5組,8,3,3,2.4,2,2,筒井勇介,55,ダ,1600,良
2022104851,アレクレア,2026-03-16,金沢,1,C26,10,6,6,2.8,2,1,青柳正義,55,ダ,1400,稍
2022104851,アレクレア,2026-04-03,金沢,2,C110,6,3,3,2.0,1,3,青柳正義,55,ダ,1400,不
2022104851,アレクレア,2026-05-16,新潟,9,石打特別(1勝クラス),16,5,9,223.3,16,12,菅原隆一,56,芝,1800,良
2022104851,アレクレア,2026-07-04,福島,9,伊達特別(1勝クラス),10,3,3,92.8,9,5,松岡正海,56,芝,2000,良
2022104851,アレクレア,2026-07-19,福島,8,3歳以上1勝クラス,16,6,11,176.0,14,7,松岡正海,56,芝,1800,良
2024102908,イドム,2026-08-08,札幌,5,2歳新馬,12,3,3,32.0,8,5,松本大輝,55,芝,1800,稍
2024102908,イドム,2026-08-29,札幌,3,2歳未勝利,11,7,9,18.3,4,2,松本大輝,55,芝,1800,稍
2022100757,イノキ,2024-06-29,福島,5,2歳新馬,9,5,5,3.9,3,4,菅原明良,55,芝,1200,良
2022100757,イノキ,2024-07-21,福島,3,2歳未勝利,13,3,3,9.5,4,3,菅原明良,55,芝,1200,良
2022100757,イノキ,2024-08-11,新潟,3,2歳未勝利,14,4,6,5.6,3,2,菅原明良,55,芝,1400,良
2022100757,イノキ,2024-09-07,中山,2,2歳未勝利,12,5,6,3.1,1,2,菅原明良,55,芝,1600,良
2022100757,イノキ,2024-10-27,新潟,5,2歳未勝利,11,2,2,3.0,2,1,丹内祐次,56,芝,1400,良
2022100757,イノキ,2024-12-14,中山,9,ひいらぎ賞(1勝クラス),13,5,7,65.4,9,8,丹内祐次,56,芝,1600,良
2022100757,イノキ,2025-02-15,東京,7,3歳1勝クラス,12,2,2,34.8,11,12,菅原明良,57,芝,1400,良
2022100757,イノキ,2025-05-04,東京,6,3歳1勝クラス,16,6,12,49.8,10,5,木幡巧也,57,ダ,1400,稍
2022100757,イノキ,2025-05-17,東京,7,3歳1勝クラス,14,4,6,45.6,13,10,木幡巧也,57,ダ,1400,不
2022100757,イノキ,2025-06-28,福島,12,3歳以上1勝クラス,15,5,8,54.3,12,10,菅原明良,55,ダ,1700,良
2022100757,イノキ,2025-08-17,札幌,6,3歳以上1勝クラス,12,6,8,14.6,6,5,木幡巧也,56,ダ,1000,稍
2022100757,イノキ,2025-08-30,札幌,7,3歳以上1勝クラス,12,8,11,29.8,7,8,丹内祐次,56,ダ,1000,重
2022100757,イノキ,2025-11-24,福島,7,3歳以上1勝クラス,16,5,9,52.7,9,3,丸山元気,57,ダ,1150,良
2022100757,イノキ,2025-12-14,中京,3,3歳以上1勝クラス,16,5,9,5.2,4,5,丸山元気,57,ダ,1200,稍
2022100757,イノキ,2026-01-05,中山,12,4歳以上1勝クラス,16,5,9,25.2,8,11,丸山元気,58,ダ,1200,稍
2022100757,イノキ,2026-04-05,中山,8,4歳以上1勝クラス,16,3,5,26.5,8,1,丸山元気,58,ダ,1200,重
2022100757,イノキ,2026-04-12,福島,10,喜多方特別(2勝クラス),16,6,11,10.6,6,6,舟山瑠泉,58,ダ,1150,良
2022100757,イノキ,2026-06-27,福島,9,さくらんぼ特別(2勝クラス),16,3,5,24.9,9,9,丸山元気,58,ダ,1150,稍
2020104346,イミュータブル,2022-11-13,阪神,5,2歳新馬,7,3,3,4.4,2,5,福永祐一,55,芝,1800,稍
2020104346,イミュータブル,2022-12-11,阪神,3,2歳未勝利,15,2,2,55.8,9,14,鮫島克駿,55,芝,1800,良
2020104346,イミュータブル,2022-12-24,阪神,3,2歳未勝利,16,4,7,102.0,8,8,鮫島克駿,55,ダ,1400,稍
2020104346,イミュータブル,2023-01-14,中京,1,3歳未勝利,16,1,2,19.4,6,3,鮫島克駿,56,ダ,1200,重
2020104346,イミュータブル,2023-03-26,中京,3,3歳未勝利,16,6,11,4.8,2,2,鮫島克駿,56,ダ,1200,不
2020104346,イミュータブル,2023-04-15,阪神,3,3歳未勝利,16,1,1,7.6,4,2,鮫島克駿,56,ダ,1200,不
2020104346,イミュータブル,2023-04-30,京都,2,3歳未勝利,16,1,1,1.6,1,9,鮫島克駿,56,ダ,1200,不
2020104346,イミュータブル,2023-07-01,中京,3,3歳未勝利,16,7,13,5.5,3,4,永島まな,53,ダ,1200,不
2020104346,イミュータブル,2023-07-22,札幌,2,3歳未勝利,12,4,4,8.6,4,4,鮫島克駿,56,ダ,1000,良
2020104346,イミュータブル,2023-08-12,札幌,3,3歳未勝利,12,8,11,3.2,2,1,古川奈穂,52,ダ,1000,良
2020104346,イミュータブル,2023-09-03,札幌,6,3歳以上1勝クラス,16,3,6,73.1,15,14,古川奈穂,52,芝,1200,良
2020104346,イミュータブル,2023-10-29,新潟,8,3歳以上1勝クラス,11,6,6,11.9,7,10,古川奈穂,53,ダ,1200,不
2020104346,イミュータブル,2024-02-24,小倉,9,秋吉台特別(1勝クラス),14,6,9,98.5,11,14,秋山真一,58,芝,1200,稍
2020104346,イミュータブル,2024-05-18,新潟,9,飛竜特別(1勝クラス),16,3,6,201.3,15,9,荻野極,58,芝,1000,良
2020104346,イミュータブル,2024-06-30,小倉,7,3歳以上1勝クラス,14,3,4,122.0,13,3,西村淳也,58,ダ,1000,重
2020104346,イミュータブル,2024-07-21,小倉,8,3歳以上1勝クラス,12,8,11,7.0,2,3,西村淳也,58,ダ,1000,稍
2020104346,イミュータブル,2024-08-18,中京,12,3歳以上1勝クラス,16,8,15,32.2,9,3,西村淳也,58,ダ,1200,良
2020104346,イミュータブル,2024-10-27,京都,8,3歳以上1勝クラス,15,8,14,3.8,1,3,西村淳也,58,ダ,1200,良
2020104346,イミュータブル,2024-11-10,福島,12,3歳以上1勝クラス,16,3,6,7.5,2,5,西村淳也,58,ダ,1150,良
2020104346,イミュータブル,2024-11-30,中京,2,3歳以上1勝クラス,16,3,5,4.5,2,1,鮫島克駿,58,ダ,1200,良
2020104346,イミュータブル,2025-03-02,阪神,12,4歳以上2勝クラス,16,1,1,25.0,9,5,西村淳也,58,ダ,1200,良
2020104346,イミュータブル,2025-03-30,阪神,12,4歳以上2勝クラス,14,3,4,17.3,8,6,鮫島克駿,58,ダ,1200,良
2020104346,イミュータブル,2025-04-12,阪神,12,4歳以上2勝クラス,16,3,6,29.3,8,3,松山弘平,58,ダ,1200,良
2020104346,イミュータブル,2025-05-03,京都,12,4歳以上2勝クラス,16,6,12,6.5,3,4,坂井瑠星,58,ダ,1200,稍
2020104346,イミュータブル,2025-05-18,京都,12,4歳以上2勝クラス,16,5,10,12.1,7,1,鮫島克駿,58,ダ,1200,稍
2020104346,イミュータブル,2025-08-16,新潟,7,上越S(3勝クラス),15,3,5,44.8,9,5,津村明秀,58,ダ,1200,良
2020104346,イミュータブル,2025-10-04,京都,10,大山崎S(3勝クラス),16,4,8,20.7,9,15,鮫島克駿,58,ダ,1200,不
2020104346,イミュータブル,2025-12-06,阪神,10,妙見山S(3勝クラス),16,4,7,100.4,11,15,池添謙一,58,ダ,1200,良
2020104346,イミュータブル,2026-01-05,京都,10,門松S(3勝クラス),16,5,10,124.3,13,16,池添謙一,58,ダ,1200,良
2020104346,イミュータブル,2026-03-28,中山,9,ブラッドストーンS(3勝クラス),16,6,11,238.0,15,8,石橋脩,58,ダ,1200,重
2020104346,イミュータブル,2026-05-24,京都,10,高瀬川S(3勝クラス),14,1,1,254.8,14,9,長浜鴻緒,58,ダ,1200,良
2022104956,インプロペリア,2024-11-16,東京,5,2歳新馬,11,8,10,1.2,1,1,ルメール,55,芝,1600,良
2022104956,インプロペリア,2025-03-08,阪神,11,フィリーズレビュー(GII),18,1,1,6.0,2,12,ルメール,55,芝,1400,良
2022104956,インプロペリア,2026-06-13,東京,8,3歳以上1勝クラス,18,1,1,2.5,1,1,ルメール,56,芝,1400,良
2023106665,ウチュウノセカイ,2025-08-02,札幌,5,2歳新馬,11,7,8,37.9,8,8,古川吉洋,55,芝,1500,良
2023106665,ウチュウノセカイ,2025-08-17,札幌,1,2歳未勝利,10,7,8,8.9,4,1,丹内祐次,55,芝,1200,良
2023106665,ウチュウノセカイ,2025-08-30,札幌,9,すずらん賞(OP),13,6,8,6.2,4,7,古川吉洋,55,芝,1200,稍
2023106665,ウチュウノセカイ,2025-09-20,中山,9,カンナS(OP),13,5,6,28.9,9,1,原優介,55,芝,1200,良
2023106665,ウチュウノセカイ,2026-05-30,京都,11,葵S(GIII),16,4,8,53.2,13,8,原優介,57,芝,1200,良
2023106665,ウチュウノセカイ,2026-06-28,函館,12,湯の川温泉特別(2勝クラス),14,3,4,3.7,1,11,原優介,55,芝,1200,良
2023106665,ウチュウノセカイ,2026-08-22,札幌,10,オールスターJ第1戦(2勝クラス),14,3,3,7.8,4,13,吉村智洋,56,芝,1200,良
2022103630,ウルスクローム,2024-09-29,中京,3,2歳新馬,15,8,15,35.8,10,2,高杉吏麒,52,ダ,1400,重
2022103630,ウルスクローム,2024-10-13,京都,2,2歳未勝利,10,8,10,2.9,2,5,田口貫太,55,ダ,1800,良
2022103630,ウルスクローム,2024-10-27,京都,2,2歳未勝利,13,7,12,7.5,4,9,田口貫太,55,ダ,1800,良
2022103630,ウルスクローム,2025-03-25,金沢,8,能登千里浜賞(3歳),7,3,3,1.8,1,2,田口貫太,56,ダ,1500,良
2022103630,ウルスクローム,2025-04-20,中山,2,3歳未勝利,16,7,14,6.8,4,3,松山弘平,57,ダ,1200,良
2022103630,ウルスクローム,2025-05-04,京都,1,3歳未勝利,16,3,5,3.5,1,6,松山弘平,57,ダ,1200,稍
2022103630,ウルスクローム,2025-06-21,阪神,3,3歳未勝利,16,8,16,5.3,2,1,幸英明,57,ダ,1200,良
2022103630,ウルスクローム,2025-09-28,阪神,6,3歳以上1勝クラス,16,4,7,8.3,5,1,高杉吏麒,55,ダ,1200,良
2022103630,ウルスクローム,2025-10-12,京都,9,円山特別(2勝クラス),14,8,14,5.2,3,3,高杉吏麒,57,ダ,1200,良
2022103630,ウルスクローム,2025-10-26,京都,12,嵯峨野特別(2勝クラス),16,8,15,5.8,3,2,高杉吏麒,55,ダ,1400,重
2022103630,ウルスクローム,2025-11-08,京都,9,亀岡特別(2勝クラス),16,5,9,3.9,3,6,高杉吏麒,57,ダ,1400,良
2022103630,ウルスクローム,2026-02-15,東京,12,4歳以上2勝クラス,16,3,5,6.4,3,13,吉村誠之,58,ダ,1400,良
2022103630,ウルスクローム,2026-03-01,阪神,12,4歳以上2勝クラス,16,8,15,4.8,3,2,田口貫太,58,ダ,1200,良
2022103630,ウルスクローム,2026-03-22,阪神,12,4歳以上2勝クラス,12,6,9,6.0,3,7,田口貫太,58,ダ,1400,良
2022103630,ウルスクローム,2026-05-30,京都,12,4歳以上2勝クラス,16,3,5,6.9,4,1,田口貫太,58,ダ,1200,良
2022103630,ウルスクローム,2026-06-14,阪神,12,リボン賞(3勝クラス),15,5,10,12.2,6,2,田口貫太,55,ダ,1200,重
2022104940,エイカイカッシーナ,2024-12-15,京都,5,2歳新馬,14,1,1,31.6,8,6,北村友一,55,芝,1600,良
2022104940,エイカイカッシーナ,2025-03-02,阪神,5,3歳未勝利,18,8,18,62.2,13,9,田口貫太,54,芝,1800,良
2022104940,エイカイカッシーナ,2025-04-26,京都,5,3歳未勝利,18,3,6,11.6,6,1,西塚洸二,54,芝,1800,良
2022104940,エイカイカッシーナ,2025-06-01,京都,11,白百合S(L),11,7,9,47.4,10,10,西塚洸二,55,芝,1800,良
2022104940,エイカイカッシーナ,2025-09-28,阪神,8,3歳以上1勝クラス,18,7,13,112.5,11,18,西塚洸二,52,芝,1800,良
2022104940,エイカイカッシーナ,2026-03-01,阪神,8,4歳以上1勝クラス,15,2,2,45.6,8,9,北村友一,55,芝,1800,良
2022104940,エイカイカッシーナ,2026-05-30,京都,7,4歳以上1勝クラス,15,6,11,123.9,13,15,北村友一,56,芝,1600,良
2022104940,エイカイカッシーナ,2026-08-01,札幌,4,3歳以上1勝クラス,11,3,3,89.7,10,10,河原田菜,52,芝,1800,稍
2019104800,エイカイマッケンロ,2021-08-08,新潟,6,2歳新馬,15,1,1,9.6,3,9,岩田望来,54,芝,1600,良
2019104800,エイカイマッケンロ,2021-11-20,阪神,2,2歳未勝利,15,3,4,9.8,4,6,岩田望来,55,ダ,1800,良
2019104800,エイカイマッケンロ,2022-01-16,中京,5,3歳未勝利,11,3,3,30.3,6,1,岩田望来,56,芝,2000,良
2019104800,エイカイマッケンロ,2022-02-19,東京,9,フリージア賞(1勝クラス),9,8,8,3.7,2,2,菅原明良,56,芝,2000,良
2019104800,エイカイマッケンロ,2022-03-19,阪神,11,若葉S(L),10,8,9,14.4,6,10,岩田望来,56,芝,2000,稍
2019104800,エイカイマッケンロ,2022-06-19,東京,8,3歳以上1勝クラス,9,1,1,5.9,3,2,福永祐一,54,芝,2000,良
2019104800,エイカイマッケンロ,2022-08-07,新潟,7,3歳以上1勝クラス,14,7,12,2.1,1,1,福永祐一,54,芝,2200,良
2019104800,エイカイマッケンロ,2022-09-18,中京,9,木曽川特別(2勝クラス),11,6,6,3.4,1,2,福永祐一,54,芝,2200,良
2019104800,エイカイマッケンロ,2022-10-30,東京,8,本栖湖特別(2勝クラス),11,1,1,3.6,2,2,福永祐一,54,芝,2400,良
2019104800,エイカイマッケンロ,2022-12-18,中京,12,尾張特別(2勝クラス),12,1,1,1.9,1,2,岩田望来,55,芝,2200,良
2019104800,エイカイマッケンロ,2023-01-07,中京,9,長良川特別(2勝クラス),14,3,4,2.5,1,7,岩田望来,57,芝,2200,良
2019104800,エイカイマッケンロ,2023-04-30,東京,9,陣馬特別(2勝クラス),10,5,5,2.4,1,2,戸崎圭太,58,芝,2400,良
2019104800,エイカイマッケンロ,2023-05-28,東京,8,青嵐賞(2勝クラス),11,7,9,1.8,1,4,戸崎圭太,58,芝,2400,良
2019104800,エイカイマッケンロ,2023-07-02,中京,9,木曽川特別(2勝クラス),9,1,1,4.0,3,3,坂井瑠星,58,芝,2200,良
2019104800,エイカイマッケンロ,2023-11-25,京都,9,高雄特別(2勝クラス),12,6,8,8.3,3,7,坂井瑠星,58,芝,2400,良
2019104800,エイカイマッケンロ,2023-12-10,中京,10,名古屋日刊スポーツ杯(2勝クラス),12,6,7,6.8,4,2,西塚洸二,58,芝,2000,良
2019104800,エイカイマッケンロ,2024-01-28,東京,12,4歳以上2勝クラス,11,3,3,4.3,2,2,戸崎圭太,58,芝,2000,良
2019104800,エイカイマッケンロ,2024-03-09,中京,10,恋路ケ浜特別(2勝クラス),10,8,9,3.2,1,1,北村友一,58,芝,2000,良
2019104800,エイカイマッケンロ,2024-04-27,東京,10,府中市70周年記念(3勝クラス),13,7,10,17.4,6,6,北村宏司,58,芝,2000,良
2019104800,エイカイマッケンロ,2024-06-08,東京,11,ジューンS(3勝クラス),14,2,2,23.4,7,12,オシェア,56,芝,2400,良
2019104800,エイカイマッケンロ,2024-10-20,東京,10,甲斐路S(3勝クラス),8,3,3,16.3,6,7,北村宏司,58,芝,2000,良
2019104800,エイカイマッケンロ,2024-11-02,東京,10,ノベンバーS(3勝クラス),10,6,6,16.8,7,4,松山弘平,55,芝,1800,稍
2019104800,エイカイマッケンロ,2024-11-24,東京,11,アーモンドアイC(3勝クラス),15,7,12,44.2,9,14,松山弘平,58,芝,2000,良
2019104800,エイカイマッケンロ,2025-02-15,京都,10,飛鳥S(3勝クラス),9,2,2,65.9,9,9,松山弘平,58,芝,2000,良
2019104800,エイカイマッケンロ,2025-02-23,東京,10,アメジストS(3勝クラス),12,6,8,65.1,8,7,松若風馬,55,芝,2000,良
2019104800,エイカイマッケンロ,2025-05-17,東京,11,六社S(3勝クラス),12,1,1,35.6,9,12,ディー,58,芝,2400,稍
2019104800,エイカイマッケンロ,2025-11-09,東京,10,イクイノックスM(3勝クラス),12,5,5,48.5,9,11,北村宏司,58,芝,2000,良
2019104800,エイカイマッケンロ,2025-12-14,阪神,9,オリオンS(3勝クラス),15,6,11,80.1,9,15,高杉吏麒,58,芝,2200,良
2019104800,エイカイマッケンロ,2025-12-28,阪神,10,サンクフルS(3勝クラス),11,8,11,113.7,11,9,西塚洸二,58,芝,2000,良
2019104800,エイカイマッケンロ,2026-01-25,小倉,11,壇之浦S(3勝クラス),12,1,1,137.7,12,9,和田陽希,58,芝,1800,良
2019104800,エイカイマッケンロ,2026-02-28,阪神,9,松籟S(3勝クラス),9,7,7,138.8,9,6,高杉吏麒,54,芝,3000,良
2019104800,エイカイマッケンロ,2026-05-16,東京,11,六社S(3勝クラス),15,7,13,131.3,14,15,ディー,58,芝,2400,良
2019104800,エイカイマッケンロ,2026-07-25,中京,7,関ケ原S(3勝クラス),11,2,2,67.8,9,9,西塚洸二,58,芝,2200,良
2022102710,エイユーファイヤー,2024-08-17,中京,6,2歳新馬,16,4,7,163.7,14,13,西塚洸二,54,ダ,1800,良
2022102710,エイユーファイヤー,2024-12-15,中京,1,2歳未勝利,15,4,6,123.9,12,4,中井裕二,56,ダ,1800,良
2022102710,エイユーファイヤー,2025-01-13,中京,3,3歳未勝利,16,2,3,18.3,6,3,中井裕二,57,ダ,1900,良
2022102710,エイユーファイヤー,2025-02-10,京都,1,3歳未勝利,12,6,8,5.1,3,3,中井裕二,57,ダ,1800,良
2022102710,エイユーファイヤー,2025-03-09,阪神,3,3歳未勝利,12,4,4,1.9,1,1,中井裕二,57,ダ,1800,良
2022102710,エイユーファイヤー,2025-06-08,阪神,8,3歳以上1勝クラス,13,5,7,30.5,8,3,中井裕二,55,ダ,1800,良
2022102710,エイユーファイヤー,2025-06-21,阪神,8,3歳以上1勝クラス,16,7,13,27.1,7,4,中井裕二,55,ダ,1800,良
2022102710,エイユーファイヤー,2025-08-10,中京,10,3歳以上1勝クラス,13,4,4,3.9,2,2,中井裕二,55,ダ,1900,良
2022102710,エイユーファイヤー,2025-09-07,阪神,7,3歳以上1勝クラス,9,2,2,2.2,1,2,中井裕二,55,ダ,1800,良
2022102710,エイユーファイヤー,2025-09-27,阪神,6,3歳以上1勝クラス,13,6,8,3.1,1,4,中井裕二,55,ダ,1800,良
2022102710,エイユーファイヤー,2025-12-07,中京,3,3歳以上1勝クラス,14,1,1,5.2,4,8,中井裕二,57,ダ,1800,良
2022102710,エイユーファイヤー,2025-12-20,阪神,7,3歳以上1勝クラス,16,2,4,9.0,3,4,松山弘平,57,ダ,1800,良
2022102710,エイユーファイヤー,2026-01-11,京都,6,4歳以上1勝クラス,14,4,6,5.1,2,2,松山弘平,57,ダ,1800,良
2022102710,エイユーファイヤー,2026-02-10,京都,4,4歳以上1勝クラス,9,1,1,4.7,3,4,松山弘平,57,ダ,1800,良
2022102710,エイユーファイヤー,2026-04-04,阪神,7,4歳以上1勝クラス,9,4,4,2.7,1,3,松山弘平,58,ダ,1800,稍
2022102710,エイユーファイヤー,2026-04-26,京都,8,4歳以上1勝クラス,15,2,3,4.5,2,5,岩田望来,58,ダ,1800,良
2022102710,エイユーファイヤー,2026-06-13,阪神,7,3歳以上1勝クラス,16,6,11,70.6,11,11,幸英明,58,ダ,1800,良
2022102710,エイユーファイヤー,2026-08-08,中京,8,恵那特別(1勝クラス),12,5,5,20.4,6,5,中井裕二,58,ダ,1800,良
2021105565,エコロブルーム,2023-10-15,東京,5,2歳新馬,14,2,2,3.9,2,3,浜中俊,56,芝,1600,重
2021105565,エコロブルーム,2023-11-11,東京,2,2歳未勝利,8,7,7,1.5,1,1,ルメール,56,芝,1600,良
2021105565,エコロブルーム,2024-01-08,京都,11,日刊スポシンザン記念(GIII),18,7,13,2.8,1,2,ルメール,57,芝,1600,良
2021105565,エコロブルーム,2024-04-06,中山,11,ニュージーランドT(GII),16,4,7,4.7,3,1,横山武史,57,芝,1600,稍
2021105565,エコロブルーム,2025-04-05,中山,11,ダービー卿チャレンジ(GIII),13,3,3,,,除,横山武史,57.5,芝,1600,良
2021105565,エコロブルーム,2025-05-11,新潟,11,谷川岳S(L),14,2,2,2.7,1,4,丹内祐次,58,芝,1400,稍
2021105565,エコロブルーム,2026-05-31,京都,10,安土城S(L),17,8,17,15.4,7,1,菱田裕二,57.5,芝,1400,良
2021103976,エコロレイズ,2023-06-25,東京,5,2歳新馬,16,1,2,20.5,7,9,木幡巧也,55,芝,1600,良
2021103976,エコロレイズ,2023-09-17,中山,2,2歳未勝利,10,7,7,6.2,4,2,菅原明良,55,芝,2000,良
2021103976,エコロレイズ,2023-09-30,中山,4,2歳未勝利,14,6,9,5.2,2,3,横山武史,55,芝,2000,良
2021103976,エコロレイズ,2023-12-10,中山,6,2歳未勝利,18,5,10,3.4,2,1,菅原明良,56,芝,2000,良
2021103976,エコロレイズ,2024-01-08,中山,6,3歳1勝クラス,11,6,6,6.6,4,4,菅原明良,57,芝,2000,良
2021103976,エコロレイズ,2024-03-03,中山,11,報知弥生ディープ記念(GII),11,4,4,144.2,11,4,横山和生,57,芝,2000,良
2021103976,エコロレイズ,2024-04-13,中山,9,山藤賞(1勝クラス),6,1,1,2.3,1,4,横山和生,57,芝,2000,良
2021103976,エコロレイズ,2024-05-26,京都,11,白百合S(L),9,7,7,6.1,3,4,松若風馬,57,芝,1800,良
2021103976,エコロレイズ,2024-09-16,中山,11,朝日セントライト記念(GII),14,3,3,39.7,8,11,横山和生,57,芝,2200,良
2021103976,エコロレイズ,2024-10-05,東京,8,3歳以上1勝クラス,11,2,2,9.0,4,7,横山和生,56,芝,1800,稍
2021103976,エコロレイズ,2024-10-19,東京,12,3歳以上1勝クラス,12,6,8,11.4,5,6,団野大成,56,芝,1800,良
2021103976,エコロレイズ,2024-11-09,福島,9,二本松特別(1勝クラス),13,8,12,4.8,2,1,菊沢一樹,56,芝,2000,良
2021103976,エコロレイズ,2025-01-06,中山,10,初日の出賞(2勝クラス),15,2,3,6.4,4,4,菊沢一樹,57,芝,2000,良
2021103976,エコロレイズ,2025-03-22,中山,9,館山特別(2勝クラス),13,7,11,4.4,3,4,菊沢一樹,58,芝,2000,良
2021103976,エコロレイズ,2025-04-20,福島,10,奥の細道特別(2勝クラス),15,2,3,4.7,3,3,菊沢一樹,58,芝,2600,良
2021103976,エコロレイズ,2025-05-18,新潟,10,信濃川特別(2勝クラス),10,4,4,6.1,4,7,菊沢一樹,58,芝,2000,良
2021103976,エコロレイズ,2025-07-12,福島,9,信夫山特別(2勝クラス),12,2,2,3.6,1,3,菅原明良,58,芝,2600,良
2021103976,エコロレイズ,2025-08-17,新潟,8,阿賀野川特別(2勝クラス),9,7,7,7.5,3,4,三浦皇成,58,芝,2200,良
2021103976,エコロレイズ,2025-09-20,中山,10,九十九里特別(2勝クラス),9,2,2,5.1,2,3,菅原明良,58,芝,2500,良
2021103976,エコロレイズ,2025-11-24,東京,9,南武特別(2勝クラス),12,5,5,35.6,7,4,菅原明良,58,芝,2400,良
2021103976,エコロレイズ,2025-12-07,中山,7,3歳以上2勝クラス,11,7,9,11.9,5,5,菅原明良,58,芝,2500,良
2021103976,エコロレイズ,2025-12-28,中山,9,グッドラックH(2勝クラス),14,2,2,36.3,7,6,菅原明良,56,芝,2500,良
2021103976,エコロレイズ,2026-02-21,小倉,10,皿倉山特別(2勝クラス),16,5,9,13.2,6,1,菊沢一樹,58,芝,2600,良
2021103976,エコロレイズ,2026-03-08,中山,9,湾岸S(3勝クラス),16,8,15,54.6,9,5,菊沢一樹,58,芝,2500,良
2021103976,エコロレイズ,2026-04-19,中山,12,サンシャインS(3勝クラス),18,3,6,29.7,11,8,団野大成,56,芝,2200,良
2021103976,エコロレイズ,2026-06-14,東京,10,江の島S(3勝クラス),14,5,7,50.1,11,5,菊沢一樹,58,芝,2400,良
2021103976,エコロレイズ,2026-07-26,札幌,11,札幌日経賞(L),13,6,9,99.7,12,6,横山琉人,57,芝,2600,良
2021110069,エスカル,2023-07-01,福島,6,2歳新馬,12,6,9,7.8,5,3,戸崎圭太,55,ダ,1150,重
2021110069,エスカル,2023-07-23,福島,3,2歳未勝利,13,8,14,1.4,1,2,戸崎圭太,55,ダ,1150,良
2021110069,エスカル,2023-08-27,小倉,2,2歳未勝利,12,6,8,2.4,1,1,松若風馬,55,ダ,1000,良
2021110069,エスカル,2023-09-30,阪神,9,ヤマボウシ賞(1勝クラス),9,6,6,4.9,3,7,松若風馬,55,ダ,1400,良
2021110069,エスカル,2023-12-03,中山,6,2歳1勝クラス,13,8,12,6.2,2,8,戸崎圭太,56,ダ,1200,良
2021110069,エスカル,2023-12-23,中山,7,2歳1勝クラス,15,4,6,32.4,9,2,横山和生,56,ダ,1200,良
2021110069,エスカル,2024-01-14,京都,4,3歳1勝クラス,11,1,1,4.2,2,10,菅原明良,57,ダ,1200,良
2021110069,エスカル,2024-03-03,中山,4,3歳1勝クラス,16,5,9,13.5,7,3,横山和生,57,ダ,1200,稍
2021110069,エスカル,2024-06-01,京都,9,3歳以上1勝クラス,16,7,14,6.9,4,1,松若風馬,55,ダ,1200,稍
2021110069,エスカル,2024-06-23,京都,12,リボン賞(2勝クラス),16,1,1,7.0,3,1,松若風馬,55,ダ,1200,不
2021110069,エスカル,2024-07-20,福島,11,TUF杯(3勝クラス),16,1,1,2.0,1,1,松若風馬,54,ダ,1150,良
2021110069,エスカル,2024-08-15,門別,11,北海道スプリントカッ(JpnIII),13,4,5,1.9,1,7,松山弘平,56,ダ,1200,稍
2021110069,エスカル,2024-11-09,京都,10,室町S(OP),16,7,14,3.2,1,10,武豊,55,ダ,1200,良
2021110069,エスカル,2024-12-08,中山,11,カペラS(GIII),15,3,5,,,取,横山和生,56,ダ,1200,良
2021110069,エスカル,2025-06-08,阪神,11,水無月S(OP),16,6,11,38.4,11,6,松若風馬,55,ダ,1200,良
2021110069,エスカル,2025-07-20,福島,11,福島テレビ賞(OP),13,6,8,5.2,2,7,菅原明良,57,ダ,1150,良
2021110069,エスカル,2025-09-14,中山,11,ラジオ日本賞(OP),16,6,11,12.0,4,10,三浦皇成,57,ダ,1200,稍
2021110069,エスカル,2025-11-23,東京,11,霜月S(OP),16,3,6,87.9,13,6,三浦皇成,57,ダ,1400,良
2021110069,エスカル,2025-12-21,中京,11,コールドムーンS(OP),16,6,11,52.7,10,5,鮫島克駿,58,ダ,1400,稍
2021110069,エスカル,2026-02-10,京都,10,大和S(OP),16,2,4,16.1,7,6,横山和生,55,ダ,1200,良
2021110069,エスカル,2026-04-19,中山,10,京葉S(L),15,3,5,24.3,11,5,横山和生,57,ダ,1200,良
2021110069,エスカル,2026-05-03,新潟,11,越後S(OP),15,4,7,6.7,4,11,丸山元気,58,ダ,1200,稍
2021110069,エスカル,2026-08-16,新潟,7,NST賞(OP),15,7,12,21.9,9,14,丸山元気,55,ダ,1200,良
2023101793,エスシービクトリア,2026-01-11,中山,5,3歳新馬,16,1,2,50.1,9,1,遠藤汰月,54,ダ,1800,良
2023101793,エスシービクトリア,2026-03-01,中山,4,3歳1勝クラス,8,4,4,15.3,6,2,遠藤汰月,54,ダ,1800,稍
2023101793,エスシービクトリア,2026-03-14,中山,6,3歳1勝クラス,16,8,15,15.3,7,2,遠藤汰月,54,ダ,1800,良
2023101793,エスシービクトリア,2026-05-30,東京,6,3歳1勝クラス,12,1,1,3.0,2,2,横山和生,57,ダ,1600,良
2023101793,エスシービクトリア,2026-08-01,札幌,8,3歳以上1勝クラス,11,4,4,1.4,1,1,横山和生,55,ダ,1700,稍
2020101641,エムズマインド,2022-12-04,阪神,6,2歳新馬,12,4,4,16.0,6,4,川島信二,55,ダ,1400,稍
2020101641,エムズマインド,2023-02-18,阪神,4,3歳未勝利,16,3,6,13.2,4,1,川島信二,56,ダ,1400,良
2020101641,エムズマインド,2023-03-12,阪神,5,3歳1勝クラス,16,5,10,15.6,5,2,川島信二,56,ダ,1400,良
2020101641,エムズマインド,2023-03-26,阪神,6,3歳1勝クラス,15,2,3,10.5,5,4,川島信二,56,ダ,1200,不
2020101641,エムズマインド,2023-06-24,阪神,7,3歳以上1勝クラス,16,1,1,9.4,4,12,秋山真一,55,ダ,1400,稍
2020101641,エムズマインド,2023-07-15,中京,7,3歳以上1勝クラス,11,3,3,21.4,7,7,川島信二,55,ダ,1800,稍
2020101641,エムズマインド,2023-08-20,小倉,12,3歳以上1勝クラス,15,7,14,9.2,3,10,川島信二,55,ダ,1700,良
2020101641,エムズマインド,2023-12-09,阪神,8,3歳以上1勝クラス,16,1,2,20.7,5,3,川島信二,57,ダ,1400,良
2020101641,エムズマインド,2023-12-28,阪神,8,3歳以上1勝クラス,15,3,4,5.4,3,4,川島信二,57,ダ,1400,良
2020101641,エムズマインド,2024-01-08,京都,8,4歳以上1勝クラス,16,1,2,5.5,2,4,川島信二,57,ダ,1400,良
2020101641,エムズマインド,2024-01-21,京都,8,4歳以上1勝クラス,14,8,16,3.6,2,1,川島信二,57,ダ,1400,重
2020101641,エムズマインド,2024-03-31,阪神,7,4歳以上2勝クラス,16,2,4,16.1,7,10,浜中俊,58,ダ,1400,良
2020101641,エムズマインド,2024-04-14,阪神,12,4歳以上2勝クラス,15,7,13,25.0,9,3,太宰啓介,58,ダ,1400,良
2020101641,エムズマインド,2024-04-27,京都,12,4歳以上2勝クラス,16,6,11,7.7,4,3,団野大成,58,ダ,1400,良
2020101641,エムズマインド,2024-05-18,京都,12,オーストラリアT(2勝クラス),16,6,12,6.3,3,4,団野大成,58,ダ,1400,良
2020101641,エムズマインド,2024-11-24,京都,8,3歳以上2勝クラス,16,2,3,5.4,3,5,団野大成,58,ダ,1400,良
2020101641,エムズマインド,2024-12-14,中京,10,ヤングJSFR中京2(2勝クラス),16,1,2,4.0,1,3,河原田菜,58,ダ,1400,良
2020101641,エムズマインド,2024-12-28,京都,9,春待月賞(2勝クラス),16,7,13,7.6,4,5,浜中俊,58,ダ,1400,良
2020101641,エムズマインド,2025-01-13,中京,9,鳥羽特別(2勝クラス),16,6,11,9.0,6,1,団野大成,58,ダ,1400,良
2020101641,エムズマインド,2025-05-25,京都,10,高瀬川S(3勝クラス),16,2,3,14.8,7,6,松山弘平,58,ダ,1400,重
2020101641,エムズマインド,2026-06-14,阪神,12,リボン賞(3勝クラス),15,3,6,156.1,13,7,城戸義政,55,ダ,1200,重
2020101641,エムズマインド,2026-08-22,中京,7,伊賀S(3勝クラス),16,4,7,16.8,7,10,田口貫太,58,ダ,1400,良
2022100933,エルサトアナ,2025-01-18,中京,3,3歳新馬,16,1,1,91.7,12,2,松本大輝,54,ダ,1400,良
2022100933,エルサトアナ,2025-02-02,小倉,2,3歳未勝利,16,4,7,27.6,9,5,松本大輝,54,芝,1200,重
2022100933,エルサトアナ,2025-02-23,小倉,2,3歳未勝利,18,7,14,14.5,5,3,松本大輝,54,芝,1200,良
2022100933,エルサトアナ,2025-03-16,阪神,1,3歳未勝利,16,1,2,7.3,3,2,松本大輝,54,ダ,1200,稍
2022100933,エルサトアナ,2025-04-06,阪神,1,3歳未勝利,16,1,2,8.2,4,6,松本大輝,54,ダ,1200,良
2022100933,エルサトアナ,2025-05-24,京都,1,3歳未勝利,16,4,8,30.3,9,2,和田陽希,52,ダ,1200,良
2022100933,エルサトアナ,2025-06-15,函館,1,3歳未勝利,16,5,10,3.2,1,1,松本大輝,54,芝,1200,良
2022100933,エルサトアナ,2025-06-28,函館,9,長万部特別(1勝クラス),8,3,3,6.0,3,1,松本大輝,53,芝,1200,良
2022100933,エルサトアナ,2025-08-16,札幌,10,知床特別(2勝クラス),13,5,7,7.7,6,5,松本大輝,54,芝,1200,良
2022100933,エルサトアナ,2025-10-05,京都,12,3歳以上2勝クラス,16,1,1,9.2,6,8,松本大輝,54,芝,1200,稍
2022100933,エルサトアナ,2025-11-15,京都,9,深草特別(2勝クラス),15,2,3,16.8,4,8,武豊,55,ダ,1200,良
2022100933,エルサトアナ,2025-12-20,阪神,12,3歳以上2勝クラス,16,8,16,35.2,9,11,太宰啓介,55,芝,1200,良
2022100933,エルサトアナ,2026-01-18,京都,9,小倉山特別(2勝クラス),16,3,5,320.0,16,16,太宰啓介,55,ダ,1400,良
2022100933,エルサトアナ,2026-03-15,阪神,12,4歳以上2勝クラス,13,7,11,74.5,12,7,田山旺佑,53,ダ,1400,良
2022100933,エルサトアナ,2026-04-12,阪神,7,4歳以上2勝クラス,11,1,1,21.5,4,9,今村聖奈,54,芝,1600,良
2022100933,エルサトアナ,2026-06-28,函館,12,湯の川温泉特別(2勝クラス),14,2,2,6.8,3,13,池添謙一,56,芝,1200,良
2022100933,エルサトアナ,2026-07-11,函館,10,HTB杯(2勝クラス),14,6,10,50.9,11,12,遠藤汰月,56,芝,1200,稍
2022100933,エルサトアナ,2026-08-15,札幌,10,知床特別(2勝クラス),16,8,16,54.6,13,13,菱田裕二,56,芝,1200,良
2021105321,エーデル,2023-12-09,阪神,6,2歳新馬,9,2,2,46.3,7,1,岩田康誠,55,ダ,1800,良
2021105321,エーデル,2024-06-15,函館,12,3歳以上1勝クラス,14,7,12,5.3,4,3,丹内祐次,53,ダ,1700,良
2021105321,エーデル,2024-06-29,函館,12,3歳以上1勝クラス,12,5,5,6.3,3,11,丹内祐次,53,ダ,1700,良
2021105321,エーデル,2024-11-17,福島,2,3歳以上1勝クラス,15,7,12,6.1,4,5,丹内祐次,54,ダ,1700,良
2021105321,エーデル,2024-12-08,中山,8,3歳以上1勝クラス,14,4,6,16.3,7,13,丹内祐次,54,ダ,2500,良
2021105321,エーデル,2025-03-16,中京,8,4歳以上1勝クラス,14,5,7,27.6,10,6,岩田康誠,56,ダ,1800,重
2021105321,エーデル,2025-03-30,中京,7,4歳以上1勝クラス,9,1,1,23.5,5,3,岩田康誠,56,ダ,1800,稍
2021105321,エーデル,2025-04-27,福島,6,4歳以上1勝クラス,14,3,4,5.8,3,6,丹内祐次,56,ダ,1700,良
2021105321,エーデル,2025-10-11,東京,8,3歳以上1勝クラス,16,2,3,26.6,8,4,丹内祐次,56,ダ,1600,稍
2021105321,エーデル,2025-11-02,東京,7,3歳以上1勝クラス,15,8,16,31.0,7,11,丹内祐次,56,ダ,1600,重
2021105321,エーデル,2025-11-16,東京,6,3歳以上1勝クラス,16,8,16,23.6,7,1,酒井学,56,ダ,1600,良
2021105321,エーデル,2025-12-21,阪神,8,3歳以上2勝クラス,15,6,11,81.7,10,8,酒井学,56,ダ,1800,重
2021105321,エーデル,2026-01-10,中山,8,4歳以上2勝クラス,13,2,2,32.4,8,8,丹内祐次,56,ダ,1800,良
2021105321,エーデル,2026-02-22,東京,12,大島特別(2勝クラス),16,7,14,43.2,10,9,岩田康誠,56,ダ,1400,良
2021105321,エーデル,2026-04-25,東京,12,4歳以上2勝クラス,13,1,1,103.7,10,10,北村友一,56,ダ,1600,稍
2021105321,エーデル,2026-05-09,東京,8,4歳以上2勝クラス,8,3,3,47.3,5,5,岩田康誠,56,芝,2000,良
2021105321,エーデル,2026-06-28,福島,9,松島特別(2勝クラス),13,4,5,90.6,10,13,Ｍ．デム,56,芝,2000,良
2021105321,エーデル,2026-07-12,函館,9,北海ハンデキャップ(2勝クラス),14,6,9,156.4,13,7,酒井学,51,芝,1800,重
2021105321,エーデル,2026-07-19,函館,9,かもめ島特別(2勝クラス),13,7,11,167.3,11,10,佐々木大,56,芝,1800,重
2021104856,エーリアル,2023-07-16,福島,5,2歳新馬,13,8,12,24.7,8,4,石橋脩,55,芝,1800,良
2021104856,エーリアル,2023-12-02,中山,3,2歳未勝利,15,8,15,75.5,9,10,北村宏司,55,芝,1600,良
2021104856,エーリアル,2024-01-21,中山,2,3歳未勝利,15,6,11,6.7,5,2,ピーヒュ,55,ダ,1800,不
2021104856,エーリアル,2024-03-02,中山,4,3歳未勝利,16,1,1,1.9,1,2,戸崎圭太,55,ダ,1800,重
2021104856,エーリアル,2024-05-11,東京,1,3歳未勝利,16,8,16,1.7,1,1,戸崎圭太,55,ダ,1600,良
2021104856,エーリアル,2024-07-14,函館,7,3歳以上1勝クラス,14,6,9,16.7,6,6,横山武史,53,ダ,1700,良
2021104856,エーリアル,2024-09-08,中山,4,3歳以上1勝クラス,16,8,16,12.2,3,8,北村宏司,53,ダ,1800,良
2021104856,エーリアル,2024-10-06,東京,7,3歳以上1勝クラス,16,6,11,45.4,9,8,杉原誠人,54,ダ,1600,重
2021104856,エーリアル,2024-12-14,中京,2,3歳以上1勝クラス,16,3,5,4.3,3,4,杉原誠人,55,ダ,1800,良
2021104856,エーリアル,2025-01-11,中山,6,4歳以上1勝クラス,13,3,3,9.3,5,2,杉原誠人,55,ダ,1800,稍
2021104856,エーリアル,2025-03-01,中山,4,4歳以上1勝クラス,13,1,1,3.5,2,2,杉原誠人,56,ダ,1800,良
2021104856,エーリアル,2025-03-29,中山,7,4歳以上1勝クラス,11,7,9,1.7,1,1,杉原誠人,56,ダ,1800,稍
2021104856,エーリアル,2025-05-25,東京,8,三峰山特別(2勝クラス),16,1,1,2.6,1,3,ルメール,56,ダ,1600,不
2021104856,エーリアル,2025-06-15,阪神,8,逆瀬川特別(2勝クラス),16,6,11,4.2,2,5,ルメール,56,ダ,1800,重
2021104856,エーリアル,2026-01-18,中山,8,4歳以上2勝クラス,16,6,11,5.3,2,5,ルメール,56,ダ,1800,良
2021104856,エーリアル,2026-02-14,東京,8,4歳以上2勝クラス,16,3,6,38.1,9,5,津村明秀,56,ダ,1600,良
2021104856,エーリアル,2026-03-22,中山,12,4歳以上2勝クラス,16,1,1,55.2,12,11,武藤雅,56,ダ,1800,良
2021104856,エーリアル,2026-05-23,東京,12,4歳以上2勝クラス,16,3,5,24.9,8,13,ディー,56,ダ,1600,稍
2021104856,エーリアル,2026-08-01,札幌,12,大倉山特別(2勝クラス),8,8,8,10.1,5,7,丹内祐次,56,ダ,1700,稍
2021104971,オールセインツ,2024-03-10,中京,5,3歳未勝利,11,2,2,9.3,3,1,藤岡康太,57,芝,2200,良
2021104971,オールセインツ,2024-05-04,京都,11,京都新聞杯(GII),15,2,3,41.3,12,13,岩田康誠,57,芝,2200,良
2021104971,オールセインツ,2024-06-01,京都,7,3歳以上1勝クラス,9,1,1,6.3,3,1,岩田望来,54,芝,2200,良
2021104971,オールセインツ,2024-08-03,新潟,11,月岡温泉特別(2勝クラス),8,7,7,3.8,2,1,坂井瑠星,55,芝,2000,良
2021104971,オールセインツ,2024-09-22,中京,11,神戸新聞杯(GII),14,3,5,11.2,6,4,坂井瑠星,57,芝,2200,稍
2021104971,オールセインツ,2024-11-17,京都,9,比叡S(3勝クラス),17,5,10,4.4,3,5,坂井瑠星,55,芝,2400,良
2021104971,オールセインツ,2025-06-21,阪神,10,ストークS(3勝クラス),12,5,5,6.0,4,5,坂井瑠星,57,芝,2200,良
2021104971,オールセインツ,2025-07-20,小倉,11,小倉記念(GIII),16,4,7,11.0,5,5,酒井学,54,芝,2000,良
2021104971,オールセインツ,2025-08-30,新潟,11,日本海S(3勝クラス),16,3,5,6.4,2,12,岩田望来,58,芝,2200,良
2021104971,オールセインツ,2025-12-14,阪神,9,オリオンS(3勝クラス),15,1,1,15.7,7,7,坂井瑠星,58,芝,2200,良
2021104971,オールセインツ,2026-01-10,中山,11,迎春S(3勝クラス),17,8,17,19.4,7,4,戸崎圭太,58,芝,2200,良
2021104971,オールセインツ,2026-02-14,京都,10,飛鳥S(3勝クラス),16,6,12,8.4,4,12,団野大成,58,芝,2000,良
2021104971,オールセインツ,2026-08-01,中京,7,豊橋S(3勝クラス),11,3,3,32.2,9,8,富田暁,56,芝,1600,良
2022104960,カルプスペルシュ,2024-06-22,函館,5,2歳新馬,7,2,2,6.7,4,1,鮫島克駿,55,芝,1200,良
2022104960,カルプスペルシュ,2024-07-13,函館,11,函館2歳S(GIII),14,6,10,7.0,4,5,鮫島克駿,55,芝,1200,良
2022104960,カルプスペルシュ,2024-11-02,京都,11,KBSファンタジーS(GIII),15,4,7,17.4,8,11,佐々木大,55,芝,1400,不
2022104960,カルプスペルシュ,2024-11-30,京都,9,さざんか賞(1勝クラス),9,7,7,3.8,3,4,幸英明,55,芝,1200,良
2022104960,カルプスペルシュ,2025-02-09,小倉,9,かささぎ賞(1勝クラス),16,4,7,4.9,2,3,菱田裕二,55,芝,1200,稍
2022104960,カルプスペルシュ,2025-02-23,京都,10,マーガレットS(L),8,7,7,27.1,8,3,高杉吏麒,55,芝,1200,良
2022104960,カルプスペルシュ,2025-04-26,福島,9,雪うさぎ賞(1勝クラス),16,8,16,8.2,5,4,吉田隼人,55,芝,1200,良
2022104960,カルプスペルシュ,2025-06-22,函館,8,3歳以上1勝クラス,11,2,2,1.9,1,1,横山武史,53,芝,1200,重
2022104960,カルプスペルシュ,2025-07-12,函館,10,HTB杯(2勝クラス),11,5,5,3.0,1,1,横山武史,53,芝,1200,良
2022104960,カルプスペルシュ,2025-07-26,札幌,11,TVh賞(3勝クラス),12,3,3,2.0,1,1,横山武史,53,芝,1200,良
2022104960,カルプスペルシュ,2025-08-24,札幌,11,キーンランドC(GIII),16,8,16,5.7,3,3,横山武史,53,芝,1200,良
2022104960,カルプスペルシュ,2025-12-07,中山,11,ラピスラズリS(L),16,8,15,4.0,2,5,横山武史,54,芝,1200,良
2022104960,カルプスペルシュ,2026-02-01,京都,11,シルクロードS(GIII),18,2,4,5.7,2,4,横山武史,54,芝,1200,良
2022104960,カルプスペルシュ,2026-03-22,中京,11,愛知杯(GIII),18,6,12,12.8,8,11,横山武史,55,芝,1400,良
2022104960,カルプスペルシュ,2026-06-13,函館,11,函館スプリントS(GIII),12,4,4,4.6,2,5,丹内祐次,55,芝,1200,稍
2022103639,カーヌスティ,2024-07-21,札幌,5,2歳新馬,8,1,1,26.1,7,7,佐々木大,55,芝,1800,良
2022103639,カーヌスティ,2025-01-05,中山,5,3歳未勝利,16,8,16,7.4,4,6,佐々木大,57,芝,1600,良
2022103639,カーヌスティ,2025-05-25,東京,4,3歳未勝利,18,4,8,16.0,5,5,北村友一,57,芝,1600,稍
2022103639,カーヌスティ,2025-06-22,函館,6,3歳未勝利,11,8,10,6.8,4,11,北村友一,57,ダ,1700,重
2022103639,カーヌスティ,2025-07-12,函館,2,3歳未勝利,12,2,2,15.5,5,4,北村友一,57,ダ,1000,良
2022103639,カーヌスティ,2025-09-09,門別,10,グランシャリオドリー(C4),12,8,12,2.3,1,2,落合玄太,57,ダ,1200,稍
2022103639,カーヌスティ,2025-09-23,門別,8,松山光プロジェクト特(C4),8,6,6,1.6,1,1,落合玄太,57,ダ,1000,稍
2022103639,カーヌスティ,2025-10-08,門別,10,グランシャリオドリー(C3),12,7,10,1.0,1,1,落合玄太,57,ダ,1000,良
2022103639,カーヌスティ,2025-10-29,門別,9,ローズマリー特別(C1),12,8,11,1.6,1,1,落合玄太,57,ダ,1000,稍
2022103639,カーヌスティ,2025-11-13,門別,9,来年も門別でJBC2(B4),8,7,7,1.1,1,1,落合玄太,57,ダ,1000,稍
2022103639,カーヌスティ,2026-01-24,中山,7,4歳以上1勝クラス,16,3,5,9.9,4,4,キング,58,ダ,1200,良
2022103639,カーヌスティ,2026-02-10,東京,12,4歳以上1勝クラス,16,6,12,6.5,3,5,キング,58,ダ,1300,稍
2022103639,カーヌスティ,2026-03-08,中山,6,4歳以上1勝クラス,16,2,3,4.4,2,3,ルメール,58,ダ,1200,稍
2022103639,カーヌスティ,2026-04-25,福島,7,4歳以上1勝クラス,12,5,6,5.3,4,1,舟山瑠泉,56,芝,1200,良
2022103639,カーヌスティ,2026-07-05,福島,9,郡山特別(2勝クラス),16,7,13,6.9,4,1,戸崎圭太,56,芝,1200,良
2022106471,キタノライブリー,2024-08-24,新潟,6,2歳新馬,14,4,6,65.3,12,2,藤田菜七,53,ダ,1200,良
2022106471,キタノライブリー,2024-09-21,中山,1,2歳未勝利,11,4,4,18.5,3,4,藤田菜七,53,ダ,1200,良
2022106471,キタノライブリー,2024-10-14,新潟,1,2歳未勝利,13,8,12,6.7,4,3,原優介,54,ダ,1200,良
2022106471,キタノライブリー,2024-11-10,東京,1,2歳未勝利,15,3,5,10.3,4,9,原優介,54,ダ,1400,良
2022106471,キタノライブリー,2024-12-01,中山,1,2歳未勝利,16,4,8,8.7,5,10,鮫島克駿,55,ダ,1200,良
2022106471,キタノライブリー,2025-03-08,中山,1,3歳未勝利,16,4,7,28.3,5,2,横山琉人,54,ダ,1200,重
2022106471,キタノライブリー,2025-03-29,中山,1,3歳未勝利,16,6,11,7.0,2,2,丹内祐次,55,ダ,1200,良
2022106471,キタノライブリー,2025-04-20,中山,2,3歳未勝利,16,3,5,2.7,2,2,丹内祐次,55,ダ,1200,良
2022106471,キタノライブリー,2025-05-10,新潟,3,3歳未勝利,15,4,7,2.0,1,13,丹内祐次,55,ダ,1200,稍
2022106471,キタノライブリー,2025-05-25,東京,1,3歳未勝利,16,7,13,11.2,5,2,丹内祐次,55,ダ,1400,不
2022106471,キタノライブリー,2025-06-14,東京,3,3歳未勝利,16,5,10,3.3,1,3,菅原明良,55,ダ,1400,良
2022106471,キタノライブリー,2025-07-06,福島,6,3歳未勝利,16,1,1,2.9,1,7,菅原明良,55,ダ,1150,良
2022106471,キタノライブリー,2025-08-24,新潟,4,3歳未勝利,15,6,10,6.0,4,2,木幡初也,55,ダ,1200,良
2022106471,キタノライブリー,2025-09-07,中山,7,3歳未勝利,16,8,16,1.9,1,1,木幡初也,55,ダ,1200,良
2022106471,キタノライブリー,2026-02-10,東京,12,4歳以上1勝クラス,16,4,7,7.9,4,1,木幡初也,56,ダ,1300,稍
2022106471,キタノライブリー,2026-03-15,阪神,12,4歳以上2勝クラス,13,2,2,19.9,9,13,小沢大仁,56,ダ,1400,良
2022106471,キタノライブリー,2026-04-11,阪神,12,4歳以上2勝クラス,16,7,13,49.4,12,9,西塚洸二,56,ダ,1200,重
2022106471,キタノライブリー,2026-08-22,新潟,8,岩室温泉特別(2勝クラス),15,3,5,33.3,8,5,木幡初也,56,ダ,1200,良
2020100363,キョウエイカンフ,2022-10-10,東京,6,2歳新馬,16,8,15,11.4,5,3,横山和生,55,ダ,1400,重
2020100363,キョウエイカンフ,2023-02-04,東京,2,3歳未勝利,16,4,7,1.6,1,7,横山和生,56,ダ,1300,良
2020100363,キョウエイカンフ,2023-03-25,中山,2,3歳未勝利,16,6,12,3.5,2,1,横山和生,56,ダ,1200,不
2020100363,キョウエイカンフ,2023-04-16,中山,5,3歳1勝クラス,16,6,11,21.9,9,6,横山和生,56,ダ,1200,重
2020100363,キョウエイカンフ,2023-08-20,新潟,8,3歳以上1勝クラス,15,8,15,8.3,6,8,吉田豊,56,ダ,1200,良
2020100363,キョウエイカンフ,2023-09-10,中山,4,3歳以上1勝クラス,16,1,2,14.5,5,2,吉田豊,56,ダ,1200,稍
2020100363,キョウエイカンフ,2023-10-01,中山,6,3歳以上1勝クラス,16,1,1,5.4,2,1,吉田豊,56,ダ,1200,良
2020100363,キョウエイカンフ,2023-10-28,東京,12,3歳以上2勝クラス,11,8,10,5.3,3,4,吉田豊,56,ダ,1400,良
2020100363,キョウエイカンフ,2023-11-25,東京,8,3歳以上2勝クラス,16,7,13,14.4,4,8,吉田豊,57,ダ,1400,良
2020100363,キョウエイカンフ,2024-03-03,中山,12,4歳以上2勝クラス,16,4,7,8.4,3,5,吉田豊,58,ダ,1200,稍
2020100363,キョウエイカンフ,2024-03-31,中山,12,4歳以上2勝クラス,16,1,1,9.3,4,5,吉田豊,58,ダ,1200,良
2020100363,キョウエイカンフ,2024-04-13,中山,12,袖ケ浦特別(2勝クラス),15,4,7,20.1,7,6,吉田豊,58,ダ,1200,良
2020100363,キョウエイカンフ,2024-06-02,東京,12,小金井特別(2勝クラス),16,3,6,29.6,10,8,横山和生,58,ダ,1400,重
2020100363,キョウエイカンフ,2024-09-08,中山,12,3歳以上2勝クラス,15,4,6,14.5,3,3,原優介,57,ダ,1200,良
2020100363,キョウエイカンフ,2024-09-28,中山,12,3歳以上2勝クラス,16,1,2,18.8,6,3,原優介,57,ダ,1200,良
2020100363,キョウエイカンフ,2024-10-13,東京,12,西湖特別(2勝クラス),11,8,11,6.8,4,3,原優介,58,ダ,1300,良
2020100363,キョウエイカンフ,2024-12-22,中山,8,冬至特別(2勝クラス),16,8,16,5.7,3,3,横山和生,58,ダ,1200,良
2020100363,キョウエイカンフ,2025-01-12,中山,12,4歳以上2勝クラス,16,2,3,6.6,4,3,横山和生,58,ダ,1200,良
2020100363,キョウエイカンフ,2025-12-13,中山,12,3歳以上2勝クラス,13,7,11,4.8,2,6,戸崎圭太,58,ダ,1200,良
2020100363,キョウエイカンフ,2026-01-17,中山,8,4歳以上2勝クラス,16,7,13,12.1,4,2,横山和生,58,ダ,1200,良
2020100363,キョウエイカンフ,2026-03-01,中山,12,4歳以上2勝クラス,16,4,7,2.9,2,3,横山和生,58,ダ,1200,良
2020100363,キョウエイカンフ,2026-03-14,中山,12,4歳以上2勝クラス,16,7,14,3.7,1,4,横山和生,58,ダ,1200,良
2020100363,キョウエイカンフ,2026-04-04,中山,12,4歳以上2勝クラス,16,7,13,6.5,3,5,横山和生,58,ダ,1200,重
2020100363,キョウエイカンフ,2026-08-09,新潟,9,3歳以上2勝クラス,15,5,8,14.0,5,4,吉田豊,58,ダ,1200,良
2019103829,キングロコマイカイ,2021-12-04,阪神,5,2歳新馬,11,4,4,48.0,6,6,酒井学,55,芝,1800,良
2019103829,キングロコマイカイ,2021-12-18,中京,4,2歳未勝利,15,3,5,13.8,7,5,富田暁,54,芝,2000,稍
2019103829,キングロコマイカイ,2022-01-08,中京,5,3歳未勝利,16,1,1,14.7,4,8,富田暁,56,芝,2200,良
2019103829,キングロコマイカイ,2022-06-05,中京,6,3歳未勝利,16,2,3,7.2,5,3,西村淳也,56,芝,1600,良
2019103829,キングロコマイカイ,2022-06-25,阪神,4,3歳未勝利,16,1,1,6.2,4,1,西村淳也,56,芝,2000,良
2019103829,キングロコマイカイ,2022-11-19,福島,2,3歳以上1勝クラス,15,5,8,4.3,2,5,西村淳也,55,ダ,1700,良
2019103829,キングロコマイカイ,2022-12-11,中京,3,3歳以上1勝クラス,11,6,7,2.4,1,4,西村淳也,56,ダ,1900,良
2019103829,キングロコマイカイ,2023-01-05,中京,4,4歳以上1勝クラス,12,5,6,3.9,2,2,川田将雅,57,ダ,1800,良
2019103829,キングロコマイカイ,2023-01-14,中京,7,4歳以上1勝クラス,9,8,8,3.4,2,4,川田将雅,57,ダ,1800,重
2019103829,キングロコマイカイ,2023-03-04,阪神,7,4歳以上1勝クラス,8,2,2,5.6,3,3,川田将雅,58,ダ,1800,良
2019103829,キングロコマイカイ,2023-03-19,中京,7,4歳以上1勝クラス,10,6,6,4.2,3,5,河原田菜,54,ダ,1800,重
2019103829,キングロコマイカイ,2023-04-08,阪神,7,4歳以上1勝クラス,10,6,6,13.9,4,4,田口貫太,55,ダ,2000,不
2019103829,キングロコマイカイ,2023-04-29,新潟,7,4歳以上1勝クラス,14,4,6,19.8,6,11,大久保友,55,ダ,1800,良
2019103829,キングロコマイカイ,2023-07-16,函館,9,臥牛山特別(1勝クラス),14,7,12,22.0,9,4,横山和生,58,芝,1800,稍
2019103829,キングロコマイカイ,2023-07-22,札幌,9,北辰特別(1勝クラス),9,4,4,12.4,5,2,ルメール,58,芝,1800,良
2019103829,キングロコマイカイ,2023-08-12,札幌,9,石狩特別(1勝クラス),9,5,5,3.8,2,1,吉田隼人,58,芝,1800,良
2019103829,キングロコマイカイ,2023-08-27,札幌,12,オールスターJ第4戦(2勝クラス),14,3,3,4.7,2,10,川田将雅,58,芝,1800,重
2019103829,キングロコマイカイ,2023-09-17,阪神,9,兵庫特別(2勝クラス),11,6,6,35.0,8,5,吉田隼人,58,芝,2400,良
2019103829,キングロコマイカイ,2023-10-08,京都,9,清滝特別(2勝クラス),12,3,3,24.9,8,8,団野大成,58,芝,2200,良
2019103829,キングロコマイカイ,2023-12-24,阪神,9,クリスマスエルフ賞(2勝クラス),15,8,16,39.2,12,10,酒井学,58,ダ,1800,良
2019103829,キングロコマイカイ,2024-04-28,新潟,9,五泉特別(2勝クラス),14,4,5,29.6,7,12,富田暁,58,ダ,1800,良
2019103829,キングロコマイカイ,2024-07-20,札幌,10,釧路湿原特別(2勝クラス),13,7,11,63.4,11,10,角田大河,58,芝,2000,良
2019103829,キングロコマイカイ,2026-01-25,小倉,10,響灘特別(2勝クラス),16,8,15,276.9,16,11,中井裕二,58,ダ,1700,良
2019103829,キングロコマイカイ,2026-02-08,小倉,10,由布院特別(2勝クラス),16,3,5,123.7,16,10,菊沢一樹,58,ダ,1700,良
2019103829,キングロコマイカイ,2026-03-08,阪神,8,4歳以上2勝クラス,9,2,2,250.8,9,6,和田陽希,55,ダ,1800,良
2019103829,キングロコマイカイ,2026-06-21,阪神,12,3歳以上2勝クラス,13,1,1,147.5,13,10,森田誠也,55,ダ,1800,重
2022103556,キープサインオン,2024-07-20,福島,6,2歳新馬,13,5,7,3.8,3,2,三浦皇成,55,芝,1200,良
2022103556,キープサインオン,2024-09-14,中山,3,2歳未勝利,14,8,13,1.9,1,7,戸崎圭太,55,芝,1200,良
2022103556,キープサインオン,2025-02-01,東京,1,3歳未勝利,16,7,13,21.3,7,9,団野大成,57,ダ,1400,良
2022103556,キープサインオン,2025-03-22,中山,3,3歳未勝利,16,1,2,9.1,4,1,鮫島克駿,57,ダ,1200,重
2022103556,キープサインオン,2025-04-13,中山,8,3歳1勝クラス,16,2,3,22.2,8,14,横山典弘,57,ダ,1200,良
2022103556,キープサインオン,2025-07-13,福島,7,3歳以上1勝クラス,15,2,2,5.3,3,1,横山典弘,55,芝,1200,良
2022103556,キープサインオン,2025-09-13,中山,10,汐留特別(2勝クラス),11,8,10,5.2,3,8,戸崎圭太,56,芝,1200,稍
2022103556,キープサインオン,2025-11-09,東京,12,3歳以上2勝クラス,18,8,16,55.5,10,16,鮫島克駿,57,芝,1400,良
2022103556,キープサインオン,2026-06-20,函館,11,STV杯(2勝クラス),16,1,1,48.0,12,6,岩田康誠,58,芝,1200,良
2022103556,キープサインオン,2026-06-28,函館,12,湯の川温泉特別(2勝クラス),14,4,5,25.5,9,10,岩田望来,58,芝,1200,良
2022103556,キープサインオン,2026-07-11,函館,10,HTB杯(2勝クラス),14,4,6,45.8,9,3,浜中俊,58,芝,1200,稍
2021105559,ギャンブルルーム,2023-06-25,阪神,5,2歳新馬,7,6,6,9.0,4,1,松山弘平,55,芝,1800,良
2021105559,ギャンブルルーム,2023-09-02,札幌,11,札幌2歳S(GIII),10,7,7,3.9,2,3,松山弘平,55,芝,1800,稍
2021105559,ギャンブルルーム,2023-11-25,京都,11,ラジオN杯京都2歳S(GIII),14,5,7,5.4,2,11,団野大成,56,芝,2000,良
2021105559,ギャンブルルーム,2024-03-03,阪神,8,アルメリア賞(1勝クラス),7,7,7,2.2,1,1,ムルザバ,57,芝,1800,良
2021105559,ギャンブルルーム,2024-05-04,京都,11,京都新聞杯(GII),15,3,4,19.0,9,8,浜中俊,57,芝,2200,良
2021105559,ギャンブルルーム,2024-07-20,札幌,10,釧路湿原特別(2勝クラス),13,8,12,4.3,2,3,鮫島克駿,55,芝,2000,良
2021105559,ギャンブルルーム,2024-08-11,札幌,10,藻岩山特別(2勝クラス),12,3,3,2.8,1,5,鮫島克駿,55,芝,2000,良
2021105559,ギャンブルルーム,2024-09-01,札幌,10,フィリピンT(2勝クラス),15,5,9,5.7,3,6,横山武史,55,芝,2000,稍
2021105559,ギャンブルルーム,2024-10-27,京都,9,北野特別(2勝クラス),8,4,4,4.1,3,2,北村友一,55,芝,2000,良
2021105559,ギャンブルルーム,2024-12-07,京都,12,3歳以上2勝クラス,10,5,5,2.4,1,1,デットー,56,芝,2400,良
2021105559,ギャンブルルーム,2025-02-08,東京,11,早春S(3勝クラス),14,8,13,6.6,5,6,三浦皇成,55,芝,2400,良
2021105559,ギャンブルルーム,2025-03-30,阪神,10,御堂筋S(3勝クラス),12,6,8,6.1,3,7,Ｍ．デム,57,芝,2400,良
2021105559,ギャンブルルーム,2025-04-26,京都,10,観月橋S(3勝クラス),12,1,1,9.4,4,11,北村友一,58,ダ,1900,良
2021105559,ギャンブルルーム,2025-06-15,東京,10,江の島S(3勝クラス),15,4,6,13.4,7,13,Ｍ．デム,58,芝,2400,稍
2021105559,ギャンブルルーム,2025-11-02,京都,10,古都S(3勝クラス),13,1,1,8.7,5,3,和田竜二,55,芝,3000,良
2021105559,ギャンブルルーム,2025-11-22,京都,10,比叡S(3勝クラス),16,8,15,11.1,3,10,Ｃ．デム,58,芝,2400,良
2021105559,ギャンブルルーム,2026-03-29,阪神,10,御堂筋S(3勝クラス),11,4,4,15.4,6,1,幸英明,58,芝,2400,良
2021105559,ギャンブルルーム,2026-05-31,東京,12,目黒記念(GII),14,4,5,25.9,8,14,幸英明,55,芝,2500,良
2021105559,ギャンブルルーム,2026-07-26,札幌,11,札幌日経賞(L),13,4,4,25.2,7,3,松本大輝,57,芝,2600,良
2023105222,クシマトゥルー,2025-10-18,東京,4,2歳新馬,18,4,7,134.6,13,6,長浜鴻緒,53,芝,1400,良
2023105222,クシマトゥルー,2025-12-13,中山,3,2歳未勝利,16,6,12,93.3,10,6,長浜鴻緒,53,芝,1600,良
2023105222,クシマトゥルー,2026-04-11,福島,3,3歳未勝利,16,4,8,9.0,5,2,長浜鴻緒,53,芝,1800,良
2023105222,クシマトゥルー,2026-04-26,福島,5,3歳未勝利,15,5,8,3.8,2,1,長浜鴻緒,53,芝,1800,良
2023105222,クシマトゥルー,2026-07-11,函館,7,3歳以上1勝クラス,14,5,8,32.0,8,14,長浜鴻緒,52,芝,1800,稍
2022101498,クモヒトツナイ,2024-07-21,福島,5,2歳新馬,13,7,10,59.6,10,3,松岡正海,55,芝,1800,良
2022101498,クモヒトツナイ,2024-09-22,中山,3,2歳未勝利,13,4,5,12.2,6,4,松岡正海,55,芝,1800,良
2022101498,クモヒトツナイ,2024-10-12,新潟,6,2歳未勝利,14,5,7,4.6,3,2,松岡正海,56,芝,2000,良
2022101498,クモヒトツナイ,2025-01-06,中山,6,3歳未勝利,18,4,7,20.5,7,10,松岡正海,57,芝,2000,良
2022101498,クモヒトツナイ,2025-02-02,小倉,6,3歳未勝利,13,3,3,5.7,3,1,鷲頭虎太,54,芝,1800,重
2022101498,クモヒトツナイ,2025-03-16,中山,11,スプリングS(GII),12,3,3,24.0,9,12,横山和生,57,芝,1800,重
2022101498,クモヒトツナイ,2025-04-12,中山,9,山藤賞(1勝クラス),9,7,7,26.5,5,2,松岡正海,57,芝,2000,良
2022101498,クモヒトツナイ,2025-06-15,函館,9,八雲特別(1勝クラス),13,3,3,3.2,1,3,松岡正海,55,芝,1800,良
2022101498,クモヒトツナイ,2025-06-22,函館,7,3歳以上1勝クラス,13,1,1,3.8,2,6,松岡正海,55,芝,1800,重
2022101498,クモヒトツナイ,2025-08-16,札幌,12,石狩特別(1勝クラス),12,4,4,2.6,1,4,松岡正海,55,芝,1800,良
2022101498,クモヒトツナイ,2025-09-06,札幌,9,富良野特別(1勝クラス),15,6,11,8.3,3,9,松岡正海,55,芝,2000,良
2022101498,クモヒトツナイ,2025-11-15,福島,9,土湯温泉特別(1勝クラス),16,6,11,20.1,7,9,鷲頭虎太,56,芝,1800,良
2022101498,クモヒトツナイ,2025-11-29,東京,7,3歳以上1勝クラス,16,2,4,109.7,11,9,小林脩斗,56,芝,2400,良
2022101498,クモヒトツナイ,2026-04-18,中山,7,4歳以上1勝クラス,10,6,6,16.4,6,6,小林脩斗,58,芝,2000,良
2022101498,クモヒトツナイ,2026-05-17,東京,8,4歳以上1勝クラス,15,7,13,21.4,6,8,原優介,58,芝,1800,良
2022101498,クモヒトツナイ,2026-06-14,東京,8,3歳以上1勝クラス,16,6,12,26.4,6,10,ゴンサル,58,ダ,1600,稍
2022101498,クモヒトツナイ,2026-07-05,福島,8,3歳以上1勝クラス,12,3,3,28.8,8,6,佐藤翔馬,55,芝,1800,良
2022101498,クモヒトツナイ,2026-08-01,新潟,8,燕特別(1勝クラス),12,3,3,127.9,10,9,小林脩斗,58,芝,2200,良
2022101498,クモヒトツナイ,2026-08-16,新潟,5,3歳以上1勝クラス,12,3,3,123.0,9,9,佐藤翔馬,55,芝,1800,良
2022106394,クラスペディア,2024-08-10,中京,5,2歳新馬,14,4,5,18.5,9,2,小崎綾也,55,芝,1200,良
2022106394,クラスペディア,2024-09-01,中京,11,小倉2歳S(GIII),13,1,1,26.9,8,2,小崎綾也,55,芝,1200,重
2022106394,クラスペディア,2024-11-02,東京,11,京王杯2歳S(GII),14,6,10,15.5,6,5,小崎綾也,56,芝,1400,稍
2022106394,クラスペディア,2024-12-15,京都,11,朝日フューチュリティ(GI),16,4,7,210.3,14,6,小崎綾也,56,芝,1600,良
2022106394,クラスペディア,2025-02-01,東京,10,クロッカスS(L),7,3,3,4.5,3,1,小崎綾也,57,芝,1400,良
2022106394,クラスペディア,2025-03-22,中京,11,中スポ賞ファルコンS(GIII),18,7,13,12.2,7,16,小崎綾也,57,芝,1400,良
2022106394,クラスペディア,2025-05-31,京都,11,葵S(GIII),16,8,15,25.6,13,2,小崎綾也,57,芝,1200,良
2022106394,クラスペディア,2025-07-06,小倉,11,TV西日本北九州記念(GIII),18,4,7,11.1,6,17,小崎綾也,54,芝,1200,良
2022106394,クラスペディア,2025-08-10,中京,7,CBC賞(GIII),17,2,4,60.0,15,7,小崎綾也,55,芝,1200,良
2022106394,クラスペディア,2025-10-04,京都,11,オパールS(L),18,4,7,6.4,3,3,藤岡佑介,56,芝,1200,重
2022106394,クラスペディア,2025-11-30,京都,12,京阪杯(GIII),18,7,14,63.0,15,11,小崎綾也,56,芝,1200,良
2022106394,クラスペディア,2026-04-12,中山,11,春雷S(L),16,5,9,16.2,5,1,小崎綾也,57,芝,1200,良
2022106394,クラスペディア,2026-06-13,函館,11,函館スプリントS(GIII),12,6,9,,,除,小崎綾也,57,芝,1200,稍
2022106394,クラスペディア,2026-08-09,中京,7,CBC賞(GIII),18,5,9,31.0,10,11,小崎綾也,57.5,芝,1200,良
2021100139,クランフォード,2023-10-14,京都,5,2歳新馬,13,7,10,4.9,3,2,西村淳也,55,芝,1600,良
2021100139,クランフォード,2023-12-03,阪神,2,2歳未勝利,11,4,4,1.5,1,1,西村淳也,55,芝,1400,良
2021100139,クランフォード,2024-02-03,東京,9,春菜賞(1勝クラス),8,4,4,2.0,1,2,西村淳也,55,芝,1400,良
2021100139,クランフォード,2024-02-25,阪神,10,マーガレットS(L),11,6,7,8.9,6,7,ルメート,55,芝,1200,重
2021100139,クランフォード,2024-04-28,京都,6,3歳1勝クラス,11,7,8,2.2,1,1,モレイラ,55,芝,1400,良
2021100139,クランフォード,2024-06-23,京都,9,瀬田特別(2勝クラス),18,6,11,5.2,2,1,西村淳也,53,芝,1400,重
2021100139,クランフォード,2024-08-17,中京,11,豊明S(3勝クラス),14,7,11,2.2,1,1,西村淳也,53,芝,1400,良
2021100139,クランフォード,2024-10-26,京都,11,MBS賞スワンS(GII),17,2,4,4.1,1,13,西村淳也,53,芝,1400,良
2021100139,クランフォード,2025-03-23,中京,11,愛知杯(GIII),18,6,11,5.1,2,15,西村淳也,55,芝,1400,良
2021100139,クランフォード,2025-06-01,京都,10,安土城S(L),16,3,5,4.6,2,8,吉村誠之,54,芝,1400,良
2021100139,クランフォード,2025-12-13,阪神,11,リゲルS(L),13,1,1,47.2,9,7,団野大成,55,芝,1600,良
2021100139,クランフォード,2026-01-24,京都,11,睦月S(OP),14,1,1,12.5,7,12,吉村誠之,55,芝,1600,良
2021100139,クランフォード,2026-03-29,阪神,11,六甲S(L),13,5,7,8.3,4,2,幸英明,55,芝,1600,良
2021100139,クランフォード,2026-04-11,阪神,11,サンスポ杯阪神牝馬S(GII),10,7,7,35.2,8,4,幸英明,55,芝,1600,良
2021100139,クランフォード,2026-05-10,新潟,11,谷川岳S(L),14,7,11,2.7,1,11,ゴンサル,55,芝,1400,良
2021100139,クランフォード,2026-07-26,新潟,7,関屋記念(GIII),14,6,10,11.3,8,2,菊沢一樹,54,芝,1600,不
2021102259,クリノオリーブ,2023-09-10,阪神,4,2歳新馬,11,8,11,24.0,8,10,森裕太朗,55,芝,1600,良
2021102259,クリノオリーブ,2023-10-01,阪神,1,2歳未勝利,15,6,11,26.4,6,2,森裕太朗,55,ダ,1400,不
2021102259,クリノオリーブ,2023-10-29,京都,1,2歳未勝利,12,2,2,7.4,5,2,森裕太朗,55,ダ,1400,良
2021102259,クリノオリーブ,2023-11-18,京都,1,2歳未勝利,16,8,16,13.6,5,8,森裕太朗,55,ダ,1400,重
2021102259,クリノオリーブ,2023-12-16,阪神,1,2歳未勝利,16,1,1,4.2,1,1,幸英明,55,ダ,1400,稍
2021102259,クリノオリーブ,2024-01-28,京都,4,3歳1勝クラス,13,4,4,8.5,3,6,田口貫太,54,ダ,1400,良
2021102259,クリノオリーブ,2024-03-03,阪神,5,3歳1勝クラス,11,6,7,15.5,6,2,角田大河,54,ダ,1400,稍
2021102259,クリノオリーブ,2024-03-24,阪神,6,3歳1勝クラス,12,6,7,8.6,3,2,角田大河,54,ダ,1200,不
2021102259,クリノオリーブ,2024-04-13,阪神,6,3歳1勝クラス,15,3,4,7.3,5,3,角田大河,54,ダ,1200,良
2021102259,クリノオリーブ,2024-08-18,中京,12,3歳以上1勝クラス,16,7,13,5.4,3,2,幸英明,54,ダ,1200,良
2021102259,クリノオリーブ,2024-10-13,京都,9,3歳以上1勝クラス,14,1,1,2.8,1,2,田口貫太,54,ダ,1200,良
2021102259,クリノオリーブ,2024-11-09,京都,7,3歳以上1勝クラス,16,8,15,1.9,1,1,幸英明,55,ダ,1200,良
2021102259,クリノオリーブ,2024-12-08,京都,8,3歳以上2勝クラス,15,3,5,3.2,2,9,幸英明,55,ダ,1200,良
2021102259,クリノオリーブ,2025-03-02,阪神,12,4歳以上2勝クラス,16,8,16,5.7,4,4,幸英明,56,ダ,1200,良
2021102259,クリノオリーブ,2025-03-30,阪神,12,4歳以上2勝クラス,14,5,7,4.8,2,4,田口貫太,56,ダ,1200,良
2021102259,クリノオリーブ,2025-04-12,阪神,12,4歳以上2勝クラス,16,1,1,7.7,5,14,吉村誠之,55,ダ,1200,良
2021102259,クリノオリーブ,2025-05-18,京都,12,4歳以上2勝クラス,16,1,2,9.4,4,10,酒井学,56,ダ,1200,稍
2021102259,クリノオリーブ,2025-11-02,京都,8,3歳以上2勝クラス,15,1,1,27.2,7,8,永島まな,54,ダ,1200,稍
2021102259,クリノオリーブ,2025-11-29,京都,8,3歳以上2勝クラス,16,4,8,25.7,8,3,永島まな,54,ダ,1200,良
2021102259,クリノオリーブ,2025-12-20,中京,10,ヤングJSFR中京2(2勝クラス),16,7,13,2.8,1,4,高杉吏麒,56,ダ,1400,稍
2021102259,クリノオリーブ,2026-02-10,京都,12,4歳以上2勝クラス,15,1,2,21.6,7,10,永島まな,54,ダ,1200,良
2021102259,クリノオリーブ,2026-03-01,阪神,12,4歳以上2勝クラス,16,6,11,32.6,9,9,飛田愛斗,56,ダ,1200,良
2021102259,クリノオリーブ,2026-03-15,阪神,12,4歳以上2勝クラス,13,1,1,15.1,7,9,幸英明,56,ダ,1400,良
2021102259,クリノオリーブ,2026-04-11,阪神,12,4歳以上2勝クラス,16,6,11,23.9,7,2,田山旺佑,53,ダ,1200,重
2021102259,クリノオリーブ,2026-07-12,福島,12,彦星賞(2勝クラス),16,8,15,8.4,5,1,三浦皇成,56,ダ,1150,稍
2021102259,クリノオリーブ,2026-08-15,新潟,7,上越S(3勝クラス),15,2,2,29.0,11,12,岩田康誠,56,ダ,1200,良
2020101813,クルゼイロドスル,2022-07-30,新潟,5,2歳新馬,12,7,10,31.0,7,2,幸英明,54,芝,1600,良
2020101813,クルゼイロドスル,2022-10-23,東京,2,2歳未勝利,15,8,15,2.5,1,1,Ｍ．デム,55,芝,1600,良
2020101813,クルゼイロドスル,2022-11-12,阪神,11,デイリー杯2歳S(GII),10,7,8,3.8,2,5,和田竜二,55,芝,1600,良
2020101813,クルゼイロドスル,2023-01-05,中山,10,ジュニアC(L),13,8,13,3.5,2,1,Ｍ．デム,56,芝,1600,良
2020101813,クルゼイロドスル,2023-05-07,東京,11,NHKマイルC(GI),17,6,12,,,取,Ｍ．デム,57,芝,1600,稍
2020101813,クルゼイロドスル,2023-07-01,中京,11,白川郷S(3勝クラス),13,4,5,3.8,2,5,坂井瑠星,55,芝,1600,重
2020101813,クルゼイロドスル,2023-09-30,中山,11,秋風S(3勝クラス),15,8,15,4.7,1,7,石橋脩,56,芝,1600,良
2020101813,クルゼイロドスル,2023-11-04,東京,10,ノベンバーS(3勝クラス),10,3,3,5.9,4,2,津村明秀,56,芝,1800,良
2020101813,クルゼイロドスル,2023-12-28,中山,12,2023ファイナルS(3勝クラス),16,5,10,3.8,1,2,Ｍ．デム,57,芝,1600,良
2020101813,クルゼイロドスル,2024-01-28,東京,10,節分S(3勝クラス),14,8,14,2.3,1,1,川田将雅,57,芝,1600,良
2020101813,クルゼイロドスル,2024-03-30,中山,11,ダービー卿チャレンジ(GIII),16,7,13,9.0,6,12,津村明秀,56,芝,1600,稍
2020101813,クルゼイロドスル,2024-05-18,東京,11,メイS(OP),16,7,13,5.3,3,4,津村明秀,56,芝,1800,良
2020101813,クルゼイロドスル,2024-07-27,新潟,7,関越S(OP),15,3,4,5.4,3,1,川田将雅,57,芝,1800,良
2020101813,クルゼイロドスル,2024-10-19,東京,11,富士S(GII),17,5,10,26.5,8,8,横山武史,57,芝,1600,良
2020101813,クルゼイロドスル,2024-12-07,中京,11,中日新聞杯(GIII),18,8,16,54.8,13,7,ドイル,57,芝,2000,良
2020101813,クルゼイロドスル,2025-03-02,中山,11,中山記念(GII),16,8,16,48.2,9,5,荻野極,57,芝,1800,良
2020101813,クルゼイロドスル,2025-05-10,東京,11,エプソムC(GIII),18,4,8,6.9,4,4,横山武史,57,芝,1800,稍
2020101813,クルゼイロドスル,2025-06-14,東京,11,ジューンS(OP),15,4,6,4.3,2,6,荻野極,58,芝,1800,良
2020101813,クルゼイロドスル,2025-08-09,新潟,7,関越S(OP),13,6,9,2.9,1,12,荻野極,57,芝,1800,良
2020101813,クルゼイロドスル,2026-01-04,京都,11,スポニチ賞京都金杯(GIII),18,8,16,25.7,9,7,武豊,57,芝,1600,良
2020101813,クルゼイロドスル,2026-01-24,京都,11,睦月S(OP),14,7,12,9.0,5,7,武豊,58,芝,1600,良
2020101813,クルゼイロドスル,2026-04-26,京都,11,読売マイラーズC(GII),18,2,4,70.6,12,14,太宰啓介,57,芝,1600,良
2020101813,クルゼイロドスル,2026-06-14,東京,11,パラダイスS(L),13,4,5,8.6,5,4,荻野極,57,芝,1400,良
2020101813,クルゼイロドスル,2026-08-22,新潟,7,朱鷺S(L),18,5,9,12.4,6,14,丸山元気,58,芝,1400,良
2022110123,クロノスバレット,2025-01-25,小倉,1,3歳未勝利,12,2,2,23.9,6,3,岩田望来,57,ダ,1700,良
2022110123,クロノスバレット,2025-02-16,京都,1,3歳未勝利,10,7,8,10.9,4,4,岩田望来,57,ダ,1900,稍
2022110123,クロノスバレット,2025-03-23,阪神,3,3歳未勝利,12,8,11,3.2,1,4,岩田望来,57,ダ,1800,良
2022110123,クロノスバレット,2025-04-19,阪神,3,3歳未勝利,16,7,13,9.7,3,4,岩田望来,57,ダ,2000,良
2022110123,クロノスバレット,2025-05-17,京都,2,3歳未勝利,10,7,7,2.3,1,1,坂井瑠星,57,ダ,1900,不
2022110123,クロノスバレット,2025-08-31,中京,7,3歳以上1勝クラス,13,2,2,12.2,5,4,岩田望来,55,ダ,1800,良
2022110123,クロノスバレット,2026-01-24,京都,7,4歳以上1勝クラス,11,4,4,4.0,3,6,坂井瑠星,57,ダ,1800,良
2022110123,クロノスバレット,2026-02-22,阪神,8,4歳以上1勝クラス,15,2,2,8.0,5,4,松山弘平,57,ダ,1800,良
2022110123,クロノスバレット,2026-03-07,阪神,7,4歳以上1勝クラス,8,2,2,5.4,3,1,松山弘平,58,ダ,1800,稍
2022110123,クロノスバレット,2026-03-28,阪神,12,4歳以上2勝クラス,14,6,10,12.4,6,5,松山弘平,58,ダ,2000,良
2022110123,クロノスバレット,2026-05-31,京都,9,與杼特別(2勝クラス),10,6,7,14.7,5,6,鮫島克駿,58,ダ,1800,良
2022110123,クロノスバレット,2026-06-21,阪神,12,3歳以上2勝クラス,13,4,4,6.2,2,3,松山弘平,58,ダ,1800,重
2022110123,クロノスバレット,2026-08-09,中京,8,揖斐川特別(2勝クラス),11,5,5,7.3,4,4,松山弘平,58,ダ,1800,良
2020106234,グランドカリナン,2022-12-04,中山,5,2歳新馬,14,3,3,5.2,2,4,津村明秀,55,芝,2000,良
2020106234,グランドカリナン,2022-12-25,中山,4,2歳未勝利,18,3,6,9.5,4,5,津村明秀,55,芝,2000,良
2020106234,グランドカリナン,2023-01-15,中山,5,3歳未勝利,16,6,12,15.9,6,15,津村明秀,56,芝,1600,良
2020106234,グランドカリナン,2023-04-01,中山,5,3歳未勝利,17,2,3,15.1,4,5,戸崎圭太,56,芝,2000,良
2020106234,グランドカリナン,2023-04-15,中山,5,3歳未勝利,16,8,16,13.4,5,3,津村明秀,56,芝,1600,稍
2020106234,グランドカリナン,2023-05-06,東京,4,3歳未勝利,18,3,6,2.3,1,3,津村明秀,56,芝,1600,良
2020106234,グランドカリナン,2023-06-04,東京,3,3歳未勝利,18,4,8,10.6,5,1,坂井瑠星,56,芝,1400,稍
2020106234,グランドカリナン,2023-06-24,東京,12,3歳以上1勝クラス,16,8,15,19.8,10,6,大野拓弥,55,芝,1600,良
2020106234,グランドカリナン,2023-10-08,東京,8,3歳以上1勝クラス,16,4,8,14.6,5,9,戸崎圭太,56,芝,1600,良
2020106234,グランドカリナン,2023-10-21,東京,12,3歳以上1勝クラス,9,6,6,37.9,7,1,坂井瑠星,56,芝,1800,良
2020106234,グランドカリナン,2023-11-12,東京,8,3歳以上2勝クラス,8,4,4,6.1,3,2,津村明秀,56,芝,1800,良
2020106234,グランドカリナン,2024-01-20,中山,10,東雲賞(2勝クラス),10,8,9,5.0,3,6,津村明秀,57,芝,1800,良
2020106234,グランドカリナン,2024-02-11,東京,8,4歳以上2勝クラス,8,7,7,3.4,2,4,坂井瑠星,58,芝,1600,良
2020106234,グランドカリナン,2024-04-20,福島,10,尾瀬特別(2勝クラス),15,2,3,4.2,2,11,横山武史,57,ダ,1700,良
2020106234,グランドカリナン,2024-05-05,東京,8,4歳以上2勝クラス,10,6,6,29.8,7,3,鮫島克駿,58,芝,2000,良
2020106234,グランドカリナン,2024-06-02,東京,9,ホンコンJCT(2勝クラス),10,3,3,7.2,4,1,坂井瑠星,58,芝,2000,稍
2020106234,グランドカリナン,2024-10-06,東京,9,昇仙峡S(3勝クラス),8,3,3,14.3,6,5,西村淳也,58,芝,2400,良
2020106234,グランドカリナン,2024-10-26,新潟,11,魚沼S(3勝クラス),10,7,7,6.1,3,2,丸山元気,58,芝,2000,良
2020106234,グランドカリナン,2025-01-06,中京,10,寿S(3勝クラス),18,1,1,16.6,7,1,坂井瑠星,58,芝,2000,稍
2020106234,グランドカリナン,2025-02-01,東京,11,白富士S(L),13,4,4,9.3,6,4,大野拓弥,57,芝,2000,良
2020106234,グランドカリナン,2025-02-23,小倉,11,小倉大賞典(GIII),13,4,6,17.6,8,7,大野拓弥,55,芝,1800,良
2020106234,グランドカリナン,2025-05-17,新潟,11,新潟大賞典(GIII),16,7,13,12.7,7,4,大野拓弥,55,芝,2000,稍
2020106234,グランドカリナン,2025-06-14,東京,11,ジューンS(OP),15,1,1,12.0,6,12,津村明秀,57,芝,1800,良
2020106234,グランドカリナン,2025-08-31,新潟,11,新潟記念(GIII),16,2,3,290.1,14,15,大野拓弥,57,芝,2000,良
2020106234,グランドカリナン,2025-10-13,東京,11,オクトーバーS(L),18,3,5,37.6,12,14,丸山元気,55,芝,2000,良
2020106234,グランドカリナン,2025-11-29,東京,11,キャピタルS(L),18,6,11,309.8,18,12,丸山元気,57,芝,1600,良
2020106234,グランドカリナン,2026-04-11,阪神,10,大阪ーハンブルクC(OP),13,7,11,230.8,13,5,菱田裕二,54,芝,2600,良
2020106234,グランドカリナン,2026-05-10,東京,10,メトロポリタンS(L),12,8,11,42.6,8,10,坂井瑠星,57,芝,2400,良
2020106234,グランドカリナン,2026-05-16,新潟,11,新潟大賞典(GIII),15,3,5,159.9,14,9,小林美駒,54,芝,2000,良
2023103351,グレーヌドジョワ,2025-08-09,札幌,5,2歳新馬,11,7,10,4.8,2,3,松山弘平,55,芝,1800,稍
2023103351,グレーヌドジョワ,2025-08-24,札幌,1,2歳未勝利,14,7,12,7.6,5,7,松山弘平,55,ダ,1700,良
2023103351,グレーヌドジョワ,2025-11-22,福島,7,2歳未勝利,16,1,1,5.7,2,4,富田暁,56,芝,1800,良
2023103351,グレーヌドジョワ,2025-12-14,中京,4,2歳未勝利,13,6,9,3.9,2,1,富田暁,56,芝,2000,稍
2023103351,グレーヌドジョワ,2026-01-24,京都,9,若駒S(L),13,3,3,105.7,13,8,田口貫太,57,芝,2000,良
2023103351,グレーヌドジョワ,2026-02-14,小倉,9,あすなろ賞(1勝クラス),10,6,6,19.0,6,7,荻野琢真,57,芝,2000,良
2023103351,グレーヌドジョワ,2026-04-04,中山,9,山吹賞(1勝クラス),12,2,2,29.5,9,11,丹内祐次,57,芝,2200,稍
2023103351,グレーヌドジョワ,2026-06-21,函館,12,3歳以上1勝クラス,10,6,6,40.0,8,2,荻野琢真,55,芝,1800,良
2023103351,グレーヌドジョワ,2026-07-04,函館,9,恵山特別(1勝クラス),9,7,7,3.6,1,2,荻野琢真,55,芝,1800,良
2023103351,グレーヌドジョワ,2026-08-09,札幌,12,石狩特別(1勝クラス),8,4,4,7.8,4,1,荻野琢真,55,芝,1800,良
2023105762,ケイアイアマゾン,2025-08-03,中京,2,2歳新馬,15,5,8,148.9,15,9,幸英明,55,ダ,1800,良
2023105762,ケイアイアマゾン,2025-08-30,中京,2,2歳未勝利,14,6,10,435.0,14,5,川須栄彦,55,ダ,1800,良
2023105762,ケイアイアマゾン,2025-09-21,阪神,3,2歳未勝利,11,5,5,49.4,9,7,川須栄彦,55,ダ,1800,良
2023105762,ケイアイアマゾン,2025-12-06,阪神,2,2歳未勝利,16,3,5,243.3,15,8,藤懸貴志,56,ダ,1800,良
2023105762,ケイアイアマゾン,2025-12-21,阪神,4,2歳未勝利,12,6,8,119.2,8,1,藤懸貴志,56,ダ,1800,稍
2023105762,ケイアイアマゾン,2026-03-14,中京,6,3歳1勝クラス,16,1,1,97.4,13,7,中井裕二,57,ダ,1800,良
2023105762,ケイアイアマゾン,2026-04-05,阪神,5,3歳1勝クラス,13,6,8,110.5,13,5,中井裕二,57,ダ,1800,重
2023105762,ケイアイアマゾン,2026-04-25,京都,7,3歳1勝クラス,14,6,9,20.1,7,7,藤懸貴志,57,ダ,1800,稍
2023105762,ケイアイアマゾン,2026-08-15,中京,9,3歳以上1勝クラス,16,8,16,25.0,7,2,藤懸貴志,55,ダ,1800,良
2020101258,コスモオピニオン,2022-06-26,東京,5,2歳新馬,16,2,3,14.8,5,9,柴田大知,54,芝,1600,良
2020101258,コスモオピニオン,2022-08-06,新潟,1,2歳未勝利,9,3,3,29.7,6,6,戸崎圭太,54,芝,2000,良
2020101258,コスモオピニオン,2022-09-04,新潟,1,2歳未勝利,13,2,2,46.8,7,7,石橋脩,54,芝,2000,良
2020101258,コスモオピニオン,2022-10-01,中山,4,2歳未勝利,17,2,3,22.8,7,7,戸崎圭太,55,芝,2000,良
2020101258,コスモオピニオン,2022-12-04,中山,3,2歳未勝利,16,1,1,9.0,4,3,丹内祐次,55,芝,2000,良
2020101258,コスモオピニオン,2022-12-25,中山,4,2歳未勝利,18,4,7,13.2,5,3,丹内祐次,55,芝,2000,良
2020101258,コスモオピニオン,2023-01-07,中山,6,3歳未勝利,17,6,12,18.8,7,10,丹内祐次,56,芝,2000,良
2020101258,コスモオピニオン,2023-01-28,中京,3,3歳未勝利,15,8,14,9.2,4,4,川須栄彦,56,ダ,1900,良
2020101258,コスモオピニオン,2023-02-26,中山,5,3歳未勝利,18,3,5,13.3,6,11,Ｍ．デム,56,芝,2000,良
2020101258,コスモオピニオン,2023-03-18,中山,4,3歳未勝利,18,6,11,90.0,11,12,木幡巧也,56,芝,2000,稍
2020101258,コスモオピニオン,2023-06-17,函館,7,3歳未勝利,14,3,4,43.2,9,5,丹内祐次,56,芝,1800,良
2020101258,コスモオピニオン,2023-07-02,函館,6,3歳未勝利,14,5,8,13.2,6,5,横山武史,56,芝,2000,良
2020101258,コスモオピニオン,2023-08-05,札幌,6,3歳未勝利,16,7,14,10.5,5,2,丹内祐次,56,芝,2000,稍
2020101258,コスモオピニオン,2023-08-27,札幌,6,3歳未勝利,16,8,16,9.2,4,4,丹内祐次,56,芝,2000,良
2020101258,コスモオピニオン,2023-09-02,札幌,3,3歳未勝利,16,3,6,20.0,8,10,丹内祐次,56,芝,2000,稍
2020101258,コスモオピニオン,2023-12-30,笠松,6,草野仁さん笠松けいば(B),8,5,5,1.5,1,1,岡部誠,56,ダ,1400,良
2020101258,コスモオピニオン,2024-01-10,笠松,11,馬騎初特別(B),8,3,3,1.3,1,1,岡部誠,56,ダ,1800,良
2020101258,コスモオピニオン,2024-02-05,笠松,9,立春短距離特別(B),8,2,2,1.2,1,1,渡辺竜也,57,ダ,1400,重
2020101258,コスモオピニオン,2024-02-20,笠松,8,A5組,7,1,1,1.1,1,1,渡辺竜也,56,ダ,1400,稍
2020101258,コスモオピニオン,2024-03-18,笠松,10,春陽特別(A),10,6,6,1.4,1,1,渡辺竜也,56,ダ,1400,良
2020101258,コスモオピニオン,2024-04-01,笠松,10,桜並木特別(A),7,1,1,1.3,1,1,渡辺竜也,56,ダ,1600,良
2020101258,コスモオピニオン,2024-05-11,新潟,8,4歳以上1勝クラス,14,7,11,4.8,2,2,丹内祐次,58,ダ,1800,良
2020101258,コスモオピニオン,2024-06-09,函館,12,3歳以上1勝クラス,12,1,1,4.3,2,3,丹内祐次,58,ダ,1700,良
2020101258,コスモオピニオン,2024-06-23,函館,8,3歳以上1勝クラス,10,8,9,2.7,1,3,丹内祐次,58,ダ,1700,良
2020101258,コスモオピニオン,2024-07-20,札幌,12,3歳以上1勝クラス,11,7,10,3.5,1,3,丹内祐次,58,ダ,1700,良
2020101258,コスモオピニオン,2024-08-24,札幌,12,ニセコ特別(1勝クラス),10,8,9,5.9,4,4,レーン,58,ダ,1700,良
2020101258,コスモオピニオン,2024-09-15,中山,6,3歳以上1勝クラス,16,5,9,5.9,4,2,丹内祐次,58,ダ,1800,良
2020101258,コスモオピニオン,2024-09-29,中山,4,3歳以上1勝クラス,16,5,10,8.9,4,1,丹内祐次,58,ダ,1800,良
2020101258,コスモオピニオン,2024-10-26,新潟,10,直江津特別(2勝クラス),14,1,1,5.1,2,3,丹内祐次,58,ダ,1800,良
2020101258,コスモオピニオン,2024-11-10,福島,10,福島放送賞(2勝クラス),15,3,4,5.4,1,7,松岡正海,58,ダ,1700,良
2020101258,コスモオピニオン,2024-12-07,中京,10,鳴海特別(2勝クラス),16,2,4,23.5,7,5,丹内祐次,58,ダ,1800,良
2020101258,コスモオピニオン,2024-12-28,中山,10,コントレイルC(2勝クラス),16,1,1,89.7,14,13,丹内祐次,58,ダ,1800,良
2020101258,コスモオピニオン,2025-01-25,中山,10,初霞賞(2勝クラス),13,5,6,116.1,11,13,菅原明良,58,ダ,1800,良
2020101258,コスモオピニオン,2025-05-17,新潟,10,中ノ岳特別(2勝クラス),10,1,1,24.6,8,8,戸崎圭太,58,ダ,1800,稍
2020101258,コスモオピニオン,2025-06-22,函館,10,檜山特別(2勝クラス),14,3,4,47.6,10,4,丹内祐次,58,ダ,1700,重
2020101258,コスモオピニオン,2025-07-05,函館,10,竜飛崎特別(2勝クラス),14,2,2,82.8,12,6,吉田隼人,58,ダ,1700,重
2020101258,コスモオピニオン,2025-07-26,札幌,12,桑園特別(2勝クラス),14,3,3,28.1,8,11,丹内祐次,58,ダ,1700,良
2020101258,コスモオピニオン,2025-08-24,札幌,10,オールスターJ第3戦(2勝クラス),14,5,7,17.8,8,3,ウィリア,58,ダ,1700,良
2020101258,コスモオピニオン,2025-09-15,中山,9,鋸山特別(2勝クラス),11,4,4,64.5,7,9,丹内祐次,58,ダ,1800,良
2020101258,コスモオピニオン,2025-10-13,京都,9,蹴上特別(2勝クラス),12,1,1,63.8,8,6,和田竜二,58,ダ,1800,良
2020101258,コスモオピニオン,2025-11-02,東京,12,清里特別(2勝クラス),13,7,10,62.7,9,6,丹内祐次,58,ダ,1600,重
2020101258,コスモオピニオン,2025-11-29,京都,9,栂尾特別(2勝クラス),13,1,1,28.1,8,12,鮫島克駿,55,ダ,1800,良
2020101258,コスモオピニオン,2025-12-13,中山,8,3歳以上2勝クラス,15,6,10,131.6,13,4,マーカン,58,ダ,1800,良
2020101258,コスモオピニオン,2026-01-05,中山,10,初日の出賞(2勝クラス),11,5,6,32.6,8,8,丹内祐次,58,芝,2000,良
2020101258,コスモオピニオン,2026-02-15,東京,8,4歳以上2勝クラス,14,8,14,188.3,12,6,長浜鴻緒,56,芝,1600,良
2020101258,コスモオピニオン,2026-02-28,中山,8,4歳以上2勝クラス,13,4,5,16.0,6,4,長浜鴻緒,56,芝,1600,良
2020101258,コスモオピニオン,2026-03-15,中山,8,4歳以上2勝クラス,10,3,3,41.2,5,8,長浜鴻緒,56,芝,1600,良
2024103590,コスモハナミズキ,2026-06-13,東京,5,2歳新馬,7,1,1,60.2,5,3,木幡巧也,55,芝,1600,良
2024103590,コスモハナミズキ,2026-07-04,福島,1,2歳未勝利,8,1,1,17.8,4,1,木幡巧也,55,芝,1800,稍
2024103590,コスモハナミズキ,2026-08-15,札幌,9,コスモス賞(OP),8,1,1,7.4,5,3,佐々木大,55,芝,1800,良
2023106419,コスモヘリアンサス,2025-10-05,東京,5,2歳新馬,15,2,3,138.7,14,7,菊沢一樹,56,芝,2000,良
2023106419,コスモヘリアンサス,2026-06-20,東京,3,3歳未勝利,16,4,8,229.0,12,10,柴田大知,57,芝,1800,稍
2023106419,コスモヘリアンサス,2026-08-30,札幌,4,3歳未勝利,16,2,3,28.6,9,7,丹内祐次,57,芝,2000,良
2023106718,コッツォリーノ,2025-09-07,中山,5,2歳新馬,12,7,10,19.1,6,3,横山典弘,55,芝,1800,良
2023106718,コッツォリーノ,2025-09-28,中山,3,2歳未勝利,16,6,12,2.0,1,1,横山典弘,55,芝,2000,良
2023106718,コッツォリーノ,2025-11-24,東京,11,東京スポーツ杯2歳S(GII),12,8,12,21.4,8,10,横山典弘,56,芝,1800,良
2023106718,コッツォリーノ,2026-03-28,中山,6,3歳1勝クラス,11,7,9,1.9,1,2,田辺裕信,57,芝,1800,稍
2023106718,コッツォリーノ,2026-04-11,中山,9,山藤賞(1勝クラス),7,5,5,1.9,1,2,田辺裕信,57,芝,2000,良
2023106718,コッツォリーノ,2026-06-21,函館,12,3歳以上1勝クラス,10,2,2,1.8,1,1,佐々木大,55,芝,1800,良
2023106718,コッツォリーノ,2026-07-12,函館,9,北海ハンデキャップ(2勝クラス),14,6,10,3.4,1,14,佐々木大,54,芝,1800,重
2021105704,コルレオニス,2023-08-06,札幌,5,2歳新馬,7,7,7,4.0,2,2,ルメール,55,芝,1800,重
2021105704,コルレオニス,2023-10-22,京都,3,2歳未勝利,10,8,10,3.4,2,3,ルメール,56,芝,2000,良
2021105704,コルレオニス,2023-12-09,中京,4,2歳未勝利,16,2,4,2.1,1,2,モリス,56,芝,2000,良
2021105704,コルレオニス,2024-01-06,京都,5,3歳未勝利,17,3,5,6.4,5,6,モリス,57,芝,1800,良
2021105704,コルレオニス,2024-03-16,中京,4,3歳未勝利,12,4,4,2.4,1,1,藤岡康太,57,芝,2000,良
2021105704,コルレオニス,2024-05-12,東京,6,3歳1勝クラス,11,8,11,7.2,4,4,岩田望来,57,芝,1800,良
2021105704,コルレオニス,2024-11-03,京都,12,3歳以上1勝クラス,15,6,12,5.5,2,5,岩田望来,57,芝,1600,稍
2021105704,コルレオニス,2025-02-10,京都,6,4歳以上1勝クラス,11,7,8,6.1,3,1,川田将雅,57,芝,1800,良
2021105704,コルレオニス,2025-03-08,阪神,9,千里山特別(2勝クラス),12,3,3,4.2,2,7,鮫島克駿,56,芝,2000,良
2021105704,コルレオニス,2025-05-25,東京,9,調布特別(2勝クラス),9,6,6,1.6,1,1,レーン,56,芝,1800,良
2021105704,コルレオニス,2025-07-05,小倉,11,マレーシアC(3勝クラス),11,4,4,4.2,2,8,坂井瑠星,56,芝,1800,良
2021105704,コルレオニス,2025-11-30,東京,11,ウェルカムS(3勝クラス),15,6,11,7.9,4,6,レーン,58,芝,2000,良
2021105704,コルレオニス,2026-02-10,京都,9,石清水S(3勝クラス),13,4,4,9.6,5,4,ハマーハ,58,芝,1600,良
2021105704,コルレオニス,2026-05-09,東京,9,分倍河原S(3勝クラス),12,8,12,13.5,5,5,ディー,58,芝,1600,良
2021105704,コルレオニス,2026-06-14,阪神,10,花のみちS(3勝クラス),14,7,11,42.0,12,3,戸崎圭太,58,芝,1600,良
2021105704,コルレオニス,2026-08-09,新潟,6,佐渡S(3勝クラス),13,2,2,28.6,7,10,Ｍ．デム,58,芝,1800,良
2023104216,コワンニシタガウ,2026-03-01,小倉,6,3歳未勝利,16,3,5,17.7,5,6,小沢大仁,57,芝,1800,良
2023104216,コワンニシタガウ,2026-03-15,中京,5,3歳未勝利,15,5,8,21.5,6,4,三浦皇成,57,芝,2200,良
2023104216,コワンニシタガウ,2026-04-11,阪神,4,3歳未勝利,15,8,16,7.5,3,5,ルメール,57,芝,2000,稍
2023104216,コワンニシタガウ,2026-06-21,函館,4,3歳未勝利,16,8,16,13.3,6,7,武豊,57,芝,1800,良
2023104216,コワンニシタガウ,2026-07-04,函館,2,3歳未勝利,16,3,5,4.8,2,3,武豊,57,芝,1800,良
2023104216,コワンニシタガウ,2026-07-25,札幌,6,3歳未勝利,14,6,10,3.8,2,2,武豊,57,芝,1800,良
2023104216,コワンニシタガウ,2026-08-22,札幌,4,3歳未勝利,16,6,11,8.1,4,1,武豊,57,芝,2000,良
2022110092,コンヴァージョン,2024-12-15,中山,5,2歳新馬,15,8,16,68.4,8,6,丸田恭介,56,芝,1600,良
2022110092,コンヴァージョン,2025-04-13,中山,5,3歳未勝利,16,4,8,13.0,5,2,丸田恭介,57,芝,1600,良
2022110092,コンヴァージョン,2025-05-04,東京,5,3歳未勝利,16,4,8,7.3,2,9,丸田恭介,57,芝,1800,良
2022110092,コンヴァージョン,2025-06-01,東京,4,3歳未勝利,14,8,15,16.5,7,6,丸田恭介,57,芝,1600,稍
2022110092,コンヴァージョン,2025-06-21,東京,3,3歳未勝利,16,7,14,16.7,6,3,大野拓弥,57,ダ,1600,良
2022110092,コンヴァージョン,2025-07-20,福島,2,3歳未勝利,15,8,15,8.8,5,5,大野拓弥,57,ダ,1700,良
2022110092,コンヴァージョン,2025-08-02,新潟,11,3歳未勝利,17,5,9,38.1,9,9,石橋脩,57,芝,1600,良
2022110092,コンヴァージョン,2025-10-31,名古屋,4,C6組,12,5,5,1.6,1,1,望月洵輝,57,ダ,1500,稍
2022110092,コンヴァージョン,2025-11-26,名古屋,7,C2組,12,2,2,2.4,2,2,加藤聡一,57,ダ,1700,良
2022110092,コンヴァージョン,2025-12-24,名古屋,9,B12組,10,1,1,1.4,1,1,加藤聡一,57,ダ,1500,不
2022110092,コンヴァージョン,2026-01-15,名古屋,7,B6組,10,8,10,1.3,1,1,加藤聡一,57,ダ,1500,良
2022110092,コンヴァージョン,2026-04-12,中山,7,4歳以上1勝クラス,15,8,14,128.5,14,7,吉田豊,58,芝,1600,良
2022110092,コンヴァージョン,2026-06-07,東京,8,3歳以上1勝クラス,17,3,5,141.3,16,15,丸田恭介,58,芝,1600,良
2022110092,コンヴァージョン,2026-07-28,盛岡,8,アンタレス賞(B1),12,4,4,4.0,2,4,丸田恭介,56,芝,1700,稍
2022104733,コーチェラバレー,2025-02-09,小倉,5,3歳新馬,12,4,4,5.3,3,1,斎藤新,57,芝,2000,稍
2022104733,コーチェラバレー,2025-03-15,阪神,9,ゆきやなぎ賞(1勝クラス),12,6,7,4.6,3,3,北村友一,57,芝,2400,良
2022104733,コーチェラバレー,2025-05-10,京都,11,京都新聞杯(GII),10,2,2,21.7,8,7,北村友一,57,芝,2200,稍
2022104733,コーチェラバレー,2025-06-07,東京,9,稲城特別(1勝クラス),12,8,11,8.9,4,5,ディー,54,芝,2400,良
2022104733,コーチェラバレー,2025-09-13,阪神,8,生田特別(1勝クラス),6,3,3,2.5,2,1,鮫島克駿,55,芝,2400,良
2022104733,コーチェラバレー,2025-10-26,京都,11,菊花賞(GI),18,1,1,107.0,15,7,西村淳也,57,芝,3000,稍
2022104733,コーチェラバレー,2025-12-28,中山,9,グッドラックH(2勝クラス),14,4,6,3.6,2,1,Ｃ．デム,56,芝,2500,良
2022104733,コーチェラバレー,2026-01-18,京都,11,日経新春杯(GII),13,4,5,7.2,3,6,鮫島克駿,53,芝,2400,良
2022104733,コーチェラバレー,2026-03-29,阪神,10,御堂筋S(3勝クラス),11,1,1,3.6,1,3,菱田裕二,57,芝,2400,良
2022104733,コーチェラバレー,2026-07-26,札幌,11,札幌日経賞(L),13,4,5,11.5,5,9,横山和生,57,芝,2600,良
2023104488,コーディアリー,2025-06-08,東京,5,2歳新馬,10,8,10,62.5,7,8,丹内祐次,55,芝,1800,良
2023104488,コーディアリー,2025-07-05,福島,3,2歳未勝利,9,5,5,9.0,4,4,石神深道,52,芝,1800,稍
2023104488,コーディアリー,2025-07-19,福島,3,2歳未勝利,10,6,6,29.5,7,4,津村明秀,55,芝,1800,良
2023104488,コーディアリー,2025-10-19,新潟,1,2歳未勝利,12,5,5,23.0,6,5,石神深道,53,芝,2000,稍
2023104488,コーディアリー,2025-11-09,東京,4,2歳未勝利,14,5,8,136.1,11,7,柴田大知,56,芝,1800,良
2023104488,コーディアリー,2025-11-24,東京,3,2歳未勝利,16,8,15,95.8,9,7,プーシャ,56,芝,2000,良
2023104488,コーディアリー,2026-05-16,新潟,5,3歳未勝利,16,6,11,17.1,8,3,石神深道,54,芝,1800,良
2023104488,コーディアリー,2026-06-07,東京,4,3歳未勝利,18,2,3,19.4,6,1,津村明秀,57,芝,1600,良
2023104488,コーディアリー,2026-08-16,新潟,5,3歳以上1勝クラス,12,6,8,42.7,8,11,柴田大知,55,芝,1800,良
2020106063,ゴッドブルービー,2022-08-14,小倉,5,2歳新馬,13,3,3,41.4,9,4,角田大河,51,芝,1800,良
2020106063,ゴッドブルービー,2022-09-03,小倉,2,2歳未勝利,16,3,5,4.8,4,1,角田大河,51,ダ,1700,稍
2020106063,ゴッドブルービー,2023-02-05,中京,4,3歳1勝クラス,8,8,8,3.2,2,5,角田大河,54,ダ,1800,良
2020106063,ゴッドブルービー,2023-03-04,阪神,6,3歳1勝クラス,10,6,6,4.9,4,2,武豊,56,ダ,1800,良
2020106063,ゴッドブルービー,2023-04-08,阪神,5,3歳1勝クラス,11,6,6,7.9,4,5,角田大河,55,ダ,1800,不
2020106063,ゴッドブルービー,2023-04-22,京都,5,3歳1勝クラス,16,7,13,4.7,3,5,角田大河,55,ダ,1400,良
2020106063,ゴッドブルービー,2023-07-23,中京,12,3歳以上1勝クラス,16,5,10,4.7,2,1,松山弘平,55,ダ,1400,良
2020106063,ゴッドブルービー,2023-08-13,小倉,9,RKB賞(2勝クラス),16,1,2,2.2,1,2,松山弘平,55,ダ,1700,良
2020106063,ゴッドブルービー,2023-09-02,小倉,9,天草特別(2勝クラス),14,4,5,2.9,2,中,角田大河,55,ダ,1700,稍
2020106063,ゴッドブルービー,2023-11-26,京都,8,3歳以上2勝クラス,16,5,9,2.7,1,13,松山弘平,57,ダ,1400,良
2020106063,ゴッドブルービー,2024-01-20,小倉,11,和布刈特別(2勝クラス),13,8,13,3.2,1,1,角田大和,57,ダ,1700,稍
2020106063,ゴッドブルービー,2024-02-17,小倉,11,小倉城S(3勝クラス),16,1,1,2.9,1,6,角田大和,57,ダ,1700,良
2020106063,ゴッドブルービー,2024-03-16,中山,10,韓国馬事会杯(3勝クラス),14,1,1,15.5,6,13,津村明秀,58,ダ,1800,良
2020106063,ゴッドブルービー,2024-06-30,小倉,10,薩摩S(3勝クラス),15,3,6,10.5,5,5,角田大和,58,ダ,1700,重
2020106063,ゴッドブルービー,2024-08-10,札幌,11,報知杯大雪H(3勝クラス),14,1,1,10.5,3,2,浜中俊,56,ダ,1700,良
2020106063,ゴッドブルービー,2024-09-16,中京,11,JRA70THアニバ(3勝クラス),16,2,3,10.5,5,8,浜中俊,58,ダ,1800,良
2020106063,ゴッドブルービー,2024-11-09,福島,11,奥羽S(3勝クラス),15,3,5,4.3,1,2,角田大和,58,ダ,1700,良
2020106063,ゴッドブルービー,2024-11-23,東京,10,シャングリラS(3勝クラス),16,3,5,26.2,9,6,角田大和,58,ダ,1400,稍
2020106063,ゴッドブルービー,2025-02-08,小倉,11,豊前S(3勝クラス),15,3,5,5.9,4,2,角田大和,57,ダ,1700,稍
2020106063,ゴッドブルービー,2025-02-22,小倉,11,小倉城S(3勝クラス),9,4,4,3.0,1,6,角田大和,58,ダ,1700,良
2020106063,ゴッドブルービー,2025-05-11,東京,12,立夏S(3勝クラス),16,6,12,12.1,6,9,浜中俊,57,ダ,1600,稍
2020106063,ゴッドブルービー,2025-07-20,小倉,10,宮崎S(3勝クラス),13,8,13,5.1,3,11,角田大和,57,ダ,1700,良
2020106063,ゴッドブルービー,2025-11-24,福島,11,奥羽S(3勝クラス),15,6,11,17.2,8,2,鮫島克駿,58,ダ,1700,良
2020106063,ゴッドブルービー,2026-02-07,小倉,11,豊前S(3勝クラス),16,2,4,6.5,2,2,角田大和,57,ダ,1700,良
2020106063,ゴッドブルービー,2026-02-21,小倉,11,小倉城S(3勝クラス),13,4,5,5.2,2,4,角田大和,58,ダ,1700,良
2020106063,ゴッドブルービー,2026-05-03,京都,12,東大路S(3勝クラス),16,4,7,14.5,6,6,角田大和,57,ダ,1400,稍
2020106063,ゴッドブルービー,2026-06-27,小倉,11,薩摩S(3勝クラス),15,5,9,5.6,3,1,角田大和,58,ダ,1700,重
2020106063,ゴッドブルービー,2026-07-12,小倉,11,阿蘇S(OP),11,2,2,14.1,7,5,角田大和,57,ダ,1700,良
2023107159,ゴディアーモ,2025-12-06,中山,5,2歳新馬,18,7,14,2.0,1,1,ルメール,55,芝,2000,良
2023107159,ゴディアーモ,2026-03-21,中山,11,フラワーC(GIII),16,2,3,3.9,2,7,津村明秀,55,芝,1800,良
2023107159,ゴディアーモ,2026-06-07,東京,8,3歳以上1勝クラス,17,6,12,2.1,1,4,戸崎圭太,53,芝,1600,良
2020106909,ゴールデンスナップ,2023-01-05,中京,5,3歳新馬,12,6,8,39.2,8,5,吉田隼人,54,芝,2000,良
2020106909,ゴールデンスナップ,2023-03-18,阪神,5,3歳未勝利,9,5,5,30.1,5,4,浜中俊,54,芝,2400,重
2020106909,ゴールデンスナップ,2023-04-02,阪神,4,3歳未勝利,13,7,11,12.1,6,3,浜中俊,54,芝,2400,良
2020106909,ゴールデンスナップ,2023-04-22,京都,4,3歳未勝利,13,5,7,5.8,3,1,浜中俊,54,芝,2400,良
2020106909,ゴールデンスナップ,2023-07-29,札幌,9,積丹特別(1勝クラス),14,8,13,5.8,4,1,浜中俊,53,芝,2600,良
2020106909,ゴールデンスナップ,2023-08-19,札幌,11,札幌日刊スポーツ杯(2勝クラス),14,7,11,3.8,1,2,浜中俊,52,芝,2600,良
2020106909,ゴールデンスナップ,2023-11-25,京都,9,高雄特別(2勝クラス),12,4,4,3.5,2,2,浜中俊,54,芝,2400,良
2020106909,ゴールデンスナップ,2024-01-07,京都,9,琵琶湖特別(2勝クラス),12,1,1,3.2,2,1,浜中俊,55,芝,2400,良
2020106909,ゴールデンスナップ,2024-01-28,京都,10,八坂S(3勝クラス),12,2,2,5.9,4,2,浜中俊,55,芝,2200,良
2020106909,ゴールデンスナップ,2024-03-17,阪神,11,阪神大賞典(GII),15,6,11,30.1,8,5,浜中俊,54,芝,3000,稍
2020106909,ゴールデンスナップ,2024-09-01,札幌,11,タイランドC(OP),14,4,5,3.7,1,2,浜中俊,53,芝,2600,稍
2020106909,ゴールデンスナップ,2024-10-27,京都,10,古都S(3勝クラス),8,8,8,1.7,1,2,浜中俊,56,芝,3000,良
2020106909,ゴールデンスナップ,2024-11-30,中山,11,ステイヤーズS(GII),14,8,14,3.5,1,4,坂井瑠星,55,芝,3600,良
2020106909,ゴールデンスナップ,2025-01-06,中京,11,万葉S(OP),17,1,1,3.4,1,1,浜中俊,54,芝,3000,稍
2020106909,ゴールデンスナップ,2025-03-23,阪神,11,阪神大賞典(GII),11,6,6,8.7,6,6,浜中俊,55,芝,3000,良
2020106909,ゴールデンスナップ,2025-09-07,札幌,11,丹頂S(OP),12,5,6,3.0,1,2,浜中俊,55,芝,2600,稍
2020106909,ゴールデンスナップ,2025-10-18,コーフィールド,,コーフィールドC(GI),18,,11,,8,14,浜中俊,53.5,芝,2400,稍
2020106909,ゴールデンスナップ,2025-11-08,フレミントン,,クイーンエリザベスS(GIII),12,,5,,7,3,ディー,58,芝,2600,重
2020106909,ゴールデンスナップ,2026-05-10,東京,10,メトロポリタンS(L),12,5,5,14.9,5,6,浜中俊,55,芝,2400,良
2019104838,サイルーン,2021-11-28,東京,6,2歳新馬,9,7,7,1.8,1,2,ムーア,55,芝,1800,良
2019104838,サイルーン,2021-12-26,中山,4,2歳未勝利,18,7,15,1.8,1,3,Ｃ．デム,55,芝,2000,良
2019104838,サイルーン,2022-06-18,東京,4,3歳未勝利,14,4,6,2.0,1,1,レーン,56,芝,1800,良
2019104838,サイルーン,2022-08-28,新潟,7,3歳以上1勝クラス,9,1,1,3.3,2,2,石橋脩,54,芝,1800,稍
2019104838,サイルーン,2022-10-30,東京,6,3歳以上1勝クラス,16,2,3,4.2,2,2,松山弘平,55,芝,1600,良
2019104838,サイルーン,2022-11-19,東京,12,3歳以上1勝クラス,18,5,9,2.0,1,1,ムーア,56,芝,1600,良
2019104838,サイルーン,2022-12-17,中山,12,3歳以上2勝クラス,15,5,9,6.3,4,12,松山弘平,56,芝,1800,良
2019104838,サイルーン,2023-05-21,東京,9,調布特別(2勝クラス),10,4,4,3.7,3,5,レーン,58,芝,1800,良
2019104838,サイルーン,2023-08-27,新潟,9,五頭連峰特別(2勝クラス),17,4,7,15.3,5,6,大野拓弥,58,芝,1600,良
2019104838,サイルーン,2023-09-24,中山,9,木更津特別(2勝クラス),16,7,14,7.9,4,8,大野拓弥,56,芝,1600,良
2019104838,サイルーン,2023-11-25,東京,12,3歳以上2勝クラス,14,6,9,6.3,4,2,ビュイッ,58,芝,1600,良
2019104838,サイルーン,2023-12-24,中山,10,クリスマスC(2勝クラス),16,8,16,8.2,4,2,ムーア,58,芝,1600,良
2019104838,サイルーン,2024-03-03,中山,8,4歳以上2勝クラス,11,3,3,4.8,2,1,キング,58,芝,1600,良
2019104838,サイルーン,2024-03-24,中山,10,春興S(3勝クラス),13,8,12,4.4,2,1,岩田望来,57,芝,1600,良
2019104838,サイルーン,2024-06-09,東京,11,エプソムC(GIII),18,6,11,5.5,2,4,岩田望来,57,芝,1800,良
2019104838,サイルーン,2025-03-02,中山,11,中山記念(GII),16,8,15,30.4,8,11,キング,57,芝,1800,良
2019104838,サイルーン,2025-03-16,中山,10,東風S(L),12,1,1,5.5,3,1,ルメール,57,芝,1600,重
2019104838,サイルーン,2025-05-17,新潟,11,新潟大賞典(GIII),16,6,11,9.7,5,12,佐々木大,57,芝,2000,稍
2019104838,サイルーン,2026-03-01,中山,11,中山記念(GII),14,7,11,152.6,12,7,佐々木大,57,芝,1800,良
2019104838,サイルーン,2026-04-04,中山,11,ダービー卿チャレンジ(GIII),15,8,16,12.4,6,2,大野拓弥,57,芝,1600,稍
2019104838,サイルーン,2026-06-21,阪神,11,しらさぎS(GIII),18,4,8,11.8,4,14,岩田望来,57,芝,1600,稍
2023101449,サウンドムーブ,2025-11-08,京都,5,2歳新馬,9,4,4,3.2,2,4,団野大成,56,芝,1800,良
2023101449,サウンドムーブ,2025-11-30,京都,2,2歳未勝利,13,5,6,2.5,2,1,団野大成,56,芝,1800,良
2023101449,サウンドムーブ,2026-01-12,京都,11,日刊スポシンザン記念(GIII),16,8,16,7.2,4,2,団野大成,57,芝,1600,良
2023101449,サウンドムーブ,2026-03-15,中山,11,フジTVスプリングS(GII),16,8,16,15.0,6,4,団野大成,57,芝,1800,良
2023101449,サウンドムーブ,2026-04-19,中山,11,皐月賞(GI),18,1,2,86.5,17,6,団野大成,57,芝,2000,良
2023101449,サウンドムーブ,2026-07-04,小倉,11,博多S(3勝クラス),14,3,4,2.2,1,2,団野大成,55,芝,1800,稍
2021104200,サクセスカラー,2024-01-08,中山,5,3歳新馬,15,1,1,5.1,3,1,田辺裕信,55,芝,1600,良
2021104200,サクセスカラー,2024-02-10,東京,11,デイリー杯クイーンC(GIII),13,1,1,16.5,6,4,田辺裕信,55,芝,1600,良
2021104200,サクセスカラー,2024-03-10,中山,11,アネモネS(L),12,4,4,4.4,1,4,田辺裕信,55,芝,1600,良
2021104200,サクセスカラー,2024-06-01,東京,7,3歳以上1勝クラス,18,5,10,3.0,1,1,横山武史,53,芝,1400,良
2021104200,サクセスカラー,2024-11-17,東京,12,3歳以上2勝クラス,18,4,8,3.7,1,2,田辺裕信,55,芝,1400,良
2021104200,サクセスカラー,2024-12-08,中山,12,3歳以上2勝クラス,16,7,13,2.9,1,5,田辺裕信,55,芝,1600,良
2021104200,サクセスカラー,2025-02-23,東京,8,4歳以上2勝クラス,12,8,11,3.4,2,9,横山武史,56,芝,1400,良
2021104200,サクセスカラー,2025-08-23,新潟,10,飯豊特別(2勝クラス),17,8,15,7.2,4,2,田辺裕信,56,芝,1400,良
2021104200,サクセスカラー,2025-10-05,東京,9,tvk賞(2勝クラス),17,4,7,4.6,2,4,佐々木大,56,芝,1400,良
2021104200,サクセスカラー,2025-11-23,東京,12,3歳以上2勝クラス,18,8,17,4.3,1,6,戸崎圭太,56,芝,1400,良
2021104200,サクセスカラー,2025-12-21,中山,12,3歳以上2勝クラス,16,2,4,6.9,5,6,戸崎圭太,56,芝,1600,重
2021104200,サクセスカラー,2026-04-26,東京,8,4歳以上2勝クラス,11,8,10,5.3,3,3,田辺裕信,56,芝,1400,良
2021104200,サクセスカラー,2026-05-23,東京,10,高尾特別(2勝クラス),16,5,9,8.5,6,5,田辺裕信,56,芝,1400,良
2021104200,サクセスカラー,2026-06-20,東京,10,相模湖特別(2勝クラス),14,4,6,32.9,8,12,横山典弘,56,芝,1400,稍
2021106993,サクソンジェンヌ,2023-08-13,札幌,5,2歳新馬,10,7,8,9.0,4,3,富田暁,55,芝,1800,良
2021106993,サクソンジェンヌ,2023-09-03,札幌,2,2歳未勝利,9,8,8,2.7,1,7,横山武史,55,芝,2000,良
2021106993,サクソンジェンヌ,2023-10-22,新潟,2,2歳未勝利,11,7,8,6.3,2,5,富田暁,55,芝,1600,重
2021106993,サクソンジェンヌ,2023-11-18,福島,7,2歳未勝利,16,7,14,13.8,6,2,富田暁,55,芝,1800,稍
2021106993,サクソンジェンヌ,2023-12-17,阪神,2,2歳未勝利,16,8,16,52.9,10,4,和田竜二,55,芝,1800,稍
2021106993,サクソンジェンヌ,2024-02-25,小倉,2,3歳未勝利,16,6,12,19.4,6,1,富田暁,55,芝,1800,稍
2021106993,サクソンジェンヌ,2024-03-23,阪神,9,君子蘭賞(1勝クラス),7,7,7,18.6,7,5,藤岡康太,55,芝,1800,重
2021106993,サクソンジェンヌ,2024-04-06,福島,9,ひめさゆり賞(1勝クラス),13,1,1,40.3,9,5,藤懸貴志,55,芝,2000,良
2021106993,サクソンジェンヌ,2024-04-27,京都,9,矢車賞(1勝クラス),12,5,6,13.5,8,3,藤懸貴志,55,芝,2200,良
2021106993,サクソンジェンヌ,2024-07-20,小倉,7,3歳以上1勝クラス,11,2,2,5.8,4,3,団野大成,53,芝,2000,稍
2021106993,サクソンジェンヌ,2024-08-24,中京,9,揖斐川特別(1勝クラス),12,7,10,9.3,5,4,団野大成,53,芝,2200,良
2021106993,サクソンジェンヌ,2024-10-14,新潟,12,3歳以上1勝クラス,16,1,1,7.5,3,5,団野大成,54,芝,1800,良
2021106993,サクソンジェンヌ,2024-11-03,京都,6,3歳以上1勝クラス,9,1,1,5.4,2,2,団野大成,54,ダ,1800,重
2021106993,サクソンジェンヌ,2024-12-07,中京,3,3歳以上1勝クラス,8,7,7,3.7,2,2,団野大成,55,ダ,1800,良
2021106993,サクソンジェンヌ,2025-01-05,中京,6,4歳以上1勝クラス,16,2,4,1.7,1,1,団野大成,55,ダ,1800,良
2021106993,サクソンジェンヌ,2025-01-18,中山,7,4歳以上2勝クラス,13,7,10,3.1,1,10,荻野極,55,ダ,1800,良
2021106993,サクソンジェンヌ,2025-04-20,阪神,12,4歳以上2勝クラス,16,7,13,6.3,3,4,団野大成,56,ダ,1800,良
2021106993,サクソンジェンヌ,2025-05-04,新潟,9,咲花特別(2勝クラス),14,5,8,5.4,3,6,藤懸貴志,56,ダ,1800,稍
2021106993,サクソンジェンヌ,2025-06-15,阪神,8,逆瀬川特別(2勝クラス),16,1,2,7.0,4,6,川田将雅,56,ダ,1800,重
2021106993,サクソンジェンヌ,2025-07-19,函館,10,かもめ島特別(2勝クラス),14,3,4,12.8,5,3,菱田裕二,56,芝,1800,良
2021106993,サクソンジェンヌ,2025-08-02,札幌,10,釧路湿原特別(2勝クラス),14,2,2,13.2,5,7,菱田裕二,56,芝,1800,良
2021106993,サクソンジェンヌ,2025-08-24,札幌,12,オールスターJ第4戦(2勝クラス),14,6,9,10.8,6,5,横山典弘,56,芝,1800,良
2021106993,サクソンジェンヌ,2025-11-15,京都,8,3歳以上2勝クラス,7,1,1,7.9,4,3,団野大成,56,芝,2000,良
2021106993,サクソンジェンヌ,2025-11-30,京都,8,3歳以上2勝クラス,8,8,8,18.9,5,1,吉村誠之,55,芝,2200,良
2021106993,サクソンジェンヌ,2025-12-27,中山,12,グレイトフルS(3勝クラス),14,2,2,30.7,9,4,坂井瑠星,56,芝,2500,良
2021106993,サクソンジェンヌ,2026-03-01,小倉,11,関門橋S(3勝クラス),17,8,16,12.0,5,4,横山琉人,56,芝,2000,良
2021106993,サクソンジェンヌ,2026-04-19,中山,12,サンシャインS(3勝クラス),18,5,10,18.1,10,4,武豊,54,芝,2200,良
2021106993,サクソンジェンヌ,2026-05-23,京都,10,シドニーT(3勝クラス),16,4,8,16.6,7,6,武豊,56,芝,2000,良
2021106993,サクソンジェンヌ,2026-06-20,阪神,10,ストークS(3勝クラス),18,3,6,5.3,2,1,坂井瑠星,54,芝,2200,重
2022104092,サクラアドリア,2024-12-22,中山,6,2歳新馬,15,5,8,7.4,4,5,マーカン,56,芝,1600,良
2022104092,サクラアドリア,2025-01-11,中山,7,3歳未勝利,16,6,11,5.0,3,3,戸崎圭太,57,芝,1600,良
2022104092,サクラアドリア,2025-02-09,東京,6,3歳未勝利,16,8,15,3.7,2,7,戸崎圭太,57,芝,1600,良
2022104092,サクラアドリア,2025-04-26,福島,5,3歳未勝利,16,8,15,4.1,2,4,亀田温心,57,芝,1800,良
2022104092,サクラアドリア,2025-06-14,函館,4,3歳未勝利,15,2,2,5.2,2,4,戸崎圭太,57,芝,1800,良
2022104092,サクラアドリア,2025-06-29,函館,6,3歳未勝利,16,4,8,2.2,1,1,武豊,57,芝,1800,良
2022104092,サクラアドリア,2025-07-19,函館,9,湯浜特別(1勝クラス),14,7,11,21.7,5,12,横山和生,55,芝,1800,良
2022104092,サクラアドリア,2025-09-20,中山,7,3歳以上1勝クラス,18,8,17,23.6,7,7,横山典弘,55,芝,2000,良
2022104092,サクラアドリア,2025-11-24,福島,12,3歳以上1勝クラス,16,3,5,10.6,5,4,鮫島克駿,56,芝,2000,良
2022104092,サクラアドリア,2025-12-14,中山,12,3歳以上1勝クラス,16,1,1,10.2,4,3,横山典弘,57,芝,1800,稍
2022104092,サクラアドリア,2026-03-01,小倉,9,唐戸特別(1勝クラス),18,6,11,10.7,5,10,斎藤新,57,芝,2000,良
2022104092,サクラアドリア,2026-08-23,札幌,8,3歳以上1勝クラス,11,2,2,18.0,6,9,武豊,58,芝,1800,良
2022107359,サマースイートピー,2025-01-13,中山,5,3歳新馬,16,1,1,53.1,11,2,内田博幸,55,ダ,1200,良
2022107359,サマースイートピー,2025-03-23,中山,2,3歳未勝利,16,8,16,5.4,4,1,内田博幸,55,ダ,1200,稍
2022107359,サマースイートピー,2025-04-26,福島,9,雪うさぎ賞(1勝クラス),16,4,8,23.1,8,16,内田博幸,55,芝,1200,良
2022107359,サマースイートピー,2025-08-03,新潟,10,3歳以上1勝クラス,15,1,1,8.6,4,1,内田博幸,54,ダ,1200,良
2022107359,サマースイートピー,2025-09-27,中山,12,3歳以上2勝クラス,16,3,6,18.6,6,6,横山武史,54,ダ,1200,良
2022107359,サマースイートピー,2025-11-24,東京,8,3歳以上2勝クラス,15,4,8,,,除,内田博幸,55,ダ,1400,良
2022107359,サマースイートピー,2026-04-18,中山,12,葛飾特別(2勝クラス),13,7,11,26.3,8,4,原田和真,56,ダ,1200,良
2022107359,サマースイートピー,2026-05-30,京都,12,4歳以上2勝クラス,16,7,14,38.8,10,9,原田和真,56,ダ,1200,良
2022107359,サマースイートピー,2026-07-26,新潟,6,出雲崎特別(2勝クラス),11,2,2,14.7,6,11,杉原誠人,56,ダ,1200,不
2023106219,サムシングスイート,2025-11-24,福島,5,2歳新馬,16,7,13,4.4,2,3,横山武史,55,芝,1800,良
2023106219,サムシングスイート,2025-12-21,中山,3,2歳未勝利,15,5,9,6.2,4,5,横山武史,55,芝,1800,重
2023106219,サムシングスイート,2026-01-17,中山,5,3歳未勝利,18,2,4,9.6,7,2,横山武史,55,芝,2000,良
2023106219,サムシングスイート,2026-02-15,東京,5,3歳未勝利,16,8,15,2.8,1,2,横山武史,55,芝,1800,良
2023106219,サムシングスイート,2026-03-07,中山,6,3歳未勝利,18,5,9,2.8,2,1,岩田望来,55,芝,2000,稍
2023106219,サムシングスイート,2026-04-26,東京,11,サンスポ賞フローラS(GII),12,3,3,,,取,酒井学,55,芝,2000,良
2023106219,サムシングスイート,2026-05-02,東京,10,スイートピーS(L),11,7,9,8.6,5,4,横山武史,55,芝,1800,良
2023106219,サムシングスイート,2026-08-01,中京,11,3歳以上1勝クラス,9,3,3,4.8,2,1,団野大成,53,芝,2000,良
2022106243,サヨノジャンボリー,2024-12-15,中山,6,2歳新馬,16,8,15,81.2,13,1,内田博幸,56,ダ,1200,良
2022106243,サヨノジャンボリー,2025-02-08,東京,7,3歳1勝クラス,14,3,3,12.9,7,6,内田博幸,57,ダ,1400,良
2022106243,サヨノジャンボリー,2025-03-09,中山,6,3歳1勝クラス,15,5,10,13.1,7,5,内田博幸,57,ダ,1200,重
2022106243,サヨノジャンボリー,2025-03-30,中山,6,3歳1勝クラス,16,7,13,21.7,8,7,内田博幸,57,ダ,1200,稍
2022106243,サヨノジャンボリー,2025-06-01,京都,6,3歳1勝クラス,14,3,4,44.8,11,8,吉田隼人,57,ダ,1400,良
2022106243,サヨノジャンボリー,2025-09-06,中山,12,3歳以上1勝クラス,16,8,15,8.7,4,11,内田博幸,56,ダ,1200,稍
2022106243,サヨノジャンボリー,2025-09-20,中山,8,3歳以上1勝クラス,15,6,12,10.6,6,9,内田博幸,56,ダ,1200,重
2022106243,サヨノジャンボリー,2025-10-11,東京,12,3歳以上1勝クラス,16,7,13,98.4,12,15,内田博幸,56,ダ,1400,稍
2022106243,サヨノジャンボリー,2025-11-16,福島,8,3歳以上1勝クラス,16,2,3,24.8,9,9,石田拓郎,54,ダ,1150,良
2022106243,サヨノジャンボリー,2026-03-08,中山,6,4歳以上1勝クラス,16,6,12,14.9,6,5,矢野貴之,58,ダ,1200,稍
2022106243,サヨノジャンボリー,2026-03-29,中山,8,4歳以上1勝クラス,16,6,12,21.6,7,6,大野拓弥,58,ダ,1200,稍
2022106243,サヨノジャンボリー,2026-04-19,中山,7,4歳以上1勝クラス,13,8,13,11.9,4,1,高杉吏麒,58,ダ,1200,良
2022106243,サヨノジャンボリー,2026-07-12,福島,12,彦星賞(2勝クラス),16,3,6,17.3,7,9,大野拓弥,58,ダ,1150,稍
2023105394,サンセットゴールド,2025-07-27,札幌,5,2歳新馬,6,6,6,1.8,1,1,鮫島克駿,55,芝,1800,重
2023105394,サンセットゴールド,2025-09-06,札幌,11,札幌2歳S(GIII),12,5,6,28.2,9,6,鮫島克駿,55,芝,1800,良
2023105394,サンセットゴールド,2026-05-09,東京,6,3歳1勝クラス,12,5,5,28.6,9,9,佐々木大,57,芝,1800,良
2023105394,サンセットゴールド,2026-05-24,京都,5,3歳1勝クラス,9,4,4,36.9,9,4,団野大成,57,芝,1200,良
2023105394,サンセットゴールド,2026-06-07,阪神,8,3歳以上1勝クラス,18,8,16,10.4,5,7,坂井瑠星,55,芝,1400,稍
2023105394,サンセットゴールド,2026-08-23,札幌,6,3歳以上1勝クラス,14,7,12,40.6,8,1,小沢大仁,55,芝,1500,良
2022104546,サードウインド,2024-08-10,札幌,5,2歳新馬,7,7,7,7.9,5,7,横山武史,55,芝,1500,良
2022104546,サードウインド,2024-09-14,中山,1,2歳未勝利,14,7,11,12.2,5,7,丹内祐次,55,ダ,1200,良
2022104546,サードウインド,2024-11-09,福島,1,2歳未勝利,13,1,1,27.9,6,2,丹内祐次,55,ダ,1150,良
2022104546,サードウインド,2024-12-01,中山,1,2歳未勝利,16,6,12,2.1,1,2,丹内祐次,55,ダ,1200,良
2022104546,サードウインド,2024-12-14,中山,1,2歳未勝利,16,8,15,3.1,1,6,丹内祐次,55,ダ,1200,良
2022104546,サードウインド,2025-03-08,中山,1,3歳未勝利,16,3,5,4.2,2,1,横山武史,55,ダ,1200,重
2022104546,サードウインド,2025-06-14,東京,12,3歳以上1勝クラス,16,7,13,27.1,8,14,津村明秀,53,ダ,1400,良
2022104546,サードウインド,2025-08-09,札幌,7,3歳以上1勝クラス,12,7,9,6.2,4,3,横山武史,54,ダ,1000,重
2022104546,サードウインド,2025-09-07,札幌,6,3歳以上1勝クラス,12,6,8,5.1,3,1,丹内祐次,54,ダ,1000,稍
2022104546,サードウインド,2025-11-22,福島,10,福島放送賞(2勝クラス),16,8,16,40.3,9,11,丹内祐次,55,ダ,1150,良
2022104546,サードウインド,2026-01-25,中山,8,4歳以上2勝クラス,15,8,15,103.6,12,10,古川吉洋,56,ダ,1200,良
2022104546,サードウインド,2026-04-12,福島,10,喜多方特別(2勝クラス),16,4,7,85.8,15,5,中井裕二,56,ダ,1150,良
2022104546,サードウインド,2026-06-27,福島,9,さくらんぼ特別(2勝クラス),16,7,13,95.6,13,12,武藤雅,56,ダ,1150,稍
2023102120,システマソラー,2025-11-16,福島,6,2歳新馬,15,5,9,11.1,6,2,国分恭介,56,ダ,1700,良
2023102120,システマソラー,2025-11-29,京都,2,2歳未勝利,11,4,4,6.8,4,1,国分恭介,56,ダ,1800,良
2023102120,システマソラー,2026-03-14,中山,6,3歳1勝クラス,16,1,1,16.3,8,5,佐々木大,57,ダ,1800,良
2023102120,システマソラー,2026-04-12,中山,6,3歳1勝クラス,11,6,6,5.5,4,2,佐々木大,57,ダ,1800,良
2023102120,システマソラー,2026-05-17,京都,6,3歳1勝クラス,16,3,6,4.2,2,2,佐々木大,57,ダ,1800,良
2023102120,システマソラー,2026-06-13,阪神,7,3歳以上1勝クラス,16,5,9,2.5,1,2,川田将雅,55,ダ,1800,良
2023102120,システマソラー,2026-07-05,小倉,12,3歳以上1勝クラス,16,5,10,1.7,1,1,川田将雅,55,ダ,1700,不
2019104447,シュトルーヴェ,2021-12-05,中京,5,2歳新馬,6,5,5,7.1,3,6,松山弘平,55,芝,2000,良
2019104447,シュトルーヴェ,2022-08-07,新潟,4,3歳未勝利,18,1,1,46.4,9,5,松山弘平,56,芝,2000,良
2019104447,シュトルーヴェ,2022-08-28,新潟,4,3歳未勝利,18,6,11,6.3,3,1,Ｍ．デム,56,芝,2000,稍
2019104447,シュトルーヴェ,2022-10-22,新潟,9,岩船特別(1勝クラス),16,4,8,3.6,2,2,菱田裕二,54,芝,2200,良
2019104447,シュトルーヴェ,2022-11-26,東京,7,3歳以上1勝クラス,7,4,4,2.1,1,1,ギュイヨ,55,芝,2400,良
2019104447,シュトルーヴェ,2022-12-18,中京,12,尾張特別(2勝クラス),12,3,3,3.6,2,1,菱田裕二,55,芝,2200,良
2019104447,シュトルーヴェ,2023-01-29,中京,9,美濃S(3勝クラス),7,3,3,2.0,1,2,松山弘平,57,芝,2200,良
2019104447,シュトルーヴェ,2023-06-10,東京,11,ジューンS(3勝クラス),18,4,7,10.4,5,2,内田博幸,57,芝,2400,良
2019104447,シュトルーヴェ,2023-08-19,新潟,11,日本海S(3勝クラス),13,5,6,5.1,3,7,内田博幸,58,芝,2200,良
2019104447,シュトルーヴェ,2024-02-03,東京,11,JCベストレース記念(3勝クラス),12,5,5,6.9,3,1,キング,57,芝,2400,良
2019104447,シュトルーヴェ,2024-03-23,中山,11,日経賞(GII),10,6,6,6.3,4,1,鮫島克駿,57,芝,2500,良
2019104447,シュトルーヴェ,2024-05-26,東京,12,目黒記念(GII),13,6,9,3.5,1,1,モレイラ,58.5,芝,2500,良
2019104447,シュトルーヴェ,2024-06-23,京都,11,宝塚記念(GI),13,1,1,25.4,9,11,レーン,58,芝,2200,重
2019104447,シュトルーヴェ,2024-11-24,東京,12,ジャパンC(GI),14,4,5,83.9,11,10,鮫島克駿,58,芝,2400,良
2019104447,シュトルーヴェ,2024-12-22,中山,11,有馬記念(GI),15,6,12,108.1,14,10,鮫島克駿,58,芝,2500,良
2019104447,シュトルーヴェ,2025-02-22,東京,11,ダイヤモンドS(GIII),16,6,11,7.8,3,5,鮫島克駿,59,芝,3400,良
2019104447,シュトルーヴェ,2025-08-17,札幌,11,札幌記念(GII),16,2,3,19.8,7,7,キング,58,芝,2000,稍
2019104447,シュトルーヴェ,2025-11-09,東京,11,アルゼンチン共和国杯(GII),18,4,7,12.0,6,5,鮫島克駿,59,芝,2500,良
2019104447,シュトルーヴェ,2025-11-30,東京,12,ジャパンC(GI),17,5,10,442.0,17,10,菅原明良,58,芝,2400,良
2019104447,シュトルーヴェ,2026-02-15,キングアブドゥル,8,レッドシーターフH(GII),11,,5,9.0,4,8,モレイラ,58,芝,3000,良
2019104447,シュトルーヴェ,2026-05-16,新潟,11,新潟大賞典(GIII),15,7,13,55.8,13,11,丹内祐次,59,芝,2000,良
2020106101,シュヴァルツリーベ,2022-10-01,中山,6,2歳新馬,16,3,5,16.4,4,3,佐々木大,51,ダ,1200,良
2020106101,シュヴァルツリーベ,2022-10-22,東京,1,2歳未勝利,13,7,11,4.8,4,4,松山弘平,54,ダ,1600,良
2020106101,シュヴァルツリーベ,2022-12-24,中山,1,2歳未勝利,16,1,2,7.1,3,2,津村明秀,54,ダ,1200,稍
2020106101,シュヴァルツリーベ,2023-01-14,中山,1,3歳未勝利,16,5,9,1.9,1,1,津村明秀,54,ダ,1200,良
2020106101,シュヴァルツリーベ,2023-04-16,中山,5,3歳1勝クラス,16,7,14,18.3,7,7,津村明秀,54,ダ,1200,重
2020106101,シュヴァルツリーベ,2023-05-13,東京,6,3歳1勝クラス,16,8,16,24.1,9,4,津村明秀,54,ダ,1400,稍
2020106101,シュヴァルツリーベ,2023-09-24,中山,8,3歳以上1勝クラス,16,3,6,6.4,3,11,佐々木大,53,ダ,1200,稍
2020106101,シュヴァルツリーベ,2023-10-15,東京,6,3歳以上1勝クラス,16,2,3,6.1,3,7,戸崎圭太,55,ダ,1300,不
2020106101,シュヴァルツリーベ,2024-01-14,中山,6,4歳以上1勝クラス,15,6,12,5.2,4,11,津村明秀,56,ダ,1200,稍
2020106101,シュヴァルツリーベ,2024-03-09,中京,12,4歳以上1勝クラス,18,7,13,78.1,13,10,河原田菜,52,芝,1400,良
2020106101,シュヴァルツリーベ,2024-05-05,新潟,7,4歳以上1勝クラス,16,4,7,18.8,6,8,津村明秀,56,芝,1400,良
2020106101,シュヴァルツリーベ,2024-06-01,東京,7,3歳以上1勝クラス,18,2,4,204.0,13,16,伊藤工真,56,芝,1400,良
2020106101,シュヴァルツリーベ,2024-07-27,札幌,6,3歳以上1勝クラス,12,8,11,16.7,7,5,伊藤工真,56,ダ,1000,良
2020106101,シュヴァルツリーベ,2024-08-10,札幌,7,3歳以上1勝クラス,12,1,1,21.3,7,8,古川奈穂,52,ダ,1000,良
2020106101,シュヴァルツリーベ,2024-09-14,中山,6,3歳以上1勝クラス,16,1,2,26.9,10,4,伊藤工真,56,ダ,1200,良
2020106101,シュヴァルツリーベ,2024-10-26,新潟,3,3歳以上1勝クラス,11,7,9,30.4,8,7,伊藤工真,56,ダ,1200,良
2020106101,シュヴァルツリーベ,2024-12-08,中京,3,3歳以上1勝クラス,16,8,16,21.4,5,10,伊藤工真,56,ダ,1200,良
2020106101,シュヴァルツリーベ,2025-02-22,東京,7,4歳以上1勝クラス,16,4,8,55.6,10,3,伊藤工真,56,ダ,1400,良
2020106101,シュヴァルツリーベ,2025-03-15,中京,7,4歳以上1勝クラス,15,3,5,5.2,3,1,伊藤工真,56,ダ,1400,良
2020106101,シュヴァルツリーベ,2025-05-10,東京,12,4歳以上2勝クラス,16,8,16,18.5,7,12,伊藤工真,56,ダ,1400,重
2020106101,シュヴァルツリーベ,2025-06-07,東京,10,由比ヶ浜特別(2勝クラス),15,3,4,89.7,13,10,伊藤工真,52,芝,1400,良
2020106101,シュヴァルツリーベ,2025-08-23,新潟,9,岩室温泉特別(2勝クラス),15,2,2,82.3,14,9,伊藤工真,56,ダ,1200,良
2020106101,シュヴァルツリーベ,2026-01-31,東京,8,4歳以上2勝クラス,16,4,7,134.8,12,9,伊藤工真,56,ダ,1400,良
2020106101,シュヴァルツリーベ,2026-03-22,中山,9,鎌ケ谷特別(2勝クラス),16,8,16,54.9,10,7,伊藤工真,56,ダ,1200,良
2020106101,シュヴァルツリーベ,2026-06-13,阪神,10,安芸特別(2勝クラス),16,2,3,105.1,10,9,田山旺佑,56,ダ,1200,良
2020106101,シュヴァルツリーベ,2026-07-05,小倉,10,九州スポーツ杯(2勝クラス),16,6,12,112.0,14,8,藤懸貴志,56,ダ,1700,不
2020106101,シュヴァルツリーベ,2026-07-18,小倉,10,熊本城特別(2勝クラス),12,7,10,25.9,8,5,藤懸貴志,56,ダ,1700,稍
2020106101,シュヴァルツリーベ,2026-08-09,中京,8,揖斐川特別(2勝クラス),11,8,10,79.0,10,6,藤懸貴志,56,ダ,1800,良
2024106438,ショウナンガレオン,2026-07-05,函館,5,2歳新馬,5,1,1,1.3,1,1,鮫島克駿,55,芝,1800,良
2023102730,ショウナンダイン,2025-07-20,福島,5,2歳新馬,13,2,2,3.3,2,3,丸山元気,55,芝,2000,良
2023102730,ショウナンダイン,2025-08-30,新潟,3,2歳未勝利,11,8,10,4.1,3,2,三浦皇成,55,芝,1800,良
2023102730,ショウナンダイン,2025-09-27,中山,2,2歳未勝利,16,7,13,8.3,3,4,三浦皇成,55,芝,1600,良
2023102730,ショウナンダイン,2025-10-25,新潟,3,2歳未勝利,13,8,12,2.5,1,1,丸山元気,56,芝,1800,良
2023102730,ショウナンダイン,2025-12-06,中京,9,こうやまき賞(1勝クラス),8,1,1,22.2,6,7,丸山元気,56,芝,1600,良
2023102730,ショウナンダイン,2026-02-01,東京,9,セントポーリア賞(1勝クラス),12,4,4,53.3,10,10,キング,57,芝,1800,良
2023102730,ショウナンダイン,2026-05-09,東京,6,3歳1勝クラス,12,4,4,134.7,11,8,丹内祐次,57,芝,1800,良
2023102730,ショウナンダイン,2026-05-30,東京,6,3歳1勝クラス,12,5,6,23.8,6,10,三浦皇成,57,ダ,1600,良
2023102730,ショウナンダイン,2026-06-20,東京,8,3歳以上1勝クラス,16,8,15,306.7,15,8,丸山元気,55,芝,1800,稍
2023102730,ショウナンダイン,2026-08-16,新潟,5,3歳以上1勝クラス,12,5,5,22.8,7,5,丸山元気,55,芝,1800,良
2022105885,ショーダンサー,2024-12-15,京都,6,2歳新馬,16,5,9,34.8,9,1,国分優作,56,ダ,1800,良
2022105885,ショーダンサー,2025-03-23,阪神,6,3歳1勝クラス,16,2,4,7.2,4,6,古川吉洋,57,ダ,1800,良
2022105885,ショーダンサー,2025-04-12,阪神,5,3歳1勝クラス,11,3,3,13.8,5,3,古川吉洋,57,ダ,1800,良
2022105885,ショーダンサー,2025-08-02,中京,9,3歳以上1勝クラス,10,1,1,3.4,2,1,国分優作,55,ダ,1800,良
2022105885,ショーダンサー,2025-08-24,中京,10,大府特別(2勝クラス),16,8,16,2.8,1,3,国分優作,55,ダ,1800,良
2022105885,ショーダンサー,2025-09-13,阪神,10,鳥取特別(2勝クラス),9,6,6,4.0,3,5,国分優作,55,ダ,1800,良
2022105885,ショーダンサー,2025-12-28,阪神,8,3歳以上2勝クラス,13,3,3,4.7,3,2,国分優作,57,ダ,1800,良
2022105885,ショーダンサー,2026-01-18,京都,10,大津特別(2勝クラス),16,4,8,4.7,3,3,国分優作,57,ダ,1800,良
2022105885,ショーダンサー,2026-03-08,阪神,8,4歳以上2勝クラス,9,7,7,3.3,2,4,国分優作,58,ダ,1800,良
2022105885,ショーダンサー,2026-04-05,阪神,7,4歳以上2勝クラス,15,2,3,10.4,4,3,古川吉洋,58,ダ,1800,重
2022105885,ショーダンサー,2026-04-26,京都,12,4歳以上2勝クラス,14,6,10,12.1,7,9,古川吉洋,58,ダ,1800,良
2022105345,シンゼンカガ,2024-08-17,中京,5,2歳新馬,18,6,11,217.6,15,5,角田大和,54,芝,1400,良
2022105345,シンゼンカガ,2024-08-31,中京,2,2歳未勝利,8,4,4,14.9,4,4,角田大和,54,芝,1400,重
2022105345,シンゼンカガ,2024-09-22,中京,3,2歳未勝利,18,6,12,46.9,12,8,角田大和,55,芝,1400,良
2022105345,シンゼンカガ,2025-01-11,中京,12,3歳未勝利,16,3,5,122.0,14,6,高杉吏麒,55,芝,1600,良
2022105345,シンゼンカガ,2025-02-02,京都,6,3歳未勝利,11,4,4,25.6,8,1,幸英明,57,芝,1600,稍
2022105345,シンゼンカガ,2025-02-15,京都,9,こぶし賞(1勝クラス),6,2,2,17.6,6,6,幸英明,57,芝,1600,良
2022105345,シンゼンカガ,2025-06-15,函館,9,八雲特別(1勝クラス),13,5,6,113.4,12,9,黛弘人,55,芝,1800,良
2022105345,シンゼンカガ,2025-07-05,函館,9,恵山特別(1勝クラス),8,5,5,31.2,6,4,黛弘人,55,芝,1800,稍
2022105345,シンゼンカガ,2025-07-19,函館,9,湯浜特別(1勝クラス),14,1,1,19.1,4,3,武豊,55,芝,1800,良
2022105345,シンゼンカガ,2025-08-02,札幌,7,3歳以上1勝クラス,10,8,10,8.0,3,2,武豊,55,芝,1800,良
2022105345,シンゼンカガ,2025-08-24,札幌,9,ルスツ特別(1勝クラス),13,6,8,3.1,1,2,武豊,55,芝,2000,良
2022105345,シンゼンカガ,2026-02-01,小倉,8,4歳以上1勝クラス,13,4,4,16.0,6,5,松本大輝,56,芝,1800,良
2022105345,シンゼンカガ,2026-02-14,小倉,12,4歳以上1勝クラス,15,7,12,2.4,1,1,丹内祐次,57,芝,1800,良
2022105345,シンゼンカガ,2026-02-28,小倉,11,別府特別(2勝クラス),15,5,8,9.7,4,4,吉田隼人,57,芝,2000,稍
2022105345,シンゼンカガ,2026-03-14,中京,10,茶臼山高原特別(2勝クラス),10,1,1,5.3,4,1,吉田隼人,58,芝,2000,良
2022105345,シンゼンカガ,2026-08-15,中京,7,高山S(3勝クラス),8,2,2,7.3,3,6,団野大成,56,芝,2000,良
2023103434,ジッピーチューン,2025-10-18,東京,4,2歳新馬,18,6,11,15.2,7,2,武豊,55,芝,1400,良
2023103434,ジッピーチューン,2025-12-21,中山,7,2歳未勝利,16,1,1,3.7,2,1,戸崎圭太,55,芝,1600,重
2023103434,ジッピーチューン,2026-02-14,東京,11,デイリー杯クイーンC(GIII),16,1,2,31.0,11,2,北村友一,55,芝,1600,良
2023103434,ジッピーチューン,2026-04-12,阪神,11,桜花賞(GI),18,6,11,79.3,12,3,北村友一,55,芝,1600,良
2023100922,ジャイアンバローズ,2026-01-12,京都,4,3歳新馬,16,7,13,6.9,4,13,岩田望来,57,ダ,1800,良
2023100922,ジャイアンバローズ,2026-02-01,京都,3,3歳未勝利,10,1,1,14.1,4,5,高杉吏麒,57,ダ,1900,良
2023100922,ジャイアンバローズ,2026-02-21,小倉,1,3歳未勝利,14,8,14,5.0,3,1,丹内祐次,57,ダ,1700,良
2023100922,ジャイアンバローズ,2026-05-02,新潟,9,わらび賞(1勝クラス),15,8,15,31.7,9,5,丹内祐次,57,ダ,1800,重
2023100922,ジャイアンバローズ,2026-05-17,京都,6,3歳1勝クラス,16,4,8,15.0,6,1,高杉吏麒,57,ダ,1800,良
2018103485,ジャガード,2020-10-11,東京,4,2歳新馬,18,8,17,5.5,3,1,Ｍ．デム,55,芝,1400,重
2018103485,ジャガード,2020-11-07,東京,11,京王杯2歳S(GII),18,5,10,64.8,10,6,Ｍ．デム,55,芝,1400,良
2018103485,ジャガード,2021-02-13,東京,7,3歳1勝クラス,16,6,11,7.2,3,10,Ｍ．デム,56,芝,1400,良
2018103485,ジャガード,2021-03-14,中山,7,3歳1勝クラス,15,2,3,17.2,6,10,三浦皇成,56,芝,1200,重
2018103485,ジャガード,2021-04-17,新潟,10,雪うさぎ賞(1勝クラス),15,1,1,69.6,12,7,吉田豊,56,芝,1200,重
2018103485,ジャガード,2021-07-25,函館,12,3歳以上1勝クラス,11,5,5,28.1,8,6,亀田温心,53,芝,1200,良
2018103485,ジャガード,2021-08-14,札幌,9,3歳以上1勝クラス,16,2,4,19.9,8,2,亀田温心,53,芝,1200,良
2018103485,ジャガード,2021-09-05,札幌,6,3歳以上1勝クラス,16,7,14,8.5,4,5,亀田温心,54,芝,1200,稍
2018103485,ジャガード,2021-09-25,中山,4,3歳以上1勝クラス,15,2,2,16.7,7,3,Ｍ．デム,55,芝,1200,良
2018103485,ジャガード,2021-11-20,福島,8,3歳以上1勝クラス,16,3,5,19.7,9,1,亀田温心,55,芝,1200,良
2018103485,ジャガード,2021-12-12,阪神,8,3歳以上2勝クラス,13,8,13,13.5,5,7,Ｍ．デム,56,芝,1200,良
2018103485,ジャガード,2022-01-08,中京,9,鳥羽特別(2勝クラス),14,6,9,43.5,10,12,亀田温心,56,芝,1200,良
2018103485,ジャガード,2022-03-27,中山,12,4歳以上2勝クラス,13,4,5,49.5,10,8,小林脩斗,54,芝,1200,重
2018103485,ジャガード,2022-05-07,東京,12,4歳以上2勝クラス,9,6,6,17.1,7,9,Ｍ．デム,57,芝,1400,良
2018103485,ジャガード,2022-06-26,函館,10,HTB杯(2勝クラス),15,6,10,103.4,15,12,黛弘人,54,芝,1200,良
2018103485,ジャガード,2022-07-09,函館,10,潮騒特別(2勝クラス),13,5,7,293.5,13,10,黛弘人,57,芝,1200,良
2018103485,ジャガード,2022-08-13,札幌,10,羊ヶ丘特別(2勝クラス),14,6,9,215.6,13,13,川島信二,57,芝,1500,良
2018103485,ジャガード,2022-08-27,札幌,10,オールスターJ第1戦(2勝クラス),14,6,9,121.7,14,9,バシュロ,58,芝,1200,良
2018103485,ジャガード,2022-10-22,東京,8,3歳以上2勝クラス,16,2,4,216.5,14,16,荻野極,57,ダ,1400,良
2018103485,ジャガード,2023-03-11,中山,12,4歳以上2勝クラス,16,3,6,221.9,14,13,永野猛蔵,57,芝,1200,良
2018103485,ジャガード,2023-03-26,中山,12,4歳以上2勝クラス,13,8,12,101.6,13,8,永野猛蔵,57,芝,1200,不
2018103485,ジャガード,2023-04-15,中山,8,4歳以上2勝クラス,16,6,12,93.2,13,11,永野猛蔵,57,芝,1200,重
2018103485,ジャガード,2023-08-06,札幌,10,札幌スポニチ賞(2勝クラス),11,6,7,120.7,10,5,亀田温心,58,芝,1200,重
2018103485,ジャガード,2023-09-02,札幌,9,知床特別(2勝クラス),16,2,4,74.8,15,14,亀田温心,58,芝,1200,稍
2018103485,ジャガード,2023-09-30,中山,10,勝浦特別(2勝クラス),16,1,2,200.3,16,5,吉田豊,58,芝,1200,良
2018103485,ジャガード,2023-12-02,中山,12,3歳以上2勝クラス,16,1,2,69.2,14,10,吉田豊,58,芝,1200,良
2018103485,ジャガード,2024-01-13,中山,12,4歳以上2勝クラス,15,8,15,95.7,12,7,吉田豊,58,芝,1200,良
2018103485,ジャガード,2024-03-09,中山,12,4歳以上2勝クラス,13,7,10,137.7,12,9,吉田豊,58,芝,1200,稍
2018103485,ジャガード,2024-04-13,中山,8,4歳以上2勝クラス,12,8,11,152.0,12,10,吉田豊,58,芝,1200,良
2018103485,ジャガード,2024-05-04,東京,8,4歳以上2勝クラス,10,6,6,82.8,9,8,吉田豊,58,芝,1400,良
2018103485,ジャガード,2024-11-09,福島,10,飯坂温泉特別(2勝クラス),16,2,4,156.2,16,8,亀田温心,58,芝,1200,良
2018103485,ジャガード,2024-12-21,中山,12,クリスマスC(2勝クラス),16,1,1,214.7,16,4,吉田豊,58,芝,1200,良
2018103485,ジャガード,2025-01-05,中山,8,4歳以上2勝クラス,16,7,14,126.5,13,9,吉田豊,58,芝,1200,良
2018103485,ジャガード,2025-02-08,東京,10,テレビ山梨杯(2勝クラス),13,3,3,164.0,12,9,吉田豊,54,芝,1400,良
2018103485,ジャガード,2025-03-15,中山,12,4歳以上2勝クラス,16,3,5,152.3,15,15,吉田豊,58,芝,1200,良
2018103485,ジャガード,2025-03-30,中山,12,4歳以上2勝クラス,13,6,9,106.6,13,9,吉田豊,58,芝,1200,良
2018103485,ジャガード,2025-04-19,中山,9,袖ケ浦特別(2勝クラス),13,1,1,181.3,11,6,吉田豊,58,芝,1200,良
2018103485,ジャガード,2025-06-29,福島,9,郡山特別(2勝クラス),11,7,9,98.4,10,6,吉田豊,58,芝,1200,良
2018103485,ジャガード,2025-07-13,福島,12,彦星賞(2勝クラス),9,3,3,17.7,6,5,吉田豊,58,芝,1200,良
2018103485,ジャガード,2025-08-03,札幌,10,苫小牧特別(2勝クラス),13,2,2,68.2,12,10,吉田隼人,58,芝,1200,良
2018103485,ジャガード,2025-08-23,札幌,10,オールスターJ第1戦(2勝クラス),14,4,6,42.3,11,10,武豊,58,芝,1200,良
2018103485,ジャガード,2025-09-06,札幌,10,札幌スポニチ賞(2勝クラス),16,5,9,328.9,16,11,森田誠也,58,芝,1200,良
2018103485,ジャガード,2025-12-06,中山,12,3歳以上2勝クラス,13,4,7,198.0,12,8,吉田豊,58,芝,1200,良
2018103485,ジャガード,2026-01-17,中山,12,4歳以上2勝クラス,16,2,3,190.7,15,12,吉田豊,58,芝,1200,良
2018103485,ジャガード,2026-03-08,中山,12,4歳以上2勝クラス,16,6,11,221.6,15,15,吉田豊,58,芝,1200,良
2018103485,ジャガード,2026-03-29,中山,12,4歳以上2勝クラス,11,4,4,143.1,11,8,上里直汰,55,芝,1200,良
2018103485,ジャガード,2026-04-18,中山,9,袖ケ浦特別(2勝クラス),12,8,11,167.3,12,12,吉田豊,58,芝,1200,良
2018103485,ジャガード,2026-07-05,福島,9,郡山特別(2勝クラス),16,1,2,139.0,16,13,吉田豊,52,芝,1200,良
2018103485,ジャガード,2026-08-22,札幌,10,オールスターJ第1戦(2勝クラス),14,4,6,121.6,14,12,松山弘平,58,芝,1200,良
2021102717,ジャグアール,2023-09-23,中山,5,2歳新馬,16,8,15,14.7,4,3,菅原明良,55,芝,1600,重
2021102717,ジャグアール,2023-10-14,新潟,6,2歳未勝利,11,7,9,6.5,3,5,原優介,55,芝,1600,良
2021102717,ジャグアール,2023-10-28,新潟,5,2歳未勝利,18,8,17,25.9,8,4,菊沢一樹,56,芝,1400,重
2021102717,ジャグアール,2023-11-25,東京,2,2歳未勝利,18,7,13,58.6,9,4,岩田望来,56,芝,1400,良
2021102717,ジャグアール,2023-12-16,中山,8,2歳未勝利,16,1,1,20.6,6,3,戸崎圭太,56,芝,1600,良
2021102717,ジャグアール,2024-01-14,中山,5,3歳未勝利,16,2,4,9.7,4,2,戸崎圭太,57,芝,1600,稍
2021102717,ジャグアール,2024-02-04,東京,6,3歳未勝利,15,8,14,3.1,2,2,戸崎圭太,57,芝,1600,良
2021102717,ジャグアール,2024-03-03,中山,5,3歳未勝利,16,5,10,1.9,1,1,戸崎圭太,57,芝,1600,稍
2021102717,ジャグアール,2024-05-19,東京,5,3歳1勝クラス,11,6,6,6.8,3,6,戸崎圭太,57,芝,1600,良
2021102717,ジャグアール,2024-06-09,東京,12,3歳以上1勝クラス,17,1,2,27.4,7,10,原優介,54,芝,1600,良
2021102717,ジャグアール,2024-09-22,中山,7,3歳以上1勝クラス,16,2,4,7.3,4,9,戸崎圭太,56,芝,1600,良
2021102717,ジャグアール,2024-10-05,新潟,10,聖籠特別(1勝クラス),18,6,11,29.6,9,12,小沢大仁,56,芝,1600,良
2021102717,ジャグアール,2025-01-13,中山,12,4歳以上1勝クラス,16,1,1,18.9,9,12,石橋脩,57,芝,1600,良
2021102717,ジャグアール,2025-02-09,小倉,12,4歳以上1勝クラス,17,4,8,10.2,6,2,菊沢一樹,58,芝,1200,稍
2021102717,ジャグアール,2025-02-22,小倉,9,秋吉台特別(1勝クラス),18,2,4,12.0,7,11,菊沢一樹,58,芝,1200,良
2021102717,ジャグアール,2025-04-19,福島,12,4歳以上1勝クラス,16,6,12,9.4,4,9,丹内祐次,58,芝,1200,良
2021102717,ジャグアール,2025-06-14,東京,8,3歳以上1勝クラス,18,8,18,189.5,16,9,原優介,58,芝,1400,良
2021102717,ジャグアール,2025-07-05,函館,8,3歳以上1勝クラス,9,8,8,15.4,6,5,松岡正海,58,芝,1200,稍
2021102717,ジャグアール,2025-07-26,札幌,7,3歳以上1勝クラス,8,7,7,8.0,4,3,松岡正海,58,芝,1200,良
2021102717,ジャグアール,2025-08-09,札幌,12,厚岸特別(1勝クラス),11,7,8,66.3,9,7,鮫島克駿,58,芝,1500,良
2021102717,ジャグアール,2025-09-07,札幌,8,3歳以上1勝クラス,16,8,16,61.5,11,12,原田和真,58,芝,1200,稍
2021102717,ジャグアール,2025-12-13,中京,12,3歳以上1勝クラス,18,3,5,155.5,15,8,丸山元気,58,芝,1200,良
2021102717,ジャグアール,2026-02-01,小倉,8,4歳以上1勝クラス,13,8,12,62.4,10,7,今村聖奈,56,芝,1800,良
2021102717,ジャグアール,2026-02-14,小倉,12,4歳以上1勝クラス,15,8,14,19.5,6,8,今村聖奈,56,芝,1800,良
2021102717,ジャグアール,2026-04-19,福島,6,4歳以上1勝クラス,13,2,2,22.1,9,3,菊沢一樹,58,芝,1800,良
2021102717,ジャグアール,2026-05-09,新潟,10,粟島特別(1勝クラス),13,1,1,13.8,6,7,菊沢一樹,58,芝,1800,良
2021102717,ジャグアール,2026-07-05,福島,8,3歳以上1勝クラス,12,4,4,10.2,5,2,石橋脩,58,芝,1800,良
2021102717,ジャグアール,2026-07-19,福島,8,3歳以上1勝クラス,16,2,4,39.8,11,13,石橋脩,58,芝,1800,良
2022110111,ジャスパーソレイユ,2024-07-28,新潟,2,2歳未勝利,9,5,5,2.6,1,2,笹川翼,55,ダ,1200,良
2022110111,ジャスパーソレイユ,2024-08-10,中京,2,2歳未勝利,16,2,4,1.7,1,2,松山弘平,55,ダ,1200,良
2022110111,ジャスパーソレイユ,2024-09-08,中山,1,2歳未勝利,8,4,4,2.5,2,1,武豊,55,ダ,1200,良
2022110111,ジャスパーソレイユ,2024-10-20,京都,8,なでしこ賞(1勝クラス),11,5,5,4.9,3,10,武豊,56,ダ,1400,稍
2022110111,ジャスパーソレイユ,2024-12-08,京都,6,2歳1勝クラス,10,8,9,20.8,4,5,吉村誠之,54,ダ,1200,良
2022110111,ジャスパーソレイユ,2025-03-23,中山,8,3歳1勝クラス,15,2,2,17.2,7,5,吉田豊,57,ダ,1200,良
2022110111,ジャスパーソレイユ,2025-04-13,中山,8,3歳1勝クラス,16,4,7,15.5,5,6,江田照男,57,ダ,1200,良
2022110111,ジャスパーソレイユ,2025-05-10,京都,6,3歳1勝クラス,16,5,10,21.9,8,8,武豊,57,ダ,1200,重
2022110111,ジャスパーソレイユ,2025-07-06,函館,7,3歳以上1勝クラス,12,4,4,7.0,4,2,松本大輝,54,ダ,1000,稍
2022110111,ジャスパーソレイユ,2025-07-27,札幌,6,3歳以上1勝クラス,9,1,1,1.7,1,7,北村友一,55,ダ,1000,不
2022110111,ジャスパーソレイユ,2025-10-19,京都,7,3歳以上1勝クラス,12,8,12,8.2,3,2,武豊,57,ダ,1200,良
2022110111,ジャスパーソレイユ,2025-11-08,福島,8,3歳以上1勝クラス,16,5,10,4.8,2,1,丸山元気,57,ダ,1150,良
2022110111,ジャスパーソレイユ,2025-12-07,中山,8,3歳以上2勝クラス,16,8,16,5.3,3,2,丸山元気,57,ダ,1200,良
2022110111,ジャスパーソレイユ,2026-01-04,中山,12,4歳以上2勝クラス,16,2,3,4.6,2,2,丸山元気,58,ダ,1200,稍
2022110111,ジャスパーソレイユ,2026-01-25,中山,8,4歳以上2勝クラス,15,5,8,5.4,3,4,川田将雅,58,ダ,1200,良
2022110111,ジャスパーソレイユ,2026-03-29,阪神,12,4歳以上2勝クラス,16,8,15,6.7,3,14,菱田裕二,58,ダ,1200,良
2022110111,ジャスパーソレイユ,2026-04-11,阪神,12,4歳以上2勝クラス,16,4,8,5.1,3,15,川田将雅,58,ダ,1200,重
2022110111,ジャスパーソレイユ,2026-07-04,小倉,10,雲仙特別(2勝クラス),12,6,7,13.0,6,12,川田将雅,58,ダ,1000,不
2022105031,ジャルディニエ,2024-06-08,京都,5,2歳新馬,12,5,5,10.7,6,2,坂井瑠星,55,芝,1600,良
2022105031,ジャルディニエ,2024-07-06,小倉,2,2歳未勝利,9,4,4,1.3,1,1,坂井瑠星,55,芝,1800,良
2022105031,ジャルディニエ,2024-09-07,中山,9,アスター賞(1勝クラス),8,1,1,1.8,1,1,戸崎圭太,55,芝,1600,良
2022105031,ジャルディニエ,2024-12-08,京都,11,阪神ジュベナイルF(GI),18,2,4,54.7,13,10,北村友一,55,芝,1600,良
2022105031,ジャルディニエ,2025-01-12,中山,11,フェアリーS(GIII),16,2,3,14.0,7,11,斎藤新,55,芝,1600,良
2022105031,ジャルディニエ,2025-03-22,中山,11,フラワーC(GIII),16,5,9,62.4,11,11,北村宏司,55,芝,1800,良
2022105031,ジャルディニエ,2025-10-13,京都,10,堀川特別(2勝クラス),10,7,7,38.0,7,6,吉村誠之,54,芝,1800,良
2022105031,ジャルディニエ,2025-11-15,京都,8,3歳以上2勝クラス,7,2,2,6.1,3,5,Ｃ．デム,54,芝,2000,良
2022105031,ジャルディニエ,2026-01-11,中山,9,初咲賞(2勝クラス),13,3,3,17.3,6,7,西村淳也,55,芝,1800,良
2022105031,ジャルディニエ,2026-03-07,阪神,8,4歳以上2勝クラス,10,7,8,15.7,5,7,西村淳也,56,芝,1600,良
2022105031,ジャルディニエ,2026-05-02,新潟,10,胎内川特別(2勝クラス),15,7,13,79.8,15,8,亀田温心,56,芝,1800,稍
2022105031,ジャルディニエ,2026-07-05,小倉,10,九州スポーツ杯(2勝クラス),16,4,8,26.2,9,10,吉村誠之,56,ダ,1700,不
2021102755,ジョウゲンノツキ,2023-06-17,東京,5,2歳新馬,16,1,2,7.1,3,11,三浦皇成,55,芝,1400,良
2021102755,ジョウゲンノツキ,2023-08-13,小倉,8,フェニックス賞(OP),11,6,7,8.8,2,4,坂井瑠星,55,芝,1200,良
2021102755,ジョウゲンノツキ,2023-09-03,小倉,2,2歳未勝利,14,8,14,28.0,9,5,坂井瑠星,55,芝,1200,良
2021102755,ジョウゲンノツキ,2023-12-10,中京,4,2歳未勝利,16,3,6,12.6,5,4,斎藤新,55,芝,1400,良
2021102755,ジョウゲンノツキ,2023-12-17,中京,4,2歳未勝利,16,1,2,24.7,7,2,松若風馬,55,芝,1400,良
2021102755,ジョウゲンノツキ,2024-01-28,京都,6,3歳未勝利,10,1,1,7.8,5,7,西村淳也,55,芝,1600,良
2021102755,ジョウゲンノツキ,2024-02-24,阪神,1,3歳未勝利,16,2,4,7.1,5,2,松若風馬,55,ダ,1400,稍
2021102755,ジョウゲンノツキ,2024-03-16,阪神,1,3歳未勝利,16,3,6,3.0,2,2,松若風馬,55,ダ,1400,良
2021102755,ジョウゲンノツキ,2024-04-07,阪神,1,3歳未勝利,16,8,15,1.9,1,1,モレイラ,55,ダ,1400,良
2021102755,ジョウゲンノツキ,2024-08-25,中京,6,3歳以上1勝クラス,15,1,2,20.9,8,15,西村淳也,53,ダ,1400,良
2021102755,ジョウゲンノツキ,2024-09-16,中京,6,3歳以上1勝クラス,15,3,4,13.8,4,9,吉村誠之,51,ダ,1400,稍
2021102755,ジョウゲンノツキ,2024-10-05,新潟,12,3歳以上1勝クラス,18,6,11,41.3,11,2,横山琉人,54,芝,1000,良
2021102755,ジョウゲンノツキ,2024-10-26,新潟,12,3歳以上1勝クラス,12,6,7,4.6,3,2,横山琉人,54,芝,1000,良
2021102755,ジョウゲンノツキ,2024-12-15,京都,7,3歳以上1勝クラス,16,3,6,8.8,5,9,松山弘平,55,ダ,1400,良
2021102755,ジョウゲンノツキ,2025-03-15,中京,12,4歳以上1勝クラス,18,2,3,46.3,10,6,松若風馬,56,芝,1400,良
2021102755,ジョウゲンノツキ,2025-04-27,福島,7,4歳以上1勝クラス,14,5,8,5.1,2,4,秋山稔樹,56,芝,1200,良
2021102755,ジョウゲンノツキ,2025-05-18,新潟,9,飛竜特別(1勝クラス),16,2,3,11.3,6,11,丹内祐次,56,芝,1000,良
2021102755,ジョウゲンノツキ,2025-10-18,新潟,12,3歳以上1勝クラス,18,1,2,41.8,10,14,斎藤新,56,芝,1000,良
2021102755,ジョウゲンノツキ,2025-11-26,名古屋,10,JRA交流競走名古屋,12,4,4,5.1,2,1,田山旺佑,52,ダ,1500,良
2021102755,ジョウゲンノツキ,2026-02-15,小倉,10,大濠特別(2勝クラス),18,8,18,80.9,18,13,小沢大仁,51,芝,1200,稍
2021102755,ジョウゲンノツキ,2026-02-28,中山,8,4歳以上2勝クラス,13,6,9,290.4,11,12,松岡正海,56,芝,1600,良
2021102755,ジョウゲンノツキ,2026-05-23,京都,12,オーストラリアT(2勝クラス),14,1,1,105.3,11,10,松若風馬,56,ダ,1400,稍
2021102755,ジョウゲンノツキ,2026-06-14,阪神,9,武庫川特別(2勝クラス),13,2,2,48.4,12,5,田口貫太,56,芝,1200,良
2021102755,ジョウゲンノツキ,2026-07-05,福島,9,郡山特別(2勝クラス),16,8,16,61.7,12,6,松岡正海,52,芝,1200,良
2023107165,ジワタネホ,2026-01-25,中山,5,3歳新馬,18,7,13,78.4,11,15,三浦皇成,55,芝,2000,良
2023107165,ジワタネホ,2026-05-03,新潟,5,3歳未勝利,14,4,5,27.0,9,3,小林美駒,52,芝,1800,良
2023107165,ジワタネホ,2026-05-24,新潟,5,3歳未勝利,16,1,2,8.3,4,2,小林美駒,52,芝,2000,稍
2023107165,ジワタネホ,2026-08-01,新潟,11,3歳未勝利,18,1,2,4.9,2,1,三浦皇成,55,芝,2000,良
2020100681,ジーニアスバローズ,2022-11-20,阪神,4,2歳新馬,9,1,1,10.9,5,2,レーン,55,芝,2000,稍
2020100681,ジーニアスバローズ,2022-12-10,中京,5,2歳未勝利,13,8,13,3.6,2,9,浜中俊,55,芝,2000,良
2020100681,ジーニアスバローズ,2023-03-11,阪神,5,3歳未勝利,15,3,5,6.0,3,2,池添謙一,56,芝,2000,良
2020100681,ジーニアスバローズ,2023-04-08,阪神,4,3歳未勝利,15,3,5,5.2,3,2,池添謙一,56,芝,2000,重
2020100681,ジーニアスバローズ,2023-04-30,京都,4,3歳未勝利,10,2,2,1.9,1,1,レーン,56,芝,2000,稍
2020100681,ジーニアスバローズ,2023-07-22,札幌,9,北辰特別(1勝クラス),9,6,6,6.0,3,8,池添謙一,55,芝,1800,良
2020100681,ジーニアスバローズ,2023-08-05,札幌,9,利尻特別(1勝クラス),9,5,5,7.9,4,5,池添謙一,55,芝,2000,稍
2020100681,ジーニアスバローズ,2023-09-02,札幌,7,3歳以上1勝クラス,15,8,15,20.8,8,10,松山弘平,55,芝,2000,稍
2020100681,ジーニアスバローズ,2024-01-06,京都,12,4歳以上1勝クラス,17,2,3,19.0,6,10,菱田裕二,57,芝,1800,良
2020100681,ジーニアスバローズ,2024-01-28,小倉,12,4歳以上1勝クラス,13,8,13,8.1,4,9,幸英明,57,芝,2000,稍
2020100681,ジーニアスバローズ,2024-04-07,阪神,6,4歳以上1勝クラス,9,8,9,4.9,4,2,岩田望来,58,ダ,1800,良
2020100681,ジーニアスバローズ,2024-04-28,京都,7,4歳以上1勝クラス,10,8,9,1.4,1,1,岩田望来,58,ダ,1900,良
2020100681,ジーニアスバローズ,2024-05-19,京都,9,愛宕特別(2勝クラス),16,7,13,5.0,2,2,西村淳也,58,ダ,1800,良
2020100681,ジーニアスバローズ,2024-07-20,小倉,10,天草特別(2勝クラス),16,7,13,2.7,1,6,西村淳也,58,ダ,1700,重
2020100681,ジーニアスバローズ,2024-09-08,中京,9,天竜川特別(2勝クラス),14,1,1,8.3,3,7,岩田望来,58,ダ,1800,良
2020100681,ジーニアスバローズ,2024-11-23,京都,9,栂尾特別(2勝クラス),13,7,11,8.6,4,3,西村淳也,58,ダ,1800,良
2020100681,ジーニアスバローズ,2024-12-15,京都,9,小倉山特別(2勝クラス),11,6,6,4.7,3,4,ムーア,58,ダ,1800,良
2020100681,ジーニアスバローズ,2025-02-22,京都,12,4歳以上2勝クラス,14,5,7,4.2,1,6,岩田望来,58,ダ,1800,良
2020100681,ジーニアスバローズ,2025-03-22,阪神,12,4歳以上2勝クラス,16,7,13,4.6,2,2,松山弘平,58,ダ,1800,良
2020100681,ジーニアスバローズ,2025-04-13,阪神,8,天神橋特別(2勝クラス),12,7,10,3.5,2,11,松山弘平,58,ダ,1800,稍
2020100681,ジーニアスバローズ,2025-06-22,阪神,12,3歳以上2勝クラス,15,5,8,14.0,6,5,吉村誠之,57,ダ,1800,良
2020100681,ジーニアスバローズ,2025-07-19,小倉,10,熊本城特別(2勝クラス),16,5,10,18.9,8,10,吉村誠之,58,ダ,1700,重
2020100681,ジーニアスバローズ,2025-11-01,京都,8,3歳以上2勝クラス,15,3,4,62.3,13,6,高田潤,58,ダ,1800,重
2020100681,ジーニアスバローズ,2025-11-29,京都,9,栂尾特別(2勝クラス),13,4,4,11.3,5,9,高田潤,56,ダ,1800,良
2020100681,ジーニアスバローズ,2025-12-07,阪神,9,豊中特別(2勝クラス),13,4,5,6.2,3,11,Ｍ．デム,58,ダ,1800,良
2020100681,ジーニアスバローズ,2026-01-10,京都,10,鹿ケ谷特別(2勝クラス),18,7,15,56.7,14,18,吉村誠之,55,芝,1200,良
2020100681,ジーニアスバローズ,2026-06-21,阪神,12,3歳以上2勝クラス,13,4,5,45.3,10,4,松若風馬,58,ダ,1800,重
2020103632,スイミーユニバンス,2023-01-22,中京,6,3歳新馬,16,3,6,4.1,1,2,福永祐一,54,芝,1600,良
2020103632,スイミーユニバンス,2023-04-23,京都,1,3歳未勝利,18,1,1,2.8,2,3,北村友一,54,芝,1800,良
2020103632,スイミーユニバンス,2023-05-21,京都,4,3歳未勝利,18,7,14,4.2,2,10,北村友一,54,芝,1600,良
2020103632,スイミーユニバンス,2023-07-02,中京,4,3歳未勝利,18,7,15,3.2,1,1,永島まな,51,芝,1400,稍
2020103632,スイミーユニバンス,2023-10-21,新潟,7,3歳以上1勝クラス,18,8,18,5.2,3,15,永島まな,51,芝,1400,重
2020103632,スイミーユニバンス,2024-01-27,京都,12,4歳以上1勝クラス,18,6,12,16.7,8,16,秋山真一,55,芝,1400,良
2020103632,スイミーユニバンス,2024-06-16,函館,8,3歳以上1勝クラス,14,8,13,21.9,6,1,小林美駒,52,芝,1200,良
2020103632,スイミーユニバンス,2024-06-30,函館,10,立待岬特別(2勝クラス),15,4,8,6.2,2,6,武豊,56,芝,1200,良
2020103632,スイミーユニバンス,2024-08-04,札幌,10,札幌スポニチ賞(2勝クラス),16,2,4,6.8,4,11,武豊,56,芝,1200,稍
2020103632,スイミーユニバンス,2024-08-31,札幌,12,マレーシアC(2勝クラス),16,4,7,37.7,10,2,池添謙一,56,芝,1200,重
2020103632,スイミーユニバンス,2024-10-27,新潟,10,清津峡特別(2勝クラス),16,8,16,14.0,5,9,小沢大仁,56,芝,1200,良
2020103632,スイミーユニバンス,2025-03-01,小倉,10,西日本新聞杯(2勝クラス),18,8,17,44.6,13,13,小林美駒,56,芝,1200,良
2020103632,スイミーユニバンス,2025-04-26,福島,11,福島中央テレビ杯(2勝クラス),15,8,16,53.2,13,6,藤懸貴志,53,芝,1200,良
2020103632,スイミーユニバンス,2025-06-15,函館,11,函館日刊スポーツ杯(2勝クラス),14,3,4,18.6,8,11,松若風馬,56,芝,1200,良
2020103632,スイミーユニバンス,2025-06-29,函館,12,湯の川温泉特別(2勝クラス),14,7,11,24.5,8,5,藤岡佑介,56,芝,1200,良
2020103632,スイミーユニバンス,2025-07-20,函館,9,潮騒特別(2勝クラス),13,8,12,33.7,9,9,藤岡佑介,56,芝,1200,良
2020103632,スイミーユニバンス,2025-08-16,札幌,10,知床特別(2勝クラス),13,8,13,18.1,8,2,藤岡佑介,56,芝,1200,良
2020103632,スイミーユニバンス,2025-09-06,札幌,10,札幌スポニチ賞(2勝クラス),16,1,1,9.5,5,12,池添謙一,56,芝,1200,良
2020103632,スイミーユニバンス,2025-12-07,阪神,12,3歳以上2勝クラス,17,4,8,178.4,17,5,和田竜二,56,芝,1400,良
2020103632,スイミーユニバンス,2026-01-04,京都,12,4歳以上2勝クラス,12,7,9,24.9,9,7,和田竜二,56,芝,1400,良
2020103632,スイミーユニバンス,2026-02-28,阪神,12,4歳以上2勝クラス,18,8,16,42.0,9,6,池添謙一,56,芝,1400,良
2020103632,スイミーユニバンス,2026-03-28,中京,12,フィリピンT(2勝クラス),16,2,4,23.6,9,16,永島まな,56,芝,1400,良
2020103632,スイミーユニバンス,2026-06-20,函館,11,STV杯(2勝クラス),16,3,5,69.2,15,15,小林美駒,56,芝,1200,良
2020103632,スイミーユニバンス,2026-07-05,函館,9,立待岬特別(2勝クラス),16,1,1,121.3,14,7,鮫島克駿,56,芝,1200,良
2020103632,スイミーユニバンス,2026-08-02,札幌,12,苫小牧特別(2勝クラス),14,8,13,24.0,9,7,鮫島克駿,56,芝,1200,良
2020103632,スイミーユニバンス,2026-08-30,札幌,10,HBC賞(2勝クラス),16,3,5,39.1,11,3,鮫島克駿,53,芝,1200,良
2022101272,スタニングヴュー,2025-02-02,小倉,5,3歳新馬,17,1,2,141.0,17,15,小林脩斗,53,芝,1200,重
2022101272,スタニングヴュー,2025-02-16,小倉,1,3歳未勝利,16,7,14,219.4,16,9,小林脩斗,53,ダ,1700,良
2022101272,スタニングヴュー,2025-05-25,東京,5,3歳未勝利,17,5,9,173.6,12,5,伊藤工真,55,芝,1800,稍
2022101272,スタニングヴュー,2025-06-07,東京,4,3歳未勝利,14,7,11,26.7,5,8,伊藤工真,55,芝,2000,良
2022101272,スタニングヴュー,2025-07-26,新潟,5,3歳未勝利,18,7,15,25.8,6,5,伊藤工真,55,芝,1800,良
2022101272,スタニングヴュー,2025-08-23,新潟,4,3歳未勝利,16,2,4,15.8,3,4,伊藤工真,55,芝,1800,良
2022101272,スタニングヴュー,2025-09-06,中山,7,3歳未勝利,18,6,11,9.7,5,2,伊藤工真,55,芝,2000,良
2022101272,スタニングヴュー,2025-11-16,福島,12,3歳以上1勝クラス,16,7,14,24.0,9,12,伊藤工真,54,芝,2000,良
2022101272,スタニングヴュー,2026-04-12,福島,6,4歳以上1勝クラス,15,6,10,27.2,9,5,佐藤翔馬,53,芝,2000,良
2022101272,スタニングヴュー,2026-04-25,東京,8,4歳以上1勝クラス,8,3,3,40.5,7,1,佐藤翔馬,53,芝,1600,良
2022101272,スタニングヴュー,2026-05-23,東京,7,4歳以上1勝クラス,18,1,2,28.1,7,9,佐藤翔馬,53,芝,1600,良
2022101272,スタニングヴュー,2026-08-08,新潟,10,3歳以上1勝クラス,13,6,9,68.8,8,5,伊藤工真,56,芝,1600,良
2023105545,スターオブロンドン,2025-06-21,函館,6,2歳新馬,9,1,1,4.4,2,1,古川奈穂,52,ダ,1000,良
2023105545,スターオブロンドン,2025-07-20,函館,11,函館2歳S(GIII),12,7,10,18.4,7,5,古川奈穂,55,芝,1200,良
2023105545,スターオブロンドン,2025-08-23,札幌,9,クローバー賞(OP),9,5,5,2.3,1,4,坂井瑠星,55,芝,1500,良
2023105545,スターオブロンドン,2025-08-30,札幌,9,すずらん賞(OP),13,5,7,5.5,2,6,古川奈穂,55,芝,1200,稍
2023105545,スターオブロンドン,2025-11-16,福島,9,福島2歳S(OP),16,7,13,54.8,15,7,古川奈穂,56,芝,1200,良
2023105545,スターオブロンドン,2025-11-22,京都,9,秋明菊賞(1勝クラス),9,4,4,17.6,6,4,坂井瑠星,56,芝,1400,良
2023105545,スターオブロンドン,2025-12-21,中京,9,寒椿賞(1勝クラス),16,5,10,47.3,10,2,古川奈穂,56,ダ,1400,稍
2023105545,スターオブロンドン,2026-01-11,京都,5,3歳1勝クラス,10,1,1,5.3,3,5,古川奈穂,54,ダ,1400,良
2023105545,スターオブロンドン,2026-02-07,東京,7,3歳1勝クラス,14,3,3,8.4,4,6,菅原明良,57,ダ,1400,良
2023105545,スターオブロンドン,2026-03-21,阪神,6,3歳1勝クラス,16,8,15,11.1,5,4,坂井瑠星,57,ダ,1400,良
2023105545,スターオブロンドン,2026-04-12,阪神,5,3歳1勝クラス,16,6,11,5.5,3,9,坂井瑠星,57,ダ,1400,稍
2023105545,スターオブロンドン,2026-08-29,札幌,8,3歳以上1勝クラス,10,7,9,7.2,5,1,小沢大仁,55,ダ,1700,稍
2021110075,スターチスブーケ,2023-12-17,阪神,4,2歳新馬,12,7,9,2.8,1,4,ムルザバ,55,ダ,1200,稍
2021110075,スターチスブーケ,2024-01-06,京都,1,3歳未勝利,16,6,12,5.0,3,12,岩田望来,55,ダ,1800,良
2021110075,スターチスブーケ,2024-03-02,小倉,3,3歳未勝利,14,5,8,9.0,4,5,吉村誠之,52,ダ,1000,重
2021110075,スターチスブーケ,2024-03-23,阪神,3,3歳未勝利,16,6,11,28.6,5,10,吉村誠之,52,ダ,1400,不
2021110075,スターチスブーケ,2024-06-20,園田,8,JRA交流笠形山特別,9,7,7,1.5,1,1,吉村誠之,51,ダ,1400,稍
2021110075,スターチスブーケ,2024-07-07,小倉,8,3歳以上1勝クラス,14,7,11,49.2,12,7,幸英明,53,ダ,1000,良
2021110075,スターチスブーケ,2024-09-08,中京,12,3歳以上1勝クラス,13,7,11,21.8,7,9,鮫島克駿,54,ダ,1400,良
2021110075,スターチスブーケ,2024-09-14,中京,12,3歳以上1勝クラス,15,8,14,41.4,12,10,吉村誠之,51,ダ,1400,良
2021110075,スターチスブーケ,2024-10-20,新潟,12,3歳以上1勝クラス,13,4,4,104.7,12,5,斎藤新,55,ダ,1200,稍
2021110075,スターチスブーケ,2024-11-03,福島,12,3歳以上1勝クラス,10,6,7,17.0,5,9,河原田菜,51,ダ,1150,重
2021110075,スターチスブーケ,2025-02-02,小倉,3,4歳以上1勝クラス,14,8,13,46.2,12,8,河原田菜,52,ダ,1000,不
2021110075,スターチスブーケ,2025-03-22,中京,12,4歳以上1勝クラス,16,1,1,62.6,12,7,丸山元気,56,ダ,1200,良
2021110075,スターチスブーケ,2025-05-03,東京,7,4歳以上1勝クラス,16,7,14,52.2,12,12,石橋脩,56,ダ,1400,重
2021110075,スターチスブーケ,2025-05-18,新潟,12,4歳以上1勝クラス,15,1,1,63.0,13,8,石田拓郎,53,ダ,1200,良
2021110075,スターチスブーケ,2025-07-19,福島,12,3歳以上1勝クラス,11,7,8,52.0,8,8,石田拓郎,53,ダ,1150,良
2021110075,スターチスブーケ,2025-07-26,新潟,10,3歳以上1勝クラス,14,6,9,127.9,12,8,石田拓郎,53,ダ,1200,良
2021110075,スターチスブーケ,2025-10-25,新潟,9,稲光特別(1勝クラス),18,8,18,13.7,7,12,丸山元気,56,芝,1000,良
2021110075,スターチスブーケ,2025-11-09,福島,12,3歳以上1勝クラス,16,8,16,130.7,16,11,丸山元気,56,芝,1200,良
2021110075,スターチスブーケ,2026-02-08,小倉,3,4歳以上1勝クラス,13,5,7,31.9,10,9,菊沢一樹,56,ダ,1000,良
2021110075,スターチスブーケ,2026-03-21,中山,12,4歳以上1勝クラス,16,7,13,174.3,13,11,菊沢一樹,56,ダ,1200,良
2021110075,スターチスブーケ,2026-05-09,新潟,7,4歳以上1勝クラス,15,3,5,209.8,14,10,菊沢一樹,56,ダ,1200,稍
2021110075,スターチスブーケ,2026-05-31,東京,6,4歳以上1勝クラス,11,1,1,142.7,9,5,菊沢一樹,56,芝,1800,良
2021110075,スターチスブーケ,2026-06-21,東京,8,3歳以上1勝クラス,16,2,4,256.1,14,13,菊沢一樹,56,芝,1600,稍
2021110075,スターチスブーケ,2026-08-15,新潟,8,三国特別(1勝クラス),15,7,13,223.0,14,7,丸田恭介,56,ダ,1800,良
2021102312,ストレイトアスク,2023-10-21,京都,4,2歳新馬,18,2,3,7.0,5,18,藤岡佑介,55,芝,1400,良
2021102312,ストレイトアスク,2024-03-10,中京,3,3歳未勝利,18,5,9,72.2,11,2,西塚洸二,53,芝,1400,良
2021102312,ストレイトアスク,2024-03-23,中京,2,3歳未勝利,18,4,7,10.1,5,1,西塚洸二,53,芝,1400,重
2021102312,ストレイトアスク,2024-05-05,京都,10,橘S(L),10,6,7,,,取,西塚洸二,55,芝,1400,良
2021102312,ストレイトアスク,2024-08-24,中京,12,3歳以上1勝クラス,18,5,10,16.9,10,13,西塚洸二,52,芝,1400,良
2021102312,ストレイトアスク,2024-09-16,中京,8,3歳以上1勝クラス,18,8,16,11.3,5,5,西塚洸二,53,芝,1400,良
2021102312,ストレイトアスク,2024-10-06,新潟,7,3歳以上1勝クラス,18,4,7,8.5,3,9,西塚洸二,53,芝,1400,良
2021102312,ストレイトアスク,2025-01-12,中京,12,4歳以上1勝クラス,18,5,9,14.7,6,9,小沢大仁,54,芝,1400,良
2021102312,ストレイトアスク,2025-02-02,京都,12,4歳以上1勝クラス,17,5,9,15.6,7,17,戸崎圭太,56,芝,1400,稍
2021102312,ストレイトアスク,2025-06-22,函館,8,3歳以上1勝クラス,11,8,11,29.7,8,3,小林美駒,52,芝,1200,重
2021102312,ストレイトアスク,2025-08-10,札幌,7,3歳以上1勝クラス,15,8,15,9.5,6,7,小林美駒,53,芝,1200,良
2021102312,ストレイトアスク,2025-09-07,札幌,8,3歳以上1勝クラス,16,6,11,51.4,10,4,荻野琢真,56,芝,1200,稍
2021102312,ストレイトアスク,2025-10-04,京都,7,3歳以上1勝クラス,18,1,2,18.8,7,2,河原田菜,52,芝,1200,重
2021102312,ストレイトアスク,2025-10-25,新潟,12,3歳以上1勝クラス,17,8,16,9.3,5,15,西塚洸二,55,芝,1400,良
2021102312,ストレイトアスク,2025-12-14,中京,12,3歳以上1勝クラス,16,5,10,23.5,9,7,河原田菜,52,芝,1600,稍
2021102312,ストレイトアスク,2026-05-03,新潟,7,4歳以上1勝クラス,16,2,4,13.8,6,14,和田陽希,53,芝,1400,良
2021102312,ストレイトアスク,2026-06-28,函館,8,3歳以上1勝クラス,13,2,2,26.1,7,4,小林美駒,53,芝,1200,良
2021102312,ストレイトアスク,2026-07-04,函館,7,3歳以上1勝クラス,10,8,10,12.6,4,1,小林美駒,53,芝,1200,良
2021102312,ストレイトアスク,2026-08-15,札幌,10,知床特別(2勝クラス),16,7,14,9.3,2,3,北村友一,56,芝,1200,良
2019103825,スペシャルナンバー,2022-07-16,福島,3,3歳未勝利,15,3,5,77.5,13,9,津村明秀,56,ダ,1700,不
2019103825,スペシャルナンバー,2022-08-14,新潟,2,3歳未勝利,15,5,9,7.4,4,11,津村明秀,56,ダ,1800,不
2019103825,スペシャルナンバー,2022-11-06,盛岡,2,C2九組,8,3,3,1.3,1,1,関本淳,56,ダ,1200,良
2019103825,スペシャルナンバー,2022-11-20,盛岡,4,C2六組,10,4,4,1.0,1,1,関本淳,56,ダ,1200,良
2019103825,スペシャルナンバー,2023-02-19,阪神,8,4歳以上1勝クラス,15,3,5,3.6,1,3,鮫島克駿,58,ダ,1200,稍
2019103825,スペシャルナンバー,2023-03-19,中京,12,4歳以上1勝クラス,16,5,9,3.6,1,2,鮫島克駿,58,ダ,1200,稍
2019103825,スペシャルナンバー,2023-07-02,中京,12,3歳以上1勝クラス,16,4,8,4.0,2,4,藤岡康太,58,ダ,1200,稍
2019103825,スペシャルナンバー,2023-07-29,新潟,8,3歳以上1勝クラス,13,6,10,3.5,2,1,団野大成,58,ダ,1200,良
2019103825,スペシャルナンバー,2023-08-26,新潟,9,岩室温泉特別(2勝クラス),15,6,11,5.3,2,11,菅原明良,58,ダ,1200,良
2019103825,スペシャルナンバー,2023-10-01,阪神,12,3歳以上2勝クラス,16,2,4,22.8,9,11,藤岡康太,58,ダ,1400,重
2019103825,スペシャルナンバー,2024-06-23,京都,12,リボン賞(2勝クラス),16,3,5,160.4,16,7,西村淳也,58,ダ,1200,不
2019103825,スペシャルナンバー,2024-08-24,中京,10,清洲特別(2勝クラス),15,2,3,16.3,9,3,西村淳也,58,ダ,1200,良
2019103825,スペシャルナンバー,2024-09-22,中京,12,3歳以上2勝クラス,10,2,2,15.8,4,4,西村淳也,58,ダ,1200,良
2019103825,スペシャルナンバー,2024-10-19,京都,12,3歳以上2勝クラス,14,8,15,5.6,3,3,西村淳也,58,ダ,1200,稍
2019103825,スペシャルナンバー,2024-12-14,京都,9,深草特別(2勝クラス),16,6,11,20.1,7,6,岩田望来,58,ダ,1200,良
2019103825,スペシャルナンバー,2025-01-05,中京,8,4歳以上2勝クラス,16,4,7,7.8,6,4,西村淳也,58,ダ,1200,良
2019103825,スペシャルナンバー,2025-01-19,中京,10,豊川特別(2勝クラス),16,4,8,24.2,8,9,西村淳也,58,ダ,1200,良
2019103825,スペシャルナンバー,2025-05-04,東京,12,4歳以上2勝クラス,16,4,7,30.1,9,15,ディー,58,ダ,1300,稍
2019103825,スペシャルナンバー,2025-08-02,中京,8,浜松特別(2勝クラス),14,2,2,57.3,8,5,吉村誠之,58,ダ,1200,良
2019103825,スペシャルナンバー,2025-08-30,中京,9,清洲特別(2勝クラス),16,6,11,22.4,7,12,岩田康誠,58,ダ,1200,良
2019103825,スペシャルナンバー,2025-09-27,阪神,12,3歳以上2勝クラス,16,7,13,29.1,7,10,吉村誠之,57,ダ,1200,良
2019103825,スペシャルナンバー,2025-10-12,京都,9,円山特別(2勝クラス),14,6,9,104.7,12,6,斎藤新,58,ダ,1200,良
2019103825,スペシャルナンバー,2025-11-15,京都,9,深草特別(2勝クラス),15,3,4,49.7,11,3,鮫島克駿,58,ダ,1200,良
2019103825,スペシャルナンバー,2025-12-14,阪神,8,3歳以上2勝クラス,11,7,8,11.9,5,2,西村淳也,58,ダ,1200,良
2019103825,スペシャルナンバー,2026-01-05,京都,8,4歳以上2勝クラス,15,8,15,8.4,6,3,鮫島克駿,58,ダ,1200,良
2019103825,スペシャルナンバー,2026-01-24,京都,8,4歳以上2勝クラス,15,3,4,13.1,7,1,西村淳也,58,ダ,1200,良
2020106987,スムースベルベット,2022-07-02,福島,6,2歳新馬,12,5,6,3.2,2,7,嶋田純次,54,ダ,1150,良
2020106987,スムースベルベット,2022-07-17,福島,2,2歳未勝利,11,7,9,7.5,4,1,嶋田純次,54,芝,1200,稍
2020106987,スムースベルベット,2022-08-06,新潟,9,ダリア賞(OP),11,3,3,41.8,9,5,嶋田純次,54,芝,1400,良
2020106987,スムースベルベット,2022-12-17,中京,9,報知杯中京2歳S(OP),10,4,4,108.4,9,5,嶋田純次,54,芝,1200,良
2020106987,スムースベルベット,2023-01-08,中山,9,朱竹賞(1勝クラス),12,5,6,7.7,4,5,嶋田純次,54,芝,1200,良
2020106987,スムースベルベット,2023-01-28,東京,10,クロッカスS(L),10,8,9,34.9,8,5,嶋田純次,54,芝,1400,良
2020106987,スムースベルベット,2023-03-12,中山,11,アネモネS(L),16,6,11,126.8,12,12,嶋田純次,54,芝,1600,良
2020106987,スムースベルベット,2023-03-25,中山,5,3歳1勝クラス,11,3,3,6.3,3,2,嶋田純次,54,芝,1200,不
2020106987,スムースベルベット,2023-04-15,福島,9,雪うさぎ賞(1勝クラス),16,5,10,5.5,2,5,黛弘人,54,芝,1200,稍
2020106987,スムースベルベット,2023-07-15,福島,8,3歳以上1勝クラス,14,1,1,4.5,2,7,嶋田純次,53,芝,1200,稍
2020106987,スムースベルベット,2023-07-23,福島,12,3歳以上1勝クラス,13,3,4,10.9,5,1,内田博幸,53,芝,1200,良
2020106987,スムースベルベット,2023-09-30,中山,10,勝浦特別(2勝クラス),16,5,10,27.0,9,14,内田博幸,54,芝,1200,良
2020106987,スムースベルベット,2023-11-19,東京,12,3歳以上2勝クラス,18,6,11,123.3,15,7,内田博幸,55,芝,1400,良
2020106987,スムースベルベット,2024-01-13,中山,12,4歳以上2勝クラス,15,1,1,17.9,8,2,内田博幸,56,芝,1200,良
2020106987,スムースベルベット,2024-02-10,小倉,10,大濠特別(2勝クラス),14,8,13,5.3,3,7,佐々木大,55,芝,1200,良
2020106987,スムースベルベット,2024-03-09,中山,12,4歳以上2勝クラス,13,8,13,11.4,5,2,内田博幸,56,芝,1200,稍
2020106987,スムースベルベット,2024-04-13,中山,8,4歳以上2勝クラス,12,5,5,3.1,2,11,内田博幸,56,芝,1200,良
2020106987,スムースベルベット,2024-04-21,福島,11,福島中央テレビ杯(2勝クラス),16,8,15,14.3,7,16,杉原誠人,56,芝,1200,良
2020106987,スムースベルベット,2024-06-30,函館,10,立待岬特別(2勝クラス),15,2,3,19.1,10,5,黛弘人,56,芝,1200,良
2020106987,スムースベルベット,2024-08-04,札幌,10,札幌スポニチ賞(2勝クラス),16,2,3,16.5,8,16,黛弘人,56,芝,1200,稍
2020106987,スムースベルベット,2024-12-21,中山,12,クリスマスC(2勝クラス),16,8,15,68.7,11,14,嶋田純次,56,芝,1200,良
2020106987,スムースベルベット,2025-08-03,札幌,10,苫小牧特別(2勝クラス),13,1,1,202.0,13,9,黛弘人,56,芝,1200,良
2020106987,スムースベルベット,2025-08-16,札幌,10,知床特別(2勝クラス),13,4,4,62.5,10,9,黛弘人,56,芝,1200,良
2020106987,スムースベルベット,2025-11-09,東京,8,3歳以上2勝クラス,16,7,13,97.9,14,12,松岡正海,56,ダ,1300,稍
2020106987,スムースベルベット,2025-12-27,中山,9,ベストウィッシュC(2勝クラス),16,8,15,295.3,14,2,嶋田純次,56,芝,1200,良
2020106987,スムースベルベット,2026-01-17,中山,12,4歳以上2勝クラス,16,1,2,23.0,10,3,嶋田純次,56,芝,1200,良
2020106987,スムースベルベット,2026-02-15,小倉,10,大濠特別(2勝クラス),18,7,13,10.5,5,7,嶋田純次,54,芝,1200,稍
2020106987,スムースベルベット,2026-03-08,中山,12,4歳以上2勝クラス,16,5,10,18.2,8,8,嶋田純次,56,芝,1200,良
2020106987,スムースベルベット,2026-04-18,中山,9,袖ケ浦特別(2勝クラス),12,7,9,12.7,5,7,嶋田純次,56,芝,1200,良
2020106987,スムースベルベット,2026-05-03,東京,12,4歳以上2勝クラス,13,1,1,63.6,11,8,柴田大知,56,ダ,1300,稍
2020106987,スムースベルベット,2026-06-20,函館,11,STV杯(2勝クラス),16,5,9,33.8,10,8,長浜鴻緒,56,芝,1200,良
2020106987,スムースベルベット,2026-08-15,札幌,10,知床特別(2勝クラス),16,3,5,14.9,6,4,黛弘人,56,芝,1200,良
2022105583,セイプリーズ,2024-11-03,京都,4,2歳新馬,14,3,4,16.1,7,2,古川吉洋,55,芝,1200,稍
2022105583,セイプリーズ,2024-11-17,京都,1,2歳未勝利,18,8,18,6.1,3,5,戸崎圭太,55,芝,1200,良
2022105583,セイプリーズ,2024-12-14,中京,4,2歳未勝利,18,8,16,44.0,9,3,古川吉洋,55,芝,1400,良
2022105583,セイプリーズ,2025-01-06,中京,6,3歳未勝利,18,6,12,26.7,8,4,古川吉洋,55,芝,1400,良
2022105583,セイプリーズ,2025-02-02,小倉,2,3歳未勝利,16,6,12,4.7,3,3,古川吉洋,55,芝,1200,重
2022105583,セイプリーズ,2025-03-01,小倉,2,3歳未勝利,18,7,14,4.4,3,1,古川吉洋,55,芝,1200,良
2022105583,セイプリーズ,2025-11-22,福島,12,3歳以上1勝クラス,16,8,16,19.8,10,4,古川吉洋,55,芝,1200,良
2022105583,セイプリーズ,2026-01-25,小倉,9,八幡特別(1勝クラス),16,1,1,6.2,2,6,松若風馬,56,芝,1200,良
2022105583,セイプリーズ,2026-02-22,小倉,12,4歳以上1勝クラス,18,3,6,10.6,4,8,古川吉洋,56,芝,1200,良
2022105583,セイプリーズ,2026-04-11,福島,12,4歳以上1勝クラス,16,5,10,6.5,3,3,古川吉洋,56,芝,1200,良
2022105583,セイプリーズ,2026-04-25,福島,7,4歳以上1勝クラス,12,8,12,4.8,2,4,上里直汰,53,芝,1200,良
2022105583,セイプリーズ,2026-05-24,新潟,8,4歳以上1勝クラス,16,3,6,5.3,2,1,上里直汰,53,芝,1200,稍
2022105583,セイプリーズ,2026-07-05,函館,9,立待岬特別(2勝クラス),16,7,14,50.4,12,8,古川吉洋,56,芝,1200,良
2022105583,セイプリーズ,2026-08-15,札幌,10,知床特別(2勝クラス),16,1,2,15.6,7,2,古川吉洋,56,芝,1200,良
2023104605,ゼンノゾンターク,2026-05-16,京都,5,3歳未勝利,14,3,3,119.6,9,6,国分恭介,57,芝,1800,良
2023104605,ゼンノゾンターク,2026-05-30,京都,4,3歳未勝利,18,7,15,27.4,8,8,国分恭介,57,芝,2400,良
2023104605,ゼンノゾンターク,2026-06-27,小倉,6,3歳未勝利,16,7,14,31.0,8,10,国分恭介,57,芝,2000,稍
2023104605,ゼンノゾンターク,2026-07-18,小倉,6,3歳未勝利,13,6,8,40.3,10,4,吉村誠之,57,ダ,1700,稍
2023104605,ゼンノゾンターク,2026-08-19,名古屋,10,名古屋CCラズベリー(3歳),12,4,4,2.6,2,1,国分恭介,57,ダ,1500,良
2022104854,ソニックステップ,2024-12-01,京都,6,2歳新馬,7,6,6,1.8,1,1,西村淳也,56,ダ,1800,良
2022104854,ソニックステップ,2025-02-02,小倉,8,3歳1勝クラス,8,6,6,2.6,1,4,鮫島克駿,57,ダ,1700,重
2022104854,ソニックステップ,2025-03-08,阪神,4,3歳1勝クラス,12,7,10,6.6,3,6,団野大成,57,ダ,1800,良
2022104854,ソニックステップ,2025-05-03,新潟,9,わらび賞(1勝クラス),15,2,3,20.1,9,7,小沢大仁,57,ダ,1800,稍
2022104854,ソニックステップ,2026-02-28,阪神,7,4歳以上1勝クラス,16,3,6,3.6,1,4,西村淳也,58,ダ,1400,良
2022104854,ソニックステップ,2026-03-14,阪神,12,4歳以上1勝クラス,8,7,7,2.2,1,2,西村淳也,58,ダ,1800,良
2022104854,ソニックステップ,2026-04-12,阪神,6,4歳以上1勝クラス,10,8,10,2.2,1,1,西村淳也,58,ダ,1800,稍
2022104854,ソニックステップ,2026-05-16,新潟,10,中ノ岳特別(2勝クラス),9,5,5,6.1,3,9,西村淳也,58,ダ,1800,良
2023104674,タイセイサーブル,2026-02-21,阪神,4,3歳新馬,14,7,11,14.9,6,6,鮫島克駿,57,ダ,1800,良
2023104674,タイセイサーブル,2026-03-08,阪神,3,3歳未勝利,14,6,10,28.9,8,3,鮫島克駿,57,ダ,1800,良
2023104674,タイセイサーブル,2026-04-05,阪神,2,3歳未勝利,12,8,13,2.5,1,1,鮫島克駿,57,ダ,1800,重
2023104674,タイセイサーブル,2026-05-02,新潟,9,わらび賞(1勝クラス),15,5,8,49.9,12,13,杉原誠人,57,ダ,1800,重
2023104674,タイセイサーブル,2026-08-15,中京,10,3歳以上1勝クラス,16,1,1,51.7,12,13,西村淳也,55,ダ,1400,良
2018102969,タイセイブレイズ,2020-10-04,中京,5,2歳新馬,16,4,7,87.1,12,3,岩田康誠,55,芝,1600,良
2018102969,タイセイブレイズ,2020-10-25,京都,2,2歳未勝利,18,4,8,32.7,11,4,岩田康誠,55,芝,1400,良
2018102969,タイセイブレイズ,2020-11-21,阪神,3,2歳未勝利,13,8,12,23.2,8,7,岩田康誠,55,芝,1400,良
2018102969,タイセイブレイズ,2021-06-12,中京,6,3歳未勝利,18,5,10,7.5,5,4,岩田望来,56,芝,1200,良
2018102969,タイセイブレイズ,2021-06-20,阪神,3,3歳未勝利,18,7,14,10.4,3,6,福永祐一,56,芝,1400,稍
2018102969,タイセイブレイズ,2021-07-24,函館,4,3歳未勝利,16,7,14,6.4,4,3,岩田康誠,56,芝,1200,良
2018102969,タイセイブレイズ,2021-08-07,函館,3,3歳未勝利,16,4,7,5.3,2,3,ルメール,56,芝,1200,良
2018102969,タイセイブレイズ,2021-08-21,札幌,4,3歳未勝利,16,4,7,22.0,8,3,吉田隼人,56,芝,1200,良
2018102969,タイセイブレイズ,2021-09-05,札幌,4,3歳未勝利,16,8,16,4.8,2,5,団野大成,56,芝,1200,稍
2018102969,タイセイブレイズ,2021-10-13,川崎,8,稲富大笑典(C1二),12,8,11,3.9,2,1,町田直希,56,ダ,1400,稍
2018102969,タイセイブレイズ,2021-11-09,川崎,9,初霜特別(B3),14,3,4,1.9,1,1,町田直希,56,ダ,1500,不
2018102969,タイセイブレイズ,2022-01-22,中京,12,4歳以上1勝クラス,13,6,8,20.1,6,3,武豊,56,ダ,1400,良
2018102969,タイセイブレイズ,2022-02-05,中京,6,4歳以上1勝クラス,16,1,2,3.3,1,1,岩田望来,57,ダ,1400,良
2018102969,タイセイブレイズ,2022-05-01,東京,12,4歳以上2勝クラス,16,5,10,16.3,7,10,横山琉人,54,ダ,1300,不
2018102969,タイセイブレイズ,2022-06-04,中京,12,3歳以上2勝クラス,16,3,5,76.1,10,8,西村淳也,57,ダ,1400,良
2018102969,タイセイブレイズ,2022-11-19,東京,7,3歳以上2勝クラス,16,3,5,22.8,7,6,マーカン,57,ダ,1400,良
2018102969,タイセイブレイズ,2022-12-18,阪神,9,高砂特別(2勝クラス),16,7,13,22.0,10,4,国分優作,57,ダ,1200,良
2018102969,タイセイブレイズ,2023-01-05,中京,7,4歳以上2勝クラス,16,7,14,4.8,2,2,岩田望来,58,ダ,1200,良
2018102969,タイセイブレイズ,2023-01-28,中京,8,4歳以上2勝クラス,15,7,13,4.4,2,3,岩田望来,58,ダ,1200,良
2018102969,タイセイブレイズ,2023-05-21,新潟,10,火打山特別(2勝クラス),14,8,14,5.8,2,1,菱田裕二,58,ダ,1200,良
2018102969,タイセイブレイズ,2023-06-11,阪神,10,安芸S(3勝クラス),16,5,10,62.3,12,中,鮫島良太,55,ダ,1200,重
2018102969,タイセイブレイズ,2023-10-01,中山,12,外房S(3勝クラス),16,3,5,28.7,9,3,西村淳也,55,ダ,1200,良
2018102969,タイセイブレイズ,2023-10-29,東京,12,秋嶺S(3勝クラス),16,7,13,19.1,7,2,西村淳也,58,ダ,1300,良
2018102969,タイセイブレイズ,2023-12-02,阪神,10,妙見山S(3勝クラス),16,4,7,6.4,2,1,西村淳也,58,ダ,1200,良
2018102969,タイセイブレイズ,2024-01-14,中山,10,ジャニュアリーS(OP),14,4,5,3.8,1,2,岩田望来,56,ダ,1200,良
2018102969,タイセイブレイズ,2024-02-18,京都,11,大和S(OP),13,8,12,3.0,1,2,Ｍ．デム,57,ダ,1200,良
2018102969,タイセイブレイズ,2024-05-04,新潟,11,越後S(OP),15,6,11,3.4,1,8,丹内祐次,58,ダ,1200,良
2018102969,タイセイブレイズ,2024-07-13,福島,11,安達太良S(OP),13,4,5,7.5,4,6,Ｍ．デム,57,ダ,1150,稍
2018102969,タイセイブレイズ,2024-12-15,中京,11,コールドムーンS(OP),15,3,5,20.2,8,3,西村淳也,58,ダ,1400,良
2018102969,タイセイブレイズ,2025-01-19,中山,10,ジャニュアリーS(OP),16,7,14,46.2,9,13,内田博幸,57,ダ,1200,良
2018102969,タイセイブレイズ,2025-07-20,福島,11,福島テレビ賞(OP),13,4,4,60.5,11,10,三浦皇成,57,ダ,1150,良
2018102969,タイセイブレイズ,2025-09-06,阪神,11,エニフS(L),14,3,3,89.1,12,5,国分恭介,55,ダ,1400,稍
2018102969,タイセイブレイズ,2025-10-26,東京,11,神無月S(OP),16,1,2,134.5,13,3,松岡正海,57,ダ,1400,不
2018102969,タイセイブレイズ,2025-11-23,東京,11,霜月S(OP),16,5,9,53.4,11,5,松岡正海,57,ダ,1400,良
2018102969,タイセイブレイズ,2026-05-23,東京,11,欅S(OP),16,6,11,47.4,8,8,松岡正海,57,ダ,1400,稍
2018102969,タイセイブレイズ,2026-06-20,阪神,11,天保山S(OP),15,4,7,118.2,13,9,田口貫太,57,ダ,1400,重
2022105844,タイヨウフレア,2024-09-08,中山,3,2歳新馬,16,1,2,67.8,14,8,原優介,54,ダ,1800,良
2022105844,タイヨウフレア,2024-09-22,中山,1,2歳未勝利,12,7,9,10.8,6,1,原優介,54,ダ,1800,良
2022105844,タイヨウフレア,2024-10-14,東京,9,プラタナス賞(1勝クラス),8,7,7,22.9,5,7,岩田望来,55,ダ,1600,良
2022105844,タイヨウフレア,2024-12-08,中山,7,2歳1勝クラス,13,6,8,112.1,11,10,原優介,54,ダ,1800,良
2022105844,タイヨウフレア,2025-03-15,中京,6,3歳1勝クラス,13,6,9,268.9,13,12,角田大和,55,ダ,1800,良
2022105844,タイヨウフレア,2025-04-06,中山,6,3歳1勝クラス,14,8,14,336.5,14,8,斎藤新,55,ダ,1800,稍
2022105844,タイヨウフレア,2025-06-14,函館,12,3歳以上1勝クラス,14,4,5,19.0,7,6,斎藤新,53,ダ,1700,良
2022105844,タイヨウフレア,2025-06-29,函館,8,3歳以上1勝クラス,11,4,4,70.3,9,8,木幡巧也,53,ダ,1700,良
2022105844,タイヨウフレア,2025-07-12,函館,7,3歳以上1勝クラス,10,7,7,30.5,8,3,吉田隼人,53,ダ,1700,良
2022105844,タイヨウフレア,2025-08-10,札幌,8,3歳以上1勝クラス,9,7,7,19.1,7,3,吉田隼人,53,ダ,1700,稍
2022105844,タイヨウフレア,2025-08-31,札幌,8,3歳以上1勝クラス,13,7,11,7.2,5,1,横山武史,53,ダ,1700,稍
2022105844,タイヨウフレア,2025-10-26,東京,9,三鷹特別(2勝クラス),13,1,1,9.6,4,8,大野拓弥,54,ダ,1600,不
2022105844,タイヨウフレア,2025-11-15,東京,9,三浦特別(2勝クラス),16,1,2,64.3,9,10,松山弘平,55,ダ,1600,良
2022105844,タイヨウフレア,2026-01-18,中山,8,4歳以上2勝クラス,16,2,3,78.3,12,9,大野拓弥,55,ダ,1800,良
2022105844,タイヨウフレア,2026-02-08,小倉,10,由布院特別(2勝クラス),16,2,3,42.7,11,5,古川吉洋,55,ダ,1700,良
2022105844,タイヨウフレア,2026-02-22,小倉,10,和布刈特別(2勝クラス),16,1,1,43.4,11,13,古川吉洋,55,ダ,1700,良
2022105844,タイヨウフレア,2026-04-19,中山,8,利根川特別(2勝クラス),11,5,6,207.3,11,11,佐々木大,56,ダ,1800,良
2022105844,タイヨウフレア,2026-06-14,函館,10,津軽海峡特別(2勝クラス),12,6,7,78.4,11,8,横山琉人,52,ダ,1700,良
2022105844,タイヨウフレア,2026-06-21,函館,10,檜山特別(2勝クラス),9,4,4,138.2,9,7,古川吉洋,56,ダ,1700,良
2022105844,タイヨウフレア,2026-07-19,函館,9,かもめ島特別(2勝クラス),13,4,5,317.4,12,13,長浜鴻緒,56,芝,1800,重
2023102661,タナスーペルノーバ,2025-09-15,中山,5,2歳新馬,13,5,6,20.2,6,3,岩田望来,55,芝,1600,良
2023102661,タナスーペルノーバ,2025-10-18,新潟,1,2歳未勝利,13,2,2,8.1,5,5,今村聖奈,54,芝,1600,良
2023102661,タナスーペルノーバ,2025-11-15,福島,4,2歳未勝利,16,6,12,9.5,6,7,今村聖奈,54,芝,1200,良
2023102661,タナスーペルノーバ,2025-12-07,阪神,2,2歳未勝利,16,5,9,10.3,7,4,今村聖奈,54,ダ,1400,良
2023102661,タナスーペルノーバ,2026-01-04,京都,1,3歳未勝利,16,7,14,5.4,2,4,今村聖奈,55,ダ,1200,良
2023102661,タナスーペルノーバ,2026-01-17,京都,2,3歳未勝利,16,4,8,2.8,1,2,岩田望来,57,ダ,1200,良
2023102661,タナスーペルノーバ,2026-02-21,小倉,3,3歳未勝利,14,7,11,4.5,3,5,今村聖奈,55,ダ,1000,良
2023102661,タナスーペルノーバ,2026-03-08,阪神,2,3歳未勝利,16,2,3,6.3,3,11,今村聖奈,55,ダ,1200,良
2023102661,タナスーペルノーバ,2026-04-26,京都,3,3歳未勝利,18,4,7,10.5,5,1,坂井瑠星,57,芝,1200,良
2023102661,タナスーペルノーバ,2026-06-27,小倉,12,3歳以上1勝クラス,8,8,8,2.1,1,1,今村聖奈,53,芝,1200,稍
2023102661,タナスーペルノーバ,2026-07-11,小倉,10,耶馬渓特別(2勝クラス),18,8,17,2.8,1,9,川田将雅,55,芝,1200,良
2023103162,タマモイカロス,2025-06-29,小倉,6,2歳新馬,10,8,9,7.6,4,2,高杉吏麒,54,芝,1200,良
2023103162,タマモイカロス,2025-07-12,小倉,1,2歳未勝利,10,7,8,2.2,1,2,高杉吏麒,54,芝,1200,良
2023103162,タマモイカロス,2025-08-02,中京,1,2歳未勝利,5,5,5,1.3,1,1,高杉吏麒,54,芝,1400,良
2023103162,タマモイカロス,2025-08-31,中京,11,中京2歳S(GIII),13,1,1,12.6,5,4,田口貫太,55,芝,1400,良
2023103162,タマモイカロス,2025-11-16,福島,9,福島2歳S(OP),16,4,8,2.7,1,1,高杉吏麒,56,芝,1200,良
2023103162,タマモイカロス,2025-12-20,中京,9,報知杯クリスマスRS(OP),9,1,1,2.7,1,2,高杉吏麒,57,芝,1200,稍
2023103162,タマモイカロス,2026-02-28,阪神,10,マーガレットS(L),9,2,2,2.9,2,1,藤岡佑介,57,芝,1200,良
2023103162,タマモイカロス,2026-03-21,中京,11,中スポ賞ファルコンS(GIII),17,8,17,16.2,5,6,小沢大仁,57,芝,1400,良
2023103162,タマモイカロス,2026-05-30,京都,11,葵S(GIII),16,7,13,6.9,3,3,高杉吏麒,57,芝,1200,良
2023103162,タマモイカロス,2026-08-09,中京,7,CBC賞(GIII),18,8,17,14.2,6,6,西塚洸二,54,芝,1200,良
2020105400,タマモブラックタイ,2022-07-09,小倉,5,2歳新馬,10,3,3,14.3,6,1,角田大河,51,芝,1200,稍
2020105400,タマモブラックタイ,2022-08-28,新潟,11,新潟2歳S(GIII),11,6,6,15.0,7,9,角田大河,54,芝,1600,良
2020105400,タマモブラックタイ,2022-10-23,阪神,8,なでしこ賞(1勝クラス),9,3,3,6.1,4,5,角田大河,55,ダ,1400,良
2020105400,タマモブラックタイ,2023-01-09,中京,3,3歳1勝クラス,12,3,3,65.9,11,8,角田大河,54,ダ,1800,良
2020105400,タマモブラックタイ,2023-01-21,小倉,9,萌黄賞(1勝クラス),8,6,6,8.2,3,2,角田大和,56,芝,1200,稍
2020105400,タマモブラックタイ,2023-02-25,小倉,9,あざみ賞(1勝クラス),15,6,10,5.4,3,1,幸英明,56,芝,1200,稍
2020105400,タマモブラックタイ,2023-03-18,中京,11,中スポ賞ファルコンS(GIII),14,4,6,27.2,8,1,幸英明,56,芝,1400,重
2020105400,タマモブラックタイ,2023-05-07,東京,11,NHKマイルC(GI),17,8,16,30.1,12,10,幸英明,57,芝,1600,稍
2020105400,タマモブラックタイ,2023-05-27,京都,11,葵S(GIII),18,8,18,21.9,5,9,角田大和,57,芝,1200,良
2020105400,タマモブラックタイ,2023-10-08,京都,11,夕刊フジ杯オパールS(L),18,2,3,14.2,7,4,角田大河,56,芝,1200,良
2020105400,タマモブラックタイ,2023-10-28,京都,11,MBS賞スワンS(GII),18,3,5,84.5,15,12,角田大和,55,芝,1400,良
2020105400,タマモブラックタイ,2024-02-11,小倉,11,北九州短距離S(OP),18,5,10,7.3,4,7,角田大和,58,芝,1200,良
2020105400,タマモブラックタイ,2024-02-25,阪神,11,阪急杯(GIII),18,3,6,21.0,8,15,角田大和,57,芝,1400,重
2020105400,タマモブラックタイ,2024-04-14,福島,11,福島民報杯(L),16,3,5,58.9,13,12,角田大和,56,芝,2000,良
2020105400,タマモブラックタイ,2024-12-07,中京,11,中日新聞杯(GIII),18,4,7,207.7,17,17,角田大和,55,芝,2000,良
2020105400,タマモブラックタイ,2025-02-23,小倉,11,小倉大賞典(GIII),13,1,1,,,取,角田大和,55,芝,1800,良
2020105400,タマモブラックタイ,2025-05-11,新潟,11,谷川岳S(L),14,7,12,9.6,5,7,角田大和,58,芝,1400,稍
2020105400,タマモブラックタイ,2025-06-01,京都,10,安土城S(L),16,7,13,10.0,5,9,幸英明,55,芝,1400,良
2020105400,タマモブラックタイ,2025-07-06,小倉,11,TV西日本北九州記念(GIII),18,5,10,30.2,15,14,角田大和,55,芝,1200,良
2020105400,タマモブラックタイ,2025-08-24,新潟,10,朱鷺S(L),13,5,6,18.3,9,8,田口貫太,58,芝,1400,良
2020105400,タマモブラックタイ,2025-10-04,京都,11,オパールS(L),18,4,8,16.6,7,6,酒井学,55,芝,1200,重
2020105400,タマモブラックタイ,2025-11-09,福島,11,みちのくS(OP),16,5,9,11.7,6,4,酒井学,58,芝,1200,良
2020105400,タマモブラックタイ,2026-02-15,小倉,11,北九州短距離S(OP),18,8,17,19.1,9,8,酒井学,58,芝,1200,稍
2020105400,タマモブラックタイ,2026-03-15,阪神,11,米子城S(OP),16,6,12,27.8,11,1,幸英明,56,芝,1200,良
2020105400,タマモブラックタイ,2026-04-12,中山,11,春雷S(L),16,2,3,18.8,6,8,酒井学,57,芝,1200,良
2020105400,タマモブラックタイ,2026-08-09,中京,7,CBC賞(GIII),18,6,11,78.1,16,16,角田大和,57,芝,1200,良
2023105685,ダイヤモンドノット,2025-06-14,阪神,5,2歳新馬,8,6,6,2.6,1,3,川田将雅,55,芝,1200,稍
2023105685,ダイヤモンドノット,2025-07-12,小倉,1,2歳未勝利,10,5,5,2.9,2,4,川田将雅,55,芝,1200,良
2023105685,ダイヤモンドノット,2025-09-14,阪神,2,2歳未勝利,10,5,5,4.4,3,1,川田将雅,55,芝,1400,良
2023105685,ダイヤモンドノット,2025-10-19,京都,9,もみじS(OP),7,2,2,2.5,1,2,川田将雅,56,芝,1400,良
2023105685,ダイヤモンドノット,2025-11-08,東京,11,京王杯2歳S(GII),16,5,10,1.8,1,1,ルメール,56,芝,1400,良
2023105685,ダイヤモンドノット,2025-12-21,阪神,11,朝日フューチュリティ(GI),14,6,10,8.3,5,2,ルメール,56,芝,1600,重
2023105685,ダイヤモンドノット,2026-03-21,中京,11,中スポ賞ファルコンS(GIII),17,5,9,1.6,1,1,川田将雅,57,芝,1400,良
2023105685,ダイヤモンドノット,2026-05-10,東京,11,NHKマイルC(GI),18,4,7,5.5,3,5,川田将雅,57,芝,1600,良
2022104894,ダノンフィオーレ,2025-07-19,小倉,3,3歳未勝利,18,1,1,9.4,4,4,松山弘平,55,芝,2000,稍
2022104894,ダノンフィオーレ,2025-08-03,中京,9,3歳未勝利,17,1,2,2.9,1,1,松山弘平,55,芝,2000,良
2022104894,ダノンフィオーレ,2025-11-29,京都,7,3歳以上1勝クラス,18,5,10,10.7,5,17,松山弘平,54,芝,1800,良
2022104894,ダノンフィオーレ,2026-03-22,中京,6,4歳以上1勝クラス,17,3,6,9.9,3,16,西塚洸二,56,芝,2000,良
2022104894,ダノンフィオーレ,2026-07-26,札幌,8,3歳以上1勝クラス,12,6,8,13.5,5,3,北村友一,56,芝,1500,良
2022104894,ダノンフィオーレ,2026-08-08,札幌,4,3歳以上1勝クラス,14,3,4,6.9,4,1,北村友一,56,芝,1500,稍
2023103528,ツルノマイハシ,2025-09-14,中山,5,2歳新馬,10,8,10,49.0,7,6,原優介,55,芝,1800,良
2023103528,ツルノマイハシ,2025-09-28,中山,9,サフラン賞(1勝クラス),8,6,6,180.4,8,8,佐々木大,55,芝,1600,良
2023103528,ツルノマイハシ,2025-11-16,東京,3,2歳未勝利,18,6,12,207.1,13,5,西塚洸二,54,芝,1400,良
2023103528,ツルノマイハシ,2025-12-14,中山,2,2歳未勝利,16,3,6,14.2,4,3,岩田望来,55,芝,1200,良
2023103528,ツルノマイハシ,2025-12-28,中山,3,2歳未勝利,16,6,11,9.6,4,6,戸崎圭太,55,芝,1200,良
2023103528,ツルノマイハシ,2026-04-12,福島,2,3歳未勝利,16,5,10,5.2,2,1,丹内祐次,55,芝,1200,良
2023103528,ツルノマイハシ,2026-05-09,新潟,9,ゆきつばき賞(1勝クラス),14,3,4,19.9,8,7,西塚洸二,55,芝,1200,良
2023103528,ツルノマイハシ,2026-06-21,函館,7,3歳以上1勝クラス,11,6,6,14.2,5,2,佐々木大,53,芝,1200,良
2023103528,ツルノマイハシ,2026-07-04,函館,7,3歳以上1勝クラス,10,1,1,3.7,2,4,佐々木大,53,芝,1200,良
2023103528,ツルノマイハシ,2026-08-29,札幌,7,3歳以上1勝クラス,16,8,15,5.8,1,1,武豊,54,芝,1200,稍
2020110090,ティニア,2022-09-10,中京,3,2歳新馬,9,7,7,1.5,1,1,福永祐一,54,芝,1400,稍
2020110090,ティニア,2022-11-19,東京,6,2歳1勝クラス,9,4,4,2.7,1,2,福永祐一,55,芝,1400,良
2020110090,ティニア,2022-12-18,阪神,11,朝日フューチュリティ(GI),17,6,11,23.2,7,8,福永祐一,55,芝,1600,良
2020110090,ティニア,2023-03-19,中京,9,フローラルウォーク賞(1勝クラス),8,1,1,4.4,3,1,荻野極,56,芝,1600,稍
2020110090,ティニア,2023-04-15,阪神,11,アーリントンC(GIII),18,8,18,39.2,13,15,荻野極,56,芝,1600,重
2020110090,ティニア,2023-07-16,中京,10,中京スポニチ賞(2勝クラス),14,4,6,3.8,2,6,荻野極,55,芝,1400,良
2020110090,ティニア,2023-08-20,小倉,9,西部スポニチ賞(2勝クラス),16,6,12,6.8,4,9,鮫島克駿,56,芝,1200,良
2020110090,ティニア,2023-10-22,京都,9,壬生特別(2勝クラス),16,8,16,12.9,5,4,モレイラ,57,芝,1200,良
2020110090,ティニア,2023-11-11,福島,10,飯坂温泉特別(2勝クラス),16,4,8,6.2,3,4,丹内祐次,57,芝,1200,良
2020110090,ティニア,2023-11-25,京都,12,3歳以上2勝クラス,18,3,6,4.0,2,2,モレイラ,57,芝,1200,良
2020110090,ティニア,2024-03-24,中山,12,4歳以上2勝クラス,13,5,6,3.0,1,4,戸崎圭太,58,芝,1200,良
2020110090,ティニア,2024-04-13,中山,8,4歳以上2勝クラス,12,3,3,2.3,1,1,戸崎圭太,58,芝,1200,良
2020110090,ティニア,2024-05-19,東京,9,フリーウェイS(3勝クラス),13,6,9,9.8,3,2,戸崎圭太,58,芝,1400,良
2020110090,ティニア,2024-08-17,中京,11,豊明S(3勝クラス),14,7,12,9.1,4,4,坂井瑠星,58,芝,1400,良
2020110090,ティニア,2024-08-31,中京,11,長篠S(3勝クラス),18,6,11,7.0,4,1,坂井瑠星,57,芝,1200,不
2020110090,ティニア,2024-11-10,東京,11,オーロC(L),18,4,8,5.4,2,16,横山武史,55,芝,1400,良
2020110090,ティニア,2024-12-01,中山,11,ラピスラズリS(L),16,7,13,21.5,9,16,ビュイッ,57,芝,1200,良
2020110090,ティニア,2025-03-16,阪神,11,米子城S(OP),16,7,14,13.1,5,3,荻野極,55,芝,1200,重
2020110090,ティニア,2025-04-13,中山,11,春雷S(L),14,6,9,11.0,6,4,横山和生,55,芝,1200,稍
2020110090,ティニア,2025-06-28,函館,11,青函S(OP),16,6,12,11.2,5,2,佐々木大,55,芝,1200,良
2020110090,ティニア,2025-07-12,福島,11,安達太良S(OP),14,5,8,3.7,2,5,戸崎圭太,57,芝,1200,良
2020110090,ティニア,2025-09-07,阪神,11,産経賞セントウルS(GII),16,6,12,154.0,15,8,高杉吏麒,57,芝,1200,良
2020110090,ティニア,2025-12-07,中山,11,ラピスラズリS(L),16,7,13,12.8,5,7,荻野極,57,芝,1200,良
2020110090,ティニア,2026-01-17,中山,11,カーバンクルS(OP),16,6,11,17.2,9,13,荻野極,56,芝,1200,良
2020110090,ティニア,2026-05-16,京都,11,鞍馬S(OP),16,5,9,62.2,9,7,高杉吏麒,57,芝,1200,良
2020110090,ティニア,2026-06-27,函館,11,青函S(OP),14,4,5,10.1,6,5,佐々木大,56,芝,1200,稍
2022103775,テイエムパイロット,2024-06-15,京都,5,2歳新馬,10,5,5,35.0,9,6,酒井学,55,ダ,1200,良
2022103775,テイエムパイロット,2024-09-21,中京,3,2歳未勝利,16,7,13,120.2,12,15,酒井学,55,ダ,1400,良
2022103775,テイエムパイロット,2024-10-05,京都,1,2歳未勝利,12,3,3,171.5,10,10,酒井学,56,ダ,1200,稍
2022103775,テイエムパイロット,2025-01-11,中京,2,3歳未勝利,16,4,8,244.2,16,5,酒井学,57,ダ,1200,良
2022103775,テイエムパイロット,2025-01-25,中京,1,3歳未勝利,15,4,7,30.9,7,4,酒井学,57,ダ,1200,良
2022103775,テイエムパイロット,2025-02-15,京都,1,3歳未勝利,16,8,16,42.1,10,11,酒井学,57,ダ,1200,良
2022103775,テイエムパイロット,2025-03-15,中京,2,3歳未勝利,16,8,15,54.9,10,11,川須栄彦,57,ダ,1200,良
2022103775,テイエムパイロット,2025-05-03,新潟,3,3歳未勝利,15,8,15,43.0,8,1,柴田裕一,54,ダ,1200,稍
2022103775,テイエムパイロット,2025-07-13,福島,8,3歳以上1勝クラス,15,6,11,18.0,9,11,津村明秀,55,ダ,1150,良
2022103775,テイエムパイロット,2025-08-03,新潟,12,3歳以上1勝クラス,12,1,1,16.7,5,11,今村聖奈,54,芝,1200,良
2022103775,テイエムパイロット,2025-10-04,京都,6,3歳以上1勝クラス,16,8,15,157.1,16,4,田山旺佑,53,ダ,1400,不
2022103775,テイエムパイロット,2025-10-26,京都,6,3歳以上1勝クラス,11,8,11,13.2,5,3,田山旺佑,53,ダ,1400,重
2022103775,テイエムパイロット,2025-11-23,京都,6,3歳以上1勝クラス,16,5,10,23.6,9,8,田山旺佑,54,ダ,1400,良
2022103775,テイエムパイロット,2026-03-14,阪神,7,4歳以上1勝クラス,16,7,14,12.0,5,10,川端海翼,55,ダ,1400,良
2022103775,テイエムパイロット,2026-03-29,阪神,9,4歳以上1勝クラス,15,8,14,4.9,2,1,柴田裕一,56,ダ,1800,良
2022103775,テイエムパイロット,2026-04-26,京都,12,4歳以上2勝クラス,14,2,2,9.9,5,8,柴田裕一,56,ダ,1800,良
2022103775,テイエムパイロット,2026-07-26,中京,8,遠州灘特別(2勝クラス),12,7,9,14.3,7,4,柴田裕一,58,ダ,1800,良
2022104885,テレサ,2024-10-05,京都,5,2歳新馬,15,8,14,3.9,3,1,岩田望来,55,芝,1600,良
2022104885,テレサ,2024-12-07,中京,9,つわぶき賞(1勝クラス),12,1,1,2.9,1,4,松山弘平,55,芝,1400,良
2022104885,テレサ,2025-03-09,阪神,9,アルメリア賞(1勝クラス),8,3,3,2.9,1,1,松山弘平,55,芝,1800,良
2022104885,テレサ,2025-05-03,東京,10,スイートピーS(L),13,7,11,18.6,7,6,三浦皇成,55,芝,1800,良
2022104885,テレサ,2025-06-28,小倉,10,柳川特別(2勝クラス),6,3,3,3.0,2,1,松山弘平,53,芝,1800,良
2022104885,テレサ,2025-09-14,阪神,11,関西TVローズS(GII),17,5,10,20.0,7,2,松山弘平,55,芝,1800,良
2022104885,テレサ,2025-10-19,京都,11,秋華賞(GI),18,4,8,19.4,8,14,松山弘平,55,芝,2000,良
2022104885,テレサ,2026-01-24,小倉,11,小倉牝馬S(GIII),18,1,1,8.4,3,4,松山弘平,54,芝,2000,良
2022104885,テレサ,2026-04-19,福島,11,福島牝馬S(GIII),16,8,15,12.5,5,5,松若風馬,55,芝,1800,良
2022104885,テレサ,2026-06-21,東京,11,府中牝馬S(GIII),16,6,11,25.0,11,15,戸崎圭太,55,芝,1800,稍
2024106851,テンカタイヘイ,2026-07-19,函館,5,2歳新馬,14,3,4,19.4,8,1,丹内祐次,55,芝,1800,重
2024105454,テングカゼ,2026-08-01,新潟,2,2歳新馬,8,5,5,208.1,8,8,木幡育也,55,芝,1800,良
2023104562,テーオーグレーザー,2025-06-22,阪神,6,2歳新馬,16,3,5,4.6,2,2,高杉吏麒,54,ダ,1200,良
2023104562,テーオーグレーザー,2025-08-16,中京,1,2歳未勝利,9,5,5,3.4,2,1,高杉吏麒,54,ダ,1200,良
2023104562,テーオーグレーザー,2025-09-27,阪神,9,ヤマボウシ賞(1勝クラス),8,7,7,5.3,3,3,高杉吏麒,55,ダ,1400,良
2023104562,テーオーグレーザー,2025-10-18,京都,8,なでしこ賞(1勝クラス),7,7,7,3.7,3,3,高杉吏麒,56,ダ,1400,稍
2023104562,テーオーグレーザー,2025-12-14,阪神,6,2歳1勝クラス,7,7,7,2.2,1,1,高杉吏麒,56,ダ,1200,良
2023104562,テーオーグレーザー,2026-03-15,中京,10,昇竜S(OP),12,1,1,11.1,6,2,戸崎圭太,57,ダ,1400,良
2023104562,テーオーグレーザー,2026-04-05,阪神,9,バイオレットS(OP),12,4,4,10.9,5,7,高杉吏麒,57,ダ,1400,重
2023104562,テーオーグレーザー,2026-06-13,阪神,10,安芸特別(2勝クラス),16,7,13,2.0,1,1,高杉吏麒,55,ダ,1200,良
2021102246,テーオーダグラス,2023-09-17,阪神,5,2歳新馬,9,5,5,4.7,3,5,モレイラ,55,芝,2000,良
2021102246,テーオーダグラス,2024-01-28,小倉,6,3歳未勝利,15,3,4,6.6,3,6,佐々木大,56,芝,2000,良
2021102246,テーオーダグラス,2024-02-10,京都,5,3歳未勝利,12,5,6,27.3,8,1,永島まな,54,芝,2000,良
2021102246,テーオーダグラス,2024-04-06,福島,9,ひめさゆり賞(1勝クラス),13,8,13,28.7,8,9,永島まな,57,芝,2000,良
2021102246,テーオーダグラス,2024-04-20,京都,9,あやめ賞(1勝クラス),7,6,6,4.8,4,3,西村淳也,57,芝,1800,良
2021102246,テーオーダグラス,2024-05-11,京都,9,あずさ賞(1勝クラス),11,4,4,12.5,5,8,酒井学,57,芝,2000,良
2021102246,テーオーダグラス,2024-06-02,京都,7,3歳以上1勝クラス,9,8,8,5.0,3,2,永島まな,53,芝,1800,良
2021102246,テーオーダグラス,2024-06-22,京都,12,3歳以上1勝クラス,15,2,2,19.4,5,2,永島まな,53,芝,1600,良
2021102246,テーオーダグラス,2024-07-21,小倉,7,3歳以上1勝クラス,12,7,10,3.8,2,1,永島まな,53,芝,1800,良
2021102246,テーオーダグラス,2024-10-19,新潟,10,村上特別(2勝クラス),14,1,1,8.5,5,12,永島まな,56,芝,2000,稍
2021102246,テーオーダグラス,2024-10-27,京都,9,北野特別(2勝クラス),8,6,6,6.2,4,4,団野大成,54,芝,2000,良
2021102246,テーオーダグラス,2024-11-17,京都,12,壬生特別(2勝クラス),12,8,11,14.3,5,9,武豊,57,芝,1600,良
2021102246,テーオーダグラス,2025-03-02,小倉,10,別府特別(2勝クラス),16,5,10,8.1,4,3,佐々木大,58,芝,1800,重
2021102246,テーオーダグラス,2025-03-22,中山,9,館山特別(2勝クラス),13,6,9,11.4,5,3,佐々木大,58,芝,2000,良
2021102246,テーオーダグラス,2025-04-05,阪神,8,4歳以上2勝クラス,8,4,4,6.5,4,5,Ｍ．デム,58,芝,1800,良
2021102246,テーオーダグラス,2025-06-08,阪神,9,三木特別(2勝クラス),8,8,8,1.8,1,1,団野大成,58,芝,1800,良
2021102246,テーオーダグラス,2025-07-12,函館,11,五稜郭S(3勝クラス),14,7,12,10.0,6,3,佐々木大,58,芝,1800,良
2021102246,テーオーダグラス,2025-08-02,札幌,11,STV賞(3勝クラス),16,6,12,10.3,5,3,佐々木大,57,芝,2000,良
2021102246,テーオーダグラス,2025-09-06,阪神,10,西宮S(3勝クラス),12,8,11,4.6,2,12,川田将雅,58,芝,1800,良
2021102246,テーオーダグラス,2025-11-08,京都,10,清水S(3勝クラス),12,5,5,27.7,8,8,団野大成,58,芝,1600,良
2021102246,テーオーダグラス,2025-11-23,東京,10,秋色S(3勝クラス),17,7,14,72.1,11,15,丸山元気,56,芝,1600,良
2021102246,テーオーダグラス,2026-03-15,阪神,10,甲南S(3勝クラス),14,5,8,21.1,7,13,田山旺佑,56,ダ,1800,良
2021102246,テーオーダグラス,2026-04-26,京都,10,センテニアルパークS(3勝クラス),18,5,9,133.1,17,12,田山旺佑,55,芝,1800,良
2021102246,テーオーダグラス,2026-05-31,東京,10,IFHA杯むらさき賞(3勝クラス),17,8,17,120.2,13,8,ゴンサル,55,芝,1800,良
2021102246,テーオーダグラス,2026-06-27,福島,11,バーデンバーデンC(3勝クラス),9,1,1,20.8,7,4,横山典弘,58,芝,2000,良
2021102246,テーオーダグラス,2026-08-22,札幌,11,オールスターJ第2戦(3勝クラス),14,6,9,16.1,7,7,フーリー,58,芝,2000,良
2022105153,ディヒターリーベ,2025-11-20,名古屋,1,C25組,12,6,7,1.5,1,1,望月洵輝,55,ダ,1500,良
2022105153,ディヒターリーベ,2026-01-01,名古屋,6,名古屋で初競馬賞(C),12,8,12,1.1,1,1,望月洵輝,55,ダ,1500,良
2022105153,ディヒターリーベ,2026-01-28,名古屋,2,C19組,12,7,9,1.9,1,1,望月洵輝,55,ダ,1400,良
2022105153,ディヒターリーベ,2026-02-12,名古屋,1,C11組,12,8,11,1.5,1,5,望月洵輝,55,ダ,1400,重
2022105153,ディヒターリーベ,2026-07-25,札幌,9,3歳以上1勝クラス,10,7,8,88.1,9,2,石川倭,56,芝,1800,良
2022105153,ディヒターリーベ,2026-08-15,札幌,7,3歳以上1勝クラス,15,6,11,13.7,5,4,石川倭,56,芝,2000,良
2023103326,ディールメーカー,2025-07-27,新潟,3,2歳新馬,9,8,8,33.3,5,2,横山琉人,55,芝,1600,良
2023103326,ディールメーカー,2026-01-10,中山,7,3歳未勝利,16,3,6,3.2,2,1,戸崎圭太,57,芝,1600,良
2023103326,ディールメーカー,2026-03-08,中山,7,3歳1勝クラス,11,4,4,2.8,1,1,坂井瑠星,57,芝,1600,良
2023103326,ディールメーカー,2026-04-11,中山,11,ニュージーランドT(GII),15,8,14,7.8,3,4,戸崎圭太,57,芝,1600,良
2023103326,ディールメーカー,2026-06-28,福島,11,ラジオNIKKEI賞(GIII),16,4,8,14.0,8,2,高杉吏麒,56,芝,1800,良
2021104173,デイジー,2024-01-27,東京,5,3歳新馬,16,2,3,7.7,4,4,戸崎圭太,55,芝,1600,良
2021104173,デイジー,2024-02-17,東京,6,3歳未勝利,16,1,1,5.1,2,2,戸崎圭太,55,芝,1600,良
2021104173,デイジー,2024-03-17,中山,5,3歳未勝利,16,6,12,2.9,1,1,戸崎圭太,55,芝,1600,良
2021104173,デイジー,2024-10-19,東京,7,3歳以上1勝クラス,13,2,2,15.1,7,6,戸崎圭太,54,ダ,1600,良
2021104173,デイジー,2024-11-16,東京,7,3歳以上1勝クラス,16,1,1,10.6,5,16,戸崎圭太,55,ダ,1600,良
2021104173,デイジー,2025-03-08,中山,12,4歳以上1勝クラス,16,8,16,28.3,8,2,菊沢一樹,56,芝,1600,良
2021104173,デイジー,2025-05-04,新潟,12,4歳以上1勝クラス,13,7,10,2.6,1,5,菊沢一樹,56,芝,1400,良
2021104173,デイジー,2025-05-17,新潟,8,4歳以上1勝クラス,16,6,11,7.5,4,8,菊沢一樹,56,芝,1400,稍
2021104173,デイジー,2025-07-27,新潟,12,3歳以上1勝クラス,16,1,2,12.3,5,7,菊沢一樹,56,芝,1400,良
2021104173,デイジー,2025-08-10,新潟,12,3歳以上1勝クラス,18,4,8,34.8,14,6,江田照男,56,芝,1400,重
2021104173,デイジー,2025-08-23,新潟,12,3歳以上1勝クラス,12,6,8,13.8,6,3,江田照男,56,芝,1600,良
2021104173,デイジー,2025-10-26,新潟,4,3歳以上1勝クラス,16,8,16,12.2,6,3,江田照男,56,芝,1800,稍
2021104173,デイジー,2025-11-09,福島,9,二本松特別(1勝クラス),16,3,5,7.8,4,3,江田照男,56,芝,1800,良
2021104173,デイジー,2025-11-22,福島,9,高湯温泉特別(1勝クラス),16,3,5,7.4,4,2,江田照男,56,芝,1800,良
2021104173,デイジー,2026-01-11,中山,8,4歳以上1勝クラス,16,1,2,7.5,2,3,江田照男,56,芝,1600,良
2021104173,デイジー,2026-04-11,福島,9,浄土平特別(1勝クラス),16,8,15,4.4,2,12,江田照男,56,芝,1800,良
2021104173,デイジー,2026-08-16,新潟,5,3歳以上1勝クラス,12,8,12,8.9,5,2,田辺裕信,56,芝,1800,良
2024101022,デザートスピリット,2026-06-13,東京,6,2歳新馬,9,2,2,24.4,5,2,吉田豊,55,芝,1400,良
2024101022,デザートスピリット,2026-08-02,新潟,1,2歳未勝利,12,7,9,6.5,4,4,吉田豊,55,芝,1600,良
2024101022,デザートスピリット,2026-08-23,札幌,2,2歳未勝利,11,1,1,3.3,2,1,ルメール,55,芝,1500,良
2021103520,デルシエロ,2023-09-16,阪神,5,2歳新馬,8,2,2,11.5,5,1,坂井瑠星,55,芝,1600,良
2021103520,デルシエロ,2023-10-28,京都,8,萩S(L),6,1,1,4.8,3,4,坂井瑠星,56,芝,1800,良
2021103520,デルシエロ,2023-11-19,京都,9,秋明菊賞(1勝クラス),8,5,5,27.3,7,3,坂井瑠星,56,芝,1400,良
2021103520,デルシエロ,2023-12-23,阪神,9,万両賞(1勝クラス),13,8,12,7.2,4,3,坂井瑠星,56,芝,1400,良
2021103520,デルシエロ,2024-01-08,京都,11,日刊スポシンザン記念(GIII),18,2,4,43.2,12,17,坂井瑠星,57,芝,1600,良
2021103520,デルシエロ,2024-04-28,京都,6,3歳1勝クラス,11,4,4,6.7,3,4,武豊,57,芝,1400,良
2021103520,デルシエロ,2024-05-18,京都,9,メルボルンT(1勝クラス),13,6,10,31.8,9,4,岩田望来,57,芝,1600,良
2021103520,デルシエロ,2024-06-02,京都,12,3歳以上1勝クラス,16,2,4,4.7,2,8,鮫島克駿,55,芝,1400,稍
2021103520,デルシエロ,2024-06-22,京都,12,3歳以上1勝クラス,15,3,4,63.8,11,8,吉村誠之,52,芝,1600,良
2021103520,デルシエロ,2024-09-14,中京,6,3歳以上1勝クラス,16,5,10,57.0,11,5,三浦皇成,56,芝,1600,良
2021103520,デルシエロ,2024-09-29,中京,7,3歳以上1勝クラス,16,4,8,16.2,7,8,三浦皇成,56,芝,1600,重
2021103520,デルシエロ,2024-11-24,京都,7,3歳以上1勝クラス,18,2,4,45.9,12,4,ドイル,56,芝,1800,良
2021103520,デルシエロ,2024-12-08,中京,12,3歳以上1勝クラス,16,6,12,10.4,4,6,古川奈穂,54,芝,1600,良
2021103520,デルシエロ,2025-03-09,阪神,7,4歳以上1勝クラス,9,3,3,14.8,6,2,西村淳也,58,芝,2000,良
2021103520,デルシエロ,2025-03-22,中京,9,金山特別(1勝クラス),18,7,14,15.1,4,13,北村友一,58,芝,2000,良
2021103520,デルシエロ,2025-04-06,阪神,6,4歳以上1勝クラス,11,1,1,20.3,7,6,シュタル,58,芝,2000,良
2021103520,デルシエロ,2025-04-27,京都,7,4歳以上1勝クラス,10,5,5,6.8,4,3,吉村誠之,57,芝,1800,良
2021103520,デルシエロ,2025-05-18,京都,8,4歳以上1勝クラス,10,7,7,6.1,3,5,吉村誠之,57,芝,1800,稍
2021103520,デルシエロ,2025-07-20,小倉,7,3歳以上1勝クラス,10,4,4,7.3,4,3,吉村誠之,57,芝,1800,良
2021103520,デルシエロ,2025-08-09,中京,8,香嵐渓特別(1勝クラス),7,3,3,17.5,6,3,吉村誠之,58,芝,2000,良
2021103520,デルシエロ,2025-10-05,京都,7,3歳以上1勝クラス,12,7,9,6.4,2,3,吉村誠之,57,芝,2000,稍
2021103520,デルシエロ,2025-10-25,京都,12,3歳以上1勝クラス,10,3,3,14.2,8,5,吉村誠之,57,芝,1800,良
2021103520,デルシエロ,2025-11-08,京都,12,3歳以上1勝クラス,14,1,1,17.7,7,5,吉村誠之,57,芝,2000,良
2021103520,デルシエロ,2025-11-23,京都,7,3歳以上1勝クラス,18,5,10,16.5,6,8,吉村誠之,57,芝,2400,良
2021103520,デルシエロ,2026-02-07,小倉,9,戸畑特別(1勝クラス),13,7,10,11.3,6,7,鮫島克駿,58,芝,2000,稍
2021103520,デルシエロ,2026-02-22,小倉,8,4歳以上1勝クラス,14,5,7,21.3,9,11,田山旺佑,55,芝,2000,良
2021103520,デルシエロ,2026-03-15,中京,8,4歳以上1勝クラス,12,6,8,14.4,7,5,舟山瑠泉,55,芝,2000,良
2021103520,デルシエロ,2026-04-05,阪神,6,4歳以上1勝クラス,9,5,5,6.0,5,5,吉村誠之,58,芝,2000,稍
2021103520,デルシエロ,2026-06-27,小倉,9,八代特別(1勝クラス),8,3,3,90.7,8,3,吉村誠之,58,芝,2000,稍
2021103520,デルシエロ,2026-07-11,函館,9,北斗特別(1勝クラス),10,7,8,8.7,4,2,丹内祐次,58,芝,2000,稍
2021103520,デルシエロ,2026-07-26,札幌,12,厚岸特別(1勝クラス),9,8,8,2.8,2,4,丹内祐次,58,芝,2000,良
2021103520,デルシエロ,2026-08-09,札幌,3,3歳以上1勝クラス,10,5,5,5.1,3,4,横山琉人,58,芝,2000,良
2021103520,デルシエロ,2026-08-23,札幌,9,ルスツ特別(1勝クラス),13,3,3,16.3,8,6,丹内祐次,58,芝,2000,良
2023100935,トラスコンガーデン,2025-07-20,福島,3,2歳未勝利,6,6,6,28.1,6,5,吉田豊,55,芝,1200,良
2023100935,トラスコンガーデン,2025-09-14,中山,2,2歳未勝利,16,8,15,116.3,11,3,吉田豊,55,芝,1200,良
2023100935,トラスコンガーデン,2025-09-28,中山,2,2歳未勝利,16,3,5,11.2,5,1,吉田豊,55,芝,1200,良
2023100935,トラスコンガーデン,2025-10-19,東京,6,2歳1勝クラス,8,2,2,22.8,6,7,吉田豊,55,芝,1400,良
2023100935,トラスコンガーデン,2026-01-11,中山,11,フェアリーS(GIII),16,3,6,146.6,15,11,吉田豊,55,芝,1600,良
2023100935,トラスコンガーデン,2026-02-14,東京,7,3歳1勝クラス,16,5,10,175.2,12,1,田辺裕信,55,芝,1400,良
2023100935,トラスコンガーデン,2026-05-10,京都,10,橘S(L),11,3,3,36.5,7,10,長岡禎仁,55,芝,1400,良
2023100935,トラスコンガーデン,2026-06-06,東京,10,テレビ山梨杯(2勝クラス),17,7,14,51.7,10,15,江田照男,51,芝,1400,良
2020102535,トーセントラム,2022-07-10,函館,5,2歳新馬,6,2,2,54.0,5,3,山田敬士,52,芝,1800,良
2020102535,トーセントラム,2022-07-23,札幌,1,2歳未勝利,5,5,5,4.3,2,3,横山和生,54,芝,1800,稍
2020102535,トーセントラム,2022-08-06,札幌,1,2歳未勝利,10,6,6,19.9,4,4,丹内祐次,54,芝,1800,良
2020102535,トーセントラム,2022-08-27,札幌,1,2歳未勝利,7,3,3,4.6,2,2,武豊,54,芝,1800,良
2020102535,トーセントラム,2022-09-04,札幌,1,2歳未勝利,8,7,7,6.0,2,5,横山武史,54,芝,2000,良
2020102535,トーセントラム,2022-10-16,新潟,4,2歳未勝利,10,3,3,7.7,3,1,田中勝春,55,芝,1600,良
2020102535,トーセントラム,2022-10-29,阪神,9,萩S(L),7,5,5,74.2,7,6,菅原明良,55,芝,1800,良
2020102535,トーセントラム,2022-11-12,阪神,11,デイリー杯2歳S(GII),10,4,4,39.9,8,8,武豊,55,芝,1600,良
2020102535,トーセントラム,2022-12-24,阪神,9,万両賞(1勝クラス),9,2,2,82.5,9,7,幸英明,55,芝,1400,良
2020102535,トーセントラム,2023-01-05,中山,10,ジュニアC(L),13,4,4,111.4,13,4,田中勝春,56,芝,1600,良
2020102535,トーセントラム,2023-01-22,中山,9,若竹賞(1勝クラス),10,3,3,25.8,6,7,田中勝春,56,芝,1800,良
2020102535,トーセントラム,2023-02-05,中京,11,きさらぎ賞(GIII),8,6,6,74.8,8,7,斎藤新,56,芝,2000,良
2020102535,トーセントラム,2023-02-19,東京,6,3歳1勝クラス,12,5,5,155.8,11,10,原優介,54,芝,1600,良
2020102535,トーセントラム,2023-04-29,東京,6,3歳1勝クラス,13,8,13,232.7,13,5,佐藤翔馬,53,芝,1600,良
2020102535,トーセントラム,2023-05-06,東京,11,プリンシパルS(L),7,2,2,72.0,7,7,田中勝春,56,芝,2000,良
2020102535,トーセントラム,2023-05-27,東京,7,3歳1勝クラス,13,8,13,106.2,10,10,佐藤翔馬,53,芝,1400,良
2020102535,トーセントラム,2023-08-19,札幌,9,千歳特別(1勝クラス),14,5,8,93.3,12,5,古川吉洋,55,芝,1500,良
2020102535,トーセントラム,2023-08-27,札幌,8,3歳以上1勝クラス,14,4,5,30.9,10,5,佐藤翔馬,52,芝,1500,重
2020102535,トーセントラム,2023-09-03,札幌,6,3歳以上1勝クラス,16,6,12,42.0,13,1,古川吉洋,56,芝,1200,良
2020102535,トーセントラム,2023-09-30,中山,10,勝浦特別(2勝クラス),16,7,14,38.2,11,12,田中勝春,56,芝,1200,良
2020102535,トーセントラム,2023-12-23,中山,12,キャンドルライト賞(2勝クラス),16,4,7,84.9,12,6,原優介,57,芝,1200,良
2020102535,トーセントラム,2024-02-03,東京,10,テレビ山梨杯(2勝クラス),15,7,12,30.5,8,8,武士沢友,54,芝,1400,良
2020102535,トーセントラム,2024-02-18,東京,8,4歳以上2勝クラス,12,6,8,122.7,10,10,藤田菜七,56,芝,1400,良
2020102535,トーセントラム,2024-02-24,中山,10,富里特別(2勝クラス),12,3,3,70.9,9,5,原優介,57,芝,1800,稍
2020102535,トーセントラム,2024-03-23,中山,8,4歳以上2勝クラス,11,2,2,25.8,6,8,原優介,57,芝,1800,良
2020102535,トーセントラム,2024-04-28,新潟,4,障害4歳以上未勝利,10,7,8,9.2,5,8,大江原圭,59,障,2890,良
2020102535,トーセントラム,2024-12-08,中山,12,3歳以上2勝クラス,16,5,10,115.7,15,8,菊沢一樹,58,芝,1600,良
2020102535,トーセントラム,2024-12-22,中山,10,オルフェーヴルC(2勝クラス),16,2,4,132.6,15,12,菊沢一樹,58,芝,1600,良
2020102535,トーセントラム,2025-02-16,小倉,9,大濠特別(2勝クラス),18,8,16,18.7,7,3,秋山稔樹,54,芝,1200,良
2020102535,トーセントラム,2025-03-01,小倉,10,西日本新聞杯(2勝クラス),18,4,7,33.8,11,11,西塚洸二,58,芝,1200,良
2020102535,トーセントラム,2025-03-16,中京,9,岡崎特別(2勝クラス),13,4,5,33.6,10,6,丹内祐次,54,芝,1400,重
2020102535,トーセントラム,2025-03-30,中山,12,4歳以上2勝クラス,13,6,8,30.0,8,13,丹内祐次,58,芝,1200,良
2020102535,トーセントラム,2025-05-03,京都,10,御池特別(2勝クラス),8,6,6,78.8,7,6,シュタル,58,芝,1400,良
2020102535,トーセントラム,2025-08-23,札幌,10,オールスターJ第1戦(2勝クラス),14,8,13,87.4,13,9,トーレス,58,芝,1200,良
2020102535,トーセントラム,2025-08-31,札幌,10,HBC賞(2勝クラス),16,2,4,121.6,16,9,原田和真,54,芝,1200,稍
2020102535,トーセントラム,2025-09-27,阪神,8,3歳以上2勝クラス,13,2,2,281.2,12,10,秋山稔樹,58,芝,1600,良
2020102535,トーセントラム,2025-12-06,中山,12,3歳以上2勝クラス,13,3,6,165.0,11,4,原田和真,58,芝,1200,良
2020102535,トーセントラム,2025-12-27,中山,9,ベストウィッシュC(2勝クラス),16,5,10,25.7,8,7,原田和真,58,芝,1200,良
2020102535,トーセントラム,2026-02-10,京都,8,4歳以上2勝クラス,13,5,6,23.8,7,3,荻野極,58,芝,1200,良
2020102535,トーセントラム,2026-03-08,中山,12,4歳以上2勝クラス,16,1,2,35.3,11,7,菊沢一樹,58,芝,1200,良
2020102535,トーセントラム,2026-03-29,中山,12,4歳以上2勝クラス,11,8,10,12.0,6,1,長浜鴻緒,56,芝,1200,良
2020102535,トーセントラム,2026-05-03,京都,10,朱雀S(3勝クラス),18,8,18,141.2,18,8,秋山稔樹,58,芝,1200,良
2022110149,ドウジャスティ,2025-04-13,福島,5,3歳未勝利,16,7,14,8.4,5,2,佐々木大,57,芝,1800,良
2022110149,ドウジャスティ,2025-04-27,福島,5,3歳未勝利,13,4,5,2.5,2,7,丹内祐次,57,芝,2000,良
2022110149,ドウジャスティ,2025-07-19,小倉,6,3歳未勝利,16,5,10,3.0,1,9,坂井瑠星,57,ダ,1700,重
2022110149,ドウジャスティ,2025-08-24,中京,2,3歳未勝利,16,2,3,6.1,3,1,角田大和,57,ダ,1900,良
2023101382,ドッグウッド,2025-12-06,中山,5,2歳新馬,18,8,18,91.7,14,5,マーカン,56,芝,2000,良
2023101382,ドッグウッド,2025-12-20,中山,3,2歳未勝利,16,4,7,62.1,9,3,マーカン,56,芝,1800,良
2023101382,ドッグウッド,2026-01-25,小倉,7,3歳未勝利,18,4,8,4.8,2,1,丹内祐次,57,芝,2000,良
2023101382,ドッグウッド,2026-02-14,小倉,9,あすなろ賞(1勝クラス),10,7,7,5.7,3,4,斎藤新,57,芝,2000,良
2023101382,ドッグウッド,2026-03-01,阪神,6,3歳1勝クラス,8,1,1,4.1,3,2,岩田望来,57,芝,2000,良
2023101382,ドッグウッド,2026-04-04,中山,9,山吹賞(1勝クラス),12,6,8,,,除,横山和生,57,芝,2200,稍
2023101382,ドッグウッド,2026-06-14,函館,9,八雲特別(1勝クラス),10,8,10,4.5,2,2,斎藤新,55,芝,1800,良
2023101382,ドッグウッド,2026-06-28,函館,9,臥牛山特別(1勝クラス),10,4,4,3.9,2,2,斎藤新,55,芝,1800,良
2023101382,ドッグウッド,2026-07-18,函館,9,湯浜特別(1勝クラス),13,4,5,2.2,1,1,斎藤新,55,芝,1800,良
2023105445,ドメイン,2025-12-07,阪神,6,2歳新馬,9,3,3,53.1,8,7,松若風馬,56,ダ,1800,良
2023105445,ドメイン,2025-12-21,阪神,1,2歳未勝利,12,7,9,153.4,9,3,松若風馬,56,ダ,1800,稍
2023105445,ドメイン,2026-01-10,京都,2,3歳未勝利,14,2,2,4.4,3,3,松若風馬,57,ダ,1900,良
2023105445,ドメイン,2026-01-25,京都,2,3歳未勝利,16,8,16,5.2,3,1,西村淳也,57,ダ,1900,良
2023105445,ドメイン,2026-04-05,阪神,5,3歳1勝クラス,13,5,6,66.0,12,7,松若風馬,57,ダ,1800,重
2023105445,ドメイン,2026-04-25,京都,7,3歳1勝クラス,14,8,14,25.5,8,9,松若風馬,57,ダ,1800,稍
2023105445,ドメイン,2026-08-02,中京,10,3歳以上1勝クラス,14,2,2,26.4,8,5,田口貫太,55,ダ,1900,良
2021103303,ドリーミングアップ,2023-06-03,東京,5,2歳新馬,9,2,2,31.3,6,5,吉田豊,55,芝,1600,不
2021103303,ドリーミングアップ,2023-07-02,福島,1,2歳未勝利,7,7,7,20.7,5,3,吉田豊,55,芝,1800,良
2021103303,ドリーミングアップ,2023-09-03,新潟,2,2歳未勝利,13,2,2,44.6,8,7,吉田豊,55,芝,2000,良
2021103303,ドリーミングアップ,2023-09-23,中山,2,2歳未勝利,16,6,11,37.4,9,3,吉田豊,55,芝,1600,重
2021103303,ドリーミングアップ,2023-10-22,東京,2,2歳未勝利,11,4,4,8.5,3,1,吉田豊,56,芝,1600,良
2021103303,ドリーミングアップ,2023-12-17,中山,9,ひいらぎ賞(1勝クラス),9,3,3,9.8,5,4,吉田豊,56,芝,1600,良
2021103303,ドリーミングアップ,2024-02-18,東京,5,3歳1勝クラス,12,4,4,49.2,10,3,吉田豊,57,芝,1600,良
2021103303,ドリーミングアップ,2024-03-17,中京,9,フローラルウォーク賞(1勝クラス),10,7,7,9.1,5,4,藤岡佑介,57,芝,1600,良
2021103303,ドリーミングアップ,2024-04-06,中山,11,ニュージーランドT(GII),16,1,2,94.3,12,5,吉田豊,57,芝,1600,稍
2021103303,ドリーミングアップ,2024-05-19,東京,5,3歳1勝クラス,11,4,4,6.1,2,5,吉田豊,57,芝,1600,良
2021103303,ドリーミングアップ,2024-06-09,東京,12,3歳以上1勝クラス,17,7,14,8.1,4,6,吉田豊,55,芝,1600,良
2021103303,ドリーミングアップ,2024-07-28,新潟,11,3歳以上1勝クラス,16,6,11,5.1,3,11,吉田豊,55,芝,1800,良
2021103303,ドリーミングアップ,2024-08-31,新潟,12,3歳以上1勝クラス,17,7,13,8.1,4,5,石神深道,52,芝,1600,稍
2021103303,ドリーミングアップ,2024-09-22,中山,7,3歳以上1勝クラス,16,5,9,19.7,7,6,吉田豊,56,芝,1600,良
2021103303,ドリーミングアップ,2024-11-16,東京,12,3歳以上1勝クラス,18,4,7,18.9,8,8,マーカン,57,芝,1600,良
2021103303,ドリーミングアップ,2025-02-15,東京,12,4歳以上1勝クラス,16,4,7,16.0,8,6,吉田豊,58,芝,1600,良
2021103303,ドリーミングアップ,2025-03-22,中京,7,4歳以上1勝クラス,16,6,11,15.5,8,2,吉田豊,58,芝,1600,良
2021103303,ドリーミングアップ,2025-04-12,中山,7,4歳以上1勝クラス,16,3,6,8.2,4,3,吉田豊,58,芝,1600,良
2021103303,ドリーミングアップ,2025-04-26,東京,8,4歳以上1勝クラス,12,1,1,4.1,2,2,吉田豊,58,芝,1600,良
2021103303,ドリーミングアップ,2025-05-24,東京,7,4歳以上1勝クラス,13,5,6,2.1,1,3,吉田豊,58,芝,1600,良
2021103303,ドリーミングアップ,2025-08-02,新潟,6,五頭連峰特別(1勝クラス),14,8,14,5.7,3,9,吉田豊,58,芝,1600,良
2021103303,ドリーミングアップ,2025-10-13,東京,9,3歳以上1勝クラス,18,8,18,8.0,2,4,吉田豊,58,芝,1600,良
2021103303,ドリーミングアップ,2025-10-26,東京,8,3歳以上1勝クラス,15,3,5,6.5,2,5,吉田豊,58,芝,1600,稍
2021103303,ドリーミングアップ,2025-11-24,東京,12,3歳以上1勝クラス,18,1,1,15.1,5,5,吉田豊,58,芝,1600,良
2021103303,ドリーミングアップ,2026-02-21,東京,12,4歳以上1勝クラス,16,5,10,14.2,6,4,吉田豊,58,ダ,1600,良
2021103303,ドリーミングアップ,2026-03-21,中京,7,4歳以上1勝クラス,16,7,13,8.0,3,3,三浦皇成,58,ダ,1400,良
2021103303,ドリーミングアップ,2026-05-02,東京,7,4歳以上1勝クラス,16,8,15,4.5,2,4,吉田豊,58,ダ,1400,重
2021103303,ドリーミングアップ,2026-05-16,東京,8,4歳以上1勝クラス,16,1,2,8.0,4,5,吉田豊,58,ダ,1600,良
2021103303,ドリーミングアップ,2026-06-13,函館,7,3歳以上1勝クラス,8,4,4,7.9,4,2,荻野極,58,芝,1200,稍
2021103303,ドリーミングアップ,2026-06-27,函館,9,長万部特別(1勝クラス),9,7,7,3.4,2,1,横山武史,58,芝,1200,稍
2023107146,ドリームコア,2025-06-14,東京,5,2歳新馬,11,3,3,1.5,1,1,レーン,55,芝,1600,良
2023107146,ドリームコア,2025-09-28,中山,9,サフラン賞(1勝クラス),8,4,4,1.7,1,3,モレイラ,55,芝,1600,良
2023107146,ドリームコア,2025-11-30,東京,8,ベゴニア賞(1勝クラス),8,5,5,2.1,1,1,レーン,55,芝,1600,良
2023107146,ドリームコア,2026-02-14,東京,11,デイリー杯クイーンC(GIII),16,1,1,3.4,2,1,ルメール,55,芝,1600,良
2023107146,ドリームコア,2026-04-12,阪神,11,桜花賞(GI),18,7,14,3.1,2,9,ルメール,55,芝,1600,良
2023107146,ドリームコア,2026-05-24,東京,11,優駿牝馬(GI),18,6,12,5.2,3,2,ルメール,55,芝,2400,良
2019105806,ドロップオブライト,2022-03-26,阪神,1,3歳未勝利,16,3,6,85.8,9,13,小沢大仁,52,ダ,1200,良
2019105806,ドロップオブライト,2022-05-28,中京,3,3歳未勝利,18,5,9,61.3,8,2,角田大河,51,芝,1400,良
2019105806,ドロップオブライト,2022-06-18,函館,1,3歳未勝利,16,3,5,3.4,1,1,鷲頭虎太,51,芝,1200,良
2019105806,ドロップオブライト,2022-07-09,函館,12,3歳以上1勝クラス,14,3,4,5.9,4,1,鷲頭虎太,49,芝,1200,良
2019105806,ドロップオブライト,2022-08-07,札幌,10,HBC賞(2勝クラス),16,3,5,13.2,6,14,鷲頭虎太,52,芝,1200,良
2019105806,ドロップオブライト,2023-02-11,小倉,10,大濠特別(2勝クラス),18,7,15,21.4,10,1,小沢大仁,53,芝,1200,重
2019105806,ドロップオブライト,2023-03-05,阪神,10,戎橋S(3勝クラス),10,8,9,18.2,8,6,小沢大仁,53,芝,1400,良
2019105806,ドロップオブライト,2023-03-18,中京,10,豊橋S(3勝クラス),12,2,2,24.3,8,3,幸英明,56,芝,1600,重
2019105806,ドロップオブライト,2023-04-29,京都,11,朱雀S(3勝クラス),18,8,16,21.6,7,11,小沢大仁,56,芝,1200,良
2019105806,ドロップオブライト,2023-06-18,函館,11,UHB杯(3勝クラス),16,6,12,10.8,5,4,小沢大仁,56,芝,1200,良
2019105806,ドロップオブライト,2023-07-01,函館,11,TVh杯(3勝クラス),16,7,14,13.0,5,2,小沢大仁,54,芝,1200,良
2019105806,ドロップオブライト,2023-07-22,札幌,11,TVh賞(3勝クラス),15,3,5,8.3,3,5,小沢大仁,56,芝,1200,良
2019105806,ドロップオブライト,2023-09-24,阪神,10,道頓堀S(3勝クラス),16,2,4,8.6,6,3,小沢大仁,55,芝,1200,良
2019105806,ドロップオブライト,2023-10-07,京都,10,長岡京S(3勝クラス),15,8,15,11.0,5,2,小沢大仁,55,芝,1400,良
2019105806,ドロップオブライト,2023-12-10,中京,11,知立S(3勝クラス),9,7,7,2.1,1,1,小沢大仁,56,芝,1200,良
2019105806,ドロップオブライト,2024-02-17,京都,11,京都牝馬S(GIII),18,2,3,46.8,10,9,小沢大仁,55,芝,1400,良
2019105806,ドロップオブライト,2024-03-24,阪神,11,六甲S(L),15,7,12,17.8,8,3,小沢大仁,55,芝,1600,重
2019105806,ドロップオブライト,2024-05-26,京都,10,安土城S(L),18,1,1,5.6,2,6,小沢大仁,54,芝,1400,良
2019105806,ドロップオブライト,2024-06-23,東京,11,パラダイスS(L),16,2,4,8.0,4,10,小沢大仁,54,芝,1400,稍
2019105806,ドロップオブライト,2024-08-18,中京,11,CBC賞(GIII),18,1,1,10.8,6,1,幸英明,54,芝,1200,良
2019105806,ドロップオブライト,2024-11-24,京都,12,京阪杯(GIII),18,4,7,10.8,7,6,幸英明,56,芝,1200,良
2019105806,ドロップオブライト,2025-01-12,中京,11,淀短距離S(L),18,8,16,10.4,4,7,幸英明,57,芝,1200,良
2019105806,ドロップオブライト,2025-03-30,中京,11,高松宮記念(GI),18,8,17,186.4,17,8,幸英明,56,芝,1200,良
2019105806,ドロップオブライト,2025-05-25,新潟,11,韋駄天S(OP),16,6,11,4.8,3,10,小沢大仁,56,芝,1000,稍
2019105806,ドロップオブライト,2025-07-06,小倉,11,TV西日本北九州記念(GIII),18,6,11,19.1,9,6,小沢大仁,56,芝,1200,良
2019105806,ドロップオブライト,2025-08-10,中京,7,CBC賞(GIII),17,2,3,10.2,3,4,松若風馬,56,芝,1200,良
2019105806,ドロップオブライト,2025-09-06,中山,11,京成杯オータムH(GIII),16,2,3,20.4,11,2,松若風馬,56,芝,1600,良
2019105806,ドロップオブライト,2025-09-28,中山,11,スプリンターズS(GI),16,5,9,178.5,16,14,丹内祐次,56,芝,1200,良
2019105806,ドロップオブライト,2025-12-20,中山,11,ターコイズS(GIII),16,4,8,10.5,5,1,松若風馬,56,芝,1600,良
2019105806,ドロップオブライト,2026-02-21,阪神,11,阪急杯(GIII),18,3,5,8.8,5,3,松若風馬,55,芝,1400,良
2019105806,ドロップオブライト,2026-03-22,中京,11,愛知杯(GIII),18,8,16,5.7,1,10,松若風馬,56,芝,1400,良
2019105806,ドロップオブライト,2026-05-17,東京,11,ヴィクトリアマイル(GI),18,5,10,87.6,15,18,松若風馬,56,芝,1600,良
2019105806,ドロップオブライト,2026-07-26,新潟,7,関屋記念(GIII),14,7,11,16.0,10,12,松若風馬,56.5,芝,1600,不
2022101863,ドントゥザムーン,2024-09-22,中山,4,2歳新馬,15,2,2,10.2,5,8,菅原明良,55,ダ,1200,良
2022101863,ドントゥザムーン,2024-10-14,東京,1,2歳未勝利,16,8,16,17.2,5,1,菅原明良,56,ダ,1300,良
2022101863,ドントゥザムーン,2024-11-09,東京,9,オキザリス賞(1勝クラス),16,7,13,69.1,11,11,菅原明良,56,ダ,1400,良
2022101863,ドントゥザムーン,2025-06-01,東京,5,3歳1勝クラス,11,8,10,33.2,8,3,菅原明良,57,ダ,1400,重
2022101863,ドントゥザムーン,2025-06-22,東京,12,3歳以上1勝クラス,16,2,4,5.9,2,8,岩田望来,55,ダ,1400,良
2022101863,ドントゥザムーン,2025-11-08,東京,7,3歳以上1勝クラス,16,6,12,2.9,1,1,菅原明良,57,ダ,1300,良
2022101863,ドントゥザムーン,2025-11-30,東京,10,アプローズ賞(2勝クラス),16,6,11,9.0,4,2,菅原明良,57,ダ,1400,良
2022101863,ドントゥザムーン,2025-12-20,中山,12,3歳以上2勝クラス,16,7,13,3.5,2,4,菅原明良,57,ダ,1200,良
2022101863,ドントゥザムーン,2026-01-11,中山,12,4歳以上2勝クラス,16,1,1,7.3,5,15,三浦皇成,58,ダ,1200,良
2022101863,ドントゥザムーン,2026-05-16,東京,10,立川特別(2勝クラス),12,2,2,15.2,6,5,菅原明良,58,ダ,1400,良
2022101863,ドントゥザムーン,2026-05-30,東京,9,富嶽賞(2勝クラス),16,2,3,4.1,1,4,菅原明良,58,ダ,1400,良
2022101863,ドントゥザムーン,2026-06-21,東京,9,甲州街道特別(2勝クラス),16,1,1,19.6,5,13,木幡巧也,58,ダ,1400,重
2023105420,ナイスプレーアスク,2025-09-28,中山,5,2歳新馬,17,7,13,31.4,8,7,荻野極,55,芝,2000,良
2023105420,ナイスプレーアスク,2026-01-04,中山,5,3歳未勝利,16,3,5,13.2,6,2,荻野極,55,芝,1600,良
2023105420,ナイスプレーアスク,2026-01-25,中山,12,3歳未勝利,16,8,15,4.8,3,1,荻野極,55,芝,1600,良
2023105420,ナイスプレーアスク,2026-02-22,東京,5,3歳1勝クラス,12,8,11,19.7,5,7,三浦皇成,55,芝,1600,良
2023105420,ナイスプレーアスク,2026-03-14,中山,11,アネモネS(L),16,7,14,16.9,7,12,岩田康誠,55,芝,1600,良
2023105420,ナイスプレーアスク,2026-06-21,函館,12,3歳以上1勝クラス,10,8,9,11.2,5,5,丹内祐次,53,芝,1800,良
2023105420,ナイスプレーアスク,2026-07-11,函館,7,3歳以上1勝クラス,14,3,4,5.8,3,1,横山和生,53,芝,1800,稍
2021110148,ノーブルロジャー,2023-11-12,東京,5,2歳新馬,11,5,5,2.0,1,1,石川裕紀,56,芝,1600,良
2021110148,ノーブルロジャー,2024-01-08,京都,11,日刊スポシンザン記念(GIII),18,3,5,4.9,3,1,川田将雅,57,芝,1600,良
2021110148,ノーブルロジャー,2024-03-23,阪神,11,毎日杯(GIII),10,1,1,2.9,1,2,川田将雅,57,芝,1800,重
2021110148,ノーブルロジャー,2024-05-05,東京,11,NHKマイルC(GI),18,1,2,15.8,7,12,松山弘平,57,芝,1600,良
2021110148,ノーブルロジャー,2024-06-15,京都,11,米子S(L),16,5,9,3.4,1,4,坂井瑠星,54,芝,1600,良
2021110148,ノーブルロジャー,2024-09-29,中京,11,ポートアイランドS(L),14,2,2,3.0,1,6,北村友一,56,芝,1600,稍
2021110148,ノーブルロジャー,2024-10-26,京都,11,MBS賞スワンS(GII),17,7,13,18.9,7,4,田口貫太,55,芝,1400,良
2021110148,ノーブルロジャー,2025-01-13,中山,11,ニューイヤーS(L),16,1,1,7.8,4,3,菅原明良,57,芝,1600,良
2021110148,ノーブルロジャー,2025-02-15,京都,11,洛陽S(L),16,7,14,6.6,4,13,岩田望来,57.5,芝,1600,良
2021110148,ノーブルロジャー,2025-04-05,中山,11,ダービー卿チャレンジ(GIII),13,3,4,28.8,9,12,津村明秀,57.5,芝,1600,良
2021110148,ノーブルロジャー,2025-06-21,阪神,11,天保山S(OP),16,4,8,13.5,6,7,小崎綾也,58,ダ,1400,良
2021110148,ノーブルロジャー,2025-09-06,阪神,11,エニフS(L),14,4,5,22.3,8,6,田口貫太,57,ダ,1400,稍
2021110148,ノーブルロジャー,2025-10-26,東京,11,神無月S(OP),16,5,9,16.9,8,4,石川裕紀,58,ダ,1400,不
2021110148,ノーブルロジャー,2025-11-30,京都,11,オータムリーフS(OP),16,4,8,12.5,4,3,石川裕紀,58,ダ,1400,良
2021110148,ノーブルロジャー,2025-12-28,阪神,11,ギャラクシーS(OP),16,2,3,5.3,2,1,石川裕紀,58,ダ,1400,良
2021110148,ノーブルロジャー,2026-02-15,東京,10,バレンタインS(OP),16,2,3,8.4,5,9,石川裕紀,58,ダ,1400,良
2021110148,ノーブルロジャー,2026-03-14,阪神,11,コーラルS(L),13,5,7,15.1,6,4,石川裕紀,59,ダ,1400,良
2021110148,ノーブルロジャー,2026-05-23,東京,11,欅S(OP),16,5,9,11.2,4,3,石川裕紀,59,ダ,1400,稍
2021110148,ノーブルロジャー,2026-06-20,阪神,11,天保山S(OP),15,6,11,15.3,7,5,石川裕紀,59,ダ,1400,重
2021110148,ノーブルロジャー,2026-07-26,中京,7,東海S(GIII),14,1,1,64.3,9,7,吉村誠之,57,ダ,1400,良
2024103393,ハヤブサカツオー,2026-08-16,札幌,5,2歳新馬,12,7,9,16.6,6,3,吉田隼人,55,芝,1800,良
2023106894,ハヤブササキチャン,2025-11-15,京都,5,2歳新馬,18,7,13,3.8,2,3,Ｃ．デム,55,芝,1600,良
2023106894,ハヤブササキチャン,2025-12-20,阪神,3,2歳未勝利,18,2,3,8.0,5,2,Ｃ．デム,55,芝,1600,良
2023106894,ハヤブササキチャン,2026-01-10,京都,5,3歳未勝利,18,6,11,12.3,4,2,吉田隼人,55,芝,1600,良
2023106894,ハヤブササキチャン,2026-03-21,阪神,5,3歳未勝利,18,6,12,3.5,1,3,吉田隼人,55,芝,1600,良
2023106894,ハヤブササキチャン,2026-04-25,京都,3,3歳未勝利,15,7,12,2.0,1,2,西村淳也,55,芝,1800,良
2023106894,ハヤブササキチャン,2026-05-24,京都,3,3歳未勝利,18,1,1,2.1,1,1,吉田隼人,55,芝,1600,良
2023106894,ハヤブササキチャン,2026-08-01,札幌,10,3歳以上1勝クラス,14,4,5,5.8,4,3,吉田隼人,53,芝,1500,稍
2023106894,ハヤブササキチャン,2026-08-16,札幌,3,3歳以上1勝クラス,14,4,5,2.6,1,1,吉田隼人,53,芝,1800,良
2022104724,ハルフロンティア,2024-09-07,中京,4,2歳新馬,9,7,8,26.8,6,4,松山弘平,55,ダ,1800,良
2022104724,ハルフロンティア,2024-09-28,中京,2,2歳未勝利,11,8,10,6.3,4,4,松山弘平,55,ダ,1800,良
2022104724,ハルフロンティア,2024-12-28,京都,3,2歳未勝利,16,6,12,12.3,6,11,吉村誠之,54,芝,2000,良
2022104724,ハルフロンティア,2025-01-13,中京,3,3歳未勝利,16,3,5,5.7,3,7,松山弘平,57,ダ,1900,良
2022104724,ハルフロンティア,2025-02-02,小倉,1,3歳未勝利,15,1,1,13.6,8,8,斎藤新,57,ダ,1700,不
2022104724,ハルフロンティア,2025-06-08,阪神,3,3歳未勝利,16,2,4,14.8,6,12,鮫島克駿,57,ダ,1400,良
2022104724,ハルフロンティア,2025-08-02,札幌,3,3歳未勝利,14,4,6,24.0,8,3,鮫島克駿,57,ダ,1700,良
2022104724,ハルフロンティア,2025-08-09,札幌,4,3歳未勝利,14,4,5,43.0,10,4,鮫島克駿,57,ダ,1700,重
2022104724,ハルフロンティア,2025-09-07,札幌,5,3歳未勝利,14,7,12,13.3,6,3,舟山瑠泉,54,ダ,1700,稍
2022104724,ハルフロンティア,2025-11-15,福島,6,3歳以上1勝クラス,16,2,3,9.7,6,12,舟山瑠泉,53,ダ,2400,良
2022104724,ハルフロンティア,2026-02-21,小倉,7,4歳以上1勝クラス,16,6,11,63.6,11,10,舟山瑠泉,54,ダ,1700,良
2022104724,ハルフロンティア,2026-03-08,阪神,7,4歳以上1勝クラス,9,4,4,181.8,9,5,田山旺佑,55,芝,2000,良
2022104724,ハルフロンティア,2026-03-21,中京,8,4歳以上1勝クラス,13,6,9,78.5,11,4,和田陽希,55,芝,2000,良
2022104724,ハルフロンティア,2026-04-05,阪神,6,4歳以上1勝クラス,9,8,9,5.6,4,6,和田陽希,55,芝,2000,稍
2022104724,ハルフロンティア,2026-04-26,京都,7,4歳以上1勝クラス,14,5,8,7.2,4,3,田山旺佑,56,芝,1800,良
2022104724,ハルフロンティア,2026-05-23,京都,8,4歳以上1勝クラス,15,5,9,6.4,2,3,田山旺佑,56,芝,1800,良
2022104724,ハルフロンティア,2026-06-28,函館,9,臥牛山特別(1勝クラス),10,7,7,11.9,6,7,舟山瑠泉,58,芝,1800,良
2022104724,ハルフロンティア,2026-07-11,函館,9,北斗特別(1勝クラス),10,4,4,18.7,8,1,舟山瑠泉,58,芝,2000,稍
2022104724,ハルフロンティア,2026-08-23,札幌,9,ルスツ特別(1勝クラス),13,2,2,6.3,4,2,松山弘平,58,芝,2000,良
2022104973,バズアップビート,2024-07-07,小倉,5,2歳新馬,7,1,1,1.8,1,2,坂井瑠星,55,芝,1800,良
2022104973,バズアップビート,2024-09-07,中京,3,2歳未勝利,5,3,3,1.3,1,2,川田将雅,55,芝,2000,良
2022104973,バズアップビート,2024-12-21,京都,4,2歳未勝利,16,4,7,2.3,1,8,川田将雅,56,芝,2000,良
2022104973,バズアップビート,2025-01-18,中京,5,3歳未勝利,18,7,14,3.9,1,4,鮫島克駿,57,芝,2000,良
2022104973,バズアップビート,2025-02-01,小倉,7,3歳未勝利,12,5,6,2.0,1,1,鮫島克駿,57,芝,2000,稍
2022104973,バズアップビート,2025-05-04,東京,11,プリンシパルS(L),14,4,6,33.2,9,中,佐々木大,57,芝,2000,良
2022104973,バズアップビート,2025-06-01,京都,11,白百合S(L),11,8,11,13.2,7,3,鮫島克駿,57,芝,1800,良
2022104973,バズアップビート,2025-06-29,福島,11,ラジオNIKKEI賞(GIII),14,7,12,7.4,3,10,戸崎圭太,55,芝,1800,良
2022104973,バズアップビート,2025-09-28,阪神,8,3歳以上1勝クラス,18,1,1,7.0,4,7,鮫島克駿,55,芝,1800,良
2022104973,バズアップビート,2026-01-31,小倉,12,4歳以上1勝クラス,16,8,16,3.8,1,10,鮫島克駿,57,芝,2000,良
2022104973,バズアップビート,2026-02-22,小倉,8,4歳以上1勝クラス,14,5,8,6.1,3,9,鮫島克駿,57,芝,2000,良
2022104973,バズアップビート,2026-05-17,東京,8,4歳以上1勝クラス,15,6,10,5.4,3,4,西村淳也,58,芝,1800,良
2022104973,バズアップビート,2026-06-20,函館,10,駒ケ岳特別(1勝クラス),8,6,6,4.4,3,2,武豊,58,芝,2600,良
2022104973,バズアップビート,2026-07-04,函館,8,3歳以上1勝クラス,7,6,6,2.4,2,7,武豊,58,芝,2600,良
2022105367,パイオニアスクエア,2025-06-21,阪神,6,3歳未勝利,14,2,2,12.3,5,3,和田竜二,57,芝,2000,良
2022105367,パイオニアスクエア,2025-07-13,小倉,4,3歳未勝利,16,3,5,8.6,4,4,和田竜二,57,芝,1800,良
2022105367,パイオニアスクエア,2025-07-27,中京,11,3歳未勝利,11,1,1,6.8,3,2,和田竜二,57,芝,2200,良
2022105367,パイオニアスクエア,2025-08-16,中京,3,3歳未勝利,18,3,5,2.4,1,5,川田将雅,57,芝,2200,良
2022105367,パイオニアスクエア,2025-09-07,阪神,4,3歳未勝利,16,7,14,4.6,2,3,川田将雅,57,芝,2000,良
2022105367,パイオニアスクエア,2026-03-29,中京,6,4歳以上1勝クラス,13,3,3,21.8,8,2,富田暁,57,芝,2200,良
2022105367,パイオニアスクエア,2026-05-10,新潟,9,荒川峡特別(1勝クラス),14,6,10,7.9,4,8,富田暁,58,芝,2400,良
2022105367,パイオニアスクエア,2026-06-27,小倉,9,八代特別(1勝クラス),8,6,6,23.8,6,5,富田暁,58,芝,2000,稍
2022105367,パイオニアスクエア,2026-07-25,新潟,8,清津峡特別(1勝クラス),13,7,10,4.0,2,2,荻野極,58,ダ,1800,稍
2020104616,パクスロマーナ,2022-04-21,門別,6,JRA認定フレッシュ(2歳),8,4,4,,,取,石川倭,54,ダ,1000,良
2020104616,パクスロマーナ,2022-05-19,門別,3,JRA認定フレッシュ(2歳),11,3,3,23.7,5,6,黒澤愛斗,54,ダ,1100,良
2020104616,パクスロマーナ,2022-06-09,門別,5,JRA認定アタックチ(2歳),12,8,11,138.2,9,6,黒澤愛斗,54,ダ,1000,良
2020104616,パクスロマーナ,2022-07-05,門別,5,2歳牝馬未勝利,10,4,4,106.6,8,5,石堂響,54,ダ,1000,稍
2020104616,パクスロマーナ,2022-07-19,門別,3,2歳未勝利,9,8,9,2.8,1,1,石堂響,54,ダ,1000,稍
2020104616,パクスロマーナ,2022-08-16,門別,5,JRA認定アタックチ(2歳),12,3,3,21.5,10,11,石堂響,54,ダ,1000,不
2020104616,パクスロマーナ,2022-09-01,門別,9,2歳3組,11,7,9,29.9,8,6,石堂響,54,ダ,1000,重
2020104616,パクスロマーナ,2022-09-14,門別,8,JRA認定ウィナーズ(2歳),12,8,11,73.9,11,9,石堂響,54,ダ,1200,良
2020104616,パクスロマーナ,2022-09-27,門別,4,2歳3組,8,6,6,30.3,7,4,石堂響,54,ダ,1200,稍
2020104616,パクスロマーナ,2022-10-12,門別,6,新ひだか町静内地酒・(2歳),11,1,1,83.8,9,8,高野誠毅,54,ダ,1200,重
2020104616,パクスロマーナ,2022-10-27,門別,6,2歳3組,11,6,8,25.0,5,3,高野誠毅,54,ダ,1000,良
2020104616,パクスロマーナ,2022-11-10,門別,6,トパーズ特別(OP)(2歳),10,3,3,82.1,9,5,高野誠毅,54,ダ,1200,稍
2020104616,パクスロマーナ,2022-12-14,笠松,9,寒椿特別(2歳),7,4,4,3.1,2,6,岡部誠,54,ダ,1400,良
2020104616,パクスロマーナ,2023-01-31,川崎,2,3歳6,10,5,5,17.2,6,9,本田紀忠,54,ダ,1400,良
2020104616,パクスロマーナ,2023-03-03,川崎,3,シュトゥルムヴィント(3歳),12,1,1,10.0,4,2,小林捺花,50,ダ,900,良
2020104616,パクスロマーナ,2023-04-03,川崎,2,アルコンスィエル賞(3歳),12,4,4,2.8,1,2,小林捺花,50,ダ,900,良
2020104616,パクスロマーナ,2023-04-25,浦和,2,ランチタイムチャレン(3歳),12,3,3,15.6,6,1,新原周馬,53,ダ,1400,良
2020104616,パクスロマーナ,2023-05-17,川崎,2,ブレッザ賞(3歳),11,8,10,17.8,5,1,池谷匠翔,52,ダ,900,稍
2020104616,パクスロマーナ,2023-06-15,川崎,2,ヴィントシュトース賞(3歳),12,5,6,3.1,1,2,小林捺花,50,ダ,900,稍
2020104616,パクスロマーナ,2023-06-27,大井,11,優駿スプリント競走(重賞),16,5,10,286.3,14,15,池谷匠翔,54,ダ,1200,良
2020104616,パクスロマーナ,2023-07-05,川崎,9,疾風賞(C1),10,8,9,4.6,3,2,小林捺花,49,ダ,900,良
2020104616,パクスロマーナ,2023-08-27,小倉,12,3歳以上1勝クラス,14,8,13,27.0,8,8,国分優作,54,ダ,1000,良
2020104616,パクスロマーナ,2024-03-03,小倉,3,4歳以上1勝クラス,14,8,13,141.8,14,11,幸英明,56,ダ,1000,稍
2020104616,パクスロマーナ,2024-06-15,函館,8,3歳以上1勝クラス,11,4,4,89.7,10,8,荻野琢真,56,ダ,1000,良
2020104616,パクスロマーナ,2024-06-23,函館,12,3歳以上1勝クラス,9,6,6,101.5,8,6,荻野琢真,56,芝,1200,良
2020104616,パクスロマーナ,2024-07-07,函館,12,3歳以上1勝クラス,9,2,2,82.4,9,3,荻野琢真,56,芝,1200,稍
2020104616,パクスロマーナ,2024-07-28,札幌,8,3歳以上1勝クラス,14,6,10,45.4,10,6,荻野琢真,56,芝,1200,稍
2020104616,パクスロマーナ,2024-08-25,札幌,9,小樽特別(1勝クラス),15,5,8,58.1,11,14,荻野琢真,56,芝,1200,良
2020104616,パクスロマーナ,2024-09-07,中京,6,3歳以上1勝クラス,14,7,12,98.8,10,13,荻野琢真,56,ダ,1200,良
2020104616,パクスロマーナ,2025-01-26,小倉,9,八幡特別(1勝クラス),18,8,17,378.1,18,10,荻野琢真,56,芝,1200,良
2020104616,パクスロマーナ,2025-03-02,小倉,7,4歳以上1勝クラス,17,5,9,61.3,14,1,川須栄彦,56,芝,1200,重
2020104616,パクスロマーナ,2025-03-30,中山,12,4歳以上2勝クラス,13,5,7,16.0,7,1,杉原誠人,56,芝,1200,良
2020104616,パクスロマーナ,2025-05-04,京都,10,淀S(3勝クラス),13,4,5,53.0,12,4,川須栄彦,56,芝,1200,良
2020104616,パクスロマーナ,2025-06-29,小倉,11,佐世保S(3勝クラス),13,6,9,13.7,7,4,川須栄彦,54,芝,1200,良
2020104616,パクスロマーナ,2025-07-19,小倉,11,テレQ杯(3勝クラス),17,7,13,23.2,9,3,川須栄彦,56,芝,1200,良
2020104616,パクスロマーナ,2025-10-18,新潟,11,北陸S(3勝クラス),18,2,3,34.4,10,14,杉原誠人,55,芝,1200,良
2020104616,パクスロマーナ,2025-11-23,京都,12,醍醐S(3勝クラス),16,8,15,85.2,13,3,池添謙一,56,芝,1200,良
2020104616,パクスロマーナ,2025-12-07,中山,9,南総S(3勝クラス),12,3,3,12.6,6,7,杉原誠人,56,芝,1200,良
2020104616,パクスロマーナ,2026-01-31,小倉,11,巌流島S(3勝クラス),18,7,13,22.1,13,17,小沢大仁,55,芝,1200,良
2020104616,パクスロマーナ,2026-03-29,中山,10,船橋S(3勝クラス),15,4,7,22.3,8,7,杉原誠人,56,芝,1200,良
2020104616,パクスロマーナ,2026-05-03,京都,10,朱雀S(3勝クラス),18,6,12,76.5,13,15,池添謙一,56,芝,1200,良
2020104616,パクスロマーナ,2026-06-21,函館,11,UHB杯(3勝クラス),15,3,4,17.3,9,2,杉原誠人,53,芝,1200,良
2020104616,パクスロマーナ,2026-07-04,函館,11,TVh杯(3勝クラス),16,5,9,16.0,6,6,舟山瑠泉,56,芝,1200,良
2020104616,パクスロマーナ,2026-07-25,札幌,11,TVh賞(3勝クラス),12,8,12,18.9,8,6,舟山瑠泉,56,芝,1200,良
2021106752,パレハ,2024-01-21,京都,5,3歳新馬,17,2,3,24.6,8,4,幸英明,55,芝,1600,不
2021106752,パレハ,2024-03-09,阪神,4,3歳未勝利,13,8,13,10.4,5,1,鮫島克駿,55,芝,2000,良
2021106752,パレハ,2024-04-07,阪神,9,忘れな草賞(L),8,1,1,22.4,5,6,鮫島克駿,55,芝,2000,良
2021106752,パレハ,2024-05-19,東京,11,優駿牝馬(GI),18,2,4,215.8,17,15,田辺裕信,55,芝,2400,良
2021106752,パレハ,2024-07-20,小倉,7,3歳以上1勝クラス,11,1,1,5.2,3,4,和田竜二,53,芝,2000,稍
2021106752,パレハ,2024-09-21,中京,7,3歳以上1勝クラス,16,7,14,4.7,3,2,鮫島克駿,53,芝,2000,良
2021106752,パレハ,2024-10-26,京都,7,3歳以上1勝クラス,11,6,6,4.3,2,4,鮫島克駿,54,芝,2000,良
2021106752,パレハ,2024-11-17,福島,8,3歳以上1勝クラス,16,3,6,3.0,1,1,鮫島克駿,54,芝,2000,良
2021106752,パレハ,2025-01-26,中山,7,4歳以上2勝クラス,10,4,4,7.9,4,2,岩田望来,55,芝,1800,良
2021106752,パレハ,2025-03-16,中山,9,房総特別(2勝クラス),16,8,15,8.5,4,7,田辺裕信,56,芝,1800,重
2021106752,パレハ,2025-06-14,函館,10,松前特別(2勝クラス),16,3,6,11.0,6,1,鮫島克駿,56,芝,1800,良
2021106752,パレハ,2025-07-12,函館,11,五稜郭S(3勝クラス),14,6,10,6.9,4,1,鮫島克駿,56,芝,1800,良
2021106752,パレハ,2025-08-03,札幌,11,クイーンS(GIII),14,1,1,26.5,8,5,鮫島克駿,55,芝,1800,良
2021106752,パレハ,2025-11-22,福島,11,福島記念(GIII),16,4,7,18.6,7,3,鮫島克駿,54,芝,2000,良
2021106752,パレハ,2026-01-24,小倉,11,小倉牝馬S(GIII),18,5,9,9.7,4,7,鮫島克駿,54,芝,2000,良
2021106752,パレハ,2026-02-22,小倉,11,小倉大賞典(GIII),16,3,6,10.0,6,9,鮫島克駿,54,芝,1800,良
2021106752,パレハ,2026-04-19,福島,11,福島牝馬S(GIII),16,3,5,27.0,8,9,田山旺佑,55,芝,1800,良
2021106752,パレハ,2026-07-12,函館,11,巴賞(OP),14,2,2,5.7,2,8,佐々木大,55,芝,1800,重
2022106420,パーティーガール,2024-09-21,中山,3,2歳新馬,16,2,3,11.7,7,14,藤田菜七,53,ダ,1800,良
2022106420,パーティーガール,2024-10-19,東京,1,2歳未勝利,15,3,4,166.3,14,10,野中悠太,55,ダ,1400,良
2022106420,パーティーガール,2024-11-02,東京,1,2歳未勝利,14,3,3,70.9,9,3,野中悠太,55,ダ,1300,重
2022106420,パーティーガール,2024-11-17,福島,1,2歳未勝利,16,8,15,17.0,6,4,長浜鴻緒,52,ダ,1150,良
2022106420,パーティーガール,2024-12-07,中山,1,2歳未勝利,16,8,15,8.7,4,6,長浜鴻緒,52,ダ,1200,良
2022106420,パーティーガール,2025-06-07,東京,6,3歳未勝利,16,4,8,27.4,6,12,長浜鴻緒,53,ダ,1300,良
2022106420,パーティーガール,2025-07-27,新潟,5,3歳未勝利,15,5,8,16.5,6,11,野中悠太,55,ダ,1200,良
2022106420,パーティーガール,2025-08-03,新潟,9,3歳未勝利,15,3,5,64.0,10,13,野中悠太,55,ダ,1800,良
2022106420,パーティーガール,2025-10-15,川崎,3,長谷賞(C2八),12,3,3,2.1,1,1,小野楓馬,54,ダ,1400,稍
2022106420,パーティーガール,2025-11-19,川崎,5,C2三 四五(C2四),12,5,5,2.2,1,1,野畑凌,54,ダ,1400,良
2022106420,パーティーガール,2025-12-15,川崎,7,ベルリン賞(C2),12,4,4,1.6,1,1,野畑凌,54,ダ,1400,重
2022106420,パーティーガール,2026-01-01,川崎,12,初詣賞(C1),12,3,3,4.4,2,1,野畑凌,54,ダ,1400,稍
2022106420,パーティーガール,2026-02-21,東京,7,4歳以上1勝クラス,16,4,7,95.6,10,15,松岡正海,56,ダ,1400,良
2022106420,パーティーガール,2026-05-16,新潟,7,4歳以上1勝クラス,13,5,6,143.9,11,11,遠藤汰月,53,ダ,1200,良
2022106420,パーティーガール,2026-06-14,函館,7,3歳以上1勝クラス,12,5,5,321.7,12,10,遠藤汰月,53,ダ,1000,良
2022106420,パーティーガール,2026-06-21,函館,8,3歳以上1勝クラス,12,4,4,289.9,12,10,遠藤汰月,53,ダ,1700,良
2022106420,パーティーガール,2026-07-05,函館,7,3歳以上1勝クラス,9,6,6,165.0,9,6,遠藤汰月,53,ダ,1000,良
2022106420,パーティーガール,2026-08-08,新潟,11,3歳以上1勝クラス,18,5,10,73.5,12,6,菊沢一樹,56,芝,1000,良
2022106420,パーティーガール,2026-08-23,新潟,11,3歳以上1勝クラス,17,8,15,8.3,4,1,菊沢一樹,56,芝,1000,良
2023105714,ヒズマスターピース,2025-09-28,中山,5,2歳新馬,17,5,9,3.8,2,6,菅原明良,55,芝,2000,良
2023105714,ヒズマスターピース,2025-10-25,東京,2,2歳未勝利,10,7,8,5.4,2,1,菅原明良,55,芝,1600,良
2023105714,ヒズマスターピース,2025-11-23,東京,9,赤松賞(1勝クラス),8,3,3,8.8,5,1,荻野極,55,芝,1600,良
2023105714,ヒズマスターピース,2025-12-14,阪神,11,阪神ジュベナイルF(GI),18,4,8,19.6,7,15,藤岡佑介,55,芝,1600,良
2023105714,ヒズマスターピース,2026-02-14,東京,11,デイリー杯クイーンC(GIII),16,3,5,17.7,7,3,佐々木大,55,芝,1600,良
2023105714,ヒズマスターピース,2026-04-11,中山,11,ニュージーランドT(GII),15,3,4,13.3,5,7,佐々木大,55,芝,1600,良
2023105714,ヒズマスターピース,2026-07-26,札幌,10,羊ヶ丘特別(2勝クラス),9,8,10,3.7,2,5,佐々木大,53,芝,1500,良
2023105714,ヒズマスターピース,2026-08-08,札幌,12,摩周湖特別(2勝クラス),13,6,8,9.5,6,5,浜中俊,53,芝,1500,稍
2022102388,ヒミノエトワール,2024-11-10,京都,4,2歳新馬,14,7,11,18.2,7,3,池添謙一,55,ダ,1400,良
2022102388,ヒミノエトワール,2024-12-07,京都,1,2歳未勝利,13,1,1,1.5,1,1,ルメール,55,ダ,1400,良
2022102388,ヒミノエトワール,2025-01-18,中京,10,紅梅S(L),12,5,6,98.1,11,9,横山典弘,55,芝,1400,良
2022102388,ヒミノエトワール,2025-05-18,東京,6,3歳1勝クラス,16,5,10,72.5,10,6,横山典弘,55,ダ,1600,重
2022102388,ヒミノエトワール,2025-07-13,小倉,7,3歳以上1勝クラス,16,5,10,13.0,5,7,幸英明,53,ダ,1700,良
2022102388,ヒミノエトワール,2025-09-07,阪神,6,3歳以上1勝クラス,15,7,12,4.5,2,2,池添謙一,54,ダ,1400,良
2022102388,ヒミノエトワール,2025-10-04,京都,6,3歳以上1勝クラス,16,3,5,7.7,4,2,池添謙一,54,ダ,1400,不
2022102388,ヒミノエトワール,2025-12-07,中京,2,3歳以上1勝クラス,16,4,7,2.0,1,4,池添謙一,55,ダ,1400,良
2022102388,ヒミノエトワール,2026-03-15,中京,6,4歳以上1勝クラス,16,3,6,3.4,1,3,松山弘平,56,ダ,1400,良
2022102388,ヒミノエトワール,2026-03-28,阪神,7,4歳以上1勝クラス,12,7,9,1.8,1,9,松山弘平,56,ダ,1400,良
2022102388,ヒミノエトワール,2026-05-09,京都,8,4歳以上1勝クラス,16,2,4,3.2,2,7,池添謙一,56,ダ,1400,良
2022102388,ヒミノエトワール,2026-06-28,函館,7,3歳以上1勝クラス,10,7,7,3.5,2,4,武豊,56,ダ,1700,稍
2022102388,ヒミノエトワール,2026-07-12,函館,7,3歳以上1勝クラス,9,8,9,2.9,1,1,武豊,56,ダ,1700,不
2022102388,ヒミノエトワール,2026-08-23,札幌,10,オールスターJ第3戦(2勝クラス),14,6,9,9.8,7,5,ロイド,56,ダ,1700,良
2020100896,ビッグシーザー,2022-08-21,小倉,5,2歳新馬,8,6,6,2.1,1,3,幸英明,54,芝,1200,重
2020100896,ビッグシーザー,2022-09-04,小倉,2,2歳未勝利,13,5,6,2.3,1,2,松山弘平,54,芝,1200,良
2020100896,ビッグシーザー,2022-09-18,中京,3,2歳未勝利,8,1,1,1.3,1,1,幸英明,54,芝,1200,良
2020100896,ビッグシーザー,2022-11-13,福島,9,福島2歳S(OP),16,2,4,2.9,1,1,酒井学,55,芝,1200,良
2020100896,ビッグシーザー,2022-12-17,中京,9,報知杯中京2歳S(OP),10,7,7,1.9,1,1,幸英明,56,芝,1200,良
2020100896,ビッグシーザー,2023-02-26,阪神,10,マーガレットS(L),10,4,4,1.3,1,1,幸英明,57,芝,1200,良
2020100896,ビッグシーザー,2023-05-27,京都,11,葵S(GIII),18,1,2,1.7,1,3,幸英明,57,芝,1200,良
2020100896,ビッグシーザー,2023-09-10,阪神,11,産経賞セントウルS(GII),15,4,6,3.7,1,10,幸英明,55,芝,1200,良
2020100896,ビッグシーザー,2023-10-08,京都,11,夕刊フジ杯オパールS(L),18,1,2,3.4,1,12,幸英明,56,芝,1200,良
2020100896,ビッグシーザー,2023-11-26,京都,12,京阪杯(GIII),18,1,2,7.2,3,5,坂井瑠星,56,芝,1200,良
2020100896,ビッグシーザー,2024-01-13,京都,11,淀短距離S(L),17,4,7,3.2,1,1,坂井瑠星,58,芝,1200,良
2020100896,ビッグシーザー,2024-03-02,中山,11,夕刊フジオーシャンS(GIII),16,5,10,4.0,2,2,坂井瑠星,57,芝,1200,稍
2020100896,ビッグシーザー,2024-03-24,中京,11,高松宮記念(GI),18,1,1,21.4,9,7,吉田隼人,58,芝,1200,重
2020100896,ビッグシーザー,2024-06-09,函館,11,函館スプリントS(GIII),16,7,13,7.6,3,3,坂井瑠星,57,芝,1200,良
2020100896,ビッグシーザー,2024-06-22,函館,11,青函S(OP),16,7,14,2.9,1,6,鮫島克駿,59,芝,1200,良
2020100896,ビッグシーザー,2024-08-25,札幌,11,キーンランドC(GIII),16,6,12,13.1,5,6,坂井瑠星,57,芝,1200,良
2020100896,ビッグシーザー,2024-10-05,京都,11,夕刊フジ杯オパールS(L),18,7,14,8.7,6,1,田口貫太,58,芝,1200,良
2020100896,ビッグシーザー,2024-11-24,京都,12,京阪杯(GIII),18,2,3,4.7,1,1,北村友一,57,芝,1200,良
2020100896,ビッグシーザー,2025-03-30,中京,11,高松宮記念(GI),18,2,3,19.7,7,9,北村友一,58,芝,1200,良
2020100896,ビッグシーザー,2026-02-01,京都,11,シルクロードS(GIII),18,5,9,13.5,7,12,北村友一,58.5,芝,1200,良
2020100896,ビッグシーザー,2026-02-28,中山,11,オーシャンS(GIII),16,7,13,24.6,8,9,北村友一,57,芝,1200,良
2020100896,ビッグシーザー,2026-03-29,中京,11,高松宮記念(GI),18,1,2,29.8,10,11,西村淳也,58,芝,1200,良
2020100896,ビッグシーザー,2026-08-02,新潟,7,アイビスサマーD(GIII),17,8,17,6.8,4,4,荻野極,57,芝,1000,良
2021102700,ビバップ,2023-06-11,函館,5,2歳新馬,11,2,2,15.4,7,7,西村淳也,55,芝,1200,良
2021102700,ビバップ,2023-11-05,福島,1,2歳未勝利,12,5,5,7.9,3,3,丸山元気,56,ダ,1150,良
2021102700,ビバップ,2023-11-19,福島,1,2歳未勝利,16,5,9,3.2,1,1,丸山元気,56,ダ,1150,重
2021102700,ビバップ,2023-12-10,阪神,6,2歳1勝クラス,7,2,2,12.0,3,7,ムルザバ,56,ダ,1200,良
2021102700,ビバップ,2024-03-17,中山,4,3歳1勝クラス,16,2,4,38.0,8,6,横山和生,57,ダ,1200,良
2021102700,ビバップ,2024-04-07,阪神,5,3歳1勝クラス,16,1,2,31.5,8,15,吉村誠之,54,ダ,1400,良
2021102700,ビバップ,2024-06-15,京都,12,3歳以上1勝クラス,16,6,12,62.5,13,2,幸英明,55,ダ,1200,良
2021102700,ビバップ,2024-07-07,小倉,8,3歳以上1勝クラス,14,6,10,2.5,1,4,吉村誠之,52,ダ,1000,良
2021102700,ビバップ,2024-07-28,新潟,8,3歳以上1勝クラス,15,5,8,3.9,2,5,吉村誠之,52,ダ,1200,稍
2021102700,ビバップ,2024-12-07,京都,8,3歳以上1勝クラス,12,5,7,3.4,2,5,吉村誠之,55,ダ,1200,良
2021102700,ビバップ,2024-12-14,中京,3,3歳以上1勝クラス,16,5,9,1.9,1,1,鮫島克駿,57,ダ,1200,良
2021102700,ビバップ,2025-01-05,中京,8,4歳以上2勝クラス,16,1,1,11.3,7,8,吉村誠之,56,ダ,1200,良
2021102700,ビバップ,2025-03-02,阪神,12,4歳以上2勝クラス,16,3,6,17.8,7,10,吉村誠之,56,ダ,1200,良
2021102700,ビバップ,2025-05-03,京都,12,4歳以上2勝クラス,16,3,6,12.2,6,8,吉村誠之,57,ダ,1200,稍
2021102700,ビバップ,2025-07-06,福島,9,さくらんぼ特別(2勝クラス),16,1,2,9.0,5,1,石橋脩,58,ダ,1150,良
2021102700,ビバップ,2025-08-16,新潟,7,上越S(3勝クラス),15,2,3,7.6,6,6,石橋脩,58,ダ,1200,良
2021102700,ビバップ,2025-10-04,京都,10,大山崎S(3勝クラス),16,2,3,22.0,10,13,西塚洸二,58,ダ,1200,不
2021102700,ビバップ,2026-01-12,中山,10,初春S(3勝クラス),16,5,9,13.6,5,16,荻野極,55,ダ,1200,良
2021102700,ビバップ,2026-08-15,新潟,7,上越S(3勝クラス),15,7,12,94.2,15,15,吉田豊,58,ダ,1200,良
2021103595,ビーコング,2023-09-18,阪神,4,2歳新馬,8,3,3,40.6,8,6,西塚洸二,52,ダ,1400,良
2021103595,ビーコング,2023-09-24,阪神,3,2歳未勝利,13,7,10,46.8,7,7,西塚洸二,52,ダ,1400,良
2021103595,ビーコング,2023-11-18,福島,3,2歳未勝利,15,7,13,11.7,5,6,西塚洸二,53,ダ,1700,不
2021103595,ビーコング,2024-01-13,小倉,1,3歳未勝利,14,5,8,7.9,3,3,西塚洸二,54,ダ,1700,良
2021103595,ビーコング,2024-01-28,小倉,1,3歳未勝利,11,4,4,2.9,1,7,幸英明,57,ダ,1700,良
2021103595,ビーコング,2024-02-03,小倉,3,3歳未勝利,14,7,12,4.8,2,2,松本大輝,56,ダ,1000,良
2021103595,ビーコング,2024-03-02,小倉,3,3歳未勝利,14,4,5,1.8,1,2,松本大輝,56,ダ,1000,重
2021103595,ビーコング,2024-04-21,京都,2,3歳未勝利,16,8,16,3.1,2,2,西村淳也,57,ダ,1200,良
2021103595,ビーコング,2024-05-04,京都,3,3歳未勝利,16,5,10,2.4,1,5,西村淳也,57,ダ,1200,良
2021103595,ビーコング,2024-06-01,京都,3,3歳未勝利,16,5,9,3.1,1,5,西村淳也,57,ダ,1200,稍
2021103595,ビーコング,2024-06-29,小倉,2,3歳未勝利,14,8,14,3.7,3,3,松本大輝,56,ダ,1000,重
2021103595,ビーコング,2024-07-06,小倉,3,3歳未勝利,14,2,2,4.4,3,4,松本大輝,56,ダ,1000,良
2021103595,ビーコング,2024-07-28,新潟,5,3歳未勝利,15,4,7,5.8,3,1,吉村誠之,54,ダ,1200,良
2021103595,ビーコング,2024-10-20,新潟,12,3歳以上1勝クラス,13,5,6,17.1,5,8,松本大輝,56,ダ,1200,稍
2021103595,ビーコング,2024-10-27,京都,8,3歳以上1勝クラス,15,5,8,30.8,9,12,吉村誠之,54,ダ,1200,良
2021103595,ビーコング,2024-12-10,川崎,10,ディセンバースター賞(B2B3),14,8,14,13.5,7,3,松本大輝,56,ダ,1500,良
2021103595,ビーコング,2025-02-02,東京,7,4歳以上1勝クラス,16,7,13,123.0,11,11,西村淳也,58,ダ,1600,稍
2021103595,ビーコング,2025-02-15,小倉,6,4歳以上1勝クラス,18,3,5,28.0,7,3,永島まな,56,芝,1200,良
2021103595,ビーコング,2025-03-01,小倉,12,4歳以上1勝クラス,18,3,5,8.8,6,16,永島まな,56,芝,1200,良
2021103595,ビーコング,2025-03-29,中京,12,4歳以上1勝クラス,16,8,15,22.9,7,5,永島まな,56,ダ,1200,稍
2021103595,ビーコング,2025-04-20,福島,9,医王寺特別(1勝クラス),15,4,6,26.5,9,8,菊沢一樹,58,芝,1200,良
2021103595,ビーコング,2025-09-13,中山,8,3歳以上1勝クラス,15,4,8,14.8,6,5,小林美駒,55,ダ,1200,不
2021103595,ビーコング,2025-09-21,中山,6,3歳以上1勝クラス,16,3,6,12.6,5,2,小林美駒,55,ダ,1200,良
2021103595,ビーコング,2025-10-26,新潟,6,3歳以上1勝クラス,13,6,9,2.5,1,2,永島まな,56,ダ,1200,稍
2021103595,ビーコング,2025-11-16,福島,8,3歳以上1勝クラス,16,5,9,2.2,1,12,永島まな,56,ダ,1150,良
2021103595,ビーコング,2026-01-05,中山,12,4歳以上1勝クラス,16,6,12,4.6,2,1,横山武史,58,ダ,1200,稍
2021103595,ビーコング,2026-01-25,中山,8,4歳以上2勝クラス,15,7,12,25.5,7,3,横山武史,58,ダ,1200,良
2021103595,ビーコング,2026-04-04,中山,12,4歳以上2勝クラス,16,3,6,11.4,6,15,横山武史,58,ダ,1200,重
2021103595,ビーコング,2026-05-30,東京,9,富嶽賞(2勝クラス),16,6,12,62.9,12,8,横山武史,58,ダ,1400,良
2021103595,ビーコング,2026-06-20,函館,11,STV杯(2勝クラス),16,6,11,113.9,16,11,池添謙一,58,芝,1200,良
2021103595,ビーコング,2026-06-28,函館,12,湯の川温泉特別(2勝クラス),14,5,7,118.6,14,3,松本大輝,58,芝,1200,良
2021103595,ビーコング,2026-08-22,札幌,10,オールスターJ第1戦(2勝クラス),14,7,11,8.6,5,4,レーン,58,芝,1200,良
2022102421,ビービーエフォート,2025-03-01,小倉,2,3歳未勝利,18,8,16,26.9,7,5,丹内祐次,55,芝,1200,良
2022102421,ビービーエフォート,2025-03-30,中京,5,3歳未勝利,18,6,11,17.3,6,1,横山武史,55,芝,1200,良
2022102421,ビービーエフォート,2025-07-13,福島,7,3歳以上1勝クラス,15,6,10,4.2,2,3,遠藤汰月,50,芝,1200,良
2022102421,ビービーエフォート,2025-08-03,新潟,12,3歳以上1勝クラス,12,4,4,2.8,1,1,遠藤汰月,51,芝,1200,良
2022102421,ビービーエフォート,2025-10-05,京都,12,3歳以上2勝クラス,16,3,6,20.1,8,7,西塚洸二,54,芝,1200,稍
2022102421,ビービーエフォート,2025-10-26,京都,8,壬生特別(2勝クラス),14,7,11,10.0,5,12,武豊,55,芝,1200,稍
2022102421,ビービーエフォート,2026-03-08,中山,12,4歳以上2勝クラス,16,3,5,26.9,9,3,横山武史,56,芝,1200,良
2022102421,ビービーエフォート,2026-03-29,中山,12,4歳以上2勝クラス,11,7,9,3.6,2,2,横山武史,56,芝,1200,良
2022102421,ビービーエフォート,2026-05-23,新潟,11,大日岳特別(2勝クラス),16,8,15,5.9,3,5,丹内祐次,56,芝,1200,稍
2022102421,ビービーエフォート,2026-06-20,東京,10,相模湖特別(2勝クラス),14,7,11,69.1,10,6,三浦皇成,56,芝,1400,稍
2022102421,ビービーエフォート,2026-08-22,札幌,10,オールスターJ第1戦(2勝クラス),14,4,5,6.0,3,2,ロイド,56,芝,1200,良
2021101727,ピコニ,2023-08-18,大井,3,2歳 新馬,6,2,2,1.3,1,2,御神本訓,54,ダ,1600,稍
2021101727,ピコニ,2023-09-08,大井,5,2歳三 四,,5,5,,,,御神本訓,54,ダ,1600,不
2021101727,ピコニ,2023-09-21,大井,11,ゴールドジュニア競走(重賞),11,2,2,22.0,6,4,御神本訓,54,ダ,1200,良
2021101727,ピコニ,2024-01-24,大井,5,3歳六 七,12,1,1,1.2,1,1,御神本訓,56,ダ,1600,重
2021101727,ピコニ,2024-02-14,大井,11,雲取賞競走(JpnIII),16,6,11,53.1,8,10,御神本訓,56,ダ,1800,良
2021101727,ピコニ,2024-05-18,東京,6,3歳1勝クラス,10,1,1,64.7,6,3,木幡巧也,57,ダ,1600,良
2021101727,ピコニ,2024-06-08,東京,12,3歳以上1勝クラス,16,6,11,5.6,3,4,木幡巧也,55,ダ,1400,良
2021101727,ピコニ,2024-08-25,新潟,8,3歳以上1勝クラス,15,6,10,7.6,3,2,石橋脩,55,ダ,1800,良
2021101727,ピコニ,2024-09-16,中山,7,3歳以上1勝クラス,11,1,1,4.0,2,2,木幡巧也,55,ダ,1800,良
2021101727,ピコニ,2024-09-28,中京,6,3歳以上1勝クラス,10,3,3,2.8,1,2,松山弘平,55,ダ,1800,良
2021101727,ピコニ,2024-10-20,東京,8,3歳以上1勝クラス,12,6,8,1.8,1,1,木幡巧也,56,ダ,1600,良
2021101727,ピコニ,2024-12-28,中山,10,コントレイルC(2勝クラス),16,1,2,29.5,7,10,木幡巧也,57,ダ,1800,良
2021101727,ピコニ,2025-01-25,中山,10,初霞賞(2勝クラス),13,6,8,40.0,7,2,木幡巧也,57,ダ,1800,良
2021101727,ピコニ,2025-02-15,東京,8,4歳以上2勝クラス,16,5,9,24.8,7,15,木幡巧也,58,ダ,1600,良
2021101727,ピコニ,2025-06-15,東京,12,3歳以上2勝クラス,16,7,13,19.6,6,3,木幡巧也,58,ダ,1600,重
2021101727,ピコニ,2025-07-12,福島,8,3歳以上2勝クラス,15,6,10,7.9,4,10,木幡巧也,58,ダ,1700,良
2021101727,ピコニ,2026-04-25,東京,12,4歳以上2勝クラス,13,7,11,45.1,9,12,木幡巧也,58,ダ,1600,稍
2021101727,ピコニ,2026-05-16,京都,12,4歳以上2勝クラス,15,5,8,73.8,12,9,酒井学,58,ダ,1200,良
2022101765,ピコローズ,2024-07-06,函館,5,2歳新馬,11,4,4,8.0,5,1,佐々木大,55,芝,1200,良
2022101765,ピコローズ,2024-09-01,札幌,9,シンガポールTC賞(OP),10,1,1,20.8,6,4,永野猛蔵,55,芝,1200,稍
2022101765,ピコローズ,2024-10-05,京都,9,りんどう賞(1勝クラス),10,8,10,36.0,9,5,北村友一,55,芝,1400,良
2022101765,ピコローズ,2024-12-07,中京,9,つわぶき賞(1勝クラス),12,2,2,11.9,5,3,田辺裕信,55,芝,1400,良
2022101765,ピコローズ,2025-01-18,中山,9,菜の花賞(1勝クラス),16,8,16,31.7,7,2,田辺裕信,55,芝,1600,良
2022101765,ピコローズ,2025-03-15,中山,11,アネモネS(L),12,8,12,4.4,2,5,田辺裕信,55,芝,1600,良
2022101765,ピコローズ,2025-05-03,東京,10,スイートピーS(L),13,1,1,35.4,8,9,田辺裕信,55,芝,1800,良
2022101765,ピコローズ,2025-08-17,札幌,7,3歳以上1勝クラス,14,4,5,3.4,1,1,佐々木大,53,芝,1500,稍
2022101765,ピコローズ,2025-09-14,中山,9,御宿特別(2勝クラス),8,3,3,5.9,4,5,佐々木大,54,芝,1600,良
2022101765,ピコローズ,2025-11-23,東京,12,3歳以上2勝クラス,18,6,12,10.6,5,2,三浦皇成,55,芝,1400,良
2022101765,ピコローズ,2025-12-21,中山,12,3歳以上2勝クラス,16,7,14,4.3,1,2,マーカン,55,芝,1600,重
2022101765,ピコローズ,2026-02-22,東京,8,4歳以上2勝クラス,16,3,6,5.6,2,1,三浦皇成,56,芝,1400,良
2022101765,ピコローズ,2026-03-14,中山,10,幕張S(3勝クラス),16,3,5,15.1,5,6,三浦皇成,54,芝,1600,良
2022101765,ピコローズ,2026-05-24,東京,10,フリーウェイS(3勝クラス),14,7,11,6.9,5,8,三浦皇成,56,芝,1400,良
2022101765,ピコローズ,2026-07-25,新潟,7,新潟日報賞(3勝クラス),17,3,6,9.5,3,1,田辺裕信,56,芝,1400,良
2021107058,ピューロマジック,2023-06-17,東京,6,2歳新馬,16,3,6,4.3,2,16,戸崎圭太,55,ダ,1400,良
2021107058,ピューロマジック,2023-08-06,札幌,1,2歳未勝利,14,8,14,49.3,10,3,斎藤新,55,芝,1500,重
2021107058,ピューロマジック,2023-09-02,札幌,1,2歳未勝利,8,5,5,2.7,1,1,斎藤新,55,芝,1200,稍
2021107058,ピューロマジック,2023-11-04,京都,11,KBSファンタジーS(GIII),18,2,3,13.8,7,8,斎藤新,55,芝,1400,良
2021107058,ピューロマジック,2023-12-02,阪神,9,さざんか賞(1勝クラス),10,1,1,4.2,2,2,斎藤新,55,芝,1200,良
2021107058,ピューロマジック,2024-01-06,京都,6,3歳1勝クラス,10,2,2,1.3,1,1,坂井瑠星,55,芝,1200,良
2021107058,ピューロマジック,2024-02-25,阪神,10,マーガレットS(L),11,7,8,5.2,3,2,松山弘平,55,芝,1200,重
2021107058,ピューロマジック,2024-05-25,京都,11,葵S(GIII),18,8,17,24.1,8,1,横山和生,55,芝,1200,良
2021107058,ピューロマジック,2024-06-30,小倉,11,TV西日本北九州記念(GIII),18,6,12,7.3,3,1,松山弘平,53,芝,1200,稍
2021107058,ピューロマジック,2024-09-08,中京,11,産経賞セントウルS(GII),18,7,13,3.9,1,13,横山和生,53,芝,1200,良
2021107058,ピューロマジック,2024-09-29,中山,11,スプリンターズS(GI),16,5,10,34.5,10,8,横山典弘,54,芝,1200,良
2021107058,ピューロマジック,2025-02-02,京都,11,シルクロードS(GIII),16,1,2,3.6,1,9,坂井瑠星,56.5,芝,1200,稍
2021107058,ピューロマジック,2025-04-05,メイダン,,アルクオーツスプリン(GI),11,,10,,8,5,マーフィ,57.5,芝,1200,良
2021107058,ピューロマジック,2025-08-03,新潟,7,アイビスサマーD(GIII),18,3,6,4.6,2,1,ルメール,55,芝,1000,良
2021107058,ピューロマジック,2025-09-28,中山,11,スプリンターズS(GI),16,1,1,10.5,5,8,松山弘平,56,芝,1200,良
2021107058,ピューロマジック,2025-11-01,デルマー,5,BCターフスプリント(GI),16,,13,23.0,10,10,マーフィ,56,芝,1000,良
2021107058,ピューロマジック,2026-02-28,中山,11,オーシャンS(GIII),16,5,10,29.5,9,16,横山和生,55,芝,1200,良
2021107058,ピューロマジック,2026-03-29,中京,11,高松宮記念(GI),18,6,12,117.6,17,13,北村友一,56,芝,1200,良
2021107058,ピューロマジック,2026-06-13,函館,11,函館スプリントS(GIII),12,5,7,8.1,6,1,北村友一,56,芝,1200,稍
2021107058,ピューロマジック,2026-08-02,新潟,7,アイビスサマーD(GIII),17,3,6,2.7,1,1,田辺裕信,56,芝,1000,良
2020190007,ファストネットワーク,2024-12-22,シャティン,,ハンデ戦,13,,13,,4,4,プーン,53,芝,1200,良
2020190007,ファストネットワーク,2025-01-12,シャティン,,ハンデ戦,14,,2,,3,3,パートン,61,芝,1600,良
2020190007,ファストネットワーク,2025-01-31,シャティン,,香港クラシックマイル(OP),14,,5,,4,4,スミヨン,57,芝,1600,良
2020190007,ファストネットワーク,2025-03-02,シャティン,,ハンデ戦,10,,1,,1,1,マクドナ,61,芝,1200,良
2020190007,ファストネットワーク,2025-03-30,シャティン,,ハンデ戦,7,,1,,1,1,ボウマン,59,芝,1200,良
2020190007,ファストネットワーク,2025-05-10,シャティン,,ハンデ戦,12,,1,,1,5,ボウマン,61,芝,1200,良
2020190007,ファストネットワーク,2025-09-07,シャティン,,ハンデ戦,10,,1,,1,4,パートン,61,芝,1400,稍
2020190007,ファストネットワーク,2025-10-01,シャティン,,ナショナルデーC(GIII),8,,5,,3,1,バデル,56.5,芝,1000,良
2020190007,ファストネットワーク,2025-10-26,シャティン,,プレミアボウル(GII),14,,4,,5,6,バデル,56,芝,1200,良
2020190007,ファストネットワーク,2025-11-23,シャティン,,JCスプリント(GII),10,,6,,2,2,マクドナ,56,芝,1200,良
2020190007,ファストネットワーク,2025-12-14,シャティン,5,香港スプリント(GI),13,,6,70.0,5,3,マクドナ,57,芝,1200,良
2020190007,ファストネットワーク,2026-01-25,シャティン,,センテナリーSC(GI),7,,3,,2,3,マクドナ,57,芝,1200,良
2020190007,ファストネットワーク,2026-03-08,シャティン,,ハンデ戦,12,,1,,1,1,パートン,61,芝,1200,良
2020190007,ファストネットワーク,2026-04-06,シャティン,,チェアマンズトロフィ(GII),14,,5,,3,5,パートン,56,芝,1600,良
2020190007,ファストネットワーク,2026-04-26,シャティン,5,チェアマンズSP(GI),,,4,138.5,5,4,マクドナ,57,芝,1200,良
2021103478,ファビュラススター,2023-10-09,東京,5,2歳新馬,13,8,12,8.8,4,1,横山武史,56,芝,1600,稍
2021103478,ファビュラススター,2024-01-08,中山,6,3歳1勝クラス,11,7,9,5.6,3,1,横山武史,57,芝,2000,良
2021103478,ファビュラススター,2024-03-03,中山,11,報知弥生ディープ記念(GII),11,8,10,6.8,4,9,横山武史,57,芝,2000,良
2021103478,ファビュラススター,2024-05-04,東京,11,プリンシパルS(L),13,7,11,5.8,3,5,横山武史,57,芝,2000,良
2021103478,ファビュラススター,2024-06-08,東京,9,芦ノ湖特別(2勝クラス),12,5,6,3.1,2,2,菅原明良,54,芝,1600,良
2021103478,ファビュラススター,2024-10-14,東京,12,3歳以上2勝クラス,12,7,10,4.0,2,7,横山武史,56,芝,1600,良
2021103478,ファビュラススター,2024-12-22,京都,12,ジングルベル賞(2勝クラス),17,8,15,5.6,3,11,西村淳也,56,芝,1400,良
2021103478,ファビュラススター,2025-06-15,東京,9,芦ノ湖特別(2勝クラス),10,3,3,10.4,4,4,菅原明良,58,芝,1600,稍
2021103478,ファビュラススター,2025-07-13,福島,12,彦星賞(2勝クラス),9,8,8,5.0,2,3,菅原明良,58,芝,1200,良
2021103478,ファビュラススター,2025-09-27,中山,10,勝浦特別(2勝クラス),16,4,8,15.1,6,4,原優介,58,芝,1200,良
2021103478,ファビュラススター,2025-12-06,中山,12,3歳以上2勝クラス,13,1,1,3.4,1,11,横山和生,58,芝,1200,良
2021103478,ファビュラススター,2026-07-19,福島,9,南相馬特別(2勝クラス),16,6,11,27.3,8,7,原優介,58,芝,1200,良
2021103478,ファビュラススター,2026-08-30,札幌,10,HBC賞(2勝クラス),16,6,11,22.2,10,2,丹内祐次,56,芝,1200,良
2023106433,ファムクラジューズ,2025-10-04,東京,5,2歳新馬,17,5,9,54.7,11,7,石神深道,52,芝,1800,良
2023106433,ファムクラジューズ,2025-11-01,東京,3,2歳未勝利,11,8,11,72.9,7,5,石神深道,52,芝,2000,稍
2023106433,ファムクラジューズ,2025-11-30,東京,4,2歳未勝利,13,8,13,8.0,4,1,横山武史,55,芝,2000,良
2023106433,ファムクラジューズ,2026-02-21,東京,9,フリージア賞(1勝クラス),7,4,4,3.2,2,1,キング,55,芝,2000,良
2023106433,ファムクラジューズ,2026-04-26,東京,11,サンスポ賞フローラS(GII),12,7,11,9.1,5,10,横山武史,55,芝,2000,良
2022105836,ファンダム,2024-09-08,中山,5,2歳新馬,15,4,7,6.5,3,1,北村宏司,55,芝,1600,良
2022105836,ファンダム,2025-01-05,中山,10,ジュニアC(L),15,5,9,1.8,1,1,北村宏司,57,芝,1600,良
2022105836,ファンダム,2025-03-29,阪神,11,毎日杯(GIII),9,7,7,4.5,2,1,北村宏司,57,芝,1800,良
2022105836,ファンダム,2025-06-01,東京,11,東京優駿(GI),18,3,6,10.8,4,14,北村宏司,57,芝,2400,良
2022105836,ファンダム,2026-01-12,中山,11,ニューイヤーS(L),14,5,8,3.0,1,3,北村宏司,57,芝,1600,良
2022105836,ファンダム,2026-02-28,中山,11,オーシャンS(GIII),16,1,1,3.9,2,12,ルメール,57,芝,1200,良
2022105836,ファンダム,2026-05-02,東京,11,京王杯スプリングC(GII),18,7,13,3.3,1,8,ルメール,57,芝,1400,良
2022105836,ファンダム,2026-06-21,阪神,11,しらさぎS(GIII),18,5,9,12.3,5,4,北村宏司,57,芝,1600,稍
2023101072,ファーマドール,2025-05-01,門別,6,JRA認定競走フレッ(2歳),9,8,8,77.7,6,5,井上俊彦,55,ダ,1000,稍
2023101072,ファーマドール,2025-05-15,門別,3,JRA認定競走アタッ(2歳),9,8,8,101.4,7,4,井上俊彦,55,ダ,1000,良
2023101072,ファーマドール,2025-05-28,門別,3,JRA認定競走アタッ(2歳),8,7,7,38.9,6,4,井上俊彦,55,ダ,1000,良
2023101072,ファーマドール,2025-06-12,門別,3,JRA認定競走アタッ(2歳),8,3,3,23.3,4,4,井上俊彦,55,ダ,1000,稍
2023101072,ファーマドール,2025-07-08,門別,2,2歳牝馬未勝利,9,5,5,6.4,3,2,及川烈,54,ダ,1000,良
2023101072,ファーマドール,2025-07-22,門別,2,2歳牝馬未勝利,10,5,5,5.7,3,4,井上俊彦,55,ダ,1000,良
2023101072,ファーマドール,2025-08-06,門別,3,JRA認定競走アタッ(2歳),11,8,10,43.3,9,6,井上俊彦,55,ダ,1000,良
2023101072,ファーマドール,2025-08-21,門別,1,2歳未勝利,11,6,6,7.5,5,2,井上俊彦,55,ダ,1600,稍
2023101072,ファーマドール,2025-09-17,大井,3,2歳三 四,9,2,2,3.2,2,1,吉井章,54,ダ,1400,良
2023101072,ファーマドール,2025-10-09,大井,4,2歳二 三,6,4,4,7.0,2,4,吉井章,54,ダ,1600,良
2023101072,ファーマドール,2025-10-23,大井,1,2歳二 三,6,3,3,14.3,4,1,吉井章,54,ダ,1600,重
2023101072,ファーマドール,2025-11-30,佐賀,5,フォーマルハウト賞(重賞),12,2,2,5.6,3,2,飛田愛斗,54,ダ,1400,良
2023101072,ファーマドール,2025-12-31,大井,10,東京2歳優駿牝馬競走(重賞),14,3,3,58.7,8,14,吉井章,54,ダ,1600,稍
2023101072,ファーマドール,2026-01-29,大井,11,’26桃花賞(OP)(3歳),11,6,7,21.6,7,6,吉井章,55,ダ,1600,良
2023101072,ファーマドール,2026-03-18,浦和,11,桜花賞(重賞),12,7,10,281.1,12,10,吉井章,55,ダ,1500,良
2023101072,ファーマドール,2026-04-19,水沢,12,留守杯日高賞(重賞),12,5,5,68.8,8,4,菅原辰徳,54,ダ,1600,良
2023101072,ファーマドール,2026-05-14,園田,11,のじぎく賞(重賞),12,8,12,109.7,7,4,永井孝典,55,ダ,1700,良
2023101072,ファーマドール,2026-08-04,門別,10,グランシャリオドリー(B1),8,8,9,7.9,4,8,落合玄太,55,ダ,1700,良
2020102045,フェルヴェンテ,2022-06-11,中京,5,2歳新馬,11,8,10,78.3,11,8,国分優作,54,芝,1600,良
2020102045,フェルヴェンテ,2022-07-02,小倉,1,2歳未勝利,10,2,2,15.8,4,2,国分優作,54,芝,1200,良
2020102045,フェルヴェンテ,2022-07-24,小倉,1,2歳未勝利,12,6,8,12.1,5,7,国分優作,54,芝,1200,良
2020102045,フェルヴェンテ,2022-09-03,小倉,2,2歳未勝利,16,2,4,39.2,8,4,山田敬士,52,ダ,1700,稍
2020102045,フェルヴェンテ,2022-09-24,中京,1,2歳未勝利,10,8,9,5.1,3,1,川田将雅,54,ダ,1800,不
2020102045,フェルヴェンテ,2022-10-23,阪神,8,なでしこ賞(1勝クラス),9,6,6,6.4,5,1,浜中俊,55,ダ,1400,良
2020102045,フェルヴェンテ,2023-04-30,京都,10,端午S(OP),11,8,10,42.6,9,3,浜中俊,56,ダ,1400,重
2020102045,フェルヴェンテ,2023-05-21,京都,10,鳳雛S(L),11,2,2,4.6,2,4,浜中俊,56,ダ,1800,良
2020102045,フェルヴェンテ,2023-07-15,中京,10,大府特別(2勝クラス),16,5,9,4.9,2,3,団野大成,55,ダ,1800,良
2020102045,フェルヴェンテ,2023-08-06,新潟,9,苗場特別(2勝クラス),14,7,13,3.1,1,2,団野大成,55,ダ,1800,良
2020102045,フェルヴェンテ,2023-09-02,小倉,9,天草特別(2勝クラス),14,5,7,2.8,1,4,団野大成,55,ダ,1700,稍
2020102045,フェルヴェンテ,2023-11-12,京都,12,ドンカスターC(2勝クラス),16,2,3,6.0,3,4,池添謙一,57,ダ,1400,稍
2020102045,フェルヴェンテ,2023-12-10,阪神,12,夙川特別(2勝クラス),13,6,8,4.8,2,2,団野大成,56,ダ,1400,良
2020102045,フェルヴェンテ,2023-12-23,阪神,8,3歳以上2勝クラス,16,4,8,13.2,5,2,団野大成,57,ダ,1400,良
2020102045,フェルヴェンテ,2024-01-20,京都,8,4歳以上2勝クラス,13,5,6,3.0,1,1,坂井瑠星,57,ダ,1400,稍
2020102045,フェルヴェンテ,2024-05-19,京都,11,高瀬川S(3勝クラス),16,7,14,6.9,4,12,浜中俊,56,ダ,1400,良
2020102045,フェルヴェンテ,2024-09-01,中京,10,桶狭間S(3勝クラス),16,8,16,12.3,3,10,秋山稔樹,58,ダ,1400,重
2020102045,フェルヴェンテ,2024-10-20,京都,12,桂川S(3勝クラス),12,6,9,25.3,7,2,秋山稔樹,58,ダ,1400,稍
2020102045,フェルヴェンテ,2024-11-17,京都,10,グランアレグリアC(3勝クラス),15,3,4,14.3,6,3,秋山稔樹,58,ダ,1400,良
2020102045,フェルヴェンテ,2024-12-15,京都,10,サリオスC(3勝クラス),16,6,11,6.9,3,10,秋山稔樹,58,ダ,1400,良
2020102045,フェルヴェンテ,2025-03-23,阪神,10,鳴門S(3勝クラス),16,3,6,13.0,4,3,坂井瑠星,58,ダ,1400,良
2020102045,フェルヴェンテ,2025-04-20,阪神,10,天満橋S(3勝クラス),16,4,8,4.0,1,5,幸英明,57,ダ,1400,良
2020102045,フェルヴェンテ,2025-05-25,京都,10,高瀬川S(3勝クラス),16,8,16,10.2,6,4,古川吉洋,58,ダ,1400,重
2020102045,フェルヴェンテ,2025-06-28,小倉,11,博多S(3勝クラス),16,1,2,7.2,3,5,坂井瑠星,58,ダ,1700,良
2020102045,フェルヴェンテ,2025-08-23,中京,11,伊賀S(3勝クラス),16,7,13,21.4,9,2,秋山稔樹,57,ダ,1400,良
2020102045,フェルヴェンテ,2025-09-20,阪神,11,大阪スポーツ杯(3勝クラス),13,6,9,3.6,2,8,秋山稔樹,58,ダ,1400,良
2020102045,フェルヴェンテ,2025-11-23,京都,10,LトレーナーC(3勝クラス),16,7,13,15.9,8,1,坂井瑠星,58,ダ,1400,良
2020102045,フェルヴェンテ,2026-01-10,京都,11,すばるS(L),16,4,7,43.2,9,4,岩田望来,57,ダ,1400,良
2020102045,フェルヴェンテ,2026-03-14,阪神,11,コーラルS(L),13,5,6,14.2,5,8,岩田望来,57,ダ,1400,良
2020102045,フェルヴェンテ,2026-05-23,東京,11,欅S(OP),16,1,2,108.0,13,6,秋山稔樹,57,ダ,1400,稍
2020102045,フェルヴェンテ,2026-07-12,小倉,11,阿蘇S(OP),11,8,10,132.5,11,7,秋山稔樹,57,ダ,1700,良
2023107345,フォルテアンジェロ,2025-09-07,中山,5,2歳新馬,12,3,3,1.8,1,1,戸崎圭太,55,芝,1800,良
2023107345,フォルテアンジェロ,2025-11-02,東京,8,百日草特別(1勝クラス),5,2,2,1.9,2,2,戸崎圭太,56,芝,2000,良
2023107345,フォルテアンジェロ,2025-12-27,中山,11,ホープフルS(GI),16,6,11,6.4,4,2,マーカン,56,芝,2000,良
2023107345,フォルテアンジェロ,2026-04-19,中山,11,皐月賞(GI),18,3,6,32.8,10,5,荻野極,57,芝,2000,良
2023107345,フォルテアンジェロ,2026-05-31,東京,11,東京優駿(GI),18,7,15,18.9,8,12,荻野極,57,芝,2400,良
2022103042,フォルテム,2024-10-27,東京,4,2歳新馬,16,4,8,32.9,7,12,吉田豊,56,ダ,1600,良
2022103042,フォルテム,2024-11-10,東京,1,2歳未勝利,15,2,3,146.4,14,15,木幡巧也,56,ダ,1400,良
2022103042,フォルテム,2025-01-11,中山,7,3歳未勝利,16,8,16,154.6,14,2,長浜鴻緒,54,芝,1600,良
2022103042,フォルテム,2025-01-25,中山,12,3歳未勝利,16,4,8,5.0,3,3,長浜鴻緒,54,芝,1600,良
2022103042,フォルテム,2025-02-22,東京,6,3歳未勝利,16,5,9,6.4,4,1,長浜鴻緒,54,芝,1600,良
2022103042,フォルテム,2025-04-05,阪神,11,チャーチルダウンズC(GIII),11,3,3,63.7,10,11,池添謙一,57,芝,1600,良
2022103042,フォルテム,2025-05-31,東京,7,3歳1勝クラス,11,7,9,12.1,6,6,長浜鴻緒,55,芝,1400,稍
2022103042,フォルテム,2025-07-27,札幌,9,3歳以上1勝クラス,8,8,8,7.3,4,1,丹内祐次,55,芝,1500,稍
2022103042,フォルテム,2025-08-10,札幌,10,摩周湖特別(2勝クラス),14,5,7,4.9,2,1,横山武史,55,芝,1500,良
2022103042,フォルテム,2025-08-31,札幌,11,日高S(3勝クラス),13,7,10,4.4,2,4,武豊,55,芝,1500,稍
2022103042,フォルテム,2025-11-15,東京,10,奥多摩S(3勝クラス),18,7,14,23.8,7,5,マーカン,57,芝,1400,良
2022103042,フォルテム,2025-12-06,中京,11,飛騨S(3勝クラス),12,8,12,8.3,4,11,斎藤新,57,芝,1400,良
2022103042,フォルテム,2026-02-14,小倉,11,下関S(3勝クラス),18,7,14,23.7,11,13,丹内祐次,58,芝,1200,良
2022103042,フォルテム,2026-04-05,阪神,10,心斎橋S(3勝クラス),18,8,16,24.8,11,15,吉田隼人,55,芝,1400,良
2022103042,フォルテム,2026-04-26,東京,9,湘南S(3勝クラス),16,6,12,21.5,10,5,木幡巧也,54,芝,1400,良
2022103042,フォルテム,2026-07-11,福島,10,会津S(3勝クラス),9,1,1,4.0,2,6,木幡巧也,54,芝,1200,良
2023103418,フクチャンショウ,2025-06-14,東京,6,2歳新馬,10,4,4,6.8,5,5,ディー,55,芝,1400,良
2023103418,フクチャンショウ,2025-06-28,福島,1,2歳未勝利,10,4,4,14.9,5,2,戸崎圭太,55,芝,1200,良
2023103418,フクチャンショウ,2025-09-14,中山,2,2歳未勝利,16,4,8,2.3,2,1,戸崎圭太,55,芝,1200,良
2023103418,フクチャンショウ,2025-11-08,東京,11,京王杯2歳S(GII),16,6,12,19.7,8,2,戸崎圭太,56,芝,1400,良
2023103418,フクチャンショウ,2026-01-31,東京,10,クロッカスS(L),15,5,9,4.6,2,3,戸崎圭太,57,芝,1400,良
2023103418,フクチャンショウ,2026-03-21,中京,11,中スポ賞ファルコンS(GIII),17,4,7,12.6,4,3,横山武史,57,芝,1400,良
2023103418,フクチャンショウ,2026-05-10,東京,11,NHKマイルC(GI),18,8,18,38.5,12,15,横山武史,57,芝,1600,良
2021103790,フナデ,2023-08-05,新潟,5,2歳新馬,13,1,1,32.3,6,4,田口貫太,52,芝,1800,良
2021103790,フナデ,2023-08-26,小倉,1,2歳未勝利,11,2,2,2.9,2,1,田口貫太,52,芝,1800,稍
2021103790,フナデ,2023-09-23,阪神,8,野路菊S(OP),7,5,5,7.3,4,5,松山弘平,55,芝,1800,良
2021103790,フナデ,2023-10-14,京都,8,紫菊賞(1勝クラス),5,4,4,7.7,3,2,和田竜二,56,芝,1800,良
2021103790,フナデ,2023-11-12,京都,9,黄菊賞(1勝クラス),7,3,3,11.4,5,5,マーカン,56,芝,2000,良
2021103790,フナデ,2024-08-11,新潟,7,3歳以上1勝クラス,11,7,8,15.6,4,6,佐々木大,55,芝,2000,良
2021103790,フナデ,2024-09-07,中山,7,3歳以上1勝クラス,10,4,4,4.2,4,1,丹内祐次,55,芝,2000,良
2021103790,フナデ,2025-08-03,新潟,6,月岡温泉特別(2勝クラス),5,4,4,4.9,3,2,津村明秀,58,芝,2000,良
2021103790,フナデ,2025-09-06,中山,10,白井特別(2勝クラス),7,1,1,,,取,津村明秀,58,芝,2000,良
2021103790,フナデ,2025-12-14,中山,9,霞ヶ浦特別(2勝クラス),12,8,11,17.1,7,12,丹内祐次,58,芝,1800,稍
2021103790,フナデ,2026-02-07,小倉,10,RKB賞(2勝クラス),16,4,8,12.7,7,5,丹内祐次,58,芝,1800,稍
2021103790,フナデ,2026-02-28,小倉,11,別府特別(2勝クラス),15,6,11,12.0,5,11,丸山元気,58,芝,2000,稍
2021103790,フナデ,2026-03-28,中山,8,4歳以上2勝クラス,12,6,8,61.2,11,11,丹内祐次,58,芝,2000,稍
2021103790,フナデ,2026-07-12,函館,9,北海ハンデキャップ(2勝クラス),14,8,13,77.8,11,6,横山和生,54,芝,1800,重
2022102020,フリッカージャブ,2024-10-13,東京,4,2歳新馬,14,1,1,2.1,1,2,三浦皇成,56,芝,1400,良
2022102020,フリッカージャブ,2024-11-02,東京,1,2歳未勝利,14,6,10,1.9,1,1,三浦皇成,56,ダ,1300,重
2022102020,フリッカージャブ,2025-01-19,中山,6,3歳1勝クラス,16,8,15,2.1,1,5,三浦皇成,57,ダ,1200,良
2022102020,フリッカージャブ,2025-02-08,東京,7,3歳1勝クラス,14,1,1,6.1,4,11,三浦皇成,57,ダ,1400,良
2022102020,フリッカージャブ,2025-04-26,福島,9,雪うさぎ賞(1勝クラス),16,5,9,4.8,2,6,杉原誠人,57,芝,1200,良
2022102020,フリッカージャブ,2025-07-05,小倉,8,3歳以上1勝クラス,9,4,4,3.0,1,1,松山弘平,55,芝,1200,良
2022102020,フリッカージャブ,2025-07-20,小倉,12,耶馬渓特別(2勝クラス),18,1,2,2.1,1,1,松山弘平,55,芝,1200,良
2022102020,フリッカージャブ,2025-10-18,新潟,11,北陸S(3勝クラス),18,6,12,1.6,1,1,松山弘平,56,芝,1200,良
2022102020,フリッカージャブ,2026-02-28,中山,11,オーシャンS(GIII),16,8,15,8.7,4,6,松山弘平,57,芝,1200,良
2022102020,フリッカージャブ,2026-05-16,京都,11,鞍馬S(OP),16,6,12,1.8,1,1,松山弘平,57,芝,1200,良
2022102020,フリッカージャブ,2026-07-05,小倉,11,TV西日本北九州記念(GIII),13,8,12,3.0,1,1,松山弘平,57.5,芝,1200,重
2023104389,フリーガー,2025-09-27,阪神,5,2歳新馬,11,1,1,5.8,3,1,坂井瑠星,55,芝,2000,良
2023104389,フリーガー,2025-11-29,京都,11,ラジオN杯京都2歳S(GIII),11,7,9,24.0,8,8,坂井瑠星,56,芝,2000,良
2023104389,フリーガー,2025-12-13,阪神,9,エリカ賞(1勝クラス),9,4,4,19.3,5,8,坂井瑠星,56,芝,2000,良
2023104389,フリーガー,2026-07-11,小倉,9,英彦山特別(1勝クラス),11,6,7,28.8,8,6,コレット,55,芝,2600,良
2023104389,フリーガー,2026-07-26,札幌,12,厚岸特別(1勝クラス),9,7,7,8.8,4,9,西村淳也,55,芝,2000,良
2021102468,ブライティアダイヤ,2024-01-08,中山,5,3歳新馬,15,4,8,5.6,4,6,小林勝太,52,芝,1600,良
2021102468,ブライティアダイヤ,2024-04-21,東京,3,3歳未勝利,17,6,11,13.2,4,5,三浦皇成,55,芝,1400,良
2021102468,ブライティアダイヤ,2024-06-16,東京,3,3歳未勝利,16,6,11,18.3,4,13,岩田康誠,55,ダ,1400,良
2021102468,ブライティアダイヤ,2024-07-13,函館,3,3歳未勝利,16,3,6,19.7,6,4,永野猛蔵,55,芝,1200,良
2021102468,ブライティアダイヤ,2024-07-28,札幌,1,3歳未勝利,14,4,5,23.7,8,4,永野猛蔵,55,芝,1500,重
2021102468,ブライティアダイヤ,2024-08-24,札幌,6,3歳未勝利,14,3,4,14.8,6,4,永野猛蔵,55,芝,1500,良
2021102468,ブライティアダイヤ,2024-09-01,札幌,4,3歳未勝利,16,2,4,21.2,9,1,永野猛蔵,55,芝,1200,稍
2021102468,ブライティアダイヤ,2024-11-09,福島,6,3歳以上1勝クラス,16,8,15,9.1,6,5,永島まな,53,芝,1200,良
2021102468,ブライティアダイヤ,2024-11-17,福島,12,3歳以上1勝クラス,16,1,2,22.8,8,16,永島まな,53,芝,1200,良
2021102468,ブライティアダイヤ,2025-02-08,小倉,12,4歳以上1勝クラス,18,7,14,37.6,13,13,菊沢一樹,56,芝,1200,稍
2021102468,ブライティアダイヤ,2025-03-01,小倉,12,4歳以上1勝クラス,18,4,7,61.8,14,14,菊沢一樹,56,芝,1200,良
2021102468,ブライティアダイヤ,2025-04-26,福島,7,4歳以上1勝クラス,15,1,1,74.2,13,2,横山琉人,55,芝,1200,良
2021102468,ブライティアダイヤ,2025-07-13,函館,12,3歳以上1勝クラス,8,8,8,21.3,6,1,佐々木大,56,芝,1200,良
2021102468,ブライティアダイヤ,2025-09-06,札幌,10,札幌スポニチ賞(2勝クラス),16,8,16,20.2,8,9,佐々木大,56,芝,1200,良
2021102468,ブライティアダイヤ,2025-11-29,京都,12,3歳以上2勝クラス,16,6,11,110.6,13,11,岩田康誠,56,芝,1200,良
2021102468,ブライティアダイヤ,2025-12-14,阪神,12,甲東特別(2勝クラス),10,2,2,111.4,9,9,岩田康誠,56,芝,1600,良
2021102468,ブライティアダイヤ,2026-04-11,福島,10,花見山特別(2勝クラス),16,5,10,127.9,16,11,大久保友,56,芝,1200,良
2021102468,ブライティアダイヤ,2026-08-15,札幌,10,知床特別(2勝クラス),16,3,6,118.6,15,11,横山琉人,56,芝,1200,良
2023100297,ブラックレジェンド,2025-11-16,福島,6,2歳新馬,15,3,5,4.3,2,3,今村聖奈,54,ダ,1700,良
2023100297,ブラックレジェンド,2025-11-29,京都,1,2歳未勝利,14,7,12,8.0,4,8,坂井瑠星,56,ダ,1400,良
2023100297,ブラックレジェンド,2026-01-25,小倉,6,3歳未勝利,11,7,8,11.1,4,1,今村聖奈,55,ダ,1700,良
2023100297,ブラックレジェンド,2026-02-28,小倉,7,3歳1勝クラス,13,5,6,4.8,2,4,今村聖奈,55,ダ,1700,重
2023100297,ブラックレジェンド,2026-04-25,京都,7,3歳1勝クラス,14,2,2,9.4,5,5,岩田望来,57,ダ,1800,稍
2023100297,ブラックレジェンド,2026-06-28,小倉,12,3歳以上1勝クラス,16,6,12,3.2,1,3,今村聖奈,53,ダ,1700,稍
2023100297,ブラックレジェンド,2026-07-18,小倉,12,3歳以上1勝クラス,14,5,7,8.6,3,2,今村聖奈,53,ダ,1700,稍
2020102870,ブレイヴロッカー,2022-11-06,阪神,5,2歳新馬,13,8,13,12.7,6,6,藤岡康太,55,芝,2000,良
2020102870,ブレイヴロッカー,2022-11-27,阪神,3,2歳未勝利,12,1,1,53.1,8,5,藤岡康太,55,芝,1800,良
2020102870,ブレイヴロッカー,2022-12-18,阪神,4,2歳未勝利,15,6,11,59.3,8,6,藤岡康太,55,芝,1800,良
2020102870,ブレイヴロッカー,2023-01-09,中京,7,3歳未勝利,18,3,5,67.0,12,5,藤岡康太,56,芝,2000,良
2020102870,ブレイヴロッカー,2023-01-22,小倉,7,3歳未勝利,8,4,4,4.2,3,1,藤岡康太,56,芝,2000,良
2020102870,ブレイヴロッカー,2023-02-12,小倉,9,あすなろ賞(1勝クラス),14,5,8,14.6,8,2,藤岡康太,56,芝,2000,稍
2020102870,ブレイヴロッカー,2023-03-11,阪神,9,ゆきやなぎ賞(1勝クラス),12,8,12,26.8,8,3,藤岡康太,56,芝,2400,良
2020102870,ブレイヴロッカー,2023-04-01,阪神,9,アザレア賞(1勝クラス),8,4,4,5.5,2,2,藤岡康太,56,芝,2400,良
2020102870,ブレイヴロッカー,2023-05-13,京都,9,あずさ賞(1勝クラス),12,8,11,4.3,2,6,藤岡康太,56,芝,2000,良
2020102870,ブレイヴロッカー,2023-06-04,阪神,8,3歳以上1勝クラス,10,8,10,2.9,1,1,藤岡康太,55,芝,2000,良
2020102870,ブレイヴロッカー,2023-08-12,小倉,10,西部日刊スポーツ杯(2勝クラス),10,7,8,5.6,4,4,藤岡康太,55,芝,2000,良
2020102870,ブレイヴロッカー,2023-09-17,阪神,9,兵庫特別(2勝クラス),11,1,1,4.4,3,4,藤岡康太,55,芝,2400,良
2020102870,ブレイヴロッカー,2023-10-08,京都,9,清滝特別(2勝クラス),12,1,1,6.2,3,3,藤岡康太,55,芝,2200,良
2020102870,ブレイヴロッカー,2023-10-21,京都,10,鳴滝特別(2勝クラス),12,4,4,2.6,1,1,藤岡康太,55,芝,2400,良
2020102870,ブレイヴロッカー,2023-12-10,阪神,9,オリオンS(3勝クラス),11,6,7,10.4,6,1,藤岡康太,56,芝,2200,良
2020102870,ブレイヴロッカー,2024-02-11,京都,11,京都記念(GII),12,2,2,17.3,5,6,酒井学,56,芝,2200,良
2020102870,ブレイヴロッカー,2024-03-10,中京,11,金鯱賞(GII),13,4,5,84.4,10,7,丸山元気,57,芝,2000,良
2020102870,ブレイヴロッカー,2024-04-06,阪神,10,大阪ーハンブルクC(OP),14,5,7,6.9,3,2,太宰啓介,56,芝,2600,良
2020102870,ブレイヴロッカー,2024-05-05,新潟,11,新潟大賞典(GIII),16,4,8,20.3,9,9,太宰啓介,56,芝,2000,良
2020102870,ブレイヴロッカー,2024-09-01,札幌,11,タイランドC(OP),14,5,8,6.6,3,9,富田暁,56,芝,2600,稍
2020102870,ブレイヴロッカー,2025-02-16,京都,11,京都記念(GII),12,8,12,210.2,11,10,田口貫太,57,芝,2200,稍
2020102870,ブレイヴロッカー,2025-03-29,中山,11,日経賞(GII),15,6,10,220.3,14,14,石橋脩,57,芝,2500,稍
2020102870,ブレイヴロッカー,2025-04-13,阪神,10,大阪ーハンブルクC(OP),11,4,4,38.5,8,3,太宰啓介,55,芝,2600,稍
2020102870,ブレイヴロッカー,2025-05-11,東京,10,メトロポリタンS(L),10,8,10,17.6,7,3,石橋脩,57,芝,2400,良
2020102870,ブレイヴロッカー,2025-10-05,京都,11,京都大賞典(GII),18,5,10,84.5,13,13,太宰啓介,57,芝,2400,稍
2020102870,ブレイヴロッカー,2025-11-15,京都,10,アンドロメダS(L),16,2,3,27.3,10,10,酒井学,57,芝,2000,良
2020102870,ブレイヴロッカー,2025-12-06,中山,11,ステイヤーズS(GII),14,5,8,18.3,9,4,荻野極,57,芝,3600,良
2020102870,ブレイヴロッカー,2026-01-05,京都,11,万葉S(OP),9,2,2,3.8,2,3,太宰啓介,56.5,芝,3000,良
2020102870,ブレイヴロッカー,2026-02-21,東京,11,ダイヤモンドS(GIII),15,1,1,30.1,11,3,荻野極,56.5,芝,3400,良
2020102870,ブレイヴロッカー,2026-03-28,中山,11,日経賞(GII),15,7,13,66.8,13,12,荻野極,57,芝,2500,良
2020102870,ブレイヴロッカー,2026-07-26,札幌,11,札幌日経賞(L),13,5,7,30.2,9,中,池添謙一,57,芝,2600,良
2023106354,プレアレジェンド,2025-06-28,佐賀,1,スーパーホープフルデ(2歳),9,5,5,1.1,1,1,飛田愛斗,55,ダ,900,良
2023106354,プレアレジェンド,2025-08-17,佐賀,7,JRA上級認定アルタ(2歳),12,2,2,2.6,1,1,飛田愛斗,55,ダ,1400,良
2023106354,プレアレジェンド,2025-09-15,佐賀,6,JRA認定九州ジュニ(重賞),12,7,9,3.3,2,4,飛田愛斗,55,ダ,1400,重
2023106354,プレアレジェンド,2025-10-13,佐賀,6,JRA重賞級認定ネク(重賞),11,8,10,6.7,4,2,飛田愛斗,55,ダ,1400,良
2023106354,プレアレジェンド,2025-11-09,佐賀,4,JRA認定カペラ賞(重賞),11,8,11,2.7,2,4,飛田愛斗,55,ダ,1800,不
2023106354,プレアレジェンド,2026-01-04,佐賀,2,佐賀若駒賞(重賞),10,7,7,3.0,3,2,飛田愛斗,56,ダ,1750,良
2023106354,プレアレジェンド,2026-02-08,佐賀,7,飛燕賞(重賞),11,8,12,4.5,2,5,飛田愛斗,56,ダ,1400,良
2023106354,プレアレジェンド,2026-02-22,佐賀,11,竜門峡特別(3歳),11,8,10,2.7,2,4,飛田愛斗,56,ダ,1750,良
2023106354,プレアレジェンド,2026-03-07,佐賀,10,波戸岬特別(3歳),6,1,1,3.3,2,2,飛田愛斗,56,ダ,1750,重
2023106354,プレアレジェンド,2026-03-20,佐賀,10,佐賀にじゅうまる賞(3歳),12,5,5,3.6,2,2,飛田愛斗,57,ダ,1750,稍
2023106354,プレアレジェンド,2026-04-06,佐賀,10,佐賀桜花特別(B),10,1,1,17.3,4,3,飛田愛斗,56,ダ,1750,重
2023106354,プレアレジェンド,2026-04-19,佐賀,5,卯月特別(B),10,1,1,8.3,4,8,飛田愛斗,56,ダ,1860,不
2023106354,プレアレジェンド,2026-05-03,佐賀,5,佐賀皐月賞(重賞),12,4,4,45.5,8,8,飛田愛斗,56,ダ,1800,不
2023106354,プレアレジェンド,2026-08-18,門別,12,モーリス・プレミアム(B1),10,7,8,102.4,10,10,金山昇馬,57,ダ,1800,良
2020103325,プロトポロス,2022-06-12,中京,5,2歳新馬,9,1,1,1.4,1,1,福永祐一,54,芝,1200,良
2020103325,プロトポロス,2022-09-04,小倉,11,小倉2歳S(GIII),13,6,9,2.6,1,4,福永祐一,54,芝,1200,良
2020103325,プロトポロス,2023-01-07,中京,6,3歳1勝クラス,9,4,4,1.7,1,1,イーガン,56,芝,1200,良
2020103325,プロトポロス,2024-07-07,小倉,10,耶馬渓特別(2勝クラス),15,6,11,4.4,2,7,坂井瑠星,58,芝,1200,良
2020103325,プロトポロス,2024-09-21,中京,10,賢島特別(2勝クラス),16,5,9,6.6,3,10,松山弘平,56,芝,1200,良
2020103325,プロトポロス,2024-12-22,京都,8,3歳以上2勝クラス,16,7,13,17.7,7,中,亀田温心,58,ダ,1400,良
2020103325,プロトポロス,2025-01-18,中京,12,4歳以上2勝クラス,13,3,3,17.1,7,3,西村淳也,58,芝,1600,良
2020103325,プロトポロス,2025-03-16,阪神,9,皆生特別(2勝クラス),9,1,1,5.3,3,7,坂井瑠星,58,芝,1600,重
2020103325,プロトポロス,2025-06-08,阪神,10,洲本特別(2勝クラス),16,8,15,12.6,6,1,斎藤新,58,ダ,1400,良
2020103325,プロトポロス,2025-08-23,中京,11,伊賀S(3勝クラス),16,4,8,9.4,6,1,松山弘平,56,ダ,1400,良
2020103325,プロトポロス,2025-10-05,京都,10,藤森S(OP),16,1,2,19.1,7,12,小沢大仁,57,ダ,1200,重
2020103325,プロトポロス,2025-12-21,中京,11,コールドムーンS(OP),16,3,5,18.3,7,15,小沢大仁,58,ダ,1400,稍
2020103325,プロトポロス,2026-03-14,阪神,11,コーラルS(L),13,6,9,51.6,11,11,国分優作,57,ダ,1400,良
2020103325,プロトポロス,2026-04-26,東京,10,オアシスS(L),15,4,8,51.2,11,15,松岡正海,54,ダ,1600,稍
2020103325,プロトポロス,2026-07-05,小倉,11,TV西日本北九州記念(GIII),13,3,3,47.3,13,12,幸英明,53,芝,1200,重
2020103325,プロトポロス,2026-08-09,中京,7,CBC賞(GIII),18,2,4,138.1,17,4,亀田温心,53,芝,1200,良
2022106351,ベビーズブレス,2024-11-23,京都,5,2歳新馬,11,7,8,35.5,8,2,西村淳也,55,芝,1600,良
2022106351,ベビーズブレス,2025-02-10,京都,5,3歳未勝利,18,4,8,8.0,4,2,高杉吏麒,54,芝,1600,良
2022106351,ベビーズブレス,2025-03-01,阪神,5,3歳未勝利,18,7,15,9.6,4,6,武豊,55,芝,1600,良
2022106351,ベビーズブレス,2025-06-22,函館,1,3歳未勝利,15,1,1,2.6,1,1,武豊,55,芝,1200,重
2022106351,ベビーズブレス,2025-07-05,函館,8,3歳以上1勝クラス,9,4,4,1.6,1,1,武豊,53,芝,1200,稍
2022106351,ベビーズブレス,2025-08-31,札幌,10,HBC賞(2勝クラス),16,2,3,5.3,3,2,武豊,53,芝,1200,稍
2022106351,ベビーズブレス,2025-09-06,札幌,10,札幌スポニチ賞(2勝クラス),16,8,15,4.5,2,5,丹内祐次,54,芝,1200,良
2022106351,ベビーズブレス,2025-11-29,京都,12,3歳以上2勝クラス,16,7,13,14.0,6,7,武豊,55,芝,1200,良
2022106351,ベビーズブレス,2026-02-15,小倉,10,大濠特別(2勝クラス),18,3,6,24.3,9,16,松本大輝,54,芝,1200,稍
2022106351,ベビーズブレス,2026-03-14,阪神,9,讃岐特別(2勝クラス),15,6,10,36.6,11,14,武豊,56,芝,1200,良
2022106351,ベビーズブレス,2026-06-14,函館,11,函館日刊スポーツ杯(2勝クラス),16,8,15,17.7,7,5,舟山瑠泉,56,芝,1200,良
2022106351,ベビーズブレス,2026-07-05,函館,9,立待岬特別(2勝クラス),16,6,11,11.9,5,6,武豊,56,芝,1200,良
2022106351,ベビーズブレス,2026-08-02,札幌,12,苫小牧特別(2勝クラス),14,5,8,15.5,8,10,西村淳也,56,芝,1200,良
2022106351,ベビーズブレス,2026-08-15,札幌,10,知床特別(2勝クラス),16,7,13,41.2,12,5,荻野琢真,56,芝,1200,良
2023103446,ベンヴェヌータ,2025-12-13,中山,5,2歳新馬,13,6,8,17.0,5,1,石橋脩,55,芝,1800,良
2023103446,ベンヴェヌータ,2026-03-29,中山,9,ミモザ賞(1勝クラス),7,3,3,5.9,3,1,石橋脩,55,芝,2000,良
2022104219,ペイシャケイプ,2024-10-06,東京,3,2歳新馬,16,5,10,22.7,7,3,横山典弘,56,ダ,1600,重
2022104219,ペイシャケイプ,2024-11-10,京都,1,2歳未勝利,16,1,2,5.4,3,9,横山典弘,56,ダ,1400,良
2022104219,ペイシャケイプ,2024-12-01,京都,1,2歳未勝利,15,7,12,3.9,1,1,酒井学,56,ダ,1200,良
2022104219,ペイシャケイプ,2025-01-19,中京,6,3歳1勝クラス,10,1,1,9.4,4,1,永島まな,55,ダ,1200,良
2022104219,ペイシャケイプ,2025-03-16,中京,10,昇竜S(OP),12,1,1,9.2,4,3,永島まな,57,ダ,1400,重
2022104219,ペイシャケイプ,2025-10-12,東京,12,3歳以上2勝クラス,16,3,5,5.8,3,3,永島まな,55,ダ,1300,良
2022104219,ペイシャケイプ,2025-11-01,東京,8,3歳以上2勝クラス,14,7,11,3.4,1,7,永島まな,55,ダ,1400,重
2022104219,ペイシャケイプ,2025-12-06,阪神,8,3歳以上2勝クラス,16,4,8,7.7,3,3,横山典弘,57,ダ,1400,良
2022104219,ペイシャケイプ,2026-01-31,東京,8,4歳以上2勝クラス,16,5,10,4.1,2,1,横山典弘,57,ダ,1400,良
2022104219,ペイシャケイプ,2026-02-21,阪神,10,鳴門S(3勝クラス),16,3,6,4.6,3,6,横山典弘,58,ダ,1400,良
2022104219,ペイシャケイプ,2026-04-25,東京,10,鎌倉S(3勝クラス),15,8,15,3.8,2,1,横山典弘,58,ダ,1400,稍
2022104219,ペイシャケイプ,2026-05-23,東京,11,欅S(OP),16,7,14,5.2,2,2,横山典弘,57,ダ,1400,稍
2023100894,ペプチドドリーム,2026-06-20,東京,3,3歳未勝利,16,5,9,20.9,6,2,丸山元気,57,芝,1800,稍
2023100894,ペプチドドリーム,2026-07-19,福島,3,3歳未勝利,16,4,8,1.9,1,1,団野大成,57,芝,1800,良
2019105041,ホウオウプレミア,2021-08-15,札幌,5,2歳新馬,7,3,3,2.2,1,1,ルメール,54,芝,2000,良
2019105041,ホウオウプレミア,2021-11-07,東京,9,百日草特別(1勝クラス),8,8,8,4.1,2,2,岩田康誠,55,芝,2000,良
2019105041,ホウオウプレミア,2022-01-16,中山,11,京成杯(GIII),16,7,14,7.2,4,6,岩田康誠,56,芝,2000,良
2019105041,ホウオウプレミア,2022-03-26,阪神,11,毎日杯(GIII),10,5,5,11.3,6,6,岩田康誠,56,芝,1800,稍
2019105041,ホウオウプレミア,2022-10-08,東京,7,3歳以上1勝クラス,16,8,16,4.1,2,4,岩田康誠,55,芝,2000,良
2019105041,ホウオウプレミア,2022-10-29,東京,8,3歳以上1勝クラス,11,8,10,3.0,1,2,内田博幸,55,芝,2000,良
2019105041,ホウオウプレミア,2022-11-19,東京,12,3歳以上1勝クラス,18,3,6,5.2,2,2,内田博幸,56,芝,1600,良
2019105041,ホウオウプレミア,2023-02-04,東京,7,4歳以上1勝クラス,15,8,14,2.1,1,2,内田博幸,58,芝,1600,良
2019105041,ホウオウプレミア,2023-03-04,中山,8,4歳以上1勝クラス,16,5,9,1.8,1,1,内田博幸,58,芝,1600,良
2019105041,ホウオウプレミア,2023-04-02,中山,10,両国特別(2勝クラス),9,3,3,1.7,1,2,内田博幸,58,芝,1600,良
2019105041,ホウオウプレミア,2024-01-08,中山,12,4歳以上2勝クラス,15,7,13,4.2,2,6,内田博幸,58,芝,1600,良
2019105041,ホウオウプレミア,2024-03-30,中山,8,4歳以上2勝クラス,13,5,7,5.0,4,6,内田博幸,58,芝,1600,稍
2019105041,ホウオウプレミア,2024-05-26,東京,8,青嵐賞(2勝クラス),11,7,8,16.4,7,5,岩田康誠,58,芝,2400,良
2019105041,ホウオウプレミア,2024-06-29,函館,10,北海ハンデキャップ(2勝クラス),11,1,1,6.6,3,8,岩田康誠,55,芝,1800,良
2019105041,ホウオウプレミア,2024-07-20,札幌,10,釧路湿原特別(2勝クラス),13,5,7,9.5,5,8,岩田康誠,58,芝,2000,良
2019105041,ホウオウプレミア,2024-08-18,札幌,9,大通公園特別(2勝クラス),14,4,5,11.2,6,3,菱田裕二,58,ダ,1700,良
2019105041,ホウオウプレミア,2024-11-30,中山,10,鹿島特別(2勝クラス),15,7,13,13.0,6,9,菱田裕二,58,ダ,1800,稍
2019105041,ホウオウプレミア,2025-01-12,中山,12,4歳以上2勝クラス,16,6,12,15.1,6,4,マーカン,58,ダ,1200,良
2019105041,ホウオウプレミア,2025-02-02,東京,8,4歳以上2勝クラス,16,1,1,8.8,4,11,岩田望来,58,ダ,1400,稍
2019105041,ホウオウプレミア,2025-04-27,東京,12,4歳以上2勝クラス,16,3,6,36.9,10,2,横山和生,58,ダ,1400,稍
2019105041,ホウオウプレミア,2025-05-24,東京,12,4歳以上2勝クラス,14,7,12,8.2,4,2,横山和生,58,ダ,1600,良
2019105041,ホウオウプレミア,2025-06-15,東京,9,芦ノ湖特別(2勝クラス),10,4,4,19.9,6,7,石川裕紀,58,芝,1600,稍
2019105041,ホウオウプレミア,2025-10-04,東京,12,3歳以上2勝クラス,16,7,13,8.2,6,10,横山和生,58,ダ,1400,良
2019105041,ホウオウプレミア,2025-11-15,東京,9,三浦特別(2勝クラス),16,2,3,23.6,7,5,横山和生,58,ダ,1600,良
2019105041,ホウオウプレミア,2025-11-23,東京,8,3歳以上2勝クラス,16,3,5,7.7,4,5,プーシャ,58,ダ,1600,良
2019105041,ホウオウプレミア,2026-01-25,中山,8,4歳以上2勝クラス,15,5,9,18.3,5,2,岩田康誠,58,ダ,1200,良
2019105041,ホウオウプレミア,2026-02-15,東京,12,4歳以上2勝クラス,16,6,12,9.3,6,4,岩田康誠,58,ダ,1400,良
2019105041,ホウオウプレミア,2026-04-04,中山,12,4歳以上2勝クラス,16,1,1,14.7,7,2,岩田康誠,58,ダ,1200,重
2019105041,ホウオウプレミア,2026-04-18,中山,12,葛飾特別(2勝クラス),13,4,5,7.3,4,6,岩田康誠,58,ダ,1200,良
2019105041,ホウオウプレミア,2026-06-07,東京,10,八王子特別(2勝クラス),16,7,14,17.6,5,8,岩田康誠,58,ダ,1400,良
2019105041,ホウオウプレミア,2026-07-12,福島,12,彦星賞(2勝クラス),16,8,16,26.1,9,5,岩田康誠,58,ダ,1150,稍
2022106893,ホープエトワール,2024-09-26,船橋,3,ローズデビュー(2歳),6,1,1,47.7,5,3,臼井健太,54,ダ,1000,良
2022106893,ホープエトワール,2024-10-29,船橋,1,2歳四,9,8,9,3.3,2,2,臼井健太,55,ダ,1200,稍
2022106893,ホープエトワール,2024-11-25,船橋,2,2歳二,11,2,2,3.3,2,2,臼井健太,55,ダ,1200,良
2022106893,ホープエトワール,2024-12-16,船橋,3,2歳 300ー176,9,5,5,2.6,1,3,臼井健太,55,ダ,1500,良
2022106893,ホープエトワール,2025-01-23,船橋,7,インテリパワー・メモ(3歳),9,8,10,52.9,7,6,臼井健太,56,ダ,1600,良
2022106893,ホープエトワール,2025-06-03,船橋,3,3歳 390P,13,1,1,19.9,7,1,澤田龍哉,56,ダ,1500,不
2022106893,ホープエトワール,2025-07-05,船橋,9,麻綿原特別(3歳),12,7,10,9.7,5,9,山中悠希,56,ダ,1500,良
2022106893,ホープエトワール,2025-07-30,船橋,8,ナティビット特別(3歳C1),11,6,7,39.5,10,10,山中悠希,57,ダ,1600,良
2022106893,ホープエトワール,2025-08-27,船橋,10,灯籠賞(C1七),13,5,7,10.9,4,3,山中悠希,55,ダ,1600,良
2022106893,ホープエトワール,2025-10-01,船橋,7,C1四 五六 ア(C1五),14,7,12,7.5,5,1,山中悠希,55,ダ,1600,稍
2022106893,ホープエトワール,2025-11-07,船橋,12,パキラ特別(C1二),13,7,12,5.2,3,6,川島正太,56,ダ,1600,良
2022106893,ホープエトワール,2025-12-12,船橋,10,師走賞(C1二),14,3,4,10.2,6,10,本田正重,56,ダ,1600,良
2022106893,ホープエトワール,2026-01-23,船橋,10,大吉賞(C1),11,7,9,10.9,3,1,藤本現暉,56,ダ,1600,良
2022106893,ホープエトワール,2026-02-09,船橋,11,アメジスト特別(B3),14,5,7,28.5,7,13,藤本現暉,56,ダ,1600,良
2022106893,ホープエトワール,2026-03-11,船橋,12,ユキヤナギ賞(B3),12,7,9,50.8,9,7,篠谷葵,56,ダ,1800,良
2022106893,ホープエトワール,2026-03-30,船橋,11,花まつり特別(B3),12,2,2,71.3,9,12,篠谷葵,56,ダ,1600,稍
2022106893,ホープエトワール,2026-05-04,船橋,11,エメラルドマイル(B3),12,7,10,62.2,8,6,藤本現暉,56,ダ,1600,稍
2022106893,ホープエトワール,2026-07-18,福島,10,米沢特別(2勝クラス),15,6,11,330.2,15,15,木幡巧也,58,ダ,1700,良
2022106893,ホープエトワール,2026-08-01,中京,8,日進特別(2勝クラス),13,2,2,611.2,13,13,秋山稔樹,58,ダ,1800,良
2020110060,ホールネス,2023-04-16,阪神,4,3歳未勝利,18,2,3,57.5,11,2,西塚洸二,51,芝,2200,稍
2020110060,ホールネス,2023-05-13,新潟,5,3歳未勝利,13,4,4,2.7,2,1,西塚洸二,51,芝,2200,良
2020110060,ホールネス,2023-12-02,中京,12,3歳以上1勝クラス,17,7,14,10.6,5,1,西塚洸二,52,芝,2000,良
2020110060,ホールネス,2024-03-23,中京,10,熊野特別(2勝クラス),10,8,10,4.0,2,1,西塚洸二,55,芝,2200,重
2020110060,ホールネス,2024-06-16,京都,11,マーメイドS(GIII),16,3,6,11.6,6,3,西塚洸二,52,芝,2000,良
2020110060,ホールネス,2024-10-20,新潟,11,新潟牝馬S(L),13,5,7,2.3,1,1,西塚洸二,55,芝,2200,良
2020110060,ホールネス,2024-11-10,京都,11,エリザベス女王杯(GI),17,1,1,8.7,2,3,坂井瑠星,56,芝,2200,良
2020110060,ホールネス,2025-01-19,中京,11,日経新春杯(GII),16,4,7,8.2,5,14,坂井瑠星,55,芝,2200,良
2020110060,ホールネス,2026-03-28,中山,11,日経賞(GII),15,2,2,79.4,14,9,ディー,55,芝,2500,良
2020110060,ホールネス,2026-05-16,新潟,11,新潟大賞典(GIII),15,1,1,29.6,10,8,西塚洸二,55,芝,2000,良
2020110060,ホールネス,2026-06-21,東京,11,府中牝馬S(GIII),16,5,10,38.7,12,6,三浦皇成,55,芝,1800,稍
2020110060,ホールネス,2026-07-26,札幌,11,札幌日経賞(L),13,8,13,29.2,8,2,小沢大仁,56,芝,2600,良
2021110057,ボディブロー,2024-07-21,小倉,6,3歳未勝利,16,6,12,9.2,6,15,松山弘平,57,ダ,1700,稍
2021110057,ボディブロー,2024-08-29,佐賀,5,JRA交流サマーカッ(3歳),,5,5,,,,山口勲,56,ダ,1860,
2021110057,ボディブロー,2024-09-01,佐賀,5,JRA交流サマーカッ(3歳),8,5,5,17.9,6,5,山口勲,56,ダ,1860,重
2021110057,ボディブロー,2024-11-24,京都,5,3歳以上1勝クラス,15,7,12,99.8,14,14,団野大成,56,ダ,1800,良
2021110057,ボディブロー,2024-12-14,京都,8,3歳以上1勝クラス,16,8,15,158.1,12,15,浜中俊,57,ダ,1800,良
2021110057,ボディブロー,2025-01-27,名古屋,4,C30組,11,3,3,1.2,1,1,岡部誠,56,ダ,1400,良
2021110057,ボディブロー,2025-02-12,名古屋,12,木曽川特別(C),11,3,3,1.2,1,1,岡部誠,56,ダ,1500,稍
2021110057,ボディブロー,2025-02-28,名古屋,10,佐布里池特別(C),11,8,11,1.0,1,1,岡部誠,56,ダ,1500,良
2021110057,ボディブロー,2025-03-21,笠松,9,春嵐特別(B),8,4,4,1.1,1,1,岡部誠,56,ダ,1400,良
2021110057,ボディブロー,2025-04-10,名古屋,8,B6組,10,2,2,1.0,1,1,岡部誠,57,ダ,1500,良
2021110057,ボディブロー,2025-06-21,阪神,8,3歳以上1勝クラス,16,1,1,34.1,9,16,松若風馬,58,ダ,1800,良
2021110057,ボディブロー,2025-07-30,門別,7,アルビレオ特別(A2),,2,2,,,,阿部龍,57,ダ,1200,
2021110057,ボディブロー,2025-08-09,札幌,7,3歳以上1勝クラス,12,8,12,4.9,3,2,松山弘平,58,ダ,1000,重
2021110057,ボディブロー,2025-08-30,札幌,7,3歳以上1勝クラス,12,2,2,6.3,3,4,武豊,58,ダ,1000,重
2021110057,ボディブロー,2025-11-16,京都,6,3歳以上1勝クラス,16,5,10,15.7,4,2,武豊,58,ダ,1200,良
2021110057,ボディブロー,2025-12-07,中京,6,3歳以上1勝クラス,16,2,4,7.7,5,9,武豊,58,ダ,1400,良
2021110057,ボディブロー,2026-01-28,名古屋,10,名古屋CCミネルヴァ(A),12,7,10,1.1,1,1,渡辺竜也,57,ダ,1500,良
2021110057,ボディブロー,2026-03-01,阪神,12,4歳以上2勝クラス,16,7,14,10.5,6,1,武豊,58,ダ,1200,良
2021110057,ボディブロー,2026-04-19,阪神,10,陽春S(3勝クラス),13,8,12,14.1,5,7,幸英明,55,ダ,1200,良
2021110057,ボディブロー,2026-05-03,新潟,11,越後S(OP),15,5,9,58.8,12,13,田山旺佑,57,ダ,1200,稍
2021110057,ボディブロー,2026-07-04,福島,11,TUF杯(3勝クラス),10,1,1,22.0,6,6,荻野極,58,ダ,1150,稍
2022105485,ボンドロア,2025-02-01,京都,6,3歳未勝利,10,8,9,88.3,7,5,太宰啓介,57,芝,1800,良
2022105485,ボンドロア,2025-04-20,阪神,5,3歳未勝利,18,8,17,34.3,8,8,横山典弘,57,芝,1800,良
2022105485,ボンドロア,2025-05-11,京都,5,3歳未勝利,12,5,6,14.0,6,3,横山典弘,57,芝,2200,良
2022105485,ボンドロア,2025-05-25,京都,5,3歳未勝利,14,7,12,9.8,4,4,横山典弘,57,芝,2200,重
2022105485,ボンドロア,2025-06-22,阪神,4,3歳未勝利,15,2,2,5.7,3,1,横山典弘,57,芝,2400,良
2022105485,ボンドロア,2025-08-03,札幌,12,積丹特別(1勝クラス),7,8,8,4.0,3,4,横山典弘,55,芝,2600,良
2022105485,ボンドロア,2025-08-31,札幌,9,北辰特別(1勝クラス),14,1,1,16.5,7,1,横山典弘,55,芝,2600,稍
2022105485,ボンドロア,2025-09-21,阪神,11,神戸新聞杯(GII),10,7,7,37.7,8,10,横山典弘,57,芝,2400,良
2022105485,ボンドロア,2025-12-28,中山,9,グッドラックH(2勝クラス),14,1,1,11.8,5,13,横山典弘,54,芝,2500,良
2022105485,ボンドロア,2026-01-12,京都,9,琵琶湖特別(2勝クラス),12,3,3,30.2,9,2,太宰啓介,57,芝,2400,良
2022105485,ボンドロア,2026-01-31,京都,10,許波多特別(2勝クラス),8,6,6,2.9,1,4,太宰啓介,56,芝,2400,良
2022105485,ボンドロア,2026-02-21,小倉,10,皿倉山特別(2勝クラス),16,4,8,7.7,3,10,太宰啓介,57,芝,2600,良
2022105485,ボンドロア,2026-06-28,小倉,9,帆柱山特別(2勝クラス),8,4,4,8.1,5,8,角田大和,58,芝,2600,良
2022105485,ボンドロア,2026-07-25,札幌,10,ライラック賞(2勝クラス),11,5,5,10.5,5,1,横山武史,58,芝,2600,良
2023102082,ボーントゥウォリア,2026-06-21,阪神,3,3歳未勝利,16,8,15,4.7,3,1,岩田望来,57,ダ,1800,重
2022101573,ポッドロワール,2024-06-30,福島,5,2歳新馬,16,2,3,7.0,4,11,Ｍ．デム,55,芝,1800,良
2022101573,ポッドロワール,2024-09-01,新潟,2,2歳未勝利,11,5,5,15.8,5,3,石川裕紀,55,芝,2000,良
2022101573,ポッドロワール,2024-09-28,中山,4,2歳未勝利,16,8,15,36.8,8,4,石川裕紀,55,芝,2000,良
2022101573,ポッドロワール,2024-10-19,東京,3,2歳未勝利,7,3,3,10.5,4,5,池添謙一,56,芝,2000,良
2022101573,ポッドロワール,2024-11-03,東京,2,2歳未勝利,15,1,1,3.5,1,9,池添謙一,56,ダ,1600,重
2022101573,ポッドロワール,2025-01-12,中山,5,3歳未勝利,18,8,17,8.3,5,6,キング,57,芝,2000,良
2022101573,ポッドロワール,2025-02-08,東京,6,3歳未勝利,18,1,2,12.6,5,9,キング,57,芝,2400,良
2022101573,ポッドロワール,2025-04-12,中山,3,3歳未勝利,13,6,8,8.7,6,11,原優介,57,ダ,1800,稍
2022101573,ポッドロワール,2025-05-10,東京,5,3歳未勝利,16,6,12,16.8,5,1,木幡巧也,57,芝,1400,稍
2022101573,ポッドロワール,2025-05-31,東京,7,3歳1勝クラス,11,7,8,12.1,7,9,木幡巧也,57,芝,1400,稍
2022101573,ポッドロワール,2025-08-30,新潟,9,新発田城特別(1勝クラス),18,8,18,19.2,7,1,荻野極,55,芝,1400,良
2022101573,ポッドロワール,2025-10-05,東京,9,tvk賞(2勝クラス),17,8,18,9.7,4,6,荻野極,56,芝,1400,良
2022101573,ポッドロワール,2025-11-09,東京,12,3歳以上2勝クラス,18,7,15,6.9,4,2,荻野極,57,芝,1400,良
2022101573,ポッドロワール,2026-02-22,東京,8,4歳以上2勝クラス,16,6,11,11.8,6,2,岩田望来,58,芝,1400,良
2022101573,ポッドロワール,2026-03-08,中山,12,4歳以上2勝クラス,16,8,16,7.1,4,1,荻野極,58,芝,1200,良
2022101573,ポッドロワール,2026-03-29,中山,10,船橋S(3勝クラス),15,2,2,5.4,3,15,荻野極,58,芝,1200,良
2022101573,ポッドロワール,2026-07-25,新潟,7,新潟日報賞(3勝クラス),17,1,1,12.1,4,2,荻野極,58,芝,1400,良
2022101573,ポッドロワール,2026-08-29,中京,7,長篠S(3勝クラス),15,6,10,2.6,1,5,岩田望来,58,芝,1400,良
2020105798,マイネルカンパーナ,2022-09-03,新潟,5,2歳新馬,7,6,6,21.8,5,4,柴田大知,54,芝,2000,良
2020105798,マイネルカンパーナ,2022-09-25,中山,3,2歳未勝利,14,3,4,9.4,3,1,丹内祐次,54,芝,1800,稍
2020105798,マイネルカンパーナ,2022-10-22,東京,9,アイビーS(L),8,5,5,66.8,7,8,横山武史,55,芝,1800,良
2020105798,マイネルカンパーナ,2023-03-11,中山,7,3歳1勝クラス,11,6,7,90.1,9,8,丹内祐次,56,芝,2000,良
2020105798,マイネルカンパーナ,2023-03-25,中山,6,3歳1勝クラス,11,8,11,22.5,5,8,丹内祐次,56,芝,1800,不
2020105798,マイネルカンパーナ,2023-04-22,東京,9,新緑賞(1勝クラス),8,3,3,115.2,8,7,石川裕紀,56,芝,2300,良
2020105798,マイネルカンパーナ,2023-05-14,東京,5,3歳1勝クラス,13,6,8,508.4,13,10,小林勝太,53,芝,1800,良
2020105798,マイネルカンパーナ,2023-08-27,新潟,7,3歳以上1勝クラス,8,4,4,128.4,8,5,野中悠太,55,芝,1800,良
2020105798,マイネルカンパーナ,2023-09-09,中山,7,3歳以上1勝クラス,9,6,6,100.2,7,5,野中悠太,55,芝,1800,稍
2020105798,マイネルカンパーナ,2023-09-23,中山,6,3歳以上1勝クラス,13,2,2,28.4,9,5,野中悠太,55,芝,2000,重
2020105798,マイネルカンパーナ,2023-11-05,福島,9,三春駒特別(1勝クラス),14,3,3,20.5,8,4,泉谷楓真,56,芝,2000,良
2020105798,マイネルカンパーナ,2023-11-18,福島,12,3歳以上1勝クラス,16,8,15,8.8,5,5,佐々木大,55,芝,2000,稍
2020105798,マイネルカンパーナ,2023-12-03,中京,12,栄特別(1勝クラス),11,6,7,19.3,6,2,坂井瑠星,56,芝,2200,良
2020105798,マイネルカンパーナ,2024-01-27,東京,12,4歳以上1勝クラス,16,4,8,38.8,8,6,松岡正海,57,芝,1800,良
2020105798,マイネルカンパーナ,2024-02-18,京都,7,4歳以上1勝クラス,8,7,7,5.6,3,1,和田竜二,57,芝,2400,良
2020105798,マイネルカンパーナ,2024-04-14,福島,10,奥の細道特別(2勝クラス),16,7,13,14.4,7,5,丹内祐次,58,芝,2600,良
2020105798,マイネルカンパーナ,2024-04-28,東京,9,陣馬特別(2勝クラス),8,1,1,7.5,4,1,佐々木大,55,芝,2400,良
2020105798,マイネルカンパーナ,2024-06-08,東京,11,ジューンS(3勝クラス),14,3,4,52.1,10,10,石川裕紀,55,芝,2400,良
2020105798,マイネルカンパーナ,2024-08-17,新潟,11,日本海S(3勝クラス),9,5,5,107.5,9,9,丸山元気,58,芝,2200,良
2020105798,マイネルカンパーナ,2024-09-07,中京,10,ムーンライトH(3勝クラス),16,7,13,102.3,13,7,幸英明,54,芝,2200,良
2020105798,マイネルカンパーナ,2024-10-06,東京,9,昇仙峡S(3勝クラス),8,2,2,62.2,8,8,佐々木大,58,芝,2400,良
2020105798,マイネルカンパーナ,2024-10-26,新潟,11,魚沼S(3勝クラス),10,5,5,71.3,9,7,杉原誠人,58,芝,2000,良
2020105798,マイネルカンパーナ,2024-11-17,京都,9,比叡S(3勝クラス),17,2,3,207.7,14,7,川須栄彦,54,芝,2400,良
2020105798,マイネルカンパーナ,2025-02-08,東京,11,早春S(3勝クラス),14,3,4,65.8,9,1,津村明秀,54,芝,2400,良
2020105798,マイネルカンパーナ,2025-05-11,東京,10,メトロポリタンS(L),10,6,6,10.2,5,2,津村明秀,57,芝,2400,良
2020105798,マイネルカンパーナ,2025-06-01,東京,12,目黒記念(GII),18,4,7,13.2,5,8,丹内祐次,56,芝,2500,良
2020105798,マイネルカンパーナ,2025-07-27,札幌,11,札幌日経賞(L),10,2,2,6.3,5,3,丹内祐次,57,芝,2600,稍
2020105798,マイネルカンパーナ,2025-09-07,札幌,11,丹頂S(OP),12,8,12,8.8,4,5,丹内祐次,56,芝,2600,稍
2020105798,マイネルカンパーナ,2025-11-09,東京,11,アルゼンチン共和国杯(GII),18,5,10,30.7,10,7,津村明秀,56,芝,2500,良
2020105798,マイネルカンパーナ,2025-12-06,中山,11,ステイヤーズS(GII),14,3,4,11.6,5,2,津村明秀,57,芝,3600,良
2020105798,マイネルカンパーナ,2026-02-21,東京,11,ダイヤモンドS(GIII),15,8,14,10.3,5,7,津村明秀,56.5,芝,3400,良
2020105798,マイネルカンパーナ,2026-05-03,京都,11,天皇賞(春)(GI),15,6,10,143.3,10,10,津村明秀,58,芝,3200,良
2023100207,マイネルシンベリン,2025-07-27,札幌,5,2歳新馬,6,5,5,4.0,2,2,丹内祐次,55,芝,1800,重
2023100207,マイネルシンベリン,2025-08-16,札幌,1,2歳未勝利,7,6,6,2.3,1,1,丹内祐次,55,芝,1800,良
2023100207,マイネルシンベリン,2025-10-18,東京,9,アイビーS(L),7,7,7,20.5,5,5,津村明秀,56,芝,1800,良
2023100207,マイネルシンベリン,2025-12-20,中山,9,ひいらぎ賞(1勝クラス),12,8,11,33.4,9,8,丹内祐次,56,芝,1600,良
2023100207,マイネルシンベリン,2026-01-25,中山,9,若竹賞(1勝クラス),12,4,4,10.2,4,3,津村明秀,57,芝,1800,良
2023100207,マイネルシンベリン,2026-03-15,中山,11,フジTVスプリングS(GII),16,4,8,85.3,13,8,丹内祐次,57,芝,1800,良
2023100207,マイネルシンベリン,2026-04-18,福島,9,ひめさゆり賞(1勝クラス),9,6,6,2.0,1,5,丹内祐次,57,芝,2000,良
2023100207,マイネルシンベリン,2026-05-09,東京,6,3歳1勝クラス,12,6,8,15.7,6,5,津村明秀,57,芝,1800,良
2023100207,マイネルシンベリン,2026-07-18,函館,9,湯浜特別(1勝クラス),13,5,7,4.3,2,2,丹内祐次,55,芝,1800,良
2023100207,マイネルシンベリン,2026-08-09,札幌,12,石狩特別(1勝クラス),8,1,1,4.2,2,3,斎藤新,55,芝,1800,良
2023100207,マイネルシンベリン,2026-08-23,札幌,8,3歳以上1勝クラス,11,7,9,3.2,2,2,丹内祐次,55,芝,1800,良
2023106439,マイネルマスター,2025-06-07,東京,5,2歳新馬,9,6,6,63.1,7,5,丹内祐次,55,芝,1600,良
2023106439,マイネルマスター,2025-07-05,福島,3,2歳未勝利,9,1,1,5.4,3,2,津村明秀,55,芝,1800,稍
2023106439,マイネルマスター,2025-09-07,中山,4,2歳未勝利,10,6,6,3.0,2,1,津村明秀,55,芝,2000,良
2023106439,マイネルマスター,2025-09-27,中山,9,芙蓉S(OP),9,5,5,25.6,6,5,津村明秀,55,芝,2000,良
2023106439,マイネルマスター,2025-12-06,中山,9,葉牡丹賞(1勝クラス),11,4,4,49.6,10,9,丹内祐次,56,芝,2000,良
2023106439,マイネルマスター,2026-01-25,中山,9,若竹賞(1勝クラス),12,6,8,50.1,11,11,原優介,57,芝,1800,良
2023106439,マイネルマスター,2026-02-28,中山,9,水仙賞(1勝クラス),8,5,5,116.8,7,5,津村明秀,57,芝,2200,良
2023106439,マイネルマスター,2026-03-22,中山,7,3歳1勝クラス,8,6,6,15.9,3,5,津村明秀,57,芝,2000,良
2023106439,マイネルマスター,2026-08-01,札幌,4,3歳以上1勝クラス,11,8,10,16.5,5,9,佐々木大,55,芝,1800,稍
2023106439,マイネルマスター,2026-08-23,札幌,9,ルスツ特別(1勝クラス),13,5,6,67.1,11,3,ロイド,55,芝,2000,良
2023106810,マスターソアラ,2025-11-15,東京,6,2歳新馬,14,4,6,9.5,3,1,横山武史,55,芝,1600,良
2023106810,マスターソアラ,2026-02-14,東京,11,デイリー杯クイーンC(GIII),16,8,15,10.2,4,4,横山武史,55,芝,1600,良
2022110014,マックアルイーン,2024-09-01,新潟,6,2歳新馬,16,4,8,1.6,1,1,ルメール,55,芝,1400,良
2022110014,マックアルイーン,2024-10-13,京都,8,もみじS(OP),6,6,6,2.2,1,3,ルメール,56,芝,1400,良
2022110014,マックアルイーン,2025-03-16,中山,6,3歳1勝クラス,8,1,1,3.1,1,5,ルメール,57,芝,1200,重
2022110014,マックアルイーン,2025-04-20,中山,5,3歳1勝クラス,11,7,8,3.0,3,1,ルメール,57,芝,1200,良
2022110014,マックアルイーン,2025-06-29,福島,9,郡山特別(2勝クラス),11,1,1,1.8,1,1,ルメール,55,芝,1200,良
2022110014,マックアルイーン,2025-09-07,中山,10,セプテンバーS(3勝クラス),12,2,2,1.6,1,2,ルメール,55,芝,1200,良
2022110014,マックアルイーン,2025-11-23,京都,12,醍醐S(3勝クラス),16,1,2,2.5,1,12,ルメール,57,芝,1200,良
2022110014,マックアルイーン,2026-01-05,中山,11,サンライズS(3勝クラス),14,3,3,3.6,1,6,戸崎圭太,57,芝,1200,良
2022110014,マックアルイーン,2026-03-01,中山,10,アクアマリンS(3勝クラス),15,7,12,5.7,2,10,ルメール,58,芝,1200,良
2022110014,マックアルイーン,2026-06-21,東京,10,多摩川S(3勝クラス),16,6,11,71.2,10,9,石川裕紀,58,芝,1400,稍
2020110105,マニバドラ,2022-06-05,中京,5,2歳新馬,9,4,4,2.6,1,3,松本大輝,52,芝,1400,良
2020110105,マニバドラ,2022-06-25,函館,1,2歳未勝利,12,8,11,1.9,1,7,武豊,54,芝,1200,稍
2020110105,マニバドラ,2022-07-10,函館,1,2歳未勝利,11,5,5,2.8,1,2,武豊,54,ダ,1000,良
2020110105,マニバドラ,2022-10-08,阪神,1,2歳未勝利,10,2,2,1.7,1,1,松本大輝,53,ダ,1200,重
2020110105,マニバドラ,2022-10-23,阪神,8,なでしこ賞(1勝クラス),9,7,7,4.6,3,3,武豊,55,ダ,1400,良
2020110105,マニバドラ,2022-12-24,中山,7,2歳1勝クラス,16,4,7,4.9,2,1,戸崎圭太,55,ダ,1200,稍
2020110105,マニバドラ,2023-03-12,中京,10,昇竜S(OP),16,7,13,14.0,5,4,松山弘平,56,ダ,1400,良
2020110105,マニバドラ,2023-06-04,東京,12,小金井特別(2勝クラス),15,7,12,2.4,1,1,松山弘平,55,ダ,1400,稍
2020110105,マニバドラ,2023-06-25,阪神,10,花のみちS(3勝クラス),16,8,16,4.2,2,14,武豊,55,ダ,1400,良
2020110105,マニバドラ,2024-01-27,東京,9,銀蹄S(3勝クラス),16,4,8,35.6,8,3,松岡正海,55,ダ,1400,良
2020110105,マニバドラ,2024-02-25,中山,10,春風S(3勝クラス),16,8,16,2.5,1,1,戸崎圭太,56,ダ,1200,重
2020110105,マニバドラ,2024-06-02,京都,11,松風月S(OP),16,3,5,4.7,1,2,松山弘平,55,ダ,1200,稍
2020110105,マニバドラ,2024-07-13,福島,11,安達太良S(OP),13,5,6,1.9,1,1,松山弘平,57,ダ,1150,稍
2020110105,マニバドラ,2024-08-18,新潟,11,NST賞(OP),14,6,10,1.6,1,5,ルメール,57.5,ダ,1200,良
2020110105,マニバドラ,2024-10-06,京都,10,藤森S(OP),14,2,4,3.2,1,3,松山弘平,58,ダ,1200,良
2020110105,マニバドラ,2025-04-20,中山,10,京葉S(L),16,5,10,6.4,3,2,松山弘平,58,ダ,1200,良
2020110105,マニバドラ,2025-06-08,阪神,11,水無月S(OP),16,8,16,5.4,2,5,団野大成,57.5,ダ,1200,良
2020110105,マニバドラ,2025-10-05,京都,10,藤森S(OP),16,1,1,8.2,3,13,団野大成,58,ダ,1200,重
2020110105,マニバドラ,2026-02-10,京都,10,大和S(OP),16,5,9,21.9,11,13,団野大成,57.5,ダ,1200,良
2020110105,マニバドラ,2026-04-19,中山,10,京葉S(L),15,7,13,6.1,3,3,団野大成,58,ダ,1200,良
2020110105,マニバドラ,2026-07-19,福島,11,福島テレビ賞(OP),16,4,8,7.2,4,16,荻野極,58,ダ,1150,良
2019105394,ママコチャ,2021-06-26,阪神,5,2歳新馬,17,8,17,4.0,2,8,福永祐一,54,芝,1400,良
2019105394,ママコチャ,2021-09-18,中京,3,2歳未勝利,13,3,4,4.1,2,3,岩田望来,54,芝,1600,不
2019105394,ママコチャ,2021-10-24,阪神,3,2歳未勝利,16,5,10,4.1,1,1,松山弘平,54,芝,1400,良
2019105394,ママコチャ,2021-11-06,阪神,11,KBSファンタジーS(GIII),10,8,9,4.4,3,3,藤岡佑介,54,芝,1400,良
2019105394,ママコチャ,2022-02-05,中京,10,エルフィンS(L),10,2,2,4.5,3,2,岩田望来,54,芝,1600,良
2019105394,ママコチャ,2022-06-19,阪神,8,3歳以上1勝クラス,13,8,12,1.3,1,1,松山弘平,52,芝,1400,良
2019105394,ママコチャ,2022-07-30,新潟,10,豊栄特別(2勝クラス),18,5,9,2.6,1,1,松山弘平,52,芝,1600,良
2019105394,ママコチャ,2022-09-18,中京,10,納屋橋S(3勝クラス),13,1,1,1.3,1,1,松山弘平,53,芝,1600,良
2019105394,ママコチャ,2022-12-17,中山,11,ターコイズS(GIII),16,1,2,3.2,1,5,松山弘平,53,芝,1600,良
2019105394,ママコチャ,2023-04-08,阪神,11,サンスポ杯阪神牝馬S(GII),12,5,5,5.0,3,9,松山弘平,55,芝,1600,稍
2019105394,ママコチャ,2023-05-28,京都,10,安土城S(L),18,6,12,3.1,1,1,鮫島克駿,54,芝,1400,良
2019105394,ママコチャ,2023-08-20,小倉,11,TV西日本北九州記念(GIII),18,5,9,3.0,1,2,鮫島克駿,55.5,芝,1200,良
2019105394,ママコチャ,2023-10-01,中山,11,スプリンターズS(GI),16,3,6,4.9,3,1,川田将雅,56,芝,1200,良
2019105394,ママコチャ,2023-12-23,阪神,11,阪神C(GII),17,7,13,3.1,1,5,川田将雅,56,芝,1400,良
2019105394,ママコチャ,2024-03-24,中京,11,高松宮記念(GI),18,7,14,8.0,3,8,川田将雅,56,芝,1200,重
2019105394,ママコチャ,2024-09-08,中京,11,産経賞セントウルS(GII),18,8,18,8.0,4,2,鮫島克駿,57,芝,1200,良
2019105394,ママコチャ,2024-09-29,中山,11,スプリンターズS(GI),16,3,6,5.2,2,4,川田将雅,56,芝,1200,良
2019105394,ママコチャ,2024-12-21,京都,11,阪神C(GII),18,7,15,7.0,4,5,川田将雅,56,芝,1400,良
2019105394,ママコチャ,2025-03-01,中山,11,オーシャンS(GIII),15,6,11,2.7,1,1,川田将雅,56,芝,1200,良
2019105394,ママコチャ,2025-03-30,中京,11,高松宮記念(GI),18,7,15,14.6,6,3,川田将雅,56,芝,1200,良
2019105394,ママコチャ,2025-05-03,東京,11,京王杯スプリングC(GII),12,3,3,2.9,1,2,川田将雅,56,芝,1400,良
2019105394,ママコチャ,2025-09-07,阪神,11,産経賞セントウルS(GII),16,2,3,3.2,2,2,岩田望来,56,芝,1200,良
2019105394,ママコチャ,2025-09-28,中山,11,スプリンターズS(GI),16,2,4,8.0,3,6,岩田望来,56,芝,1200,良
2019105394,ママコチャ,2025-11-03,船橋,10,JBCスプリント(JpnI),14,8,13,3.8,1,2,川田将雅,55,ダ,1000,稍
2019105394,ママコチャ,2026-02-28,中山,11,オーシャンS(GIII),16,7,14,5.6,3,4,川田将雅,56,芝,1200,良
2019105394,ママコチャ,2026-03-29,中京,11,高松宮記念(GI),18,5,10,8.6,4,9,川田将雅,56,芝,1200,良
2019105394,ママコチャ,2026-04-15,大井,11,東京スプリント競走(JpnIII),14,7,13,4.2,3,5,川田将雅,56,ダ,1200,良
2019105394,ママコチャ,2026-06-24,浦和,11,さきたま杯[指定交流(JpnI),12,8,11,8.8,4,5,武豊,55,ダ,1400,稍
2021104831,マーゴットソラーレ,2023-07-16,函館,5,2歳新馬,14,3,3,12.2,5,1,西村淳也,55,芝,1800,稍
2021104831,マーゴットソラーレ,2023-09-02,札幌,11,札幌2歳S(GIII),10,3,3,20.0,6,4,佐々木大,55,芝,1800,稍
2021104831,マーゴットソラーレ,2023-11-05,東京,9,百日草特別(1勝クラス),9,7,7,10.4,4,2,田辺裕信,56,芝,2000,良
2021104831,マーゴットソラーレ,2023-12-02,中山,9,葉牡丹賞(1勝クラス),9,4,4,3.8,2,6,横山武史,56,芝,2000,良
2021104831,マーゴットソラーレ,2024-10-19,東京,12,3歳以上1勝クラス,12,5,6,20.7,7,3,鮫島克駿,56,芝,1800,良
2021104831,マーゴットソラーレ,2024-11-10,福島,8,3歳以上1勝クラス,16,8,15,3.4,1,3,西村淳也,56,芝,1800,良
2021104831,マーゴットソラーレ,2025-03-08,中山,12,4歳以上1勝クラス,16,3,5,5.2,3,14,田辺裕信,58,芝,1600,良
2021104831,マーゴットソラーレ,2025-03-30,中京,6,4歳以上1勝クラス,11,8,11,8.4,4,9,西村淳也,57,芝,2200,良
2021104831,マーゴットソラーレ,2025-04-26,福島,10,飯盛山特別(1勝クラス),13,2,2,7.9,4,7,菊沢一樹,58,芝,2000,良
2021104831,マーゴットソラーレ,2025-09-14,中山,8,3歳以上1勝クラス,15,8,15,15.5,8,11,荻野極,58,ダ,1800,稍
2021104831,マーゴットソラーレ,2025-10-12,東京,8,3歳以上1勝クラス,11,8,10,38.3,10,8,上里直汰,55,芝,2400,良
2021104831,マーゴットソラーレ,2025-11-09,福島,8,3歳以上1勝クラス,16,2,3,27.2,8,8,上里直汰,55,芝,2600,良
2021104831,マーゴットソラーレ,2025-11-15,福島,8,3歳以上1勝クラス,16,7,13,42.6,11,5,上里直汰,55,芝,2600,良
2021104831,マーゴットソラーレ,2026-02-15,東京,6,4歳以上1勝クラス,14,7,11,13.7,5,3,上里直汰,55,芝,2400,良
2021104831,マーゴットソラーレ,2026-03-14,中京,9,鶴舞特別(1勝クラス),10,8,10,15.9,7,9,上里直汰,58,芝,2200,良
2021104831,マーゴットソラーレ,2026-05-09,新潟,1,障害4歳以上未勝利,13,4,4,32.2,9,中,草野太郎,60,障,2890,稍
2021104854,ミナデオロ,2023-10-28,京都,5,2歳新馬,11,3,3,2.3,1,5,坂井瑠星,56,芝,2000,良
2021104854,ミナデオロ,2024-01-07,京都,1,3歳未勝利,16,6,12,4.1,2,15,松山弘平,57,ダ,1800,良
2021104854,ミナデオロ,2024-01-27,京都,5,3歳未勝利,9,4,4,19.1,6,3,ルメート,57,芝,1800,良
2021104854,ミナデオロ,2024-02-18,京都,5,3歳未勝利,13,2,2,9.0,5,2,ルメート,57,芝,1800,良
2021104854,ミナデオロ,2024-04-07,阪神,4,3歳未勝利,14,7,12,4.2,2,5,ムルザバ,57,芝,1800,良
2021104854,ミナデオロ,2024-05-05,京都,5,3歳未勝利,15,3,5,3.6,2,1,西塚洸二,55,芝,1800,良
2021104854,ミナデオロ,2024-05-26,京都,11,白百合S(L),9,8,8,7.3,4,1,西塚洸二,57,芝,1800,良
2021104854,ミナデオロ,2024-06-30,福島,11,ラジオNIKKEI賞(GIII),12,7,10,19.2,9,10,西塚洸二,57,芝,1800,良
2021104854,ミナデオロ,2025-06-15,阪神,10,花のみちS(3勝クラス),18,5,10,65.5,13,5,西塚洸二,58,芝,1600,稍
2021104854,ミナデオロ,2025-08-10,新潟,6,佐渡S(3勝クラス),14,3,4,13.8,6,3,高杉吏麒,58,芝,1800,重
2021104854,ミナデオロ,2025-09-06,阪神,10,西宮S(3勝クラス),12,5,6,7.3,5,2,西塚洸二,58,芝,1800,良
2021104854,ミナデオロ,2026-03-08,阪神,10,岸和田S(3勝クラス),14,5,8,8.0,4,5,西塚洸二,58,芝,1600,良
2021104854,ミナデオロ,2026-03-14,阪神,10,難波S(3勝クラス),11,6,7,3.9,2,4,川田将雅,58,芝,1800,良
2021104854,ミナデオロ,2026-04-26,京都,10,センテニアルパークS(3勝クラス),18,7,14,23.7,6,13,松本大輝,57,芝,1800,良
2021104854,ミナデオロ,2026-05-17,新潟,11,弥彦S(3勝クラス),16,2,3,5.8,2,8,西塚洸二,58,芝,1800,良
2021104854,ミナデオロ,2026-06-14,阪神,10,花のみちS(3勝クラス),14,5,8,4.8,2,1,ルメール,58,芝,1600,良
2021104854,ミナデオロ,2026-08-16,中京,7,中京記念(GIII),16,7,14,37.7,11,5,西塚洸二,57,芝,1600,良
2022103151,ミニョンマルーン,2024-11-23,東京,4,2歳新馬,15,5,9,30.1,8,9,菊沢一樹,55,ダ,1400,稍
2022103151,ミニョンマルーン,2025-01-12,中山,1,3歳未勝利,16,7,14,19.4,5,3,菊沢一樹,55,ダ,1200,良
2022103151,ミニョンマルーン,2025-01-25,中山,1,3歳未勝利,16,2,3,4.6,3,2,長浜鴻緒,52,ダ,1200,良
2022103151,ミニョンマルーン,2025-03-01,中山,2,3歳未勝利,16,8,15,2.5,1,2,長浜鴻緒,52,ダ,1200,良
2022103151,ミニョンマルーン,2025-03-15,中山,1,3歳未勝利,16,7,13,1.6,1,6,長浜鴻緒,52,ダ,1200,稍
2022103151,ミニョンマルーン,2025-05-04,新潟,2,3歳未勝利,15,2,3,3.4,1,3,長浜鴻緒,53,ダ,1200,稍
2022103151,ミニョンマルーン,2025-05-18,新潟,2,3歳未勝利,15,4,6,2.6,1,1,長浜鴻緒,53,ダ,1200,稍
2022103151,ミニョンマルーン,2025-07-13,福島,8,3歳以上1勝クラス,15,2,3,4.2,2,2,谷原柚希,50,ダ,1150,良
2022103151,ミニョンマルーン,2025-08-02,札幌,6,3歳以上1勝クラス,7,2,2,1.7,1,2,小林美駒,51,ダ,1000,良
2022103151,ミニョンマルーン,2025-08-17,札幌,6,3歳以上1勝クラス,12,8,12,1.4,1,2,小林美駒,51,ダ,1000,稍
2022103151,ミニョンマルーン,2025-08-30,札幌,7,3歳以上1勝クラス,12,6,7,2.6,1,1,小林美駒,51,ダ,1000,重
2022103151,ミニョンマルーン,2025-12-06,中山,12,3歳以上2勝クラス,13,5,9,10.9,6,5,谷原柚希,51,芝,1200,良
2022103151,ミニョンマルーン,2025-12-27,中山,9,ベストウィッシュC(2勝クラス),16,3,6,7.7,4,8,丹内祐次,55,芝,1200,良
2022103151,ミニョンマルーン,2026-02-01,小倉,10,周防灘特別(2勝クラス),15,1,1,16.8,7,9,黛弘人,56,芝,1200,良
2022103151,ミニョンマルーン,2026-04-12,福島,10,喜多方特別(2勝クラス),16,7,13,7.1,3,10,黛弘人,56,ダ,1150,良
2022103151,ミニョンマルーン,2026-06-14,函館,11,函館日刊スポーツ杯(2勝クラス),16,5,9,12.0,6,6,長浜鴻緒,56,芝,1200,良
2022103151,ミニョンマルーン,2026-07-05,函館,9,立待岬特別(2勝クラス),16,5,9,29.0,10,12,長浜鴻緒,56,芝,1200,良
2022103151,ミニョンマルーン,2026-08-15,札幌,10,知床特別(2勝クラス),16,8,15,11.2,3,10,石川倭,56,芝,1200,良
2023102836,ミランド,2025-12-27,阪神,5,2歳新馬,14,6,9,112.7,13,6,小沢大仁,56,芝,2000,良
2023102836,ミランド,2026-02-15,小倉,5,3歳未勝利,16,1,2,20.4,5,9,角田大和,57,芝,1800,稍
2023102836,ミランド,2026-03-15,阪神,2,3歳未勝利,14,8,13,5.5,3,1,鮫島克駿,57,ダ,1800,良
2023102836,ミランド,2026-06-28,小倉,12,3歳以上1勝クラス,16,1,1,10.1,5,4,西村淳也,55,ダ,1700,稍
2023102836,ミランド,2026-07-25,中京,10,3歳以上1勝クラス,12,1,1,7.1,4,11,西村淳也,55,ダ,1800,良
2022102408,ムイ,2025-01-26,小倉,5,3歳新馬,18,7,15,7.5,4,1,今村聖奈,52,芝,1200,良
2022102408,ムイ,2025-03-29,阪神,6,3歳1勝クラス,12,6,7,16.3,7,1,今村聖奈,52,芝,1400,良
2022102408,ムイ,2025-04-12,中山,11,ニュージーランドT(GII),14,6,10,17.1,6,12,今村聖奈,55,芝,1600,良
2022102408,ムイ,2025-05-11,京都,10,橘S(L),11,3,3,14.4,7,1,今村聖奈,55,芝,1400,良
2022102408,ムイ,2025-05-31,京都,11,葵S(GIII),16,7,13,10.0,5,12,今村聖奈,55,芝,1200,良
2022102408,ムイ,2025-10-13,京都,11,MBS賞スワンS(GII),18,2,3,21.9,9,14,岩田望来,53,芝,1400,良
2022102408,ムイ,2025-12-07,中山,11,ラピスラズリS(L),16,4,7,40.1,11,10,木幡巧也,54,芝,1200,良
2022102408,ムイ,2026-01-11,京都,11,淀短距離S(L),16,8,15,29.8,10,9,岩田望来,55,芝,1200,良
2022102408,ムイ,2026-04-26,福島,11,モルガナイトS(OP),16,8,15,33.2,13,10,富田暁,53,芝,1200,良
2022102408,ムイ,2026-05-31,京都,10,安土城S(L),17,3,6,32.4,12,15,川又賢治,53,芝,1400,良
2023101953,メイショウサッソウ,2025-12-21,中京,5,2歳新馬,15,2,2,34.6,11,2,加藤祥太,56,ダ,1400,稍
2023101953,メイショウサッソウ,2026-01-11,京都,3,3歳未勝利,16,2,4,20.5,7,8,加藤祥太,57,ダ,1400,良
2023101953,メイショウサッソウ,2026-03-01,小倉,1,3歳未勝利,15,4,7,,,除,加藤祥太,57,ダ,1700,稍
2023101953,メイショウサッソウ,2026-03-15,中京,2,3歳未勝利,13,4,5,10.2,3,7,加藤祥太,57,ダ,1800,良
2023101953,メイショウサッソウ,2026-05-03,京都,2,3歳未勝利,12,8,12,24.1,8,1,加藤祥太,57,ダ,1900,稍
2023101953,メイショウサッソウ,2026-05-24,京都,6,3歳1勝クラス,15,6,11,56.5,11,8,加藤祥太,57,ダ,1900,良
2023101953,メイショウサッソウ,2026-08-15,中京,9,3歳以上1勝クラス,16,3,5,75.1,11,5,加藤祥太,55,ダ,1800,良
2023105021,メイショウテンク,2025-11-29,京都,5,2歳新馬,12,7,9,15.1,6,2,団野大成,56,芝,1600,良
2023105021,メイショウテンク,2025-12-20,阪神,3,2歳未勝利,18,8,16,6.1,3,6,団野大成,56,芝,1600,良
2023105021,メイショウテンク,2026-01-11,京都,12,3歳未勝利,18,4,8,7.3,4,2,団野大成,57,芝,1800,良
2023105021,メイショウテンク,2026-02-01,京都,5,3歳未勝利,13,7,11,2.9,2,1,団野大成,57,芝,2000,良
2023105021,メイショウテンク,2026-04-18,阪神,5,3歳1勝クラス,5,1,1,4.5,3,4,高杉吏麒,57,芝,2000,良
2023105021,メイショウテンク,2026-05-09,京都,11,京都新聞杯(GII),16,2,3,157.1,12,5,団野大成,57,芝,2200,良
2023105021,メイショウテンク,2026-06-27,函館,7,3歳以上1勝クラス,11,4,4,2.3,1,5,吉田隼人,55,芝,2000,稍
2023105021,メイショウテンク,2026-07-18,函館,8,3歳以上1勝クラス,12,7,10,7.4,3,10,斎藤新,55,芝,2600,良
2023105021,メイショウテンク,2026-08-09,札幌,3,3歳以上1勝クラス,10,8,10,3.0,1,2,吉田隼人,55,芝,2000,良
2023105021,メイショウテンク,2026-08-23,札幌,9,ルスツ特別(1勝クラス),13,7,11,4.2,2,4,吉田隼人,55,芝,2000,良
2020106901,メイショウピース,2022-12-04,阪神,6,2歳新馬,12,6,8,15.8,5,3,秋山真一,54,ダ,1400,稍
2020106901,メイショウピース,2023-03-19,中京,1,3歳未勝利,16,5,9,5.6,3,1,秋山真一,54,ダ,1200,重
2020106901,メイショウピース,2023-04-15,阪神,6,3歳1勝クラス,16,3,5,14.8,5,1,秋山真一,54,ダ,1200,不
2020106901,メイショウピース,2023-05-27,京都,11,葵S(GIII),18,2,3,133.9,15,10,秋山真一,54,芝,1200,良
2020106901,メイショウピース,2023-07-22,中京,10,清洲特別(2勝クラス),16,1,1,9.0,4,2,秋山真一,53,ダ,1200,良
2020106901,メイショウピース,2023-10-08,京都,12,3歳以上2勝クラス,13,4,4,1.8,1,5,秋山真一,55,ダ,1200,良
2020106901,メイショウピース,2023-11-05,京都,8,3歳以上2勝クラス,14,5,8,3.8,3,9,秋山真一,55,ダ,1200,良
2020106901,メイショウピース,2024-03-30,阪神,10,ラジオ関西賞仲春特別(2勝クラス),15,7,12,11.7,7,10,松山弘平,56,芝,1200,良
2020106901,メイショウピース,2024-04-20,東京,8,4歳以上2勝クラス,10,1,1,5.7,3,5,佐々木大,55,芝,1400,良
2020106901,メイショウピース,2024-05-25,京都,12,4歳以上2勝クラス,17,6,11,15.2,5,3,鮫島克駿,56,芝,1400,良
2020106901,メイショウピース,2024-08-18,中京,10,中京スポニチ賞(2勝クラス),16,5,9,7.4,4,2,和田竜二,56,芝,1400,良
2020106901,メイショウピース,2024-09-16,中京,10,桑名特別(2勝クラス),13,2,2,5.2,3,6,和田竜二,56,芝,1400,良
2020106901,メイショウピース,2025-03-22,中京,10,熱田特別(2勝クラス),17,3,5,8.6,4,2,菅原明良,56,芝,1400,良
2020106901,メイショウピース,2025-04-27,東京,8,4歳以上2勝クラス,14,8,14,4.1,2,13,菅原明良,56,芝,1400,良
2020106901,メイショウピース,2025-07-05,小倉,12,フィリピンT(2勝クラス),10,8,10,6.0,5,1,坂井瑠星,56,芝,1200,良
2020106901,メイショウピース,2025-11-08,福島,11,キビタキS(3勝クラス),16,2,3,16.7,9,4,丸山元気,53,芝,1200,良
2020106901,メイショウピース,2026-01-31,小倉,11,巌流島S(3勝クラス),18,1,1,14.5,8,4,丸山元気,54,芝,1200,良
2020106901,メイショウピース,2026-03-21,阪神,10,淀屋橋S(3勝クラス),16,1,2,8.0,4,8,坂井瑠星,54,芝,1200,良
2020106901,メイショウピース,2026-05-03,京都,10,朱雀S(3勝クラス),18,3,5,51.6,10,12,松山弘平,56,芝,1200,良
2021102573,メイショウヤーキス,2023-11-25,京都,6,2歳新馬,12,7,9,4.4,2,1,横山和生,56,ダ,1200,良
2021102573,メイショウヤーキス,2024-03-24,阪神,6,3歳1勝クラス,12,7,9,24.3,7,6,幸英明,57,ダ,1200,不
2021102573,メイショウヤーキス,2024-04-13,阪神,6,3歳1勝クラス,15,8,14,19.4,7,5,幸英明,57,ダ,1200,良
2021102573,メイショウヤーキス,2024-05-04,京都,6,3歳1勝クラス,14,1,1,9.3,3,4,幸英明,57,ダ,1200,良
2021102573,メイショウヤーキス,2024-06-01,京都,9,3歳以上1勝クラス,16,2,4,5.0,2,5,幸英明,55,ダ,1200,稍
2021102573,メイショウヤーキス,2024-10-20,新潟,12,3歳以上1勝クラス,13,8,12,4.0,3,7,大野拓弥,57,ダ,1200,稍
2021102573,メイショウヤーキス,2024-11-23,京都,7,3歳以上1勝クラス,16,7,13,6.3,2,6,幸英明,57,ダ,1200,良
2021102573,メイショウヤーキス,2024-12-07,京都,8,3歳以上1勝クラス,12,1,1,5.2,3,1,藤岡佑介,57,ダ,1200,良
2021102573,メイショウヤーキス,2025-01-05,中京,8,4歳以上2勝クラス,16,2,4,7.1,5,3,幸英明,58,ダ,1200,良
2021102573,メイショウヤーキス,2025-04-19,中山,12,葛飾特別(2勝クラス),15,7,14,7.0,3,12,横山和生,58,ダ,1200,良
2021102573,メイショウヤーキス,2025-05-18,京都,12,4歳以上2勝クラス,16,6,12,7.5,3,13,幸英明,58,ダ,1200,稍
2021102573,メイショウヤーキス,2025-08-30,中京,9,清洲特別(2勝クラス),16,7,14,16.5,5,1,菱田裕二,58,ダ,1200,良
2021102573,メイショウヤーキス,2025-10-04,京都,10,大山崎S(3勝クラス),16,4,7,16.9,7,9,菱田裕二,58,ダ,1200,不
2021102573,メイショウヤーキス,2025-12-06,阪神,10,妙見山S(3勝クラス),16,6,11,31.5,9,4,菱田裕二,58,ダ,1200,良
2021102573,メイショウヤーキス,2026-01-05,京都,10,門松S(3勝クラス),16,7,13,42.0,9,6,菱田裕二,58,ダ,1200,良
2021102573,メイショウヤーキス,2026-02-21,阪神,10,鳴門S(3勝クラス),16,6,12,27.7,10,13,菱田裕二,58,ダ,1400,良
2021102573,メイショウヤーキス,2026-05-24,京都,10,高瀬川S(3勝クラス),14,2,2,46.7,8,5,菱田裕二,58,ダ,1200,良
2021101580,メイショウヨゾラ,2023-11-25,東京,5,2歳新馬,18,1,2,10.9,3,5,三浦皇成,55,芝,1600,良
2021101580,メイショウヨゾラ,2023-12-16,中山,4,2歳未勝利,16,5,10,4.3,3,1,横山武史,55,芝,1800,良
2021101580,メイショウヨゾラ,2024-01-07,中山,11,フェアリーS(GIII),14,3,4,20.4,7,10,三浦皇成,55,芝,1600,良
2021101580,メイショウヨゾラ,2024-03-10,中山,11,アネモネS(L),12,5,6,20.4,9,3,石橋脩,55,芝,1600,良
2021101580,メイショウヨゾラ,2024-03-31,中山,6,3歳1勝クラス,11,2,2,3.4,2,6,石橋脩,55,芝,1600,良
2021101580,メイショウヨゾラ,2024-06-08,東京,7,3歳以上1勝クラス,13,6,9,3.9,2,4,三浦皇成,53,芝,1600,良
2021101580,メイショウヨゾラ,2024-06-30,福島,11,ラジオNIKKEI賞(GIII),12,2,2,25.4,12,4,吉田豊,51,芝,1800,良
2021101580,メイショウヨゾラ,2025-01-26,中山,12,4歳以上1勝クラス,14,3,4,3.5,2,1,戸崎圭太,55,芝,1600,良
2021101580,メイショウヨゾラ,2025-04-05,中山,8,4歳以上2勝クラス,13,4,4,3.8,2,9,遠藤汰月,53,芝,1600,良
2021101580,メイショウヨゾラ,2025-07-27,新潟,6,豊栄特別(2勝クラス),11,8,10,12.3,4,3,吉田豊,54,芝,1600,良
2021101580,メイショウヨゾラ,2025-09-14,中山,9,御宿特別(2勝クラス),8,4,4,3.5,2,3,吉田豊,56,芝,1600,良
2021101580,メイショウヨゾラ,2025-10-25,京都,8,3歳以上2勝クラス,12,3,3,5.0,3,9,松山弘平,56,芝,1800,良
2021101580,メイショウヨゾラ,2025-12-21,中山,12,3歳以上2勝クラス,16,3,6,5.0,3,16,横山武史,56,芝,1600,重
2021101580,メイショウヨゾラ,2026-01-24,京都,12,4歳以上2勝クラス,11,6,6,4.5,2,9,横山武史,56,芝,1400,良
2021101580,メイショウヨゾラ,2026-04-18,中山,9,袖ケ浦特別(2勝クラス),12,6,8,7.6,4,1,横山武史,56,芝,1200,良
2021101580,メイショウヨゾラ,2026-07-11,福島,10,会津S(3勝クラス),9,8,8,2.0,1,1,三浦皇成,53,芝,1200,良
2023110008,モーゲンセン,2025-09-15,中山,6,2歳新馬,11,3,3,9.1,5,5,戸崎圭太,55,ダ,1200,良
2023110008,モーゲンセン,2025-10-05,東京,1,2歳未勝利,16,7,14,37.3,9,8,岩田望来,56,ダ,1400,良
2023110008,モーゲンセン,2025-12-28,中山,1,2歳未勝利,16,2,4,4.7,3,3,マーカン,56,ダ,1200,良
2023110008,モーゲンセン,2026-01-18,中山,1,3歳未勝利,16,3,6,4.5,3,2,戸崎圭太,57,ダ,1200,良
2023110008,モーゲンセン,2026-02-01,東京,1,3歳未勝利,16,7,14,5.0,2,4,戸崎圭太,57,ダ,1400,良
2023110008,モーゲンセン,2026-03-01,中山,3,3歳未勝利,16,7,14,1.8,1,1,戸崎圭太,57,ダ,1200,稍
2023110008,モーゲンセン,2026-03-22,中山,3,3歳1勝クラス,14,6,9,4.3,3,8,ルメール,57,ダ,1200,良
2023110008,モーゲンセン,2026-04-19,阪神,6,3歳1勝クラス,15,8,14,14.9,6,15,浜中俊,57,ダ,1200,良
2023110008,モーゲンセン,2026-07-05,福島,12,3歳以上1勝クラス,15,5,8,12.9,7,1,戸崎圭太,55,ダ,1150,良
2021103116,ヤブサメ,2023-12-16,阪神,5,2歳新馬,11,6,6,18.1,6,5,角田大河,55,芝,1200,稍
2021103116,ヤブサメ,2024-01-14,京都,6,3歳未勝利,18,4,7,54.3,12,4,角田大河,56,芝,1400,良
2021103116,ヤブサメ,2024-02-03,京都,5,3歳未勝利,16,5,9,36.1,9,4,角田大河,56,芝,1600,良
2021103116,ヤブサメ,2024-02-25,小倉,6,3歳未勝利,18,1,2,5.2,4,3,富田暁,57,芝,1200,稍
2021103116,ヤブサメ,2024-04-20,京都,3,3歳未勝利,18,4,7,5.3,4,3,角田大河,56,芝,1400,良
2021103116,ヤブサメ,2024-05-11,新潟,3,3歳未勝利,16,5,9,4.4,2,1,角田大河,56,芝,1400,良
2021103116,ヤブサメ,2024-09-16,中京,8,3歳以上1勝クラス,18,3,6,4.6,2,7,幸英明,56,芝,1400,良
2021103116,ヤブサメ,2024-10-26,京都,9,3歳以上2勝クラス,15,4,7,18.6,6,5,幸英明,56,芝,1400,良
2021103116,ヤブサメ,2024-11-10,福島,7,3歳以上1勝クラス,16,3,5,5.8,3,1,幸英明,57,芝,1200,良
2021103116,ヤブサメ,2025-03-01,阪神,12,4歳以上2勝クラス,15,3,5,6.5,4,2,坂井瑠星,58,芝,1400,良
2021103116,ヤブサメ,2025-03-23,阪神,9,讃岐特別(2勝クラス),13,7,10,4.0,2,1,坂井瑠星,58,芝,1400,良
2021103116,ヤブサメ,2025-11-08,京都,10,清水S(3勝クラス),12,2,2,15.9,6,9,武豊,58,芝,1600,良
2021103116,ヤブサメ,2025-11-29,京都,10,東山S(3勝クラス),12,1,1,5.6,2,1,武豊,56,芝,1400,良
2021103116,ヤブサメ,2025-12-20,阪神,11,タンザナイトS(OP),15,7,14,6.7,4,3,武豊,56,芝,1200,良
2021103116,ヤブサメ,2026-01-11,京都,11,淀短距離S(L),16,6,12,3.6,1,1,武豊,57,芝,1200,良
2021103116,ヤブサメ,2026-02-01,京都,11,シルクロードS(GIII),18,6,11,6.6,3,5,武豊,57,芝,1200,良
2021103116,ヤブサメ,2026-05-02,東京,11,京王杯スプリングC(GII),18,8,18,9.8,4,10,武豊,57,芝,1400,良
2021103116,ヤブサメ,2026-05-31,京都,10,安土城S(L),17,1,1,3.4,1,8,高杉吏麒,57,芝,1400,良
2021103116,ヤブサメ,2026-08-22,新潟,7,朱鷺S(L),18,2,3,8.9,4,12,斎藤新,58,芝,1400,良
2022103515,ユウェンタース,2024-11-02,京都,6,2歳新馬,14,2,2,142.5,14,14,吉村誠之,52,芝,1600,重
2022103515,ユウェンタース,2024-12-28,京都,1,2歳未勝利,16,3,5,500.8,16,13,斎藤新,55,ダ,1400,良
2022103515,ユウェンタース,2025-02-13,名古屋,10,名古屋CCストロベリ(3歳),11,8,11,19.2,5,1,塚本征吾,54,ダ,1500,稍
2022103515,ユウェンタース,2025-03-09,阪神,4,3歳1勝クラス,16,7,13,200.2,14,8,古川吉洋,55,ダ,1400,良
2022103515,ユウェンタース,2025-06-29,小倉,12,3歳以上1勝クラス,16,2,4,246.6,16,6,秋山稔樹,53,ダ,1700,良
2022103515,ユウェンタース,2025-07-26,札幌,9,3歳以上1勝クラス,13,4,5,30.0,8,8,鮫島克駿,53,ダ,1700,良
2022103515,ユウェンタース,2025-08-17,札幌,8,3歳以上1勝クラス,13,6,8,37.9,9,5,斎藤新,53,ダ,1700,稍
2022103515,ユウェンタース,2025-09-06,札幌,8,3歳以上1勝クラス,14,8,14,5.2,2,4,浜中俊,53,ダ,1700,良
2022103515,ユウェンタース,2025-11-16,福島,3,3歳以上1勝クラス,15,8,14,16.8,8,1,荻野極,54,ダ,1700,良
2022103515,ユウェンタース,2025-12-07,中京,9,犬山特別(2勝クラス),16,8,15,24.6,9,4,藤岡佑介,55,ダ,1800,良
2022103515,ユウェンタース,2026-01-10,京都,9,出町特別(2勝クラス),8,8,8,9.9,4,4,岩田望来,55,ダ,1800,良
2022103515,ユウェンタース,2026-01-31,小倉,10,平尾台特別(2勝クラス),16,7,14,20.2,5,6,西塚洸二,55,ダ,1700,良
2022103515,ユウェンタース,2026-02-28,阪神,8,4歳以上2勝クラス,15,8,14,29.8,10,11,高杉吏麒,55,ダ,1800,良
2022103515,ユウェンタース,2026-04-19,阪神,12,4歳以上2勝クラス,10,8,9,21.7,8,6,酒井学,56,ダ,1800,良
2022103515,ユウェンタース,2026-06-14,阪神,8,逆瀬川特別(2勝クラス),9,7,7,29.2,5,2,高杉吏麒,56,ダ,1800,良
2022103515,ユウェンタース,2026-07-05,小倉,10,九州スポーツ杯(2勝クラス),16,2,3,25.8,8,9,団野大成,56,ダ,1700,不
2022103515,ユウェンタース,2026-08-23,札幌,10,オールスターJ第3戦(2勝クラス),14,4,6,9.4,5,6,ルメール,56,ダ,1700,良
2022102952,ユージュアーナ,2024-10-27,京都,4,2歳新馬,16,8,15,36.7,12,4,柴田裕一,52,ダ,1800,良
2022102952,ユージュアーナ,2024-11-16,福島,2,2歳未勝利,15,7,13,7.1,4,4,ドイル,55,ダ,1700,良
2022102952,ユージュアーナ,2024-11-30,中京,1,2歳未勝利,16,4,7,5.6,3,4,小沢大仁,54,ダ,1400,良
2022102952,ユージュアーナ,2025-07-13,函館,2,3歳未勝利,13,4,6,12.0,5,5,藤岡佑介,55,ダ,1700,良
2022102952,ユージュアーナ,2025-07-27,札幌,1,3歳未勝利,14,3,4,8.6,4,2,斎藤新,55,ダ,1700,不
2022102952,ユージュアーナ,2025-08-16,札幌,2,3歳未勝利,14,2,2,6.6,4,3,斎藤新,55,ダ,1700,良
2022102952,ユージュアーナ,2025-08-31,札幌,2,3歳未勝利,14,4,6,4.2,2,1,斎藤新,55,ダ,1700,稍
2022102952,ユージュアーナ,2025-11-24,福島,2,3歳以上1勝クラス,15,8,15,20.2,8,8,斎藤新,54,ダ,1700,良
2022102952,ユージュアーナ,2025-12-07,中京,2,3歳以上1勝クラス,16,7,14,26.7,9,5,亀田温心,55,ダ,1400,良
2022102952,ユージュアーナ,2025-12-20,中京,2,3歳以上1勝クラス,16,4,7,15.5,6,11,亀田温心,55,ダ,1400,稍
2022102952,ユージュアーナ,2026-03-21,中京,7,4歳以上1勝クラス,16,7,14,114.4,12,4,柴田裕一,54,ダ,1400,良
2022102952,ユージュアーナ,2026-03-28,阪神,7,4歳以上1勝クラス,12,5,6,11.9,4,4,吉村誠之,56,ダ,1400,良
2022102952,ユージュアーナ,2026-04-26,福島,7,4歳以上1勝クラス,15,6,10,5.2,2,1,舟山瑠泉,54,ダ,1700,良
2022102952,ユージュアーナ,2026-06-28,函館,10,渡島特別(2勝クラス),11,6,6,5.8,4,3,武豊,56,ダ,1700,稍
2022102952,ユージュアーナ,2026-08-01,札幌,12,大倉山特別(2勝クラス),8,7,7,3.0,2,8,武豊,56,ダ,1700,稍
2018106055,ヨシノイースター,2020-10-17,京都,4,2歳新馬,16,8,15,9.3,5,9,川須栄彦,55,ダ,1400,重
2018106055,ヨシノイースター,2020-11-07,阪神,1,2歳未勝利,15,6,11,17.9,8,8,川須栄彦,55,ダ,1400,良
2018106055,ヨシノイースター,2020-11-29,阪神,1,2歳未勝利,16,6,11,155.5,11,4,川須栄彦,55,ダ,1400,良
2018106055,ヨシノイースター,2020-12-20,中京,1,2歳未勝利,16,3,5,52.7,8,8,川須栄彦,55,ダ,1400,良
2018106055,ヨシノイースター,2021-04-04,阪神,2,3歳未勝利,16,8,15,15.2,5,3,団野大成,56,ダ,1200,良
2018106055,ヨシノイースター,2021-04-24,新潟,6,3歳未勝利,15,8,14,5.5,3,6,団野大成,56,ダ,1200,良
2018106055,ヨシノイースター,2021-05-15,中京,2,3歳未勝利,16,5,10,36.9,8,3,団野大成,56,ダ,1400,良
2018106055,ヨシノイースター,2021-05-29,中京,4,3歳未勝利,18,2,3,20.8,8,2,団野大成,56,芝,1400,良
2018106055,ヨシノイースター,2021-06-20,阪神,3,3歳未勝利,18,2,3,1.9,1,1,川田将雅,56,芝,1400,稍
2018106055,ヨシノイースター,2022-06-04,中京,8,3歳以上1勝クラス,16,2,4,11.3,8,6,藤岡康太,57,芝,1400,良
2018106055,ヨシノイースター,2022-06-25,阪神,8,3歳以上1勝クラス,18,6,12,15.9,6,2,藤岡康太,57,芝,1400,良
2018106055,ヨシノイースター,2022-07-23,小倉,9,大牟田特別(1勝クラス),17,1,2,4.3,2,2,川田将雅,57,芝,1200,良
2018106055,ヨシノイースター,2022-08-14,小倉,9,筑紫特別(1勝クラス),18,4,7,2.3,1,7,藤岡康太,57,芝,1200,良
2018106055,ヨシノイースター,2022-11-05,福島,10,飯坂温泉特別(1勝クラス),16,5,10,3.6,1,1,富田暁,57,芝,1200,良
2018106055,ヨシノイースター,2022-11-26,阪神,12,3歳以上2勝クラス,16,2,3,4.1,1,1,富田暁,57,芝,1200,良
2018106055,ヨシノイースター,2022-12-28,阪神,12,2022ファイナルS(3勝クラス),16,1,2,3.6,1,2,富田暁,55,芝,1200,良
2018106055,ヨシノイースター,2023-03-18,阪神,10,淀屋橋S(3勝クラス),16,5,10,1.8,1,2,団野大成,58,芝,1200,稍
2018106055,ヨシノイースター,2023-04-08,中山,10,船橋S(3勝クラス),13,7,10,2.3,1,1,ルメール,58,芝,1200,稍
2018106055,ヨシノイースター,2023-05-07,京都,11,鞍馬S(OP),18,4,8,4.6,1,4,富田暁,57,芝,1200,不
2018106055,ヨシノイースター,2023-07-02,中京,11,CBC賞(GIII),12,1,1,6.2,3,10,富田暁,56,芝,1200,良
2018106055,ヨシノイースター,2023-12-16,阪神,11,タンザナイトS(OP),16,4,8,3.9,1,9,富田暁,56,芝,1200,稍
2018106055,ヨシノイースター,2024-02-11,小倉,11,北九州短距離S(OP),18,7,13,10.9,5,1,丸山元気,57,芝,1200,良
2018106055,ヨシノイースター,2024-03-02,中山,11,夕刊フジオーシャンS(GIII),16,1,2,14.0,6,4,丸山元気,57,芝,1200,稍
2018106055,ヨシノイースター,2024-04-14,中山,12,春雷S(L),16,5,10,6.3,3,3,田辺裕信,57,芝,1200,良
2018106055,ヨシノイースター,2024-06-30,小倉,11,TV西日本北九州記念(GIII),18,8,16,15.7,9,2,丸山元気,57,芝,1200,稍
2018106055,ヨシノイースター,2024-09-08,中京,11,産経賞セントウルS(GII),18,4,7,7.8,3,8,丸山元気,57,芝,1200,良
2018106055,ヨシノイースター,2025-03-16,阪神,11,米子城S(OP),16,2,3,6.8,3,4,丸山元気,57.5,芝,1200,重
2018106055,ヨシノイースター,2025-04-13,中山,11,春雷S(L),14,5,8,6.5,3,1,内田博幸,57.5,芝,1200,稍
2018106055,ヨシノイースター,2025-07-06,小倉,11,TV西日本北九州記念(GIII),18,8,18,9.7,5,2,内田博幸,58,芝,1200,良
2018106055,ヨシノイースター,2025-09-07,阪神,11,産経賞セントウルS(GII),16,3,5,9.4,3,7,内田博幸,57,芝,1200,良
2018106055,ヨシノイースター,2025-09-28,中山,11,スプリンターズS(GI),16,1,2,82.0,14,5,内田博幸,58,芝,1200,良
2018106055,ヨシノイースター,2025-11-30,京都,12,京阪杯(GIII),18,2,4,8.2,4,3,内田博幸,57,芝,1200,良
2018106055,ヨシノイースター,2025-12-27,阪神,11,阪神C(GII),16,1,2,23.7,7,6,内田博幸,58,芝,1400,良
2018106055,ヨシノイースター,2026-02-28,中山,11,オーシャンS(GIII),16,8,16,45.2,11,5,田辺裕信,57,芝,1200,良
2018106055,ヨシノイースター,2026-03-29,中京,11,高松宮記念(GI),18,4,7,88.0,16,12,田辺裕信,58,芝,1200,良
2018106055,ヨシノイースター,2026-05-31,京都,10,安土城S(L),17,6,12,6.2,3,4,田辺裕信,58,芝,1400,良
2018106055,ヨシノイースター,2026-07-05,小倉,11,TV西日本北九州記念(GIII),13,6,9,8.5,4,3,田辺裕信,58,芝,1200,重
2022105166,ヨヒーン,2024-11-30,京都,5,2歳新馬,13,2,2,26.6,7,4,松山弘平,55,芝,1800,良
2022105166,ヨヒーン,2025-02-01,小倉,2,3歳未勝利,15,7,13,3.5,1,2,鮫島克駿,55,芝,2000,良
2022105166,ヨヒーン,2025-02-22,小倉,6,3歳未勝利,15,6,11,5.1,3,8,小沢大仁,55,芝,2000,良
2022105166,ヨヒーン,2025-04-20,福島,4,3歳未勝利,16,8,15,9.4,3,12,小沢大仁,55,芝,2000,良
2022105166,ヨヒーン,2025-06-15,函館,4,3歳未勝利,10,7,7,22.7,8,7,小沢大仁,55,芝,2600,良
2022105166,ヨヒーン,2025-06-28,函館,4,3歳未勝利,13,6,8,19.7,8,3,鮫島克駿,55,芝,2000,稍
2022105166,ヨヒーン,2025-07-27,札幌,4,3歳未勝利,9,5,5,2.6,2,1,鮫島克駿,55,芝,2000,重
2022105166,ヨヒーン,2025-08-10,札幌,9,3歳以上1勝クラス,9,6,6,13.1,5,2,鮫島克駿,53,芝,2000,良
2022105166,ヨヒーン,2025-09-06,札幌,9,富良野特別(1勝クラス),15,4,7,2.1,1,2,鮫島克駿,53,芝,2000,良
2022105166,ヨヒーン,2025-11-22,福島,8,3歳以上1勝クラス,16,3,5,4.5,2,1,鮫島克駿,54,芝,2000,良
2022105166,ヨヒーン,2026-01-25,京都,7,4歳以上2勝クラス,10,8,10,3.5,2,5,鮫島克駿,55,芝,2000,良
2022105166,ヨヒーン,2026-03-14,中山,9,房総特別(2勝クラス),10,8,11,3.9,2,7,横山武史,56,芝,2000,良
2022105166,ヨヒーン,2026-03-29,阪神,8,四国新聞杯(2勝クラス),7,2,2,12.2,5,6,吉村誠之,56,芝,2000,良
2022105166,ヨヒーン,2026-06-27,函館,10,洞爺湖特別(2勝クラス),11,3,3,6.0,3,1,鮫島克駿,56,芝,2000,稍
2022105166,ヨヒーン,2026-08-01,札幌,11,STV賞(3勝クラス),16,5,10,8.6,5,1,鮫島克駿,53,芝,2000,稍
2022102202,ヨリノレジェンド,2025-01-13,中京,4,3歳新馬,15,3,4,3.1,1,1,川田将雅,57,ダ,1200,良
2022102202,ヨリノレジェンド,2025-03-30,中山,6,3歳1勝クラス,16,3,5,18.7,7,8,横山和生,57,ダ,1200,稍
2022102202,ヨリノレジェンド,2025-04-26,東京,6,3歳1勝クラス,16,6,11,165.3,13,5,横山武史,57,ダ,1600,稍
2022102202,ヨリノレジェンド,2025-07-12,小倉,8,3歳以上1勝クラス,16,3,5,8.7,6,3,川田将雅,55,ダ,1700,良
2022102202,ヨリノレジェンド,2025-09-27,阪神,6,3歳以上1勝クラス,13,5,7,4.8,3,3,川田将雅,55,ダ,1800,良
2022102202,ヨリノレジェンド,2025-12-06,阪神,7,3歳以上1勝クラス,14,6,9,2.2,1,8,川田将雅,57,ダ,1800,良
2022102202,ヨリノレジェンド,2025-12-21,中京,3,3歳以上1勝クラス,16,7,14,5.9,3,3,団野大成,57,ダ,1800,稍
2022102202,ヨリノレジェンド,2026-01-11,京都,6,4歳以上1勝クラス,14,3,3,5.5,3,4,団野大成,57,ダ,1800,良
2022102202,ヨリノレジェンド,2026-02-28,阪神,7,4歳以上1勝クラス,16,1,1,4.6,3,1,団野大成,58,ダ,1400,良
2022102202,ヨリノレジェンド,2026-03-22,阪神,12,4歳以上2勝クラス,12,5,7,5.0,2,4,松山弘平,58,ダ,1400,良
2022102202,ヨリノレジェンド,2026-04-18,阪神,9,吹田特別(2勝クラス),14,3,4,3.9,1,2,団野大成,58,ダ,1400,良
2022102202,ヨリノレジェンド,2026-05-23,京都,12,オーストラリアT(2勝クラス),14,3,4,2.5,1,1,団野大成,58,ダ,1400,稍
2022102202,ヨリノレジェンド,2026-08-22,中京,7,伊賀S(3勝クラス),16,2,4,6.2,3,5,団野大成,58,ダ,1400,良
2020107082,ライジン,2022-09-24,中京,5,2歳新馬,14,2,2,40.0,9,9,松山弘平,54,芝,1400,良
2020107082,ライジン,2023-02-26,阪神,3,3歳未勝利,15,8,15,6.5,4,1,岩田望来,56,ダ,1400,稍
2020107082,ライジン,2023-03-12,阪神,5,3歳1勝クラス,16,6,12,67.6,11,5,池添謙一,56,ダ,1400,良
2020107082,ライジン,2023-05-06,京都,6,3歳1勝クラス,16,8,16,7.2,3,8,西村淳也,56,ダ,1400,良
2020107082,ライジン,2024-07-28,新潟,8,3歳以上1勝クラス,15,7,13,39.0,10,7,Ｍ．デム,58,ダ,1200,稍
2020107082,ライジン,2024-08-25,中京,12,3歳以上1勝クラス,15,5,9,17.5,5,2,岩田望来,58,ダ,1200,良
2020107082,ライジン,2024-09-15,中京,7,3歳以上1勝クラス,13,6,9,2.9,1,1,岩田望来,58,ダ,1200,重
2020107082,ライジン,2024-12-01,中京,10,クロフネC(2勝クラス),16,3,5,6.4,3,1,岩田望来,58,ダ,1200,良
2020107082,ライジン,2025-01-05,中京,10,門松S(3勝クラス),16,2,4,2.3,1,11,岩田望来,58,ダ,1200,良
2020107082,ライジン,2025-03-08,阪神,10,なにわS(3勝クラス),16,5,9,2.5,1,4,川田将雅,58,ダ,1200,良
2020107082,ライジン,2025-05-18,東京,12,BSイレブン賞(3勝クラス),16,8,16,10.0,5,7,坂井瑠星,58,ダ,1400,重
2020107082,ライジン,2025-08-16,新潟,7,上越S(3勝クラス),15,6,11,15.5,7,14,荻野極,58,ダ,1200,良
2020107082,ライジン,2025-10-19,京都,10,京都開設100周年(3勝クラス),16,3,6,93.4,12,9,池添謙一,56,ダ,1400,良
2020107082,ライジン,2025-11-23,京都,10,LトレーナーC(3勝クラス),16,8,16,60.7,14,14,池添謙一,58,ダ,1400,良
2020107082,ライジン,2026-02-07,京都,9,橿原S(3勝クラス),16,3,5,34.3,10,2,池添謙一,55,ダ,1200,良
2020107082,ライジン,2026-03-07,阪神,10,なにわS(3勝クラス),15,3,5,22.5,7,7,池添謙一,58,ダ,1200,稍
2020107082,ライジン,2026-04-19,阪神,10,陽春S(3勝クラス),13,6,9,21.8,8,4,池添謙一,55,ダ,1200,良
2020107082,ライジン,2026-06-14,阪神,12,リボン賞(3勝クラス),15,3,5,11.8,5,9,岩田望来,55,ダ,1200,重
2022103778,ライフゲート,2024-10-06,東京,3,2歳新馬,16,2,4,28.0,8,10,永野猛蔵,56,ダ,1600,重
2022103778,ライフゲート,2024-10-20,新潟,2,2歳未勝利,9,6,6,15.8,5,8,小林脩斗,54,ダ,1800,稍
2022103778,ライフゲート,2025-02-15,小倉,1,3歳未勝利,14,5,7,66.3,10,3,小林脩斗,55,ダ,1700,良
2022103778,ライフゲート,2025-02-23,小倉,1,3歳未勝利,10,7,7,14.9,6,5,小林脩斗,55,ダ,1700,良
2022103778,ライフゲート,2025-03-15,中山,2,3歳未勝利,16,6,12,28.3,6,4,丹内祐次,57,ダ,1800,稍
2022103778,ライフゲート,2025-03-30,中山,3,3歳未勝利,14,6,10,4.5,4,2,丹内祐次,57,ダ,1800,稍
2022103778,ライフゲート,2025-04-20,中山,3,3歳未勝利,12,7,10,1.8,1,2,丹内祐次,57,ダ,1800,良
2022103778,ライフゲート,2025-06-15,函館,2,3歳未勝利,14,8,14,2.2,1,1,丹内祐次,57,ダ,1700,良
2022103778,ライフゲート,2025-06-29,函館,8,3歳以上1勝クラス,11,7,9,7.0,4,2,丹内祐次,55,ダ,1700,良
2022103778,ライフゲート,2025-07-19,函館,8,3歳以上1勝クラス,10,7,8,1.9,1,1,丹内祐次,55,ダ,1700,良
2022103778,ライフゲート,2025-08-10,札幌,12,Fビレッジ特別(2勝クラス),14,7,11,10.7,3,3,丹内祐次,54,ダ,1700,良
2022103778,ライフゲート,2025-11-15,福島,10,西郷特別(2勝クラス),15,6,10,5.0,3,5,丹内祐次,55,ダ,1700,良
2022103778,ライフゲート,2025-12-06,中山,10,鹿島特別(2勝クラス),12,8,11,7.7,4,7,丹内祐次,57,ダ,1800,良
2022103778,ライフゲート,2026-01-25,小倉,10,響灘特別(2勝クラス),16,4,8,10.8,6,4,菊沢一樹,57,ダ,1700,良
2022103778,ライフゲート,2026-02-08,小倉,10,由布院特別(2勝クラス),16,1,2,4.8,1,4,丹内祐次,57,ダ,1700,良
2022103778,ライフゲート,2026-02-22,小倉,10,和布刈特別(2勝クラス),16,5,10,9.0,5,5,鮫島克駿,57,ダ,1700,良
2022103778,ライフゲート,2026-04-18,福島,11,ラジオ福島賞(2勝クラス),15,6,10,7.8,5,4,丹内祐次,56,ダ,1700,良
2022103778,ライフゲート,2026-05-02,東京,12,4歳以上2勝クラス,14,5,7,19.2,6,3,佐々木大,58,ダ,1600,稍
2022103778,ライフゲート,2026-05-24,東京,8,三峰山特別(2勝クラス),16,2,4,12.0,5,13,松山弘平,58,ダ,1600,稍
2022103778,ライフゲート,2026-06-21,函館,10,檜山特別(2勝クラス),9,8,9,6.4,2,2,丹内祐次,58,ダ,1700,良
2022103778,ライフゲート,2026-07-04,函館,10,竜飛崎特別(2勝クラス),14,4,5,5.8,3,9,丹内祐次,58,ダ,1700,良
2022103778,ライフゲート,2026-07-25,札幌,12,桑園特別(2勝クラス),11,7,9,6.8,4,2,丹内祐次,58,ダ,1700,良
2021101932,ラインフォルテ,2023-10-15,京都,5,2歳新馬,15,8,14,35.1,9,8,鮫島克駿,56,芝,1800,重
2021101932,ラインフォルテ,2023-11-04,東京,3,2歳未勝利,14,1,1,15.0,6,12,浜中俊,56,芝,2000,良
2021101932,ラインフォルテ,2023-11-19,京都,2,2歳未勝利,16,6,12,30.8,9,13,鮫島克駿,56,ダ,1800,稍
2021101932,ラインフォルテ,2024-03-02,阪神,5,3歳未勝利,12,2,2,46.6,7,11,鮫島克駿,57,芝,2200,稍
2021101932,ラインフォルテ,2024-04-20,佐賀,11,SAGAリベンジャー(3歳),12,7,10,2.5,1,1,金山昇馬,56,ダ,1400,稍
2021101932,ラインフォルテ,2024-05-03,佐賀,5,3歳ー6組,11,5,6,,,取,金山昇馬,56,ダ,1400,重
2021101932,ラインフォルテ,2024-05-13,佐賀,3,3歳ー6組,6,2,2,1.7,1,1,山口勲,56,ダ,1400,不
2021101932,ラインフォルテ,2024-05-25,佐賀,6,3歳ー4組,12,6,7,1.1,1,1,山口勲,56,ダ,1300,良
2021101932,ラインフォルテ,2024-06-22,佐賀,3,3歳ー3組,8,6,6,1.1,1,1,山口勲,56,ダ,1400,不
2021101932,ラインフォルテ,2024-07-22,佐賀,11,ブルースター特別(3歳),10,4,4,1.1,1,1,山口勲,56,ダ,1400,重
2021101932,ラインフォルテ,2024-09-14,佐賀,5,佐賀城賞(3歳),10,1,1,1.6,1,1,山口勲,56,ダ,1800,良
2021101932,ラインフォルテ,2024-09-29,佐賀,5,ロータスクラウン賞(重賞),12,8,12,3.3,2,2,下原理,56,ダ,1860,良
2021101932,ラインフォルテ,2024-11-04,佐賀,3,没後150年江藤新平(C1),11,5,5,1.0,1,1,山口勲,56,ダ,1750,良
2021101932,ラインフォルテ,2024-11-18,佐賀,10,トパーズ特選(C1),12,5,5,1.0,1,1,山口勲,56,ダ,1750,良
2021101932,ラインフォルテ,2024-12-22,佐賀,6,中島記念(重賞),12,5,5,33.8,5,4,金山昇馬,54,ダ,1800,良
2021101932,ラインフォルテ,2025-01-18,佐賀,5,睦月賞(B),12,5,5,1.7,1,1,山口勲,56,ダ,1800,良
2021101932,ラインフォルテ,2025-02-16,佐賀,6,向春特別(B),9,4,4,1.6,1,3,山口勲,56,ダ,1750,不
2021101932,ラインフォルテ,2025-03-15,佐賀,4,軽暖賞(B),11,6,7,2.3,2,1,山口勲,56,ダ,1750,重
2021101932,ラインフォルテ,2025-09-13,佐賀,4,長月特別(B),6,1,1,2.2,2,1,山口勲,56,ダ,1800,稍
2021101932,ラインフォルテ,2025-09-30,佐賀,10,さがけいば×ウエスト(A2),7,5,5,3.5,2,3,山口勲,56,ダ,1400,稍
2021101932,ラインフォルテ,2025-10-13,佐賀,9,スポーツの日賞(A2),10,7,8,2.7,2,5,山口勲,56,ダ,1400,良
2021101932,ラインフォルテ,2025-12-06,佐賀,2,由布岳賞,7,4,4,44.8,5,6,金山昇馬,55,ダ,1750,良
2021101932,ラインフォルテ,2025-12-20,佐賀,5,クンシラン賞(A2),10,8,10,6.5,4,1,山口勲,56,ダ,1400,良
2021101932,ラインフォルテ,2026-04-05,佐賀,9,AIパッカル賞(A2),9,2,2,11.9,6,9,山口勲,56,ダ,1400,不
2021101932,ラインフォルテ,2026-05-03,佐賀,8,サガデーナイト競馬賞(A2),11,8,10,38.8,7,5,山口勲,56,ダ,1400,不
2021101932,ラインフォルテ,2026-05-17,佐賀,8,フクシア賞(A2),7,1,1,16.3,4,6,山口勲,56,ダ,1400,良
2020101784,ラケマーダ,2022-09-19,中京,5,2歳新馬,14,5,7,10.8,5,3,福永祐一,54,芝,1600,稍
2020101784,ラケマーダ,2022-12-03,阪神,4,2歳未勝利,11,8,10,5.8,3,4,福永祐一,55,芝,1600,良
2020101784,ラケマーダ,2023-02-19,阪神,5,3歳未勝利,17,4,8,7.6,3,2,松山弘平,56,芝,1800,稍
2020101784,ラケマーダ,2023-03-12,中京,4,3歳未勝利,16,5,10,3.6,1,3,松山弘平,56,芝,1600,良
2020101784,ラケマーダ,2023-04-01,阪神,4,3歳未勝利,18,7,14,3.3,2,3,松山弘平,56,芝,1800,良
2020101784,ラケマーダ,2023-04-23,京都,5,3歳未勝利,17,6,11,2.3,1,1,松山弘平,56,芝,1600,良
2020101784,ラケマーダ,2023-05-20,京都,9,メルボルンT(1勝クラス),10,7,8,1.9,1,1,Ｍ．デム,56,芝,1600,稍
2020101784,ラケマーダ,2023-08-27,新潟,9,五頭連峰特別(2勝クラス),17,6,11,16.6,7,4,菱田裕二,55,芝,1600,良
2020101784,ラケマーダ,2023-10-07,京都,9,宝ケ池特別(2勝クラス),11,4,4,3.7,1,4,Ｍ．デム,56,芝,1600,良
2020101784,ラケマーダ,2023-10-28,京都,9,3歳以上2勝クラス,13,7,10,4.1,2,5,Ｍ．デム,56,芝,1400,良
2020101784,ラケマーダ,2023-11-12,東京,8,3歳以上2勝クラス,8,2,2,2.2,1,1,モレイラ,56,芝,1800,良
2020101784,ラケマーダ,2024-01-20,京都,11,石清水S(3勝クラス),16,1,1,17.5,6,16,岩田望来,55,芝,1600,重
2020101784,ラケマーダ,2024-03-09,阪神,10,難波S(3勝クラス),10,7,8,68.1,8,6,松若風馬,58,芝,1800,良
2020101784,ラケマーダ,2024-03-24,中山,10,春興S(3勝クラス),13,3,3,14.1,5,3,横山和生,55,芝,1600,良
2020101784,ラケマーダ,2024-05-05,東京,9,分倍河原S(3勝クラス),12,6,7,14.7,6,1,岩田望来,58,芝,1600,良
2020101784,ラケマーダ,2024-06-09,東京,11,エプソムC(GIII),18,7,13,50.7,13,18,石橋脩,57,芝,1800,良
2020101784,ラケマーダ,2024-10-27,京都,11,カシオペアS(L),18,7,14,63.5,13,8,高杉吏麒,57,芝,1800,良
2020101784,ラケマーダ,2024-11-23,東京,11,キャピタルS(L),18,8,16,73.7,13,6,鮫島克駿,57,芝,1600,良
2020101784,ラケマーダ,2025-02-15,京都,11,洛陽S(L),16,8,15,50.0,12,9,西村淳也,55,芝,1600,良
2020101784,ラケマーダ,2025-02-23,小倉,11,小倉大賞典(GIII),13,5,8,32.0,12,3,秋山稔樹,55,芝,1800,良
2020101784,ラケマーダ,2025-05-10,東京,11,エプソムC(GIII),18,5,9,188.3,16,15,鮫島克駿,57,芝,1800,稍
2020101784,ラケマーダ,2025-06-01,京都,10,安土城S(L),16,7,14,11.2,6,1,藤岡佑介,55,芝,1400,良
2020101784,ラケマーダ,2025-06-22,阪神,11,しらさぎS(GIII),14,3,3,124.2,12,9,小沢大仁,57,芝,1600,良
2020101784,ラケマーダ,2025-09-28,阪神,11,ポートアイランドS(L),12,4,4,20.2,8,6,藤岡佑介,58,芝,1600,良
2020101784,ラケマーダ,2025-11-02,京都,11,まほろばS(L),15,5,8,14.9,7,14,藤岡佑介,56,芝,1600,良
2020101784,ラケマーダ,2025-11-16,東京,11,オーロC(L),18,7,14,26.8,11,3,マーカン,56,芝,1400,良
2020101784,ラケマーダ,2025-11-29,東京,11,キャピタルS(L),18,6,12,77.5,13,6,岩田望来,57,芝,1600,良
2020101784,ラケマーダ,2026-01-04,京都,11,スポニチ賞京都金杯(GIII),18,8,17,113.9,17,8,高杉吏麒,56,芝,1600,良
2020101784,ラケマーダ,2026-02-14,京都,11,洛陽S(L),14,6,9,24.5,11,9,藤岡佑介,56,芝,1600,良
2020101784,ラケマーダ,2026-02-22,小倉,11,小倉大賞典(GIII),16,4,8,46.4,13,10,丹内祐次,56,芝,1800,良
2020101784,ラケマーダ,2026-05-02,東京,11,京王杯スプリングC(GII),18,4,7,305.9,18,4,原優介,57,芝,1400,良
2020101784,ラケマーダ,2026-06-14,東京,11,パラダイスS(L),13,1,1,15.7,6,8,原優介,56,芝,1400,良
2022101405,ララバニュルス,2025-05-04,東京,4,3歳未勝利,15,6,11,26.4,9,2,坂井瑠星,57,芝,1600,良
2022101405,ララバニュルス,2025-05-25,東京,4,3歳未勝利,18,3,6,2.2,1,4,坂井瑠星,57,芝,1600,稍
2022101405,ララバニュルス,2025-06-15,東京,4,3歳未勝利,18,8,17,3.9,2,4,菅原明良,57,芝,1400,稍
2022101405,ララバニュルス,2025-07-06,函館,4,3歳未勝利,15,7,12,5.0,2,1,藤岡佑介,57,芝,1200,稍
2022101405,ララバニュルス,2026-02-21,小倉,12,4歳以上1勝クラス,18,7,13,4.2,2,10,藤岡佑介,58,芝,1200,良
2022101405,ララバニュルス,2026-04-19,福島,9,須賀川特別(1勝クラス),16,8,16,11.4,4,2,藤懸貴志,58,芝,1200,良
2022101405,ララバニュルス,2026-06-27,函館,9,長万部特別(1勝クラス),9,4,4,2.5,1,2,横山和生,58,芝,1200,稍
2022101405,ララバニュルス,2026-07-05,函館,12,3歳以上1勝クラス,10,4,4,2.3,1,1,横山和生,58,芝,1200,良
2022101405,ララバニュルス,2026-08-30,札幌,10,HBC賞(2勝クラス),16,5,10,8.4,4,4,藤懸貴志,56,芝,1200,良
2021106305,ランウインディ,2023-08-27,小倉,5,2歳新馬,9,6,6,19.8,6,7,川須栄彦,55,芝,1200,良
2021106305,ランウインディ,2023-09-17,阪神,2,2歳未勝利,12,5,6,38.4,8,4,川須栄彦,55,ダ,1200,良
2021106305,ランウインディ,2023-10-09,京都,2,2歳未勝利,10,1,1,14.2,7,6,川須栄彦,55,ダ,1200,重
2021106305,ランウインディ,2024-04-14,福島,1,3歳未勝利,16,3,6,10.9,4,1,柴田裕一,52,ダ,1150,良
2021106305,ランウインディ,2024-05-04,京都,6,3歳1勝クラス,14,6,9,77.7,11,13,川須栄彦,55,ダ,1200,良
2021106305,ランウインディ,2024-08-03,新潟,8,3歳以上1勝クラス,15,7,13,17.7,7,7,柴田裕一,51,ダ,1200,良
2021106305,ランウインディ,2024-10-06,新潟,12,3歳以上1勝クラス,15,8,15,36.8,10,3,柴田裕一,52,ダ,1200,良
2021106305,ランウインディ,2024-10-19,新潟,12,3歳以上1勝クラス,12,5,5,4.6,1,1,柴田裕一,52,ダ,1200,稍
2021106305,ランウインディ,2024-11-17,京都,8,3歳以上2勝クラス,16,8,16,49.6,10,11,柴田裕一,52,ダ,1200,良
2021106305,ランウインディ,2025-06-01,京都,8,4歳以上2勝クラス,16,2,3,113.2,14,10,柴田裕一,53,ダ,1200,良
2021106305,ランウインディ,2025-07-19,福島,10,米沢特別(2勝クラス),16,5,9,22.8,7,7,津村明秀,56,ダ,1150,良
2021106305,ランウインディ,2025-08-02,中京,8,浜松特別(2勝クラス),14,7,11,137.0,12,4,国分優作,56,ダ,1200,良
2021106305,ランウインディ,2025-08-30,中京,9,清洲特別(2勝クラス),16,2,4,47.3,11,5,国分優作,56,ダ,1200,良
2021106305,ランウインディ,2025-09-15,阪神,9,新涼特別(2勝クラス),13,6,9,54.6,10,5,国分優作,56,ダ,1200,良
2021106305,ランウインディ,2025-09-27,阪神,12,3歳以上2勝クラス,16,2,3,16.1,5,2,柴田裕一,53,ダ,1200,良
2021106305,ランウインディ,2025-10-12,京都,9,円山特別(2勝クラス),14,7,12,26.4,7,4,国分優作,56,ダ,1200,良
2021106305,ランウインディ,2026-02-15,京都,12,4歳以上2勝クラス,16,6,11,9.8,5,8,国分優作,56,ダ,1200,良
2021106305,ランウインディ,2026-03-15,中京,9,伊良湖特別(2勝クラス),15,8,16,10.4,4,1,岩田望来,56,ダ,1200,良
2021106305,ランウインディ,2026-08-01,中京,6,桶狭間S(3勝クラス),16,2,4,150.6,12,9,団野大成,56,ダ,1400,良
2020103937,ラヴァグロウ,2023-07-19,門別,5,静内川賞(C4),12,6,8,8.7,5,2,服部茂史,54,ダ,1000,稍
2020103937,ラヴァグロウ,2023-08-23,門別,5,3歳以上C4ー4,12,2,2,1.9,1,1,服部茂史,54,ダ,1000,稍
2020103937,ラヴァグロウ,2023-09-07,門別,3,3歳以上C4ー3,10,8,10,1.2,1,1,服部茂史,54,ダ,1000,稍
2020103937,ラヴァグロウ,2023-09-26,門別,9,3歳以上C3ー2C4,12,2,2,1.5,1,1,岩橋勇二,54,ダ,1000,良
2020103937,ラヴァグロウ,2023-10-19,門別,9,3歳以上C2ー2C3,11,1,1,1.3,1,1,服部茂史,54,ダ,1000,稍
2020103937,ラヴァグロウ,2023-11-02,門別,9,サザンカ特別(C1),12,7,9,1.1,1,1,服部茂史,54,ダ,1000,重
2020103937,ラヴァグロウ,2023-12-28,中山,8,3歳以上1勝クラス,16,4,8,23.0,7,16,佐々木大,54,ダ,1200,良
2020103937,ラヴァグロウ,2024-05-12,新潟,8,4歳以上1勝クラス,14,5,7,16.4,6,8,永島まな,54,ダ,1200,良
2020103937,ラヴァグロウ,2024-07-31,門別,7,アルビレオ特別(A2),6,3,3,2.5,1,3,服部茂史,55,ダ,1200,稍
2020103937,ラヴァグロウ,2024-09-07,中山,6,3歳以上1勝クラス,16,5,9,101.3,13,3,佐々木大,56,ダ,1200,良
2020103937,ラヴァグロウ,2024-09-29,中山,6,3歳以上1勝クラス,16,6,12,13.4,6,7,佐々木大,56,ダ,1200,良
2020103937,ラヴァグロウ,2024-11-30,中山,7,3歳以上1勝クラス,16,8,16,42.2,11,12,木幡巧也,56,ダ,1200,稍
2020103937,ラヴァグロウ,2025-03-01,中山,8,4歳以上1勝クラス,16,3,5,39.8,10,3,丸田恭介,56,ダ,1200,良
2020103937,ラヴァグロウ,2025-03-16,中山,7,4歳以上1勝クラス,16,5,9,15.0,6,3,丸田恭介,56,ダ,1200,不
2020103937,ラヴァグロウ,2025-04-13,中山,12,4歳以上1勝クラス,16,3,5,14.8,6,10,丸田恭介,56,ダ,1200,稍
2020103937,ラヴァグロウ,2025-06-29,福島,7,3歳以上1勝クラス,16,3,5,59.7,10,4,丸田恭介,56,ダ,1150,良
2020103937,ラヴァグロウ,2025-07-13,福島,8,3歳以上1勝クラス,15,8,15,16.5,7,7,丸田恭介,56,ダ,1150,良
2020103937,ラヴァグロウ,2025-09-20,中山,3,3歳以上1勝クラス,16,8,15,23.3,7,2,丸田恭介,56,ダ,1200,重
2020103937,ラヴァグロウ,2025-09-27,中山,8,3歳以上1勝クラス,16,8,16,15.1,7,7,丸田恭介,56,ダ,1200,良
2020103937,ラヴァグロウ,2025-12-06,中山,7,3歳以上1勝クラス,16,3,6,14.9,4,3,佐々木大,56,ダ,1200,良
2020103937,ラヴァグロウ,2026-01-04,中山,8,4歳以上1勝クラス,16,2,4,6.8,3,1,丸田恭介,56,ダ,1200,稍
2020103937,ラヴァグロウ,2026-01-25,中山,8,4歳以上2勝クラス,15,2,3,65.2,9,13,丸田恭介,56,ダ,1200,良
2020103937,ラヴァグロウ,2026-03-14,中山,12,4歳以上2勝クラス,16,1,1,72.0,11,15,丸田恭介,56,ダ,1200,良
2020103937,ラヴァグロウ,2026-04-04,中山,12,4歳以上2勝クラス,16,4,8,105.1,16,13,丸田恭介,56,ダ,1200,重
2020103937,ラヴァグロウ,2026-05-16,京都,12,4歳以上2勝クラス,15,7,12,338.1,15,14,秋山稔樹,56,ダ,1200,良
2020103937,ラヴァグロウ,2026-07-12,福島,12,彦星賞(2勝クラス),16,3,5,311.9,15,8,丸田恭介,56,ダ,1150,稍
2023104830,リアライズルミナス,2025-07-20,小倉,5,2歳新馬,13,5,7,1.5,1,5,松山弘平,55,芝,1800,良
2023104830,リアライズルミナス,2025-12-20,阪神,3,2歳未勝利,18,7,14,3.0,1,2,松山弘平,55,芝,1600,良
2023104830,リアライズルミナス,2026-01-10,京都,5,3歳未勝利,18,1,1,2.6,1,4,松山弘平,55,芝,1600,良
2023104830,リアライズルミナス,2026-02-28,阪神,5,3歳未勝利,14,5,7,3.4,3,1,坂井瑠星,55,芝,1800,良
2023104830,リアライズルミナス,2026-04-26,東京,11,サンスポ賞フローラS(GII),12,5,7,7.0,4,3,松山弘平,55,芝,2000,良
2023104830,リアライズルミナス,2026-05-24,東京,11,優駿牝馬(GI),18,3,5,99.7,10,4,津村明秀,55,芝,2400,良
2023104830,リアライズルミナス,2026-08-01,新潟,8,燕特別(1勝クラス),12,7,11,1.4,1,3,津村明秀,53,芝,2200,良
2021101457,リジル,2023-07-01,中京,6,2歳新馬,10,4,4,17.8,8,3,藤岡康太,55,ダ,1400,不
2021101457,リジル,2023-07-23,中京,2,2歳未勝利,13,6,9,7.1,4,2,川田将雅,55,ダ,1400,良
2021101457,リジル,2023-09-16,阪神,2,2歳未勝利,16,7,13,1.8,1,1,川田将雅,55,ダ,1400,良
2021101457,リジル,2023-11-11,東京,9,オキザリス賞(1勝クラス),16,7,14,13.9,5,4,藤岡佑介,55,ダ,1400,良
2021101457,リジル,2024-04-07,阪神,5,3歳1勝クラス,16,3,5,6.2,4,1,藤岡佑介,55,ダ,1400,良
2021101457,リジル,2024-05-05,京都,10,橘S(L),10,3,3,10.9,4,3,藤岡佑介,55,芝,1400,良
2021101457,リジル,2024-07-14,函館,12,湯の川温泉特別(2勝クラス),12,5,6,2.6,1,5,藤岡佑介,53,芝,1200,良
2021101457,リジル,2024-10-06,京都,8,3歳以上2勝クラス,11,7,9,1.8,1,5,藤岡佑介,54,ダ,1400,良
2021101457,リジル,2024-10-27,京都,12,3歳以上2勝クラス,12,1,1,4.7,4,2,藤岡佑介,54,ダ,1400,良
2021101457,リジル,2024-12-28,京都,9,春待月賞(2勝クラス),16,3,5,3.9,1,3,岩田望来,55,ダ,1400,良
2021101457,リジル,2025-01-13,中京,9,鳥羽特別(2勝クラス),16,5,10,4.5,1,2,藤岡佑介,55,ダ,1400,良
2021101457,リジル,2025-01-25,中京,8,4歳以上2勝クラス,16,4,8,3.3,1,1,団野大成,55,ダ,1400,良
2021101457,リジル,2025-03-15,中京,11,中京スポーツ杯(3勝クラス),16,7,14,4.3,2,1,佐々木大,56,ダ,1400,良
2021101457,リジル,2025-04-05,阪神,10,ポラリスS(OP),16,8,16,7.9,4,15,佐々木大,53,ダ,1400,良
2021101457,リジル,2025-07-27,中京,7,東海S(GIII),16,8,15,67.5,13,7,田口貫太,55,ダ,1400,良
2021101457,リジル,2025-10-26,東京,11,神無月S(OP),16,3,6,14.0,6,5,浜中俊,55,ダ,1400,不
2021101457,リジル,2026-06-07,阪神,11,水無月S(OP),16,5,10,23.8,9,9,渡辺竜也,53,ダ,1200,稍
2023107295,リヒトミューレ,2025-06-08,阪神,5,2歳新馬,11,8,11,19.4,6,10,幸英明,55,芝,1400,良
2023107295,リヒトミューレ,2025-07-05,小倉,1,2歳未勝利,5,1,1,12.1,2,2,幸英明,55,芝,1800,良
2023107295,リヒトミューレ,2025-07-19,小倉,1,2歳未勝利,10,2,2,7.5,4,4,幸英明,55,芝,1800,稍
2023107295,リヒトミューレ,2025-09-07,阪神,1,2歳未勝利,7,1,1,3.9,3,1,坂井瑠星,55,ダ,1800,良
2023107295,リヒトミューレ,2025-11-02,京都,9,もちの木賞(1勝クラス),16,6,12,151.8,15,11,小沢大仁,56,ダ,1800,稍
2023107295,リヒトミューレ,2026-01-05,京都,4,3歳1勝クラス,11,2,2,37.3,7,6,ハマーハ,57,ダ,1800,良
2023107295,リヒトミューレ,2026-01-24,中山,6,3歳1勝クラス,13,6,9,25.5,7,3,津村明秀,57,ダ,1800,良
2023107295,リヒトミューレ,2026-03-14,中京,6,3歳1勝クラス,16,5,10,19.6,7,2,小沢大仁,57,ダ,1800,良
2023107295,リヒトミューレ,2026-04-05,中山,6,3歳1勝クラス,16,4,7,8.7,5,8,小沢大仁,57,ダ,1800,重
2023107295,リヒトミューレ,2026-06-13,阪神,7,3歳以上1勝クラス,16,7,13,13.3,5,6,坂井瑠星,55,ダ,1800,良
2023107295,リヒトミューレ,2026-07-05,小倉,12,3歳以上1勝クラス,16,2,4,7.6,3,4,西村淳也,55,ダ,1700,不
2023107295,リヒトミューレ,2026-07-25,中京,10,3歳以上1勝クラス,12,8,12,7.9,5,1,吉村誠之,55,ダ,1800,良
2022100321,リメンバーヒム,2024-11-30,京都,4,2歳新馬,11,1,1,51.6,7,5,団野大成,56,ダ,1200,稍
2022100321,リメンバーヒム,2024-12-15,京都,2,2歳未勝利,16,3,6,75.9,9,8,幸英明,56,ダ,1400,良
2022100321,リメンバーヒム,2025-01-11,中京,2,3歳未勝利,16,1,2,139.5,15,7,高杉吏麒,55,ダ,1200,良
2022100321,リメンバーヒム,2025-02-10,京都,3,3歳未勝利,12,5,5,83.9,10,2,高杉吏麒,56,ダ,1400,良
2022100321,リメンバーヒム,2025-03-02,阪神,2,3歳未勝利,16,2,3,13.3,5,5,高杉吏麒,56,ダ,1400,良
2022100321,リメンバーヒム,2025-05-18,京都,1,3歳未勝利,16,7,14,24.8,7,2,高杉吏麒,56,ダ,1400,重
2022100321,リメンバーヒム,2025-06-08,阪神,3,3歳未勝利,16,5,10,3.1,1,2,高杉吏麒,56,ダ,1400,良
2022100321,リメンバーヒム,2025-06-22,阪神,1,3歳未勝利,16,8,15,1.2,1,1,高杉吏麒,56,ダ,1400,良
2022100321,リメンバーヒム,2025-09-06,阪神,12,3歳以上1勝クラス,13,7,11,4.4,2,1,高杉吏麒,55,ダ,1400,稍
2022100321,リメンバーヒム,2025-09-21,阪神,12,3歳以上2勝クラス,15,4,8,9.4,5,8,吉村誠之,55,ダ,1400,良
2022100321,リメンバーヒム,2025-11-22,京都,8,3歳以上2勝クラス,16,3,6,10.3,4,2,高杉吏麒,57,ダ,1400,良
2022100321,リメンバーヒム,2025-12-06,阪神,8,3歳以上2勝クラス,16,2,3,15.9,7,10,松山弘平,57,ダ,1400,良
2022100321,リメンバーヒム,2026-03-08,阪神,12,4歳以上2勝クラス,13,6,10,10.8,5,8,西村淳也,58,ダ,1400,良
2022100321,リメンバーヒム,2026-03-22,阪神,12,4歳以上2勝クラス,12,8,13,29.5,9,5,斎藤新,58,ダ,1400,良
2022100321,リメンバーヒム,2026-04-18,阪神,9,吹田特別(2勝クラス),14,6,9,20.5,8,9,高杉吏麒,58,ダ,1400,良
2022100321,リメンバーヒム,2026-04-26,東京,12,4歳以上2勝クラス,16,2,3,101.2,11,8,石橋脩,58,ダ,1400,稍
2022100321,リメンバーヒム,2026-07-25,札幌,12,桑園特別(2勝クラス),11,1,1,50.8,7,4,鮫島克駿,58,ダ,1700,良
2022100321,リメンバーヒム,2026-08-09,札幌,10,富良野特別(2勝クラス),14,6,10,43.5,8,4,小沢大仁,55,ダ,1700,良
2022100321,リメンバーヒム,2026-08-29,札幌,12,千歳特別(2勝クラス),12,6,7,94.1,7,3,小沢大仁,58,ダ,1700,稍
2021103519,リラボニート,2023-12-10,阪神,4,2歳新馬,17,6,12,76.1,14,9,モリス,55,芝,1600,良
2021103519,リラボニート,2024-01-14,小倉,1,3歳未勝利,12,7,9,6.7,4,9,モリス,55,ダ,1700,良
2021103519,リラボニート,2024-01-28,京都,6,3歳未勝利,10,2,2,62.1,7,5,浜中俊,55,芝,1600,良
2021103519,リラボニート,2024-03-09,阪神,5,3歳未勝利,15,4,7,17.3,6,1,浜中俊,55,芝,1600,良
2021103519,リラボニート,2024-03-31,阪神,5,3歳1勝クラス,9,3,3,14.8,6,4,浜中俊,55,芝,1600,良
2021103519,リラボニート,2024-04-28,京都,6,3歳1勝クラス,11,2,2,12.4,5,2,浜中俊,55,芝,1400,良
2021103519,リラボニート,2024-05-18,京都,9,メルボルンT(1勝クラス),13,3,4,16.2,5,5,浜中俊,55,芝,1600,良
2021103519,リラボニート,2024-07-28,札幌,7,3歳以上1勝クラス,10,7,7,7.2,4,1,浜中俊,53,芝,1800,稍
2021103519,リラボニート,2024-09-22,中京,9,夕月特別(2勝クラス),11,7,8,15.3,4,4,浜中俊,53,芝,2000,稍
2021103519,リラボニート,2024-10-13,京都,7,3歳以上2勝クラス,8,2,2,5.2,3,2,浜中俊,54,芝,1800,良
2021103519,リラボニート,2024-12-21,京都,12,3歳以上2勝クラス,13,8,13,3.0,2,3,浜中俊,55,芝,1800,良
2021103519,リラボニート,2024-12-28,京都,10,フォーチュンC(2勝クラス),16,4,8,4.7,2,3,浜中俊,54,芝,2000,良
2021103519,リラボニート,2025-02-15,小倉,10,太宰府特別(2勝クラス),15,5,9,3.0,1,3,浜中俊,55,芝,2000,良
2021103519,リラボニート,2025-03-16,中山,9,房総特別(2勝クラス),16,4,8,4.7,2,3,ルメール,56,芝,1800,重
2021103519,リラボニート,2025-06-14,函館,10,松前特別(2勝クラス),16,6,12,3.2,1,8,ルメール,56,芝,1800,良
2021103519,リラボニート,2025-07-19,函館,10,かもめ島特別(2勝クラス),14,5,7,7.3,2,2,藤岡佑介,56,芝,1800,良
2021103519,リラボニート,2025-08-02,札幌,10,釧路湿原特別(2勝クラス),14,8,13,4.0,2,1,藤岡佑介,56,芝,1800,良
2021103519,リラボニート,2025-08-31,札幌,11,日高S(3勝クラス),13,6,9,7.7,3,1,浜中俊,56,芝,1500,稍
2021103519,リラボニート,2025-10-12,東京,11,アイルランドT(GII),16,3,5,29.3,9,8,横山武史,55,芝,1800,良
2021103519,リラボニート,2025-12-20,中山,11,ターコイズS(GIII),16,1,1,12.2,6,2,丹内祐次,53,芝,1600,良
2021103519,リラボニート,2026-01-12,中山,11,ニューイヤーS(L),14,4,5,5.7,3,9,戸崎圭太,56,芝,1600,良
2021103519,リラボニート,2026-02-14,京都,11,洛陽S(L),14,5,7,8.7,5,3,浜中俊,54,芝,1600,良
2021103519,リラボニート,2026-03-22,中京,11,愛知杯(GIII),18,8,17,26.4,11,9,田山旺佑,55,芝,1400,良
2021103519,リラボニート,2026-07-12,函館,11,巴賞(OP),14,8,14,13.8,9,6,鮫島克駿,56,芝,1800,重
2021103519,リラボニート,2026-08-02,札幌,11,クイーンS(GIII),14,3,4,33.7,11,7,鮫島克駿,55,芝,1800,良
2023103934,ルディドゥゲンジ,2025-08-09,新潟,3,2歳新馬,17,2,4,220.9,16,11,岩部純二,55,芝,1200,良
2023103934,ルディドゥゲンジ,2025-09-28,中山,2,2歳未勝利,16,4,8,420.8,15,13,黛弘人,55,芝,1200,良
2023103934,ルディドゥゲンジ,2025-10-05,東京,2,2歳未勝利,11,8,11,652.9,11,11,黛弘人,55,芝,1800,良
2023103934,ルディドゥゲンジ,2026-05-10,新潟,6,3歳未勝利,16,3,6,434.0,16,7,遠藤汰月,52,芝,1000,良
2023103934,ルディドゥゲンジ,2026-07-25,新潟,11,3歳未勝利,18,1,2,89.4,13,3,嶋田純次,55,芝,1000,良
2023103934,ルディドゥゲンジ,2026-08-15,新潟,11,3歳未勝利,18,8,16,8.4,4,4,杉原誠人,55,芝,1000,良
2023103934,ルディドゥゲンジ,2026-08-30,新潟,5,3歳未勝利,18,7,15,167.3,15,14,嶋田純次,55,芝,1400,良
2023102403,ルンベーラ,2025-10-26,新潟,5,2歳新馬,18,7,14,11.5,4,7,吉田隼人,55,芝,1600,稍
2023102403,ルンベーラ,2025-11-02,東京,3,2歳未勝利,10,5,5,25.5,4,2,吉田隼人,55,芝,1800,良
2023102403,ルンベーラ,2025-11-23,東京,2,2歳未勝利,18,4,8,10.3,3,3,吉田隼人,55,芝,1800,良
2023102403,ルンベーラ,2025-12-21,中山,3,2歳未勝利,15,4,7,11.1,6,12,丹内祐次,55,芝,1800,重
2023102403,ルンベーラ,2026-02-14,京都,6,3歳未勝利,17,5,10,8.1,3,6,西村淳也,55,芝,1800,良
2023102403,ルンベーラ,2026-03-15,中山,4,3歳未勝利,16,4,8,8.0,3,16,佐々木大,55,ダ,1800,良
2023102403,ルンベーラ,2026-05-03,東京,1,3歳未勝利,15,2,2,17.4,7,6,佐々木大,55,ダ,1600,稍
2023102403,ルンベーラ,2026-05-24,東京,1,3歳未勝利,16,8,15,22.9,7,11,田辺裕信,55,ダ,1400,稍
2023102403,ルンベーラ,2026-07-11,福島,6,3歳未勝利,16,5,9,12.0,4,1,木幡巧也,55,芝,1800,良
2023102403,ルンベーラ,2026-08-02,新潟,8,五頭連峰特別(1勝クラス),14,7,11,27.3,8,10,木幡巧也,53,芝,1800,良
2022101543,ルークススペイ,2024-06-29,函館,6,2歳新馬,11,1,1,5.6,3,3,永野猛蔵,55,ダ,1000,良
2022101543,ルークススペイ,2024-07-21,札幌,1,2歳未勝利,7,5,5,2.4,2,2,永野猛蔵,55,ダ,1000,良
2022101543,ルークススペイ,2024-10-05,東京,2,2歳未勝利,16,6,11,4.1,2,1,永野猛蔵,56,ダ,1400,重
2022101543,ルークススペイ,2024-11-09,東京,9,オキザリス賞(1勝クラス),16,3,6,12.4,4,8,ムーア,56,ダ,1400,良
2022101543,ルークススペイ,2024-12-01,中山,6,2歳1勝クラス,9,5,5,3.4,2,4,丹内祐次,56,ダ,1200,良
2022101543,ルークススペイ,2025-01-19,中山,6,3歳1勝クラス,16,6,11,18.5,6,4,佐々木大,57,ダ,1200,良
2022101543,ルークススペイ,2025-02-22,東京,2,3歳1勝クラス,16,7,14,21.5,5,5,長浜鴻緒,54,ダ,1400,良
2022101543,ルークススペイ,2025-03-23,中山,8,3歳1勝クラス,15,1,1,23.2,8,3,長浜鴻緒,54,ダ,1200,良
2022101543,ルークススペイ,2025-04-20,阪神,6,3歳1勝クラス,16,2,4,9.0,3,2,団野大成,57,ダ,1200,良
2022101543,ルークススペイ,2025-05-10,京都,6,3歳1勝クラス,16,1,2,3.4,1,3,川田将雅,57,ダ,1200,重
2022101543,ルークススペイ,2025-06-08,東京,7,3歳以上1勝クラス,16,2,4,3.7,2,1,川田将雅,55,ダ,1400,良
2022101543,ルークススペイ,2025-10-04,東京,12,3歳以上2勝クラス,16,3,5,4.5,1,4,三浦皇成,56,ダ,1400,良
2022101543,ルークススペイ,2025-11-01,東京,8,3歳以上2勝クラス,14,7,12,3.4,2,11,三浦皇成,57,ダ,1400,重
2022101543,ルークススペイ,2025-12-06,阪神,8,3歳以上2勝クラス,16,5,10,17.8,8,2,団野大成,57,ダ,1400,良
2022101543,ルークススペイ,2026-01-31,京都,9,長浜特別(2勝クラス),13,2,2,4.8,3,3,団野大成,57,ダ,1400,良
2022101543,ルークススペイ,2026-02-22,阪神,12,4歳以上2勝クラス,16,6,11,2.6,1,1,西村淳也,58,ダ,1400,良
2022101543,ルークススペイ,2026-04-05,阪神,12,天満橋S(3勝クラス),16,8,16,7.5,4,1,川田将雅,58,ダ,1400,重
2022101543,ルークススペイ,2026-05-17,京都,11,栗東S(L),16,3,6,13.1,6,4,田口貫太,56,ダ,1400,良
2022101543,ルークススペイ,2026-06-20,阪神,11,天保山S(OP),15,8,14,3.9,2,6,川田将雅,57,ダ,1400,重
2020104194,ルーフ,2022-09-18,中山,4,2歳新馬,16,1,2,4.2,2,3,田辺裕信,54,芝,1200,良
2020104194,ルーフ,2022-10-08,東京,3,2歳未勝利,16,1,2,2.6,1,3,田辺裕信,54,芝,1400,稍
2020104194,ルーフ,2022-10-22,阪神,2,2歳未勝利,10,3,3,1.4,1,1,坂井瑠星,54,芝,1200,良
2020104194,ルーフ,2023-01-21,小倉,9,萌黄賞(1勝クラス),8,7,7,3.3,2,1,藤岡康太,54,芝,1200,稍
2020104194,ルーフ,2023-03-12,阪神,11,フィリーズレビュー(GII),18,6,11,7.4,4,4,藤岡康太,54,芝,1400,良
2020104194,ルーフ,2024-02-03,京都,8,4歳以上2勝クラス,12,2,2,6.0,2,9,松山弘平,56,芝,1200,良
2020104194,ルーフ,2024-02-24,阪神,12,4歳以上2勝クラス,10,2,2,3.5,2,3,ムルザバ,56,芝,1200,良
2020104194,ルーフ,2024-03-24,中山,12,4歳以上2勝クラス,13,3,3,3.7,2,1,岩田望来,56,芝,1200,良
2020104194,ルーフ,2024-04-28,京都,10,ライスシャワーC(3勝クラス),18,3,5,7.8,5,10,鮫島克駿,56,芝,1200,良
2020104194,ルーフ,2025-01-06,中山,11,サンライズS(3勝クラス),16,1,2,12.9,4,15,横山武史,54,芝,1200,良
2020104194,ルーフ,2025-02-15,小倉,11,下関S(3勝クラス),18,6,11,20.4,10,7,藤岡佑介,56,芝,1200,良
2020104194,ルーフ,2025-03-02,中山,10,アクアマリンS(3勝クラス),16,5,9,23.3,7,11,キング,56,芝,1200,良
2020104194,ルーフ,2025-03-29,中山,9,ブラッドストーンS(3勝クラス),16,4,7,106.8,13,11,田辺裕信,56,ダ,1200,稍
2020104194,ルーフ,2025-06-22,函館,11,UHB杯(3勝クラス),15,7,12,31.9,10,8,北村友一,53,芝,1200,重
2020104194,ルーフ,2025-07-05,函館,11,TVh杯(3勝クラス),14,6,10,40.0,11,10,藤岡佑介,56,芝,1200,稍
2020104194,ルーフ,2025-07-26,札幌,11,TVh賞(3勝クラス),12,1,1,16.5,6,2,北村友一,52,芝,1200,良
2020104194,ルーフ,2025-09-07,中山,10,セプテンバーS(3勝クラス),12,6,9,,,除,戸崎圭太,53,芝,1200,良
2020104194,ルーフ,2025-09-27,阪神,10,道頓堀S(3勝クラス),16,1,1,12.2,7,2,松若風馬,56,芝,1200,良
2020104194,ルーフ,2025-10-18,新潟,11,北陸S(3勝クラス),18,7,13,19.1,7,3,丹内祐次,54,芝,1200,良
2020104194,ルーフ,2025-11-23,京都,12,醍醐S(3勝クラス),16,6,12,24.4,9,7,坂井瑠星,56,芝,1200,良
2020104194,ルーフ,2025-12-07,中山,9,南総S(3勝クラス),12,5,6,25.2,9,5,石橋脩,56,芝,1200,良
2020104194,ルーフ,2026-01-31,小倉,11,巌流島S(3勝クラス),18,7,15,8.5,4,11,松若風馬,54,芝,1200,良
2020104194,ルーフ,2026-02-14,小倉,11,下関S(3勝クラス),18,3,6,20.4,9,7,松若風馬,56,芝,1200,良
2020104194,ルーフ,2026-03-21,阪神,10,淀屋橋S(3勝クラス),16,4,7,10.9,5,9,北村友一,54,芝,1200,良
2020104194,ルーフ,2026-06-21,函館,11,UHB杯(3勝クラス),15,5,9,18.4,11,5,佐々木大,53,芝,1200,良
2020104194,ルーフ,2026-07-04,函館,11,TVh杯(3勝クラス),16,7,14,25.0,10,3,佐々木大,56,芝,1200,良
2020104194,ルーフ,2026-07-25,札幌,11,TVh賞(3勝クラス),12,4,4,14.2,6,4,佐々木大,56,芝,1200,良
2021104874,ルーフオブヘヴン,2024-02-11,東京,3,3歳未勝利,16,4,7,56.1,9,4,武藤雅,55,ダ,1600,稍
2021104874,ルーフオブヘヴン,2024-04-06,中山,1,3歳未勝利,14,3,4,2.6,2,8,武藤雅,55,ダ,1800,稍
2021104874,ルーフオブヘヴン,2024-04-28,東京,1,3歳未勝利,16,3,6,7.7,4,8,津村明秀,55,ダ,1600,良
2021104874,ルーフオブヘヴン,2024-05-19,東京,1,3歳未勝利,16,1,1,26.4,7,6,武藤雅,55,ダ,1400,良
2021104874,ルーフオブヘヴン,2024-06-16,東京,3,3歳未勝利,16,3,6,54.2,7,9,武藤雅,55,ダ,1400,良
2021104874,ルーフオブヘヴン,2024-07-27,札幌,4,3歳未勝利,14,1,1,38.6,8,6,武藤雅,55,ダ,1700,良
2021104874,ルーフオブヘヴン,2024-08-24,札幌,4,3歳未勝利,14,4,6,68.4,8,6,大野拓弥,55,ダ,1700,良
2021104874,ルーフオブヘヴン,2024-11-30,佐賀,6,C2ー21組,12,7,9,1.2,1,1,山田義貴,54,ダ,1300,重
2021104874,ルーフオブヘヴン,2024-12-15,佐賀,8,KYUSHUDREA(C2),10,7,7,1.3,1,1,山田義貴,54,ダ,1400,良
2021104874,ルーフオブヘヴン,2025-06-07,東京,8,3歳以上1勝クラス,16,5,10,41.3,8,11,内田博幸,56,ダ,1600,良
2021104874,ルーフオブヘヴン,2025-08-17,新潟,9,3歳以上1勝クラス,15,4,7,42.9,7,5,内田博幸,56,ダ,1200,良
2021104874,ルーフオブヘヴン,2025-09-13,中山,8,3歳以上1勝クラス,15,8,16,10.7,4,8,内田博幸,56,ダ,1200,不
2021104874,ルーフオブヘヴン,2026-01-04,中山,8,4歳以上1勝クラス,16,1,2,16.7,9,4,石神深道,53,ダ,1200,稍
2021104874,ルーフオブヘヴン,2026-01-24,中山,7,4歳以上1勝クラス,16,7,14,18.7,6,1,佐々木大,56,ダ,1200,良
2021104874,ルーフオブヘヴン,2026-04-11,中山,12,4歳以上2勝クラス,16,8,16,24.4,8,2,佐々木大,56,ダ,1200,稍
2021104874,ルーフオブヘヴン,2026-05-03,東京,12,4歳以上2勝クラス,13,5,6,5.3,2,7,佐々木大,56,ダ,1300,稍
2023103730,レイヌドプランタン,2025-11-24,福島,5,2歳新馬,16,2,3,70.1,11,7,横山琉人,55,芝,1800,良
2023103730,レイヌドプランタン,2026-02-15,小倉,5,3歳未勝利,16,7,14,15.0,3,7,横山琉人,55,芝,1800,稍
2023103730,レイヌドプランタン,2026-05-24,新潟,5,3歳未勝利,16,5,10,10.8,6,4,横山琉人,55,芝,2000,稍
2023103730,レイヌドプランタン,2026-07-19,函館,4,3歳未勝利,13,6,8,20.1,9,1,横山琉人,55,芝,2000,重
2022107282,レクスノヴァス,2025-01-05,中京,5,3歳新馬,18,8,17,6.2,3,3,岩田望来,57,芝,2000,良
2022107282,レクスノヴァス,2025-03-29,阪神,5,3歳未勝利,15,5,8,2.0,1,2,岩田康誠,57,芝,2000,良
2022107282,レクスノヴァス,2025-06-15,函館,6,3歳未勝利,12,7,11,1.4,1,1,岩田康誠,57,芝,2000,良
2022107282,レクスノヴァス,2025-06-29,函館,9,臥牛山特別(1勝クラス),10,1,1,2.7,2,2,岩田康誠,55,芝,2000,良
2022107282,レクスノヴァス,2025-07-20,函館,8,3歳以上1勝クラス,9,2,2,1.5,1,1,横山和生,55,芝,2600,良
2022107282,レクスノヴァス,2025-08-17,札幌,12,阿寒湖特別(2勝クラス),14,5,7,3.1,1,1,横山和生,55,芝,2600,稍
2022107282,レクスノヴァス,2025-10-26,京都,11,菊花賞(GI),18,4,8,20.4,10,9,横山和生,57,芝,3000,稍
2022107282,レクスノヴァス,2026-02-01,京都,10,八坂S(3勝クラス),8,3,3,3.5,2,2,北村友一,57,芝,2200,良
2022107282,レクスノヴァス,2026-05-10,京都,9,烏丸S(3勝クラス),13,5,6,2.0,1,1,岩田康誠,57,芝,2400,良
2022107282,レクスノヴァス,2026-07-26,札幌,11,札幌日経賞(L),13,3,3,3.5,2,7,岩田康誠,57,芝,2600,良
2023103268,レザベーション,2025-10-13,京都,5,2歳新馬,11,3,3,31.3,10,中,坂井瑠星,56,芝,1800,良
2023103268,レザベーション,2025-11-08,京都,3,2歳未勝利,9,8,9,55.7,7,4,田口貫太,56,芝,1800,良
2023103268,レザベーション,2025-11-22,京都,4,2歳未勝利,11,6,7,10.9,3,6,田口貫太,56,芝,1800,良
2023103268,レザベーション,2026-02-15,京都,6,3歳未勝利,18,1,1,9.5,4,2,田口貫太,57,芝,1600,良
2023103268,レザベーション,2026-03-07,阪神,5,3歳未勝利,18,7,13,2.8,1,1,田口貫太,57,芝,1600,良
2023103268,レザベーション,2026-04-11,中山,11,ニュージーランドT(GII),15,2,3,43.5,6,1,原優介,57,芝,1600,良
2023103268,レザベーション,2026-05-10,東京,11,NHKマイルC(GI),18,7,15,37.3,11,6,原優介,57,芝,1600,良
2023106619,レッドスティンガー,2025-08-02,札幌,5,2歳新馬,11,5,5,3.0,2,2,横山武史,55,芝,1500,良
2023106619,レッドスティンガー,2025-08-24,札幌,2,2歳未勝利,11,6,7,2.9,1,1,横山武史,55,芝,1500,良
2023106619,レッドスティンガー,2025-10-19,東京,6,2歳1勝クラス,8,5,5,5.2,2,2,横山和生,56,芝,1400,良
2023106619,レッドスティンガー,2025-11-08,東京,11,京王杯2歳S(GII),16,8,16,8.2,3,8,横山和生,56,芝,1400,良
2023106619,レッドスティンガー,2025-12-28,中山,4,2歳1勝クラス,11,5,5,6.9,4,7,横山和生,56,ダ,1200,良
2023106619,レッドスティンガー,2026-01-11,中山,4,3歳1勝クラス,16,1,2,3.9,2,2,戸崎圭太,57,ダ,1200,良
2023106619,レッドスティンガー,2026-03-07,中山,7,3歳1勝クラス,15,6,12,2.0,1,1,戸崎圭太,57,ダ,1200,重
2023106619,レッドスティンガー,2026-04-05,阪神,9,バイオレットS(OP),12,5,5,9.9,4,6,ルメール,57,ダ,1400,重
2023106619,レッドスティンガー,2026-08-08,札幌,12,摩周湖特別(2勝クラス),13,6,9,4.6,2,3,横山和生,55,芝,1500,稍
2019105496,レッドモンレーヴ,2021-12-05,中京,5,2歳新馬,6,1,1,3.5,2,2,ルメール,55,芝,2000,良
2019105496,レッドモンレーヴ,2021-12-28,中山,4,2歳未勝利,16,4,7,2.9,1,1,ルメール,55,芝,1800,良
2019105496,レッドモンレーヴ,2022-02-13,東京,11,共同通信杯(GIII),11,6,7,22.9,7,6,戸崎圭太,56,芝,1800,稍
2019105496,レッドモンレーヴ,2022-02-27,中山,7,3歳1勝クラス,10,7,7,1.8,1,1,川田将雅,56,芝,1600,良
2019105496,レッドモンレーヴ,2022-10-30,東京,9,LトレーナーC(2勝クラス),13,8,12,3.7,2,1,川田将雅,55,芝,1600,良
2019105496,レッドモンレーヴ,2022-11-19,東京,10,秋色S(3勝クラス),16,4,8,4.3,2,2,戸崎圭太,56,芝,1600,良
2019105496,レッドモンレーヴ,2023-01-29,東京,10,節分S(3勝クラス),12,4,4,2.0,1,1,川田将雅,57,芝,1600,良
2019105496,レッドモンレーヴ,2023-04-01,中山,11,ダービー卿チャレンジ(GIII),16,2,3,2.8,1,7,川田将雅,56,芝,1600,良
2019105496,レッドモンレーヴ,2023-05-13,東京,11,京王杯スプリングC(GII),18,6,12,5.2,2,1,横山和生,57,芝,1400,良
2019105496,レッドモンレーヴ,2023-06-04,東京,11,安田記念(GI),18,7,13,31.9,10,6,横山和生,58,芝,1600,良
2019105496,レッドモンレーヴ,2023-10-21,東京,11,富士S(GII),12,7,9,7.5,4,2,横山和生,58,芝,1600,良
2019105496,レッドモンレーヴ,2023-11-19,京都,11,マイルチャンピオンS(GI),16,6,12,28.5,8,9,横山和生,58,芝,1600,良
2019105496,レッドモンレーヴ,2024-02-25,中山,11,中山記念(GII),16,1,1,17.2,8,15,横山和生,58,芝,1800,稍
2019105496,レッドモンレーヴ,2024-05-11,東京,11,京王杯スプリングC(GII),15,3,4,4.1,2,2,横山和生,58,芝,1400,良
2019105496,レッドモンレーヴ,2024-06-02,東京,11,安田記念(GI),18,2,3,36.2,10,11,横山和生,58,芝,1600,稍
2019105496,レッドモンレーヴ,2024-10-19,東京,11,富士S(GII),17,5,9,6.3,3,9,横山和生,57,芝,1600,良
2019105496,レッドモンレーヴ,2024-11-23,東京,11,キャピタルS(L),18,1,1,8.1,5,3,マーカン,58,芝,1600,良
2019105496,レッドモンレーヴ,2024-12-21,京都,11,阪神C(GII),18,8,17,30.9,10,16,岩田望来,58,芝,1400,良
2019105496,レッドモンレーヴ,2025-03-01,中山,11,オーシャンS(GIII),15,1,1,12.3,8,7,田辺裕信,57,芝,1200,良
2019105496,レッドモンレーヴ,2025-05-03,東京,11,京王杯スプリングC(GII),12,7,10,6.5,4,4,ディー,57,芝,1400,良
2019105496,レッドモンレーヴ,2025-06-08,東京,11,安田記念(GI),18,3,5,59.0,12,15,ディー,58,芝,1600,良
2019105496,レッドモンレーヴ,2025-10-13,京都,11,MBS賞スワンS(GII),18,8,18,78.1,15,9,酒井学,57,芝,1400,良
2019105496,レッドモンレーヴ,2025-11-16,東京,11,オーロC(L),18,7,15,6.3,3,2,酒井学,58.5,芝,1400,良
2019105496,レッドモンレーヴ,2026-02-10,東京,11,東京新聞杯(GIII),16,6,11,25.0,10,8,佐々木大,58,芝,1600,良
2019105496,レッドモンレーヴ,2026-03-29,中京,11,高松宮記念(GI),18,3,6,67.0,15,2,酒井学,58,芝,1200,良
2022105475,レディーミコノス,2025-03-09,阪神,5,3歳未勝利,17,8,16,16.2,7,9,今村聖奈,52,芝,1600,良
2022105475,レディーミコノス,2025-05-03,京都,3,3歳未勝利,18,8,18,37.1,9,1,岩田望来,55,芝,1600,稍
2022105475,レディーミコノス,2025-06-29,小倉,9,青島特別(1勝クラス),8,6,6,4.1,2,1,松山弘平,53,芝,1800,良
2022105475,レディーミコノス,2025-10-13,京都,10,堀川特別(2勝クラス),10,5,5,6.8,3,2,岩田望来,54,芝,1800,良
2022105475,レディーミコノス,2025-12-14,中山,9,霞ヶ浦特別(2勝クラス),12,7,9,2.2,1,5,岩田望来,55,芝,1800,稍
2022105475,レディーミコノス,2026-01-05,京都,9,逢坂山特別(2勝クラス),11,6,6,2.7,1,3,岩田望来,55,芝,1800,良
2022105475,レディーミコノス,2026-03-07,阪神,8,4歳以上2勝クラス,10,6,6,1.5,1,1,松山弘平,56,芝,1600,良
2022105475,レディーミコノス,2026-04-26,京都,10,センテニアルパークS(3勝クラス),18,2,4,11.1,4,5,高杉吏麒,54,芝,1800,良
2022105475,レディーミコノス,2026-05-31,東京,10,IFHA杯むらさき賞(3勝クラス),17,8,18,11.5,5,15,松山弘平,54,芝,1800,良
2022105475,レディーミコノス,2026-07-04,小倉,11,博多S(3勝クラス),14,7,11,12.9,3,6,松山弘平,56,芝,1800,稍
2022105475,レディーミコノス,2026-08-22,新潟,6,長岡S(3勝クラス),18,5,9,13.0,5,12,坂井瑠星,53,芝,1600,良
2021107259,レヴィテーション,2023-09-24,中山,4,2歳新馬,16,8,16,25.3,7,7,宮崎北斗,55,ダ,1200,重
2021107259,レヴィテーション,2023-11-19,福島,1,2歳未勝利,16,1,1,6.4,4,4,小林美駒,51,ダ,1150,重
2021107259,レヴィテーション,2023-12-17,中山,1,2歳未勝利,16,5,10,17.9,6,5,小林美駒,51,ダ,1200,良
2021107259,レヴィテーション,2024-02-24,中山,3,3歳未勝利,16,7,14,11.1,6,1,宮崎北斗,55,ダ,1200,稍
2021107259,レヴィテーション,2024-03-17,中山,4,3歳1勝クラス,16,4,7,19.3,5,中,宮崎北斗,55,ダ,1200,良
2021107259,レヴィテーション,2024-06-23,東京,12,3歳以上1勝クラス,16,1,1,21.1,8,3,宮崎北斗,53,ダ,1400,重
2021107259,レヴィテーション,2024-08-31,新潟,8,3歳以上1勝クラス,15,6,11,3.4,2,1,宮崎北斗,54,ダ,1200,稍
2021107259,レヴィテーション,2024-09-28,中山,12,3歳以上2勝クラス,16,1,1,42.1,9,15,宮崎北斗,54,ダ,1200,良
2021107259,レヴィテーション,2025-01-05,中山,12,4歳以上2勝クラス,16,4,8,39.9,8,7,宮崎北斗,56,ダ,1200,良
2021107259,レヴィテーション,2025-02-23,東京,12,大島特別(2勝クラス),14,8,14,38.3,9,9,宮崎北斗,56,ダ,1400,良
2021107259,レヴィテーション,2025-10-25,東京,12,3歳以上2勝クラス,13,7,10,20.5,6,11,原優介,56,ダ,1400,稍
2021107259,レヴィテーション,2025-11-29,京都,8,3歳以上2勝クラス,16,7,14,156.6,14,11,柴田裕一,54,ダ,1200,良
2021107259,レヴィテーション,2026-06-07,東京,10,八王子特別(2勝クラス),16,5,9,237.3,14,12,黛弘人,56,ダ,1400,良
2022107325,レーンアジリティ,2024-08-03,新潟,3,2歳新馬,15,4,7,33.9,8,11,和田竜二,55,ダ,1800,良
2022107325,レーンアジリティ,2024-09-07,中京,1,2歳未勝利,10,1,1,25.2,8,7,幸英明,55,ダ,1400,良
2022107325,レーンアジリティ,2024-09-21,中京,3,2歳未勝利,16,4,8,38.7,7,14,幸英明,55,ダ,1400,良
2022107325,レーンアジリティ,2024-11-24,京都,1,2歳未勝利,16,6,11,19.1,8,1,高杉吏麒,54,ダ,1200,良
2022107325,レーンアジリティ,2024-12-08,京都,6,2歳1勝クラス,10,1,1,79.5,6,7,団野大成,56,ダ,1200,良
2022107325,レーンアジリティ,2025-02-01,京都,7,3歳1勝クラス,8,4,4,39.3,7,3,田口貫太,56,ダ,1200,良
2022107325,レーンアジリティ,2025-02-16,京都,4,3歳1勝クラス,11,3,3,42.9,8,10,田口貫太,56,ダ,1400,稍
2022107325,レーンアジリティ,2025-04-20,阪神,6,3歳1勝クラス,16,5,10,51.5,11,16,高杉吏麒,56,ダ,1200,良
2022107325,レーンアジリティ,2025-08-16,中京,9,3歳以上1勝クラス,16,8,16,72.0,10,16,川須栄彦,56,ダ,1200,良
2022107325,レーンアジリティ,2025-11-15,京都,12,3歳以上1勝クラス,18,7,14,93.4,13,18,松若風馬,57,芝,1600,良
2022107325,レーンアジリティ,2025-12-20,阪神,7,3歳以上1勝クラス,16,4,7,302.7,15,8,和田竜二,57,ダ,1800,良
2022107325,レーンアジリティ,2026-01-11,京都,6,4歳以上1勝クラス,14,1,1,27.6,8,8,高倉稜,57,ダ,1800,良
2022107325,レーンアジリティ,2026-02-01,京都,7,4歳以上1勝クラス,9,4,4,7.2,3,3,高倉稜,57,ダ,1800,良
2022107325,レーンアジリティ,2026-02-28,阪神,6,4歳以上1勝クラス,13,5,7,13.8,5,8,高倉稜,57,ダ,1800,良
2022107325,レーンアジリティ,2026-03-22,阪神,8,4歳以上1勝クラス,10,3,3,14.4,5,2,斎藤新,58,ダ,1800,良
2022107325,レーンアジリティ,2026-04-19,阪神,8,4歳以上1勝クラス,11,2,2,18.5,8,5,高倉稜,58,ダ,1800,良
2022107325,レーンアジリティ,2026-07-18,小倉,12,3歳以上1勝クラス,14,2,2,65.6,10,12,高倉稜,58,ダ,1700,稍
2022107325,レーンアジリティ,2026-08-08,中京,8,恵那特別(1勝クラス),12,4,4,39.4,7,10,高倉稜,58,ダ,1800,良
2021105552,ロジルーラー,2023-06-24,東京,5,2歳新馬,11,8,10,13.3,4,5,戸崎圭太,55,芝,1800,良
2021105552,ロジルーラー,2023-07-16,福島,2,2歳未勝利,13,7,11,3.1,1,1,戸崎圭太,55,芝,1800,良
2021105552,ロジルーラー,2023-09-02,札幌,11,札幌2歳S(GIII),10,8,10,33.5,7,7,菅原明良,55,芝,1800,稍
2021105552,ロジルーラー,2023-12-02,中山,9,葉牡丹賞(1勝クラス),9,3,3,52.0,8,5,松岡正海,56,芝,2000,良
2021105552,ロジルーラー,2024-01-14,中山,11,京成杯(GIII),14,3,5,,,取,松岡正海,57,芝,2000,良
2021105552,ロジルーラー,2024-03-30,中山,9,山吹賞(1勝クラス),14,7,11,22.8,8,10,松岡正海,57,芝,2200,稍
2021105552,ロジルーラー,2024-04-27,東京,11,テレビ東京杯青葉賞(GII),17,2,4,491.1,17,17,大野拓弥,57,芝,2400,良
2021105552,ロジルーラー,2024-08-10,札幌,9,石狩特別(1勝クラス),13,7,11,12.4,5,7,永野猛蔵,55,芝,1800,良
2021105552,ロジルーラー,2025-07-05,福島,9,伊達特別(1勝クラス),10,7,8,43.8,8,7,丸山元気,58,芝,2000,良
2021105552,ロジルーラー,2025-08-10,新潟,11,3歳以上1勝クラス,14,5,7,40.9,9,5,丸山元気,58,芝,2000,重
2021105552,ロジルーラー,2025-10-18,新潟,7,3歳以上1勝クラス,18,8,18,50.6,13,11,丸山元気,58,芝,1800,良
2021105552,ロジルーラー,2026-01-10,中山,6,4歳以上1勝クラス,16,2,4,26.0,9,11,松岡正海,58,ダ,1800,良
2021105552,ロジルーラー,2026-04-04,中山,8,4歳以上1勝クラス,11,2,2,33.7,9,9,松岡正海,58,ダ,1800,重
2021105552,ロジルーラー,2026-04-25,福島,8,4歳以上1勝クラス,15,5,8,86.0,11,15,丸山元気,58,ダ,1700,良
2024105019,ロゼハイスクール,2026-07-04,函館,5,2歳新馬,5,4,4,10.2,4,5,古川奈穂,53,ダ,1000,良
2024105019,ロゼハイスクール,2026-07-11,函館,1,2歳未勝利,10,7,9,108.7,10,9,古川奈穂,53,ダ,1000,稍
2024105019,ロゼハイスクール,2026-08-29,札幌,2,2歳未勝利,13,2,2,193.9,11,13,古川奈穂,53,芝,1500,稍
2023106995,ロングトールサリー,2025-11-16,京都,5,2歳新馬,9,2,2,2.5,2,2,武豊,55,芝,2000,良
2023106995,ロングトールサリー,2025-12-06,中京,5,2歳未勝利,14,5,8,1.9,1,2,ジェルー,55,芝,2000,良
2023106995,ロングトールサリー,2026-02-22,阪神,5,3歳未勝利,13,8,13,1.5,1,1,西村淳也,55,芝,2000,良
2023106995,ロングトールサリー,2026-04-18,阪神,5,3歳1勝クラス,5,5,5,,,取,レーン,55,芝,2000,良
2023106995,ロングトールサリー,2026-05-02,京都,9,矢車賞(1勝クラス),9,1,1,2.5,1,7,川田将雅,55,芝,2200,良
2023106995,ロングトールサリー,2026-05-24,東京,11,優駿牝馬(GI),18,2,4,260.5,14,11,戸崎圭太,55,芝,2400,良
2023106995,ロングトールサリー,2026-07-19,小倉,12,筑紫特別(1勝クラス),9,4,4,2.4,2,3,西村淳也,53,芝,1800,良
2022105977,ロートホルン,2024-08-25,札幌,5,2歳新馬,12,2,2,5.5,2,6,ルメール,55,芝,1800,良
2022105977,ロートホルン,2024-11-17,東京,2,2歳未勝利,17,2,3,29.8,10,1,三浦皇成,55,芝,1800,良
2022105977,ロートホルン,2025-02-15,東京,11,デイリー杯クイーンC(GIII),14,4,5,12.7,5,7,横山武史,55,芝,1600,良
2022105977,ロートホルン,2025-04-27,東京,11,サンスポ賞フローラS(GII),18,1,2,12.8,6,6,横山武史,55,芝,2000,良
2022105977,ロートホルン,2025-07-13,函館,7,3歳以上1勝クラス,14,1,1,1.8,1,1,横山武史,53,芝,1800,良
2022105977,ロートホルン,2025-09-07,中山,11,紫苑S(GII),13,5,6,11.8,5,中,横山典弘,55,芝,2000,良
2022105977,ロートホルン,2025-11-24,福島,10,五色沼特別(2勝クラス),16,6,11,2.8,1,16,横山武史,54,芝,1800,良
2022105977,ロートホルン,2026-03-14,中山,9,房総特別(2勝クラス),10,8,10,9.4,4,8,三浦皇成,56,芝,2000,良
2022105977,ロートホルン,2026-07-19,函館,9,かもめ島特別(2勝クラス),13,5,6,11.7,4,3,斎藤新,56,芝,1800,重
2023105786,ロードアマルフィ,2025-07-26,札幌,5,2歳新馬,13,6,8,5.2,3,4,鮫島克駿,55,ダ,1700,良
2023105786,ロードアマルフィ,2025-08-10,札幌,1,2歳未勝利,14,4,6,5.5,4,12,横山和生,55,ダ,1700,稍
2023105786,ロードアマルフィ,2025-11-02,京都,1,2歳未勝利,15,8,15,2.9,1,3,岩田望来,56,ダ,1800,稍
2023105786,ロードアマルフィ,2025-11-22,福島,3,2歳未勝利,15,3,5,3.0,2,2,丹内祐次,56,ダ,1700,良
2023105786,ロードアマルフィ,2026-01-25,小倉,6,3歳未勝利,11,6,7,1.5,1,2,丹内祐次,57,ダ,1700,良
2023105786,ロードアマルフィ,2026-02-15,小倉,1,3歳未勝利,16,6,12,1.4,1,2,丹内祐次,57,ダ,1700,稍
2023105786,ロードアマルフィ,2026-03-01,小倉,1,3歳未勝利,15,7,14,1.9,1,3,丹内祐次,57,ダ,1700,稍
2023105786,ロードアマルフィ,2026-03-28,阪神,2,3歳未勝利,11,7,9,1.5,1,1,吉村誠之,57,ダ,1800,稍
2023105786,ロードアマルフィ,2026-04-25,京都,7,3歳1勝クラス,14,3,3,5.9,3,3,吉村誠之,57,ダ,1800,稍
2023105786,ロードアマルフィ,2026-05-17,京都,6,3歳1勝クラス,16,7,14,5.1,3,5,団野大成,57,ダ,1800,良
2023105786,ロードアマルフィ,2026-08-02,札幌,6,3歳以上1勝クラス,10,3,3,4.9,2,4,石川倭,55,ダ,1700,良
2023105786,ロードアマルフィ,2026-08-15,札幌,8,3歳以上1勝クラス,11,7,9,2.6,1,1,石川倭,55,ダ,1700,良
2023105821,ロードヴェリタス,2026-01-12,京都,4,3歳新馬,16,5,9,8.1,5,7,坂井瑠星,57,ダ,1800,良
2023105821,ロードヴェリタス,2026-01-25,京都,2,3歳未勝利,16,5,10,8.6,5,8,坂井瑠星,57,ダ,1900,良
2023105821,ロードヴェリタス,2026-02-14,京都,3,3歳未勝利,11,6,7,10.4,5,3,西塚洸二,57,ダ,1900,稍
2023105821,ロードヴェリタス,2026-03-08,阪神,1,3歳未勝利,12,5,6,4.9,3,2,西塚洸二,57,ダ,1800,良
2023105821,ロードヴェリタス,2026-06-07,阪神,3,3歳未勝利,16,1,2,2.9,1,1,西塚洸二,57,ダ,1800,良
2023105821,ロードヴェリタス,2026-06-20,阪神,8,3歳以上1勝クラス,16,2,3,17.0,8,6,西塚洸二,55,ダ,1800,稍
2018103560,ワザモノ,2020-10-17,新潟,5,2歳新馬,18,6,12,13.7,7,4,黛弘人,55,芝,1400,良
2018103560,ワザモノ,2020-11-08,東京,2,2歳未勝利,17,8,18,12.2,3,1,黛弘人,55,芝,1400,良
2018103560,ワザモノ,2020-12-19,中山,9,ひいらぎ賞(1勝クラス),12,2,2,16.6,6,2,黛弘人,55,芝,1600,良
2018103560,ワザモノ,2021-01-10,中京,11,日刊スポシンザン記念(GIII),15,8,14,97.7,13,8,黛弘人,56,芝,1600,良
2018103560,ワザモノ,2021-03-07,中山,6,3歳1勝クラス,11,5,5,5.5,3,1,Ｍ．デム,56,芝,1600,良
2018103560,ワザモノ,2021-04-10,中山,11,ニュージーランドT(GII),16,2,4,33.1,9,7,黛弘人,56,芝,1600,良
2018103560,ワザモノ,2021-05-09,中京,10,橘S(L),13,7,10,9.3,6,5,丸田恭介,56,芝,1400,良
2018103560,ワザモノ,2021-07-04,福島,11,ラジオNIKKEI賞(GIII),16,7,13,77.5,16,11,柴田善臣,53,芝,1800,稍
2018103560,ワザモノ,2021-09-26,中山,9,木更津特別(2勝クラス),13,5,6,7.6,4,4,黛弘人,55,芝,1600,良
2018103560,ワザモノ,2021-10-23,新潟,12,寺泊特別(2勝クラス),11,6,7,8.4,5,8,亀田温心,55,芝,1600,稍
2018103560,ワザモノ,2021-12-12,中山,12,3歳以上2勝クラス,13,5,7,3.8,2,2,田辺裕信,56,芝,1600,良
2018103560,ワザモノ,2021-12-25,中山,12,クリスマスC(2勝クラス),16,6,12,29.5,8,7,黛弘人,56,芝,1600,稍
2018103560,ワザモノ,2022-01-23,中京,10,賢島特別(2勝クラス),12,4,4,4.8,2,10,松山弘平,55,芝,1400,良
2018103560,ワザモノ,2022-05-01,東京,8,4歳以上2勝クラス,10,2,2,22.2,6,6,石川裕紀,57,芝,1600,稍
2018103560,ワザモノ,2022-05-21,東京,10,高尾特別(2勝クラス),10,7,8,6.1,4,4,ルメール,57,芝,1400,稍
2018103560,ワザモノ,2022-07-31,札幌,10,札幌道新スポーツ賞(2勝クラス),9,4,4,15.5,5,3,黛弘人,55,芝,1500,良
2018103560,ワザモノ,2022-08-13,札幌,10,羊ヶ丘特別(2勝クラス),14,2,2,12.6,6,6,黛弘人,57,芝,1500,良
2018103560,ワザモノ,2023-03-05,中山,8,4歳以上2勝クラス,15,2,3,14.5,7,8,Ｍ．デム,58,芝,1600,良
2018103560,ワザモノ,2023-04-02,中山,10,両国特別(2勝クラス),9,5,5,12.3,4,4,Ｍ．デム,58,芝,1600,良
2018103560,ワザモノ,2023-06-10,東京,10,芦ノ湖特別(2勝クラス),10,1,1,22.8,7,9,Ｍ．デム,58,芝,1600,良
2018103560,ワザモノ,2024-05-25,東京,10,葉山特別(2勝クラス),14,7,12,214.8,13,8,黛弘人,58,芝,1600,良
2018103560,ワザモノ,2024-07-20,福島,10,白河特別(2勝クラス),16,7,14,41.8,10,2,菅原明良,58,芝,1800,良
2018103560,ワザモノ,2024-09-08,中山,9,白井特別(2勝クラス),9,6,6,9.0,5,7,武豊,58,芝,1800,良
2018103560,ワザモノ,2024-10-06,新潟,10,寺泊特別(2勝クラス),8,2,2,11.2,5,4,小林勝太,58,芝,1600,良
2018103560,ワザモノ,2024-11-23,東京,12,3歳以上2勝クラス,14,4,5,38.0,7,2,岩田望来,58,芝,1600,良
2018103560,ワザモノ,2025-01-25,中山,9,東雲賞(2勝クラス),10,4,4,6.2,4,7,ルメール,58,芝,1600,良
2018103560,ワザモノ,2025-03-09,中山,8,4歳以上2勝クラス,16,6,12,17.3,7,8,鮫島克駿,58,芝,1600,稍
2018103560,ワザモノ,2025-05-31,東京,10,葉山特別(2勝クラス),16,7,14,52.6,13,11,木幡巧也,58,芝,1600,重
2018103560,ワザモノ,2025-07-06,福島,10,白河特別(2勝クラス),16,5,9,22.1,7,3,菅原明良,58,芝,1800,良
2018103560,ワザモノ,2025-08-30,札幌,11,札幌日刊スポーツ杯(2勝クラス),14,4,5,62.0,10,4,黛弘人,58,芝,2000,稍
2018103560,ワザモノ,2025-11-16,東京,8,3歳以上2勝クラス,13,3,3,100.8,10,7,団野大成,58,芝,1800,良
2018103560,ワザモノ,2025-12-14,中山,9,霞ヶ浦特別(2勝クラス),12,2,2,56.0,10,8,団野大成,58,芝,1800,稍
2018103560,ワザモノ,2026-02-28,小倉,11,別府特別(2勝クラス),15,7,12,106.1,15,2,黛弘人,58,芝,2000,稍
2018103560,ワザモノ,2026-03-28,中山,8,4歳以上2勝クラス,12,7,9,35.4,9,8,黛弘人,58,芝,2000,稍
2018103560,ワザモノ,2026-05-17,新潟,10,信濃川特別(2勝クラス),16,4,7,53.5,13,7,黛弘人,58,芝,2000,良
2018103560,ワザモノ,2026-07-05,福島,10,白河特別(2勝クラス),12,1,1,13.6,4,2,菊沢一樹,58,芝,1800,良
2018103560,ワザモノ,2026-08-23,札幌,12,オールスターJ第4戦(2勝クラス),14,8,14,8.4,5,3,岩田望来,58,芝,1800,良
2021102462,ワークソング,2024-01-20,中山,3,3歳新馬,16,6,12,7.4,4,4,ピーヒュ,57,ダ,1200,良
2021102462,ワークソング,2024-02-04,京都,2,3歳未勝利,11,7,8,6.5,4,5,Ｍ．デム,57,ダ,1200,良
2021102462,ワークソング,2024-03-16,阪神,3,3歳未勝利,16,2,3,5.5,3,5,Ｍ．デム,57,ダ,1200,良
2021102462,ワークソング,2024-04-21,福島,1,3歳未勝利,16,8,15,6.2,3,1,古川奈穂,53,ダ,1150,良
2021102462,ワークソング,2024-05-04,京都,6,3歳1勝クラス,14,2,2,45.7,10,10,古川奈穂,53,ダ,1200,良
2021102462,ワークソング,2024-08-25,中京,12,3歳以上1勝クラス,15,7,12,64.3,10,4,西村淳也,56,ダ,1200,良
2021102462,ワークソング,2024-09-15,中京,7,3歳以上1勝クラス,13,5,7,9.3,4,5,西村淳也,56,ダ,1200,重
2021102462,ワークソング,2024-10-05,新潟,8,3歳以上1勝クラス,15,5,9,7.1,3,1,柴田裕一,54,ダ,1200,重
2021102462,ワークソング,2024-12-01,中山,12,3歳以上2勝クラス,16,3,5,26.1,9,6,松岡正海,57,ダ,1200,良
2021102462,ワークソング,2025-01-18,中山,8,4歳以上2勝クラス,16,3,6,11.0,5,14,柴田裕一,55,ダ,1200,良
2021102462,ワークソング,2025-04-12,福島,10,喜多方特別(2勝クラス),16,6,12,11.2,4,2,国分恭介,58,ダ,1150,良
2021102462,ワークソング,2025-06-01,京都,8,4歳以上2勝クラス,16,2,4,12.6,6,7,国分恭介,58,ダ,1200,良
2021102462,ワークソング,2025-07-19,福島,10,米沢特別(2勝クラス),16,2,3,8.6,4,1,三浦皇成,58,ダ,1150,良
2021102462,ワークソング,2025-08-16,新潟,7,上越S(3勝クラス),15,1,1,36.7,8,4,三浦皇成,58,ダ,1200,良
2021102462,ワークソング,2025-11-15,福島,11,フルーツラインC(3勝クラス),16,7,13,5.9,2,4,国分恭介,58,ダ,1150,良
2021102462,ワークソング,2025-12-28,中山,10,フェアウェルS(3勝クラス),16,5,9,8.3,3,13,マーカン,58,ダ,1200,良
2021102462,ワークソング,2026-04-25,福島,11,福島中央テレビ杯(3勝クラス),11,5,6,5.3,2,3,国分恭介,58,ダ,1150,良
2021102462,ワークソング,2026-05-17,東京,12,BSイレブン賞(3勝クラス),16,5,9,57.8,11,10,ディー,58,ダ,1400,良
2021102462,ワークソング,2026-08-15,新潟,7,上越S(3勝クラス),15,3,5,14.8,8,6,三浦皇成,58,ダ,1200,良
2022104764,ヴァルキリーバース,2024-06-23,東京,5,2歳新馬,13,5,6,3.7,2,4,三浦皇成,55,芝,1600,稍
2022104764,ヴァルキリーバース,2024-09-01,新潟,2,2歳未勝利,11,7,8,2.0,1,1,ルメール,55,芝,2000,良
2022104764,ヴァルキリーバース,2025-02-22,東京,9,フリージア賞(1勝クラス),9,4,4,11.3,4,1,横山武史,55,芝,2000,良
2022104764,ヴァルキリーバース,2025-04-27,東京,11,サンスポ賞フローラS(GII),18,6,12,3.1,1,2,ルメール,55,芝,2000,良
2022104764,ヴァルキリーバース,2026-03-15,中山,10,東風S(L),16,3,5,7.8,4,1,ルメール,55,芝,1600,良
2022104764,ヴァルキリーバース,2026-06-21,東京,11,府中牝馬S(GIII),16,3,6,3.3,1,14,ルメール,55.5,芝,1800,稍
2021101595,ヴィヴァクラウン,2023-07-09,函館,5,2歳新馬,9,4,4,13.4,4,4,浜中俊,55,芝,1800,良
2021101595,ヴィヴァクラウン,2023-07-29,札幌,1,2歳未勝利,9,7,7,24.7,7,3,浜中俊,55,芝,1800,良
2021101595,ヴィヴァクラウン,2023-08-12,札幌,1,2歳未勝利,9,3,3,7.1,4,4,浜中俊,55,芝,1800,良
2021101595,ヴィヴァクラウン,2023-10-22,東京,2,2歳未勝利,11,7,8,13.6,5,3,大野拓弥,56,芝,1600,良
2021101595,ヴィヴァクラウン,2023-11-05,東京,4,2歳未勝利,6,1,1,12.4,3,4,大野拓弥,56,芝,1800,良
2021101595,ヴィヴァクラウン,2023-11-26,東京,4,2歳未勝利,14,2,2,54.5,7,7,大野拓弥,56,芝,2000,良
2021101595,ヴィヴァクラウン,2024-01-07,中山,5,3歳未勝利,16,8,15,28.0,9,3,大野拓弥,57,芝,1600,良
2021101595,ヴィヴァクラウン,2024-02-24,中山,7,3歳1勝クラス,11,8,10,4.7,2,3,大野拓弥,57,芝,1600,稍
2021101595,ヴィヴァクラウン,2024-03-17,中山,5,3歳未勝利,16,5,9,4.3,3,4,大野拓弥,57,芝,1600,良
2021101595,ヴィヴァクラウン,2024-04-13,福島,2,3歳未勝利,16,4,7,3.0,2,2,吉田隼人,57,芝,1200,良
2021101595,ヴィヴァクラウン,2024-04-28,東京,4,3歳未勝利,18,4,8,3.4,1,2,田辺裕信,57,芝,1400,良
2021101595,ヴィヴァクラウン,2024-05-25,東京,3,3歳未勝利,18,3,5,3.4,2,7,大野拓弥,57,芝,1400,良
2021101595,ヴィヴァクラウン,2024-06-22,函館,3,3歳未勝利,16,1,2,5.7,3,1,大野拓弥,57,芝,1200,良
2021101595,ヴィヴァクラウン,2024-08-03,札幌,9,旭川特別(1勝クラス),14,3,4,15.9,5,13,大野拓弥,55,芝,1500,良
2021101595,ヴィヴァクラウン,2025-10-18,東京,7,3歳以上1勝クラス,17,8,15,122.3,14,14,木幡巧也,58,芝,1400,良
2021101595,ヴィヴァクラウン,2025-11-09,福島,12,3歳以上1勝クラス,16,3,5,31.4,7,5,佐藤翔馬,55,芝,1200,良
2021101595,ヴィヴァクラウン,2025-11-22,福島,12,3歳以上1勝クラス,16,1,1,49.6,13,12,木幡巧也,58,芝,1200,良
2021101595,ヴィヴァクラウン,2026-01-25,小倉,9,八幡特別(1勝クラス),16,6,11,51.1,10,10,水沼元輝,58,芝,1200,良
2021101595,ヴィヴァクラウン,2026-03-01,小倉,7,4歳以上1勝クラス,18,3,6,24.8,10,1,舟山瑠泉,55,芝,1200,良
2021101595,ヴィヴァクラウン,2026-03-29,中山,12,4歳以上2勝クラス,11,6,6,6.8,4,9,舟山瑠泉,55,芝,1200,良
2021101595,ヴィヴァクラウン,2026-04-18,中山,9,袖ケ浦特別(2勝クラス),12,7,10,48.4,9,6,大野拓弥,58,芝,1200,良
2021101595,ヴィヴァクラウン,2026-06-14,函館,11,函館日刊スポーツ杯(2勝クラス),16,7,13,20.6,9,3,横山琉人,58,芝,1200,良
2021101595,ヴィヴァクラウン,2026-06-28,函館,12,湯の川温泉特別(2勝クラス),14,4,6,8.9,5,6,大野拓弥,58,芝,1200,良
2021101595,ヴィヴァクラウン,2026-07-11,函館,10,HTB杯(2勝クラス),14,7,12,6.8,3,7,横山武史,58,芝,1200,稍
2021101595,ヴィヴァクラウン,2026-08-22,札幌,10,オールスターJ第1戦(2勝クラス),14,8,14,18.0,8,11,フーリー,58,芝,1200,良
