stem,race_id,距離,馬場種別,馬場,天候,頭数,レース名,等級
2025-01-05_中京09R_鶴舞特別,202507010109,2200,芝,良,晴,11,鶴舞特別,
2025-01-05_中京10R_門松S,202507010110,1200,ダ,良,晴,16,門松S,
2025-01-05_中京11R_京都金杯,202507010111,1600,芝,良,晴,16,京都金杯,
2025-01-05_中京12R_4歳以上1勝クラス,202507010112,1600,芝,良,晴,16,4歳以上1勝クラス,
2025-01-05_中山09R_招福S,202506010109,1800,ダ,良,晴,16,招福S,
2025-01-05_中山10R_ジュニアC,202506010110,1600,芝,良,曇,15,ジュニアC,
2025-01-05_中山11R_中山金杯,202506010111,2000,芝,良,曇,18,中山金杯,
2025-01-05_中山12R_4歳以上2勝クラス,202506010112,1200,ダ,良,晴,16,4歳以上2勝クラス,
2025-01-06_中京09R_天竜川特別,202507010209,1800,ダ,良,雨,16,天竜川特別,
2025-01-06_中京10R_寿S,202507010210,2000,芝,稍,雨,18,寿S,
2025-01-06_中京11R_万葉S,202507010211,3000,芝,稍,雨,17,万葉S,
2025-01-06_中京12R_4歳以上2勝クラス,202507010212,1600,芝,重,雨,16,4歳以上2勝クラス,
2025-01-06_中山09R_初茜賞,202506010209,1800,ダ,良,曇,16,初茜賞,
2025-01-06_中山10R_初日の出賞,202506010210,2000,芝,良,曇,15,初日の出賞,
2025-01-06_中山11R_サンライズS,202506010211,1200,芝,良,曇,16,サンライズS,
2025-01-06_中山12R_4歳以上1勝クラス,202506010212,1800,ダ,良,小雨,16,4歳以上1勝クラス,
2025-01-11_中京09R_渥美特別,202507010309,2000,芝,良,晴,13,渥美特別,
2025-01-11_中京10R_恵那特別,202507010310,1800,ダ,良,晴,16,恵那特別,
2025-01-11_中京11R_すばるS,202507010311,1400,ダ,良,晴,16,すばるS,
2025-01-11_中京12R_3歳未勝利,202507010312,1600,芝,良,晴,16,3歳未勝利,
2025-01-11_中山09R_黒竹賞,202506010309,1800,ダ,稍,晴,14,黒竹賞,
2025-01-11_中山10R_初凪賞,202506010310,1800,ダ,稍,晴,16,初凪賞,
2025-01-11_中山11R_迎春S,202506010311,2200,芝,良,晴,13,迎春S,
2025-01-11_中山12R_4歳以上2勝クラス,202506010312,1600,芝,良,晴,10,4歳以上2勝クラス,
2025-01-12_中京09R_天白川特別,202507010409,1900,ダ,良,曇,16,天白川特別,
2025-01-12_中京10R_新春S,202507010410,1600,芝,良,曇,16,新春S,
2025-01-12_中京11R_淀短距離S,202507010411,1200,芝,良,曇,18,淀短距離S,
2025-01-12_中京12R_4歳以上1勝クラス,202507010412,1400,芝,良,曇,18,4歳以上1勝クラス,
2025-01-12_中山09R_初咲賞,202506010409,2200,芝,良,曇,14,初咲賞,
2025-01-12_中山10R_ポルックスS,202506010410,1800,ダ,良,曇,16,ポルックスS,
2025-01-12_中山11R_フェアリーS,202506010411,1600,芝,良,曇,16,フェアリーS,
2025-01-12_中山12R_4歳以上2勝クラス,202506010412,1200,ダ,良,曇,16,4歳以上2勝クラス,
2025-01-13_中京09R_鳥羽特別,202507010509,1400,ダ,良,晴,16,鳥羽特別,
2025-01-13_中京10R_雅S,202507010510,1800,ダ,良,晴,16,雅S,
2025-01-13_中京11R_シンザン記念,202507010511,1600,芝,良,晴,15,シンザン記念,
2025-01-13_中京12R_4歳以上2勝クラス,202507010512,1200,芝,良,晴,14,4歳以上2勝クラス,
2025-01-13_中山09R_成田特別,202506010509,2400,ダ,良,晴,16,成田特別,
2025-01-13_中山10R_初春S,202506010510,1200,ダ,良,晴,16,初春S,
2025-01-13_中山11R_ニューイヤーS,202506010511,1600,芝,良,晴,16,ニューイヤーS,
2025-01-13_中山12R_4歳以上1勝クラス,202506010512,1600,芝,良,晴,16,4歳以上1勝クラス,
2025-01-18_中京09R_濃尾特別,202507010609,1800,ダ,良,晴,16,濃尾特別,
2025-01-18_中京10R_紅梅S,202507010610,1400,芝,良,晴,12,紅梅S,
2025-01-18_中京11R_遠江S,202507010611,1400,ダ,良,晴,16,遠江S,
2025-01-18_中京12R_4歳以上2勝クラス,202507010612,1600,芝,良,晴,13,4歳以上2勝クラス,
2025-01-18_中山09R_菜の花賞,202506010609,1600,芝,良,晴,16,菜の花賞,
2025-01-18_中山10R_アレキサンドライトS,202506010610,1800,ダ,良,晴,16,アレキサンドライトS,
2025-01-18_中山11R_カーバンクルS,202506010611,1200,芝,良,晴,16,カーバンクルS,
2025-01-18_中山12R_4歳以上1勝クラス,202506010612,2000,芝,良,晴,16,4歳以上1勝クラス,
2025-01-19_中京09R_西尾特別,202507010709,2000,芝,良,晴,11,西尾特別,
2025-01-19_中京10R_豊川特別,202507010710,1200,ダ,良,晴,16,豊川特別,
2025-01-19_中京11R_日経新春杯,202507010711,2200,芝,良,晴,16,日経新春杯,
2025-01-19_中京12R_4歳以上1勝クラス,202507010712,1600,芝,良,晴,16,4歳以上1勝クラス,
2025-01-19_中山09R_若潮S,202506010709,1600,芝,良,曇,12,若潮S,
2025-01-19_中山10R_ジャニュアリーS,202506010710,1200,ダ,良,曇,16,ジャニュアリーS,
2025-01-19_中山11R_京成杯,202506010711,2000,芝,良,小雨,14,京成杯,
2025-01-19_中山12R_3歳未勝利,202506010712,1600,芝,良,小雨,16,3歳未勝利,
2025-01-25_中京09R_若駒S,202507010809,2000,芝,良,晴,10,若駒S,
2025-01-25_中京10R_刈谷特別,202507010810,1800,ダ,良,晴,13,刈谷特別,
2025-01-25_中京11R_瀬戸S,202507010811,1900,ダ,良,晴,14,瀬戸S,
2025-01-25_中京12R_4歳以上1勝クラス,202507010812,2000,芝,良,晴,12,4歳以上1勝クラス,
2025-01-25_中山09R_東雲賞,202506010809,1600,芝,良,曇,10,東雲賞,
2025-01-25_中山10R_初霞賞,202506010810,1800,ダ,良,曇,13,初霞賞,
2025-01-25_中山11R_初富士S,202506010811,2000,芝,良,晴,17,初富士S,
2025-01-25_中山12R_3歳未勝利,202506010812,1600,芝,良,晴,16,3歳未勝利,
2025-01-25_小倉09R_萌黄賞,202510010109,1200,芝,良,晴,12,萌黄賞,
2025-01-25_小倉10R_企救丘特別,202510010110,1700,ダ,良,晴,16,企救丘特別,
2025-01-25_小倉11R_小倉牝馬S,202510010111,2000,芝,良,晴,18,小倉牝馬S,
2025-01-25_小倉12R_4歳以上1勝クラス,202510010112,1800,芝,良,晴,16,4歳以上1勝クラス,
2025-01-26_中京09R_茶臼山高原特別,202507010909,2000,芝,良,晴,9,茶臼山高原特別,
2025-01-26_中京10R_トリトンS,202507010910,1400,芝,良,晴,14,トリトンS,
2025-01-26_中京11R_プロキオンS,202507010911,1800,ダ,良,晴,16,プロキオンS,
2025-01-26_中京12R_4歳以上2勝クラス,202507010912,1400,芝,良,晴,13,4歳以上2勝クラス,
2025-01-26_中山09R_若竹賞,202506010909,1800,芝,良,晴,11,若竹賞,
2025-01-26_中山10R_江戸川S,202506010910,1200,ダ,良,晴,15,江戸川S,
2025-01-26_中山11R_AJCC,202506010911,2200,芝,良,晴,18,AJCC,
2025-01-26_中山12R_4歳以上1勝クラス,202506010912,1600,芝,良,晴,14,4歳以上1勝クラス,
2025-01-26_小倉09R_八幡特別,202510010209,1200,芝,良,晴,18,八幡特別,
2025-01-26_小倉10R_海の中道特別,202510010210,2600,芝,良,晴,16,海の中道特別,
2025-01-26_小倉11R_壇之浦S,202510010211,1800,芝,良,晴,12,壇之浦S,
2025-01-26_小倉12R_4歳以上1勝クラス,202510010212,1700,ダ,良,晴,11,4歳以上1勝クラス,
2025-02-01_京都09R_白梅賞,202508010109,1600,芝,良,曇,8,白梅賞,
2025-02-01_京都10R_許波多特別,202508010110,2400,芝,良,曇,10,許波多特別,
2025-02-01_京都11R_舞鶴S,202508010111,1800,ダ,良,曇,12,舞鶴S,
2025-02-01_京都12R_4歳以上2勝クラス,202508010112,1600,芝,良,曇,8,4歳以上2勝クラス,
2025-02-01_小倉09R_平尾台特別,202510010309,1700,ダ,稍,雨,16,平尾台特別,
2025-02-01_小倉10R_有田特別,202510010310,1000,ダ,重,雨,14,有田特別,
2025-02-01_小倉11R_巌流島S,202510010311,1200,芝,重,雨,18,巌流島S,
2025-02-01_小倉12R_4歳以上1勝クラス,202510010312,1200,芝,重,雨,18,4歳以上1勝クラス,
2025-02-01_東京09R_白嶺S,202505010109,1600,ダ,良,晴,16,白嶺S,
2025-02-01_東京10R_クロッカスS,202505010110,1400,芝,良,晴,7,クロッカスS,
2025-02-01_東京11R_白富士S,202505010111,2000,芝,良,曇,13,白富士S,
2025-02-01_東京12R_4歳以上1勝クラス,202505010112,1800,芝,良,曇,16,4歳以上1勝クラス,
2025-02-02_京都09R_天ケ瀬特別,202508010209,1800,ダ,稍,曇,10,天ケ瀬特別,
2025-02-02_京都10R_八坂S,202508010210,2200,芝,稍,曇,7,八坂S,
2025-02-02_京都11R_シルクロードS,202508010211,1200,芝,稍,曇,17,シルクロードS,
2025-02-02_京都12R_4歳以上1勝クラス,202508010212,1400,芝,稍,曇,18,4歳以上1勝クラス,
2025-02-02_小倉09R_戸畑特別,202510010409,2000,芝,稍,晴,16,戸畑特別,
2025-02-02_小倉10R_周防灘特別,202510010410,1200,芝,稍,曇,18,周防灘特別,
2025-02-02_小倉11R_門司S,202510010411,1700,ダ,重,曇,16,門司S,
2025-02-02_小倉12R_4歳以上1勝クラス,202510010412,1200,芝,稍,曇,18,4歳以上1勝クラス,
2025-02-02_東京09R_セントポーリア賞,202505010209,1800,芝,良,小雨,13,セントポーリア賞,
2025-02-02_東京10R_節分S,202505010210,1400,芝,良,曇,11,節分S,
2025-02-02_東京11R_根岸S,202505010211,1400,ダ,稍,曇,16,根岸S,
2025-02-02_東京12R_4歳以上2勝クラス,202505010212,2000,芝,良,曇,10,4歳以上2勝クラス,
2025-02-08_小倉09R_足立山特別,202510010509,2600,芝,稍,曇,14,足立山特別,
2025-02-08_小倉10R_RKB賞,202510010510,2000,芝,稍,曇,16,RKB賞,
2025-02-08_小倉11R_豊前S,202510010511,1700,ダ,稍,曇,15,豊前S,
2025-02-08_小倉12R_4歳以上1勝クラス,202510010512,1200,芝,稍,曇,18,4歳以上1勝クラス,
2025-02-08_東京09R_春菜賞,202505010309,1400,芝,良,晴,16,春菜賞,
2025-02-08_東京10R_テレビ山梨杯,202505010310,1400,芝,良,晴,13,テレビ山梨杯,
2025-02-08_東京11R_早春S,202505010311,2400,芝,良,晴,14,早春S,
2025-02-08_東京12R_4歳以上1勝クラス,202505010312,1300,ダ,良,晴,16,4歳以上1勝クラス,
2025-02-09_京都09R_斑鳩S,202508010409,1600,芝,稍,晴,14,斑鳩S,
2025-02-09_京都10R_令月S,202508010410,1200,ダ,稍,晴,16,令月S,
2025-02-09_京都11R_きさらぎ賞,202508010411,1800,芝,稍,晴,10,きさらぎ賞,
2025-02-09_京都12R_4歳以上2勝クラス,202508010412,1200,ダ,稍,晴,16,4歳以上2勝クラス,
2025-02-09_小倉09R_かささぎ賞,202510010609,1200,芝,稍,晴,16,かささぎ賞,
2025-02-09_小倉10R_由布院特別,202510010610,1700,ダ,稍,晴,16,由布院特別,
2025-02-09_小倉11R_小倉日経賞,202510010611,2000,芝,稍,晴,11,小倉日経賞,
2025-02-09_小倉12R_4歳以上1勝クラス,202510010612,1200,芝,稍,晴,18,4歳以上1勝クラス,
2025-02-09_東京09R_ゆりかもめ賞,202505010409,2400,芝,良,晴,11,ゆりかもめ賞,
2025-02-09_東京10R_初音S,202505010410,1800,芝,良,晴,16,初音S,
2025-02-09_東京11R_東京新聞杯,202505010411,1600,芝,良,晴,16,東京新聞杯,
2025-02-09_東京12R_4歳以上1勝クラス,202505010412,1600,ダ,良,晴,16,4歳以上1勝クラス,
2025-02-10_京都09R_橿原S,202508010309,1200,ダ,良,晴,13,橿原S,
2025-02-10_京都10R_エルフィンS,202508010310,1600,芝,良,晴,10,エルフィンS,
2025-02-10_京都11R_アルデバランS,202508010311,1900,ダ,良,晴,16,アルデバランS,
2025-02-10_京都12R_4歳以上1勝クラス,202508010312,1200,ダ,良,晴,16,4歳以上1勝クラス,
2025-02-15_京都09R_こぶし賞,202508010509,1600,芝,良,晴,7,こぶし賞,
2025-02-15_京都10R_飛鳥S,202508010510,2000,芝,良,晴,9,飛鳥S,
2025-02-15_京都11R_洛陽S,202508010511,1600,芝,良,晴,16,洛陽S,
2025-02-15_京都12R_4歳以上2勝クラス,202508010512,1900,ダ,良,晴,13,4歳以上2勝クラス,
2025-02-15_小倉09R_あすなろ賞,202510010709,2000,芝,良,曇,9,あすなろ賞,
2025-02-15_小倉10R_太宰府特別,202510010710,2000,芝,良,曇,15,太宰府特別,
2025-02-15_小倉11R_下関S,202510010711,1200,芝,良,曇,18,下関S,
2025-02-15_小倉12R_4歳以上1勝クラス,202510010712,1700,ダ,良,曇,12,4歳以上1勝クラス,
2025-02-15_東京09R_箱根特別,202505010509,2400,芝,良,晴,11,箱根特別,
2025-02-15_東京10R_銀蹄S,202505010510,1400,ダ,良,晴,16,銀蹄S,
2025-02-15_東京11R_クイーンC,202505010511,1600,芝,良,晴,14,クイーンC,
2025-02-15_東京12R_4歳以上1勝クラス,202505010512,1600,芝,良,晴,16,4歳以上1勝クラス,
2025-02-16_京都09R_春日特別,202508010609,2000,芝,稍,曇,9,春日特別,
2025-02-16_京都10R_北山S,202508010610,1800,ダ,稍,曇,13,北山S,
2025-02-16_京都11R_京都記念,202508010611,2200,芝,稍,曇,12,京都記念,
2025-02-16_京都12R_4歳以上2勝クラス,202508010612,1200,ダ,稍,曇,16,4歳以上2勝クラス,
2025-02-16_小倉09R_大濠特別,202510010809,1200,芝,良,晴,18,大濠特別,
2025-02-16_小倉10R_伊万里特別,202510010810,1000,ダ,良,晴,14,伊万里特別,
2025-02-16_小倉11R_北九州短距離S,202510010811,1200,芝,良,晴,15,北九州短距離S,
2025-02-16_小倉12R_4歳以上1勝クラス,202510010812,1800,芝,良,晴,15,4歳以上1勝クラス,
2025-02-16_東京09R_雲雀S,202505010609,1600,芝,良,曇,16,雲雀S,
2025-02-16_東京10R_バレンタインS,202505010610,1400,ダ,良,曇,16,バレンタインS,
2025-02-16_東京11R_共同通信杯,202505010611,1800,芝,良,曇,9,共同通信杯,
2025-02-16_東京12R_4歳以上2勝クラス,202505010612,1400,ダ,良,曇,15,4歳以上2勝クラス,
2025-02-22_京都09R_つばき賞,202508010709,1800,芝,良,曇,8,つばき賞,
2025-02-22_京都10R_河原町S,202508010710,1400,ダ,良,曇,16,河原町S,
2025-02-22_京都11R_阪急杯,202508010711,1400,芝,良,曇,18,阪急杯,
2025-02-22_京都12R_4歳以上2勝クラス,202508010712,1800,ダ,良,晴,14,4歳以上2勝クラス,
2025-02-22_小倉09R_秋吉台特別,202510010909,1200,芝,良,晴,18,秋吉台特別,
2025-02-22_小倉10R_皿倉山特別,202510010910,2600,芝,良,晴,13,皿倉山特別,
2025-02-22_小倉11R_小倉城S,202510010911,1700,ダ,良,晴,9,小倉城S,
2025-02-22_小倉12R_4歳以上1勝クラス,202510010912,2000,芝,良,晴,16,4歳以上1勝クラス,
2025-02-22_東京09R_フリージア賞,202505010709,2000,芝,良,曇,9,フリージア賞,
2025-02-22_東京10R_金蹄S,202505010710,2100,ダ,良,晴,12,金蹄S,
2025-02-22_東京11R_ダイヤモンドS,202505010711,3400,芝,良,晴,16,ダイヤモンドS,
2025-02-22_東京12R_4歳以上1勝クラス,202505010712,1600,ダ,良,晴,16,4歳以上1勝クラス,
2025-02-23_京都09R_山城S,202508010809,1400,芝,良,曇,9,山城S,
2025-02-23_京都10R_マーガレットS,202508010810,1200,芝,良,曇,8,マーガレットS,
2025-02-23_京都11R_大和S,202508010811,1200,ダ,良,曇,16,大和S,
2025-02-23_京都12R_4歳以上2勝クラス,202508010812,1400,ダ,良,曇,12,4歳以上2勝クラス,
2025-02-23_小倉09R_高千穂特別,202510011009,1800,芝,良,曇,14,高千穂特別,
2025-02-23_小倉10R_和布刈特別,202510011010,1700,ダ,良,曇,14,和布刈特別,
2025-02-23_小倉11R_小倉大賞典,202510011011,1800,芝,良,曇,14,小倉大賞典,
2025-02-23_小倉12R_4歳以上1勝クラス,202510011012,1200,芝,良,曇,18,4歳以上1勝クラス,
2025-02-23_東京09R_ヒヤシンスS,202505010809,1600,ダ,良,晴,10,ヒヤシンスS,
2025-02-23_東京10R_アメジストS,202505010810,2000,芝,良,晴,12,アメジストS,
2025-02-23_東京11R_フェブラリーS,202505010811,1600,ダ,良,晴,16,フェブラリーS,
2025-02-23_東京12R_大島特別,202505010812,1400,ダ,良,曇,14,大島特別,
2025-03-01_中山09R_水仙賞,202506020109,2200,芝,良,晴,13,水仙賞,
2025-03-01_中山10R_春風S,202506020110,1200,ダ,良,晴,16,春風S,
2025-03-01_中山11R_オーシャンS,202506020111,1200,芝,良,晴,15,オーシャンS,
2025-03-01_中山12R_4歳以上2勝クラス,202506020112,1800,ダ,良,晴,14,4歳以上2勝クラス,
2025-03-01_小倉09R_背振山特別,202510011109,2600,芝,良,曇,16,背振山特別,
2025-03-01_小倉10R_西日本新聞杯,202510011110,1200,芝,良,曇,18,西日本新聞杯,
2025-03-01_小倉11R_早鞆特別,202510011111,1700,ダ,良,曇,15,早鞆特別,
2025-03-01_小倉12R_4歳以上1勝クラス,202510011112,1200,芝,良,曇,18,4歳以上1勝クラス,
2025-03-01_阪神09R_すみれS,202509010109,2200,芝,良,晴,8,すみれS,
2025-03-01_阪神10R_阪神競馬場リニューアルオープン記念,202509010110,3000,芝,良,晴,10,阪神競馬場リニューアルオープン記念,
2025-03-01_阪神11R_仁川S,202509010111,2000,ダ,良,晴,16,仁川S,
2025-03-01_阪神12R_4歳以上2勝クラス,202509010112,1400,芝,良,晴,15,4歳以上2勝クラス,
2025-03-02_中山09R_富里特別,202506020209,1800,芝,良,晴,11,富里特別,
2025-03-02_中山10R_アクアマリンS,202506020210,1200,芝,良,晴,16,アクアマリンS,
2025-03-02_中山11R_中山記念,202506020211,1800,芝,良,晴,16,中山記念,
2025-03-02_中山12R_4歳以上2勝クラス,202506020212,1200,ダ,良,晴,16,4歳以上2勝クラス,
2025-03-02_小倉09R_あざみ賞,202510011209,1200,芝,重,曇,18,あざみ賞,
2025-03-02_小倉10R_別府特別,202510011210,1800,芝,重,曇,16,別府特別,
2025-03-02_小倉11R_関門橋S,202510011211,2000,芝,重,曇,13,関門橋S,
2025-03-02_小倉12R_4歳以上1勝クラス,202510011212,1700,ダ,稍,曇,16,4歳以上1勝クラス,
2025-03-02_阪神09R_淡路特別,202509010209,2200,芝,良,小雨,9,淡路特別,
2025-03-02_阪神10R_伊丹S,202509010210,1800,ダ,良,小雨,10,伊丹S,
2025-03-02_阪神11R_チューリップ賞,202509010211,1600,芝,良,小雨,14,チューリップ賞,
2025-03-02_阪神12R_4歳以上2勝クラス,202509010212,1200,ダ,良,曇,16,4歳以上2勝クラス,
2025-03-08_中山09R_潮来特別,202506020309,2500,芝,良,曇,10,潮来特別,
2025-03-08_中山10R_上総S,202506020310,1800,ダ,稍,曇,16,上総S,
2025-03-08_中山11R_中山牝馬S,202506020311,1800,芝,良,曇,14,中山牝馬S,
2025-03-08_中山12R_4歳以上1勝クラス,202506020312,1600,芝,良,小雨,16,4歳以上1勝クラス,
2025-03-08_阪神09R_千里山特別,202509010309,2000,芝,良,曇,12,千里山特別,
2025-03-08_阪神10R_なにわS,202509010310,1200,ダ,良,曇,16,なにわS,
2025-03-08_阪神11R_フィリーズレビュー,202509010311,1400,芝,良,曇,18,フィリーズレビュー,
2025-03-08_阪神12R_4歳以上2勝クラス,202509010312,1200,芝,良,曇,11,4歳以上2勝クラス,
2025-03-09_中山09R_湾岸S,202506020409,2500,芝,稍,晴,12,湾岸S,
2025-03-09_中山10R_総武S,202506020410,1800,ダ,重,晴,16,総武S,
2025-03-09_中山11R_弥生賞ディープインパクト記念,202506020411,2000,芝,稍,晴,14,弥生賞ディープインパクト記念,
2025-03-09_中山12R_4歳以上2勝クラス,202506020412,1800,ダ,重,晴,15,4歳以上2勝クラス,
2025-03-09_阪神09R_アルメリア賞,202509010409,1800,芝,良,晴,8,アルメリア賞,
2025-03-09_阪神10R_淀屋橋S,202509010410,1200,芝,良,晴,12,淀屋橋S,
2025-03-09_阪神11R_大阪城S,202509010411,1800,芝,良,晴,14,大阪城S,
2025-03-09_阪神12R_4歳以上2勝クラス,202509010412,1400,ダ,良,晴,14,4歳以上2勝クラス,
2025-03-15_中京09R_伊良湖特別,202507020109,1200,ダ,良,小雨,16,伊良湖特別,
2025-03-15_中京10R_恋路ケ浜特別,202507020110,2000,芝,良,小雨,13,恋路ケ浜特別,
2025-03-15_中京11R_中京スポーツ杯,202507020111,1400,ダ,良,小雨,16,中京スポーツ杯,
2025-03-15_中京12R_4歳以上1勝クラス,202507020112,1400,芝,良,小雨,18,4歳以上1勝クラス,
2025-03-15_中山09R_阿見特別,202506020509,2400,ダ,稍,曇,14,阿見特別,
2025-03-15_中山10R_幕張S,202506020510,1600,芝,良,曇,13,幕張S,
2025-03-15_中山11R_アネモネS,202506020511,1600,芝,良,曇,12,アネモネS,
2025-03-15_中山12R_4歳以上2勝クラス,202506020512,1200,芝,良,曇,16,4歳以上2勝クラス,
2025-03-15_阪神09R_ゆきやなぎ賞,202509010509,2400,芝,良,小雨,12,ゆきやなぎ賞,
2025-03-15_阪神10R_難波S,202509010510,1800,芝,良,小雨,15,難波S,
2025-03-15_阪神11R_コーラルS,202509010511,1400,ダ,良,小雨,11,コーラルS,
2025-03-15_阪神12R_4歳以上2勝クラス,202509010512,1800,ダ,良,小雨,10,4歳以上2勝クラス,
2025-03-16_中京09R_岡崎特別,202507020209,1400,芝,重,曇,13,岡崎特別,
2025-03-16_中京10R_昇竜S,202507020210,1400,ダ,重,小雨,12,昇竜S,
2025-03-16_中京11R_金鯱賞,202507020211,2000,芝,重,小雨,10,金鯱賞,
2025-03-16_中京12R_4歳以上1勝クラス,202507020212,1400,ダ,重,小雨,16,4歳以上1勝クラス,
2025-03-16_中山09R_房総特別,202506020609,1800,芝,重,雨,16,房総特別,
2025-03-16_中山10R_東風S,202506020610,1600,芝,重,雨,12,東風S,
2025-03-16_中山11R_スプリングS,202506020611,1800,芝,重,小雨,12,スプリングS,
2025-03-16_中山12R_4歳以上2勝クラス,202506020612,1200,ダ,不,小雨,16,4歳以上2勝クラス,
2025-03-16_阪神09R_皆生特別,202509010609,1600,芝,重,雨,9,皆生特別,
2025-03-16_阪神10R_甲南S,202509010610,2000,ダ,重,雨,15,甲南S,
2025-03-16_阪神11R_米子城S,202509010611,1200,芝,重,雨,16,米子城S,
2025-03-16_阪神12R_4歳以上2勝クラス,202509010612,1400,ダ,重,雨,12,4歳以上2勝クラス,
2025-03-22_中京09R_金山特別,202507020309,2000,芝,良,晴,18,金山特別,
2025-03-22_中京10R_熱田特別,202507020310,1400,芝,良,晴,17,熱田特別,
2025-03-22_中京11R_ファルコンS,202507020311,1400,芝,良,晴,18,ファルコンS,
2025-03-22_中京12R_4歳以上1勝クラス,202507020312,1200,ダ,良,晴,16,4歳以上1勝クラス,
2025-03-22_中山09R_館山特別,202506020709,2000,芝,良,晴,13,館山特別,
2025-03-22_中山10R_韓国馬事会杯,202506020710,1800,ダ,稍,晴,16,韓国馬事会杯,
2025-03-22_中山11R_フラワーC,202506020711,1800,芝,良,晴,16,フラワーC,
2025-03-22_中山12R_4歳以上2勝クラス,202506020712,1200,ダ,稍,晴,16,4歳以上2勝クラス,
2025-03-22_阪神09R_立雲峡S,202509010709,1400,芝,良,晴,18,立雲峡S,
2025-03-22_阪神10R_レグルスS,202509010710,1800,ダ,良,晴,14,レグルスS,
2025-03-22_阪神11R_若葉S,202509010711,2000,芝,良,晴,9,若葉S,
2025-03-22_阪神12R_4歳以上2勝クラス,202509010712,1800,ダ,良,晴,16,4歳以上2勝クラス,
2025-03-23_中京09R_フローラルウォーク賞,202507020409,1600,芝,良,晴,10,フローラルウォーク賞,
2025-03-23_中京10R_弥富特別,202507020410,1900,ダ,良,晴,16,弥富特別,
2025-03-23_中京11R_愛知杯,202507020411,1400,芝,良,晴,18,愛知杯,
2025-03-23_中京12R_4歳以上1勝クラス,202507020412,1200,芝,良,晴,18,4歳以上1勝クラス,
2025-03-23_中山09R_鎌ケ谷特別,202506020809,1600,芝,良,晴,11,鎌ケ谷特別,
2025-03-23_中山10R_スピカS,202506020810,1800,芝,良,晴,16,スピカS,
2025-03-23_中山11R_千葉S,202506020811,1200,ダ,良,晴,16,千葉S,
2025-03-23_中山12R_4歳以上2勝クラス,202506020812,1800,ダ,良,晴,16,4歳以上2勝クラス,
2025-03-23_阪神09R_讃岐特別,202509010809,1400,芝,良,晴,13,讃岐特別,
2025-03-23_阪神10R_鳴門S,202509010810,1400,ダ,良,晴,16,鳴門S,
2025-03-23_阪神11R_阪神大賞典,202509010811,3000,芝,良,晴,11,阪神大賞典,
2025-03-23_阪神12R_4歳以上2勝クラス,202509010812,1400,ダ,良,晴,16,4歳以上2勝クラス,
2025-03-29_中京09R_矢作川特別,202507020509,1800,ダ,稍,晴,13,矢作川特別,
2025-03-29_中京10R_熊野特別,202507020510,2200,芝,稍,晴,9,熊野特別,
2025-03-29_中京11R_豊橋S,202507020511,1600,芝,稍,晴,11,豊橋S,
2025-03-29_中京12R_4歳以上1勝クラス,202507020512,1200,ダ,稍,晴,16,4歳以上1勝クラス,
2025-03-29_中山09R_ブラッドストーンS,202506030109,1200,ダ,稍,雨,16,ブラッドストーンS,
2025-03-29_中山10R_伏竜S,202506030110,1800,ダ,稍,雨,11,伏竜S,
2025-03-29_中山11R_日経賞,202506030111,2500,芝,稍,曇,15,日経賞,
2025-03-29_中山12R_4歳以上2勝クラス,202506030112,1800,ダ,稍,曇,13,4歳以上2勝クラス,
2025-03-29_阪神09R_君子蘭賞,202509020109,1800,芝,良,晴,14,君子蘭賞,
2025-03-29_阪神10R_仲春特別,202509020110,1600,芝,良,曇,8,仲春特別,
2025-03-29_阪神11R_毎日杯,202509020111,1800,芝,良,曇,10,毎日杯,
2025-03-29_阪神12R_4歳以上2勝クラス,202509020112,2000,ダ,稍,曇,9,4歳以上2勝クラス,
2025-03-30_中京09R_4歳以上1勝クラス,202507020609,1400,ダ,良,晴,14,4歳以上1勝クラス,
2025-03-30_中京10R_伊勢S,202507020610,1900,ダ,良,晴,16,伊勢S,
2025-03-30_中京11R_高松宮記念,202507020611,1200,芝,良,晴,18,高松宮記念,
2025-03-30_中京12R_鈴鹿特別,202507020612,1400,ダ,良,晴,16,鈴鹿特別,
2025-03-30_中山09R_ミモザ賞,202506030209,2000,芝,良,晴,7,ミモザ賞,
2025-03-30_中山10R_船橋S,202506030210,1200,芝,良,晴,16,船橋S,
2025-03-30_中山11R_マーチS,202506030211,1800,ダ,稍,晴,15,マーチS,
2025-03-30_中山12R_4歳以上2勝クラス,202506030212,1200,芝,良,晴,13,4歳以上2勝クラス,
2025-03-30_阪神09R_四国新聞杯,202509020209,2000,芝,良,曇,11,四国新聞杯,
2025-03-30_阪神10R_御堂筋S,202509020210,2400,芝,良,曇,12,御堂筋S,
2025-03-30_阪神11R_六甲S,202509020211,1600,芝,良,曇,12,六甲S,
2025-03-30_阪神12R_4歳以上2勝クラス,202509020212,1200,ダ,良,曇,14,4歳以上2勝クラス,
2025-04-05_中山09R_山吹賞,202506030309,2200,芝,良,晴,7,山吹賞,
2025-04-05_中山10R_千葉日報杯,202506030310,1800,ダ,稍,晴,16,千葉日報杯,
2025-04-05_中山11R_ダービー卿CT,202506030311,1600,芝,良,晴,14,ダービー卿CT,
2025-04-05_中山12R_4歳以上1勝クラス,202506030312,1200,ダ,稍,晴,16,4歳以上1勝クラス,
2025-04-05_阪神09R_アザレア賞,202509020309,2400,芝,良,晴,9,アザレア賞,
2025-04-05_阪神10R_ポラリスS,202509020310,1400,ダ,良,晴,16,ポラリスS,
2025-04-05_阪神11R_チャーチルダウンズC,202509020311,1600,芝,良,晴,11,チャーチルダウンズC,
2025-04-05_阪神12R_4歳以上2勝クラス,202509020312,1400,ダ,良,曇,16,4歳以上2勝クラス,
2025-04-06_中山09R_安房特別,202506030409,2500,芝,良,小雨,12,安房特別,
2025-04-06_中山10R_アリエスS,202506030410,1800,ダ,稍,晴,16,アリエスS,
2025-04-06_中山11R_美浦S,202506030411,2000,芝,良,晴,16,美浦S,
2025-04-06_中山12R_4歳以上2勝クラス,202506030412,1200,ダ,稍,晴,15,4歳以上2勝クラス,
2025-04-06_阪神09R_バイオレットS,202509020409,1400,ダ,良,晴,15,バイオレットS,
2025-04-06_阪神10R_夢洲S,202509020410,1600,芝,良,晴,14,夢洲S,
2025-04-06_阪神11R_大阪杯,202509020411,2000,芝,良,晴,15,大阪杯,
2025-04-06_阪神12R_陽春S,202509020412,1200,ダ,良,晴,11,陽春S,
2025-04-12_中山09R_山藤賞,202506030509,2000,芝,良,晴,9,山藤賞,
2025-04-12_中山10R_あけぼのS,202506030510,1600,芝,良,晴,14,あけぼのS,
2025-04-12_中山11R_ニュージーランドT,202506030511,1600,芝,良,晴,14,ニュージーランドT,
2025-04-12_中山12R_4歳以上2勝クラス,202506030512,1200,ダ,良,晴,16,4歳以上2勝クラス,
2025-04-12_福島09R_浄土平特別,202503010109,1800,芝,良,曇,15,浄土平特別,
2025-04-12_福島10R_喜多方特別,202503010110,1150,ダ,良,晴,16,喜多方特別,
2025-04-12_福島11R_吾妻小富士S,202503010111,1700,ダ,良,晴,15,吾妻小富士S,
2025-04-12_福島12R_4歳以上1勝クラス,202503010112,1200,芝,良,晴,16,4歳以上1勝クラス,
2025-04-12_阪神09R_明石特別,202509020509,2400,芝,良,晴,9,明石特別,
2025-04-12_阪神10R_京橋S,202509020510,2000,芝,良,曇,16,京橋S,
2025-04-12_阪神11R_阪神牝馬S,202509020511,1600,芝,良,曇,14,阪神牝馬S,
2025-04-12_阪神12R_4歳以上2勝クラス,202509020512,1200,ダ,良,曇,16,4歳以上2勝クラス,
2025-04-13_中山09R_印西特別,202506030609,2400,ダ,良,雨,11,印西特別,
2025-04-13_中山10R_鹿野山特別,202506030610,2000,芝,良,雨,10,鹿野山特別,
2025-04-13_中山11R_春雷S,202506030611,1200,芝,稍,雨,14,春雷S,
2025-04-13_中山12R_4歳以上1勝クラス,202506030612,1200,ダ,稍,雨,16,4歳以上1勝クラス,
2025-04-13_福島09R_花見山特別,202503010209,1200,芝,良,小雨,10,花見山特別,
2025-04-13_福島10R_やまびこS,202503010210,1150,ダ,良,雨,16,やまびこS,
2025-04-13_福島11R_福島民報杯,202503010211,2000,芝,良,雨,15,福島民報杯,
2025-04-13_福島12R_4歳以上1勝クラス,202503010212,1700,ダ,良,雨,15,4歳以上1勝クラス,
2025-04-13_阪神09R_忘れな草賞,202509020609,2000,芝,稍,雨,8,忘れな草賞,
2025-04-13_阪神10R_大阪―ハンブルクC,202509020610,2600,芝,稍,雨,11,大阪―ハンブルクC,
2025-04-13_阪神11R_桜花賞,202509020611,1600,芝,稍,雨,18,桜花賞,
2025-04-13_阪神12R_梅田S,202509020612,1800,ダ,稍,雨,16,梅田S,
2025-04-19_中山09R_袖ケ浦特別,202506030709,1200,芝,良,晴,13,袖ケ浦特別,
2025-04-19_中山10R_下総S,202506030710,1800,ダ,良,晴,16,下総S,
2025-04-19_中山11R_中山グランドジャンプ,202506030711,4260,障,良,晴,12,中山グランドジャンプ,
2025-04-19_中山12R_葛飾特別,202506030712,1200,ダ,良,晴,16,葛飾特別,
2025-04-19_福島09R_ひめさゆり賞,202503010309,2000,芝,良,晴,10,ひめさゆり賞,
2025-04-19_福島10R_桑折特別,202503010310,2000,芝,良,晴,16,桑折特別,
2025-04-19_福島11R_ラジオ福島賞,202503010311,1700,ダ,良,晴,15,ラジオ福島賞,
2025-04-19_福島12R_4歳以上1勝クラス,202503010312,1200,芝,良,晴,16,4歳以上1勝クラス,
2025-04-19_阪神09R_吹田特別,202509020709,1400,ダ,良,晴,16,吹田特別,
2025-04-19_阪神10R_丹波特別,202509020710,1400,芝,良,晴,14,丹波特別,
2025-04-19_阪神11R_アンタレスS,202509020711,1800,ダ,良,晴,13,アンタレスS,
2025-04-19_阪神12R_4歳以上1勝クラス,202509020712,1400,ダ,良,晴,16,4歳以上1勝クラス,
2025-04-20_中山09R_野島崎特別,202506030809,2000,芝,良,曇,12,野島崎特別,
2025-04-20_中山10R_京葉S,202506030810,1200,ダ,良,曇,16,京葉S,
2025-04-20_中山11R_皐月賞,202506030811,2000,芝,良,曇,18,皐月賞,
2025-04-20_中山12R_サンシャインS,202506030812,2200,芝,良,曇,13,サンシャインS,
2025-04-20_福島09R_医王寺特別,202503010409,1200,芝,良,曇,15,医王寺特別,
2025-04-20_福島10R_奥の細道特別,202503010410,2600,芝,良,曇,15,奥の細道特別,
2025-04-20_福島11R_福島牝馬S,202503010411,1800,芝,良,曇,16,福島牝馬S,
2025-04-20_福島12R_4歳以上1勝クラス,202503010412,1700,ダ,良,曇,15,4歳以上1勝クラス,
2025-04-20_阪神09R_蓬莱峡特別,202509020809,2000,芝,良,曇,8,蓬莱峡特別,
2025-04-20_阪神10R_天満橋S,202509020810,1400,ダ,良,曇,16,天満橋S,
2025-04-20_阪神11R_心斎橋S,202509020811,1400,芝,良,曇,11,心斎橋S,
2025-04-20_阪神12R_4歳以上2勝クラス,202509020812,1800,ダ,良,晴,16,4歳以上2勝クラス,
2025-04-26_京都09R_4歳以上1勝クラス,202508020109,1400,芝,良,晴,12,4歳以上1勝クラス,
2025-04-26_京都10R_観月橋S,202508020110,1900,ダ,良,晴,12,観月橋S,
2025-04-26_京都11R_天王山S,202508020111,1200,ダ,良,晴,14,天王山S,
2025-04-26_京都12R_4歳以上2勝クラス,202508020112,1600,芝,良,晴,9,4歳以上2勝クラス,
2025-04-26_東京09R_石和特別,202505020109,1800,芝,良,曇,9,石和特別,
2025-04-26_東京10R_鎌倉S,202505020110,1400,ダ,稍,曇,16,鎌倉S,
2025-04-26_東京11R_青葉賞,202505020111,2400,芝,良,曇,13,青葉賞,
2025-04-26_東京12R_4歳以上2勝クラス,202505020112,1600,ダ,稍,小雨,16,4歳以上2勝クラス,
2025-04-26_福島09R_雪うさぎ賞,202503010509,1200,芝,良,晴,16,雪うさぎ賞,
2025-04-26_福島10R_飯盛山特別,202503010510,2000,芝,良,晴,13,飯盛山特別,
2025-04-26_福島11R_福島中央テレビ杯,202503010511,1200,芝,良,晴,16,福島中央テレビ杯,
2025-04-26_福島12R_4歳以上1勝クラス,202503010512,1700,ダ,良,晴,13,4歳以上1勝クラス,
2025-04-27_京都09R_比良山特別,202508020209,2200,芝,良,晴,8,比良山特別,
2025-04-27_京都10R_センテニアル・パークS,202508020210,1800,芝,良,晴,16,センテニアル・パークS,
2025-04-27_京都11R_マイラーズC,202508020211,1600,芝,良,晴,10,マイラーズC,
2025-04-27_京都12R_4歳以上2勝クラス,202508020212,1800,ダ,良,晴,12,4歳以上2勝クラス,
2025-04-27_東京09R_湘南S,202505020209,1400,芝,良,晴,15,湘南S,
2025-04-27_東京10R_オアシスS,202505020210,1600,ダ,稍,晴,12,オアシスS,
2025-04-27_東京11R_フローラS,202505020211,2000,芝,良,晴,18,フローラS,
2025-04-27_東京12R_4歳以上2勝クラス,202505020212,1400,ダ,稍,晴,16,4歳以上2勝クラス,
2025-04-27_福島09R_燧ケ岳特別,202503010609,2600,芝,良,晴,11,燧ケ岳特別,
2025-04-27_福島10R_尾瀬特別,202503010610,1700,ダ,良,晴,15,尾瀬特別,
2025-04-27_福島11R_モルガナイトS,202503010611,1200,芝,良,晴,16,モルガナイトS,
2025-04-27_福島12R_4歳以上1勝クラス,202503010612,1150,ダ,良,晴,12,4歳以上1勝クラス,
2025-05-03_京都09R_矢車賞,202508020309,2200,芝,良,晴,6,矢車賞,
2025-05-03_京都10R_御池特別,202508020310,1400,芝,良,晴,8,御池特別,
2025-05-03_京都11R_ユニコーンS,202508020311,1900,ダ,稍,晴,13,ユニコーンS,
2025-05-03_京都12R_4歳以上2勝クラス,202508020312,1200,ダ,稍,晴,16,4歳以上2勝クラス,
2025-05-03_新潟09R_わらび賞,202504010109,1800,ダ,稍,晴,15,わらび賞,
2025-05-03_新潟10R_胎内川特別,202504010110,1800,芝,良,晴,10,胎内川特別,
2025-05-03_新潟11R_三条S,202504010111,1800,ダ,稍,晴,15,三条S,
2025-05-03_新潟12R_4歳以上1勝クラス,202504010112,1000,芝,良,晴,16,4歳以上1勝クラス,
2025-05-03_東京09R_是政S,202505020309,2100,ダ,重,晴,16,是政S,
2025-05-03_東京10R_スイートピーS,202505020310,1800,芝,良,晴,13,スイートピーS,
2025-05-03_東京11R_京王杯SC,202505020311,1400,芝,良,晴,12,京王杯SC,
2025-05-03_東京12R_4歳以上2勝クラス,202505020312,1600,ダ,重,晴,14,4歳以上2勝クラス,
2025-05-04_京都09R_須知特別,202508020409,1900,ダ,良,晴,10,須知特別,
2025-05-04_京都10R_淀S,202508020410,1200,芝,良,晴,13,淀S,
2025-05-04_京都11R_天皇賞(春),202508020411,3200,芝,良,晴,15,天皇賞(春),
2025-05-04_京都12R_巨椋池S,202508020412,1200,ダ,良,晴,16,巨椋池S,
2025-05-04_新潟09R_咲花特別,202504010209,1800,ダ,稍,晴,15,咲花特別,
2025-05-04_新潟10R_邁進特別,202504010210,1000,芝,良,晴,16,邁進特別,
2025-05-04_新潟11R_越後S,202504010211,1200,ダ,稍,晴,15,越後S,
2025-05-04_新潟12R_4歳以上1勝クラス,202504010212,1400,芝,良,晴,13,4歳以上1勝クラス,
2025-05-04_東京09R_府中S,202505020409,2000,芝,良,晴,13,府中S,
2025-05-04_東京10R_ブリリアントS,202505020410,2100,ダ,稍,晴,16,ブリリアントS,
2025-05-04_東京11R_プリンシパルS,202505020411,2000,芝,良,晴,14,プリンシパルS,
2025-05-04_東京12R_4歳以上2勝クラス,202505020412,1300,ダ,稍,晴,16,4歳以上2勝クラス,
2025-05-10_京都09R_久御山特別,202508020509,1600,芝,稍,曇,8,久御山特別,
2025-05-10_京都10R_鴨川特別,202508020510,2000,芝,稍,曇,8,鴨川特別,
2025-05-10_京都11R_京都新聞杯,202508020511,2200,芝,稍,曇,10,京都新聞杯,
2025-05-10_京都12R_4歳以上2勝クラス,202508020512,1800,ダ,重,曇,10,4歳以上2勝クラス,
2025-05-10_新潟09R_三国特別,202504010309,1600,芝,稍,曇,8,三国特別,
2025-05-10_新潟10R_荒川峡特別,202504010310,2200,芝,稍,曇,15,荒川峡特別,
2025-05-10_新潟11R_駿風S,202504010311,1000,芝,稍,曇,16,駿風S,
2025-05-10_新潟12R_4歳以上1勝クラス,202504010312,1200,ダ,稍,曇,14,4歳以上1勝クラス,
2025-05-10_東京09R_分倍河原S,202505020509,1600,芝,稍,曇,15,分倍河原S,
2025-05-10_東京10R_青竜S,202505020510,1600,ダ,重,曇,11,青竜S,
2025-05-10_東京11R_エプソムC,202505020511,1800,芝,稍,曇,18,エプソムC,
2025-05-10_東京12R_4歳以上2勝クラス,202505020512,1400,ダ,重,晴,16,4歳以上2勝クラス,
2025-05-11_京都09R_烏丸S,202508020609,2400,芝,良,曇,14,烏丸S,
2025-05-11_京都10R_橘S,202508020610,1400,芝,良,曇,11,橘S,
2025-05-11_京都11R_平城京S,202508020611,1800,ダ,稍,曇,16,平城京S,
2025-05-11_京都12R_4歳以上2勝クラス,202508020612,1400,ダ,稍,曇,16,4歳以上2勝クラス,
2025-05-11_新潟09R_ゆきつばき賞,202504010409,1200,芝,稍,曇,14,ゆきつばき賞,
2025-05-11_新潟10R_五泉特別,202504010410,1800,ダ,稍,曇,15,五泉特別,
2025-05-11_新潟11R_谷川岳S,202504010411,1400,芝,稍,晴,14,谷川岳S,
2025-05-11_新潟12R_4歳以上1勝クラス,202504010412,1200,芝,稍,晴,16,4歳以上1勝クラス,
2025-05-11_東京09R_日吉特別,202505020609,2100,ダ,稍,晴,16,日吉特別,
2025-05-11_東京10R_メトロポリタンS,202505020610,2400,芝,良,晴,10,メトロポリタンS,
2025-05-11_東京11R_NHKマイルC,202505020611,1600,芝,良,晴,18,NHKマイルC,
2025-05-11_東京12R_立夏S,202505020612,1600,ダ,稍,晴,16,立夏S,
2025-05-17_京都09R_あずさ賞,202508020709,2000,芝,不,曇,10,あずさ賞,
2025-05-17_京都10R_上賀茂S,202508020710,1800,ダ,不,晴,16,上賀茂S,
2025-05-17_京都11R_鞍馬S,202508020711,1200,芝,重,晴,11,鞍馬S,
2025-05-17_京都12R_4歳以上2勝クラス,202508020712,1800,ダ,不,晴,10,4歳以上2勝クラス,
2025-05-17_新潟09R_尖閣湾特別,202504010509,2000,芝,稍,曇,9,尖閣湾特別,
2025-05-17_新潟10R_中ノ岳特別,202504010510,1800,ダ,稍,曇,11,中ノ岳特別,
2025-05-17_新潟11R_新潟大賞典,202504010511,2000,芝,稍,曇,16,新潟大賞典,
2025-05-17_新潟12R_4歳以上1勝クラス,202504010512,1200,ダ,稍,曇,15,4歳以上1勝クラス,
2025-05-17_東京09R_国分寺特別,202505020709,1800,芝,稍,雨,9,国分寺特別,
2025-05-17_東京10R_立川特別,202505020710,1400,ダ,不,曇,12,立川特別,
2025-05-17_東京11R_六社S,202505020711,2400,芝,稍,曇,12,六社S,
2025-05-17_東京12R_4歳以上1勝クラス,202505020712,1600,ダ,不,曇,14,4歳以上1勝クラス,
2025-05-18_京都09R_白川特別,202508020809,2400,芝,稍,曇,9,白川特別,
2025-05-18_京都10R_錦S,202508020810,1600,芝,稍,曇,12,錦S,
2025-05-18_京都11R_栗東S,202508020811,1400,ダ,稍,曇,16,栗東S,
2025-05-18_京都12R_4歳以上2勝クラス,202508020812,1200,ダ,稍,曇,16,4歳以上2勝クラス,
2025-05-18_新潟09R_飛竜特別,202504010609,1000,芝,良,曇,16,飛竜特別,
2025-05-18_新潟10R_信濃川特別,202504010610,2000,芝,良,曇,10,信濃川特別,
2025-05-18_新潟11R_弥彦S,202504010611,1800,芝,良,曇,16,弥彦S,
2025-05-18_新潟12R_4歳以上1勝クラス,202504010612,1200,ダ,良,曇,15,4歳以上1勝クラス,
2025-05-18_東京09R_テレ玉杯,202505020809,1600,芝,良,曇,9,テレ玉杯,
2025-05-18_東京10R_青梅特別,202505020810,1600,ダ,重,曇,16,青梅特別,
2025-05-18_東京11R_ヴィクトリアマイル,202505020811,1600,芝,良,曇,18,ヴィクトリアマイル,
2025-05-18_東京12R_BSイレブン賞,202505020812,1400,ダ,重,曇,16,BSイレブン賞,
2025-05-24_京都09R_メルボルンT,202508020909,1600,芝,稍,雨,13,メルボルンT,
2025-05-24_京都10R_シドニーT,202508020910,2000,芝,稍,雨,8,シドニーT,
2025-05-24_京都11R_平安S,202508020911,1900,ダ,稍,雨,16,平安S,
2025-05-24_京都12R_オーストラリアT,202508020912,1400,ダ,稍,雨,13,オーストラリアT,
2025-05-24_新潟09R_はやぶさ賞,202504010709,1000,芝,良,小雨,15,はやぶさ賞,
2025-05-24_新潟10R_石打特別,202504010710,2000,芝,良,小雨,16,石打特別,
2025-05-24_新潟11R_大日岳特別,202504010711,1200,芝,良,曇,16,大日岳特別,
2025-05-24_新潟12R_4歳以上1勝クラス,202504010712,1200,ダ,良,曇,15,4歳以上1勝クラス,
2025-05-24_東京09R_カーネーションC,202505020909,1800,芝,良,曇,9,カーネーションC,
2025-05-24_東京10R_高尾特別,202505020910,1400,芝,良,曇,12,高尾特別,
2025-05-24_東京11R_欅S,202505020911,1400,ダ,良,曇,16,欅S,
2025-05-24_東京12R_4歳以上2勝クラス,202505020912,1600,ダ,良,曇,14,4歳以上2勝クラス,
2025-05-25_京都09R_4歳以上1勝クラス,202508021009,1400,芝,重,曇,18,4歳以上1勝クラス,
2025-05-25_京都10R_高瀬川S,202508021010,1400,ダ,重,曇,16,高瀬川S,
2025-05-25_京都11R_都大路S,202508021011,1800,芝,稍,曇,17,都大路S,
2025-05-25_京都12R_4歳以上2勝クラス,202508021012,1900,ダ,重,曇,9,4歳以上2勝クラス,
2025-05-25_新潟09R_二王子特別,202504010809,1800,芝,稍,曇,16,二王子特別,
2025-05-25_新潟10R_火打山特別,202504010810,1200,ダ,稍,小雨,15,火打山特別,
2025-05-25_新潟11R_韋駄天S,202504010811,1000,芝,稍,小雨,16,韋駄天S,
2025-05-25_新潟12R_4歳以上1勝クラス,202504010812,1800,ダ,稍,小雨,15,4歳以上1勝クラス,
2025-05-25_東京09R_調布特別,202505021009,1800,芝,良,曇,9,調布特別,
2025-05-25_東京10R_フリーウェイS,202505021010,1400,芝,良,曇,9,フリーウェイS,
2025-05-25_東京11R_オークス,202505021011,2400,芝,良,曇,18,オークス,
2025-05-25_東京12R_丹沢S,202505021012,2100,ダ,重,曇,16,丹沢S,
2025-05-31_京都09R_鳳雛S,202508021109,1800,ダ,良,曇,9,鳳雛S,
2025-05-31_京都10R_桃山S,202508021110,1900,ダ,良,曇,16,桃山S,
2025-05-31_京都11R_葵S,202508021111,1200,芝,良,曇,16,葵S,
2025-05-31_京都12R_4歳以上2勝クラス,202508021112,1400,芝,良,曇,13,4歳以上2勝クラス,
2025-05-31_東京10R_葉山特別,202505021110,1600,芝,重,小雨,16,葉山特別,
2025-05-31_東京11R_アハルテケS,202505021111,1600,ダ,不,小雨,16,アハルテケS,
2025-05-31_東京12R_4歳以上2勝クラス,202505021112,2100,ダ,不,小雨,15,4歳以上2勝クラス,
2025-06-01_京都09R_與杼特別,202508021209,1800,ダ,良,晴,14,與杼特別,
2025-06-01_京都10R_安土城S,202508021210,1400,芝,良,晴,16,安土城S,
2025-06-01_京都11R_白百合S,202508021211,1800,芝,良,晴,11,白百合S,
2025-06-01_京都12R_渡月橋S,202508021212,1400,芝,良,晴,14,渡月橋S,
2025-06-01_東京09R_薫風S,202505021209,1600,ダ,稍,晴,16,薫風S,
2025-06-01_東京10R_むらさき賞,202505021210,1800,芝,良,晴,18,むらさき賞,
2025-06-01_東京11R_日本ダービー,202505021211,2400,芝,良,晴,18,日本ダービー,
2025-06-01_東京12R_目黒記念,202505021212,2500,芝,良,曇,18,目黒記念,
2025-06-07_東京09R_稲城特別,202505030109,2400,芝,良,晴,12,稲城特別,
2025-06-07_東京10R_由比ケ浜特別,202505030110,1400,芝,良,晴,15,由比ケ浜特別,
2025-06-07_東京11R_麦秋S,202505030111,1400,ダ,良,曇,16,麦秋S,
2025-06-07_東京12R_3歳以上1勝クラス,202505030112,1600,ダ,良,曇,15,3歳以上1勝クラス,
2025-06-07_阪神09R_城崎特別,202509030109,1800,芝,良,曇,10,城崎特別,
2025-06-07_阪神10R_加古川特別,202509030110,1800,ダ,良,曇,9,加古川特別,
2025-06-07_阪神11R_垂水S,202509030111,2000,芝,良,曇,15,垂水S,
2025-06-07_阪神12R_3歳以上1勝クラス,202509030112,1400,ダ,良,曇,16,3歳以上1勝クラス,
2025-06-08_東京09R_香港ジョッキークラブT,202505030209,2000,芝,良,晴,12,香港ジョッキークラブT,
2025-06-08_東京10R_八王子特別,202505030210,1400,ダ,良,晴,16,八王子特別,
2025-06-08_東京11R_安田記念,202505030211,1600,芝,良,曇,18,安田記念,
2025-06-08_東京12R_小金井特別,202505030212,1600,ダ,良,曇,14,小金井特別,
2025-06-08_阪神09R_三木特別,202509030209,1800,芝,良,小雨,8,三木特別,
2025-06-08_阪神10R_洲本特別,202509030210,1400,ダ,良,小雨,16,洲本特別,
2025-06-08_阪神11R_水無月S,202509030211,1200,ダ,良,曇,16,水無月S,
2025-06-08_阪神12R_3歳以上1勝クラス,202509030212,1400,芝,良,曇,16,3歳以上1勝クラス,
2025-06-14_函館09R_奥尻特別,202502010109,2000,芝,良,晴,12,奥尻特別,
2025-06-14_函館10R_松前特別,202502010110,1800,芝,良,晴,16,松前特別,
2025-06-14_函館11R_函館スプリントS,202502010111,1200,芝,良,曇,16,函館スプリントS,
2025-06-14_函館12R_3歳以上1勝クラス,202502010112,1700,ダ,良,曇,14,3歳以上1勝クラス,
2025-06-14_東京09R_日野特別,202505030309,2100,ダ,良,小雨,16,日野特別,
2025-06-14_東京10R_夏至S,202505030310,1600,ダ,良,小雨,16,夏至S,
2025-06-14_東京11R_ジューンS,202505030311,1800,芝,良,小雨,15,ジューンS,
2025-06-14_東京12R_3歳以上1勝クラス,202505030312,1400,ダ,良,小雨,16,3歳以上1勝クラス,
2025-06-14_阪神09R_3歳以上1勝クラス,202509030309,1600,芝,重,雨,13,3歳以上1勝クラス,
2025-06-14_阪神10R_安芸特別,202509030310,1200,ダ,重,雨,16,安芸特別,
2025-06-14_阪神11R_三宮S,202509030311,1800,ダ,重,雨,13,三宮S,
2025-06-14_阪神12R_3歳以上1勝クラス,202509030312,1200,芝,重,雨,16,3歳以上1勝クラス,
2025-06-15_函館09R_八雲特別,202502010209,1800,芝,良,曇,13,八雲特別,
2025-06-15_函館10R_津軽海峡特別,202502010210,1700,ダ,良,曇,14,津軽海峡特別,
2025-06-15_函館11R_函館日刊スポーツ杯,202502010211,1200,芝,良,曇,14,函館日刊スポーツ杯,
2025-06-15_函館12R_3歳以上1勝クラス,202502010212,1700,ダ,良,曇,11,3歳以上1勝クラス,
2025-06-15_東京09R_芦ノ湖特別,202505030409,1600,芝,稍,曇,10,芦ノ湖特別,
2025-06-15_東京10R_江の島S,202505030410,2400,芝,稍,曇,15,江の島S,
2025-06-15_東京11R_パラダイスS,202505030411,1400,芝,稍,曇,14,パラダイスS,
2025-06-15_東京12R_3歳以上2勝クラス,202505030412,1600,ダ,重,晴,16,3歳以上2勝クラス,
2025-06-15_阪神09R_武庫川特別,202509030409,1200,芝,稍,晴,15,武庫川特別,
2025-06-15_阪神10R_花のみちS,202509030410,1600,芝,稍,晴,18,花のみちS,
2025-06-15_阪神11R_宝塚記念,202509030411,2200,芝,稍,晴,17,宝塚記念,
2025-06-15_阪神12R_リボン賞,202509030412,1200,ダ,重,晴,16,リボン賞,
2025-06-21_函館09R_下北半島特別,202502010309,1200,芝,良,曇,10,下北半島特別,
2025-06-21_函館10R_駒ケ岳特別,202502010310,2600,芝,良,曇,8,駒ケ岳特別,
2025-06-21_函館11R_STV杯,202502010311,1200,芝,良,曇,15,STV杯,
2025-06-21_函館12R_3歳以上1勝クラス,202502010312,1700,ダ,良,小雨,8,3歳以上1勝クラス,
2025-06-21_東京09R_町田特別,202505030509,2400,芝,良,晴,9,町田特別,
2025-06-21_東京10R_相模湖特別,202505030510,1400,芝,良,晴,14,相模湖特別,
2025-06-21_東京11R_スレイプニルS,202505030511,2100,ダ,良,晴,11,スレイプニルS,
2025-06-21_東京12R_3歳以上1勝クラス,202505030512,1600,ダ,良,晴,16,3歳以上1勝クラス,
2025-06-21_阪神09R_舞子特別,202509030509,1600,芝,良,晴,13,舞子特別,
2025-06-21_阪神10R_ストークS,202509030510,2200,芝,良,晴,12,ストークS,
2025-06-21_阪神11R_天保山S,202509030511,1400,ダ,良,晴,16,天保山S,
2025-06-21_阪神12R_3歳以上1勝クラス,202509030512,1600,芝,良,晴,14,3歳以上1勝クラス,
2025-06-22_函館09R_遊楽部特別,202502010409,2000,芝,重,曇,10,遊楽部特別,
2025-06-22_函館10R_檜山特別,202502010410,1700,ダ,重,曇,14,檜山特別,
2025-06-22_函館11R_UHB杯,202502010411,1200,芝,重,小雨,15,UHB杯,
2025-06-22_函館12R_3歳以上1勝クラス,202502010412,1700,ダ,重,曇,12,3歳以上1勝クラス,
2025-06-22_東京09R_甲州街道特別,202505030609,1400,ダ,良,晴,16,甲州街道特別,
2025-06-22_東京10R_多摩川S,202505030610,1400,芝,良,晴,16,多摩川S,
2025-06-22_東京11R_府中牝馬S,202505030611,1800,芝,良,晴,14,府中牝馬S,
2025-06-22_東京12R_3歳以上1勝クラス,202505030612,1400,ダ,良,晴,16,3歳以上1勝クラス,
2025-06-22_阪神09R_高砂特別,202509030609,2000,芝,良,晴,9,高砂特別,
2025-06-22_阪神10R_姫路S,202509030610,1800,ダ,良,晴,16,姫路S,
2025-06-22_阪神11R_しらさぎS,202509030611,1600,芝,良,晴,14,しらさぎS,
2025-06-22_阪神12R_3歳以上2勝クラス,202509030612,1800,ダ,良,晴,15,3歳以上2勝クラス,
2025-06-28_函館09R_長万部特別,202502010509,1200,芝,良,晴,8,長万部特別,
2025-06-28_函館10R_洞爺湖特別,202502010510,2000,芝,良,晴,16,洞爺湖特別,
2025-06-28_函館11R_青函S,202502010511,1200,芝,良,晴,16,青函S,
2025-06-28_函館12R_3歳以上1勝クラス,202502010512,1700,ダ,稍,晴,14,3歳以上1勝クラス,
2025-06-28_小倉09R_八代特別,202510020109,2000,芝,良,晴,8,八代特別,
2025-06-28_小倉10R_柳川特別,202510020110,1800,芝,良,晴,6,柳川特別,
2025-06-28_小倉11R_博多S,202510020111,1700,ダ,良,晴,16,博多S,
2025-06-28_小倉12R_3歳以上1勝クラス,202510020112,1200,芝,良,晴,14,3歳以上1勝クラス,
2025-06-28_福島09R_松島特別,202503020109,2000,芝,良,晴,8,松島特別,
2025-06-28_福島10R_いわき特別,202503020110,1700,ダ,良,晴,14,いわき特別,
2025-06-28_福島11R_バーデンバーデンC,202503020111,2000,芝,良,晴,16,バーデンバーデンC,
2025-06-28_福島12R_3歳以上1勝クラス,202503020112,1700,ダ,良,晴,15,3歳以上1勝クラス,
2025-06-29_函館09R_臥牛山特別,202502010609,2000,芝,良,晴,10,臥牛山特別,
2025-06-29_函館10R_渡島特別,202502010610,1700,ダ,良,晴,11,渡島特別,
2025-06-29_函館11R_函館記念,202502010611,2000,芝,良,晴,14,函館記念,
2025-06-29_函館12R_湯の川温泉特別,202502010612,1200,芝,良,晴,14,湯の川温泉特別,
2025-06-29_小倉09R_青島特別,202510020209,1800,芝,良,晴,8,青島特別,
2025-06-29_小倉10R_西部日刊スポーツ杯,202510020210,1700,ダ,良,晴,15,西部日刊スポーツ杯,
2025-06-29_小倉11R_佐世保S,202510020211,1200,芝,良,晴,13,佐世保S,
2025-06-29_小倉12R_3歳以上1勝クラス,202510020212,1700,ダ,良,晴,16,3歳以上1勝クラス,
2025-06-29_福島09R_郡山特別,202503020209,1200,芝,良,晴,11,郡山特別,
2025-06-29_福島10R_鶴ヶ城S,202503020210,1700,ダ,良,晴,15,鶴ヶ城S,
2025-06-29_福島11R_ラジオNIKKEI賞,202503020211,1800,芝,良,晴,14,ラジオNIKKEI賞,
2025-06-29_福島12R_3歳以上1勝クラス,202503020212,1200,芝,良,晴,14,3歳以上1勝クラス,
2025-07-05_函館09R_恵山特別,202502010709,1800,芝,稍,晴,8,恵山特別,
2025-07-05_函館10R_竜飛崎特別,202502010710,1700,ダ,重,晴,14,竜飛崎特別,
2025-07-05_函館11R_TVh杯,202502010711,1200,芝,稍,晴,14,TVh杯,
2025-07-05_函館12R_3歳以上1勝クラス,202502010712,1700,ダ,重,晴,13,3歳以上1勝クラス,
2025-07-05_小倉09R_ロイヤルバンコクSC賞,202510020309,2000,芝,良,晴,8,ロイヤルバンコクSC賞,
2025-07-05_小倉10R_TAインディア賞,202510020310,1700,ダ,良,晴,11,TAインディア賞,
2025-07-05_小倉11R_マレーシアC,202510020311,1800,芝,良,晴,11,マレーシアC,
2025-07-05_小倉12R_フィリピンT,202510020312,1200,芝,良,晴,10,フィリピンT,
2025-07-05_福島09R_伊達特別,202503020309,2000,芝,良,曇,10,伊達特別,
2025-07-05_福島10R_横手特別,202503020310,1700,ダ,良,晴,15,横手特別,
2025-07-05_福島11R_TUF杯,202503020311,1150,ダ,良,晴,16,TUF杯,
2025-07-05_福島12R_3歳以上1勝クラス,202503020312,1200,芝,良,晴,15,3歳以上1勝クラス,
2025-07-06_函館09R_立待岬特別,202502010809,1200,芝,稍,晴,11,立待岬特別,
2025-07-06_函館10R_横津岳特別,202502010810,2600,芝,稍,晴,10,横津岳特別,
2025-07-06_函館11R_大沼S,202502010811,1700,ダ,稍,晴,10,大沼S,
2025-07-06_函館12R_3歳以上1勝クラス,202502010812,1200,芝,稍,晴,10,3歳以上1勝クラス,
2025-07-06_小倉09R_小郡特別,202510020409,1200,芝,良,晴,8,小郡特別,
2025-07-06_小倉10R_九州スポーツ杯,202510020410,2600,芝,良,晴,7,九州スポーツ杯,
2025-07-06_小倉11R_北九州記念,202510020411,1200,芝,良,晴,18,北九州記念,
2025-07-06_小倉12R_3歳以上1勝クラス,202510020412,1700,ダ,良,晴,16,3歳以上1勝クラス,
2025-07-06_福島09R_さくらんぼ特別,202503020409,1150,ダ,良,晴,16,さくらんぼ特別,
2025-07-06_福島10R_白河特別,202503020410,1800,芝,良,晴,16,白河特別,
2025-07-06_福島11R_ジュライS,202503020411,1700,ダ,良,晴,15,ジュライS,
2025-07-06_福島12R_3歳以上1勝クラス,202503020412,1150,ダ,良,晴,15,3歳以上1勝クラス,
2025-07-12_函館09R_北斗特別,202502010909,2000,芝,良,晴,11,北斗特別,
2025-07-12_函館10R_HTB杯,202502010910,1200,芝,良,晴,11,HTB杯,
2025-07-12_函館11R_五稜郭S,202502010911,1800,芝,良,晴,14,五稜郭S,
2025-07-12_函館12R_3歳以上1勝クラス,202502010912,1000,ダ,良,晴,12,3歳以上1勝クラス,
2025-07-12_小倉09R_英彦山特別,202510020509,2600,芝,良,晴,11,英彦山特別,
2025-07-12_小倉10R_八女特別,202510020510,1700,ダ,良,晴,13,八女特別,
2025-07-12_小倉11R_釜山S,202510020511,1000,ダ,良,晴,10,釜山S,
2025-07-12_小倉12R_3歳以上1勝クラス,202510020512,1200,芝,良,晴,17,3歳以上1勝クラス,
2025-07-12_福島09R_信夫山特別,202503020509,2600,芝,良,曇,12,信夫山特別,
2025-07-12_福島10R_会津S,202503020510,1200,芝,良,曇,9,会津S,
2025-07-12_福島11R_安達太良S,202503020511,1200,芝,良,曇,14,安達太良S,
2025-07-12_福島12R_3歳以上1勝クラス,202503020512,1700,ダ,良,曇,15,3歳以上1勝クラス,
2025-07-13_函館09R_北海HC,202502011009,1800,芝,良,晴,12,北海HC,
2025-07-13_函館10R_噴火湾特別,202502011010,1000,ダ,良,晴,12,噴火湾特別,
2025-07-13_函館11R_巴賞,202502011011,1800,芝,良,晴,12,巴賞,
2025-07-13_函館12R_3歳以上1勝クラス,202502011012,1200,芝,良,晴,8,3歳以上1勝クラス,
2025-07-13_小倉09R_雲仙特別,202510020609,1000,ダ,良,曇,14,雲仙特別,
2025-07-13_小倉10R_西部スポニチ賞,202510020610,2000,芝,良,曇,9,西部スポニチ賞,
2025-07-13_小倉11R_阿蘇S,202510020611,1700,ダ,良,曇,16,阿蘇S,
2025-07-13_小倉12R_3歳以上1勝クラス,202510020612,1200,芝,良,曇,16,3歳以上1勝クラス,
2025-07-13_福島09R_織姫賞,202503020609,1800,芝,良,晴,13,織姫賞,
2025-07-13_福島10R_天の川S,202503020610,1700,ダ,良,晴,15,天の川S,
2025-07-13_福島11R_七夕賞,202503020611,2000,芝,良,晴,15,七夕賞,
2025-07-13_福島12R_彦星賞,202503020612,1200,芝,良,晴,9,彦星賞,
2025-07-19_函館09R_湯浜特別,202502011109,1800,芝,良,晴,14,湯浜特別,
2025-07-19_函館10R_かもめ島特別,202502011110,1800,芝,良,晴,14,かもめ島特別,
2025-07-19_函館11R_マリーンS,202502011111,1700,ダ,良,晴,14,マリーンS,
2025-07-19_函館12R_3歳以上1勝クラス,202502011112,1200,芝,良,晴,16,3歳以上1勝クラス,
2025-07-19_小倉09R_ひまわり賞,202510020709,1200,芝,良,晴,18,ひまわり賞,
2025-07-19_小倉10R_熊本城特別,202510020710,1700,ダ,重,曇,16,熊本城特別,
2025-07-19_小倉11R_テレQ杯,202510020711,1200,芝,良,曇,17,テレQ杯,
2025-07-19_小倉12R_3歳以上1勝クラス,202510020712,1700,ダ,重,曇,16,3歳以上1勝クラス,
2025-07-19_福島09R_開成山特別,202503020709,2600,芝,良,晴,8,開成山特別,
2025-07-19_福島10R_米沢特別,202503020710,1150,ダ,良,晴,16,米沢特別,
2025-07-19_福島11R_阿武隈S,202503020711,1800,芝,良,晴,11,阿武隈S,
2025-07-19_福島12R_3歳以上1勝クラス,202503020712,1150,ダ,良,晴,11,3歳以上1勝クラス,
2025-07-20_函館09R_潮騒特別,202502011209,1200,芝,良,晴,13,潮騒特別,
2025-07-20_函館10R_駒場特別,202502011210,1700,ダ,良,晴,12,駒場特別,
2025-07-20_函館11R_函館2歳S,202502011211,1200,芝,良,晴,12,函館2歳S,
2025-07-20_函館12R_3歳以上1勝クラス,202502011212,1700,ダ,良,晴,13,3歳以上1勝クラス,
2025-07-20_小倉09R_不知火特別,202510020809,1800,芝,良,晴,8,不知火特別,
2025-07-20_小倉10R_宮崎S,202510020810,1700,ダ,良,晴,13,宮崎S,
2025-07-20_小倉11R_小倉記念,202510020811,2000,芝,良,晴,16,小倉記念,
2025-07-20_小倉12R_耶馬渓特別,202510020812,1200,芝,良,晴,18,耶馬渓特別,
2025-07-20_福島09R_南相馬特別,202503020809,1200,芝,良,晴,11,南相馬特別,
2025-07-20_福島10R_猪苗代特別,202503020810,2000,芝,良,晴,10,猪苗代特別,
2025-07-20_福島11R_福島テレビ賞,202503020811,1150,ダ,良,晴,13,福島テレビ賞,
2025-07-20_福島12R_3歳以上1勝クラス,202503020812,1700,ダ,良,晴,15,3歳以上1勝クラス,
2025-07-26_中京09R_3歳以上障害OP,202507030109,3300,障,良,晴,8,3歳以上障害OP,
2025-07-26_中京10R_3歳以上1勝クラス,202507030110,1800,ダ,良,晴,11,3歳以上1勝クラス,
2025-07-26_中京11R_3歳未勝利,202507030111,2000,芝,良,晴,14,3歳未勝利,
2025-07-26_中京12R_3歳以上1勝クラス,202507030112,1600,芝,良,晴,10,3歳以上1勝クラス,
2025-07-26_新潟09R_3歳未勝利,202504020109,1200,ダ,良,晴,14,3歳未勝利,
2025-07-26_新潟10R_3歳以上1勝クラス,202504020110,1200,ダ,良,晴,14,3歳以上1勝クラス,
2025-07-26_新潟11R_3歳以上1勝クラス,202504020111,1800,芝,良,晴,14,3歳以上1勝クラス,
2025-07-26_新潟12R_3歳未勝利,202504020112,1400,芝,良,晴,17,3歳未勝利,
2025-07-26_札幌09R_3歳以上1勝クラス,202501010109,1700,ダ,良,小雨,13,3歳以上1勝クラス,
2025-07-26_札幌10R_ライラック賞,202501010110,2600,芝,良,小雨,13,ライラック賞,
2025-07-26_札幌11R_TVh賞,202501010111,1200,芝,良,小雨,12,TVh賞,
2025-07-26_札幌12R_桑園特別,202501010112,1700,ダ,良,小雨,14,桑園特別,
2025-07-27_中京09R_3歳以上1勝クラス,202507030209,1800,ダ,良,晴,9,3歳以上1勝クラス,
2025-07-27_中京10R_3歳以上1勝クラス,202507030210,1400,ダ,良,晴,12,3歳以上1勝クラス,
2025-07-27_中京11R_3歳未勝利,202507030211,2200,芝,良,晴,11,3歳未勝利,
2025-07-27_中京12R_3歳以上1勝クラス,202507030212,1200,芝,良,晴,9,3歳以上1勝クラス,
2025-07-27_新潟09R_3歳以上1勝クラス,202504020209,1800,ダ,良,晴,13,3歳以上1勝クラス,
2025-07-27_新潟10R_3歳未勝利,202504020210,2200,芝,良,晴,14,3歳未勝利,
2025-07-27_新潟11R_3歳未勝利,202504020211,1000,芝,良,晴,16,3歳未勝利,
2025-07-27_新潟12R_3歳以上1勝クラス,202504020212,1400,芝,良,晴,16,3歳以上1勝クラス,
2025-07-27_札幌09R_3歳以上1勝クラス,202501010209,1500,芝,稍,晴,9,3歳以上1勝クラス,
2025-07-27_札幌10R_ポプラS,202501010210,1700,ダ,重,晴,8,ポプラS,
2025-07-27_札幌11R_札幌日経賞,202501010211,2600,芝,稍,曇,10,札幌日経賞,
2025-07-27_札幌12R_羊ケ丘特別,202501010212,1500,芝,稍,曇,8,羊ケ丘特別,
2025-08-02_中京09R_3歳以上1勝クラス,202507030309,1800,ダ,良,晴,10,3歳以上1勝クラス,
2025-08-02_中京10R_3歳以上1勝クラス,202507030310,1400,ダ,良,晴,13,3歳以上1勝クラス,
2025-08-02_中京11R_3歳以上1勝クラス,202507030311,2000,芝,良,晴,13,3歳以上1勝クラス,
2025-08-02_中京12R_3歳未勝利,202507030312,1200,芝,良,晴,16,3歳未勝利,
2025-08-02_新潟09R_3歳以上障害OP,202504020309,2850,障,良,晴,9,3歳以上障害OP,
2025-08-02_新潟10R_3歳以上1勝クラス,202504020310,1800,ダ,良,晴,13,3歳以上1勝クラス,
2025-08-02_新潟11R_3歳未勝利,202504020311,1600,芝,良,晴,17,3歳未勝利,
2025-08-02_新潟12R_3歳未勝利,202504020312,2000,芝,良,晴,12,3歳未勝利,
2025-08-02_札幌09R_3歳以上1勝クラス,202501010309,1200,芝,良,晴,10,3歳以上1勝クラス,
2025-08-02_札幌10R_釧路湿原特別,202501010310,1800,芝,良,晴,14,釧路湿原特別,
2025-08-02_札幌11R_STV賞,202501010311,2000,芝,良,晴,16,STV賞,
2025-08-02_札幌12R_大倉山特別,202501010312,1700,ダ,良,晴,14,大倉山特別,
2025-08-03_中京09R_3歳未勝利,202507030409,2000,芝,良,晴,18,3歳未勝利,
2025-08-03_中京10R_3歳以上1勝クラス,202507030410,1200,ダ,良,晴,16,3歳以上1勝クラス,
2025-08-03_中京11R_3歳以上1勝クラス,202507030411,2200,芝,良,晴,8,3歳以上1勝クラス,
2025-08-03_中京12R_3歳以上1勝クラス,202507030412,1400,芝,良,晴,18,3歳以上1勝クラス,
2025-08-03_新潟09R_3歳未勝利,202504020409,1800,ダ,良,晴,15,3歳未勝利,
2025-08-03_新潟10R_3歳以上1勝クラス,202504020410,1200,ダ,良,晴,15,3歳以上1勝クラス,
2025-08-03_新潟11R_3歳未勝利,202504020411,2000,芝,良,晴,14,3歳未勝利,
2025-08-03_新潟12R_3歳以上1勝クラス,202504020412,1200,芝,良,晴,12,3歳以上1勝クラス,
2025-08-03_札幌09R_3歳以上2勝クラス,202501010409,1000,ダ,良,晴,10,3歳以上2勝クラス,
2025-08-03_札幌10R_苫小牧特別,202501010410,1200,芝,良,晴,13,苫小牧特別,
2025-08-03_札幌11R_クイーンS,202501010411,1800,芝,良,晴,14,クイーンS,
2025-08-03_札幌12R_積丹特別,202501010412,2600,芝,良,晴,8,積丹特別,
2025-08-09_中京09R_3歳以上1勝クラス,202507030509,1800,ダ,良,晴,9,3歳以上1勝クラス,
2025-08-09_中京10R_3歳以上1勝クラス,202507030510,1400,ダ,良,晴,15,3歳以上1勝クラス,
2025-08-09_中京11R_3歳未勝利,202507030511,1400,芝,良,晴,18,3歳未勝利,
2025-08-09_中京12R_3歳以上1勝クラス,202507030512,1600,芝,良,晴,12,3歳以上1勝クラス,
2025-08-09_新潟09R_3歳以上1勝クラス,202504020509,1800,ダ,良,晴,14,3歳以上1勝クラス,
2025-08-09_新潟10R_3歳以上2勝クラス,202504020510,1200,ダ,良,晴,15,3歳以上2勝クラス,
2025-08-09_新潟11R_3歳未勝利,202504020511,1000,芝,良,晴,18,3歳未勝利,
2025-08-09_新潟12R_3歳未勝利,202504020512,1400,芝,良,晴,18,3歳未勝利,
2025-08-09_札幌09R_3歳以上1勝クラス,202501010509,1800,芝,稍,晴,10,3歳以上1勝クラス,
2025-08-09_札幌10R_藻岩山特別,202501010510,2000,芝,稍,晴,11,藻岩山特別,
2025-08-09_札幌11R_エルムS,202501010511,1700,ダ,稍,晴,14,エルムS,
2025-08-09_札幌12R_厚岸特別,202501010512,1500,芝,良,晴,11,厚岸特別,
2025-08-10_中京09R_3歳未勝利,202507030609,2000,芝,良,曇,14,3歳未勝利,
2025-08-10_中京10R_3歳以上1勝クラス,202507030610,1900,ダ,良,曇,13,3歳以上1勝クラス,
2025-08-10_中京11R_3歳未勝利,202507030611,1600,芝,良,曇,16,3歳未勝利,
2025-08-10_中京12R_3歳以上1勝クラス,202507030612,1400,芝,良,曇,15,3歳以上1勝クラス,
2025-08-10_新潟09R_3歳未勝利,202504020609,1200,ダ,不,雨,14,3歳未勝利,
2025-08-10_新潟10R_3歳以上1勝クラス,202504020610,1800,ダ,不,雨,15,3歳以上1勝クラス,
2025-08-10_新潟11R_3歳以上1勝クラス,202504020611,2000,芝,重,雨,14,3歳以上1勝クラス,
2025-08-10_新潟12R_3歳以上1勝クラス,202504020612,1400,芝,重,雨,18,3歳以上1勝クラス,
2025-08-10_札幌09R_3歳以上1勝クラス,202501010609,2000,芝,良,曇,9,3歳以上1勝クラス,
2025-08-10_札幌10R_摩周湖特別,202501010610,1500,芝,良,曇,14,摩周湖特別,
2025-08-10_札幌11R_UHB賞,202501010611,1200,芝,良,曇,16,UHB賞,
2025-08-10_札幌12R_Fビレッジ特別,202501010612,1700,ダ,良,曇,14,Fビレッジ特別,
2025-08-16_中京09R_3歳以上1勝クラス,202507030709,1200,ダ,良,晴,16,3歳以上1勝クラス,
2025-08-16_中京10R_3歳以上1勝クラス,202507030710,1800,ダ,良,晴,8,3歳以上1勝クラス,
2025-08-16_中京11R_3歳未勝利,202507030711,1400,芝,良,晴,17,3歳未勝利,
2025-08-16_中京12R_3歳以上1勝クラス,202507030712,1600,芝,良,晴,10,3歳以上1勝クラス,
2025-08-16_新潟09R_新潟JS,202504020709,3250,障,良,晴,14,新潟JS,
2025-08-16_新潟10R_3歳未勝利,202504020710,1800,ダ,良,晴,15,3歳未勝利,
2025-08-16_新潟11R_3歳以上1勝クラス,202504020711,1000,芝,良,晴,18,3歳以上1勝クラス,
2025-08-16_新潟12R_3歳未勝利,202504020712,2000,芝,良,晴,17,3歳未勝利,
2025-08-16_札幌09R_コスモス賞,202501010709,1800,芝,良,晴,8,コスモス賞,
2025-08-16_札幌10R_知床特別,202501010710,1200,芝,良,晴,13,知床特別,
2025-08-16_札幌11R_大雪HC,202501010711,1700,ダ,良,晴,14,大雪HC,
2025-08-16_札幌12R_石狩特別,202501010712,1800,芝,良,晴,12,石狩特別,
2025-08-17_中京09R_3歳未勝利,202507030809,1200,ダ,良,晴,16,3歳未勝利,
2025-08-17_中京10R_3歳以上1勝クラス,202507030810,1400,ダ,良,晴,16,3歳以上1勝クラス,
2025-08-17_中京11R_3歳未勝利,202507030811,1600,芝,良,晴,15,3歳未勝利,
2025-08-17_中京12R_3歳以上1勝クラス,202507030812,1200,芝,良,晴,18,3歳以上1勝クラス,
2025-08-17_新潟09R_3歳以上1勝クラス,202504020809,1200,ダ,良,晴,15,3歳以上1勝クラス,
2025-08-17_新潟10R_3歳以上1勝クラス,202504020810,1800,ダ,良,晴,10,3歳以上1勝クラス,
2025-08-17_新潟11R_3歳以上1勝クラス,202504020811,2400,芝,良,晴,11,3歳以上1勝クラス,
2025-08-17_新潟12R_3歳未勝利,202504020812,1200,芝,良,晴,18,3歳未勝利,
2025-08-17_札幌09R_小樽特別,202501010809,1200,芝,稍,曇,16,小樽特別,
2025-08-17_札幌10R_大通公園特別,202501010810,1000,ダ,稍,曇,11,大通公園特別,
2025-08-17_札幌11R_札幌記念,202501010811,2000,芝,稍,曇,16,札幌記念,
2025-08-17_札幌12R_阿寒湖特別,202501010812,2600,芝,稍,曇,14,阿寒湖特別,
2025-08-23_中京09R_長良川特別,202507040109,2200,芝,良,晴,6,長良川特別,
2025-08-23_中京10R_有松特別,202507040110,1600,芝,良,晴,13,有松特別,
2025-08-23_中京11R_伊賀S,202507040111,1400,ダ,良,晴,16,伊賀S,
2025-08-23_中京12R_3歳以上1勝クラス,202507040112,1800,ダ,良,晴,7,3歳以上1勝クラス,
2025-08-23_新潟09R_岩室温泉特別,202504030109,1200,ダ,良,晴,15,岩室温泉特別,
2025-08-23_新潟10R_飯豊特別,202504030110,1400,芝,良,晴,17,飯豊特別,
2025-08-23_新潟11R_BSN賞,202504030111,1800,ダ,良,晴,12,BSN賞,
2025-08-23_新潟12R_3歳以上1勝クラス,202504030112,1600,芝,良,晴,12,3歳以上1勝クラス,
2025-08-23_札幌09R_クローバー賞,202501020109,1500,芝,良,晴,9,クローバー賞,
2025-08-23_札幌10R_WASJ第1戦,202501020110,1200,芝,良,晴,14,WASJ第1戦,
2025-08-23_札幌11R_WASJ第2戦,202501020111,2000,芝,良,晴,14,WASJ第2戦,
2025-08-23_札幌12R_ニセコ特別,202501020112,1700,ダ,稍,晴,7,ニセコ特別,
2025-08-24_中京09R_賢島特別,202507040209,1400,芝,良,晴,14,賢島特別,
2025-08-24_中京10R_大府特別,202507040210,1800,ダ,良,晴,16,大府特別,
2025-08-24_中京11R_長篠S,202507040211,1200,芝,良,晴,9,長篠S,
2025-08-24_中京12R_3歳以上1勝クラス,202507040212,1400,ダ,良,晴,14,3歳以上1勝クラス,
2025-08-24_新潟09R_長岡S,202504030209,1600,芝,良,晴,18,長岡S,
2025-08-24_新潟10R_朱鷺S,202504030210,1400,芝,良,晴,13,朱鷺S,
2025-08-24_新潟11R_新潟2歳S,202504030211,1600,芝,良,晴,10,新潟2歳S,
2025-08-24_新潟12R_3歳以上1勝クラス,202504030212,1200,ダ,良,晴,15,3歳以上1勝クラス,
2025-08-24_札幌09R_ルスツ特別,202501020209,2000,芝,良,晴,13,ルスツ特別,
2025-08-24_札幌10R_WASJ第3戦,202501020210,1700,ダ,良,晴,14,WASJ第3戦,
2025-08-24_札幌11R_キーンランドC,202501020211,1200,芝,良,晴,16,キーンランドC,
2025-08-24_札幌12R_WASJ第4戦,202501020212,1800,芝,良,晴,14,WASJ第4戦,
2025-08-30_中京09R_清洲特別,202507040309,1200,ダ,良,晴,16,清洲特別,
2025-08-30_中京10R_桑名特別,202507040310,1400,芝,良,晴,11,桑名特別,
2025-08-30_中京11R_名古屋城S,202507040311,1800,ダ,良,晴,16,名古屋城S,
2025-08-30_中京12R_3歳以上1勝クラス,202507040312,1400,ダ,良,晴,12,3歳以上1勝クラス,
2025-08-30_新潟09R_新発田城特別,202504030309,1400,芝,良,晴,18,新発田城特別,
2025-08-30_新潟10R_赤倉特別,202504030310,1800,芝,良,晴,13,赤倉特別,
2025-08-30_新潟11R_日本海S,202504030311,2200,芝,良,晴,16,日本海S,
2025-08-30_新潟12R_3歳以上1勝クラス,202504030312,1200,ダ,良,晴,15,3歳以上1勝クラス,
2025-08-30_札幌09R_すずらん賞,202501020309,1200,芝,稍,曇,13,すずらん賞,
2025-08-30_札幌10R_千歳特別,202501020310,1700,ダ,重,曇,14,千歳特別,
2025-08-30_札幌11R_札幌日刊スポーツ杯,202501020311,2000,芝,稍,曇,14,札幌日刊スポーツ杯,
2025-08-30_札幌12R_3歳以上1勝クラス,202501020312,1200,芝,稍,曇,16,3歳以上1勝クラス,
2025-08-31_中京09R_美濃特別,202507040409,2200,芝,良,晴,8,美濃特別,
2025-08-31_中京10R_白川郷S,202507040410,1900,ダ,良,晴,16,白川郷S,
2025-08-31_中京11R_中京2歳S,202507040411,1400,芝,良,晴,13,中京2歳S,
2025-08-31_中京12R_3歳以上1勝クラス,202507040412,1200,ダ,良,晴,14,3歳以上1勝クラス,
2025-08-31_新潟09R_瓢湖特別,202504030409,2200,芝,良,晴,12,瓢湖特別,
2025-08-31_新潟10R_両津湾特別,202504030410,1800,ダ,良,晴,11,両津湾特別,
2025-08-31_新潟11R_新潟記念,202504030411,2000,芝,良,晴,17,新潟記念,
2025-08-31_新潟12R_雷光特別,202504030412,1000,芝,良,晴,12,雷光特別,
2025-08-31_札幌09R_北辰特別,202501020409,2600,芝,稍,曇,14,北辰特別,
2025-08-31_札幌10R_HBC賞,202501020410,1200,芝,稍,曇,16,HBC賞,
2025-08-31_札幌11R_日高S,202501020411,1500,芝,稍,曇,13,日高S,
2025-08-31_札幌12R_3歳以上1勝クラス,202501020412,1700,ダ,稍,曇,12,3歳以上1勝クラス,
2025-09-06_中山09R_古作特別,202506040109,1800,芝,良,晴,11,古作特別,
2025-09-06_中山10R_白井特別,202506040110,2000,芝,良,晴,8,白井特別,
2025-09-06_中山11R_京成杯AH,202506040111,1600,芝,良,晴,16,京成杯AH,
2025-09-06_中山12R_3歳以上1勝クラス,202506040112,1200,ダ,稍,晴,16,3歳以上1勝クラス,
2025-09-06_札幌09R_富良野特別,202501020509,2000,芝,良,曇,15,富良野特別,
2025-09-06_札幌10R_札幌スポニチ賞,202501020510,1200,芝,良,曇,16,札幌スポニチ賞,
2025-09-06_札幌11R_札幌2歳S,202501020511,1800,芝,良,曇,12,札幌2歳S,
2025-09-06_札幌12R_3歳以上1勝クラス,202501020512,1700,ダ,良,曇,14,3歳以上1勝クラス,
2025-09-06_阪神09R_出石特別,202509040109,1800,ダ,稍,晴,9,出石特別,
2025-09-06_阪神10R_西宮S,202509040110,1800,芝,良,晴,12,西宮S,
2025-09-06_阪神11R_エニフS,202509040111,1400,ダ,稍,晴,14,エニフS,
2025-09-06_阪神12R_3歳以上1勝クラス,202509040112,1400,ダ,稍,晴,13,3歳以上1勝クラス,
2025-09-07_中山09R_浦安特別,202506040209,1200,ダ,良,晴,16,浦安特別,
2025-09-07_中山10R_セプテンバーS,202506040210,1200,芝,良,晴,13,セプテンバーS,
2025-09-07_中山11R_紫苑S,202506040211,2000,芝,良,晴,13,紫苑S,
2025-09-07_中山12R_3歳以上1勝クラス,202506040212,1200,芝,良,晴,16,3歳以上1勝クラス,
2025-09-07_札幌09R_旭川特別,202501020609,1700,ダ,稍,晴,14,旭川特別,
2025-09-07_札幌10R_HTB賞,202501020610,1800,芝,稍,晴,14,HTB賞,
2025-09-07_札幌11R_丹頂S,202501020611,2600,芝,稍,晴,12,丹頂S,
2025-09-07_札幌12R_3歳以上1勝クラス,202501020612,1700,ダ,稍,晴,14,3歳以上1勝クラス,
2025-09-07_阪神09R_3歳以上1勝クラス,202509040209,1200,芝,良,晴,13,3歳以上1勝クラス,
2025-09-07_阪神10R_オークランドTRT,202509040210,1200,ダ,良,晴,12,オークランドTRT,
2025-09-07_阪神11R_セントウルS,202509040211,1200,芝,良,晴,16,セントウルS,
2025-09-07_阪神12R_3歳以上2勝クラス,202509040212,1400,ダ,良,晴,12,3歳以上2勝クラス,
2025-09-13_中山09R_松戸特別,202506040309,2400,ダ,不,曇,11,松戸特別,
2025-09-13_中山10R_汐留特別,202506040310,1200,芝,稍,晴,11,汐留特別,
2025-09-13_中山11R_初風S,202506040311,1200,ダ,重,曇,10,初風S,
2025-09-13_中山12R_3歳以上1勝クラス,202506040312,2000,芝,稍,曇,16,3歳以上1勝クラス,
2025-09-13_阪神09R_3歳以上1勝クラス,202509040309,1400,芝,良,曇,18,3歳以上1勝クラス,
2025-09-13_阪神10R_鳥取特別,202509040310,1800,ダ,良,曇,9,鳥取特別,
2025-09-13_阪神11R_チャレンジC,202509040311,2000,芝,良,曇,15,チャレンジC,
2025-09-13_阪神12R_3歳以上1勝クラス,202509040312,1800,ダ,良,曇,14,3歳以上1勝クラス,
2025-09-14_中山09R_御宿特別,202506040409,1600,芝,良,曇,8,御宿特別,
2025-09-14_中山10R_レインボーS,202506040410,2000,芝,良,曇,14,レインボーS,
2025-09-14_中山11R_ラジオ日本賞,202506040411,1200,ダ,稍,曇,16,ラジオ日本賞,
2025-09-14_中山12R_3歳以上1勝クラス,202506040412,1600,芝,良,曇,16,3歳以上1勝クラス,
2025-09-14_阪神09R_能勢特別,202509040409,2000,芝,良,曇,9,能勢特別,
2025-09-14_阪神10R_仲秋S,202509040410,1600,芝,良,曇,11,仲秋S,
2025-09-14_阪神11R_ローズS,202509040411,1800,芝,良,晴,18,ローズS,
2025-09-14_阪神12R_3歳以上1勝クラス,202509040412,1200,ダ,良,晴,16,3歳以上1勝クラス,
2025-09-15_中山09R_鋸山特別,202506040509,1800,ダ,良,曇,11,鋸山特別,
2025-09-15_中山10R_Mディープインパクト,202506040510,1800,芝,良,曇,9,Mディープインパクト,
2025-09-15_中山11R_セントライト記念,202506040511,2200,芝,良,曇,12,セントライト記念,
2025-09-15_中山12R_3歳以上1勝クラス,202506040512,1200,ダ,良,曇,16,3歳以上1勝クラス,
2025-09-15_阪神09R_新涼特別,202509040509,1200,ダ,良,晴,13,新涼特別,
2025-09-15_阪神10R_Mモーリス,202509040510,1400,芝,良,晴,9,Mモーリス,
2025-09-15_阪神11R_JRAアニバーサリーS,202509040511,1800,ダ,良,晴,14,JRAアニバーサリーS,
2025-09-15_阪神12R_3歳以上1勝クラス,202509040512,1400,ダ,良,晴,15,3歳以上1勝クラス,
2025-09-20_中山09R_カンナS,202506040609,1200,芝,良,曇,13,カンナS,
2025-09-20_中山10R_九十九里特別,202506040610,2500,芝,良,曇,9,九十九里特別,
2025-09-20_中山11R_イサ殿下御来場記念,202506040611,1800,ダ,重,小雨,15,イサ殿下御来場記念,
2025-09-20_中山12R_3歳以上2勝クラス,202506040612,1200,ダ,重,曇,16,3歳以上2勝クラス,
2025-09-20_阪神09R_3歳以上1勝クラス,202509040609,1400,ダ,良,曇,16,3歳以上1勝クラス,
2025-09-20_阪神10R_夕月特別,202509040610,2000,芝,良,曇,7,夕月特別,
2025-09-20_阪神11R_大阪スポーツ杯,202509040611,1400,ダ,良,曇,13,大阪スポーツ杯,
2025-09-20_阪神12R_3歳以上2勝クラス,202509040612,1800,ダ,良,曇,16,3歳以上2勝クラス,
2025-09-21_中山09R_木更津特別,202506040709,1600,芝,良,曇,9,木更津特別,
2025-09-21_中山10R_内房S,202506040710,1800,ダ,良,曇,16,内房S,
2025-09-21_中山11R_オールカマー,202506040711,2200,芝,良,曇,11,オールカマー,
2025-09-21_中山12R_3歳以上2勝クラス,202506040712,1800,ダ,良,曇,16,3歳以上2勝クラス,
2025-09-21_阪神09R_北摂特別,202509040709,1200,芝,良,曇,10,北摂特別,
2025-09-21_阪神10R_ムーンライトHC,202509040710,2200,芝,良,曇,9,ムーンライトHC,
2025-09-21_阪神11R_神戸新聞杯,202509040711,2400,芝,良,曇,10,神戸新聞杯,
2025-09-21_阪神12R_3歳以上2勝クラス,202509040712,1400,ダ,良,曇,16,3歳以上2勝クラス,
2025-09-27_中山09R_芙蓉S,202506040809,2000,芝,良,晴,9,芙蓉S,
2025-09-27_中山10R_勝浦特別,202506040810,1200,芝,良,晴,16,勝浦特別,
2025-09-27_中山11R_秋風S,202506040811,1600,芝,良,晴,16,秋風S,
2025-09-27_中山12R_3歳以上2勝クラス,202506040812,1200,ダ,良,晴,16,3歳以上2勝クラス,
2025-09-27_阪神09R_ヤマボウシ賞,202509040809,1400,ダ,良,晴,8,ヤマボウシ賞,
2025-09-27_阪神10R_道頓堀S,202509040810,1200,芝,良,晴,16,道頓堀S,
2025-09-27_阪神11R_シリウスS,202509040811,2000,ダ,良,晴,14,シリウスS,
2025-09-27_阪神12R_3歳以上2勝クラス,202509040812,1200,ダ,良,晴,16,3歳以上2勝クラス,
2025-09-28_中山09R_サフラン賞,202506040909,1600,芝,良,晴,8,サフラン賞,
2025-09-28_中山10R_茨城新聞杯,202506040910,2000,芝,良,晴,13,茨城新聞杯,
2025-09-28_中山11R_スプリンターズS,202506040911,1200,芝,良,晴,16,スプリンターズS,
2025-09-28_中山12R_外房S,202506040912,1200,ダ,良,晴,16,外房S,
2025-09-28_阪神09R_兵庫特別,202509040909,2400,芝,良,曇,12,兵庫特別,
2025-09-28_阪神10R_堺S,202509040910,1800,ダ,良,曇,16,堺S,
2025-09-28_阪神11R_ポートアイランドS,202509040911,1600,芝,良,曇,12,ポートアイランドS,
2025-09-28_阪神12R_3歳以上2勝クラス,202509040912,2000,ダ,良,曇,14,3歳以上2勝クラス,
2025-10-04_京都09R_りんどう賞,202508030109,1400,芝,重,小雨,8,りんどう賞,
2025-10-04_京都10R_大山崎S,202508030110,1200,ダ,不,小雨,16,大山崎S,
2025-10-04_京都11R_オパールS,202508030111,1200,芝,重,曇,18,オパールS,
2025-10-04_京都12R_3歳以上2勝クラス,202508030112,1800,ダ,不,曇,13,3歳以上2勝クラス,
2025-10-04_東京09R_八ケ岳特別,202505040109,1800,芝,良,曇,12,八ケ岳特別,
2025-10-04_東京10R_白秋S,202505040110,1400,芝,良,小雨,15,白秋S,
2025-10-04_東京11R_グリーンチャンネルC,202505040111,1600,ダ,良,曇,16,グリーンチャンネルC,
2025-10-04_東京12R_3歳以上2勝クラス,202505040112,1400,ダ,良,曇,16,3歳以上2勝クラス,
2025-10-05_京都09R_大原S,202508030209,2000,芝,稍,曇,9,大原S,
2025-10-05_京都10R_藤森S,202508030210,1200,ダ,重,曇,16,藤森S,
2025-10-05_京都11R_京都大賞典,202508030211,2400,芝,稍,曇,18,京都大賞典,
2025-10-05_京都12R_3歳以上2勝クラス,202508030212,1200,芝,稍,曇,16,3歳以上2勝クラス,
2025-10-05_東京09R_tvk賞,202505040209,1400,芝,良,曇,18,tvk賞,
2025-10-05_東京10R_赤富士S,202505040210,1600,ダ,良,曇,16,赤富士S,
2025-10-05_東京11R_毎日王冠,202505040211,1800,芝,良,曇,11,毎日王冠,
2025-10-05_東京12R_3歳以上2勝クラス,202505040212,1600,ダ,良,曇,16,3歳以上2勝クラス,
2025-10-11_京都09R_3歳以上1勝クラス,202508030309,1800,ダ,良,曇,12,3歳以上1勝クラス,
2025-10-11_京都10R_宇治川特別,202508030310,1400,芝,良,晴,13,宇治川特別,
2025-10-11_京都11R_御陵S,202508030311,1900,ダ,良,晴,16,御陵S,
2025-10-11_京都12R_3歳以上1勝クラス,202508030312,1400,ダ,良,晴,16,3歳以上1勝クラス,
2025-10-11_東京09R_陣馬特別,202505040309,2400,芝,良,雨,10,陣馬特別,
2025-10-11_東京10R_東村山特別,202505040310,2100,ダ,稍,雨,16,東村山特別,
2025-10-11_東京11R_サウジアラビアRC,202505040311,1600,芝,良,小雨,8,サウジアラビアRC,
2025-10-11_東京12R_3歳以上1勝クラス,202505040312,1400,ダ,稍,小雨,16,3歳以上1勝クラス,
2025-10-12_京都09R_円山特別,202508030409,1200,ダ,良,小雨,14,円山特別,
2025-10-12_京都10R_三年坂S,202508030410,1600,芝,良,曇,13,三年坂S,
2025-10-12_京都11R_太秦S,202508030411,1800,ダ,良,曇,9,太秦S,
2025-10-12_京都12R_3歳以上1勝クラス,202508030412,1600,芝,良,曇,18,3歳以上1勝クラス,
2025-10-12_東京09R_鷹巣山特別,202505040409,1600,芝,良,曇,16,鷹巣山特別,
2025-10-12_東京10R_テレビ静岡賞,202505040410,1400,ダ,良,曇,16,テレビ静岡賞,
2025-10-12_東京11R_アイルランドT,202505040411,1800,芝,良,曇,16,アイルランドT,
2025-10-12_東京12R_3歳以上2勝クラス,202505040412,1300,ダ,良,曇,16,3歳以上2勝クラス,
2025-10-13_京都09R_蹴上特別,202508030509,1800,ダ,良,曇,12,蹴上特別,
2025-10-13_京都10R_堀川特別,202508030510,1800,芝,良,曇,10,堀川特別,
2025-10-13_京都11R_スワンS,202508030511,1400,芝,良,晴,18,スワンS,
2025-10-13_京都12R_3歳以上1勝クラス,202508030512,1200,ダ,良,晴,16,3歳以上1勝クラス,
2025-10-13_東京09R_3歳以上1勝クラス,202505040509,1600,芝,良,曇,18,3歳以上1勝クラス,
2025-10-13_東京10R_昇仙峡S,202505040510,2400,芝,良,曇,8,昇仙峡S,
2025-10-13_東京11R_オクトーバーS,202505040511,2000,芝,良,曇,18,オクトーバーS,
2025-10-13_東京12R_3歳以上1勝クラス,202505040512,1300,ダ,良,晴,16,3歳以上1勝クラス,
2025-10-18_京都09R_3歳以上2勝クラス,202508030609,1400,ダ,稍,曇,13,3歳以上2勝クラス,
2025-10-18_京都10R_清滝特別,202508030610,2200,芝,良,曇,10,清滝特別,
2025-10-18_京都11R_トルマリンS,202508030611,1800,ダ,稍,曇,16,トルマリンS,
2025-10-18_京都12R_3歳以上1勝クラス,202508030612,1400,芝,良,曇,15,3歳以上1勝クラス,
2025-10-18_新潟09R_岩船特別,202504040109,2200,芝,良,曇,15,岩船特別,
2025-10-18_新潟10R_妙高特別,202504040110,1200,ダ,良,曇,15,妙高特別,
2025-10-18_新潟11R_北陸S,202504040111,1200,芝,良,曇,18,北陸S,
2025-10-18_新潟12R_3歳以上1勝クラス,202504040112,1000,芝,良,小雨,18,3歳以上1勝クラス,
2025-10-18_東京09R_アイビーS,202505040609,1800,芝,良,晴,7,アイビーS,
2025-10-18_東京10R_伊勢佐木S,202505040610,2100,ダ,良,曇,16,伊勢佐木S,
2025-10-18_東京11R_富士S,202505040611,1600,芝,良,曇,14,富士S,
2025-10-18_東京12R_3歳以上2勝クラス,202505040612,1400,ダ,良,曇,14,3歳以上2勝クラス,
2025-10-19_京都09R_もみじS,202508030709,1400,芝,良,曇,7,もみじS,
2025-10-19_京都10R_京都競馬場開設100周年記念,202508030710,1400,ダ,良,曇,16,京都競馬場開設100周年記念,
2025-10-19_京都11R_秋華賞,202508030711,2000,芝,良,曇,18,秋華賞,
2025-10-19_京都12R_聚楽第特別,202508030712,1800,ダ,良,曇,14,聚楽第特別,
2025-10-19_新潟09R_松浜特別,202504040209,2000,芝,稍,曇,15,松浜特別,
2025-10-19_新潟10R_飛翼特別,202504040210,1000,芝,良,曇,18,飛翼特別,
2025-10-19_新潟11R_新潟牝馬S,202504040211,2200,芝,良,曇,14,新潟牝馬S,
2025-10-19_新潟12R_3歳以上1勝クラス,202504040212,1200,ダ,稍,曇,14,3歳以上1勝クラス,
2025-10-19_東京09R_東京ハイジャンプ,202505040709,3110,障,良,曇,10,東京ハイジャンプ,
2025-10-19_東京10R_西湖特別,202505040710,1600,ダ,良,曇,13,西湖特別,
2025-10-19_東京11R_ブラジルC,202505040711,2100,ダ,良,小雨,12,ブラジルC,
2025-10-19_東京12R_甲斐路S,202505040712,1800,芝,良,小雨,18,甲斐路S,
2025-10-25_京都09R_北國新聞杯,202508030809,1900,ダ,良,曇,16,北國新聞杯,
2025-10-25_京都10R_長岡京S,202508030810,1400,芝,良,曇,13,長岡京S,
2025-10-25_京都11R_カシオペアS,202508030811,1800,芝,良,曇,10,カシオペアS,
2025-10-25_京都12R_3歳以上1勝クラス,202508030812,1800,芝,良,雨,10,3歳以上1勝クラス,
2025-10-25_新潟09R_稲光特別,202504040309,1000,芝,良,曇,18,稲光特別,
2025-10-25_新潟10R_菅名岳特別,202504040310,1800,ダ,良,曇,15,菅名岳特別,
2025-10-25_新潟11R_魚沼S,202504040311,2000,芝,良,曇,18,魚沼S,
2025-10-25_新潟12R_3歳以上1勝クラス,202504040312,1400,芝,良,曇,17,3歳以上1勝クラス,
2025-10-25_東京09R_精進湖特別,202505040809,1400,芝,稍,雨,12,精進湖特別,
2025-10-25_東京10R_河口湖S,202505040810,1600,ダ,稍,雨,16,河口湖S,
2025-10-25_東京11R_アルテミスS,202505040811,1600,芝,稍,雨,10,アルテミスS,
2025-10-25_東京12R_3歳以上2勝クラス,202505040812,1400,ダ,稍,雨,13,3歳以上2勝クラス,
2025-10-26_京都09R_萩S,202508030909,1800,芝,稍,曇,8,萩S,
2025-10-26_京都10R_カノープスS,202508030910,1800,ダ,重,曇,14,カノープスS,
2025-10-26_京都11R_菊花賞,202508030911,3000,芝,稍,小雨,18,菊花賞,
2025-10-26_京都12R_嵯峨野特別,202508030912,1400,ダ,重,曇,16,嵯峨野特別,
2025-10-26_新潟09R_柏崎特別,202504040409,1600,芝,稍,雨,14,柏崎特別,
2025-10-26_新潟10R_村上特別,202504040410,2000,芝,稍,雨,16,村上特別,
2025-10-26_新潟11R_ルミエールAD,202504040411,1000,芝,稍,雨,17,ルミエールAD,
2025-10-26_新潟12R_3歳以上1勝クラス,202504040412,1200,ダ,重,雨,12,3歳以上1勝クラス,
2025-10-26_東京09R_三鷹特別,202505040909,1600,ダ,不,曇,13,三鷹特別,
2025-10-26_東京10R_山中湖特別,202505040910,1800,芝,稍,曇,11,山中湖特別,
2025-10-26_東京11R_神無月S,202505040911,1400,ダ,不,小雨,16,神無月S,
2025-10-26_東京12R_3歳以上1勝クラス,202505040912,1600,ダ,不,小雨,16,3歳以上1勝クラス,
2025-11-01_京都09R_北野特別,202508031009,2000,芝,良,晴,12,北野特別,
2025-11-01_京都10R_ハロウィンS,202508031010,1800,ダ,重,晴,14,ハロウィンS,
2025-11-01_京都11R_ファンタジーS,202508031011,1400,芝,良,晴,12,ファンタジーS,
2025-11-01_京都12R_3歳以上1勝クラス,202508031012,1600,芝,良,晴,15,3歳以上1勝クラス,
2025-11-01_東京09R_本栖湖特別,202505041009,2400,芝,良,曇,8,本栖湖特別,
2025-11-01_東京10R_紅葉S,202505041010,1600,芝,良,曇,12,紅葉S,
2025-11-01_東京11R_ペルセウスS,202505041011,1600,ダ,重,晴,16,ペルセウスS,
2025-11-01_東京12R_3歳以上1勝クラス,202505041012,1800,芝,良,晴,15,3歳以上1勝クラス,
2025-11-02_京都09R_もちの木賞,202508031109,1800,ダ,稍,晴,16,もちの木賞,
2025-11-02_京都10R_古都S,202508031110,3000,芝,良,晴,13,古都S,
2025-11-02_京都11R_まほろばS,202508031111,1600,芝,良,晴,15,まほろばS,
2025-11-02_京都12R_3歳以上2勝クラス,202508031112,1400,芝,良,晴,12,3歳以上2勝クラス,
2025-11-02_東京09R_国立特別,202505041109,1600,芝,良,曇,10,国立特別,
2025-11-02_東京10R_秋嶺S,202505041110,1300,ダ,重,曇,12,秋嶺S,
2025-11-02_東京11R_天皇賞(秋),202505041111,2000,芝,良,曇,14,天皇賞(秋),
2025-11-02_東京12R_清里特別,202505041112,1600,ダ,重,曇,13,清里特別,
2025-11-08_京都09R_亀岡特別,202508040109,1400,ダ,良,晴,16,亀岡特別,
2025-11-08_京都10R_清水S,202508040110,1600,芝,良,晴,12,清水S,
2025-11-08_京都11R_室町S,202508040111,1200,ダ,良,晴,16,室町S,
2025-11-08_京都12R_3歳以上1勝クラス,202508040112,2000,芝,良,晴,14,3歳以上1勝クラス,
2025-11-08_東京09R_神奈川新聞杯,202505050109,2100,ダ,良,晴,13,神奈川新聞杯,
2025-11-08_東京10R_錦秋S,202505050110,1600,ダ,良,晴,11,錦秋S,
2025-11-08_東京11R_京王杯2歳S,202505050111,1400,芝,良,晴,16,京王杯2歳S,
2025-11-08_東京12R_3歳以上1勝クラス,202505050112,1600,芝,良,晴,14,3歳以上1勝クラス,
2025-11-08_福島09R_三春駒特別,202503030109,2000,芝,良,晴,16,三春駒特別,
2025-11-08_福島10R_飯坂温泉特別,202503030110,1200,芝,良,晴,16,飯坂温泉特別,
2025-11-08_福島11R_キビタキS,202503030111,1200,芝,良,晴,16,キビタキS,
2025-11-08_福島12R_3歳以上1勝クラス,202503030112,1700,ダ,良,晴,15,3歳以上1勝クラス,
2025-11-09_京都09R_木津川特別,202508040209,1600,芝,重,雨,8,木津川特別,
2025-11-09_京都10R_貴船S,202508040210,1200,ダ,不,小雨,12,貴船S,
2025-11-09_京都11R_みやこS,202508040211,1800,ダ,不,小雨,15,みやこS,
2025-11-09_京都12R_3歳以上1勝クラス,202508040212,1400,芝,重,小雨,17,3歳以上1勝クラス,
2025-11-09_東京09R_オキザリス賞,202505050209,1400,ダ,稍,小雨,16,オキザリス賞,
2025-11-09_東京10R_イクイノックスM,202505050210,2000,芝,良,小雨,12,イクイノックスM,
2025-11-09_東京11R_アルゼンチン共和国杯,202505050211,2500,芝,良,曇,18,アルゼンチン共和国杯,
2025-11-09_東京12R_3歳以上2勝クラス,202505050212,1400,芝,良,曇,18,3歳以上2勝クラス,
2025-11-09_福島09R_二本松特別,202503030209,1800,芝,良,小雨,16,二本松特別,
2025-11-09_福島10R_河北新報杯,202503030210,1700,ダ,良,小雨,15,河北新報杯,
2025-11-09_福島11R_みちのくS,202503030211,1200,芝,良,小雨,16,みちのくS,
2025-11-09_福島12R_3歳以上1勝クラス,202503030212,1200,芝,良,小雨,16,3歳以上1勝クラス,
2025-11-15_京都09R_深草特別,202508040309,1200,ダ,良,晴,15,深草特別,
2025-11-15_京都10R_アンドロメダS,202508040310,2000,芝,良,晴,16,アンドロメダS,
2025-11-15_京都11R_デイリー杯2歳S,202508040311,1600,芝,良,晴,8,デイリー杯2歳S,
2025-11-15_京都12R_3歳以上1勝クラス,202508040312,1600,芝,良,晴,18,3歳以上1勝クラス,
2025-11-15_東京09R_三浦特別,202505050309,1600,ダ,良,晴,16,三浦特別,
2025-11-15_東京10R_奥多摩S,202505050310,1400,芝,良,晴,18,奥多摩S,
2025-11-15_東京11R_武蔵野S,202505050311,1600,ダ,良,晴,16,武蔵野S,
2025-11-15_東京12R_3歳以上2勝クラス,202505050312,1600,芝,良,晴,13,3歳以上2勝クラス,
2025-11-15_福島09R_土湯温泉特別,202503030309,1800,芝,良,晴,16,土湯温泉特別,
2025-11-15_福島10R_西郷特別,202503030310,1700,ダ,良,晴,15,西郷特別,
2025-11-15_福島11R_フルーツラインC,202503030311,1150,ダ,良,晴,16,フルーツラインC,
2025-11-15_福島12R_3歳以上1勝クラス,202503030312,1200,芝,良,晴,16,3歳以上1勝クラス,
2025-11-16_京都09R_黄菊賞,202508040409,2000,芝,良,晴,8,黄菊賞,
2025-11-16_京都10R_天橋立S,202508040410,1800,ダ,良,晴,14,天橋立S,
2025-11-16_京都11R_エリザベス女王杯,202508040411,2200,芝,良,晴,16,エリザベス女王杯,
2025-11-16_京都12R_ドンカスターC,202508040412,1800,芝,良,晴,12,ドンカスターC,
2025-11-16_東京09R_銀嶺S,202505050409,1400,ダ,良,晴,14,銀嶺S,
2025-11-16_東京10R_ユートピアS,202505050410,1800,芝,良,晴,11,ユートピアS,
2025-11-16_東京11R_オーロC,202505050411,1400,芝,良,晴,18,オーロC,
2025-11-16_東京12R_3歳以上1勝クラス,202505050412,2000,芝,良,晴,13,3歳以上1勝クラス,
2025-11-16_福島09R_福島2歳S,202503030409,1200,芝,良,晴,16,福島2歳S,
2025-11-16_福島10R_三陸特別,202503030410,2600,芝,良,晴,16,三陸特別,
2025-11-16_福島11R_福島民友C,202503030411,1700,ダ,良,晴,15,福島民友C,
2025-11-16_福島12R_3歳以上1勝クラス,202503030412,2000,芝,良,晴,16,3歳以上1勝クラス,
2025-11-22_京都09R_秋明菊賞,202508040509,1400,芝,良,晴,9,秋明菊賞,
2025-11-22_京都10R_比叡S,202508040510,2400,芝,良,晴,16,比叡S,
2025-11-22_京都11R_シトリンS,202508040511,1900,ダ,良,晴,16,シトリンS,
2025-11-22_京都12R_3歳以上2勝クラス,202508040512,2000,芝,良,晴,15,3歳以上2勝クラス,
2025-11-22_福島09R_高湯温泉特別,202503030509,1800,芝,良,晴,16,高湯温泉特別,
2025-11-22_福島10R_福島放送賞,202503030510,1150,ダ,良,晴,16,福島放送賞,
2025-11-22_福島11R_福島記念,202503030511,2000,芝,良,晴,16,福島記念,
2025-11-22_福島12R_3歳以上1勝クラス,202503030512,1200,芝,良,晴,16,3歳以上1勝クラス,
2025-11-23_京都09R_花見小路特別,202508040609,1600,芝,良,晴,13,花見小路特別,
2025-11-23_京都10R_レジェンドトレーナーC,202508040610,1400,ダ,良,晴,16,レジェンドトレーナーC,
2025-11-23_京都11R_マイルCS,202508040611,1600,芝,良,晴,18,マイルCS,
2025-11-23_京都12R_醍醐S,202508040612,1200,芝,良,晴,16,醍醐S,
2025-11-23_東京09R_赤松賞,202505050509,1600,芝,良,曇,8,赤松賞,
2025-11-23_東京10R_秋色S,202505050510,1600,芝,良,晴,17,秋色S,
2025-11-23_東京11R_霜月S,202505050511,1400,ダ,良,晴,16,霜月S,
2025-11-23_東京12R_3歳以上2勝クラス,202505050512,1400,芝,良,曇,18,3歳以上2勝クラス,
2025-11-24_東京09R_南武特別,202505050609,2400,芝,良,晴,12,南武特別,
2025-11-24_東京10R_晩秋S,202505050610,2100,ダ,良,晴,16,晩秋S,
2025-11-24_東京11R_東スポ杯2歳S,202505050611,1800,芝,良,晴,12,東スポ杯2歳S,
2025-11-24_東京12R_3歳以上1勝クラス,202505050612,1600,芝,良,晴,18,3歳以上1勝クラス,
2025-11-24_福島09R_磐梯山特別,202503030609,2600,芝,良,曇,16,磐梯山特別,
2025-11-24_福島10R_五色沼特別,202503030610,1800,芝,良,曇,16,五色沼特別,
2025-11-24_福島11R_奥羽S,202503030611,1700,ダ,良,曇,15,奥羽S,
2025-11-24_福島12R_3歳以上1勝クラス,202503030612,2000,芝,良,曇,16,3歳以上1勝クラス,
2025-11-29_京都09R_栂尾特別,202508040709,1800,ダ,良,晴,13,栂尾特別,
2025-11-29_京都10R_東山S,202508040710,1400,芝,良,晴,12,東山S,
2025-11-29_京都11R_京都2歳S,202508040711,2000,芝,良,晴,11,京都2歳S,
2025-11-29_京都12R_3歳以上2勝クラス,202508040712,1200,芝,良,晴,16,3歳以上2勝クラス,
2025-11-29_東京09R_カトレアS,202505050709,1600,ダ,良,曇,12,カトレアS,
2025-11-29_東京10R_シャングリラS,202505050710,1400,ダ,良,曇,16,シャングリラS,
2025-11-29_東京11R_キャピタルS,202505050711,1600,芝,良,晴,18,キャピタルS,
2025-11-29_東京12R_3歳以上2勝クラス,202505050712,1600,芝,良,晴,9,3歳以上2勝クラス,
2025-11-30_京都09R_白菊賞,202508040809,1600,芝,良,晴,11,白菊賞,
2025-11-30_京都10R_花園S,202508040810,1800,ダ,良,晴,16,花園S,
2025-11-30_京都11R_オータムリーフS,202508040811,1400,ダ,良,晴,16,オータムリーフS,
2025-11-30_京都12R_京阪杯,202508040812,1200,芝,良,晴,18,京阪杯,
2025-11-30_東京09R_オリエンタル賞,202505050809,2000,芝,良,晴,9,オリエンタル賞,
2025-11-30_東京10R_アプローズ賞,202505050810,1400,ダ,良,晴,16,アプローズ賞,
2025-11-30_東京11R_ウェルカムS,202505050811,2000,芝,良,晴,16,ウェルカムS,
2025-11-30_東京12R_ジャパンC,202505050812,2400,芝,良,晴,18,ジャパンC,
2025-12-06_中京09R_こうやまき賞,202507050109,1600,芝,良,晴,8,こうやまき賞,
2025-12-06_中京10R_中京日経賞,202507050110,1200,ダ,良,晴,13,中京日経賞,
2025-12-06_中京11R_飛騨S,202507050111,1400,芝,良,晴,12,飛騨S,
2025-12-06_中京12R_3歳以上1勝クラス,202507050112,1600,芝,良,晴,16,3歳以上1勝クラス,
2025-12-06_中山09R_葉牡丹賞,202506050109,2000,芝,良,曇,11,葉牡丹賞,
2025-12-06_中山10R_鹿島特別,202506050110,1800,ダ,良,晴,12,鹿島特別,
2025-12-06_中山11R_ステイヤーズS,202506050111,3600,芝,良,晴,14,ステイヤーズS,
2025-12-06_中山12R_3歳以上2勝クラス,202506050112,1200,芝,良,晴,16,3歳以上2勝クラス,
2025-12-06_阪神09R_さざんか賞,202509050109,1200,芝,良,晴,8,さざんか賞,
2025-12-06_阪神10R_妙見山S,202509050110,1200,ダ,良,晴,16,妙見山S,
2025-12-06_阪神11R_鳴尾記念,202509050111,1800,芝,良,晴,14,鳴尾記念,
2025-12-06_阪神12R_3歳以上1勝クラス,202509050112,1600,芝,良,晴,15,3歳以上1勝クラス,
2025-12-07_中京09R_犬山特別,202507050209,1800,ダ,良,晴,16,犬山特別,
2025-12-07_中京10R_志摩特別,202507050210,1600,芝,良,晴,13,志摩特別,
2025-12-07_中京11R_チャンピオンズC,202507050211,1800,ダ,良,晴,16,チャンピオンズC,
2025-12-07_中京12R_栄特別,202507050212,2200,芝,良,晴,10,栄特別,
2025-12-07_中山09R_南総S,202506050209,1200,芝,良,晴,12,南総S,
2025-12-07_中山10R_市川S,202506050210,1800,ダ,良,晴,16,市川S,
2025-12-07_中山11R_ラピスラズリS,202506050211,1200,芝,良,晴,16,ラピスラズリS,
2025-12-07_中山12R_3歳以上1勝クラス,202506050212,1800,ダ,良,晴,16,3歳以上1勝クラス,
2025-12-07_阪神09R_豊中特別,202509050209,1800,ダ,良,晴,13,豊中特別,
2025-12-07_阪神10R_元町S,202509050210,1800,芝,良,晴,18,元町S,
2025-12-07_阪神11R_りんくうS,202509050211,1200,ダ,良,晴,16,りんくうS,
2025-12-07_阪神12R_3歳以上2勝クラス,202509050212,1400,芝,良,晴,17,3歳以上2勝クラス,
2025-12-13_中京09R_つわぶき賞,202507050309,1400,芝,良,曇,11,つわぶき賞,
2025-12-13_中京10R_鳴海特別,202507050310,1800,ダ,良,曇,16,鳴海特別,
2025-12-13_中京11R_中日新聞杯,202507050311,2000,芝,良,晴,18,中日新聞杯,
2025-12-13_中京12R_3歳以上1勝クラス,202507050312,1200,芝,良,晴,18,3歳以上1勝クラス,
2025-12-13_中山09R_黒松賞,202506050309,1200,芝,良,曇,13,黒松賞,
2025-12-13_中山10R_アクアラインS,202506050310,1200,ダ,良,曇,15,アクアラインS,
2025-12-13_中山11R_常総S,202506050311,1800,芝,良,曇,16,常総S,
2025-12-13_中山12R_3歳以上2勝クラス,202506050312,1200,ダ,良,曇,13,3歳以上2勝クラス,
2025-12-13_阪神09R_エリカ賞,202509050309,2000,芝,良,晴,9,エリカ賞,
2025-12-13_阪神10R_赤穂特別,202509050310,2000,ダ,良,晴,14,赤穂特別,
2025-12-13_阪神11R_リゲルS,202509050311,1600,芝,良,晴,13,リゲルS,
2025-12-13_阪神12R_3歳以上2勝クラス,202509050312,1800,芝,良,晴,10,3歳以上2勝クラス,
2025-12-14_中京09R_大須特別,202507050409,1800,ダ,稍,晴,12,大須特別,
2025-12-14_中京10R_一宮特別,202507050410,2200,芝,稍,晴,10,一宮特別,
2025-12-14_中京11R_知立S,202507050411,1200,芝,稍,晴,10,知立S,
2025-12-14_中京12R_3歳以上1勝クラス,202507050412,1600,芝,稍,晴,16,3歳以上1勝クラス,
2025-12-14_中山09R_霞ケ浦特別,202506050409,1800,芝,稍,曇,12,霞ケ浦特別,
2025-12-14_中山10R_師走S,202506050410,1800,ダ,稍,曇,16,師走S,
2025-12-14_中山11R_カペラS,202506050411,1200,ダ,稍,曇,16,カペラS,
2025-12-14_中山12R_3歳以上1勝クラス,202506050412,1800,芝,稍,曇,16,3歳以上1勝クラス,
2025-12-14_阪神09R_オリオンS,202509050409,2200,芝,良,晴,15,オリオンS,
2025-12-14_阪神10R_竹田城S,202509050410,2000,ダ,良,晴,16,竹田城S,
2025-12-14_阪神11R_阪神JF,202509050411,1600,芝,良,晴,18,阪神JF,
2025-12-14_阪神12R_甲東特別,202509050412,1600,芝,良,晴,10,甲東特別,
2025-12-20_中京09R_クリスマスローズS,202507050509,1200,芝,稍,小雨,9,クリスマスローズS,
2025-12-20_中京10R_ヤングJSFR中京第2戦,202507050510,1400,ダ,稍,小雨,16,ヤングJSFR中京第2戦,
2025-12-20_中京11R_尾頭橋S,202507050511,1800,ダ,稍,小雨,11,尾頭橋S,
2025-12-20_中京12R_3歳以上1勝クラス,202507050512,1400,芝,稍,小雨,18,3歳以上1勝クラス,
2025-12-20_中山09R_ひいらぎ賞,202506050509,1600,芝,良,曇,12,ひいらぎ賞,
2025-12-20_中山10R_香取特別,202506050510,2400,ダ,良,曇,16,香取特別,
2025-12-20_中山11R_ターコイズS,202506050511,1600,芝,良,曇,16,ターコイズS,
2025-12-20_中山12R_3歳以上2勝クラス,202506050512,1200,ダ,良,曇,16,3歳以上2勝クラス,
2025-12-20_阪神09R_ポインセチアS,202509050509,1800,ダ,良,晴,10,ポインセチアS,
2025-12-20_阪神10R_境港特別,202509050510,2400,芝,良,晴,8,境港特別,
2025-12-20_阪神11R_タンザナイトS,202509050511,1200,芝,良,晴,16,タンザナイトS,
2025-12-20_阪神12R_3歳以上2勝クラス,202509050512,1200,芝,良,曇,16,3歳以上2勝クラス,
2025-12-21_中京09R_寒椿賞,202507050609,1400,ダ,稍,雨,16,寒椿賞,
2025-12-21_中京10R_名古屋日刊スポーツ杯,202507050610,2000,芝,稍,雨,10,名古屋日刊スポーツ杯,
2025-12-21_中京11R_コールドムーンS,202507050611,1400,ダ,稍,曇,16,コールドムーンS,
2025-12-21_中京12R_尾張特別,202507050612,1400,芝,稍,曇,18,尾張特別,
2025-12-21_中山09R_チバテレ杯,202506050609,2000,芝,重,曇,11,チバテレ杯,
2025-12-21_中山10R_北総S,202506050610,1800,ダ,重,曇,15,北総S,
2025-12-21_中山11R_ディセンバーS,202506050611,1800,芝,重,曇,16,ディセンバーS,
2025-12-21_中山12R_3歳以上2勝クラス,202506050612,1600,芝,重,雨,16,3歳以上2勝クラス,
2025-12-21_阪神09R_御影S,202509050609,1400,ダ,重,雨,16,御影S,
2025-12-21_阪神10R_ベテルギウスS,202509050610,1800,ダ,重,雨,16,ベテルギウスS,
2025-12-21_阪神11R_朝日杯FS,202509050611,1600,芝,重,小雨,14,朝日杯FS,
2025-12-21_阪神12R_六甲アイランドS,202509050612,1400,芝,重,小雨,14,六甲アイランドS,
2025-12-27_中山09R_ベストウィッシュC,202506050709,1200,芝,良,曇,16,ベストウィッシュC,
2025-12-27_中山10R_中山大障害,202506050710,4100,障,良,曇,10,中山大障害,
2025-12-27_中山11R_ホープフルS,202506050711,2000,芝,良,曇,16,ホープフルS,
2025-12-27_中山12R_グレイトフルS,202506050712,2500,芝,良,曇,14,グレイトフルS,
2025-12-27_阪神09R_万両賞,202509050709,1400,芝,良,晴,10,万両賞,
2025-12-27_阪神10R_摩耶S,202509050710,1800,ダ,稍,晴,16,摩耶S,
2025-12-27_阪神11R_阪神C,202509050711,1400,芝,良,晴,16,阪神C,
2025-12-27_阪神12R_3歳以上2勝クラス,202509050712,2000,芝,良,晴,9,3歳以上2勝クラス,
2025-12-28_中山09R_グッドラックHC,202506050809,2500,芝,良,晴,14,グッドラックHC,
2025-12-28_中山10R_フェアウェルS,202506050810,1200,ダ,良,晴,16,フェアウェルS,
2025-12-28_中山11R_有馬記念,202506050811,2500,芝,良,晴,16,有馬記念,
2025-12-28_中山12R_ファイナルS,202506050812,1600,芝,良,晴,16,ファイナルS,
2025-12-28_阪神09R_フォーチュンC,202509050809,1600,芝,良,晴,12,フォーチュンC,
2025-12-28_阪神10R_サンクフルS,202509050810,2000,芝,良,晴,11,サンクフルS,
2025-12-28_阪神11R_ギャラクシーS,202509050811,1400,ダ,良,晴,16,ギャラクシーS,
2025-12-28_阪神12R_カウントダウンS,202509050812,1200,芝,良,晴,10,カウントダウンS,
2026-01-04_中山09R_招福S,202606010109,1800,ダ,稍,晴,11,招福S,
2026-01-04_中山10R_ジュニアC,202606010110,1600,芝,良,晴,8,ジュニアC,
2026-01-04_中山11R_中山金杯,202606010111,2000,芝,良,晴,14,中山金杯,
2026-01-04_中山12R_4歳以上2勝クラス,202606010112,1200,ダ,稍,晴,16,4歳以上2勝クラス,
2026-01-04_京都09R_天ケ瀬特別,202608010109,1800,ダ,良,曇,13,天ケ瀬特別,
2026-01-04_京都10R_寿S,202608010110,2000,芝,良,曇,9,寿S,
2026-01-04_京都11R_京都金杯,202608010111,1600,芝,良,曇,18,京都金杯,
2026-01-04_京都12R_4歳以上2勝クラス,202608010112,1400,芝,良,曇,12,4歳以上2勝クラス,
2026-01-05_中山09R_初茜賞,202606010209,1800,ダ,稍,晴,12,初茜賞,
2026-01-05_中山10R_初日の出賞,202606010210,2000,芝,良,晴,12,初日の出賞,
2026-01-05_中山11R_サンライズS,202606010211,1200,芝,良,晴,14,サンライズS,
2026-01-05_中山12R_4歳以上1勝クラス,202606010212,1200,ダ,稍,晴,16,4歳以上1勝クラス,
2026-01-05_京都09R_逢坂山特別,202608010209,1800,芝,良,晴,11,逢坂山特別,
2026-01-05_京都10R_門松S,202608010210,1200,ダ,良,晴,16,門松S,
2026-01-05_京都11R_万葉S,202608010211,3000,芝,良,晴,9,万葉S,
2026-01-05_京都12R_4歳以上1勝クラス,202608010212,1600,芝,良,晴,15,4歳以上1勝クラス,
2026-01-10_中山09R_黒竹賞,202606010309,1800,ダ,良,晴,10,黒竹賞,
2026-01-10_中山10R_初凪賞,202606010310,1600,芝,良,晴,16,初凪賞,
2026-01-10_中山11R_迎春S,202606010311,2200,芝,良,晴,17,迎春S,
2026-01-10_中山12R_4歳以上1勝クラス,202606010312,1200,ダ,良,晴,16,4歳以上1勝クラス,
2026-01-10_京都09R_出町特別,202608010309,1800,ダ,良,晴,8,出町特別,
2026-01-10_京都11R_すばるS,202608010311,1400,ダ,良,晴,16,すばるS,
2026-01-10_京都12R_4歳以上1勝クラス,202608010312,1400,芝,良,晴,18,4歳以上1勝クラス,
2026-01-11_中山09R_初咲賞,202606010409,1800,芝,良,晴,13,初咲賞,
2026-01-11_中山10R_ポルックスS,202606010410,1800,ダ,良,曇,16,ポルックスS,
2026-01-11_中山11R_フェアリーS,202606010411,1600,芝,良,晴,16,フェアリーS,
2026-01-11_中山12R_4歳以上2勝クラス,202606010412,1200,ダ,良,晴,16,4歳以上2勝クラス,
2026-01-11_京都09R_五条坂特別,202608010409,1900,ダ,良,晴,10,五条坂特別,
2026-01-11_京都10R_新春S,202608010410,1600,芝,良,曇,15,新春S,
2026-01-11_京都11R_淀短距離S,202608010411,1200,芝,良,晴,16,淀短距離S,
2026-01-11_京都12R_3歳未勝利,202608010412,1800,芝,良,晴,18,3歳未勝利,
2026-01-12_中山09R_成田特別,202606010509,2400,ダ,良,晴,16,成田特別,
2026-01-12_中山10R_初春S,202606010510,1200,ダ,良,晴,16,初春S,
2026-01-12_中山11R_ニューイヤーS,202606010511,1600,芝,良,晴,14,ニューイヤーS,
2026-01-12_中山12R_4歳以上1勝クラス,202606010512,2000,芝,良,晴,18,4歳以上1勝クラス,
2026-01-12_京都09R_琵琶湖特別,202608010509,2400,芝,良,晴,12,琵琶湖特別,
2026-01-12_京都10R_雅S,202608010510,1800,ダ,良,晴,16,雅S,
2026-01-12_京都11R_シンザン記念,202608010511,1600,芝,良,晴,16,シンザン記念,
2026-01-12_京都12R_3歳未勝利,202608010512,1400,芝,良,晴,18,3歳未勝利,
2026-01-17_中山09R_菜の花賞,202606010609,1600,芝,良,晴,8,菜の花賞,
2026-01-17_中山10R_アレキサンドライトS,202606010610,1800,ダ,良,晴,16,アレキサンドライトS,
2026-01-17_中山11R_カーバンクルS,202606010611,1200,芝,良,晴,16,カーバンクルS,
2026-01-17_中山12R_4歳以上2勝クラス,202606010612,1200,芝,良,晴,16,4歳以上2勝クラス,
2026-01-17_京都09R_稲荷特別,202608010609,2000,芝,良,晴,10,稲荷特別,
2026-01-17_京都10R_紅梅S,202608010610,1400,芝,良,晴,9,紅梅S,
2026-01-17_京都11R_羅生門S,202608010611,1400,ダ,良,晴,16,羅生門S,
2026-01-17_京都12R_4歳以上2勝クラス,202608010612,1600,芝,良,晴,18,4歳以上2勝クラス,
2026-01-18_中山09R_若潮S,202606010709,1600,芝,良,晴,15,若潮S,
2026-01-18_中山10R_ジャニュアリーS,202606010710,1200,ダ,良,晴,16,ジャニュアリーS,
2026-01-18_中山11R_京成杯,202606010711,2000,芝,良,晴,15,京成杯,
2026-01-18_中山12R_3歳未勝利,202606010712,1600,芝,良,晴,16,3歳未勝利,
2026-01-18_京都09R_小倉山特別,202608010709,1400,ダ,良,晴,16,小倉山特別,
2026-01-18_京都10R_大津特別,202608010710,1800,ダ,良,晴,16,大津特別,
2026-01-18_京都11R_日経新春杯,202608010711,2400,芝,良,晴,13,日経新春杯,
2026-01-18_京都12R_4歳以上1勝クラス,202608010712,1600,芝,良,晴,11,4歳以上1勝クラス,
2026-01-24_中山09R_東雲賞,202606010809,1800,芝,良,晴,9,東雲賞,
2026-01-24_中山11R_初富士S,202606010811,2000,芝,良,曇,18,初富士S,
2026-01-24_中山12R_4歳以上1勝クラス,202606010812,1600,芝,良,曇,12,4歳以上1勝クラス,
2026-01-24_京都09R_若駒S,202608010809,2000,芝,良,晴,13,若駒S,
2026-01-24_京都10R_下鴨S,202608010810,1900,ダ,良,晴,15,下鴨S,
2026-01-24_京都11R_睦月S,202608010811,1600,芝,良,晴,14,睦月S,
2026-01-24_京都12R_4歳以上2勝クラス,202608010812,1400,芝,良,晴,11,4歳以上2勝クラス,
2026-01-24_小倉09R_萌黄賞,202610010109,1200,芝,良,晴,12,萌黄賞,
2026-01-24_小倉10R_海の中道特別,202610010110,2600,芝,良,晴,9,海の中道特別,
2026-01-24_小倉11R_小倉牝馬S,202610010111,2000,芝,良,晴,18,小倉牝馬S,
2026-01-24_小倉12R_4歳以上1勝クラス,202610010112,1700,ダ,良,晴,15,4歳以上1勝クラス,
2026-01-31_京都09R_長浜特別,202608020109,1400,ダ,良,晴,13,長浜特別,
2026-01-31_京都10R_許波多特別,202608020110,2400,芝,良,晴,8,許波多特別,
2026-01-31_京都11R_舞鶴S,202608020111,1800,ダ,良,晴,13,舞鶴S,
2026-01-31_京都12R_4歳以上1勝クラス,202608020112,1600,芝,良,晴,17,4歳以上1勝クラス,
2026-01-31_小倉09R_有田特別,202610010309,1000,ダ,良,晴,14,有田特別,
2026-01-31_小倉10R_平尾台特別,202610010310,1700,ダ,良,晴,16,平尾台特別,
2026-01-31_小倉11R_巌流島S,202610010311,1200,芝,良,晴,18,巌流島S,
2026-01-31_小倉12R_4歳以上1勝クラス,202610010312,2000,芝,良,晴,16,4歳以上1勝クラス,
2026-01-31_東京09R_白嶺S,202605010109,1600,ダ,良,晴,16,白嶺S,
2026-01-31_東京10R_クロッカスS,202605010110,1400,芝,良,晴,15,クロッカスS,
2026-01-31_東京11R_白富士S,202605010111,2000,芝,良,晴,10,白富士S,
2026-01-31_東京12R_4歳以上1勝クラス,202605010112,1800,芝,良,晴,12,4歳以上1勝クラス,
2026-02-01_京都09R_衣笠特別,202608020209,1800,ダ,良,曇,11,衣笠特別,
2026-02-01_京都10R_八坂S,202608020210,2200,芝,良,曇,8,八坂S,
2026-02-01_京都11R_シルクロードS,202608020211,1200,芝,良,曇,18,シルクロードS,G3
2026-02-01_京都12R_4歳以上2勝クラス,202608020212,1600,芝,良,曇,7,4歳以上2勝クラス,
2026-02-01_小倉09R_足立山特別,202610010409,2600,芝,良,曇,11,足立山特別,
2026-02-01_小倉10R_周防灘特別,202610010410,1200,芝,良,曇,15,周防灘特別,
2026-02-01_小倉11R_門司S,202610010411,1700,ダ,良,曇,15,門司S,
2026-02-01_小倉12R_4歳以上1勝クラス,202610010412,1200,芝,良,曇,18,4歳以上1勝クラス,
2026-02-01_東京09R_セントポーリア賞,202605010209,1800,芝,良,晴,12,セントポーリア賞,
2026-02-01_東京10R_節分S,202605010210,1400,芝,良,晴,15,節分S,
2026-02-01_東京11R_根岸S,202605010211,1400,ダ,良,晴,16,根岸S,
2026-02-01_東京12R_3歳未勝利,202605010212,1800,芝,良,晴,16,3歳未勝利,
2026-02-08_小倉09R_かささぎ賞,202610010609,1200,芝,良,曇,15,かささぎ賞,
2026-02-08_小倉10R_由布院特別,202610010610,1700,ダ,良,曇,16,由布院特別,
2026-02-08_小倉11R_小倉日経賞,202610010611,2000,芝,良,曇,12,小倉日経賞,
2026-02-08_小倉12R_4歳以上1勝クラス,202610010612,1200,芝,良,曇,18,4歳以上1勝クラス,
2026-02-10_京都09R_石清水S,202608020409,1600,芝,良,曇,13,石清水S,
2026-02-10_京都10R_大和S,202608020410,1200,ダ,良,曇,16,大和S,
2026-02-10_京都11R_きさらぎ賞,202608020411,1800,芝,良,曇,9,きさらぎ賞,
2026-02-10_京都12R_4歳以上2勝クラス,202608020412,1200,ダ,良,曇,16,4歳以上2勝クラス,
2026-02-10_東京09R_ゆりかもめ賞,202605010409,2400,芝,良,曇,7,ゆりかもめ賞,
2026-02-10_東京10R_初音S,202605010410,1800,芝,良,曇,11,初音S,
2026-02-10_東京11R_東京新聞杯,202605010411,1600,芝,良,曇,16,東京新聞杯,
2026-02-14_京都09R_こぶし賞,202608020509,1600,芝,良,晴,11,こぶし賞,
2026-02-14_京都10R_飛鳥S,202608020510,2000,芝,良,晴,16,飛鳥S,
2026-02-14_京都11R_洛陽S,202608020511,1600,芝,良,晴,14,洛陽S,
2026-02-14_小倉09R_あすなろ賞,202610010709,2000,芝,良,曇,10,あすなろ賞,
2026-02-14_小倉10R_伊万里特別,202610010710,1000,ダ,良,曇,14,伊万里特別,
2026-02-14_小倉11R_下関S,202610010711,1200,芝,良,曇,18,下関S,
2026-02-14_小倉12R_4歳以上1勝クラス,202610010712,1800,芝,良,雨,15,4歳以上1勝クラス,
2026-02-14_東京09R_箱根特別,202605010509,2400,芝,良,晴,8,箱根特別,
2026-02-14_東京10R_銀蹄S,202605010510,1400,ダ,良,晴,16,銀蹄S,
2026-02-14_東京11R_クイーンC,202605010511,1600,芝,良,晴,16,クイーンC,
2026-02-15_京都09R_春日特別,202608020609,1800,芝,良,曇,11,春日特別,
2026-02-15_京都10R_北山S,202608020610,1800,ダ,良,曇,10,北山S,
2026-02-15_京都11R_京都記念,202608020611,2200,芝,良,曇,12,京都記念,
2026-02-15_京都12R_4歳以上2勝クラス,202608020612,1200,ダ,良,曇,16,4歳以上2勝クラス,
2026-02-15_小倉09R_太宰府特別,202610010809,2000,芝,稍,晴,7,太宰府特別,
2026-02-15_小倉10R_大濠特別,202610010810,1200,芝,稍,晴,18,大濠特別,
2026-02-15_小倉11R_北九州短距離S,202610010811,1200,芝,稍,晴,18,北九州短距離S,
2026-02-15_東京09R_雲雀S,202605010609,1600,芝,良,晴,16,雲雀S,
2026-02-15_東京10R_バレンタインS,202605010610,1400,ダ,良,晴,16,バレンタインS,
2026-02-15_東京11R_共同通信杯,202605010611,1800,芝,良,晴,9,共同通信杯,
2026-02-15_東京12R_4歳以上2勝クラス,202605010612,1400,ダ,良,晴,16,4歳以上2勝クラス,
2026-02-21_小倉09R_あざみ賞,202610010909,1200,芝,良,晴,10,あざみ賞,
2026-02-21_小倉10R_皿倉山特別,202610010910,2600,芝,良,晴,16,皿倉山特別,
2026-02-21_小倉11R_小倉城S,202610010911,1700,ダ,良,晴,13,小倉城S,
2026-02-21_小倉12R_4歳以上1勝クラス,202610010912,1200,芝,良,晴,18,4歳以上1勝クラス,
2026-02-21_東京11R_ダイヤモンドS,202605010711,3400,芝,良,晴,15,ダイヤモンドS,
2026-02-21_阪神09R_4歳以上1勝クラス,202609010109,1600,芝,良,晴,18,4歳以上1勝クラス,
2026-02-21_阪神10R_鳴門S,202609010110,1400,ダ,良,晴,16,鳴門S,
2026-02-21_阪神11R_阪急杯,202609010111,1400,芝,良,晴,18,阪急杯,
2026-02-21_阪神12R_4歳以上2勝クラス,202609010112,1800,ダ,良,晴,15,4歳以上2勝クラス,
2026-02-22_小倉09R_高千穂特別,202610011009,1800,芝,良,晴,12,高千穂特別,
2026-02-22_小倉10R_和布刈特別,202610011010,1700,ダ,良,晴,16,和布刈特別,
2026-02-22_小倉11R_小倉大賞典,202610011011,1800,芝,良,晴,16,小倉大賞典,
2026-02-22_小倉12R_4歳以上1勝クラス,202610011012,1200,芝,良,晴,18,4歳以上1勝クラス,
2026-02-22_東京09R_ヒヤシンスS,202605010809,1600,ダ,良,晴,10,ヒヤシンスS,
2026-02-22_東京10R_ジャパンC2025ベストレース受賞記念,202605010810,2000,芝,良,晴,14,ジャパンC2025ベストレース受賞記念,
2026-02-22_東京11R_フェブラリーS,202605010811,1600,ダ,良,晴,16,フェブラリーS,
2026-02-22_東京12R_大島特別,202605010812,1400,ダ,良,晴,16,大島特別,
2026-02-22_阪神09R_天神橋特別,202609010209,1600,芝,良,晴,10,天神橋特別,
2026-02-22_阪神10R_戎橋S,202609010210,1400,芝,良,晴,8,戎橋S,
2026-02-22_阪神11R_令月S,202609010211,1200,ダ,良,曇,12,令月S,
2026-02-22_阪神12R_4歳以上2勝クラス,202609010212,1400,ダ,良,曇,16,4歳以上2勝クラス,
2026-02-28_中山09R_水仙賞,202606020109,2200,芝,良,晴,8,水仙賞,
2026-02-28_中山10R_春風S,202606020110,1200,ダ,稍,晴,16,春風S,
2026-02-28_中山11R_オーシャンS,202606020111,1200,芝,良,晴,16,オーシャンS,
2026-02-28_中山12R_4歳以上2勝クラス,202606020112,1800,ダ,稍,晴,16,4歳以上2勝クラス,
2026-02-28_小倉09R_背振山特別,202610011109,2600,芝,稍,晴,16,背振山特別,
2026-02-28_小倉10R_早鞆特別,202610011110,1700,ダ,重,晴,16,早鞆特別,
2026-02-28_小倉11R_別府特別,202610011111,2000,芝,稍,晴,15,別府特別,
2026-02-28_小倉12R_4歳以上1勝クラス,202610011112,1200,芝,稍,晴,18,4歳以上1勝クラス,
2026-02-28_阪神09R_松籟S,202609010309,3000,芝,良,曇,9,松籟S,
2026-02-28_阪神10R_マーガレットS,202609010310,1200,芝,良,曇,9,マーガレットS,
2026-02-28_阪神11R_仁川S,202609010311,2000,ダ,良,曇,16,仁川S,
2026-02-28_阪神12R_4歳以上2勝クラス,202609010312,1400,芝,良,曇,18,4歳以上2勝クラス,
2026-03-01_中山10R_アクアマリンS,202606020210,1200,芝,良,晴,15,アクアマリンS,
2026-03-01_中山11R_中山記念,202606020211,1800,芝,良,晴,14,中山記念,
2026-03-01_中山12R_4歳以上2勝クラス,202606020212,1200,ダ,良,晴,16,4歳以上2勝クラス,
2026-03-01_小倉09R_唐戸特別,202610011209,2000,芝,良,晴,18,唐戸特別,
2026-03-01_小倉11R_関門橋S,202610011211,2000,芝,良,晴,17,関門橋S,
2026-03-01_小倉12R_4歳以上1勝クラス,202610011212,1700,ダ,稍,晴,16,4歳以上1勝クラス,
2026-03-01_阪神09R_山陽特別,202609010409,2200,芝,良,晴,9,山陽特別,
2026-03-01_阪神10R_伊丹S,202609010410,1800,ダ,良,晴,14,伊丹S,
2026-03-01_阪神11R_チューリップ賞,202609010411,1600,芝,良,晴,15,チューリップ賞,
2026-03-07_中山09R_潮来特別,202606020309,2500,芝,稍,晴,13,潮来特別,
2026-03-07_中山10R_上総S,202606020310,1800,ダ,重,晴,14,上総S,
2026-03-07_中山11R_中山牝馬S,202606020311,1800,芝,稍,晴,16,中山牝馬S,
2026-03-07_中山12R_4歳以上1勝クラス,202606020312,1600,芝,稍,曇,16,4歳以上1勝クラス,
2026-03-07_阪神09R_千里山特別,202609010509,2000,芝,良,曇,9,千里山特別,
2026-03-07_阪神10R_なにわS,202609010510,1200,ダ,稍,曇,15,なにわS,
2026-03-07_阪神11R_フィリーズレビュー,202609010511,1400,芝,良,晴,18,フィリーズレビュー,
2026-03-07_阪神12R_4歳以上1勝クラス,202609010512,1200,ダ,稍,晴,16,4歳以上1勝クラス,
2026-03-08_中山09R_湾岸S,202606020409,2500,芝,良,晴,16,湾岸S,
2026-03-08_中山10R_総武S,202606020410,1800,ダ,稍,晴,15,総武S,
2026-03-08_中山11R_弥生賞ディープインパクト記念,202606020411,2000,芝,良,晴,10,弥生賞ディープインパクト記念,
2026-03-08_中山12R_4歳以上2勝クラス,202606020412,1200,芝,良,晴,16,4歳以上2勝クラス,
2026-03-08_阪神09R_アルメリア賞,202609010609,1800,芝,良,晴,6,アルメリア賞,
2026-03-08_阪神10R_岸和田S,202609010610,1600,芝,良,晴,14,岸和田S,
2026-03-08_阪神11R_大阪城S,202609010611,1800,芝,良,晴,13,大阪城S,
2026-03-08_阪神12R_4歳以上2勝クラス,202609010612,1400,ダ,良,晴,14,4歳以上2勝クラス,
2026-03-14_中京09R_鶴舞特別,202607010109,2200,芝,良,晴,10,鶴舞特別,
2026-03-14_中京10R_茶臼山高原特別,202607010110,2000,芝,良,晴,10,茶臼山高原特別,
2026-03-14_中京11R_中京スポーツ杯,202607010111,1800,ダ,良,晴,14,中京スポーツ杯,
2026-03-14_中京12R_4歳以上1勝クラス,202607010112,1400,芝,良,晴,18,4歳以上1勝クラス,
2026-03-14_中山10R_幕張S,202606020510,1600,芝,良,晴,16,幕張S,
2026-03-14_中山11R_アネモネS,202606020511,1600,芝,良,晴,16,アネモネS,
2026-03-14_中山12R_4歳以上2勝クラス,202606020512,1200,ダ,良,晴,16,4歳以上2勝クラス,
2026-03-14_阪神09R_讃岐特別,202609010709,1200,芝,良,晴,15,讃岐特別,
2026-03-14_阪神10R_難波S,202609010710,1800,芝,良,晴,11,難波S,
2026-03-14_阪神11R_コーラルS,202609010711,1400,ダ,良,晴,13,コーラルS,
2026-03-14_阪神12R_4歳以上1勝クラス,202609010712,1800,ダ,良,晴,8,4歳以上1勝クラス,
2026-03-15_中京09R_伊良湖特別,202607010209,1200,ダ,良,晴,16,伊良湖特別,
2026-03-15_中京10R_昇竜S,202607010210,1400,ダ,良,晴,12,昇竜S,
2026-03-15_中京11R_金鯱賞,202607010211,2000,芝,良,晴,14,金鯱賞,
2026-03-15_中京12R_4歳以上1勝クラス,202607010212,1200,芝,良,晴,18,4歳以上1勝クラス,
2026-03-15_中山09R_阿見特別,202606020609,2400,ダ,良,晴,11,阿見特別,
2026-03-15_中山10R_東風S,202606020610,1600,芝,良,晴,16,東風S,
2026-03-15_中山11R_スプリングS,202606020611,1800,芝,良,晴,16,スプリングS,
2026-03-15_中山12R_4歳以上1勝クラス,202606020612,1200,ダ,良,晴,16,4歳以上1勝クラス,
2026-03-15_阪神09R_ゆきやなぎ賞,202609010809,2400,芝,良,曇,7,ゆきやなぎ賞,
2026-03-15_阪神10R_甲南S,202609010810,1800,ダ,良,曇,14,甲南S,
2026-03-15_阪神11R_米子城S,202609010811,1200,芝,良,晴,16,米子城S,
2026-03-15_阪神12R_4歳以上2勝クラス,202609010812,1400,ダ,良,晴,13,4歳以上2勝クラス,
2026-03-21_中京09R_岡崎特別,202607010309,1400,芝,良,晴,10,岡崎特別,
2026-03-21_中京10R_豊明S,202607010310,1400,ダ,良,晴,16,豊明S,
2026-03-21_中京11R_ファルコンS,202607010311,1400,芝,良,晴,17,ファルコンS,
2026-03-21_中京12R_4歳以上1勝クラス,202607010312,1600,芝,良,晴,14,4歳以上1勝クラス,
2026-03-21_中山09R_館山特別,202606020709,1800,芝,良,晴,16,館山特別,
2026-03-21_中山10R_韓国馬事会杯,202606020710,1800,ダ,良,晴,13,韓国馬事会杯,
2026-03-21_中山11R_フラワーC,202606020711,1800,芝,良,晴,16,フラワーC,
2026-03-21_中山12R_4歳以上1勝クラス,202606020712,1200,ダ,良,晴,16,4歳以上1勝クラス,
2026-03-21_阪神09R_淡路特別,202609010909,2600,芝,良,晴,8,淡路特別,
2026-03-21_阪神10R_淀屋橋S,202609010910,1200,芝,良,晴,16,淀屋橋S,
2026-03-21_阪神11R_若葉S,202609010911,2000,芝,良,晴,12,若葉S,L
2026-03-21_阪神12R_4歳以上1勝クラス,202609010912,1200,ダ,良,晴,15,4歳以上1勝クラス,
2026-03-22_中京09R_フローラルウォーク賞,202607010409,1600,芝,良,曇,10,フローラルウォーク賞,
2026-03-22_中京10R_弥富特別,202607010410,1900,ダ,良,曇,16,弥富特別,
2026-03-22_中京12R_4歳以上1勝クラス,202607010412,1200,ダ,良,曇,16,4歳以上1勝クラス,
2026-03-22_中山09R_鎌ケ谷特別,202606020809,1200,ダ,良,晴,16,鎌ケ谷特別,
2026-03-22_中山10R_スピカS,202606020810,1800,芝,良,晴,9,スピカS,
2026-03-22_中山11R_千葉S,202606020811,1200,ダ,良,晴,16,千葉S,
2026-03-22_中山12R_4歳以上2勝クラス,202606020812,1800,ダ,良,曇,16,4歳以上2勝クラス,
2026-03-22_阪神09R_皆生特別,202609011009,1600,芝,良,曇,8,皆生特別,
2026-03-22_阪神11R_阪神大賞典,202609011011,3000,芝,良,曇,10,阪神大賞典,
2026-03-22_阪神12R_4歳以上2勝クラス,202609011012,1400,ダ,良,曇,13,4歳以上2勝クラス,
2026-03-28_中京09R_ロイヤルバンコクスポーツクラブ賞,202607010509,1900,ダ,稍,晴,9,ロイヤルバンコクスポーツクラブ賞,
2026-03-28_中京10R_ターフオーソリティーオブインディア賞,202607010510,2200,芝,良,晴,12,ターフオーソリティーオブインディア賞,
2026-03-28_中京11R_マレーシアC,202607010511,1600,芝,良,晴,16,マレーシアC,
2026-03-28_中京12R_フィリピンT,202607010512,1400,芝,良,晴,16,フィリピンT,
2026-03-28_中山09R_ブラッドストーンS,202606030109,1200,ダ,重,晴,16,ブラッドストーンS,
2026-03-28_中山10R_伏竜S,202606030110,1800,ダ,重,晴,10,伏竜S,
2026-03-28_中山12R_4歳以上2勝クラス,202606030112,1800,ダ,重,晴,16,4歳以上2勝クラス,
2026-03-28_阪神09R_君子蘭賞,202609020109,1800,芝,良,晴,7,君子蘭賞,
2026-03-28_阪神10R_仲春特別,202609020110,1400,芝,良,晴,11,仲春特別,
2026-03-28_阪神11R_毎日杯,202609020111,1800,芝,良,晴,7,毎日杯,
2026-03-28_阪神12R_4歳以上2勝クラス,202609020112,2000,ダ,良,晴,14,4歳以上2勝クラス,
2026-03-29_中京10R_伊勢S,202607010610,1900,ダ,良,晴,15,伊勢S,
2026-03-29_中京11R_高松宮記念,202607010611,1200,芝,良,晴,18,高松宮記念,
2026-03-29_中京12R_鈴鹿特別,202607010612,1400,ダ,良,晴,16,鈴鹿特別,
2026-03-29_中山09R_ミモザ賞,202606030209,2000,芝,良,晴,7,ミモザ賞,
2026-03-29_中山10R_船橋S,202606030210,1200,芝,良,晴,15,船橋S,
2026-03-29_中山11R_マーチS,202606030211,1800,ダ,稍,晴,16,マーチS,
2026-03-29_中山12R_4歳以上2勝クラス,202606030212,1200,芝,良,晴,11,4歳以上2勝クラス,
2026-03-29_阪神09R_4歳以上1勝クラス,202609020209,1800,ダ,良,晴,15,4歳以上1勝クラス,
2026-03-29_阪神10R_御堂筋S,202609020210,2400,芝,良,晴,11,御堂筋S,
2026-03-29_阪神11R_六甲S,202609020211,1600,芝,良,晴,13,六甲S,
2026-03-29_阪神12R_4歳以上2勝クラス,202609020212,1200,ダ,良,晴,16,4歳以上2勝クラス,
2026-04-04_中山09R_山吹賞,202606030309,2200,芝,稍,曇,13,山吹賞,
2026-04-04_中山10R_千葉日報杯,202606030310,1800,ダ,重,雨,15,千葉日報杯,
2026-04-04_中山11R_ダービー卿CT,202606030311,1600,芝,稍,曇,16,ダービー卿CT,
2026-04-04_中山12R_4歳以上2勝クラス,202606030312,1200,ダ,重,曇,16,4歳以上2勝クラス,
2026-04-04_阪神09R_アザレア賞,202609020309,2400,芝,稍,曇,9,アザレア賞,
2026-04-04_阪神10R_ポラリスS,202609020310,1400,ダ,稍,雨,16,ポラリスS,
2026-04-04_阪神11R_チャーチルダウンズC,202609020311,1600,芝,稍,雨,14,チャーチルダウンズC,
2026-04-04_阪神12R_4歳以上2勝クラス,202609020312,1400,ダ,重,雨,15,4歳以上2勝クラス,
2026-04-05_中山09R_安房特別,202606030409,2500,芝,稍,曇,8,安房特別,
2026-04-05_中山11R_美浦S,202606030411,2000,芝,稍,曇,16,美浦S,
2026-04-05_中山12R_4歳以上2勝クラス,202606030412,1600,芝,稍,曇,12,4歳以上2勝クラス,
2026-04-05_阪神09R_バイオレットS,202609020409,1400,ダ,重,晴,12,バイオレットS,
2026-04-05_阪神10R_心斎橋S,202609020410,1400,芝,良,晴,18,心斎橋S,
2026-04-05_阪神11R_大阪杯,202609020411,2000,芝,良,晴,15,大阪杯,
2026-04-05_阪神12R_天満橋S,202609020412,1400,ダ,重,晴,16,天満橋S,
2026-04-11_中山09R_山藤賞,202606030509,2000,芝,良,晴,7,山藤賞,
2026-04-11_中山10R_卯月S,202606030510,1200,ダ,稍,晴,13,卯月S,
2026-04-11_中山11R_ニュージーランドT,202606030511,1600,芝,良,晴,15,ニュージーランドT,
2026-04-11_中山12R_4歳以上2勝クラス,202606030512,1200,ダ,稍,晴,16,4歳以上2勝クラス,
2026-04-11_福島09R_浄土平特別,202603010109,1800,芝,良,晴,16,浄土平特別,
2026-04-11_福島10R_花見山特別,202603010110,1200,芝,良,晴,16,花見山特別,
2026-04-11_福島11R_吾妻小富士S,202603010111,1700,ダ,良,晴,15,吾妻小富士S,
2026-04-11_福島12R_4歳以上1勝クラス,202603010112,1200,芝,良,晴,16,4歳以上1勝クラス,
2026-04-11_阪神09R_明石特別,202609020509,2400,芝,良,晴,8,明石特別,
2026-04-11_阪神10R_大阪―ハンブルクC,202609020510,2600,芝,良,晴,13,大阪―ハンブルクC,
2026-04-11_阪神12R_4歳以上2勝クラス,202609020512,1200,ダ,重,晴,16,4歳以上2勝クラス,
2026-04-12_中山09R_印西特別,202606030609,2400,ダ,良,晴,12,印西特別,
2026-04-12_中山10R_あけぼのS,202606030610,1600,芝,良,晴,12,あけぼのS,
2026-04-12_中山11R_春雷S,202606030611,1200,芝,良,晴,16,春雷S,
2026-04-12_中山12R_4歳以上1勝クラス,202606030612,1200,ダ,良,晴,13,4歳以上1勝クラス,
2026-04-12_福島09R_燧ケ岳特別,202603010209,2600,芝,良,晴,13,燧ケ岳特別,
2026-04-12_福島10R_喜多方特別,202603010210,1150,ダ,良,晴,16,喜多方特別,
2026-04-12_福島11R_福島民報杯,202603010211,2000,芝,良,晴,15,福島民報杯,
2026-04-12_福島12R_4歳以上1勝クラス,202603010212,1700,ダ,良,晴,15,4歳以上1勝クラス,
2026-04-12_阪神09R_忘れな草賞,202609020609,2000,芝,良,晴,14,忘れな草賞,
2026-04-12_阪神10R_京橋S,202609020610,2000,芝,良,晴,15,京橋S,
2026-04-12_阪神11R_桜花賞,202609020611,1600,芝,良,晴,18,桜花賞,
2026-04-12_阪神12R_梅田S,202609020612,2000,ダ,良,晴,13,梅田S,
2026-04-18_中山09R_袖ケ浦特別,202606030709,1200,芝,良,晴,12,袖ケ浦特別,
2026-04-18_中山10R_下総S,202606030710,1800,ダ,良,晴,13,下総S,
2026-04-18_中山11R_中山グランドJ,202606030711,4260,障,良,晴,10,中山グランドJ,
2026-04-18_中山12R_葛飾特別,202606030712,1200,ダ,良,晴,13,葛飾特別,
2026-04-18_福島09R_ひめさゆり賞,202603010309,2000,芝,良,晴,9,ひめさゆり賞,
2026-04-18_福島10R_桑折特別,202603010310,2000,芝,良,晴,8,桑折特別,
2026-04-18_福島11R_ラジオ福島賞,202603010311,1700,ダ,良,晴,15,ラジオ福島賞,
2026-04-18_福島12R_4歳以上1勝クラス,202603010312,1200,芝,良,晴,16,4歳以上1勝クラス,
2026-04-18_阪神09R_吹田特別,202609020709,1400,ダ,良,晴,14,吹田特別,
2026-04-18_阪神10R_丹波特別,202609020710,1400,芝,良,晴,9,丹波特別,
2026-04-18_阪神11R_アンタレスS,202609020711,1800,ダ,良,曇,16,アンタレスS,
2026-04-18_阪神12R_4歳以上1勝クラス,202609020712,1200,ダ,良,曇,15,4歳以上1勝クラス,
2026-04-19_中山09R_野島崎特別,202606030809,2000,芝,良,晴,12,野島崎特別,
2026-04-19_中山10R_京葉S,202606030810,1200,ダ,良,晴,15,京葉S,
2026-04-19_中山11R_皐月賞,202606030811,2000,芝,良,晴,18,皐月賞,
2026-04-19_中山12R_サンシャインS,202606030812,2200,芝,良,晴,18,サンシャインS,
2026-04-19_福島09R_須賀川特別,202603010409,1200,芝,良,晴,16,須賀川特別,
2026-04-19_福島10R_奥の細道特別,202603010410,2600,芝,良,晴,13,奥の細道特別,
2026-04-19_福島11R_福島牝馬S,202603010411,1800,芝,良,晴,16,福島牝馬S,
2026-04-19_福島12R_4歳以上1勝クラス,202603010412,1150,ダ,良,晴,15,4歳以上1勝クラス,
2026-04-19_阪神09R_蓬莱峡特別,202609020809,2000,芝,良,曇,10,蓬莱峡特別,
2026-04-19_阪神10R_陽春S,202609020810,1200,ダ,良,曇,13,陽春S,
2026-04-19_阪神11R_立雲峡S,202609020811,1600,芝,良,曇,10,立雲峡S,
2026-04-19_阪神12R_4歳以上2勝クラス,202609020812,1800,ダ,良,曇,10,4歳以上2勝クラス,
2026-04-25_京都09R_4歳以上1勝クラス,202608030109,1400,芝,良,晴,16,4歳以上1勝クラス,
2026-04-25_京都12R_4歳以上2勝クラス,202608030112,1600,芝,良,晴,11,4歳以上2勝クラス,
2026-04-25_東京09R_石和特別,202605020109,1800,芝,良,晴,9,石和特別,
2026-04-25_東京10R_鎌倉S,202605020110,1400,ダ,稍,晴,15,鎌倉S,
2026-04-25_東京11R_青葉賞,202605020111,2400,芝,良,晴,18,青葉賞,
2026-04-25_東京12R_4歳以上2勝クラス,202605020112,1600,ダ,稍,晴,13,4歳以上2勝クラス,
2026-04-25_福島09R_雪うさぎ賞,202603010509,1200,芝,良,晴,16,雪うさぎ賞,
2026-04-25_福島10R_医王寺特別,202603010510,1200,芝,良,晴,16,医王寺特別,
2026-04-25_福島11R_福島中央テレビ杯,202603010511,1150,ダ,良,晴,12,福島中央テレビ杯,
2026-04-25_福島12R_4歳以上1勝クラス,202603010512,1800,芝,良,晴,16,4歳以上1勝クラス,
2026-04-26_京都09R_比良山特別,202608030209,2200,芝,良,晴,11,比良山特別,
2026-04-26_京都10R_センテニアルパークS,202608030210,1800,芝,良,曇,18,センテニアルパークS,
2026-04-26_京都11R_マイラーズC,202608030211,1600,芝,良,曇,18,マイラーズC,G2
2026-04-26_京都12R_4歳以上2勝クラス,202608030212,1800,ダ,良,曇,14,4歳以上2勝クラス,
2026-04-26_東京09R_湘南S,202605020209,1400,芝,良,晴,16,湘南S,
2026-04-26_東京10R_オアシスS,202605020210,1600,ダ,稍,晴,16,オアシスS,
2026-04-26_東京11R_フローラS,202605020211,2000,芝,良,晴,13,フローラS,
2026-04-26_東京12R_4歳以上2勝クラス,202605020212,1400,ダ,稍,晴,16,4歳以上2勝クラス,
2026-04-26_福島09R_飯盛山特別,202603010609,2000,芝,良,晴,13,飯盛山特別,
2026-04-26_福島11R_モルガナイトS,202603010611,1200,芝,良,晴,16,モルガナイトS,
2026-04-26_福島12R_4歳以上1勝クラス,202603010612,1150,ダ,良,晴,16,4歳以上1勝クラス,
2026-05-02_京都09R_矢車賞,202608030309,2200,芝,良,晴,9,矢車賞,
2026-05-02_京都10R_京極特別,202608030310,1200,ダ,稍,晴,12,京極特別,
2026-05-02_京都11R_ユニコーンS,202608030311,1900,ダ,稍,晴,12,ユニコーンS,
2026-05-02_京都12R_4歳以上1勝クラス,202608030312,1600,芝,良,曇,10,4歳以上1勝クラス,
2026-05-02_新潟09R_わらび賞,202604010109,1800,ダ,重,晴,15,わらび賞,
2026-05-02_新潟10R_胎内川特別,202604010110,1800,芝,稍,晴,15,胎内川特別,
2026-05-02_新潟11R_三条S,202604010111,1800,ダ,重,晴,15,三条S,
2026-05-02_新潟12R_4歳以上1勝クラス,202604010112,1000,芝,稍,晴,16,4歳以上1勝クラス,
2026-05-02_東京09R_是政S,202605020309,2100,ダ,稍,晴,16,是政S,
2026-05-02_東京10R_スイートピーS,202605020310,1800,芝,良,晴,11,スイートピーS,
2026-05-02_東京11R_京王杯SC,202605020311,1400,芝,良,晴,18,京王杯SC,
2026-05-02_東京12R_4歳以上2勝クラス,202605020312,1600,ダ,稍,晴,14,4歳以上2勝クラス,
2026-05-03_京都09R_六波羅特別,202608030409,1800,ダ,稍,曇,9,六波羅特別,
2026-05-03_京都10R_朱雀S,202608030410,1200,芝,良,曇,18,朱雀S,
2026-05-03_京都11R_天皇賞(春),202608030411,3200,芝,良,小雨,15,天皇賞(春),
2026-05-03_京都12R_東大路S,202608030412,1400,ダ,稍,小雨,16,東大路S,
2026-05-03_新潟10R_邁進特別,202604010210,1000,芝,良,曇,16,邁進特別,
2026-05-03_新潟11R_越後S,202604010211,1200,ダ,稍,曇,15,越後S,
2026-05-03_新潟12R_4歳以上1勝クラス,202604010212,1200,ダ,稍,曇,15,4歳以上1勝クラス,
2026-05-03_東京09R_府中S,202605020409,2000,芝,良,晴,18,府中S,
2026-05-03_東京10R_ブリリアントS,202605020410,2100,ダ,稍,晴,16,ブリリアントS,
2026-05-03_東京11R_プリンシパルS,202605020411,2000,芝,良,晴,15,プリンシパルS,
2026-05-03_東京12R_4歳以上2勝クラス,202605020412,1300,ダ,稍,曇,13,4歳以上2勝クラス,
2026-05-09_京都09R_久御山特別,202608030509,1600,芝,良,晴,11,久御山特別,
2026-05-09_京都10R_鴨川特別,202608030510,2000,芝,良,晴,8,鴨川特別,
2026-05-09_京都11R_京都新聞杯,202608030511,2200,芝,良,晴,16,京都新聞杯,
2026-05-09_京都12R_4歳以上2勝クラス,202608030512,1800,ダ,良,晴,13,4歳以上2勝クラス,
2026-05-09_新潟09R_ゆきつばき賞,202604010309,1200,芝,良,晴,14,ゆきつばき賞,
2026-05-09_新潟10R_粟島特別,202604010310,1800,芝,良,晴,13,粟島特別,
2026-05-09_新潟11R_駿風S,202604010311,1000,芝,良,晴,16,駿風S,
2026-05-09_新潟12R_4歳以上1勝クラス,202604010312,1800,ダ,稍,晴,12,4歳以上1勝クラス,
2026-05-09_東京09R_分倍河原S,202605020509,1600,芝,良,晴,12,分倍河原S,
2026-05-09_東京10R_青竜S,202605020510,1600,ダ,良,晴,15,青竜S,
2026-05-09_東京11R_エプソムC,202605020511,1800,芝,良,晴,17,エプソムC,
2026-05-09_東京12R_4歳以上2勝クラス,202605020512,1400,ダ,良,晴,16,4歳以上2勝クラス,
2026-05-10_京都09R_烏丸S,202608030609,2400,芝,良,晴,13,烏丸S,
2026-05-10_京都10R_橘S,202608030610,1400,芝,良,晴,11,橘S,
2026-05-10_京都11R_平城京S,202608030611,1800,ダ,良,晴,16,平城京S,
2026-05-10_京都12R_4歳以上2勝クラス,202608030612,1400,ダ,良,晴,14,4歳以上2勝クラス,
2026-05-10_新潟09R_荒川峡特別,202604010409,2400,芝,良,晴,14,荒川峡特別,
2026-05-10_新潟10R_五泉特別,202604010410,1800,ダ,良,晴,14,五泉特別,
2026-05-10_新潟12R_4歳以上1勝クラス,202604010412,1200,芝,良,晴,13,4歳以上1勝クラス,
2026-05-10_東京09R_日吉特別,202605020609,2100,ダ,良,晴,9,日吉特別,
2026-05-10_東京10R_メトロポリタンS,202605020610,2400,芝,良,晴,12,メトロポリタンS,
2026-05-10_東京11R_NHKマイルC,202605020611,1600,芝,良,晴,18,NHKマイルC,
2026-05-10_東京12R_立夏S,202605020612,1600,ダ,良,晴,15,立夏S,
2026-05-16_京都09R_あずさ賞,202608030709,2000,芝,良,晴,10,あずさ賞,
2026-05-16_京都10R_上賀茂S,202608030710,1900,ダ,良,晴,15,上賀茂S,
2026-05-16_京都11R_鞍馬S,202608030711,1200,芝,良,晴,16,鞍馬S,
2026-05-16_京都12R_4歳以上2勝クラス,202608030712,1200,ダ,良,晴,15,4歳以上2勝クラス,
2026-05-16_新潟09R_石打特別,202604010509,1800,芝,良,晴,16,石打特別,
2026-05-16_新潟10R_中ノ岳特別,202604010510,1800,ダ,良,晴,9,中ノ岳特別,
2026-05-16_新潟11R_新潟大賞典,202604010511,2000,芝,良,晴,15,新潟大賞典,
2026-05-16_新潟12R_4歳以上1勝クラス,202604010512,1400,芝,良,晴,16,4歳以上1勝クラス,
2026-05-16_東京09R_調布特別,202605020709,1800,芝,良,晴,9,調布特別,
2026-05-16_東京10R_立川特別,202605020710,1400,ダ,良,晴,12,立川特別,
2026-05-16_東京11R_六社S,202605020711,2400,芝,良,晴,15,六社S,
2026-05-16_東京12R_4歳以上1勝クラス,202605020712,1600,ダ,良,晴,14,4歳以上1勝クラス,
2026-05-17_京都09R_白川特別,202608030809,2400,芝,良,晴,10,白川特別,
2026-05-17_京都10R_錦S,202608030810,1600,芝,良,晴,13,錦S,
2026-05-17_京都11R_栗東S,202608030811,1400,ダ,良,晴,16,栗東S,
2026-05-17_京都12R_4歳以上2勝クラス,202608030812,1400,芝,良,晴,13,4歳以上2勝クラス,
2026-05-17_新潟09R_飛竜特別,202604010609,1000,芝,良,晴,16,飛竜特別,
2026-05-17_新潟10R_信濃川特別,202604010610,2000,芝,良,晴,16,信濃川特別,
2026-05-17_新潟11R_弥彦S,202604010611,1800,芝,良,晴,16,弥彦S,
2026-05-17_新潟12R_4歳以上1勝クラス,202604010612,1200,ダ,良,晴,11,4歳以上1勝クラス,
2026-05-17_東京09R_テレ玉杯,202605020809,1600,芝,良,晴,12,テレ玉杯,
2026-05-17_東京10R_青梅特別,202605020810,1600,ダ,良,晴,15,青梅特別,
2026-05-17_東京11R_ヴィクトリアマイル,202605020811,1600,芝,良,晴,18,ヴィクトリアマイル,
2026-05-17_東京12R_BSイレブン賞,202605020812,1400,ダ,良,晴,16,BSイレブン賞,
2026-05-23_京都09R_メルボルンT,202608030909,1600,芝,良,曇,11,メルボルンT,
2026-05-23_京都10R_シドニーT,202608030910,2000,芝,良,曇,16,シドニーT,
2026-05-23_京都11R_平安S,202608030911,1900,ダ,稍,曇,16,平安S,
2026-05-23_京都12R_オーストラリアT,202608030912,1400,ダ,稍,曇,14,オーストラリアT,
2026-05-23_新潟09R_はやぶさ賞,202604010709,1000,芝,稍,晴,16,はやぶさ賞,
2026-05-23_新潟10R_尖閣湾特別,202604010710,2000,芝,稍,晴,15,尖閣湾特別,
2026-05-23_新潟11R_大日岳特別,202604010711,1200,芝,稍,晴,16,大日岳特別,
2026-05-23_新潟12R_4歳以上1勝クラス,202604010712,1200,ダ,稍,晴,15,4歳以上1勝クラス,
2026-05-23_東京09R_カーネーションC,202605020909,1800,芝,良,曇,12,カーネーションC,
2026-05-23_東京10R_高尾特別,202605020910,1400,芝,良,曇,16,高尾特別,
2026-05-23_東京11R_欅S,202605020911,1400,ダ,稍,曇,16,欅S,
2026-05-23_東京12R_4歳以上2勝クラス,202605020912,1600,ダ,稍,曇,16,4歳以上2勝クラス,
2026-05-24_京都09R_聖護院特別,202608031009,1800,芝,良,晴,11,聖護院特別,
2026-05-24_京都10R_高瀬川S,202608031010,1200,ダ,良,晴,14,高瀬川S,
2026-05-24_京都11R_都大路S,202608031011,1800,芝,良,晴,13,都大路S,
2026-05-24_京都12R_4歳以上1勝クラス,202608031012,1400,ダ,良,晴,16,4歳以上1勝クラス,
2026-05-24_新潟09R_二王子特別,202604010809,1800,芝,稍,曇,14,二王子特別,
2026-05-24_新潟10R_火打山特別,202604010810,1200,ダ,稍,曇,15,火打山特別,
2026-05-24_新潟11R_韋駄天S,202604010811,1000,芝,稍,曇,16,韋駄天S,
2026-05-24_新潟12R_4歳以上1勝クラス,202604010812,1800,ダ,稍,曇,15,4歳以上1勝クラス,
2026-05-24_東京09R_国分寺特別,202605021009,1800,芝,良,曇,12,国分寺特別,
2026-05-24_東京10R_フリーウェイS,202605021010,1400,芝,良,曇,14,フリーウェイS,
2026-05-24_東京11R_オークス,202605021011,2400,芝,良,曇,18,オークス,
2026-05-24_東京12R_丹沢S,202605021012,2100,ダ,稍,曇,16,丹沢S,
2026-05-30_京都10R_桃山S,202608031110,1800,ダ,良,晴,16,桃山S,
2026-05-30_京都11R_葵S,202608031111,1200,芝,良,晴,16,葵S,
2026-05-30_京都12R_4歳以上2勝クラス,202608031112,1200,ダ,良,晴,16,4歳以上2勝クラス,
2026-05-30_東京09R_富嶽賞,202605021109,1400,ダ,良,晴,16,富嶽賞,
2026-05-30_東京10R_葉山特別,202605021110,1600,芝,良,晴,11,葉山特別,
2026-05-30_東京11R_アハルテケS,202605021111,1600,ダ,良,晴,16,アハルテケS,
2026-05-30_東京12R_4歳以上2勝クラス,202605021112,2100,ダ,良,晴,16,4歳以上2勝クラス,
2026-05-31_京都09R_與杼特別,202608031209,1800,ダ,良,晴,11,與杼特別,
2026-05-31_京都10R_安土城S,202608031210,1400,芝,良,晴,17,安土城S,
2026-05-31_京都11R_白百合S,202608031211,1800,芝,良,晴,9,白百合S,
2026-05-31_京都12R_渡月橋S,202608031212,1400,芝,良,晴,18,渡月橋S,
2026-05-31_東京10R_むらさき賞,202605021210,1800,芝,良,晴,18,むらさき賞,
2026-05-31_東京11R_日本ダービー,202605021211,2400,芝,良,晴,18,日本ダービー,
2026-05-31_東京12R_目黒記念,202605021212,2500,芝,良,晴,14,目黒記念,
2026-06-06_東京09R_稲城特別,202605030109,2400,芝,良,晴,12,稲城特別,
2026-06-06_東京10R_テレビ山梨杯,202605030110,1400,芝,良,晴,17,テレビ山梨杯,
2026-06-06_東京11R_麦秋S,202605030111,1400,ダ,良,晴,16,麦秋S,
2026-06-06_東京12R_3歳以上1勝クラス,202605030112,1600,ダ,良,晴,16,3歳以上1勝クラス,
2026-06-06_阪神09R_城崎特別,202609030109,1800,芝,良,晴,9,城崎特別,
2026-06-06_阪神10R_加古川特別,202609030110,1800,ダ,良,晴,12,加古川特別,
2026-06-06_阪神11R_垂水S,202609030111,2000,芝,良,晴,11,垂水S,
2026-06-06_阪神12R_3歳以上1勝クラス,202609030112,1400,ダ,良,晴,16,3歳以上1勝クラス,
2026-06-07_東京09R_香港ジョッキークラブT,202605030209,2000,芝,良,曇,8,香港ジョッキークラブT,
2026-06-07_東京10R_八王子特別,202605030210,1400,ダ,良,曇,16,八王子特別,
2026-06-07_東京11R_安田記念,202605030211,1600,芝,良,曇,17,安田記念,
2026-06-07_東京12R_小金井特別,202605030212,1600,ダ,良,曇,16,小金井特別,
2026-06-07_阪神09R_洲本特別,202609030209,1400,ダ,稍,雨,16,洲本特別,
2026-06-07_阪神10R_三木特別,202609030210,1800,芝,稍,雨,9,三木特別,
2026-06-07_阪神11R_水無月S,202609030211,1200,ダ,稍,小雨,16,水無月S,
2026-06-07_阪神12R_3歳以上1勝クラス,202609030212,1800,ダ,稍,小雨,12,3歳以上1勝クラス,
2026-06-13_函館09R_奥尻特別,202602010109,2000,芝,稍,晴,11,奥尻特別,
2026-06-13_函館10R_松前特別,202602010110,1800,芝,稍,晴,16,松前特別,
2026-06-13_函館11R_函館スプリントS,202602010111,1200,芝,稍,晴,13,函館スプリントS,
2026-06-13_函館12R_3歳以上1勝クラス,202602010112,1700,ダ,稍,晴,12,3歳以上1勝クラス,
2026-06-13_東京09R_日野特別,202605030309,2100,ダ,稍,晴,14,日野特別,
2026-06-13_東京10R_夏至S,202605030310,1600,ダ,稍,晴,16,夏至S,
2026-06-13_東京11R_ジューンS,202605030311,1800,芝,良,晴,13,ジューンS,
2026-06-13_東京12R_3歳以上1勝クラス,202605030312,1400,ダ,稍,晴,16,3歳以上1勝クラス,
2026-06-13_阪神09R_三田特別,202609030309,2200,芝,良,晴,9,三田特別,
2026-06-13_阪神10R_安芸特別,202609030310,1200,ダ,良,晴,16,安芸特別,
2026-06-13_阪神11R_三宮S,202609030311,1800,ダ,良,晴,16,三宮S,
2026-06-13_阪神12R_3歳以上1勝クラス,202609030312,1200,芝,良,晴,14,3歳以上1勝クラス,
2026-06-14_函館09R_八雲特別,202602010209,1800,芝,良,晴,10,八雲特別,
2026-06-14_函館11R_函館日刊スポーツ杯,202602010211,1200,芝,良,晴,16,函館日刊スポーツ杯,
2026-06-14_函館12R_3歳以上1勝クラス,202602010212,1700,ダ,良,晴,10,3歳以上1勝クラス,
2026-06-14_東京09R_芦ノ湖特別,202605030409,1600,芝,良,曇,11,芦ノ湖特別,
2026-06-14_東京10R_江の島S,202605030410,2400,芝,良,曇,14,江の島S,
2026-06-14_東京11R_パラダイスS,202605030411,1400,芝,良,曇,14,パラダイスS,
2026-06-14_東京12R_3歳以上2勝クラス,202605030412,1600,ダ,稍,曇,12,3歳以上2勝クラス,
2026-06-14_阪神09R_武庫川特別,202609030409,1200,芝,良,曇,14,武庫川特別,
2026-06-14_阪神10R_花のみちS,202609030410,1600,芝,良,曇,14,花のみちS,
2026-06-14_阪神11R_宝塚記念,202609030411,2200,芝,重,雨,18,宝塚記念,
2026-06-14_阪神12R_リボン賞,202609030412,1200,ダ,重,曇,16,リボン賞,
2026-06-20_函館09R_下北半島特別,202602010309,1200,芝,良,晴,12,下北半島特別,
2026-06-20_函館10R_駒ケ岳特別,202602010310,2600,芝,良,曇,8,駒ケ岳特別,
2026-06-20_函館11R_STV杯,202602010311,1200,芝,良,曇,16,STV杯,
2026-06-20_函館12R_3歳以上1勝クラス,202602010312,1700,ダ,良,曇,11,3歳以上1勝クラス,
2026-06-20_東京09R_町田特別,202605030509,2400,芝,稍,雨,10,町田特別,
2026-06-20_東京10R_相模湖特別,202605030510,1400,芝,稍,雨,14,相模湖特別,
2026-06-20_東京11R_スレイプニルS,202605030511,2100,ダ,不,雨,15,スレイプニルS,
2026-06-20_東京12R_3歳以上1勝クラス,202605030512,1600,ダ,不,雨,16,3歳以上1勝クラス,
2026-06-20_阪神09R_舞子特別,202609030509,1600,芝,稍,雨,10,舞子特別,
2026-06-20_阪神10R_ストークS,202609030510,2200,芝,重,雨,18,ストークS,
2026-06-20_阪神11R_天保山S,202609030511,1400,ダ,重,雨,15,天保山S,
2026-06-20_阪神12R_3歳以上1勝クラス,202609030512,1600,芝,重,雨,18,3歳以上1勝クラス,
2026-06-21_函館09R_遊楽部特別,202602010409,2000,芝,良,小雨,12,遊楽部特別,
2026-06-21_函館10R_檜山特別,202602010410,1700,ダ,良,小雨,9,檜山特別,
2026-06-21_函館11R_UHB杯,202602010411,1200,芝,良,小雨,15,UHB杯,
2026-06-21_函館12R_3歳以上1勝クラス,202602010412,1800,芝,良,小雨,10,3歳以上1勝クラス,
2026-06-21_東京09R_甲州街道特別,202605030609,1400,ダ,重,曇,16,甲州街道特別,
2026-06-21_東京10R_多摩川S,202605030610,1400,芝,稍,曇,16,多摩川S,
2026-06-21_東京11R_府中牝馬S,202605030611,1800,芝,稍,曇,16,府中牝馬S,
2026-06-21_東京12R_3歳以上1勝クラス,202605030612,1400,ダ,重,曇,16,3歳以上1勝クラス,
2026-06-21_阪神09R_高砂特別,202609030609,2000,芝,稍,晴,7,高砂特別,
2026-06-21_阪神10R_姫路S,202609030610,1800,ダ,重,晴,16,姫路S,
2026-06-21_阪神11R_しらさぎS,202609030611,1600,芝,稍,晴,18,しらさぎS,
2026-06-21_阪神12R_3歳以上2勝クラス,202609030612,1800,ダ,重,晴,13,3歳以上2勝クラス,
2026-06-27_函館09R_長万部特別,202602010509,1200,芝,稍,晴,9,長万部特別,
2026-06-27_函館10R_洞爺湖特別,202602010510,2000,芝,稍,晴,11,洞爺湖特別,
2026-06-27_函館11R_青函S,202602010511,1200,芝,稍,晴,14,青函S,OP
2026-06-27_函館12R_3歳以上1勝クラス,202602010512,1700,ダ,重,晴,10,3歳以上1勝クラス,
2026-06-27_小倉09R_八代特別,202610020109,2000,芝,稍,曇,8,八代特別,
2026-06-27_小倉10R_宗像特別,202610020110,1200,芝,稍,曇,13,宗像特別,
2026-06-27_小倉11R_薩摩S,202610020111,1700,ダ,重,曇,15,薩摩S,
2026-06-27_小倉12R_3歳以上1勝クラス,202610020112,1200,芝,稍,曇,8,3歳以上1勝クラス,
2026-06-27_福島09R_さくらんぼ特別,202603020109,1150,ダ,稍,晴,16,さくらんぼ特別,
2026-06-27_福島10R_いわき特別,202603020110,1700,ダ,稍,晴,11,いわき特別,
2026-06-27_福島11R_バーデンバーデンC,202603020111,2000,芝,良,晴,9,バーデンバーデンC,
2026-06-28_函館09R_臥牛山特別,202602010609,1800,芝,良,晴,10,臥牛山特別,
2026-06-28_函館10R_渡島特別,202602010610,1700,ダ,稍,晴,11,渡島特別,
2026-06-28_函館11R_函館記念,202602010611,2000,芝,良,晴,15,函館記念,
2026-06-28_函館12R_湯の川温泉特別,202602010612,1200,芝,良,晴,14,湯の川温泉特別,
2026-06-28_小倉09R_帆柱山特別,202610020209,2600,芝,良,晴,8,帆柱山特別,
2026-06-28_小倉10R_西部日刊スポーツ杯,202610020210,1700,ダ,稍,晴,16,西部日刊スポーツ杯,
2026-06-28_小倉11R_紫川S,202610020211,1200,芝,良,晴,8,紫川S,
2026-06-28_小倉12R_3歳以上1勝クラス,202610020212,1700,ダ,稍,晴,16,3歳以上1勝クラス,
2026-06-28_福島10R_鶴ケ城S,202603020210,1700,ダ,良,晴,11,鶴ケ城S,
2026-06-28_福島11R_ラジオNIKKEI賞,202603020211,1800,芝,良,晴,16,ラジオNIKKEI賞,
2026-06-28_福島12R_3歳以上1勝クラス,202603020212,1150,ダ,良,晴,14,3歳以上1勝クラス,
2026-07-04_函館09R_恵山特別,202602010709,1800,芝,良,晴,9,恵山特別,
2026-07-04_函館10R_竜飛崎特別,202602010710,1700,ダ,良,晴,14,竜飛崎特別,
2026-07-04_函館11R_TVh杯,202602010711,1200,芝,良,晴,16,TVh杯,
2026-07-04_函館12R_3歳以上1勝クラス,202602010712,1700,ダ,良,晴,7,3歳以上1勝クラス,
2026-07-04_小倉09R_小郡特別,202610020309,1200,芝,稍,曇,12,小郡特別,
2026-07-04_小倉10R_雲仙特別,202610020310,1000,ダ,不,曇,12,雲仙特別,
2026-07-04_小倉11R_博多S,202610020311,1800,芝,稍,曇,14,博多S,
2026-07-04_小倉12R_3歳以上1勝クラス,202610020312,1200,芝,稍,曇,12,3歳以上1勝クラス,
2026-07-04_福島09R_伊達特別,202603020309,2000,芝,良,晴,10,伊達特別,
2026-07-04_福島10R_横手特別,202603020310,1700,ダ,稍,晴,10,横手特別,
2026-07-04_福島11R_TUF杯,202603020311,1150,ダ,稍,晴,10,TUF杯,
2026-07-04_福島12R_3歳以上1勝クラス,202603020312,1200,芝,良,晴,16,3歳以上1勝クラス,
2026-07-05_函館09R_立待岬特別,202602010809,1200,芝,良,曇,16,立待岬特別,
2026-07-05_函館10R_横津岳特別,202602010810,2600,芝,良,曇,11,横津岳特別,
2026-07-05_函館12R_3歳以上1勝クラス,202602010812,1200,芝,良,曇,10,3歳以上1勝クラス,
2026-07-05_小倉09R_青島特別,202610020409,1800,芝,重,曇,8,青島特別,
2026-07-05_小倉10R_九州スポーツ杯,202610020410,1700,ダ,不,曇,16,九州スポーツ杯,
2026-07-05_小倉11R_北九州記念,202610020411,1200,芝,重,小雨,13,北九州記念,
2026-07-05_小倉12R_3歳以上1勝クラス,202610020412,1700,ダ,不,小雨,16,3歳以上1勝クラス,
2026-07-05_福島09R_郡山特別,202603020409,1200,芝,良,曇,16,郡山特別,
2026-07-05_福島10R_白河特別,202603020410,1800,芝,良,曇,12,白河特別,
2026-07-05_福島11R_ジュライS,202603020411,1700,ダ,良,曇,15,ジュライS,
2026-07-05_福島12R_3歳以上1勝クラス,202603020412,1150,ダ,良,曇,15,3歳以上1勝クラス,
2026-07-11_函館09R_北斗特別,202602010909,2000,芝,稍,曇,10,北斗特別,
2026-07-11_函館10R_HTB杯,202602010910,1200,芝,稍,曇,14,HTB杯,
2026-07-11_函館11R_五稜郭S,202602010911,1800,芝,稍,曇,13,五稜郭S,
2026-07-11_小倉09R_英彦山特別,202610020509,2600,芝,良,晴,11,英彦山特別,
2026-07-11_小倉10R_耶馬渓特別,202610020510,1200,芝,良,晴,18,耶馬渓特別,
2026-07-11_小倉11R_釜山S,202610020511,1000,ダ,良,晴,11,釜山S,
2026-07-11_小倉12R_3歳以上1勝クラス,202610020512,1200,芝,良,晴,16,3歳以上1勝クラス,
2026-07-11_福島09R_信夫山特別,202603020509,2600,芝,良,曇,15,信夫山特別,
2026-07-11_福島10R_会津S,202603020510,1200,芝,良,曇,9,会津S,
2026-07-11_福島11R_安達太良S,202603020511,1200,芝,良,曇,9,安達太良S,
2026-07-12_函館09R_北海HC,202602011009,1800,芝,重,雨,14,北海HC,
2026-07-12_函館10R_噴火湾特別,202602011010,1000,ダ,不,雨,12,噴火湾特別,
2026-07-12_函館11R_巴賞,202602011011,1800,芝,重,雨,14,巴賞,
2026-07-12_函館12R_3歳以上1勝クラス,202602011012,1200,芝,重,曇,8,3歳以上1勝クラス,
2026-07-12_小倉09R_八女特別,202610020609,1700,ダ,良,晴,10,八女特別,
2026-07-12_小倉10R_西部スポニチ賞,202610020610,2000,芝,良,晴,11,西部スポニチ賞,
2026-07-12_小倉11R_阿蘇S,202610020611,1700,ダ,良,晴,11,阿蘇S,
2026-07-12_小倉12R_3歳以上1勝クラス,202610020612,1200,芝,良,晴,17,3歳以上1勝クラス,
2026-07-12_福島09R_織姫賞,202603020609,1800,芝,稍,曇,14,織姫賞,
2026-07-12_福島10R_天の川S,202603020610,1700,ダ,稍,曇,11,天の川S,
2026-07-12_福島11R_七夕賞,202603020611,2000,芝,稍,曇,16,七夕賞,
2026-07-18_函館09R_湯浜特別,202602011109,1800,芝,良,小雨,13,湯浜特別,
2026-07-18_函館10R_潮騒特別,202602011110,1200,芝,良,小雨,10,潮騒特別,
2026-07-18_函館11R_マリーンS,202602011111,1700,ダ,良,小雨,13,マリーンS,
2026-07-18_函館12R_3歳以上1勝クラス,202602011112,1200,芝,良,小雨,12,3歳以上1勝クラス,
2026-07-18_小倉09R_ひまわり賞,202610020709,1200,芝,良,晴,18,ひまわり賞,
2026-07-18_小倉11R_テレQ杯,202610020711,1200,芝,良,晴,12,テレQ杯,
2026-07-18_小倉12R_3歳以上1勝クラス,202610020712,1700,ダ,稍,晴,14,3歳以上1勝クラス,
2026-07-18_福島09R_開成山特別,202603020709,2600,芝,良,曇,12,開成山特別,
2026-07-18_福島10R_米沢特別,202603020710,1700,ダ,良,曇,15,米沢特別,
2026-07-18_福島11R_阿武隈S,202603020711,1800,芝,良,曇,16,阿武隈S,
2026-07-18_福島12R_3歳以上1勝クラス,202603020712,1150,ダ,良,曇,16,3歳以上1勝クラス,
2026-07-19_函館09R_かもめ島特別,202602011209,1800,芝,重,曇,13,かもめ島特別,
2026-07-19_函館10R_駒場特別,202602011210,1700,ダ,不,晴,14,駒場特別,
2026-07-19_函館11R_函館2歳S,202602011211,1200,芝,重,晴,13,函館2歳S,
2026-07-19_函館12R_3歳以上1勝クラス,202602011212,1200,芝,重,晴,14,3歳以上1勝クラス,
2026-07-19_小倉09R_不知火特別,202610020809,1800,芝,良,晴,8,不知火特別,
2026-07-19_小倉10R_宮崎S,202610020810,1700,ダ,良,晴,16,宮崎S,
2026-07-19_小倉11R_小倉記念,202610020811,2000,芝,良,晴,18,小倉記念,
2026-07-19_小倉12R_筑紫特別,202610020812,1800,芝,良,晴,9,筑紫特別,
2026-07-19_福島09R_南相馬特別,202603020809,1200,芝,良,晴,16,南相馬特別,
2026-07-19_福島10R_猪苗代特別,202603020810,2000,芝,良,晴,12,猪苗代特別,
2026-07-19_福島11R_福島テレビ賞,202603020811,1150,ダ,良,晴,16,福島テレビ賞,
2026-07-19_福島12R_3歳以上1勝クラス,202603020812,1700,ダ,良,晴,15,3歳以上1勝クラス,
2026-07-25_中京09R_3歳以上1勝クラス,202607020109,1400,ダ,良,晴,16,3歳以上1勝クラス,
2026-07-25_中京10R_3歳以上1勝クラス,202607020110,1800,ダ,良,晴,13,3歳以上1勝クラス,
2026-07-25_中京11R_3歳以上1勝クラス,202607020111,1200,芝,良,晴,8,3歳以上1勝クラス,
2026-07-25_中京12R_3歳未勝利,202607020112,1600,芝,良,晴,16,3歳未勝利,
2026-07-25_新潟06R_豊栄特別,202604020106,1600,芝,良,曇,15,豊栄特別,
2026-07-25_新潟07R_新潟日報賞,202604020107,1400,芝,良,曇,18,新潟日報賞,
2026-07-25_新潟08R_清津峡特別,202604020108,1800,ダ,稍,曇,13,清津峡特別,
2026-07-25_新潟09R_3歳以上障害OP,202604020109,2850,障,良,曇,10,3歳以上障害OP,
2026-07-25_新潟11R_3歳未勝利,202604020111,1000,芝,良,曇,18,3歳未勝利,
2026-07-25_新潟12R_3歳以上1勝クラス,202604020112,1400,芝,良,晴,17,3歳以上1勝クラス,
2026-07-25_札幌09R_3歳以上1勝クラス,202601010109,1800,芝,良,曇,10,3歳以上1勝クラス,
2026-07-25_札幌10R_ライラック賞,202601010110,2600,芝,良,曇,11,ライラック賞,
2026-07-25_札幌11R_TVh賞,202601010111,1200,芝,良,曇,12,TVh賞,
2026-07-25_札幌12R_桑園特別,202601010112,1700,ダ,良,曇,11,桑園特別,
2026-07-26_中京09R_3歳以上1勝クラス,202607020209,1400,芝,良,晴,14,3歳以上1勝クラス,
2026-07-26_中京10R_3歳以上1勝クラス,202607020210,1400,ダ,良,晴,16,3歳以上1勝クラス,
2026-07-26_中京11R_3歳以上1勝クラス,202607020211,1600,芝,良,晴,16,3歳以上1勝クラス,
2026-07-26_中京12R_3歳未勝利,202607020212,1200,芝,良,晴,15,3歳未勝利,
2026-07-26_新潟06R_出雲崎特別,202604020206,1200,ダ,不,雨,11,出雲崎特別,
2026-07-26_新潟08R_麒麟山特別,202604020208,1800,ダ,不,雨,15,麒麟山特別,
2026-07-26_新潟09R_3歳以上障害未勝利,202604020209,2850,障,不,雨,14,3歳以上障害未勝利,
2026-07-26_新潟10R_3歳未勝利,202604020210,1800,ダ,不,雨,14,3歳未勝利,
2026-07-26_新潟11R_3歳以上1勝クラス,202604020211,1000,芝,不,雨,15,3歳以上1勝クラス,
2026-07-26_新潟12R_3歳未勝利,202604020212,2000,芝,不,曇,15,3歳未勝利,
2026-07-26_札幌09R_3歳以上1勝クラス,202601010209,1700,ダ,良,晴,8,3歳以上1勝クラス,
2026-07-26_札幌10R_羊ケ丘特別,202601010210,1500,芝,良,晴,10,羊ケ丘特別,
2026-07-26_札幌11R_札幌日経賞,202601010211,2600,芝,良,晴,13,札幌日経賞,
2026-07-26_札幌12R_厚岸特別,202601010212,2000,芝,良,晴,9,厚岸特別,
2026-08-01_中京09R_3歳以上障害未勝利,202607020309,3000,障,良,晴,11,3歳以上障害未勝利,
2026-08-01_中京10R_3歳以上1勝クラス,202607020310,1200,ダ,良,晴,16,3歳以上1勝クラス,
2026-08-01_中京11R_3歳以上1勝クラス,202607020311,2000,芝,良,晴,9,3歳以上1勝クラス,
2026-08-01_中京12R_3歳以上1勝クラス,202607020312,1600,芝,良,晴,11,3歳以上1勝クラス,
2026-08-01_新潟06R_月岡温泉特別,202604020306,1800,芝,良,曇,12,月岡温泉特別,
2026-08-01_新潟07R_柳都S,202604020307,1800,ダ,稍,曇,15,柳都S,
2026-08-01_新潟09R_3歳以上1勝クラス,202604020309,1200,ダ,稍,曇,15,3歳以上1勝クラス,
2026-08-01_新潟10R_3歳未勝利,202604020310,1800,ダ,稍,曇,15,3歳未勝利,
2026-08-01_新潟11R_3歳未勝利,202604020311,2000,芝,良,曇,18,3歳未勝利,
2026-08-01_新潟12R_3歳以上1勝クラス,202604020312,1200,芝,良,曇,17,3歳以上1勝クラス,
2026-08-01_札幌09R_釧路湿原特別,202601010309,1800,芝,稍,曇,7,釧路湿原特別,
2026-08-01_札幌10R_3歳以上1勝クラス,202601010310,1500,芝,稍,曇,14,3歳以上1勝クラス,
2026-08-01_札幌12R_大倉山特別,202601010312,1700,ダ,稍,曇,8,大倉山特別,
2026-08-02_中京09R_3歳以上障害未勝利,202607020409,3000,障,良,曇,10,3歳以上障害未勝利,
2026-08-02_中京10R_3歳以上1勝クラス,202607020410,1900,ダ,良,曇,14,3歳以上1勝クラス,
2026-08-02_中京11R_3歳以上1勝クラス,202607020411,2200,芝,良,曇,6,3歳以上1勝クラス,
2026-08-02_中京12R_3歳未勝利,202607020412,1400,芝,良,曇,18,3歳未勝利,
2026-08-02_新潟06R_苗場特別,202604020406,1800,ダ,良,曇,15,苗場特別,
2026-08-02_新潟08R_五頭連峰特別,202604020408,1800,芝,良,晴,14,五頭連峰特別,
2026-08-02_新潟09R_3歳以上1勝クラス,202604020409,1800,ダ,良,晴,15,3歳以上1勝クラス,
2026-08-02_新潟10R_3歳以上1勝クラス,202604020410,1200,ダ,良,晴,14,3歳以上1勝クラス,
2026-08-02_新潟11R_3歳未勝利,202604020411,2200,芝,良,晴,14,3歳未勝利,
2026-08-02_新潟12R_3歳未勝利,202604020412,1400,芝,良,晴,18,3歳未勝利,
2026-08-02_札幌09R_3歳以上2勝クラス,202601010409,1000,ダ,良,晴,12,3歳以上2勝クラス,
2026-08-02_札幌10R_ポプラS,202601010410,1700,ダ,良,晴,10,ポプラS,
2026-08-02_札幌11R_クイーンS,202601010411,1800,芝,良,晴,14,クイーンS,
2026-08-02_札幌12R_苫小牧特別,202601010412,1200,芝,良,晴,14,苫小牧特別,
2026-08-08_中京09R_3歳以上障害OP,202607020509,3000,障,良,曇,10,3歳以上障害OP,
2026-08-08_中京10R_3歳未勝利,202607020510,1200,ダ,良,曇,16,3歳未勝利,
2026-08-08_中京11R_3歳以上1勝クラス,202607020511,1600,芝,良,曇,12,3歳以上1勝クラス,
2026-08-08_中京12R_3歳未勝利,202607020512,1400,芝,良,曇,18,3歳未勝利,
2026-08-08_新潟06R_三面川特別,202604020506,1800,芝,良,晴,10,三面川特別,
2026-08-08_新潟07R_関越S,202604020507,1800,芝,良,晴,16,関越S,
2026-08-08_新潟08R_ダリア賞,202604020508,1400,芝,良,晴,9,ダリア賞,
2026-08-08_新潟09R_3歳以上1勝クラス,202604020509,1800,ダ,良,晴,15,3歳以上1勝クラス,
2026-08-08_新潟11R_3歳以上1勝クラス,202604020511,1000,芝,良,晴,18,3歳以上1勝クラス,
2026-08-08_新潟12R_3歳未勝利,202604020512,2000,芝,良,晴,16,3歳未勝利,
2026-08-08_札幌09R_3歳以上1勝クラス,202601010509,1700,ダ,稍,小雨,14,3歳以上1勝クラス,
2026-08-08_札幌10R_藻岩山特別,202601010510,2000,芝,稍,曇,8,藻岩山特別,
2026-08-08_札幌11R_エルムS,202601010511,1700,ダ,稍,曇,11,エルムS,
2026-08-08_札幌12R_摩周湖特別,202601010512,1500,芝,稍,曇,13,摩周湖特別,
2026-08-09_中京09R_3歳以上障害未勝利,202607020609,3000,障,良,晴,13,3歳以上障害未勝利,
2026-08-09_中京10R_3歳以上1勝クラス,202607020610,1200,ダ,良,晴,16,3歳以上1勝クラス,
2026-08-09_中京11R_3歳以上1勝クラス,202607020611,1200,芝,良,晴,18,3歳以上1勝クラス,
2026-08-09_中京12R_3歳未勝利,202607020612,1600,芝,良,晴,16,3歳未勝利,
2026-08-09_新潟06R_佐渡S,202604020606,1800,芝,良,晴,13,佐渡S,
2026-08-09_新潟07R_レパードS,202604020607,1800,ダ,良,晴,12,レパードS,
2026-08-09_新潟08R_驀進特別,202604020608,1000,芝,良,晴,17,驀進特別,
2026-08-09_新潟09R_3歳以上2勝クラス,202604020609,1200,ダ,良,晴,15,3歳以上2勝クラス,
2026-08-09_新潟10R_3歳以上1勝クラス,202604020610,2000,芝,良,晴,7,3歳以上1勝クラス,
2026-08-09_新潟11R_3歳未勝利,202604020611,1600,芝,良,晴,18,3歳未勝利,
2026-08-09_新潟12R_3歳未勝利,202604020612,1200,芝,良,晴,18,3歳未勝利,
2026-08-09_札幌09R_3歳以上1勝クラス,202601010609,1200,芝,良,晴,16,3歳以上1勝クラス,
2026-08-09_札幌11R_UHB賞,202601010611,1200,芝,良,晴,16,UHB賞,
2026-08-09_札幌12R_石狩特別,202601010612,1800,芝,良,晴,8,石狩特別,
2026-08-15_中京09R_3歳以上1勝クラス,202607020709,1800,ダ,良,晴,16,3歳以上1勝クラス,
2026-08-15_中京10R_3歳以上1勝クラス,202607020710,1400,ダ,良,晴,16,3歳以上1勝クラス,
2026-08-15_中京12R_3歳未勝利,202607020712,1200,ダ,良,晴,16,3歳未勝利,
2026-08-15_新潟06R_阿賀野川特別,202604020706,2200,芝,良,晴,14,阿賀野川特別,
2026-08-15_新潟07R_上越S,202604020707,1200,ダ,良,晴,15,上越S,
2026-08-15_新潟09R_新潟JS,202604020709,3250,障,良,晴,11,新潟JS,
2026-08-15_新潟10R_3歳未勝利,202604020710,1800,ダ,良,晴,15,3歳未勝利,
2026-08-15_新潟12R_3歳未勝利,202604020712,2000,芝,良,晴,18,3歳未勝利,
2026-08-15_札幌09R_コスモス賞,202601010709,1800,芝,良,晴,8,コスモス賞,
2026-08-15_札幌11R_大雪HC,202601010711,1700,ダ,良,晴,14,大雪HC,
2026-08-15_札幌12R_積丹特別,202601010712,2600,芝,良,晴,14,積丹特別,
2026-08-16_中京09R_3歳未勝利,202607020809,2200,芝,良,晴,18,3歳未勝利,
2026-08-16_中京10R_3歳以上1勝クラス,202607020810,1800,ダ,良,晴,16,3歳以上1勝クラス,
2026-08-16_中京11R_3歳以上1勝クラス,202607020811,1400,芝,良,晴,16,3歳以上1勝クラス,
2026-08-16_中京12R_3歳未勝利,202607020812,1800,ダ,良,晴,16,3歳未勝利,
2026-08-16_新潟06R_稲妻S,202604020806,1000,芝,良,晴,13,稲妻S,
2026-08-16_新潟07R_NST賞,202604020807,1200,ダ,良,晴,15,NST賞,
2026-08-16_新潟08R_瀬波温泉特別,202604020808,1800,ダ,良,晴,13,瀬波温泉特別,
2026-08-16_新潟09R_3歳以上障害未勝利,202604020809,2850,障,良,晴,12,3歳以上障害未勝利,
2026-08-16_新潟10R_3歳未勝利,202604020810,1800,ダ,良,晴,15,3歳未勝利,
2026-08-16_新潟11R_3歳以上1勝クラス,202604020811,2400,芝,良,晴,9,3歳以上1勝クラス,
2026-08-16_新潟12R_3歳未勝利,202604020812,1800,ダ,良,晴,15,3歳未勝利,
2026-08-16_札幌09R_小樽特別,202601010809,1200,芝,良,晴,16,小樽特別,
2026-08-16_札幌11R_札幌記念,202601010811,2000,芝,良,晴,16,札幌記念,
2026-08-16_札幌12R_阿寒湖特別,202601010812,2600,芝,良,晴,14,阿寒湖特別,
2026-08-22_中京09R_3歳以上障害OP,202607030109,3330,障,良,晴,6,3歳以上障害OP,OP
2026-08-22_中京10R_3歳以上1勝クラス,202607030110,1800,ダ,良,晴,12,3歳以上1勝クラス,
2026-08-22_中京11R_3歳未勝利,202607030111,1600,芝,良,晴,16,3歳未勝利,
2026-08-22_中京12R_3歳未勝利,202607030112,1200,芝,良,晴,18,3歳未勝利,
2026-08-22_新潟06R_長岡S,202604030106,1600,芝,良,晴,18,長岡S,
2026-08-22_新潟07R_朱鷺S,202604030107,1400,芝,良,晴,18,朱鷺S,
2026-08-22_新潟08R_岩室温泉特別,202604030108,1200,ダ,良,晴,15,岩室温泉特別,
2026-08-22_新潟09R_3歳以上1勝クラス,202604030109,1800,ダ,良,晴,15,3歳以上1勝クラス,
2026-08-22_新潟10R_3歳以上1勝クラス,202604030110,1600,芝,良,晴,15,3歳以上1勝クラス,
2026-08-22_新潟12R_3歳未勝利,202604030112,1200,ダ,良,晴,15,3歳未勝利,
2026-08-22_札幌09R_クローバー賞,202601020109,1500,芝,良,晴,14,クローバー賞,
2026-08-22_札幌10R_WASJ第1戦,202601020110,1200,芝,良,晴,14,WASJ第1戦,
2026-08-22_札幌11R_WASJ第2戦,202601020111,2000,芝,良,晴,14,WASJ第2戦,
2026-08-22_札幌12R_ニセコ特別,202601020112,1700,ダ,良,晴,11,ニセコ特別,
2026-08-23_中京09R_3歳以上障害未勝利,202607030209,3000,障,良,晴,8,3歳以上障害未勝利,
2026-08-23_中京10R_3歳未勝利,202607030210,1800,ダ,良,晴,14,3歳未勝利,
2026-08-23_中京11R_3歳以上1勝クラス,202607030211,1400,芝,良,晴,17,3歳以上1勝クラス,
2026-08-23_中京12R_3歳未勝利,202607030212,1200,ダ,良,晴,16,3歳未勝利,
2026-08-23_新潟06R_古町S,202604030206,1800,ダ,良,曇,15,古町S,
2026-08-23_新潟07R_新潟2歳S,202604030207,1600,芝,良,曇,10,新潟2歳S,
2026-08-23_新潟09R_3歳以上1勝クラス,202604030209,1200,ダ,良,晴,15,3歳以上1勝クラス,
2026-08-23_新潟10R_3歳以上1勝クラス,202604030210,2000,芝,良,晴,12,3歳以上1勝クラス,
2026-08-23_新潟11R_3歳以上1勝クラス,202604030211,1000,芝,良,晴,17,3歳以上1勝クラス,
2026-08-23_新潟12R_3歳未勝利,202604030212,1800,ダ,良,晴,12,3歳未勝利,
2026-08-23_札幌09R_ルスツ特別,202601020209,2000,芝,良,晴,13,ルスツ特別,
2026-08-23_札幌10R_WASJ第3戦,202601020210,1700,ダ,良,晴,14,WASJ第3戦,
2026-08-23_札幌11R_キーンランドC,202601020211,1200,芝,良,晴,16,キーンランドC,
2026-08-23_札幌12R_WASJ第4戦,202601020212,1800,芝,良,晴,14,WASJ第4戦,
2026-08-29_中京09R_3歳以上1勝クラス,202607030309,1800,ダ,稍,曇,9,3歳以上1勝クラス,
2026-08-29_中京10R_3歳以上1勝クラス,202607030310,1400,ダ,稍,曇,16,3歳以上1勝クラス,
2026-08-29_中京11R_3歳以上1勝クラス,202607030311,1600,芝,良,雨,13,3歳以上1勝クラス,
2026-08-29_新潟06R_新発田城特別,202604030306,1800,ダ,稍,小雨,15,新発田城特別,
2026-08-29_新潟09R_3歳以上1勝クラス,202604030309,2200,芝,稍,曇,13,3歳以上1勝クラス,
2026-08-29_新潟10R_3歳以上1勝クラス,202604030310,1400,芝,稍,曇,18,3歳以上1勝クラス,
2026-08-29_新潟11R_3歳未勝利,202604030311,2000,芝,稍,曇,18,3歳未勝利,
2026-08-29_新潟12R_3歳未勝利,202604030312,1200,ダ,稍,曇,15,3歳未勝利,
2026-08-29_札幌10R_すずらん賞,202601020310,1200,芝,稍,晴,12,すずらん賞,
2026-08-29_札幌11R_札幌日刊スポーツ杯,202601020311,2000,芝,稍,晴,14,札幌日刊スポーツ杯,
2026-08-29_札幌12R_千歳特別,202601020312,1700,ダ,稍,晴,12,千歳特別,
2026-08-30_中京09R_3歳未勝利,202607030409,1800,ダ,稍,晴,15,3歳未勝利,
2026-08-30_中京10R_3歳以上1勝クラス,202607030410,2000,芝,良,晴,10,3歳以上1勝クラス,
2026-08-30_中京11R_3歳未勝利,202607030411,1400,芝,良,晴,18,3歳未勝利,
2026-08-30_新潟09R_閃光特別,202604030409,1000,芝,稍,雨,18,閃光特別,
2026-08-30_新潟10R_3歳未勝利,202604030410,1800,ダ,稍,曇,15,3歳未勝利,
2026-08-30_新潟11R_3歳以上1勝クラス,202604030411,1800,芝,稍,曇,14,3歳以上1勝クラス,
2026-08-30_新潟12R_3歳以上1勝クラス,202604030412,1200,ダ,稍,曇,15,3歳以上1勝クラス,
2026-08-30_札幌09R_3歳以上1勝クラス,202601020409,1700,ダ,稍,晴,11,3歳以上1勝クラス,
2026-08-30_札幌10R_HBC賞,202601020410,1200,芝,良,晴,16,HBC賞,
2026-08-30_札幌11R_日高S,202601020411,1500,芝,良,曇,14,日高S,
2026-08-30_札幌12R_北辰特別,202601020412,2600,芝,良,曇,14,北辰特別,
2025-02-01_東京01R_3歳未勝利,202505010101,1400,ダ,良,晴,16,3歳未勝利,
2025-02-01_東京02R_3歳未勝利,202505010102,2100,ダ,良,晴,14,3歳未勝利,
2025-02-01_東京03R_3歳未勝利,202505010103,1600,ダ,良,晴,16,3歳未勝利,
2025-02-01_東京04R_3歳1勝クラス,202505010104,1600,ダ,良,晴,13,3歳1勝クラス,
2025-02-01_東京05R_3歳新馬,202505010105,1600,芝,良,晴,16,3歳新馬,
2025-02-01_東京06R_3歳未勝利,202505010106,1800,芝,良,晴,16,3歳未勝利,
2025-02-01_東京07R_4歳以上1勝クラス,202505010107,1400,ダ,良,晴,16,4歳以上1勝クラス,
2025-02-01_東京08R_4歳以上2勝クラス,202505010108,2100,ダ,良,晴,11,4歳以上2勝クラス,
2025-02-02_東京01R_3歳未勝利,202505010201,1400,ダ,稍,雨,16,3歳未勝利,
2025-02-02_東京02R_4歳以上1勝クラス,202505010202,2100,ダ,稍,雨,14,4歳以上1勝クラス,
2025-02-02_東京03R_3歳未勝利,202505010203,1600,ダ,稍,雨,16,3歳未勝利,
2025-02-02_東京04R_3歳新馬,202505010204,1600,ダ,稍,小雨,16,3歳新馬,
2025-02-02_東京05R_3歳新馬,202505010205,1800,芝,良,小雨,15,3歳新馬,
2025-02-02_東京06R_3歳未勝利,202505010206,1600,芝,良,小雨,16,3歳未勝利,
2025-02-02_東京07R_4歳以上1勝クラス,202505010207,1600,ダ,稍,小雨,16,4歳以上1勝クラス,
2025-02-02_東京08R_4歳以上2勝クラス,202505010208,1400,ダ,稍,小雨,16,4歳以上2勝クラス,
2025-02-08_東京01R_3歳未勝利,202505010301,1400,ダ,良,晴,16,3歳未勝利,
2025-02-08_東京02R_3歳未勝利,202505010302,1300,ダ,良,晴,16,3歳未勝利,
2025-02-08_東京03R_3歳未勝利,202505010303,1600,ダ,良,晴,16,3歳未勝利,
2025-02-08_東京04R_4歳以上1勝クラス,202505010304,1600,ダ,良,晴,16,4歳以上1勝クラス,
2025-02-08_東京05R_3歳新馬,202505010305,1800,芝,良,晴,16,3歳新馬,
2025-02-08_東京06R_3歳未勝利,202505010306,2400,芝,良,晴,18,3歳未勝利,
2025-02-08_東京07R_3歳1勝クラス,202505010307,1400,ダ,良,晴,14,3歳1勝クラス,
2025-02-08_東京08R_4歳以上2勝クラス,202505010308,1600,ダ,良,晴,15,4歳以上2勝クラス,
2025-02-09_東京01R_3歳未勝利,202505010401,1400,ダ,良,晴,16,3歳未勝利,
2025-02-09_東京02R_3歳未勝利,202505010402,2100,ダ,良,晴,16,3歳未勝利,
2025-02-09_東京03R_3歳未勝利,202505010403,1600,ダ,良,晴,16,3歳未勝利,
2025-02-09_東京04R_3歳新馬,202505010404,1400,ダ,良,晴,16,3歳新馬,
2025-02-09_東京05R_3歳新馬,202505010405,1600,芝,良,晴,16,3歳新馬,
2025-02-09_東京06R_3歳未勝利,202505010406,1600,芝,良,晴,16,3歳未勝利,
2025-02-09_東京07R_4歳以上2勝クラス,202505010407,1800,芝,良,晴,11,4歳以上2勝クラス,
2025-02-09_東京08R_4歳以上2勝クラス,202505010408,1300,ダ,良,晴,16,4歳以上2勝クラス,
2025-01-05_中山01R_3歳未勝利,202506010101,1200,ダ,良,晴,16,3歳未勝利,
2025-01-05_中山02R_3歳未勝利,202506010102,1800,ダ,良,晴,16,3歳未勝利,
2025-01-05_中山03R_3歳新馬,202506010103,1800,ダ,良,晴,16,3歳新馬,
2025-01-05_中山04R_4歳以上1勝クラス,202506010104,2400,ダ,良,晴,16,4歳以上1勝クラス,
2025-01-05_中山05R_3歳未勝利,202506010105,1600,芝,良,晴,16,3歳未勝利,
2025-01-05_中山06R_3歳新馬,202506010106,2000,芝,良,晴,18,3歳新馬,
2025-01-05_中山07R_4歳以上1勝クラス,202506010107,1800,ダ,良,晴,16,4歳以上1勝クラス,
2025-01-05_中山08R_4歳以上2勝クラス,202506010108,1200,芝,良,晴,16,4歳以上2勝クラス,
2025-01-06_中山01R_3歳未勝利,202506010201,1200,ダ,良,曇,16,3歳未勝利,
2025-01-06_中山02R_3歳未勝利,202506010202,1800,ダ,良,曇,16,3歳未勝利,
2025-01-06_中山03R_3歳未勝利,202506010203,1800,ダ,良,曇,16,3歳未勝利,
2025-01-06_中山04R_4歳以上1勝クラス,202506010204,1200,ダ,良,曇,16,4歳以上1勝クラス,
2025-01-06_中山05R_3歳新馬,202506010205,1600,芝,良,曇,16,3歳新馬,
2025-01-06_中山06R_3歳未勝利,202506010206,2000,芝,良,曇,18,3歳未勝利,
2025-01-06_中山07R_3歳1勝クラス,202506010207,2000,芝,良,小雨,12,3歳1勝クラス,
2025-01-06_中山08R_中山新春JS,202506010208,3200,障,良,小雨,14,中山新春JS,OP
2025-01-11_中山01R_3歳未勝利,202506010301,1200,ダ,稍,晴,16,3歳未勝利,
2025-01-11_中山02R_3歳未勝利,202506010302,1800,ダ,稍,晴,16,3歳未勝利,
2025-01-11_中山03R_3歳未勝利,202506010303,1800,ダ,稍,晴,16,3歳未勝利,
2025-01-11_中山04R_3歳新馬,202506010304,1200,ダ,稍,晴,16,3歳新馬,
2025-01-11_中山05R_3歳新馬,202506010305,2000,芝,良,晴,18,3歳新馬,
2025-01-11_中山06R_4歳以上1勝クラス,202506010306,1800,ダ,稍,晴,13,4歳以上1勝クラス,
2025-01-11_中山07R_3歳未勝利,202506010307,1600,芝,良,晴,16,3歳未勝利,
2025-01-11_中山08R_4歳以上1勝クラス,202506010308,1200,ダ,稍,晴,16,4歳以上1勝クラス,
2025-01-12_中山01R_3歳未勝利,202506010401,1200,ダ,良,曇,16,3歳未勝利,
2025-01-12_中山02R_3歳未勝利,202506010402,1800,ダ,良,曇,16,3歳未勝利,
2025-01-12_中山03R_3歳未勝利,202506010403,1200,ダ,良,曇,16,3歳未勝利,
2025-01-12_中山04R_3歳新馬,202506010404,1800,ダ,良,曇,16,3歳新馬,
2025-01-12_中山05R_3歳未勝利,202506010405,2000,芝,良,曇,18,3歳未勝利,
2025-01-12_中山06R_4歳以上1勝クラス,202506010406,1200,ダ,良,曇,16,4歳以上1勝クラス,
2025-01-12_中山07R_4歳以上1勝クラス,202506010407,2200,芝,良,曇,18,4歳以上1勝クラス,
2025-01-12_中山08R_4歳以上1勝クラス,202506010408,1800,ダ,良,曇,16,4歳以上1勝クラス,
2025-01-13_中山01R_3歳未勝利,202506010501,1200,ダ,良,晴,16,3歳未勝利,
2025-01-13_中山02R_3歳未勝利,202506010502,1800,ダ,良,晴,16,3歳未勝利,
2025-01-13_中山03R_3歳未勝利,202506010503,1800,ダ,良,晴,16,3歳未勝利,
2025-01-13_中山04R_4歳以上障害未勝利,202506010504,2880,障,良,晴,9,4歳以上障害未勝利,
2025-01-13_中山05R_3歳新馬,202506010505,1200,ダ,良,晴,16,3歳新馬,
2025-01-13_中山06R_3歳未勝利,202506010506,2200,芝,良,晴,17,3歳未勝利,
2025-01-13_中山07R_3歳1勝クラス,202506010507,1200,芝,良,晴,11,3歳1勝クラス,
2025-01-13_中山08R_4歳以上1勝クラス,202506010508,1800,ダ,良,晴,14,4歳以上1勝クラス,
2025-01-18_中山01R_3歳未勝利,202506010601,1200,ダ,良,晴,16,3歳未勝利,
2025-01-18_中山02R_3歳未勝利,202506010602,1800,ダ,良,晴,16,3歳未勝利,
2025-01-18_中山03R_3歳新馬,202506010603,1800,ダ,良,晴,16,3歳新馬,
2025-01-18_中山04R_4歳以上障害未勝利,202506010604,2880,障,良,晴,11,4歳以上障害未勝利,
2025-01-18_中山05R_3歳未勝利,202506010605,2000,芝,良,晴,18,3歳未勝利,
2025-01-18_中山06R_4歳以上1勝クラス,202506010606,1200,ダ,良,晴,16,4歳以上1勝クラス,
2025-01-18_中山07R_4歳以上2勝クラス,202506010607,1800,ダ,良,晴,13,4歳以上2勝クラス,
2025-01-18_中山08R_4歳以上2勝クラス,202506010608,1200,ダ,良,晴,16,4歳以上2勝クラス,
2025-01-19_中山01R_3歳未勝利,202506010701,1200,ダ,良,晴,16,3歳未勝利,
2025-01-19_中山02R_3歳未勝利,202506010702,1800,ダ,良,晴,16,3歳未勝利,
2025-01-19_中山03R_3歳未勝利,202506010703,1800,ダ,良,晴,16,3歳未勝利,
2025-01-19_中山04R_4歳以上障害未勝利,202506010704,2880,障,良,晴,11,4歳以上障害未勝利,
2025-01-19_中山05R_3歳新馬,202506010705,1600,芝,良,曇,16,3歳新馬,
2025-01-19_中山06R_3歳1勝クラス,202506010706,1200,ダ,良,曇,16,3歳1勝クラス,
2025-01-19_中山07R_4歳以上1勝クラス,202506010707,1800,ダ,良,曇,13,4歳以上1勝クラス,
2025-01-19_中山08R_4歳以上2勝クラス,202506010708,1800,芝,良,曇,14,4歳以上2勝クラス,
2025-01-25_中山01R_3歳未勝利,202506010801,1200,ダ,良,小雨,16,3歳未勝利,
2025-01-25_中山02R_3歳未勝利,202506010802,1800,ダ,良,曇,16,3歳未勝利,
2025-01-25_中山03R_3歳未勝利,202506010803,1200,ダ,良,曇,16,3歳未勝利,
2025-01-25_中山04R_3歳新馬,202506010804,1800,ダ,良,曇,16,3歳新馬,
2025-01-25_中山05R_3歳新馬,202506010805,2000,芝,良,曇,18,3歳新馬,
2025-01-25_中山06R_3歳1勝クラス,202506010806,1800,ダ,良,曇,6,3歳1勝クラス,
2025-01-25_中山07R_4歳以上1勝クラス,202506010807,1200,ダ,良,曇,16,4歳以上1勝クラス,
2025-01-25_中山08R_4歳以上1勝クラス,202506010808,1800,ダ,良,曇,16,4歳以上1勝クラス,
2025-01-26_中山01R_3歳未勝利,202506010901,1200,ダ,良,晴,16,3歳未勝利,
2025-01-26_中山02R_3歳未勝利,202506010902,1800,ダ,良,晴,16,3歳未勝利,
2025-01-26_中山03R_3歳未勝利,202506010903,1800,ダ,良,晴,15,3歳未勝利,
2025-01-26_中山04R_3歳新馬,202506010904,1200,ダ,良,晴,16,3歳新馬,
2025-01-26_中山05R_3歳未勝利,202506010905,2200,芝,良,晴,18,3歳未勝利,
2025-01-26_中山06R_4歳以上1勝クラス,202506010906,1800,ダ,良,晴,16,4歳以上1勝クラス,
2025-01-26_中山07R_4歳以上2勝クラス,202506010907,1800,芝,良,晴,11,4歳以上2勝クラス,
2025-01-26_中山08R_4歳以上2勝クラス,202506010908,1200,ダ,良,晴,14,4歳以上2勝クラス,
2025-01-05_中京01R_3歳未勝利,202507010101,1800,ダ,良,晴,16,3歳未勝利,
2025-01-05_中京02R_3歳未勝利,202507010102,1400,ダ,良,晴,16,3歳未勝利,
2025-01-05_中京03R_3歳未勝利,202507010103,1900,ダ,良,晴,16,3歳未勝利,
2025-01-05_中京04R_3歳新馬,202507010104,1800,ダ,良,晴,16,3歳新馬,
2025-01-05_中京05R_3歳新馬,202507010105,2000,芝,良,晴,18,3歳新馬,
2025-01-05_中京06R_4歳以上1勝クラス,202507010106,1800,ダ,良,晴,16,4歳以上1勝クラス,
2025-01-05_中京07R_3歳1勝クラス,202507010107,2000,芝,良,晴,9,3歳1勝クラス,
2025-01-05_中京08R_4歳以上2勝クラス,202507010108,1200,ダ,良,晴,16,4歳以上2勝クラス,
2025-01-06_中京01R_3歳未勝利,202507010201,1800,ダ,良,曇,16,3歳未勝利,
2025-01-06_中京02R_3歳未勝利,202507010202,1200,ダ,良,雨,16,3歳未勝利,
2025-01-06_中京03R_3歳新馬,202507010203,1400,ダ,良,曇,16,3歳新馬,
2025-01-06_中京04R_3歳1勝クラス,202507010204,1800,ダ,良,曇,12,3歳1勝クラス,
2025-01-06_中京05R_3歳未勝利,202507010205,2000,芝,良,曇,18,3歳未勝利,
2025-01-06_中京06R_3歳未勝利,202507010206,1400,芝,良,曇,18,3歳未勝利,
2025-01-06_中京07R_4歳以上1勝クラス,202507010207,1800,ダ,良,小雨,16,4歳以上1勝クラス,
2025-01-06_中京08R_4歳以上1勝クラス,202507010208,1400,ダ,良,小雨,16,4歳以上1勝クラス,
2025-01-11_中京01R_3歳未勝利,202507010301,1800,ダ,良,晴,16,3歳未勝利,
2025-01-11_中京02R_3歳未勝利,202507010302,1200,ダ,良,晴,16,3歳未勝利,
2025-01-11_中京03R_3歳新馬,202507010303,1800,ダ,良,晴,16,3歳新馬,
2025-01-11_中京04R_4歳以上1勝クラス,202507010304,1400,ダ,良,晴,16,4歳以上1勝クラス,
2025-01-11_中京05R_3歳未勝利,202507010305,2200,芝,良,晴,18,3歳未勝利,
2025-01-11_中京06R_3歳1勝クラス,202507010306,1200,芝,良,晴,7,3歳1勝クラス,
2025-01-11_中京07R_4歳以上1勝クラス,202507010307,1800,ダ,良,晴,16,4歳以上1勝クラス,
2025-01-11_中京08R_牛若丸JS,202507010308,3300,障,良,晴,11,牛若丸JS,OP
2025-01-12_中京01R_3歳未勝利,202507010401,1800,ダ,良,曇,16,3歳未勝利,
2025-01-12_中京02R_3歳未勝利,202507010402,1400,ダ,良,曇,16,3歳未勝利,
2025-01-12_中京03R_3歳未勝利,202507010403,1200,ダ,良,曇,16,3歳未勝利,
2025-01-12_中京04R_4歳以上障害未勝利,202507010404,3000,障,良,曇,12,4歳以上障害未勝利,
2025-01-12_中京05R_3歳新馬,202507010405,1800,ダ,良,曇,16,3歳新馬,
2025-01-12_中京06R_3歳未勝利,202507010406,2000,芝,良,曇,18,3歳未勝利,
2025-01-12_中京07R_3歳1勝クラス,202507010407,1400,ダ,良,曇,16,3歳1勝クラス,
2025-01-12_中京08R_4歳以上1勝クラス,202507010408,1200,ダ,良,曇,16,4歳以上1勝クラス,
2025-01-13_中京01R_3歳未勝利,202507010501,1800,ダ,良,晴,16,3歳未勝利,
2025-01-13_中京02R_3歳未勝利,202507010502,1400,ダ,良,晴,16,3歳未勝利,
2025-01-13_中京03R_3歳未勝利,202507010503,1900,ダ,良,晴,16,3歳未勝利,
2025-01-13_中京04R_3歳新馬,202507010504,1200,ダ,良,晴,15,3歳新馬,
2025-01-13_中京05R_3歳新馬,202507010505,1600,芝,良,晴,16,3歳新馬,
2025-01-13_中京06R_4歳以上1勝クラス,202507010506,1400,ダ,良,晴,16,4歳以上1勝クラス,
2025-01-13_中京07R_4歳以上1勝クラス,202507010507,2200,芝,良,晴,18,4歳以上1勝クラス,
2025-01-13_中京08R_4歳以上1勝クラス,202507010508,1900,ダ,良,晴,16,4歳以上1勝クラス,
2025-01-18_中京01R_3歳未勝利,202507010601,1200,ダ,良,晴,16,3歳未勝利,
2025-01-18_中京02R_3歳未勝利,202507010602,1800,ダ,良,晴,11,3歳未勝利,
2025-01-18_中京03R_3歳新馬,202507010603,1400,ダ,良,晴,16,3歳新馬,
2025-01-18_中京04R_3歳1勝クラス,202507010604,1800,ダ,良,晴,16,3歳1勝クラス,
2025-01-18_中京05R_3歳未勝利,202507010605,2000,芝,良,晴,18,3歳未勝利,
2025-01-18_中京06R_3歳未勝利,202507010606,1600,芝,良,晴,16,3歳未勝利,
2025-01-18_中京07R_4歳以上1勝クラス,202507010607,1900,ダ,良,晴,12,4歳以上1勝クラス,
2025-01-18_中京08R_4歳以上1勝クラス,202507010608,1200,ダ,良,晴,16,4歳以上1勝クラス,
2025-01-19_中京01R_3歳未勝利,202507010701,1200,ダ,良,曇,16,3歳未勝利,
2025-01-19_中京02R_3歳未勝利,202507010702,1800,ダ,良,曇,13,3歳未勝利,
2025-01-19_中京03R_3歳未勝利,202507010703,1400,ダ,良,曇,16,3歳未勝利,
2025-01-19_中京04R_3歳未勝利,202507010704,1900,ダ,良,曇,10,3歳未勝利,
2025-01-19_中京05R_3歳新馬,202507010705,2000,芝,良,曇,18,3歳新馬,
2025-01-19_中京06R_3歳1勝クラス,202507010706,1200,ダ,良,晴,10,3歳1勝クラス,
2025-01-19_中京07R_4歳以上1勝クラス,202507010707,1800,ダ,良,晴,10,4歳以上1勝クラス,
2025-01-19_中京08R_4歳以上1勝クラス,202507010708,1400,ダ,良,晴,16,4歳以上1勝クラス,
2025-01-25_中京01R_3歳未勝利,202507010801,1200,ダ,良,晴,16,3歳未勝利,
2025-01-25_中京02R_3歳未勝利,202507010802,1800,ダ,良,晴,16,3歳未勝利,
2025-01-25_中京03R_3歳未勝利,202507010803,1400,ダ,良,晴,16,3歳未勝利,
2025-01-25_中京04R_3歳新馬,202507010804,1800,ダ,良,晴,16,3歳新馬,
2025-01-25_中京05R_3歳未勝利,202507010805,1400,芝,良,晴,18,3歳未勝利,
2025-01-25_中京06R_3歳未勝利,202507010806,1600,芝,良,晴,16,3歳未勝利,
2025-01-25_中京07R_4歳以上1勝クラス,202507010807,1800,ダ,良,晴,15,4歳以上1勝クラス,
2025-01-25_中京08R_4歳以上2勝クラス,202507010808,1400,ダ,良,晴,16,4歳以上2勝クラス,
2025-01-26_中京01R_3歳未勝利,202507010901,1800,ダ,良,晴,11,3歳未勝利,
2025-01-26_中京02R_3歳未勝利,202507010902,1400,ダ,良,晴,16,3歳未勝利,
2025-01-26_中京03R_3歳未勝利,202507010903,1900,ダ,良,晴,11,3歳未勝利,
2025-01-26_中京04R_3歳1勝クラス,202507010904,1800,ダ,良,晴,8,3歳1勝クラス,
2025-01-26_中京05R_3歳新馬,202507010905,1600,芝,良,晴,16,3歳新馬,
2025-01-26_中京06R_3歳未勝利,202507010906,2200,芝,良,晴,16,3歳未勝利,
2025-01-26_中京07R_4歳以上1勝クラス,202507010907,1200,ダ,良,晴,16,4歳以上1勝クラス,
2025-01-26_中京08R_4歳以上1勝クラス,202507010908,1800,ダ,良,晴,13,4歳以上1勝クラス,
2025-02-01_京都01R_3歳未勝利,202508010101,1200,ダ,良,晴,13,3歳未勝利,
2025-02-01_京都02R_3歳未勝利,202508010102,1800,ダ,良,晴,9,3歳未勝利,
2025-02-01_京都03R_3歳未勝利,202508010103,1400,ダ,良,晴,15,3歳未勝利,
2025-02-01_京都04R_3歳未勝利,202508010104,1900,ダ,良,晴,9,3歳未勝利,
2025-02-01_京都05R_3歳新馬,202508010105,1400,ダ,良,曇,16,3歳新馬,
2025-02-01_京都06R_3歳未勝利,202508010106,1800,芝,良,曇,10,3歳未勝利,
2025-02-01_京都07R_3歳1勝クラス,202508010107,1200,ダ,良,曇,8,3歳1勝クラス,
2025-02-01_京都08R_4歳以上1勝クラス,202508010108,1400,ダ,良,曇,16,4歳以上1勝クラス,
2025-02-02_京都01R_3歳未勝利,202508010201,1800,ダ,稍,曇,12,3歳未勝利,
2025-02-02_京都02R_3歳未勝利,202508010202,1200,ダ,稍,曇,12,3歳未勝利,
2025-02-02_京都03R_3歳未勝利,202508010203,1800,ダ,稍,曇,10,3歳未勝利,
2025-02-02_京都04R_3歳1勝クラス,202508010204,1400,ダ,稍,曇,7,3歳1勝クラス,
2025-02-02_京都05R_3歳新馬,202508010205,1800,芝,稍,曇,17,3歳新馬,
2025-02-02_京都06R_3歳未勝利,202508010206,1600,芝,稍,曇,12,3歳未勝利,
2025-02-02_京都07R_4歳以上1勝クラス,202508010207,1800,ダ,稍,曇,13,4歳以上1勝クラス,
2025-02-02_京都08R_4歳以上2勝クラス,202508010208,1400,ダ,稍,曇,12,4歳以上2勝クラス,
2025-02-09_京都01R_3歳未勝利,202508010401,1200,ダ,稍,晴,13,3歳未勝利,
2025-02-09_京都02R_3歳未勝利,202508010402,1800,ダ,稍,晴,14,3歳未勝利,
2025-01-25_小倉01R_3歳未勝利,202510010101,1700,ダ,良,晴,12,3歳未勝利,
2025-01-25_小倉02R_3歳未勝利,202510010102,1200,芝,良,晴,17,3歳未勝利,
2025-01-25_小倉03R_3歳未勝利,202510010103,1000,ダ,良,晴,13,3歳未勝利,
2025-01-25_小倉04R_4歳以上障害未勝利,202510010104,2860,障,良,晴,10,4歳以上障害未勝利,
2025-01-25_小倉05R_4歳以上障害OP,202510010105,3390,障,良,晴,7,4歳以上障害OP,OP
2025-01-25_小倉06R_3歳新馬,202510010106,2000,芝,良,晴,18,3歳新馬,
2025-01-25_小倉07R_4歳以上1勝クラス,202510010107,2600,芝,良,晴,16,4歳以上1勝クラス,
2025-01-25_小倉08R_4歳以上1勝クラス,202510010108,1700,ダ,良,晴,16,4歳以上1勝クラス,
2025-01-26_小倉01R_3歳未勝利,202510010201,1700,ダ,良,晴,13,3歳未勝利,
2025-01-26_小倉02R_3歳未勝利,202510010202,1200,芝,良,晴,17,3歳未勝利,
2025-01-26_小倉03R_4歳以上1勝クラス,202510010203,1000,ダ,良,晴,14,4歳以上1勝クラス,
2025-01-26_小倉04R_4歳以上障害未勝利,202510010204,2860,障,良,晴,12,4歳以上障害未勝利,
2025-01-26_小倉05R_3歳新馬,202510010205,1200,芝,良,晴,18,3歳新馬,
2025-01-26_小倉06R_3歳未勝利,202510010206,2000,芝,良,晴,17,3歳未勝利,
2025-01-26_小倉07R_3歳未勝利,202510010207,1800,芝,良,晴,14,3歳未勝利,
2025-01-26_小倉08R_4歳以上1勝クラス,202510010208,2400,ダ,良,晴,13,4歳以上1勝クラス,
2025-02-01_小倉01R_3歳未勝利,202510010301,1000,ダ,良,曇,14,3歳未勝利,
2025-02-01_小倉02R_3歳未勝利,202510010302,2000,芝,良,曇,15,3歳未勝利,
2025-02-01_小倉03R_4歳以上1勝クラス,202510010303,1700,ダ,良,小雨,16,4歳以上1勝クラス,
2025-02-01_小倉04R_4歳以上障害未勝利,202510010304,2860,障,良,小雨,12,4歳以上障害未勝利,
2025-02-01_小倉05R_4歳以上障害OP,202510010305,2860,障,良,雨,12,4歳以上障害OP,OP
2025-02-01_小倉06R_3歳未勝利,202510010306,1200,芝,稍,雨,18,3歳未勝利,
2025-02-01_小倉07R_3歳未勝利,202510010307,2000,芝,稍,雨,12,3歳未勝利,
2025-02-01_小倉08R_4歳以上1勝クラス,202510010308,1800,芝,稍,雨,16,4歳以上1勝クラス,
2025-02-02_小倉01R_3歳未勝利,202510010401,1700,ダ,不,曇,15,3歳未勝利,
2025-02-02_小倉02R_3歳未勝利,202510010402,1200,芝,重,曇,16,3歳未勝利,
2025-02-02_小倉03R_4歳以上1勝クラス,202510010403,1000,ダ,不,曇,14,4歳以上1勝クラス,
2025-02-02_小倉04R_4歳以上障害未勝利,202510010404,2860,障,重,晴,12,4歳以上障害未勝利,
2025-02-02_小倉05R_3歳新馬,202510010405,1200,芝,重,晴,18,3歳新馬,
2025-02-02_小倉06R_3歳未勝利,202510010406,1800,芝,重,晴,13,3歳未勝利,
2025-02-02_小倉07R_4歳以上1勝クラス,202510010407,2000,芝,重,晴,18,4歳以上1勝クラス,
2025-02-02_小倉08R_3歳1勝クラス,202510010408,1700,ダ,重,晴,8,3歳1勝クラス,
2025-02-08_小倉01R_3歳未勝利,202510010501,1700,ダ,稍,小雪,16,3歳未勝利,
2025-02-08_小倉02R_3歳未勝利,202510010502,1800,芝,稍,晴,16,3歳未勝利,
2025-02-08_小倉03R_4歳以上1勝クラス,202510010503,1000,ダ,稍,晴,14,4歳以上1勝クラス,
2025-02-08_小倉04R_4歳以上障害未勝利,202510010504,2860,障,稍,晴,10,4歳以上障害未勝利,
2025-02-08_小倉05R_4歳以上障害未勝利,202510010505,2860,障,稍,雪,9,4歳以上障害未勝利,
2025-02-08_小倉06R_3歳未勝利,202510010506,1200,芝,稍,雪,18,3歳未勝利,
2025-02-08_小倉07R_3歳未勝利,202510010507,2000,芝,稍,雪,13,3歳未勝利,
2025-02-08_小倉08R_4歳以上1勝クラス,202510010508,1700,ダ,稍,小雪,15,4歳以上1勝クラス,
2026-09-12_中山09R_御宿特別,202606040309,1600,芝,重,曇,14,御宿特別,
2026-09-12_中山10R_レインボーS,202606040310,2000,芝,重,曇,11,レインボーS,
2026-09-12_中山11R_ラジオ日本賞,202606040311,1200,ダ,重,曇,16,ラジオ日本賞,OP
2026-09-12_中山12R_3歳以上1勝クラス,202606040312,1800,ダ,重,曇,16,3歳以上1勝クラス,
2026-09-12_阪神09R_瀬戸内海特別,202609040309,1400,芝,良,晴,13,瀬戸内海特別,
2026-09-12_阪神10R_竹田城S,202609040310,1800,ダ,良,晴,15,竹田城S,
2026-09-12_阪神11R_チャレンジC,202609040311,2000,芝,良,晴,16,チャレンジC,G3
2026-09-12_阪神12R_3歳以上1勝クラス,202609040312,1200,ダ,良,晴,16,3歳以上1勝クラス,
2025-07-26_札幌01R_2歳未勝利,202501010101,1200,芝,良,曇,12,2歳未勝利,
2025-07-26_札幌02R_3歳未勝利,202501010102,1000,ダ,良,曇,12,3歳未勝利,
2025-07-26_札幌03R_3歳未勝利,202501010103,1700,ダ,良,曇,14,3歳未勝利,
2025-07-26_札幌04R_3歳未勝利,202501010104,1500,芝,良,曇,14,3歳未勝利,
2025-07-26_札幌05R_2歳新馬,202501010105,1700,ダ,良,曇,13,2歳新馬,
2025-07-26_札幌06R_3歳未勝利,202501010106,1800,芝,良,曇,14,3歳未勝利,
2025-07-26_札幌07R_3歳以上1勝クラス,202501010107,1200,芝,良,曇,8,3歳以上1勝クラス,
2025-07-26_札幌08R_3歳以上1勝クラス,202501010108,2000,芝,良,曇,5,3歳以上1勝クラス,
2025-07-27_札幌01R_3歳未勝利,202501010201,1700,ダ,不,曇,14,3歳未勝利,
2025-07-27_札幌02R_3歳未勝利,202501010202,1200,芝,重,曇,14,3歳未勝利,
2025-07-27_札幌03R_3歳未勝利,202501010203,1700,ダ,不,曇,14,3歳未勝利,
2025-07-27_札幌04R_3歳未勝利,202501010204,2000,芝,重,曇,9,3歳未勝利,
2025-07-27_札幌05R_2歳新馬,202501010205,1800,芝,重,晴,6,2歳新馬,
2025-07-27_札幌06R_3歳以上1勝クラス,202501010206,1000,ダ,不,晴,9,3歳以上1勝クラス,
2025-07-27_札幌07R_3歳以上1勝クラス,202501010207,1700,ダ,不,晴,13,3歳以上1勝クラス,
2025-07-27_札幌08R_3歳以上1勝クラス,202501010208,1800,芝,稍,晴,8,3歳以上1勝クラス,
2025-08-02_札幌01R_2歳未勝利,202501010301,1800,芝,良,晴,8,2歳未勝利,
2025-08-02_札幌02R_3歳未勝利,202501010302,1000,ダ,良,晴,12,3歳未勝利,
2025-08-02_札幌03R_3歳未勝利,202501010303,1700,ダ,良,晴,14,3歳未勝利,
2025-08-02_札幌04R_3歳未勝利,202501010304,2000,芝,良,晴,16,3歳未勝利,
2025-08-02_札幌05R_2歳新馬,202501010305,1500,芝,良,晴,11,2歳新馬,
2025-08-02_札幌06R_3歳以上1勝クラス,202501010306,1000,ダ,良,晴,7,3歳以上1勝クラス,
2025-08-02_札幌07R_3歳以上1勝クラス,202501010307,1800,芝,良,晴,10,3歳以上1勝クラス,
2025-08-02_札幌08R_3歳以上1勝クラス,202501010308,1700,ダ,良,晴,11,3歳以上1勝クラス,
2025-08-03_札幌01R_2歳未勝利,202501010401,1000,ダ,良,晴,12,2歳未勝利,
2025-08-03_札幌02R_3歳未勝利,202501010402,1700,ダ,良,晴,14,3歳未勝利,
2025-08-03_札幌03R_3歳未勝利,202501010403,2000,芝,良,晴,16,3歳未勝利,
2025-08-03_札幌04R_3歳未勝利,202501010404,1700,ダ,良,晴,14,3歳未勝利,
2025-08-03_札幌05R_2歳新馬,202501010405,1800,芝,良,晴,8,2歳新馬,
2025-08-03_札幌06R_3歳未勝利,202501010406,1500,芝,良,晴,14,3歳未勝利,
2025-08-03_札幌07R_3歳以上1勝クラス,202501010407,1700,ダ,良,晴,12,3歳以上1勝クラス,
2025-08-03_札幌08R_3歳以上1勝クラス,202501010408,2000,芝,良,晴,11,3歳以上1勝クラス,
2025-08-09_札幌01R_2歳未勝利,202501010501,1500,芝,稍,晴,12,2歳未勝利,
2025-08-09_札幌02R_3歳未勝利,202501010502,1700,ダ,重,晴,14,3歳未勝利,
2025-08-09_札幌03R_3歳未勝利,202501010503,1200,芝,稍,晴,16,3歳未勝利,
2025-08-09_札幌04R_3歳未勝利,202501010504,1700,ダ,重,晴,14,3歳未勝利,
2025-08-09_札幌05R_2歳新馬,202501010505,1800,芝,稍,晴,12,2歳新馬,
2025-08-09_札幌06R_3歳未勝利,202501010506,2000,芝,稍,晴,15,3歳未勝利,
2025-08-09_札幌07R_3歳以上1勝クラス,202501010507,1000,ダ,重,晴,12,3歳以上1勝クラス,
2025-08-09_札幌08R_3歳以上1勝クラス,202501010508,1700,ダ,重,晴,11,3歳以上1勝クラス,
2025-08-10_札幌01R_2歳未勝利,202501010601,1700,ダ,稍,晴,14,2歳未勝利,
2025-08-10_札幌02R_3歳未勝利,202501010602,1000,ダ,稍,晴,12,3歳未勝利,
2025-08-10_札幌03R_3歳未勝利,202501010603,2000,芝,良,晴,16,3歳未勝利,
2025-08-10_札幌04R_3歳未勝利,202501010604,1700,ダ,稍,晴,14,3歳未勝利,
2025-08-10_札幌05R_2歳新馬,202501010605,1500,芝,良,曇,12,2歳新馬,
2025-08-10_札幌06R_3歳未勝利,202501010606,2600,芝,良,曇,14,3歳未勝利,
2025-08-10_札幌07R_3歳以上1勝クラス,202501010607,1200,芝,良,曇,15,3歳以上1勝クラス,
2025-08-10_札幌08R_3歳以上1勝クラス,202501010608,1700,ダ,稍,曇,9,3歳以上1勝クラス,
2025-08-16_札幌01R_2歳未勝利,202501010701,1800,芝,良,晴,7,2歳未勝利,
2025-08-16_札幌02R_3歳未勝利,202501010702,1700,ダ,良,晴,14,3歳未勝利,
2025-08-16_札幌03R_3歳未勝利,202501010703,1000,ダ,良,晴,12,3歳未勝利,
2025-08-16_札幌04R_3歳未勝利,202501010704,1500,芝,良,晴,14,3歳未勝利,
2025-08-16_札幌05R_2歳新馬,202501010705,1200,芝,良,晴,11,2歳新馬,
2025-08-16_札幌06R_3歳未勝利,202501010706,1700,ダ,良,晴,14,3歳未勝利,
2025-08-16_札幌07R_3歳以上1勝クラス,202501010707,2600,芝,良,晴,9,3歳以上1勝クラス,
2025-08-16_札幌08R_3歳以上1勝クラス,202501010708,1700,ダ,良,晴,14,3歳以上1勝クラス,
2025-08-17_札幌01R_2歳未勝利,202501010801,1200,芝,良,曇,10,2歳未勝利,
2025-08-17_札幌02R_3歳未勝利,202501010802,2400,ダ,良,雨,12,3歳未勝利,
2025-08-17_札幌03R_3歳未勝利,202501010803,2000,芝,良,雨,16,3歳未勝利,
2025-08-17_札幌04R_3歳未勝利,202501010804,1700,ダ,良,雨,14,3歳未勝利,
2025-08-17_札幌05R_2歳新馬,202501010805,1800,芝,稍,雨,5,2歳新馬,
2025-08-17_札幌06R_3歳以上1勝クラス,202501010806,1000,ダ,稍,雨,12,3歳以上1勝クラス,
2025-08-17_札幌07R_3歳以上1勝クラス,202501010807,1500,芝,稍,雨,14,3歳以上1勝クラス,
2025-08-17_札幌08R_3歳以上1勝クラス,202501010808,1700,ダ,稍,小雨,13,3歳以上1勝クラス,
2025-08-23_札幌01R_2歳未勝利,202501020101,1800,芝,稍,曇,8,2歳未勝利,
2025-08-23_札幌02R_3歳未勝利,202501020102,1000,ダ,重,晴,12,3歳未勝利,
2025-08-23_札幌03R_3歳未勝利,202501020103,2000,芝,稍,晴,16,3歳未勝利,
2025-08-23_札幌04R_3歳未勝利,202501020104,1700,ダ,重,晴,14,3歳未勝利,
2025-08-23_札幌05R_2歳新馬,202501020105,1500,芝,稍,晴,9,2歳新馬,
2025-08-23_札幌06R_3歳以上1勝クラス,202501020106,1800,芝,稍,晴,14,3歳以上1勝クラス,
2025-08-23_札幌07R_3歳以上1勝クラス,202501020107,1500,芝,稍,晴,14,3歳以上1勝クラス,
2025-08-23_札幌08R_3歳以上1勝クラス,202501020108,2400,ダ,稍,晴,9,3歳以上1勝クラス,
2025-08-24_札幌01R_2歳未勝利,202501020201,1700,ダ,良,晴,14,2歳未勝利,
2025-08-24_札幌02R_2歳未勝利,202501020202,1500,芝,良,晴,12,2歳未勝利,
2025-08-24_札幌03R_3歳未勝利,202501020203,1700,ダ,良,晴,14,3歳未勝利,
2025-08-24_札幌04R_3歳未勝利,202501020204,2600,芝,良,晴,14,3歳未勝利,
2025-08-24_札幌05R_2歳新馬,202501020205,2000,芝,良,晴,11,2歳新馬,
2025-08-24_札幌06R_3歳未勝利,202501020206,1200,芝,良,晴,16,3歳未勝利,
2025-08-24_札幌07R_3歳以上1勝クラス,202501020207,1000,ダ,良,晴,11,3歳以上1勝クラス,
2025-08-24_札幌08R_3歳以上1勝クラス,202501020208,1700,ダ,良,晴,11,3歳以上1勝クラス,
2025-08-30_札幌01R_2歳未勝利,202501020301,1500,芝,稍,小雨,8,2歳未勝利,
2025-08-30_札幌02R_2歳未勝利,202501020302,1800,芝,稍,小雨,7,2歳未勝利,
2025-08-30_札幌03R_3歳未勝利,202501020303,1700,ダ,重,小雨,14,3歳未勝利,
2025-08-30_札幌04R_3歳未勝利,202501020304,1500,芝,稍,小雨,14,3歳未勝利,
2025-08-30_札幌05R_2歳新馬,202501020305,1700,ダ,重,小雨,13,2歳新馬,
2025-08-30_札幌06R_3歳未勝利,202501020306,2000,芝,稍,小雨,16,3歳未勝利,
2025-08-30_札幌07R_3歳以上1勝クラス,202501020307,1000,ダ,重,曇,12,3歳以上1勝クラス,
2025-08-30_札幌08R_3歳以上1勝クラス,202501020308,1700,ダ,重,曇,11,3歳以上1勝クラス,
2025-08-31_札幌01R_2歳未勝利,202501020401,1200,芝,稍,曇,10,2歳未勝利,
2025-08-31_札幌02R_3歳未勝利,202501020402,1700,ダ,稍,曇,14,3歳未勝利,
2025-08-31_札幌03R_3歳未勝利,202501020403,1000,ダ,稍,曇,12,3歳未勝利,
2025-08-31_札幌04R_3歳未勝利,202501020404,2000,芝,稍,曇,16,3歳未勝利,
2025-08-31_札幌05R_2歳新馬,202501020405,1800,芝,稍,曇,8,2歳新馬,
2025-08-31_札幌06R_3歳未勝利,202501020406,1700,ダ,稍,曇,14,3歳未勝利,
2025-08-31_札幌07R_3歳以上1勝クラス,202501020407,1800,芝,稍,曇,13,3歳以上1勝クラス,
2025-08-31_札幌08R_3歳以上1勝クラス,202501020408,1700,ダ,稍,曇,13,3歳以上1勝クラス,
2025-09-06_札幌01R_2歳未勝利,202501020501,1700,ダ,良,晴,10,2歳未勝利,
2025-09-06_札幌02R_2歳未勝利,202501020502,1200,芝,良,晴,11,2歳未勝利,
2025-09-06_札幌03R_3歳未勝利,202501020503,1000,ダ,良,晴,12,3歳未勝利,
2025-09-06_札幌04R_3歳未勝利,202501020504,2000,芝,良,晴,16,3歳未勝利,
2025-09-06_札幌05R_2歳新馬,202501020505,1500,芝,良,晴,11,2歳新馬,
2025-09-06_札幌06R_3歳未勝利,202501020506,1700,ダ,良,晴,14,3歳未勝利,
2025-09-06_札幌07R_3歳以上1勝クラス,202501020507,1500,芝,良,晴,14,3歳以上1勝クラス,
2025-09-06_札幌08R_3歳以上1勝クラス,202501020508,1700,ダ,良,曇,14,3歳以上1勝クラス,
2025-09-07_札幌01R_2歳未勝利,202501020601,1500,芝,稍,曇,8,2歳未勝利,
2025-09-07_札幌02R_2歳未勝利,202501020602,2000,芝,稍,曇,10,2歳未勝利,
2025-09-07_札幌03R_3歳未勝利,202501020603,1700,ダ,稍,曇,14,3歳未勝利,
2025-09-07_札幌04R_3歳未勝利,202501020604,1200,芝,稍,曇,16,3歳未勝利,
2025-09-07_札幌05R_3歳未勝利,202501020605,1700,ダ,稍,曇,14,3歳未勝利,
2025-09-07_札幌06R_3歳以上1勝クラス,202501020606,1000,ダ,稍,曇,12,3歳以上1勝クラス,
2025-09-07_札幌07R_3歳以上1勝クラス,202501020607,1800,芝,稍,曇,13,3歳以上1勝クラス,
2025-09-07_札幌08R_3歳以上1勝クラス,202501020608,1200,芝,稍,晴,16,3歳以上1勝クラス,
2025-06-14_函館01R_3歳未勝利,202502010101,1200,芝,良,晴,16,3歳未勝利,
2025-06-14_函館02R_3歳未勝利,202502010102,1700,ダ,良,晴,14,3歳未勝利,
2025-06-14_函館03R_3歳未勝利,202502010103,1000,ダ,良,晴,12,3歳未勝利,
2025-06-14_函館04R_3歳未勝利,202502010104,1800,芝,良,晴,15,3歳未勝利,
2025-06-14_函館05R_2歳新馬,202502010105,1000,芝,良,晴,12,2歳新馬,
2025-06-14_函館06R_3歳未勝利,202502010106,1700,ダ,良,晴,14,3歳未勝利,
2025-06-14_函館07R_3歳以上1勝クラス,202502010107,1200,芝,良,晴,14,3歳以上1勝クラス,
2025-06-14_函館08R_3歳以上1勝クラス,202502010108,1000,ダ,良,晴,12,3歳以上1勝クラス,
2025-06-15_函館01R_3歳未勝利,202502010201,1200,芝,良,曇,16,3歳未勝利,
2025-06-15_函館02R_3歳未勝利,202502010202,1700,ダ,良,晴,14,3歳未勝利,
2025-06-15_函館03R_3歳未勝利,202502010203,1000,ダ,良,晴,12,3歳未勝利,
2025-06-15_函館04R_3歳未勝利,202502010204,2600,芝,良,晴,10,3歳未勝利,
2025-06-15_函館05R_2歳新馬,202502010205,1200,芝,良,晴,9,2歳新馬,
2025-06-15_函館06R_3歳未勝利,202502010206,2000,芝,良,晴,13,3歳未勝利,
2025-06-15_函館07R_3歳以上1勝クラス,202502010207,1000,ダ,良,曇,9,3歳以上1勝クラス,
2025-06-15_函館08R_3歳以上1勝クラス,202502010208,1200,芝,良,曇,13,3歳以上1勝クラス,
2025-06-21_函館01R_3歳未勝利,202502010301,1200,芝,良,曇,16,3歳未勝利,
2025-06-21_函館02R_3歳未勝利,202502010302,1000,ダ,良,曇,12,3歳未勝利,
2025-06-21_函館03R_3歳未勝利,202502010303,1700,ダ,良,晴,13,3歳未勝利,
2025-06-21_函館04R_3歳未勝利,202502010304,2000,芝,良,晴,16,3歳未勝利,
2025-06-21_函館05R_2歳新馬,202502010305,1200,芝,良,曇,15,2歳新馬,
2025-06-21_函館06R_2歳新馬,202502010306,1000,ダ,良,曇,9,2歳新馬,
2025-06-21_函館07R_3歳未勝利,202502010307,1800,芝,良,曇,16,3歳未勝利,
2025-06-21_函館08R_3歳以上1勝クラス,202502010308,1000,ダ,良,曇,12,3歳以上1勝クラス,
2025-06-22_函館01R_3歳未勝利,202502010401,1200,芝,重,曇,16,3歳未勝利,
2025-06-22_函館02R_3歳未勝利,202502010402,1700,ダ,重,曇,14,3歳未勝利,
2025-06-22_函館03R_3歳未勝利,202502010403,1000,ダ,重,曇,12,3歳未勝利,
2025-06-22_函館04R_3歳未勝利,202502010404,1800,芝,重,曇,16,3歳未勝利,
2025-06-22_函館05R_2歳新馬,202502010405,1200,芝,重,曇,12,2歳新馬,
2025-06-22_函館06R_3歳未勝利,202502010406,1700,ダ,重,曇,11,3歳未勝利,
2025-06-22_函館07R_3歳以上1勝クラス,202502010407,1800,芝,重,曇,13,3歳以上1勝クラス,
2025-06-22_函館08R_3歳以上1勝クラス,202502010408,1200,芝,重,曇,11,3歳以上1勝クラス,
2025-06-28_函館01R_3歳未勝利,202502010501,1200,芝,稍,晴,15,3歳未勝利,
2025-06-28_函館02R_3歳未勝利,202502010502,2400,ダ,稍,晴,12,3歳未勝利,
2025-06-28_函館03R_3歳未勝利,202502010503,1700,ダ,稍,晴,14,3歳未勝利,
2025-06-28_函館04R_3歳未勝利,202502010504,2000,芝,稍,晴,13,3歳未勝利,
2025-06-28_函館05R_2歳新馬,202502010505,1200,芝,稍,晴,16,2歳新馬,
2025-06-28_函館06R_3歳未勝利,202502010506,1700,ダ,稍,晴,12,3歳未勝利,
2025-06-28_函館07R_3歳以上1勝クラス,202502010507,1800,芝,稍,晴,16,3歳以上1勝クラス,
2025-06-28_函館08R_3歳以上1勝クラス,202502010508,1000,ダ,稍,晴,12,3歳以上1勝クラス,
2025-06-29_函館01R_2歳未勝利,202502010601,1200,芝,良,曇,12,2歳未勝利,
2025-06-29_函館02R_3歳未勝利,202502010602,1000,ダ,良,曇,12,3歳未勝利,
2025-06-29_函館03R_3歳未勝利,202502010603,1200,芝,良,曇,12,3歳未勝利,
2025-06-29_函館04R_3歳未勝利,202502010604,1700,ダ,良,曇,9,3歳未勝利,
2025-06-29_函館05R_2歳新馬,202502010605,1200,芝,良,曇,12,2歳新馬,
2025-06-29_函館06R_3歳未勝利,202502010606,1800,芝,良,晴,16,3歳未勝利,
2025-06-29_函館07R_3歳以上1勝クラス,202502010607,1200,芝,良,晴,11,3歳以上1勝クラス,
2025-06-29_函館08R_3歳以上1勝クラス,202502010608,1700,ダ,良,晴,11,3歳以上1勝クラス,
2025-07-05_函館01R_2歳未勝利,202502010701,1200,芝,重,晴,8,2歳未勝利,
2025-07-05_函館02R_3歳未勝利,202502010702,1000,ダ,不,晴,12,3歳未勝利,
2025-07-05_函館03R_3歳未勝利,202502010703,2000,芝,重,曇,13,3歳未勝利,
2025-07-05_函館04R_3歳未勝利,202502010704,1800,芝,重,曇,9,3歳未勝利,
2025-07-05_函館05R_2歳新馬,202502010705,1000,ダ,重,晴,7,2歳新馬,
2025-07-05_函館06R_3歳未勝利,202502010706,1700,ダ,重,晴,12,3歳未勝利,
2025-07-05_函館07R_3歳以上1勝クラス,202502010707,2600,芝,稍,晴,12,3歳以上1勝クラス,
2025-07-05_函館08R_3歳以上1勝クラス,202502010708,1200,芝,稍,晴,9,3歳以上1勝クラス,
2025-07-06_函館01R_2歳未勝利,202502010801,1200,芝,稍,曇,10,2歳未勝利,
2025-07-06_函館02R_3歳未勝利,202502010802,1000,ダ,稍,曇,12,3歳未勝利,
2025-07-06_函館03R_3歳未勝利,202502010803,1700,ダ,稍,曇,13,3歳未勝利,
2025-07-06_函館04R_3歳未勝利,202502010804,1200,芝,稍,曇,15,3歳未勝利,
2025-07-06_函館05R_2歳新馬,202502010805,1800,芝,稍,曇,6,2歳新馬,
2025-07-06_函館06R_3歳未勝利,202502010806,2000,芝,稍,曇,12,3歳未勝利,
2025-07-06_函館07R_3歳以上1勝クラス,202502010807,1000,ダ,稍,曇,12,3歳以上1勝クラス,
2025-07-06_函館08R_3歳以上1勝クラス,202502010808,1700,ダ,稍,晴,13,3歳以上1勝クラス,
2025-07-12_函館01R_3歳未勝利,202502010901,1200,芝,良,晴,14,3歳未勝利,
2025-07-12_函館02R_3歳未勝利,202502010902,1000,ダ,良,晴,12,3歳未勝利,
2025-07-12_函館03R_3歳未勝利,202502010903,1800,芝,良,晴,13,3歳未勝利,
2025-07-12_函館04R_3歳未勝利,202502010904,1700,ダ,良,晴,14,3歳未勝利,
2025-07-12_函館05R_2歳新馬,202502010905,1800,芝,良,晴,7,2歳新馬,
2025-07-12_函館06R_3歳未勝利,202502010906,2600,芝,良,晴,16,3歳未勝利,
2025-07-12_函館07R_3歳以上1勝クラス,202502010907,1700,ダ,良,晴,10,3歳以上1勝クラス,
2025-07-12_函館08R_3歳以上1勝クラス,202502010908,2400,ダ,良,晴,11,3歳以上1勝クラス,
2025-07-13_函館01R_2歳未勝利,202502011001,1000,ダ,良,晴,12,2歳未勝利,
2025-07-13_函館02R_3歳未勝利,202502011002,1700,ダ,良,晴,14,3歳未勝利,
2025-07-13_函館03R_3歳未勝利,202502011003,1200,芝,良,晴,16,3歳未勝利,
2025-07-13_函館04R_3歳未勝利,202502011004,1700,ダ,良,晴,13,3歳未勝利,
2025-07-13_函館05R_2歳新馬,202502011005,1200,芝,良,晴,7,2歳新馬,
2025-07-13_函館06R_3歳未勝利,202502011006,2000,芝,良,晴,15,3歳未勝利,
2025-07-13_函館07R_3歳以上1勝クラス,202502011007,1800,芝,良,晴,14,3歳以上1勝クラス,
2025-07-13_函館08R_3歳以上1勝クラス,202502011008,1700,ダ,良,晴,12,3歳以上1勝クラス,
2025-07-19_函館01R_2歳未勝利,202502011101,1800,芝,良,曇,11,2歳未勝利,
2025-07-19_函館02R_3歳未勝利,202502011102,1000,ダ,良,曇,12,3歳未勝利,
2025-07-19_函館03R_3歳未勝利,202502011103,2400,ダ,良,曇,12,3歳未勝利,
2025-07-19_函館04R_3歳未勝利,202502011104,1200,芝,良,晴,15,3歳未勝利,
2025-07-19_函館05R_3歳未勝利,202502011105,2000,芝,良,晴,16,3歳未勝利,
2025-07-19_函館06R_3歳未勝利,202502011106,1700,ダ,良,晴,14,3歳未勝利,
2025-07-19_函館07R_3歳以上1勝クラス,202502011107,1200,芝,良,晴,16,3歳以上1勝クラス,
2025-07-19_函館08R_3歳以上1勝クラス,202502011108,1700,ダ,良,晴,10,3歳以上1勝クラス,
2025-07-20_函館01R_2歳未勝利,202502011201,1200,芝,良,晴,16,2歳未勝利,
2025-07-20_函館02R_3歳未勝利,202502011202,1700,ダ,良,晴,13,3歳未勝利,
2025-07-20_函館03R_3歳未勝利,202502011203,1800,芝,良,晴,14,3歳未勝利,
2025-07-20_函館04R_3歳未勝利,202502011204,1700,ダ,良,晴,14,3歳未勝利,
2025-07-20_函館05R_2歳新馬,202502011205,1800,芝,良,晴,9,2歳新馬,
2025-07-20_函館06R_3歳未勝利,202502011206,1200,芝,良,晴,16,3歳未勝利,
2025-07-20_函館07R_3歳以上1勝クラス,202502011207,1000,ダ,良,晴,12,3歳以上1勝クラス,
2025-07-20_函館08R_3歳以上1勝クラス,202502011208,2600,芝,良,晴,9,3歳以上1勝クラス,
2025-04-12_福島01R_3歳未勝利,202503010101,1700,ダ,良,曇,15,3歳未勝利,
2025-04-12_福島02R_3歳未勝利,202503010102,1200,芝,良,曇,16,3歳未勝利,
2025-04-12_福島03R_3歳未勝利,202503010103,1800,芝,良,曇,16,3歳未勝利,
2025-04-12_福島04R_3歳未勝利,202503010104,1150,ダ,良,曇,15,3歳未勝利,
2025-04-12_福島05R_3歳未勝利,202503010105,2000,芝,良,曇,16,3歳未勝利,
2025-04-12_福島06R_3歳未勝利,202503010106,1200,芝,良,曇,16,3歳未勝利,
2025-04-12_福島07R_4歳以上1勝クラス,202503010107,1700,ダ,良,曇,15,4歳以上1勝クラス,
2025-04-12_福島08R_4歳以上1勝クラス,202503010108,2600,芝,良,曇,16,4歳以上1勝クラス,
2025-04-13_福島01R_3歳未勝利,202503010201,1700,ダ,良,曇,15,3歳未勝利,
2025-04-13_福島02R_3歳未勝利,202503010202,1200,芝,良,曇,16,3歳未勝利,
2025-04-13_福島03R_3歳未勝利,202503010203,2600,芝,良,曇,16,3歳未勝利,
2025-04-13_福島04R_3歳未勝利,202503010204,1700,ダ,良,曇,15,3歳未勝利,
2025-04-13_福島05R_3歳未勝利,202503010205,1800,芝,良,曇,16,3歳未勝利,
2025-04-13_福島06R_4歳以上1勝クラス,202503010206,1200,芝,良,曇,16,4歳以上1勝クラス,
2025-04-13_福島07R_4歳以上1勝クラス,202503010207,2000,芝,良,小雨,16,4歳以上1勝クラス,
2025-04-13_福島08R_4歳以上1勝クラス,202503010208,1150,ダ,良,小雨,16,4歳以上1勝クラス,
2025-04-19_福島01R_3歳未勝利,202503010301,1150,ダ,良,晴,16,3歳未勝利,
2025-04-19_福島02R_3歳未勝利,202503010302,1200,芝,良,晴,16,3歳未勝利,
2025-04-19_福島03R_3歳未勝利,202503010303,2600,芝,良,晴,16,3歳未勝利,
2025-04-19_福島04R_3歳未勝利,202503010304,1700,ダ,良,晴,15,3歳未勝利,
2025-04-19_福島05R_3歳未勝利,202503010305,1800,芝,良,晴,16,3歳未勝利,
2025-04-19_福島06R_3歳未勝利,202503010306,1200,芝,良,晴,16,3歳未勝利,
2025-04-19_福島07R_4歳以上1勝クラス,202503010307,1700,ダ,良,晴,15,4歳以上1勝クラス,
2025-04-19_福島08R_4歳以上1勝クラス,202503010308,1150,ダ,良,晴,16,4歳以上1勝クラス,
2025-04-20_福島01R_3歳未勝利,202503010401,1150,ダ,良,曇,16,3歳未勝利,
2025-04-20_福島02R_3歳未勝利,202503010402,1700,ダ,良,曇,15,3歳未勝利,
2025-04-20_福島03R_3歳未勝利,202503010403,1200,芝,良,曇,16,3歳未勝利,
2025-04-20_福島04R_3歳未勝利,202503010404,2000,芝,良,曇,16,3歳未勝利,
2025-04-20_福島05R_3歳未勝利,202503010405,2000,芝,良,曇,16,3歳未勝利,
2025-04-20_福島06R_3歳未勝利,202503010406,1700,ダ,良,曇,15,3歳未勝利,
2025-04-20_福島07R_4歳以上1勝クラス,202503010407,1800,芝,良,曇,16,4歳以上1勝クラス,
2025-04-20_福島08R_4歳以上1勝クラス,202503010408,1700,ダ,良,曇,15,4歳以上1勝クラス,
2025-04-26_福島01R_3歳未勝利,202503010501,1700,ダ,良,晴,15,3歳未勝利,
2025-04-26_福島02R_3歳未勝利,202503010502,1150,ダ,良,晴,16,3歳未勝利,
2025-04-26_福島03R_3歳未勝利,202503010503,2000,芝,良,晴,16,3歳未勝利,
2025-04-26_福島04R_3歳未勝利,202503010504,1200,芝,良,晴,12,3歳未勝利,
2025-04-26_福島05R_3歳未勝利,202503010505,1800,芝,良,晴,16,3歳未勝利,
2025-04-26_福島06R_3歳未勝利,202503010506,1700,ダ,良,晴,15,3歳未勝利,
2025-04-26_福島07R_4歳以上1勝クラス,202503010507,1200,芝,良,晴,15,4歳以上1勝クラス,
2025-04-26_福島08R_4歳以上1勝クラス,202503010508,1150,ダ,良,晴,16,4歳以上1勝クラス,
2025-04-27_福島01R_3歳未勝利,202503010601,1150,ダ,良,晴,16,3歳未勝利,
2025-04-27_福島02R_3歳未勝利,202503010602,1200,芝,良,晴,16,3歳未勝利,
2025-04-27_福島03R_3歳未勝利,202503010603,1700,ダ,良,晴,15,3歳未勝利,
2025-04-27_福島04R_3歳未勝利,202503010604,1200,芝,良,晴,16,3歳未勝利,
2025-04-27_福島05R_3歳未勝利,202503010605,2000,芝,良,晴,14,3歳未勝利,
2025-04-27_福島06R_4歳以上1勝クラス,202503010606,1700,ダ,良,晴,14,4歳以上1勝クラス,
2025-04-27_福島07R_4歳以上1勝クラス,202503010607,1200,芝,良,晴,14,4歳以上1勝クラス,
2025-04-27_福島08R_4歳以上1勝クラス,202503010608,1800,芝,良,晴,16,4歳以上1勝クラス,
2025-06-28_福島01R_2歳未勝利,202503020101,1200,芝,良,晴,10,2歳未勝利,
2025-06-28_福島02R_3歳未勝利,202503020102,1150,ダ,良,晴,16,3歳未勝利,
2025-06-28_福島03R_3歳未勝利,202503020103,1700,ダ,良,晴,15,3歳未勝利,
2025-06-28_福島04R_3歳未勝利,202503020104,1800,芝,良,晴,16,3歳未勝利,
2025-06-28_福島05R_2歳新馬,202503020105,1200,芝,良,晴,8,2歳新馬,
2025-06-28_福島06R_2歳新馬,202503020106,1150,ダ,良,晴,11,2歳新馬,
2025-06-28_福島07R_3歳以上1勝クラス,202503020107,2600,芝,良,晴,7,3歳以上1勝クラス,
2025-06-28_福島08R_3歳未勝利,202503020108,1200,芝,良,晴,16,3歳未勝利,
2025-06-29_福島01R_3歳未勝利,202503020201,1700,ダ,良,晴,15,3歳未勝利,
2025-06-29_福島02R_3歳未勝利,202503020202,2600,芝,良,晴,16,3歳未勝利,
2025-06-29_福島03R_3歳未勝利,202503020203,1700,ダ,良,晴,15,3歳未勝利,
2025-06-29_福島04R_3歳未勝利,202503020204,2000,芝,良,晴,15,3歳未勝利,
2025-06-29_福島05R_2歳新馬,202503020205,1800,芝,良,晴,13,2歳新馬,
2025-06-29_福島06R_2歳新馬,202503020206,1200,芝,良,晴,7,2歳新馬,
2025-06-29_福島07R_3歳以上1勝クラス,202503020207,1150,ダ,良,晴,16,3歳以上1勝クラス,
2025-06-29_福島08R_3歳以上1勝クラス,202503020208,1800,芝,良,晴,9,3歳以上1勝クラス,
2025-07-05_福島01R_3歳以上障害OP,202503020301,2750,障,稍,曇,10,3歳以上障害OP,OP
2025-07-05_福島02R_3歳未勝利,202503020302,1700,ダ,稍,曇,15,3歳未勝利,
2025-07-05_福島03R_2歳未勝利,202503020303,1800,芝,稍,曇,9,2歳未勝利,
2025-07-05_福島04R_2歳新馬,202503020304,1200,芝,稍,曇,9,2歳新馬,
2025-07-05_福島05R_2歳新馬,202503020305,1800,芝,稍,晴,7,2歳新馬,
2025-07-05_福島06R_3歳以上1勝クラス,202503020306,1700,ダ,稍,晴,14,3歳以上1勝クラス,
2025-07-05_福島07R_3歳未勝利,202503020307,1200,芝,良,晴,16,3歳未勝利,
2025-07-05_福島08R_3歳未勝利,202503020308,1800,芝,良,晴,16,3歳未勝利,
2025-07-06_福島01R_3歳以上障害未勝利,202503020401,2750,障,良,晴,14,3歳以上障害未勝利,
2025-07-06_福島02R_3歳未勝利,202503020402,1700,ダ,良,晴,15,3歳未勝利,
2025-07-06_福島03R_3歳未勝利,202503020403,1200,芝,良,曇,16,3歳未勝利,
2025-07-06_福島04R_2歳新馬,202503020404,1200,芝,良,曇,11,2歳新馬,
2025-07-06_福島05R_2歳新馬,202503020405,2000,芝,良,曇,8,2歳新馬,
2025-07-06_福島06R_3歳未勝利,202503020406,1150,ダ,良,曇,16,3歳未勝利,
2025-07-06_福島07R_3歳未勝利,202503020407,2000,芝,良,曇,16,3歳未勝利,
2025-07-06_福島08R_3歳以上1勝クラス,202503020408,1800,芝,良,晴,14,3歳以上1勝クラス,
2025-07-12_福島01R_2歳未勝利,202503020501,1800,芝,良,曇,10,2歳未勝利,
2025-07-12_福島02R_3歳未勝利,202503020502,1700,ダ,良,曇,15,3歳未勝利,
2025-07-12_福島03R_3歳未勝利,202503020503,1150,ダ,良,曇,16,3歳未勝利,
2025-07-12_福島04R_3歳未勝利,202503020504,2000,芝,良,曇,16,3歳未勝利,
2025-07-12_福島05R_2歳新馬,202503020505,1200,芝,良,曇,11,2歳新馬,
2025-07-12_福島06R_2歳新馬,202503020506,1150,ダ,良,曇,14,2歳新馬,
2025-07-12_福島07R_3歳以上1勝クラス,202503020507,2000,芝,良,曇,15,3歳以上1勝クラス,
2025-07-12_福島08R_3歳以上2勝クラス,202503020508,1700,ダ,良,曇,15,3歳以上2勝クラス,
2025-07-13_福島01R_2歳未勝利,202503020601,1200,芝,良,晴,9,2歳未勝利,
2025-07-13_福島02R_3歳未勝利,202503020602,1700,ダ,良,晴,15,3歳未勝利,
2025-07-13_福島03R_3歳未勝利,202503020603,2000,芝,良,晴,16,3歳未勝利,
2025-07-13_福島04R_3歳未勝利,202503020604,1200,芝,良,晴,16,3歳未勝利,
2025-07-13_福島05R_2歳新馬,202503020605,1800,芝,良,晴,15,2歳新馬,
2025-07-13_福島06R_3歳未勝利,202503020606,1700,ダ,良,晴,15,3歳未勝利,
2025-07-13_福島07R_3歳以上1勝クラス,202503020607,1200,芝,良,晴,15,3歳以上1勝クラス,
2025-07-13_福島08R_3歳以上1勝クラス,202503020608,1150,ダ,良,晴,15,3歳以上1勝クラス,
2025-07-19_福島01R_3歳以上障害OP,202503020701,3380,障,良,曇,8,3歳以上障害OP,OP
2025-07-19_福島02R_3歳未勝利,202503020702,1700,ダ,良,晴,15,3歳未勝利,
2025-07-19_福島03R_2歳未勝利,202503020703,1800,芝,良,晴,10,2歳未勝利,
2025-07-19_福島04R_2歳新馬,202503020704,1200,芝,良,晴,16,2歳新馬,
2025-07-19_福島05R_2歳新馬,202503020705,1800,芝,良,晴,16,2歳新馬,
2025-07-19_福島06R_3歳以上1勝クラス,202503020706,1700,ダ,良,晴,14,3歳以上1勝クラス,
2025-07-19_福島07R_3歳未勝利,202503020707,1200,芝,良,晴,16,3歳未勝利,
2025-07-19_福島08R_3歳未勝利,202503020708,2000,芝,良,晴,16,3歳未勝利,
2025-07-20_福島01R_3歳以上障害未勝利,202503020801,2770,障,良,晴,14,3歳以上障害未勝利,
2025-07-20_福島02R_3歳未勝利,202503020802,1700,ダ,良,晴,15,3歳未勝利,
2025-07-20_福島03R_2歳未勝利,202503020803,1200,芝,良,晴,6,2歳未勝利,
2025-07-20_福島04R_2歳未勝利,202503020804,1150,ダ,良,晴,8,2歳未勝利,
2025-07-20_福島05R_2歳新馬,202503020805,2000,芝,良,晴,13,2歳新馬,
2025-07-20_福島06R_3歳未勝利,202503020806,1800,芝,良,晴,14,3歳未勝利,
2025-07-20_福島07R_3歳未勝利,202503020807,1150,ダ,良,晴,15,3歳未勝利,
2025-07-20_福島08R_3歳未勝利,202503020808,1800,芝,良,晴,14,3歳未勝利,
2025-11-08_福島01R_2歳未勝利,202503030101,1700,ダ,良,晴,14,2歳未勝利,
2025-11-08_福島02R_2歳未勝利,202503030102,1800,芝,良,晴,16,2歳未勝利,
2025-11-08_福島03R_2歳未勝利,202503030103,1700,ダ,良,晴,15,2歳未勝利,
2025-11-08_福島04R_3歳以上1勝クラス,202503030104,1150,ダ,良,晴,16,3歳以上1勝クラス,
2025-11-08_福島05R_2歳新馬,202503030105,1200,芝,良,晴,16,2歳新馬,
2025-11-08_福島06R_3歳以上1勝クラス,202503030106,1800,芝,良,晴,16,3歳以上1勝クラス,
2025-11-08_福島07R_3歳以上1勝クラス,202503030107,1200,芝,良,晴,16,3歳以上1勝クラス,
2025-11-08_福島08R_3歳以上1勝クラス,202503030108,1150,ダ,良,晴,16,3歳以上1勝クラス,
2025-11-09_福島01R_2歳未勝利,202503030201,1150,ダ,良,曇,16,2歳未勝利,
2025-11-09_福島02R_2歳未勝利,202503030202,1200,芝,良,曇,16,2歳未勝利,
2025-11-09_福島03R_3歳以上1勝クラス,202503030203,1700,ダ,良,曇,15,3歳以上1勝クラス,
2025-11-09_福島04R_3歳以上障害未勝利,202503030204,2750,障,良,曇,10,3歳以上障害未勝利,
2025-11-09_福島05R_3歳以上障害未勝利,202503030205,2750,障,良,曇,9,3歳以上障害未勝利,
2025-11-09_福島06R_2歳新馬,202503030206,1700,ダ,良,曇,15,2歳新馬,
2025-11-09_福島07R_3歳以上1勝クラス,202503030207,1200,芝,良,曇,16,3歳以上1勝クラス,
2025-11-09_福島08R_3歳以上1勝クラス,202503030208,2600,芝,良,曇,16,3歳以上1勝クラス,
2025-11-15_福島01R_2歳未勝利,202503030301,1700,ダ,良,晴,15,2歳未勝利,
2025-11-15_福島02R_3歳以上1勝クラス,202503030302,1150,ダ,良,晴,16,3歳以上1勝クラス,
2025-11-15_福島03R_2歳未勝利,202503030303,2000,芝,良,晴,16,2歳未勝利,
2025-11-15_福島04R_2歳未勝利,202503030304,1200,芝,良,晴,16,2歳未勝利,
2025-11-15_福島05R_2歳新馬,202503030305,2000,芝,良,晴,16,2歳新馬,
2025-11-15_福島06R_3歳以上1勝クラス,202503030306,2400,ダ,良,晴,16,3歳以上1勝クラス,
2025-11-15_福島07R_3歳以上1勝クラス,202503030307,1200,芝,良,晴,16,3歳以上1勝クラス,
2025-11-15_福島08R_3歳以上1勝クラス,202503030308,2600,芝,良,晴,16,3歳以上1勝クラス,
2025-11-16_福島01R_2歳未勝利,202503030401,1150,ダ,良,晴,16,2歳未勝利,
2025-11-16_福島02R_3歳以上1勝クラス,202503030402,1700,ダ,良,晴,15,3歳以上1勝クラス,
2025-11-16_福島03R_3歳以上1勝クラス,202503030403,1700,ダ,良,晴,15,3歳以上1勝クラス,
2025-11-16_福島04R_3歳以上障害未勝利,202503030404,2750,障,良,晴,10,3歳以上障害未勝利,
2025-11-16_福島05R_3歳以上障害未勝利,202503030405,2750,障,良,晴,11,3歳以上障害未勝利,
2025-11-16_福島06R_2歳新馬,202503030406,1700,ダ,良,晴,15,2歳新馬,
2025-11-16_福島07R_3歳以上1勝クラス,202503030407,1200,芝,良,晴,16,3歳以上1勝クラス,
2025-11-16_福島08R_3歳以上1勝クラス,202503030408,1150,ダ,良,晴,16,3歳以上1勝クラス,
2025-11-22_福島01R_2歳未勝利,202503030501,1700,ダ,良,晴,14,2歳未勝利,
2025-11-22_福島02R_3歳以上1勝クラス,202503030502,1150,ダ,良,晴,16,3歳以上1勝クラス,
2025-11-22_福島03R_2歳未勝利,202503030503,1700,ダ,良,晴,15,2歳未勝利,
2025-11-22_福島04R_3歳以上障害未勝利,202503030504,2770,障,良,晴,14,3歳以上障害未勝利,
2025-11-22_福島05R_3歳以上障害OP,202503030505,3380,障,良,晴,14,3歳以上障害OP,OP
2025-11-22_福島06R_3歳以上1勝クラス,202503030506,1700,ダ,良,晴,15,3歳以上1勝クラス,
2025-11-22_福島07R_2歳未勝利,202503030507,1800,芝,良,晴,16,2歳未勝利,
2025-11-22_福島08R_3歳以上1勝クラス,202503030508,2000,芝,良,晴,16,3歳以上1勝クラス,
2025-11-24_福島01R_2歳未勝利,202503030601,1150,ダ,良,晴,16,2歳未勝利,
2025-11-24_福島02R_3歳以上1勝クラス,202503030602,1700,ダ,良,晴,15,3歳以上1勝クラス,
2025-11-24_福島03R_3歳以上1勝クラス,202503030603,1700,ダ,良,晴,15,3歳以上1勝クラス,
2025-11-24_福島04R_3歳以上障害未勝利,202503030604,2770,障,良,晴,14,3歳以上障害未勝利,
2025-11-24_福島05R_2歳新馬,202503030605,1800,芝,良,晴,16,2歳新馬,
2025-11-24_福島06R_2歳未勝利,202503030606,1200,芝,良,晴,16,2歳未勝利,
2025-11-24_福島07R_3歳以上1勝クラス,202503030607,1150,ダ,良,曇,16,3歳以上1勝クラス,
2025-11-24_福島08R_3歳以上1勝クラス,202503030608,1200,芝,良,曇,16,3歳以上1勝クラス,
2025-05-03_新潟01R_4歳以上障害未勝利,202504010101,2890,障,良,晴,14,4歳以上障害未勝利,
2025-05-03_新潟02R_3歳未勝利,202504010102,1800,ダ,稍,晴,15,3歳未勝利,
2025-05-03_新潟03R_3歳未勝利,202504010103,1200,ダ,稍,晴,15,3歳未勝利,
2025-05-03_新潟04R_4歳以上障害OP,202504010104,2890,障,良,晴,14,4歳以上障害OP,OP
2025-05-03_新潟05R_3歳未勝利,202504010105,1400,芝,良,晴,16,3歳未勝利,
2025-05-03_新潟06R_3歳未勝利,202504010106,2400,芝,良,晴,16,3歳未勝利,
2025-05-03_新潟07R_4歳以上1勝クラス,202504010107,1800,ダ,稍,晴,11,4歳以上1勝クラス,
2025-05-03_新潟08R_4歳以上1勝クラス,202504010108,1600,芝,良,晴,13,4歳以上1勝クラス,
2025-05-04_新潟01R_3歳未勝利,202504010201,1800,芝,稍,曇,16,3歳未勝利,
2025-05-04_新潟02R_3歳未勝利,202504010202,1200,ダ,稍,曇,15,3歳未勝利,
2025-05-04_新潟03R_3歳未勝利,202504010203,1800,ダ,稍,晴,15,3歳未勝利,
2025-05-04_新潟04R_4歳以上障害未勝利,202504010204,2890,障,稍,晴,14,4歳以上障害未勝利,
2025-05-04_新潟05R_3歳未勝利,202504010205,2000,芝,稍,晴,16,3歳未勝利,
2025-05-04_新潟06R_4歳以上1勝クラス,202504010206,1800,ダ,稍,晴,12,4歳以上1勝クラス,
2025-05-04_新潟07R_4歳以上1勝クラス,202504010207,1200,ダ,稍,晴,14,4歳以上1勝クラス,
2025-05-04_新潟08R_4歳以上1勝クラス,202504010208,1800,芝,良,晴,9,4歳以上1勝クラス,
2025-05-10_新潟01R_4歳以上障害未勝利,202504010301,2890,障,稍,曇,14,4歳以上障害未勝利,
2025-05-10_新潟02R_3歳未勝利,202504010302,1800,ダ,稍,曇,15,3歳未勝利,
2025-05-10_新潟03R_3歳未勝利,202504010303,1200,ダ,稍,曇,15,3歳未勝利,
2025-05-10_新潟04R_4歳以上障害OP,202504010304,2890,障,稍,曇,12,4歳以上障害OP,OP
2025-05-10_新潟05R_3歳未勝利,202504010305,1600,芝,稍,曇,15,3歳未勝利,
2025-05-10_新潟06R_3歳未勝利,202504010306,2000,芝,稍,曇,16,3歳未勝利,
2025-05-10_新潟07R_4歳以上1勝クラス,202504010307,1800,ダ,稍,曇,11,4歳以上1勝クラス,
2025-05-10_新潟08R_4歳以上1勝クラス,202504010308,1200,ダ,稍,曇,13,4歳以上1勝クラス,
2025-05-11_新潟01R_3歳未勝利,202504010401,1800,ダ,稍,小雨,15,3歳未勝利,
2025-05-11_新潟02R_3歳未勝利,202504010402,1200,ダ,稍,小雨,15,3歳未勝利,
2025-05-11_新潟03R_3歳未勝利,202504010403,1800,ダ,稍,曇,14,3歳未勝利,
2025-05-11_新潟04R_4歳以上障害未勝利,202504010404,2890,障,稍,曇,14,4歳以上障害未勝利,
2025-05-11_新潟05R_3歳未勝利,202504010405,1800,芝,稍,曇,16,3歳未勝利,
2025-05-11_新潟06R_3歳未勝利,202504010406,1000,芝,稍,曇,16,3歳未勝利,
2025-05-11_新潟07R_4歳以上1勝クラス,202504010407,1800,ダ,稍,曇,15,4歳以上1勝クラス,
2025-05-11_新潟08R_4歳以上1勝クラス,202504010408,1800,芝,稍,曇,13,4歳以上1勝クラス,
2025-05-17_新潟01R_3歳未勝利,202504010501,1800,ダ,稍,雨,15,3歳未勝利,
2025-05-17_新潟02R_3歳未勝利,202504010502,1200,ダ,稍,雨,15,3歳未勝利,
2025-05-17_新潟03R_3歳未勝利,202504010503,1800,芝,稍,雨,16,3歳未勝利,
2025-05-17_新潟04R_3歳未勝利,202504010504,1800,ダ,稍,雨,12,3歳未勝利,
2025-05-17_新潟05R_3歳未勝利,202504010505,2000,芝,稍,雨,16,3歳未勝利,
2025-05-17_新潟06R_3歳未勝利,202504010506,1000,芝,稍,雨,16,3歳未勝利,
2025-05-17_新潟07R_4歳以上1勝クラス,202504010507,1800,ダ,稍,曇,10,4歳以上1勝クラス,
2025-05-17_新潟08R_4歳以上1勝クラス,202504010508,1400,芝,稍,曇,16,4歳以上1勝クラス,
2025-05-18_新潟01R_3歳未勝利,202504010601,1200,芝,稍,曇,16,3歳未勝利,
2025-05-18_新潟02R_3歳未勝利,202504010602,1200,ダ,稍,曇,15,3歳未勝利,
2025-05-18_新潟03R_3歳未勝利,202504010603,1800,ダ,稍,曇,13,3歳未勝利,
2025-05-18_新潟04R_4歳以上障害未勝利,202504010604,2890,障,稍,曇,13,4歳以上障害未勝利,
2025-05-18_新潟05R_4歳以上障害未勝利,202504010605,2890,障,稍,曇,12,4歳以上障害未勝利,
2025-05-18_新潟06R_3歳未勝利,202504010606,1800,ダ,良,曇,14,3歳未勝利,
2025-05-18_新潟07R_4歳以上1勝クラス,202504010607,1800,芝,良,曇,13,4歳以上1勝クラス,
2025-05-18_新潟08R_4歳以上1勝クラス,202504010608,1800,ダ,良,曇,14,4歳以上1勝クラス,
2025-05-24_新潟01R_4歳以上障害OP,202504010701,3290,障,良,曇,14,4歳以上障害OP,OP
2025-05-24_新潟02R_3歳未勝利,202504010702,1800,ダ,良,曇,15,3歳未勝利,
2025-05-24_新潟03R_3歳未勝利,202504010703,1200,ダ,良,曇,15,3歳未勝利,
2025-05-24_新潟04R_4歳以上障害未勝利,202504010704,2890,障,良,曇,13,4歳以上障害未勝利,
2025-05-24_新潟05R_3歳未勝利,202504010705,1800,芝,良,曇,16,3歳未勝利,
2025-05-24_新潟06R_3歳未勝利,202504010706,1800,ダ,良,曇,15,3歳未勝利,
2025-05-24_新潟07R_3歳未勝利,202504010707,1400,芝,良,曇,16,3歳未勝利,
2025-05-24_新潟08R_4歳以上1勝クラス,202504010708,1800,ダ,良,曇,15,4歳以上1勝クラス,
2025-05-25_新潟01R_3歳未勝利,202504010801,1200,芝,稍,小雨,16,3歳未勝利,
2025-05-25_新潟02R_3歳未勝利,202504010802,1200,ダ,稍,小雨,15,3歳未勝利,
2025-05-25_新潟03R_3歳未勝利,202504010803,1800,ダ,稍,曇,15,3歳未勝利,
2025-05-25_新潟04R_4歳以上障害未勝利,202504010804,2890,障,稍,小雨,14,4歳以上障害未勝利,
2025-05-25_新潟05R_3歳未勝利,202504010805,2000,芝,稍,小雨,16,3歳未勝利,
2025-05-25_新潟06R_3歳未勝利,202504010806,2200,芝,稍,小雨,16,3歳未勝利,
2025-05-25_新潟07R_4歳以上1勝クラス,202504010807,1200,ダ,稍,小雨,15,4歳以上1勝クラス,
2025-05-25_新潟08R_4歳以上1勝クラス,202504010808,1200,芝,稍,曇,16,4歳以上1勝クラス,
2025-07-26_新潟01R_2歳未勝利,202504020101,1200,ダ,良,晴,8,2歳未勝利,
2025-07-26_新潟02R_2歳新馬,202504020102,1600,芝,良,晴,12,2歳新馬,
2025-07-26_新潟03R_2歳新馬,202504020103,1400,芝,良,晴,18,2歳新馬,
2025-07-26_新潟04R_3歳未勝利,202504020104,1800,ダ,良,晴,15,3歳未勝利,
2025-07-26_新潟05R_3歳未勝利,202504020105,1800,芝,良,晴,18,3歳未勝利,
2025-07-26_新潟06R_麒麟山特別,202504020106,1800,ダ,良,晴,15,麒麟山特別,
2025-07-26_新潟07R_新潟日報賞,202504020107,1400,芝,良,晴,10,新潟日報賞,
2025-07-26_新潟08R_閃光特別,202504020108,1000,芝,良,晴,14,閃光特別,
2025-07-27_新潟01R_2歳未勝利,202504020201,1600,芝,良,晴,7,2歳未勝利,
2025-07-27_新潟02R_2歳未勝利,202504020202,1800,芝,良,晴,6,2歳未勝利,
2025-07-27_新潟03R_2歳新馬,202504020203,1600,芝,良,晴,9,2歳新馬,
2025-07-27_新潟04R_3歳未勝利,202504020204,1800,ダ,良,晴,15,3歳未勝利,
2025-07-27_新潟05R_3歳未勝利,202504020205,1200,ダ,良,晴,15,3歳未勝利,
2025-07-27_新潟07R_関屋記念,202504020207,1600,芝,良,晴,18,関屋記念,G3
2025-07-27_新潟08R_出雲崎特別,202504020208,1200,ダ,良,晴,15,出雲崎特別,
2025-08-02_新潟01R_3歳以上障害未勝利,202504020301,2850,障,良,晴,14,3歳以上障害未勝利,
2025-08-02_新潟02R_3歳未勝利,202504020302,1800,ダ,良,晴,15,3歳未勝利,
2025-08-02_新潟03R_2歳未勝利,202504020303,1000,芝,良,晴,12,2歳未勝利,
2025-08-02_新潟04R_2歳新馬,202504020304,1800,芝,良,晴,13,2歳新馬,
2025-08-02_新潟05R_3歳未勝利,202504020305,1200,ダ,良,晴,15,3歳未勝利,
2025-08-02_新潟06R_五頭連峰特別,202504020306,1600,芝,良,晴,15,五頭連峰特別,
2025-08-02_新潟07R_柳都S,202504020307,1800,ダ,良,晴,15,柳都S,
2025-08-02_新潟08R_苗場特別,202504020308,1800,ダ,良,晴,12,苗場特別,
2025-08-03_新潟01R_3歳以上障害未勝利,202504020401,2850,障,良,晴,14,3歳以上障害未勝利,
2025-08-03_新潟02R_2歳新馬,202504020402,1800,ダ,良,晴,15,2歳新馬,
2025-08-03_新潟03R_2歳未勝利,202504020403,1600,芝,良,晴,6,2歳未勝利,
2025-08-03_新潟04R_2歳新馬,202504020404,1600,芝,良,晴,13,2歳新馬,
2025-08-03_新潟05R_3歳未勝利,202504020405,1200,ダ,良,晴,15,3歳未勝利,
2025-08-03_新潟06R_月岡温泉特別,202504020406,2000,芝,良,晴,5,月岡温泉特別,
2025-08-03_新潟07R_アイビスSD,202504020407,1000,芝,良,晴,18,アイビスSD,G3
2025-08-03_新潟08R_燕特別,202504020408,2200,芝,良,晴,11,燕特別,
2025-08-09_新潟01R_2歳未勝利,202504020501,1200,ダ,良,晴,15,2歳未勝利,
2025-08-09_新潟02R_2歳未勝利,202504020502,2000,芝,良,晴,10,2歳未勝利,
2025-08-09_新潟03R_2歳新馬,202504020503,1200,芝,良,晴,17,2歳新馬,
2025-08-09_新潟04R_3歳未勝利,202504020504,1800,ダ,良,晴,15,3歳未勝利,
2025-08-09_新潟05R_3歳以上1勝クラス,202504020505,1200,ダ,良,晴,15,3歳以上1勝クラス,
2025-08-09_新潟06R_三面川特別,202504020506,1800,芝,良,晴,16,三面川特別,
2025-08-09_新潟07R_関越S,202504020507,1800,芝,良,晴,13,関越S,OP
2025-08-09_新潟08R_ダリア賞,202504020508,1400,芝,良,晴,9,ダリア賞,OP
2025-08-10_新潟01R_2歳未勝利,202504020601,1400,芝,稍,雨,18,2歳未勝利,
2025-08-10_新潟02R_2歳新馬,202504020602,1800,芝,稍,雨,12,2歳新馬,
2025-08-10_新潟03R_2歳新馬,202504020603,1200,ダ,稍,雨,15,2歳新馬,
2025-08-10_新潟04R_3歳未勝利,202504020604,1800,ダ,稍,雨,14,3歳未勝利,
2025-08-10_新潟05R_3歳未勝利,202504020605,1800,芝,稍,雨,18,3歳未勝利,
2025-08-10_新潟06R_佐渡S,202504020606,1800,芝,重,雨,14,佐渡S,
2025-08-10_新潟07R_レパードS,202504020607,1800,ダ,不,雨,15,レパードS,G3
2025-08-10_新潟08R_驀進特別,202504020608,1000,芝,重,雨,18,驀進特別,
2025-08-16_新潟01R_2歳未勝利,202504020701,1800,芝,良,晴,13,2歳未勝利,
2025-08-16_新潟02R_3歳未勝利,202504020702,2400,芝,良,晴,18,3歳未勝利,
2025-08-16_新潟03R_3歳未勝利,202504020703,1800,ダ,稍,晴,14,3歳未勝利,
2025-08-16_新潟04R_2歳新馬,202504020704,1600,芝,良,晴,11,2歳新馬,
2025-08-16_新潟05R_2歳新馬,202504020705,1400,芝,良,晴,17,2歳新馬,
2025-08-16_新潟06R_中郷特別,202504020706,1800,芝,良,晴,12,中郷特別,
2025-08-16_新潟07R_上越S,202504020707,1200,ダ,良,晴,15,上越S,
2025-08-16_新潟08R_瀬波温泉特別,202504020708,1800,ダ,良,晴,13,瀬波温泉特別,
2025-08-17_新潟01R_3歳以上障害未勝利,202504020801,2850,障,良,晴,13,3歳以上障害未勝利,
2025-08-17_新潟02R_3歳未勝利,202504020802,1800,ダ,良,晴,15,3歳未勝利,
2025-08-17_新潟03R_2歳未勝利,202504020803,1600,芝,良,晴,11,2歳未勝利,
2025-08-17_新潟04R_2歳新馬,202504020804,1800,芝,良,晴,11,2歳新馬,
2025-08-17_新潟05R_3歳未勝利,202504020805,1200,ダ,良,晴,15,3歳未勝利,
2025-08-17_新潟06R_稲妻S,202504020806,1000,芝,良,晴,11,稲妻S,
2025-08-17_新潟07R_NST賞,202504020807,1200,ダ,良,晴,15,NST賞,OP
2025-08-17_新潟08R_阿賀野川特別,202504020808,2200,芝,良,晴,9,阿賀野川特別,
2025-08-23_新潟01R_2歳未勝利,202504030101,2000,芝,良,晴,6,2歳未勝利,
2025-08-23_新潟02R_3歳未勝利,202504030102,1800,ダ,良,晴,14,3歳未勝利,
2025-08-23_新潟03R_3歳未勝利,202504030103,1600,芝,良,晴,18,3歳未勝利,
2025-08-23_新潟04R_3歳未勝利,202504030104,1800,芝,良,晴,16,3歳未勝利,
2025-08-23_新潟05R_2歳新馬,202504030105,1600,芝,良,晴,13,2歳新馬,
2025-08-23_新潟06R_3歳未勝利,202504030106,1200,ダ,良,晴,15,3歳未勝利,
2025-08-23_新潟07R_3歳以上1勝クラス,202504030107,1800,芝,良,晴,11,3歳以上1勝クラス,
2025-08-23_新潟08R_3歳以上1勝クラス,202504030108,1800,ダ,良,晴,11,3歳以上1勝クラス,
2025-08-24_新潟01R_2歳未勝利,202504030201,1600,芝,良,晴,7,2歳未勝利,
2025-08-24_新潟02R_3歳未勝利,202504030202,1800,ダ,良,晴,15,3歳未勝利,
2025-08-24_新潟03R_3歳未勝利,202504030203,2000,芝,良,晴,17,3歳未勝利,
2025-08-24_新潟04R_3歳未勝利,202504030204,1200,ダ,良,晴,15,3歳未勝利,
2025-08-24_新潟05R_2歳新馬,202504030205,2000,芝,良,晴,14,2歳新馬,
2025-08-24_新潟06R_2歳新馬,202504030206,1600,芝,良,晴,14,2歳新馬,
2025-08-24_新潟07R_3歳以上1勝クラス,202504030207,1000,芝,良,晴,18,3歳以上1勝クラス,
2025-08-24_新潟08R_3歳以上1勝クラス,202504030208,1800,ダ,良,晴,10,3歳以上1勝クラス,
2025-08-30_新潟01R_3歳以上障害OP,202504030301,3250,障,良,曇,13,3歳以上障害OP,OP
2025-08-30_新潟02R_2歳未勝利,202504030302,1800,ダ,良,曇,15,2歳未勝利,
2025-08-30_新潟03R_2歳未勝利,202504030303,1800,芝,良,曇,11,2歳未勝利,
2025-08-30_新潟04R_3歳未勝利,202504030304,1800,ダ,良,曇,15,3歳未勝利,
2025-08-30_新潟05R_2歳新馬,202504030305,1400,芝,良,曇,18,2歳新馬,
2025-08-30_新潟06R_3歳未勝利,202504030306,1800,芝,良,晴,18,3歳未勝利,
2025-08-30_新潟07R_3歳未勝利,202504030307,1400,芝,良,晴,18,3歳未勝利,
2025-08-30_新潟08R_3歳以上1勝クラス,202504030308,1800,ダ,良,晴,10,3歳以上1勝クラス,
2025-08-31_新潟01R_3歳以上障害未勝利,202504030401,2850,障,良,晴,14,3歳以上障害未勝利,
2025-08-31_新潟02R_3歳未勝利,202504030402,1800,ダ,良,晴,15,3歳未勝利,
2025-08-31_新潟03R_2歳未勝利,202504030403,1400,芝,良,晴,18,2歳未勝利,
2025-08-31_新潟04R_3歳未勝利,202504030404,2200,芝,良,晴,18,3歳未勝利,
2025-08-31_新潟05R_2歳新馬,202504030405,1800,芝,良,晴,12,2歳新馬,
2025-08-31_新潟06R_2歳新馬,202504030406,1800,ダ,良,晴,15,2歳新馬,
2025-08-31_新潟07R_3歳未勝利,202504030407,1200,ダ,良,晴,15,3歳未勝利,
2025-08-31_新潟08R_3歳以上1勝クラス,202504030408,2000,芝,良,晴,9,3歳以上1勝クラス,
2025-10-18_新潟01R_2歳未勝利,202504040101,1600,芝,良,曇,13,2歳未勝利,
2025-10-18_新潟02R_2歳未勝利,202504040102,1800,ダ,良,曇,14,2歳未勝利,
2025-10-18_新潟03R_2歳未勝利,202504040103,1200,芝,良,曇,18,2歳未勝利,
2025-10-18_新潟04R_3歳以上1勝クラス,202504040104,1800,ダ,良,曇,14,3歳以上1勝クラス,
2025-10-18_新潟05R_2歳新馬,202504040105,1200,ダ,良,曇,15,2歳新馬,
2025-10-18_新潟06R_3歳以上1勝クラス,202504040106,1800,ダ,良,曇,15,3歳以上1勝クラス,
2025-10-18_新潟07R_3歳以上1勝クラス,202504040107,1800,芝,良,曇,18,3歳以上1勝クラス,
2025-10-18_新潟08R_3歳以上1勝クラス,202504040108,1200,ダ,良,曇,15,3歳以上1勝クラス,
2025-10-19_新潟01R_2歳未勝利,202504040201,2000,芝,稍,曇,12,2歳未勝利,
2025-10-19_新潟02R_2歳未勝利,202504040202,1200,ダ,重,曇,15,2歳未勝利,
2025-10-19_新潟03R_3歳以上1勝クラス,202504040203,1200,芝,稍,曇,18,3歳以上1勝クラス,
2025-10-19_新潟04R_3歳以上1勝クラス,202504040204,1200,ダ,重,曇,13,3歳以上1勝クラス,
2025-10-19_新潟05R_2歳新馬,202504040205,1400,芝,稍,曇,18,2歳新馬,
2025-10-19_新潟06R_3歳以上1勝クラス,202504040206,1800,ダ,重,曇,15,3歳以上1勝クラス,
2025-10-19_新潟07R_3歳以上1勝クラス,202504040207,1600,芝,稍,曇,18,3歳以上1勝クラス,
2025-10-19_新潟08R_3歳以上1勝クラス,202504040208,2500,ダ,重,曇,15,3歳以上1勝クラス,
2025-10-25_新潟01R_2歳未勝利,202504040301,1200,芝,良,晴,15,2歳未勝利,
2025-10-25_新潟02R_2歳未勝利,202504040302,1200,ダ,良,晴,15,2歳未勝利,
2025-10-25_新潟03R_2歳未勝利,202504040303,1800,芝,良,晴,13,2歳未勝利,
2025-10-25_新潟04R_3歳以上1勝クラス,202504040304,1200,ダ,良,晴,15,3歳以上1勝クラス,
2025-10-25_新潟05R_3歳以上1勝クラス,202504040305,1800,ダ,良,晴,14,3歳以上1勝クラス,
2025-10-25_新潟06R_3歳以上1勝クラス,202504040306,1800,芝,良,晴,15,3歳以上1勝クラス,
2025-10-25_新潟07R_3歳以上1勝クラス,202504040307,1200,ダ,良,晴,14,3歳以上1勝クラス,
2025-10-25_新潟08R_3歳以上1勝クラス,202504040308,1800,ダ,良,晴,14,3歳以上1勝クラス,
2025-10-26_新潟01R_2歳未勝利,202504040401,1800,ダ,良,小雨,13,2歳未勝利,
2025-10-26_新潟02R_2歳未勝利,202504040402,1400,芝,良,小雨,13,2歳未勝利,
2025-10-26_新潟03R_2歳未勝利,202504040403,1800,ダ,稍,雨,10,2歳未勝利,
2025-10-26_新潟04R_3歳以上1勝クラス,202504040404,1800,芝,稍,雨,16,3歳以上1勝クラス,
2025-10-26_新潟05R_2歳新馬,202504040405,1600,芝,稍,雨,18,2歳新馬,
2025-10-26_新潟06R_3歳以上1勝クラス,202504040406,1200,ダ,稍,雨,13,3歳以上1勝クラス,
2025-10-26_新潟07R_3歳以上1勝クラス,202504040407,2000,芝,稍,雨,15,3歳以上1勝クラス,
2025-10-26_新潟08R_3歳以上1勝クラス,202504040408,1800,ダ,稍,雨,12,3歳以上1勝クラス,
2025-02-15_東京01R_3歳未勝利,202505010501,1400,ダ,良,晴,16,3歳未勝利,
2025-02-15_東京02R_3歳新馬,202505010502,1400,ダ,良,晴,16,3歳新馬,
2025-02-15_東京03R_3歳未勝利,202505010503,1600,ダ,良,晴,16,3歳未勝利,
2025-02-15_東京04R_4歳以上1勝クラス,202505010504,2100,ダ,良,晴,16,4歳以上1勝クラス,
2025-02-15_東京05R_3歳未勝利,202505010505,1400,芝,良,晴,16,3歳未勝利,
2025-02-15_東京06R_3歳未勝利,202505010506,1800,芝,良,晴,16,3歳未勝利,
2025-02-15_東京07R_3歳1勝クラス,202505010507,1400,芝,良,晴,12,3歳1勝クラス,
2025-02-15_東京08R_4歳以上2勝クラス,202505010508,1600,ダ,良,晴,16,4歳以上2勝クラス,
2025-02-16_東京01R_3歳未勝利,202505010601,1300,ダ,良,晴,16,3歳未勝利,
2025-02-16_東京02R_3歳未勝利,202505010602,2100,ダ,良,晴,16,3歳未勝利,
2025-02-16_東京03R_3歳新馬,202505010603,1600,ダ,良,晴,16,3歳新馬,
2025-02-16_東京04R_3歳1勝クラス,202505010604,1600,ダ,良,晴,11,3歳1勝クラス,
2025-02-16_東京05R_3歳未勝利,202505010605,1800,芝,良,晴,16,3歳未勝利,
2025-02-16_東京06R_4歳以上1勝クラス,202505010606,2400,芝,良,晴,16,4歳以上1勝クラス,
2025-02-16_東京07R_4歳以上1勝クラス,202505010607,1400,ダ,良,晴,16,4歳以上1勝クラス,
2025-02-16_東京08R_4歳以上2勝クラス,202505010608,1600,芝,良,晴,13,4歳以上2勝クラス,
2025-02-22_東京01R_3歳未勝利,202505010701,1400,ダ,良,晴,16,3歳未勝利,
2025-02-22_東京02R_3歳1勝クラス,202505010702,1400,ダ,良,晴,16,3歳1勝クラス,
2025-02-22_東京03R_3歳未勝利,202505010703,1600,ダ,良,晴,16,3歳未勝利,
2025-02-22_東京04R_3歳新馬,202505010704,1600,ダ,良,晴,16,3歳新馬,
2025-02-22_東京05R_3歳未勝利,202505010705,2400,芝,良,曇,18,3歳未勝利,
2025-02-22_東京06R_3歳未勝利,202505010706,1600,芝,良,曇,16,3歳未勝利,
2025-02-22_東京07R_4歳以上1勝クラス,202505010707,1400,ダ,良,曇,16,4歳以上1勝クラス,
2025-02-22_東京08R_4歳以上2勝クラス,202505010708,1800,芝,良,曇,11,4歳以上2勝クラス,
2025-02-23_東京01R_3歳未勝利,202505010801,1400,ダ,良,晴,16,3歳未勝利,
2025-02-23_東京02R_3歳未勝利,202505010802,2100,ダ,良,晴,16,3歳未勝利,
2025-02-23_東京03R_3歳新馬,202505010803,1400,ダ,良,晴,16,3歳新馬,
2025-02-23_東京04R_3歳未勝利,202505010804,1800,芝,良,晴,16,3歳未勝利,
2025-02-23_東京05R_3歳1勝クラス,202505010805,1600,芝,良,晴,13,3歳1勝クラス,
2025-02-23_東京06R_4歳以上1勝クラス,202505010806,1800,芝,良,晴,16,4歳以上1勝クラス,
2025-02-23_東京07R_4歳以上2勝クラス,202505010807,2100,ダ,良,晴,14,4歳以上2勝クラス,
2025-02-23_東京08R_4歳以上2勝クラス,202505010808,1400,芝,良,晴,12,4歳以上2勝クラス,
2025-04-26_東京01R_3歳未勝利,202505020101,1600,ダ,稍,曇,16,3歳未勝利,
2025-04-26_東京02R_3歳未勝利,202505020102,1400,ダ,稍,曇,16,3歳未勝利,
2025-04-26_東京03R_3歳未勝利,202505020103,2100,ダ,稍,曇,16,3歳未勝利,
2025-04-26_東京04R_3歳未勝利,202505020104,1800,芝,良,曇,18,3歳未勝利,
2025-04-26_東京05R_3歳未勝利,202505020105,1400,芝,良,曇,18,3歳未勝利,
2025-04-26_東京06R_3歳1勝クラス,202505020106,1600,ダ,稍,曇,16,3歳1勝クラス,
2025-04-26_東京07R_4歳以上1勝クラス,202505020107,1400,ダ,稍,曇,14,4歳以上1勝クラス,
2025-04-26_東京08R_4歳以上1勝クラス,202505020108,1600,芝,良,曇,12,4歳以上1勝クラス,
2025-04-27_東京01R_3歳未勝利,202505020201,1400,ダ,稍,晴,16,3歳未勝利,
2025-04-27_東京02R_3歳未勝利,202505020202,1600,ダ,稍,晴,16,3歳未勝利,
2025-04-27_東京03R_3歳未勝利,202505020203,1300,ダ,稍,晴,15,3歳未勝利,
2025-04-27_東京04R_3歳未勝利,202505020204,2400,芝,良,晴,11,3歳未勝利,
2025-04-27_東京05R_3歳未勝利,202505020205,1800,芝,良,晴,14,3歳未勝利,
2025-04-27_東京06R_3歳1勝クラス,202505020206,1600,芝,良,晴,9,3歳1勝クラス,
2025-04-27_東京07R_4歳以上1勝クラス,202505020207,1600,ダ,稍,晴,14,4歳以上1勝クラス,
2025-04-27_東京08R_4歳以上2勝クラス,202505020208,1400,芝,良,晴,14,4歳以上2勝クラス,
2025-05-03_東京01R_3歳未勝利,202505020301,1400,ダ,不,晴,16,3歳未勝利,
2025-05-03_東京02R_3歳未勝利,202505020302,1600,ダ,不,晴,16,3歳未勝利,
2025-05-03_東京03R_3歳未勝利,202505020303,2100,ダ,不,晴,14,3歳未勝利,
2025-05-03_東京04R_3歳未勝利,202505020304,2000,芝,稍,晴,12,3歳未勝利,
2025-05-03_東京05R_3歳1勝クラス,202505020305,1400,芝,良,晴,9,3歳1勝クラス,
2025-05-03_東京06R_4歳以上1勝クラス,202505020306,2000,芝,良,晴,6,4歳以上1勝クラス,
2025-05-03_東京07R_4歳以上1勝クラス,202505020307,1400,ダ,重,晴,16,4歳以上1勝クラス,
2025-05-03_東京08R_4歳以上2勝クラス,202505020308,2400,芝,良,晴,7,4歳以上2勝クラス,
2025-05-04_東京01R_3歳未勝利,202505020401,1600,ダ,稍,晴,15,3歳未勝利,
2025-05-04_東京02R_3歳未勝利,202505020402,1400,ダ,稍,晴,16,3歳未勝利,
2025-05-04_東京03R_3歳未勝利,202505020403,1600,ダ,稍,晴,16,3歳未勝利,
2025-05-04_東京04R_3歳未勝利,202505020404,1600,芝,良,晴,15,3歳未勝利,
2025-05-04_東京05R_3歳未勝利,202505020405,1800,芝,良,晴,16,3歳未勝利,
2025-05-04_東京06R_3歳1勝クラス,202505020406,1400,ダ,稍,晴,16,3歳1勝クラス,
2025-05-04_東京07R_4歳以上1勝クラス,202505020407,2100,ダ,稍,晴,10,4歳以上1勝クラス,
2025-05-04_東京08R_4歳以上2勝クラス,202505020408,1600,芝,良,晴,9,4歳以上2勝クラス,
2025-05-10_東京01R_3歳未勝利,202505020501,1300,ダ,重,小雨,16,3歳未勝利,
2025-05-10_東京02R_3歳未勝利,202505020502,2100,ダ,重,小雨,14,3歳未勝利,
2025-05-10_東京03R_3歳未勝利,202505020503,1600,ダ,重,小雨,15,3歳未勝利,
2025-05-10_東京04R_3歳未勝利,202505020504,2400,芝,稍,小雨,8,3歳未勝利,
2025-05-10_東京05R_3歳未勝利,202505020505,1400,芝,稍,曇,16,3歳未勝利,
2025-05-10_東京06R_3歳1勝クラス,202505020506,1800,芝,稍,曇,9,3歳1勝クラス,
2025-05-10_東京07R_4歳以上1勝クラス,202505020507,1300,ダ,重,曇,16,4歳以上1勝クラス,
2025-05-10_東京08R_4歳以上2勝クラス,202505020508,1400,芝,稍,曇,12,4歳以上2勝クラス,
2025-05-11_東京01R_3歳未勝利,202505020601,1600,ダ,稍,晴,14,3歳未勝利,
2025-05-11_東京02R_3歳未勝利,202505020602,1400,ダ,稍,晴,16,3歳未勝利,
2025-05-11_東京03R_3歳未勝利,202505020603,2000,芝,良,晴,12,3歳未勝利,
2025-05-11_東京04R_3歳未勝利,202505020604,1600,芝,良,晴,16,3歳未勝利,
2025-05-11_東京05R_3歳1勝クラス,202505020605,2100,ダ,稍,晴,16,3歳1勝クラス,
2025-05-11_東京06R_4歳以上1勝クラス,202505020606,1400,芝,良,晴,12,4歳以上1勝クラス,
2025-05-11_東京07R_4歳以上2勝クラス,202505020607,2000,芝,良,晴,5,4歳以上2勝クラス,
2025-05-11_東京08R_4歳以上1勝クラス,202505020608,1600,ダ,稍,晴,12,4歳以上1勝クラス,
2025-05-17_東京01R_3歳未勝利,202505020701,1400,ダ,稍,雨,16,3歳未勝利,
2025-05-17_東京02R_3歳未勝利,202505020702,1600,ダ,稍,雨,16,3歳未勝利,
2025-05-17_東京03R_3歳未勝利,202505020703,1300,ダ,稍,雨,16,3歳未勝利,
2025-05-17_東京04R_3歳未勝利,202505020704,2000,芝,良,雨,15,3歳未勝利,
2025-05-17_東京05R_3歳未勝利,202505020705,1400,芝,良,雨,18,3歳未勝利,
2025-05-17_東京06R_3歳1勝クラス,202505020706,2400,芝,良,雨,8,3歳1勝クラス,
2025-05-17_東京07R_3歳1勝クラス,202505020707,1400,ダ,不,雨,14,3歳1勝クラス,
2025-05-17_東京08R_4歳以上1勝クラス,202505020708,1600,ダ,不,雨,13,4歳以上1勝クラス,
2025-05-18_東京01R_3歳未勝利,202505020801,1400,ダ,重,晴,16,3歳未勝利,
2025-05-18_東京02R_3歳未勝利,202505020802,1600,ダ,重,晴,16,3歳未勝利,
2025-05-18_東京03R_3歳未勝利,202505020803,2100,ダ,重,晴,14,3歳未勝利,
2025-05-18_東京04R_3歳未勝利,202505020804,1800,芝,稍,晴,14,3歳未勝利,
2025-05-18_東京05R_3歳未勝利,202505020805,2400,芝,稍,曇,13,3歳未勝利,
2025-05-18_東京06R_3歳1勝クラス,202505020806,1600,ダ,重,曇,16,3歳1勝クラス,
2025-05-18_東京07R_3歳1勝クラス,202505020807,1600,芝,良,曇,10,3歳1勝クラス,
2025-05-18_東京08R_4歳以上1勝クラス,202505020808,1800,芝,良,曇,9,4歳以上1勝クラス,
2025-05-24_東京01R_3歳未勝利,202505020901,1600,ダ,良,曇,16,3歳未勝利,
2025-05-24_東京02R_3歳未勝利,202505020902,1400,ダ,良,曇,16,3歳未勝利,
2025-05-24_東京03R_3歳未勝利,202505020903,2100,ダ,良,曇,16,3歳未勝利,
2025-05-24_東京04R_3歳未勝利,202505020904,1600,芝,良,曇,18,3歳未勝利,
2025-05-24_東京05R_3歳未勝利,202505020905,2000,芝,良,曇,17,3歳未勝利,
2025-05-24_東京06R_3歳1勝クラス,202505020906,1600,ダ,良,曇,14,3歳1勝クラス,
2025-05-24_東京07R_4歳以上1勝クラス,202505020907,1600,芝,良,曇,13,4歳以上1勝クラス,
2025-05-24_東京08R_4歳以上1勝クラス,202505020908,1400,ダ,良,曇,16,4歳以上1勝クラス,
2025-05-25_東京01R_3歳未勝利,202505021001,1400,ダ,不,曇,16,3歳未勝利,
2025-05-25_東京02R_3歳未勝利,202505021002,1600,ダ,不,曇,16,3歳未勝利,
2025-05-25_東京03R_3歳未勝利,202505021003,1300,ダ,不,曇,16,3歳未勝利,
2025-05-25_東京04R_3歳未勝利,202505021004,1600,芝,稍,曇,18,3歳未勝利,
2025-05-25_東京05R_3歳未勝利,202505021005,1800,芝,稍,曇,17,3歳未勝利,
2025-05-25_東京06R_3歳1勝クラス,202505021006,1400,ダ,不,曇,9,3歳1勝クラス,
2025-05-25_東京07R_4歳以上1勝クラス,202505021007,2400,芝,稍,曇,8,4歳以上1勝クラス,
2025-05-25_東京08R_三峰山特別,202505021008,1600,ダ,不,曇,16,三峰山特別,
2025-05-31_東京01R_3歳未勝利,202505021101,1400,ダ,不,雨,16,3歳未勝利,
2025-05-31_東京02R_3歳未勝利,202505021102,2400,芝,稍,雨,16,3歳未勝利,
2025-05-31_東京03R_3歳未勝利,202505021103,1400,芝,稍,雨,18,3歳未勝利,
2025-05-31_東京04R_4歳以上障害未勝利,202505021104,3000,障,稍,雨,14,4歳以上障害未勝利,
2025-05-31_東京05R_3歳未勝利,202505021105,2000,芝,稍,雨,16,3歳未勝利,
2025-05-31_東京06R_3歳1勝クラス,202505021106,1600,ダ,不,小雨,10,3歳1勝クラス,
2025-05-31_東京07R_3歳1勝クラス,202505021107,1400,芝,稍,小雨,11,3歳1勝クラス,
2025-05-31_東京08R_4歳以上1勝クラス,202505021108,1600,ダ,不,小雨,16,4歳以上1勝クラス,
2025-06-01_東京01R_3歳未勝利,202505021201,1600,ダ,重,晴,16,3歳未勝利,
2025-06-01_東京02R_3歳未勝利,202505021202,1400,ダ,重,晴,16,3歳未勝利,
2025-06-01_東京03R_3歳未勝利,202505021203,1600,ダ,重,晴,16,3歳未勝利,
2025-06-01_東京04R_3歳未勝利,202505021204,1600,芝,稍,晴,15,3歳未勝利,
2025-06-01_東京05R_3歳1勝クラス,202505021205,1400,ダ,重,晴,11,3歳1勝クラス,
2025-06-01_東京06R_4歳以上1勝クラス,202505021206,1800,芝,稍,晴,16,4歳以上1勝クラス,
2025-06-01_東京07R_4歳以上1勝クラス,202505021207,1400,ダ,重,晴,16,4歳以上1勝クラス,
2025-06-01_東京08R_青嵐賞,202505021208,2400,芝,稍,晴,16,青嵐賞,
2025-06-07_東京01R_3歳以上障害未勝利,202505030101,3000,障,良,晴,14,3歳以上障害未勝利,
2025-06-07_東京02R_3歳未勝利,202505030102,1400,ダ,良,晴,16,3歳未勝利,
2025-06-07_東京03R_3歳未勝利,202505030103,1600,ダ,良,晴,16,3歳未勝利,
2025-06-07_東京04R_3歳未勝利,202505030104,2000,芝,良,晴,14,3歳未勝利,
2025-06-07_東京05R_2歳新馬,202505030105,1600,芝,良,晴,10,2歳新馬,
2025-06-07_東京06R_3歳未勝利,202505030106,1300,ダ,良,晴,16,3歳未勝利,
2025-06-07_東京07R_3歳未勝利,202505030107,1600,芝,良,晴,18,3歳未勝利,
2025-06-07_東京08R_3歳以上1勝クラス,202505030108,1600,ダ,良,晴,16,3歳以上1勝クラス,
2025-06-08_東京01R_3歳未勝利,202505030201,1600,ダ,良,曇,16,3歳未勝利,
2025-06-08_東京02R_3歳未勝利,202505030202,2100,ダ,良,曇,16,3歳未勝利,
2025-06-08_東京03R_3歳未勝利,202505030203,1800,芝,良,曇,18,3歳未勝利,
2025-06-08_東京04R_3歳未勝利,202505030204,1400,ダ,良,曇,16,3歳未勝利,
2025-06-08_東京05R_2歳新馬,202505030205,1800,芝,良,曇,11,2歳新馬,
2025-06-08_東京06R_2歳新馬,202505030206,1400,芝,良,曇,17,2歳新馬,
2025-06-08_東京07R_3歳以上1勝クラス,202505030207,1400,ダ,良,晴,16,3歳以上1勝クラス,
2025-06-08_東京08R_3歳以上1勝クラス,202505030208,1600,芝,良,晴,18,3歳以上1勝クラス,
2025-06-14_東京01R_3歳未勝利,202505030301,1600,ダ,良,曇,16,3歳未勝利,
2025-06-14_東京02R_3歳未勝利,202505030302,2400,芝,良,曇,11,3歳未勝利,
2025-06-14_東京03R_3歳未勝利,202505030303,1400,ダ,良,曇,16,3歳未勝利,
2025-06-14_東京04R_東京JS,202505030304,3110,障,良,曇,12,東京JS,
2025-06-14_東京05R_2歳新馬,202505030305,1600,芝,良,曇,11,2歳新馬,
2025-06-14_東京06R_2歳新馬,202505030306,1400,芝,良,曇,10,2歳新馬,
2025-06-14_東京07R_3歳未勝利,202505030307,1600,ダ,良,曇,16,3歳未勝利,
2025-06-14_東京08R_3歳以上1勝クラス,202505030308,1400,芝,良,小雨,18,3歳以上1勝クラス,
2025-06-15_東京01R_3歳未勝利,202505030401,1400,ダ,重,小雨,16,3歳未勝利,
2025-06-15_東京02R_3歳未勝利,202505030402,2100,ダ,重,小雨,16,3歳未勝利,
2025-06-15_東京03R_3歳未勝利,202505030403,1600,ダ,重,曇,16,3歳未勝利,
2025-06-15_東京04R_3歳未勝利,202505030404,1400,芝,稍,曇,18,3歳未勝利,
2025-06-15_東京05R_2歳新馬,202505030405,1600,芝,稍,曇,10,2歳新馬,
2025-06-15_東京06R_3歳以上1勝クラス,202505030406,2100,ダ,重,曇,16,3歳以上1勝クラス,
2025-06-15_東京07R_3歳以上1勝クラス,202505030407,2000,芝,稍,曇,14,3歳以上1勝クラス,
2025-06-15_東京08R_3歳以上1勝クラス,202505030408,1600,ダ,重,曇,16,3歳以上1勝クラス,
2025-06-21_東京01R_3歳未勝利,202505030501,1600,ダ,良,晴,16,3歳未勝利,
2025-06-21_東京02R_3歳未勝利,202505030502,1400,ダ,良,晴,16,3歳未勝利,
2025-06-21_東京03R_3歳未勝利,202505030503,1600,ダ,良,晴,16,3歳未勝利,
2025-06-21_東京04R_3歳未勝利,202505030504,1600,芝,良,晴,16,3歳未勝利,
2025-06-21_東京05R_2歳新馬,202505030505,1800,芝,良,晴,12,2歳新馬,
2025-06-21_東京06R_2歳新馬,202505030506,1400,ダ,良,晴,16,2歳新馬,
2025-06-21_東京07R_3歳未勝利,202505030507,1300,ダ,良,晴,16,3歳未勝利,
2025-06-21_東京08R_3歳以上1勝クラス,202505030508,1800,芝,良,晴,16,3歳以上1勝クラス,
2025-06-22_東京01R_3歳以上障害未勝利,202505030601,3000,障,良,晴,12,3歳以上障害未勝利,
2025-06-22_東京02R_3歳未勝利,202505030602,1600,ダ,良,晴,16,3歳未勝利,
2025-06-22_東京03R_3歳未勝利,202505030603,2100,ダ,良,晴,16,3歳未勝利,
2025-06-22_東京04R_3歳未勝利,202505030604,1800,芝,良,晴,16,3歳未勝利,
2025-06-22_東京05R_2歳新馬,202505030605,1600,芝,良,晴,16,2歳新馬,
2025-06-22_東京06R_2歳新馬,202505030606,1400,芝,良,晴,16,2歳新馬,
2025-06-22_東京07R_3歳以上1勝クラス,202505030607,1600,ダ,良,晴,16,3歳以上1勝クラス,
2025-06-22_東京08R_3歳以上1勝クラス,202505030608,1600,芝,良,晴,15,3歳以上1勝クラス,
2025-10-04_東京01R_2歳未勝利,202505040101,1600,ダ,良,曇,16,2歳未勝利,
2025-10-04_東京02R_2歳未勝利,202505040102,2000,芝,良,曇,9,2歳未勝利,
2025-10-04_東京03R_2歳新馬,202505040103,1400,芝,良,曇,18,2歳新馬,
2025-10-04_東京04R_3歳以上障害OP,202505040104,3100,障,良,曇,11,3歳以上障害OP,OP
2025-10-04_東京05R_2歳新馬,202505040105,1800,芝,良,曇,17,2歳新馬,
2025-10-04_東京06R_3歳以上1勝クラス,202505040106,1400,ダ,良,曇,16,3歳以上1勝クラス,
2025-10-04_東京07R_3歳以上1勝クラス,202505040107,2000,芝,良,曇,10,3歳以上1勝クラス,
2025-10-04_東京08R_3歳以上1勝クラス,202505040108,1600,ダ,良,曇,16,3歳以上1勝クラス,
2025-10-05_東京01R_2歳未勝利,202505040201,1400,ダ,良,曇,16,2歳未勝利,
2025-10-05_東京02R_2歳未勝利,202505040202,1800,芝,良,曇,11,2歳未勝利,
2025-10-05_東京03R_2歳未勝利,202505040203,1400,芝,良,晴,17,2歳未勝利,
2025-10-05_東京04R_3歳以上障害未勝利,202505040204,3000,障,良,晴,14,3歳以上障害未勝利,
2025-10-05_東京05R_2歳新馬,202505040205,2000,芝,良,晴,15,2歳新馬,
2025-10-05_東京06R_2歳新馬,202505040206,1600,ダ,良,晴,16,2歳新馬,
2025-10-05_東京07R_3歳以上1勝クラス,202505040207,1400,芝,良,晴,18,3歳以上1勝クラス,
2025-10-05_東京08R_3歳以上1勝クラス,202505040208,1800,芝,良,曇,14,3歳以上1勝クラス,
2025-10-11_東京01R_2歳未勝利,202505040301,1600,芝,良,雨,10,2歳未勝利,
2025-10-11_東京02R_2歳未勝利,202505040302,1300,ダ,良,雨,16,2歳未勝利,
2025-10-11_東京03R_2歳未勝利,202505040303,1800,芝,良,雨,10,2歳未勝利,
2025-10-11_東京04R_2歳新馬,202505040304,1400,ダ,稍,雨,16,2歳新馬,
2025-10-11_東京05R_2歳新馬,202505040305,1600,芝,良,雨,14,2歳新馬,
2025-10-11_東京06R_2歳新馬,202505040306,1600,ダ,稍,雨,16,2歳新馬,
2025-10-11_東京07R_3歳以上1勝クラス,202505040307,2000,芝,良,雨,10,3歳以上1勝クラス,
2025-10-11_東京08R_3歳以上1勝クラス,202505040308,1600,ダ,稍,雨,16,3歳以上1勝クラス,
2025-10-12_東京01R_2歳未勝利,202505040401,1600,ダ,良,晴,16,2歳未勝利,
2025-10-12_東京02R_2歳未勝利,202505040402,1600,芝,良,晴,10,2歳未勝利,
2025-10-12_東京03R_2歳未勝利,202505040403,2000,芝,良,曇,10,2歳未勝利,
2025-10-12_東京04R_2歳新馬,202505040404,1300,ダ,良,曇,16,2歳新馬,
2025-10-12_東京05R_2歳新馬,202505040405,2000,芝,良,曇,12,2歳新馬,
2025-10-12_東京06R_3歳以上1勝クラス,202505040406,1400,ダ,良,曇,15,3歳以上1勝クラス,
2025-10-12_東京07R_3歳以上1勝クラス,202505040407,1600,ダ,良,曇,16,3歳以上1勝クラス,
2025-10-12_東京08R_3歳以上1勝クラス,202505040408,2400,芝,良,曇,11,3歳以上1勝クラス,
2025-10-13_東京01R_2歳未勝利,202505040501,1600,ダ,良,曇,15,2歳未勝利,
2025-10-13_東京02R_2歳未勝利,202505040502,1400,ダ,良,晴,13,2歳未勝利,
2025-10-13_東京03R_2歳未勝利,202505040503,1400,芝,良,晴,12,2歳未勝利,
2025-10-13_東京04R_3歳以上障害未勝利,202505040504,3000,障,良,晴,14,3歳以上障害未勝利,
2025-10-13_東京05R_2歳新馬,202505040505,1800,芝,良,晴,13,2歳新馬,
2025-10-13_東京06R_2歳新馬,202505040506,1600,芝,良,晴,17,2歳新馬,
2025-10-13_東京07R_3歳以上1勝クラス,202505040507,2100,ダ,良,曇,16,3歳以上1勝クラス,
2025-10-13_東京08R_プラタナス賞,202505040508,1600,ダ,良,曇,7,プラタナス賞,
2025-10-18_東京01R_2歳未勝利,202505040601,1600,ダ,良,晴,11,2歳未勝利,
2025-10-18_東京02R_2歳未勝利,202505040602,1400,ダ,良,晴,9,2歳未勝利,
2025-10-18_東京03R_2歳未勝利,202505040603,1800,芝,良,晴,8,2歳未勝利,
2025-10-18_東京04R_2歳新馬,202505040604,1400,芝,良,晴,18,2歳新馬,
2025-10-18_東京05R_2歳新馬,202505040605,1600,芝,良,晴,16,2歳新馬,
2025-10-18_東京06R_3歳以上1勝クラス,202505040606,1600,ダ,良,晴,15,3歳以上1勝クラス,
2025-10-18_東京07R_3歳以上1勝クラス,202505040607,1400,芝,良,晴,17,3歳以上1勝クラス,
2025-10-18_東京08R_3歳以上2勝クラス,202505040608,2000,芝,良,晴,8,3歳以上2勝クラス,
2025-10-19_東京01R_2歳未勝利,202505040701,1400,ダ,良,曇,14,2歳未勝利,
2025-10-19_東京02R_2歳未勝利,202505040702,1600,芝,良,曇,8,2歳未勝利,
2025-10-19_東京03R_2歳未勝利,202505040703,1400,芝,良,曇,13,2歳未勝利,
2025-10-19_東京04R_2歳新馬,202505040704,1600,ダ,良,雨,16,2歳新馬,
2025-10-19_東京05R_2歳新馬,202505040705,1800,芝,良,雨,18,2歳新馬,
2025-10-19_東京06R_2歳1勝クラス,202505040706,1400,芝,良,曇,8,2歳1勝クラス,
2025-10-19_東京07R_3歳以上1勝クラス,202505040707,1800,芝,良,曇,13,3歳以上1勝クラス,
2025-10-19_東京08R_3歳以上1勝クラス,202505040708,1400,ダ,良,曇,15,3歳以上1勝クラス,
2025-10-25_東京01R_2歳未勝利,202505040801,1600,ダ,稍,小雨,15,2歳未勝利,
2025-10-25_東京02R_2歳未勝利,202505040802,1600,芝,良,小雨,10,2歳未勝利,
2025-10-25_東京03R_2歳未勝利,202505040803,1800,芝,良,小雨,9,2歳未勝利,
2025-10-25_東京04R_2歳新馬,202505040804,1400,ダ,稍,小雨,16,2歳新馬,
2025-10-25_東京05R_2歳新馬,202505040805,2000,芝,良,小雨,9,2歳新馬,
2025-10-25_東京06R_2歳新馬,202505040806,1600,ダ,稍,小雨,16,2歳新馬,
2025-10-25_東京07R_3歳以上1勝クラス,202505040807,1400,ダ,稍,雨,16,3歳以上1勝クラス,
2025-10-25_東京08R_3歳以上1勝クラス,202505040808,2000,芝,稍,雨,8,3歳以上1勝クラス,
2025-10-26_東京01R_2歳未勝利,202505040901,1400,ダ,不,小雨,14,2歳未勝利,
2025-10-26_東京02R_2歳未勝利,202505040902,2000,芝,稍,小雨,10,2歳未勝利,
2025-10-26_東京03R_2歳未勝利,202505040903,1600,芝,稍,小雨,11,2歳未勝利,
2025-10-26_東京04R_3歳以上障害未勝利,202505040904,3000,障,稍,小雨,14,3歳以上障害未勝利,
2025-10-26_東京05R_2歳新馬,202505040905,1800,芝,稍,小雨,16,2歳新馬,
2025-10-26_東京06R_2歳新馬,202505040906,1400,芝,稍,小雨,18,2歳新馬,
2025-10-26_東京07R_3歳以上1勝クラス,202505040907,1600,ダ,不,曇,13,3歳以上1勝クラス,
2025-10-26_東京08R_3歳以上1勝クラス,202505040908,1600,芝,稍,曇,15,3歳以上1勝クラス,
2025-11-01_東京01R_2歳未勝利,202505041001,1600,ダ,不,晴,16,2歳未勝利,
2025-11-01_東京02R_2歳未勝利,202505041002,1400,芝,稍,晴,12,2歳未勝利,
2025-11-01_東京03R_2歳未勝利,202505041003,2000,芝,稍,晴,11,2歳未勝利,
2025-11-01_東京04R_2歳新馬,202505041004,1400,ダ,不,晴,16,2歳新馬,
2025-11-01_東京05R_2歳新馬,202505041005,1600,芝,稍,晴,13,2歳新馬,
2025-11-01_東京06R_3歳以上1勝クラス,202505041006,1400,ダ,重,曇,15,3歳以上1勝クラス,
2025-11-01_東京07R_3歳以上1勝クラス,202505041007,2100,ダ,重,曇,16,3歳以上1勝クラス,
2025-11-01_東京08R_3歳以上2勝クラス,202505041008,1400,ダ,重,曇,14,3歳以上2勝クラス,
2025-11-02_東京01R_2歳未勝利,202505041101,1600,芝,良,晴,12,2歳未勝利,
2025-11-02_東京02R_2歳未勝利,202505041102,1400,ダ,重,晴,14,2歳未勝利,
2025-11-02_東京03R_2歳未勝利,202505041103,1800,芝,良,曇,10,2歳未勝利,
2025-11-02_東京04R_2歳新馬,202505041104,1600,芝,良,曇,16,2歳新馬,
2025-11-02_東京05R_2歳新馬,202505041105,2000,芝,良,曇,9,2歳新馬,
2025-11-02_東京06R_3歳以上1勝クラス,202505041106,1400,ダ,重,曇,16,3歳以上1勝クラス,
2025-11-02_東京07R_3歳以上1勝クラス,202505041107,1600,ダ,重,曇,16,3歳以上1勝クラス,
2025-11-02_東京08R_百日草特別,202505041108,2000,芝,良,曇,5,百日草特別,
2025-11-08_東京01R_2歳未勝利,202505050101,1300,ダ,良,曇,16,2歳未勝利,
2025-11-08_東京02R_2歳未勝利,202505050102,1600,ダ,良,曇,15,2歳未勝利,
2025-11-08_東京03R_2歳未勝利,202505050103,2000,芝,良,曇,12,2歳未勝利,
2025-11-08_東京04R_2歳新馬,202505050104,1300,ダ,良,晴,16,2歳新馬,
2025-11-08_東京05R_2歳新馬,202505050105,1800,芝,良,曇,13,2歳新馬,
2025-11-08_東京06R_2歳新馬,202505050106,1400,芝,良,曇,13,2歳新馬,
2025-11-08_東京07R_3歳以上1勝クラス,202505050107,1300,ダ,良,晴,16,3歳以上1勝クラス,
2025-11-08_東京08R_3歳以上2勝クラス,202505050108,2000,芝,良,晴,8,3歳以上2勝クラス,
2025-11-09_東京01R_2歳未勝利,202505050201,1600,芝,良,小雨,16,2歳未勝利,
2025-11-09_東京02R_2歳未勝利,202505050202,1600,ダ,稍,小雨,16,2歳未勝利,
2025-11-09_東京03R_2歳未勝利,202505050203,1400,芝,良,小雨,18,2歳未勝利,
2025-11-09_東京04R_2歳未勝利,202505050204,1800,芝,良,小雨,14,2歳未勝利,
2025-11-09_東京05R_2歳新馬,202505050205,2000,芝,良,小雨,6,2歳新馬,
2025-11-09_東京06R_2歳新馬,202505050206,1600,ダ,稍,小雨,15,2歳新馬,
2025-11-09_東京07R_3歳以上1勝クラス,202505050207,1600,ダ,稍,小雨,16,3歳以上1勝クラス,
2025-11-09_東京08R_3歳以上2勝クラス,202505050208,1300,ダ,稍,小雨,16,3歳以上2勝クラス,
2025-11-15_東京01R_2歳未勝利,202505050301,1400,ダ,良,晴,13,2歳未勝利,
2025-11-15_東京02R_2歳未勝利,202505050302,1600,芝,良,晴,17,2歳未勝利,
2025-11-15_東京03R_2歳未勝利,202505050303,1600,ダ,良,晴,15,2歳未勝利,
2025-11-15_東京04R_2歳未勝利,202505050304,2000,芝,良,晴,13,2歳未勝利,
2025-11-15_東京05R_2歳新馬,202505050305,1800,芝,良,晴,10,2歳新馬,
2025-11-15_東京06R_2歳新馬,202505050306,1600,芝,良,晴,14,2歳新馬,
2025-11-15_東京07R_3歳以上1勝クラス,202505050307,1400,ダ,良,晴,16,3歳以上1勝クラス,
2025-11-15_東京08R_秋陽JS,202505050308,3110,障,良,晴,12,秋陽JS,OP
2025-11-16_東京01R_2歳未勝利,202505050401,1400,ダ,良,晴,16,2歳未勝利,
2025-11-16_東京02R_2歳未勝利,202505050402,1800,芝,良,晴,18,2歳未勝利,
2025-11-16_東京03R_2歳未勝利,202505050403,1400,芝,良,晴,18,2歳未勝利,
2025-11-16_東京04R_2歳新馬,202505050404,1600,ダ,良,晴,16,2歳新馬,
2025-11-16_東京05R_2歳新馬,202505050405,1600,芝,良,晴,12,2歳新馬,
2025-11-16_東京06R_3歳以上1勝クラス,202505050406,1600,ダ,良,晴,16,3歳以上1勝クラス,
2025-11-16_東京07R_3歳以上2勝クラス,202505050407,1400,ダ,良,晴,16,3歳以上2勝クラス,
2025-11-16_東京08R_3歳以上2勝クラス,202505050408,1800,芝,良,晴,13,3歳以上2勝クラス,
2025-11-23_東京01R_2歳未勝利,202505050501,1300,ダ,良,曇,16,2歳未勝利,
2025-11-23_東京02R_2歳未勝利,202505050502,1800,芝,良,曇,18,2歳未勝利,
2025-11-23_東京03R_2歳未勝利,202505050503,1600,芝,良,曇,18,2歳未勝利,
2025-11-23_東京04R_2歳新馬,202505050504,1600,ダ,良,曇,15,2歳新馬,
2025-11-23_東京05R_2歳新馬,202505050505,2000,芝,良,曇,11,2歳新馬,
2025-11-23_東京06R_3歳以上1勝クラス,202505050506,1600,ダ,良,曇,16,3歳以上1勝クラス,
2025-11-23_東京07R_3歳以上1勝クラス,202505050507,2100,ダ,良,曇,16,3歳以上1勝クラス,
2025-11-23_東京08R_3歳以上2勝クラス,202505050508,1600,ダ,良,曇,16,3歳以上2勝クラス,
2025-11-24_東京01R_2歳未勝利,202505050601,1600,ダ,良,晴,15,2歳未勝利,
2025-11-24_東京02R_2歳未勝利,202505050602,1400,芝,良,晴,18,2歳未勝利,
2025-11-24_東京03R_2歳未勝利,202505050603,2000,芝,良,晴,16,2歳未勝利,
2025-11-24_東京04R_2歳未勝利,202505050604,1600,ダ,良,晴,14,2歳未勝利,
2025-11-24_東京05R_3歳以上1勝クラス,202505050605,1400,ダ,良,晴,16,3歳以上1勝クラス,
2025-11-24_東京06R_2歳新馬,202505050606,1600,芝,良,晴,13,2歳新馬,
2025-11-24_東京07R_2歳新馬,202505050607,1400,芝,良,晴,14,2歳新馬,
2025-11-24_東京08R_3歳以上2勝クラス,202505050608,1400,ダ,良,晴,16,3歳以上2勝クラス,
2025-11-29_東京01R_2歳未勝利,202505050701,1600,ダ,良,晴,13,2歳未勝利,
2025-11-29_東京02R_2歳未勝利,202505050702,1400,芝,良,晴,18,2歳未勝利,
2025-11-29_東京03R_2歳未勝利,202505050703,1800,芝,良,晴,12,2歳未勝利,
2025-11-29_東京04R_2歳新馬,202505050704,1400,ダ,良,晴,16,2歳新馬,
2025-11-29_東京05R_2歳新馬,202505050705,1600,芝,良,晴,13,2歳新馬,
2025-11-29_東京06R_3歳以上1勝クラス,202505050706,1600,ダ,良,晴,16,3歳以上1勝クラス,
2025-11-29_東京07R_3歳以上1勝クラス,202505050707,2400,芝,良,曇,16,3歳以上1勝クラス,
2025-11-29_東京08R_3歳以上2勝クラス,202505050708,2100,ダ,良,曇,16,3歳以上2勝クラス,
2025-11-30_東京01R_2歳未勝利,202505050801,1400,ダ,良,晴,16,2歳未勝利,
2025-11-30_東京02R_2歳未勝利,202505050802,1600,芝,良,晴,13,2歳未勝利,
2025-11-30_東京03R_2歳未勝利,202505050803,1600,ダ,良,晴,16,2歳未勝利,
2025-11-30_東京04R_2歳未勝利,202505050804,2000,芝,良,晴,13,2歳未勝利,
2025-11-30_東京05R_2歳新馬,202505050805,1600,ダ,良,晴,16,2歳新馬,
2025-11-30_東京06R_2歳新馬,202505050806,1800,芝,良,晴,12,2歳新馬,
2025-11-30_東京07R_3歳以上1勝クラス,202505050807,1400,ダ,良,晴,16,3歳以上1勝クラス,
2025-11-30_東京08R_ベゴニア賞,202505050808,1600,芝,良,晴,8,ベゴニア賞,
2025-03-01_中山01R_3歳未勝利,202506020101,1800,ダ,良,晴,15,3歳未勝利,
2025-03-01_中山02R_3歳未勝利,202506020102,1200,ダ,良,晴,16,3歳未勝利,
2025-03-01_中山03R_3歳未勝利,202506020103,1800,ダ,良,晴,16,3歳未勝利,
2025-03-01_中山04R_4歳以上1勝クラス,202506020104,1800,ダ,良,晴,13,4歳以上1勝クラス,
2025-03-01_中山05R_3歳未勝利,202506020105,2000,芝,良,晴,18,3歳未勝利,
2025-03-01_中山06R_3歳未勝利,202506020106,1800,芝,良,晴,16,3歳未勝利,
2025-03-01_中山07R_3歳1勝クラス,202506020107,1800,芝,良,晴,9,3歳1勝クラス,
2025-03-01_中山08R_4歳以上1勝クラス,202506020108,1200,ダ,良,晴,16,4歳以上1勝クラス,
2025-03-02_中山01R_3歳未勝利,202506020201,1200,ダ,良,晴,16,3歳未勝利,
2025-03-02_中山02R_3歳未勝利,202506020202,1800,ダ,良,晴,16,3歳未勝利,
2025-03-02_中山03R_3歳未勝利,202506020203,1200,ダ,良,晴,16,3歳未勝利,
2025-03-02_中山04R_3歳未勝利,202506020204,1800,ダ,良,晴,16,3歳未勝利,
2025-03-02_中山05R_3歳未勝利,202506020205,2200,芝,良,晴,18,3歳未勝利,
2025-03-02_中山06R_3歳1勝クラス,202506020206,1800,ダ,良,晴,16,3歳1勝クラス,
2025-03-02_中山07R_3歳1勝クラス,202506020207,1600,芝,良,晴,9,3歳1勝クラス,
2025-03-02_中山08R_4歳以上1勝クラス,202506020208,1800,ダ,良,晴,16,4歳以上1勝クラス,
2025-03-08_中山01R_3歳未勝利,202506020301,1200,ダ,重,曇,16,3歳未勝利,
2025-03-08_中山02R_3歳未勝利,202506020302,1800,ダ,重,曇,16,3歳未勝利,
2025-03-08_中山03R_3歳未勝利,202506020303,1200,ダ,重,曇,16,3歳未勝利,
2025-03-08_中山04R_4歳以上障害未勝利,202506020304,2880,障,稍,曇,9,4歳以上障害未勝利,
2025-03-08_中山05R_3歳未勝利,202506020305,2000,芝,良,曇,15,3歳未勝利,
2025-03-08_中山06R_3歳未勝利,202506020306,1800,ダ,稍,曇,16,3歳未勝利,
2025-03-08_中山07R_3歳1勝クラス,202506020307,1600,芝,良,曇,10,3歳1勝クラス,
2025-03-08_中山08R_4歳以上1勝クラス,202506020308,1800,ダ,稍,曇,16,4歳以上1勝クラス,
2025-03-09_中山01R_3歳未勝利,202506020401,1800,ダ,重,晴,16,3歳未勝利,
2025-03-09_中山02R_3歳未勝利,202506020402,1200,ダ,重,晴,16,3歳未勝利,
2025-03-09_中山03R_3歳未勝利,202506020403,1800,ダ,重,晴,16,3歳未勝利,
2025-03-09_中山04R_4歳以上障害未勝利,202506020404,2880,障,稍,晴,11,4歳以上障害未勝利,
2025-03-09_中山05R_3歳未勝利,202506020405,1600,芝,稍,晴,16,3歳未勝利,
2025-03-09_中山06R_3歳1勝クラス,202506020406,1200,ダ,重,晴,16,3歳1勝クラス,
2025-03-09_中山07R_4歳以上1勝クラス,202506020407,1200,ダ,重,晴,16,4歳以上1勝クラス,
2025-03-09_中山08R_4歳以上2勝クラス,202506020408,1600,芝,稍,晴,16,4歳以上2勝クラス,
2025-03-15_中山01R_3歳未勝利,202506020501,1200,ダ,稍,晴,16,3歳未勝利,
2025-03-15_中山02R_3歳未勝利,202506020502,1800,ダ,稍,晴,16,3歳未勝利,
2025-03-15_中山03R_3歳未勝利,202506020503,1200,ダ,稍,晴,16,3歳未勝利,
2025-03-15_中山04R_3歳未勝利,202506020504,1800,ダ,稍,曇,16,3歳未勝利,
2025-03-15_中山05R_3歳未勝利,202506020505,2200,芝,良,曇,18,3歳未勝利,
2025-03-15_中山06R_3歳未勝利,202506020506,1800,芝,良,曇,16,3歳未勝利,
2025-03-15_中山07R_3歳1勝クラス,202506020507,1800,ダ,稍,曇,16,3歳1勝クラス,
2025-03-15_中山08R_4歳以上1勝クラス,202506020508,1200,ダ,稍,曇,16,4歳以上1勝クラス,
2025-03-16_中山01R_3歳未勝利,202506020601,1800,ダ,不,雨,16,3歳未勝利,
2025-03-16_中山02R_3歳未勝利,202506020602,1200,ダ,不,雨,16,3歳未勝利,
2025-03-16_中山03R_3歳未勝利,202506020603,1800,ダ,不,雨,15,3歳未勝利,
2025-03-16_中山04R_3歳未勝利,202506020604,1800,ダ,不,雨,16,3歳未勝利,
2025-03-16_中山05R_3歳未勝利,202506020605,1600,芝,重,雨,16,3歳未勝利,
2025-03-16_中山06R_3歳1勝クラス,202506020606,1200,芝,重,雨,8,3歳1勝クラス,
2025-03-16_中山07R_4歳以上1勝クラス,202506020607,1200,ダ,不,雨,16,4歳以上1勝クラス,
2025-03-16_中山08R_4歳以上1勝クラス,202506020608,2400,ダ,不,雨,16,4歳以上1勝クラス,
2025-03-22_中山01R_3歳未勝利,202506020701,1200,ダ,重,晴,16,3歳未勝利,
2025-03-22_中山02R_3歳未勝利,202506020702,1800,ダ,重,晴,12,3歳未勝利,
2025-03-22_中山03R_3歳未勝利,202506020703,1200,ダ,重,晴,16,3歳未勝利,
2025-03-22_中山04R_3歳未勝利,202506020704,2000,芝,良,晴,18,3歳未勝利,
2025-03-22_中山05R_3歳1勝クラス,202506020705,1600,芝,良,晴,10,3歳1勝クラス,
2025-03-22_中山06R_4歳以上1勝クラス,202506020706,1200,ダ,稍,晴,16,4歳以上1勝クラス,
2025-03-22_中山07R_4歳以上1勝クラス,202506020707,1800,ダ,稍,晴,16,4歳以上1勝クラス,
2025-03-22_中山08R_ペガサスJS,202506020708,3350,障,良,晴,14,ペガサスJS,OP
2025-03-23_中山01R_3歳未勝利,202506020801,1800,ダ,稍,晴,16,3歳未勝利,
2025-03-23_中山02R_3歳未勝利,202506020802,1200,ダ,稍,晴,16,3歳未勝利,
2025-03-23_中山03R_3歳未勝利,202506020803,1800,ダ,稍,晴,14,3歳未勝利,
2025-03-23_中山04R_4歳以上障害未勝利,202506020804,2880,障,良,晴,14,4歳以上障害未勝利,
2025-03-23_中山05R_3歳未勝利,202506020805,1600,芝,良,晴,16,3歳未勝利,
2025-03-23_中山06R_3歳1勝クラス,202506020806,2000,芝,良,晴,12,3歳1勝クラス,
2025-03-23_中山07R_4歳以上1勝クラス,202506020807,2500,芝,良,晴,16,4歳以上1勝クラス,
2025-03-23_中山08R_3歳1勝クラス,202506020808,1200,ダ,良,晴,15,3歳1勝クラス,
2025-03-29_中山01R_3歳未勝利,202506030101,1200,ダ,良,小雨,16,3歳未勝利,
2025-03-29_中山02R_3歳未勝利,202506030102,1800,ダ,稍,小雨,16,3歳未勝利,
2025-03-29_中山03R_3歳未勝利,202506030103,1200,ダ,稍,雨,16,3歳未勝利,
2025-03-29_中山04R_3歳未勝利,202506030104,1800,芝,稍,雨,16,3歳未勝利,
2025-03-29_中山05R_3歳1勝クラス,202506030105,1200,芝,稍,雨,10,3歳1勝クラス,
2025-03-29_中山06R_3歳1勝クラス,202506030106,1800,芝,稍,雨,8,3歳1勝クラス,
2025-03-29_中山07R_4歳以上1勝クラス,202506030107,1800,ダ,稍,雨,11,4歳以上1勝クラス,
2025-03-29_中山08R_4歳以上2勝クラス,202506030108,1800,芝,稍,雨,12,4歳以上2勝クラス,
2025-03-30_中山01R_3歳未勝利,202506030201,1800,ダ,稍,曇,15,3歳未勝利,
2025-03-30_中山02R_3歳未勝利,202506030202,1200,ダ,稍,曇,16,3歳未勝利,
2025-03-30_中山03R_3歳未勝利,202506030203,1800,ダ,稍,曇,14,3歳未勝利,
2025-03-30_中山04R_3歳未勝利,202506030204,1800,ダ,稍,曇,16,3歳未勝利,
2025-03-30_中山05R_3歳未勝利,202506030205,2200,芝,稍,晴,18,3歳未勝利,
2025-03-30_中山06R_3歳1勝クラス,202506030206,1200,ダ,稍,晴,16,3歳1勝クラス,
2025-03-30_中山07R_4歳以上1勝クラス,202506030207,1800,ダ,稍,晴,16,4歳以上1勝クラス,
2025-03-30_中山08R_4歳以上1勝クラス,202506030208,1200,ダ,稍,晴,16,4歳以上1勝クラス,
2025-04-05_中山01R_3歳未勝利,202506030301,1800,ダ,重,晴,15,3歳未勝利,
2025-04-05_中山02R_3歳未勝利,202506030302,1200,ダ,重,晴,16,3歳未勝利,
2025-04-05_中山03R_3歳未勝利,202506030303,1800,ダ,重,晴,12,3歳未勝利,
2025-04-05_中山04R_4歳以上障害未勝利,202506030304,2880,障,稍,晴,14,4歳以上障害未勝利,
2025-04-05_中山05R_3歳未勝利,202506030305,2000,芝,良,晴,18,3歳未勝利,
2025-04-05_中山06R_3歳未勝利,202506030306,1200,ダ,稍,晴,16,3歳未勝利,
2025-04-05_中山07R_4歳以上1勝クラス,202506030307,1800,ダ,稍,晴,11,4歳以上1勝クラス,
2025-04-05_中山08R_4歳以上2勝クラス,202506030308,1600,芝,良,晴,13,4歳以上2勝クラス,
2025-04-06_中山01R_3歳未勝利,202506030401,1800,ダ,稍,曇,13,3歳未勝利,
2025-04-06_中山02R_3歳未勝利,202506030402,1200,ダ,稍,曇,16,3歳未勝利,
2025-04-06_中山03R_3歳未勝利,202506030403,1800,ダ,稍,曇,13,3歳未勝利,
2025-04-06_中山04R_4歳以上障害未勝利,202506030404,2880,障,良,曇,12,4歳以上障害未勝利,
2025-04-06_中山05R_3歳未勝利,202506030405,1600,芝,良,小雨,16,3歳未勝利,
2025-04-06_中山06R_3歳1勝クラス,202506030406,1800,ダ,稍,小雨,14,3歳1勝クラス,
2025-04-06_中山07R_3歳1勝クラス,202506030407,1600,芝,良,曇,9,3歳1勝クラス,
2025-04-06_中山08R_4歳以上1勝クラス,202506030408,1800,芝,良,小雨,13,4歳以上1勝クラス,
2025-04-12_中山01R_3歳未勝利,202506030501,1800,ダ,稍,晴,14,3歳未勝利,
2025-04-12_中山02R_3歳未勝利,202506030502,1200,ダ,稍,晴,16,3歳未勝利,
2025-04-12_中山03R_3歳未勝利,202506030503,1800,ダ,稍,晴,13,3歳未勝利,
2025-04-12_中山04R_4歳以上障害OP,202506030504,3200,障,良,晴,14,4歳以上障害OP,OP
2025-04-12_中山05R_3歳未勝利,202506030505,2200,芝,良,晴,12,3歳未勝利,
2025-04-12_中山06R_3歳未勝利,202506030506,1800,ダ,良,晴,12,3歳未勝利,
2025-04-12_中山07R_4歳以上1勝クラス,202506030507,1600,芝,良,晴,16,4歳以上1勝クラス,
2025-04-12_中山08R_4歳以上1勝クラス,202506030508,2400,ダ,良,晴,14,4歳以上1勝クラス,
2025-04-13_中山01R_3歳未勝利,202506030601,1200,ダ,良,雨,15,3歳未勝利,
2025-04-13_中山02R_3歳未勝利,202506030602,1800,ダ,良,雨,16,3歳未勝利,
2025-04-13_中山03R_3歳未勝利,202506030603,1200,ダ,良,雨,16,3歳未勝利,
2025-04-13_中山04R_4歳以上障害未勝利,202506030604,2880,障,良,雨,13,4歳以上障害未勝利,
2025-04-13_中山05R_3歳未勝利,202506030605,1600,芝,良,雨,16,3歳未勝利,
2025-04-13_中山06R_3歳未勝利,202506030606,2000,芝,良,雨,18,3歳未勝利,
2025-04-13_中山07R_3歳1勝クラス,202506030607,1800,ダ,良,雨,10,3歳1勝クラス,
2025-04-13_中山08R_3歳1勝クラス,202506030608,1200,ダ,良,雨,16,3歳1勝クラス,
2025-04-19_中山01R_3歳未勝利,202506030701,1200,ダ,良,晴,14,3歳未勝利,
2025-04-19_中山02R_3歳未勝利,202506030702,1800,ダ,良,晴,10,3歳未勝利,
2025-04-19_中山03R_3歳未勝利,202506030703,1200,ダ,良,晴,16,3歳未勝利,
2025-04-19_中山04R_3歳未勝利,202506030704,1800,ダ,良,晴,13,3歳未勝利,
2025-04-19_中山05R_3歳未勝利,202506030705,1600,芝,良,晴,16,3歳未勝利,
2025-04-19_中山06R_3歳1勝クラス,202506030706,1800,芝,良,晴,8,3歳1勝クラス,
2025-04-19_中山07R_4歳以上1勝クラス,202506030707,2000,芝,良,晴,15,4歳以上1勝クラス,
2025-04-19_中山08R_4歳以上1勝クラス,202506030708,1800,ダ,良,晴,14,4歳以上1勝クラス,
2025-04-20_中山01R_3歳未勝利,202506030801,1800,ダ,良,曇,14,3歳未勝利,
2025-04-20_中山02R_3歳未勝利,202506030802,1200,ダ,良,曇,16,3歳未勝利,
2025-04-20_中山03R_3歳未勝利,202506030803,1800,ダ,良,曇,12,3歳未勝利,
2025-04-20_中山04R_3歳未勝利,202506030804,2000,芝,良,曇,16,3歳未勝利,
2025-04-20_中山05R_3歳1勝クラス,202506030805,1200,芝,良,曇,11,3歳1勝クラス,
2025-04-20_中山06R_3歳1勝クラス,202506030806,1800,ダ,良,曇,15,3歳1勝クラス,
2025-04-20_中山07R_4歳以上1勝クラス,202506030807,1200,ダ,良,曇,16,4歳以上1勝クラス,
2025-04-20_中山08R_利根川特別,202506030808,1800,ダ,良,曇,16,利根川特別,
2025-09-06_中山01R_3歳以上障害未勝利,202506040101,2880,障,稍,晴,10,3歳以上障害未勝利,
2025-09-06_中山02R_2歳未勝利,202506040102,1600,芝,良,晴,12,2歳未勝利,
2025-09-06_中山03R_2歳未勝利,202506040103,1800,ダ,重,晴,9,2歳未勝利,
2025-09-06_中山04R_3歳未勝利,202506040104,1800,ダ,重,晴,16,3歳未勝利,
2025-09-06_中山05R_2歳新馬,202506040105,1200,芝,良,晴,16,2歳新馬,
2025-09-06_中山06R_2歳新馬,202506040106,1200,ダ,稍,晴,16,2歳新馬,
2025-09-06_中山07R_3歳未勝利,202506040107,2000,芝,良,晴,18,3歳未勝利,
2025-09-06_中山08R_3歳以上1勝クラス,202506040108,1800,ダ,稍,晴,7,3歳以上1勝クラス,
2025-09-07_中山01R_3歳以上障害未勝利,202506040201,2880,障,良,晴,13,3歳以上障害未勝利,
2025-09-07_中山02R_3歳未勝利,202506040202,1600,芝,良,晴,16,3歳未勝利,
2025-09-07_中山03R_2歳未勝利,202506040203,1200,ダ,良,晴,15,2歳未勝利,
2025-09-07_中山04R_2歳未勝利,202506040204,2000,芝,良,晴,10,2歳未勝利,
2025-09-07_中山05R_2歳新馬,202506040205,1800,芝,良,晴,12,2歳新馬,
2025-09-07_中山06R_2歳新馬,202506040206,1800,ダ,良,晴,16,2歳新馬,
2025-09-07_中山07R_3歳未勝利,202506040207,1200,ダ,良,晴,16,3歳未勝利,
2025-09-07_中山08R_3歳以上1勝クラス,202506040208,1800,ダ,良,晴,15,3歳以上1勝クラス,
2025-09-13_中山01R_2歳未勝利,202506040301,1800,ダ,不,曇,11,2歳未勝利,
2025-09-13_中山02R_2歳未勝利,202506040302,1600,芝,稍,曇,11,2歳未勝利,
2025-09-13_中山03R_3歳未勝利,202506040303,1200,ダ,不,曇,16,3歳未勝利,
2025-09-13_中山04R_清秋JS,202506040304,3210,障,稍,曇,13,清秋JS,OP
2025-09-13_中山05R_2歳新馬,202506040305,1600,芝,稍,曇,16,2歳新馬,
2025-09-13_中山06R_2歳新馬,202506040306,2000,芝,稍,晴,9,2歳新馬,
2025-09-13_中山07R_3歳未勝利,202506040307,1800,ダ,不,晴,16,3歳未勝利,
2025-09-13_中山08R_3歳以上1勝クラス,202506040308,1200,ダ,不,曇,16,3歳以上1勝クラス,
2025-09-14_中山01R_3歳以上障害未勝利,202506040401,2880,障,良,曇,9,3歳以上障害未勝利,
2025-09-14_中山02R_2歳未勝利,202506040402,1200,芝,良,曇,16,2歳未勝利,
2025-09-14_中山03R_2歳未勝利,202506040403,1200,ダ,稍,曇,15,2歳未勝利,
2025-09-14_中山04R_2歳未勝利,202506040404,1800,ダ,稍,曇,11,2歳未勝利,
2025-09-14_中山05R_2歳新馬,202506040405,1800,芝,良,曇,10,2歳新馬,
2025-09-14_中山06R_3歳未勝利,202506040406,1800,ダ,稍,曇,16,3歳未勝利,
2025-09-14_中山07R_3歳未勝利,202506040407,2000,芝,良,曇,18,3歳未勝利,
2025-09-14_中山08R_3歳以上1勝クラス,202506040408,1800,ダ,稍,曇,16,3歳以上1勝クラス,
2025-09-15_中山01R_2歳未勝利,202506040501,1200,ダ,良,曇,16,2歳未勝利,
2025-09-15_中山02R_2歳未勝利,202506040502,1800,芝,良,曇,10,2歳未勝利,
2025-09-15_中山03R_3歳未勝利,202506040503,1800,ダ,良,曇,16,3歳未勝利,
2025-09-15_中山04R_3歳未勝利,202506040504,1600,芝,良,曇,16,3歳未勝利,
2025-09-15_中山05R_2歳新馬,202506040505,1600,芝,良,曇,13,2歳新馬,
2025-09-15_中山06R_2歳新馬,202506040506,1200,ダ,良,曇,11,2歳新馬,
2025-09-15_中山07R_3歳以上1勝クラス,202506040507,1800,ダ,良,曇,16,3歳以上1勝クラス,
2025-09-15_中山08R_3歳以上1勝クラス,202506040508,2500,芝,良,曇,14,3歳以上1勝クラス,
2025-09-20_中山01R_2歳未勝利,202506040601,1800,ダ,重,曇,13,2歳未勝利,
2025-09-20_中山02R_2歳未勝利,202506040602,2000,芝,良,曇,14,2歳未勝利,
2025-09-20_中山03R_3歳以上1勝クラス,202506040603,1200,ダ,重,曇,16,3歳以上1勝クラス,
2025-09-20_中山04R_2歳新馬,202506040604,1200,芝,良,曇,11,2歳新馬,
2025-09-20_中山05R_2歳新馬,202506040605,1600,芝,良,曇,16,2歳新馬,
2025-09-20_中山06R_3歳以上1勝クラス,202506040606,2400,ダ,重,曇,11,3歳以上1勝クラス,
2025-09-20_中山07R_3歳以上1勝クラス,202506040607,2000,芝,良,曇,18,3歳以上1勝クラス,
2025-09-20_中山08R_3歳以上1勝クラス,202506040608,1200,ダ,重,曇,16,3歳以上1勝クラス,
2025-09-21_中山01R_2歳未勝利,202506040701,1600,芝,良,晴,16,2歳未勝利,
2025-09-21_中山02R_2歳未勝利,202506040702,1200,ダ,稍,晴,16,2歳未勝利,
2025-09-21_中山03R_2歳未勝利,202506040703,1800,芝,良,晴,10,2歳未勝利,
2025-09-21_中山04R_2歳新馬,202506040704,1800,ダ,稍,晴,16,2歳新馬,
2025-09-21_中山05R_2歳新馬,202506040705,2000,芝,良,晴,10,2歳新馬,
2025-09-21_中山06R_3歳以上1勝クラス,202506040706,1200,ダ,良,晴,16,3歳以上1勝クラス,
2025-09-21_中山07R_3歳以上1勝クラス,202506040707,1800,ダ,良,曇,16,3歳以上1勝クラス,
2025-09-21_中山08R_3歳以上1勝クラス,202506040708,1200,芝,良,曇,16,3歳以上1勝クラス,
2025-09-27_中山01R_3歳以上障害未勝利,202506040801,2880,障,良,曇,11,3歳以上障害未勝利,
2025-09-27_中山02R_2歳未勝利,202506040802,1600,芝,良,曇,16,2歳未勝利,
2025-09-27_中山03R_2歳未勝利,202506040803,1200,ダ,良,曇,16,2歳未勝利,
2025-09-27_中山04R_2歳新馬,202506040804,1800,ダ,良,晴,16,2歳新馬,
2025-09-27_中山05R_2歳新馬,202506040805,1600,芝,良,晴,16,2歳新馬,
2025-09-27_中山06R_3歳以上1勝クラス,202506040806,1800,ダ,良,晴,16,3歳以上1勝クラス,
2025-09-27_中山07R_3歳以上1勝クラス,202506040807,2200,芝,良,晴,16,3歳以上1勝クラス,
2025-09-27_中山08R_3歳以上1勝クラス,202506040808,1200,ダ,良,晴,16,3歳以上1勝クラス,
2025-09-28_中山01R_2歳未勝利,202506040901,1800,ダ,良,晴,12,2歳未勝利,
2025-09-28_中山02R_2歳未勝利,202506040902,1200,芝,良,晴,16,2歳未勝利,
2025-09-28_中山03R_2歳未勝利,202506040903,2000,芝,良,晴,16,2歳未勝利,
2025-09-28_中山04R_2歳新馬,202506040904,1200,ダ,良,晴,16,2歳新馬,
2025-09-28_中山05R_2歳新馬,202506040905,2000,芝,良,晴,17,2歳新馬,
2025-09-28_中山06R_3歳以上1勝クラス,202506040906,1800,ダ,良,晴,16,3歳以上1勝クラス,
2025-09-28_中山07R_3歳以上1勝クラス,202506040907,1600,芝,良,晴,16,3歳以上1勝クラス,
2025-09-28_中山08R_3歳以上2勝クラス,202506040908,1800,ダ,良,晴,16,3歳以上2勝クラス,
2025-12-06_中山01R_2歳未勝利,202506050101,1200,ダ,良,晴,15,2歳未勝利,
2025-12-06_中山02R_2歳未勝利,202506050102,1800,ダ,良,晴,13,2歳未勝利,
2025-12-06_中山03R_2歳未勝利,202506050103,1600,芝,良,晴,15,2歳未勝利,
2025-12-06_中山04R_2歳未勝利,202506050104,1800,ダ,良,晴,16,2歳未勝利,
2025-12-06_中山05R_2歳新馬,202506050105,2000,芝,良,晴,18,2歳新馬,
2025-12-06_中山06R_2歳新馬,202506050106,1200,ダ,良,晴,16,2歳新馬,
2025-12-06_中山07R_3歳以上1勝クラス,202506050107,1200,ダ,良,曇,16,3歳以上1勝クラス,
2025-12-06_中山08R_イルミネーションJS,202506050108,3570,障,良,曇,12,イルミネーションJS,OP
2025-12-07_中山01R_2歳未勝利,202506050201,1200,ダ,良,晴,16,2歳未勝利,
2025-12-07_中山02R_2歳未勝利,202506050202,1800,芝,良,晴,16,2歳未勝利,
2025-12-07_中山03R_2歳新馬,202506050203,1800,ダ,良,晴,13,2歳新馬,
2025-12-07_中山04R_3歳以上障害未勝利,202506050204,2880,障,良,晴,11,3歳以上障害未勝利,
2025-12-07_中山05R_2歳新馬,202506050205,1200,芝,良,晴,16,2歳新馬,
2025-12-07_中山06R_2歳1勝クラス,202506050206,1200,ダ,良,晴,6,2歳1勝クラス,
2025-12-07_中山07R_3歳以上2勝クラス,202506050207,2500,芝,良,晴,11,3歳以上2勝クラス,
2025-12-07_中山08R_3歳以上2勝クラス,202506050208,1200,ダ,良,晴,16,3歳以上2勝クラス,
2025-12-13_中山01R_2歳未勝利,202506050301,1200,ダ,良,曇,14,2歳未勝利,
2025-12-13_中山02R_2歳未勝利,202506050302,1800,ダ,良,曇,16,2歳未勝利,
2025-12-13_中山03R_2歳未勝利,202506050303,1600,芝,良,曇,16,2歳未勝利,
2025-12-13_中山04R_2歳未勝利,202506050304,1800,ダ,良,曇,16,2歳未勝利,
2025-12-13_中山05R_2歳新馬,202506050305,1800,芝,良,晴,13,2歳新馬,
2025-12-13_中山06R_2歳新馬,202506050306,1800,ダ,良,晴,15,2歳新馬,
2025-12-13_中山07R_3歳以上1勝クラス,202506050307,1200,ダ,良,曇,16,3歳以上1勝クラス,
2025-12-13_中山08R_3歳以上2勝クラス,202506050308,1800,ダ,良,曇,15,3歳以上2勝クラス,
2025-12-14_中山01R_2歳未勝利,202506050401,1200,ダ,稍,雨,16,2歳未勝利,
2025-12-14_中山02R_2歳未勝利,202506050402,1200,芝,良,雨,16,2歳未勝利,
2025-12-14_中山03R_2歳未勝利,202506050403,2000,芝,稍,雨,18,2歳未勝利,
2025-12-14_中山04R_3歳以上障害未勝利,202506050404,2880,障,稍,雨,14,3歳以上障害未勝利,
2025-12-14_中山05R_2歳新馬,202506050405,1600,芝,稍,曇,16,2歳新馬,
2025-12-14_中山06R_2歳新馬,202506050406,1200,ダ,稍,曇,16,2歳新馬,
2025-12-14_中山07R_2歳1勝クラス,202506050407,1800,ダ,稍,曇,16,2歳1勝クラス,
2025-12-14_中山08R_3歳以上1勝クラス,202506050408,2500,ダ,稍,曇,14,3歳以上1勝クラス,
2025-12-20_中山01R_2歳未勝利,202506050501,1200,ダ,良,曇,16,2歳未勝利,
2025-12-20_中山02R_2歳未勝利,202506050502,1800,ダ,良,小雨,16,2歳未勝利,
2025-12-20_中山03R_2歳未勝利,202506050503,1800,芝,良,小雨,16,2歳未勝利,
2025-12-20_中山04R_2歳新馬,202506050504,1800,ダ,良,曇,13,2歳新馬,
2025-12-20_中山05R_2歳新馬,202506050505,2000,芝,良,曇,17,2歳新馬,
2025-12-20_中山06R_2歳新馬,202506050506,1800,芝,良,曇,16,2歳新馬,
2025-12-20_中山07R_2歳未勝利,202506050507,1800,ダ,良,曇,16,2歳未勝利,
2025-12-20_中山08R_3歳以上1勝クラス,202506050508,1200,ダ,良,曇,16,3歳以上1勝クラス,
2025-12-21_中山01R_2歳未勝利,202506050601,1200,ダ,不,曇,16,2歳未勝利,
2025-12-21_中山02R_2歳未勝利,202506050602,1800,ダ,不,曇,16,2歳未勝利,
2025-12-21_中山03R_2歳未勝利,202506050603,1800,芝,重,曇,15,2歳未勝利,
2025-12-21_中山04R_3歳以上障害未勝利,202506050604,2880,障,重,曇,14,3歳以上障害未勝利,
2025-12-21_中山05R_2歳新馬,202506050605,1600,芝,重,曇,16,2歳新馬,
2025-12-21_中山06R_2歳新馬,202506050606,1200,ダ,重,曇,16,2歳新馬,
2025-12-21_中山07R_2歳未勝利,202506050607,1600,芝,重,曇,16,2歳未勝利,
2025-12-21_中山08R_3歳以上1勝クラス,202506050608,1800,ダ,重,曇,16,3歳以上1勝クラス,
2025-12-27_中山01R_2歳未勝利,202506050701,1200,ダ,稍,曇,15,2歳未勝利,
2025-12-27_中山02R_2歳未勝利,202506050702,1800,ダ,稍,曇,16,2歳未勝利,
2025-12-27_中山03R_2歳未勝利,202506050703,1200,ダ,稍,曇,16,2歳未勝利,
2025-12-27_中山04R_2歳未勝利,202506050704,2000,芝,良,曇,18,2歳未勝利,
2025-12-27_中山05R_2歳新馬,202506050705,1600,芝,良,曇,16,2歳新馬,
2025-12-27_中山06R_2歳新馬,202506050706,1200,ダ,稍,曇,14,2歳新馬,
2025-12-27_中山07R_3歳以上1勝クラス,202506050707,2200,芝,良,曇,18,3歳以上1勝クラス,
2025-12-27_中山08R_3歳以上1勝クラス,202506050708,1800,ダ,稍,曇,16,3歳以上1勝クラス,
2025-12-28_中山01R_2歳未勝利,202506050801,1200,ダ,良,晴,16,2歳未勝利,
2025-12-28_中山02R_2歳未勝利,202506050802,1800,ダ,良,晴,16,2歳未勝利,
2025-12-28_中山03R_2歳未勝利,202506050803,1200,芝,良,晴,16,2歳未勝利,
2025-12-28_中山04R_2歳1勝クラス,202506050804,1200,ダ,良,晴,11,2歳1勝クラス,
2025-12-28_中山05R_2歳新馬,202506050805,1800,ダ,良,晴,16,2歳新馬,
2025-12-28_中山06R_2歳新馬,202506050806,2000,芝,良,晴,18,2歳新馬,
2025-12-28_中山07R_3歳以上1勝クラス,202506050807,1200,ダ,良,晴,16,3歳以上1勝クラス,
2025-12-28_中山08R_ハッピーエンドC,202506050808,1800,ダ,良,晴,13,ハッピーエンドC,
2025-03-15_中京01R_3歳未勝利,202507020101,1800,ダ,良,曇,16,3歳未勝利,
2025-03-15_中京02R_3歳未勝利,202507020102,1200,ダ,良,曇,16,3歳未勝利,
2025-03-15_中京03R_3歳未勝利,202507020103,1600,芝,良,曇,16,3歳未勝利,
2025-03-15_中京04R_3歳未勝利,202507020104,1800,ダ,良,曇,15,3歳未勝利,
2025-03-15_中京05R_3歳未勝利,202507020105,2000,芝,良,曇,18,3歳未勝利,
2025-03-15_中京06R_3歳1勝クラス,202507020106,1800,ダ,良,曇,13,3歳1勝クラス,
2025-03-15_中京07R_4歳以上1勝クラス,202507020107,1400,ダ,良,曇,15,4歳以上1勝クラス,
2025-03-15_中京08R_4歳以上1勝クラス,202507020108,2200,芝,良,曇,18,4歳以上1勝クラス,
2025-03-16_中京01R_3歳未勝利,202507020201,1400,ダ,重,小雨,16,3歳未勝利,
2025-03-16_中京02R_3歳未勝利,202507020202,1900,ダ,重,曇,13,3歳未勝利,
2025-03-16_中京03R_3歳未勝利,202507020203,1400,ダ,重,曇,16,3歳未勝利,
2025-03-16_中京04R_3歳未勝利,202507020204,2200,芝,重,曇,17,3歳未勝利,
2025-03-16_中京05R_3歳未勝利,202507020205,1400,芝,重,曇,18,3歳未勝利,
2025-03-16_中京06R_4歳以上1勝クラス,202507020206,1800,ダ,重,曇,10,4歳以上1勝クラス,
2025-03-16_中京07R_4歳以上1勝クラス,202507020207,1600,芝,重,曇,16,4歳以上1勝クラス,
2025-03-16_中京08R_4歳以上1勝クラス,202507020208,1800,ダ,重,曇,14,4歳以上1勝クラス,
2025-03-22_中京01R_3歳未勝利,202507020301,1800,ダ,良,晴,14,3歳未勝利,
2025-03-22_中京02R_3歳未勝利,202507020302,1200,ダ,良,晴,16,3歳未勝利,
2025-03-22_中京03R_3歳未勝利,202507020303,1900,ダ,良,晴,12,3歳未勝利,
2025-03-22_中京04R_3歳未勝利,202507020304,1400,ダ,良,晴,16,3歳未勝利,
2025-03-22_中京05R_3歳未勝利,202507020305,1600,芝,良,晴,16,3歳未勝利,
2025-03-22_中京06R_3歳未勝利,202507020306,1800,ダ,良,晴,12,3歳未勝利,
2025-03-22_中京07R_4歳以上1勝クラス,202507020307,1600,芝,良,晴,16,4歳以上1勝クラス,
2025-03-22_中京08R_4歳以上1勝クラス,202507020308,1900,ダ,良,晴,15,4歳以上1勝クラス,
2025-03-23_中京01R_3歳未勝利,202507020401,1200,ダ,良,晴,16,3歳未勝利,
2025-03-23_中京02R_3歳未勝利,202507020402,1800,ダ,良,晴,13,3歳未勝利,
2025-03-23_中京03R_3歳未勝利,202507020403,1400,ダ,良,晴,16,3歳未勝利,
2025-03-23_中京04R_3歳未勝利,202507020404,1400,芝,良,晴,18,3歳未勝利,
2025-03-23_中京05R_3歳未勝利,202507020405,2000,芝,良,晴,18,3歳未勝利,
2025-03-23_中京06R_4歳以上1勝クラス,202507020406,1400,ダ,良,晴,16,4歳以上1勝クラス,
2025-03-23_中京07R_4歳以上1勝クラス,202507020407,1800,ダ,良,晴,16,4歳以上1勝クラス,
2025-03-23_中京08R_4歳以上1勝クラス,202507020408,1400,ダ,良,晴,16,4歳以上1勝クラス,
2025-03-29_中京01R_3歳未勝利,202507020501,1400,ダ,稍,曇,16,3歳未勝利,
2025-03-29_中京02R_3歳未勝利,202507020502,1900,ダ,稍,曇,13,3歳未勝利,
2025-03-29_中京03R_3歳未勝利,202507020503,1400,ダ,稍,曇,16,3歳未勝利,
2025-03-29_中京04R_3歳未勝利,202507020504,1800,ダ,稍,曇,13,3歳未勝利,
2025-03-29_中京05R_3歳未勝利,202507020505,2200,芝,重,晴,18,3歳未勝利,
2025-03-29_中京06R_4歳以上1勝クラス,202507020506,2000,芝,重,晴,15,4歳以上1勝クラス,
2025-03-29_中京07R_4歳以上1勝クラス,202507020507,1800,ダ,稍,晴,14,4歳以上1勝クラス,
2025-03-29_中京08R_4歳以上1勝クラス,202507020508,1600,芝,稍,晴,16,4歳以上1勝クラス,
2025-03-30_中京01R_3歳未勝利,202507020601,1800,ダ,稍,晴,12,3歳未勝利,
2025-03-30_中京02R_3歳未勝利,202507020602,1200,ダ,稍,晴,16,3歳未勝利,
2025-03-30_中京03R_3歳未勝利,202507020603,1800,ダ,稍,晴,13,3歳未勝利,
2025-03-30_中京04R_3歳未勝利,202507020604,2000,芝,良,晴,13,3歳未勝利,
2025-03-30_中京05R_3歳未勝利,202507020605,1200,芝,良,晴,18,3歳未勝利,
2025-03-30_中京06R_4歳以上1勝クラス,202507020606,2200,芝,良,晴,12,4歳以上1勝クラス,
2025-03-30_中京07R_4歳以上1勝クラス,202507020607,1800,ダ,稍,晴,9,4歳以上1勝クラス,
2025-03-30_中京08R_大寒桜賞,202507020608,2200,芝,良,晴,7,大寒桜賞,
2025-07-26_中京01R_3歳以上障害未勝利,202507030101,3000,障,良,晴,14,3歳以上障害未勝利,
2025-07-26_中京02R_3歳未勝利,202507030102,1800,ダ,良,晴,16,3歳未勝利,
2025-07-26_中京03R_2歳未勝利,202507030103,1600,芝,良,晴,6,2歳未勝利,
2025-07-26_中京04R_2歳新馬,202507030104,1400,芝,良,晴,11,2歳新馬,
2025-07-26_中京05R_3歳未勝利,202507030105,1400,ダ,良,晴,16,3歳未勝利,
2025-07-26_中京06R_四日市特別,202507030106,1400,ダ,良,晴,16,四日市特別,
2025-07-26_中京07R_関ケ原S,202507030107,2000,芝,良,晴,10,関ケ原S,
2025-07-26_中京08R_遠州灘特別,202507030108,1800,ダ,良,晴,7,遠州灘特別,
2025-07-27_中京01R_3歳以上障害未勝利,202507030201,3000,障,良,晴,14,3歳以上障害未勝利,
2025-07-27_中京02R_3歳未勝利,202507030202,1800,ダ,良,晴,16,3歳未勝利,
2025-07-27_中京03R_2歳新馬,202507030203,2000,芝,良,晴,6,2歳新馬,
2025-07-27_中京04R_3歳未勝利,202507030204,1200,ダ,良,晴,16,3歳未勝利,
2025-07-27_中京05R_3歳未勝利,202507030205,1400,芝,良,晴,18,3歳未勝利,
2025-07-27_中京06R_木曽川特別,202507030206,2000,芝,良,晴,10,木曽川特別,
2025-07-27_中京07R_東海S,202507030207,1400,ダ,良,晴,16,東海S,G3
2025-07-27_中京08R_御在所特別,202507030208,2000,芝,良,晴,7,御在所特別,
2025-08-02_中京01R_2歳未勝利,202507030301,1400,芝,良,晴,5,2歳未勝利,
2025-08-02_中京02R_2歳新馬,202507030302,1600,芝,良,晴,7,2歳新馬,
2025-08-02_中京03R_3歳未勝利,202507030303,1800,ダ,良,晴,16,3歳未勝利,
2025-08-02_中京04R_3歳未勝利,202507030304,2000,芝,良,晴,14,3歳未勝利,
2025-08-02_中京05R_3歳未勝利,202507030305,1400,ダ,良,晴,16,3歳未勝利,
2025-08-02_中京06R_日進特別,202507030306,1800,ダ,良,晴,12,日進特別,
2025-08-02_中京07R_豊明S,202507030307,1400,芝,良,晴,13,豊明S,
2025-08-02_中京08R_浜松特別,202507030308,1200,ダ,良,晴,14,浜松特別,
2025-08-03_中京01R_2歳未勝利,202507030401,2000,芝,良,晴,5,2歳未勝利,
2025-08-03_中京02R_2歳新馬,202507030402,1800,ダ,良,晴,15,2歳新馬,
2025-08-03_中京03R_2歳新馬,202507030403,1600,芝,良,晴,7,2歳新馬,
2025-08-03_中京04R_3歳未勝利,202507030404,1900,ダ,良,晴,16,3歳未勝利,
2025-08-03_中京05R_3歳未勝利,202507030405,1600,芝,良,晴,16,3歳未勝利,
2025-08-03_中京06R_桶狭間S,202507030406,1400,ダ,良,晴,16,桶狭間S,
2025-08-03_中京07R_名鉄杯,202507030407,1800,ダ,良,晴,12,名鉄杯,L
2025-08-03_中京08R_納屋橋特別,202507030408,1600,芝,良,晴,8,納屋橋特別,
2025-08-09_中京01R_3歳以上障害OP,202507030501,3300,障,良,曇,9,3歳以上障害OP,OP
2025-08-09_中京02R_3歳未勝利,202507030502,1800,ダ,良,曇,15,3歳未勝利,
2025-08-09_中京03R_2歳未勝利,202507030503,1200,芝,良,曇,12,2歳未勝利,
2025-08-09_中京04R_2歳新馬,202507030504,1400,芝,良,曇,11,2歳新馬,
2025-08-09_中京05R_3歳未勝利,202507030505,1200,ダ,良,曇,16,3歳未勝利,
2025-08-09_中京06R_中京スポニチ賞,202507030506,1400,芝,良,晴,11,中京スポニチ賞,
2025-08-09_中京07R_三河S,202507030507,1800,ダ,良,晴,16,三河S,
2025-08-09_中京08R_香嵐渓特別,202507030508,2000,芝,良,晴,7,香嵐渓特別,
2025-08-10_中京01R_3歳以上障害未勝利,202507030601,3000,障,良,曇,11,3歳以上障害未勝利,
2025-08-10_中京02R_3歳未勝利,202507030602,1800,ダ,良,曇,15,3歳未勝利,
2025-08-10_中京03R_2歳未勝利,202507030603,1600,芝,良,曇,12,2歳未勝利,
2025-08-10_中京04R_2歳新馬,202507030604,2000,芝,良,曇,13,2歳新馬,
2025-08-10_中京05R_3歳未勝利,202507030605,1400,ダ,良,曇,16,3歳未勝利,
2025-08-10_中京06R_浜名湖特別,202507030606,2000,芝,良,曇,9,浜名湖特別,
2025-08-10_中京07R_CBC賞,202507030607,1200,芝,良,曇,18,CBC賞,G3
2025-08-10_中京08R_揖斐川特別,202507030608,1800,ダ,良,曇,12,揖斐川特別,
2025-08-16_中京01R_2歳未勝利,202507030701,1200,ダ,良,晴,9,2歳未勝利,
2025-08-16_中京02R_2歳新馬,202507030702,1200,芝,良,晴,10,2歳新馬,
2025-08-16_中京03R_3歳未勝利,202507030703,2200,芝,良,晴,18,3歳未勝利,
2025-08-16_中京04R_3歳未勝利,202507030704,1800,ダ,良,晴,16,3歳未勝利,
2025-08-16_中京05R_3歳未勝利,202507030705,1400,ダ,良,晴,16,3歳未勝利,
2025-08-16_中京06R_知多特別,202507030706,1200,芝,良,晴,13,知多特別,
2025-08-16_中京07R_高山S,202507030707,2000,芝,良,晴,9,高山S,
2025-08-16_中京08R_長久手特別,202507030708,2000,芝,良,晴,8,長久手特別,
2025-08-17_中京01R_2歳未勝利,202507030801,2000,芝,良,晴,7,2歳未勝利,
2025-08-17_中京02R_2歳新馬,202507030802,1400,ダ,良,晴,16,2歳新馬,
2025-08-17_中京03R_2歳新馬,202507030803,1600,芝,良,晴,9,2歳新馬,
2025-08-17_中京04R_3歳未勝利,202507030804,2000,芝,良,晴,13,3歳未勝利,
2025-08-17_中京05R_3歳未勝利,202507030805,1800,ダ,良,晴,16,3歳未勝利,
2025-08-17_中京06R_大垣特別,202507030806,1400,ダ,良,晴,16,大垣特別,
2025-08-17_中京07R_中京記念,202507030807,1600,芝,良,晴,12,中京記念,G3
2025-08-17_中京08R_常滑特別,202507030808,2000,芝,良,晴,6,常滑特別,
2025-08-23_中京01R_3歳以上障害OP,202507040101,3330,障,良,晴,6,3歳以上障害OP,OP
2025-08-23_中京02R_3歳未勝利,202507040102,1800,ダ,良,晴,16,3歳未勝利,
2025-08-23_中京03R_2歳未勝利,202507040103,1400,芝,良,曇,9,2歳未勝利,
2025-08-23_中京04R_3歳未勝利,202507040104,1200,芝,良,曇,18,3歳未勝利,
2025-08-23_中京05R_2歳新馬,202507040105,1400,芝,良,曇,10,2歳新馬,
2025-08-23_中京06R_2歳新馬,202507040106,1800,ダ,良,晴,12,2歳新馬,
2025-08-23_中京07R_3歳未勝利,202507040107,1200,ダ,良,晴,16,3歳未勝利,
2025-08-23_中京08R_3歳以上1勝クラス,202507040108,2000,芝,良,晴,8,3歳以上1勝クラス,
2025-08-24_中京01R_3歳以上障害未勝利,202507040201,3000,障,良,晴,11,3歳以上障害未勝利,
2025-08-24_中京02R_3歳未勝利,202507040202,1900,ダ,良,晴,16,3歳未勝利,
2025-08-24_中京03R_2歳未勝利,202507040203,1600,芝,良,晴,8,2歳未勝利,
2025-08-24_中京04R_3歳未勝利,202507040204,1400,ダ,良,晴,16,3歳未勝利,
2025-08-24_中京05R_2歳新馬,202507040205,2000,芝,良,晴,5,2歳新馬,
2025-08-24_中京06R_3歳未勝利,202507040206,1400,芝,良,晴,17,3歳未勝利,
2025-08-24_中京07R_3歳以上1勝クラス,202507040207,1800,ダ,良,晴,7,3歳以上1勝クラス,
2025-08-24_中京08R_3歳未勝利,202507040208,2000,芝,良,晴,15,3歳未勝利,
2025-08-30_中京01R_2歳未勝利,202507040301,2000,芝,良,晴,12,2歳未勝利,
2025-08-30_中京02R_2歳未勝利,202507040302,1800,ダ,良,晴,14,2歳未勝利,
2025-08-30_中京03R_3歳未勝利,202507040303,2200,芝,良,晴,15,3歳未勝利,
2025-08-30_中京04R_3歳未勝利,202507040304,1800,ダ,良,晴,16,3歳未勝利,
2025-08-30_中京05R_2歳新馬,202507040305,1400,芝,良,晴,10,2歳新馬,
2025-08-30_中京06R_3歳未勝利,202507040306,1600,芝,良,晴,16,3歳未勝利,
2025-08-30_中京07R_3歳以上1勝クラス,202507040307,1800,ダ,良,晴,10,3歳以上1勝クラス,
2025-08-30_中京08R_3歳以上1勝クラス,202507040308,2000,芝,良,晴,8,3歳以上1勝クラス,
2025-08-31_中京01R_2歳未勝利,202507040401,1400,芝,良,晴,13,2歳未勝利,
2025-08-31_中京02R_3歳未勝利,202507040402,1800,ダ,良,晴,16,3歳未勝利,
2025-08-31_中京03R_3歳未勝利,202507040403,2000,芝,良,晴,18,3歳未勝利,
2025-08-31_中京04R_3歳未勝利,202507040404,1400,ダ,良,晴,16,3歳未勝利,
2025-08-31_中京05R_2歳新馬,202507040405,2000,芝,良,晴,7,2歳新馬,
2025-08-31_中京06R_2歳新馬,202507040406,1600,芝,良,晴,14,2歳新馬,
2025-08-31_中京07R_3歳以上1勝クラス,202507040407,1800,ダ,良,晴,13,3歳以上1勝クラス,
2025-08-31_中京08R_3歳以上1勝クラス,202507040408,1600,芝,良,晴,16,3歳以上1勝クラス,
2025-12-06_中京01R_2歳未勝利,202507050101,1400,ダ,良,晴,16,2歳未勝利,
2025-12-06_中京02R_3歳以上1勝クラス,202507050102,1200,ダ,良,晴,13,3歳以上1勝クラス,
2025-12-06_中京03R_3歳以上1勝クラス,202507050103,1800,ダ,良,晴,15,3歳以上1勝クラス,
2025-12-06_中京04R_2歳未勝利,202507050104,1200,芝,良,晴,18,2歳未勝利,
2025-12-06_中京05R_2歳未勝利,202507050105,2000,芝,良,晴,14,2歳未勝利,
2025-12-06_中京06R_3歳以上1勝クラス,202507050106,1900,ダ,良,晴,16,3歳以上1勝クラス,
2025-12-06_中京07R_3歳以上1勝クラス,202507050107,1800,ダ,良,晴,16,3歳以上1勝クラス,
2025-12-06_中京08R_3歳以上1勝クラス,202507050108,2000,芝,良,晴,18,3歳以上1勝クラス,
2025-12-07_中京01R_2歳未勝利,202507050201,1800,ダ,良,晴,13,2歳未勝利,
2025-12-07_中京02R_3歳以上1勝クラス,202507050202,1400,ダ,良,晴,16,3歳以上1勝クラス,
2025-12-07_中京03R_3歳以上1勝クラス,202507050203,1800,ダ,良,晴,14,3歳以上1勝クラス,
2025-12-07_中京04R_2歳未勝利,202507050204,1600,芝,良,晴,14,2歳未勝利,
2025-12-07_中京05R_2歳新馬,202507050205,1400,芝,良,晴,17,2歳新馬,
2025-12-07_中京06R_3歳以上1勝クラス,202507050206,1400,ダ,良,晴,16,3歳以上1勝クラス,
2025-12-07_中京07R_3歳以上1勝クラス,202507050207,1200,ダ,良,晴,14,3歳以上1勝クラス,
2025-12-07_中京08R_3歳以上1勝クラス,202507050208,1400,芝,良,晴,18,3歳以上1勝クラス,
2025-12-13_中京01R_2歳未勝利,202507050301,1800,ダ,良,曇,14,2歳未勝利,
2025-12-13_中京02R_3歳以上1勝クラス,202507050302,1200,ダ,良,曇,16,3歳以上1勝クラス,
2025-12-13_中京03R_3歳以上1勝クラス,202507050303,1900,ダ,良,曇,12,3歳以上1勝クラス,
2025-12-13_中京04R_2歳未勝利,202507050304,1600,芝,良,曇,13,2歳未勝利,
2025-12-13_中京05R_2歳新馬,202507050305,2000,芝,良,曇,12,2歳新馬,
2025-12-13_中京06R_3歳以上1勝クラス,202507050306,1800,ダ,良,曇,16,3歳以上1勝クラス,
2025-12-13_中京07R_3歳以上1勝クラス,202507050307,2200,芝,良,曇,18,3歳以上1勝クラス,
2025-12-13_中京08R_3歳以上1勝クラス,202507050308,1400,ダ,良,曇,16,3歳以上1勝クラス,
2025-12-14_中京01R_2歳未勝利,202507050401,1800,ダ,稍,曇,14,2歳未勝利,
2025-12-14_中京02R_2歳未勝利,202507050402,1400,ダ,稍,曇,13,2歳未勝利,
2025-12-14_中京03R_3歳以上1勝クラス,202507050403,1200,ダ,稍,曇,16,3歳以上1勝クラス,
2025-12-14_中京04R_2歳未勝利,202507050404,2000,芝,稍,曇,13,2歳未勝利,
2025-12-14_中京05R_2歳新馬,202507050405,1800,ダ,稍,曇,13,2歳新馬,
2025-12-14_中京06R_3歳以上1勝クラス,202507050406,2000,芝,稍,曇,18,3歳以上1勝クラス,
2025-12-14_中京07R_3歳以上1勝クラス,202507050407,1800,ダ,稍,曇,15,3歳以上1勝クラス,
2025-12-14_中京08R_3歳以上1勝クラス,202507050408,1400,ダ,稍,晴,16,3歳以上1勝クラス,
2025-12-20_中京01R_2歳未勝利,202507050501,1200,ダ,稍,雨,16,2歳未勝利,
2025-12-20_中京02R_3歳以上1勝クラス,202507050502,1400,ダ,稍,小雨,16,3歳以上1勝クラス,
2025-12-20_中京03R_3歳以上1勝クラス,202507050503,1900,ダ,稍,小雨,16,3歳以上1勝クラス,
2025-12-20_中京04R_2歳未勝利,202507050504,1600,芝,稍,曇,16,2歳未勝利,
2025-12-20_中京05R_2歳未勝利,202507050505,2000,芝,稍,曇,18,2歳未勝利,
2025-12-20_中京06R_3歳以上1勝クラス,202507050506,1800,ダ,稍,曇,16,3歳以上1勝クラス,
2025-12-20_中京07R_3歳以上1勝クラス,202507050507,1400,ダ,稍,小雨,16,3歳以上1勝クラス,
2025-12-20_中京08R_ヤングJSFR中京第1戦,202507050508,2000,芝,稍,小雨,16,ヤングJSFR中京第1戦,
2025-12-21_中京01R_2歳未勝利,202507050601,1800,ダ,稍,小雨,16,2歳未勝利,
2025-12-21_中京02R_3歳以上1勝クラス,202507050602,1200,ダ,稍,小雨,16,3歳以上1勝クラス,
2025-12-21_中京03R_3歳以上1勝クラス,202507050603,1800,ダ,稍,雨,16,3歳以上1勝クラス,
2025-12-21_中京04R_2歳未勝利,202507050604,1400,芝,稍,雨,18,2歳未勝利,
2025-12-21_中京05R_2歳新馬,202507050605,1400,ダ,稍,雨,15,2歳新馬,
2025-12-21_中京06R_3歳以上1勝クラス,202507050606,1600,芝,稍,雨,16,3歳以上1勝クラス,
2025-12-21_中京07R_3歳以上1勝クラス,202507050607,1200,ダ,稍,雨,16,3歳以上1勝クラス,
2025-12-21_中京08R_3歳以上1勝クラス,202507050608,1600,芝,稍,雨,16,3歳以上1勝クラス,
2025-02-10_京都01R_3歳未勝利,202508010301,1800,ダ,良,晴,12,3歳未勝利,
2025-02-10_京都02R_3歳未勝利,202508010302,1900,ダ,良,晴,11,3歳未勝利,
2025-02-10_京都03R_3歳未勝利,202508010303,1400,ダ,良,晴,12,3歳未勝利,
2025-02-10_京都04R_3歳新馬,202508010304,1800,ダ,良,晴,16,3歳新馬,
2025-02-10_京都05R_3歳未勝利,202508010305,1600,芝,良,晴,18,3歳未勝利,
2025-02-10_京都06R_4歳以上1勝クラス,202508010306,1800,芝,良,晴,11,4歳以上1勝クラス,
2025-02-10_京都07R_4歳以上1勝クラス,202508010307,1400,ダ,良,晴,15,4歳以上1勝クラス,
2025-02-10_京都08R_4歳以上2勝クラス,202508010308,1800,芝,良,晴,8,4歳以上2勝クラス,
2025-02-09_京都03R_3歳未勝利,202508010403,1400,ダ,稍,晴,16,3歳未勝利,
2025-02-09_京都04R_3歳1勝クラス,202508010404,1800,ダ,稍,晴,10,3歳1勝クラス,
2025-02-09_京都05R_3歳新馬,202508010405,1600,芝,稍,晴,18,3歳新馬,
2025-02-09_京都06R_3歳未勝利,202508010406,2200,芝,稍,晴,13,3歳未勝利,
2025-02-09_京都07R_4歳以上1勝クラス,202508010407,1800,ダ,稍,晴,11,4歳以上1勝クラス,
2025-02-09_京都08R_4歳以上2勝クラス,202508010408,1200,芝,稍,晴,13,4歳以上2勝クラス,
2025-02-15_京都01R_3歳未勝利,202508010501,1200,ダ,良,晴,16,3歳未勝利,
2025-02-15_京都02R_3歳未勝利,202508010502,1800,ダ,良,晴,12,3歳未勝利,
2025-02-15_京都03R_3歳未勝利,202508010503,1400,ダ,良,晴,16,3歳未勝利,
2025-02-15_京都04R_3歳未勝利,202508010504,1800,ダ,良,晴,13,3歳未勝利,
2025-02-15_京都05R_3歳新馬,202508010505,1200,ダ,良,晴,16,3歳新馬,
2025-02-15_京都06R_3歳未勝利,202508010506,2000,芝,良,晴,14,3歳未勝利,
2025-02-15_京都07R_4歳以上1勝クラス,202508010507,1400,ダ,良,晴,16,4歳以上1勝クラス,
2025-02-15_京都08R_4歳以上1勝クラス,202508010508,1900,ダ,良,晴,12,4歳以上1勝クラス,
2025-02-16_京都01R_3歳未勝利,202508010601,1900,ダ,稍,曇,10,3歳未勝利,
2025-02-16_京都02R_3歳新馬,202508010602,1800,ダ,稍,曇,10,3歳新馬,
2025-02-16_京都03R_3歳未勝利,202508010603,1400,ダ,稍,曇,16,3歳未勝利,
2025-02-16_京都04R_3歳1勝クラス,202508010604,1400,ダ,稍,曇,11,3歳1勝クラス,
2025-02-16_京都05R_3歳未勝利,202508010605,2000,芝,稍,曇,14,3歳未勝利,
2025-02-16_京都06R_3歳未勝利,202508010606,1600,芝,稍,曇,14,3歳未勝利,
2025-02-16_京都07R_4歳以上1勝クラス,202508010607,1800,ダ,稍,曇,13,4歳以上1勝クラス,
2025-02-16_京都08R_4歳以上1勝クラス,202508010608,1600,芝,稍,曇,18,4歳以上1勝クラス,
2025-02-22_京都01R_3歳未勝利,202508010701,1800,ダ,良,晴,11,3歳未勝利,
2025-02-22_京都02R_3歳未勝利,202508010702,1200,ダ,良,晴,15,3歳未勝利,
2025-02-22_京都03R_3歳未勝利,202508010703,1900,ダ,良,晴,12,3歳未勝利,
2025-02-22_京都04R_3歳新馬,202508010704,1400,ダ,良,晴,15,3歳新馬,
2025-02-22_京都05R_3歳未勝利,202508010705,2400,芝,良,晴,15,3歳未勝利,
2025-02-22_京都06R_4歳以上1勝クラス,202508010706,1800,ダ,良,曇,11,4歳以上1勝クラス,
2025-02-22_京都07R_4歳以上1勝クラス,202508010707,1200,ダ,良,曇,16,4歳以上1勝クラス,
2025-02-22_京都08R_4歳以上2勝クラス,202508010708,1600,芝,良,曇,9,4歳以上2勝クラス,
2025-02-23_京都01R_3歳未勝利,202508010801,1200,ダ,良,晴,14,3歳未勝利,
2025-02-23_京都02R_3歳未勝利,202508010802,1800,ダ,良,晴,16,3歳未勝利,
2025-02-23_京都03R_3歳未勝利,202508010803,1400,ダ,良,晴,16,3歳未勝利,
2025-02-23_京都04R_3歳新馬,202508010804,1800,ダ,良,晴,10,3歳新馬,
2025-02-23_京都05R_3歳未勝利,202508010805,1800,芝,良,曇,16,3歳未勝利,
2025-02-23_京都06R_3歳1勝クラス,202508010806,1900,ダ,良,曇,10,3歳1勝クラス,
2025-02-23_京都07R_4歳以上1勝クラス,202508010807,2400,芝,良,曇,10,4歳以上1勝クラス,
2025-02-23_京都08R_4歳以上1勝クラス,202508010808,1800,ダ,良,曇,12,4歳以上1勝クラス,
2025-04-26_京都01R_3歳未勝利,202508020101,1400,ダ,良,晴,16,3歳未勝利,
2025-04-26_京都02R_3歳未勝利,202508020102,1800,ダ,良,晴,16,3歳未勝利,
2025-04-26_京都03R_3歳未勝利,202508020103,1200,芝,良,晴,18,3歳未勝利,
2025-04-26_京都04R_4歳以上障害OP,202508020104,3170,障,良,晴,11,4歳以上障害OP,OP
2025-04-26_京都05R_3歳未勝利,202508020105,1800,芝,良,晴,18,3歳未勝利,
2025-04-26_京都06R_3歳未勝利,202508020106,2400,芝,良,晴,14,3歳未勝利,
2025-04-26_京都07R_3歳1勝クラス,202508020107,1800,ダ,良,晴,12,3歳1勝クラス,
2025-04-26_京都08R_あやめ賞,202508020108,1800,芝,良,晴,7,あやめ賞,
2025-04-27_京都01R_3歳未勝利,202508020201,1200,ダ,良,晴,16,3歳未勝利,
2025-04-27_京都02R_3歳未勝利,202508020202,1800,ダ,良,晴,16,3歳未勝利,
2025-04-27_京都03R_3歳未勝利,202508020203,1600,芝,良,晴,18,3歳未勝利,
2025-04-27_京都04R_4歳以上障害未勝利,202508020204,2910,障,良,晴,12,4歳以上障害未勝利,
2025-04-27_京都05R_3歳未勝利,202508020205,2000,芝,良,晴,14,3歳未勝利,
2025-04-27_京都06R_3歳1勝クラス,202508020206,1400,ダ,良,晴,10,3歳1勝クラス,
2025-04-27_京都07R_4歳以上1勝クラス,202508020207,1800,芝,良,晴,10,4歳以上1勝クラス,
2025-04-27_京都08R_4歳以上1勝クラス,202508020208,1800,ダ,良,晴,12,4歳以上1勝クラス,
2025-05-03_京都01R_3歳未勝利,202508020301,1800,ダ,重,晴,16,3歳未勝利,
2025-05-03_京都02R_3歳未勝利,202508020302,1400,ダ,重,晴,16,3歳未勝利,
2025-05-03_京都03R_3歳未勝利,202508020303,1600,芝,稍,晴,18,3歳未勝利,
2025-05-03_京都04R_3歳未勝利,202508020304,1900,ダ,重,晴,16,3歳未勝利,
2025-05-03_京都05R_3歳未勝利,202508020305,1800,芝,稍,晴,12,3歳未勝利,
2025-05-03_京都06R_3歳1勝クラス,202508020306,1400,芝,稍,晴,9,3歳1勝クラス,
2025-05-03_京都07R_4歳以上1勝クラス,202508020307,2200,芝,稍,晴,8,4歳以上1勝クラス,
2025-05-03_京都08R_4歳以上1勝クラス,202508020308,1200,ダ,重,晴,14,4歳以上1勝クラス,
2025-05-04_京都01R_3歳未勝利,202508020401,1200,ダ,稍,晴,16,3歳未勝利,
2025-05-04_京都02R_3歳未勝利,202508020402,1800,ダ,稍,晴,14,3歳未勝利,
2025-05-04_京都03R_3歳未勝利,202508020403,1400,芝,良,晴,18,3歳未勝利,
2025-05-04_京都04R_3歳未勝利,202508020404,2000,芝,良,晴,13,3歳未勝利,
2025-05-04_京都05R_3歳1勝クラス,202508020405,1400,ダ,良,晴,15,3歳1勝クラス,
2025-05-04_京都06R_4歳以上1勝クラス,202508020406,1800,ダ,良,晴,7,4歳以上1勝クラス,
2025-05-04_京都07R_4歳以上1勝クラス,202508020407,1600,芝,良,晴,9,4歳以上1勝クラス,
2025-05-04_京都08R_島原特別,202508020408,1800,芝,良,晴,7,島原特別,
2025-05-10_京都01R_3歳未勝利,202508020501,1400,ダ,重,曇,16,3歳未勝利,
2025-05-10_京都02R_3歳未勝利,202508020502,1900,ダ,重,曇,16,3歳未勝利,
2025-05-10_京都03R_3歳未勝利,202508020503,1400,芝,稍,曇,18,3歳未勝利,
2025-05-10_京都04R_3歳未勝利,202508020504,1800,ダ,重,曇,12,3歳未勝利,
2025-05-10_京都05R_3歳未勝利,202508020505,1800,芝,稍,曇,15,3歳未勝利,
2025-05-10_京都06R_3歳1勝クラス,202508020506,1200,ダ,重,曇,16,3歳1勝クラス,
2025-05-10_京都07R_4歳以上1勝クラス,202508020507,2000,芝,稍,曇,11,4歳以上1勝クラス,
2025-05-10_京都08R_4歳以上1勝クラス,202508020508,1800,ダ,重,曇,8,4歳以上1勝クラス,
2025-05-11_京都01R_3歳未勝利,202508020601,1200,ダ,稍,晴,16,3歳未勝利,
2025-05-11_京都02R_3歳未勝利,202508020602,1800,ダ,稍,晴,16,3歳未勝利,
2025-05-11_京都03R_3歳未勝利,202508020603,2000,芝,良,晴,18,3歳未勝利,
2025-05-11_京都04R_3歳未勝利,202508020604,1600,芝,良,曇,16,3歳未勝利,
2025-05-11_京都05R_3歳未勝利,202508020605,2200,芝,良,曇,12,3歳未勝利,
2025-05-11_京都06R_3歳1勝クラス,202508020606,1800,ダ,稍,曇,11,3歳1勝クラス,
2025-05-11_京都07R_3歳1勝クラス,202508020607,1600,芝,良,曇,8,3歳1勝クラス,
2025-05-11_京都08R_4歳以上1勝クラス,202508020608,1400,ダ,稍,曇,14,4歳以上1勝クラス,
2025-05-17_京都01R_3歳未勝利,202508020701,1800,ダ,不,雨,11,3歳未勝利,
2025-05-17_京都02R_3歳未勝利,202508020702,1900,ダ,不,雨,10,3歳未勝利,
2025-05-17_京都03R_3歳未勝利,202508020703,1600,芝,不,雨,17,3歳未勝利,
2025-05-17_京都04R_3歳未勝利,202508020704,2400,芝,不,曇,16,3歳未勝利,
2025-05-17_京都05R_3歳未勝利,202508020705,1800,芝,不,曇,15,3歳未勝利,
2025-05-17_京都06R_4歳以上1勝クラス,202508020706,1400,ダ,不,曇,14,4歳以上1勝クラス,
2025-05-17_京都07R_4歳以上2勝クラス,202508020707,1200,芝,不,曇,13,4歳以上2勝クラス,
2025-05-17_京都08R_京都ハイジャンプ,202508020708,3930,障,不,曇,10,京都ハイジャンプ,
2025-05-18_京都01R_3歳未勝利,202508020801,1400,ダ,重,晴,16,3歳未勝利,
2025-05-18_京都02R_3歳未勝利,202508020802,1800,ダ,重,晴,13,3歳未勝利,
2025-05-18_京都03R_3歳未勝利,202508020803,1200,芝,稍,晴,16,3歳未勝利,
2025-05-18_京都04R_3歳未勝利,202508020804,2000,芝,稍,晴,12,3歳未勝利,
2025-05-18_京都05R_3歳1勝クラス,202508020805,1800,ダ,重,晴,13,3歳1勝クラス,
2025-05-18_京都06R_4歳以上1勝クラス,202508020806,1200,芝,稍,晴,16,4歳以上1勝クラス,
2025-05-18_京都07R_4歳以上1勝クラス,202508020807,1900,ダ,重,晴,10,4歳以上1勝クラス,
2025-05-18_京都08R_4歳以上1勝クラス,202508020808,1800,芝,稍,曇,10,4歳以上1勝クラス,
2025-05-24_京都01R_3歳未勝利,202508020901,1200,ダ,良,小雨,16,3歳未勝利,
2025-05-24_京都02R_3歳未勝利,202508020902,1800,ダ,良,小雨,16,3歳未勝利,
2025-05-24_京都03R_3歳未勝利,202508020903,1400,芝,良,小雨,18,3歳未勝利,
2025-05-24_京都04R_3歳未勝利,202508020904,1800,芝,良,小雨,18,3歳未勝利,
2025-05-24_京都05R_3歳未勝利,202508020905,2000,芝,良,小雨,16,3歳未勝利,
2025-05-24_京都06R_3歳1勝クラス,202508020906,1400,ダ,良,小雨,9,3歳1勝クラス,
2025-05-24_京都07R_4歳以上1勝クラス,202508020907,2400,芝,稍,雨,12,4歳以上1勝クラス,
2025-05-24_京都08R_4歳以上1勝クラス,202508020908,1800,ダ,稍,雨,16,4歳以上1勝クラス,
2025-05-25_京都01R_3歳未勝利,202508021001,1400,ダ,不,曇,16,3歳未勝利,
2025-05-25_京都02R_3歳未勝利,202508021002,1800,ダ,不,曇,16,3歳未勝利,
2025-05-25_京都03R_3歳未勝利,202508021003,1900,ダ,不,曇,14,3歳未勝利,
2025-05-25_京都04R_3歳未勝利,202508021004,1600,芝,重,曇,18,3歳未勝利,
2025-05-25_京都05R_3歳未勝利,202508021005,2200,芝,重,曇,14,3歳未勝利,
2025-05-25_京都06R_3歳1勝クラス,202508021006,1200,芝,重,曇,13,3歳1勝クラス,
2025-05-25_京都07R_3歳1勝クラス,202508021007,1800,ダ,重,曇,16,3歳1勝クラス,
2025-05-25_京都08R_聖護院特別,202508021008,1800,芝,重,曇,7,聖護院特別,
2025-05-31_京都01R_3歳未勝利,202508021101,1800,ダ,良,曇,16,3歳未勝利,
2025-05-31_京都02R_3歳未勝利,202508021102,1400,ダ,良,曇,16,3歳未勝利,
2025-05-31_京都03R_3歳未勝利,202508021103,1800,ダ,良,曇,15,3歳未勝利,
2025-05-31_京都04R_3歳未勝利,202508021104,1400,芝,良,曇,18,3歳未勝利,
2025-05-31_京都05R_3歳未勝利,202508021105,1800,芝,良,曇,18,3歳未勝利,
2025-05-31_京都06R_4歳以上1勝クラス,202508021106,1400,ダ,良,曇,16,4歳以上1勝クラス,
2025-05-31_京都07R_4歳以上2勝クラス,202508021107,2000,芝,良,曇,6,4歳以上2勝クラス,
2025-05-31_京都08R_4歳以上1勝クラス,202508021108,1600,芝,良,曇,18,4歳以上1勝クラス,
2025-06-01_京都01R_3歳未勝利,202508021201,1200,ダ,良,晴,16,3歳未勝利,
2025-06-01_京都02R_3歳未勝利,202508021202,1900,ダ,良,晴,14,3歳未勝利,
2025-06-01_京都03R_3歳未勝利,202508021203,1600,芝,良,曇,18,3歳未勝利,
2025-06-01_京都04R_4歳以上障害OP,202508021204,3170,障,良,曇,12,4歳以上障害OP,OP
2025-06-01_京都05R_3歳未勝利,202508021205,2400,芝,良,晴,13,3歳未勝利,
2025-06-01_京都06R_3歳1勝クラス,202508021206,1400,ダ,良,晴,14,3歳1勝クラス,
2025-06-01_京都07R_4歳以上1勝クラス,202508021207,2000,芝,良,晴,12,4歳以上1勝クラス,
2025-06-01_京都08R_4歳以上2勝クラス,202508021208,1200,ダ,良,晴,16,4歳以上2勝クラス,
2025-10-04_京都01R_2歳未勝利,202508030101,1800,ダ,重,雨,14,2歳未勝利,
2025-10-04_京都02R_2歳未勝利,202508030102,2000,芝,稍,雨,8,2歳未勝利,
2025-10-04_京都03R_2歳新馬,202508030103,1400,ダ,重,雨,16,2歳新馬,
2025-10-04_京都04R_3歳以上1勝クラス,202508030104,1800,ダ,重,雨,14,3歳以上1勝クラス,
2025-10-04_京都05R_2歳新馬,202508030105,2000,芝,重,小雨,14,2歳新馬,
2025-10-04_京都06R_3歳以上1勝クラス,202508030106,1400,ダ,不,曇,16,3歳以上1勝クラス,
2025-10-04_京都07R_3歳以上1勝クラス,202508030107,1200,芝,重,曇,18,3歳以上1勝クラス,
2025-10-04_京都08R_3歳以上2勝クラス,202508030108,2000,芝,重,曇,12,3歳以上2勝クラス,
2025-10-05_京都01R_2歳未勝利,202508030201,1400,ダ,重,小雨,16,2歳未勝利,
2025-10-05_京都02R_2歳未勝利,202508030202,1600,芝,稍,曇,7,2歳未勝利,
2025-10-05_京都03R_2歳新馬,202508030203,1800,ダ,重,曇,16,2歳新馬,
2025-10-05_京都04R_2歳新馬,202508030204,1200,芝,稍,曇,12,2歳新馬,
2025-10-05_京都05R_2歳新馬,202508030205,1800,芝,稍,小雨,13,2歳新馬,
2025-10-05_京都06R_3歳以上1勝クラス,202508030206,1800,ダ,重,小雨,14,3歳以上1勝クラス,
2025-10-05_京都07R_3歳以上1勝クラス,202508030207,2000,芝,稍,小雨,12,3歳以上1勝クラス,
2025-10-05_京都08R_3歳以上2勝クラス,202508030208,1400,ダ,重,曇,16,3歳以上2勝クラス,
2025-10-11_京都01R_2歳未勝利,202508030301,1200,ダ,良,曇,16,2歳未勝利,
2025-10-11_京都02R_2歳未勝利,202508030302,1800,ダ,良,曇,8,2歳未勝利,
2025-10-11_京都03R_2歳未勝利,202508030303,1800,芝,良,曇,6,2歳未勝利,
2025-10-11_京都04R_3歳以上障害OP,202508030304,3170,障,良,曇,11,3歳以上障害OP,OP
2025-10-11_京都05R_2歳新馬,202508030305,1400,芝,良,曇,18,2歳新馬,
2025-10-11_京都06R_2歳新馬,202508030306,1200,ダ,良,曇,11,2歳新馬,
2025-10-11_京都07R_3歳以上1勝クラス,202508030307,1800,芝,良,曇,11,3歳以上1勝クラス,
2025-10-11_京都08R_紫菊賞,202508030308,2000,芝,良,曇,7,紫菊賞,
2025-10-12_京都01R_2歳未勝利,202508030401,1400,ダ,良,曇,12,2歳未勝利,
2025-10-12_京都02R_2歳未勝利,202508030402,1800,ダ,良,曇,7,2歳未勝利,
2025-10-12_京都03R_2歳未勝利,202508030403,2000,芝,良,曇,9,2歳未勝利,
2025-10-12_京都04R_3歳以上障害未勝利,202508030404,2910,障,良,曇,12,3歳以上障害未勝利,
2025-10-12_京都05R_2歳新馬,202508030405,2000,芝,良,曇,13,2歳新馬,
2025-10-12_京都06R_2歳新馬,202508030406,1800,ダ,良,曇,16,2歳新馬,
2025-10-12_京都07R_3歳以上1勝クラス,202508030407,2400,芝,良,小雨,13,3歳以上1勝クラス,
2025-10-12_京都08R_3歳以上2勝クラス,202508030408,1800,ダ,良,小雨,14,3歳以上2勝クラス,
2025-10-13_京都01R_2歳未勝利,202508030501,1400,ダ,良,晴,8,2歳未勝利,
2025-10-13_京都02R_2歳未勝利,202508030502,1600,芝,良,晴,10,2歳未勝利,
2025-10-13_京都03R_2歳未勝利,202508030503,1400,芝,良,晴,16,2歳未勝利,
2025-10-13_京都04R_3歳以上1勝クラス,202508030504,1800,ダ,良,晴,13,3歳以上1勝クラス,
2025-10-13_京都05R_2歳新馬,202508030505,1800,芝,良,晴,11,2歳新馬,
2025-10-13_京都06R_2歳新馬,202508030506,1600,芝,良,晴,15,2歳新馬,
2025-10-13_京都07R_3歳以上1勝クラス,202508030507,1400,ダ,良,曇,15,3歳以上1勝クラス,
2025-10-13_京都08R_3歳以上1勝クラス,202508030508,1900,ダ,良,曇,13,3歳以上1勝クラス,
2025-10-18_京都01R_2歳未勝利,202508030601,1400,ダ,稍,曇,9,2歳未勝利,
2025-10-18_京都02R_2歳未勝利,202508030602,1800,ダ,稍,曇,10,2歳未勝利,
2025-10-18_京都03R_2歳未勝利,202508030603,1600,芝,良,曇,7,2歳未勝利,
2025-10-18_京都04R_3歳以上障害未勝利,202508030604,2910,障,良,雨,11,3歳以上障害未勝利,
2025-10-18_京都05R_2歳新馬,202508030605,1600,芝,良,小雨,13,2歳新馬,
2025-10-18_京都06R_2歳新馬,202508030606,1400,ダ,稍,曇,16,2歳新馬,
2025-10-18_京都07R_3歳以上1勝クラス,202508030607,2000,芝,良,曇,8,3歳以上1勝クラス,
2025-10-18_京都08R_なでしこ賞,202508030608,1400,ダ,稍,曇,7,なでしこ賞,
2025-10-19_京都01R_2歳未勝利,202508030701,1400,ダ,稍,曇,12,2歳未勝利,
2025-10-19_京都02R_2歳未勝利,202508030702,1800,芝,良,曇,6,2歳未勝利,
2025-10-19_京都03R_3歳以上1勝クラス,202508030703,1400,ダ,稍,曇,12,3歳以上1勝クラス,
2025-10-19_京都04R_2歳新馬,202508030704,1400,芝,良,曇,17,2歳新馬,
2025-10-19_京都05R_2歳新馬,202508030705,2000,芝,良,曇,11,2歳新馬,
2025-10-19_京都06R_3歳以上1勝クラス,202508030706,1800,ダ,良,曇,12,3歳以上1勝クラス,
2025-10-19_京都07R_3歳以上1勝クラス,202508030707,1200,ダ,良,曇,12,3歳以上1勝クラス,
2025-10-19_京都08R_3歳以上2勝クラス,202508030708,1600,芝,良,曇,10,3歳以上2勝クラス,
2025-10-25_京都01R_2歳未勝利,202508030801,1400,ダ,良,曇,14,2歳未勝利,
2025-10-25_京都02R_2歳未勝利,202508030802,1800,ダ,良,曇,11,2歳未勝利,
2025-10-25_京都03R_2歳未勝利,202508030803,1400,芝,良,曇,12,2歳未勝利,
2025-10-25_京都04R_3歳以上障害OP,202508030804,3170,障,良,曇,8,3歳以上障害OP,OP
2025-10-25_京都05R_2歳新馬,202508030805,1600,芝,良,曇,14,2歳新馬,
2025-10-25_京都06R_2歳新馬,202508030806,1400,ダ,良,曇,16,2歳新馬,
2025-10-25_京都07R_3歳以上1勝クラス,202508030807,1800,ダ,良,曇,11,3歳以上1勝クラス,
2025-10-25_京都08R_3歳以上2勝クラス,202508030808,1800,芝,良,曇,12,3歳以上2勝クラス,
2025-10-26_京都01R_2歳未勝利,202508030901,1800,ダ,重,曇,9,2歳未勝利,
2025-10-26_京都02R_2歳未勝利,202508030902,1600,芝,稍,曇,10,2歳未勝利,
2025-10-26_京都03R_2歳未勝利,202508030903,2000,芝,稍,曇,10,2歳未勝利,
2025-10-26_京都04R_2歳新馬,202508030904,1800,ダ,重,曇,16,2歳新馬,
2025-10-26_京都05R_2歳新馬,202508030905,1800,芝,稍,曇,10,2歳新馬,
2025-10-26_京都06R_3歳以上1勝クラス,202508030906,1400,ダ,重,曇,11,3歳以上1勝クラス,
2025-10-26_京都07R_3歳以上1勝クラス,202508030907,1800,ダ,重,曇,12,3歳以上1勝クラス,
2025-10-26_京都08R_壬生特別,202508030908,1200,芝,稍,曇,14,壬生特別,
2025-11-01_京都01R_2歳未勝利,202508031001,1200,ダ,不,晴,13,2歳未勝利,
2025-11-01_京都02R_2歳未勝利,202508031002,1200,芝,稍,晴,12,2歳未勝利,
2025-11-01_京都03R_2歳未勝利,202508031003,1800,芝,稍,晴,8,2歳未勝利,
2025-11-01_京都04R_3歳以上障害未勝利,202508031004,2910,障,稍,曇,11,3歳以上障害未勝利,
2025-11-01_京都05R_2歳新馬,202508031005,2000,芝,稍,晴,9,2歳新馬,
2025-11-01_京都06R_2歳新馬,202508031006,1800,ダ,重,晴,16,2歳新馬,
2025-11-01_京都07R_3歳以上1勝クラス,202508031007,1400,ダ,重,晴,16,3歳以上1勝クラス,
2025-11-01_京都08R_3歳以上2勝クラス,202508031008,1800,ダ,重,晴,15,3歳以上2勝クラス,
2025-11-02_京都01R_2歳未勝利,202508031101,1800,ダ,稍,晴,15,2歳未勝利,
2025-11-02_京都02R_2歳未勝利,202508031102,2000,芝,良,晴,7,2歳未勝利,
2025-11-02_京都03R_2歳新馬,202508031103,1400,ダ,稍,晴,16,2歳新馬,
2025-11-02_京都04R_3歳以上障害未勝利,202508031104,2910,障,良,晴,10,3歳以上障害未勝利,
2025-11-02_京都05R_2歳新馬,202508031105,1600,芝,良,晴,15,2歳新馬,
2025-11-02_京都06R_3歳以上1勝クラス,202508031106,1800,ダ,稍,晴,15,3歳以上1勝クラス,
2025-11-02_京都07R_3歳以上1勝クラス,202508031107,2200,芝,良,晴,16,3歳以上1勝クラス,
2025-11-02_京都08R_3歳以上2勝クラス,202508031108,1200,ダ,稍,晴,16,3歳以上2勝クラス,
2025-11-08_京都01R_2歳未勝利,202508040101,1800,ダ,良,晴,12,2歳未勝利,
2025-11-08_京都02R_2歳未勝利,202508040102,1400,芝,良,晴,15,2歳未勝利,
2025-11-08_京都03R_2歳未勝利,202508040103,1800,芝,良,晴,10,2歳未勝利,
2025-11-08_京都04R_2歳未勝利,202508040104,1800,ダ,良,晴,12,2歳未勝利,
2025-11-08_京都05R_2歳新馬,202508040105,1800,芝,良,晴,9,2歳新馬,
2025-11-08_京都06R_2歳新馬,202508040106,1400,芝,良,晴,11,2歳新馬,
2025-11-08_京都07R_3歳以上1勝クラス,202508040107,1400,ダ,良,晴,16,3歳以上1勝クラス,
2025-11-08_京都08R_京都ジャンプS,202508040108,3170,障,良,晴,10,京都ジャンプS,
2025-11-09_京都01R_2歳未勝利,202508040201,1400,ダ,稍,雨,16,2歳未勝利,
2025-11-09_京都02R_2歳未勝利,202508040202,1600,芝,稍,雨,8,2歳未勝利,
2025-11-09_京都03R_2歳未勝利,202508040203,2000,芝,稍,雨,8,2歳未勝利,
2025-11-09_京都04R_2歳新馬,202508040204,1400,ダ,稍,雨,16,2歳新馬,
2025-11-09_京都05R_2歳新馬,202508040205,2000,芝,重,雨,8,2歳新馬,
2025-11-09_京都06R_3歳以上1勝クラス,202508040206,1800,ダ,重,雨,16,3歳以上1勝クラス,
2025-11-09_京都07R_3歳以上2勝クラス,202508040207,2400,芝,重,雨,7,3歳以上2勝クラス,
2025-11-09_京都08R_3歳以上2勝クラス,202508040208,1800,ダ,重,雨,16,3歳以上2勝クラス,
2025-11-15_京都01R_2歳未勝利,202508040301,1800,ダ,良,晴,11,2歳未勝利,
2025-11-15_京都02R_2歳未勝利,202508040302,1400,ダ,良,晴,11,2歳未勝利,
2025-11-15_京都03R_2歳未勝利,202508040303,1800,ダ,良,晴,10,2歳未勝利,
2025-11-15_京都04R_2歳未勝利,202508040304,2000,芝,良,晴,12,2歳未勝利,
2025-11-15_京都05R_2歳新馬,202508040305,1600,芝,良,晴,18,2歳新馬,
2025-11-15_京都06R_2歳新馬,202508040306,1200,ダ,良,晴,16,2歳新馬,
2025-11-15_京都07R_3歳以上1勝クラス,202508040307,1800,ダ,良,晴,16,3歳以上1勝クラス,
2025-11-15_京都08R_3歳以上2勝クラス,202508040308,2000,芝,良,晴,7,3歳以上2勝クラス,
2025-11-16_京都01R_2歳未勝利,202508040401,1400,ダ,良,晴,14,2歳未勝利,
2025-11-16_京都02R_2歳未勝利,202508040402,1200,ダ,良,晴,15,2歳未勝利,
2025-11-16_京都03R_2歳未勝利,202508040403,1600,芝,良,晴,15,2歳未勝利,
2025-11-16_京都04R_2歳新馬,202508040404,1800,ダ,良,晴,11,2歳新馬,
2025-11-16_京都05R_2歳新馬,202508040405,2000,芝,良,晴,9,2歳新馬,
2025-11-16_京都06R_3歳以上1勝クラス,202508040406,1200,ダ,良,晴,16,3歳以上1勝クラス,
2025-11-16_京都07R_3歳以上2勝クラス,202508040407,1800,ダ,良,晴,16,3歳以上2勝クラス,
2025-11-16_京都08R_3歳以上2勝クラス,202508040408,1400,芝,良,晴,15,3歳以上2勝クラス,
2025-11-22_京都01R_2歳未勝利,202508040501,1200,ダ,良,晴,14,2歳未勝利,
2025-11-22_京都02R_2歳未勝利,202508040502,1800,ダ,良,晴,15,2歳未勝利,
2025-11-22_京都03R_2歳未勝利,202508040503,1200,芝,良,晴,18,2歳未勝利,
2025-11-22_京都04R_2歳未勝利,202508040504,1800,芝,良,晴,11,2歳未勝利,
2025-11-22_京都05R_2歳新馬,202508040505,1600,芝,良,晴,17,2歳新馬,
2025-11-22_京都06R_2歳新馬,202508040506,1400,ダ,良,晴,16,2歳新馬,
2025-11-22_京都07R_3歳以上1勝クラス,202508040507,1800,ダ,良,晴,16,3歳以上1勝クラス,
2025-11-22_京都08R_3歳以上2勝クラス,202508040508,1400,ダ,良,晴,16,3歳以上2勝クラス,
2025-11-23_京都01R_2歳未勝利,202508040601,1400,ダ,良,晴,14,2歳未勝利,
2025-11-23_京都02R_2歳未勝利,202508040602,1800,ダ,良,晴,13,2歳未勝利,
2025-11-23_京都03R_2歳未勝利,202508040603,2000,芝,良,晴,16,2歳未勝利,
2025-11-23_京都04R_2歳新馬,202508040604,1800,ダ,良,晴,7,2歳新馬,
2025-11-23_京都05R_2歳新馬,202508040605,1800,芝,良,晴,9,2歳新馬,
2025-11-23_京都06R_3歳以上1勝クラス,202508040606,1400,ダ,良,晴,16,3歳以上1勝クラス,
2025-11-23_京都07R_3歳以上1勝クラス,202508040607,2400,芝,良,晴,18,3歳以上1勝クラス,
2025-11-23_京都08R_3歳以上2勝クラス,202508040608,1800,ダ,良,晴,14,3歳以上2勝クラス,
2025-11-29_京都01R_2歳未勝利,202508040701,1400,ダ,良,晴,14,2歳未勝利,
2025-11-29_京都02R_2歳未勝利,202508040702,1800,ダ,良,晴,11,2歳未勝利,
2025-11-29_京都03R_2歳未勝利,202508040703,1600,芝,良,晴,14,2歳未勝利,
2025-11-29_京都04R_3歳以上障害未勝利,202508040704,2910,障,良,晴,9,3歳以上障害未勝利,
2025-11-29_京都05R_2歳新馬,202508040705,1600,芝,良,晴,12,2歳新馬,
2025-11-29_京都06R_2歳新馬,202508040706,1800,ダ,良,晴,13,2歳新馬,
2025-11-29_京都07R_3歳以上1勝クラス,202508040707,1800,芝,良,晴,18,3歳以上1勝クラス,
2025-11-29_京都08R_3歳以上2勝クラス,202508040708,1200,ダ,良,晴,16,3歳以上2勝クラス,
2025-11-30_京都01R_2歳未勝利,202508040801,1200,ダ,良,晴,16,2歳未勝利,
2025-11-30_京都02R_2歳未勝利,202508040802,1800,芝,良,晴,13,2歳未勝利,
2025-11-30_京都03R_2歳新馬,202508040803,1200,芝,良,晴,13,2歳新馬,
2025-11-30_京都04R_3歳以上1勝クラス,202508040804,1400,ダ,良,晴,16,3歳以上1勝クラス,
2025-11-30_京都05R_3歳以上障害未勝利,202508040805,2910,障,良,晴,9,3歳以上障害未勝利,
2025-11-30_京都06R_2歳新馬,202508040806,2000,芝,良,晴,9,2歳新馬,
2025-11-30_京都07R_3歳以上1勝クラス,202508040807,1800,ダ,良,晴,16,3歳以上1勝クラス,
2025-11-30_京都08R_3歳以上2勝クラス,202508040808,2200,芝,良,晴,8,3歳以上2勝クラス,
2025-03-01_阪神01R_3歳未勝利,202509010101,1800,ダ,良,曇,12,3歳未勝利,
2025-03-01_阪神02R_3歳未勝利,202509010102,1200,ダ,良,曇,16,3歳未勝利,
2025-03-01_阪神03R_3歳未勝利,202509010103,1800,ダ,良,晴,16,3歳未勝利,
2025-03-01_阪神04R_3歳未勝利,202509010104,1400,ダ,良,晴,16,3歳未勝利,
2025-03-01_阪神05R_3歳未勝利,202509010105,1600,芝,良,晴,18,3歳未勝利,
2025-03-01_阪神06R_4歳以上1勝クラス,202509010106,1800,ダ,良,晴,16,4歳以上1勝クラス,
2025-03-01_阪神07R_4歳以上1勝クラス,202509010107,1400,ダ,良,晴,16,4歳以上1勝クラス,
2025-03-01_阪神08R_4歳以上2勝クラス,202509010108,1800,ダ,良,晴,10,4歳以上2勝クラス,
2025-03-02_阪神01R_3歳未勝利,202509010201,1800,ダ,良,小雨,12,3歳未勝利,
2025-03-02_阪神02R_3歳未勝利,202509010202,1400,ダ,良,小雨,16,3歳未勝利,
2025-03-02_阪神03R_3歳未勝利,202509010203,2000,ダ,良,小雨,12,3歳未勝利,
2025-03-02_阪神04R_3歳1勝クラス,202509010204,1200,ダ,良,小雨,16,3歳1勝クラス,
2025-03-02_阪神05R_3歳未勝利,202509010205,1800,芝,良,小雨,18,3歳未勝利,
2025-03-02_阪神06R_3歳未勝利,202509010206,2000,芝,良,小雨,16,3歳未勝利,
2025-03-02_阪神07R_4歳以上1勝クラス,202509010207,1400,ダ,良,小雨,16,4歳以上1勝クラス,
2025-03-02_阪神08R_4歳以上1勝クラス,202509010208,1600,芝,良,小雨,14,4歳以上1勝クラス,
2025-03-08_阪神01R_3歳未勝利,202509010301,1400,ダ,良,晴,16,3歳未勝利,
2025-03-08_阪神02R_3歳未勝利,202509010302,1800,ダ,良,晴,12,3歳未勝利,
2025-03-08_阪神03R_3歳未勝利,202509010303,1200,ダ,良,晴,16,3歳未勝利,
2025-03-08_阪神04R_3歳1勝クラス,202509010304,1800,ダ,良,晴,12,3歳1勝クラス,
2025-03-08_阪神05R_3歳未勝利,202509010305,2000,芝,良,晴,13,3歳未勝利,
2025-03-08_阪神06R_3歳未勝利,202509010306,2400,芝,良,曇,10,3歳未勝利,
2025-03-08_阪神07R_4歳以上1勝クラス,202509010307,2000,ダ,良,曇,10,4歳以上1勝クラス,
2025-03-08_阪神08R_4歳以上1勝クラス,202509010308,1200,ダ,良,曇,16,4歳以上1勝クラス,
2025-03-09_阪神01R_3歳未勝利,202509010401,1800,ダ,良,晴,15,3歳未勝利,
2025-03-09_阪神02R_3歳未勝利,202509010402,1400,ダ,良,晴,16,3歳未勝利,
2025-03-09_阪神03R_3歳未勝利,202509010403,1800,ダ,良,晴,12,3歳未勝利,
2025-03-09_阪神04R_3歳1勝クラス,202509010404,1400,ダ,良,晴,16,3歳1勝クラス,
2025-03-09_阪神05R_3歳未勝利,202509010405,1600,芝,良,晴,18,3歳未勝利,
2025-03-09_阪神06R_4歳以上1勝クラス,202509010406,1800,ダ,良,晴,11,4歳以上1勝クラス,
2025-03-09_阪神07R_4歳以上1勝クラス,202509010407,2000,芝,良,晴,9,4歳以上1勝クラス,
2025-03-09_阪神08R_4歳以上2勝クラス,202509010408,1800,ダ,良,晴,12,4歳以上2勝クラス,
2025-03-15_阪神01R_3歳未勝利,202509010501,1800,ダ,良,曇,12,3歳未勝利,
2025-03-15_阪神02R_3歳未勝利,202509010502,1200,ダ,良,曇,16,3歳未勝利,
2025-03-15_阪神03R_3歳未勝利,202509010503,1800,ダ,良,曇,13,3歳未勝利,
2025-03-15_阪神04R_3歳未勝利,202509010504,1400,芝,良,曇,18,3歳未勝利,
2025-03-15_阪神05R_3歳未勝利,202509010505,1800,芝,良,小雨,18,3歳未勝利,
2025-03-15_阪神06R_3歳1勝クラス,202509010506,1400,ダ,良,小雨,16,3歳1勝クラス,
2025-03-15_阪神07R_4歳以上1勝クラス,202509010507,1400,ダ,良,小雨,16,4歳以上1勝クラス,
2025-03-15_阪神08R_阪神スプリングJ,202509010508,3900,障,良,小雨,8,阪神スプリングJ,
2025-03-16_阪神01R_3歳未勝利,202509010601,1200,ダ,稍,小雨,16,3歳未勝利,
2025-03-16_阪神02R_3歳未勝利,202509010602,1800,ダ,稍,小雨,11,3歳未勝利,
2025-03-16_阪神03R_3歳未勝利,202509010603,1400,ダ,稍,小雨,16,3歳未勝利,
2025-03-16_阪神04R_4歳以上障害未勝利,202509010604,2970,障,稍,小雨,9,4歳以上障害未勝利,
2025-03-16_阪神05R_3歳未勝利,202509010605,2000,芝,稍,小雨,16,3歳未勝利,
2025-03-16_阪神06R_3歳1勝クラス,202509010606,1600,芝,稍,雨,9,3歳1勝クラス,
2025-03-16_阪神07R_4歳以上1勝クラス,202509010607,1600,芝,稍,雨,16,4歳以上1勝クラス,
2025-03-16_阪神08R_4歳以上1勝クラス,202509010608,1800,ダ,重,雨,13,4歳以上1勝クラス,
2025-03-22_阪神01R_3歳未勝利,202509010701,1400,ダ,良,晴,15,3歳未勝利,
2025-03-22_阪神02R_3歳未勝利,202509010702,1800,ダ,良,晴,9,3歳未勝利,
2025-03-22_阪神03R_3歳未勝利,202509010703,1400,ダ,良,晴,16,3歳未勝利,
2025-03-22_阪神04R_3歳未勝利,202509010704,2000,ダ,良,晴,11,3歳未勝利,
2025-03-22_阪神05R_3歳未勝利,202509010705,2400,芝,良,晴,15,3歳未勝利,
2025-03-22_阪神06R_4歳以上1勝クラス,202509010706,1800,ダ,良,晴,10,4歳以上1勝クラス,
2025-03-22_阪神07R_4歳以上1勝クラス,202509010707,1200,ダ,良,晴,15,4歳以上1勝クラス,
2025-03-22_阪神08R_4歳以上2勝クラス,202509010708,2600,芝,良,晴,9,4歳以上2勝クラス,
2025-03-23_阪神01R_3歳未勝利,202509010801,1800,ダ,良,晴,11,3歳未勝利,
2025-03-23_阪神02R_3歳未勝利,202509010802,1200,ダ,良,晴,16,3歳未勝利,
2025-03-23_阪神03R_3歳未勝利,202509010803,1800,ダ,良,晴,12,3歳未勝利,
2025-03-23_阪神04R_3歳未勝利,202509010804,1600,芝,良,晴,17,3歳未勝利,
2025-03-23_阪神05R_3歳1勝クラス,202509010805,1200,芝,良,晴,13,3歳1勝クラス,
2025-03-23_阪神06R_3歳1勝クラス,202509010806,1800,ダ,良,晴,16,3歳1勝クラス,
2025-03-23_阪神07R_4歳以上1勝クラス,202509010807,2400,芝,良,晴,9,4歳以上1勝クラス,
2025-03-23_阪神08R_4歳以上1勝クラス,202509010808,1800,ダ,良,晴,14,4歳以上1勝クラス,
2025-03-29_阪神01R_3歳未勝利,202509020101,1400,ダ,稍,晴,16,3歳未勝利,
2025-03-29_阪神02R_3歳未勝利,202509020102,1800,ダ,稍,晴,9,3歳未勝利,
2025-03-29_阪神03R_3歳未勝利,202509020103,1200,ダ,稍,晴,16,3歳未勝利,
2025-03-29_阪神04R_3歳未勝利,202509020104,2000,ダ,稍,晴,12,3歳未勝利,
2025-03-29_阪神05R_3歳未勝利,202509020105,2000,芝,良,晴,15,3歳未勝利,
2025-03-29_阪神06R_3歳1勝クラス,202509020106,1400,芝,良,晴,12,3歳1勝クラス,
2025-03-29_阪神07R_4歳以上1勝クラス,202509020107,1200,ダ,稍,晴,16,4歳以上1勝クラス,
2025-03-29_阪神08R_三木ホースランドパークJS,202509020108,3140,障,良,晴,10,三木ホースランドパークJS,OP
2025-03-30_阪神01R_3歳未勝利,202509020201,1800,ダ,良,晴,12,3歳未勝利,
2025-03-30_阪神02R_3歳未勝利,202509020202,1400,ダ,良,晴,16,3歳未勝利,
2025-03-30_阪神03R_3歳未勝利,202509020203,1800,ダ,良,晴,9,3歳未勝利,
2025-03-30_阪神04R_4歳以上障害未勝利,202509020204,2970,障,良,晴,14,4歳以上障害未勝利,
2025-03-30_阪神05R_3歳未勝利,202509020205,1600,芝,良,晴,18,3歳未勝利,
2025-03-30_阪神06R_3歳1勝クラス,202509020206,1200,ダ,良,曇,16,3歳1勝クラス,
2025-03-30_阪神07R_4歳以上1勝クラス,202509020207,1400,芝,良,曇,18,4歳以上1勝クラス,
2025-03-30_阪神08R_4歳以上1勝クラス,202509020208,1800,ダ,良,曇,9,4歳以上1勝クラス,
2025-04-05_阪神01R_3歳未勝利,202509020301,1800,ダ,良,晴,16,3歳未勝利,
2025-04-05_阪神02R_3歳未勝利,202509020302,1200,ダ,良,晴,16,3歳未勝利,
2025-04-05_阪神03R_3歳未勝利,202509020303,1800,ダ,良,晴,16,3歳未勝利,
2025-04-05_阪神04R_3歳未勝利,202509020304,1400,芝,良,晴,18,3歳未勝利,
2025-04-05_阪神05R_3歳未勝利,202509020305,1800,芝,良,晴,17,3歳未勝利,
2025-04-05_阪神06R_4歳以上1勝クラス,202509020306,1800,ダ,良,晴,8,4歳以上1勝クラス,
2025-04-05_阪神07R_4歳以上1勝クラス,202509020307,1400,ダ,良,晴,16,4歳以上1勝クラス,
2025-04-05_阪神08R_4歳以上2勝クラス,202509020308,1800,芝,良,晴,8,4歳以上2勝クラス,
2025-04-06_阪神01R_3歳未勝利,202509020401,1200,ダ,良,晴,16,3歳未勝利,
2025-04-06_阪神02R_3歳未勝利,202509020402,1800,ダ,良,晴,16,3歳未勝利,
2025-04-06_阪神03R_3歳未勝利,202509020403,1400,ダ,良,晴,16,3歳未勝利,
2025-04-06_阪神04R_3歳未勝利,202509020404,2400,芝,良,晴,14,3歳未勝利,
2025-04-06_阪神05R_3歳1勝クラス,202509020405,1800,ダ,良,晴,14,3歳1勝クラス,
2025-04-06_阪神06R_4歳以上1勝クラス,202509020406,2000,芝,良,晴,11,4歳以上1勝クラス,
2025-04-06_阪神07R_4歳以上2勝クラス,202509020407,1800,ダ,良,晴,10,4歳以上2勝クラス,
2025-04-06_阪神08R_4歳以上2勝クラス,202509020408,1200,芝,良,晴,10,4歳以上2勝クラス,
2025-04-12_阪神01R_3歳未勝利,202509020501,1800,ダ,良,晴,16,3歳未勝利,
2025-04-12_阪神02R_3歳未勝利,202509020502,1400,ダ,良,晴,16,3歳未勝利,
2025-04-12_阪神03R_3歳未勝利,202509020503,1800,ダ,良,晴,16,3歳未勝利,
2025-04-12_阪神04R_3歳未勝利,202509020504,1600,芝,良,晴,18,3歳未勝利,
2025-04-12_阪神05R_3歳1勝クラス,202509020505,1800,ダ,良,晴,11,3歳1勝クラス,
2025-04-12_阪神06R_3歳1勝クラス,202509020506,1200,芝,良,晴,11,3歳1勝クラス,
2025-04-12_阪神07R_4歳以上1勝クラス,202509020507,1800,ダ,良,晴,9,4歳以上1勝クラス,
2025-04-12_阪神08R_4歳以上1勝クラス,202509020508,1200,ダ,良,晴,16,4歳以上1勝クラス,
2025-04-13_阪神01R_3歳未勝利,202509020601,1400,ダ,良,曇,16,3歳未勝利,
2025-04-13_阪神02R_3歳未勝利,202509020602,1800,ダ,良,曇,15,3歳未勝利,
2025-04-13_阪神03R_3歳未勝利,202509020603,1200,ダ,良,曇,16,3歳未勝利,
2025-04-13_阪神04R_3歳未勝利,202509020604,2000,芝,良,小雨,15,3歳未勝利,
2025-04-13_阪神05R_3歳1勝クラス,202509020605,1400,ダ,良,小雨,16,3歳1勝クラス,
2025-04-13_阪神06R_4歳以上1勝クラス,202509020606,1800,ダ,稍,小雨,10,4歳以上1勝クラス,
2025-04-13_阪神07R_4歳以上2勝クラス,202509020607,1600,芝,稍,雨,7,4歳以上2勝クラス,
2025-04-13_阪神08R_天神橋特別,202509020608,1800,ダ,稍,雨,12,天神橋特別,
2025-04-19_阪神01R_3歳未勝利,202509020701,1800,ダ,良,晴,16,3歳未勝利,
2025-04-19_阪神02R_3歳未勝利,202509020702,1200,ダ,良,晴,16,3歳未勝利,
2025-04-19_阪神03R_3歳未勝利,202509020703,2000,ダ,良,晴,16,3歳未勝利,
2025-04-19_阪神04R_3歳未勝利,202509020704,2200,芝,良,晴,16,3歳未勝利,
2025-04-19_阪神05R_3歳1勝クラス,202509020705,2000,芝,良,晴,7,3歳1勝クラス,
2025-04-19_阪神06R_3歳1勝クラス,202509020706,1800,ダ,良,晴,8,3歳1勝クラス,
2025-04-19_阪神07R_4歳以上1勝クラス,202509020707,2400,芝,良,晴,10,4歳以上1勝クラス,
2025-04-19_阪神08R_4歳以上1勝クラス,202509020708,1600,芝,良,晴,14,4歳以上1勝クラス,
2025-04-20_阪神01R_3歳未勝利,202509020801,1400,ダ,良,曇,16,3歳未勝利,
2025-04-20_阪神02R_3歳未勝利,202509020802,2000,芝,良,曇,16,3歳未勝利,
2025-04-20_阪神03R_3歳未勝利,202509020803,1800,ダ,良,曇,16,3歳未勝利,
2025-04-20_阪神04R_4歳以上障害未勝利,202509020804,2970,障,良,曇,14,4歳以上障害未勝利,
2025-04-20_阪神05R_3歳未勝利,202509020805,1800,芝,良,曇,18,3歳未勝利,
2025-04-20_阪神06R_3歳1勝クラス,202509020806,1200,ダ,良,曇,16,3歳1勝クラス,
2025-04-20_阪神07R_3歳1勝クラス,202509020807,1600,芝,良,曇,11,3歳1勝クラス,
2025-04-20_阪神08R_4歳以上1勝クラス,202509020808,1800,ダ,良,曇,13,4歳以上1勝クラス,
2025-06-07_阪神01R_3歳未勝利,202509030101,1400,ダ,良,晴,15,3歳未勝利,
2025-06-07_阪神02R_3歳未勝利,202509030102,1800,ダ,良,晴,16,3歳未勝利,
2025-06-07_阪神03R_3歳未勝利,202509030103,1200,芝,良,曇,16,3歳未勝利,
2025-06-07_阪神04R_3歳未勝利,202509030104,1200,ダ,良,曇,16,3歳未勝利,
2025-06-07_阪神05R_2歳新馬,202509030105,1600,芝,良,曇,8,2歳新馬,
2025-06-07_阪神06R_3歳未勝利,202509030106,2000,芝,良,曇,13,3歳未勝利,
2025-06-07_阪神07R_3歳以上1勝クラス,202509030107,2200,芝,良,曇,10,3歳以上1勝クラス,
2025-06-07_阪神08R_3歳以上1勝クラス,202509030108,1800,ダ,良,曇,9,3歳以上1勝クラス,
2025-06-08_阪神01R_3歳以上障害未勝利,202509030201,2970,障,良,曇,11,3歳以上障害未勝利,
2025-06-08_阪神02R_3歳未勝利,202509030202,1800,ダ,良,晴,14,3歳未勝利,
2025-06-08_阪神03R_3歳未勝利,202509030203,1400,ダ,良,晴,16,3歳未勝利,
2025-06-08_阪神04R_3歳未勝利,202509030204,1800,ダ,良,晴,15,3歳未勝利,
2025-06-08_阪神05R_2歳新馬,202509030205,1400,芝,良,晴,11,2歳新馬,
2025-06-08_阪神06R_3歳未勝利,202509030206,1800,芝,良,曇,18,3歳未勝利,
2025-06-08_阪神07R_3歳未勝利,202509030207,1600,芝,良,曇,18,3歳未勝利,
2025-06-08_阪神08R_3歳以上1勝クラス,202509030208,1800,ダ,良,曇,13,3歳以上1勝クラス,
2025-06-14_阪神01R_3歳未勝利,202509030301,1800,ダ,稍,曇,16,3歳未勝利,
2025-06-14_阪神02R_3歳未勝利,202509030302,1400,ダ,稍,曇,16,3歳未勝利,
2025-06-14_阪神03R_3歳未勝利,202509030303,2000,ダ,稍,小雨,16,3歳未勝利,
2025-06-14_阪神04R_3歳未勝利,202509030304,1600,芝,稍,小雨,18,3歳未勝利,
2025-06-14_阪神05R_2歳新馬,202509030305,1200,芝,稍,小雨,8,2歳新馬,
2025-06-14_阪神06R_3歳未勝利,202509030306,1800,芝,稍,小雨,18,3歳未勝利,
2025-06-14_阪神07R_3歳以上1勝クラス,202509030307,1200,ダ,重,小雨,16,3歳以上1勝クラス,
2025-06-14_阪神08R_三田特別,202509030308,2400,芝,重,雨,6,三田特別,
2025-06-15_阪神01R_3歳未勝利,202509030401,1200,ダ,不,曇,16,3歳未勝利,
2025-06-15_阪神02R_3歳未勝利,202509030402,1800,ダ,不,曇,14,3歳未勝利,
2025-06-15_阪神03R_3歳未勝利,202509030403,1400,芝,重,曇,18,3歳未勝利,
2025-06-15_阪神04R_3歳未勝利,202509030404,2200,芝,重,曇,15,3歳未勝利,
2025-06-15_阪神05R_2歳新馬,202509030405,1800,芝,重,曇,8,2歳新馬,
2025-06-15_阪神06R_3歳以上1勝クラス,202509030406,1800,ダ,重,曇,16,3歳以上1勝クラス,
2025-06-15_阪神07R_3歳以上1勝クラス,202509030407,2000,芝,稍,曇,10,3歳以上1勝クラス,
2025-06-15_阪神08R_逆瀬川特別,202509030408,1800,ダ,重,曇,16,逆瀬川特別,
2025-06-21_阪神01R_3歳以上障害OP,202509030501,3110,障,良,晴,12,3歳以上障害OP,OP
2025-06-21_阪神02R_3歳未勝利,202509030502,1800,ダ,良,晴,16,3歳未勝利,
2025-06-21_阪神03R_3歳未勝利,202509030503,1200,ダ,良,晴,16,3歳未勝利,
2025-06-21_阪神04R_3歳未勝利,202509030504,1800,ダ,良,晴,13,3歳未勝利,
2025-06-21_阪神05R_2歳新馬,202509030505,1400,芝,良,晴,12,2歳新馬,
2025-06-21_阪神06R_3歳未勝利,202509030506,2000,芝,良,晴,15,3歳未勝利,
2025-06-21_阪神07R_3歳以上1勝クラス,202509030507,2400,芝,良,晴,10,3歳以上1勝クラス,
2025-06-21_阪神08R_3歳以上1勝クラス,202509030508,1800,ダ,良,晴,16,3歳以上1勝クラス,
2025-06-22_阪神01R_3歳未勝利,202509030601,1400,ダ,良,曇,16,3歳未勝利,
2025-06-22_阪神02R_3歳未勝利,202509030602,1800,ダ,良,曇,14,3歳未勝利,
2025-06-22_阪神03R_3歳未勝利,202509030603,1600,芝,良,曇,18,3歳未勝利,
2025-06-22_阪神04R_3歳未勝利,202509030604,2400,芝,良,晴,15,3歳未勝利,
2025-06-22_阪神05R_2歳新馬,202509030605,1600,芝,良,晴,10,2歳新馬,
2025-06-22_阪神06R_2歳新馬,202509030606,1200,ダ,良,晴,16,2歳新馬,
2025-06-22_阪神07R_3歳以上1勝クラス,202509030607,2000,芝,良,晴,9,3歳以上1勝クラス,
2025-06-22_阪神08R_3歳以上1勝クラス,202509030608,1400,ダ,良,晴,16,3歳以上1勝クラス,
2025-09-06_阪神01R_2歳未勝利,202509040101,1400,ダ,重,晴,9,2歳未勝利,
2025-09-06_阪神02R_2歳未勝利,202509040102,2000,芝,良,晴,5,2歳未勝利,
2025-09-06_阪神03R_3歳未勝利,202509040103,1800,ダ,重,晴,16,3歳未勝利,
2025-09-06_阪神04R_3歳未勝利,202509040104,1600,芝,良,晴,18,3歳未勝利,
2025-09-06_阪神05R_2歳新馬,202509040105,1400,芝,良,晴,11,2歳新馬,
2025-09-06_阪神06R_2歳新馬,202509040106,1400,ダ,稍,晴,13,2歳新馬,
2025-09-06_阪神07R_3歳以上1勝クラス,202509040107,1600,芝,良,晴,13,3歳以上1勝クラス,
2025-09-06_阪神08R_3歳以上1勝クラス,202509040108,2000,芝,良,晴,9,3歳以上1勝クラス,
2025-09-07_阪神01R_2歳未勝利,202509040201,1800,ダ,良,晴,7,2歳未勝利,
2025-09-07_阪神02R_2歳未勝利,202509040202,1600,芝,良,晴,7,2歳未勝利,
2025-09-07_阪神03R_3歳未勝利,202509040203,1400,ダ,良,晴,16,3歳未勝利,
2025-09-07_阪神04R_3歳未勝利,202509040204,2000,芝,良,晴,16,3歳未勝利,
2025-09-07_阪神05R_2歳新馬,202509040205,1800,芝,良,晴,6,2歳新馬,
2025-09-07_阪神06R_3歳以上1勝クラス,202509040206,1400,ダ,良,晴,15,3歳以上1勝クラス,
2025-09-07_阪神07R_3歳以上1勝クラス,202509040207,1800,ダ,良,晴,9,3歳以上1勝クラス,
2025-09-07_阪神08R_武田尾特別,202509040208,1800,芝,良,晴,5,武田尾特別,
2025-09-13_阪神01R_2歳未勝利,202509040301,1800,ダ,良,曇,8,2歳未勝利,
2025-09-13_阪神02R_2歳未勝利,202509040302,1200,ダ,良,曇,8,2歳未勝利,
2025-09-13_阪神03R_2歳未勝利,202509040303,1800,芝,良,曇,5,2歳未勝利,
2025-09-13_阪神04R_3歳未勝利,202509040304,1800,ダ,良,曇,16,3歳未勝利,
2025-09-13_阪神05R_2歳新馬,202509040305,1200,芝,良,曇,11,2歳新馬,
2025-09-13_阪神06R_2歳新馬,202509040306,1400,ダ,良,曇,13,2歳新馬,
2025-09-13_阪神07R_3歳未勝利,202509040307,1800,芝,良,曇,18,3歳未勝利,
2025-09-13_阪神08R_生田特別,202509040308,2400,芝,良,曇,6,生田特別,
2025-09-14_阪神01R_2歳未勝利,202509040401,1400,ダ,良,曇,13,2歳未勝利,
2025-09-14_阪神02R_2歳未勝利,202509040402,1400,芝,良,曇,10,2歳未勝利,
2025-09-14_阪神03R_3歳未勝利,202509040403,1800,ダ,良,曇,16,3歳未勝利,
2025-09-14_阪神04R_3歳未勝利,202509040404,1200,ダ,良,曇,16,3歳未勝利,
2025-09-14_阪神05R_2歳新馬,202509040405,2000,芝,良,曇,7,2歳新馬,
2025-09-14_阪神06R_2歳新馬,202509040406,1800,ダ,良,曇,12,2歳新馬,
2025-09-14_阪神07R_3歳以上1勝クラス,202509040407,1600,芝,良,曇,14,3歳以上1勝クラス,
2025-09-14_阪神08R_3歳以上1勝クラス,202509040408,2000,ダ,良,曇,13,3歳以上1勝クラス,
2025-09-15_阪神01R_3歳以上障害未勝利,202509040501,2970,障,良,晴,7,3歳以上障害未勝利,
2025-09-15_阪神02R_2歳未勝利,202509040502,1600,芝,良,晴,8,2歳未勝利,
2025-09-15_阪神03R_2歳未勝利,202509040503,2000,芝,良,晴,5,2歳未勝利,
2025-09-15_阪神04R_3歳未勝利,202509040504,1800,ダ,良,晴,16,3歳未勝利,
2025-09-15_阪神05R_2歳新馬,202509040505,1600,芝,良,晴,10,2歳新馬,
2025-09-15_阪神06R_3歳未勝利,202509040506,2200,芝,良,晴,18,3歳未勝利,
2025-09-15_阪神07R_3歳以上1勝クラス,202509040507,1800,ダ,良,晴,13,3歳以上1勝クラス,
2025-09-15_阪神08R_3歳以上1勝クラス,202509040508,1800,芝,良,晴,8,3歳以上1勝クラス,
2025-09-20_阪神01R_2歳未勝利,202509040601,1800,ダ,良,曇,10,2歳未勝利,
2025-09-20_阪神02R_2歳未勝利,202509040602,2000,芝,良,曇,7,2歳未勝利,
2025-09-20_阪神03R_2歳新馬,202509040603,1200,ダ,良,曇,10,2歳新馬,
2025-09-20_阪神04R_阪神ジャンプS,202509040604,3140,障,良,曇,9,阪神ジャンプS,
2025-09-20_阪神05R_2歳新馬,202509040605,1600,芝,良,曇,14,2歳新馬,
2025-09-20_阪神06R_3歳以上1勝クラス,202509040606,1800,ダ,良,曇,16,3歳以上1勝クラス,
2025-09-20_阪神07R_3歳以上1勝クラス,202509040607,1600,芝,良,曇,16,3歳以上1勝クラス,
2025-09-20_阪神08R_野路菊S,202509040608,1600,芝,良,曇,6,野路菊S,OP
2025-09-21_阪神01R_3歳以上障害未勝利,202509040701,2970,障,良,晴,8,3歳以上障害未勝利,
2025-09-21_阪神02R_2歳未勝利,202509040702,1600,芝,良,晴,13,2歳未勝利,
2025-09-21_阪神03R_2歳未勝利,202509040703,1800,ダ,良,晴,11,2歳未勝利,
2025-09-21_阪神04R_2歳未勝利,202509040704,1400,ダ,良,晴,13,2歳未勝利,
2025-09-21_阪神05R_2歳新馬,202509040705,1800,芝,良,晴,9,2歳新馬,
2025-09-21_阪神06R_2歳新馬,202509040706,1800,ダ,良,晴,9,2歳新馬,
2025-09-21_阪神07R_3歳以上1勝クラス,202509040707,2000,芝,良,晴,13,3歳以上1勝クラス,
2025-09-21_阪神08R_3歳以上1勝クラス,202509040708,1800,ダ,良,曇,13,3歳以上1勝クラス,
2025-09-27_阪神01R_2歳未勝利,202509040801,1400,ダ,良,晴,15,2歳未勝利,
2025-09-27_阪神02R_2歳未勝利,202509040802,1800,ダ,良,晴,9,2歳未勝利,
2025-09-27_阪神03R_2歳未勝利,202509040803,1200,芝,良,晴,15,2歳未勝利,
2025-09-27_阪神04R_2歳新馬,202509040804,1600,芝,良,晴,16,2歳新馬,
2025-09-27_阪神05R_2歳新馬,202509040805,2000,芝,良,晴,11,2歳新馬,
2025-09-27_阪神06R_3歳以上1勝クラス,202509040806,1800,ダ,良,晴,13,3歳以上1勝クラス,
2025-09-27_阪神07R_3歳以上1勝クラス,202509040807,2200,芝,良,晴,16,3歳以上1勝クラス,
2025-09-27_阪神08R_3歳以上2勝クラス,202509040808,1600,芝,良,晴,13,3歳以上2勝クラス,
2025-09-28_阪神01R_3歳以上障害未勝利,202509040901,2970,障,良,晴,13,3歳以上障害未勝利,
2025-09-28_阪神02R_2歳未勝利,202509040902,1400,芝,良,晴,14,2歳未勝利,
2025-09-28_阪神03R_2歳未勝利,202509040903,1800,芝,良,晴,10,2歳未勝利,
2025-09-28_阪神04R_2歳新馬,202509040904,1800,ダ,良,晴,9,2歳新馬,
2025-09-28_阪神05R_2歳新馬,202509040905,1400,芝,良,晴,18,2歳新馬,
2025-09-28_阪神06R_3歳以上1勝クラス,202509040906,1200,ダ,良,晴,16,3歳以上1勝クラス,
2025-09-28_阪神07R_3歳以上1勝クラス,202509040907,1400,ダ,良,晴,16,3歳以上1勝クラス,
2025-09-28_阪神08R_3歳以上1勝クラス,202509040908,1800,芝,良,曇,18,3歳以上1勝クラス,
2025-12-06_阪神01R_2歳未勝利,202509050101,1200,ダ,良,晴,16,2歳未勝利,
2025-12-06_阪神02R_2歳未勝利,202509050102,1800,ダ,良,晴,16,2歳未勝利,
2025-12-06_阪神03R_2歳未勝利,202509050103,1600,芝,良,晴,17,2歳未勝利,
2025-12-06_阪神04R_2歳未勝利,202509050104,1800,芝,良,晴,9,2歳未勝利,
2025-12-06_阪神05R_2歳新馬,202509050105,2000,芝,良,晴,10,2歳新馬,
2025-12-06_阪神06R_2歳新馬,202509050106,1200,ダ,良,晴,10,2歳新馬,
2025-12-06_阪神07R_3歳以上1勝クラス,202509050107,1800,ダ,良,晴,14,3歳以上1勝クラス,
2025-12-06_阪神08R_3歳以上2勝クラス,202509050108,1400,ダ,良,晴,16,3歳以上2勝クラス,
2025-12-07_阪神01R_2歳未勝利,202509050201,1800,ダ,良,晴,10,2歳未勝利,
2025-12-07_阪神02R_2歳未勝利,202509050202,1400,ダ,良,晴,16,2歳未勝利,
2025-12-07_阪神03R_2歳未勝利,202509050203,1400,芝,良,晴,18,2歳未勝利,
2025-12-07_阪神04R_2歳未勝利,202509050204,2000,芝,良,晴,8,2歳未勝利,
2025-12-07_阪神05R_2歳新馬,202509050205,1600,芝,良,晴,17,2歳新馬,
2025-12-07_阪神06R_2歳新馬,202509050206,1800,ダ,良,晴,10,2歳新馬,
2025-12-07_阪神07R_3歳以上1勝クラス,202509050207,1200,ダ,良,晴,11,3歳以上1勝クラス,
2025-12-07_阪神08R_3歳以上2勝クラス,202509050208,1800,芝,良,晴,8,3歳以上2勝クラス,
2025-12-13_阪神01R_2歳未勝利,202509050301,1400,ダ,良,晴,15,2歳未勝利,
2025-12-13_阪神02R_2歳未勝利,202509050302,1800,ダ,良,晴,10,2歳未勝利,
2025-12-13_阪神03R_2歳未勝利,202509050303,1200,芝,良,晴,14,2歳未勝利,
2025-12-13_阪神04R_3歳以上障害未勝利,202509050304,2970,障,良,晴,12,3歳以上障害未勝利,
2025-12-13_阪神05R_2歳新馬,202509050305,1800,芝,良,晴,7,2歳新馬,
2025-12-13_阪神06R_2歳新馬,202509050306,1400,ダ,良,晴,13,2歳新馬,
2025-12-13_阪神07R_2歳未勝利,202509050307,2000,芝,良,晴,8,2歳未勝利,
2025-12-13_阪神08R_3歳以上1勝クラス,202509050308,1400,ダ,良,晴,16,3歳以上1勝クラス,
2025-12-14_阪神01R_2歳未勝利,202509050401,1800,ダ,稍,曇,11,2歳未勝利,
2025-12-14_阪神02R_2歳未勝利,202509050402,1400,ダ,稍,曇,16,2歳未勝利,
2025-12-14_阪神03R_2歳未勝利,202509050403,1800,芝,稍,晴,11,2歳未勝利,
2025-12-14_阪神04R_2歳新馬,202509050404,1400,芝,稍,晴,11,2歳新馬,
2025-12-14_阪神05R_2歳新馬,202509050405,2000,芝,良,晴,6,2歳新馬,
2025-12-14_阪神06R_2歳1勝クラス,202509050406,1200,ダ,良,晴,7,2歳1勝クラス,
2025-12-14_阪神07R_3歳以上1勝クラス,202509050407,1800,ダ,良,晴,12,3歳以上1勝クラス,
2025-12-14_阪神08R_3歳以上2勝クラス,202509050408,1200,ダ,良,晴,11,3歳以上2勝クラス,
2025-12-20_阪神01R_2歳未勝利,202509050501,1400,ダ,良,晴,16,2歳未勝利,
2025-12-20_阪神02R_2歳未勝利,202509050502,2000,芝,良,晴,16,2歳未勝利,
2025-12-20_阪神03R_2歳未勝利,202509050503,1600,芝,良,晴,18,2歳未勝利,
2025-12-20_阪神04R_3歳以上障害OP,202509050504,3110,障,良,晴,14,3歳以上障害OP,OP
2025-12-20_阪神05R_2歳新馬,202509050505,1600,芝,良,晴,18,2歳新馬,
2025-12-20_阪神06R_2歳新馬,202509050506,1800,ダ,良,晴,16,2歳新馬,
2025-12-20_阪神07R_3歳以上1勝クラス,202509050507,1800,ダ,良,晴,16,3歳以上1勝クラス,
2025-12-20_阪神08R_3歳以上1勝クラス,202509050508,1200,ダ,良,晴,13,3歳以上1勝クラス,
2025-12-21_阪神01R_2歳未勝利,202509050601,1800,ダ,稍,雨,12,2歳未勝利,
2025-12-21_阪神02R_2歳未勝利,202509050602,1200,ダ,稍,雨,16,2歳未勝利,
2025-12-21_阪神03R_2歳未勝利,202509050603,1800,芝,稍,雨,18,2歳未勝利,
2025-12-21_阪神04R_2歳未勝利,202509050604,1800,ダ,稍,雨,12,2歳未勝利,
2025-12-21_阪神05R_2歳新馬,202509050605,1800,芝,重,雨,12,2歳新馬,
2025-12-21_阪神06R_2歳新馬,202509050606,1200,芝,重,雨,11,2歳新馬,
2025-12-21_阪神07R_3歳以上1勝クラス,202509050607,2200,芝,重,雨,18,3歳以上1勝クラス,
2025-12-21_阪神08R_3歳以上2勝クラス,202509050608,1800,ダ,重,雨,15,3歳以上2勝クラス,
2025-12-27_阪神01R_2歳未勝利,202509050701,1200,ダ,稍,晴,15,2歳未勝利,
2025-12-27_阪神02R_2歳未勝利,202509050702,1800,ダ,稍,晴,11,2歳未勝利,
2025-12-27_阪神03R_2歳未勝利,202509050703,1400,ダ,稍,晴,16,2歳未勝利,
2025-12-27_阪神04R_2歳未勝利,202509050704,1600,芝,良,晴,15,2歳未勝利,
2025-12-27_阪神05R_2歳新馬,202509050705,2000,芝,良,晴,14,2歳新馬,
2025-12-27_阪神06R_2歳新馬,202509050706,1800,ダ,稍,晴,11,2歳新馬,
2025-12-27_阪神07R_3歳以上1勝クラス,202509050707,1800,芝,良,晴,15,3歳以上1勝クラス,
2025-12-27_阪神08R_3歳以上2勝クラス,202509050708,1400,ダ,稍,晴,16,3歳以上2勝クラス,
2025-12-28_阪神01R_2歳未勝利,202509050801,1800,ダ,良,晴,13,2歳未勝利,
2025-12-28_阪神02R_2歳未勝利,202509050802,1400,芝,良,晴,17,2歳未勝利,
2025-12-28_阪神03R_2歳未勝利,202509050803,1800,芝,良,晴,18,2歳未勝利,
2025-12-28_阪神04R_2歳新馬,202509050804,1400,ダ,良,晴,16,2歳新馬,
2025-12-28_阪神05R_3歳以上障害未勝利,202509050805,2970,障,良,晴,14,3歳以上障害未勝利,
2025-12-28_阪神06R_2歳新馬,202509050806,1600,芝,良,晴,16,2歳新馬,
2025-12-28_阪神07R_3歳以上1勝クラス,202509050807,1400,ダ,良,晴,16,3歳以上1勝クラス,
2025-12-28_阪神08R_3歳以上2勝クラス,202509050808,1800,ダ,良,晴,13,3歳以上2勝クラス,
2025-02-09_小倉01R_3歳未勝利,202510010601,1700,ダ,稍,晴,16,3歳未勝利,
2025-02-09_小倉02R_3歳未勝利,202510010602,1800,芝,稍,曇,16,3歳未勝利,
2025-02-09_小倉03R_3歳未勝利,202510010603,1000,ダ,稍,曇,14,3歳未勝利,
2025-02-09_小倉04R_4歳以上障害未勝利,202510010604,2860,障,稍,晴,12,4歳以上障害未勝利,
2025-02-09_小倉05R_3歳新馬,202510010605,2000,芝,稍,晴,12,3歳新馬,
2025-02-09_小倉06R_3歳未勝利,202510010606,1200,芝,稍,晴,17,3歳未勝利,
2025-02-09_小倉07R_4歳以上1勝クラス,202510010607,1700,ダ,稍,晴,13,4歳以上1勝クラス,
2025-02-09_小倉08R_4歳以上1勝クラス,202510010608,2000,芝,稍,晴,16,4歳以上1勝クラス,
2025-02-15_小倉01R_3歳未勝利,202510010701,1700,ダ,良,晴,14,3歳未勝利,
2025-02-15_小倉02R_3歳未勝利,202510010702,1200,芝,良,晴,18,3歳未勝利,
2025-02-15_小倉03R_3歳未勝利,202510010703,1000,ダ,良,晴,14,3歳未勝利,
2025-02-15_小倉04R_4歳以上障害未勝利,202510010704,2860,障,良,曇,9,4歳以上障害未勝利,
2025-02-15_小倉05R_3歳未勝利,202510010705,1800,芝,良,曇,16,3歳未勝利,
2025-02-15_小倉06R_4歳以上1勝クラス,202510010706,1200,芝,良,曇,18,4歳以上1勝クラス,
2025-02-15_小倉07R_4歳以上1勝クラス,202510010707,1700,ダ,良,曇,11,4歳以上1勝クラス,
2025-02-15_小倉08R_小倉JS,202510010708,3390,障,良,曇,14,小倉JS,
2025-02-16_小倉01R_3歳未勝利,202510010801,1700,ダ,良,曇,16,3歳未勝利,
2025-02-16_小倉02R_3歳未勝利,202510010802,1200,芝,良,曇,18,3歳未勝利,
2025-02-16_小倉03R_4歳以上1勝クラス,202510010803,1000,ダ,良,曇,14,4歳以上1勝クラス,
2025-02-16_小倉04R_4歳以上障害未勝利,202510010804,2860,障,良,曇,11,4歳以上障害未勝利,
2025-02-16_小倉05R_3歳未勝利,202510010805,2000,芝,良,曇,14,3歳未勝利,
2025-02-16_小倉06R_4歳以上1勝クラス,202510010806,1800,芝,良,曇,16,4歳以上1勝クラス,
2025-02-16_小倉07R_4歳以上1勝クラス,202510010807,2600,芝,良,曇,16,4歳以上1勝クラス,
2025-02-16_小倉08R_4歳以上1勝クラス,202510010808,1700,ダ,良,晴,14,4歳以上1勝クラス,
2025-02-22_小倉01R_3歳未勝利,202510010901,1700,ダ,良,晴,16,3歳未勝利,
2025-02-22_小倉02R_3歳未勝利,202510010902,1800,芝,良,晴,16,3歳未勝利,
2025-02-22_小倉03R_4歳以上1勝クラス,202510010903,1000,ダ,良,晴,14,4歳以上1勝クラス,
2025-02-22_小倉04R_4歳以上障害OP,202510010904,3390,障,良,晴,14,4歳以上障害OP,OP
2025-02-22_小倉05R_4歳以上障害未勝利,202510010905,2860,障,良,晴,11,4歳以上障害未勝利,
2025-02-22_小倉06R_3歳未勝利,202510010906,2000,芝,良,晴,15,3歳未勝利,
2025-02-22_小倉07R_3歳未勝利,202510010907,1200,芝,良,曇,18,3歳未勝利,
2025-02-22_小倉08R_4歳以上1勝クラス,202510010908,1700,ダ,良,曇,16,4歳以上1勝クラス,
2025-02-23_小倉01R_3歳未勝利,202510011001,1700,ダ,良,晴,10,3歳未勝利,
2025-02-23_小倉02R_3歳未勝利,202510011002,1200,芝,良,晴,18,3歳未勝利,
2025-02-23_小倉03R_3歳未勝利,202510011003,1000,ダ,良,晴,14,3歳未勝利,
2025-02-23_小倉04R_4歳以上障害未勝利,202510011004,2860,障,良,曇,12,4歳以上障害未勝利,
2025-02-23_小倉05R_3歳未勝利,202510011005,2000,芝,良,小雨,13,3歳未勝利,
2025-02-23_小倉06R_3歳未勝利,202510011006,1700,ダ,良,小雨,12,3歳未勝利,
2025-02-23_小倉07R_4歳以上1勝クラス,202510011007,2000,芝,良,曇,12,4歳以上1勝クラス,
2025-02-23_小倉08R_4歳以上1勝クラス,202510011008,2400,ダ,良,曇,14,4歳以上1勝クラス,
2025-03-01_小倉01R_3歳未勝利,202510011101,1800,芝,良,曇,16,3歳未勝利,
2025-03-01_小倉02R_3歳未勝利,202510011102,1200,芝,良,曇,18,3歳未勝利,
2025-03-01_小倉03R_4歳以上1勝クラス,202510011103,1000,ダ,良,曇,14,4歳以上1勝クラス,
2025-03-01_小倉04R_4歳以上障害未勝利,202510011104,2860,障,良,曇,12,4歳以上障害未勝利,
2025-03-01_小倉05R_4歳以上障害OP,202510011105,2860,障,良,曇,12,4歳以上障害OP,OP
2025-03-01_小倉06R_3歳未勝利,202510011106,2000,芝,良,曇,18,3歳未勝利,
2025-03-01_小倉07R_3歳未勝利,202510011107,1700,ダ,良,曇,16,3歳未勝利,
2025-03-01_小倉08R_4歳以上1勝クラス,202510011108,1800,芝,良,曇,15,4歳以上1勝クラス,
2025-03-02_小倉01R_3歳未勝利,202510011201,1700,ダ,稍,曇,16,3歳未勝利,
2025-03-02_小倉02R_3歳未勝利,202510011202,1200,芝,稍,曇,18,3歳未勝利,
2025-03-02_小倉03R_3歳未勝利,202510011203,1000,ダ,稍,雨,14,3歳未勝利,
2025-03-02_小倉04R_4歳以上障害未勝利,202510011204,2860,障,稍,雨,11,4歳以上障害未勝利,
2025-03-02_小倉05R_3歳未勝利,202510011205,1800,芝,重,雨,16,3歳未勝利,
2025-03-02_小倉06R_4歳以上1勝クラス,202510011206,2000,芝,重,雨,18,4歳以上1勝クラス,
2025-03-02_小倉07R_4歳以上1勝クラス,202510011207,1200,芝,重,雨,18,4歳以上1勝クラス,
2025-03-02_小倉08R_4歳以上1勝クラス,202510011208,1700,ダ,重,曇,14,4歳以上1勝クラス,
2025-06-28_小倉01R_3歳以上障害未勝利,202510020101,2860,障,良,晴,12,3歳以上障害未勝利,
2025-06-28_小倉02R_2歳未勝利,202510020102,1200,芝,良,晴,6,2歳未勝利,
2025-06-28_小倉03R_3歳未勝利,202510020103,1700,ダ,良,晴,16,3歳未勝利,
2025-06-28_小倉04R_3歳未勝利,202510020104,1800,芝,良,晴,16,3歳未勝利,
2025-06-28_小倉05R_2歳新馬,202510020105,1200,芝,良,晴,14,2歳新馬,
2025-06-28_小倉06R_3歳未勝利,202510020106,1000,ダ,良,晴,14,3歳未勝利,
2025-06-28_小倉07R_3歳未勝利,202510020107,1200,芝,良,晴,15,3歳未勝利,
2025-06-28_小倉08R_3歳以上1勝クラス,202510020108,1700,ダ,良,晴,16,3歳以上1勝クラス,
2025-06-29_小倉01R_3歳以上障害未勝利,202510020201,2860,障,良,晴,12,3歳以上障害未勝利,
2025-06-29_小倉02R_3歳未勝利,202510020202,1200,芝,良,晴,17,3歳未勝利,
2025-06-29_小倉03R_3歳未勝利,202510020203,2600,芝,良,晴,16,3歳未勝利,
2025-06-29_小倉04R_3歳未勝利,202510020204,1700,ダ,良,晴,16,3歳未勝利,
2025-06-29_小倉05R_2歳新馬,202510020205,1200,芝,良,晴,17,2歳新馬,
2025-06-29_小倉06R_2歳新馬,202510020206,1200,芝,良,晴,10,2歳新馬,
2025-06-29_小倉07R_3歳未勝利,202510020207,2000,芝,良,晴,18,3歳未勝利,
2025-06-29_小倉08R_3歳以上1勝クラス,202510020208,1000,ダ,良,晴,14,3歳以上1勝クラス,
2025-07-05_小倉01R_2歳未勝利,202510020301,1800,芝,良,晴,5,2歳未勝利,
2025-07-05_小倉02R_3歳未勝利,202510020302,1700,ダ,良,晴,16,3歳未勝利,
2025-07-05_小倉03R_3歳未勝利,202510020303,1200,芝,良,晴,18,3歳未勝利,
2025-07-05_小倉04R_3歳未勝利,202510020304,1000,ダ,良,晴,14,3歳未勝利,
2025-07-05_小倉05R_2歳新馬,202510020305,1200,芝,良,晴,8,2歳新馬,
2025-07-05_小倉06R_3歳未勝利,202510020306,1700,ダ,良,晴,16,3歳未勝利,
2025-07-05_小倉07R_3歳未勝利,202510020307,1800,芝,良,晴,16,3歳未勝利,
2025-07-05_小倉08R_3歳以上1勝クラス,202510020308,1200,芝,良,晴,9,3歳以上1勝クラス,
2025-07-06_小倉01R_2歳未勝利,202510020401,1200,芝,良,晴,16,2歳未勝利,
2025-07-06_小倉02R_3歳未勝利,202510020402,1700,ダ,良,晴,16,3歳未勝利,
2025-07-06_小倉03R_3歳未勝利,202510020403,1200,芝,良,晴,18,3歳未勝利,
2025-07-06_小倉04R_3歳未勝利,202510020404,2000,芝,良,晴,18,3歳未勝利,
2025-07-06_小倉05R_2歳新馬,202510020405,1800,芝,良,晴,9,2歳新馬,
2025-07-06_小倉06R_2歳新馬,202510020406,1000,ダ,良,晴,5,2歳新馬,
2025-07-06_小倉07R_3歳以上1勝クラス,202510020407,1800,芝,良,晴,9,3歳以上1勝クラス,
2025-07-06_小倉08R_3歳以上1勝クラス,202510020408,1000,ダ,良,晴,14,3歳以上1勝クラス,
2025-07-12_小倉01R_2歳未勝利,202510020501,1200,芝,良,晴,10,2歳未勝利,
2025-07-12_小倉02R_3歳未勝利,202510020502,1800,芝,良,晴,16,3歳未勝利,
2025-07-12_小倉03R_3歳未勝利,202510020503,1000,ダ,良,晴,14,3歳未勝利,
2025-07-12_小倉04R_ソレイユJS,202510020504,3390,障,良,晴,7,ソレイユJS,OP
2025-07-12_小倉05R_2歳新馬,202510020505,1800,芝,良,晴,12,2歳新馬,
2025-07-12_小倉06R_3歳未勝利,202510020506,1200,芝,良,晴,18,3歳未勝利,
2025-07-12_小倉07R_3歳未勝利,202510020507,2000,芝,良,晴,18,3歳未勝利,
2025-07-12_小倉08R_3歳以上1勝クラス,202510020508,1700,ダ,良,晴,16,3歳以上1勝クラス,
2025-07-13_小倉01R_3歳以上障害未勝利,202510020601,2860,障,良,曇,12,3歳以上障害未勝利,
2025-07-13_小倉02R_3歳未勝利,202510020602,1200,芝,良,曇,18,3歳未勝利,
2025-07-13_小倉03R_3歳未勝利,202510020603,1700,ダ,良,曇,16,3歳未勝利,
2025-07-13_小倉04R_3歳未勝利,202510020604,1800,芝,良,曇,16,3歳未勝利,
2025-07-13_小倉05R_2歳新馬,202510020605,2000,芝,良,曇,8,2歳新馬,
2025-07-13_小倉06R_2歳新馬,202510020606,1200,芝,良,曇,8,2歳新馬,
2025-07-13_小倉07R_3歳以上1勝クラス,202510020607,1700,ダ,良,曇,16,3歳以上1勝クラス,
2025-07-13_小倉08R_3歳以上1勝クラス,202510020608,1800,芝,良,曇,16,3歳以上1勝クラス,
2025-07-19_小倉01R_2歳未勝利,202510020701,1800,芝,稍,晴,10,2歳未勝利,
2025-07-19_小倉02R_3歳未勝利,202510020702,1000,ダ,重,晴,14,3歳未勝利,
2025-07-19_小倉03R_3歳未勝利,202510020703,2000,芝,稍,晴,18,3歳未勝利,
2025-07-19_小倉04R_3歳未勝利,202510020704,1800,芝,稍,晴,16,3歳未勝利,
2025-07-19_小倉05R_2歳新馬,202510020705,1200,芝,良,晴,9,2歳新馬,
2025-07-19_小倉06R_3歳未勝利,202510020706,1700,ダ,重,晴,16,3歳未勝利,
2025-07-19_小倉07R_3歳以上1勝クラス,202510020707,1200,芝,良,晴,9,3歳以上1勝クラス,
2025-07-19_小倉08R_3歳以上1勝クラス,202510020708,2000,芝,良,晴,10,3歳以上1勝クラス,
2025-07-20_小倉01R_2歳未勝利,202510020801,1000,ダ,稍,晴,11,2歳未勝利,
2025-07-20_小倉02R_3歳未勝利,202510020802,1200,芝,良,晴,18,3歳未勝利,
2025-07-20_小倉03R_3歳未勝利,202510020803,1700,ダ,稍,晴,16,3歳未勝利,
2025-07-20_小倉04R_3歳未勝利,202510020804,2000,芝,良,晴,18,3歳未勝利,
2025-07-20_小倉05R_2歳新馬,202510020805,1800,芝,良,晴,13,2歳新馬,
2025-07-20_小倉06R_3歳以上1勝クラス,202510020806,1000,ダ,良,晴,9,3歳以上1勝クラス,
2025-07-20_小倉07R_3歳以上1勝クラス,202510020807,1800,芝,良,晴,10,3歳以上1勝クラス,
2025-07-20_小倉08R_3歳以上1勝クラス,202510020808,1200,芝,良,晴,12,3歳以上1勝クラス,
2026-07-25_札幌01R_3歳未勝利,202601010101,1000,ダ,良,曇,8,3歳未勝利,
2026-07-25_札幌02R_2歳未勝利,202601010102,1200,芝,良,曇,8,2歳未勝利,
2026-07-25_札幌03R_3歳未勝利,202601010103,1700,ダ,良,曇,10,3歳未勝利,
2026-07-25_札幌04R_3歳未勝利,202601010104,1500,芝,良,曇,14,3歳未勝利,
2026-07-25_札幌05R_2歳新馬,202601010105,1700,ダ,良,曇,6,2歳新馬,
2026-07-25_札幌06R_3歳未勝利,202601010106,1800,芝,良,曇,14,3歳未勝利,
2026-07-25_札幌07R_3歳以上1勝クラス,202601010107,1200,芝,良,曇,15,3歳以上1勝クラス,
2026-07-25_札幌08R_3歳以上1勝クラス,202601010108,1700,ダ,良,曇,12,3歳以上1勝クラス,
2026-07-26_札幌01R_2歳未勝利,202601010201,1000,ダ,良,晴,12,2歳未勝利,
2026-07-26_札幌02R_3歳未勝利,202601010202,1700,ダ,良,晴,10,3歳未勝利,
2026-07-26_札幌03R_3歳未勝利,202601010203,1200,芝,良,晴,16,3歳未勝利,
2026-07-26_札幌04R_3歳未勝利,202601010204,1700,ダ,良,晴,11,3歳未勝利,
2026-07-26_札幌05R_2歳新馬,202601010205,1800,芝,良,晴,10,2歳新馬,
2026-07-26_札幌06R_3歳未勝利,202601010206,2000,芝,良,晴,12,3歳未勝利,
2026-07-26_札幌07R_3歳以上1勝クラス,202601010207,1000,ダ,良,晴,7,3歳以上1勝クラス,
2026-07-26_札幌08R_3歳以上1勝クラス,202601010208,1500,芝,良,晴,12,3歳以上1勝クラス,
2026-08-01_札幌01R_3歳未勝利,202601010301,1000,ダ,稍,曇,12,3歳未勝利,
2026-08-01_札幌02R_2歳未勝利,202601010302,1800,芝,稍,曇,9,2歳未勝利,
2026-08-01_札幌03R_3歳未勝利,202601010303,1700,ダ,稍,曇,11,3歳未勝利,
2026-08-01_札幌04R_3歳以上1勝クラス,202601010304,1800,芝,稍,曇,11,3歳以上1勝クラス,
2026-08-01_札幌05R_2歳新馬,202601010305,1500,芝,稍,曇,13,2歳新馬,
2026-08-01_札幌06R_3歳以上1勝クラス,202601010306,1000,ダ,稍,曇,9,3歳以上1勝クラス,
2026-08-01_札幌07R_3歳未勝利,202601010307,1800,芝,稍,曇,12,3歳未勝利,
2026-08-01_札幌08R_3歳以上1勝クラス,202601010308,1700,ダ,稍,曇,11,3歳以上1勝クラス,
2026-08-01_札幌11R_STV賞,202601010311,2000,芝,稍,曇,16,STV賞,
2026-08-02_札幌01R_3歳未勝利,202601010401,1700,ダ,良,晴,14,3歳未勝利,
2026-08-02_札幌02R_3歳未勝利,202601010402,1500,芝,良,晴,14,3歳未勝利,
2026-08-02_札幌03R_3歳未勝利,202601010403,1700,ダ,良,晴,11,3歳未勝利,
2026-08-02_札幌04R_3歳以上1勝クラス,202601010404,2600,芝,良,晴,13,3歳以上1勝クラス,
2026-08-02_札幌05R_2歳新馬,202601010405,1800,芝,良,晴,10,2歳新馬,
2026-08-02_札幌06R_3歳以上1勝クラス,202601010406,1700,ダ,良,晴,11,3歳以上1勝クラス,
2026-08-02_札幌07R_3歳未勝利,202601010407,2000,芝,良,晴,12,3歳未勝利,
2026-08-02_札幌08R_3歳以上1勝クラス,202601010408,1200,芝,良,晴,14,3歳以上1勝クラス,
2026-08-08_札幌01R_3歳未勝利,202601010501,1700,ダ,良,曇,14,3歳未勝利,
2026-08-08_札幌02R_2歳未勝利,202601010502,1500,芝,稍,小雨,13,2歳未勝利,
2026-08-08_札幌03R_3歳未勝利,202601010503,1700,ダ,稍,小雨,14,3歳未勝利,
2026-08-08_札幌04R_3歳以上1勝クラス,202601010504,1500,芝,稍,曇,14,3歳以上1勝クラス,
2026-08-08_札幌05R_2歳新馬,202601010505,1800,芝,稍,曇,12,2歳新馬,
2026-08-08_札幌06R_3歳未勝利,202601010506,2000,芝,稍,曇,16,3歳未勝利,
2026-08-08_札幌07R_3歳以上1勝クラス,202601010507,1000,ダ,稍,曇,12,3歳以上1勝クラス,
2026-08-08_札幌08R_3歳未勝利,202601010508,1200,芝,稍,曇,16,3歳未勝利,
2026-08-09_札幌01R_2歳未勝利,202601010601,1700,ダ,良,晴,12,2歳未勝利,
2026-08-09_札幌02R_3歳未勝利,202601010602,1000,ダ,良,晴,12,3歳未勝利,
2026-08-09_札幌03R_3歳以上1勝クラス,202601010603,2000,芝,良,晴,10,3歳以上1勝クラス,
2026-08-09_札幌04R_3歳未勝利,202601010604,1700,ダ,良,晴,14,3歳未勝利,
2026-08-09_札幌05R_2歳新馬,202601010605,1500,芝,良,晴,13,2歳新馬,
2026-08-09_札幌06R_3歳未勝利,202601010606,2600,芝,良,晴,14,3歳未勝利,
2026-08-09_札幌07R_3歳未勝利,202601010607,2000,芝,良,晴,16,3歳未勝利,
2026-08-09_札幌08R_3歳以上1勝クラス,202601010608,1700,ダ,良,晴,14,3歳以上1勝クラス,
2026-08-09_札幌10R_富良野特別,202601010610,1700,ダ,良,晴,14,富良野特別,
2026-08-15_札幌01R_3歳未勝利,202601010701,1700,ダ,良,晴,14,3歳未勝利,
2026-08-15_札幌02R_2歳未勝利,202601010702,1800,芝,良,晴,10,2歳未勝利,
2026-08-15_札幌03R_3歳未勝利,202601010703,1000,ダ,良,晴,12,3歳未勝利,
2026-08-15_札幌04R_3歳未勝利,202601010704,2400,ダ,良,晴,12,3歳未勝利,
2026-08-15_札幌05R_2歳新馬,202601010705,1200,芝,良,晴,12,2歳新馬,
2026-08-15_札幌06R_3歳未勝利,202601010706,1500,芝,良,晴,14,3歳未勝利,
2026-08-15_札幌07R_3歳以上1勝クラス,202601010707,2000,芝,良,晴,15,3歳以上1勝クラス,
2026-08-15_札幌08R_3歳以上1勝クラス,202601010708,1700,ダ,良,晴,11,3歳以上1勝クラス,
2026-08-15_札幌10R_知床特別,202601010710,1200,芝,良,晴,16,知床特別,
2026-08-16_札幌01R_3歳未勝利,202601010801,1700,ダ,良,晴,14,3歳未勝利,
2026-08-16_札幌02R_2歳未勝利,202601010802,1200,芝,良,晴,8,2歳未勝利,
2026-08-16_札幌03R_3歳以上1勝クラス,202601010803,1800,芝,良,晴,14,3歳以上1勝クラス,
2026-08-16_札幌04R_3歳未勝利,202601010804,1700,ダ,良,晴,14,3歳未勝利,
2026-08-16_札幌05R_2歳新馬,202601010805,1800,芝,良,晴,12,2歳新馬,
2026-08-16_札幌06R_3歳以上1勝クラス,202601010806,1000,ダ,良,晴,12,3歳以上1勝クラス,
2026-08-16_札幌07R_3歳未勝利,202601010807,2000,芝,良,晴,16,3歳未勝利,
2026-08-16_札幌08R_3歳以上1勝クラス,202601010808,1700,ダ,良,晴,11,3歳以上1勝クラス,
2026-08-16_札幌10R_大通公園特別,202601010810,1000,ダ,良,晴,12,大通公園特別,
2026-08-22_札幌01R_2歳未勝利,202601020101,1700,ダ,良,晴,12,2歳未勝利,
2026-08-22_札幌02R_2歳未勝利,202601020102,1800,芝,良,晴,6,2歳未勝利,
2026-08-22_札幌03R_3歳未勝利,202601020103,1700,ダ,良,晴,14,3歳未勝利,
2026-08-22_札幌04R_3歳未勝利,202601020104,2000,芝,良,晴,16,3歳未勝利,
2026-08-22_札幌05R_2歳新馬,202601020105,1500,芝,良,晴,14,2歳新馬,
2026-08-22_札幌06R_3歳未勝利,202601020106,2600,芝,良,晴,14,3歳未勝利,
2026-08-22_札幌07R_3歳以上1勝クラス,202601020107,1000,ダ,良,晴,12,3歳以上1勝クラス,
2026-08-22_札幌08R_3歳以上1勝クラス,202601020108,1700,ダ,良,晴,10,3歳以上1勝クラス,
2026-08-23_札幌01R_3歳未勝利,202601020201,1000,ダ,良,晴,12,3歳未勝利,
2026-08-23_札幌02R_2歳未勝利,202601020202,1500,芝,良,晴,12,2歳未勝利,
2026-08-23_札幌03R_3歳未勝利,202601020203,1700,ダ,良,晴,14,3歳未勝利,
2026-08-23_札幌04R_3歳未勝利,202601020204,1200,芝,良,晴,16,3歳未勝利,
2026-08-23_札幌05R_2歳新馬,202601020205,2000,芝,良,晴,7,2歳新馬,
2026-08-23_札幌06R_3歳以上1勝クラス,202601020206,1500,芝,良,晴,14,3歳以上1勝クラス,
2026-08-23_札幌07R_3歳以上1勝クラス,202601020207,2400,ダ,良,晴,11,3歳以上1勝クラス,
2026-08-23_札幌08R_3歳以上1勝クラス,202601020208,1800,芝,良,晴,11,3歳以上1勝クラス,
2026-08-29_札幌01R_3歳未勝利,202601020301,1700,ダ,稍,晴,14,3歳未勝利,
2026-08-29_札幌02R_2歳未勝利,202601020302,1500,芝,稍,晴,13,2歳未勝利,
2026-08-29_札幌03R_2歳未勝利,202601020303,1800,芝,稍,晴,11,2歳未勝利,
2026-08-29_札幌04R_3歳未勝利,202601020304,1000,ダ,稍,晴,12,3歳未勝利,
2026-08-29_札幌05R_2歳新馬,202601020305,1700,ダ,稍,晴,14,2歳新馬,
2026-08-29_札幌06R_3歳未勝利,202601020306,1500,芝,稍,晴,14,3歳未勝利,
2026-08-29_札幌07R_3歳以上1勝クラス,202601020307,1200,芝,稍,晴,16,3歳以上1勝クラス,
2026-08-29_札幌08R_3歳以上1勝クラス,202601020308,1700,ダ,稍,晴,11,3歳以上1勝クラス,
2026-08-29_札幌09R_3歳以上1勝クラス,202601020309,1800,芝,稍,晴,12,3歳以上1勝クラス,
2026-08-30_札幌01R_3歳未勝利,202601020401,1700,ダ,稍,晴,14,3歳未勝利,
2026-08-30_札幌02R_2歳未勝利,202601020402,1200,芝,良,晴,14,2歳未勝利,
2026-08-30_札幌03R_3歳未勝利,202601020403,1700,ダ,稍,曇,14,3歳未勝利,
2026-08-30_札幌04R_3歳未勝利,202601020404,2000,芝,良,曇,16,3歳未勝利,
2026-08-30_札幌05R_2歳新馬,202601020405,1800,芝,良,晴,8,2歳新馬,
2026-08-30_札幌06R_3歳以上1勝クラス,202601020406,1700,ダ,稍,晴,12,3歳以上1勝クラス,
2026-08-30_札幌07R_3歳以上1勝クラス,202601020407,1000,ダ,稍,晴,12,3歳以上1勝クラス,
2026-08-30_札幌08R_3歳以上1勝クラス,202601020408,1500,芝,良,晴,14,3歳以上1勝クラス,
2026-09-05_札幌01R_2歳未勝利,202601020501,1700,ダ,重,晴,12,2歳未勝利,
2026-09-05_札幌02R_2歳未勝利,202601020502,1200,芝,稍,晴,11,2歳未勝利,
2026-09-05_札幌03R_3歳未勝利,202601020503,1000,ダ,重,晴,12,3歳未勝利,
2026-09-05_札幌04R_3歳未勝利,202601020504,1700,ダ,重,晴,14,3歳未勝利,
2026-09-05_札幌05R_2歳新馬,202601020505,1500,芝,稍,晴,14,2歳新馬,
2026-09-05_札幌06R_3歳未勝利,202601020506,2000,芝,稍,晴,16,3歳未勝利,
2026-09-05_札幌07R_3歳以上1勝クラス,202601020507,1800,芝,稍,晴,12,3歳以上1勝クラス,
2026-09-05_札幌08R_3歳以上1勝クラス,202601020508,1700,ダ,稍,晴,13,3歳以上1勝クラス,
2026-09-05_札幌12R_3歳以上1勝クラス,202601020512,1700,ダ,稍,晴,13,3歳以上1勝クラス,
2026-09-06_札幌01R_3歳未勝利,202601020601,1700,ダ,稍,晴,13,3歳未勝利,
2026-09-06_札幌02R_2歳未勝利,202601020602,2000,芝,良,晴,10,2歳未勝利,
2026-09-06_札幌03R_3歳未勝利,202601020603,1700,ダ,稍,晴,14,3歳未勝利,
2026-09-06_札幌04R_3歳未勝利,202601020604,1200,芝,良,晴,16,3歳未勝利,
2026-09-06_札幌05R_3歳未勝利,202601020605,2000,芝,良,晴,16,3歳未勝利,
2026-09-06_札幌06R_3歳以上1勝クラス,202601020606,1000,ダ,稍,晴,12,3歳以上1勝クラス,
2026-09-06_札幌07R_3歳以上1勝クラス,202601020607,1200,芝,良,晴,16,3歳以上1勝クラス,
2026-09-06_札幌08R_3歳以上1勝クラス,202601020608,1500,芝,良,晴,14,3歳以上1勝クラス,
2026-09-06_札幌09R_旭川特別,202601020609,1700,ダ,良,晴,14,旭川特別,
2026-09-06_札幌10R_HTB賞,202601020610,1800,芝,良,晴,14,HTB賞,
2026-09-06_札幌11R_丹頂S,202601020611,2600,芝,良,晴,14,丹頂S,OP
2026-09-06_札幌12R_3歳以上1勝クラス,202601020612,1700,ダ,良,晴,12,3歳以上1勝クラス,
2026-06-13_函館01R_3歳未勝利,202602010101,1200,芝,稍,雨,16,3歳未勝利,
2026-06-13_函館02R_3歳未勝利,202602010102,1700,ダ,稍,雨,14,3歳未勝利,
2026-06-13_函館03R_3歳未勝利,202602010103,1000,ダ,稍,曇,12,3歳未勝利,
2026-06-13_函館04R_3歳未勝利,202602010104,2600,芝,稍,曇,15,3歳未勝利,
2026-06-13_函館05R_2歳新馬,202602010105,1200,芝,稍,晴,12,2歳新馬,
2026-06-13_函館06R_3歳未勝利,202602010106,1700,ダ,稍,晴,12,3歳未勝利,
2026-06-13_函館07R_3歳以上1勝クラス,202602010107,1200,芝,稍,晴,8,3歳以上1勝クラス,
2026-06-13_函館08R_3歳以上1勝クラス,202602010108,1000,ダ,稍,晴,12,3歳以上1勝クラス,
2026-06-14_函館01R_3歳未勝利,202602010201,1200,芝,良,晴,16,3歳未勝利,
2026-06-14_函館02R_3歳未勝利,202602010202,1700,ダ,良,晴,11,3歳未勝利,
2026-06-14_函館03R_3歳未勝利,202602010203,1000,ダ,良,晴,12,3歳未勝利,
2026-06-14_函館04R_3歳未勝利,202602010204,1800,芝,良,晴,16,3歳未勝利,
2026-06-14_函館05R_2歳新馬,202602010205,1000,芝,良,晴,8,2歳新馬,
2026-06-14_函館06R_3歳未勝利,202602010206,2000,芝,良,晴,16,3歳未勝利,
2026-06-14_函館07R_3歳以上1勝クラス,202602010207,1000,ダ,良,晴,12,3歳以上1勝クラス,
2026-06-14_函館08R_3歳以上1勝クラス,202602010208,1200,芝,良,晴,13,3歳以上1勝クラス,
2026-06-14_函館10R_津軽海峡特別,202602010210,1700,ダ,良,晴,12,津軽海峡特別,
2026-06-20_函館01R_3歳未勝利,202602010301,1200,芝,良,曇,16,3歳未勝利,
2026-06-20_函館02R_3歳未勝利,202602010302,1700,ダ,良,曇,14,3歳未勝利,
2026-06-20_函館03R_3歳未勝利,202602010303,2000,芝,良,曇,16,3歳未勝利,
2026-06-20_函館04R_3歳未勝利,202602010304,1700,ダ,良,曇,14,3歳未勝利,
2026-06-20_函館05R_2歳新馬,202602010305,1200,芝,良,晴,10,2歳新馬,
2026-06-20_函館06R_2歳新馬,202602010306,1000,ダ,良,晴,11,2歳新馬,
2026-06-20_函館07R_3歳未勝利,202602010307,1800,芝,良,晴,16,3歳未勝利,
2026-06-20_函館08R_3歳以上1勝クラス,202602010308,1000,ダ,良,晴,12,3歳以上1勝クラス,
2026-06-21_函館01R_3歳未勝利,202602010401,1200,芝,良,小雨,16,3歳未勝利,
2026-06-21_函館02R_3歳未勝利,202602010402,2400,ダ,良,小雨,11,3歳未勝利,
2026-06-21_函館03R_3歳未勝利,202602010403,1000,ダ,良,小雨,12,3歳未勝利,
2026-06-21_函館04R_3歳未勝利,202602010404,1800,芝,良,小雨,16,3歳未勝利,
2026-06-21_函館05R_2歳新馬,202602010405,1200,芝,良,小雨,10,2歳新馬,
2026-06-21_函館06R_3歳未勝利,202602010406,1700,ダ,良,小雨,13,3歳未勝利,
2026-06-21_函館07R_3歳以上1勝クラス,202602010407,1200,芝,良,小雨,11,3歳以上1勝クラス,
2026-06-21_函館08R_3歳以上1勝クラス,202602010408,1700,ダ,良,小雨,12,3歳以上1勝クラス,
2026-06-27_函館01R_3歳未勝利,202602010501,1200,芝,重,晴,16,3歳未勝利,
2026-06-27_函館02R_3歳未勝利,202602010502,1000,ダ,不,晴,12,3歳未勝利,
2026-06-27_函館03R_3歳未勝利,202602010503,1700,ダ,不,晴,12,3歳未勝利,
2026-06-27_函館04R_3歳未勝利,202602010504,1800,芝,稍,晴,16,3歳未勝利,
2026-06-27_函館05R_2歳新馬,202602010505,1200,芝,稍,晴,8,2歳新馬,
2026-06-27_函館06R_3歳未勝利,202602010506,1700,ダ,重,晴,11,3歳未勝利,
2026-06-27_函館07R_3歳以上1勝クラス,202602010507,2000,芝,稍,晴,11,3歳以上1勝クラス,
2026-06-27_函館08R_3歳以上1勝クラス,202602010508,1000,ダ,重,晴,11,3歳以上1勝クラス,
2026-06-28_函館01R_2歳未勝利,202602010601,1200,芝,良,晴,8,2歳未勝利,
2026-06-28_函館02R_3歳未勝利,202602010602,1700,ダ,稍,晴,14,3歳未勝利,
2026-06-28_函館03R_3歳未勝利,202602010603,1000,ダ,稍,晴,12,3歳未勝利,
2026-06-28_函館04R_3歳未勝利,202602010604,2600,芝,良,晴,16,3歳未勝利,
2026-06-28_函館05R_2歳新馬,202602010605,1200,芝,良,晴,6,2歳新馬,
2026-06-28_函館06R_3歳未勝利,202602010606,2000,芝,良,晴,16,3歳未勝利,
2026-06-28_函館07R_3歳以上1勝クラス,202602010607,1700,ダ,稍,晴,10,3歳以上1勝クラス,
2026-06-28_函館08R_3歳以上1勝クラス,202602010608,1200,芝,良,晴,13,3歳以上1勝クラス,
2026-07-04_函館01R_2歳未勝利,202602010701,1200,芝,良,晴,9,2歳未勝利,
2026-07-04_函館02R_3歳未勝利,202602010702,1800,芝,良,晴,16,3歳未勝利,
2026-07-04_函館03R_3歳未勝利,202602010703,1700,ダ,良,晴,12,3歳未勝利,
2026-07-04_函館04R_3歳未勝利,202602010704,1200,芝,良,晴,16,3歳未勝利,
2026-07-04_函館05R_2歳新馬,202602010705,1000,ダ,良,晴,5,2歳新馬,
2026-07-04_函館06R_3歳未勝利,202602010706,1700,ダ,良,晴,14,3歳未勝利,
2026-07-04_函館07R_3歳以上1勝クラス,202602010707,1200,芝,良,晴,10,3歳以上1勝クラス,
2026-07-04_函館08R_3歳以上1勝クラス,202602010708,2600,芝,良,晴,7,3歳以上1勝クラス,
2026-07-05_函館01R_2歳未勝利,202602010801,1200,芝,良,曇,9,2歳未勝利,
2026-07-05_函館02R_3歳未勝利,202602010802,1000,ダ,良,曇,12,3歳未勝利,
2026-07-05_函館03R_3歳未勝利,202602010803,1700,ダ,良,曇,14,3歳未勝利,
2026-07-05_函館04R_3歳未勝利,202602010804,1200,芝,良,曇,16,3歳未勝利,
2026-07-05_函館05R_2歳新馬,202602010805,1800,芝,良,曇,5,2歳新馬,
2026-07-05_函館06R_3歳未勝利,202602010806,2000,芝,良,曇,16,3歳未勝利,
2026-07-05_函館07R_3歳以上1勝クラス,202602010807,1000,ダ,良,曇,9,3歳以上1勝クラス,
2026-07-05_函館08R_3歳以上1勝クラス,202602010808,1700,ダ,良,曇,8,3歳以上1勝クラス,
2026-07-05_函館11R_大沼S,202602010811,1700,ダ,良,曇,11,大沼S,L
2026-07-11_函館01R_2歳未勝利,202602010901,1000,ダ,稍,小雨,11,2歳未勝利,
2026-07-11_函館02R_3歳未勝利,202602010902,1700,ダ,重,雨,14,3歳未勝利,
2026-07-11_函館03R_3歳未勝利,202602010903,1200,芝,稍,曇,16,3歳未勝利,
2026-07-11_函館04R_3歳未勝利,202602010904,1800,芝,稍,曇,14,3歳未勝利,
2026-07-11_函館05R_2歳新馬,202602010905,1200,芝,稍,曇,11,2歳新馬,
2026-07-11_函館06R_3歳未勝利,202602010906,1700,ダ,重,曇,11,3歳未勝利,
2026-07-11_函館07R_3歳以上1勝クラス,202602010907,1800,芝,稍,曇,14,3歳以上1勝クラス,
2026-07-11_函館08R_3歳以上1勝クラス,202602010908,1700,ダ,重,曇,12,3歳以上1勝クラス,
2026-07-11_函館12R_3歳以上1勝クラス,202602010912,1000,ダ,重,曇,8,3歳以上1勝クラス,
2026-07-12_函館01R_3歳未勝利,202602011001,1000,ダ,不,小雨,12,3歳未勝利,
2026-07-12_函館02R_3歳未勝利,202602011002,2000,芝,重,小雨,13,3歳未勝利,
2026-07-12_函館03R_3歳未勝利,202602011003,1700,ダ,不,曇,14,3歳未勝利,
2026-07-12_函館04R_3歳未勝利,202602011004,2600,芝,重,小雨,16,3歳未勝利,
2026-07-12_函館05R_2歳新馬,202602011005,1800,芝,重,小雨,10,2歳新馬,
2026-07-12_函館06R_3歳未勝利,202602011006,1200,芝,重,雨,16,3歳未勝利,
2026-07-12_函館07R_3歳以上1勝クラス,202602011007,1700,ダ,不,雨,9,3歳以上1勝クラス,
2026-07-12_函館08R_3歳以上1勝クラス,202602011008,2400,ダ,不,雨,11,3歳以上1勝クラス,
2026-07-18_函館01R_2歳未勝利,202602011101,1800,芝,良,曇,8,2歳未勝利,
2026-07-18_函館02R_3歳未勝利,202602011102,1000,ダ,良,曇,12,3歳未勝利,
2026-07-18_函館03R_3歳未勝利,202602011103,2400,ダ,良,曇,12,3歳未勝利,
2026-07-18_函館04R_3歳未勝利,202602011104,1200,芝,良,曇,16,3歳未勝利,
2026-07-18_函館05R_3歳未勝利,202602011105,1700,ダ,良,小雨,14,3歳未勝利,
2026-07-18_函館06R_3歳未勝利,202602011106,1800,芝,良,小雨,12,3歳未勝利,
2026-07-18_函館07R_3歳以上1勝クラス,202602011107,1700,ダ,良,小雨,14,3歳以上1勝クラス,
2026-07-18_函館08R_3歳以上1勝クラス,202602011108,2600,芝,良,曇,12,3歳以上1勝クラス,
2026-07-19_函館01R_2歳未勝利,202602011201,1200,芝,重,小雨,8,2歳未勝利,
2026-07-19_函館02R_3歳未勝利,202602011202,1000,ダ,不,小雨,10,3歳未勝利,
2026-07-19_函館03R_3歳未勝利,202602011203,1700,ダ,不,小雨,14,3歳未勝利,
2026-07-19_函館04R_3歳未勝利,202602011204,2000,芝,重,小雨,13,3歳未勝利,
2026-07-19_函館05R_2歳新馬,202602011205,1800,芝,重,曇,14,2歳新馬,
2026-07-19_函館06R_3歳未勝利,202602011206,1200,芝,重,曇,16,3歳未勝利,
2026-07-19_函館07R_3歳以上1勝クラス,202602011207,1700,ダ,不,曇,14,3歳以上1勝クラス,
2026-07-19_函館08R_3歳以上1勝クラス,202602011208,1000,ダ,不,曇,10,3歳以上1勝クラス,
2026-04-11_福島01R_3歳未勝利,202603010101,1700,ダ,良,晴,15,3歳未勝利,
2026-04-11_福島02R_3歳未勝利,202603010102,1200,芝,良,晴,16,3歳未勝利,
2026-04-11_福島03R_3歳未勝利,202603010103,1800,芝,良,晴,16,3歳未勝利,
2026-04-11_福島04R_3歳未勝利,202603010104,1150,ダ,良,晴,16,3歳未勝利,
2026-04-11_福島05R_3歳未勝利,202603010105,2000,芝,良,晴,16,3歳未勝利,
2026-04-11_福島06R_3歳未勝利,202603010106,2600,芝,良,晴,15,3歳未勝利,
2026-04-11_福島07R_4歳以上1勝クラス,202603010107,1700,ダ,良,晴,15,4歳以上1勝クラス,
2026-04-11_福島08R_4歳以上1勝クラス,202603010108,1150,ダ,良,晴,16,4歳以上1勝クラス,
2026-04-12_福島01R_3歳未勝利,202603010201,1700,ダ,良,晴,15,3歳未勝利,
2026-04-12_福島02R_3歳未勝利,202603010202,1200,芝,良,晴,16,3歳未勝利,
2026-04-12_福島03R_3歳未勝利,202603010203,1700,ダ,良,晴,15,3歳未勝利,
2026-04-12_福島04R_3歳未勝利,202603010204,1200,芝,良,晴,16,3歳未勝利,
2026-04-12_福島05R_3歳未勝利,202603010205,1800,芝,良,晴,16,3歳未勝利,
2026-04-12_福島06R_4歳以上1勝クラス,202603010206,2000,芝,良,晴,15,4歳以上1勝クラス,
2026-04-12_福島07R_4歳以上1勝クラス,202603010207,1700,ダ,良,晴,15,4歳以上1勝クラス,
2026-04-12_福島08R_4歳以上1勝クラス,202603010208,1200,芝,良,晴,16,4歳以上1勝クラス,
2026-04-18_福島01R_3歳未勝利,202603010301,1150,ダ,良,晴,16,3歳未勝利,
2026-04-18_福島02R_3歳未勝利,202603010302,2000,芝,良,晴,16,3歳未勝利,
2026-04-18_福島03R_3歳未勝利,202603010303,1200,芝,良,晴,16,3歳未勝利,
2026-04-18_福島04R_3歳未勝利,202603010304,1700,ダ,良,晴,15,3歳未勝利,
2026-04-18_福島05R_3歳未勝利,202603010305,1800,芝,良,晴,16,3歳未勝利,
2026-04-18_福島06R_3歳未勝利,202603010306,2600,芝,良,晴,15,3歳未勝利,
2026-04-18_福島07R_4歳以上1勝クラス,202603010307,1150,ダ,良,晴,15,4歳以上1勝クラス,
2026-04-18_福島08R_4歳以上1勝クラス,202603010308,1700,ダ,良,晴,15,4歳以上1勝クラス,
2026-04-19_福島01R_3歳未勝利,202603010401,1150,ダ,良,晴,16,3歳未勝利,
2026-04-19_福島02R_3歳未勝利,202603010402,1700,ダ,良,晴,15,3歳未勝利,
2026-04-19_福島03R_3歳未勝利,202603010403,2000,芝,良,晴,16,3歳未勝利,
2026-04-19_福島04R_3歳未勝利,202603010404,1700,ダ,良,晴,15,3歳未勝利,
2026-04-19_福島05R_3歳未勝利,202603010405,1200,芝,良,晴,16,3歳未勝利,
2026-04-19_福島06R_4歳以上1勝クラス,202603010406,1800,芝,良,晴,13,4歳以上1勝クラス,
2026-04-19_福島07R_4歳以上1勝クラス,202603010407,2000,芝,良,晴,10,4歳以上1勝クラス,
2026-04-19_福島08R_4歳以上1勝クラス,202603010408,1700,ダ,良,晴,15,4歳以上1勝クラス,
2026-04-25_福島01R_3歳未勝利,202603010501,1700,ダ,良,晴,15,3歳未勝利,
2026-04-25_福島02R_3歳未勝利,202603010502,1200,芝,良,晴,16,3歳未勝利,
2026-04-25_福島03R_3歳未勝利,202603010503,2000,芝,良,晴,16,3歳未勝利,
2026-04-25_福島04R_3歳未勝利,202603010504,1150,ダ,良,晴,16,3歳未勝利,
2026-04-25_福島05R_3歳未勝利,202603010505,2000,芝,良,晴,16,3歳未勝利,
2026-04-25_福島06R_3歳未勝利,202603010506,1700,ダ,良,晴,15,3歳未勝利,
2026-04-25_福島07R_4歳以上1勝クラス,202603010507,1200,芝,良,晴,12,4歳以上1勝クラス,
2026-04-25_福島08R_4歳以上1勝クラス,202603010508,1700,ダ,良,晴,15,4歳以上1勝クラス,
2026-04-26_福島01R_3歳未勝利,202603010601,1150,ダ,良,晴,16,3歳未勝利,
2026-04-26_福島02R_3歳未勝利,202603010602,1200,芝,良,晴,16,3歳未勝利,
2026-04-26_福島03R_3歳未勝利,202603010603,1700,ダ,良,晴,15,3歳未勝利,
2026-04-26_福島04R_3歳未勝利,202603010604,1200,芝,良,晴,16,3歳未勝利,
2026-04-26_福島05R_3歳未勝利,202603010605,1800,芝,良,晴,15,3歳未勝利,
2026-04-26_福島06R_4歳以上1勝クラス,202603010606,2600,芝,良,晴,13,4歳以上1勝クラス,
2026-04-26_福島07R_4歳以上1勝クラス,202603010607,1700,ダ,良,晴,15,4歳以上1勝クラス,
2026-04-26_福島08R_4歳以上1勝クラス,202603010608,1200,芝,良,晴,15,4歳以上1勝クラス,
2026-04-26_福島10R_尾瀬特別,202603010610,1700,ダ,良,晴,15,尾瀬特別,
2026-06-27_福島01R_3歳以上障害未勝利,202603020101,2750,障,稍,晴,14,3歳以上障害未勝利,
2026-06-27_福島02R_3歳未勝利,202603020102,1700,ダ,稍,晴,15,3歳未勝利,
2026-06-27_福島03R_3歳以上1勝クラス,202603020103,1700,ダ,稍,晴,15,3歳以上1勝クラス,
2026-06-27_福島04R_3歳以上障害OP,202603020104,2750,障,稍,晴,10,3歳以上障害OP,OP
2026-06-27_福島05R_2歳新馬,202603020105,1200,芝,良,晴,11,2歳新馬,
2026-06-27_福島06R_2歳新馬,202603020106,1150,ダ,稍,晴,10,2歳新馬,
2026-06-27_福島07R_3歳未勝利,202603020107,1800,芝,良,晴,16,3歳未勝利,
2026-06-27_福島08R_3歳未勝利,202603020108,2000,芝,良,晴,16,3歳未勝利,
2026-06-27_福島12R_3歳以上1勝クラス,202603020112,1200,芝,良,晴,16,3歳以上1勝クラス,
2026-06-28_福島01R_3歳以上障害未勝利,202603020201,2750,障,良,晴,14,3歳以上障害未勝利,
2026-06-28_福島02R_3歳未勝利,202603020202,1700,ダ,良,晴,15,3歳未勝利,
2026-06-28_福島03R_2歳未勝利,202603020203,1200,芝,良,晴,5,2歳未勝利,
2026-06-28_福島04R_2歳新馬,202603020204,1200,芝,良,晴,14,2歳新馬,
2026-06-28_福島05R_2歳新馬,202603020205,1800,芝,良,晴,14,2歳新馬,
2026-06-28_福島06R_3歳未勝利,202603020206,1150,ダ,良,晴,16,3歳未勝利,
2026-06-28_福島07R_3歳未勝利,202603020207,1200,芝,良,晴,16,3歳未勝利,
2026-06-28_福島08R_3歳以上1勝クラス,202603020208,2600,芝,良,晴,13,3歳以上1勝クラス,
2026-06-28_福島09R_松島特別,202603020209,2000,芝,良,晴,14,松島特別,
2026-07-04_福島01R_2歳未勝利,202603020301,1800,芝,稍,曇,8,2歳未勝利,
2026-07-04_福島02R_3歳未勝利,202603020302,2600,芝,稍,曇,16,3歳未勝利,
2026-07-04_福島03R_3歳未勝利,202603020303,1700,ダ,重,曇,15,3歳未勝利,
2026-07-04_福島04R_3歳未勝利,202603020304,1200,芝,稍,曇,16,3歳未勝利,
2026-07-04_福島05R_2歳新馬,202603020305,1800,芝,良,晴,14,2歳新馬,
2026-07-04_福島06R_2歳新馬,202603020306,1700,ダ,重,晴,15,2歳新馬,
2026-07-04_福島07R_3歳未勝利,202603020307,2000,芝,良,晴,16,3歳未勝利,
2026-07-04_福島08R_3歳以上1勝クラス,202603020308,1700,ダ,稍,晴,15,3歳以上1勝クラス,
2026-07-05_福島01R_3歳未勝利,202603020401,1700,ダ,良,晴,15,3歳未勝利,
2026-07-05_福島02R_3歳未勝利,202603020402,1200,芝,良,晴,16,3歳未勝利,
2026-07-05_福島03R_3歳未勝利,202603020403,1800,芝,良,晴,16,3歳未勝利,
2026-07-05_福島04R_3歳未勝利,202603020404,1150,ダ,良,晴,16,3歳未勝利,
2026-07-05_福島05R_2歳新馬,202603020405,2000,芝,良,晴,16,2歳新馬,
2026-07-05_福島06R_2歳新馬,202603020406,1200,芝,良,晴,13,2歳新馬,
2026-07-05_福島07R_3歳以上1勝クラス,202603020407,1700,ダ,良,晴,15,3歳以上1勝クラス,
2026-07-05_福島08R_3歳以上1勝クラス,202603020408,1800,芝,良,曇,12,3歳以上1勝クラス,
2026-07-11_福島01R_3歳以上障害OP,202603020501,3380,障,良,晴,11,3歳以上障害OP,OP
2026-07-11_福島02R_3歳未勝利,202603020502,1700,ダ,良,曇,15,3歳未勝利,
2026-07-11_福島03R_2歳未勝利,202603020503,1800,芝,良,曇,14,2歳未勝利,
2026-07-11_福島04R_3歳未勝利,202603020504,1700,ダ,良,曇,15,3歳未勝利,
2026-07-11_福島05R_2歳新馬,202603020505,1200,芝,良,曇,11,2歳新馬,
2026-07-11_福島06R_3歳未勝利,202603020506,1800,芝,良,曇,16,3歳未勝利,
2026-07-11_福島07R_3歳以上1勝クラス,202603020507,2000,芝,良,曇,11,3歳以上1勝クラス,
2026-07-11_福島08R_3歳以上1勝クラス,202603020508,1150,ダ,良,曇,16,3歳以上1勝クラス,
2026-07-11_福島12R_3歳以上1勝クラス,202603020512,1700,ダ,良,曇,15,3歳以上1勝クラス,
2026-07-12_福島01R_3歳以上障害未勝利,202603020601,2770,障,稍,小雨,14,3歳以上障害未勝利,
2026-07-12_福島02R_3歳未勝利,202603020602,1700,ダ,稍,小雨,15,3歳未勝利,
2026-07-12_福島03R_3歳未勝利,202603020603,2000,芝,稍,小雨,16,3歳未勝利,
2026-07-12_福島04R_2歳新馬,202603020604,1200,芝,稍,小雨,10,2歳新馬,
2026-07-12_福島05R_2歳新馬,202603020605,1800,芝,稍,小雨,16,2歳新馬,
2026-07-12_福島06R_3歳未勝利,202603020606,1150,ダ,稍,小雨,16,3歳未勝利,
2026-07-12_福島07R_3歳未勝利,202603020607,1200,芝,稍,曇,16,3歳未勝利,
2026-07-12_福島08R_3歳以上1勝クラス,202603020608,1200,芝,稍,曇,12,3歳以上1勝クラス,
2026-07-12_福島12R_彦星賞,202603020612,1150,ダ,稍,曇,16,彦星賞,
2026-07-18_福島01R_2歳未勝利,202603020701,1200,芝,良,曇,13,2歳未勝利,
2026-07-18_福島02R_2歳未勝利,202603020702,1800,芝,良,曇,9,2歳未勝利,
2026-07-18_福島03R_3歳未勝利,202603020703,1150,ダ,良,曇,16,3歳未勝利,
2026-07-18_福島04R_3歳未勝利,202603020704,1200,芝,良,曇,16,3歳未勝利,
2026-07-18_福島05R_2歳新馬,202603020705,1800,芝,良,曇,15,2歳新馬,
2026-07-18_福島06R_3歳未勝利,202603020706,1700,ダ,良,曇,15,3歳未勝利,
2026-07-18_福島07R_3歳未勝利,202603020707,2000,芝,良,曇,16,3歳未勝利,
2026-07-18_福島08R_3歳以上1勝クラス,202603020708,1200,芝,良,曇,16,3歳以上1勝クラス,
2026-07-19_福島01R_2歳未勝利,202603020801,1150,ダ,良,晴,10,2歳未勝利,
2026-07-19_福島02R_3歳未勝利,202603020802,2000,芝,良,晴,16,3歳未勝利,
2026-07-19_福島03R_3歳未勝利,202603020803,1800,芝,良,晴,16,3歳未勝利,
2026-07-19_福島04R_3歳未勝利,202603020804,1700,ダ,良,晴,15,3歳未勝利,
2026-07-19_福島05R_2歳新馬,202603020805,2000,芝,良,晴,13,2歳新馬,
2026-07-19_福島06R_2歳新馬,202603020806,1200,芝,良,晴,16,2歳新馬,
2026-07-19_福島07R_3歳未勝利,202603020807,1700,ダ,良,晴,15,3歳未勝利,
2026-07-19_福島08R_3歳以上1勝クラス,202603020808,1800,芝,良,晴,16,3歳以上1勝クラス,
2026-05-02_新潟01R_4歳以上障害未勝利,202604010101,2890,障,重,晴,14,4歳以上障害未勝利,
2026-05-02_新潟02R_3歳未勝利,202604010102,1800,ダ,不,晴,15,3歳未勝利,
2026-05-02_新潟03R_3歳未勝利,202604010103,1200,ダ,不,晴,15,3歳未勝利,
2026-05-02_新潟04R_4歳以上障害OP,202604010104,2890,障,重,晴,11,4歳以上障害OP,OP
2026-05-02_新潟05R_3歳未勝利,202604010105,1400,芝,稍,晴,16,3歳未勝利,
2026-05-02_新潟06R_3歳未勝利,202604010106,2200,芝,稍,晴,14,3歳未勝利,
2026-05-02_新潟07R_4歳以上1勝クラス,202604010107,1800,ダ,重,晴,15,4歳以上1勝クラス,
2026-05-02_新潟08R_4歳以上1勝クラス,202604010108,1600,芝,稍,晴,13,4歳以上1勝クラス,
2026-05-03_新潟01R_3歳未勝利,202604010201,2000,芝,稍,晴,16,3歳未勝利,
2026-05-03_新潟02R_3歳未勝利,202604010202,1200,ダ,稍,晴,15,3歳未勝利,
2026-05-03_新潟03R_3歳未勝利,202604010203,1800,ダ,稍,晴,14,3歳未勝利,
2026-05-03_新潟04R_4歳以上障害未勝利,202604010204,2890,障,良,晴,14,4歳以上障害未勝利,
2026-05-03_新潟05R_3歳未勝利,202604010205,1800,芝,良,晴,14,3歳未勝利,
2026-05-03_新潟06R_4歳以上1勝クラス,202604010206,1800,ダ,稍,晴,13,4歳以上1勝クラス,
2026-05-03_新潟07R_4歳以上1勝クラス,202604010207,1400,芝,良,曇,16,4歳以上1勝クラス,
2026-05-03_新潟08R_4歳以上1勝クラス,202604010208,1800,芝,良,曇,12,4歳以上1勝クラス,
2026-05-03_新潟09R_咲花特別,202604010209,1800,ダ,稍,曇,12,咲花特別,
2026-05-09_新潟01R_4歳以上障害未勝利,202604010301,2890,障,稍,晴,13,4歳以上障害未勝利,
2026-05-09_新潟02R_3歳未勝利,202604010302,1800,ダ,稍,晴,10,3歳未勝利,
2026-05-09_新潟03R_3歳未勝利,202604010303,1200,ダ,稍,晴,15,3歳未勝利,
2026-05-09_新潟04R_4歳以上障害OP,202604010304,2890,障,稍,晴,11,4歳以上障害OP,OP
2026-05-09_新潟05R_3歳未勝利,202604010305,1200,芝,良,晴,16,3歳未勝利,
2026-05-09_新潟06R_3歳未勝利,202604010306,2000,芝,良,晴,16,3歳未勝利,
2026-05-09_新潟07R_4歳以上1勝クラス,202604010307,1200,ダ,稍,晴,15,4歳以上1勝クラス,
2026-05-09_新潟08R_4歳以上1勝クラス,202604010308,1800,ダ,稍,晴,15,4歳以上1勝クラス,
2026-05-10_新潟01R_3歳未勝利,202604010401,1800,ダ,良,晴,15,3歳未勝利,
2026-05-10_新潟02R_3歳未勝利,202604010402,1200,ダ,良,晴,15,3歳未勝利,
2026-05-10_新潟03R_3歳未勝利,202604010403,1800,ダ,良,晴,15,3歳未勝利,
2026-05-10_新潟04R_4歳以上障害未勝利,202604010404,2890,障,良,晴,12,4歳以上障害未勝利,
2026-05-10_新潟05R_3歳未勝利,202604010405,1800,芝,良,晴,16,3歳未勝利,
2026-05-10_新潟06R_3歳未勝利,202604010406,1000,芝,良,晴,16,3歳未勝利,
2026-05-10_新潟07R_4歳以上1勝クラス,202604010407,1200,ダ,良,晴,15,4歳以上1勝クラス,
2026-05-10_新潟08R_4歳以上1勝クラス,202604010408,1200,ダ,良,晴,15,4歳以上1勝クラス,
2026-05-10_新潟11R_谷川岳S,202604010411,1400,芝,良,晴,14,谷川岳S,L
2026-05-16_新潟01R_3歳未勝利,202604010501,1800,ダ,良,晴,15,3歳未勝利,
2026-05-16_新潟02R_3歳未勝利,202604010502,1200,ダ,良,晴,15,3歳未勝利,
2026-05-16_新潟03R_3歳未勝利,202604010503,1600,芝,良,晴,16,3歳未勝利,
2026-05-16_新潟04R_3歳未勝利,202604010504,1800,ダ,良,晴,11,3歳未勝利,
2026-05-16_新潟05R_3歳未勝利,202604010505,1800,芝,良,晴,16,3歳未勝利,
2026-05-16_新潟06R_3歳未勝利,202604010506,1000,芝,良,晴,16,3歳未勝利,
2026-05-16_新潟07R_4歳以上1勝クラス,202604010507,1200,ダ,良,晴,13,4歳以上1勝クラス,
2026-05-16_新潟08R_4歳以上1勝クラス,202604010508,1800,ダ,良,晴,9,4歳以上1勝クラス,
2026-05-17_新潟01R_4歳以上障害未勝利,202604010601,2890,障,良,晴,14,4歳以上障害未勝利,
2026-05-17_新潟02R_3歳未勝利,202604010602,1800,ダ,良,晴,9,3歳未勝利,
2026-05-17_新潟03R_3歳未勝利,202604010603,1200,ダ,良,晴,15,3歳未勝利,
2026-05-17_新潟04R_4歳以上障害未勝利,202604010604,2890,障,良,晴,14,4歳以上障害未勝利,
2026-05-17_新潟05R_3歳未勝利,202604010605,2000,芝,良,晴,16,3歳未勝利,
2026-05-17_新潟06R_3歳未勝利,202604010606,1800,ダ,良,晴,13,3歳未勝利,
2026-05-17_新潟07R_4歳以上1勝クラス,202604010607,2000,芝,良,晴,13,4歳以上1勝クラス,
2026-05-17_新潟08R_4歳以上1勝クラス,202604010608,1800,ダ,良,晴,10,4歳以上1勝クラス,
2026-05-23_新潟01R_4歳以上障害未勝利,202604010701,2890,障,稍,晴,14,4歳以上障害未勝利,
2026-05-23_新潟02R_3歳未勝利,202604010702,1800,ダ,稍,晴,15,3歳未勝利,
2026-05-23_新潟03R_3歳未勝利,202604010703,1200,ダ,稍,晴,15,3歳未勝利,
2026-05-23_新潟04R_4歳以上障害OP,202604010704,3290,障,稍,晴,13,4歳以上障害OP,OP
2026-05-23_新潟05R_3歳未勝利,202604010705,1400,芝,稍,晴,16,3歳未勝利,
2026-05-23_新潟06R_3歳未勝利,202604010706,1800,ダ,稍,晴,15,3歳未勝利,
2026-05-23_新潟07R_3歳未勝利,202604010707,2400,芝,稍,晴,16,3歳未勝利,
2026-05-23_新潟08R_4歳以上1勝クラス,202604010708,1800,ダ,稍,晴,15,4歳以上1勝クラス,
2026-05-24_新潟01R_3歳未勝利,202604010801,1200,芝,稍,小雨,16,3歳未勝利,
2026-05-24_新潟02R_3歳未勝利,202604010802,1200,ダ,稍,曇,15,3歳未勝利,
2026-05-24_新潟03R_3歳未勝利,202604010803,1800,ダ,稍,曇,10,3歳未勝利,
2026-05-24_新潟04R_4歳以上障害未勝利,202604010804,2890,障,稍,曇,13,4歳以上障害未勝利,
2026-05-24_新潟05R_3歳未勝利,202604010805,2000,芝,稍,曇,16,3歳未勝利,
2026-05-24_新潟06R_3歳未勝利,202604010806,1800,ダ,稍,曇,12,3歳未勝利,
2026-05-24_新潟07R_4歳以上1勝クラス,202604010807,1200,ダ,稍,曇,15,4歳以上1勝クラス,
2026-05-24_新潟08R_4歳以上1勝クラス,202604010808,1200,芝,稍,曇,16,4歳以上1勝クラス,
2026-07-25_新潟01R_2歳未勝利,202604020101,1800,芝,良,曇,10,2歳未勝利,
2026-07-25_新潟02R_2歳新馬,202604020102,1200,ダ,稍,曇,14,2歳新馬,
2026-07-25_新潟03R_2歳新馬,202604020103,1600,芝,良,曇,8,2歳新馬,
2026-07-25_新潟04R_3歳未勝利,202604020104,1200,ダ,稍,曇,15,3歳未勝利,
2026-07-25_新潟05R_3歳以上1勝クラス,202604020105,1800,芝,良,曇,11,3歳以上1勝クラス,
2026-07-25_新潟10R_3歳未勝利,202604020110,1800,ダ,稍,曇,15,3歳未勝利,
2026-07-26_新潟01R_2歳未勝利,202604020201,1400,芝,良,小雨,11,2歳未勝利,
2026-07-26_新潟02R_2歳新馬,202604020202,1600,芝,良,小雨,9,2歳新馬,
2026-07-26_新潟03R_3歳未勝利,202604020203,1200,ダ,重,雨,15,3歳未勝利,
2026-07-26_新潟04R_3歳未勝利,202604020204,1600,芝,稍,雨,18,3歳未勝利,
2026-07-26_新潟05R_3歳以上1勝クラス,202604020205,1200,ダ,重,雨,15,3歳以上1勝クラス,
2026-08-01_新潟01R_2歳未勝利,202604020301,1000,芝,良,曇,11,2歳未勝利,
2026-08-01_新潟02R_2歳新馬,202604020302,1800,芝,良,曇,8,2歳新馬,
2026-08-01_新潟03R_2歳新馬,202604020303,1400,芝,良,曇,18,2歳新馬,
2026-08-01_新潟04R_3歳未勝利,202604020304,1800,ダ,稍,曇,15,3歳未勝利,
2026-08-01_新潟05R_3歳未勝利,202604020305,1200,ダ,稍,曇,15,3歳未勝利,
2026-08-02_新潟01R_2歳未勝利,202604020401,1600,芝,良,曇,12,2歳未勝利,
2026-08-02_新潟02R_2歳新馬,202604020402,1800,ダ,良,曇,12,2歳新馬,
2026-08-02_新潟03R_2歳新馬,202604020403,1600,芝,良,曇,13,2歳新馬,
2026-08-02_新潟04R_3歳未勝利,202604020404,1800,ダ,良,曇,15,3歳未勝利,
2026-08-02_新潟05R_3歳未勝利,202604020405,1800,芝,良,曇,18,3歳未勝利,
2026-08-08_新潟01R_2歳未勝利,202604020501,1400,芝,良,晴,13,2歳未勝利,
2026-08-08_新潟02R_2歳新馬,202604020502,1200,ダ,良,晴,10,2歳新馬,
2026-08-08_新潟03R_2歳新馬,202604020503,1800,芝,良,晴,12,2歳新馬,
2026-08-08_新潟04R_3歳未勝利,202604020504,1200,ダ,良,晴,15,3歳未勝利,
2026-08-08_新潟05R_3歳未勝利,202604020505,1800,ダ,良,晴,15,3歳未勝利,
2026-08-08_新潟10R_3歳以上1勝クラス,202604020510,1600,芝,良,晴,13,3歳以上1勝クラス,
2026-08-09_新潟01R_2歳未勝利,202604020601,2000,芝,良,曇,16,2歳未勝利,
2026-08-09_新潟02R_2歳新馬,202604020602,1200,芝,良,曇,11,2歳新馬,
2026-08-09_新潟03R_3歳未勝利,202604020603,1200,ダ,良,曇,15,3歳未勝利,
2026-08-09_新潟04R_3歳未勝利,202604020604,1800,ダ,良,曇,15,3歳未勝利,
2026-08-09_新潟05R_3歳以上1勝クラス,202604020605,1200,ダ,良,曇,15,3歳以上1勝クラス,
2026-08-15_新潟01R_2歳未勝利,202604020701,1800,芝,良,晴,9,2歳未勝利,
2026-08-15_新潟02R_2歳新馬,202604020702,1400,芝,良,晴,15,2歳新馬,
2026-08-15_新潟03R_2歳新馬,202604020703,1800,芝,良,晴,12,2歳新馬,
2026-08-15_新潟04R_3歳未勝利,202604020704,1200,ダ,良,晴,15,3歳未勝利,
2026-08-15_新潟05R_3歳以上1勝クラス,202604020705,1400,芝,良,晴,18,3歳以上1勝クラス,
2026-08-15_新潟11R_3歳未勝利,202604020711,1000,芝,良,晴,18,3歳未勝利,
2026-08-16_新潟01R_2歳未勝利,202604020801,1600,芝,良,晴,13,2歳未勝利,
2026-08-16_新潟02R_3歳未勝利,202604020802,2400,芝,良,晴,17,3歳未勝利,
2026-08-16_新潟03R_2歳未勝利,202604020803,1200,ダ,良,晴,15,2歳未勝利,
2026-08-16_新潟04R_2歳新馬,202604020804,1600,芝,良,晴,13,2歳新馬,
2026-08-16_新潟05R_3歳以上1勝クラス,202604020805,1800,芝,良,晴,12,3歳以上1勝クラス,
2026-08-22_新潟01R_2歳未勝利,202604030101,1800,芝,良,曇,7,2歳未勝利,
2026-08-22_新潟02R_2歳未勝利,202604030102,1800,ダ,良,晴,12,2歳未勝利,
2026-08-22_新潟03R_2歳新馬,202604030103,1600,芝,良,晴,13,2歳新馬,
2026-08-22_新潟04R_3歳未勝利,202604030104,1800,ダ,良,晴,15,3歳未勝利,
2026-08-22_新潟05R_3歳未勝利,202604030105,1600,芝,良,晴,18,3歳未勝利,
2026-08-22_新潟11R_3歳未勝利,202604030111,2000,芝,良,晴,12,3歳未勝利,
2026-08-23_新潟01R_2歳未勝利,202604030201,1400,芝,良,曇,12,2歳未勝利,
2026-08-23_新潟02R_2歳新馬,202604030202,2000,芝,良,曇,11,2歳新馬,
2026-08-23_新潟03R_2歳新馬,202604030203,1600,芝,良,曇,12,2歳新馬,
2026-08-23_新潟04R_3歳未勝利,202604030204,1200,ダ,良,曇,15,3歳未勝利,
2026-08-23_新潟05R_3歳未勝利,202604030205,1800,芝,良,曇,18,3歳未勝利,
2026-08-29_新潟01R_3歳以上障害未勝利,202604030301,2850,障,良,小雨,12,3歳以上障害未勝利,
2026-08-29_新潟02R_3歳未勝利,202604030302,1800,ダ,稍,小雨,15,3歳未勝利,
2026-08-29_新潟03R_2歳未勝利,202604030303,1600,芝,良,小雨,11,2歳未勝利,
2026-08-29_新潟04R_2歳新馬,202604030304,1400,芝,良,小雨,18,2歳新馬,
2026-08-29_新潟05R_3歳未勝利,202604030305,2200,芝,稍,小雨,18,3歳未勝利,
2026-08-30_新潟01R_3歳以上障害未勝利,202604030401,2850,障,良,曇,13,3歳以上障害未勝利,
2026-08-30_新潟02R_2歳新馬,202604030402,1800,ダ,良,晴,13,2歳新馬,
2026-08-30_新潟03R_2歳未勝利,202604030403,2000,芝,良,曇,8,2歳未勝利,
2026-08-30_新潟04R_2歳新馬,202604030404,1800,芝,良,曇,11,2歳新馬,
2026-08-30_新潟05R_3歳未勝利,202604030405,1400,芝,良,曇,18,3歳未勝利,
2026-01-31_東京01R_3歳未勝利,202605010101,1400,ダ,良,晴,16,3歳未勝利,
2026-01-31_東京02R_4歳以上1勝クラス,202605010102,2100,ダ,良,晴,16,4歳以上1勝クラス,
2026-01-31_東京03R_3歳未勝利,202605010103,1600,ダ,良,晴,15,3歳未勝利,
2026-01-31_東京04R_3歳新馬,202605010104,1400,ダ,良,晴,16,3歳新馬,
2026-01-31_東京05R_3歳新馬,202605010105,1800,芝,良,晴,16,3歳新馬,
2026-01-31_東京06R_3歳未勝利,202605010106,1600,芝,良,晴,16,3歳未勝利,
2026-01-31_東京07R_3歳1勝クラス,202605010107,1600,ダ,良,晴,16,3歳1勝クラス,
2026-01-31_東京08R_4歳以上2勝クラス,202605010108,1400,ダ,良,晴,16,4歳以上2勝クラス,
2026-02-01_東京01R_3歳未勝利,202605010201,1400,ダ,良,晴,16,3歳未勝利,
2026-02-01_東京02R_3歳未勝利,202605010202,2100,ダ,良,晴,13,3歳未勝利,
2026-02-01_東京03R_3歳未勝利,202605010203,1600,ダ,良,晴,16,3歳未勝利,
2026-02-01_東京04R_4歳以上1勝クラス,202605010204,1400,ダ,良,晴,16,4歳以上1勝クラス,
2026-02-01_東京05R_3歳新馬,202605010205,1600,芝,良,晴,16,3歳新馬,
2026-02-01_東京06R_4歳以上1勝クラス,202605010206,1600,ダ,良,晴,15,4歳以上1勝クラス,
2026-02-01_東京07R_4歳以上2勝クラス,202605010207,2000,芝,良,晴,9,4歳以上2勝クラス,
2026-02-01_東京08R_4歳以上2勝クラス,202605010208,2100,ダ,良,晴,11,4歳以上2勝クラス,
2026-02-07_東京01R_3歳未勝利,202605010301,1400,ダ,良,曇,16,3歳未勝利,
2026-02-07_東京02R_3歳未勝利,202605010302,1300,ダ,良,曇,16,3歳未勝利,
2026-02-07_東京03R_3歳未勝利,202605010303,1600,ダ,良,曇,16,3歳未勝利,
2026-02-07_東京04R_4歳以上1勝クラス,202605010304,1600,ダ,良,小雪,13,4歳以上1勝クラス,
2026-02-07_東京05R_3歳新馬,202605010305,1800,芝,良,小雪,16,3歳新馬,
2026-02-07_東京06R_3歳未勝利,202605010306,1600,芝,良,雪,16,3歳未勝利,
2026-02-07_東京07R_3歳1勝クラス,202605010307,1400,ダ,良,雪,14,3歳1勝クラス,
2026-02-10_東京01R_3歳未勝利,202605010401,1400,ダ,稍,晴,16,3歳未勝利,
2026-02-10_東京02R_3歳未勝利,202605010402,2100,ダ,稍,晴,13,3歳未勝利,
2026-02-10_東京03R_3歳未勝利,202605010403,1600,ダ,稍,晴,16,3歳未勝利,
2026-02-10_東京04R_3歳新馬,202605010404,1600,ダ,稍,晴,16,3歳新馬,
2026-02-10_東京05R_3歳新馬,202605010405,1600,芝,良,晴,16,3歳新馬,
2026-02-10_東京06R_3歳未勝利,202605010406,2400,芝,良,晴,18,3歳未勝利,
2026-02-10_東京07R_4歳以上2勝クラス,202605010407,1800,芝,良,晴,9,4歳以上2勝クラス,
2026-02-10_東京08R_4歳以上2勝クラス,202605010408,1300,ダ,稍,晴,16,4歳以上2勝クラス,
2026-02-10_東京12R_4歳以上1勝クラス,202605010412,1300,ダ,稍,曇,16,4歳以上1勝クラス,
2026-02-14_東京01R_3歳未勝利,202605010501,1400,ダ,良,晴,16,3歳未勝利,
2026-02-14_東京02R_4歳以上1勝クラス,202605010502,2100,ダ,良,晴,16,4歳以上1勝クラス,
2026-02-14_東京03R_3歳未勝利,202605010503,1600,ダ,良,晴,16,3歳未勝利,
2026-02-14_東京04R_3歳新馬,202605010504,1400,ダ,良,晴,16,3歳新馬,
2026-02-14_東京05R_3歳未勝利,202605010505,1400,芝,良,晴,16,3歳未勝利,
2026-02-14_東京06R_3歳未勝利,202605010506,1800,芝,良,晴,16,3歳未勝利,
2026-02-14_東京07R_3歳1勝クラス,202605010507,1400,芝,良,晴,16,3歳1勝クラス,
2026-02-14_東京08R_4歳以上2勝クラス,202605010508,1600,ダ,良,晴,16,4歳以上2勝クラス,
2026-02-14_東京12R_4歳以上1勝クラス,202605010512,1600,芝,良,晴,16,4歳以上1勝クラス,
2026-02-15_東京01R_3歳未勝利,202605010601,1300,ダ,良,晴,16,3歳未勝利,
2026-02-15_東京02R_3歳未勝利,202605010602,2100,ダ,良,晴,13,3歳未勝利,
2026-02-15_東京03R_3歳新馬,202605010603,1600,ダ,良,晴,16,3歳新馬,
2026-02-15_東京04R_3歳1勝クラス,202605010604,1600,ダ,良,晴,13,3歳1勝クラス,
2026-02-15_東京05R_3歳未勝利,202605010605,1800,芝,良,晴,16,3歳未勝利,
2026-02-15_東京06R_4歳以上1勝クラス,202605010606,2400,芝,良,晴,14,4歳以上1勝クラス,
2026-02-15_東京07R_4歳以上1勝クラス,202605010607,1400,ダ,良,晴,16,4歳以上1勝クラス,
2026-02-15_東京08R_4歳以上2勝クラス,202605010608,1600,芝,良,晴,14,4歳以上2勝クラス,
2026-02-21_東京01R_3歳未勝利,202605010701,1400,ダ,良,晴,16,3歳未勝利,
2026-02-21_東京02R_3歳1勝クラス,202605010702,1400,ダ,良,晴,16,3歳1勝クラス,
2026-02-21_東京03R_3歳未勝利,202605010703,1600,ダ,良,晴,16,3歳未勝利,
2026-02-21_東京04R_3歳新馬,202605010704,1600,ダ,良,晴,16,3歳新馬,
2026-02-21_東京05R_3歳未勝利,202605010705,2400,芝,良,晴,14,3歳未勝利,
2026-02-21_東京06R_3歳未勝利,202605010706,1600,芝,良,晴,16,3歳未勝利,
2026-02-21_東京07R_4歳以上1勝クラス,202605010707,1400,ダ,良,晴,16,4歳以上1勝クラス,
2026-02-21_東京08R_4歳以上2勝クラス,202605010708,1800,芝,良,晴,12,4歳以上2勝クラス,
2026-02-21_東京09R_フリージア賞,202605010709,2000,芝,良,晴,7,フリージア賞,
2026-02-21_東京10R_金蹄S,202605010710,2100,ダ,良,晴,16,金蹄S,
2026-02-21_東京12R_4歳以上1勝クラス,202605010712,1600,ダ,良,晴,16,4歳以上1勝クラス,
2026-02-22_東京01R_3歳未勝利,202605010801,1400,ダ,良,晴,16,3歳未勝利,
2026-02-22_東京02R_3歳未勝利,202605010802,2100,ダ,良,晴,13,3歳未勝利,
2026-02-22_東京03R_3歳新馬,202605010803,1400,ダ,良,晴,16,3歳新馬,
2026-02-22_東京04R_3歳未勝利,202605010804,1800,芝,良,晴,16,3歳未勝利,
2026-02-22_東京05R_3歳1勝クラス,202605010805,1600,芝,良,晴,12,3歳1勝クラス,
2026-02-22_東京06R_4歳以上1勝クラス,202605010806,1800,芝,良,晴,16,4歳以上1勝クラス,
2026-02-22_東京07R_4歳以上2勝クラス,202605010807,2100,ダ,良,晴,16,4歳以上2勝クラス,
2026-02-22_東京08R_4歳以上2勝クラス,202605010808,1400,芝,良,晴,16,4歳以上2勝クラス,
2026-04-25_東京01R_3歳未勝利,202605020101,1600,ダ,稍,曇,14,3歳未勝利,
2026-04-25_東京02R_3歳未勝利,202605020102,1400,ダ,稍,曇,16,3歳未勝利,
2026-04-25_東京03R_3歳未勝利,202605020103,2100,ダ,稍,曇,13,3歳未勝利,
2026-04-25_東京04R_3歳未勝利,202605020104,1800,芝,良,曇,15,3歳未勝利,
2026-04-25_東京05R_3歳未勝利,202605020105,1400,芝,良,晴,18,3歳未勝利,
2026-04-25_東京06R_3歳1勝クラス,202605020106,1600,ダ,稍,晴,16,3歳1勝クラス,
2026-04-25_東京07R_4歳以上1勝クラス,202605020107,1400,ダ,稍,晴,16,4歳以上1勝クラス,
2026-04-25_東京08R_4歳以上1勝クラス,202605020108,1600,芝,良,晴,8,4歳以上1勝クラス,
2026-04-26_東京01R_3歳未勝利,202605020201,1400,ダ,稍,晴,16,3歳未勝利,
2026-04-26_東京02R_3歳未勝利,202605020202,1600,ダ,稍,晴,14,3歳未勝利,
2026-04-26_東京03R_3歳未勝利,202605020203,1300,ダ,稍,晴,16,3歳未勝利,
2026-04-26_東京04R_3歳未勝利,202605020204,2400,芝,良,晴,10,3歳未勝利,
2026-04-26_東京05R_3歳未勝利,202605020205,1800,芝,良,晴,18,3歳未勝利,
2026-04-26_東京06R_3歳1勝クラス,202605020206,1600,芝,良,晴,8,3歳1勝クラス,
2026-04-26_東京07R_4歳以上1勝クラス,202605020207,1600,ダ,稍,晴,16,4歳以上1勝クラス,
2026-04-26_東京08R_4歳以上2勝クラス,202605020208,1400,芝,良,晴,11,4歳以上2勝クラス,
2026-05-02_東京01R_3歳未勝利,202605020301,1400,ダ,重,晴,16,3歳未勝利,
2026-05-02_東京02R_3歳未勝利,202605020302,1600,ダ,重,晴,14,3歳未勝利,
2026-05-02_東京03R_3歳未勝利,202605020303,2100,ダ,重,晴,9,3歳未勝利,
2026-05-02_東京04R_3歳未勝利,202605020304,2000,芝,良,晴,10,3歳未勝利,
2026-05-02_東京05R_3歳1勝クラス,202605020305,1400,芝,良,晴,18,3歳1勝クラス,
2026-05-02_東京06R_4歳以上1勝クラス,202605020306,2000,芝,良,晴,7,4歳以上1勝クラス,
2026-05-02_東京07R_4歳以上1勝クラス,202605020307,1400,ダ,重,晴,16,4歳以上1勝クラス,
2026-05-02_東京08R_4歳以上2勝クラス,202605020308,2400,芝,良,晴,10,4歳以上2勝クラス,
2026-05-03_東京01R_3歳未勝利,202605020401,1600,ダ,稍,曇,15,3歳未勝利,
2026-05-03_東京02R_3歳未勝利,202605020402,1400,ダ,稍,曇,16,3歳未勝利,
2026-05-03_東京03R_3歳未勝利,202605020403,1600,ダ,稍,曇,12,3歳未勝利,
2026-05-03_東京04R_3歳未勝利,202605020404,1600,芝,良,曇,18,3歳未勝利,
2026-05-03_東京05R_3歳未勝利,202605020405,1800,芝,良,曇,15,3歳未勝利,
2026-05-03_東京06R_3歳1勝クラス,202605020406,1400,ダ,稍,晴,16,3歳1勝クラス,
2026-05-03_東京07R_4歳以上1勝クラス,202605020407,1600,ダ,稍,晴,15,4歳以上1勝クラス,
2026-05-03_東京08R_4歳以上2勝クラス,202605020408,1600,芝,良,晴,9,4歳以上2勝クラス,
2026-05-09_東京01R_3歳未勝利,202605020501,1300,ダ,良,晴,16,3歳未勝利,
2026-05-09_東京02R_3歳未勝利,202605020502,2100,ダ,良,晴,11,3歳未勝利,
2026-05-09_東京03R_3歳未勝利,202605020503,1600,ダ,良,晴,16,3歳未勝利,
2026-05-09_東京04R_3歳未勝利,202605020504,2400,芝,良,晴,12,3歳未勝利,
2026-05-09_東京05R_3歳未勝利,202605020505,1400,芝,良,晴,18,3歳未勝利,
2026-05-09_東京06R_3歳1勝クラス,202605020506,1800,芝,良,晴,12,3歳1勝クラス,
2026-05-09_東京07R_4歳以上1勝クラス,202605020507,2100,ダ,良,晴,14,4歳以上1勝クラス,
2026-05-09_東京08R_4歳以上2勝クラス,202605020508,2000,芝,良,晴,8,4歳以上2勝クラス,
2026-05-10_東京01R_3歳未勝利,202605020601,1600,ダ,良,晴,16,3歳未勝利,
2026-05-10_東京02R_3歳未勝利,202605020602,1400,ダ,良,晴,16,3歳未勝利,
2026-05-10_東京03R_3歳未勝利,202605020603,1600,芝,良,晴,18,3歳未勝利,
2026-05-10_東京04R_3歳未勝利,202605020604,2000,芝,良,晴,14,3歳未勝利,
2026-05-10_東京05R_3歳1勝クラス,202605020605,2100,ダ,良,晴,16,3歳1勝クラス,
2026-05-10_東京06R_4歳以上1勝クラス,202605020606,1400,芝,良,晴,11,4歳以上1勝クラス,
2026-05-10_東京07R_4歳以上1勝クラス,202605020607,1300,ダ,良,晴,16,4歳以上1勝クラス,
2026-05-10_東京08R_4歳以上2勝クラス,202605020608,1400,芝,良,晴,11,4歳以上2勝クラス,
2026-05-16_東京01R_3歳未勝利,202605020701,1400,ダ,良,晴,16,3歳未勝利,
2026-05-16_東京02R_3歳未勝利,202605020702,1600,ダ,良,晴,16,3歳未勝利,
2026-05-16_東京03R_3歳未勝利,202605020703,1300,ダ,良,晴,16,3歳未勝利,
2026-05-16_東京04R_3歳未勝利,202605020704,2000,芝,良,晴,13,3歳未勝利,
2026-05-16_東京05R_3歳未勝利,202605020705,1400,芝,良,晴,18,3歳未勝利,
2026-05-16_東京06R_3歳1勝クラス,202605020706,2400,芝,良,晴,8,3歳1勝クラス,
2026-05-16_東京07R_3歳1勝クラス,202605020707,1400,ダ,良,晴,16,3歳1勝クラス,
2026-05-16_東京08R_4歳以上1勝クラス,202605020708,1600,ダ,良,晴,16,4歳以上1勝クラス,
2026-05-17_東京01R_3歳未勝利,202605020801,1600,ダ,良,晴,16,3歳未勝利,
2026-05-17_東京02R_3歳未勝利,202605020802,1400,ダ,良,晴,16,3歳未勝利,
2026-05-17_東京03R_3歳未勝利,202605020803,2100,ダ,良,晴,12,3歳未勝利,
2026-05-17_東京04R_3歳未勝利,202605020804,1800,芝,良,晴,17,3歳未勝利,
2026-05-17_東京05R_3歳未勝利,202605020805,2400,芝,良,晴,11,3歳未勝利,
2026-05-17_東京06R_3歳1勝クラス,202605020806,1600,ダ,良,晴,8,3歳1勝クラス,
2026-05-17_東京07R_3歳1勝クラス,202605020807,1600,芝,良,晴,8,3歳1勝クラス,
2026-05-17_東京08R_4歳以上1勝クラス,202605020808,1800,芝,良,晴,15,4歳以上1勝クラス,
2026-05-23_東京01R_3歳未勝利,202605020901,1600,ダ,重,曇,15,3歳未勝利,
2026-05-23_東京02R_3歳未勝利,202605020902,1400,ダ,重,曇,16,3歳未勝利,
2026-05-23_東京03R_3歳未勝利,202605020903,2100,ダ,重,曇,13,3歳未勝利,
2026-05-23_東京04R_3歳未勝利,202605020904,1600,芝,良,曇,18,3歳未勝利,
2026-05-23_東京05R_3歳未勝利,202605020905,2000,芝,良,曇,17,3歳未勝利,
2026-05-23_東京06R_3歳1勝クラス,202605020906,1600,ダ,重,曇,14,3歳1勝クラス,
2026-05-23_東京07R_4歳以上1勝クラス,202605020907,1600,芝,良,曇,18,4歳以上1勝クラス,
2026-05-23_東京08R_4歳以上1勝クラス,202605020908,1400,ダ,稍,曇,16,4歳以上1勝クラス,
2026-05-24_東京01R_3歳未勝利,202605021001,1400,ダ,稍,曇,16,3歳未勝利,
2026-05-24_東京02R_3歳未勝利,202605021002,1600,ダ,稍,晴,16,3歳未勝利,
2026-05-24_東京03R_3歳未勝利,202605021003,1300,ダ,稍,晴,16,3歳未勝利,
2026-05-24_東京04R_3歳未勝利,202605021004,1600,芝,良,晴,18,3歳未勝利,
2026-05-24_東京05R_3歳未勝利,202605021005,1800,芝,良,曇,14,3歳未勝利,
2026-05-24_東京06R_3歳1勝クラス,202605021006,1400,ダ,稍,曇,14,3歳1勝クラス,
2026-05-24_東京07R_4歳以上1勝クラス,202605021007,2400,芝,良,曇,17,4歳以上1勝クラス,
2026-05-24_東京08R_三峰山特別,202605021008,1600,ダ,稍,曇,16,三峰山特別,
2026-05-30_東京01R_3歳未勝利,202605021101,1400,ダ,良,晴,16,3歳未勝利,
2026-05-30_東京02R_3歳未勝利,202605021102,2400,芝,良,晴,16,3歳未勝利,
2026-05-30_東京03R_3歳未勝利,202605021103,1400,芝,良,晴,18,3歳未勝利,
2026-05-30_東京04R_4歳以上障害未勝利,202605021104,3000,障,良,晴,13,4歳以上障害未勝利,
2026-05-30_東京05R_3歳未勝利,202605021105,2000,芝,良,晴,16,3歳未勝利,
2026-05-30_東京06R_3歳1勝クラス,202605021106,1600,ダ,良,晴,12,3歳1勝クラス,
2026-05-30_東京07R_3歳1勝クラス,202605021107,1400,芝,良,晴,13,3歳1勝クラス,
2026-05-30_東京08R_4歳以上1勝クラス,202605021108,1600,ダ,良,晴,16,4歳以上1勝クラス,
2026-05-31_東京01R_3歳未勝利,202605021201,1600,ダ,良,曇,16,3歳未勝利,
2026-05-31_東京02R_3歳未勝利,202605021202,1400,ダ,良,曇,16,3歳未勝利,
2026-05-31_東京03R_3歳未勝利,202605021203,1600,ダ,良,晴,16,3歳未勝利,
2026-05-31_東京04R_3歳未勝利,202605021204,1600,芝,良,晴,18,3歳未勝利,
2026-05-31_東京05R_3歳1勝クラス,202605021205,1400,ダ,良,晴,13,3歳1勝クラス,
2026-05-31_東京06R_4歳以上1勝クラス,202605021206,1800,芝,良,晴,11,4歳以上1勝クラス,
2026-05-31_東京07R_4歳以上1勝クラス,202605021207,1400,ダ,良,晴,16,4歳以上1勝クラス,
2026-05-31_東京08R_青嵐賞,202605021208,2400,芝,良,晴,14,青嵐賞,
2026-05-31_東京09R_薫風S,202605021209,1600,ダ,良,晴,15,薫風S,
2026-06-06_東京01R_3歳以上障害未勝利,202605030101,3000,障,良,曇,14,3歳以上障害未勝利,
2026-06-06_東京02R_3歳未勝利,202605030102,1600,ダ,稍,曇,16,3歳未勝利,
2026-06-06_東京03R_3歳未勝利,202605030103,1400,ダ,稍,晴,16,3歳未勝利,
2026-06-06_東京04R_2歳新馬,202605030104,1400,芝,良,晴,7,2歳新馬,
2026-06-06_東京05R_2歳新馬,202605030105,1600,芝,良,晴,9,2歳新馬,
2026-06-06_東京06R_3歳未勝利,202605030106,1600,ダ,良,晴,16,3歳未勝利,
2026-06-06_東京07R_3歳未勝利,202605030107,2000,芝,良,晴,16,3歳未勝利,
2026-06-06_東京08R_3歳以上1勝クラス,202605030108,1600,ダ,良,晴,16,3歳以上1勝クラス,
2026-06-07_東京01R_3歳未勝利,202605030201,1400,ダ,良,曇,16,3歳未勝利,
2026-06-07_東京02R_3歳未勝利,202605030202,2100,ダ,良,曇,16,3歳未勝利,
2026-06-07_東京03R_3歳未勝利,202605030203,1600,ダ,良,曇,16,3歳未勝利,
2026-06-07_東京04R_3歳未勝利,202605030204,1600,芝,良,曇,18,3歳未勝利,
2026-06-07_東京05R_2歳新馬,202605030205,1800,芝,良,小雨,10,2歳新馬,
2026-06-07_東京06R_3歳未勝利,202605030206,1300,ダ,良,曇,16,3歳未勝利,
2026-06-07_東京07R_3歳以上1勝クラス,202605030207,1400,ダ,良,曇,16,3歳以上1勝クラス,
2026-06-07_東京08R_3歳以上1勝クラス,202605030208,1600,芝,良,曇,17,3歳以上1勝クラス,
2026-06-13_東京01R_3歳未勝利,202605030301,1600,ダ,重,晴,16,3歳未勝利,
2026-06-13_東京02R_3歳未勝利,202605030302,2400,芝,稍,晴,18,3歳未勝利,
2026-06-13_東京03R_3歳未勝利,202605030303,1400,ダ,重,晴,16,3歳未勝利,
2026-06-13_東京04R_東京JS,202605030304,3110,障,稍,晴,10,東京JS,
2026-06-13_東京05R_2歳新馬,202605030305,1600,芝,良,晴,7,2歳新馬,
2026-06-13_東京06R_2歳新馬,202605030306,1400,芝,良,晴,9,2歳新馬,
2026-06-13_東京07R_3歳未勝利,202605030307,1600,ダ,稍,晴,16,3歳未勝利,
2026-06-13_東京08R_3歳以上1勝クラス,202605030308,1400,芝,良,晴,18,3歳以上1勝クラス,
2026-06-14_東京01R_3歳未勝利,202605030401,1300,ダ,稍,晴,15,3歳未勝利,
2026-06-14_東京02R_3歳未勝利,202605030402,2100,ダ,稍,曇,16,3歳未勝利,
2026-06-14_東京03R_3歳未勝利,202605030403,1400,芝,良,曇,18,3歳未勝利,
2026-06-14_東京04R_2歳新馬,202605030404,1400,ダ,稍,曇,14,2歳新馬,
2026-06-14_東京05R_2歳新馬,202605030405,1600,芝,良,曇,8,2歳新馬,
2026-06-14_東京06R_3歳以上1勝クラス,202605030406,2100,ダ,稍,曇,16,3歳以上1勝クラス,
2026-06-14_東京07R_3歳以上1勝クラス,202605030407,2000,芝,良,曇,8,3歳以上1勝クラス,
2026-06-14_東京08R_3歳以上1勝クラス,202605030408,1600,ダ,稍,曇,16,3歳以上1勝クラス,
2026-06-20_東京01R_3歳未勝利,202605030501,1600,ダ,不,小雨,16,3歳未勝利,
2026-06-20_東京02R_3歳未勝利,202605030502,1400,ダ,不,小雨,16,3歳未勝利,
2026-06-20_東京03R_3歳未勝利,202605030503,1800,芝,稍,小雨,16,3歳未勝利,
2026-06-20_東京04R_2歳新馬,202605030504,1400,芝,稍,小雨,11,2歳新馬,
2026-06-20_東京05R_2歳新馬,202605030505,1600,芝,稍,小雨,10,2歳新馬,
2026-06-20_東京06R_3歳未勝利,202605030506,1600,ダ,不,雨,16,3歳未勝利,
2026-06-20_東京07R_3歳未勝利,202605030507,1400,ダ,不,雨,16,3歳未勝利,
2026-06-20_東京08R_3歳以上1勝クラス,202605030508,1800,芝,稍,雨,16,3歳以上1勝クラス,
2026-06-21_東京01R_3歳以上障害未勝利,202605030601,3000,障,稍,曇,14,3歳以上障害未勝利,
2026-06-21_東京02R_3歳未勝利,202605030602,1600,ダ,不,曇,16,3歳未勝利,
2026-06-21_東京03R_3歳未勝利,202605030603,2100,ダ,不,曇,16,3歳未勝利,
2026-06-21_東京04R_2歳新馬,202605030604,1400,芝,稍,曇,10,2歳新馬,
2026-06-21_東京05R_2歳新馬,202605030605,1800,芝,稍,曇,13,2歳新馬,
2026-06-21_東京06R_3歳未勝利,202605030606,1600,芝,稍,曇,16,3歳未勝利,
2026-06-21_東京07R_3歳以上1勝クラス,202605030607,1600,ダ,重,曇,16,3歳以上1勝クラス,
2026-06-21_東京08R_3歳以上1勝クラス,202605030608,1600,芝,稍,曇,16,3歳以上1勝クラス,
2026-01-04_中山01R_3歳未勝利,202606010101,1200,ダ,稍,晴,16,3歳未勝利,
2026-01-04_中山02R_3歳未勝利,202606010102,1800,ダ,稍,晴,13,3歳未勝利,
2026-01-04_中山03R_3歳新馬,202606010103,1200,ダ,稍,晴,16,3歳新馬,
2026-01-04_中山04R_3歳未勝利,202606010104,1800,ダ,稍,晴,12,3歳未勝利,
2026-01-04_中山05R_3歳未勝利,202606010105,1600,芝,良,晴,16,3歳未勝利,
2026-01-04_中山06R_3歳新馬,202606010106,2000,芝,良,晴,17,3歳新馬,
2026-01-04_中山07R_4歳以上1勝クラス,202606010107,1800,ダ,稍,晴,16,4歳以上1勝クラス,
2026-01-04_中山08R_4歳以上1勝クラス,202606010108,1200,ダ,稍,晴,16,4歳以上1勝クラス,
2026-01-05_中山01R_3歳未勝利,202606010201,1200,ダ,稍,晴,16,3歳未勝利,
2026-01-05_中山02R_3歳未勝利,202606010202,1800,ダ,稍,晴,16,3歳未勝利,
2026-01-05_中山03R_3歳未勝利,202606010203,1800,ダ,稍,晴,12,3歳未勝利,
2026-01-05_中山04R_4歳以上1勝クラス,202606010204,2400,ダ,稍,晴,13,4歳以上1勝クラス,
2026-01-05_中山05R_3歳新馬,202606010205,1600,芝,良,晴,16,3歳新馬,
2026-01-05_中山06R_3歳未勝利,202606010206,2000,芝,良,晴,18,3歳未勝利,
2026-01-05_中山07R_3歳1勝クラス,202606010207,2000,芝,良,晴,10,3歳1勝クラス,
2026-01-05_中山08R_中山新春JS,202606010208,3200,障,良,晴,9,中山新春JS,OP
2026-01-10_中山01R_3歳未勝利,202606010301,1200,ダ,良,晴,16,3歳未勝利,
2026-01-10_中山02R_3歳未勝利,202606010302,1800,ダ,良,晴,16,3歳未勝利,
2026-01-10_中山03R_3歳未勝利,202606010303,1200,ダ,良,晴,16,3歳未勝利,
2026-01-10_中山04R_3歳新馬,202606010304,1800,ダ,良,晴,12,3歳新馬,
2026-01-10_中山05R_3歳新馬,202606010305,2000,芝,良,晴,15,3歳新馬,
2026-01-10_中山06R_4歳以上1勝クラス,202606010306,1800,ダ,良,晴,16,4歳以上1勝クラス,
2026-01-10_中山07R_3歳未勝利,202606010307,1600,芝,良,晴,16,3歳未勝利,
2026-01-10_中山08R_4歳以上2勝クラス,202606010308,1800,ダ,良,晴,13,4歳以上2勝クラス,
2026-01-11_中山01R_3歳未勝利,202606010401,1200,ダ,良,曇,16,3歳未勝利,
2026-01-11_中山02R_3歳未勝利,202606010402,1800,ダ,良,曇,16,3歳未勝利,
2026-01-11_中山03R_3歳未勝利,202606010403,1800,ダ,良,曇,16,3歳未勝利,
2026-01-11_中山04R_3歳1勝クラス,202606010404,1200,ダ,良,晴,16,3歳1勝クラス,
2026-01-11_中山05R_3歳新馬,202606010405,1800,ダ,良,晴,16,3歳新馬,
2026-01-11_中山06R_3歳未勝利,202606010406,2200,芝,良,晴,18,3歳未勝利,
2026-01-11_中山07R_4歳以上1勝クラス,202606010407,1800,ダ,良,晴,16,4歳以上1勝クラス,
2026-01-11_中山08R_4歳以上1勝クラス,202606010408,1600,芝,良,晴,16,4歳以上1勝クラス,
2026-01-12_中山01R_3歳未勝利,202606010501,1200,ダ,良,晴,16,3歳未勝利,
2026-01-12_中山02R_3歳未勝利,202606010502,1800,ダ,良,晴,16,3歳未勝利,
2026-01-12_中山03R_3歳未勝利,202606010503,1800,ダ,良,晴,16,3歳未勝利,
2026-01-12_中山04R_4歳以上障害未勝利,202606010504,2880,障,良,晴,14,4歳以上障害未勝利,
2026-01-12_中山05R_3歳新馬,202606010505,1200,ダ,良,晴,16,3歳新馬,
2026-01-12_中山06R_3歳未勝利,202606010506,2000,芝,良,晴,18,3歳未勝利,
2026-01-12_中山07R_4歳以上1勝クラス,202606010507,1800,ダ,良,晴,15,4歳以上1勝クラス,
2026-01-12_中山08R_3歳1勝クラス,202606010508,1200,芝,良,晴,11,3歳1勝クラス,
2026-01-17_中山01R_3歳未勝利,202606010601,1200,ダ,良,晴,16,3歳未勝利,
2026-01-17_中山02R_3歳未勝利,202606010602,1800,ダ,良,晴,16,3歳未勝利,
2026-01-17_中山03R_3歳新馬,202606010603,1800,ダ,良,晴,16,3歳新馬,
2026-01-17_中山04R_4歳以上障害未勝利,202606010604,2880,障,良,晴,12,4歳以上障害未勝利,
2026-01-17_中山05R_3歳未勝利,202606010605,2000,芝,良,晴,18,3歳未勝利,
2026-01-17_中山06R_4歳以上1勝クラス,202606010606,1200,ダ,良,晴,16,4歳以上1勝クラス,
2026-01-17_中山07R_4歳以上1勝クラス,202606010607,2200,芝,良,晴,12,4歳以上1勝クラス,
2026-01-17_中山08R_4歳以上2勝クラス,202606010608,1200,ダ,良,晴,16,4歳以上2勝クラス,
2026-01-18_中山01R_3歳未勝利,202606010701,1200,ダ,良,晴,16,3歳未勝利,
2026-01-18_中山02R_3歳未勝利,202606010702,1800,ダ,良,晴,16,3歳未勝利,
2026-01-18_中山03R_3歳未勝利,202606010703,1800,ダ,良,晴,13,3歳未勝利,
2026-01-18_中山04R_4歳以上障害未勝利,202606010704,2880,障,良,晴,14,4歳以上障害未勝利,
2026-01-18_中山05R_3歳新馬,202606010705,1600,芝,良,晴,16,3歳新馬,
2026-01-18_中山06R_4歳以上1勝クラス,202606010706,1800,ダ,良,晴,14,4歳以上1勝クラス,
2026-01-18_中山07R_4歳以上2勝クラス,202606010707,2200,芝,良,晴,16,4歳以上2勝クラス,
2026-01-18_中山08R_4歳以上2勝クラス,202606010708,1800,ダ,良,晴,16,4歳以上2勝クラス,
2026-01-24_中山01R_3歳未勝利,202606010801,1200,ダ,良,晴,16,3歳未勝利,
2026-01-24_中山02R_3歳未勝利,202606010802,1800,ダ,良,晴,16,3歳未勝利,
2026-01-24_中山03R_3歳新馬,202606010803,1200,ダ,良,晴,16,3歳新馬,
2026-01-24_中山04R_3歳未勝利,202606010804,1800,ダ,良,晴,15,3歳未勝利,
2026-01-24_中山05R_3歳未勝利,202606010805,2200,芝,良,晴,18,3歳未勝利,
2026-01-24_中山06R_3歳1勝クラス,202606010806,1800,ダ,良,晴,13,3歳1勝クラス,
2026-01-24_中山07R_4歳以上1勝クラス,202606010807,1200,ダ,良,晴,16,4歳以上1勝クラス,
2026-01-24_中山08R_4歳以上1勝クラス,202606010808,1800,ダ,良,晴,12,4歳以上1勝クラス,
2026-01-24_中山10R_初霞賞,202606010810,1800,ダ,良,曇,10,初霞賞,
2026-01-25_中山01R_3歳未勝利,202606010901,1200,ダ,良,晴,16,3歳未勝利,
2026-01-25_中山02R_3歳未勝利,202606010902,1800,ダ,良,晴,14,3歳未勝利,
2026-01-25_中山03R_3歳未勝利,202606010903,1200,ダ,良,晴,16,3歳未勝利,
2026-01-25_中山04R_3歳新馬,202606010904,1800,ダ,良,晴,16,3歳新馬,
2026-01-25_中山05R_3歳新馬,202606010905,2000,芝,良,晴,18,3歳新馬,
2026-01-25_中山06R_4歳以上1勝クラス,202606010906,1800,ダ,良,晴,15,4歳以上1勝クラス,
2026-01-25_中山07R_4歳以上2勝クラス,202606010907,1600,芝,良,晴,10,4歳以上2勝クラス,
2026-01-25_中山08R_4歳以上2勝クラス,202606010908,1200,ダ,良,晴,15,4歳以上2勝クラス,
2026-01-25_中山09R_若竹賞,202606010909,1800,芝,良,晴,12,若竹賞,
2026-01-25_中山10R_江戸川S,202606010910,1200,ダ,良,晴,16,江戸川S,
2026-01-25_中山11R_AJCC,202606010911,2200,芝,良,晴,16,AJCC,G2
2026-01-25_中山12R_3歳未勝利,202606010912,1600,芝,良,晴,16,3歳未勝利,
2026-02-28_中山01R_3歳未勝利,202606020101,1200,ダ,重,晴,16,3歳未勝利,
2026-02-28_中山02R_3歳未勝利,202606020102,1800,ダ,重,晴,15,3歳未勝利,
2026-02-28_中山03R_3歳未勝利,202606020103,1200,ダ,重,晴,16,3歳未勝利,
2026-02-28_中山04R_3歳未勝利,202606020104,1800,ダ,重,晴,12,3歳未勝利,
2026-02-28_中山05R_3歳未勝利,202606020105,2000,芝,良,晴,18,3歳未勝利,
2026-02-28_中山06R_3歳1勝クラス,202606020106,1800,芝,良,晴,9,3歳1勝クラス,
2026-02-28_中山07R_4歳以上1勝クラス,202606020107,1800,ダ,重,晴,16,4歳以上1勝クラス,
2026-02-28_中山08R_4歳以上2勝クラス,202606020108,1600,芝,良,晴,13,4歳以上2勝クラス,
2026-03-01_中山01R_3歳未勝利,202606020201,1800,ダ,稍,晴,16,3歳未勝利,
2026-03-01_中山02R_3歳未勝利,202606020202,1800,ダ,稍,晴,16,3歳未勝利,
2026-03-01_中山03R_3歳未勝利,202606020203,1200,ダ,稍,晴,16,3歳未勝利,
2026-03-01_中山04R_3歳1勝クラス,202606020204,1800,ダ,稍,晴,8,3歳1勝クラス,
2026-03-01_中山05R_3歳未勝利,202606020205,1600,芝,良,晴,16,3歳未勝利,
2026-03-01_中山06R_4歳以上1勝クラス,202606020206,1800,ダ,稍,晴,15,4歳以上1勝クラス,
2026-03-01_中山07R_3歳1勝クラス,202606020207,1600,芝,良,晴,12,3歳1勝クラス,
2026-03-01_中山08R_4歳以上1勝クラス,202606020208,1200,ダ,稍,晴,16,4歳以上1勝クラス,
2026-03-01_中山09R_富里特別,202606020209,2000,芝,良,晴,10,富里特別,
2026-03-07_中山01R_3歳未勝利,202606020301,1200,ダ,重,晴,16,3歳未勝利,
2026-03-07_中山02R_3歳未勝利,202606020302,1800,ダ,重,晴,15,3歳未勝利,
2026-03-07_中山03R_3歳未勝利,202606020303,1200,ダ,重,晴,16,3歳未勝利,
2026-03-07_中山04R_4歳以上障害OP,202606020304,3200,障,重,晴,14,4歳以上障害OP,OP
2026-03-07_中山05R_3歳未勝利,202606020305,2200,芝,稍,晴,18,3歳未勝利,
2026-03-07_中山06R_3歳未勝利,202606020306,2000,芝,稍,晴,18,3歳未勝利,
2026-03-07_中山07R_3歳1勝クラス,202606020307,1200,ダ,重,晴,16,3歳1勝クラス,
2026-03-07_中山08R_4歳以上1勝クラス,202606020308,1800,ダ,重,晴,14,4歳以上1勝クラス,
2026-03-08_中山01R_3歳未勝利,202606020401,1800,ダ,稍,晴,16,3歳未勝利,
2026-03-08_中山02R_3歳未勝利,202606020402,1200,ダ,稍,晴,16,3歳未勝利,
2026-03-08_中山03R_3歳未勝利,202606020403,1800,ダ,稍,晴,14,3歳未勝利,
2026-03-08_中山04R_4歳以上障害未勝利,202606020404,2880,障,良,晴,14,4歳以上障害未勝利,
2026-03-08_中山05R_3歳未勝利,202606020405,1800,芝,良,晴,16,3歳未勝利,
2026-03-08_中山06R_4歳以上1勝クラス,202606020406,1200,ダ,稍,晴,16,4歳以上1勝クラス,
2026-03-08_中山07R_3歳1勝クラス,202606020407,1600,芝,良,晴,11,3歳1勝クラス,
2026-03-08_中山08R_4歳以上2勝クラス,202606020408,1800,ダ,稍,晴,13,4歳以上2勝クラス,
2026-03-14_中山01R_3歳未勝利,202606020501,1800,ダ,良,晴,15,3歳未勝利,
2026-03-14_中山02R_3歳未勝利,202606020502,1800,ダ,良,晴,16,3歳未勝利,
2026-03-14_中山03R_3歳未勝利,202606020503,1200,ダ,良,晴,16,3歳未勝利,
2026-03-14_中山04R_3歳未勝利,202606020504,1800,ダ,良,晴,16,3歳未勝利,
2026-03-14_中山05R_3歳未勝利,202606020505,1600,芝,良,晴,16,3歳未勝利,
2026-03-14_中山06R_3歳1勝クラス,202606020506,1800,ダ,良,晴,16,3歳1勝クラス,
2026-03-14_中山07R_4歳以上1勝クラス,202606020507,2500,芝,良,晴,10,4歳以上1勝クラス,
2026-03-14_中山08R_4歳以上1勝クラス,202606020508,1200,ダ,良,晴,16,4歳以上1勝クラス,
2026-03-14_中山09R_房総特別,202606020509,2000,芝,良,晴,11,房総特別,
2026-03-15_中山01R_3歳未勝利,202606020601,1200,ダ,良,晴,16,3歳未勝利,
2026-03-15_中山02R_3歳未勝利,202606020602,1800,ダ,良,晴,16,3歳未勝利,
2026-03-15_中山03R_3歳未勝利,202606020603,1200,ダ,良,晴,16,3歳未勝利,
2026-03-15_中山04R_3歳未勝利,202606020604,1800,ダ,良,晴,16,3歳未勝利,
2026-03-15_中山05R_3歳未勝利,202606020605,2000,芝,良,晴,18,3歳未勝利,
2026-03-15_中山06R_4歳以上1勝クラス,202606020606,1800,ダ,良,晴,16,4歳以上1勝クラス,
2026-03-15_中山07R_3歳1勝クラス,202606020607,1200,芝,良,晴,15,3歳1勝クラス,
2026-03-15_中山08R_4歳以上2勝クラス,202606020608,1600,芝,良,晴,10,4歳以上2勝クラス,
2026-03-21_中山01R_3歳未勝利,202606020701,1200,ダ,良,晴,16,3歳未勝利,
2026-03-21_中山02R_3歳未勝利,202606020702,1800,ダ,良,晴,12,3歳未勝利,
2026-03-21_中山03R_3歳未勝利,202606020703,1200,ダ,良,晴,16,3歳未勝利,
2026-03-21_中山04R_3歳未勝利,202606020704,1800,ダ,良,晴,13,3歳未勝利,
2026-03-21_中山05R_3歳未勝利,202606020705,2200,芝,良,晴,13,3歳未勝利,
2026-03-21_中山06R_3歳1勝クラス,202606020706,1600,芝,良,晴,13,3歳1勝クラス,
2026-03-21_中山07R_4歳以上1勝クラス,202606020707,2400,ダ,良,晴,16,4歳以上1勝クラス,
2026-03-21_中山08R_ペガサスJS,202606020708,3350,障,良,晴,10,ペガサスJS,OP
2026-03-22_中山01R_3歳未勝利,202606020801,1200,ダ,良,晴,16,3歳未勝利,
2026-03-22_中山02R_3歳未勝利,202606020802,1800,ダ,良,晴,15,3歳未勝利,
2026-03-22_中山03R_3歳1勝クラス,202606020803,1200,ダ,良,晴,14,3歳1勝クラス,
2026-03-22_中山04R_4歳以上障害未勝利,202606020804,2880,障,良,晴,14,4歳以上障害未勝利,
2026-03-22_中山05R_3歳未勝利,202606020805,1600,芝,良,晴,16,3歳未勝利,
2026-03-22_中山06R_3歳未勝利,202606020806,2000,芝,良,晴,18,3歳未勝利,
2026-03-22_中山07R_3歳1勝クラス,202606020807,2000,芝,良,晴,8,3歳1勝クラス,
2026-03-22_中山08R_4歳以上1勝クラス,202606020808,1800,ダ,良,晴,16,4歳以上1勝クラス,
2026-03-28_中山01R_3歳未勝利,202606030101,1200,ダ,重,曇,16,3歳未勝利,
2026-03-28_中山02R_3歳未勝利,202606030102,1800,ダ,重,曇,16,3歳未勝利,
2026-03-28_中山03R_3歳未勝利,202606030103,1200,ダ,重,曇,16,3歳未勝利,
2026-03-28_中山04R_3歳未勝利,202606030104,1800,ダ,重,晴,16,3歳未勝利,
2026-03-28_中山05R_3歳未勝利,202606030105,1600,芝,稍,晴,16,3歳未勝利,
2026-03-28_中山06R_3歳1勝クラス,202606030106,1800,芝,稍,晴,11,3歳1勝クラス,
2026-03-28_中山07R_4歳以上1勝クラス,202606030107,1800,ダ,重,晴,13,4歳以上1勝クラス,
2026-03-28_中山08R_4歳以上2勝クラス,202606030108,2000,芝,稍,晴,12,4歳以上2勝クラス,
2026-03-28_中山11R_日経賞,202606030111,2500,芝,良,晴,15,日経賞,G2
2026-03-29_中山01R_3歳未勝利,202606030201,1800,ダ,稍,晴,16,3歳未勝利,
2026-03-29_中山02R_3歳未勝利,202606030202,1200,ダ,稍,晴,16,3歳未勝利,
2026-03-29_中山03R_3歳未勝利,202606030203,1800,ダ,稍,晴,15,3歳未勝利,
2026-03-29_中山04R_3歳未勝利,202606030204,1800,芝,良,晴,16,3歳未勝利,
2026-03-29_中山05R_3歳未勝利,202606030205,2200,芝,良,晴,13,3歳未勝利,
2026-03-29_中山06R_3歳1勝クラス,202606030206,1200,ダ,稍,晴,13,3歳1勝クラス,
2026-03-29_中山07R_4歳以上1勝クラス,202606030207,1800,ダ,稍,晴,15,4歳以上1勝クラス,
2026-03-29_中山08R_4歳以上1勝クラス,202606030208,1200,ダ,稍,晴,16,4歳以上1勝クラス,
2026-04-04_中山01R_3歳未勝利,202606030301,1200,ダ,稍,雨,16,3歳未勝利,
2026-04-04_中山02R_3歳未勝利,202606030302,1800,ダ,稍,雨,14,3歳未勝利,
2026-04-04_中山03R_3歳未勝利,202606030303,1200,ダ,稍,雨,16,3歳未勝利,
2026-04-04_中山04R_4歳以上障害未勝利,202606030304,2880,障,良,雨,14,4歳以上障害未勝利,
2026-04-04_中山05R_3歳未勝利,202606030305,1600,芝,良,曇,16,3歳未勝利,
2026-04-04_中山06R_3歳未勝利,202606030306,1800,ダ,稍,雨,13,3歳未勝利,
2026-04-04_中山07R_4歳以上1勝クラス,202606030307,2000,芝,良,雨,12,4歳以上1勝クラス,
2026-04-04_中山08R_4歳以上1勝クラス,202606030308,1800,ダ,重,雨,11,4歳以上1勝クラス,
2026-04-05_中山01R_3歳未勝利,202606030401,1800,ダ,不,曇,16,3歳未勝利,
2026-04-05_中山02R_3歳未勝利,202606030402,1200,ダ,不,曇,16,3歳未勝利,
2026-04-05_中山03R_3歳未勝利,202606030403,1800,ダ,不,晴,16,3歳未勝利,
2026-04-05_中山04R_4歳以上障害未勝利,202606030404,2880,障,重,晴,14,4歳以上障害未勝利,
2026-04-05_中山05R_3歳未勝利,202606030405,2000,芝,重,晴,16,3歳未勝利,
2026-04-05_中山06R_3歳1勝クラス,202606030406,1800,ダ,重,晴,16,3歳1勝クラス,
2026-04-05_中山07R_3歳1勝クラス,202606030407,1200,芝,重,晴,14,3歳1勝クラス,
2026-04-05_中山08R_4歳以上1勝クラス,202606030408,1200,ダ,重,晴,16,4歳以上1勝クラス,
2026-04-05_中山10R_アリエスS,202606030410,1800,ダ,重,曇,16,アリエスS,
2026-04-11_中山01R_3歳未勝利,202606030501,1800,ダ,重,晴,16,3歳未勝利,
2026-04-11_中山02R_3歳未勝利,202606030502,1200,ダ,重,晴,16,3歳未勝利,
2026-04-11_中山03R_3歳未勝利,202606030503,1800,ダ,重,晴,13,3歳未勝利,
2026-04-11_中山04R_4歳以上障害OP,202606030504,3200,障,稍,晴,14,4歳以上障害OP,OP
2026-04-11_中山05R_3歳未勝利,202606030505,1600,芝,良,晴,16,3歳未勝利,
2026-04-11_中山06R_3歳未勝利,202606030506,2000,芝,良,晴,18,3歳未勝利,
2026-04-11_中山07R_3歳1勝クラス,202606030507,1200,ダ,稍,晴,16,3歳1勝クラス,
2026-04-11_中山08R_4歳以上1勝クラス,202606030508,1800,ダ,稍,晴,16,4歳以上1勝クラス,
2026-04-12_中山01R_3歳未勝利,202606030601,1200,ダ,稍,晴,15,3歳未勝利,
2026-04-12_中山02R_3歳未勝利,202606030602,1800,ダ,稍,晴,15,3歳未勝利,
2026-04-12_中山03R_3歳未勝利,202606030603,1200,ダ,稍,晴,14,3歳未勝利,
2026-04-12_中山04R_4歳以上障害未勝利,202606030604,2880,障,良,晴,14,4歳以上障害未勝利,
2026-04-12_中山05R_3歳未勝利,202606030605,2200,芝,良,晴,18,3歳未勝利,
2026-04-12_中山06R_3歳1勝クラス,202606030606,1800,ダ,良,晴,11,3歳1勝クラス,
2026-04-12_中山07R_4歳以上1勝クラス,202606030607,1600,芝,良,晴,15,4歳以上1勝クラス,
2026-04-12_中山08R_4歳以上2勝クラス,202606030608,1800,芝,良,晴,10,4歳以上2勝クラス,
2026-04-18_中山01R_3歳未勝利,202606030701,1200,ダ,良,曇,15,3歳未勝利,
2026-04-18_中山02R_3歳未勝利,202606030702,1800,ダ,良,曇,11,3歳未勝利,
2026-04-18_中山03R_3歳未勝利,202606030703,1200,ダ,良,晴,14,3歳未勝利,
2026-04-18_中山04R_3歳未勝利,202606030704,1800,ダ,良,晴,13,3歳未勝利,
2026-04-18_中山05R_3歳未勝利,202606030705,1600,芝,良,晴,16,3歳未勝利,
2026-04-18_中山06R_3歳1勝クラス,202606030706,1800,芝,良,晴,6,3歳1勝クラス,
2026-04-18_中山07R_4歳以上1勝クラス,202606030707,2000,芝,良,晴,10,4歳以上1勝クラス,
2026-04-18_中山08R_4歳以上1勝クラス,202606030708,2400,ダ,良,晴,16,4歳以上1勝クラス,
2026-04-19_中山01R_3歳未勝利,202606030801,1800,ダ,良,晴,12,3歳未勝利,
2026-04-19_中山02R_3歳未勝利,202606030802,1200,ダ,良,晴,16,3歳未勝利,
2026-04-19_中山03R_3歳未勝利,202606030803,1800,ダ,良,晴,14,3歳未勝利,
2026-04-19_中山04R_3歳未勝利,202606030804,2000,芝,良,晴,16,3歳未勝利,
2026-04-19_中山05R_3歳1勝クラス,202606030805,1600,芝,良,晴,10,3歳1勝クラス,
2026-04-19_中山06R_3歳1勝クラス,202606030806,1800,ダ,良,晴,6,3歳1勝クラス,
2026-04-19_中山07R_4歳以上1勝クラス,202606030807,1200,ダ,良,晴,13,4歳以上1勝クラス,
2026-04-19_中山08R_利根川特別,202606030808,1800,ダ,良,晴,12,利根川特別,
2026-09-05_中山01R_3歳以上障害OP,202606040101,3200,障,稍,曇,8,3歳以上障害OP,OP
2026-09-05_中山02R_3歳未勝利,202606040102,1600,芝,稍,曇,16,3歳未勝利,
2026-09-05_中山03R_2歳未勝利,202606040103,1800,ダ,重,曇,10,2歳未勝利,
2026-09-05_中山04R_2歳未勝利,202606040104,1800,芝,稍,曇,11,2歳未勝利,
2026-09-05_中山05R_2歳新馬,202606040105,2000,芝,良,曇,11,2歳新馬,
2026-09-05_中山06R_2歳新馬,202606040106,1200,ダ,重,曇,14,2歳新馬,
2026-09-05_中山07R_3歳未勝利,202606040107,1800,ダ,重,曇,16,3歳未勝利,
2026-09-05_中山08R_3歳以上1勝クラス,202606040108,1200,ダ,重,曇,16,3歳以上1勝クラス,
2026-09-05_中山12R_3歳以上1勝クラス,202606040112,1200,ダ,重,晴,14,3歳以上1勝クラス,
2026-09-06_中山01R_3歳以上障害未勝利,202606040201,2880,障,稍,雨,7,3歳以上障害未勝利,
2026-09-06_中山02R_2歳未勝利,202606040202,1200,芝,稍,雨,14,2歳未勝利,
2026-09-06_中山03R_3歳未勝利,202606040203,1800,ダ,重,雨,15,3歳未勝利,
2026-09-06_中山04R_3歳未勝利,202606040204,1200,ダ,不,雨,16,3歳未勝利,
2026-09-06_中山05R_2歳新馬,202606040205,1600,芝,稍,雨,15,2歳新馬,
2026-09-06_中山06R_2歳新馬,202606040206,1800,ダ,不,雨,12,2歳新馬,
2026-09-06_中山07R_3歳未勝利,202606040207,2000,芝,重,雨,18,3歳未勝利,
2026-09-06_中山08R_3歳以上1勝クラス,202606040208,1800,ダ,不,雨,16,3歳以上1勝クラス,
2026-09-06_中山09R_浦安特別,202606040209,1200,ダ,不,雨,16,浦安特別,
2026-09-06_中山10R_セプテンバーS,202606040210,1200,芝,重,雨,9,セプテンバーS,
2026-09-06_中山11R_紫苑S,202606040211,2000,芝,重,雨,11,紫苑S,G2
2026-09-06_中山12R_3歳以上1勝クラス,202606040212,1200,芝,重,雨,16,3歳以上1勝クラス,
2026-09-12_中山01R_2歳未勝利,202606040301,1800,ダ,不,曇,12,2歳未勝利,
2026-09-12_中山02R_2歳未勝利,202606040302,1600,芝,重,曇,12,2歳未勝利,
2026-09-12_中山03R_3歳未勝利,202606040303,1200,ダ,不,曇,16,3歳未勝利,
2026-09-12_中山04R_3歳未勝利,202606040304,2000,芝,重,曇,18,3歳未勝利,
2026-09-12_中山05R_2歳新馬,202606040305,1600,芝,重,曇,11,2歳新馬,
2026-09-12_中山06R_2歳新馬,202606040306,1200,ダ,不,曇,12,2歳新馬,
2026-09-12_中山07R_3歳未勝利,202606040307,1800,ダ,不,曇,16,3歳未勝利,
2026-09-12_中山08R_3歳以上1勝クラス,202606040308,2500,芝,重,曇,14,3歳以上1勝クラス,
2026-03-14_中京01R_3歳未勝利,202607010101,1800,ダ,良,晴,10,3歳未勝利,
2026-03-14_中京02R_3歳未勝利,202607010102,1200,ダ,良,晴,16,3歳未勝利,
2026-03-14_中京03R_3歳未勝利,202607010103,1900,ダ,良,晴,13,3歳未勝利,
2026-03-14_中京04R_3歳未勝利,202607010104,1600,芝,良,晴,16,3歳未勝利,
2026-03-14_中京05R_3歳未勝利,202607010105,2000,芝,良,晴,18,3歳未勝利,
2026-03-14_中京06R_3歳1勝クラス,202607010106,1800,ダ,良,晴,16,3歳1勝クラス,
2026-03-14_中京07R_4歳以上1勝クラス,202607010107,1600,芝,良,晴,16,4歳以上1勝クラス,
2026-03-14_中京08R_4歳以上1勝クラス,202607010108,1200,ダ,良,晴,16,4歳以上1勝クラス,
2026-03-15_中京01R_3歳未勝利,202607010201,1400,ダ,良,晴,16,3歳未勝利,
2026-03-15_中京02R_3歳未勝利,202607010202,1800,ダ,良,晴,13,3歳未勝利,
2026-03-15_中京03R_3歳未勝利,202607010203,1600,芝,良,晴,16,3歳未勝利,
2026-03-15_中京04R_3歳未勝利,202607010204,1400,芝,良,晴,18,3歳未勝利,
2026-03-15_中京05R_3歳未勝利,202607010205,2200,芝,良,晴,15,3歳未勝利,
2026-03-15_中京06R_4歳以上1勝クラス,202607010206,1400,ダ,良,晴,16,4歳以上1勝クラス,
2026-03-15_中京07R_4歳以上1勝クラス,202607010207,1800,ダ,良,晴,15,4歳以上1勝クラス,
2026-03-15_中京08R_4歳以上1勝クラス,202607010208,2000,芝,良,晴,12,4歳以上1勝クラス,
2026-03-21_中京01R_3歳未勝利,202607010301,1800,ダ,良,晴,13,3歳未勝利,
2026-03-21_中京02R_3歳未勝利,202607010302,1200,ダ,良,晴,16,3歳未勝利,
2026-03-21_中京03R_3歳未勝利,202607010303,1900,ダ,良,晴,13,3歳未勝利,
2026-03-21_中京04R_3歳未勝利,202607010304,2000,芝,良,晴,18,3歳未勝利,
2026-03-21_中京05R_3歳未勝利,202607010305,2000,芝,良,晴,18,3歳未勝利,
2026-03-21_中京06R_3歳未勝利,202607010306,1400,芝,良,晴,18,3歳未勝利,
2026-03-21_中京07R_4歳以上1勝クラス,202607010307,1400,ダ,良,晴,16,4歳以上1勝クラス,
2026-03-21_中京08R_4歳以上1勝クラス,202607010308,2000,芝,良,晴,13,4歳以上1勝クラス,
2026-03-22_中京01R_3歳未勝利,202607010401,1800,ダ,良,晴,14,3歳未勝利,
2026-03-22_中京02R_3歳未勝利,202607010402,1400,ダ,良,晴,16,3歳未勝利,
2026-03-22_中京03R_3歳未勝利,202607010403,1800,ダ,良,晴,15,3歳未勝利,
2026-03-22_中京04R_3歳未勝利,202607010404,2000,芝,良,晴,15,3歳未勝利,
2026-03-22_中京05R_3歳未勝利,202607010405,1600,芝,良,晴,16,3歳未勝利,
2026-03-22_中京06R_4歳以上1勝クラス,202607010406,2000,芝,良,曇,17,4歳以上1勝クラス,
2026-03-22_中京07R_4歳以上1勝クラス,202607010407,1800,ダ,良,曇,15,4歳以上1勝クラス,
2026-03-22_中京08R_4歳以上1勝クラス,202607010408,1400,芝,良,曇,18,4歳以上1勝クラス,
2026-03-22_中京11R_愛知杯,202607010411,1400,芝,良,曇,18,愛知杯,G3
2026-03-28_中京01R_3歳未勝利,202607010501,1400,ダ,稍,晴,16,3歳未勝利,
2026-03-28_中京02R_3歳未勝利,202607010502,1800,ダ,稍,晴,13,3歳未勝利,
2026-03-28_中京03R_3歳未勝利,202607010503,1600,芝,良,晴,16,3歳未勝利,
2026-03-28_中京04R_3歳未勝利,202607010504,1800,ダ,稍,晴,14,3歳未勝利,
2026-03-28_中京05R_3歳未勝利,202607010505,2200,芝,良,晴,15,3歳未勝利,
2026-03-28_中京06R_4歳以上1勝クラス,202607010506,1400,ダ,稍,晴,16,4歳以上1勝クラス,
2026-03-28_中京07R_4歳以上1勝クラス,202607010507,1600,芝,良,晴,16,4歳以上1勝クラス,
2026-03-28_中京08R_4歳以上1勝クラス,202607010508,2000,芝,良,晴,15,4歳以上1勝クラス,
2026-03-29_中京01R_3歳未勝利,202607010601,1400,ダ,良,晴,16,3歳未勝利,
2026-03-29_中京02R_3歳未勝利,202607010602,1900,ダ,良,晴,14,3歳未勝利,
2026-03-29_中京03R_3歳未勝利,202607010603,1200,ダ,良,晴,15,3歳未勝利,
2026-03-29_中京04R_3歳未勝利,202607010604,1200,芝,良,晴,18,3歳未勝利,
2026-03-29_中京05R_3歳未勝利,202607010605,2000,芝,良,晴,16,3歳未勝利,
2026-03-29_中京06R_4歳以上1勝クラス,202607010606,2200,芝,良,晴,13,4歳以上1勝クラス,
2026-03-29_中京07R_4歳以上1勝クラス,202607010607,1800,ダ,良,晴,13,4歳以上1勝クラス,
2026-03-29_中京08R_大寒桜賞,202607010608,2200,芝,良,晴,7,大寒桜賞,
2026-03-29_中京09R_4歳以上1勝クラス,202607010609,1600,芝,良,晴,16,4歳以上1勝クラス,
2026-07-25_中京01R_2歳未勝利,202607020101,1200,ダ,良,晴,9,2歳未勝利,
2026-07-25_中京02R_2歳新馬,202607020102,1400,芝,良,晴,13,2歳新馬,
2026-07-25_中京03R_3歳未勝利,202607020103,2000,芝,良,晴,12,3歳未勝利,
2026-07-25_中京04R_3歳未勝利,202607020104,1800,ダ,良,晴,16,3歳未勝利,
2026-07-25_中京05R_3歳未勝利,202607020105,1600,芝,良,晴,16,3歳未勝利,
2026-07-26_中京01R_2歳未勝利,202607020201,1400,芝,良,曇,9,2歳未勝利,
2026-07-26_中京02R_2歳新馬,202607020202,2000,芝,良,曇,6,2歳新馬,
2026-07-26_中京03R_3歳未勝利,202607020203,2200,芝,良,晴,10,3歳未勝利,
2026-07-26_中京04R_3歳未勝利,202607020204,1800,ダ,良,晴,15,3歳未勝利,
2026-07-26_中京05R_3歳未勝利,202607020205,1400,ダ,良,晴,16,3歳未勝利,
2026-08-01_中京01R_2歳未勝利,202607020301,2000,芝,良,晴,10,2歳未勝利,
2026-08-01_中京02R_2歳新馬,202607020302,1400,芝,良,晴,13,2歳新馬,
2026-08-01_中京03R_3歳未勝利,202607020303,2000,芝,良,晴,16,3歳未勝利,
2026-08-01_中京04R_3歳未勝利,202607020304,1800,ダ,良,晴,16,3歳未勝利,
2026-08-01_中京05R_3歳未勝利,202607020305,1800,ダ,良,晴,16,3歳未勝利,
2026-08-02_中京01R_3歳未勝利,202607020401,2000,芝,良,晴,18,3歳未勝利,
2026-08-02_中京02R_2歳新馬,202607020402,1800,ダ,良,晴,8,2歳新馬,
2026-08-02_中京03R_2歳新馬,202607020403,1600,芝,良,晴,10,2歳新馬,
2026-08-02_中京04R_3歳未勝利,202607020404,1200,ダ,良,晴,16,3歳未勝利,
2026-08-02_中京05R_3歳以上1勝クラス,202607020405,1800,ダ,良,晴,9,3歳以上1勝クラス,
2026-08-08_中京01R_2歳未勝利,202607020501,1600,芝,良,晴,9,2歳未勝利,
2026-08-08_中京02R_2歳新馬,202607020502,1400,芝,良,晴,7,2歳新馬,
2026-08-08_中京03R_3歳未勝利,202607020503,1400,ダ,良,晴,16,3歳未勝利,
2026-08-08_中京04R_3歳未勝利,202607020504,1900,ダ,良,晴,16,3歳未勝利,
2026-08-08_中京05R_3歳以上1勝クラス,202607020505,2000,芝,良,晴,8,3歳以上1勝クラス,
2026-08-08_中京06R_納屋橋特別,202607020506,1600,芝,良,晴,11,納屋橋特別,
2026-08-09_中京01R_3歳未勝利,202607020601,2000,芝,良,晴,16,3歳未勝利,
2026-08-09_中京02R_2歳新馬,202607020602,1600,芝,良,曇,9,2歳新馬,
2026-08-09_中京03R_2歳新馬,202607020603,2000,芝,良,曇,8,2歳新馬,
2026-08-09_中京04R_3歳未勝利,202607020604,1800,ダ,良,曇,16,3歳未勝利,
2026-08-09_中京05R_3歳以上1勝クラス,202607020605,1400,ダ,良,曇,16,3歳以上1勝クラス,
2026-08-15_中京01R_2歳未勝利,202607020701,1400,ダ,良,晴,16,2歳未勝利,
2026-08-15_中京02R_3歳未勝利,202607020702,1400,芝,良,曇,15,3歳未勝利,
2026-08-15_中京03R_2歳新馬,202607020703,1200,芝,良,曇,7,2歳新馬,
2026-08-15_中京04R_3歳未勝利,202607020704,1400,芝,良,曇,14,3歳未勝利,
2026-08-15_中京05R_3歳未勝利,202607020705,1800,ダ,良,曇,16,3歳未勝利,
2026-08-15_中京11R_3歳以上1勝クラス,202607020711,1600,芝,良,晴,15,3歳以上1勝クラス,
2026-08-16_中京01R_2歳未勝利,202607020801,1200,芝,良,晴,10,2歳未勝利,
2026-08-16_中京02R_2歳新馬,202607020802,1400,ダ,良,晴,12,2歳新馬,
2026-08-16_中京03R_2歳新馬,202607020803,1600,芝,良,晴,8,2歳新馬,
2026-08-16_中京04R_3歳未勝利,202607020804,2000,芝,良,晴,18,3歳未勝利,
2026-08-16_中京05R_3歳未勝利,202607020805,1400,ダ,良,晴,16,3歳未勝利,
2026-08-22_中京01R_2歳未勝利,202607030101,1600,芝,良,曇,9,2歳未勝利,
2026-08-22_中京02R_2歳新馬,202607030102,1800,ダ,良,晴,10,2歳新馬,
2026-08-22_中京03R_3歳以上1勝クラス,202607030103,2200,芝,良,晴,8,3歳以上1勝クラス,
2026-08-22_中京04R_3歳未勝利,202607030104,2000,芝,良,晴,18,3歳未勝利,
2026-08-22_中京05R_3歳未勝利,202607030105,1400,ダ,良,晴,16,3歳未勝利,
2026-08-22_中京08R_瀬戸特別,202607030108,1900,ダ,良,晴,10,瀬戸特別,
2026-08-23_中京01R_2歳未勝利,202607030201,1400,芝,良,晴,7,2歳未勝利,
2026-08-23_中京02R_2歳新馬,202607030202,2000,芝,良,晴,8,2歳新馬,
2026-08-23_中京03R_2歳新馬,202607030203,1400,芝,良,晴,9,2歳新馬,
2026-08-23_中京04R_3歳未勝利,202607030204,1900,ダ,良,晴,15,3歳未勝利,
2026-08-23_中京05R_3歳以上1勝クラス,202607030205,2000,芝,良,晴,11,3歳以上1勝クラス,
2026-08-29_中京01R_2歳未勝利,202607030301,2000,芝,良,曇,11,2歳未勝利,
2026-08-29_中京02R_2歳未勝利,202607030302,1800,ダ,稍,曇,12,2歳未勝利,
2026-08-29_中京03R_2歳新馬,202607030303,1400,芝,良,曇,12,2歳新馬,
2026-08-29_中京04R_3歳未勝利,202607030304,2200,芝,良,曇,16,3歳未勝利,
2026-08-29_中京05R_3歳未勝利,202607030305,2000,芝,良,曇,13,3歳未勝利,
2026-08-29_中京12R_3歳未勝利,202607030312,1800,ダ,稍,曇,14,3歳未勝利,
2026-08-30_中京01R_2歳未勝利,202607030401,1400,芝,良,晴,10,2歳未勝利,
2026-08-30_中京02R_2歳新馬,202607030402,1600,芝,良,晴,10,2歳新馬,
2026-08-30_中京03R_2歳新馬,202607030403,2000,芝,良,晴,11,2歳新馬,
2026-08-30_中京04R_3歳未勝利,202607030404,1400,ダ,稍,晴,16,3歳未勝利,
2026-08-30_中京05R_3歳以上1勝クラス,202607030405,1800,ダ,稍,曇,13,3歳以上1勝クラス,
2026-08-30_中京12R_3歳以上1勝クラス,202607030412,1200,ダ,稍,晴,14,3歳以上1勝クラス,
2026-01-04_京都01R_3歳未勝利,202608010101,1200,ダ,良,晴,16,3歳未勝利,
2026-01-04_京都02R_3歳未勝利,202608010102,1800,ダ,良,晴,16,3歳未勝利,
2026-01-04_京都03R_3歳未勝利,202608010103,1400,ダ,良,晴,16,3歳未勝利,
2026-01-04_京都04R_3歳新馬,202608010104,1800,ダ,良,晴,12,3歳新馬,
2026-01-04_京都05R_3歳新馬,202608010105,1800,芝,良,曇,18,3歳新馬,
2026-01-04_京都06R_3歳1勝クラス,202608010106,2000,芝,良,曇,7,3歳1勝クラス,
2026-01-04_京都07R_4歳以上1勝クラス,202608010107,1800,ダ,良,曇,10,4歳以上1勝クラス,
2026-01-04_京都08R_4歳以上1勝クラス,202608010108,1200,ダ,良,曇,16,4歳以上1勝クラス,
2026-01-05_京都01R_3歳未勝利,202608010201,1800,ダ,良,晴,14,3歳未勝利,
2026-01-05_京都02R_3歳未勝利,202608010202,1900,ダ,良,晴,16,3歳未勝利,
2026-01-05_京都03R_3歳新馬,202608010203,1200,ダ,良,晴,14,3歳新馬,
2026-01-05_京都04R_3歳1勝クラス,202608010204,1800,ダ,良,晴,11,3歳1勝クラス,
2026-01-05_京都05R_3歳未勝利,202608010205,2000,芝,良,晴,17,3歳未勝利,
2026-01-05_京都06R_3歳未勝利,202608010206,1600,芝,良,晴,15,3歳未勝利,
2026-01-05_京都07R_4歳以上1勝クラス,202608010207,1800,ダ,良,晴,15,4歳以上1勝クラス,
2026-01-05_京都08R_4歳以上2勝クラス,202608010208,1200,ダ,良,晴,15,4歳以上2勝クラス,
2026-01-10_京都01R_3歳未勝利,202608010301,1800,ダ,良,晴,16,3歳未勝利,
2026-01-10_京都02R_3歳未勝利,202608010302,1900,ダ,良,晴,14,3歳未勝利,
2026-01-10_京都03R_3歳新馬,202608010303,1400,ダ,良,晴,16,3歳新馬,
2026-01-10_京都04R_3歳1勝クラス,202608010304,1800,ダ,良,晴,11,3歳1勝クラス,
2026-01-10_京都05R_3歳未勝利,202608010305,1600,芝,良,晴,18,3歳未勝利,
2026-01-10_京都06R_3歳未勝利,202608010306,2400,芝,良,晴,18,3歳未勝利,
2026-01-10_京都07R_4歳以上1勝クラス,202608010307,1200,ダ,良,晴,15,4歳以上1勝クラス,
2026-01-10_京都08R_牛若丸JS,202608010308,3170,障,良,晴,11,牛若丸JS,OP
2026-01-10_京都10R_鹿ケ谷特別,202608010310,1200,芝,良,晴,18,鹿ケ谷特別,
2026-01-11_京都01R_3歳未勝利,202608010401,1800,ダ,良,晴,16,3歳未勝利,
2026-01-11_京都02R_3歳新馬,202608010402,1800,ダ,良,晴,16,3歳新馬,
2026-01-11_京都03R_3歳未勝利,202608010403,1400,ダ,良,曇,16,3歳未勝利,
2026-01-11_京都04R_4歳以上障害未勝利,202608010404,2910,障,良,晴,14,4歳以上障害未勝利,
2026-01-11_京都05R_3歳1勝クラス,202608010405,1400,ダ,良,晴,10,3歳1勝クラス,
2026-01-11_京都06R_4歳以上1勝クラス,202608010406,1800,ダ,良,晴,14,4歳以上1勝クラス,
2026-01-11_京都07R_4歳以上1勝クラス,202608010407,2000,芝,良,曇,14,4歳以上1勝クラス,
2026-01-11_京都08R_4歳以上2勝クラス,202608010408,1400,ダ,良,小雪,16,4歳以上2勝クラス,
2026-01-12_京都01R_3歳未勝利,202608010501,1200,ダ,良,晴,16,3歳未勝利,
2026-01-12_京都02R_3歳未勝利,202608010502,1800,ダ,良,晴,16,3歳未勝利,
2026-01-12_京都03R_3歳未勝利,202608010503,1400,ダ,良,晴,16,3歳未勝利,
2026-01-12_京都04R_3歳新馬,202608010504,1800,ダ,良,晴,16,3歳新馬,
2026-01-12_京都05R_3歳新馬,202608010505,1600,芝,良,晴,18,3歳新馬,
2026-01-12_京都06R_4歳以上1勝クラス,202608010506,1800,ダ,良,晴,9,4歳以上1勝クラス,
2026-01-12_京都07R_4歳以上1勝クラス,202608010507,1400,ダ,良,晴,16,4歳以上1勝クラス,
2026-01-12_京都08R_4歳以上1勝クラス,202608010508,1900,ダ,良,晴,15,4歳以上1勝クラス,
2026-01-17_京都01R_3歳未勝利,202608010601,1800,ダ,良,晴,10,3歳未勝利,
2026-01-17_京都02R_3歳未勝利,202608010602,1200,ダ,良,晴,16,3歳未勝利,
2026-01-17_京都03R_3歳未勝利,202608010603,1900,ダ,良,晴,13,3歳未勝利,
2026-01-17_京都04R_3歳新馬,202608010604,1400,ダ,良,晴,16,3歳新馬,
2026-01-17_京都05R_3歳未勝利,202608010605,2000,芝,良,晴,18,3歳未勝利,
2026-01-17_京都06R_3歳1勝クラス,202608010606,1800,ダ,良,晴,8,3歳1勝クラス,
2026-01-17_京都07R_4歳以上1勝クラス,202608010607,1400,ダ,良,晴,16,4歳以上1勝クラス,
2026-01-17_京都08R_4歳以上1勝クラス,202608010608,1800,ダ,良,晴,8,4歳以上1勝クラス,
2026-01-18_京都01R_3歳未勝利,202608010701,1200,ダ,良,晴,16,3歳未勝利,
2026-01-18_京都02R_3歳未勝利,202608010702,1800,ダ,良,晴,12,3歳未勝利,
2026-01-18_京都03R_3歳未勝利,202608010703,1400,ダ,良,晴,16,3歳未勝利,
2026-01-18_京都04R_3歳1勝クラス,202608010704,1200,ダ,良,晴,10,3歳1勝クラス,
2026-01-18_京都05R_3歳新馬,202608010705,2000,芝,良,晴,17,3歳新馬,
2026-01-18_京都06R_3歳未勝利,202608010706,1600,芝,良,晴,18,3歳未勝利,
2026-01-18_京都07R_4歳以上1勝クラス,202608010707,1900,ダ,良,晴,11,4歳以上1勝クラス,
2026-01-18_京都08R_4歳以上1勝クラス,202608010708,2400,芝,良,晴,12,4歳以上1勝クラス,
2026-01-24_京都01R_3歳未勝利,202608010801,1800,ダ,良,晴,12,3歳未勝利,
2026-01-24_京都02R_3歳未勝利,202608010802,1200,ダ,良,晴,14,3歳未勝利,
2026-01-24_京都03R_3歳新馬,202608010803,1800,ダ,良,晴,16,3歳新馬,
2026-01-24_京都04R_4歳以上1勝クラス,202608010804,1400,ダ,良,晴,16,4歳以上1勝クラス,
2026-01-24_京都05R_3歳未勝利,202608010805,2200,芝,良,晴,18,3歳未勝利,
2026-01-24_京都06R_3歳未勝利,202608010806,1400,芝,良,晴,17,3歳未勝利,
2026-01-24_京都07R_4歳以上1勝クラス,202608010807,1800,ダ,良,晴,11,4歳以上1勝クラス,
2026-01-24_京都08R_4歳以上2勝クラス,202608010808,1200,ダ,良,晴,15,4歳以上2勝クラス,
2026-01-25_京都01R_3歳未勝利,202608010901,1800,ダ,良,晴,11,3歳未勝利,
2026-01-25_京都02R_3歳未勝利,202608010902,1900,ダ,良,晴,16,3歳未勝利,
2026-01-25_京都03R_3歳未勝利,202608010903,1400,ダ,良,晴,12,3歳未勝利,
2026-01-25_京都04R_3歳未勝利,202608010904,1400,ダ,良,晴,10,3歳未勝利,
2026-01-25_京都05R_3歳新馬,202608010905,1600,芝,良,晴,18,3歳新馬,
2026-01-25_京都06R_4歳以上1勝クラス,202608010906,1200,ダ,良,晴,16,4歳以上1勝クラス,
2026-01-25_京都07R_4歳以上2勝クラス,202608010907,2000,芝,良,晴,10,4歳以上2勝クラス,
2026-01-25_京都08R_4歳以上2勝クラス,202608010908,1800,ダ,良,晴,10,4歳以上2勝クラス,
2026-01-25_京都09R_河津桜賞,202608010909,1600,芝,良,晴,9,河津桜賞,
2026-01-25_京都10R_山城S,202608010910,1400,芝,良,晴,18,山城S,
2026-01-25_京都11R_プロキオンS,202608010911,1800,ダ,良,晴,16,プロキオンS,G2
2026-01-25_京都12R_4歳以上1勝クラス,202608010912,1800,芝,良,晴,9,4歳以上1勝クラス,
2026-01-31_京都01R_3歳未勝利,202608020101,1200,ダ,良,曇,16,3歳未勝利,
2026-01-31_京都02R_3歳未勝利,202608020102,1800,ダ,良,曇,9,3歳未勝利,
2026-01-31_京都03R_3歳未勝利,202608020103,1400,ダ,良,曇,13,3歳未勝利,
2026-01-31_京都04R_3歳未勝利,202608020104,1800,ダ,良,晴,11,3歳未勝利,
2026-01-31_京都05R_3歳新馬,202608020105,2000,芝,良,晴,15,3歳新馬,
2026-01-31_京都06R_3歳未勝利,202608020106,1600,芝,良,晴,16,3歳未勝利,
2026-01-31_京都07R_3歳1勝クラス,202608020107,1800,ダ,良,曇,11,3歳1勝クラス,
2026-01-31_京都08R_4歳以上1勝クラス,202608020108,1900,ダ,良,曇,10,4歳以上1勝クラス,
2026-02-01_京都01R_3歳未勝利,202608020201,1800,ダ,良,晴,13,3歳未勝利,
2026-02-01_京都02R_3歳未勝利,202608020202,1200,ダ,良,晴,15,3歳未勝利,
2026-02-01_京都03R_3歳未勝利,202608020203,1900,ダ,良,晴,10,3歳未勝利,
2026-02-01_京都04R_3歳新馬,202608020204,1400,ダ,良,晴,16,3歳新馬,
2026-02-01_京都05R_3歳未勝利,202608020205,2000,芝,良,晴,13,3歳未勝利,
2026-02-01_京都06R_3歳1勝クラス,202608020206,1400,ダ,良,晴,16,3歳1勝クラス,
2026-02-01_京都07R_4歳以上1勝クラス,202608020207,1800,ダ,良,晴,9,4歳以上1勝クラス,
2026-02-01_京都08R_4歳以上1勝クラス,202608020208,1400,ダ,良,曇,11,4歳以上1勝クラス,
2026-02-07_京都01R_3歳未勝利,202608020301,1800,ダ,良,曇,10,3歳未勝利,
2026-02-07_京都02R_3歳未勝利,202608020302,1900,ダ,良,曇,9,3歳未勝利,
2026-02-07_京都03R_3歳未勝利,202608020303,1400,ダ,良,曇,14,3歳未勝利,
2026-02-07_京都04R_3歳新馬,202608020304,1800,ダ,良,曇,16,3歳新馬,
2026-02-07_京都05R_3歳未勝利,202608020305,1600,芝,良,曇,14,3歳未勝利,
2026-02-07_京都06R_3歳1勝クラス,202608020306,1400,ダ,良,曇,12,3歳1勝クラス,
2026-02-07_京都07R_4歳以上1勝クラス,202608020307,2400,芝,良,曇,9,4歳以上1勝クラス,
2026-02-07_京都08R_4歳以上2勝クラス,202608020308,2000,芝,良,曇,8,4歳以上2勝クラス,
2026-02-07_京都09R_橿原S,202608020309,1200,ダ,良,曇,16,橿原S,
2026-02-07_京都10R_エルフィンS,202608020310,1600,芝,良,曇,9,エルフィンS,L
2026-02-07_京都11R_アルデバランS,202608020311,1900,ダ,良,曇,16,アルデバランS,OP
2026-02-07_京都12R_4歳以上1勝クラス,202608020312,1200,ダ,良,曇,15,4歳以上1勝クラス,
2026-02-10_京都01R_3歳未勝利,202608020401,1200,ダ,良,晴,16,3歳未勝利,
2026-02-10_京都02R_3歳未勝利,202608020402,1800,ダ,良,晴,9,3歳未勝利,
2026-02-10_京都03R_3歳未勝利,202608020403,1400,ダ,良,晴,15,3歳未勝利,
2026-02-10_京都04R_4歳以上1勝クラス,202608020404,1800,ダ,良,晴,9,4歳以上1勝クラス,
2026-02-10_京都05R_3歳新馬,202608020405,1600,芝,良,晴,16,3歳新馬,
2026-02-10_京都06R_3歳未勝利,202608020406,2400,芝,良,晴,15,3歳未勝利,
2026-02-10_京都07R_4歳以上1勝クラス,202608020407,1800,ダ,良,晴,8,4歳以上1勝クラス,
2026-02-10_京都08R_4歳以上2勝クラス,202608020408,1200,芝,良,曇,13,4歳以上2勝クラス,
2026-02-14_京都01R_3歳未勝利,202608020501,1800,ダ,稍,晴,13,3歳未勝利,
2026-02-14_京都02R_3歳未勝利,202608020502,1200,ダ,稍,晴,16,3歳未勝利,
2026-02-14_京都03R_3歳未勝利,202608020503,1900,ダ,稍,晴,11,3歳未勝利,
2026-02-14_京都04R_3歳未勝利,202608020504,1400,ダ,稍,晴,16,3歳未勝利,
2026-02-14_京都05R_3歳新馬,202608020505,1800,ダ,稍,晴,16,3歳新馬,
2026-02-14_京都06R_3歳未勝利,202608020506,1800,芝,良,晴,17,3歳未勝利,
2026-02-14_京都07R_4歳以上1勝クラス,202608020507,1400,ダ,稍,晴,15,4歳以上1勝クラス,
2026-02-14_京都08R_4歳以上2勝クラス,202608020508,1900,ダ,稍,晴,13,4歳以上2勝クラス,
2026-02-14_京都12R_4歳以上1勝クラス,202608020512,1200,ダ,稍,晴,15,4歳以上1勝クラス,
2026-02-15_京都01R_3歳未勝利,202608020601,1800,ダ,良,曇,10,3歳未勝利,
2026-02-15_京都02R_3歳新馬,202608020602,1200,ダ,良,曇,12,3歳新馬,
2026-02-15_京都03R_3歳未勝利,202608020603,1400,ダ,良,曇,16,3歳未勝利,
2026-02-15_京都04R_3歳1勝クラス,202608020604,1900,ダ,良,曇,9,3歳1勝クラス,
2026-02-15_京都05R_3歳未勝利,202608020605,2000,芝,良,曇,15,3歳未勝利,
2026-02-15_京都06R_3歳未勝利,202608020606,1600,芝,良,曇,18,3歳未勝利,
2026-02-15_京都07R_4歳以上1勝クラス,202608020607,1800,ダ,良,曇,13,4歳以上1勝クラス,
2026-02-15_京都08R_4歳以上1勝クラス,202608020608,2000,芝,良,曇,12,4歳以上1勝クラス,
2026-04-25_京都01R_3歳未勝利,202608030101,1800,ダ,稍,晴,16,3歳未勝利,
2026-04-25_京都02R_3歳未勝利,202608030102,1400,ダ,稍,晴,16,3歳未勝利,
2026-04-25_京都03R_3歳未勝利,202608030103,1800,芝,良,晴,15,3歳未勝利,
2026-04-25_京都04R_4歳以上障害OP,202608030104,3170,障,良,晴,11,4歳以上障害OP,OP
2026-04-25_京都05R_3歳未勝利,202608030105,2200,芝,良,晴,12,3歳未勝利,
2026-04-25_京都06R_3歳未勝利,202608030106,1600,芝,良,晴,17,3歳未勝利,
2026-04-25_京都07R_3歳1勝クラス,202608030107,1800,ダ,稍,晴,14,3歳1勝クラス,
2026-04-25_京都08R_あやめ賞,202608030108,1800,芝,良,晴,6,あやめ賞,
2026-04-25_京都10R_観月橋S,202608030110,1800,ダ,稍,晴,11,観月橋S,
2026-04-25_京都11R_天王山S,202608030111,1200,ダ,稍,晴,12,天王山S,OP
2026-04-26_京都01R_3歳未勝利,202608030201,1200,ダ,良,晴,16,3歳未勝利,
2026-04-26_京都02R_3歳未勝利,202608030202,1800,ダ,良,晴,15,3歳未勝利,
2026-04-26_京都03R_3歳未勝利,202608030203,1200,芝,良,晴,18,3歳未勝利,
2026-04-26_京都04R_4歳以上障害未勝利,202608030204,2910,障,良,晴,14,4歳以上障害未勝利,
2026-04-26_京都05R_3歳未勝利,202608030205,2000,芝,良,晴,12,3歳未勝利,
2026-04-26_京都06R_3歳1勝クラス,202608030206,1400,ダ,良,晴,11,3歳1勝クラス,
2026-04-26_京都07R_4歳以上1勝クラス,202608030207,1800,芝,良,晴,14,4歳以上1勝クラス,
2026-04-26_京都08R_4歳以上1勝クラス,202608030208,1800,ダ,良,晴,15,4歳以上1勝クラス,
2026-05-02_京都01R_3歳未勝利,202608030301,1200,ダ,重,晴,16,3歳未勝利,
2026-05-02_京都02R_3歳未勝利,202608030302,1800,ダ,重,晴,15,3歳未勝利,
2026-05-02_京都03R_3歳未勝利,202608030303,1600,芝,稍,晴,18,3歳未勝利,
2026-05-02_京都04R_3歳未勝利,202608030304,1400,芝,稍,晴,18,3歳未勝利,
2026-05-02_京都05R_3歳未勝利,202608030305,2000,芝,良,晴,13,3歳未勝利,
2026-05-02_京都06R_4歳以上1勝クラス,202608030306,1800,ダ,稍,晴,11,4歳以上1勝クラス,
2026-05-02_京都07R_3歳1勝クラス,202608030307,1400,芝,良,晴,12,3歳1勝クラス,
2026-05-02_京都08R_4歳以上1勝クラス,202608030308,1400,ダ,稍,晴,13,4歳以上1勝クラス,
2026-05-03_京都01R_3歳未勝利,202608030401,1400,ダ,稍,曇,16,3歳未勝利,
2026-05-03_京都02R_3歳未勝利,202608030402,1900,ダ,稍,曇,12,3歳未勝利,
2026-05-03_京都03R_3歳未勝利,202608030403,1800,ダ,稍,曇,15,3歳未勝利,
2026-05-03_京都04R_3歳未勝利,202608030404,2400,芝,良,曇,11,3歳未勝利,
2026-05-03_京都05R_3歳未勝利,202608030405,1800,芝,良,曇,11,3歳未勝利,
2026-05-03_京都06R_3歳1勝クラス,202608030406,1400,ダ,稍,曇,16,3歳1勝クラス,
2026-05-03_京都07R_4歳以上1勝クラス,202608030407,2000,芝,良,曇,8,4歳以上1勝クラス,
2026-05-03_京都08R_御池特別,202608030408,1200,芝,良,曇,15,御池特別,
2026-05-09_京都01R_3歳未勝利,202608030501,1400,ダ,良,晴,16,3歳未勝利,
2026-05-09_京都02R_3歳未勝利,202608030502,1800,ダ,良,晴,15,3歳未勝利,
2026-05-09_京都03R_3歳未勝利,202608030503,1400,芝,良,晴,17,3歳未勝利,
2026-05-09_京都04R_3歳未勝利,202608030504,2000,芝,良,晴,15,3歳未勝利,
2026-05-09_京都05R_3歳1勝クラス,202608030505,1600,芝,良,晴,8,3歳1勝クラス,
2026-05-09_京都06R_3歳1勝クラス,202608030506,1200,ダ,良,晴,16,3歳1勝クラス,
2026-05-09_京都07R_4歳以上1勝クラス,202608030507,1900,ダ,良,晴,11,4歳以上1勝クラス,
2026-05-09_京都08R_4歳以上1勝クラス,202608030508,1400,ダ,良,晴,16,4歳以上1勝クラス,
2026-05-10_京都01R_3歳未勝利,202608030601,1800,ダ,良,晴,11,3歳未勝利,
2026-05-10_京都02R_3歳未勝利,202608030602,1200,ダ,良,晴,16,3歳未勝利,
2026-05-10_京都03R_3歳未勝利,202608030603,1900,ダ,良,晴,12,3歳未勝利,
2026-05-10_京都04R_3歳未勝利,202608030604,1600,芝,良,晴,17,3歳未勝利,
2026-05-10_京都05R_3歳未勝利,202608030605,2000,芝,良,晴,13,3歳未勝利,
2026-05-10_京都06R_4歳以上1勝クラス,202608030606,2200,芝,良,晴,10,4歳以上1勝クラス,
2026-05-10_京都07R_3歳1勝クラス,202608030607,1800,ダ,良,晴,12,3歳1勝クラス,
2026-05-10_京都08R_4歳以上1勝クラス,202608030608,1200,芝,良,晴,12,4歳以上1勝クラス,
2026-05-16_京都01R_3歳未勝利,202608030701,1400,ダ,良,晴,16,3歳未勝利,
2026-05-16_京都02R_3歳未勝利,202608030702,1800,ダ,良,晴,11,3歳未勝利,
2026-05-16_京都03R_3歳未勝利,202608030703,1400,芝,良,晴,18,3歳未勝利,
2026-05-16_京都04R_3歳未勝利,202608030704,2400,芝,良,晴,10,3歳未勝利,
2026-05-16_京都05R_3歳未勝利,202608030705,1800,芝,良,晴,14,3歳未勝利,
2026-05-16_京都06R_4歳以上1勝クラス,202608030706,1200,ダ,良,晴,15,4歳以上1勝クラス,
2026-05-16_京都07R_4歳以上1勝クラス,202608030707,1600,芝,良,晴,11,4歳以上1勝クラス,
2026-05-16_京都08R_京都ハイジャンプ,202608030708,3930,障,良,晴,6,京都ハイジャンプ,
2026-05-17_京都01R_3歳未勝利,202608030801,1800,ダ,良,晴,14,3歳未勝利,
2026-05-17_京都02R_3歳未勝利,202608030802,1400,ダ,良,晴,16,3歳未勝利,
2026-05-17_京都03R_3歳未勝利,202608030803,1900,ダ,良,晴,12,3歳未勝利,
2026-05-17_京都04R_3歳未勝利,202608030804,1600,芝,良,晴,17,3歳未勝利,
2026-05-17_京都05R_3歳未勝利,202608030805,2000,芝,良,晴,10,3歳未勝利,
2026-05-17_京都06R_3歳1勝クラス,202608030806,1800,ダ,良,晴,16,3歳1勝クラス,
2026-05-17_京都07R_4歳以上1勝クラス,202608030807,2000,芝,良,晴,12,4歳以上1勝クラス,
2026-05-17_京都08R_4歳以上2勝クラス,202608030808,1900,ダ,良,晴,8,4歳以上2勝クラス,
2026-05-23_京都01R_3歳未勝利,202608030901,1200,ダ,稍,曇,16,3歳未勝利,
2026-05-23_京都02R_3歳未勝利,202608030902,1800,ダ,稍,曇,14,3歳未勝利,
2026-05-23_京都03R_3歳未勝利,202608030903,1200,芝,良,曇,16,3歳未勝利,
2026-05-23_京都04R_3歳未勝利,202608030904,1800,芝,良,曇,17,3歳未勝利,
2026-05-23_京都05R_3歳未勝利,202608030905,2200,芝,良,曇,14,3歳未勝利,
2026-05-23_京都06R_3歳1勝クラス,202608030906,1400,ダ,稍,曇,16,3歳1勝クラス,
2026-05-23_京都07R_4歳以上1勝クラス,202608030907,1800,ダ,稍,曇,16,4歳以上1勝クラス,
2026-05-23_京都08R_4歳以上1勝クラス,202608030908,1800,芝,良,曇,15,4歳以上1勝クラス,
2026-05-24_京都01R_3歳未勝利,202608031001,1800,ダ,良,晴,16,3歳未勝利,
2026-05-24_京都02R_3歳未勝利,202608031002,1900,ダ,良,晴,13,3歳未勝利,
2026-05-24_京都03R_3歳未勝利,202608031003,1600,芝,良,晴,18,3歳未勝利,
2026-05-24_京都04R_3歳未勝利,202608031004,2000,芝,良,晴,10,3歳未勝利,
2026-05-24_京都05R_3歳1勝クラス,202608031005,1200,芝,良,晴,9,3歳1勝クラス,
2026-05-24_京都06R_3歳1勝クラス,202608031006,1900,ダ,良,晴,16,3歳1勝クラス,
2026-05-24_京都07R_4歳以上1勝クラス,202608031007,1400,芝,良,晴,18,4歳以上1勝クラス,
2026-05-24_京都08R_4歳以上2勝クラス,202608031008,1800,ダ,良,晴,12,4歳以上2勝クラス,
2026-05-30_京都01R_3歳未勝利,202608031101,1400,ダ,良,晴,16,3歳未勝利,
2026-05-30_京都02R_3歳未勝利,202608031102,1800,ダ,良,晴,16,3歳未勝利,
2026-05-30_京都03R_3歳未勝利,202608031103,1400,芝,良,晴,18,3歳未勝利,
2026-05-30_京都04R_3歳未勝利,202608031104,2400,芝,良,晴,18,3歳未勝利,
2026-05-30_京都05R_3歳未勝利,202608031105,1800,芝,良,晴,18,3歳未勝利,
2026-05-30_京都06R_4歳以上1勝クラス,202608031106,1800,ダ,良,晴,12,4歳以上1勝クラス,
2026-05-30_京都07R_4歳以上1勝クラス,202608031107,1600,芝,良,晴,15,4歳以上1勝クラス,
2026-05-30_京都08R_4歳以上2勝クラス,202608031108,1400,芝,良,晴,12,4歳以上2勝クラス,
2026-05-30_京都09R_鳳雛S,202608031109,1800,ダ,良,晴,9,鳳雛S,L
2026-05-31_京都01R_3歳未勝利,202608031201,1800,ダ,良,晴,16,3歳未勝利,
2026-05-31_京都02R_3歳未勝利,202608031202,1200,ダ,良,晴,16,3歳未勝利,
2026-05-31_京都03R_3歳未勝利,202608031203,1900,ダ,良,晴,16,3歳未勝利,
2026-05-31_京都04R_4歳以上障害OP,202608031204,3170,障,良,晴,10,4歳以上障害OP,OP
2026-05-31_京都05R_3歳未勝利,202608031205,1600,芝,良,晴,18,3歳未勝利,
2026-05-31_京都06R_3歳1勝クラス,202608031206,1400,ダ,良,晴,14,3歳1勝クラス,
2026-05-31_京都07R_4歳以上1勝クラス,202608031207,2400,芝,良,晴,10,4歳以上1勝クラス,
2026-05-31_京都08R_4歳以上2勝クラス,202608031208,2000,芝,良,晴,8,4歳以上2勝クラス,
2026-02-21_阪神01R_3歳未勝利,202609010101,1200,ダ,良,晴,16,3歳未勝利,
2026-02-21_阪神02R_3歳未勝利,202609010102,1800,ダ,良,晴,14,3歳未勝利,
2026-02-21_阪神03R_3歳未勝利,202609010103,1400,ダ,良,晴,16,3歳未勝利,
2026-02-21_阪神04R_3歳新馬,202609010104,1800,ダ,良,晴,14,3歳新馬,
2026-02-21_阪神05R_3歳未勝利,202609010105,1600,芝,良,晴,18,3歳未勝利,
2026-02-21_阪神06R_3歳未勝利,202609010106,2400,芝,良,晴,11,3歳未勝利,
2026-02-21_阪神07R_4歳以上1勝クラス,202609010107,1400,ダ,良,晴,16,4歳以上1勝クラス,
2026-02-21_阪神08R_すみれS,202609010108,2200,芝,良,晴,7,すみれS,L
2026-02-22_阪神01R_3歳未勝利,202609010201,1800,ダ,良,晴,10,3歳未勝利,
2026-02-22_阪神02R_3歳未勝利,202609010202,1200,ダ,良,晴,16,3歳未勝利,
2026-02-22_阪神03R_3歳未勝利,202609010203,1800,ダ,良,晴,11,3歳未勝利,
2026-02-22_阪神04R_3歳新馬,202609010204,1400,ダ,良,晴,14,3歳新馬,
2026-02-22_阪神05R_3歳未勝利,202609010205,2000,芝,良,晴,13,3歳未勝利,
2026-02-22_阪神06R_3歳1勝クラス,202609010206,1400,ダ,良,晴,11,3歳1勝クラス,
2026-02-22_阪神07R_4歳以上1勝クラス,202609010207,2400,芝,良,晴,9,4歳以上1勝クラス,
2026-02-22_阪神08R_4歳以上1勝クラス,202609010208,1800,ダ,良,晴,15,4歳以上1勝クラス,
2026-02-28_阪神01R_3歳未勝利,202609010301,1400,ダ,良,晴,16,3歳未勝利,
2026-02-28_阪神02R_3歳未勝利,202609010302,1800,ダ,良,晴,14,3歳未勝利,
2026-02-28_阪神03R_3歳未勝利,202609010303,1200,ダ,良,晴,16,3歳未勝利,
2026-02-28_阪神04R_3歳未勝利,202609010304,1800,ダ,良,晴,14,3歳未勝利,
2026-02-28_阪神05R_3歳未勝利,202609010305,1800,芝,良,晴,14,3歳未勝利,
2026-02-28_阪神06R_4歳以上1勝クラス,202609010306,1800,ダ,良,晴,13,4歳以上1勝クラス,
2026-02-28_阪神07R_4歳以上1勝クラス,202609010307,1400,ダ,良,曇,16,4歳以上1勝クラス,
2026-02-28_阪神08R_4歳以上2勝クラス,202609010308,1800,ダ,良,曇,15,4歳以上2勝クラス,
2026-03-01_阪神01R_3歳未勝利,202609010401,1800,ダ,良,晴,13,3歳未勝利,
2026-03-01_阪神02R_3歳未勝利,202609010402,1400,ダ,良,晴,16,3歳未勝利,
2026-03-01_阪神03R_3歳未勝利,202609010403,2000,ダ,良,晴,12,3歳未勝利,
2026-03-01_阪神04R_3歳1勝クラス,202609010404,1800,ダ,良,晴,8,3歳1勝クラス,
2026-03-01_阪神05R_3歳未勝利,202609010405,2000,芝,良,晴,13,3歳未勝利,
2026-03-01_阪神06R_3歳1勝クラス,202609010406,2000,芝,良,晴,8,3歳1勝クラス,
2026-03-01_阪神07R_4歳以上1勝クラス,202609010407,1200,ダ,良,晴,16,4歳以上1勝クラス,
2026-03-01_阪神08R_4歳以上1勝クラス,202609010408,1800,芝,良,晴,15,4歳以上1勝クラス,
2026-03-01_阪神12R_4歳以上2勝クラス,202609010412,1200,ダ,良,晴,16,4歳以上2勝クラス,
2026-03-07_阪神01R_3歳未勝利,202609010501,1800,ダ,稍,晴,14,3歳未勝利,
2026-03-07_阪神02R_3歳未勝利,202609010502,1400,ダ,稍,晴,16,3歳未勝利,
2026-03-07_阪神03R_3歳未勝利,202609010503,2000,ダ,稍,晴,13,3歳未勝利,
2026-03-07_阪神04R_3歳未勝利,202609010504,2400,芝,稍,晴,13,3歳未勝利,
2026-03-07_阪神05R_3歳未勝利,202609010505,1600,芝,良,晴,18,3歳未勝利,
2026-03-07_阪神06R_3歳1勝クラス,202609010506,1200,ダ,稍,晴,12,3歳1勝クラス,
2026-03-07_阪神07R_4歳以上1勝クラス,202609010507,1800,ダ,稍,晴,8,4歳以上1勝クラス,
2026-03-07_阪神08R_4歳以上2勝クラス,202609010508,1600,芝,良,晴,10,4歳以上2勝クラス,
2026-03-08_阪神01R_3歳未勝利,202609010601,1800,ダ,良,曇,12,3歳未勝利,
2026-03-08_阪神02R_3歳未勝利,202609010602,1200,ダ,良,曇,16,3歳未勝利,
2026-03-08_阪神03R_3歳未勝利,202609010603,1800,ダ,良,曇,14,3歳未勝利,
2026-03-08_阪神04R_3歳未勝利,202609010604,1400,ダ,良,曇,16,3歳未勝利,
2026-03-08_阪神05R_3歳1勝クラス,202609010605,1800,ダ,良,曇,16,3歳1勝クラス,
2026-03-08_阪神06R_4歳以上1勝クラス,202609010606,2000,ダ,良,晴,9,4歳以上1勝クラス,
2026-03-08_阪神07R_4歳以上1勝クラス,202609010607,2000,芝,良,晴,9,4歳以上1勝クラス,
2026-03-08_阪神08R_4歳以上2勝クラス,202609010608,1800,ダ,良,晴,9,4歳以上2勝クラス,
2026-03-14_阪神01R_3歳未勝利,202609010701,1800,ダ,良,晴,13,3歳未勝利,
2026-03-14_阪神02R_3歳未勝利,202609010702,1400,ダ,良,晴,16,3歳未勝利,
2026-03-14_阪神03R_3歳未勝利,202609010703,1800,ダ,良,晴,13,3歳未勝利,
2026-03-14_阪神04R_3歳未勝利,202609010704,1400,芝,良,晴,18,3歳未勝利,
2026-03-14_阪神05R_3歳未勝利,202609010705,1800,芝,良,晴,18,3歳未勝利,
2026-03-14_阪神06R_4歳以上1勝クラス,202609010706,1800,ダ,良,晴,13,4歳以上1勝クラス,
2026-03-14_阪神07R_4歳以上1勝クラス,202609010707,1400,ダ,良,晴,16,4歳以上1勝クラス,
2026-03-14_阪神08R_阪神スプリングジャンプ,202609010708,3900,障,良,晴,10,阪神スプリングジャンプ,
2026-03-15_阪神01R_3歳未勝利,202609010801,1400,ダ,良,曇,16,3歳未勝利,
2026-03-15_阪神02R_3歳未勝利,202609010802,1800,ダ,良,曇,14,3歳未勝利,
2026-03-15_阪神03R_3歳未勝利,202609010803,1200,ダ,良,曇,16,3歳未勝利,
2026-03-15_阪神04R_4歳以上障害未勝利,202609010804,2970,障,良,曇,14,4歳以上障害未勝利,
2026-03-15_阪神05R_3歳未勝利,202609010805,2000,芝,良,曇,16,3歳未勝利,
2026-03-15_阪神06R_3歳1勝クラス,202609010806,1600,芝,良,曇,11,3歳1勝クラス,
2026-03-15_阪神07R_4歳以上1勝クラス,202609010807,1600,芝,良,曇,13,4歳以上1勝クラス,
2026-03-15_阪神08R_4歳以上2勝クラス,202609010808,1800,ダ,良,曇,11,4歳以上2勝クラス,
2026-03-21_阪神01R_3歳未勝利,202609010901,1800,ダ,稍,晴,10,3歳未勝利,
2026-03-21_阪神02R_3歳未勝利,202609010902,1200,ダ,稍,晴,13,3歳未勝利,
2026-03-21_阪神03R_3歳未勝利,202609010903,2000,ダ,稍,晴,10,3歳未勝利,
2026-03-21_阪神04R_3歳未勝利,202609010904,1400,ダ,稍,晴,15,3歳未勝利,
2026-03-21_阪神05R_3歳未勝利,202609010905,1600,芝,良,晴,18,3歳未勝利,
2026-03-21_阪神06R_3歳1勝クラス,202609010906,1400,ダ,良,晴,16,3歳1勝クラス,
2026-03-21_阪神07R_4歳以上1勝クラス,202609010907,1800,ダ,良,晴,11,4歳以上1勝クラス,
2026-03-21_阪神08R_4歳以上2勝クラス,202609010908,1800,ダ,良,晴,12,4歳以上2勝クラス,
2026-03-22_阪神01R_3歳未勝利,202609011001,1400,ダ,良,晴,14,3歳未勝利,
2026-03-22_阪神02R_3歳未勝利,202609011002,1800,ダ,良,晴,13,3歳未勝利,
2026-03-22_阪神03R_3歳未勝利,202609011003,1200,ダ,良,晴,13,3歳未勝利,
2026-03-22_阪神04R_3歳未勝利,202609011004,2400,芝,良,曇,17,3歳未勝利,
2026-03-22_阪神05R_3歳1勝クラス,202609011005,1200,芝,良,曇,11,3歳1勝クラス,
2026-03-22_阪神06R_3歳1勝クラス,202609011006,1800,ダ,良,曇,13,3歳1勝クラス,
2026-03-22_阪神07R_4歳以上1勝クラス,202609011007,2400,芝,良,曇,11,4歳以上1勝クラス,
2026-03-22_阪神08R_4歳以上1勝クラス,202609011008,1800,ダ,良,曇,10,4歳以上1勝クラス,
2026-03-22_阪神10R_レグルスS,202609011010,1800,ダ,良,曇,16,レグルスS,OP
2026-03-28_阪神01R_3歳未勝利,202609020101,1200,ダ,稍,晴,16,3歳未勝利,
2026-03-28_阪神02R_3歳未勝利,202609020102,1800,ダ,稍,晴,11,3歳未勝利,
2026-03-28_阪神03R_3歳未勝利,202609020103,1200,ダ,稍,晴,16,3歳未勝利,
2026-03-28_阪神04R_3歳未勝利,202609020104,1800,ダ,稍,晴,13,3歳未勝利,
2026-03-28_阪神05R_3歳未勝利,202609020105,1600,芝,良,晴,18,3歳未勝利,
2026-03-28_阪神06R_3歳1勝クラス,202609020106,1400,芝,良,晴,11,3歳1勝クラス,
2026-03-28_阪神07R_4歳以上1勝クラス,202609020107,1400,ダ,良,晴,12,4歳以上1勝クラス,
2026-03-28_阪神08R_三木ホースランドパークJS,202609020108,3140,障,良,晴,11,三木ホースランドパークJS,OP
2026-03-29_阪神01R_3歳未勝利,202609020201,1800,ダ,良,晴,14,3歳未勝利,
2026-03-29_阪神02R_3歳未勝利,202609020202,2000,ダ,良,晴,9,3歳未勝利,
2026-03-29_阪神03R_3歳未勝利,202609020203,1400,ダ,良,晴,16,3歳未勝利,
2026-03-29_阪神04R_4歳以上障害未勝利,202609020204,2970,障,良,晴,14,4歳以上障害未勝利,
2026-03-29_阪神05R_3歳未勝利,202609020205,2000,芝,良,晴,12,3歳未勝利,
2026-03-29_阪神06R_3歳1勝クラス,202609020206,1200,ダ,良,晴,10,3歳1勝クラス,
2026-03-29_阪神07R_4歳以上1勝クラス,202609020207,1400,芝,良,晴,14,4歳以上1勝クラス,
2026-03-29_阪神08R_四国新聞杯,202609020208,2000,芝,良,晴,7,四国新聞杯,
2026-04-04_阪神01R_3歳未勝利,202609020301,1800,ダ,稍,小雨,16,3歳未勝利,
2026-04-04_阪神02R_3歳未勝利,202609020302,1400,ダ,稍,小雨,16,3歳未勝利,
2026-04-04_阪神03R_3歳未勝利,202609020303,1800,ダ,稍,小雨,14,3歳未勝利,
2026-04-04_阪神04R_3歳未勝利,202609020304,1400,芝,良,小雨,18,3歳未勝利,
2026-04-04_阪神05R_3歳未勝利,202609020305,1800,芝,良,雨,18,3歳未勝利,
2026-04-04_阪神06R_4歳以上1勝クラス,202609020306,1200,ダ,稍,雨,16,4歳以上1勝クラス,
2026-04-04_阪神07R_4歳以上1勝クラス,202609020307,1800,ダ,稍,雨,9,4歳以上1勝クラス,
2026-04-04_阪神08R_4歳以上2勝クラス,202609020308,1200,芝,稍,雨,9,4歳以上2勝クラス,
2026-04-05_阪神01R_3歳未勝利,202609020401,1400,ダ,重,晴,15,3歳未勝利,
2026-04-05_阪神02R_3歳未勝利,202609020402,1800,ダ,重,晴,13,3歳未勝利,
2026-04-05_阪神03R_3歳未勝利,202609020403,1200,ダ,重,晴,16,3歳未勝利,
2026-04-05_阪神04R_3歳未勝利,202609020404,2400,芝,稍,晴,15,3歳未勝利,
2026-04-05_阪神05R_3歳1勝クラス,202609020405,1800,ダ,重,晴,13,3歳1勝クラス,
2026-04-05_阪神06R_4歳以上1勝クラス,202609020406,2000,芝,稍,晴,9,4歳以上1勝クラス,
2026-04-05_阪神07R_4歳以上2勝クラス,202609020407,1800,ダ,重,晴,15,4歳以上2勝クラス,
2026-04-05_阪神08R_4歳以上2勝クラス,202609020408,1800,芝,稍,晴,11,4歳以上2勝クラス,
2026-04-11_阪神01R_3歳未勝利,202609020501,1800,ダ,重,晴,16,3歳未勝利,
2026-04-11_阪神02R_3歳未勝利,202609020502,1400,ダ,重,晴,16,3歳未勝利,
2026-04-11_阪神03R_3歳未勝利,202609020503,1800,ダ,重,晴,13,3歳未勝利,
2026-04-11_阪神04R_3歳未勝利,202609020504,2000,芝,稍,晴,16,3歳未勝利,
2026-04-11_阪神05R_3歳1勝クラス,202609020505,1800,ダ,重,晴,12,3歳1勝クラス,
2026-04-11_阪神06R_3歳1勝クラス,202609020506,1200,芝,稍,晴,15,3歳1勝クラス,
2026-04-11_阪神07R_4歳以上1勝クラス,202609020507,1800,ダ,重,晴,11,4歳以上1勝クラス,
2026-04-11_阪神08R_4歳以上1勝クラス,202609020508,1400,ダ,重,晴,16,4歳以上1勝クラス,
2026-04-11_阪神11R_阪神牝馬S,202609020511,1600,芝,良,晴,10,阪神牝馬S,G2
2026-04-12_阪神01R_3歳未勝利,202609020601,1400,ダ,稍,晴,16,3歳未勝利,
2026-04-12_阪神02R_3歳未勝利,202609020602,1800,ダ,稍,晴,16,3歳未勝利,
2026-04-12_阪神03R_3歳未勝利,202609020603,1200,ダ,稍,晴,16,3歳未勝利,
2026-04-12_阪神04R_3歳未勝利,202609020604,1600,芝,良,晴,18,3歳未勝利,
2026-04-12_阪神05R_3歳1勝クラス,202609020605,1400,ダ,稍,晴,16,3歳1勝クラス,
2026-04-12_阪神06R_4歳以上1勝クラス,202609020606,1800,ダ,稍,晴,10,4歳以上1勝クラス,
2026-04-12_阪神07R_4歳以上2勝クラス,202609020607,1600,芝,良,晴,11,4歳以上2勝クラス,
2026-04-12_阪神08R_川西特別,202609020608,1800,ダ,良,晴,11,川西特別,
2026-04-18_阪神01R_3歳未勝利,202609020701,1800,ダ,良,晴,15,3歳未勝利,
2026-04-18_阪神02R_3歳未勝利,202609020702,1200,ダ,良,晴,16,3歳未勝利,
2026-04-18_阪神03R_3歳未勝利,202609020703,2000,ダ,良,晴,15,3歳未勝利,
2026-04-18_阪神04R_3歳未勝利,202609020704,1800,芝,良,晴,18,3歳未勝利,
2026-04-18_阪神05R_3歳1勝クラス,202609020705,2000,芝,良,晴,6,3歳1勝クラス,
2026-04-18_阪神06R_3歳1勝クラス,202609020706,1800,ダ,良,晴,15,3歳1勝クラス,
2026-04-18_阪神07R_4歳以上1勝クラス,202609020707,1600,芝,良,晴,14,4歳以上1勝クラス,
2026-04-18_阪神08R_4歳以上1勝クラス,202609020708,2400,芝,良,晴,9,4歳以上1勝クラス,
2026-04-19_阪神01R_3歳未勝利,202609020801,1800,ダ,良,晴,16,3歳未勝利,
2026-04-19_阪神02R_3歳未勝利,202609020802,2000,芝,良,晴,16,3歳未勝利,
2026-04-19_阪神03R_3歳未勝利,202609020803,1400,ダ,良,晴,16,3歳未勝利,
2026-04-19_阪神04R_4歳以上障害未勝利,202609020804,2970,障,良,晴,14,4歳以上障害未勝利,
2026-04-19_阪神05R_3歳未勝利,202609020805,2200,芝,良,晴,13,3歳未勝利,
2026-04-19_阪神06R_3歳1勝クラス,202609020806,1200,ダ,良,曇,15,3歳1勝クラス,
2026-04-19_阪神07R_3歳1勝クラス,202609020807,1600,芝,良,曇,8,3歳1勝クラス,
2026-04-19_阪神08R_4歳以上1勝クラス,202609020808,1800,ダ,良,曇,11,4歳以上1勝クラス,
2026-06-06_阪神01R_3歳未勝利,202609030101,1400,ダ,良,晴,16,3歳未勝利,
2026-06-06_阪神02R_3歳未勝利,202609030102,1200,ダ,良,晴,16,3歳未勝利,
2026-06-06_阪神03R_3歳未勝利,202609030103,1800,ダ,良,晴,16,3歳未勝利,
2026-06-06_阪神04R_3歳未勝利,202609030104,1200,芝,良,晴,16,3歳未勝利,
2026-06-06_阪神05R_2歳新馬,202609030105,1600,芝,良,晴,6,2歳新馬,
2026-06-06_阪神06R_3歳未勝利,202609030106,1800,ダ,良,晴,16,3歳未勝利,
2026-06-06_阪神07R_3歳未勝利,202609030107,1600,芝,良,晴,18,3歳未勝利,
2026-06-06_阪神08R_3歳以上1勝クラス,202609030108,2200,芝,良,晴,9,3歳以上1勝クラス,
2026-06-07_阪神01R_3歳以上障害未勝利,202609030201,2970,障,良,雨,14,3歳以上障害未勝利,
2026-06-07_阪神02R_3歳未勝利,202609030202,1800,芝,良,雨,15,3歳未勝利,
2026-06-07_阪神03R_3歳未勝利,202609030203,1800,ダ,良,雨,16,3歳未勝利,
2026-06-07_阪神04R_3歳未勝利,202609030204,1400,ダ,良,雨,16,3歳未勝利,
2026-06-07_阪神05R_2歳新馬,202609030205,1400,芝,稍,雨,11,2歳新馬,
2026-06-07_阪神06R_3歳未勝利,202609030206,2000,芝,稍,雨,16,3歳未勝利,
2026-06-07_阪神07R_3歳以上1勝クラス,202609030207,1800,ダ,稍,雨,16,3歳以上1勝クラス,
2026-06-07_阪神08R_3歳以上1勝クラス,202609030208,1400,芝,稍,雨,18,3歳以上1勝クラス,
2026-06-13_阪神01R_3歳未勝利,202609030301,1200,ダ,良,晴,16,3歳未勝利,
2026-06-13_阪神02R_3歳未勝利,202609030302,2000,ダ,良,晴,16,3歳未勝利,
2026-06-13_阪神03R_3歳未勝利,202609030303,1600,芝,良,晴,18,3歳未勝利,
2026-06-13_阪神04R_3歳未勝利,202609030304,1800,芝,良,晴,16,3歳未勝利,
2026-06-13_阪神05R_2歳新馬,202609030305,1200,芝,良,晴,11,2歳新馬,
2026-06-13_阪神06R_2歳新馬,202609030306,1400,ダ,良,晴,13,2歳新馬,
2026-06-13_阪神07R_3歳以上1勝クラス,202609030307,1800,ダ,良,晴,16,3歳以上1勝クラス,
2026-06-13_阪神08R_3歳以上1勝クラス,202609030308,1600,芝,良,晴,15,3歳以上1勝クラス,
2026-06-14_阪神01R_3歳未勝利,202609030401,1800,ダ,良,曇,16,3歳未勝利,
2026-06-14_阪神02R_3歳未勝利,202609030402,1400,ダ,良,曇,16,3歳未勝利,
2026-06-14_阪神03R_3歳未勝利,202609030403,1800,ダ,良,曇,16,3歳未勝利,
2026-06-14_阪神04R_3歳未勝利,202609030404,2200,芝,良,曇,17,3歳未勝利,
2026-06-14_阪神05R_2歳新馬,202609030405,1800,芝,良,曇,8,2歳新馬,
2026-06-14_阪神06R_3歳以上1勝クラス,202609030406,1200,ダ,良,曇,16,3歳以上1勝クラス,
2026-06-14_阪神07R_3歳以上1勝クラス,202609030407,2000,芝,良,曇,11,3歳以上1勝クラス,
2026-06-14_阪神08R_逆瀬川特別,202609030408,1800,ダ,良,曇,9,逆瀬川特別,
2026-06-20_阪神01R_3歳以上障害OP,202609030501,3110,障,稍,小雨,9,3歳以上障害OP,OP
2026-06-20_阪神02R_3歳未勝利,202609030502,1200,ダ,稍,曇,16,3歳未勝利,
2026-06-20_阪神03R_3歳未勝利,202609030503,1800,ダ,稍,曇,16,3歳未勝利,
2026-06-20_阪神04R_3歳未勝利,202609030504,1800,ダ,稍,小雨,16,3歳未勝利,
2026-06-20_阪神05R_2歳新馬,202609030505,1400,芝,稍,雨,9,2歳新馬,
2026-06-20_阪神06R_3歳未勝利,202609030506,1800,芝,稍,雨,18,3歳未勝利,
2026-06-20_阪神07R_3歳以上1勝クラス,202609030507,2400,芝,稍,雨,16,3歳以上1勝クラス,
2026-06-20_阪神08R_3歳以上1勝クラス,202609030508,1800,ダ,稍,雨,16,3歳以上1勝クラス,
2026-06-21_阪神01R_3歳未勝利,202609030601,1400,ダ,不,晴,16,3歳未勝利,
2026-06-21_阪神02R_3歳未勝利,202609030602,1600,芝,稍,晴,18,3歳未勝利,
2026-06-21_阪神03R_3歳未勝利,202609030603,1800,ダ,重,晴,16,3歳未勝利,
2026-06-21_阪神04R_3歳未勝利,202609030604,2400,芝,稍,晴,18,3歳未勝利,
2026-06-21_阪神05R_2歳新馬,202609030605,1600,芝,稍,晴,9,2歳新馬,
2026-06-21_阪神06R_3歳未勝利,202609030606,1400,芝,稍,晴,18,3歳未勝利,
2026-06-21_阪神07R_3歳以上1勝クラス,202609030607,1400,ダ,重,晴,16,3歳以上1勝クラス,
2026-06-21_阪神08R_3歳以上1勝クラス,202609030608,2000,芝,稍,晴,8,3歳以上1勝クラス,
2026-09-05_阪神01R_2歳未勝利,202609040101,1400,ダ,稍,晴,11,2歳未勝利,
2026-09-05_阪神02R_2歳未勝利,202609040102,1800,芝,稍,晴,5,2歳未勝利,
2026-09-05_阪神03R_3歳未勝利,202609040103,1800,ダ,稍,晴,13,3歳未勝利,
2026-09-05_阪神04R_3歳未勝利,202609040104,1600,芝,稍,晴,18,3歳未勝利,
2026-09-05_阪神05R_2歳新馬,202609040105,1400,芝,良,晴,12,2歳新馬,
2026-09-05_阪神06R_2歳新馬,202609040106,1400,ダ,稍,晴,13,2歳新馬,
2026-09-05_阪神07R_3歳以上1勝クラス,202609040107,1200,芝,良,晴,16,3歳以上1勝クラス,
2026-09-05_阪神08R_3歳以上1勝クラス,202609040108,2000,芝,良,晴,9,3歳以上1勝クラス,
2026-09-05_阪神12R_3歳以上1勝クラス,202609040112,1400,ダ,稍,曇,12,3歳以上1勝クラス,
2026-09-06_阪神01R_2歳未勝利,202609040201,1400,芝,良,曇,10,2歳未勝利,
2026-09-06_阪神02R_3歳未勝利,202609040202,1200,ダ,良,曇,16,3歳未勝利,
2026-09-06_阪神03R_3歳未勝利,202609040203,1800,ダ,良,曇,15,3歳未勝利,
2026-09-06_阪神04R_3歳未勝利,202609040204,2000,芝,良,曇,16,3歳未勝利,
2026-09-06_阪神05R_2歳新馬,202609040205,1800,芝,良,曇,10,2歳新馬,
2026-09-06_阪神06R_3歳以上1勝クラス,202609040206,1800,ダ,良,曇,12,3歳以上1勝クラス,
2026-09-06_阪神07R_3歳以上1勝クラス,202609040207,1600,芝,良,曇,14,3歳以上1勝クラス,
2026-09-06_阪神08R_武田尾特別,202609040208,1600,芝,良,曇,7,武田尾特別,
2026-09-06_阪神09R_3歳以上1勝クラス,202609040209,1800,ダ,良,曇,16,3歳以上1勝クラス,
2026-09-06_阪神10R_オークランドTRT,202609040210,1200,ダ,良,曇,13,オークランドTRT,
2026-09-06_阪神11R_セントウルS,202609040211,1200,芝,良,曇,16,セントウルS,G2
2026-09-06_阪神12R_3歳以上2勝クラス,202609040212,1400,ダ,良,小雨,16,3歳以上2勝クラス,
2026-09-12_阪神01R_3歳以上障害未勝利,202609040301,2970,障,良,曇,8,3歳以上障害未勝利,
2026-09-12_阪神02R_2歳未勝利,202609040302,2000,芝,良,曇,7,2歳未勝利,
2026-09-12_阪神03R_2歳未勝利,202609040303,1800,ダ,稍,曇,7,2歳未勝利,
2026-09-12_阪神04R_3歳未勝利,202609040304,1800,芝,良,曇,18,3歳未勝利,
2026-09-12_阪神05R_2歳新馬,202609040305,1600,芝,良,曇,10,2歳新馬,
2026-09-12_阪神06R_2歳新馬,202609040306,1800,ダ,稍,曇,8,2歳新馬,
2026-09-12_阪神07R_3歳未勝利,202609040307,1400,ダ,稍,晴,16,3歳未勝利,
2026-09-12_阪神08R_3歳以上1勝クラス,202609040308,1800,芝,良,晴,14,3歳以上1勝クラス,
2026-01-24_小倉01R_3歳未勝利,202610010101,1700,ダ,良,曇,10,3歳未勝利,
2026-01-24_小倉02R_3歳未勝利,202610010102,1800,芝,良,曇,16,3歳未勝利,
2026-01-24_小倉03R_3歳未勝利,202610010103,1000,ダ,良,曇,14,3歳未勝利,
2026-01-24_小倉04R_4歳以上障害OP,202610010104,3390,障,良,曇,12,4歳以上障害OP,OP
2026-01-24_小倉05R_4歳以上障害未勝利,202610010105,2860,障,良,曇,11,4歳以上障害未勝利,
2026-01-24_小倉06R_3歳新馬,202610010106,2000,芝,良,晴,18,3歳新馬,
2026-01-24_小倉07R_4歳以上1勝クラス,202610010107,2600,芝,良,晴,15,4歳以上1勝クラス,
2026-01-24_小倉08R_4歳以上1勝クラス,202610010108,2400,ダ,良,晴,7,4歳以上1勝クラス,
2026-01-25_小倉01R_3歳未勝利,202610010201,1700,ダ,良,晴,16,3歳未勝利,
2026-01-25_小倉02R_3歳未勝利,202610010202,1200,芝,良,晴,18,3歳未勝利,
2026-01-25_小倉03R_4歳以上1勝クラス,202610010203,1000,ダ,良,晴,14,4歳以上1勝クラス,
2026-01-25_小倉04R_4歳以上障害未勝利,202610010204,2860,障,良,晴,12,4歳以上障害未勝利,
2026-01-25_小倉05R_3歳新馬,202610010205,1200,芝,良,晴,18,3歳新馬,
2026-01-25_小倉06R_3歳未勝利,202610010206,1700,ダ,良,晴,11,3歳未勝利,
2026-01-25_小倉07R_3歳未勝利,202610010207,2000,芝,良,晴,18,3歳未勝利,
2026-01-25_小倉08R_4歳以上1勝クラス,202610010208,1800,芝,良,晴,16,4歳以上1勝クラス,
2026-01-25_小倉09R_八幡特別,202610010209,1200,芝,良,晴,16,八幡特別,
2026-01-25_小倉10R_響灘特別,202610010210,1700,ダ,良,晴,16,響灘特別,
2026-01-25_小倉11R_壇之浦S,202610010211,1800,芝,良,晴,12,壇之浦S,
2026-01-25_小倉12R_4歳以上1勝クラス,202610010212,2000,芝,良,晴,14,4歳以上1勝クラス,
2026-01-31_小倉01R_3歳未勝利,202610010301,1000,ダ,良,晴,14,3歳未勝利,
2026-01-31_小倉02R_3歳未勝利,202610010302,2000,芝,良,晴,18,3歳未勝利,
2026-01-31_小倉03R_4歳以上1勝クラス,202610010303,1700,ダ,良,晴,16,4歳以上1勝クラス,
2026-01-31_小倉04R_4歳以上障害OP,202610010304,2860,障,良,晴,12,4歳以上障害OP,OP
2026-01-31_小倉05R_4歳以上障害未勝利,202610010305,2860,障,良,晴,11,4歳以上障害未勝利,
2026-01-31_小倉06R_3歳未勝利,202610010306,1200,芝,良,晴,18,3歳未勝利,
2026-01-31_小倉07R_3歳未勝利,202610010307,1800,芝,良,晴,16,3歳未勝利,
2026-01-31_小倉08R_4歳以上1勝クラス,202610010308,1200,芝,良,晴,18,4歳以上1勝クラス,
2026-02-01_小倉01R_3歳未勝利,202610010401,1700,ダ,良,曇,16,3歳未勝利,
2026-02-01_小倉02R_3歳未勝利,202610010402,1200,芝,良,曇,18,3歳未勝利,
2026-02-01_小倉03R_4歳以上1勝クラス,202610010403,1000,ダ,良,曇,14,4歳以上1勝クラス,
2026-02-01_小倉04R_4歳以上障害未勝利,202610010404,2860,障,良,曇,12,4歳以上障害未勝利,
2026-02-01_小倉05R_3歳新馬,202610010405,1200,芝,良,曇,18,3歳新馬,
2026-02-01_小倉06R_3歳未勝利,202610010406,2000,芝,良,曇,18,3歳未勝利,
2026-02-01_小倉07R_4歳以上1勝クラス,202610010407,1700,ダ,良,曇,15,4歳以上1勝クラス,
2026-02-01_小倉08R_4歳以上1勝クラス,202610010408,1800,芝,良,曇,13,4歳以上1勝クラス,
2026-02-07_小倉01R_3歳未勝利,202610010501,1700,ダ,良,小雨,16,3歳未勝利,
2026-02-07_小倉02R_3歳未勝利,202610010502,1200,芝,良,小雨,18,3歳未勝利,
2026-02-07_小倉03R_3歳未勝利,202610010503,1000,ダ,良,小雨,14,3歳未勝利,
2026-02-07_小倉04R_4歳以上障害未勝利,202610010504,2860,障,稍,雨,12,4歳以上障害未勝利,
2026-02-07_小倉05R_4歳以上障害未勝利,202610010505,2860,障,稍,小雨,12,4歳以上障害未勝利,
2026-02-07_小倉06R_3歳未勝利,202610010506,2000,芝,稍,曇,18,3歳未勝利,
2026-02-07_小倉07R_4歳以上1勝クラス,202610010507,2000,芝,稍,曇,18,4歳以上1勝クラス,
2026-02-07_小倉08R_4歳以上1勝クラス,202610010508,1700,ダ,良,曇,12,4歳以上1勝クラス,
2026-02-07_小倉09R_戸畑特別,202610010509,2000,芝,稍,曇,13,戸畑特別,
2026-02-07_小倉10R_RKB賞,202610010510,1800,芝,稍,曇,16,RKB賞,
2026-02-07_小倉11R_豊前S,202610010511,1700,ダ,良,晴,16,豊前S,
2026-02-07_小倉12R_4歳以上1勝クラス,202610010512,1200,芝,稍,晴,18,4歳以上1勝クラス,
2026-02-08_小倉01R_3歳未勝利,202610010601,1700,ダ,良,曇,16,3歳未勝利,
2026-02-08_小倉02R_3歳未勝利,202610010602,1200,芝,良,曇,17,3歳未勝利,
2026-02-08_小倉03R_4歳以上1勝クラス,202610010603,1000,ダ,良,曇,14,4歳以上1勝クラス,
2026-02-08_小倉05R_3歳新馬,202610010605,2000,芝,良,曇,10,3歳新馬,
2026-02-08_小倉06R_3歳未勝利,202610010606,1800,芝,良,曇,16,3歳未勝利,
2026-02-08_小倉07R_4歳以上1勝クラス,202610010607,1700,ダ,良,曇,15,4歳以上1勝クラス,
2026-02-08_小倉08R_4歳以上1勝クラス,202610010608,1800,芝,良,曇,16,4歳以上1勝クラス,
2026-02-14_小倉01R_3歳未勝利,202610010701,1700,ダ,良,晴,16,3歳未勝利,
2026-02-14_小倉02R_3歳未勝利,202610010702,1200,芝,良,晴,18,3歳未勝利,
2026-02-14_小倉03R_3歳未勝利,202610010703,1000,ダ,良,晴,14,3歳未勝利,
2026-02-14_小倉04R_4歳以上障害未勝利,202610010704,2860,障,良,曇,12,4歳以上障害未勝利,
2026-02-14_小倉05R_3歳未勝利,202610010705,2000,芝,良,曇,18,3歳未勝利,
2026-02-14_小倉06R_4歳以上1勝クラス,202610010706,1200,芝,良,曇,18,4歳以上1勝クラス,
2026-02-14_小倉07R_4歳以上1勝クラス,202610010707,1700,ダ,良,曇,16,4歳以上1勝クラス,
2026-02-14_小倉08R_小倉ジャンプS,202610010708,3390,障,良,曇,13,小倉ジャンプS,
2026-02-15_小倉01R_3歳未勝利,202610010801,1700,ダ,稍,曇,16,3歳未勝利,
2026-02-15_小倉02R_3歳未勝利,202610010802,1200,芝,稍,晴,18,3歳未勝利,
2026-02-15_小倉03R_4歳以上1勝クラス,202610010803,1000,ダ,稍,晴,14,4歳以上1勝クラス,
2026-02-15_小倉04R_4歳以上障害未勝利,202610010804,2860,障,稍,晴,12,4歳以上障害未勝利,
2026-02-15_小倉05R_3歳未勝利,202610010805,1800,芝,稍,晴,16,3歳未勝利,
2026-02-15_小倉06R_4歳以上1勝クラス,202610010806,2000,芝,稍,晴,16,4歳以上1勝クラス,
2026-02-15_小倉07R_4歳以上1勝クラス,202610010807,2600,芝,稍,晴,14,4歳以上1勝クラス,
2026-02-15_小倉08R_4歳以上1勝クラス,202610010808,2400,ダ,稍,晴,15,4歳以上1勝クラス,
2026-02-15_小倉12R_4歳以上1勝クラス,202610010812,1700,ダ,稍,晴,13,4歳以上1勝クラス,
2026-02-21_小倉01R_3歳未勝利,202610010901,1700,ダ,良,晴,14,3歳未勝利,
2026-02-21_小倉02R_3歳未勝利,202610010902,1200,芝,良,晴,18,3歳未勝利,
2026-02-21_小倉03R_3歳未勝利,202610010903,1000,ダ,良,晴,14,3歳未勝利,
2026-02-21_小倉04R_4歳以上障害未勝利,202610010904,2860,障,良,晴,12,4歳以上障害未勝利,
2026-02-21_小倉05R_4歳以上障害OP,202610010905,3390,障,良,晴,12,4歳以上障害OP,OP
2026-02-21_小倉06R_3歳未勝利,202610010906,1800,芝,良,晴,16,3歳未勝利,
2026-02-21_小倉07R_4歳以上1勝クラス,202610010907,1700,ダ,良,晴,16,4歳以上1勝クラス,
2026-02-21_小倉08R_4歳以上1勝クラス,202610010908,1800,芝,良,晴,16,4歳以上1勝クラス,
2026-02-22_小倉01R_3歳未勝利,202610011001,1700,ダ,良,晴,12,3歳未勝利,
2026-02-22_小倉02R_3歳未勝利,202610011002,1200,芝,良,晴,18,3歳未勝利,
2026-02-22_小倉03R_4歳以上1勝クラス,202610011003,1000,ダ,良,晴,14,4歳以上1勝クラス,
2026-02-22_小倉04R_4歳以上障害未勝利,202610011004,2860,障,良,晴,12,4歳以上障害未勝利,
2026-02-22_小倉05R_3歳未勝利,202610011005,2000,芝,良,晴,13,3歳未勝利,
2026-02-22_小倉06R_3歳未勝利,202610011006,1800,芝,良,晴,16,3歳未勝利,
2026-02-22_小倉07R_4歳以上1勝クラス,202610011007,1700,ダ,良,晴,14,4歳以上1勝クラス,
2026-02-22_小倉08R_4歳以上1勝クラス,202610011008,2000,芝,良,晴,14,4歳以上1勝クラス,
2026-02-28_小倉01R_3歳未勝利,202610011101,1700,ダ,不,曇,16,3歳未勝利,
2026-02-28_小倉02R_3歳未勝利,202610011102,1200,芝,稍,曇,18,3歳未勝利,
2026-02-28_小倉03R_4歳以上1勝クラス,202610011103,1000,ダ,不,曇,14,4歳以上1勝クラス,
2026-02-28_小倉04R_4歳以上障害未勝利,202610011104,2860,障,稍,曇,12,4歳以上障害未勝利,
2026-02-28_小倉05R_4歳以上障害OP,202610011105,2860,障,稍,晴,12,4歳以上障害OP,OP
2026-02-28_小倉06R_3歳未勝利,202610011106,2000,芝,稍,晴,16,3歳未勝利,
2026-02-28_小倉07R_3歳1勝クラス,202610011107,1700,ダ,重,晴,13,3歳1勝クラス,
2026-02-28_小倉08R_4歳以上1勝クラス,202610011108,2000,芝,稍,晴,13,4歳以上1勝クラス,
2026-03-01_小倉01R_3歳未勝利,202610011201,1700,ダ,稍,晴,16,3歳未勝利,
2026-03-01_小倉02R_3歳未勝利,202610011202,2000,芝,良,晴,16,3歳未勝利,
2026-03-01_小倉03R_3歳未勝利,202610011203,1000,ダ,稍,晴,14,3歳未勝利,
2026-03-01_小倉04R_4歳以上障害未勝利,202610011204,2860,障,良,晴,12,4歳以上障害未勝利,
2026-03-01_小倉05R_3歳未勝利,202610011205,1200,芝,良,晴,18,3歳未勝利,
2026-03-01_小倉06R_3歳未勝利,202610011206,1800,芝,良,晴,16,3歳未勝利,
2026-03-01_小倉07R_4歳以上1勝クラス,202610011207,1200,芝,良,晴,18,4歳以上1勝クラス,
2026-03-01_小倉08R_4歳以上1勝クラス,202610011208,1700,ダ,稍,晴,15,4歳以上1勝クラス,
2026-03-01_小倉10R_西日本新聞杯,202610011210,1200,芝,良,晴,18,西日本新聞杯,
2026-06-27_小倉01R_2歳未勝利,202610020101,1200,芝,重,曇,6,2歳未勝利,
2026-06-27_小倉02R_3歳未勝利,202610020102,1000,ダ,不,曇,14,3歳未勝利,
2026-06-27_小倉03R_3歳未勝利,202610020103,1800,芝,重,曇,16,3歳未勝利,
2026-06-27_小倉04R_3歳未勝利,202610020104,1700,ダ,不,曇,16,3歳未勝利,
2026-06-27_小倉05R_2歳新馬,202610020105,1200,芝,稍,曇,10,2歳新馬,
2026-06-27_小倉06R_3歳未勝利,202610020106,2000,芝,稍,曇,17,3歳未勝利,
2026-06-27_小倉07R_3歳以上1勝クラス,202610020107,1700,ダ,重,曇,16,3歳以上1勝クラス,
2026-06-27_小倉08R_3歳以上1勝クラス,202610020108,1200,芝,稍,曇,9,3歳以上1勝クラス,
2026-06-28_小倉01R_3歳未勝利,202610020201,1200,芝,良,曇,18,3歳未勝利,
2026-06-28_小倉02R_3歳未勝利,202610020202,1800,芝,良,曇,16,3歳未勝利,
2026-06-28_小倉03R_3歳未勝利,202610020203,1200,芝,良,晴,18,3歳未勝利,
2026-06-28_小倉04R_3歳未勝利,202610020204,1700,ダ,稍,晴,16,3歳未勝利,
2026-06-28_小倉05R_2歳新馬,202610020205,1200,芝,良,晴,10,2歳新馬,
2026-06-28_小倉06R_2歳新馬,202610020206,1200,芝,良,晴,11,2歳新馬,
2026-06-28_小倉07R_3歳以上1勝クラス,202610020207,1000,ダ,稍,晴,10,3歳以上1勝クラス,
2026-06-28_小倉08R_3歳以上1勝クラス,202610020208,1800,芝,良,晴,9,3歳以上1勝クラス,
2026-07-04_小倉01R_3歳以上障害未勝利,202610020301,2860,障,重,雨,12,3歳以上障害未勝利,
2026-07-04_小倉02R_3歳未勝利,202610020302,1200,芝,重,雨,18,3歳未勝利,
2026-07-04_小倉03R_3歳未勝利,202610020303,2600,芝,重,曇,16,3歳未勝利,
2026-07-04_小倉04R_3歳未勝利,202610020304,1700,ダ,不,曇,16,3歳未勝利,
2026-07-04_小倉05R_2歳新馬,202610020305,1200,芝,重,曇,13,2歳新馬,
2026-07-04_小倉06R_3歳未勝利,202610020306,1700,ダ,不,曇,16,3歳未勝利,
2026-07-04_小倉07R_3歳未勝利,202610020307,1800,芝,重,曇,16,3歳未勝利,
2026-07-04_小倉08R_3歳以上1勝クラス,202610020308,1000,ダ,不,曇,13,3歳以上1勝クラス,
2026-07-05_小倉01R_3歳以上障害未勝利,202610020401,2860,障,重,雨,12,3歳以上障害未勝利,
2026-07-05_小倉02R_2歳未勝利,202610020402,1200,芝,重,雨,16,2歳未勝利,
2026-07-05_小倉03R_3歳未勝利,202610020403,2000,芝,重,曇,18,3歳未勝利,
2026-07-05_小倉04R_3歳未勝利,202610020404,1000,ダ,不,曇,14,3歳未勝利,
2026-07-05_小倉05R_2歳新馬,202610020405,1800,芝,重,曇,12,2歳新馬,
2026-07-05_小倉06R_2歳新馬,202610020406,1700,ダ,不,曇,11,2歳新馬,
2026-07-05_小倉07R_3歳未勝利,202610020407,1200,芝,重,曇,16,3歳未勝利,
2026-07-05_小倉08R_3歳以上1勝クラス,202610020408,2000,芝,重,曇,10,3歳以上1勝クラス,
2026-07-11_小倉01R_2歳未勝利,202610020501,1200,芝,良,晴,12,2歳未勝利,
2026-07-11_小倉02R_3歳未勝利,202610020502,1700,ダ,良,晴,16,3歳未勝利,
2026-07-11_小倉03R_3歳未勝利,202610020503,2000,芝,良,晴,18,3歳未勝利,
2026-07-11_小倉04R_3歳未勝利,202610020504,1700,ダ,良,晴,16,3歳未勝利,
2026-07-11_小倉05R_2歳新馬,202610020505,1800,芝,良,晴,12,2歳新馬,
2026-07-11_小倉06R_3歳未勝利,202610020506,1200,芝,良,晴,18,3歳未勝利,
2026-07-11_小倉07R_3歳以上1勝クラス,202610020507,1800,芝,良,晴,12,3歳以上1勝クラス,
2026-07-11_小倉08R_3歳以上1勝クラス,202610020508,1700,ダ,良,晴,11,3歳以上1勝クラス,
2026-07-12_小倉01R_3歳未勝利,202610020601,1200,芝,良,晴,17,3歳未勝利,
2026-07-12_小倉02R_3歳未勝利,202610020602,1000,ダ,良,晴,14,3歳未勝利,
2026-07-12_小倉03R_3歳未勝利,202610020603,2000,芝,良,晴,15,3歳未勝利,
2026-07-12_小倉04R_3歳未勝利,202610020604,1800,芝,良,晴,13,3歳未勝利,
2026-07-12_小倉05R_2歳新馬,202610020605,2000,芝,良,晴,8,2歳新馬,
2026-07-12_小倉06R_2歳新馬,202610020606,1200,芝,良,晴,9,2歳新馬,
2026-07-12_小倉07R_3歳以上1勝クラス,202610020607,1700,ダ,良,晴,15,3歳以上1勝クラス,
2026-07-12_小倉08R_3歳以上1勝クラス,202610020608,1800,芝,良,晴,9,3歳以上1勝クラス,
2026-07-18_小倉01R_3歳以上障害未勝利,202610020701,2860,障,稍,曇,12,3歳以上障害未勝利,
2026-07-18_小倉02R_2歳未勝利,202610020702,1800,芝,稍,曇,11,2歳未勝利,
2026-07-18_小倉03R_3歳未勝利,202610020703,1000,ダ,稍,曇,14,3歳未勝利,
2026-07-18_小倉04R_ソレイユJS,202610020704,3390,障,稍,曇,8,ソレイユJS,OP
2026-07-18_小倉05R_2歳新馬,202610020705,1200,芝,良,晴,7,2歳新馬,
2026-07-18_小倉06R_3歳未勝利,202610020706,1700,ダ,稍,晴,13,3歳未勝利,
2026-07-18_小倉07R_3歳未勝利,202610020707,1800,芝,良,晴,14,3歳未勝利,
2026-07-18_小倉08R_3歳以上1勝クラス,202610020708,2000,芝,良,晴,10,3歳以上1勝クラス,
2026-07-18_小倉10R_熊本城特別,202610020710,1700,ダ,稍,晴,12,熊本城特別,
2026-07-19_小倉01R_3歳以上障害未勝利,202610020801,2860,障,良,晴,11,3歳以上障害未勝利,
2026-07-19_小倉02R_3歳未勝利,202610020802,1200,芝,良,晴,18,3歳未勝利,
2026-07-19_小倉03R_3歳未勝利,202610020803,1700,ダ,良,晴,16,3歳未勝利,
2026-07-19_小倉04R_3歳未勝利,202610020804,2000,芝,良,晴,14,3歳未勝利,
2026-07-19_小倉05R_2歳新馬,202610020805,1800,芝,良,晴,8,2歳新馬,
2026-07-19_小倉06R_3歳未勝利,202610020806,1700,ダ,良,晴,14,3歳未勝利,
2026-07-19_小倉07R_3歳以上1勝クラス,202610020807,1200,芝,良,晴,17,3歳以上1勝クラス,
2026-07-19_小倉08R_3歳以上1勝クラス,202610020808,1000,ダ,良,晴,14,3歳以上1勝クラス,
2025-07-27_新潟06R_豊栄特別,202504020206,1600,芝,良,晴,11,豊栄特別,
2026-09-13_中山09R_習志野特別,202606040409,1800,芝,稍,曇,11,習志野特別,
2026-09-13_中山10R_初風S,202606040410,1200,ダ,重,曇,10,初風S,
2026-09-13_中山11R_セントライト記念,202606040411,2200,芝,稍,曇,16,セントライト記念,G2
2026-09-13_中山12R_3歳以上2勝クラス,202606040412,1800,ダ,稍,晴,13,3歳以上2勝クラス,
2026-09-13_阪神09R_能勢特別,202609040409,2000,芝,良,晴,11,能勢特別,
2026-09-13_阪神10R_仲秋S,202609040410,1600,芝,良,曇,15,仲秋S,
2026-09-13_阪神11R_ローズS,202609040411,1800,芝,良,雨,12,ローズS,G2
2026-09-13_阪神12R_3歳以上2勝クラス,202609040412,1200,ダ,良,曇,14,3歳以上2勝クラス,
2024-07-20_札幌01R_2歳未勝利,202401010101,1200,芝,良,晴,5,2歳未勝利,
2024-07-20_札幌02R_3歳未勝利,202401010102,1000,ダ,良,晴,12,3歳未勝利,
2024-07-20_札幌03R_3歳未勝利,202401010103,1700,ダ,良,晴,14,3歳未勝利,
2024-07-20_札幌04R_3歳未勝利,202401010104,1500,芝,良,晴,14,3歳未勝利,
2024-07-20_札幌05R_2歳新馬,202401010105,1700,ダ,良,晴,14,2歳新馬,
2024-07-20_札幌06R_3歳未勝利,202401010106,1800,芝,良,晴,14,3歳未勝利,
2024-07-20_札幌07R_3歳以上1勝クラス,202401010107,1200,芝,良,晴,11,3歳以上1勝クラス,
2024-07-20_札幌08R_3歳以上1勝クラス,202401010108,1700,ダ,良,晴,9,3歳以上1勝クラス,
2024-07-20_札幌09R_北辰特別,202401010109,1800,芝,良,晴,10,北辰特別,
2024-07-20_札幌10R_釧路湿原特別,202401010110,2000,芝,良,晴,13,釧路湿原特別,
2024-07-20_札幌11R_TVh賞,202401010111,1200,芝,良,晴,16,TVh賞,
2024-07-20_札幌12R_3歳以上1勝クラス,202401010112,1700,ダ,良,晴,12,3歳以上1勝クラス,
2024-07-21_札幌01R_2歳未勝利,202401010201,1000,ダ,良,晴,7,2歳未勝利,
2024-07-21_札幌02R_3歳未勝利,202401010202,1700,ダ,良,晴,14,3歳未勝利,
2024-07-21_札幌03R_3歳未勝利,202401010203,1200,芝,良,晴,16,3歳未勝利,
2024-07-21_札幌04R_3歳未勝利,202401010204,1700,ダ,良,晴,14,3歳未勝利,
2024-07-21_札幌05R_2歳新馬,202401010205,1800,芝,良,晴,8,2歳新馬,
2024-07-21_札幌06R_3歳未勝利,202401010206,2000,芝,良,晴,16,3歳未勝利,
2024-07-21_札幌07R_3歳以上1勝クラス,202401010207,1000,ダ,良,晴,9,3歳以上1勝クラス,
2024-07-21_札幌08R_3歳以上1勝クラス,202401010208,2000,芝,良,晴,10,3歳以上1勝クラス,
2024-07-21_札幌09R_HBC賞,202401010209,1200,芝,良,晴,12,HBC賞,
2024-07-21_札幌10R_大倉山特別,202401010210,1700,ダ,良,晴,8,大倉山特別,
2024-07-21_札幌11R_しらかばS,202401010211,1200,芝,良,晴,11,しらかばS,OP
2024-07-21_札幌12R_3歳以上1勝クラス,202401010212,1500,芝,良,晴,14,3歳以上1勝クラス,
2024-07-27_札幌01R_2歳未勝利,202401010301,1800,芝,良,曇,10,2歳未勝利,
2024-07-27_札幌02R_3歳未勝利,202401010302,1700,ダ,良,曇,14,3歳未勝利,
2024-07-27_札幌03R_3歳未勝利,202401010303,2000,芝,良,曇,16,3歳未勝利,
2024-07-27_札幌04R_3歳未勝利,202401010304,1700,ダ,良,曇,14,3歳未勝利,
2024-07-27_札幌05R_2歳新馬,202401010305,1500,芝,良,曇,14,2歳新馬,
2024-07-27_札幌06R_3歳以上1勝クラス,202401010306,1000,ダ,良,曇,12,3歳以上1勝クラス,
2024-07-27_札幌07R_3歳以上1勝クラス,202401010307,2000,芝,良,曇,9,3歳以上1勝クラス,
2024-07-27_札幌08R_3歳以上1勝クラス,202401010308,1700,ダ,良,曇,14,3歳以上1勝クラス,
2024-07-27_札幌09R_積丹特別,202401010309,2600,芝,良,曇,9,積丹特別,
2024-07-27_札幌10R_摩周湖特別,202401010310,1500,芝,良,曇,14,摩周湖特別,
2024-07-27_札幌11R_STV賞,202401010311,2000,芝,良,曇,14,STV賞,
2024-07-27_札幌12R_3歳以上2勝クラス,202401010312,1000,ダ,良,曇,12,3歳以上2勝クラス,
2024-07-28_札幌01R_3歳未勝利,202401010401,1500,芝,重,雨,14,3歳未勝利,
2024-07-28_札幌02R_3歳未勝利,202401010402,1000,ダ,不,曇,12,3歳未勝利,
2024-07-28_札幌03R_3歳未勝利,202401010403,1700,ダ,不,曇,14,3歳未勝利,
2024-07-28_札幌04R_3歳未勝利,202401010404,2000,芝,重,曇,15,3歳未勝利,
2024-07-28_札幌05R_2歳新馬,202401010405,1800,芝,重,曇,12,2歳新馬,
2024-07-28_札幌06R_3歳以上1勝クラス,202401010406,1700,ダ,不,曇,14,3歳以上1勝クラス,
2024-07-28_札幌07R_3歳以上1勝クラス,202401010407,1800,芝,稍,曇,10,3歳以上1勝クラス,
2024-07-28_札幌08R_3歳以上1勝クラス,202401010408,1200,芝,稍,曇,14,3歳以上1勝クラス,
2024-07-28_札幌09R_阿寒湖特別,202401010409,2600,芝,稍,曇,12,阿寒湖特別,
2024-07-28_札幌10R_ポプラS,202401010410,1700,ダ,重,晴,10,ポプラS,
2024-07-28_札幌11R_クイーンS,202401010411,1800,芝,稍,晴,14,クイーンS,G3
2024-07-28_札幌12R_3歳以上2勝クラス,202401010412,1700,ダ,重,曇,10,3歳以上2勝クラス,
2024-08-03_札幌01R_2歳未勝利,202401010501,1500,芝,良,曇,10,2歳未勝利,
2024-08-03_札幌02R_3歳未勝利,202401010502,1700,ダ,良,曇,14,3歳未勝利,
2024-08-03_札幌03R_3歳未勝利,202401010503,2000,芝,良,晴,16,3歳未勝利,
2024-08-03_札幌04R_3歳未勝利,202401010504,1700,ダ,良,晴,14,3歳未勝利,
2024-08-03_札幌05R_2歳新馬,202401010505,1200,芝,良,晴,9,2歳新馬,
2024-08-03_札幌06R_3歳未勝利,202401010506,2000,芝,良,晴,16,3歳未勝利,
2024-08-03_札幌07R_3歳以上1勝クラス,202401010507,1000,ダ,良,晴,11,3歳以上1勝クラス,
2024-08-03_札幌08R_3歳以上1勝クラス,202401010508,1800,芝,良,晴,13,3歳以上1勝クラス,
2024-08-03_札幌09R_旭川特別,202401010509,1500,芝,良,晴,14,旭川特別,
2024-08-03_札幌10R_苫小牧特別,202401010510,1700,ダ,良,曇,14,苫小牧特別,
2024-08-03_札幌11R_札幌日経OP,202401010511,2600,芝,良,曇,12,札幌日経OP,L
2024-08-03_札幌12R_3歳以上1勝クラス,202401010512,1700,ダ,良,曇,14,3歳以上1勝クラス,
2024-08-04_札幌01R_2歳未勝利,202401010601,1700,ダ,稍,曇,14,2歳未勝利,
2024-08-04_札幌02R_3歳未勝利,202401010602,1000,ダ,稍,曇,12,3歳未勝利,
2024-08-04_札幌03R_3歳未勝利,202401010603,1200,芝,稍,曇,16,3歳未勝利,
2024-08-04_札幌04R_3歳未勝利,202401010604,1700,ダ,稍,曇,14,3歳未勝利,
2024-08-04_札幌05R_2歳新馬,202401010605,1800,芝,稍,曇,8,2歳新馬,
2024-08-04_札幌06R_3歳未勝利,202401010606,2600,芝,稍,曇,14,3歳未勝利,
2024-08-04_札幌07R_3歳以上1勝クラス,202401010607,1700,ダ,稍,曇,13,3歳以上1勝クラス,
2024-08-04_札幌08R_3歳以上1勝クラス,202401010608,2000,芝,稍,曇,10,3歳以上1勝クラス,
2024-08-04_札幌09R_HTB賞,202401010609,1800,芝,稍,曇,14,HTB賞,
2024-08-04_札幌10R_札幌スポニチ賞,202401010610,1200,芝,稍,曇,16,札幌スポニチ賞,
2024-08-04_札幌11R_エルムS,202401010611,1700,ダ,稍,曇,14,エルムS,G3
2024-08-04_札幌12R_3歳以上1勝クラス,202401010612,1200,芝,稍,曇,16,3歳以上1勝クラス,
2024-08-10_札幌01R_2歳未勝利,202401020101,1800,芝,良,曇,7,2歳未勝利,
2024-08-10_札幌02R_3歳未勝利,202401020102,1700,ダ,良,曇,14,3歳未勝利,
2024-08-10_札幌03R_3歳未勝利,202401020103,1000,ダ,良,曇,12,3歳未勝利,
2024-08-10_札幌04R_3歳未勝利,202401020104,1700,ダ,良,曇,14,3歳未勝利,
2024-08-10_札幌05R_2歳新馬,202401020105,1500,芝,良,晴,7,2歳新馬,
2024-08-10_札幌06R_3歳未勝利,202401020106,2000,芝,良,晴,16,3歳未勝利,
2024-08-10_札幌07R_3歳以上1勝クラス,202401020107,1000,ダ,良,晴,12,3歳以上1勝クラス,
2024-08-10_札幌08R_3歳以上1勝クラス,202401020108,2600,芝,良,晴,11,3歳以上1勝クラス,
2024-08-10_札幌09R_石狩特別,202401020109,1800,芝,良,晴,13,石狩特別,
2024-08-10_札幌10R_日高特別,202401020110,1500,芝,良,晴,12,日高特別,
2024-08-10_札幌11R_大雪HC,202401020111,1700,ダ,良,晴,14,大雪HC,
2024-08-10_札幌12R_3歳以上1勝クラス,202401020112,1200,芝,良,晴,16,3歳以上1勝クラス,
2024-08-11_札幌01R_2歳未勝利,202401020201,1200,芝,良,晴,7,2歳未勝利,
2024-08-11_札幌02R_3歳未勝利,202401020202,2400,ダ,良,晴,12,3歳未勝利,
2024-08-11_札幌03R_3歳未勝利,202401020203,1700,ダ,良,晴,14,3歳未勝利,
2024-08-11_札幌04R_3歳未勝利,202401020204,1500,芝,良,晴,14,3歳未勝利,
2024-08-11_札幌05R_2歳新馬,202401020205,1800,芝,良,晴,9,2歳新馬,
2024-08-11_札幌06R_3歳以上1勝クラス,202401020206,1700,ダ,良,晴,13,3歳以上1勝クラス,
2024-08-11_札幌07R_3歳以上1勝クラス,202401020207,1500,芝,良,晴,14,3歳以上1勝クラス,
2024-08-11_札幌08R_コスモス賞,202401020208,1800,芝,良,晴,7,コスモス賞,OP
2024-08-11_札幌09R_桑園特別,202401020209,1000,ダ,良,晴,12,桑園特別,
2024-08-11_札幌10R_藻岩山特別,202401020210,2000,芝,良,晴,12,藻岩山特別,
2024-08-11_札幌11R_UHB賞,202401020211,1200,芝,良,晴,16,UHB賞,OP
2024-08-11_札幌12R_3歳以上1勝クラス,202401020212,1700,ダ,良,晴,12,3歳以上1勝クラス,
2024-08-17_札幌01R_2歳未勝利,202401020301,1800,芝,良,曇,10,2歳未勝利,
2024-08-17_札幌02R_2歳未勝利,202401020302,1700,ダ,良,曇,14,2歳未勝利,
2024-08-17_札幌03R_3歳未勝利,202401020303,1200,芝,良,曇,16,3歳未勝利,
2024-08-17_札幌04R_3歳未勝利,202401020304,1700,ダ,良,曇,14,3歳未勝利,
2024-08-17_札幌05R_2歳新馬,202401020305,1500,芝,良,曇,8,2歳新馬,
2024-08-17_札幌06R_3歳未勝利,202401020306,1700,ダ,良,曇,14,3歳未勝利,
2024-08-17_札幌07R_3歳未勝利,202401020307,2000,芝,良,曇,16,3歳未勝利,
2024-08-17_札幌08R_3歳以上1勝クラス,202401020308,1000,ダ,良,曇,12,3歳以上1勝クラス,
2024-08-17_札幌09R_千歳特別,202401020309,1500,芝,良,曇,13,千歳特別,
2024-08-17_札幌10R_富良野特別,202401020310,2000,芝,良,曇,12,富良野特別,
2024-08-17_札幌11R_札幌日刊スポーツ杯,202401020311,2600,芝,良,曇,14,札幌日刊スポーツ杯,
2024-08-17_札幌12R_3歳以上1勝クラス,202401020312,1700,ダ,良,曇,9,3歳以上1勝クラス,
2024-08-18_札幌01R_2歳未勝利,202401020401,1500,芝,良,曇,9,2歳未勝利,
2024-08-18_札幌02R_3歳未勝利,202401020402,1000,ダ,良,曇,12,3歳未勝利,
2024-08-18_札幌03R_3歳未勝利,202401020403,1700,ダ,良,曇,14,3歳未勝利,
2024-08-18_札幌04R_3歳未勝利,202401020404,2600,芝,良,曇,14,3歳未勝利,
2024-08-18_札幌05R_2歳新馬,202401020405,2000,芝,良,曇,9,2歳新馬,
2024-08-18_札幌06R_3歳以上1勝クラス,202401020406,2400,ダ,良,晴,12,3歳以上1勝クラス,
2024-08-18_札幌07R_3歳以上1勝クラス,202401020407,2000,芝,良,晴,13,3歳以上1勝クラス,
2024-08-18_札幌08R_クローバー賞,202401020408,1500,芝,良,晴,10,クローバー賞,OP
2024-08-18_札幌09R_大通公園特別,202401020409,1700,ダ,良,晴,14,大通公園特別,
2024-08-18_札幌10R_知床特別,202401020410,1200,芝,良,晴,16,知床特別,
2024-08-18_札幌11R_札幌記念,202401020411,2000,芝,良,晴,12,札幌記念,G2
2024-08-18_札幌12R_3歳以上1勝クラス,202401020412,1700,ダ,良,晴,14,3歳以上1勝クラス,
2024-08-24_札幌01R_2歳未勝利,202401020501,1200,芝,良,晴,7,2歳未勝利,
2024-08-24_札幌02R_2歳未勝利,202401020502,1800,芝,良,曇,9,2歳未勝利,
2024-08-24_札幌03R_3歳未勝利,202401020503,1000,ダ,良,曇,12,3歳未勝利,
2024-08-24_札幌04R_3歳未勝利,202401020504,1700,ダ,良,曇,14,3歳未勝利,
2024-08-24_札幌05R_2歳新馬,202401020505,1700,ダ,良,晴,12,2歳新馬,
2024-08-24_札幌06R_3歳未勝利,202401020506,1500,芝,良,晴,14,3歳未勝利,
2024-08-24_札幌07R_3歳以上1勝クラス,202401020507,1800,芝,良,晴,14,3歳以上1勝クラス,
2024-08-24_札幌08R_3歳以上1勝クラス,202401020508,1700,ダ,良,晴,12,3歳以上1勝クラス,
2024-08-24_札幌09R_ルスツ特別,202401020509,2600,芝,良,晴,14,ルスツ特別,
2024-08-24_札幌10R_WASJ第1戦,202401020510,1200,芝,良,晴,14,WASJ第1戦,
2024-08-24_札幌11R_WASJ第2戦,202401020511,2000,芝,良,晴,14,WASJ第2戦,
2024-08-24_札幌12R_ニセコ特別,202401020512,1700,ダ,良,晴,10,ニセコ特別,
2024-08-25_札幌01R_2歳未勝利,202401020601,1500,芝,良,晴,8,2歳未勝利,
2024-08-25_札幌02R_3歳未勝利,202401020602,1700,ダ,良,晴,14,3歳未勝利,
2024-08-25_札幌03R_3歳未勝利,202401020603,1000,ダ,良,晴,12,3歳未勝利,
2024-08-25_札幌04R_3歳未勝利,202401020604,1700,ダ,良,晴,14,3歳未勝利,
2024-08-25_札幌05R_2歳新馬,202401020605,1800,芝,良,晴,12,2歳新馬,
2024-08-25_札幌06R_3歳未勝利,202401020606,2000,芝,良,晴,16,3歳未勝利,
2024-08-25_札幌07R_3歳以上1勝クラス,202401020607,1000,ダ,良,晴,12,3歳以上1勝クラス,
2024-08-25_札幌08R_3歳以上1勝クラス,202401020608,1500,芝,良,晴,14,3歳以上1勝クラス,
2024-08-25_札幌09R_小樽特別,202401020609,1200,芝,良,晴,15,小樽特別,
2024-08-25_札幌10R_WASJ第3戦,202401020610,1700,ダ,良,晴,14,WASJ第3戦,
2024-08-25_札幌11R_キーンランドC,202401020611,1200,芝,良,晴,16,キーンランドC,G3
2024-08-25_札幌12R_WASJ第4戦,202401020612,1800,芝,良,晴,14,WASJ第4戦,
2024-08-31_札幌01R_2歳未勝利,202401020701,1200,芝,重,曇,13,2歳未勝利,
2024-08-31_札幌02R_2歳未勝利,202401020702,1700,ダ,重,曇,14,2歳未勝利,
2024-08-31_札幌03R_3歳未勝利,202401020703,2000,芝,重,曇,16,3歳未勝利,
2024-08-31_札幌04R_3歳未勝利,202401020704,1700,ダ,重,曇,14,3歳未勝利,
2024-08-31_札幌05R_2歳新馬,202401020705,1500,芝,重,雨,12,2歳新馬,
2024-08-31_札幌06R_3歳以上1勝クラス,202401020706,1000,ダ,重,雨,12,3歳以上1勝クラス,
2024-08-31_札幌07R_3歳以上1勝クラス,202401020707,1700,ダ,重,曇,14,3歳以上1勝クラス,
2024-08-31_札幌08R_3歳以上1勝クラス,202401020708,2000,芝,重,曇,16,3歳以上1勝クラス,
2024-08-31_札幌09R_インディアT,202401020709,1700,ダ,重,曇,13,インディアT,
2024-08-31_札幌10R_アジア競馬連盟T,202401020710,1500,芝,重,曇,14,アジア競馬連盟T,
2024-08-31_札幌11R_札幌2歳S,202401020711,1800,芝,重,晴,12,札幌2歳S,G3
2024-08-31_札幌12R_マレーシアC,202401020712,1200,芝,重,晴,16,マレーシアC,
2024-09-01_札幌01R_2歳未勝利,202401020801,1500,芝,稍,晴,12,2歳未勝利,
2024-09-01_札幌02R_2歳未勝利,202401020802,2000,芝,稍,晴,12,2歳未勝利,
2024-09-01_札幌03R_3歳未勝利,202401020803,1700,ダ,重,晴,14,3歳未勝利,
2024-09-01_札幌04R_3歳未勝利,202401020804,1200,芝,稍,晴,16,3歳未勝利,
2024-09-01_札幌05R_3歳未勝利,202401020805,1700,ダ,重,晴,14,3歳未勝利,
2024-09-01_札幌06R_3歳以上1勝クラス,202401020806,1200,芝,稍,晴,16,3歳以上1勝クラス,
2024-09-01_札幌07R_3歳以上1勝クラス,202401020807,1800,芝,稍,晴,14,3歳以上1勝クラス,
2024-09-01_札幌08R_3歳以上1勝クラス,202401020808,1700,ダ,重,晴,14,3歳以上1勝クラス,
2024-09-01_札幌09R_シンガポールTC賞,202401020809,1200,芝,稍,晴,10,シンガポールTC賞,OP
2024-09-01_札幌10R_フィリピンT,202401020810,2000,芝,稍,晴,15,フィリピンT,
2024-09-01_札幌11R_タイランドC,202401020811,2600,芝,稍,晴,14,タイランドC,OP
2024-09-01_札幌12R_3歳以上1勝クラス,202401020812,1700,ダ,重,晴,14,3歳以上1勝クラス,
2024-06-08_函館01R_3歳未勝利,202402010101,1200,芝,良,晴,16,3歳未勝利,
2024-06-08_函館02R_3歳未勝利,202402010102,1700,ダ,良,晴,14,3歳未勝利,
2024-06-08_函館03R_3歳未勝利,202402010103,1000,ダ,良,晴,12,3歳未勝利,
2024-06-08_函館04R_3歳未勝利,202402010104,1800,芝,良,晴,16,3歳未勝利,
2024-06-08_函館05R_2歳新馬,202402010105,1000,芝,良,晴,11,2歳新馬,
2024-06-08_函館06R_3歳未勝利,202402010106,1700,ダ,良,晴,14,3歳未勝利,
2024-06-08_函館07R_3歳以上1勝クラス,202402010107,2000,芝,良,晴,13,3歳以上1勝クラス,
2024-06-08_函館08R_3歳以上1勝クラス,202402010108,1000,ダ,良,晴,11,3歳以上1勝クラス,
2024-06-08_函館09R_駒ケ岳特別,202402010109,2600,芝,良,晴,15,駒ケ岳特別,
2024-06-08_函館10R_松前特別,202402010110,1800,芝,良,晴,16,松前特別,
2024-06-08_函館11R_函館日刊スポーツ杯,202402010111,1200,芝,良,晴,16,函館日刊スポーツ杯,
2024-06-08_函館12R_3歳以上1勝クラス,202402010112,1700,ダ,良,晴,14,3歳以上1勝クラス,
2024-06-09_函館01R_3歳未勝利,202402010201,1200,芝,良,曇,16,3歳未勝利,
2024-06-09_函館02R_3歳未勝利,202402010202,1700,ダ,良,曇,14,3歳未勝利,
2024-06-09_函館03R_3歳未勝利,202402010203,1000,ダ,良,曇,10,3歳未勝利,
2024-06-09_函館04R_3歳未勝利,202402010204,2600,芝,良,曇,14,3歳未勝利,
2024-06-09_函館05R_2歳新馬,202402010205,1200,芝,良,小雨,14,2歳新馬,
2024-06-09_函館06R_3歳未勝利,202402010206,2000,芝,良,小雨,14,3歳未勝利,
2024-06-09_函館07R_3歳以上1勝クラス,202402010207,1000,ダ,良,小雨,10,3歳以上1勝クラス,
2024-06-09_函館08R_3歳以上1勝クラス,202402010208,1200,芝,良,小雨,13,3歳以上1勝クラス,
2024-06-09_函館09R_遊楽部特別,202402010209,1800,芝,良,小雨,9,遊楽部特別,
2024-06-09_函館10R_津軽海峡特別,202402010210,1700,ダ,良,小雨,14,津軽海峡特別,
2024-06-09_函館11R_函館スプリントS,202402010211,1200,芝,良,小雨,16,函館スプリントS,G3
2024-06-09_函館12R_3歳以上1勝クラス,202402010212,1700,ダ,良,小雨,12,3歳以上1勝クラス,
2024-06-15_函館01R_3歳未勝利,202402010301,1200,芝,良,晴,16,3歳未勝利,
2024-06-15_函館02R_3歳未勝利,202402010302,1700,ダ,良,晴,14,3歳未勝利,
2024-06-15_函館03R_3歳未勝利,202402010303,1000,ダ,良,晴,12,3歳未勝利,
2024-06-15_函館04R_3歳未勝利,202402010304,2000,芝,良,晴,16,3歳未勝利,
2024-06-15_函館05R_2歳新馬,202402010305,1200,芝,良,晴,7,2歳新馬,
2024-06-15_函館06R_2歳新馬,202402010306,1000,ダ,良,晴,8,2歳新馬,
2024-06-15_函館07R_3歳未勝利,202402010307,1800,芝,良,晴,16,3歳未勝利,
2024-06-15_函館08R_3歳以上1勝クラス,202402010308,1000,ダ,良,晴,12,3歳以上1勝クラス,
2024-06-15_函館09R_下北半島特別,202402010309,1200,芝,良,晴,8,下北半島特別,
2024-06-15_函館10R_奥尻特別,202402010310,2000,芝,良,晴,12,奥尻特別,
2024-06-15_函館11R_STV杯,202402010311,1200,芝,良,晴,12,STV杯,
2024-06-15_函館12R_3歳以上1勝クラス,202402010312,1700,ダ,良,晴,14,3歳以上1勝クラス,
2024-06-16_函館01R_3歳未勝利,202402010401,1700,ダ,良,曇,14,3歳未勝利,
2024-06-16_函館02R_3歳未勝利,202402010402,1200,芝,良,小雨,16,3歳未勝利,
2024-06-16_函館03R_3歳未勝利,202402010403,1000,ダ,良,曇,12,3歳未勝利,
2024-06-16_函館04R_3歳未勝利,202402010404,1700,ダ,良,曇,14,3歳未勝利,
2024-06-16_函館05R_2歳新馬,202402010405,1200,芝,良,曇,7,2歳新馬,
2024-06-16_函館06R_3歳未勝利,202402010406,1800,芝,良,曇,16,3歳未勝利,
2024-06-16_函館07R_3歳以上1勝クラス,202402010407,1700,ダ,良,曇,14,3歳以上1勝クラス,
2024-06-16_函館08R_3歳以上1勝クラス,202402010408,1200,芝,良,曇,14,3歳以上1勝クラス,
2024-06-16_函館09R_八雲特別,202402010409,1800,芝,良,雨,10,八雲特別,
2024-06-16_函館10R_檜山特別,202402010410,1700,ダ,良,雨,11,檜山特別,
2024-06-16_函館11R_UHB杯,202402010411,1200,芝,良,雨,16,UHB杯,
2024-06-16_函館12R_3歳以上1勝クラス,202402010412,1200,芝,良,小雨,14,3歳以上1勝クラス,
2024-06-22_函館01R_2歳未勝利,202402010501,1200,芝,良,晴,9,2歳未勝利,
2024-06-22_函館02R_3歳未勝利,202402010502,1700,ダ,良,晴,12,3歳未勝利,
2024-06-22_函館03R_3歳未勝利,202402010503,1200,芝,良,晴,16,3歳未勝利,
2024-06-22_函館04R_3歳未勝利,202402010504,2400,ダ,良,晴,11,3歳未勝利,
2024-06-22_函館05R_2歳新馬,202402010505,1200,芝,良,曇,7,2歳新馬,
2024-06-22_函館06R_3歳未勝利,202402010506,2000,芝,良,曇,16,3歳未勝利,
2024-06-22_函館07R_3歳以上1勝クラス,202402010507,1200,芝,良,曇,7,3歳以上1勝クラス,
2024-06-22_函館08R_3歳以上1勝クラス,202402010508,1000,ダ,良,曇,12,3歳以上1勝クラス,
2024-06-22_函館09R_恵山特別,202402010509,1800,芝,良,曇,11,恵山特別,
2024-06-22_函館10R_渡島特別,202402010510,1700,ダ,良,曇,9,渡島特別,
2024-06-22_函館11R_青函S,202402010511,1200,芝,良,曇,16,青函S,OP
2024-06-22_函館12R_3歳以上1勝クラス,202402010512,1700,ダ,良,曇,8,3歳以上1勝クラス,
2024-06-23_函館01R_3歳未勝利,202402010601,1200,芝,良,曇,16,3歳未勝利,
2024-06-23_函館02R_3歳未勝利,202402010602,1700,ダ,良,曇,11,3歳未勝利,
2024-06-23_函館03R_3歳未勝利,202402010603,1000,ダ,良,曇,12,3歳未勝利,
2024-06-23_函館04R_3歳未勝利,202402010604,1800,芝,良,曇,16,3歳未勝利,
2024-06-23_函館05R_2歳新馬,202402010605,1200,芝,良,曇,5,2歳新馬,
2024-06-23_函館06R_3歳未勝利,202402010606,1700,ダ,良,曇,11,3歳未勝利,
2024-06-23_函館07R_3歳以上1勝クラス,202402010607,2600,芝,良,曇,10,3歳以上1勝クラス,
2024-06-23_函館08R_3歳以上1勝クラス,202402010608,1700,ダ,良,曇,10,3歳以上1勝クラス,
2024-06-23_函館09R_洞爺湖特別,202402010609,2000,芝,良,曇,9,洞爺湖特別,
2024-06-23_函館10R_HTB杯,202402010610,1200,芝,良,晴,13,HTB杯,
2024-06-23_函館11R_大沼S,202402010611,1700,ダ,良,晴,14,大沼S,L
2024-06-23_函館12R_3歳以上1勝クラス,202402010612,1200,芝,良,晴,9,3歳以上1勝クラス,
2024-06-29_函館01R_2歳未勝利,202402010701,1200,芝,良,晴,5,2歳未勝利,
2024-06-29_函館02R_3歳未勝利,202402010702,1000,ダ,良,晴,12,3歳未勝利,
2024-06-29_函館03R_3歳未勝利,202402010703,1800,芝,良,晴,16,3歳未勝利,
2024-06-29_函館04R_3歳未勝利,202402010704,1700,ダ,良,晴,13,3歳未勝利,
2024-06-29_函館05R_2歳新馬,202402010705,1200,芝,良,晴,9,2歳新馬,
2024-06-29_函館06R_2歳新馬,202402010706,1000,ダ,良,晴,11,2歳新馬,
2024-06-29_函館07R_3歳以上1勝クラス,202402010707,2000,芝,良,晴,11,3歳以上1勝クラス,
2024-06-29_函館08R_3歳以上1勝クラス,202402010708,2400,ダ,良,晴,10,3歳以上1勝クラス,
2024-06-29_函館09R_長万部特別,202402010709,1200,芝,良,晴,11,長万部特別,
2024-06-29_函館10R_北海HC,202402010710,1800,芝,良,晴,12,北海HC,
2024-06-29_函館11R_TVh杯,202402010711,1200,芝,良,晴,16,TVh杯,
2024-06-29_函館12R_3歳以上1勝クラス,202402010712,1700,ダ,良,晴,12,3歳以上1勝クラス,
2024-06-30_函館01R_2歳未勝利,202402010801,1200,芝,良,晴,5,2歳未勝利,
2024-06-30_函館02R_3歳未勝利,202402010802,1700,ダ,良,晴,14,3歳未勝利,
2024-06-30_函館03R_3歳未勝利,202402010803,1200,芝,良,晴,16,3歳未勝利,
2024-06-30_函館04R_3歳未勝利,202402010804,1700,ダ,良,晴,12,3歳未勝利,
2024-06-30_函館05R_2歳新馬,202402010805,1800,芝,良,曇,11,2歳新馬,
2024-06-30_函館06R_3歳未勝利,202402010806,2000,芝,良,曇,16,3歳未勝利,
2024-06-30_函館07R_3歳以上1勝クラス,202402010807,1700,ダ,良,曇,8,3歳以上1勝クラス,
2024-06-30_函館08R_3歳以上1勝クラス,202402010808,1800,芝,良,曇,15,3歳以上1勝クラス,
2024-06-30_函館09R_竜飛崎特別,202402010809,1700,ダ,良,曇,9,竜飛崎特別,
2024-06-30_函館10R_立待岬特別,202402010810,1200,芝,良,曇,16,立待岬特別,
2024-06-30_函館11R_巴賞,202402010811,1800,芝,良,曇,16,巴賞,OP
2024-06-30_函館12R_3歳以上1勝クラス,202402010812,1000,ダ,良,雨,10,3歳以上1勝クラス,
2024-07-06_函館01R_2歳未勝利,202402010901,1200,芝,良,曇,7,2歳未勝利,
2024-07-06_函館02R_3歳未勝利,202402010902,1000,ダ,稍,曇,12,3歳未勝利,
2024-07-06_函館03R_3歳未勝利,202402010903,2000,芝,良,曇,16,3歳未勝利,
2024-07-06_函館04R_3歳未勝利,202402010904,1700,ダ,稍,曇,11,3歳未勝利,
2024-07-06_函館05R_2歳新馬,202402010905,1200,芝,良,曇,11,2歳新馬,
2024-07-06_函館06R_3歳未勝利,202402010906,2600,芝,良,曇,12,3歳未勝利,
2024-07-06_函館07R_3歳以上1勝クラス,202402010907,1000,ダ,稍,曇,11,3歳以上1勝クラス,
2024-07-06_函館08R_3歳以上1勝クラス,202402010908,1700,ダ,稍,曇,10,3歳以上1勝クラス,
2024-07-06_函館09R_北斗特別,202402010909,2000,芝,良,曇,11,北斗特別,
2024-07-06_函館10R_潮騒特別,202402010910,1200,芝,良,曇,10,潮騒特別,
2024-07-06_函館11R_マリーンS,202402010911,1700,ダ,稍,曇,14,マリーンS,OP
2024-07-06_函館12R_3歳以上1勝クラス,202402010912,1200,芝,良,曇,8,3歳以上1勝クラス,
2024-07-07_函館01R_2歳未勝利,202402011001,1000,ダ,重,小雨,11,2歳未勝利,
2024-07-07_函館02R_3歳未勝利,202402011002,1700,ダ,重,小雨,12,3歳未勝利,
2024-07-07_函館03R_3歳未勝利,202402011003,1000,ダ,重,小雨,12,3歳未勝利,
2024-07-07_函館04R_3歳未勝利,202402011004,1200,芝,稍,小雨,16,3歳未勝利,
2024-07-07_函館05R_2歳新馬,202402011005,1800,芝,稍,曇,10,2歳新馬,
2024-07-07_函館06R_3歳未勝利,202402011006,2000,芝,稍,曇,12,3歳未勝利,
2024-07-07_函館07R_3歳以上1勝クラス,202402011007,1700,ダ,重,曇,9,3歳以上1勝クラス,
2024-07-07_函館08R_3歳以上1勝クラス,202402011008,2000,芝,稍,曇,10,3歳以上1勝クラス,
2024-07-07_函館09R_噴火湾特別,202402011009,1000,ダ,重,曇,12,噴火湾特別,
2024-07-07_函館10R_横津岳特別,202402011010,2600,芝,稍,曇,11,横津岳特別,
2024-07-07_函館11R_五稜郭S,202402011011,1800,芝,稍,曇,14,五稜郭S,
2024-07-07_函館12R_3歳以上1勝クラス,202402011012,1200,芝,稍,曇,9,3歳以上1勝クラス,
2024-07-13_函館01R_2歳未勝利,202402011101,1800,芝,良,晴,12,2歳未勝利,
2024-07-13_函館02R_3歳未勝利,202402011102,1700,ダ,良,晴,14,3歳未勝利,
2024-07-13_函館03R_3歳未勝利,202402011103,1200,芝,良,晴,16,3歳未勝利,
2024-07-13_函館04R_3歳未勝利,202402011104,2400,ダ,良,晴,12,3歳未勝利,
2024-07-13_函館05R_3歳未勝利,202402011105,1800,芝,良,晴,14,3歳未勝利,
2024-07-13_函館06R_3歳未勝利,202402011106,1700,ダ,良,晴,14,3歳未勝利,
2024-07-13_函館07R_3歳以上1勝クラス,202402011107,2600,芝,良,晴,12,3歳以上1勝クラス,
2024-07-13_函館08R_3歳以上1勝クラス,202402011108,1000,ダ,良,晴,12,3歳以上1勝クラス,
2024-07-13_函館09R_湯浜特別,202402011109,1700,ダ,良,晴,12,湯浜特別,
2024-07-13_函館10R_かもめ島特別,202402011110,1800,芝,良,晴,14,かもめ島特別,
2024-07-13_函館11R_函館2歳S,202402011111,1200,芝,良,晴,14,函館2歳S,G3
2024-07-13_函館12R_3歳以上1勝クラス,202402011112,1200,芝,良,晴,13,3歳以上1勝クラス,
2024-07-14_函館01R_2歳未勝利,202402011201,1200,芝,良,晴,10,2歳未勝利,
2024-07-14_函館02R_3歳未勝利,202402011202,1700,ダ,良,晴,14,3歳未勝利,
2024-07-14_函館03R_3歳未勝利,202402011203,1200,芝,良,晴,16,3歳未勝利,
2024-07-14_函館04R_3歳未勝利,202402011204,1000,ダ,良,晴,12,3歳未勝利,
2024-07-14_函館05R_2歳新馬,202402011205,1800,芝,良,晴,9,2歳新馬,
2024-07-14_函館06R_3歳未勝利,202402011206,2000,芝,良,晴,16,3歳未勝利,
2024-07-14_函館07R_3歳以上1勝クラス,202402011207,1700,ダ,良,晴,14,3歳以上1勝クラス,
2024-07-14_函館08R_3歳以上1勝クラス,202402011208,1200,芝,良,晴,15,3歳以上1勝クラス,
2024-07-14_函館09R_臥牛山特別,202402011209,1800,芝,良,晴,13,臥牛山特別,
2024-07-14_函館10R_駒場特別,202402011210,1700,ダ,良,晴,14,駒場特別,
2024-07-14_函館11R_函館記念,202402011211,2000,芝,良,晴,16,函館記念,G3
2024-07-14_函館12R_湯の川温泉特別,202402011212,1200,芝,良,晴,12,湯の川温泉特別,
2024-04-06_福島01R_3歳未勝利,202403010101,1700,ダ,良,晴,15,3歳未勝利,
2024-04-06_福島02R_3歳未勝利,202403010102,1200,芝,良,晴,16,3歳未勝利,
2024-04-06_福島03R_3歳未勝利,202403010103,1700,ダ,良,晴,15,3歳未勝利,
2024-04-06_福島04R_4歳以上障害未勝利,202403010104,2750,障,良,曇,14,4歳以上障害未勝利,
2024-04-06_福島05R_4歳以上障害OP,202403010105,2750,障,良,曇,14,4歳以上障害OP,OP
2024-04-06_福島06R_4歳以上1勝クラス,202403010106,1700,ダ,良,曇,15,4歳以上1勝クラス,
2024-04-06_福島07R_3歳未勝利,202403010107,2600,芝,良,曇,16,3歳未勝利,
2024-04-06_福島08R_4歳以上1勝クラス,202403010108,1150,ダ,良,曇,16,4歳以上1勝クラス,
2024-04-06_福島09R_ひめさゆり賞,202403010109,2000,芝,良,曇,13,ひめさゆり賞,
2024-04-06_福島10R_花見山特別,202403010110,1200,芝,良,曇,16,花見山特別,
2024-04-06_福島11R_吾妻小富士S,202403010111,1700,ダ,良,曇,15,吾妻小富士S,OP
2024-04-06_福島12R_4歳以上1勝クラス,202403010112,1200,芝,良,曇,16,4歳以上1勝クラス,
2024-04-07_福島01R_3歳未勝利,202403010201,1700,ダ,良,晴,15,3歳未勝利,
2024-04-07_福島02R_3歳未勝利,202403010202,1200,芝,良,晴,16,3歳未勝利,
2024-04-07_福島03R_4歳以上1勝クラス,202403010203,1700,ダ,良,晴,15,4歳以上1勝クラス,
2024-04-07_福島04R_4歳以上障害未勝利,202403010204,2750,障,良,晴,14,4歳以上障害未勝利,
2024-04-07_福島05R_3歳未勝利,202403010205,1800,芝,良,晴,16,3歳未勝利,
2024-04-07_福島06R_3歳未勝利,202403010206,1150,ダ,良,晴,16,3歳未勝利,
2024-04-07_福島07R_4歳以上1勝クラス,202403010207,1200,芝,良,晴,16,4歳以上1勝クラス,
2024-04-07_福島08R_4歳以上1勝クラス,202403010208,2600,芝,良,晴,16,4歳以上1勝クラス,
2024-04-07_福島09R_喜多方特別,202403010209,1700,ダ,良,晴,13,喜多方特別,
2024-04-07_福島10R_やまびこS,202403010210,1150,ダ,良,晴,16,やまびこS,
2024-04-07_福島11R_モルガナイトS,202403010211,1200,芝,良,晴,16,モルガナイトS,OP
2024-04-07_福島12R_4歳以上1勝クラス,202403010212,2000,芝,良,晴,14,4歳以上1勝クラス,
2024-04-13_福島01R_3歳未勝利,202403010301,1150,ダ,良,晴,16,3歳未勝利,
2024-04-13_福島02R_3歳未勝利,202403010302,1200,芝,良,晴,16,3歳未勝利,
2024-04-13_福島03R_3歳未勝利,202403010303,1700,ダ,良,晴,15,3歳未勝利,
2024-04-13_福島04R_3歳未勝利,202403010304,2000,芝,良,晴,16,3歳未勝利,
2024-04-13_福島05R_3歳未勝利,202403010305,1200,芝,良,晴,16,3歳未勝利,
2024-04-13_福島06R_3歳未勝利,202403010306,1800,芝,良,晴,16,3歳未勝利,
2024-04-13_福島07R_4歳以上1勝クラス,202403010307,1150,ダ,良,晴,16,4歳以上1勝クラス,
2024-04-13_福島08R_4歳以上1勝クラス,202403010308,1800,芝,良,晴,15,4歳以上1勝クラス,
2024-04-13_福島09R_雪うさぎ賞,202403010309,1200,芝,良,晴,16,雪うさぎ賞,
2024-04-13_福島10R_桑折特別,202403010310,2000,芝,良,晴,15,桑折特別,
2024-04-13_福島11R_ラジオ福島賞,202403010311,1150,ダ,良,晴,16,ラジオ福島賞,
2024-04-13_福島12R_4歳以上1勝クラス,202403010312,1700,ダ,良,晴,15,4歳以上1勝クラス,
2024-04-14_福島01R_3歳未勝利,202403010401,1150,ダ,良,晴,16,3歳未勝利,
2024-04-14_福島02R_3歳未勝利,202403010402,2000,芝,良,晴,16,3歳未勝利,
2024-04-14_福島03R_3歳未勝利,202403010403,1700,ダ,良,晴,15,3歳未勝利,
2024-04-14_福島04R_4歳以上障害未勝利,202403010404,2750,障,良,晴,11,4歳以上障害未勝利,
2024-04-14_福島05R_4歳以上障害未勝利,202403010405,2750,障,良,晴,11,4歳以上障害未勝利,
2024-04-14_福島06R_3歳未勝利,202403010406,1700,ダ,良,晴,15,3歳未勝利,
2024-04-14_福島07R_4歳以上1勝クラス,202403010407,1200,芝,良,晴,16,4歳以上1勝クラス,
2024-04-14_福島08R_4歳以上1勝クラス,202403010408,1700,ダ,良,晴,10,4歳以上1勝クラス,
2024-04-14_福島09R_医王寺特別,202403010409,1200,芝,良,晴,14,医王寺特別,
2024-04-14_福島10R_奥の細道特別,202403010410,2600,芝,良,晴,16,奥の細道特別,
2024-04-14_福島11R_福島民報杯,202403010411,2000,芝,良,晴,16,福島民報杯,L
2024-04-14_福島12R_4歳以上1勝クラス,202403010412,1150,ダ,良,晴,16,4歳以上1勝クラス,
2024-04-20_福島01R_3歳未勝利,202403010501,1150,ダ,良,晴,16,3歳未勝利,
2024-04-20_福島02R_3歳未勝利,202403010502,1200,芝,良,晴,16,3歳未勝利,
2024-04-20_福島03R_3歳未勝利,202403010503,1700,ダ,良,晴,15,3歳未勝利,
2024-04-20_福島04R_4歳以上障害未勝利,202403010504,2770,障,良,晴,14,4歳以上障害未勝利,
2024-04-20_福島05R_4歳以上障害OP,202403010505,3380,障,良,晴,11,4歳以上障害OP,OP
2024-04-20_福島06R_4歳以上1勝クラス,202403010506,1700,ダ,良,晴,9,4歳以上1勝クラス,
2024-04-20_福島07R_3歳未勝利,202403010507,2000,芝,良,晴,16,3歳未勝利,
2024-04-20_福島08R_4歳以上1勝クラス,202403010508,1800,芝,良,晴,12,4歳以上1勝クラス,
2024-04-20_福島09R_浄土平特別,202403010509,1200,芝,良,晴,14,浄土平特別,
2024-04-20_福島10R_尾瀬特別,202403010510,1700,ダ,良,晴,15,尾瀬特別,
2024-04-20_福島11R_福島牝馬S,202403010511,1800,芝,良,晴,16,福島牝馬S,G3
2024-04-20_福島12R_4歳以上1勝クラス,202403010512,1150,ダ,良,晴,15,4歳以上1勝クラス,
2024-04-21_福島01R_3歳未勝利,202403010601,1150,ダ,良,曇,16,3歳未勝利,
2024-04-21_福島02R_3歳未勝利,202403010602,1200,芝,良,曇,16,3歳未勝利,
2024-04-21_福島03R_3歳未勝利,202403010603,1700,ダ,良,曇,15,3歳未勝利,
2024-04-21_福島04R_4歳以上障害未勝利,202403010604,2770,障,良,曇,14,4歳以上障害未勝利,
2024-04-21_福島05R_3歳未勝利,202403010605,1800,芝,良,晴,16,3歳未勝利,
2024-04-21_福島06R_3歳未勝利,202403010606,1700,ダ,良,晴,15,3歳未勝利,
2024-04-21_福島07R_3歳未勝利,202403010607,1200,芝,良,晴,15,3歳未勝利,
2024-04-21_福島08R_4歳以上1勝クラス,202403010608,1700,ダ,良,晴,12,4歳以上1勝クラス,
2024-04-21_福島09R_燧ケ岳特別,202403010609,2600,芝,良,晴,9,燧ケ岳特別,
2024-04-21_福島10R_飯盛山特別,202403010610,2000,芝,良,晴,10,飯盛山特別,
2024-04-21_福島11R_福島中央テレビ杯,202403010611,1200,芝,良,晴,16,福島中央テレビ杯,
2024-04-21_福島12R_4歳以上1勝クラス,202403010612,1700,ダ,良,晴,9,4歳以上1勝クラス,
2024-06-29_福島01R_3歳以上障害OP,202403020101,2750,障,良,晴,14,3歳以上障害OP,OP
2024-06-29_福島02R_3歳未勝利,202403020102,1700,ダ,良,晴,15,3歳未勝利,
2024-06-29_福島03R_3歳未勝利,202403020103,1700,ダ,良,晴,15,3歳未勝利,
2024-06-29_福島04R_3歳以上障害未勝利,202403020104,2750,障,良,晴,13,3歳以上障害未勝利,
2024-06-29_福島05R_2歳新馬,202403020105,1200,芝,良,晴,9,2歳新馬,
2024-06-29_福島06R_2歳新馬,202403020106,1150,ダ,良,晴,9,2歳新馬,
2024-06-29_福島07R_3歳未勝利,202403020107,1800,芝,良,晴,16,3歳未勝利,
2024-06-29_福島08R_3歳以上1勝クラス,202403020108,1700,ダ,良,晴,15,3歳以上1勝クラス,
2024-06-29_福島09R_開成山特別,202403020109,2600,芝,良,晴,8,開成山特別,
2024-06-29_福島10R_松島特別,202403020110,1800,芝,良,晴,14,松島特別,
2024-06-29_福島12R_3歳以上1勝クラス,202403020112,1150,ダ,良,晴,16,3歳以上1勝クラス,
2024-06-30_福島01R_2歳未勝利,202403020201,1800,芝,良,曇,7,2歳未勝利,
2024-06-30_福島02R_3歳未勝利,202403020202,1150,ダ,良,曇,16,3歳未勝利,
2024-06-30_福島03R_3歳未勝利,202403020203,1200,芝,良,曇,16,3歳未勝利,
2024-06-30_福島04R_3歳未勝利,202403020204,1700,ダ,良,曇,15,3歳未勝利,
2024-06-30_福島05R_2歳新馬,202403020205,1800,芝,良,曇,16,2歳新馬,
2024-06-30_福島06R_2歳新馬,202403020206,1200,芝,良,曇,11,2歳新馬,
2024-06-30_福島07R_3歳未勝利,202403020207,2000,芝,良,曇,16,3歳未勝利,
2024-06-30_福島08R_3歳以上1勝クラス,202403020208,1700,ダ,良,曇,13,3歳以上1勝クラス,
2024-06-30_福島09R_さくらんぼ特別,202403020209,1200,芝,良,曇,8,さくらんぼ特別,
2024-06-30_福島10R_いわき特別,202403020210,1700,ダ,良,曇,13,いわき特別,
2024-06-30_福島11R_ラジオNIKKEI賞,202403020211,1800,芝,良,雨,12,ラジオNIKKEI賞,G3
2024-06-30_福島12R_3歳以上1勝クラス,202403020212,1200,芝,良,雨,16,3歳以上1勝クラス,
2024-07-06_福島01R_2歳未勝利,202403020301,1200,芝,良,曇,8,2歳未勝利,
2024-07-06_福島02R_2歳未勝利,202403020302,1800,芝,良,曇,9,2歳未勝利,
2024-07-06_福島03R_3歳未勝利,202403020303,1700,ダ,良,曇,15,3歳未勝利,
2024-07-06_福島04R_3歳未勝利,202403020304,2000,芝,良,曇,16,3歳未勝利,
2024-07-06_福島05R_2歳新馬,202403020305,1800,芝,良,曇,14,2歳新馬,
2024-07-06_福島06R_2歳新馬,202403020306,1200,芝,良,曇,12,2歳新馬,
2024-07-06_福島07R_3歳未勝利,202403020307,1700,ダ,良,曇,15,3歳未勝利,
2024-07-06_福島08R_3歳以上1勝クラス,202403020308,2000,芝,良,曇,11,3歳以上1勝クラス,
2024-07-06_福島09R_大郷特別,202403020309,1200,芝,良,曇,9,大郷特別,
2024-07-06_福島10R_猪苗代特別,202403020310,2000,芝,良,曇,8,猪苗代特別,
2024-07-06_福島11R_鶴ケ城S,202403020311,1700,ダ,良,曇,15,鶴ケ城S,
2024-07-06_福島12R_3歳以上1勝クラス,202403020312,1150,ダ,良,曇,16,3歳以上1勝クラス,
2024-07-07_福島01R_3歳以上障害未勝利,202403020401,2750,障,良,晴,9,3歳以上障害未勝利,
2024-07-07_福島02R_3歳未勝利,202403020402,1700,ダ,良,晴,15,3歳未勝利,
2024-07-07_福島03R_3歳未勝利,202403020403,1800,芝,良,晴,16,3歳未勝利,
2024-07-07_福島04R_3歳未勝利,202403020404,1150,ダ,良,晴,16,3歳未勝利,
2024-07-07_福島05R_2歳新馬,202403020405,2000,芝,良,晴,11,2歳新馬,
2024-07-07_福島06R_2歳新馬,202403020406,1200,芝,良,晴,11,2歳新馬,
2024-07-07_福島07R_3歳未勝利,202403020407,1200,芝,良,晴,16,3歳未勝利,
2024-07-07_福島08R_3歳以上1勝クラス,202403020408,1700,ダ,良,晴,15,3歳以上1勝クラス,
2024-07-07_福島09R_織姫賞,202403020409,1800,芝,良,晴,16,織姫賞,
2024-07-07_福島10R_天の川賞,202403020410,1700,ダ,良,晴,10,天の川賞,
2024-07-07_福島11R_七夕賞,202403020411,2000,芝,良,晴,15,七夕賞,G3
2024-07-07_福島12R_彦星賞,202403020412,1150,ダ,良,晴,16,彦星賞,
2024-07-13_福島01R_3歳以上障害未勝利,202403020501,2770,障,良,晴,8,3歳以上障害未勝利,
2024-07-13_福島02R_3歳未勝利,202403020502,1700,ダ,重,晴,15,3歳未勝利,
2024-07-13_福島03R_3歳未勝利,202403020503,1700,ダ,重,晴,15,3歳未勝利,
2024-07-13_福島04R_3歳以上障害OP,202403020504,3380,障,良,晴,8,3歳以上障害OP,OP
2024-07-13_福島05R_2歳新馬,202403020505,1800,芝,良,晴,10,2歳新馬,
2024-07-13_福島06R_2歳新馬,202403020506,1200,芝,良,晴,8,2歳新馬,
2024-07-13_福島07R_3歳以上1勝クラス,202403020507,1150,ダ,稍,晴,16,3歳以上1勝クラス,
2024-07-13_福島08R_3歳未勝利,202403020508,1800,芝,良,晴,16,3歳未勝利,
2024-07-13_福島09R_郡山特別,202403020509,1200,芝,良,晴,16,郡山特別,
2024-07-13_福島10R_信夫山特別,202403020510,2600,芝,良,晴,12,信夫山特別,
2024-07-13_福島11R_安達太良S,202403020511,1150,ダ,稍,晴,13,安達太良S,OP
2024-07-13_福島12R_3歳以上1勝クラス,202403020512,1200,芝,良,晴,16,3歳以上1勝クラス,
2024-07-14_福島01R_2歳未勝利,202403020601,1200,芝,良,晴,8,2歳未勝利,
2024-07-14_福島02R_2歳未勝利,202403020602,1800,芝,良,晴,8,2歳未勝利,
2024-07-14_福島03R_3歳未勝利,202403020603,2600,芝,良,晴,16,3歳未勝利,
2024-07-14_福島04R_3歳未勝利,202403020604,1150,ダ,稍,晴,16,3歳未勝利,
2024-07-14_福島05R_2歳新馬,202403020605,1800,芝,良,晴,12,2歳新馬,
2024-07-14_福島06R_2歳新馬,202403020606,1150,ダ,稍,曇,8,2歳新馬,
2024-07-14_福島07R_3歳未勝利,202403020607,1200,芝,良,曇,16,3歳未勝利,
2024-07-14_福島08R_3歳以上1勝クラス,202403020608,1800,芝,良,小雨,16,3歳以上1勝クラス,
2024-07-14_福島09R_横手特別,202403020609,1700,ダ,稍,小雨,12,横手特別,
2024-07-14_福島10R_阿武隈S,202403020610,2000,芝,良,小雨,14,阿武隈S,
2024-07-14_福島11R_福島テレビOP,202403020611,1200,芝,良,小雨,16,福島テレビOP,OP
2024-07-14_福島12R_3歳以上1勝クラス,202403020612,1700,ダ,稍,小雨,15,3歳以上1勝クラス,
2024-07-20_福島01R_2歳未勝利,202403020701,1150,ダ,良,曇,13,2歳未勝利,
2024-07-20_福島02R_2歳未勝利,202403020702,1800,芝,良,曇,16,2歳未勝利,
2024-07-20_福島03R_3歳未勝利,202403020703,2000,芝,良,曇,16,3歳未勝利,
2024-07-20_福島04R_3歳未勝利,202403020704,1700,ダ,良,曇,15,3歳未勝利,
2024-07-20_福島05R_2歳新馬,202403020705,2000,芝,良,曇,10,2歳新馬,
2024-07-20_福島06R_2歳新馬,202403020706,1200,芝,良,曇,13,2歳新馬,
2024-07-20_福島07R_3歳未勝利,202403020707,1200,芝,良,曇,16,3歳未勝利,
2024-07-20_福島08R_3歳以上1勝クラス,202403020708,1700,ダ,良,曇,15,3歳以上1勝クラス,
2024-07-20_福島09R_南相馬特別,202403020709,1200,芝,良,曇,14,南相馬特別,
2024-07-20_福島10R_白河特別,202403020710,1800,芝,良,晴,16,白河特別,
2024-07-20_福島11R_TUF杯,202403020711,1150,ダ,良,晴,16,TUF杯,
2024-07-20_福島12R_3歳以上1勝クラス,202403020712,1700,ダ,良,晴,15,3歳以上1勝クラス,
2024-07-21_福島01R_3歳以上障害未勝利,202403020801,2770,障,良,晴,14,3歳以上障害未勝利,
2024-07-21_福島02R_3歳未勝利,202403020802,1700,ダ,良,晴,15,3歳未勝利,
2024-07-21_福島03R_2歳未勝利,202403020803,1200,芝,良,晴,13,2歳未勝利,
2024-07-21_福島04R_3歳未勝利,202403020804,1150,ダ,良,晴,16,3歳未勝利,
2024-07-21_福島05R_2歳新馬,202403020805,1800,芝,良,晴,13,2歳新馬,
2024-07-21_福島06R_2歳新馬,202403020806,1200,芝,良,晴,12,2歳新馬,
2024-07-21_福島07R_3歳未勝利,202403020807,2000,芝,良,晴,16,3歳未勝利,
2024-07-21_福島08R_3歳以上1勝クラス,202403020808,1150,ダ,良,晴,16,3歳以上1勝クラス,
2024-07-21_福島09R_伊達特別,202403020809,2000,芝,良,晴,13,伊達特別,
2024-07-21_福島10R_米沢特別,202403020810,1150,ダ,良,晴,16,米沢特別,
2024-07-21_福島11R_ジュライS,202403020811,1700,ダ,良,晴,15,ジュライS,L
2024-07-21_福島12R_3歳以上1勝クラス,202403020812,2600,芝,良,晴,12,3歳以上1勝クラス,
2024-11-02_福島01R_2歳未勝利,202403030101,1700,ダ,稍,雨,15,2歳未勝利,
2024-11-02_福島02R_2歳未勝利,202403030102,1200,芝,稍,雨,16,2歳未勝利,
2024-11-02_福島03R_2歳未勝利,202403030103,1800,芝,稍,雨,16,2歳未勝利,
2024-11-02_福島04R_3歳以上1勝クラス,202403030104,1150,ダ,稍,雨,16,3歳以上1勝クラス,
2024-11-02_福島05R_2歳新馬,202403030105,1200,芝,稍,雨,16,2歳新馬,
2024-11-02_福島06R_3歳以上1勝クラス,202403030106,2400,ダ,稍,雨,12,3歳以上1勝クラス,
2024-11-02_福島07R_3歳以上1勝クラス,202403030107,1800,芝,稍,雨,15,3歳以上1勝クラス,
2024-11-02_福島08R_3歳以上1勝クラス,202403030108,1700,ダ,重,雨,11,3歳以上1勝クラス,
2024-11-02_福島09R_三春駒特別,202403030109,2000,芝,重,雨,14,三春駒特別,
2024-11-02_福島10R_三陸特別,202403030110,2600,芝,重,雨,16,三陸特別,
2024-11-02_福島11R_フルーツラインC,202403030111,1150,ダ,不,雨,16,フルーツラインC,
2024-11-02_福島12R_3歳以上1勝クラス,202403030112,1200,芝,重,雨,16,3歳以上1勝クラス,
2024-11-03_福島01R_2歳未勝利,202403030201,1150,ダ,不,晴,16,2歳未勝利,
2024-11-03_福島02R_2歳未勝利,202403030202,1200,芝,重,晴,15,2歳未勝利,
2024-11-03_福島03R_3歳以上1勝クラス,202403030203,1700,ダ,重,晴,15,3歳以上1勝クラス,
2024-11-03_福島04R_3歳以上障害未勝利,202403030204,2750,障,重,晴,8,3歳以上障害未勝利,
2024-11-03_福島05R_3歳以上障害未勝利,202403030205,2750,障,重,晴,7,3歳以上障害未勝利,
2024-11-03_福島06R_2歳新馬,202403030206,1700,ダ,重,晴,15,2歳新馬,
2024-11-03_福島07R_3歳以上1勝クラス,202403030207,2600,芝,稍,晴,14,3歳以上1勝クラス,
2024-11-03_福島08R_3歳以上1勝クラス,202403030208,1200,芝,稍,晴,16,3歳以上1勝クラス,
2024-11-03_福島09R_土湯温泉特別,202403030209,1800,芝,稍,晴,16,土湯温泉特別,
2024-11-03_福島10R_河北新報杯,202403030210,1700,ダ,重,晴,15,河北新報杯,
2024-11-03_福島11R_みちのくS,202403030211,1200,芝,稍,晴,16,みちのくS,OP
2024-11-03_福島12R_3歳以上1勝クラス,202403030212,1150,ダ,重,晴,11,3歳以上1勝クラス,
2024-11-09_福島01R_2歳未勝利,202403030301,1150,ダ,良,晴,13,2歳未勝利,
2024-11-09_福島02R_2歳未勝利,202403030302,1700,ダ,良,晴,14,2歳未勝利,
2024-11-09_福島03R_2歳未勝利,202403030303,1200,芝,良,晴,16,2歳未勝利,
2024-11-09_福島04R_3歳以上1勝クラス,202403030304,2400,ダ,良,晴,11,3歳以上1勝クラス,
2024-11-09_福島05R_2歳新馬,202403030305,2000,芝,良,晴,16,2歳新馬,
2024-11-09_福島06R_3歳以上1勝クラス,202403030306,1200,芝,良,晴,16,3歳以上1勝クラス,
2024-11-09_福島07R_3歳以上1勝クラス,202403030307,1150,ダ,良,晴,16,3歳以上1勝クラス,
2024-11-09_福島08R_3歳以上1勝クラス,202403030308,2600,芝,良,晴,15,3歳以上1勝クラス,
2024-11-09_福島09R_二本松特別,202403030309,2000,芝,良,晴,13,二本松特別,
2024-11-09_福島10R_飯坂温泉特別,202403030310,1200,芝,良,晴,16,飯坂温泉特別,
2024-11-09_福島11R_奥羽S,202403030311,1700,ダ,良,晴,15,奥羽S,
2024-11-09_福島12R_3歳以上1勝クラス,202403030312,1200,芝,良,晴,16,3歳以上1勝クラス,
2024-11-10_福島01R_3歳以上1勝クラス,202403030401,1700,ダ,良,晴,15,3歳以上1勝クラス,
2024-11-10_福島02R_2歳未勝利,202403030402,2000,芝,良,晴,16,2歳未勝利,
2024-11-10_福島03R_3歳以上1勝クラス,202403030403,1700,ダ,良,晴,15,3歳以上1勝クラス,
2024-11-10_福島04R_3歳以上障害未勝利,202403030404,2750,障,良,晴,9,3歳以上障害未勝利,
2024-11-10_福島05R_3歳以上障害未勝利,202403030405,2750,障,良,晴,6,3歳以上障害未勝利,
2024-11-10_福島06R_2歳新馬,202403030406,1700,ダ,良,晴,15,2歳新馬,
2024-11-10_福島07R_3歳以上1勝クラス,202403030407,1200,芝,良,晴,16,3歳以上1勝クラス,
2024-11-10_福島08R_3歳以上1勝クラス,202403030408,1800,芝,良,晴,16,3歳以上1勝クラス,
2024-11-10_福島09R_福島2歳S,202403030409,1200,芝,良,晴,16,福島2歳S,OP
2024-11-10_福島10R_福島放送賞,202403030410,1700,ダ,良,晴,15,福島放送賞,
2024-11-10_福島11R_福島記念,202403030411,2000,芝,良,晴,16,福島記念,G3
2024-11-10_福島12R_3歳以上1勝クラス,202403030412,1150,ダ,良,晴,16,3歳以上1勝クラス,
2024-11-16_福島01R_3歳以上1勝クラス,202403030501,1150,ダ,良,晴,16,3歳以上1勝クラス,
2024-11-16_福島02R_2歳未勝利,202403030502,1700,ダ,良,晴,15,2歳未勝利,
2024-11-16_福島03R_2歳未勝利,202403030503,1700,ダ,良,晴,15,2歳未勝利,
2024-11-16_福島04R_3歳以上障害未勝利,202403030504,2770,障,良,晴,14,3歳以上障害未勝利,
2024-11-16_福島05R_3歳以上障害OP,202403030505,3380,障,良,晴,11,3歳以上障害OP,OP
2024-11-16_福島06R_3歳以上1勝クラス,202403030506,1700,ダ,良,晴,15,3歳以上1勝クラス,
2024-11-16_福島07R_2歳未勝利,202403030507,1800,芝,良,晴,16,2歳未勝利,
2024-11-16_福島08R_3歳以上1勝クラス,202403030508,1200,芝,良,晴,16,3歳以上1勝クラス,
2024-11-16_福島09R_高湯温泉特別,202403030509,1800,芝,良,曇,16,高湯温泉特別,
2024-11-16_福島10R_西郷特別,202403030510,1150,ダ,良,曇,16,西郷特別,
2024-11-16_福島11R_キビタキS,202403030511,1200,芝,良,曇,16,キビタキS,
2024-11-16_福島12R_3歳以上1勝クラス,202403030512,2000,芝,良,曇,16,3歳以上1勝クラス,
2024-11-17_福島01R_2歳未勝利,202403030601,1150,ダ,良,曇,16,2歳未勝利,
2024-11-17_福島02R_3歳以上1勝クラス,202403030602,1700,ダ,良,曇,15,3歳以上1勝クラス,
2024-11-17_福島03R_3歳以上1勝クラス,202403030603,1700,ダ,良,晴,15,3歳以上1勝クラス,
2024-11-17_福島04R_3歳以上障害未勝利,202403030604,2770,障,良,晴,14,3歳以上障害未勝利,
2024-11-17_福島05R_2歳新馬,202403030605,1800,芝,良,晴,14,2歳新馬,
2024-11-17_福島06R_2歳未勝利,202403030606,1200,芝,良,晴,16,2歳未勝利,
2024-11-17_福島07R_3歳以上1勝クラス,202403030607,1150,ダ,良,晴,16,3歳以上1勝クラス,
2024-11-17_福島08R_3歳以上1勝クラス,202403030608,2000,芝,良,晴,16,3歳以上1勝クラス,
2024-11-17_福島09R_磐梯山特別,202403030609,2600,芝,良,晴,15,磐梯山特別,
2024-11-17_福島10R_五色沼特別,202403030610,1800,芝,良,晴,16,五色沼特別,
2024-11-17_福島11R_福島民友C,202403030611,1700,ダ,良,晴,15,福島民友C,L
2024-11-17_福島12R_3歳以上1勝クラス,202403030612,1200,芝,良,晴,16,3歳以上1勝クラス,
2024-04-27_新潟01R_4歳以上障害未勝利,202404010101,2890,障,良,晴,14,4歳以上障害未勝利,
2024-04-27_新潟02R_3歳未勝利,202404010102,1800,ダ,良,晴,14,3歳未勝利,
2024-04-27_新潟03R_3歳未勝利,202404010103,1200,ダ,良,晴,15,3歳未勝利,
2024-04-27_新潟04R_4歳以上障害OP,202404010104,2890,障,良,晴,11,4歳以上障害OP,OP
2024-04-27_新潟05R_3歳未勝利,202404010105,2000,芝,良,晴,15,3歳未勝利,
2024-04-27_新潟06R_3歳未勝利,202404010106,1000,芝,良,晴,16,3歳未勝利,
2024-04-27_新潟07R_4歳以上1勝クラス,202404010107,1800,ダ,良,晴,8,4歳以上1勝クラス,
2024-04-27_新潟08R_4歳以上1勝クラス,202404010108,1600,芝,良,晴,10,4歳以上1勝クラス,
2024-04-27_新潟09R_わらび賞,202404010109,1800,ダ,良,晴,14,わらび賞,
2024-04-27_新潟10R_胎内川特別,202404010110,1800,芝,良,晴,10,胎内川特別,
2024-04-27_新潟11R_三条S,202404010111,1800,ダ,良,晴,13,三条S,
2024-04-27_新潟12R_4歳以上1勝クラス,202404010112,1200,芝,良,晴,10,4歳以上1勝クラス,
2024-04-28_新潟01R_3歳未勝利,202404010201,1200,ダ,良,晴,15,3歳未勝利,
2024-04-28_新潟02R_3歳未勝利,202404010202,1400,芝,良,晴,16,3歳未勝利,
2024-04-28_新潟03R_3歳未勝利,202404010203,1800,ダ,良,晴,15,3歳未勝利,
2024-04-28_新潟04R_4歳以上障害未勝利,202404010204,2890,障,良,晴,10,4歳以上障害未勝利,
2024-04-28_新潟05R_3歳未勝利,202404010205,2400,芝,良,晴,15,3歳未勝利,
2024-04-28_新潟06R_4歳以上1勝クラス,202404010206,1800,ダ,良,晴,10,4歳以上1勝クラス,
2024-04-28_新潟07R_4歳以上1勝クラス,202404010207,1200,ダ,良,晴,11,4歳以上1勝クラス,
2024-04-28_新潟08R_4歳以上1勝クラス,202404010208,1800,芝,良,晴,9,4歳以上1勝クラス,
2024-04-28_新潟09R_五泉特別,202404010209,1800,ダ,良,晴,14,五泉特別,
2024-04-28_新潟10R_邁進特別,202404010210,1000,芝,良,晴,16,邁進特別,
2024-04-28_新潟11R_谷川岳S,202404010211,1600,芝,良,晴,15,谷川岳S,L
2024-04-28_新潟12R_4歳以上1勝クラス,202404010212,1200,ダ,良,晴,10,4歳以上1勝クラス,
2024-05-04_新潟01R_4歳以上障害OP,202404010301,2890,障,良,晴,14,4歳以上障害OP,OP
2024-05-04_新潟02R_3歳未勝利,202404010302,1800,ダ,良,晴,15,3歳未勝利,
2024-05-04_新潟03R_3歳未勝利,202404010303,1200,ダ,良,晴,15,3歳未勝利,
2024-05-04_新潟04R_4歳以上障害未勝利,202404010304,2890,障,良,晴,12,4歳以上障害未勝利,
2024-05-04_新潟05R_3歳未勝利,202404010305,1800,芝,良,晴,16,3歳未勝利,
2024-05-04_新潟06R_3歳未勝利,202404010306,2000,芝,良,晴,16,3歳未勝利,
2024-05-04_新潟07R_4歳以上1勝クラス,202404010307,1200,ダ,良,晴,14,4歳以上1勝クラス,
2024-05-04_新潟08R_4歳以上1勝クラス,202404010308,1800,ダ,良,晴,11,4歳以上1勝クラス,
2024-05-04_新潟09R_ゆきつばき賞,202404010309,1200,芝,良,晴,16,ゆきつばき賞,
2024-05-04_新潟10R_荒川峡特別,202404010310,2200,芝,良,晴,13,荒川峡特別,
2024-05-04_新潟11R_越後S,202404010311,1200,ダ,良,晴,15,越後S,OP
2024-05-04_新潟12R_4歳以上1勝クラス,202404010312,1000,芝,良,晴,16,4歳以上1勝クラス,
2024-05-05_新潟01R_3歳未勝利,202404010401,1800,ダ,良,晴,14,3歳未勝利,
2024-05-05_新潟02R_3歳未勝利,202404010402,1200,芝,良,晴,15,3歳未勝利,
2024-05-05_新潟03R_3歳未勝利,202404010403,1800,ダ,良,晴,15,3歳未勝利,
2024-05-05_新潟04R_4歳以上障害未勝利,202404010404,2890,障,良,晴,11,4歳以上障害未勝利,
2024-05-05_新潟05R_3歳未勝利,202404010405,1800,芝,良,晴,16,3歳未勝利,
2024-05-05_新潟06R_4歳以上1勝クラス,202404010406,1800,ダ,良,晴,15,4歳以上1勝クラス,
2024-05-05_新潟07R_4歳以上1勝クラス,202404010407,1400,芝,良,晴,16,4歳以上1勝クラス,
2024-05-05_新潟08R_4歳以上1勝クラス,202404010408,1800,芝,良,晴,14,4歳以上1勝クラス,
2024-05-05_新潟09R_咲花特別,202404010409,1800,ダ,良,晴,15,咲花特別,
2024-05-05_新潟10R_駿風S,202404010410,1000,芝,良,晴,16,駿風S,
2024-05-05_新潟11R_新潟大賞典,202404010411,2000,芝,良,晴,16,新潟大賞典,G3
2024-05-05_新潟12R_4歳以上1勝クラス,202404010412,1200,ダ,良,晴,13,4歳以上1勝クラス,
2024-05-11_新潟01R_3歳未勝利,202404010501,1200,ダ,良,晴,15,3歳未勝利,
2024-05-11_新潟02R_3歳未勝利,202404010502,1800,ダ,良,晴,15,3歳未勝利,
2024-05-11_新潟03R_3歳未勝利,202404010503,1400,芝,良,晴,16,3歳未勝利,
2024-05-11_新潟04R_3歳未勝利,202404010504,1800,ダ,良,晴,15,3歳未勝利,
2024-05-11_新潟05R_3歳未勝利,202404010505,2000,芝,良,晴,15,3歳未勝利,
2024-05-11_新潟06R_3歳未勝利,202404010506,1200,ダ,良,晴,15,3歳未勝利,
2024-05-11_新潟07R_4歳以上1勝クラス,202404010507,1800,芝,良,晴,8,4歳以上1勝クラス,
2024-05-11_新潟08R_4歳以上1勝クラス,202404010508,1800,ダ,良,晴,14,4歳以上1勝クラス,
2024-05-11_新潟09R_はやぶさ賞,202404010509,1000,芝,良,晴,12,はやぶさ賞,
2024-05-11_新潟10R_三国特別,202404010510,1600,芝,良,晴,12,三国特別,
2024-05-11_新潟11R_信濃川特別,202404010511,2000,芝,良,晴,11,信濃川特別,
2024-05-11_新潟12R_4歳以上1勝クラス,202404010512,1200,ダ,良,晴,14,4歳以上1勝クラス,
2024-05-12_新潟01R_3歳未勝利,202404010601,1800,芝,良,曇,16,3歳未勝利,
2024-05-12_新潟02R_3歳未勝利,202404010602,1200,ダ,良,曇,15,3歳未勝利,
2024-05-12_新潟03R_3歳未勝利,202404010603,1800,ダ,良,曇,15,3歳未勝利,
2024-05-12_新潟04R_4歳以上障害未勝利,202404010604,2890,障,良,曇,11,4歳以上障害未勝利,
2024-05-12_新潟05R_4歳以上障害未勝利,202404010605,2890,障,良,曇,9,4歳以上障害未勝利,
2024-05-12_新潟06R_4歳以上1勝クラス,202404010606,1800,ダ,良,曇,11,4歳以上1勝クラス,
2024-05-12_新潟07R_3歳未勝利,202404010607,1000,芝,良,晴,16,3歳未勝利,
2024-05-12_新潟08R_4歳以上1勝クラス,202404010608,1200,ダ,良,晴,14,4歳以上1勝クラス,
2024-05-12_新潟09R_尖閣湾特別,202404010609,2000,芝,良,晴,8,尖閣湾特別,
2024-05-12_新潟10R_中ノ岳特別,202404010610,1800,ダ,良,晴,14,中ノ岳特別,
2024-05-12_新潟11R_弥彦S,202404010611,1800,芝,良,晴,16,弥彦S,
2024-05-12_新潟12R_4歳以上1勝クラス,202404010612,1200,芝,良,晴,13,4歳以上1勝クラス,
2024-05-18_新潟01R_4歳以上障害OP,202404010701,3290,障,良,晴,14,4歳以上障害OP,OP
2024-05-18_新潟02R_3歳未勝利,202404010702,1800,ダ,良,晴,15,3歳未勝利,
2024-05-18_新潟03R_3歳未勝利,202404010703,1200,ダ,良,晴,15,3歳未勝利,
2024-05-18_新潟04R_4歳以上障害未勝利,202404010704,2890,障,良,晴,13,4歳以上障害未勝利,
2024-05-18_新潟05R_3歳未勝利,202404010705,2000,芝,良,晴,16,3歳未勝利,
2024-05-18_新潟06R_3歳未勝利,202404010706,1800,ダ,良,晴,15,3歳未勝利,
2024-05-18_新潟07R_3歳未勝利,202404010707,1600,芝,良,晴,16,3歳未勝利,
2024-05-18_新潟08R_4歳以上1勝クラス,202404010708,1800,ダ,良,晴,15,4歳以上1勝クラス,
2024-05-18_新潟09R_飛竜特別,202404010709,1000,芝,良,晴,16,飛竜特別,
2024-05-18_新潟10R_二王子特別,202404010710,2000,芝,良,晴,10,二王子特別,
2024-05-18_新潟11R_大日岳特別,202404010711,1200,芝,良,晴,16,大日岳特別,
2024-05-18_新潟12R_4歳以上1勝クラス,202404010712,1200,ダ,良,晴,15,4歳以上1勝クラス,
2024-05-19_新潟01R_3歳未勝利,202404010801,1200,ダ,良,晴,15,3歳未勝利,
2024-05-19_新潟02R_3歳未勝利,202404010802,1200,芝,良,晴,16,3歳未勝利,
2024-05-19_新潟03R_3歳未勝利,202404010803,1800,ダ,良,晴,15,3歳未勝利,
2024-05-19_新潟04R_4歳以上障害未勝利,202404010804,2890,障,良,晴,14,4歳以上障害未勝利,
2024-05-19_新潟05R_3歳未勝利,202404010805,2200,芝,良,晴,16,3歳未勝利,
2024-05-19_新潟06R_3歳未勝利,202404010806,1800,芝,良,晴,16,3歳未勝利,
2024-05-19_新潟07R_4歳以上1勝クラス,202404010807,1200,ダ,良,晴,15,4歳以上1勝クラス,
2024-05-19_新潟08R_4歳以上1勝クラス,202404010808,1400,芝,良,晴,16,4歳以上1勝クラス,
2024-05-19_新潟09R_石打特別,202404010809,1800,芝,良,晴,14,石打特別,
2024-05-19_新潟10R_火打山特別,202404010810,1200,ダ,良,晴,15,火打山特別,
2024-05-19_新潟11R_韋駄天S,202404010811,1000,芝,良,晴,16,韋駄天S,OP
2024-05-19_新潟12R_4歳以上1勝クラス,202404010812,1800,ダ,良,晴,15,4歳以上1勝クラス,
2024-07-27_新潟01R_2歳未勝利,202404020101,1800,芝,良,晴,6,2歳未勝利,
2024-07-27_新潟02R_2歳新馬,202404020102,1400,芝,良,晴,15,2歳新馬,
2024-07-27_新潟03R_2歳新馬,202404020103,1200,ダ,良,晴,14,2歳新馬,
2024-07-27_新潟04R_3歳未勝利,202404020104,1800,芝,良,晴,18,3歳未勝利,
2024-07-27_新潟05R_3歳未勝利,202404020105,1400,芝,良,曇,18,3歳未勝利,
2024-07-27_新潟06R_豊栄特別,202404020106,1600,芝,良,曇,18,豊栄特別,
2024-07-27_新潟07R_関越S,202404020107,1800,芝,良,曇,15,関越S,OP
2024-07-27_新潟08R_3歳以上1勝クラス,202404020108,1800,ダ,良,曇,15,3歳以上1勝クラス,
2024-07-27_新潟09R_新潟ジャンプS,202404020109,3250,障,良,曇,13,新潟ジャンプS,
2024-07-27_新潟10R_3歳未勝利,202404020110,1800,ダ,良,曇,15,3歳未勝利,
2024-07-27_新潟11R_3歳以上1勝クラス,202404020111,1000,芝,良,曇,18,3歳以上1勝クラス,
2024-07-27_新潟12R_出雲崎特別,202404020112,1200,ダ,良,曇,15,出雲崎特別,
2024-07-28_新潟01R_2歳未勝利,202404020201,1400,芝,良,曇,11,2歳未勝利,
2024-07-28_新潟02R_2歳未勝利,202404020202,1200,ダ,良,曇,9,2歳未勝利,
2024-07-28_新潟03R_2歳新馬,202404020203,1800,芝,良,曇,9,2歳新馬,
2024-07-28_新潟04R_2歳新馬,202404020204,1600,芝,良,曇,12,2歳新馬,
2024-07-28_新潟05R_3歳未勝利,202404020205,1200,ダ,良,曇,15,3歳未勝利,
2024-07-28_新潟06R_佐渡S,202404020206,1400,芝,良,曇,18,佐渡S,
2024-07-28_新潟07R_アイビスSD,202404020207,1000,芝,良,曇,18,アイビスSD,G3
2024-07-28_新潟08R_3歳以上1勝クラス,202404020208,1200,ダ,稍,曇,15,3歳以上1勝クラス,
2024-07-28_新潟09R_3歳未勝利,202404020209,1800,ダ,稍,曇,15,3歳未勝利,
2024-07-28_新潟10R_3歳未勝利,202404020210,2200,芝,良,曇,17,3歳未勝利,
2024-07-28_新潟11R_3歳以上1勝クラス,202404020211,1800,芝,良,曇,16,3歳以上1勝クラス,
2024-07-28_新潟12R_麒麟山特別,202404020212,1800,ダ,稍,曇,15,麒麟山特別,
2024-08-03_新潟01R_2歳未勝利,202404020301,1200,芝,良,晴,9,2歳未勝利,
2024-08-03_新潟02R_2歳未勝利,202404020302,1600,芝,良,曇,7,2歳未勝利,
2024-08-03_新潟03R_2歳新馬,202404020303,1800,ダ,良,晴,15,2歳新馬,
2024-08-03_新潟04R_2歳新馬,202404020304,1600,芝,良,晴,11,2歳新馬,
2024-08-03_新潟05R_3歳未勝利,202404020305,2000,芝,良,晴,18,3歳未勝利,
2024-08-03_新潟06R_柳都S,202404020306,1800,ダ,良,晴,15,柳都S,
2024-08-03_新潟07R_新潟日報賞,202404020307,1800,芝,良,晴,16,新潟日報賞,
2024-08-03_新潟08R_3歳以上1勝クラス,202404020308,1200,ダ,良,晴,15,3歳以上1勝クラス,
2024-08-03_新潟09R_3歳未勝利,202404020309,1800,ダ,良,晴,15,3歳未勝利,
2024-08-03_新潟10R_3歳未勝利,202404020310,1200,芝,良,晴,18,3歳未勝利,
2024-08-03_新潟11R_月岡温泉特別,202404020311,2000,芝,良,晴,8,月岡温泉特別,
2024-08-03_新潟12R_3歳以上1勝クラス,202404020312,1800,ダ,良,晴,13,3歳以上1勝クラス,
2024-08-04_新潟01R_2歳未勝利,202404020401,2000,芝,良,晴,8,2歳未勝利,
2024-08-04_新潟02R_2歳新馬,202404020402,1600,芝,良,晴,14,2歳新馬,
2024-08-04_新潟03R_2歳新馬,202404020403,1800,芝,良,晴,9,2歳新馬,
2024-08-04_新潟04R_3歳未勝利,202404020404,1800,ダ,良,晴,15,3歳未勝利,
2024-08-04_新潟05R_3歳未勝利,202404020405,1600,芝,良,晴,18,3歳未勝利,
2024-08-04_新潟06R_驀進特別,202404020406,1000,芝,良,晴,18,驀進特別,
2024-08-04_新潟07R_レパードS,202404020407,1800,ダ,良,晴,15,レパードS,G3
2024-08-04_新潟08R_3歳以上1勝クラス,202404020408,2200,芝,良,晴,14,3歳以上1勝クラス,
2024-08-04_新潟09R_3歳未勝利,202404020409,1200,ダ,良,晴,15,3歳未勝利,
2024-08-04_新潟10R_3歳以上1勝クラス,202404020410,1600,芝,良,晴,18,3歳以上1勝クラス,
2024-08-04_新潟11R_ダリア賞,202404020411,1400,芝,良,晴,9,ダリア賞,OP
2024-08-04_新潟12R_苗場特別,202404020412,1800,ダ,良,晴,15,苗場特別,
2024-08-10_新潟01R_2歳未勝利,202404030101,1800,芝,良,晴,12,2歳未勝利,
2024-08-10_新潟02R_3歳未勝利,202404030102,1200,ダ,良,晴,15,3歳未勝利,
2024-08-10_新潟03R_3歳未勝利,202404030103,2400,芝,良,晴,18,3歳未勝利,
2024-08-10_新潟04R_3歳未勝利,202404030104,1800,ダ,良,晴,15,3歳未勝利,
2024-08-10_新潟05R_2歳新馬,202404030105,1800,芝,良,晴,16,2歳新馬,
2024-08-10_新潟06R_2歳新馬,202404030106,1400,芝,良,晴,18,2歳新馬,
2024-08-10_新潟07R_3歳未勝利,202404030107,1000,芝,良,晴,18,3歳未勝利,
2024-08-10_新潟08R_3歳以上1勝クラス,202404030108,1800,ダ,良,晴,15,3歳以上1勝クラス,
2024-08-10_新潟09R_浦佐特別,202404030109,1200,ダ,良,晴,15,浦佐特別,
2024-08-10_新潟10R_新発田城特別,202404030110,1400,芝,良,晴,14,新発田城特別,
2024-08-10_新潟11R_BSN賞,202404030111,1800,ダ,良,晴,15,BSN賞,L
2024-08-10_新潟12R_3歳以上1勝クラス,202404030112,1400,芝,良,晴,18,3歳以上1勝クラス,
2024-08-11_新潟01R_3歳以上障害未勝利,202404030201,2850,障,良,曇,11,3歳以上障害未勝利,
2024-08-11_新潟02R_3歳未勝利,202404030202,1800,ダ,良,晴,15,3歳未勝利,
2024-08-11_新潟03R_2歳未勝利,202404030203,1400,芝,良,晴,14,2歳未勝利,
2024-08-11_新潟04R_3歳未勝利,202404030204,1200,ダ,良,晴,15,3歳未勝利,
2024-08-11_新潟05R_2歳新馬,202404030205,1600,芝,良,晴,13,2歳新馬,
2024-08-11_新潟06R_3歳未勝利,202404030206,1800,芝,良,晴,18,3歳未勝利,
2024-08-11_新潟07R_3歳以上1勝クラス,202404030207,2000,芝,良,晴,11,3歳以上1勝クラス,
2024-08-11_新潟08R_3歳以上1勝クラス,202404030208,1800,ダ,良,晴,15,3歳以上1勝クラス,
2024-08-11_新潟09R_三面川特別,202404030209,1800,芝,良,晴,13,三面川特別,
2024-08-11_新潟10R_稲妻S,202404030210,1000,芝,良,晴,17,稲妻S,
2024-08-11_新潟11R_関屋記念,202404030211,1600,芝,良,晴,18,関屋記念,G3
2024-08-11_新潟12R_3歳以上1勝クラス,202404030212,1200,ダ,良,晴,15,3歳以上1勝クラス,
2024-08-17_新潟01R_3歳以上障害未勝利,202404030301,2850,障,良,晴,12,3歳以上障害未勝利,
2024-08-17_新潟02R_3歳未勝利,202404030302,1800,ダ,良,晴,14,3歳未勝利,
2024-08-17_新潟03R_2歳未勝利,202404030303,1200,ダ,良,晴,15,2歳未勝利,
2024-08-17_新潟04R_3歳以上障害OP,202404030304,2850,障,良,晴,9,3歳以上障害OP,OP
2024-08-17_新潟05R_2歳新馬,202404030305,1200,芝,良,晴,18,2歳新馬,
2024-08-17_新潟06R_2歳新馬,202404030306,1800,ダ,良,晴,15,2歳新馬,
2024-08-17_新潟07R_3歳未勝利,202404030307,1600,芝,良,晴,18,3歳未勝利,
2024-08-17_新潟08R_3歳以上1勝クラス,202404030308,2400,芝,良,晴,12,3歳以上1勝クラス,
2024-08-17_新潟09R_瀬波温泉特別,202404030309,1800,ダ,良,晴,15,瀬波温泉特別,
2024-08-17_新潟10R_上越S,202404030310,1200,ダ,良,晴,15,上越S,
2024-08-17_新潟11R_日本海S,202404030311,2200,芝,良,晴,9,日本海S,
2024-08-17_新潟12R_3歳以上1勝クラス,202404030312,1800,芝,良,晴,18,3歳以上1勝クラス,
2024-08-18_新潟01R_2歳未勝利,202404030401,1600,芝,良,晴,10,2歳未勝利,
2024-08-18_新潟02R_2歳未勝利,202404030402,1800,芝,良,晴,10,2歳未勝利,
2024-08-18_新潟03R_3歳未勝利,202404030403,1800,ダ,良,晴,15,3歳未勝利,
2024-08-18_新潟04R_3歳未勝利,202404030404,1400,芝,良,晴,18,3歳未勝利,
2024-08-18_新潟05R_2歳新馬,202404030405,1800,芝,良,晴,12,2歳新馬,
2024-08-18_新潟06R_3歳未勝利,202404030406,1200,ダ,良,晴,15,3歳未勝利,
2024-08-18_新潟07R_3歳未勝利,202404030407,2000,芝,良,晴,18,3歳未勝利,
2024-08-18_新潟08R_3歳以上1勝クラス,202404030408,1200,ダ,良,晴,15,3歳以上1勝クラス,
2024-08-18_新潟09R_閃光特別,202404030409,1000,芝,良,晴,18,閃光特別,
2024-08-18_新潟10R_阿賀野川特別,202404030410,2200,芝,良,晴,14,阿賀野川特別,
2024-08-18_新潟11R_NST賞,202404030411,1200,ダ,良,晴,14,NST賞,OP
2024-08-18_新潟12R_3歳以上1勝クラス,202404030412,1800,ダ,良,晴,15,3歳以上1勝クラス,
2024-08-24_新潟01R_2歳未勝利,202404030501,1600,芝,良,曇,10,2歳未勝利,
2024-08-24_新潟02R_3歳未勝利,202404030502,1800,ダ,良,曇,15,3歳未勝利,
2024-08-24_新潟03R_3歳未勝利,202404030503,1200,芝,良,晴,18,3歳未勝利,
2024-08-24_新潟04R_3歳未勝利,202404030504,2000,芝,良,晴,18,3歳未勝利,
2024-08-24_新潟05R_2歳新馬,202404030505,1600,芝,良,晴,12,2歳新馬,
2024-08-24_新潟06R_2歳新馬,202404030506,1200,ダ,良,晴,15,2歳新馬,
2024-08-24_新潟07R_3歳未勝利,202404030507,1800,ダ,良,晴,15,3歳未勝利,
2024-08-24_新潟08R_3歳以上1勝クラス,202404030508,1800,ダ,良,晴,15,3歳以上1勝クラス,
2024-08-24_新潟09R_中郷特別,202404030509,1800,芝,良,晴,16,中郷特別,
2024-08-24_新潟10R_五頭連峰特別,202404030510,1600,芝,良,晴,16,五頭連峰特別,
2024-08-24_新潟11R_朱鷺S,202404030511,1400,芝,良,晴,13,朱鷺S,L
2024-08-24_新潟12R_3歳以上1勝クラス,202404030512,1200,ダ,良,晴,15,3歳以上1勝クラス,
2024-08-25_新潟01R_3歳以上障害未勝利,202404030601,2850,障,良,曇,8,3歳以上障害未勝利,
2024-08-25_新潟02R_3歳未勝利,202404030602,1800,ダ,良,曇,15,3歳未勝利,
2024-08-25_新潟03R_2歳未勝利,202404030603,1000,芝,良,曇,11,2歳未勝利,
2024-08-25_新潟04R_3歳未勝利,202404030604,1200,ダ,良,曇,15,3歳未勝利,
2024-08-25_新潟05R_2歳新馬,202404030605,1800,芝,良,曇,9,2歳新馬,
2024-08-25_新潟06R_2歳新馬,202404030606,1600,芝,良,曇,17,2歳新馬,
2024-08-25_新潟07R_3歳未勝利,202404030607,2000,芝,良,曇,18,3歳未勝利,
2024-08-25_新潟08R_3歳以上1勝クラス,202404030608,1800,ダ,良,曇,15,3歳以上1勝クラス,
2024-08-25_新潟09R_岩室温泉特別,202404030609,1200,ダ,良,曇,15,岩室温泉特別,
2024-08-25_新潟10R_長岡S,202404030610,1600,芝,良,曇,14,長岡S,
2024-08-25_新潟11R_新潟2歳S,202404030611,1600,芝,良,曇,11,新潟2歳S,G3
2024-08-31_新潟01R_3歳以上障害未勝利,202404030701,2850,障,良,曇,10,3歳以上障害未勝利,
2024-08-31_新潟02R_2歳未勝利,202404030702,1800,ダ,良,曇,10,2歳未勝利,
2024-08-31_新潟03R_3歳未勝利,202404030703,1200,ダ,良,曇,15,3歳未勝利,
2024-08-31_新潟04R_3歳以上障害OP,202404030704,3250,障,良,曇,10,3歳以上障害OP,OP
2024-08-31_新潟05R_2歳新馬,202404030705,2000,芝,良,曇,7,2歳新馬,
2024-08-31_新潟06R_3歳未勝利,202404030706,1600,芝,良,小雨,18,3歳未勝利,
2024-08-31_新潟07R_3歳未勝利,202404030707,1800,芝,良,小雨,18,3歳未勝利,
2024-08-31_新潟08R_3歳以上1勝クラス,202404030708,1200,ダ,稍,雨,15,3歳以上1勝クラス,
2024-08-31_新潟09R_瓢湖特別,202404030709,2200,芝,稍,雨,14,瓢湖特別,
2024-08-31_新潟10R_赤倉特別,202404030710,2000,芝,稍,曇,12,赤倉特別,
2024-08-31_新潟11R_古町S,202404030711,1800,ダ,稍,曇,11,古町S,
2024-08-31_新潟12R_3歳以上1勝クラス,202404030712,1600,芝,稍,曇,17,3歳以上1勝クラス,
2024-09-01_新潟01R_2歳未勝利,202404030801,1400,芝,良,晴,12,2歳未勝利,
2024-09-01_新潟02R_2歳未勝利,202404030802,2000,芝,良,晴,11,2歳未勝利,
2024-09-01_新潟03R_3歳未勝利,202404030803,1800,ダ,良,晴,15,3歳未勝利,
2024-09-01_新潟04R_3歳未勝利,202404030804,2200,芝,良,晴,18,3歳未勝利,
2024-09-01_新潟05R_2歳新馬,202404030805,1800,芝,良,晴,6,2歳新馬,
2024-09-01_新潟06R_2歳新馬,202404030806,1400,芝,良,晴,16,2歳新馬,
2024-09-01_新潟07R_3歳未勝利,202404030807,1200,ダ,良,晴,15,3歳未勝利,
2024-09-01_新潟08R_3歳以上1勝クラス,202404030808,1800,ダ,良,晴,12,3歳以上1勝クラス,
2024-09-01_新潟09R_飯豊特別,202404030809,1400,芝,良,晴,7,飯豊特別,
2024-09-01_新潟10R_両津湾特別,202404030810,1800,ダ,良,晴,15,両津湾特別,
2024-09-01_新潟11R_新潟記念,202404030811,2000,芝,良,晴,12,新潟記念,G3
2024-09-01_新潟12R_雷光特別,202404030812,1000,芝,良,晴,17,雷光特別,
2024-10-05_新潟01R_3歳以上障害OP,202404040101,3250,障,稍,曇,12,3歳以上障害OP,OP
2024-10-05_新潟02R_2歳未勝利,202404040102,1800,ダ,重,曇,12,2歳未勝利,
2024-10-05_新潟03R_3歳以上1勝クラス,202404040103,1200,ダ,重,曇,15,3歳以上1勝クラス,
2024-10-05_新潟04R_3歳以上障害未勝利,202404040104,2850,障,稍,曇,11,3歳以上障害未勝利,
2024-10-05_新潟05R_2歳新馬,202404040105,1400,芝,良,曇,18,2歳新馬,
2024-10-05_新潟06R_2歳未勝利,202404040106,1600,芝,良,晴,12,2歳未勝利,
2024-10-05_新潟07R_3歳以上1勝クラス,202404040107,1800,ダ,重,晴,12,3歳以上1勝クラス,
2024-10-05_新潟08R_3歳以上1勝クラス,202404040108,1200,ダ,重,晴,15,3歳以上1勝クラス,
2024-10-05_新潟09R_松浜特別,202404040109,2000,芝,良,晴,14,松浜特別,
2024-10-05_新潟10R_聖籠特別,202404040110,1600,芝,良,晴,18,聖籠特別,
2024-10-05_新潟11R_鳥屋野特別,202404040111,1800,ダ,稍,晴,13,鳥屋野特別,
2024-10-05_新潟12R_3歳以上1勝クラス,202404040112,1000,芝,良,晴,18,3歳以上1勝クラス,
2024-10-06_新潟01R_2歳未勝利,202404040201,1200,ダ,稍,晴,14,2歳未勝利,
2024-10-06_新潟02R_2歳未勝利,202404040202,1800,芝,良,晴,15,2歳未勝利,
2024-10-06_新潟03R_3歳以上1勝クラス,202404040203,1800,ダ,稍,晴,12,3歳以上1勝クラス,
2024-10-06_新潟04R_3歳以上障害未勝利,202404040204,2850,障,良,晴,10,3歳以上障害未勝利,
2024-10-06_新潟05R_2歳新馬,202404040205,1200,ダ,良,晴,15,2歳新馬,
2024-10-06_新潟06R_2歳未勝利,202404040206,1000,芝,良,晴,12,2歳未勝利,
2024-10-06_新潟07R_3歳以上1勝クラス,202404040207,1400,芝,良,晴,18,3歳以上1勝クラス,
2024-10-06_新潟08R_3歳以上1勝クラス,202404040208,1800,ダ,良,晴,11,3歳以上1勝クラス,
2024-10-06_新潟09R_萬代橋特別,202404040209,2400,芝,良,晴,16,萬代橋特別,
2024-10-06_新潟10R_寺泊特別,202404040210,1600,芝,良,晴,8,寺泊特別,
2024-10-06_新潟11R_トルマリンS,202404040211,1800,ダ,良,晴,13,トルマリンS,
2024-10-06_新潟12R_3歳以上1勝クラス,202404040212,1200,ダ,良,晴,15,3歳以上1勝クラス,
2024-10-12_新潟01R_3歳以上障害未勝利,202404040301,2850,障,良,晴,11,3歳以上障害未勝利,
2024-10-12_新潟02R_2歳未勝利,202404040302,1800,ダ,良,晴,9,2歳未勝利,
2024-10-12_新潟03R_3歳以上1勝クラス,202404040303,1800,ダ,良,晴,13,3歳以上1勝クラス,
2024-10-12_新潟04R_3歳以上障害未勝利,202404040304,2850,障,良,晴,10,3歳以上障害未勝利,
2024-10-12_新潟05R_2歳新馬,202404040305,1600,芝,良,晴,18,2歳新馬,
2024-10-12_新潟06R_2歳未勝利,202404040306,2000,芝,良,晴,14,2歳未勝利,
2024-10-12_新潟07R_3歳以上1勝クラス,202404040307,1800,ダ,良,晴,11,3歳以上1勝クラス,
2024-10-12_新潟08R_3歳以上1勝クラス,202404040308,1200,ダ,良,晴,13,3歳以上1勝クラス,
2024-10-12_新潟09R_朝日岳特別,202404040309,1200,芝,良,晴,18,朝日岳特別,
2024-10-12_新潟10R_粟島特別,202404040310,1800,芝,良,晴,12,粟島特別,
2024-10-12_新潟11R_飛翼特別,202404040311,1000,芝,良,晴,18,飛翼特別,
2024-10-12_新潟12R_3歳以上1勝クラス,202404040312,1200,ダ,良,晴,14,3歳以上1勝クラス,
2024-10-14_新潟01R_2歳未勝利,202404040401,1200,ダ,良,晴,13,2歳未勝利,
2024-10-14_新潟02R_2歳未勝利,202404040402,1400,芝,良,晴,18,2歳未勝利,
2024-10-14_新潟03R_2歳未勝利,202404040403,1200,芝,良,晴,15,2歳未勝利,
2024-10-14_新潟04R_3歳以上1勝クラス,202404040404,2500,ダ,良,晴,10,3歳以上1勝クラス,
2024-10-14_新潟05R_2歳新馬,202404040405,1800,ダ,良,晴,15,2歳新馬,
2024-10-14_新潟06R_3歳以上1勝クラス,202404040406,2000,芝,良,晴,12,3歳以上1勝クラス,
2024-10-14_新潟07R_3歳以上1勝クラス,202404040407,1800,ダ,良,晴,10,3歳以上1勝クラス,
2024-10-14_新潟08R_3歳以上1勝クラス,202404040408,1200,ダ,良,晴,8,3歳以上1勝クラス,
2024-10-14_新潟09R_稲光特別,202404040409,1000,芝,良,晴,17,稲光特別,
2024-10-14_新潟10R_菅名岳特別,202404040410,1800,ダ,良,晴,10,菅名岳特別,
2024-10-14_新潟11R_信越S,202404040411,1400,芝,良,晴,18,信越S,L
2024-10-14_新潟12R_3歳以上1勝クラス,202404040412,1800,芝,良,晴,16,3歳以上1勝クラス,
2024-10-19_新潟01R_3歳以上障害未勝利,202404040501,2850,障,良,小雨,9,3歳以上障害未勝利,
2024-10-19_新潟02R_2歳未勝利,202404040502,1800,ダ,良,小雨,10,2歳未勝利,
2024-10-19_新潟03R_2歳未勝利,202404040503,1200,ダ,良,曇,12,2歳未勝利,
2024-10-19_新潟04R_3歳以上障害OP,202404040504,3250,障,良,曇,8,3歳以上障害OP,OP
2024-10-19_新潟05R_2歳未勝利,202404040505,1000,芝,良,曇,14,2歳未勝利,
2024-10-19_新潟06R_3歳以上1勝クラス,202404040506,1800,ダ,良,小雨,8,3歳以上1勝クラス,
2024-10-19_新潟07R_3歳以上1勝クラス,202404040507,1800,芝,良,小雨,10,3歳以上1勝クラス,
2024-10-19_新潟08R_3歳以上1勝クラス,202404040508,1200,ダ,良,小雨,12,3歳以上1勝クラス,
2024-10-19_新潟09R_岩船特別,202404040509,2200,芝,稍,雨,10,岩船特別,
2024-10-19_新潟10R_村上特別,202404040510,2000,芝,稍,雨,14,村上特別,
2024-10-19_新潟11R_北陸S,202404040511,1200,芝,稍,雨,18,北陸S,
2024-10-19_新潟12R_3歳以上1勝クラス,202404040512,1200,ダ,稍,雨,12,3歳以上1勝クラス,
2024-10-20_新潟01R_2歳未勝利,202404040601,2000,芝,稍,晴,10,2歳未勝利,
2024-10-20_新潟02R_2歳未勝利,202404040602,1800,ダ,稍,晴,9,2歳未勝利,
2024-10-20_新潟03R_3歳以上1勝クラス,202404040603,1800,ダ,稍,晴,10,3歳以上1勝クラス,
2024-10-20_新潟04R_3歳以上障害未勝利,202404040604,2850,障,稍,晴,7,3歳以上障害未勝利,
2024-10-20_新潟05R_2歳新馬,202404040605,1200,芝,良,晴,17,2歳新馬,
2024-10-20_新潟06R_3歳以上1勝クラス,202404040606,1800,ダ,稍,晴,10,3歳以上1勝クラス,
2024-10-20_新潟07R_3歳以上1勝クラス,202404040607,2000,芝,良,晴,15,3歳以上1勝クラス,
2024-10-20_新潟08R_3歳以上1勝クラス,202404040608,1000,芝,良,晴,18,3歳以上1勝クラス,
2024-10-20_新潟09R_十日町特別,202404040609,1400,芝,良,晴,18,十日町特別,
2024-10-20_新潟10R_妙高特別,202404040610,1200,ダ,稍,晴,15,妙高特別,
2024-10-20_新潟11R_新潟牝馬S,202404040611,2200,芝,良,晴,13,新潟牝馬S,L
2024-10-20_新潟12R_3歳以上1勝クラス,202404040612,1200,ダ,稍,晴,13,3歳以上1勝クラス,
2024-10-26_新潟01R_3歳以上障害OP,202404040701,2850,障,良,晴,14,3歳以上障害OP,OP
2024-10-26_新潟02R_2歳未勝利,202404040702,1800,ダ,良,晴,12,2歳未勝利,
2024-10-26_新潟03R_3歳以上1勝クラス,202404040703,1200,ダ,良,晴,11,3歳以上1勝クラス,
2024-10-26_新潟04R_3歳以上障害未勝利,202404040704,2850,障,良,晴,8,3歳以上障害未勝利,
2024-10-26_新潟05R_2歳新馬,202404040705,1200,ダ,良,晴,15,2歳新馬,
2024-10-26_新潟06R_2歳未勝利,202404040706,1600,芝,良,晴,15,2歳未勝利,
2024-10-26_新潟07R_3歳以上1勝クラス,202404040707,1800,ダ,良,晴,13,3歳以上1勝クラス,
2024-10-26_新潟08R_3歳以上1勝クラス,202404040708,1200,ダ,良,晴,10,3歳以上1勝クラス,
2024-10-26_新潟09R_柏崎特別,202404040709,1600,芝,良,晴,16,柏崎特別,
2024-10-26_新潟10R_直江津特別,202404040710,1800,ダ,良,晴,14,直江津特別,
2024-10-26_新潟11R_魚沼S,202404040711,2000,芝,良,晴,10,魚沼S,
2024-10-26_新潟12R_3歳以上1勝クラス,202404040712,1000,芝,良,晴,12,3歳以上1勝クラス,
2024-10-27_新潟01R_2歳未勝利,202404040801,1800,芝,良,晴,18,2歳未勝利,
2024-10-27_新潟02R_2歳未勝利,202404040802,1200,ダ,良,晴,15,2歳未勝利,
2024-10-27_新潟03R_3歳以上1勝クラス,202404040803,1800,ダ,良,晴,11,3歳以上1勝クラス,
2024-10-27_新潟04R_3歳以上障害未勝利,202404040804,2850,障,良,晴,11,3歳以上障害未勝利,
2024-10-27_新潟05R_2歳未勝利,202404040805,1400,芝,良,晴,11,2歳未勝利,
2024-10-27_新潟06R_3歳以上1勝クラス,202404040806,1200,ダ,良,晴,13,3歳以上1勝クラス,
2024-10-27_新潟07R_3歳以上1勝クラス,202404040807,1800,芝,良,晴,18,3歳以上1勝クラス,
2024-10-27_新潟08R_3歳以上1勝クラス,202404040808,1200,ダ,良,晴,11,3歳以上1勝クラス,
2024-10-27_新潟09R_湯沢特別,202404040809,2000,芝,良,晴,16,湯沢特別,
2024-10-27_新潟10R_清津峡特別,202404040810,1200,芝,良,晴,16,清津峡特別,
2024-10-27_新潟11R_ルミエールAD,202404040811,1000,芝,良,晴,17,ルミエールAD,L
2024-10-27_新潟12R_3歳以上1勝クラス,202404040812,1800,ダ,良,晴,10,3歳以上1勝クラス,
2024-01-27_東京01R_3歳未勝利,202405010101,1400,ダ,良,晴,16,3歳未勝利,
2024-01-27_東京02R_3歳未勝利,202405010102,2100,ダ,良,晴,15,3歳未勝利,
2024-01-27_東京03R_3歳未勝利,202405010103,1600,ダ,良,晴,14,3歳未勝利,
2024-01-27_東京04R_3歳1勝クラス,202405010104,1600,ダ,良,晴,14,3歳1勝クラス,
2024-01-27_東京05R_3歳新馬,202405010105,1600,芝,良,晴,16,3歳新馬,
2024-01-27_東京06R_3歳未勝利,202405010106,1800,芝,良,晴,12,3歳未勝利,
2024-01-27_東京07R_4歳以上1勝クラス,202405010107,1400,ダ,良,晴,16,4歳以上1勝クラス,
2024-01-27_東京08R_4歳以上2勝クラス,202405010108,2100,ダ,良,晴,16,4歳以上2勝クラス,
2024-01-27_東京09R_銀蹄S,202405010109,1400,ダ,良,晴,16,銀蹄S,
2024-01-27_東京10R_クロッカスS,202405010110,1400,芝,良,晴,10,クロッカスS,L
2024-01-27_東京11R_白富士S,202405010111,2000,芝,良,晴,12,白富士S,L
2024-01-27_東京12R_4歳以上1勝クラス,202405010112,1800,芝,良,晴,16,4歳以上1勝クラス,
2024-01-28_東京01R_3歳未勝利,202405010201,1400,ダ,良,曇,16,3歳未勝利,
2024-01-28_東京02R_3歳新馬,202405010202,1400,ダ,良,曇,16,3歳新馬,
2024-01-28_東京03R_3歳未勝利,202405010203,1600,ダ,良,曇,16,3歳未勝利,
2024-01-28_東京04R_4歳以上1勝クラス,202405010204,2100,ダ,良,曇,14,4歳以上1勝クラス,
2024-01-28_東京05R_3歳新馬,202405010205,1800,芝,良,曇,16,3歳新馬,
2024-01-28_東京06R_3歳未勝利,202405010206,1600,芝,良,曇,16,3歳未勝利,
2024-01-28_東京07R_4歳以上1勝クラス,202405010207,1600,ダ,良,曇,14,4歳以上1勝クラス,
2024-01-28_東京08R_4歳以上2勝クラス,202405010208,1400,ダ,良,曇,16,4歳以上2勝クラス,
2024-01-28_東京09R_セントポーリア賞,202405010209,1800,芝,良,曇,9,セントポーリア賞,
2024-01-28_東京10R_節分S,202405010210,1600,芝,良,曇,14,節分S,
2024-01-28_東京11R_根岸S,202405010211,1400,ダ,良,曇,16,根岸S,G3
2024-01-28_東京12R_4歳以上2勝クラス,202405010212,2000,芝,良,晴,11,4歳以上2勝クラス,
2024-02-03_東京01R_3歳未勝利,202405010301,1400,ダ,良,晴,16,3歳未勝利,
2024-02-03_東京02R_3歳未勝利,202405010302,1300,ダ,良,晴,16,3歳未勝利,
2024-02-03_東京03R_3歳未勝利,202405010303,1600,ダ,良,晴,16,3歳未勝利,
2024-02-03_東京04R_3歳1勝クラス,202405010304,1400,ダ,良,晴,8,3歳1勝クラス,
2024-02-03_東京05R_3歳新馬,202405010305,1600,芝,良,晴,16,3歳新馬,
2024-02-03_東京06R_3歳未勝利,202405010306,2400,芝,良,晴,13,3歳未勝利,
2024-02-03_東京07R_4歳以上1勝クラス,202405010307,1600,芝,良,晴,13,4歳以上1勝クラス,
2024-02-03_東京08R_4歳以上1勝クラス,202405010308,1600,ダ,良,晴,16,4歳以上1勝クラス,
2024-02-03_東京09R_春菜賞,202405010309,1400,芝,良,晴,8,春菜賞,
2024-02-03_東京10R_テレビ山梨杯,202405010310,1400,芝,良,晴,15,テレビ山梨杯,
2024-02-03_東京11R_JCベストレース記念,202405010311,2400,芝,良,晴,12,JCベストレース記念,
2024-02-03_東京12R_4歳以上2勝クラス,202405010312,1600,ダ,良,晴,16,4歳以上2勝クラス,
2024-02-04_東京01R_3歳未勝利,202405010401,1400,ダ,良,小雨,16,3歳未勝利,
2024-02-04_東京02R_3歳未勝利,202405010402,2100,ダ,良,曇,16,3歳未勝利,
2024-02-04_東京03R_3歳新馬,202405010403,1600,ダ,良,曇,16,3歳新馬,
2024-02-04_東京04R_4歳以上1勝クラス,202405010404,1600,ダ,良,曇,15,4歳以上1勝クラス,
2024-02-04_東京05R_3歳新馬,202405010405,1800,芝,良,曇,16,3歳新馬,
2024-02-04_東京06R_3歳未勝利,202405010406,1600,芝,良,曇,15,3歳未勝利,
2024-02-04_東京07R_4歳以上2勝クラス,202405010407,1800,芝,良,曇,7,4歳以上2勝クラス,
2024-02-04_東京08R_4歳以上1勝クラス,202405010408,1300,ダ,良,曇,16,4歳以上1勝クラス,
2024-02-04_東京09R_ゆりかもめ賞,202405010409,2400,芝,良,曇,9,ゆりかもめ賞,
2024-02-04_東京10R_白嶺S,202405010410,1600,ダ,良,曇,16,白嶺S,
2024-02-04_東京11R_東京新聞杯,202405010411,1600,芝,良,曇,16,東京新聞杯,G3
2024-02-04_東京12R_4歳以上2勝クラス,202405010412,1300,ダ,良,曇,16,4歳以上2勝クラス,
2024-02-10_東京01R_3歳未勝利,202405010501,1300,ダ,稍,晴,16,3歳未勝利,
2024-02-10_東京02R_3歳新馬,202405010502,1400,ダ,稍,晴,16,3歳新馬,
2024-02-10_東京03R_3歳未勝利,202405010503,1600,ダ,稍,晴,16,3歳未勝利,
2024-02-10_東京04R_4歳以上1勝クラス,202405010504,2100,ダ,稍,晴,12,4歳以上1勝クラス,
2024-02-10_東京05R_3歳未勝利,202405010505,1400,芝,良,晴,16,3歳未勝利,
2024-02-10_東京06R_3歳未勝利,202405010506,1800,芝,良,晴,16,3歳未勝利,
2024-02-10_東京07R_3歳1勝クラス,202405010507,1400,芝,良,晴,13,3歳1勝クラス,
2024-02-10_東京08R_4歳以上1勝クラス,202405010508,1400,ダ,稍,晴,16,4歳以上1勝クラス,
2024-02-10_東京09R_箱根特別,202405010509,2400,芝,良,晴,12,箱根特別,
2024-02-10_東京10R_雲雀S,202405010510,1400,芝,良,晴,16,雲雀S,
2024-02-10_東京11R_クイーンC,202405010511,1600,芝,良,晴,13,クイーンC,G3
2024-02-10_東京12R_4歳以上2勝クラス,202405010512,1600,ダ,稍,晴,15,4歳以上2勝クラス,
2024-02-11_東京01R_3歳未勝利,202405010601,1400,ダ,稍,晴,16,3歳未勝利,
2024-02-11_東京02R_3歳未勝利,202405010602,2100,ダ,稍,晴,16,3歳未勝利,
2024-02-11_東京03R_3歳未勝利,202405010603,1600,ダ,稍,晴,16,3歳未勝利,
2024-02-11_東京04R_3歳新馬,202405010604,1600,ダ,稍,晴,16,3歳新馬,
2024-02-11_東京05R_3歳未勝利,202405010605,1800,芝,良,晴,16,3歳未勝利,
2024-02-11_東京06R_4歳以上1勝クラス,202405010606,2400,芝,良,晴,10,4歳以上1勝クラス,
2024-02-11_東京07R_3歳1勝クラス,202405010607,1600,ダ,稍,晴,15,3歳1勝クラス,
2024-02-11_東京08R_4歳以上2勝クラス,202405010608,1600,芝,良,晴,8,4歳以上2勝クラス,
2024-02-11_東京09R_初音S,202405010609,1800,芝,良,晴,13,初音S,
2024-02-11_東京10R_バレンタインS,202405010610,1400,ダ,稍,曇,16,バレンタインS,OP
2024-02-11_東京11R_共同通信杯,202405010611,1800,芝,良,曇,10,共同通信杯,G3
2024-02-11_東京12R_4歳以上2勝クラス,202405010612,1400,ダ,稍,曇,15,4歳以上2勝クラス,
2024-02-17_東京01R_3歳未勝利,202405010701,1400,ダ,良,曇,16,3歳未勝利,
2024-02-17_東京02R_3歳1勝クラス,202405010702,1400,ダ,良,曇,16,3歳1勝クラス,
2024-02-17_東京03R_3歳未勝利,202405010703,1600,ダ,良,曇,16,3歳未勝利,
2024-02-17_東京04R_3歳新馬,202405010704,1600,ダ,良,曇,16,3歳新馬,
2024-02-17_東京05R_3歳未勝利,202405010705,2400,芝,良,曇,18,3歳未勝利,
2024-02-17_東京06R_3歳未勝利,202405010706,1600,芝,良,曇,16,3歳未勝利,
2024-02-17_東京07R_4歳以上1勝クラス,202405010707,1400,ダ,良,曇,16,4歳以上1勝クラス,
2024-02-17_東京08R_4歳以上2勝クラス,202405010708,1800,芝,良,曇,11,4歳以上2勝クラス,
2024-02-17_東京09R_フリージア賞,202405010709,2000,芝,良,曇,10,フリージア賞,
2024-02-17_東京10R_金蹄S,202405010710,2100,ダ,良,曇,13,金蹄S,
2024-02-17_東京11R_ダイヤモンドS,202405010711,3400,芝,良,曇,10,ダイヤモンドS,G3
2024-02-17_東京12R_4歳以上1勝クラス,202405010712,1600,ダ,良,曇,16,4歳以上1勝クラス,
2024-02-18_東京01R_3歳未勝利,202405010801,1400,ダ,良,晴,16,3歳未勝利,
2024-02-18_東京02R_3歳未勝利,202405010802,2100,ダ,良,晴,16,3歳未勝利,
2024-02-18_東京03R_3歳新馬,202405010803,1400,ダ,良,晴,16,3歳新馬,
2024-02-18_東京04R_3歳未勝利,202405010804,1800,芝,良,晴,16,3歳未勝利,
2024-02-18_東京05R_3歳1勝クラス,202405010805,1600,芝,良,晴,12,3歳1勝クラス,
2024-02-18_東京06R_4歳以上1勝クラス,202405010806,1800,芝,良,晴,16,4歳以上1勝クラス,
2024-02-18_東京07R_4歳以上2勝クラス,202405010807,2100,ダ,良,晴,16,4歳以上2勝クラス,
2024-02-18_東京08R_4歳以上2勝クラス,202405010808,1400,芝,良,晴,12,4歳以上2勝クラス,
2024-02-18_東京09R_ヒヤシンスS,202405010809,1600,ダ,良,晴,11,ヒヤシンスS,L
2024-02-18_東京10R_コパノリッキーC,202405010810,2000,芝,良,晴,9,コパノリッキーC,
2024-02-18_東京11R_フェブラリーS,202405010811,1600,ダ,良,晴,16,フェブラリーS,G1
2024-02-18_東京12R_大島特別,202405010812,1400,ダ,良,晴,16,大島特別,
2024-04-20_東京01R_3歳未勝利,202405020101,1600,ダ,良,晴,16,3歳未勝利,
2024-04-20_東京02R_3歳未勝利,202405020102,1300,ダ,良,晴,16,3歳未勝利,
2024-04-20_東京03R_3歳未勝利,202405020103,2100,ダ,良,晴,16,3歳未勝利,
2024-04-20_東京04R_3歳未勝利,202405020104,2000,芝,良,晴,18,3歳未勝利,
2024-04-20_東京05R_3歳未勝利,202405020105,1600,芝,良,晴,18,3歳未勝利,
2024-04-20_東京06R_3歳1勝クラス,202405020106,1600,ダ,良,晴,16,3歳1勝クラス,
2024-04-20_東京07R_4歳以上1勝クラス,202405020107,1400,ダ,良,曇,16,4歳以上1勝クラス,
2024-04-20_東京08R_4歳以上2勝クラス,202405020108,1400,芝,良,曇,10,4歳以上2勝クラス,
2024-04-20_東京09R_新緑賞,202405020109,2300,芝,良,晴,11,新緑賞,
2024-04-20_東京10R_湘南S,202405020110,1400,芝,良,晴,18,湘南S,
2024-04-20_東京11R_オアシスS,202405020111,1600,ダ,良,晴,16,オアシスS,L
2024-04-20_東京12R_4歳以上2勝クラス,202405020112,1400,ダ,良,晴,16,4歳以上2勝クラス,
2024-04-21_東京01R_3歳未勝利,202405020201,1400,ダ,良,晴,16,3歳未勝利,
2024-04-21_東京02R_3歳未勝利,202405020202,1600,ダ,良,晴,16,3歳未勝利,
2024-04-21_東京03R_3歳未勝利,202405020203,1400,芝,良,晴,18,3歳未勝利,
2024-04-21_東京04R_3歳未勝利,202405020204,2400,芝,良,晴,11,3歳未勝利,
2024-04-21_東京05R_3歳未勝利,202405020205,1800,芝,良,晴,16,3歳未勝利,
2024-04-21_東京06R_3歳1勝クラス,202405020206,1400,ダ,良,晴,16,3歳1勝クラス,
2024-04-21_東京07R_4歳以上1勝クラス,202405020207,1600,ダ,良,晴,12,4歳以上1勝クラス,
2024-04-21_東京08R_4歳以上1勝クラス,202405020208,1600,芝,良,曇,10,4歳以上1勝クラス,
2024-04-21_東京09R_石和特別,202405020209,1800,芝,良,曇,10,石和特別,
2024-04-21_東京10R_鎌倉S,202405020210,1400,ダ,良,曇,15,鎌倉S,
2024-04-21_東京11R_フローラS,202405020211,2000,芝,良,曇,14,フローラS,G2
2024-04-21_東京12R_4歳以上2勝クラス,202405020212,1600,ダ,良,曇,13,4歳以上2勝クラス,
2024-04-27_東京01R_3歳未勝利,202405020301,1400,ダ,稍,曇,16,3歳未勝利,
2024-04-27_東京02R_3歳未勝利,202405020302,1600,ダ,稍,曇,15,3歳未勝利,
2024-04-27_東京03R_3歳未勝利,202405020303,2100,ダ,稍,曇,12,3歳未勝利,
2024-04-27_東京04R_3歳未勝利,202405020304,1600,芝,良,曇,17,3歳未勝利,
2024-04-27_東京05R_3歳未勝利,202405020305,1800,芝,良,曇,15,3歳未勝利,
2024-04-27_東京06R_3歳1勝クラス,202405020306,1600,芝,良,曇,9,3歳1勝クラス,
2024-04-27_東京07R_4歳以上1勝クラス,202405020307,1600,ダ,稍,曇,12,4歳以上1勝クラス,
2024-04-27_東京08R_4歳以上1勝クラス,202405020308,1400,ダ,稍,曇,15,4歳以上1勝クラス,
2024-04-27_東京09R_是政S,202405020309,2100,ダ,稍,曇,16,是政S,
2024-04-27_東京10R_府中市市制施行70周年記念,202405020310,2000,芝,良,曇,13,府中市市制施行70周年記念,
2024-04-27_東京11R_青葉賞,202405020311,2400,芝,良,曇,17,青葉賞,G2
2024-04-27_東京12R_4歳以上2勝クラス,202405020312,2100,ダ,稍,曇,11,4歳以上2勝クラス,
2024-04-28_東京01R_3歳未勝利,202405020401,1600,ダ,良,晴,16,3歳未勝利,
2024-04-28_東京02R_3歳未勝利,202405020402,1400,ダ,良,晴,16,3歳未勝利,
2024-04-28_東京03R_3歳未勝利,202405020403,1600,ダ,良,晴,16,3歳未勝利,
2024-04-28_東京04R_3歳未勝利,202405020404,1400,芝,良,晴,18,3歳未勝利,
2024-04-28_東京05R_3歳未勝利,202405020405,2000,芝,良,晴,12,3歳未勝利,
2024-04-28_東京06R_3歳1勝クラス,202405020406,1400,ダ,良,晴,14,3歳1勝クラス,
2024-04-28_東京07R_4歳以上1勝クラス,202405020407,2000,芝,良,晴,9,4歳以上1勝クラス,
2024-04-28_東京08R_4歳以上2勝クラス,202405020408,1600,芝,良,晴,11,4歳以上2勝クラス,
2024-04-28_東京09R_陣馬特別,202405020409,2400,芝,良,晴,8,陣馬特別,
2024-04-28_東京10R_ブリリアントS,202405020410,2100,ダ,良,晴,16,ブリリアントS,L
2024-04-28_東京11R_スイートピーS,202405020411,1800,芝,良,晴,13,スイートピーS,L
2024-04-28_東京12R_4歳以上2勝クラス,202405020412,1400,ダ,良,晴,16,4歳以上2勝クラス,
2024-05-04_東京01R_3歳未勝利,202405020501,1400,ダ,稍,晴,16,3歳未勝利,
2024-05-04_東京02R_3歳未勝利,202405020502,2100,ダ,稍,晴,12,3歳未勝利,
2024-05-04_東京03R_3歳未勝利,202405020503,1300,ダ,稍,晴,16,3歳未勝利,
2024-05-04_東京04R_3歳未勝利,202405020504,1600,芝,良,晴,18,3歳未勝利,
2024-05-04_東京05R_3歳未勝利,202405020505,1600,ダ,稍,晴,12,3歳未勝利,
2024-05-04_東京06R_3歳1勝クラス,202405020506,1400,芝,良,晴,11,3歳1勝クラス,
2024-05-04_東京07R_4歳以上1勝クラス,202405020507,1300,ダ,稍,晴,14,4歳以上1勝クラス,
2024-05-04_東京08R_4歳以上2勝クラス,202405020508,1400,芝,良,晴,10,4歳以上2勝クラス,
2024-05-04_東京09R_青竜S,202405020509,1600,ダ,稍,晴,8,青竜S,OP
2024-05-04_東京10R_メトロポリタンS,202405020510,2400,芝,良,晴,8,メトロポリタンS,L
2024-05-04_東京11R_プリンシパルS,202405020511,2000,芝,良,晴,13,プリンシパルS,L
2024-05-04_東京12R_4歳以上2勝クラス,202405020512,1600,ダ,稍,晴,13,4歳以上2勝クラス,
2024-05-05_東京01R_3歳未勝利,202405020601,1600,ダ,良,晴,13,3歳未勝利,
2024-05-05_東京02R_3歳未勝利,202405020602,1400,ダ,良,晴,16,3歳未勝利,
2024-05-05_東京03R_3歳未勝利,202405020603,2300,芝,良,晴,14,3歳未勝利,
2024-05-05_東京04R_3歳未勝利,202405020604,1800,芝,良,晴,18,3歳未勝利,
2024-05-05_東京05R_3歳1勝クラス,202405020605,2100,ダ,良,晴,16,3歳1勝クラス,
2024-05-05_東京06R_4歳以上1勝クラス,202405020606,1600,ダ,良,晴,13,4歳以上1勝クラス,
2024-05-05_東京07R_4歳以上1勝クラス,202405020607,1400,芝,良,晴,15,4歳以上1勝クラス,
2024-05-05_東京08R_4歳以上2勝クラス,202405020608,2000,芝,良,晴,10,4歳以上2勝クラス,
2024-05-05_東京09R_分倍河原S,202405020609,1600,芝,良,晴,12,分倍河原S,
2024-05-05_東京10R_キングカメハメハC,202405020610,1600,ダ,良,晴,16,キングカメハメハC,
2024-05-05_東京11R_NHKマイルC,202405020611,1600,芝,良,晴,18,NHKマイルC,G1
2024-05-05_東京12R_日吉特別,202405020612,1300,ダ,良,晴,16,日吉特別,
2024-05-11_東京01R_3歳未勝利,202405020701,1600,ダ,良,晴,16,3歳未勝利,
2024-05-11_東京02R_3歳未勝利,202405020702,2100,ダ,良,晴,15,3歳未勝利,
2024-05-11_東京03R_3歳未勝利,202405020703,1400,ダ,良,晴,16,3歳未勝利,
2024-05-11_東京04R_3歳未勝利,202405020704,2000,芝,良,晴,17,3歳未勝利,
2024-05-11_東京05R_3歳未勝利,202405020705,1400,芝,良,晴,18,3歳未勝利,
2024-05-11_東京06R_3歳1勝クラス,202405020706,1600,ダ,良,晴,16,3歳1勝クラス,
2024-05-11_東京07R_4歳以上1勝クラス,202405020707,1600,ダ,良,晴,12,4歳以上1勝クラス,
2024-05-11_東京08R_4歳以上1勝クラス,202405020708,2100,ダ,良,晴,11,4歳以上1勝クラス,
2024-05-11_東京09R_国分寺特別,202405020709,1800,芝,良,晴,12,国分寺特別,
2024-05-11_東京10R_六社S,202405020710,2400,芝,良,晴,10,六社S,
2024-05-11_東京11R_京王杯SC,202405020711,1400,芝,良,晴,15,京王杯SC,G2
2024-05-11_東京12R_4歳以上2勝クラス,202405020712,1400,ダ,良,晴,12,4歳以上2勝クラス,
2024-05-12_東京01R_3歳未勝利,202405020801,1400,ダ,良,曇,16,3歳未勝利,
2024-05-12_東京02R_3歳未勝利,202405020802,1600,ダ,良,曇,16,3歳未勝利,
2024-05-12_東京03R_3歳未勝利,202405020803,1300,ダ,良,曇,16,3歳未勝利,
2024-05-12_東京04R_3歳未勝利,202405020804,1800,芝,良,曇,17,3歳未勝利,
2024-05-12_東京05R_3歳未勝利,202405020805,2400,芝,良,曇,11,3歳未勝利,
2024-05-12_東京06R_3歳1勝クラス,202405020806,1800,芝,良,曇,11,3歳1勝クラス,
2024-05-12_東京07R_3歳1勝クラス,202405020807,1400,ダ,良,曇,16,3歳1勝クラス,
2024-05-12_東京08R_4歳以上1勝クラス,202405020808,1800,芝,良,曇,9,4歳以上1勝クラス,
2024-05-12_東京09R_テレ玉杯,202405020809,1600,芝,良,曇,8,テレ玉杯,
2024-05-12_東京10R_ウオッカC,202405020810,1600,ダ,良,曇,12,ウオッカC,
2024-05-12_東京11R_ヴィクトリアマイル,202405020811,1600,芝,良,曇,15,ヴィクトリアマイル,G1
2024-05-12_東京12R_BSイレブン賞,202405020812,1400,ダ,良,曇,16,BSイレブン賞,
2024-05-18_東京01R_3歳未勝利,202405020901,1600,ダ,良,晴,16,3歳未勝利,
2024-05-18_東京02R_3歳未勝利,202405020902,1400,ダ,良,晴,16,3歳未勝利,
2024-05-18_東京03R_3歳未勝利,202405020903,2100,ダ,良,晴,14,3歳未勝利,
2024-05-18_東京04R_3歳未勝利,202405020904,1600,芝,良,晴,18,3歳未勝利,
2024-05-18_東京05R_3歳未勝利,202405020905,2000,芝,良,晴,18,3歳未勝利,
2024-05-18_東京06R_3歳1勝クラス,202405020906,1600,ダ,良,晴,10,3歳1勝クラス,
2024-05-18_東京07R_4歳以上1勝クラス,202405020907,1600,芝,良,晴,16,4歳以上1勝クラス,
2024-05-18_東京08R_4歳以上1勝クラス,202405020908,1400,ダ,良,晴,16,4歳以上1勝クラス,
2024-05-18_東京09R_カーネーションC,202405020909,1800,芝,良,晴,11,カーネーションC,
2024-05-18_東京10R_高尾特別,202405020910,1400,芝,良,晴,12,高尾特別,
2024-05-18_東京11R_メイS,202405020911,1800,芝,良,晴,16,メイS,OP
2024-05-18_東京12R_4歳以上2勝クラス,202405020912,2100,ダ,良,晴,16,4歳以上2勝クラス,
2024-05-19_東京01R_3歳未勝利,202405021001,1400,ダ,良,曇,16,3歳未勝利,
2024-05-19_東京02R_3歳未勝利,202405021002,1600,ダ,良,曇,16,3歳未勝利,
2024-05-19_東京03R_3歳未勝利,202405021003,1300,ダ,良,曇,16,3歳未勝利,
2024-05-19_東京04R_3歳未勝利,202405021004,1800,芝,良,曇,14,3歳未勝利,
2024-05-19_東京05R_3歳1勝クラス,202405021005,1600,芝,良,曇,11,3歳1勝クラス,
2024-05-19_東京06R_4歳以上1勝クラス,202405021006,1600,ダ,良,曇,16,4歳以上1勝クラス,
2024-05-19_東京07R_4歳以上1勝クラス,202405021007,2400,芝,良,曇,9,4歳以上1勝クラス,
2024-05-19_東京08R_調布特別,202405021008,1800,芝,良,曇,10,調布特別,
2024-05-19_東京09R_フリーウェイS,202405021009,1400,芝,良,曇,13,フリーウェイS,
2024-05-19_東京10R_エアグルーヴC,202405021010,2100,ダ,良,曇,16,エアグルーヴC,
2024-05-19_東京11R_オークス,202405021011,2400,芝,良,曇,18,オークス,G1
2024-05-19_東京12R_三峰山特別,202405021012,1600,ダ,良,曇,15,三峰山特別,
2024-05-25_東京01R_3歳未勝利,202405021101,1400,ダ,良,曇,16,3歳未勝利,
2024-05-25_東京02R_3歳未勝利,202405021102,2400,芝,良,曇,9,3歳未勝利,
2024-05-25_東京03R_3歳未勝利,202405021103,1400,芝,良,曇,18,3歳未勝利,
2024-05-25_東京04R_4歳以上障害未勝利,202405021104,3000,障,良,曇,9,4歳以上障害未勝利,
2024-05-25_東京05R_3歳未勝利,202405021105,2000,芝,良,曇,11,3歳未勝利,
2024-05-25_東京06R_3歳1勝クラス,202405021106,1600,ダ,良,晴,13,3歳1勝クラス,
2024-05-25_東京07R_3歳1勝クラス,202405021107,1400,芝,良,晴,15,3歳1勝クラス,
2024-05-25_東京08R_4歳以上1勝クラス,202405021108,1600,ダ,良,晴,15,4歳以上1勝クラス,
2024-05-25_東京09R_富嶽賞,202405021109,1400,ダ,良,晴,16,富嶽賞,
2024-05-25_東京10R_葉山特別,202405021110,1600,芝,良,晴,14,葉山特別,
2024-05-25_東京11R_欅S,202405021111,1400,ダ,良,晴,16,欅S,OP
2024-05-25_東京12R_4歳以上2勝クラス,202405021112,1600,ダ,良,晴,16,4歳以上2勝クラス,
2024-05-26_東京01R_3歳未勝利,202405021201,1600,ダ,良,曇,16,3歳未勝利,
2024-05-26_東京02R_3歳未勝利,202405021202,1400,ダ,良,曇,16,3歳未勝利,
2024-05-26_東京03R_3歳未勝利,202405021203,1600,ダ,良,曇,16,3歳未勝利,
2024-05-26_東京04R_3歳未勝利,202405021204,1600,芝,良,晴,18,3歳未勝利,
2024-05-26_東京05R_3歳1勝クラス,202405021205,1400,ダ,良,晴,16,3歳1勝クラス,
2024-05-26_東京06R_4歳以上1勝クラス,202405021206,1800,芝,良,晴,9,4歳以上1勝クラス,
2024-05-26_東京07R_4歳以上1勝クラス,202405021207,1400,ダ,良,晴,16,4歳以上1勝クラス,
2024-05-26_東京08R_青嵐賞,202405021208,2400,芝,良,晴,11,青嵐賞,
2024-05-26_東京09R_むらさき賞,202405021209,1800,芝,良,晴,10,むらさき賞,
2024-05-26_東京10R_ディープインパクトC,202405021210,1600,ダ,良,晴,16,ディープインパクトC,
2024-05-26_東京11R_日本ダービー,202405021211,2400,芝,良,晴,18,日本ダービー,G1
2024-05-26_東京12R_目黒記念,202405021212,2500,芝,良,晴,13,目黒記念,G2
2024-06-01_東京01R_3歳以上障害未勝利,202405030101,3000,障,稍,晴,10,3歳以上障害未勝利,
2024-06-01_東京02R_3歳未勝利,202405030102,1400,ダ,重,晴,16,3歳未勝利,
2024-06-01_東京03R_3歳未勝利,202405030103,1600,ダ,重,晴,16,3歳未勝利,
2024-06-01_東京04R_3歳未勝利,202405030104,2000,芝,良,晴,16,3歳未勝利,
2024-06-01_東京05R_2歳新馬,202405030105,1600,芝,良,晴,9,2歳新馬,
2024-06-01_東京06R_3歳未勝利,202405030106,1300,ダ,重,晴,16,3歳未勝利,
2024-06-01_東京07R_3歳以上1勝クラス,202405030107,1400,芝,良,晴,18,3歳以上1勝クラス,
2024-06-01_東京08R_3歳以上2勝クラス,202405030108,1600,ダ,重,晴,16,3歳以上2勝クラス,
2024-06-01_東京09R_稲城特別,202405030109,2400,芝,良,晴,10,稲城特別,
2024-06-01_東京10R_由比ケ浜特別,202405030110,1400,芝,良,晴,10,由比ケ浜特別,
2024-06-01_東京11R_アハルテケS,202405030111,1600,ダ,重,晴,15,アハルテケS,OP
2024-06-01_東京12R_3歳以上1勝クラス,202405030112,1400,ダ,重,晴,16,3歳以上1勝クラス,
2024-06-02_東京01R_3歳未勝利,202405030201,1600,ダ,重,曇,16,3歳未勝利,
2024-06-02_東京02R_3歳未勝利,202405030202,2100,ダ,重,曇,16,3歳未勝利,
2024-06-02_東京03R_3歳未勝利,202405030203,1400,芝,稍,曇,18,3歳未勝利,
2024-06-02_東京04R_3歳未勝利,202405030204,1400,ダ,重,曇,16,3歳未勝利,
2024-06-02_東京05R_2歳新馬,202405030205,1600,芝,稍,曇,12,2歳新馬,
2024-06-02_東京06R_2歳新馬,202405030206,1400,芝,稍,曇,9,2歳新馬,
2024-06-02_東京07R_3歳以上1勝クラス,202405030207,2000,芝,稍,小雨,9,3歳以上1勝クラス,
2024-06-02_東京08R_3歳以上1勝クラス,202405030208,1600,ダ,重,小雨,16,3歳以上1勝クラス,
2024-06-02_東京09R_ホンコンJCT,202405030209,2000,芝,稍,小雨,10,ホンコンJCT,
2024-06-02_東京10R_タイキシャトルC,202405030210,1400,ダ,重,小雨,16,タイキシャトルC,
2024-06-02_東京11R_安田記念,202405030211,1600,芝,稍,小雨,18,安田記念,G1
2024-06-02_東京12R_小金井特別,202405030212,1400,ダ,重,小雨,16,小金井特別,
2024-06-08_東京01R_3歳以上障害未勝利,202405030301,3000,障,良,晴,11,3歳以上障害未勝利,
2024-06-08_東京02R_3歳未勝利,202405030302,1400,ダ,良,晴,16,3歳未勝利,
2024-06-08_東京03R_3歳未勝利,202405030303,2100,ダ,良,晴,16,3歳未勝利,
2024-06-08_東京04R_3歳未勝利,202405030304,1800,芝,良,晴,18,3歳未勝利,
2024-06-08_東京05R_2歳新馬,202405030305,1600,芝,良,晴,8,2歳新馬,
2024-06-08_東京06R_3歳未勝利,202405030306,1600,ダ,良,晴,16,3歳未勝利,
2024-06-08_東京07R_3歳以上1勝クラス,202405030307,1600,芝,良,晴,13,3歳以上1勝クラス,
2024-06-08_東京08R_3歳以上1勝クラス,202405030308,2100,ダ,良,晴,16,3歳以上1勝クラス,
2024-06-08_東京09R_芦ノ湖特別,202405030309,1600,芝,良,晴,12,芦ノ湖特別,
2024-06-08_東京10R_青梅特別,202405030310,1600,ダ,良,晴,15,青梅特別,
2024-06-08_東京11R_ジューンS,202405030311,2400,芝,良,晴,14,ジューンS,
2024-06-08_東京12R_3歳以上1勝クラス,202405030312,1400,ダ,良,晴,16,3歳以上1勝クラス,
2024-06-09_東京01R_3歳未勝利,202405030401,1600,ダ,良,曇,16,3歳未勝利,
2024-06-09_東京02R_3歳未勝利,202405030402,1400,ダ,良,曇,16,3歳未勝利,
2024-06-09_東京03R_3歳未勝利,202405030403,1600,ダ,良,曇,16,3歳未勝利,
2024-06-09_東京04R_3歳未勝利,202405030404,2400,芝,良,曇,15,3歳未勝利,
2024-06-09_東京05R_2歳新馬,202405030405,1800,芝,良,曇,11,2歳新馬,
2024-06-09_東京06R_3歳未勝利,202405030406,1600,芝,良,曇,18,3歳未勝利,
2024-06-09_東京07R_3歳以上1勝クラス,202405030407,1600,ダ,良,曇,14,3歳以上1勝クラス,
2024-06-09_東京08R_3歳以上1勝クラス,202405030408,2000,芝,良,曇,11,3歳以上1勝クラス,
2024-06-09_東京09R_八王子特別,202405030409,2100,ダ,良,曇,12,八王子特別,
2024-06-09_東京10R_夏至S,202405030410,1600,ダ,良,曇,16,夏至S,
2024-06-09_東京11R_エプソムC,202405030411,1800,芝,良,曇,18,エプソムC,G3
2024-06-09_東京12R_3歳以上1勝クラス,202405030412,1600,芝,良,曇,17,3歳以上1勝クラス,
2024-06-15_東京01R_3歳未勝利,202405030501,1400,ダ,良,晴,16,3歳未勝利,
2024-06-15_東京02R_3歳未勝利,202405030502,2100,ダ,良,晴,16,3歳未勝利,
2024-06-15_東京03R_3歳未勝利,202405030503,1600,ダ,良,晴,16,3歳未勝利,
2024-06-15_東京04R_3歳未勝利,202405030504,1400,芝,良,晴,16,3歳未勝利,
2024-06-15_東京05R_2歳新馬,202405030505,1600,芝,良,晴,8,2歳新馬,
2024-06-15_東京06R_2歳新馬,202405030506,1400,ダ,良,晴,16,2歳新馬,
2024-06-15_東京07R_3歳未勝利,202405030507,1300,ダ,良,晴,16,3歳未勝利,
2024-06-15_東京08R_3歳以上1勝クラス,202405030508,2400,芝,良,晴,9,3歳以上1勝クラス,
2024-06-15_東京09R_三浦特別,202405030509,1800,芝,良,晴,9,三浦特別,
2024-06-15_東京10R_立川特別,202405030510,1400,ダ,良,曇,16,立川特別,
2024-06-15_東京11R_多摩川S,202405030511,1400,芝,良,曇,14,多摩川S,
2024-06-15_東京12R_3歳以上1勝クラス,202405030512,1600,ダ,良,曇,13,3歳以上1勝クラス,
2024-06-16_東京01R_3歳以上障害未勝利,202405030601,3000,障,良,曇,13,3歳以上障害未勝利,
2024-06-16_東京02R_3歳未勝利,202405030602,1600,ダ,良,曇,16,3歳未勝利,
2024-06-16_東京03R_3歳未勝利,202405030603,1400,ダ,良,曇,16,3歳未勝利,
2024-06-16_東京04R_3歳未勝利,202405030604,1600,芝,良,曇,16,3歳未勝利,
2024-06-16_東京05R_2歳新馬,202405030605,1400,芝,良,晴,12,2歳新馬,
2024-06-16_東京06R_3歳未勝利,202405030606,1800,芝,良,晴,16,3歳未勝利,
2024-06-16_東京07R_3歳以上1勝クラス,202405030607,1400,ダ,良,晴,16,3歳以上1勝クラス,
2024-06-16_東京08R_3歳以上1勝クラス,202405030608,1600,ダ,良,晴,13,3歳以上1勝クラス,
2024-06-16_東京09R_町田特別,202405030609,2400,芝,良,晴,7,町田特別,
2024-06-16_東京10R_相模湖特別,202405030610,1400,芝,良,晴,12,相模湖特別,
2024-06-16_東京11R_スレイプニルS,202405030611,2100,ダ,良,晴,16,スレイプニルS,OP
2024-06-16_東京12R_3歳以上1勝クラス,202405030612,1400,芝,良,晴,14,3歳以上1勝クラス,
2024-06-22_東京01R_3歳未勝利,202405030701,1600,ダ,重,晴,16,3歳未勝利,
2024-06-22_東京02R_3歳未勝利,202405030702,2100,ダ,重,晴,16,3歳未勝利,
2024-06-22_東京03R_3歳未勝利,202405030703,1300,ダ,重,晴,16,3歳未勝利,
2024-06-22_東京04R_3歳未勝利,202405030704,1600,芝,稍,晴,16,3歳未勝利,
2024-06-22_東京05R_2歳新馬,202405030705,1800,芝,稍,晴,13,2歳新馬,
2024-06-22_東京06R_2歳新馬,202405030706,1400,芝,稍,晴,10,2歳新馬,
2024-06-22_東京07R_3歳以上1勝クラス,202405030707,1600,ダ,重,晴,16,3歳以上1勝クラス,
2024-06-22_東京08R_東京JS,202405030708,3110,障,稍,晴,14,東京JS,
2024-06-22_東京09R_清里特別,202405030709,1400,ダ,重,晴,16,清里特別,
2024-06-22_東京10R_日野特別,202405030710,1600,ダ,重,晴,16,日野特別,
2024-06-22_東京11R_江の島S,202405030711,1800,芝,良,晴,14,江の島S,
2024-06-22_東京12R_3歳以上1勝クラス,202405030712,1600,芝,良,晴,11,3歳以上1勝クラス,
2024-06-23_東京01R_2歳未勝利,202405030801,1600,芝,稍,曇,10,2歳未勝利,
2024-06-23_東京02R_3歳未勝利,202405030802,1600,ダ,重,小雨,16,3歳未勝利,
2024-06-23_東京03R_3歳未勝利,202405030803,2400,芝,稍,小雨,18,3歳未勝利,
2024-06-23_東京04R_3歳未勝利,202405030804,1600,ダ,重,曇,16,3歳未勝利,
2024-06-23_東京05R_2歳新馬,202405030805,1600,芝,稍,曇,13,2歳新馬,
2024-06-23_東京06R_3歳未勝利,202405030806,1400,ダ,重,曇,16,3歳未勝利,
2024-06-23_東京07R_3歳以上1勝クラス,202405030807,1800,芝,稍,曇,13,3歳以上1勝クラス,
2024-06-23_東京08R_3歳以上1勝クラス,202405030808,2100,ダ,重,曇,16,3歳以上1勝クラス,
2024-06-23_東京09R_八ケ岳特別,202405030809,1800,芝,稍,曇,9,八ケ岳特別,
2024-06-23_東京10R_甲州街道S,202405030810,1600,ダ,重,曇,16,甲州街道S,
2024-06-23_東京11R_パラダイスS,202405030811,1400,芝,稍,曇,16,パラダイスS,L
2024-06-23_東京12R_3歳以上1勝クラス,202405030812,1400,ダ,重,曇,16,3歳以上1勝クラス,
2024-10-05_東京01R_2歳未勝利,202405040101,1600,芝,良,小雨,9,2歳未勝利,
2024-10-05_東京02R_2歳未勝利,202405040102,1400,ダ,重,小雨,16,2歳未勝利,
2024-10-05_東京03R_2歳未勝利,202405040103,1800,芝,良,小雨,9,2歳未勝利,
2024-10-05_東京04R_2歳新馬,202405040104,1600,芝,良,小雨,15,2歳新馬,
2024-10-05_東京05R_2歳新馬,202405040105,2000,芝,稍,小雨,12,2歳新馬,
2024-10-05_東京06R_3歳以上1勝クラス,202405040106,2100,ダ,重,小雨,9,3歳以上1勝クラス,
2024-10-05_東京07R_3歳以上1勝クラス,202405040107,1400,ダ,重,小雨,16,3歳以上1勝クラス,
2024-10-05_東京08R_3歳以上1勝クラス,202405040108,1800,芝,稍,小雨,11,3歳以上1勝クラス,
2024-10-05_東京09R_tvk賞,202405040109,2000,芝,稍,小雨,7,tvk賞,
2024-10-05_東京10R_赤富士S,202405040110,1600,ダ,重,小雨,14,赤富士S,
2024-10-05_東京11R_サウジアラビアRC,202405040111,1600,芝,稍,小雨,7,サウジアラビアRC,G3
2024-10-05_東京12R_3歳以上2勝クラス,202405040112,1400,ダ,重,小雨,16,3歳以上2勝クラス,
2024-10-06_東京01R_2歳未勝利,202405040201,1600,ダ,重,曇,11,2歳未勝利,
2024-10-06_東京02R_2歳未勝利,202405040202,2000,芝,良,曇,7,2歳未勝利,
2024-10-06_東京03R_2歳新馬,202405040203,1600,ダ,重,曇,16,2歳新馬,
2024-10-06_東京04R_2歳新馬,202405040204,1600,芝,良,曇,14,2歳新馬,
2024-10-06_東京05R_2歳新馬,202405040205,1800,芝,良,曇,17,2歳新馬,
2024-10-06_東京06R_3歳以上1勝クラス,202405040206,1400,ダ,重,曇,16,3歳以上1勝クラス,
2024-10-06_東京07R_3歳以上1勝クラス,202405040207,1600,ダ,重,曇,16,3歳以上1勝クラス,
2024-10-06_東京08R_3歳以上2勝クラス,202405040208,1400,芝,良,曇,13,3歳以上2勝クラス,
2024-10-06_東京09R_昇仙峡S,202405040209,2400,芝,良,曇,8,昇仙峡S,
2024-10-06_東京10R_グリーンチャンネルC,202405040210,1600,ダ,重,曇,16,グリーンチャンネルC,L
2024-10-06_東京11R_毎日王冠,202405040211,1800,芝,良,曇,14,毎日王冠,G2
2024-10-06_東京12R_3歳以上2勝クラス,202405040212,1600,ダ,重,曇,16,3歳以上2勝クラス,
2024-10-13_東京01R_2歳未勝利,202405040301,1600,芝,良,晴,12,2歳未勝利,
2024-10-13_東京02R_2歳未勝利,202405040302,1400,ダ,良,晴,15,2歳未勝利,
2024-10-13_東京03R_2歳未勝利,202405040303,1800,芝,良,晴,9,2歳未勝利,
2024-10-13_東京04R_2歳新馬,202405040304,1400,芝,良,晴,14,2歳新馬,
2024-10-13_東京05R_2歳新馬,202405040305,1600,芝,良,晴,15,2歳新馬,
2024-10-13_東京06R_3歳以上1勝クラス,202405040306,1600,ダ,良,晴,12,3歳以上1勝クラス,
2024-10-13_東京07R_3歳以上1勝クラス,202405040307,2400,芝,良,晴,8,3歳以上1勝クラス,
2024-10-13_東京08R_3歳以上2勝クラス,202405040308,2100,ダ,良,晴,16,3歳以上2勝クラス,
2024-10-13_東京09R_東京HJ,202405040309,3110,障,良,晴,9,東京HJ,
2024-10-13_東京10R_テレビ静岡賞,202405040310,1400,ダ,良,晴,16,テレビ静岡賞,
2024-10-13_東京11R_オクトーバーS,202405040311,2000,芝,良,晴,16,オクトーバーS,L
2024-10-13_東京12R_西湖特別,202405040312,1300,ダ,良,晴,11,西湖特別,
2024-10-14_東京01R_2歳未勝利,202405040401,1300,ダ,良,晴,16,2歳未勝利,
2024-10-14_東京02R_2歳未勝利,202405040402,1400,芝,良,晴,14,2歳未勝利,
2024-10-14_東京03R_2歳未勝利,202405040403,1600,ダ,良,晴,12,2歳未勝利,
2024-10-14_東京04R_2歳新馬,202405040404,1400,ダ,良,晴,16,2歳新馬,
2024-10-14_東京05R_2歳新馬,202405040405,1800,芝,良,晴,11,2歳新馬,
2024-10-14_東京06R_3歳以上1勝クラス,202405040406,1400,ダ,良,晴,16,3歳以上1勝クラス,
2024-10-14_東京07R_3歳以上2勝クラス,202405040407,2500,芝,良,晴,7,3歳以上2勝クラス,
2024-10-14_東京08R_3歳以上1勝クラス,202405040408,1600,芝,良,晴,17,3歳以上1勝クラス,
2024-10-14_東京09R_プラタナス賞,202405040409,1600,ダ,良,晴,8,プラタナス賞,
2024-10-14_東京10R_白秋S,202405040410,1400,芝,良,晴,14,白秋S,
2024-10-14_東京11R_府中牝馬S,202405040411,1800,芝,良,晴,15,府中牝馬S,G2
2024-10-14_東京12R_3歳以上2勝クラス,202405040412,1600,芝,良,晴,12,3歳以上2勝クラス,
2024-10-19_東京01R_2歳未勝利,202405040501,1400,ダ,良,晴,15,2歳未勝利,
2024-10-19_東京02R_2歳未勝利,202405040502,1400,芝,良,晴,11,2歳未勝利,
2024-10-19_東京03R_2歳未勝利,202405040503,2000,芝,良,晴,7,2歳未勝利,
2024-10-19_東京04R_2歳新馬,202405040504,1600,ダ,良,晴,16,2歳新馬,
2024-10-19_東京05R_2歳新馬,202405040505,2000,芝,良,晴,13,2歳新馬,
2024-10-19_東京06R_2歳新馬,202405040506,1400,芝,良,晴,17,2歳新馬,
2024-10-19_東京07R_3歳以上1勝クラス,202405040507,1600,ダ,良,晴,13,3歳以上1勝クラス,
2024-10-19_東京08R_3歳以上2勝クラス,202405040508,1400,ダ,良,晴,16,3歳以上2勝クラス,
2024-10-19_東京09R_アイビーS,202405040509,1800,芝,良,晴,8,アイビーS,L
2024-10-19_東京10R_神無月S,202405040510,2100,ダ,良,曇,15,神無月S,
2024-10-19_東京11R_富士S,202405040511,1600,芝,良,曇,17,富士S,G2
2024-10-19_東京12R_3歳以上1勝クラス,202405040512,1800,芝,良,曇,12,3歳以上1勝クラス,
2024-10-20_東京01R_2歳未勝利,202405040601,1600,ダ,良,晴,10,2歳未勝利,
2024-10-20_東京02R_2歳未勝利,202405040602,1600,芝,良,晴,10,2歳未勝利,
2024-10-20_東京03R_2歳未勝利,202405040603,1800,芝,良,晴,10,2歳未勝利,
2024-10-20_東京04R_2歳新馬,202405040604,1400,ダ,良,晴,16,2歳新馬,
2024-10-20_東京05R_2歳新馬,202405040605,1800,芝,良,晴,18,2歳新馬,
2024-10-20_東京06R_2歳1勝クラス,202405040606,1400,芝,良,晴,8,2歳1勝クラス,
2024-10-20_東京07R_3歳以上1勝クラス,202405040607,1300,ダ,良,晴,14,3歳以上1勝クラス,
2024-10-20_東京08R_3歳以上1勝クラス,202405040608,1600,ダ,良,晴,12,3歳以上1勝クラス,
2024-10-20_東京09R_山中湖特別,202405040609,2000,芝,良,晴,8,山中湖特別,
2024-10-20_東京10R_甲斐路S,202405040610,2000,芝,良,晴,8,甲斐路S,
2024-10-20_東京11R_ブラジルC,202405040611,2100,ダ,良,晴,13,ブラジルC,L
2024-10-20_東京12R_3歳以上2勝クラス,202405040612,1600,ダ,良,晴,14,3歳以上2勝クラス,
2024-10-26_東京01R_2歳未勝利,202405040701,1600,ダ,良,曇,12,2歳未勝利,
2024-10-26_東京02R_2歳未勝利,202405040702,2000,芝,良,曇,11,2歳未勝利,
2024-10-26_東京03R_2歳未勝利,202405040703,1600,ダ,良,曇,16,2歳未勝利,
2024-10-26_東京04R_2歳新馬,202405040704,1400,芝,良,曇,13,2歳新馬,
2024-10-26_東京05R_2歳新馬,202405040705,1600,芝,良,曇,12,2歳新馬,
2024-10-26_東京06R_3歳以上1勝クラス,202405040706,2100,ダ,良,曇,10,3歳以上1勝クラス,
2024-10-26_東京07R_3歳以上1勝クラス,202405040707,1400,ダ,良,曇,15,3歳以上1勝クラス,
2024-10-26_東京08R_3歳以上1勝クラス,202405040708,2000,芝,良,曇,10,3歳以上1勝クラス,
2024-10-26_東京09R_伊勢佐木特別,202405040709,1600,ダ,良,曇,10,伊勢佐木特別,
2024-10-26_東京10R_キングカメハメハM,202405040710,1600,芝,良,曇,7,キングカメハメハM,
2024-10-26_東京11R_アルテミスS,202405040711,1600,芝,良,曇,11,アルテミスS,G3
2024-10-26_東京12R_3歳以上2勝クラス,202405040712,1400,ダ,良,曇,14,3歳以上2勝クラス,
2024-10-27_東京01R_2歳未勝利,202405040801,1400,ダ,良,晴,12,2歳未勝利,
2024-10-27_東京02R_2歳未勝利,202405040802,1600,芝,良,晴,8,2歳未勝利,
2024-10-27_東京03R_2歳未勝利,202405040803,1400,芝,良,晴,11,2歳未勝利,
2024-10-27_東京04R_2歳新馬,202405040804,1600,ダ,良,晴,16,2歳新馬,
2024-10-27_東京05R_2歳新馬,202405040805,2000,芝,良,曇,15,2歳新馬,
2024-10-27_東京06R_3歳以上1勝クラス,202405040806,1400,芝,良,曇,18,3歳以上1勝クラス,
2024-10-27_東京07R_3歳以上1勝クラス,202405040807,1600,ダ,良,曇,13,3歳以上1勝クラス,
2024-10-27_東京08R_本栖湖特別,202405040808,2400,芝,良,曇,7,本栖湖特別,
2024-10-27_東京09R_国立特別,202405040809,1600,芝,良,曇,9,国立特別,
2024-10-27_東京10R_エイシンフラッシュC,202405040810,1300,ダ,良,曇,15,エイシンフラッシュC,
2024-10-27_東京11R_天皇賞(秋),202405040811,2000,芝,良,曇,15,天皇賞(秋),G1
2024-10-27_東京12R_ペルセウスS,202405040812,1400,ダ,良,曇,16,ペルセウスS,OP
2024-11-02_東京01R_2歳未勝利,202405050101,1300,ダ,重,雨,14,2歳未勝利,
2024-11-02_東京02R_2歳未勝利,202405050102,1600,芝,稍,雨,11,2歳未勝利,
2024-11-02_東京03R_2歳未勝利,202405050103,1400,ダ,重,雨,12,2歳未勝利,
2024-11-02_東京04R_2歳未勝利,202405050104,1800,芝,稍,小雨,8,2歳未勝利,
2024-11-02_東京05R_2歳新馬,202405050105,2000,芝,稍,小雨,10,2歳新馬,
2024-11-02_東京06R_2歳新馬,202405050106,1600,ダ,重,小雨,16,2歳新馬,
2024-11-02_東京07R_3歳以上1勝クラス,202405050107,1600,ダ,重,小雨,14,3歳以上1勝クラス,
2024-11-02_東京08R_秋陽JS,202405050108,3110,障,稍,小雨,8,秋陽JS,OP
2024-11-02_東京09R_神奈川新聞杯,202405050109,2100,ダ,重,小雨,16,神奈川新聞杯,
2024-11-02_東京10R_ノベンバーS,202405050110,1800,芝,稍,小雨,10,ノベンバーS,
2024-11-02_東京11R_京王杯2歳S,202405050111,1400,芝,稍,小雨,14,京王杯2歳S,G2
2024-11-02_東京12R_3歳以上2勝クラス,202405050112,2000,芝,稍,雨,7,3歳以上2勝クラス,
2024-11-03_東京01R_2歳未勝利,202405050201,1400,芝,良,晴,15,2歳未勝利,
2024-11-03_東京02R_2歳未勝利,202405050202,1600,ダ,重,晴,16,2歳未勝利,
2024-11-03_東京03R_2歳未勝利,202405050203,2000,芝,良,晴,9,2歳未勝利,
2024-11-03_東京04R_2歳新馬,202405050204,1400,芝,良,晴,16,2歳新馬,
2024-11-03_東京05R_2歳新馬,202405050205,1800,芝,良,晴,12,2歳新馬,
2024-11-03_東京06R_3歳以上1勝クラス,202405050206,1400,ダ,重,晴,15,3歳以上1勝クラス,
2024-11-03_東京07R_3歳以上1勝クラス,202405050207,1600,ダ,重,晴,16,3歳以上1勝クラス,
2024-11-03_東京08R_3歳以上2勝クラス,202405050208,1300,ダ,重,晴,12,3歳以上2勝クラス,
2024-11-03_東京09R_百日草特別,202405050209,2000,芝,良,晴,8,百日草特別,
2024-11-03_東京10R_錦秋S,202405050210,1600,ダ,重,晴,11,錦秋S,
2024-11-03_東京11R_アルゼンチン共和国杯,202405050211,2500,芝,良,晴,16,アルゼンチン共和国杯,G2
2024-11-03_東京12R_3歳以上2勝クラス,202405050212,1400,芝,良,晴,13,3歳以上2勝クラス,
2024-11-09_東京01R_2歳未勝利,202405050301,1600,ダ,良,晴,16,2歳未勝利,
2024-11-09_東京02R_2歳未勝利,202405050302,1600,芝,良,晴,13,2歳未勝利,
2024-11-09_東京03R_2歳未勝利,202405050303,2000,芝,良,晴,12,2歳未勝利,
2024-11-09_東京04R_2歳未勝利,202405050304,1600,ダ,良,晴,16,2歳未勝利,
2024-11-09_東京05R_2歳新馬,202405050305,1800,芝,良,晴,9,2歳新馬,
2024-11-09_東京06R_2歳新馬,202405050306,1600,芝,良,晴,11,2歳新馬,
2024-11-09_東京07R_3歳以上1勝クラス,202405050307,1400,ダ,良,晴,16,3歳以上1勝クラス,
2024-11-09_東京08R_3歳以上2勝クラス,202405050308,1600,ダ,良,晴,13,3歳以上2勝クラス,
2024-11-09_東京09R_オキザリス賞,202405050309,1400,ダ,良,晴,16,オキザリス賞,
2024-11-09_東京10R_奥多摩S,202405050310,1400,芝,良,晴,14,奥多摩S,
2024-11-09_東京11R_武蔵野S,202405050311,1600,ダ,良,晴,15,武蔵野S,G3
2024-11-09_東京12R_3歳以上2勝クラス,202405050312,1600,芝,良,晴,12,3歳以上2勝クラス,
2024-11-10_東京01R_2歳未勝利,202405050401,1400,ダ,良,曇,15,2歳未勝利,
2024-11-10_東京02R_2歳未勝利,202405050402,1800,芝,良,曇,9,2歳未勝利,
2024-11-10_東京03R_2歳未勝利,202405050403,1400,芝,良,曇,11,2歳未勝利,
2024-11-10_東京04R_2歳新馬,202405050404,1300,ダ,良,曇,16,2歳新馬,
2024-11-10_東京05R_2歳新馬,202405050405,1600,芝,良,曇,10,2歳新馬,
2024-11-10_東京06R_3歳以上1勝クラス,202405050406,1600,ダ,良,曇,16,3歳以上1勝クラス,
2024-11-10_東京07R_3歳以上2勝クラス,202405050407,1400,ダ,良,曇,12,3歳以上2勝クラス,
2024-11-10_東京08R_3歳以上2勝クラス,202405050408,1800,芝,良,曇,10,3歳以上2勝クラス,
2024-11-10_東京09R_銀嶺S,202405050409,1400,ダ,良,曇,14,銀嶺S,
2024-11-10_東京10R_ユートピアS,202405050410,1800,芝,良,曇,13,ユートピアS,
2024-11-10_東京11R_オーロC,202405050411,1400,芝,良,曇,18,オーロC,L
2024-11-10_東京12R_3歳以上1勝クラス,202405050412,1800,芝,良,曇,16,3歳以上1勝クラス,
2024-11-16_東京01R_2歳未勝利,202405050501,1600,ダ,良,曇,16,2歳未勝利,
2024-11-16_東京02R_2歳未勝利,202405050502,2000,芝,良,曇,14,2歳未勝利,
2024-11-16_東京03R_2歳未勝利,202405050503,1600,ダ,良,曇,16,2歳未勝利,
2024-11-16_東京04R_2歳新馬,202405050504,1400,芝,良,曇,11,2歳新馬,
2024-11-16_東京05R_2歳新馬,202405050505,1600,芝,良,曇,11,2歳新馬,
2024-11-16_東京06R_2歳1勝クラス,202405050506,1400,芝,良,曇,10,2歳1勝クラス,
2024-11-16_東京07R_3歳以上1勝クラス,202405050507,1600,ダ,良,曇,16,3歳以上1勝クラス,
2024-11-16_東京08R_3歳以上2勝クラス,202405050508,1400,ダ,良,曇,16,3歳以上2勝クラス,
2024-11-16_東京09R_南武特別,202405050509,2400,芝,良,曇,11,南武特別,
2024-11-16_東京10R_晩秋S,202405050510,2100,ダ,良,曇,15,晩秋S,
2024-11-16_東京11R_東スポ杯2歳S,202405050511,1800,芝,良,曇,9,東スポ杯2歳S,G2
2024-11-16_東京12R_3歳以上1勝クラス,202405050512,1600,芝,良,曇,18,3歳以上1勝クラス,
2024-11-17_東京01R_2歳未勝利,202405050601,1300,ダ,良,晴,16,2歳未勝利,
2024-11-17_東京02R_2歳未勝利,202405050602,1800,芝,良,晴,17,2歳未勝利,
2024-11-17_東京03R_2歳未勝利,202405050603,1600,芝,良,晴,18,2歳未勝利,
2024-11-17_東京04R_2歳新馬,202405050604,1600,ダ,良,晴,16,2歳新馬,
2024-11-17_東京05R_2歳新馬,202405050605,2000,芝,良,晴,9,2歳新馬,
2024-11-17_東京06R_3歳以上1勝クラス,202405050606,2100,ダ,良,晴,16,3歳以上1勝クラス,
2024-11-17_東京07R_3歳以上1勝クラス,202405050607,1300,ダ,良,晴,16,3歳以上1勝クラス,
2024-11-17_東京08R_赤松賞,202405050608,1600,芝,良,晴,7,赤松賞,
2024-11-17_東京09R_3歳以上2勝クラス,202405050609,1600,ダ,良,晴,16,3歳以上2勝クラス,
2024-11-17_東京10R_秋色S,202405050610,1600,芝,良,晴,13,秋色S,
2024-11-17_東京11R_霜月S,202405050611,1400,ダ,良,晴,16,霜月S,OP
2024-11-17_東京12R_3歳以上2勝クラス,202405050612,1400,芝,良,晴,18,3歳以上2勝クラス,
2024-11-23_東京01R_2歳未勝利,202405050701,1600,ダ,稍,晴,16,2歳未勝利,
2024-11-23_東京02R_2歳未勝利,202405050702,1400,芝,良,晴,18,2歳未勝利,
2024-11-23_東京03R_2歳未勝利,202405050703,1800,芝,良,晴,14,2歳未勝利,
2024-11-23_東京04R_2歳新馬,202405050704,1400,ダ,稍,晴,16,2歳新馬,
2024-11-23_東京05R_2歳新馬,202405050705,1600,芝,良,晴,15,2歳新馬,
2024-11-23_東京06R_3歳以上1勝クラス,202405050706,1600,ダ,稍,晴,16,3歳以上1勝クラス,
2024-11-23_東京07R_3歳以上1勝クラス,202405050707,2400,芝,良,晴,12,3歳以上1勝クラス,
2024-11-23_東京08R_3歳以上2勝クラス,202405050708,2100,ダ,稍,晴,16,3歳以上2勝クラス,
2024-11-23_東京09R_カトレアS,202405050709,1600,ダ,稍,晴,16,カトレアS,OP
2024-11-23_東京10R_シャングリラS,202405050710,1400,ダ,稍,晴,16,シャングリラS,
2024-11-23_東京11R_キャピタルS,202405050711,1600,芝,良,晴,18,キャピタルS,L
2024-11-23_東京12R_3歳以上2勝クラス,202405050712,1600,芝,良,晴,14,3歳以上2勝クラス,
2024-11-24_東京01R_2歳未勝利,202405050801,1400,ダ,良,晴,16,2歳未勝利,
2024-11-24_東京02R_2歳未勝利,202405050802,1600,芝,良,晴,18,2歳未勝利,
2024-11-24_東京03R_2歳未勝利,202405050803,1600,ダ,良,晴,16,2歳未勝利,
2024-11-24_東京04R_2歳未勝利,202405050804,2000,芝,良,晴,12,2歳未勝利,
2024-11-24_東京05R_2歳新馬,202405050805,1600,ダ,良,晴,16,2歳新馬,
2024-11-24_東京06R_2歳新馬,202405050806,1800,芝,良,晴,13,2歳新馬,
2024-11-24_東京07R_3歳以上1勝クラス,202405050807,1400,ダ,良,晴,16,3歳以上1勝クラス,
2024-11-24_東京08R_ベゴニア賞,202405050808,1600,芝,良,晴,10,ベゴニア賞,
2024-11-24_東京09R_オリエンタル賞,202405050809,2000,芝,良,晴,13,オリエンタル賞,
2024-11-24_東京10R_アプローズ賞,202405050810,1400,ダ,良,晴,16,アプローズ賞,
2024-11-24_東京11R_アーモンドアイC,202405050811,2000,芝,良,晴,15,アーモンドアイC,
2024-11-24_東京12R_ジャパンC,202405050812,2400,芝,良,晴,14,ジャパンC,G1
2024-01-06_中山01R_3歳未勝利,202406010101,1200,ダ,良,晴,16,3歳未勝利,
2024-01-06_中山02R_3歳未勝利,202406010102,1800,ダ,良,晴,16,3歳未勝利,
2024-01-06_中山03R_3歳新馬,202406010103,1200,ダ,良,晴,16,3歳新馬,
2024-01-06_中山04R_3歳新馬,202406010104,1800,ダ,良,晴,16,3歳新馬,
2024-01-06_中山05R_3歳未勝利,202406010105,2000,芝,良,晴,17,3歳未勝利,
2024-01-06_中山06R_4歳以上1勝クラス,202406010106,2400,ダ,良,晴,16,4歳以上1勝クラス,
2024-01-06_中山07R_3歳1勝クラス,202406010107,1200,芝,良,晴,13,3歳1勝クラス,
2024-01-06_中山08R_4歳以上1勝クラス,202406010108,1800,ダ,良,晴,16,4歳以上1勝クラス,
2024-01-06_中山09R_迎春S,202406010109,2200,芝,良,晴,8,迎春S,
2024-01-06_中山10R_ジュニアC,202406010110,1600,芝,良,晴,10,ジュニアC,L
2024-01-06_中山11R_中山金杯,202406010111,2000,芝,良,晴,17,中山金杯,G3
2024-01-06_中山12R_4歳以上2勝クラス,202406010112,1800,ダ,良,晴,16,4歳以上2勝クラス,
2024-01-07_中山01R_3歳未勝利,202406010201,1200,ダ,良,曇,16,3歳未勝利,
2024-01-07_中山02R_3歳未勝利,202406010202,1800,ダ,良,曇,16,3歳未勝利,
2024-01-07_中山03R_3歳未勝利,202406010203,1800,ダ,良,曇,16,3歳未勝利,
2024-01-07_中山04R_4歳以上障害未勝利,202406010204,2880,障,良,曇,14,4歳以上障害未勝利,
2024-01-07_中山05R_3歳未勝利,202406010205,1600,芝,良,曇,16,3歳未勝利,
2024-01-07_中山06R_3歳新馬,202406010206,2000,芝,良,曇,17,3歳新馬,
2024-01-07_中山07R_3歳1勝クラス,202406010207,1800,ダ,良,曇,13,3歳1勝クラス,
2024-01-07_中山08R_4歳以上1勝クラス,202406010208,1800,ダ,良,晴,16,4歳以上1勝クラス,
2024-01-07_中山09R_初日の出賞,202406010209,2000,芝,良,晴,17,初日の出賞,
2024-01-07_中山10R_ポルックスS,202406010210,1800,ダ,良,曇,16,ポルックスS,OP
2024-01-07_中山11R_フェアリーS,202406010211,1600,芝,良,曇,14,フェアリーS,G3
2024-01-07_中山12R_4歳以上2勝クラス,202406010212,1200,ダ,良,曇,16,4歳以上2勝クラス,
2024-01-08_中山01R_3歳未勝利,202406010301,1200,ダ,良,晴,16,3歳未勝利,
2024-01-08_中山02R_3歳未勝利,202406010302,1800,ダ,良,晴,16,3歳未勝利,
2024-01-08_中山03R_3歳未勝利,202406010303,1800,ダ,良,晴,16,3歳未勝利,
2024-01-08_中山04R_3歳新馬,202406010304,1800,ダ,良,晴,16,3歳新馬,
2024-01-08_中山05R_3歳新馬,202406010305,1600,芝,良,晴,16,3歳新馬,
2024-01-08_中山06R_3歳1勝クラス,202406010306,2000,芝,良,晴,11,3歳1勝クラス,
2024-01-08_中山07R_4歳以上1勝クラス,202406010307,1200,ダ,良,晴,16,4歳以上1勝クラス,
2024-01-08_中山08R_中山新春JS,202406010308,3200,障,良,晴,12,中山新春JS,OP
2024-01-08_中山09R_成田特別,202406010309,2400,ダ,良,晴,16,成田特別,
2024-01-08_中山10R_招福S,202406010310,1800,ダ,良,晴,16,招福S,
2024-01-08_中山11R_カーバンクルS,202406010311,1200,芝,良,晴,16,カーバンクルS,OP
2024-01-08_中山12R_4歳以上2勝クラス,202406010312,1600,芝,良,晴,15,4歳以上2勝クラス,
2024-01-13_中山01R_3歳未勝利,202406010401,1200,ダ,良,晴,16,3歳未勝利,
2024-01-13_中山02R_3歳未勝利,202406010402,1800,ダ,良,晴,16,3歳未勝利,
2024-01-13_中山03R_3歳未勝利,202406010403,1200,ダ,良,晴,16,3歳未勝利,
2024-01-13_中山04R_3歳新馬,202406010404,1800,ダ,良,晴,16,3歳新馬,
2024-01-13_中山05R_3歳新馬,202406010405,1600,芝,良,晴,16,3歳新馬,
2024-01-13_中山06R_3歳未勝利,202406010406,2000,芝,良,晴,17,3歳未勝利,
2024-01-13_中山07R_4歳以上1勝クラス,202406010407,1800,ダ,良,曇,16,4歳以上1勝クラス,
2024-01-13_中山08R_4歳以上2勝クラス,202406010408,1200,ダ,良,曇,12,4歳以上2勝クラス,
2024-01-13_中山09R_菜の花賞,202406010409,1600,芝,良,曇,12,菜の花賞,
2024-01-13_中山10R_初春S,202406010410,1200,ダ,良,曇,16,初春S,
2024-01-13_中山11R_ニューイヤーS,202406010411,1600,芝,良,曇,16,ニューイヤーS,L
2024-01-13_中山12R_4歳以上2勝クラス,202406010412,1200,芝,良,小雨,15,4歳以上2勝クラス,
2024-01-14_中山01R_3歳未勝利,202406010501,1200,ダ,稍,晴,16,3歳未勝利,
2024-01-14_中山02R_3歳未勝利,202406010502,1800,ダ,稍,晴,16,3歳未勝利,
2024-01-14_中山03R_3歳新馬,202406010503,1200,ダ,稍,晴,16,3歳新馬,
2024-01-14_中山04R_3歳新馬,202406010504,1800,ダ,稍,晴,16,3歳新馬,
2024-01-14_中山05R_3歳未勝利,202406010505,1600,芝,稍,晴,16,3歳未勝利,
2024-01-14_中山06R_4歳以上1勝クラス,202406010506,1200,ダ,稍,晴,16,4歳以上1勝クラス,
2024-01-14_中山07R_4歳以上2勝クラス,202406010507,2200,芝,良,晴,15,4歳以上2勝クラス,
2024-01-14_中山08R_4歳以上2勝クラス,202406010508,1800,ダ,良,晴,16,4歳以上2勝クラス,
2024-01-14_中山09R_サンライズS,202406010509,1200,芝,良,晴,14,サンライズS,
2024-01-14_中山10R_ジャニュアリーS,202406010510,1200,ダ,良,晴,14,ジャニュアリーS,OP
2024-01-14_中山11R_京成杯,202406010511,2000,芝,良,晴,15,京成杯,G3
2024-01-14_中山12R_4歳以上1勝クラス,202406010512,1600,芝,良,晴,16,4歳以上1勝クラス,
2024-01-20_中山01R_3歳未勝利,202406010601,1200,ダ,良,曇,16,3歳未勝利,
2024-01-20_中山02R_3歳未勝利,202406010602,1800,ダ,良,曇,16,3歳未勝利,
2024-01-20_中山03R_3歳新馬,202406010603,1200,ダ,良,曇,16,3歳新馬,
2024-01-20_中山04R_3歳新馬,202406010604,1800,ダ,良,曇,16,3歳新馬,
2024-01-20_中山05R_3歳未勝利,202406010605,1600,芝,良,曇,16,3歳未勝利,
2024-01-20_中山06R_3歳未勝利,202406010606,2000,芝,良,曇,17,3歳未勝利,
2024-01-20_中山07R_3歳1勝クラス,202406010607,1200,ダ,良,小雨,10,3歳1勝クラス,
2024-01-20_中山08R_4歳以上1勝クラス,202406010608,1800,ダ,良,小雨,15,4歳以上1勝クラス,
2024-01-20_中山09R_初茜賞,202406010609,1800,ダ,良,小雨,16,初茜賞,
2024-01-20_中山10R_東雲賞,202406010610,1800,芝,良,小雨,10,東雲賞,
2024-01-20_中山11R_初富士S,202406010611,2000,芝,良,曇,11,初富士S,
2024-01-20_中山12R_4歳以上1勝クラス,202406010612,2200,芝,良,曇,17,4歳以上1勝クラス,
2024-01-21_中山01R_3歳未勝利,202406010701,1200,ダ,不,雨,16,3歳未勝利,
2024-01-21_中山02R_3歳未勝利,202406010702,1800,ダ,不,雨,15,3歳未勝利,
2024-01-21_中山03R_3歳未勝利,202406010703,1800,ダ,不,雨,16,3歳未勝利,
2024-01-21_中山04R_4歳以上1勝クラス,202406010704,1200,ダ,不,雨,16,4歳以上1勝クラス,
2024-01-21_中山05R_3歳未勝利,202406010705,2200,芝,不,雨,17,3歳未勝利,
2024-01-21_中山06R_3歳新馬,202406010706,2000,芝,不,小雨,17,3歳新馬,
2024-01-21_中山07R_4歳以上1勝クラス,202406010707,1800,ダ,不,小雨,14,4歳以上1勝クラス,
2024-01-21_中山08R_4歳以上2勝クラス,202406010708,1200,ダ,不,小雨,15,4歳以上2勝クラス,
2024-01-21_中山09R_若竹賞,202406010709,1800,芝,不,小雨,11,若竹賞,
2024-01-21_中山10R_アレキサンドライトS,202406010710,1800,ダ,不,曇,16,アレキサンドライトS,
2024-01-21_中山11R_AJCC,202406010711,2200,芝,不,曇,12,AJCC,G2
2024-01-21_中山12R_4歳以上2勝クラス,202406010712,1600,芝,不,曇,12,4歳以上2勝クラス,
2024-02-24_中山01R_3歳未勝利,202406020101,1200,ダ,稍,晴,16,3歳未勝利,
2024-02-24_中山02R_3歳未勝利,202406020102,1800,ダ,稍,晴,16,3歳未勝利,
2024-02-24_中山03R_3歳未勝利,202406020103,1200,ダ,稍,晴,16,3歳未勝利,
2024-02-24_中山04R_3歳未勝利,202406020104,1800,ダ,稍,晴,16,3歳未勝利,
2024-02-24_中山05R_3歳未勝利,202406020105,2000,芝,稍,晴,16,3歳未勝利,
2024-02-24_中山06R_3歳未勝利,202406020106,1800,ダ,稍,晴,16,3歳未勝利,
2024-02-24_中山07R_3歳1勝クラス,202406020107,1600,芝,稍,晴,11,3歳1勝クラス,
2024-02-24_中山08R_4歳以上1勝クラス,202406020108,1800,ダ,稍,晴,12,4歳以上1勝クラス,
2024-02-24_中山09R_水仙賞,202406020109,2200,芝,稍,晴,7,水仙賞,
2024-02-24_中山10R_富里特別,202406020110,1800,芝,稍,晴,12,富里特別,
2024-02-24_中山11R_幕張S,202406020111,1600,芝,稍,晴,11,幕張S,
2024-02-24_中山12R_4歳以上2勝クラス,202406020112,1200,ダ,稍,晴,16,4歳以上2勝クラス,
2024-02-25_中山01R_3歳未勝利,202406020201,1800,ダ,稍,小雨,16,3歳未勝利,
2024-02-25_中山02R_3歳未勝利,202406020202,1200,ダ,稍,小雨,16,3歳未勝利,
2024-02-25_中山03R_3歳未勝利,202406020203,1800,ダ,稍,小雨,16,3歳未勝利,
2024-02-25_中山04R_3歳1勝クラス,202406020204,1800,ダ,稍,小雨,12,3歳1勝クラス,
2024-02-25_中山05R_3歳未勝利,202406020205,1600,芝,稍,小雨,16,3歳未勝利,
2024-02-25_中山06R_3歳未勝利,202406020206,2200,芝,稍,小雨,16,3歳未勝利,
2024-02-25_中山07R_4歳以上1勝クラス,202406020207,1800,ダ,稍,小雨,10,4歳以上1勝クラス,
2024-02-25_中山08R_4歳以上1勝クラス,202406020208,1200,ダ,稍,小雨,16,4歳以上1勝クラス,
2024-02-25_中山09R_デイジー賞,202406020209,1800,芝,稍,小雨,13,デイジー賞,
2024-02-25_中山10R_春風S,202406020210,1200,ダ,重,小雨,16,春風S,
2024-02-25_中山11R_中山記念,202406020211,1800,芝,稍,小雨,16,中山記念,G2
2024-02-25_中山12R_4歳以上2勝クラス,202406020212,1800,ダ,重,小雨,12,4歳以上2勝クラス,
2024-03-02_中山01R_3歳未勝利,202406020301,1200,ダ,重,晴,16,3歳未勝利,
2024-03-02_中山02R_3歳未勝利,202406020302,1800,ダ,重,晴,16,3歳未勝利,
2024-03-02_中山03R_3歳未勝利,202406020303,1200,ダ,重,曇,16,3歳未勝利,
2024-03-02_中山04R_3歳未勝利,202406020304,1800,ダ,重,曇,16,3歳未勝利,
2024-03-02_中山05R_3歳未勝利,202406020305,2200,芝,稍,曇,18,3歳未勝利,
2024-03-02_中山06R_3歳1勝クラス,202406020306,1600,芝,稍,曇,12,3歳1勝クラス,
2024-03-02_中山07R_4歳以上1勝クラス,202406020307,1200,ダ,重,曇,16,4歳以上1勝クラス,
2024-03-02_中山08R_4歳以上1勝クラス,202406020308,1600,芝,稍,曇,16,4歳以上1勝クラス,
2024-03-02_中山09R_潮来特別,202406020309,2500,芝,稍,曇,11,潮来特別,
2024-03-02_中山10R_上総S,202406020310,1800,ダ,重,曇,14,上総S,
2024-03-02_中山11R_オーシャンS,202406020311,1200,芝,稍,曇,16,オーシャンS,G3
2024-03-02_中山12R_4歳以上2勝クラス,202406020312,1800,ダ,重,曇,13,4歳以上2勝クラス,
2024-03-03_中山01R_3歳未勝利,202406020401,1800,ダ,稍,晴,16,3歳未勝利,
2024-03-03_中山02R_3歳未勝利,202406020402,1200,ダ,稍,晴,16,3歳未勝利,
2024-03-03_中山03R_3歳未勝利,202406020403,1800,ダ,稍,晴,16,3歳未勝利,
2024-03-03_中山04R_3歳1勝クラス,202406020404,1200,ダ,稍,晴,16,3歳1勝クラス,
2024-03-03_中山05R_3歳未勝利,202406020405,1600,芝,稍,晴,16,3歳未勝利,
2024-03-03_中山06R_3歳未勝利,202406020406,2000,芝,稍,晴,18,3歳未勝利,
2024-03-03_中山07R_4歳以上1勝クラス,202406020407,1800,ダ,稍,晴,11,4歳以上1勝クラス,
2024-03-03_中山08R_4歳以上2勝クラス,202406020408,1600,芝,良,晴,11,4歳以上2勝クラス,
2024-03-03_中山09R_湾岸S,202406020409,2200,芝,良,晴,14,湾岸S,
2024-03-03_中山10R_総武S,202406020410,1800,ダ,稍,晴,15,総武S,OP
2024-03-03_中山11R_弥生賞ディープインパクト記念,202406020411,2000,芝,良,晴,11,弥生賞ディープインパクト記念,G2
2024-03-03_中山12R_4歳以上2勝クラス,202406020412,1200,ダ,稍,晴,16,4歳以上2勝クラス,
2024-03-09_中山01R_3歳未勝利,202406020501,1800,ダ,重,晴,14,3歳未勝利,
2024-03-09_中山02R_3歳未勝利,202406020502,1200,ダ,重,晴,16,3歳未勝利,
2024-03-09_中山03R_3歳未勝利,202406020503,1800,ダ,重,晴,13,3歳未勝利,
2024-03-09_中山04R_3歳未勝利,202406020504,1200,ダ,重,晴,16,3歳未勝利,
2024-03-09_中山05R_3歳未勝利,202406020505,1800,芝,重,晴,16,3歳未勝利,
2024-03-09_中山06R_3歳未勝利,202406020506,1800,ダ,重,晴,12,3歳未勝利,
2024-03-09_中山07R_3歳1勝クラス,202406020507,2000,芝,重,晴,11,3歳1勝クラス,
2024-03-09_中山08R_4歳以上1勝クラス,202406020508,1200,ダ,重,晴,16,4歳以上1勝クラス,
2024-03-09_中山09R_鎌ケ谷特別,202406020509,1800,ダ,重,晴,16,鎌ケ谷特別,
2024-03-09_中山10R_アクアマリンS,202406020510,1200,芝,稍,晴,16,アクアマリンS,
2024-03-09_中山11R_中山牝馬S,202406020511,1800,芝,稍,晴,16,中山牝馬S,G3
2024-03-09_中山12R_4歳以上2勝クラス,202406020512,1200,芝,稍,晴,13,4歳以上2勝クラス,
2024-03-10_中山01R_3歳未勝利,202406020601,1800,ダ,稍,晴,16,3歳未勝利,
2024-03-10_中山02R_3歳未勝利,202406020602,1200,ダ,稍,晴,16,3歳未勝利,
2024-03-10_中山03R_3歳未勝利,202406020603,1800,ダ,稍,晴,16,3歳未勝利,
2024-03-10_中山04R_4歳以上障害未勝利,202406020604,2880,障,稍,晴,9,4歳以上障害未勝利,
2024-03-10_中山05R_3歳未勝利,202406020605,2000,芝,稍,晴,18,3歳未勝利,
2024-03-10_中山06R_3歳1勝クラス,202406020606,1800,ダ,稍,晴,16,3歳1勝クラス,
2024-03-10_中山07R_3歳1勝クラス,202406020607,1200,芝,稍,晴,11,3歳1勝クラス,
2024-03-10_中山08R_4歳以上1勝クラス,202406020608,2400,ダ,稍,晴,15,4歳以上1勝クラス,
2024-03-10_中山09R_房総特別,202406020609,1800,芝,良,晴,16,房総特別,
2024-03-10_中山10R_東風S,202406020610,1600,芝,良,晴,14,東風S,L
2024-03-10_中山11R_アネモネS,202406020611,1600,芝,良,晴,12,アネモネS,L
2024-03-10_中山12R_4歳以上1勝クラス,202406020612,1200,ダ,稍,晴,16,4歳以上1勝クラス,
2024-03-16_中山01R_3歳未勝利,202406020701,1200,ダ,稍,晴,16,3歳未勝利,
2024-03-16_中山02R_3歳未勝利,202406020702,1800,ダ,稍,晴,16,3歳未勝利,
2024-03-16_中山03R_3歳未勝利,202406020703,1200,ダ,稍,晴,16,3歳未勝利,
2024-03-16_中山04R_3歳未勝利,202406020704,1800,芝,良,晴,16,3歳未勝利,
2024-03-16_中山05R_3歳未勝利,202406020705,2200,芝,良,晴,17,3歳未勝利,
2024-03-16_中山06R_3歳1勝クラス,202406020706,1600,芝,良,晴,9,3歳1勝クラス,
2024-03-16_中山07R_4歳以上1勝クラス,202406020707,1800,ダ,良,晴,15,4歳以上1勝クラス,
2024-03-16_中山08R_ペガサスジャンプS,202406020708,3350,障,良,晴,12,ペガサスジャンプS,OP
2024-03-16_中山09R_館山特別,202406020709,2000,芝,良,晴,11,館山特別,
2024-03-16_中山10R_韓国馬事会杯,202406020710,1800,ダ,良,晴,14,韓国馬事会杯,
2024-03-16_中山11R_フラワーC,202406020711,1800,芝,良,晴,12,フラワーC,G3
2024-03-16_中山12R_4歳以上2勝クラス,202406020712,1200,ダ,良,晴,16,4歳以上2勝クラス,
2024-03-17_中山01R_3歳未勝利,202406020801,1800,ダ,良,晴,16,3歳未勝利,
2024-03-17_中山02R_3歳未勝利,202406020802,1200,ダ,良,晴,16,3歳未勝利,
2024-03-17_中山03R_3歳未勝利,202406020803,1800,ダ,良,晴,16,3歳未勝利,
2024-03-17_中山04R_3歳1勝クラス,202406020804,1200,ダ,良,晴,16,3歳1勝クラス,
2024-03-17_中山05R_3歳未勝利,202406020805,1600,芝,良,晴,16,3歳未勝利,
2024-03-17_中山06R_4歳以上1勝クラス,202406020806,2000,芝,良,晴,13,4歳以上1勝クラス,
2024-03-17_中山07R_4歳以上1勝クラス,202406020807,1200,ダ,良,晴,16,4歳以上1勝クラス,
2024-03-17_中山08R_4歳以上2勝クラス,202406020808,1600,芝,良,晴,8,4歳以上2勝クラス,
2024-03-17_中山09R_スピカS,202406020809,1800,芝,良,晴,16,スピカS,
2024-03-17_中山10R_千葉S,202406020810,1200,ダ,良,晴,16,千葉S,OP
2024-03-17_中山11R_スプリングS,202406020811,1800,芝,良,晴,10,スプリングS,G2
2024-03-17_中山12R_4歳以上2勝クラス,202406020812,2400,ダ,良,晴,16,4歳以上2勝クラス,
2024-03-23_中山01R_3歳未勝利,202406030101,1200,ダ,良,曇,16,3歳未勝利,
2024-03-23_中山02R_3歳未勝利,202406030102,1800,ダ,良,曇,16,3歳未勝利,
2024-03-23_中山03R_3歳未勝利,202406030103,1200,ダ,良,曇,16,3歳未勝利,
2024-03-23_中山04R_3歳未勝利,202406030104,1600,芝,良,曇,16,3歳未勝利,
2024-03-23_中山05R_3歳1勝クラス,202406030105,1200,芝,良,曇,10,3歳1勝クラス,
2024-03-23_中山06R_3歳1勝クラス,202406030106,1800,芝,良,曇,11,3歳1勝クラス,
2024-03-23_中山07R_4歳以上1勝クラス,202406030107,1800,ダ,良,小雨,16,4歳以上1勝クラス,
2024-03-23_中山08R_4歳以上2勝クラス,202406030108,1800,芝,良,小雨,11,4歳以上2勝クラス,
2024-03-23_中山09R_ブラッドストーンS,202406030109,1200,ダ,良,小雨,16,ブラッドストーンS,
2024-03-23_中山10R_伏竜S,202406030110,1800,ダ,良,小雨,11,伏竜S,OP
2024-03-23_中山11R_日経賞,202406030111,2500,芝,良,小雨,10,日経賞,G2
2024-03-23_中山12R_4歳以上2勝クラス,202406030112,1800,ダ,良,曇,16,4歳以上2勝クラス,
2024-03-24_中山01R_3歳未勝利,202406030201,1800,ダ,良,曇,16,3歳未勝利,
2024-03-24_中山02R_3歳未勝利,202406030202,1200,ダ,良,曇,16,3歳未勝利,
2024-03-24_中山03R_3歳未勝利,202406030203,1800,ダ,良,曇,16,3歳未勝利,
2024-03-24_中山04R_4歳以上障害未勝利,202406030204,2880,障,良,曇,12,4歳以上障害未勝利,
2024-03-24_中山05R_3歳未勝利,202406030205,1800,芝,良,曇,16,3歳未勝利,
2024-03-24_中山06R_3歳1勝クラス,202406030206,1200,ダ,良,曇,15,3歳1勝クラス,
2024-03-24_中山07R_4歳以上1勝クラス,202406030207,1800,ダ,良,曇,15,4歳以上1勝クラス,
2024-03-24_中山08R_ミモザ賞,202406030208,2000,芝,良,曇,7,ミモザ賞,
2024-03-24_中山09R_4歳以上1勝クラス,202406030209,1200,ダ,良,曇,15,4歳以上1勝クラス,
2024-03-24_中山10R_春興S,202406030210,1600,芝,良,曇,13,春興S,
2024-03-24_中山11R_マーチS,202406030211,1800,ダ,良,曇,14,マーチS,G3
2024-03-24_中山12R_4歳以上2勝クラス,202406030212,1200,芝,良,曇,13,4歳以上2勝クラス,
2024-03-30_中山01R_3歳未勝利,202406030301,1800,ダ,重,晴,16,3歳未勝利,
2024-03-30_中山02R_3歳未勝利,202406030302,1200,ダ,重,晴,16,3歳未勝利,
2024-03-30_中山03R_3歳未勝利,202406030303,1800,ダ,重,晴,14,3歳未勝利,
2024-03-30_中山04R_3歳未勝利,202406030304,1200,ダ,重,晴,16,3歳未勝利,
2024-03-30_中山05R_3歳未勝利,202406030305,2000,芝,重,晴,18,3歳未勝利,
2024-03-30_中山06R_3歳未勝利,202406030306,1800,ダ,重,晴,13,3歳未勝利,
2024-03-30_中山07R_4歳以上1勝クラス,202406030307,1800,ダ,重,晴,16,4歳以上1勝クラス,
2024-03-30_中山08R_4歳以上2勝クラス,202406030308,1600,芝,稍,晴,13,4歳以上2勝クラス,
2024-03-30_中山09R_山吹賞,202406030309,2200,芝,稍,晴,14,山吹賞,
2024-03-30_中山10R_千葉日報杯,202406030310,1800,ダ,重,晴,15,千葉日報杯,
2024-03-30_中山11R_ダービー卿CT,202406030311,1600,芝,稍,晴,16,ダービー卿CT,G3
2024-03-30_中山12R_4歳以上1勝クラス,202406030312,1200,ダ,重,晴,16,4歳以上1勝クラス,
2024-03-31_中山01R_3歳未勝利,202406030401,1800,ダ,稍,晴,13,3歳未勝利,
2024-03-31_中山02R_3歳未勝利,202406030402,1200,ダ,稍,晴,16,3歳未勝利,
2024-03-31_中山03R_3歳未勝利,202406030403,1800,ダ,稍,晴,14,3歳未勝利,
2024-03-31_中山04R_4歳以上障害未勝利,202406030404,2880,障,良,晴,11,4歳以上障害未勝利,
2024-03-31_中山05R_3歳未勝利,202406030405,2200,芝,良,晴,16,3歳未勝利,
2024-03-31_中山06R_3歳1勝クラス,202406030406,1600,芝,良,晴,11,3歳1勝クラス,
2024-03-31_中山07R_3歳1勝クラス,202406030407,1800,ダ,稍,晴,16,3歳1勝クラス,
2024-03-31_中山08R_4歳以上1勝クラス,202406030408,1600,芝,良,晴,13,4歳以上1勝クラス,
2024-03-31_中山09R_安房特別,202406030409,2500,芝,良,晴,8,安房特別,
2024-03-31_中山10R_アリエスS,202406030410,1800,ダ,良,晴,16,アリエスS,
2024-03-31_中山11R_美浦S,202406030411,2000,芝,良,晴,15,美浦S,
2024-03-31_中山12R_4歳以上2勝クラス,202406030412,1200,ダ,良,晴,16,4歳以上2勝クラス,
2024-04-06_中山01R_3歳未勝利,202406030501,1800,ダ,稍,曇,14,3歳未勝利,
2024-04-06_中山02R_3歳未勝利,202406030502,1200,ダ,稍,曇,16,3歳未勝利,
2024-04-06_中山03R_3歳未勝利,202406030503,1800,ダ,稍,曇,12,3歳未勝利,
2024-04-06_中山04R_3歳未勝利,202406030504,1200,ダ,稍,曇,16,3歳未勝利,
2024-04-06_中山05R_3歳未勝利,202406030505,2000,芝,稍,曇,18,3歳未勝利,
2024-04-06_中山06R_3歳未勝利,202406030506,1800,ダ,稍,曇,15,3歳未勝利,
2024-04-06_中山07R_3歳1勝クラス,202406030507,1800,芝,稍,曇,8,3歳1勝クラス,
2024-04-06_中山08R_4歳以上1勝クラス,202406030508,2400,ダ,稍,曇,16,4歳以上1勝クラス,
2024-04-06_中山09R_葛飾特別,202406030509,1200,ダ,稍,曇,16,葛飾特別,
2024-04-06_中山10R_船橋S,202406030510,1200,芝,稍,曇,15,船橋S,
2024-04-06_中山11R_ニュージーランドT,202406030511,1600,芝,稍,曇,16,ニュージーランドT,G2
2024-04-06_中山12R_4歳以上1勝クラス,202406030512,1200,ダ,稍,曇,16,4歳以上1勝クラス,
2024-04-07_中山01R_3歳未勝利,202406030601,1200,ダ,重,曇,16,3歳未勝利,
2024-04-07_中山02R_3歳未勝利,202406030602,1800,ダ,重,曇,14,3歳未勝利,
2024-04-07_中山03R_3歳未勝利,202406030603,1200,ダ,重,曇,16,3歳未勝利,
2024-04-07_中山04R_3歳未勝利,202406030604,1600,芝,重,曇,16,3歳未勝利,
2024-04-07_中山05R_3歳未勝利,202406030605,2000,芝,重,晴,18,3歳未勝利,
2024-04-07_中山06R_3歳1勝クラス,202406030606,1800,ダ,重,晴,16,3歳1勝クラス,
2024-04-07_中山07R_3歳1勝クラス,202406030607,1200,芝,重,晴,13,3歳1勝クラス,
2024-04-07_中山08R_4歳以上1勝クラス,202406030608,1800,芝,重,晴,8,4歳以上1勝クラス,
2024-04-07_中山09R_印西特別,202406030609,2400,ダ,重,晴,13,印西特別,
2024-04-07_中山10R_鹿野山特別,202406030610,2000,芝,重,晴,15,鹿野山特別,
2024-04-07_中山11R_京葉S,202406030611,1200,ダ,重,晴,14,京葉S,L
2024-04-07_中山12R_4歳以上1勝クラス,202406030612,1800,ダ,重,晴,13,4歳以上1勝クラス,
2024-04-13_中山01R_3歳未勝利,202406030701,1200,ダ,良,晴,16,3歳未勝利,
2024-04-13_中山02R_3歳未勝利,202406030702,1800,ダ,良,晴,13,3歳未勝利,
2024-04-13_中山03R_3歳未勝利,202406030703,1200,ダ,良,晴,15,3歳未勝利,
2024-04-13_中山04R_3歳未勝利,202406030704,1800,ダ,良,晴,12,3歳未勝利,
2024-04-13_中山05R_3歳未勝利,202406030705,1600,芝,良,晴,16,3歳未勝利,
2024-04-13_中山06R_3歳1勝クラス,202406030706,1800,ダ,良,晴,9,3歳1勝クラス,
2024-04-13_中山07R_4歳以上1勝クラス,202406030707,2200,芝,良,晴,9,4歳以上1勝クラス,
2024-04-13_中山08R_4歳以上2勝クラス,202406030708,1200,芝,良,晴,12,4歳以上2勝クラス,
2024-04-13_中山09R_山藤賞,202406030709,2000,芝,良,晴,6,山藤賞,
2024-04-13_中山10R_下総S,202406030710,1800,ダ,良,晴,14,下総S,
2024-04-13_中山11R_中山グランドJ,202406030711,4250,障,良,晴,12,中山グランドJ,
2024-04-13_中山12R_袖ケ浦特別,202406030712,1200,ダ,良,晴,15,袖ケ浦特別,
2024-04-14_中山01R_3歳未勝利,202406030801,1800,ダ,良,晴,16,3歳未勝利,
2024-04-14_中山02R_3歳未勝利,202406030802,1200,ダ,良,晴,16,3歳未勝利,
2024-04-14_中山03R_3歳未勝利,202406030803,1800,ダ,良,晴,15,3歳未勝利,
2024-04-14_中山04R_3歳未勝利,202406030804,2200,芝,良,晴,18,3歳未勝利,
2024-04-14_中山05R_3歳1勝クラス,202406030805,1200,ダ,良,晴,16,3歳1勝クラス,
2024-04-14_中山06R_4歳以上1勝クラス,202406030806,1800,ダ,良,晴,15,4歳以上1勝クラス,
2024-04-14_中山07R_4歳以上1勝クラス,202406030807,1200,ダ,良,晴,16,4歳以上1勝クラス,
2024-04-14_中山08R_野島崎特別,202406030808,2000,芝,良,晴,9,野島崎特別,
2024-04-14_中山09R_利根川特別,202406030809,1800,ダ,良,晴,14,利根川特別,
2024-04-14_中山10R_ドゥラメンテC,202406030810,2500,芝,良,晴,14,ドゥラメンテC,
2024-04-14_中山11R_皐月賞,202406030811,2000,芝,良,晴,18,皐月賞,G1
2024-04-14_中山12R_春雷S,202406030812,1200,芝,良,晴,16,春雷S,L
2024-09-07_中山01R_3歳以上障害未勝利,202406040101,2880,障,良,晴,8,3歳以上障害未勝利,
2024-09-07_中山02R_2歳未勝利,202406040102,1600,芝,良,晴,12,2歳未勝利,
2024-09-07_中山03R_2歳未勝利,202406040103,1800,ダ,良,晴,12,2歳未勝利,
2024-09-07_中山04R_2歳新馬,202406040104,1200,ダ,良,晴,16,2歳新馬,
2024-09-07_中山05R_2歳新馬,202406040105,2000,芝,良,晴,7,2歳新馬,
2024-09-07_中山06R_3歳以上1勝クラス,202406040106,1200,ダ,良,晴,16,3歳以上1勝クラス,
2024-09-07_中山07R_3歳以上1勝クラス,202406040107,2000,芝,良,晴,10,3歳以上1勝クラス,
2024-09-07_中山08R_3歳以上1勝クラス,202406040108,1800,ダ,良,晴,15,3歳以上1勝クラス,
2024-09-07_中山09R_アスター賞,202406040109,1600,芝,良,晴,8,アスター賞,
2024-09-07_中山10R_汐留特別,202406040110,1200,芝,良,晴,11,汐留特別,
2024-09-07_中山11R_紫苑S,202406040111,2000,芝,良,晴,13,紫苑S,G2
2024-09-07_中山12R_3歳以上1勝クラス,202406040112,1200,ダ,良,晴,16,3歳以上1勝クラス,
2024-09-08_中山01R_2歳未勝利,202406040201,1200,ダ,良,晴,8,2歳未勝利,
2024-09-08_中山02R_2歳未勝利,202406040202,2000,芝,良,晴,9,2歳未勝利,
2024-09-08_中山03R_2歳新馬,202406040203,1800,ダ,良,晴,16,2歳新馬,
2024-09-08_中山04R_3歳以上1勝クラス,202406040204,1800,ダ,良,晴,16,3歳以上1勝クラス,
2024-09-08_中山05R_2歳新馬,202406040205,1600,芝,良,晴,15,2歳新馬,
2024-09-08_中山06R_3歳以上1勝クラス,202406040206,1200,ダ,良,晴,16,3歳以上1勝クラス,
2024-09-08_中山07R_3歳以上1勝クラス,202406040207,1600,芝,良,晴,16,3歳以上1勝クラス,
2024-09-08_中山08R_3歳以上1勝クラス,202406040208,1800,ダ,良,晴,16,3歳以上1勝クラス,
2024-09-08_中山09R_白井特別,202406040209,1800,芝,良,晴,9,白井特別,
2024-09-08_中山10R_セプテンバーS,202406040210,1200,芝,良,晴,10,セプテンバーS,
2024-09-08_中山11R_京成杯AH,202406040211,1600,芝,良,晴,16,京成杯AH,G3
2024-09-08_中山12R_3歳以上2勝クラス,202406040212,1200,ダ,良,晴,15,3歳以上2勝クラス,
2024-09-14_中山01R_2歳未勝利,202406040301,1200,ダ,良,晴,14,2歳未勝利,
2024-09-14_中山02R_2歳未勝利,202406040302,1800,ダ,良,晴,12,2歳未勝利,
2024-09-14_中山03R_2歳未勝利,202406040303,1200,芝,良,晴,14,2歳未勝利,
2024-09-14_中山04R_2歳新馬,202406040304,1800,ダ,良,晴,16,2歳新馬,
2024-09-14_中山05R_2歳新馬,202406040305,2000,芝,良,晴,9,2歳新馬,
2024-09-14_中山06R_3歳以上1勝クラス,202406040306,1200,ダ,良,晴,16,3歳以上1勝クラス,
2024-09-14_中山07R_3歳以上1勝クラス,202406040307,2500,芝,良,晴,10,3歳以上1勝クラス,
2024-09-14_中山08R_3歳以上1勝クラス,202406040308,1800,ダ,良,晴,15,3歳以上1勝クラス,
2024-09-14_中山09R_松戸特別,202406040309,2400,ダ,良,晴,16,松戸特別,
2024-09-14_中山10R_御宿特別,202406040310,1600,芝,良,晴,13,御宿特別,
2024-09-14_中山11R_初風S,202406040311,1200,ダ,良,晴,16,初風S,
2024-09-14_中山12R_3歳以上1勝クラス,202406040312,1800,芝,良,晴,15,3歳以上1勝クラス,
2024-09-15_中山01R_2歳未勝利,202406040401,1200,ダ,良,晴,12,2歳未勝利,
2024-09-15_中山02R_2歳未勝利,202406040402,2000,芝,良,晴,14,2歳未勝利,
2024-09-15_中山03R_2歳未勝利,202406040403,1800,ダ,良,晴,13,2歳未勝利,
2024-09-15_中山04R_2歳新馬,202406040404,1200,芝,良,晴,16,2歳新馬,
2024-09-15_中山05R_2歳新馬,202406040405,1600,芝,良,晴,16,2歳新馬,
2024-09-15_中山06R_3歳以上1勝クラス,202406040406,1800,ダ,良,晴,16,3歳以上1勝クラス,
2024-09-15_中山07R_3歳以上1勝クラス,202406040407,1200,ダ,良,晴,14,3歳以上1勝クラス,
2024-09-15_中山08R_3歳以上1勝クラス,202406040408,2000,芝,良,晴,17,3歳以上1勝クラス,
2024-09-15_中山09R_浦安特別,202406040409,1200,ダ,良,晴,13,浦安特別,
2024-09-15_中山10R_レインボーS,202406040410,1800,芝,良,晴,15,レインボーS,
2024-09-15_中山11R_ラジオ日本賞,202406040411,1800,ダ,良,晴,14,ラジオ日本賞,OP
2024-09-15_中山12R_3歳以上1勝クラス,202406040412,1200,芝,良,晴,16,3歳以上1勝クラス,
2024-09-16_中山01R_3歳以上障害未勝利,202406040501,2880,障,良,曇,7,3歳以上障害未勝利,
2024-09-16_中山02R_2歳未勝利,202406040502,1600,芝,良,曇,14,2歳未勝利,
2024-09-16_中山03R_2歳未勝利,202406040503,1200,ダ,良,曇,13,2歳未勝利,
2024-09-16_中山04R_2歳未勝利,202406040504,1800,芝,良,曇,12,2歳未勝利,
2024-09-16_中山05R_2歳新馬,202406040505,1600,芝,良,曇,10,2歳新馬,
2024-09-16_中山06R_2歳新馬,202406040506,1800,芝,良,曇,11,2歳新馬,
2024-09-16_中山07R_3歳以上1勝クラス,202406040507,1800,ダ,良,曇,11,3歳以上1勝クラス,
2024-09-16_中山08R_3歳以上1勝クラス,202406040508,2400,ダ,良,曇,12,3歳以上1勝クラス,
2024-09-16_中山09R_鋸山特別,202406040509,1800,ダ,良,曇,16,鋸山特別,
2024-09-16_中山10R_習志野特別,202406040510,2000,芝,良,曇,10,習志野特別,
2024-09-16_中山11R_セントライト記念,202406040511,2200,芝,良,曇,14,セントライト記念,G2
2024-09-16_中山12R_3歳以上1勝クラス,202406040512,1200,ダ,良,曇,16,3歳以上1勝クラス,
2024-09-21_中山01R_2歳未勝利,202406040601,1200,ダ,良,曇,11,2歳未勝利,
2024-09-21_中山02R_2歳未勝利,202406040602,1600,芝,良,曇,13,2歳未勝利,
2024-09-21_中山03R_2歳新馬,202406040603,1800,ダ,良,曇,16,2歳新馬,
2024-09-21_中山04R_3歳以上1勝クラス,202406040604,1200,芝,良,曇,15,3歳以上1勝クラス,
2024-09-21_中山05R_2歳新馬,202406040605,1600,芝,良,曇,16,2歳新馬,
2024-09-21_中山06R_3歳以上1勝クラス,202406040606,2000,芝,良,曇,13,3歳以上1勝クラス,
2024-09-21_中山07R_3歳以上1勝クラス,202406040607,1800,ダ,良,曇,14,3歳以上1勝クラス,
2024-09-21_中山08R_清秋JS,202406040608,3210,障,良,曇,12,清秋JS,OP
2024-09-21_中山09R_カンナS,202406040609,1200,芝,良,曇,8,カンナS,OP
2024-09-21_中山10R_九十九里特別,202406040610,2500,芝,良,曇,11,九十九里特別,
2024-09-21_中山11R_ながつきS,202406040611,1200,ダ,良,曇,15,ながつきS,OP
2024-09-21_中山12R_3歳以上2勝クラス,202406040612,1800,ダ,良,曇,16,3歳以上2勝クラス,
2024-09-22_中山01R_2歳未勝利,202406040701,1800,ダ,良,曇,12,2歳未勝利,
2024-09-22_中山02R_2歳未勝利,202406040702,1200,芝,良,曇,10,2歳未勝利,
2024-09-22_中山03R_2歳未勝利,202406040703,1800,芝,良,曇,13,2歳未勝利,
2024-09-22_中山04R_2歳新馬,202406040704,1200,ダ,良,曇,15,2歳新馬,
2024-09-22_中山05R_2歳新馬,202406040705,1800,芝,良,曇,14,2歳新馬,
2024-09-22_中山06R_3歳以上1勝クラス,202406040706,1800,ダ,良,曇,12,3歳以上1勝クラス,
2024-09-22_中山07R_3歳以上1勝クラス,202406040707,1600,芝,良,曇,16,3歳以上1勝クラス,
2024-09-22_中山08R_3歳以上1勝クラス,202406040708,1200,ダ,良,曇,16,3歳以上1勝クラス,
2024-09-22_中山09R_木更津特別,202406040709,1600,芝,良,曇,13,木更津特別,
2024-09-22_中山10R_内房S,202406040710,1800,ダ,良,曇,14,内房S,
2024-09-22_中山11R_オールカマー,202406040711,2200,芝,良,曇,15,オールカマー,G2
2024-09-22_中山12R_3歳以上2勝クラス,202406040712,1200,ダ,良,曇,15,3歳以上2勝クラス,
2024-09-28_中山01R_3歳以上障害未勝利,202406040801,2880,障,良,曇,10,3歳以上障害未勝利,
2024-09-28_中山02R_2歳未勝利,202406040802,1200,芝,良,曇,13,2歳未勝利,
2024-09-28_中山03R_2歳未勝利,202406040803,1800,ダ,良,曇,16,2歳未勝利,
2024-09-28_中山04R_2歳未勝利,202406040804,2000,芝,良,曇,17,2歳未勝利,
2024-09-28_中山05R_2歳新馬,202406040805,1600,芝,良,曇,16,2歳新馬,
2024-09-28_中山06R_2歳新馬,202406040806,1200,ダ,良,曇,16,2歳新馬,
2024-09-28_中山07R_3歳以上1勝クラス,202406040807,1800,ダ,良,曇,16,3歳以上1勝クラス,
2024-09-28_中山08R_3歳以上1勝クラス,202406040808,1200,ダ,良,曇,16,3歳以上1勝クラス,
2024-09-28_中山09R_芙蓉S,202406040809,2000,芝,良,曇,9,芙蓉S,OP
2024-09-28_中山10R_茨城新聞杯,202406040810,1200,芝,良,曇,14,茨城新聞杯,
2024-09-28_中山11R_秋風S,202406040811,1600,芝,良,曇,16,秋風S,
2024-09-28_中山12R_3歳以上2勝クラス,202406040812,1200,ダ,良,曇,16,3歳以上2勝クラス,
2024-09-29_中山01R_2歳未勝利,202406040901,1200,ダ,良,曇,16,2歳未勝利,
2024-09-29_中山02R_2歳未勝利,202406040902,1600,芝,良,曇,11,2歳未勝利,
2024-09-29_中山03R_2歳新馬,202406040903,1200,芝,良,曇,16,2歳新馬,
2024-09-29_中山04R_3歳以上1勝クラス,202406040904,1800,ダ,良,曇,16,3歳以上1勝クラス,
2024-09-29_中山05R_2歳新馬,202406040905,2000,芝,良,曇,17,2歳新馬,
2024-09-29_中山06R_3歳以上1勝クラス,202406040906,1200,ダ,良,曇,16,3歳以上1勝クラス,
2024-09-29_中山07R_3歳以上1勝クラス,202406040907,2200,芝,良,曇,17,3歳以上1勝クラス,
2024-09-29_中山08R_3歳以上2勝クラス,202406040908,1800,ダ,良,曇,13,3歳以上2勝クラス,
2024-09-29_中山09R_サフラン賞,202406040909,1600,芝,良,曇,9,サフラン賞,
2024-09-29_中山10R_サクラバクシンオーC,202406040910,1800,芝,良,曇,14,サクラバクシンオーC,
2024-09-29_中山11R_スプリンターズS,202406040911,1200,芝,良,曇,16,スプリンターズS,G1
2024-09-29_中山12R_外房S,202406040912,1200,ダ,良,曇,16,外房S,
2024-11-30_中山01R_2歳未勝利,202406050101,1200,ダ,稍,晴,16,2歳未勝利,
2024-11-30_中山02R_2歳未勝利,202406050102,1800,ダ,稍,晴,16,2歳未勝利,
2024-11-30_中山03R_2歳未勝利,202406050103,2000,芝,良,晴,14,2歳未勝利,
2024-11-30_中山04R_2歳未勝利,202406050104,1800,ダ,稍,晴,15,2歳未勝利,
2024-11-30_中山05R_2歳新馬,202406050105,1200,芝,良,晴,16,2歳新馬,
2024-11-30_中山06R_2歳新馬,202406050106,1800,ダ,稍,晴,13,2歳新馬,
2024-11-30_中山07R_3歳以上1勝クラス,202406050107,1200,ダ,稍,晴,16,3歳以上1勝クラス,
2024-11-30_中山08R_イルミネーションJS,202406050108,3570,障,良,晴,13,イルミネーションJS,OP
2024-11-30_中山09R_葉牡丹賞,202406050109,2000,芝,良,晴,12,葉牡丹賞,
2024-11-30_中山10R_鹿島特別,202406050110,1800,ダ,稍,晴,15,鹿島特別,
2024-11-30_中山11R_ステイヤーズS,202406050111,3600,芝,良,晴,14,ステイヤーズS,G2
2024-11-30_中山12R_3歳以上2勝クラス,202406050112,1200,芝,良,晴,15,3歳以上2勝クラス,
2024-12-01_中山01R_2歳未勝利,202406050201,1200,ダ,良,晴,16,2歳未勝利,
2024-12-01_中山02R_2歳未勝利,202406050202,1800,ダ,良,晴,16,2歳未勝利,
2024-12-01_中山03R_2歳未勝利,202406050203,1600,芝,良,晴,15,2歳未勝利,
2024-12-01_中山04R_2歳新馬,202406050204,1200,ダ,良,晴,15,2歳新馬,
2024-12-01_中山05R_2歳新馬,202406050205,2000,芝,良,晴,18,2歳新馬,
2024-12-01_中山06R_2歳1勝クラス,202406050206,1200,ダ,良,晴,9,2歳1勝クラス,
2024-12-01_中山07R_3歳以上1勝クラス,202406050207,1800,ダ,良,晴,13,3歳以上1勝クラス,
2024-12-01_中山08R_3歳以上2勝クラス,202406050208,2500,芝,良,晴,11,3歳以上2勝クラス,
2024-12-01_中山09R_南総S,202406050209,1200,芝,良,晴,16,南総S,
2024-12-01_中山10R_市川S,202406050210,1800,ダ,良,晴,16,市川S,
2024-12-01_中山11R_ラピスラズリS,202406050211,1200,芝,良,晴,16,ラピスラズリS,L
2024-12-01_中山12R_3歳以上2勝クラス,202406050212,1200,ダ,良,晴,16,3歳以上2勝クラス,
2024-12-07_中山01R_2歳未勝利,202406050301,1200,ダ,良,晴,16,2歳未勝利,
2024-12-07_中山02R_2歳未勝利,202406050302,1800,ダ,良,晴,12,2歳未勝利,
2024-12-07_中山03R_2歳未勝利,202406050303,2000,芝,良,晴,15,2歳未勝利,
2024-12-07_中山04R_2歳未勝利,202406050304,1800,ダ,良,晴,12,2歳未勝利,
2024-12-07_中山05R_2歳新馬,202406050305,1600,芝,良,晴,16,2歳新馬,
2024-12-07_中山06R_2歳新馬,202406050306,1800,ダ,良,晴,12,2歳新馬,
2024-12-07_中山07R_3歳以上1勝クラス,202406050307,1800,芝,良,晴,16,3歳以上1勝クラス,
2024-12-07_中山08R_3歳以上1勝クラス,202406050308,1800,ダ,良,晴,16,3歳以上1勝クラス,
2024-12-07_中山09R_黒松賞,202406050309,1200,芝,良,晴,13,黒松賞,
2024-12-07_中山10R_アクアラインS,202406050310,1200,ダ,良,晴,16,アクアラインS,
2024-12-07_中山11R_常総S,202406050311,1800,芝,良,晴,15,常総S,
2024-12-07_中山12R_3歳以上2勝クラス,202406050312,1800,ダ,良,晴,16,3歳以上2勝クラス,
2024-12-08_中山01R_2歳未勝利,202406050401,1200,ダ,良,晴,15,2歳未勝利,
2024-12-08_中山02R_2歳未勝利,202406050402,1200,芝,良,晴,16,2歳未勝利,
2024-12-08_中山03R_2歳未勝利,202406050403,1800,芝,良,晴,12,2歳未勝利,
2024-12-08_中山04R_3歳以上障害未勝利,202406050404,2880,障,良,晴,11,3歳以上障害未勝利,
2024-12-08_中山05R_2歳新馬,202406050405,1800,芝,良,晴,16,2歳新馬,
2024-12-08_中山06R_2歳新馬,202406050406,1800,ダ,良,晴,13,2歳新馬,
2024-12-08_中山07R_2歳1勝クラス,202406050407,1800,ダ,良,晴,13,2歳1勝クラス,
2024-12-08_中山08R_3歳以上1勝クラス,202406050408,2500,ダ,良,晴,14,3歳以上1勝クラス,
2024-12-08_中山09R_チバテレ杯,202406050409,2000,芝,良,晴,16,チバテレ杯,
2024-12-08_中山10R_師走S,202406050410,1800,ダ,良,晴,16,師走S,L
2024-12-08_中山11R_カペラS,202406050411,1200,ダ,良,晴,16,カペラS,G3
2024-12-08_中山12R_3歳以上2勝クラス,202406050412,1600,芝,良,晴,16,3歳以上2勝クラス,
2024-12-14_中山01R_2歳未勝利,202406050501,1200,ダ,良,晴,16,2歳未勝利,
2024-12-14_中山02R_2歳未勝利,202406050502,1800,ダ,良,晴,16,2歳未勝利,
2024-12-14_中山03R_2歳未勝利,202406050503,1200,ダ,良,晴,16,2歳未勝利,
2024-12-14_中山04R_2歳未勝利,202406050504,1800,ダ,良,晴,16,2歳未勝利,
2024-12-14_中山05R_2歳新馬,202406050505,2000,芝,良,晴,15,2歳新馬,
2024-12-14_中山06R_2歳新馬,202406050506,1800,ダ,良,晴,15,2歳新馬,
2024-12-14_中山07R_2歳未勝利,202406050507,1800,芝,良,晴,16,2歳未勝利,
2024-12-14_中山08R_3歳以上1勝クラス,202406050508,1800,ダ,良,晴,16,3歳以上1勝クラス,
2024-12-14_中山09R_ひいらぎ賞,202406050509,1600,芝,良,晴,13,ひいらぎ賞,
2024-12-14_中山10R_霞ヶ浦特別,202406050510,1800,芝,良,晴,16,霞ヶ浦特別,
2024-12-14_中山11R_ターコイズS,202406050511,1600,芝,良,晴,16,ターコイズS,G3
2024-12-14_中山12R_3歳以上2勝クラス,202406050512,1200,ダ,良,晴,16,3歳以上2勝クラス,
2024-12-15_中山01R_2歳未勝利,202406050601,1200,ダ,良,晴,16,2歳未勝利,
2024-12-15_中山02R_2歳未勝利,202406050602,1800,ダ,良,晴,16,2歳未勝利,
2024-12-15_中山03R_2歳未勝利,202406050603,1600,芝,良,晴,16,2歳未勝利,
2024-12-15_中山04R_3歳以上障害未勝利,202406050604,2880,障,良,晴,14,3歳以上障害未勝利,
2024-12-15_中山05R_2歳新馬,202406050605,1600,芝,良,晴,16,2歳新馬,
2024-12-15_中山06R_2歳新馬,202406050606,1200,ダ,良,晴,16,2歳新馬,
2024-12-15_中山07R_2歳未勝利,202406050607,2000,芝,良,晴,18,2歳未勝利,
2024-12-15_中山08R_3歳以上1勝クラス,202406050608,1200,ダ,良,晴,16,3歳以上1勝クラス,
2024-12-15_中山09R_香取特別,202406050609,2400,ダ,良,晴,14,香取特別,
2024-12-15_中山10R_北総S,202406050610,1800,ダ,良,晴,16,北総S,
2024-12-15_中山11R_ディセンバーS,202406050611,1800,芝,良,晴,16,ディセンバーS,L
2024-12-15_中山12R_3歳以上1勝クラス,202406050612,1600,芝,良,晴,16,3歳以上1勝クラス,
2024-12-21_中山01R_2歳未勝利,202406050701,1200,ダ,良,晴,16,2歳未勝利,
2024-12-21_中山02R_2歳未勝利,202406050702,1800,ダ,良,晴,16,2歳未勝利,
2024-12-21_中山03R_2歳未勝利,202406050703,1600,芝,良,晴,16,2歳未勝利,
2024-12-21_中山04R_2歳未勝利,202406050704,1800,ダ,良,晴,16,2歳未勝利,
2024-12-21_中山05R_2歳新馬,202406050705,1800,芝,良,晴,16,2歳新馬,
2024-12-21_中山06R_2歳新馬,202406050706,1800,ダ,良,晴,15,2歳新馬,
2024-12-21_中山07R_2歳1勝クラス,202406050707,1200,ダ,良,晴,16,2歳1勝クラス,
2024-12-21_中山08R_3歳以上1勝クラス,202406050708,1200,ダ,良,晴,16,3歳以上1勝クラス,
2024-12-21_中山09R_ノエル賞,202406050709,2200,芝,良,晴,18,ノエル賞,
2024-12-21_中山10R_中山大障害,202406050710,4100,障,良,晴,9,中山大障害,
2024-12-21_中山11R_グレイトフルS,202406050711,2500,芝,良,晴,16,グレイトフルS,
2024-12-21_中山12R_クリスマスC,202406050712,1200,芝,良,晴,16,クリスマスC,
2024-12-22_中山01R_2歳未勝利,202406050801,1200,ダ,良,晴,16,2歳未勝利,
2024-12-22_中山02R_2歳未勝利,202406050802,1800,ダ,良,晴,16,2歳未勝利,
2024-12-22_中山03R_2歳未勝利,202406050803,1200,芝,良,晴,16,2歳未勝利,
2024-12-22_中山04R_2歳未勝利,202406050804,2000,芝,良,晴,18,2歳未勝利,
2024-12-22_中山05R_2歳新馬,202406050805,1200,ダ,良,晴,16,2歳新馬,
2024-12-22_中山06R_2歳新馬,202406050806,1600,芝,良,晴,15,2歳新馬,
2024-12-22_中山07R_3歳以上1勝クラス,202406050807,1800,ダ,良,晴,16,3歳以上1勝クラス,
2024-12-22_中山08R_冬至特別,202406050808,1200,ダ,良,晴,16,冬至特別,
2024-12-22_中山09R_グッドラックHC,202406050809,2500,芝,良,晴,16,グッドラックHC,
2024-12-22_中山10R_オルフェーヴルC,202406050810,1600,芝,良,晴,16,オルフェーヴルC,
2024-12-22_中山11R_有馬記念,202406050811,2500,芝,良,晴,16,有馬記念,G1
2024-12-22_中山12R_フェアウェルS,202406050812,1200,ダ,良,晴,16,フェアウェルS,
2024-12-28_中山01R_2歳未勝利,202406050901,1200,ダ,良,晴,16,2歳未勝利,
2024-12-28_中山02R_2歳未勝利,202406050902,1800,ダ,良,晴,16,2歳未勝利,
2024-12-28_中山03R_2歳未勝利,202406050903,1600,芝,良,晴,16,2歳未勝利,
2024-12-28_中山04R_2歳未勝利,202406050904,1800,芝,良,晴,16,2歳未勝利,
2024-12-28_中山05R_2歳新馬,202406050905,2000,芝,良,晴,18,2歳新馬,
2024-12-28_中山06R_2歳新馬,202406050906,1200,ダ,良,晴,16,2歳新馬,
2024-12-28_中山07R_3歳以上1勝クラス,202406050907,1800,芝,良,晴,16,3歳以上1勝クラス,
2024-12-28_中山08R_3歳以上1勝クラス,202406050908,1200,ダ,良,晴,16,3歳以上1勝クラス,
2024-12-28_中山09R_ベストウィッシュC,202406050909,1200,ダ,良,晴,16,ベストウィッシュC,
2024-12-28_中山10R_コントレイルC,202406050910,1800,ダ,良,晴,16,コントレイルC,
2024-12-28_中山11R_ホープフルS,202406050911,2000,芝,良,晴,18,ホープフルS,G1
2024-12-28_中山12R_ファイナルS,202406050912,1600,芝,良,晴,16,ファイナルS,
2024-03-09_中京01R_3歳未勝利,202407010101,1400,ダ,稍,晴,16,3歳未勝利,
2024-03-09_中京02R_3歳未勝利,202407010102,1400,芝,良,晴,18,3歳未勝利,
2024-03-09_中京03R_3歳未勝利,202407010103,2000,芝,良,晴,12,3歳未勝利,
2024-03-09_中京04R_3歳未勝利,202407010104,1800,ダ,稍,晴,11,3歳未勝利,
2024-03-09_中京05R_3歳未勝利,202407010105,1600,芝,良,晴,15,3歳未勝利,
2024-03-09_中京06R_3歳1勝クラス,202407010106,1800,ダ,稍,晴,14,3歳1勝クラス,
2024-03-09_中京07R_4歳以上1勝クラス,202407010107,2200,芝,良,晴,9,4歳以上1勝クラス,
2024-03-09_中京08R_4歳以上1勝クラス,202407010108,1800,ダ,良,晴,8,4歳以上1勝クラス,
2024-03-09_中京09R_伊良湖特別,202407010109,1200,ダ,良,曇,16,伊良湖特別,
2024-03-09_中京10R_恋路ケ浜特別,202407010110,2000,芝,良,曇,10,恋路ケ浜特別,
2024-03-09_中京11R_中京スポーツ杯,202407010111,1400,ダ,良,晴,12,中京スポーツ杯,
2024-03-09_中京12R_4歳以上1勝クラス,202407010112,1400,芝,良,晴,18,4歳以上1勝クラス,
2024-03-10_中京01R_3歳未勝利,202407010201,1800,ダ,良,晴,13,3歳未勝利,
2024-03-10_中京02R_3歳未勝利,202407010202,1200,ダ,良,晴,16,3歳未勝利,
2024-03-10_中京03R_3歳未勝利,202407010203,1400,芝,良,晴,18,3歳未勝利,
2024-03-10_中京04R_3歳未勝利,202407010204,1900,ダ,良,晴,11,3歳未勝利,
2024-03-10_中京05R_3歳未勝利,202407010205,2200,芝,良,晴,11,3歳未勝利,
2024-03-10_中京06R_4歳以上1勝クラス,202407010206,1800,ダ,良,晴,10,4歳以上1勝クラス,
2024-03-10_中京07R_4歳以上1勝クラス,202407010207,1600,芝,良,晴,10,4歳以上1勝クラス,
2024-03-10_中京08R_4歳以上1勝クラス,202407010208,2000,芝,良,晴,8,4歳以上1勝クラス,
2024-03-10_中京09R_岡崎特別,202407010209,1400,芝,良,晴,11,岡崎特別,
2024-03-10_中京10R_昇竜S,202407010210,1400,ダ,良,晴,9,昇竜S,OP
2024-03-10_中京11R_金鯱賞,202407010211,2000,芝,良,晴,13,金鯱賞,G2
2024-03-10_中京12R_4歳以上1勝クラス,202407010212,1400,ダ,良,晴,16,4歳以上1勝クラス,
2024-03-16_中京01R_3歳未勝利,202407010301,1200,ダ,良,晴,16,3歳未勝利,
2024-03-16_中京02R_3歳未勝利,202407010302,1800,ダ,良,晴,13,3歳未勝利,
2024-03-16_中京03R_3歳未勝利,202407010303,1200,芝,良,晴,18,3歳未勝利,
2024-03-16_中京04R_3歳未勝利,202407010304,2000,芝,良,晴,12,3歳未勝利,
2024-03-16_中京05R_3歳未勝利,202407010305,1900,ダ,良,晴,15,3歳未勝利,
2024-03-16_中京06R_4歳以上1勝クラス,202407010306,2000,芝,良,晴,8,4歳以上1勝クラス,
2024-03-16_中京07R_4歳以上1勝クラス,202407010307,2000,芝,良,晴,6,4歳以上1勝クラス,
2024-03-16_中京08R_4歳以上1勝クラス,202407010308,1600,芝,良,晴,13,4歳以上1勝クラス,
2024-03-16_中京09R_弥富特別,202407010309,1900,ダ,良,晴,16,弥富特別,
2024-03-16_中京10R_豊橋S,202407010310,1600,芝,良,晴,16,豊橋S,
2024-03-16_中京11R_ファルコンS,202407010311,1400,芝,良,晴,17,ファルコンS,G3
2024-03-16_中京12R_4歳以上1勝クラス,202407010312,1400,ダ,良,晴,16,4歳以上1勝クラス,
2024-03-17_中京01R_3歳未勝利,202407010401,1800,ダ,良,曇,15,3歳未勝利,
2024-03-17_中京02R_3歳未勝利,202407010402,1400,ダ,良,曇,16,3歳未勝利,
2024-03-17_中京03R_3歳未勝利,202407010403,2000,芝,良,曇,18,3歳未勝利,
2024-03-17_中京04R_3歳未勝利,202407010404,1600,芝,良,曇,16,3歳未勝利,
2024-03-17_中京05R_3歳未勝利,202407010405,2000,芝,良,曇,16,3歳未勝利,
2024-03-17_中京06R_4歳以上1勝クラス,202407010406,1900,ダ,良,曇,11,4歳以上1勝クラス,
2024-03-17_中京07R_4歳以上1勝クラス,202407010407,1400,芝,良,曇,16,4歳以上1勝クラス,
2024-03-17_中京08R_4歳以上1勝クラス,202407010408,1800,ダ,良,曇,10,4歳以上1勝クラス,
2024-03-17_中京09R_フローラルウォーク賞,202407010409,1600,芝,良,曇,10,フローラルウォーク賞,
2024-03-17_中京10R_熱田特別,202407010410,1400,芝,良,曇,12,熱田特別,
2024-03-17_中京11R_名古屋城S,202407010411,1800,ダ,良,小雨,13,名古屋城S,OP
2024-03-17_中京12R_4歳以上1勝クラス,202407010412,1200,ダ,良,小雨,16,4歳以上1勝クラス,
2024-03-23_中京01R_3歳未勝利,202407010501,1800,ダ,稍,雨,16,3歳未勝利,
2024-03-23_中京02R_3歳未勝利,202407010502,1400,芝,重,雨,18,3歳未勝利,
2024-03-23_中京03R_3歳未勝利,202407010503,1400,ダ,重,雨,16,3歳未勝利,
2024-03-23_中京04R_3歳未勝利,202407010504,1600,芝,重,雨,16,3歳未勝利,
2024-03-23_中京05R_3歳未勝利,202407010505,2200,芝,重,雨,14,3歳未勝利,
2024-03-23_中京06R_3歳未勝利,202407010506,1900,ダ,重,雨,16,3歳未勝利,
2024-03-23_中京07R_4歳以上1勝クラス,202407010507,1600,芝,重,雨,14,4歳以上1勝クラス,
2024-03-23_中京08R_4歳以上1勝クラス,202407010508,1400,ダ,重,雨,16,4歳以上1勝クラス,
2024-03-23_中京09R_金山特別,202407010509,2000,芝,重,小雨,8,金山特別,
2024-03-23_中京10R_熊野特別,202407010510,2200,芝,重,小雨,10,熊野特別,
2024-03-23_中京11R_伊勢S,202407010511,1900,ダ,重,小雨,16,伊勢S,
2024-03-23_中京12R_4歳以上1勝クラス,202407010512,1200,ダ,重,曇,16,4歳以上1勝クラス,
2024-03-24_中京01R_3歳未勝利,202407010601,1200,ダ,重,曇,16,3歳未勝利,
2024-03-24_中京02R_3歳未勝利,202407010602,2000,芝,重,小雨,18,3歳未勝利,
2024-03-24_中京03R_3歳未勝利,202407010603,1800,ダ,重,小雨,14,3歳未勝利,
2024-03-24_中京04R_3歳未勝利,202407010604,2000,芝,重,小雨,16,3歳未勝利,
2024-03-24_中京05R_4歳以上1勝クラス,202407010605,1600,芝,重,小雨,13,4歳以上1勝クラス,
2024-03-24_中京06R_4歳以上1勝クラス,202407010606,1800,ダ,重,小雨,11,4歳以上1勝クラス,
2024-03-24_中京07R_4歳以上1勝クラス,202407010607,2200,芝,重,小雨,9,4歳以上1勝クラス,
2024-03-24_中京08R_4歳以上1勝クラス,202407010608,1200,芝,重,小雨,16,4歳以上1勝クラス,
2024-03-24_中京09R_大寒桜賞,202407010609,2200,芝,重,小雨,10,大寒桜賞,
2024-03-24_中京10R_ロードカナロアC,202407010610,1800,ダ,重,小雨,16,ロードカナロアC,
2024-03-24_中京11R_高松宮記念,202407010611,1200,芝,重,小雨,18,高松宮記念,G1
2024-03-24_中京12R_鈴鹿特別,202407010612,1400,ダ,重,小雨,16,鈴鹿特別,
2024-08-10_中京01R_3歳以上障害未勝利,202407020101,3000,障,良,晴,10,3歳以上障害未勝利,
2024-08-10_中京02R_2歳未勝利,202407020102,1200,ダ,良,晴,16,2歳未勝利,
2024-08-10_中京03R_3歳未勝利,202407020103,1800,ダ,良,晴,16,3歳未勝利,
2024-08-10_中京04R_3歳以上障害OP,202407020104,3300,障,良,晴,6,3歳以上障害OP,OP
2024-08-10_中京05R_2歳新馬,202407020105,1200,芝,良,晴,14,2歳新馬,
2024-08-10_中京06R_3歳未勝利,202407020106,1800,ダ,良,晴,16,3歳未勝利,
2024-08-10_中京07R_3歳未勝利,202407020107,1200,芝,良,晴,18,3歳未勝利,
2024-08-10_中京08R_3歳以上1勝クラス,202407020108,1800,ダ,良,晴,15,3歳以上1勝クラス,
2024-08-10_中京09R_木曽川特別,202407020109,2000,芝,良,晴,11,木曽川特別,
2024-08-10_中京10R_日進特別,202407020110,1800,ダ,良,晴,16,日進特別,
2024-08-10_中京11R_関ケ原S,202407020111,2000,芝,良,晴,9,関ケ原S,
2024-08-10_中京12R_3歳以上1勝クラス,202407020112,1400,ダ,良,晴,16,3歳以上1勝クラス,
2024-08-11_中京01R_2歳未勝利,202407020201,1600,芝,良,晴,8,2歳未勝利,
2024-08-11_中京02R_3歳未勝利,202407020202,1200,ダ,良,晴,16,3歳未勝利,
2024-08-11_中京03R_3歳未勝利,202407020203,2000,芝,良,晴,18,3歳未勝利,
2024-08-11_中京04R_3歳未勝利,202407020204,1900,ダ,良,晴,16,3歳未勝利,
2024-08-11_中京05R_2歳新馬,202407020205,2000,芝,良,晴,9,2歳新馬,
2024-08-11_中京06R_3歳未勝利,202407020206,1400,ダ,良,晴,16,3歳未勝利,
2024-08-11_中京07R_3歳以上1勝クラス,202407020207,2000,芝,良,晴,9,3歳以上1勝クラス,
2024-08-11_中京08R_3歳以上1勝クラス,202407020208,1800,ダ,良,晴,13,3歳以上1勝クラス,
2024-08-11_中京09R_鞍ケ池特別,202407020209,1600,芝,良,晴,10,鞍ケ池特別,
2024-08-11_中京10R_三河S,202407020210,1800,ダ,良,晴,10,三河S,
2024-08-11_中京11R_小倉記念,202407020211,2000,芝,良,晴,12,小倉記念,G3
2024-08-11_中京12R_知多特別,202407020212,1200,芝,良,晴,10,知多特別,
2024-08-17_中京01R_2歳未勝利,202407020301,1200,芝,良,晴,10,2歳未勝利,
2024-08-17_中京02R_3歳未勝利,202407020302,1800,ダ,良,晴,16,3歳未勝利,
2024-08-17_中京03R_3歳未勝利,202407020303,1900,ダ,良,晴,11,3歳未勝利,
2024-08-17_中京04R_3歳未勝利,202407020304,1200,ダ,良,晴,16,3歳未勝利,
2024-08-17_中京05R_2歳新馬,202407020305,1400,芝,良,晴,18,2歳新馬,
2024-08-17_中京06R_2歳新馬,202407020306,1800,ダ,良,晴,16,2歳新馬,
2024-08-17_中京07R_3歳未勝利,202407020307,1600,芝,良,晴,16,3歳未勝利,
2024-08-17_中京08R_3歳以上1勝クラス,202407020308,1800,ダ,良,晴,11,3歳以上1勝クラス,
2024-08-17_中京09R_御在所特別,202407020309,2000,芝,良,晴,9,御在所特別,
2024-08-17_中京10R_四日市特別,202407020310,1400,ダ,良,晴,16,四日市特別,
2024-08-17_中京11R_豊明S,202407020311,1400,芝,良,晴,14,豊明S,
2024-08-17_中京12R_3歳以上1勝クラス,202407020312,1200,芝,良,晴,18,3歳以上1勝クラス,
2024-08-18_中京01R_3歳以上障害未勝利,202407020401,3000,障,良,晴,12,3歳以上障害未勝利,
2024-08-18_中京02R_3歳未勝利,202407020402,1800,ダ,良,晴,13,3歳未勝利,
2024-08-18_中京03R_2歳未勝利,202407020403,2000,芝,良,晴,6,2歳未勝利,
2024-08-18_中京04R_3歳未勝利,202407020404,1400,ダ,良,晴,16,3歳未勝利,
2024-08-18_中京05R_2歳新馬,202407020405,1600,芝,良,晴,16,2歳新馬,
2024-08-18_中京06R_3歳未勝利,202407020406,2000,芝,良,晴,18,3歳未勝利,
2024-08-18_中京07R_3歳以上1勝クラス,202407020407,1800,ダ,良,晴,13,3歳以上1勝クラス,
2024-08-18_中京08R_3歳以上1勝クラス,202407020408,1400,ダ,良,晴,16,3歳以上1勝クラス,
2024-08-18_中京09R_濃尾特別,202407020409,1800,ダ,良,晴,16,濃尾特別,
2024-08-18_中京10R_中京スポニチ賞,202407020410,1400,芝,良,晴,16,中京スポニチ賞,
2024-08-18_中京11R_CBC賞,202407020411,1200,芝,良,晴,18,CBC賞,G3
2024-08-18_中京12R_3歳以上1勝クラス,202407020412,1200,ダ,良,晴,16,3歳以上1勝クラス,
2024-08-24_中京01R_2歳未勝利,202407020501,1600,芝,良,晴,9,2歳未勝利,
2024-08-24_中京02R_3歳未勝利,202407020502,1400,ダ,良,晴,16,3歳未勝利,
2024-08-24_中京03R_3歳未勝利,202407020503,1200,ダ,良,晴,16,3歳未勝利,
2024-08-24_中京04R_小倉SJ,202407020504,3300,障,良,晴,6,小倉SJ,
2024-08-24_中京05R_2歳新馬,202407020505,1600,芝,良,晴,16,2歳新馬,
2024-08-24_中京06R_3歳未勝利,202407020506,1800,ダ,良,晴,16,3歳未勝利,
2024-08-24_中京07R_3歳未勝利,202407020507,2000,芝,良,晴,18,3歳未勝利,
2024-08-24_中京08R_3歳以上1勝クラス,202407020508,1800,ダ,良,晴,13,3歳以上1勝クラス,
2024-08-24_中京09R_揖斐川特別,202407020509,2200,芝,良,晴,13,揖斐川特別,
2024-08-24_中京10R_清洲特別,202407020510,1200,ダ,良,晴,16,清洲特別,
2024-08-24_中京11R_瀬戸S,202407020511,1900,ダ,良,晴,15,瀬戸S,
2024-08-24_中京12R_3歳以上1勝クラス,202407020512,1400,芝,良,晴,18,3歳以上1勝クラス,
2024-08-25_中京01R_2歳未勝利,202407020601,1400,芝,良,曇,13,2歳未勝利,
2024-08-25_中京02R_3歳未勝利,202407020602,1800,ダ,良,晴,16,3歳未勝利,
2024-08-25_中京03R_3歳未勝利,202407020603,2200,芝,良,晴,18,3歳未勝利,
2024-08-25_中京04R_3歳未勝利,202407020604,1400,芝,良,曇,17,3歳未勝利,
2024-08-25_中京05R_2歳新馬,202407020605,2000,芝,良,曇,10,2歳新馬,
2024-08-25_中京06R_3歳以上1勝クラス,202407020606,1400,ダ,良,曇,16,3歳以上1勝クラス,
2024-08-25_中京07R_3歳以上1勝クラス,202407020607,1900,ダ,良,曇,14,3歳以上1勝クラス,
2024-08-25_中京08R_3歳以上1勝クラス,202407020608,1600,芝,良,曇,16,3歳以上1勝クラス,
2024-08-25_中京09R_大府特別,202407020609,1800,ダ,良,曇,16,大府特別,
2024-08-25_中京10R_長久手特別,202407020610,2000,芝,良,曇,7,長久手特別,
2024-08-25_中京11R_名鉄杯,202407020611,1800,ダ,良,曇,13,名鉄杯,OP
2024-08-25_中京12R_3歳以上1勝クラス,202407020612,1200,ダ,良,曇,15,3歳以上1勝クラス,
2024-08-31_中京01R_2歳未勝利,202407020701,1800,ダ,不,小雨,11,2歳未勝利,
2024-08-31_中京02R_2歳未勝利,202407020702,1400,芝,重,小雨,9,2歳未勝利,
2024-08-31_中京03R_3歳未勝利,202407020703,1200,ダ,不,小雨,16,3歳未勝利,
2024-08-31_中京04R_3歳未勝利,202407020704,1400,芝,重,小雨,18,3歳未勝利,
2024-08-31_中京05R_2歳新馬,202407020705,2000,芝,重,小雨,8,2歳新馬,
2024-08-31_中京06R_2歳新馬,202407020706,1400,ダ,不,雨,16,2歳新馬,
2024-08-31_中京07R_3歳未勝利,202407020707,1600,芝,不,雨,16,3歳未勝利,
2024-08-31_中京08R_3歳以上1勝クラス,202407020708,1800,ダ,不,雨,9,3歳以上1勝クラス,
2024-08-31_中京09R_香嵐渓特別,202407020709,2000,芝,不,雨,10,香嵐渓特別,
2024-08-31_中京10R_鳥羽特別,202407020710,1400,ダ,不,小雨,15,鳥羽特別,
2024-08-31_中京11R_長篠S,202407020711,1200,芝,不,小雨,18,長篠S,
2024-08-31_中京12R_3歳以上1勝クラス,202407020712,1400,ダ,不,小雨,13,3歳以上1勝クラス,
2024-09-01_中京01R_3歳以上障害未勝利,202407020801,3000,障,不,曇,9,3歳以上障害未勝利,
2024-09-01_中京02R_3歳未勝利,202407020802,1800,ダ,不,曇,16,3歳未勝利,
2024-09-01_中京03R_2歳未勝利,202407020803,2000,芝,重,小雨,8,2歳未勝利,
2024-09-01_中京04R_3歳未勝利,202407020804,1400,ダ,不,曇,16,3歳未勝利,
2024-09-01_中京05R_2歳新馬,202407020805,1400,芝,重,雨,11,2歳新馬,
2024-09-01_中京06R_3歳未勝利,202407020806,2000,芝,重,曇,18,3歳未勝利,
2024-09-01_中京07R_3歳以上1勝クラス,202407020807,1800,ダ,不,曇,11,3歳以上1勝クラス,
2024-09-01_中京08R_3歳以上1勝クラス,202407020808,1400,芝,重,曇,18,3歳以上1勝クラス,
2024-09-01_中京09R_有松特別,202407020809,1600,芝,重,曇,8,有松特別,
2024-09-01_中京10R_桶狭間S,202407020810,1400,ダ,重,曇,16,桶狭間S,
2024-09-01_中京11R_小倉2歳S,202407020811,1200,芝,重,曇,13,小倉2歳S,G3
2024-09-01_中京12R_3歳以上1勝クラス,202407020812,1200,ダ,重,曇,16,3歳以上1勝クラス,
2024-09-07_中京01R_2歳未勝利,202407030101,1400,ダ,良,晴,10,2歳未勝利,
2024-09-07_中京02R_2歳未勝利,202407030102,1800,ダ,良,晴,8,2歳未勝利,
2024-09-07_中京03R_2歳未勝利,202407030103,2000,芝,良,晴,5,2歳未勝利,
2024-09-07_中京04R_2歳新馬,202407030104,1800,ダ,良,晴,10,2歳新馬,
2024-09-07_中京05R_2歳新馬,202407030105,1600,芝,良,晴,8,2歳新馬,
2024-09-07_中京06R_3歳以上1勝クラス,202407030106,1200,ダ,良,晴,14,3歳以上1勝クラス,
2024-09-07_中京07R_3歳以上1勝クラス,202407030107,1800,ダ,良,晴,11,3歳以上1勝クラス,
2024-09-07_中京08R_3歳以上1勝クラス,202407030108,1200,芝,良,晴,18,3歳以上1勝クラス,
2024-09-07_中京09R_浜名湖特別,202407030109,2000,芝,良,晴,8,浜名湖特別,
2024-09-07_中京10R_ムーンライトHC,202407030110,2200,芝,良,晴,16,ムーンライトHC,
2024-09-07_中京11R_エニフS,202407030111,1400,ダ,良,晴,10,エニフS,L
2024-09-07_中京12R_3歳以上2勝クラス,202407030112,1200,ダ,良,晴,11,3歳以上2勝クラス,
2024-09-08_中京01R_3歳以上障害未勝利,202407030201,3000,障,良,晴,9,3歳以上障害未勝利,
2024-09-08_中京02R_2歳未勝利,202407030202,1200,ダ,良,晴,9,2歳未勝利,
2024-09-08_中京03R_2歳未勝利,202407030203,1600,芝,良,晴,7,2歳未勝利,
2024-09-08_中京04R_2歳新馬,202407030204,1200,芝,良,晴,7,2歳新馬,
2024-09-08_中京05R_2歳新馬,202407030205,2000,芝,良,晴,7,2歳新馬,
2024-09-08_中京06R_3歳以上1勝クラス,202407030206,1800,ダ,良,晴,10,3歳以上1勝クラス,
2024-09-08_中京07R_3歳以上1勝クラス,202407030207,1900,ダ,良,晴,9,3歳以上1勝クラス,
2024-09-08_中京08R_3歳以上1勝クラス,202407030208,2000,芝,良,晴,11,3歳以上1勝クラス,
2024-09-08_中京09R_天竜川特別,202407030209,1800,ダ,良,晴,14,天竜川特別,
2024-09-08_中京10R_浜松S,202407030210,1200,ダ,良,晴,16,浜松S,
2024-09-08_中京11R_セントウルS,202407030211,1200,芝,良,晴,18,セントウルS,G2
2024-09-08_中京12R_3歳以上1勝クラス,202407030212,1400,ダ,良,晴,13,3歳以上1勝クラス,
2024-09-14_中京01R_2歳未勝利,202407030301,1400,ダ,良,晴,9,2歳未勝利,
2024-09-14_中京02R_2歳未勝利,202407030302,1800,ダ,良,晴,8,2歳未勝利,
2024-09-14_中京03R_2歳未勝利,202407030303,1600,芝,良,晴,15,2歳未勝利,
2024-09-14_中京04R_3歳以上1勝クラス,202407030304,1900,ダ,良,晴,13,3歳以上1勝クラス,
2024-09-14_中京05R_2歳新馬,202407030305,1400,芝,良,晴,11,2歳新馬,
2024-09-14_中京06R_3歳以上1勝クラス,202407030306,1600,芝,良,晴,16,3歳以上1勝クラス,
2024-09-14_中京07R_3歳以上1勝クラス,202407030307,1200,ダ,良,晴,15,3歳以上1勝クラス,
2024-09-14_中京08R_阪神ジャンプS,202407030308,3330,障,良,晴,12,阪神ジャンプS,
2024-09-14_中京09R_ききょうS,202407030309,1400,芝,良,晴,5,ききょうS,OP
2024-09-14_中京10R_恵那特別,202407030310,1800,ダ,良,晴,12,恵那特別,
2024-09-14_中京11R_ケフェウスS,202407030311,2000,芝,良,晴,11,ケフェウスS,OP
2024-09-14_中京12R_3歳以上1勝クラス,202407030312,1400,ダ,良,晴,15,3歳以上1勝クラス,
2024-09-15_中京01R_3歳以上障害未勝利,202407030401,3000,障,稍,曇,10,3歳以上障害未勝利,
2024-09-15_中京02R_2歳未勝利,202407030402,1200,ダ,重,曇,9,2歳未勝利,
2024-09-15_中京03R_2歳未勝利,202407030403,1200,芝,稍,曇,8,2歳未勝利,
2024-09-15_中京04R_2歳新馬,202407030404,1800,ダ,重,曇,9,2歳新馬,
2024-09-15_中京05R_2歳新馬,202407030405,2000,芝,稍,曇,9,2歳新馬,
2024-09-15_中京06R_3歳以上1勝クラス,202407030406,1800,ダ,重,曇,12,3歳以上1勝クラス,
2024-09-15_中京07R_3歳以上1勝クラス,202407030407,1200,ダ,重,曇,13,3歳以上1勝クラス,
2024-09-15_中京08R_3歳以上1勝クラス,202407030408,1800,ダ,重,曇,12,3歳以上1勝クラス,
2024-09-15_中京09R_茶臼山高原特別,202407030409,2200,芝,稍,曇,10,茶臼山高原特別,
2024-09-15_中京10R_納屋橋S,202407030410,1600,芝,稍,曇,16,納屋橋S,
2024-09-15_中京11R_ローズS,202407030411,2000,芝,稍,曇,15,ローズS,G2
2024-09-15_中京12R_3歳以上2勝クラス,202407030412,1400,ダ,重,曇,13,3歳以上2勝クラス,
2024-09-16_中京01R_2歳未勝利,202407030501,1400,ダ,稍,晴,10,2歳未勝利,
2024-09-16_中京02R_2歳未勝利,202407030502,1800,ダ,稍,晴,10,2歳未勝利,
2024-09-16_中京03R_2歳未勝利,202407030503,2000,芝,良,晴,12,2歳未勝利,
2024-09-16_中京04R_2歳新馬,202407030504,1400,ダ,稍,晴,14,2歳新馬,
2024-09-16_中京05R_2歳新馬,202407030505,1600,芝,良,晴,12,2歳新馬,
2024-09-16_中京06R_3歳以上1勝クラス,202407030506,1400,ダ,稍,晴,15,3歳以上1勝クラス,
2024-09-16_中京07R_3歳以上1勝クラス,202407030507,1800,ダ,稍,曇,11,3歳以上1勝クラス,
2024-09-16_中京08R_3歳以上1勝クラス,202407030508,1400,芝,良,曇,18,3歳以上1勝クラス,
2024-09-16_中京09R_長良川特別,202407030509,2200,芝,良,曇,9,長良川特別,
2024-09-16_中京10R_桑名特別,202407030510,1400,芝,良,曇,13,桑名特別,
2024-09-16_中京11R_アニバーサリーS,202407030511,1800,ダ,良,晴,16,アニバーサリーS,
2024-09-16_中京12R_3歳以上1勝クラス,202407030512,1200,ダ,良,晴,12,3歳以上1勝クラス,
2024-09-21_中京01R_2歳未勝利,202407030601,1400,ダ,良,晴,9,2歳未勝利,
2024-09-21_中京02R_2歳未勝利,202407030602,2000,芝,良,晴,9,2歳未勝利,
2024-09-21_中京03R_2歳未勝利,202407030603,1400,ダ,良,晴,16,2歳未勝利,
2024-09-21_中京04R_2歳新馬,202407030604,1200,ダ,良,晴,11,2歳新馬,
2024-09-21_中京05R_2歳新馬,202407030605,1600,芝,良,晴,14,2歳新馬,
2024-09-21_中京06R_3歳以上1勝クラス,202407030606,1900,ダ,良,晴,8,3歳以上1勝クラス,
2024-09-21_中京07R_3歳以上1勝クラス,202407030607,2000,芝,良,晴,16,3歳以上1勝クラス,
2024-09-21_中京08R_野路菊S,202407030608,2000,芝,良,晴,5,野路菊S,OP
2024-09-21_中京09R_3歳以上1勝クラス,202407030609,1200,ダ,良,晴,14,3歳以上1勝クラス,
2024-09-21_中京10R_賢島特別,202407030610,1200,芝,良,晴,16,賢島特別,
2024-09-21_中京11R_伊賀S,202407030611,1400,ダ,良,曇,15,伊賀S,
2024-09-21_中京12R_3歳以上2勝クラス,202407030612,1800,ダ,良,曇,16,3歳以上2勝クラス,
2024-09-22_中京01R_3歳以上障害未勝利,202407030701,3000,障,良,曇,13,3歳以上障害未勝利,
2024-09-22_中京02R_2歳未勝利,202407030702,1800,ダ,良,曇,11,2歳未勝利,
2024-09-22_中京03R_2歳未勝利,202407030703,1400,芝,良,曇,18,2歳未勝利,
2024-09-22_中京04R_2歳新馬,202407030704,1400,ダ,良,小雨,11,2歳新馬,
2024-09-22_中京05R_2歳新馬,202407030705,2000,芝,良,小雨,11,2歳新馬,
2024-09-22_中京06R_3歳以上1勝クラス,202407030706,1800,ダ,良,雨,9,3歳以上1勝クラス,
2024-09-22_中京07R_3歳以上1勝クラス,202407030707,1400,ダ,良,雨,12,3歳以上1勝クラス,
2024-09-22_中京08R_3歳以上1勝クラス,202407030708,1800,ダ,良,曇,10,3歳以上1勝クラス,
2024-09-22_中京09R_夕月特別,202407030709,2000,芝,稍,曇,11,夕月特別,
2024-09-22_中京10R_志摩S,202407030710,1200,芝,稍,曇,17,志摩S,
2024-09-22_中京11R_神戸新聞杯,202407030711,2200,芝,稍,曇,15,神戸新聞杯,G2
2024-09-22_中京12R_3歳以上2勝クラス,202407030712,1200,ダ,良,曇,10,3歳以上2勝クラス,
2024-09-28_中京01R_2歳未勝利,202407030801,1200,ダ,良,曇,9,2歳未勝利,
2024-09-28_中京02R_2歳未勝利,202407030802,1800,ダ,良,曇,11,2歳未勝利,
2024-09-28_中京03R_2歳未勝利,202407030803,1600,芝,良,曇,10,2歳未勝利,
2024-09-28_中京04R_2歳新馬,202407030804,1800,ダ,良,曇,16,2歳新馬,
2024-09-28_中京05R_2歳新馬,202407030805,2000,芝,良,曇,17,2歳新馬,
2024-09-28_中京06R_3歳以上1勝クラス,202407030806,1800,ダ,良,曇,10,3歳以上1勝クラス,
2024-09-28_中京07R_3歳以上1勝クラス,202407030807,2200,芝,良,曇,14,3歳以上1勝クラス,
2024-09-28_中京08R_3歳以上2勝クラス,202407030808,1600,芝,良,曇,13,3歳以上2勝クラス,
2024-09-28_中京09R_ヤマボウシ賞,202407030809,1400,ダ,良,曇,10,ヤマボウシ賞,
2024-09-28_中京10R_高山S,202407030810,2000,芝,良,曇,13,高山S,
2024-09-28_中京11R_シリウスS,202407030811,1900,ダ,良,曇,15,シリウスS,G3
2024-09-28_中京12R_3歳以上1勝クラス,202407030812,1400,ダ,良,曇,11,3歳以上1勝クラス,
2024-09-29_中京01R_2歳未勝利,202407030901,1800,ダ,重,小雨,10,2歳未勝利,
2024-09-29_中京02R_2歳未勝利,202407030902,2000,芝,重,曇,9,2歳未勝利,
2024-09-29_中京03R_2歳新馬,202407030903,1400,ダ,重,曇,15,2歳新馬,
2024-09-29_中京04R_3歳以上1勝クラス,202407030904,1900,ダ,重,曇,9,3歳以上1勝クラス,
2024-09-29_中京05R_2歳新馬,202407030905,1400,芝,重,曇,15,2歳新馬,
2024-09-29_中京06R_3歳以上1勝クラス,202407030906,1400,ダ,重,曇,16,3歳以上1勝クラス,
2024-09-29_中京07R_3歳以上1勝クラス,202407030907,1600,芝,重,曇,16,3歳以上1勝クラス,
2024-09-29_中京08R_3歳以上2勝クラス,202407030908,1900,ダ,重,曇,16,3歳以上2勝クラス,
2024-09-29_中京09R_常滑特別,202407030909,2000,芝,稍,曇,9,常滑特別,
2024-09-29_中京10R_白川郷S,202407030910,1800,ダ,稍,曇,15,白川郷S,
2024-09-29_中京11R_ポートアイランドS,202407030911,1600,芝,稍,曇,14,ポートアイランドS,L
2024-09-29_中京12R_3歳以上2勝クラス,202407030912,1400,ダ,稍,曇,16,3歳以上2勝クラス,
2024-11-30_中京01R_2歳未勝利,202407040101,1400,ダ,良,曇,16,2歳未勝利,
2024-11-30_中京02R_3歳以上1勝クラス,202407040102,1200,ダ,良,曇,16,3歳以上1勝クラス,
2024-11-30_中京03R_3歳以上1勝クラス,202407040103,1800,ダ,良,曇,13,3歳以上1勝クラス,
2024-11-30_中京04R_2歳未勝利,202407040104,1200,芝,良,曇,17,2歳未勝利,
2024-11-30_中京05R_2歳新馬,202407040105,1800,ダ,良,晴,8,2歳新馬,
2024-11-30_中京06R_3歳以上1勝クラス,202407040106,1400,ダ,良,晴,16,3歳以上1勝クラス,
2024-11-30_中京07R_3歳以上1勝クラス,202407040107,1800,ダ,良,晴,12,3歳以上1勝クラス,
2024-11-30_中京08R_3歳以上1勝クラス,202407040108,1600,芝,良,晴,16,3歳以上1勝クラス,
2024-11-30_中京09R_犬山特別,202407040109,1800,ダ,良,晴,16,犬山特別,
2024-11-30_中京10R_中京日経賞,202407040110,1600,芝,良,晴,13,中京日経賞,
2024-11-30_中京11R_飛騨S,202407040111,1400,芝,良,晴,13,飛騨S,
2024-11-30_中京12R_3歳以上1勝クラス,202407040112,2000,芝,良,晴,17,3歳以上1勝クラス,
2024-12-01_中京01R_2歳未勝利,202407040201,1800,ダ,良,晴,12,2歳未勝利,
2024-12-01_中京02R_3歳以上1勝クラス,202407040202,1400,ダ,良,晴,16,3歳以上1勝クラス,
2024-12-01_中京03R_3歳以上1勝クラス,202407040203,1900,ダ,良,晴,9,3歳以上1勝クラス,
2024-12-01_中京04R_2歳未勝利,202407040204,1600,芝,良,晴,15,2歳未勝利,
2024-12-01_中京05R_2歳未勝利,202407040205,2000,芝,良,晴,8,2歳未勝利,
2024-12-01_中京06R_3歳以上1勝クラス,202407040206,1200,ダ,良,晴,16,3歳以上1勝クラス,
2024-12-01_中京07R_3歳以上1勝クラス,202407040207,1800,ダ,良,晴,12,3歳以上1勝クラス,
2024-12-01_中京08R_3歳以上1勝クラス,202407040208,1400,芝,良,晴,18,3歳以上1勝クラス,
2024-12-01_中京09R_こうやまき賞,202407040209,1600,芝,良,晴,7,こうやまき賞,
2024-12-01_中京10R_クロフネC,202407040210,1200,ダ,良,晴,16,クロフネC,
2024-12-01_中京11R_チャンピオンズC,202407040211,1800,ダ,良,晴,16,チャンピオンズC,G1
2024-12-01_中京12R_栄特別,202407040212,2200,芝,良,晴,16,栄特別,
2024-12-07_中京01R_2歳未勝利,202407040301,1800,ダ,良,曇,10,2歳未勝利,
2024-12-07_中京02R_3歳以上1勝クラス,202407040302,1400,ダ,良,曇,13,3歳以上1勝クラス,
2024-12-07_中京03R_3歳以上1勝クラス,202407040303,1800,ダ,良,曇,8,3歳以上1勝クラス,
2024-12-07_中京04R_2歳未勝利,202407040304,2000,芝,良,曇,10,2歳未勝利,
2024-12-07_中京05R_2歳新馬,202407040305,1400,ダ,良,曇,16,2歳新馬,
2024-12-07_中京06R_3歳以上1勝クラス,202407040306,1900,ダ,良,曇,16,3歳以上1勝クラス,
2024-12-07_中京07R_3歳以上1勝クラス,202407040307,2200,芝,良,曇,18,3歳以上1勝クラス,
2024-12-07_中京08R_3歳以上1勝クラス,202407040308,1200,ダ,良,曇,15,3歳以上1勝クラス,
2024-12-07_中京09R_つわぶき賞,202407040309,1400,芝,良,曇,12,つわぶき賞,
2024-12-07_中京10R_鳴海特別,202407040310,1800,ダ,良,曇,16,鳴海特別,
2024-12-07_中京11R_中日新聞杯,202407040311,2000,芝,良,曇,18,中日新聞杯,G3
2024-12-07_中京12R_3歳以上1勝クラス,202407040312,1200,芝,良,曇,18,3歳以上1勝クラス,
2024-12-08_中京01R_2歳未勝利,202407040401,1200,ダ,良,晴,12,2歳未勝利,
2024-12-08_中京02R_2歳未勝利,202407040402,1800,ダ,良,晴,16,2歳未勝利,
2024-12-08_中京03R_3歳以上1勝クラス,202407040403,1200,ダ,良,晴,16,3歳以上1勝クラス,
2024-12-08_中京04R_2歳未勝利,202407040404,1400,芝,良,晴,15,2歳未勝利,
2024-12-08_中京05R_2歳新馬,202407040405,2000,芝,良,晴,12,2歳新馬,
2024-12-08_中京06R_3歳以上1勝クラス,202407040406,1800,ダ,良,晴,11,3歳以上1勝クラス,
2024-12-08_中京07R_3歳以上1勝クラス,202407040407,2000,芝,良,晴,18,3歳以上1勝クラス,
2024-12-08_中京08R_3歳以上1勝クラス,202407040408,1400,ダ,良,晴,16,3歳以上1勝クラス,
2024-12-08_中京09R_大須特別,202407040409,1800,ダ,良,晴,9,大須特別,
2024-12-08_中京10R_名古屋日刊スポーツ杯,202407040410,2000,芝,良,晴,16,名古屋日刊スポーツ杯,
2024-12-08_中京11R_知立S,202407040411,1200,芝,良,晴,13,知立S,
2024-12-08_中京12R_3歳以上1勝クラス,202407040412,1600,芝,良,晴,16,3歳以上1勝クラス,
2024-12-14_中京01R_2歳未勝利,202407040501,1400,ダ,良,晴,16,2歳未勝利,
2024-12-14_中京02R_3歳以上1勝クラス,202407040502,1800,ダ,良,晴,16,3歳以上1勝クラス,
2024-12-14_中京03R_3歳以上1勝クラス,202407040503,1200,ダ,良,晴,16,3歳以上1勝クラス,
2024-12-14_中京04R_2歳未勝利,202407040504,1400,芝,良,晴,18,2歳未勝利,
2024-12-14_中京05R_2歳未勝利,202407040505,2000,芝,良,晴,18,2歳未勝利,
2024-12-14_中京06R_3歳以上1勝クラス,202407040506,1400,ダ,良,晴,16,3歳以上1勝クラス,
2024-12-14_中京07R_3歳以上1勝クラス,202407040507,1800,ダ,良,晴,16,3歳以上1勝クラス,
2024-12-14_中京08R_ヤングJSFR中京第1戦,202407040508,2000,芝,良,晴,16,ヤングJSFR中京第1戦,
2024-12-14_中京09R_中京2歳S,202407040509,1200,芝,良,晴,11,中京2歳S,OP
2024-12-14_中京10R_ヤングJSFR中京第2戦,202407040510,1400,ダ,良,晴,16,ヤングJSFR中京第2戦,
2024-12-14_中京11R_尾頭橋S,202407040511,1800,ダ,良,晴,13,尾頭橋S,
2024-12-14_中京12R_3歳以上1勝クラス,202407040512,1400,芝,良,晴,18,3歳以上1勝クラス,
2024-12-15_中京01R_2歳未勝利,202407040601,1800,ダ,良,晴,15,2歳未勝利,
2024-12-15_中京02R_3歳以上1勝クラス,202407040602,1200,ダ,良,晴,16,3歳以上1勝クラス,
2024-12-15_中京03R_3歳以上1勝クラス,202407040603,1800,ダ,良,晴,16,3歳以上1勝クラス,
2024-12-15_中京04R_2歳未勝利,202407040604,1600,芝,良,晴,16,2歳未勝利,
2024-12-15_中京05R_2歳新馬,202407040605,1400,芝,良,晴,18,2歳新馬,
2024-12-15_中京06R_3歳以上1勝クラス,202407040606,1900,ダ,良,晴,15,3歳以上1勝クラス,
2024-12-15_中京07R_3歳以上1勝クラス,202407040607,1400,ダ,良,晴,16,3歳以上1勝クラス,
2024-12-15_中京08R_3歳以上1勝クラス,202407040608,1600,芝,良,晴,16,3歳以上1勝クラス,
2024-12-15_中京09R_寒椿賞,202407040609,1400,ダ,良,晴,7,寒椿賞,
2024-12-15_中京10R_一宮特別,202407040610,2200,芝,良,晴,10,一宮特別,
2024-12-15_中京11R_コールドムーンS,202407040611,1400,ダ,良,晴,16,コールドムーンS,OP
2024-12-15_中京12R_尾張特別,202407040612,1200,芝,良,晴,18,尾張特別,
2024-01-06_京都01R_3歳未勝利,202408010101,1800,ダ,良,晴,16,3歳未勝利,
2024-01-06_京都02R_3歳未勝利,202408010102,1900,ダ,良,晴,16,3歳未勝利,
2024-01-06_京都03R_3歳未勝利,202408010103,1400,ダ,良,晴,16,3歳未勝利,
2024-01-06_京都04R_3歳新馬,202408010104,1800,ダ,良,晴,16,3歳新馬,
2024-01-06_京都05R_3歳未勝利,202408010105,1800,芝,良,曇,18,3歳未勝利,
2024-01-06_京都06R_3歳1勝クラス,202408010106,1200,芝,良,曇,10,3歳1勝クラス,
2024-01-06_京都07R_4歳以上1勝クラス,202408010107,1800,ダ,良,曇,11,4歳以上1勝クラス,
2024-01-06_京都08R_4歳以上2勝クラス,202408010108,1200,ダ,良,曇,16,4歳以上2勝クラス,
2024-01-06_京都09R_門松S,202408010109,1400,ダ,良,曇,12,門松S,
2024-01-06_京都10R_万葉S,202408010110,3000,芝,良,晴,13,万葉S,OP
2024-01-06_京都11R_京都金杯,202408010111,1600,芝,良,晴,18,京都金杯,G3
2024-01-06_京都12R_4歳以上1勝クラス,202408010112,1800,芝,良,曇,17,4歳以上1勝クラス,
2024-01-07_京都01R_3歳未勝利,202408010201,1800,ダ,良,晴,16,3歳未勝利,
2024-01-07_京都02R_3歳新馬,202408010202,1800,ダ,良,晴,15,3歳新馬,
2024-01-07_京都03R_3歳未勝利,202408010203,1400,ダ,良,晴,16,3歳未勝利,
2024-01-07_京都04R_4歳以上1勝クラス,202408010204,1200,ダ,良,晴,16,4歳以上1勝クラス,
2024-01-07_京都05R_3歳未勝利,202408010205,1600,芝,良,晴,18,3歳未勝利,
2024-01-07_京都06R_3歳1勝クラス,202408010206,2000,芝,良,晴,9,3歳1勝クラス,
2024-01-07_京都07R_4歳以上1勝クラス,202408010207,1900,ダ,良,晴,13,4歳以上1勝クラス,
2024-01-07_京都08R_4歳以上2勝クラス,202408010208,1400,ダ,良,晴,16,4歳以上2勝クラス,
2024-01-07_京都09R_琵琶湖特別,202408010209,2400,芝,良,晴,12,琵琶湖特別,
2024-01-07_京都10R_新春S,202408010210,1400,芝,良,晴,13,新春S,
2024-01-07_京都11R_すばるS,202408010211,1400,ダ,良,晴,15,すばるS,L
2024-01-07_京都12R_4歳以上2勝クラス,202408010212,1200,芝,良,晴,12,4歳以上2勝クラス,
2024-01-08_京都01R_3歳未勝利,202408010301,1200,ダ,良,晴,16,3歳未勝利,
2024-01-08_京都02R_3歳未勝利,202408010302,1800,ダ,良,晴,16,3歳未勝利,
2024-01-08_京都03R_3歳新馬,202408010303,1200,ダ,良,晴,16,3歳新馬,
2024-01-08_京都04R_3歳1勝クラス,202408010304,1800,ダ,良,晴,10,3歳1勝クラス,
2024-01-08_京都05R_3歳新馬,202408010305,1800,芝,良,晴,18,3歳新馬,
2024-01-08_京都06R_3歳未勝利,202408010306,2200,芝,良,晴,18,3歳未勝利,
2024-01-08_京都07R_4歳以上1勝クラス,202408010307,1800,ダ,良,晴,15,4歳以上1勝クラス,
2024-01-08_京都08R_4歳以上1勝クラス,202408010308,1400,ダ,良,晴,16,4歳以上1勝クラス,
2024-01-08_京都09R_蹴上特別,202408010309,1800,ダ,良,晴,15,蹴上特別,
2024-01-08_京都10R_寿S,202408010310,2000,芝,良,晴,12,寿S,
2024-01-08_京都11R_シンザン記念,202408010311,1600,芝,良,晴,18,シンザン記念,G3
2024-01-08_京都12R_4歳以上2勝クラス,202408010312,1600,芝,良,晴,11,4歳以上2勝クラス,
2024-01-13_京都01R_3歳未勝利,202408010401,1200,ダ,良,晴,16,3歳未勝利,
2024-01-13_京都02R_3歳未勝利,202408010402,1800,ダ,良,晴,14,3歳未勝利,
2024-01-13_京都04R_3歳新馬,202408010404,1800,ダ,良,晴,16,3歳新馬,
2024-01-13_京都05R_3歳未勝利,202408010405,1600,芝,良,曇,18,3歳未勝利,
2024-01-13_京都06R_3歳未勝利,202408010406,2000,芝,良,曇,13,3歳未勝利,
2024-01-13_京都07R_4歳以上1勝クラス,202408010407,1400,ダ,良,曇,15,4歳以上1勝クラス,
2024-01-13_京都08R_4歳以上1勝クラス,202408010408,1200,ダ,良,曇,16,4歳以上1勝クラス,
2024-01-13_京都09R_五条坂特別,202408010409,1900,ダ,良,曇,10,五条坂特別,
2024-01-13_京都10R_紅梅S,202408010410,1400,芝,良,曇,9,紅梅S,L
2024-01-13_京都11R_淀短距離S,202408010411,1200,芝,良,曇,17,淀短距離S,L
2024-01-13_京都12R_4歳以上1勝クラス,202408010412,1600,芝,良,晴,18,4歳以上1勝クラス,
2024-01-14_京都01R_3歳未勝利,202408010501,1800,ダ,良,晴,12,3歳未勝利,
2024-01-14_京都02R_3歳未勝利,202408010502,1900,ダ,良,晴,13,3歳未勝利,
2024-01-14_京都03R_3歳新馬,202408010503,1400,ダ,良,晴,16,3歳新馬,
2024-01-14_京都04R_3歳1勝クラス,202408010504,1200,ダ,良,晴,11,3歳1勝クラス,
2024-01-14_京都05R_3歳新馬,202408010505,1600,芝,良,晴,18,3歳新馬,
2024-01-14_京都06R_3歳未勝利,202408010506,1400,芝,良,晴,18,3歳未勝利,
2024-01-14_京都07R_4歳以上1勝クラス,202408010507,1800,ダ,良,晴,15,4歳以上1勝クラス,
2024-01-14_京都08R_4歳以上2勝クラス,202408010508,1200,ダ,良,晴,13,4歳以上2勝クラス,
2024-01-14_京都09R_逢坂山特別,202408010509,1800,芝,良,晴,11,逢坂山特別,
2024-01-14_京都10R_雅S,202408010510,1800,ダ,良,晴,13,雅S,
2024-01-14_京都11R_日経新春杯,202408010511,2400,芝,良,晴,14,日経新春杯,G2
2024-01-14_京都12R_4歳以上2勝クラス,202408010512,1400,芝,良,晴,10,4歳以上2勝クラス,
2024-01-20_京都01R_3歳未勝利,202408010601,1200,ダ,稍,小雨,14,3歳未勝利,
2024-01-20_京都02R_3歳未勝利,202408010602,1800,ダ,稍,小雨,12,3歳未勝利,
2024-01-20_京都03R_3歳新馬,202408010603,1200,ダ,稍,小雨,16,3歳新馬,
2024-01-20_京都04R_3歳1勝クラス,202408010604,1400,ダ,稍,曇,7,3歳1勝クラス,
2024-01-20_京都05R_3歳新馬,202408010605,2000,芝,重,曇,13,3歳新馬,
2024-01-20_京都06R_3歳未勝利,202408010606,2200,芝,重,曇,10,3歳未勝利,
2024-01-20_京都07R_4歳以上1勝クラス,202408010607,1900,ダ,稍,曇,10,4歳以上1勝クラス,
2024-01-20_京都08R_4歳以上2勝クラス,202408010608,1400,ダ,稍,曇,13,4歳以上2勝クラス,
2024-01-20_京都09R_若駒S,202408010609,2000,芝,重,曇,8,若駒S,L
2024-01-20_京都10R_宇治川特別,202408010610,1800,ダ,稍,曇,11,宇治川特別,
2024-01-20_京都11R_石清水S,202408010611,1600,芝,重,曇,16,石清水S,
2024-01-20_京都12R_3歳未勝利,202408010612,1600,芝,重,小雨,12,3歳未勝利,
2024-01-21_京都01R_3歳未勝利,202408010701,1900,ダ,不,小雨,10,3歳未勝利,
2024-01-21_京都02R_3歳新馬,202408010702,1800,ダ,不,曇,16,3歳新馬,
2024-01-21_京都03R_3歳未勝利,202408010703,1400,ダ,不,曇,12,3歳未勝利,
2024-01-21_京都04R_3歳未勝利,202408010704,2000,芝,不,曇,8,3歳未勝利,
2024-01-21_京都05R_3歳新馬,202408010705,1600,芝,不,曇,17,3歳新馬,
2024-01-21_京都06R_3歳1勝クラス,202408010706,1800,ダ,不,曇,6,3歳1勝クラス,
2024-01-21_京都07R_4歳以上1勝クラス,202408010707,2200,芝,重,曇,17,4歳以上1勝クラス,
2024-01-21_京都08R_4歳以上1勝クラス,202408010708,1400,ダ,重,曇,16,4歳以上1勝クラス,
2024-01-21_京都09R_北大路特別,202408010709,2000,芝,重,曇,10,北大路特別,
2024-01-21_京都10R_羅生門S,202408010710,1200,ダ,重,曇,16,羅生門S,
2024-01-21_京都11R_東海S,202408010711,1800,ダ,重,曇,16,東海S,G2
2024-01-21_京都12R_4歳以上2勝クラス,202408010712,1400,芝,重,曇,11,4歳以上2勝クラス,
2024-01-27_京都01R_3歳未勝利,202408020101,1800,ダ,良,曇,9,3歳未勝利,
2024-01-27_京都02R_3歳未勝利,202408020102,1900,ダ,良,曇,9,3歳未勝利,
2024-01-27_京都03R_3歳未勝利,202408020103,1400,ダ,良,曇,15,3歳未勝利,
2024-01-27_京都04R_3歳新馬,202408020104,1400,ダ,良,曇,16,3歳新馬,
2024-01-27_京都05R_3歳未勝利,202408020105,1800,芝,良,曇,9,3歳未勝利,
2024-01-27_京都06R_3歳1勝クラス,202408020106,1200,ダ,良,曇,7,3歳1勝クラス,
2024-01-27_京都07R_4歳以上1勝クラス,202408020107,1800,ダ,良,晴,9,4歳以上1勝クラス,
2024-01-27_京都08R_白梅賞,202408020108,1600,芝,良,晴,7,白梅賞,
2024-01-27_京都09R_4歳以上2勝クラス,202408020109,1200,ダ,良,晴,16,4歳以上2勝クラス,
2024-01-27_京都10R_許波多特別,202408020110,2200,芝,良,曇,9,許波多特別,
2024-01-27_京都11R_舞鶴S,202408020111,1900,ダ,良,曇,14,舞鶴S,
2024-01-27_京都12R_4歳以上1勝クラス,202408020112,1400,芝,良,曇,18,4歳以上1勝クラス,
2024-01-28_京都01R_3歳未勝利,202408020201,1200,ダ,良,晴,15,3歳未勝利,
2024-01-28_京都02R_3歳未勝利,202408020202,1800,ダ,良,晴,11,3歳未勝利,
2024-01-28_京都03R_3歳未勝利,202408020203,1400,ダ,良,晴,16,3歳未勝利,
2024-01-28_京都04R_3歳1勝クラス,202408020204,1400,ダ,良,晴,13,3歳1勝クラス,
2024-01-28_京都05R_3歳新馬,202408020205,2000,芝,良,晴,13,3歳新馬,
2024-01-28_京都06R_3歳未勝利,202408020206,1600,芝,良,曇,10,3歳未勝利,
2024-01-28_京都07R_4歳以上1勝クラス,202408020207,1800,ダ,良,曇,10,4歳以上1勝クラス,
2024-01-28_京都08R_4歳以上1勝クラス,202408020208,1200,ダ,良,曇,16,4歳以上1勝クラス,
2024-01-28_京都09R_大津特別,202408020209,1800,ダ,良,曇,11,大津特別,
2024-01-28_京都10R_八坂S,202408020210,2200,芝,良,曇,12,八坂S,
2024-01-28_京都11R_シルクロードS,202408020211,1200,芝,良,曇,18,シルクロードS,G3
2024-01-28_京都12R_4歳以上2勝クラス,202408020212,1600,芝,良,曇,9,4歳以上2勝クラス,
2024-02-03_京都01R_3歳未勝利,202408020301,1200,ダ,良,曇,12,3歳未勝利,
2024-02-03_京都02R_3歳未勝利,202408020302,1800,ダ,良,曇,9,3歳未勝利,
2024-02-03_京都03R_3歳未勝利,202408020303,1400,ダ,良,曇,14,3歳未勝利,
2024-02-03_京都04R_3歳新馬,202408020304,1800,ダ,良,曇,16,3歳新馬,
2024-02-03_京都05R_3歳未勝利,202408020305,1600,芝,良,晴,16,3歳未勝利,
2024-02-03_京都06R_3歳1勝クラス,202408020306,1800,ダ,良,晴,9,3歳1勝クラス,
2024-02-03_京都07R_4歳以上1勝クラス,202408020307,2000,芝,良,晴,11,4歳以上1勝クラス,
2024-02-03_京都08R_4歳以上2勝クラス,202408020308,1200,芝,良,晴,12,4歳以上2勝クラス,
2024-02-03_京都09R_橿原S,202408020309,1200,ダ,良,晴,16,橿原S,
2024-02-03_京都10R_エルフィンS,202408020310,1600,芝,良,曇,11,エルフィンS,L
2024-02-03_京都11R_アルデバランS,202408020311,1900,ダ,良,曇,12,アルデバランS,OP
2024-02-03_京都12R_4歳以上1勝クラス,202408020312,1400,ダ,良,曇,16,4歳以上1勝クラス,
2024-02-04_京都01R_3歳未勝利,202408020401,1800,ダ,良,曇,7,3歳未勝利,
2024-02-04_京都02R_3歳未勝利,202408020402,1200,ダ,良,曇,11,3歳未勝利,
2024-02-04_京都03R_3歳未勝利,202408020403,1900,ダ,良,曇,8,3歳未勝利,
2024-02-04_京都04R_3歳未勝利,202408020404,1800,ダ,良,曇,9,3歳未勝利,
2024-02-04_京都05R_3歳新馬,202408020405,1600,芝,良,曇,17,3歳新馬,
2024-02-04_京都06R_3歳未勝利,202408020406,2200,芝,良,曇,11,3歳未勝利,
2024-02-04_京都07R_4歳以上1勝クラス,202408020407,1800,ダ,良,曇,10,4歳以上1勝クラス,
2024-02-04_京都08R_4歳以上2勝クラス,202408020408,2000,芝,良,曇,8,4歳以上2勝クラス,
2024-02-04_京都09R_山城S,202408020409,1400,芝,良,曇,14,山城S,
2024-02-04_京都10R_令月S,202408020410,1200,ダ,良,晴,16,令月S,OP
2024-02-04_京都11R_きさらぎ賞,202408020411,1800,芝,良,晴,12,きさらぎ賞,G3
2024-02-04_京都12R_4歳以上2勝クラス,202408020412,1400,ダ,良,晴,14,4歳以上2勝クラス,
2024-02-10_京都01R_3歳未勝利,202408020501,1800,ダ,良,曇,14,3歳未勝利,
2024-02-10_京都02R_3歳未勝利,202408020502,1900,ダ,良,曇,11,3歳未勝利,
2024-02-10_京都03R_3歳未勝利,202408020503,1400,ダ,良,曇,16,3歳未勝利,
2024-02-10_京都04R_3歳新馬,202408020504,1200,ダ,良,曇,16,3歳新馬,
2024-02-10_京都05R_3歳未勝利,202408020505,2000,芝,良,曇,12,3歳未勝利,
2024-02-10_京都06R_3歳未勝利,202408020506,1400,ダ,良,曇,13,3歳未勝利,
2024-02-10_京都07R_4歳以上1勝クラス,202408020507,1900,ダ,良,曇,7,4歳以上1勝クラス,
2024-02-10_京都08R_4歳以上1勝クラス,202408020508,1200,ダ,良,曇,16,4歳以上1勝クラス,
2024-02-10_京都09R_こぶし賞,202408020509,1600,芝,良,曇,9,こぶし賞,
2024-02-10_京都10R_飛鳥S,202408020510,2000,芝,良,曇,12,飛鳥S,
2024-02-10_京都11R_洛陽S,202408020511,1600,芝,良,曇,18,洛陽S,L
2024-02-10_京都12R_4歳以上2勝クラス,202408020512,1900,ダ,良,曇,14,4歳以上2勝クラス,
2024-02-11_京都01R_3歳未勝利,202408020601,1800,ダ,良,晴,12,3歳未勝利,
2024-02-11_京都02R_3歳未勝利,202408020602,1200,ダ,良,晴,16,3歳未勝利,
2024-02-11_京都03R_3歳新馬,202408020603,1800,ダ,良,晴,15,3歳新馬,
2024-02-11_京都04R_3歳1勝クラス,202408020604,1400,ダ,良,晴,9,3歳1勝クラス,
2024-02-11_京都05R_3歳未勝利,202408020605,1600,芝,良,曇,14,3歳未勝利,
2024-02-11_京都06R_3歳未勝利,202408020606,2000,芝,良,曇,10,3歳未勝利,
2024-02-11_京都07R_4歳以上1勝クラス,202408020607,1800,ダ,良,曇,11,4歳以上1勝クラス,
2024-02-11_京都08R_4歳以上1勝クラス,202408020608,1600,芝,良,曇,11,4歳以上1勝クラス,
2024-02-11_京都09R_春日特別,202408020609,1800,芝,良,曇,9,春日特別,
2024-02-11_京都10R_北山S,202408020610,1800,ダ,良,曇,15,北山S,
2024-02-11_京都11R_京都記念,202408020611,2200,芝,良,曇,12,京都記念,G2
2024-02-11_京都12R_4歳以上2勝クラス,202408020612,1200,ダ,良,曇,16,4歳以上2勝クラス,
2024-02-17_京都01R_3歳未勝利,202408020701,1200,ダ,稍,曇,15,3歳未勝利,
2024-02-17_京都02R_3歳未勝利,202408020702,1800,ダ,稍,曇,15,3歳未勝利,
2024-02-17_京都03R_3歳未勝利,202408020703,1400,ダ,稍,曇,16,3歳未勝利,
2024-02-17_京都04R_3歳新馬,202408020704,1800,ダ,稍,曇,16,3歳新馬,
2024-02-17_京都05R_3歳未勝利,202408020705,2400,芝,良,曇,14,3歳未勝利,
2024-02-17_京都06R_3歳1勝クラス,202408020706,1400,芝,良,晴,11,3歳1勝クラス,
2024-02-17_京都07R_4歳以上1勝クラス,202408020707,1800,ダ,稍,晴,11,4歳以上1勝クラス,
2024-02-17_京都08R_4歳以上1勝クラス,202408020708,1400,ダ,稍,晴,16,4歳以上1勝クラス,
2024-02-17_京都09R_つばき賞,202408020709,1800,芝,良,晴,9,つばき賞,
2024-02-17_京都10R_河原町S,202408020710,1400,ダ,稍,晴,16,河原町S,
2024-02-17_京都11R_京都牝馬S,202408020711,1400,芝,良,晴,18,京都牝馬S,G3
2024-02-17_京都12R_4歳以上2勝クラス,202408020712,1400,ダ,稍,晴,16,4歳以上2勝クラス,
2024-02-18_京都01R_3歳未勝利,202408020801,1800,ダ,稍,曇,12,3歳未勝利,
2024-02-18_京都02R_3歳未勝利,202408020802,1200,ダ,稍,曇,15,3歳未勝利,
2024-02-18_京都03R_3歳未勝利,202408020803,1900,ダ,稍,曇,15,3歳未勝利,
2024-02-18_京都04R_3歳新馬,202408020804,1400,ダ,稍,曇,16,3歳新馬,
2024-02-18_京都05R_3歳未勝利,202408020805,1800,芝,良,曇,13,3歳未勝利,
2024-02-18_京都06R_3歳1勝クラス,202408020806,1900,ダ,良,曇,11,3歳1勝クラス,
2024-02-18_京都07R_4歳以上1勝クラス,202408020807,2400,芝,良,曇,8,4歳以上1勝クラス,
2024-02-18_京都08R_4歳以上1勝クラス,202408020808,1200,ダ,良,曇,16,4歳以上1勝クラス,
2024-02-18_京都09R_天ケ瀬特別,202408020809,1800,ダ,良,曇,13,天ケ瀬特別,
2024-02-18_京都10R_斑鳩S,202408020810,1600,芝,良,曇,12,斑鳩S,
2024-02-18_京都11R_大和S,202408020811,1200,ダ,良,曇,13,大和S,OP
2024-02-18_京都12R_4歳以上2勝クラス,202408020812,1600,芝,良,晴,9,4歳以上2勝クラス,
2024-04-20_京都01R_3歳未勝利,202408030101,1400,ダ,良,晴,16,3歳未勝利,
2024-04-20_京都02R_3歳未勝利,202408030102,1800,ダ,良,晴,16,3歳未勝利,
2024-04-20_京都03R_3歳未勝利,202408030103,1400,芝,良,晴,18,3歳未勝利,
2024-04-20_京都04R_3歳未勝利,202408030104,2400,芝,良,晴,11,3歳未勝利,
2024-04-20_京都05R_3歳1勝クラス,202408030105,1800,ダ,良,曇,10,3歳1勝クラス,
2024-04-20_京都06R_4歳以上1勝クラス,202408030106,1800,芝,良,曇,13,4歳以上1勝クラス,
2024-04-20_京都07R_4歳以上1勝クラス,202408030107,1400,ダ,良,曇,14,4歳以上1勝クラス,
2024-04-20_京都08R_4歳以上2勝クラス,202408030108,1800,ダ,良,曇,11,4歳以上2勝クラス,
2024-04-20_京都09R_あやめ賞,202408030109,1800,芝,良,曇,7,あやめ賞,
2024-04-20_京都10R_観月橋S,202408030110,1900,ダ,良,曇,12,観月橋S,
2024-04-20_京都11R_天王山S,202408030111,1200,ダ,良,曇,13,天王山S,OP
2024-04-20_京都12R_4歳以上2勝クラス,202408030112,1600,芝,良,曇,10,4歳以上2勝クラス,
2024-04-21_京都01R_3歳未勝利,202408030201,1800,ダ,良,曇,14,3歳未勝利,
2024-04-21_京都02R_3歳未勝利,202408030202,1200,ダ,良,曇,16,3歳未勝利,
2024-04-21_京都03R_3歳未勝利,202408030203,1900,ダ,良,曇,16,3歳未勝利,
2024-04-21_京都04R_3歳未勝利,202408030204,1600,芝,良,小雨,18,3歳未勝利,
2024-04-21_京都05R_3歳未勝利,202408030205,2000,芝,良,小雨,15,3歳未勝利,
2024-04-21_京都06R_3歳1勝クラス,202408030206,1400,ダ,良,小雨,12,3歳1勝クラス,
2024-04-21_京都07R_4歳以上1勝クラス,202408030207,1400,芝,良,雨,13,4歳以上1勝クラス,
2024-04-21_京都08R_4歳以上1勝クラス,202408030208,1800,ダ,良,雨,9,4歳以上1勝クラス,
2024-04-21_京都09R_比良山特別,202408030209,2200,芝,良,雨,9,比良山特別,
2024-04-21_京都10R_センテニアルPS,202408030210,1800,芝,稍,小雨,9,センテニアルPS,
2024-04-21_京都11R_マイラーズC,202408030211,1600,芝,稍,小雨,17,マイラーズC,G2
2024-04-21_京都12R_4歳以上2勝クラス,202408030212,1200,ダ,稍,小雨,16,4歳以上2勝クラス,
2024-04-27_京都01R_3歳未勝利,202408030301,1800,ダ,良,曇,15,3歳未勝利,
2024-04-27_京都02R_3歳未勝利,202408030302,1200,ダ,良,曇,16,3歳未勝利,
2024-04-27_京都03R_3歳未勝利,202408030303,1900,ダ,良,曇,11,3歳未勝利,
2024-04-27_京都04R_3歳未勝利,202408030304,1600,芝,良,曇,17,3歳未勝利,
2024-04-27_京都05R_3歳未勝利,202408030305,1800,芝,良,曇,17,3歳未勝利,
2024-04-27_京都06R_4歳以上1勝クラス,202408030306,2200,芝,良,曇,10,4歳以上1勝クラス,
2024-04-27_京都07R_4歳以上1勝クラス,202408030307,1800,ダ,良,曇,8,4歳以上1勝クラス,
2024-04-27_京都08R_4歳以上1勝クラス,202408030308,1200,ダ,良,曇,14,4歳以上1勝クラス,
2024-04-27_京都09R_矢車賞,202408030309,2200,芝,良,曇,12,矢車賞,
2024-04-27_京都10R_御池特別,202408030310,1400,芝,良,曇,13,御池特別,
2024-04-27_京都11R_ユニコーンS,202408030311,1900,ダ,良,曇,16,ユニコーンS,G3
2024-04-27_京都12R_4歳以上2勝クラス,202408030312,1400,ダ,良,曇,16,4歳以上2勝クラス,
2024-04-28_京都01R_3歳未勝利,202408030401,1400,ダ,良,晴,16,3歳未勝利,
2024-04-28_京都02R_3歳未勝利,202408030402,1800,ダ,良,晴,12,3歳未勝利,
2024-04-28_京都03R_3歳未勝利,202408030403,1400,芝,良,晴,18,3歳未勝利,
2024-04-28_京都04R_3歳未勝利,202408030404,2000,芝,良,晴,10,3歳未勝利,
2024-04-28_京都05R_3歳1勝クラス,202408030405,1400,ダ,良,晴,12,3歳1勝クラス,
2024-04-28_京都06R_3歳1勝クラス,202408030406,1400,芝,良,晴,11,3歳1勝クラス,
2024-04-28_京都07R_4歳以上1勝クラス,202408030407,1900,ダ,良,晴,10,4歳以上1勝クラス,
2024-04-28_京都08R_糺の森特別,202408030408,1800,芝,良,晴,12,糺の森特別,
2024-04-28_京都09R_六波羅特別,202408030409,1800,ダ,良,晴,11,六波羅特別,
2024-04-28_京都10R_ライスシャワーC,202408030410,1200,芝,良,晴,18,ライスシャワーC,
2024-04-28_京都11R_天皇賞(春),202408030411,3200,芝,良,晴,18,天皇賞(春),G1
2024-04-28_京都12R_東大路S,202408030412,1200,ダ,良,晴,16,東大路S,
2024-05-04_京都01R_3歳未勝利,202408030501,1400,ダ,良,晴,16,3歳未勝利,
2024-05-04_京都02R_3歳未勝利,202408030502,1900,ダ,良,晴,10,3歳未勝利,
2024-05-04_京都03R_3歳未勝利,202408030503,1200,ダ,良,晴,16,3歳未勝利,
2024-05-04_京都04R_3歳未勝利,202408030504,1800,ダ,良,晴,12,3歳未勝利,
2024-05-04_京都05R_3歳未勝利,202408030505,2200,芝,良,晴,16,3歳未勝利,
2024-05-04_京都06R_3歳1勝クラス,202408030506,1200,ダ,良,晴,14,3歳1勝クラス,
2024-05-04_京都07R_3歳1勝クラス,202408030507,1600,芝,良,晴,8,3歳1勝クラス,
2024-05-04_京都08R_4歳以上1勝クラス,202408030508,1800,ダ,良,晴,10,4歳以上1勝クラス,
2024-05-04_京都09R_鴨川特別,202408030509,2000,芝,良,晴,8,鴨川特別,
2024-05-04_京都10R_平城京S,202408030510,1800,ダ,良,晴,16,平城京S,OP
2024-05-04_京都11R_京都新聞杯,202408030511,2200,芝,良,晴,15,京都新聞杯,G2
2024-05-04_京都12R_4歳以上2勝クラス,202408030512,1600,芝,良,晴,10,4歳以上2勝クラス,
2024-05-05_京都01R_3歳未勝利,202408030601,1800,ダ,良,晴,10,3歳未勝利,
2024-05-05_京都02R_3歳未勝利,202408030602,1400,ダ,良,晴,16,3歳未勝利,
2024-05-05_京都03R_3歳未勝利,202408030603,1800,ダ,良,晴,12,3歳未勝利,
2024-05-05_京都04R_3歳未勝利,202408030604,1600,芝,良,晴,15,3歳未勝利,
2024-05-05_京都05R_3歳未勝利,202408030605,1800,芝,良,晴,16,3歳未勝利,
2024-05-05_京都06R_3歳1勝クラス,202408030606,1800,ダ,良,晴,16,3歳1勝クラス,
2024-05-05_京都07R_4歳以上1勝クラス,202408030607,1600,芝,良,晴,9,4歳以上1勝クラス,
2024-05-05_京都08R_4歳以上2勝クラス,202408030608,1900,ダ,良,晴,15,4歳以上2勝クラス,
2024-05-05_京都09R_烏丸S,202408030609,2400,芝,良,晴,11,烏丸S,
2024-05-05_京都10R_橘S,202408030610,1400,芝,良,晴,11,橘S,L
2024-05-05_京都11R_鞍馬S,202408030611,1200,芝,良,晴,13,鞍馬S,OP
2024-05-05_京都12R_4歳以上1勝クラス,202408030612,1400,ダ,良,晴,16,4歳以上1勝クラス,
2024-05-11_京都01R_3歳未勝利,202408030701,1800,ダ,良,晴,13,3歳未勝利,
2024-05-11_京都02R_3歳未勝利,202408030702,1400,ダ,良,晴,16,3歳未勝利,
2024-05-11_京都03R_3歳未勝利,202408030703,1900,ダ,良,晴,13,3歳未勝利,
2024-05-11_京都04R_3歳未勝利,202408030704,1600,芝,良,晴,18,3歳未勝利,
2024-05-11_京都05R_3歳未勝利,202408030705,2000,芝,良,晴,10,3歳未勝利,
2024-05-11_京都06R_4歳以上1勝クラス,202408030706,1800,ダ,良,晴,15,4歳以上1勝クラス,
2024-05-11_京都07R_4歳以上2勝クラス,202408030707,1200,芝,良,晴,14,4歳以上2勝クラス,
2024-05-11_京都08R_京都ハイジャンプ,202408030708,3930,障,良,晴,10,京都ハイジャンプ,
2024-05-11_京都09R_あずさ賞,202408030709,2000,芝,良,晴,11,あずさ賞,
2024-05-11_京都10R_上賀茂S,202408030710,1800,ダ,良,晴,16,上賀茂S,
2024-05-11_京都11R_都大路S,202408030711,1800,芝,良,晴,11,都大路S,L
2024-05-11_京都12R_4歳以上2勝クラス,202408030712,1200,ダ,良,晴,13,4歳以上2勝クラス,
2024-05-12_京都01R_3歳未勝利,202408030801,1200,ダ,良,曇,16,3歳未勝利,
2024-05-12_京都02R_3歳未勝利,202408030802,1800,ダ,良,曇,15,3歳未勝利,
2024-05-12_京都03R_3歳未勝利,202408030803,1200,芝,良,曇,18,3歳未勝利,
2024-05-12_京都04R_3歳未勝利,202408030804,1800,芝,良,曇,14,3歳未勝利,
2024-05-12_京都05R_3歳1勝クラス,202408030805,1800,ダ,良,曇,16,3歳1勝クラス,
2024-05-12_京都06R_4歳以上1勝クラス,202408030806,2000,芝,良,小雨,7,4歳以上1勝クラス,
2024-05-12_京都07R_4歳以上1勝クラス,202408030807,1200,芝,良,曇,14,4歳以上1勝クラス,
2024-05-12_京都08R_4歳以上1勝クラス,202408030808,1200,ダ,良,曇,12,4歳以上1勝クラス,
2024-05-12_京都09R_白川特別,202408030809,2400,芝,良,曇,7,白川特別,
2024-05-12_京都10R_錦S,202408030810,1600,芝,良,曇,14,錦S,
2024-05-12_京都11R_栗東S,202408030811,1400,ダ,良,曇,16,栗東S,L
2024-05-12_京都12R_4歳以上2勝クラス,202408030812,1800,ダ,良,曇,14,4歳以上2勝クラス,
2024-05-18_京都01R_3歳未勝利,202408030901,1800,ダ,良,晴,16,3歳未勝利,
2024-05-18_京都02R_3歳未勝利,202408030902,1200,ダ,良,晴,16,3歳未勝利,
2024-05-18_京都03R_3歳未勝利,202408030903,1800,ダ,良,晴,16,3歳未勝利,
2024-05-18_京都04R_3歳未勝利,202408030904,1400,芝,良,晴,18,3歳未勝利,
2024-05-18_京都05R_3歳未勝利,202408030905,2000,芝,良,晴,14,3歳未勝利,
2024-05-18_京都06R_3歳1勝クラス,202408030906,1400,ダ,良,晴,15,3歳1勝クラス,
2024-05-18_京都07R_4歳以上1勝クラス,202408030907,2400,芝,良,晴,12,4歳以上1勝クラス,
2024-05-18_京都08R_4歳以上1勝クラス,202408030908,1900,ダ,良,晴,10,4歳以上1勝クラス,
2024-05-18_京都09R_メルボルンT,202408030909,1600,芝,良,晴,14,メルボルンT,
2024-05-18_京都10R_シドニーT,202408030910,1800,芝,良,晴,9,シドニーT,
2024-05-18_京都11R_平安S,202408030911,1900,ダ,良,晴,16,平安S,G3
2024-05-18_京都12R_オーストラリアT,202408030912,1400,ダ,良,晴,16,オーストラリアT,
2024-05-19_京都01R_3歳未勝利,202408031001,1400,ダ,良,小雨,14,3歳未勝利,
2024-05-19_京都02R_3歳未勝利,202408031002,1900,ダ,良,小雨,15,3歳未勝利,
2024-05-19_京都03R_3歳未勝利,202408031003,1600,芝,良,小雨,18,3歳未勝利,
2024-05-19_京都04R_3歳未勝利,202408031004,2400,芝,良,小雨,15,3歳未勝利,
2024-05-19_京都05R_3歳未勝利,202408031005,1800,芝,良,小雨,18,3歳未勝利,
2024-05-19_京都06R_3歳1勝クラス,202408031006,1800,ダ,良,小雨,14,3歳1勝クラス,
2024-05-19_京都07R_3歳1勝クラス,202408031007,1200,芝,良,小雨,11,3歳1勝クラス,
2024-05-19_京都08R_4歳以上1勝クラス,202408031008,1600,芝,良,小雨,17,4歳以上1勝クラス,
2024-05-19_京都09R_愛宕特別,202408031009,1800,ダ,良,小雨,16,愛宕特別,
2024-05-19_京都10R_パールS,202408031010,2000,芝,良,小雨,12,パールS,
2024-05-19_京都11R_高瀬川S,202408031011,1400,ダ,良,小雨,16,高瀬川S,
2024-05-19_京都12R_4歳以上1勝クラス,202408031012,1200,ダ,良,曇,16,4歳以上1勝クラス,
2024-05-25_京都01R_3歳未勝利,202408031101,1200,ダ,良,晴,16,3歳未勝利,
2024-05-25_京都02R_3歳未勝利,202408031102,1800,ダ,良,晴,16,3歳未勝利,
2024-05-25_京都03R_3歳未勝利,202408031103,1400,ダ,良,晴,16,3歳未勝利,
2024-05-25_京都04R_3歳未勝利,202408031104,2200,芝,良,晴,12,3歳未勝利,
2024-05-25_京都05R_3歳未勝利,202408031105,1800,芝,良,晴,17,3歳未勝利,
2024-05-25_京都06R_4歳以上1勝クラス,202408031106,1400,ダ,良,晴,16,4歳以上1勝クラス,
2024-05-25_京都07R_4歳以上1勝クラス,202408031107,1800,ダ,良,晴,11,4歳以上1勝クラス,
2024-05-25_京都08R_4歳以上2勝クラス,202408031108,2000,芝,良,晴,10,4歳以上2勝クラス,
2024-05-25_京都09R_鳳雛S,202408031109,1800,ダ,良,晴,11,鳳雛S,L
2024-05-25_京都10R_桃山S,202408031110,1900,ダ,良,晴,16,桃山S,
2024-05-25_京都11R_葵S,202408031111,1200,芝,良,晴,18,葵S,G3
2024-05-25_京都12R_4歳以上2勝クラス,202408031112,1400,芝,良,晴,18,4歳以上2勝クラス,
2024-05-26_京都01R_3歳未勝利,202408031201,1800,ダ,良,晴,16,3歳未勝利,
2024-05-26_京都02R_3歳未勝利,202408031202,1900,ダ,良,晴,16,3歳未勝利,
2024-05-26_京都03R_3歳未勝利,202408031203,1600,芝,良,晴,17,3歳未勝利,
2024-05-26_京都04R_4歳以上障害未勝利,202408031204,2910,障,良,晴,10,4歳以上障害未勝利,
2024-05-26_京都05R_3歳未勝利,202408031205,2000,芝,良,晴,14,3歳未勝利,
2024-05-26_京都06R_3歳1勝クラス,202408031206,1400,ダ,良,晴,12,3歳1勝クラス,
2024-05-26_京都07R_4歳以上1勝クラス,202408031207,1800,芝,良,晴,10,4歳以上1勝クラス,
2024-05-26_京都08R_4歳以上2勝クラス,202408031208,1200,ダ,良,晴,15,4歳以上2勝クラス,
2024-05-26_京都09R_與杼特別,202408031209,1900,ダ,良,晴,11,與杼特別,
2024-05-26_京都10R_安土城S,202408031210,1400,芝,良,晴,18,安土城S,L
2024-05-26_京都11R_白百合S,202408031211,1800,芝,良,晴,9,白百合S,L
2024-05-26_京都12R_渡月橋S,202408031212,1400,芝,良,晴,16,渡月橋S,
2024-06-01_京都01R_3歳未勝利,202408040101,1400,ダ,稍,晴,16,3歳未勝利,
2024-06-01_京都02R_3歳未勝利,202408040102,1800,ダ,稍,晴,16,3歳未勝利,
2024-06-01_京都03R_3歳未勝利,202408040103,1200,ダ,稍,晴,16,3歳未勝利,
2024-06-01_京都04R_3歳未勝利,202408040104,1600,芝,良,晴,18,3歳未勝利,
2024-06-01_京都05R_2歳新馬,202408040105,1600,芝,良,晴,11,2歳新馬,
2024-06-01_京都06R_3歳以上1勝クラス,202408040106,1800,ダ,稍,晴,13,3歳以上1勝クラス,
2024-06-01_京都07R_3歳以上1勝クラス,202408040107,2200,芝,良,晴,9,3歳以上1勝クラス,
2024-06-01_京都08R_聖護院特別,202408040108,1800,芝,良,晴,7,聖護院特別,
2024-06-01_京都09R_3歳以上1勝クラス,202408040109,1200,ダ,稍,晴,16,3歳以上1勝クラス,
2024-06-01_京都10R_若狭湾特別,202408040110,1800,ダ,稍,晴,10,若狭湾特別,
2024-06-01_京都11R_鳴尾記念,202408040111,2000,芝,良,晴,14,鳴尾記念,G3
2024-06-01_京都12R_3歳以上2勝クラス,202408040112,1200,ダ,稍,晴,14,3歳以上2勝クラス,
2024-06-02_京都01R_3歳以上障害OP,202408040201,3170,障,良,曇,10,3歳以上障害OP,OP
2024-06-02_京都02R_3歳未勝利,202408040202,1800,ダ,稍,曇,16,3歳未勝利,
2024-06-02_京都03R_3歳未勝利,202408040203,1400,ダ,稍,曇,16,3歳未勝利,
2024-06-02_京都04R_3歳未勝利,202408040204,2000,芝,良,曇,18,3歳未勝利,
2024-06-02_京都05R_2歳新馬,202408040205,1400,芝,良,曇,13,2歳新馬,
2024-06-02_京都06R_3歳未勝利,202408040206,1900,ダ,稍,曇,16,3歳未勝利,
2024-06-02_京都07R_3歳以上1勝クラス,202408040207,1800,芝,良,曇,9,3歳以上1勝クラス,
2024-06-02_京都08R_3歳以上1勝クラス,202408040208,1800,ダ,稍,曇,11,3歳以上1勝クラス,
2024-06-02_京都09R_祇園特別,202408040209,1200,芝,良,曇,14,祇園特別,
2024-06-02_京都10R_下鴨S,202408040210,2000,芝,良,曇,13,下鴨S,
2024-06-02_京都11R_松風月S,202408040211,1200,ダ,稍,曇,16,松風月S,OP
2024-06-02_京都12R_3歳以上1勝クラス,202408040212,1400,芝,稍,雨,16,3歳以上1勝クラス,
2024-06-08_京都01R_3歳未勝利,202408040301,1800,ダ,良,晴,16,3歳未勝利,
2024-06-08_京都02R_3歳未勝利,202408040302,1200,ダ,良,晴,16,3歳未勝利,
2024-06-08_京都03R_3歳未勝利,202408040303,1800,ダ,良,晴,16,3歳未勝利,
2024-06-08_京都04R_3歳未勝利,202408040304,1200,芝,良,晴,18,3歳未勝利,
2024-06-08_京都05R_2歳新馬,202408040305,1600,芝,良,晴,12,2歳新馬,
2024-06-08_京都06R_3歳未勝利,202408040306,2400,芝,良,晴,18,3歳未勝利,
2024-06-08_京都07R_3歳以上1勝クラス,202408040307,1900,ダ,良,晴,16,3歳以上1勝クラス,
2024-06-08_京都08R_3歳以上2勝クラス,202408040308,1800,ダ,良,晴,10,3歳以上2勝クラス,
2024-06-08_京都09R_一乗寺特別,202408040309,2000,芝,良,曇,9,一乗寺特別,
2024-06-08_京都10R_長浜特別,202408040310,1400,ダ,良,曇,11,長浜特別,
2024-06-08_京都11R_水無月S,202408040311,1600,芝,良,曇,10,水無月S,
2024-06-08_京都12R_3歳以上1勝クラス,202408040312,1400,ダ,良,晴,16,3歳以上1勝クラス,
2024-06-09_京都01R_3歳以上障害未勝利,202408040401,2910,障,稍,曇,10,3歳以上障害未勝利,
2024-06-09_京都02R_3歳未勝利,202408040402,1400,ダ,稍,曇,16,3歳未勝利,
2024-06-09_京都03R_3歳未勝利,202408040403,1800,ダ,稍,曇,16,3歳未勝利,
2024-06-09_京都04R_3歳未勝利,202408040404,1600,芝,稍,曇,18,3歳未勝利,
2024-06-09_京都05R_2歳新馬,202408040405,1200,芝,稍,曇,7,2歳新馬,
2024-06-09_京都06R_3歳未勝利,202408040406,1800,芝,稍,曇,18,3歳未勝利,
2024-06-09_京都07R_3歳以上1勝クラス,202408040407,1800,ダ,稍,曇,16,3歳以上1勝クラス,
2024-06-09_京都08R_3歳以上1勝クラス,202408040408,1600,芝,稍,曇,12,3歳以上1勝クラス,
2024-06-09_京都09R_常盤特別,202408040409,2400,芝,稍,小雨,9,常盤特別,
2024-06-09_京都10R_安芸S,202408040410,1200,ダ,稍,曇,16,安芸S,
2024-06-09_京都11R_三宮S,202408040411,1800,ダ,稍,曇,16,三宮S,OP
2024-06-09_京都12R_3歳以上1勝クラス,202408040412,1200,芝,稍,曇,13,3歳以上1勝クラス,
2024-06-15_京都01R_3歳以上障害OP,202408040501,3170,障,良,晴,13,3歳以上障害OP,OP
2024-06-15_京都02R_3歳未勝利,202408040502,1800,ダ,良,晴,16,3歳未勝利,
2024-06-15_京都03R_3歳未勝利,202408040503,1200,ダ,良,晴,16,3歳未勝利,
2024-06-15_京都04R_3歳未勝利,202408040504,1400,芝,良,晴,18,3歳未勝利,
2024-06-15_京都05R_2歳新馬,202408040505,1200,ダ,良,晴,10,2歳新馬,
2024-06-15_京都06R_3歳未勝利,202408040506,1900,ダ,良,晴,16,3歳未勝利,
2024-06-15_京都07R_3歳以上1勝クラス,202408040507,1800,芝,良,晴,8,3歳以上1勝クラス,
2024-06-15_京都08R_3歳以上1勝クラス,202408040508,1800,ダ,良,曇,14,3歳以上1勝クラス,
2024-06-15_京都09R_稲荷特別,202408040509,2000,芝,良,曇,13,稲荷特別,
2024-06-15_京都10R_保津峡S,202408040510,2200,芝,良,曇,15,保津峡S,
2024-06-15_京都11R_米子S,202408040511,1600,芝,良,曇,16,米子S,L
2024-06-15_京都12R_3歳以上1勝クラス,202408040512,1200,ダ,良,曇,16,3歳以上1勝クラス,
2024-06-16_京都01R_3歳未勝利,202408040601,1200,ダ,稍,曇,15,3歳未勝利,
2024-06-16_京都02R_3歳未勝利,202408040602,1800,ダ,稍,晴,16,3歳未勝利,
2024-06-16_京都03R_3歳未勝利,202408040603,1400,ダ,稍,晴,16,3歳未勝利,
2024-06-16_京都04R_3歳未勝利,202408040604,2000,芝,稍,晴,16,3歳未勝利,
2024-06-16_京都05R_2歳新馬,202408040605,1600,芝,良,晴,10,2歳新馬,
2024-06-16_京都06R_3歳以上1勝クラス,202408040606,1400,ダ,良,晴,16,3歳以上1勝クラス,
2024-06-16_京都07R_3歳以上1勝クラス,202408040607,2400,芝,良,晴,11,3歳以上1勝クラス,
2024-06-16_京都08R_3歳以上1勝クラス,202408040608,1400,芝,良,晴,15,3歳以上1勝クラス,
2024-06-16_京都09R_皆生特別,202408040609,1600,芝,良,晴,9,皆生特別,
2024-06-16_京都10R_天橋立S,202408040610,1800,ダ,良,晴,16,天橋立S,
2024-06-16_京都11R_マーメイドS,202408040611,2000,芝,良,晴,16,マーメイドS,G3
2024-06-16_京都12R_3歳以上2勝クラス,202408040612,1800,ダ,良,晴,16,3歳以上2勝クラス,
2024-06-22_京都01R_2歳未勝利,202408040701,1600,芝,良,晴,7,2歳未勝利,
2024-06-22_京都02R_3歳未勝利,202408040702,1800,ダ,重,晴,16,3歳未勝利,
2024-06-22_京都03R_3歳未勝利,202408040703,1400,ダ,重,晴,16,3歳未勝利,
2024-06-22_京都04R_3歳未勝利,202408040704,1900,ダ,重,晴,16,3歳未勝利,
2024-06-22_京都05R_2歳新馬,202408040705,1400,芝,良,晴,12,2歳新馬,
2024-06-22_京都06R_3歳未勝利,202408040706,1800,芝,良,曇,18,3歳未勝利,
2024-06-22_京都07R_3歳以上1勝クラス,202408040707,1800,ダ,稍,曇,16,3歳以上1勝クラス,
2024-06-22_京都08R_3歳以上1勝クラス,202408040708,1400,ダ,稍,曇,16,3歳以上1勝クラス,
2024-06-22_京都09R_京極特別,202408040709,1900,ダ,稍,曇,12,京極特別,
2024-06-22_京都10R_ストークS,202408040710,1400,芝,良,曇,17,ストークS,
2024-06-22_京都11R_天保山S,202408040711,1400,ダ,稍,曇,16,天保山S,OP
2024-06-22_京都12R_3歳以上1勝クラス,202408040712,1600,芝,良,小雨,15,3歳以上1勝クラス,
2024-06-23_京都01R_3歳未勝利,202408040801,1400,ダ,不,小雨,16,3歳未勝利,
2024-06-23_京都02R_3歳未勝利,202408040802,1800,ダ,不,小雨,16,3歳未勝利,
2024-06-23_京都03R_3歳未勝利,202408040803,1200,ダ,不,小雨,15,3歳未勝利,
2024-06-23_京都04R_3歳未勝利,202408040804,1600,芝,重,小雨,18,3歳未勝利,
2024-06-23_京都05R_2歳新馬,202408040805,1800,芝,重,小雨,10,2歳新馬,
2024-06-23_京都06R_3歳未勝利,202408040806,2200,芝,重,小雨,18,3歳未勝利,
2024-06-23_京都07R_3歳以上1勝クラス,202408040807,1800,ダ,不,雨,15,3歳以上1勝クラス,
2024-06-23_京都08R_木屋町特別,202408040808,2000,芝,重,雨,8,木屋町特別,
2024-06-23_京都09R_瀬田特別,202408040809,1400,芝,重,曇,18,瀬田特別,
2024-06-23_京都10R_サイレンススズカC,202408040810,1400,ダ,不,曇,15,サイレンススズカC,
2024-06-23_京都11R_宝塚記念,202408040811,2200,芝,重,曇,13,宝塚記念,G1
2024-06-23_京都12R_リボン賞,202408040812,1200,ダ,不,曇,16,リボン賞,
2024-10-05_京都01R_2歳未勝利,202408050101,1200,ダ,稍,晴,12,2歳未勝利,
2024-10-05_京都02R_2歳未勝利,202408050102,1800,ダ,稍,晴,10,2歳未勝利,
2024-10-05_京都03R_2歳未勝利,202408050103,1800,芝,良,晴,8,2歳未勝利,
2024-10-05_京都04R_2歳新馬,202408050104,1400,ダ,稍,晴,16,2歳新馬,
2024-10-05_京都05R_2歳新馬,202408050105,1600,芝,良,晴,15,2歳新馬,
2024-10-05_京都06R_3歳以上1勝クラス,202408050106,1400,ダ,稍,晴,14,3歳以上1勝クラス,
2024-10-05_京都07R_3歳以上1勝クラス,202408050107,1800,ダ,稍,晴,10,3歳以上1勝クラス,
2024-10-05_京都08R_3歳以上2勝クラス,202408050108,2400,芝,良,晴,8,3歳以上2勝クラス,
2024-10-05_京都09R_りんどう賞,202408050109,1400,芝,良,晴,11,りんどう賞,
2024-10-05_京都10R_大山崎S,202408050110,1200,ダ,稍,晴,16,大山崎S,
2024-10-05_京都11R_オパールS,202408050111,1200,芝,良,晴,18,オパールS,L
2024-10-05_京都12R_3歳以上2勝クラス,202408050112,1800,ダ,稍,晴,14,3歳以上2勝クラス,
2024-10-06_京都01R_2歳未勝利,202408050201,1400,ダ,良,晴,11,2歳未勝利,
2024-10-06_京都02R_2歳未勝利,202408050202,1400,芝,良,晴,14,2歳未勝利,
2024-10-06_京都03R_2歳新馬,202408050203,1800,ダ,良,晴,16,2歳新馬,
2024-10-06_京都04R_2歳新馬,202408050204,1400,芝,良,晴,17,2歳新馬,
2024-10-06_京都05R_2歳新馬,202408050205,1800,芝,良,晴,13,2歳新馬,
2024-10-06_京都06R_3歳以上1勝クラス,202408050206,1800,ダ,良,晴,8,3歳以上1勝クラス,
2024-10-06_京都07R_3歳以上1勝クラス,202408050207,1800,芝,良,晴,16,3歳以上1勝クラス,
2024-10-06_京都08R_3歳以上2勝クラス,202408050208,1400,ダ,良,晴,12,3歳以上2勝クラス,
2024-10-06_京都09R_長岡京S,202408050209,1400,芝,良,晴,16,長岡京S,
2024-10-06_京都10R_藤森S,202408050210,1200,ダ,良,晴,16,藤森S,OP
2024-10-06_京都11R_京都大賞典,202408050211,2400,芝,良,晴,11,京都大賞典,G2
2024-10-06_京都12R_3歳以上2勝クラス,202408050212,1200,ダ,良,晴,15,3歳以上2勝クラス,
2024-10-12_京都01R_2歳未勝利,202408050301,1200,ダ,良,晴,15,2歳未勝利,
2024-10-12_京都02R_2歳未勝利,202408050302,1800,ダ,良,晴,11,2歳未勝利,
2024-10-12_京都03R_2歳未勝利,202408050303,1600,芝,良,晴,16,2歳未勝利,
2024-10-12_京都04R_2歳新馬,202408050304,1800,ダ,良,晴,16,2歳新馬,
2024-10-12_京都05R_2歳新馬,202408050305,2000,芝,良,晴,13,2歳新馬,
2024-10-12_京都06R_3歳以上1勝クラス,202408050306,1800,ダ,良,晴,13,3歳以上1勝クラス,
2024-10-12_京都07R_3歳以上1勝クラス,202408050307,1400,ダ,良,晴,16,3歳以上1勝クラス,
2024-10-12_京都08R_紫菊賞,202408050308,1800,芝,良,晴,6,紫菊賞,
2024-10-12_京都09R_3歳以上2勝クラス,202408050309,1800,ダ,良,晴,13,3歳以上2勝クラス,
2024-10-12_京都10R_大原S,202408050310,1800,芝,良,晴,14,大原S,
2024-10-12_京都11R_大阪スポーツ杯,202408050311,1800,ダ,良,晴,16,大阪スポーツ杯,OP
2024-10-12_京都12R_3歳以上2勝クラス,202408050312,1200,芝,良,晴,17,3歳以上2勝クラス,
2024-10-13_京都01R_2歳未勝利,202408050401,1400,ダ,良,晴,11,2歳未勝利,
2024-10-13_京都02R_2歳未勝利,202408050402,1800,ダ,良,晴,10,2歳未勝利,
2024-10-13_京都03R_2歳未勝利,202408050403,2000,芝,良,晴,9,2歳未勝利,
2024-10-13_京都04R_2歳新馬,202408050404,1200,芝,良,晴,16,2歳新馬,
2024-10-13_京都05R_2歳新馬,202408050405,1800,芝,良,晴,11,2歳新馬,
2024-10-13_京都06R_3歳以上1勝クラス,202408050406,1800,ダ,良,晴,10,3歳以上1勝クラス,
2024-10-13_京都07R_3歳以上2勝クラス,202408050407,1800,芝,良,晴,8,3歳以上2勝クラス,
2024-10-13_京都08R_もみじS,202408050408,1400,芝,良,晴,6,もみじS,OP
2024-10-13_京都09R_3歳以上1勝クラス,202408050409,1200,ダ,良,晴,14,3歳以上1勝クラス,
2024-10-13_京都10R_アカイトリノムスメC,202408050410,1800,ダ,良,晴,13,アカイトリノムスメC,
2024-10-13_京都11R_秋華賞,202408050411,2000,芝,良,晴,15,秋華賞,G1
2024-10-13_京都12R_亀岡特別,202408050412,1400,ダ,良,晴,10,亀岡特別,
2024-10-19_京都01R_2歳未勝利,202408050501,1400,ダ,良,曇,12,2歳未勝利,
2024-10-19_京都02R_2歳未勝利,202408050502,1600,芝,良,小雨,10,2歳未勝利,
2024-10-19_京都03R_2歳未勝利,202408050503,1800,芝,良,小雨,10,2歳未勝利,
2024-10-19_京都04R_2歳新馬,202408050504,1800,ダ,稍,雨,16,2歳新馬,
2024-10-19_京都05R_2歳新馬,202408050505,1400,芝,稍,曇,14,2歳新馬,
2024-10-19_京都06R_3歳以上1勝クラス,202408050506,2400,芝,稍,小雨,6,3歳以上1勝クラス,
2024-10-19_京都07R_3歳以上1勝クラス,202408050507,1800,ダ,稍,小雨,11,3歳以上1勝クラス,
2024-10-19_京都08R_3歳以上1勝クラス,202408050508,1400,ダ,稍,雨,15,3歳以上1勝クラス,
2024-10-19_京都09R_北國新聞杯,202408050509,1900,ダ,稍,雨,12,北國新聞杯,
2024-10-19_京都10R_宝ケ池特別,202408050510,1600,芝,稍,雨,9,宝ケ池特別,
2024-10-19_京都11R_オータムリーフS,202408050511,1400,ダ,稍,小雨,14,オータムリーフS,OP
2024-10-19_京都12R_3歳以上2勝クラス,202408050512,1200,ダ,稍,小雨,15,3歳以上2勝クラス,
2024-10-20_京都01R_2歳未勝利,202408050601,1800,ダ,稍,晴,8,2歳未勝利,
2024-10-20_京都02R_2歳未勝利,202408050602,1200,芝,稍,晴,10,2歳未勝利,
2024-10-20_京都03R_2歳新馬,202408050603,1200,ダ,稍,晴,16,2歳新馬,
2024-10-20_京都04R_2歳新馬,202408050604,1600,芝,稍,晴,17,2歳新馬,
2024-10-20_京都05R_2歳新馬,202408050605,1800,芝,良,晴,11,2歳新馬,
2024-10-20_京都06R_3歳以上1勝クラス,202408050606,1800,ダ,稍,晴,8,3歳以上1勝クラス,
2024-10-20_京都07R_3歳以上2勝クラス,202408050607,1800,ダ,稍,晴,16,3歳以上2勝クラス,
2024-10-20_京都08R_なでしこ賞,202408050608,1400,ダ,稍,晴,11,なでしこ賞,
2024-10-20_京都09R_清滝特別,202408050609,2200,芝,良,晴,8,清滝特別,
2024-10-20_京都10R_キセキC,202408050610,1600,芝,良,晴,17,キセキC,
2024-10-20_京都11R_菊花賞,202408050611,3000,芝,良,晴,18,菊花賞,G1
2024-10-20_京都12R_桂川S,202408050612,1400,ダ,稍,晴,13,桂川S,
2024-10-26_京都01R_2歳未勝利,202408050701,1400,ダ,良,曇,13,2歳未勝利,
2024-10-26_京都02R_2歳未勝利,202408050702,1800,ダ,良,曇,11,2歳未勝利,
2024-10-26_京都03R_2歳未勝利,202408050703,1600,芝,良,曇,12,2歳未勝利,
2024-10-26_京都04R_2歳新馬,202408050704,1400,ダ,良,曇,16,2歳新馬,
2024-10-26_京都05R_2歳新馬,202408050705,2000,芝,良,曇,13,2歳新馬,
2024-10-26_京都06R_3歳以上1勝クラス,202408050706,1800,ダ,良,曇,8,3歳以上1勝クラス,
2024-10-26_京都07R_3歳以上1勝クラス,202408050707,2000,芝,良,曇,11,3歳以上1勝クラス,
2024-10-26_京都08R_萩S,202408050708,1800,芝,良,曇,6,萩S,L
2024-10-26_京都09R_3歳以上2勝クラス,202408050709,1400,芝,良,曇,15,3歳以上2勝クラス,
2024-10-26_京都10R_ハロウィンS,202408050710,1900,ダ,良,曇,9,ハロウィンS,
2024-10-26_京都11R_スワンS,202408050711,1400,芝,良,曇,17,スワンS,G2
2024-10-26_京都12R_3歳以上2勝クラス,202408050712,1800,ダ,良,曇,15,3歳以上2勝クラス,
2024-10-27_京都01R_2歳未勝利,202408050801,1200,ダ,良,晴,9,2歳未勝利,
2024-10-27_京都02R_2歳未勝利,202408050802,1800,ダ,良,晴,14,2歳未勝利,
2024-10-27_京都03R_2歳未勝利,202408050803,2000,芝,良,晴,12,2歳未勝利,
2024-10-27_京都04R_2歳新馬,202408050804,1800,ダ,良,晴,16,2歳新馬,
2024-10-27_京都05R_2歳新馬,202408050805,1600,芝,良,曇,10,2歳新馬,
2024-10-27_京都06R_3歳以上1勝クラス,202408050806,1400,ダ,良,曇,15,3歳以上1勝クラス,
2024-10-27_京都07R_3歳以上1勝クラス,202408050807,1900,ダ,良,曇,11,3歳以上1勝クラス,
2024-10-27_京都08R_3歳以上1勝クラス,202408050808,1200,ダ,良,曇,15,3歳以上1勝クラス,
2024-10-27_京都09R_北野特別,202408050809,2000,芝,良,曇,8,北野特別,
2024-10-27_京都10R_古都S,202408050810,3000,芝,良,曇,8,古都S,
2024-10-27_京都11R_カシオペアS,202408050811,1800,芝,良,曇,18,カシオペアS,L
2024-10-27_京都12R_3歳以上2勝クラス,202408050812,1400,ダ,良,曇,12,3歳以上2勝クラス,
2024-11-02_京都01R_2歳未勝利,202408060101,1800,ダ,不,雨,7,2歳未勝利,
2024-11-02_京都02R_2歳未勝利,202408060102,1200,ダ,不,雨,11,2歳未勝利,
2024-11-02_京都03R_2歳未勝利,202408060103,1400,芝,重,雨,13,2歳未勝利,
2024-11-02_京都04R_2歳未勝利,202408060104,1800,芝,重,雨,8,2歳未勝利,
2024-11-02_京都05R_2歳新馬,202408060105,1400,ダ,不,雨,16,2歳新馬,
2024-11-02_京都06R_2歳新馬,202408060106,1600,芝,重,雨,14,2歳新馬,
2024-11-02_京都07R_3歳以上1勝クラス,202408060107,1800,ダ,不,雨,8,3歳以上1勝クラス,
2024-11-02_京都09R_衣笠特別,202408060109,1800,ダ,不,雨,10,衣笠特別,
2024-11-02_京都10R_貴船S,202408060110,1200,ダ,不,雨,16,貴船S,
2024-11-02_京都11R_ファンタジーS,202408060111,1400,芝,不,雨,15,ファンタジーS,G3
2024-11-02_京都12R_3歳以上2勝クラス,202408060112,1800,芝,不,曇,8,3歳以上2勝クラス,
2024-11-03_京都01R_2歳未勝利,202408060201,1400,ダ,重,晴,13,2歳未勝利,
2024-11-03_京都02R_2歳未勝利,202408060202,1800,ダ,重,晴,14,2歳未勝利,
2024-11-03_京都03R_2歳未勝利,202408060203,2000,芝,稍,晴,8,2歳未勝利,
2024-11-03_京都04R_2歳新馬,202408060204,1200,芝,稍,晴,14,2歳新馬,
2024-11-03_京都05R_2歳新馬,202408060205,1800,芝,稍,晴,10,2歳新馬,
2024-11-03_京都06R_3歳以上1勝クラス,202408060206,1800,ダ,重,晴,9,3歳以上1勝クラス,
2024-11-03_京都07R_3歳以上2勝クラス,202408060207,1200,ダ,重,晴,12,3歳以上2勝クラス,
2024-11-03_京都08R_3歳以上2勝クラス,202408060208,1400,ダ,重,晴,9,3歳以上2勝クラス,
2024-11-03_京都09R_もちの木賞,202408060209,1800,ダ,重,晴,12,もちの木賞,
2024-11-03_京都10R_醍醐S,202408060210,1200,芝,稍,晴,10,醍醐S,
2024-11-03_京都11R_みやこS,202408060211,1800,ダ,重,晴,15,みやこS,G3
2024-11-03_京都12R_3歳以上1勝クラス,202408060212,1600,芝,稍,晴,16,3歳以上1勝クラス,
2024-11-09_京都01R_2歳未勝利,202408060301,1200,ダ,良,晴,13,2歳未勝利,
2024-11-09_京都02R_2歳未勝利,202408060302,1800,ダ,良,晴,14,2歳未勝利,
2024-11-09_京都03R_2歳未勝利,202408060303,2000,芝,良,晴,11,2歳未勝利,
2024-11-09_京都04R_2歳新馬,202408060304,1800,ダ,良,晴,15,2歳新馬,
2024-11-09_京都05R_2歳新馬,202408060305,1600,芝,良,晴,14,2歳新馬,
2024-11-09_京都06R_3歳以上1勝クラス,202408060306,1800,ダ,良,晴,15,3歳以上1勝クラス,
2024-11-09_京都07R_3歳以上1勝クラス,202408060307,1200,ダ,良,晴,16,3歳以上1勝クラス,
2024-11-09_京都08R_京都JS,202408060308,3170,障,良,晴,7,京都JS,
2024-11-09_京都09R_修学院S,202408060309,2000,芝,良,晴,14,修学院S,
2024-11-09_京都10R_室町S,202408060310,1200,ダ,良,晴,16,室町S,OP
2024-11-09_京都11R_デイリー杯2歳S,202408060311,1600,芝,良,晴,7,デイリー杯2歳S,G2
2024-11-09_京都12R_3歳以上2勝クラス,202408060312,2400,芝,良,晴,6,3歳以上2勝クラス,
2024-11-10_京都01R_2歳未勝利,202408060401,1400,ダ,良,晴,16,2歳未勝利,
2024-11-10_京都02R_2歳未勝利,202408060402,1800,ダ,良,晴,10,2歳未勝利,
2024-11-10_京都03R_2歳未勝利,202408060403,1600,芝,良,晴,14,2歳未勝利,
2024-11-10_京都04R_2歳新馬,202408060404,1400,ダ,良,晴,14,2歳新馬,
2024-11-10_京都05R_2歳新馬,202408060405,2000,芝,良,晴,10,2歳新馬,
2024-11-10_京都06R_3歳以上1勝クラス,202408060406,2200,芝,良,晴,15,3歳以上1勝クラス,
2024-11-10_京都07R_3歳以上2勝クラス,202408060407,1800,ダ,良,晴,12,3歳以上2勝クラス,
2024-11-10_京都08R_3歳以上2勝クラス,202408060408,1400,ダ,良,晴,13,3歳以上2勝クラス,
2024-11-10_京都09R_黄菊賞,202408060409,2000,芝,良,晴,9,黄菊賞,
2024-11-10_京都10R_ラッキーライラックC,202408060410,1800,ダ,良,曇,14,ラッキーライラックC,
2024-11-10_京都11R_エリザベス女王杯,202408060411,2200,芝,良,曇,17,エリザベス女王杯,G1
2024-11-10_京都12R_ドンカスターC,202408060412,1400,芝,良,曇,14,ドンカスターC,
2024-11-16_京都01R_2歳未勝利,202408060501,1200,ダ,良,曇,16,2歳未勝利,
2024-11-16_京都02R_2歳未勝利,202408060502,1800,ダ,良,曇,11,2歳未勝利,
2024-11-16_京都03R_2歳未勝利,202408060503,1400,ダ,良,曇,13,2歳未勝利,
2024-11-16_京都04R_2歳未勝利,202408060504,1800,芝,良,曇,14,2歳未勝利,
2024-11-16_京都05R_2歳新馬,202408060505,1400,芝,良,曇,14,2歳新馬,
2024-11-16_京都06R_2歳新馬,202408060506,1800,ダ,良,小雨,16,2歳新馬,
2024-11-16_京都07R_3歳以上1勝クラス,202408060507,1400,ダ,良,小雨,16,3歳以上1勝クラス,
2024-11-16_京都08R_3歳以上2勝クラス,202408060508,1800,ダ,良,小雨,16,3歳以上2勝クラス,
2024-11-16_京都09R_秋明菊賞,202408060509,1400,芝,良,小雨,9,秋明菊賞,
2024-11-16_京都10R_近江特別,202408060510,1900,ダ,良,小雨,16,近江特別,
2024-11-16_京都11R_アンドロメダS,202408060511,2000,芝,良,曇,15,アンドロメダS,L
2024-11-16_京都12R_3歳以上2勝クラス,202408060512,2000,芝,良,曇,14,3歳以上2勝クラス,
2024-11-17_京都01R_2歳未勝利,202408060601,1200,芝,良,曇,18,2歳未勝利,
2024-11-17_京都02R_2歳未勝利,202408060602,1800,ダ,良,曇,12,2歳未勝利,
2024-11-17_京都03R_2歳未勝利,202408060603,1600,芝,良,曇,14,2歳未勝利,
2024-11-17_京都04R_2歳新馬,202408060604,1200,ダ,良,曇,12,2歳新馬,
2024-11-17_京都05R_2歳新馬,202408060605,1800,芝,良,曇,9,2歳新馬,
2024-11-17_京都06R_3歳以上1勝クラス,202408060606,1400,ダ,良,曇,16,3歳以上1勝クラス,
2024-11-17_京都07R_3歳以上1勝クラス,202408060607,1800,ダ,良,曇,15,3歳以上1勝クラス,
2024-11-17_京都08R_3歳以上2勝クラス,202408060608,1200,ダ,良,曇,16,3歳以上2勝クラス,
2024-11-17_京都09R_比叡S,202408060609,2400,芝,良,曇,17,比叡S,
2024-11-17_京都10R_グランアレグリアC,202408060610,1400,ダ,良,曇,15,グランアレグリアC,
2024-11-17_京都11R_マイルCS,202408060611,1600,芝,良,曇,17,マイルCS,G1
2024-11-17_京都12R_壬生特別,202408060612,1600,芝,良,曇,12,壬生特別,
2024-11-23_京都01R_2歳未勝利,202408060701,1400,ダ,良,曇,16,2歳未勝利,
2024-11-23_京都02R_2歳未勝利,202408060702,1800,ダ,良,曇,14,2歳未勝利,
2024-11-23_京都03R_2歳未勝利,202408060703,2000,芝,良,曇,10,2歳未勝利,
2024-11-23_京都04R_3歳以上障害未勝利,202408060704,2910,障,良,曇,11,3歳以上障害未勝利,
2024-11-23_京都05R_2歳新馬,202408060705,1600,芝,良,曇,11,2歳新馬,
2024-11-23_京都06R_2歳新馬,202408060706,1800,ダ,良,曇,11,2歳新馬,
2024-11-23_京都07R_3歳以上1勝クラス,202408060707,1200,ダ,良,曇,16,3歳以上1勝クラス,
2024-11-23_京都08R_3歳以上1勝クラス,202408060708,1900,ダ,良,曇,9,3歳以上1勝クラス,
2024-11-23_京都09R_栂尾特別,202408060709,1800,ダ,良,曇,13,栂尾特別,
2024-11-23_京都10R_コントレイルM,202408060710,2200,芝,良,曇,8,コントレイルM,
2024-11-23_京都11R_京都2歳S,202408060711,2000,芝,良,曇,8,京都2歳S,G3
2024-11-23_京都12R_3歳以上2勝クラス,202408060712,1200,芝,良,曇,16,3歳以上2勝クラス,
2024-11-24_京都01R_2歳未勝利,202408060801,1200,ダ,良,曇,16,2歳未勝利,
2024-11-24_京都02R_2歳未勝利,202408060802,1800,ダ,良,曇,13,2歳未勝利,
2024-11-24_京都03R_2歳未勝利,202408060803,1600,芝,良,曇,18,2歳未勝利,
2024-11-24_京都04R_2歳新馬,202408060804,1400,ダ,良,曇,14,2歳新馬,
2024-11-24_京都05R_3歳以上1勝クラス,202408060805,1800,ダ,良,曇,15,3歳以上1勝クラス,
2024-11-24_京都06R_2歳新馬,202408060806,2000,芝,良,曇,12,2歳新馬,
2024-11-24_京都07R_3歳以上1勝クラス,202408060807,1800,芝,良,曇,18,3歳以上1勝クラス,
2024-11-24_京都08R_3歳以上2勝クラス,202408060808,1400,ダ,良,曇,16,3歳以上2勝クラス,
2024-11-24_京都09R_花園S,202408060809,1800,ダ,良,曇,13,花園S,
2024-11-24_京都10R_清水S,202408060810,1600,芝,良,曇,13,清水S,
2024-11-24_京都11R_カノープスS,202408060811,1900,ダ,良,曇,16,カノープスS,OP
2024-11-24_京都12R_京阪杯,202408060812,1200,芝,良,曇,18,京阪杯,G3
2024-11-30_京都01R_2歳未勝利,202408070101,1800,ダ,稍,晴,14,2歳未勝利,
2024-11-30_京都02R_2歳未勝利,202408070102,1400,ダ,稍,晴,13,2歳未勝利,
2024-11-30_京都03R_2歳未勝利,202408070103,1800,ダ,稍,晴,11,2歳未勝利,
2024-11-30_京都04R_2歳新馬,202408070104,1200,ダ,稍,晴,11,2歳新馬,
2024-11-30_京都05R_2歳新馬,202408070105,1800,芝,良,晴,13,2歳新馬,
2024-11-30_京都06R_2歳未勝利,202408070106,1400,芝,良,晴,12,2歳未勝利,
2024-11-30_京都07R_3歳以上1勝クラス,202408070107,1800,ダ,稍,晴,12,3歳以上1勝クラス,
2024-11-30_京都08R_3歳以上1勝クラス,202408070108,1400,ダ,稍,晴,15,3歳以上1勝クラス,
2024-11-30_京都09R_さざんか賞,202408070109,1200,芝,良,晴,9,さざんか賞,
2024-11-30_京都10R_姫路S,202408070110,1200,ダ,稍,晴,16,姫路S,
2024-11-30_京都11R_チャレンジC,202408070111,2000,芝,良,晴,15,チャレンジC,G3
2024-11-30_京都12R_3歳以上2勝クラス,202408070112,1800,芝,良,晴,7,3歳以上2勝クラス,
2024-12-01_京都01R_2歳未勝利,202408070201,1200,ダ,良,晴,15,2歳未勝利,
2024-12-01_京都02R_2歳未勝利,202408070202,1600,芝,良,晴,10,2歳未勝利,
2024-12-01_京都03R_2歳未勝利,202408070203,1800,芝,良,晴,11,2歳未勝利,
2024-12-01_京都04R_3歳以上障害未勝利,202408070204,2910,障,良,晴,13,3歳以上障害未勝利,
2024-12-01_京都05R_2歳新馬,202408070205,1400,芝,良,晴,9,2歳新馬,
2024-12-01_京都06R_2歳新馬,202408070206,1800,ダ,良,晴,7,2歳新馬,
2024-12-01_京都07R_3歳以上1勝クラス,202408070207,1200,ダ,良,晴,14,3歳以上1勝クラス,
2024-12-01_京都08R_3歳以上2勝クラス,202408070208,1400,ダ,良,晴,16,3歳以上2勝クラス,
2024-12-01_京都09R_聚楽第特別,202408070209,1800,ダ,良,晴,11,聚楽第特別,
2024-12-01_京都10R_嵯峨野S,202408070210,1800,芝,良,晴,13,嵯峨野S,
2024-12-01_京都11R_ギャラクシーS,202408070211,1400,ダ,良,晴,16,ギャラクシーS,OP
2024-12-01_京都12R_3歳以上2勝クラス,202408070212,1400,芝,良,晴,12,3歳以上2勝クラス,
2024-12-07_京都01R_2歳未勝利,202408070301,1400,ダ,良,晴,13,2歳未勝利,
2024-12-07_京都02R_2歳未勝利,202408070302,1800,ダ,良,晴,7,2歳未勝利,
2024-12-07_京都03R_2歳未勝利,202408070303,1200,ダ,良,晴,14,2歳未勝利,
2024-12-07_京都04R_3歳以上障害OP,202408070304,3170,障,良,晴,11,3歳以上障害OP,OP
2024-12-07_京都05R_2歳新馬,202408070305,1200,芝,良,晴,10,2歳新馬,
2024-12-07_京都06R_2歳新馬,202408070306,1800,ダ,良,晴,9,2歳新馬,
2024-12-07_京都07R_2歳未勝利,202408070307,2000,芝,良,晴,10,2歳未勝利,
2024-12-07_京都08R_3歳以上1勝クラス,202408070308,1200,ダ,良,晴,13,3歳以上1勝クラス,
2024-12-07_京都09R_エリカ賞,202408070309,2000,芝,良,晴,7,エリカ賞,
2024-12-07_京都10R_花見小路特別,202408070310,1900,ダ,良,晴,14,花見小路特別,
2024-12-07_京都11R_リゲルS,202408070311,1600,芝,良,晴,13,リゲルS,L
2024-12-07_京都12R_3歳以上2勝クラス,202408070312,2400,芝,良,晴,10,3歳以上2勝クラス,
2024-12-08_京都01R_2歳未勝利,202408070401,1400,ダ,良,晴,11,2歳未勝利,
2024-12-08_京都02R_2歳未勝利,202408070402,1800,ダ,良,晴,12,2歳未勝利,
2024-12-08_京都03R_2歳未勝利,202408070403,1600,芝,良,晴,10,2歳未勝利,
2024-12-08_京都04R_2歳新馬,202408070404,1400,ダ,良,晴,16,2歳新馬,
2024-12-08_京都05R_2歳新馬,202408070405,1800,芝,良,曇,10,2歳新馬,
2024-12-08_京都06R_2歳1勝クラス,202408070406,1200,ダ,良,曇,10,2歳1勝クラス,
2024-12-08_京都07R_3歳以上1勝クラス,202408070407,1800,ダ,良,曇,10,3歳以上1勝クラス,
2024-12-08_京都08R_3歳以上2勝クラス,202408070408,1200,ダ,良,曇,15,3歳以上2勝クラス,
2024-12-08_京都09R_オリオンS,202408070409,2200,芝,良,小雨,12,オリオンS,
2024-12-08_京都10R_ブエナビスタC,202408070410,1900,ダ,良,小雨,10,ブエナビスタC,
2024-12-08_京都11R_阪神JF,202408070411,1600,芝,良,曇,18,阪神JF,G1
2024-12-08_京都12R_鹿ケ谷特別,202408070412,1200,芝,良,曇,11,鹿ケ谷特別,
2024-12-14_京都01R_2歳未勝利,202408070501,1200,ダ,良,小雨,15,2歳未勝利,
2024-12-14_京都02R_2歳未勝利,202408070502,1800,ダ,良,小雨,12,2歳未勝利,
2024-12-14_京都03R_2歳未勝利,202408070503,1200,芝,良,曇,15,2歳未勝利,
2024-12-14_京都04R_3歳以上障害OP,202408070504,3170,障,良,曇,10,3歳以上障害OP,OP
2024-12-14_京都05R_2歳新馬,202408070505,2000,芝,良,曇,10,2歳新馬,
2024-12-14_京都06R_2歳新馬,202408070506,1200,ダ,良,曇,14,2歳新馬,
2024-12-14_京都07R_2歳未勝利,202408070507,1800,芝,良,曇,18,2歳未勝利,
2024-12-14_京都08R_3歳以上1勝クラス,202408070508,1800,ダ,良,曇,16,3歳以上1勝クラス,
2024-12-14_京都09R_深草特別,202408070509,1200,ダ,良,曇,16,深草特別,
2024-12-14_京都10R_出町特別,202408070510,1800,ダ,良,曇,12,出町特別,
2024-12-14_京都11R_タンザナイトS,202408070511,1200,芝,良,曇,16,タンザナイトS,OP
2024-12-14_京都12R_3歳以上2勝クラス,202408070512,1600,芝,良,曇,14,3歳以上2勝クラス,
2024-12-15_京都01R_2歳未勝利,202408070601,1800,ダ,良,晴,13,2歳未勝利,
2024-12-15_京都02R_2歳未勝利,202408070602,1400,ダ,良,晴,16,2歳未勝利,
2024-12-15_京都03R_2歳未勝利,202408070603,1800,ダ,良,晴,14,2歳未勝利,
2024-12-15_京都04R_2歳未勝利,202408070604,1800,芝,良,晴,14,2歳未勝利,
2024-12-15_京都05R_2歳新馬,202408070605,1600,芝,良,晴,14,2歳新馬,
2024-12-15_京都06R_2歳新馬,202408070606,1800,ダ,良,晴,16,2歳新馬,
2024-12-15_京都07R_3歳以上1勝クラス,202408070607,1400,ダ,良,晴,16,3歳以上1勝クラス,
2024-12-15_京都08R_3歳以上1勝クラス,202408070608,2200,芝,良,晴,18,3歳以上1勝クラス,
2024-12-15_京都09R_小倉山特別,202408070609,1800,ダ,良,晴,11,小倉山特別,
2024-12-15_京都10R_サリオスC,202408070610,1400,ダ,良,晴,16,サリオスC,
2024-12-15_京都11R_朝日杯FS,202408070611,1600,芝,良,晴,16,朝日杯FS,G1
2024-12-15_京都12R_東山S,202408070612,1400,芝,良,晴,18,東山S,
2024-12-21_京都01R_2歳未勝利,202408070701,1800,ダ,良,曇,16,2歳未勝利,
2024-12-21_京都02R_2歳未勝利,202408070702,1200,ダ,良,曇,16,2歳未勝利,
2024-12-21_京都03R_2歳未勝利,202408070703,1800,ダ,良,曇,16,2歳未勝利,
2024-12-21_京都04R_2歳未勝利,202408070704,2000,芝,良,曇,16,2歳未勝利,
2024-12-21_京都05R_2歳新馬,202408070705,1600,芝,良,曇,17,2歳新馬,
2024-12-21_京都06R_2歳新馬,202408070706,1400,ダ,良,曇,16,2歳新馬,
2024-12-21_京都07R_3歳以上1勝クラス,202408070707,1800,ダ,良,曇,15,3歳以上1勝クラス,
2024-12-21_京都08R_3歳以上1勝クラス,202408070708,1400,ダ,良,曇,16,3歳以上1勝クラス,
2024-12-21_京都09R_万両賞,202408070709,1400,芝,良,曇,12,万両賞,
2024-12-21_京都10R_御陵S,202408070710,1800,ダ,良,曇,16,御陵S,
2024-12-21_京都11R_阪神カップ,202408070711,1400,芝,良,曇,18,阪神カップ,G2
2024-12-21_京都12R_3歳以上2勝クラス,202408070712,1800,芝,良,曇,13,3歳以上2勝クラス,
2024-12-22_京都01R_2歳未勝利,202408070801,1400,ダ,良,曇,16,2歳未勝利,
2024-12-22_京都02R_2歳未勝利,202408070802,1600,芝,良,曇,18,2歳未勝利,
2024-12-22_京都03R_2歳未勝利,202408070803,1400,芝,良,曇,18,2歳未勝利,
2024-12-22_京都04R_2歳新馬,202408070804,1800,ダ,良,曇,13,2歳新馬,
2024-12-22_京都05R_3歳以上障害未勝利,202408070805,2910,障,良,曇,14,3歳以上障害未勝利,
2024-12-22_京都06R_2歳新馬,202408070806,1800,芝,良,曇,14,2歳新馬,
2024-12-22_京都07R_3歳以上1勝クラス,202408070807,1200,ダ,良,晴,16,3歳以上1勝クラス,
2024-12-22_京都08R_3歳以上2勝クラス,202408070808,1400,ダ,良,晴,16,3歳以上2勝クラス,
2024-12-22_京都09R_クリスマスエルフ賞,202408070809,1800,ダ,良,晴,16,クリスマスエルフ賞,
2024-12-22_京都10R_サンタクロースS,202408070810,2000,芝,良,晴,14,サンタクロースS,
2024-12-22_京都11R_りんくうS,202408070811,1200,ダ,良,晴,16,りんくうS,OP
2024-12-22_京都12R_ジングルベル賞,202408070812,1400,芝,良,晴,17,ジングルベル賞,
2024-12-28_京都01R_2歳未勝利,202408070901,1400,ダ,良,晴,16,2歳未勝利,
2024-12-28_京都02R_2歳未勝利,202408070902,1800,ダ,良,晴,16,2歳未勝利,
2024-12-28_京都03R_2歳未勝利,202408070903,2000,芝,良,晴,16,2歳未勝利,
2024-12-28_京都04R_3歳以上障害未勝利,202408070904,2910,障,良,晴,14,3歳以上障害未勝利,
2024-12-28_京都05R_2歳新馬,202408070905,2000,芝,良,晴,16,2歳新馬,
2024-12-28_京都06R_2歳1勝クラス,202408070906,1800,ダ,良,晴,13,2歳1勝クラス,
2024-12-28_京都07R_3歳以上1勝クラス,202408070907,1800,芝,良,晴,18,3歳以上1勝クラス,
2024-12-28_京都08R_3歳以上1勝クラス,202408070908,1800,ダ,良,晴,16,3歳以上1勝クラス,
2024-12-28_京都09R_春待月賞,202408070909,1400,ダ,良,晴,16,春待月賞,
2024-12-28_京都10R_フォーチュンC,202408070910,2000,芝,良,晴,16,フォーチュンC,
2024-12-28_京都11R_ベテルギウスS,202408070911,1800,ダ,良,晴,16,ベテルギウスS,L
2024-12-28_京都12R_カウントダウンS,202408070912,1200,芝,良,晴,16,カウントダウンS,
2024-02-24_阪神01R_3歳未勝利,202409010101,1400,ダ,稍,曇,16,3歳未勝利,
2024-02-24_阪神02R_3歳未勝利,202409010102,1800,ダ,稍,曇,11,3歳未勝利,
2024-02-24_阪神03R_3歳未勝利,202409010103,1200,ダ,稍,曇,15,3歳未勝利,
2024-02-24_阪神04R_3歳未勝利,202409010104,1800,ダ,稍,曇,12,3歳未勝利,
2024-02-24_阪神05R_3歳未勝利,202409010105,2000,芝,稍,晴,13,3歳未勝利,
2024-02-24_阪神06R_4歳以上1勝クラス,202409010106,1800,ダ,稍,晴,11,4歳以上1勝クラス,
2024-02-24_阪神07R_4歳以上1勝クラス,202409010107,1600,芝,稍,晴,17,4歳以上1勝クラス,
2024-02-24_阪神08R_4歳以上2勝クラス,202409010108,1200,ダ,稍,晴,16,4歳以上2勝クラス,
2024-02-24_阪神09R_すみれS,202409010109,2200,芝,良,晴,10,すみれS,L
2024-02-24_阪神10R_伊丹S,202409010110,1800,ダ,稍,晴,13,伊丹S,
2024-02-24_阪神11R_仁川S,202409010111,2000,ダ,稍,晴,16,仁川S,L
2024-02-24_阪神12R_4歳以上2勝クラス,202409010112,1200,芝,良,晴,10,4歳以上2勝クラス,
2024-02-25_阪神01R_3歳未勝利,202409010201,1800,ダ,不,雨,13,3歳未勝利,
2024-02-25_阪神02R_3歳未勝利,202409010202,1400,ダ,不,小雨,14,3歳未勝利,
2024-02-25_阪神03R_3歳未勝利,202409010203,2000,ダ,不,小雨,11,3歳未勝利,
2024-02-25_阪神04R_3歳未勝利,202409010204,1600,芝,重,小雨,18,3歳未勝利,
2024-02-25_阪神05R_3歳1勝クラス,202409010205,1200,ダ,不,小雨,10,3歳1勝クラス,
2024-02-25_阪神06R_4歳以上1勝クラス,202409010206,1800,ダ,不,小雨,10,4歳以上1勝クラス,
2024-02-25_阪神07R_4歳以上2勝クラス,202409010207,2400,芝,重,小雨,7,4歳以上2勝クラス,
2024-02-25_阪神08R_4歳以上2勝クラス,202409010208,1800,ダ,不,小雨,10,4歳以上2勝クラス,
2024-02-25_阪神09R_松籟S,202409010209,3000,芝,重,小雨,12,松籟S,
2024-02-25_阪神10R_マーガレットS,202409010210,1200,芝,重,小雨,11,マーガレットS,L
2024-02-25_阪神11R_阪急杯,202409010211,1400,芝,重,小雨,18,阪急杯,G3
2024-02-25_阪神12R_4歳以上1勝クラス,202409010212,1200,ダ,不,小雨,15,4歳以上1勝クラス,
2024-03-02_阪神01R_3歳未勝利,202409010301,1800,ダ,重,晴,12,3歳未勝利,
2024-03-02_阪神02R_3歳未勝利,202409010302,1400,ダ,重,晴,15,3歳未勝利,
2024-03-02_阪神03R_3歳未勝利,202409010303,1800,ダ,重,曇,14,3歳未勝利,
2024-03-02_阪神04R_3歳未勝利,202409010304,1800,芝,稍,曇,18,3歳未勝利,
2024-03-02_阪神05R_3歳未勝利,202409010305,2200,芝,稍,曇,12,3歳未勝利,
2024-03-02_阪神06R_3歳1勝クラス,202409010306,1800,ダ,稍,曇,6,3歳1勝クラス,
2024-03-02_阪神07R_4歳以上1勝クラス,202409010307,2000,ダ,稍,曇,8,4歳以上1勝クラス,
2024-03-02_阪神08R_4歳以上1勝クラス,202409010308,1400,ダ,稍,曇,14,4歳以上1勝クラス,
2024-03-02_阪神09R_千里山特別,202409010309,2000,芝,稍,曇,8,千里山特別,
2024-03-02_阪神10R_なにわS,202409010310,1200,ダ,稍,曇,16,なにわS,
2024-03-02_阪神11R_チューリップ賞,202409010311,1600,芝,稍,曇,16,チューリップ賞,G2
2024-03-02_阪神12R_4歳以上2勝クラス,202409010312,1400,芝,稍,曇,13,4歳以上2勝クラス,
2024-03-03_阪神01R_3歳未勝利,202409010401,1200,ダ,稍,晴,16,3歳未勝利,
2024-03-03_阪神02R_3歳未勝利,202409010402,1800,ダ,稍,晴,15,3歳未勝利,
2024-03-03_阪神03R_3歳未勝利,202409010403,1400,ダ,稍,晴,16,3歳未勝利,
2024-03-03_阪神04R_3歳未勝利,202409010404,1600,芝,良,晴,15,3歳未勝利,
2024-03-03_阪神05R_3歳1勝クラス,202409010405,1400,ダ,稍,晴,11,3歳1勝クラス,
2024-03-03_阪神06R_4歳以上1勝クラス,202409010406,1800,ダ,稍,晴,8,4歳以上1勝クラス,
2024-03-03_阪神07R_4歳以上1勝クラス,202409010407,2000,芝,良,晴,6,4歳以上1勝クラス,
2024-03-03_阪神08R_アルメリア賞,202409010408,1800,芝,良,晴,7,アルメリア賞,
2024-03-03_阪神09R_4歳以上2勝クラス,202409010409,1800,ダ,良,晴,12,4歳以上2勝クラス,
2024-03-03_阪神10R_戎橋S,202409010410,1400,芝,良,晴,14,戎橋S,
2024-03-03_阪神11R_大阪城S,202409010411,1800,芝,良,晴,15,大阪城S,L
2024-03-03_阪神12R_4歳以上2勝クラス,202409010412,1400,ダ,良,晴,15,4歳以上2勝クラス,
2024-03-09_阪神01R_3歳未勝利,202409010501,1200,ダ,良,晴,16,3歳未勝利,
2024-03-09_阪神02R_3歳未勝利,202409010502,1800,ダ,良,晴,12,3歳未勝利,
2024-03-09_阪神03R_3歳未勝利,202409010503,1400,ダ,良,曇,16,3歳未勝利,
2024-03-09_阪神04R_3歳未勝利,202409010504,2000,芝,良,曇,13,3歳未勝利,
2024-03-09_阪神05R_3歳未勝利,202409010505,1600,芝,良,曇,15,3歳未勝利,
2024-03-09_阪神06R_4歳以上1勝クラス,202409010506,1800,ダ,良,曇,10,4歳以上1勝クラス,
2024-03-09_阪神07R_4歳以上1勝クラス,202409010507,1400,ダ,良,曇,12,4歳以上1勝クラス,
2024-03-09_阪神08R_阪神スプリングJ,202409010508,3900,障,良,曇,10,阪神スプリングJ,
2024-03-09_阪神09R_ゆきやなぎ賞,202409010509,2400,芝,良,曇,7,ゆきやなぎ賞,
2024-03-09_阪神10R_難波S,202409010510,1800,芝,良,曇,10,難波S,
2024-03-09_阪神11R_コーラルS,202409010511,1400,ダ,良,曇,16,コーラルS,L
2024-03-09_阪神12R_4歳以上2勝クラス,202409010512,1800,ダ,良,曇,14,4歳以上2勝クラス,
2024-03-10_阪神01R_3歳未勝利,202409010601,1800,ダ,良,晴,11,3歳未勝利,
2024-03-10_阪神02R_3歳未勝利,202409010602,1200,ダ,良,晴,16,3歳未勝利,
2024-03-10_阪神03R_3歳未勝利,202409010603,1800,ダ,良,晴,13,3歳未勝利,
2024-03-10_阪神04R_3歳未勝利,202409010604,2000,芝,良,晴,10,3歳未勝利,
2024-03-10_阪神05R_3歳1勝クラス,202409010605,1600,芝,良,晴,11,3歳1勝クラス,
2024-03-10_阪神06R_3歳1勝クラス,202409010606,1400,ダ,良,晴,14,3歳1勝クラス,
2024-03-10_阪神07R_4歳以上1勝クラス,202409010607,1600,芝,良,晴,10,4歳以上1勝クラス,
2024-03-10_阪神08R_4歳以上1勝クラス,202409010608,1200,ダ,良,晴,16,4歳以上1勝クラス,
2024-03-10_阪神09R_天神橋特別,202409010609,1600,芝,良,晴,10,天神橋特別,
2024-03-10_阪神10R_オークランドTRT,202409010610,2000,ダ,良,晴,16,オークランドTRT,
2024-03-10_阪神11R_フィリーズR,202409010611,1400,芝,良,晴,15,フィリーズR,G2
2024-03-10_阪神12R_4歳以上2勝クラス,202409010612,1200,ダ,良,晴,13,4歳以上2勝クラス,
2024-03-16_阪神01R_3歳未勝利,202409010701,1400,ダ,良,晴,16,3歳未勝利,
2024-03-16_阪神02R_3歳未勝利,202409010702,1800,ダ,良,晴,14,3歳未勝利,
2024-03-16_阪神03R_3歳未勝利,202409010703,1200,ダ,良,晴,16,3歳未勝利,
2024-03-16_阪神04R_3歳未勝利,202409010704,2000,ダ,良,晴,11,3歳未勝利,
2024-03-16_阪神05R_3歳未勝利,202409010705,2400,芝,良,晴,10,3歳未勝利,
2024-03-16_阪神06R_3歳1勝クラス,202409010706,1200,芝,良,晴,10,3歳1勝クラス,
2024-03-16_阪神07R_4歳以上1勝クラス,202409010707,1800,ダ,良,晴,9,4歳以上1勝クラス,
2024-03-16_阪神08R_4歳以上2勝クラス,202409010708,1800,ダ,良,晴,15,4歳以上2勝クラス,
2024-03-16_阪神09R_淡路特別,202409010709,2600,芝,良,晴,9,淡路特別,
2024-03-16_阪神10R_淀屋橋S,202409010710,1200,芝,良,晴,16,淀屋橋S,
2024-03-16_阪神11R_若葉S,202409010711,2000,芝,良,晴,10,若葉S,L
2024-03-16_阪神12R_4歳以上1勝クラス,202409010712,1400,ダ,良,晴,14,4歳以上1勝クラス,
2024-03-17_阪神01R_3歳未勝利,202409010801,1800,ダ,良,曇,10,3歳未勝利,
2024-03-17_阪神02R_3歳未勝利,202409010802,1400,ダ,良,曇,16,3歳未勝利,
2024-03-17_阪神03R_3歳未勝利,202409010803,1800,ダ,良,曇,11,3歳未勝利,
2024-03-17_阪神04R_4歳以上障害未勝利,202409010804,2970,障,良,曇,8,4歳以上障害未勝利,
2024-03-17_阪神05R_3歳未勝利,202409010805,1800,芝,良,雨,13,3歳未勝利,
2024-03-17_阪神06R_3歳1勝クラス,202409010806,1800,ダ,良,雨,15,3歳1勝クラス,
2024-03-17_阪神07R_4歳以上1勝クラス,202409010807,2400,芝,良,曇,8,4歳以上1勝クラス,
2024-03-17_阪神08R_4歳以上1勝クラス,202409010808,1800,ダ,良,雨,7,4歳以上1勝クラス,
2024-03-17_阪神09R_山陽特別,202409010809,1400,芝,稍,雨,11,山陽特別,
2024-03-17_阪神10R_鳴門S,202409010810,1400,ダ,稍,雨,11,鳴門S,
2024-03-17_阪神11R_阪神大賞典,202409010811,3000,芝,稍,曇,15,阪神大賞典,G2
2024-03-23_阪神01R_3歳未勝利,202409020101,1200,ダ,重,雨,16,3歳未勝利,
2024-03-23_阪神02R_3歳未勝利,202409020102,2000,ダ,重,雨,13,3歳未勝利,
2024-03-23_阪神03R_3歳未勝利,202409020103,1400,ダ,不,雨,16,3歳未勝利,
2024-03-23_阪神04R_4歳以上障害未勝利,202409020104,2970,障,重,雨,8,4歳以上障害未勝利,
2024-03-23_阪神05R_3歳未勝利,202409020105,1800,ダ,不,雨,13,3歳未勝利,
2024-03-23_阪神06R_3歳未勝利,202409020106,2000,芝,重,雨,12,3歳未勝利,
2024-03-23_阪神07R_3歳1勝クラス,202409020107,1400,芝,重,雨,10,3歳1勝クラス,
2024-03-23_阪神08R_4歳以上1勝クラス,202409020108,1800,ダ,不,小雨,13,4歳以上1勝クラス,
2024-03-23_阪神09R_君子蘭賞,202409020109,1800,芝,重,小雨,8,君子蘭賞,
2024-03-23_阪神10R_丹波特別,202409020110,1600,芝,重,曇,8,丹波特別,
2024-03-23_阪神11R_毎日杯,202409020111,1800,芝,重,曇,10,毎日杯,G3
2024-03-23_阪神12R_4歳以上1勝クラス,202409020112,1200,ダ,不,曇,12,4歳以上1勝クラス,
2024-03-24_阪神01R_3歳未勝利,202409020201,1800,ダ,不,曇,16,3歳未勝利,
2024-03-24_阪神02R_3歳未勝利,202409020202,1400,ダ,不,曇,16,3歳未勝利,
2024-03-24_阪神03R_3歳未勝利,202409020203,1800,ダ,不,雨,15,3歳未勝利,
2024-03-24_阪神04R_3歳未勝利,202409020204,1200,ダ,不,雨,16,3歳未勝利,
2024-03-24_阪神05R_3歳未勝利,202409020205,1600,芝,重,雨,18,3歳未勝利,
2024-03-24_阪神06R_3歳1勝クラス,202409020206,1200,ダ,不,雨,12,3歳1勝クラス,
2024-03-24_阪神07R_4歳以上1勝クラス,202409020207,1400,芝,重,雨,14,4歳以上1勝クラス,
2024-03-24_阪神08R_4歳以上2勝クラス,202409020208,2000,ダ,不,雨,14,4歳以上2勝クラス,
2024-03-24_阪神09R_四国新聞杯,202409020209,2000,芝,重,雨,10,四国新聞杯,
2024-03-24_阪神10R_御堂筋S,202409020210,2400,芝,重,雨,8,御堂筋S,
2024-03-24_阪神11R_六甲S,202409020211,1600,芝,重,曇,15,六甲S,L
2024-03-24_阪神12R_4歳以上2勝クラス,202409020212,1200,ダ,不,曇,16,4歳以上2勝クラス,
2024-03-30_阪神01R_3歳未勝利,202409020301,1800,ダ,稍,晴,13,3歳未勝利,
2024-03-30_阪神02R_3歳未勝利,202409020302,1200,ダ,稍,晴,16,3歳未勝利,
2024-03-30_阪神03R_3歳未勝利,202409020303,1800,芝,良,晴,18,3歳未勝利,
2024-03-30_阪神04R_3歳未勝利,202409020304,1400,芝,良,晴,18,3歳未勝利,
2024-03-30_阪神05R_3歳1勝クラス,202409020305,1800,ダ,稍,晴,11,3歳1勝クラス,
2024-03-30_阪神06R_4歳以上1勝クラス,202409020306,1800,芝,良,晴,11,4歳以上1勝クラス,
2024-03-30_阪神07R_4歳以上1勝クラス,202409020307,1400,ダ,稍,晴,16,4歳以上1勝クラス,
2024-03-30_阪神08R_三木ホースランドパークJS,202409020308,3140,障,良,晴,11,三木ホースランドパークJS,OP
2024-03-30_阪神09R_アザレア賞,202409020309,2400,芝,良,晴,7,アザレア賞,
2024-03-30_阪神10R_仲春特別,202409020310,1200,芝,良,晴,15,仲春特別,
2024-03-30_阪神11R_ポラリスS,202409020311,1400,ダ,稍,晴,15,ポラリスS,OP
2024-03-30_阪神12R_4歳以上2勝クラス,202409020312,1800,ダ,稍,晴,15,4歳以上2勝クラス,
2024-03-31_阪神01R_3歳未勝利,202409020401,1800,ダ,良,晴,13,3歳未勝利,
2024-03-31_阪神02R_3歳未勝利,202409020402,1400,ダ,良,晴,16,3歳未勝利,
2024-03-31_阪神03R_3歳未勝利,202409020403,1800,ダ,良,晴,9,3歳未勝利,
2024-03-31_阪神04R_3歳未勝利,202409020404,2400,芝,良,晴,10,3歳未勝利,
2024-03-31_阪神05R_3歳1勝クラス,202409020405,1600,芝,良,曇,9,3歳1勝クラス,
2024-03-31_阪神06R_4歳以上1勝クラス,202409020406,1800,ダ,良,曇,11,4歳以上1勝クラス,
2024-03-31_阪神07R_4歳以上2勝クラス,202409020407,1400,ダ,良,曇,16,4歳以上2勝クラス,
2024-03-31_阪神08R_4歳以上2勝クラス,202409020408,2000,芝,良,曇,15,4歳以上2勝クラス,
2024-03-31_阪神09R_バイオレットS,202409020409,1400,ダ,良,曇,11,バイオレットS,OP
2024-03-31_阪神10R_キタサンブラックC,202409020410,1400,芝,良,晴,17,キタサンブラックC,
2024-03-31_阪神11R_大阪杯,202409020411,2000,芝,良,晴,16,大阪杯,G1
2024-03-31_阪神12R_陽春S,202409020412,1200,ダ,良,曇,16,陽春S,
2024-04-06_阪神01R_3歳未勝利,202409020501,1800,ダ,稍,晴,16,3歳未勝利,
2024-04-06_阪神02R_3歳未勝利,202409020502,1400,ダ,稍,晴,16,3歳未勝利,
2024-04-06_阪神03R_3歳未勝利,202409020503,2000,ダ,稍,晴,10,3歳未勝利,
2024-04-06_阪神04R_3歳未勝利,202409020504,2000,芝,良,晴,16,3歳未勝利,
2024-04-06_阪神05R_3歳1勝クラス,202409020505,1800,ダ,稍,晴,12,3歳1勝クラス,
2024-04-06_阪神06R_3歳1勝クラス,202409020506,1200,芝,良,晴,10,3歳1勝クラス,
2024-04-06_阪神07R_4歳以上1勝クラス,202409020507,1800,ダ,稍,晴,12,4歳以上1勝クラス,
2024-04-06_阪神08R_4歳以上1勝クラス,202409020508,1200,ダ,稍,晴,16,4歳以上1勝クラス,
2024-04-06_阪神09R_白鷺特別,202409020509,2400,芝,良,晴,10,白鷺特別,
2024-04-06_阪神10R_大阪ーハンブルクC,202409020510,2600,芝,良,晴,14,大阪ーハンブルクC,OP
2024-04-06_阪神11R_阪神牝馬S,202409020511,1600,芝,良,曇,11,阪神牝馬S,G2
2024-04-06_阪神12R_4歳以上2勝クラス,202409020512,1200,ダ,稍,曇,13,4歳以上2勝クラス,
2024-04-07_阪神01R_3歳未勝利,202409020601,1400,ダ,良,晴,16,3歳未勝利,
2024-04-07_阪神02R_3歳未勝利,202409020602,1800,ダ,良,晴,16,3歳未勝利,
2024-04-07_阪神03R_3歳未勝利,202409020603,1200,ダ,良,晴,16,3歳未勝利,
2024-04-07_阪神04R_3歳未勝利,202409020604,1800,芝,良,晴,14,3歳未勝利,
2024-04-07_阪神05R_3歳1勝クラス,202409020605,1400,ダ,良,晴,16,3歳1勝クラス,
2024-04-07_阪神06R_4歳以上1勝クラス,202409020606,1800,ダ,良,晴,10,4歳以上1勝クラス,
2024-04-07_阪神07R_4歳以上2勝クラス,202409020607,1600,芝,良,晴,9,4歳以上2勝クラス,
2024-04-07_阪神08R_宝塚市制70周年記念,202409020608,1800,ダ,良,晴,11,宝塚市制70周年記念,
2024-04-07_阪神09R_忘れな草賞,202409020609,2000,芝,良,晴,8,忘れな草賞,L
2024-04-07_阪神10R_ダイワスカーレットC,202409020610,2000,芝,良,晴,16,ダイワスカーレットC,
2024-04-07_阪神11R_桜花賞,202409020611,1600,芝,良,晴,18,桜花賞,G1
2024-04-07_阪神12R_梅田S,202409020612,1800,ダ,良,晴,13,梅田S,
2024-04-13_阪神01R_3歳未勝利,202409020701,1800,ダ,良,晴,16,3歳未勝利,
2024-04-13_阪神02R_3歳未勝利,202409020702,1200,ダ,良,晴,16,3歳未勝利,
2024-04-13_阪神03R_3歳未勝利,202409020703,2000,ダ,良,晴,16,3歳未勝利,
2024-04-13_阪神04R_3歳未勝利,202409020704,1600,芝,良,晴,18,3歳未勝利,
2024-04-13_阪神05R_3歳未勝利,202409020705,2000,芝,良,晴,16,3歳未勝利,
2024-04-13_阪神06R_3歳1勝クラス,202409020706,1200,ダ,良,晴,15,3歳1勝クラス,
2024-04-13_阪神07R_4歳以上1勝クラス,202409020707,2400,芝,良,晴,12,4歳以上1勝クラス,
2024-04-13_阪神08R_4歳以上1勝クラス,202409020708,1800,ダ,良,晴,12,4歳以上1勝クラス,
2024-04-13_阪神09R_明石特別,202409020709,1800,芝,良,晴,11,明石特別,
2024-04-13_阪神10R_天満橋S,202409020710,1400,ダ,良,晴,15,天満橋S,
2024-04-13_阪神11R_アーリントンC,202409020711,1600,芝,良,晴,16,アーリントンC,G3
2024-04-13_阪神12R_4歳以上2勝クラス,202409020712,1800,ダ,良,晴,10,4歳以上2勝クラス,
2024-04-14_阪神01R_3歳未勝利,202409020801,1200,ダ,良,晴,16,3歳未勝利,
2024-04-14_阪神02R_3歳未勝利,202409020802,1400,ダ,良,晴,15,3歳未勝利,
2024-04-14_阪神03R_3歳未勝利,202409020803,1800,ダ,良,晴,16,3歳未勝利,
2024-04-14_阪神04R_3歳未勝利,202409020804,2200,芝,良,晴,15,3歳未勝利,
2024-04-14_阪神05R_3歳1勝クラス,202409020805,1800,ダ,良,晴,15,3歳1勝クラス,
2024-04-14_阪神06R_3歳1勝クラス,202409020806,2000,芝,良,晴,7,3歳1勝クラス,
2024-04-14_阪神07R_4歳以上1勝クラス,202409020807,1600,芝,良,晴,17,4歳以上1勝クラス,
2024-04-14_阪神08R_4歳以上1勝クラス,202409020808,1400,ダ,良,晴,12,4歳以上1勝クラス,
2024-04-14_阪神09R_三木特別,202409020809,1400,芝,良,晴,17,三木特別,
2024-04-14_阪神10R_立雲峡S,202409020810,1600,芝,良,晴,11,立雲峡S,
2024-04-14_阪神11R_アンタレスS,202409020811,1800,ダ,良,晴,16,アンタレスS,G3
2024-04-14_阪神12R_4歳以上2勝クラス,202409020812,1400,ダ,良,晴,15,4歳以上2勝クラス,
2024-01-13_小倉01R_3歳未勝利,202410010101,1700,ダ,良,晴,14,3歳未勝利,
2024-01-13_小倉02R_3歳未勝利,202410010102,2000,芝,良,晴,12,3歳未勝利,
2024-01-13_小倉03R_3歳未勝利,202410010103,1000,ダ,良,晴,12,3歳未勝利,
2024-01-13_小倉04R_4歳以上障害未勝利,202410010104,2860,障,良,晴,12,4歳以上障害未勝利,
2024-01-13_小倉05R_4歳以上障害未勝利,202410010105,2860,障,良,晴,12,4歳以上障害未勝利,
2024-01-13_小倉06R_4歳以上1勝クラス,202410010106,2600,芝,良,晴,16,4歳以上1勝クラス,
2024-01-13_小倉07R_4歳以上1勝クラス,202410010107,1700,ダ,良,晴,16,4歳以上1勝クラス,
2024-01-13_小倉08R_4歳以上1勝クラス,202410010108,1800,芝,良,晴,16,4歳以上1勝クラス,
2024-01-13_小倉09R_響灘特別,202410010109,1700,ダ,良,晴,16,響灘特別,
2024-01-13_小倉10R_小郡特別,202410010110,1200,芝,良,晴,11,小郡特別,
2024-01-13_小倉11R_愛知杯,202410010111,2000,芝,良,晴,14,愛知杯,G3
2024-01-13_小倉12R_4歳以上1勝クラス,202410010112,1200,芝,良,晴,18,4歳以上1勝クラス,
2024-01-14_小倉01R_3歳未勝利,202410010201,1700,ダ,良,晴,12,3歳未勝利,
2024-01-14_小倉02R_3歳未勝利,202410010202,1200,芝,良,晴,18,3歳未勝利,
2024-01-14_小倉03R_4歳以上1勝クラス,202410010203,1000,ダ,良,晴,14,4歳以上1勝クラス,
2024-01-14_小倉04R_4歳以上障害未勝利,202410010204,2860,障,良,晴,12,4歳以上障害未勝利,
2024-01-14_小倉05R_3歳新馬,202410010205,2000,芝,良,晴,14,3歳新馬,
2024-01-14_小倉06R_3歳未勝利,202410010206,1200,芝,良,晴,18,3歳未勝利,
2024-01-14_小倉07R_3歳未勝利,202410010207,1800,芝,良,晴,16,3歳未勝利,
2024-01-14_小倉08R_4歳以上1勝クラス,202410010208,1700,ダ,良,晴,12,4歳以上1勝クラス,
2024-01-14_小倉09R_玄海特別,202410010209,2000,芝,良,晴,13,玄海特別,
2024-01-14_小倉10R_壇之浦S,202410010210,1800,芝,良,晴,14,壇之浦S,
2024-01-14_小倉11R_門司S,202410010211,1700,ダ,良,晴,16,門司S,OP
2024-01-14_小倉12R_4歳以上1勝クラス,202410010212,1200,芝,良,晴,17,4歳以上1勝クラス,
2024-01-20_小倉01R_3歳未勝利,202410010301,1700,ダ,稍,小雨,13,3歳未勝利,
2024-01-20_小倉02R_3歳未勝利,202410010302,1200,芝,稍,雨,16,3歳未勝利,
2024-01-20_小倉03R_3歳未勝利,202410010303,1000,ダ,稍,雨,13,3歳未勝利,
2024-01-20_小倉04R_4歳以上障害未勝利,202410010304,2860,障,稍,雨,12,4歳以上障害未勝利,
2024-01-20_小倉05R_4歳以上障害OP,202410010305,2860,障,稍,雨,12,4歳以上障害OP,OP
2024-01-20_小倉06R_3歳未勝利,202410010306,1800,芝,稍,雨,11,3歳未勝利,
2024-01-20_小倉07R_4歳以上1勝クラス,202410010307,2000,芝,稍,雨,15,4歳以上1勝クラス,
2024-01-20_小倉08R_4歳以上1勝クラス,202410010308,2400,ダ,稍,雨,13,4歳以上1勝クラス,
2024-01-20_小倉09R_萌黄賞,202410010309,1200,芝,稍,雨,7,萌黄賞,
2024-01-20_小倉10R_戸畑特別,202410010310,2000,芝,稍,雨,17,戸畑特別,
2024-01-20_小倉11R_和布刈特別,202410010311,1700,ダ,稍,雨,13,和布刈特別,
2024-01-20_小倉12R_4歳以上1勝クラス,202410010312,1200,芝,稍,雨,17,4歳以上1勝クラス,
2024-01-21_小倉01R_3歳未勝利,202410010401,1700,ダ,重,曇,16,3歳未勝利,
2024-01-21_小倉02R_3歳未勝利,202410010402,1800,芝,重,曇,14,3歳未勝利,
2024-01-21_小倉03R_4歳以上1勝クラス,202410010403,1000,ダ,重,曇,14,4歳以上1勝クラス,
2024-01-21_小倉04R_4歳以上障害未勝利,202410010404,2860,障,重,曇,12,4歳以上障害未勝利,
2024-01-21_小倉05R_3歳新馬,202410010405,1200,芝,重,曇,18,3歳新馬,
2024-01-21_小倉06R_3歳未勝利,202410010406,2000,芝,重,曇,11,3歳未勝利,
2024-01-21_小倉07R_3歳未勝利,202410010407,1200,芝,重,曇,18,3歳未勝利,
2024-01-21_小倉08R_4歳以上1勝クラス,202410010408,1700,ダ,重,曇,16,4歳以上1勝クラス,
2024-01-21_小倉09R_八幡特別,202410010409,1200,芝,稍,曇,15,八幡特別,
2024-01-21_小倉10R_海の中道特別,202410010410,2600,芝,稍,曇,12,海の中道特別,
2024-01-21_小倉11R_豊前S,202410010411,1700,ダ,重,曇,16,豊前S,
2024-01-21_小倉12R_4歳以上1勝クラス,202410010412,1800,芝,稍,曇,15,4歳以上1勝クラス,
2024-01-27_小倉01R_3歳未勝利,202410010501,1700,ダ,良,晴,12,3歳未勝利,
2024-01-27_小倉02R_3歳未勝利,202410010502,2000,芝,良,晴,14,3歳未勝利,
2024-01-27_小倉03R_3歳未勝利,202410010503,1000,ダ,良,晴,11,3歳未勝利,
2024-01-27_小倉04R_4歳以上障害未勝利,202410010504,2860,障,良,晴,12,4歳以上障害未勝利,
2024-01-27_小倉05R_3歳未勝利,202410010505,1800,芝,良,晴,13,3歳未勝利,
2024-01-27_小倉06R_3歳未勝利,202410010506,1200,芝,良,晴,14,3歳未勝利,
2024-01-27_小倉07R_4歳以上1勝クラス,202410010507,1700,ダ,良,晴,16,4歳以上1勝クラス,
2024-01-27_小倉08R_牛若丸JS,202410010508,3390,障,良,晴,14,牛若丸JS,OP
2024-01-27_小倉09R_足立山特別,202410010509,2600,芝,良,晴,14,足立山特別,
2024-01-27_小倉10R_平尾台特別,202410010510,1700,ダ,良,晴,16,平尾台特別,
2024-01-27_小倉11R_周防灘特別,202410010511,1200,芝,良,晴,10,周防灘特別,
2024-01-27_小倉12R_4歳以上1勝クラス,202410010512,1200,芝,良,晴,18,4歳以上1勝クラス,
2024-01-28_小倉01R_3歳未勝利,202410010601,1700,ダ,良,晴,11,3歳未勝利,
2024-01-28_小倉02R_3歳未勝利,202410010602,1200,芝,良,晴,16,3歳未勝利,
2024-01-28_小倉03R_4歳以上1勝クラス,202410010603,1000,ダ,良,曇,14,4歳以上1勝クラス,
2024-01-28_小倉04R_4歳以上障害未勝利,202410010604,2860,障,良,雨,12,4歳以上障害未勝利,
2024-01-28_小倉05R_3歳新馬,202410010605,1200,芝,良,小雨,14,3歳新馬,
2024-01-28_小倉06R_3歳未勝利,202410010606,2000,芝,良,小雨,15,3歳未勝利,
2024-01-28_小倉07R_4歳以上1勝クラス,202410010607,1700,ダ,良,小雨,14,4歳以上1勝クラス,
2024-01-28_小倉08R_4歳以上1勝クラス,202410010608,1200,芝,良,小雨,14,4歳以上1勝クラス,
2024-01-28_小倉09R_くすのき賞,202410010609,1700,ダ,良,小雨,10,くすのき賞,
2024-01-28_小倉10R_日田特別,202410010610,1800,芝,稍,曇,16,日田特別,
2024-01-28_小倉11R_巌流島S,202410010611,1200,芝,稍,曇,18,巌流島S,
2024-01-28_小倉12R_4歳以上1勝クラス,202410010612,2000,芝,稍,晴,13,4歳以上1勝クラス,
2024-02-03_小倉01R_3歳未勝利,202410010701,1700,ダ,良,曇,16,3歳未勝利,
2024-02-03_小倉02R_3歳未勝利,202410010702,2000,芝,良,曇,14,3歳未勝利,
2024-02-03_小倉03R_3歳未勝利,202410010703,1000,ダ,良,曇,14,3歳未勝利,
2024-02-03_小倉04R_4歳以上障害OP,202410010704,3390,障,良,曇,14,4歳以上障害OP,OP
2024-02-03_小倉05R_4歳以上障害未勝利,202410010705,2860,障,良,曇,12,4歳以上障害未勝利,
2024-02-03_小倉06R_3歳未勝利,202410010706,1800,芝,良,曇,12,3歳未勝利,
2024-02-03_小倉07R_4歳以上1勝クラス,202410010707,2600,芝,良,小雨,15,4歳以上1勝クラス,
2024-02-03_小倉08R_4歳以上1勝クラス,202410010708,1700,ダ,良,小雨,16,4歳以上1勝クラス,
2024-02-03_小倉09R_かささぎ賞,202410010709,1200,芝,良,小雨,12,かささぎ賞,
2024-02-03_小倉10R_有田特別,202410010710,1000,ダ,良,小雨,14,有田特別,
2024-02-03_小倉11R_別府特別,202410010711,1800,芝,稍,小雨,11,別府特別,
2024-02-03_小倉12R_4歳以上1勝クラス,202410010712,2000,芝,稍,小雨,11,4歳以上1勝クラス,
2024-02-04_小倉01R_3歳未勝利,202410010801,1700,ダ,重,曇,15,3歳未勝利,
2024-02-04_小倉02R_3歳未勝利,202410010802,1800,芝,重,曇,12,3歳未勝利,
2024-02-04_小倉03R_4歳以上1勝クラス,202410010803,1000,ダ,重,曇,14,4歳以上1勝クラス,
2024-02-04_小倉04R_4歳以上障害未勝利,202410010804,2860,障,重,曇,12,4歳以上障害未勝利,
2024-02-04_小倉05R_3歳新馬,202410010805,2000,芝,重,曇,12,3歳新馬,
2024-02-04_小倉06R_3歳未勝利,202410010806,1200,芝,重,曇,18,3歳未勝利,
2024-02-04_小倉07R_3歳未勝利,202410010807,2000,芝,重,曇,10,3歳未勝利,
2024-02-04_小倉08R_4歳以上1勝クラス,202410010808,1700,ダ,重,曇,12,4歳以上1勝クラス,
2024-02-04_小倉09R_合馬特別,202410010809,1800,芝,重,曇,11,合馬特別,
2024-02-04_小倉10R_由布院特別,202410010810,1700,ダ,重,晴,16,由布院特別,
2024-02-04_小倉11R_小倉日経OP,202410010811,2000,芝,重,晴,9,小倉日経OP,OP
2024-02-04_小倉12R_4歳以上1勝クラス,202410010812,1200,芝,重,晴,14,4歳以上1勝クラス,
2024-02-10_小倉01R_3歳未勝利,202410020101,1700,ダ,稍,晴,14,3歳未勝利,
2024-02-10_小倉02R_3歳未勝利,202410020102,1800,芝,稍,晴,14,3歳未勝利,
2024-02-10_小倉03R_3歳未勝利,202410020103,1000,ダ,稍,晴,14,3歳未勝利,
2024-02-10_小倉04R_4歳以上障害未勝利,202410020104,2860,障,稍,晴,12,4歳以上障害未勝利,
2024-02-10_小倉05R_4歳以上障害OP,202410020105,2860,障,良,晴,12,4歳以上障害OP,OP
2024-02-10_小倉06R_3歳未勝利,202410020106,1800,芝,良,晴,12,3歳未勝利,
2024-02-10_小倉07R_4歳以上1勝クラス,202410020107,1700,ダ,稍,晴,11,4歳以上1勝クラス,
2024-02-10_小倉08R_4歳以上1勝クラス,202410020108,2000,芝,良,晴,11,4歳以上1勝クラス,
2024-02-10_小倉09R_帆柱山特別,202410020109,2600,芝,良,晴,8,帆柱山特別,
2024-02-10_小倉10R_大濠特別,202410020110,1200,芝,良,晴,14,大濠特別,
2024-02-10_小倉11R_紫川特別,202410020111,1700,ダ,良,晴,16,紫川特別,
2024-02-10_小倉12R_4歳以上1勝クラス,202410020112,1200,芝,良,晴,18,4歳以上1勝クラス,
2024-02-11_小倉01R_3歳未勝利,202410020201,1700,ダ,良,晴,15,3歳未勝利,
2024-02-11_小倉02R_3歳未勝利,202410020202,1200,芝,良,晴,18,3歳未勝利,
2024-02-11_小倉03R_4歳以上1勝クラス,202410020203,1000,ダ,良,晴,14,4歳以上1勝クラス,
2024-02-11_小倉04R_4歳以上障害未勝利,202410020204,2860,障,良,晴,12,4歳以上障害未勝利,
2024-02-11_小倉05R_3歳未勝利,202410020205,2000,芝,良,晴,10,3歳未勝利,
2024-02-11_小倉06R_3歳未勝利,202410020206,1200,芝,良,晴,18,3歳未勝利,
2024-02-11_小倉07R_4歳以上1勝クラス,202410020207,1800,芝,良,晴,13,4歳以上1勝クラス,
2024-02-11_小倉08R_4歳以上1勝クラス,202410020208,1700,ダ,良,晴,11,4歳以上1勝クラス,
2024-02-11_小倉09R_あすなろ賞,202410020209,2000,芝,良,晴,10,あすなろ賞,
2024-02-11_小倉10R_太宰府特別,202410020210,1800,芝,良,晴,13,太宰府特別,
2024-02-11_小倉11R_北九州短距離S,202410020211,1200,芝,良,晴,18,北九州短距離S,OP
2024-02-11_小倉12R_4歳以上1勝クラス,202410020212,1700,ダ,良,晴,13,4歳以上1勝クラス,
2024-02-17_小倉01R_3歳未勝利,202410020301,1700,ダ,良,晴,16,3歳未勝利,
2024-02-17_小倉02R_3歳未勝利,202410020302,1200,芝,良,晴,18,3歳未勝利,
2024-02-17_小倉03R_3歳未勝利,202410020303,1000,ダ,良,晴,14,3歳未勝利,
2024-02-17_小倉04R_4歳以上障害OP,202410020304,3390,障,良,晴,13,4歳以上障害OP,OP
2024-02-17_小倉05R_4歳以上障害未勝利,202410020305,2860,障,良,晴,12,4歳以上障害未勝利,
2024-02-17_小倉06R_3歳未勝利,202410020306,2000,芝,良,晴,17,3歳未勝利,
2024-02-17_小倉07R_4歳以上1勝クラス,202410020307,1700,ダ,良,晴,13,4歳以上1勝クラス,
2024-02-17_小倉08R_4歳以上1勝クラス,202410020308,1800,芝,良,晴,12,4歳以上1勝クラス,
2024-02-17_小倉09R_筑紫特別,202410020309,2000,芝,良,晴,9,筑紫特別,
2024-02-17_小倉10R_皿倉山特別,202410020310,2600,芝,良,晴,16,皿倉山特別,
2024-02-17_小倉11R_小倉城S,202410020311,1700,ダ,良,晴,16,小倉城S,
2024-02-17_小倉12R_4歳以上1勝クラス,202410020312,1200,芝,良,晴,18,4歳以上1勝クラス,
2024-02-18_小倉01R_3歳未勝利,202410020401,1700,ダ,良,晴,16,3歳未勝利,
2024-02-18_小倉02R_3歳未勝利,202410020402,1200,芝,良,晴,18,3歳未勝利,
2024-02-18_小倉03R_4歳以上1勝クラス,202410020403,1000,ダ,良,晴,14,4歳以上1勝クラス,
2024-02-18_小倉04R_4歳以上障害未勝利,202410020404,2860,障,良,晴,12,4歳以上障害未勝利,
2024-02-18_小倉05R_3歳未勝利,202410020405,2000,芝,良,晴,18,3歳未勝利,
2024-02-18_小倉06R_4歳以上1勝クラス,202410020406,2400,ダ,良,晴,13,4歳以上1勝クラス,
2024-02-18_小倉07R_3歳未勝利,202410020407,1800,芝,良,晴,16,3歳未勝利,
2024-02-18_小倉08R_4歳以上1勝クラス,202410020408,2000,芝,良,晴,9,4歳以上1勝クラス,
2024-02-18_小倉09R_伊万里特別,202410020409,1000,ダ,良,晴,14,伊万里特別,
2024-02-18_小倉10R_唐戸特別,202410020410,1200,芝,良,晴,18,唐戸特別,
2024-02-18_小倉11R_小倉大賞典,202410020411,1800,芝,良,晴,16,小倉大賞典,G3
2024-02-18_小倉12R_4歳以上1勝クラス,202410020412,1200,芝,良,晴,18,4歳以上1勝クラス,
2024-02-24_小倉01R_3歳未勝利,202410020501,1700,ダ,重,晴,16,3歳未勝利,
2024-02-24_小倉02R_3歳未勝利,202410020502,1200,芝,重,晴,18,3歳未勝利,
2024-02-24_小倉03R_3歳未勝利,202410020503,1000,ダ,重,晴,14,3歳未勝利,
2024-02-24_小倉04R_4歳以上障害未勝利,202410020504,2860,障,重,晴,10,4歳以上障害未勝利,
2024-02-24_小倉05R_3歳未勝利,202410020505,2000,芝,重,晴,18,3歳未勝利,
2024-02-24_小倉06R_4歳以上1勝クラス,202410020506,1800,芝,重,晴,13,4歳以上1勝クラス,
2024-02-24_小倉07R_4歳以上1勝クラス,202410020507,1700,ダ,重,晴,14,4歳以上1勝クラス,
2024-02-24_小倉08R_春麗JS,202410020508,3390,障,稍,晴,10,春麗JS,OP
2024-02-24_小倉09R_秋吉台特別,202410020509,1200,芝,稍,晴,14,秋吉台特別,
2024-02-24_小倉10R_筑後川特別,202410020510,1700,ダ,重,晴,16,筑後川特別,
2024-02-24_小倉11R_八代特別,202410020511,2000,芝,稍,晴,15,八代特別,
2024-02-24_小倉12R_4歳以上1勝クラス,202410020512,1200,芝,稍,晴,18,4歳以上1勝クラス,
2024-02-25_小倉01R_3歳未勝利,202410020601,1700,ダ,重,曇,16,3歳未勝利,
2024-02-25_小倉02R_3歳未勝利,202410020602,1800,芝,稍,曇,16,3歳未勝利,
2024-02-25_小倉03R_4歳以上1勝クラス,202410020603,1000,ダ,重,晴,14,4歳以上1勝クラス,
2024-02-25_小倉04R_4歳以上障害未勝利,202410020604,2860,障,稍,晴,10,4歳以上障害未勝利,
2024-02-25_小倉05R_3歳未勝利,202410020605,1800,芝,稍,晴,16,3歳未勝利,
2024-02-25_小倉06R_3歳未勝利,202410020606,1200,芝,稍,晴,18,3歳未勝利,
2024-02-25_小倉07R_4歳以上1勝クラス,202410020607,2600,芝,稍,晴,13,4歳以上1勝クラス,
2024-02-25_小倉08R_4歳以上1勝クラス,202410020608,1700,ダ,稍,晴,11,4歳以上1勝クラス,
2024-02-25_小倉09R_ネモフィラ賞,202410020609,1700,ダ,稍,晴,12,ネモフィラ賞,
2024-02-25_小倉10R_国東特別,202410020610,2000,芝,稍,晴,9,国東特別,
2024-02-25_小倉11R_下関S,202410020611,1200,芝,稍,晴,17,下関S,
2024-02-25_小倉12R_4歳以上1勝クラス,202410020612,1800,芝,稍,晴,10,4歳以上1勝クラス,
2024-03-02_小倉01R_3歳未勝利,202410020701,1800,芝,稍,曇,16,3歳未勝利,
2024-03-02_小倉02R_3歳未勝利,202410020702,1200,芝,稍,晴,18,3歳未勝利,
2024-03-02_小倉03R_3歳未勝利,202410020703,1000,ダ,重,晴,14,3歳未勝利,
2024-03-02_小倉04R_4歳以上障害OP,202410020704,2860,障,稍,晴,12,4歳以上障害OP,OP
2024-03-02_小倉05R_4歳以上障害未勝利,202410020705,2860,障,稍,晴,11,4歳以上障害未勝利,
2024-03-02_小倉06R_3歳未勝利,202410020706,2000,芝,稍,晴,15,3歳未勝利,
2024-03-02_小倉07R_3歳未勝利,202410020707,1700,ダ,稍,晴,16,3歳未勝利,
2024-03-02_小倉08R_4歳以上1勝クラス,202410020708,2000,芝,稍,晴,13,4歳以上1勝クラス,
2024-03-02_小倉09R_あざみ賞,202410020709,1200,芝,稍,晴,13,あざみ賞,
2024-03-02_小倉10R_高千穂特別,202410020710,1800,芝,稍,晴,13,高千穂特別,
2024-03-02_小倉11R_早鞆特別,202410020711,1700,ダ,稍,晴,16,早鞆特別,
2024-03-02_小倉12R_4歳以上1勝クラス,202410020712,1200,芝,稍,晴,18,4歳以上1勝クラス,
2024-03-03_小倉01R_3歳未勝利,202410020801,1200,芝,稍,曇,18,3歳未勝利,
2024-03-03_小倉02R_3歳未勝利,202410020802,1800,芝,稍,曇,14,3歳未勝利,
2024-03-03_小倉03R_4歳以上1勝クラス,202410020803,1000,ダ,稍,曇,14,4歳以上1勝クラス,
2024-03-03_小倉04R_4歳以上障害未勝利,202410020804,2860,障,稍,曇,12,4歳以上障害未勝利,
2024-03-03_小倉05R_3歳未勝利,202410020805,2000,芝,稍,晴,12,3歳未勝利,
2024-03-03_小倉06R_3歳未勝利,202410020806,1700,ダ,稍,晴,14,3歳未勝利,
2024-03-03_小倉07R_4歳以上1勝クラス,202410020807,1200,芝,稍,曇,16,4歳以上1勝クラス,
2024-03-03_小倉08R_4歳以上1勝クラス,202410020808,1700,ダ,稍,曇,11,4歳以上1勝クラス,
2024-03-03_小倉09R_脊振山特別,202410020809,2600,芝,稍,曇,11,脊振山特別,
2024-03-03_小倉10R_西日本新聞杯,202410020810,1200,芝,稍,曇,18,西日本新聞杯,
2024-03-03_小倉11R_関門橋S,202410020811,2000,芝,稍,曇,14,関門橋S,
2024-03-03_小倉12R_4歳以上1勝クラス,202410020812,1700,ダ,稍,曇,15,4歳以上1勝クラス,
2024-06-29_小倉01R_2歳未勝利,202410030101,1200,芝,良,曇,8,2歳未勝利,
2024-06-29_小倉02R_3歳未勝利,202410030102,1000,ダ,重,曇,14,3歳未勝利,
2024-06-29_小倉03R_3歳未勝利,202410030103,1200,芝,良,曇,18,3歳未勝利,
2024-06-29_小倉04R_3歳未勝利,202410030104,1800,芝,良,曇,16,3歳未勝利,
2024-06-29_小倉05R_2歳新馬,202410030105,1200,芝,良,曇,14,2歳新馬,
2024-06-29_小倉06R_2歳新馬,202410030106,1000,ダ,稍,曇,8,2歳新馬,
2024-06-29_小倉07R_3歳未勝利,202410030107,1700,ダ,稍,曇,16,3歳未勝利,
2024-06-29_小倉08R_3歳以上1勝クラス,202410030108,1800,芝,良,曇,12,3歳以上1勝クラス,
2024-06-29_小倉09R_英彦山特別,202410030109,2600,芝,良,曇,11,英彦山特別,
2024-06-29_小倉10R_熊本城特別,202410030110,1700,ダ,稍,曇,16,熊本城特別,
2024-06-29_小倉11R_博多S,202410030111,1800,芝,良,曇,13,博多S,
2024-06-29_小倉12R_3歳以上1勝クラス,202410030112,1200,芝,良,曇,11,3歳以上1勝クラス,
2024-06-30_小倉01R_3歳以上障害未勝利,202410030201,2860,障,稍,小雨,10,3歳以上障害未勝利,
2024-06-30_小倉02R_3歳未勝利,202410030202,1200,芝,稍,小雨,18,3歳未勝利,
2024-06-30_小倉03R_3歳未勝利,202410030203,1700,ダ,重,曇,16,3歳未勝利,
2024-06-30_小倉04R_3歳未勝利,202410030204,2000,芝,稍,曇,18,3歳未勝利,
2024-06-30_小倉05R_2歳新馬,202410030205,1200,芝,稍,曇,13,2歳新馬,
2024-06-30_小倉06R_2歳新馬,202410030206,1200,芝,稍,曇,6,2歳新馬,
2024-06-30_小倉07R_3歳以上1勝クラス,202410030207,1000,ダ,重,曇,14,3歳以上1勝クラス,
2024-06-30_小倉08R_3歳以上1勝クラス,202410030208,1200,芝,稍,曇,17,3歳以上1勝クラス,
2024-06-30_小倉09R_柳川特別,202410030209,1800,芝,稍,曇,10,柳川特別,
2024-06-30_小倉10R_薩摩S,202410030210,1700,ダ,重,曇,16,薩摩S,
2024-06-30_小倉11R_北九州記念,202410030211,1200,芝,稍,曇,18,北九州記念,G3
2024-06-30_小倉12R_3歳以上1勝クラス,202410030212,1700,ダ,重,曇,16,3歳以上1勝クラス,
2024-07-06_小倉01R_3歳以上障害未勝利,202410030301,2860,障,良,晴,9,3歳以上障害未勝利,
2024-07-06_小倉02R_2歳未勝利,202410030302,1800,芝,良,晴,9,2歳未勝利,
2024-07-06_小倉03R_3歳未勝利,202410030303,1000,ダ,良,晴,14,3歳未勝利,
2024-07-06_小倉04R_3歳以上障害OP,202410030304,3390,障,良,晴,6,3歳以上障害OP,OP
2024-07-06_小倉05R_2歳新馬,202410030305,1200,芝,良,晴,6,2歳新馬,
2024-07-06_小倉06R_3歳未勝利,202410030306,1200,芝,良,晴,17,3歳未勝利,
2024-07-06_小倉07R_3歳未勝利,202410030307,1700,ダ,良,晴,16,3歳未勝利,
2024-07-06_小倉08R_3歳以上1勝クラス,202410030308,1800,芝,良,晴,16,3歳以上1勝クラス,
2024-07-06_小倉09R_若戸大橋特別,202410030309,2000,芝,良,晴,11,若戸大橋特別,
2024-07-06_小倉10R_西部スポニチ賞,202410030310,2600,芝,良,晴,9,西部スポニチ賞,
2024-07-06_小倉11R_釜山S,202410030311,1000,ダ,良,晴,12,釜山S,
2024-07-06_小倉12R_3歳以上1勝クラス,202410030312,1700,ダ,良,晴,16,3歳以上1勝クラス,
2024-07-07_小倉01R_2歳未勝利,202410030401,1200,芝,良,晴,18,2歳未勝利,
2024-07-07_小倉02R_3歳未勝利,202410030402,2000,芝,良,晴,18,3歳未勝利,
2024-07-07_小倉03R_3歳未勝利,202410030403,2600,芝,良,晴,16,3歳未勝利,
2024-07-07_小倉04R_3歳未勝利,202410030404,1700,ダ,良,晴,16,3歳未勝利,
2024-07-07_小倉05R_2歳新馬,202410030405,1800,芝,良,晴,7,2歳新馬,
2024-07-07_小倉06R_2歳新馬,202410030406,1200,芝,良,晴,7,2歳新馬,
2024-07-07_小倉07R_3歳未勝利,202410030407,1800,芝,良,晴,16,3歳未勝利,
2024-07-07_小倉08R_3歳以上1勝クラス,202410030408,1000,ダ,良,晴,14,3歳以上1勝クラス,
2024-07-07_小倉09R_八女特別,202410030409,1700,ダ,良,晴,12,八女特別,
2024-07-07_小倉10R_耶馬渓特別,202410030410,1200,芝,良,曇,15,耶馬渓特別,
2024-07-07_小倉11R_プロキオンS,202410030411,1700,ダ,良,曇,16,プロキオンS,G3
2024-07-07_小倉12R_3歳以上1勝クラス,202410030412,1200,芝,良,晴,9,3歳以上1勝クラス,
2024-07-13_小倉01R_2歳未勝利,202410030501,1000,ダ,稍,曇,7,2歳未勝利,
2024-07-13_小倉02R_3歳未勝利,202410030502,1800,芝,良,曇,16,3歳未勝利,
2024-07-13_小倉03R_3歳未勝利,202410030503,1200,芝,良,曇,18,3歳未勝利,
2024-07-13_小倉04R_3歳未勝利,202410030504,1700,ダ,稍,曇,16,3歳未勝利,
2024-07-13_小倉05R_2歳新馬,202410030505,1800,芝,良,曇,7,2歳新馬,
2024-07-13_小倉06R_3歳未勝利,202410030506,1200,芝,良,曇,18,3歳未勝利,
2024-07-13_小倉07R_3歳以上1勝クラス,202410030507,1700,ダ,良,曇,16,3歳以上1勝クラス,
2024-07-13_小倉08R_3歳以上1勝クラス,202410030508,2000,芝,良,曇,14,3歳以上1勝クラス,
2024-07-13_小倉09R_雲仙特別,202410030509,1000,ダ,良,曇,14,雲仙特別,
2024-07-13_小倉10R_不知火特別,202410030510,1800,芝,良,曇,15,不知火特別,
2024-07-13_小倉11R_宮崎S,202410030511,1700,ダ,良,雨,16,宮崎S,
2024-07-13_小倉12R_3歳以上1勝クラス,202410030512,1200,芝,良,曇,11,3歳以上1勝クラス,
2024-07-14_小倉01R_3歳以上障害未勝利,202410030601,2860,障,稍,雨,5,3歳以上障害未勝利,
2024-07-14_小倉02R_2歳未勝利,202410030602,1200,芝,稍,雨,9,2歳未勝利,
2024-07-14_小倉03R_3歳未勝利,202410030603,1700,ダ,重,雨,16,3歳未勝利,
2024-07-14_小倉04R_3歳未勝利,202410030604,2000,芝,重,雨,18,3歳未勝利,
2024-07-14_小倉05R_2歳新馬,202410030605,2000,芝,不,雨,7,2歳新馬,
2024-07-14_小倉06R_2歳新馬,202410030606,1200,芝,不,雨,8,2歳新馬,
2024-07-14_小倉07R_3歳未勝利,202410030607,1000,ダ,不,雨,14,3歳未勝利,
2024-07-14_小倉08R_3歳以上1勝クラス,202410030608,1200,芝,不,雨,9,3歳以上1勝クラス,
2024-07-14_小倉09R_青島特別,202410030609,1800,芝,不,雨,10,青島特別,
2024-07-14_小倉10R_西部日刊S杯,202410030610,1700,ダ,不,雨,15,西部日刊S杯,
2024-07-14_小倉11R_佐世保S,202410030611,1200,芝,不,雨,18,佐世保S,
2024-07-14_小倉12R_3歳以上1勝クラス,202410030612,1700,ダ,不,雨,16,3歳以上1勝クラス,
2024-07-20_小倉01R_3歳以上障害OP,202410030701,2860,障,稍,曇,10,3歳以上障害OP,OP
2024-07-20_小倉02R_3歳未勝利,202410030702,1800,芝,稍,曇,16,3歳未勝利,
2024-07-20_小倉03R_3歳未勝利,202410030703,1000,ダ,重,曇,14,3歳未勝利,
2024-07-20_小倉04R_3歳以上障害未勝利,202410030704,2860,障,稍,曇,7,3歳以上障害未勝利,
2024-07-20_小倉05R_2歳新馬,202410030705,1800,芝,稍,曇,9,2歳新馬,
2024-07-20_小倉06R_3歳未勝利,202410030706,1700,ダ,重,曇,16,3歳未勝利,
2024-07-20_小倉07R_3歳以上1勝クラス,202410030707,2000,芝,稍,曇,11,3歳以上1勝クラス,
2024-07-20_小倉08R_3歳以上1勝クラス,202410030708,1700,ダ,重,曇,15,3歳以上1勝クラス,
2024-07-20_小倉09R_ひまわり賞,202410030709,1200,芝,稍,曇,18,ひまわり賞,OP
2024-07-20_小倉10R_天草特別,202410030710,1700,ダ,重,曇,16,天草特別,
2024-07-20_小倉11R_テレQ杯,202410030711,2000,芝,稍,晴,12,テレQ杯,
2024-07-20_小倉12R_3歳以上1勝クラス,202410030712,1200,芝,稍,晴,18,3歳以上1勝クラス,
2024-07-21_小倉01R_2歳未勝利,202410030801,1800,芝,良,晴,9,2歳未勝利,
2024-07-21_小倉02R_3歳未勝利,202410030802,1200,芝,良,晴,18,3歳未勝利,
2024-07-21_小倉03R_3歳未勝利,202410030803,1700,ダ,稍,小雨,16,3歳未勝利,
2024-07-21_小倉04R_3歳未勝利,202410030804,2000,芝,良,曇,18,3歳未勝利,
2024-07-21_小倉05R_2歳新馬,202410030805,1200,芝,良,曇,14,2歳新馬,
2024-07-21_小倉06R_3歳未勝利,202410030806,1700,ダ,稍,曇,16,3歳未勝利,
2024-07-21_小倉07R_3歳以上1勝クラス,202410030807,1800,芝,良,曇,12,3歳以上1勝クラス,
2024-07-21_小倉08R_3歳以上1勝クラス,202410030808,1000,ダ,稍,晴,12,3歳以上1勝クラス,
2024-07-21_小倉09R_宗像特別,202410030809,2000,芝,良,曇,18,宗像特別,
2024-07-21_小倉10R_九州スポーツ杯,202410030810,1200,芝,良,曇,18,九州スポーツ杯,
2024-07-21_小倉11R_中京記念,202410030811,1800,芝,良,晴,14,中京記念,G3
2024-07-21_小倉12R_3歳以上1勝クラス,202410030812,1700,ダ,稍,晴,15,3歳以上1勝クラス,
2026-09-19_中山09R_カンナS,202606040509,1200,芝,良,雨,9,カンナS,OP
2026-09-19_中山10R_九十九里特別,202606040510,2500,芝,良,曇,12,九十九里特別,
2026-09-19_中山11R_ながつきS,202606040511,1800,ダ,良,曇,14,ながつきS,OP
2026-09-19_中山12R_3歳以上1勝クラス,202606040512,1200,ダ,良,雨,16,3歳以上1勝クラス,
2026-09-20_中山09R_松戸特別,202606040609,2400,ダ,不,雨,12,松戸特別,
2026-09-20_中山10R_汐留特別,202606040610,1200,ダ,不,雨,16,汐留特別,
2026-09-20_中山11R_オールカマー,202606040611,2200,芝,重,雨,13,オールカマー,G2
2026-09-20_中山12R_3歳以上1勝クラス,202606040612,1200,芝,重,雨,16,3歳以上1勝クラス,
2026-09-19_阪神09R_3歳以上1勝クラス,202609040509,1800,ダ,良,晴,14,3歳以上1勝クラス,
2026-09-19_阪神10R_北摂特別,202609040510,1200,芝,良,晴,15,北摂特別,
2026-09-19_阪神11R_大阪スポーツ杯,202609040511,1400,ダ,良,晴,16,大阪スポーツ杯,
2026-09-19_阪神12R_3歳以上1勝クラス,202609040512,1200,ダ,良,晴,16,3歳以上1勝クラス,
2026-09-20_阪神09R_夕月特別,202609040609,2000,芝,良,曇,10,夕月特別,
2026-09-20_阪神10R_鳥取特別,202609040610,1800,ダ,良,曇,15,鳥取特別,
2026-09-20_阪神11R_道頓堀S,202609040611,1200,芝,良,曇,16,道頓堀S,
2026-09-20_阪神12R_3歳以上1勝クラス,202609040612,1400,ダ,良,曇,15,3歳以上1勝クラス,
